match_date,league,home_team,away_team,p_home,p_draw,p_away,predicted_result,actual_result,correct
2020-08-21,Ligue1,Bordeaux,Nantes,0.38,0.2974,0.3226,H,D,0
2020-08-22,Ligue1,Dijon,Angers,0.4489,0.3212,0.2299,H,A,0
2020-08-22,Ligue1,Lille,Rennes,0.4839,0.2569,0.2591,H,D,0
2020-08-23,Ligue1,Monaco,Reims,0.6273,0.2331,0.1396,H,D,0
2020-08-23,Ligue1,Lorient,Strasbourg,0.2286,0.2348,0.5366,A,H,0
2020-08-23,Ligue1,Nimes,Brest,0.3747,0.2746,0.3507,H,H,1
2020-08-23,Ligue1,Nice,Lens,0.509,0.2611,0.23,H,H,1
2020-08-28,Ligue1,Lyon,Dijon,0.5609,0.2405,0.1986,H,H,1
2020-08-29,Ligue1,Rennes,Montpellier,0.7572,0.1612,0.0816,H,H,1
2020-08-29,Ligue1,Strasbourg,Nice,0.3372,0.262,0.4008,A,A,1
2020-08-30,Ligue1,Brest,Marseille,0.2799,0.207,0.5131,A,A,1
2020-08-30,Ligue1,Angers,Bordeaux,0.3255,0.3142,0.3603,A,A,1
2020-08-30,Ligue1,Metz,Monaco,0.1697,0.2098,0.6205,A,A,1
2020-08-30,Ligue1,Nantes,Nimes,0.3397,0.3182,0.3421,A,H,0
2020-08-30,Ligue1,St Etienne,Lorient,0.385,0.2264,0.3886,A,H,0
2020-08-30,Ligue1,Reims,Lille,0.198,0.3053,0.4967,A,A,1
2020-09-10,Ligue1,Lens,Paris SG,0.2038,0.2261,0.5701,A,H,0
2020-09-11,Ligue1,Bordeaux,Lyon,0.2264,0.2328,0.5407,A,D,0
2020-09-12,LaLiga,Granada,Ath Bilbao,0.0936,0.198,0.7084,A,H,0
2020-09-12,Ligue1,Montpellier,Nice,0.0704,0.1542,0.7754,A,H,0
2020-09-12,Ligue1,St Etienne,Strasbourg,0.1939,0.2054,0.6007,A,H,0
2020-09-12,LaLiga,Eibar,Celta,0.3409,0.2777,0.3814,A,D,0
2020-09-12,LaLiga,Cadiz,Osasuna,0.2029,0.2932,0.5039,A,A,1
2020-09-12,EPL,Fulham,Arsenal,0.1963,0.2435,0.5602,A,A,1
2020-09-12,EPL,Crystal Palace,Southampton,0.7629,0.1608,0.0763,H,H,1
2020-09-12,EPL,Liverpool,Leeds,0.8487,0.0942,0.0559,H,H,1
2020-09-12,EPL,West Ham,Newcastle,0.2242,0.2252,0.5506,A,A,1
2020-09-13,Ligue1,Lorient,Lens,0.2613,0.2618,0.4768,A,A,1
2020-09-13,Ligue1,Nimes,Rennes,0.3244,0.2825,0.3931,A,A,1
2020-09-13,Ligue1,Dijon,Brest,0.3685,0.2752,0.3563,H,A,0
2020-09-13,Ligue1,Angers,Reims,0.3311,0.3523,0.3166,D,H,0
2020-09-13,Ligue1,Lille,Metz,0.6396,0.2211,0.1393,H,H,1
2020-09-13,EPL,West Brom,Leicester,0.5827,0.2632,0.1541,H,A,0
2020-09-13,LaLiga,Valencia,Levante,0.4184,0.2855,0.296,H,H,1
2020-09-13,LaLiga,Villarreal,Huesca,0.5618,0.2394,0.1988,H,D,0
2020-09-13,LaLiga,Valladolid,Sociedad,0.1582,0.2434,0.5983,A,D,0
2020-09-13,LaLiga,Alaves,Betis,0.298,0.2938,0.4082,A,A,1
2020-09-13,EPL,Tottenham,Everton,0.3303,0.2749,0.3949,A,A,1
2020-09-13,Ligue1,Monaco,Nantes,0.6264,0.2166,0.1569,H,H,1
2020-09-13,Ligue1,Paris SG,Marseille,0.6191,0.1792,0.2015,H,A,0
2020-09-14,EPL,Brighton,Chelsea,0.3392,0.2456,0.4152,A,A,1
2020-09-14,EPL,Sheffield United,Wolves,0.1817,0.198,0.6203,A,A,1
2020-09-15,Ligue1,Montpellier,Lyon,0.081,0.1512,0.7677,A,H,0
2020-09-16,Ligue1,Paris SG,Metz,0.8356,0.1068,0.0571,H,H,1
2020-09-17,Ligue1,Marseille,St Etienne,0.7779,0.1238,0.0975,H,A,0
2020-09-18,Ligue1,Lyon,Nimes,0.5552,0.2418,0.203,H,D,0
2020-09-18,Bundesliga,Bayern Munich,Schalke 04,0.9023,0.0653,0.0298,H,H,1
2020-09-19,Bundesliga,Union Berlin,Augsburg,0.3749,0.3118,0.3133,H,A,0
2020-09-19,EPL,Man United,Crystal Palace,0.3247,0.2719,0.4034,A,A,1
2020-09-19,EPL,Leeds,Fulham,0.2331,0.2187,0.5482,A,H,0
2020-09-19,EPL,Everton,West Brom,0.416,0.3357,0.2483,H,H,1
2020-09-19,Bundesliga,Dortmund,M'gladbach,0.6488,0.1746,0.1765,H,H,1
2020-09-19,SerieA,Verona,Roma,0.1231,0.2399,0.6369,A,D,0
2020-09-19,SerieA,Fiorentina,Torino,0.5298,0.2697,0.2005,H,H,1
2020-09-19,LaLiga,Villarreal,Eibar,0.5645,0.2386,0.1969,H,H,1
2020-09-19,LaLiga,Celta,Valencia,0.4623,0.2486,0.2892,H,H,1
2020-09-19,LaLiga,Getafe,Osasuna,0.3221,0.3072,0.3706,A,H,0
2020-09-19,Bundesliga,Ein Frankfurt,Bielefeld,0.577,0.243,0.18,H,D,0
2020-09-19,Bundesliga,FC Koln,Hoffenheim,0.3118,0.2509,0.4373,A,A,1
2020-09-19,Bundesliga,Stuttgart,Freiburg,0.5525,0.2152,0.2323,H,A,0
2020-09-19,Ligue1,Rennes,Monaco,0.3181,0.2372,0.4447,A,H,0
2020-09-19,EPL,Arsenal,West Ham,0.6976,0.1915,0.1109,H,H,1
2020-09-19,Ligue1,Lens,Bordeaux,0.503,0.2792,0.2178,H,H,1
2020-09-19,Bundesliga,Werder Bremen,Hertha,0.6359,0.194,0.1701,H,A,0
2020-09-20,Ligue1,Metz,Reims,0.3596,0.3162,0.3242,H,H,1
2020-09-20,Ligue1,Brest,Lorient,0.5451,0.215,0.24,H,H,1
2020-09-20,SerieA,Parma,Napoli,0.1821,0.2653,0.5526,A,A,1
2020-09-20,Ligue1,Nice,Paris SG,0.305,0.2276,0.4674,A,A,1
2020-09-20,SerieA,Genoa,Crotone,0.3958,0.3174,0.2868,H,H,1
2020-09-20,SerieA,Sassuolo,Cagliari,0.3035,0.2488,0.4477,A,D,0
2020-09-20,SerieA,Juventus,Sampdoria,0.7873,0.1489,0.0637,H,H,1
2020-09-20,EPL,Southampton,Tottenham,0.1499,0.1997,0.6504,A,A,1
2020-09-20,EPL,Leicester,Burnley,0.2916,0.2707,0.4377,A,H,0
2020-09-20,EPL,Chelsea,Liverpool,0.3342,0.2477,0.4181,A,A,1
2020-09-20,Ligue1,Montpellier,Angers,0.2308,0.3119,0.4573,A,H,0
2020-09-20,Bundesliga,Wolfsburg,Leverkusen,0.2226,0.2247,0.5527,A,D,0
2020-09-20,Bundesliga,RB Leipzig,Mainz,0.3911,0.2616,0.3472,H,H,1
2020-09-20,Ligue1,Strasbourg,Dijon,0.5017,0.2799,0.2184,H,H,1
2020-09-20,Ligue1,Nantes,St Etienne,0.4947,0.2415,0.2638,H,D,0
2020-09-20,Ligue1,Marseille,Lille,0.4295,0.2475,0.323,H,D,0
2020-09-20,EPL,Newcastle,Brighton,0.5446,0.2091,0.2464,H,A,0
2020-09-20,LaLiga,Granada,Alaves,0.2267,0.2839,0.4893,A,H,0
2020-09-20,LaLiga,Sociedad,Real Madrid,0.1527,0.225,0.6223,A,D,0
2020-09-20,LaLiga,Huesca,Cadiz,0.5075,0.3179,0.1746,H,A,0
2020-09-20,LaLiga,Betis,Valladolid,0.8369,0.1095,0.0533,H,H,1
2020-09-21,SerieA,Milan,Bologna,0.4636,0.2429,0.2934,H,H,1
2020-09-21,EPL,Wolves,Man City,0.1751,0.2127,0.6122,A,A,1
2020-09-21,EPL,Aston Villa,Sheffield United,0.812,0.1212,0.0666,H,H,1
2020-09-25,Ligue1,Lille,Nantes,0.5674,0.259,0.1735,H,H,1
2020-09-25,Bundesliga,Hertha,Ein Frankfurt,0.157,0.1839,0.659,A,A,1
2020-09-26,Ligue1,St Etienne,Rennes,0.2285,0.2038,0.5677,A,A,1
2020-09-26,Ligue1,Marseille,Metz,0.7173,0.1626,0.12,H,D,0
2020-09-26,SerieA,Torino,Atalanta,0.1794,0.2531,0.5675,A,A,1
2020-09-26,SerieA,Inter,Fiorentina,0.5758,0.2278,0.1964,H,H,1
2020-09-26,Bundesliga,Schalke 04,Werder Bremen,0.2283,0.2245,0.5471,A,A,1
2020-09-26,Bundesliga,M'gladbach,Union Berlin,0.5033,0.2424,0.2543,H,D,0
2020-09-26,Bundesliga,Leverkusen,RB Leipzig,0.5668,0.2181,0.2151,H,D,0
2020-09-26,Bundesliga,Bielefeld,FC Koln,0.4615,0.304,0.2344,H,H,1
2020-09-26,SerieA,Sampdoria,Benevento,0.1941,0.275,0.5309,A,A,1
2020-09-26,EPL,Brighton,Man United,0.5049,0.2359,0.2592,H,A,0
2020-09-26,EPL,Crystal Palace,Everton,0.3914,0.3033,0.3053,H,A,0
2020-09-26,Bundesliga,Mainz,Stuttgart,0.3942,0.2448,0.361,H,A,0
2020-09-26,EPL,Burnley,Southampton,0.5892,0.2363,0.1745,H,A,0
2020-09-26,LaLiga,Alaves,Getafe,0.3647,0.3561,0.2792,H,D,0
2020-09-26,EPL,West Brom,Chelsea,0.2532,0.2951,0.4517,A,D,0
2020-09-26,LaLiga,Elche,Sociedad,0.2951,0.3163,0.3885,A,A,1
2020-09-26,LaLiga,Betis,Real Madrid,0.2417,0.2222,0.5361,A,A,1
2020-09-26,Bundesliga,Augsburg,Dortmund,0.1851,0.2255,0.5894,A,H,0
2020-09-26,LaLiga,Valencia,Huesca,0.3904,0.3078,0.3018,H,D,0
2020-09-26,SerieA,Cagliari,Lazio,0.2648,0.2545,0.4807,A,A,1
2020-09-27,Ligue1,Bordeaux,Nice,0.1946,0.2404,0.565,A,D,0
2020-09-27,Ligue1,Angers,Brest,0.2758,0.2676,0.4565,A,H,0
2020-09-27,Ligue1,Dijon,Montpellier,0.619,0.2535,0.1275,H,D,0
2020-09-27,Ligue1,Monaco,Strasbourg,0.4721,0.2472,0.2807,H,H,1
2020-09-27,Ligue1,Reims,Paris SG,0.1104,0.1925,0.6971,A,A,1
2020-09-27,Bundesliga,Freiburg,Wolfsburg,0.4152,0.2549,0.33,H,D,0
2020-09-27,Bundesliga,Hoffenheim,Bayern Munich,0.0887,0.1209,0.7897,A,H,0
2020-09-27,EPL,Man City,Leicester,0.8394,0.1153,0.0451,H,A,0
2020-09-27,SerieA,Napoli,Genoa,0.5804,0.2679,0.1517,H,H,1
2020-09-27,EPL,West Ham,Wolves,0.3984,0.2544,0.3471,H,H,1
2020-09-27,SerieA,Spezia,Sassuolo,0.3693,0.2664,0.3643,H,A,0
2020-09-27,LaLiga,Barcelona,Villarreal,0.6335,0.1768,0.1895,H,H,1
2020-09-27,LaLiga,Valladolid,Celta,0.0945,0.1507,0.7547,A,D,0
2020-09-27,LaLiga,Cadiz,Sevilla,0.2479,0.3099,0.4422,A,A,1
2020-09-27,LaLiga,Ath Madrid,Granada,0.855,0.1009,0.0437,H,H,1
2020-09-27,LaLiga,Eibar,Ath Bilbao,0.1978,0.3306,0.4715,A,A,1
2020-09-27,LaLiga,Osasuna,Levante,0.4438,0.2772,0.2789,H,A,0
2020-09-27,EPL,Sheffield United,Leeds,0.3066,0.2198,0.4737,A,A,1
2020-09-27,Ligue1,Lorient,Lyon,0.2024,0.1999,0.5977,A,D,0
2020-09-27,Ligue1,Nimes,Lens,0.3075,0.3202,0.3723,A,D,0
2020-09-27,SerieA,Verona,Udinese,0.3256,0.3032,0.3712,A,H,0
2020-09-27,EPL,Tottenham,Newcastle,0.2426,0.2064,0.5509,A,D,0
2020-09-27,SerieA,Roma,Juventus,0.4392,0.2964,0.2644,H,D,0
2020-09-27,SerieA,Crotone,Milan,0.2433,0.2669,0.4898,A,A,1
2020-09-28,EPL,Liverpool,Arsenal,0.3703,0.256,0.3738,A,H,0
2020-09-28,EPL,Fulham,Aston Villa,0.3299,0.2598,0.4103,A,A,1
2020-09-28,SerieA,Bologna,Parma,0.5415,0.2414,0.2171,H,H,1
2020-09-29,LaLiga,Sociedad,Valencia,0.3377,0.3039,0.3585,A,A,1
2020-09-29,LaLiga,Getafe,Betis,0.2851,0.2812,0.4337,A,H,0
2020-09-30,LaLiga,Huesca,Ath Madrid,0.1819,0.2672,0.5509,A,D,0
2020-09-30,LaLiga,Real Madrid,Valladolid,0.9311,0.0495,0.0165,H,H,1
2020-09-30,LaLiga,Eibar,Elche,0.4853,0.3028,0.2119,H,A,0
2020-09-30,SerieA,Benevento,Inter,0.1494,0.2401,0.6105,A,A,1
2020-09-30,SerieA,Udinese,Spezia,0.498,0.2741,0.2279,H,A,0
2020-09-30,SerieA,Lazio,Atalanta,0.2729,0.2427,0.4844,A,A,1
2020-09-30,LaLiga,Villarreal,Alaves,0.5614,0.2489,0.1897,H,H,1
2020-10-01,LaLiga,Ath Bilbao,Cadiz,0.671,0.2478,0.0812,H,A,0
2020-10-01,LaLiga,Sevilla,Levante,0.3785,0.2848,0.3367,H,H,1
2020-10-01,LaLiga,Celta,Barcelona,0.1772,0.177,0.6458,A,A,1
2020-10-02,Bundesliga,Union Berlin,Mainz,0.2458,0.2709,0.4832,A,H,0
2020-10-02,Ligue1,Paris SG,Angers,0.8068,0.1309,0.0622,H,H,1
2020-10-02,SerieA,Fiorentina,Sampdoria,0.7946,0.1381,0.0672,H,A,0
2020-10-03,LaLiga,Sociedad,Getafe,0.3591,0.3346,0.3063,H,H,1
2020-10-03,LaLiga,Valencia,Betis,0.3346,0.2589,0.4065,A,A,1
2020-10-03,LaLiga,Elche,Huesca,0.2641,0.3182,0.4177,A,D,0
2020-10-03,SerieA,Udinese,Roma,0.1553,0.2461,0.5986,A,A,1
2020-10-03,LaLiga,Valladolid,Eibar,0.1387,0.236,0.6252,A,A,1
2020-10-03,Bundesliga,RB Leipzig,Schalke 04,0.6723,0.1872,0.1405,H,H,1
2020-10-03,Bundesliga,Werder Bremen,Bielefeld,0.4774,0.2737,0.2489,H,H,1
2020-10-03,Bundesliga,FC Koln,M'gladbach,0.2575,0.245,0.4975,A,A,1
2020-10-03,Bundesliga,Ein Frankfurt,Hoffenheim,0.6488,0.1809,0.1701,H,H,1
2020-10-03,SerieA,Sassuolo,Crotone,0.2781,0.2719,0.4501,A,H,0
2020-10-03,LaLiga,Ath Madrid,Villarreal,0.5392,0.2251,0.2357,H,D,0
2020-10-03,Bundesliga,Stuttgart,Leverkusen,0.331,0.226,0.443,A,D,0
2020-10-03,Bundesliga,Dortmund,Freiburg,0.6269,0.1917,0.1813,H,H,1
2020-10-03,Ligue1,Nice,Nantes,0.6326,0.2192,0.1482,H,H,1
2020-10-03,Ligue1,Lens,St Etienne,0.6217,0.2095,0.1688,H,H,1
2020-10-03,EPL,Chelsea,Crystal Palace,0.4789,0.2598,0.2613,H,H,1
2020-10-03,EPL,Everton,Brighton,0.3899,0.2771,0.333,H,H,1
2020-10-03,EPL,Leeds,Man City,0.0896,0.1415,0.7687,A,D,0
2020-10-03,EPL,Newcastle,Burnley,0.7323,0.1594,0.1082,H,H,1
2020-10-04,LaLiga,Levante,Real Madrid,0.1651,0.2189,0.616,A,A,1
2020-10-04,LaLiga,Alaves,Ath Bilbao,0.1891,0.3455,0.4654,A,H,0
2020-10-04,LaLiga,Osasuna,Celta,0.3916,0.2503,0.3581,H,H,1
2020-10-04,EPL,Leicester,West Ham,0.2196,0.2574,0.5231,A,A,1
2020-10-04,EPL,Southampton,West Brom,0.1571,0.2692,0.5738,A,H,0
2020-10-04,EPL,Arsenal,Sheffield United,0.8975,0.0737,0.0278,H,H,1
2020-10-04,EPL,Wolves,Fulham,0.3626,0.2527,0.3847,A,H,0
2020-10-04,EPL,Man United,Tottenham,0.4226,0.2454,0.332,H,A,0
2020-10-04,EPL,Aston Villa,Liverpool,0.2996,0.2368,0.4635,A,H,0
2020-10-04,SerieA,Benevento,Bologna,0.2766,0.2857,0.4377,A,H,0
2020-10-04,Bundesliga,Bayern Munich,Hertha,0.9056,0.0618,0.0293,H,H,1
2020-10-04,Bundesliga,Wolfsburg,Augsburg,0.4659,0.2802,0.2539,H,D,0
2020-10-04,SerieA,Milan,Spezia,0.7468,0.1636,0.0896,H,H,1
2020-10-04,SerieA,Parma,Verona,0.5022,0.2766,0.2211,H,H,1
2020-10-04,SerieA,Lazio,Inter,0.2333,0.2432,0.5235,A,D,0
2020-10-04,LaLiga,Cadiz,Granada,0.3972,0.3011,0.3017,H,D,0
2020-10-04,LaLiga,Barcelona,Sevilla,0.7873,0.1316,0.0808,H,D,0
2020-10-04,SerieA,Atalanta,Cagliari,0.7176,0.1726,0.1098,H,H,1
2020-10-04,Ligue1,Strasbourg,Lille,0.3625,0.2855,0.3521,H,A,0
2020-10-04,Ligue1,Rennes,Reims,0.5335,0.2677,0.1988,H,D,0
2020-10-04,Ligue1,Metz,Lorient,0.389,0.2559,0.3551,H,H,1
2020-10-04,Ligue1,Lyon,Marseille,0.4201,0.214,0.3658,H,D,0
2020-10-04,Ligue1,Bordeaux,Dijon,0.341,0.3142,0.3447,A,H,0
2020-10-04,Ligue1,Brest,Monaco,0.2698,0.2217,0.5085,A,H,0
2020-10-04,Ligue1,Montpellier,Nimes,0.1647,0.2803,0.555,A,A,1
2020-10-16,Ligue1,Dijon,Rennes,0.3187,0.2826,0.3987,A,D,0
2020-10-16,Ligue1,Nimes,Paris SG,0.1505,0.2098,0.6396,A,A,1
2020-10-17,Bundesliga,Bielefeld,Bayern Munich,0.1084,0.1818,0.7097,A,A,1
2020-10-17,Bundesliga,Mainz,Leverkusen,0.3001,0.2505,0.4494,A,A,1
2020-10-17,LaLiga,Granada,Sevilla,0.2441,0.245,0.5109,A,H,0
2020-10-17,Bundesliga,Hertha,Stuttgart,0.164,0.179,0.6569,A,A,1
2020-10-17,Bundesliga,Freiburg,Werder Bremen,0.3887,0.2488,0.3625,H,D,0
2020-10-17,Bundesliga,Augsburg,RB Leipzig,0.2615,0.2771,0.4614,A,A,1
2020-10-17,SerieA,Napoli,Atalanta,0.3856,0.2852,0.3291,H,H,1
2020-10-17,Ligue1,Reims,Lorient,0.382,0.2973,0.3207,H,A,0
2020-10-17,Ligue1,Marseille,Bordeaux,0.6534,0.1929,0.1536,H,H,1
2020-10-17,SerieA,Crotone,Juventus,0.2298,0.2958,0.4744,A,D,0
2020-10-17,SerieA,Sampdoria,Lazio,0.1156,0.1885,0.6958,A,H,0
2020-10-17,SerieA,Inter,Milan,0.5695,0.2242,0.2064,H,A,0
2020-10-17,Bundesliga,M'gladbach,Wolfsburg,0.4262,0.2377,0.3361,H,D,0
2020-10-17,LaLiga,Celta,Ath Madrid,0.2217,0.2273,0.551,A,A,1
2020-10-17,Bundesliga,Hoffenheim,Dortmund,0.1928,0.1785,0.6286,A,A,1
2020-10-17,EPL,Everton,Liverpool,0.2509,0.2673,0.4818,A,D,0
2020-10-17,LaLiga,Real Madrid,Cadiz,0.7957,0.1472,0.057,H,A,0
2020-10-17,LaLiga,Getafe,Barcelona,0.1295,0.197,0.6735,A,H,0
2020-10-17,EPL,Chelsea,Southampton,0.8076,0.1379,0.0544,H,D,0
2020-10-17,EPL,Man City,Arsenal,0.3757,0.2788,0.3455,H,H,1
2020-10-17,EPL,Newcastle,Man United,0.5959,0.2199,0.1842,H,A,0
2020-10-18,Ligue1,Angers,Metz,0.3734,0.3017,0.3249,H,D,0
2020-10-18,Ligue1,Monaco,Montpellier,0.833,0.1181,0.0488,H,D,0
2020-10-18,SerieA,Bologna,Sassuolo,0.7055,0.1721,0.1224,H,A,0
2020-10-18,SerieA,Spezia,Fiorentina,0.1383,0.212,0.6497,A,D,0
2020-10-18,Ligue1,St Etienne,Nice,0.1398,0.1709,0.6892,A,A,1
2020-10-18,Ligue1,Lille,Lens,0.4507,0.294,0.2552,H,H,1
2020-10-18,SerieA,Torino,Cagliari,0.4065,0.304,0.2896,H,A,0
2020-10-18,LaLiga,Betis,Sociedad,0.5261,0.2548,0.2192,H,A,0
2020-10-18,SerieA,Udinese,Parma,0.3434,0.2808,0.3758,A,H,0
2020-10-18,Ligue1,Strasbourg,Lyon,0.3894,0.2447,0.3659,H,A,0
2020-10-18,LaLiga,Huesca,Valladolid,0.6986,0.2017,0.0997,H,D,0
2020-10-18,Ligue1,Nantes,Brest,0.3412,0.2606,0.3981,A,H,0
2020-10-18,LaLiga,Villarreal,Valencia,0.5741,0.2194,0.2065,H,H,1
2020-10-18,SerieA,Roma,Benevento,0.5915,0.2634,0.1451,H,H,1
2020-10-18,EPL,Sheffield United,Fulham,0.1471,0.1846,0.6682,A,D,0
2020-10-18,EPL,Crystal Palace,Brighton,0.4255,0.2376,0.3369,H,D,0
2020-10-18,EPL,Tottenham,West Ham,0.451,0.2336,0.3153,H,D,0
2020-10-18,EPL,Leicester,Aston Villa,0.1276,0.2084,0.664,A,A,1
2020-10-18,Bundesliga,FC Koln,Ein Frankfurt,0.1643,0.2181,0.6176,A,D,0
2020-10-18,Bundesliga,Schalke 04,Union Berlin,0.324,0.2701,0.4059,A,D,0
2020-10-18,LaLiga,Ath Bilbao,Levante,0.5748,0.2761,0.1491,H,H,1
2020-10-18,LaLiga,Eibar,Osasuna,0.3496,0.3043,0.3462,H,D,0
2020-10-18,LaLiga,Alaves,Elche,0.4613,0.3218,0.2169,H,A,0
2020-10-19,SerieA,Verona,Genoa,0.2569,0.3079,0.4353,A,D,0
2020-10-19,EPL,West Brom,Burnley,0.4992,0.2724,0.2284,H,D,0
2020-10-19,EPL,Leeds,Wolves,0.2798,0.2253,0.4949,A,A,1
2020-10-23,Ligue1,Rennes,Angers,0.5772,0.244,0.1787,H,A,0
2020-10-23,LaLiga,Elche,Valencia,0.2611,0.2886,0.4504,A,H,0
2020-10-23,Bundesliga,Stuttgart,FC Koln,0.697,0.1809,0.1221,H,D,0
2020-10-23,SerieA,Sassuolo,Torino,0.2704,0.2791,0.4506,A,D,0
2020-10-23,EPL,Aston Villa,Leeds,0.7159,0.1655,0.1185,H,A,0
2020-10-24,SerieA,Atalanta,Sampdoria,0.8783,0.0869,0.0342,H,A,0
2020-10-24,SerieA,Genoa,Inter,0.1632,0.2391,0.5977,A,A,1
2020-10-24,SerieA,Lazio,Bologna,0.408,0.257,0.335,H,H,1
2020-10-24,EPL,Liverpool,Sheffield United,0.9127,0.0571,0.0262,H,H,1
2020-10-24,LaLiga,Ath Madrid,Betis,0.5988,0.2171,0.1841,H,H,1
2020-10-24,LaLiga,Sevilla,Eibar,0.3558,0.3054,0.3387,H,A,0
2020-10-24,EPL,Man United,Chelsea,0.2584,0.2708,0.4708,A,D,0
2020-10-24,EPL,Fulham,Crystal Palace,0.3673,0.2603,0.3724,A,A,1
2020-10-24,EPL,West Ham,Man City,0.1665,0.2155,0.618,A,D,0
2020-10-24,LaLiga,Barcelona,Real Madrid,0.4836,0.218,0.2984,H,A,0
2020-10-24,Bundesliga,RB Leipzig,Hertha,0.6751,0.1821,0.1427,H,H,1
2020-10-24,Bundesliga,Union Berlin,Freiburg,0.3205,0.2729,0.4066,A,D,0
2020-10-24,Ligue1,Paris SG,Dijon,0.721,0.1752,0.1037,H,H,1
2020-10-24,LaLiga,Osasuna,Ath Bilbao,0.2263,0.3028,0.471,A,H,0
2020-10-24,Bundesliga,Bayern Munich,Ein Frankfurt,0.6675,0.1748,0.1576,H,H,1
2020-10-24,Bundesliga,Mainz,M'gladbach,0.5148,0.2318,0.2535,H,A,0
2020-10-24,Bundesliga,Dortmund,Schalke 04,0.8002,0.1213,0.0781,H,H,1
2020-10-24,Ligue1,Lorient,Marseille,0.1868,0.1869,0.6262,A,A,1
2020-10-25,Ligue1,Metz,St Etienne,0.4439,0.2369,0.3192,H,H,1
2020-10-25,SerieA,Fiorentina,Udinese,0.6234,0.2186,0.158,H,H,1
2020-10-25,SerieA,Parma,Spezia,0.5598,0.252,0.1883,H,D,0
2020-10-25,SerieA,Benevento,Napoli,0.1814,0.2977,0.5209,A,A,1
2020-10-25,SerieA,Cagliari,Crotone,0.3661,0.2987,0.3352,H,H,1
2020-10-25,LaLiga,Cadiz,Villarreal,0.1303,0.2135,0.6562,A,D,0
2020-10-25,Ligue1,Bordeaux,Nimes,0.3362,0.3136,0.3502,A,H,0
2020-10-25,Ligue1,Brest,Strasbourg,0.3212,0.2449,0.4339,A,A,1
2020-10-25,Ligue1,Montpellier,Reims,0.2093,0.321,0.4697,A,A,1
2020-10-25,Ligue1,Nice,Lille,0.4371,0.2714,0.2915,H,D,0
2020-10-25,Ligue1,Lyon,Monaco,0.3997,0.2303,0.37,H,H,1
2020-10-25,EPL,Southampton,Everton,0.1223,0.252,0.6257,A,H,0
2020-10-25,LaLiga,Getafe,Granada,0.5577,0.256,0.1862,H,A,0
2020-10-25,SerieA,Juventus,Verona,0.6619,0.2237,0.1143,H,D,0
2020-10-25,LaLiga,Sociedad,Huesca,0.3348,0.3316,0.3336,H,H,1
2020-10-25,EPL,Wolves,Newcastle,0.2362,0.2218,0.5419,A,D,0
2020-10-25,EPL,Arsenal,Leicester,0.8341,0.1224,0.0433,H,A,0
2020-10-25,Bundesliga,Wolfsburg,Bielefeld,0.4416,0.288,0.2703,H,H,1
2020-10-25,Bundesliga,Werder Bremen,Hoffenheim,0.5327,0.2138,0.2535,H,D,0
2020-10-25,LaLiga,Valladolid,Alaves,0.1463,0.2564,0.5973,A,A,1
2020-10-26,LaLiga,Levante,Celta,0.3362,0.2587,0.4051,A,D,0
2020-10-26,Bundesliga,Leverkusen,Augsburg,0.6752,0.2026,0.1222,H,H,1
2020-10-26,SerieA,Milan,Roma,0.3286,0.2738,0.3976,A,D,0
2020-10-26,EPL,Burnley,Tottenham,0.3064,0.2286,0.4649,A,A,1
2020-10-26,EPL,Brighton,West Brom,0.4865,0.2573,0.2562,H,D,0
2020-10-30,Bundesliga,Schalke 04,Stuttgart,0.1611,0.1837,0.6552,A,D,0
2020-10-30,LaLiga,Eibar,Cadiz,0.5054,0.3187,0.176,H,A,0
2020-10-30,EPL,Wolves,Crystal Palace,0.3198,0.2526,0.4276,A,H,0
2020-10-31,EPL,Sheffield United,Man City,0.0479,0.0981,0.8534,A,A,1
2020-10-31,SerieA,Inter,Parma,0.7196,0.1775,0.1029,H,D,0
2020-10-31,SerieA,Bologna,Cagliari,0.5691,0.2321,0.1988,H,H,1
2020-10-31,EPL,Burnley,Chelsea,0.173,0.2227,0.6043,A,A,1
2020-10-31,EPL,Liverpool,West Ham,0.7106,0.1672,0.1221,H,H,1
2020-10-31,SerieA,Crotone,Atalanta,0.1742,0.2416,0.5842,A,A,1
2020-10-31,LaLiga,Ath Bilbao,Sevilla,0.602,0.2581,0.1399,H,H,1
2020-10-31,Ligue1,Nantes,Paris SG,0.1229,0.1788,0.6982,A,A,1
2020-10-31,Bundesliga,M'gladbach,RB Leipzig,0.3508,0.2348,0.4145,A,H,0
2020-10-31,Bundesliga,FC Koln,Bayern Munich,0.0616,0.1213,0.8169,A,A,1
2020-10-31,Bundesliga,Ein Frankfurt,Werder Bremen,0.5323,0.2231,0.2446,H,D,0
2020-10-31,Bundesliga,Bielefeld,Dortmund,0.2014,0.2363,0.5624,A,A,1
2020-10-31,Bundesliga,Augsburg,Mainz,0.2458,0.2873,0.4669,A,H,0
2020-10-31,LaLiga,Alaves,Barcelona,0.1424,0.2153,0.6423,A,D,0
2020-10-31,LaLiga,Osasuna,Ath Madrid,0.2046,0.2455,0.5499,A,A,1
2020-10-31,LaLiga,Real Madrid,Huesca,0.6539,0.2153,0.1308,H,H,1
2020-10-31,Ligue1,Rennes,Brest,0.4858,0.2255,0.2886,H,H,1
2020-11-01,EPL,Newcastle,Everton,0.4915,0.2718,0.2367,H,H,1
2020-11-01,Bundesliga,Hertha,Wolfsburg,0.26,0.2337,0.5064,A,D,0
2020-11-01,Bundesliga,Freiburg,Leverkusen,0.2245,0.2231,0.5525,A,A,1
2020-11-01,EPL,Aston Villa,Southampton,0.7912,0.1453,0.0635,H,A,0
2020-11-01,EPL,Man United,Arsenal,0.1716,0.2458,0.5826,A,A,1
2020-11-01,Ligue1,Nimes,Metz,0.474,0.2865,0.2395,H,A,0
2020-11-01,LaLiga,Betis,Elche,0.6296,0.2174,0.153,H,H,1
2020-11-01,LaLiga,Celta,Sociedad,0.5009,0.2567,0.2424,H,A,0
2020-11-01,LaLiga,Granada,Levante,0.2302,0.2498,0.52,A,D,0
2020-11-01,LaLiga,Valencia,Getafe,0.4172,0.3079,0.2749,H,D,0
2020-11-01,Ligue1,Lille,Lyon,0.4177,0.2556,0.3267,H,D,0
2020-11-01,Ligue1,Monaco,Bordeaux,0.6383,0.2098,0.1519,H,H,1
2020-11-01,Ligue1,Reims,Strasbourg,0.2215,0.2967,0.4818,A,H,0
2020-11-01,EPL,Tottenham,Brighton,0.3411,0.2145,0.4444,A,H,0
2020-11-01,Ligue1,Dijon,Lorient,0.4604,0.275,0.2646,H,D,0
2020-11-01,Ligue1,Angers,Nice,0.1573,0.2403,0.6023,A,A,1
2020-11-01,Ligue1,St Etienne,Montpellier,0.5974,0.2203,0.1823,H,A,0
2020-11-01,SerieA,Udinese,Milan,0.2017,0.2325,0.5659,A,A,1
2020-11-01,SerieA,Torino,Lazio,0.2814,0.2956,0.423,A,A,1
2020-11-01,SerieA,Napoli,Sassuolo,0.7737,0.1537,0.0725,H,A,0
2020-11-01,SerieA,Roma,Fiorentina,0.4839,0.269,0.2472,H,H,1
2020-11-01,SerieA,Sampdoria,Genoa,0.1778,0.2564,0.5657,A,D,0
2020-11-01,SerieA,Spezia,Juventus,0.1275,0.2248,0.6477,A,A,1
2020-11-02,Bundesliga,Hoffenheim,Union Berlin,0.4427,0.2488,0.3085,H,A,0
2020-11-02,SerieA,Verona,Benevento,0.2726,0.3223,0.4052,A,H,0
2020-11-02,EPL,Leeds,Leicester,0.4994,0.2445,0.2561,H,A,0
2020-11-02,EPL,Fulham,West Brom,0.4264,0.2885,0.2851,H,H,1
2020-11-02,LaLiga,Villarreal,Valladolid,0.8932,0.0732,0.0321,H,H,1
2020-11-04,SerieA,Genoa,Torino,0.3834,0.3276,0.2889,H,A,0
2020-11-06,EPL,Southampton,Newcastle,0.0672,0.1378,0.7949,A,H,0
2020-11-06,EPL,Brighton,Burnley,0.6491,0.187,0.1639,H,D,0
2020-11-06,Ligue1,Strasbourg,Marseille,0.3746,0.2377,0.3877,A,A,1
2020-11-06,SerieA,Sassuolo,Udinese,0.3329,0.2592,0.4079,A,D,0
2020-11-06,Bundesliga,Werder Bremen,FC Koln,0.5956,0.2284,0.176,H,D,0
2020-11-06,LaLiga,Elche,Celta,0.2289,0.2471,0.524,A,D,0
2020-11-07,EPL,Chelsea,Sheffield United,0.8303,0.1132,0.0561,H,H,1
2020-11-07,EPL,Crystal Palace,Leeds,0.6788,0.18,0.1412,H,H,1
2020-11-07,EPL,Everton,Man United,0.4357,0.3084,0.2558,H,A,0
2020-11-07,EPL,West Ham,Fulham,0.345,0.2595,0.3956,A,H,0
2020-11-07,Bundesliga,Mainz,Schalke 04,0.674,0.1929,0.133,H,D,0
2020-11-07,Ligue1,Paris SG,Rennes,0.6984,0.164,0.1375,H,H,1
2020-11-07,Ligue1,Bordeaux,Montpellier,0.6068,0.2467,0.1464,H,A,0
2020-11-07,SerieA,Cagliari,Sampdoria,0.619,0.2238,0.1572,H,H,1
2020-11-07,SerieA,Benevento,Spezia,0.5287,0.2827,0.1886,H,A,0
2020-11-07,LaLiga,Huesca,Eibar,0.3643,0.3368,0.2989,H,D,0
2020-11-07,LaLiga,Barcelona,Betis,0.6955,0.1628,0.1416,H,H,1
2020-11-07,LaLiga,Sevilla,Osasuna,0.3365,0.2744,0.3891,A,H,0
2020-11-07,LaLiga,Ath Madrid,Cadiz,0.7656,0.1715,0.0629,H,H,1
2020-11-07,Bundesliga,Augsburg,Hertha,0.4765,0.2663,0.2571,H,A,0
2020-11-07,SerieA,Parma,Fiorentina,0.2582,0.2533,0.4884,A,D,0
2020-11-07,Bundesliga,Dortmund,Bayern Munich,0.2658,0.2004,0.5337,A,A,1
2020-11-07,Bundesliga,Union Berlin,Bielefeld,0.3538,0.3168,0.3293,H,H,1
2020-11-07,Bundesliga,Stuttgart,Ein Frankfurt,0.4161,0.2271,0.3568,H,D,0
2020-11-07,Bundesliga,RB Leipzig,Freiburg,0.4891,0.2419,0.2691,H,H,1
2020-11-08,LaLiga,Getafe,Villarreal,0.2334,0.2555,0.511,A,A,1
2020-11-08,LaLiga,Valladolid,Ath Bilbao,0.0532,0.1531,0.7936,A,H,0
2020-11-08,LaLiga,Valencia,Real Madrid,0.1836,0.2237,0.5927,A,H,0
2020-11-08,Bundesliga,Leverkusen,M'gladbach,0.6623,0.1788,0.1588,H,H,1
2020-11-08,Bundesliga,Wolfsburg,Hoffenheim,0.4913,0.2271,0.2815,H,H,1
2020-11-08,LaLiga,Levante,Alaves,0.3654,0.3297,0.3049,H,D,0
2020-11-08,LaLiga,Sociedad,Granada,0.5621,0.2482,0.1896,H,H,1
2020-11-08,Ligue1,Lens,Reims,0.496,0.309,0.195,H,D,0
2020-11-08,EPL,West Brom,Tottenham,0.4076,0.2664,0.3261,H,A,0
2020-11-08,Ligue1,Lorient,Nantes,0.3714,0.2702,0.3584,H,A,0
2020-11-08,Ligue1,Metz,Dijon,0.3058,0.2999,0.3943,A,D,0
2020-11-08,Ligue1,Nimes,Angers,0.4547,0.3193,0.226,H,A,0
2020-11-08,Ligue1,Nice,Monaco,0.4368,0.2445,0.3187,H,A,0
2020-11-08,Ligue1,Lyon,St Etienne,0.7511,0.138,0.1105,H,H,1
2020-11-08,SerieA,Atalanta,Inter,0.3664,0.2554,0.3782,A,D,0
2020-11-08,SerieA,Genoa,Roma,0.206,0.2868,0.5072,A,A,1
2020-11-08,SerieA,Torino,Crotone,0.3672,0.3378,0.295,H,D,0
2020-11-08,SerieA,Bologna,Napoli,0.2758,0.2856,0.4385,A,A,1
2020-11-08,SerieA,Milan,Verona,0.6901,0.1952,0.1146,H,D,0
2020-11-08,Ligue1,Brest,Lille,0.286,0.2535,0.4605,A,H,0
2020-11-08,SerieA,Lazio,Juventus,0.3431,0.2772,0.3797,A,D,0
2020-11-08,EPL,Leicester,Wolves,0.2088,0.2451,0.5461,A,H,0
2020-11-08,EPL,Man City,Liverpool,0.4421,0.2388,0.3191,H,D,0
2020-11-08,EPL,Arsenal,Aston Villa,0.5554,0.2476,0.197,H,A,0
2020-11-20,Ligue1,Rennes,Bordeaux,0.5363,0.2428,0.2209,H,A,0
2020-11-20,Ligue1,Monaco,Paris SG,0.2888,0.2182,0.493,A,H,0
2020-11-20,LaLiga,Osasuna,Huesca,0.4141,0.2998,0.286,H,D,0
2020-11-21,Bundesliga,Schalke 04,Wolfsburg,0.2536,0.2395,0.5069,A,A,1
2020-11-21,Bundesliga,Hertha,Dortmund,0.1211,0.1504,0.7283,A,A,1
2020-11-21,Bundesliga,Ein Frankfurt,RB Leipzig,0.4824,0.2352,0.2823,H,D,0
2020-11-21,SerieA,Crotone,Lazio,0.2779,0.2859,0.4362,A,A,1
2020-11-21,Bundesliga,M'gladbach,Augsburg,0.4874,0.2572,0.2554,H,D,0
2020-11-21,Bundesliga,Hoffenheim,Stuttgart,0.2495,0.2006,0.5498,A,D,0
2020-11-21,Bundesliga,Bielefeld,Leverkusen,0.1824,0.2451,0.5725,A,A,1
2020-11-21,Bundesliga,Bayern Munich,Werder Bremen,0.7619,0.1393,0.0986,H,D,0
2020-11-21,EPL,Man United,West Brom,0.3811,0.3072,0.3117,H,H,1
2020-11-21,EPL,Tottenham,Man City,0.1773,0.1961,0.6265,A,H,0
2020-11-21,LaLiga,Ath Madrid,Barcelona,0.3723,0.2391,0.3886,A,H,0
2020-11-21,LaLiga,Villarreal,Real Madrid,0.3065,0.2245,0.469,A,D,0
2020-11-21,LaLiga,Levante,Elche,0.4938,0.2834,0.2228,H,D,0
2020-11-21,Ligue1,Brest,St Etienne,0.6115,0.1873,0.2011,H,H,1
2020-11-21,EPL,Aston Villa,Brighton,0.4674,0.2343,0.2983,H,A,0
2020-11-21,EPL,Newcastle,Chelsea,0.4316,0.2533,0.3151,H,A,0
2020-11-21,SerieA,Juventus,Cagliari,0.6018,0.2348,0.1634,H,H,1
2020-11-21,SerieA,Spezia,Atalanta,0.0827,0.1581,0.7592,A,D,0
2020-11-21,LaLiga,Sevilla,Celta,0.3226,0.2491,0.4283,A,H,0
2020-11-22,LaLiga,Eibar,Getafe,0.3843,0.3385,0.2772,H,D,0
2020-11-22,LaLiga,Cadiz,Sociedad,0.2458,0.339,0.4152,A,A,1
2020-11-22,LaLiga,Granada,Valladolid,0.5518,0.2321,0.2162,H,A,0
2020-11-22,LaLiga,Alaves,Valencia,0.3479,0.3248,0.3273,H,D,0
2020-11-22,EPL,Sheffield United,West Ham,0.1942,0.2103,0.5955,A,A,1
2020-11-22,EPL,Fulham,Everton,0.3558,0.3024,0.3418,H,A,0
2020-11-22,SerieA,Fiorentina,Benevento,0.5423,0.2608,0.1969,H,A,0
2020-11-22,EPL,Liverpool,Leicester,0.8575,0.0987,0.0433,H,H,1
2020-11-22,EPL,Leeds,Arsenal,0.0839,0.1471,0.7688,A,D,0
2020-11-22,Bundesliga,FC Koln,Union Berlin,0.3198,0.2978,0.3824,A,A,1
2020-11-22,Ligue1,Nantes,Metz,0.447,0.2791,0.2739,H,D,0
2020-11-22,Ligue1,Dijon,Lens,0.3024,0.3204,0.3772,A,A,1
2020-11-22,Ligue1,Montpellier,Strasbourg,0.1008,0.1963,0.7029,A,H,0
2020-11-22,Ligue1,Reims,Nimes,0.2958,0.3502,0.354,A,A,1
2020-11-22,Ligue1,Angers,Lyon,0.1824,0.2334,0.5842,A,A,1
2020-11-22,Ligue1,Lille,Lorient,0.6386,0.2119,0.1496,H,H,1
2020-11-22,SerieA,Napoli,Milan,0.4819,0.27,0.2482,H,A,0
2020-11-22,SerieA,Verona,Sassuolo,0.4111,0.2737,0.3153,H,A,0
2020-11-22,SerieA,Udinese,Genoa,0.3139,0.2977,0.3884,A,H,0
2020-11-22,SerieA,Sampdoria,Bologna,0.1135,0.1855,0.701,A,A,1
2020-11-22,SerieA,Roma,Parma,0.6266,0.2312,0.1422,H,H,1
2020-11-22,SerieA,Inter,Torino,0.669,0.218,0.1129,H,H,1
2020-11-22,Bundesliga,Freiburg,Mainz,0.3234,0.2621,0.4145,A,A,1
2020-11-23,EPL,Burnley,Crystal Palace,0.2275,0.2369,0.5356,A,H,0
2020-11-23,LaLiga,Ath Bilbao,Betis,0.5159,0.2733,0.2108,H,H,1
2020-11-23,EPL,Wolves,Southampton,0.6935,0.1922,0.1143,H,D,0
2020-11-25,Ligue1,Lens,Nantes,0.4923,0.2855,0.2222,H,D,0
2020-11-27,LaLiga,Valladolid,Levante,0.1427,0.2189,0.6384,A,D,0
2020-11-27,Bundesliga,Wolfsburg,Werder Bremen,0.385,0.251,0.3639,H,H,1
2020-11-27,Ligue1,Strasbourg,Rennes,0.4595,0.2493,0.2912,H,D,0
2020-11-27,EPL,Crystal Palace,Newcastle,0.322,0.2458,0.4322,A,A,1
2020-11-28,Bundesliga,Union Berlin,Ein Frankfurt,0.2178,0.2406,0.5415,A,D,0
2020-11-28,Bundesliga,M'gladbach,Schalke 04,0.6193,0.1962,0.1845,H,H,1
2020-11-28,LaLiga,Valencia,Ath Madrid,0.1893,0.2441,0.5666,A,A,1
2020-11-28,LaLiga,Huesca,Sevilla,0.4108,0.3013,0.2879,H,A,0
2020-11-28,EPL,Brighton,Liverpool,0.2628,0.2066,0.5305,A,D,0
2020-11-28,EPL,Man City,Burnley,0.7824,0.1413,0.0762,H,H,1
2020-11-28,EPL,Everton,Leeds,0.6159,0.2274,0.1566,H,A,0
2020-11-28,EPL,West Brom,Sheffield United,0.6615,0.2065,0.1319,H,H,1
2020-11-28,LaLiga,Elche,Cadiz,0.4059,0.3349,0.2592,H,D,0
2020-11-28,Ligue1,Paris SG,Bordeaux,0.7827,0.1379,0.0793,H,D,0
2020-11-28,Ligue1,Marseille,Nantes,0.6413,0.1995,0.1592,H,H,1
2020-11-28,Bundesliga,Augsburg,Freiburg,0.3177,0.2879,0.3944,A,D,0
2020-11-28,SerieA,Benevento,Juventus,0.2308,0.298,0.4712,A,D,0
2020-11-28,SerieA,Sassuolo,Inter,0.0727,0.1314,0.7957,A,A,1
2020-11-28,Bundesliga,Dortmund,FC Koln,0.7603,0.1497,0.0899,H,A,0
2020-11-28,Bundesliga,RB Leipzig,Bielefeld,0.5139,0.2683,0.2178,H,H,1
2020-11-28,Bundesliga,Stuttgart,Bayern Munich,0.2084,0.1884,0.6032,A,A,1
2020-11-28,LaLiga,Real Madrid,Alaves,0.6491,0.2248,0.126,H,A,0
2020-11-28,SerieA,Atalanta,Verona,0.7714,0.1551,0.0734,H,A,0
2020-11-29,Ligue1,Lyon,Reims,0.6177,0.2296,0.1527,H,H,1
2020-11-29,Ligue1,Lorient,Montpellier,0.6175,0.2248,0.1577,H,A,0
2020-11-29,Ligue1,Metz,Brest,0.2915,0.2412,0.4673,A,A,1
2020-11-29,Ligue1,Monaco,Nimes,0.5686,0.2461,0.1853,H,H,1
2020-11-29,Ligue1,Nice,Dijon,0.5806,0.2482,0.1712,H,A,0
2020-11-29,Ligue1,St Etienne,Lille,0.1711,0.2073,0.6217,A,D,0
2020-11-29,Ligue1,Lens,Angers,0.5377,0.284,0.1783,H,A,0
2020-11-29,SerieA,Napoli,Roma,0.3819,0.3209,0.2972,H,H,1
2020-11-29,LaLiga,Getafe,Ath Bilbao,0.1805,0.3266,0.4929,A,D,0
2020-11-29,LaLiga,Celta,Granada,0.7204,0.1615,0.1181,H,H,1
2020-11-29,LaLiga,Sociedad,Villarreal,0.2292,0.2453,0.5255,A,D,0
2020-11-29,EPL,Chelsea,Tottenham,0.597,0.2102,0.1928,H,D,0
2020-11-29,EPL,Southampton,Man United,0.1544,0.2413,0.6043,A,A,1
2020-11-29,LaLiga,Barcelona,Osasuna,0.7263,0.1592,0.1143,H,H,1
2020-11-29,EPL,Arsenal,Wolves,0.6948,0.1889,0.1162,H,A,0
2020-11-29,SerieA,Cagliari,Spezia,0.5385,0.2568,0.2047,H,D,0
2020-11-29,SerieA,Milan,Fiorentina,0.433,0.2461,0.3209,H,H,1
2020-11-29,SerieA,Bologna,Crotone,0.5177,0.2671,0.2153,H,H,1
2020-11-29,SerieA,Lazio,Udinese,0.5891,0.232,0.1789,H,A,0
2020-11-29,Bundesliga,Leverkusen,Hertha,0.8077,0.1203,0.0716,H,D,0
2020-11-29,Bundesliga,Mainz,Hoffenheim,0.5843,0.2123,0.2034,H,D,0
2020-11-30,EPL,West Ham,Aston Villa,0.27,0.2537,0.4763,A,H,0
2020-11-30,EPL,Leicester,Fulham,0.1742,0.2349,0.5909,A,A,1
2020-11-30,SerieA,Torino,Sampdoria,0.601,0.2539,0.1451,H,D,0
2020-11-30,LaLiga,Betis,Eibar,0.4844,0.2692,0.2464,H,A,0
2020-11-30,SerieA,Genoa,Parma,0.4128,0.2899,0.2974,H,A,0
2020-12-04,LaLiga,Ath Bilbao,Celta,0.5505,0.2587,0.1908,H,A,0
2020-12-04,Ligue1,Nimes,Marseille,0.2519,0.2496,0.4985,A,A,1
2020-12-04,Bundesliga,Hertha,Union Berlin,0.3331,0.2629,0.404,A,H,0
2020-12-05,SerieA,Spezia,Lazio,0.1573,0.2264,0.6163,A,A,1
2020-12-05,EPL,Burnley,Everton,0.2332,0.2833,0.4835,A,D,0
2020-12-05,EPL,Man City,Fulham,0.6357,0.2077,0.1566,H,H,1
2020-12-05,EPL,West Ham,Man United,0.3764,0.273,0.3507,H,A,0
2020-12-05,SerieA,Inter,Bologna,0.605,0.2188,0.1762,H,H,1
2020-12-05,Bundesliga,Bayern Munich,RB Leipzig,0.7165,0.1602,0.1232,H,D,0
2020-12-05,Bundesliga,Freiburg,M'gladbach,0.4258,0.2357,0.3385,H,D,0
2020-12-05,Bundesliga,FC Koln,Wolfsburg,0.2568,0.267,0.4762,A,D,0
2020-12-05,Bundesliga,Ein Frankfurt,Dortmund,0.38,0.2235,0.3965,A,D,0
2020-12-05,EPL,Chelsea,Leeds,0.7411,0.1576,0.1012,H,H,1
2020-12-05,Bundesliga,Bielefeld,Mainz,0.2615,0.2955,0.443,A,H,0
2020-12-05,SerieA,Juventus,Torino,0.5311,0.2861,0.1828,H,H,1
2020-12-05,Ligue1,Montpellier,Paris SG,0.0322,0.082,0.885,A,A,1
2020-12-05,LaLiga,Cadiz,Barcelona,0.0629,0.1396,0.7974,A,H,0
2020-12-05,Ligue1,Rennes,Lens,0.3999,0.2714,0.3287,H,A,0
2020-12-05,LaLiga,Sevilla,Real Madrid,0.1526,0.2033,0.6442,A,A,1
2020-12-05,LaLiga,Levante,Getafe,0.3886,0.3168,0.2947,H,H,1
2020-12-05,LaLiga,Ath Madrid,Valladolid,0.914,0.0642,0.0206,H,H,1
2020-12-06,SerieA,Crotone,Napoli,0.1805,0.2951,0.5244,A,A,1
2020-12-06,SerieA,Roma,Sassuolo,0.7755,0.1497,0.0747,H,D,0
2020-12-06,SerieA,Parma,Benevento,0.3836,0.3018,0.3147,H,D,0
2020-12-06,SerieA,Verona,Cagliari,0.3012,0.2925,0.4063,A,D,0
2020-12-06,LaLiga,Granada,Huesca,0.2178,0.2659,0.5162,A,D,0
2020-12-06,LaLiga,Osasuna,Betis,0.3585,0.2551,0.3864,A,A,1
2020-12-06,LaLiga,Villarreal,Elche,0.7104,0.1771,0.1125,H,D,0
2020-12-06,LaLiga,Alaves,Sociedad,0.3762,0.3444,0.2793,H,D,0
2020-12-06,Ligue1,Metz,Lyon,0.1868,0.2075,0.6057,A,A,1
2020-12-06,Ligue1,Reims,Nice,0.1761,0.2657,0.5582,A,D,0
2020-12-06,SerieA,Sampdoria,Milan,0.0908,0.158,0.7511,A,A,1
2020-12-06,Bundesliga,Schalke 04,Leverkusen,0.1086,0.1588,0.7326,A,A,1
2020-12-06,Bundesliga,Werder Bremen,Stuttgart,0.3372,0.2293,0.4335,A,A,1
2020-12-06,EPL,Liverpool,Wolves,0.7057,0.1657,0.1285,H,H,1
2020-12-06,Ligue1,Dijon,St Etienne,0.5189,0.2476,0.2335,H,D,0
2020-12-06,EPL,Tottenham,Arsenal,0.1637,0.2028,0.6335,A,H,0
2020-12-06,EPL,Sheffield United,Leicester,0.3785,0.2613,0.3602,H,A,0
2020-12-06,Ligue1,Bordeaux,Brest,0.3359,0.2565,0.4075,A,H,0
2020-12-06,EPL,West Brom,Crystal Palace,0.315,0.295,0.39,A,A,1
2020-12-06,Ligue1,Angers,Lorient,0.3622,0.2849,0.3529,H,H,1
2020-12-06,Ligue1,Lille,Monaco,0.3839,0.2683,0.3478,H,H,1
2020-12-06,Ligue1,Nantes,Strasbourg,0.2528,0.2742,0.473,A,A,1
2020-12-07,LaLiga,Eibar,Valencia,0.3657,0.3095,0.3248,H,D,0
2020-12-07,SerieA,Fiorentina,Genoa,0.527,0.2582,0.2148,H,D,0
2020-12-07,Bundesliga,Hoffenheim,Augsburg,0.4298,0.2627,0.3075,H,H,1
2020-12-07,EPL,Brighton,Southampton,0.7975,0.1331,0.0692,H,A,0
2020-12-11,Ligue1,St Etienne,Angers,0.3993,0.266,0.3348,H,D,0
2020-12-11,EPL,Leeds,West Ham,0.2931,0.2346,0.4723,A,A,1
2020-12-11,LaLiga,Valladolid,Osasuna,0.1133,0.187,0.6997,A,H,0
2020-12-11,SerieA,Sassuolo,Benevento,0.2762,0.2732,0.4506,A,H,0
2020-12-11,Bundesliga,Wolfsburg,Ein Frankfurt,0.29,0.2406,0.4694,A,H,0
2020-12-12,Bundesliga,Dortmund,Stuttgart,0.5157,0.2049,0.2794,H,A,0
2020-12-12,Bundesliga,Freiburg,Bielefeld,0.4459,0.2851,0.269,H,H,1
2020-12-12,EPL,Man United,Man City,0.1856,0.2364,0.578,A,D,0
2020-12-12,EPL,Everton,Chelsea,0.3055,0.3135,0.381,A,H,0
2020-12-12,Ligue1,Lens,Montpellier,0.7094,0.2014,0.0892,H,A,0
2020-12-12,Ligue1,Marseille,Monaco,0.4235,0.2228,0.3537,H,H,1
2020-12-12,Bundesliga,Union Berlin,Bayern Munich,0.0913,0.1519,0.7567,A,D,0
2020-12-12,Bundesliga,M'gladbach,Hertha,0.6203,0.1913,0.1883,H,D,0
2020-12-12,Bundesliga,Mainz,FC Koln,0.6328,0.2247,0.1424,H,A,0
2020-12-12,EPL,Wolves,Aston Villa,0.2841,0.2487,0.4672,A,A,1
2020-12-12,EPL,Newcastle,West Brom,0.5712,0.2431,0.1857,H,H,1
2020-12-12,Bundesliga,RB Leipzig,Werder Bremen,0.4639,0.2411,0.295,H,H,1
2020-12-12,SerieA,Torino,Udinese,0.4296,0.3084,0.262,H,A,0
2020-12-12,LaLiga,Real Madrid,Ath Madrid,0.4176,0.2563,0.3261,H,H,1
2020-12-12,LaLiga,Huesca,Alaves,0.3634,0.3523,0.2843,H,H,1
2020-12-12,SerieA,Crotone,Spezia,0.5288,0.2814,0.1898,H,H,1
2020-12-12,LaLiga,Valencia,Ath Bilbao,0.2109,0.3037,0.4854,A,D,0
2020-12-12,LaLiga,Getafe,Sevilla,0.3789,0.3079,0.3132,H,A,0
2020-12-12,SerieA,Lazio,Verona,0.6338,0.2255,0.1408,H,A,0
2020-12-13,SerieA,Napoli,Sampdoria,0.8189,0.1343,0.0467,H,H,1
2020-12-13,EPL,Leicester,Brighton,0.144,0.1949,0.6611,A,H,0
2020-12-13,EPL,Arsenal,Burnley,0.7803,0.1477,0.0719,H,A,0
2020-12-13,EPL,Fulham,Liverpool,0.226,0.2166,0.5574,A,D,0
2020-12-13,EPL,Crystal Palace,Tottenham,0.5216,0.2231,0.2553,H,D,0
2020-12-13,EPL,Southampton,Sheffield United,0.3638,0.2644,0.3718,A,H,0
2020-12-13,Bundesliga,Leverkusen,Hoffenheim,0.7295,0.1518,0.1185,H,H,1
2020-12-13,Bundesliga,Augsburg,Schalke 04,0.4761,0.2732,0.2506,H,D,0
2020-12-13,LaLiga,Barcelona,Levante,0.7608,0.1476,0.0915,H,H,1
2020-12-13,LaLiga,Elche,Granada,0.4707,0.2673,0.2621,H,A,0
2020-12-13,LaLiga,Betis,Villarreal,0.356,0.2269,0.4171,A,D,0
2020-12-13,SerieA,Bologna,Roma,0.2886,0.2782,0.4332,A,A,1
2020-12-13,LaLiga,Sociedad,Eibar,0.3369,0.3315,0.3316,H,D,0
2020-12-13,SerieA,Cagliari,Inter,0.1309,0.1983,0.6708,A,A,1
2020-12-13,SerieA,Atalanta,Fiorentina,0.5382,0.2303,0.2315,H,H,1
2020-12-13,Ligue1,Nice,Rennes,0.5456,0.226,0.2283,H,A,0
2020-12-13,Ligue1,Brest,Reims,0.4944,0.271,0.2346,H,H,1
2020-12-13,Ligue1,Lorient,Nimes,0.3268,0.2831,0.3901,A,H,0
2020-12-13,Ligue1,Nantes,Dijon,0.3445,0.3188,0.3368,H,D,0
2020-12-13,Ligue1,Strasbourg,Metz,0.6247,0.2186,0.1568,H,D,0
2020-12-13,Ligue1,Lille,Bordeaux,0.5789,0.252,0.1691,H,H,1
2020-12-13,SerieA,Milan,Parma,0.5954,0.2198,0.1848,H,D,0
2020-12-13,SerieA,Genoa,Juventus,0.2507,0.2929,0.4564,A,A,1
2020-12-13,Ligue1,Paris SG,Lyon,0.631,0.1804,0.1886,H,A,0
2020-12-14,LaLiga,Celta,Cadiz,0.6305,0.2287,0.1408,H,H,1
2020-12-15,LaLiga,Real Madrid,Ath Bilbao,0.4217,0.2959,0.2825,H,H,1
2020-12-15,EPL,Man City,West Brom,0.6281,0.2325,0.1394,H,D,0
2020-12-15,EPL,Wolves,Chelsea,0.2511,0.2491,0.4999,A,H,0
2020-12-15,Bundesliga,Hertha,Mainz,0.1881,0.2169,0.595,A,D,0
2020-12-15,Bundesliga,Werder Bremen,Dortmund,0.2755,0.2163,0.5082,A,A,1
2020-12-15,Bundesliga,Stuttgart,Union Berlin,0.6229,0.2086,0.1685,H,D,0
2020-12-15,Bundesliga,Ein Frankfurt,M'gladbach,0.5769,0.2038,0.2193,H,D,0
2020-12-15,SerieA,Benevento,Lazio,0.279,0.2878,0.4333,A,D,0
2020-12-15,SerieA,Udinese,Crotone,0.3333,0.3072,0.3595,A,D,0
2020-12-16,Bundesliga,Schalke 04,Freiburg,0.2517,0.2367,0.5116,A,A,1
2020-12-16,SerieA,Spezia,Bologna,0.155,0.2235,0.6215,A,D,0
2020-12-16,Ligue1,Rennes,Marseille,0.3323,0.2215,0.4462,A,H,0
2020-12-16,Ligue1,Paris SG,Lorient,0.8377,0.1015,0.0599,H,H,1
2020-12-16,Ligue1,Monaco,Lens,0.4999,0.2565,0.2436,H,A,0
2020-12-16,Ligue1,Lyon,Brest,0.5817,0.1984,0.2199,H,D,0
2020-12-16,Ligue1,Bordeaux,St Etienne,0.4904,0.2392,0.2704,H,A,0
2020-12-16,Ligue1,Reims,Nantes,0.3345,0.3341,0.3313,H,H,1
2020-12-16,Ligue1,Nimes,Nice,0.229,0.2729,0.4981,A,A,1
2020-12-16,Ligue1,Montpellier,Metz,0.2272,0.2747,0.4981,A,A,1
2020-12-16,Ligue1,Dijon,Lille,0.248,0.3062,0.4458,A,A,1
2020-12-16,Ligue1,Angers,Strasbourg,0.2026,0.2741,0.5233,A,A,1
2020-12-16,Bundesliga,FC Koln,Leverkusen,0.1197,0.189,0.6912,A,A,1
2020-12-16,SerieA,Juventus,Atalanta,0.3228,0.2682,0.4089,A,D,0
2020-12-16,LaLiga,Barcelona,Sociedad,0.7634,0.1514,0.0851,H,H,1
2020-12-16,SerieA,Fiorentina,Sassuolo,0.7336,0.1597,0.1066,H,D,0
2020-12-16,SerieA,Genoa,Milan,0.2664,0.2647,0.4689,A,D,0
2020-12-16,SerieA,Inter,Napoli,0.4369,0.2903,0.2728,H,H,1
2020-12-16,SerieA,Verona,Sampdoria,0.495,0.2813,0.2237,H,A,0
2020-12-16,Bundesliga,Bayern Munich,Wolfsburg,0.7785,0.1345,0.0867,H,H,1
2020-12-16,Bundesliga,Bielefeld,Augsburg,0.3826,0.3312,0.2862,H,A,0
2020-12-16,Bundesliga,Hoffenheim,RB Leipzig,0.2905,0.2249,0.4846,A,A,1
2020-12-16,EPL,Leeds,Newcastle,0.1282,0.1599,0.7117,A,H,0
2020-12-16,EPL,Arsenal,Southampton,0.8746,0.0961,0.0291,H,D,0
2020-12-16,EPL,West Ham,Crystal Palace,0.3041,0.2584,0.4375,A,D,0
2020-12-16,SerieA,Parma,Cagliari,0.4258,0.2698,0.3044,H,D,0
2020-12-16,EPL,Fulham,Brighton,0.3801,0.237,0.3829,A,D,0
2020-12-16,EPL,Leicester,Everton,0.1587,0.2763,0.565,A,A,1
2020-12-16,EPL,Liverpool,Tottenham,0.7217,0.1507,0.1273,H,H,1
2020-12-17,EPL,Aston Villa,Burnley,0.6571,0.1988,0.1442,H,D,0
2020-12-17,EPL,Sheffield United,Man United,0.1765,0.2124,0.6111,A,A,1
2020-12-17,SerieA,Roma,Torino,0.5778,0.2739,0.1483,H,H,1
2020-12-18,Bundesliga,Union Berlin,Dortmund,0.1811,0.21,0.6089,A,H,0
2020-12-18,LaLiga,Ath Bilbao,Huesca,0.5357,0.3074,0.1569,H,H,1
2020-12-19,LaLiga,Levante,Sociedad,0.4001,0.3063,0.2936,H,H,1
2020-12-19,LaLiga,Barcelona,Valencia,0.7412,0.1548,0.1039,H,D,0
2020-12-19,LaLiga,Ath Madrid,Elche,0.7578,0.167,0.0752,H,H,1
2020-12-19,Bundesliga,Mainz,Werder Bremen,0.4734,0.2498,0.2769,H,A,0
2020-12-19,Bundesliga,M'gladbach,Hoffenheim,0.5105,0.2087,0.2808,H,A,0
2020-12-19,Bundesliga,Augsburg,Ein Frankfurt,0.2199,0.2563,0.5237,A,A,1
2020-12-19,SerieA,Parma,Juventus,0.2344,0.2685,0.4971,A,A,1
2020-12-19,SerieA,Sampdoria,Crotone,0.1953,0.2737,0.5309,A,H,0
2020-12-19,SerieA,Fiorentina,Verona,0.6661,0.2104,0.1235,H,D,0
2020-12-19,Bundesliga,RB Leipzig,FC Koln,0.632,0.2176,0.1505,H,D,0
2020-12-19,LaLiga,Osasuna,Villarreal,0.2962,0.2381,0.4657,A,A,1
2020-12-19,Bundesliga,Schalke 04,Bielefeld,0.2962,0.2862,0.4176,A,A,1
2020-12-19,Bundesliga,Leverkusen,Bayern Munich,0.2951,0.2196,0.4852,A,A,1
2020-12-19,Ligue1,Nice,Lyon,0.4745,0.2307,0.2948,H,A,0
2020-12-19,Ligue1,Marseille,Reims,0.6449,0.2138,0.1413,H,D,0
2020-12-19,Ligue1,Metz,Lens,0.241,0.2743,0.4848,A,H,0
2020-12-19,EPL,Newcastle,Fulham,0.5689,0.2189,0.2122,H,D,0
2020-12-19,EPL,Everton,Arsenal,0.2158,0.3028,0.4814,A,H,0
2020-12-19,EPL,Southampton,Man City,0.0473,0.1209,0.8317,A,A,1
2020-12-19,EPL,Crystal Palace,Liverpool,0.2637,0.2292,0.5071,A,A,1
2020-12-19,LaLiga,Sevilla,Valladolid,0.7093,0.1831,0.1076,H,D,0
2020-12-20,Ligue1,St Etienne,Nimes,0.2957,0.2611,0.4432,A,D,0
2020-12-20,Ligue1,Lorient,Rennes,0.2669,0.2296,0.5035,A,A,1
2020-12-20,Ligue1,Nantes,Angers,0.4322,0.3102,0.2576,H,D,0
2020-12-20,Ligue1,Dijon,Monaco,0.2376,0.2671,0.4953,A,A,1
2020-12-20,Ligue1,Brest,Montpellier,0.726,0.1733,0.1007,H,D,0
2020-12-20,Ligue1,Strasbourg,Bordeaux,0.5627,0.2474,0.1899,H,A,0
2020-12-20,LaLiga,Eibar,Real Madrid,0.1757,0.2441,0.5802,A,A,1
2020-12-20,SerieA,Benevento,Genoa,0.3502,0.3225,0.3273,H,H,1
2020-12-20,Bundesliga,Freiburg,Hertha,0.5995,0.209,0.1915,H,H,1
2020-12-20,Bundesliga,Wolfsburg,Stuttgart,0.3049,0.233,0.462,A,H,0
2020-12-20,EPL,West Brom,Aston Villa,0.2835,0.2923,0.4242,A,A,1
2020-12-20,EPL,Man United,Leeds,0.5794,0.2198,0.2008,H,H,1
2020-12-20,EPL,Tottenham,Leicester,0.6597,0.1943,0.1459,H,A,0
2020-12-20,EPL,Brighton,Sheffield United,0.8134,0.1126,0.0733,H,D,0
2020-12-20,SerieA,Inter,Spezia,0.8387,0.116,0.0451,H,H,1
2020-12-20,SerieA,Sassuolo,Milan,0.1426,0.1787,0.6786,A,A,1
2020-12-20,SerieA,Atalanta,Roma,0.4204,0.274,0.3056,H,H,1
2020-12-20,SerieA,Torino,Bologna,0.2791,0.2936,0.4273,A,D,0
2020-12-20,SerieA,Lazio,Napoli,0.2727,0.2867,0.4406,A,H,0
2020-12-20,LaLiga,Cadiz,Getafe,0.2392,0.3493,0.4114,A,A,1
2020-12-20,LaLiga,Granada,Betis,0.1505,0.1865,0.663,A,H,0
2020-12-20,LaLiga,Celta,Alaves,0.4593,0.2811,0.2596,H,H,1
2020-12-20,SerieA,Cagliari,Udinese,0.4307,0.2743,0.2951,H,D,0
2020-12-20,Ligue1,Lille,Paris SG,0.2661,0.2415,0.4924,A,D,0
2020-12-21,EPL,Burnley,Wolves,0.3106,0.2472,0.4421,A,H,0
2020-12-21,EPL,Chelsea,West Ham,0.5894,0.2306,0.18,H,H,1
2020-12-22,SerieA,Juventus,Fiorentina,0.4273,0.2718,0.3009,H,A,0
2020-12-22,LaLiga,Villarreal,Ath Bilbao,0.3287,0.2844,0.387,A,D,0
2020-12-22,LaLiga,Valladolid,Barcelona,0.0175,0.0458,0.9318,A,A,1
2020-12-22,LaLiga,Huesca,Levante,0.389,0.3132,0.2978,H,D,0
2020-12-22,LaLiga,Valencia,Sevilla,0.4416,0.274,0.2843,H,A,0
2020-12-22,LaLiga,Elche,Osasuna,0.245,0.2787,0.4763,A,D,0
2020-12-22,SerieA,Crotone,Parma,0.3825,0.3002,0.3173,H,H,1
2020-12-22,LaLiga,Sociedad,Ath Madrid,0.1583,0.2474,0.5943,A,A,1
2020-12-23,Ligue1,Rennes,Metz,0.5999,0.2168,0.1833,H,H,1
2020-12-23,Ligue1,Angers,Marseille,0.1698,0.2188,0.6114,A,H,0
2020-12-23,Ligue1,Lyon,Nantes,0.6136,0.2141,0.1723,H,H,1
2020-12-23,Ligue1,Monaco,St Etienne,0.7627,0.1374,0.0996,H,D,0
2020-12-23,Ligue1,Montpellier,Lille,0.09,0.1985,0.7115,A,A,1
2020-12-23,SerieA,Udinese,Benevento,0.331,0.3089,0.3601,A,A,1
2020-12-23,SerieA,Spezia,Genoa,0.2245,0.2867,0.4888,A,A,1
2020-12-23,SerieA,Sampdoria,Sassuolo,0.3043,0.2541,0.4416,A,A,1
2020-12-23,SerieA,Roma,Cagliari,0.6521,0.2189,0.1289,H,H,1
2020-12-23,SerieA,Napoli,Torino,0.5768,0.2808,0.1424,H,D,0
2020-12-23,SerieA,Milan,Lazio,0.4663,0.2437,0.2899,H,H,1
2020-12-23,SerieA,Bologna,Atalanta,0.2762,0.242,0.4818,A,D,0
2020-12-23,SerieA,Verona,Inter,0.0893,0.1828,0.7279,A,A,1
2020-12-23,LaLiga,Getafe,Celta,0.3122,0.2791,0.4087,A,D,0
2020-12-23,LaLiga,Betis,Cadiz,0.651,0.2229,0.126,H,H,1
2020-12-23,Ligue1,Nimes,Dijon,0.3689,0.3336,0.2974,H,A,0
2020-12-23,Ligue1,Nice,Lorient,0.7054,0.1729,0.1217,H,D,0
2020-12-23,Ligue1,Lens,Brest,0.462,0.2565,0.2815,H,H,1
2020-12-23,Ligue1,Bordeaux,Reims,0.393,0.3256,0.2814,H,A,0
2020-12-23,Ligue1,Paris SG,Strasbourg,0.6315,0.1961,0.1724,H,H,1
2020-12-23,LaLiga,Alaves,Eibar,0.3439,0.3538,0.3023,D,H,0
2020-12-23,LaLiga,Real Madrid,Granada,0.8788,0.0828,0.0374,H,H,1
2020-12-26,EPL,Leicester,Man United,0.2008,0.2624,0.5369,A,D,0
2020-12-26,EPL,Sheffield United,Everton,0.1378,0.2188,0.6433,A,A,1
2020-12-26,EPL,Man City,Newcastle,0.5053,0.2358,0.259,H,H,1
2020-12-26,EPL,Arsenal,Chelsea,0.5106,0.2662,0.2232,H,H,1
2020-12-26,EPL,Aston Villa,Crystal Palace,0.447,0.2583,0.2946,H,H,1
2020-12-26,EPL,Fulham,Southampton,0.731,0.1765,0.0924,H,D,0
2020-12-27,EPL,Wolves,Tottenham,0.4204,0.2298,0.3498,H,D,0
2020-12-27,EPL,West Ham,Brighton,0.3111,0.2349,0.4541,A,D,0
2020-12-27,EPL,Liverpool,West Brom,0.6425,0.2122,0.1453,H,D,0
2020-12-27,EPL,Leeds,Burnley,0.3866,0.2375,0.3759,H,H,1
2020-12-28,EPL,Crystal Palace,Leicester,0.7037,0.1897,0.1066,H,D,0
2020-12-28,EPL,Chelsea,Aston Villa,0.4394,0.267,0.2936,H,D,0
2020-12-29,EPL,Man United,Wolves,0.4187,0.2632,0.3181,H,H,1
2020-12-29,EPL,West Brom,Leeds,0.5537,0.2428,0.2035,H,A,0
2020-12-29,EPL,Southampton,West Ham,0.1689,0.2379,0.5932,A,D,0
2020-12-29,LaLiga,Sevilla,Villarreal,0.2345,0.2253,0.5403,A,H,0
2020-12-29,LaLiga,Barcelona,Eibar,0.7238,0.1728,0.1033,H,D,0
2020-12-29,EPL,Burnley,Sheffield United,0.5898,0.2092,0.201,H,H,1
2020-12-29,EPL,Brighton,Arsenal,0.2264,0.2315,0.542,A,A,1
2020-12-29,LaLiga,Cadiz,Valladolid,0.5062,0.2899,0.2039,H,D,0
2020-12-29,LaLiga,Levante,Betis,0.3065,0.261,0.4325,A,H,0
2020-12-30,LaLiga,Elche,Real Madrid,0.1004,0.1792,0.7203,A,D,0
2020-12-30,LaLiga,Celta,Huesca,0.4566,0.2699,0.2734,H,H,1
2020-12-30,LaLiga,Ath Madrid,Getafe,0.6501,0.229,0.1209,H,H,1
2020-12-30,EPL,Newcastle,Liverpool,0.3607,0.2279,0.4114,A,D,0
2020-12-30,LaLiga,Granada,Valencia,0.2083,0.2371,0.5546,A,H,0
2020-12-31,LaLiga,Osasuna,Alaves,0.4161,0.3128,0.2711,H,D,0
2020-12-31,LaLiga,Ath Bilbao,Sociedad,0.5761,0.2857,0.1382,H,A,0
2021-01-01,EPL,Man United,Aston Villa,0.2906,0.269,0.4404,A,H,0
2021-01-01,EPL,Everton,West Ham,0.4703,0.2904,0.2394,H,A,0
2021-01-02,Bundesliga,Bielefeld,M'gladbach,0.3442,0.2732,0.3827,A,A,1
2021-01-02,Bundesliga,Stuttgart,RB Leipzig,0.4752,0.228,0.2968,H,A,0
2021-01-02,LaLiga,Villarreal,Levante,0.5993,0.2151,0.1856,H,H,1
2021-01-02,LaLiga,Betis,Sevilla,0.5422,0.2337,0.2242,H,D,0
2021-01-02,LaLiga,Getafe,Valladolid,0.6649,0.22,0.1151,H,A,0
2021-01-02,LaLiga,Real Madrid,Celta,0.6636,0.1821,0.1542,H,H,1
2021-01-02,Bundesliga,Hertha,Schalke 04,0.4298,0.2397,0.3304,H,H,1
2021-01-02,EPL,Crystal Palace,Sheffield United,0.7819,0.1363,0.0816,H,H,1
2021-01-02,EPL,Tottenham,Leeds,0.617,0.1854,0.1975,H,H,1
2021-01-02,EPL,West Brom,Arsenal,0.1721,0.272,0.5559,A,A,1
2021-01-02,Bundesliga,Ein Frankfurt,Leverkusen,0.3426,0.2362,0.4212,A,H,0
2021-01-02,Bundesliga,FC Koln,Augsburg,0.3111,0.3137,0.3752,A,A,1
2021-01-02,Bundesliga,Werder Bremen,Union Berlin,0.5198,0.2492,0.231,H,A,0
2021-01-02,Bundesliga,Hoffenheim,Freiburg,0.3616,0.2336,0.4048,A,A,1
2021-01-02,EPL,Brighton,Wolves,0.535,0.2161,0.2489,H,D,0
2021-01-03,Bundesliga,Dortmund,Wolfsburg,0.6268,0.1931,0.18,H,H,1
2021-01-03,Bundesliga,Bayern Munich,Mainz,0.6829,0.1793,0.1377,H,H,1
2021-01-03,SerieA,Parma,Torino,0.3744,0.3093,0.3162,H,A,0
2021-01-03,LaLiga,Ath Bilbao,Elche,0.6651,0.2379,0.097,H,H,1
2021-01-03,LaLiga,Alaves,Ath Madrid,0.1737,0.2784,0.548,A,A,1
2021-01-03,LaLiga,Eibar,Granada,0.5913,0.242,0.1667,H,H,1
2021-01-03,SerieA,Inter,Crotone,0.6869,0.2051,0.108,H,H,1
2021-01-03,SerieA,Atalanta,Sassuolo,0.836,0.1068,0.0567,H,H,1
2021-01-03,SerieA,Cagliari,Napoli,0.1673,0.2546,0.5781,A,A,1
2021-01-03,SerieA,Genoa,Lazio,0.3028,0.2814,0.4158,A,D,0
2021-01-03,EPL,Chelsea,Man City,0.31,0.2686,0.4214,A,A,1
2021-01-03,EPL,Newcastle,Leicester,0.8033,0.1322,0.0644,H,A,0
2021-01-03,SerieA,Spezia,Verona,0.3375,0.3107,0.3518,A,A,1
2021-01-03,SerieA,Benevento,Milan,0.2446,0.2689,0.4865,A,A,1
2021-01-03,SerieA,Juventus,Udinese,0.6237,0.2312,0.1451,H,H,1
2021-01-03,LaLiga,Sociedad,Osasuna,0.3212,0.2974,0.3813,A,D,0
2021-01-03,LaLiga,Huesca,Barcelona,0.1482,0.2067,0.6451,A,A,1
2021-01-03,SerieA,Fiorentina,Bologna,0.4426,0.2523,0.3051,H,D,0
2021-01-03,SerieA,Roma,Sampdoria,0.8225,0.1298,0.0477,H,H,1
2021-01-04,EPL,Southampton,Liverpool,0.0456,0.1038,0.8502,A,H,0
2021-01-04,LaLiga,Valencia,Cadiz,0.5492,0.2821,0.1687,H,D,0
2021-01-06,LaLiga,Ath Bilbao,Barcelona,0.3216,0.2772,0.4012,A,A,1
2021-01-06,SerieA,Torino,Verona,0.4719,0.3146,0.2135,H,D,0
2021-01-06,Ligue1,Reims,Dijon,0.3,0.3512,0.3488,D,D,1
2021-01-06,SerieA,Milan,Juventus,0.3922,0.2672,0.3407,H,A,0
2021-01-06,SerieA,Napoli,Spezia,0.7551,0.1765,0.0684,H,A,0
2021-01-06,SerieA,Sassuolo,Genoa,0.2566,0.2594,0.484,A,H,0
2021-01-06,SerieA,Sampdoria,Inter,0.045,0.1106,0.8442,A,H,0
2021-01-06,SerieA,Lazio,Fiorentina,0.3791,0.2577,0.3632,H,H,1
2021-01-06,SerieA,Crotone,Roma,0.1884,0.288,0.5236,A,A,1
2021-01-06,Ligue1,St Etienne,Paris SG,0.0689,0.1016,0.8282,A,D,0
2021-01-06,SerieA,Atalanta,Parma,0.6916,0.1851,0.1233,H,H,1
2021-01-06,SerieA,Cagliari,Benevento,0.3636,0.3004,0.336,H,A,0
2021-01-06,SerieA,Bologna,Udinese,0.5943,0.2292,0.1764,H,D,0
2021-01-06,Ligue1,Lorient,Monaco,0.1834,0.2019,0.6147,A,A,1
2021-01-06,Ligue1,Metz,Bordeaux,0.3501,0.2826,0.3673,A,D,0
2021-01-06,Ligue1,Nantes,Rennes,0.2923,0.2645,0.4433,A,D,0
2021-01-06,Ligue1,Strasbourg,Nimes,0.4964,0.2809,0.2227,H,H,1
2021-01-06,Ligue1,Lille,Angers,0.6103,0.2523,0.1374,H,A,0
2021-01-06,Ligue1,Lyon,Lens,0.4827,0.2504,0.2668,H,H,1
2021-01-06,Ligue1,Marseille,Montpellier,0.8518,0.102,0.0458,H,H,1
2021-01-06,Ligue1,Brest,Nice,0.2539,0.2252,0.5209,A,H,0
2021-01-08,Bundesliga,M'gladbach,Bayern Munich,0.1242,0.1488,0.7267,A,H,0
2021-01-08,LaLiga,Celta,Villarreal,0.3246,0.2202,0.4552,A,A,1
2021-01-09,Bundesliga,Freiburg,FC Koln,0.5612,0.2436,0.1952,H,H,1
2021-01-09,Bundesliga,Leverkusen,Werder Bremen,0.6166,0.2013,0.1821,H,D,0
2021-01-09,Bundesliga,Mainz,Ein Frankfurt,0.3748,0.2547,0.3704,H,A,0
2021-01-09,Bundesliga,Schalke 04,Hoffenheim,0.3104,0.2269,0.4628,A,H,0
2021-01-09,Bundesliga,Union Berlin,Wolfsburg,0.3218,0.2755,0.4027,A,D,0
2021-01-09,Bundesliga,RB Leipzig,Dortmund,0.3172,0.2262,0.4566,A,A,1
2021-01-09,Ligue1,Bordeaux,Lorient,0.4327,0.2626,0.3047,H,H,1
2021-01-09,Ligue1,Nimes,Lille,0.2525,0.3068,0.4408,A,A,1
2021-01-09,Ligue1,Paris SG,Brest,0.7606,0.1354,0.1036,H,H,1
2021-01-09,Ligue1,Montpellier,Nantes,0.1888,0.2765,0.5347,A,D,0
2021-01-09,Ligue1,Monaco,Angers,0.6723,0.2061,0.1216,H,H,1
2021-01-09,LaLiga,Osasuna,Real Madrid,0.1992,0.2257,0.575,A,D,0
2021-01-09,LaLiga,Granada,Barcelona,0.0412,0.0792,0.8779,A,A,1
2021-01-09,LaLiga,Sevilla,Sociedad,0.3914,0.2978,0.3107,H,H,1
2021-01-09,Ligue1,Reims,St Etienne,0.4337,0.2744,0.2919,H,H,1
2021-01-09,Ligue1,Lens,Strasbourg,0.354,0.2895,0.3565,A,A,1
2021-01-09,Ligue1,Metz,Nice,0.16,0.2121,0.6279,A,D,0
2021-01-09,SerieA,Benevento,Atalanta,0.1755,0.2439,0.5806,A,A,1
2021-01-09,SerieA,Genoa,Bologna,0.3003,0.2796,0.4201,A,H,0
2021-01-09,SerieA,Milan,Torino,0.5526,0.2564,0.1911,H,H,1
2021-01-09,Ligue1,Rennes,Lyon,0.3488,0.2296,0.4216,A,D,0
2021-01-09,Ligue1,Dijon,Marseille,0.2467,0.2488,0.5046,A,D,0
2021-01-10,Bundesliga,Augsburg,Stuttgart,0.2306,0.2486,0.5208,A,A,1
2021-01-10,SerieA,Roma,Inter,0.3315,0.2877,0.3808,A,D,0
2021-01-10,SerieA,Parma,Lazio,0.2854,0.2608,0.4538,A,A,1
2021-01-10,SerieA,Udinese,Napoli,0.1492,0.2519,0.5989,A,A,1
2021-01-10,SerieA,Juventus,Sassuolo,0.7315,0.1693,0.0992,H,H,1
2021-01-10,LaLiga,Valladolid,Valencia,0.1261,0.202,0.672,A,A,1
2021-01-10,Bundesliga,Bielefeld,Hertha,0.4952,0.2655,0.2393,H,H,1
2021-01-10,SerieA,Fiorentina,Cagliari,0.5991,0.2223,0.1785,H,H,1
2021-01-10,LaLiga,Levante,Eibar,0.3648,0.315,0.3202,H,H,1
2021-01-10,SerieA,Verona,Crotone,0.2744,0.3207,0.4049,A,H,0
2021-01-10,LaLiga,Cadiz,Alaves,0.2243,0.359,0.4167,A,H,0
2021-01-11,LaLiga,Huesca,Betis,0.3144,0.2814,0.4041,A,A,1
2021-01-11,SerieA,Spezia,Sampdoria,0.4582,0.2808,0.261,H,H,1
2021-01-11,LaLiga,Elche,Getafe,0.2872,0.326,0.3868,A,A,1
2021-01-12,EPL,Wolves,Everton,0.3152,0.2951,0.3898,A,A,1
2021-01-12,LaLiga,Granada,Osasuna,0.1914,0.225,0.5835,A,H,0
2021-01-12,LaLiga,Ath Madrid,Sevilla,0.6928,0.1924,0.1148,H,H,1
2021-01-12,EPL,Sheffield United,Newcastle,0.0708,0.116,0.8127,A,H,0
2021-01-12,EPL,Burnley,Man United,0.2953,0.2638,0.4409,A,A,1
2021-01-13,EPL,Tottenham,Fulham,0.3795,0.2354,0.3851,A,D,0
2021-01-13,EPL,Man City,Brighton,0.62,0.1993,0.1806,H,H,1
2021-01-14,EPL,Arsenal,Crystal Palace,0.5945,0.234,0.1715,H,D,0
2021-01-15,Ligue1,Montpellier,Monaco,0.0741,0.1524,0.7735,A,A,1
2021-01-15,Bundesliga,Union Berlin,Leverkusen,0.1639,0.2169,0.6192,A,H,0
2021-01-15,SerieA,Lazio,Roma,0.2853,0.2793,0.4355,A,H,0
2021-01-16,SerieA,Bologna,Verona,0.6389,0.2224,0.1386,H,H,1
2021-01-16,SerieA,Sampdoria,Udinese,0.2349,0.2668,0.4983,A,H,0
2021-01-16,Ligue1,Marseille,Nimes,0.582,0.2279,0.19,H,A,0
2021-01-16,Ligue1,Angers,Paris SG,0.0931,0.1655,0.7414,A,A,1
2021-01-16,SerieA,Torino,Spezia,0.5258,0.2891,0.1851,H,D,0
2021-01-16,EPL,Leicester,Southampton,0.451,0.2928,0.2561,H,H,1
2021-01-16,Bundesliga,Dortmund,Mainz,0.5186,0.2261,0.2554,H,D,0
2021-01-16,EPL,Fulham,Chelsea,0.2938,0.2633,0.4429,A,A,1
2021-01-16,EPL,West Ham,Burnley,0.5059,0.2435,0.2506,H,H,1
2021-01-16,EPL,Leeds,Brighton,0.1946,0.1858,0.6195,A,A,1
2021-01-16,Bundesliga,Stuttgart,M'gladbach,0.5713,0.1984,0.2303,H,D,0
2021-01-16,EPL,Wolves,West Brom,0.3829,0.2872,0.3298,H,A,0
2021-01-16,Bundesliga,Wolfsburg,RB Leipzig,0.3415,0.2538,0.4047,A,D,0
2021-01-16,Bundesliga,Werder Bremen,Augsburg,0.5027,0.2649,0.2324,H,H,1
2021-01-16,Bundesliga,Hoffenheim,Bielefeld,0.4051,0.2683,0.3266,H,D,0
2021-01-16,Bundesliga,FC Koln,Hertha,0.4068,0.2644,0.3288,H,D,0
2021-01-17,EPL,Man City,Crystal Palace,0.589,0.2254,0.1856,H,H,1
2021-01-17,EPL,Sheffield United,Tottenham,0.1708,0.177,0.652,A,A,1
2021-01-17,Ligue1,Brest,Rennes,0.372,0.2332,0.3948,A,A,1
2021-01-17,Ligue1,Nantes,Lens,0.2807,0.3004,0.4189,A,D,0
2021-01-17,Ligue1,Nice,Bordeaux,0.6444,0.2122,0.1434,H,A,0
2021-01-17,Ligue1,Lyon,Metz,0.6896,0.1777,0.1326,H,A,0
2021-01-17,EPL,Liverpool,Man United,0.6698,0.1891,0.1411,H,D,0
2021-01-17,Ligue1,Lille,Reims,0.5665,0.28,0.1535,H,H,1
2021-01-17,Bundesliga,Ein Frankfurt,Schalke 04,0.737,0.1565,0.1064,H,H,1
2021-01-17,SerieA,Inter,Juventus,0.5256,0.2571,0.2173,H,H,1
2021-01-17,SerieA,Atalanta,Genoa,0.6445,0.214,0.1415,H,D,0
2021-01-17,SerieA,Sassuolo,Parma,0.2807,0.2473,0.472,A,D,0
2021-01-17,Bundesliga,Bayern Munich,Freiburg,0.7795,0.1333,0.087,H,H,1
2021-01-17,SerieA,Napoli,Fiorentina,0.488,0.2755,0.2365,H,H,1
2021-01-17,SerieA,Crotone,Benevento,0.3646,0.3304,0.3049,H,H,1
2021-01-17,Ligue1,Strasbourg,St Etienne,0.6863,0.1762,0.1374,H,H,1
2021-01-18,SerieA,Cagliari,Milan,0.227,0.2343,0.5387,A,A,1
2021-01-18,EPL,Arsenal,Newcastle,0.5165,0.2454,0.2381,H,H,1
2021-01-19,Bundesliga,M'gladbach,Werder Bremen,0.3975,0.2322,0.3703,H,H,1
2021-01-19,Bundesliga,Hertha,Hoffenheim,0.3188,0.2212,0.46,A,A,1
2021-01-19,Bundesliga,Leverkusen,Dortmund,0.4689,0.2194,0.3116,H,H,1
2021-01-19,LaLiga,Alaves,Sevilla,0.3885,0.3176,0.2939,H,A,0
2021-01-19,LaLiga,Valladolid,Elche,0.2212,0.2678,0.511,A,D,0
2021-01-19,LaLiga,Cadiz,Levante,0.2342,0.3176,0.4483,A,D,0
2021-01-19,EPL,Leicester,Chelsea,0.1109,0.2019,0.6872,A,H,0
2021-01-19,EPL,West Ham,West Brom,0.365,0.2961,0.339,H,H,1
2021-01-19,Bundesliga,Mainz,Wolfsburg,0.4974,0.252,0.2505,H,A,0
2021-01-20,Bundesliga,Bielefeld,Stuttgart,0.2479,0.2575,0.4945,A,H,0
2021-01-20,SerieA,Udinese,Atalanta,0.1373,0.1999,0.6628,A,D,0
2021-01-20,Bundesliga,Freiburg,Ein Frankfurt,0.2926,0.2388,0.4686,A,D,0
2021-01-20,EPL,Man City,Aston Villa,0.5482,0.2382,0.2136,H,H,1
2021-01-20,EPL,Fulham,Man United,0.4424,0.2654,0.2921,H,A,0
2021-01-20,Bundesliga,Augsburg,Bayern Munich,0.0969,0.1683,0.7347,A,A,1
2021-01-20,Bundesliga,RB Leipzig,Union Berlin,0.5582,0.2417,0.2,H,H,1
2021-01-20,Bundesliga,Schalke 04,FC Koln,0.395,0.2725,0.3325,H,A,0
2021-01-20,Ligue1,Marseille,Lens,0.5083,0.239,0.2527,H,A,0
2021-01-20,LaLiga,Villarreal,Granada,0.8171,0.1139,0.0685,H,D,0
2021-01-20,LaLiga,Betis,Celta,0.4622,0.2289,0.3089,H,H,1
2021-01-20,LaLiga,Getafe,Huesca,0.3339,0.3421,0.3239,D,H,0
2021-01-21,LaLiga,Valencia,Osasuna,0.3769,0.2788,0.3443,H,D,0
2021-01-21,LaLiga,Eibar,Ath Madrid,0.1803,0.2663,0.5534,A,A,1
2021-01-21,EPL,Liverpool,Burnley,0.7985,0.1253,0.0759,H,A,0
2021-01-22,Ligue1,Paris SG,Montpellier,0.9232,0.056,0.0187,H,H,1
2021-01-22,LaLiga,Levante,Valladolid,0.7121,0.1859,0.102,H,D,0
2021-01-22,Bundesliga,M'gladbach,Dortmund,0.248,0.1991,0.5529,A,H,0
2021-01-22,SerieA,Benevento,Torino,0.356,0.3405,0.3035,H,D,0
2021-01-23,Ligue1,Monaco,Marseille,0.4458,0.2213,0.3329,H,H,1
2021-01-23,Ligue1,Lens,Nice,0.2942,0.2759,0.4299,A,A,1
2021-01-23,LaLiga,Huesca,Villarreal,0.2605,0.2595,0.48,A,D,0
2021-01-23,SerieA,Fiorentina,Crotone,0.5458,0.2585,0.1957,H,H,1
2021-01-23,LaLiga,Sevilla,Cadiz,0.5135,0.2912,0.1954,H,H,1
2021-01-23,LaLiga,Sociedad,Betis,0.2824,0.2714,0.4462,A,D,0
2021-01-23,LaLiga,Alaves,Real Madrid,0.1697,0.2551,0.5753,A,A,1
2021-01-23,SerieA,Milan,Atalanta,0.3183,0.2405,0.4412,A,A,1
2021-01-23,SerieA,Udinese,Inter,0.1152,0.1931,0.6917,A,D,0
2021-01-23,Bundesliga,Freiburg,Stuttgart,0.3077,0.2313,0.461,A,H,0
2021-01-23,Bundesliga,Augsburg,Union Berlin,0.3798,0.3114,0.3088,H,H,1
2021-01-23,Bundesliga,Hertha,Werder Bremen,0.2338,0.2191,0.5471,A,A,1
2021-01-23,Bundesliga,Bielefeld,Ein Frankfurt,0.2363,0.2657,0.498,A,A,1
2021-01-23,Bundesliga,Mainz,RB Leipzig,0.4272,0.2591,0.3137,H,H,1
2021-01-23,EPL,Aston Villa,Newcastle,0.3599,0.2491,0.391,A,H,0
2021-01-23,Bundesliga,Leverkusen,Wolfsburg,0.6388,0.1987,0.1625,H,A,0
2021-01-23,SerieA,Roma,Spezia,0.7582,0.1714,0.0704,H,H,1
2021-01-24,LaLiga,Ath Madrid,Valencia,0.6447,0.2155,0.1398,H,H,1
2021-01-24,LaLiga,Celta,Eibar,0.4593,0.2695,0.2713,H,D,0
2021-01-24,LaLiga,Elche,Barcelona,0.0763,0.1383,0.7852,A,A,1
2021-01-24,LaLiga,Osasuna,Granada,0.6651,0.1961,0.1388,H,H,1
2021-01-24,Ligue1,Bordeaux,Angers,0.4296,0.3067,0.2637,H,H,1
2021-01-24,Bundesliga,Hoffenheim,FC Koln,0.5231,0.2367,0.2402,H,H,1
2021-01-24,Ligue1,Metz,Nantes,0.342,0.2865,0.3715,A,H,0
2021-01-24,Ligue1,Reims,Brest,0.2978,0.2847,0.4174,A,H,0
2021-01-24,Ligue1,Rennes,Lille,0.3295,0.2676,0.4029,A,A,1
2021-01-24,Ligue1,St Etienne,Lyon,0.1651,0.1697,0.6651,A,A,1
2021-01-24,SerieA,Parma,Sampdoria,0.6397,0.2171,0.1432,H,A,0
2021-01-24,SerieA,Lazio,Sassuolo,0.7002,0.175,0.1248,H,H,1
2021-01-24,SerieA,Verona,Napoli,0.1186,0.246,0.6354,A,H,0
2021-01-24,SerieA,Genoa,Cagliari,0.4374,0.2844,0.2782,H,H,1
2021-01-24,SerieA,Juventus,Bologna,0.4553,0.2683,0.2763,H,H,1
2021-01-24,Ligue1,Dijon,Strasbourg,0.277,0.2957,0.4273,A,D,0
2021-01-24,Bundesliga,Schalke 04,Bayern Munich,0.051,0.0941,0.8539,A,A,1
2021-01-25,LaLiga,Ath Bilbao,Getafe,0.5589,0.3001,0.141,H,H,1
2021-01-26,EPL,West Brom,Man City,0.1861,0.2609,0.553,A,A,1
2021-01-26,EPL,Southampton,Arsenal,0.0453,0.1283,0.8263,A,A,1
2021-01-26,EPL,Newcastle,Leeds,0.7886,0.1266,0.0844,H,A,0
2021-01-26,EPL,Crystal Palace,West Ham,0.5211,0.2437,0.2352,H,A,0
2021-01-27,Ligue1,Lorient,Dijon,0.3321,0.284,0.3839,A,H,0
2021-01-27,EPL,Everton,Leicester,0.6349,0.2455,0.1195,H,D,0
2021-01-27,EPL,Burnley,Aston Villa,0.1982,0.227,0.5748,A,H,0
2021-01-27,EPL,Chelsea,Wolves,0.5834,0.2273,0.1893,H,D,0
2021-01-27,EPL,Brighton,Fulham,0.4721,0.2308,0.297,H,D,0
2021-01-27,EPL,Man United,Sheffield United,0.6923,0.1819,0.1258,H,A,0
2021-01-28,EPL,Tottenham,Liverpool,0.1862,0.181,0.6327,A,A,1
2021-01-29,Bundesliga,Stuttgart,Mainz,0.4466,0.2412,0.3122,H,H,1
2021-01-29,Ligue1,Lyon,Bordeaux,0.6255,0.2076,0.1669,H,H,1
2021-01-29,SerieA,Torino,Fiorentina,0.2572,0.2886,0.4542,A,D,0
2021-01-29,LaLiga,Valladolid,Huesca,0.1374,0.235,0.6276,A,A,1
2021-01-30,EPL,Man City,Sheffield United,0.9009,0.069,0.0285,H,H,1
2021-01-30,EPL,Crystal Palace,Wolves,0.5129,0.2396,0.2475,H,H,1
2021-01-30,EPL,Everton,Newcastle,0.3001,0.2852,0.4147,A,A,1
2021-01-30,LaLiga,Eibar,Sevilla,0.4084,0.3016,0.2899,H,A,0
2021-01-30,EPL,Arsenal,Man United,0.658,0.2155,0.1265,H,D,0
2021-01-30,EPL,Southampton,Aston Villa,0.0931,0.1804,0.7265,A,A,1
2021-01-30,LaLiga,Real Madrid,Levante,0.694,0.1876,0.1184,H,A,0
2021-01-30,EPL,West Brom,Fulham,0.3529,0.2937,0.3534,A,D,0
2021-01-30,LaLiga,Villarreal,Sociedad,0.608,0.2209,0.1711,H,D,0
2021-01-30,Bundesliga,Bayern Munich,Hoffenheim,0.8553,0.0887,0.0542,H,H,1
2021-01-30,Bundesliga,Ein Frankfurt,Hertha,0.7406,0.1518,0.1075,H,H,1
2021-01-30,Bundesliga,Dortmund,Augsburg,0.6699,0.196,0.1341,H,H,1
2021-01-30,SerieA,Inter,Benevento,0.6831,0.2077,0.1092,H,H,1
2021-01-30,SerieA,Sampdoria,Juventus,0.0929,0.1841,0.7229,A,A,1
2021-01-30,SerieA,Bologna,Milan,0.3725,0.2492,0.3783,A,A,1
2021-01-30,Ligue1,Montpellier,Lens,0.123,0.2359,0.6411,A,A,1
2021-01-30,LaLiga,Valencia,Elche,0.526,0.2702,0.2037,H,H,1
2021-01-30,Bundesliga,RB Leipzig,Leverkusen,0.2857,0.2365,0.4778,A,H,0
2021-01-30,Bundesliga,Werder Bremen,Schalke 04,0.634,0.1991,0.1669,H,D,0
2021-01-30,Bundesliga,Union Berlin,M'gladbach,0.3272,0.2544,0.4184,A,D,0
2021-01-31,Bundesliga,FC Koln,Bielefeld,0.2923,0.3162,0.3915,A,H,0
2021-01-31,SerieA,Atalanta,Lazio,0.5709,0.2231,0.2059,H,A,0
2021-01-31,SerieA,Cagliari,Sassuolo,0.5339,0.2334,0.2328,H,D,0
2021-01-31,SerieA,Crotone,Genoa,0.3497,0.3208,0.3296,H,A,0
2021-01-31,SerieA,Napoli,Parma,0.6267,0.2366,0.1367,H,H,1
2021-01-31,EPL,Chelsea,Burnley,0.6832,0.192,0.1247,H,H,1
2021-01-31,EPL,Leicester,Leeds,0.3288,0.2561,0.4151,A,A,1
2021-01-31,EPL,West Ham,Liverpool,0.1745,0.1981,0.6274,A,A,1
2021-01-31,SerieA,Roma,Verona,0.7049,0.2055,0.0896,H,H,1
2021-01-31,Bundesliga,Wolfsburg,Freiburg,0.4102,0.2552,0.3346,H,H,1
2021-01-31,SerieA,Spezia,Udinese,0.2894,0.2886,0.422,A,A,1
2021-01-31,EPL,Brighton,Tottenham,0.5427,0.2013,0.256,H,H,1
2021-01-31,Ligue1,Lille,Dijon,0.5177,0.2873,0.195,H,H,1
2021-01-31,Ligue1,Nantes,Monaco,0.2116,0.2431,0.5454,A,A,1
2021-01-31,LaLiga,Getafe,Alaves,0.3358,0.3583,0.3059,D,D,1
2021-01-31,LaLiga,Barcelona,Ath Bilbao,0.4798,0.2662,0.2541,H,H,1
2021-01-31,LaLiga,Granada,Celta,0.1701,0.1927,0.6372,A,D,0
2021-01-31,Ligue1,Strasbourg,Reims,0.5543,0.2738,0.1718,H,A,0
2021-01-31,LaLiga,Cadiz,Ath Madrid,0.0892,0.2077,0.7031,A,A,1
2021-01-31,Ligue1,Lorient,Paris SG,0.0951,0.1346,0.77,A,H,0
2021-01-31,Ligue1,Brest,Metz,0.5553,0.2237,0.221,H,A,0
2021-01-31,Ligue1,Angers,Nimes,0.2803,0.332,0.3877,A,H,0
2021-01-31,Ligue1,Nice,St Etienne,0.7681,0.1379,0.0937,H,A,0
2021-02-01,LaLiga,Betis,Osasuna,0.4703,0.2475,0.2822,H,H,1
2021-02-02,EPL,Wolves,Arsenal,0.1619,0.2205,0.6176,A,H,0
2021-02-02,EPL,Sheffield United,West Brom,0.1803,0.2362,0.5835,A,H,0
2021-02-02,EPL,Newcastle,Crystal Palace,0.5196,0.2325,0.2479,H,A,0
2021-02-02,EPL,Man United,Southampton,0.6776,0.2094,0.113,H,H,1
2021-02-03,Ligue1,Strasbourg,Brest,0.5215,0.2315,0.247,H,D,0
2021-02-03,Ligue1,Bordeaux,Lille,0.2211,0.276,0.5029,A,A,1
2021-02-03,Ligue1,Metz,Montpellier,0.5748,0.2514,0.1738,H,D,0
2021-02-03,Ligue1,Reims,Angers,0.377,0.3489,0.2741,H,D,0
2021-02-03,Ligue1,Rennes,Lorient,0.5931,0.2085,0.1984,H,D,0
2021-02-03,Ligue1,Dijon,Lyon,0.26,0.2606,0.4794,A,A,1
2021-02-03,EPL,Liverpool,Brighton,0.6261,0.184,0.1899,H,A,0
2021-02-03,Ligue1,Monaco,Nice,0.4006,0.2469,0.3524,H,H,1
2021-02-03,Ligue1,Lens,Marseille,0.3261,0.2514,0.4225,A,D,0
2021-02-03,EPL,Aston Villa,West Ham,0.56,0.2344,0.2056,H,A,0
2021-02-03,EPL,Fulham,Leicester,0.6682,0.2046,0.1272,H,A,0
2021-02-03,EPL,Burnley,Man City,0.1127,0.1755,0.7117,A,A,1
2021-02-03,EPL,Leeds,Everton,0.2093,0.2537,0.5371,A,A,1
2021-02-03,Ligue1,St Etienne,Nantes,0.3386,0.2521,0.4093,A,D,0
2021-02-03,Ligue1,Paris SG,Nimes,0.7161,0.1773,0.1066,H,H,1
2021-02-04,EPL,Tottenham,Chelsea,0.2594,0.2319,0.5086,A,A,1
2021-02-05,LaLiga,Alaves,Valladolid,0.6677,0.224,0.1083,H,H,1
2021-02-05,SerieA,Fiorentina,Inter,0.2599,0.2486,0.4915,A,A,1
2021-02-05,Bundesliga,Hertha,Bayern Munich,0.0507,0.0901,0.8579,A,A,1
2021-02-06,EPL,Burnley,Brighton,0.2274,0.2129,0.5597,A,D,0
2021-02-06,EPL,Newcastle,Southampton,0.852,0.1045,0.0432,H,H,1
2021-02-06,EPL,Fulham,West Ham,0.4786,0.2503,0.2711,H,D,0
2021-02-06,EPL,Man United,Everton,0.3162,0.3171,0.3667,A,D,0
2021-02-06,SerieA,Atalanta,Torino,0.643,0.2237,0.1333,H,D,0
2021-02-06,SerieA,Sassuolo,Spezia,0.4442,0.2612,0.2946,H,A,0
2021-02-06,LaLiga,Sevilla,Getafe,0.3803,0.3078,0.3118,H,H,1
2021-02-06,SerieA,Genoa,Napoli,0.1972,0.2938,0.5089,A,H,0
2021-02-06,SerieA,Juventus,Roma,0.3279,0.3044,0.3677,A,H,0
2021-02-06,LaLiga,Huesca,Real Madrid,0.1774,0.245,0.5776,A,A,1
2021-02-06,LaLiga,Elche,Villarreal,0.1588,0.209,0.6322,A,D,0
2021-02-06,Bundesliga,M'gladbach,FC Koln,0.5824,0.2237,0.1938,H,A,0
2021-02-06,Bundesliga,Schalke 04,RB Leipzig,0.1956,0.216,0.5884,A,A,1
2021-02-06,Bundesliga,Mainz,Union Berlin,0.5618,0.2497,0.1885,H,H,1
2021-02-06,Bundesliga,Leverkusen,Stuttgart,0.5369,0.2124,0.2507,H,H,1
2021-02-06,Bundesliga,Freiburg,Dortmund,0.2493,0.2154,0.5353,A,H,0
2021-02-06,Bundesliga,Augsburg,Wolfsburg,0.3187,0.2906,0.3907,A,A,1
2021-02-06,LaLiga,Levante,Granada,0.6017,0.2257,0.1726,H,D,0
2021-02-06,Ligue1,Lens,Rennes,0.4048,0.271,0.3242,H,D,0
2021-02-06,Ligue1,Lyon,Strasbourg,0.4518,0.2405,0.3077,H,H,1
2021-02-06,Ligue1,Lorient,Reims,0.3905,0.2967,0.3128,H,H,1
2021-02-06,EPL,Aston Villa,Arsenal,0.2567,0.2677,0.4756,A,H,0
2021-02-07,LaLiga,Betis,Barcelona,0.2032,0.1916,0.6052,A,A,1
2021-02-07,LaLiga,Osasuna,Eibar,0.4166,0.2995,0.284,H,H,1
2021-02-07,SerieA,Lazio,Cagliari,0.5639,0.2346,0.2015,H,H,1
2021-02-07,SerieA,Parma,Bologna,0.2826,0.2589,0.4585,A,A,1
2021-02-07,EPL,Sheffield United,Chelsea,0.0865,0.1471,0.7663,A,A,1
2021-02-07,SerieA,Milan,Crotone,0.569,0.2451,0.1859,H,H,1
2021-02-07,EPL,Liverpool,Man City,0.4027,0.2415,0.3558,H,A,0
2021-02-07,EPL,Wolves,Leicester,0.6264,0.2185,0.1551,H,D,0
2021-02-07,EPL,Tottenham,West Brom,0.4031,0.2667,0.3303,H,H,1
2021-02-07,Ligue1,Brest,Bordeaux,0.4916,0.2459,0.2625,H,H,1
2021-02-07,Ligue1,Montpellier,Dijon,0.1681,0.2831,0.5488,A,H,0
2021-02-07,Ligue1,Nice,Angers,0.6762,0.2087,0.1151,H,H,1
2021-02-07,Ligue1,Nimes,Monaco,0.2424,0.268,0.4896,A,A,1
2021-02-07,Ligue1,St Etienne,Metz,0.4033,0.2396,0.357,H,H,1
2021-02-07,Ligue1,Nantes,Lille,0.2256,0.2822,0.4922,A,A,1
2021-02-07,SerieA,Udinese,Verona,0.4431,0.2948,0.2621,H,H,1
2021-02-07,Ligue1,Marseille,Paris SG,0.2798,0.2004,0.5197,A,A,1
2021-02-07,LaLiga,Sociedad,Cadiz,0.4814,0.3218,0.1968,H,H,1
2021-02-07,Bundesliga,Hoffenheim,Ein Frankfurt,0.2374,0.2062,0.5564,A,A,1
2021-02-07,SerieA,Benevento,Sampdoria,0.6048,0.2479,0.1473,H,D,0
2021-02-07,LaLiga,Ath Bilbao,Valencia,0.5563,0.2798,0.1639,H,D,0
2021-02-08,EPL,Leeds,Crystal Palace,0.1981,0.2087,0.5931,A,H,0
2021-02-08,LaLiga,Ath Madrid,Celta,0.6364,0.2014,0.1622,H,D,0
2021-02-09,LaLiga,Real Madrid,Getafe,0.68,0.2052,0.1147,H,H,1
2021-02-12,LaLiga,Celta,Elche,0.6061,0.2227,0.1712,H,H,1
2021-02-12,Bundesliga,RB Leipzig,Augsburg,0.5394,0.2581,0.2025,H,H,1
2021-02-12,SerieA,Bologna,Benevento,0.5143,0.2693,0.2165,H,D,0
2021-02-13,LaLiga,Granada,Ath Madrid,0.0685,0.1339,0.7974,A,A,1
2021-02-13,LaLiga,Sevilla,Huesca,0.3536,0.3055,0.341,H,H,1
2021-02-13,SerieA,Napoli,Juventus,0.443,0.3043,0.2528,H,H,1
2021-02-13,SerieA,Torino,Genoa,0.3505,0.3301,0.3195,H,D,0
2021-02-13,Ligue1,Lyon,Montpellier,0.8296,0.1171,0.053,H,A,0
2021-02-13,Ligue1,Reims,Lens,0.2452,0.327,0.4278,A,D,0
2021-02-13,Ligue1,Paris SG,Nice,0.5599,0.211,0.2291,H,H,1
2021-02-13,SerieA,Spezia,Milan,0.1287,0.1974,0.6739,A,H,0
2021-02-13,LaLiga,Eibar,Valladolid,0.6964,0.2028,0.1008,H,D,0
2021-02-13,LaLiga,Barcelona,Alaves,0.7164,0.1822,0.1014,H,H,1
2021-02-13,Bundesliga,Dortmund,Hoffenheim,0.7197,0.1487,0.1314,H,D,0
2021-02-13,Bundesliga,Leverkusen,Mainz,0.5351,0.2347,0.2302,H,D,0
2021-02-13,EPL,Man City,Tottenham,0.7106,0.1655,0.1238,H,H,1
2021-02-13,EPL,Crystal Palace,Burnley,0.6196,0.2119,0.1684,H,A,0
2021-02-13,EPL,Leicester,Liverpool,0.0682,0.1315,0.8001,A,H,0
2021-02-13,EPL,Brighton,Aston Villa,0.3805,0.2402,0.3793,H,D,0
2021-02-13,Bundesliga,Union Berlin,Schalke 04,0.4863,0.2589,0.2548,H,D,0
2021-02-13,Bundesliga,Werder Bremen,Freiburg,0.4471,0.2448,0.3081,H,D,0
2021-02-13,Bundesliga,Stuttgart,Hertha,0.741,0.1473,0.1115,H,D,0
2021-02-14,Bundesliga,Ein Frankfurt,FC Koln,0.6956,0.1867,0.1176,H,H,1
2021-02-14,SerieA,Crotone,Sassuolo,0.5298,0.2547,0.2155,H,A,0
2021-02-14,EPL,Southampton,Wolves,0.1588,0.2239,0.6173,A,A,1
2021-02-14,EPL,West Brom,Man United,0.3789,0.3074,0.3138,H,D,0
2021-02-14,EPL,Arsenal,Leeds,0.8319,0.1133,0.0545,H,H,1
2021-02-14,EPL,Everton,Fulham,0.4123,0.2984,0.2894,H,A,0
2021-02-14,SerieA,Roma,Udinese,0.6715,0.2143,0.1142,H,H,1
2021-02-14,SerieA,Sampdoria,Fiorentina,0.0996,0.1728,0.7276,A,H,0
2021-02-14,Bundesliga,Wolfsburg,M'gladbach,0.4218,0.238,0.3402,H,D,0
2021-02-14,SerieA,Inter,Lazio,0.6069,0.2191,0.174,H,H,1
2021-02-14,LaLiga,Real Madrid,Valencia,0.6733,0.194,0.1327,H,H,1
2021-02-14,SerieA,Cagliari,Atalanta,0.1559,0.2047,0.6393,A,A,1
2021-02-14,Ligue1,Bordeaux,Marseille,0.2121,0.2201,0.5678,A,D,0
2021-02-14,Ligue1,Lille,Brest,0.5449,0.2362,0.2189,H,D,0
2021-02-14,Ligue1,Rennes,St Etienne,0.6595,0.1776,0.1629,H,A,0
2021-02-14,Ligue1,Metz,Strasbourg,0.211,0.245,0.544,A,A,1
2021-02-14,Ligue1,Dijon,Nimes,0.3589,0.3344,0.3067,H,A,0
2021-02-14,LaLiga,Villarreal,Betis,0.5107,0.2166,0.2726,H,A,0
2021-02-14,LaLiga,Levante,Osasuna,0.348,0.284,0.368,A,A,1
2021-02-14,Ligue1,Angers,Nantes,0.3179,0.3185,0.3636,A,A,1
2021-02-14,Ligue1,Monaco,Lorient,0.699,0.1717,0.1292,H,D,0
2021-02-14,LaLiga,Getafe,Sociedad,0.3684,0.3339,0.2976,H,A,0
2021-02-15,Bundesliga,Bayern Munich,Bielefeld,0.7787,0.1472,0.074,H,D,0
2021-02-15,EPL,Chelsea,Newcastle,0.3942,0.2558,0.3499,H,H,1
2021-02-15,EPL,West Ham,Sheffield United,0.6803,0.1812,0.1385,H,H,1
2021-02-15,SerieA,Verona,Parma,0.2809,0.2921,0.427,A,H,0
2021-02-15,LaLiga,Cadiz,Ath Bilbao,0.1083,0.2833,0.6084,A,A,1
2021-02-17,EPL,Everton,Man City,0.2341,0.2897,0.4762,A,A,1
2021-02-17,EPL,Burnley,Fulham,0.2632,0.2443,0.4925,A,D,0
2021-02-17,Ligue1,Marseille,Nice,0.4001,0.2302,0.3697,H,H,1
2021-02-17,LaLiga,Levante,Ath Madrid,0.1711,0.2401,0.5888,A,D,0
2021-02-19,Ligue1,Brest,Lyon,0.2972,0.2167,0.4861,A,A,1
2021-02-19,SerieA,Cagliari,Torino,0.355,0.3077,0.3373,H,A,0
2021-02-19,SerieA,Fiorentina,Spezia,0.7233,0.1786,0.0981,H,H,1
2021-02-19,Bundesliga,Bielefeld,Wolfsburg,0.3362,0.2956,0.3683,A,A,1
2021-02-19,LaLiga,Betis,Getafe,0.5114,0.2655,0.2231,H,H,1
2021-02-19,EPL,Wolves,Leeds,0.5866,0.2055,0.2078,H,H,1
2021-02-20,EPL,Fulham,Sheffield United,0.7473,0.1518,0.1008,H,H,1
2021-02-20,EPL,Liverpool,Everton,0.5614,0.2464,0.1921,H,A,0
2021-02-20,LaLiga,Valladolid,Real Madrid,0.029,0.074,0.8958,A,A,1
2021-02-20,EPL,Burnley,West Brom,0.2903,0.287,0.4227,A,D,0
2021-02-20,LaLiga,Ath Madrid,Levante,0.6648,0.2097,0.1255,H,A,0
2021-02-20,EPL,Southampton,Chelsea,0.0804,0.1731,0.7465,A,D,0
2021-02-20,Ligue1,St Etienne,Reims,0.3633,0.2794,0.3574,H,D,0
2021-02-20,Ligue1,Nantes,Marseille,0.218,0.2259,0.5561,A,D,0
2021-02-20,LaLiga,Valencia,Celta,0.3662,0.2552,0.3786,A,H,0
2021-02-20,LaLiga,Elche,Eibar,0.266,0.3185,0.4155,A,H,0
2021-02-20,Bundesliga,FC Koln,Stuttgart,0.1715,0.2118,0.6167,A,A,1
2021-02-20,SerieA,Sassuolo,Bologna,0.1738,0.2029,0.6233,A,D,0
2021-02-20,SerieA,Genoa,Verona,0.5071,0.2902,0.2027,H,D,0
2021-02-20,SerieA,Lazio,Sampdoria,0.7662,0.1541,0.0796,H,H,1
2021-02-20,Bundesliga,Ein Frankfurt,Bayern Munich,0.2221,0.2017,0.5762,A,H,0
2021-02-20,Bundesliga,Schalke 04,Dortmund,0.1196,0.1548,0.7254,A,A,1
2021-02-20,Bundesliga,M'gladbach,Mainz,0.3289,0.2443,0.4269,A,A,1
2021-02-20,Bundesliga,Freiburg,Union Berlin,0.4863,0.2614,0.2523,H,A,0
2021-02-21,Bundesliga,Hertha,RB Leipzig,0.1998,0.2107,0.5895,A,A,1
2021-02-21,EPL,Arsenal,Man City,0.4212,0.2756,0.3032,H,A,0
2021-02-21,LaLiga,Ath Bilbao,Villarreal,0.4635,0.2749,0.2616,H,D,0
2021-02-21,LaLiga,Huesca,Granada,0.5938,0.2411,0.1651,H,H,1
2021-02-21,LaLiga,Sociedad,Alaves,0.3374,0.3474,0.3152,D,H,0
2021-02-21,LaLiga,Barcelona,Cadiz,0.8529,0.1062,0.0407,H,D,0
2021-02-21,EPL,Man United,Newcastle,0.2462,0.2426,0.5112,A,H,0
2021-02-21,EPL,Aston Villa,Leicester,0.7355,0.1744,0.09,H,A,0
2021-02-21,Ligue1,Montpellier,Rennes,0.1174,0.1957,0.6869,A,H,0
2021-02-21,Bundesliga,Augsburg,Leverkusen,0.1678,0.2335,0.5987,A,D,0
2021-02-21,Ligue1,Lens,Dijon,0.446,0.31,0.244,H,H,1
2021-02-21,SerieA,Benevento,Roma,0.1894,0.2905,0.5202,A,D,0
2021-02-21,SerieA,Milan,Inter,0.2732,0.2437,0.4831,A,A,1
2021-02-21,SerieA,Atalanta,Napoli,0.4021,0.2841,0.3138,H,H,1
2021-02-21,Ligue1,Nice,Metz,0.706,0.1802,0.1138,H,A,0
2021-02-21,Bundesliga,Hoffenheim,Werder Bremen,0.3339,0.227,0.4391,A,H,0
2021-02-21,EPL,West Ham,Tottenham,0.4,0.2371,0.3629,H,H,1
2021-02-21,Ligue1,Nimes,Bordeaux,0.4191,0.3076,0.2733,H,H,1
2021-02-21,Ligue1,Strasbourg,Angers,0.5982,0.2479,0.1539,H,D,0
2021-02-21,Ligue1,Lorient,Lille,0.2028,0.2393,0.5579,A,A,1
2021-02-21,Ligue1,Paris SG,Monaco,0.5875,0.199,0.2135,H,A,0
2021-02-21,SerieA,Parma,Udinese,0.4528,0.2731,0.2741,H,D,0
2021-02-22,LaLiga,Osasuna,Sevilla,0.4681,0.2652,0.2667,H,A,0
2021-02-22,EPL,Brighton,Crystal Palace,0.4227,0.2378,0.3395,H,A,0
2021-02-22,SerieA,Juventus,Crotone,0.5475,0.2739,0.1786,H,H,1
2021-02-23,EPL,Leeds,Southampton,0.5753,0.228,0.1967,H,H,1
2021-02-24,Ligue1,Nimes,Lorient,0.467,0.2733,0.2598,H,H,1
2021-02-24,LaLiga,Barcelona,Elche,0.8458,0.105,0.0489,H,H,1
2021-02-26,Ligue1,Rennes,Nice,0.2999,0.2424,0.4577,A,A,1
2021-02-26,Bundesliga,Werder Bremen,Ein Frankfurt,0.3205,0.2372,0.4423,A,H,0
2021-02-26,LaLiga,Levante,Ath Bilbao,0.1929,0.3022,0.5048,A,D,0
2021-02-27,EPL,West Brom,Brighton,0.326,0.2683,0.4057,A,H,0
2021-02-27,EPL,Newcastle,Wolves,0.6303,0.1971,0.1725,H,D,0
2021-02-27,SerieA,Bologna,Lazio,0.4152,0.2565,0.3283,H,H,1
2021-02-27,Ligue1,Bordeaux,Metz,0.4434,0.276,0.2805,H,A,0
2021-02-27,Ligue1,Dijon,Paris SG,0.1469,0.208,0.6452,A,A,1
2021-02-27,SerieA,Verona,Juventus,0.1543,0.2554,0.5903,A,D,0
2021-02-27,LaLiga,Getafe,Valencia,0.3379,0.3136,0.3485,A,H,0
2021-02-27,EPL,Leeds,Aston Villa,0.1697,0.1968,0.6335,A,A,1
2021-02-27,EPL,Man City,West Ham,0.6969,0.1842,0.1189,H,H,1
2021-02-27,LaLiga,Alaves,Osasuna,0.3328,0.3189,0.3483,A,A,1
2021-02-27,Bundesliga,Dortmund,Bielefeld,0.6434,0.2086,0.148,H,H,1
2021-02-27,LaLiga,Eibar,Huesca,0.3601,0.3371,0.3028,H,D,0
2021-02-27,SerieA,Spezia,Parma,0.2451,0.2732,0.4817,A,D,0
2021-02-27,Bundesliga,RB Leipzig,M'gladbach,0.5054,0.2244,0.2702,H,H,1
2021-02-27,Bundesliga,Bayern Munich,FC Koln,0.8716,0.0894,0.0384,H,H,1
2021-02-27,LaLiga,Sevilla,Barcelona,0.1216,0.1653,0.7131,A,A,1
2021-02-27,Bundesliga,Stuttgart,Schalke 04,0.7378,0.1518,0.1103,H,H,1
2021-02-27,Bundesliga,Wolfsburg,Hertha,0.5943,0.2121,0.1936,H,H,1
2021-02-28,SerieA,Roma,Milan,0.477,0.2635,0.2595,H,A,0
2021-02-28,Ligue1,Marseille,Lyon,0.4622,0.2113,0.3266,H,D,0
2021-02-28,Bundesliga,Leverkusen,Freiburg,0.6392,0.1972,0.1636,H,A,0
2021-02-28,Bundesliga,Mainz,Augsburg,0.5423,0.2669,0.1908,H,A,0
2021-02-28,Bundesliga,Union Berlin,Hoffenheim,0.388,0.2526,0.3595,H,D,0
2021-02-28,LaLiga,Celta,Valladolid,0.8213,0.1168,0.0615,H,D,0
2021-02-28,Ligue1,Angers,Lens,0.2281,0.3056,0.4663,A,D,0
2021-02-28,Ligue1,Lorient,St Etienne,0.4817,0.22,0.2984,H,H,1
2021-02-28,Ligue1,Nimes,Nantes,0.4097,0.3131,0.2772,H,D,0
2021-02-28,Ligue1,Reims,Montpellier,0.538,0.2978,0.1642,H,D,0
2021-02-28,Ligue1,Lille,Strasbourg,0.4267,0.2809,0.2924,H,D,0
2021-02-28,Ligue1,Monaco,Brest,0.6005,0.2005,0.199,H,H,1
2021-02-28,SerieA,Udinese,Fiorentina,0.2126,0.2448,0.5426,A,H,0
2021-02-28,SerieA,Napoli,Benevento,0.5906,0.27,0.1394,H,H,1
2021-02-28,SerieA,Crotone,Cagliari,0.4059,0.2958,0.2982,H,A,0
2021-02-28,SerieA,Sampdoria,Atalanta,0.0548,0.1184,0.8266,A,A,1
2021-02-28,LaLiga,Cadiz,Betis,0.17,0.2532,0.5769,A,A,1
2021-02-28,LaLiga,Granada,Elche,0.3307,0.277,0.3922,A,H,0
2021-02-28,LaLiga,Villarreal,Ath Madrid,0.3091,0.2404,0.4504,A,A,1
2021-02-28,EPL,Tottenham,Burnley,0.5572,0.2122,0.2306,H,H,1
2021-02-28,EPL,Leicester,Arsenal,0.0652,0.157,0.7778,A,A,1
2021-02-28,EPL,Crystal Palace,Fulham,0.4544,0.2542,0.2914,H,D,0
2021-02-28,SerieA,Inter,Genoa,0.6727,0.2079,0.1194,H,H,1
2021-02-28,EPL,Sheffield United,Liverpool,0.046,0.0844,0.868,A,A,1
2021-02-28,EPL,Chelsea,Man United,0.55,0.2511,0.1989,H,D,0
2021-03-01,LaLiga,Real Madrid,Sociedad,0.6973,0.1928,0.1099,H,D,0
2021-03-01,EPL,Everton,Southampton,0.6926,0.2175,0.0899,H,H,1
2021-03-02,SerieA,Juventus,Spezia,0.7177,0.1907,0.0916,H,H,1
2021-03-02,EPL,Man City,Wolves,0.6931,0.182,0.1248,H,H,1
2021-03-03,Ligue1,Nice,Nimes,0.5752,0.2498,0.175,H,H,1
2021-03-03,Ligue1,St Etienne,Lens,0.2284,0.2345,0.537,A,A,1
2021-03-03,Ligue1,Lille,Marseille,0.4045,0.2492,0.3463,H,H,1
2021-03-03,Ligue1,Nantes,Reims,0.3955,0.3296,0.2749,H,A,0
2021-03-03,Ligue1,Montpellier,Lorient,0.2112,0.251,0.5379,A,D,0
2021-03-03,SerieA,Genoa,Sampdoria,0.6405,0.227,0.1325,H,D,0
2021-03-03,Ligue1,Strasbourg,Monaco,0.3568,0.2551,0.3881,A,H,0
2021-03-03,Ligue1,Bordeaux,Paris SG,0.1179,0.1719,0.7101,A,A,1
2021-03-03,Ligue1,Metz,Angers,0.3942,0.3002,0.3056,H,A,0
2021-03-03,SerieA,Cagliari,Bologna,0.262,0.2524,0.4856,A,H,0
2021-03-03,Ligue1,Brest,Dijon,0.4335,0.2707,0.2958,H,H,1
2021-03-03,SerieA,Fiorentina,Roma,0.313,0.2809,0.4061,A,A,1
2021-03-03,EPL,Burnley,Leicester,0.5179,0.2552,0.2268,H,D,0
2021-03-03,EPL,Sheffield United,Aston Villa,0.1016,0.1551,0.7432,A,H,0
2021-03-03,EPL,Crystal Palace,Man United,0.4834,0.2609,0.2558,H,D,0
2021-03-03,SerieA,Benevento,Verona,0.4742,0.3077,0.218,H,A,0
2021-03-03,SerieA,Milan,Udinese,0.6476,0.2047,0.1477,H,D,0
2021-03-03,SerieA,Sassuolo,Napoli,0.1052,0.1887,0.7061,A,D,0
2021-03-03,SerieA,Atalanta,Crotone,0.6606,0.2114,0.128,H,H,1
2021-03-03,Ligue1,Lyon,Rennes,0.5143,0.2186,0.2671,H,H,1
2021-03-04,EPL,West Brom,Everton,0.3038,0.3441,0.3521,A,A,1
2021-03-04,SerieA,Parma,Inter,0.1453,0.2104,0.6443,A,A,1
2021-03-04,EPL,Liverpool,Chelsea,0.505,0.2361,0.2589,H,A,0
2021-03-04,EPL,Fulham,Tottenham,0.475,0.2289,0.296,H,A,0
2021-03-05,Bundesliga,Schalke 04,Mainz,0.1842,0.2226,0.5932,A,D,0
2021-03-05,LaLiga,Valencia,Villarreal,0.2745,0.239,0.4865,A,H,0
2021-03-06,LaLiga,Osasuna,Barcelona,0.1652,0.1908,0.6439,A,A,1
2021-03-06,SerieA,Juventus,Lazio,0.4576,0.2692,0.2732,H,H,1
2021-03-06,Bundesliga,Hoffenheim,Wolfsburg,0.3632,0.2357,0.401,A,H,0
2021-03-06,Bundesliga,Hertha,Augsburg,0.3252,0.2769,0.3979,A,H,0
2021-03-06,Bundesliga,Freiburg,RB Leipzig,0.3447,0.2517,0.4036,A,A,1
2021-03-06,Bundesliga,Ein Frankfurt,Stuttgart,0.4477,0.225,0.3273,H,D,0
2021-03-06,LaLiga,Cadiz,Eibar,0.2213,0.3393,0.4395,A,H,0
2021-03-06,LaLiga,Elche,Sevilla,0.2983,0.2905,0.4112,A,H,0
2021-03-06,LaLiga,Valladolid,Getafe,0.1558,0.2516,0.5926,A,H,0
2021-03-06,SerieA,Udinese,Sassuolo,0.4913,0.2483,0.2604,H,H,1
2021-03-06,SerieA,Spezia,Benevento,0.2408,0.3028,0.4563,A,D,0
2021-03-06,Bundesliga,Bayern Munich,Dortmund,0.6315,0.1778,0.1906,H,H,1
2021-03-06,Bundesliga,M'gladbach,Leverkusen,0.2226,0.2055,0.5719,A,A,1
2021-03-06,EPL,Aston Villa,Wolves,0.5528,0.2308,0.2164,H,D,0
2021-03-06,EPL,Sheffield United,Southampton,0.4525,0.2583,0.2892,H,A,0
2021-03-06,EPL,Burnley,Arsenal,0.1052,0.1825,0.7123,A,D,0
2021-03-06,EPL,Brighton,Leicester,0.738,0.1619,0.1,H,A,0
2021-03-07,EPL,Liverpool,Fulham,0.6458,0.1906,0.1636,H,A,0
2021-03-07,LaLiga,Ath Bilbao,Granada,0.7724,0.1623,0.0653,H,H,1
2021-03-07,LaLiga,Sociedad,Levante,0.3591,0.3093,0.3317,H,H,1
2021-03-07,LaLiga,Ath Madrid,Real Madrid,0.4057,0.2571,0.3373,H,D,0
2021-03-07,LaLiga,Huesca,Celta,0.3433,0.2779,0.3789,A,A,1
2021-03-07,SerieA,Roma,Genoa,0.5804,0.2615,0.1581,H,H,1
2021-03-07,EPL,Man City,Man United,0.6568,0.2072,0.136,H,A,0
2021-03-07,EPL,West Brom,Newcastle,0.2435,0.2649,0.4916,A,D,0
2021-03-07,SerieA,Crotone,Torino,0.3557,0.3387,0.3057,H,H,1
2021-03-07,SerieA,Fiorentina,Parma,0.5715,0.2326,0.1959,H,D,0
2021-03-07,SerieA,Verona,Milan,0.1587,0.227,0.6143,A,A,1
2021-03-07,SerieA,Sampdoria,Cagliari,0.2106,0.2501,0.5393,A,D,0
2021-03-07,Bundesliga,FC Koln,Werder Bremen,0.234,0.252,0.514,A,D,0
2021-03-07,Bundesliga,Bielefeld,Union Berlin,0.3963,0.3137,0.29,H,D,0
2021-03-07,SerieA,Napoli,Bologna,0.5151,0.2691,0.2158,H,H,1
2021-03-07,EPL,Tottenham,Crystal Palace,0.3334,0.2356,0.431,A,H,0
2021-03-08,EPL,West Ham,Leeds,0.5622,0.2169,0.2209,H,H,1
2021-03-08,LaLiga,Betis,Alaves,0.4831,0.2808,0.2362,H,H,1
2021-03-08,SerieA,Inter,Atalanta,0.4617,0.2488,0.2894,H,H,1
2021-03-08,EPL,Chelsea,Everton,0.4513,0.303,0.2457,H,H,1
2021-03-10,Ligue1,Marseille,Rennes,0.5417,0.2078,0.2505,H,H,1
2021-03-10,LaLiga,Ath Madrid,Ath Bilbao,0.4024,0.3166,0.281,H,H,1
2021-03-10,EPL,Man City,Southampton,0.8804,0.0894,0.0298,H,H,1
2021-03-10,Bundesliga,Bielefeld,Werder Bremen,0.3141,0.2852,0.4007,A,A,1
2021-03-12,LaLiga,Levante,Valencia,0.3657,0.2893,0.3451,H,H,1
2021-03-12,SerieA,Atalanta,Spezia,0.8215,0.1236,0.0547,H,H,1
2021-03-12,SerieA,Lazio,Crotone,0.5128,0.2696,0.2176,H,H,1
2021-03-12,Bundesliga,Augsburg,M'gladbach,0.3251,0.2684,0.4065,A,H,0
2021-03-12,EPL,Newcastle,Aston Villa,0.4769,0.2411,0.282,H,D,0
2021-03-12,Ligue1,Reims,Lyon,0.2038,0.2564,0.5399,A,D,0
2021-03-13,Bundesliga,Dortmund,Hertha,0.8039,0.1171,0.0784,H,H,1
2021-03-13,Bundesliga,Werder Bremen,Bayern Munich,0.1467,0.172,0.6812,A,A,1
2021-03-13,SerieA,Sassuolo,Verona,0.3895,0.2752,0.3353,H,H,1
2021-03-13,SerieA,Benevento,Fiorentina,0.2543,0.2804,0.4653,A,A,1
2021-03-13,SerieA,Genoa,Udinese,0.4621,0.2872,0.2507,H,D,0
2021-03-13,Ligue1,Marseille,Brest,0.6104,0.1862,0.2034,H,H,1
2021-03-13,Ligue1,Angers,St Etienne,0.4126,0.265,0.3223,H,A,0
2021-03-13,Bundesliga,Wolfsburg,Schalke 04,0.5929,0.2175,0.1896,H,H,1
2021-03-13,Bundesliga,Mainz,Freiburg,0.4972,0.2502,0.2527,H,H,1
2021-03-13,Bundesliga,Union Berlin,FC Koln,0.4558,0.2881,0.256,H,H,1
2021-03-13,EPL,Fulham,Man City,0.2129,0.2343,0.5528,A,A,1
2021-03-13,EPL,Everton,Burnley,0.5591,0.2611,0.1798,H,A,0
2021-03-13,LaLiga,Getafe,Ath Madrid,0.1623,0.2599,0.5778,A,D,0
2021-03-13,EPL,Leeds,Chelsea,0.1465,0.1904,0.6631,A,D,0
2021-03-13,EPL,Crystal Palace,West Brom,0.4643,0.2844,0.2513,H,H,1
2021-03-13,LaLiga,Real Madrid,Elche,0.7872,0.1444,0.0684,H,H,1
2021-03-13,LaLiga,Osasuna,Valladolid,0.7696,0.1525,0.0779,H,D,0
2021-03-13,LaLiga,Alaves,Cadiz,0.4797,0.3401,0.1803,H,D,0
2021-03-14,Bundesliga,Leverkusen,Bielefeld,0.6495,0.2158,0.1347,H,A,0
2021-03-14,SerieA,Milan,Napoli,0.314,0.2817,0.4043,A,A,1
2021-03-14,SerieA,Torino,Inter,0.1532,0.2499,0.5969,A,A,1
2021-03-14,SerieA,Parma,Roma,0.1899,0.2593,0.5508,A,H,0
2021-03-14,SerieA,Bologna,Sampdoria,0.7711,0.151,0.0779,H,H,1
2021-03-14,LaLiga,Celta,Ath Bilbao,0.2471,0.2793,0.4735,A,D,0
2021-03-14,LaLiga,Granada,Sociedad,0.2475,0.2694,0.4832,A,H,0
2021-03-14,SerieA,Cagliari,Juventus,0.2167,0.26,0.5233,A,A,1
2021-03-14,LaLiga,Sevilla,Betis,0.293,0.2503,0.4567,A,H,0
2021-03-14,EPL,Man United,West Ham,0.4281,0.2694,0.3026,H,H,1
2021-03-14,EPL,Leicester,Sheffield United,0.4411,0.257,0.3019,H,H,1
2021-03-14,Bundesliga,Stuttgart,Hoffenheim,0.6455,0.1763,0.1781,H,H,1
2021-03-14,Bundesliga,RB Leipzig,Ein Frankfurt,0.3619,0.2434,0.3947,A,D,0
2021-03-14,Ligue1,Nimes,Montpellier,0.6252,0.2503,0.1246,H,D,0
2021-03-14,Ligue1,Dijon,Bordeaux,0.4132,0.309,0.2778,H,A,0
2021-03-14,EPL,Arsenal,Tottenham,0.7137,0.1712,0.1151,H,H,1
2021-03-14,Ligue1,Lorient,Nice,0.1726,0.2039,0.6235,A,D,0
2021-03-14,Ligue1,Lens,Metz,0.5624,0.2526,0.185,H,D,0
2021-03-14,Ligue1,Monaco,Lille,0.4261,0.2653,0.3085,H,D,0
2021-03-14,Ligue1,Paris SG,Nantes,0.7715,0.1449,0.0835,H,A,0
2021-03-14,EPL,Southampton,Brighton,0.1035,0.1675,0.7289,A,A,1
2021-03-14,Ligue1,Rennes,Strasbourg,0.3683,0.2556,0.3761,A,H,0
2021-03-14,LaLiga,Eibar,Villarreal,0.2583,0.259,0.4827,A,A,1
2021-03-15,EPL,Wolves,Liverpool,0.1839,0.1959,0.6202,A,A,1
2021-03-15,LaLiga,Barcelona,Huesca,0.7214,0.174,0.1046,H,H,1
2021-03-17,SerieA,Torino,Sassuolo,0.5284,0.2614,0.2102,H,H,1
2021-03-17,LaLiga,Sevilla,Elche,0.4868,0.2773,0.236,H,H,1
2021-03-19,Bundesliga,Bielefeld,RB Leipzig,0.2784,0.2846,0.437,A,A,1
2021-03-19,EPL,Fulham,Leeds,0.6369,0.1936,0.1695,H,A,0
2021-03-19,LaLiga,Betis,Levante,0.5154,0.2468,0.2378,H,H,1
2021-03-19,SerieA,Parma,Genoa,0.3663,0.2932,0.3405,H,A,0
2021-03-19,Ligue1,St Etienne,Monaco,0.1488,0.17,0.6811,A,A,1
2021-03-20,LaLiga,Ath Bilbao,Eibar,0.5379,0.3065,0.1556,H,D,0
2021-03-20,Bundesliga,Bayern Munich,Stuttgart,0.6952,0.16,0.1446,H,H,1
2021-03-20,Bundesliga,Ein Frankfurt,Union Berlin,0.6238,0.2148,0.1614,H,H,1
2021-03-20,Bundesliga,FC Koln,Dortmund,0.1316,0.1833,0.6851,A,D,0
2021-03-20,Bundesliga,Werder Bremen,Wolfsburg,0.4479,0.2467,0.3054,H,A,0
2021-03-20,LaLiga,Valladolid,Sevilla,0.151,0.2155,0.6335,A,D,0
2021-03-20,Bundesliga,Schalke 04,M'gladbach,0.2523,0.2193,0.5284,A,A,1
2021-03-20,LaLiga,Huesca,Osasuna,0.3518,0.3043,0.3439,H,D,0
2021-03-20,Ligue1,Metz,Rennes,0.2457,0.2397,0.5146,A,A,1
2021-03-20,Ligue1,Nice,Marseille,0.4605,0.2261,0.3134,H,H,1
2021-03-20,EPL,Brighton,Newcastle,0.3268,0.2234,0.4499,A,H,0
2021-03-20,SerieA,Spezia,Cagliari,0.2645,0.2755,0.46,A,H,0
2021-03-20,SerieA,Crotone,Bologna,0.2755,0.2838,0.4407,A,A,1
2021-03-20,LaLiga,Celta,Real Madrid,0.2155,0.2094,0.5752,A,A,1
2021-03-21,Ligue1,Strasbourg,Lens,0.4306,0.284,0.2854,H,A,0
2021-03-21,LaLiga,Valencia,Granada,0.6363,0.2101,0.1535,H,H,1
2021-03-21,Ligue1,Dijon,Reims,0.4114,0.3429,0.2457,H,A,0
2021-03-21,Ligue1,Montpellier,Bordeaux,0.1932,0.2739,0.5329,A,H,0
2021-03-21,Ligue1,Lyon,Paris SG,0.2622,0.2033,0.5344,A,A,1
2021-03-21,Ligue1,Lille,Nimes,0.5127,0.2884,0.1989,H,A,0
2021-03-21,Ligue1,Nantes,Lorient,0.4369,0.2657,0.2974,H,D,0
2021-03-21,LaLiga,Getafe,Elche,0.4549,0.3139,0.2313,H,D,0
2021-03-21,LaLiga,Sociedad,Barcelona,0.1242,0.1853,0.6904,A,A,1
2021-03-21,Ligue1,Brest,Angers,0.5371,0.2499,0.213,H,D,0
2021-03-21,LaLiga,Ath Madrid,Alaves,0.6193,0.2492,0.1315,H,H,1
2021-03-21,LaLiga,Villarreal,Cadiz,0.7279,0.1796,0.0925,H,H,1
2021-03-21,Bundesliga,Hoffenheim,Mainz,0.2724,0.2325,0.4951,A,A,1
2021-03-21,SerieA,Verona,Atalanta,0.1064,0.19,0.7036,A,A,1
2021-03-21,SerieA,Juventus,Benevento,0.544,0.2764,0.1797,H,A,0
2021-03-21,SerieA,Sampdoria,Torino,0.1905,0.2811,0.5283,A,H,0
2021-03-21,SerieA,Udinese,Lazio,0.237,0.2551,0.5079,A,A,1
2021-03-21,SerieA,Roma,Napoli,0.3606,0.3225,0.3169,H,A,0
2021-03-21,EPL,Aston Villa,Tottenham,0.564,0.2143,0.2217,H,A,0
2021-03-21,SerieA,Fiorentina,Milan,0.4026,0.2482,0.3492,H,A,0
2021-03-21,Bundesliga,Hertha,Leverkusen,0.1097,0.154,0.7361,A,H,0
2021-03-21,Bundesliga,Freiburg,Augsburg,0.4704,0.2771,0.2525,H,H,1
2021-03-21,EPL,West Ham,Arsenal,0.1541,0.2236,0.6222,A,D,0
2021-04-02,LaLiga,Levante,Huesca,0.3625,0.3151,0.3223,H,A,0
2021-04-03,Ligue1,Lens,Lyon,0.34,0.2602,0.3998,A,D,0
2021-04-03,Ligue1,Paris SG,Lille,0.5788,0.221,0.2001,H,A,0
2021-04-03,Ligue1,Monaco,Metz,0.7008,0.1787,0.1205,H,H,1
2021-04-03,Bundesliga,Wolfsburg,FC Koln,0.5562,0.2469,0.1969,H,H,1
2021-04-03,Bundesliga,RB Leipzig,Bayern Munich,0.1777,0.1909,0.6313,A,A,1
2021-04-03,SerieA,Cagliari,Verona,0.4814,0.2798,0.2388,H,A,0
2021-04-03,SerieA,Lazio,Spezia,0.6919,0.1945,0.1135,H,H,1
2021-04-03,SerieA,Torino,Juventus,0.2333,0.3069,0.4598,A,D,0
2021-04-03,SerieA,Genoa,Fiorentina,0.2765,0.2753,0.4482,A,D,0
2021-04-03,SerieA,Milan,Sampdoria,0.8161,0.1237,0.06,H,D,0
2021-04-03,SerieA,Atalanta,Udinese,0.7375,0.1665,0.096,H,H,1
2021-04-03,SerieA,Benevento,Parma,0.3831,0.3018,0.3151,H,D,0
2021-04-03,SerieA,Bologna,Inter,0.2361,0.2426,0.5213,A,A,1
2021-04-03,LaLiga,Osasuna,Getafe,0.4417,0.2987,0.2596,H,D,0
2021-04-03,SerieA,Sassuolo,Roma,0.1091,0.1843,0.7066,A,D,0
2021-04-03,Bundesliga,Augsburg,Hoffenheim,0.3834,0.2659,0.3507,H,H,1
2021-04-03,SerieA,Napoli,Crotone,0.5943,0.2673,0.1384,H,H,1
2021-04-03,LaLiga,Real Madrid,Eibar,0.6564,0.2142,0.1294,H,H,1
2021-04-03,LaLiga,Granada,Villarreal,0.1062,0.1474,0.7462,A,A,1
2021-04-03,Bundesliga,M'gladbach,Freiburg,0.425,0.2358,0.3392,H,H,1
2021-04-03,Bundesliga,Dortmund,Ein Frankfurt,0.4909,0.2161,0.2929,H,A,0
2021-04-03,Bundesliga,Leverkusen,Schalke 04,0.8033,0.1249,0.0715,H,H,1
2021-04-03,EPL,Arsenal,Liverpool,0.4569,0.25,0.2931,H,A,0
2021-04-03,Bundesliga,Mainz,Bielefeld,0.5173,0.2776,0.2051,H,D,0
2021-04-03,EPL,Chelsea,West Brom,0.5259,0.2761,0.198,H,A,0
2021-04-03,EPL,Leeds,Sheffield United,0.5688,0.2028,0.2284,H,H,1
2021-04-03,EPL,Leicester,Man City,0.0688,0.1493,0.7818,A,A,1
2021-04-04,LaLiga,Sevilla,Ath Madrid,0.1594,0.2241,0.6165,A,H,0
2021-04-04,EPL,Aston Villa,Fulham,0.4936,0.2486,0.2578,H,H,1
2021-04-04,LaLiga,Cadiz,Valencia,0.2165,0.3052,0.4783,A,H,0
2021-04-04,EPL,Southampton,Burnley,0.2306,0.2599,0.5095,A,H,0
2021-04-04,Bundesliga,Union Berlin,Hertha,0.4863,0.2524,0.2613,H,D,0
2021-04-04,Bundesliga,Stuttgart,Werder Bremen,0.5263,0.2168,0.2569,H,H,1
2021-04-04,LaLiga,Alaves,Celta,0.3252,0.2906,0.3843,A,A,1
2021-04-04,EPL,Man United,Brighton,0.3346,0.2474,0.418,A,H,0
2021-04-04,EPL,Newcastle,Tottenham,0.6441,0.1817,0.1742,H,D,0
2021-04-04,LaLiga,Elche,Betis,0.2063,0.2443,0.5494,A,D,0
2021-04-04,Ligue1,Bordeaux,Strasbourg,0.2479,0.2686,0.4835,A,A,1
2021-04-04,Ligue1,Angers,Montpellier,0.5278,0.291,0.1812,H,D,0
2021-04-04,Ligue1,Marseille,Dijon,0.5879,0.2264,0.1857,H,H,1
2021-04-04,Ligue1,Nimes,St Etienne,0.5259,0.2455,0.2286,H,A,0
2021-04-04,Ligue1,Reims,Rennes,0.2555,0.2869,0.4577,A,D,0
2021-04-04,Ligue1,Nantes,Nice,0.1997,0.2467,0.5536,A,A,1
2021-04-04,Ligue1,Lorient,Brest,0.3172,0.23,0.4528,A,H,0
2021-04-05,EPL,Wolves,West Ham,0.429,0.2523,0.3187,H,A,0
2021-04-05,EPL,Everton,Crystal Palace,0.3726,0.3046,0.3228,H,D,0
2021-04-05,LaLiga,Barcelona,Valladolid,0.9514,0.0278,0.009,H,H,1
2021-04-07,LaLiga,Sociedad,Ath Bilbao,0.1783,0.3131,0.5086,A,D,0
2021-04-07,SerieA,Juventus,Napoli,0.3134,0.3136,0.373,A,H,0
2021-04-07,SerieA,Inter,Sassuolo,0.8549,0.0985,0.046,H,H,1
2021-04-09,LaLiga,Huesca,Elche,0.4876,0.3021,0.2102,H,H,1
2021-04-09,Bundesliga,Bielefeld,Freiburg,0.3353,0.2929,0.3718,A,H,0
2021-04-09,EPL,Fulham,Wolves,0.4692,0.2454,0.2853,H,A,0
2021-04-09,Ligue1,Metz,Lille,0.1876,0.2497,0.5626,A,A,1
2021-04-10,Bundesliga,Stuttgart,Dortmund,0.3679,0.2146,0.4174,A,A,1
2021-04-10,EPL,Man City,Leeds,0.8341,0.108,0.0574,H,A,0
2021-04-10,Bundesliga,Hertha,M'gladbach,0.2586,0.2141,0.5273,A,D,0
2021-04-10,EPL,Liverpool,Aston Villa,0.5531,0.2201,0.2268,H,H,1
2021-04-10,EPL,Crystal Palace,Chelsea,0.3314,0.27,0.3986,A,A,1
2021-04-10,Bundesliga,Bayern Munich,Union Berlin,0.8222,0.1179,0.0597,H,D,0
2021-04-10,Bundesliga,Werder Bremen,RB Leipzig,0.3749,0.2472,0.378,A,A,1
2021-04-10,Ligue1,Montpellier,Marseille,0.0718,0.1352,0.7929,A,D,0
2021-04-10,Bundesliga,Ein Frankfurt,Wolfsburg,0.5574,0.223,0.2196,H,H,1
2021-04-10,LaLiga,Eibar,Levante,0.3868,0.3134,0.2998,H,A,0
2021-04-10,LaLiga,Ath Bilbao,Alaves,0.5295,0.3209,0.1496,H,D,0
2021-04-10,LaLiga,Getafe,Cadiz,0.4759,0.3319,0.1922,H,A,0
2021-04-10,SerieA,Spezia,Crotone,0.2425,0.3014,0.4561,A,H,0
2021-04-10,Ligue1,Strasbourg,Paris SG,0.2363,0.2208,0.5428,A,A,1
2021-04-10,SerieA,Parma,Milan,0.247,0.2424,0.5106,A,A,1
2021-04-10,SerieA,Udinese,Torino,0.3233,0.3161,0.3606,A,A,1
2021-04-10,LaLiga,Real Madrid,Barcelona,0.3857,0.2245,0.3897,A,H,0
2021-04-11,Ligue1,St Etienne,Bordeaux,0.3469,0.249,0.4042,A,H,0
2021-04-11,Ligue1,Monaco,Dijon,0.5741,0.2447,0.1812,H,H,1
2021-04-11,Ligue1,Lyon,Angers,0.663,0.2038,0.1332,H,H,1
2021-04-11,SerieA,Juventus,Genoa,0.5309,0.2735,0.1957,H,H,1
2021-04-11,LaLiga,Villarreal,Osasuna,0.5547,0.2211,0.2242,H,A,0
2021-04-11,LaLiga,Valencia,Sociedad,0.4297,0.2973,0.2731,H,D,0
2021-04-11,LaLiga,Valladolid,Granada,0.2835,0.2499,0.4665,A,A,1
2021-04-11,EPL,Burnley,Newcastle,0.1563,0.1915,0.6521,A,A,1
2021-04-11,EPL,West Ham,Leicester,0.6023,0.2324,0.1653,H,H,1
2021-04-11,EPL,Tottenham,Man United,0.415,0.2459,0.3391,H,A,0
2021-04-11,EPL,Sheffield United,Arsenal,0.0458,0.1033,0.8505,A,A,1
2021-04-11,Ligue1,Nice,Reims,0.6315,0.2364,0.1321,H,D,0
2021-04-11,Ligue1,Lens,Lorient,0.5582,0.242,0.1999,H,H,1
2021-04-11,SerieA,Sampdoria,Napoli,0.069,0.1696,0.7613,A,A,1
2021-04-11,Bundesliga,FC Koln,Mainz,0.1912,0.2529,0.5559,A,A,1
2021-04-11,Bundesliga,Schalke 04,Augsburg,0.3163,0.2844,0.3993,A,H,0
2021-04-11,LaLiga,Betis,Ath Madrid,0.2466,0.2399,0.5135,A,D,0
2021-04-11,Ligue1,Brest,Nimes,0.4277,0.2709,0.3014,H,D,0
2021-04-11,Ligue1,Rennes,Nantes,0.5251,0.2486,0.2263,H,H,1
2021-04-11,SerieA,Inter,Cagliari,0.7441,0.1646,0.0913,H,H,1
2021-04-11,SerieA,Verona,Lazio,0.189,0.2538,0.5572,A,A,1
2021-04-11,SerieA,Roma,Bologna,0.5117,0.2628,0.2255,H,H,1
2021-04-11,SerieA,Fiorentina,Atalanta,0.3028,0.246,0.4512,A,A,1
2021-04-12,Bundesliga,Hoffenheim,Leverkusen,0.1731,0.1829,0.6439,A,D,0
2021-04-12,LaLiga,Celta,Sevilla,0.5147,0.2361,0.2491,H,A,0
2021-04-12,EPL,West Brom,Southampton,0.6443,0.238,0.1177,H,H,1
2021-04-12,EPL,Brighton,Everton,0.4081,0.2758,0.3161,H,D,0
2021-04-12,SerieA,Benevento,Sassuolo,0.53,0.2558,0.2142,H,A,0
2021-04-16,Bundesliga,RB Leipzig,Hoffenheim,0.5772,0.2063,0.2165,H,D,0
2021-04-16,EPL,Everton,Tottenham,0.4739,0.2649,0.2613,H,D,0
2021-04-16,Ligue1,Lille,Montpellier,0.7745,0.1627,0.0628,H,D,0
2021-04-17,SerieA,Crotone,Udinese,0.4301,0.3002,0.2697,H,A,0
2021-04-17,SerieA,Cagliari,Parma,0.3783,0.2732,0.3486,H,H,1
2021-04-17,Ligue1,Marseille,Lorient,0.7142,0.1568,0.1289,H,H,1
2021-04-17,Ligue1,Angers,Rennes,0.2346,0.2669,0.4986,A,A,1
2021-04-17,Bundesliga,Leverkusen,FC Koln,0.7627,0.1548,0.0825,H,H,1
2021-04-17,Bundesliga,Wolfsburg,Bayern Munich,0.1299,0.168,0.7021,A,A,1
2021-04-17,Bundesliga,Union Berlin,Stuttgart,0.2283,0.2336,0.538,A,H,0
2021-04-17,Bundesliga,Freiburg,Schalke 04,0.5981,0.2143,0.1875,H,H,1
2021-04-17,Bundesliga,Augsburg,Bielefeld,0.3469,0.3338,0.3193,H,D,0
2021-04-17,EPL,Wolves,Sheffield United,0.705,0.1677,0.1273,H,H,1
2021-04-17,EPL,Newcastle,West Ham,0.6368,0.1994,0.1638,H,H,1
2021-04-17,SerieA,Sassuolo,Fiorentina,0.154,0.192,0.654,A,H,0
2021-04-17,SerieA,Sampdoria,Verona,0.2832,0.2962,0.4207,A,H,0
2021-04-17,Bundesliga,M'gladbach,Ein Frankfurt,0.2948,0.2221,0.4831,A,H,0
2021-04-18,Bundesliga,Dortmund,Werder Bremen,0.6022,0.1955,0.2023,H,H,1
2021-04-18,EPL,Arsenal,Fulham,0.6393,0.2155,0.1451,H,D,0
2021-04-18,EPL,Man United,Burnley,0.5229,0.2483,0.2287,H,H,1
2021-04-18,LaLiga,Ath Madrid,Eibar,0.6271,0.2375,0.1355,H,H,1
2021-04-18,Ligue1,Bordeaux,Monaco,0.2062,0.237,0.5568,A,A,1
2021-04-18,SerieA,Napoli,Inter,0.3386,0.2973,0.3641,A,D,0
2021-04-18,SerieA,Torino,Roma,0.1922,0.3002,0.5076,A,H,0
2021-04-18,SerieA,Lazio,Benevento,0.5094,0.2718,0.2188,H,H,1
2021-04-18,SerieA,Bologna,Spezia,0.6971,0.1914,0.1115,H,H,1
2021-04-18,LaLiga,Levante,Villarreal,0.249,0.2378,0.5133,A,A,1
2021-04-18,LaLiga,Getafe,Real Madrid,0.1573,0.237,0.6057,A,D,0
2021-04-18,LaLiga,Cadiz,Celta,0.1885,0.257,0.5545,A,D,0
2021-04-18,LaLiga,Betis,Valencia,0.4899,0.2482,0.2618,H,D,0
2021-04-18,SerieA,Atalanta,Juventus,0.4899,0.2567,0.2534,H,H,1
2021-04-18,LaLiga,Sociedad,Sevilla,0.3795,0.2987,0.3218,H,A,0
2021-04-18,LaLiga,Alaves,Huesca,0.3419,0.3539,0.3041,D,H,0
2021-04-18,SerieA,Milan,Genoa,0.5499,0.2456,0.2045,H,H,1
2021-04-18,Ligue1,Brest,Lens,0.3554,0.2639,0.3807,A,D,0
2021-04-18,Ligue1,Dijon,Nice,0.2244,0.272,0.5036,A,H,0
2021-04-18,Ligue1,Nantes,Lyon,0.2321,0.2385,0.5294,A,A,1
2021-04-18,LaLiga,Osasuna,Elche,0.5533,0.2577,0.189,H,H,1
2021-04-18,Ligue1,Reims,Metz,0.3909,0.3139,0.2952,H,D,0
2021-04-18,Ligue1,Nimes,Strasbourg,0.2821,0.296,0.422,A,D,0
2021-04-18,Ligue1,Paris SG,St Etienne,0.8849,0.0713,0.0404,H,H,1
2021-04-19,EPL,Leeds,Liverpool,0.0901,0.1268,0.7826,A,D,0
2021-04-20,SerieA,Verona,Fiorentina,0.1684,0.2411,0.5905,A,A,1
2021-04-20,Bundesliga,Ein Frankfurt,Augsburg,0.6032,0.2314,0.1655,H,H,1
2021-04-20,Bundesliga,Bayern Munich,Leverkusen,0.5797,0.2013,0.219,H,H,1
2021-04-20,EPL,Chelsea,Brighton,0.5027,0.2346,0.2628,H,D,0
2021-04-20,Bundesliga,FC Koln,RB Leipzig,0.2029,0.2448,0.5522,A,H,0
2021-04-20,Bundesliga,Bielefeld,Schalke 04,0.4942,0.2724,0.2334,H,H,1
2021-04-21,LaLiga,Cadiz,Real Madrid,0.0831,0.1828,0.7341,A,A,1
2021-04-21,SerieA,Bologna,Torino,0.5022,0.278,0.2198,H,D,0
2021-04-21,SerieA,Milan,Sassuolo,0.7572,0.1458,0.0968,H,A,0
2021-04-21,SerieA,Crotone,Sampdoria,0.6052,0.2467,0.1481,H,A,0
2021-04-21,SerieA,Juventus,Parma,0.5755,0.2457,0.1788,H,H,1
2021-04-21,LaLiga,Elche,Valladolid,0.5885,0.2435,0.1681,H,D,0
2021-04-21,Bundesliga,Werder Bremen,Mainz,0.3518,0.2581,0.3901,A,A,1
2021-04-21,Bundesliga,Stuttgart,Wolfsburg,0.5529,0.2167,0.2304,H,A,0
2021-04-21,Bundesliga,Hoffenheim,M'gladbach,0.3683,0.218,0.4136,A,H,0
2021-04-21,Bundesliga,Dortmund,Union Berlin,0.6913,0.1798,0.1288,H,H,1
2021-04-21,SerieA,Genoa,Benevento,0.3931,0.3194,0.2876,H,D,0
2021-04-21,EPL,Aston Villa,Man City,0.279,0.2562,0.4648,A,A,1
2021-04-21,EPL,Tottenham,Southampton,0.728,0.1671,0.1048,H,H,1
2021-04-21,LaLiga,Alaves,Villarreal,0.2475,0.27,0.4825,A,H,0
2021-04-21,LaLiga,Osasuna,Valencia,0.4199,0.2758,0.3043,H,H,1
2021-04-21,SerieA,Spezia,Inter,0.0687,0.1501,0.7811,A,D,0
2021-04-21,SerieA,Udinese,Cagliari,0.3669,0.2788,0.3544,H,A,0
2021-04-21,LaLiga,Levante,Sevilla,0.4105,0.2825,0.307,H,A,0
2021-04-21,LaLiga,Betis,Ath Bilbao,0.269,0.2905,0.4405,A,D,0
2021-04-22,LaLiga,Ath Madrid,Huesca,0.6246,0.2385,0.1368,H,H,1
2021-04-22,SerieA,Napoli,Lazio,0.5169,0.2697,0.2133,H,H,1
2021-04-22,SerieA,Roma,Atalanta,0.3787,0.2769,0.3444,H,D,0
2021-04-22,LaLiga,Granada,Eibar,0.2197,0.2666,0.5137,A,H,0
2021-04-22,LaLiga,Sociedad,Celta,0.3099,0.2699,0.4203,A,H,0
2021-04-22,LaLiga,Barcelona,Getafe,0.7467,0.1631,0.0902,H,H,1
2021-04-22,EPL,Leicester,West Brom,0.2007,0.289,0.5103,A,H,0
2021-04-23,Ligue1,Reims,Marseille,0.1916,0.2422,0.5662,A,A,1
2021-04-23,Bundesliga,Augsburg,FC Koln,0.4452,0.304,0.2507,H,A,0
2021-04-23,EPL,Arsenal,Everton,0.5527,0.2795,0.1678,H,A,0
2021-04-24,SerieA,Sassuolo,Sampdoria,0.5264,0.2391,0.2345,H,H,1
2021-04-24,SerieA,Genoa,Spezia,0.5632,0.2637,0.1731,H,H,1
2021-04-24,Bundesliga,Union Berlin,Werder Bremen,0.2978,0.2643,0.4379,A,H,0
2021-04-24,Bundesliga,Wolfsburg,Dortmund,0.2472,0.2169,0.5359,A,A,1
2021-04-24,Bundesliga,Leverkusen,Ein Frankfurt,0.5117,0.2249,0.2634,H,H,1
2021-04-24,SerieA,Parma,Crotone,0.3862,0.3,0.3138,H,A,0
2021-04-24,Bundesliga,Mainz,Bayern Munich,0.1936,0.2085,0.598,A,H,0
2021-04-24,Ligue1,St Etienne,Brest,0.2765,0.2085,0.515,A,A,1
2021-04-24,LaLiga,Real Madrid,Betis,0.6251,0.198,0.1768,H,D,0
2021-04-24,EPL,Sheffield United,Brighton,0.1142,0.1459,0.7396,A,H,0
2021-04-24,EPL,West Ham,Chelsea,0.2387,0.2536,0.5078,A,A,1
2021-04-24,EPL,Liverpool,Newcastle,0.5047,0.2183,0.277,H,D,0
2021-04-24,Ligue1,Metz,Paris SG,0.0893,0.1402,0.7703,A,A,1
2021-04-24,LaLiga,Valencia,Alaves,0.3927,0.3215,0.2858,H,D,0
2021-04-24,Bundesliga,Freiburg,Hoffenheim,0.4959,0.2246,0.2794,H,D,0
2021-04-24,LaLiga,Elche,Levante,0.2818,0.2983,0.4199,A,H,0
2021-04-24,LaLiga,Valladolid,Cadiz,0.2583,0.3074,0.4343,A,D,0
2021-04-25,SerieA,Inter,Verona,0.7913,0.1474,0.0612,H,H,1
2021-04-25,SerieA,Cagliari,Roma,0.1744,0.2488,0.5768,A,H,0
2021-04-25,SerieA,Atalanta,Bologna,0.5687,0.2228,0.2085,H,H,1
2021-04-25,Ligue1,Lyon,Lille,0.4064,0.2564,0.3371,H,A,0
2021-04-25,SerieA,Benevento,Udinese,0.4304,0.3017,0.2679,H,A,0
2021-04-25,EPL,Wolves,Burnley,0.5289,0.2326,0.2385,H,A,0
2021-04-25,EPL,Leeds,Man United,0.2672,0.2402,0.4926,A,D,0
2021-04-25,EPL,Aston Villa,West Brom,0.4994,0.2772,0.2234,H,D,0
2021-04-25,SerieA,Fiorentina,Juventus,0.3739,0.2755,0.3505,H,D,0
2021-04-25,Ligue1,Angers,Monaco,0.1665,0.2371,0.5965,A,A,1
2021-04-25,Ligue1,Rennes,Dijon,0.4759,0.2716,0.2525,H,H,1
2021-04-25,LaLiga,Ath Bilbao,Ath Madrid,0.3433,0.321,0.3357,H,H,1
2021-04-25,Bundesliga,RB Leipzig,Stuttgart,0.3807,0.2344,0.3849,A,H,0
2021-04-25,Ligue1,Strasbourg,Nantes,0.5513,0.254,0.1947,H,A,0
2021-04-25,Ligue1,Lorient,Bordeaux,0.3802,0.2663,0.3535,H,H,1
2021-04-25,Ligue1,Lens,Nimes,0.441,0.3105,0.2485,H,H,1
2021-04-25,Ligue1,Nice,Montpellier,0.8336,0.1198,0.0465,H,H,1
2021-04-25,Bundesliga,M'gladbach,Bielefeld,0.4617,0.265,0.2733,H,H,1
2021-04-25,LaLiga,Villarreal,Barcelona,0.2647,0.1996,0.5356,A,A,1
2021-04-25,LaLiga,Celta,Osasuna,0.4419,0.2469,0.3112,H,H,1
2021-04-25,LaLiga,Sevilla,Granada,0.5948,0.2222,0.183,H,H,1
2021-04-25,LaLiga,Huesca,Getafe,0.3864,0.3382,0.2754,H,A,0
2021-04-26,LaLiga,Eibar,Sociedad,0.3962,0.3272,0.2766,H,A,0
2021-04-26,EPL,Leicester,Crystal Palace,0.1485,0.2223,0.6292,A,H,0
2021-04-26,SerieA,Torino,Napoli,0.184,0.3077,0.5082,A,A,1
2021-04-26,SerieA,Lazio,Milan,0.3683,0.2504,0.3812,A,H,0
2021-04-28,LaLiga,Ath Bilbao,Valladolid,0.8458,0.1187,0.0354,H,D,0
2021-04-29,LaLiga,Barcelona,Granada,0.9193,0.0529,0.0232,H,A,0
2021-04-30,LaLiga,Celta,Levante,0.4886,0.2483,0.2632,H,H,1
2021-04-30,Ligue1,Marseille,Strasbourg,0.477,0.2307,0.2923,H,D,0
2021-04-30,EPL,Southampton,Leicester,0.3191,0.3023,0.3786,A,D,0
2021-05-01,SerieA,Verona,Spezia,0.4213,0.3046,0.274,H,D,0
2021-05-01,SerieA,Crotone,Inter,0.1482,0.2376,0.6142,A,A,1
2021-05-01,Ligue1,Paris SG,Lens,0.6533,0.1983,0.1483,H,H,1
2021-05-01,Ligue1,Lille,Nice,0.3635,0.2766,0.3599,H,H,1
2021-05-01,SerieA,Milan,Benevento,0.5654,0.2474,0.1872,H,H,1
2021-05-01,LaLiga,Eibar,Alaves,0.3614,0.3525,0.2862,H,H,1
2021-05-01,LaLiga,Elche,Ath Madrid,0.1074,0.2021,0.6905,A,A,1
2021-05-01,LaLiga,Huesca,Sociedad,0.3984,0.3269,0.2747,H,H,1
2021-05-01,LaLiga,Real Madrid,Osasuna,0.6577,0.1975,0.1448,H,H,1
2021-05-01,EPL,Crystal Palace,Man City,0.2468,0.2478,0.5055,A,A,1
2021-05-01,EPL,Brighton,Leeds,0.7093,0.1563,0.1342,H,H,1
2021-05-01,EPL,Chelsea,Fulham,0.525,0.2476,0.2274,H,H,1
2021-05-01,EPL,Everton,Aston Villa,0.3393,0.3064,0.3543,A,A,1
2021-05-02,SerieA,Udinese,Juventus,0.1937,0.2589,0.5474,A,A,1
2021-05-02,SerieA,Sampdoria,Roma,0.0711,0.1648,0.7641,A,H,0
2021-05-02,SerieA,Sassuolo,Atalanta,0.0887,0.1402,0.7709,A,D,0
2021-05-02,SerieA,Napoli,Cagliari,0.6517,0.2241,0.1241,H,D,0
2021-05-02,EPL,Newcastle,Arsenal,0.3072,0.2596,0.4331,A,A,1
2021-05-02,SerieA,Lazio,Genoa,0.4935,0.2682,0.2384,H,H,1
2021-05-02,LaLiga,Valencia,Barcelona,0.151,0.1874,0.6616,A,A,1
2021-05-02,LaLiga,Granada,Cadiz,0.369,0.3031,0.3279,H,A,0
2021-05-02,LaLiga,Villarreal,Getafe,0.5918,0.232,0.1761,H,H,1
2021-05-02,LaLiga,Valladolid,Betis,0.0826,0.1432,0.7741,A,D,0
2021-05-02,SerieA,Bologna,Fiorentina,0.3833,0.2564,0.3603,H,D,0
2021-05-02,Ligue1,Brest,Nantes,0.4809,0.2511,0.2681,H,A,0
2021-05-02,Ligue1,Bordeaux,Rennes,0.287,0.2596,0.4534,A,H,0
2021-05-02,Ligue1,Lorient,Angers,0.4277,0.2803,0.292,H,H,1
2021-05-02,EPL,Tottenham,Sheffield United,0.7382,0.1457,0.1158,H,H,1
2021-05-02,Ligue1,Montpellier,St Etienne,0.2437,0.2432,0.5131,A,A,1
2021-05-02,Ligue1,Monaco,Lyon,0.4608,0.2261,0.313,H,A,0
2021-05-02,Ligue1,Dijon,Metz,0.4676,0.2884,0.244,H,A,0
2021-05-02,Ligue1,Nimes,Reims,0.417,0.3412,0.2419,H,D,0
2021-05-03,Bundesliga,Mainz,Hertha,0.6774,0.1875,0.135,H,D,0
2021-05-03,SerieA,Torino,Parma,0.3834,0.3087,0.3079,H,H,1
2021-05-03,LaLiga,Sevilla,Ath Bilbao,0.1835,0.2859,0.5306,A,A,1
2021-05-03,EPL,Burnley,West Ham,0.3225,0.256,0.4215,A,A,1
2021-05-03,EPL,West Brom,Wolves,0.4025,0.2858,0.3117,H,D,0
2021-05-06,Bundesliga,Hertha,Freiburg,0.258,0.231,0.5111,A,H,0
2021-05-07,Ligue1,Lens,Lille,0.3179,0.3035,0.3786,A,A,1
2021-05-07,EPL,Leicester,Newcastle,0.0963,0.1667,0.7369,A,A,1
2021-05-07,LaLiga,Sociedad,Elche,0.4584,0.3046,0.237,H,H,1
2021-05-07,Bundesliga,Stuttgart,Augsburg,0.6028,0.2245,0.1728,H,H,1
2021-05-08,SerieA,Spezia,Napoli,0.0966,0.2124,0.691,A,A,1
2021-05-08,LaLiga,Ath Bilbao,Osasuna,0.5428,0.2808,0.1764,H,D,0
2021-05-08,LaLiga,Cadiz,Huesca,0.2197,0.3387,0.4416,A,H,0
2021-05-08,LaLiga,Alaves,Levante,0.3677,0.3295,0.3028,H,D,0
2021-05-08,SerieA,Inter,Sampdoria,0.8913,0.0802,0.0278,H,H,1
2021-05-08,EPL,Man City,Chelsea,0.5023,0.2554,0.2423,H,A,0
2021-05-08,Bundesliga,Dortmund,RB Leipzig,0.5501,0.2109,0.239,H,H,1
2021-05-08,Bundesliga,Hoffenheim,Schalke 04,0.5558,0.2108,0.2334,H,H,1
2021-05-08,Bundesliga,Werder Bremen,Leverkusen,0.2478,0.2246,0.5275,A,D,0
2021-05-08,Bundesliga,Wolfsburg,Union Berlin,0.4817,0.2644,0.2539,H,H,1
2021-05-08,Bundesliga,Bayern Munich,M'gladbach,0.8036,0.1157,0.08,H,H,1
2021-05-08,SerieA,Fiorentina,Lazio,0.4453,0.2532,0.3016,H,H,1
2021-05-08,EPL,Leeds,Tottenham,0.2724,0.207,0.5205,A,H,0
2021-05-08,EPL,Sheffield United,Crystal Palace,0.1218,0.1701,0.7081,A,A,1
2021-05-08,SerieA,Udinese,Bologna,0.2343,0.2528,0.5129,A,D,0
2021-05-08,EPL,Liverpool,Southampton,0.8971,0.0742,0.0277,H,H,1
2021-05-08,LaLiga,Barcelona,Ath Madrid,0.4774,0.232,0.2906,H,D,0
2021-05-08,Ligue1,Lyon,Lorient,0.686,0.1712,0.1427,H,H,1
2021-05-08,Ligue1,Nantes,Bordeaux,0.3925,0.2965,0.3109,H,H,1
2021-05-09,SerieA,Benevento,Cagliari,0.4065,0.2973,0.2962,H,A,0
2021-05-09,Ligue1,Strasbourg,Montpellier,0.7689,0.161,0.0701,H,A,0
2021-05-09,Ligue1,Nice,Brest,0.6104,0.2025,0.1871,H,H,1
2021-05-09,Ligue1,Metz,Nimes,0.3009,0.2988,0.4003,A,A,1
2021-05-09,Bundesliga,FC Koln,Freiburg,0.2552,0.2641,0.4807,A,A,1
2021-05-09,Bundesliga,Ein Frankfurt,Mainz,0.4538,0.2493,0.2969,H,D,0
2021-05-09,Bundesliga,Hertha,Bielefeld,0.3044,0.2787,0.4168,A,D,0
2021-05-09,LaLiga,Getafe,Eibar,0.336,0.3421,0.322,D,A,0
2021-05-09,LaLiga,Valencia,Valladolid,0.7438,0.1679,0.0883,H,H,1
2021-05-09,Ligue1,Angers,Dijon,0.2846,0.3332,0.3822,A,H,0
2021-05-09,Ligue1,St Etienne,Marseille,0.1495,0.1562,0.694,A,H,0
2021-05-09,SerieA,Genoa,Sassuolo,0.5657,0.2388,0.1955,H,A,0
2021-05-09,Ligue1,Rennes,Paris SG,0.1971,0.1932,0.6097,A,D,0
2021-05-09,SerieA,Parma,Atalanta,0.1724,0.2158,0.6117,A,A,1
2021-05-09,SerieA,Verona,Torino,0.2663,0.3295,0.4042,A,D,0
2021-05-09,SerieA,Roma,Crotone,0.5952,0.2608,0.144,H,H,1
2021-05-09,SerieA,Juventus,Milan,0.4187,0.2653,0.3159,H,A,0
2021-05-09,LaLiga,Villarreal,Celta,0.5509,0.2054,0.2437,H,A,0
2021-05-09,LaLiga,Real Madrid,Sevilla,0.7219,0.1709,0.1072,H,D,0
2021-05-09,EPL,Wolves,Brighton,0.3277,0.2298,0.4425,A,H,0
2021-05-09,EPL,Aston Villa,Man United,0.5211,0.2532,0.2257,H,A,0
2021-05-09,EPL,West Ham,Everton,0.3001,0.3025,0.3974,A,A,1
2021-05-09,EPL,Arsenal,West Brom,0.628,0.2424,0.1296,H,H,1
2021-05-09,Ligue1,Reims,Monaco,0.1862,0.2615,0.5523,A,A,1
2021-05-10,LaLiga,Betis,Granada,0.7425,0.154,0.1034,H,H,1
2021-05-10,EPL,Fulham,Burnley,0.578,0.2236,0.1983,H,A,0
2021-05-11,LaLiga,Osasuna,Cadiz,0.5758,0.2679,0.1563,H,H,1
2021-05-11,EPL,Southampton,Crystal Palace,0.1098,0.1957,0.6945,A,H,0
2021-05-11,LaLiga,Levante,Barcelona,0.1342,0.181,0.6847,A,D,0
2021-05-11,LaLiga,Elche,Alaves,0.2695,0.3359,0.3947,A,A,1
2021-05-11,SerieA,Napoli,Udinese,0.6702,0.2197,0.1101,H,H,1
2021-05-11,EPL,Man United,Leicester,0.6134,0.2355,0.1511,H,A,0
2021-05-12,LaLiga,Huesca,Ath Bilbao,0.1993,0.3313,0.4693,A,H,0
2021-05-12,LaLiga,Ath Madrid,Sociedad,0.6675,0.216,0.1166,H,H,1
2021-05-12,EPL,Chelsea,Arsenal,0.2851,0.2818,0.433,A,A,1
2021-05-12,SerieA,Torino,Milan,0.2479,0.277,0.4751,A,A,1
2021-05-12,SerieA,Sassuolo,Juventus,0.1414,0.2024,0.6562,A,A,1
2021-05-12,SerieA,Lazio,Parma,0.5364,0.2439,0.2198,H,H,1
2021-05-12,SerieA,Cagliari,Fiorentina,0.2384,0.2457,0.5159,A,D,0
2021-05-12,SerieA,Atalanta,Benevento,0.6568,0.2139,0.1292,H,H,1
2021-05-12,LaLiga,Celta,Getafe,0.4869,0.267,0.2461,H,H,1
2021-05-12,SerieA,Sampdoria,Spezia,0.3269,0.2901,0.3831,A,D,0
2021-05-12,LaLiga,Sevilla,Valencia,0.3548,0.2801,0.3651,A,H,0
2021-05-12,SerieA,Inter,Roma,0.4564,0.2789,0.2647,H,H,1
2021-05-12,Bundesliga,Schalke 04,Hertha,0.4149,0.2408,0.3443,H,A,0
2021-05-12,SerieA,Bologna,Genoa,0.4983,0.2658,0.2359,H,A,0
2021-05-13,LaLiga,Valladolid,Villarreal,0.0535,0.1031,0.8428,A,A,1
2021-05-13,LaLiga,Eibar,Betis,0.3121,0.2812,0.4067,A,D,0
2021-05-13,LaLiga,Granada,Real Madrid,0.061,0.1141,0.8246,A,A,1
2021-05-13,SerieA,Crotone,Verona,0.4743,0.3063,0.2195,H,H,1
2021-05-13,EPL,Aston Villa,Everton,0.4248,0.3003,0.275,H,D,0
2021-05-13,EPL,Man United,Liverpool,0.196,0.2178,0.5862,A,A,1
2021-05-14,EPL,Newcastle,Man City,0.3343,0.2473,0.4183,A,A,1
2021-05-15,SerieA,Genoa,Atalanta,0.1918,0.2424,0.5658,A,A,1
2021-05-15,EPL,Brighton,West Ham,0.5446,0.2194,0.236,H,D,0
2021-05-15,Bundesliga,Augsburg,Werder Bremen,0.2964,0.2792,0.4244,A,H,0
2021-05-15,Bundesliga,Bielefeld,Hoffenheim,0.4032,0.2684,0.3284,H,D,0
2021-05-15,Bundesliga,Hertha,FC Koln,0.4065,0.2644,0.3291,H,D,0
2021-05-15,Bundesliga,Leverkusen,Union Berlin,0.6973,0.1854,0.1172,H,D,0
2021-05-15,SerieA,Spezia,Torino,0.2357,0.3095,0.4548,A,H,0
2021-05-15,Bundesliga,Schalke 04,Ein Frankfurt,0.1543,0.1889,0.6568,A,H,0
2021-05-15,EPL,Southampton,Fulham,0.1306,0.2104,0.659,A,H,0
2021-05-15,EPL,Burnley,Leeds,0.4647,0.2322,0.3031,H,A,0
2021-05-15,Bundesliga,Freiburg,Bayern Munich,0.1306,0.1666,0.7027,A,D,0
2021-05-15,Bundesliga,M'gladbach,Stuttgart,0.3102,0.2153,0.4745,A,A,1
2021-05-15,SerieA,Juventus,Inter,0.2798,0.2739,0.4463,A,H,0
2021-05-15,SerieA,Roma,Lazio,0.5136,0.2635,0.2229,H,H,1
2021-05-16,SerieA,Fiorentina,Napoli,0.2992,0.2888,0.412,A,A,1
2021-05-16,EPL,West Brom,Liverpool,0.1971,0.2402,0.5627,A,A,1
2021-05-16,EPL,Tottenham,Wolves,0.4392,0.2286,0.3322,H,H,1
2021-05-16,LaLiga,Alaves,Granada,0.5644,0.261,0.1746,H,H,1
2021-05-16,LaLiga,Ath Bilbao,Real Madrid,0.3485,0.3011,0.3504,A,A,1
2021-05-16,LaLiga,Ath Madrid,Osasuna,0.6296,0.2185,0.1519,H,H,1
2021-05-16,Bundesliga,RB Leipzig,Wolfsburg,0.4896,0.2437,0.2667,H,D,0
2021-05-16,Bundesliga,Mainz,Dortmund,0.3326,0.2385,0.4288,A,A,1
2021-05-16,LaLiga,Barcelona,Celta,0.7335,0.1461,0.1202,H,A,0
2021-05-16,LaLiga,Betis,Huesca,0.4817,0.2698,0.2485,H,H,1
2021-05-16,LaLiga,Getafe,Levante,0.3585,0.319,0.3225,H,H,1
2021-05-16,LaLiga,Valencia,Eibar,0.3927,0.3076,0.2997,H,H,1
2021-05-16,LaLiga,Villarreal,Sevilla,0.6277,0.2005,0.1718,H,H,1
2021-05-16,SerieA,Milan,Cagliari,0.6233,0.2091,0.1676,H,D,0
2021-05-16,SerieA,Parma,Sassuolo,0.5578,0.2289,0.2133,H,A,0
2021-05-16,SerieA,Udinese,Sampdoria,0.577,0.244,0.179,H,A,0
2021-05-16,EPL,Crystal Palace,Aston Villa,0.37,0.2637,0.3663,H,H,1
2021-05-16,SerieA,Benevento,Crotone,0.3676,0.3302,0.3022,H,D,0
2021-05-16,LaLiga,Cadiz,Elche,0.3163,0.3415,0.3422,A,A,1
2021-05-16,EPL,Everton,Sheffield United,0.7161,0.1854,0.0985,H,A,0
2021-05-16,LaLiga,Sociedad,Valladolid,0.672,0.2119,0.1161,H,H,1
2021-05-16,Ligue1,Lorient,Metz,0.4371,0.2526,0.3103,H,H,1
2021-05-16,Ligue1,Paris SG,Reims,0.7658,0.1577,0.0764,H,H,1
2021-05-16,Ligue1,Nimes,Lyon,0.2652,0.2613,0.4735,A,A,1
2021-05-16,Ligue1,Nice,Strasbourg,0.4832,0.252,0.2648,H,A,0
2021-05-16,Ligue1,Montpellier,Brest,0.1429,0.2063,0.6508,A,D,0
2021-05-16,Ligue1,Monaco,Rennes,0.5346,0.2228,0.2425,H,H,1
2021-05-16,Ligue1,Marseille,Angers,0.6903,0.1878,0.1218,H,H,1
2021-05-16,Ligue1,Lille,St Etienne,0.7026,0.1763,0.1211,H,D,0
2021-05-16,Ligue1,Dijon,Nantes,0.4039,0.3144,0.2817,H,A,0
2021-05-16,Ligue1,Bordeaux,Lens,0.2765,0.2951,0.4284,A,H,0
2021-05-17,SerieA,Verona,Bologna,0.1866,0.2511,0.5623,A,D,0
2021-05-18,EPL,Southampton,Leeds,0.2603,0.2487,0.491,A,A,1
2021-05-18,EPL,Brighton,Man City,0.2463,0.223,0.5307,A,H,0
2021-05-18,SerieA,Lazio,Torino,0.4974,0.2805,0.2221,H,D,0
2021-05-18,EPL,Chelsea,Leicester,0.7554,0.167,0.0776,H,H,1
2021-05-18,EPL,Man United,Fulham,0.3655,0.2708,0.3637,H,D,0
2021-05-19,EPL,Everton,Wolves,0.464,0.2845,0.2515,H,H,1
2021-05-19,EPL,Newcastle,Sheffield United,0.8711,0.0843,0.0433,H,H,1
2021-05-19,EPL,Tottenham,Aston Villa,0.2948,0.2319,0.4732,A,A,1
2021-05-19,EPL,Crystal Palace,Arsenal,0.2272,0.2581,0.5147,A,A,1
2021-05-19,EPL,Burnley,Liverpool,0.1153,0.159,0.7256,A,A,1
2021-05-19,EPL,West Brom,West Ham,0.4105,0.2928,0.2967,H,A,0
2021-05-21,LaLiga,Levante,Cadiz,0.5179,0.2974,0.1847,H,D,0
2021-05-22,Bundesliga,Ein Frankfurt,Freiburg,0.5572,0.2214,0.2214,H,H,1
2021-05-22,Bundesliga,Bayern Munich,Augsburg,0.8012,0.1337,0.065,H,H,1
2021-05-22,Bundesliga,Dortmund,Leverkusen,0.4004,0.224,0.3756,H,H,1
2021-05-22,Bundesliga,FC Koln,Schalke 04,0.4086,0.2715,0.3198,H,H,1
2021-05-22,LaLiga,Elche,Ath Bilbao,0.1299,0.2716,0.5985,A,H,0
2021-05-22,Bundesliga,Stuttgart,Bielefeld,0.576,0.2358,0.1882,H,A,0
2021-05-22,Bundesliga,Union Berlin,RB Leipzig,0.2616,0.2616,0.4768,A,H,0
2021-05-22,Bundesliga,Werder Bremen,M'gladbach,0.4605,0.2279,0.3116,H,A,0
2021-05-22,LaLiga,Eibar,Barcelona,0.1466,0.2056,0.6477,A,A,1
2021-05-22,Bundesliga,Hoffenheim,Hertha,0.5552,0.2058,0.239,H,H,1
2021-05-22,LaLiga,Celta,Betis,0.3942,0.2335,0.3723,H,A,0
2021-05-22,Bundesliga,Wolfsburg,Mainz,0.3205,0.2642,0.4154,A,A,1
2021-05-22,SerieA,Sampdoria,Parma,0.1935,0.2452,0.5612,A,H,0
2021-05-22,LaLiga,Huesca,Valencia,0.3679,0.3094,0.3226,H,D,0
2021-05-22,LaLiga,Osasuna,Sociedad,0.4548,0.2879,0.2572,H,A,0
2021-05-22,LaLiga,Real Madrid,Villarreal,0.5626,0.2078,0.2296,H,H,1
2021-05-22,LaLiga,Valladolid,Ath Madrid,0.0345,0.0917,0.8733,A,A,1
2021-05-22,SerieA,Crotone,Fiorentina,0.2531,0.2784,0.4684,A,D,0
2021-05-22,SerieA,Cagliari,Genoa,0.3458,0.2909,0.3633,A,A,1
2021-05-23,EPL,Man City,Everton,0.5506,0.268,0.1814,H,H,1
2021-05-23,Ligue1,Metz,Marseille,0.1725,0.1937,0.6338,A,D,0
2021-05-23,Ligue1,Nantes,Montpellier,0.6079,0.2489,0.1432,H,A,0
2021-05-23,Ligue1,Reims,Bordeaux,0.3425,0.3293,0.3282,H,A,0
2021-05-23,Ligue1,Rennes,Nimes,0.4703,0.2723,0.2575,H,H,1
2021-05-23,EPL,Sheffield United,Burnley,0.2701,0.2298,0.5,A,H,0
2021-05-23,Ligue1,Strasbourg,Lorient,0.6212,0.2099,0.1689,H,D,0
2021-05-23,Ligue1,Lens,Monaco,0.3113,0.2695,0.4192,A,D,0
2021-05-23,EPL,West Ham,Southampton,0.6693,0.2072,0.1235,H,H,1
2021-05-23,EPL,Wolves,Man United,0.395,0.2648,0.3401,H,A,0
2021-05-23,EPL,Liverpool,Crystal Palace,0.5965,0.2078,0.1957,H,H,1
2021-05-23,SerieA,Spezia,Roma,0.1,0.207,0.693,A,D,0
2021-05-23,SerieA,Torino,Benevento,0.3646,0.3398,0.2956,H,D,0
2021-05-23,Ligue1,St Etienne,Dijon,0.3012,0.2624,0.4364,A,A,1
2021-05-23,Ligue1,Brest,Paris SG,0.1555,0.1676,0.6768,A,A,1
2021-05-23,Ligue1,Lyon,Nice,0.3776,0.2373,0.3852,A,A,1
2021-05-23,SerieA,Sassuolo,Lazio,0.1765,0.2056,0.6179,A,H,0
2021-05-23,EPL,Leicester,Tottenham,0.2014,0.2224,0.5762,A,A,1
2021-05-23,EPL,Leeds,West Brom,0.2656,0.2621,0.4723,A,H,0
2021-05-23,EPL,Fulham,Newcastle,0.2818,0.2377,0.4805,A,A,1
2021-05-23,EPL,Aston Villa,Chelsea,0.3668,0.2721,0.3611,H,H,1
2021-05-23,Ligue1,Angers,Lille,0.1809,0.2806,0.5385,A,A,1
2021-05-23,LaLiga,Granada,Getafe,0.2419,0.2774,0.4807,A,D,0
2021-05-23,EPL,Arsenal,Brighton,0.6271,0.2062,0.1667,H,H,1
2021-05-23,SerieA,Napoli,Verona,0.7021,0.2112,0.0867,H,D,0
2021-05-23,LaLiga,Sevilla,Alaves,0.3575,0.3198,0.3226,H,H,1
2021-05-23,SerieA,Bologna,Juventus,0.3469,0.2759,0.3772,A,A,1
2021-05-23,SerieA,Atalanta,Milan,0.5301,0.2264,0.2435,H,A,0
2021-05-23,SerieA,Inter,Udinese,0.7617,0.1585,0.0798,H,H,1
2021-08-06,Ligue1,Monaco,Nantes,0.6264,0.2166,0.1569,H,D,0
2021-08-07,Ligue1,Troyes,Paris SG,0.0512,0.0948,0.8531,A,A,1
2021-08-07,Ligue1,Lyon,Brest,0.5817,0.1984,0.2199,H,D,0
2021-08-08,Ligue1,Montpellier,Marseille,0.0718,0.1352,0.7929,A,A,1
2021-08-08,Ligue1,Rennes,Lens,0.3999,0.2714,0.3287,H,D,0
2021-08-08,Ligue1,Bordeaux,Clermont,0.4982,0.2805,0.2213,H,A,0
2021-08-08,Ligue1,Nice,Reims,0.6315,0.2364,0.1321,H,D,0
2021-08-08,Ligue1,St Etienne,Lorient,0.385,0.2264,0.3886,A,D,0
2021-08-08,Ligue1,Strasbourg,Angers,0.5982,0.2479,0.1539,H,A,0
2021-08-08,Ligue1,Metz,Lille,0.1876,0.2497,0.5626,A,D,0
2021-08-13,EPL,Brentford,Arsenal,0.2418,0.2465,0.5117,A,H,0
2021-08-13,LaLiga,Valencia,Getafe,0.4172,0.3079,0.2749,H,H,1
2021-08-13,Ligue1,Lorient,Monaco,0.1834,0.2019,0.6147,A,H,0
2021-08-13,Bundesliga,M'gladbach,Bayern Munich,0.1242,0.1488,0.7267,A,D,0
2021-08-14,Ligue1,Paris SG,Strasbourg,0.6315,0.1961,0.1724,H,H,1
2021-08-14,EPL,Chelsea,Crystal Palace,0.4789,0.2598,0.2613,H,H,1
2021-08-14,EPL,Burnley,Brighton,0.2274,0.2129,0.5597,A,A,1
2021-08-14,EPL,Man United,Leeds,0.5794,0.2198,0.2008,H,H,1
2021-08-14,Ligue1,Lille,Nice,0.3635,0.2766,0.3599,H,A,0
2021-08-14,Bundesliga,Dortmund,Ein Frankfurt,0.4909,0.2161,0.2929,H,H,1
2021-08-14,Bundesliga,Wolfsburg,Bochum,0.5729,0.2323,0.1948,H,H,1
2021-08-14,Bundesliga,Union Berlin,Leverkusen,0.1639,0.2169,0.6192,A,D,0
2021-08-14,Bundesliga,Stuttgart,Greuther Furth,0.607,0.2203,0.1727,H,H,1
2021-08-14,Bundesliga,Bielefeld,Freiburg,0.3353,0.2929,0.3718,A,D,0
2021-08-14,EPL,Everton,Southampton,0.6926,0.2175,0.0899,H,H,1
2021-08-14,EPL,Watford,Aston Villa,0.2419,0.2761,0.482,A,H,0
2021-08-14,EPL,Norwich,Liverpool,0.148,0.2084,0.6435,A,A,1
2021-08-14,Bundesliga,Augsburg,Hoffenheim,0.3834,0.2659,0.3507,H,A,0
2021-08-14,EPL,Leicester,Wolves,0.2088,0.2451,0.5461,A,H,0
2021-08-14,LaLiga,Cadiz,Levante,0.2342,0.3176,0.4483,A,D,0
2021-08-14,LaLiga,Mallorca,Betis,0.2787,0.2901,0.4312,A,D,0
2021-08-14,LaLiga,Alaves,Real Madrid,0.1697,0.2551,0.5753,A,A,1
2021-08-14,LaLiga,Osasuna,Espanol,0.4221,0.2857,0.2921,H,D,0
2021-08-15,Ligue1,Angers,Lyon,0.1824,0.2334,0.5842,A,H,0
2021-08-15,Ligue1,Brest,Rennes,0.372,0.2332,0.3948,A,D,0
2021-08-15,Ligue1,Clermont,Troyes,0.4118,0.2773,0.3109,H,H,1
2021-08-15,LaLiga,Barcelona,Sociedad,0.7634,0.1514,0.0851,H,H,1
2021-08-15,Ligue1,Nantes,Metz,0.447,0.2791,0.2739,H,H,1
2021-08-15,LaLiga,Sevilla,Vallecano,0.3676,0.3016,0.3308,H,H,1
2021-08-15,Ligue1,Marseille,Bordeaux,0.6534,0.1929,0.1536,H,D,0
2021-08-15,EPL,Newcastle,West Ham,0.6368,0.1994,0.1638,H,A,0
2021-08-15,Bundesliga,Mainz,RB Leipzig,0.4272,0.2591,0.3137,H,H,1
2021-08-15,Ligue1,Reims,Montpellier,0.538,0.2978,0.1642,H,D,0
2021-08-15,Ligue1,Lens,St Etienne,0.6217,0.2095,0.1688,H,D,0
2021-08-15,LaLiga,Celta,Ath Madrid,0.2217,0.2273,0.551,A,A,1
2021-08-15,EPL,Tottenham,Man City,0.1773,0.1961,0.6265,A,H,0
2021-08-15,Bundesliga,FC Koln,Hertha,0.4068,0.2644,0.3288,H,H,1
2021-08-16,LaLiga,Villarreal,Granada,0.8171,0.1139,0.0685,H,D,0
2021-08-16,LaLiga,Elche,Ath Bilbao,0.1299,0.2716,0.5985,A,D,0
2021-08-20,LaLiga,Betis,Cadiz,0.651,0.2229,0.126,H,D,0
2021-08-20,Bundesliga,RB Leipzig,Stuttgart,0.3807,0.2344,0.3849,A,H,0
2021-08-20,Ligue1,Brest,Paris SG,0.1555,0.1676,0.6768,A,A,1
2021-08-21,EPL,Brighton,Watford,0.55,0.2375,0.2125,H,H,1
2021-08-21,LaLiga,Espanol,Villarreal,0.264,0.2471,0.4889,A,D,0
2021-08-21,LaLiga,Granada,Valencia,0.2083,0.2371,0.5546,A,D,0
2021-08-21,LaLiga,Ath Bilbao,Barcelona,0.3216,0.2772,0.4012,A,D,0
2021-08-21,SerieA,Torino,Atalanta,0.1794,0.2531,0.5675,A,A,1
2021-08-21,SerieA,Empoli,Lazio,0.1898,0.241,0.5692,A,A,1
2021-08-21,EPL,Leeds,Everton,0.2093,0.2537,0.5371,A,D,0
2021-08-21,EPL,Crystal Palace,Brentford,0.3992,0.248,0.3529,H,D,0
2021-08-21,EPL,Aston Villa,Newcastle,0.3599,0.2491,0.391,A,H,0
2021-08-21,EPL,Liverpool,Burnley,0.7985,0.1253,0.0759,H,H,1
2021-08-21,SerieA,Verona,Sassuolo,0.4111,0.2737,0.3153,H,A,0
2021-08-21,Ligue1,Monaco,Lens,0.4999,0.2565,0.2436,H,A,0
2021-08-21,Bundesliga,Bochum,Mainz,0.1892,0.2379,0.5729,A,H,0
2021-08-21,EPL,Man City,Norwich,0.7024,0.1952,0.1024,H,H,1
2021-08-21,Bundesliga,Ein Frankfurt,Augsburg,0.6032,0.2314,0.1655,H,D,0
2021-08-21,Bundesliga,Freiburg,Dortmund,0.2493,0.2154,0.5353,A,H,0
2021-08-21,Bundesliga,Greuther Furth,Bielefeld,0.3504,0.3287,0.321,H,D,0
2021-08-21,Ligue1,St Etienne,Lille,0.1711,0.2073,0.6217,A,D,0
2021-08-21,Bundesliga,Hertha,Wolfsburg,0.26,0.2337,0.5064,A,A,1
2021-08-21,LaLiga,Alaves,Mallorca,0.361,0.3675,0.2714,D,A,0
2021-08-21,SerieA,Inter,Genoa,0.6727,0.2079,0.1194,H,H,1
2021-08-21,Bundesliga,Leverkusen,M'gladbach,0.6623,0.1788,0.1588,H,H,1
2021-08-22,SerieA,Roma,Fiorentina,0.4839,0.269,0.2472,H,H,1
2021-08-22,EPL,Southampton,Man United,0.1544,0.2413,0.6043,A,D,0
2021-08-22,EPL,Wolves,Tottenham,0.4204,0.2298,0.3498,H,A,0
2021-08-22,EPL,Arsenal,Chelsea,0.5106,0.2662,0.2232,H,A,0
2021-08-22,Ligue1,Bordeaux,Angers,0.4296,0.3067,0.2637,H,D,0
2021-08-22,LaLiga,Ath Madrid,Elche,0.7578,0.167,0.0752,H,H,1
2021-08-22,SerieA,Napoli,Venezia,0.6826,0.2216,0.0958,H,H,1
2021-08-22,SerieA,Udinese,Juventus,0.1937,0.2589,0.5474,A,D,0
2021-08-22,SerieA,Bologna,Salernitana,0.75,0.1552,0.0947,H,H,1
2021-08-22,Bundesliga,Hoffenheim,Union Berlin,0.4427,0.2488,0.3085,H,D,0
2021-08-22,LaLiga,Sociedad,Vallecano,0.3479,0.3276,0.3245,H,H,1
2021-08-22,Ligue1,Metz,Reims,0.3596,0.3162,0.3242,H,D,0
2021-08-22,Ligue1,Lyon,Clermont,0.7371,0.1648,0.098,H,D,0
2021-08-22,Ligue1,Strasbourg,Troyes,0.7222,0.1725,0.1053,H,D,0
2021-08-22,Ligue1,Rennes,Nantes,0.5251,0.2486,0.2263,H,H,1
2021-08-22,LaLiga,Levante,Real Madrid,0.1651,0.2189,0.616,A,D,0
2021-08-22,Ligue1,Montpellier,Lorient,0.2112,0.251,0.5379,A,H,0
2021-08-22,Bundesliga,Bayern Munich,FC Koln,0.8716,0.0894,0.0384,H,H,1
2021-08-23,SerieA,Sampdoria,Milan,0.0908,0.158,0.7511,A,A,1
2021-08-23,SerieA,Cagliari,Spezia,0.5385,0.2568,0.2047,H,D,0
2021-08-23,LaLiga,Osasuna,Celta,0.3916,0.2503,0.3581,H,D,0
2021-08-23,LaLiga,Getafe,Sevilla,0.3789,0.3079,0.3132,H,A,0
2021-08-23,EPL,West Ham,Leicester,0.6023,0.2324,0.1653,H,H,1
2021-08-27,SerieA,Udinese,Venezia,0.4207,0.2978,0.2815,H,H,1
2021-08-27,LaLiga,Valencia,Alaves,0.3927,0.3215,0.2858,H,H,1
2021-08-27,SerieA,Verona,Inter,0.0893,0.1828,0.7279,A,A,1
2021-08-27,Bundesliga,Dortmund,Hoffenheim,0.7197,0.1487,0.1314,H,H,1
2021-08-27,Ligue1,Nantes,Lyon,0.2321,0.2385,0.5294,A,A,1
2021-08-27,LaLiga,Mallorca,Espanol,0.3309,0.337,0.3322,D,H,0
2021-08-28,EPL,Norwich,Leicester,0.5228,0.2802,0.197,H,A,0
2021-08-28,EPL,Newcastle,Southampton,0.852,0.1045,0.0432,H,D,0
2021-08-28,EPL,Brighton,Everton,0.4081,0.2758,0.3161,H,A,0
2021-08-28,EPL,Aston Villa,Brentford,0.4393,0.246,0.3147,H,D,0
2021-08-28,EPL,Man City,Arsenal,0.3757,0.2788,0.3455,H,H,1
2021-08-28,SerieA,Atalanta,Bologna,0.5687,0.2228,0.2085,H,D,0
2021-08-28,SerieA,Lazio,Spezia,0.6919,0.1945,0.1135,H,H,1
2021-08-28,SerieA,Fiorentina,Torino,0.5298,0.2697,0.2005,H,H,1
2021-08-28,SerieA,Juventus,Empoli,0.6775,0.2095,0.113,H,A,0
2021-08-28,LaLiga,Betis,Real Madrid,0.2417,0.2222,0.5361,A,A,1
2021-08-28,LaLiga,Celta,Ath Bilbao,0.2471,0.2793,0.4735,A,A,1
2021-08-28,LaLiga,Elche,Sevilla,0.2983,0.2905,0.4112,A,D,0
2021-08-28,LaLiga,Sociedad,Levante,0.3591,0.3093,0.3317,H,H,1
2021-08-28,Ligue1,Marseille,St Etienne,0.7779,0.1238,0.0975,H,H,1
2021-08-28,Ligue1,Nice,Bordeaux,0.6444,0.2122,0.1434,H,H,1
2021-08-28,Bundesliga,Augsburg,Leverkusen,0.1678,0.2335,0.5987,A,A,1
2021-08-28,Bundesliga,Bielefeld,Ein Frankfurt,0.2363,0.2657,0.498,A,D,0
2021-08-28,Bundesliga,FC Koln,Bochum,0.3952,0.2852,0.3196,H,H,1
2021-08-28,Bundesliga,Mainz,Greuther Furth,0.5465,0.2623,0.1913,H,H,1
2021-08-28,Bundesliga,Stuttgart,Freiburg,0.5525,0.2152,0.2323,H,A,0
2021-08-28,Bundesliga,Bayern Munich,Hertha,0.9056,0.0618,0.0293,H,H,1
2021-08-28,EPL,West Ham,Crystal Palace,0.3041,0.2584,0.4375,A,D,0
2021-08-28,EPL,Liverpool,Chelsea,0.505,0.2361,0.2589,H,D,0
2021-08-29,EPL,Tottenham,Watford,0.464,0.2544,0.2816,H,H,1
2021-08-29,Bundesliga,Union Berlin,M'gladbach,0.3272,0.2544,0.4184,A,H,0
2021-08-29,Bundesliga,Wolfsburg,RB Leipzig,0.3415,0.2538,0.4047,A,H,0
2021-08-29,EPL,Burnley,Leeds,0.4647,0.2322,0.3031,H,D,0
2021-08-29,EPL,Wolves,Man United,0.395,0.2648,0.3401,H,A,0
2021-08-29,LaLiga,Barcelona,Getafe,0.7467,0.1631,0.0902,H,H,1
2021-08-29,LaLiga,Vallecano,Granada,0.5842,0.2424,0.1734,H,H,1
2021-08-29,Ligue1,Troyes,Monaco,0.1129,0.1653,0.7217,A,A,1
2021-08-29,Ligue1,Angers,Rennes,0.2346,0.2669,0.4986,A,H,0
2021-08-29,Ligue1,Clermont,Metz,0.325,0.2887,0.3863,A,D,0
2021-08-29,Ligue1,Lens,Lorient,0.5582,0.242,0.1999,H,D,0
2021-08-29,Ligue1,Reims,Paris SG,0.1104,0.1925,0.6971,A,A,1
2021-08-29,SerieA,Salernitana,Roma,0.0855,0.1676,0.7469,A,A,1
2021-08-29,SerieA,Milan,Cagliari,0.6233,0.2091,0.1676,H,H,1
2021-08-29,LaLiga,Cadiz,Osasuna,0.2029,0.2932,0.5039,A,A,1
2021-08-29,SerieA,Genoa,Napoli,0.1972,0.2938,0.5089,A,A,1
2021-08-29,LaLiga,Ath Madrid,Villarreal,0.5392,0.2251,0.2357,H,D,0
2021-08-29,SerieA,Sassuolo,Sampdoria,0.5264,0.2391,0.2345,H,D,0
2021-08-29,Ligue1,Strasbourg,Brest,0.5215,0.2315,0.247,H,H,1
2021-08-29,Ligue1,Lille,Montpellier,0.7745,0.1627,0.0628,H,H,1
2021-09-10,Ligue1,Lorient,Lille,0.2028,0.2393,0.5579,A,H,0
2021-09-11,EPL,Arsenal,Norwich,0.7,0.204,0.096,H,H,1
2021-09-11,SerieA,Atalanta,Fiorentina,0.5382,0.2303,0.2315,H,A,0
2021-09-11,EPL,Brentford,Brighton,0.4551,0.2229,0.322,H,A,0
2021-09-11,EPL,Man United,Newcastle,0.2462,0.2426,0.5112,A,H,0
2021-09-11,EPL,Southampton,West Ham,0.1689,0.2379,0.5932,A,D,0
2021-09-11,EPL,Watford,Wolves,0.3546,0.2816,0.3638,A,A,1
2021-09-11,EPL,Chelsea,Aston Villa,0.4394,0.267,0.2936,H,H,1
2021-09-11,EPL,Crystal Palace,Tottenham,0.5216,0.2231,0.2553,H,H,1
2021-09-11,EPL,Leicester,Man City,0.0688,0.1493,0.7818,A,A,1
2021-09-11,SerieA,Napoli,Juventus,0.443,0.3043,0.2528,H,H,1
2021-09-11,Ligue1,Monaco,Marseille,0.4458,0.2213,0.3329,H,A,0
2021-09-11,LaLiga,Levante,Vallecano,0.3766,0.3108,0.3126,H,D,0
2021-09-11,LaLiga,Ath Bilbao,Mallorca,0.5501,0.3112,0.1387,H,H,1
2021-09-11,Bundesliga,RB Leipzig,Bayern Munich,0.1777,0.1909,0.6313,A,A,1
2021-09-11,Bundesliga,Union Berlin,Augsburg,0.3749,0.3118,0.3133,H,D,0
2021-09-11,Bundesliga,Leverkusen,Dortmund,0.4689,0.2194,0.3116,H,A,0
2021-09-11,Bundesliga,Hoffenheim,Mainz,0.2724,0.2325,0.4951,A,A,1
2021-09-11,Bundesliga,Greuther Furth,Wolfsburg,0.3212,0.2861,0.3927,A,A,1
2021-09-11,Bundesliga,Freiburg,FC Koln,0.5612,0.2436,0.1952,H,D,0
2021-09-11,SerieA,Empoli,Venezia,0.3612,0.3069,0.332,H,A,0
2021-09-11,Ligue1,Paris SG,Clermont,0.865,0.0938,0.0407,H,H,1
2021-09-12,LaLiga,Real Madrid,Celta,0.6636,0.1821,0.1542,H,H,1
2021-09-12,LaLiga,Espanol,Ath Madrid,0.183,0.2526,0.5644,A,A,1
2021-09-12,EPL,Leeds,Liverpool,0.0901,0.1268,0.7826,A,A,1
2021-09-12,Bundesliga,M'gladbach,Bielefeld,0.4617,0.265,0.2733,H,H,1
2021-09-12,SerieA,Milan,Lazio,0.4663,0.2437,0.2899,H,H,1
2021-09-12,SerieA,Torino,Salernitana,0.5755,0.2518,0.1727,H,H,1
2021-09-12,Bundesliga,Ein Frankfurt,Stuttgart,0.4477,0.225,0.3273,H,D,0
2021-09-12,Ligue1,Nantes,Nice,0.1997,0.2467,0.5536,A,A,1
2021-09-12,Ligue1,Rennes,Reims,0.5335,0.2677,0.1988,H,A,0
2021-09-12,Ligue1,Metz,Troyes,0.5008,0.2482,0.2509,H,A,0
2021-09-12,Ligue1,Brest,Angers,0.5371,0.2499,0.213,H,D,0
2021-09-12,Ligue1,Bordeaux,Lens,0.2765,0.2951,0.4284,A,A,1
2021-09-12,Ligue1,Montpellier,St Etienne,0.2437,0.2432,0.5131,A,H,0
2021-09-12,SerieA,Sampdoria,Inter,0.045,0.1106,0.8442,A,D,0
2021-09-12,SerieA,Cagliari,Genoa,0.3458,0.2909,0.3633,A,A,1
2021-09-12,SerieA,Spezia,Udinese,0.2894,0.2886,0.422,A,A,1
2021-09-12,Bundesliga,Bochum,Hertha,0.413,0.2521,0.335,H,A,0
2021-09-12,LaLiga,Cadiz,Sociedad,0.2458,0.339,0.4152,A,A,1
2021-09-12,SerieA,Roma,Sassuolo,0.7755,0.1497,0.0747,H,H,1
2021-09-12,Ligue1,Lyon,Strasbourg,0.4518,0.2405,0.3077,H,H,1
2021-09-12,LaLiga,Osasuna,Valencia,0.4199,0.2758,0.3043,H,A,0
2021-09-13,SerieA,Bologna,Verona,0.6389,0.2224,0.1386,H,H,1
2021-09-13,EPL,Everton,Burnley,0.5591,0.2611,0.1798,H,H,1
2021-09-13,LaLiga,Getafe,Elche,0.4549,0.3139,0.2313,H,A,0
2021-09-13,LaLiga,Granada,Betis,0.1505,0.1865,0.663,A,A,1
2021-09-17,SerieA,Sassuolo,Torino,0.2704,0.2791,0.4506,A,A,1
2021-09-17,Ligue1,Strasbourg,Metz,0.6247,0.2186,0.1568,H,H,1
2021-09-17,EPL,Newcastle,Leeds,0.7886,0.1266,0.0844,H,D,0
2021-09-17,LaLiga,Celta,Cadiz,0.6305,0.2287,0.1408,H,A,0
2021-09-17,Bundesliga,Hertha,Greuther Furth,0.326,0.2726,0.4014,A,H,0
2021-09-18,SerieA,Genoa,Fiorentina,0.2765,0.2753,0.4482,A,A,1
2021-09-18,Bundesliga,Bayern Munich,Bochum,0.887,0.0773,0.0344,H,H,1
2021-09-18,Bundesliga,Augsburg,M'gladbach,0.3251,0.2684,0.4065,A,H,0
2021-09-18,SerieA,Salernitana,Atalanta,0.067,0.1229,0.8098,A,A,1
2021-09-18,SerieA,Inter,Bologna,0.605,0.2188,0.1762,H,H,1
2021-09-18,Ligue1,Lens,Lille,0.3179,0.3035,0.3786,A,H,0
2021-09-18,Bundesliga,Bielefeld,Hoffenheim,0.4032,0.2684,0.3284,H,D,0
2021-09-18,Ligue1,St Etienne,Bordeaux,0.3469,0.249,0.4042,A,A,1
2021-09-18,LaLiga,Elche,Levante,0.2818,0.2983,0.4199,A,D,0
2021-09-18,EPL,Aston Villa,Everton,0.4248,0.3003,0.275,H,H,1
2021-09-18,EPL,Man City,Southampton,0.8804,0.0894,0.0298,H,D,0
2021-09-18,EPL,Liverpool,Crystal Palace,0.5965,0.2078,0.1957,H,H,1
2021-09-18,EPL,Burnley,Arsenal,0.1052,0.1825,0.7123,A,A,1
2021-09-18,Bundesliga,FC Koln,RB Leipzig,0.2029,0.2448,0.5522,A,D,0
2021-09-18,Bundesliga,Mainz,Freiburg,0.4972,0.2502,0.2527,H,D,0
2021-09-18,EPL,Wolves,Brentford,0.3063,0.2366,0.4571,A,A,1
2021-09-18,LaLiga,Vallecano,Getafe,0.3777,0.3356,0.2867,H,H,1
2021-09-18,LaLiga,Ath Madrid,Ath Bilbao,0.4024,0.3166,0.281,H,D,0
2021-09-18,LaLiga,Alaves,Osasuna,0.3328,0.3189,0.3483,A,A,1
2021-09-18,EPL,Norwich,Watford,0.3576,0.3203,0.3221,H,A,0
2021-09-19,SerieA,Verona,Roma,0.1231,0.2399,0.6369,A,H,0
2021-09-19,SerieA,Lazio,Cagliari,0.5639,0.2346,0.2015,H,D,0
2021-09-19,LaLiga,Sociedad,Sevilla,0.3795,0.2987,0.3218,H,D,0
2021-09-19,EPL,Brighton,Leicester,0.738,0.1619,0.1,H,H,1
2021-09-19,EPL,West Ham,Man United,0.3764,0.273,0.3507,H,A,0
2021-09-19,EPL,Tottenham,Chelsea,0.2594,0.2319,0.5086,A,A,1
2021-09-19,Ligue1,Troyes,Montpellier,0.4991,0.2664,0.2345,H,D,0
2021-09-19,LaLiga,Mallorca,Villarreal,0.2291,0.2638,0.5071,A,D,0
2021-09-19,Ligue1,Paris SG,Lyon,0.631,0.1804,0.1886,H,H,1
2021-09-19,Bundesliga,Stuttgart,Leverkusen,0.331,0.226,0.443,A,A,1
2021-09-19,Bundesliga,Dortmund,Union Berlin,0.6913,0.1798,0.1288,H,H,1
2021-09-19,Bundesliga,Wolfsburg,Ein Frankfurt,0.29,0.2406,0.4694,A,D,0
2021-09-19,SerieA,Venezia,Spezia,0.4444,0.3,0.2556,H,A,0
2021-09-19,SerieA,Empoli,Sampdoria,0.51,0.2669,0.2231,H,A,0
2021-09-19,Ligue1,Marseille,Rennes,0.5417,0.2078,0.2505,H,H,1
2021-09-19,Ligue1,Nice,Monaco,0.4368,0.2445,0.3187,H,D,0
2021-09-19,Ligue1,Angers,Nantes,0.3179,0.3185,0.3636,A,A,1
2021-09-19,Ligue1,Clermont,Brest,0.2262,0.2424,0.5314,A,D,0
2021-09-19,Ligue1,Reims,Lorient,0.382,0.2973,0.3207,H,D,0
2021-09-19,SerieA,Juventus,Milan,0.4187,0.2653,0.3159,H,D,0
2021-09-19,LaLiga,Betis,Espanol,0.4914,0.2566,0.2519,H,D,0
2021-09-19,LaLiga,Valencia,Real Madrid,0.1836,0.2237,0.5927,A,A,1
2021-09-20,SerieA,Udinese,Napoli,0.1492,0.2519,0.5989,A,A,1
2021-09-20,LaLiga,Barcelona,Granada,0.9193,0.0529,0.0232,H,D,0
2021-09-21,SerieA,Atalanta,Sassuolo,0.836,0.1068,0.0567,H,H,1
2021-09-21,SerieA,Fiorentina,Inter,0.2599,0.2486,0.4915,A,A,1
2021-09-21,LaLiga,Getafe,Ath Madrid,0.1623,0.2599,0.5778,A,A,1
2021-09-21,SerieA,Bologna,Genoa,0.4983,0.2658,0.2359,H,D,0
2021-09-21,LaLiga,Ath Bilbao,Vallecano,0.5518,0.298,0.1501,H,A,0
2021-09-21,LaLiga,Levante,Celta,0.3362,0.2587,0.4051,A,A,1
2021-09-22,Ligue1,Nantes,Brest,0.3412,0.2606,0.3981,A,H,0
2021-09-22,Ligue1,Metz,Paris SG,0.0893,0.1402,0.7703,A,A,1
2021-09-22,Ligue1,Lyon,Troyes,0.7857,0.1313,0.0827,H,H,1
2021-09-22,SerieA,Salernitana,Verona,0.3326,0.2825,0.3849,A,D,0
2021-09-22,SerieA,Spezia,Juventus,0.1275,0.2248,0.6477,A,A,1
2021-09-22,SerieA,Cagliari,Empoli,0.491,0.267,0.242,H,A,0
2021-09-22,SerieA,Milan,Venezia,0.6678,0.2049,0.1273,H,H,1
2021-09-22,Ligue1,Montpellier,Bordeaux,0.1932,0.2739,0.5329,A,D,0
2021-09-22,LaLiga,Real Madrid,Mallorca,0.6719,0.2139,0.1142,H,H,1
2021-09-22,LaLiga,Sevilla,Valencia,0.3548,0.2801,0.3651,A,H,0
2021-09-22,LaLiga,Villarreal,Elche,0.7104,0.1771,0.1125,H,H,1
2021-09-22,Ligue1,Rennes,Clermont,0.653,0.208,0.1389,H,H,1
2021-09-22,Ligue1,Angers,Marseille,0.1698,0.2188,0.6114,A,D,0
2021-09-22,Ligue1,Lens,Strasbourg,0.354,0.2895,0.3565,A,A,1
2021-09-22,LaLiga,Espanol,Alaves,0.3756,0.3354,0.2889,H,H,1
2021-09-22,Ligue1,Lorient,Nice,0.1726,0.2039,0.6235,A,H,0
2021-09-22,Ligue1,Lille,Reims,0.5665,0.28,0.1535,H,H,1
2021-09-22,Ligue1,Monaco,St Etienne,0.7627,0.1374,0.0996,H,H,1
2021-09-23,SerieA,Torino,Lazio,0.2814,0.2956,0.423,A,D,0
2021-09-23,LaLiga,Granada,Sociedad,0.2475,0.2694,0.4832,A,A,1
2021-09-23,LaLiga,Osasuna,Betis,0.3585,0.2551,0.3864,A,A,1
2021-09-23,LaLiga,Cadiz,Barcelona,0.0629,0.1396,0.7974,A,D,0
2021-09-23,SerieA,Roma,Udinese,0.6715,0.2143,0.1142,H,H,1
2021-09-23,SerieA,Sampdoria,Napoli,0.069,0.1696,0.7613,A,A,1
2021-09-24,Bundesliga,Greuther Furth,Bayern Munich,0.0961,0.1641,0.7398,A,A,1
2021-09-25,Bundesliga,Ein Frankfurt,FC Koln,0.6956,0.1867,0.1176,H,D,0
2021-09-25,Bundesliga,Hoffenheim,Wolfsburg,0.3632,0.2357,0.401,A,H,0
2021-09-25,Bundesliga,RB Leipzig,Hertha,0.6751,0.1821,0.1427,H,H,1
2021-09-25,Bundesliga,Leverkusen,Mainz,0.5351,0.2347,0.2302,H,H,1
2021-09-25,Bundesliga,M'gladbach,Dortmund,0.248,0.1991,0.5529,A,H,0
2021-09-25,Ligue1,St Etienne,Nice,0.1398,0.1709,0.6892,A,A,1
2021-09-25,Ligue1,Strasbourg,Lille,0.3625,0.2855,0.3521,H,A,0
2021-09-25,Ligue1,Lyon,Lorient,0.686,0.1712,0.1427,H,D,0
2021-09-25,Ligue1,Paris SG,Montpellier,0.9232,0.056,0.0187,H,H,1
2021-09-25,EPL,Man United,Aston Villa,0.2906,0.269,0.4404,A,A,1
2021-09-25,EPL,Everton,Norwich,0.4839,0.3129,0.2033,H,H,1
2021-09-25,EPL,Leeds,West Ham,0.2931,0.2346,0.4723,A,A,1
2021-09-25,EPL,Leicester,Burnley,0.2916,0.2707,0.4377,A,D,0
2021-09-25,EPL,Watford,Newcastle,0.2023,0.2441,0.5536,A,D,0
2021-09-25,EPL,Brentford,Liverpool,0.2814,0.2192,0.4993,A,D,0
2021-09-25,Bundesliga,Union Berlin,Bielefeld,0.3538,0.3168,0.3293,H,H,1
2021-09-25,SerieA,Inter,Atalanta,0.4617,0.2488,0.2894,H,D,0
2021-09-25,EPL,Chelsea,Man City,0.31,0.2686,0.4214,A,A,1
2021-09-25,LaLiga,Alaves,Ath Madrid,0.1737,0.2784,0.548,A,H,0
2021-09-25,LaLiga,Valencia,Ath Bilbao,0.2109,0.3037,0.4854,A,D,0
2021-09-25,LaLiga,Sevilla,Espanol,0.3589,0.2912,0.3499,H,H,1
2021-09-25,LaLiga,Real Madrid,Villarreal,0.5626,0.2078,0.2296,H,D,0
2021-09-25,SerieA,Genoa,Verona,0.5071,0.2902,0.2027,H,D,0
2021-09-25,SerieA,Spezia,Milan,0.1287,0.1974,0.6739,A,A,1
2021-09-26,EPL,Arsenal,Tottenham,0.7137,0.1712,0.1151,H,H,1
2021-09-26,SerieA,Juventus,Sampdoria,0.7873,0.1489,0.0637,H,H,1
2021-09-26,SerieA,Empoli,Bologna,0.1873,0.2383,0.5744,A,H,0
2021-09-26,SerieA,Napoli,Cagliari,0.6517,0.2241,0.1241,H,H,1
2021-09-26,SerieA,Lazio,Roma,0.2853,0.2793,0.4355,A,H,0
2021-09-26,EPL,Southampton,Wolves,0.1588,0.2239,0.6173,A,A,1
2021-09-26,Ligue1,Bordeaux,Rennes,0.287,0.2596,0.4534,A,D,0
2021-09-26,Ligue1,Brest,Metz,0.5553,0.2237,0.221,H,A,0
2021-09-26,Ligue1,Reims,Nantes,0.3345,0.3341,0.3313,H,H,1
2021-09-26,Ligue1,Troyes,Angers,0.3216,0.291,0.3874,A,D,0
2021-09-26,Ligue1,Clermont,Monaco,0.1281,0.1999,0.672,A,A,1
2021-09-26,Ligue1,Marseille,Lens,0.5083,0.239,0.2527,H,A,0
2021-09-26,Bundesliga,Freiburg,Augsburg,0.4704,0.2771,0.2525,H,H,1
2021-09-26,Bundesliga,Bochum,Stuttgart,0.1677,0.198,0.6343,A,D,0
2021-09-26,LaLiga,Mallorca,Osasuna,0.3138,0.3172,0.3689,A,A,1
2021-09-26,LaLiga,Barcelona,Levante,0.7608,0.1476,0.0915,H,H,1
2021-09-26,LaLiga,Sociedad,Elche,0.4584,0.3046,0.237,H,H,1
2021-09-26,LaLiga,Vallecano,Cadiz,0.4998,0.3177,0.1824,H,H,1
2021-09-26,LaLiga,Betis,Getafe,0.5114,0.2655,0.2231,H,H,1
2021-09-26,SerieA,Udinese,Fiorentina,0.2126,0.2448,0.5426,A,A,1
2021-09-26,SerieA,Sassuolo,Salernitana,0.4852,0.2342,0.2806,H,H,1
2021-09-27,LaLiga,Celta,Granada,0.7204,0.1615,0.1181,H,H,1
2021-09-27,EPL,Crystal Palace,Brighton,0.4255,0.2376,0.3369,H,D,0
2021-09-27,SerieA,Venezia,Torino,0.2844,0.3316,0.384,A,D,0
2021-10-01,SerieA,Cagliari,Venezia,0.4581,0.2842,0.2577,H,D,0
2021-10-01,LaLiga,Ath Bilbao,Alaves,0.5295,0.3209,0.1496,H,H,1
2021-10-01,Bundesliga,FC Koln,Greuther Furth,0.3123,0.3088,0.3789,A,H,0
2021-10-01,Ligue1,Lens,Reims,0.496,0.309,0.195,H,H,1
2021-10-02,SerieA,Torino,Juventus,0.2333,0.3069,0.4598,A,A,1
2021-10-02,SerieA,Salernitana,Genoa,0.2119,0.2531,0.5351,A,H,0
2021-10-02,SerieA,Sassuolo,Inter,0.0727,0.1314,0.7957,A,A,1
2021-10-02,Bundesliga,Dortmund,Augsburg,0.6699,0.196,0.1341,H,H,1
2021-10-02,LaLiga,Mallorca,Levante,0.3486,0.3297,0.3217,H,H,1
2021-10-02,Bundesliga,Stuttgart,Hoffenheim,0.6455,0.1763,0.1781,H,H,1
2021-10-02,LaLiga,Osasuna,Vallecano,0.4295,0.2944,0.2761,H,H,1
2021-10-02,Bundesliga,Hertha,Freiburg,0.258,0.231,0.5111,A,A,1
2021-10-02,LaLiga,Cadiz,Valencia,0.2165,0.3052,0.4783,A,D,0
2021-10-02,Ligue1,Nice,Brest,0.6104,0.2025,0.1871,H,H,1
2021-10-02,Ligue1,Montpellier,Strasbourg,0.1008,0.1963,0.7029,A,D,0
2021-10-02,EPL,Man United,Everton,0.3162,0.3171,0.3667,A,D,0
2021-10-02,EPL,Burnley,Norwich,0.3562,0.2855,0.3583,A,D,0
2021-10-02,EPL,Chelsea,Southampton,0.8076,0.1379,0.0544,H,H,1
2021-10-02,LaLiga,Ath Madrid,Barcelona,0.3723,0.2391,0.3886,A,H,0
2021-10-02,EPL,Wolves,Newcastle,0.2362,0.2218,0.5419,A,H,0
2021-10-02,EPL,Brighton,Arsenal,0.2264,0.2315,0.542,A,D,0
2021-10-02,Bundesliga,Wolfsburg,M'gladbach,0.4218,0.238,0.3402,H,A,0
2021-10-02,Bundesliga,RB Leipzig,Bochum,0.6506,0.2026,0.1467,H,H,1
2021-10-02,EPL,Leeds,Watford,0.3155,0.2638,0.4207,A,H,0
2021-10-03,Ligue1,St Etienne,Lyon,0.1651,0.1697,0.6651,A,D,0
2021-10-03,Ligue1,Lille,Marseille,0.4045,0.2492,0.3463,H,H,1
2021-10-03,Ligue1,Monaco,Bordeaux,0.6383,0.2098,0.1519,H,H,1
2021-10-03,Ligue1,Lorient,Clermont,0.4997,0.2572,0.2431,H,D,0
2021-10-03,Ligue1,Angers,Metz,0.3734,0.3017,0.3249,H,H,1
2021-10-03,SerieA,Roma,Empoli,0.7214,0.1908,0.0878,H,H,1
2021-10-03,SerieA,Fiorentina,Napoli,0.2992,0.2888,0.412,A,A,1
2021-10-03,SerieA,Verona,Spezia,0.4213,0.3046,0.274,H,H,1
2021-10-03,SerieA,Sampdoria,Udinese,0.2349,0.2668,0.4983,A,D,0
2021-10-03,SerieA,Bologna,Lazio,0.4152,0.2565,0.3283,H,H,1
2021-10-03,EPL,Liverpool,Man City,0.4027,0.2415,0.3558,H,D,0
2021-10-03,EPL,Tottenham,Aston Villa,0.2948,0.2319,0.4732,A,H,0
2021-10-03,EPL,Crystal Palace,Leicester,0.7037,0.1897,0.1066,H,D,0
2021-10-03,SerieA,Atalanta,Milan,0.5301,0.2264,0.2435,H,A,0
2021-10-03,Ligue1,Rennes,Paris SG,0.1971,0.1932,0.6097,A,H,0
2021-10-03,Ligue1,Nantes,Troyes,0.5439,0.2491,0.207,H,H,1
2021-10-03,LaLiga,Espanol,Real Madrid,0.1777,0.2314,0.5909,A,H,0
2021-10-03,Bundesliga,Mainz,Union Berlin,0.5618,0.2497,0.1885,H,A,0
2021-10-03,Bundesliga,Bayern Munich,Ein Frankfurt,0.6675,0.1748,0.1576,H,A,0
2021-10-03,Bundesliga,Bielefeld,Leverkusen,0.1824,0.2451,0.5725,A,A,1
2021-10-03,LaLiga,Elche,Celta,0.2289,0.2471,0.524,A,H,0
2021-10-03,LaLiga,Granada,Sevilla,0.2441,0.245,0.5109,A,H,0
2021-10-03,LaLiga,Villarreal,Betis,0.5107,0.2166,0.2726,H,H,1
2021-10-03,EPL,West Ham,Brentford,0.2908,0.2415,0.4676,A,A,1
2021-10-03,LaLiga,Getafe,Sociedad,0.3684,0.3339,0.2976,H,D,0
2021-10-15,Ligue1,Paris SG,Angers,0.8068,0.1309,0.0622,H,H,1
2021-10-15,Bundesliga,Hoffenheim,FC Koln,0.5231,0.2367,0.2402,H,H,1
2021-10-16,SerieA,Spezia,Salernitana,0.4215,0.2703,0.3081,H,H,1
2021-10-16,Bundesliga,M'gladbach,Stuttgart,0.3102,0.2153,0.4745,A,D,0
2021-10-16,Bundesliga,Union Berlin,Wolfsburg,0.3218,0.2755,0.4027,A,H,0
2021-10-16,Bundesliga,Greuther Furth,Bochum,0.4639,0.2836,0.2525,H,A,0
2021-10-16,Bundesliga,Freiburg,RB Leipzig,0.3447,0.2517,0.4036,A,D,0
2021-10-16,SerieA,Lazio,Inter,0.2333,0.2432,0.5235,A,H,0
2021-10-16,SerieA,Milan,Verona,0.6901,0.1952,0.1146,H,H,1
2021-10-16,Bundesliga,Ein Frankfurt,Hertha,0.7406,0.1518,0.1075,H,A,0
2021-10-16,Bundesliga,Dortmund,Mainz,0.5186,0.2261,0.2554,H,H,1
2021-10-16,EPL,Watford,Liverpool,0.1591,0.2149,0.626,A,A,1
2021-10-16,EPL,Aston Villa,Wolves,0.5528,0.2308,0.2164,H,A,0
2021-10-16,EPL,Leicester,Man United,0.2008,0.2624,0.5369,A,H,0
2021-10-16,EPL,Man City,Burnley,0.7824,0.1413,0.0762,H,H,1
2021-10-16,EPL,Norwich,Brighton,0.2622,0.2528,0.4849,A,D,0
2021-10-16,EPL,Southampton,Leeds,0.2603,0.2487,0.491,A,H,0
2021-10-16,LaLiga,Sociedad,Mallorca,0.3565,0.3455,0.2979,H,H,1
2021-10-16,LaLiga,Levante,Getafe,0.3886,0.3168,0.2947,H,D,0
2021-10-16,EPL,Brentford,Chelsea,0.3544,0.256,0.3896,A,A,1
2021-10-16,Ligue1,Clermont,Lille,0.145,0.2442,0.6107,A,H,0
2021-10-16,Ligue1,Lyon,Monaco,0.3997,0.2303,0.37,H,H,1
2021-10-17,Ligue1,Marseille,Lorient,0.7142,0.1568,0.1289,H,H,1
2021-10-17,EPL,Everton,West Ham,0.4703,0.2904,0.2394,H,A,0
2021-10-17,EPL,Newcastle,Tottenham,0.6441,0.1817,0.1742,H,A,0
2021-10-17,Bundesliga,Leverkusen,Bayern Munich,0.2951,0.2196,0.4852,A,A,1
2021-10-17,Bundesliga,Augsburg,Bielefeld,0.3469,0.3338,0.3193,H,D,0
2021-10-17,Ligue1,Bordeaux,Nantes,0.38,0.2974,0.3226,H,D,0
2021-10-17,SerieA,Juventus,Roma,0.3279,0.3044,0.3677,A,H,0
2021-10-17,Ligue1,Brest,Reims,0.4944,0.271,0.2346,H,D,0
2021-10-17,LaLiga,Barcelona,Valencia,0.7412,0.1548,0.1039,H,H,1
2021-10-17,LaLiga,Villarreal,Osasuna,0.5547,0.2211,0.2242,H,A,0
2021-10-17,Ligue1,Montpellier,Lens,0.123,0.2359,0.6411,A,H,0
2021-10-17,SerieA,Cagliari,Sampdoria,0.619,0.2238,0.1572,H,H,1
2021-10-17,SerieA,Empoli,Atalanta,0.1043,0.1772,0.7185,A,A,1
2021-10-17,SerieA,Genoa,Sassuolo,0.5657,0.2388,0.1955,H,D,0
2021-10-17,SerieA,Udinese,Bologna,0.2343,0.2528,0.5129,A,D,0
2021-10-17,Ligue1,Troyes,Nice,0.1066,0.1665,0.7269,A,H,0
2021-10-17,SerieA,Napoli,Torino,0.5768,0.2808,0.1424,H,H,1
2021-10-17,Ligue1,Metz,Rennes,0.2457,0.2397,0.5146,A,A,1
2021-10-17,Ligue1,Strasbourg,St Etienne,0.6863,0.1762,0.1374,H,H,1
2021-10-17,LaLiga,Vallecano,Elche,0.4786,0.3017,0.2197,H,H,1
2021-10-17,LaLiga,Celta,Sevilla,0.5147,0.2361,0.2491,H,A,0
2021-10-18,EPL,Arsenal,Crystal Palace,0.5945,0.234,0.1715,H,D,0
2021-10-18,LaLiga,Espanol,Cadiz,0.5263,0.2994,0.1742,H,H,1
2021-10-18,SerieA,Venezia,Fiorentina,0.1842,0.2488,0.567,A,H,0
2021-10-18,LaLiga,Alaves,Betis,0.298,0.2938,0.4082,A,A,1
2021-10-22,SerieA,Torino,Genoa,0.3505,0.3301,0.3195,H,H,1
2021-10-22,Bundesliga,Mainz,Augsburg,0.5423,0.2669,0.1908,H,H,1
2021-10-22,Ligue1,St Etienne,Angers,0.3993,0.266,0.3348,H,D,0
2021-10-22,EPL,Arsenal,Aston Villa,0.5554,0.2476,0.197,H,H,1
2021-10-22,SerieA,Sampdoria,Spezia,0.3269,0.2901,0.3831,A,H,0
2021-10-22,LaLiga,Osasuna,Granada,0.6651,0.1961,0.1388,H,D,0
2021-10-23,EPL,Southampton,Burnley,0.2306,0.2599,0.5095,A,D,0
2021-10-23,SerieA,Sassuolo,Venezia,0.366,0.2753,0.3588,H,H,1
2021-10-23,Bundesliga,Bayern Munich,Hoffenheim,0.8553,0.0887,0.0542,H,H,1
2021-10-23,Bundesliga,Bielefeld,Dortmund,0.2014,0.2363,0.5624,A,A,1
2021-10-23,Bundesliga,RB Leipzig,Greuther Furth,0.5433,0.2537,0.203,H,H,1
2021-10-23,Bundesliga,Wolfsburg,Freiburg,0.4102,0.2552,0.3346,H,A,0
2021-10-23,Bundesliga,Hertha,M'gladbach,0.2586,0.2141,0.5273,A,H,0
2021-10-23,LaLiga,Elche,Espanol,0.2663,0.3023,0.4313,A,D,0
2021-10-23,EPL,Brighton,Man City,0.2463,0.223,0.5307,A,A,1
2021-10-23,Ligue1,Lille,Brest,0.5449,0.2362,0.2189,H,D,0
2021-10-23,Ligue1,Nantes,Clermont,0.5006,0.2833,0.2161,H,H,1
2021-10-23,LaLiga,Ath Bilbao,Villarreal,0.4635,0.2749,0.2616,H,H,1
2021-10-23,SerieA,Salernitana,Empoli,0.3355,0.27,0.3945,A,A,1
2021-10-23,EPL,Chelsea,Norwich,0.6016,0.245,0.1534,H,H,1
2021-10-23,EPL,Crystal Palace,Newcastle,0.322,0.2458,0.4322,A,D,0
2021-10-23,EPL,Everton,Watford,0.4688,0.3169,0.2144,H,A,0
2021-10-23,EPL,Leeds,Wolves,0.2798,0.2253,0.4949,A,D,0
2021-10-23,SerieA,Bologna,Milan,0.3725,0.2492,0.3783,A,A,1
2021-10-23,LaLiga,Valencia,Mallorca,0.414,0.3178,0.2683,H,D,0
2021-10-23,LaLiga,Cadiz,Alaves,0.2243,0.359,0.4167,A,A,1
2021-10-24,LaLiga,Sevilla,Levante,0.3785,0.2848,0.3367,H,H,1
2021-10-24,Ligue1,Rennes,Strasbourg,0.3683,0.2556,0.3761,A,H,0
2021-10-24,Ligue1,Monaco,Montpellier,0.833,0.1181,0.0488,H,H,1
2021-10-24,LaLiga,Barcelona,Real Madrid,0.4836,0.218,0.2984,H,A,0
2021-10-24,Ligue1,Reims,Troyes,0.4788,0.2889,0.2323,H,A,0
2021-10-24,Ligue1,Lorient,Bordeaux,0.3802,0.2663,0.3535,H,D,0
2021-10-24,Ligue1,Lens,Metz,0.5624,0.2526,0.185,H,H,1
2021-10-24,Ligue1,Nice,Lyon,0.4745,0.2307,0.2948,H,H,1
2021-10-24,EPL,Man United,Liverpool,0.196,0.2178,0.5862,A,A,1
2021-10-24,EPL,West Ham,Tottenham,0.4,0.2371,0.3629,H,H,1
2021-10-24,EPL,Brentford,Leicester,0.7409,0.1648,0.0943,H,A,0
2021-10-24,Ligue1,Marseille,Paris SG,0.2798,0.2004,0.5197,A,D,0
2021-10-24,LaLiga,Betis,Vallecano,0.4987,0.2633,0.238,H,H,1
2021-10-24,Bundesliga,Stuttgart,Union Berlin,0.6229,0.2086,0.1685,H,D,0
2021-10-24,SerieA,Atalanta,Udinese,0.7375,0.1665,0.096,H,D,0
2021-10-24,Bundesliga,Bochum,Ein Frankfurt,0.1607,0.2037,0.6356,A,H,0
2021-10-24,Bundesliga,FC Koln,Leverkusen,0.1197,0.189,0.6912,A,D,0
2021-10-24,SerieA,Fiorentina,Cagliari,0.5991,0.2223,0.1785,H,H,1
2021-10-24,SerieA,Verona,Lazio,0.189,0.2538,0.5572,A,H,0
2021-10-24,SerieA,Roma,Napoli,0.3606,0.3225,0.3169,H,D,0
2021-10-24,SerieA,Inter,Juventus,0.5256,0.2571,0.2173,H,D,0
2021-10-24,LaLiga,Ath Madrid,Sociedad,0.6675,0.216,0.1166,H,D,0
2021-10-25,LaLiga,Getafe,Celta,0.3122,0.2791,0.4087,A,A,1
2021-10-26,SerieA,Spezia,Genoa,0.2245,0.2867,0.4888,A,D,0
2021-10-26,SerieA,Venezia,Salernitana,0.487,0.2679,0.2451,H,A,0
2021-10-26,SerieA,Milan,Torino,0.5526,0.2564,0.1911,H,H,1
2021-10-26,LaLiga,Espanol,Ath Bilbao,0.2029,0.3145,0.4826,A,D,0
2021-10-26,LaLiga,Villarreal,Cadiz,0.7279,0.1796,0.0925,H,D,0
2021-10-26,LaLiga,Alaves,Elche,0.4613,0.3218,0.2169,H,H,1
2021-10-27,SerieA,Juventus,Sassuolo,0.7315,0.1693,0.0992,H,A,0
2021-10-27,SerieA,Cagliari,Roma,0.1744,0.2488,0.5768,A,A,1
2021-10-27,SerieA,Empoli,Inter,0.087,0.1694,0.7435,A,A,1
2021-10-27,SerieA,Lazio,Fiorentina,0.3791,0.2577,0.3632,H,H,1
2021-10-27,LaLiga,Real Madrid,Osasuna,0.6577,0.1975,0.1448,H,D,0
2021-10-27,LaLiga,Betis,Valencia,0.4899,0.2482,0.2618,H,H,1
2021-10-27,LaLiga,Mallorca,Sevilla,0.3685,0.3185,0.313,H,D,0
2021-10-27,SerieA,Sampdoria,Atalanta,0.0548,0.1184,0.8266,A,A,1
2021-10-27,SerieA,Udinese,Verona,0.4431,0.2948,0.2621,H,D,0
2021-10-27,LaLiga,Vallecano,Barcelona,0.1391,0.1978,0.663,A,H,0
2021-10-27,Ligue1,Nice,Marseille,0.4605,0.2261,0.3134,H,D,0
2021-10-28,SerieA,Napoli,Bologna,0.5151,0.2691,0.2158,H,H,1
2021-10-28,LaLiga,Celta,Sociedad,0.5009,0.2567,0.2424,H,A,0
2021-10-28,LaLiga,Granada,Getafe,0.2419,0.2774,0.4807,A,D,0
2021-10-28,LaLiga,Levante,Ath Madrid,0.1711,0.2401,0.5888,A,D,0
2021-10-29,Bundesliga,Hoffenheim,Hertha,0.5552,0.2058,0.239,H,H,1
2021-10-29,Ligue1,Paris SG,Lille,0.5788,0.221,0.2001,H,H,1
2021-10-30,EPL,Leicester,Arsenal,0.0652,0.157,0.7778,A,A,1
2021-10-30,LaLiga,Barcelona,Alaves,0.7164,0.1822,0.1014,H,D,0
2021-10-30,LaLiga,Valencia,Villarreal,0.2745,0.239,0.4865,A,H,0
2021-10-30,LaLiga,Elche,Real Madrid,0.1004,0.1792,0.7203,A,A,1
2021-10-30,Bundesliga,Bielefeld,Mainz,0.2615,0.2955,0.443,A,A,1
2021-10-30,Bundesliga,Ein Frankfurt,RB Leipzig,0.4824,0.2352,0.2823,H,D,0
2021-10-30,Bundesliga,Union Berlin,Bayern Munich,0.0913,0.1519,0.7567,A,A,1
2021-10-30,Bundesliga,Leverkusen,Wolfsburg,0.6388,0.1987,0.1625,H,A,0
2021-10-30,Bundesliga,Freiburg,Greuther Furth,0.4734,0.2727,0.2538,H,H,1
2021-10-30,Bundesliga,Dortmund,FC Koln,0.7603,0.1497,0.0899,H,H,1
2021-10-30,LaLiga,Sevilla,Osasuna,0.3365,0.2744,0.3891,A,H,0
2021-10-30,Ligue1,Lyon,Lens,0.4827,0.2504,0.2668,H,H,1
2021-10-30,EPL,Burnley,Brentford,0.2124,0.2171,0.5705,A,H,0
2021-10-30,Ligue1,Metz,St Etienne,0.4439,0.2369,0.3192,H,D,0
2021-10-30,EPL,Liverpool,Brighton,0.6261,0.184,0.1899,H,D,0
2021-10-30,EPL,Man City,Crystal Palace,0.589,0.2254,0.1856,H,A,0
2021-10-30,EPL,Newcastle,Chelsea,0.4316,0.2533,0.3151,H,A,0
2021-10-30,EPL,Watford,Southampton,0.604,0.2524,0.1436,H,A,0
2021-10-30,SerieA,Atalanta,Lazio,0.5709,0.2231,0.2059,H,D,0
2021-10-30,SerieA,Verona,Juventus,0.1543,0.2554,0.5903,A,H,0
2021-10-30,EPL,Tottenham,Man United,0.415,0.2459,0.3391,H,A,0
2021-10-30,SerieA,Torino,Sampdoria,0.601,0.2539,0.1451,H,H,1
2021-10-31,Bundesliga,Augsburg,Stuttgart,0.2306,0.2486,0.5208,A,H,0
2021-10-31,Bundesliga,M'gladbach,Bochum,0.5991,0.2101,0.1907,H,H,1
2021-10-31,SerieA,Roma,Milan,0.477,0.2635,0.2595,H,A,0
2021-10-31,SerieA,Salernitana,Napoli,0.0828,0.172,0.7452,A,A,1
2021-10-31,SerieA,Sassuolo,Empoli,0.3944,0.2633,0.3424,H,A,0
2021-10-31,Ligue1,Bordeaux,Reims,0.393,0.3256,0.2814,H,H,1
2021-10-31,Ligue1,Strasbourg,Lorient,0.6212,0.2099,0.1689,H,H,1
2021-10-31,SerieA,Inter,Udinese,0.7617,0.1585,0.0798,H,H,1
2021-10-31,LaLiga,Cadiz,Mallorca,0.2391,0.3622,0.3987,A,D,0
2021-10-31,LaLiga,Ath Madrid,Betis,0.5988,0.2171,0.1841,H,H,1
2021-10-31,LaLiga,Getafe,Espanol,0.3403,0.3261,0.3336,H,H,1
2021-10-31,LaLiga,Sociedad,Ath Bilbao,0.1783,0.3131,0.5086,A,D,0
2021-10-31,Ligue1,Clermont,Marseille,0.1284,0.1826,0.689,A,A,1
2021-10-31,Ligue1,Brest,Monaco,0.2698,0.2217,0.5085,A,H,0
2021-10-31,Ligue1,Troyes,Rennes,0.1755,0.2044,0.6202,A,D,0
2021-10-31,Ligue1,Angers,Nice,0.1573,0.2403,0.6023,A,A,1
2021-10-31,SerieA,Genoa,Venezia,0.4851,0.2959,0.219,H,D,0
2021-10-31,SerieA,Fiorentina,Spezia,0.7233,0.1786,0.0981,H,H,1
2021-10-31,Ligue1,Montpellier,Nantes,0.1888,0.2765,0.5347,A,H,0
2021-10-31,EPL,Aston Villa,West Ham,0.56,0.2344,0.2056,H,A,0
2021-10-31,EPL,Norwich,Leeds,0.4838,0.2552,0.261,H,A,0
2021-11-01,LaLiga,Levante,Granada,0.6017,0.2257,0.1726,H,A,0
2021-11-01,EPL,Wolves,Everton,0.3152,0.2951,0.3898,A,H,0
2021-11-01,LaLiga,Vallecano,Celta,0.3318,0.274,0.3942,A,D,0
2021-11-01,SerieA,Bologna,Cagliari,0.5691,0.2321,0.1988,H,H,1
2021-11-05,LaLiga,Ath Bilbao,Cadiz,0.671,0.2478,0.0812,H,A,0
2021-11-05,EPL,Southampton,Aston Villa,0.0931,0.1804,0.7265,A,H,0
2021-11-05,Ligue1,Lens,Troyes,0.6597,0.2093,0.131,H,H,1
2021-11-05,Bundesliga,Mainz,M'gladbach,0.5148,0.2318,0.2535,H,D,0
2021-11-05,SerieA,Empoli,Genoa,0.2617,0.2941,0.4443,A,D,0
2021-11-06,SerieA,Cagliari,Atalanta,0.1559,0.2047,0.6393,A,A,1
2021-11-06,LaLiga,Espanol,Granada,0.6125,0.2255,0.1619,H,H,1
2021-11-06,LaLiga,Celta,Barcelona,0.1772,0.177,0.6458,A,D,0
2021-11-06,LaLiga,Alaves,Levante,0.3677,0.3295,0.3028,H,H,1
2021-11-06,LaLiga,Real Madrid,Vallecano,0.6712,0.2058,0.1229,H,H,1
2021-11-06,EPL,Brighton,Newcastle,0.3268,0.2234,0.4499,A,D,0
2021-11-06,EPL,Crystal Palace,Wolves,0.5129,0.2396,0.2475,H,H,1
2021-11-06,SerieA,Juventus,Fiorentina,0.4273,0.2718,0.3009,H,H,1
2021-11-06,EPL,Chelsea,Burnley,0.6832,0.192,0.1247,H,D,0
2021-11-06,Bundesliga,Stuttgart,Bielefeld,0.576,0.2358,0.1882,H,A,0
2021-11-06,SerieA,Spezia,Torino,0.2357,0.3095,0.4548,A,H,0
2021-11-06,EPL,Man United,Man City,0.1856,0.2364,0.578,A,A,1
2021-11-06,Ligue1,Bordeaux,Paris SG,0.1179,0.1719,0.7101,A,A,1
2021-11-06,Ligue1,Lille,Angers,0.6103,0.2523,0.1374,H,D,0
2021-11-06,EPL,Brentford,Norwich,0.5759,0.2375,0.1866,H,A,0
2021-11-06,Bundesliga,RB Leipzig,Dortmund,0.3172,0.2262,0.4566,A,H,0
2021-11-06,Bundesliga,Wolfsburg,Augsburg,0.4659,0.2802,0.2539,H,H,1
2021-11-06,Bundesliga,Bayern Munich,Freiburg,0.7795,0.1333,0.087,H,H,1
2021-11-06,Bundesliga,Bochum,Hoffenheim,0.3131,0.2387,0.4482,A,H,0
2021-11-07,LaLiga,Mallorca,Elche,0.4415,0.3261,0.2324,H,D,0
2021-11-07,LaLiga,Osasuna,Sociedad,0.4548,0.2879,0.2572,H,A,0
2021-11-07,LaLiga,Betis,Sevilla,0.5422,0.2337,0.2242,H,A,0
2021-11-07,EPL,Arsenal,Watford,0.6852,0.2114,0.1034,H,H,1
2021-11-07,SerieA,Venezia,Roma,0.1351,0.2492,0.6157,A,H,0
2021-11-07,LaLiga,Valencia,Ath Madrid,0.1893,0.2441,0.5666,A,D,0
2021-11-07,LaLiga,Villarreal,Getafe,0.5918,0.232,0.1761,H,H,1
2021-11-07,Ligue1,Lorient,Brest,0.3172,0.23,0.4528,A,A,1
2021-11-07,SerieA,Lazio,Salernitana,0.745,0.1582,0.0968,H,H,1
2021-11-07,Bundesliga,Greuther Furth,Ein Frankfurt,0.2206,0.2521,0.5273,A,A,1
2021-11-07,EPL,Everton,Tottenham,0.4739,0.2649,0.2613,H,D,0
2021-11-07,Ligue1,Marseille,Metz,0.7173,0.1626,0.12,H,D,0
2021-11-07,Ligue1,Nantes,Strasbourg,0.2528,0.2742,0.473,A,D,0
2021-11-07,EPL,Leeds,Leicester,0.4994,0.2445,0.2561,H,D,0
2021-11-07,EPL,West Ham,Liverpool,0.1745,0.1981,0.6274,A,H,0
2021-11-07,Ligue1,Reims,Monaco,0.1862,0.2615,0.5523,A,D,0
2021-11-07,Ligue1,St Etienne,Clermont,0.4721,0.2476,0.2803,H,H,1
2021-11-07,Ligue1,Nice,Montpellier,0.8336,0.1198,0.0465,H,A,0
2021-11-07,Ligue1,Rennes,Lyon,0.3488,0.2296,0.4216,A,H,0
2021-11-07,SerieA,Milan,Inter,0.2732,0.2437,0.4831,A,D,0
2021-11-07,SerieA,Napoli,Verona,0.7021,0.2112,0.0867,H,D,0
2021-11-07,SerieA,Udinese,Sassuolo,0.4913,0.2483,0.2604,H,H,1
2021-11-07,SerieA,Sampdoria,Bologna,0.1135,0.1855,0.701,A,A,1
2021-11-07,Bundesliga,FC Koln,Union Berlin,0.3198,0.2978,0.3824,A,D,0
2021-11-07,Bundesliga,Hertha,Leverkusen,0.1097,0.154,0.7361,A,D,0
2021-11-19,Ligue1,Monaco,Lille,0.4261,0.2653,0.3085,H,D,0
2021-11-19,Bundesliga,Augsburg,Bayern Munich,0.0969,0.1683,0.7347,A,H,0
2021-11-19,LaLiga,Levante,Ath Bilbao,0.1929,0.3022,0.5048,A,D,0
2021-11-20,EPL,Liverpool,Arsenal,0.3703,0.256,0.3738,A,H,0
2021-11-20,EPL,Leicester,Chelsea,0.1109,0.2019,0.6872,A,A,1
2021-11-20,EPL,Aston Villa,Brighton,0.4674,0.2343,0.2983,H,H,1
2021-11-20,EPL,Burnley,Crystal Palace,0.2275,0.2369,0.5356,A,D,0
2021-11-20,EPL,Newcastle,Brentford,0.5133,0.2224,0.2643,H,D,0
2021-11-20,EPL,Norwich,Southampton,0.5872,0.2596,0.1532,H,H,1
2021-11-20,Ligue1,Paris SG,Nantes,0.7715,0.1449,0.0835,H,H,1
2021-11-20,Ligue1,Rennes,Montpellier,0.7572,0.1612,0.0816,H,H,1
2021-11-20,EPL,Wolves,West Ham,0.429,0.2523,0.3187,H,H,1
2021-11-20,EPL,Watford,Man United,0.3348,0.3015,0.3636,A,H,0
2021-11-20,LaLiga,Sevilla,Alaves,0.3575,0.3198,0.3226,H,D,0
2021-11-20,Bundesliga,Hoffenheim,RB Leipzig,0.2905,0.2249,0.4846,A,H,0
2021-11-20,SerieA,Fiorentina,Milan,0.4026,0.2482,0.3492,H,H,1
2021-11-20,SerieA,Lazio,Juventus,0.3431,0.2772,0.3797,A,A,1
2021-11-20,SerieA,Atalanta,Spezia,0.8215,0.1236,0.0547,H,H,1
2021-11-20,Bundesliga,Bielefeld,Wolfsburg,0.3362,0.2956,0.3683,A,D,0
2021-11-20,Bundesliga,Leverkusen,Bochum,0.7821,0.14,0.0777,H,H,1
2021-11-20,LaLiga,Celta,Villarreal,0.3246,0.2202,0.4552,A,D,0
2021-11-20,LaLiga,Ath Madrid,Osasuna,0.6296,0.2185,0.1519,H,H,1
2021-11-20,LaLiga,Barcelona,Espanol,0.7369,0.1611,0.1019,H,H,1
2021-11-20,Bundesliga,Union Berlin,Hertha,0.4863,0.2524,0.2613,H,H,1
2021-11-20,Bundesliga,M'gladbach,Greuther Furth,0.4903,0.2531,0.2566,H,H,1
2021-11-20,Bundesliga,Dortmund,Stuttgart,0.5157,0.2049,0.2794,H,H,1
2021-11-21,Ligue1,Metz,Bordeaux,0.3501,0.2826,0.3673,A,D,0
2021-11-21,SerieA,Genoa,Roma,0.206,0.2868,0.5072,A,A,1
2021-11-21,SerieA,Inter,Napoli,0.4369,0.2903,0.2728,H,H,1
2021-11-21,Bundesliga,Freiburg,Ein Frankfurt,0.2926,0.2388,0.4686,A,A,1
2021-11-21,Bundesliga,Mainz,FC Koln,0.6328,0.2247,0.1424,H,D,0
2021-11-21,SerieA,Salernitana,Sampdoria,0.4596,0.2579,0.2825,H,A,0
2021-11-21,SerieA,Bologna,Venezia,0.6161,0.2313,0.1526,H,A,0
2021-11-21,LaLiga,Sociedad,Valencia,0.3377,0.3039,0.3585,A,D,0
2021-11-21,Ligue1,Strasbourg,Reims,0.5543,0.2738,0.1718,H,D,0
2021-11-21,SerieA,Sassuolo,Cagliari,0.3035,0.2488,0.4477,A,D,0
2021-11-21,EPL,Tottenham,Leeds,0.617,0.1854,0.1975,H,H,1
2021-11-21,EPL,Man City,Everton,0.5506,0.268,0.1814,H,H,1
2021-11-21,Ligue1,Troyes,St Etienne,0.3508,0.2311,0.418,A,A,1
2021-11-21,Ligue1,Clermont,Nice,0.1211,0.2022,0.6767,A,A,1
2021-11-21,Ligue1,Brest,Lens,0.3554,0.2639,0.3807,A,H,0
2021-11-21,LaLiga,Getafe,Cadiz,0.4759,0.3319,0.1922,H,H,1
2021-11-21,LaLiga,Granada,Real Madrid,0.061,0.1141,0.8246,A,A,1
2021-11-21,LaLiga,Elche,Betis,0.2063,0.2443,0.5494,A,A,1
2021-11-21,Ligue1,Angers,Lorient,0.3622,0.2849,0.3529,H,H,1
2021-11-22,SerieA,Verona,Empoli,0.3784,0.3067,0.3149,H,H,1
2021-11-22,SerieA,Torino,Udinese,0.4296,0.3084,0.262,H,H,1
2021-11-22,LaLiga,Vallecano,Mallorca,0.3745,0.3464,0.2791,H,H,1
2021-11-26,SerieA,Cagliari,Salernitana,0.5874,0.2237,0.1889,H,D,0
2021-11-26,Bundesliga,Stuttgart,Mainz,0.4466,0.2412,0.3122,H,H,1
2021-11-26,Ligue1,Lens,Angers,0.5377,0.284,0.1783,H,D,0
2021-11-26,LaLiga,Ath Bilbao,Granada,0.7724,0.1623,0.0653,H,D,0
2021-11-27,SerieA,Sampdoria,Verona,0.2832,0.2962,0.4207,A,H,0
2021-11-27,SerieA,Venezia,Inter,0.0996,0.193,0.7074,A,A,1
2021-11-27,SerieA,Juventus,Atalanta,0.3228,0.2682,0.4089,A,A,1
2021-11-27,SerieA,Empoli,Fiorentina,0.1684,0.2282,0.6034,A,H,0
2021-11-27,EPL,Brighton,Leeds,0.7093,0.1563,0.1342,H,D,0
2021-11-27,EPL,Liverpool,Southampton,0.8971,0.0742,0.0277,H,H,1
2021-11-27,EPL,Crystal Palace,Aston Villa,0.37,0.2637,0.3663,H,A,0
2021-11-27,EPL,Arsenal,Newcastle,0.5165,0.2454,0.2381,H,H,1
2021-11-27,LaLiga,Alaves,Celta,0.3252,0.2906,0.3843,A,A,1
2021-11-27,LaLiga,Valencia,Vallecano,0.4051,0.3029,0.292,H,D,0
2021-11-27,LaLiga,Mallorca,Getafe,0.3469,0.3568,0.2963,D,D,1
2021-11-27,LaLiga,Villarreal,Barcelona,0.2647,0.1996,0.5356,A,A,1
2021-11-27,EPL,Norwich,Wolves,0.338,0.2816,0.3804,A,D,0
2021-11-27,Bundesliga,Wolfsburg,Dortmund,0.2472,0.2169,0.5359,A,A,1
2021-11-27,Ligue1,Lille,Nantes,0.5674,0.259,0.1735,H,D,0
2021-11-27,Bundesliga,Bayern Munich,Bielefeld,0.7787,0.1472,0.074,H,H,1
2021-11-27,Bundesliga,Bochum,Freiburg,0.2552,0.2504,0.4945,A,H,0
2021-11-27,Bundesliga,FC Koln,M'gladbach,0.2575,0.245,0.4975,A,H,0
2021-11-27,Bundesliga,Greuther Furth,Hoffenheim,0.3865,0.2619,0.3517,H,A,0
2021-11-27,Bundesliga,Hertha,Augsburg,0.3252,0.2769,0.3979,A,D,0
2021-11-27,Ligue1,Nice,Metz,0.706,0.1802,0.1138,H,A,0
2021-11-28,Ligue1,Reims,Clermont,0.4387,0.3247,0.2366,H,H,1
2021-11-28,Ligue1,Montpellier,Lyon,0.081,0.1512,0.7677,A,A,1
2021-11-28,Ligue1,Marseille,Troyes,0.8107,0.1164,0.0724,H,H,1
2021-11-28,EPL,Man City,West Ham,0.6969,0.1842,0.1189,H,H,1
2021-11-28,Ligue1,Monaco,Strasbourg,0.4721,0.2472,0.2807,H,D,0
2021-11-28,Bundesliga,RB Leipzig,Leverkusen,0.2857,0.2365,0.4778,A,A,1
2021-11-28,SerieA,Udinese,Genoa,0.3139,0.2977,0.3884,A,D,0
2021-11-28,SerieA,Milan,Sassuolo,0.7572,0.1458,0.0968,H,A,0
2021-11-28,SerieA,Spezia,Bologna,0.155,0.2235,0.6215,A,A,1
2021-11-28,Bundesliga,Ein Frankfurt,Union Berlin,0.6238,0.2148,0.1614,H,H,1
2021-11-28,Ligue1,Lorient,Rennes,0.2669,0.2296,0.5035,A,A,1
2021-11-28,SerieA,Napoli,Lazio,0.5169,0.2697,0.2133,H,H,1
2021-11-28,EPL,Chelsea,Man United,0.55,0.2511,0.1989,H,D,0
2021-11-28,SerieA,Roma,Torino,0.5778,0.2739,0.1483,H,H,1
2021-11-28,EPL,Leicester,Watford,0.2385,0.2952,0.4663,A,H,0
2021-11-28,EPL,Brentford,Everton,0.4189,0.2847,0.2964,H,H,1
2021-11-28,Ligue1,St Etienne,Paris SG,0.0689,0.1016,0.8282,A,A,1
2021-11-28,Ligue1,Bordeaux,Brest,0.3359,0.2565,0.4075,A,A,1
2021-11-28,LaLiga,Betis,Levante,0.5154,0.2468,0.2378,H,H,1
2021-11-28,LaLiga,Espanol,Sociedad,0.4113,0.3109,0.2778,H,H,1
2021-11-28,LaLiga,Cadiz,Ath Madrid,0.0892,0.2077,0.7031,A,A,1
2021-11-28,LaLiga,Real Madrid,Sevilla,0.7219,0.1709,0.1072,H,H,1
2021-11-29,LaLiga,Osasuna,Elche,0.5533,0.2577,0.189,H,D,0
2021-11-30,SerieA,Fiorentina,Sampdoria,0.7946,0.1381,0.0672,H,H,1
2021-11-30,SerieA,Atalanta,Venezia,0.7519,0.1654,0.0827,H,H,1
2021-11-30,SerieA,Verona,Cagliari,0.3012,0.2925,0.4063,A,D,0
2021-11-30,SerieA,Salernitana,Juventus,0.112,0.1868,0.7012,A,A,1
2021-11-30,EPL,Leeds,Crystal Palace,0.1981,0.2087,0.5931,A,H,0
2021-11-30,EPL,Newcastle,Norwich,0.6504,0.2102,0.1394,H,D,0
2021-12-01,Ligue1,Rennes,Lille,0.3295,0.2676,0.4029,A,A,1
2021-12-01,Ligue1,Brest,St Etienne,0.6115,0.1873,0.2011,H,H,1
2021-12-01,Ligue1,Angers,Monaco,0.1665,0.2371,0.5965,A,A,1
2021-12-01,EPL,Everton,Liverpool,0.2509,0.2673,0.4818,A,A,1
2021-12-01,SerieA,Sassuolo,Napoli,0.1052,0.1887,0.7061,A,D,0
2021-12-01,Ligue1,Metz,Montpellier,0.5748,0.2514,0.1738,H,A,0
2021-12-01,EPL,Southampton,Leicester,0.3191,0.3023,0.3786,A,D,0
2021-12-01,Ligue1,Nantes,Marseille,0.218,0.2259,0.5561,A,A,1
2021-12-01,Ligue1,Paris SG,Nice,0.5599,0.211,0.2291,H,D,0
2021-12-01,Ligue1,Troyes,Lorient,0.3041,0.2428,0.4531,A,H,0
2021-12-01,SerieA,Genoa,Milan,0.2664,0.2647,0.4689,A,A,1
2021-12-01,LaLiga,Real Madrid,Ath Bilbao,0.4217,0.2959,0.2825,H,H,1
2021-12-01,Ligue1,Lyon,Reims,0.6177,0.2296,0.1527,H,A,0
2021-12-01,Ligue1,Strasbourg,Bordeaux,0.5627,0.2474,0.1899,H,H,1
2021-12-01,Ligue1,Clermont,Lens,0.189,0.2749,0.5361,A,D,0
2021-12-01,EPL,West Ham,Brighton,0.3111,0.2349,0.4541,A,D,0
2021-12-01,EPL,Wolves,Burnley,0.5289,0.2326,0.2385,H,D,0
2021-12-01,EPL,Aston Villa,Man City,0.279,0.2562,0.4648,A,A,1
2021-12-01,SerieA,Bologna,Roma,0.2886,0.2782,0.4332,A,H,0
2021-12-01,SerieA,Inter,Spezia,0.8387,0.116,0.0451,H,H,1
2021-12-01,EPL,Watford,Chelsea,0.2146,0.2758,0.5096,A,A,1
2021-12-02,EPL,Tottenham,Brentford,0.3183,0.2208,0.4609,A,H,0
2021-12-02,EPL,Man United,Arsenal,0.1716,0.2458,0.5826,A,H,0
2021-12-02,SerieA,Lazio,Udinese,0.5891,0.232,0.1789,H,D,0
2021-12-02,SerieA,Torino,Empoli,0.4833,0.2998,0.2169,H,D,0
2021-12-03,Bundesliga,Union Berlin,RB Leipzig,0.2616,0.2616,0.4768,A,H,0
2021-12-03,LaLiga,Granada,Alaves,0.2267,0.2839,0.4893,A,H,0
2021-12-04,Ligue1,Marseille,Brest,0.6104,0.1862,0.2034,H,A,0
2021-12-04,Ligue1,Lille,Troyes,0.7335,0.1731,0.0934,H,H,1
2021-12-04,Bundesliga,Dortmund,Bayern Munich,0.2658,0.2004,0.5337,A,A,1
2021-12-04,Bundesliga,Mainz,Wolfsburg,0.4974,0.252,0.2505,H,H,1
2021-12-04,Ligue1,Lens,Paris SG,0.2038,0.2261,0.5701,A,D,0
2021-12-04,Bundesliga,Leverkusen,Greuther Furth,0.6802,0.1981,0.1216,H,H,1
2021-12-04,EPL,West Ham,Chelsea,0.2387,0.2536,0.5078,A,H,0
2021-12-04,Bundesliga,Bielefeld,FC Koln,0.4615,0.304,0.2344,H,D,0
2021-12-04,EPL,Newcastle,Burnley,0.7323,0.1594,0.1082,H,H,1
2021-12-04,EPL,Southampton,Brighton,0.1035,0.1675,0.7289,A,D,0
2021-12-04,EPL,Wolves,Liverpool,0.1839,0.1959,0.6202,A,A,1
2021-12-04,EPL,Watford,Man City,0.1521,0.2347,0.6133,A,A,1
2021-12-04,LaLiga,Sevilla,Villarreal,0.2345,0.2253,0.5403,A,H,0
2021-12-04,LaLiga,Barcelona,Betis,0.6955,0.1628,0.1416,H,A,0
2021-12-04,Bundesliga,Hoffenheim,Ein Frankfurt,0.2374,0.2062,0.5564,A,H,0
2021-12-04,LaLiga,Sociedad,Real Madrid,0.1527,0.225,0.6223,A,A,1
2021-12-04,LaLiga,Ath Madrid,Mallorca,0.6416,0.2384,0.12,H,A,0
2021-12-04,SerieA,Roma,Inter,0.3315,0.2877,0.3808,A,A,1
2021-12-04,SerieA,Napoli,Atalanta,0.3856,0.2852,0.3291,H,A,0
2021-12-04,SerieA,Milan,Salernitana,0.7979,0.1284,0.0734,H,H,1
2021-12-04,Bundesliga,Augsburg,Bochum,0.4592,0.2885,0.2523,H,A,0
2021-12-05,Ligue1,Bordeaux,Lyon,0.2264,0.2328,0.5407,A,D,0
2021-12-05,Ligue1,Nice,Strasbourg,0.4832,0.252,0.2648,H,A,0
2021-12-05,Ligue1,Reims,Angers,0.377,0.3489,0.2741,H,A,0
2021-12-05,Ligue1,Montpellier,Clermont,0.2782,0.3084,0.4134,A,H,0
2021-12-05,Ligue1,Monaco,Metz,0.7008,0.1787,0.1205,H,H,1
2021-12-05,Ligue1,Lorient,Nantes,0.3714,0.2702,0.3584,H,A,0
2021-12-05,Ligue1,St Etienne,Rennes,0.2285,0.2038,0.5677,A,A,1
2021-12-05,SerieA,Juventus,Genoa,0.5309,0.2735,0.1957,H,H,1
2021-12-05,SerieA,Venezia,Verona,0.3935,0.318,0.2886,H,A,0
2021-12-05,SerieA,Spezia,Sassuolo,0.3693,0.2664,0.3643,H,D,0
2021-12-05,SerieA,Bologna,Fiorentina,0.3833,0.2564,0.3603,H,A,0
2021-12-05,EPL,Tottenham,Norwich,0.4826,0.2516,0.2658,H,H,1
2021-12-05,EPL,Aston Villa,Leicester,0.7355,0.1744,0.09,H,H,1
2021-12-05,SerieA,Sampdoria,Lazio,0.1156,0.1885,0.6958,A,A,1
2021-12-05,EPL,Man United,Crystal Palace,0.3247,0.2719,0.4034,A,H,0
2021-12-05,EPL,Leeds,Brentford,0.1815,0.1886,0.6299,A,D,0
2021-12-05,LaLiga,Celta,Valencia,0.4623,0.2486,0.2892,H,A,0
2021-12-05,LaLiga,Levante,Osasuna,0.348,0.284,0.368,A,D,0
2021-12-05,Bundesliga,Stuttgart,Hertha,0.741,0.1473,0.1115,H,D,0
2021-12-05,Bundesliga,M'gladbach,Freiburg,0.425,0.2358,0.3392,H,A,0
2021-12-05,LaLiga,Elche,Cadiz,0.4059,0.3349,0.2592,H,H,1
2021-12-05,LaLiga,Vallecano,Espanol,0.3601,0.3182,0.3217,H,H,1
2021-12-06,EPL,Everton,Arsenal,0.2158,0.3028,0.4814,A,H,0
2021-12-06,LaLiga,Getafe,Ath Bilbao,0.1805,0.3266,0.4929,A,D,0
2021-12-06,SerieA,Cagliari,Torino,0.355,0.3077,0.3373,H,D,0
2021-12-06,SerieA,Empoli,Udinese,0.3333,0.29,0.3768,A,H,0
2021-12-10,LaLiga,Mallorca,Celta,0.3048,0.288,0.4072,A,D,0
2021-12-10,Bundesliga,FC Koln,Augsburg,0.3111,0.3137,0.3752,A,A,1
2021-12-10,Ligue1,Nantes,Lens,0.2807,0.3004,0.4189,A,H,0
2021-12-10,SerieA,Genoa,Sampdoria,0.6405,0.227,0.1325,H,A,0
2021-12-10,EPL,Brentford,Watford,0.5581,0.2428,0.1991,H,H,1
2021-12-11,Ligue1,Brest,Montpellier,0.726,0.1733,0.1007,H,A,0
2021-12-11,SerieA,Fiorentina,Salernitana,0.7756,0.1425,0.0818,H,H,1
2021-12-11,Bundesliga,Bochum,Dortmund,0.1268,0.1693,0.7038,A,D,0
2021-12-11,Bundesliga,Freiburg,Hoffenheim,0.4959,0.2246,0.2794,H,A,0
2021-12-11,LaLiga,Ath Bilbao,Sevilla,0.602,0.2581,0.1399,H,A,0
2021-12-11,LaLiga,Valencia,Elche,0.526,0.2702,0.2037,H,H,1
2021-12-11,LaLiga,Alaves,Getafe,0.3647,0.3561,0.2792,H,D,0
2021-12-11,LaLiga,Espanol,Levante,0.4008,0.2981,0.301,H,H,1
2021-12-11,SerieA,Venezia,Juventus,0.1684,0.2635,0.5681,A,D,0
2021-12-11,SerieA,Udinese,Milan,0.2017,0.2325,0.5659,A,D,0
2021-12-11,Ligue1,Reims,St Etienne,0.4337,0.2744,0.2919,H,H,1
2021-12-11,Bundesliga,RB Leipzig,M'gladbach,0.5054,0.2244,0.2702,H,H,1
2021-12-11,Bundesliga,Bayern Munich,Mainz,0.6829,0.1793,0.1377,H,H,1
2021-12-11,Bundesliga,Hertha,Bielefeld,0.3044,0.2787,0.4168,A,H,0
2021-12-11,Bundesliga,Wolfsburg,Stuttgart,0.3049,0.233,0.462,A,A,1
2021-12-11,EPL,Norwich,Man United,0.3195,0.3012,0.3793,A,A,1
2021-12-11,EPL,Liverpool,Aston Villa,0.5531,0.2201,0.2268,H,H,1
2021-12-11,EPL,Chelsea,Leeds,0.7411,0.1576,0.1012,H,H,1
2021-12-11,EPL,Arsenal,Southampton,0.8746,0.0961,0.0291,H,H,1
2021-12-11,EPL,Man City,Wolves,0.6931,0.182,0.1248,H,H,1
2021-12-12,EPL,Leicester,Newcastle,0.0963,0.1667,0.7369,A,H,0
2021-12-12,EPL,Crystal Palace,Everton,0.3914,0.3033,0.3053,H,H,1
2021-12-12,Ligue1,Paris SG,Monaco,0.5875,0.199,0.2135,H,H,1
2021-12-12,LaLiga,Real Madrid,Ath Madrid,0.4176,0.2563,0.3261,H,H,1
2021-12-12,LaLiga,Betis,Sociedad,0.5261,0.2548,0.2192,H,H,1
2021-12-12,LaLiga,Osasuna,Barcelona,0.1652,0.1908,0.6439,A,D,0
2021-12-12,LaLiga,Villarreal,Vallecano,0.5797,0.2317,0.1886,H,H,1
2021-12-12,Bundesliga,Greuther Furth,Union Berlin,0.3835,0.3065,0.31,H,H,1
2021-12-12,Bundesliga,Ein Frankfurt,Leverkusen,0.3426,0.2362,0.4212,A,H,0
2021-12-12,Ligue1,Strasbourg,Marseille,0.3746,0.2377,0.3877,A,A,1
2021-12-12,EPL,Burnley,West Ham,0.3225,0.256,0.4215,A,D,0
2021-12-12,Ligue1,Rennes,Nice,0.2999,0.2424,0.4577,A,A,1
2021-12-12,SerieA,Inter,Cagliari,0.7441,0.1646,0.0913,H,H,1
2021-12-12,SerieA,Sassuolo,Lazio,0.1765,0.2056,0.6179,A,H,0
2021-12-12,SerieA,Napoli,Empoli,0.7189,0.1961,0.085,H,A,0
2021-12-12,SerieA,Verona,Atalanta,0.1064,0.19,0.7036,A,A,1
2021-12-12,Ligue1,Troyes,Bordeaux,0.2752,0.2649,0.4599,A,A,1
2021-12-12,Ligue1,Lille,Lyon,0.4177,0.2556,0.3267,H,D,0
2021-12-12,SerieA,Torino,Bologna,0.2791,0.2936,0.4273,A,H,0
2021-12-12,Ligue1,Angers,Clermont,0.4249,0.3144,0.2607,H,A,0
2021-12-12,Ligue1,Metz,Lorient,0.389,0.2559,0.3551,H,H,1
2021-12-13,SerieA,Roma,Spezia,0.7582,0.1714,0.0704,H,H,1
2021-12-13,LaLiga,Cadiz,Granada,0.3972,0.3011,0.3017,H,D,0
2021-12-14,Bundesliga,Bielefeld,Bochum,0.4764,0.2881,0.2355,H,H,1
2021-12-14,Bundesliga,Mainz,Hertha,0.6774,0.1875,0.135,H,H,1
2021-12-14,Bundesliga,Wolfsburg,FC Koln,0.5562,0.2469,0.1969,H,A,0
2021-12-14,EPL,Norwich,Aston Villa,0.2285,0.2724,0.4991,A,A,1
2021-12-14,Bundesliga,Stuttgart,Bayern Munich,0.2084,0.1884,0.6032,A,A,1
2021-12-14,EPL,Man City,Leeds,0.8341,0.108,0.0574,H,H,1
2021-12-15,Bundesliga,Dortmund,Greuther Furth,0.6746,0.1918,0.1336,H,H,1
2021-12-15,Bundesliga,Leverkusen,Hoffenheim,0.7295,0.1518,0.1185,H,D,0
2021-12-15,Bundesliga,Union Berlin,Freiburg,0.3205,0.2729,0.4066,A,D,0
2021-12-15,EPL,Arsenal,West Ham,0.6976,0.1915,0.1109,H,H,1
2021-12-15,EPL,Crystal Palace,Southampton,0.7629,0.1608,0.0763,H,D,0
2021-12-15,Bundesliga,M'gladbach,Ein Frankfurt,0.2948,0.2221,0.4831,A,A,1
2021-12-15,EPL,Brighton,Wolves,0.535,0.2161,0.2489,H,A,0
2021-12-15,Bundesliga,Augsburg,RB Leipzig,0.2615,0.2771,0.4614,A,D,0
2021-12-16,EPL,Chelsea,Everton,0.4513,0.303,0.2457,H,D,0
2021-12-16,EPL,Liverpool,Newcastle,0.5047,0.2183,0.277,H,H,1
2021-12-17,SerieA,Salernitana,Inter,0.0548,0.1145,0.8305,A,A,1
2021-12-17,SerieA,Lazio,Genoa,0.4935,0.2682,0.2384,H,H,1
2021-12-17,Bundesliga,Bayern Munich,Wolfsburg,0.7785,0.1345,0.0867,H,H,1
2021-12-17,LaLiga,Celta,Espanol,0.465,0.2571,0.2779,H,H,1
2021-12-18,Bundesliga,RB Leipzig,Bielefeld,0.5139,0.2683,0.2178,H,A,0
2021-12-18,Bundesliga,Bochum,Union Berlin,0.3238,0.2836,0.3927,A,A,1
2021-12-18,Bundesliga,Ein Frankfurt,Mainz,0.4538,0.2493,0.2969,H,H,1
2021-12-18,Bundesliga,Greuther Furth,Augsburg,0.371,0.3233,0.3057,H,D,0
2021-12-18,Bundesliga,Hoffenheim,M'gladbach,0.3683,0.218,0.4136,A,D,0
2021-12-18,EPL,Leeds,Arsenal,0.0839,0.1471,0.7688,A,A,1
2021-12-18,LaLiga,Vallecano,Alaves,0.3551,0.3491,0.2958,H,H,1
2021-12-18,LaLiga,Barcelona,Elche,0.8458,0.105,0.0489,H,H,1
2021-12-18,Bundesliga,Hertha,Dortmund,0.1211,0.1504,0.7283,A,H,0
2021-12-18,SerieA,Atalanta,Roma,0.4204,0.274,0.3056,H,A,0
2021-12-18,SerieA,Bologna,Juventus,0.3469,0.2759,0.3772,A,A,1
2021-12-18,SerieA,Cagliari,Udinese,0.4307,0.2743,0.2951,H,A,0
2021-12-18,LaLiga,Sevilla,Ath Madrid,0.1594,0.2241,0.6165,A,H,0
2021-12-18,LaLiga,Sociedad,Villarreal,0.2292,0.2453,0.5255,A,A,1
2021-12-19,SerieA,Sampdoria,Venezia,0.264,0.2918,0.4442,A,D,0
2021-12-19,SerieA,Milan,Napoli,0.314,0.2817,0.4043,A,A,1
2021-12-19,SerieA,Torino,Verona,0.4719,0.3146,0.2135,H,H,1
2021-12-19,SerieA,Fiorentina,Sassuolo,0.7336,0.1597,0.1066,H,D,0
2021-12-19,SerieA,Spezia,Empoli,0.342,0.297,0.361,A,D,0
2021-12-19,Bundesliga,Freiburg,Leverkusen,0.2245,0.2231,0.5525,A,H,0
2021-12-19,LaLiga,Ath Bilbao,Betis,0.5159,0.2733,0.2108,H,H,1
2021-12-19,Bundesliga,FC Koln,Stuttgart,0.1715,0.2118,0.6167,A,H,0
2021-12-19,EPL,Tottenham,Liverpool,0.1862,0.181,0.6327,A,D,0
2021-12-19,LaLiga,Real Madrid,Cadiz,0.7957,0.1472,0.057,H,D,0
2021-12-19,LaLiga,Getafe,Osasuna,0.3221,0.3072,0.3706,A,H,0
2021-12-19,EPL,Newcastle,Man City,0.3343,0.2473,0.4183,A,A,1
2021-12-19,EPL,Wolves,Chelsea,0.2511,0.2491,0.4999,A,D,0
2021-12-19,LaLiga,Granada,Mallorca,0.2442,0.2885,0.4673,A,H,0
2021-12-20,LaLiga,Levante,Valencia,0.3657,0.2893,0.3451,H,A,0
2021-12-21,SerieA,Genoa,Atalanta,0.1918,0.2424,0.5658,A,D,0
2021-12-21,LaLiga,Villarreal,Alaves,0.5614,0.2489,0.1897,H,H,1
2021-12-21,LaLiga,Sevilla,Barcelona,0.1216,0.1653,0.7131,A,D,0
2021-12-21,SerieA,Juventus,Cagliari,0.6018,0.2348,0.1634,H,H,1
2021-12-22,Ligue1,Nice,Lens,0.509,0.2611,0.23,H,H,1
2021-12-22,Ligue1,St Etienne,Nantes,0.3386,0.2521,0.4093,A,A,1
2021-12-22,Ligue1,Marseille,Reims,0.6449,0.2138,0.1413,H,D,0
2021-12-22,Ligue1,Troyes,Brest,0.213,0.2123,0.5747,A,D,0
2021-12-22,Ligue1,Lyon,Metz,0.6896,0.1777,0.1326,H,D,0
2021-12-22,Ligue1,Lorient,Paris SG,0.0951,0.1346,0.77,A,D,0
2021-12-22,Ligue1,Bordeaux,Lille,0.2211,0.276,0.5029,A,A,1
2021-12-22,Ligue1,Monaco,Rennes,0.5346,0.2228,0.2425,H,H,1
2021-12-22,Ligue1,Montpellier,Angers,0.2308,0.3119,0.4573,A,H,0
2021-12-22,SerieA,Napoli,Spezia,0.7551,0.1765,0.0684,H,A,0
2021-12-22,SerieA,Empoli,Milan,0.1581,0.2144,0.6275,A,A,1
2021-12-22,SerieA,Verona,Fiorentina,0.1684,0.2411,0.5905,A,D,0
2021-12-22,SerieA,Roma,Sampdoria,0.8225,0.1298,0.0477,H,D,0
2021-12-22,SerieA,Inter,Torino,0.669,0.218,0.1129,H,H,1
2021-12-22,SerieA,Venezia,Lazio,0.2058,0.2606,0.5336,A,A,1
2021-12-22,LaLiga,Granada,Ath Madrid,0.0685,0.1339,0.7974,A,H,0
2021-12-22,SerieA,Sassuolo,Bologna,0.1738,0.2029,0.6233,A,A,1
2021-12-22,LaLiga,Ath Bilbao,Real Madrid,0.3485,0.3011,0.3504,A,A,1
2021-12-26,EPL,Brighton,Brentford,0.4109,0.2259,0.3633,H,H,1
2021-12-26,EPL,Norwich,Arsenal,0.132,0.2378,0.6303,A,A,1
2021-12-26,EPL,Tottenham,Crystal Palace,0.3334,0.2356,0.431,A,H,0
2021-12-26,EPL,West Ham,Southampton,0.6693,0.2072,0.1235,H,A,0
2021-12-26,EPL,Man City,Leicester,0.8394,0.1153,0.0451,H,H,1
2021-12-26,EPL,Aston Villa,Chelsea,0.3668,0.2721,0.3611,H,A,0
2021-12-27,EPL,Newcastle,Man United,0.5959,0.2199,0.1842,H,D,0
2021-12-28,EPL,Crystal Palace,Norwich,0.5408,0.26,0.1993,H,H,1
2021-12-28,EPL,Southampton,Tottenham,0.1499,0.1997,0.6504,A,D,0
2021-12-28,EPL,Watford,West Ham,0.3639,0.2896,0.3465,H,A,0
2021-12-28,EPL,Leicester,Liverpool,0.0682,0.1315,0.8001,A,H,0
2021-12-29,EPL,Chelsea,Brighton,0.5027,0.2346,0.2628,H,D,0
2021-12-29,EPL,Brentford,Man City,0.2629,0.2367,0.5003,A,A,1
2021-12-30,EPL,Man United,Burnley,0.5229,0.2483,0.2287,H,H,1
2021-12-31,LaLiga,Valencia,Espanol,0.3976,0.2934,0.309,H,A,0
2022-01-01,EPL,Arsenal,Man City,0.4212,0.2756,0.3032,H,A,0
2022-01-01,EPL,Watford,Tottenham,0.356,0.2619,0.3821,A,A,1
2022-01-01,EPL,Crystal Palace,West Ham,0.5211,0.2437,0.2352,H,A,0
2022-01-02,EPL,Brentford,Aston Villa,0.3957,0.249,0.3553,H,H,1
2022-01-02,EPL,Everton,Brighton,0.3899,0.2771,0.333,H,A,0
2022-01-02,EPL,Leeds,Burnley,0.3866,0.2375,0.3759,H,H,1
2022-01-02,EPL,Chelsea,Liverpool,0.3342,0.2477,0.4181,A,D,0
2022-01-02,LaLiga,Mallorca,Barcelona,0.1289,0.2048,0.6663,A,A,1
2022-01-02,LaLiga,Betis,Celta,0.4622,0.2289,0.3089,H,A,0
2022-01-02,LaLiga,Alaves,Sociedad,0.3762,0.3444,0.2793,H,D,0
2022-01-02,LaLiga,Elche,Granada,0.4707,0.2673,0.2621,H,D,0
2022-01-02,LaLiga,Ath Madrid,Vallecano,0.6418,0.229,0.1292,H,H,1
2022-01-02,LaLiga,Getafe,Real Madrid,0.1573,0.237,0.6057,A,H,0
2022-01-03,LaLiga,Villarreal,Levante,0.5993,0.2151,0.1856,H,H,1
2022-01-03,LaLiga,Cadiz,Sevilla,0.2479,0.3099,0.4422,A,A,1
2022-01-03,EPL,Man United,Wolves,0.4187,0.2632,0.3181,H,A,0
2022-01-03,LaLiga,Osasuna,Ath Bilbao,0.2263,0.3028,0.471,A,A,1
2022-01-06,SerieA,Juventus,Napoli,0.3134,0.3136,0.373,A,D,0
2022-01-06,SerieA,Milan,Roma,0.3286,0.2738,0.3976,A,H,0
2022-01-06,SerieA,Sassuolo,Genoa,0.2566,0.2594,0.484,A,D,0
2022-01-06,SerieA,Lazio,Empoli,0.6479,0.2123,0.1398,H,D,0
2022-01-06,SerieA,Sampdoria,Cagliari,0.2106,0.2501,0.5393,A,A,1
2022-01-06,SerieA,Spezia,Verona,0.3375,0.3107,0.3518,A,A,1
2022-01-07,Bundesliga,Bayern Munich,M'gladbach,0.8036,0.1157,0.08,H,A,0
2022-01-07,Ligue1,Bordeaux,Marseille,0.2121,0.2201,0.5678,A,A,1
2022-01-08,Ligue1,Lens,Rennes,0.4048,0.271,0.3242,H,H,1
2022-01-08,LaLiga,Granada,Barcelona,0.0412,0.0792,0.8779,A,D,0
2022-01-08,LaLiga,Sociedad,Celta,0.3099,0.2699,0.4203,A,H,0
2022-01-08,LaLiga,Levante,Mallorca,0.3859,0.327,0.2872,H,H,1
2022-01-08,Bundesliga,Ein Frankfurt,Dortmund,0.38,0.2235,0.3965,A,A,1
2022-01-08,LaLiga,Real Madrid,Valencia,0.6733,0.194,0.1327,H,H,1
2022-01-08,Bundesliga,Freiburg,Bielefeld,0.4459,0.2851,0.269,H,D,0
2022-01-08,Bundesliga,Leverkusen,Union Berlin,0.6973,0.1854,0.1172,H,D,0
2022-01-08,Bundesliga,Hoffenheim,Augsburg,0.4298,0.2627,0.3075,H,H,1
2022-01-08,Bundesliga,Greuther Furth,Stuttgart,0.2313,0.2445,0.5241,A,D,0
2022-01-08,Bundesliga,RB Leipzig,Mainz,0.3911,0.2616,0.3472,H,H,1
2022-01-09,SerieA,Roma,Juventus,0.4392,0.2964,0.2644,H,A,0
2022-01-09,SerieA,Genoa,Spezia,0.5632,0.2637,0.1731,H,A,0
2022-01-09,SerieA,Udinese,Atalanta,0.1373,0.1999,0.6628,A,A,1
2022-01-09,SerieA,Napoli,Sampdoria,0.8189,0.1343,0.0467,H,H,1
2022-01-09,SerieA,Venezia,Milan,0.1743,0.2352,0.5905,A,A,1
2022-01-09,SerieA,Empoli,Sassuolo,0.4216,0.2614,0.3171,H,A,0
2022-01-09,Bundesliga,Hertha,FC Koln,0.4065,0.2644,0.3291,H,A,0
2022-01-09,LaLiga,Villarreal,Ath Madrid,0.3091,0.2404,0.4504,A,D,0
2022-01-09,LaLiga,Alaves,Ath Bilbao,0.1891,0.3455,0.4654,A,D,0
2022-01-09,LaLiga,Sevilla,Getafe,0.3803,0.3078,0.3118,H,H,1
2022-01-09,LaLiga,Vallecano,Betis,0.3033,0.2768,0.4198,A,D,0
2022-01-09,SerieA,Inter,Lazio,0.6069,0.2191,0.174,H,H,1
2022-01-09,Bundesliga,Bochum,Wolfsburg,0.2569,0.2532,0.4899,A,H,0
2022-01-09,Ligue1,Lyon,Paris SG,0.2622,0.2033,0.5344,A,D,0
2022-01-09,SerieA,Verona,Salernitana,0.4618,0.2734,0.2647,H,A,0
2022-01-09,LaLiga,Osasuna,Cadiz,0.5758,0.2679,0.1563,H,H,1
2022-01-09,Ligue1,Brest,Nice,0.2539,0.2252,0.5209,A,A,1
2022-01-09,Ligue1,Clermont,Reims,0.2919,0.3355,0.3727,A,D,0
2022-01-09,Ligue1,Metz,Strasbourg,0.211,0.245,0.544,A,A,1
2022-01-09,Ligue1,Nantes,Monaco,0.2116,0.2431,0.5454,A,D,0
2022-01-10,LaLiga,Espanol,Elche,0.5043,0.2856,0.2101,H,A,0
2022-01-10,SerieA,Torino,Fiorentina,0.2572,0.2886,0.4542,A,H,0
2022-01-11,EPL,Southampton,Brentford,0.0975,0.1706,0.7318,A,H,0
2022-01-11,SerieA,Cagliari,Bologna,0.262,0.2524,0.4856,A,H,0
2022-01-12,EPL,West Ham,Norwich,0.4367,0.2837,0.2796,H,H,1
2022-01-14,EPL,Brighton,Crystal Palace,0.4227,0.2378,0.3395,H,D,0
2022-01-14,Ligue1,Nice,Nantes,0.6326,0.2192,0.1482,H,H,1
2022-01-14,Bundesliga,Dortmund,Freiburg,0.6269,0.1917,0.1813,H,H,1
2022-01-15,SerieA,Juventus,Udinese,0.6237,0.2312,0.1451,H,H,1
2022-01-15,Ligue1,St Etienne,Lens,0.2284,0.2345,0.537,A,A,1
2022-01-15,Ligue1,Paris SG,Brest,0.7606,0.1354,0.1036,H,H,1
2022-01-15,Bundesliga,M'gladbach,Leverkusen,0.2226,0.2055,0.5719,A,A,1
2022-01-15,Bundesliga,Union Berlin,Hoffenheim,0.388,0.2526,0.3595,H,H,1
2022-01-15,Bundesliga,Mainz,Bochum,0.652,0.2091,0.1389,H,H,1
2022-01-15,Bundesliga,Stuttgart,RB Leipzig,0.4752,0.228,0.2968,H,A,0
2022-01-15,SerieA,Salernitana,Lazio,0.14,0.1914,0.6686,A,A,1
2022-01-15,EPL,Aston Villa,Man United,0.5211,0.2532,0.2257,H,D,0
2022-01-15,EPL,Wolves,Southampton,0.6935,0.1922,0.1143,H,H,1
2022-01-15,EPL,Norwich,Everton,0.2545,0.3295,0.416,A,H,0
2022-01-15,EPL,Newcastle,Watford,0.6334,0.2167,0.1498,H,D,0
2022-01-15,EPL,Man City,Chelsea,0.5023,0.2554,0.2423,H,H,1
2022-01-15,Bundesliga,Wolfsburg,Hertha,0.5943,0.2121,0.1936,H,D,0
2022-01-15,Bundesliga,FC Koln,Bayern Munich,0.0616,0.1213,0.8169,A,A,1
2022-01-15,SerieA,Sampdoria,Torino,0.1905,0.2811,0.5283,A,A,1
2022-01-16,Ligue1,Reims,Metz,0.3909,0.3139,0.2952,H,A,0
2022-01-16,Ligue1,Monaco,Clermont,0.7445,0.166,0.0895,H,H,1
2022-01-16,Ligue1,Strasbourg,Montpellier,0.7689,0.161,0.0701,H,H,1
2022-01-16,Ligue1,Troyes,Lyon,0.1245,0.1649,0.7105,A,A,1
2022-01-16,Ligue1,Marseille,Lille,0.4295,0.2475,0.323,H,D,0
2022-01-16,EPL,West Ham,Leeds,0.5622,0.2169,0.2209,H,A,0
2022-01-16,EPL,Liverpool,Brentford,0.593,0.1992,0.2077,H,H,1
2022-01-16,LaLiga,Elche,Villarreal,0.1588,0.209,0.6322,A,H,0
2022-01-16,Ligue1,Rennes,Bordeaux,0.5363,0.2428,0.2209,H,H,1
2022-01-16,Bundesliga,Bielefeld,Greuther Furth,0.3853,0.3261,0.2886,H,D,0
2022-01-16,Ligue1,Lorient,Angers,0.4277,0.2803,0.292,H,D,0
2022-01-16,SerieA,Sassuolo,Verona,0.3895,0.2752,0.3353,H,A,0
2022-01-16,SerieA,Venezia,Empoli,0.4009,0.304,0.2951,H,D,0
2022-01-16,SerieA,Roma,Cagliari,0.6521,0.2189,0.1289,H,H,1
2022-01-16,SerieA,Atalanta,Inter,0.3664,0.2554,0.3782,A,D,0
2022-01-16,Bundesliga,Augsburg,Ein Frankfurt,0.2199,0.2563,0.5237,A,D,0
2022-01-17,SerieA,Bologna,Napoli,0.2758,0.2856,0.4385,A,A,1
2022-01-17,SerieA,Milan,Spezia,0.7468,0.1636,0.0896,H,A,0
2022-01-17,SerieA,Fiorentina,Genoa,0.527,0.2582,0.2148,H,H,1
2022-01-18,EPL,Brighton,Chelsea,0.3392,0.2456,0.4152,A,D,0
2022-01-18,LaLiga,Betis,Alaves,0.4831,0.2808,0.2362,H,H,1
2022-01-18,LaLiga,Cadiz,Espanol,0.2213,0.321,0.4577,A,D,0
2022-01-19,EPL,Leicester,Tottenham,0.2014,0.2224,0.5762,A,A,1
2022-01-19,EPL,Brentford,Man United,0.516,0.2416,0.2424,H,A,0
2022-01-19,LaLiga,Celta,Osasuna,0.4419,0.2469,0.3112,H,H,1
2022-01-19,LaLiga,Valencia,Sevilla,0.4416,0.274,0.2843,H,D,0
2022-01-19,Ligue1,Montpellier,Troyes,0.2986,0.2803,0.4211,A,A,1
2022-01-19,Ligue1,Lille,Lorient,0.6386,0.2119,0.1496,H,H,1
2022-01-19,Ligue1,Clermont,Strasbourg,0.1628,0.2403,0.5969,A,A,1
2022-01-20,LaLiga,Getafe,Granada,0.5577,0.256,0.1862,H,H,1
2022-01-21,Ligue1,Lyon,St Etienne,0.7511,0.138,0.1105,H,H,1
2022-01-21,EPL,Watford,Norwich,0.3879,0.318,0.294,H,A,0
2022-01-21,LaLiga,Espanol,Betis,0.3211,0.2684,0.4105,A,A,1
2022-01-21,SerieA,Verona,Bologna,0.1866,0.2511,0.5623,A,H,0
2022-01-21,Bundesliga,Ein Frankfurt,Bielefeld,0.577,0.243,0.18,H,A,0
2022-01-22,LaLiga,Ath Madrid,Valencia,0.6447,0.2155,0.1398,H,H,1
2022-01-22,LaLiga,Sevilla,Celta,0.3226,0.2491,0.4283,A,D,0
2022-01-22,LaLiga,Villarreal,Mallorca,0.586,0.2402,0.1739,H,H,1
2022-01-22,Bundesliga,Bochum,FC Koln,0.3918,0.2854,0.3228,H,D,0
2022-01-22,Bundesliga,M'gladbach,Union Berlin,0.5033,0.2424,0.2543,H,A,0
2022-01-22,Bundesliga,Leverkusen,Augsburg,0.6752,0.2026,0.1222,H,H,1
2022-01-22,EPL,Leeds,Newcastle,0.1282,0.1599,0.7117,A,A,1
2022-01-22,Bundesliga,Greuther Furth,Mainz,0.2471,0.2827,0.4702,A,H,0
2022-01-22,SerieA,Genoa,Udinese,0.4621,0.2872,0.2507,H,D,0
2022-01-22,SerieA,Inter,Venezia,0.7732,0.1578,0.069,H,H,1
2022-01-22,Ligue1,Brest,Lille,0.286,0.2535,0.4605,A,H,0
2022-01-22,Ligue1,Lens,Marseille,0.3261,0.2514,0.4225,A,A,1
2022-01-22,EPL,Brentford,Wolves,0.5469,0.2207,0.2324,H,A,0
2022-01-22,Bundesliga,Hoffenheim,Dortmund,0.1928,0.1785,0.6286,A,A,1
2022-01-22,EPL,Everton,Aston Villa,0.3393,0.3064,0.3543,A,A,1
2022-01-22,SerieA,Lazio,Atalanta,0.2729,0.2427,0.4844,A,D,0
2022-01-22,EPL,Man United,West Ham,0.4281,0.2694,0.3026,H,H,1
2022-01-22,LaLiga,Levante,Cadiz,0.5179,0.2974,0.1847,H,A,0
2022-01-22,EPL,Southampton,Man City,0.0473,0.1209,0.8317,A,D,0
2022-01-22,Bundesliga,Freiburg,Stuttgart,0.3077,0.2313,0.461,A,H,0
2022-01-23,LaLiga,Alaves,Barcelona,0.1424,0.2153,0.6423,A,A,1
2022-01-23,LaLiga,Sociedad,Getafe,0.3591,0.3346,0.3063,H,D,0
2022-01-23,LaLiga,Vallecano,Ath Bilbao,0.1919,0.3233,0.4847,A,A,1
2022-01-23,Ligue1,Angers,Troyes,0.4625,0.281,0.2565,H,H,1
2022-01-23,Ligue1,Metz,Nice,0.16,0.2121,0.6279,A,A,1
2022-01-23,Bundesliga,Hertha,Bayern Munich,0.0507,0.0901,0.8579,A,A,1
2022-01-23,EPL,Chelsea,Tottenham,0.597,0.2102,0.1928,H,H,1
2022-01-23,EPL,Leicester,Brighton,0.144,0.1949,0.6611,A,D,0
2022-01-23,EPL,Crystal Palace,Liverpool,0.2637,0.2292,0.5071,A,A,1
2022-01-23,SerieA,Milan,Juventus,0.3922,0.2672,0.3407,H,D,0
2022-01-23,SerieA,Empoli,Roma,0.1222,0.2253,0.6524,A,A,1
2022-01-23,SerieA,Torino,Sassuolo,0.5284,0.2614,0.2102,H,D,0
2022-01-23,SerieA,Spezia,Sampdoria,0.4582,0.2808,0.261,H,H,1
2022-01-23,SerieA,Napoli,Salernitana,0.8071,0.1368,0.056,H,H,1
2022-01-23,SerieA,Cagliari,Fiorentina,0.2384,0.2457,0.5159,A,D,0
2022-01-23,LaLiga,Real Madrid,Elche,0.7872,0.1444,0.0684,H,D,0
2022-01-23,Ligue1,Clermont,Rennes,0.1894,0.2369,0.5737,A,H,0
2022-01-23,Ligue1,Nantes,Lorient,0.4369,0.2657,0.2974,H,H,1
2022-01-23,Ligue1,Montpellier,Monaco,0.0741,0.1524,0.7735,A,H,0
2022-01-23,Ligue1,Paris SG,Reims,0.7658,0.1577,0.0764,H,H,1
2022-01-23,EPL,Arsenal,Burnley,0.7803,0.1477,0.0719,H,D,0
2022-01-23,Bundesliga,RB Leipzig,Wolfsburg,0.4896,0.2437,0.2667,H,H,1
2022-01-23,Ligue1,Bordeaux,Strasbourg,0.2479,0.2686,0.4835,A,H,0
2022-01-23,LaLiga,Granada,Osasuna,0.1914,0.225,0.5835,A,A,1
2022-01-26,Ligue1,Angers,St Etienne,0.4126,0.265,0.3223,H,A,0
2022-02-01,Ligue1,Lyon,Marseille,0.4201,0.214,0.3658,H,H,1
2022-02-04,Bundesliga,Hertha,Bochum,0.4164,0.2518,0.3317,H,D,0
2022-02-04,LaLiga,Getafe,Levante,0.3585,0.319,0.3225,H,H,1
2022-02-04,Ligue1,Marseille,Angers,0.6903,0.1878,0.1218,H,H,1
2022-02-05,Ligue1,Monaco,Lyon,0.4608,0.2261,0.313,H,H,1
2022-02-05,LaLiga,Mallorca,Cadiz,0.4611,0.3456,0.1932,H,H,1
2022-02-05,SerieA,Fiorentina,Lazio,0.4453,0.2532,0.3016,H,A,0
2022-02-05,SerieA,Inter,Milan,0.5695,0.2242,0.2064,H,A,0
2022-02-05,SerieA,Roma,Genoa,0.5804,0.2615,0.1581,H,D,0
2022-02-05,Ligue1,St Etienne,Montpellier,0.5974,0.2203,0.1823,H,H,1
2022-02-05,EPL,Burnley,Watford,0.3401,0.2848,0.3751,A,D,0
2022-02-05,Bundesliga,Augsburg,Union Berlin,0.3798,0.3114,0.3088,H,H,1
2022-02-05,Bundesliga,Bielefeld,M'gladbach,0.3442,0.2732,0.3827,A,D,0
2022-02-05,Bundesliga,FC Koln,Freiburg,0.2552,0.2641,0.4807,A,H,0
2022-02-05,Bundesliga,Mainz,Hoffenheim,0.5843,0.2123,0.2034,H,H,1
2022-02-05,Bundesliga,Stuttgart,Ein Frankfurt,0.4161,0.2271,0.3568,H,A,0
2022-02-05,Bundesliga,Bayern Munich,RB Leipzig,0.7165,0.1602,0.1232,H,H,1
2022-02-05,LaLiga,Osasuna,Sevilla,0.4681,0.2652,0.2667,H,D,0
2022-02-05,LaLiga,Celta,Vallecano,0.4734,0.2642,0.2625,H,H,1
2022-02-05,LaLiga,Elche,Alaves,0.2695,0.3359,0.3947,A,H,0
2022-02-06,Bundesliga,Dortmund,Leverkusen,0.4004,0.224,0.3756,H,A,0
2022-02-06,Bundesliga,Wolfsburg,Greuther Furth,0.4689,0.2758,0.2553,H,H,1
2022-02-06,SerieA,Juventus,Verona,0.6619,0.2237,0.1143,H,H,1
2022-02-06,SerieA,Udinese,Torino,0.3233,0.3161,0.3606,A,H,0
2022-02-06,Ligue1,Strasbourg,Nantes,0.5513,0.254,0.1947,H,H,1
2022-02-06,Ligue1,Reims,Bordeaux,0.3425,0.3293,0.3282,H,H,1
2022-02-06,Ligue1,Nice,Clermont,0.7474,0.1678,0.0848,H,A,0
2022-02-06,Ligue1,Lorient,Lens,0.2613,0.2618,0.4768,A,H,0
2022-02-06,Ligue1,Lille,Paris SG,0.2661,0.2415,0.4924,A,A,1
2022-02-06,LaLiga,Valencia,Sociedad,0.4297,0.2973,0.2731,H,D,0
2022-02-06,Ligue1,Rennes,Brest,0.4858,0.2255,0.2886,H,H,1
2022-02-06,LaLiga,Betis,Villarreal,0.356,0.2269,0.4171,A,A,1
2022-02-06,LaLiga,Barcelona,Ath Madrid,0.4774,0.232,0.2906,H,H,1
2022-02-06,SerieA,Atalanta,Cagliari,0.7176,0.1726,0.1098,H,A,0
2022-02-06,SerieA,Bologna,Empoli,0.6531,0.2093,0.1375,H,D,0
2022-02-06,SerieA,Sampdoria,Sassuolo,0.3043,0.2541,0.4416,A,H,0
2022-02-06,SerieA,Venezia,Napoli,0.1299,0.2554,0.6147,A,A,1
2022-02-06,LaLiga,Real Madrid,Granada,0.8788,0.0828,0.0374,H,H,1
2022-02-06,Ligue1,Troyes,Metz,0.3218,0.2605,0.4177,A,D,0
2022-02-07,SerieA,Salernitana,Spezia,0.3823,0.2731,0.3446,H,D,0
2022-02-07,LaLiga,Ath Bilbao,Espanol,0.5514,0.2902,0.1584,H,H,1
2022-02-08,EPL,Newcastle,Everton,0.4915,0.2718,0.2367,H,H,1
2022-02-08,EPL,West Ham,Watford,0.4199,0.2857,0.2945,H,H,1
2022-02-08,EPL,Burnley,Man United,0.2953,0.2638,0.4409,A,D,0
2022-02-09,EPL,Man City,Brentford,0.5877,0.2156,0.1966,H,H,1
2022-02-09,EPL,Norwich,Crystal Palace,0.2573,0.2793,0.4633,A,D,0
2022-02-09,EPL,Tottenham,Southampton,0.728,0.1671,0.1048,H,A,0
2022-02-09,EPL,Aston Villa,Leeds,0.7159,0.1655,0.1185,H,D,0
2022-02-10,EPL,Liverpool,Leicester,0.8575,0.0987,0.0433,H,H,1
2022-02-10,EPL,Wolves,Arsenal,0.1619,0.2205,0.6176,A,A,1
2022-02-11,Ligue1,Paris SG,Rennes,0.6984,0.164,0.1375,H,H,1
2022-02-11,Bundesliga,RB Leipzig,FC Koln,0.632,0.2176,0.1505,H,H,1
2022-02-11,LaLiga,Sevilla,Elche,0.4868,0.2773,0.236,H,H,1
2022-02-12,EPL,Man United,Southampton,0.6776,0.2094,0.113,H,D,0
2022-02-12,EPL,Brentford,Crystal Palace,0.437,0.2454,0.3176,H,D,0
2022-02-12,EPL,Everton,Leeds,0.6159,0.2274,0.1566,H,H,1
2022-02-12,EPL,Watford,Brighton,0.2778,0.2557,0.4664,A,A,1
2022-02-12,LaLiga,Cadiz,Celta,0.1885,0.257,0.5545,A,D,0
2022-02-12,LaLiga,Villarreal,Real Madrid,0.3065,0.2245,0.469,A,D,0
2022-02-12,LaLiga,Vallecano,Osasuna,0.3415,0.3007,0.3577,A,A,1
2022-02-12,LaLiga,Ath Madrid,Getafe,0.6501,0.229,0.1209,H,H,1
2022-02-12,Bundesliga,Leverkusen,Stuttgart,0.5369,0.2124,0.2507,H,H,1
2022-02-12,Bundesliga,Bochum,Bayern Munich,0.0568,0.1078,0.8349,A,H,0
2022-02-12,Ligue1,Lyon,Nice,0.3776,0.2373,0.3852,A,H,0
2022-02-12,SerieA,Lazio,Bologna,0.408,0.257,0.335,H,H,1
2022-02-12,SerieA,Napoli,Inter,0.3386,0.2973,0.3641,A,D,0
2022-02-12,SerieA,Torino,Venezia,0.4511,0.3194,0.2295,H,A,0
2022-02-12,EPL,Norwich,Man City,0.142,0.2282,0.6298,A,A,1
2022-02-12,Bundesliga,M'gladbach,Augsburg,0.4874,0.2572,0.2554,H,H,1
2022-02-12,Bundesliga,Greuther Furth,Hertha,0.4812,0.2618,0.257,H,H,1
2022-02-12,Bundesliga,Freiburg,Mainz,0.3234,0.2621,0.4145,A,D,0
2022-02-12,Bundesliga,Ein Frankfurt,Wolfsburg,0.5574,0.223,0.2196,H,A,0
2022-02-12,Ligue1,Montpellier,Lille,0.09,0.1985,0.7115,A,A,1
2022-02-13,SerieA,Milan,Sampdoria,0.8161,0.1237,0.06,H,H,1
2022-02-13,SerieA,Empoli,Cagliari,0.3074,0.2797,0.4129,A,D,0
2022-02-13,SerieA,Genoa,Salernitana,0.6143,0.2271,0.1586,H,D,0
2022-02-13,LaLiga,Levante,Betis,0.3065,0.261,0.4325,A,A,1
2022-02-13,SerieA,Sassuolo,Roma,0.1091,0.1843,0.7066,A,D,0
2022-02-13,LaLiga,Alaves,Valencia,0.3479,0.3248,0.3273,H,H,1
2022-02-13,SerieA,Atalanta,Juventus,0.4899,0.2567,0.2534,H,D,0
2022-02-13,Bundesliga,Union Berlin,Dortmund,0.1811,0.21,0.6089,A,A,1
2022-02-13,Bundesliga,Hoffenheim,Bielefeld,0.4051,0.2683,0.3266,H,H,1
2022-02-13,LaLiga,Espanol,Barcelona,0.1468,0.1939,0.6592,A,D,0
2022-02-13,LaLiga,Sociedad,Granada,0.5621,0.2482,0.1896,H,H,1
2022-02-13,SerieA,Verona,Udinese,0.3256,0.3032,0.3712,A,H,0
2022-02-13,EPL,Burnley,Liverpool,0.1153,0.159,0.7256,A,A,1
2022-02-13,Ligue1,Lens,Bordeaux,0.503,0.2792,0.2178,H,H,1
2022-02-13,EPL,Tottenham,Wolves,0.4392,0.2286,0.3322,H,A,0
2022-02-13,Ligue1,Metz,Marseille,0.1725,0.1937,0.6338,A,A,1
2022-02-13,Ligue1,Nantes,Reims,0.3955,0.3296,0.2749,H,H,1
2022-02-13,Ligue1,Clermont,St Etienne,0.3563,0.2556,0.3882,A,A,1
2022-02-13,Ligue1,Brest,Troyes,0.6621,0.185,0.1529,H,H,1
2022-02-13,Ligue1,Monaco,Lorient,0.699,0.1717,0.1292,H,D,0
2022-02-13,Ligue1,Angers,Strasbourg,0.2026,0.2741,0.5233,A,A,1
2022-02-13,EPL,Newcastle,Aston Villa,0.4769,0.2411,0.282,H,H,1
2022-02-13,EPL,Leicester,West Ham,0.2196,0.2574,0.5231,A,D,0
2022-02-14,LaLiga,Mallorca,Ath Bilbao,0.1766,0.3377,0.4856,A,H,0
2022-02-14,SerieA,Spezia,Fiorentina,0.1383,0.212,0.6497,A,A,1
2022-02-15,EPL,Man United,Brighton,0.3346,0.2474,0.418,A,H,0
2022-02-16,LaLiga,Ath Madrid,Levante,0.6648,0.2097,0.1255,H,A,0
2022-02-18,LaLiga,Elche,Vallecano,0.2754,0.3162,0.4084,A,H,0
2022-02-18,Ligue1,Lille,Metz,0.6396,0.2211,0.1393,H,D,0
2022-02-18,Bundesliga,Mainz,Leverkusen,0.3001,0.2505,0.4494,A,H,0
2022-02-18,SerieA,Juventus,Torino,0.5311,0.2861,0.1828,H,D,0
2022-02-19,LaLiga,Granada,Villarreal,0.1062,0.1474,0.7462,A,A,1
2022-02-19,Bundesliga,Augsburg,Freiburg,0.3177,0.2879,0.3944,A,A,1
2022-02-19,Bundesliga,Bielefeld,Union Berlin,0.3963,0.3137,0.29,H,H,1
2022-02-19,Bundesliga,FC Koln,Ein Frankfurt,0.1643,0.2181,0.6176,A,H,0
2022-02-19,Bundesliga,Stuttgart,Bochum,0.716,0.1666,0.1173,H,D,0
2022-02-19,Bundesliga,Wolfsburg,Hoffenheim,0.4913,0.2271,0.2815,H,A,0
2022-02-19,LaLiga,Osasuna,Ath Madrid,0.2046,0.2455,0.5499,A,A,1
2022-02-19,LaLiga,Cadiz,Getafe,0.2392,0.3493,0.4114,A,D,0
2022-02-19,Ligue1,Nantes,Paris SG,0.1229,0.1788,0.6982,A,H,0
2022-02-19,Ligue1,Lens,Lyon,0.34,0.2602,0.3998,A,D,0
2022-02-19,EPL,Brighton,Burnley,0.6491,0.187,0.1639,H,A,0
2022-02-19,EPL,West Ham,Newcastle,0.2242,0.2252,0.5506,A,D,0
2022-02-19,EPL,Arsenal,Brentford,0.5951,0.2235,0.1814,H,H,1
2022-02-19,SerieA,Sampdoria,Empoli,0.2849,0.2825,0.4326,A,H,0
2022-02-19,SerieA,Roma,Verona,0.7049,0.2055,0.0896,H,D,0
2022-02-19,SerieA,Salernitana,Milan,0.1108,0.1624,0.7267,A,D,0
2022-02-19,EPL,Man City,Tottenham,0.7106,0.1655,0.1238,H,A,0
2022-02-19,EPL,Southampton,Everton,0.1223,0.252,0.6257,A,H,0
2022-02-19,EPL,Liverpool,Norwich,0.7196,0.1758,0.1046,H,H,1
2022-02-19,EPL,Crystal Palace,Chelsea,0.3314,0.27,0.3986,A,A,1
2022-02-19,LaLiga,Real Madrid,Alaves,0.6491,0.2248,0.126,H,H,1
2022-02-19,EPL,Aston Villa,Watford,0.5594,0.2546,0.186,H,A,0
2022-02-20,LaLiga,Betis,Mallorca,0.5069,0.2742,0.2189,H,H,1
2022-02-20,LaLiga,Ath Bilbao,Sociedad,0.5761,0.2857,0.1382,H,H,1
2022-02-20,Ligue1,Marseille,Clermont,0.7634,0.1488,0.0877,H,A,0
2022-02-20,Ligue1,Bordeaux,Monaco,0.2062,0.237,0.5568,A,D,0
2022-02-20,SerieA,Fiorentina,Atalanta,0.3028,0.246,0.4512,A,H,0
2022-02-20,Ligue1,Rennes,Troyes,0.7025,0.1736,0.1238,H,H,1
2022-02-20,Ligue1,Reims,Brest,0.2978,0.2847,0.4174,A,D,0
2022-02-20,SerieA,Udinese,Lazio,0.237,0.2551,0.5079,A,D,0
2022-02-20,Ligue1,Lorient,Montpellier,0.6175,0.2248,0.1577,H,A,0
2022-02-20,Ligue1,Nice,Angers,0.6762,0.2087,0.1151,H,H,1
2022-02-20,Ligue1,St Etienne,Strasbourg,0.1939,0.2054,0.6007,A,D,0
2022-02-20,LaLiga,Valencia,Barcelona,0.151,0.1874,0.6616,A,A,1
2022-02-20,SerieA,Inter,Sassuolo,0.8549,0.0985,0.046,H,A,0
2022-02-20,SerieA,Venezia,Genoa,0.2754,0.3108,0.4138,A,D,0
2022-02-20,EPL,Leeds,Man United,0.2672,0.2402,0.4926,A,A,1
2022-02-20,EPL,Wolves,Leicester,0.6264,0.2185,0.1551,H,H,1
2022-02-20,LaLiga,Espanol,Sevilla,0.4232,0.2866,0.2902,H,D,0
2022-02-20,Bundesliga,Hertha,RB Leipzig,0.1998,0.2107,0.5895,A,A,1
2022-02-20,Bundesliga,Dortmund,M'gladbach,0.6488,0.1746,0.1765,H,H,1
2022-02-20,Bundesliga,Bayern Munich,Greuther Furth,0.8062,0.1296,0.064,H,H,1
2022-02-21,LaLiga,Celta,Levante,0.4886,0.2483,0.2632,H,D,0
2022-02-21,SerieA,Bologna,Spezia,0.6971,0.1914,0.1115,H,H,1
2022-02-21,SerieA,Cagliari,Napoli,0.1673,0.2546,0.5781,A,D,0
2022-02-23,EPL,Liverpool,Leeds,0.8487,0.0942,0.0559,H,H,1
2022-02-23,EPL,Burnley,Tottenham,0.3064,0.2286,0.4649,A,H,0
2022-02-23,EPL,Watford,Crystal Palace,0.2716,0.282,0.4463,A,A,1
2022-02-24,EPL,Arsenal,Wolves,0.6948,0.1889,0.1162,H,H,1
2022-02-25,Bundesliga,Hoffenheim,Stuttgart,0.2495,0.2006,0.5498,A,H,0
2022-02-25,SerieA,Milan,Udinese,0.6476,0.2047,0.1477,H,D,0
2022-02-25,SerieA,Genoa,Inter,0.1632,0.2391,0.5977,A,D,0
2022-02-25,LaLiga,Levante,Elche,0.4938,0.2834,0.2228,H,H,1
2022-02-25,Ligue1,Montpellier,Rennes,0.1174,0.1957,0.6869,A,A,1
2022-02-25,EPL,Southampton,Norwich,0.2001,0.2856,0.5143,A,H,0
2022-02-26,Bundesliga,M'gladbach,Wolfsburg,0.4262,0.2377,0.3361,H,D,0
2022-02-26,EPL,Brentford,Newcastle,0.3443,0.2337,0.422,A,A,1
2022-02-26,EPL,Brighton,Aston Villa,0.3805,0.2402,0.3793,H,A,0
2022-02-26,EPL,Everton,Man City,0.2341,0.2897,0.4762,A,A,1
2022-02-26,Bundesliga,Freiburg,Hertha,0.5995,0.209,0.1915,H,H,1
2022-02-26,Bundesliga,Greuther Furth,FC Koln,0.45,0.2989,0.2511,H,D,0
2022-02-26,Ligue1,Strasbourg,Nice,0.3372,0.262,0.4008,A,D,0
2022-02-26,Ligue1,Paris SG,St Etienne,0.8849,0.0713,0.0404,H,H,1
2022-02-26,Bundesliga,Ein Frankfurt,Bayern Munich,0.2221,0.2017,0.5762,A,A,1
2022-02-26,Bundesliga,Union Berlin,Mainz,0.2458,0.2709,0.4832,A,H,0
2022-02-26,Bundesliga,Leverkusen,Bielefeld,0.6495,0.2158,0.1347,H,H,1
2022-02-26,EPL,Leeds,Tottenham,0.2724,0.207,0.5205,A,A,1
2022-02-26,EPL,Crystal Palace,Burnley,0.6196,0.2119,0.1684,H,D,0
2022-02-26,EPL,Man United,Watford,0.4355,0.2943,0.2701,H,D,0
2022-02-26,LaLiga,Vallecano,Real Madrid,0.1683,0.2366,0.5951,A,A,1
2022-02-26,SerieA,Salernitana,Bologna,0.1376,0.1885,0.6739,A,D,0
2022-02-26,SerieA,Empoli,Juventus,0.1544,0.2414,0.6042,A,A,1
2022-02-26,SerieA,Sassuolo,Fiorentina,0.154,0.192,0.654,A,H,0
2022-02-26,LaLiga,Mallorca,Valencia,0.3289,0.324,0.3471,A,A,1
2022-02-26,LaLiga,Ath Madrid,Celta,0.6364,0.2014,0.1622,H,H,1
2022-02-26,LaLiga,Getafe,Alaves,0.3358,0.3583,0.3059,D,D,1
2022-02-27,LaLiga,Villarreal,Espanol,0.5739,0.2267,0.1995,H,H,1
2022-02-27,EPL,West Ham,Wolves,0.3984,0.2544,0.3471,H,H,1
2022-02-27,LaLiga,Sociedad,Osasuna,0.3212,0.2974,0.3813,A,H,0
2022-02-27,Ligue1,Brest,Lorient,0.5451,0.215,0.24,H,A,0
2022-02-27,Bundesliga,Bochum,RB Leipzig,0.2008,0.2306,0.5686,A,A,1
2022-02-27,Ligue1,Angers,Lens,0.2281,0.3056,0.4663,A,A,1
2022-02-27,Ligue1,Monaco,Reims,0.6273,0.2331,0.1396,H,A,0
2022-02-27,Ligue1,Clermont,Bordeaux,0.2805,0.2957,0.4238,A,D,0
2022-02-27,LaLiga,Barcelona,Ath Bilbao,0.4798,0.2662,0.2541,H,H,1
2022-02-27,Bundesliga,Augsburg,Dortmund,0.1851,0.2255,0.5894,A,D,0
2022-02-27,LaLiga,Sevilla,Betis,0.293,0.2503,0.4567,A,H,0
2022-02-27,Ligue1,Lyon,Lille,0.4064,0.2564,0.3371,H,A,0
2022-02-27,Ligue1,Troyes,Marseille,0.1118,0.1499,0.738,A,D,0
2022-02-27,Ligue1,Metz,Nantes,0.342,0.2865,0.3715,A,D,0
2022-02-27,SerieA,Torino,Cagliari,0.4065,0.304,0.2896,H,A,0
2022-02-27,SerieA,Verona,Venezia,0.3516,0.321,0.3274,H,H,1
2022-02-27,SerieA,Spezia,Roma,0.1,0.207,0.693,A,A,1
2022-02-27,SerieA,Lazio,Napoli,0.2727,0.2867,0.4406,A,A,1
2022-02-28,LaLiga,Granada,Cadiz,0.369,0.3031,0.3279,H,D,0
2022-02-28,SerieA,Atalanta,Sampdoria,0.8783,0.0869,0.0342,H,H,1
2022-03-01,EPL,Burnley,Leicester,0.5179,0.2552,0.2268,H,A,0
2022-03-02,LaLiga,Mallorca,Sociedad,0.3578,0.3454,0.2968,H,A,0
2022-03-04,Ligue1,Lorient,Lyon,0.2024,0.1999,0.5977,A,A,1
2022-03-04,Bundesliga,Bielefeld,Augsburg,0.3826,0.3312,0.2862,H,A,0
2022-03-04,LaLiga,Alaves,Sevilla,0.3885,0.3176,0.2939,H,D,0
2022-03-04,SerieA,Inter,Salernitana,0.882,0.0834,0.0338,H,H,1
2022-03-05,Ligue1,Lens,Brest,0.462,0.2565,0.2815,H,A,0
2022-03-05,Ligue1,Nice,Paris SG,0.305,0.2276,0.4674,A,H,0
2022-03-05,LaLiga,Espanol,Getafe,0.3993,0.3218,0.279,H,H,1
2022-03-05,LaLiga,Osasuna,Villarreal,0.2962,0.2381,0.4657,A,H,0
2022-03-05,LaLiga,Valencia,Granada,0.6363,0.2101,0.1535,H,H,1
2022-03-05,LaLiga,Real Madrid,Sociedad,0.6973,0.1928,0.1099,H,H,1
2022-03-05,SerieA,Cagliari,Lazio,0.2648,0.2545,0.4807,A,A,1
2022-03-05,EPL,Aston Villa,Southampton,0.7912,0.1453,0.0635,H,H,1
2022-03-05,Bundesliga,Hertha,Ein Frankfurt,0.157,0.1839,0.659,A,A,1
2022-03-05,Bundesliga,RB Leipzig,Freiburg,0.4891,0.2419,0.2691,H,D,0
2022-03-05,Bundesliga,Bochum,Greuther Furth,0.3165,0.294,0.3895,A,H,0
2022-03-05,Bundesliga,Bayern Munich,Leverkusen,0.5797,0.2013,0.219,H,D,0
2022-03-05,Bundesliga,Wolfsburg,Union Berlin,0.4817,0.2644,0.2539,H,H,1
2022-03-05,Bundesliga,Stuttgart,M'gladbach,0.5713,0.1984,0.2303,H,H,1
2022-03-05,EPL,Wolves,Crystal Palace,0.3198,0.2526,0.4276,A,A,1
2022-03-05,EPL,Liverpool,West Ham,0.7106,0.1672,0.1221,H,H,1
2022-03-05,EPL,Norwich,Brentford,0.2456,0.2594,0.495,A,A,1
2022-03-05,EPL,Newcastle,Brighton,0.5446,0.2091,0.2464,H,H,1
2022-03-05,SerieA,Roma,Atalanta,0.3787,0.2769,0.3444,H,H,1
2022-03-05,SerieA,Udinese,Sampdoria,0.577,0.244,0.179,H,H,1
2022-03-05,EPL,Burnley,Chelsea,0.173,0.2227,0.6043,A,A,1
2022-03-05,EPL,Leicester,Leeds,0.3288,0.2561,0.4151,A,H,0
2022-03-06,EPL,Watford,Arsenal,0.1411,0.2444,0.6145,A,A,1
2022-03-06,LaLiga,Cadiz,Vallecano,0.2291,0.3374,0.4335,A,H,0
2022-03-06,SerieA,Venezia,Sassuolo,0.4362,0.2703,0.2935,H,A,0
2022-03-06,Bundesliga,FC Koln,Hoffenheim,0.3118,0.2509,0.4373,A,A,1
2022-03-06,SerieA,Juventus,Spezia,0.7177,0.1907,0.0916,H,H,1
2022-03-06,EPL,Man City,Man United,0.6568,0.2072,0.136,H,H,1
2022-03-06,LaLiga,Elche,Barcelona,0.0763,0.1383,0.7852,A,A,1
2022-03-06,LaLiga,Betis,Ath Madrid,0.2466,0.2399,0.5135,A,A,1
2022-03-06,SerieA,Genoa,Empoli,0.5188,0.2762,0.205,H,D,0
2022-03-06,SerieA,Bologna,Torino,0.5022,0.278,0.2198,H,D,0
2022-03-06,SerieA,Fiorentina,Verona,0.6661,0.2104,0.1235,H,D,0
2022-03-06,LaLiga,Celta,Mallorca,0.4833,0.2755,0.2412,H,H,1
2022-03-06,Ligue1,Marseille,Monaco,0.4235,0.2228,0.3537,H,A,0
2022-03-06,Ligue1,Lille,Clermont,0.6822,0.2116,0.1063,H,H,1
2022-03-06,SerieA,Napoli,Milan,0.4819,0.27,0.2482,H,A,0
2022-03-06,Ligue1,Reims,Strasbourg,0.2215,0.2967,0.4818,A,D,0
2022-03-06,Ligue1,Nantes,Montpellier,0.6079,0.2489,0.1432,H,H,1
2022-03-06,Ligue1,Bordeaux,Troyes,0.5411,0.2469,0.212,H,A,0
2022-03-06,Ligue1,St Etienne,Metz,0.4033,0.2396,0.357,H,H,1
2022-03-06,Ligue1,Rennes,Angers,0.5772,0.244,0.1787,H,H,1
2022-03-07,LaLiga,Ath Bilbao,Levante,0.5748,0.2761,0.1491,H,H,1
2022-03-07,EPL,Tottenham,Everton,0.3303,0.2749,0.3949,A,H,0
2022-03-10,EPL,Norwich,Chelsea,0.2024,0.2713,0.5264,A,A,1
2022-03-10,EPL,Southampton,Newcastle,0.0672,0.1378,0.7949,A,A,1
2022-03-10,EPL,Wolves,Watford,0.4399,0.2756,0.2844,H,H,1
2022-03-10,EPL,Leeds,Aston Villa,0.1697,0.1968,0.6335,A,A,1
2022-03-11,Ligue1,Lille,St Etienne,0.7026,0.1763,0.1211,H,D,0
2022-03-11,LaLiga,Ath Madrid,Cadiz,0.7656,0.1715,0.0629,H,H,1
2022-03-12,SerieA,Salernitana,Sassuolo,0.3601,0.2427,0.3972,A,D,0
2022-03-12,Ligue1,Troyes,Nantes,0.2687,0.2677,0.4636,A,H,0
2022-03-12,SerieA,Spezia,Cagliari,0.2645,0.2755,0.46,A,H,0
2022-03-12,Bundesliga,M'gladbach,Hertha,0.6203,0.1913,0.1883,H,H,1
2022-03-12,EPL,Brighton,Liverpool,0.2628,0.2066,0.5305,A,A,1
2022-03-12,EPL,Brentford,Burnley,0.6568,0.1899,0.1533,H,H,1
2022-03-12,EPL,Man United,Tottenham,0.4226,0.2454,0.332,H,H,1
2022-03-12,Ligue1,Montpellier,Nice,0.0704,0.1542,0.7754,A,D,0
2022-03-12,SerieA,Sampdoria,Juventus,0.0929,0.1841,0.7229,A,A,1
2022-03-12,Bundesliga,Union Berlin,Stuttgart,0.2283,0.2336,0.538,A,D,0
2022-03-12,LaLiga,Getafe,Valencia,0.3379,0.3136,0.3485,A,D,0
2022-03-12,Bundesliga,Hoffenheim,Bayern Munich,0.0887,0.1209,0.7897,A,D,0
2022-03-12,Bundesliga,Freiburg,Wolfsburg,0.4152,0.2549,0.33,H,H,1
2022-03-12,SerieA,Milan,Empoli,0.7048,0.1825,0.1126,H,H,1
2022-03-12,LaLiga,Villarreal,Celta,0.5509,0.2054,0.2437,H,H,1
2022-03-12,LaLiga,Granada,Elche,0.3307,0.277,0.3922,A,A,1
2022-03-12,LaLiga,Levante,Espanol,0.3688,0.3004,0.3308,H,D,0
2022-03-13,SerieA,Fiorentina,Bologna,0.4426,0.2523,0.3051,H,H,1
2022-03-13,Ligue1,Clermont,Lorient,0.3106,0.2702,0.4192,A,A,1
2022-03-13,Ligue1,Metz,Lens,0.241,0.2743,0.4848,A,D,0
2022-03-13,Ligue1,Strasbourg,Monaco,0.3568,0.2551,0.3881,A,H,0
2022-03-13,Ligue1,Lyon,Rennes,0.5143,0.2186,0.2671,H,A,0
2022-03-13,Bundesliga,Leverkusen,FC Koln,0.7627,0.1548,0.0825,H,A,0
2022-03-13,Ligue1,Angers,Reims,0.3311,0.3523,0.3166,D,A,0
2022-03-13,Bundesliga,Dortmund,Bielefeld,0.6434,0.2086,0.148,H,H,1
2022-03-13,Bundesliga,Ein Frankfurt,Bochum,0.715,0.1719,0.1131,H,H,1
2022-03-13,Bundesliga,Greuther Furth,RB Leipzig,0.263,0.2727,0.4643,A,A,1
2022-03-13,EPL,Arsenal,Leicester,0.8341,0.1224,0.0433,H,H,1
2022-03-13,EPL,West Ham,Aston Villa,0.27,0.2537,0.4763,A,H,0
2022-03-13,EPL,Southampton,Watford,0.1889,0.2798,0.5313,A,A,1
2022-03-13,EPL,Leeds,Norwich,0.3321,0.2656,0.4023,A,H,0
2022-03-13,EPL,Everton,Wolves,0.464,0.2845,0.2515,H,A,0
2022-03-13,Ligue1,Paris SG,Bordeaux,0.7827,0.1379,0.0793,H,H,1
2022-03-13,Ligue1,Brest,Marseille,0.2799,0.207,0.5131,A,A,1
2022-03-13,EPL,Chelsea,Newcastle,0.3942,0.2558,0.3499,H,H,1
2022-03-13,SerieA,Verona,Napoli,0.1186,0.246,0.6354,A,A,1
2022-03-13,LaLiga,Barcelona,Osasuna,0.7263,0.1592,0.1143,H,H,1
2022-03-13,LaLiga,Sociedad,Alaves,0.3374,0.3474,0.3152,D,H,0
2022-03-13,LaLiga,Betis,Ath Bilbao,0.269,0.2905,0.4405,A,H,0
2022-03-13,LaLiga,Vallecano,Sevilla,0.4006,0.2992,0.3002,H,D,0
2022-03-13,SerieA,Atalanta,Genoa,0.6445,0.214,0.1415,H,D,0
2022-03-13,SerieA,Udinese,Roma,0.1553,0.2461,0.5986,A,D,0
2022-03-13,SerieA,Torino,Inter,0.1532,0.2499,0.5969,A,D,0
2022-03-14,LaLiga,Mallorca,Real Madrid,0.1555,0.2456,0.5989,A,A,1
2022-03-14,EPL,Crystal Palace,Man City,0.2468,0.2478,0.5055,A,D,0
2022-03-14,SerieA,Lazio,Venezia,0.6109,0.2343,0.1548,H,H,1
2022-03-16,Bundesliga,Mainz,Dortmund,0.3326,0.2385,0.4288,A,A,1
2022-03-16,EPL,Brighton,Tottenham,0.5427,0.2013,0.256,H,A,0
2022-03-16,EPL,Arsenal,Liverpool,0.4569,0.25,0.2931,H,A,0
2022-03-17,EPL,Everton,Newcastle,0.3001,0.2852,0.4147,A,H,0
2022-03-18,SerieA,Genoa,Torino,0.3834,0.3276,0.2889,H,H,1
2022-03-18,Ligue1,St Etienne,Troyes,0.5102,0.2205,0.2693,H,D,0
2022-03-18,Bundesliga,Bochum,M'gladbach,0.2567,0.2322,0.5111,A,A,1
2022-03-18,EPL,Wolves,Leeds,0.5866,0.2055,0.2078,H,A,0
2022-03-18,LaLiga,Ath Bilbao,Getafe,0.5589,0.3001,0.141,H,D,0
2022-03-18,SerieA,Sassuolo,Spezia,0.4442,0.2612,0.2946,H,H,1
2022-03-19,Bundesliga,Bayern Munich,Union Berlin,0.8222,0.1179,0.0597,H,H,1
2022-03-19,EPL,Aston Villa,Arsenal,0.2567,0.2677,0.4756,A,A,1
2022-03-19,LaLiga,Alaves,Granada,0.5644,0.261,0.1746,H,A,0
2022-03-19,Bundesliga,Mainz,Bielefeld,0.5173,0.2776,0.2051,H,H,1
2022-03-19,LaLiga,Elche,Valencia,0.2611,0.2886,0.4504,A,A,1
2022-03-19,Ligue1,Lens,Clermont,0.6096,0.2473,0.1432,H,H,1
2022-03-19,Ligue1,Nantes,Lille,0.2256,0.2822,0.4922,A,A,1
2022-03-19,Bundesliga,Stuttgart,Augsburg,0.6028,0.2245,0.1728,H,H,1
2022-03-19,SerieA,Inter,Fiorentina,0.5758,0.2278,0.1964,H,D,0
2022-03-19,SerieA,Cagliari,Milan,0.227,0.2343,0.5387,A,A,1
2022-03-19,Bundesliga,Greuther Furth,Freiburg,0.3201,0.2835,0.3964,A,D,0
2022-03-19,Bundesliga,Hertha,Hoffenheim,0.3188,0.2212,0.46,A,H,0
2022-03-19,LaLiga,Vallecano,Ath Madrid,0.1733,0.2588,0.5679,A,A,1
2022-03-19,SerieA,Napoli,Udinese,0.6702,0.2197,0.1101,H,H,1
2022-03-19,LaLiga,Osasuna,Levante,0.4438,0.2772,0.2789,H,H,1
2022-03-20,EPL,Leicester,Brentford,0.1351,0.1984,0.6665,A,H,0
2022-03-20,SerieA,Roma,Lazio,0.5136,0.2635,0.2229,H,H,1
2022-03-20,SerieA,Juventus,Salernitana,0.7708,0.1522,0.0769,H,H,1
2022-03-20,SerieA,Bologna,Atalanta,0.2762,0.242,0.4818,A,A,1
2022-03-20,EPL,Tottenham,West Ham,0.451,0.2336,0.3153,H,H,1
2022-03-20,LaLiga,Celta,Betis,0.3942,0.2335,0.3723,H,D,0
2022-03-20,Bundesliga,Wolfsburg,Leverkusen,0.2226,0.2247,0.5527,A,A,1
2022-03-20,SerieA,Venezia,Sampdoria,0.5193,0.2741,0.2067,H,A,0
2022-03-20,SerieA,Empoli,Verona,0.3824,0.3064,0.3112,H,D,0
2022-03-20,Ligue1,Monaco,Paris SG,0.2888,0.2182,0.493,A,H,0
2022-03-20,Ligue1,Angers,Brest,0.2758,0.2676,0.4565,A,H,0
2022-03-20,Ligue1,Bordeaux,Montpellier,0.6068,0.2467,0.1464,H,A,0
2022-03-20,Ligue1,Lorient,Strasbourg,0.2286,0.2348,0.5366,A,D,0
2022-03-20,Ligue1,Rennes,Metz,0.5999,0.2168,0.1833,H,H,1
2022-03-20,Ligue1,Reims,Lyon,0.2038,0.2564,0.5399,A,D,0
2022-03-20,Ligue1,Marseille,Nice,0.4001,0.2302,0.3697,H,H,1
2022-03-20,LaLiga,Espanol,Mallorca,0.396,0.3321,0.2719,H,H,1
2022-03-20,Bundesliga,RB Leipzig,Ein Frankfurt,0.3619,0.2434,0.3947,A,D,0
2022-03-20,LaLiga,Sevilla,Sociedad,0.3914,0.2978,0.3107,H,D,0
2022-03-20,LaLiga,Cadiz,Villarreal,0.1303,0.2135,0.6562,A,H,0
2022-03-20,Bundesliga,FC Koln,Dortmund,0.1316,0.1833,0.6851,A,D,0
2022-03-20,LaLiga,Real Madrid,Barcelona,0.3857,0.2245,0.3897,A,A,1
2022-04-01,Bundesliga,Union Berlin,FC Koln,0.4558,0.2881,0.256,H,H,1
2022-04-02,LaLiga,Getafe,Mallorca,0.3544,0.3562,0.2893,D,H,0
2022-04-02,SerieA,Spezia,Venezia,0.3173,0.3092,0.3735,A,H,0
2022-04-02,SerieA,Lazio,Sassuolo,0.7002,0.175,0.1248,H,H,1
2022-04-02,Bundesliga,Bielefeld,Stuttgart,0.2479,0.2575,0.4945,A,D,0
2022-04-02,Bundesliga,Ein Frankfurt,Greuther Furth,0.6076,0.227,0.1654,H,D,0
2022-04-02,Bundesliga,Freiburg,Bayern Munich,0.1306,0.1666,0.7027,A,A,1
2022-04-02,Bundesliga,Leverkusen,Hertha,0.8077,0.1203,0.0716,H,H,1
2022-04-02,Bundesliga,Dortmund,RB Leipzig,0.5501,0.2109,0.239,H,A,0
2022-04-02,LaLiga,Ath Madrid,Alaves,0.6193,0.2492,0.1315,H,H,1
2022-04-02,Ligue1,Nice,Rennes,0.5456,0.226,0.2283,H,D,0
2022-04-02,LaLiga,Celta,Real Madrid,0.2155,0.2094,0.5752,A,A,1
2022-04-02,LaLiga,Levante,Villarreal,0.249,0.2378,0.5133,A,H,0
2022-04-02,Bundesliga,Hoffenheim,Bochum,0.5376,0.2238,0.2386,H,A,0
2022-04-02,SerieA,Salernitana,Torino,0.2257,0.2752,0.4991,A,A,1
2022-04-02,Ligue1,Lille,Bordeaux,0.5789,0.252,0.1691,H,D,0
2022-04-02,EPL,Chelsea,Brentford,0.4734,0.2479,0.2787,H,A,0
2022-04-02,EPL,Man United,Leicester,0.6134,0.2355,0.1511,H,D,0
2022-04-02,EPL,Liverpool,Watford,0.7035,0.183,0.1135,H,H,1
2022-04-02,EPL,Brighton,Norwich,0.5684,0.2325,0.1991,H,D,0
2022-04-02,EPL,Burnley,Man City,0.1127,0.1755,0.7117,A,A,1
2022-04-02,EPL,Wolves,Aston Villa,0.2841,0.2487,0.4672,A,H,0
2022-04-02,EPL,Leeds,Southampton,0.5753,0.228,0.1967,H,D,0
2022-04-03,Ligue1,St Etienne,Marseille,0.1495,0.1562,0.694,A,A,1
2022-04-03,Ligue1,Strasbourg,Lens,0.4306,0.284,0.2854,H,H,1
2022-04-03,Ligue1,Clermont,Nantes,0.2739,0.2992,0.4269,A,A,1
2022-04-03,EPL,Tottenham,Newcastle,0.2426,0.2064,0.5509,A,H,0
2022-04-03,EPL,West Ham,Everton,0.3001,0.3025,0.3974,A,H,0
2022-04-03,Ligue1,Metz,Monaco,0.1697,0.2098,0.6205,A,A,1
2022-04-03,LaLiga,Ath Bilbao,Elche,0.6651,0.2379,0.097,H,H,1
2022-04-03,Bundesliga,Augsburg,Wolfsburg,0.3187,0.2906,0.3907,A,H,0
2022-04-03,Bundesliga,M'gladbach,Mainz,0.3289,0.2443,0.4269,A,D,0
2022-04-03,Ligue1,Paris SG,Lorient,0.8377,0.1015,0.0599,H,H,1
2022-04-03,Ligue1,Lyon,Angers,0.663,0.2038,0.1332,H,H,1
2022-04-03,Ligue1,Troyes,Reims,0.292,0.3022,0.4058,A,H,0
2022-04-03,SerieA,Atalanta,Napoli,0.4021,0.2841,0.3138,H,A,0
2022-04-03,SerieA,Udinese,Cagliari,0.3669,0.2788,0.3544,H,H,1
2022-04-03,SerieA,Fiorentina,Empoli,0.6808,0.1973,0.122,H,H,1
2022-04-03,SerieA,Juventus,Inter,0.2798,0.2739,0.4463,A,A,1
2022-04-03,LaLiga,Betis,Osasuna,0.4703,0.2475,0.2822,H,H,1
2022-04-03,LaLiga,Granada,Vallecano,0.2282,0.266,0.5058,A,D,0
2022-04-03,LaLiga,Valencia,Cadiz,0.5492,0.2821,0.1687,H,D,0
2022-04-03,LaLiga,Barcelona,Sevilla,0.7873,0.1316,0.0808,H,H,1
2022-04-03,SerieA,Sampdoria,Roma,0.0711,0.1648,0.7641,A,A,1
2022-04-03,Ligue1,Montpellier,Brest,0.1429,0.2063,0.6508,A,A,1
2022-04-04,EPL,Crystal Palace,Arsenal,0.2272,0.2581,0.5147,A,H,0
2022-04-04,SerieA,Verona,Genoa,0.2569,0.3079,0.4353,A,H,0
2022-04-04,SerieA,Milan,Bologna,0.4636,0.2429,0.2934,H,D,0
2022-04-04,LaLiga,Sociedad,Espanol,0.3406,0.316,0.3433,A,H,0
2022-04-06,EPL,Burnley,Everton,0.2332,0.2833,0.4835,A,H,0
2022-04-06,Bundesliga,Augsburg,Mainz,0.2458,0.2873,0.4669,A,H,0
2022-04-08,LaLiga,Sevilla,Granada,0.5948,0.2222,0.183,H,H,1
2022-04-08,EPL,Newcastle,Wolves,0.6303,0.1971,0.1725,H,H,1
2022-04-08,Bundesliga,Stuttgart,Dortmund,0.3679,0.2146,0.4174,A,A,1
2022-04-08,Ligue1,Lorient,St Etienne,0.4817,0.22,0.2984,H,H,1
2022-04-09,Bundesliga,Bayern Munich,Augsburg,0.8012,0.1337,0.065,H,H,1
2022-04-09,Ligue1,Clermont,Paris SG,0.0646,0.1261,0.809,A,A,1
2022-04-09,Bundesliga,Greuther Furth,M'gladbach,0.3274,0.2643,0.4084,A,A,1
2022-04-09,Bundesliga,FC Koln,Mainz,0.1912,0.2529,0.5559,A,H,0
2022-04-09,LaLiga,Cadiz,Betis,0.17,0.2532,0.5769,A,A,1
2022-04-09,LaLiga,Mallorca,Ath Madrid,0.1601,0.2692,0.5707,A,H,0
2022-04-09,LaLiga,Villarreal,Ath Bilbao,0.3287,0.2844,0.387,A,D,0
2022-04-09,Bundesliga,Hertha,Union Berlin,0.3331,0.2629,0.404,A,A,1
2022-04-09,Bundesliga,Wolfsburg,Bielefeld,0.4416,0.288,0.2703,H,H,1
2022-04-09,Ligue1,Reims,Rennes,0.2555,0.2869,0.4577,A,A,1
2022-04-09,LaLiga,Real Madrid,Getafe,0.68,0.2052,0.1147,H,H,1
2022-04-09,EPL,Watford,Leeds,0.5029,0.251,0.2461,H,A,0
2022-04-09,EPL,Everton,Man United,0.4357,0.3084,0.2558,H,H,1
2022-04-09,EPL,Aston Villa,Tottenham,0.564,0.2143,0.2217,H,A,0
2022-04-09,SerieA,Cagliari,Juventus,0.2167,0.26,0.5233,A,A,1
2022-04-09,SerieA,Inter,Verona,0.7913,0.1474,0.0612,H,H,1
2022-04-09,SerieA,Empoli,Spezia,0.4337,0.2905,0.2758,H,D,0
2022-04-09,EPL,Southampton,Chelsea,0.0804,0.1731,0.7465,A,A,1
2022-04-09,EPL,Arsenal,Brighton,0.6271,0.2062,0.1667,H,A,0
2022-04-10,SerieA,Napoli,Fiorentina,0.488,0.2755,0.2365,H,A,0
2022-04-10,SerieA,Sassuolo,Atalanta,0.0887,0.1402,0.7709,A,H,0
2022-04-10,SerieA,Venezia,Udinese,0.3471,0.3031,0.3499,A,A,1
2022-04-10,SerieA,Roma,Salernitana,0.8098,0.1327,0.0574,H,H,1
2022-04-10,SerieA,Torino,Milan,0.2479,0.277,0.4751,A,D,0
2022-04-10,Ligue1,Bordeaux,Metz,0.4434,0.276,0.2805,H,H,1
2022-04-10,Ligue1,Angers,Lille,0.1809,0.2806,0.5385,A,D,0
2022-04-10,Ligue1,Brest,Nantes,0.4809,0.2511,0.2681,H,D,0
2022-04-10,Ligue1,Monaco,Troyes,0.7933,0.1313,0.0752,H,H,1
2022-04-10,Ligue1,Lens,Nice,0.2942,0.2759,0.4299,A,H,0
2022-04-10,Ligue1,Strasbourg,Lyon,0.3894,0.2447,0.3659,H,D,0
2022-04-10,Ligue1,Marseille,Montpellier,0.8518,0.102,0.0458,H,H,1
2022-04-10,EPL,Man City,Liverpool,0.4421,0.2388,0.3191,H,D,0
2022-04-10,EPL,Norwich,Burnley,0.4333,0.2801,0.2866,H,H,1
2022-04-10,EPL,Leicester,Crystal Palace,0.1485,0.2223,0.6292,A,H,0
2022-04-10,EPL,Brentford,West Ham,0.5555,0.224,0.2205,H,H,1
2022-04-10,LaLiga,Osasuna,Alaves,0.4161,0.3128,0.2711,H,H,1
2022-04-10,LaLiga,Espanol,Celta,0.3512,0.265,0.3838,A,H,0
2022-04-10,LaLiga,Elche,Sociedad,0.2951,0.3163,0.3885,A,A,1
2022-04-10,LaLiga,Levante,Barcelona,0.1342,0.181,0.6847,A,A,1
2022-04-10,SerieA,Genoa,Lazio,0.3028,0.2814,0.4158,A,A,1
2022-04-10,Bundesliga,Bochum,Leverkusen,0.1152,0.1742,0.7106,A,D,0
2022-04-10,Bundesliga,Ein Frankfurt,Freiburg,0.5572,0.2214,0.2214,H,A,0
2022-04-10,Bundesliga,RB Leipzig,Hoffenheim,0.5772,0.2063,0.2165,H,H,1
2022-04-11,LaLiga,Vallecano,Valencia,0.3579,0.3063,0.3358,H,D,0
2022-04-11,SerieA,Bologna,Sampdoria,0.7711,0.151,0.0779,H,H,1
2022-04-15,LaLiga,Sociedad,Betis,0.2824,0.2714,0.4462,A,D,0
2022-04-15,SerieA,Spezia,Inter,0.0687,0.1501,0.7811,A,A,1
2022-04-15,SerieA,Milan,Genoa,0.5499,0.2456,0.2045,H,H,1
2022-04-15,Ligue1,Rennes,Monaco,0.3181,0.2372,0.4447,A,A,1
2022-04-16,EPL,Southampton,Arsenal,0.0453,0.1283,0.8263,A,H,0
2022-04-16,Bundesliga,Augsburg,Hertha,0.4765,0.2663,0.2571,H,A,0
2022-04-16,Bundesliga,Dortmund,Wolfsburg,0.6268,0.1931,0.18,H,H,1
2022-04-16,Bundesliga,M'gladbach,FC Koln,0.5824,0.2237,0.1938,H,A,0
2022-04-16,Bundesliga,Mainz,Stuttgart,0.3942,0.2448,0.361,H,D,0
2022-04-16,EPL,Watford,Brentford,0.2602,0.2627,0.4771,A,A,1
2022-04-16,LaLiga,Getafe,Villarreal,0.2334,0.2555,0.511,A,A,1
2022-04-16,LaLiga,Valencia,Osasuna,0.3769,0.2788,0.3443,H,A,0
2022-04-16,LaLiga,Alaves,Vallecano,0.3549,0.3492,0.2959,H,H,1
2022-04-16,LaLiga,Elche,Mallorca,0.2869,0.3375,0.3756,A,H,0
2022-04-16,EPL,Tottenham,Brighton,0.3411,0.2145,0.4444,A,A,1
2022-04-16,Bundesliga,Freiburg,Bochum,0.578,0.2291,0.1929,H,H,1
2022-04-16,EPL,Man United,Norwich,0.4519,0.2918,0.2563,H,H,1
2022-04-16,SerieA,Lazio,Torino,0.4974,0.2805,0.2221,H,D,0
2022-04-16,SerieA,Juventus,Bologna,0.4553,0.2683,0.2763,H,D,0
2022-04-16,SerieA,Udinese,Empoli,0.4517,0.2816,0.2667,H,H,1
2022-04-16,SerieA,Sampdoria,Salernitana,0.3563,0.265,0.3787,A,A,1
2022-04-16,SerieA,Cagliari,Sassuolo,0.5339,0.2334,0.2328,H,H,1
2022-04-16,Ligue1,St Etienne,Brest,0.2765,0.2085,0.515,A,H,0
2022-04-16,Ligue1,Lille,Lens,0.4507,0.294,0.2552,H,A,0
2022-04-16,SerieA,Fiorentina,Venezia,0.6437,0.2198,0.1365,H,H,1
2022-04-17,EPL,Newcastle,Leicester,0.8033,0.1322,0.0644,H,H,1
2022-04-17,EPL,West Ham,Burnley,0.5059,0.2435,0.2506,H,D,0
2022-04-17,Ligue1,Lyon,Bordeaux,0.6255,0.2076,0.1669,H,H,1
2022-04-17,Ligue1,Nantes,Angers,0.4322,0.3102,0.2576,H,D,0
2022-04-17,Ligue1,Montpellier,Reims,0.2093,0.321,0.4697,A,D,0
2022-04-17,Ligue1,Paris SG,Marseille,0.6191,0.1792,0.2015,H,H,1
2022-04-17,LaLiga,Sevilla,Real Madrid,0.1526,0.2033,0.6442,A,A,1
2022-04-17,LaLiga,Ath Bilbao,Celta,0.5505,0.2587,0.1908,H,A,0
2022-04-17,LaLiga,Ath Madrid,Espanol,0.6404,0.2236,0.136,H,H,1
2022-04-17,Bundesliga,Bielefeld,Bayern Munich,0.1084,0.1818,0.7097,A,A,1
2022-04-17,Bundesliga,Hoffenheim,Greuther Furth,0.4319,0.2587,0.3094,H,D,0
2022-04-17,Bundesliga,Union Berlin,Ein Frankfurt,0.2178,0.2406,0.5415,A,H,0
2022-04-17,Bundesliga,Leverkusen,RB Leipzig,0.5668,0.2181,0.2151,H,A,0
2022-04-17,Ligue1,Metz,Clermont,0.4618,0.279,0.2592,H,D,0
2022-04-17,Ligue1,Nice,Lorient,0.7054,0.1729,0.1217,H,H,1
2022-04-17,LaLiga,Granada,Levante,0.2302,0.2498,0.52,A,A,1
2022-04-17,Ligue1,Troyes,Strasbourg,0.1495,0.2051,0.6454,A,D,0
2022-04-18,SerieA,Napoli,Roma,0.3819,0.3209,0.2972,H,D,0
2022-04-18,SerieA,Atalanta,Verona,0.7714,0.1551,0.0734,H,A,0
2022-04-18,LaLiga,Barcelona,Cadiz,0.8529,0.1062,0.0407,H,A,0
2022-04-19,LaLiga,Villarreal,Valencia,0.5741,0.2194,0.2065,H,H,1
2022-04-19,LaLiga,Mallorca,Alaves,0.3258,0.3702,0.3039,D,H,0
2022-04-19,EPL,Liverpool,Man United,0.6698,0.1891,0.1411,H,H,1
2022-04-19,LaLiga,Betis,Elche,0.6296,0.2174,0.153,H,A,0
2022-04-20,EPL,Everton,Leicester,0.6349,0.2455,0.1195,H,D,0
2022-04-20,Ligue1,Strasbourg,Rennes,0.4595,0.2493,0.2912,H,H,1
2022-04-20,Ligue1,Marseille,Nantes,0.6413,0.1995,0.1592,H,H,1
2022-04-20,Ligue1,Lens,Montpellier,0.7094,0.2014,0.0892,H,H,1
2022-04-20,LaLiga,Celta,Getafe,0.4869,0.267,0.2461,H,A,0
2022-04-20,LaLiga,Ath Madrid,Granada,0.855,0.1009,0.0437,H,D,0
2022-04-20,EPL,Man City,Brighton,0.62,0.1993,0.1806,H,H,1
2022-04-20,EPL,Newcastle,Crystal Palace,0.5196,0.2325,0.2479,H,H,1
2022-04-20,Ligue1,Lorient,Metz,0.4371,0.2526,0.3103,H,H,1
2022-04-20,Ligue1,Bordeaux,St Etienne,0.4904,0.2392,0.2704,H,D,0
2022-04-20,EPL,Chelsea,Arsenal,0.2851,0.2818,0.433,A,A,1
2022-04-20,Ligue1,Monaco,Nice,0.4006,0.2469,0.3524,H,H,1
2022-04-20,Ligue1,Reims,Lille,0.198,0.3053,0.4967,A,H,0
2022-04-20,LaLiga,Osasuna,Real Madrid,0.1992,0.2257,0.575,A,A,1
2022-04-20,SerieA,Udinese,Salernitana,0.5445,0.2416,0.214,H,A,0
2022-04-20,Ligue1,Angers,Paris SG,0.0931,0.1655,0.7414,A,A,1
2022-04-20,Ligue1,Brest,Lyon,0.2972,0.2167,0.4861,A,H,0
2022-04-20,Ligue1,Troyes,Clermont,0.3839,0.2793,0.3368,H,A,0
2022-04-21,EPL,Burnley,Southampton,0.5892,0.2363,0.1745,H,H,1
2022-04-21,LaLiga,Sociedad,Barcelona,0.1242,0.1853,0.6904,A,A,1
2022-04-21,LaLiga,Cadiz,Ath Bilbao,0.1083,0.2833,0.6084,A,A,1
2022-04-21,LaLiga,Levante,Sevilla,0.4105,0.2825,0.307,H,A,0
2022-04-21,LaLiga,Espanol,Vallecano,0.3878,0.3161,0.296,H,A,0
2022-04-22,Bundesliga,Wolfsburg,Mainz,0.3205,0.2642,0.4154,A,H,0
2022-04-23,Ligue1,Lyon,Montpellier,0.8296,0.1171,0.053,H,H,1
2022-04-23,Bundesliga,Freiburg,M'gladbach,0.4258,0.2357,0.3385,H,D,0
2022-04-23,Bundesliga,Greuther Furth,Leverkusen,0.1678,0.2291,0.6031,A,A,1
2022-04-23,Ligue1,Paris SG,Lens,0.6533,0.1983,0.1483,H,D,0
2022-04-23,SerieA,Verona,Sampdoria,0.495,0.2813,0.2237,H,D,0
2022-04-23,SerieA,Inter,Roma,0.4564,0.2789,0.2647,H,H,1
2022-04-23,EPL,Norwich,Newcastle,0.1896,0.2389,0.5715,A,A,1
2022-04-23,EPL,Man City,Watford,0.687,0.2025,0.1106,H,H,1
2022-04-23,EPL,Leicester,Aston Villa,0.1276,0.2084,0.664,A,D,0
2022-04-23,EPL,Arsenal,Man United,0.658,0.2155,0.1265,H,H,1
2022-04-23,Bundesliga,Ein Frankfurt,Hoffenheim,0.6488,0.1809,0.1701,H,D,0
2022-04-23,Bundesliga,FC Koln,Bielefeld,0.2923,0.3162,0.3915,A,H,0
2022-04-23,Ligue1,St Etienne,Monaco,0.1488,0.17,0.6811,A,A,1
2022-04-23,SerieA,Venezia,Atalanta,0.1184,0.1999,0.6817,A,A,1
2022-04-23,SerieA,Torino,Spezia,0.5258,0.2891,0.1851,H,H,1
2022-04-23,EPL,Brentford,Tottenham,0.5562,0.2053,0.2385,H,D,0
2022-04-23,Bundesliga,RB Leipzig,Union Berlin,0.5582,0.2417,0.2,H,A,0
2022-04-23,Bundesliga,Bayern Munich,Dortmund,0.6315,0.1778,0.1906,H,H,1
2022-04-24,EPL,Brighton,Southampton,0.7975,0.1331,0.0692,H,D,0
2022-04-24,Bundesliga,Hertha,Stuttgart,0.164,0.179,0.6569,A,H,0
2022-04-24,EPL,Liverpool,Everton,0.5614,0.2464,0.1921,H,H,1
2022-04-24,Bundesliga,Bochum,Augsburg,0.3154,0.2987,0.3858,A,A,1
2022-04-24,LaLiga,Barcelona,Vallecano,0.7384,0.1646,0.097,H,A,0
2022-04-24,EPL,Burnley,Wolves,0.3106,0.2472,0.4421,A,H,0
2022-04-24,SerieA,Salernitana,Fiorentina,0.1209,0.1764,0.7026,A,H,0
2022-04-24,Ligue1,Rennes,Lorient,0.5931,0.2085,0.1984,H,H,1
2022-04-24,Ligue1,Lille,Strasbourg,0.4267,0.2809,0.2924,H,H,1
2022-04-24,Ligue1,Nice,Troyes,0.7964,0.1323,0.0711,H,H,1
2022-04-24,Ligue1,Clermont,Angers,0.3209,0.322,0.3571,A,D,0
2022-04-24,Ligue1,Nantes,Bordeaux,0.3925,0.2965,0.3109,H,H,1
2022-04-24,SerieA,Bologna,Udinese,0.5943,0.2292,0.1764,H,D,0
2022-04-24,EPL,Chelsea,West Ham,0.5894,0.2306,0.18,H,H,1
2022-04-24,Ligue1,Metz,Brest,0.2915,0.2412,0.4673,A,A,1
2022-04-24,Ligue1,Reims,Marseille,0.1916,0.2422,0.5662,A,A,1
2022-04-24,SerieA,Lazio,Milan,0.3683,0.2504,0.3812,A,A,1
2022-04-24,SerieA,Genoa,Cagliari,0.4374,0.2844,0.2782,H,H,1
2022-04-24,SerieA,Empoli,Napoli,0.1177,0.2309,0.6513,A,H,0
2022-04-25,SerieA,Sassuolo,Juventus,0.1414,0.2024,0.6562,A,A,1
2022-04-25,EPL,Crystal Palace,Leeds,0.6788,0.18,0.1412,H,D,0
2022-04-27,SerieA,Bologna,Inter,0.2361,0.2426,0.5213,A,H,0
2022-04-27,SerieA,Atalanta,Torino,0.643,0.2237,0.1333,H,D,0
2022-04-27,SerieA,Fiorentina,Udinese,0.6234,0.2186,0.158,H,A,0
2022-04-28,EPL,Man United,Chelsea,0.2584,0.2708,0.4708,A,D,0
2022-04-29,Bundesliga,Union Berlin,Greuther Furth,0.3771,0.307,0.3159,H,D,0
2022-04-29,Ligue1,Strasbourg,Paris SG,0.2363,0.2208,0.5428,A,D,0
2022-04-29,LaLiga,Sevilla,Cadiz,0.5135,0.2912,0.1954,H,D,0
2022-04-30,Ligue1,Lens,Nantes,0.4923,0.2855,0.2222,H,D,0
2022-04-30,SerieA,Spezia,Lazio,0.1573,0.2264,0.6163,A,A,1
2022-04-30,SerieA,Sampdoria,Genoa,0.1778,0.2564,0.5657,A,H,0
2022-04-30,SerieA,Napoli,Sassuolo,0.7737,0.1537,0.0725,H,H,1
2022-04-30,EPL,Newcastle,Liverpool,0.3607,0.2279,0.4114,A,A,1
2022-04-30,EPL,Aston Villa,Norwich,0.5763,0.2491,0.1746,H,H,1
2022-04-30,EPL,Southampton,Crystal Palace,0.1098,0.1957,0.6945,A,A,1
2022-04-30,EPL,Watford,Burnley,0.4511,0.277,0.2719,H,A,0
2022-04-30,EPL,Wolves,Brighton,0.3277,0.2298,0.4425,A,A,1
2022-04-30,SerieA,Cagliari,Verona,0.4814,0.2798,0.2388,H,A,0
2022-04-30,EPL,Leeds,Man City,0.0896,0.1415,0.7687,A,A,1
2022-04-30,Bundesliga,Hoffenheim,Freiburg,0.3616,0.2336,0.4048,A,A,1
2022-04-30,Bundesliga,Stuttgart,Wolfsburg,0.5529,0.2167,0.2304,H,D,0
2022-04-30,Bundesliga,Mainz,Bayern Munich,0.1936,0.2085,0.598,A,H,0
2022-04-30,Bundesliga,Dortmund,Bochum,0.7792,0.1357,0.0848,H,A,0
2022-04-30,Bundesliga,Bielefeld,Hertha,0.4952,0.2655,0.2393,H,D,0
2022-04-30,Bundesliga,Augsburg,FC Koln,0.4452,0.304,0.2507,H,A,0
2022-04-30,LaLiga,Alaves,Villarreal,0.2475,0.27,0.4825,A,H,0
2022-04-30,LaLiga,Real Madrid,Espanol,0.6693,0.2013,0.1293,H,H,1
2022-04-30,LaLiga,Valencia,Levante,0.4184,0.2855,0.296,H,D,0
2022-04-30,LaLiga,Ath Bilbao,Ath Madrid,0.3433,0.321,0.3357,H,H,1
2022-04-30,Ligue1,Rennes,St Etienne,0.6595,0.1776,0.1629,H,H,1
2022-05-01,SerieA,Empoli,Torino,0.2723,0.3149,0.4128,A,A,1
2022-05-01,SerieA,Juventus,Venezia,0.6407,0.2334,0.1259,H,H,1
2022-05-01,LaLiga,Elche,Osasuna,0.245,0.2787,0.4763,A,D,0
2022-05-01,EPL,Everton,Chelsea,0.3055,0.3135,0.381,A,H,0
2022-05-01,LaLiga,Vallecano,Sociedad,0.3893,0.3245,0.2862,H,D,0
2022-05-01,LaLiga,Barcelona,Mallorca,0.7385,0.1709,0.0906,H,H,1
2022-05-01,EPL,Tottenham,Leicester,0.6597,0.1943,0.1459,H,H,1
2022-05-01,EPL,West Ham,Arsenal,0.1541,0.2236,0.6222,A,A,1
2022-05-01,SerieA,Udinese,Inter,0.1152,0.1931,0.6917,A,A,1
2022-05-01,SerieA,Roma,Bologna,0.5117,0.2628,0.2255,H,D,0
2022-05-01,LaLiga,Granada,Celta,0.1701,0.1927,0.6372,A,D,0
2022-05-01,SerieA,Milan,Fiorentina,0.433,0.2461,0.3209,H,H,1
2022-05-01,Ligue1,Montpellier,Metz,0.2272,0.2747,0.4981,A,D,0
2022-05-01,Ligue1,Troyes,Lille,0.1326,0.2068,0.6606,A,H,0
2022-05-01,Ligue1,Marseille,Lyon,0.4622,0.2113,0.3266,H,A,0
2022-05-01,Ligue1,Bordeaux,Nice,0.1946,0.2404,0.565,A,A,1
2022-05-01,Ligue1,Brest,Clermont,0.6142,0.2175,0.1683,H,H,1
2022-05-01,Ligue1,Monaco,Angers,0.6723,0.2061,0.1216,H,H,1
2022-05-01,Ligue1,Lorient,Reims,0.3905,0.2967,0.3128,H,A,0
2022-05-02,Bundesliga,M'gladbach,RB Leipzig,0.3508,0.2348,0.4145,A,H,0
2022-05-02,Bundesliga,Leverkusen,Ein Frankfurt,0.5117,0.2249,0.2634,H,H,1
2022-05-02,SerieA,Atalanta,Salernitana,0.8667,0.0908,0.0418,H,D,0
2022-05-02,LaLiga,Getafe,Betis,0.2851,0.2812,0.4337,A,D,0
2022-05-02,EPL,Man United,Brentford,0.3133,0.2553,0.4314,A,H,0
2022-05-05,SerieA,Salernitana,Venezia,0.3108,0.2801,0.409,A,H,0
2022-05-06,Ligue1,Lille,Monaco,0.3839,0.2683,0.3478,H,A,0
2022-05-06,SerieA,Genoa,Juventus,0.2507,0.2929,0.4564,A,H,0
2022-05-06,SerieA,Inter,Empoli,0.8068,0.1345,0.0585,H,H,1
2022-05-06,LaLiga,Levante,Sociedad,0.4001,0.3063,0.2936,H,H,1
2022-05-06,Bundesliga,Bochum,Bielefeld,0.2959,0.3009,0.4031,A,H,0
2022-05-07,SerieA,Lazio,Sampdoria,0.7662,0.1541,0.0796,H,H,1
2022-05-07,EPL,Chelsea,Wolves,0.5834,0.2273,0.1893,H,D,0
2022-05-07,EPL,Brighton,Man United,0.5049,0.2359,0.2592,H,H,1
2022-05-07,EPL,Liverpool,Tottenham,0.7217,0.1507,0.1273,H,D,0
2022-05-07,Ligue1,Brest,Strasbourg,0.3212,0.2449,0.4339,A,A,1
2022-05-07,EPL,Brentford,Southampton,0.7983,0.1359,0.0656,H,H,1
2022-05-07,EPL,Burnley,Aston Villa,0.1982,0.227,0.5748,A,A,1
2022-05-07,EPL,Crystal Palace,Watford,0.5236,0.2647,0.2117,H,H,1
2022-05-07,LaLiga,Cadiz,Elche,0.3163,0.3415,0.3422,A,H,0
2022-05-07,Bundesliga,Hertha,Mainz,0.1881,0.2169,0.595,A,A,1
2022-05-07,Bundesliga,Hoffenheim,Leverkusen,0.1731,0.1829,0.6439,A,A,1
2022-05-07,Bundesliga,Greuther Furth,Dortmund,0.1852,0.2214,0.5934,A,A,1
2022-05-07,Bundesliga,Freiburg,Union Berlin,0.4863,0.2614,0.2523,H,A,0
2022-05-07,Bundesliga,FC Koln,Wolfsburg,0.2568,0.267,0.4762,A,A,1
2022-05-07,SerieA,Torino,Napoli,0.184,0.3077,0.5082,A,A,1
2022-05-07,LaLiga,Mallorca,Granada,0.5424,0.268,0.1896,H,A,0
2022-05-07,LaLiga,Ath Bilbao,Valencia,0.5563,0.2798,0.1639,H,D,0
2022-05-07,SerieA,Sassuolo,Udinese,0.3329,0.2592,0.4079,A,D,0
2022-05-07,LaLiga,Celta,Alaves,0.4593,0.2811,0.2596,H,H,1
2022-05-07,LaLiga,Betis,Barcelona,0.2032,0.1916,0.6052,A,A,1
2022-05-08,Ligue1,Lorient,Marseille,0.1868,0.1869,0.6262,A,A,1
2022-05-08,Ligue1,Reims,Lens,0.2452,0.327,0.4278,A,A,1
2022-05-08,Ligue1,Clermont,Montpellier,0.4852,0.2936,0.2212,H,H,1
2022-05-08,EPL,Man City,Newcastle,0.5053,0.2358,0.259,H,H,1
2022-05-08,Ligue1,Metz,Lyon,0.1868,0.2075,0.6057,A,H,0
2022-05-08,LaLiga,Ath Madrid,Real Madrid,0.4057,0.2571,0.3373,H,H,1
2022-05-08,Ligue1,Angers,Bordeaux,0.3255,0.3142,0.3603,A,H,0
2022-05-08,Ligue1,Paris SG,Troyes,0.9016,0.0659,0.03,H,D,0
2022-05-08,EPL,Leicester,Everton,0.1587,0.2763,0.565,A,A,1
2022-05-08,EPL,Norwich,West Ham,0.3475,0.29,0.3625,A,A,1
2022-05-08,Bundesliga,Ein Frankfurt,M'gladbach,0.5769,0.2038,0.2193,H,D,0
2022-05-08,EPL,Arsenal,Leeds,0.8319,0.1133,0.0545,H,H,1
2022-05-08,LaLiga,Espanol,Osasuna,0.3613,0.29,0.3487,H,D,0
2022-05-08,LaLiga,Villarreal,Sevilla,0.6277,0.2005,0.1718,H,D,0
2022-05-08,LaLiga,Getafe,Vallecano,0.3469,0.3379,0.3153,H,D,0
2022-05-08,SerieA,Verona,Milan,0.1587,0.227,0.6143,A,A,1
2022-05-08,SerieA,Salernitana,Cagliari,0.2513,0.2456,0.503,A,D,0
2022-05-08,SerieA,Venezia,Bologna,0.2034,0.258,0.5386,A,H,0
2022-05-08,SerieA,Spezia,Atalanta,0.0827,0.1581,0.7592,A,A,1
2022-05-08,Bundesliga,RB Leipzig,Augsburg,0.5394,0.2581,0.2025,H,H,1
2022-05-08,Bundesliga,Bayern Munich,Stuttgart,0.6952,0.16,0.1446,H,D,0
2022-05-09,SerieA,Fiorentina,Roma,0.313,0.2809,0.4061,A,H,0
2022-05-10,LaLiga,Granada,Ath Bilbao,0.0936,0.198,0.7084,A,H,0
2022-05-10,EPL,Aston Villa,Liverpool,0.2996,0.2368,0.4635,A,A,1
2022-05-10,LaLiga,Valencia,Betis,0.3346,0.2589,0.4065,A,A,1
2022-05-10,LaLiga,Barcelona,Celta,0.7335,0.1461,0.1202,H,H,1
2022-05-11,LaLiga,Elche,Ath Madrid,0.1074,0.2021,0.6905,A,A,1
2022-05-11,EPL,Wolves,Man City,0.1751,0.2127,0.6122,A,A,1
2022-05-11,LaLiga,Alaves,Espanol,0.3493,0.3374,0.3133,H,H,1
2022-05-11,LaLiga,Osasuna,Getafe,0.4417,0.2987,0.2596,H,D,0
2022-05-11,LaLiga,Sevilla,Mallorca,0.3783,0.3178,0.3039,H,D,0
2022-05-11,EPL,Leicester,Norwich,0.2514,0.2991,0.4495,A,H,0
2022-05-11,EPL,Leeds,Chelsea,0.1465,0.1904,0.6631,A,A,1
2022-05-11,EPL,Watford,Everton,0.2671,0.3316,0.4014,A,D,0
2022-05-11,Ligue1,Nantes,Rennes,0.2923,0.2645,0.4433,A,H,0
2022-05-11,Ligue1,Nice,St Etienne,0.7681,0.1379,0.0937,H,H,1
2022-05-12,EPL,Tottenham,Arsenal,0.1637,0.2028,0.6335,A,H,0
2022-05-12,LaLiga,Real Madrid,Levante,0.694,0.1876,0.1184,H,H,1
2022-05-12,LaLiga,Vallecano,Villarreal,0.2493,0.2534,0.4973,A,A,1
2022-05-12,LaLiga,Sociedad,Cadiz,0.4814,0.3218,0.1968,H,H,1
2022-05-14,Ligue1,Monaco,Brest,0.6005,0.2005,0.199,H,H,1
2022-05-14,Ligue1,Nice,Lille,0.4371,0.2714,0.2915,H,A,0
2022-05-14,Ligue1,Rennes,Marseille,0.3323,0.2215,0.4462,A,H,0
2022-05-14,Ligue1,St Etienne,Reims,0.3633,0.2794,0.3574,H,A,0
2022-05-14,Ligue1,Strasbourg,Clermont,0.6717,0.2091,0.1192,H,H,1
2022-05-14,Ligue1,Montpellier,Paris SG,0.0322,0.082,0.885,A,A,1
2022-05-14,Ligue1,Metz,Angers,0.3942,0.3002,0.3056,H,H,1
2022-05-14,Bundesliga,Bielefeld,RB Leipzig,0.2784,0.2846,0.437,A,D,0
2022-05-14,Ligue1,Troyes,Lens,0.1786,0.2391,0.5823,A,A,1
2022-05-14,Ligue1,Bordeaux,Lorient,0.4327,0.2626,0.3047,H,D,0
2022-05-14,SerieA,Roma,Venezia,0.685,0.2158,0.0992,H,D,0
2022-05-14,SerieA,Verona,Torino,0.2663,0.3295,0.4042,A,A,1
2022-05-14,SerieA,Udinese,Spezia,0.498,0.2741,0.2279,H,A,0
2022-05-14,SerieA,Empoli,Salernitana,0.4747,0.2604,0.2649,H,D,0
2022-05-14,Ligue1,Lyon,Nantes,0.6136,0.2141,0.1723,H,H,1
2022-05-14,Bundesliga,Augsburg,Greuther Furth,0.3696,0.3234,0.307,H,H,1
2022-05-14,LaLiga,Espanol,Valencia,0.3784,0.2948,0.3268,H,D,0
2022-05-14,Bundesliga,Dortmund,Hertha,0.8039,0.1171,0.0784,H,H,1
2022-05-14,Bundesliga,Mainz,Ein Frankfurt,0.3748,0.2547,0.3704,H,D,0
2022-05-14,Bundesliga,M'gladbach,Hoffenheim,0.5105,0.2087,0.2808,H,H,1
2022-05-14,Bundesliga,Stuttgart,FC Koln,0.697,0.1809,0.1221,H,H,1
2022-05-14,Bundesliga,Union Berlin,Bochum,0.4695,0.2734,0.2571,H,H,1
2022-05-14,Bundesliga,Wolfsburg,Bayern Munich,0.1299,0.168,0.7021,A,D,0
2022-05-14,Bundesliga,Leverkusen,Freiburg,0.6392,0.1972,0.1636,H,H,1
2022-05-15,SerieA,Bologna,Sassuolo,0.7055,0.1721,0.1224,H,A,0
2022-05-15,SerieA,Napoli,Genoa,0.5804,0.2679,0.1517,H,H,1
2022-05-15,SerieA,Milan,Atalanta,0.3183,0.2405,0.4412,A,H,0
2022-05-15,SerieA,Cagliari,Inter,0.1309,0.1983,0.6708,A,A,1
2022-05-15,EPL,Tottenham,Burnley,0.5572,0.2122,0.2306,H,H,1
2022-05-15,EPL,Leeds,Brighton,0.1946,0.1858,0.6195,A,D,0
2022-05-15,EPL,Watford,Leicester,0.5399,0.2743,0.1857,H,A,0
2022-05-15,EPL,West Ham,Man City,0.1665,0.2155,0.618,A,D,0
2022-05-15,EPL,Aston Villa,Crystal Palace,0.447,0.2583,0.2946,H,D,0
2022-05-15,EPL,Everton,Brentford,0.3662,0.2885,0.3453,H,A,0
2022-05-15,LaLiga,Villarreal,Sociedad,0.608,0.2209,0.1711,H,A,0
2022-05-15,LaLiga,Ath Bilbao,Osasuna,0.5428,0.2808,0.1764,H,H,1
2022-05-15,LaLiga,Mallorca,Vallecano,0.337,0.3492,0.3138,D,H,0
2022-05-15,LaLiga,Levante,Alaves,0.3654,0.3297,0.3049,H,H,1
2022-05-15,LaLiga,Ath Madrid,Sevilla,0.6928,0.1924,0.1148,H,D,0
2022-05-15,LaLiga,Betis,Granada,0.7425,0.154,0.1034,H,H,1
2022-05-15,LaLiga,Cadiz,Real Madrid,0.0831,0.1828,0.7341,A,D,0
2022-05-15,EPL,Wolves,Norwich,0.4573,0.2732,0.2695,H,D,0
2022-05-15,LaLiga,Celta,Elche,0.6061,0.2227,0.1712,H,H,1
2022-05-15,LaLiga,Getafe,Barcelona,0.1295,0.197,0.6735,A,D,0
2022-05-16,EPL,Newcastle,Arsenal,0.3072,0.2596,0.4331,A,H,0
2022-05-16,SerieA,Juventus,Lazio,0.4576,0.2692,0.2732,H,D,0
2022-05-16,SerieA,Sampdoria,Fiorentina,0.0996,0.1728,0.7276,A,H,0
2022-05-17,EPL,Southampton,Liverpool,0.0456,0.1038,0.8502,A,A,1
2022-05-19,EPL,Chelsea,Leicester,0.7554,0.167,0.0776,H,D,0
2022-05-19,EPL,Aston Villa,Burnley,0.6571,0.1988,0.1442,H,D,0
2022-05-19,EPL,Everton,Crystal Palace,0.3726,0.3046,0.3228,H,H,1
2022-05-20,SerieA,Torino,Roma,0.1922,0.3002,0.5076,A,A,1
2022-05-20,LaLiga,Vallecano,Levante,0.3792,0.3106,0.3102,H,A,0
2022-05-20,LaLiga,Real Madrid,Betis,0.6251,0.198,0.1768,H,D,0
2022-05-21,LaLiga,Valencia,Celta,0.3662,0.2552,0.3786,A,H,0
2022-05-21,SerieA,Atalanta,Empoli,0.7866,0.1425,0.0708,H,A,0
2022-05-21,SerieA,Fiorentina,Juventus,0.3739,0.2755,0.3505,H,H,1
2022-05-21,SerieA,Lazio,Verona,0.6338,0.2255,0.1408,H,D,0
2022-05-21,Ligue1,Angers,Montpellier,0.5278,0.291,0.1812,H,H,1
2022-05-21,Ligue1,Clermont,Lyon,0.1406,0.198,0.6614,A,A,1
2022-05-21,Ligue1,Lens,Monaco,0.3113,0.2695,0.4192,A,D,0
2022-05-21,Ligue1,Lorient,Troyes,0.5411,0.227,0.2319,H,D,0
2022-05-21,Ligue1,Marseille,Strasbourg,0.477,0.2307,0.2923,H,H,1
2022-05-21,Ligue1,Nantes,St Etienne,0.4947,0.2415,0.2638,H,D,0
2022-05-21,Ligue1,Paris SG,Metz,0.8356,0.1068,0.0571,H,H,1
2022-05-21,Ligue1,Reims,Nice,0.1761,0.2657,0.5582,A,A,1
2022-05-21,SerieA,Genoa,Bologna,0.3003,0.2796,0.4201,A,A,1
2022-05-21,Ligue1,Brest,Bordeaux,0.4916,0.2459,0.2625,H,A,0
2022-05-21,Ligue1,Lille,Rennes,0.4839,0.2569,0.2591,H,D,0
2022-05-22,SerieA,Venezia,Cagliari,0.3224,0.2938,0.3838,A,D,0
2022-05-22,LaLiga,Granada,Espanol,0.2164,0.2511,0.5324,A,D,0
2022-05-22,LaLiga,Osasuna,Mallorca,0.4381,0.3082,0.2537,H,A,0
2022-05-22,LaLiga,Barcelona,Villarreal,0.6335,0.1768,0.1895,H,A,0
2022-05-22,LaLiga,Sevilla,Ath Bilbao,0.1835,0.2859,0.5306,A,H,0
2022-05-22,LaLiga,Sociedad,Ath Madrid,0.1583,0.2474,0.5943,A,A,1
2022-05-22,EPL,Burnley,Newcastle,0.1563,0.1915,0.6521,A,A,1
2022-05-22,SerieA,Salernitana,Udinese,0.2787,0.2595,0.4618,A,A,1
2022-05-22,SerieA,Sassuolo,Milan,0.1426,0.1787,0.6786,A,A,1
2022-05-22,LaLiga,Alaves,Cadiz,0.4797,0.3401,0.1803,H,A,0
2022-05-22,SerieA,Inter,Sampdoria,0.8913,0.0802,0.0278,H,H,1
2022-05-22,EPL,Norwich,Tottenham,0.3384,0.2615,0.4,A,A,1
2022-05-22,EPL,Man City,Aston Villa,0.5482,0.2382,0.2136,H,H,1
2022-05-22,EPL,Liverpool,Wolves,0.7057,0.1657,0.1285,H,H,1
2022-05-22,EPL,Leicester,Southampton,0.451,0.2928,0.2561,H,H,1
2022-05-22,EPL,Crystal Palace,Man United,0.4834,0.2609,0.2558,H,H,1
2022-05-22,EPL,Arsenal,Everton,0.5527,0.2795,0.1678,H,H,1
2022-05-22,EPL,Brentford,Leeds,0.7163,0.1581,0.1254,H,A,0
2022-05-22,EPL,Brighton,West Ham,0.5446,0.2194,0.236,H,H,1
2022-05-22,SerieA,Spezia,Napoli,0.0966,0.2124,0.691,A,A,1
2022-05-22,LaLiga,Elche,Getafe,0.2872,0.326,0.3868,A,H,0
2022-05-22,EPL,Chelsea,Watford,0.5852,0.251,0.1637,H,H,1
2022-08-05,EPL,Crystal Palace,Arsenal,0.2272,0.2581,0.5147,A,A,1
2022-08-05,Ligue1,Lyon,Ajaccio,0.8691,0.0982,0.0325,H,H,1
2022-08-05,Bundesliga,Ein Frankfurt,Bayern Munich,0.2221,0.2017,0.5762,A,A,1
2022-08-06,Bundesliga,Augsburg,Freiburg,0.3177,0.2879,0.3944,A,A,1
2022-08-06,EPL,Bournemouth,Aston Villa,0.3716,0.2712,0.3571,H,H,1
2022-08-06,EPL,Newcastle,Nott'm Forest,0.52,0.2339,0.246,H,H,1
2022-08-06,Ligue1,Clermont,Paris SG,0.0646,0.1261,0.809,A,A,1
2022-08-06,Bundesliga,M'gladbach,Hoffenheim,0.5105,0.2087,0.2808,H,H,1
2022-08-06,Bundesliga,Union Berlin,Hertha,0.4863,0.2524,0.2613,H,H,1
2022-08-06,Bundesliga,Wolfsburg,Werder Bremen,0.385,0.251,0.3639,H,D,0
2022-08-06,Bundesliga,Dortmund,Leverkusen,0.4004,0.224,0.3756,H,H,1
2022-08-06,EPL,Tottenham,Southampton,0.728,0.1671,0.1048,H,H,1
2022-08-06,EPL,Leeds,Wolves,0.2798,0.2253,0.4949,A,H,0
2022-08-06,EPL,Everton,Chelsea,0.3055,0.3135,0.381,A,A,1
2022-08-06,Ligue1,Strasbourg,Monaco,0.3568,0.2551,0.3881,A,A,1
2022-08-06,Bundesliga,Bochum,Mainz,0.1892,0.2379,0.5729,A,A,1
2022-08-06,EPL,Fulham,Liverpool,0.226,0.2166,0.5574,A,D,0
2022-08-07,Ligue1,Rennes,Lorient,0.5931,0.2085,0.1984,H,A,0
2022-08-07,Ligue1,Montpellier,Troyes,0.2986,0.2803,0.4211,A,H,0
2022-08-07,Ligue1,Lille,Auxerre,0.5051,0.2628,0.232,H,H,1
2022-08-07,EPL,Leicester,Brentford,0.1351,0.1984,0.6665,A,D,0
2022-08-07,EPL,Man United,Brighton,0.3346,0.2474,0.418,A,A,1
2022-08-07,EPL,West Ham,Man City,0.1665,0.2155,0.618,A,A,1
2022-08-07,Ligue1,Marseille,Reims,0.6449,0.2138,0.1413,H,H,1
2022-08-07,Ligue1,Angers,Nantes,0.3179,0.3185,0.3636,A,D,0
2022-08-07,Ligue1,Toulouse,Nice,0.2788,0.2594,0.4618,A,D,0
2022-08-07,Bundesliga,Stuttgart,RB Leipzig,0.4752,0.228,0.2968,H,D,0
2022-08-07,Bundesliga,FC Koln,Schalke 04,0.4086,0.2715,0.3198,H,H,1
2022-08-07,Ligue1,Lens,Brest,0.462,0.2565,0.2815,H,H,1
2022-08-12,Ligue1,Nantes,Lille,0.2256,0.2822,0.4922,A,D,0
2022-08-12,LaLiga,Osasuna,Sevilla,0.4681,0.2652,0.2667,H,H,1
2022-08-12,Bundesliga,Freiburg,Dortmund,0.2493,0.2154,0.5353,A,A,1
2022-08-13,Bundesliga,Hertha,Ein Frankfurt,0.157,0.1839,0.659,A,D,0
2022-08-13,Bundesliga,Hoffenheim,Bochum,0.5376,0.2238,0.2386,H,H,1
2022-08-13,Bundesliga,Leverkusen,Augsburg,0.6752,0.2026,0.1222,H,A,0
2022-08-13,Bundesliga,Werder Bremen,Stuttgart,0.3372,0.2293,0.4335,A,D,0
2022-08-13,Bundesliga,Schalke 04,M'gladbach,0.2523,0.2193,0.5284,A,D,0
2022-08-13,EPL,Aston Villa,Everton,0.4248,0.3003,0.275,H,H,1
2022-08-13,EPL,Arsenal,Leicester,0.8341,0.1224,0.0433,H,H,1
2022-08-13,EPL,Brighton,Newcastle,0.3268,0.2234,0.4499,A,D,0
2022-08-13,EPL,Wolves,Fulham,0.3626,0.2527,0.3847,A,D,0
2022-08-13,EPL,Southampton,Leeds,0.2603,0.2487,0.491,A,D,0
2022-08-13,Ligue1,Paris SG,Montpellier,0.9232,0.056,0.0187,H,H,1
2022-08-13,Ligue1,Monaco,Rennes,0.5346,0.2228,0.2425,H,D,0
2022-08-13,LaLiga,Celta,Espanol,0.465,0.2571,0.2779,H,D,0
2022-08-13,LaLiga,Valladolid,Villarreal,0.0535,0.1031,0.8428,A,A,1
2022-08-13,LaLiga,Barcelona,Vallecano,0.7384,0.1646,0.097,H,D,0
2022-08-13,EPL,Man City,Bournemouth,0.5741,0.2354,0.1904,H,H,1
2022-08-13,SerieA,Monza,Torino,0.2029,0.2971,0.5,A,A,1
2022-08-13,SerieA,Lecce,Inter,0.0898,0.1963,0.7139,A,A,1
2022-08-13,Bundesliga,RB Leipzig,FC Koln,0.632,0.2176,0.1505,H,D,0
2022-08-13,SerieA,Sampdoria,Atalanta,0.0548,0.1184,0.8266,A,A,1
2022-08-13,SerieA,Milan,Udinese,0.6476,0.2047,0.1477,H,H,1
2022-08-13,EPL,Brentford,Man United,0.516,0.2416,0.2424,H,H,1
2022-08-14,Ligue1,Nice,Strasbourg,0.4832,0.252,0.2648,H,D,0
2022-08-14,Bundesliga,Bayern Munich,Wolfsburg,0.7785,0.1345,0.0867,H,H,1
2022-08-14,Bundesliga,Mainz,Union Berlin,0.5618,0.2497,0.1885,H,D,0
2022-08-14,EPL,Chelsea,Tottenham,0.597,0.2102,0.1928,H,D,0
2022-08-14,SerieA,Salernitana,Roma,0.0855,0.1676,0.7469,A,A,1
2022-08-14,SerieA,Spezia,Empoli,0.342,0.297,0.361,A,H,0
2022-08-14,Ligue1,Ajaccio,Lens,0.0823,0.2213,0.6964,A,D,0
2022-08-14,EPL,Nott'm Forest,West Ham,0.5169,0.2463,0.2369,H,H,1
2022-08-14,Ligue1,Brest,Marseille,0.2799,0.207,0.5131,A,D,0
2022-08-14,LaLiga,Almeria,Real Madrid,0.1203,0.1586,0.721,A,A,1
2022-08-14,Ligue1,Reims,Clermont,0.4387,0.3247,0.2366,H,A,0
2022-08-14,LaLiga,Cadiz,Sociedad,0.2458,0.339,0.4152,A,A,1
2022-08-14,LaLiga,Valencia,Girona,0.4591,0.2587,0.2822,H,H,1
2022-08-14,Ligue1,Auxerre,Angers,0.5308,0.2686,0.2006,H,D,0
2022-08-14,SerieA,Lazio,Bologna,0.408,0.257,0.335,H,H,1
2022-08-14,SerieA,Fiorentina,Cremonese,0.7319,0.166,0.1021,H,H,1
2022-08-14,Ligue1,Troyes,Toulouse,0.192,0.2319,0.576,A,A,1
2022-08-15,SerieA,Juventus,Sassuolo,0.7315,0.1693,0.0992,H,H,1
2022-08-15,SerieA,Verona,Napoli,0.1186,0.246,0.6354,A,A,1
2022-08-15,LaLiga,Ath Bilbao,Mallorca,0.5501,0.3112,0.1387,H,D,0
2022-08-15,LaLiga,Getafe,Ath Madrid,0.1623,0.2599,0.5778,A,A,1
2022-08-15,LaLiga,Betis,Elche,0.6296,0.2174,0.153,H,H,1
2022-08-15,EPL,Liverpool,Crystal Palace,0.5965,0.2078,0.1957,H,D,0
2022-08-19,Ligue1,Lyon,Troyes,0.7857,0.1313,0.0827,H,H,1
2022-08-19,Bundesliga,M'gladbach,Hertha,0.6203,0.1913,0.1883,H,H,1
2022-08-19,LaLiga,Sevilla,Valladolid,0.7093,0.1831,0.1076,H,D,0
2022-08-19,LaLiga,Espanol,Vallecano,0.3878,0.3161,0.296,H,A,0
2022-08-20,EPL,Leicester,Southampton,0.451,0.2928,0.2561,H,A,0
2022-08-20,LaLiga,Mallorca,Betis,0.2787,0.2901,0.4312,A,A,1
2022-08-20,LaLiga,Osasuna,Cadiz,0.5758,0.2679,0.1563,H,H,1
2022-08-20,EPL,Bournemouth,Arsenal,0.231,0.2679,0.5011,A,A,1
2022-08-20,EPL,Tottenham,Wolves,0.4392,0.2286,0.3322,H,H,1
2022-08-20,EPL,Crystal Palace,Aston Villa,0.37,0.2637,0.3663,H,H,1
2022-08-20,EPL,Everton,Nott'm Forest,0.3731,0.3069,0.3201,H,D,0
2022-08-20,EPL,Fulham,Brentford,0.3559,0.2457,0.3983,A,H,0
2022-08-20,Ligue1,Monaco,Lens,0.4999,0.2565,0.2436,H,A,0
2022-08-20,Ligue1,Marseille,Nantes,0.6413,0.1995,0.1592,H,H,1
2022-08-20,LaLiga,Celta,Real Madrid,0.2155,0.2094,0.5752,A,A,1
2022-08-20,SerieA,Torino,Lazio,0.2814,0.2956,0.423,A,D,0
2022-08-20,SerieA,Inter,Spezia,0.8387,0.116,0.0451,H,H,1
2022-08-20,SerieA,Sassuolo,Lecce,0.3877,0.2887,0.3236,H,H,1
2022-08-20,Bundesliga,Augsburg,Mainz,0.2458,0.2873,0.4669,A,A,1
2022-08-20,Bundesliga,Union Berlin,RB Leipzig,0.2616,0.2616,0.4768,A,H,0
2022-08-20,Bundesliga,Wolfsburg,Schalke 04,0.5929,0.2175,0.1896,H,D,0
2022-08-20,Bundesliga,Stuttgart,Freiburg,0.5525,0.2152,0.2323,H,A,0
2022-08-20,Bundesliga,Leverkusen,Hoffenheim,0.7295,0.1518,0.1185,H,A,0
2022-08-20,Bundesliga,Dortmund,Werder Bremen,0.6022,0.1955,0.2023,H,A,0
2022-08-20,SerieA,Udinese,Salernitana,0.5445,0.2416,0.214,H,D,0
2022-08-21,SerieA,Empoli,Fiorentina,0.1684,0.2282,0.6034,A,D,0
2022-08-21,SerieA,Atalanta,Milan,0.5301,0.2264,0.2435,H,D,0
2022-08-21,SerieA,Bologna,Verona,0.6389,0.2224,0.1386,H,D,0
2022-08-21,LaLiga,Ath Bilbao,Valencia,0.5563,0.2798,0.1639,H,H,1
2022-08-21,SerieA,Napoli,Monza,0.7927,0.1534,0.0539,H,H,1
2022-08-21,LaLiga,Sociedad,Barcelona,0.1242,0.1853,0.6904,A,A,1
2022-08-21,Bundesliga,Ein Frankfurt,FC Koln,0.6956,0.1867,0.1176,H,D,0
2022-08-21,Ligue1,Lille,Paris SG,0.2661,0.2415,0.4924,A,A,1
2022-08-21,Ligue1,Rennes,Ajaccio,0.8069,0.1414,0.0517,H,H,1
2022-08-21,Ligue1,Toulouse,Lorient,0.5502,0.2346,0.2152,H,D,0
2022-08-21,Ligue1,Montpellier,Auxerre,0.1371,0.2236,0.6393,A,A,1
2022-08-21,Ligue1,Clermont,Nice,0.1211,0.2022,0.6767,A,H,0
2022-08-21,Ligue1,Angers,Brest,0.2758,0.2676,0.4565,A,A,1
2022-08-21,LaLiga,Ath Madrid,Villarreal,0.5392,0.2251,0.2357,H,A,0
2022-08-21,Ligue1,Strasbourg,Reims,0.5543,0.2738,0.1718,H,D,0
2022-08-21,EPL,Newcastle,Man City,0.3343,0.2473,0.4183,A,D,0
2022-08-21,EPL,West Ham,Brighton,0.3111,0.2349,0.4541,A,A,1
2022-08-21,EPL,Leeds,Chelsea,0.1465,0.1904,0.6631,A,H,0
2022-08-21,Bundesliga,Bochum,Bayern Munich,0.0568,0.1078,0.8349,A,A,1
2022-08-22,EPL,Man United,Liverpool,0.196,0.2178,0.5862,A,H,0
2022-08-22,SerieA,Sampdoria,Juventus,0.0929,0.1841,0.7229,A,D,0
2022-08-22,LaLiga,Elche,Almeria,0.3442,0.2639,0.3919,A,D,0
2022-08-22,SerieA,Roma,Cremonese,0.7708,0.1569,0.0722,H,H,1
2022-08-22,LaLiga,Girona,Getafe,0.3845,0.2924,0.3231,H,H,1
2022-08-26,Bundesliga,Freiburg,Bochum,0.578,0.2291,0.1929,H,H,1
2022-08-26,Ligue1,Ajaccio,Lille,0.0591,0.1812,0.7597,A,A,1
2022-08-26,SerieA,Monza,Udinese,0.2496,0.2802,0.4702,A,A,1
2022-08-26,LaLiga,Girona,Celta,0.3201,0.2357,0.4441,A,A,1
2022-08-26,LaLiga,Betis,Osasuna,0.4703,0.2475,0.2822,H,H,1
2022-08-26,SerieA,Lazio,Inter,0.2333,0.2432,0.5235,A,H,0
2022-08-27,SerieA,Cremonese,Torino,0.2544,0.2905,0.4551,A,A,1
2022-08-27,Bundesliga,Hertha,Dortmund,0.1211,0.1504,0.7283,A,A,1
2022-08-27,Bundesliga,Hoffenheim,Augsburg,0.4298,0.2627,0.3075,H,H,1
2022-08-27,Bundesliga,Mainz,Leverkusen,0.3001,0.2505,0.4494,A,A,1
2022-08-27,Bundesliga,RB Leipzig,Wolfsburg,0.4896,0.2437,0.2667,H,H,1
2022-08-27,Bundesliga,Schalke 04,Union Berlin,0.324,0.2701,0.4059,A,A,1
2022-08-27,Bundesliga,Bayern Munich,M'gladbach,0.8036,0.1157,0.08,H,D,0
2022-08-27,Ligue1,Lens,Rennes,0.4048,0.271,0.3242,H,H,1
2022-08-27,Ligue1,Auxerre,Strasbourg,0.3314,0.2664,0.4022,A,H,0
2022-08-27,EPL,Arsenal,Fulham,0.6393,0.2155,0.1451,H,H,1
2022-08-27,EPL,Man City,Crystal Palace,0.589,0.2254,0.1856,H,H,1
2022-08-27,EPL,Liverpool,Bournemouth,0.5817,0.2171,0.2012,H,H,1
2022-08-27,EPL,Chelsea,Leicester,0.7554,0.167,0.0776,H,H,1
2022-08-27,EPL,Brighton,Leeds,0.7093,0.1563,0.1342,H,H,1
2022-08-27,EPL,Brentford,Everton,0.4189,0.2847,0.2964,H,D,0
2022-08-27,EPL,Southampton,Man United,0.1544,0.2413,0.6043,A,A,1
2022-08-27,LaLiga,Almeria,Sevilla,0.376,0.2485,0.3754,H,H,1
2022-08-27,LaLiga,Vallecano,Mallorca,0.3745,0.3464,0.2791,H,A,0
2022-08-27,LaLiga,Elche,Sociedad,0.2951,0.3163,0.3885,A,A,1
2022-08-27,SerieA,Spezia,Sassuolo,0.3693,0.2664,0.3643,H,D,0
2022-08-27,SerieA,Milan,Bologna,0.4636,0.2429,0.2934,H,H,1
2022-08-27,SerieA,Juventus,Roma,0.3279,0.3044,0.3677,A,D,0
2022-08-28,Ligue1,Nantes,Toulouse,0.3024,0.2883,0.4093,A,H,0
2022-08-28,Ligue1,Brest,Montpellier,0.726,0.1733,0.1007,H,A,0
2022-08-28,Ligue1,Lorient,Clermont,0.4997,0.2572,0.2431,H,H,1
2022-08-28,EPL,Aston Villa,West Ham,0.56,0.2344,0.2056,H,A,0
2022-08-28,Ligue1,Reims,Lyon,0.2038,0.2564,0.5399,A,D,0
2022-08-28,Ligue1,Paris SG,Monaco,0.5875,0.199,0.2135,H,D,0
2022-08-28,EPL,Nott'm Forest,Tottenham,0.5174,0.2254,0.2572,H,A,0
2022-08-28,EPL,Wolves,Newcastle,0.2362,0.2218,0.5419,A,D,0
2022-08-28,Ligue1,Troyes,Angers,0.3216,0.291,0.3874,A,H,0
2022-08-28,Ligue1,Nice,Marseille,0.4605,0.2261,0.3134,H,A,0
2022-08-28,SerieA,Fiorentina,Napoli,0.2992,0.2888,0.412,A,D,0
2022-08-28,Bundesliga,Werder Bremen,Ein Frankfurt,0.3205,0.2372,0.4423,A,A,1
2022-08-28,LaLiga,Espanol,Real Madrid,0.1777,0.2314,0.5909,A,A,1
2022-08-28,LaLiga,Barcelona,Valladolid,0.9514,0.0278,0.009,H,H,1
2022-08-28,LaLiga,Getafe,Villarreal,0.2334,0.2555,0.511,A,D,0
2022-08-28,SerieA,Salernitana,Sampdoria,0.4596,0.2579,0.2825,H,H,1
2022-08-28,SerieA,Verona,Atalanta,0.1064,0.19,0.7036,A,A,1
2022-08-28,SerieA,Lecce,Empoli,0.3634,0.3226,0.314,H,D,0
2022-08-28,Bundesliga,FC Koln,Stuttgart,0.1715,0.2118,0.6167,A,D,0
2022-08-29,LaLiga,Valencia,Ath Madrid,0.1893,0.2441,0.5666,A,A,1
2022-08-29,LaLiga,Cadiz,Ath Bilbao,0.1083,0.2833,0.6084,A,A,1
2022-08-30,SerieA,Roma,Monza,0.7964,0.1484,0.0552,H,H,1
2022-08-30,EPL,Crystal Palace,Brentford,0.3992,0.248,0.3529,H,D,0
2022-08-30,EPL,Southampton,Chelsea,0.0804,0.1731,0.7465,A,H,0
2022-08-30,EPL,Leeds,Everton,0.2093,0.2537,0.5371,A,D,0
2022-08-30,EPL,Fulham,Brighton,0.3801,0.237,0.3829,A,H,0
2022-08-30,SerieA,Inter,Cremonese,0.8503,0.1043,0.0451,H,H,1
2022-08-30,SerieA,Sassuolo,Milan,0.1426,0.1787,0.6786,A,D,0
2022-08-31,SerieA,Napoli,Lecce,0.6865,0.2267,0.0867,H,D,0
2022-08-31,Ligue1,Monaco,Troyes,0.7933,0.1313,0.0752,H,A,0
2022-08-31,Ligue1,Lyon,Auxerre,0.5406,0.2222,0.2372,H,H,1
2022-08-31,Ligue1,Angers,Reims,0.3311,0.3523,0.3166,D,A,0
2022-08-31,Ligue1,Lens,Lorient,0.5582,0.242,0.1999,H,H,1
2022-08-31,SerieA,Juventus,Spezia,0.7177,0.1907,0.0916,H,H,1
2022-08-31,SerieA,Empoli,Verona,0.3824,0.3064,0.3112,H,D,0
2022-08-31,Ligue1,Lille,Nice,0.3635,0.2766,0.3599,H,A,0
2022-08-31,Ligue1,Montpellier,Ajaccio,0.446,0.3333,0.2207,H,H,1
2022-08-31,SerieA,Sampdoria,Lazio,0.1156,0.1885,0.6958,A,D,0
2022-08-31,Ligue1,Marseille,Clermont,0.7634,0.1488,0.0877,H,H,1
2022-08-31,Ligue1,Toulouse,Paris SG,0.1858,0.2063,0.6079,A,A,1
2022-08-31,EPL,Liverpool,Newcastle,0.5047,0.2183,0.277,H,H,1
2022-08-31,Ligue1,Rennes,Brest,0.4858,0.2255,0.2886,H,H,1
2022-08-31,EPL,West Ham,Tottenham,0.4,0.2371,0.3629,H,D,0
2022-08-31,EPL,Man City,Nott'm Forest,0.5889,0.2268,0.1843,H,H,1
2022-08-31,Ligue1,Strasbourg,Nantes,0.5513,0.254,0.1947,H,D,0
2022-08-31,EPL,Bournemouth,Wolves,0.5117,0.2459,0.2424,H,D,0
2022-08-31,EPL,Arsenal,Aston Villa,0.5554,0.2476,0.197,H,H,1
2022-08-31,SerieA,Udinese,Fiorentina,0.2126,0.2448,0.5426,A,H,0
2022-09-01,SerieA,Bologna,Salernitana,0.75,0.1552,0.0947,H,D,0
2022-09-01,EPL,Leicester,Man United,0.2008,0.2624,0.5369,A,A,1
2022-09-01,SerieA,Atalanta,Torino,0.643,0.2237,0.1333,H,H,1
2022-09-02,LaLiga,Celta,Cadiz,0.6305,0.2287,0.1408,H,H,1
2022-09-02,Bundesliga,Dortmund,Hoffenheim,0.7197,0.1487,0.1314,H,H,1
2022-09-03,LaLiga,Mallorca,Girona,0.3835,0.3018,0.3147,H,D,0
2022-09-03,LaLiga,Real Madrid,Betis,0.6251,0.198,0.1768,H,H,1
2022-09-03,LaLiga,Sociedad,Ath Madrid,0.1583,0.2474,0.5943,A,D,0
2022-09-03,EPL,Newcastle,Crystal Palace,0.5196,0.2325,0.2479,H,D,0
2022-09-03,SerieA,Milan,Inter,0.2732,0.2437,0.4831,A,H,0
2022-09-03,SerieA,Lazio,Napoli,0.2727,0.2867,0.4406,A,A,1
2022-09-03,LaLiga,Sevilla,Barcelona,0.1216,0.1653,0.7131,A,A,1
2022-09-03,EPL,Nott'm Forest,Bournemouth,0.3948,0.2714,0.3338,H,A,0
2022-09-03,EPL,Everton,Liverpool,0.2509,0.2673,0.4818,A,D,0
2022-09-03,EPL,Brentford,Leeds,0.7163,0.1581,0.1254,H,H,1
2022-09-03,EPL,Chelsea,West Ham,0.5894,0.2306,0.18,H,H,1
2022-09-03,EPL,Tottenham,Fulham,0.3795,0.2354,0.3851,A,H,0
2022-09-03,SerieA,Fiorentina,Juventus,0.3739,0.2755,0.3505,H,D,0
2022-09-03,EPL,Wolves,Southampton,0.6935,0.1922,0.1143,H,H,1
2022-09-03,Ligue1,Lyon,Angers,0.663,0.2038,0.1332,H,H,1
2022-09-03,Ligue1,Auxerre,Marseille,0.2961,0.2279,0.476,A,A,1
2022-09-03,Bundesliga,Wolfsburg,FC Koln,0.5562,0.2469,0.1969,H,A,0
2022-09-03,Bundesliga,Union Berlin,Bayern Munich,0.0913,0.1519,0.7567,A,D,0
2022-09-03,Bundesliga,Stuttgart,Schalke 04,0.7378,0.1518,0.1103,H,D,0
2022-09-03,Bundesliga,Leverkusen,Freiburg,0.6392,0.1972,0.1636,H,A,0
2022-09-03,EPL,Aston Villa,Man City,0.279,0.2562,0.4648,A,D,0
2022-09-03,Bundesliga,Bochum,Werder Bremen,0.2329,0.2383,0.5288,A,A,1
2022-09-03,Bundesliga,Ein Frankfurt,RB Leipzig,0.4824,0.2352,0.2823,H,H,1
2022-09-03,Ligue1,Nantes,Paris SG,0.1229,0.1788,0.6982,A,A,1
2022-09-04,Bundesliga,Augsburg,Hertha,0.4765,0.2663,0.2571,H,A,0
2022-09-04,Bundesliga,M'gladbach,Mainz,0.3289,0.2443,0.4269,A,A,1
2022-09-04,Ligue1,Brest,Strasbourg,0.3212,0.2449,0.4339,A,D,0
2022-09-04,SerieA,Cremonese,Sassuolo,0.4001,0.2477,0.3523,H,D,0
2022-09-04,SerieA,Spezia,Bologna,0.155,0.2235,0.6215,A,D,0
2022-09-04,SerieA,Verona,Sampdoria,0.495,0.2813,0.2237,H,H,1
2022-09-04,SerieA,Udinese,Roma,0.1553,0.2461,0.5986,A,H,0
2022-09-04,Ligue1,Montpellier,Lille,0.09,0.1985,0.7115,A,A,1
2022-09-04,Ligue1,Clermont,Toulouse,0.2031,0.2658,0.5311,A,H,0
2022-09-04,LaLiga,Ath Bilbao,Espanol,0.5514,0.2902,0.1584,H,A,0
2022-09-04,Ligue1,Nice,Monaco,0.4368,0.2445,0.3187,H,A,0
2022-09-04,Ligue1,Troyes,Rennes,0.1755,0.2044,0.6202,A,D,0
2022-09-04,Ligue1,Reims,Lens,0.2452,0.327,0.4278,A,D,0
2022-09-04,LaLiga,Osasuna,Vallecano,0.4295,0.2944,0.2761,H,H,1
2022-09-04,Ligue1,Ajaccio,Lorient,0.1423,0.2423,0.6154,A,A,1
2022-09-04,EPL,Brighton,Leicester,0.738,0.1619,0.1,H,H,1
2022-09-04,LaLiga,Valencia,Getafe,0.4172,0.3079,0.2749,H,H,1
2022-09-04,LaLiga,Villarreal,Elche,0.7104,0.1771,0.1125,H,H,1
2022-09-04,EPL,Man United,Arsenal,0.1716,0.2458,0.5826,A,H,0
2022-09-05,SerieA,Salernitana,Empoli,0.3355,0.27,0.3945,A,D,0
2022-09-05,SerieA,Monza,Atalanta,0.0639,0.1357,0.8002,A,A,1
2022-09-05,LaLiga,Valladolid,Almeria,0.1714,0.2001,0.6284,A,H,0
2022-09-05,SerieA,Torino,Lecce,0.4627,0.3305,0.2068,H,H,1
2022-09-07,Ligue1,Lorient,Lyon,0.2024,0.1999,0.5977,A,H,0
2022-09-09,LaLiga,Girona,Valladolid,0.7231,0.1702,0.1067,H,H,1
2022-09-09,Ligue1,Lens,Troyes,0.6597,0.2093,0.131,H,H,1
2022-09-09,Bundesliga,Werder Bremen,Augsburg,0.5027,0.2649,0.2324,H,A,0
2022-09-10,Bundesliga,Hertha,Leverkusen,0.1097,0.154,0.7361,A,D,0
2022-09-10,Bundesliga,RB Leipzig,Dortmund,0.3172,0.2262,0.4566,A,H,0
2022-09-10,Bundesliga,Hoffenheim,Mainz,0.2724,0.2325,0.4951,A,H,0
2022-09-10,Bundesliga,Ein Frankfurt,Wolfsburg,0.5574,0.223,0.2196,H,A,0
2022-09-10,Bundesliga,Bayern Munich,Stuttgart,0.6952,0.16,0.1446,H,D,0
2022-09-10,Bundesliga,Schalke 04,Bochum,0.4047,0.2596,0.3357,H,H,1
2022-09-10,SerieA,Sampdoria,Milan,0.0908,0.158,0.7511,A,A,1
2022-09-10,Ligue1,Marseille,Lille,0.4295,0.2475,0.323,H,H,1
2022-09-10,SerieA,Napoli,Spezia,0.7551,0.1765,0.0684,H,H,1
2022-09-10,Ligue1,Paris SG,Brest,0.7606,0.1354,0.1036,H,H,1
2022-09-10,LaLiga,Vallecano,Valencia,0.3579,0.3063,0.3358,H,H,1
2022-09-10,LaLiga,Espanol,Sevilla,0.4232,0.2866,0.2902,H,A,0
2022-09-10,LaLiga,Cadiz,Barcelona,0.0629,0.1396,0.7974,A,A,1
2022-09-10,SerieA,Inter,Torino,0.669,0.218,0.1129,H,H,1
2022-09-10,LaLiga,Ath Madrid,Celta,0.6364,0.2014,0.1622,H,H,1
2022-09-11,LaLiga,Getafe,Sociedad,0.3684,0.3339,0.2976,H,H,1
2022-09-11,SerieA,Atalanta,Cremonese,0.8322,0.1122,0.0553,H,D,0
2022-09-11,Ligue1,Strasbourg,Clermont,0.6717,0.2091,0.1192,H,D,0
2022-09-11,Ligue1,Ajaccio,Nice,0.0447,0.135,0.8202,A,A,1
2022-09-11,Ligue1,Angers,Montpellier,0.5278,0.291,0.1812,H,H,1
2022-09-11,Ligue1,Lorient,Nantes,0.3714,0.2702,0.3584,H,H,1
2022-09-11,Ligue1,Toulouse,Reims,0.4923,0.298,0.2098,H,H,1
2022-09-11,Ligue1,Rennes,Auxerre,0.4505,0.2473,0.3022,H,H,1
2022-09-11,LaLiga,Betis,Villarreal,0.356,0.2269,0.4171,A,H,0
2022-09-11,Ligue1,Monaco,Lyon,0.4608,0.2261,0.313,H,H,1
2022-09-11,SerieA,Lecce,Monza,0.4478,0.313,0.2392,H,D,0
2022-09-11,SerieA,Sassuolo,Udinese,0.3329,0.2592,0.4079,A,A,1
2022-09-11,SerieA,Lazio,Verona,0.6338,0.2255,0.1408,H,H,1
2022-09-11,Bundesliga,Freiburg,M'gladbach,0.4258,0.2357,0.3385,H,D,0
2022-09-11,SerieA,Juventus,Salernitana,0.7708,0.1522,0.0769,H,D,0
2022-09-11,LaLiga,Real Madrid,Mallorca,0.6719,0.2139,0.1142,H,H,1
2022-09-11,LaLiga,Elche,Ath Bilbao,0.1299,0.2716,0.5985,A,A,1
2022-09-11,SerieA,Bologna,Fiorentina,0.3833,0.2564,0.3603,H,H,1
2022-09-11,Bundesliga,FC Koln,Union Berlin,0.3198,0.2978,0.3824,A,A,1
2022-09-12,SerieA,Empoli,Roma,0.1222,0.2253,0.6524,A,A,1
2022-09-12,LaLiga,Almeria,Osasuna,0.3082,0.2434,0.4484,A,A,1
2022-09-16,EPL,Nott'm Forest,Fulham,0.4505,0.2565,0.2929,H,A,0
2022-09-16,Ligue1,Auxerre,Lorient,0.544,0.2302,0.2258,H,A,0
2022-09-16,EPL,Aston Villa,Southampton,0.7912,0.1453,0.0635,H,H,1
2022-09-16,Bundesliga,Mainz,Hertha,0.6774,0.1875,0.135,H,D,0
2022-09-16,SerieA,Salernitana,Lecce,0.3326,0.2971,0.3704,A,A,1
2022-09-16,LaLiga,Valladolid,Cadiz,0.2583,0.3074,0.4343,A,A,1
2022-09-17,Bundesliga,Leverkusen,Werder Bremen,0.6166,0.2013,0.1821,H,D,0
2022-09-17,Bundesliga,Augsburg,Bayern Munich,0.0969,0.1683,0.7347,A,H,0
2022-09-17,LaLiga,Barcelona,Elche,0.8458,0.105,0.0489,H,H,1
2022-09-17,Bundesliga,Stuttgart,Ein Frankfurt,0.4161,0.2271,0.3568,H,A,0
2022-09-17,LaLiga,Valencia,Celta,0.3662,0.2552,0.3786,A,H,0
2022-09-17,LaLiga,Ath Bilbao,Vallecano,0.5518,0.298,0.1501,H,H,1
2022-09-17,Ligue1,Montpellier,Strasbourg,0.1008,0.1963,0.7029,A,H,0
2022-09-17,Ligue1,Lille,Toulouse,0.4835,0.275,0.2415,H,H,1
2022-09-17,LaLiga,Mallorca,Almeria,0.4251,0.2827,0.2922,H,H,1
2022-09-17,Bundesliga,M'gladbach,RB Leipzig,0.3508,0.2348,0.4145,A,H,0
2022-09-17,Bundesliga,Dortmund,Schalke 04,0.8002,0.1213,0.0781,H,H,1
2022-09-17,EPL,Wolves,Man City,0.1751,0.2127,0.6122,A,A,1
2022-09-17,EPL,Newcastle,Bournemouth,0.5062,0.2412,0.2526,H,D,0
2022-09-17,EPL,Tottenham,Leicester,0.6597,0.1943,0.1459,H,H,1
2022-09-17,SerieA,Torino,Sassuolo,0.5284,0.2614,0.2102,H,A,0
2022-09-17,SerieA,Spezia,Sampdoria,0.4582,0.2808,0.261,H,H,1
2022-09-17,SerieA,Bologna,Empoli,0.6531,0.2093,0.1375,H,A,0
2022-09-18,Bundesliga,Bochum,FC Koln,0.3918,0.2854,0.3228,H,D,0
2022-09-18,Ligue1,Clermont,Troyes,0.4118,0.2773,0.3109,H,A,0
2022-09-18,Ligue1,Marseille,Rennes,0.5417,0.2078,0.2505,H,D,0
2022-09-18,Ligue1,Nice,Angers,0.6762,0.2087,0.1151,H,A,0
2022-09-18,Ligue1,Nantes,Lens,0.2807,0.3004,0.4189,A,D,0
2022-09-18,Ligue1,Lyon,Paris SG,0.2622,0.2033,0.5344,A,A,1
2022-09-18,EPL,Brentford,Arsenal,0.2418,0.2465,0.5117,A,A,1
2022-09-18,LaLiga,Ath Madrid,Real Madrid,0.4057,0.2571,0.3373,H,A,0
2022-09-18,LaLiga,Sociedad,Espanol,0.3406,0.316,0.3433,A,H,0
2022-09-18,LaLiga,Betis,Girona,0.5632,0.2183,0.2184,H,H,1
2022-09-18,LaLiga,Osasuna,Getafe,0.4417,0.2987,0.2596,H,A,0
2022-09-18,Bundesliga,Hoffenheim,Freiburg,0.3616,0.2336,0.4048,A,D,0
2022-09-18,EPL,Everton,West Ham,0.4703,0.2904,0.2394,H,H,1
2022-09-18,SerieA,Udinese,Inter,0.1152,0.1931,0.6917,A,H,0
2022-09-18,SerieA,Cremonese,Lazio,0.1671,0.2127,0.6202,A,A,1
2022-09-18,SerieA,Fiorentina,Verona,0.6661,0.2104,0.1235,H,H,1
2022-09-18,SerieA,Monza,Juventus,0.1038,0.2031,0.6931,A,H,0
2022-09-18,Ligue1,Brest,Ajaccio,0.783,0.153,0.064,H,A,0
2022-09-18,SerieA,Roma,Atalanta,0.3787,0.2769,0.3444,H,A,0
2022-09-18,SerieA,Milan,Napoli,0.314,0.2817,0.4043,A,A,1
2022-09-18,Bundesliga,Union Berlin,Wolfsburg,0.3218,0.2755,0.4027,A,H,0
2022-09-18,LaLiga,Villarreal,Sevilla,0.6277,0.2005,0.1718,H,D,0
2022-09-18,Ligue1,Reims,Monaco,0.1862,0.2615,0.5523,A,A,1
2022-09-30,Bundesliga,Bayern Munich,Leverkusen,0.5797,0.2013,0.219,H,H,1
2022-09-30,LaLiga,Ath Bilbao,Almeria,0.6783,0.206,0.1157,H,H,1
2022-09-30,Ligue1,Angers,Marseille,0.1698,0.2188,0.6114,A,A,1
2022-10-01,Ligue1,Strasbourg,Rennes,0.4595,0.2493,0.2912,H,A,0
2022-10-01,EPL,Arsenal,Tottenham,0.7137,0.1712,0.1151,H,H,1
2022-10-01,EPL,Bournemouth,Brentford,0.4009,0.2548,0.3442,H,D,0
2022-10-01,EPL,Crystal Palace,Chelsea,0.3314,0.27,0.3986,A,A,1
2022-10-01,EPL,Fulham,Newcastle,0.2818,0.2377,0.4805,A,A,1
2022-10-01,EPL,Liverpool,Brighton,0.6261,0.184,0.1899,H,D,0
2022-10-01,EPL,Southampton,Everton,0.1223,0.252,0.6257,A,A,1
2022-10-01,EPL,West Ham,Wolves,0.3984,0.2544,0.3471,H,H,1
2022-10-01,SerieA,Napoli,Torino,0.5768,0.2808,0.1424,H,H,1
2022-10-01,SerieA,Inter,Roma,0.4564,0.2789,0.2647,H,A,0
2022-10-01,SerieA,Empoli,Milan,0.1581,0.2144,0.6275,A,A,1
2022-10-01,Bundesliga,Wolfsburg,Stuttgart,0.3049,0.233,0.462,A,H,0
2022-10-01,Bundesliga,Werder Bremen,M'gladbach,0.4605,0.2279,0.3116,H,H,1
2022-10-01,Bundesliga,FC Koln,Dortmund,0.1316,0.1833,0.6851,A,H,0
2022-10-01,Bundesliga,Ein Frankfurt,Union Berlin,0.6238,0.2148,0.1614,H,H,1
2022-10-01,Bundesliga,RB Leipzig,Bochum,0.6506,0.2026,0.1467,H,H,1
2022-10-01,LaLiga,Getafe,Valladolid,0.6649,0.22,0.1151,H,A,0
2022-10-01,Ligue1,Paris SG,Nice,0.5599,0.211,0.2291,H,H,1
2022-10-01,Bundesliga,Freiburg,Mainz,0.3234,0.2621,0.4145,A,H,0
2022-10-01,LaLiga,Mallorca,Barcelona,0.1289,0.2048,0.6663,A,A,1
2022-10-01,LaLiga,Cadiz,Villarreal,0.1303,0.2135,0.6562,A,D,0
2022-10-01,LaLiga,Sevilla,Ath Madrid,0.1594,0.2241,0.6165,A,A,1
2022-10-02,Bundesliga,Schalke 04,Augsburg,0.3163,0.2844,0.3993,A,A,1
2022-10-02,LaLiga,Espanol,Valencia,0.3784,0.2948,0.3268,H,D,0
2022-10-02,LaLiga,Celta,Betis,0.3942,0.2335,0.3723,H,H,1
2022-10-02,SerieA,Juventus,Bologna,0.4553,0.2683,0.2763,H,H,1
2022-10-02,SerieA,Atalanta,Fiorentina,0.5382,0.2303,0.2315,H,H,1
2022-10-02,Ligue1,Lorient,Lille,0.2028,0.2393,0.5579,A,H,0
2022-10-02,SerieA,Lecce,Cremonese,0.4017,0.3009,0.2974,H,D,0
2022-10-02,SerieA,Lazio,Spezia,0.6919,0.1945,0.1135,H,H,1
2022-10-02,LaLiga,Girona,Sociedad,0.3954,0.283,0.3216,H,A,0
2022-10-02,LaLiga,Real Madrid,Osasuna,0.6577,0.1975,0.1448,H,D,0
2022-10-02,EPL,Leeds,Aston Villa,0.1697,0.1968,0.6335,A,D,0
2022-10-02,EPL,Man City,Man United,0.6568,0.2072,0.136,H,H,1
2022-10-02,SerieA,Sassuolo,Salernitana,0.4852,0.2342,0.2806,H,H,1
2022-10-02,SerieA,Sampdoria,Monza,0.3719,0.2902,0.3378,H,A,0
2022-10-02,Bundesliga,Hertha,Hoffenheim,0.3188,0.2212,0.46,A,D,0
2022-10-02,Ligue1,Ajaccio,Clermont,0.1966,0.3176,0.4858,A,A,1
2022-10-02,Ligue1,Auxerre,Brest,0.44,0.2411,0.3189,H,D,0
2022-10-02,Ligue1,Toulouse,Montpellier,0.711,0.1943,0.0947,H,H,1
2022-10-02,Ligue1,Troyes,Reims,0.292,0.3022,0.4058,A,D,0
2022-10-02,Ligue1,Lens,Lyon,0.34,0.2602,0.3998,A,H,0
2022-10-02,Ligue1,Monaco,Nantes,0.6264,0.2166,0.1569,H,H,1
2022-10-03,SerieA,Verona,Udinese,0.3256,0.3032,0.3712,A,A,1
2022-10-03,EPL,Leicester,Nott'm Forest,0.1501,0.2255,0.6244,A,H,0
2022-10-03,LaLiga,Vallecano,Elche,0.4786,0.3017,0.2197,H,H,1
2022-10-07,Bundesliga,Hoffenheim,Werder Bremen,0.3339,0.227,0.4391,A,A,1
2022-10-07,Ligue1,Lyon,Toulouse,0.5176,0.2333,0.2491,H,D,0
2022-10-07,LaLiga,Osasuna,Valencia,0.4199,0.2758,0.3043,H,A,0
2022-10-08,Ligue1,Reims,Paris SG,0.1104,0.1925,0.6971,A,D,0
2022-10-08,Ligue1,Marseille,Ajaccio,0.8882,0.0838,0.0275,H,A,0
2022-10-08,EPL,Bournemouth,Leicester,0.6978,0.1964,0.1058,H,H,1
2022-10-08,LaLiga,Almeria,Vallecano,0.3469,0.2714,0.3817,A,H,0
2022-10-08,LaLiga,Ath Madrid,Girona,0.7178,0.1741,0.108,H,H,1
2022-10-08,LaLiga,Sevilla,Ath Bilbao,0.1835,0.2859,0.5306,A,D,0
2022-10-08,LaLiga,Getafe,Real Madrid,0.1573,0.237,0.6057,A,A,1
2022-10-08,SerieA,Sassuolo,Inter,0.0727,0.1314,0.7957,A,A,1
2022-10-08,EPL,Chelsea,Wolves,0.5834,0.2273,0.1893,H,H,1
2022-10-08,SerieA,Milan,Juventus,0.3922,0.2672,0.3407,H,H,1
2022-10-08,EPL,Man City,Southampton,0.8804,0.0894,0.0298,H,H,1
2022-10-08,EPL,Newcastle,Brentford,0.5133,0.2224,0.2643,H,H,1
2022-10-08,EPL,Brighton,Tottenham,0.5427,0.2013,0.256,H,A,0
2022-10-08,Bundesliga,Dortmund,Bayern Munich,0.2658,0.2004,0.5337,A,D,0
2022-10-08,Bundesliga,Mainz,RB Leipzig,0.4272,0.2591,0.3137,H,D,0
2022-10-08,Bundesliga,Leverkusen,Schalke 04,0.8033,0.1249,0.0715,H,H,1
2022-10-08,Bundesliga,Bochum,Ein Frankfurt,0.1607,0.2037,0.6356,A,H,0
2022-10-08,Bundesliga,Augsburg,Wolfsburg,0.3187,0.2906,0.3907,A,D,0
2022-10-08,SerieA,Bologna,Sampdoria,0.7711,0.151,0.0779,H,D,0
2022-10-09,SerieA,Torino,Empoli,0.4833,0.2998,0.2169,H,D,0
2022-10-09,Bundesliga,Hertha,Freiburg,0.258,0.231,0.5111,A,D,0
2022-10-09,Ligue1,Lille,Lens,0.4507,0.294,0.2552,H,H,1
2022-10-09,Ligue1,Rennes,Nantes,0.5251,0.2486,0.2263,H,H,1
2022-10-09,Ligue1,Clermont,Auxerre,0.2128,0.2603,0.5269,A,H,0
2022-10-09,SerieA,Roma,Lecce,0.6899,0.2204,0.0897,H,H,1
2022-10-09,SerieA,Cremonese,Napoli,0.1008,0.1968,0.7024,A,A,1
2022-10-09,SerieA,Udinese,Atalanta,0.1373,0.1999,0.6628,A,D,0
2022-10-09,Ligue1,Montpellier,Monaco,0.0741,0.1524,0.7735,A,A,1
2022-10-09,Ligue1,Angers,Strasbourg,0.2026,0.2741,0.5233,A,A,1
2022-10-09,Ligue1,Brest,Lorient,0.5451,0.215,0.24,H,A,0
2022-10-09,SerieA,Salernitana,Verona,0.3326,0.2825,0.3849,A,H,0
2022-10-09,SerieA,Monza,Spezia,0.341,0.2996,0.3594,A,H,0
2022-10-09,Ligue1,Nice,Troyes,0.7964,0.1323,0.0711,H,H,1
2022-10-09,Bundesliga,Stuttgart,Union Berlin,0.6229,0.2086,0.1685,H,A,0
2022-10-09,Bundesliga,M'gladbach,FC Koln,0.5824,0.2237,0.1938,H,H,1
2022-10-09,LaLiga,Barcelona,Celta,0.7335,0.1461,0.1202,H,H,1
2022-10-09,LaLiga,Valladolid,Betis,0.0826,0.1432,0.7741,A,D,0
2022-10-09,EPL,Everton,Man United,0.4357,0.3084,0.2558,H,A,0
2022-10-09,EPL,Arsenal,Liverpool,0.4569,0.25,0.2931,H,H,1
2022-10-09,EPL,West Ham,Fulham,0.345,0.2595,0.3956,A,H,0
2022-10-09,LaLiga,Sociedad,Villarreal,0.2292,0.2453,0.5255,A,H,0
2022-10-09,LaLiga,Cadiz,Espanol,0.2213,0.321,0.4577,A,D,0
2022-10-09,EPL,Crystal Palace,Leeds,0.6788,0.18,0.1412,H,H,1
2022-10-10,SerieA,Fiorentina,Lazio,0.4453,0.2532,0.3016,H,A,0
2022-10-10,EPL,Nott'm Forest,Aston Villa,0.3668,0.2657,0.3675,A,D,0
2022-10-10,LaLiga,Elche,Mallorca,0.2869,0.3375,0.3756,A,D,0
2022-10-14,EPL,Brentford,Brighton,0.4551,0.2229,0.322,H,H,1
2022-10-14,Ligue1,Strasbourg,Lille,0.3625,0.2855,0.3521,H,A,0
2022-10-14,LaLiga,Vallecano,Getafe,0.3777,0.3356,0.2867,H,D,0
2022-10-14,Bundesliga,Schalke 04,Hoffenheim,0.3104,0.2269,0.4628,A,A,1
2022-10-15,Bundesliga,Werder Bremen,Mainz,0.3518,0.2581,0.3901,A,A,1
2022-10-15,Bundesliga,Wolfsburg,M'gladbach,0.4218,0.238,0.3402,H,D,0
2022-10-15,LaLiga,Girona,Cadiz,0.5244,0.2756,0.2,H,D,0
2022-10-15,LaLiga,Valencia,Elche,0.526,0.2702,0.2037,H,D,0
2022-10-15,LaLiga,Mallorca,Sevilla,0.3685,0.3185,0.313,H,A,0
2022-10-15,SerieA,Empoli,Monza,0.4816,0.2809,0.2375,H,H,1
2022-10-15,SerieA,Torino,Juventus,0.2333,0.3069,0.4598,A,A,1
2022-10-15,SerieA,Atalanta,Sassuolo,0.836,0.1068,0.0567,H,H,1
2022-10-15,Bundesliga,RB Leipzig,Hertha,0.6751,0.1821,0.1427,H,H,1
2022-10-15,LaLiga,Ath Bilbao,Ath Madrid,0.3433,0.321,0.3357,H,A,0
2022-10-15,EPL,Fulham,Bournemouth,0.3581,0.2677,0.3742,A,D,0
2022-10-15,EPL,Wolves,Nott'm Forest,0.3213,0.2548,0.4239,A,H,0
2022-10-15,EPL,Tottenham,Everton,0.3303,0.2749,0.3949,A,H,0
2022-10-15,Ligue1,Lens,Montpellier,0.7094,0.2014,0.0892,H,H,1
2022-10-15,Ligue1,Lorient,Reims,0.3905,0.2967,0.3128,H,D,0
2022-10-15,Bundesliga,Ein Frankfurt,Leverkusen,0.3426,0.2362,0.4212,A,H,0
2022-10-15,Bundesliga,Stuttgart,Bochum,0.716,0.1666,0.1173,H,H,1
2022-10-15,EPL,Leicester,Crystal Palace,0.1485,0.2223,0.6292,A,D,0
2022-10-16,Ligue1,Rennes,Lyon,0.3488,0.2296,0.4216,A,H,0
2022-10-16,Ligue1,Troyes,Ajaccio,0.5772,0.2625,0.1603,H,D,0
2022-10-16,Ligue1,Auxerre,Nice,0.2681,0.2488,0.4831,A,D,0
2022-10-16,EPL,Liverpool,Man City,0.4027,0.2415,0.3558,H,H,1
2022-10-16,Ligue1,Toulouse,Angers,0.5341,0.2744,0.1915,H,H,1
2022-10-16,LaLiga,Betis,Almeria,0.6166,0.1943,0.1891,H,H,1
2022-10-16,LaLiga,Espanol,Valladolid,0.7196,0.1848,0.0956,H,H,1
2022-10-16,LaLiga,Real Madrid,Barcelona,0.3857,0.2245,0.3897,A,H,0
2022-10-16,Ligue1,Nantes,Brest,0.3412,0.2606,0.3981,A,H,0
2022-10-16,Bundesliga,Union Berlin,Dortmund,0.1811,0.21,0.6089,A,H,0
2022-10-16,EPL,Aston Villa,Chelsea,0.3668,0.2721,0.3611,H,A,0
2022-10-16,SerieA,Inter,Salernitana,0.882,0.0834,0.0338,H,H,1
2022-10-16,SerieA,Lazio,Udinese,0.5891,0.232,0.1789,H,D,0
2022-10-16,SerieA,Spezia,Cremonese,0.3786,0.279,0.3424,H,D,0
2022-10-16,Ligue1,Paris SG,Marseille,0.6191,0.1792,0.2015,H,H,1
2022-10-16,SerieA,Napoli,Bologna,0.5151,0.2691,0.2158,H,H,1
2022-10-16,SerieA,Verona,Milan,0.1587,0.227,0.6143,A,A,1
2022-10-16,Ligue1,Monaco,Clermont,0.7445,0.166,0.0895,H,D,0
2022-10-16,EPL,Leeds,Arsenal,0.0839,0.1471,0.7688,A,A,1
2022-10-16,LaLiga,Celta,Sociedad,0.5009,0.2567,0.2424,H,A,0
2022-10-16,EPL,Man United,Newcastle,0.2462,0.2426,0.5112,A,D,0
2022-10-16,Bundesliga,Bayern Munich,Freiburg,0.7795,0.1333,0.087,H,H,1
2022-10-16,Bundesliga,FC Koln,Augsburg,0.3111,0.3137,0.3752,A,H,0
2022-10-16,EPL,Southampton,West Ham,0.1689,0.2379,0.5932,A,D,0
2022-10-17,SerieA,Lecce,Fiorentina,0.1654,0.2544,0.5802,A,D,0
2022-10-17,LaLiga,Villarreal,Osasuna,0.5547,0.2211,0.2242,H,H,1
2022-10-17,SerieA,Sampdoria,Roma,0.0711,0.1648,0.7641,A,A,1
2022-10-18,LaLiga,Sevilla,Valencia,0.3548,0.2801,0.3651,A,D,0
2022-10-18,LaLiga,Getafe,Ath Bilbao,0.1805,0.3266,0.4929,A,D,0
2022-10-18,LaLiga,Ath Madrid,Vallecano,0.6418,0.229,0.1292,H,D,0
2022-10-18,EPL,Brighton,Nott'm Forest,0.4238,0.2395,0.3367,H,D,0
2022-10-18,EPL,Crystal Palace,Wolves,0.5129,0.2396,0.2475,H,H,1
2022-10-19,LaLiga,Elche,Real Madrid,0.1004,0.1792,0.7203,A,A,1
2022-10-19,LaLiga,Sociedad,Mallorca,0.3565,0.3455,0.2979,H,H,1
2022-10-19,LaLiga,Valladolid,Celta,0.0945,0.1507,0.7547,A,H,0
2022-10-19,EPL,Newcastle,Everton,0.4915,0.2718,0.2367,H,H,1
2022-10-19,EPL,Liverpool,West Ham,0.7106,0.1672,0.1221,H,H,1
2022-10-19,EPL,Brentford,Chelsea,0.3544,0.256,0.3896,A,D,0
2022-10-19,EPL,Bournemouth,Southampton,0.7562,0.1674,0.0763,H,A,0
2022-10-19,EPL,Man United,Tottenham,0.4226,0.2454,0.332,H,H,1
2022-10-19,LaLiga,Cadiz,Betis,0.17,0.2532,0.5769,A,D,0
2022-10-20,LaLiga,Osasuna,Espanol,0.4221,0.2857,0.2921,H,H,1
2022-10-20,LaLiga,Barcelona,Villarreal,0.6335,0.1768,0.1895,H,H,1
2022-10-20,LaLiga,Almeria,Girona,0.3889,0.236,0.3751,H,H,1
2022-10-20,EPL,Fulham,Aston Villa,0.3299,0.2598,0.4103,A,H,0
2022-10-20,EPL,Leicester,Leeds,0.3288,0.2561,0.4151,A,H,0
2022-10-21,SerieA,Juventus,Empoli,0.6775,0.2095,0.113,H,H,1
2022-10-21,Bundesliga,Mainz,FC Koln,0.6328,0.2247,0.1424,H,H,1
2022-10-21,Ligue1,Ajaccio,Paris SG,0.0192,0.0663,0.9137,A,A,1
2022-10-22,SerieA,Salernitana,Spezia,0.3823,0.2731,0.3446,H,H,1
2022-10-22,EPL,Everton,Crystal Palace,0.3726,0.3046,0.3228,H,H,1
2022-10-22,EPL,Man City,Brighton,0.62,0.1993,0.1806,H,H,1
2022-10-22,EPL,Chelsea,Man United,0.55,0.2511,0.1989,H,D,0
2022-10-22,LaLiga,Valencia,Mallorca,0.414,0.3178,0.2683,H,A,0
2022-10-22,LaLiga,Valladolid,Sociedad,0.1582,0.2434,0.5983,A,H,0
2022-10-22,LaLiga,Vallecano,Cadiz,0.4998,0.3177,0.1824,H,H,1
2022-10-22,SerieA,Milan,Monza,0.7891,0.1412,0.0696,H,H,1
2022-10-22,Bundesliga,M'gladbach,Ein Frankfurt,0.2948,0.2221,0.4831,A,A,1
2022-10-22,Bundesliga,Leverkusen,Wolfsburg,0.6388,0.1987,0.1625,H,D,0
2022-10-22,Bundesliga,Hoffenheim,Bayern Munich,0.0887,0.1209,0.7897,A,A,1
2022-10-22,Bundesliga,Freiburg,Werder Bremen,0.3887,0.2488,0.3625,H,H,1
2022-10-22,Bundesliga,Dortmund,Stuttgart,0.5157,0.2049,0.2794,H,H,1
2022-10-22,Bundesliga,Augsburg,RB Leipzig,0.2615,0.2771,0.4614,A,D,0
2022-10-22,Ligue1,Marseille,Lens,0.5083,0.239,0.2527,H,A,0
2022-10-22,Ligue1,Montpellier,Lyon,0.081,0.1512,0.7677,A,A,1
2022-10-22,EPL,Nott'm Forest,Liverpool,0.2616,0.2306,0.5077,A,H,0
2022-10-22,LaLiga,Real Madrid,Sevilla,0.7219,0.1709,0.1072,H,H,1
2022-10-22,SerieA,Fiorentina,Inter,0.2599,0.2486,0.4915,A,A,1
2022-10-23,LaLiga,Espanol,Elche,0.5043,0.2856,0.2101,H,D,0
2022-10-23,Bundesliga,Hertha,Schalke 04,0.4298,0.2397,0.3304,H,H,1
2022-10-23,Bundesliga,Bochum,Union Berlin,0.3238,0.2836,0.3927,A,H,0
2022-10-23,SerieA,Roma,Napoli,0.3606,0.3225,0.3169,H,A,0
2022-10-23,EPL,Southampton,Arsenal,0.0453,0.1283,0.8263,A,D,0
2022-10-23,EPL,Leeds,Fulham,0.2331,0.2187,0.5482,A,A,1
2022-10-23,EPL,Aston Villa,Brentford,0.4393,0.246,0.3147,H,H,1
2022-10-23,SerieA,Atalanta,Lazio,0.5709,0.2231,0.2059,H,A,0
2022-10-23,SerieA,Bologna,Lecce,0.6271,0.2358,0.1371,H,H,1
2022-10-23,EPL,Tottenham,Newcastle,0.2426,0.2064,0.5509,A,A,1
2022-10-23,SerieA,Udinese,Torino,0.3233,0.3161,0.3606,A,A,1
2022-10-23,LaLiga,Villarreal,Almeria,0.7051,0.1583,0.1364,H,H,1
2022-10-23,LaLiga,Girona,Osasuna,0.3363,0.2601,0.4036,A,D,0
2022-10-23,LaLiga,Betis,Ath Madrid,0.2466,0.2399,0.5135,A,A,1
2022-10-23,Ligue1,Lille,Monaco,0.3839,0.2683,0.3478,H,H,1
2022-10-23,Ligue1,Nice,Nantes,0.6326,0.2192,0.1482,H,D,0
2022-10-23,Ligue1,Troyes,Lorient,0.3041,0.2428,0.4531,A,D,0
2022-10-23,Ligue1,Toulouse,Strasbourg,0.3408,0.2754,0.3838,A,D,0
2022-10-23,Ligue1,Reims,Auxerre,0.2769,0.3063,0.4167,A,H,0
2022-10-23,Ligue1,Clermont,Brest,0.2262,0.2424,0.5314,A,A,1
2022-10-23,Ligue1,Angers,Rennes,0.2346,0.2669,0.4986,A,A,1
2022-10-23,LaLiga,Barcelona,Ath Bilbao,0.4798,0.2662,0.2541,H,H,1
2022-10-23,EPL,Wolves,Leicester,0.6264,0.2185,0.1551,H,A,0
2022-10-24,SerieA,Cremonese,Sampdoria,0.4962,0.2561,0.2476,H,A,0
2022-10-24,SerieA,Sassuolo,Verona,0.3895,0.2752,0.3353,H,H,1
2022-10-24,EPL,West Ham,Bournemouth,0.2969,0.2653,0.4377,A,H,0
2022-10-24,LaLiga,Celta,Getafe,0.4869,0.267,0.2461,H,D,0
2022-10-28,Ligue1,Lens,Toulouse,0.4086,0.2911,0.3003,H,H,1
2022-10-28,LaLiga,Mallorca,Espanol,0.3309,0.337,0.3322,D,D,1
2022-10-28,Bundesliga,Werder Bremen,Hertha,0.6359,0.194,0.1701,H,H,1
2022-10-29,EPL,Newcastle,Aston Villa,0.4769,0.2411,0.282,H,H,1
2022-10-29,LaLiga,Almeria,Celta,0.2883,0.2184,0.4932,A,H,0
2022-10-29,LaLiga,Cadiz,Ath Madrid,0.0892,0.2077,0.7031,A,H,0
2022-10-29,LaLiga,Sevilla,Vallecano,0.3676,0.3016,0.3308,H,A,0
2022-10-29,LaLiga,Valencia,Barcelona,0.151,0.1874,0.6616,A,A,1
2022-10-29,Ligue1,Paris SG,Troyes,0.9016,0.0659,0.03,H,H,1
2022-10-29,EPL,Bournemouth,Tottenham,0.5211,0.2288,0.25,H,A,0
2022-10-29,EPL,Liverpool,Leeds,0.8487,0.0942,0.0559,H,A,0
2022-10-29,EPL,Brentford,Wolves,0.5469,0.2207,0.2324,H,D,0
2022-10-29,EPL,Brighton,Chelsea,0.3392,0.2456,0.4152,A,H,0
2022-10-29,EPL,Fulham,Everton,0.3558,0.3024,0.3418,H,D,0
2022-10-29,EPL,Crystal Palace,Southampton,0.7629,0.1608,0.0763,H,H,1
2022-10-29,Ligue1,Strasbourg,Marseille,0.3746,0.2377,0.3877,A,D,0
2022-10-29,Bundesliga,RB Leipzig,Leverkusen,0.2857,0.2365,0.4778,A,H,0
2022-10-29,Bundesliga,Bayern Munich,Mainz,0.6829,0.1793,0.1377,H,H,1
2022-10-29,Bundesliga,Stuttgart,Augsburg,0.6028,0.2245,0.1728,H,H,1
2022-10-29,Bundesliga,Wolfsburg,Bochum,0.5729,0.2323,0.1948,H,H,1
2022-10-29,Bundesliga,Ein Frankfurt,Dortmund,0.38,0.2235,0.3965,A,A,1
2022-10-29,SerieA,Inter,Sampdoria,0.8913,0.0802,0.0278,H,H,1
2022-10-29,SerieA,Lecce,Juventus,0.1516,0.27,0.5785,A,A,1
2022-10-29,SerieA,Napoli,Sassuolo,0.7737,0.1537,0.0725,H,H,1
2022-10-29,EPL,Leicester,Man City,0.0688,0.1493,0.7818,A,A,1
2022-10-30,SerieA,Lazio,Salernitana,0.745,0.1582,0.0968,H,A,0
2022-10-30,SerieA,Torino,Milan,0.2479,0.277,0.4751,A,H,0
2022-10-30,SerieA,Empoli,Atalanta,0.1043,0.1772,0.7185,A,A,1
2022-10-30,LaLiga,Osasuna,Valladolid,0.7696,0.1525,0.0779,H,H,1
2022-10-30,LaLiga,Real Madrid,Girona,0.7465,0.1536,0.0998,H,D,0
2022-10-30,Ligue1,Lyon,Lille,0.4064,0.2564,0.3371,H,H,1
2022-10-30,Ligue1,Lorient,Nice,0.1726,0.2039,0.6235,A,A,1
2022-10-30,Ligue1,Rennes,Montpellier,0.7572,0.1612,0.0816,H,H,1
2022-10-30,Ligue1,Nantes,Clermont,0.5006,0.2833,0.2161,H,D,0
2022-10-30,Ligue1,Monaco,Angers,0.6723,0.2061,0.1216,H,H,1
2022-10-30,Ligue1,Brest,Reims,0.4944,0.271,0.2346,H,D,0
2022-10-30,Ligue1,Auxerre,Ajaccio,0.7645,0.1716,0.0639,H,H,1
2022-10-30,LaLiga,Ath Bilbao,Villarreal,0.4635,0.2749,0.2616,H,H,1
2022-10-30,LaLiga,Sociedad,Betis,0.2824,0.2714,0.4462,A,A,1
2022-10-30,EPL,Man United,West Ham,0.4281,0.2694,0.3026,H,H,1
2022-10-30,EPL,Arsenal,Nott'm Forest,0.5941,0.2355,0.1704,H,H,1
2022-10-30,Bundesliga,FC Koln,Hoffenheim,0.3118,0.2509,0.4373,A,D,0
2022-10-30,Bundesliga,Schalke 04,Freiburg,0.2517,0.2367,0.5116,A,A,1
2022-10-30,Bundesliga,Union Berlin,M'gladbach,0.3272,0.2544,0.4184,A,H,0
2022-10-30,SerieA,Spezia,Fiorentina,0.1383,0.212,0.6497,A,A,1
2022-10-30,SerieA,Cremonese,Udinese,0.3129,0.2705,0.4166,A,D,0
2022-10-31,SerieA,Monza,Bologna,0.1263,0.2033,0.6704,A,A,1
2022-10-31,SerieA,Verona,Roma,0.1231,0.2399,0.6369,A,A,1
2022-10-31,LaLiga,Elche,Getafe,0.2872,0.326,0.3868,A,A,1
2022-11-04,LaLiga,Girona,Ath Bilbao,0.1799,0.2665,0.5536,A,H,0
2022-11-04,Ligue1,Troyes,Auxerre,0.2013,0.2277,0.5711,A,D,0
2022-11-04,Bundesliga,M'gladbach,Stuttgart,0.3102,0.2153,0.4745,A,H,0
2022-11-04,SerieA,Udinese,Lecce,0.4371,0.3093,0.2536,H,D,0
2022-11-05,LaLiga,Barcelona,Almeria,0.8538,0.0896,0.0549,H,H,1
2022-11-05,LaLiga,Celta,Osasuna,0.4419,0.2469,0.3112,H,A,0
2022-11-05,LaLiga,Valladolid,Elche,0.2212,0.2678,0.511,A,H,0
2022-11-05,Ligue1,Ajaccio,Strasbourg,0.0658,0.1782,0.7561,A,H,0
2022-11-05,LaLiga,Getafe,Cadiz,0.4759,0.3319,0.1922,H,D,0
2022-11-05,Ligue1,Angers,Lens,0.2281,0.3056,0.4663,A,A,1
2022-11-05,Bundesliga,Hoffenheim,RB Leipzig,0.2905,0.2249,0.4846,A,A,1
2022-11-05,Bundesliga,Dortmund,Bochum,0.7792,0.1357,0.0848,H,H,1
2022-11-05,EPL,Nott'm Forest,Brentford,0.3958,0.2499,0.3543,H,D,0
2022-11-05,Bundesliga,Augsburg,Ein Frankfurt,0.2199,0.2563,0.5237,A,A,1
2022-11-05,EPL,Wolves,Brighton,0.3277,0.2298,0.4425,A,A,1
2022-11-05,SerieA,Milan,Spezia,0.7468,0.1636,0.0896,H,H,1
2022-11-05,SerieA,Atalanta,Napoli,0.4021,0.2841,0.3138,H,A,0
2022-11-05,SerieA,Salernitana,Cremonese,0.3722,0.2547,0.3732,A,D,0
2022-11-05,SerieA,Empoli,Sassuolo,0.4216,0.2614,0.3171,H,H,1
2022-11-05,EPL,Everton,Leicester,0.6349,0.2455,0.1195,H,A,0
2022-11-05,EPL,Man City,Fulham,0.6357,0.2077,0.1566,H,H,1
2022-11-05,Bundesliga,Werder Bremen,Schalke 04,0.634,0.1991,0.1669,H,H,1
2022-11-05,Bundesliga,Mainz,Wolfsburg,0.4974,0.252,0.2505,H,A,0
2022-11-05,Bundesliga,Hertha,Bayern Munich,0.0507,0.0901,0.8579,A,A,1
2022-11-05,EPL,Leeds,Bournemouth,0.1948,0.2144,0.5908,A,H,0
2022-11-06,EPL,Chelsea,Arsenal,0.2851,0.2818,0.433,A,A,1
2022-11-06,EPL,Southampton,Newcastle,0.0672,0.1378,0.7949,A,A,1
2022-11-06,Bundesliga,Freiburg,FC Koln,0.5612,0.2436,0.1952,H,H,1
2022-11-06,Ligue1,Lille,Rennes,0.4839,0.2569,0.2591,H,D,0
2022-11-06,EPL,West Ham,Crystal Palace,0.3041,0.2584,0.4375,A,A,1
2022-11-06,EPL,Tottenham,Liverpool,0.1862,0.181,0.6327,A,A,1
2022-11-06,Ligue1,Lorient,Paris SG,0.0951,0.1346,0.77,A,A,1
2022-11-06,EPL,Aston Villa,Man United,0.5211,0.2532,0.2257,H,H,1
2022-11-06,SerieA,Monza,Verona,0.2967,0.3076,0.3956,A,H,0
2022-11-06,SerieA,Juventus,Inter,0.2798,0.2739,0.4463,A,H,0
2022-11-06,SerieA,Roma,Lazio,0.5136,0.2635,0.2229,H,A,0
2022-11-06,SerieA,Sampdoria,Fiorentina,0.0996,0.1728,0.7276,A,A,1
2022-11-06,SerieA,Bologna,Torino,0.5022,0.278,0.2198,H,H,1
2022-11-06,Ligue1,Clermont,Montpellier,0.4852,0.2936,0.2212,H,D,0
2022-11-06,Bundesliga,Leverkusen,Union Berlin,0.6973,0.1854,0.1172,H,H,1
2022-11-06,Ligue1,Reims,Nantes,0.3345,0.3341,0.3313,H,H,1
2022-11-06,LaLiga,Betis,Sevilla,0.5422,0.2337,0.2242,H,D,0
2022-11-06,LaLiga,Villarreal,Mallorca,0.586,0.2402,0.1739,H,A,0
2022-11-06,LaLiga,Sociedad,Valencia,0.3377,0.3039,0.3585,A,D,0
2022-11-06,LaLiga,Ath Madrid,Espanol,0.6404,0.2236,0.136,H,D,0
2022-11-06,Ligue1,Marseille,Lyon,0.4622,0.2113,0.3266,H,H,1
2022-11-06,Ligue1,Toulouse,Monaco,0.2953,0.2541,0.4506,A,A,1
2022-11-06,Ligue1,Nice,Brest,0.6104,0.2025,0.1871,H,H,1
2022-11-07,LaLiga,Vallecano,Real Madrid,0.1683,0.2366,0.5951,A,H,0
2022-11-08,LaLiga,Osasuna,Barcelona,0.1652,0.1908,0.6439,A,A,1
2022-11-08,LaLiga,Elche,Girona,0.3082,0.2761,0.4157,A,A,1
2022-11-08,SerieA,Napoli,Empoli,0.7189,0.1961,0.085,H,H,1
2022-11-08,SerieA,Spezia,Udinese,0.2894,0.2886,0.422,A,D,0
2022-11-08,SerieA,Cremonese,Milan,0.1355,0.185,0.6795,A,D,0
2022-11-08,Bundesliga,Wolfsburg,Dortmund,0.2472,0.2169,0.5359,A,H,0
2022-11-08,Bundesliga,Bayern Munich,Werder Bremen,0.7619,0.1393,0.0986,H,H,1
2022-11-08,Bundesliga,Bochum,M'gladbach,0.2567,0.2322,0.5111,A,H,0
2022-11-08,Bundesliga,Stuttgart,Hertha,0.741,0.1473,0.1115,H,H,1
2022-11-08,LaLiga,Ath Bilbao,Valladolid,0.8458,0.1187,0.0354,H,H,1
2022-11-09,Bundesliga,Union Berlin,Augsburg,0.3749,0.3118,0.3133,H,D,0
2022-11-09,Bundesliga,Schalke 04,Mainz,0.1842,0.2226,0.5932,A,H,0
2022-11-09,Bundesliga,RB Leipzig,Freiburg,0.4891,0.2419,0.2691,H,H,1
2022-11-09,SerieA,Torino,Sampdoria,0.601,0.2539,0.1451,H,H,1
2022-11-09,SerieA,Inter,Bologna,0.605,0.2188,0.1762,H,H,1
2022-11-09,SerieA,Fiorentina,Salernitana,0.7756,0.1425,0.0818,H,H,1
2022-11-09,SerieA,Sassuolo,Roma,0.1091,0.1843,0.7066,A,D,0
2022-11-09,SerieA,Lecce,Atalanta,0.1064,0.203,0.6906,A,H,0
2022-11-09,Bundesliga,FC Koln,Leverkusen,0.1197,0.189,0.6912,A,A,1
2022-11-09,LaLiga,Almeria,Getafe,0.362,0.2781,0.3599,H,H,1
2022-11-09,LaLiga,Espanol,Villarreal,0.264,0.2471,0.4889,A,A,1
2022-11-09,LaLiga,Sevilla,Sociedad,0.3914,0.2978,0.3107,H,A,0
2022-11-09,Bundesliga,Ein Frankfurt,Hoffenheim,0.6488,0.1809,0.1701,H,H,1
2022-11-09,LaLiga,Mallorca,Ath Madrid,0.1601,0.2692,0.5707,A,H,0
2022-11-10,SerieA,Lazio,Monza,0.7372,0.1723,0.0904,H,H,1
2022-11-10,LaLiga,Vallecano,Celta,0.3318,0.274,0.3942,A,D,0
2022-11-10,LaLiga,Valencia,Betis,0.3346,0.2589,0.4065,A,H,0
2022-11-10,LaLiga,Real Madrid,Cadiz,0.7957,0.1472,0.057,H,H,1
2022-11-10,SerieA,Verona,Juventus,0.1543,0.2554,0.5903,A,A,1
2022-11-11,Bundesliga,M'gladbach,Dortmund,0.248,0.1991,0.5529,A,H,0
2022-11-11,Ligue1,Lyon,Nice,0.3776,0.2373,0.3852,A,D,0
2022-11-11,SerieA,Empoli,Cremonese,0.4295,0.2725,0.2981,H,H,1
2022-11-12,SerieA,Sampdoria,Lecce,0.284,0.3124,0.4036,A,A,1
2022-11-12,EPL,West Ham,Leicester,0.6023,0.2324,0.1653,H,A,0
2022-11-12,Ligue1,Rennes,Toulouse,0.4302,0.2567,0.3131,H,H,1
2022-11-12,Ligue1,Lens,Clermont,0.6096,0.2473,0.1432,H,H,1
2022-11-12,SerieA,Napoli,Udinese,0.6702,0.2197,0.1101,H,H,1
2022-11-12,EPL,Tottenham,Leeds,0.617,0.1854,0.1975,H,H,1
2022-11-12,SerieA,Bologna,Sassuolo,0.7055,0.1721,0.1224,H,H,1
2022-11-12,Bundesliga,Leverkusen,Stuttgart,0.5369,0.2124,0.2507,H,H,1
2022-11-12,Bundesliga,Hertha,FC Koln,0.4065,0.2644,0.3291,H,H,1
2022-11-12,Bundesliga,Werder Bremen,RB Leipzig,0.3749,0.2472,0.378,A,A,1
2022-11-12,Bundesliga,Schalke 04,Bayern Munich,0.051,0.0941,0.8539,A,A,1
2022-11-12,EPL,Nott'm Forest,Crystal Palace,0.4052,0.2634,0.3314,H,H,1
2022-11-12,Bundesliga,Augsburg,Bochum,0.4592,0.2885,0.2523,H,A,0
2022-11-12,EPL,Wolves,Arsenal,0.1619,0.2205,0.6176,A,A,1
2022-11-12,EPL,Newcastle,Chelsea,0.4316,0.2533,0.3151,H,H,1
2022-11-12,EPL,Bournemouth,Everton,0.3907,0.3117,0.2976,H,H,1
2022-11-12,EPL,Man City,Brentford,0.5877,0.2156,0.1966,H,A,0
2022-11-12,EPL,Liverpool,Southampton,0.8971,0.0742,0.0277,H,H,1
2022-11-12,Bundesliga,Hoffenheim,Wolfsburg,0.3632,0.2357,0.401,A,A,1
2022-11-13,SerieA,Milan,Fiorentina,0.433,0.2461,0.3209,H,H,1
2022-11-13,Ligue1,Monaco,Marseille,0.4458,0.2213,0.3329,H,A,0
2022-11-13,Ligue1,Strasbourg,Lorient,0.6212,0.2099,0.1689,H,D,0
2022-11-13,Ligue1,Nantes,Ajaccio,0.6674,0.2361,0.0965,H,D,0
2022-11-13,Ligue1,Paris SG,Auxerre,0.7163,0.1626,0.121,H,H,1
2022-11-13,Ligue1,Montpellier,Reims,0.2093,0.321,0.4697,A,D,0
2022-11-13,SerieA,Verona,Spezia,0.4213,0.3046,0.274,H,A,0
2022-11-13,Bundesliga,Freiburg,Union Berlin,0.4863,0.2614,0.2523,H,H,1
2022-11-13,Ligue1,Lille,Angers,0.6103,0.2523,0.1374,H,H,1
2022-11-13,EPL,Fulham,Man United,0.4424,0.2654,0.2921,H,A,0
2022-11-13,EPL,Brighton,Aston Villa,0.3805,0.2402,0.3793,H,A,0
2022-11-13,SerieA,Juventus,Lazio,0.4576,0.2692,0.2732,H,H,1
2022-11-13,SerieA,Atalanta,Inter,0.3664,0.2554,0.3782,A,A,1
2022-11-13,SerieA,Monza,Salernitana,0.3724,0.273,0.3546,H,H,1
2022-11-13,SerieA,Roma,Torino,0.5778,0.2739,0.1483,H,D,0
2022-11-13,Bundesliga,Mainz,Ein Frankfurt,0.3748,0.2547,0.3704,H,D,0
2022-11-13,Ligue1,Brest,Troyes,0.6621,0.185,0.1529,H,H,1
2022-12-26,EPL,Southampton,Brighton,0.1035,0.1675,0.7289,A,A,1
2022-12-26,EPL,Aston Villa,Liverpool,0.2996,0.2368,0.4635,A,A,1
2022-12-26,EPL,Leicester,Newcastle,0.0963,0.1667,0.7369,A,A,1
2022-12-26,EPL,Everton,Wolves,0.464,0.2845,0.2515,H,A,0
2022-12-26,EPL,Crystal Palace,Fulham,0.4544,0.2542,0.2914,H,A,0
2022-12-26,EPL,Brentford,Tottenham,0.5562,0.2053,0.2385,H,D,0
2022-12-26,EPL,Arsenal,West Ham,0.6976,0.1915,0.1109,H,H,1
2022-12-27,EPL,Man United,Nott'm Forest,0.3259,0.2741,0.4,A,H,0
2022-12-27,EPL,Chelsea,Bournemouth,0.4663,0.2689,0.2648,H,H,1
2022-12-28,EPL,Leeds,Man City,0.0896,0.1415,0.7687,A,A,1
2022-12-28,Ligue1,Paris SG,Strasbourg,0.6315,0.1961,0.1724,H,H,1
2022-12-28,Ligue1,Brest,Lyon,0.2972,0.2167,0.4861,A,A,1
2022-12-28,Ligue1,Clermont,Lille,0.145,0.2442,0.6107,A,A,1
2022-12-28,Ligue1,Auxerre,Monaco,0.2843,0.2441,0.4716,A,A,1
2022-12-28,Ligue1,Troyes,Nantes,0.2687,0.2677,0.4636,A,D,0
2022-12-28,Ligue1,Ajaccio,Angers,0.1618,0.315,0.5232,A,H,0
2022-12-29,Ligue1,Lorient,Montpellier,0.6175,0.2248,0.1577,H,A,0
2022-12-29,Ligue1,Nice,Lens,0.509,0.2611,0.23,H,D,0
2022-12-29,Ligue1,Marseille,Toulouse,0.5443,0.2215,0.2342,H,H,1
2022-12-29,Ligue1,Reims,Rennes,0.2555,0.2869,0.4577,A,H,0
2022-12-29,LaLiga,Girona,Vallecano,0.3707,0.2865,0.3429,H,D,0
2022-12-29,LaLiga,Betis,Ath Bilbao,0.269,0.2905,0.4405,A,D,0
2022-12-29,LaLiga,Ath Madrid,Elche,0.7578,0.167,0.0752,H,H,1
2022-12-30,EPL,West Ham,Brentford,0.2908,0.2415,0.4676,A,A,1
2022-12-30,EPL,Liverpool,Leicester,0.8575,0.0987,0.0433,H,H,1
2022-12-30,LaLiga,Cadiz,Almeria,0.2856,0.2833,0.4312,A,D,0
2022-12-30,LaLiga,Getafe,Mallorca,0.3544,0.3562,0.2893,D,H,0
2022-12-30,LaLiga,Celta,Sevilla,0.5147,0.2361,0.2491,H,D,0
2022-12-30,LaLiga,Valladolid,Real Madrid,0.029,0.074,0.8958,A,A,1
2022-12-31,LaLiga,Barcelona,Espanol,0.7369,0.1611,0.1019,H,D,0
2022-12-31,LaLiga,Sociedad,Osasuna,0.3212,0.2974,0.3813,A,H,0
2022-12-31,LaLiga,Villarreal,Valencia,0.5741,0.2194,0.2065,H,H,1
2022-12-31,EPL,Newcastle,Leeds,0.7886,0.1266,0.0844,H,D,0
2022-12-31,EPL,Man City,Everton,0.5506,0.268,0.1814,H,D,0
2022-12-31,EPL,Brighton,Arsenal,0.2264,0.2315,0.542,A,A,1
2022-12-31,EPL,Fulham,Southampton,0.731,0.1765,0.0924,H,H,1
2022-12-31,EPL,Wolves,Man United,0.395,0.2648,0.3401,H,A,0
2022-12-31,EPL,Bournemouth,Crystal Palace,0.4095,0.2684,0.322,H,A,0
2023-01-01,Ligue1,Lyon,Clermont,0.7371,0.1648,0.098,H,A,0
2023-01-01,Ligue1,Toulouse,Ajaccio,0.7619,0.1763,0.0618,H,H,1
2023-01-01,Ligue1,Angers,Lorient,0.3622,0.2849,0.3529,H,A,0
2023-01-01,Ligue1,Lens,Paris SG,0.2038,0.2261,0.5701,A,H,0
2023-01-01,Ligue1,Monaco,Brest,0.6005,0.2005,0.199,H,H,1
2023-01-01,Ligue1,Nantes,Auxerre,0.3172,0.2807,0.4021,A,H,0
2023-01-01,EPL,Tottenham,Aston Villa,0.2948,0.2319,0.4732,A,A,1
2023-01-01,EPL,Nott'm Forest,Chelsea,0.3287,0.2719,0.3994,A,D,0
2023-01-02,Ligue1,Strasbourg,Troyes,0.7222,0.1725,0.1053,H,A,0
2023-01-02,Ligue1,Lille,Reims,0.5665,0.28,0.1535,H,D,0
2023-01-02,Ligue1,Montpellier,Marseille,0.0718,0.1352,0.7929,A,A,1
2023-01-02,Ligue1,Rennes,Nice,0.2999,0.2424,0.4577,A,H,0
2023-01-02,EPL,Brentford,Liverpool,0.2814,0.2192,0.4993,A,H,0
2023-01-03,EPL,Man United,Bournemouth,0.3168,0.2793,0.4039,A,H,0
2023-01-03,EPL,Leicester,Fulham,0.1742,0.2349,0.5909,A,A,1
2023-01-03,EPL,Everton,Brighton,0.3899,0.2771,0.333,H,A,0
2023-01-03,EPL,Arsenal,Newcastle,0.5165,0.2454,0.2381,H,D,0
2023-01-04,SerieA,Sassuolo,Sampdoria,0.5264,0.2391,0.2345,H,A,0
2023-01-04,SerieA,Salernitana,Milan,0.1108,0.1624,0.7267,A,A,1
2023-01-04,SerieA,Udinese,Empoli,0.4517,0.2816,0.2667,H,D,0
2023-01-04,SerieA,Torino,Verona,0.4719,0.3146,0.2135,H,D,0
2023-01-04,SerieA,Lecce,Lazio,0.1849,0.2672,0.5479,A,H,0
2023-01-04,SerieA,Roma,Bologna,0.5117,0.2628,0.2255,H,H,1
2023-01-04,SerieA,Cremonese,Juventus,0.1345,0.21,0.6554,A,A,1
2023-01-04,SerieA,Spezia,Atalanta,0.0827,0.1581,0.7592,A,D,0
2023-01-04,SerieA,Inter,Napoli,0.4369,0.2903,0.2728,H,H,1
2023-01-04,SerieA,Fiorentina,Monza,0.7666,0.1562,0.0772,H,D,0
2023-01-04,EPL,Crystal Palace,Tottenham,0.5216,0.2231,0.2553,H,A,0
2023-01-04,EPL,Aston Villa,Wolves,0.5528,0.2308,0.2164,H,D,0
2023-01-04,EPL,Leeds,West Ham,0.2931,0.2346,0.4723,A,D,0
2023-01-04,EPL,Southampton,Nott'm Forest,0.1113,0.199,0.6897,A,A,1
2023-01-05,EPL,Chelsea,Man City,0.31,0.2686,0.4214,A,A,1
2023-01-06,LaLiga,Elche,Celta,0.2289,0.2471,0.524,A,A,1
2023-01-06,LaLiga,Valencia,Cadiz,0.5492,0.2821,0.1687,H,A,0
2023-01-07,SerieA,Fiorentina,Sassuolo,0.7336,0.1597,0.1066,H,H,1
2023-01-07,LaLiga,Espanol,Girona,0.4401,0.2709,0.289,H,D,0
2023-01-07,LaLiga,Villarreal,Real Madrid,0.3065,0.2245,0.469,A,H,0
2023-01-07,SerieA,Monza,Inter,0.0529,0.1279,0.8191,A,D,0
2023-01-07,SerieA,Juventus,Udinese,0.6237,0.2312,0.1451,H,H,1
2023-01-07,LaLiga,Mallorca,Valladolid,0.6476,0.2334,0.1189,H,H,1
2023-01-08,SerieA,Spezia,Lecce,0.3355,0.3265,0.338,A,D,0
2023-01-08,SerieA,Salernitana,Torino,0.2257,0.2752,0.4991,A,D,0
2023-01-08,SerieA,Milan,Roma,0.3286,0.2738,0.3976,A,D,0
2023-01-08,SerieA,Sampdoria,Napoli,0.069,0.1696,0.7613,A,A,1
2023-01-08,SerieA,Lazio,Empoli,0.6479,0.2123,0.1398,H,D,0
2023-01-08,LaLiga,Sevilla,Getafe,0.3803,0.3078,0.3118,H,H,1
2023-01-08,LaLiga,Ath Madrid,Barcelona,0.3723,0.2391,0.3886,A,A,1
2023-01-08,LaLiga,Vallecano,Betis,0.3033,0.2768,0.4198,A,A,1
2023-01-08,LaLiga,Almeria,Sociedad,0.3719,0.2695,0.3586,H,A,0
2023-01-09,SerieA,Bologna,Atalanta,0.2762,0.242,0.4818,A,A,1
2023-01-09,LaLiga,Ath Bilbao,Osasuna,0.5428,0.2808,0.1764,H,D,0
2023-01-09,SerieA,Verona,Cremonese,0.4181,0.2855,0.2964,H,H,1
2023-01-11,Ligue1,Troyes,Marseille,0.1118,0.1499,0.738,A,A,1
2023-01-11,Ligue1,Strasbourg,Lens,0.4306,0.284,0.2854,H,D,0
2023-01-11,Ligue1,Paris SG,Angers,0.8068,0.1309,0.0622,H,H,1
2023-01-11,Ligue1,Nice,Montpellier,0.8336,0.1198,0.0465,H,H,1
2023-01-11,Ligue1,Lorient,Monaco,0.1834,0.2019,0.6147,A,D,0
2023-01-11,Ligue1,Clermont,Rennes,0.1894,0.2369,0.5737,A,H,0
2023-01-11,Ligue1,Nantes,Lyon,0.2321,0.2385,0.5294,A,D,0
2023-01-11,Ligue1,Ajaccio,Reims,0.1468,0.3228,0.5304,A,A,1
2023-01-11,Ligue1,Auxerre,Toulouse,0.3893,0.2714,0.3393,H,A,0
2023-01-11,Ligue1,Brest,Lille,0.286,0.2535,0.4605,A,D,0
2023-01-12,EPL,Fulham,Chelsea,0.2938,0.2633,0.4429,A,H,0
2023-01-13,EPL,Aston Villa,Leeds,0.7159,0.1655,0.1185,H,H,1
2023-01-13,SerieA,Napoli,Juventus,0.443,0.3043,0.2528,H,H,1
2023-01-13,LaLiga,Celta,Villarreal,0.3246,0.2202,0.4552,A,D,0
2023-01-14,LaLiga,Girona,Sevilla,0.4028,0.2612,0.336,H,H,1
2023-01-14,Ligue1,Marseille,Lorient,0.7142,0.1568,0.1289,H,H,1
2023-01-14,LaLiga,Sociedad,Ath Bilbao,0.1783,0.3131,0.5086,A,H,0
2023-01-14,EPL,Man United,Man City,0.1856,0.2364,0.578,A,H,0
2023-01-14,EPL,Brighton,Liverpool,0.2628,0.2066,0.5305,A,H,0
2023-01-14,EPL,Everton,Southampton,0.6926,0.2175,0.0899,H,A,0
2023-01-14,EPL,Nott'm Forest,Leicester,0.6988,0.193,0.1081,H,H,1
2023-01-14,EPL,Wolves,West Ham,0.429,0.2523,0.3187,H,H,1
2023-01-14,EPL,Brentford,Bournemouth,0.4258,0.2531,0.3211,H,H,1
2023-01-14,LaLiga,Osasuna,Mallorca,0.4381,0.3082,0.2537,H,H,1
2023-01-14,LaLiga,Valladolid,Vallecano,0.1444,0.2366,0.619,A,A,1
2023-01-14,SerieA,Cremonese,Monza,0.4678,0.2687,0.2635,H,A,0
2023-01-14,SerieA,Lecce,Milan,0.1564,0.2398,0.6038,A,D,0
2023-01-14,SerieA,Inter,Verona,0.7913,0.1474,0.0612,H,H,1
2023-01-14,Ligue1,Lyon,Strasbourg,0.4518,0.2405,0.3077,H,A,0
2023-01-14,Ligue1,Lens,Auxerre,0.4278,0.2807,0.2915,H,H,1
2023-01-15,EPL,Chelsea,Crystal Palace,0.4789,0.2598,0.2613,H,H,1
2023-01-15,SerieA,Sassuolo,Lazio,0.1765,0.2056,0.6179,A,A,1
2023-01-15,SerieA,Torino,Spezia,0.5258,0.2891,0.1851,H,A,0
2023-01-15,SerieA,Udinese,Bologna,0.2343,0.2528,0.5129,A,A,1
2023-01-15,SerieA,Atalanta,Salernitana,0.8667,0.0908,0.0418,H,H,1
2023-01-15,EPL,Newcastle,Fulham,0.5689,0.2189,0.2122,H,H,1
2023-01-15,EPL,Tottenham,Arsenal,0.1637,0.2028,0.6335,A,A,1
2023-01-15,LaLiga,Almeria,Ath Madrid,0.129,0.1781,0.6929,A,D,0
2023-01-15,Ligue1,Lille,Troyes,0.7335,0.1731,0.0934,H,H,1
2023-01-15,Ligue1,Angers,Clermont,0.4249,0.3144,0.2607,H,A,0
2023-01-15,Ligue1,Montpellier,Nantes,0.1888,0.2765,0.5347,A,A,1
2023-01-15,Ligue1,Reims,Nice,0.1761,0.2657,0.5582,A,D,0
2023-01-15,Ligue1,Toulouse,Brest,0.4492,0.2471,0.3037,H,D,0
2023-01-15,Ligue1,Monaco,Ajaccio,0.8696,0.1,0.0302,H,H,1
2023-01-15,SerieA,Roma,Fiorentina,0.4839,0.269,0.2472,H,H,1
2023-01-15,Ligue1,Rennes,Paris SG,0.1971,0.1932,0.6097,A,H,0
2023-01-15,LaLiga,Getafe,Espanol,0.3403,0.3261,0.3336,H,A,0
2023-01-16,SerieA,Empoli,Sampdoria,0.51,0.2669,0.2231,H,H,1
2023-01-16,LaLiga,Cadiz,Elche,0.3163,0.3415,0.3422,A,D,0
2023-01-18,EPL,Crystal Palace,Man United,0.4834,0.2609,0.2558,H,D,0
2023-01-19,EPL,Man City,Tottenham,0.7106,0.1655,0.1238,H,H,1
2023-01-20,LaLiga,Mallorca,Celta,0.3048,0.288,0.4072,A,H,0
2023-01-20,Bundesliga,RB Leipzig,Bayern Munich,0.1777,0.1909,0.6313,A,D,0
2023-01-21,EPL,Bournemouth,Nott'm Forest,0.4103,0.2703,0.3194,H,D,0
2023-01-21,LaLiga,Vallecano,Sociedad,0.3893,0.3245,0.2862,H,A,0
2023-01-21,LaLiga,Espanol,Betis,0.3211,0.2684,0.4105,A,H,0
2023-01-21,LaLiga,Ath Madrid,Valladolid,0.914,0.0642,0.0206,H,H,1
2023-01-21,LaLiga,Sevilla,Cadiz,0.5135,0.2912,0.1954,H,H,1
2023-01-21,SerieA,Verona,Lecce,0.3677,0.3366,0.2957,H,H,1
2023-01-21,SerieA,Salernitana,Napoli,0.0828,0.172,0.7452,A,A,1
2023-01-21,SerieA,Fiorentina,Torino,0.5298,0.2697,0.2005,H,A,0
2023-01-21,Bundesliga,Ein Frankfurt,Schalke 04,0.737,0.1565,0.1064,H,H,1
2023-01-21,EPL,Liverpool,Chelsea,0.505,0.2361,0.2589,H,D,0
2023-01-21,Bundesliga,FC Koln,Werder Bremen,0.234,0.252,0.514,A,H,0
2023-01-21,Bundesliga,Wolfsburg,Freiburg,0.4102,0.2552,0.3346,H,H,1
2023-01-21,Bundesliga,Union Berlin,Hoffenheim,0.388,0.2526,0.3595,H,H,1
2023-01-21,Bundesliga,Stuttgart,Mainz,0.4466,0.2412,0.3122,H,D,0
2023-01-21,Bundesliga,Bochum,Hertha,0.413,0.2521,0.335,H,H,1
2023-01-21,EPL,Crystal Palace,Newcastle,0.322,0.2458,0.4322,A,D,0
2023-01-21,EPL,West Ham,Everton,0.3001,0.3025,0.3974,A,H,0
2023-01-21,EPL,Southampton,Aston Villa,0.0931,0.1804,0.7265,A,A,1
2023-01-21,EPL,Leicester,Brighton,0.144,0.1949,0.6611,A,D,0
2023-01-22,Bundesliga,M'gladbach,Leverkusen,0.2226,0.2055,0.5719,A,A,1
2023-01-22,Bundesliga,Dortmund,Augsburg,0.6699,0.196,0.1341,H,H,1
2023-01-22,LaLiga,Elche,Osasuna,0.245,0.2787,0.4763,A,D,0
2023-01-22,LaLiga,Ath Bilbao,Real Madrid,0.3485,0.3011,0.3504,A,A,1
2023-01-22,LaLiga,Barcelona,Getafe,0.7467,0.1631,0.0902,H,H,1
2023-01-22,LaLiga,Villarreal,Girona,0.651,0.1847,0.1642,H,H,1
2023-01-22,EPL,Leeds,Brentford,0.1815,0.1886,0.6299,A,D,0
2023-01-22,EPL,Man City,Wolves,0.6931,0.182,0.1248,H,H,1
2023-01-22,EPL,Arsenal,Man United,0.658,0.2155,0.1265,H,H,1
2023-01-22,SerieA,Sampdoria,Udinese,0.2349,0.2668,0.4983,A,A,1
2023-01-22,SerieA,Monza,Sassuolo,0.3213,0.2641,0.4146,A,D,0
2023-01-22,SerieA,Juventus,Atalanta,0.3228,0.2682,0.4089,A,D,0
2023-01-22,SerieA,Spezia,Roma,0.1,0.207,0.693,A,A,1
2023-01-23,EPL,Fulham,Tottenham,0.475,0.2289,0.296,H,A,0
2023-01-23,LaLiga,Valencia,Almeria,0.5071,0.2382,0.2547,H,D,0
2023-01-23,SerieA,Inter,Empoli,0.8068,0.1345,0.0585,H,A,0
2023-01-23,SerieA,Bologna,Cremonese,0.7047,0.1785,0.1167,H,D,0
2023-01-24,Bundesliga,Bayern Munich,FC Koln,0.8716,0.0894,0.0384,H,D,0
2023-01-24,Bundesliga,Schalke 04,RB Leipzig,0.1956,0.216,0.5884,A,A,1
2023-01-24,Bundesliga,Hoffenheim,Stuttgart,0.2495,0.2006,0.5498,A,D,0
2023-01-24,Bundesliga,Hertha,Wolfsburg,0.26,0.2337,0.5064,A,A,1
2023-01-24,SerieA,Lazio,Milan,0.3683,0.2504,0.3812,A,H,0
2023-01-25,Bundesliga,Freiburg,Ein Frankfurt,0.2926,0.2388,0.4686,A,D,0
2023-01-25,Bundesliga,Werder Bremen,Union Berlin,0.5198,0.2492,0.231,H,A,0
2023-01-25,Bundesliga,Leverkusen,Bochum,0.7821,0.14,0.0777,H,H,1
2023-01-25,Bundesliga,Augsburg,M'gladbach,0.3251,0.2684,0.4065,A,H,0
2023-01-25,Bundesliga,Mainz,Dortmund,0.3326,0.2385,0.4288,A,A,1
2023-01-27,Ligue1,Lorient,Rennes,0.2669,0.2296,0.5035,A,H,0
2023-01-27,SerieA,Bologna,Spezia,0.6971,0.1914,0.1115,H,H,1
2023-01-27,SerieA,Lecce,Salernitana,0.4435,0.2892,0.2673,H,A,0
2023-01-27,LaLiga,Almeria,Espanol,0.3353,0.261,0.4037,A,H,0
2023-01-27,Bundesliga,RB Leipzig,Stuttgart,0.3807,0.2344,0.3849,A,H,0
2023-01-28,Bundesliga,Freiburg,Augsburg,0.4704,0.2771,0.2525,H,H,1
2023-01-28,LaLiga,Cadiz,Mallorca,0.2391,0.3622,0.3987,A,H,0
2023-01-28,LaLiga,Girona,Barcelona,0.1134,0.1492,0.7372,A,A,1
2023-01-28,LaLiga,Sevilla,Elche,0.4868,0.2773,0.236,H,H,1
2023-01-28,LaLiga,Getafe,Betis,0.2851,0.2812,0.4337,A,A,1
2023-01-28,Ligue1,Troyes,Lens,0.1786,0.2391,0.5823,A,D,0
2023-01-28,SerieA,Empoli,Torino,0.2723,0.3149,0.4128,A,D,0
2023-01-28,SerieA,Cremonese,Inter,0.0703,0.1376,0.7921,A,A,1
2023-01-28,Ligue1,Marseille,Monaco,0.4235,0.2228,0.3537,H,D,0
2023-01-28,SerieA,Atalanta,Sampdoria,0.8783,0.0869,0.0342,H,H,1
2023-01-28,Bundesliga,Hertha,Union Berlin,0.3331,0.2629,0.404,A,A,1
2023-01-28,Bundesliga,Hoffenheim,M'gladbach,0.3683,0.218,0.4136,A,A,1
2023-01-28,Bundesliga,Bayern Munich,Ein Frankfurt,0.6675,0.1748,0.1576,H,D,0
2023-01-28,Bundesliga,Mainz,Bochum,0.652,0.2091,0.1389,H,H,1
2023-01-28,Bundesliga,Werder Bremen,Wolfsburg,0.4479,0.2467,0.3054,H,H,1
2023-01-29,Ligue1,Brest,Angers,0.5371,0.2499,0.213,H,H,1
2023-01-29,Ligue1,Clermont,Nantes,0.2739,0.2992,0.4269,A,D,0
2023-01-29,Ligue1,Strasbourg,Toulouse,0.4624,0.2669,0.2707,H,A,0
2023-01-29,Ligue1,Ajaccio,Lyon,0.0507,0.1307,0.8186,A,A,1
2023-01-29,Ligue1,Paris SG,Reims,0.7658,0.1577,0.0764,H,D,0
2023-01-29,LaLiga,Valladolid,Valencia,0.1261,0.202,0.672,A,H,0
2023-01-29,SerieA,Napoli,Roma,0.3819,0.3209,0.2972,H,H,1
2023-01-29,LaLiga,Celta,Ath Bilbao,0.2471,0.2793,0.4735,A,H,0
2023-01-29,LaLiga,Real Madrid,Sociedad,0.6973,0.1928,0.1099,H,D,0
2023-01-29,Bundesliga,Schalke 04,FC Koln,0.395,0.2725,0.3325,H,D,0
2023-01-29,Bundesliga,Leverkusen,Dortmund,0.4689,0.2194,0.3116,H,A,0
2023-01-29,Ligue1,Nice,Lille,0.4371,0.2714,0.2915,H,H,1
2023-01-29,Ligue1,Auxerre,Montpellier,0.7114,0.1902,0.0984,H,A,0
2023-01-29,SerieA,Milan,Sassuolo,0.7572,0.1458,0.0968,H,A,0
2023-01-29,SerieA,Juventus,Monza,0.7594,0.1678,0.0728,H,A,0
2023-01-29,SerieA,Lazio,Fiorentina,0.3791,0.2577,0.3632,H,D,0
2023-01-29,LaLiga,Osasuna,Ath Madrid,0.2046,0.2455,0.5499,A,A,1
2023-01-30,LaLiga,Villarreal,Vallecano,0.5797,0.2317,0.1886,H,A,0
2023-01-30,SerieA,Udinese,Verona,0.4431,0.2948,0.2621,H,D,0
2023-02-01,Ligue1,Montpellier,Paris SG,0.0322,0.082,0.885,A,A,1
2023-02-01,Ligue1,Lille,Clermont,0.6822,0.2116,0.1063,H,D,0
2023-02-01,Ligue1,Nantes,Marseille,0.218,0.2259,0.5561,A,A,1
2023-02-01,Ligue1,Reims,Lorient,0.382,0.2973,0.3207,H,H,1
2023-02-01,Ligue1,Toulouse,Troyes,0.6565,0.2032,0.1402,H,H,1
2023-02-01,Ligue1,Lens,Nice,0.2942,0.2759,0.4299,A,A,1
2023-02-01,Ligue1,Lyon,Brest,0.5817,0.1984,0.2199,H,D,0
2023-02-01,Ligue1,Monaco,Auxerre,0.5584,0.226,0.2156,H,H,1
2023-02-01,Ligue1,Angers,Ajaccio,0.5893,0.2857,0.125,H,A,0
2023-02-01,LaLiga,Betis,Barcelona,0.2032,0.1916,0.6052,A,A,1
2023-02-01,Ligue1,Rennes,Strasbourg,0.3683,0.2556,0.3761,A,H,0
2023-02-02,LaLiga,Real Madrid,Valencia,0.6733,0.194,0.1327,H,H,1
2023-02-03,LaLiga,Ath Bilbao,Cadiz,0.671,0.2478,0.0812,H,H,1
2023-02-03,EPL,Chelsea,Fulham,0.525,0.2476,0.2274,H,D,0
2023-02-03,Bundesliga,Augsburg,Leverkusen,0.1678,0.2335,0.5987,A,H,0
2023-02-04,SerieA,Sassuolo,Atalanta,0.0887,0.1402,0.7709,A,H,0
2023-02-04,EPL,Brentford,Southampton,0.7983,0.1359,0.0656,H,H,1
2023-02-04,EPL,Aston Villa,Leicester,0.7355,0.1744,0.09,H,A,0
2023-02-04,EPL,Man United,Crystal Palace,0.3247,0.2719,0.4034,A,H,0
2023-02-04,EPL,Wolves,Liverpool,0.1839,0.1959,0.6202,A,H,0
2023-02-04,EPL,Newcastle,West Ham,0.6368,0.1994,0.1638,H,D,0
2023-02-04,EPL,Brighton,Bournemouth,0.4119,0.2451,0.343,H,H,1
2023-02-04,Ligue1,Paris SG,Toulouse,0.6919,0.1764,0.1317,H,H,1
2023-02-04,Ligue1,Troyes,Lyon,0.1245,0.1649,0.7105,A,A,1
2023-02-04,Ligue1,Rennes,Lille,0.3295,0.2676,0.4029,A,A,1
2023-02-04,EPL,Everton,Arsenal,0.2158,0.3028,0.4814,A,H,0
2023-02-04,SerieA,Roma,Empoli,0.7214,0.1908,0.0878,H,H,1
2023-02-04,LaLiga,Espanol,Osasuna,0.3613,0.29,0.3487,H,D,0
2023-02-04,SerieA,Cremonese,Lecce,0.3643,0.3036,0.3321,H,A,0
2023-02-04,Bundesliga,Bochum,Hoffenheim,0.3131,0.2387,0.4482,A,H,0
2023-02-04,Bundesliga,Dortmund,Freiburg,0.6269,0.1917,0.1813,H,H,1
2023-02-04,Bundesliga,Ein Frankfurt,Hertha,0.7406,0.1518,0.1075,H,H,1
2023-02-04,Bundesliga,FC Koln,RB Leipzig,0.2029,0.2448,0.5522,A,D,0
2023-02-04,Bundesliga,Union Berlin,Mainz,0.2458,0.2709,0.4832,A,H,0
2023-02-04,Bundesliga,M'gladbach,Schalke 04,0.6193,0.1962,0.1845,H,D,0
2023-02-04,LaLiga,Ath Madrid,Getafe,0.6501,0.229,0.1209,H,D,0
2023-02-04,LaLiga,Elche,Villarreal,0.1588,0.209,0.6322,A,H,0
2023-02-04,LaLiga,Betis,Celta,0.4622,0.2289,0.3089,H,A,0
2023-02-05,SerieA,Torino,Udinese,0.4296,0.3084,0.262,H,H,1
2023-02-05,SerieA,Fiorentina,Bologna,0.4426,0.2523,0.3051,H,A,0
2023-02-05,SerieA,Inter,Milan,0.5695,0.2242,0.2064,H,H,1
2023-02-05,Bundesliga,Stuttgart,Werder Bremen,0.5263,0.2168,0.2569,H,A,0
2023-02-05,Bundesliga,Wolfsburg,Bayern Munich,0.1299,0.168,0.7021,A,A,1
2023-02-05,SerieA,Spezia,Napoli,0.0966,0.2124,0.691,A,A,1
2023-02-05,EPL,Tottenham,Man City,0.1773,0.1961,0.6265,A,H,0
2023-02-05,EPL,Nott'm Forest,Leeds,0.674,0.1828,0.1431,H,H,1
2023-02-05,Ligue1,Clermont,Monaco,0.1281,0.1999,0.672,A,A,1
2023-02-05,Ligue1,Auxerre,Reims,0.4889,0.2913,0.2198,H,D,0
2023-02-05,Ligue1,Ajaccio,Nantes,0.1293,0.2698,0.6008,A,A,1
2023-02-05,Ligue1,Strasbourg,Montpellier,0.7689,0.161,0.0701,H,H,1
2023-02-05,Ligue1,Brest,Lens,0.3554,0.2639,0.3807,A,D,0
2023-02-05,Ligue1,Marseille,Nice,0.4001,0.2302,0.3697,H,A,0
2023-02-05,LaLiga,Mallorca,Real Madrid,0.1555,0.2456,0.5989,A,H,0
2023-02-05,LaLiga,Girona,Valencia,0.3558,0.2659,0.3783,A,H,0
2023-02-05,Ligue1,Lorient,Angers,0.4277,0.2803,0.292,H,D,0
2023-02-05,LaLiga,Sociedad,Valladolid,0.672,0.2119,0.1161,H,A,0
2023-02-05,LaLiga,Barcelona,Sevilla,0.7873,0.1316,0.0808,H,H,1
2023-02-06,SerieA,Verona,Lazio,0.189,0.2538,0.5572,A,D,0
2023-02-06,SerieA,Monza,Sampdoria,0.4105,0.2875,0.302,H,D,0
2023-02-06,LaLiga,Vallecano,Almeria,0.4612,0.2634,0.2754,H,H,1
2023-02-07,SerieA,Salernitana,Juventus,0.112,0.1868,0.7012,A,A,1
2023-02-08,EPL,Man United,Leeds,0.5794,0.2198,0.2008,H,D,0
2023-02-10,SerieA,Milan,Torino,0.5526,0.2564,0.1911,H,H,1
2023-02-10,LaLiga,Cadiz,Girona,0.2557,0.2943,0.4501,A,H,0
2023-02-10,Ligue1,Nice,Ajaccio,0.8686,0.1022,0.029,H,H,1
2023-02-10,Bundesliga,Schalke 04,Wolfsburg,0.2536,0.2395,0.5069,A,D,0
2023-02-11,Bundesliga,Bayern Munich,Bochum,0.887,0.0773,0.0344,H,H,1
2023-02-11,Bundesliga,RB Leipzig,Union Berlin,0.5582,0.2417,0.2,H,A,0
2023-02-11,Bundesliga,Werder Bremen,Dortmund,0.2755,0.2163,0.5082,A,A,1
2023-02-11,Bundesliga,Mainz,Augsburg,0.5423,0.2669,0.1908,H,H,1
2023-02-11,Ligue1,Clermont,Marseille,0.1284,0.1826,0.689,A,A,1
2023-02-11,Ligue1,Monaco,Paris SG,0.2888,0.2182,0.493,A,H,0
2023-02-11,EPL,Bournemouth,Newcastle,0.3254,0.2535,0.4211,A,D,0
2023-02-11,EPL,Southampton,Wolves,0.1588,0.2239,0.6173,A,A,1
2023-02-11,EPL,Leicester,Tottenham,0.2014,0.2224,0.5762,A,H,0
2023-02-11,EPL,Fulham,Nott'm Forest,0.3685,0.2622,0.3693,A,H,0
2023-02-11,EPL,West Ham,Chelsea,0.2387,0.2536,0.5078,A,D,0
2023-02-11,EPL,Crystal Palace,Brighton,0.4255,0.2376,0.3369,H,D,0
2023-02-11,LaLiga,Valencia,Ath Bilbao,0.2109,0.3037,0.4854,A,A,1
2023-02-11,LaLiga,Sevilla,Mallorca,0.3783,0.3178,0.3039,H,H,1
2023-02-11,LaLiga,Almeria,Betis,0.2588,0.2169,0.5244,A,A,1
2023-02-11,SerieA,Empoli,Spezia,0.4337,0.2905,0.2758,H,D,0
2023-02-11,SerieA,Lecce,Roma,0.1217,0.255,0.6233,A,D,0
2023-02-11,SerieA,Lazio,Atalanta,0.2729,0.2427,0.4844,A,A,1
2023-02-11,Bundesliga,Hoffenheim,Leverkusen,0.1731,0.1829,0.6439,A,A,1
2023-02-11,Bundesliga,Freiburg,Stuttgart,0.3077,0.2313,0.461,A,H,0
2023-02-11,EPL,Arsenal,Brentford,0.5951,0.2235,0.1814,H,D,0
2023-02-12,Bundesliga,FC Koln,Ein Frankfurt,0.1643,0.2181,0.6176,A,H,0
2023-02-12,Ligue1,Toulouse,Rennes,0.3911,0.2594,0.3495,H,H,1
2023-02-12,Bundesliga,Hertha,M'gladbach,0.2586,0.2141,0.5273,A,H,0
2023-02-12,Ligue1,Angers,Auxerre,0.2575,0.2875,0.4551,A,D,0
2023-02-12,SerieA,Bologna,Monza,0.7422,0.1692,0.0886,H,A,0
2023-02-12,Ligue1,Montpellier,Brest,0.1429,0.2063,0.6508,A,H,0
2023-02-12,LaLiga,Villarreal,Barcelona,0.2647,0.1996,0.5356,A,A,1
2023-02-12,LaLiga,Valladolid,Osasuna,0.1133,0.187,0.6997,A,D,0
2023-02-12,LaLiga,Celta,Ath Madrid,0.2217,0.2273,0.551,A,A,1
2023-02-12,Ligue1,Reims,Troyes,0.4788,0.2889,0.2323,H,H,1
2023-02-12,EPL,Leeds,Man United,0.2672,0.2402,0.4926,A,A,1
2023-02-12,SerieA,Juventus,Fiorentina,0.4273,0.2718,0.3009,H,H,1
2023-02-12,SerieA,Napoli,Cremonese,0.7684,0.1614,0.0702,H,H,1
2023-02-12,SerieA,Udinese,Sassuolo,0.4913,0.2483,0.2604,H,D,0
2023-02-12,EPL,Man City,Aston Villa,0.5482,0.2382,0.2136,H,H,1
2023-02-12,Ligue1,Lyon,Lens,0.4827,0.2504,0.2668,H,H,1
2023-02-12,Ligue1,Nantes,Lorient,0.4369,0.2657,0.2974,H,H,1
2023-02-12,Ligue1,Lille,Strasbourg,0.4267,0.2809,0.2924,H,H,1
2023-02-12,LaLiga,Getafe,Vallecano,0.3469,0.3379,0.3153,H,D,0
2023-02-13,SerieA,Verona,Salernitana,0.4618,0.2734,0.2647,H,H,1
2023-02-13,SerieA,Sampdoria,Inter,0.045,0.1106,0.8442,A,D,0
2023-02-13,EPL,Liverpool,Everton,0.5614,0.2464,0.1921,H,H,1
2023-02-13,LaLiga,Espanol,Sociedad,0.4113,0.3109,0.2778,H,A,0
2023-02-15,EPL,Arsenal,Man City,0.4212,0.2756,0.3032,H,A,0
2023-02-15,LaLiga,Real Madrid,Elche,0.7872,0.1444,0.0684,H,H,1
2023-02-17,Bundesliga,Augsburg,Hoffenheim,0.3834,0.2659,0.3507,H,H,1
2023-02-17,Ligue1,Auxerre,Lyon,0.3117,0.2374,0.4508,A,H,0
2023-02-17,LaLiga,Girona,Almeria,0.4643,0.2309,0.3048,H,H,1
2023-02-17,SerieA,Sassuolo,Napoli,0.1052,0.1887,0.7061,A,A,1
2023-02-18,Ligue1,Strasbourg,Angers,0.5982,0.2479,0.1539,H,H,1
2023-02-18,Ligue1,Nice,Reims,0.6315,0.2364,0.1321,H,D,0
2023-02-18,Bundesliga,M'gladbach,Bayern Munich,0.1242,0.1488,0.7267,A,H,0
2023-02-18,Bundesliga,Stuttgart,FC Koln,0.697,0.1809,0.1221,H,H,1
2023-02-18,EPL,Newcastle,Liverpool,0.3607,0.2279,0.4114,A,A,1
2023-02-18,EPL,Wolves,Bournemouth,0.3122,0.2595,0.4283,A,A,1
2023-02-18,EPL,Nott'm Forest,Man City,0.2448,0.2493,0.5058,A,D,0
2023-02-18,EPL,Everton,Leeds,0.6159,0.2274,0.1566,H,H,1
2023-02-18,EPL,Chelsea,Southampton,0.8076,0.1379,0.0544,H,A,0
2023-02-18,EPL,Brighton,Fulham,0.4721,0.2308,0.297,H,A,0
2023-02-18,EPL,Brentford,Crystal Palace,0.437,0.2454,0.3176,H,D,0
2023-02-18,EPL,Aston Villa,Arsenal,0.2567,0.2677,0.4756,A,A,1
2023-02-18,LaLiga,Osasuna,Real Madrid,0.1992,0.2257,0.575,A,A,1
2023-02-18,LaLiga,Mallorca,Villarreal,0.2291,0.2638,0.5071,A,H,0
2023-02-18,LaLiga,Betis,Valladolid,0.8369,0.1095,0.0533,H,H,1
2023-02-18,Bundesliga,Bochum,Freiburg,0.2552,0.2504,0.4945,A,A,1
2023-02-18,SerieA,Inter,Udinese,0.7617,0.1585,0.0798,H,H,1
2023-02-18,SerieA,Monza,Milan,0.1028,0.1759,0.7213,A,A,1
2023-02-18,LaLiga,Sociedad,Celta,0.3099,0.2699,0.4203,A,D,0
2023-02-18,Bundesliga,Wolfsburg,RB Leipzig,0.3415,0.2538,0.4047,A,A,1
2023-02-18,SerieA,Sampdoria,Bologna,0.1135,0.1855,0.701,A,A,1
2023-02-18,Bundesliga,Ein Frankfurt,Werder Bremen,0.5323,0.2231,0.2446,H,H,1
2023-02-19,Ligue1,Lorient,Ajaccio,0.6865,0.2094,0.104,H,H,1
2023-02-19,Bundesliga,Leverkusen,Mainz,0.5351,0.2347,0.2302,H,A,0
2023-02-19,Bundesliga,Dortmund,Hertha,0.8039,0.1171,0.0784,H,H,1
2023-02-19,Ligue1,Rennes,Clermont,0.653,0.208,0.1389,H,H,1
2023-02-19,Bundesliga,Union Berlin,Schalke 04,0.4863,0.2589,0.2548,H,D,0
2023-02-19,LaLiga,Barcelona,Cadiz,0.8529,0.1062,0.0407,H,H,1
2023-02-19,LaLiga,Ath Madrid,Ath Bilbao,0.4024,0.3166,0.281,H,H,1
2023-02-19,LaLiga,Vallecano,Sevilla,0.4006,0.2992,0.3002,H,D,0
2023-02-19,LaLiga,Elche,Espanol,0.2663,0.3023,0.4313,A,A,1
2023-02-19,Ligue1,Lens,Nantes,0.4923,0.2855,0.2222,H,H,1
2023-02-19,Ligue1,Brest,Monaco,0.2698,0.2217,0.5085,A,A,1
2023-02-19,Ligue1,Toulouse,Marseille,0.3083,0.2371,0.4546,A,A,1
2023-02-19,SerieA,Roma,Verona,0.7049,0.2055,0.0896,H,H,1
2023-02-19,SerieA,Spezia,Juventus,0.1275,0.2248,0.6477,A,A,1
2023-02-19,SerieA,Salernitana,Lazio,0.14,0.1914,0.6686,A,A,1
2023-02-19,SerieA,Fiorentina,Empoli,0.6808,0.1973,0.122,H,D,0
2023-02-19,SerieA,Atalanta,Lecce,0.7576,0.1678,0.0746,H,A,0
2023-02-19,EPL,Man United,Leicester,0.6134,0.2355,0.1511,H,H,1
2023-02-19,EPL,Tottenham,West Ham,0.451,0.2336,0.3153,H,H,1
2023-02-19,Ligue1,Troyes,Montpellier,0.4991,0.2664,0.2345,H,A,0
2023-02-19,Ligue1,Paris SG,Lille,0.5788,0.221,0.2001,H,H,1
2023-02-20,LaLiga,Getafe,Valencia,0.3379,0.3136,0.3485,A,H,0
2023-02-20,SerieA,Torino,Cremonese,0.5302,0.2714,0.1984,H,D,0
2023-02-24,LaLiga,Elche,Betis,0.2063,0.2443,0.5494,A,A,1
2023-02-24,Ligue1,Lille,Brest,0.5449,0.2362,0.2189,H,H,1
2023-02-24,Bundesliga,Mainz,M'gladbach,0.5148,0.2318,0.2535,H,H,1
2023-02-24,EPL,Fulham,Wolves,0.4692,0.2454,0.2853,H,D,0
2023-02-25,SerieA,Empoli,Napoli,0.1177,0.2309,0.6513,A,A,1
2023-02-25,SerieA,Lecce,Sassuolo,0.3954,0.2882,0.3164,H,A,0
2023-02-25,EPL,Everton,Aston Villa,0.3393,0.3064,0.3543,A,A,1
2023-02-25,EPL,Leeds,Southampton,0.5753,0.228,0.1967,H,H,1
2023-02-25,EPL,Leicester,Arsenal,0.0652,0.157,0.7778,A,A,1
2023-02-25,EPL,Crystal Palace,Liverpool,0.2637,0.2292,0.5071,A,D,0
2023-02-25,EPL,Bournemouth,Man City,0.2508,0.2569,0.4923,A,A,1
2023-02-25,Ligue1,Angers,Lyon,0.1824,0.2334,0.5842,A,A,1
2023-02-25,LaLiga,Cadiz,Vallecano,0.2291,0.3374,0.4335,A,H,0
2023-02-25,LaLiga,Espanol,Mallorca,0.396,0.3321,0.2719,H,H,1
2023-02-25,Bundesliga,Schalke 04,Stuttgart,0.1611,0.1837,0.6552,A,H,0
2023-02-25,Bundesliga,Werder Bremen,Bochum,0.6132,0.2139,0.1729,H,H,1
2023-02-25,Bundesliga,RB Leipzig,Ein Frankfurt,0.3619,0.2434,0.3947,A,H,0
2023-02-25,Bundesliga,Hoffenheim,Dortmund,0.1928,0.1785,0.6286,A,A,1
2023-02-25,Bundesliga,Hertha,Augsburg,0.3252,0.2769,0.3979,A,H,0
2023-02-25,Bundesliga,FC Koln,Wolfsburg,0.2568,0.267,0.4762,A,A,1
2023-02-25,EPL,West Ham,Nott'm Forest,0.3055,0.2607,0.4338,A,H,0
2023-02-25,Ligue1,Montpellier,Lens,0.123,0.2359,0.6411,A,D,0
2023-02-25,LaLiga,Real Madrid,Ath Madrid,0.4176,0.2563,0.3261,H,D,0
2023-02-25,LaLiga,Valencia,Sociedad,0.4297,0.2973,0.2731,H,H,1
2023-02-26,Ligue1,Nantes,Rennes,0.2923,0.2645,0.4433,A,A,1
2023-02-26,Ligue1,Marseille,Paris SG,0.2798,0.2004,0.5197,A,A,1
2023-02-26,Bundesliga,Bayern Munich,Union Berlin,0.8222,0.1179,0.0597,H,H,1
2023-02-26,Bundesliga,Freiburg,Leverkusen,0.2245,0.2231,0.5525,A,D,0
2023-02-26,Ligue1,Monaco,Nice,0.4006,0.2469,0.3524,H,A,0
2023-02-26,LaLiga,Ath Bilbao,Girona,0.6273,0.2376,0.1351,H,A,0
2023-02-26,LaLiga,Celta,Valladolid,0.8213,0.1168,0.0615,H,H,1
2023-02-26,Ligue1,Lorient,Auxerre,0.2958,0.2467,0.4575,A,A,1
2023-02-26,Ligue1,Reims,Toulouse,0.2641,0.3142,0.4216,A,H,0
2023-02-26,EPL,Tottenham,Chelsea,0.2594,0.2319,0.5086,A,H,0
2023-02-26,Ligue1,Clermont,Strasbourg,0.1628,0.2403,0.5969,A,D,0
2023-02-26,LaLiga,Almeria,Barcelona,0.0897,0.1219,0.7878,A,H,0
2023-02-26,Ligue1,Ajaccio,Troyes,0.2086,0.2874,0.5039,A,H,0
2023-02-26,SerieA,Bologna,Inter,0.2361,0.2426,0.5213,A,H,0
2023-02-26,LaLiga,Sevilla,Osasuna,0.3365,0.2744,0.3891,A,A,1
2023-02-26,SerieA,Salernitana,Monza,0.4322,0.2689,0.2989,H,H,1
2023-02-26,SerieA,Udinese,Spezia,0.498,0.2741,0.2279,H,D,0
2023-02-26,SerieA,Milan,Atalanta,0.3183,0.2405,0.4412,A,H,0
2023-02-27,LaLiga,Villarreal,Getafe,0.5918,0.232,0.1761,H,H,1
2023-02-27,SerieA,Lazio,Sampdoria,0.7662,0.1541,0.0796,H,H,1
2023-02-27,SerieA,Verona,Fiorentina,0.1684,0.2411,0.5905,A,A,1
2023-02-28,SerieA,Juventus,Torino,0.5311,0.2861,0.1828,H,H,1
2023-02-28,SerieA,Cremonese,Roma,0.1044,0.192,0.7036,A,H,0
2023-03-01,EPL,Liverpool,Wolves,0.7057,0.1657,0.1285,H,H,1
2023-03-01,EPL,Arsenal,Everton,0.5527,0.2795,0.1678,H,H,1
2023-03-03,LaLiga,Sociedad,Cadiz,0.4814,0.3218,0.1968,H,D,0
2023-03-03,SerieA,Napoli,Lazio,0.5169,0.2697,0.2133,H,A,0
2023-03-03,Ligue1,Nice,Auxerre,0.5678,0.229,0.2032,H,D,0
2023-03-03,Bundesliga,Dortmund,RB Leipzig,0.5501,0.2109,0.239,H,H,1
2023-03-04,LaLiga,Getafe,Girona,0.3941,0.2917,0.3142,H,H,1
2023-03-04,Bundesliga,M'gladbach,Freiburg,0.425,0.2358,0.3392,H,D,0
2023-03-04,Bundesliga,Union Berlin,FC Koln,0.4558,0.2881,0.256,H,D,0
2023-03-04,Bundesliga,Stuttgart,Bayern Munich,0.2084,0.1884,0.6032,A,A,1
2023-03-04,LaLiga,Mallorca,Elche,0.4415,0.3261,0.2324,H,A,0
2023-03-04,LaLiga,Almeria,Villarreal,0.1972,0.1876,0.6151,A,A,1
2023-03-04,Bundesliga,Mainz,Hoffenheim,0.5843,0.2123,0.2034,H,H,1
2023-03-04,LaLiga,Ath Madrid,Sevilla,0.6928,0.1924,0.1148,H,H,1
2023-03-04,Ligue1,Lens,Lille,0.3179,0.3035,0.3786,A,D,0
2023-03-04,Ligue1,Paris SG,Nantes,0.7715,0.1449,0.0835,H,H,1
2023-03-04,EPL,Southampton,Leicester,0.3191,0.3023,0.3786,A,H,0
2023-03-04,EPL,Wolves,Tottenham,0.4204,0.2298,0.3498,H,H,1
2023-03-04,Bundesliga,Augsburg,Werder Bremen,0.2964,0.2792,0.4244,A,H,0
2023-03-04,EPL,Chelsea,Leeds,0.7411,0.1576,0.1012,H,H,1
2023-03-04,EPL,Brighton,West Ham,0.5446,0.2194,0.236,H,H,1
2023-03-04,Bundesliga,Bochum,Schalke 04,0.4153,0.2588,0.3259,H,A,0
2023-03-04,EPL,Arsenal,Bournemouth,0.5793,0.2447,0.176,H,H,1
2023-03-04,SerieA,Monza,Empoli,0.2995,0.2937,0.4068,A,H,0
2023-03-04,SerieA,Atalanta,Udinese,0.7375,0.1665,0.096,H,D,0
2023-03-04,SerieA,Fiorentina,Milan,0.4026,0.2482,0.3492,H,H,1
2023-03-04,EPL,Man City,Newcastle,0.5053,0.2358,0.259,H,H,1
2023-03-04,EPL,Aston Villa,Crystal Palace,0.447,0.2583,0.2946,H,H,1
2023-03-05,LaLiga,Barcelona,Valencia,0.7412,0.1548,0.1039,H,H,1
2023-03-05,LaLiga,Vallecano,Ath Bilbao,0.1919,0.3233,0.4847,A,D,0
2023-03-05,LaLiga,Betis,Real Madrid,0.2417,0.2222,0.5361,A,D,0
2023-03-05,EPL,Nott'm Forest,Everton,0.388,0.3058,0.3062,H,D,0
2023-03-05,EPL,Liverpool,Man United,0.6698,0.1891,0.1411,H,H,1
2023-03-05,LaLiga,Valladolid,Espanol,0.1339,0.2184,0.6477,A,H,0
2023-03-05,SerieA,Roma,Juventus,0.4392,0.2964,0.2644,H,H,1
2023-03-05,Ligue1,Lyon,Lorient,0.686,0.1712,0.1427,H,D,0
2023-03-05,SerieA,Inter,Lecce,0.7769,0.1605,0.0625,H,H,1
2023-03-05,SerieA,Sampdoria,Salernitana,0.3563,0.265,0.3787,A,D,0
2023-03-05,SerieA,Spezia,Verona,0.3375,0.3107,0.3518,A,D,0
2023-03-05,Bundesliga,Wolfsburg,Ein Frankfurt,0.29,0.2406,0.4694,A,D,0
2023-03-05,Bundesliga,Leverkusen,Hertha,0.8077,0.1203,0.0716,H,H,1
2023-03-05,Ligue1,Troyes,Monaco,0.1129,0.1653,0.7217,A,D,0
2023-03-05,Ligue1,Montpellier,Angers,0.2308,0.3119,0.4573,A,H,0
2023-03-05,Ligue1,Reims,Ajaccio,0.5944,0.292,0.1136,H,H,1
2023-03-05,Ligue1,Rennes,Marseille,0.3323,0.2215,0.4462,A,A,1
2023-03-05,Ligue1,Strasbourg,Brest,0.5215,0.2315,0.247,H,A,0
2023-03-05,Ligue1,Toulouse,Clermont,0.6073,0.2393,0.1534,H,A,0
2023-03-06,LaLiga,Osasuna,Celta,0.3916,0.2503,0.3581,H,D,0
2023-03-06,SerieA,Torino,Bologna,0.2791,0.2936,0.4273,A,H,0
2023-03-06,SerieA,Sassuolo,Cremonese,0.4364,0.2452,0.3184,H,H,1
2023-03-06,EPL,Brentford,Fulham,0.4854,0.2369,0.2776,H,H,1
2023-03-10,Ligue1,Lille,Lyon,0.4177,0.2556,0.3267,H,D,0
2023-03-10,LaLiga,Cadiz,Getafe,0.2392,0.3493,0.4114,A,D,0
2023-03-10,SerieA,Spezia,Inter,0.0687,0.1501,0.7811,A,H,0
2023-03-10,Bundesliga,FC Koln,Bochum,0.3952,0.2852,0.3196,H,A,0
2023-03-11,Ligue1,Auxerre,Rennes,0.3814,0.252,0.3666,H,D,0
2023-03-11,Ligue1,Brest,Paris SG,0.1555,0.1676,0.6768,A,A,1
2023-03-11,SerieA,Bologna,Lazio,0.4152,0.2565,0.3283,H,D,0
2023-03-11,Bundesliga,Schalke 04,Dortmund,0.1196,0.1548,0.7254,A,D,0
2023-03-11,SerieA,Napoli,Atalanta,0.3856,0.2852,0.3291,H,H,1
2023-03-11,SerieA,Empoli,Udinese,0.3333,0.29,0.3768,A,A,1
2023-03-11,Bundesliga,RB Leipzig,M'gladbach,0.5054,0.2244,0.2702,H,H,1
2023-03-11,Bundesliga,Hertha,Mainz,0.1881,0.2169,0.595,A,D,0
2023-03-11,EPL,Leeds,Brighton,0.1946,0.1858,0.6195,A,D,0
2023-03-11,Bundesliga,Bayern Munich,Augsburg,0.8012,0.1337,0.065,H,H,1
2023-03-11,LaLiga,Real Madrid,Espanol,0.6693,0.2013,0.1293,H,H,1
2023-03-11,LaLiga,Elche,Valladolid,0.5885,0.2435,0.1681,H,D,0
2023-03-11,EPL,Crystal Palace,Man City,0.2468,0.2478,0.5055,A,A,1
2023-03-11,EPL,Tottenham,Nott'm Forest,0.3351,0.2376,0.4273,A,H,0
2023-03-11,EPL,Leicester,Chelsea,0.1109,0.2019,0.6872,A,A,1
2023-03-11,EPL,Everton,Brentford,0.3662,0.2885,0.3453,H,H,1
2023-03-11,EPL,Bournemouth,Liverpool,0.2684,0.2375,0.4941,A,H,0
2023-03-11,LaLiga,Celta,Vallecano,0.4734,0.2642,0.2625,H,H,1
2023-03-11,LaLiga,Valencia,Osasuna,0.3769,0.2788,0.3443,H,H,1
2023-03-11,Bundesliga,Ein Frankfurt,Stuttgart,0.4477,0.225,0.3273,H,D,0
2023-03-12,LaLiga,Villarreal,Betis,0.5107,0.2166,0.2726,H,D,0
2023-03-12,LaLiga,Ath Bilbao,Barcelona,0.3216,0.2772,0.4012,A,A,1
2023-03-12,SerieA,Roma,Sassuolo,0.7755,0.1497,0.0747,H,A,0
2023-03-12,Ligue1,Monaco,Reims,0.6273,0.2331,0.1396,H,A,0
2023-03-12,SerieA,Juventus,Sampdoria,0.7873,0.1489,0.0637,H,H,1
2023-03-12,Ligue1,Nantes,Nice,0.1997,0.2467,0.5536,A,D,0
2023-03-12,SerieA,Lecce,Torino,0.2565,0.3457,0.3977,A,A,1
2023-03-12,SerieA,Cremonese,Fiorentina,0.1461,0.1988,0.6551,A,A,1
2023-03-12,LaLiga,Mallorca,Sociedad,0.3578,0.3454,0.2968,H,D,0
2023-03-12,Ligue1,Lorient,Troyes,0.5411,0.227,0.2319,H,H,1
2023-03-12,Ligue1,Angers,Toulouse,0.2456,0.2944,0.4601,A,A,1
2023-03-12,Ligue1,Ajaccio,Montpellier,0.2725,0.3461,0.3814,A,A,1
2023-03-12,Ligue1,Clermont,Lens,0.189,0.2749,0.5361,A,A,1
2023-03-12,LaLiga,Sevilla,Almeria,0.4608,0.2428,0.2965,H,H,1
2023-03-12,Bundesliga,Wolfsburg,Union Berlin,0.4817,0.2644,0.2539,H,D,0
2023-03-12,Bundesliga,Freiburg,Hoffenheim,0.4959,0.2246,0.2794,H,H,1
2023-03-12,SerieA,Verona,Monza,0.4674,0.2955,0.2372,H,D,0
2023-03-12,Ligue1,Marseille,Strasbourg,0.477,0.2307,0.2923,H,D,0
2023-03-12,Bundesliga,Werder Bremen,Leverkusen,0.2478,0.2246,0.5275,A,A,1
2023-03-12,EPL,Newcastle,Wolves,0.6303,0.1971,0.1725,H,H,1
2023-03-12,EPL,Fulham,Arsenal,0.1963,0.2435,0.5602,A,A,1
2023-03-12,EPL,Man United,Southampton,0.6776,0.2094,0.113,H,D,0
2023-03-12,EPL,West Ham,Aston Villa,0.27,0.2537,0.4763,A,D,0
2023-03-13,LaLiga,Girona,Ath Madrid,0.153,0.2065,0.6404,A,A,1
2023-03-13,SerieA,Milan,Salernitana,0.7979,0.1284,0.0734,H,D,0
2023-03-15,EPL,Southampton,Brentford,0.0975,0.1706,0.7318,A,A,1
2023-03-15,EPL,Brighton,Crystal Palace,0.4227,0.2378,0.3395,H,H,1
2023-03-17,SerieA,Sassuolo,Spezia,0.4442,0.2612,0.2946,H,H,1
2023-03-17,EPL,Nott'm Forest,Newcastle,0.3194,0.2474,0.4332,A,A,1
2023-03-17,Ligue1,Lyon,Nantes,0.6136,0.2141,0.1723,H,D,0
2023-03-17,SerieA,Atalanta,Empoli,0.7866,0.1425,0.0708,H,H,1
2023-03-17,Bundesliga,M'gladbach,Werder Bremen,0.3975,0.2322,0.3703,H,D,0
2023-03-17,LaLiga,Valladolid,Ath Bilbao,0.0532,0.1531,0.7936,A,A,1
2023-03-18,Bundesliga,Dortmund,FC Koln,0.7603,0.1497,0.0899,H,H,1
2023-03-18,LaLiga,Ath Madrid,Valencia,0.6447,0.2155,0.1398,H,H,1
2023-03-18,LaLiga,Espanol,Celta,0.3512,0.265,0.3838,A,A,1
2023-03-18,LaLiga,Vallecano,Girona,0.4167,0.2832,0.3001,H,D,0
2023-03-18,LaLiga,Almeria,Cadiz,0.5084,0.2678,0.2238,H,D,0
2023-03-18,EPL,Chelsea,Everton,0.4513,0.303,0.2457,H,D,0
2023-03-18,EPL,Brentford,Leicester,0.7409,0.1648,0.0943,H,D,0
2023-03-18,Bundesliga,Augsburg,Schalke 04,0.4761,0.2732,0.2506,H,D,0
2023-03-18,Bundesliga,Bochum,RB Leipzig,0.2008,0.2306,0.5686,A,H,0
2023-03-18,Bundesliga,Hoffenheim,Hertha,0.5552,0.2058,0.239,H,H,1
2023-03-18,EPL,Aston Villa,Bournemouth,0.4354,0.2668,0.2978,H,H,1
2023-03-18,Bundesliga,Stuttgart,Wolfsburg,0.5529,0.2167,0.2304,H,A,0
2023-03-18,EPL,Wolves,Leeds,0.5866,0.2055,0.2078,H,A,0
2023-03-18,EPL,Southampton,Tottenham,0.1499,0.1997,0.6504,A,D,0
2023-03-18,Ligue1,Lens,Angers,0.5377,0.284,0.1783,H,H,1
2023-03-18,Ligue1,Toulouse,Lille,0.3052,0.2875,0.4073,A,A,1
2023-03-18,SerieA,Monza,Cremonese,0.3321,0.2782,0.3897,A,D,0
2023-03-18,SerieA,Salernitana,Bologna,0.1376,0.1885,0.6739,A,D,0
2023-03-18,SerieA,Udinese,Milan,0.2017,0.2325,0.5659,A,H,0
2023-03-19,LaLiga,Getafe,Sevilla,0.3789,0.3079,0.3132,H,H,1
2023-03-19,Ligue1,Ajaccio,Monaco,0.0468,0.1326,0.8205,A,A,1
2023-03-19,Bundesliga,Union Berlin,Ein Frankfurt,0.2178,0.2406,0.5415,A,H,0
2023-03-19,Bundesliga,Leverkusen,Bayern Munich,0.2951,0.2196,0.4852,A,H,0
2023-03-19,Bundesliga,Mainz,Freiburg,0.4972,0.2502,0.2527,H,D,0
2023-03-19,Ligue1,Strasbourg,Auxerre,0.4835,0.2559,0.2605,H,H,1
2023-03-19,Ligue1,Troyes,Brest,0.213,0.2123,0.5747,A,D,0
2023-03-19,Ligue1,Paris SG,Rennes,0.6984,0.164,0.1375,H,A,0
2023-03-19,Ligue1,Reims,Marseille,0.1916,0.2422,0.5662,A,A,1
2023-03-19,SerieA,Inter,Juventus,0.5256,0.2571,0.2173,H,A,0
2023-03-19,SerieA,Lazio,Roma,0.2853,0.2793,0.4355,A,H,0
2023-03-19,SerieA,Torino,Napoli,0.184,0.3077,0.5082,A,A,1
2023-03-19,SerieA,Fiorentina,Lecce,0.6536,0.2237,0.1227,H,H,1
2023-03-19,SerieA,Sampdoria,Verona,0.2832,0.2962,0.4207,A,H,0
2023-03-19,LaLiga,Betis,Mallorca,0.5069,0.2742,0.2189,H,H,1
2023-03-19,LaLiga,Osasuna,Villarreal,0.2962,0.2381,0.4657,A,A,1
2023-03-19,LaLiga,Sociedad,Elche,0.4584,0.3046,0.237,H,H,1
2023-03-19,EPL,Arsenal,Crystal Palace,0.5945,0.234,0.1715,H,H,1
2023-03-19,LaLiga,Barcelona,Real Madrid,0.4836,0.218,0.2984,H,H,1
2023-03-19,Ligue1,Montpellier,Clermont,0.2782,0.3084,0.4134,A,H,0
2023-03-19,Ligue1,Nice,Lorient,0.7054,0.1729,0.1217,H,D,0
2023-03-31,Bundesliga,Ein Frankfurt,Bochum,0.715,0.1719,0.1131,H,D,0
2023-03-31,LaLiga,Mallorca,Osasuna,0.3138,0.3172,0.3689,A,D,0
2023-03-31,Ligue1,Marseille,Montpellier,0.8518,0.102,0.0458,H,D,0
2023-04-01,LaLiga,Ath Bilbao,Getafe,0.5589,0.3001,0.141,H,D,0
2023-04-01,LaLiga,Cadiz,Sevilla,0.2479,0.3099,0.4422,A,A,1
2023-04-01,Ligue1,Rennes,Lens,0.3999,0.2714,0.3287,H,A,0
2023-04-01,SerieA,Cremonese,Atalanta,0.0853,0.146,0.7686,A,A,1
2023-04-01,LaLiga,Elche,Barcelona,0.0763,0.1383,0.7852,A,A,1
2023-04-01,LaLiga,Girona,Espanol,0.3608,0.2765,0.3628,A,H,0
2023-04-01,SerieA,Juventus,Verona,0.6619,0.2237,0.1143,H,H,1
2023-04-01,SerieA,Inter,Fiorentina,0.5758,0.2278,0.1964,H,A,0
2023-04-01,Ligue1,Auxerre,Troyes,0.6536,0.1997,0.1466,H,H,1
2023-04-01,Bundesliga,Freiburg,Hertha,0.5995,0.209,0.1915,H,D,0
2023-04-01,EPL,Crystal Palace,Leicester,0.7037,0.1897,0.1066,H,H,1
2023-04-01,EPL,Brighton,Brentford,0.4109,0.2259,0.3633,H,D,0
2023-04-01,EPL,Bournemouth,Fulham,0.4543,0.261,0.2847,H,H,1
2023-04-01,EPL,Arsenal,Leeds,0.8319,0.1133,0.0545,H,H,1
2023-04-01,EPL,Nott'm Forest,Wolves,0.5087,0.2421,0.2493,H,D,0
2023-04-01,EPL,Man City,Liverpool,0.4421,0.2388,0.3191,H,H,1
2023-04-01,EPL,Chelsea,Aston Villa,0.4394,0.267,0.2936,H,A,0
2023-04-01,Bundesliga,RB Leipzig,Mainz,0.3911,0.2616,0.3472,H,A,0
2023-04-01,Bundesliga,Schalke 04,Leverkusen,0.1086,0.1588,0.7326,A,A,1
2023-04-01,Bundesliga,Union Berlin,Stuttgart,0.2283,0.2336,0.538,A,H,0
2023-04-01,Bundesliga,Bayern Munich,Dortmund,0.6315,0.1778,0.1906,H,H,1
2023-04-01,Bundesliga,Wolfsburg,Augsburg,0.4659,0.2802,0.2539,H,D,0
2023-04-02,SerieA,Spezia,Salernitana,0.4215,0.2703,0.3081,H,D,0
2023-04-02,EPL,West Ham,Southampton,0.6693,0.2072,0.1235,H,H,1
2023-04-02,EPL,Newcastle,Man United,0.5959,0.2199,0.1842,H,H,1
2023-04-02,Ligue1,Lille,Lorient,0.6386,0.2119,0.1496,H,H,1
2023-04-02,LaLiga,Celta,Almeria,0.5876,0.1992,0.2131,H,D,0
2023-04-02,LaLiga,Real Madrid,Valladolid,0.9311,0.0495,0.0165,H,H,1
2023-04-02,LaLiga,Villarreal,Sociedad,0.608,0.2209,0.1711,H,H,1
2023-04-02,SerieA,Bologna,Udinese,0.5943,0.2292,0.1764,H,H,1
2023-04-02,SerieA,Napoli,Milan,0.4819,0.27,0.2482,H,A,0
2023-04-02,SerieA,Roma,Sampdoria,0.8225,0.1298,0.0477,H,H,1
2023-04-02,SerieA,Monza,Lazio,0.1285,0.2063,0.6652,A,A,1
2023-04-02,LaLiga,Ath Madrid,Betis,0.5988,0.2171,0.1841,H,H,1
2023-04-02,Ligue1,Angers,Nice,0.1573,0.2403,0.6023,A,D,0
2023-04-02,Bundesliga,FC Koln,M'gladbach,0.2575,0.245,0.4975,A,D,0
2023-04-02,Ligue1,Monaco,Strasbourg,0.4721,0.2472,0.2807,H,H,1
2023-04-02,Bundesliga,Werder Bremen,Hoffenheim,0.5327,0.2138,0.2535,H,A,0
2023-04-02,Ligue1,Brest,Toulouse,0.3831,0.2516,0.3653,H,H,1
2023-04-02,Ligue1,Clermont,Ajaccio,0.5539,0.2926,0.1535,H,H,1
2023-04-02,Ligue1,Paris SG,Lyon,0.631,0.1804,0.1886,H,A,0
2023-04-02,Ligue1,Nantes,Reims,0.3955,0.3296,0.2749,H,A,0
2023-04-03,EPL,Everton,Tottenham,0.4739,0.2649,0.2613,H,D,0
2023-04-03,SerieA,Sassuolo,Torino,0.2704,0.2791,0.4506,A,D,0
2023-04-03,SerieA,Empoli,Lecce,0.3787,0.3215,0.2998,H,H,1
2023-04-03,LaLiga,Valencia,Vallecano,0.4051,0.3029,0.292,H,D,0
2023-04-04,EPL,Leeds,Nott'm Forest,0.2001,0.2114,0.5885,A,H,0
2023-04-04,EPL,Bournemouth,Brighton,0.4271,0.2441,0.3288,H,A,0
2023-04-04,EPL,Chelsea,Liverpool,0.3342,0.2477,0.4181,A,D,0
2023-04-04,EPL,Leicester,Aston Villa,0.1276,0.2084,0.664,A,A,1
2023-04-05,EPL,West Ham,Newcastle,0.2242,0.2252,0.5506,A,A,1
2023-04-05,EPL,Man United,Brentford,0.3133,0.2553,0.4314,A,H,0
2023-04-07,SerieA,Lecce,Napoli,0.1172,0.2616,0.6212,A,A,1
2023-04-07,SerieA,Milan,Empoli,0.7048,0.1825,0.1126,H,D,0
2023-04-07,LaLiga,Sevilla,Celta,0.3226,0.2491,0.4283,A,D,0
2023-04-07,Ligue1,Lens,Strasbourg,0.354,0.2895,0.3565,A,H,0
2023-04-07,SerieA,Salernitana,Inter,0.0548,0.1145,0.8305,A,D,0
2023-04-08,SerieA,Atalanta,Bologna,0.5687,0.2228,0.2085,H,A,0
2023-04-08,SerieA,Udinese,Monza,0.5471,0.2599,0.193,H,D,0
2023-04-08,SerieA,Fiorentina,Spezia,0.7233,0.1786,0.0981,H,D,0
2023-04-08,SerieA,Lazio,Juventus,0.3431,0.2772,0.3797,A,H,0
2023-04-08,SerieA,Verona,Sassuolo,0.4111,0.2737,0.3153,H,H,1
2023-04-08,SerieA,Torino,Roma,0.1922,0.3002,0.5076,A,A,1
2023-04-08,SerieA,Sampdoria,Cremonese,0.3162,0.2685,0.4153,A,A,1
2023-04-08,LaLiga,Espanol,Ath Bilbao,0.2029,0.3145,0.4826,A,A,1
2023-04-08,EPL,Wolves,Chelsea,0.2511,0.2491,0.4999,A,H,0
2023-04-08,Bundesliga,Augsburg,FC Koln,0.4452,0.304,0.2507,H,A,0
2023-04-08,Bundesliga,Freiburg,Bayern Munich,0.1306,0.1666,0.7027,A,A,1
2023-04-08,Bundesliga,Leverkusen,Ein Frankfurt,0.5117,0.2249,0.2634,H,H,1
2023-04-08,Bundesliga,Mainz,Werder Bremen,0.4734,0.2498,0.2769,H,D,0
2023-04-08,Bundesliga,Hertha,RB Leipzig,0.1998,0.2107,0.5895,A,A,1
2023-04-08,LaLiga,Osasuna,Elche,0.5533,0.2577,0.189,H,H,1
2023-04-08,LaLiga,Sociedad,Getafe,0.3591,0.3346,0.3063,H,H,1
2023-04-08,EPL,Southampton,Man City,0.0473,0.1209,0.8317,A,A,1
2023-04-08,LaLiga,Real Madrid,Villarreal,0.5626,0.2078,0.2296,H,A,0
2023-04-08,Ligue1,Nice,Paris SG,0.305,0.2276,0.4674,A,A,1
2023-04-08,EPL,Man United,Everton,0.3162,0.3171,0.3667,A,H,0
2023-04-08,EPL,Aston Villa,Nott'm Forest,0.4477,0.2601,0.2922,H,H,1
2023-04-08,EPL,Brentford,Newcastle,0.3443,0.2337,0.422,A,A,1
2023-04-08,EPL,Fulham,West Ham,0.4786,0.2503,0.2711,H,A,0
2023-04-08,EPL,Leicester,Bournemouth,0.1465,0.2291,0.6245,A,A,1
2023-04-08,EPL,Tottenham,Brighton,0.3411,0.2145,0.4444,A,H,0
2023-04-08,Ligue1,Angers,Lille,0.1809,0.2806,0.5385,A,H,0
2023-04-08,Bundesliga,Dortmund,Union Berlin,0.6913,0.1798,0.1288,H,H,1
2023-04-09,LaLiga,Betis,Cadiz,0.651,0.2229,0.126,H,A,0
2023-04-09,Ligue1,Lorient,Marseille,0.1868,0.1869,0.6262,A,D,0
2023-04-09,Bundesliga,Hoffenheim,Schalke 04,0.5558,0.2108,0.2334,H,H,1
2023-04-09,Bundesliga,Bochum,Stuttgart,0.1677,0.198,0.6343,A,A,1
2023-04-09,Bundesliga,M'gladbach,Wolfsburg,0.4262,0.2377,0.3361,H,H,1
2023-04-09,Ligue1,Lyon,Rennes,0.5143,0.2186,0.2671,H,H,1
2023-04-09,Ligue1,Ajaccio,Auxerre,0.0907,0.2077,0.7016,A,A,1
2023-04-09,Ligue1,Montpellier,Toulouse,0.1314,0.2281,0.6405,A,A,1
2023-04-09,Ligue1,Reims,Brest,0.2978,0.2847,0.4174,A,D,0
2023-04-09,EPL,Leeds,Crystal Palace,0.1981,0.2087,0.5931,A,A,1
2023-04-09,Ligue1,Troyes,Clermont,0.3839,0.2793,0.3368,H,A,0
2023-04-09,LaLiga,Almeria,Valencia,0.3286,0.2503,0.4211,A,H,0
2023-04-09,LaLiga,Valladolid,Mallorca,0.1592,0.2644,0.5763,A,D,0
2023-04-09,LaLiga,Vallecano,Ath Madrid,0.1733,0.2588,0.5679,A,A,1
2023-04-09,Ligue1,Nantes,Monaco,0.2116,0.2431,0.5454,A,D,0
2023-04-09,EPL,Liverpool,Arsenal,0.3703,0.256,0.3738,A,D,0
2023-04-10,LaLiga,Barcelona,Girona,0.8104,0.1157,0.0733,H,D,0
2023-04-14,SerieA,Cremonese,Empoli,0.3707,0.2766,0.3528,H,H,1
2023-04-14,Ligue1,Toulouse,Lyon,0.3233,0.2464,0.4303,A,A,1
2023-04-14,LaLiga,Vallecano,Osasuna,0.3415,0.3007,0.3577,A,H,0
2023-04-14,Bundesliga,Schalke 04,Hertha,0.4149,0.2408,0.3443,H,H,1
2023-04-14,SerieA,Spezia,Lazio,0.1573,0.2264,0.6163,A,A,1
2023-04-15,EPL,Southampton,Crystal Palace,0.1098,0.1957,0.6945,A,A,1
2023-04-15,EPL,Tottenham,Bournemouth,0.3255,0.2419,0.4326,A,A,1
2023-04-15,Bundesliga,Bayern Munich,Hoffenheim,0.8553,0.0887,0.0542,H,D,0
2023-04-15,Bundesliga,FC Koln,Mainz,0.1912,0.2529,0.5559,A,D,0
2023-04-15,Bundesliga,RB Leipzig,Augsburg,0.5394,0.2581,0.2025,H,H,1
2023-04-15,Bundesliga,Stuttgart,Dortmund,0.3679,0.2146,0.4174,A,D,0
2023-04-15,Bundesliga,Ein Frankfurt,M'gladbach,0.5769,0.2038,0.2193,H,D,0
2023-04-15,Ligue1,Paris SG,Lens,0.6533,0.1983,0.1483,H,H,1
2023-04-15,SerieA,Napoli,Verona,0.7021,0.2112,0.0867,H,D,0
2023-04-15,SerieA,Bologna,Milan,0.3725,0.2492,0.3783,A,D,0
2023-04-15,SerieA,Inter,Monza,0.8704,0.0956,0.0337,H,A,0
2023-04-15,EPL,Chelsea,Brighton,0.5027,0.2346,0.2628,H,A,0
2023-04-15,EPL,Everton,Fulham,0.4123,0.2984,0.2894,H,A,0
2023-04-15,EPL,Aston Villa,Newcastle,0.3599,0.2491,0.391,A,H,0
2023-04-15,EPL,Wolves,Brentford,0.3063,0.2366,0.4571,A,H,0
2023-04-15,EPL,Man City,Leicester,0.8394,0.1153,0.0451,H,H,1
2023-04-15,LaLiga,Villarreal,Valladolid,0.8932,0.0732,0.0321,H,A,0
2023-04-15,Ligue1,Rennes,Reims,0.5335,0.2677,0.1988,H,H,1
2023-04-15,LaLiga,Ath Bilbao,Sociedad,0.5761,0.2857,0.1382,H,H,1
2023-04-15,LaLiga,Betis,Espanol,0.4914,0.2566,0.2519,H,H,1
2023-04-15,LaLiga,Cadiz,Real Madrid,0.0831,0.1828,0.7341,A,A,1
2023-04-16,LaLiga,Valencia,Sevilla,0.4416,0.274,0.2843,H,A,0
2023-04-16,LaLiga,Girona,Elche,0.4947,0.2632,0.2421,H,H,1
2023-04-16,SerieA,Torino,Salernitana,0.5755,0.2518,0.1727,H,D,0
2023-04-16,SerieA,Sassuolo,Juventus,0.1414,0.2024,0.6562,A,H,0
2023-04-16,SerieA,Roma,Udinese,0.6715,0.2143,0.1142,H,H,1
2023-04-16,LaLiga,Ath Madrid,Almeria,0.768,0.1444,0.0875,H,H,1
2023-04-16,Ligue1,Strasbourg,Ajaccio,0.8127,0.1423,0.045,H,H,1
2023-04-16,Ligue1,Clermont,Angers,0.3209,0.322,0.3571,A,H,0
2023-04-16,Ligue1,Brest,Nice,0.2539,0.2252,0.5209,A,H,0
2023-04-16,Ligue1,Auxerre,Nantes,0.4799,0.2694,0.2508,H,H,1
2023-04-16,Ligue1,Lille,Montpellier,0.7745,0.1627,0.0628,H,H,1
2023-04-16,SerieA,Lecce,Sampdoria,0.4746,0.2987,0.2267,H,D,0
2023-04-16,LaLiga,Getafe,Barcelona,0.1295,0.197,0.6735,A,D,0
2023-04-16,Ligue1,Marseille,Troyes,0.8107,0.1164,0.0724,H,H,1
2023-04-16,Bundesliga,Werder Bremen,Freiburg,0.4471,0.2448,0.3081,H,A,0
2023-04-16,Bundesliga,Wolfsburg,Leverkusen,0.2226,0.2247,0.5527,A,D,0
2023-04-16,Bundesliga,Union Berlin,Bochum,0.4695,0.2734,0.2571,H,D,0
2023-04-16,EPL,West Ham,Arsenal,0.1541,0.2236,0.6222,A,D,0
2023-04-16,EPL,Nott'm Forest,Man United,0.4793,0.2634,0.2572,H,A,0
2023-04-16,Ligue1,Monaco,Lorient,0.699,0.1717,0.1292,H,H,1
2023-04-17,SerieA,Fiorentina,Atalanta,0.3028,0.246,0.4512,A,D,0
2023-04-17,EPL,Leeds,Liverpool,0.0901,0.1268,0.7826,A,A,1
2023-04-17,LaLiga,Celta,Mallorca,0.4833,0.2755,0.2412,H,A,0
2023-04-21,Bundesliga,Augsburg,Stuttgart,0.2306,0.2486,0.5208,A,D,0
2023-04-21,SerieA,Verona,Bologna,0.1866,0.2511,0.5623,A,H,0
2023-04-21,LaLiga,Espanol,Cadiz,0.5263,0.2994,0.1742,H,D,0
2023-04-21,Ligue1,Angers,Paris SG,0.0931,0.1655,0.7414,A,A,1
2023-04-21,EPL,Arsenal,Southampton,0.8746,0.0961,0.0291,H,D,0
2023-04-22,Bundesliga,Hertha,Werder Bremen,0.2338,0.2191,0.5471,A,A,1
2023-04-22,Bundesliga,Bochum,Wolfsburg,0.2569,0.2532,0.4899,A,A,1
2023-04-22,LaLiga,Osasuna,Betis,0.3585,0.2551,0.3864,A,H,0
2023-04-22,LaLiga,Almeria,Ath Bilbao,0.1586,0.2376,0.6039,A,A,1
2023-04-22,LaLiga,Sociedad,Vallecano,0.3479,0.3276,0.3245,H,H,1
2023-04-22,LaLiga,Valladolid,Girona,0.1519,0.2026,0.6455,A,H,0
2023-04-22,LaLiga,Real Madrid,Celta,0.6636,0.1821,0.1542,H,H,1
2023-04-22,EPL,Brentford,Aston Villa,0.3957,0.249,0.3553,H,D,0
2023-04-22,Bundesliga,Mainz,Bayern Munich,0.1936,0.2085,0.598,A,H,0
2023-04-22,Bundesliga,Dortmund,Ein Frankfurt,0.4909,0.2161,0.2929,H,H,1
2023-04-22,Bundesliga,Hoffenheim,FC Koln,0.5231,0.2367,0.2402,H,A,0
2023-04-22,EPL,Liverpool,Nott'm Forest,0.5966,0.2091,0.1943,H,H,1
2023-04-22,EPL,Fulham,Leeds,0.6369,0.1936,0.1695,H,H,1
2023-04-22,SerieA,Lazio,Torino,0.4974,0.2805,0.2221,H,A,0
2023-04-22,EPL,Crystal Palace,Everton,0.3914,0.3033,0.3053,H,D,0
2023-04-22,SerieA,Salernitana,Sassuolo,0.3601,0.2427,0.3972,A,H,0
2023-04-22,SerieA,Sampdoria,Spezia,0.3269,0.2901,0.3831,A,D,0
2023-04-22,Ligue1,Auxerre,Lille,0.2963,0.2773,0.4264,A,D,0
2023-04-22,Ligue1,Lens,Monaco,0.3113,0.2695,0.4192,A,H,0
2023-04-22,EPL,Leicester,Wolves,0.2088,0.2451,0.5461,A,H,0
2023-04-23,SerieA,Milan,Lecce,0.6776,0.2081,0.1143,H,H,1
2023-04-23,SerieA,Udinese,Cremonese,0.497,0.2578,0.2452,H,H,1
2023-04-23,SerieA,Monza,Fiorentina,0.1117,0.1909,0.6974,A,H,0
2023-04-23,Bundesliga,M'gladbach,Union Berlin,0.5033,0.2424,0.2543,H,A,0
2023-04-23,Bundesliga,Leverkusen,RB Leipzig,0.5668,0.2181,0.2151,H,H,1
2023-04-23,Bundesliga,Freiburg,Schalke 04,0.5981,0.2143,0.1875,H,H,1
2023-04-23,SerieA,Juventus,Napoli,0.3134,0.3136,0.373,A,A,1
2023-04-23,Ligue1,Reims,Strasbourg,0.2215,0.2967,0.4818,A,A,1
2023-04-23,EPL,Newcastle,Tottenham,0.6441,0.1817,0.1742,H,H,1
2023-04-23,Ligue1,Nantes,Troyes,0.5439,0.2491,0.207,H,D,0
2023-04-23,Ligue1,Nice,Clermont,0.7474,0.1678,0.0848,H,A,0
2023-04-23,Ligue1,Montpellier,Rennes,0.1174,0.1957,0.6869,A,H,0
2023-04-23,Ligue1,Lyon,Marseille,0.4201,0.214,0.3658,H,A,0
2023-04-23,SerieA,Empoli,Inter,0.087,0.1694,0.7435,A,A,1
2023-04-23,LaLiga,Elche,Valencia,0.2611,0.2886,0.4504,A,A,1
2023-04-23,LaLiga,Barcelona,Ath Madrid,0.4774,0.232,0.2906,H,H,1
2023-04-23,LaLiga,Mallorca,Getafe,0.3469,0.3568,0.2963,D,H,0
2023-04-23,LaLiga,Sevilla,Villarreal,0.2345,0.2253,0.5403,A,H,0
2023-04-23,EPL,Bournemouth,West Ham,0.5194,0.2502,0.2304,H,A,0
2023-04-23,Ligue1,Ajaccio,Brest,0.0928,0.1885,0.7188,A,D,0
2023-04-23,Ligue1,Lorient,Toulouse,0.2818,0.2525,0.4656,A,A,1
2023-04-24,SerieA,Atalanta,Roma,0.4204,0.274,0.3056,H,H,1
2023-04-25,LaLiga,Girona,Real Madrid,0.1453,0.1864,0.6682,A,H,0
2023-04-25,LaLiga,Betis,Sociedad,0.5261,0.2548,0.2192,H,D,0
2023-04-25,EPL,Leeds,Leicester,0.4994,0.2445,0.2561,H,D,0
2023-04-25,EPL,Aston Villa,Fulham,0.4936,0.2486,0.2578,H,H,1
2023-04-25,EPL,Wolves,Crystal Palace,0.3198,0.2526,0.4276,A,H,0
2023-04-25,LaLiga,Cadiz,Osasuna,0.2029,0.2932,0.5039,A,A,1
2023-04-26,EPL,West Ham,Liverpool,0.1745,0.1981,0.6274,A,A,1
2023-04-26,EPL,Chelsea,Brentford,0.4734,0.2479,0.2787,H,A,0
2023-04-26,EPL,Nott'm Forest,Brighton,0.4219,0.2396,0.3385,H,H,1
2023-04-26,EPL,Man City,Arsenal,0.3757,0.2788,0.3455,H,H,1
2023-04-26,LaLiga,Vallecano,Barcelona,0.1391,0.1978,0.663,A,H,0
2023-04-26,LaLiga,Celta,Elche,0.6061,0.2227,0.1712,H,H,1
2023-04-26,LaLiga,Getafe,Almeria,0.4367,0.2728,0.2905,H,A,0
2023-04-26,LaLiga,Ath Madrid,Mallorca,0.6416,0.2384,0.12,H,H,1
2023-04-27,LaLiga,Valencia,Valladolid,0.7438,0.1679,0.0883,H,H,1
2023-04-27,LaLiga,Villarreal,Espanol,0.5739,0.2267,0.1995,H,H,1
2023-04-27,LaLiga,Ath Bilbao,Sevilla,0.602,0.2581,0.1399,H,A,0
2023-04-27,EPL,Tottenham,Man United,0.415,0.2459,0.3391,H,D,0
2023-04-27,EPL,Everton,Newcastle,0.3001,0.2852,0.4147,A,A,1
2023-04-27,EPL,Southampton,Bournemouth,0.1089,0.2025,0.6886,A,A,1
2023-04-28,SerieA,Lecce,Udinese,0.3135,0.3182,0.3682,A,H,0
2023-04-28,Ligue1,Strasbourg,Lyon,0.3894,0.2447,0.3659,H,A,0
2023-04-28,Bundesliga,Bochum,Dortmund,0.1268,0.1693,0.7038,A,D,0
2023-04-28,LaLiga,Osasuna,Sociedad,0.4548,0.2879,0.2572,H,A,0
2023-04-28,SerieA,Spezia,Monza,0.4315,0.2931,0.2754,H,A,0
2023-04-29,Bundesliga,Schalke 04,Werder Bremen,0.2283,0.2245,0.5471,A,H,0
2023-04-29,Bundesliga,Union Berlin,Leverkusen,0.1639,0.2169,0.6192,A,D,0
2023-04-29,Bundesliga,RB Leipzig,Hoffenheim,0.5772,0.2063,0.2165,H,H,1
2023-04-29,Bundesliga,Stuttgart,M'gladbach,0.5713,0.1984,0.2303,H,H,1
2023-04-29,Bundesliga,Ein Frankfurt,Augsburg,0.6032,0.2314,0.1655,H,D,0
2023-04-29,Ligue1,Lille,Ajaccio,0.8143,0.1451,0.0406,H,H,1
2023-04-29,LaLiga,Barcelona,Betis,0.6955,0.1628,0.1416,H,H,1
2023-04-29,LaLiga,Real Madrid,Almeria,0.7956,0.125,0.0791,H,H,1
2023-04-29,Bundesliga,FC Koln,Freiburg,0.2552,0.2641,0.4807,A,A,1
2023-04-29,EPL,Crystal Palace,West Ham,0.5211,0.2437,0.2352,H,H,1
2023-04-29,LaLiga,Elche,Vallecano,0.2754,0.3162,0.4084,A,H,0
2023-04-29,EPL,Brighton,Wolves,0.535,0.2161,0.2489,H,H,1
2023-04-29,SerieA,Roma,Milan,0.477,0.2635,0.2595,H,D,0
2023-04-29,SerieA,Torino,Atalanta,0.1794,0.2531,0.5675,A,A,1
2023-04-29,EPL,Brentford,Nott'm Forest,0.438,0.247,0.315,H,H,1
2023-04-30,SerieA,Sassuolo,Empoli,0.3944,0.2633,0.3424,H,H,1
2023-04-30,SerieA,Napoli,Salernitana,0.8071,0.1368,0.056,H,D,0
2023-04-30,LaLiga,Cadiz,Valencia,0.2165,0.3052,0.4783,A,H,0
2023-04-30,LaLiga,Villarreal,Celta,0.5509,0.2054,0.2437,H,H,1
2023-04-30,LaLiga,Espanol,Getafe,0.3993,0.3218,0.279,H,H,1
2023-04-30,LaLiga,Valladolid,Ath Madrid,0.0345,0.0917,0.8733,A,A,1
2023-04-30,Ligue1,Marseille,Auxerre,0.5681,0.2102,0.2218,H,H,1
2023-04-30,Ligue1,Paris SG,Lorient,0.8377,0.1015,0.0599,H,A,0
2023-04-30,Ligue1,Troyes,Nice,0.1066,0.1665,0.7269,A,A,1
2023-04-30,Ligue1,Clermont,Reims,0.2919,0.3355,0.3727,A,H,0
2023-04-30,Ligue1,Rennes,Angers,0.5772,0.244,0.1787,H,H,1
2023-04-30,SerieA,Cremonese,Verona,0.366,0.2892,0.3448,H,D,0
2023-04-30,EPL,Bournemouth,Leeds,0.6749,0.1854,0.1396,H,H,1
2023-04-30,SerieA,Bologna,Juventus,0.3469,0.2759,0.3772,A,D,0
2023-04-30,Bundesliga,Wolfsburg,Mainz,0.3205,0.2642,0.4154,A,H,0
2023-04-30,Bundesliga,Bayern Munich,Hertha,0.9056,0.0618,0.0293,H,H,1
2023-04-30,EPL,Fulham,Man City,0.2129,0.2343,0.5528,A,A,1
2023-04-30,EPL,Man United,Aston Villa,0.2906,0.269,0.4404,A,H,0
2023-04-30,Ligue1,Monaco,Montpellier,0.833,0.1181,0.0488,H,A,0
2023-04-30,SerieA,Fiorentina,Sampdoria,0.7946,0.1381,0.0672,H,H,1
2023-04-30,EPL,Newcastle,Southampton,0.852,0.1045,0.0432,H,H,1
2023-04-30,EPL,Liverpool,Tottenham,0.7217,0.1507,0.1273,H,H,1
2023-04-30,SerieA,Inter,Lazio,0.6069,0.2191,0.174,H,H,1
2023-05-01,LaLiga,Mallorca,Ath Bilbao,0.1766,0.3377,0.4856,A,D,0
2023-05-01,EPL,Leicester,Everton,0.1587,0.2763,0.565,A,D,0
2023-05-01,LaLiga,Sevilla,Girona,0.4152,0.2603,0.3245,H,A,0
2023-05-02,LaLiga,Barcelona,Osasuna,0.7263,0.1592,0.1143,H,H,1
2023-05-02,LaLiga,Sociedad,Real Madrid,0.1527,0.225,0.6223,A,H,0
2023-05-02,Ligue1,Toulouse,Lens,0.3693,0.2939,0.3368,H,A,0
2023-05-02,LaLiga,Almeria,Elche,0.4736,0.2549,0.2714,H,H,1
2023-05-02,EPL,Arsenal,Chelsea,0.5106,0.2662,0.2232,H,H,1
2023-05-03,LaLiga,Getafe,Celta,0.3122,0.2791,0.4087,A,H,0
2023-05-03,EPL,Man City,West Ham,0.6969,0.1842,0.1189,H,H,1
2023-05-03,EPL,Liverpool,Fulham,0.6458,0.1906,0.1636,H,H,1
2023-05-03,SerieA,Monza,Roma,0.0803,0.1841,0.7355,A,D,0
2023-05-03,SerieA,Milan,Cremonese,0.7555,0.1516,0.0929,H,D,0
2023-05-03,SerieA,Lazio,Sassuolo,0.7002,0.175,0.1248,H,H,1
2023-05-03,SerieA,Sampdoria,Torino,0.1905,0.2811,0.5283,A,A,1
2023-05-03,SerieA,Salernitana,Fiorentina,0.1209,0.1764,0.7026,A,D,0
2023-05-03,SerieA,Juventus,Lecce,0.6482,0.2383,0.1135,H,H,1
2023-05-03,SerieA,Atalanta,Spezia,0.8215,0.1236,0.0547,H,H,1
2023-05-03,LaLiga,Valencia,Villarreal,0.2745,0.239,0.4865,A,D,0
2023-05-03,LaLiga,Ath Madrid,Cadiz,0.7656,0.1715,0.0629,H,H,1
2023-05-03,SerieA,Verona,Inter,0.0893,0.1828,0.7279,A,A,1
2023-05-03,Ligue1,Brest,Nantes,0.4809,0.2511,0.2681,H,H,1
2023-05-04,SerieA,Udinese,Napoli,0.1492,0.2519,0.5989,A,D,0
2023-05-04,LaLiga,Vallecano,Valladolid,0.6911,0.2038,0.105,H,H,1
2023-05-04,SerieA,Empoli,Bologna,0.1873,0.2383,0.5744,A,H,0
2023-05-04,LaLiga,Sevilla,Espanol,0.3589,0.2912,0.3499,H,H,1
2023-05-04,LaLiga,Girona,Mallorca,0.3831,0.3019,0.3151,H,H,1
2023-05-04,EPL,Brighton,Man United,0.5049,0.2359,0.2592,H,H,1
2023-05-04,LaLiga,Ath Bilbao,Betis,0.5159,0.2733,0.2108,H,A,0
2023-05-05,Bundesliga,Leverkusen,FC Koln,0.7627,0.1548,0.0825,H,A,0
2023-05-05,Bundesliga,Mainz,Schalke 04,0.674,0.1929,0.133,H,A,0
2023-05-06,Bundesliga,Werder Bremen,Bayern Munich,0.1467,0.172,0.6812,A,A,1
2023-05-06,SerieA,Milan,Lazio,0.4663,0.2437,0.2899,H,H,1
2023-05-06,Bundesliga,M'gladbach,Bochum,0.5991,0.2101,0.1907,H,H,1
2023-05-06,SerieA,Roma,Inter,0.3315,0.2877,0.3808,A,A,1
2023-05-06,Ligue1,Lens,Marseille,0.3261,0.2514,0.4225,A,H,0
2023-05-06,Bundesliga,Hertha,Stuttgart,0.164,0.179,0.6569,A,H,0
2023-05-06,Bundesliga,Freiburg,RB Leipzig,0.3447,0.2517,0.4036,A,A,1
2023-05-06,Bundesliga,Augsburg,Union Berlin,0.3798,0.3114,0.3088,H,H,1
2023-05-06,Ligue1,Nice,Rennes,0.5456,0.226,0.2283,H,H,1
2023-05-06,SerieA,Cremonese,Spezia,0.4178,0.2762,0.306,H,H,1
2023-05-06,EPL,Liverpool,Brentford,0.593,0.1992,0.2077,H,H,1
2023-05-06,EPL,Wolves,Aston Villa,0.2841,0.2487,0.4672,A,H,0
2023-05-06,EPL,Tottenham,Crystal Palace,0.3334,0.2356,0.431,A,H,0
2023-05-06,EPL,Man City,Leeds,0.8341,0.108,0.0574,H,H,1
2023-05-06,EPL,Bournemouth,Chelsea,0.3336,0.2782,0.3882,A,A,1
2023-05-06,Bundesliga,Hoffenheim,Ein Frankfurt,0.2374,0.2062,0.5564,A,H,0
2023-05-06,Ligue1,Reims,Lille,0.198,0.3053,0.4967,A,H,0
2023-05-07,Bundesliga,Dortmund,Wolfsburg,0.6268,0.1931,0.18,H,H,1
2023-05-07,SerieA,Lecce,Verona,0.3566,0.3374,0.306,H,A,0
2023-05-07,SerieA,Atalanta,Juventus,0.4899,0.2567,0.2534,H,A,0
2023-05-07,SerieA,Napoli,Fiorentina,0.488,0.2755,0.2365,H,H,1
2023-05-07,Ligue1,Troyes,Paris SG,0.0512,0.0948,0.8531,A,A,1
2023-05-07,EPL,Newcastle,Arsenal,0.3072,0.2596,0.4331,A,A,1
2023-05-07,EPL,West Ham,Man United,0.3764,0.273,0.3507,H,H,1
2023-05-07,Ligue1,Angers,Monaco,0.1665,0.2371,0.5965,A,A,1
2023-05-07,Ligue1,Ajaccio,Toulouse,0.0873,0.2127,0.7,A,D,0
2023-05-07,Ligue1,Auxerre,Clermont,0.605,0.2347,0.1603,H,D,0
2023-05-07,SerieA,Torino,Monza,0.5713,0.272,0.1567,H,D,0
2023-05-07,Ligue1,Nantes,Strasbourg,0.2528,0.2742,0.473,A,A,1
2023-05-07,Ligue1,Lorient,Brest,0.3172,0.23,0.4528,A,H,0
2023-05-07,Ligue1,Lyon,Montpellier,0.8296,0.1171,0.053,H,H,1
2023-05-08,SerieA,Empoli,Salernitana,0.4747,0.2604,0.2649,H,H,1
2023-05-08,SerieA,Udinese,Sampdoria,0.577,0.244,0.179,H,H,1
2023-05-08,SerieA,Sassuolo,Bologna,0.1738,0.2029,0.6233,A,D,0
2023-05-08,EPL,Nott'm Forest,Southampton,0.7581,0.1641,0.0777,H,H,1
2023-05-08,EPL,Brighton,Everton,0.4081,0.2758,0.3161,H,A,0
2023-05-08,EPL,Fulham,Leicester,0.6682,0.2046,0.1272,H,H,1
2023-05-12,Bundesliga,FC Koln,Hertha,0.4068,0.2644,0.3288,H,H,1
2023-05-12,SerieA,Lazio,Lecce,0.622,0.2389,0.1391,H,D,0
2023-05-12,LaLiga,Mallorca,Cadiz,0.4611,0.3456,0.1932,H,H,1
2023-05-12,Ligue1,Lens,Reims,0.496,0.309,0.195,H,H,1
2023-05-13,SerieA,Salernitana,Atalanta,0.067,0.1229,0.8098,A,H,0
2023-05-13,SerieA,Spezia,Milan,0.1287,0.1974,0.6739,A,H,0
2023-05-13,Ligue1,Paris SG,Ajaccio,0.9428,0.044,0.0109,H,H,1
2023-05-13,Ligue1,Strasbourg,Nice,0.3372,0.262,0.4008,A,H,0
2023-05-13,SerieA,Inter,Sassuolo,0.8549,0.0985,0.046,H,H,1
2023-05-13,Bundesliga,Bochum,Augsburg,0.3154,0.2987,0.3858,A,H,0
2023-05-13,LaLiga,Sociedad,Girona,0.3944,0.2831,0.3226,H,D,0
2023-05-13,LaLiga,Osasuna,Almeria,0.5363,0.2281,0.2355,H,H,1
2023-05-13,LaLiga,Villarreal,Ath Bilbao,0.3287,0.2844,0.387,A,H,0
2023-05-13,LaLiga,Real Madrid,Getafe,0.68,0.2052,0.1147,H,H,1
2023-05-13,EPL,Leeds,Newcastle,0.1282,0.1599,0.7117,A,D,0
2023-05-13,EPL,Aston Villa,Tottenham,0.564,0.2143,0.2217,H,H,1
2023-05-13,EPL,Chelsea,Nott'm Forest,0.4793,0.2615,0.2593,H,D,0
2023-05-13,EPL,Crystal Palace,Bournemouth,0.3981,0.2692,0.3326,H,H,1
2023-05-13,EPL,Man United,Wolves,0.4187,0.2632,0.3181,H,H,1
2023-05-13,Bundesliga,Bayern Munich,Schalke 04,0.9023,0.0653,0.0298,H,H,1
2023-05-13,EPL,Southampton,Fulham,0.1306,0.2104,0.659,A,A,1
2023-05-13,Bundesliga,Dortmund,M'gladbach,0.6488,0.1746,0.1765,H,H,1
2023-05-13,Bundesliga,Wolfsburg,Hoffenheim,0.4913,0.2271,0.2815,H,H,1
2023-05-13,Bundesliga,Union Berlin,Freiburg,0.3205,0.2729,0.4066,A,H,0
2023-05-13,Bundesliga,Ein Frankfurt,Mainz,0.4538,0.2493,0.2969,H,H,1
2023-05-14,EPL,Everton,Man City,0.2341,0.2897,0.4762,A,A,1
2023-05-14,EPL,Arsenal,Brighton,0.6271,0.2062,0.1667,H,A,0
2023-05-14,SerieA,Verona,Torino,0.2663,0.3295,0.4042,A,A,1
2023-05-14,Bundesliga,RB Leipzig,Werder Bremen,0.4639,0.2411,0.295,H,H,1
2023-05-14,Bundesliga,Stuttgart,Leverkusen,0.331,0.226,0.443,A,D,0
2023-05-14,EPL,Brentford,West Ham,0.5555,0.224,0.2205,H,H,1
2023-05-14,SerieA,Fiorentina,Udinese,0.6234,0.2186,0.158,H,H,1
2023-05-14,Ligue1,Marseille,Angers,0.6903,0.1878,0.1218,H,H,1
2023-05-14,SerieA,Bologna,Roma,0.2886,0.2782,0.4332,A,D,0
2023-05-14,SerieA,Monza,Napoli,0.0779,0.1894,0.7327,A,H,0
2023-05-14,LaLiga,Valladolid,Sevilla,0.151,0.2155,0.6335,A,A,1
2023-05-14,LaLiga,Elche,Ath Madrid,0.1074,0.2021,0.6905,A,H,0
2023-05-14,LaLiga,Celta,Valencia,0.4623,0.2486,0.2892,H,A,0
2023-05-14,Ligue1,Monaco,Lille,0.4261,0.2653,0.3085,H,D,0
2023-05-14,Ligue1,Toulouse,Nantes,0.4853,0.2755,0.2392,H,D,0
2023-05-14,LaLiga,Espanol,Barcelona,0.1468,0.1939,0.6592,A,A,1
2023-05-14,Ligue1,Montpellier,Lorient,0.2112,0.251,0.5379,A,D,0
2023-05-14,Ligue1,Clermont,Lyon,0.1406,0.198,0.6614,A,H,0
2023-05-14,SerieA,Juventus,Cremonese,0.7284,0.1764,0.0951,H,H,1
2023-05-14,Ligue1,Rennes,Troyes,0.7025,0.1736,0.1238,H,H,1
2023-05-14,Ligue1,Brest,Auxerre,0.4018,0.2437,0.3545,H,H,1
2023-05-15,SerieA,Sampdoria,Empoli,0.2849,0.2825,0.4326,A,D,0
2023-05-15,EPL,Leicester,Liverpool,0.0682,0.1315,0.8001,A,A,1
2023-05-15,LaLiga,Betis,Vallecano,0.4987,0.2633,0.238,H,H,1
2023-05-18,EPL,Newcastle,Brighton,0.5446,0.2091,0.2464,H,H,1
2023-05-19,Ligue1,Lyon,Monaco,0.3997,0.2303,0.37,H,H,1
2023-05-19,Bundesliga,Freiburg,Wolfsburg,0.4152,0.2549,0.33,H,H,1
2023-05-19,SerieA,Sassuolo,Monza,0.4967,0.252,0.2512,H,A,0
2023-05-19,LaLiga,Cadiz,Valladolid,0.5062,0.2899,0.2039,H,H,1
2023-05-20,EPL,Wolves,Everton,0.3152,0.2951,0.3898,A,D,0
2023-05-20,Bundesliga,Werder Bremen,FC Koln,0.5956,0.2284,0.176,H,D,0
2023-05-20,Bundesliga,Bayern Munich,RB Leipzig,0.7165,0.1602,0.1232,H,A,0
2023-05-20,LaLiga,Almeria,Mallorca,0.3619,0.2872,0.3509,H,H,1
2023-05-20,LaLiga,Ath Bilbao,Celta,0.5505,0.2587,0.1908,H,H,1
2023-05-20,EPL,Nott'm Forest,Arsenal,0.2255,0.2598,0.5148,A,H,0
2023-05-20,LaLiga,Getafe,Elche,0.4549,0.3139,0.2313,H,D,0
2023-05-20,EPL,Tottenham,Brentford,0.3183,0.2208,0.4609,A,A,1
2023-05-20,EPL,Bournemouth,Man United,0.482,0.2678,0.2502,H,A,0
2023-05-20,EPL,Fulham,Crystal Palace,0.3673,0.2603,0.3724,A,D,0
2023-05-20,EPL,Liverpool,Aston Villa,0.5531,0.2201,0.2268,H,D,0
2023-05-20,LaLiga,Girona,Villarreal,0.2284,0.2106,0.561,A,A,1
2023-05-20,LaLiga,Barcelona,Sociedad,0.7634,0.1514,0.0851,H,A,0
2023-05-20,Bundesliga,Schalke 04,Ein Frankfurt,0.1543,0.1889,0.6568,A,D,0
2023-05-20,Bundesliga,Hertha,Bochum,0.4164,0.2518,0.3317,H,D,0
2023-05-20,Ligue1,Nantes,Montpellier,0.6079,0.2489,0.1432,H,A,0
2023-05-20,SerieA,Cremonese,Bologna,0.1645,0.21,0.6255,A,A,1
2023-05-20,SerieA,Atalanta,Verona,0.7714,0.1551,0.0734,H,H,1
2023-05-20,SerieA,Milan,Sampdoria,0.8161,0.1237,0.06,H,H,1
2023-05-20,Ligue1,Lille,Marseille,0.4045,0.2492,0.3463,H,H,1
2023-05-20,Bundesliga,Hoffenheim,Union Berlin,0.4427,0.2488,0.3085,H,H,1
2023-05-21,EPL,West Ham,Leeds,0.5622,0.2169,0.2209,H,H,1
2023-05-21,LaLiga,Ath Madrid,Osasuna,0.6296,0.2185,0.1519,H,H,1
2023-05-21,LaLiga,Valencia,Real Madrid,0.1836,0.2237,0.5927,A,H,0
2023-05-21,LaLiga,Sevilla,Betis,0.293,0.2503,0.4567,A,D,0
2023-05-21,Ligue1,Ajaccio,Rennes,0.076,0.1769,0.7472,A,A,1
2023-05-21,Ligue1,Brest,Clermont,0.6142,0.2175,0.1683,H,H,1
2023-05-21,Ligue1,Nice,Toulouse,0.5445,0.2415,0.2139,H,D,0
2023-05-21,Ligue1,Reims,Angers,0.377,0.3489,0.2741,H,D,0
2023-05-21,Ligue1,Troyes,Strasbourg,0.1495,0.2051,0.6454,A,D,0
2023-05-21,LaLiga,Vallecano,Espanol,0.3601,0.3182,0.3217,H,A,0
2023-05-21,Ligue1,Auxerre,Paris SG,0.174,0.1936,0.6324,A,A,1
2023-05-21,SerieA,Udinese,Lazio,0.237,0.2551,0.5079,A,A,1
2023-05-21,SerieA,Napoli,Inter,0.3386,0.2973,0.3641,A,H,0
2023-05-21,SerieA,Torino,Fiorentina,0.2572,0.2886,0.4542,A,D,0
2023-05-21,SerieA,Lecce,Spezia,0.4039,0.3214,0.2746,H,D,0
2023-05-21,Bundesliga,Leverkusen,M'gladbach,0.6623,0.1788,0.1588,H,D,0
2023-05-21,Bundesliga,Augsburg,Dortmund,0.1851,0.2255,0.5894,A,A,1
2023-05-21,Bundesliga,Mainz,Stuttgart,0.3942,0.2448,0.361,H,A,0
2023-05-21,EPL,Brighton,Southampton,0.7975,0.1331,0.0692,H,H,1
2023-05-21,Ligue1,Lorient,Lens,0.2613,0.2618,0.4768,A,A,1
2023-05-21,EPL,Man City,Chelsea,0.5023,0.2554,0.2423,H,H,1
2023-05-22,SerieA,Roma,Salernitana,0.8098,0.1327,0.0574,H,D,0
2023-05-22,SerieA,Empoli,Juventus,0.1544,0.2414,0.6042,A,H,0
2023-05-22,EPL,Newcastle,Leicester,0.8033,0.1322,0.0644,H,D,0
2023-05-23,LaLiga,Celta,Girona,0.5346,0.2215,0.2439,H,D,0
2023-05-23,LaLiga,Sociedad,Almeria,0.4374,0.2649,0.2977,H,H,1
2023-05-23,LaLiga,Valladolid,Barcelona,0.0175,0.0458,0.9318,A,H,0
2023-05-24,EPL,Brighton,Man City,0.2463,0.223,0.5307,A,D,0
2023-05-24,LaLiga,Elche,Sevilla,0.2983,0.2905,0.4112,A,D,0
2023-05-24,LaLiga,Real Madrid,Vallecano,0.6712,0.2058,0.1229,H,H,1
2023-05-24,LaLiga,Villarreal,Cadiz,0.7279,0.1796,0.0925,H,H,1
2023-05-24,LaLiga,Betis,Getafe,0.5114,0.2655,0.2231,H,A,0
2023-05-24,LaLiga,Espanol,Ath Madrid,0.183,0.2526,0.5644,A,D,0
2023-05-25,LaLiga,Osasuna,Ath Bilbao,0.2263,0.3028,0.471,A,H,0
2023-05-25,LaLiga,Mallorca,Valencia,0.3289,0.324,0.3471,A,H,0
2023-05-25,EPL,Man United,Chelsea,0.2584,0.2708,0.4708,A,H,0
2023-05-26,SerieA,Sampdoria,Sassuolo,0.3043,0.2541,0.4416,A,D,0
2023-05-27,Bundesliga,RB Leipzig,Schalke 04,0.6723,0.1872,0.1405,H,H,1
2023-05-27,Ligue1,Angers,Troyes,0.4625,0.281,0.2565,H,H,1
2023-05-27,Ligue1,Clermont,Lorient,0.3106,0.2702,0.4192,A,H,0
2023-05-27,Ligue1,Lens,Ajaccio,0.7568,0.1844,0.0588,H,H,1
2023-05-27,Ligue1,Lille,Nantes,0.5674,0.259,0.1735,H,H,1
2023-05-27,Ligue1,Lyon,Reims,0.6177,0.2296,0.1527,H,H,1
2023-05-27,Ligue1,Marseille,Brest,0.6104,0.1862,0.2034,H,A,0
2023-05-27,Ligue1,Montpellier,Nice,0.0704,0.1542,0.7754,A,A,1
2023-05-27,Ligue1,Rennes,Monaco,0.3181,0.2372,0.4447,A,H,0
2023-05-27,Ligue1,Strasbourg,Paris SG,0.2363,0.2208,0.5428,A,D,0
2023-05-27,Ligue1,Toulouse,Auxerre,0.4163,0.2695,0.3142,H,D,0
2023-05-27,LaLiga,Sevilla,Real Madrid,0.1526,0.2033,0.6442,A,A,1
2023-05-27,Bundesliga,Bochum,Leverkusen,0.1152,0.1742,0.7106,A,H,0
2023-05-27,Bundesliga,Wolfsburg,Hertha,0.5943,0.2121,0.1936,H,A,0
2023-05-27,Bundesliga,Ein Frankfurt,Freiburg,0.5572,0.2214,0.2214,H,H,1
2023-05-27,Bundesliga,FC Koln,Bayern Munich,0.0616,0.1213,0.8169,A,A,1
2023-05-27,Bundesliga,M'gladbach,Augsburg,0.4874,0.2572,0.2554,H,H,1
2023-05-27,Bundesliga,Stuttgart,Hoffenheim,0.6455,0.1763,0.1781,H,D,0
2023-05-27,Bundesliga,Dortmund,Mainz,0.5186,0.2261,0.2554,H,D,0
2023-05-27,Bundesliga,Union Berlin,Werder Bremen,0.2978,0.2643,0.4379,A,H,0
2023-05-27,SerieA,Salernitana,Udinese,0.2787,0.2595,0.4618,A,H,0
2023-05-27,SerieA,Spezia,Torino,0.2357,0.3095,0.4548,A,A,1
2023-05-27,SerieA,Fiorentina,Roma,0.313,0.2809,0.4061,A,H,0
2023-05-27,SerieA,Inter,Atalanta,0.4617,0.2488,0.2894,H,H,1
2023-05-28,EPL,Aston Villa,Brighton,0.4674,0.2343,0.2983,H,H,1
2023-05-28,LaLiga,Ath Madrid,Sociedad,0.6675,0.216,0.1166,H,H,1
2023-05-28,LaLiga,Barcelona,Mallorca,0.7385,0.1709,0.0906,H,H,1
2023-05-28,LaLiga,Cadiz,Celta,0.1885,0.257,0.5545,A,H,0
2023-05-28,LaLiga,Getafe,Osasuna,0.3221,0.3072,0.3706,A,H,0
2023-05-28,LaLiga,Girona,Betis,0.2897,0.2363,0.474,A,A,1
2023-05-28,LaLiga,Valencia,Espanol,0.3976,0.2934,0.309,H,D,0
2023-05-28,LaLiga,Vallecano,Villarreal,0.2493,0.2534,0.4973,A,H,0
2023-05-28,EPL,Arsenal,Wolves,0.6948,0.1889,0.1162,H,H,1
2023-05-28,LaLiga,Ath Bilbao,Elche,0.6651,0.2379,0.097,H,A,0
2023-05-28,SerieA,Lazio,Cremonese,0.6995,0.1815,0.119,H,H,1
2023-05-28,SerieA,Monza,Lecce,0.2965,0.324,0.3795,A,A,1
2023-05-28,SerieA,Juventus,Milan,0.4187,0.2653,0.3159,H,A,0
2023-05-28,SerieA,Verona,Empoli,0.3784,0.3067,0.3149,H,D,0
2023-05-28,EPL,Brentford,Man City,0.2629,0.2367,0.5003,A,H,0
2023-05-28,EPL,Chelsea,Newcastle,0.3942,0.2558,0.3499,H,D,0
2023-05-28,EPL,Crystal Palace,Nott'm Forest,0.4096,0.2631,0.3273,H,D,0
2023-05-28,EPL,Everton,Bournemouth,0.3626,0.3138,0.3237,H,H,1
2023-05-28,EPL,Leeds,Tottenham,0.2724,0.207,0.5205,A,A,1
2023-05-28,EPL,Leicester,West Ham,0.2196,0.2574,0.5231,A,H,0
2023-05-28,EPL,Man United,Fulham,0.3655,0.2708,0.3637,H,H,1
2023-05-28,SerieA,Bologna,Napoli,0.2758,0.2856,0.4385,A,D,0
2023-05-28,EPL,Southampton,Liverpool,0.0456,0.1038,0.8502,A,D,0
2023-05-28,LaLiga,Almeria,Valladolid,0.7106,0.1691,0.1202,H,D,0
2023-06-02,SerieA,Sassuolo,Fiorentina,0.154,0.192,0.654,A,A,1
2023-06-03,Ligue1,Reims,Montpellier,0.538,0.2978,0.1642,H,A,0
2023-06-03,Ligue1,Paris SG,Clermont,0.865,0.0938,0.0407,H,A,0
2023-06-03,Ligue1,Auxerre,Lens,0.3616,0.2854,0.353,H,A,0
2023-06-03,Ligue1,Nice,Lyon,0.4745,0.2307,0.2948,H,H,1
2023-06-03,Ligue1,Nantes,Angers,0.4322,0.3102,0.2576,H,H,1
2023-06-03,Ligue1,Monaco,Toulouse,0.5352,0.2379,0.2269,H,A,0
2023-06-03,Ligue1,Lorient,Strasbourg,0.2286,0.2348,0.5366,A,H,0
2023-06-03,Ligue1,Brest,Rennes,0.372,0.2332,0.3948,A,A,1
2023-06-03,Ligue1,Troyes,Lille,0.1326,0.2068,0.6606,A,D,0
2023-06-03,Ligue1,Ajaccio,Marseille,0.0441,0.1145,0.8412,A,H,0
2023-06-03,SerieA,Torino,Inter,0.1532,0.2499,0.5969,A,A,1
2023-06-03,SerieA,Cremonese,Salernitana,0.4566,0.2489,0.2945,H,H,1
2023-06-03,SerieA,Empoli,Lazio,0.1898,0.241,0.5692,A,A,1
2023-06-04,LaLiga,Mallorca,Vallecano,0.337,0.3492,0.3138,D,H,0
2023-06-04,LaLiga,Valladolid,Getafe,0.1558,0.2516,0.5926,A,D,0
2023-06-04,LaLiga,Espanol,Almeria,0.4865,0.2506,0.2629,H,D,0
2023-06-04,SerieA,Udinese,Juventus,0.1937,0.2589,0.5474,A,A,1
2023-06-04,LaLiga,Elche,Cadiz,0.4059,0.3349,0.2592,H,D,0
2023-06-04,LaLiga,Celta,Barcelona,0.1772,0.177,0.6458,A,H,0
2023-06-04,LaLiga,Betis,Valencia,0.4899,0.2482,0.2618,H,D,0
2023-06-04,LaLiga,Villarreal,Ath Madrid,0.3091,0.2404,0.4504,A,D,0
2023-06-04,LaLiga,Sociedad,Sevilla,0.3795,0.2987,0.3218,H,H,1
2023-06-04,LaLiga,Real Madrid,Ath Bilbao,0.4217,0.2959,0.2825,H,D,0
2023-06-04,LaLiga,Osasuna,Girona,0.4866,0.2498,0.2636,H,H,1
2023-06-04,SerieA,Milan,Verona,0.6901,0.1952,0.1146,H,H,1
2023-06-04,SerieA,Lecce,Bologna,0.1827,0.2644,0.5529,A,A,1
2023-06-04,SerieA,Atalanta,Monza,0.856,0.1026,0.041,H,H,1
2023-06-04,SerieA,Napoli,Sampdoria,0.8189,0.1343,0.0467,H,H,1
2023-06-04,SerieA,Roma,Spezia,0.7582,0.1714,0.0704,H,H,1
2023-08-11,LaLiga,Almeria,Vallecano,0.3469,0.2714,0.3817,A,A,1
2023-08-11,Ligue1,Nice,Lille,0.4371,0.2714,0.2915,H,D,0
2023-08-11,EPL,Burnley,Man City,0.1127,0.1755,0.7117,A,A,1
2023-08-11,LaLiga,Sevilla,Valencia,0.3548,0.2801,0.3651,A,A,1
2023-08-12,LaLiga,Sociedad,Girona,0.3944,0.2831,0.3226,H,D,0
2023-08-12,EPL,Sheffield United,Crystal Palace,0.1218,0.1701,0.7081,A,A,1
2023-08-12,EPL,Everton,Fulham,0.4123,0.2984,0.2894,H,A,0
2023-08-12,EPL,Brighton,Luton,0.6692,0.1628,0.1678,H,H,1
2023-08-12,EPL,Arsenal,Nott'm Forest,0.5941,0.2355,0.1704,H,H,1
2023-08-12,LaLiga,Las Palmas,Mallorca,0.3057,0.3307,0.3637,A,D,0
2023-08-12,LaLiga,Ath Bilbao,Real Madrid,0.3485,0.3011,0.3504,A,A,1
2023-08-12,Ligue1,Paris SG,Lorient,0.8377,0.1015,0.0599,H,D,0
2023-08-12,Ligue1,Marseille,Reims,0.6449,0.2138,0.1413,H,H,1
2023-08-12,EPL,Newcastle,Aston Villa,0.4769,0.2411,0.282,H,H,1
2023-08-12,EPL,Bournemouth,West Ham,0.5194,0.2502,0.2304,H,D,0
2023-08-13,LaLiga,Celta,Osasuna,0.4419,0.2469,0.3112,H,A,0
2023-08-13,LaLiga,Villarreal,Betis,0.5107,0.2166,0.2726,H,A,0
2023-08-13,LaLiga,Getafe,Barcelona,0.1295,0.197,0.6735,A,D,0
2023-08-13,Ligue1,Strasbourg,Lyon,0.3894,0.2447,0.3659,H,H,1
2023-08-13,EPL,Brentford,Tottenham,0.5562,0.2053,0.2385,H,D,0
2023-08-13,Ligue1,Brest,Lens,0.3554,0.2639,0.3807,A,H,0
2023-08-13,Ligue1,Clermont,Monaco,0.1281,0.1999,0.672,A,A,1
2023-08-13,Ligue1,Rennes,Metz,0.5999,0.2168,0.1833,H,H,1
2023-08-13,Ligue1,Montpellier,Le Havre,0.2115,0.2426,0.5459,A,D,0
2023-08-13,EPL,Chelsea,Liverpool,0.3342,0.2477,0.4181,A,D,0
2023-08-13,Ligue1,Nantes,Toulouse,0.3024,0.2883,0.4093,A,A,1
2023-08-14,LaLiga,Ath Madrid,Granada,0.855,0.1009,0.0437,H,H,1
2023-08-14,LaLiga,Cadiz,Alaves,0.2243,0.359,0.4167,A,H,0
2023-08-14,EPL,Man United,Wolves,0.4187,0.2632,0.3181,H,H,1
2023-08-18,Bundesliga,Werder Bremen,Bayern Munich,0.1467,0.172,0.6812,A,A,1
2023-08-18,LaLiga,Valencia,Las Palmas,0.513,0.2683,0.2186,H,H,1
2023-08-18,EPL,Nott'm Forest,Sheffield United,0.7773,0.1393,0.0832,H,H,1
2023-08-18,LaLiga,Mallorca,Villarreal,0.2291,0.2638,0.5071,A,A,1
2023-08-18,Ligue1,Metz,Marseille,0.1725,0.1937,0.6338,A,D,0
2023-08-19,LaLiga,Almeria,Real Madrid,0.1203,0.1586,0.721,A,A,1
2023-08-19,Ligue1,Lyon,Montpellier,0.8296,0.1171,0.053,H,A,0
2023-08-19,Ligue1,Toulouse,Paris SG,0.1858,0.2063,0.6079,A,D,0
2023-08-19,LaLiga,Sociedad,Celta,0.3099,0.2699,0.4203,A,D,0
2023-08-19,LaLiga,Osasuna,Ath Bilbao,0.2263,0.3028,0.471,A,A,1
2023-08-19,EPL,Liverpool,Bournemouth,0.5817,0.2171,0.2012,H,H,1
2023-08-19,EPL,Wolves,Brighton,0.3277,0.2298,0.4425,A,A,1
2023-08-19,Bundesliga,Dortmund,FC Koln,0.7603,0.1497,0.0899,H,H,1
2023-08-19,Bundesliga,Wolfsburg,Heidenheim,0.5234,0.2496,0.227,H,H,1
2023-08-19,Bundesliga,Stuttgart,Bochum,0.716,0.1666,0.1173,H,H,1
2023-08-19,Bundesliga,Leverkusen,RB Leipzig,0.5668,0.2181,0.2151,H,H,1
2023-08-19,Bundesliga,Hoffenheim,Freiburg,0.3616,0.2336,0.4048,A,A,1
2023-08-19,Bundesliga,Augsburg,M'gladbach,0.3251,0.2684,0.4065,A,D,0
2023-08-19,EPL,Fulham,Brentford,0.3559,0.2457,0.3983,A,A,1
2023-08-19,SerieA,Empoli,Verona,0.3824,0.3064,0.3112,H,A,0
2023-08-19,SerieA,Inter,Monza,0.8704,0.0956,0.0337,H,H,1
2023-08-19,EPL,Tottenham,Man United,0.415,0.2459,0.3391,H,H,1
2023-08-19,EPL,Man City,Newcastle,0.5053,0.2358,0.259,H,H,1
2023-08-19,SerieA,Frosinone,Napoli,0.1165,0.2084,0.6751,A,A,1
2023-08-19,SerieA,Genoa,Fiorentina,0.2765,0.2753,0.4482,A,A,1
2023-08-20,Ligue1,Le Havre,Brest,0.318,0.2231,0.4589,A,A,1
2023-08-20,Bundesliga,Ein Frankfurt,Darmstadt,0.8716,0.0902,0.0376,H,H,1
2023-08-20,Bundesliga,Union Berlin,Mainz,0.2458,0.2709,0.4832,A,H,0
2023-08-20,EPL,West Ham,Chelsea,0.2387,0.2536,0.5078,A,H,0
2023-08-20,LaLiga,Girona,Getafe,0.3845,0.2924,0.3231,H,H,1
2023-08-20,LaLiga,Barcelona,Cadiz,0.8529,0.1062,0.0407,H,H,1
2023-08-20,LaLiga,Betis,Ath Madrid,0.2466,0.2399,0.5135,A,D,0
2023-08-20,Ligue1,Lorient,Nice,0.1726,0.2039,0.6235,A,D,0
2023-08-20,SerieA,Udinese,Juventus,0.1937,0.2589,0.5474,A,A,1
2023-08-20,SerieA,Sassuolo,Atalanta,0.0887,0.1402,0.7709,A,A,1
2023-08-20,SerieA,Roma,Salernitana,0.8098,0.1327,0.0574,H,D,0
2023-08-20,EPL,Aston Villa,Everton,0.4248,0.3003,0.275,H,H,1
2023-08-20,Ligue1,Lens,Rennes,0.4048,0.271,0.3242,H,D,0
2023-08-20,Ligue1,Monaco,Strasbourg,0.4721,0.2472,0.2807,H,H,1
2023-08-20,Ligue1,Reims,Clermont,0.4387,0.3247,0.2366,H,H,1
2023-08-20,SerieA,Lecce,Lazio,0.1849,0.2672,0.5479,A,H,0
2023-08-20,Ligue1,Lille,Nantes,0.5674,0.259,0.1735,H,H,1
2023-08-21,EPL,Crystal Palace,Arsenal,0.2272,0.2581,0.5147,A,A,1
2023-08-21,LaLiga,Granada,Vallecano,0.2282,0.266,0.5058,A,A,1
2023-08-21,LaLiga,Alaves,Sevilla,0.3885,0.3176,0.2939,H,H,1
2023-08-21,SerieA,Bologna,Milan,0.3725,0.2492,0.3783,A,A,1
2023-08-21,SerieA,Torino,Cagliari,0.4065,0.304,0.2896,H,D,0
2023-08-25,LaLiga,Celta,Real Madrid,0.2155,0.2094,0.5752,A,A,1
2023-08-25,LaLiga,Las Palmas,Sociedad,0.3147,0.3101,0.3752,A,D,0
2023-08-25,Ligue1,Nantes,Monaco,0.2116,0.2431,0.5454,A,D,0
2023-08-25,Bundesliga,RB Leipzig,Stuttgart,0.3807,0.2344,0.3849,A,H,0
2023-08-25,EPL,Chelsea,Luton,0.7111,0.1638,0.125,H,H,1
2023-08-26,EPL,Arsenal,Fulham,0.6393,0.2155,0.1451,H,D,0
2023-08-26,SerieA,Frosinone,Atalanta,0.101,0.1583,0.7406,A,H,0
2023-08-26,SerieA,Milan,Torino,0.5526,0.2564,0.1911,H,H,1
2023-08-26,SerieA,Verona,Roma,0.1231,0.2399,0.6369,A,H,0
2023-08-26,EPL,Bournemouth,Tottenham,0.5211,0.2288,0.25,H,A,0
2023-08-26,EPL,Brentford,Crystal Palace,0.437,0.2454,0.3176,H,D,0
2023-08-26,Ligue1,Marseille,Brest,0.6104,0.1862,0.2034,H,H,1
2023-08-26,Bundesliga,Darmstadt,Union Berlin,0.1678,0.2433,0.5889,A,A,1
2023-08-26,Bundesliga,FC Koln,Wolfsburg,0.2568,0.267,0.4762,A,A,1
2023-08-26,Bundesliga,Freiburg,Werder Bremen,0.3887,0.2488,0.3625,H,H,1
2023-08-26,Bundesliga,Heidenheim,Hoffenheim,0.355,0.2464,0.3986,A,A,1
2023-08-26,Bundesliga,M'gladbach,Leverkusen,0.2226,0.2055,0.5719,A,A,1
2023-08-26,Ligue1,Paris SG,Lens,0.6533,0.1983,0.1483,H,H,1
2023-08-26,Bundesliga,Bochum,Dortmund,0.1268,0.1693,0.7038,A,D,0
2023-08-26,EPL,Everton,Wolves,0.464,0.2845,0.2515,H,A,0
2023-08-26,SerieA,Monza,Empoli,0.2995,0.2937,0.4068,A,H,0
2023-08-26,EPL,Brighton,West Ham,0.5446,0.2194,0.236,H,A,0
2023-08-26,LaLiga,Sevilla,Girona,0.4152,0.2603,0.3245,H,A,0
2023-08-26,LaLiga,Granada,Mallorca,0.2442,0.2885,0.4673,A,H,0
2023-08-26,LaLiga,Cadiz,Almeria,0.2856,0.2833,0.4312,A,D,0
2023-08-26,EPL,Man United,Nott'm Forest,0.3259,0.2741,0.4,A,H,0
2023-08-27,Ligue1,Montpellier,Reims,0.2093,0.321,0.4697,A,A,1
2023-08-27,Bundesliga,Mainz,Ein Frankfurt,0.3748,0.2547,0.3704,H,D,0
2023-08-27,Ligue1,Strasbourg,Toulouse,0.4624,0.2669,0.2707,H,H,1
2023-08-27,LaLiga,Ath Bilbao,Betis,0.5159,0.2733,0.2108,H,H,1
2023-08-27,LaLiga,Valencia,Osasuna,0.3769,0.2788,0.3443,H,A,0
2023-08-27,LaLiga,Villarreal,Barcelona,0.2647,0.1996,0.5356,A,A,1
2023-08-27,Ligue1,Nice,Lyon,0.4745,0.2307,0.2948,H,D,0
2023-08-27,EPL,Newcastle,Liverpool,0.3607,0.2279,0.4114,A,A,1
2023-08-27,EPL,Burnley,Aston Villa,0.1982,0.227,0.5748,A,A,1
2023-08-27,EPL,Sheffield United,Man City,0.0479,0.0981,0.8534,A,A,1
2023-08-27,Bundesliga,Bayern Munich,Augsburg,0.8012,0.1337,0.065,H,H,1
2023-08-27,SerieA,Napoli,Sassuolo,0.7737,0.1537,0.0725,H,H,1
2023-08-27,Ligue1,Rennes,Le Havre,0.6026,0.2008,0.1966,H,D,0
2023-08-27,Ligue1,Clermont,Metz,0.325,0.2887,0.3863,A,A,1
2023-08-27,Ligue1,Lorient,Lille,0.2028,0.2393,0.5579,A,H,0
2023-08-27,SerieA,Fiorentina,Lecce,0.6536,0.2237,0.1227,H,D,0
2023-08-27,SerieA,Juventus,Bologna,0.4553,0.2683,0.2763,H,D,0
2023-08-27,SerieA,Lazio,Genoa,0.4935,0.2682,0.2384,H,A,0
2023-08-28,LaLiga,Getafe,Alaves,0.3358,0.3583,0.3059,D,H,0
2023-08-28,LaLiga,Vallecano,Ath Madrid,0.1733,0.2588,0.5679,A,A,1
2023-08-28,SerieA,Cagliari,Inter,0.1309,0.1983,0.6708,A,A,1
2023-08-28,SerieA,Salernitana,Udinese,0.2787,0.2595,0.4618,A,D,0
2023-09-01,LaLiga,Cadiz,Villarreal,0.1303,0.2135,0.6562,A,H,0
2023-09-01,EPL,Luton,West Ham,0.3504,0.2268,0.4228,A,A,1
2023-09-01,LaLiga,Almeria,Celta,0.2883,0.2184,0.4932,A,A,1
2023-09-01,Ligue1,Nantes,Marseille,0.218,0.2259,0.5561,A,D,0
2023-09-01,SerieA,Roma,Milan,0.477,0.2635,0.2595,H,A,0
2023-09-01,SerieA,Sassuolo,Verona,0.3895,0.2752,0.3353,H,H,1
2023-09-01,Bundesliga,Dortmund,Heidenheim,0.7336,0.1588,0.1075,H,D,0
2023-09-02,EPL,Brentford,Bournemouth,0.4258,0.2531,0.3211,H,D,0
2023-09-02,LaLiga,Real Madrid,Getafe,0.68,0.2052,0.1147,H,H,1
2023-09-02,LaLiga,Alaves,Valencia,0.3479,0.3248,0.3273,H,H,1
2023-09-02,LaLiga,Betis,Vallecano,0.4987,0.2633,0.238,H,H,1
2023-09-02,Ligue1,Monaco,Lens,0.4999,0.2565,0.2436,H,H,1
2023-09-02,Ligue1,Brest,Rennes,0.372,0.2332,0.3948,A,D,0
2023-09-02,EPL,Brighton,Newcastle,0.3268,0.2234,0.4499,A,H,0
2023-09-02,EPL,Man City,Fulham,0.6357,0.2077,0.1566,H,H,1
2023-09-02,EPL,Chelsea,Nott'm Forest,0.4793,0.2615,0.2593,H,A,0
2023-09-02,EPL,Burnley,Tottenham,0.3064,0.2286,0.4649,A,A,1
2023-09-02,LaLiga,Sociedad,Granada,0.5621,0.2482,0.1896,H,H,1
2023-09-02,EPL,Sheffield United,Everton,0.1378,0.2188,0.6433,A,D,0
2023-09-02,SerieA,Napoli,Lazio,0.5169,0.2697,0.2133,H,A,0
2023-09-02,SerieA,Atalanta,Monza,0.856,0.1026,0.041,H,H,1
2023-09-02,Bundesliga,M'gladbach,Bayern Munich,0.1242,0.1488,0.7267,A,A,1
2023-09-02,Bundesliga,Werder Bremen,Mainz,0.3518,0.2581,0.3901,A,H,0
2023-09-02,Bundesliga,Stuttgart,Freiburg,0.5525,0.2152,0.2323,H,H,1
2023-09-02,Bundesliga,Leverkusen,Darmstadt,0.9112,0.0644,0.0229,H,H,1
2023-09-02,Bundesliga,Hoffenheim,Wolfsburg,0.3632,0.2357,0.401,A,H,0
2023-09-02,Bundesliga,Augsburg,Bochum,0.4592,0.2885,0.2523,H,D,0
2023-09-02,SerieA,Bologna,Cagliari,0.5691,0.2321,0.1988,H,H,1
2023-09-02,SerieA,Udinese,Frosinone,0.4632,0.2617,0.2751,H,D,0
2023-09-03,SerieA,Empoli,Juventus,0.1544,0.2414,0.6042,A,A,1
2023-09-03,SerieA,Torino,Genoa,0.3505,0.3301,0.3195,H,H,1
2023-09-03,SerieA,Inter,Fiorentina,0.5758,0.2278,0.1964,H,H,1
2023-09-03,Ligue1,Lyon,Paris SG,0.2622,0.2033,0.5344,A,A,1
2023-09-03,Ligue1,Nice,Strasbourg,0.4832,0.252,0.2648,H,H,1
2023-09-03,Ligue1,Metz,Reims,0.3596,0.3162,0.3242,H,D,0
2023-09-03,Bundesliga,Union Berlin,RB Leipzig,0.2616,0.2616,0.4768,A,A,1
2023-09-03,Ligue1,Le Havre,Lorient,0.4264,0.2332,0.3404,H,H,1
2023-09-03,Ligue1,Toulouse,Clermont,0.6073,0.2393,0.1534,H,D,0
2023-09-03,Bundesliga,Ein Frankfurt,FC Koln,0.6956,0.1867,0.1176,H,D,0
2023-09-03,EPL,Arsenal,Man United,0.658,0.2155,0.1265,H,H,1
2023-09-03,EPL,Crystal Palace,Wolves,0.5129,0.2396,0.2475,H,H,1
2023-09-03,Ligue1,Lille,Montpellier,0.7745,0.1627,0.0628,H,H,1
2023-09-03,SerieA,Lecce,Salernitana,0.4435,0.2892,0.2673,H,H,1
2023-09-03,EPL,Liverpool,Aston Villa,0.5531,0.2201,0.2268,H,H,1
2023-09-03,LaLiga,Mallorca,Ath Bilbao,0.1766,0.3377,0.4856,A,D,0
2023-09-03,LaLiga,Girona,Las Palmas,0.4796,0.2606,0.2598,H,H,1
2023-09-03,LaLiga,Osasuna,Barcelona,0.1652,0.1908,0.6439,A,A,1
2023-09-15,LaLiga,Vallecano,Alaves,0.3551,0.3491,0.2958,H,H,1
2023-09-15,Bundesliga,Bayern Munich,Leverkusen,0.5797,0.2013,0.219,H,D,0
2023-09-15,Ligue1,Paris SG,Nice,0.5599,0.211,0.2291,H,A,0
2023-09-16,Bundesliga,Mainz,Stuttgart,0.3942,0.2448,0.361,H,A,0
2023-09-16,Bundesliga,RB Leipzig,Augsburg,0.5394,0.2581,0.2025,H,H,1
2023-09-16,Bundesliga,Wolfsburg,Union Berlin,0.4817,0.2644,0.2539,H,H,1
2023-09-16,Bundesliga,Bochum,Ein Frankfurt,0.1607,0.2037,0.6356,A,D,0
2023-09-16,EPL,Wolves,Liverpool,0.1839,0.1959,0.6202,A,A,1
2023-09-16,SerieA,Juventus,Lazio,0.4576,0.2692,0.2732,H,H,1
2023-09-16,SerieA,Inter,Milan,0.5695,0.2242,0.2064,H,H,1
2023-09-16,SerieA,Genoa,Napoli,0.1972,0.2938,0.5089,A,D,0
2023-09-16,Ligue1,Rennes,Lille,0.3295,0.2676,0.4029,A,D,0
2023-09-16,Ligue1,Lens,Metz,0.5624,0.2526,0.185,H,A,0
2023-09-16,Bundesliga,FC Koln,Hoffenheim,0.3118,0.2509,0.4373,A,A,1
2023-09-16,EPL,Aston Villa,Crystal Palace,0.447,0.2583,0.2946,H,H,1
2023-09-16,Bundesliga,Freiburg,Dortmund,0.2493,0.2154,0.5353,A,A,1
2023-09-16,EPL,Man United,Brighton,0.3346,0.2474,0.418,A,A,1
2023-09-16,EPL,Newcastle,Brentford,0.5133,0.2224,0.2643,H,H,1
2023-09-16,EPL,Fulham,Luton,0.5957,0.1967,0.2077,H,H,1
2023-09-16,LaLiga,Barcelona,Betis,0.6955,0.1628,0.1416,H,H,1
2023-09-16,LaLiga,Celta,Mallorca,0.4833,0.2755,0.2412,H,A,0
2023-09-16,EPL,West Ham,Man City,0.1665,0.2155,0.618,A,A,1
2023-09-16,LaLiga,Ath Bilbao,Cadiz,0.671,0.2478,0.0812,H,H,1
2023-09-16,EPL,Tottenham,Sheffield United,0.7382,0.1457,0.1158,H,H,1
2023-09-16,LaLiga,Valencia,Ath Madrid,0.1893,0.2441,0.5666,A,H,0
2023-09-17,SerieA,Cagliari,Udinese,0.4307,0.2743,0.2951,H,D,0
2023-09-17,SerieA,Frosinone,Sassuolo,0.4404,0.2423,0.3173,H,H,1
2023-09-17,LaLiga,Getafe,Osasuna,0.3221,0.3072,0.3706,A,H,0
2023-09-17,Bundesliga,Heidenheim,Werder Bremen,0.2686,0.2525,0.4789,A,H,0
2023-09-17,Ligue1,Clermont,Nantes,0.2739,0.2992,0.4269,A,A,1
2023-09-17,SerieA,Monza,Lecce,0.2965,0.324,0.3795,A,D,0
2023-09-17,SerieA,Fiorentina,Atalanta,0.3028,0.246,0.4512,A,H,0
2023-09-17,SerieA,Roma,Empoli,0.7214,0.1908,0.0878,H,H,1
2023-09-17,EPL,Everton,Arsenal,0.2158,0.3028,0.4814,A,A,1
2023-09-17,EPL,Bournemouth,Chelsea,0.3336,0.2782,0.3882,A,D,0
2023-09-17,Ligue1,Lorient,Monaco,0.1834,0.2019,0.6147,A,D,0
2023-09-17,Bundesliga,Darmstadt,M'gladbach,0.1102,0.1658,0.7239,A,D,0
2023-09-17,Ligue1,Reims,Brest,0.2978,0.2847,0.4174,A,A,1
2023-09-17,Ligue1,Marseille,Toulouse,0.5443,0.2215,0.2342,H,D,0
2023-09-17,Ligue1,Lyon,Le Havre,0.6965,0.1635,0.1398,H,D,0
2023-09-17,LaLiga,Villarreal,Almeria,0.7051,0.1583,0.1364,H,H,1
2023-09-17,LaLiga,Sevilla,Las Palmas,0.4727,0.2744,0.2529,H,H,1
2023-09-17,LaLiga,Real Madrid,Sociedad,0.6973,0.1928,0.1099,H,H,1
2023-09-17,Ligue1,Strasbourg,Montpellier,0.7689,0.161,0.0701,H,D,0
2023-09-18,SerieA,Verona,Bologna,0.1866,0.2511,0.5623,A,D,0
2023-09-18,SerieA,Salernitana,Torino,0.2257,0.2752,0.4991,A,A,1
2023-09-18,EPL,Nott'm Forest,Burnley,0.6149,0.2148,0.1702,H,D,0
2023-09-18,LaLiga,Granada,Girona,0.2498,0.2327,0.5175,A,A,1
2023-09-22,LaLiga,Alaves,Ath Bilbao,0.1891,0.3455,0.4654,A,A,1
2023-09-22,Bundesliga,Stuttgart,Darmstadt,0.8756,0.0857,0.0379,H,H,1
2023-09-22,Ligue1,Monaco,Nice,0.4006,0.2469,0.3524,H,A,0
2023-09-22,SerieA,Lecce,Genoa,0.2482,0.323,0.4288,A,H,0
2023-09-22,SerieA,Salernitana,Frosinone,0.3375,0.2507,0.4118,A,D,0
2023-09-23,Bundesliga,M'gladbach,RB Leipzig,0.3508,0.2348,0.4145,A,A,1
2023-09-23,Bundesliga,Dortmund,Wolfsburg,0.6268,0.1931,0.18,H,H,1
2023-09-23,LaLiga,Barcelona,Celta,0.7335,0.1461,0.1202,H,H,1
2023-09-23,Bundesliga,Augsburg,Mainz,0.2458,0.2873,0.4669,A,H,0
2023-09-23,Bundesliga,Union Berlin,Hoffenheim,0.388,0.2526,0.3595,H,A,0
2023-09-23,LaLiga,Osasuna,Sevilla,0.4681,0.2652,0.2667,H,D,0
2023-09-23,LaLiga,Girona,Mallorca,0.3831,0.3019,0.3151,H,H,1
2023-09-23,Bundesliga,Bayern Munich,Bochum,0.887,0.0773,0.0344,H,H,1
2023-09-23,EPL,Man City,Nott'm Forest,0.5889,0.2268,0.1843,H,H,1
2023-09-23,LaLiga,Almeria,Valencia,0.3286,0.2503,0.4211,A,D,0
2023-09-23,EPL,Luton,Wolves,0.3363,0.2194,0.4443,A,D,0
2023-09-23,Ligue1,Nantes,Lorient,0.4369,0.2657,0.2974,H,H,1
2023-09-23,Ligue1,Brest,Lyon,0.2972,0.2167,0.4861,A,H,0
2023-09-23,SerieA,Milan,Verona,0.6901,0.1952,0.1146,H,H,1
2023-09-23,SerieA,Sassuolo,Juventus,0.1414,0.2024,0.6562,A,H,0
2023-09-23,SerieA,Lazio,Monza,0.7372,0.1723,0.0904,H,D,0
2023-09-23,Bundesliga,Werder Bremen,FC Koln,0.5956,0.2284,0.176,H,H,1
2023-09-23,EPL,Crystal Palace,Fulham,0.4544,0.2542,0.2914,H,D,0
2023-09-23,EPL,Burnley,Man United,0.2953,0.2638,0.4409,A,A,1
2023-09-23,EPL,Brentford,Everton,0.4189,0.2847,0.2964,H,A,0
2023-09-24,Ligue1,Paris SG,Marseille,0.6191,0.1792,0.2015,H,H,1
2023-09-24,Ligue1,Metz,Strasbourg,0.211,0.245,0.544,A,A,1
2023-09-24,Bundesliga,Leverkusen,Heidenheim,0.7383,0.1636,0.0981,H,H,1
2023-09-24,Ligue1,Lens,Toulouse,0.4086,0.2911,0.3003,H,H,1
2023-09-24,Ligue1,Montpellier,Rennes,0.1174,0.1957,0.6869,A,D,0
2023-09-24,Bundesliga,Ein Frankfurt,Freiburg,0.5572,0.2214,0.2214,H,D,0
2023-09-24,SerieA,Empoli,Inter,0.087,0.1694,0.7435,A,A,1
2023-09-24,Ligue1,Le Havre,Clermont,0.5066,0.2491,0.2442,H,H,1
2023-09-24,SerieA,Atalanta,Cagliari,0.7176,0.1726,0.1098,H,H,1
2023-09-24,SerieA,Torino,Roma,0.1922,0.3002,0.5076,A,D,0
2023-09-24,SerieA,Udinese,Fiorentina,0.2126,0.2448,0.5426,A,A,1
2023-09-24,LaLiga,Sociedad,Getafe,0.3591,0.3346,0.3063,H,H,1
2023-09-24,LaLiga,Vallecano,Villarreal,0.2493,0.2534,0.4973,A,D,0
2023-09-24,LaLiga,Betis,Cadiz,0.651,0.2229,0.126,H,D,0
2023-09-24,LaLiga,Las Palmas,Granada,0.4982,0.256,0.2458,H,H,1
2023-09-24,LaLiga,Ath Madrid,Real Madrid,0.4057,0.2571,0.3373,H,H,1
2023-09-24,EPL,Arsenal,Tottenham,0.7137,0.1712,0.1151,H,D,0
2023-09-24,SerieA,Bologna,Napoli,0.2758,0.2856,0.4385,A,D,0
2023-09-24,EPL,Chelsea,Aston Villa,0.4394,0.267,0.2936,H,A,0
2023-09-24,EPL,Liverpool,West Ham,0.7106,0.1672,0.1221,H,H,1
2023-09-24,EPL,Sheffield United,Newcastle,0.0708,0.116,0.8127,A,A,1
2023-09-24,EPL,Brighton,Bournemouth,0.4119,0.2451,0.343,H,H,1
2023-09-26,LaLiga,Sevilla,Almeria,0.4608,0.2428,0.2965,H,H,1
2023-09-26,LaLiga,Mallorca,Barcelona,0.1289,0.2048,0.6663,A,D,0
2023-09-26,Ligue1,Lille,Reims,0.5665,0.28,0.1535,H,A,0
2023-09-26,SerieA,Juventus,Lecce,0.6482,0.2383,0.1135,H,H,1
2023-09-27,LaLiga,Valencia,Sociedad,0.4297,0.2973,0.2731,H,A,0
2023-09-27,LaLiga,Ath Bilbao,Getafe,0.5589,0.3001,0.141,H,D,0
2023-09-27,LaLiga,Real Madrid,Las Palmas,0.7797,0.1462,0.0741,H,H,1
2023-09-27,LaLiga,Villarreal,Girona,0.651,0.1847,0.1642,H,A,0
2023-09-27,LaLiga,Cadiz,Vallecano,0.2291,0.3374,0.4335,A,D,0
2023-09-27,SerieA,Verona,Atalanta,0.1064,0.19,0.7036,A,A,1
2023-09-27,SerieA,Lazio,Torino,0.4974,0.2805,0.2221,H,H,1
2023-09-27,SerieA,Napoli,Udinese,0.6702,0.2197,0.1101,H,H,1
2023-09-27,SerieA,Empoli,Salernitana,0.4747,0.2604,0.2649,H,H,1
2023-09-27,SerieA,Cagliari,Milan,0.227,0.2343,0.5387,A,A,1
2023-09-27,SerieA,Inter,Sassuolo,0.8549,0.0985,0.046,H,A,0
2023-09-28,SerieA,Monza,Bologna,0.1263,0.2033,0.6704,A,D,0
2023-09-28,LaLiga,Osasuna,Ath Madrid,0.2046,0.2455,0.5499,A,A,1
2023-09-28,LaLiga,Granada,Betis,0.1505,0.1865,0.663,A,D,0
2023-09-28,LaLiga,Celta,Alaves,0.4593,0.2811,0.2596,H,D,0
2023-09-28,SerieA,Genoa,Roma,0.206,0.2868,0.5072,A,H,0
2023-09-28,SerieA,Frosinone,Fiorentina,0.1687,0.209,0.6222,A,D,0
2023-09-29,LaLiga,Barcelona,Sevilla,0.7873,0.1316,0.0808,H,H,1
2023-09-29,Ligue1,Strasbourg,Lens,0.4306,0.284,0.2854,H,A,0
2023-09-29,Bundesliga,Hoffenheim,Dortmund,0.1928,0.1785,0.6286,A,A,1
2023-09-30,Ligue1,Clermont,Paris SG,0.0646,0.1261,0.809,A,D,0
2023-09-30,Ligue1,Monaco,Marseille,0.4458,0.2213,0.3329,H,H,1
2023-09-30,EPL,Wolves,Man City,0.1751,0.2127,0.6122,A,H,0
2023-09-30,SerieA,Salernitana,Inter,0.0548,0.1145,0.8305,A,A,1
2023-09-30,EPL,Aston Villa,Brighton,0.4674,0.2343,0.2983,H,H,1
2023-09-30,EPL,Bournemouth,Arsenal,0.231,0.2679,0.5011,A,A,1
2023-09-30,EPL,Everton,Luton,0.5827,0.2285,0.1888,H,A,0
2023-09-30,EPL,Man United,Crystal Palace,0.3247,0.2719,0.4034,A,A,1
2023-09-30,EPL,Newcastle,Burnley,0.7323,0.1594,0.1082,H,H,1
2023-09-30,EPL,West Ham,Sheffield United,0.6803,0.1812,0.1385,H,H,1
2023-09-30,EPL,Tottenham,Liverpool,0.1862,0.181,0.6327,A,H,0
2023-09-30,SerieA,Milan,Lazio,0.4663,0.2437,0.2899,H,H,1
2023-09-30,SerieA,Lecce,Napoli,0.1172,0.2616,0.6212,A,A,1
2023-09-30,LaLiga,Vallecano,Mallorca,0.3745,0.3464,0.2791,H,D,0
2023-09-30,Bundesliga,Heidenheim,Union Berlin,0.3597,0.2898,0.3505,H,H,1
2023-09-30,Bundesliga,Mainz,Leverkusen,0.3001,0.2505,0.4494,A,A,1
2023-09-30,Bundesliga,Wolfsburg,Ein Frankfurt,0.29,0.2406,0.4694,A,H,0
2023-09-30,Bundesliga,RB Leipzig,Bayern Munich,0.1777,0.1909,0.6313,A,D,0
2023-09-30,Bundesliga,FC Koln,Stuttgart,0.1715,0.2118,0.6167,A,A,1
2023-09-30,LaLiga,Getafe,Villarreal,0.2334,0.2555,0.511,A,D,0
2023-09-30,Bundesliga,Bochum,M'gladbach,0.2567,0.2322,0.5111,A,A,1
2023-09-30,LaLiga,Girona,Real Madrid,0.1453,0.1864,0.6682,A,A,1
2023-09-30,LaLiga,Sociedad,Ath Bilbao,0.1783,0.3131,0.5086,A,H,0
2023-10-01,Bundesliga,Darmstadt,Werder Bremen,0.1003,0.168,0.7316,A,H,0
2023-10-01,Bundesliga,Freiburg,Augsburg,0.4704,0.2771,0.2525,H,H,1
2023-10-01,SerieA,Bologna,Empoli,0.6531,0.2093,0.1375,H,H,1
2023-10-01,SerieA,Udinese,Genoa,0.3139,0.2977,0.3884,A,D,0
2023-10-01,SerieA,Atalanta,Juventus,0.4899,0.2567,0.2534,H,D,0
2023-10-01,SerieA,Roma,Frosinone,0.7459,0.1692,0.0848,H,H,1
2023-10-01,LaLiga,Alaves,Osasuna,0.3328,0.3189,0.3483,A,A,1
2023-10-01,LaLiga,Betis,Valencia,0.4899,0.2482,0.2618,H,H,1
2023-10-01,Ligue1,Lorient,Montpellier,0.6175,0.2248,0.1577,H,A,0
2023-10-01,Ligue1,Toulouse,Metz,0.5564,0.2447,0.1989,H,H,1
2023-10-01,Ligue1,Nice,Brest,0.6104,0.2025,0.1871,H,D,0
2023-10-01,Ligue1,Le Havre,Lille,0.2018,0.2308,0.5674,A,A,1
2023-10-01,EPL,Nott'm Forest,Brentford,0.3958,0.2499,0.3543,H,D,0
2023-10-01,LaLiga,Ath Madrid,Cadiz,0.7656,0.1715,0.0629,H,H,1
2023-10-01,Ligue1,Reims,Lyon,0.2038,0.2564,0.5399,A,H,0
2023-10-01,Ligue1,Rennes,Nantes,0.5251,0.2486,0.2263,H,H,1
2023-10-01,LaLiga,Almeria,Granada,0.5838,0.2067,0.2095,H,D,0
2023-10-02,SerieA,Torino,Verona,0.4719,0.3146,0.2135,H,D,0
2023-10-02,SerieA,Fiorentina,Cagliari,0.5991,0.2223,0.1785,H,H,1
2023-10-02,EPL,Fulham,Chelsea,0.2938,0.2633,0.4429,A,A,1
2023-10-02,LaLiga,Las Palmas,Celta,0.2462,0.2454,0.5083,A,H,0
2023-10-02,SerieA,Sassuolo,Monza,0.4967,0.252,0.2512,H,A,0
2023-10-03,EPL,Luton,Burnley,0.4548,0.221,0.3242,H,A,0
2023-10-06,Ligue1,Strasbourg,Nantes,0.5513,0.254,0.1947,H,A,0
2023-10-06,SerieA,Empoli,Udinese,0.3333,0.29,0.3768,A,D,0
2023-10-06,SerieA,Lecce,Sassuolo,0.3954,0.2882,0.3164,H,D,0
2023-10-06,Bundesliga,M'gladbach,Mainz,0.3289,0.2443,0.4269,A,D,0
2023-10-06,LaLiga,Ath Bilbao,Almeria,0.6783,0.206,0.1157,H,H,1
2023-10-07,Bundesliga,Augsburg,Darmstadt,0.6466,0.2288,0.1246,H,A,0
2023-10-07,Bundesliga,RB Leipzig,Bochum,0.6506,0.2026,0.1467,H,D,0
2023-10-07,Bundesliga,Stuttgart,Wolfsburg,0.5529,0.2167,0.2304,H,H,1
2023-10-07,Bundesliga,Werder Bremen,Hoffenheim,0.5327,0.2138,0.2535,H,A,0
2023-10-07,EPL,Crystal Palace,Nott'm Forest,0.4096,0.2631,0.3273,H,D,0
2023-10-07,EPL,Man United,Brentford,0.3133,0.2553,0.4314,A,H,0
2023-10-07,EPL,Fulham,Sheffield United,0.7473,0.1518,0.1008,H,H,1
2023-10-07,EPL,Everton,Bournemouth,0.3626,0.3138,0.3237,H,H,1
2023-10-07,EPL,Burnley,Chelsea,0.173,0.2227,0.6043,A,A,1
2023-10-07,EPL,Luton,Tottenham,0.3307,0.2032,0.4661,A,A,1
2023-10-07,LaLiga,Sevilla,Vallecano,0.3676,0.3016,0.3308,H,D,0
2023-10-07,Bundesliga,Dortmund,Union Berlin,0.6913,0.1798,0.1288,H,H,1
2023-10-07,Ligue1,Metz,Nice,0.16,0.2121,0.6279,A,A,1
2023-10-07,SerieA,Inter,Bologna,0.605,0.2188,0.1762,H,D,0
2023-10-07,SerieA,Juventus,Torino,0.5311,0.2861,0.1828,H,H,1
2023-10-07,SerieA,Genoa,Milan,0.2664,0.2647,0.4689,A,A,1
2023-10-07,Ligue1,Reims,Monaco,0.1862,0.2615,0.5523,A,A,1
2023-10-07,LaLiga,Real Madrid,Osasuna,0.6577,0.1975,0.1448,H,H,1
2023-10-07,LaLiga,Cadiz,Girona,0.2557,0.2943,0.4501,A,A,1
2023-10-07,LaLiga,Mallorca,Valencia,0.3289,0.324,0.3471,A,D,0
2023-10-08,LaLiga,Alaves,Betis,0.298,0.2938,0.4082,A,D,0
2023-10-08,Ligue1,Marseille,Le Havre,0.7247,0.1493,0.1258,H,H,1
2023-10-08,Ligue1,Brest,Toulouse,0.3831,0.2516,0.3653,H,D,0
2023-10-08,Ligue1,Lyon,Lorient,0.686,0.1712,0.1427,H,D,0
2023-10-08,SerieA,Napoli,Fiorentina,0.488,0.2755,0.2365,H,A,0
2023-10-08,LaLiga,Granada,Barcelona,0.0412,0.0792,0.8779,A,D,0
2023-10-08,LaLiga,Celta,Getafe,0.4869,0.267,0.2461,H,D,0
2023-10-08,Bundesliga,Leverkusen,FC Koln,0.7627,0.1548,0.0825,H,H,1
2023-10-08,EPL,Wolves,Aston Villa,0.2841,0.2487,0.4672,A,D,0
2023-10-08,EPL,Brighton,Liverpool,0.2628,0.2066,0.5305,A,D,0
2023-10-08,SerieA,Cagliari,Roma,0.1744,0.2488,0.5768,A,A,1
2023-10-08,SerieA,Lazio,Atalanta,0.2729,0.2427,0.4844,A,H,0
2023-10-08,SerieA,Frosinone,Verona,0.401,0.2842,0.3147,H,H,1
2023-10-08,SerieA,Monza,Salernitana,0.3724,0.273,0.3546,H,H,1
2023-10-08,LaLiga,Ath Madrid,Sociedad,0.6675,0.216,0.1166,H,H,1
2023-10-08,LaLiga,Villarreal,Las Palmas,0.6993,0.1788,0.1219,H,A,0
2023-10-08,Bundesliga,Bayern Munich,Freiburg,0.7795,0.1333,0.087,H,H,1
2023-10-08,Ligue1,Rennes,Paris SG,0.1971,0.1932,0.6097,A,A,1
2023-10-08,Ligue1,Lens,Lille,0.3179,0.3035,0.3786,A,D,0
2023-10-08,EPL,Arsenal,Man City,0.4212,0.2756,0.3032,H,H,1
2023-10-08,Bundesliga,Ein Frankfurt,Heidenheim,0.6669,0.1946,0.1385,H,H,1
2023-10-08,EPL,West Ham,Newcastle,0.2242,0.2252,0.5506,A,D,0
2023-10-20,LaLiga,Osasuna,Granada,0.6651,0.1961,0.1388,H,H,1
2023-10-20,Bundesliga,Dortmund,Werder Bremen,0.6022,0.1955,0.2023,H,H,1
2023-10-20,Ligue1,Le Havre,Lens,0.2618,0.2536,0.4846,A,D,0
2023-10-21,Bundesliga,Darmstadt,RB Leipzig,0.0831,0.1542,0.7626,A,A,1
2023-10-21,SerieA,Verona,Napoli,0.1186,0.246,0.6354,A,A,1
2023-10-21,EPL,Sheffield United,Man United,0.1765,0.2124,0.6111,A,A,1
2023-10-21,Bundesliga,Freiburg,Bochum,0.578,0.2291,0.1929,H,H,1
2023-10-21,LaLiga,Celta,Ath Madrid,0.2217,0.2273,0.551,A,A,1
2023-10-21,SerieA,Sassuolo,Lazio,0.1765,0.2056,0.6179,A,A,1
2023-10-21,EPL,Chelsea,Arsenal,0.2851,0.2818,0.433,A,D,0
2023-10-21,Bundesliga,Hoffenheim,Ein Frankfurt,0.2374,0.2062,0.5564,A,A,1
2023-10-21,LaLiga,Sociedad,Mallorca,0.3565,0.3455,0.2979,H,H,1
2023-10-21,Bundesliga,Wolfsburg,Leverkusen,0.2226,0.2247,0.5527,A,A,1
2023-10-21,EPL,Liverpool,Everton,0.5614,0.2464,0.1921,H,H,1
2023-10-21,EPL,Bournemouth,Wolves,0.5117,0.2459,0.2424,H,A,0
2023-10-21,EPL,Brentford,Burnley,0.6568,0.1899,0.1533,H,H,1
2023-10-21,EPL,Man City,Brighton,0.62,0.1993,0.1806,H,H,1
2023-10-21,EPL,Newcastle,Crystal Palace,0.5196,0.2325,0.2479,H,H,1
2023-10-21,EPL,Nott'm Forest,Luton,0.6367,0.1874,0.1759,H,D,0
2023-10-21,Bundesliga,Union Berlin,Stuttgart,0.2283,0.2336,0.538,A,A,1
2023-10-21,SerieA,Torino,Inter,0.1532,0.2499,0.5969,A,A,1
2023-10-21,LaLiga,Sevilla,Real Madrid,0.1526,0.2033,0.6442,A,D,0
2023-10-21,Ligue1,Paris SG,Strasbourg,0.6315,0.1961,0.1724,H,H,1
2023-10-21,Ligue1,Nice,Marseille,0.4605,0.2261,0.3134,H,H,1
2023-10-21,Bundesliga,Mainz,Bayern Munich,0.1936,0.2085,0.598,A,A,1
2023-10-21,LaLiga,Getafe,Betis,0.2851,0.2812,0.4337,A,D,0
2023-10-22,SerieA,Salernitana,Cagliari,0.2513,0.2456,0.503,A,D,0
2023-10-22,SerieA,Bologna,Frosinone,0.6739,0.19,0.1361,H,H,1
2023-10-22,LaLiga,Barcelona,Ath Bilbao,0.4798,0.2662,0.2541,H,H,1
2023-10-22,Bundesliga,Heidenheim,Augsburg,0.3493,0.3054,0.3453,H,A,0
2023-10-22,LaLiga,Girona,Almeria,0.4643,0.2309,0.3048,H,H,1
2023-10-22,LaLiga,Las Palmas,Vallecano,0.2939,0.3107,0.3954,A,A,1
2023-10-22,Bundesliga,FC Koln,M'gladbach,0.2575,0.245,0.4975,A,H,0
2023-10-22,SerieA,Atalanta,Genoa,0.6445,0.214,0.1415,H,H,1
2023-10-22,LaLiga,Villarreal,Alaves,0.5614,0.2489,0.1897,H,D,0
2023-10-22,SerieA,Milan,Juventus,0.3922,0.2672,0.3407,H,A,0
2023-10-22,SerieA,Roma,Monza,0.7964,0.1484,0.0552,H,H,1
2023-10-22,Ligue1,Monaco,Metz,0.7008,0.1787,0.1205,H,H,1
2023-10-22,Ligue1,Toulouse,Reims,0.4923,0.298,0.2098,H,D,0
2023-10-22,Ligue1,Nantes,Montpellier,0.6079,0.2489,0.1432,H,H,1
2023-10-22,Ligue1,Lille,Brest,0.5449,0.2362,0.2189,H,H,1
2023-10-22,Ligue1,Lorient,Rennes,0.2669,0.2296,0.5035,A,H,0
2023-10-22,EPL,Aston Villa,West Ham,0.56,0.2344,0.2056,H,H,1
2023-10-22,Ligue1,Lyon,Clermont,0.7371,0.1648,0.098,H,A,0
2023-10-23,LaLiga,Valencia,Cadiz,0.5492,0.2821,0.1687,H,H,1
2023-10-23,SerieA,Fiorentina,Empoli,0.6808,0.1973,0.122,H,A,0
2023-10-23,SerieA,Udinese,Lecce,0.4371,0.3093,0.2536,H,D,0
2023-10-23,EPL,Tottenham,Fulham,0.3795,0.2354,0.3851,A,H,0
2023-10-27,EPL,Crystal Palace,Tottenham,0.5216,0.2231,0.2553,H,A,0
2023-10-27,LaLiga,Girona,Celta,0.3201,0.2357,0.4441,A,H,0
2023-10-27,Bundesliga,Bochum,Mainz,0.1892,0.2379,0.5729,A,D,0
2023-10-27,Ligue1,Clermont,Nice,0.1211,0.2022,0.6767,A,A,1
2023-10-27,SerieA,Genoa,Salernitana,0.6143,0.2271,0.1586,H,H,1
2023-10-28,Bundesliga,Bayern Munich,Darmstadt,0.956,0.0254,0.0074,H,H,1
2023-10-28,Bundesliga,Stuttgart,Hoffenheim,0.6455,0.1763,0.1781,H,A,0
2023-10-28,Bundesliga,Werder Bremen,Union Berlin,0.5198,0.2492,0.231,H,H,1
2023-10-28,Bundesliga,RB Leipzig,FC Koln,0.632,0.2176,0.1505,H,H,1
2023-10-28,LaLiga,Almeria,Las Palmas,0.4568,0.2519,0.2913,H,A,0
2023-10-28,LaLiga,Barcelona,Real Madrid,0.4836,0.218,0.2984,H,A,0
2023-10-28,LaLiga,Mallorca,Getafe,0.3469,0.3568,0.2963,D,D,1
2023-10-28,LaLiga,Cadiz,Sevilla,0.2479,0.3099,0.4422,A,D,0
2023-10-28,Bundesliga,Augsburg,Wolfsburg,0.3187,0.2906,0.3907,A,H,0
2023-10-28,Bundesliga,M'gladbach,Heidenheim,0.5471,0.2277,0.2252,H,H,1
2023-10-28,SerieA,Juventus,Verona,0.6619,0.2237,0.1143,H,H,1
2023-10-28,Ligue1,Lens,Nantes,0.4923,0.2855,0.2222,H,H,1
2023-10-28,SerieA,Lecce,Torino,0.2565,0.3457,0.3977,A,A,1
2023-10-28,SerieA,Sassuolo,Bologna,0.1738,0.2029,0.6233,A,D,0
2023-10-28,Ligue1,Reims,Lorient,0.382,0.2973,0.3207,H,H,1
2023-10-28,EPL,Wolves,Newcastle,0.2362,0.2218,0.5419,A,D,0
2023-10-28,EPL,Bournemouth,Burnley,0.616,0.218,0.1659,H,H,1
2023-10-28,EPL,Chelsea,Brentford,0.4734,0.2479,0.2787,H,A,0
2023-10-28,EPL,Arsenal,Sheffield United,0.8975,0.0737,0.0278,H,H,1
2023-10-29,Ligue1,Montpellier,Toulouse,0.1314,0.2281,0.6405,A,H,0
2023-10-29,Bundesliga,Leverkusen,Freiburg,0.6392,0.1972,0.1636,H,H,1
2023-10-29,Bundesliga,Ein Frankfurt,Dortmund,0.38,0.2235,0.3965,A,D,0
2023-10-29,SerieA,Napoli,Milan,0.4819,0.27,0.2482,H,D,0
2023-10-29,SerieA,Inter,Roma,0.4564,0.2789,0.2647,H,H,1
2023-10-29,LaLiga,Ath Madrid,Alaves,0.6193,0.2492,0.1315,H,H,1
2023-10-29,LaLiga,Ath Bilbao,Valencia,0.5563,0.2798,0.1639,H,D,0
2023-10-29,Ligue1,Rennes,Strasbourg,0.3683,0.2556,0.3761,A,D,0
2023-10-29,LaLiga,Betis,Osasuna,0.4703,0.2475,0.2822,H,H,1
2023-10-29,Ligue1,Brest,Paris SG,0.1555,0.1676,0.6768,A,A,1
2023-10-29,LaLiga,Vallecano,Sociedad,0.3893,0.3245,0.2862,H,D,0
2023-10-29,Ligue1,Lille,Monaco,0.3839,0.2683,0.3478,H,H,1
2023-10-29,EPL,Man United,Man City,0.1856,0.2364,0.578,A,A,1
2023-10-29,EPL,Liverpool,Nott'm Forest,0.5966,0.2091,0.1943,H,H,1
2023-10-29,EPL,Brighton,Fulham,0.4721,0.2308,0.297,H,D,0
2023-10-29,EPL,Aston Villa,Luton,0.682,0.1714,0.1464,H,H,1
2023-10-29,EPL,West Ham,Everton,0.3001,0.3025,0.3974,A,A,1
2023-10-29,Ligue1,Metz,Le Havre,0.3939,0.2485,0.3576,H,D,0
2023-10-29,SerieA,Cagliari,Frosinone,0.5043,0.2476,0.2481,H,H,1
2023-10-29,SerieA,Monza,Udinese,0.2496,0.2802,0.4702,A,D,0
2023-10-30,LaLiga,Granada,Villarreal,0.1062,0.1474,0.7462,A,A,1
2023-10-30,SerieA,Empoli,Atalanta,0.1043,0.1772,0.7185,A,A,1
2023-10-30,SerieA,Lazio,Fiorentina,0.3791,0.2577,0.3632,H,H,1
2023-11-03,SerieA,Bologna,Lazio,0.4152,0.2565,0.3283,H,H,1
2023-11-03,Bundesliga,Darmstadt,Bochum,0.2198,0.2548,0.5254,A,A,1
2023-11-03,LaLiga,Las Palmas,Ath Madrid,0.1158,0.2031,0.6811,A,H,0
2023-11-03,Ligue1,Paris SG,Montpellier,0.9232,0.056,0.0187,H,H,1
2023-11-04,Bundesliga,Hoffenheim,Leverkusen,0.1731,0.1829,0.6439,A,A,1
2023-11-04,LaLiga,Sociedad,Barcelona,0.1242,0.1853,0.6904,A,A,1
2023-11-04,EPL,Newcastle,Arsenal,0.3072,0.2596,0.4331,A,H,0
2023-11-04,EPL,Man City,Bournemouth,0.5741,0.2354,0.1904,H,H,1
2023-11-04,EPL,Everton,Brighton,0.3899,0.2771,0.333,H,D,0
2023-11-04,EPL,Burnley,Crystal Palace,0.2275,0.2369,0.5356,A,A,1
2023-11-04,EPL,Brentford,West Ham,0.5555,0.224,0.2205,H,H,1
2023-11-04,EPL,Fulham,Man United,0.4424,0.2654,0.2921,H,A,0
2023-11-04,Ligue1,Marseille,Lille,0.4295,0.2475,0.323,H,D,0
2023-11-04,Ligue1,Lorient,Lens,0.2613,0.2618,0.4768,A,D,0
2023-11-04,SerieA,Milan,Udinese,0.6476,0.2047,0.1477,H,A,0
2023-11-04,SerieA,Atalanta,Inter,0.3664,0.2554,0.3782,A,A,1
2023-11-04,SerieA,Salernitana,Napoli,0.0828,0.172,0.7452,A,A,1
2023-11-04,Bundesliga,Mainz,RB Leipzig,0.4272,0.2591,0.3137,H,H,1
2023-11-04,LaLiga,Celta,Sevilla,0.5147,0.2361,0.2491,H,D,0
2023-11-04,LaLiga,Betis,Mallorca,0.5069,0.2742,0.2189,H,H,1
2023-11-04,EPL,Sheffield United,Wolves,0.1817,0.198,0.6203,A,H,0
2023-11-04,Bundesliga,Freiburg,M'gladbach,0.4258,0.2357,0.3385,H,D,0
2023-11-04,Bundesliga,Dortmund,Bayern Munich,0.2658,0.2004,0.5337,A,A,1
2023-11-04,Bundesliga,Union Berlin,Ein Frankfurt,0.2178,0.2406,0.5415,A,A,1
2023-11-04,Bundesliga,FC Koln,Augsburg,0.3111,0.3137,0.3752,A,D,0
2023-11-04,LaLiga,Osasuna,Girona,0.4866,0.2498,0.2636,H,A,0
2023-11-05,SerieA,Fiorentina,Juventus,0.3739,0.2755,0.3505,H,A,0
2023-11-05,Ligue1,Strasbourg,Clermont,0.6717,0.2091,0.1192,H,D,0
2023-11-05,Ligue1,Toulouse,Le Havre,0.5593,0.2265,0.2142,H,A,0
2023-11-05,EPL,Nott'm Forest,Aston Villa,0.3668,0.2657,0.3675,A,H,0
2023-11-05,EPL,Luton,Liverpool,0.1137,0.1347,0.7511,A,D,0
2023-11-05,LaLiga,Alaves,Almeria,0.4478,0.2801,0.2722,H,H,1
2023-11-05,Ligue1,Monaco,Brest,0.6005,0.2005,0.199,H,H,1
2023-11-05,Ligue1,Nice,Rennes,0.5456,0.226,0.2283,H,H,1
2023-11-05,SerieA,Roma,Lecce,0.6899,0.2204,0.0897,H,H,1
2023-11-05,SerieA,Cagliari,Genoa,0.3458,0.2909,0.3633,A,H,0
2023-11-05,SerieA,Verona,Monza,0.4674,0.2955,0.2372,H,A,0
2023-11-05,Bundesliga,Heidenheim,Stuttgart,0.2003,0.2172,0.5825,A,H,0
2023-11-05,Bundesliga,Wolfsburg,Werder Bremen,0.385,0.251,0.3639,H,D,0
2023-11-05,LaLiga,Valencia,Granada,0.6363,0.2101,0.1535,H,H,1
2023-11-05,LaLiga,Villarreal,Ath Bilbao,0.3287,0.2844,0.387,A,A,1
2023-11-05,LaLiga,Real Madrid,Vallecano,0.6712,0.2058,0.1229,H,D,0
2023-11-05,Ligue1,Lyon,Metz,0.6896,0.1777,0.1326,H,D,0
2023-11-05,Ligue1,Nantes,Reims,0.3955,0.3296,0.2749,H,A,0
2023-11-06,LaLiga,Getafe,Cadiz,0.4759,0.3319,0.1922,H,H,1
2023-11-06,SerieA,Torino,Sassuolo,0.5284,0.2614,0.2102,H,H,1
2023-11-06,SerieA,Frosinone,Empoli,0.4069,0.2719,0.3212,H,H,1
2023-11-06,EPL,Tottenham,Chelsea,0.2594,0.2319,0.5086,A,A,1
2023-11-10,Ligue1,Montpellier,Nice,0.0704,0.1542,0.7754,A,D,0
2023-11-10,Bundesliga,M'gladbach,Wolfsburg,0.4262,0.2377,0.3361,H,H,1
2023-11-10,LaLiga,Ath Bilbao,Celta,0.5505,0.2587,0.1908,H,H,1
2023-11-10,SerieA,Sassuolo,Salernitana,0.4852,0.2342,0.2806,H,D,0
2023-11-10,SerieA,Genoa,Verona,0.5071,0.2902,0.2027,H,H,1
2023-11-11,LaLiga,Almeria,Sociedad,0.3719,0.2695,0.3586,H,A,0
2023-11-11,LaLiga,Granada,Getafe,0.2419,0.2774,0.4807,A,D,0
2023-11-11,LaLiga,Osasuna,Las Palmas,0.5404,0.2565,0.203,H,D,0
2023-11-11,LaLiga,Real Madrid,Valencia,0.6733,0.194,0.1327,H,H,1
2023-11-11,SerieA,Monza,Torino,0.2029,0.2971,0.5,A,D,0
2023-11-11,SerieA,Juventus,Cagliari,0.6018,0.2348,0.1634,H,H,1
2023-11-11,SerieA,Lecce,Milan,0.1564,0.2398,0.6038,A,D,0
2023-11-11,EPL,Bournemouth,Newcastle,0.3254,0.2535,0.4211,A,H,0
2023-11-11,Ligue1,Le Havre,Monaco,0.1813,0.1941,0.6246,A,D,0
2023-11-11,EPL,Crystal Palace,Everton,0.3914,0.3033,0.3053,H,A,0
2023-11-11,EPL,Man United,Luton,0.5374,0.2195,0.2431,H,H,1
2023-11-11,EPL,Wolves,Tottenham,0.4204,0.2298,0.3498,H,H,1
2023-11-11,Bundesliga,Darmstadt,Mainz,0.0796,0.1601,0.7602,A,D,0
2023-11-11,Bundesliga,Stuttgart,Dortmund,0.3679,0.2146,0.4174,A,H,0
2023-11-11,Bundesliga,Bochum,FC Koln,0.3918,0.2854,0.3228,H,D,0
2023-11-11,EPL,Arsenal,Burnley,0.7803,0.1477,0.0719,H,H,1
2023-11-11,Ligue1,Reims,Paris SG,0.1104,0.1925,0.6971,A,A,1
2023-11-11,Bundesliga,Bayern Munich,Heidenheim,0.855,0.0976,0.0468,H,H,1
2023-11-11,Bundesliga,Augsburg,Hoffenheim,0.3834,0.2659,0.3507,H,D,0
2023-11-11,LaLiga,Vallecano,Girona,0.4167,0.2832,0.3001,H,A,0
2023-11-12,SerieA,Napoli,Empoli,0.7189,0.1961,0.085,H,A,0
2023-11-12,SerieA,Fiorentina,Bologna,0.4426,0.2523,0.3051,H,H,1
2023-11-12,SerieA,Lazio,Roma,0.2853,0.2793,0.4355,A,D,0
2023-11-12,SerieA,Inter,Frosinone,0.8295,0.1158,0.0545,H,H,1
2023-11-12,Bundesliga,Leverkusen,Union Berlin,0.6973,0.1854,0.1172,H,H,1
2023-11-12,Bundesliga,RB Leipzig,Freiburg,0.4891,0.2419,0.2691,H,H,1
2023-11-12,Bundesliga,Werder Bremen,Ein Frankfurt,0.3205,0.2372,0.4423,A,D,0
2023-11-12,SerieA,Udinese,Atalanta,0.1373,0.1999,0.6628,A,D,0
2023-11-12,LaLiga,Barcelona,Alaves,0.7164,0.1822,0.1014,H,H,1
2023-11-12,LaLiga,Ath Madrid,Villarreal,0.5392,0.2251,0.2357,H,H,1
2023-11-12,LaLiga,Sevilla,Betis,0.293,0.2503,0.4567,A,D,0
2023-11-12,EPL,Chelsea,Man City,0.31,0.2686,0.4214,A,D,0
2023-11-12,EPL,West Ham,Nott'm Forest,0.3055,0.2607,0.4338,A,H,0
2023-11-12,EPL,Liverpool,Brentford,0.593,0.1992,0.2077,H,H,1
2023-11-12,EPL,Brighton,Sheffield United,0.8134,0.1126,0.0733,H,D,0
2023-11-12,EPL,Aston Villa,Fulham,0.4936,0.2486,0.2578,H,H,1
2023-11-12,Ligue1,Lille,Toulouse,0.4835,0.275,0.2415,H,D,0
2023-11-12,Ligue1,Metz,Nantes,0.342,0.2865,0.3715,A,H,0
2023-11-12,Ligue1,Clermont,Lorient,0.3106,0.2702,0.4192,A,H,0
2023-11-12,Ligue1,Lens,Marseille,0.3261,0.2514,0.4225,A,H,0
2023-11-12,Ligue1,Rennes,Lyon,0.3488,0.2296,0.4216,A,A,1
2023-11-24,Bundesliga,FC Koln,Bayern Munich,0.0616,0.1213,0.8169,A,A,1
2023-11-24,Ligue1,Paris SG,Monaco,0.5875,0.199,0.2135,H,H,1
2023-11-24,LaLiga,Alaves,Granada,0.5644,0.261,0.1746,H,H,1
2023-11-25,Ligue1,Strasbourg,Marseille,0.3746,0.2377,0.3877,A,D,0
2023-11-25,Bundesliga,Ein Frankfurt,Stuttgart,0.4477,0.225,0.3273,H,A,0
2023-11-25,EPL,Newcastle,Chelsea,0.4316,0.2533,0.3151,H,H,1
2023-11-25,EPL,Nott'm Forest,Brighton,0.4219,0.2396,0.3385,H,A,0
2023-11-25,EPL,Sheffield United,Bournemouth,0.1208,0.1756,0.7035,A,A,1
2023-11-25,EPL,Brentford,Arsenal,0.2418,0.2465,0.5117,A,A,1
2023-11-25,Bundesliga,Wolfsburg,RB Leipzig,0.3415,0.2538,0.4047,A,H,0
2023-11-25,Bundesliga,Werder Bremen,Leverkusen,0.2478,0.2246,0.5275,A,A,1
2023-11-25,Bundesliga,Union Berlin,Augsburg,0.3749,0.3118,0.3133,H,D,0
2023-11-25,Bundesliga,Freiburg,Darmstadt,0.7692,0.1515,0.0792,H,D,0
2023-11-25,EPL,Man City,Liverpool,0.4421,0.2388,0.3191,H,D,0
2023-11-25,SerieA,Milan,Fiorentina,0.433,0.2461,0.3209,H,H,1
2023-11-25,SerieA,Atalanta,Napoli,0.4021,0.2841,0.3138,H,A,0
2023-11-25,SerieA,Salernitana,Lazio,0.14,0.1914,0.6686,A,H,0
2023-11-25,EPL,Luton,Crystal Palace,0.2412,0.2095,0.5494,A,H,0
2023-11-25,EPL,Burnley,West Ham,0.3225,0.256,0.4215,A,A,1
2023-11-25,Ligue1,Clermont,Lens,0.189,0.2749,0.5361,A,A,1
2023-11-25,LaLiga,Ath Madrid,Mallorca,0.6416,0.2384,0.12,H,H,1
2023-11-25,LaLiga,Getafe,Almeria,0.4367,0.2728,0.2905,H,H,1
2023-11-25,LaLiga,Valencia,Celta,0.3662,0.2552,0.3786,A,D,0
2023-11-25,LaLiga,Vallecano,Barcelona,0.1391,0.1978,0.663,A,D,0
2023-11-25,Bundesliga,Dortmund,M'gladbach,0.6488,0.1746,0.1765,H,H,1
2023-11-26,Bundesliga,Heidenheim,Bochum,0.4408,0.2723,0.2869,H,D,0
2023-11-26,Bundesliga,Hoffenheim,Mainz,0.2724,0.2325,0.4951,A,D,0
2023-11-26,SerieA,Frosinone,Genoa,0.2703,0.2732,0.4565,A,H,0
2023-11-26,EPL,Everton,Man United,0.4357,0.3084,0.2558,H,A,0
2023-11-26,EPL,Tottenham,Aston Villa,0.2948,0.2319,0.4732,A,A,1
2023-11-26,Ligue1,Montpellier,Brest,0.1429,0.2063,0.6508,A,A,1
2023-11-26,Ligue1,Nantes,Le Havre,0.4435,0.2577,0.2988,H,D,0
2023-11-26,SerieA,Juventus,Inter,0.2798,0.2739,0.4463,A,D,0
2023-11-26,SerieA,Roma,Udinese,0.6715,0.2143,0.1142,H,H,1
2023-11-26,SerieA,Empoli,Sassuolo,0.4216,0.2614,0.3171,H,A,0
2023-11-26,SerieA,Cagliari,Monza,0.5884,0.2404,0.1712,H,D,0
2023-11-26,Ligue1,Rennes,Reims,0.5335,0.2677,0.1988,H,H,1
2023-11-26,Ligue1,Lyon,Lille,0.4064,0.2564,0.3371,H,A,0
2023-11-26,LaLiga,Betis,Las Palmas,0.6169,0.2179,0.1652,H,H,1
2023-11-26,LaLiga,Cadiz,Real Madrid,0.0831,0.1828,0.7341,A,A,1
2023-11-26,LaLiga,Sociedad,Sevilla,0.3795,0.2987,0.3218,H,H,1
2023-11-26,LaLiga,Villarreal,Osasuna,0.5547,0.2211,0.2242,H,H,1
2023-11-26,Ligue1,Lorient,Metz,0.4371,0.2526,0.3103,H,A,0
2023-11-26,Ligue1,Nice,Toulouse,0.5445,0.2415,0.2139,H,H,1
2023-11-27,SerieA,Bologna,Torino,0.5022,0.278,0.2198,H,H,1
2023-11-27,SerieA,Verona,Lecce,0.3677,0.3366,0.2957,H,D,0
2023-11-27,LaLiga,Girona,Ath Bilbao,0.1799,0.2665,0.5536,A,D,0
2023-11-27,EPL,Fulham,Wolves,0.4692,0.2454,0.2853,H,H,1
2023-11-29,LaLiga,Mallorca,Cadiz,0.4611,0.3456,0.1932,H,D,0
2023-11-29,Ligue1,Montpellier,Clermont,0.2782,0.3084,0.4134,A,D,0
2023-12-01,SerieA,Monza,Juventus,0.1038,0.2031,0.6931,A,A,1
2023-12-01,Ligue1,Reims,Strasbourg,0.2215,0.2967,0.4818,A,H,0
2023-12-01,Bundesliga,Darmstadt,FC Koln,0.218,0.2686,0.5133,A,A,1
2023-12-01,LaLiga,Las Palmas,Getafe,0.3062,0.3197,0.3742,A,H,0
2023-12-02,Bundesliga,M'gladbach,Hoffenheim,0.5105,0.2087,0.2808,H,H,1
2023-12-02,SerieA,Genoa,Empoli,0.5188,0.2762,0.205,H,D,0
2023-12-02,EPL,Arsenal,Wolves,0.6948,0.1889,0.1162,H,H,1
2023-12-02,EPL,Brentford,Luton,0.6791,0.1645,0.1562,H,H,1
2023-12-02,EPL,Burnley,Sheffield United,0.5898,0.2092,0.201,H,H,1
2023-12-02,EPL,Nott'm Forest,Everton,0.388,0.3058,0.3062,H,A,0
2023-12-02,EPL,Newcastle,Man United,0.5959,0.2199,0.1842,H,H,1
2023-12-02,Bundesliga,Bochum,Wolfsburg,0.2569,0.2532,0.4899,A,H,0
2023-12-02,Ligue1,Nantes,Nice,0.1997,0.2467,0.5536,A,H,0
2023-12-02,Ligue1,Lens,Lyon,0.34,0.2602,0.3998,A,H,0
2023-12-02,LaLiga,Osasuna,Sociedad,0.4548,0.2879,0.2572,H,D,0
2023-12-02,LaLiga,Real Madrid,Granada,0.8788,0.0828,0.0374,H,H,1
2023-12-02,LaLiga,Ath Bilbao,Vallecano,0.5518,0.298,0.1501,H,H,1
2023-12-02,LaLiga,Girona,Valencia,0.3558,0.2659,0.3783,A,H,0
2023-12-02,SerieA,Lazio,Cagliari,0.5639,0.2346,0.2015,H,H,1
2023-12-02,SerieA,Milan,Frosinone,0.7265,0.1637,0.1097,H,H,1
2023-12-02,Bundesliga,Stuttgart,Werder Bremen,0.5263,0.2168,0.2569,H,H,1
2023-12-02,Bundesliga,RB Leipzig,Heidenheim,0.6012,0.2235,0.1753,H,H,1
2023-12-03,SerieA,Fiorentina,Salernitana,0.7756,0.1425,0.0818,H,H,1
2023-12-03,SerieA,Udinese,Verona,0.4431,0.2948,0.2621,H,D,0
2023-12-03,EPL,Chelsea,Brighton,0.5027,0.2346,0.2628,H,H,1
2023-12-03,SerieA,Lecce,Bologna,0.1827,0.2644,0.5529,A,D,0
2023-12-03,Bundesliga,Augsburg,Ein Frankfurt,0.2199,0.2563,0.5237,A,H,0
2023-12-03,EPL,Man City,Tottenham,0.7106,0.1655,0.1238,H,D,0
2023-12-03,EPL,West Ham,Crystal Palace,0.3041,0.2584,0.4375,A,D,0
2023-12-03,Ligue1,Marseille,Rennes,0.5417,0.2078,0.2505,H,H,1
2023-12-03,Ligue1,Lille,Metz,0.6396,0.2211,0.1393,H,H,1
2023-12-03,Ligue1,Toulouse,Lorient,0.5502,0.2346,0.2152,H,D,0
2023-12-03,Ligue1,Monaco,Montpellier,0.833,0.1181,0.0488,H,H,1
2023-12-03,Ligue1,Brest,Clermont,0.6142,0.2175,0.1683,H,H,1
2023-12-03,Ligue1,Le Havre,Paris SG,0.0919,0.127,0.7806,A,A,1
2023-12-03,EPL,Liverpool,Fulham,0.6458,0.1906,0.1636,H,H,1
2023-12-03,SerieA,Sassuolo,Roma,0.1091,0.1843,0.7066,A,A,1
2023-12-03,SerieA,Napoli,Inter,0.3386,0.2973,0.3641,A,A,1
2023-12-03,EPL,Bournemouth,Aston Villa,0.3716,0.2712,0.3571,H,D,0
2023-12-03,LaLiga,Almeria,Betis,0.2588,0.2169,0.5244,A,D,0
2023-12-03,LaLiga,Barcelona,Ath Madrid,0.4774,0.232,0.2906,H,H,1
2023-12-03,LaLiga,Sevilla,Villarreal,0.2345,0.2253,0.5403,A,D,0
2023-12-03,LaLiga,Mallorca,Alaves,0.3258,0.3702,0.3039,D,D,1
2023-12-03,Bundesliga,Leverkusen,Dortmund,0.4689,0.2194,0.3116,H,D,0
2023-12-03,Bundesliga,Mainz,Freiburg,0.4972,0.2502,0.2527,H,A,0
2023-12-04,SerieA,Torino,Atalanta,0.1794,0.2531,0.5675,A,H,0
2023-12-04,LaLiga,Celta,Cadiz,0.6305,0.2287,0.1408,H,D,0
2023-12-05,EPL,Wolves,Burnley,0.5289,0.2326,0.2385,H,H,1
2023-12-05,EPL,Luton,Arsenal,0.1036,0.1534,0.7428,A,A,1
2023-12-06,EPL,Brighton,Brentford,0.4109,0.2259,0.3633,H,H,1
2023-12-06,Ligue1,Marseille,Lyon,0.4622,0.2113,0.3266,H,H,1
2023-12-06,EPL,Fulham,Nott'm Forest,0.3685,0.2622,0.3693,A,H,0
2023-12-06,EPL,Sheffield United,Liverpool,0.046,0.0844,0.868,A,A,1
2023-12-06,EPL,Aston Villa,Man City,0.279,0.2562,0.4648,A,H,0
2023-12-06,EPL,Man United,Chelsea,0.2584,0.2708,0.4708,A,H,0
2023-12-06,EPL,Crystal Palace,Bournemouth,0.3981,0.2692,0.3326,H,A,0
2023-12-07,EPL,Tottenham,West Ham,0.451,0.2336,0.3153,H,A,0
2023-12-07,Ligue1,Brest,Strasbourg,0.3212,0.2449,0.4339,A,D,0
2023-12-07,EPL,Everton,Newcastle,0.3001,0.2852,0.4147,A,H,0
2023-12-08,LaLiga,Getafe,Valencia,0.3379,0.3136,0.3485,A,H,0
2023-12-08,Ligue1,Montpellier,Lens,0.123,0.2359,0.6411,A,D,0
2023-12-08,Bundesliga,Hoffenheim,Bochum,0.5376,0.2238,0.2386,H,H,1
2023-12-08,SerieA,Juventus,Napoli,0.3134,0.3136,0.373,A,H,0
2023-12-09,EPL,Crystal Palace,Liverpool,0.2637,0.2292,0.5071,A,A,1
2023-12-09,LaLiga,Alaves,Las Palmas,0.4503,0.3178,0.2319,H,A,0
2023-12-09,EPL,Aston Villa,Arsenal,0.2567,0.2677,0.4756,A,H,0
2023-12-09,EPL,Wolves,Nott'm Forest,0.3213,0.2548,0.4239,A,D,0
2023-12-09,Ligue1,Rennes,Monaco,0.3181,0.2372,0.4447,A,A,1
2023-12-09,Ligue1,Paris SG,Nantes,0.7715,0.1449,0.0835,H,H,1
2023-12-09,EPL,Sheffield United,Brentford,0.1069,0.1477,0.7452,A,H,0
2023-12-09,EPL,Man United,Bournemouth,0.3168,0.2793,0.4039,A,A,1
2023-12-09,EPL,Brighton,Burnley,0.6491,0.187,0.1639,H,D,0
2023-12-09,Bundesliga,Dortmund,RB Leipzig,0.5501,0.2109,0.239,H,A,0
2023-12-09,Bundesliga,Wolfsburg,Freiburg,0.4102,0.2552,0.3346,H,A,0
2023-12-09,Bundesliga,Union Berlin,M'gladbach,0.3272,0.2544,0.4184,A,H,0
2023-12-09,Bundesliga,Heidenheim,Darmstadt,0.6405,0.219,0.1405,H,H,1
2023-12-09,LaLiga,Mallorca,Sevilla,0.3685,0.3185,0.313,H,H,1
2023-12-09,Bundesliga,Ein Frankfurt,Bayern Munich,0.2221,0.2017,0.5762,A,H,0
2023-12-09,SerieA,Inter,Udinese,0.7617,0.1585,0.0798,H,H,1
2023-12-09,LaLiga,Betis,Real Madrid,0.2417,0.2222,0.5361,A,D,0
2023-12-09,LaLiga,Villarreal,Sociedad,0.608,0.2209,0.1711,H,A,0
2023-12-09,SerieA,Verona,Lazio,0.189,0.2538,0.5572,A,D,0
2023-12-09,Bundesliga,Werder Bremen,Augsburg,0.5027,0.2649,0.2324,H,H,1
2023-12-09,SerieA,Atalanta,Milan,0.5301,0.2264,0.2435,H,H,1
2023-12-10,SerieA,Frosinone,Torino,0.2828,0.2927,0.4245,A,D,0
2023-12-10,EPL,Tottenham,Newcastle,0.2426,0.2064,0.5509,A,H,0
2023-12-10,EPL,Luton,Man City,0.1114,0.1484,0.74,A,A,1
2023-12-10,EPL,Fulham,West Ham,0.4786,0.2503,0.2711,H,H,1
2023-12-10,LaLiga,Ath Madrid,Almeria,0.768,0.1444,0.0875,H,H,1
2023-12-10,EPL,Everton,Chelsea,0.3055,0.3135,0.381,A,H,0
2023-12-10,Ligue1,Nice,Reims,0.6315,0.2364,0.1321,H,H,1
2023-12-10,Ligue1,Strasbourg,Le Havre,0.6315,0.2015,0.1669,H,H,1
2023-12-10,Ligue1,Metz,Brest,0.2915,0.2412,0.4673,A,A,1
2023-12-10,Ligue1,Lyon,Toulouse,0.5176,0.2333,0.2491,H,H,1
2023-12-10,Ligue1,Lorient,Marseille,0.1868,0.1869,0.6262,A,A,1
2023-12-10,LaLiga,Barcelona,Girona,0.8104,0.1157,0.0733,H,A,0
2023-12-10,SerieA,Roma,Fiorentina,0.4839,0.269,0.2472,H,D,0
2023-12-10,SerieA,Salernitana,Bologna,0.1376,0.1885,0.6739,A,A,1
2023-12-10,SerieA,Monza,Genoa,0.1911,0.2726,0.5363,A,H,0
2023-12-10,Bundesliga,FC Koln,Mainz,0.1912,0.2529,0.5559,A,D,0
2023-12-10,Bundesliga,Stuttgart,Leverkusen,0.331,0.226,0.443,A,D,0
2023-12-10,Ligue1,Clermont,Lille,0.145,0.2442,0.6107,A,D,0
2023-12-10,LaLiga,Cadiz,Osasuna,0.2029,0.2932,0.5039,A,D,0
2023-12-11,LaLiga,Vallecano,Celta,0.3318,0.274,0.3942,A,D,0
2023-12-11,SerieA,Empoli,Lecce,0.3787,0.3215,0.2998,H,D,0
2023-12-11,SerieA,Cagliari,Sassuolo,0.5339,0.2334,0.2328,H,H,1
2023-12-11,LaLiga,Granada,Ath Bilbao,0.0936,0.198,0.7084,A,D,0
2023-12-15,EPL,Nott'm Forest,Tottenham,0.5174,0.2254,0.2572,H,A,0
2023-12-15,Bundesliga,M'gladbach,Werder Bremen,0.3975,0.2322,0.3703,H,D,0
2023-12-15,LaLiga,Osasuna,Vallecano,0.4295,0.2944,0.2761,H,H,1
2023-12-15,Ligue1,Monaco,Lyon,0.4608,0.2261,0.313,H,A,0
2023-12-15,SerieA,Genoa,Juventus,0.2507,0.2929,0.4564,A,D,0
2023-12-16,EPL,Chelsea,Sheffield United,0.8303,0.1132,0.0561,H,H,1
2023-12-16,EPL,Burnley,Everton,0.2332,0.2833,0.4835,A,A,1
2023-12-16,Ligue1,Lens,Reims,0.496,0.309,0.195,H,H,1
2023-12-16,Ligue1,Le Havre,Nice,0.1705,0.1958,0.6337,A,H,0
2023-12-16,SerieA,Torino,Empoli,0.4833,0.2998,0.2169,H,H,1
2023-12-16,SerieA,Napoli,Cagliari,0.6517,0.2241,0.1241,H,H,1
2023-12-16,SerieA,Lecce,Frosinone,0.3719,0.3,0.3281,H,H,1
2023-12-16,LaLiga,Celta,Granada,0.7204,0.1615,0.1181,H,H,1
2023-12-16,LaLiga,Ath Bilbao,Ath Madrid,0.3433,0.321,0.3357,H,H,1
2023-12-16,EPL,Newcastle,Fulham,0.5689,0.2189,0.2122,H,H,1
2023-12-16,Bundesliga,Augsburg,Dortmund,0.1851,0.2255,0.5894,A,D,0
2023-12-16,Bundesliga,Bochum,Union Berlin,0.3238,0.2836,0.3927,A,H,0
2023-12-16,Bundesliga,Darmstadt,Wolfsburg,0.1173,0.1896,0.6931,A,A,1
2023-12-16,Bundesliga,Mainz,Heidenheim,0.6039,0.2306,0.1655,H,A,0
2023-12-16,Bundesliga,RB Leipzig,Hoffenheim,0.5772,0.2063,0.2165,H,H,1
2023-12-16,LaLiga,Sevilla,Getafe,0.3803,0.3078,0.3118,H,A,0
2023-12-16,LaLiga,Valencia,Barcelona,0.151,0.1874,0.6616,A,D,0
2023-12-16,EPL,Man City,Crystal Palace,0.589,0.2254,0.1856,H,D,0
2023-12-17,EPL,Arsenal,Brighton,0.6271,0.2062,0.1667,H,H,1
2023-12-17,Ligue1,Lille,Paris SG,0.2661,0.2415,0.4924,A,D,0
2023-12-17,Ligue1,Marseille,Clermont,0.7634,0.1488,0.0877,H,H,1
2023-12-17,Ligue1,Toulouse,Rennes,0.3911,0.2594,0.3495,H,D,0
2023-12-17,Ligue1,Metz,Montpellier,0.5748,0.2514,0.1738,H,A,0
2023-12-17,EPL,Liverpool,Man United,0.6698,0.1891,0.1411,H,D,0
2023-12-17,EPL,West Ham,Wolves,0.3984,0.2544,0.3471,H,H,1
2023-12-17,EPL,Brentford,Aston Villa,0.3957,0.249,0.3553,H,A,0
2023-12-17,LaLiga,Las Palmas,Cadiz,0.4298,0.3231,0.2471,H,D,0
2023-12-17,Ligue1,Nantes,Brest,0.3412,0.2606,0.3981,A,A,1
2023-12-17,Bundesliga,Bayern Munich,Stuttgart,0.6952,0.16,0.1446,H,H,1
2023-12-17,LaLiga,Almeria,Mallorca,0.3619,0.2872,0.3509,H,D,0
2023-12-17,LaLiga,Sociedad,Betis,0.2824,0.2714,0.4462,A,D,0
2023-12-17,Ligue1,Lorient,Strasbourg,0.2286,0.2348,0.5366,A,A,1
2023-12-17,LaLiga,Real Madrid,Villarreal,0.5626,0.2078,0.2296,H,H,1
2023-12-17,Bundesliga,Freiburg,FC Koln,0.5612,0.2436,0.1952,H,H,1
2023-12-17,Bundesliga,Leverkusen,Ein Frankfurt,0.5117,0.2249,0.2634,H,H,1
2023-12-17,SerieA,Fiorentina,Verona,0.6661,0.2104,0.1235,H,H,1
2023-12-17,SerieA,Udinese,Sassuolo,0.4913,0.2483,0.2604,H,D,0
2023-12-17,SerieA,Bologna,Roma,0.2886,0.2782,0.4332,A,H,0
2023-12-17,SerieA,Lazio,Inter,0.2333,0.2432,0.5235,A,A,1
2023-12-17,SerieA,Milan,Monza,0.7891,0.1412,0.0696,H,H,1
2023-12-18,LaLiga,Girona,Alaves,0.3614,0.3037,0.3349,H,H,1
2023-12-18,SerieA,Atalanta,Salernitana,0.8667,0.0908,0.0418,H,H,1
2023-12-19,Bundesliga,Werder Bremen,RB Leipzig,0.3749,0.2472,0.378,A,D,0
2023-12-19,Bundesliga,Hoffenheim,Darmstadt,0.7482,0.1532,0.0985,H,D,0
2023-12-19,Bundesliga,Dortmund,Mainz,0.5186,0.2261,0.2554,H,D,0
2023-12-19,LaLiga,Granada,Sevilla,0.2441,0.245,0.5109,A,A,1
2023-12-19,LaLiga,Ath Madrid,Getafe,0.6501,0.229,0.1209,H,D,0
2023-12-19,LaLiga,Vallecano,Valencia,0.3579,0.3063,0.3358,H,A,0
2023-12-20,Bundesliga,Ein Frankfurt,M'gladbach,0.5769,0.2038,0.2193,H,H,1
2023-12-20,LaLiga,Barcelona,Almeria,0.8538,0.0896,0.0549,H,H,1
2023-12-20,Ligue1,Brest,Lorient,0.5451,0.215,0.24,H,H,1
2023-12-20,Ligue1,Clermont,Rennes,0.1894,0.2369,0.5737,A,A,1
2023-12-20,Ligue1,Lyon,Nantes,0.6136,0.2141,0.1723,H,H,1
2023-12-20,Ligue1,Montpellier,Marseille,0.0718,0.1352,0.7929,A,D,0
2023-12-20,Ligue1,Nice,Lens,0.509,0.2611,0.23,H,H,1
2023-12-20,Ligue1,Paris SG,Metz,0.8356,0.1068,0.0571,H,H,1
2023-12-20,Bundesliga,Heidenheim,Freiburg,0.2914,0.2626,0.446,A,H,0
2023-12-20,Ligue1,Reims,Le Havre,0.3878,0.2886,0.3236,H,H,1
2023-12-20,Ligue1,Toulouse,Monaco,0.2953,0.2541,0.4506,A,A,1
2023-12-20,Bundesliga,Wolfsburg,Bayern Munich,0.1299,0.168,0.7021,A,A,1
2023-12-20,Bundesliga,Stuttgart,Augsburg,0.6028,0.2245,0.1728,H,H,1
2023-12-20,LaLiga,Villarreal,Celta,0.5509,0.2054,0.2437,H,H,1
2023-12-20,Bundesliga,Leverkusen,Bochum,0.7821,0.14,0.0777,H,H,1
2023-12-20,Bundesliga,Union Berlin,FC Koln,0.4558,0.2881,0.256,H,H,1
2023-12-20,Ligue1,Strasbourg,Lille,0.3625,0.2855,0.3521,H,H,1
2023-12-20,LaLiga,Ath Bilbao,Las Palmas,0.658,0.2378,0.1042,H,H,1
2023-12-21,LaLiga,Cadiz,Sociedad,0.2458,0.339,0.4152,A,D,0
2023-12-21,LaLiga,Alaves,Real Madrid,0.1697,0.2551,0.5753,A,A,1
2023-12-21,LaLiga,Mallorca,Osasuna,0.3138,0.3172,0.3689,A,H,0
2023-12-21,LaLiga,Betis,Girona,0.5632,0.2183,0.2184,H,D,0
2023-12-21,EPL,Crystal Palace,Brighton,0.4255,0.2376,0.3369,H,D,0
2023-12-22,EPL,Aston Villa,Sheffield United,0.812,0.1212,0.0666,H,D,0
2023-12-22,SerieA,Empoli,Lazio,0.1898,0.241,0.5692,A,A,1
2023-12-22,SerieA,Sassuolo,Genoa,0.2566,0.2594,0.484,A,A,1
2023-12-22,SerieA,Monza,Fiorentina,0.1117,0.1909,0.6974,A,A,1
2023-12-22,SerieA,Salernitana,Milan,0.1108,0.1624,0.7267,A,D,0
2023-12-23,LaLiga,Ath Madrid,Sevilla,0.6928,0.1924,0.1148,H,H,1
2023-12-23,SerieA,Frosinone,Juventus,0.1546,0.2205,0.6248,A,A,1
2023-12-23,SerieA,Bologna,Atalanta,0.2762,0.242,0.4818,A,H,0
2023-12-23,SerieA,Torino,Udinese,0.4296,0.3084,0.262,H,D,0
2023-12-23,SerieA,Inter,Lecce,0.7769,0.1605,0.0625,H,H,1
2023-12-23,SerieA,Verona,Cagliari,0.3012,0.2925,0.4063,A,H,0
2023-12-23,SerieA,Roma,Napoli,0.3606,0.3225,0.3169,H,H,1
2023-12-23,EPL,West Ham,Man United,0.3764,0.273,0.3507,H,H,1
2023-12-23,EPL,Nott'm Forest,Bournemouth,0.3948,0.2714,0.3338,H,A,0
2023-12-23,EPL,Tottenham,Everton,0.3303,0.2749,0.3949,A,H,0
2023-12-23,EPL,Luton,Newcastle,0.1595,0.1662,0.6741,A,H,0
2023-12-23,EPL,Fulham,Burnley,0.578,0.2236,0.1983,H,A,0
2023-12-23,EPL,Liverpool,Arsenal,0.3703,0.256,0.3738,A,D,0
2023-12-24,EPL,Wolves,Chelsea,0.2511,0.2491,0.4999,A,H,0
2023-12-26,EPL,Man United,Aston Villa,0.2906,0.269,0.4404,A,H,0
2023-12-26,EPL,Bournemouth,Fulham,0.4543,0.261,0.2847,H,H,1
2023-12-26,EPL,Newcastle,Nott'm Forest,0.52,0.2339,0.246,H,A,0
2023-12-26,EPL,Sheffield United,Luton,0.2532,0.1967,0.55,A,A,1
2023-12-26,EPL,Burnley,Liverpool,0.1153,0.159,0.7256,A,A,1
2023-12-27,EPL,Everton,Man City,0.2341,0.2897,0.4762,A,A,1
2023-12-27,EPL,Brentford,Wolves,0.5469,0.2207,0.2324,H,A,0
2023-12-27,EPL,Chelsea,Crystal Palace,0.4789,0.2598,0.2613,H,H,1
2023-12-28,EPL,Brighton,Tottenham,0.5427,0.2013,0.256,H,H,1
2023-12-28,EPL,Arsenal,West Ham,0.6976,0.1915,0.1109,H,A,0
2023-12-29,SerieA,Napoli,Monza,0.7927,0.1534,0.0539,H,D,0
2023-12-29,SerieA,Genoa,Inter,0.1632,0.2391,0.5977,A,D,0
2023-12-29,SerieA,Lazio,Frosinone,0.6686,0.1928,0.1385,H,H,1
2023-12-29,SerieA,Fiorentina,Torino,0.5298,0.2697,0.2005,H,H,1
2023-12-30,SerieA,Cagliari,Empoli,0.491,0.267,0.242,H,D,0
2023-12-30,SerieA,Udinese,Bologna,0.2343,0.2528,0.5129,A,H,0
2023-12-30,SerieA,Juventus,Roma,0.3279,0.3044,0.3677,A,H,0
2023-12-30,SerieA,Milan,Sassuolo,0.7572,0.1458,0.0968,H,H,1
2023-12-30,SerieA,Atalanta,Lecce,0.7576,0.1678,0.0746,H,H,1
2023-12-30,EPL,Man City,Sheffield United,0.9009,0.069,0.0285,H,H,1
2023-12-30,SerieA,Verona,Salernitana,0.4618,0.2734,0.2647,H,A,0
2023-12-30,EPL,Crystal Palace,Brentford,0.3992,0.248,0.3529,H,H,1
2023-12-30,EPL,Aston Villa,Burnley,0.6571,0.1988,0.1442,H,H,1
2023-12-30,EPL,Luton,Chelsea,0.1793,0.1944,0.6263,A,A,1
2023-12-30,EPL,Wolves,Everton,0.3152,0.2951,0.3898,A,H,0
2023-12-30,EPL,Nott'm Forest,Man United,0.4793,0.2634,0.2572,H,H,1
2023-12-31,EPL,Fulham,Arsenal,0.1963,0.2435,0.5602,A,H,0
2023-12-31,EPL,Tottenham,Bournemouth,0.3255,0.2419,0.4326,A,H,0
2024-01-01,EPL,Liverpool,Newcastle,0.5047,0.2183,0.277,H,H,1
2024-01-02,EPL,West Ham,Brighton,0.3111,0.2349,0.4541,A,D,0
2024-01-02,LaLiga,Valencia,Villarreal,0.2745,0.239,0.4865,A,H,0
2024-01-02,LaLiga,Sociedad,Alaves,0.3374,0.3474,0.3152,D,D,1
2024-01-02,LaLiga,Getafe,Vallecano,0.3469,0.3379,0.3153,H,A,0
2024-01-03,LaLiga,Granada,Cadiz,0.369,0.3031,0.3279,H,H,1
2024-01-03,LaLiga,Celta,Betis,0.3942,0.2335,0.3723,H,H,1
2024-01-03,LaLiga,Real Madrid,Mallorca,0.6719,0.2139,0.1142,H,H,1
2024-01-03,LaLiga,Girona,Ath Madrid,0.153,0.2065,0.6404,A,H,0
2024-01-04,LaLiga,Las Palmas,Barcelona,0.083,0.1405,0.7764,A,A,1
2024-01-04,LaLiga,Sevilla,Ath Bilbao,0.1835,0.2859,0.5306,A,A,1
2024-01-04,LaLiga,Osasuna,Almeria,0.5363,0.2281,0.2355,H,H,1
2024-01-05,SerieA,Bologna,Genoa,0.4983,0.2658,0.2359,H,D,0
2024-01-06,SerieA,Sassuolo,Fiorentina,0.154,0.192,0.654,A,H,0
2024-01-06,SerieA,Lecce,Cagliari,0.2908,0.3068,0.4024,A,D,0
2024-01-06,SerieA,Inter,Verona,0.7913,0.1474,0.0612,H,H,1
2024-01-06,SerieA,Frosinone,Monza,0.5065,0.258,0.2355,H,A,0
2024-01-07,SerieA,Torino,Napoli,0.184,0.3077,0.5082,A,H,0
2024-01-07,SerieA,Udinese,Lazio,0.237,0.2551,0.5079,A,A,1
2024-01-07,SerieA,Salernitana,Juventus,0.112,0.1868,0.7012,A,A,1
2024-01-07,SerieA,Empoli,Milan,0.1581,0.2144,0.6275,A,A,1
2024-01-07,SerieA,Roma,Atalanta,0.3787,0.2769,0.3444,H,D,0
2024-01-12,Bundesliga,Bayern Munich,Hoffenheim,0.8553,0.0887,0.0542,H,H,1
2024-01-12,LaLiga,Sevilla,Alaves,0.3575,0.3198,0.3226,H,A,0
2024-01-12,Ligue1,Marseille,Strasbourg,0.477,0.2307,0.2923,H,D,0
2024-01-12,EPL,Burnley,Luton,0.4139,0.2238,0.3623,H,D,0
2024-01-13,Bundesliga,Darmstadt,Dortmund,0.0413,0.0882,0.8696,A,A,1
2024-01-13,Bundesliga,RB Leipzig,Ein Frankfurt,0.3619,0.2434,0.3947,A,A,1
2024-01-13,SerieA,Monza,Inter,0.0529,0.1279,0.8191,A,A,1
2024-01-13,SerieA,Verona,Empoli,0.3784,0.3067,0.3149,H,H,1
2024-01-13,Bundesliga,FC Koln,Heidenheim,0.353,0.2917,0.3552,A,D,0
2024-01-13,Bundesliga,Mainz,Wolfsburg,0.4974,0.252,0.2505,H,D,0
2024-01-13,Bundesliga,Freiburg,Union Berlin,0.4863,0.2614,0.2523,H,D,0
2024-01-13,Bundesliga,Augsburg,Leverkusen,0.1678,0.2335,0.5987,A,A,1
2024-01-13,EPL,Newcastle,Man City,0.3343,0.2473,0.4183,A,A,1
2024-01-13,SerieA,Genoa,Torino,0.3834,0.3276,0.2889,H,D,0
2024-01-13,EPL,Chelsea,Fulham,0.525,0.2476,0.2274,H,H,1
2024-01-13,SerieA,Napoli,Salernitana,0.8071,0.1368,0.056,H,H,1
2024-01-13,Ligue1,Monaco,Reims,0.6273,0.2331,0.1396,H,A,0
2024-01-13,Ligue1,Rennes,Nice,0.2999,0.2424,0.4577,A,H,0
2024-01-13,LaLiga,Betis,Granada,0.7425,0.154,0.1034,H,H,1
2024-01-13,LaLiga,Ath Bilbao,Sociedad,0.5761,0.2857,0.1382,H,H,1
2024-01-13,LaLiga,Mallorca,Celta,0.3048,0.288,0.4072,A,D,0
2024-01-13,LaLiga,Las Palmas,Villarreal,0.1717,0.2097,0.6186,A,H,0
2024-01-14,Bundesliga,Bochum,Werder Bremen,0.2329,0.2383,0.5288,A,D,0
2024-01-14,Bundesliga,M'gladbach,Stuttgart,0.3102,0.2153,0.4745,A,H,0
2024-01-14,EPL,Everton,Aston Villa,0.3393,0.3064,0.3543,A,D,0
2024-01-14,EPL,Man United,Tottenham,0.4226,0.2454,0.332,H,D,0
2024-01-14,LaLiga,Cadiz,Valencia,0.2165,0.3052,0.4783,A,A,1
2024-01-14,SerieA,Lazio,Lecce,0.622,0.2389,0.1391,H,H,1
2024-01-14,Ligue1,Lens,Paris SG,0.2038,0.2261,0.5701,A,A,1
2024-01-14,Ligue1,Le Havre,Lyon,0.2005,0.1925,0.607,A,H,0
2024-01-14,Ligue1,Nantes,Clermont,0.5006,0.2833,0.2161,H,A,0
2024-01-14,LaLiga,Almeria,Girona,0.3889,0.236,0.3751,H,D,0
2024-01-14,Ligue1,Brest,Montpellier,0.726,0.1733,0.1007,H,H,1
2024-01-14,Ligue1,Lille,Lorient,0.6386,0.2119,0.1496,H,H,1
2024-01-14,SerieA,Cagliari,Bologna,0.262,0.2524,0.4856,A,H,0
2024-01-14,SerieA,Fiorentina,Udinese,0.6234,0.2186,0.158,H,D,0
2024-01-14,SerieA,Milan,Roma,0.3286,0.2738,0.3976,A,H,0
2024-01-14,Ligue1,Metz,Toulouse,0.2596,0.2646,0.4758,A,A,1
2024-01-15,SerieA,Atalanta,Frosinone,0.809,0.1242,0.0666,H,H,1
2024-01-16,SerieA,Juventus,Sassuolo,0.7315,0.1693,0.0992,H,H,1
2024-01-19,LaLiga,Alaves,Cadiz,0.4797,0.3401,0.1803,H,H,1
2024-01-20,SerieA,Udinese,Milan,0.2017,0.2325,0.5659,A,A,1
2024-01-20,SerieA,Roma,Verona,0.7049,0.2055,0.0896,H,H,1
2024-01-20,Bundesliga,RB Leipzig,Leverkusen,0.2857,0.2365,0.4778,A,A,1
2024-01-20,Bundesliga,FC Koln,Dortmund,0.1316,0.1833,0.6851,A,A,1
2024-01-20,Bundesliga,Freiburg,Hoffenheim,0.4959,0.2246,0.2794,H,H,1
2024-01-20,Bundesliga,Darmstadt,Ein Frankfurt,0.0601,0.1222,0.8175,A,D,0
2024-01-20,Bundesliga,Bochum,Stuttgart,0.1677,0.198,0.6343,A,H,0
2024-01-20,Bundesliga,Heidenheim,Wolfsburg,0.2929,0.2653,0.4418,A,D,0
2024-01-20,EPL,Brentford,Nott'm Forest,0.438,0.247,0.315,H,H,1
2024-01-20,EPL,Arsenal,Crystal Palace,0.5945,0.234,0.1715,H,H,1
2024-01-20,LaLiga,Villarreal,Mallorca,0.586,0.2402,0.1739,H,D,0
2024-01-20,LaLiga,Vallecano,Las Palmas,0.4666,0.2983,0.2351,H,A,0
2024-01-20,LaLiga,Valencia,Ath Bilbao,0.2109,0.3037,0.4854,A,H,0
2024-01-20,LaLiga,Celta,Sociedad,0.5009,0.2567,0.2424,H,A,0
2024-01-21,SerieA,Lecce,Juventus,0.1516,0.27,0.5785,A,A,1
2024-01-21,SerieA,Salernitana,Genoa,0.2119,0.2531,0.5351,A,A,1
2024-01-21,Bundesliga,Bayern Munich,Werder Bremen,0.7619,0.1393,0.0986,H,A,0
2024-01-21,Bundesliga,M'gladbach,Augsburg,0.4874,0.2572,0.2554,H,A,0
2024-01-21,EPL,Bournemouth,Liverpool,0.2684,0.2375,0.4941,A,A,1
2024-01-21,LaLiga,Osasuna,Getafe,0.4417,0.2987,0.2596,H,H,1
2024-01-21,SerieA,Empoli,Monza,0.4816,0.2809,0.2375,H,H,1
2024-01-21,LaLiga,Real Madrid,Almeria,0.7956,0.125,0.0791,H,H,1
2024-01-21,SerieA,Frosinone,Cagliari,0.3185,0.2603,0.4211,A,H,0
2024-01-21,LaLiga,Betis,Barcelona,0.2032,0.1916,0.6052,A,A,1
2024-01-21,LaLiga,Girona,Sevilla,0.4028,0.2612,0.336,H,H,1
2024-01-21,EPL,Sheffield United,West Ham,0.1942,0.2103,0.5955,A,D,0
2024-01-22,EPL,Brighton,Wolves,0.535,0.2161,0.2489,H,D,0
2024-01-22,LaLiga,Granada,Ath Madrid,0.0685,0.1339,0.7974,A,A,1
2024-01-24,Bundesliga,Bayern Munich,Union Berlin,0.8222,0.1179,0.0597,H,H,1
2024-01-26,Bundesliga,Ein Frankfurt,Mainz,0.4538,0.2493,0.2969,H,H,1
2024-01-26,LaLiga,Almeria,Alaves,0.3398,0.2877,0.3725,A,A,1
2024-01-26,SerieA,Cagliari,Torino,0.355,0.3077,0.3373,H,A,0
2024-01-26,Ligue1,Lyon,Rennes,0.5143,0.2186,0.2671,H,A,0
2024-01-27,Ligue1,Marseille,Monaco,0.4235,0.2228,0.3537,H,D,0
2024-01-27,SerieA,Atalanta,Udinese,0.7375,0.1665,0.096,H,H,1
2024-01-27,LaLiga,Mallorca,Betis,0.2787,0.2901,0.4312,A,A,1
2024-01-27,Ligue1,Nice,Metz,0.706,0.1802,0.1138,H,H,1
2024-01-27,LaLiga,Las Palmas,Real Madrid,0.1086,0.1808,0.7105,A,A,1
2024-01-27,LaLiga,Sociedad,Vallecano,0.3479,0.3276,0.3245,H,D,0
2024-01-27,SerieA,Juventus,Empoli,0.6775,0.2095,0.113,H,D,0
2024-01-27,SerieA,Milan,Bologna,0.4636,0.2429,0.2934,H,D,0
2024-01-27,Bundesliga,Leverkusen,M'gladbach,0.6623,0.1788,0.1588,H,D,0
2024-01-27,Bundesliga,Wolfsburg,FC Koln,0.5562,0.2469,0.1969,H,D,0
2024-01-27,LaLiga,Barcelona,Villarreal,0.6335,0.1768,0.1895,H,A,0
2024-01-27,Bundesliga,Stuttgart,RB Leipzig,0.4752,0.228,0.2968,H,H,1
2024-01-27,Bundesliga,Augsburg,Bayern Munich,0.0969,0.1683,0.7347,A,A,1
2024-01-27,Bundesliga,Hoffenheim,Heidenheim,0.4855,0.2375,0.277,H,D,0
2024-01-27,Bundesliga,Werder Bremen,Freiburg,0.4471,0.2448,0.3081,H,H,1
2024-01-28,LaLiga,Sevilla,Osasuna,0.3365,0.2744,0.3891,A,D,0
2024-01-28,LaLiga,Cadiz,Ath Bilbao,0.1083,0.2833,0.6084,A,D,0
2024-01-28,LaLiga,Celta,Girona,0.5346,0.2215,0.2439,H,A,0
2024-01-28,Ligue1,Montpellier,Lille,0.09,0.1985,0.7115,A,D,0
2024-01-28,SerieA,Genoa,Lecce,0.4977,0.3052,0.1972,H,H,1
2024-01-28,SerieA,Monza,Sassuolo,0.3213,0.2641,0.4146,A,H,0
2024-01-28,SerieA,Lazio,Napoli,0.2727,0.2867,0.4406,A,D,0
2024-01-28,LaLiga,Ath Madrid,Valencia,0.6447,0.2155,0.1398,H,H,1
2024-01-28,Ligue1,Reims,Nantes,0.3345,0.3341,0.3313,H,D,0
2024-01-28,Ligue1,Lorient,Le Havre,0.4279,0.2331,0.339,H,D,0
2024-01-28,Ligue1,Clermont,Strasbourg,0.1628,0.2403,0.5969,A,D,0
2024-01-28,SerieA,Fiorentina,Inter,0.2599,0.2486,0.4915,A,A,1
2024-01-28,SerieA,Verona,Frosinone,0.3866,0.2853,0.3281,H,D,0
2024-01-28,Ligue1,Toulouse,Lens,0.3693,0.2939,0.3368,H,A,0
2024-01-28,Ligue1,Paris SG,Brest,0.7606,0.1354,0.1036,H,D,0
2024-01-28,Bundesliga,Union Berlin,Darmstadt,0.6641,0.2126,0.1233,H,H,1
2024-01-28,Bundesliga,Dortmund,Bochum,0.7792,0.1357,0.0848,H,H,1
2024-01-29,SerieA,Salernitana,Roma,0.0855,0.1676,0.7469,A,A,1
2024-01-29,LaLiga,Getafe,Granada,0.5577,0.256,0.1862,H,H,1
2024-01-30,EPL,Crystal Palace,Sheffield United,0.7819,0.1363,0.0816,H,H,1
2024-01-30,EPL,Nott'm Forest,Arsenal,0.2255,0.2598,0.5148,A,A,1
2024-01-30,EPL,Fulham,Everton,0.3558,0.3024,0.3418,H,D,0
2024-01-30,EPL,Luton,Brighton,0.24,0.1884,0.5715,A,H,0
2024-01-30,EPL,Aston Villa,Newcastle,0.3599,0.2491,0.391,A,A,1
2024-01-31,LaLiga,Ath Madrid,Vallecano,0.6418,0.229,0.1292,H,H,1
2024-01-31,LaLiga,Barcelona,Osasuna,0.7263,0.1592,0.1143,H,H,1
2024-01-31,EPL,Liverpool,Chelsea,0.505,0.2361,0.2589,H,H,1
2024-01-31,EPL,Tottenham,Brentford,0.3183,0.2208,0.4609,A,H,0
2024-01-31,EPL,Man City,Burnley,0.7824,0.1413,0.0762,H,H,1
2024-02-01,LaLiga,Getafe,Real Madrid,0.1573,0.237,0.6057,A,A,1
2024-02-01,EPL,West Ham,Bournemouth,0.2969,0.2653,0.4377,A,D,0
2024-02-01,EPL,Wolves,Man United,0.395,0.2648,0.3401,H,A,0
2024-02-02,Ligue1,Strasbourg,Paris SG,0.2363,0.2208,0.5428,A,A,1
2024-02-02,Bundesliga,Heidenheim,Dortmund,0.1554,0.191,0.6535,A,D,0
2024-02-02,SerieA,Lecce,Fiorentina,0.1654,0.2544,0.5802,A,H,0
2024-02-02,LaLiga,Ath Bilbao,Mallorca,0.5501,0.3112,0.1387,H,H,1
2024-02-03,EPL,Everton,Tottenham,0.4739,0.2649,0.2613,H,D,0
2024-02-03,EPL,Brighton,Crystal Palace,0.4227,0.2378,0.3395,H,H,1
2024-02-03,EPL,Burnley,Fulham,0.2632,0.2443,0.4925,A,D,0
2024-02-03,EPL,Newcastle,Luton,0.7593,0.1342,0.1061,H,D,0
2024-02-03,SerieA,Empoli,Genoa,0.2617,0.2941,0.4443,A,D,0
2024-02-03,SerieA,Udinese,Monza,0.5471,0.2599,0.193,H,D,0
2024-02-03,SerieA,Frosinone,Milan,0.1575,0.1958,0.6466,A,A,1
2024-02-03,EPL,Sheffield United,Aston Villa,0.1016,0.1551,0.7432,A,A,1
2024-02-03,SerieA,Bologna,Sassuolo,0.7055,0.1721,0.1224,H,H,1
2024-02-03,Bundesliga,Bayern Munich,M'gladbach,0.8036,0.1157,0.08,H,H,1
2024-02-03,LaLiga,Alaves,Barcelona,0.1424,0.2153,0.6423,A,A,1
2024-02-03,LaLiga,Girona,Sociedad,0.3954,0.283,0.3216,H,D,0
2024-02-03,Bundesliga,Bochum,Augsburg,0.3154,0.2987,0.3858,A,D,0
2024-02-03,Ligue1,Nantes,Lens,0.2807,0.3004,0.4189,A,A,1
2024-02-03,LaLiga,Granada,Las Palmas,0.3141,0.2687,0.4173,A,D,0
2024-02-03,Ligue1,Rennes,Montpellier,0.7572,0.1612,0.0816,H,H,1
2024-02-03,Bundesliga,FC Koln,Ein Frankfurt,0.1643,0.2181,0.6176,A,H,0
2024-02-03,Bundesliga,Mainz,Werder Bremen,0.4734,0.2498,0.2769,H,A,0
2024-02-03,Bundesliga,Freiburg,Stuttgart,0.3077,0.2313,0.461,A,A,1
2024-02-03,Bundesliga,Darmstadt,Leverkusen,0.0387,0.0923,0.8685,A,A,1
2024-02-03,LaLiga,Valencia,Almeria,0.5071,0.2382,0.2547,H,H,1
2024-02-04,Ligue1,Reims,Toulouse,0.2641,0.3142,0.4216,A,A,1
2024-02-04,Bundesliga,Wolfsburg,Hoffenheim,0.4913,0.2271,0.2815,H,D,0
2024-02-04,Ligue1,Lyon,Marseille,0.4201,0.214,0.3658,H,H,1
2024-02-04,Bundesliga,RB Leipzig,Union Berlin,0.5582,0.2417,0.2,H,H,1
2024-02-04,LaLiga,Real Madrid,Ath Madrid,0.4176,0.2563,0.3261,H,D,0
2024-02-04,LaLiga,Betis,Getafe,0.5114,0.2655,0.2231,H,D,0
2024-02-04,LaLiga,Villarreal,Cadiz,0.7279,0.1796,0.0925,H,D,0
2024-02-04,Ligue1,Brest,Nice,0.2539,0.2252,0.5209,A,D,0
2024-02-04,EPL,Man United,West Ham,0.4281,0.2694,0.3026,H,H,1
2024-02-04,EPL,Chelsea,Wolves,0.5834,0.2273,0.1893,H,A,0
2024-02-04,SerieA,Napoli,Verona,0.7021,0.2112,0.0867,H,H,1
2024-02-04,SerieA,Atalanta,Lazio,0.5709,0.2231,0.2059,H,H,1
2024-02-04,SerieA,Inter,Juventus,0.5256,0.2571,0.2173,H,H,1
2024-02-04,SerieA,Torino,Salernitana,0.5755,0.2518,0.1727,H,D,0
2024-02-04,Ligue1,Monaco,Le Havre,0.7099,0.1637,0.1263,H,D,0
2024-02-04,EPL,Bournemouth,Nott'm Forest,0.4103,0.2703,0.3194,H,D,0
2024-02-04,LaLiga,Osasuna,Celta,0.3916,0.2503,0.3581,H,A,0
2024-02-04,Ligue1,Metz,Lorient,0.389,0.2559,0.3551,H,A,0
2024-02-04,EPL,Arsenal,Liverpool,0.4569,0.25,0.2931,H,H,1
2024-02-04,Ligue1,Lille,Clermont,0.6822,0.2116,0.1063,H,H,1
2024-02-05,EPL,Brentford,Man City,0.2629,0.2367,0.5003,A,A,1
2024-02-05,SerieA,Roma,Cagliari,0.6521,0.2189,0.1289,H,H,1
2024-02-05,LaLiga,Vallecano,Sevilla,0.4006,0.2992,0.3002,H,A,0
2024-02-07,Bundesliga,Mainz,Union Berlin,0.5618,0.2497,0.1885,H,D,0
2024-02-09,Bundesliga,Dortmund,Freiburg,0.6269,0.1917,0.1813,H,H,1
2024-02-09,LaLiga,Cadiz,Betis,0.17,0.2532,0.5769,A,A,1
2024-02-09,Ligue1,Marseille,Metz,0.7173,0.1626,0.12,H,D,0
2024-02-09,SerieA,Salernitana,Empoli,0.3355,0.27,0.3945,A,A,1
2024-02-10,Bundesliga,Leverkusen,Bayern Munich,0.2951,0.2196,0.4852,A,H,0
2024-02-10,SerieA,Sassuolo,Torino,0.2704,0.2791,0.4506,A,D,0
2024-02-10,SerieA,Roma,Inter,0.3315,0.2877,0.3808,A,A,1
2024-02-10,Bundesliga,Ein Frankfurt,Bochum,0.715,0.1719,0.1131,H,D,0
2024-02-10,Bundesliga,M'gladbach,Darmstadt,0.7946,0.1317,0.0735,H,D,0
2024-02-10,Bundesliga,Union Berlin,Wolfsburg,0.3218,0.2755,0.4027,A,H,0
2024-02-10,Bundesliga,Werder Bremen,Heidenheim,0.5628,0.2329,0.2043,H,A,0
2024-02-10,SerieA,Cagliari,Lazio,0.2648,0.2545,0.4807,A,A,1
2024-02-10,Bundesliga,Augsburg,RB Leipzig,0.2615,0.2771,0.4614,A,D,0
2024-02-10,EPL,Fulham,Bournemouth,0.3581,0.2677,0.3742,A,H,0
2024-02-10,EPL,Luton,Sheffield United,0.6473,0.1726,0.1799,H,A,0
2024-02-10,EPL,Tottenham,Brighton,0.3411,0.2145,0.4444,A,H,0
2024-02-10,EPL,Wolves,Brentford,0.3063,0.2366,0.4571,A,A,1
2024-02-10,EPL,Nott'm Forest,Newcastle,0.3194,0.2474,0.4332,A,A,1
2024-02-10,EPL,Liverpool,Burnley,0.7985,0.1253,0.0759,H,H,1
2024-02-10,Ligue1,Paris SG,Lille,0.5788,0.221,0.2001,H,H,1
2024-02-10,Ligue1,Lens,Strasbourg,0.354,0.2895,0.3565,A,H,0
2024-02-10,LaLiga,Alaves,Villarreal,0.2475,0.27,0.4825,A,D,0
2024-02-10,LaLiga,Sociedad,Osasuna,0.3212,0.2974,0.3813,A,A,1
2024-02-10,EPL,Man City,Everton,0.5506,0.268,0.1814,H,H,1
2024-02-10,LaLiga,Real Madrid,Girona,0.7465,0.1536,0.0998,H,H,1
2024-02-10,LaLiga,Las Palmas,Valencia,0.2793,0.2845,0.4362,A,H,0
2024-02-11,Ligue1,Nice,Monaco,0.4368,0.2445,0.3187,H,A,0
2024-02-11,EPL,Aston Villa,Man United,0.5211,0.2532,0.2257,H,A,0
2024-02-11,SerieA,Bologna,Lecce,0.6271,0.2358,0.1371,H,H,1
2024-02-11,SerieA,Fiorentina,Frosinone,0.7024,0.1779,0.1197,H,H,1
2024-02-11,SerieA,Genoa,Atalanta,0.1918,0.2424,0.5658,A,A,1
2024-02-11,EPL,West Ham,Arsenal,0.1541,0.2236,0.6222,A,A,1
2024-02-11,SerieA,Monza,Verona,0.2967,0.3076,0.3956,A,D,0
2024-02-11,SerieA,Milan,Napoli,0.314,0.2817,0.4043,A,H,0
2024-02-11,Ligue1,Le Havre,Rennes,0.2667,0.2223,0.511,A,A,1
2024-02-11,LaLiga,Sevilla,Ath Madrid,0.1594,0.2241,0.6165,A,H,0
2024-02-11,Ligue1,Toulouse,Nantes,0.4853,0.2755,0.2392,H,A,0
2024-02-11,Ligue1,Lorient,Reims,0.3905,0.2967,0.3128,H,H,1
2024-02-11,Bundesliga,Hoffenheim,FC Koln,0.5231,0.2367,0.2402,H,D,0
2024-02-11,Bundesliga,Stuttgart,Mainz,0.4466,0.2412,0.3122,H,H,1
2024-02-11,LaLiga,Getafe,Celta,0.3122,0.2791,0.4087,A,H,0
2024-02-11,LaLiga,Mallorca,Vallecano,0.337,0.3492,0.3138,D,H,0
2024-02-11,Ligue1,Montpellier,Lyon,0.081,0.1512,0.7677,A,A,1
2024-02-11,LaLiga,Barcelona,Granada,0.9193,0.0529,0.0232,H,D,0
2024-02-11,Ligue1,Clermont,Brest,0.2262,0.2424,0.5314,A,D,0
2024-02-12,SerieA,Juventus,Udinese,0.6237,0.2312,0.1451,H,A,0
2024-02-12,EPL,Crystal Palace,Chelsea,0.3314,0.27,0.3986,A,A,1
2024-02-12,LaLiga,Almeria,Ath Bilbao,0.1586,0.2376,0.6039,A,D,0
2024-02-14,SerieA,Bologna,Fiorentina,0.3833,0.2564,0.3603,H,H,1
2024-02-16,Ligue1,Lyon,Nice,0.3776,0.2373,0.3852,A,H,0
2024-02-16,Bundesliga,FC Koln,Werder Bremen,0.234,0.252,0.514,A,A,1
2024-02-16,SerieA,Torino,Lecce,0.4627,0.3305,0.2068,H,H,1
2024-02-16,SerieA,Inter,Salernitana,0.882,0.0834,0.0338,H,H,1
2024-02-16,LaLiga,Villarreal,Getafe,0.5918,0.232,0.1761,H,D,0
2024-02-17,Ligue1,Nantes,Paris SG,0.1229,0.1788,0.6982,A,A,1
2024-02-17,Ligue1,Lille,Le Havre,0.6495,0.203,0.1475,H,H,1
2024-02-17,SerieA,Verona,Juventus,0.1543,0.2554,0.5903,A,D,0
2024-02-17,SerieA,Atalanta,Sassuolo,0.836,0.1068,0.0567,H,H,1
2024-02-17,LaLiga,Celta,Barcelona,0.1772,0.177,0.6458,A,A,1
2024-02-17,LaLiga,Osasuna,Cadiz,0.5758,0.2679,0.1563,H,H,1
2024-02-17,LaLiga,Ath Madrid,Las Palmas,0.7504,0.1684,0.0812,H,H,1
2024-02-17,Bundesliga,Darmstadt,Stuttgart,0.0614,0.1172,0.8211,A,A,1
2024-02-17,Bundesliga,Heidenheim,Leverkusen,0.1409,0.1968,0.6624,A,A,1
2024-02-17,EPL,Man City,Chelsea,0.5023,0.2554,0.2423,H,D,0
2024-02-17,EPL,Tottenham,Wolves,0.4392,0.2286,0.3322,H,A,0
2024-02-17,EPL,Nott'm Forest,West Ham,0.5169,0.2463,0.2369,H,H,1
2024-02-17,EPL,Newcastle,Bournemouth,0.5062,0.2412,0.2526,H,D,0
2024-02-17,LaLiga,Valencia,Sevilla,0.4416,0.274,0.2843,H,D,0
2024-02-17,EPL,Burnley,Arsenal,0.1052,0.1825,0.7123,A,A,1
2024-02-17,EPL,Fulham,Aston Villa,0.3299,0.2598,0.4103,A,A,1
2024-02-17,Bundesliga,Hoffenheim,Union Berlin,0.4427,0.2488,0.3085,H,A,0
2024-02-17,Bundesliga,Mainz,Augsburg,0.5423,0.2669,0.1908,H,H,1
2024-02-17,Bundesliga,Wolfsburg,Dortmund,0.2472,0.2169,0.5359,A,D,0
2024-02-17,Bundesliga,RB Leipzig,M'gladbach,0.5054,0.2244,0.2702,H,H,1
2024-02-17,EPL,Brentford,Liverpool,0.2814,0.2192,0.4993,A,A,1
2024-02-17,SerieA,Napoli,Genoa,0.5804,0.2679,0.1517,H,D,0
2024-02-18,Ligue1,Montpellier,Metz,0.2272,0.2747,0.4981,A,H,0
2024-02-18,Ligue1,Rennes,Clermont,0.653,0.208,0.1389,H,H,1
2024-02-18,Ligue1,Reims,Lens,0.2452,0.327,0.4278,A,D,0
2024-02-18,Ligue1,Brest,Marseille,0.2799,0.207,0.5131,A,H,0
2024-02-18,Ligue1,Monaco,Toulouse,0.5352,0.2379,0.2269,H,A,0
2024-02-18,Ligue1,Strasbourg,Lorient,0.6212,0.2099,0.1689,H,A,0
2024-02-18,LaLiga,Betis,Alaves,0.4831,0.2808,0.2362,H,D,0
2024-02-18,Bundesliga,Freiburg,Ein Frankfurt,0.2926,0.2388,0.4686,A,D,0
2024-02-18,Bundesliga,Bochum,Bayern Munich,0.0568,0.1078,0.8349,A,H,0
2024-02-18,LaLiga,Mallorca,Sociedad,0.3578,0.3454,0.2968,H,A,0
2024-02-18,LaLiga,Vallecano,Real Madrid,0.1683,0.2366,0.5951,A,D,0
2024-02-18,SerieA,Lazio,Bologna,0.408,0.257,0.335,H,A,0
2024-02-18,SerieA,Empoli,Fiorentina,0.1684,0.2282,0.6034,A,D,0
2024-02-18,SerieA,Udinese,Cagliari,0.3669,0.2788,0.3544,H,D,0
2024-02-18,EPL,Luton,Man United,0.3197,0.234,0.4463,A,A,1
2024-02-18,EPL,Sheffield United,Brighton,0.1142,0.1459,0.7396,A,A,1
2024-02-18,SerieA,Frosinone,Roma,0.1209,0.2036,0.6755,A,A,1
2024-02-18,SerieA,Monza,Milan,0.1028,0.1759,0.7213,A,H,0
2024-02-18,LaLiga,Granada,Almeria,0.2815,0.2263,0.4922,A,D,0
2024-02-19,LaLiga,Ath Bilbao,Girona,0.6273,0.2376,0.1351,H,H,1
2024-02-19,EPL,Everton,Crystal Palace,0.3726,0.3046,0.3228,H,D,0
2024-02-20,EPL,Man City,Brentford,0.5877,0.2156,0.1966,H,H,1
2024-02-21,EPL,Liverpool,Luton,0.8256,0.1018,0.0711,H,H,1
2024-02-22,SerieA,Torino,Lazio,0.2814,0.2956,0.423,A,A,1
2024-02-23,Bundesliga,Leverkusen,Mainz,0.5351,0.2347,0.2302,H,H,1
2024-02-23,SerieA,Bologna,Verona,0.6389,0.2224,0.1386,H,H,1
2024-02-23,LaLiga,Sociedad,Villarreal,0.2292,0.2453,0.5255,A,A,1
2024-02-23,Ligue1,Metz,Lyon,0.1868,0.2075,0.6057,A,A,1
2024-02-24,SerieA,Sassuolo,Empoli,0.3944,0.2633,0.3424,H,A,0
2024-02-24,SerieA,Salernitana,Monza,0.4322,0.2689,0.2989,H,A,0
2024-02-24,SerieA,Genoa,Udinese,0.4621,0.2872,0.2507,H,H,1
2024-02-24,LaLiga,Almeria,Ath Madrid,0.129,0.1781,0.6929,A,D,0
2024-02-24,LaLiga,Alaves,Mallorca,0.361,0.3675,0.2714,D,D,1
2024-02-24,LaLiga,Barcelona,Getafe,0.7467,0.1631,0.0902,H,H,1
2024-02-24,Bundesliga,M'gladbach,Bochum,0.5991,0.2101,0.1907,H,H,1
2024-02-24,Bundesliga,Stuttgart,FC Koln,0.697,0.1809,0.1221,H,D,0
2024-02-24,Bundesliga,Union Berlin,Heidenheim,0.4241,0.2853,0.2907,H,D,0
2024-02-24,Bundesliga,Werder Bremen,Darmstadt,0.7992,0.1335,0.0672,H,D,0
2024-02-24,Bundesliga,Bayern Munich,RB Leipzig,0.7165,0.1602,0.1232,H,H,1
2024-02-24,EPL,Brighton,Everton,0.4081,0.2758,0.3161,H,D,0
2024-02-24,EPL,Aston Villa,Nott'm Forest,0.4477,0.2601,0.2922,H,H,1
2024-02-24,EPL,Bournemouth,Man City,0.2508,0.2569,0.4923,A,A,1
2024-02-24,Ligue1,Lorient,Nantes,0.3714,0.2702,0.3584,H,A,0
2024-02-24,Ligue1,Strasbourg,Brest,0.5215,0.2315,0.247,H,A,0
2024-02-24,EPL,Man United,Fulham,0.3655,0.2708,0.3637,H,A,0
2024-02-24,EPL,Arsenal,Newcastle,0.5165,0.2454,0.2381,H,H,1
2024-02-24,EPL,Crystal Palace,Burnley,0.6196,0.2119,0.1684,H,H,1
2024-02-25,SerieA,Lecce,Inter,0.0898,0.1963,0.7139,A,A,1
2024-02-25,EPL,Wolves,Sheffield United,0.705,0.1677,0.1273,H,H,1
2024-02-25,SerieA,Cagliari,Napoli,0.1673,0.2546,0.5781,A,D,0
2024-02-25,LaLiga,Cadiz,Celta,0.1885,0.257,0.5545,A,D,0
2024-02-25,Ligue1,Paris SG,Rennes,0.6984,0.164,0.1375,H,D,0
2024-02-25,Ligue1,Toulouse,Lille,0.3052,0.2875,0.4073,A,H,0
2024-02-25,Ligue1,Nice,Clermont,0.7474,0.1678,0.0848,H,D,0
2024-02-25,Ligue1,Le Havre,Reims,0.3954,0.288,0.3166,H,A,0
2024-02-25,Ligue1,Lens,Monaco,0.3113,0.2695,0.4192,A,A,1
2024-02-25,SerieA,Juventus,Frosinone,0.7007,0.1884,0.1109,H,H,1
2024-02-25,Bundesliga,Ein Frankfurt,Wolfsburg,0.5574,0.223,0.2196,H,D,0
2024-02-25,Ligue1,Marseille,Montpellier,0.8518,0.102,0.0458,H,H,1
2024-02-25,Bundesliga,Augsburg,Freiburg,0.3177,0.2879,0.3944,A,H,0
2024-02-25,LaLiga,Betis,Ath Bilbao,0.269,0.2905,0.4405,A,H,0
2024-02-25,LaLiga,Las Palmas,Osasuna,0.2625,0.2755,0.462,A,D,0
2024-02-25,LaLiga,Real Madrid,Sevilla,0.7219,0.1709,0.1072,H,H,1
2024-02-25,Bundesliga,Dortmund,Hoffenheim,0.7197,0.1487,0.1314,H,A,0
2024-02-25,SerieA,Milan,Atalanta,0.3183,0.2405,0.4412,A,D,0
2024-02-26,EPL,West Ham,Brentford,0.2908,0.2415,0.4676,A,H,0
2024-02-26,LaLiga,Girona,Vallecano,0.3707,0.2865,0.3429,H,H,1
2024-02-26,SerieA,Fiorentina,Lazio,0.4453,0.2532,0.3016,H,H,1
2024-02-26,SerieA,Roma,Torino,0.5778,0.2739,0.1483,H,H,1
2024-02-28,SerieA,Inter,Atalanta,0.4617,0.2488,0.2894,H,H,1
2024-02-28,SerieA,Sassuolo,Napoli,0.1052,0.1887,0.7061,A,A,1
2024-03-01,SerieA,Lazio,Milan,0.3683,0.2504,0.3812,A,A,1
2024-03-01,Ligue1,Monaco,Paris SG,0.2888,0.2182,0.493,A,D,0
2024-03-01,LaLiga,Celta,Almeria,0.5876,0.1992,0.2131,H,H,1
2024-03-01,Bundesliga,Freiburg,Bayern Munich,0.1306,0.1666,0.7027,A,D,0
2024-03-02,SerieA,Monza,Roma,0.0803,0.1841,0.7355,A,A,1
2024-03-02,LaLiga,Sevilla,Sociedad,0.3914,0.2978,0.3107,H,H,1
2024-03-02,EPL,Nott'm Forest,Liverpool,0.2616,0.2306,0.5077,A,A,1
2024-03-02,LaLiga,Vallecano,Cadiz,0.4998,0.3177,0.1824,H,D,0
2024-03-02,EPL,Tottenham,Crystal Palace,0.3334,0.2356,0.431,A,H,0
2024-03-02,EPL,Luton,Aston Villa,0.2076,0.1996,0.5927,A,A,1
2024-03-02,EPL,Newcastle,Wolves,0.6303,0.1971,0.1725,H,H,1
2024-03-02,SerieA,Torino,Fiorentina,0.2572,0.2886,0.4542,A,D,0
2024-03-02,EPL,Everton,West Ham,0.4703,0.2904,0.2394,H,A,0
2024-03-02,SerieA,Udinese,Salernitana,0.5445,0.2416,0.214,H,D,0
2024-03-02,Bundesliga,Wolfsburg,Stuttgart,0.3049,0.233,0.462,A,A,1
2024-03-02,Bundesliga,Union Berlin,Dortmund,0.1811,0.21,0.6089,A,A,1
2024-03-02,Bundesliga,Mainz,M'gladbach,0.5148,0.2318,0.2535,H,D,0
2024-03-02,Bundesliga,Heidenheim,Ein Frankfurt,0.1913,0.2236,0.5851,A,A,1
2024-03-02,Bundesliga,Darmstadt,Augsburg,0.1672,0.2592,0.5736,A,A,1
2024-03-02,Bundesliga,Bochum,RB Leipzig,0.2008,0.2306,0.5686,A,A,1
2024-03-02,Ligue1,Clermont,Marseille,0.1284,0.1826,0.689,A,A,1
2024-03-02,LaLiga,Valencia,Real Madrid,0.1836,0.2237,0.5927,A,D,0
2024-03-02,Ligue1,Reims,Lille,0.198,0.3053,0.4967,A,A,1
2024-03-02,LaLiga,Getafe,Las Palmas,0.443,0.3097,0.2472,H,D,0
2024-03-02,EPL,Brentford,Chelsea,0.3544,0.256,0.3896,A,D,0
2024-03-02,EPL,Fulham,Brighton,0.3801,0.237,0.3829,A,H,0
2024-03-03,SerieA,Napoli,Juventus,0.443,0.3043,0.2528,H,H,1
2024-03-03,SerieA,Atalanta,Bologna,0.5687,0.2228,0.2085,H,A,0
2024-03-03,SerieA,Frosinone,Lecce,0.398,0.2982,0.3038,H,D,0
2024-03-03,SerieA,Empoli,Cagliari,0.3074,0.2797,0.4129,A,A,1
2024-03-03,SerieA,Verona,Sassuolo,0.4111,0.2737,0.3153,H,H,1
2024-03-03,Ligue1,Nantes,Metz,0.447,0.2791,0.2739,H,A,0
2024-03-03,Ligue1,Rennes,Lorient,0.5931,0.2085,0.1984,H,A,0
2024-03-03,LaLiga,Ath Madrid,Betis,0.5988,0.2171,0.1841,H,H,1
2024-03-03,LaLiga,Mallorca,Girona,0.3835,0.3018,0.3147,H,H,1
2024-03-03,LaLiga,Ath Bilbao,Barcelona,0.3216,0.2772,0.4012,A,D,0
2024-03-03,Ligue1,Lyon,Lens,0.4827,0.2504,0.2668,H,A,0
2024-03-03,Bundesliga,Hoffenheim,Werder Bremen,0.3339,0.227,0.4391,A,H,0
2024-03-03,Bundesliga,FC Koln,Leverkusen,0.1197,0.189,0.6912,A,A,1
2024-03-03,Ligue1,Montpellier,Strasbourg,0.1008,0.1963,0.7029,A,D,0
2024-03-03,Ligue1,Brest,Le Havre,0.5534,0.2077,0.2389,H,H,1
2024-03-03,Ligue1,Toulouse,Nice,0.2788,0.2594,0.4618,A,H,0
2024-03-03,EPL,Burnley,Bournemouth,0.223,0.2432,0.5337,A,A,1
2024-03-03,EPL,Man City,Man United,0.6568,0.2072,0.136,H,H,1
2024-03-03,LaLiga,Villarreal,Granada,0.8171,0.1139,0.0685,H,H,1
2024-03-04,SerieA,Inter,Genoa,0.6727,0.2079,0.1194,H,H,1
2024-03-04,EPL,Sheffield United,Arsenal,0.0458,0.1033,0.8505,A,A,1
2024-03-04,LaLiga,Osasuna,Alaves,0.4161,0.3128,0.2711,H,H,1
2024-03-08,Ligue1,Nice,Montpellier,0.8336,0.1198,0.0465,H,A,0
2024-03-08,Bundesliga,Stuttgart,Union Berlin,0.6229,0.2086,0.1685,H,H,1
2024-03-08,LaLiga,Barcelona,Mallorca,0.7385,0.1709,0.0906,H,H,1
2024-03-08,SerieA,Napoli,Torino,0.5768,0.2808,0.1424,H,D,0
2024-03-09,SerieA,Cagliari,Salernitana,0.5874,0.2237,0.1889,H,H,1
2024-03-09,Bundesliga,Bayern Munich,Mainz,0.6829,0.1793,0.1377,H,H,1
2024-03-09,Bundesliga,Augsburg,Heidenheim,0.4155,0.3006,0.2839,H,H,1
2024-03-09,LaLiga,Valencia,Getafe,0.4172,0.3079,0.2749,H,H,1
2024-03-09,Bundesliga,Werder Bremen,Dortmund,0.2755,0.2163,0.5082,A,A,1
2024-03-09,EPL,Wolves,Fulham,0.3626,0.2527,0.3847,A,H,0
2024-03-09,SerieA,Genoa,Monza,0.6102,0.2451,0.1446,H,A,0
2024-03-09,SerieA,Bologna,Inter,0.2361,0.2426,0.5213,A,A,1
2024-03-09,EPL,Man United,Everton,0.3162,0.3171,0.3667,A,H,0
2024-03-09,EPL,Bournemouth,Sheffield United,0.7765,0.1417,0.0817,H,D,0
2024-03-09,SerieA,Sassuolo,Frosinone,0.3997,0.245,0.3553,H,H,1
2024-03-09,EPL,Arsenal,Brentford,0.5951,0.2235,0.1814,H,H,1
2024-03-09,EPL,Crystal Palace,Luton,0.6415,0.1847,0.1737,H,D,0
2024-03-09,Bundesliga,RB Leipzig,Darmstadt,0.8252,0.12,0.0547,H,H,1
2024-03-09,Ligue1,Lorient,Lyon,0.2024,0.1999,0.5977,A,A,1
2024-03-09,Ligue1,Lens,Brest,0.462,0.2565,0.2815,H,H,1
2024-03-09,Bundesliga,M'gladbach,FC Koln,0.5824,0.2237,0.1938,H,D,0
2024-03-09,LaLiga,Cadiz,Ath Madrid,0.0892,0.2077,0.7031,A,H,0
2024-03-09,LaLiga,Granada,Sociedad,0.2475,0.2694,0.4832,A,A,1
2024-03-09,LaLiga,Girona,Osasuna,0.3363,0.2601,0.4036,A,H,0
2024-03-10,LaLiga,Real Madrid,Celta,0.6636,0.1821,0.1542,H,H,1
2024-03-10,Ligue1,Metz,Clermont,0.4618,0.279,0.2592,H,H,1
2024-03-10,Ligue1,Strasbourg,Monaco,0.3568,0.2551,0.3881,A,A,1
2024-03-10,Ligue1,Lille,Rennes,0.4839,0.2569,0.2591,H,D,0
2024-03-10,Ligue1,Marseille,Nantes,0.6413,0.1995,0.1592,H,H,1
2024-03-10,LaLiga,Alaves,Vallecano,0.3549,0.3492,0.2959,H,H,1
2024-03-10,LaLiga,Betis,Villarreal,0.356,0.2269,0.4171,A,A,1
2024-03-10,Ligue1,Le Havre,Toulouse,0.2825,0.2448,0.4727,A,H,0
2024-03-10,EPL,Aston Villa,Tottenham,0.564,0.2143,0.2217,H,A,0
2024-03-10,EPL,Brighton,Nott'm Forest,0.4238,0.2395,0.3367,H,H,1
2024-03-10,EPL,West Ham,Burnley,0.5059,0.2435,0.2506,H,D,0
2024-03-10,EPL,Liverpool,Man City,0.4027,0.2415,0.3558,H,D,0
2024-03-10,Bundesliga,Leverkusen,Wolfsburg,0.6388,0.1987,0.1625,H,H,1
2024-03-10,Bundesliga,Ein Frankfurt,Hoffenheim,0.6488,0.1809,0.1701,H,H,1
2024-03-10,LaLiga,Las Palmas,Ath Bilbao,0.1393,0.2706,0.5901,A,A,1
2024-03-10,Ligue1,Paris SG,Reims,0.7658,0.1577,0.0764,H,D,0
2024-03-10,Bundesliga,Bochum,Freiburg,0.2552,0.2504,0.4945,A,A,1
2024-03-10,SerieA,Fiorentina,Roma,0.313,0.2809,0.4061,A,D,0
2024-03-10,SerieA,Lecce,Verona,0.3566,0.3374,0.306,H,A,0
2024-03-10,SerieA,Juventus,Atalanta,0.3228,0.2682,0.4089,A,D,0
2024-03-10,SerieA,Milan,Empoli,0.7048,0.1825,0.1126,H,H,1
2024-03-11,SerieA,Lazio,Udinese,0.5891,0.232,0.1789,H,A,0
2024-03-11,EPL,Chelsea,Newcastle,0.3942,0.2558,0.3499,H,H,1
2024-03-11,LaLiga,Almeria,Sevilla,0.376,0.2485,0.3754,H,D,0
2024-03-13,EPL,Bournemouth,Luton,0.6389,0.1899,0.1712,H,H,1
2024-03-15,Bundesliga,FC Koln,RB Leipzig,0.2029,0.2448,0.5522,A,A,1
2024-03-15,Ligue1,Toulouse,Lyon,0.3233,0.2464,0.4303,A,A,1
2024-03-15,SerieA,Empoli,Bologna,0.1873,0.2383,0.5744,A,A,1
2024-03-15,LaLiga,Sociedad,Cadiz,0.4814,0.3218,0.1968,H,H,1
2024-03-16,Ligue1,Nantes,Strasbourg,0.2528,0.2742,0.473,A,A,1
2024-03-16,SerieA,Frosinone,Lazio,0.1917,0.2219,0.5865,A,A,1
2024-03-16,LaLiga,Ath Bilbao,Alaves,0.5295,0.3209,0.1496,H,H,1
2024-03-16,SerieA,Salernitana,Lecce,0.3326,0.2971,0.3704,A,A,1
2024-03-16,Ligue1,Lens,Nice,0.2942,0.2759,0.4299,A,A,1
2024-03-16,Bundesliga,Wolfsburg,Augsburg,0.4659,0.2802,0.2539,H,A,0
2024-03-16,Bundesliga,Hoffenheim,Stuttgart,0.2495,0.2006,0.5498,A,A,1
2024-03-16,LaLiga,Getafe,Girona,0.3941,0.2917,0.3142,H,H,1
2024-03-16,EPL,Fulham,Tottenham,0.475,0.2289,0.296,H,H,1
2024-03-16,EPL,Luton,Nott'm Forest,0.2433,0.2118,0.5449,A,D,0
2024-03-16,Bundesliga,Union Berlin,Werder Bremen,0.2978,0.2643,0.4379,A,H,0
2024-03-16,Bundesliga,Mainz,Bochum,0.652,0.2091,0.1389,H,H,1
2024-03-16,Bundesliga,Heidenheim,M'gladbach,0.2956,0.2444,0.4599,A,D,0
2024-03-16,Bundesliga,Darmstadt,Bayern Munich,0.0143,0.0422,0.9388,A,A,1
2024-03-16,LaLiga,Mallorca,Granada,0.5424,0.268,0.1896,H,H,1
2024-03-16,EPL,Burnley,Brentford,0.2124,0.2171,0.5705,A,H,0
2024-03-16,LaLiga,Osasuna,Real Madrid,0.1992,0.2257,0.575,A,A,1
2024-03-16,SerieA,Udinese,Torino,0.3233,0.3161,0.3606,A,A,1
2024-03-16,SerieA,Monza,Cagliari,0.2257,0.2644,0.5099,A,H,0
2024-03-17,Ligue1,Brest,Lille,0.286,0.2535,0.4605,A,D,0
2024-03-17,Ligue1,Rennes,Marseille,0.3323,0.2215,0.4462,A,H,0
2024-03-17,LaLiga,Villarreal,Valencia,0.5741,0.2194,0.2065,H,H,1
2024-03-17,Ligue1,Reims,Metz,0.3909,0.3139,0.2952,H,H,1
2024-03-17,Ligue1,Clermont,Le Havre,0.3137,0.2623,0.424,A,H,0
2024-03-17,Ligue1,Monaco,Lorient,0.699,0.1717,0.1292,H,D,0
2024-03-17,Ligue1,Montpellier,Paris SG,0.0322,0.082,0.885,A,A,1
2024-03-17,SerieA,Inter,Napoli,0.4369,0.2903,0.2728,H,D,0
2024-03-17,SerieA,Verona,Milan,0.1587,0.227,0.6143,A,A,1
2024-03-17,LaLiga,Vallecano,Betis,0.3033,0.2768,0.4198,A,H,0
2024-03-17,LaLiga,Ath Madrid,Barcelona,0.3723,0.2391,0.3886,A,A,1
2024-03-17,SerieA,Juventus,Genoa,0.5309,0.2735,0.1957,H,D,0
2024-03-17,EPL,West Ham,Aston Villa,0.27,0.2537,0.4763,A,D,0
2024-03-17,LaLiga,Sevilla,Celta,0.3226,0.2491,0.4283,A,A,1
2024-03-17,Bundesliga,Freiburg,Leverkusen,0.2245,0.2231,0.5525,A,A,1
2024-03-17,SerieA,Roma,Sassuolo,0.7755,0.1497,0.0747,H,H,1
2024-03-17,LaLiga,Las Palmas,Almeria,0.3678,0.258,0.3742,A,A,1
2024-03-17,Bundesliga,Dortmund,Ein Frankfurt,0.4909,0.2161,0.2929,H,H,1
2024-03-29,Ligue1,Lille,Lens,0.4507,0.294,0.2552,H,H,1
2024-03-29,LaLiga,Cadiz,Granada,0.3972,0.3011,0.3017,H,H,1
2024-03-30,EPL,Newcastle,West Ham,0.6368,0.1994,0.1638,H,H,1
2024-03-30,EPL,Bournemouth,Everton,0.3907,0.3117,0.2976,H,H,1
2024-03-30,EPL,Chelsea,Burnley,0.6832,0.192,0.1247,H,D,0
2024-03-30,EPL,Nott'm Forest,Crystal Palace,0.4052,0.2634,0.3314,H,D,0
2024-03-30,EPL,Sheffield United,Fulham,0.1471,0.1846,0.6682,A,D,0
2024-03-30,EPL,Tottenham,Luton,0.5684,0.1879,0.2436,H,H,1
2024-03-30,EPL,Aston Villa,Wolves,0.5528,0.2308,0.2164,H,H,1
2024-03-30,EPL,Brentford,Man United,0.516,0.2416,0.2424,H,D,0
2024-03-30,Ligue1,Metz,Monaco,0.1697,0.2098,0.6205,A,A,1
2024-03-30,Ligue1,Lyon,Reims,0.6177,0.2296,0.1527,H,D,0
2024-03-30,SerieA,Fiorentina,Milan,0.4026,0.2482,0.3492,H,A,0
2024-03-30,SerieA,Lazio,Juventus,0.3431,0.2772,0.3797,A,H,0
2024-03-30,SerieA,Torino,Monza,0.5713,0.272,0.1567,H,H,1
2024-03-30,Bundesliga,Bayern Munich,Dortmund,0.6315,0.1778,0.1906,H,A,0
2024-03-30,Bundesliga,Werder Bremen,Wolfsburg,0.4479,0.2467,0.3054,H,A,0
2024-03-30,Bundesliga,RB Leipzig,Mainz,0.3911,0.2616,0.3472,H,D,0
2024-03-30,Bundesliga,M'gladbach,Freiburg,0.425,0.2358,0.3392,H,A,0
2024-03-30,Bundesliga,Leverkusen,Hoffenheim,0.7295,0.1518,0.1185,H,H,1
2024-03-30,Bundesliga,Ein Frankfurt,Union Berlin,0.6238,0.2148,0.1614,H,D,0
2024-03-30,SerieA,Napoli,Atalanta,0.3856,0.2852,0.3291,H,A,0
2024-03-30,LaLiga,Getafe,Sevilla,0.3789,0.3079,0.3132,H,A,0
2024-03-30,LaLiga,Almeria,Osasuna,0.3082,0.2434,0.4484,A,A,1
2024-03-30,LaLiga,Valencia,Mallorca,0.414,0.3178,0.2683,H,D,0
2024-03-30,LaLiga,Barcelona,Las Palmas,0.8393,0.1071,0.0532,H,H,1
2024-03-30,SerieA,Genoa,Frosinone,0.5357,0.2551,0.2092,H,D,0
2024-03-31,EPL,Man City,Arsenal,0.3757,0.2788,0.3455,H,D,0
2024-03-31,Ligue1,Clermont,Toulouse,0.2031,0.2658,0.5311,A,A,1
2024-03-31,Ligue1,Le Havre,Montpellier,0.627,0.2162,0.1568,H,A,0
2024-03-31,Ligue1,Marseille,Paris SG,0.2798,0.2004,0.5197,A,A,1
2024-03-31,LaLiga,Real Madrid,Ath Bilbao,0.4217,0.2959,0.2825,H,H,1
2024-03-31,EPL,Liverpool,Brighton,0.6261,0.184,0.1899,H,H,1
2024-03-31,Ligue1,Nice,Nantes,0.6326,0.2192,0.1482,H,A,0
2024-03-31,Ligue1,Lorient,Brest,0.3172,0.23,0.4528,A,A,1
2024-03-31,Bundesliga,Stuttgart,Heidenheim,0.6669,0.1889,0.1442,H,D,0
2024-03-31,Bundesliga,Augsburg,FC Koln,0.4452,0.304,0.2507,H,D,0
2024-03-31,LaLiga,Alaves,Sociedad,0.3762,0.3444,0.2793,H,A,0
2024-03-31,LaLiga,Girona,Betis,0.2897,0.2363,0.474,A,H,0
2024-03-31,Bundesliga,Bochum,Darmstadt,0.6052,0.2297,0.1652,H,D,0
2024-03-31,LaLiga,Celta,Vallecano,0.4734,0.2642,0.2625,H,D,0
2024-03-31,Ligue1,Strasbourg,Rennes,0.4595,0.2493,0.2912,H,H,1
2024-04-01,SerieA,Bologna,Salernitana,0.75,0.1552,0.0947,H,H,1
2024-04-01,SerieA,Sassuolo,Udinese,0.3329,0.2592,0.4079,A,D,0
2024-04-01,SerieA,Lecce,Roma,0.1217,0.255,0.6233,A,D,0
2024-04-01,SerieA,Inter,Empoli,0.8068,0.1345,0.0585,H,H,1
2024-04-01,LaLiga,Villarreal,Ath Madrid,0.3091,0.2404,0.4504,A,A,1
2024-04-01,SerieA,Cagliari,Verona,0.4814,0.2798,0.2388,H,D,0
2024-04-02,EPL,West Ham,Tottenham,0.4,0.2371,0.3629,H,D,0
2024-04-02,EPL,Newcastle,Everton,0.4915,0.2718,0.2367,H,D,0
2024-04-02,EPL,Nott'm Forest,Fulham,0.4505,0.2565,0.2929,H,H,1
2024-04-02,EPL,Burnley,Wolves,0.3106,0.2472,0.4421,A,D,0
2024-04-02,EPL,Bournemouth,Crystal Palace,0.4095,0.2684,0.322,H,H,1
2024-04-03,EPL,Brentford,Brighton,0.4551,0.2229,0.322,H,D,0
2024-04-03,EPL,Man City,Aston Villa,0.5482,0.2382,0.2136,H,H,1
2024-04-03,EPL,Arsenal,Luton,0.8124,0.1196,0.0677,H,H,1
2024-04-04,LaLiga,Granada,Valencia,0.2083,0.2371,0.5546,A,A,1
2024-04-04,EPL,Chelsea,Man United,0.55,0.2511,0.1989,H,H,1
2024-04-04,EPL,Liverpool,Sheffield United,0.9127,0.0571,0.0262,H,H,1
2024-04-05,SerieA,Salernitana,Sassuolo,0.3601,0.2427,0.3972,A,D,0
2024-04-05,Bundesliga,Ein Frankfurt,Werder Bremen,0.5323,0.2231,0.2446,H,D,0
2024-04-05,Ligue1,Lille,Marseille,0.4045,0.2492,0.3463,H,H,1
2024-04-06,EPL,Crystal Palace,Man City,0.2468,0.2478,0.5055,A,A,1
2024-04-06,SerieA,Milan,Lecce,0.6776,0.2081,0.1143,H,H,1
2024-04-06,EPL,Aston Villa,Brentford,0.4393,0.246,0.3147,H,D,0
2024-04-06,EPL,Everton,Burnley,0.5591,0.2611,0.1798,H,H,1
2024-04-06,SerieA,Roma,Lazio,0.5136,0.2635,0.2229,H,H,1
2024-04-06,SerieA,Empoli,Torino,0.2723,0.3149,0.4128,A,H,0
2024-04-06,Ligue1,Lens,Le Havre,0.5678,0.2333,0.1989,H,D,0
2024-04-06,Bundesliga,Heidenheim,Bayern Munich,0.0742,0.1304,0.7952,A,H,0
2024-04-06,Ligue1,Paris SG,Clermont,0.865,0.0938,0.0407,H,D,0
2024-04-06,Bundesliga,Freiburg,RB Leipzig,0.3447,0.2517,0.4036,A,A,1
2024-04-06,Bundesliga,Dortmund,Stuttgart,0.5157,0.2049,0.2794,H,A,0
2024-04-06,Bundesliga,Union Berlin,Leverkusen,0.1639,0.2169,0.6192,A,A,1
2024-04-06,Bundesliga,Mainz,Darmstadt,0.8214,0.1255,0.0529,H,H,1
2024-04-06,Bundesliga,FC Koln,Bochum,0.3952,0.2852,0.3196,H,H,1
2024-04-06,EPL,Fulham,Newcastle,0.2818,0.2377,0.4805,A,A,1
2024-04-06,EPL,Luton,Bournemouth,0.2364,0.2149,0.5487,A,H,0
2024-04-06,EPL,Wolves,West Ham,0.429,0.2523,0.3187,H,A,0
2024-04-06,EPL,Brighton,Arsenal,0.2264,0.2315,0.542,A,A,1
2024-04-07,Bundesliga,Wolfsburg,M'gladbach,0.4218,0.238,0.3402,H,A,0
2024-04-07,Ligue1,Brest,Metz,0.5553,0.2237,0.221,H,H,1
2024-04-07,Ligue1,Reims,Nice,0.1761,0.2657,0.5582,A,D,0
2024-04-07,Ligue1,Monaco,Rennes,0.5346,0.2228,0.2425,H,H,1
2024-04-07,Ligue1,Toulouse,Strasbourg,0.3408,0.2754,0.3838,A,D,0
2024-04-07,Ligue1,Nantes,Lyon,0.2321,0.2385,0.5294,A,A,1
2024-04-07,Ligue1,Montpellier,Lorient,0.2112,0.251,0.5379,A,H,0
2024-04-07,Bundesliga,Hoffenheim,Augsburg,0.4298,0.2627,0.3075,H,H,1
2024-04-07,SerieA,Frosinone,Bologna,0.189,0.2193,0.5917,A,D,0
2024-04-07,SerieA,Cagliari,Atalanta,0.1559,0.2047,0.6393,A,H,0
2024-04-07,SerieA,Verona,Genoa,0.2569,0.3079,0.4353,A,A,1
2024-04-07,EPL,Man United,Liverpool,0.196,0.2178,0.5862,A,D,0
2024-04-07,EPL,Sheffield United,Chelsea,0.0865,0.1471,0.7663,A,D,0
2024-04-07,EPL,Tottenham,Nott'm Forest,0.3351,0.2376,0.4273,A,H,0
2024-04-07,SerieA,Juventus,Fiorentina,0.4273,0.2718,0.3009,H,H,1
2024-04-07,SerieA,Monza,Napoli,0.0779,0.1894,0.7327,A,A,1
2024-04-08,SerieA,Udinese,Inter,0.1152,0.1931,0.6917,A,A,1
2024-04-12,SerieA,Lazio,Salernitana,0.745,0.1582,0.0968,H,H,1
2024-04-12,LaLiga,Betis,Celta,0.4622,0.2289,0.3089,H,H,1
2024-04-12,Ligue1,Metz,Lens,0.241,0.2743,0.4848,A,H,0
2024-04-12,Bundesliga,Augsburg,Union Berlin,0.3798,0.3114,0.3088,H,H,1
2024-04-13,Ligue1,Strasbourg,Reims,0.5543,0.2738,0.1718,H,H,1
2024-04-13,SerieA,Lecce,Empoli,0.3634,0.3226,0.314,H,H,1
2024-04-13,LaLiga,Cadiz,Barcelona,0.0629,0.1396,0.7974,A,A,1
2024-04-13,SerieA,Bologna,Monza,0.7422,0.1692,0.0886,H,D,0
2024-04-13,SerieA,Torino,Juventus,0.2333,0.3069,0.4598,A,D,0
2024-04-13,Ligue1,Rennes,Toulouse,0.4302,0.2567,0.3131,H,A,0
2024-04-13,EPL,Bournemouth,Man United,0.482,0.2678,0.2502,H,D,0
2024-04-13,LaLiga,Ath Madrid,Girona,0.7178,0.1741,0.108,H,H,1
2024-04-13,EPL,Man City,Luton,0.8126,0.115,0.0719,H,H,1
2024-04-13,EPL,Nott'm Forest,Wolves,0.5087,0.2421,0.2493,H,D,0
2024-04-13,Bundesliga,Bochum,Heidenheim,0.3581,0.2781,0.3638,A,D,0
2024-04-13,Bundesliga,Bayern Munich,FC Koln,0.8716,0.0894,0.0384,H,H,1
2024-04-13,EPL,Newcastle,Tottenham,0.6441,0.1817,0.1742,H,H,1
2024-04-13,Bundesliga,M'gladbach,Dortmund,0.248,0.1991,0.5529,A,A,1
2024-04-13,Bundesliga,RB Leipzig,Wolfsburg,0.4896,0.2437,0.2667,H,H,1
2024-04-13,EPL,Brentford,Sheffield United,0.8163,0.1142,0.069,H,H,1
2024-04-13,EPL,Burnley,Brighton,0.2274,0.2129,0.5597,A,D,0
2024-04-13,LaLiga,Mallorca,Real Madrid,0.1555,0.2456,0.5989,A,A,1
2024-04-13,LaLiga,Vallecano,Getafe,0.3777,0.3356,0.2867,H,D,0
2024-04-13,Bundesliga,Stuttgart,Ein Frankfurt,0.4161,0.2271,0.3568,H,H,1
2024-04-13,Bundesliga,Mainz,Hoffenheim,0.5843,0.2123,0.2034,H,H,1
2024-04-14,SerieA,Sassuolo,Milan,0.1426,0.1787,0.6786,A,D,0
2024-04-14,Bundesliga,Darmstadt,Freiburg,0.1154,0.1859,0.6986,A,A,1
2024-04-14,Bundesliga,Leverkusen,Werder Bremen,0.6166,0.2013,0.1821,H,H,1
2024-04-14,SerieA,Napoli,Frosinone,0.7441,0.1737,0.0821,H,D,0
2024-04-14,Ligue1,Clermont,Montpellier,0.4852,0.2936,0.2212,H,D,0
2024-04-14,Ligue1,Le Havre,Nantes,0.3748,0.2624,0.3627,H,A,0
2024-04-14,SerieA,Inter,Cagliari,0.7441,0.1646,0.0913,H,D,0
2024-04-14,LaLiga,Las Palmas,Sevilla,0.3187,0.2852,0.3962,A,A,1
2024-04-14,LaLiga,Granada,Alaves,0.2267,0.2839,0.4893,A,H,0
2024-04-14,LaLiga,Ath Bilbao,Villarreal,0.4635,0.2749,0.2616,H,D,0
2024-04-14,LaLiga,Sociedad,Almeria,0.4374,0.2649,0.2977,H,D,0
2024-04-14,EPL,West Ham,Fulham,0.345,0.2595,0.3956,A,A,1
2024-04-14,EPL,Liverpool,Crystal Palace,0.5965,0.2078,0.1957,H,A,0
2024-04-14,Ligue1,Lyon,Brest,0.5817,0.1984,0.2199,H,H,1
2024-04-14,EPL,Arsenal,Aston Villa,0.5554,0.2476,0.197,H,A,0
2024-04-15,LaLiga,Osasuna,Valencia,0.4199,0.2758,0.3043,H,A,0
2024-04-15,SerieA,Fiorentina,Genoa,0.527,0.2582,0.2148,H,D,0
2024-04-15,SerieA,Atalanta,Verona,0.7714,0.1551,0.0734,H,D,0
2024-04-15,EPL,Chelsea,Everton,0.4513,0.303,0.2457,H,H,1
2024-04-19,SerieA,Genoa,Lazio,0.3028,0.2814,0.4158,A,A,1
2024-04-19,SerieA,Cagliari,Juventus,0.2167,0.26,0.5233,A,D,0
2024-04-19,Bundesliga,Ein Frankfurt,Augsburg,0.6032,0.2314,0.1655,H,H,1
2024-04-19,LaLiga,Ath Bilbao,Granada,0.7724,0.1623,0.0653,H,D,0
2024-04-19,Ligue1,Nice,Lorient,0.7054,0.1729,0.1217,H,H,1
2024-04-20,LaLiga,Valencia,Betis,0.3346,0.2589,0.4065,A,A,1
2024-04-20,EPL,Wolves,Arsenal,0.1619,0.2205,0.6176,A,A,1
2024-04-20,LaLiga,Girona,Cadiz,0.5244,0.2756,0.2,H,H,1
2024-04-20,LaLiga,Vallecano,Osasuna,0.3415,0.3007,0.3577,A,H,0
2024-04-20,LaLiga,Celta,Las Palmas,0.5923,0.2229,0.1848,H,H,1
2024-04-20,SerieA,Empoli,Napoli,0.1177,0.2309,0.6513,A,H,0
2024-04-20,SerieA,Verona,Udinese,0.3256,0.3032,0.3712,A,H,0
2024-04-20,Bundesliga,Wolfsburg,Bochum,0.5729,0.2323,0.1948,H,H,1
2024-04-20,Bundesliga,Hoffenheim,M'gladbach,0.3683,0.218,0.4136,A,H,0
2024-04-20,Bundesliga,Heidenheim,RB Leipzig,0.234,0.2474,0.5187,A,A,1
2024-04-20,Bundesliga,FC Koln,Darmstadt,0.5904,0.244,0.1656,H,A,0
2024-04-20,Ligue1,Nantes,Rennes,0.2923,0.2645,0.4433,A,A,1
2024-04-20,Ligue1,Lens,Clermont,0.6096,0.2473,0.1432,H,H,1
2024-04-20,Bundesliga,Union Berlin,Bayern Munich,0.0913,0.1519,0.7567,A,A,1
2024-04-20,EPL,Sheffield United,Burnley,0.2701,0.2298,0.5,A,A,1
2024-04-20,EPL,Luton,Brentford,0.2232,0.1916,0.5851,A,A,1
2024-04-21,Bundesliga,Freiburg,Mainz,0.3234,0.2621,0.4145,A,D,0
2024-04-21,Bundesliga,Dortmund,Leverkusen,0.4004,0.224,0.3756,H,D,0
2024-04-21,EPL,Aston Villa,Bournemouth,0.4354,0.2668,0.2978,H,H,1
2024-04-21,EPL,Crystal Palace,West Ham,0.5211,0.2437,0.2352,H,H,1
2024-04-21,EPL,Fulham,Liverpool,0.226,0.2166,0.5574,A,A,1
2024-04-21,LaLiga,Getafe,Sociedad,0.3684,0.3339,0.2976,H,D,0
2024-04-21,LaLiga,Almeria,Villarreal,0.1972,0.1876,0.6151,A,A,1
2024-04-21,LaLiga,Alaves,Ath Madrid,0.1737,0.2784,0.548,A,H,0
2024-04-21,LaLiga,Real Madrid,Barcelona,0.3857,0.2245,0.3897,A,H,0
2024-04-21,SerieA,Salernitana,Fiorentina,0.1209,0.1764,0.7026,A,A,1
2024-04-21,EPL,Everton,Nott'm Forest,0.3731,0.3069,0.3201,H,H,1
2024-04-21,SerieA,Monza,Atalanta,0.0639,0.1357,0.8002,A,A,1
2024-04-21,Ligue1,Le Havre,Metz,0.4419,0.2452,0.3129,H,A,0
2024-04-21,Ligue1,Lille,Strasbourg,0.4267,0.2809,0.2924,H,H,1
2024-04-21,SerieA,Sassuolo,Lecce,0.3877,0.2887,0.3236,H,A,0
2024-04-21,SerieA,Torino,Frosinone,0.4996,0.2775,0.2228,H,D,0
2024-04-21,Ligue1,Paris SG,Lyon,0.631,0.1804,0.1886,H,H,1
2024-04-21,Bundesliga,Werder Bremen,Stuttgart,0.3372,0.2293,0.4335,A,H,0
2024-04-21,Ligue1,Toulouse,Marseille,0.3083,0.2371,0.4546,A,D,0
2024-04-21,Ligue1,Brest,Monaco,0.2698,0.2217,0.5085,A,A,1
2024-04-21,Ligue1,Reims,Montpellier,0.538,0.2978,0.1642,H,A,0
2024-04-22,LaLiga,Sevilla,Mallorca,0.3783,0.3178,0.3039,H,H,1
2024-04-22,SerieA,Roma,Bologna,0.5117,0.2628,0.2255,H,A,0
2024-04-22,SerieA,Milan,Inter,0.2732,0.2437,0.4831,A,A,1
2024-04-23,EPL,Arsenal,Chelsea,0.5106,0.2662,0.2232,H,H,1
2024-04-24,EPL,Everton,Liverpool,0.2509,0.2673,0.4818,A,H,0
2024-04-24,Ligue1,Monaco,Lille,0.4261,0.2653,0.3085,H,H,1
2024-04-24,EPL,Wolves,Bournemouth,0.3122,0.2595,0.4283,A,A,1
2024-04-24,EPL,Crystal Palace,Newcastle,0.322,0.2458,0.4322,A,H,0
2024-04-24,EPL,Man United,Sheffield United,0.6923,0.1819,0.1258,H,H,1
2024-04-24,Ligue1,Marseille,Nice,0.4001,0.2302,0.3697,H,D,0
2024-04-24,Ligue1,Lorient,Paris SG,0.0951,0.1346,0.77,A,A,1
2024-04-25,EPL,Brighton,Man City,0.2463,0.223,0.5307,A,A,1
2024-04-25,SerieA,Udinese,Roma,0.1553,0.2461,0.5986,A,A,1
2024-04-26,SerieA,Frosinone,Salernitana,0.4976,0.2398,0.2625,H,H,1
2024-04-26,Ligue1,Montpellier,Nantes,0.1888,0.2765,0.5347,A,D,0
2024-04-26,Bundesliga,Bochum,Hoffenheim,0.3131,0.2387,0.4482,A,H,0
2024-04-26,LaLiga,Sociedad,Real Madrid,0.1527,0.225,0.6223,A,A,1
2024-04-27,SerieA,Lazio,Verona,0.6338,0.2255,0.1408,H,H,1
2024-04-27,SerieA,Juventus,Milan,0.4187,0.2653,0.3159,H,D,0
2024-04-27,SerieA,Lecce,Monza,0.4478,0.313,0.2392,H,D,0
2024-04-27,LaLiga,Alaves,Celta,0.3252,0.2906,0.3843,A,H,0
2024-04-27,LaLiga,Las Palmas,Girona,0.3295,0.271,0.3995,A,A,1
2024-04-27,LaLiga,Almeria,Getafe,0.362,0.2781,0.3599,H,A,0
2024-04-27,LaLiga,Ath Madrid,Ath Bilbao,0.4024,0.3166,0.281,H,H,1
2024-04-27,EPL,West Ham,Liverpool,0.1745,0.1981,0.6274,A,D,0
2024-04-27,EPL,Everton,Brentford,0.3662,0.2885,0.3453,H,H,1
2024-04-27,Bundesliga,Leverkusen,Stuttgart,0.5369,0.2124,0.2507,H,D,0
2024-04-27,Bundesliga,RB Leipzig,Dortmund,0.3172,0.2262,0.4566,A,H,0
2024-04-27,Bundesliga,Freiburg,Wolfsburg,0.4152,0.2549,0.33,H,A,0
2024-04-27,EPL,Fulham,Crystal Palace,0.3673,0.2603,0.3724,A,D,0
2024-04-27,Ligue1,Paris SG,Le Havre,0.8474,0.0943,0.0569,H,D,0
2024-04-27,Bundesliga,Augsburg,Werder Bremen,0.2964,0.2792,0.4244,A,A,1
2024-04-27,Bundesliga,Bayern Munich,Ein Frankfurt,0.6675,0.1748,0.1576,H,H,1
2024-04-27,EPL,Aston Villa,Chelsea,0.3668,0.2721,0.3611,H,D,0
2024-04-27,EPL,Man United,Burnley,0.5229,0.2483,0.2287,H,D,0
2024-04-27,EPL,Wolves,Luton,0.5406,0.206,0.2534,H,H,1
2024-04-27,EPL,Newcastle,Sheffield United,0.8711,0.0843,0.0433,H,H,1
2024-04-28,Bundesliga,M'gladbach,Union Berlin,0.5033,0.2424,0.2543,H,D,0
2024-04-28,SerieA,Atalanta,Empoli,0.7866,0.1425,0.0708,H,H,1
2024-04-28,Ligue1,Metz,Lille,0.1876,0.2497,0.5626,A,A,1
2024-04-28,Ligue1,Clermont,Reims,0.2919,0.3355,0.3727,A,H,0
2024-04-28,Ligue1,Lorient,Toulouse,0.2818,0.2525,0.4656,A,A,1
2024-04-28,Ligue1,Strasbourg,Nice,0.3372,0.262,0.4008,A,A,1
2024-04-28,Ligue1,Rennes,Brest,0.4858,0.2255,0.2886,H,A,0
2024-04-28,Bundesliga,Mainz,FC Koln,0.6328,0.2247,0.1424,H,D,0
2024-04-28,Bundesliga,Darmstadt,Heidenheim,0.1896,0.2475,0.5629,A,A,1
2024-04-28,Ligue1,Lyon,Monaco,0.3997,0.2303,0.37,H,H,1
2024-04-28,EPL,Tottenham,Arsenal,0.1637,0.2028,0.6335,A,A,1
2024-04-28,SerieA,Bologna,Udinese,0.5943,0.2292,0.1764,H,D,0
2024-04-28,SerieA,Napoli,Roma,0.3819,0.3209,0.2972,H,D,0
2024-04-28,SerieA,Fiorentina,Sassuolo,0.7336,0.1597,0.1066,H,H,1
2024-04-28,Ligue1,Marseille,Lens,0.5083,0.239,0.2527,H,H,1
2024-04-28,EPL,Bournemouth,Brighton,0.4271,0.2441,0.3288,H,H,1
2024-04-28,SerieA,Inter,Torino,0.669,0.218,0.1129,H,H,1
2024-04-28,EPL,Nott'm Forest,Man City,0.2448,0.2493,0.5058,A,A,1
2024-04-28,LaLiga,Cadiz,Mallorca,0.2391,0.3622,0.3987,A,D,0
2024-04-28,LaLiga,Granada,Osasuna,0.1914,0.225,0.5835,A,H,0
2024-04-28,LaLiga,Villarreal,Vallecano,0.5797,0.2317,0.1886,H,H,1
2024-04-28,LaLiga,Betis,Sevilla,0.5422,0.2337,0.2242,H,D,0
2024-04-29,SerieA,Genoa,Cagliari,0.4374,0.2844,0.2782,H,H,1
2024-04-29,LaLiga,Barcelona,Valencia,0.7412,0.1548,0.1039,H,H,1
2024-05-02,EPL,Chelsea,Tottenham,0.597,0.2102,0.1928,H,H,1
2024-05-03,Bundesliga,Hoffenheim,RB Leipzig,0.2905,0.2249,0.4846,A,D,0
2024-05-03,EPL,Luton,Everton,0.2502,0.2503,0.4995,A,D,0
2024-05-03,Ligue1,Lens,Lorient,0.5582,0.242,0.1999,H,H,1
2024-05-03,Ligue1,Toulouse,Montpellier,0.711,0.1943,0.0947,H,A,0
2024-05-03,LaLiga,Getafe,Ath Bilbao,0.1805,0.3266,0.4929,A,A,1
2024-05-03,SerieA,Torino,Bologna,0.2791,0.2936,0.4273,A,D,0
2024-05-04,EPL,Brentford,Fulham,0.4854,0.2369,0.2776,H,D,0
2024-05-04,EPL,Burnley,Newcastle,0.1563,0.1915,0.6521,A,A,1
2024-05-04,Ligue1,Brest,Nantes,0.4809,0.2511,0.2681,H,D,0
2024-05-04,Ligue1,Metz,Rennes,0.2457,0.2397,0.5146,A,A,1
2024-05-04,Ligue1,Monaco,Clermont,0.7445,0.166,0.0895,H,H,1
2024-05-04,Ligue1,Le Havre,Strasbourg,0.2278,0.2269,0.5453,A,H,0
2024-05-04,EPL,Man City,Wolves,0.6931,0.182,0.1248,H,H,1
2024-05-04,Bundesliga,FC Koln,Freiburg,0.2552,0.2641,0.4807,A,D,0
2024-05-04,Bundesliga,Werder Bremen,M'gladbach,0.4605,0.2279,0.3116,H,D,0
2024-05-04,Bundesliga,Stuttgart,Bayern Munich,0.2084,0.1884,0.6032,A,H,0
2024-05-04,Bundesliga,Dortmund,Augsburg,0.6699,0.196,0.1341,H,H,1
2024-05-04,SerieA,Sassuolo,Inter,0.0727,0.1314,0.7957,A,H,0
2024-05-04,EPL,Sheffield United,Nott'm Forest,0.1236,0.173,0.7033,A,A,1
2024-05-04,EPL,Arsenal,Bournemouth,0.5793,0.2447,0.176,H,H,1
2024-05-04,Bundesliga,Wolfsburg,Darmstadt,0.7639,0.1552,0.0809,H,H,1
2024-05-04,LaLiga,Sociedad,Las Palmas,0.4459,0.3006,0.2534,H,H,1
2024-05-04,LaLiga,Real Madrid,Cadiz,0.7957,0.1472,0.057,H,H,1
2024-05-04,SerieA,Monza,Lazio,0.1285,0.2063,0.6652,A,D,0
2024-05-04,LaLiga,Girona,Barcelona,0.1134,0.1492,0.7372,A,H,0
2024-05-04,LaLiga,Mallorca,Ath Madrid,0.1601,0.2692,0.5707,A,A,1
2024-05-05,Bundesliga,Heidenheim,Mainz,0.2201,0.2556,0.5243,A,D,0
2024-05-05,LaLiga,Vallecano,Almeria,0.4612,0.2634,0.2754,H,A,0
2024-05-05,SerieA,Roma,Juventus,0.4392,0.2964,0.2644,H,D,0
2024-05-05,SerieA,Milan,Genoa,0.5499,0.2456,0.2045,H,D,0
2024-05-05,EPL,Chelsea,West Ham,0.5894,0.2306,0.18,H,H,1
2024-05-05,EPL,Brighton,Aston Villa,0.3805,0.2402,0.3793,H,H,1
2024-05-05,LaLiga,Sevilla,Granada,0.5948,0.2222,0.183,H,H,1
2024-05-05,EPL,Liverpool,Tottenham,0.7217,0.1507,0.1273,H,H,1
2024-05-05,LaLiga,Valencia,Alaves,0.3927,0.3215,0.2858,H,A,0
2024-05-05,LaLiga,Celta,Villarreal,0.3246,0.2202,0.4552,A,H,0
2024-05-05,LaLiga,Osasuna,Betis,0.3585,0.2551,0.3864,A,A,1
2024-05-05,SerieA,Verona,Fiorentina,0.1684,0.2411,0.5905,A,H,0
2024-05-05,SerieA,Empoli,Frosinone,0.3964,0.2726,0.331,H,D,0
2024-05-05,SerieA,Cagliari,Lecce,0.4744,0.2937,0.2318,H,D,0
2024-05-05,Bundesliga,Ein Frankfurt,Leverkusen,0.3426,0.2362,0.4212,A,A,1
2024-05-05,Bundesliga,Union Berlin,Bochum,0.4695,0.2734,0.2571,H,A,0
2024-05-06,SerieA,Salernitana,Atalanta,0.067,0.1229,0.8098,A,A,1
2024-05-06,SerieA,Udinese,Napoli,0.1492,0.2519,0.5989,A,D,0
2024-05-06,EPL,Crystal Palace,Man United,0.4834,0.2609,0.2558,H,H,1
2024-05-06,Ligue1,Lille,Lyon,0.4177,0.2556,0.3267,H,A,0
2024-05-10,LaLiga,Alaves,Girona,0.4047,0.3006,0.2947,H,D,0
2024-05-10,SerieA,Frosinone,Inter,0.0834,0.1498,0.7667,A,A,1
2024-05-10,Ligue1,Brest,Reims,0.4944,0.271,0.2346,H,D,0
2024-05-10,Ligue1,Nice,Le Havre,0.7164,0.1646,0.1189,H,H,1
2024-05-10,Bundesliga,Augsburg,Stuttgart,0.2306,0.2486,0.5208,A,A,1
2024-05-11,LaLiga,Ath Bilbao,Osasuna,0.5428,0.2808,0.1764,H,D,0
2024-05-11,LaLiga,Mallorca,Las Palmas,0.4302,0.3215,0.2483,H,H,1
2024-05-11,LaLiga,Villarreal,Sevilla,0.6277,0.2005,0.1718,H,H,1
2024-05-11,Bundesliga,Freiburg,Heidenheim,0.5283,0.2465,0.2252,H,D,0
2024-05-11,Bundesliga,M'gladbach,Ein Frankfurt,0.2948,0.2221,0.4831,A,D,0
2024-05-11,Bundesliga,RB Leipzig,Werder Bremen,0.4639,0.2411,0.295,H,D,0
2024-05-11,Bundesliga,Mainz,Dortmund,0.3326,0.2385,0.4288,A,H,0
2024-05-11,LaLiga,Granada,Real Madrid,0.061,0.1141,0.8246,A,A,1
2024-05-11,Bundesliga,FC Koln,Union Berlin,0.3198,0.2978,0.3824,A,H,0
2024-05-11,EPL,Bournemouth,Brentford,0.4009,0.2548,0.3442,H,A,0
2024-05-11,SerieA,Napoli,Bologna,0.5151,0.2691,0.2158,H,A,0
2024-05-11,EPL,Tottenham,Burnley,0.5572,0.2122,0.2306,H,H,1
2024-05-11,EPL,Newcastle,Brighton,0.5446,0.2091,0.2464,H,D,0
2024-05-11,EPL,Nott'm Forest,Chelsea,0.3287,0.2719,0.3994,A,A,1
2024-05-11,EPL,Fulham,Man City,0.2129,0.2343,0.5528,A,A,1
2024-05-11,EPL,West Ham,Luton,0.5165,0.2158,0.2677,H,H,1
2024-05-11,EPL,Wolves,Crystal Palace,0.3198,0.2526,0.4276,A,A,1
2024-05-11,EPL,Everton,Sheffield United,0.7161,0.1854,0.0985,H,H,1
2024-05-11,SerieA,Milan,Cagliari,0.6233,0.2091,0.1676,H,H,1
2024-05-12,Ligue1,Rennes,Lens,0.3999,0.2714,0.3287,H,D,0
2024-05-12,LaLiga,Betis,Almeria,0.6166,0.1943,0.1891,H,H,1
2024-05-12,Ligue1,Nantes,Lille,0.2256,0.2822,0.4922,A,A,1
2024-05-12,LaLiga,Valencia,Vallecano,0.4051,0.3029,0.292,H,D,0
2024-05-12,Ligue1,Marseille,Lorient,0.7142,0.1568,0.1289,H,H,1
2024-05-12,Ligue1,Clermont,Lyon,0.1406,0.198,0.6614,A,A,1
2024-05-12,LaLiga,Ath Madrid,Celta,0.6364,0.2014,0.1622,H,H,1
2024-05-12,Ligue1,Strasbourg,Metz,0.6247,0.2186,0.1568,H,H,1
2024-05-12,Ligue1,Paris SG,Toulouse,0.6919,0.1764,0.1317,H,A,0
2024-05-12,Ligue1,Montpellier,Monaco,0.0741,0.1524,0.7735,A,A,1
2024-05-12,LaLiga,Cadiz,Getafe,0.2392,0.3493,0.4114,A,H,0
2024-05-12,SerieA,Atalanta,Roma,0.4204,0.274,0.3056,H,H,1
2024-05-12,EPL,Man United,Arsenal,0.1716,0.2458,0.5826,A,A,1
2024-05-12,Bundesliga,Bayern Munich,Wolfsburg,0.7785,0.1345,0.0867,H,H,1
2024-05-12,Bundesliga,Bochum,Leverkusen,0.1152,0.1742,0.7106,A,A,1
2024-05-12,Bundesliga,Darmstadt,Hoffenheim,0.1435,0.1861,0.6703,A,A,1
2024-05-12,SerieA,Juventus,Salernitana,0.7708,0.1522,0.0769,H,D,0
2024-05-12,SerieA,Verona,Torino,0.2663,0.3295,0.4042,A,A,1
2024-05-12,SerieA,Genoa,Sassuolo,0.5657,0.2388,0.1955,H,H,1
2024-05-12,SerieA,Lazio,Empoli,0.6479,0.2123,0.1398,H,H,1
2024-05-13,SerieA,Fiorentina,Monza,0.7666,0.1562,0.0772,H,H,1
2024-05-13,EPL,Aston Villa,Liverpool,0.2996,0.2368,0.4635,A,D,0
2024-05-13,SerieA,Lecce,Udinese,0.3135,0.3182,0.3682,A,A,1
2024-05-13,LaLiga,Barcelona,Sociedad,0.7634,0.1514,0.0851,H,H,1
2024-05-14,LaLiga,Osasuna,Mallorca,0.4381,0.3082,0.2537,H,D,0
2024-05-14,LaLiga,Real Madrid,Alaves,0.6491,0.2248,0.126,H,H,1
2024-05-14,EPL,Tottenham,Man City,0.1773,0.1961,0.6265,A,A,1
2024-05-14,LaLiga,Girona,Villarreal,0.2284,0.2106,0.561,A,A,1
2024-05-15,LaLiga,Getafe,Ath Madrid,0.1623,0.2599,0.5778,A,A,1
2024-05-15,LaLiga,Celta,Ath Bilbao,0.2471,0.2793,0.4735,A,H,0
2024-05-15,LaLiga,Vallecano,Granada,0.5842,0.2424,0.1734,H,H,1
2024-05-15,LaLiga,Sevilla,Cadiz,0.5135,0.2912,0.1954,H,A,0
2024-05-15,EPL,Brighton,Chelsea,0.3392,0.2456,0.4152,A,A,1
2024-05-15,Ligue1,Reims,Marseille,0.1916,0.2422,0.5662,A,H,0
2024-05-15,Ligue1,Nice,Paris SG,0.305,0.2276,0.4674,A,A,1
2024-05-15,EPL,Man United,Newcastle,0.2462,0.2426,0.5112,A,H,0
2024-05-16,LaLiga,Sociedad,Valencia,0.3377,0.3039,0.3585,A,H,0
2024-05-16,LaLiga,Las Palmas,Betis,0.2221,0.2432,0.5347,A,D,0
2024-05-16,LaLiga,Almeria,Barcelona,0.0897,0.1219,0.7878,A,A,1
2024-05-17,SerieA,Fiorentina,Napoli,0.2992,0.2888,0.412,A,D,0
2024-05-18,Bundesliga,Heidenheim,FC Koln,0.4287,0.2864,0.2849,H,H,1
2024-05-18,Bundesliga,Ein Frankfurt,RB Leipzig,0.4824,0.2352,0.2823,H,D,0
2024-05-18,SerieA,Lecce,Atalanta,0.1064,0.203,0.6906,A,A,1
2024-05-18,Bundesliga,Dortmund,Darmstadt,0.9129,0.0607,0.0241,H,H,1
2024-05-18,Bundesliga,Wolfsburg,Mainz,0.3205,0.2642,0.4154,A,A,1
2024-05-18,Bundesliga,Werder Bremen,Bochum,0.6132,0.2139,0.1729,H,H,1
2024-05-18,Bundesliga,Union Berlin,Freiburg,0.3205,0.2729,0.4066,A,H,0
2024-05-18,Bundesliga,Stuttgart,M'gladbach,0.5713,0.1984,0.2303,H,H,1
2024-05-18,Bundesliga,Leverkusen,Augsburg,0.6752,0.2026,0.1222,H,H,1
2024-05-18,Bundesliga,Hoffenheim,Bayern Munich,0.0887,0.1209,0.7897,A,H,0
2024-05-18,LaLiga,Alaves,Getafe,0.3647,0.3561,0.2792,H,H,1
2024-05-18,SerieA,Torino,Milan,0.2479,0.277,0.4751,A,H,0
2024-05-19,SerieA,Udinese,Empoli,0.4517,0.2816,0.2667,H,D,0
2024-05-19,SerieA,Monza,Frosinone,0.3014,0.2721,0.4265,A,A,1
2024-05-19,SerieA,Sassuolo,Cagliari,0.3035,0.2488,0.4477,A,A,1
2024-05-19,SerieA,Inter,Lazio,0.6069,0.2191,0.174,H,D,0
2024-05-19,SerieA,Roma,Genoa,0.5804,0.2615,0.1581,H,H,1
2024-05-19,LaLiga,Villarreal,Real Madrid,0.3065,0.2245,0.469,A,D,0
2024-05-19,EPL,Luton,Fulham,0.2821,0.2167,0.5012,A,A,1
2024-05-19,LaLiga,Betis,Sociedad,0.5261,0.2548,0.2192,H,A,0
2024-05-19,Ligue1,Toulouse,Brest,0.4492,0.2471,0.3037,H,A,0
2024-05-19,Ligue1,Reims,Rennes,0.2555,0.2869,0.4577,A,H,0
2024-05-19,Ligue1,Monaco,Nantes,0.6264,0.2166,0.1569,H,H,1
2024-05-19,Ligue1,Metz,Paris SG,0.0893,0.1402,0.7703,A,A,1
2024-05-19,Ligue1,Lyon,Strasbourg,0.4518,0.2405,0.3077,H,H,1
2024-05-19,EPL,Sheffield United,Tottenham,0.1708,0.177,0.652,A,A,1
2024-05-19,EPL,Man City,West Ham,0.6969,0.1842,0.1189,H,H,1
2024-05-19,Ligue1,Lorient,Clermont,0.4997,0.2572,0.2431,H,H,1
2024-05-19,EPL,Liverpool,Wolves,0.7057,0.1657,0.1285,H,H,1
2024-05-19,EPL,Crystal Palace,Aston Villa,0.37,0.2637,0.3663,H,H,1
2024-05-19,EPL,Chelsea,Bournemouth,0.4663,0.2689,0.2648,H,H,1
2024-05-19,EPL,Burnley,Nott'm Forest,0.2293,0.2395,0.5312,A,A,1
2024-05-19,EPL,Brighton,Man United,0.5049,0.2359,0.2592,H,A,0
2024-05-19,EPL,Brentford,Newcastle,0.3443,0.2337,0.422,A,A,1
2024-05-19,EPL,Arsenal,Everton,0.5527,0.2795,0.1678,H,H,1
2024-05-19,Ligue1,Le Havre,Marseille,0.1844,0.1796,0.6358,A,A,1
2024-05-19,LaLiga,Cadiz,Las Palmas,0.3041,0.3323,0.3636,A,D,0
2024-05-19,Ligue1,Lens,Montpellier,0.7094,0.2014,0.0892,H,D,0
2024-05-19,Ligue1,Lille,Nice,0.3635,0.2766,0.3599,H,D,0
2024-05-19,LaLiga,Valencia,Girona,0.4591,0.2587,0.2822,H,A,0
2024-05-19,LaLiga,Ath Bilbao,Sevilla,0.602,0.2581,0.1399,H,H,1
2024-05-19,LaLiga,Ath Madrid,Osasuna,0.6296,0.2185,0.1519,H,A,0
2024-05-19,LaLiga,Barcelona,Vallecano,0.7384,0.1646,0.097,H,H,1
2024-05-19,LaLiga,Mallorca,Almeria,0.4251,0.2827,0.2922,H,D,0
2024-05-19,LaLiga,Granada,Celta,0.1701,0.1927,0.6372,A,A,1
2024-05-20,SerieA,Bologna,Juventus,0.3469,0.2759,0.3772,A,D,0
2024-05-20,SerieA,Salernitana,Verona,0.3326,0.2825,0.3849,A,A,1
2024-05-23,SerieA,Cagliari,Fiorentina,0.2384,0.2457,0.5159,A,A,1
2024-05-24,LaLiga,Girona,Granada,0.6048,0.2099,0.1853,H,H,1
2024-05-24,SerieA,Genoa,Bologna,0.3003,0.2796,0.4201,A,H,0
2024-05-25,SerieA,Juventus,Monza,0.7594,0.1678,0.0728,H,H,1
2024-05-25,LaLiga,Osasuna,Villarreal,0.2962,0.2381,0.4657,A,D,0
2024-05-25,LaLiga,Sociedad,Ath Madrid,0.1583,0.2474,0.5943,A,A,1
2024-05-25,LaLiga,Almeria,Cadiz,0.5084,0.2678,0.2238,H,H,1
2024-05-25,SerieA,Milan,Salernitana,0.7979,0.1284,0.0734,H,D,0
2024-05-25,LaLiga,Vallecano,Ath Bilbao,0.1919,0.3233,0.4847,A,A,1
2024-05-25,LaLiga,Real Madrid,Betis,0.6251,0.198,0.1768,H,D,0
2024-05-26,SerieA,Frosinone,Udinese,0.3469,0.2698,0.3833,A,A,1
2024-05-26,SerieA,Empoli,Roma,0.1222,0.2253,0.6524,A,H,0
2024-05-26,SerieA,Verona,Inter,0.0893,0.1828,0.7279,A,D,0
2024-05-26,SerieA,Napoli,Lecce,0.6865,0.2267,0.0867,H,D,0
2024-05-26,SerieA,Atalanta,Torino,0.643,0.2237,0.1333,H,H,1
2024-05-26,SerieA,Lazio,Sassuolo,0.7002,0.175,0.1248,H,D,0
2024-05-26,LaLiga,Getafe,Mallorca,0.3544,0.3562,0.2893,D,A,0
2024-05-26,LaLiga,Las Palmas,Alaves,0.2873,0.3297,0.3829,A,D,0
2024-05-26,LaLiga,Sevilla,Barcelona,0.1216,0.1653,0.7131,A,A,1
2024-05-26,LaLiga,Celta,Valencia,0.4623,0.2486,0.2892,H,D,0
2024-06-02,SerieA,Atalanta,Fiorentina,0.5382,0.2303,0.2315,H,A,0
2024-08-15,LaLiga,Ath Bilbao,Getafe,0.5589,0.3001,0.141,H,D,0
2024-08-15,LaLiga,Betis,Girona,0.5632,0.2183,0.2184,H,D,0
2024-08-16,EPL,Man United,Fulham,0.3655,0.2708,0.3637,H,H,1
2024-08-16,Ligue1,Le Havre,Paris SG,0.0919,0.127,0.7806,A,A,1
2024-08-16,LaLiga,Las Palmas,Sevilla,0.3187,0.2852,0.3962,A,D,0
2024-08-16,LaLiga,Celta,Alaves,0.4593,0.2811,0.2596,H,H,1
2024-08-17,LaLiga,Valencia,Barcelona,0.151,0.1874,0.6616,A,A,1
2024-08-17,Ligue1,Reims,Lille,0.198,0.3053,0.4967,A,A,1
2024-08-17,EPL,West Ham,Aston Villa,0.27,0.2537,0.4763,A,A,1
2024-08-17,EPL,Nott'm Forest,Bournemouth,0.3948,0.2714,0.3338,H,D,0
2024-08-17,EPL,Newcastle,Southampton,0.852,0.1045,0.0432,H,H,1
2024-08-17,EPL,Everton,Brighton,0.3899,0.2771,0.333,H,A,0
2024-08-17,SerieA,Empoli,Monza,0.4816,0.2809,0.2375,H,D,0
2024-08-17,EPL,Arsenal,Wolves,0.6948,0.1889,0.1162,H,H,1
2024-08-17,EPL,Ipswich,Liverpool,0.0676,0.117,0.815,A,A,1
2024-08-17,SerieA,Genoa,Inter,0.1632,0.2391,0.5977,A,D,0
2024-08-17,SerieA,Parma,Fiorentina,0.2582,0.2533,0.4884,A,D,0
2024-08-17,LaLiga,Osasuna,Leganes,0.4786,0.2656,0.2557,H,D,0
2024-08-17,SerieA,Milan,Torino,0.5526,0.2564,0.1911,H,D,0
2024-08-17,Ligue1,Brest,Marseille,0.2799,0.207,0.5131,A,A,1
2024-08-17,Ligue1,Monaco,St Etienne,0.7627,0.1374,0.0996,H,H,1
2024-08-18,SerieA,Verona,Napoli,0.1186,0.246,0.6354,A,H,0
2024-08-18,SerieA,Cagliari,Roma,0.1744,0.2488,0.5768,A,D,0
2024-08-18,Ligue1,Montpellier,Strasbourg,0.1008,0.1963,0.7029,A,D,0
2024-08-18,Ligue1,Toulouse,Nantes,0.4853,0.2755,0.2392,H,D,0
2024-08-18,Ligue1,Rennes,Lyon,0.3488,0.2296,0.4216,A,H,0
2024-08-18,LaLiga,Sociedad,Vallecano,0.3479,0.3276,0.3245,H,A,0
2024-08-18,Ligue1,Auxerre,Nice,0.2681,0.2488,0.4831,A,H,0
2024-08-18,LaLiga,Mallorca,Real Madrid,0.1555,0.2456,0.5989,A,D,0
2024-08-18,Ligue1,Angers,Lens,0.2281,0.3056,0.4663,A,A,1
2024-08-18,EPL,Chelsea,Man City,0.31,0.2686,0.4214,A,A,1
2024-08-18,SerieA,Bologna,Udinese,0.5943,0.2292,0.1764,H,D,0
2024-08-18,SerieA,Lazio,Venezia,0.6109,0.2343,0.1548,H,H,1
2024-08-18,EPL,Brentford,Crystal Palace,0.437,0.2454,0.3176,H,H,1
2024-08-19,LaLiga,Villarreal,Ath Madrid,0.3091,0.2404,0.4504,A,D,0
2024-08-19,LaLiga,Valladolid,Espanol,0.1339,0.2184,0.6477,A,H,0
2024-08-19,EPL,Leicester,Tottenham,0.2014,0.2224,0.5762,A,D,0
2024-08-19,SerieA,Lecce,Atalanta,0.1064,0.203,0.6906,A,A,1
2024-08-19,SerieA,Juventus,Como,0.4877,0.2685,0.2438,H,H,1
2024-08-23,LaLiga,Celta,Valencia,0.4623,0.2486,0.2892,H,H,1
2024-08-23,LaLiga,Sevilla,Villarreal,0.2345,0.2253,0.5403,A,A,1
2024-08-23,Bundesliga,M'gladbach,Leverkusen,0.2226,0.2055,0.5719,A,A,1
2024-08-23,Ligue1,Paris SG,Montpellier,0.9232,0.056,0.0187,H,H,1
2024-08-24,Ligue1,Lille,Angers,0.6103,0.2523,0.1374,H,H,1
2024-08-24,Ligue1,St Etienne,Le Havre,0.389,0.2199,0.3911,A,A,1
2024-08-24,Ligue1,Lyon,Monaco,0.3997,0.2303,0.37,H,A,0
2024-08-24,Bundesliga,RB Leipzig,Bochum,0.6506,0.2026,0.1467,H,H,1
2024-08-24,LaLiga,Osasuna,Mallorca,0.4381,0.3082,0.2537,H,H,1
2024-08-24,Bundesliga,Mainz,Union Berlin,0.5618,0.2497,0.1885,H,D,0
2024-08-24,Bundesliga,Hoffenheim,Holstein Kiel,0.4923,0.2019,0.3058,H,H,1
2024-08-24,Bundesliga,Freiburg,Stuttgart,0.3077,0.2313,0.461,A,H,0
2024-08-24,Bundesliga,Augsburg,Werder Bremen,0.2964,0.2792,0.4244,A,D,0
2024-08-24,EPL,Aston Villa,Arsenal,0.2567,0.2677,0.4756,A,A,1
2024-08-24,EPL,Tottenham,Everton,0.3303,0.2749,0.3949,A,H,0
2024-08-24,EPL,Southampton,Nott'm Forest,0.1113,0.199,0.6897,A,A,1
2024-08-24,EPL,Man City,Ipswich,0.8562,0.0999,0.0435,H,H,1
2024-08-24,EPL,Fulham,Leicester,0.6682,0.2046,0.1272,H,H,1
2024-08-24,EPL,Crystal Palace,West Ham,0.5211,0.2437,0.2352,H,A,0
2024-08-24,EPL,Brighton,Man United,0.5049,0.2359,0.2592,H,H,1
2024-08-24,Bundesliga,Dortmund,Ein Frankfurt,0.4909,0.2161,0.2929,H,H,1
2024-08-24,LaLiga,Barcelona,Ath Bilbao,0.4798,0.2662,0.2541,H,H,1
2024-08-24,SerieA,Udinese,Lazio,0.237,0.2551,0.5079,A,H,0
2024-08-24,LaLiga,Espanol,Sociedad,0.4113,0.3109,0.2778,H,A,0
2024-08-24,LaLiga,Getafe,Vallecano,0.3469,0.3379,0.3153,H,D,0
2024-08-24,SerieA,Inter,Lecce,0.7769,0.1605,0.0625,H,H,1
2024-08-24,SerieA,Parma,Milan,0.247,0.2424,0.5106,A,H,0
2024-08-24,SerieA,Monza,Genoa,0.1911,0.2726,0.5363,A,A,1
2024-08-25,Ligue1,Strasbourg,Rennes,0.4595,0.2493,0.2912,H,H,1
2024-08-25,SerieA,Roma,Empoli,0.7214,0.1908,0.0878,H,A,0
2024-08-25,EPL,Bournemouth,Newcastle,0.3254,0.2535,0.4211,A,D,0
2024-08-25,EPL,Wolves,Chelsea,0.2511,0.2491,0.4999,A,A,1
2024-08-25,EPL,Liverpool,Brentford,0.593,0.1992,0.2077,H,H,1
2024-08-25,Ligue1,Marseille,Reims,0.6449,0.2138,0.1413,H,D,0
2024-08-25,Ligue1,Nice,Toulouse,0.5445,0.2415,0.2139,H,D,0
2024-08-25,Ligue1,Nantes,Auxerre,0.3172,0.2807,0.4021,A,H,0
2024-08-25,Ligue1,Lens,Brest,0.462,0.2565,0.2815,H,H,1
2024-08-25,LaLiga,Ath Madrid,Girona,0.7178,0.1741,0.108,H,H,1
2024-08-25,LaLiga,Alaves,Betis,0.298,0.2938,0.4082,A,D,0
2024-08-25,LaLiga,Leganes,Las Palmas,0.4577,0.2798,0.2625,H,H,1
2024-08-25,LaLiga,Real Madrid,Valladolid,0.9311,0.0495,0.0165,H,H,1
2024-08-25,Bundesliga,St Pauli,Heidenheim,0.3912,0.3414,0.2674,H,A,0
2024-08-25,SerieA,Napoli,Bologna,0.5151,0.2691,0.2158,H,H,1
2024-08-25,Bundesliga,Wolfsburg,Bayern Munich,0.1299,0.168,0.7021,A,A,1
2024-08-25,SerieA,Fiorentina,Venezia,0.6437,0.2198,0.1365,H,D,0
2024-08-25,SerieA,Torino,Atalanta,0.1794,0.2531,0.5675,A,H,0
2024-08-26,SerieA,Cagliari,Como,0.2945,0.266,0.4396,A,D,0
2024-08-26,SerieA,Verona,Juventus,0.1543,0.2554,0.5903,A,A,1
2024-08-26,LaLiga,Villarreal,Celta,0.5509,0.2054,0.2437,H,H,1
2024-08-27,LaLiga,Mallorca,Sevilla,0.3685,0.3185,0.313,H,D,0
2024-08-27,LaLiga,Vallecano,Barcelona,0.1391,0.1978,0.663,A,A,1
2024-08-28,LaLiga,Sociedad,Alaves,0.3374,0.3474,0.3152,D,A,0
2024-08-28,LaLiga,Ath Madrid,Espanol,0.6404,0.2236,0.136,H,D,0
2024-08-28,LaLiga,Valladolid,Leganes,0.1594,0.2234,0.6172,A,D,0
2024-08-28,LaLiga,Ath Bilbao,Valencia,0.5563,0.2798,0.1639,H,H,1
2024-08-29,LaLiga,Girona,Osasuna,0.3363,0.2601,0.4036,A,H,0
2024-08-29,LaLiga,Las Palmas,Real Madrid,0.1086,0.1808,0.7105,A,D,0
2024-08-30,Ligue1,Lyon,Strasbourg,0.4518,0.2405,0.3077,H,H,1
2024-08-30,SerieA,Inter,Atalanta,0.4617,0.2488,0.2894,H,H,1
2024-08-30,Bundesliga,Union Berlin,St Pauli,0.3463,0.3541,0.2997,D,H,0
2024-08-30,SerieA,Venezia,Torino,0.2844,0.3316,0.384,A,A,1
2024-08-31,SerieA,Bologna,Empoli,0.6531,0.2093,0.1375,H,D,0
2024-08-31,SerieA,Lecce,Cagliari,0.2908,0.3068,0.4024,A,H,0
2024-08-31,SerieA,Lazio,Milan,0.3683,0.2504,0.3812,A,D,0
2024-08-31,SerieA,Napoli,Parma,0.6267,0.2366,0.1367,H,H,1
2024-08-31,Bundesliga,Leverkusen,RB Leipzig,0.5668,0.2181,0.2151,H,A,0
2024-08-31,Bundesliga,Werder Bremen,Dortmund,0.2755,0.2163,0.5082,A,D,0
2024-08-31,Bundesliga,Bochum,M'gladbach,0.2567,0.2322,0.5111,A,A,1
2024-08-31,Bundesliga,Ein Frankfurt,Hoffenheim,0.6488,0.1809,0.1701,H,H,1
2024-08-31,Bundesliga,Holstein Kiel,Wolfsburg,0.3269,0.225,0.4482,A,A,1
2024-08-31,Bundesliga,Stuttgart,Mainz,0.4466,0.2412,0.3122,H,D,0
2024-08-31,EPL,West Ham,Man City,0.1665,0.2155,0.618,A,A,1
2024-08-31,EPL,Brentford,Southampton,0.7983,0.1359,0.0656,H,H,1
2024-08-31,EPL,Leicester,Aston Villa,0.1276,0.2084,0.664,A,A,1
2024-08-31,Ligue1,Toulouse,Marseille,0.3083,0.2371,0.4546,A,A,1
2024-08-31,Ligue1,Montpellier,Nantes,0.1888,0.2765,0.5347,A,A,1
2024-08-31,Ligue1,Brest,St Etienne,0.6115,0.1873,0.2011,H,H,1
2024-08-31,LaLiga,Valencia,Villarreal,0.2745,0.239,0.4865,A,D,0
2024-08-31,LaLiga,Leganes,Mallorca,0.3655,0.3218,0.3127,H,A,0
2024-08-31,EPL,Nott'm Forest,Wolves,0.5087,0.2421,0.2493,H,D,0
2024-08-31,LaLiga,Espanol,Vallecano,0.3878,0.3161,0.296,H,H,1
2024-08-31,LaLiga,Barcelona,Valladolid,0.9514,0.0278,0.009,H,H,1
2024-08-31,EPL,Arsenal,Brighton,0.6271,0.2062,0.1667,H,D,0
2024-08-31,EPL,Everton,Bournemouth,0.3626,0.3138,0.3237,H,A,0
2024-08-31,EPL,Ipswich,Fulham,0.1831,0.2173,0.5996,A,D,0
2024-08-31,LaLiga,Ath Bilbao,Ath Madrid,0.3433,0.321,0.3357,H,A,0
2024-09-01,LaLiga,Real Madrid,Betis,0.6251,0.198,0.1768,H,H,1
2024-09-01,EPL,Man United,Liverpool,0.196,0.2178,0.5862,A,A,1
2024-09-01,EPL,Newcastle,Tottenham,0.6441,0.1817,0.1742,H,H,1
2024-09-01,EPL,Chelsea,Crystal Palace,0.4789,0.2598,0.2613,H,D,0
2024-09-01,LaLiga,Getafe,Sociedad,0.3684,0.3339,0.2976,H,D,0
2024-09-01,LaLiga,Sevilla,Girona,0.4152,0.2603,0.3245,H,A,0
2024-09-01,SerieA,Fiorentina,Monza,0.7666,0.1562,0.0772,H,D,0
2024-09-01,SerieA,Genoa,Verona,0.5071,0.2902,0.2027,H,A,0
2024-09-01,Bundesliga,Bayern Munich,Freiburg,0.7795,0.1333,0.087,H,H,1
2024-09-01,SerieA,Udinese,Como,0.2648,0.2685,0.4667,A,H,0
2024-09-01,Ligue1,Monaco,Lens,0.4999,0.2565,0.2436,H,D,0
2024-09-01,Ligue1,Angers,Nice,0.1573,0.2403,0.6023,A,A,1
2024-09-01,Ligue1,Le Havre,Auxerre,0.2966,0.2393,0.4641,A,H,0
2024-09-01,Ligue1,Reims,Rennes,0.2555,0.2869,0.4577,A,H,0
2024-09-01,Ligue1,Lille,Paris SG,0.2661,0.2415,0.4924,A,A,1
2024-09-01,LaLiga,Osasuna,Celta,0.3916,0.2503,0.3581,H,H,1
2024-09-01,Bundesliga,Heidenheim,Augsburg,0.3493,0.3054,0.3453,H,H,1
2024-09-01,SerieA,Juventus,Roma,0.3279,0.3044,0.3677,A,D,0
2024-09-01,LaLiga,Alaves,Las Palmas,0.4503,0.3178,0.2319,H,H,1
2024-09-13,LaLiga,Betis,Leganes,0.5531,0.2328,0.2141,H,H,1
2024-09-13,Bundesliga,Dortmund,Heidenheim,0.7336,0.1588,0.1075,H,H,1
2024-09-13,Ligue1,St Etienne,Lille,0.1711,0.2073,0.6217,A,H,0
2024-09-14,Ligue1,Paris SG,Brest,0.7606,0.1354,0.1036,H,H,1
2024-09-14,LaLiga,Mallorca,Villarreal,0.2291,0.2638,0.5071,A,A,1
2024-09-14,LaLiga,Espanol,Alaves,0.3756,0.3354,0.2889,H,H,1
2024-09-14,LaLiga,Sevilla,Getafe,0.3803,0.3078,0.3118,H,H,1
2024-09-14,LaLiga,Sociedad,Real Madrid,0.1527,0.225,0.6223,A,A,1
2024-09-14,SerieA,Milan,Venezia,0.6678,0.2049,0.1273,H,H,1
2024-09-14,SerieA,Empoli,Juventus,0.1544,0.2414,0.6042,A,D,0
2024-09-14,SerieA,Como,Bologna,0.369,0.2637,0.3673,H,D,0
2024-09-14,Ligue1,Auxerre,Monaco,0.2843,0.2441,0.4716,A,A,1
2024-09-14,Ligue1,Marseille,Nice,0.4001,0.2302,0.3697,H,H,1
2024-09-14,EPL,Man City,Brentford,0.5877,0.2156,0.1966,H,H,1
2024-09-14,Bundesliga,M'gladbach,Stuttgart,0.3102,0.2153,0.4745,A,A,1
2024-09-14,Bundesliga,RB Leipzig,Union Berlin,0.5582,0.2417,0.2,H,D,0
2024-09-14,EPL,Bournemouth,Chelsea,0.3336,0.2782,0.3882,A,A,1
2024-09-14,EPL,Aston Villa,Everton,0.4248,0.3003,0.275,H,H,1
2024-09-14,Bundesliga,Freiburg,Bochum,0.578,0.2291,0.1929,H,H,1
2024-09-14,EPL,Liverpool,Nott'm Forest,0.5966,0.2091,0.1943,H,A,0
2024-09-14,Bundesliga,Hoffenheim,Leverkusen,0.1731,0.1829,0.6439,A,A,1
2024-09-14,EPL,Crystal Palace,Leicester,0.7037,0.1897,0.1066,H,D,0
2024-09-14,EPL,Brighton,Ipswich,0.7513,0.147,0.1016,H,D,0
2024-09-14,EPL,Southampton,Man United,0.1544,0.2413,0.6043,A,A,1
2024-09-14,Bundesliga,Wolfsburg,Ein Frankfurt,0.29,0.2406,0.4694,A,A,1
2024-09-14,Bundesliga,Holstein Kiel,Bayern Munich,0.0677,0.0977,0.8329,A,A,1
2024-09-14,EPL,Fulham,West Ham,0.4786,0.2503,0.2711,H,D,0
2024-09-15,SerieA,Atalanta,Fiorentina,0.5382,0.2303,0.2315,H,H,1
2024-09-15,SerieA,Genoa,Roma,0.206,0.2868,0.5072,A,D,0
2024-09-15,Bundesliga,Augsburg,St Pauli,0.3375,0.3729,0.2895,D,H,0
2024-09-15,LaLiga,Ath Madrid,Valencia,0.6447,0.2155,0.1398,H,H,1
2024-09-15,LaLiga,Girona,Barcelona,0.1134,0.1492,0.7372,A,A,1
2024-09-15,LaLiga,Las Palmas,Ath Bilbao,0.1393,0.2706,0.5901,A,A,1
2024-09-15,Ligue1,Lens,Lyon,0.34,0.2602,0.3998,A,D,0
2024-09-15,LaLiga,Celta,Valladolid,0.8213,0.1168,0.0615,H,H,1
2024-09-15,Bundesliga,Mainz,Werder Bremen,0.4734,0.2498,0.2769,H,A,0
2024-09-15,SerieA,Monza,Inter,0.0529,0.1279,0.8191,A,D,0
2024-09-15,SerieA,Cagliari,Napoli,0.1673,0.2546,0.5781,A,A,1
2024-09-15,Ligue1,Toulouse,Le Havre,0.5593,0.2265,0.2142,H,H,1
2024-09-15,Ligue1,Strasbourg,Angers,0.5982,0.2479,0.1539,H,D,0
2024-09-15,Ligue1,Nantes,Reims,0.3955,0.3296,0.2749,H,A,0
2024-09-15,Ligue1,Rennes,Montpellier,0.7572,0.1612,0.0816,H,H,1
2024-09-15,SerieA,Torino,Lecce,0.4627,0.3305,0.2068,H,D,0
2024-09-15,EPL,Wolves,Newcastle,0.2362,0.2218,0.5419,A,A,1
2024-09-15,EPL,Tottenham,Arsenal,0.1637,0.2028,0.6335,A,A,1
2024-09-16,SerieA,Lazio,Verona,0.6338,0.2255,0.1408,H,H,1
2024-09-16,SerieA,Parma,Udinese,0.4528,0.2731,0.2741,H,A,0
2024-09-16,LaLiga,Vallecano,Osasuna,0.3415,0.3007,0.3577,A,H,0
2024-09-17,LaLiga,Mallorca,Sociedad,0.3578,0.3454,0.2968,H,H,1
2024-09-18,LaLiga,Betis,Getafe,0.5114,0.2655,0.2231,H,H,1
2024-09-19,LaLiga,Leganes,Ath Bilbao,0.1759,0.2854,0.5388,A,A,1
2024-09-20,LaLiga,Alaves,Sevilla,0.3885,0.3176,0.2939,H,H,1
2024-09-20,SerieA,Verona,Torino,0.2663,0.3295,0.4042,A,A,1
2024-09-20,SerieA,Cagliari,Empoli,0.491,0.267,0.242,H,A,0
2024-09-20,Ligue1,Nice,St Etienne,0.7681,0.1379,0.0937,H,H,1
2024-09-20,Bundesliga,Augsburg,Mainz,0.2458,0.2873,0.4669,A,A,1
2024-09-21,LaLiga,Valladolid,Sociedad,0.1582,0.2434,0.5983,A,D,0
2024-09-21,LaLiga,Osasuna,Las Palmas,0.5404,0.2565,0.203,H,H,1
2024-09-21,LaLiga,Valencia,Girona,0.4591,0.2587,0.2822,H,H,1
2024-09-21,LaLiga,Real Madrid,Espanol,0.6693,0.2013,0.1293,H,H,1
2024-09-21,Bundesliga,Union Berlin,Hoffenheim,0.388,0.2526,0.3595,H,H,1
2024-09-21,EPL,Aston Villa,Wolves,0.5528,0.2308,0.2164,H,H,1
2024-09-21,Bundesliga,Ein Frankfurt,M'gladbach,0.5769,0.2038,0.2193,H,H,1
2024-09-21,Bundesliga,Werder Bremen,Bayern Munich,0.1467,0.172,0.6812,A,A,1
2024-09-21,Bundesliga,Heidenheim,Freiburg,0.2914,0.2626,0.446,A,A,1
2024-09-21,EPL,West Ham,Chelsea,0.2387,0.2536,0.5078,A,A,1
2024-09-21,Ligue1,Reims,Paris SG,0.1104,0.1925,0.6971,A,D,0
2024-09-21,Ligue1,Rennes,Lens,0.3999,0.2714,0.3287,H,D,0
2024-09-21,Ligue1,Lille,Strasbourg,0.4267,0.2809,0.2924,H,D,0
2024-09-21,Bundesliga,Bochum,Holstein Kiel,0.3535,0.2334,0.4132,A,D,0
2024-09-21,SerieA,Venezia,Genoa,0.2754,0.3108,0.4138,A,H,0
2024-09-21,SerieA,Lecce,Parma,0.2715,0.3064,0.4221,A,D,0
2024-09-21,SerieA,Juventus,Napoli,0.3134,0.3136,0.373,A,D,0
2024-09-21,EPL,Fulham,Newcastle,0.2818,0.2377,0.4805,A,H,0
2024-09-21,EPL,Leicester,Everton,0.1587,0.2763,0.565,A,D,0
2024-09-21,EPL,Liverpool,Bournemouth,0.5817,0.2171,0.2012,H,H,1
2024-09-21,EPL,Southampton,Ipswich,0.3132,0.2774,0.4094,A,D,0
2024-09-21,EPL,Crystal Palace,Man United,0.4834,0.2609,0.2558,H,D,0
2024-09-21,EPL,Tottenham,Brentford,0.3183,0.2208,0.4609,A,H,0
2024-09-22,SerieA,Roma,Udinese,0.6715,0.2143,0.1142,H,H,1
2024-09-22,Bundesliga,Leverkusen,Wolfsburg,0.6388,0.1987,0.1625,H,H,1
2024-09-22,Ligue1,Lyon,Marseille,0.4201,0.214,0.3658,H,A,0
2024-09-22,Ligue1,Brest,Toulouse,0.3831,0.2516,0.3653,H,H,1
2024-09-22,Ligue1,Angers,Nantes,0.3179,0.3185,0.3636,A,D,0
2024-09-22,Ligue1,Monaco,Le Havre,0.7099,0.1637,0.1263,H,H,1
2024-09-22,LaLiga,Vallecano,Ath Madrid,0.1733,0.2588,0.5679,A,D,0
2024-09-22,LaLiga,Villarreal,Barcelona,0.2647,0.1996,0.5356,A,A,1
2024-09-22,LaLiga,Ath Bilbao,Celta,0.5505,0.2587,0.1908,H,H,1
2024-09-22,Bundesliga,Stuttgart,Dortmund,0.3679,0.2146,0.4174,A,H,0
2024-09-22,LaLiga,Getafe,Leganes,0.3882,0.3101,0.3017,H,D,0
2024-09-22,SerieA,Fiorentina,Lazio,0.4453,0.2532,0.3016,H,H,1
2024-09-22,SerieA,Monza,Bologna,0.1263,0.2033,0.6704,A,A,1
2024-09-22,SerieA,Inter,Milan,0.5695,0.2242,0.2064,H,A,0
2024-09-22,Bundesliga,St Pauli,RB Leipzig,0.257,0.3173,0.4257,A,D,0
2024-09-22,Ligue1,Montpellier,Auxerre,0.1371,0.2236,0.6393,A,H,0
2024-09-22,EPL,Man City,Arsenal,0.3757,0.2788,0.3455,H,D,0
2024-09-22,EPL,Brighton,Nott'm Forest,0.4238,0.2395,0.3367,H,D,0
2024-09-23,LaLiga,Betis,Mallorca,0.5069,0.2742,0.2189,H,A,0
2024-09-24,SerieA,Atalanta,Como,0.6022,0.2175,0.1803,H,A,0
2024-09-24,LaLiga,Sevilla,Valladolid,0.7093,0.1831,0.1076,H,H,1
2024-09-24,LaLiga,Valencia,Osasuna,0.3769,0.2788,0.3443,H,D,0
2024-09-24,LaLiga,Real Madrid,Alaves,0.6491,0.2248,0.126,H,H,1
2024-09-25,LaLiga,Barcelona,Getafe,0.7467,0.1631,0.0902,H,H,1
2024-09-25,LaLiga,Girona,Vallecano,0.3707,0.2865,0.3429,H,D,0
2024-09-26,LaLiga,Las Palmas,Betis,0.2221,0.2432,0.5347,A,D,0
2024-09-26,LaLiga,Celta,Ath Madrid,0.2217,0.2273,0.551,A,A,1
2024-09-26,LaLiga,Espanol,Villarreal,0.264,0.2471,0.4889,A,A,1
2024-09-27,LaLiga,Valladolid,Mallorca,0.1592,0.2644,0.5763,A,A,1
2024-09-27,SerieA,Milan,Lecce,0.6776,0.2081,0.1143,H,H,1
2024-09-27,Bundesliga,Dortmund,Bochum,0.7792,0.1357,0.0848,H,H,1
2024-09-27,Ligue1,Paris SG,Rennes,0.6984,0.164,0.1375,H,H,1
2024-09-27,Ligue1,Auxerre,Brest,0.44,0.2411,0.3189,H,H,1
2024-09-28,SerieA,Genoa,Juventus,0.2507,0.2929,0.4564,A,A,1
2024-09-28,EPL,Brentford,West Ham,0.5555,0.224,0.2205,H,D,0
2024-09-28,EPL,Chelsea,Brighton,0.5027,0.2346,0.2628,H,H,1
2024-09-28,SerieA,Bologna,Atalanta,0.2762,0.242,0.4818,A,D,0
2024-09-28,Bundesliga,Freiburg,St Pauli,0.4335,0.3178,0.2487,H,A,0
2024-09-28,EPL,Newcastle,Man City,0.3343,0.2473,0.4183,A,D,0
2024-09-28,EPL,Everton,Crystal Palace,0.3726,0.3046,0.3228,H,H,1
2024-09-28,LaLiga,Getafe,Alaves,0.3358,0.3583,0.3059,D,H,0
2024-09-28,LaLiga,Vallecano,Leganes,0.4102,0.301,0.2888,H,D,0
2024-09-28,LaLiga,Sociedad,Valencia,0.3377,0.3039,0.3585,A,H,0
2024-09-28,LaLiga,Osasuna,Barcelona,0.1652,0.1908,0.6439,A,H,0
2024-09-28,EPL,Arsenal,Leicester,0.8341,0.1224,0.0433,H,H,1
2024-09-28,EPL,Nott'm Forest,Fulham,0.4505,0.2565,0.2929,H,A,0
2024-09-28,SerieA,Udinese,Inter,0.1152,0.1931,0.6917,A,A,1
2024-09-28,Ligue1,Lens,Nice,0.2942,0.2759,0.4299,A,D,0
2024-09-28,EPL,Wolves,Liverpool,0.1839,0.1959,0.6202,A,A,1
2024-09-28,Ligue1,Le Havre,Lille,0.2018,0.2308,0.5674,A,A,1
2024-09-28,Ligue1,Monaco,Montpellier,0.833,0.1181,0.0488,H,H,1
2024-09-28,Bundesliga,Bayern Munich,Leverkusen,0.5797,0.2013,0.219,H,D,0
2024-09-28,Bundesliga,RB Leipzig,Augsburg,0.5394,0.2581,0.2025,H,H,1
2024-09-28,Bundesliga,Wolfsburg,Stuttgart,0.3049,0.233,0.462,A,D,0
2024-09-28,Bundesliga,Mainz,Heidenheim,0.6039,0.2306,0.1655,H,A,0
2024-09-28,Bundesliga,M'gladbach,Union Berlin,0.5033,0.2424,0.2543,H,H,1
2024-09-29,LaLiga,Celta,Girona,0.5346,0.2215,0.2439,H,D,0
2024-09-29,Ligue1,Strasbourg,Marseille,0.3746,0.2377,0.3877,A,H,0
2024-09-29,Ligue1,Nantes,St Etienne,0.4947,0.2415,0.2638,H,D,0
2024-09-29,Ligue1,Angers,Reims,0.3311,0.3523,0.3166,D,A,0
2024-09-29,Ligue1,Toulouse,Lyon,0.3233,0.2464,0.4303,A,A,1
2024-09-29,LaLiga,Ath Bilbao,Sevilla,0.602,0.2581,0.1399,H,D,0
2024-09-29,LaLiga,Betis,Espanol,0.4914,0.2566,0.2519,H,H,1
2024-09-29,LaLiga,Ath Madrid,Real Madrid,0.4057,0.2571,0.3373,H,D,0
2024-09-29,Bundesliga,Holstein Kiel,Ein Frankfurt,0.2032,0.1871,0.6097,A,A,1
2024-09-29,EPL,Ipswich,Aston Villa,0.1319,0.191,0.6771,A,D,0
2024-09-29,SerieA,Napoli,Monza,0.7927,0.1534,0.0539,H,H,1
2024-09-29,SerieA,Empoli,Fiorentina,0.1684,0.2282,0.6034,A,D,0
2024-09-29,SerieA,Roma,Venezia,0.685,0.2158,0.0992,H,H,1
2024-09-29,SerieA,Como,Verona,0.5926,0.2456,0.1618,H,H,1
2024-09-29,EPL,Man United,Tottenham,0.4226,0.2454,0.332,H,A,0
2024-09-29,Bundesliga,Hoffenheim,Werder Bremen,0.3339,0.227,0.4391,A,A,1
2024-09-29,SerieA,Torino,Lazio,0.2814,0.2956,0.423,A,A,1
2024-09-30,SerieA,Parma,Cagliari,0.4258,0.2698,0.3044,H,A,0
2024-09-30,LaLiga,Villarreal,Las Palmas,0.6993,0.1788,0.1219,H,H,1
2024-09-30,EPL,Bournemouth,Southampton,0.7562,0.1674,0.0763,H,H,1
2024-10-04,LaLiga,Leganes,Valencia,0.3417,0.2827,0.3756,A,D,0
2024-10-04,SerieA,Verona,Venezia,0.3516,0.321,0.3274,H,H,1
2024-10-04,SerieA,Napoli,Como,0.5443,0.2662,0.1895,H,H,1
2024-10-04,Ligue1,Marseille,Angers,0.6903,0.1878,0.1218,H,D,0
2024-10-04,Bundesliga,Augsburg,M'gladbach,0.3251,0.2684,0.4065,A,H,0
2024-10-05,LaLiga,Getafe,Osasuna,0.3221,0.3072,0.3706,A,D,0
2024-10-05,LaLiga,Espanol,Mallorca,0.396,0.3321,0.2719,H,H,1
2024-10-05,LaLiga,Valladolid,Vallecano,0.1444,0.2366,0.619,A,A,1
2024-10-05,LaLiga,Real Madrid,Villarreal,0.5626,0.2078,0.2296,H,H,1
2024-10-05,Ligue1,Lille,Toulouse,0.4835,0.275,0.2415,H,H,1
2024-10-05,Ligue1,St Etienne,Auxerre,0.259,0.223,0.518,A,H,0
2024-10-05,LaLiga,Las Palmas,Celta,0.2462,0.2454,0.5083,A,A,1
2024-10-05,Ligue1,Rennes,Monaco,0.3181,0.2372,0.4447,A,A,1
2024-10-05,EPL,West Ham,Ipswich,0.612,0.2147,0.1733,H,H,1
2024-10-05,EPL,Arsenal,Southampton,0.8746,0.0961,0.0291,H,H,1
2024-10-05,EPL,Crystal Palace,Liverpool,0.2637,0.2292,0.5071,A,A,1
2024-10-05,Bundesliga,St Pauli,Mainz,0.2414,0.3296,0.429,A,A,1
2024-10-05,Bundesliga,Werder Bremen,Freiburg,0.4471,0.2448,0.3081,H,A,0
2024-10-05,Bundesliga,Union Berlin,Dortmund,0.1811,0.21,0.6089,A,H,0
2024-10-05,Bundesliga,Leverkusen,Holstein Kiel,0.7776,0.1276,0.0943,H,D,0
2024-10-05,Bundesliga,Bochum,Wolfsburg,0.2569,0.2532,0.4899,A,A,1
2024-10-05,SerieA,Udinese,Lecce,0.4371,0.3093,0.2536,H,H,1
2024-10-05,SerieA,Inter,Torino,0.669,0.218,0.1129,H,H,1
2024-10-05,SerieA,Atalanta,Genoa,0.6445,0.214,0.1415,H,H,1
2024-10-05,EPL,Man City,Fulham,0.6357,0.2077,0.1566,H,H,1
2024-10-05,EPL,Brentford,Wolves,0.5469,0.2207,0.2324,H,H,1
2024-10-05,EPL,Leicester,Bournemouth,0.1465,0.2291,0.6245,A,H,0
2024-10-05,EPL,Everton,Newcastle,0.3001,0.2852,0.4147,A,D,0
2024-10-06,LaLiga,Alaves,Barcelona,0.1424,0.2153,0.6423,A,A,1
2024-10-06,Bundesliga,Stuttgart,Hoffenheim,0.6455,0.1763,0.1781,H,D,0
2024-10-06,Bundesliga,Ein Frankfurt,Bayern Munich,0.2221,0.2017,0.5762,A,D,0
2024-10-06,Bundesliga,Heidenheim,RB Leipzig,0.234,0.2474,0.5187,A,A,1
2024-10-06,SerieA,Bologna,Parma,0.5415,0.2414,0.2171,H,D,0
2024-10-06,LaLiga,Sevilla,Betis,0.293,0.2503,0.4567,A,H,0
2024-10-06,LaLiga,Sociedad,Ath Madrid,0.1583,0.2474,0.5943,A,D,0
2024-10-06,SerieA,Fiorentina,Milan,0.4026,0.2482,0.3492,H,H,1
2024-10-06,Ligue1,Lyon,Nantes,0.6136,0.2141,0.1723,H,H,1
2024-10-06,SerieA,Monza,Roma,0.0803,0.1841,0.7355,A,D,0
2024-10-06,SerieA,Juventus,Cagliari,0.6018,0.2348,0.1634,H,D,0
2024-10-06,SerieA,Lazio,Empoli,0.6479,0.2123,0.1398,H,H,1
2024-10-06,Ligue1,Brest,Le Havre,0.5534,0.2077,0.2389,H,H,1
2024-10-06,LaLiga,Girona,Ath Bilbao,0.1799,0.2665,0.5536,A,H,0
2024-10-06,Ligue1,Strasbourg,Lens,0.4306,0.284,0.2854,H,D,0
2024-10-06,Ligue1,Nice,Paris SG,0.305,0.2276,0.4674,A,D,0
2024-10-06,EPL,Aston Villa,Man United,0.5211,0.2532,0.2257,H,D,0
2024-10-06,EPL,Chelsea,Nott'm Forest,0.4793,0.2615,0.2593,H,D,0
2024-10-06,EPL,Brighton,Tottenham,0.5427,0.2013,0.256,H,H,1
2024-10-06,Ligue1,Reims,Montpellier,0.538,0.2978,0.1642,H,H,1
2024-10-18,Bundesliga,Dortmund,St Pauli,0.6193,0.2371,0.1436,H,H,1
2024-10-18,LaLiga,Alaves,Valladolid,0.6677,0.224,0.1083,H,A,0
2024-10-18,Ligue1,Monaco,Lille,0.4261,0.2653,0.3085,H,D,0
2024-10-19,LaLiga,Osasuna,Betis,0.3585,0.2551,0.3864,A,A,1
2024-10-19,LaLiga,Girona,Sociedad,0.3954,0.283,0.3216,H,A,0
2024-10-19,LaLiga,Celta,Real Madrid,0.2155,0.2094,0.5752,A,A,1
2024-10-19,LaLiga,Ath Bilbao,Espanol,0.5514,0.2902,0.1584,H,H,1
2024-10-19,SerieA,Juventus,Lazio,0.4576,0.2692,0.2732,H,H,1
2024-10-19,SerieA,Milan,Udinese,0.6476,0.2047,0.1477,H,H,1
2024-10-19,SerieA,Genoa,Bologna,0.3003,0.2796,0.4201,A,D,0
2024-10-19,SerieA,Como,Parma,0.4941,0.2585,0.2474,H,D,0
2024-10-19,EPL,Tottenham,West Ham,0.451,0.2336,0.3153,H,H,1
2024-10-19,EPL,Fulham,Aston Villa,0.3299,0.2598,0.4103,A,A,1
2024-10-19,EPL,Ipswich,Everton,0.1672,0.2547,0.5781,A,A,1
2024-10-19,EPL,Man United,Brentford,0.3133,0.2553,0.4314,A,H,0
2024-10-19,EPL,Newcastle,Brighton,0.5446,0.2091,0.2464,H,A,0
2024-10-19,EPL,Bournemouth,Arsenal,0.231,0.2679,0.5011,A,H,0
2024-10-19,Bundesliga,Mainz,RB Leipzig,0.4272,0.2591,0.3137,H,A,0
2024-10-19,Bundesliga,Bayern Munich,Stuttgart,0.6952,0.16,0.1446,H,H,1
2024-10-19,Bundesliga,M'gladbach,Heidenheim,0.5471,0.2277,0.2252,H,H,1
2024-10-19,Bundesliga,Leverkusen,Ein Frankfurt,0.5117,0.2249,0.2634,H,H,1
2024-10-19,Ligue1,Paris SG,Strasbourg,0.6315,0.1961,0.1724,H,H,1
2024-10-19,Ligue1,St Etienne,Lens,0.2284,0.2345,0.537,A,A,1
2024-10-19,Ligue1,Brest,Rennes,0.372,0.2332,0.3948,A,D,0
2024-10-19,EPL,Southampton,Leicester,0.3191,0.3023,0.3786,A,A,1
2024-10-19,Bundesliga,Freiburg,Augsburg,0.4704,0.2771,0.2525,H,H,1
2024-10-19,Bundesliga,Hoffenheim,Bochum,0.5376,0.2238,0.2386,H,H,1
2024-10-20,LaLiga,Barcelona,Sevilla,0.7873,0.1316,0.0808,H,H,1
2024-10-20,LaLiga,Villarreal,Getafe,0.5918,0.232,0.1761,H,D,0
2024-10-20,LaLiga,Ath Madrid,Leganes,0.7007,0.1901,0.1092,H,H,1
2024-10-20,Ligue1,Auxerre,Reims,0.4889,0.2913,0.2198,H,H,1
2024-10-20,Ligue1,Nantes,Nice,0.1997,0.2467,0.5536,A,D,0
2024-10-20,Ligue1,Toulouse,Angers,0.5341,0.2744,0.1915,H,D,0
2024-10-20,Ligue1,Montpellier,Marseille,0.0718,0.1352,0.7929,A,A,1
2024-10-20,Ligue1,Le Havre,Lyon,0.2005,0.1925,0.607,A,A,1
2024-10-20,LaLiga,Mallorca,Vallecano,0.337,0.3492,0.3138,D,H,0
2024-10-20,SerieA,Lecce,Fiorentina,0.1654,0.2544,0.5802,A,A,1
2024-10-20,EPL,Wolves,Man City,0.1751,0.2127,0.6122,A,A,1
2024-10-20,EPL,Liverpool,Chelsea,0.505,0.2361,0.2589,H,H,1
2024-10-20,Bundesliga,Wolfsburg,Werder Bremen,0.385,0.251,0.3639,H,A,0
2024-10-20,Bundesliga,Holstein Kiel,Union Berlin,0.4094,0.2431,0.3475,H,A,0
2024-10-20,SerieA,Roma,Inter,0.3315,0.2877,0.3808,A,A,1
2024-10-20,SerieA,Cagliari,Torino,0.355,0.3077,0.3373,H,H,1
2024-10-20,SerieA,Venezia,Atalanta,0.1184,0.1999,0.6817,A,A,1
2024-10-20,SerieA,Empoli,Napoli,0.1177,0.2309,0.6513,A,A,1
2024-10-21,EPL,Nott'm Forest,Crystal Palace,0.4052,0.2634,0.3314,H,H,1
2024-10-21,LaLiga,Valencia,Las Palmas,0.513,0.2683,0.2186,H,A,0
2024-10-21,SerieA,Verona,Monza,0.4674,0.2955,0.2372,H,A,0
2024-10-25,Bundesliga,Mainz,M'gladbach,0.5148,0.2318,0.2535,H,D,0
2024-10-25,LaLiga,Espanol,Sevilla,0.4232,0.2866,0.2902,H,A,0
2024-10-25,EPL,Leicester,Nott'm Forest,0.1501,0.2255,0.6244,A,A,1
2024-10-25,SerieA,Udinese,Cagliari,0.3669,0.2788,0.3544,H,H,1
2024-10-25,SerieA,Torino,Como,0.3076,0.3058,0.3866,A,H,0
2024-10-25,Ligue1,Rennes,Le Havre,0.6026,0.2008,0.1966,H,H,1
2024-10-26,Bundesliga,RB Leipzig,Freiburg,0.4891,0.2419,0.2691,H,H,1
2024-10-26,Bundesliga,Stuttgart,Holstein Kiel,0.6986,0.1543,0.1468,H,H,1
2024-10-26,EPL,Everton,Fulham,0.4123,0.2984,0.2894,H,D,0
2024-10-26,EPL,Man City,Southampton,0.8804,0.0894,0.0298,H,H,1
2024-10-26,Bundesliga,Augsburg,Dortmund,0.1851,0.2255,0.5894,A,H,0
2024-10-26,EPL,Brighton,Wolves,0.535,0.2161,0.2489,H,D,0
2024-10-26,Bundesliga,Werder Bremen,Leverkusen,0.2478,0.2246,0.5275,A,D,0
2024-10-26,EPL,Brentford,Ipswich,0.7553,0.1491,0.0955,H,H,1
2024-10-26,Bundesliga,St Pauli,Wolfsburg,0.3073,0.3301,0.3626,A,D,0
2024-10-26,LaLiga,Valladolid,Villarreal,0.0535,0.1031,0.8428,A,A,1
2024-10-26,LaLiga,Real Madrid,Barcelona,0.3857,0.2245,0.3897,A,A,1
2024-10-26,LaLiga,Las Palmas,Girona,0.3295,0.271,0.3995,A,H,0
2024-10-26,LaLiga,Vallecano,Alaves,0.3551,0.3491,0.2958,H,H,1
2024-10-26,EPL,Aston Villa,Bournemouth,0.4354,0.2668,0.2978,H,D,0
2024-10-26,Ligue1,Reims,Brest,0.2978,0.2847,0.4174,A,A,1
2024-10-26,Ligue1,Lens,Lille,0.3179,0.3035,0.3786,A,A,1
2024-10-26,SerieA,Napoli,Lecce,0.6865,0.2267,0.0867,H,H,1
2024-10-26,SerieA,Atalanta,Verona,0.7714,0.1551,0.0734,H,H,1
2024-10-26,Ligue1,Angers,St Etienne,0.4126,0.265,0.3223,H,H,1
2024-10-27,Ligue1,Lyon,Auxerre,0.5406,0.2222,0.2372,H,D,0
2024-10-27,Ligue1,Montpellier,Toulouse,0.1314,0.2281,0.6405,A,A,1
2024-10-27,Ligue1,Nice,Monaco,0.4368,0.2445,0.3187,H,H,1
2024-10-27,SerieA,Lazio,Genoa,0.4935,0.2682,0.2384,H,H,1
2024-10-27,LaLiga,Betis,Ath Madrid,0.2466,0.2399,0.5135,A,H,0
2024-10-27,LaLiga,Sociedad,Osasuna,0.3212,0.2974,0.3813,A,A,1
2024-10-27,SerieA,Parma,Empoli,0.5128,0.2636,0.2236,H,D,0
2024-10-27,LaLiga,Getafe,Valencia,0.3379,0.3136,0.3485,A,D,0
2024-10-27,LaLiga,Leganes,Celta,0.3094,0.2503,0.4403,A,H,0
2024-10-27,Bundesliga,Heidenheim,Hoffenheim,0.355,0.2464,0.3986,A,D,0
2024-10-27,Ligue1,Strasbourg,Nantes,0.5513,0.254,0.1947,H,H,1
2024-10-27,SerieA,Fiorentina,Roma,0.313,0.2809,0.4061,A,H,0
2024-10-27,SerieA,Inter,Juventus,0.5256,0.2571,0.2173,H,D,0
2024-10-27,SerieA,Monza,Venezia,0.2776,0.3042,0.4182,A,D,0
2024-10-27,Bundesliga,Union Berlin,Ein Frankfurt,0.2178,0.2406,0.5415,A,D,0
2024-10-27,Ligue1,Marseille,Paris SG,0.2798,0.2004,0.5197,A,A,1
2024-10-27,Bundesliga,Bochum,Bayern Munich,0.0568,0.1078,0.8349,A,A,1
2024-10-27,EPL,Chelsea,Newcastle,0.3942,0.2558,0.3499,H,H,1
2024-10-27,EPL,Arsenal,Liverpool,0.4569,0.25,0.2931,H,D,0
2024-10-27,EPL,West Ham,Man United,0.3764,0.273,0.3507,H,H,1
2024-10-27,EPL,Crystal Palace,Tottenham,0.5216,0.2231,0.2553,H,H,1
2024-10-28,LaLiga,Mallorca,Ath Bilbao,0.1766,0.3377,0.4856,A,D,0
2024-10-29,SerieA,Milan,Napoli,0.314,0.2817,0.4043,A,A,1
2024-10-29,SerieA,Lecce,Verona,0.3566,0.3374,0.306,H,H,1
2024-10-29,SerieA,Cagliari,Bologna,0.262,0.2524,0.4856,A,A,1
2024-10-30,SerieA,Venezia,Udinese,0.3471,0.3031,0.3499,A,H,0
2024-10-30,SerieA,Atalanta,Monza,0.856,0.1026,0.041,H,H,1
2024-10-30,SerieA,Juventus,Parma,0.5755,0.2457,0.1788,H,D,0
2024-10-30,SerieA,Empoli,Inter,0.087,0.1694,0.7435,A,A,1
2024-10-31,SerieA,Genoa,Fiorentina,0.2765,0.2753,0.4482,A,A,1
2024-10-31,SerieA,Roma,Torino,0.5778,0.2739,0.1483,H,H,1
2024-10-31,SerieA,Como,Lazio,0.3717,0.2651,0.3632,H,A,0
2024-11-01,LaLiga,Alaves,Mallorca,0.361,0.3675,0.2714,D,H,0
2024-11-01,Ligue1,Lille,Lyon,0.4177,0.2556,0.3267,H,D,0
2024-11-01,Ligue1,Monaco,Angers,0.6723,0.2061,0.1216,H,A,0
2024-11-01,Bundesliga,Leverkusen,Stuttgart,0.5369,0.2124,0.2507,H,D,0
2024-11-02,Ligue1,Paris SG,Lens,0.6533,0.1983,0.1483,H,H,1
2024-11-02,EPL,Wolves,Crystal Palace,0.3198,0.2526,0.4276,A,D,0
2024-11-02,EPL,Newcastle,Arsenal,0.3072,0.2596,0.4331,A,H,0
2024-11-02,Ligue1,St Etienne,Strasbourg,0.1939,0.2054,0.6007,A,H,0
2024-11-02,EPL,Bournemouth,Man City,0.2508,0.2569,0.4923,A,H,0
2024-11-02,EPL,Ipswich,Leicester,0.4166,0.2736,0.3097,H,D,0
2024-11-02,EPL,Liverpool,Brighton,0.6261,0.184,0.1899,H,H,1
2024-11-02,Ligue1,Brest,Nice,0.2539,0.2252,0.5209,A,A,1
2024-11-02,EPL,Nott'm Forest,West Ham,0.5169,0.2463,0.2369,H,H,1
2024-11-02,SerieA,Bologna,Lecce,0.6271,0.2358,0.1371,H,H,1
2024-11-02,SerieA,Udinese,Juventus,0.1937,0.2589,0.5474,A,A,1
2024-11-02,SerieA,Monza,Milan,0.1028,0.1759,0.7213,A,A,1
2024-11-02,Bundesliga,Bayern Munich,Union Berlin,0.8222,0.1179,0.0597,H,H,1
2024-11-02,LaLiga,Osasuna,Valladolid,0.7696,0.1525,0.0779,H,H,1
2024-11-02,LaLiga,Girona,Leganes,0.4142,0.2629,0.3229,H,H,1
2024-11-02,Bundesliga,Ein Frankfurt,Bochum,0.715,0.1719,0.1131,H,H,1
2024-11-02,Bundesliga,Hoffenheim,St Pauli,0.4002,0.299,0.3008,H,A,0
2024-11-02,Bundesliga,Holstein Kiel,Heidenheim,0.4518,0.2343,0.3139,H,H,1
2024-11-02,Bundesliga,Wolfsburg,Augsburg,0.4659,0.2802,0.2539,H,D,0
2024-11-02,Bundesliga,Dortmund,RB Leipzig,0.5501,0.2109,0.239,H,H,1
2024-11-02,EPL,Southampton,Everton,0.1223,0.252,0.6257,A,H,0
2024-11-03,EPL,Tottenham,Aston Villa,0.2948,0.2319,0.4732,A,H,0
2024-11-03,EPL,Man United,Chelsea,0.2584,0.2708,0.4708,A,D,0
2024-11-03,Bundesliga,M'gladbach,Werder Bremen,0.3975,0.2322,0.3703,H,H,1
2024-11-03,Ligue1,Toulouse,Reims,0.4923,0.298,0.2098,H,H,1
2024-11-03,Ligue1,Auxerre,Rennes,0.3814,0.252,0.3666,H,H,1
2024-11-03,Ligue1,Le Havre,Montpellier,0.627,0.2162,0.1568,H,H,1
2024-11-03,Ligue1,Nantes,Marseille,0.218,0.2259,0.5561,A,A,1
2024-11-03,SerieA,Napoli,Atalanta,0.3856,0.2852,0.3291,H,A,0
2024-11-03,SerieA,Torino,Fiorentina,0.2572,0.2886,0.4542,A,A,1
2024-11-03,SerieA,Verona,Roma,0.1231,0.2399,0.6369,A,H,0
2024-11-03,SerieA,Inter,Venezia,0.7732,0.1578,0.069,H,H,1
2024-11-03,LaLiga,Ath Madrid,Las Palmas,0.7504,0.1684,0.0812,H,H,1
2024-11-03,LaLiga,Barcelona,Espanol,0.7369,0.1611,0.1019,H,H,1
2024-11-03,LaLiga,Sevilla,Sociedad,0.3914,0.2978,0.3107,H,A,0
2024-11-03,LaLiga,Ath Bilbao,Betis,0.5159,0.2733,0.2108,H,D,0
2024-11-03,Bundesliga,Freiburg,Mainz,0.3234,0.2621,0.4145,A,D,0
2024-11-04,SerieA,Empoli,Como,0.215,0.2578,0.5272,A,H,0
2024-11-04,SerieA,Lazio,Cagliari,0.5639,0.2346,0.2015,H,H,1
2024-11-04,SerieA,Parma,Genoa,0.3663,0.2932,0.3405,H,A,0
2024-11-04,LaLiga,Celta,Getafe,0.4869,0.267,0.2461,H,H,1
2024-11-04,EPL,Fulham,Brentford,0.3559,0.2457,0.3983,A,H,0
2024-11-07,SerieA,Genoa,Como,0.3313,0.2902,0.3786,A,D,0
2024-11-08,Bundesliga,Union Berlin,Freiburg,0.3205,0.2729,0.4066,A,D,0
2024-11-08,Ligue1,Marseille,Auxerre,0.5681,0.2102,0.2218,H,A,0
2024-11-08,SerieA,Lecce,Empoli,0.3634,0.3226,0.314,H,D,0
2024-11-08,LaLiga,Vallecano,Las Palmas,0.4666,0.2983,0.2351,H,A,0
2024-11-09,Ligue1,Strasbourg,Monaco,0.3568,0.2551,0.3881,A,A,1
2024-11-09,Ligue1,Lens,Nantes,0.4923,0.2855,0.2222,H,H,1
2024-11-09,Ligue1,Angers,Paris SG,0.0931,0.1655,0.7414,A,A,1
2024-11-09,Bundesliga,Werder Bremen,Holstein Kiel,0.5853,0.1957,0.2189,H,H,1
2024-11-09,SerieA,Juventus,Torino,0.5311,0.2861,0.1828,H,H,1
2024-11-09,SerieA,Cagliari,Milan,0.227,0.2343,0.5387,A,D,0
2024-11-09,SerieA,Venezia,Parma,0.3012,0.2943,0.4044,A,A,1
2024-11-09,LaLiga,Leganes,Sevilla,0.386,0.2783,0.3357,H,H,1
2024-11-09,LaLiga,Villarreal,Alaves,0.5614,0.2489,0.1897,H,H,1
2024-11-09,LaLiga,Real Madrid,Osasuna,0.6577,0.1975,0.1448,H,H,1
2024-11-09,Bundesliga,RB Leipzig,M'gladbach,0.5054,0.2244,0.2702,H,D,0
2024-11-09,EPL,Brentford,Bournemouth,0.4258,0.2531,0.3211,H,H,1
2024-11-09,Bundesliga,Bochum,Leverkusen,0.1152,0.1742,0.7106,A,D,0
2024-11-09,EPL,West Ham,Everton,0.3001,0.3025,0.3974,A,D,0
2024-11-09,EPL,Crystal Palace,Fulham,0.4544,0.2542,0.2914,H,A,0
2024-11-09,EPL,Brighton,Man City,0.2463,0.223,0.5307,A,H,0
2024-11-09,EPL,Liverpool,Aston Villa,0.5531,0.2201,0.2268,H,H,1
2024-11-09,Bundesliga,Mainz,Dortmund,0.3326,0.2385,0.4288,A,H,0
2024-11-09,EPL,Wolves,Southampton,0.6935,0.1922,0.1143,H,H,1
2024-11-09,Bundesliga,St Pauli,Bayern Munich,0.1079,0.2106,0.6815,A,A,1
2024-11-10,EPL,Chelsea,Arsenal,0.2851,0.2818,0.433,A,D,0
2024-11-10,LaLiga,Betis,Celta,0.4622,0.2289,0.3089,H,D,0
2024-11-10,LaLiga,Mallorca,Ath Madrid,0.1601,0.2692,0.5707,A,A,1
2024-11-10,LaLiga,Getafe,Girona,0.3941,0.2917,0.3142,H,A,0
2024-11-10,LaLiga,Sociedad,Barcelona,0.1242,0.1853,0.6904,A,H,0
2024-11-10,Bundesliga,Heidenheim,Wolfsburg,0.2929,0.2653,0.4418,A,A,1
2024-11-10,Bundesliga,Stuttgart,Ein Frankfurt,0.4161,0.2271,0.3568,H,A,0
2024-11-10,Bundesliga,Augsburg,Hoffenheim,0.3834,0.2659,0.3507,H,D,0
2024-11-10,EPL,Nott'm Forest,Newcastle,0.3194,0.2474,0.4332,A,A,1
2024-11-10,EPL,Man United,Leicester,0.6134,0.2355,0.1511,H,H,1
2024-11-10,LaLiga,Valladolid,Ath Bilbao,0.0532,0.1531,0.7936,A,D,0
2024-11-10,EPL,Tottenham,Ipswich,0.6692,0.1792,0.1515,H,A,0
2024-11-10,Ligue1,Lyon,St Etienne,0.7511,0.138,0.1105,H,H,1
2024-11-10,SerieA,Fiorentina,Verona,0.6661,0.2104,0.1235,H,H,1
2024-11-10,SerieA,Roma,Bologna,0.5117,0.2628,0.2255,H,A,0
2024-11-10,SerieA,Monza,Lazio,0.1285,0.2063,0.6652,A,A,1
2024-11-10,SerieA,Inter,Napoli,0.4369,0.2903,0.2728,H,D,0
2024-11-10,Ligue1,Nice,Lille,0.4371,0.2714,0.2915,H,D,0
2024-11-10,Ligue1,Le Havre,Reims,0.3954,0.288,0.3166,H,A,0
2024-11-10,SerieA,Atalanta,Udinese,0.7375,0.1665,0.096,H,H,1
2024-11-10,Ligue1,Rennes,Toulouse,0.4302,0.2567,0.3131,H,A,0
2024-11-10,Ligue1,Montpellier,Brest,0.1429,0.2063,0.6508,A,H,0
2024-11-22,Ligue1,Paris SG,Toulouse,0.6919,0.1764,0.1317,H,H,1
2024-11-22,Ligue1,Monaco,Brest,0.6005,0.2005,0.199,H,H,1
2024-11-22,Bundesliga,Bayern Munich,Augsburg,0.8012,0.1337,0.065,H,H,1
2024-11-22,LaLiga,Getafe,Valladolid,0.6649,0.22,0.1151,H,H,1
2024-11-23,SerieA,Parma,Atalanta,0.1724,0.2158,0.6117,A,A,1
2024-11-23,Bundesliga,Leverkusen,Heidenheim,0.7383,0.1636,0.0981,H,H,1
2024-11-23,Bundesliga,Hoffenheim,RB Leipzig,0.2905,0.2249,0.4846,A,H,0
2024-11-23,Bundesliga,Dortmund,Freiburg,0.6269,0.1917,0.1813,H,H,1
2024-11-23,SerieA,Verona,Inter,0.0893,0.1828,0.7279,A,A,1
2024-11-23,SerieA,Milan,Juventus,0.3922,0.2672,0.3407,H,D,0
2024-11-23,Bundesliga,Stuttgart,Bochum,0.716,0.1666,0.1173,H,H,1
2024-11-23,Bundesliga,Wolfsburg,Union Berlin,0.4817,0.2644,0.2539,H,H,1
2024-11-23,LaLiga,Ath Madrid,Alaves,0.6193,0.2492,0.1315,H,H,1
2024-11-23,LaLiga,Girona,Espanol,0.3608,0.2765,0.3628,A,H,0
2024-11-23,Ligue1,Reims,Lyon,0.2038,0.2564,0.5399,A,D,0
2024-11-23,Ligue1,St Etienne,Montpellier,0.5974,0.2203,0.1823,H,H,1
2024-11-23,Ligue1,Lens,Marseille,0.3261,0.2514,0.4225,A,A,1
2024-11-23,EPL,Leicester,Chelsea,0.1109,0.2019,0.6872,A,A,1
2024-11-23,EPL,Arsenal,Nott'm Forest,0.5941,0.2355,0.1704,H,H,1
2024-11-23,EPL,Aston Villa,Crystal Palace,0.447,0.2583,0.2946,H,D,0
2024-11-23,EPL,Bournemouth,Brighton,0.4271,0.2441,0.3288,H,A,0
2024-11-23,EPL,Everton,Brentford,0.3662,0.2885,0.3453,H,D,0
2024-11-23,EPL,Fulham,Wolves,0.4692,0.2454,0.2853,H,A,0
2024-11-23,EPL,Man City,Tottenham,0.7106,0.1655,0.1238,H,A,0
2024-11-23,LaLiga,Valencia,Betis,0.3346,0.2589,0.4065,A,H,0
2024-11-23,Bundesliga,Ein Frankfurt,Werder Bremen,0.5323,0.2231,0.2446,H,H,1
2024-11-23,LaLiga,Celta,Barcelona,0.1772,0.177,0.6458,A,D,0
2024-11-23,LaLiga,Las Palmas,Mallorca,0.3057,0.3307,0.3637,A,A,1
2024-11-24,EPL,Southampton,Liverpool,0.0456,0.1038,0.8502,A,A,1
2024-11-24,Ligue1,Lille,Rennes,0.4839,0.2569,0.2591,H,H,1
2024-11-24,Ligue1,Auxerre,Angers,0.5308,0.2686,0.2006,H,H,1
2024-11-24,Ligue1,Nantes,Le Havre,0.4435,0.2577,0.2988,H,A,0
2024-11-24,Ligue1,Nice,Strasbourg,0.4832,0.252,0.2648,H,H,1
2024-11-24,LaLiga,Ath Bilbao,Sociedad,0.5761,0.2857,0.1382,H,H,1
2024-11-24,LaLiga,Osasuna,Villarreal,0.2962,0.2381,0.4657,A,D,0
2024-11-24,SerieA,Napoli,Roma,0.3819,0.3209,0.2972,H,H,1
2024-11-24,SerieA,Lazio,Bologna,0.408,0.257,0.335,H,H,1
2024-11-24,SerieA,Como,Fiorentina,0.3415,0.2626,0.3959,A,A,1
2024-11-24,SerieA,Genoa,Cagliari,0.4374,0.2844,0.2782,H,D,0
2024-11-24,LaLiga,Leganes,Real Madrid,0.1451,0.2012,0.6537,A,A,1
2024-11-24,EPL,Ipswich,Man United,0.2127,0.2433,0.544,A,D,0
2024-11-24,Bundesliga,Holstein Kiel,Mainz,0.2391,0.2155,0.5454,A,A,1
2024-11-24,Bundesliga,M'gladbach,St Pauli,0.4511,0.2952,0.2538,H,H,1
2024-11-24,SerieA,Torino,Monza,0.5713,0.272,0.1567,H,D,0
2024-11-24,LaLiga,Sevilla,Vallecano,0.3676,0.3016,0.3308,H,H,1
2024-11-25,SerieA,Empoli,Udinese,0.3333,0.29,0.3768,A,D,0
2024-11-25,SerieA,Venezia,Lecce,0.3884,0.3336,0.278,H,A,0
2024-11-25,EPL,Newcastle,West Ham,0.6368,0.1994,0.1638,H,A,0
2024-11-29,EPL,Brighton,Southampton,0.7975,0.1331,0.0692,H,D,0
2024-11-29,SerieA,Cagliari,Verona,0.4814,0.2798,0.2388,H,H,1
2024-11-29,Bundesliga,St Pauli,Holstein Kiel,0.4081,0.2882,0.3036,H,H,1
2024-11-29,Ligue1,Reims,Lens,0.2452,0.327,0.4278,A,A,1
2024-11-29,LaLiga,Mallorca,Valencia,0.3289,0.324,0.3471,A,H,0
2024-11-30,Ligue1,Rennes,St Etienne,0.6595,0.1776,0.1629,H,H,1
2024-11-30,Ligue1,Brest,Strasbourg,0.3212,0.2449,0.4339,A,H,0
2024-11-30,Ligue1,Paris SG,Nantes,0.7715,0.1449,0.0835,H,D,0
2024-11-30,EPL,Brentford,Leicester,0.7409,0.1648,0.0943,H,H,1
2024-11-30,LaLiga,Alaves,Leganes,0.3974,0.3196,0.2831,H,D,0
2024-11-30,Bundesliga,Augsburg,Bochum,0.4592,0.2885,0.2523,H,H,1
2024-11-30,EPL,West Ham,Arsenal,0.1541,0.2236,0.6222,A,A,1
2024-11-30,EPL,Wolves,Bournemouth,0.3122,0.2595,0.4283,A,A,1
2024-11-30,EPL,Nott'm Forest,Ipswich,0.7136,0.1756,0.1107,H,H,1
2024-11-30,SerieA,Como,Monza,0.6978,0.1945,0.1077,H,D,0
2024-11-30,SerieA,Milan,Empoli,0.7048,0.1825,0.1126,H,H,1
2024-11-30,LaLiga,Barcelona,Las Palmas,0.8393,0.1071,0.0532,H,A,0
2024-11-30,SerieA,Bologna,Venezia,0.6161,0.2313,0.1526,H,H,1
2024-11-30,Bundesliga,RB Leipzig,Wolfsburg,0.4896,0.2437,0.2667,H,A,0
2024-11-30,Bundesliga,Union Berlin,Leverkusen,0.1639,0.2169,0.6192,A,A,1
2024-11-30,LaLiga,Valladolid,Ath Madrid,0.0345,0.0917,0.8733,A,A,1
2024-11-30,EPL,Crystal Palace,Newcastle,0.322,0.2458,0.4322,A,D,0
2024-11-30,Bundesliga,Dortmund,Bayern Munich,0.2658,0.2004,0.5337,A,D,0
2024-11-30,LaLiga,Espanol,Celta,0.3512,0.265,0.3838,A,H,0
2024-11-30,Bundesliga,Freiburg,M'gladbach,0.4258,0.2357,0.3385,H,H,1
2024-11-30,Bundesliga,Werder Bremen,Stuttgart,0.3372,0.2293,0.4335,A,D,0
2024-12-01,EPL,Liverpool,Man City,0.4027,0.2415,0.3558,H,H,1
2024-12-01,SerieA,Parma,Lazio,0.2854,0.2608,0.4538,A,H,0
2024-12-01,SerieA,Udinese,Genoa,0.3139,0.2977,0.3884,A,A,1
2024-12-01,EPL,Chelsea,Aston Villa,0.4394,0.267,0.2936,H,H,1
2024-12-01,EPL,Man United,Everton,0.3162,0.3171,0.3667,A,H,0
2024-12-01,EPL,Tottenham,Fulham,0.3795,0.2354,0.3851,A,D,0
2024-12-01,SerieA,Torino,Napoli,0.184,0.3077,0.5082,A,A,1
2024-12-01,SerieA,Lecce,Juventus,0.1516,0.27,0.5785,A,D,0
2024-12-01,Ligue1,Le Havre,Angers,0.4331,0.272,0.2948,H,A,0
2024-12-01,Bundesliga,Heidenheim,Ein Frankfurt,0.1913,0.2236,0.5851,A,A,1
2024-12-01,LaLiga,Real Madrid,Getafe,0.68,0.2052,0.1147,H,H,1
2024-12-01,LaLiga,Vallecano,Ath Bilbao,0.1919,0.3233,0.4847,A,A,1
2024-12-01,LaLiga,Sociedad,Betis,0.2824,0.2714,0.4462,A,H,0
2024-12-01,LaLiga,Villarreal,Girona,0.651,0.1847,0.1642,H,D,0
2024-12-01,Ligue1,Marseille,Monaco,0.4235,0.2228,0.3537,H,H,1
2024-12-01,Ligue1,Toulouse,Auxerre,0.4163,0.2695,0.3142,H,H,1
2024-12-01,Ligue1,Lyon,Nice,0.3776,0.2373,0.3852,A,H,0
2024-12-01,Bundesliga,Mainz,Hoffenheim,0.5843,0.2123,0.2034,H,H,1
2024-12-01,Ligue1,Montpellier,Lille,0.09,0.1985,0.7115,A,D,0
2024-12-02,SerieA,Roma,Atalanta,0.3787,0.2769,0.3444,H,A,0
2024-12-02,LaLiga,Sevilla,Osasuna,0.3365,0.2744,0.3891,A,D,0
2024-12-03,LaLiga,Mallorca,Barcelona,0.1289,0.2048,0.6663,A,A,1
2024-12-03,EPL,Leicester,West Ham,0.2196,0.2574,0.5231,A,H,0
2024-12-03,EPL,Ipswich,Crystal Palace,0.1548,0.2048,0.6405,A,A,1
2024-12-04,EPL,Aston Villa,Brentford,0.4393,0.246,0.3147,H,H,1
2024-12-04,LaLiga,Ath Bilbao,Real Madrid,0.3485,0.3011,0.3504,A,H,0
2024-12-04,EPL,Arsenal,Man United,0.658,0.2155,0.1265,H,H,1
2024-12-04,EPL,Southampton,Chelsea,0.0804,0.1731,0.7465,A,A,1
2024-12-04,EPL,Man City,Nott'm Forest,0.5889,0.2268,0.1843,H,H,1
2024-12-04,EPL,Everton,Wolves,0.464,0.2845,0.2515,H,H,1
2024-12-04,EPL,Newcastle,Liverpool,0.3607,0.2279,0.4114,A,D,0
2024-12-05,EPL,Fulham,Brighton,0.3801,0.237,0.3829,A,H,0
2024-12-05,EPL,Bournemouth,Tottenham,0.5211,0.2288,0.25,H,H,1
2024-12-06,LaLiga,Celta,Mallorca,0.4833,0.2755,0.2412,H,H,1
2024-12-06,Bundesliga,Stuttgart,Union Berlin,0.6229,0.2086,0.1685,H,H,1
2024-12-06,SerieA,Inter,Parma,0.7196,0.1775,0.1029,H,H,1
2024-12-06,SerieA,Atalanta,Milan,0.5301,0.2264,0.2435,H,H,1
2024-12-06,Ligue1,Lille,Brest,0.5449,0.2362,0.2189,H,H,1
2024-12-06,Ligue1,Auxerre,Paris SG,0.174,0.1936,0.6324,A,D,0
2024-12-07,Bundesliga,Leverkusen,St Pauli,0.6225,0.2466,0.1309,H,H,1
2024-12-07,SerieA,Genoa,Torino,0.3834,0.3276,0.2889,H,D,0
2024-12-07,SerieA,Juventus,Bologna,0.4553,0.2683,0.2763,H,D,0
2024-12-07,SerieA,Roma,Lecce,0.6899,0.2204,0.0897,H,H,1
2024-12-07,Bundesliga,Bayern Munich,Heidenheim,0.855,0.0976,0.0468,H,H,1
2024-12-07,Bundesliga,Bochum,Werder Bremen,0.2329,0.2383,0.5288,A,A,1
2024-12-07,Bundesliga,Holstein Kiel,RB Leipzig,0.255,0.2092,0.5358,A,A,1
2024-12-07,EPL,Aston Villa,Southampton,0.7912,0.1453,0.0635,H,H,1
2024-12-07,LaLiga,Betis,Barcelona,0.2032,0.1916,0.6052,A,D,0
2024-12-07,LaLiga,Valencia,Vallecano,0.4051,0.3029,0.292,H,A,0
2024-12-07,LaLiga,Girona,Real Madrid,0.1453,0.1864,0.6682,A,A,1
2024-12-07,EPL,Man United,Nott'm Forest,0.3259,0.2741,0.4,A,A,1
2024-12-07,Ligue1,Monaco,Toulouse,0.5352,0.2379,0.2269,H,H,1
2024-12-07,Ligue1,Nice,Le Havre,0.7164,0.1646,0.1189,H,H,1
2024-12-07,Ligue1,Angers,Lyon,0.1824,0.2334,0.5842,A,A,1
2024-12-07,Bundesliga,Ein Frankfurt,Augsburg,0.6032,0.2314,0.1655,H,D,0
2024-12-07,EPL,Crystal Palace,Man City,0.2468,0.2478,0.5055,A,D,0
2024-12-07,EPL,Brentford,Newcastle,0.3443,0.2337,0.422,A,H,0
2024-12-07,LaLiga,Las Palmas,Valladolid,0.6174,0.2281,0.1545,H,H,1
2024-12-07,Bundesliga,M'gladbach,Dortmund,0.248,0.1991,0.5529,A,D,0
2024-12-08,EPL,Leicester,Brighton,0.144,0.1949,0.6611,A,D,0
2024-12-08,LaLiga,Ath Bilbao,Villarreal,0.4635,0.2749,0.2616,H,H,1
2024-12-08,LaLiga,Leganes,Sociedad,0.378,0.3017,0.3203,H,A,0
2024-12-08,LaLiga,Osasuna,Alaves,0.4161,0.3128,0.2711,H,D,0
2024-12-08,LaLiga,Ath Madrid,Sevilla,0.6928,0.1924,0.1148,H,H,1
2024-12-08,Ligue1,St Etienne,Marseille,0.1495,0.1562,0.694,A,A,1
2024-12-08,Ligue1,Strasbourg,Reims,0.5543,0.2738,0.1718,H,D,0
2024-12-08,Ligue1,Nantes,Rennes,0.2923,0.2645,0.4433,A,H,0
2024-12-08,Ligue1,Lens,Montpellier,0.7094,0.2014,0.0892,H,H,1
2024-12-08,EPL,Tottenham,Chelsea,0.2594,0.2319,0.5086,A,A,1
2024-12-08,EPL,Ipswich,Bournemouth,0.1527,0.2109,0.6364,A,A,1
2024-12-08,Bundesliga,Hoffenheim,Freiburg,0.3616,0.2336,0.4048,A,D,0
2024-12-08,SerieA,Napoli,Lazio,0.5169,0.2697,0.2133,H,A,0
2024-12-08,SerieA,Fiorentina,Cagliari,0.5991,0.2223,0.1785,H,H,1
2024-12-08,SerieA,Verona,Empoli,0.3784,0.3067,0.3149,H,A,0
2024-12-08,EPL,Fulham,Arsenal,0.1963,0.2435,0.5602,A,D,0
2024-12-08,SerieA,Venezia,Como,0.2307,0.2763,0.493,A,D,0
2024-12-08,Bundesliga,Wolfsburg,Mainz,0.3205,0.2642,0.4154,A,H,0
2024-12-09,EPL,West Ham,Wolves,0.3984,0.2544,0.3471,H,H,1
2024-12-09,LaLiga,Getafe,Espanol,0.3403,0.3261,0.3336,H,H,1
2024-12-09,SerieA,Monza,Udinese,0.2496,0.2802,0.4702,A,A,1
2024-12-13,Ligue1,Toulouse,St Etienne,0.6143,0.204,0.1817,H,H,1
2024-12-13,Bundesliga,Freiburg,Wolfsburg,0.4152,0.2549,0.33,H,H,1
2024-12-13,SerieA,Empoli,Torino,0.2723,0.3149,0.4128,A,A,1
2024-12-13,LaLiga,Valladolid,Valencia,0.1261,0.202,0.672,A,H,0
2024-12-14,LaLiga,Sevilla,Celta,0.3226,0.2491,0.4283,A,H,0
2024-12-14,Bundesliga,St Pauli,Werder Bremen,0.2886,0.318,0.3934,A,A,1
2024-12-14,LaLiga,Espanol,Osasuna,0.3613,0.29,0.3487,H,D,0
2024-12-14,SerieA,Juventus,Venezia,0.6407,0.2334,0.1259,H,D,0
2024-12-14,SerieA,Udinese,Napoli,0.1492,0.2519,0.5989,A,A,1
2024-12-14,SerieA,Cagliari,Atalanta,0.1559,0.2047,0.6393,A,A,1
2024-12-14,LaLiga,Mallorca,Girona,0.3835,0.3018,0.3147,H,H,1
2024-12-14,LaLiga,Vallecano,Real Madrid,0.1683,0.2366,0.5951,A,D,0
2024-12-14,Bundesliga,Union Berlin,Bochum,0.4695,0.2734,0.2571,H,A,0
2024-12-14,EPL,Arsenal,Everton,0.5527,0.2795,0.1678,H,D,0
2024-12-14,EPL,Liverpool,Fulham,0.6458,0.1906,0.1636,H,D,0
2024-12-14,EPL,Newcastle,Leicester,0.8033,0.1322,0.0644,H,H,1
2024-12-14,EPL,Wolves,Ipswich,0.6365,0.2016,0.1619,H,A,0
2024-12-14,EPL,Nott'm Forest,Aston Villa,0.3668,0.2657,0.3675,A,H,0
2024-12-14,Ligue1,Marseille,Lille,0.4295,0.2475,0.323,H,D,0
2024-12-14,Ligue1,Auxerre,Lens,0.3616,0.2854,0.353,H,D,0
2024-12-14,Ligue1,Reims,Monaco,0.1862,0.2615,0.5523,A,D,0
2024-12-14,Bundesliga,Augsburg,Leverkusen,0.1678,0.2335,0.5987,A,A,1
2024-12-14,Bundesliga,Mainz,Bayern Munich,0.1936,0.2085,0.598,A,H,0
2024-12-14,Bundesliga,M'gladbach,Holstein Kiel,0.5642,0.1924,0.2433,H,H,1
2024-12-15,LaLiga,Alaves,Ath Bilbao,0.1891,0.3455,0.4654,A,D,0
2024-12-15,LaLiga,Villarreal,Betis,0.5107,0.2166,0.2726,H,A,0
2024-12-15,Ligue1,Montpellier,Nice,0.0704,0.1542,0.7754,A,D,0
2024-12-15,Ligue1,Brest,Nantes,0.4809,0.2511,0.2681,H,H,1
2024-12-15,Ligue1,Le Havre,Strasbourg,0.2278,0.2269,0.5453,A,A,1
2024-12-15,LaLiga,Barcelona,Leganes,0.7947,0.1288,0.0762,H,A,0
2024-12-15,LaLiga,Sociedad,Las Palmas,0.4459,0.3006,0.2534,H,D,0
2024-12-15,LaLiga,Ath Madrid,Getafe,0.6501,0.229,0.1209,H,H,1
2024-12-15,SerieA,Bologna,Fiorentina,0.3833,0.2564,0.3603,H,H,1
2024-12-15,Bundesliga,Dortmund,Hoffenheim,0.7197,0.1487,0.1314,H,D,0
2024-12-15,Bundesliga,Heidenheim,Stuttgart,0.2003,0.2172,0.5825,A,A,1
2024-12-15,SerieA,Milan,Genoa,0.5499,0.2456,0.2045,H,D,0
2024-12-15,SerieA,Como,Roma,0.2555,0.2797,0.4648,A,H,0
2024-12-15,SerieA,Parma,Verona,0.5022,0.2766,0.2211,H,A,0
2024-12-15,Ligue1,Rennes,Angers,0.5772,0.244,0.1787,H,H,1
2024-12-15,SerieA,Lecce,Monza,0.4478,0.313,0.2392,H,H,1
2024-12-15,EPL,Southampton,Tottenham,0.1499,0.1997,0.6504,A,A,1
2024-12-15,EPL,Chelsea,Brentford,0.4734,0.2479,0.2787,H,H,1
2024-12-15,EPL,Man City,Man United,0.6568,0.2072,0.136,H,A,0
2024-12-15,EPL,Brighton,Crystal Palace,0.4227,0.2378,0.3395,H,A,0
2024-12-15,Bundesliga,RB Leipzig,Ein Frankfurt,0.3619,0.2434,0.3947,A,H,0
2024-12-15,Ligue1,Paris SG,Lyon,0.631,0.1804,0.1886,H,H,1
2024-12-16,EPL,Bournemouth,West Ham,0.5194,0.2502,0.2304,H,D,0
2024-12-16,SerieA,Lazio,Inter,0.2333,0.2432,0.5235,A,A,1
2024-12-18,LaLiga,Villarreal,Vallecano,0.5797,0.2317,0.1886,H,D,0
2024-12-18,Ligue1,Monaco,Paris SG,0.2888,0.2182,0.493,A,A,1
2024-12-18,LaLiga,Espanol,Valencia,0.3784,0.2948,0.3268,H,D,0
2024-12-20,SerieA,Verona,Milan,0.1587,0.227,0.6143,A,A,1
2024-12-20,Bundesliga,Bayern Munich,RB Leipzig,0.7165,0.1602,0.1232,H,H,1
2024-12-20,LaLiga,Girona,Valladolid,0.7231,0.1702,0.1067,H,H,1
2024-12-21,Bundesliga,Stuttgart,St Pauli,0.5559,0.2651,0.179,H,A,0
2024-12-21,SerieA,Torino,Bologna,0.2791,0.2936,0.4273,A,A,1
2024-12-21,SerieA,Genoa,Napoli,0.1972,0.2938,0.5089,A,A,1
2024-12-21,Bundesliga,Ein Frankfurt,Mainz,0.4538,0.2493,0.2969,H,A,0
2024-12-21,SerieA,Lecce,Lazio,0.1849,0.2672,0.5479,A,A,1
2024-12-21,LaLiga,Barcelona,Ath Madrid,0.4774,0.232,0.2906,H,A,0
2024-12-21,Bundesliga,Hoffenheim,M'gladbach,0.3683,0.218,0.4136,A,A,1
2024-12-21,Bundesliga,Holstein Kiel,Augsburg,0.3985,0.2562,0.3453,H,H,1
2024-12-21,LaLiga,Getafe,Mallorca,0.3544,0.3562,0.2893,D,A,0
2024-12-21,LaLiga,Celta,Sociedad,0.5009,0.2567,0.2424,H,H,1
2024-12-21,LaLiga,Osasuna,Ath Bilbao,0.2263,0.3028,0.471,A,A,1
2024-12-21,EPL,Crystal Palace,Arsenal,0.2272,0.2581,0.5147,A,A,1
2024-12-21,EPL,West Ham,Brighton,0.3111,0.2349,0.4541,A,D,0
2024-12-21,EPL,Aston Villa,Man City,0.279,0.2562,0.4648,A,H,0
2024-12-21,Bundesliga,Leverkusen,Freiburg,0.6392,0.1972,0.1636,H,H,1
2024-12-21,EPL,Ipswich,Newcastle,0.0977,0.151,0.7512,A,A,1
2024-12-21,Bundesliga,Werder Bremen,Union Berlin,0.5198,0.2492,0.231,H,H,1
2024-12-21,EPL,Brentford,Nott'm Forest,0.438,0.247,0.315,H,A,0
2024-12-22,Bundesliga,Bochum,Heidenheim,0.3581,0.2781,0.3638,A,H,0
2024-12-22,LaLiga,Valencia,Alaves,0.3927,0.3215,0.2858,H,D,0
2024-12-22,LaLiga,Leganes,Villarreal,0.2237,0.2244,0.5519,A,A,1
2024-12-22,LaLiga,Real Madrid,Sevilla,0.7219,0.1709,0.1072,H,H,1
2024-12-22,LaLiga,Betis,Vallecano,0.4987,0.2633,0.238,H,D,0
2024-12-22,Bundesliga,Wolfsburg,Dortmund,0.2472,0.2169,0.5359,A,A,1
2024-12-22,LaLiga,Las Palmas,Espanol,0.2846,0.2976,0.4178,A,H,0
2024-12-22,EPL,Tottenham,Liverpool,0.1862,0.181,0.6327,A,A,1
2024-12-22,EPL,Fulham,Southampton,0.731,0.1765,0.0924,H,D,0
2024-12-22,EPL,Leicester,Wolves,0.2088,0.2451,0.5461,A,A,1
2024-12-22,EPL,Man United,Bournemouth,0.3168,0.2793,0.4039,A,A,1
2024-12-22,EPL,Everton,Chelsea,0.3055,0.3135,0.381,A,D,0
2024-12-22,SerieA,Atalanta,Empoli,0.7866,0.1425,0.0708,H,H,1
2024-12-22,SerieA,Monza,Juventus,0.1038,0.2031,0.6931,A,A,1
2024-12-22,SerieA,Roma,Parma,0.6266,0.2312,0.1422,H,H,1
2024-12-22,SerieA,Venezia,Cagliari,0.3224,0.2938,0.3838,A,H,0
2024-12-23,SerieA,Fiorentina,Udinese,0.6234,0.2186,0.158,H,A,0
2024-12-23,SerieA,Inter,Como,0.6356,0.2123,0.1521,H,H,1
2024-12-26,EPL,Liverpool,Leicester,0.8575,0.0987,0.0433,H,H,1
2024-12-26,EPL,Man City,Everton,0.5506,0.268,0.1814,H,D,0
2024-12-26,EPL,Wolves,Man United,0.395,0.2648,0.3401,H,H,1
2024-12-26,EPL,Southampton,West Ham,0.1689,0.2379,0.5932,A,A,1
2024-12-26,EPL,Nott'm Forest,Tottenham,0.5174,0.2254,0.2572,H,H,1
2024-12-26,EPL,Newcastle,Aston Villa,0.4769,0.2411,0.282,H,H,1
2024-12-26,EPL,Bournemouth,Crystal Palace,0.4095,0.2684,0.322,H,D,0
2024-12-26,EPL,Chelsea,Fulham,0.525,0.2476,0.2274,H,A,0
2024-12-27,EPL,Arsenal,Ipswich,0.8522,0.1058,0.0418,H,H,1
2024-12-27,EPL,Brighton,Brentford,0.4109,0.2259,0.3633,H,D,0
2024-12-28,SerieA,Lazio,Atalanta,0.2729,0.2427,0.4844,A,D,0
2024-12-28,SerieA,Cagliari,Inter,0.1309,0.1983,0.6708,A,A,1
2024-12-28,SerieA,Parma,Monza,0.6091,0.2343,0.1567,H,H,1
2024-12-28,SerieA,Empoli,Genoa,0.2617,0.2941,0.4443,A,A,1
2024-12-29,EPL,Leicester,Man City,0.0688,0.1493,0.7818,A,A,1
2024-12-29,SerieA,Milan,Roma,0.3286,0.2738,0.3976,A,D,0
2024-12-29,EPL,Crystal Palace,Southampton,0.7629,0.1608,0.0763,H,H,1
2024-12-29,EPL,Everton,Nott'm Forest,0.3731,0.3069,0.3201,H,A,0
2024-12-29,SerieA,Juventus,Fiorentina,0.4273,0.2718,0.3009,H,D,0
2024-12-29,SerieA,Napoli,Venezia,0.6826,0.2216,0.0958,H,H,1
2024-12-29,SerieA,Udinese,Torino,0.3233,0.3161,0.3606,A,D,0
2024-12-29,EPL,Fulham,Bournemouth,0.3581,0.2677,0.3742,A,D,0
2024-12-29,EPL,West Ham,Liverpool,0.1745,0.1981,0.6274,A,A,1
2024-12-29,EPL,Tottenham,Wolves,0.4392,0.2286,0.3322,H,D,0
2024-12-30,SerieA,Como,Lecce,0.5816,0.2594,0.159,H,H,1
2024-12-30,EPL,Ipswich,Chelsea,0.1138,0.1839,0.7023,A,H,0
2024-12-30,SerieA,Bologna,Verona,0.6389,0.2224,0.1386,H,A,0
2024-12-30,EPL,Aston Villa,Brighton,0.4674,0.2343,0.2983,H,D,0
2024-12-30,EPL,Man United,Newcastle,0.2462,0.2426,0.5112,A,A,1
2025-01-01,EPL,Brentford,Arsenal,0.2418,0.2465,0.5117,A,A,1
2025-01-03,Ligue1,Nice,Rennes,0.5456,0.226,0.2283,H,H,1
2025-01-03,LaLiga,Valencia,Real Madrid,0.1836,0.2237,0.5927,A,A,1
2025-01-04,EPL,Southampton,Brentford,0.0975,0.1706,0.7318,A,A,1
2025-01-04,Ligue1,Lille,Nantes,0.5674,0.259,0.1735,H,D,0
2025-01-04,EPL,Brighton,Arsenal,0.2264,0.2315,0.542,A,D,0
2025-01-04,EPL,Aston Villa,Leicester,0.7355,0.1744,0.09,H,H,1
2025-01-04,EPL,Bournemouth,Everton,0.3907,0.3117,0.2976,H,H,1
2025-01-04,Ligue1,Lyon,Montpellier,0.8296,0.1171,0.053,H,H,1
2025-01-04,EPL,Man City,West Ham,0.6969,0.1842,0.1189,H,H,1
2025-01-04,SerieA,Verona,Udinese,0.3256,0.3032,0.3712,A,D,0
2025-01-04,SerieA,Fiorentina,Napoli,0.2992,0.2888,0.412,A,A,1
2025-01-04,SerieA,Venezia,Empoli,0.4009,0.304,0.2951,H,D,0
2025-01-04,EPL,Crystal Palace,Chelsea,0.3314,0.27,0.3986,A,D,0
2025-01-04,Ligue1,St Etienne,Reims,0.3633,0.2794,0.3574,H,H,1
2025-01-04,EPL,Tottenham,Newcastle,0.2426,0.2064,0.5509,A,A,1
2025-01-05,Ligue1,Angers,Brest,0.2758,0.2676,0.4565,A,H,0
2025-01-05,Ligue1,Lens,Toulouse,0.4086,0.2911,0.3003,H,A,0
2025-01-05,EPL,Fulham,Ipswich,0.6811,0.1875,0.1314,H,D,0
2025-01-05,Ligue1,Marseille,Le Havre,0.7247,0.1493,0.1258,H,H,1
2025-01-05,EPL,Liverpool,Man United,0.6698,0.1891,0.1411,H,D,0
2025-01-05,SerieA,Roma,Lazio,0.5136,0.2635,0.2229,H,H,1
2025-01-05,SerieA,Torino,Parma,0.3834,0.3087,0.3079,H,D,0
2025-01-05,SerieA,Lecce,Genoa,0.2482,0.323,0.4288,A,D,0
2025-01-05,SerieA,Monza,Cagliari,0.2257,0.2644,0.5099,A,A,1
2025-01-05,Ligue1,Strasbourg,Auxerre,0.4835,0.2559,0.2605,H,H,1
2025-01-06,EPL,Wolves,Nott'm Forest,0.3213,0.2548,0.4239,A,A,1
2025-01-10,Ligue1,Nantes,Monaco,0.2116,0.2431,0.5454,A,D,0
2025-01-10,Ligue1,Auxerre,Lille,0.2963,0.2773,0.4264,A,D,0
2025-01-10,Bundesliga,Dortmund,Leverkusen,0.4004,0.224,0.3756,H,A,0
2025-01-10,SerieA,Lazio,Como,0.4434,0.2601,0.2965,H,D,0
2025-01-10,LaLiga,Vallecano,Celta,0.3318,0.274,0.3942,A,H,0
2025-01-11,LaLiga,Valladolid,Betis,0.0826,0.1432,0.7741,A,H,0
2025-01-11,LaLiga,Alaves,Girona,0.4047,0.3006,0.2947,H,A,0
2025-01-11,LaLiga,Espanol,Leganes,0.4332,0.2879,0.2789,H,D,0
2025-01-11,Bundesliga,St Pauli,Ein Frankfurt,0.2207,0.2967,0.4825,A,A,1
2025-01-11,LaLiga,Sevilla,Valencia,0.3548,0.2801,0.3651,A,D,0
2025-01-11,Bundesliga,Heidenheim,Union Berlin,0.3597,0.2898,0.3505,H,H,1
2025-01-11,Bundesliga,Hoffenheim,Wolfsburg,0.3632,0.2357,0.401,A,A,1
2025-01-11,Bundesliga,Mainz,Bochum,0.652,0.2091,0.1389,H,H,1
2025-01-11,Bundesliga,M'gladbach,Bayern Munich,0.1242,0.1488,0.7267,A,A,1
2025-01-11,Ligue1,Brest,Lyon,0.2972,0.2167,0.4861,A,H,0
2025-01-11,Bundesliga,Freiburg,Holstein Kiel,0.5473,0.2082,0.2445,H,H,1
2025-01-11,Ligue1,Reims,Nice,0.1761,0.2657,0.5582,A,A,1
2025-01-11,SerieA,Milan,Cagliari,0.6233,0.2091,0.1676,H,D,0
2025-01-11,SerieA,Torino,Juventus,0.2333,0.3069,0.4598,A,D,0
2025-01-11,SerieA,Udinese,Atalanta,0.1373,0.1999,0.6628,A,D,0
2025-01-11,SerieA,Empoli,Lecce,0.3787,0.3215,0.2998,H,A,0
2025-01-11,Ligue1,Rennes,Marseille,0.3323,0.2215,0.4462,A,A,1
2025-01-12,Ligue1,Le Havre,Lens,0.2618,0.2536,0.4846,A,A,1
2025-01-12,SerieA,Napoli,Verona,0.7021,0.2112,0.0867,H,H,1
2025-01-12,Ligue1,Montpellier,Angers,0.2308,0.3119,0.4573,A,A,1
2025-01-12,LaLiga,Ath Madrid,Osasuna,0.6296,0.2185,0.1519,H,H,1
2025-01-12,Ligue1,Paris SG,St Etienne,0.8849,0.0713,0.0404,H,H,1
2025-01-12,Ligue1,Toulouse,Strasbourg,0.3408,0.2754,0.3838,A,A,1
2025-01-12,Bundesliga,RB Leipzig,Werder Bremen,0.4639,0.2411,0.295,H,H,1
2025-01-12,Bundesliga,Augsburg,Stuttgart,0.2306,0.2486,0.5208,A,A,1
2025-01-12,SerieA,Bologna,Roma,0.2886,0.2782,0.4332,A,D,0
2025-01-12,SerieA,Venezia,Inter,0.0996,0.193,0.7074,A,A,1
2025-01-12,SerieA,Genoa,Parma,0.4128,0.2899,0.2974,H,H,1
2025-01-12,LaLiga,Las Palmas,Getafe,0.3062,0.3197,0.3742,A,A,1
2025-01-13,LaLiga,Sociedad,Villarreal,0.2292,0.2453,0.5255,A,H,0
2025-01-13,SerieA,Monza,Fiorentina,0.1117,0.1909,0.6974,A,H,0
2025-01-14,SerieA,Como,Milan,0.3307,0.2542,0.4151,A,A,1
2025-01-14,SerieA,Atalanta,Juventus,0.4899,0.2567,0.2534,H,D,0
2025-01-14,EPL,Brentford,Man City,0.2629,0.2367,0.5003,A,D,0
2025-01-14,EPL,Chelsea,Bournemouth,0.4663,0.2689,0.2648,H,D,0
2025-01-14,EPL,Nott'm Forest,Liverpool,0.2616,0.2306,0.5077,A,D,0
2025-01-14,EPL,West Ham,Fulham,0.345,0.2595,0.3956,A,H,0
2025-01-14,Bundesliga,Leverkusen,Mainz,0.5351,0.2347,0.2302,H,H,1
2025-01-14,Bundesliga,Wolfsburg,M'gladbach,0.4218,0.238,0.3402,H,H,1
2025-01-14,Bundesliga,Holstein Kiel,Dortmund,0.1597,0.1572,0.6828,A,H,0
2025-01-14,Bundesliga,Ein Frankfurt,Freiburg,0.5572,0.2214,0.2214,H,H,1
2025-01-15,SerieA,Inter,Bologna,0.605,0.2188,0.1762,H,D,0
2025-01-15,Bundesliga,Bochum,St Pauli,0.2956,0.3387,0.3656,A,H,0
2025-01-15,Bundesliga,Bayern Munich,Hoffenheim,0.8553,0.0887,0.0542,H,H,1
2025-01-15,Bundesliga,Stuttgart,RB Leipzig,0.4752,0.228,0.2968,H,H,1
2025-01-15,Bundesliga,Union Berlin,Augsburg,0.3749,0.3118,0.3133,H,A,0
2025-01-15,Bundesliga,Werder Bremen,Heidenheim,0.5628,0.2329,0.2043,H,D,0
2025-01-15,EPL,Newcastle,Wolves,0.6303,0.1971,0.1725,H,H,1
2025-01-15,EPL,Everton,Aston Villa,0.3393,0.3064,0.3543,A,A,1
2025-01-15,EPL,Leicester,Crystal Palace,0.1485,0.2223,0.6292,A,A,1
2025-01-15,EPL,Arsenal,Tottenham,0.7137,0.1712,0.1151,H,H,1
2025-01-16,EPL,Man United,Southampton,0.6776,0.2094,0.113,H,H,1
2025-01-16,EPL,Ipswich,Brighton,0.1494,0.1795,0.671,A,A,1
2025-01-17,Bundesliga,Ein Frankfurt,Dortmund,0.38,0.2235,0.3965,A,H,0
2025-01-17,LaLiga,Espanol,Valladolid,0.7196,0.1848,0.0956,H,H,1
2025-01-17,Ligue1,Lille,Nice,0.3635,0.2766,0.3599,H,H,1
2025-01-17,Ligue1,Montpellier,Monaco,0.0741,0.1524,0.7735,A,H,0
2025-01-17,SerieA,Roma,Genoa,0.5804,0.2615,0.1581,H,H,1
2025-01-18,LaLiga,Leganes,Ath Madrid,0.152,0.2224,0.6256,A,H,0
2025-01-18,LaLiga,Girona,Sevilla,0.4028,0.2612,0.336,H,A,0
2025-01-18,Ligue1,Lyon,Toulouse,0.5176,0.2333,0.2491,H,D,0
2025-01-18,EPL,Newcastle,Bournemouth,0.5062,0.2412,0.2526,H,A,0
2025-01-18,EPL,Brentford,Liverpool,0.2814,0.2192,0.4993,A,A,1
2025-01-18,EPL,West Ham,Crystal Palace,0.3041,0.2584,0.4375,A,A,1
2025-01-18,EPL,Arsenal,Aston Villa,0.5554,0.2476,0.197,H,D,0
2025-01-18,Ligue1,Rennes,Brest,0.4858,0.2255,0.2886,H,A,0
2025-01-18,Ligue1,Lens,Paris SG,0.2038,0.2261,0.5701,A,A,1
2025-01-18,LaLiga,Betis,Alaves,0.4831,0.2808,0.2362,H,A,0
2025-01-18,LaLiga,Getafe,Barcelona,0.1295,0.197,0.6735,A,D,0
2025-01-18,EPL,Leicester,Fulham,0.1742,0.2349,0.5909,A,A,1
2025-01-18,Bundesliga,Holstein Kiel,Hoffenheim,0.4,0.208,0.392,H,A,0
2025-01-18,Bundesliga,Bayern Munich,Wolfsburg,0.7785,0.1345,0.0867,H,H,1
2025-01-18,Bundesliga,Bochum,RB Leipzig,0.2008,0.2306,0.5686,A,D,0
2025-01-18,Bundesliga,Heidenheim,St Pauli,0.3246,0.3464,0.329,D,A,0
2025-01-18,SerieA,Juventus,Milan,0.4187,0.2653,0.3159,H,H,1
2025-01-18,Bundesliga,Stuttgart,Freiburg,0.5525,0.2152,0.2323,H,H,1
2025-01-18,Bundesliga,Leverkusen,M'gladbach,0.6623,0.1788,0.1588,H,H,1
2025-01-18,SerieA,Bologna,Monza,0.7422,0.1692,0.0886,H,H,1
2025-01-18,SerieA,Atalanta,Napoli,0.4021,0.2841,0.3138,H,A,0
2025-01-19,EPL,Everton,Tottenham,0.4739,0.2649,0.2613,H,H,1
2025-01-19,EPL,Man United,Brighton,0.3346,0.2474,0.418,A,A,1
2025-01-19,EPL,Nott'm Forest,Southampton,0.7581,0.1641,0.0777,H,H,1
2025-01-19,LaLiga,Real Madrid,Las Palmas,0.7797,0.1462,0.0741,H,H,1
2025-01-19,LaLiga,Valencia,Sociedad,0.4297,0.2973,0.2731,H,H,1
2025-01-19,LaLiga,Osasuna,Vallecano,0.4295,0.2944,0.2761,H,D,0
2025-01-19,Bundesliga,Werder Bremen,Augsburg,0.5027,0.2649,0.2324,H,A,0
2025-01-19,SerieA,Verona,Lazio,0.189,0.2538,0.5572,A,A,1
2025-01-19,SerieA,Inter,Empoli,0.8068,0.1345,0.0585,H,H,1
2025-01-19,EPL,Ipswich,Man City,0.0684,0.1328,0.7987,A,A,1
2025-01-19,SerieA,Parma,Venezia,0.4791,0.2818,0.2391,H,D,0
2025-01-19,SerieA,Cagliari,Lecce,0.4744,0.2937,0.2318,H,H,1
2025-01-19,SerieA,Fiorentina,Torino,0.5298,0.2697,0.2005,H,D,0
2025-01-19,Ligue1,St Etienne,Nantes,0.3386,0.2521,0.4093,A,D,0
2025-01-19,Ligue1,Angers,Auxerre,0.2575,0.2875,0.4551,A,H,0
2025-01-19,Ligue1,Reims,Le Havre,0.3878,0.2886,0.3236,H,D,0
2025-01-19,Ligue1,Marseille,Strasbourg,0.477,0.2307,0.2923,H,D,0
2025-01-19,LaLiga,Celta,Ath Bilbao,0.2471,0.2793,0.4735,A,A,1
2025-01-19,Bundesliga,Union Berlin,Mainz,0.2458,0.2709,0.4832,A,H,0
2025-01-20,EPL,Chelsea,Wolves,0.5834,0.2273,0.1893,H,H,1
2025-01-20,LaLiga,Villarreal,Mallorca,0.586,0.2402,0.1739,H,H,1
2025-01-20,SerieA,Como,Udinese,0.5467,0.2495,0.2038,H,H,1
2025-01-24,Ligue1,Auxerre,St Etienne,0.6087,0.2007,0.1906,H,D,0
2025-01-24,LaLiga,Las Palmas,Osasuna,0.2625,0.2755,0.462,A,D,0
2025-01-24,SerieA,Torino,Cagliari,0.4065,0.304,0.2896,H,H,1
2025-01-24,Bundesliga,Wolfsburg,Holstein Kiel,0.5423,0.2108,0.2469,H,D,0
2025-01-25,Bundesliga,Freiburg,Bayern Munich,0.1306,0.1666,0.7027,A,A,1
2025-01-25,Bundesliga,M'gladbach,Bochum,0.5991,0.2101,0.1907,H,H,1
2025-01-25,LaLiga,Ath Madrid,Villarreal,0.5392,0.2251,0.2357,H,D,0
2025-01-25,Bundesliga,RB Leipzig,Leverkusen,0.2857,0.2365,0.4778,A,D,0
2025-01-25,LaLiga,Mallorca,Betis,0.2787,0.2901,0.4312,A,A,1
2025-01-25,Bundesliga,Mainz,Stuttgart,0.3942,0.2448,0.361,H,H,1
2025-01-25,SerieA,Empoli,Bologna,0.1873,0.2383,0.5744,A,D,0
2025-01-25,EPL,Liverpool,Ipswich,0.8721,0.0853,0.0415,H,H,1
2025-01-25,SerieA,Como,Atalanta,0.2417,0.2408,0.5175,A,A,1
2025-01-25,Bundesliga,Dortmund,Werder Bremen,0.6022,0.1955,0.2023,H,D,0
2025-01-25,Bundesliga,Augsburg,Heidenheim,0.4155,0.3006,0.2839,H,H,1
2025-01-25,EPL,Man City,Chelsea,0.5023,0.2554,0.2423,H,H,1
2025-01-25,EPL,Wolves,Arsenal,0.1619,0.2205,0.6176,A,A,1
2025-01-25,EPL,Southampton,Newcastle,0.0672,0.1378,0.7949,A,A,1
2025-01-25,LaLiga,Sevilla,Espanol,0.3589,0.2912,0.3499,H,D,0
2025-01-25,EPL,Brighton,Everton,0.4081,0.2758,0.3161,H,A,0
2025-01-25,EPL,Bournemouth,Nott'm Forest,0.4103,0.2703,0.3194,H,H,1
2025-01-25,Ligue1,Monaco,Rennes,0.5346,0.2228,0.2425,H,H,1
2025-01-25,Ligue1,Strasbourg,Lille,0.3625,0.2855,0.3521,H,H,1
2025-01-25,Ligue1,Paris SG,Reims,0.7658,0.1577,0.0764,H,D,0
2025-01-25,SerieA,Napoli,Juventus,0.443,0.3043,0.2528,H,H,1
2025-01-25,LaLiga,Valladolid,Real Madrid,0.029,0.074,0.8958,A,A,1
2025-01-26,Bundesliga,Hoffenheim,Ein Frankfurt,0.2374,0.2062,0.5564,A,D,0
2025-01-26,Bundesliga,St Pauli,Union Berlin,0.3585,0.3531,0.2884,H,H,1
2025-01-26,SerieA,Milan,Parma,0.5954,0.2198,0.1848,H,H,1
2025-01-26,LaLiga,Sociedad,Getafe,0.3591,0.3346,0.3063,H,A,0
2025-01-26,Ligue1,Nice,Marseille,0.4605,0.2261,0.3134,H,H,1
2025-01-26,Ligue1,Toulouse,Montpellier,0.711,0.1943,0.0947,H,A,0
2025-01-26,Ligue1,Nantes,Lyon,0.2321,0.2385,0.5294,A,D,0
2025-01-26,Ligue1,Lens,Angers,0.5377,0.284,0.1783,H,H,1
2025-01-26,Ligue1,Le Havre,Brest,0.318,0.2231,0.4589,A,A,1
2025-01-26,EPL,Crystal Palace,Brentford,0.3992,0.248,0.3529,H,A,0
2025-01-26,EPL,Tottenham,Leicester,0.6597,0.1943,0.1459,H,A,0
2025-01-26,EPL,Aston Villa,West Ham,0.56,0.2344,0.2056,H,D,0
2025-01-26,LaLiga,Vallecano,Girona,0.4167,0.2832,0.3001,H,H,1
2025-01-26,SerieA,Udinese,Roma,0.1553,0.2461,0.5986,A,A,1
2025-01-26,EPL,Fulham,Man United,0.4424,0.2654,0.2921,H,A,0
2025-01-26,SerieA,Lazio,Fiorentina,0.3791,0.2577,0.3632,H,A,0
2025-01-26,LaLiga,Ath Bilbao,Leganes,0.6095,0.2567,0.1338,H,D,0
2025-01-26,LaLiga,Barcelona,Valencia,0.7412,0.1548,0.1039,H,H,1
2025-01-26,SerieA,Lecce,Inter,0.0898,0.1963,0.7139,A,A,1
2025-01-27,SerieA,Genoa,Monza,0.6102,0.2451,0.1446,H,H,1
2025-01-27,SerieA,Venezia,Verona,0.3935,0.318,0.2886,H,D,0
2025-01-27,LaLiga,Alaves,Celta,0.3252,0.2906,0.3843,A,D,0
2025-01-31,LaLiga,Leganes,Vallecano,0.3547,0.305,0.3403,H,A,0
2025-01-31,Bundesliga,Werder Bremen,Mainz,0.3518,0.2581,0.3901,A,H,0
2025-01-31,Ligue1,Montpellier,Lens,0.123,0.2359,0.6411,A,A,1
2025-01-31,SerieA,Parma,Lecce,0.4943,0.2906,0.2151,H,A,0
2025-02-01,LaLiga,Villarreal,Valladolid,0.8932,0.0732,0.0321,H,H,1
2025-02-01,LaLiga,Ath Madrid,Mallorca,0.6416,0.2384,0.12,H,H,1
2025-02-01,Ligue1,Brest,Paris SG,0.1555,0.1676,0.6768,A,A,1
2025-02-01,LaLiga,Espanol,Real Madrid,0.1777,0.2314,0.5909,A,H,0
2025-02-01,LaLiga,Getafe,Sevilla,0.3789,0.3079,0.3132,H,D,0
2025-02-01,SerieA,Udinese,Venezia,0.4207,0.2978,0.2815,H,H,1
2025-02-01,SerieA,Monza,Verona,0.2967,0.3076,0.3956,A,A,1
2025-02-01,Ligue1,Lille,St Etienne,0.7026,0.1763,0.1211,H,H,1
2025-02-01,SerieA,Atalanta,Torino,0.643,0.2237,0.1333,H,D,0
2025-02-01,EPL,Wolves,Aston Villa,0.2841,0.2487,0.4672,A,H,0
2025-02-01,EPL,Newcastle,Fulham,0.5689,0.2189,0.2122,H,A,0
2025-02-01,EPL,Ipswich,Southampton,0.488,0.2653,0.2467,H,A,0
2025-02-01,EPL,Everton,Leicester,0.6349,0.2455,0.1195,H,H,1
2025-02-01,EPL,Nott'm Forest,Brighton,0.4219,0.2396,0.3385,H,H,1
2025-02-01,Bundesliga,Union Berlin,RB Leipzig,0.2616,0.2616,0.4768,A,D,0
2025-02-01,Bundesliga,Stuttgart,M'gladbach,0.5713,0.1984,0.2303,H,A,0
2025-02-01,EPL,Bournemouth,Liverpool,0.2684,0.2375,0.4941,A,A,1
2025-02-01,Bundesliga,Heidenheim,Dortmund,0.1554,0.191,0.6535,A,A,1
2025-02-01,Bundesliga,Bochum,Freiburg,0.2552,0.2504,0.4945,A,A,1
2025-02-01,Bundesliga,Bayern Munich,Holstein Kiel,0.8887,0.0678,0.0392,H,H,1
2025-02-01,Ligue1,Monaco,Auxerre,0.5584,0.226,0.2156,H,H,1
2025-02-01,SerieA,Bologna,Como,0.448,0.2582,0.2937,H,H,1
2025-02-01,Bundesliga,St Pauli,Augsburg,0.3451,0.3724,0.2826,D,D,1
2025-02-02,LaLiga,Betis,Ath Bilbao,0.269,0.2905,0.4405,A,D,0
2025-02-02,SerieA,Milan,Inter,0.2732,0.2437,0.4831,A,D,0
2025-02-02,SerieA,Roma,Napoli,0.3606,0.3225,0.3169,H,D,0
2025-02-02,EPL,Brentford,Tottenham,0.5562,0.2053,0.2385,H,A,0
2025-02-02,EPL,Man United,Crystal Palace,0.3247,0.2719,0.4034,A,A,1
2025-02-02,EPL,Arsenal,Man City,0.4212,0.2756,0.3032,H,H,1
2025-02-02,Ligue1,Toulouse,Nice,0.2788,0.2594,0.4618,A,D,0
2025-02-02,Ligue1,Angers,Le Havre,0.3671,0.2767,0.3562,H,D,0
2025-02-02,LaLiga,Osasuna,Sociedad,0.4548,0.2879,0.2572,H,H,1
2025-02-02,Ligue1,Reims,Nantes,0.3345,0.3341,0.3313,H,A,0
2025-02-02,LaLiga,Barcelona,Alaves,0.7164,0.1822,0.1014,H,H,1
2025-02-02,SerieA,Juventus,Empoli,0.6775,0.2095,0.113,H,H,1
2025-02-02,SerieA,Fiorentina,Genoa,0.527,0.2582,0.2148,H,H,1
2025-02-02,Bundesliga,Ein Frankfurt,Wolfsburg,0.5574,0.223,0.2196,H,D,0
2025-02-02,LaLiga,Valencia,Celta,0.3662,0.2552,0.3786,A,H,0
2025-02-02,Ligue1,Rennes,Strasbourg,0.3683,0.2556,0.3761,A,H,0
2025-02-02,Ligue1,Marseille,Lyon,0.4622,0.2113,0.3266,H,H,1
2025-02-02,Bundesliga,Leverkusen,Hoffenheim,0.7295,0.1518,0.1185,H,H,1
2025-02-03,SerieA,Cagliari,Lazio,0.2648,0.2545,0.4807,A,A,1
2025-02-03,LaLiga,Girona,Las Palmas,0.4796,0.2606,0.2598,H,H,1
2025-02-03,EPL,Chelsea,West Ham,0.5894,0.2306,0.18,H,H,1
2025-02-06,SerieA,Fiorentina,Inter,0.2599,0.2486,0.4915,A,H,0
2025-02-07,Ligue1,Paris SG,Monaco,0.5875,0.199,0.2135,H,H,1
2025-02-07,Bundesliga,Bayern Munich,Werder Bremen,0.7619,0.1393,0.0986,H,H,1
2025-02-07,Ligue1,Nantes,Brest,0.3412,0.2606,0.3981,A,A,1
2025-02-07,SerieA,Como,Juventus,0.3091,0.2809,0.4099,A,A,1
2025-02-07,LaLiga,Vallecano,Valladolid,0.6911,0.2038,0.105,H,H,1
2025-02-08,SerieA,Torino,Genoa,0.3505,0.3301,0.3195,H,D,0
2025-02-08,Bundesliga,Wolfsburg,Leverkusen,0.2226,0.2247,0.5527,A,D,0
2025-02-08,LaLiga,Real Madrid,Ath Madrid,0.4176,0.2563,0.3261,H,D,0
2025-02-08,Bundesliga,Mainz,Augsburg,0.5423,0.2669,0.1908,H,D,0
2025-02-08,Bundesliga,Hoffenheim,Union Berlin,0.4427,0.2488,0.3085,H,A,0
2025-02-08,SerieA,Empoli,Milan,0.1581,0.2144,0.6275,A,A,1
2025-02-08,Bundesliga,M'gladbach,Ein Frankfurt,0.2948,0.2221,0.4831,A,D,0
2025-02-08,LaLiga,Celta,Betis,0.3942,0.2335,0.3723,H,H,1
2025-02-08,SerieA,Verona,Atalanta,0.1064,0.19,0.7036,A,A,1
2025-02-08,Bundesliga,Freiburg,Heidenheim,0.5283,0.2465,0.2252,H,H,1
2025-02-08,LaLiga,Ath Bilbao,Girona,0.6273,0.2376,0.1351,H,H,1
2025-02-08,LaLiga,Las Palmas,Villarreal,0.1717,0.2097,0.6186,A,A,1
2025-02-08,Ligue1,Nice,Lens,0.509,0.2611,0.23,H,H,1
2025-02-08,Ligue1,Lille,Le Havre,0.6495,0.203,0.1475,H,A,0
2025-02-08,Ligue1,St Etienne,Rennes,0.2285,0.2038,0.5677,A,A,1
2025-02-08,Bundesliga,Dortmund,Stuttgart,0.5157,0.2049,0.2794,H,A,0
2025-02-09,SerieA,Lazio,Monza,0.7372,0.1723,0.0904,H,H,1
2025-02-09,SerieA,Cagliari,Parma,0.3783,0.2732,0.3486,H,H,1
2025-02-09,SerieA,Venezia,Roma,0.1351,0.2492,0.6157,A,A,1
2025-02-09,SerieA,Lecce,Bologna,0.1827,0.2644,0.5529,A,D,0
2025-02-09,SerieA,Napoli,Udinese,0.6702,0.2197,0.1101,H,D,0
2025-02-09,LaLiga,Alaves,Getafe,0.3647,0.3561,0.2792,H,A,0
2025-02-09,Ligue1,Strasbourg,Montpellier,0.7689,0.161,0.0701,H,H,1
2025-02-09,Ligue1,Angers,Marseille,0.1698,0.2188,0.6114,A,A,1
2025-02-09,Bundesliga,RB Leipzig,St Pauli,0.4957,0.3002,0.204,H,H,1
2025-02-09,Bundesliga,Holstein Kiel,Bochum,0.5045,0.2232,0.2722,H,D,0
2025-02-09,Ligue1,Auxerre,Toulouse,0.3893,0.2714,0.3393,H,D,0
2025-02-09,LaLiga,Sevilla,Barcelona,0.1216,0.1653,0.7131,A,A,1
2025-02-09,LaLiga,Valencia,Leganes,0.4521,0.275,0.273,H,H,1
2025-02-09,Ligue1,Lyon,Reims,0.6177,0.2296,0.1527,H,H,1
2025-02-09,LaLiga,Sociedad,Espanol,0.3406,0.316,0.3433,A,H,0
2025-02-10,SerieA,Inter,Fiorentina,0.5758,0.2278,0.1964,H,H,1
2025-02-10,LaLiga,Mallorca,Osasuna,0.3138,0.3172,0.3689,A,D,0
2025-02-12,EPL,Everton,Liverpool,0.2509,0.2673,0.4818,A,D,0
2025-02-14,SerieA,Bologna,Torino,0.5022,0.278,0.2198,H,H,1
2025-02-14,Ligue1,Brest,Auxerre,0.4018,0.2437,0.3545,H,D,0
2025-02-14,Bundesliga,Augsburg,RB Leipzig,0.2615,0.2771,0.4614,A,D,0
2025-02-14,EPL,Brighton,Chelsea,0.3392,0.2456,0.4152,A,H,0
2025-02-14,LaLiga,Girona,Getafe,0.3845,0.2924,0.3231,H,A,0
2025-02-15,Ligue1,Marseille,St Etienne,0.7779,0.1238,0.0975,H,H,1
2025-02-15,Ligue1,Monaco,Nantes,0.6264,0.2166,0.1569,H,H,1
2025-02-15,EPL,Leicester,Arsenal,0.0652,0.157,0.7778,A,A,1
2025-02-15,EPL,Fulham,Nott'm Forest,0.3685,0.2622,0.3693,A,H,0
2025-02-15,EPL,Man City,Newcastle,0.5053,0.2358,0.259,H,H,1
2025-02-15,EPL,Southampton,Bournemouth,0.1089,0.2025,0.6886,A,A,1
2025-02-15,EPL,West Ham,Brentford,0.2908,0.2415,0.4676,A,A,1
2025-02-15,EPL,Crystal Palace,Everton,0.3914,0.3033,0.3053,H,A,0
2025-02-15,EPL,Aston Villa,Ipswich,0.7515,0.1573,0.0911,H,D,0
2025-02-15,Ligue1,Toulouse,Paris SG,0.1858,0.2063,0.6079,A,A,1
2025-02-15,LaLiga,Villarreal,Valencia,0.5741,0.2194,0.2065,H,D,0
2025-02-15,SerieA,Atalanta,Cagliari,0.7176,0.1726,0.1098,H,D,0
2025-02-15,Bundesliga,Leverkusen,Bayern Munich,0.2951,0.2196,0.4852,A,D,0
2025-02-15,Bundesliga,Union Berlin,M'gladbach,0.3272,0.2544,0.4184,A,A,1
2025-02-15,Bundesliga,Stuttgart,Wolfsburg,0.5529,0.2167,0.2304,H,A,0
2025-02-15,Bundesliga,St Pauli,Freiburg,0.3067,0.3271,0.3662,A,A,1
2025-02-15,Bundesliga,Bochum,Dortmund,0.1268,0.1693,0.7038,A,H,0
2025-02-15,SerieA,Lazio,Napoli,0.2727,0.2867,0.4406,A,D,0
2025-02-15,LaLiga,Leganes,Alaves,0.3452,0.3234,0.3314,H,D,0
2025-02-15,LaLiga,Osasuna,Real Madrid,0.1992,0.2257,0.575,A,D,0
2025-02-15,LaLiga,Ath Madrid,Celta,0.6364,0.2014,0.1622,H,D,0
2025-02-15,SerieA,Milan,Verona,0.6901,0.1952,0.1146,H,H,1
2025-02-16,LaLiga,Espanol,Ath Bilbao,0.2029,0.3145,0.4826,A,D,0
2025-02-16,LaLiga,Valladolid,Sevilla,0.151,0.2155,0.6335,A,A,1
2025-02-16,LaLiga,Mallorca,Las Palmas,0.4302,0.3215,0.2483,H,H,1
2025-02-16,LaLiga,Betis,Sociedad,0.5261,0.2548,0.2192,H,H,1
2025-02-16,EPL,Tottenham,Man United,0.415,0.2459,0.3391,H,H,1
2025-02-16,SerieA,Parma,Roma,0.1899,0.2593,0.5508,A,A,1
2025-02-16,SerieA,Udinese,Empoli,0.4517,0.2816,0.2667,H,H,1
2025-02-16,SerieA,Monza,Lecce,0.2965,0.324,0.3795,A,D,0
2025-02-16,SerieA,Juventus,Inter,0.2798,0.2739,0.4463,A,H,0
2025-02-16,EPL,Liverpool,Wolves,0.7057,0.1657,0.1285,H,H,1
2025-02-16,Bundesliga,Heidenheim,Mainz,0.2201,0.2556,0.5243,A,A,1
2025-02-16,Bundesliga,Ein Frankfurt,Holstein Kiel,0.701,0.1582,0.1406,H,H,1
2025-02-16,Bundesliga,Werder Bremen,Hoffenheim,0.5327,0.2138,0.2535,H,A,0
2025-02-16,Ligue1,Montpellier,Lyon,0.081,0.1512,0.7677,A,A,1
2025-02-16,Ligue1,Le Havre,Nice,0.1705,0.1958,0.6337,A,A,1
2025-02-16,Ligue1,Lens,Strasbourg,0.354,0.2895,0.3565,A,A,1
2025-02-16,Ligue1,Reims,Angers,0.377,0.3489,0.2741,H,A,0
2025-02-16,Ligue1,Rennes,Lille,0.3295,0.2676,0.4029,A,A,1
2025-02-16,SerieA,Fiorentina,Como,0.4781,0.2532,0.2687,H,A,0
2025-02-17,SerieA,Genoa,Venezia,0.4851,0.2959,0.219,H,H,1
2025-02-17,LaLiga,Barcelona,Vallecano,0.7384,0.1646,0.097,H,H,1
2025-02-19,EPL,Aston Villa,Liverpool,0.2996,0.2368,0.4635,A,D,0
2025-02-21,EPL,Leicester,Brentford,0.1351,0.1984,0.6665,A,A,1
2025-02-21,LaLiga,Celta,Osasuna,0.4419,0.2469,0.3112,H,H,1
2025-02-21,Bundesliga,Freiburg,Werder Bremen,0.3887,0.2488,0.3625,H,H,1
2025-02-21,Ligue1,Rennes,Reims,0.5335,0.2677,0.1988,H,H,1
2025-02-21,SerieA,Lecce,Udinese,0.3135,0.3182,0.3682,A,A,1
2025-02-22,Bundesliga,Holstein Kiel,Leverkusen,0.1434,0.1603,0.6961,A,A,1
2025-02-22,Ligue1,St Etienne,Angers,0.3993,0.266,0.3348,H,D,0
2025-02-22,Ligue1,Auxerre,Marseille,0.2961,0.2279,0.476,A,H,0
2025-02-22,EPL,Everton,Man United,0.4357,0.3084,0.2558,H,D,0
2025-02-22,EPL,Arsenal,West Ham,0.6976,0.1915,0.1109,H,A,0
2025-02-22,EPL,Bournemouth,Wolves,0.5117,0.2459,0.2424,H,A,0
2025-02-22,EPL,Fulham,Crystal Palace,0.3673,0.2603,0.3724,A,A,1
2025-02-22,EPL,Ipswich,Tottenham,0.2126,0.2067,0.5807,A,A,1
2025-02-22,Ligue1,Lille,Monaco,0.3839,0.2683,0.3478,H,H,1
2025-02-22,SerieA,Parma,Bologna,0.2826,0.2589,0.4585,A,H,0
2025-02-22,SerieA,Venezia,Lazio,0.2058,0.2606,0.5336,A,D,0
2025-02-22,Bundesliga,Mainz,St Pauli,0.4968,0.3112,0.192,H,H,1
2025-02-22,SerieA,Torino,Milan,0.2479,0.277,0.4751,A,H,0
2025-02-22,Bundesliga,Dortmund,Union Berlin,0.6913,0.1798,0.1288,H,H,1
2025-02-22,LaLiga,Alaves,Espanol,0.3493,0.3374,0.3133,H,A,0
2025-02-22,LaLiga,Vallecano,Villarreal,0.2493,0.2534,0.4973,A,A,1
2025-02-22,LaLiga,Valencia,Ath Madrid,0.1893,0.2441,0.5666,A,A,1
2025-02-22,LaLiga,Las Palmas,Barcelona,0.083,0.1405,0.7764,A,A,1
2025-02-22,EPL,Southampton,Brighton,0.1035,0.1675,0.7289,A,A,1
2025-02-22,EPL,Aston Villa,Chelsea,0.3668,0.2721,0.3611,H,H,1
2025-02-22,Bundesliga,Wolfsburg,Bochum,0.5729,0.2323,0.1948,H,D,0
2025-02-22,Bundesliga,M'gladbach,Augsburg,0.4874,0.2572,0.2554,H,A,0
2025-02-22,SerieA,Inter,Genoa,0.6727,0.2079,0.1194,H,H,1
2025-02-23,Bundesliga,Bayern Munich,Ein Frankfurt,0.6675,0.1748,0.1576,H,H,1
2025-02-23,Bundesliga,Hoffenheim,Stuttgart,0.2495,0.2006,0.5498,A,D,0
2025-02-23,EPL,Newcastle,Nott'm Forest,0.52,0.2339,0.246,H,H,1
2025-02-23,EPL,Man City,Liverpool,0.4421,0.2388,0.3191,H,A,0
2025-02-23,Bundesliga,RB Leipzig,Heidenheim,0.6012,0.2235,0.1753,H,D,0
2025-02-23,Ligue1,Strasbourg,Brest,0.5215,0.2315,0.247,H,D,0
2025-02-23,LaLiga,Sociedad,Leganes,0.3892,0.3009,0.3099,H,H,1
2025-02-23,LaLiga,Getafe,Betis,0.2851,0.2812,0.4337,A,A,1
2025-02-23,Ligue1,Nantes,Lens,0.2807,0.3004,0.4189,A,H,0
2025-02-23,LaLiga,Real Madrid,Girona,0.7465,0.1536,0.0998,H,H,1
2025-02-23,Ligue1,Le Havre,Toulouse,0.2825,0.2448,0.4727,A,A,1
2025-02-23,SerieA,Como,Napoli,0.2444,0.2868,0.4689,A,H,0
2025-02-23,SerieA,Verona,Fiorentina,0.1684,0.2411,0.5905,A,H,0
2025-02-23,SerieA,Empoli,Atalanta,0.1043,0.1772,0.7185,A,A,1
2025-02-23,SerieA,Cagliari,Juventus,0.2167,0.26,0.5233,A,A,1
2025-02-23,LaLiga,Ath Bilbao,Valladolid,0.8458,0.1187,0.0354,H,H,1
2025-02-23,Ligue1,Nice,Montpellier,0.8336,0.1198,0.0465,H,H,1
2025-02-23,Ligue1,Lyon,Paris SG,0.2622,0.2033,0.5344,A,A,1
2025-02-24,LaLiga,Sevilla,Mallorca,0.3783,0.3178,0.3039,H,D,0
2025-02-24,SerieA,Roma,Monza,0.7964,0.1484,0.0552,H,H,1
2025-02-25,EPL,Wolves,Fulham,0.3626,0.2527,0.3847,A,A,1
2025-02-25,EPL,Chelsea,Southampton,0.8076,0.1379,0.0544,H,H,1
2025-02-25,EPL,Brighton,Bournemouth,0.4119,0.2451,0.343,H,H,1
2025-02-25,EPL,Crystal Palace,Aston Villa,0.37,0.2637,0.3663,H,H,1
2025-02-26,EPL,Liverpool,Newcastle,0.5047,0.2183,0.277,H,H,1
2025-02-26,EPL,Brentford,Everton,0.4189,0.2847,0.2964,H,D,0
2025-02-26,EPL,Man United,Ipswich,0.6251,0.217,0.1579,H,H,1
2025-02-26,EPL,Nott'm Forest,Arsenal,0.2255,0.2598,0.5148,A,D,0
2025-02-26,EPL,Tottenham,Man City,0.1773,0.1961,0.6265,A,A,1
2025-02-27,SerieA,Bologna,Milan,0.3725,0.2492,0.3783,A,H,0
2025-02-27,EPL,West Ham,Leicester,0.6023,0.2324,0.1653,H,H,1
2025-02-28,Bundesliga,Stuttgart,Bayern Munich,0.2084,0.1884,0.6032,A,A,1
2025-02-28,Ligue1,Monaco,Reims,0.6273,0.2331,0.1396,H,H,1
2025-02-28,LaLiga,Valladolid,Las Palmas,0.2063,0.2547,0.539,A,D,0
2025-02-28,SerieA,Fiorentina,Lecce,0.6536,0.2237,0.1227,H,H,1
2025-03-01,LaLiga,Girona,Celta,0.3201,0.2357,0.4441,A,D,0
2025-03-01,SerieA,Atalanta,Venezia,0.7519,0.1654,0.0827,H,D,0
2025-03-01,SerieA,Napoli,Inter,0.3386,0.2973,0.3641,A,D,0
2025-03-01,SerieA,Udinese,Parma,0.3434,0.2808,0.3758,A,H,0
2025-03-01,Bundesliga,Ein Frankfurt,Leverkusen,0.3426,0.2362,0.4212,A,A,1
2025-03-01,Bundesliga,Werder Bremen,Wolfsburg,0.4479,0.2467,0.3054,H,A,0
2025-03-01,Bundesliga,St Pauli,Dortmund,0.1909,0.2649,0.5442,A,A,1
2025-03-01,Bundesliga,RB Leipzig,Mainz,0.3911,0.2616,0.3472,H,A,0
2025-03-01,Ligue1,Paris SG,Lille,0.5788,0.221,0.2001,H,H,1
2025-03-01,Bundesliga,Heidenheim,M'gladbach,0.2956,0.2444,0.4599,A,A,1
2025-03-01,Ligue1,Lens,Le Havre,0.5678,0.2333,0.1989,H,A,0
2025-03-01,LaLiga,Ath Madrid,Ath Bilbao,0.4024,0.3166,0.281,H,H,1
2025-03-01,LaLiga,Betis,Real Madrid,0.2417,0.2222,0.5361,A,H,0
2025-03-01,LaLiga,Vallecano,Sevilla,0.4006,0.2992,0.3002,H,D,0
2025-03-01,Bundesliga,Bochum,Hoffenheim,0.3131,0.2387,0.4482,A,A,1
2025-03-01,Ligue1,St Etienne,Nice,0.1398,0.1709,0.6892,A,A,1
2025-03-02,SerieA,Bologna,Cagliari,0.5691,0.2321,0.1988,H,H,1
2025-03-02,SerieA,Genoa,Empoli,0.5188,0.2762,0.205,H,D,0
2025-03-02,SerieA,Roma,Como,0.5421,0.2601,0.1978,H,H,1
2025-03-02,SerieA,Milan,Lazio,0.4663,0.2437,0.2899,H,A,0
2025-03-02,SerieA,Monza,Torino,0.2029,0.2971,0.5,A,A,1
2025-03-02,Bundesliga,Augsburg,Freiburg,0.3177,0.2879,0.3944,A,D,0
2025-03-02,Ligue1,Montpellier,Rennes,0.1174,0.1957,0.6869,A,A,1
2025-03-02,LaLiga,Osasuna,Valencia,0.4199,0.2758,0.3043,H,D,0
2025-03-02,LaLiga,Mallorca,Alaves,0.3258,0.3702,0.3039,D,D,1
2025-03-02,LaLiga,Barcelona,Sociedad,0.7634,0.1514,0.0851,H,H,1
2025-03-02,LaLiga,Leganes,Getafe,0.3673,0.3117,0.321,H,H,1
2025-03-02,Ligue1,Lyon,Brest,0.5817,0.1984,0.2199,H,H,1
2025-03-02,Ligue1,Angers,Toulouse,0.2456,0.2944,0.4601,A,A,1
2025-03-02,Ligue1,Auxerre,Strasbourg,0.3314,0.2664,0.4022,A,A,1
2025-03-02,Ligue1,Marseille,Nantes,0.6413,0.1995,0.1592,H,H,1
2025-03-02,Bundesliga,Union Berlin,Holstein Kiel,0.4326,0.2415,0.3259,H,A,0
2025-03-03,SerieA,Juventus,Verona,0.6619,0.2237,0.1143,H,H,1
2025-03-07,Bundesliga,M'gladbach,Mainz,0.3289,0.2443,0.4269,A,A,1
2025-03-07,SerieA,Cagliari,Genoa,0.3458,0.2909,0.3633,A,D,0
2025-03-07,Ligue1,Toulouse,Monaco,0.2953,0.2541,0.4506,A,D,0
2025-03-08,Ligue1,Rennes,Paris SG,0.1971,0.1932,0.6097,A,A,1
2025-03-08,Ligue1,Lille,Montpellier,0.7745,0.1627,0.0628,H,H,1
2025-03-08,Ligue1,Marseille,Lens,0.5083,0.239,0.2527,H,A,0
2025-03-08,Bundesliga,Leverkusen,Werder Bremen,0.6166,0.2013,0.1821,H,A,0
2025-03-08,SerieA,Como,Venezia,0.5696,0.2535,0.1769,H,D,0
2025-03-08,SerieA,Inter,Monza,0.8704,0.0956,0.0337,H,H,1
2025-03-08,LaLiga,Celta,Leganes,0.5262,0.2357,0.2381,H,H,1
2025-03-08,SerieA,Lecce,Milan,0.1564,0.2398,0.6038,A,A,1
2025-03-08,LaLiga,Valencia,Valladolid,0.7438,0.1679,0.0883,H,H,1
2025-03-08,Bundesliga,Wolfsburg,St Pauli,0.4292,0.3212,0.2496,H,D,0
2025-03-08,LaLiga,Alaves,Villarreal,0.2475,0.27,0.4825,A,H,0
2025-03-08,SerieA,Parma,Torino,0.3744,0.3093,0.3162,H,D,0
2025-03-08,EPL,Brentford,Aston Villa,0.3957,0.249,0.3553,H,A,0
2025-03-08,EPL,Liverpool,Southampton,0.8971,0.0742,0.0277,H,H,1
2025-03-08,EPL,Crystal Palace,Ipswich,0.7184,0.1725,0.109,H,H,1
2025-03-08,EPL,Brighton,Fulham,0.4721,0.2308,0.297,H,H,1
2025-03-08,Bundesliga,Holstein Kiel,Stuttgart,0.2133,0.1824,0.6042,A,D,0
2025-03-08,Bundesliga,Dortmund,Augsburg,0.6699,0.196,0.1341,H,A,0
2025-03-08,EPL,Nott'm Forest,Man City,0.2448,0.2493,0.5058,A,H,0
2025-03-08,Bundesliga,Freiburg,RB Leipzig,0.3447,0.2517,0.4036,A,D,0
2025-03-08,Bundesliga,Bayern Munich,Bochum,0.887,0.0773,0.0344,H,A,0
2025-03-08,EPL,Wolves,Everton,0.3152,0.2951,0.3898,A,D,0
2025-03-09,SerieA,Juventus,Atalanta,0.3228,0.2682,0.4089,A,A,1
2025-03-09,Ligue1,Brest,Angers,0.5371,0.2499,0.213,H,H,1
2025-03-09,SerieA,Empoli,Roma,0.1222,0.2253,0.6524,A,A,1
2025-03-09,SerieA,Napoli,Fiorentina,0.488,0.2755,0.2365,H,H,1
2025-03-09,SerieA,Verona,Bologna,0.1866,0.2511,0.5623,A,A,1
2025-03-09,Bundesliga,Ein Frankfurt,Union Berlin,0.6238,0.2148,0.1614,H,A,0
2025-03-09,Bundesliga,Hoffenheim,Heidenheim,0.4855,0.2375,0.277,H,D,0
2025-03-09,Ligue1,Nantes,Strasbourg,0.2528,0.2742,0.473,A,A,1
2025-03-09,Ligue1,Le Havre,St Etienne,0.4866,0.2134,0.2999,H,D,0
2025-03-09,EPL,Tottenham,Bournemouth,0.3255,0.2419,0.4326,A,D,0
2025-03-09,Ligue1,Nice,Lyon,0.4745,0.2307,0.2948,H,A,0
2025-03-09,EPL,Man United,Arsenal,0.1716,0.2458,0.5826,A,D,0
2025-03-09,LaLiga,Ath Bilbao,Mallorca,0.5501,0.3112,0.1387,H,D,0
2025-03-09,LaLiga,Sociedad,Sevilla,0.3795,0.2987,0.3218,H,A,0
2025-03-09,LaLiga,Betis,Las Palmas,0.6169,0.2179,0.1652,H,H,1
2025-03-09,Ligue1,Reims,Auxerre,0.2769,0.3063,0.4167,A,A,1
2025-03-09,LaLiga,Real Madrid,Vallecano,0.6712,0.2058,0.1229,H,H,1
2025-03-09,LaLiga,Getafe,Ath Madrid,0.1623,0.2599,0.5778,A,H,0
2025-03-09,EPL,Chelsea,Leicester,0.7554,0.167,0.0776,H,H,1
2025-03-10,EPL,West Ham,Newcastle,0.2242,0.2252,0.5506,A,A,1
2025-03-10,SerieA,Lazio,Udinese,0.5891,0.232,0.1789,H,D,0
2025-03-10,LaLiga,Espanol,Girona,0.4401,0.2709,0.289,H,D,0
2025-03-14,Ligue1,Nice,Auxerre,0.5678,0.229,0.2032,H,D,0
2025-03-14,Bundesliga,St Pauli,Hoffenheim,0.3683,0.3013,0.3304,H,H,1
2025-03-14,SerieA,Genoa,Lecce,0.4977,0.3052,0.1972,H,H,1
2025-03-14,LaLiga,Las Palmas,Alaves,0.2873,0.3297,0.3829,A,D,0
2025-03-15,LaLiga,Girona,Valencia,0.3558,0.2659,0.3783,A,D,0
2025-03-15,LaLiga,Villarreal,Real Madrid,0.3065,0.2245,0.469,A,A,1
2025-03-15,LaLiga,Mallorca,Espanol,0.3309,0.337,0.3322,D,H,0
2025-03-15,LaLiga,Valladolid,Celta,0.0945,0.1507,0.7547,A,A,1
2025-03-15,SerieA,Torino,Empoli,0.4833,0.2998,0.2169,H,H,1
2025-03-15,SerieA,Udinese,Verona,0.4431,0.2948,0.2621,H,A,0
2025-03-15,Bundesliga,Augsburg,Wolfsburg,0.3187,0.2906,0.3907,A,H,0
2025-03-15,Bundesliga,Mainz,Freiburg,0.4972,0.2502,0.2527,H,D,0
2025-03-15,Bundesliga,Union Berlin,Bayern Munich,0.0913,0.1519,0.7567,A,D,0
2025-03-15,Bundesliga,Werder Bremen,M'gladbach,0.4605,0.2279,0.3116,H,A,0
2025-03-15,EPL,Everton,West Ham,0.4703,0.2904,0.2394,H,D,0
2025-03-15,EPL,Ipswich,Nott'm Forest,0.1566,0.2077,0.6357,A,A,1
2025-03-15,EPL,Man City,Brighton,0.62,0.1993,0.1806,H,D,0
2025-03-15,SerieA,Monza,Parma,0.2082,0.2604,0.5315,A,D,0
2025-03-15,EPL,Bournemouth,Brentford,0.4009,0.2548,0.3442,H,A,0
2025-03-15,Ligue1,Angers,Monaco,0.1665,0.2371,0.5965,A,A,1
2025-03-15,Ligue1,Nantes,Lille,0.2256,0.2822,0.4922,A,H,0
2025-03-15,EPL,Southampton,Wolves,0.1588,0.2239,0.6173,A,A,1
2025-03-15,Bundesliga,RB Leipzig,Dortmund,0.3172,0.2262,0.4566,A,H,0
2025-03-15,SerieA,Milan,Como,0.5,0.2427,0.2573,H,H,1
2025-03-15,Ligue1,Lens,Rennes,0.4048,0.271,0.3242,H,H,1
2025-03-16,LaLiga,Ath Madrid,Barcelona,0.3723,0.2391,0.3886,A,A,1
2025-03-16,LaLiga,Vallecano,Sociedad,0.3893,0.3245,0.2862,H,D,0
2025-03-16,LaLiga,Osasuna,Getafe,0.4417,0.2987,0.2596,H,A,0
2025-03-16,LaLiga,Sevilla,Ath Bilbao,0.1835,0.2859,0.5306,A,A,1
2025-03-16,LaLiga,Leganes,Betis,0.2808,0.251,0.4682,A,A,1
2025-03-16,SerieA,Venezia,Napoli,0.1299,0.2554,0.6147,A,D,0
2025-03-16,SerieA,Bologna,Lazio,0.4152,0.2565,0.3283,H,H,1
2025-03-16,SerieA,Roma,Cagliari,0.6521,0.2189,0.1289,H,H,1
2025-03-16,Bundesliga,Bochum,Ein Frankfurt,0.1607,0.2037,0.6356,A,A,1
2025-03-16,Ligue1,Lyon,Le Havre,0.6965,0.1635,0.1398,H,H,1
2025-03-16,SerieA,Fiorentina,Juventus,0.3739,0.2755,0.3505,H,H,1
2025-03-16,SerieA,Atalanta,Inter,0.3664,0.2554,0.3782,A,A,1
2025-03-16,Ligue1,Paris SG,Marseille,0.6191,0.1792,0.2015,H,H,1
2025-03-16,Ligue1,Strasbourg,Toulouse,0.4624,0.2669,0.2707,H,H,1
2025-03-16,Ligue1,Montpellier,St Etienne,0.2437,0.2432,0.5131,A,A,1
2025-03-16,EPL,Arsenal,Chelsea,0.5106,0.2662,0.2232,H,H,1
2025-03-16,EPL,Fulham,Tottenham,0.475,0.2289,0.296,H,H,1
2025-03-16,EPL,Leicester,Man United,0.2008,0.2624,0.5369,A,A,1
2025-03-16,Ligue1,Brest,Reims,0.4944,0.271,0.2346,H,D,0
2025-03-16,Bundesliga,Stuttgart,Leverkusen,0.331,0.226,0.443,A,A,1
2025-03-16,Bundesliga,Heidenheim,Holstein Kiel,0.3981,0.238,0.3639,H,H,1
2025-03-27,LaLiga,Barcelona,Osasuna,0.7263,0.1592,0.1143,H,H,1
2025-03-28,Bundesliga,Leverkusen,Bochum,0.7821,0.14,0.0777,H,H,1
2025-03-28,Ligue1,Strasbourg,Lyon,0.3894,0.2447,0.3659,H,H,1
2025-03-29,Ligue1,Monaco,Nice,0.4006,0.2469,0.3524,H,H,1
2025-03-29,Ligue1,St Etienne,Paris SG,0.0689,0.1016,0.8282,A,A,1
2025-03-29,Bundesliga,Hoffenheim,Augsburg,0.4298,0.2627,0.3075,H,D,0
2025-03-29,LaLiga,Alaves,Vallecano,0.3549,0.3492,0.2959,H,A,0
2025-03-29,LaLiga,Real Madrid,Leganes,0.73,0.1683,0.1017,H,H,1
2025-03-29,Ligue1,Reims,Marseille,0.1916,0.2422,0.5662,A,H,0
2025-03-29,Bundesliga,Bayern Munich,St Pauli,0.7483,0.1754,0.0762,H,H,1
2025-03-29,LaLiga,Espanol,Ath Madrid,0.183,0.2526,0.5644,A,D,0
2025-03-29,Bundesliga,Holstein Kiel,Werder Bremen,0.2968,0.2142,0.489,A,A,1
2025-03-29,Bundesliga,M'gladbach,RB Leipzig,0.3508,0.2348,0.4145,A,H,0
2025-03-29,LaLiga,Sociedad,Valladolid,0.672,0.2119,0.1161,H,H,1
2025-03-29,Bundesliga,Ein Frankfurt,Stuttgart,0.4477,0.225,0.3273,H,H,1
2025-03-29,SerieA,Lecce,Roma,0.1217,0.255,0.6233,A,A,1
2025-03-29,SerieA,Juventus,Genoa,0.5309,0.2735,0.1957,H,H,1
2025-03-29,SerieA,Venezia,Bologna,0.2034,0.258,0.5386,A,A,1
2025-03-29,SerieA,Como,Empoli,0.606,0.2323,0.1617,H,D,0
2025-03-29,Bundesliga,Wolfsburg,Heidenheim,0.5234,0.2496,0.227,H,A,0
2025-03-30,Bundesliga,Freiburg,Union Berlin,0.4863,0.2614,0.2523,H,A,0
2025-03-30,Bundesliga,Dortmund,Mainz,0.5186,0.2261,0.2554,H,H,1
2025-03-30,LaLiga,Betis,Sevilla,0.5422,0.2337,0.2242,H,H,1
2025-03-30,LaLiga,Valencia,Mallorca,0.414,0.3178,0.2683,H,H,1
2025-03-30,LaLiga,Ath Bilbao,Osasuna,0.5428,0.2808,0.1764,H,D,0
2025-03-30,LaLiga,Barcelona,Girona,0.8104,0.1157,0.0733,H,H,1
2025-03-30,LaLiga,Getafe,Villarreal,0.2334,0.2555,0.511,A,A,1
2025-03-30,Ligue1,Toulouse,Brest,0.4492,0.2471,0.3037,H,A,0
2025-03-30,Ligue1,Angers,Rennes,0.2346,0.2669,0.4986,A,A,1
2025-03-30,SerieA,Napoli,Milan,0.4819,0.27,0.2482,H,H,1
2025-03-30,Ligue1,Lille,Lens,0.4507,0.294,0.2552,H,H,1
2025-03-30,Ligue1,Le Havre,Nantes,0.3748,0.2624,0.3627,H,H,1
2025-03-30,SerieA,Cagliari,Monza,0.5884,0.2404,0.1712,H,H,1
2025-03-30,Ligue1,Auxerre,Montpellier,0.7114,0.1902,0.0984,H,H,1
2025-03-30,SerieA,Fiorentina,Atalanta,0.3028,0.246,0.4512,A,H,0
2025-03-30,SerieA,Inter,Udinese,0.7617,0.1585,0.0798,H,H,1
2025-03-31,LaLiga,Celta,Las Palmas,0.5923,0.2229,0.1848,H,D,0
2025-03-31,SerieA,Lazio,Torino,0.4974,0.2805,0.2221,H,D,0
2025-03-31,SerieA,Verona,Parma,0.2809,0.2921,0.427,A,D,0
2025-04-01,EPL,Arsenal,Fulham,0.6393,0.2155,0.1451,H,H,1
2025-04-01,EPL,Nott'm Forest,Man United,0.4793,0.2634,0.2572,H,H,1
2025-04-01,EPL,Wolves,West Ham,0.429,0.2523,0.3187,H,H,1
2025-04-02,EPL,Bournemouth,Ipswich,0.7132,0.1785,0.1083,H,A,0
2025-04-02,EPL,Man City,Leicester,0.8394,0.1153,0.0451,H,H,1
2025-04-02,EPL,Newcastle,Brentford,0.5133,0.2224,0.2643,H,H,1
2025-04-02,EPL,Southampton,Crystal Palace,0.1098,0.1957,0.6945,A,D,0
2025-04-02,EPL,Liverpool,Everton,0.5614,0.2464,0.1921,H,H,1
2025-04-02,EPL,Brighton,Aston Villa,0.3805,0.2402,0.3793,H,A,0
2025-04-03,EPL,Chelsea,Tottenham,0.597,0.2102,0.1928,H,H,1
2025-04-04,Ligue1,Nice,Nantes,0.6326,0.2192,0.1482,H,A,0
2025-04-04,SerieA,Genoa,Udinese,0.4621,0.2872,0.2507,H,H,1
2025-04-04,Bundesliga,Augsburg,Bayern Munich,0.0969,0.1683,0.7347,A,A,1
2025-04-04,LaLiga,Vallecano,Espanol,0.3601,0.3182,0.3217,H,A,0
2025-04-05,LaLiga,Barcelona,Betis,0.6955,0.1628,0.1416,H,D,0
2025-04-05,LaLiga,Mallorca,Celta,0.3048,0.288,0.4072,A,A,1
2025-04-05,Ligue1,Paris SG,Angers,0.8068,0.1309,0.0622,H,H,1
2025-04-05,Ligue1,Brest,Monaco,0.2698,0.2217,0.5085,A,H,0
2025-04-05,Ligue1,Lyon,Lille,0.4064,0.2564,0.3371,H,H,1
2025-04-05,EPL,Aston Villa,Nott'm Forest,0.4477,0.2601,0.2922,H,H,1
2025-04-05,EPL,West Ham,Bournemouth,0.2969,0.2653,0.4377,A,D,0
2025-04-05,EPL,Ipswich,Wolves,0.2211,0.2276,0.5512,A,A,1
2025-04-05,EPL,Crystal Palace,Brighton,0.4255,0.2376,0.3369,H,H,1
2025-04-05,Bundesliga,Bochum,Stuttgart,0.1677,0.198,0.6343,A,A,1
2025-04-05,EPL,Everton,Arsenal,0.2158,0.3028,0.4814,A,D,0
2025-04-05,Bundesliga,Heidenheim,Leverkusen,0.1409,0.1968,0.6624,A,A,1
2025-04-05,Bundesliga,Mainz,Holstein Kiel,0.6357,0.1908,0.1734,H,D,0
2025-04-05,Bundesliga,RB Leipzig,Hoffenheim,0.5772,0.2063,0.2165,H,H,1
2025-04-05,Bundesliga,Werder Bremen,Ein Frankfurt,0.3205,0.2372,0.4423,A,H,0
2025-04-05,SerieA,Monza,Como,0.1493,0.227,0.6237,A,A,1
2025-04-05,SerieA,Parma,Inter,0.1453,0.2104,0.6443,A,D,0
2025-04-05,SerieA,Milan,Fiorentina,0.433,0.2461,0.3209,H,D,0
2025-04-05,LaLiga,Girona,Alaves,0.3614,0.3037,0.3349,H,A,0
2025-04-05,Bundesliga,Freiburg,Dortmund,0.2493,0.2154,0.5353,A,A,1
2025-04-05,LaLiga,Real Madrid,Valencia,0.6733,0.194,0.1327,H,A,0
2025-04-06,Ligue1,Marseille,Toulouse,0.5443,0.2215,0.2342,H,H,1
2025-04-06,SerieA,Roma,Juventus,0.4392,0.2964,0.2644,H,D,0
2025-04-06,EPL,Brentford,Chelsea,0.3544,0.256,0.3896,A,D,0
2025-04-06,EPL,Fulham,Liverpool,0.226,0.2166,0.5574,A,H,0
2025-04-06,Ligue1,Lens,St Etienne,0.6217,0.2095,0.1688,H,H,1
2025-04-06,EPL,Man United,Man City,0.1856,0.2364,0.578,A,D,0
2025-04-06,SerieA,Atalanta,Lazio,0.5709,0.2231,0.2059,H,A,0
2025-04-06,SerieA,Torino,Verona,0.4719,0.3146,0.2135,H,D,0
2025-04-06,SerieA,Empoli,Cagliari,0.3074,0.2797,0.4129,A,D,0
2025-04-06,SerieA,Lecce,Venezia,0.3375,0.3374,0.3251,H,D,0
2025-04-06,EPL,Tottenham,Southampton,0.728,0.1671,0.1048,H,H,1
2025-04-06,Ligue1,Rennes,Auxerre,0.4505,0.2473,0.3022,H,A,0
2025-04-06,LaLiga,Valladolid,Getafe,0.1558,0.2516,0.5926,A,A,1
2025-04-06,LaLiga,Las Palmas,Sociedad,0.3147,0.3101,0.3752,A,A,1
2025-04-06,Bundesliga,St Pauli,M'gladbach,0.316,0.3049,0.3792,A,D,0
2025-04-06,Bundesliga,Union Berlin,Wolfsburg,0.3218,0.2755,0.4027,A,H,0
2025-04-06,LaLiga,Villarreal,Ath Bilbao,0.3287,0.2844,0.387,A,D,0
2025-04-06,Ligue1,Reims,Strasbourg,0.2215,0.2967,0.4818,A,A,1
2025-04-06,LaLiga,Sevilla,Ath Madrid,0.1594,0.2241,0.6165,A,A,1
2025-04-06,Ligue1,Montpellier,Le Havre,0.2115,0.2426,0.5459,A,A,1
2025-04-07,LaLiga,Leganes,Osasuna,0.3237,0.2764,0.3999,A,D,0
2025-04-07,EPL,Leicester,Newcastle,0.0963,0.1667,0.7369,A,A,1
2025-04-07,SerieA,Bologna,Napoli,0.2758,0.2856,0.4385,A,D,0
2025-04-11,LaLiga,Valencia,Sevilla,0.4416,0.274,0.2843,H,H,1
2025-04-11,Ligue1,Lens,Reims,0.496,0.309,0.195,H,A,0
2025-04-11,Bundesliga,Wolfsburg,RB Leipzig,0.3415,0.2538,0.4047,A,A,1
2025-04-11,SerieA,Udinese,Milan,0.2017,0.2325,0.5659,A,A,1
2025-04-12,EPL,Southampton,Aston Villa,0.0931,0.1804,0.7265,A,A,1
2025-04-12,EPL,Arsenal,Brentford,0.5951,0.2235,0.1814,H,D,0
2025-04-12,Bundesliga,Holstein Kiel,St Pauli,0.3736,0.2907,0.3357,H,A,0
2025-04-12,Bundesliga,Leverkusen,Union Berlin,0.6973,0.1854,0.1172,H,D,0
2025-04-12,Bundesliga,Hoffenheim,Mainz,0.2724,0.2325,0.4951,A,H,0
2025-04-12,Bundesliga,Bochum,Augsburg,0.3154,0.2987,0.3858,A,A,1
2025-04-12,Bundesliga,M'gladbach,Freiburg,0.425,0.2358,0.3392,H,A,0
2025-04-12,EPL,Nott'm Forest,Everton,0.388,0.3058,0.3062,H,A,0
2025-04-12,LaLiga,Leganes,Barcelona,0.115,0.1626,0.7222,A,A,1
2025-04-12,EPL,Man City,Crystal Palace,0.589,0.2254,0.1856,H,H,1
2025-04-12,Bundesliga,Bayern Munich,Dortmund,0.6315,0.1778,0.1906,H,D,0
2025-04-12,LaLiga,Celta,Espanol,0.465,0.2571,0.2779,H,A,0
2025-04-12,SerieA,Venezia,Monza,0.4909,0.2891,0.22,H,H,1
2025-04-12,SerieA,Inter,Cagliari,0.7441,0.1646,0.0913,H,H,1
2025-04-12,SerieA,Juventus,Lecce,0.6482,0.2383,0.1135,H,H,1
2025-04-12,Ligue1,Strasbourg,Nice,0.3372,0.262,0.4008,A,D,0
2025-04-12,Ligue1,Toulouse,Lille,0.3052,0.2875,0.4073,A,A,1
2025-04-12,LaLiga,Sociedad,Mallorca,0.3565,0.3455,0.2979,H,A,0
2025-04-12,LaLiga,Getafe,Las Palmas,0.443,0.3097,0.2472,H,A,0
2025-04-12,EPL,Brighton,Leicester,0.738,0.1619,0.1,H,D,0
2025-04-12,Ligue1,Monaco,Marseille,0.4458,0.2213,0.3329,H,H,1
2025-04-13,Ligue1,St Etienne,Brest,0.2765,0.2085,0.515,A,D,0
2025-04-13,Ligue1,Angers,Montpellier,0.5278,0.291,0.1812,H,H,1
2025-04-13,Ligue1,Auxerre,Lyon,0.3117,0.2374,0.4508,A,A,1
2025-04-13,SerieA,Atalanta,Bologna,0.5687,0.2228,0.2085,H,H,1
2025-04-13,SerieA,Fiorentina,Parma,0.5715,0.2326,0.1959,H,D,0
2025-04-13,SerieA,Verona,Genoa,0.2569,0.3079,0.4353,A,D,0
2025-04-13,SerieA,Como,Torino,0.4585,0.295,0.2465,H,H,1
2025-04-13,SerieA,Lazio,Roma,0.2853,0.2793,0.4355,A,D,0
2025-04-13,Bundesliga,Ein Frankfurt,Heidenheim,0.6669,0.1946,0.1385,H,H,1
2025-04-13,Bundesliga,Stuttgart,Werder Bremen,0.5263,0.2168,0.2569,H,A,0
2025-04-13,EPL,Chelsea,Ipswich,0.7726,0.1494,0.0779,H,D,0
2025-04-13,EPL,Liverpool,West Ham,0.7106,0.1672,0.1221,H,H,1
2025-04-13,EPL,Wolves,Tottenham,0.4204,0.2298,0.3498,H,H,1
2025-04-13,Ligue1,Le Havre,Rennes,0.2667,0.2223,0.511,A,A,1
2025-04-13,LaLiga,Osasuna,Girona,0.4866,0.2498,0.2636,H,H,1
2025-04-13,LaLiga,Alaves,Real Madrid,0.1697,0.2551,0.5753,A,A,1
2025-04-13,LaLiga,Betis,Villarreal,0.356,0.2269,0.4171,A,A,1
2025-04-13,LaLiga,Ath Bilbao,Vallecano,0.5518,0.298,0.1501,H,H,1
2025-04-13,EPL,Newcastle,Man United,0.5959,0.2199,0.1842,H,H,1
2025-04-14,EPL,Bournemouth,Fulham,0.4543,0.261,0.2847,H,H,1
2025-04-14,LaLiga,Ath Madrid,Valladolid,0.914,0.0642,0.0206,H,H,1
2025-04-14,SerieA,Napoli,Empoli,0.7189,0.1961,0.085,H,H,1
2025-04-16,EPL,Newcastle,Crystal Palace,0.5196,0.2325,0.2479,H,H,1
2025-04-18,Ligue1,Rennes,Nantes,0.5251,0.2486,0.2263,H,H,1
2025-04-18,LaLiga,Espanol,Getafe,0.3993,0.3218,0.279,H,H,1
2025-04-19,LaLiga,Vallecano,Valencia,0.3579,0.3063,0.3358,H,D,0
2025-04-19,SerieA,Monza,Napoli,0.0779,0.1894,0.7327,A,A,1
2025-04-19,SerieA,Lecce,Como,0.2074,0.2846,0.508,A,A,1
2025-04-19,Ligue1,Marseille,Montpellier,0.8518,0.102,0.0458,H,H,1
2025-04-19,Ligue1,Monaco,Strasbourg,0.4721,0.2472,0.2807,H,D,0
2025-04-19,Ligue1,Paris SG,Le Havre,0.8474,0.0943,0.0569,H,H,1
2025-04-19,LaLiga,Las Palmas,Ath Madrid,0.1158,0.2031,0.6811,A,H,0
2025-04-19,LaLiga,Barcelona,Celta,0.7335,0.1461,0.1202,H,H,1
2025-04-19,LaLiga,Mallorca,Leganes,0.3774,0.3209,0.3017,H,D,0
2025-04-19,SerieA,Roma,Verona,0.7049,0.2055,0.0896,H,H,1
2025-04-19,EPL,Brentford,Brighton,0.4551,0.2229,0.322,H,H,1
2025-04-19,EPL,Aston Villa,Newcastle,0.3599,0.2491,0.391,A,H,0
2025-04-19,Bundesliga,Heidenheim,Bayern Munich,0.0742,0.1304,0.7952,A,A,1
2025-04-19,Bundesliga,Mainz,Wolfsburg,0.4974,0.252,0.2505,H,D,0
2025-04-19,Bundesliga,RB Leipzig,Holstein Kiel,0.6297,0.1858,0.1844,H,D,0
2025-04-19,Bundesliga,Werder Bremen,Bochum,0.6132,0.2139,0.1729,H,H,1
2025-04-19,Bundesliga,Freiburg,Hoffenheim,0.4959,0.2246,0.2794,H,H,1
2025-04-19,EPL,Crystal Palace,Bournemouth,0.3981,0.2692,0.3326,H,D,0
2025-04-19,EPL,Everton,Man City,0.2341,0.2897,0.4762,A,A,1
2025-04-19,EPL,West Ham,Southampton,0.6693,0.2072,0.1235,H,D,0
2025-04-19,Bundesliga,Union Berlin,Stuttgart,0.2283,0.2336,0.538,A,D,0
2025-04-20,EPL,Ipswich,Arsenal,0.0647,0.1392,0.796,A,A,1
2025-04-20,EPL,Leicester,Liverpool,0.0682,0.1315,0.8001,A,A,1
2025-04-20,LaLiga,Valladolid,Osasuna,0.1133,0.187,0.6997,A,A,1
2025-04-20,LaLiga,Villarreal,Sociedad,0.608,0.2209,0.1711,H,D,0
2025-04-20,LaLiga,Sevilla,Alaves,0.3575,0.3198,0.3226,H,D,0
2025-04-20,SerieA,Milan,Atalanta,0.3183,0.2405,0.4412,A,A,1
2025-04-20,SerieA,Bologna,Inter,0.2361,0.2426,0.5213,A,H,0
2025-04-20,SerieA,Empoli,Venezia,0.3612,0.3069,0.332,H,D,0
2025-04-20,LaLiga,Real Madrid,Ath Bilbao,0.4217,0.2959,0.2825,H,H,1
2025-04-20,EPL,Man United,Wolves,0.4187,0.2632,0.3181,H,A,0
2025-04-20,EPL,Fulham,Chelsea,0.2938,0.2633,0.4429,A,A,1
2025-04-20,Ligue1,Nice,Angers,0.6762,0.2087,0.1151,H,H,1
2025-04-20,Bundesliga,St Pauli,Leverkusen,0.1733,0.2759,0.5508,A,D,0
2025-04-20,Bundesliga,Dortmund,M'gladbach,0.6488,0.1746,0.1765,H,H,1
2025-04-20,Bundesliga,Augsburg,Ein Frankfurt,0.2199,0.2563,0.5237,A,D,0
2025-04-20,Ligue1,Lille,Auxerre,0.5051,0.2628,0.232,H,H,1
2025-04-20,Ligue1,Brest,Lens,0.3554,0.2639,0.3807,A,A,1
2025-04-20,Ligue1,St Etienne,Lyon,0.1651,0.1697,0.6651,A,H,0
2025-04-20,Ligue1,Reims,Toulouse,0.2641,0.3142,0.4216,A,H,0
2025-04-21,EPL,Tottenham,Nott'm Forest,0.3351,0.2376,0.4273,A,A,1
2025-04-21,LaLiga,Girona,Betis,0.2897,0.2363,0.474,A,A,1
2025-04-22,Ligue1,Nantes,Paris SG,0.1229,0.1788,0.6982,A,D,0
2025-04-22,EPL,Man City,Aston Villa,0.5482,0.2382,0.2136,H,H,1
2025-04-22,LaLiga,Valencia,Espanol,0.3976,0.2934,0.309,H,D,0
2025-04-22,LaLiga,Barcelona,Mallorca,0.7385,0.1709,0.0906,H,H,1
2025-04-23,LaLiga,Alaves,Sociedad,0.3762,0.3444,0.2793,H,H,1
2025-04-23,LaLiga,Celta,Villarreal,0.3246,0.2202,0.4552,A,H,0
2025-04-23,LaLiga,Ath Bilbao,Las Palmas,0.658,0.2378,0.1042,H,H,1
2025-04-23,LaLiga,Getafe,Real Madrid,0.1573,0.237,0.6057,A,A,1
2025-04-23,SerieA,Cagliari,Fiorentina,0.2384,0.2457,0.5159,A,A,1
2025-04-23,SerieA,Torino,Udinese,0.4296,0.3084,0.262,H,H,1
2025-04-23,SerieA,Parma,Juventus,0.2344,0.2685,0.4971,A,H,0
2025-04-23,SerieA,Genoa,Lazio,0.3028,0.2814,0.4158,A,A,1
2025-04-23,EPL,Arsenal,Crystal Palace,0.5945,0.234,0.1715,H,D,0
2025-04-24,LaLiga,Betis,Valladolid,0.8369,0.1095,0.0533,H,H,1
2025-04-24,LaLiga,Leganes,Girona,0.4004,0.2639,0.3358,H,D,0
2025-04-24,LaLiga,Ath Madrid,Vallecano,0.6418,0.229,0.1292,H,H,1
2025-04-24,LaLiga,Osasuna,Sevilla,0.4681,0.2652,0.2667,H,H,1
2025-04-25,Ligue1,Paris SG,Nice,0.5599,0.211,0.2291,H,A,0
2025-04-25,Bundesliga,Stuttgart,Heidenheim,0.6669,0.1889,0.1442,H,A,0
2025-04-26,Bundesliga,Bayern Munich,Mainz,0.6829,0.1793,0.1377,H,H,1
2025-04-26,EPL,Chelsea,Everton,0.4513,0.303,0.2457,H,H,1
2025-04-26,EPL,Brighton,West Ham,0.5446,0.2194,0.236,H,H,1
2025-04-26,EPL,Newcastle,Ipswich,0.8189,0.1171,0.0636,H,H,1
2025-04-26,EPL,Southampton,Fulham,0.1306,0.2104,0.659,A,A,1
2025-04-26,EPL,Wolves,Leicester,0.6264,0.2185,0.1551,H,H,1
2025-04-26,Bundesliga,Hoffenheim,Dortmund,0.1928,0.1785,0.6286,A,A,1
2025-04-26,Bundesliga,Ein Frankfurt,RB Leipzig,0.4824,0.2352,0.2823,H,H,1
2025-04-26,Bundesliga,Wolfsburg,Freiburg,0.4102,0.2552,0.3346,H,A,0
2025-04-26,Bundesliga,Leverkusen,Augsburg,0.6752,0.2026,0.1222,H,H,1
2025-04-26,Bundesliga,Holstein Kiel,M'gladbach,0.3286,0.2076,0.4637,A,H,0
2025-04-26,Ligue1,Lyon,Rennes,0.5143,0.2186,0.2671,H,H,1
2025-04-26,Ligue1,Le Havre,Monaco,0.1813,0.1941,0.6246,A,D,0
2025-04-26,Ligue1,Strasbourg,St Etienne,0.6863,0.1762,0.1374,H,H,1
2025-04-27,Bundesliga,Werder Bremen,St Pauli,0.4631,0.3054,0.2315,H,D,0
2025-04-27,LaLiga,Villarreal,Espanol,0.5739,0.2267,0.1995,H,H,1
2025-04-27,Bundesliga,Bochum,Union Berlin,0.3238,0.2836,0.3927,A,D,0
2025-04-27,EPL,Bournemouth,Man United,0.482,0.2678,0.2502,H,D,0
2025-04-27,EPL,Liverpool,Tottenham,0.7217,0.1507,0.1273,H,H,1
2025-04-27,Ligue1,Nantes,Toulouse,0.3024,0.2883,0.4093,A,D,0
2025-04-27,SerieA,Napoli,Torino,0.5768,0.2808,0.1424,H,H,1
2025-04-27,SerieA,Atalanta,Lecce,0.7576,0.1678,0.0746,H,D,0
2025-04-27,SerieA,Juventus,Monza,0.7594,0.1678,0.0728,H,H,1
2025-04-27,Ligue1,Marseille,Brest,0.6104,0.1862,0.2034,H,H,1
2025-04-27,SerieA,Inter,Roma,0.4564,0.2789,0.2647,H,A,0
2025-04-27,SerieA,Fiorentina,Empoli,0.6808,0.1973,0.122,H,H,1
2025-04-27,SerieA,Venezia,Milan,0.1743,0.2352,0.5905,A,A,1
2025-04-27,Ligue1,Angers,Lille,0.1809,0.2806,0.5385,A,A,1
2025-04-27,Ligue1,Lens,Auxerre,0.4278,0.2807,0.2915,H,A,0
2025-04-27,Ligue1,Montpellier,Reims,0.2093,0.321,0.4697,A,D,0
2025-04-27,SerieA,Como,Genoa,0.4535,0.2815,0.265,H,H,1
2025-04-28,SerieA,Lazio,Parma,0.5364,0.2439,0.2198,H,D,0
2025-04-28,SerieA,Verona,Cagliari,0.3012,0.2925,0.4063,A,A,1
2025-04-28,SerieA,Udinese,Bologna,0.2343,0.2528,0.5129,A,D,0
2025-05-01,EPL,Nott'm Forest,Brentford,0.3958,0.2499,0.3543,H,A,0
2025-05-02,Bundesliga,Heidenheim,Bochum,0.4408,0.2723,0.2869,H,D,0
2025-05-02,EPL,Man City,Wolves,0.6931,0.182,0.1248,H,H,1
2025-05-02,SerieA,Torino,Venezia,0.4511,0.3194,0.2295,H,D,0
2025-05-02,LaLiga,Vallecano,Getafe,0.3777,0.3356,0.2867,H,H,1
2025-05-02,Ligue1,Nice,Reims,0.6315,0.2364,0.1321,H,H,1
2025-05-03,EPL,Arsenal,Bournemouth,0.5793,0.2447,0.176,H,A,0
2025-05-03,LaLiga,Villarreal,Osasuna,0.5547,0.2211,0.2242,H,H,1
2025-05-03,LaLiga,Las Palmas,Valencia,0.2793,0.2845,0.4362,A,A,1
2025-05-03,LaLiga,Valladolid,Barcelona,0.0175,0.0458,0.9318,A,A,1
2025-05-03,Ligue1,Strasbourg,Paris SG,0.2363,0.2208,0.5428,A,H,0
2025-05-03,Ligue1,St Etienne,Monaco,0.1488,0.17,0.6811,A,A,1
2025-05-03,SerieA,Inter,Verona,0.7913,0.1474,0.0612,H,H,1
2025-05-03,SerieA,Parma,Como,0.3154,0.2708,0.4138,A,A,1
2025-05-03,Ligue1,Toulouse,Rennes,0.3911,0.2594,0.3495,H,H,1
2025-05-03,SerieA,Lecce,Napoli,0.1172,0.2616,0.6212,A,A,1
2025-05-03,Bundesliga,RB Leipzig,Bayern Munich,0.1777,0.1909,0.6313,A,D,0
2025-05-03,Bundesliga,St Pauli,Stuttgart,0.2316,0.2872,0.4812,A,A,1
2025-05-03,Bundesliga,Union Berlin,Werder Bremen,0.2978,0.2643,0.4379,A,D,0
2025-05-03,Bundesliga,Dortmund,Wolfsburg,0.6268,0.1931,0.18,H,H,1
2025-05-03,EPL,Aston Villa,Fulham,0.4936,0.2486,0.2578,H,H,1
2025-05-03,LaLiga,Alaves,Ath Madrid,0.1737,0.2784,0.548,A,D,0
2025-05-03,EPL,Everton,Ipswich,0.6517,0.2242,0.1241,H,D,0
2025-05-03,EPL,Leicester,Southampton,0.451,0.2928,0.2561,H,H,1
2025-05-03,Bundesliga,M'gladbach,Hoffenheim,0.5105,0.2087,0.2808,H,D,0
2025-05-03,SerieA,Cagliari,Udinese,0.4307,0.2743,0.2951,H,A,0
2025-05-04,Ligue1,Brest,Montpellier,0.726,0.1733,0.1007,H,H,1
2025-05-04,SerieA,Empoli,Lazio,0.1898,0.241,0.5692,A,A,1
2025-05-04,SerieA,Monza,Atalanta,0.0639,0.1357,0.8002,A,A,1
2025-05-04,SerieA,Roma,Fiorentina,0.4839,0.269,0.2472,H,H,1
2025-05-04,SerieA,Bologna,Juventus,0.3469,0.2759,0.3772,A,D,0
2025-05-04,Ligue1,Nantes,Angers,0.4322,0.3102,0.2576,H,A,0
2025-05-04,Ligue1,Auxerre,Le Havre,0.5528,0.2223,0.2249,H,A,0
2025-05-04,LaLiga,Real Madrid,Celta,0.6636,0.1821,0.1542,H,H,1
2025-05-04,LaLiga,Sevilla,Leganes,0.4108,0.2765,0.3126,H,D,0
2025-05-04,LaLiga,Espanol,Betis,0.3211,0.2684,0.4105,A,A,1
2025-05-04,EPL,Brentford,Man United,0.516,0.2416,0.2424,H,H,1
2025-05-04,EPL,Brighton,Newcastle,0.3268,0.2234,0.4499,A,D,0
2025-05-04,EPL,West Ham,Tottenham,0.4,0.2371,0.3629,H,D,0
2025-05-04,Bundesliga,Mainz,Ein Frankfurt,0.3748,0.2547,0.3704,H,D,0
2025-05-04,LaLiga,Sociedad,Ath Bilbao,0.1783,0.3131,0.5086,A,D,0
2025-05-04,Bundesliga,Freiburg,Leverkusen,0.2245,0.2231,0.5525,A,D,0
2025-05-04,EPL,Chelsea,Liverpool,0.3342,0.2477,0.4181,A,H,0
2025-05-04,Ligue1,Lille,Marseille,0.4045,0.2492,0.3463,H,D,0
2025-05-04,Ligue1,Lyon,Lens,0.4827,0.2504,0.2668,H,A,0
2025-05-04,Bundesliga,Augsburg,Holstein Kiel,0.4265,0.2543,0.3192,H,A,0
2025-05-05,SerieA,Genoa,Milan,0.2664,0.2647,0.4689,A,A,1
2025-05-05,LaLiga,Girona,Mallorca,0.3831,0.3019,0.3151,H,H,1
2025-05-05,EPL,Crystal Palace,Nott'm Forest,0.4096,0.2631,0.3273,H,D,0
2025-05-09,LaLiga,Las Palmas,Vallecano,0.2939,0.3107,0.3954,A,A,1
2025-05-09,Bundesliga,Wolfsburg,Hoffenheim,0.4913,0.2271,0.2815,H,D,0
2025-05-09,SerieA,Milan,Bologna,0.4636,0.2429,0.2934,H,H,1
2025-05-10,Ligue1,Angers,Strasbourg,0.2026,0.2741,0.5233,A,H,0
2025-05-10,EPL,Fulham,Everton,0.3558,0.3024,0.3418,H,A,0
2025-05-10,EPL,Wolves,Brighton,0.3277,0.2298,0.4425,A,A,1
2025-05-10,Ligue1,Le Havre,Marseille,0.1844,0.1796,0.6358,A,A,1
2025-05-10,EPL,Ipswich,Brentford,0.1399,0.1822,0.6778,A,A,1
2025-05-10,EPL,Southampton,Man City,0.0473,0.1209,0.8317,A,D,0
2025-05-10,EPL,Bournemouth,Aston Villa,0.3716,0.2712,0.3571,H,A,0
2025-05-10,Ligue1,Brest,Lille,0.286,0.2535,0.4605,A,H,0
2025-05-10,Ligue1,Toulouse,Lens,0.3693,0.2939,0.3368,H,D,0
2025-05-10,Bundesliga,Bayern Munich,M'gladbach,0.8036,0.1157,0.08,H,H,1
2025-05-10,Ligue1,Reims,St Etienne,0.4337,0.2744,0.2919,H,A,0
2025-05-10,SerieA,Empoli,Parma,0.2861,0.2792,0.4346,A,H,0
2025-05-10,SerieA,Lazio,Juventus,0.3431,0.2772,0.3797,A,D,0
2025-05-10,SerieA,Como,Cagliari,0.5211,0.2505,0.2284,H,H,1
2025-05-10,LaLiga,Valencia,Getafe,0.4172,0.3079,0.2749,H,H,1
2025-05-10,LaLiga,Celta,Sevilla,0.5147,0.2361,0.2491,H,H,1
2025-05-10,LaLiga,Girona,Villarreal,0.2284,0.2106,0.561,A,A,1
2025-05-10,LaLiga,Mallorca,Valladolid,0.6476,0.2334,0.1189,H,H,1
2025-05-10,Ligue1,Rennes,Nice,0.2999,0.2424,0.4577,A,H,0
2025-05-10,LaLiga,Ath Madrid,Sociedad,0.6675,0.216,0.1166,H,H,1
2025-05-10,Bundesliga,Holstein Kiel,Freiburg,0.3248,0.2227,0.4524,A,A,1
2025-05-10,Bundesliga,Union Berlin,Heidenheim,0.4241,0.2853,0.2907,H,A,0
2025-05-10,Bundesliga,Werder Bremen,RB Leipzig,0.3749,0.2472,0.378,A,D,0
2025-05-10,Ligue1,Monaco,Lyon,0.4608,0.2261,0.313,H,H,1
2025-05-10,Ligue1,Montpellier,Paris SG,0.0322,0.082,0.885,A,A,1
2025-05-10,Bundesliga,Bochum,Mainz,0.1892,0.2379,0.5729,A,A,1
2025-05-10,Ligue1,Auxerre,Nantes,0.4799,0.2694,0.2508,H,D,0
2025-05-11,Bundesliga,Leverkusen,Dortmund,0.4689,0.2194,0.3116,H,A,0
2025-05-11,Bundesliga,Ein Frankfurt,St Pauli,0.5551,0.2737,0.1712,H,D,0
2025-05-11,Bundesliga,Stuttgart,Augsburg,0.6028,0.2245,0.1728,H,H,1
2025-05-11,EPL,Tottenham,Crystal Palace,0.3334,0.2356,0.431,A,A,1
2025-05-11,LaLiga,Leganes,Espanol,0.3459,0.2941,0.3599,A,H,0
2025-05-11,SerieA,Napoli,Genoa,0.5804,0.2679,0.1517,H,D,0
2025-05-11,SerieA,Torino,Inter,0.1532,0.2499,0.5969,A,A,1
2025-05-11,LaLiga,Ath Bilbao,Alaves,0.5295,0.3209,0.1496,H,H,1
2025-05-11,LaLiga,Barcelona,Real Madrid,0.4836,0.218,0.2984,H,H,1
2025-05-11,EPL,Nott'm Forest,Leicester,0.6988,0.193,0.1081,H,D,0
2025-05-11,LaLiga,Betis,Osasuna,0.4703,0.2475,0.2822,H,D,0
2025-05-11,SerieA,Udinese,Monza,0.5471,0.2599,0.193,H,A,0
2025-05-11,EPL,Newcastle,Chelsea,0.4316,0.2533,0.3151,H,H,1
2025-05-11,EPL,Man United,West Ham,0.4281,0.2694,0.3026,H,A,0
2025-05-11,EPL,Liverpool,Arsenal,0.3703,0.256,0.3738,A,D,0
2025-05-11,SerieA,Verona,Lecce,0.3677,0.3366,0.2957,H,D,0
2025-05-12,SerieA,Venezia,Fiorentina,0.1842,0.2488,0.567,A,H,0
2025-05-12,SerieA,Atalanta,Roma,0.4204,0.274,0.3056,H,H,1
2025-05-13,LaLiga,Valladolid,Girona,0.1519,0.2026,0.6455,A,A,1
2025-05-13,LaLiga,Sociedad,Celta,0.3099,0.2699,0.4203,A,A,1
2025-05-13,LaLiga,Sevilla,Las Palmas,0.4727,0.2744,0.2529,H,H,1
2025-05-14,LaLiga,Alaves,Valencia,0.3479,0.3248,0.3273,H,H,1
2025-05-14,LaLiga,Villarreal,Leganes,0.6381,0.1985,0.1633,H,H,1
2025-05-14,LaLiga,Real Madrid,Mallorca,0.6719,0.2139,0.1142,H,H,1
2025-05-15,LaLiga,Vallecano,Betis,0.3033,0.2768,0.4198,A,D,0
2025-05-15,LaLiga,Espanol,Barcelona,0.1468,0.1939,0.6592,A,A,1
2025-05-15,LaLiga,Osasuna,Ath Madrid,0.2046,0.2455,0.5499,A,H,0
2025-05-15,LaLiga,Getafe,Ath Bilbao,0.1805,0.3266,0.4929,A,A,1
2025-05-16,EPL,Chelsea,Man United,0.55,0.2511,0.1989,H,H,1
2025-05-16,EPL,Aston Villa,Tottenham,0.564,0.2143,0.2217,H,H,1
2025-05-17,Ligue1,Paris SG,Auxerre,0.7163,0.1626,0.121,H,H,1
2025-05-17,Ligue1,Lens,Monaco,0.3113,0.2695,0.4192,A,H,0
2025-05-17,Ligue1,Lille,Reims,0.5665,0.28,0.1535,H,H,1
2025-05-17,Ligue1,Lyon,Angers,0.663,0.2038,0.1332,H,H,1
2025-05-17,Ligue1,Marseille,Rennes,0.5417,0.2078,0.2505,H,H,1
2025-05-17,Ligue1,Nantes,Montpellier,0.6079,0.2489,0.1432,H,H,1
2025-05-17,Ligue1,Nice,Brest,0.6104,0.2025,0.1871,H,H,1
2025-05-17,Ligue1,Strasbourg,Le Havre,0.6315,0.2015,0.1669,H,A,0
2025-05-17,SerieA,Genoa,Atalanta,0.1918,0.2424,0.5658,A,A,1
2025-05-17,Ligue1,St Etienne,Toulouse,0.2465,0.2274,0.5261,A,A,1
2025-05-17,Bundesliga,Augsburg,Union Berlin,0.3798,0.3114,0.3088,H,A,0
2025-05-17,Bundesliga,Dortmund,Holstein Kiel,0.7695,0.1253,0.1044,H,H,1
2025-05-17,Bundesliga,Freiburg,Ein Frankfurt,0.2926,0.2388,0.4686,A,A,1
2025-05-17,Bundesliga,Heidenheim,Werder Bremen,0.2686,0.2525,0.4789,A,A,1
2025-05-17,Bundesliga,Hoffenheim,Bayern Munich,0.0887,0.1209,0.7897,A,A,1
2025-05-17,Bundesliga,Mainz,Leverkusen,0.3001,0.2505,0.4494,A,D,0
2025-05-17,Bundesliga,M'gladbach,Wolfsburg,0.4262,0.2377,0.3361,H,A,0
2025-05-17,Bundesliga,St Pauli,Bochum,0.4309,0.3288,0.2403,H,A,0
2025-05-17,Bundesliga,RB Leipzig,Stuttgart,0.3807,0.2344,0.3849,A,A,1
2025-05-18,LaLiga,Celta,Vallecano,0.4734,0.2642,0.2625,H,A,0
2025-05-18,EPL,Leicester,Ipswich,0.3834,0.276,0.3407,H,H,1
2025-05-18,EPL,Arsenal,Newcastle,0.5165,0.2454,0.2381,H,H,1
2025-05-18,LaLiga,Barcelona,Villarreal,0.6335,0.1768,0.1895,H,A,0
2025-05-18,LaLiga,Osasuna,Espanol,0.4221,0.2857,0.2921,H,H,1
2025-05-18,LaLiga,Mallorca,Getafe,0.3469,0.3568,0.2963,D,A,0
2025-05-18,LaLiga,Valladolid,Alaves,0.1463,0.2564,0.5973,A,A,1
2025-05-18,LaLiga,Valencia,Ath Bilbao,0.2109,0.3037,0.4854,A,A,1
2025-05-18,LaLiga,Las Palmas,Leganes,0.3288,0.2889,0.3824,A,A,1
2025-05-18,EPL,Brentford,Fulham,0.4854,0.2369,0.2776,H,A,0
2025-05-18,SerieA,Cagliari,Venezia,0.4581,0.2842,0.2577,H,H,1
2025-05-18,EPL,Everton,Southampton,0.6926,0.2175,0.0899,H,H,1
2025-05-18,LaLiga,Sociedad,Girona,0.3944,0.2831,0.3226,H,H,1
2025-05-18,SerieA,Fiorentina,Bologna,0.4426,0.2523,0.3051,H,H,1
2025-05-18,SerieA,Inter,Lazio,0.6069,0.2191,0.174,H,D,0
2025-05-18,SerieA,Juventus,Udinese,0.6237,0.2312,0.1451,H,H,1
2025-05-18,SerieA,Lecce,Torino,0.2565,0.3457,0.3977,A,H,0
2025-05-18,SerieA,Monza,Empoli,0.2995,0.2937,0.4068,A,A,1
2025-05-18,SerieA,Parma,Napoli,0.1821,0.2653,0.5526,A,D,0
2025-05-18,SerieA,Roma,Milan,0.477,0.2635,0.2595,H,H,1
2025-05-18,SerieA,Verona,Como,0.2129,0.2707,0.5163,A,D,0
2025-05-18,LaLiga,Ath Madrid,Betis,0.5988,0.2171,0.1841,H,H,1
2025-05-18,EPL,West Ham,Nott'm Forest,0.3055,0.2607,0.4338,A,A,1
2025-05-18,LaLiga,Sevilla,Real Madrid,0.1526,0.2033,0.6442,A,A,1
2025-05-19,EPL,Brighton,Liverpool,0.2628,0.2066,0.5305,A,H,0
2025-05-20,EPL,Man City,Bournemouth,0.5741,0.2354,0.1904,H,H,1
2025-05-20,EPL,Crystal Palace,Wolves,0.5129,0.2396,0.2475,H,H,1
2025-05-23,SerieA,Como,Inter,0.206,0.2394,0.5546,A,A,1
2025-05-23,SerieA,Napoli,Cagliari,0.6517,0.2241,0.1241,H,H,1
2025-05-23,LaLiga,Betis,Valencia,0.4899,0.2482,0.2618,H,D,0
2025-05-24,LaLiga,Real Madrid,Sociedad,0.6973,0.1928,0.1099,H,H,1
2025-05-24,LaLiga,Espanol,Las Palmas,0.4918,0.283,0.2252,H,H,1
2025-05-24,LaLiga,Leganes,Valladolid,0.6936,0.1917,0.1147,H,H,1
2025-05-24,SerieA,Bologna,Genoa,0.4983,0.2658,0.2359,H,A,0
2025-05-24,SerieA,Milan,Monza,0.7891,0.1412,0.0696,H,H,1
2025-05-24,LaLiga,Alaves,Osasuna,0.3328,0.3189,0.3483,A,D,0
2025-05-24,LaLiga,Getafe,Celta,0.3122,0.2791,0.4087,A,A,1
2025-05-24,LaLiga,Vallecano,Mallorca,0.3745,0.3464,0.2791,H,D,0
2025-05-25,LaLiga,Girona,Ath Madrid,0.153,0.2065,0.6404,A,A,1
2025-05-25,SerieA,Udinese,Fiorentina,0.2126,0.2448,0.5426,A,A,1
2025-05-25,EPL,Newcastle,Everton,0.4915,0.2718,0.2367,H,A,0
2025-05-25,EPL,Tottenham,Brighton,0.3411,0.2145,0.4444,A,A,1
2025-05-25,EPL,Southampton,Arsenal,0.0453,0.1283,0.8263,A,A,1
2025-05-25,EPL,Nott'm Forest,Chelsea,0.3287,0.2719,0.3994,A,A,1
2025-05-25,SerieA,Venezia,Juventus,0.1684,0.2635,0.5681,A,A,1
2025-05-25,EPL,Man United,Aston Villa,0.2906,0.269,0.4404,A,H,0
2025-05-25,EPL,Liverpool,Crystal Palace,0.5965,0.2078,0.1957,H,D,0
2025-05-25,EPL,Ipswich,West Ham,0.2332,0.239,0.5278,A,A,1
2025-05-25,EPL,Fulham,Man City,0.2129,0.2343,0.5528,A,A,1
2025-05-25,EPL,Bournemouth,Leicester,0.6978,0.1964,0.1058,H,H,1
2025-05-25,LaLiga,Ath Bilbao,Barcelona,0.3216,0.2772,0.4012,A,A,1
2025-05-25,SerieA,Atalanta,Parma,0.6916,0.1851,0.1233,H,A,0
2025-05-25,SerieA,Empoli,Verona,0.3824,0.3064,0.3112,H,A,0
2025-05-25,SerieA,Lazio,Lecce,0.622,0.2389,0.1391,H,A,0
2025-05-25,SerieA,Torino,Roma,0.1922,0.3002,0.5076,A,A,1
2025-05-25,EPL,Wolves,Brentford,0.3063,0.2366,0.4571,A,D,0
2025-05-25,LaLiga,Villarreal,Sevilla,0.6277,0.2005,0.1718,H,H,1
