match_date,home_team,away_team,home_elo_before,away_elo_before,home_expected,actual_result,predicted_result,correct
2020-08-21,Bordeaux,Nantes,1500.0,1500.0,0.6401,D,H,
2020-08-22,Dijon,Angers,1500.0,1500.0,0.6401,A,H,0.0
2020-08-22,Lille,Rennes,1500.0,1500.0,0.6401,D,H,
2020-08-23,Monaco,Reims,1500.0,1500.0,0.6401,D,H,
2020-08-23,Lorient,Strasbourg,1500.0,1500.0,0.6401,H,H,1.0
2020-08-23,Nimes,Brest,1500.0,1500.0,0.6401,H,H,1.0
2020-08-23,Nice,Lens,1500.0,1500.0,0.6401,H,H,1.0
2020-08-28,Lyon,Dijon,1500.0,1473.35,0.6746,H,H,1.0
2020-08-29,Rennes,Montpellier,1504.48,1500.0,0.646,H,H,1.0
2020-08-29,Strasbourg,Nice,1482.99,1514.99,0.5966,A,H,0.0
2020-08-30,Brest,Marseille,1480.43,1500.0,0.6137,A,H,0.0
2020-08-30,Angers,Bordeaux,1526.65,1495.52,0.6802,A,H,0.0
2020-08-30,Metz,Monaco,1500.0,1495.52,0.646,A,H,0.0
2020-08-30,Nantes,Nimes,1504.48,1519.57,0.6198,H,H,1.0
2020-08-30,St Etienne,Lorient,1500.0,1517.01,0.6172,H,H,1.0
2020-08-30,Reims,Lille,1504.48,1495.52,0.6519,A,H,0.0
2020-09-10,Lens,Paris SG,1485.01,1500.0,0.62,H,H,1.0
2020-09-11,Bordeaux,Lyon,1527.67,1516.68,0.6545,D,H,
2020-09-12,Granada,Ath Bilbao,1500.0,1500.0,0.6401,H,H,1.0
2020-09-12,Montpellier,Nice,1485.26,1543.19,0.5603,H,H,1.0
2020-09-12,St Etienne,Strasbourg,1518.09,1454.79,0.7191,H,H,1.0
2020-09-12,Eibar,Celta,1500.0,1500.0,0.6401,D,H,
2020-09-12,Cadiz,Osasuna,1500.0,1500.0,0.6401,A,H,0.0
2020-09-12,Fulham,Arsenal,1500.0,1500.0,0.6401,A,H,0.0
2020-09-12,Crystal Palace,Southampton,1500.0,1500.0,0.6401,H,H,1.0
2020-09-12,Liverpool,Leeds,1500.0,1500.0,0.6401,H,H,1.0
2020-09-12,West Ham,Newcastle,1500.0,1500.0,0.6401,A,H,0.0
2020-09-13,Lorient,Lens,1498.92,1500.84,0.6375,A,H,0.0
2020-09-13,Nimes,Rennes,1503.74,1519.22,0.6193,A,H,0.0
2020-09-13,Dijon,Brest,1456.67,1454.88,0.6424,A,H,0.0
2020-09-13,Angers,Reims,1494.49,1477.34,0.6625,H,H,1.0
2020-09-13,Lille,Metz,1522.66,1473.11,0.7028,H,H,1.0
2020-09-13,West Brom,Leicester,1500.0,1500.0,0.6401,A,H,0.0
2020-09-13,Valencia,Levante,1500.0,1500.0,0.6401,H,H,1.0
2020-09-13,Villarreal,Huesca,1500.0,1500.0,0.6401,D,H,
2020-09-13,Valladolid,Sociedad,1500.0,1500.0,0.6401,D,H,
2020-09-13,Alaves,Betis,1500.0,1500.0,0.6401,A,H,0.0
2020-09-13,Tottenham,Everton,1500.0,1500.0,0.6401,A,H,0.0
2020-09-13,Monaco,Nantes,1522.41,1520.31,0.6428,H,H,1.0
2020-09-13,Paris SG,Marseille,1484.18,1525.55,0.5836,A,H,0.0
2020-09-14,Brighton,Chelsea,1500.0,1500.0,0.6401,A,H,0.0
2020-09-14,Sheffield United,Wolves,1500.0,1500.0,0.6401,A,H,0.0
2020-09-15,Montpellier,Lyon,1506.05,1521.63,0.6192,H,H,1.0
2020-09-16,Paris SG,Metz,1459.88,1460.73,0.6389,H,H,1.0
2020-09-17,Marseille,St Etienne,1549.85,1531.37,0.6642,A,H,0.0
2020-09-18,Lyon,Nimes,1505.77,1474.47,0.6804,D,H,
2020-09-18,Bayern Munich,Schalke 04,1500.0,1500.0,0.6401,H,H,1.0
2020-09-19,Union Berlin,Augsburg,1500.0,1500.0,0.6401,A,H,0.0
2020-09-19,Man United,Crystal Palace,1500.0,1514.99,0.62,A,H,0.0
2020-09-19,Leeds,Fulham,1485.01,1467.19,0.6634,H,H,1.0
2020-09-19,Everton,West Brom,1526.65,1467.19,0.7146,H,H,1.0
2020-09-19,Dortmund,M'gladbach,1500.0,1500.0,0.6401,H,H,1.0
2020-09-19,Verona,Roma,1500.0,1500.0,0.6401,D,H,
2020-09-19,Fiorentina,Torino,1500.0,1500.0,0.6401,H,H,1.0
2020-09-19,Villarreal,Eibar,1495.52,1495.52,0.6401,H,H,1.0
2020-09-19,Celta,Valencia,1504.48,1517.01,0.6233,H,H,1.0
2020-09-19,Getafe,Osasuna,1500.0,1530.25,0.599,H,H,1.0
2020-09-19,Ein Frankfurt,Bielefeld,1500.0,1500.0,0.6401,D,H,
2020-09-19,FC Koln,Hoffenheim,1500.0,1500.0,0.6401,A,H,0.0
2020-09-19,Stuttgart,Freiburg,1500.0,1500.0,0.6401,A,H,0.0
2020-09-19,Rennes,Monaco,1548.49,1537.28,0.6548,H,H,1.0
2020-09-19,Arsenal,West Ham,1532.81,1469.75,0.7188,H,H,1.0
2020-09-19,Lens,Bordeaux,1527.38,1522.73,0.6462,H,H,1.0
2020-09-19,Werder Bremen,Hertha,1500.0,1500.0,0.6401,A,H,0.0
2020-09-20,Metz,Reims,1445.7,1463.29,0.6164,H,H,1.0
2020-09-20,Brest,Lorient,1485.25,1472.38,0.6569,H,H,1.0
2020-09-20,Parma,Napoli,1500.0,1500.0,0.6401,A,H,0.0
2020-09-20,Nice,Paris SG,1522.4,1474.91,0.7004,A,H,0.0
2020-09-20,Genoa,Crotone,1500.0,1500.0,0.6401,H,H,1.0
2020-09-20,Sassuolo,Cagliari,1500.0,1500.0,0.6401,D,H,
2020-09-20,Juventus,Sampdoria,1500.0,1500.0,0.6401,H,H,1.0
2020-09-20,Southampton,Tottenham,1485.01,1473.35,0.6554,A,H,0.0
2020-09-20,Leicester,Burnley,1532.81,1500.0,0.6823,H,H,1.0
2020-09-20,Chelsea,Liverpool,1530.25,1514.99,0.6601,A,H,0.0
2020-09-20,Montpellier,Angers,1521.9,1508.55,0.6576,H,H,1.0
2020-09-20,Wolfsburg,Leverkusen,1500.0,1500.0,0.6401,D,H,
2020-09-20,RB Leipzig,Mainz,1500.0,1500.0,0.6401,H,H,1.0
2020-09-20,Strasbourg,Dijon,1441.51,1426.3,0.66,H,H,1.0
2020-09-20,Nantes,St Etienne,1505.44,1562.77,0.5611,D,H,
2020-09-20,Marseille,Lille,1518.45,1535.03,0.6178,D,H,
2020-09-20,Newcastle,Brighton,1530.25,1469.75,0.7158,A,H,0.0
2020-09-20,Granada,Alaves,1517.01,1473.35,0.6957,H,H,1.0
2020-09-20,Sociedad,Real Madrid,1504.48,1500.0,0.646,D,H,
2020-09-20,Huesca,Cadiz,1504.48,1469.75,0.6847,A,H,0.0
2020-09-20,Betis,Valladolid,1526.65,1495.52,0.6802,H,H,1.0
2020-09-21,Milan,Bologna,1500.0,1500.0,0.6401,H,H,1.0
2020-09-21,Wolves,Man City,1530.25,1500.0,0.6791,A,H,0.0
2020-09-21,Aston Villa,Sheffield United,1500.0,1469.75,0.6791,H,H,1.0
2020-09-25,Lille,Nantes,1538.8,1503.49,0.6854,H,H,1.0
2020-09-25,Hertha,Ein Frankfurt,1532.81,1495.52,0.6879,A,H,0.0
2020-09-26,St Etienne,Rennes,1564.72,1562.87,0.6425,A,H,0.0
2020-09-26,Marseille,Metz,1514.68,1461.67,0.707,D,H,
2020-09-26,Torino,Atalanta,1485.01,1500.0,0.62,A,H,0.0
2020-09-26,Inter,Fiorentina,1500.0,1514.99,0.62,H,H,1.0
2020-09-26,Schalke 04,Werder Bremen,1477.49,1467.19,0.6536,A,H,0.0
2020-09-26,M'gladbach,Union Berlin,1481.55,1469.75,0.6556,D,H,
2020-09-26,Leverkusen,RB Leipzig,1504.48,1517.01,0.6233,D,H,
2020-09-26,Bielefeld,FC Koln,1504.48,1473.35,0.6802,H,H,1.0
2020-09-26,Sampdoria,Benevento,1481.55,1500.0,0.6152,A,H,0.0
2020-09-26,Brighton,Man United,1506.44,1470.7,0.686,A,H,0.0
2020-09-26,Crystal Palace,Everton,1544.29,1541.28,0.644,A,H,0.0
2020-09-26,Mainz,Stuttgart,1482.99,1473.35,0.6527,A,H,0.0
2020-09-26,Burnley,Southampton,1484.98,1451.42,0.6833,A,H,0.0
2020-09-26,Alaves,Getafe,1460.68,1516.69,0.563,D,H,
2020-09-26,West Brom,Chelsea,1452.56,1499.06,0.5764,D,H,
2020-09-26,Elche,Sociedad,1500.0,1499.81,0.6403,A,H,0.0
2020-09-26,Betis,Real Madrid,1541.76,1504.67,0.6877,A,H,0.0
2020-09-26,Augsburg,Dortmund,1530.25,1518.45,0.6556,H,H,1.0
2020-09-26,Valencia,Huesca,1501.33,1472.12,0.6778,D,H,
2020-09-26,Cagliari,Lazio,1504.48,1500.0,0.646,A,H,0.0
2020-09-27,Bordeaux,Nice,1508.0,1486.5,0.6681,D,H,
2020-09-27,Angers,Brest,1490.99,1499.53,0.6287,H,H,1.0
2020-09-27,Dijon,Montpellier,1412.15,1539.46,0.4608,D,A,
2020-09-27,Monaco,Strasbourg,1522.91,1455.66,0.7237,H,H,1.0
2020-09-27,Reims,Paris SG,1447.32,1510.82,0.5523,A,H,0.0
2020-09-27,Freiburg,Wolfsburg,1526.65,1495.52,0.6802,D,H,
2020-09-27,Hoffenheim,Bayern Munich,1526.65,1522.51,0.6455,H,H,1.0
2020-09-27,Man City,Leicester,1532.1,1547.83,0.619,A,H,0.0
2020-09-27,Napoli,Genoa,1530.25,1518.45,0.6556,H,H,1.0
2020-09-27,West Ham,Wolves,1458.04,1498.15,0.5853,H,H,1.0
2020-09-27,Spezia,Sassuolo,1500.0,1495.52,0.646,A,H,0.0
2020-09-27,Barcelona,Villarreal,1500.0,1510.5,0.626,H,H,1.0
2020-09-27,Valladolid,Celta,1480.4,1520.17,0.5858,D,H,
2020-09-27,Cadiz,Sevilla,1502.11,1500.0,0.6429,A,H,0.0
2020-09-27,Ath Madrid,Granada,1500.0,1529.68,0.5998,H,H,1.0
2020-09-27,Eibar,Ath Bilbao,1480.53,1482.99,0.6368,A,H,0.0
2020-09-27,Osasuna,Levante,1513.56,1482.99,0.6795,A,H,0.0
2020-09-27,Sheffield United,Leeds,1456.39,1499.03,0.5818,A,H,0.0
2020-09-27,Lorient,Lyon,1458.1,1500.0,0.5828,D,H,
2020-09-27,Nimes,Lens,1480.24,1542.11,0.5547,D,H,
2020-09-27,Verona,Udinese,1495.52,1500.0,0.6341,H,H,1.0
2020-09-27,Tottenham,Newcastle,1506.95,1493.56,0.6576,D,H,
2020-09-27,Roma,Juventus,1504.48,1518.45,0.6213,D,H,
2020-09-27,Crotone,Milan,1481.55,1517.01,0.5918,A,H,0.0
2020-09-28,Liverpool,Arsenal,1546.18,1544.52,0.6423,H,H,1.0
2020-09-28,Fulham,Aston Villa,1453.17,1513.36,0.557,A,H,0.0
2020-09-28,Bologna,Parma,1482.99,1469.75,0.6574,H,H,1.0
2020-09-29,Sociedad,Valencia,1532.64,1495.64,0.6875,A,H,0.0
2020-09-29,Getafe,Betis,1518.71,1513.13,0.6474,H,H,1.0
2020-09-30,Huesca,Ath Madrid,1477.81,1522.77,0.5785,D,H,
2020-09-30,Real Madrid,Valladolid,1533.3,1477.66,0.7101,H,H,1.0
2020-09-30,Eibar,Elche,1454.02,1467.17,0.6224,A,H,0.0
2020-09-30,Benevento,Inter,1525.61,1515.82,0.6529,A,H,0.0
2020-09-30,Udinese,Spezia,1484.77,1466.88,0.6634,A,H,0.0
2020-09-30,Lazio,Atalanta,1530.53,1529.3,0.6417,A,H,0.0
2020-09-30,Villarreal,Alaves,1490.17,1458.67,0.6807,H,H,1.0
2020-10-01,Ath Bilbao,Cadiz,1509.5,1471.72,0.6885,A,H,0.0
2020-10-01,Sevilla,Levante,1530.39,1515.11,0.6601,H,H,1.0
2020-10-01,Celta,Barcelona,1522.91,1520.33,0.6435,A,H,0.0
2020-10-02,Union Berlin,Mainz,1474.72,1449.52,0.6728,H,H,1.0
2020-10-02,Paris SG,Angers,1536.93,1506.45,0.6794,H,H,1.0
2020-10-02,Fiorentina,Sampdoria,1499.16,1455.93,0.6952,A,H,0.0
2020-10-03,Sociedad,Getafe,1504.01,1536.78,0.5956,H,H,1.0
2020-10-03,Valencia,Betis,1524.26,1495.06,0.6778,A,H,0.0
2020-10-03,Elche,Huesca,1493.09,1475.29,0.6633,D,H,
2020-10-03,Udinese,Roma,1453.41,1500.6,0.5754,A,H,0.0
2020-10-03,Valladolid,Eibar,1465.59,1428.11,0.6881,A,H,0.0
2020-10-03,RB Leipzig,Schalke 04,1520.96,1446.6,0.7318,H,H,1.0
2020-10-03,Werder Bremen,Bielefeld,1498.08,1517.79,0.6135,H,H,1.0
2020-10-03,FC Koln,M'gladbach,1460.04,1476.57,0.6179,A,H,0.0
2020-10-03,Ein Frankfurt,Hoffenheim,1528.03,1544.82,0.6175,H,H,1.0
2020-10-03,Sassuolo,Crotone,1528.64,1453.57,0.7326,H,H,1.0
2020-10-03,Ath Madrid,Villarreal,1525.28,1505.26,0.6662,D,H,
2020-10-03,Stuttgart,Leverkusen,1506.82,1500.54,0.6483,D,H,
2020-10-03,Dortmund,Freiburg,1502.17,1520.88,0.6149,H,H,1.0
2020-10-03,Nice,Nantes,1491.87,1488.62,0.6444,H,H,1.0
2020-10-03,Lens,St Etienne,1543.86,1531.78,0.6559,H,H,1.0
2020-10-03,Chelsea,Crystal Palace,1501.5,1517.48,0.6186,H,H,1.0
2020-10-03,Everton,Brighton,1568.09,1477.88,0.7493,H,H,1.0
2020-10-03,Leeds,Man City,1523.25,1500.37,0.6698,D,H,
2020-10-03,Newcastle,Burnley,1498.6,1456.54,0.6938,H,H,1.0
2020-10-04,Levante,Real Madrid,1500.95,1545.37,0.5793,A,H,0.0
2020-10-04,Alaves,Ath Bilbao,1443.58,1480.83,0.5893,H,H,1.0
2020-10-04,Osasuna,Celta,1481.44,1489.92,0.6287,H,H,1.0
2020-10-04,Leicester,West Ham,1579.56,1480.58,0.7587,A,H,0.0
2020-10-04,Southampton,West Brom,1479.86,1450.11,0.6785,H,H,1.0
2020-10-04,Arsenal,Sheffield United,1527.61,1432.16,0.7549,H,H,1.0
2020-10-04,Wolves,Fulham,1475.61,1424.61,0.7046,H,H,1.0
2020-10-04,Man United,Tottenham,1499.26,1501.91,0.6365,A,H,0.0
2020-10-04,Aston Villa,Liverpool,1541.92,1563.09,0.6115,H,H,1.0
2020-10-04,Benevento,Bologna,1492.14,1500.55,0.6288,H,H,1.0
2020-10-04,Bayern Munich,Hertha,1504.34,1500.3,0.6454,H,H,1.0
2020-10-04,Wolfsburg,Augsburg,1501.29,1546.54,0.5781,D,H,
2020-10-04,Milan,Spezia,1544.99,1498.24,0.6995,H,H,1.0
2020-10-04,Parma,Verona,1452.18,1510.75,0.5593,H,H,1.0
2020-10-04,Lazio,Inter,1497.64,1549.3,0.5691,D,H,
2020-10-04,Cadiz,Granada,1500.39,1506.91,0.6314,D,H,
2020-10-04,Barcelona,Sevilla,1553.32,1544.54,0.6516,D,H,
2020-10-04,Atalanta,Cagliari,1562.2,1473.95,0.7472,H,H,1.0
2020-10-04,Strasbourg,Lille,1444.16,1553.67,0.4863,A,A,1.0
2020-10-04,Rennes,Reims,1595.8,1421.21,0.8293,D,H,
2020-10-04,Metz,Lorient,1468.3,1455.44,0.6569,H,H,1.0
2020-10-04,Lyon,Marseille,1502.65,1508.06,0.6329,D,H,
2020-10-04,Bordeaux,Dijon,1502.62,1413.4,0.7482,H,H,1.0
2020-10-04,Brest,Monaco,1484.07,1534.41,0.571,H,H,1.0
2020-10-04,Montpellier,Nimes,1538.2,1478.49,0.7149,A,H,0.0
2020-10-16,Dijon,Rennes,1400.5,1585.27,0.3804,D,A,
2020-10-16,Nimes,Paris SG,1508.26,1555.17,0.5758,A,H,0.0
2020-10-17,Bielefeld,Bayern Munich,1501.7,1519.1,0.6167,A,H,0.0
2020-10-17,Mainz,Leverkusen,1431.73,1505.28,0.538,A,H,0.0
2020-10-17,Granada,Sevilla,1511.12,1549.39,0.5879,H,H,1.0
2020-10-17,Hertha,Stuttgart,1485.53,1502.07,0.6179,A,H,0.0
2020-10-17,Freiburg,Werder Bremen,1499.94,1514.17,0.621,D,H,
2020-10-17,Augsburg,RB Leipzig,1549.04,1535.54,0.6578,A,H,0.0
2020-10-17,Napoli,Atalanta,1550.59,1575.16,0.6069,H,H,1.0
2020-10-17,Reims,Lorient,1431.75,1439.23,0.6301,A,H,0.0
2020-10-17,Marseille,Bordeaux,1512.31,1515.53,0.6358,H,H,1.0
2020-10-17,Crotone,Juventus,1439.86,1522.34,0.5252,D,H,
2020-10-17,Sampdoria,Lazio,1484.88,1495.43,0.626,H,H,1.0
2020-10-17,Inter,Milan,1551.51,1560.39,0.6282,A,H,0.0
2020-10-17,M'gladbach,Wolfsburg,1505.77,1498.78,0.6493,D,H,
2020-10-17,Celta,Ath Madrid,1472.38,1519.97,0.5749,A,H,0.0
2020-10-17,Hoffenheim,Dortmund,1528.9,1523.11,0.6477,A,H,0.0
2020-10-17,Everton,Liverpool,1579.94,1540.99,0.6899,D,H,
2020-10-17,Real Madrid,Cadiz,1572.75,1496.18,0.7343,A,H,0.0
2020-10-17,Getafe,Barcelona,1516.05,1548.47,0.596,H,H,1.0
2020-10-17,Chelsea,Southampton,1522.23,1495.06,0.6753,D,H,
2020-10-17,Man City,Arsenal,1505.8,1537.81,0.5966,H,H,1.0
2020-10-17,Newcastle,Man United,1513.08,1463.04,0.7034,A,H,0.0
2020-10-18,Angers,Metz,1488.21,1484.51,0.645,D,H,
2020-10-18,Monaco,Montpellier,1516.55,1508.44,0.6508,D,H,
2020-10-18,Bologna,Sassuolo,1485.1,1542.34,0.5612,A,H,0.0
2020-10-18,Spezia,Fiorentina,1482.83,1470.22,0.6566,D,H,
2020-10-18,St Etienne,Nice,1515.52,1506.68,0.6517,A,H,0.0
2020-10-18,Lille,Lens,1578.6,1560.12,0.6642,H,H,1.0
2020-10-18,Torino,Cagliari,1455.71,1460.99,0.633,A,H,0.0
2020-10-18,Betis,Sociedad,1527.1,1524.75,0.6432,A,H,0.0
2020-10-18,Udinese,Parma,1429.45,1470.53,0.584,H,H,1.0
2020-10-18,Strasbourg,Lyon,1419.23,1498.4,0.5299,A,H,0.0
2020-10-18,Huesca,Valladolid,1480.52,1436.94,0.6956,D,H,
2020-10-18,Nantes,Brest,1473.81,1501.93,0.602,H,H,1.0
2020-10-18,Villarreal,Valencia,1510.58,1492.22,0.664,H,H,1.0
2020-10-18,Roma,Benevento,1524.56,1507.59,0.6622,H,H,1.0
2020-10-18,Sheffield United,Fulham,1421.96,1412.31,0.6528,D,H,
2020-10-18,Crystal Palace,Brighton,1496.74,1466.03,0.6797,D,H,
2020-10-18,Tottenham,West Ham,1538.13,1519.48,0.6644,D,H,
2020-10-18,Leicester,Aston Villa,1540.67,1564.02,0.6085,A,H,0.0
2020-10-18,FC Koln,Ein Frankfurt,1430.83,1543.96,0.4811,D,A,
2020-10-18,Schalke 04,Union Berlin,1432.01,1492.51,0.5566,D,H,
2020-10-18,Ath Bilbao,Levante,1463.74,1473.57,0.6269,H,H,1.0
2020-10-18,Eibar,Osasuna,1456.76,1498.99,0.5824,D,H,
2020-10-18,Alaves,Elche,1460.67,1487.86,0.6033,A,H,0.0
2020-10-19,Verona,Genoa,1492.41,1498.12,0.6325,D,H,
2020-10-19,West Brom,Burnley,1434.92,1442.06,0.6305,D,H,
2020-10-19,Leeds,Wolves,1517.82,1487.91,0.6787,A,H,0.0
2020-10-23,Rennes,Angers,1581.44,1483.57,0.7575,A,H,0.0
2020-10-23,Elche,Valencia,1516.38,1478.24,0.6889,H,H,1.0
2020-10-23,Stuttgart,FC Koln,1531.27,1431.44,0.7596,D,H,
2020-10-23,Sassuolo,Torino,1565.71,1429.36,0.7959,D,H,
2020-10-23,Aston Villa,Leeds,1589.36,1489.56,0.7595,A,H,0.0
2020-10-24,Atalanta,Sampdoria,1555.01,1504.05,0.7045,A,H,0.0
2020-10-24,Genoa,Inter,1502.35,1525.35,0.609,A,H,0.0
2020-10-24,Lazio,Bologna,1476.25,1461.73,0.6591,H,H,1.0
2020-10-24,Liverpool,Sheffield United,1547.07,1417.07,0.7898,H,H,1.0
2020-10-24,Ath Madrid,Betis,1547.14,1494.12,0.707,H,H,1.0
2020-10-24,Sevilla,Eibar,1532.23,1454.12,0.736,A,H,0.0
2020-10-24,Man United,Chelsea,1499.1,1516.63,0.6165,D,H,
2020-10-24,Fulham,Crystal Palace,1417.2,1490.99,0.5377,A,H,0.0
2020-10-24,West Ham,Man City,1524.74,1522.6,0.6429,D,H,
2020-10-24,Barcelona,Real Madrid,1531.65,1542.18,0.626,A,H,0.0
2020-10-24,RB Leipzig,Hertha,1566.63,1456.33,0.7704,H,H,1.0
2020-10-24,Union Berlin,Freiburg,1494.33,1496.07,0.6377,D,H,
2020-10-24,Paris SG,Dijon,1586.47,1404.32,0.8354,H,H,1.0
2020-10-24,Osasuna,Ath Bilbao,1501.63,1481.37,0.6665,H,H,1.0
2020-10-24,Bayern Munich,Ein Frankfurt,1550.71,1543.35,0.6498,H,H,1.0
2020-10-24,Mainz,M'gladbach,1409.33,1501.0,0.512,A,H,0.0
2020-10-24,Dortmund,Schalke 04,1550.07,1430.2,0.78,H,H,1.0
2020-10-24,Lorient,Marseille,1469.01,1529.53,0.5566,A,H,0.0
2020-10-25,Metz,St Etienne,1489.15,1484.71,0.6459,H,H,1.0
2020-10-25,Fiorentina,Udinese,1475.23,1446.77,0.6769,H,H,1.0
2020-10-25,Parma,Spezia,1453.21,1477.82,0.6068,D,H,
2020-10-25,Benevento,Napoli,1490.28,1570.74,0.5281,A,H,0.0
2020-10-25,Cagliari,Crotone,1487.34,1439.06,0.7013,H,H,1.0
2020-10-25,Cadiz,Villarreal,1526.75,1524.57,0.643,D,H,
2020-10-25,Bordeaux,Nimes,1498.31,1476.95,0.6679,H,H,1.0
2020-10-25,Brest,Strasbourg,1483.12,1397.17,0.7447,A,H,0.0
2020-10-25,Montpellier,Reims,1513.26,1401.97,0.7714,A,H,0.0
2020-10-25,Nice,Lille,1537.48,1596.86,0.5582,D,H,
2020-10-25,Lyon,Monaco,1520.46,1511.73,0.6516,H,H,1.0
2020-10-25,Southampton,Everton,1500.67,1573.86,0.5385,H,H,1.0
2020-10-25,Getafe,Granada,1532.87,1528.27,0.6461,A,H,0.0
2020-10-25,Juventus,Verona,1523.14,1488.17,0.685,D,H,
2020-10-25,Sociedad,Huesca,1557.72,1474.26,0.7419,H,H,1.0
2020-10-25,Wolves,Newcastle,1516.17,1477.01,0.6902,D,H,
2020-10-25,Arsenal,Leicester,1521.02,1515.33,0.6476,A,H,0.0
2020-10-25,Wolfsburg,Bielefeld,1503.56,1470.09,0.6832,H,H,1.0
2020-10-25,Werder Bremen,Hoffenheim,1518.04,1501.93,0.6611,D,H,
2020-10-25,Valladolid,Alaves,1443.2,1432.16,0.6546,A,H,0.0
2020-10-26,Levante,Celta,1455.94,1445.2,0.6542,D,H,
2020-10-26,Leverkusen,Augsburg,1527.68,1517.94,0.6529,H,H,1.0
2020-10-26,Milan,Roma,1586.55,1541.87,0.697,D,H,
2020-10-26,Burnley,Tottenham,1446.24,1532.87,0.5192,A,H,0.0
2020-10-26,Brighton,West Brom,1471.79,1430.74,0.6925,D,H,
2020-10-30,Schalke 04,Stuttgart,1418.92,1522.97,0.4942,D,A,
2020-10-30,Eibar,Cadiz,1484.76,1522.18,0.5891,A,H,0.0
2020-10-30,Wolves,Crystal Palace,1510.08,1513.37,0.6357,H,H,1.0
2020-10-31,Sheffield United,Man City,1408.32,1527.17,0.4729,A,A,1.0
2020-10-31,Inter,Parma,1554.14,1449.79,0.7643,D,H,
2020-10-31,Bologna,Cagliari,1447.54,1501.46,0.5659,H,H,1.0
2020-10-31,Burnley,Chelsea,1424.62,1520.35,0.5061,A,H,0.0
2020-10-31,Liverpool,West Ham,1555.82,1520.17,0.6859,H,H,1.0
2020-10-31,Crotone,Atalanta,1424.94,1521.71,0.5047,A,H,0.0
2020-10-31,Ath Bilbao,Sevilla,1467.49,1501.59,0.5937,H,H,1.0
2020-10-31,Nantes,Paris SG,1492.62,1595.42,0.496,A,A,1.0
2020-10-31,M'gladbach,RB Leipzig,1522.31,1576.19,0.566,H,H,1.0
2020-10-31,FC Koln,Bayern Munich,1439.74,1570.64,0.4557,A,A,1.0
2020-10-31,Ein Frankfurt,Werder Bremen,1523.43,1512.89,0.6539,D,H,
2020-10-31,Bielefeld,Dortmund,1456.9,1561.35,0.4936,A,A,1.0
2020-10-31,Augsburg,Mainz,1501.54,1388.02,0.7737,H,H,1.0
2020-10-31,Alaves,Barcelona,1463.1,1502.06,0.5869,D,H,
2020-10-31,Osasuna,Ath Madrid,1515.51,1560.99,0.5778,A,H,0.0
2020-10-31,Real Madrid,Huesca,1571.77,1461.03,0.7709,H,H,1.0
2020-10-31,Rennes,Brest,1549.9,1444.94,0.7649,H,H,1.0
2020-11-01,Newcastle,Everton,1483.1,1552.05,0.5446,H,H,1.0
2020-11-01,Hertha,Wolfsburg,1446.77,1516.75,0.5431,D,H,
2020-11-01,Freiburg,Leverkusen,1500.48,1544.09,0.5804,A,H,0.0
2020-11-01,Aston Villa,Southampton,1550.42,1522.48,0.6762,A,H,0.0
2020-11-01,Man United,Arsenal,1495.37,1494.06,0.6418,A,H,0.0
2020-11-01,Nimes,Metz,1461.25,1505.89,0.579,A,H,0.0
2020-11-01,Betis,Elche,1480.27,1529.33,0.5728,H,H,1.0
2020-11-01,Celta,Sociedad,1450.14,1570.95,0.4701,A,A,1.0
2020-11-01,Granada,Levante,1555.17,1451.0,0.7641,D,H,
2020-11-01,Valencia,Getafe,1465.29,1505.97,0.5845,D,H,
2020-11-01,Lille,Lyon,1598.72,1538.32,0.7157,D,H,
2020-11-01,Monaco,Bordeaux,1493.87,1514.01,0.6129,H,H,1.0
2020-11-01,Reims,Strasbourg,1443.91,1435.34,0.6513,H,H,1.0
2020-11-01,Tottenham,Brighton,1554.48,1465.62,0.7478,H,H,1.0
2020-11-01,Dijon,Lorient,1395.37,1445.84,0.5708,D,H,
2020-11-01,Angers,Nice,1515.11,1535.62,0.6124,A,H,0.0
2020-11-01,St Etienne,Montpellier,1467.98,1471.32,0.6356,A,H,0.0
2020-11-01,Udinese,Milan,1433.32,1580.25,0.4329,A,A,1.0
2020-11-01,Torino,Lazio,1438.82,1490.44,0.5692,A,H,0.0
2020-11-01,Napoli,Sassuolo,1592.73,1556.24,0.6869,A,H,0.0
2020-11-01,Roma,Fiorentina,1548.17,1488.68,0.7147,H,H,1.0
2020-11-01,Sampdoria,Genoa,1537.35,1473.57,0.7197,D,H,
2020-11-01,Spezia,Juventus,1481.24,1517.22,0.5911,A,H,0.0
2020-11-02,Hoffenheim,Union Berlin,1507.09,1489.92,0.6625,A,H,0.0
2020-11-02,Verona,Benevento,1494.09,1468.29,0.6735,H,H,1.0
2020-11-02,Leeds,Leicester,1528.5,1542.29,0.6216,A,H,0.0
2020-11-02,Fulham,West Brom,1394.82,1436.9,0.5826,H,H,1.0
2020-11-02,Villarreal,Valladolid,1529.14,1412.26,0.777,H,H,1.0
2020-11-04,Genoa,Torino,1480.6,1415.13,0.7216,A,H,0.0
2020-11-06,Southampton,Newcastle,1550.64,1502.06,0.7017,H,H,1.0
2020-11-06,Brighton,Burnley,1455.13,1398.67,0.7111,D,H,
2020-11-06,Strasbourg,Marseille,1420.83,1552.7,0.4543,A,A,1.0
2020-11-06,Sassuolo,Udinese,1588.71,1415.3,0.8283,D,H,
2020-11-06,Werder Bremen,FC Koln,1517.81,1420.77,0.7566,D,H,
2020-11-06,Elche,Celta,1509.13,1426.04,0.7415,D,H,
2020-11-07,Chelsea,Sheffield United,1546.3,1388.64,0.8151,H,H,1.0
2020-11-07,Crystal Palace,Leeds,1496.15,1496.63,0.6394,H,H,1.0
2020-11-07,Everton,Man United,1533.09,1468.65,0.7204,A,H,0.0
2020-11-07,West Ham,Fulham,1507.09,1414.55,0.7518,H,H,1.0
2020-11-07,Mainz,Schalke 04,1377.32,1419.11,0.583,D,H,
2020-11-07,Paris SG,Rennes,1620.85,1559.69,0.7166,H,H,1.0
2020-11-07,Bordeaux,Montpellier,1492.97,1497.79,0.6336,A,H,0.0
2020-11-07,Cagliari,Sampdoria,1483.39,1530.32,0.5758,H,H,1.0
2020-11-07,Benevento,Spezia,1452.86,1450.94,0.6426,A,H,0.0
2020-11-07,Huesca,Eibar,1449.28,1456.92,0.6299,D,H,
2020-11-07,Barcelona,Betis,1504.84,1500.47,0.6458,H,H,1.0
2020-11-07,Sevilla,Osasuna,1484.68,1488.2,0.6354,H,H,1.0
2020-11-07,Ath Madrid,Cadiz,1588.3,1550.03,0.6891,H,H,1.0
2020-11-07,Augsburg,Hertha,1512.24,1445.39,0.7232,A,H,0.0
2020-11-07,Parma,Fiorentina,1458.25,1475.2,0.6173,D,H,
2020-11-07,Dortmund,Bayern Munich,1584.68,1589.61,0.6335,A,H,0.0
2020-11-07,Union Berlin,Bielefeld,1521.23,1433.57,0.7465,H,H,1.0
2020-11-07,Stuttgart,Ein Frankfurt,1522.78,1518.5,0.6457,D,H,
2020-11-07,RB Leipzig,Freiburg,1558.12,1473.04,0.7437,H,H,1.0
2020-11-08,Getafe,Villarreal,1508.67,1539.68,0.598,A,H,0.0
2020-11-08,Valladolid,Ath Bilbao,1401.72,1484.4,0.5249,H,H,1.0
2020-11-08,Valencia,Real Madrid,1462.58,1583.52,0.4699,H,A,0.0
2020-11-08,Leverkusen,M'gladbach,1571.53,1540.38,0.6803,H,H,1.0
2020-11-08,Wolfsburg,Hoffenheim,1518.13,1475.77,0.6941,H,H,1.0
2020-11-08,Levante,Alaves,1459.45,1460.32,0.6389,D,H,
2020-11-08,Sociedad,Granada,1595.05,1546.72,0.7014,H,H,1.0
2020-11-08,Lens,Reims,1541.86,1458.42,0.7419,D,H,
2020-11-08,West Brom,Tottenham,1417.17,1564.98,0.4316,A,A,1.0
2020-11-08,Lorient,Nantes,1448.1,1467.2,0.6144,A,H,0.0
2020-11-08,Metz,Dijon,1529.99,1393.11,0.7963,D,H,
2020-11-08,Nimes,Angers,1437.15,1483.71,0.5763,A,H,0.0
2020-11-08,Nice,Monaco,1567.02,1514.91,0.7059,A,H,0.0
2020-11-08,Lyon,St Etienne,1545.22,1441.51,0.7636,H,H,1.0
2020-11-08,Atalanta,Inter,1542.72,1545.68,0.6361,D,H,
2020-11-08,Genoa,Roma,1450.55,1561.66,0.484,A,A,1.0
2020-11-08,Torino,Crotone,1445.17,1403.93,0.6928,D,H,
2020-11-08,Bologna,Napoli,1465.61,1560.26,0.5077,A,H,0.0
2020-11-08,Milan,Verona,1598.27,1509.52,0.7477,D,H,
2020-11-08,Brest,Lille,1435.15,1591.81,0.4192,H,A,0.0
2020-11-08,Lazio,Juventus,1514.14,1547.52,0.5947,D,H,
2020-11-08,Leicester,Wolves,1574.16,1527.3,0.6996,H,H,1.0
2020-11-08,Man City,Liverpool,1546.86,1568.9,0.6104,D,H,
2020-11-08,Arsenal,Aston Villa,1520.78,1522.26,0.6381,A,H,0.0
2020-11-20,Rennes,Bordeaux,1545.16,1463.02,0.7405,A,H,0.0
2020-11-20,Monaco,Paris SG,1544.3,1635.38,0.5128,H,H,1.0
2020-11-20,Osasuna,Huesca,1473.02,1445.13,0.6762,D,H,
2020-11-21,Schalke 04,Wolfsburg,1421.77,1530.87,0.4869,A,A,1.0
2020-11-21,Hertha,Dortmund,1482.47,1558.31,0.5347,A,H,0.0
2020-11-21,Ein Frankfurt,RB Leipzig,1523.16,1571.26,0.5741,D,H,
2020-11-21,Crotone,Lazio,1410.1,1511.11,0.4985,A,A,1.0
2020-11-21,M'gladbach,Augsburg,1527.07,1475.16,0.7057,D,H,
2020-11-21,Hoffenheim,Stuttgart,1463.04,1518.12,0.5643,D,H,
2020-11-21,Bielefeld,Leverkusen,1419.15,1584.84,0.4066,A,A,1.0
2020-11-21,Bayern Munich,Werder Bremen,1615.99,1509.6,0.7664,D,H,
2020-11-21,Man United,West Brom,1502.7,1399.2,0.7634,H,H,1.0
2020-11-21,Tottenham,Man City,1582.95,1543.33,0.6908,H,H,1.0
2020-11-21,Ath Madrid,Barcelona,1605.2,1523.0,0.7406,H,H,1.0
2020-11-21,Villarreal,Real Madrid,1567.95,1556.34,0.6553,D,H,
2020-11-21,Levante,Elche,1455.01,1501.41,0.5765,D,H,
2020-11-21,Brest,St Etienne,1459.34,1431.67,0.6759,H,H,1.0
2020-11-21,Aston Villa,Brighton,1554.98,1448.37,0.7666,A,H,0.0
2020-11-21,Newcastle,Chelsea,1487.96,1555.78,0.5462,A,H,0.0
2020-11-21,Juventus,Cagliari,1550.55,1503.44,0.6999,H,H,1.0
2020-11-21,Spezia,Atalanta,1483.88,1538.36,0.5651,D,H,
2020-11-21,Sevilla,Celta,1499.86,1433.77,0.7223,H,H,1.0
2020-11-22,Eibar,Getafe,1461.07,1480.41,0.614,D,H,
2020-11-22,Cadiz,Sociedad,1533.12,1609.16,0.5344,A,H,0.0
2020-11-22,Granada,Valladolid,1532.61,1421.5,0.7712,A,H,0.0
2020-11-22,Alaves,Valencia,1464.76,1489.76,0.6063,D,H,
2020-11-22,Sheffield United,West Ham,1379.15,1517.42,0.4452,A,A,1.0
2020-11-22,Fulham,Everton,1404.22,1499.03,0.5075,A,H,0.0
2020-11-22,Fiorentina,Benevento,1478.95,1419.92,0.7141,A,H,0.0
2020-11-22,Liverpool,Leicester,1572.43,1586.66,0.621,H,H,1.0
2020-11-22,Leeds,Arsenal,1478.15,1488.07,0.6268,D,H,
2020-11-22,FC Koln,Union Berlin,1428.99,1535.65,0.4904,A,A,1.0
2020-11-22,Nantes,Metz,1496.24,1520.51,0.6073,D,H,
2020-11-22,Dijon,Lens,1402.59,1534.12,0.4547,A,A,1.0
2020-11-22,Montpellier,Strasbourg,1527.74,1401.91,0.7858,H,H,1.0
2020-11-22,Reims,Nimes,1466.16,1405.82,0.7157,A,H,0.0
2020-11-22,Angers,Lyon,1515.04,1555.07,0.5855,A,H,0.0
2020-11-22,Lille,Lorient,1567.63,1419.06,0.807,H,H,1.0
2020-11-22,Napoli,Milan,1581.4,1590.34,0.6281,A,H,0.0
2020-11-22,Verona,Sassuolo,1517.45,1578.2,0.5562,A,H,0.0
2020-11-22,Udinese,Genoa,1425.8,1427.67,0.6376,H,H,1.0
2020-11-22,Sampdoria,Bologna,1510.27,1444.47,0.722,A,H,0.0
2020-11-22,Roma,Parma,1584.54,1454.5,0.7899,H,H,1.0
2020-11-22,Inter,Torino,1550.04,1439.0,0.7712,H,H,1.0
2020-11-22,Freiburg,Mainz,1459.9,1374.66,0.7439,A,H,0.0
2020-11-23,Burnley,Crystal Palace,1405.43,1514.64,0.4867,H,A,0.0
2020-11-23,Ath Bilbao,Betis,1464.62,1482.31,0.6163,H,H,1.0
2020-11-23,Wolves,Southampton,1514.79,1564.74,0.5715,D,H,
2020-11-25,Lens,Nantes,1553.05,1492.8,0.7155,D,H,
2020-11-27,Valladolid,Levante,1457.95,1452.56,0.6472,D,H,
2020-11-27,Wolfsburg,Werder Bremen,1553.88,1518.12,0.686,H,H,1.0
2020-11-27,Strasbourg,Rennes,1393.0,1514.33,0.4693,D,A,
2020-11-27,Crystal Palace,Newcastle,1493.27,1462.14,0.6802,A,H,0.0
2020-11-28,Union Berlin,Ein Frankfurt,1556.07,1520.79,0.6854,D,H,
2020-11-28,M'gladbach,Schalke 04,1520.49,1398.75,0.7818,H,H,1.0
2020-11-28,Valencia,Ath Madrid,1493.16,1616.0,0.4672,A,A,1.0
2020-11-28,Huesca,Sevilla,1450.76,1512.98,0.5542,A,H,0.0
2020-11-28,Brighton,Liverpool,1480.29,1591.86,0.4834,D,A,
2020-11-28,Man City,Burnley,1528.71,1426.8,0.7618,H,H,1.0
2020-11-28,Everton,Leeds,1520.16,1474.09,0.6986,A,H,0.0
2020-11-28,West Brom,Sheffield United,1389.35,1360.62,0.6772,H,H,1.0
2020-11-28,Elche,Cadiz,1503.85,1510.87,0.6307,D,H,
2020-11-28,Paris SG,Bordeaux,1615.1,1493.84,0.7814,D,H,
2020-11-28,Marseille,Nantes,1571.61,1499.7,0.729,H,H,1.0
2020-11-28,Augsburg,Freiburg,1481.74,1424.74,0.7117,D,H,
2020-11-28,Benevento,Juventus,1449.65,1564.74,0.4783,D,A,
2020-11-28,Sassuolo,Inter,1604.5,1560.86,0.6957,A,H,0.0
2020-11-28,Dortmund,FC Koln,1585.72,1408.57,0.8314,A,H,0.0
2020-11-28,RB Leipzig,Bielefeld,1573.63,1402.22,0.8267,H,H,1.0
2020-11-28,Stuttgart,Bayern Munich,1520.17,1607.46,0.5183,A,H,0.0
2020-11-28,Real Madrid,Alaves,1561.31,1461.36,0.7597,A,H,0.0
2020-11-28,Atalanta,Verona,1540.45,1491.16,0.7025,A,H,0.0
2020-11-29,Lyon,Reims,1579.44,1436.37,0.8021,H,H,1.0
2020-11-29,Lorient,Montpellier,1408.57,1536.65,0.4597,A,A,1.0
2020-11-29,Metz,Brest,1523.94,1475.95,0.701,A,H,0.0
2020-11-29,Monaco,Nimes,1564.58,1435.61,0.7889,H,H,1.0
2020-11-29,Nice,Dijon,1537.63,1383.66,0.8118,A,H,0.0
2020-11-29,St Etienne,Lille,1415.06,1578.12,0.4102,D,A,
2020-11-29,Lens,Angers,1546.16,1490.67,0.7099,A,H,0.0
2020-11-29,Napoli,Roma,1551.71,1595.31,0.5805,H,H,1.0
2020-11-29,Getafe,Ath Bilbao,1484.06,1485.48,0.6382,D,H,
2020-11-29,Celta,Granada,1420.64,1496.15,0.5352,H,H,1.0
2020-11-29,Sociedad,Villarreal,1631.41,1562.98,0.725,D,H,
2020-11-29,Chelsea,Tottenham,1581.6,1597.57,0.6186,D,H,
2020-11-29,Southampton,Man United,1567.03,1512.55,0.7087,A,H,0.0
2020-11-29,Barcelona,Osasuna,1512.2,1467.38,0.6971,H,H,1.0
2020-11-29,Arsenal,Wolves,1492.12,1512.5,0.6126,A,H,0.0
2020-11-29,Cagliari,Spezia,1489.26,1481.8,0.6499,D,H,
2020-11-29,Milan,Fiorentina,1620.03,1449.22,0.8262,H,H,1.0
2020-11-29,Bologna,Crotone,1474.53,1386.53,0.7469,H,H,1.0
2020-11-29,Lazio,Udinese,1534.67,1440.89,0.7532,A,H,0.0
2020-11-29,Leverkusen,Hertha,1601.77,1455.06,0.8054,D,H,
2020-11-29,Mainz,Hoffenheim,1409.83,1460.98,0.5698,D,H,
2020-11-30,West Ham,Aston Villa,1535.95,1523.06,0.657,H,H,1.0
2020-11-30,Leicester,Fulham,1567.23,1383.09,0.8369,A,H,0.0
2020-11-30,Torino,Sampdoria,1428.18,1480.21,0.5686,D,H,
2020-11-30,Betis,Eibar,1461.45,1457.42,0.6454,A,H,0.0
2020-11-30,Genoa,Parma,1412.59,1443.72,0.5978,A,H,0.0
2020-12-04,Ath Bilbao,Celta,1489.9,1442.61,0.7001,A,H,0.0
2020-12-04,Nimes,Marseille,1424.79,1584.42,0.415,A,A,1.0
2020-12-04,Hertha,Union Berlin,1464.83,1550.14,0.5211,H,H,1.0
2020-12-05,Spezia,Lazio,1486.59,1499.07,0.6234,A,H,0.0
2020-12-05,Burnley,Everton,1413.24,1491.08,0.5319,D,H,
2020-12-05,Man City,Fulham,1542.27,1417.93,0.7844,H,H,1.0
2020-12-05,West Ham,Man United,1550.23,1542.06,0.6508,A,H,0.0
2020-12-05,Inter,Bologna,1596.52,1485.07,0.7716,H,H,1.0
2020-12-05,Bayern Munich,RB Leipzig,1631.96,1580.85,0.7047,D,H,
2020-12-05,Freiburg,M'gladbach,1431.52,1531.67,0.4998,D,A,
2020-12-05,FC Koln,Wolfsburg,1443.18,1568.72,0.4633,D,A,
2020-12-05,Ein Frankfurt,Dortmund,1526.72,1551.11,0.6071,D,H,
2020-12-05,Chelsea,Leeds,1577.8,1503.18,0.7321,H,H,1.0
2020-12-05,Bielefeld,Mainz,1395.0,1407.59,0.6232,H,H,1.0
2020-12-05,Juventus,Torino,1564.05,1425.99,0.7974,H,H,1.0
2020-12-05,Montpellier,Paris SG,1555.79,1606.09,0.571,A,H,0.0
2020-12-05,Cadiz,Barcelona,1515.06,1528.67,0.6218,H,H,1.0
2020-12-05,Rennes,Lens,1513.35,1512.6,0.6411,A,H,0.0
2020-12-05,Sevilla,Real Madrid,1536.05,1529.68,0.6485,A,H,0.0
2020-12-05,Levante,Getafe,1457.27,1479.63,0.6099,H,H,1.0
2020-12-05,Ath Madrid,Valladolid,1635.45,1453.24,0.8354,H,H,1.0
2020-12-06,Crotone,Napoli,1376.0,1574.52,0.3619,A,A,1.0
2020-12-06,Roma,Sassuolo,1572.5,1568.83,0.6449,D,H,
2020-12-06,Parma,Benevento,1468.61,1450.34,0.6639,D,H,
2020-12-06,Verona,Cagliari,1524.36,1484.46,0.6911,D,H,
2020-12-06,Granada,Huesca,1474.18,1427.69,0.6992,D,H,
2020-12-06,Osasuna,Betis,1450.92,1430.94,0.6661,A,H,0.0
2020-12-06,Villarreal,Elche,1570.18,1499.67,0.7274,D,H,
2020-12-06,Alaves,Sociedad,1492.99,1624.21,0.4552,D,A,
2020-12-06,Metz,Lyon,1490.81,1589.59,0.5018,A,H,0.0
2020-12-06,Reims,Nice,1426.22,1499.26,0.5387,D,H,
2020-12-06,Sampdoria,Milan,1482.41,1628.25,0.4344,A,A,1.0
2020-12-06,Schalke 04,Leverkusen,1387.57,1591.99,0.3541,A,A,1.0
2020-12-06,Werder Bremen,Stuttgart,1503.28,1495.68,0.6501,A,H,0.0
2020-12-06,Liverpool,Wolves,1591.33,1538.01,0.7074,H,H,1.0
2020-12-06,Dijon,St Etienne,1422.03,1417.93,0.6455,D,H,
2020-12-06,Tottenham,Arsenal,1601.36,1466.62,0.7943,H,H,1.0
2020-12-06,Sheffield United,Leicester,1347.18,1532.39,0.3798,A,A,1.0
2020-12-06,Bordeaux,Brest,1502.85,1509.09,0.6318,H,H,1.0
2020-12-06,West Brom,Crystal Palace,1402.79,1461.12,0.5597,A,H,0.0
2020-12-06,Angers,Lorient,1524.23,1389.44,0.7944,H,H,1.0
2020-12-06,Lille,Monaco,1575.25,1575.4,0.6399,H,H,1.0
2020-12-06,Nantes,Strasbourg,1486.89,1393.98,0.7522,A,H,0.0
2020-12-07,Eibar,Valencia,1487.93,1473.71,0.6587,D,H,
2020-12-07,Fiorentina,Genoa,1441.0,1387.7,0.7073,D,H,
2020-12-07,Hoffenheim,Augsburg,1463.21,1474.97,0.6243,H,H,1.0
2020-12-07,Brighton,Southampton,1480.82,1537.52,0.562,A,H,0.0
2020-12-11,St Etienne,Angers,1422.59,1533.94,0.4837,D,A,
2020-12-11,Leeds,West Ham,1490.51,1519.47,0.6008,A,H,0.0
2020-12-11,Valladolid,Osasuna,1445.46,1419.43,0.6738,H,H,1.0
2020-12-11,Sassuolo,Benevento,1573.47,1455.59,0.778,H,H,1.0
2020-12-11,Wolfsburg,Ein Frankfurt,1567.55,1523.3,0.6964,H,H,1.0
2020-12-12,Dortmund,Stuttgart,1554.54,1522.74,0.6811,A,H,0.0
2020-12-12,Freiburg,Bielefeld,1431.52,1410.69,0.6672,H,H,1.0
2020-12-12,Man United,Man City,1572.82,1552.46,0.6666,D,H,
2020-12-12,Everton,Chelsea,1492.09,1590.47,0.5023,H,H,1.0
2020-12-12,Lens,Montpellier,1542.9,1528.8,0.6585,A,H,0.0
2020-12-12,Marseille,Monaco,1604.04,1560.41,0.6957,H,H,1.0
2020-12-12,Union Berlin,Bayern Munich,1527.5,1625.41,0.503,D,H,
2020-12-12,M'gladbach,Hertha,1531.67,1487.46,0.6964,D,H,
2020-12-12,Mainz,FC Koln,1391.9,1444.36,0.568,A,H,0.0
2020-12-12,Wolves,Aston Villa,1522.1,1508.78,0.6575,A,H,0.0
2020-12-12,Newcastle,West Brom,1494.3,1372.36,0.782,H,H,1.0
2020-12-12,RB Leipzig,Werder Bremen,1587.4,1476.22,0.7713,H,H,1.0
2020-12-12,Torino,Udinese,1417.56,1476.49,0.5588,A,H,0.0
2020-12-12,Real Madrid,Ath Madrid,1556.68,1643.23,0.5193,H,H,1.0
2020-12-12,Huesca,Alaves,1434.06,1494.42,0.5568,H,H,1.0
2020-12-12,Crotone,Spezia,1356.32,1460.64,0.4938,H,A,0.0
2020-12-12,Valencia,Ath Bilbao,1478.79,1456.81,0.6687,D,H,
2020-12-12,Getafe,Sevilla,1459.64,1509.06,0.5723,A,H,0.0
2020-12-12,Lazio,Verona,1525.03,1518.25,0.649,A,H,0.0
2020-12-13,Napoli,Sampdoria,1594.19,1464.32,0.7897,H,H,1.0
2020-12-13,Leicester,Brighton,1548.2,1457.42,0.7499,H,H,1.0
2020-12-13,Arsenal,Burnley,1456.9,1412.22,0.697,A,H,0.0
2020-12-13,Fulham,Liverpool,1407.74,1607.24,0.3606,D,A,
2020-12-13,Crystal Palace,Tottenham,1491.55,1611.08,0.4719,D,A,
2020-12-13,Southampton,Sheffield United,1560.92,1331.37,0.8696,H,H,1.0
2020-12-13,Leverkusen,Hoffenheim,1610.15,1480.97,0.7891,H,H,1.0
2020-12-13,Augsburg,Schalke 04,1457.21,1369.41,0.7467,D,H,
2020-12-13,Barcelona,Levante,1512.92,1477.27,0.6859,H,H,1.0
2020-12-13,Elche,Granada,1506.95,1467.81,0.6902,A,H,0.0
2020-12-13,Betis,Villarreal,1462.43,1562.9,0.4993,D,A,
2020-12-13,Bologna,Roma,1474.27,1567.86,0.5092,A,H,0.0
2020-12-13,Sociedad,Eibar,1622.78,1482.85,0.7992,D,H,
2020-12-13,Cagliari,Inter,1490.57,1607.32,0.4759,A,A,1.0
2020-12-13,Atalanta,Fiorentina,1507.24,1434.37,0.7301,H,H,1.0
2020-12-13,Nice,Rennes,1500.5,1483.05,0.6629,A,H,0.0
2020-12-13,Brest,Reims,1493.75,1424.98,0.7254,H,H,1.0
2020-12-13,Lorient,Nimes,1379.72,1405.17,0.6057,H,H,1.0
2020-12-13,Nantes,Dijon,1446.0,1417.38,0.6771,D,H,
2020-12-13,Strasbourg,Metz,1434.87,1467.09,0.5963,D,H,
2020-12-13,Lille,Bordeaux,1590.24,1518.18,0.7292,H,H,1.0
2020-12-13,Milan,Parma,1646.33,1463.37,0.836,D,H,
2020-12-13,Genoa,Juventus,1394.33,1572.48,0.3894,A,A,1.0
2020-12-13,Paris SG,Lyon,1633.08,1613.31,0.6659,A,H,0.0
2020-12-14,Celta,Cadiz,1475.71,1530.8,0.5643,H,H,1.0
2020-12-15,Real Madrid,Ath Bilbao,1579.4,1462.21,0.7773,H,H,1.0
2020-12-15,Man City,West Brom,1557.79,1363.28,0.8449,D,H,
2020-12-15,Wolves,Chelsea,1494.72,1569.75,0.5359,H,H,1.0
2020-12-15,Hertha,Mainz,1493.75,1368.26,0.7855,D,H,
2020-12-15,Werder Bremen,Dortmund,1465.41,1517.51,0.5685,A,H,0.0
2020-12-15,Stuttgart,Union Berlin,1559.77,1527.41,0.6818,D,H,
2020-12-15,Ein Frankfurt,M'gladbach,1510.66,1525.38,0.6203,D,H,
2020-12-15,Benevento,Lazio,1446.35,1498.01,0.5691,D,H,
2020-12-15,Udinese,Crotone,1499.76,1382.27,0.7776,D,H,
2020-12-16,Schalke 04,Freiburg,1377.31,1447.26,0.5431,A,H,0.0
2020-12-16,Spezia,Bologna,1434.69,1446.59,0.6241,D,H,
2020-12-16,Rennes,Marseille,1510.65,1616.71,0.4913,H,A,0.0
2020-12-16,Paris SG,Lorient,1605.36,1399.93,0.853,H,H,1.0
2020-12-16,Monaco,Lens,1547.74,1515.48,0.6816,A,H,0.0
2020-12-16,Lyon,Brest,1641.03,1505.19,0.7954,D,H,
2020-12-16,Bordeaux,St Etienne,1506.9,1423.11,0.7423,A,H,0.0
2020-12-16,Reims,Nantes,1413.55,1440.33,0.6038,H,H,1.0
2020-12-16,Nimes,Nice,1384.95,1472.9,0.5173,A,H,0.0
2020-12-16,Montpellier,Metz,1556.22,1470.17,0.7448,A,H,0.0
2020-12-16,Dijon,Lille,1423.04,1601.52,0.3889,A,A,1.0
2020-12-16,Angers,Strasbourg,1533.42,1431.79,0.7615,A,H,0.0
2020-12-16,FC Koln,Leverkusen,1468.0,1620.96,0.4244,A,A,1.0
2020-12-16,Juventus,Atalanta,1590.88,1521.07,0.7266,D,H,
2020-12-16,Barcelona,Sociedad,1526.0,1613.21,0.5184,H,H,1.0
2020-12-16,Fiorentina,Sassuolo,1420.53,1582.71,0.4115,D,A,
2020-12-16,Genoa,Milan,1375.93,1635.58,0.2852,D,A,
2020-12-16,Inter,Napoli,1629.82,1602.95,0.6749,H,H,1.0
2020-12-16,Verona,Sampdoria,1545.27,1455.57,0.7488,A,H,0.0
2020-12-16,Bayern Munich,Wolfsburg,1625.51,1580.19,0.6977,H,H,1.0
2020-12-16,Bielefeld,Augsburg,1394.96,1449.32,0.5653,A,H,0.0
2020-12-16,Hoffenheim,RB Leipzig,1470.16,1598.21,0.4597,A,A,1.0
2020-12-16,Leeds,Newcastle,1465.5,1503.37,0.5885,H,H,1.0
2020-12-16,Arsenal,Southampton,1427.88,1567.6,0.4431,D,A,
2020-12-16,West Ham,Crystal Palace,1544.49,1492.44,0.7058,D,H,
2020-12-16,Parma,Cagliari,1474.12,1468.08,0.648,D,H,
2020-12-16,Fulham,Brighton,1412.2,1444.6,0.5961,D,H,
2020-12-16,Leicester,Everton,1561.02,1512.81,0.7012,A,H,0.0
2020-12-16,Liverpool,Tottenham,1602.77,1610.19,0.6302,H,H,1.0
2020-12-17,Aston Villa,Burnley,1536.15,1441.24,0.7544,D,H,
2020-12-17,Sheffield United,Man United,1324.68,1567.49,0.3053,A,A,1.0
2020-12-17,Roma,Torino,1595.55,1394.29,0.8499,H,H,1.0
2020-12-18,Union Berlin,Dortmund,1533.22,1541.18,0.6295,H,H,1.0
2020-12-18,Ath Bilbao,Huesca,1451.68,1452.52,0.639,H,H,1.0
2020-12-19,Levante,Sociedad,1464.19,1593.15,0.4584,H,A,0.0
2020-12-19,Barcelona,Valencia,1546.05,1473.39,0.7299,D,H,
2020-12-19,Ath Madrid,Elche,1620.51,1478.21,0.8014,H,H,1.0
2020-12-19,Mainz,Werder Bremen,1377.39,1441.74,0.5511,A,H,0.0
2020-12-19,M'gladbach,Hoffenheim,1529.23,1451.02,0.7361,A,H,0.0
2020-12-19,Augsburg,Ein Frankfurt,1472.85,1506.81,0.5939,A,H,0.0
2020-12-19,Parma,Juventus,1469.38,1583.63,0.4795,A,A,1.0
2020-12-19,Sampdoria,Crotone,1486.74,1391.16,0.7551,H,H,1.0
2020-12-19,Fiorentina,Verona,1423.37,1514.09,0.5133,D,H,
2020-12-19,RB Leipzig,FC Koln,1617.35,1444.93,0.8275,D,H,
2020-12-19,Osasuna,Villarreal,1405.85,1562.88,0.4187,A,A,1.0
2020-12-19,Schalke 04,Bielefeld,1351.64,1371.43,0.6134,A,H,0.0
2020-12-19,Leverkusen,Bayern Munich,1644.03,1638.09,0.6479,A,H,0.0
2020-12-19,Nice,Lyon,1497.35,1631.57,0.4509,A,A,1.0
2020-12-19,Marseille,Reims,1595.53,1430.04,0.8217,D,H,
2020-12-19,Metz,Lens,1505.38,1550.43,0.5784,H,H,1.0
2020-12-19,Newcastle,Fulham,1482.27,1409.13,0.7304,D,H,
2020-12-19,Everton,Arsenal,1545.96,1429.7,0.7764,H,H,1.0
2020-12-19,Southampton,Man City,1565.78,1546.75,0.6649,A,H,0.0
2020-12-19,Crystal Palace,Liverpool,1499.03,1618.17,0.4725,A,A,1.0
2020-12-19,Sevilla,Valladolid,1532.88,1459.04,0.7312,D,H,
2020-12-20,St Etienne,Nimes,1454.01,1360.5,0.7529,D,H,
2020-12-20,Lorient,Rennes,1392.98,1531.83,0.4443,A,A,1.0
2020-12-20,Nantes,Angers,1423.84,1497.43,0.5379,D,H,
2020-12-20,Dijon,Monaco,1404.66,1512.8,0.4883,A,A,1.0
2020-12-20,Brest,Montpellier,1514.64,1521.01,0.6316,D,H,
2020-12-20,Strasbourg,Bordeaux,1467.78,1476.0,0.6291,A,H,0.0
2020-12-20,Eibar,Real Madrid,1492.42,1589.93,0.5036,A,H,0.0
2020-12-20,Benevento,Genoa,1444.13,1382.8,0.7168,H,H,1.0
2020-12-20,Freiburg,Hertha,1472.93,1484.61,0.6244,H,H,1.0
2020-12-20,Wolfsburg,Stuttgart,1567.6,1553.95,0.658,H,H,1.0
2020-12-20,West Brom,Aston Villa,1374.32,1528.01,0.4233,A,A,1.0
2020-12-20,Man United,Leeds,1580.2,1486.6,0.753,H,H,1.0
2020-12-20,Tottenham,Leicester,1594.79,1527.87,0.7233,A,H,0.0
2020-12-20,Brighton,Sheffield United,1447.68,1311.97,0.7952,D,H,
2020-12-20,Inter,Spezia,1643.35,1430.72,0.8581,H,H,1.0
2020-12-20,Sassuolo,Milan,1579.88,1628.7,0.5731,A,H,0.0
2020-12-20,Atalanta,Roma,1528.33,1602.64,0.5369,H,H,1.0
2020-12-20,Torino,Bologna,1387.2,1450.56,0.5525,D,H,
2020-12-20,Lazio,Napoli,1500.22,1589.41,0.5155,H,H,1.0
2020-12-20,Cadiz,Getafe,1507.11,1435.81,0.7283,A,H,0.0
2020-12-20,Granada,Betis,1496.54,1462.45,0.6839,H,H,1.0
2020-12-20,Celta,Alaves,1499.4,1475.97,0.6705,H,H,1.0
2020-12-20,Cagliari,Udinese,1472.82,1490.87,0.6158,D,H,
2020-12-20,Lille,Paris SG,1619.9,1612.31,0.6501,D,H,
2020-12-21,Burnley,Wolves,1449.38,1514.05,0.5507,H,H,1.0
2020-12-21,Chelsea,West Ham,1550.43,1537.9,0.6565,H,H,1.0
2020-12-22,Juventus,Fiorentina,1609.7,1422.94,0.839,A,H,0.0
2020-12-22,Villarreal,Ath Bilbao,1582.67,1468.75,0.7741,D,H,
2020-12-22,Valladolid,Barcelona,1466.44,1538.69,0.5398,A,H,0.0
2020-12-22,Huesca,Levante,1435.45,1486.74,0.5696,D,H,
2020-12-22,Valencia,Sevilla,1480.75,1525.48,0.5789,A,H,0.0
2020-12-22,Elche,Osasuna,1468.83,1386.06,0.7412,D,H,
2020-12-22,Crotone,Parma,1379.58,1443.31,0.552,H,H,1.0
2020-12-22,Sociedad,Ath Madrid,1570.61,1629.9,0.5583,A,H,0.0
2020-12-23,Rennes,Metz,1554.6,1525.31,0.6779,H,H,1.0
2020-12-23,Angers,Marseille,1498.64,1585.23,0.5193,H,H,1.0
2020-12-23,Lyon,Nantes,1654.69,1422.62,0.8712,H,H,1.0
2020-12-23,Monaco,St Etienne,1533.12,1445.92,0.746,D,H,
2020-12-23,Montpellier,Lille,1525.22,1615.1,0.5146,A,H,0.0
2020-12-23,Udinese,Benevento,1494.58,1457.52,0.6876,A,H,0.0
2020-12-23,Spezia,Genoa,1424.81,1369.42,0.7098,A,H,0.0
2020-12-23,Sampdoria,Sassuolo,1498.32,1556.02,0.5606,A,H,0.0
2020-12-23,Roma,Cagliari,1578.9,1469.11,0.7699,H,H,1.0
2020-12-23,Napoli,Torino,1566.51,1385.52,0.8345,D,H,
2020-12-23,Milan,Lazio,1652.56,1523.12,0.7893,H,H,1.0
2020-12-23,Bologna,Atalanta,1452.24,1552.07,0.5002,D,H,
2020-12-23,Verona,Inter,1514.52,1649.26,0.4502,A,A,1.0
2020-12-23,Getafe,Celta,1470.24,1514.97,0.5789,D,H,
2020-12-23,Betis,Cadiz,1447.51,1472.69,0.606,H,H,1.0
2020-12-23,Nimes,Dijon,1368.59,1384.33,0.6189,A,H,0.0
2020-12-23,Nice,Lorient,1474.24,1370.2,0.764,D,H,
2020-12-23,Lens,Brest,1530.5,1510.43,0.6662,H,H,1.0
2020-12-23,Bordeaux,Reims,1505.74,1440.34,0.7215,A,H,0.0
2020-12-23,Paris SG,Strasbourg,1617.11,1438.05,0.8329,H,H,1.0
2020-12-23,Alaves,Eibar,1460.4,1468.62,0.6291,H,H,1.0
2020-12-23,Real Madrid,Granada,1613.73,1511.48,0.7621,H,H,1.0
2020-12-26,Leicester,Man United,1562.06,1593.63,0.5972,D,H,
2020-12-26,Sheffield United,Everton,1321.42,1555.27,0.3164,A,A,1.0
2020-12-26,Man City,Newcastle,1574.44,1474.9,0.7593,H,H,1.0
2020-12-26,Arsenal,Chelsea,1420.39,1568.04,0.4319,H,A,0.0
2020-12-26,Aston Villa,Crystal Palace,1549.72,1470.26,0.7375,H,H,1.0
2020-12-26,Fulham,Southampton,1416.5,1538.1,0.469,D,A,
2020-12-27,Wolves,Tottenham,1495.34,1560.6,0.5498,D,H,
2020-12-27,West Ham,Brighton,1520.29,1438.23,0.7404,D,H,
2020-12-27,Liverpool,West Brom,1646.95,1352.62,0.9064,D,H,
2020-12-27,Leeds,Burnley,1473.17,1468.08,0.6468,H,H,1.0
2020-12-28,Crystal Palace,Leicester,1456.8,1558.95,0.4969,D,A,
2020-12-28,Chelsea,Aston Villa,1541.18,1563.17,0.6104,D,H,
2020-12-29,Man United,Wolves,1596.74,1493.74,0.7629,H,H,1.0
2020-12-29,West Brom,Leeds,1365.62,1487.87,0.468,A,A,1.0
2020-12-29,Southampton,West Ham,1537.11,1512.6,0.6719,D,H,
2020-12-29,Sevilla,Villarreal,1549.58,1573.9,0.6072,H,H,1.0
2020-12-29,Barcelona,Eibar,1566.37,1453.18,0.7733,D,H,
2020-12-29,Burnley,Sheffield United,1453.38,1308.25,0.8039,H,H,1.0
2020-12-29,Brighton,Arsenal,1445.92,1447.25,0.6383,A,H,0.0
2020-12-29,Cadiz,Valladolid,1456.28,1438.77,0.663,D,H,
2020-12-29,Levante,Betis,1488.97,1463.91,0.6726,H,H,1.0
2020-12-30,Elche,Real Madrid,1461.11,1624.97,0.4091,D,A,
2020-12-30,Celta,Huesca,1517.49,1433.22,0.7428,H,H,1.0
2020-12-30,Ath Madrid,Getafe,1656.29,1467.71,0.8404,H,H,1.0
2020-12-30,Newcastle,Liverpool,1463.52,1633.94,0.4,D,A,
2020-12-30,Granada,Valencia,1500.24,1456.65,0.6956,H,H,1.0
2020-12-31,Osasuna,Alaves,1393.78,1475.84,0.5258,D,H,
2020-12-31,Ath Bilbao,Sociedad,1477.52,1544.22,0.5478,A,H,0.0
2021-01-01,Man United,Aston Villa,1606.62,1566.71,0.6911,H,H,1.0
2021-01-01,Everton,West Ham,1568.44,1518.1,0.7038,A,H,0.0
2021-01-02,Bielefeld,M'gladbach,1396.96,1498.59,0.4977,A,A,1.0
2021-01-02,Stuttgart,RB Leipzig,1539.71,1606.87,0.5471,A,H,0.0
2021-01-02,Villarreal,Levante,1555.33,1502.6,0.7067,H,H,1.0
2021-01-02,Betis,Sevilla,1450.28,1568.15,0.4743,D,A,
2021-01-02,Getafe,Valladolid,1461.07,1443.98,0.6624,A,H,0.0
2021-01-02,Real Madrid,Celta,1622.07,1528.2,0.7532,H,H,1.0
2021-01-02,Hertha,Schalke 04,1465.36,1326.1,0.7986,H,H,1.0
2021-01-02,Crystal Palace,Sheffield United,1456.9,1300.09,0.8143,H,H,1.0
2021-01-02,Tottenham,Leeds,1562.19,1514.5,0.7006,H,H,1.0
2021-01-02,West Brom,Arsenal,1338.99,1473.82,0.45,A,A,1.0
2021-01-02,Ein Frankfurt,Leverkusen,1534.88,1617.06,0.5256,H,H,1.0
2021-01-02,FC Koln,Augsburg,1455.41,1444.78,0.654,A,H,0.0
2021-01-02,Werder Bremen,Union Berlin,1464.68,1548.65,0.5231,A,H,0.0
2021-01-02,Hoffenheim,Freiburg,1481.66,1492.18,0.626,A,H,0.0
2021-01-02,Brighton,Wolves,1419.35,1483.87,0.5509,D,H,
2021-01-03,Dortmund,Wolfsburg,1525.75,1581.84,0.5629,H,H,1.0
2021-01-03,Bayern Munich,Mainz,1665.07,1354.45,0.914,H,H,1.0
2021-01-03,Parma,Torino,1424.66,1396.22,0.6769,A,H,0.0
2021-01-03,Ath Bilbao,Elche,1454.71,1464.02,0.6276,H,H,1.0
2021-01-03,Alaves,Ath Madrid,1476.66,1662.94,0.3783,A,A,1.0
2021-01-03,Eibar,Granada,1461.92,1512.91,0.5701,H,H,1.0
2021-01-03,Inter,Crotone,1668.0,1398.23,0.8936,H,H,1.0
2021-01-03,Atalanta,Sassuolo,1552.08,1579.35,0.6032,H,H,1.0
2021-01-03,Cagliari,Napoli,1459.53,1555.81,0.5054,A,H,0.0
2021-01-03,Genoa,Lazio,1398.97,1514.35,0.4779,D,A,
2021-01-03,Chelsea,Man City,1537.65,1585.81,0.574,A,H,0.0
2021-01-03,Newcastle,Leicester,1466.72,1558.85,0.5113,A,H,0.0
2021-01-03,Spezia,Verona,1395.26,1495.78,0.4993,A,A,1.0
2021-01-03,Benevento,Milan,1490.02,1661.34,0.3988,A,A,1.0
2021-01-03,Juventus,Udinese,1566.69,1462.08,0.7646,H,H,1.0
2021-01-03,Sociedad,Osasuna,1567.02,1392.95,0.8289,D,H,
2021-01-03,Huesca,Barcelona,1422.52,1557.62,0.4496,A,A,1.0
2021-01-03,Fiorentina,Bologna,1465.95,1452.23,0.658,D,H,
2021-01-03,Roma,Sampdoria,1588.48,1474.98,0.7736,H,H,1.0
2021-01-04,Southampton,Liverpool,1531.61,1630.74,0.5012,H,H,1.0
2021-01-04,Valencia,Cadiz,1443.97,1451.07,0.6306,D,H,
2021-01-06,Ath Bilbao,Barcelona,1470.22,1576.34,0.4912,A,A,1.0
2021-01-06,Torino,Verona,1430.92,1516.56,0.5206,D,H,
2021-01-06,Reims,Dijon,1474.45,1413.59,0.7163,D,H,
2021-01-06,Milan,Juventus,1680.19,1578.76,0.7612,A,H,0.0
2021-01-06,Napoli,Spezia,1581.72,1374.47,0.8543,A,H,0.0
2021-01-06,Sassuolo,Genoa,1557.78,1399.67,0.8154,H,H,1.0
2021-01-06,Sampdoria,Inter,1465.56,1673.78,0.3491,H,A,0.0
2021-01-06,Lazio,Fiorentina,1513.64,1460.89,0.7067,H,H,1.0
2021-01-06,Crotone,Roma,1392.45,1597.91,0.3527,A,A,1.0
2021-01-06,St Etienne,Paris SG,1453.79,1626.2,0.3973,D,A,
2021-01-06,Atalanta,Parma,1573.65,1389.96,0.8366,H,H,1.0
2021-01-06,Cagliari,Benevento,1433.62,1471.17,0.5889,A,H,0.0
2021-01-06,Bologna,Udinese,1457.29,1450.01,0.6497,D,H,
2021-01-06,Lorient,Monaco,1378.65,1525.25,0.4333,A,A,1.0
2021-01-06,Metz,Bordeaux,1511.9,1471.63,0.6916,D,H,
2021-01-06,Nantes,Rennes,1416.02,1568.01,0.4257,D,A,
2021-01-06,Strasbourg,Nimes,1428.96,1339.34,0.7487,H,H,1.0
2021-01-06,Lille,Angers,1636.52,1518.66,0.778,A,H,0.0
2021-01-06,Lyon,Lens,1661.29,1544.4,0.777,H,H,1.0
2021-01-06,Marseille,Montpellier,1565.22,1503.8,0.7169,H,H,1.0
2021-01-06,Brest,Nice,1496.53,1465.79,0.6797,H,H,1.0
2021-01-08,M'gladbach,Bayern Munich,1519.3,1669.47,0.4283,H,A,0.0
2021-01-08,Celta,Villarreal,1516.54,1567.55,0.57,A,H,0.0
2021-01-09,Freiburg,FC Koln,1521.77,1428.18,0.7529,H,H,1.0
2021-01-09,Leverkusen,Werder Bremen,1597.31,1439.96,0.8148,D,H,
2021-01-09,Mainz,Ein Frankfurt,1350.04,1554.63,0.3539,A,A,1.0
2021-01-09,Schalke 04,Hoffenheim,1315.77,1452.07,0.4479,H,A,0.0
2021-01-09,Union Berlin,Wolfsburg,1573.37,1561.18,0.6561,D,H,
2021-01-09,RB Leipzig,Dortmund,1629.65,1546.41,0.7417,A,H,0.0
2021-01-09,Bordeaux,Lorient,1477.76,1356.44,0.7814,H,H,1.0
2021-01-09,Nimes,Lille,1325.04,1604.13,0.2629,A,A,1.0
2021-01-09,Paris SG,Brest,1622.91,1511.67,0.7714,H,H,1.0
2021-01-09,Montpellier,Nantes,1490.42,1418.4,0.7291,D,H,
2021-01-09,Monaco,Angers,1547.47,1551.05,0.6353,H,H,1.0
2021-01-09,Osasuna,Real Madrid,1403.48,1633.73,0.3209,D,A,
2021-01-09,Granada,Barcelona,1492.59,1596.79,0.4939,A,A,1.0
2021-01-09,Sevilla,Sociedad,1567.33,1556.5,0.6543,H,H,1.0
2021-01-09,Reims,St Etienne,1467.53,1457.08,0.6538,H,H,1.0
2021-01-09,Lens,Strasbourg,1535.12,1443.26,0.7511,A,H,0.0
2021-01-09,Metz,Nice,1505.77,1450.65,0.7095,D,H,
2021-01-09,Benevento,Atalanta,1495.69,1582.03,0.5196,A,H,0.0
2021-01-09,Genoa,Bologna,1391.99,1452.5,0.5566,H,H,1.0
2021-01-09,Milan,Torino,1644.2,1430.26,0.859,H,H,1.0
2021-01-09,Rennes,Lyon,1565.64,1670.58,0.4929,D,A,
2021-01-09,Dijon,Marseille,1420.51,1578.6,0.4172,D,A,
2021-01-10,Augsburg,Stuttgart,1472.01,1516.93,0.5786,A,H,0.0
2021-01-10,Roma,Inter,1614.58,1646.68,0.5965,D,H,
2021-01-10,Parma,Lazio,1381.58,1525.85,0.4366,A,A,1.0
2021-01-10,Udinese,Napoli,1454.8,1546.15,0.5124,A,H,0.0
2021-01-10,Juventus,Sassuolo,1614.74,1565.46,0.7025,H,H,1.0
2021-01-10,Valladolid,Valencia,1471.56,1439.79,0.681,A,H,0.0
2021-01-10,Bielefeld,Hertha,1376.24,1475.68,0.5008,H,H,1.0
2021-01-10,Fiorentina,Cagliari,1448.68,1409.1,0.6907,H,H,1.0
2021-01-10,Levante,Eibar,1490.39,1482.25,0.6508,H,H,1.0
2021-01-10,Verona,Crotone,1517.22,1375.78,0.8006,H,H,1.0
2021-01-10,Cadiz,Alaves,1455.25,1460.91,0.6325,H,H,1.0
2021-01-11,Huesca,Betis,1403.8,1451.1,0.5753,A,H,0.0
2021-01-11,Spezia,Sampdoria,1410.04,1492.65,0.525,H,H,1.0
2021-01-11,Elche,Getafe,1448.51,1433.49,0.6597,A,H,0.0
2021-01-12,Wolves,Everton,1485.5,1539.14,0.5663,A,H,0.0
2021-01-12,Granada,Osasuna,1465.73,1409.21,0.7112,H,H,1.0
2021-01-12,Ath Madrid,Sevilla,1678.69,1581.72,0.7565,H,H,1.0
2021-01-12,Sheffield United,Newcastle,1291.31,1445.43,0.4227,H,A,0.0
2021-01-12,Burnley,Man United,1461.54,1619.48,0.4174,A,A,1.0
2021-01-13,Tottenham,Fulham,1577.54,1417.49,0.8171,D,H,
2021-01-13,Man City,Brighton,1612.95,1417.72,0.8455,H,H,1.0
2021-01-14,Arsenal,Crystal Palace,1498.29,1465.68,0.6821,D,H,
2021-01-15,Montpellier,Monaco,1483.09,1566.16,0.5243,A,H,0.0
2021-01-15,Union Berlin,Leverkusen,1568.38,1587.24,0.6147,H,H,1.0
2021-01-15,Lazio,Roma,1546.49,1611.49,0.5502,H,H,1.0
2021-01-16,Bologna,Verona,1431.54,1525.53,0.5087,H,H,1.0
2021-01-16,Sampdoria,Udinese,1472.88,1433.46,0.6905,H,H,1.0
2021-01-16,Marseille,Nimes,1575.95,1314.09,0.8892,A,H,0.0
2021-01-16,Angers,Paris SG,1532.35,1634.63,0.4967,A,A,1.0
2021-01-16,Torino,Spezia,1423.59,1429.81,0.6318,D,H,
2021-01-16,Leicester,Southampton,1580.14,1552.37,0.676,H,H,1.0
2021-01-16,Dortmund,Mainz,1581.47,1333.31,0.8812,D,H,
2021-01-16,Fulham,Chelsea,1427.64,1510.51,0.5246,A,H,0.0
2021-01-16,West Ham,Burnley,1547.4,1444.16,0.7631,H,H,1.0
2021-01-16,Leeds,Brighton,1499.15,1411.29,0.7468,A,H,0.0
2021-01-16,Stuttgart,M'gladbach,1546.6,1543.11,0.6447,D,H,
2021-01-16,Wolves,West Brom,1461.92,1314.52,0.806,A,H,0.0
2021-01-16,Wolfsburg,RB Leipzig,1566.17,1594.59,0.6016,D,H,
2021-01-16,Werder Bremen,Augsburg,1450.03,1442.35,0.6502,H,H,1.0
2021-01-16,Hoffenheim,Bielefeld,1422.06,1397.03,0.6726,D,H,
2021-01-16,FC Koln,Hertha,1414.13,1454.9,0.5844,D,H,
2021-01-17,Man City,Crystal Palace,1619.38,1471.5,0.8064,H,H,1.0
2021-01-17,Sheffield United,Tottenham,1315.34,1567.4,0.2942,A,A,1.0
2021-01-17,Brest,Rennes,1499.95,1565.86,0.5489,A,H,0.0
2021-01-17,Nantes,Lens,1425.73,1503.85,0.5314,D,H,
2021-01-17,Nice,Bordeaux,1457.36,1486.86,0.6001,A,H,0.0
2021-01-17,Lyon,Metz,1670.35,1499.06,0.8266,A,H,0.0
2021-01-17,Liverpool,Man United,1609.98,1636.85,0.6037,D,H,
2021-01-17,Lille,Reims,1615.08,1483.89,0.791,H,H,1.0
2021-01-17,Ein Frankfurt,Schalke 04,1571.36,1345.78,0.8669,H,H,1.0
2021-01-17,Inter,Juventus,1649.77,1628.8,0.6674,H,H,1.0
2021-01-17,Atalanta,Genoa,1608.67,1412.95,0.8458,D,H,
2021-01-17,Sassuolo,Parma,1551.4,1360.95,0.8418,D,H,
2021-01-17,Bayern Munich,Freiburg,1645.67,1535.83,0.7699,H,H,1.0
2021-01-17,Napoli,Fiorentina,1567.49,1461.56,0.7659,H,H,1.0
2021-01-17,Crotone,Benevento,1367.47,1469.05,0.4977,H,A,0.0
2021-01-17,Strasbourg,St Etienne,1474.53,1440.72,0.6836,H,H,1.0
2021-01-18,Cagliari,Milan,1396.23,1650.87,0.2911,A,A,1.0
2021-01-18,Arsenal,Newcastle,1492.46,1421.4,0.728,H,H,1.0
2021-01-19,M'gladbach,Werder Bremen,1547.74,1466.57,0.7394,H,H,1.0
2021-01-19,Hertha,Hoffenheim,1457.6,1416.54,0.6925,A,H,0.0
2021-01-19,Leverkusen,Dortmund,1571.19,1569.27,0.6426,H,H,1.0
2021-01-19,Alaves,Sevilla,1443.54,1570.21,0.4617,A,A,1.0
2021-01-19,Valladolid,Elche,1443.21,1417.33,0.6736,D,H,
2021-01-19,Cadiz,Levante,1472.62,1504.92,0.5962,D,H,
2021-01-19,Leicester,Chelsea,1595.45,1532.36,0.7189,H,H,1.0
2021-01-19,West Ham,West Brom,1557.26,1348.08,0.8557,H,H,1.0
2021-01-19,Mainz,Wolfsburg,1345.51,1562.92,0.3372,A,A,1.0
2021-01-20,Bielefeld,Stuttgart,1402.55,1541.97,0.4435,H,A,0.0
2021-01-20,Udinese,Atalanta,1420.58,1597.6,0.3909,D,A,
2021-01-20,Freiburg,Ein Frankfurt,1526.25,1577.65,0.5695,D,H,
2021-01-20,Man City,Aston Villa,1629.91,1553.85,0.7337,H,H,1.0
2021-01-20,Fulham,Man United,1405.8,1640.17,0.3157,A,A,1.0
2021-01-20,Augsburg,Bayern Munich,1425.81,1655.25,0.3219,A,A,1.0
2021-01-20,RB Leipzig,Union Berlin,1597.84,1584.42,0.6577,H,H,1.0
2021-01-20,Schalke 04,FC Koln,1339.49,1411.42,0.5403,A,H,0.0
2021-01-20,Marseille,Lens,1538.93,1504.85,0.6839,A,H,0.0
2021-01-20,Villarreal,Granada,1598.54,1479.39,0.7793,D,H,
2021-01-20,Betis,Celta,1478.29,1485.55,0.6304,H,H,1.0
2021-01-20,Getafe,Huesca,1464.67,1376.6,0.747,H,H,1.0
2021-01-21,Valencia,Osasuna,1468.15,1395.56,0.7298,D,H,
2021-01-21,Eibar,Ath Madrid,1467.71,1690.2,0.3307,A,A,1.0
2021-01-21,Liverpool,Burnley,1606.66,1434.3,0.8275,A,H,0.0
2021-01-22,Paris SG,Montpellier,1655.31,1461.26,0.8446,H,H,1.0
2021-01-22,Levante,Valladolid,1508.0,1437.65,0.7272,D,H,
2021-01-22,M'gladbach,Dortmund,1558.59,1554.39,0.6456,H,H,1.0
2021-01-22,Benevento,Torino,1443.3,1419.38,0.6711,D,H,
2021-01-23,Monaco,Marseille,1587.99,1510.45,0.7354,H,H,1.0
2021-01-23,Lens,Nice,1533.33,1426.59,0.7668,A,H,0.0
2021-01-23,Huesca,Villarreal,1366.07,1589.6,0.3294,D,A,
2021-01-23,Fiorentina,Crotone,1447.74,1393.22,0.7088,H,H,1.0
2021-01-23,Sevilla,Cadiz,1589.43,1469.54,0.78,H,H,1.0
2021-01-23,Sociedad,Betis,1542.11,1493.68,0.7015,D,H,
2021-01-23,Alaves,Real Madrid,1424.32,1628.0,0.3551,A,A,1.0
2021-01-23,Milan,Atalanta,1664.63,1594.11,0.7274,A,H,0.0
2021-01-23,Udinese,Inter,1424.07,1665.49,0.307,D,A,
2021-01-23,Freiburg,Stuttgart,1524.03,1513.44,0.654,H,H,1.0
2021-01-23,Augsburg,Union Berlin,1412.41,1570.17,0.4176,H,A,0.0
2021-01-23,Hertha,Werder Bremen,1422.1,1455.72,0.5944,A,H,0.0
2021-01-23,Bielefeld,Ein Frankfurt,1431.08,1579.87,0.4302,A,A,1.0
2021-01-23,Mainz,RB Leipzig,1329.57,1612.09,0.2591,H,A,0.0
2021-01-23,Aston Villa,Newcastle,1541.26,1407.46,0.7935,H,H,1.0
2021-01-23,Leverkusen,Wolfsburg,1586.07,1578.86,0.6496,A,H,0.0
2021-01-23,Roma,Spezia,1588.43,1434.03,0.8122,H,H,1.0
2021-01-24,Ath Madrid,Valencia,1703.96,1460.79,0.8782,H,H,1.0
2021-01-24,Celta,Eibar,1470.16,1453.94,0.6613,D,H,
2021-01-24,Elche,Barcelona,1422.89,1623.65,0.3589,A,A,1.0
2021-01-24,Osasuna,Granada,1402.91,1488.32,0.521,H,H,1.0
2021-01-24,Bordeaux,Angers,1517.62,1511.67,0.6479,H,H,1.0
2021-01-24,Hoffenheim,FC Koln,1452.04,1433.92,0.6637,H,H,1.0
2021-01-24,Metz,Nantes,1533.48,1424.72,0.7688,H,H,1.0
2021-01-24,Reims,Brest,1475.19,1477.1,0.6375,H,H,1.0
2021-01-24,Rennes,Lille,1588.72,1623.78,0.5924,A,H,0.0
2021-01-24,St Etienne,Lyon,1427.54,1635.94,0.3489,A,A,1.0
2021-01-24,Parma,Sampdoria,1371.88,1485.76,0.48,A,A,1.0
2021-01-24,Lazio,Sassuolo,1569.55,1540.46,0.6777,H,H,1.0
2021-01-24,Verona,Napoli,1505.07,1581.31,0.5341,H,H,1.0
2021-01-24,Genoa,Cagliari,1424.02,1382.47,0.6931,H,H,1.0
2021-01-24,Juventus,Bologna,1613.08,1452.0,0.818,H,H,1.0
2021-01-24,Dijon,Strasbourg,1423.16,1487.71,0.5508,D,H,
2021-01-24,Schalke 04,Bayern Munich,1317.0,1668.65,0.1902,A,A,1.0
2021-01-25,Ath Bilbao,Getafe,1449.77,1475.21,0.6057,H,H,1.0
2021-01-26,West Brom,Man City,1342.07,1642.49,0.2398,A,A,1.0
2021-01-26,Southampton,Arsenal,1537.06,1506.41,0.6796,A,H,0.0
2021-01-26,Newcastle,Leeds,1397.69,1468.06,0.5425,A,H,0.0
2021-01-26,Crystal Palace,West Ham,1460.98,1563.27,0.4967,A,A,1.0
2021-01-27,Lorient,Dijon,1347.34,1421.53,0.5371,H,H,1.0
2021-01-27,Everton,Leicester,1562.72,1608.74,0.5771,D,H,
2021-01-27,Burnley,Aston Villa,1468.75,1551.02,0.5255,H,H,1.0
2021-01-27,Chelsea,Wolves,1519.07,1428.37,0.7498,D,H,
2021-01-27,Brighton,Fulham,1442.38,1392.66,0.703,D,H,
2021-01-27,Man United,Sheffield United,1653.32,1301.44,0.9309,A,H,0.0
2021-01-28,Tottenham,Liverpool,1581.3,1572.21,0.652,A,H,0.0
2021-01-29,Stuttgart,Mainz,1499.03,1360.42,0.798,H,H,1.0
2021-01-29,Lyon,Bordeaux,1655.79,1532.28,0.7836,H,H,1.0
2021-01-29,Torino,Fiorentina,1424.85,1459.86,0.5925,D,H,
2021-01-29,Valladolid,Huesca,1444.92,1371.53,0.7307,A,H,0.0
2021-01-30,Man City,Sheffield United,1656.14,1340.2,0.9164,H,H,1.0
2021-01-30,Crystal Palace,Wolves,1440.3,1436.36,0.6453,H,H,1.0
2021-01-30,Everton,Newcastle,1560.25,1375.11,0.8377,A,H,0.0
2021-01-30,Eibar,Sevilla,1459.1,1600.71,0.4404,A,A,1.0
2021-01-30,Arsenal,Man United,1538.53,1614.56,0.5344,D,H,
2021-01-30,Southampton,Aston Villa,1504.93,1531.27,0.6045,A,H,0.0
2021-01-30,Real Madrid,Levante,1646.2,1500.73,0.8042,A,H,0.0
2021-01-30,West Brom,Fulham,1328.43,1399.15,0.542,D,H,
2021-01-30,Villarreal,Sociedad,1584.14,1535.66,0.7016,D,H,
2021-01-30,Bayern Munich,Hoffenheim,1678.99,1469.28,0.856,H,H,1.0
2021-01-30,Ein Frankfurt,Hertha,1603.26,1391.63,0.8574,H,H,1.0
2021-01-30,Dortmund,Augsburg,1537.64,1436.66,0.7608,H,H,1.0
2021-01-30,Inter,Benevento,1659.32,1437.82,0.8642,H,H,1.0
2021-01-30,Sampdoria,Juventus,1508.45,1621.68,0.481,A,A,1.0
2021-01-30,Bologna,Milan,1443.4,1627.33,0.3815,A,A,1.0
2021-01-30,Montpellier,Lens,1452.81,1501.4,0.5734,A,H,0.0
2021-01-30,Valencia,Elche,1455.04,1405.92,0.7023,H,H,1.0
2021-01-30,RB Leipzig,Leverkusen,1581.25,1559.03,0.669,H,H,1.0
2021-01-30,Werder Bremen,Schalke 04,1486.19,1306.66,0.8333,D,H,
2021-01-30,Union Berlin,M'gladbach,1545.92,1575.34,0.6002,D,H,
2021-01-31,FC Koln,Bielefeld,1416.68,1407.69,0.6519,H,H,1.0
2021-01-31,Atalanta,Lazio,1631.4,1582.97,0.7015,A,H,0.0
2021-01-31,Cagliari,Sassuolo,1369.69,1527.04,0.4182,D,A,
2021-01-31,Crotone,Genoa,1381.1,1436.79,0.5634,A,H,0.0
2021-01-31,Napoli,Parma,1559.29,1349.19,0.8563,H,H,1.0
2021-01-31,Chelsea,Burnley,1511.07,1488.51,0.6694,H,H,1.0
2021-01-31,Leicester,Leeds,1611.21,1490.65,0.7807,A,H,0.0
2021-01-31,West Ham,Liverpool,1583.95,1603.03,0.6144,A,H,0.0
2021-01-31,Roma,Verona,1596.25,1527.09,0.7259,H,H,1.0
2021-01-31,Wolfsburg,Freiburg,1605.91,1538.43,0.7239,H,H,1.0
2021-01-31,Spezia,Udinese,1426.21,1430.24,0.6347,A,H,0.0
2021-01-31,Brighton,Tottenham,1435.88,1550.48,0.479,H,A,0.0
2021-01-31,Lille,Dijon,1648.44,1402.26,0.88,H,H,1.0
2021-01-31,Nantes,Monaco,1413.8,1600.5,0.3777,A,A,1.0
2021-01-31,Getafe,Alaves,1453.77,1406.12,0.7006,D,H,
2021-01-31,Barcelona,Ath Bilbao,1640.61,1471.2,0.825,H,H,1.0
2021-01-31,Granada,Celta,1465.68,1465.0,0.641,D,H,
2021-01-31,Strasbourg,Reims,1489.33,1490.28,0.6388,A,H,0.0
2021-01-31,Cadiz,Ath Madrid,1458.26,1709.72,0.2949,A,A,1.0
2021-01-31,Lorient,Paris SG,1366.61,1663.76,0.2433,H,A,0.0
2021-01-31,Brest,Metz,1462.01,1544.4,0.5253,A,H,0.0
2021-01-31,Angers,Nimes,1497.01,1351.11,0.8046,H,H,1.0
2021-01-31,Nice,St Etienne,1458.51,1407.69,0.7044,A,H,0.0
2021-02-01,Betis,Osasuna,1500.13,1425.55,0.732,H,H,1.0
2021-02-02,Wolves,Arsenal,1421.59,1537.43,0.4772,H,A,0.0
2021-02-02,Sheffield United,West Brom,1336.72,1327.08,0.6527,H,H,1.0
2021-02-02,Newcastle,Crystal Palace,1414.7,1455.07,0.585,A,H,0.0
2021-02-02,Man United,Southampton,1615.66,1479.77,0.7954,H,H,1.0
2021-02-03,Strasbourg,Brest,1462.74,1437.17,0.6732,D,H,
2021-02-03,Bordeaux,Lille,1523.27,1653.44,0.4567,A,A,1.0
2021-02-03,Metz,Montpellier,1569.23,1428.93,0.7995,D,H,
2021-02-03,Reims,Angers,1516.87,1506.25,0.654,D,H,
2021-02-03,Rennes,Lorient,1564.05,1398.11,0.8221,D,H,
2021-02-03,Dijon,Lyon,1397.26,1664.8,0.276,A,A,1.0
2021-02-03,Liverpool,Brighton,1632.07,1457.57,0.8292,A,H,0.0
2021-02-03,Monaco,Nice,1616.23,1429.19,0.8392,H,H,1.0
2021-02-03,Lens,Marseille,1525.28,1497.94,0.6755,D,H,
2021-02-03,Aston Villa,West Ham,1556.43,1554.91,0.6421,A,H,0.0
2021-02-03,Fulham,Leicester,1400.5,1574.31,0.3953,A,A,1.0
2021-02-03,Burnley,Man City,1472.88,1659.62,0.3777,A,A,1.0
2021-02-03,Leeds,Everton,1527.55,1520.65,0.6492,A,H,0.0
2021-02-03,St Etienne,Nantes,1437.02,1398.07,0.6899,D,H,
2021-02-03,Paris SG,Nimes,1632.26,1341.88,0.9044,H,H,1.0
2021-02-04,Tottenham,Chelsea,1528.79,1526.7,0.6428,A,H,0.0
2021-02-05,Alaves,Valladolid,1412.54,1410.38,0.6429,H,H,1.0
2021-02-05,Fiorentina,Inter,1462.82,1666.7,0.3548,A,A,1.0
2021-02-05,Hertha,Bayern Munich,1384.89,1686.37,0.2387,A,A,1.0
2021-02-06,Burnley,Brighton,1455.03,1492.09,0.5896,D,H,
2021-02-06,Newcastle,Southampton,1390.35,1466.67,0.534,H,H,1.0
2021-02-06,Fulham,West Ham,1381.81,1585.26,0.3554,D,A,
2021-02-06,Man United,Everton,1628.75,1547.68,0.7393,D,H,
2021-02-06,Atalanta,Torino,1598.25,1421.9,0.8307,D,H,
2021-02-06,Sassuolo,Spezia,1524.43,1399.79,0.7847,A,H,0.0
2021-02-06,Sevilla,Getafe,1621.53,1447.35,0.829,H,H,1.0
2021-02-06,Genoa,Napoli,1465.68,1566.08,0.4994,H,A,0.0
2021-02-06,Juventus,Roma,1644.42,1609.21,0.6853,H,H,1.0
2021-02-06,Huesca,Real Madrid,1406.07,1612.72,0.3512,A,A,1.0
2021-02-06,Elche,Villarreal,1393.53,1577.69,0.3812,D,A,
2021-02-06,M'gladbach,FC Koln,1578.54,1433.13,0.8042,A,H,0.0
2021-02-06,Schalke 04,RB Leipzig,1317.32,1595.03,0.2645,A,A,1.0
2021-02-06,Mainz,Union Berlin,1350.87,1542.72,0.3708,H,A,0.0
2021-02-06,Leverkusen,Stuttgart,1545.25,1508.58,0.6871,H,H,1.0
2021-02-06,Freiburg,Dortmund,1524.28,1548.95,0.6067,H,H,1.0
2021-02-06,Augsburg,Wolfsburg,1425.35,1620.06,0.367,A,A,1.0
2021-02-06,Levante,Granada,1534.21,1461.17,0.7303,D,H,
2021-02-06,Lens,Rennes,1519.66,1553.75,0.5937,D,H,
2021-02-06,Lyon,Strasbourg,1676.29,1457.2,0.8626,H,H,1.0
2021-02-06,Lorient,Reims,1408.42,1511.95,0.4949,H,A,0.0
2021-02-06,Aston Villa,Arsenal,1526.08,1515.66,0.6538,H,H,1.0
2021-02-07,Betis,Barcelona,1511.29,1647.9,0.4475,A,A,1.0
2021-02-07,Osasuna,Eibar,1414.4,1438.28,0.6078,H,H,1.0
2021-02-07,Lazio,Cagliari,1616.13,1372.31,0.8786,H,H,1.0
2021-02-07,Parma,Bologna,1342.4,1427.51,0.5214,A,H,0.0
2021-02-07,Sheffield United,Chelsea,1351.17,1553.46,0.3569,A,A,1.0
2021-02-07,Milan,Crotone,1643.22,1352.21,0.9047,H,H,1.0
2021-02-07,Liverpool,Man City,1597.55,1677.47,0.5289,A,H,0.0
2021-02-07,Wolves,Leicester,1443.36,1592.99,0.429,D,A,
2021-02-07,Tottenham,West Brom,1502.03,1312.62,0.841,H,H,1.0
2021-02-07,Brest,Bordeaux,1442.72,1499.86,0.5614,H,H,1.0
2021-02-07,Montpellier,Dijon,1438.52,1385.77,0.7067,H,H,1.0
2021-02-07,Nice,Angers,1422.49,1511.18,0.5163,H,H,1.0
2021-02-07,Nimes,Monaco,1336.98,1622.92,0.2553,A,A,1.0
2021-02-07,St Etienne,Metz,1430.94,1559.65,0.4588,H,A,0.0
2021-02-07,Nantes,Lille,1404.15,1676.85,0.2701,A,A,1.0
2021-02-07,Udinese,Verona,1456.67,1514.13,0.5609,H,H,1.0
2021-02-07,Marseille,Paris SG,1503.56,1637.16,0.4518,A,A,1.0
2021-02-07,Sociedad,Cadiz,1542.11,1444.33,0.7574,H,H,1.0
2021-02-07,Hoffenheim,Ein Frankfurt,1461.9,1610.0,0.4312,A,A,1.0
2021-02-07,Benevento,Sampdoria,1430.44,1485.72,0.564,D,H,
2021-02-07,Ath Bilbao,Valencia,1463.92,1467.43,0.6354,D,H,
2021-02-08,Leeds,Crystal Palace,1500.53,1479.42,0.6675,H,H,1.0
2021-02-08,Ath Madrid,Celta,1723.66,1469.51,0.8848,D,H,
2021-02-09,Real Madrid,Getafe,1627.34,1438.58,0.8405,H,H,1.0
2021-02-12,Celta,Elche,1481.82,1397.33,0.7431,H,H,1.0
2021-02-12,RB Leipzig,Augsburg,1608.58,1408.0,0.8495,H,H,1.0
2021-02-12,Bologna,Benevento,1454.24,1428.39,0.6736,D,H,
2021-02-13,Granada,Ath Madrid,1468.54,1711.35,0.3053,A,A,1.0
2021-02-13,Sevilla,Huesca,1630.3,1391.45,0.8755,H,H,1.0
2021-02-13,Napoli,Juventus,1545.24,1659.29,0.4798,H,A,0.0
2021-02-13,Torino,Genoa,1432.48,1486.52,0.5658,D,H,
2021-02-13,Lyon,Montpellier,1683.33,1452.38,0.8705,A,H,0.0
2021-02-13,Reims,Lens,1490.92,1516.66,0.6053,D,H,
2021-02-13,Paris SG,Nice,1658.51,1447.29,0.8571,H,H,1.0
2021-02-13,Spezia,Milan,1432.46,1648.4,0.3391,H,A,0.0
2021-02-13,Eibar,Valladolid,1421.96,1395.52,0.6743,D,H,
2021-02-13,Barcelona,Alaves,1666.53,1427.4,0.8757,H,H,1.0
2021-02-13,Dortmund,Hoffenheim,1532.58,1441.52,0.7502,D,H,
2021-02-13,Leverkusen,Mainz,1561.29,1377.07,0.837,D,H,
2021-02-13,Man City,Tottenham,1704.59,1509.54,0.8453,H,H,1.0
2021-02-13,Crystal Palace,Burnley,1463.71,1452.16,0.6552,A,H,0.0
2021-02-13,Leicester,Liverpool,1590.72,1570.43,0.6665,H,H,1.0
2021-02-13,Brighton,Aston Villa,1494.96,1540.5,0.5777,D,H,
2021-02-13,Union Berlin,Schalke 04,1516.52,1303.77,0.8582,D,H,
2021-02-13,Werder Bremen,Freiburg,1475.52,1540.65,0.55,D,H,
2021-02-13,Stuttgart,Hertha,1492.54,1374.95,0.7777,D,H,
2021-02-14,Ein Frankfurt,FC Koln,1630.38,1466.61,0.8203,H,H,1.0
2021-02-14,Crotone,Sassuolo,1347.03,1491.76,0.436,A,A,1.0
2021-02-14,Southampton,Wolves,1447.27,1445.63,0.6422,A,H,0.0
2021-02-14,West Brom,Man United,1305.11,1621.1,0.2239,D,A,
2021-02-14,Arsenal,Leeds,1501.25,1516.24,0.62,H,H,1.0
2021-02-14,Everton,Fulham,1555.34,1386.44,0.8246,A,H,0.0
2021-02-14,Roma,Udinese,1594.33,1477.42,0.7771,H,H,1.0
2021-02-14,Sampdoria,Fiorentina,1487.77,1446.05,0.6933,H,H,1.0
2021-02-14,Wolfsburg,M'gladbach,1637.4,1545.06,0.7516,D,H,
2021-02-14,Inter,Lazio,1683.47,1621.18,0.7179,H,H,1.0
2021-02-14,Real Madrid,Valencia,1634.88,1471.76,0.8197,H,H,1.0
2021-02-14,Cagliari,Atalanta,1367.26,1587.66,0.3333,A,A,1.0
2021-02-14,Bordeaux,Marseille,1481.6,1482.2,0.6393,D,H,
2021-02-14,Lille,Brest,1689.62,1460.98,0.869,D,H,
2021-02-14,Rennes,St Etienne,1556.75,1453.47,0.7632,A,H,0.0
2021-02-14,Metz,Strasbourg,1537.12,1450.15,0.7458,A,H,0.0
2021-02-14,Dijon,Nimes,1371.91,1326.35,0.698,A,H,0.0
2021-02-14,Villarreal,Betis,1573.89,1492.65,0.7395,A,H,0.0
2021-02-14,Levante,Osasuna,1526.85,1430.72,0.7556,A,H,0.0
2021-02-14,Angers,Nantes,1486.38,1391.38,0.7545,A,H,0.0
2021-02-14,Monaco,Lorient,1633.55,1429.45,0.852,D,H,
2021-02-14,Getafe,Sociedad,1431.05,1554.54,0.4662,A,A,1.0
2021-02-15,Bayern Munich,Bielefeld,1696.31,1391.23,0.9115,D,H,
2021-02-15,Chelsea,Newcastle,1568.32,1409.75,0.8158,H,H,1.0
2021-02-15,West Ham,Sheffield United,1580.63,1336.31,0.8789,H,H,1.0
2021-02-15,Verona,Parma,1493.38,1315.67,0.8318,H,H,1.0
2021-02-15,Cadiz,Ath Bilbao,1431.89,1459.59,0.6026,A,H,0.0
2021-02-17,Everton,Man City,1516.36,1712.52,0.365,A,A,1.0
2021-02-17,Burnley,Fulham,1485.75,1425.42,0.7156,D,H,
2021-02-17,Marseille,Nice,1486.66,1441.34,0.6977,H,H,1.0
2021-02-17,Levante,Ath Madrid,1495.39,1724.06,0.3229,D,A,
2021-02-19,Brest,Lyon,1472.79,1647.09,0.3947,A,A,1.0
2021-02-19,Cagliari,Torino,1353.38,1430.37,0.5331,A,H,0.0
2021-02-19,Fiorentina,Spezia,1433.28,1463.7,0.5988,H,H,1.0
2021-02-19,Bielefeld,Wolfsburg,1404.4,1629.35,0.3276,A,A,1.0
2021-02-19,Betis,Getafe,1523.44,1411.63,0.7719,H,H,1.0
2021-02-19,Wolves,Leeds,1472.37,1498.28,0.605,H,H,1.0
2021-02-20,Fulham,Sheffield United,1432.32,1330.11,0.7621,H,H,1.0
2021-02-20,Liverpool,Everton,1554.67,1499.1,0.71,A,H,0.0
2021-02-20,Valladolid,Real Madrid,1401.1,1643.4,0.3059,A,A,1.0
2021-02-20,Burnley,West Brom,1478.85,1313.95,0.8213,D,H,
2021-02-20,Ath Madrid,Levante,1718.39,1501.05,0.8614,A,H,0.0
2021-02-20,Southampton,Chelsea,1420.54,1577.02,0.4194,D,A,
2021-02-20,St Etienne,Reims,1489.55,1487.55,0.6427,D,H,
2021-02-20,Nantes,Marseille,1427.04,1499.24,0.5399,D,H,
2021-02-20,Valencia,Celta,1463.24,1493.97,0.5984,H,H,1.0
2021-02-20,Elche,Eibar,1385.18,1416.38,0.5977,H,H,1.0
2021-02-20,FC Koln,Stuttgart,1458.12,1483.65,0.6056,A,H,0.0
2021-02-20,Sassuolo,Bologna,1509.91,1448.69,0.7167,D,H,
2021-02-20,Genoa,Verona,1488.62,1500.38,0.6243,D,H,
2021-02-20,Lazio,Sampdoria,1607.85,1500.53,0.7673,H,H,1.0
2021-02-20,Ein Frankfurt,Bayern Munich,1638.88,1683.14,0.5795,H,H,1.0
2021-02-20,Schalke 04,Dortmund,1315.23,1524.57,0.3476,A,A,1.0
2021-02-20,M'gladbach,Mainz,1553.11,1387.85,0.8216,A,H,0.0
2021-02-20,Freiburg,Union Berlin,1542.25,1505.06,0.6878,A,H,0.0
2021-02-21,Hertha,RB Leipzig,1383.84,1614.85,0.3199,A,A,1.0
2021-02-21,Arsenal,Man City,1519.21,1729.77,0.3461,A,A,1.0
2021-02-21,Ath Bilbao,Villarreal,1492.35,1543.1,0.5704,D,H,
2021-02-21,Huesca,Granada,1386.27,1455.83,0.5437,H,H,1.0
2021-02-21,Sociedad,Alaves,1573.96,1420.64,0.8113,H,H,1.0
2021-02-21,Barcelona,Cadiz,1673.29,1399.13,0.896,D,H,
2021-02-21,Man United,Newcastle,1612.26,1401.04,0.8571,H,H,1.0
2021-02-21,Aston Villa,Leicester,1542.99,1606.49,0.5523,A,H,0.0
2021-02-21,Montpellier,Rennes,1488.62,1520.67,0.5966,H,H,1.0
2021-02-21,Augsburg,Leverkusen,1401.73,1550.5,0.4303,D,A,
2021-02-21,Lens,Dijon,1520.03,1338.91,0.8346,H,H,1.0
2021-02-21,Benevento,Roma,1433.95,1605.76,0.3981,D,A,
2021-02-21,Milan,Inter,1617.16,1696.8,0.5293,A,H,0.0
2021-02-21,Atalanta,Napoli,1601.54,1566.9,0.6846,H,H,1.0
2021-02-21,Nice,Metz,1428.76,1506.07,0.5326,A,H,0.0
2021-02-21,Hoffenheim,Werder Bremen,1449.53,1473.92,0.6071,H,H,1.0
2021-02-21,West Ham,Tottenham,1586.84,1501.61,0.7439,H,H,1.0
2021-02-21,Nimes,Bordeaux,1359.34,1477.14,0.4744,H,A,0.0
2021-02-21,Strasbourg,Angers,1481.2,1450.72,0.6794,D,H,
2021-02-21,Lorient,Lille,1440.72,1677.81,0.3123,A,A,1.0
2021-02-21,Paris SG,Monaco,1664.46,1622.29,0.6939,A,H,0.0
2021-02-21,Parma,Udinese,1308.67,1465.99,0.4182,D,A,
2021-02-22,Osasuna,Sevilla,1462.18,1635.48,0.3961,A,A,1.0
2021-02-22,Brighton,Crystal Palace,1492.47,1430.12,0.718,A,H,0.0
2021-02-22,Juventus,Crotone,1637.63,1328.88,0.9132,H,H,1.0
2021-02-23,Leeds,Southampton,1481.83,1423.11,0.7137,H,H,1.0
2021-02-24,Nimes,Lorient,1384.18,1424.7,0.5848,H,H,1.0
2021-02-24,Barcelona,Elche,1660.61,1401.93,0.8874,H,H,1.0
2021-02-26,Rennes,Nice,1503.88,1406.59,0.7569,A,H,0.0
2021-02-26,Werder Bremen,Ein Frankfurt,1452.56,1656.38,0.3549,H,A,0.0
2021-02-26,Levante,Ath Bilbao,1541.77,1490.09,0.7054,D,H,
2021-02-27,West Brom,Brighton,1324.23,1462.58,0.445,H,A,0.0
2021-02-27,Newcastle,Wolves,1394.29,1488.81,0.5079,D,H,
2021-02-27,Bologna,Lazio,1455.62,1617.53,0.4118,H,A,0.0
2021-02-27,Bordeaux,Metz,1452.3,1528.24,0.5346,A,H,0.0
2021-02-27,Dijon,Paris SG,1332.02,1631.66,0.2406,A,A,1.0
2021-02-27,Verona,Juventus,1504.36,1642.09,0.4459,D,A,
2021-02-27,Getafe,Valencia,1402.14,1482.23,0.5286,H,H,1.0
2021-02-27,Leeds,Aston Villa,1496.51,1519.99,0.6084,A,H,0.0
2021-02-27,Man City,West Ham,1744.18,1597.5,0.8053,H,H,1.0
2021-02-27,Alaves,Osasuna,1410.38,1443.46,0.5951,A,H,0.0
2021-02-27,Dortmund,Bielefeld,1543.47,1387.61,0.8135,H,H,1.0
2021-02-27,Eibar,Huesca,1399.63,1405.26,0.6326,D,H,
2021-02-27,Spezia,Parma,1443.13,1311.29,0.7916,D,H,
2021-02-27,RB Leipzig,M'gladbach,1631.25,1518.91,0.7725,H,H,1.0
2021-02-27,Bayern Munich,FC Koln,1665.64,1432.91,0.8716,H,H,1.0
2021-02-27,Sevilla,Barcelona,1654.2,1666.39,0.6238,A,H,0.0
2021-02-27,Stuttgart,Schalke 04,1508.87,1296.33,0.858,H,H,1.0
2021-02-27,Wolfsburg,Hertha,1646.15,1367.44,0.8984,H,H,1.0
2021-02-28,Roma,Milan,1602.5,1590.02,0.6564,A,H,0.0
2021-02-28,Marseille,Lyon,1500.52,1663.52,0.4103,D,A,
2021-02-28,Leverkusen,Freiburg,1548.27,1513.62,0.6846,A,H,0.0
2021-02-28,Mainz,Augsburg,1422.05,1403.96,0.6637,A,H,0.0
2021-02-28,Union Berlin,Hoffenheim,1533.69,1470.89,0.7185,D,H,
2021-02-28,Celta,Valladolid,1474.98,1388.36,0.7454,D,H,
2021-02-28,Angers,Lens,1456.46,1526.92,0.5424,D,H,
2021-02-28,Lorient,St Etienne,1407.42,1484.98,0.5322,H,H,1.0
2021-02-28,Nimes,Nantes,1401.47,1425.76,0.6073,D,H,
2021-02-28,Reims,Montpellier,1492.12,1505.42,0.6222,D,H,
2021-02-28,Lille,Strasbourg,1693.82,1475.46,0.8621,D,H,
2021-02-28,Monaco,Brest,1655.09,1456.36,0.8481,H,H,1.0
2021-02-28,Udinese,Fiorentina,1463.38,1453.85,0.6526,H,H,1.0
2021-02-28,Napoli,Benevento,1551.99,1437.21,0.7749,H,H,1.0
2021-02-28,Crotone,Cagliari,1324.43,1331.19,0.6311,A,H,0.0
2021-02-28,Sampdoria,Atalanta,1490.85,1616.45,0.4632,A,A,1.0
2021-02-28,Cadiz,Betis,1411.8,1532.94,0.4696,A,A,1.0
2021-02-28,Granada,Elche,1436.83,1396.16,0.6921,H,H,1.0
2021-02-28,Villarreal,Ath Madrid,1545.35,1677.67,0.4536,A,A,1.0
2021-02-28,Tottenham,Burnley,1490.95,1468.57,0.6692,H,H,1.0
2021-02-28,Leicester,Arsenal,1629.48,1504.81,0.7847,A,H,0.0
2021-02-28,Crystal Palace,Fulham,1460.01,1442.22,0.6633,D,H,
2021-02-28,Inter,Genoa,1723.94,1484.64,0.8758,H,H,1.0
2021-02-28,Sheffield United,Liverpool,1320.2,1521.11,0.3587,A,A,1.0
2021-02-28,Chelsea,Man United,1574.45,1619.01,0.5791,D,H,
2021-03-01,Real Madrid,Sociedad,1656.13,1584.22,0.729,D,H,
2021-03-01,Everton,Southampton,1532.67,1408.44,0.7843,H,H,1.0
2021-03-02,Juventus,Spezia,1640.35,1433.8,0.8538,H,H,1.0
2021-03-02,Man City,Wolves,1752.28,1489.06,0.89,H,H,1.0
2021-03-03,Nice,Nimes,1438.1,1398.04,0.6913,H,H,1.0
2021-03-03,St Etienne,Lens,1465.5,1528.28,0.5534,A,H,0.0
2021-03-03,Lille,Marseille,1682.24,1503.39,0.8327,H,H,1.0
2021-03-03,Nantes,Reims,1429.2,1488.2,0.5587,A,H,0.0
2021-03-03,Montpellier,Lorient,1509.33,1426.89,0.7408,D,H,
2021-03-03,Genoa,Sampdoria,1478.28,1468.95,0.6523,D,H,
2021-03-03,Strasbourg,Monaco,1487.04,1662.27,0.3934,H,A,0.0
2021-03-03,Bordeaux,Paris SG,1430.04,1644.74,0.3407,A,A,1.0
2021-03-03,Metz,Angers,1550.5,1455.1,0.7549,A,H,0.0
2021-03-03,Cagliari,Bologna,1361.01,1483.42,0.4678,H,A,0.0
2021-03-03,Brest,Dijon,1449.17,1318.94,0.7901,H,H,1.0
2021-03-03,Fiorentina,Roma,1439.39,1575.17,0.4487,A,A,1.0
2021-03-03,Burnley,Leicester,1450.59,1592.39,0.4401,D,A,
2021-03-03,Sheffield United,Aston Villa,1303.24,1545.32,0.3062,H,A,0.0
2021-03-03,Crystal Palace,Man United,1454.78,1621.54,0.4051,D,A,
2021-03-03,Benevento,Verona,1426.57,1506.09,0.5294,A,H,0.0
2021-03-03,Milan,Udinese,1617.35,1477.84,0.7988,D,H,
2021-03-03,Sassuolo,Napoli,1502.98,1562.63,0.5578,D,H,
2021-03-03,Atalanta,Crotone,1638.34,1294.6,0.9279,H,H,1.0
2021-03-03,Lyon,Rennes,1660.65,1472.36,0.8402,H,H,1.0
2021-03-04,West Brom,Everton,1347.33,1541.65,0.3675,A,A,1.0
2021-03-04,Parma,Inter,1320.62,1730.31,0.144,A,A,1.0
2021-03-04,Liverpool,Chelsea,1538.07,1571.91,0.5941,A,H,0.0
2021-03-04,Fulham,Tottenham,1447.45,1508.93,0.5552,A,H,0.0
2021-03-05,Schalke 04,Mainz,1288.61,1394.42,0.4916,D,A,
2021-03-05,Valencia,Villarreal,1458.06,1523.91,0.549,H,H,1.0
2021-03-06,Osasuna,Barcelona,1468.24,1695.87,0.3242,A,A,1.0
2021-03-06,Juventus,Lazio,1647.85,1589.73,0.713,H,H,1.0
2021-03-06,Hoffenheim,Wolfsburg,1477.88,1650.95,0.3964,H,A,0.0
2021-03-06,Hertha,Augsburg,1362.64,1431.6,0.5446,H,H,1.0
2021-03-06,Freiburg,RB Leipzig,1542.12,1640.73,0.502,A,H,0.0
2021-03-06,Ein Frankfurt,Stuttgart,1629.53,1516.58,0.7731,D,H,
2021-03-06,Cadiz,Eibar,1392.25,1395.39,0.6359,H,H,1.0
2021-03-06,Elche,Sevilla,1383.34,1624.72,0.3071,H,A,0.0
2021-03-06,Valladolid,Getafe,1396.21,1426.31,0.5993,H,H,1.0
2021-03-06,Udinese,Sassuolo,1487.4,1501.13,0.6217,H,H,1.0
2021-03-06,Spezia,Benevento,1426.3,1399.43,0.6749,D,H,
2021-03-06,Bayern Munich,Dortmund,1672.62,1553.03,0.7797,H,H,1.0
2021-03-06,M'gladbach,Leverkusen,1509.44,1519.77,0.6263,A,H,0.0
2021-03-06,Aston Villa,Wolves,1516.43,1483.42,0.6826,D,H,
2021-03-06,Sheffield United,Southampton,1332.13,1399.46,0.5469,A,H,0.0
2021-03-06,Burnley,Arsenal,1452.5,1541.9,0.5153,D,H,
2021-03-06,Brighton,Leicester,1439.47,1590.48,0.4271,A,A,1.0
2021-03-07,Liverpool,Fulham,1513.33,1424.33,0.748,A,H,0.0
2021-03-07,Ath Bilbao,Granada,1496.67,1449.65,0.6998,H,H,1.0
2021-03-07,Sociedad,Levante,1591.55,1535.2,0.711,H,H,1.0
2021-03-07,Ath Madrid,Real Madrid,1699.12,1648.8,0.7038,D,H,
2021-03-07,Huesca,Celta,1409.51,1467.13,0.5607,A,H,0.0
2021-03-07,Roma,Genoa,1593.85,1473.4,0.7806,H,H,1.0
2021-03-07,Man City,Man United,1757.92,1618.51,0.7987,A,H,0.0
2021-03-07,West Brom,Newcastle,1332.03,1394.04,0.5545,D,H,
2021-03-07,Crotone,Torino,1290.68,1452.57,0.4119,H,A,0.0
2021-03-07,Fiorentina,Parma,1420.71,1314.62,0.7661,D,H,
2021-03-07,Verona,Milan,1533.23,1607.79,0.5365,A,H,0.0
2021-03-07,Sampdoria,Cagliari,1473.83,1383.17,0.7498,D,H,
2021-03-07,FC Koln,Werder Bremen,1425.93,1479.42,0.5665,D,H,
2021-03-07,Bielefeld,Union Berlin,1378.05,1526.7,0.4304,D,A,
2021-03-07,Napoli,Bologna,1564.48,1461.27,0.7631,H,H,1.0
2021-03-07,Tottenham,Crystal Palace,1532.05,1457.82,0.7316,H,H,1.0
2021-03-08,West Ham,Leeds,1589.4,1471.18,0.7784,H,H,1.0
2021-03-08,Betis,Alaves,1552.49,1385.61,0.8229,H,H,1.0
2021-03-08,Inter,Atalanta,1736.3,1642.26,0.7534,H,H,1.0
2021-03-08,Chelsea,Everton,1596.65,1556.95,0.6909,H,H,1.0
2021-03-10,Marseille,Rennes,1495.49,1465.71,0.6785,H,H,1.0
2021-03-10,Ath Madrid,Ath Bilbao,1692.59,1509.17,0.8364,H,H,1.0
2021-03-10,Man City,Southampton,1720.17,1425.31,0.9066,H,H,1.0
2021-03-10,Bielefeld,Werder Bremen,1380.27,1481.55,0.4982,A,A,1.0
2021-03-12,Levante,Valencia,1523.16,1476.84,0.699,H,H,1.0
2021-03-12,Atalanta,Spezia,1632.0,1420.71,0.8572,H,H,1.0
2021-03-12,Lazio,Crotone,1576.17,1318.48,0.8869,H,H,1.0
2021-03-12,Augsburg,M'gladbach,1412.63,1483.36,0.542,H,H,1.0
2021-03-12,Newcastle,Aston Villa,1395.78,1510.59,0.4787,D,A,
2021-03-12,Reims,Lyon,1511.47,1667.31,0.4203,D,A,
2021-03-13,Dortmund,Hertha,1542.62,1381.6,0.818,H,H,1.0
2021-03-13,Werder Bremen,Bayern Munich,1505.1,1683.03,0.3897,A,A,1.0
2021-03-13,Sassuolo,Verona,1483.24,1507.87,0.6068,H,H,1.0
2021-03-13,Benevento,Fiorentina,1405.02,1412.19,0.6305,A,H,0.0
2021-03-13,Genoa,Udinese,1464.27,1505.28,0.5841,D,H,
2021-03-13,Marseille,Brest,1508.87,1459.1,0.7031,H,H,1.0
2021-03-13,Angers,St Etienne,1486.53,1442.47,0.6962,A,H,0.0
2021-03-13,Wolfsburg,Schalke 04,1625.81,1288.88,0.9252,H,H,1.0
2021-03-13,Mainz,Freiburg,1394.15,1516.39,0.468,H,A,0.0
2021-03-13,Union Berlin,FC Koln,1524.47,1423.8,0.7605,H,H,1.0
2021-03-13,Fulham,Man City,1455.48,1724.96,0.2738,A,A,1.0
2021-03-13,Everton,Burnley,1542.34,1452.01,0.7494,A,H,0.0
2021-03-13,Getafe,Ath Madrid,1409.62,1699.41,0.2511,D,A,
2021-03-13,Leeds,Chelsea,1460.7,1611.26,0.4278,D,A,
2021-03-13,Crystal Palace,West Brom,1444.06,1330.29,0.7739,H,H,1.0
2021-03-13,Real Madrid,Elche,1655.33,1412.19,0.8782,H,H,1.0
2021-03-13,Osasuna,Valladolid,1452.92,1412.89,0.6913,D,H,
2021-03-13,Alaves,Cadiz,1378.23,1407.41,0.6005,D,H,
2021-03-14,Leverkusen,Bielefeld,1545.84,1356.73,0.8408,A,H,0.0
2021-03-14,Milan,Napoli,1633.15,1575.67,0.7123,A,H,0.0
2021-03-14,Torino,Inter,1424.77,1746.56,0.2181,A,A,1.0
2021-03-14,Parma,Roma,1323.14,1602.99,0.2621,H,A,0.0
2021-03-14,Bologna,Sampdoria,1450.07,1465.83,0.6189,H,H,1.0
2021-03-14,Celta,Ath Bilbao,1490.47,1502.35,0.6242,D,H,
2021-03-14,Granada,Sociedad,1437.15,1603.58,0.4056,H,A,0.0
2021-03-14,Cagliari,Juventus,1391.17,1661.41,0.2729,A,A,1.0
2021-03-14,Sevilla,Betis,1595.87,1559.86,0.6863,H,H,1.0
2021-03-14,Man United,West Ham,1656.26,1599.87,0.711,H,H,1.0
2021-03-14,Leicester,Sheffield United,1608.26,1306.28,0.91,H,H,1.0
2021-03-14,Stuttgart,Hoffenheim,1525.32,1503.01,0.6691,H,H,1.0
2021-03-14,RB Leipzig,Ein Frankfurt,1666.46,1620.79,0.6982,D,H,
2021-03-14,Nimes,Montpellier,1385.19,1501.63,0.4764,D,A,
2021-03-14,Dijon,Bordeaux,1309.02,1415.86,0.4902,A,A,1.0
2021-03-14,Arsenal,Tottenham,1542.39,1545.81,0.6355,H,H,1.0
2021-03-14,Lorient,Nice,1434.6,1450.95,0.6181,D,H,
2021-03-14,Lens,Metz,1551.32,1519.07,0.6816,D,H,
2021-03-14,Monaco,Lille,1637.01,1690.14,0.567,D,H,
2021-03-14,Paris SG,Nantes,1658.93,1405.94,0.8841,A,H,0.0
2021-03-14,Southampton,Brighton,1420.52,1421.69,0.6385,A,H,0.0
2021-03-14,Rennes,Strasbourg,1452.33,1512.3,0.5574,H,H,1.0
2021-03-14,Eibar,Villarreal,1380.23,1505.14,0.4642,A,A,1.0
2021-03-15,Wolves,Liverpool,1489.27,1482.19,0.6494,A,H,0.0
2021-03-15,Barcelona,Huesca,1711.19,1386.16,0.9203,H,H,1.0
2021-03-17,Torino,Sassuolo,1415.69,1499.61,0.5231,H,H,1.0
2021-03-17,Sevilla,Elche,1608.93,1407.12,0.8504,H,H,1.0
2021-03-19,Bielefeld,RB Leipzig,1391.73,1660.12,0.275,A,A,1.0
2021-03-19,Fulham,Leeds,1441.44,1463.02,0.611,A,H,0.0
2021-03-19,Betis,Levante,1546.8,1535.7,0.6547,H,H,1.0
2021-03-19,Parma,Genoa,1358.02,1461.57,0.4949,A,A,1.0
2021-03-19,St Etienne,Monaco,1471.45,1634.87,0.4097,A,A,1.0
2021-03-20,Ath Bilbao,Eibar,1506.33,1358.29,0.8066,D,H,
2021-03-20,Bayern Munich,Stuttgart,1701.45,1540.96,0.8175,H,H,1.0
2021-03-20,Ein Frankfurt,Union Berlin,1627.13,1534.45,0.752,H,H,1.0
2021-03-20,FC Koln,Dortmund,1413.83,1551.22,0.4464,D,A,
2021-03-20,Werder Bremen,Wolfsburg,1486.68,1630.07,0.4379,A,A,1.0
2021-03-20,Valladolid,Sevilla,1419.02,1616.0,0.3639,D,A,
2021-03-20,Schalke 04,M'gladbach,1284.62,1461.72,0.3908,A,A,1.0
2021-03-20,Huesca,Osasuna,1382.08,1446.8,0.5506,D,H,
2021-03-20,Metz,Rennes,1524.88,1470.76,0.7083,A,H,0.0
2021-03-20,Nice,Marseille,1454.73,1522.9,0.5457,H,H,1.0
2021-03-20,Brighton,Newcastle,1448.27,1396.46,0.7056,H,H,1.0
2021-03-20,Spezia,Cagliari,1413.96,1378.27,0.6859,H,H,1.0
2021-03-20,Crotone,Bologna,1313.77,1468.08,0.4225,A,A,1.0
2021-03-20,Celta,Real Madrid,1486.5,1660.4,0.3952,A,A,1.0
2021-03-21,Strasbourg,Lens,1493.87,1545.5,0.5692,A,H,0.0
2021-03-21,Valencia,Granada,1464.3,1461.9,0.6432,H,H,1.0
2021-03-21,Dijon,Reims,1285.85,1514.02,0.3235,A,A,1.0
2021-03-21,Montpellier,Bordeaux,1500.87,1439.03,0.7174,H,H,1.0
2021-03-21,Lyon,Paris SG,1664.76,1622.12,0.6945,A,H,0.0
2021-03-21,Lille,Nimes,1692.29,1385.94,0.9121,A,H,0.0
2021-03-21,Nantes,Lorient,1442.74,1430.82,0.6557,D,H,
2021-03-21,Getafe,Elche,1417.58,1400.04,0.663,D,H,
2021-03-21,Sociedad,Barcelona,1578.83,1715.28,0.4477,A,A,1.0
2021-03-21,Brest,Angers,1445.06,1457.54,0.6234,D,H,
2021-03-21,Ath Madrid,Alaves,1691.44,1375.02,0.9166,H,H,1.0
2021-03-21,Villarreal,Cadiz,1527.08,1410.63,0.7766,H,H,1.0
2021-03-21,Hoffenheim,Mainz,1487.37,1416.3,0.728,A,H,0.0
2021-03-21,Verona,Atalanta,1491.5,1638.75,0.4324,A,A,1.0
2021-03-21,Juventus,Benevento,1674.31,1372.7,0.9099,A,H,0.0
2021-03-21,Sampdoria,Torino,1447.82,1435.54,0.6562,H,H,1.0
2021-03-21,Udinese,Lazio,1507.97,1580.88,0.5389,A,H,0.0
2021-03-21,Roma,Napoli,1568.11,1605.33,0.5894,A,H,0.0
2021-03-21,Aston Villa,Tottenham,1509.91,1530.63,0.6122,A,H,0.0
2021-03-21,Fiorentina,Milan,1444.51,1603.5,0.4159,A,A,1.0
2021-03-21,Hertha,Leverkusen,1372.99,1510.84,0.4458,H,A,0.0
2021-03-21,Freiburg,Augsburg,1494.24,1434.28,0.7152,H,H,1.0
2021-03-21,West Ham,Arsenal,1587.84,1557.56,0.6792,D,H,
2021-04-02,Levante,Huesca,1519.37,1380.46,0.7982,A,H,0.0
2021-04-03,Lens,Lyon,1569.2,1631.93,0.5534,D,H,
2021-04-03,Paris SG,Lille,1654.95,1654.32,0.6409,A,H,0.0
2021-04-03,Monaco,Metz,1657.14,1491.4,0.822,H,H,1.0
2021-04-03,Wolfsburg,FC Koln,1648.3,1415.54,0.8716,H,H,1.0
2021-04-03,RB Leipzig,Bayern Munich,1671.57,1711.37,0.5858,A,H,0.0
2021-04-03,Cagliari,Verona,1365.19,1471.06,0.4916,A,A,1.0
2021-04-03,Lazio,Spezia,1603.32,1427.03,0.8307,H,H,1.0
2021-04-03,Torino,Juventus,1421.23,1636.43,0.34,D,A,
2021-04-03,Genoa,Fiorentina,1482.18,1427.2,0.7093,D,H,
2021-04-03,Milan,Sampdoria,1620.81,1462.13,0.8159,D,H,
2021-04-03,Atalanta,Udinese,1659.19,1485.54,0.8285,H,H,1.0
2021-04-03,Benevento,Parma,1410.58,1337.42,0.7304,D,H,
2021-04-03,Bologna,Inter,1485.67,1755.65,0.2732,A,A,1.0
2021-04-03,Osasuna,Getafe,1448.42,1412.37,0.6864,D,H,
2021-04-03,Sassuolo,Roma,1479.76,1540.25,0.5566,D,H,
2021-04-03,Augsburg,Hoffenheim,1420.82,1457.06,0.5907,H,H,1.0
2021-04-03,Napoli,Crotone,1633.19,1296.18,0.9252,H,H,1.0
2021-04-03,Real Madrid,Eibar,1679.08,1368.1,0.9142,H,H,1.0
2021-04-03,Granada,Villarreal,1447.05,1536.38,0.5153,A,H,0.0
2021-04-03,M'gladbach,Freiburg,1481.75,1507.7,0.605,H,H,1.0
2021-04-03,Dortmund,Ein Frankfurt,1549.51,1639.84,0.5139,A,H,0.0
2021-04-03,Leverkusen,Schalke 04,1482.42,1264.58,0.8617,H,H,1.0
2021-04-03,Arsenal,Liverpool,1563.29,1509.23,0.7082,A,H,0.0
2021-04-03,Mainz,Bielefeld,1446.61,1380.28,0.7226,D,H,
2021-04-03,Chelsea,West Brom,1608.95,1320.88,0.9033,A,H,0.0
2021-04-03,Leeds,Sheffield United,1488.45,1301.16,0.8394,H,H,1.0
2021-04-03,Leicester,Man City,1613.38,1738.99,0.4632,A,A,1.0
2021-04-04,Sevilla,Ath Madrid,1611.65,1694.92,0.5241,H,H,1.0
2021-04-04,Aston Villa,Fulham,1480.98,1416.0,0.721,H,H,1.0
2021-04-04,Cadiz,Valencia,1401.33,1479.16,0.5319,H,H,1.0
2021-04-04,Southampton,Burnley,1393.94,1483.21,0.5154,H,H,1.0
2021-04-04,Union Berlin,Hertha,1521.73,1401.41,0.7805,D,H,
2021-04-04,Stuttgart,Werder Bremen,1531.04,1468.45,0.7183,H,H,1.0
2021-04-04,Alaves,Celta,1371.54,1467.82,0.5054,A,H,0.0
2021-04-04,Man United,Brighton,1668.29,1463.37,0.8526,H,H,1.0
2021-04-04,Newcastle,Tottenham,1381.37,1559.57,0.3893,D,A,
2021-04-04,Elche,Betis,1405.26,1563.12,0.4175,D,A,
2021-04-04,Bordeaux,Strasbourg,1425.67,1470.17,0.5792,A,H,0.0
2021-04-04,Angers,Montpellier,1461.49,1514.23,0.5676,D,H,
2021-04-04,Marseille,Dijon,1499.61,1272.38,0.868,H,H,1.0
2021-04-04,Nimes,St Etienne,1423.92,1449.18,0.6059,A,H,0.0
2021-04-04,Reims,Rennes,1527.48,1504.24,0.6703,D,H,
2021-04-04,Nantes,Nice,1437.76,1478.02,0.5851,A,H,0.0
2021-04-04,Lorient,Brest,1435.8,1441.12,0.633,H,H,1.0
2021-04-05,Wolves,West Ham,1462.23,1582.11,0.4714,A,A,1.0
2021-04-05,Everton,Crystal Palace,1511.13,1453.48,0.7125,D,H,
2021-04-05,Barcelona,Valladolid,1740.75,1423.37,0.917,H,H,1.0
2021-04-07,Sociedad,Ath Bilbao,1553.35,1496.52,0.7115,D,H,
2021-04-07,Juventus,Napoli,1631.31,1636.3,0.6334,H,H,1.0
2021-04-07,Inter,Sassuolo,1767.02,1477.95,0.9038,H,H,1.0
2021-04-09,Huesca,Elche,1418.19,1407.9,0.6536,H,H,1.0
2021-04-09,Bielefeld,Freiburg,1387.41,1491.26,0.4945,H,A,0.0
2021-04-09,Fulham,Wolves,1402.82,1442.6,0.5858,A,H,0.0
2021-04-09,Metz,Lille,1481.72,1681.0,0.3609,A,A,1.0
2021-04-10,Stuttgart,Dortmund,1542.77,1528.11,0.6593,A,H,0.0
2021-04-10,Man City,Leeds,1760.88,1495.14,0.8914,A,H,0.0
2021-04-10,Hertha,M'gladbach,1410.38,1498.2,0.5175,D,H,
2021-04-10,Liverpool,Aston Villa,1545.54,1494.16,0.705,H,H,1.0
2021-04-10,Crystal Palace,Chelsea,1460.28,1562.64,0.4966,A,A,1.0
2021-04-10,Bayern Munich,Union Berlin,1735.76,1512.76,0.8652,D,H,
2021-04-10,Werder Bremen,RB Leipzig,1456.72,1647.18,0.3727,A,A,1.0
2021-04-10,Montpellier,Marseille,1516.39,1505.85,0.6539,D,H,
2021-04-10,Ein Frankfurt,Wolfsburg,1661.24,1653.65,0.6501,H,H,1.0
2021-04-10,Eibar,Levante,1364.04,1481.64,0.4747,A,A,1.0
2021-04-10,Ath Bilbao,Alaves,1503.29,1347.66,0.8133,D,H,
2021-04-10,Getafe,Cadiz,1418.33,1420.82,0.6368,A,H,0.0
2021-04-10,Spezia,Crotone,1419.98,1293.07,0.7869,H,H,1.0
2021-04-10,Strasbourg,Paris SG,1494.29,1628.26,0.4513,A,A,1.0
2021-04-10,Parma,Milan,1344.79,1610.7,0.2779,A,A,1.0
2021-04-10,Udinese,Torino,1478.4,1426.35,0.7058,A,H,0.0
2021-04-10,Real Madrid,Barcelona,1683.14,1744.21,0.5558,H,H,1.0
2021-04-11,St Etienne,Bordeaux,1477.82,1401.56,0.7339,H,H,1.0
2021-04-11,Monaco,Dijon,1666.82,1266.14,0.947,H,H,1.0
2021-04-11,Lyon,Angers,1633.64,1459.33,0.8291,H,H,1.0
2021-04-11,Juventus,Genoa,1646.58,1475.48,0.8264,H,H,1.0
2021-04-11,Villarreal,Osasuna,1562.8,1442.45,0.7805,A,H,0.0
2021-04-11,Valencia,Sociedad,1459.67,1546.58,0.5188,D,H,
2021-04-11,Valladolid,Granada,1419.91,1420.63,0.6391,A,H,0.0
2021-04-11,Burnley,Newcastle,1463.04,1384.91,0.736,A,H,0.0
2021-04-11,West Ham,Leicester,1601.73,1591.48,0.6535,H,H,1.0
2021-04-11,Tottenham,Man United,1556.03,1674.43,0.4735,A,A,1.0
2021-04-11,Sheffield United,Arsenal,1294.47,1526.98,0.318,A,A,1.0
2021-04-11,Nice,Reims,1502.38,1522.03,0.6136,D,H,
2021-04-11,Lens,Lorient,1567.49,1451.08,0.7766,H,H,1.0
2021-04-11,Sampdoria,Napoli,1472.24,1621.04,0.4302,A,A,1.0
2021-04-11,FC Koln,Mainz,1410.2,1439.49,0.6004,A,H,0.0
2021-04-11,Schalke 04,Augsburg,1258.83,1437.86,0.3882,H,A,0.0
2021-04-11,Betis,Ath Madrid,1560.48,1675.1,0.479,D,A,
2021-04-11,Brest,Nimes,1425.84,1395.27,0.6795,D,H,
2021-04-11,Rennes,Nantes,1509.69,1413.4,0.7558,H,H,1.0
2021-04-11,Inter,Cagliari,1771.03,1341.96,0.9546,H,H,1.0
2021-04-11,Verona,Lazio,1494.3,1610.37,0.4769,A,A,1.0
2021-04-11,Roma,Bologna,1542.06,1474.3,0.7243,H,H,1.0
2021-04-11,Fiorentina,Atalanta,1433.9,1666.33,0.3181,A,A,1.0
2021-04-12,Hoffenheim,Leverkusen,1440.02,1488.18,0.5741,D,H,
2021-04-12,Celta,Sevilla,1491.7,1631.46,0.443,A,A,1.0
2021-04-12,West Brom,Southampton,1367.18,1414.11,0.5758,H,H,1.0
2021-04-12,Brighton,Everton,1457.23,1504.33,0.5755,D,H,
2021-04-12,Benevento,Sassuolo,1403.21,1473.94,0.542,A,H,0.0
2021-04-16,RB Leipzig,Hoffenheim,1666.29,1437.65,0.869,D,H,
2021-04-16,Everton,Tottenham,1506.75,1533.64,0.6037,D,H,
2021-04-16,Lille,Montpellier,1698.06,1511.46,0.8389,D,H,
2021-04-17,Crotone,Udinese,1284.2,1449.01,0.4078,A,A,1.0
2021-04-17,Cagliari,Parma,1340.07,1331.66,0.6511,H,H,1.0
2021-04-17,Marseille,Lorient,1510.77,1439.63,0.7281,H,H,1.0
2021-04-17,Angers,Rennes,1450.57,1519.85,0.5441,A,H,0.0
2021-04-17,Leverkusen,FC Koln,1490.55,1385.2,0.7653,H,H,1.0
2021-04-17,Wolfsburg,Bayern Munich,1639.08,1724.07,0.5216,A,H,0.0
2021-04-17,Union Berlin,Stuttgart,1524.44,1515.32,0.6521,H,H,1.0
2021-04-17,Freiburg,Schalke 04,1470.21,1284.3,0.8383,H,H,1.0
2021-04-17,Augsburg,Bielefeld,1412.39,1408.45,0.6453,D,H,
2021-04-17,Wolves,Sheffield United,1466.99,1278.17,0.8406,H,H,1.0
2021-04-17,Newcastle,West Ham,1415.55,1616.16,0.3591,H,A,0.0
2021-04-17,Sassuolo,Fiorentina,1496.51,1420.65,0.7335,H,H,1.0
2021-04-17,Sampdoria,Verona,1451.91,1474.44,0.6097,H,H,1.0
2021-04-17,M'gladbach,Ein Frankfurt,1498.76,1675.81,0.3909,H,A,0.0
2021-04-18,Dortmund,Werder Bremen,1555.56,1437.61,0.7781,H,H,1.0
2021-04-18,Arsenal,Fulham,1543.29,1378.43,0.8212,D,H,
2021-04-18,Man United,Burnley,1696.81,1432.4,0.8907,H,H,1.0
2021-04-18,Ath Madrid,Eibar,1674.43,1344.28,0.9225,H,H,1.0
2021-04-18,Bordeaux,Monaco,1387.92,1669.54,0.2601,A,A,1.0
2021-04-18,Napoli,Inter,1641.37,1772.92,0.4547,D,A,
2021-04-18,Torino,Roma,1455.73,1553.54,0.5032,H,H,1.0
2021-04-18,Lazio,Benevento,1630.22,1380.64,0.8821,H,H,1.0
2021-04-18,Bologna,Spezia,1462.82,1428.86,0.6838,H,H,1.0
2021-04-18,Levante,Villarreal,1501.4,1530.31,0.6009,A,H,0.0
2021-04-18,Getafe,Real Madrid,1391.82,1701.63,0.2301,D,A,
2021-04-18,Cadiz,Celta,1447.33,1473.26,0.605,D,H,
2021-04-18,Betis,Valencia,1561.16,1459.06,0.7619,D,H,
2021-04-18,Atalanta,Juventus,1679.57,1654.78,0.6722,H,H,1.0
2021-04-18,Sociedad,Sevilla,1547.19,1649.91,0.4961,A,A,1.0
2021-04-18,Alaves,Huesca,1357.68,1434.56,0.5332,H,H,1.0
2021-04-18,Milan,Genoa,1623.84,1467.28,0.8141,H,H,1.0
2021-04-18,Brest,Lens,1420.09,1578.94,0.4161,D,A,
2021-04-18,Dijon,Nice,1263.43,1498.74,0.3145,H,A,0.0
2021-04-18,Nantes,Lyon,1403.23,1642.41,0.3098,A,A,1.0
2021-04-18,Osasuna,Elche,1474.95,1391.52,0.7419,H,H,1.0
2021-04-18,Reims,Metz,1525.67,1464.66,0.7164,D,H,
2021-04-18,Nimes,Strasbourg,1401.02,1471.15,0.5429,D,H,
2021-04-18,Paris SG,St Etienne,1651.4,1491.46,0.817,H,H,1.0
2021-04-19,Leeds,Liverpool,1532.25,1557.82,0.6055,D,H,
2021-04-20,Verona,Fiorentina,1455.99,1408.05,0.7009,A,H,0.0
2021-04-20,Ein Frankfurt,Augsburg,1642.69,1407.74,0.873,H,H,1.0
2021-04-20,Bayern Munich,Leverkusen,1745.79,1502.58,0.8782,H,H,1.0
2021-04-20,Chelsea,Brighton,1588.1,1454.82,0.793,D,H,
2021-04-20,FC Koln,RB Leipzig,1373.17,1654.48,0.2604,H,A,0.0
2021-04-20,Bielefeld,Schalke 04,1413.1,1275.51,0.797,H,H,1.0
2021-04-21,Cadiz,Real Madrid,1443.97,1692.99,0.2978,A,A,1.0
2021-04-21,Bologna,Torino,1479.03,1479.22,0.6398,D,H,
2021-04-21,Milan,Sassuolo,1631.58,1509.1,0.7826,A,H,0.0
2021-04-21,Crotone,Sampdoria,1267.22,1470.36,0.3558,A,A,1.0
2021-04-21,Juventus,Parma,1641.13,1317.13,0.9199,H,H,1.0
2021-04-21,Elche,Valladolid,1379.32,1393.31,0.6213,D,H,
2021-04-21,Werder Bremen,Mainz,1426.24,1464.48,0.5879,A,H,0.0
2021-04-21,Stuttgart,Wolfsburg,1500.84,1617.36,0.4762,A,A,1.0
2021-04-21,Hoffenheim,M'gladbach,1449.46,1531.87,0.5253,H,H,1.0
2021-04-21,Dortmund,Union Berlin,1566.94,1538.93,0.6763,H,H,1.0
2021-04-21,Genoa,Benevento,1459.54,1375.07,0.7431,D,H,
2021-04-21,Aston Villa,Man City,1481.88,1723.77,0.3064,A,A,1.0
2021-04-21,Tottenham,Southampton,1536.96,1392.36,0.8035,H,H,1.0
2021-04-21,Alaves,Villarreal,1377.12,1562.98,0.3789,H,A,0.0
2021-04-21,Osasuna,Valencia,1487.15,1467.45,0.6658,H,H,1.0
2021-04-21,Spezia,Inter,1412.64,1771.47,0.1839,D,A,
2021-04-21,Udinese,Cagliari,1465.99,1354.59,0.7715,A,H,0.0
2021-04-21,Levante,Sevilla,1468.73,1670.56,0.3575,A,A,1.0
2021-04-21,Betis,Ath Bilbao,1552.77,1493.26,0.7147,D,H,
2021-04-22,Ath Madrid,Huesca,1678.84,1415.13,0.8903,H,H,1.0
2021-04-22,Napoli,Lazio,1642.82,1635.79,0.6493,H,H,1.0
2021-04-22,Roma,Atalanta,1530.05,1693.22,0.4101,D,A,
2021-04-22,Granada,Eibar,1447.24,1339.87,0.7674,H,H,1.0
2021-04-22,Sociedad,Celta,1526.53,1476.62,0.7033,H,H,1.0
2021-04-22,Barcelona,Getafe,1725.71,1400.46,0.9204,H,H,1.0
2021-04-22,Leicester,West Brom,1577.06,1388.93,0.8401,H,H,1.0
2021-04-23,Reims,Marseille,1518.74,1522.09,0.6356,A,H,0.0
2021-04-23,Augsburg,FC Koln,1401.74,1403.96,0.6371,A,H,0.0
2021-04-23,Arsenal,Everton,1533.01,1503.43,0.6783,A,H,0.0
2021-04-24,Sassuolo,Sampdoria,1541.68,1485.17,0.7111,H,H,1.0
2021-04-24,Genoa,Spezia,1451.76,1422.76,0.6776,H,H,1.0
2021-04-24,Union Berlin,Werder Bremen,1523.63,1401.76,0.782,H,H,1.0
2021-04-24,Wolfsburg,Dortmund,1639.87,1582.24,0.7125,A,H,0.0
2021-04-24,Leverkusen,Ein Frankfurt,1496.82,1648.69,0.4259,H,A,0.0
2021-04-24,Parma,Crotone,1313.34,1252.41,0.7164,A,H,0.0
2021-04-24,Mainz,Bayern Munich,1488.96,1751.54,0.2817,H,A,0.0
2021-04-24,St Etienne,Brest,1483.84,1422.78,0.7165,A,H,0.0
2021-04-24,Real Madrid,Betis,1708.26,1545.9,0.8191,D,H,
2021-04-24,Sheffield United,Brighton,1271.53,1464.19,0.3697,H,A,0.0
2021-04-24,West Ham,Chelsea,1589.48,1578.73,0.6542,A,H,0.0
2021-04-24,Liverpool,Newcastle,1561.19,1442.23,0.7791,D,H,
2021-04-24,Metz,Paris SG,1471.59,1659.02,0.3768,A,A,1.0
2021-04-24,Valencia,Alaves,1451.65,1402.97,0.7018,D,H,
2021-04-24,Freiburg,Hoffenheim,1479.0,1469.22,0.6529,D,H,
2021-04-24,Elche,Levante,1375.44,1453.85,0.531,H,H,1.0
2021-04-24,Valladolid,Cadiz,1397.19,1428.7,0.5973,D,H,
2021-04-25,Inter,Verona,1761.35,1426.81,0.9242,H,H,1.0
2021-04-25,Cagliari,Roma,1386.71,1532.93,0.4339,H,A,0.0
2021-04-25,Atalanta,Bologna,1690.34,1474.56,0.8603,H,H,1.0
2021-04-25,Lyon,Lille,1655.3,1687.21,0.5968,A,H,0.0
2021-04-25,Benevento,Udinese,1382.84,1433.87,0.57,A,H,0.0
2021-04-25,Wolves,Burnley,1473.63,1427.23,0.699,A,H,0.0
2021-04-25,Leeds,Man United,1528.87,1701.98,0.3963,D,A,
2021-04-25,Aston Villa,West Brom,1469.12,1380.73,0.7473,D,H,
2021-04-25,Fiorentina,Juventus,1437.23,1644.92,0.3498,D,A,
2021-04-25,Angers,Monaco,1422.67,1682.88,0.2845,A,A,1.0
2021-04-25,Rennes,Dijon,1547.74,1295.83,0.8835,H,H,1.0
2021-04-25,Ath Bilbao,Ath Madrid,1500.13,1684.03,0.3816,H,A,0.0
2021-04-25,RB Leipzig,Stuttgart,1623.69,1478.33,0.8041,H,H,1.0
2021-04-25,Strasbourg,Nantes,1472.53,1390.34,0.7405,A,H,0.0
2021-04-25,Lorient,Bordeaux,1428.31,1374.58,0.7078,H,H,1.0
2021-04-25,Lens,Nimes,1576.26,1399.65,0.8309,H,H,1.0
2021-04-25,Nice,Montpellier,1466.34,1522.31,0.563,H,H,1.0
2021-04-25,M'gladbach,Bielefeld,1512.11,1421.55,0.7497,H,H,1.0
2021-04-25,Villarreal,Barcelona,1537.12,1729.79,0.3697,A,A,1.0
2021-04-25,Celta,Osasuna,1464.27,1502.94,0.5873,H,H,1.0
2021-04-25,Sevilla,Granada,1685.44,1459.16,0.8674,H,H,1.0
2021-04-25,Huesca,Getafe,1409.94,1396.38,0.6579,A,H,0.0
2021-04-26,Eibar,Sociedad,1327.94,1538.89,0.3456,A,A,1.0
2021-04-26,Leicester,Crystal Palace,1585.26,1434.82,0.8087,H,H,1.0
2021-04-26,Torino,Napoli,1483.69,1660.8,0.3908,A,A,1.0
2021-04-26,Lazio,Milan,1617.82,1599.0,0.6646,H,H,1.0
2021-04-28,Ath Bilbao,Valladolid,1525.88,1394.07,0.7916,D,H,
2021-04-29,Barcelona,Granada,1745.19,1453.64,0.905,A,H,0.0
2021-04-30,Celta,Levante,1481.45,1434.33,0.6999,H,H,1.0
2021-04-30,Marseille,Strasbourg,1552.14,1441.69,0.7705,D,H,
2021-04-30,Southampton,Leicester,1384.18,1593.22,0.348,D,A,
2021-05-01,Verona,Spezia,1423.66,1407.52,0.6612,D,H,
2021-05-01,Crotone,Inter,1282.23,1764.51,0.0997,A,A,1.0
2021-05-01,Paris SG,Lens,1676.82,1583.3,0.7529,H,H,1.0
2021-05-01,Lille,Nice,1712.06,1487.0,0.8666,H,H,1.0
2021-05-01,Milan,Benevento,1581.8,1355.9,0.8672,H,H,1.0
2021-05-01,Eibar,Alaves,1313.56,1409.43,0.5059,H,H,1.0
2021-05-01,Elche,Ath Madrid,1394.97,1658.28,0.2809,A,A,1.0
2021-05-01,Huesca,Sociedad,1378.85,1553.27,0.3945,H,A,0.0
2021-05-01,Real Madrid,Osasuna,1698.05,1485.76,0.8579,H,H,1.0
2021-05-01,Crystal Palace,Man City,1426.85,1736.53,0.2302,A,A,1.0
2021-05-01,Brighton,Leeds,1437.95,1532.19,0.5083,H,H,1.0
2021-05-01,Chelsea,Fulham,1605.96,1388.71,0.8613,H,H,1.0
2021-05-01,Everton,Aston Villa,1531.67,1461.21,0.7274,A,H,0.0
2021-05-02,Udinese,Juventus,1460.81,1640.12,0.3878,A,A,1.0
2021-05-02,Sampdoria,Roma,1473.14,1509.36,0.5908,H,H,1.0
2021-05-02,Sassuolo,Atalanta,1553.71,1698.29,0.4362,D,A,
2021-05-02,Napoli,Cagliari,1679.27,1410.28,0.8932,D,H,
2021-05-02,Newcastle,Arsenal,1451.16,1504.77,0.5664,A,H,0.0
2021-05-02,Lazio,Genoa,1635.01,1467.0,0.8239,H,H,1.0
2021-05-02,Valencia,Barcelona,1445.19,1707.51,0.282,A,A,1.0
2021-05-02,Granada,Cadiz,1491.32,1431.81,0.7147,A,H,0.0
2021-05-02,Villarreal,Getafe,1521.72,1427.47,0.7537,H,H,1.0
2021-05-02,Valladolid,Betis,1403.4,1556.12,0.4247,D,A,
2021-05-02,Bologna,Fiorentina,1466.61,1442.04,0.672,D,H,
2021-05-02,Brest,Nantes,1452.61,1421.17,0.6806,A,H,0.0
2021-05-02,Bordeaux,Rennes,1359.6,1554.08,0.3673,H,A,0.0
2021-05-02,Lorient,Angers,1443.28,1410.83,0.6819,H,H,1.0
2021-05-02,Tottenham,Sheffield United,1545.14,1297.77,0.8808,H,H,1.0
2021-05-02,Montpellier,St Etienne,1501.65,1454.01,0.7005,A,H,0.0
2021-05-02,Monaco,Lyon,1694.72,1630.46,0.7202,A,H,0.0
2021-05-02,Dijon,Metz,1289.49,1453.78,0.4085,A,A,1.0
2021-05-02,Nimes,Reims,1392.61,1488.7,0.5056,D,H,
2021-05-03,Mainz,Hertha,1518.87,1409.82,0.7691,D,H,
2021-05-03,Torino,Parma,1465.22,1283.52,0.835,H,H,1.0
2021-05-03,Sevilla,Ath Bilbao,1690.97,1516.55,0.8292,A,H,0.0
2021-05-03,Burnley,West Ham,1465.23,1562.24,0.5043,A,H,0.0
2021-05-03,West Brom,Wolves,1388.64,1435.62,0.5757,D,H,
2021-05-06,Hertha,Freiburg,1418.43,1474.1,0.5634,H,H,1.0
2021-05-07,Lens,Lille,1573.01,1718.36,0.4351,A,A,1.0
2021-05-07,Leicester,Newcastle,1588.36,1424.39,0.8205,A,H,0.0
2021-05-07,Sociedad,Elche,1528.06,1383.27,0.8036,H,H,1.0
2021-05-07,Stuttgart,Augsburg,1469.07,1375.21,0.7532,H,H,1.0
2021-05-08,Spezia,Napoli,1412.67,1666.69,0.2918,A,A,1.0
2021-05-08,Ath Bilbao,Osasuna,1551.07,1479.05,0.7291,D,H,
2021-05-08,Cadiz,Huesca,1461.57,1404.06,0.7123,H,H,1.0
2021-05-08,Alaves,Levante,1384.1,1420.14,0.591,D,H,
2021-05-08,Inter,Sampdoria,1769.22,1492.49,0.8974,H,H,1.0
2021-05-08,Man City,Chelsea,1747.41,1612.52,0.7945,A,H,0.0
2021-05-08,Dortmund,RB Leipzig,1615.91,1632.95,0.6172,H,H,1.0
2021-05-08,Hoffenheim,Schalke 04,1474.11,1267.06,0.8542,H,H,1.0
2021-05-08,Werder Bremen,Leverkusen,1391.45,1523.96,0.4534,D,A,
2021-05-08,Wolfsburg,Union Berlin,1606.2,1533.94,0.7294,H,H,1.0
2021-05-08,Bayern Munich,M'gladbach,1721.64,1526.35,0.8455,H,H,1.0
2021-05-08,Fiorentina,Lazio,1447.54,1642.34,0.3669,H,A,0.0
2021-05-08,Leeds,Tottenham,1508.95,1551.63,0.5818,H,H,1.0
2021-05-08,Sheffield United,Crystal Palace,1291.29,1415.97,0.4645,A,A,1.0
2021-05-08,Udinese,Bologna,1444.67,1461.1,0.618,D,H,
2021-05-08,Liverpool,Southampton,1552.26,1389.04,0.8198,H,H,1.0
2021-05-08,Barcelona,Ath Madrid,1719.25,1669.97,0.7025,D,H,
2021-05-08,Lyon,Lorient,1660.44,1458.32,0.8506,H,H,1.0
2021-05-08,Nantes,Bordeaux,1456.06,1385.95,0.727,H,H,1.0
2021-05-09,Benevento,Cagliari,1349.62,1422.86,0.5384,A,H,0.0
2021-05-09,Strasbourg,Montpellier,1450.35,1472.49,0.6102,A,H,0.0
2021-05-09,Nice,Brest,1480.69,1417.71,0.7187,H,H,1.0
2021-05-09,Metz,Nimes,1475.99,1392.43,0.7421,A,H,0.0
2021-05-09,FC Koln,Freiburg,1430.49,1451.72,0.6114,A,H,0.0
2021-05-09,Ein Frankfurt,Mainz,1621.56,1510.25,0.7714,D,H,
2021-05-09,Hertha,Bielefeld,1440.81,1407.31,0.6832,D,H,
2021-05-09,Getafe,Eibar,1417.22,1338.88,0.7363,A,H,0.0
2021-05-09,Valencia,Valladolid,1433.45,1405.81,0.6758,H,H,1.0
2021-05-09,Angers,Dijon,1395.79,1267.28,0.7884,H,H,1.0
2021-05-09,St Etienne,Marseille,1483.17,1543.48,0.5569,H,H,1.0
2021-05-09,Genoa,Sassuolo,1459.67,1555.75,0.5056,A,H,0.0
2021-05-09,Rennes,Paris SG,1527.74,1687.11,0.4154,D,A,
2021-05-09,Parma,Atalanta,1276.65,1696.25,0.1371,A,A,1.0
2021-05-09,Verona,Torino,1418.5,1472.09,0.5664,D,H,
2021-05-09,Roma,Crotone,1490.02,1277.52,0.858,H,H,1.0
2021-05-09,Juventus,Milan,1656.26,1588.08,0.7247,A,H,0.0
2021-05-09,Villarreal,Celta,1531.98,1495.63,0.6867,A,H,0.0
2021-05-09,Real Madrid,Sevilla,1704.77,1656.44,0.7014,D,H,
2021-05-09,Wolves,Brighton,1438.05,1461.19,0.6088,H,H,1.0
2021-05-09,Aston Villa,Man United,1491.49,1698.66,0.3505,A,A,1.0
2021-05-09,West Ham,Everton,1583.24,1501.39,0.7402,A,H,0.0
2021-05-09,Arsenal,West Brom,1531.54,1386.22,0.8041,H,H,1.0
2021-05-09,Reims,Monaco,1488.88,1664.74,0.3925,A,A,1.0
2021-05-10,Betis,Granada,1553.71,1461.56,0.7514,H,H,1.0
2021-05-10,Fulham,Burnley,1382.15,1444.24,0.5543,A,H,0.0
2021-05-11,Osasuna,Cadiz,1486.38,1473.54,0.6569,H,H,1.0
2021-05-11,Southampton,Crystal Palace,1380.53,1437.93,0.561,H,H,1.0
2021-05-11,Levante,Barcelona,1423.05,1712.77,0.2512,D,A,
2021-05-11,Elche,Alaves,1373.99,1381.19,0.6305,A,H,0.0
2021-05-11,Napoli,Udinese,1681.65,1440.89,0.8767,H,H,1.0
2021-05-11,Man United,Leicester,1715.23,1549.58,0.8219,A,H,0.0
2021-05-12,Huesca,Ath Bilbao,1392.08,1543.74,0.4262,H,A,0.0
2021-05-12,Ath Madrid,Sociedad,1676.45,1537.35,0.7984,H,H,1.0
2021-05-12,Chelsea,Arsenal,1645.59,1540.8,0.7647,A,H,0.0
2021-05-12,Torino,Milan,1474.21,1625.24,0.4271,A,A,1.0
2021-05-12,Sassuolo,Juventus,1576.8,1619.11,0.5823,A,H,0.0
2021-05-12,Lazio,Parma,1612.42,1269.62,0.9275,H,H,1.0
2021-05-12,Cagliari,Fiorentina,1448.31,1477.47,0.6006,D,H,
2021-05-12,Atalanta,Benevento,1703.28,1324.17,0.9404,H,H,1.0
2021-05-12,Celta,Getafe,1528.09,1386.57,0.8006,H,H,1.0
2021-05-12,Sampdoria,Spezia,1486.91,1397.71,0.7482,D,H,
2021-05-12,Sevilla,Valencia,1662.89,1450.07,0.8582,H,H,1.0
2021-05-12,Inter,Roma,1774.8,1498.1,0.8974,H,H,1.0
2021-05-12,Schalke 04,Hertha,1260.16,1434.95,0.394,A,A,1.0
2021-05-12,Bologna,Genoa,1464.88,1438.62,0.6741,A,H,0.0
2021-05-13,Valladolid,Villarreal,1389.2,1499.52,0.4851,A,A,1.0
2021-05-13,Eibar,Betis,1369.54,1564.06,0.3672,D,A,
2021-05-13,Granada,Real Madrid,1451.21,1698.32,0.3001,A,A,1.0
2021-05-13,Crotone,Verona,1269.44,1416.37,0.4329,H,A,0.0
2021-05-13,Aston Villa,Everton,1474.92,1532.21,0.5612,D,H,
2021-05-13,Man United,Liverpool,1681.01,1560.78,0.7804,A,H,0.0
2021-05-14,Newcastle,Man City,1463.18,1714.34,0.2952,A,A,1.0
2021-05-15,Genoa,Atalanta,1470.48,1706.1,0.3142,A,A,1.0
2021-05-15,Brighton,West Ham,1444.91,1552.42,0.4892,D,A,
2021-05-15,Augsburg,Werder Bremen,1364.94,1392.95,0.6021,H,H,1.0
2021-05-15,Bielefeld,Hoffenheim,1413.17,1481.01,0.5462,D,H,
2021-05-15,Hertha,FC Koln,1451.35,1399.14,0.706,D,H,
2021-05-15,Leverkusen,Union Berlin,1522.47,1520.06,0.6432,D,H,
2021-05-15,Spezia,Torino,1405.66,1448.2,0.5819,H,H,1.0
2021-05-15,Schalke 04,Ein Frankfurt,1243.76,1612.87,0.1752,H,A,0.0
2021-05-15,Southampton,Fulham,1401.28,1355.95,0.6977,H,H,1.0
2021-05-15,Burnley,Leeds,1470.44,1528.72,0.5598,A,H,0.0
2021-05-15,Freiburg,Bayern Munich,1483.07,1730.76,0.2994,D,A,
2021-05-15,M'gladbach,Stuttgart,1517.23,1479.34,0.6886,A,H,0.0
2021-05-15,Juventus,Inter,1646.63,1779.65,0.4526,H,A,0.0
2021-05-15,Roma,Lazio,1493.25,1615.43,0.4681,H,A,0.0
2021-05-16,Fiorentina,Napoli,1480.69,1688.35,0.3498,A,A,1.0
2021-05-16,West Brom,Liverpool,1376.96,1597.66,0.333,A,A,1.0
2021-05-16,Tottenham,Wolves,1531.86,1454.33,0.7353,H,H,1.0
2021-05-16,Alaves,Granada,1410.99,1435.83,0.6065,H,H,1.0
2021-05-16,Ath Bilbao,Real Madrid,1519.85,1713.71,0.3681,A,A,1.0
2021-05-16,Ath Madrid,Osasuna,1684.85,1500.66,0.837,H,H,1.0
2021-05-16,RB Leipzig,Wolfsburg,1617.01,1620.07,0.636,D,H,
2021-05-16,Mainz,Dortmund,1518.94,1631.85,0.4814,A,A,1.0
2021-05-16,Barcelona,Celta,1704.81,1536.39,0.8242,A,H,0.0
2021-05-16,Betis,Huesca,1559.81,1415.97,0.8028,H,H,1.0
2021-05-16,Getafe,Levante,1378.27,1431.01,0.5676,H,H,1.0
2021-05-16,Valencia,Eibar,1444.16,1373.78,0.7273,H,H,1.0
2021-05-16,Villarreal,Sevilla,1522.45,1668.79,0.4337,H,A,0.0
2021-05-16,Milan,Cagliari,1651.25,1445.1,0.8535,D,H,
2021-05-16,Parma,Sassuolo,1266.61,1549.28,0.2589,A,A,1.0
2021-05-16,Udinese,Sampdoria,1434.19,1478.97,0.5788,A,H,0.0
2021-05-16,Crystal Palace,Aston Villa,1417.18,1472.97,0.5633,H,H,1.0
2021-05-16,Benevento,Crotone,1321.35,1293.05,0.6767,D,H,
2021-05-16,Cadiz,Elche,1459.26,1344.19,0.7752,A,H,0.0
2021-05-16,Everton,Sheffield United,1534.16,1269.33,0.8909,A,H,0.0
2021-05-16,Sociedad,Valladolid,1528.95,1366.26,0.8194,H,H,1.0
2021-05-16,Lorient,Metz,1450.66,1437.95,0.6567,H,H,1.0
2021-05-16,Paris SG,Reims,1684.4,1472.54,0.8576,H,H,1.0
2021-05-16,Nimes,Lyon,1430.47,1668.1,0.3117,A,A,1.0
2021-05-16,Nice,Strasbourg,1492.4,1424.95,0.7239,A,H,0.0
2021-05-16,Montpellier,Brest,1497.89,1406.0,0.7511,D,H,
2021-05-16,Monaco,Rennes,1681.08,1530.45,0.8089,H,H,1.0
2021-05-16,Marseille,Angers,1525.03,1406.64,0.7785,H,H,1.0
2021-05-16,Lille,St Etienne,1740.67,1501.62,0.8756,D,H,
2021-05-16,Dijon,Nantes,1256.43,1470.06,0.3421,A,A,1.0
2021-05-16,Bordeaux,Lens,1371.95,1550.7,0.3886,H,A,0.0
2021-05-17,Verona,Bologna,1392.76,1433.02,0.5851,D,H,
2021-05-18,Southampton,Leeds,1415.57,1559.15,0.4376,A,A,1.0
2021-05-18,Brighton,Man City,1445.25,1726.63,0.2604,H,A,0.0
2021-05-18,Lazio,Torino,1590.29,1426.77,0.8201,D,H,
2021-05-18,Chelsea,Leicester,1613.75,1583.8,0.6788,H,H,1.0
2021-05-18,Man United,Fulham,1644.12,1341.66,0.9103,D,H,
2021-05-19,Everton,Wolves,1497.07,1441.82,0.7096,H,H,1.0
2021-05-19,Newcastle,Sheffield United,1450.88,1306.42,0.8033,H,H,1.0
2021-05-19,Tottenham,Aston Villa,1544.37,1454.78,0.7486,A,H,0.0
2021-05-19,Crystal Palace,Arsenal,1435.36,1572.64,0.4466,A,A,1.0
2021-05-19,Burnley,Liverpool,1440.01,1611.53,0.3985,A,A,1.0
2021-05-19,West Brom,West Ham,1363.1,1552.08,0.3747,A,A,1.0
2021-05-21,Levante,Cadiz,1413.01,1422.62,0.6272,D,H,
2021-05-22,Ein Frankfurt,Freiburg,1578.53,1489.49,0.748,H,H,1.0
2021-05-22,Bayern Munich,Augsburg,1724.34,1383.75,0.9266,H,H,1.0
2021-05-22,Dortmund,Leverkusen,1654.61,1517.88,0.7962,H,H,1.0
2021-05-22,FC Koln,Schalke 04,1405.73,1278.1,0.7876,H,H,1.0
2021-05-22,Elche,Ath Bilbao,1380.83,1504.52,0.466,H,A,0.0
2021-05-22,Stuttgart,Bielefeld,1508.01,1411.69,0.7559,A,H,0.0
2021-05-22,Union Berlin,RB Leipzig,1524.65,1612.66,0.5172,H,H,1.0
2021-05-22,Werder Bremen,M'gladbach,1374.14,1488.56,0.4793,A,A,1.0
2021-05-22,Eibar,Barcelona,1359.8,1670.49,0.2292,A,A,1.0
2021-05-22,Hoffenheim,Hertha,1482.49,1444.76,0.6884,H,H,1.0
2021-05-22,Celta,Betis,1570.71,1568.02,0.6436,A,H,0.0
2021-05-22,Wolfsburg,Mainz,1624.42,1496.18,0.7882,A,H,0.0
2021-05-22,Sampdoria,Parma,1503.06,1254.37,0.8816,H,H,1.0
2021-05-22,Huesca,Valencia,1407.76,1458.15,0.5709,D,H,
2021-05-22,Osasuna,Sociedad,1493.88,1538.21,0.5794,A,H,0.0
2021-05-22,Real Madrid,Villarreal,1729.03,1553.24,0.8303,H,H,1.0
2021-05-22,Valladolid,Ath Madrid,1357.0,1691.63,0.2058,A,A,1.0
2021-05-22,Crotone,Fiorentina,1298.7,1464.15,0.4069,D,A,
2021-05-22,Cagliari,Genoa,1456.41,1457.4,0.6387,A,H,0.0
2021-05-23,Man City,Everton,1695.83,1509.16,0.8389,H,H,1.0
2021-05-23,Metz,Marseille,1423.66,1534.25,0.4848,D,A,
2021-05-23,Nantes,Montpellier,1488.65,1489.86,0.6385,A,H,0.0
2021-05-23,Reims,Bordeaux,1464.79,1403.29,0.717,A,H,0.0
2021-05-23,Rennes,Nimes,1522.49,1414.49,0.768,H,H,1.0
2021-05-23,Sheffield United,Burnley,1298.23,1419.58,0.4693,H,A,0.0
2021-05-23,Strasbourg,Lorient,1459.16,1464.95,0.6324,D,H,
2021-05-23,Lens,Monaco,1519.36,1689.04,0.401,D,A,
2021-05-23,West Ham,Southampton,1569.79,1394.88,0.8296,H,H,1.0
2021-05-23,Wolves,Man United,1429.73,1631.0,0.3583,A,A,1.0
2021-05-23,Liverpool,Crystal Palace,1631.96,1414.25,0.8616,H,H,1.0
2021-05-23,Spezia,Roma,1427.09,1518.39,0.5125,D,H,
2021-05-23,Torino,Benevento,1437.01,1315.7,0.7814,D,H,
2021-05-23,St Etienne,Dijon,1513.64,1237.84,0.8969,A,H,0.0
2021-05-23,Brest,Paris SG,1414.04,1692.15,0.264,A,A,1.0
2021-05-23,Lyon,Nice,1684.08,1458.19,0.8672,A,H,0.0
2021-05-23,Sassuolo,Lazio,1561.52,1580.05,0.6151,H,H,1.0
2021-05-23,Leicester,Tottenham,1570.42,1513.2,0.712,A,H,0.0
2021-05-23,Leeds,West Brom,1579.84,1345.39,0.8727,H,H,1.0
2021-05-23,Fulham,Newcastle,1354.79,1459.07,0.4938,A,A,1.0
2021-05-23,Aston Villa,Chelsea,1485.95,1627.13,0.441,H,A,0.0
2021-05-23,Angers,Lille,1397.42,1728.65,0.209,A,A,1.0
2021-05-23,Granada,Getafe,1417.23,1396.27,0.6674,D,H,
2021-05-23,Arsenal,Brighton,1593.75,1476.05,0.7779,H,H,1.0
2021-05-23,Napoli,Verona,1704.89,1390.04,0.9159,D,H,
2021-05-23,Sevilla,Alaves,1638.0,1429.59,0.8551,H,H,1.0
2021-05-23,Bologna,Juventus,1435.74,1669.42,0.3166,A,A,1.0
2021-05-23,Atalanta,Milan,1719.18,1639.94,0.7373,A,H,0.0
2021-05-23,Inter,Udinese,1756.86,1410.09,0.929,H,H,1.0
2021-08-06,Monaco,Nantes,1685.87,1462.07,0.8658,D,H,
2021-08-07,Troyes,Paris SG,1500.0,1704.63,0.3538,A,A,1.0
2021-08-07,Lyon,Brest,1647.98,1401.56,0.8802,D,H,
2021-08-08,Montpellier,Marseille,1516.44,1533.76,0.6168,A,H,0.0
2021-08-08,Rennes,Lens,1533.45,1522.52,0.6544,D,H,
2021-08-08,Bordeaux,Clermont,1433.14,1500.0,0.5476,A,H,0.0
2021-08-08,Nice,Reims,1494.29,1434.94,0.7145,D,H,
2021-08-08,St Etienne,Lorient,1476.3,1469.19,0.6494,D,H,
2021-08-08,Strasbourg,Angers,1454.93,1388.72,0.7225,A,H,0.0
2021-08-08,Metz,Lille,1424.14,1737.35,0.2267,D,A,
2021-08-13,Brentford,Arsenal,1500.0,1604.25,0.4939,H,A,0.0
2021-08-13,Valencia,Getafe,1460.42,1401.62,0.7138,H,H,1.0
2021-08-13,Lorient,Monaco,1473.97,1674.16,0.3597,H,A,0.0
2021-08-13,M'gladbach,Bayern Munich,1511.22,1728.1,0.3379,D,A,
2021-08-14,Paris SG,Strasbourg,1719.36,1420.78,0.9084,H,H,1.0
2021-08-14,Chelsea,Crystal Palace,1603.86,1407.71,0.8462,H,H,1.0
2021-08-14,Burnley,Brighton,1397.49,1465.55,0.5458,A,H,0.0
2021-08-14,Man United,Leeds,1645.91,1585.85,0.7153,H,H,1.0
2021-08-14,Lille,Nice,1728.6,1487.42,0.877,A,H,0.0
2021-08-14,Dortmund,Ein Frankfurt,1664.24,1590.44,0.7311,H,H,1.0
2021-08-14,Wolfsburg,Bochum,1591.61,1500.0,0.7508,H,H,1.0
2021-08-14,Union Berlin,Leverkusen,1544.75,1508.25,0.6869,D,H,
2021-08-14,Stuttgart,Greuther Furth,1472.29,1500.0,0.6026,H,H,1.0
2021-08-14,Bielefeld,Freiburg,1447.42,1477.58,0.5992,D,H,
2021-08-14,Everton,Southampton,1499.99,1386.14,0.774,H,H,1.0
2021-08-14,Watford,Aston Villa,1500.0,1509.22,0.6277,H,H,1.0
2021-08-14,Norwich,Liverpool,1500.0,1638.5,0.4448,A,A,1.0
2021-08-14,Augsburg,Hoffenheim,1379.98,1495.46,0.4777,A,A,1.0
2021-08-14,Leicester,Wolves,1536.77,1414.82,0.782,H,H,1.0
2021-08-14,Cadiz,Levante,1426.69,1408.94,0.6632,D,H,
2021-08-14,Mallorca,Betis,1500.0,1594.82,0.5075,D,H,
2021-08-14,Alaves,Real Madrid,1423.56,1736.1,0.2273,A,A,1.0
2021-08-14,Osasuna,Espanol,1469.75,1500.0,0.5991,D,H,
2021-08-15,Angers,Lyon,1422.87,1635.81,0.343,H,A,0.0
2021-08-15,Brest,Rennes,1413.73,1528.51,0.4787,D,A,
2021-08-15,Clermont,Troyes,1525.88,1485.27,0.692,H,H,1.0
2021-08-15,Barcelona,Sociedad,1680.04,1562.34,0.7779,H,H,1.0
2021-08-15,Nantes,Metz,1473.78,1432.89,0.6923,H,H,1.0
2021-08-15,Sevilla,Vallecano,1644.03,1500.0,0.8029,H,H,1.0
2021-08-15,Marseille,Bordeaux,1559.44,1407.26,0.8103,D,H,
2021-08-15,Newcastle,West Ham,1482.41,1578.52,0.5056,A,H,0.0
2021-08-15,Mainz,RB Leipzig,1529.0,1592.56,0.5522,H,H,1.0
2021-08-15,Reims,Montpellier,1441.81,1490.76,0.5729,D,H,
2021-08-15,Lens,St Etienne,1527.47,1471.52,0.7105,D,H,
2021-08-15,Celta,Ath Madrid,1543.91,1700.2,0.4197,A,A,1.0
2021-08-15,Tottenham,Man City,1546.85,1705.0,0.4171,H,A,0.0
2021-08-15,FC Koln,Hertha,1414.58,1431.79,0.6169,H,H,1.0
2021-08-16,Villarreal,Granada,1546.17,1411.87,0.7939,D,H,
2021-08-16,Elche,Ath Bilbao,1406.08,1479.28,0.5385,D,H,
2021-08-20,Betis,Cadiz,1595.05,1421.46,0.8285,D,H,
2021-08-20,RB Leipzig,Stuttgart,1573.92,1493.89,0.7381,H,H,1.0
2021-08-20,Brest,Paris SG,1414.41,1723.69,0.2306,A,A,1.0
2021-08-21,Brighton,Watford,1488.27,1515.5,0.6032,H,H,1.0
2021-08-21,Espanol,Villarreal,1503.17,1536.77,0.5944,D,H,
2021-08-21,Granada,Valencia,1421.28,1472.33,0.57,D,H,
2021-08-21,Ath Bilbao,Barcelona,1480.51,1690.54,0.3467,D,A,
2021-08-21,Torino,Atalanta,1428.01,1684.33,0.2891,A,A,1.0
2021-08-21,Empoli,Lazio,1500.0,1561.86,0.5547,A,H,0.0
2021-08-21,Leeds,Everton,1570.38,1510.68,0.7149,D,H,
2021-08-21,Crystal Palace,Brentford,1399.82,1523.92,0.4654,D,A,
2021-08-21,Aston Villa,Newcastle,1493.73,1458.52,0.6853,H,H,1.0
2021-08-21,Liverpool,Burnley,1661.3,1374.76,0.9025,H,H,1.0
2021-08-21,Verona,Sassuolo,1403.35,1579.71,0.3918,A,A,1.0
2021-08-21,Monaco,Lens,1647.51,1520.73,0.7867,A,H,0.0
2021-08-21,Bochum,Mainz,1489.63,1547.64,0.5601,H,H,1.0
2021-08-21,Man City,Norwich,1680.73,1477.2,0.8516,H,H,1.0
2021-08-21,Ein Frankfurt,Augsburg,1576.66,1354.01,0.865,D,H,
2021-08-21,Freiburg,Dortmund,1480.75,1678.02,0.3636,H,A,0.0
2021-08-21,Greuther Furth,Bielefeld,1478.39,1444.25,0.684,D,H,
2021-08-21,St Etienne,Lille,1478.26,1680.93,0.3564,D,A,
2021-08-21,Hertha,Wolfsburg,1413.68,1601.98,0.3756,A,A,1.0
2021-08-21,Alaves,Mallorca,1411.9,1499.76,0.5175,A,H,0.0
2021-08-21,Inter,Genoa,1760.72,1483.99,0.8974,H,H,1.0
2021-08-21,Leverkusen,M'gladbach,1514.23,1516.4,0.6372,H,H,1.0
2021-08-22,Roma,Fiorentina,1518.79,1461.17,0.7124,H,H,1.0
2021-08-22,Southampton,Man United,1375.46,1661.39,0.2553,D,A,
2021-08-22,Wolves,Tottenham,1405.75,1571.12,0.407,A,A,1.0
2021-08-22,Arsenal,Chelsea,1580.33,1611.74,0.5974,A,H,0.0
2021-08-22,Bordeaux,Angers,1417.19,1456.55,0.5864,D,H,
2021-08-22,Ath Madrid,Elche,1717.67,1404.84,0.915,H,H,1.0
2021-08-22,Napoli,Venezia,1691.58,1500.0,0.8427,H,H,1.0
2021-08-22,Udinese,Juventus,1406.23,1685.65,0.2625,D,A,
2021-08-22,Bologna,Salernitana,1419.51,1500.0,0.528,H,H,1.0
2021-08-22,Hoffenheim,Union Berlin,1521.43,1538.76,0.6168,D,H,
2021-08-22,Sociedad,Vallecano,1551.84,1489.9,0.7175,H,H,1.0
2021-08-22,Metz,Reims,1418.35,1439.47,0.6116,D,H,
2021-08-22,Lyon,Clermont,1602.13,1540.44,0.7172,D,H,
2021-08-22,Strasbourg,Troyes,1416.45,1470.71,0.5654,D,H,
2021-08-22,Rennes,Nantes,1527.83,1488.32,0.6906,H,H,1.0
2021-08-22,Levante,Real Madrid,1414.16,1747.75,0.2067,D,A,
2021-08-22,Montpellier,Lorient,1493.09,1500.63,0.63,H,H,1.0
2021-08-22,Bayern Munich,FC Koln,1722.91,1432.68,0.9043,H,H,1.0
2021-08-23,Sampdoria,Milan,1509.14,1674.78,0.4066,A,A,1.0
2021-08-23,Cagliari,Spezia,1429.81,1426.69,0.6442,D,H,
2021-08-23,Osasuna,Celta,1466.58,1526.44,0.5575,D,H,
2021-08-23,Getafe,Sevilla,1389.71,1654.14,0.2796,A,A,1.0
2021-08-23,West Ham,Leicester,1602.42,1545.84,0.7112,H,H,1.0
2021-08-27,Udinese,Venezia,1413.83,1492.56,0.5306,H,H,1.0
2021-08-27,Valencia,Alaves,1474.57,1390.36,0.7428,H,H,1.0
2021-08-27,Verona,Inter,1387.03,1766.3,0.1669,A,A,1.0
2021-08-27,Dortmund,Hoffenheim,1651.53,1517.69,0.7935,H,H,1.0
2021-08-27,Nantes,Lyon,1475.44,1595.18,0.4716,A,A,1.0
2021-08-27,Mallorca,Espanol,1521.3,1500.15,0.6676,H,H,1.0
2021-08-28,Norwich,Leicester,1468.75,1531.04,0.5541,A,H,0.0
2021-08-28,Newcastle,Southampton,1443.64,1383.29,0.7157,D,H,
2021-08-28,Brighton,Everton,1507.03,1517.55,0.626,A,H,0.0
2021-08-28,Aston Villa,Brentford,1508.6,1522.81,0.621,D,H,
2021-08-28,Man City,Arsenal,1689.17,1552.09,0.7965,H,H,1.0
2021-08-28,Atalanta,Bologna,1696.36,1439.16,0.8866,D,H,
2021-08-28,Lazio,Spezia,1588.08,1431.3,0.8143,H,H,1.0
2021-08-28,Fiorentina,Torino,1447.58,1415.97,0.6808,H,H,1.0
2021-08-28,Juventus,Empoli,1678.05,1473.78,0.8521,A,H,0.0
2021-08-28,Betis,Real Madrid,1584.54,1738.37,0.4232,A,A,1.0
2021-08-28,Celta,Ath Bilbao,1528.28,1485.41,0.6947,A,H,0.0
2021-08-28,Elche,Sevilla,1401.31,1665.78,0.2795,D,A,
2021-08-28,Sociedad,Levante,1563.6,1423.55,0.7993,H,H,1.0
2021-08-28,Marseille,St Etienne,1549.51,1482.85,0.723,H,H,1.0
2021-08-28,Nice,Bordeaux,1535.1,1414.43,0.7808,H,H,1.0
2021-08-28,Augsburg,Leverkusen,1365.69,1533.96,0.403,A,A,1.0
2021-08-28,Bielefeld,Ein Frankfurt,1450.14,1564.98,0.4787,D,A,
2021-08-28,FC Koln,Bochum,1428.7,1510.42,0.5263,H,H,1.0
2021-08-28,Mainz,Greuther Furth,1526.85,1472.5,0.7086,H,H,1.0
2021-08-28,Stuttgart,Freiburg,1479.66,1507.25,0.6027,A,H,0.0
2021-08-28,Bayern Munich,Hertha,1726.9,1398.05,0.9219,H,H,1.0
2021-08-28,West Ham,Crystal Palace,1617.23,1400.93,0.8607,D,H,
2021-08-28,Liverpool,Chelsea,1665.91,1639.98,0.6737,D,H,
2021-08-29,Tottenham,Watford,1588.07,1496.74,0.7505,H,H,1.0
2021-08-29,Union Berlin,M'gladbach,1542.5,1496.68,0.6983,H,H,1.0
2021-08-29,Wolfsburg,RB Leipzig,1617.62,1588.16,0.6781,H,H,1.0
2021-08-29,Burnley,Leeds,1370.15,1563.5,0.3688,D,A,
2021-08-29,Wolves,Man United,1388.8,1653.56,0.2792,A,A,1.0
2021-08-29,Barcelona,Getafe,1685.63,1378.07,0.9126,H,H,1.0
2021-08-29,Vallecano,Granada,1478.14,1419.04,0.7142,H,H,1.0
2021-08-29,Troyes,Monaco,1472.8,1610.32,0.4462,A,A,1.0
2021-08-29,Angers,Rennes,1459.32,1540.71,0.5268,H,H,1.0
2021-08-29,Clermont,Metz,1547.39,1414.78,0.7923,D,H,
2021-08-29,Lens,Lorient,1557.92,1483.14,0.7323,D,H,
2021-08-29,Reims,Paris SG,1443.04,1734.59,0.2492,A,A,1.0
2021-08-29,Salernitana,Roma,1480.35,1532.38,0.5686,A,H,0.0
2021-08-29,Milan,Cagliari,1691.71,1425.2,0.8919,H,H,1.0
2021-08-29,Cadiz,Osasuna,1431.98,1464.74,0.5956,A,H,0.0
2021-08-29,Genoa,Napoli,1478.41,1699.02,0.3331,A,A,1.0
2021-08-29,Ath Madrid,Villarreal,1721.21,1539.79,0.8348,D,H,
2021-08-29,Sassuolo,Sampdoria,1596.02,1492.21,0.7637,D,H,
2021-08-29,Strasbourg,Brest,1414.36,1403.51,0.6543,H,H,1.0
2021-08-29,Lille,Montpellier,1676.33,1510.58,0.822,H,H,1.0
2021-09-10,Lorient,Lille,1490.57,1683.74,0.369,H,A,0.0
2021-09-11,Arsenal,Norwich,1540.51,1445.68,0.7543,H,H,1.0
2021-09-11,Atalanta,Fiorentina,1683.99,1460.87,0.8653,A,H,0.0
2021-09-11,Brentford,Brighton,1526.69,1477.44,0.7025,A,H,0.0
2021-09-11,Man United,Newcastle,1665.18,1436.74,0.8688,H,H,1.0
2021-09-11,Southampton,West Ham,1390.19,1605.69,0.3397,D,A,
2021-09-11,Watford,Wolves,1486.36,1377.18,0.7693,A,H,0.0
2021-09-11,Chelsea,Aston Villa,1645.54,1504.73,0.8,H,H,1.0
2021-09-11,Crystal Palace,Tottenham,1412.47,1598.45,0.3787,H,A,0.0
2021-09-11,Leicester,Man City,1554.1,1700.75,0.4333,A,A,1.0
2021-09-11,Napoli,Juventus,1712.88,1642.57,0.7272,H,H,1.0
2021-09-11,Monaco,Marseille,1628.9,1562.61,0.7226,A,H,0.0
2021-09-11,Levante,Vallecano,1415.19,1493.68,0.5309,D,H,
2021-09-11,Ath Bilbao,Mallorca,1514.34,1535.14,0.612,H,H,1.0
2021-09-11,RB Leipzig,Bayern Munich,1574.76,1731.34,0.4193,A,A,1.0
2021-09-11,Union Berlin,Augsburg,1555.06,1345.03,0.8563,D,H,
2021-09-11,Leverkusen,Dortmund,1554.62,1660.12,0.4921,A,A,1.0
2021-09-11,Hoffenheim,Mainz,1509.1,1541.79,0.5957,A,H,0.0
2021-09-11,Greuther Furth,Wolfsburg,1457.56,1631.02,0.3958,A,A,1.0
2021-09-11,Freiburg,FC Koln,1532.34,1448.42,0.7424,D,H,
2021-09-11,Empoli,Venezia,1509.26,1468.5,0.6922,A,H,0.0
2021-09-11,Paris SG,Clermont,1746.37,1538.04,0.8551,H,H,1.0
2021-09-12,Real Madrid,Celta,1755.99,1499.35,0.8862,H,H,1.0
2021-09-12,Espanol,Ath Madrid,1486.31,1710.5,0.3285,A,A,1.0
2021-09-12,Leeds,Liverpool,1559.3,1660.35,0.4985,A,A,1.0
2021-09-12,M'gladbach,Bielefeld,1484.12,1450.82,0.6829,H,H,1.0
2021-09-12,Milan,Lazio,1697.26,1598.64,0.7583,H,H,1.0
2021-09-12,Torino,Salernitana,1402.68,1449.44,0.576,H,H,1.0
2021-09-12,Ein Frankfurt,Stuttgart,1564.3,1454.56,0.7698,D,H,
2021-09-12,Nantes,Nice,1455.81,1547.02,0.5126,A,H,0.0
2021-09-12,Rennes,Reims,1518.34,1431.26,0.7459,A,H,0.0
2021-09-12,Metz,Troyes,1424.13,1454.23,0.5993,A,H,0.0
2021-09-12,Brest,Angers,1387.17,1481.69,0.5079,D,H,
2021-09-12,Bordeaux,Lens,1402.51,1550.49,0.4314,A,A,1.0
2021-09-12,Montpellier,St Etienne,1503.17,1469.76,0.6831,H,H,1.0
2021-09-12,Sampdoria,Inter,1500.65,1774.19,0.2691,D,A,
2021-09-12,Cagliari,Genoa,1419.66,1464.55,0.5787,A,H,0.0
2021-09-12,Spezia,Udinese,1420.74,1437.9,0.617,A,H,0.0
2021-09-12,Bochum,Hertha,1490.7,1393.6,0.7567,A,H,0.0
2021-09-12,Cadiz,Sociedad,1407.18,1571.95,0.4078,A,A,1.0
2021-09-12,Roma,Sassuolo,1563.29,1587.58,0.6073,H,H,1.0
2021-09-12,Lyon,Strasbourg,1614.81,1430.7,0.8369,H,H,1.0
2021-09-12,Osasuna,Valencia,1489.54,1487.76,0.6424,A,H,0.0
2021-09-13,Bologna,Verona,1451.53,1379.14,0.7295,H,H,1.0
2021-09-13,Everton,Burnley,1547.14,1374.35,0.8278,H,H,1.0
2021-09-13,Getafe,Elche,1374.43,1408.36,0.594,A,H,0.0
2021-09-13,Granada,Betis,1403.5,1566.93,0.4097,A,A,1.0
2021-09-17,Sassuolo,Torino,1571.23,1425.73,0.8043,A,H,0.0
2021-09-17,Strasbourg,Metz,1422.99,1395.81,0.6753,H,H,1.0
2021-09-17,Newcastle,Leeds,1430.02,1533.75,0.4946,D,A,
2021-09-17,Celta,Cadiz,1493.52,1387.9,0.7656,A,H,0.0
2021-09-17,Hertha,Greuther Furth,1429.37,1438.85,0.6274,H,H,1.0
2021-09-18,Genoa,Fiorentina,1488.64,1496.89,0.629,A,H,0.0
2021-09-18,Bayern Munich,Bochum,1752.83,1454.93,0.9081,H,H,1.0
2021-09-18,Augsburg,M'gladbach,1356.43,1499.11,0.4389,H,A,0.0
2021-09-18,Salernitana,Atalanta,1426.39,1647.97,0.3318,A,A,1.0
2021-09-18,Inter,Bologna,1766.8,1462.79,0.911,H,H,1.0
2021-09-18,Lens,Lille,1568.45,1657.47,0.5158,H,H,1.0
2021-09-18,Bielefeld,Hoffenheim,1435.83,1480.94,0.5783,D,H,
2021-09-18,St Etienne,Bordeaux,1454.78,1384.55,0.7271,A,H,0.0
2021-09-18,Elche,Levante,1433.09,1414.2,0.6647,D,H,
2021-09-18,Aston Villa,Everton,1494.47,1555.28,0.5562,H,H,1.0
2021-09-18,Man City,Southampton,1718.79,1395.32,0.9197,D,H,
2021-09-18,Liverpool,Crystal Palace,1685.91,1444.32,0.8772,H,H,1.0
2021-09-18,Burnley,Arsenal,1366.21,1550.74,0.3807,A,A,1.0
2021-09-18,FC Koln,RB Leipzig,1456.18,1553.26,0.5042,D,H,
2021-09-18,Mainz,Freiburg,1569.94,1524.59,0.6978,D,H,
2021-09-18,Wolves,Brentford,1413.54,1497.44,0.5231,A,H,0.0
2021-09-18,Vallecano,Getafe,1494.67,1349.7,0.8038,H,H,1.0
2021-09-18,Ath Madrid,Ath Bilbao,1724.17,1532.68,0.8426,D,H,
2021-09-18,Alaves,Osasuna,1377.17,1456.6,0.5296,A,H,0.0
2021-09-18,Norwich,Watford,1435.45,1450.0,0.6206,A,H,0.0
2021-09-19,Verona,Roma,1367.88,1579.64,0.3445,H,A,0.0
2021-09-19,Lazio,Cagliari,1587.22,1395.56,0.8428,D,H,
2021-09-19,Sociedad,Sevilla,1591.23,1658.72,0.5466,D,H,
2021-09-19,Brighton,Leicester,1506.68,1536.07,0.6002,H,H,1.0
2021-09-19,West Ham,Man United,1600.55,1671.91,0.5411,A,H,0.0
2021-09-19,Tottenham,Chelsea,1566.6,1655.79,0.5155,A,H,0.0
2021-09-19,Troyes,Montpellier,1482.55,1518.15,0.5916,D,H,
2021-09-19,Mallorca,Villarreal,1516.8,1550.5,0.5943,D,H,
2021-09-19,Paris SG,Lyon,1754.25,1622.52,0.7915,H,H,1.0
2021-09-19,Stuttgart,Leverkusen,1463.2,1534.13,0.5417,A,H,0.0
2021-09-19,Dortmund,Union Berlin,1680.61,1543.66,0.7964,H,H,1.0
2021-09-19,Wolfsburg,Ein Frankfurt,1649.73,1555.66,0.7535,D,H,
2021-09-19,Venezia,Spezia,1497.32,1395.05,0.7621,A,H,0.0
2021-09-19,Empoli,Sampdoria,1480.44,1508.03,0.6027,A,H,0.0
2021-09-19,Marseille,Rennes,1596.76,1483.08,0.7738,H,H,1.0
2021-09-19,Nice,Monaco,1571.25,1594.74,0.6084,D,H,
2021-09-19,Angers,Nantes,1481.94,1431.57,0.7038,A,H,0.0
2021-09-19,Clermont,Brest,1530.16,1386.91,0.8022,D,H,
2021-09-19,Reims,Lorient,1466.52,1516.84,0.571,D,H,
2021-09-19,Juventus,Milan,1631.21,1708.68,0.5324,D,H,
2021-09-19,Betis,Espanol,1583.98,1472.63,0.7715,D,H,
2021-09-19,Valencia,Real Madrid,1520.69,1761.82,0.3074,A,A,1.0
2021-09-20,Udinese,Napoli,1463.58,1724.24,0.284,A,A,1.0
2021-09-20,Barcelona,Granada,1689.27,1386.44,0.9104,D,H,
2021-09-21,Atalanta,Sassuolo,1661.78,1537.75,0.7841,H,H,1.0
2021-09-21,Fiorentina,Inter,1523.08,1771.87,0.2981,A,A,1.0
2021-09-21,Getafe,Ath Madrid,1339.65,1713.21,0.1715,A,A,1.0
2021-09-21,Bologna,Genoa,1457.72,1462.45,0.6338,D,H,
2021-09-21,Ath Bilbao,Vallecano,1543.64,1504.72,0.6899,A,H,0.0
2021-09-21,Levante,Celta,1419.47,1461.65,0.5825,A,H,0.0
2021-09-22,Nantes,Brest,1467.66,1396.58,0.7281,H,H,1.0
2021-09-22,Metz,Paris SG,1379.16,1762.93,0.1633,A,A,1.0
2021-09-22,Lyon,Troyes,1613.84,1479.62,0.7938,H,H,1.0
2021-09-22,Salernitana,Verona,1412.57,1395.17,0.6628,D,H,
2021-09-22,Spezia,Juventus,1426.78,1630.18,0.3554,A,A,1.0
2021-09-22,Cagliari,Empoli,1406.53,1449.54,0.5813,A,H,0.0
2021-09-22,Milan,Venezia,1709.72,1465.59,0.8788,H,H,1.0
2021-09-22,Montpellier,Bordeaux,1521.08,1414.82,0.7663,D,H,
2021-09-22,Real Madrid,Mallorca,1774.61,1513.79,0.8887,H,H,1.0
2021-09-22,Sevilla,Valencia,1660.21,1507.89,0.8104,H,H,1.0
2021-09-22,Villarreal,Elche,1553.52,1427.82,0.7857,H,H,1.0
2021-09-22,Rennes,Clermont,1472.39,1520.49,0.5741,H,H,1.0
2021-09-22,Angers,Marseille,1445.86,1607.45,0.4123,D,A,
2021-09-22,Lens,Strasbourg,1588.61,1439.63,0.8074,A,H,0.0
2021-09-22,Espanol,Alaves,1481.32,1352.14,0.7891,H,H,1.0
2021-09-22,Lorient,Nice,1519.11,1567.78,0.5733,H,H,1.0
2021-09-22,Lille,Reims,1637.31,1464.25,0.8281,H,H,1.0
2021-09-22,Monaco,St Etienne,1598.21,1424.51,0.8286,H,H,1.0
2021-09-23,Torino,Lazio,1459.22,1576.25,0.4755,D,A,
2021-09-23,Granada,Sociedad,1399.58,1589.74,0.3731,A,A,1.0
2021-09-23,Osasuna,Betis,1481.63,1575.3,0.5091,A,H,0.0
2021-09-23,Cadiz,Barcelona,1419.78,1676.14,0.289,D,A,
2021-09-23,Roma,Udinese,1552.35,1448.15,0.7641,H,H,1.0
2021-09-23,Sampdoria,Napoli,1538.93,1739.68,0.3589,A,A,1.0
2021-09-24,Greuther Furth,Bayern Munich,1423.34,1758.43,0.2053,A,A,1.0
2021-09-25,Ein Frankfurt,FC Koln,1563.77,1456.05,0.7678,D,H,
2021-09-25,Hoffenheim,Wolfsburg,1483.45,1641.62,0.4171,H,A,0.0
2021-09-25,RB Leipzig,Hertha,1553.4,1444.88,0.7686,H,H,1.0
2021-09-25,Leverkusen,Mainz,1559.74,1563.61,0.6349,H,H,1.0
2021-09-25,M'gladbach,Dortmund,1475.75,1690.23,0.341,H,A,0.0
2021-09-25,St Etienne,Nice,1416.4,1550.02,0.4518,A,A,1.0
2021-09-25,Strasbourg,Lille,1473.25,1644.47,0.3989,A,A,1.0
2021-09-25,Lyon,Lorient,1623.59,1536.88,0.7455,D,H,
2021-09-25,Paris SG,Montpellier,1769.73,1512.56,0.8866,H,H,1.0
2021-09-25,Man United,Aston Villa,1694.44,1517.23,0.8314,A,H,0.0
2021-09-25,Everton,Norwich,1532.53,1406.12,0.7864,H,H,1.0
2021-09-25,Leeds,West Ham,1533.57,1578.03,0.5793,A,H,0.0
2021-09-25,Leicester,Burnley,1519.42,1350.36,0.8247,D,H,
2021-09-25,Watford,Newcastle,1479.33,1430.19,0.7024,D,H,
2021-09-25,Brentford,Liverpool,1522.17,1692.2,0.4006,D,A,
2021-09-25,Union Berlin,Bielefeld,1534.04,1433.33,0.7605,H,H,1.0
2021-09-25,Inter,Atalanta,1785.95,1670.77,0.7753,D,H,
2021-09-25,Chelsea,Man City,1682.22,1705.36,0.6088,A,H,0.0
2021-09-25,Alaves,Ath Madrid,1343.36,1720.35,0.1688,H,A,0.0
2021-09-25,Valencia,Ath Bilbao,1498.93,1514.92,0.6186,D,H,
2021-09-25,Sevilla,Espanol,1669.18,1490.1,0.8329,H,H,1.0
2021-09-25,Real Madrid,Villarreal,1780.95,1564.51,0.8608,D,H,
2021-09-25,Genoa,Verona,1466.73,1400.38,0.7226,D,H,
2021-09-25,Spezia,Milan,1411.98,1715.45,0.2366,A,A,1.0
2021-09-26,Arsenal,Tottenham,1566.59,1540.17,0.6743,H,H,1.0
2021-09-26,Juventus,Sampdoria,1644.98,1519.42,0.7856,H,H,1.0
2021-09-26,Empoli,Bologna,1477.02,1453.44,0.6707,H,H,1.0
2021-09-26,Napoli,Cagliari,1759.2,1379.06,0.9407,H,H,1.0
2021-09-26,Lazio,Roma,1575.47,1562.17,0.6575,H,H,1.0
2021-09-26,Southampton,Wolves,1408.75,1388.81,0.6661,A,H,0.0
2021-09-26,Bordeaux,Rennes,1423.34,1497.54,0.5371,D,H,
2021-09-26,Brest,Metz,1383.73,1372.36,0.655,A,H,0.0
2021-09-26,Reims,Nantes,1457.09,1480.51,0.6085,H,H,1.0
2021-09-26,Troyes,Angers,1469.88,1448.66,0.6677,D,H,
2021-09-26,Clermont,Monaco,1495.34,1606.31,0.4842,A,A,1.0
2021-09-26,Marseille,Lens,1604.64,1554.99,0.703,A,H,0.0
2021-09-26,Freiburg,Augsburg,1530.91,1379.79,0.8093,H,H,1.0
2021-09-26,Bochum,Stuttgart,1449.33,1437.59,0.6555,D,H,
2021-09-26,Mallorca,Osasuna,1507.45,1457.57,0.7032,A,H,0.0
2021-09-26,Barcelona,Levante,1669.39,1391.94,0.8978,H,H,1.0
2021-09-26,Sociedad,Elche,1605.27,1416.83,0.8403,H,H,1.0
2021-09-26,Vallecano,Cadiz,1533.45,1426.53,0.7669,H,H,1.0
2021-09-26,Betis,Getafe,1599.36,1332.5,0.892,H,H,1.0
2021-09-26,Udinese,Fiorentina,1438.33,1508.99,0.5421,A,H,0.0
2021-09-26,Sassuolo,Salernitana,1528.76,1407.36,0.7815,H,H,1.0
2021-09-27,Celta,Granada,1489.18,1384.04,0.7651,H,H,1.0
2021-09-27,Crystal Palace,Brighton,1438.03,1523.33,0.5211,D,H,
2021-09-27,Venezia,Torino,1459.86,1460.0,0.6399,D,H,
2021-10-01,Cagliari,Venezia,1376.25,1455.38,0.53,D,H,
2021-10-01,Ath Bilbao,Alaves,1518.71,1377.97,0.7999,H,H,1.0
2021-10-01,FC Koln,Greuther Furth,1464.62,1413.64,0.7046,H,H,1.0
2021-10-01,Lens,Reims,1584.26,1475.6,0.7687,H,H,1.0
2021-10-02,Torino,Juventus,1464.48,1653.9,0.3741,A,A,1.0
2021-10-02,Salernitana,Genoa,1398.27,1459.61,0.5554,H,H,1.0
2021-10-02,Sassuolo,Inter,1537.86,1777.14,0.3096,A,A,1.0
2021-10-02,Dortmund,Augsburg,1662.8,1370.02,0.9056,H,H,1.0
2021-10-02,Mallorca,Levante,1478.17,1386.7,0.7507,H,H,1.0
2021-10-02,Stuttgart,Hoffenheim,1442.57,1511.0,0.5453,H,H,1.0
2021-10-02,Osasuna,Vallecano,1486.85,1544.46,0.5607,H,H,1.0
2021-10-02,Hertha,Freiburg,1431.22,1540.69,0.4864,A,A,1.0
2021-10-02,Cadiz,Valencia,1415.51,1495.14,0.5293,D,H,
2021-10-02,Nice,Brest,1573.18,1356.46,0.8609,H,H,1.0
2021-10-02,Montpellier,Strasbourg,1507.2,1456.64,0.7041,D,H,
2021-10-02,Man United,Everton,1659.82,1542.62,0.7774,D,H,
2021-10-02,Burnley,Norwich,1360.75,1396.02,0.5921,D,H,
2021-10-02,Chelsea,Southampton,1656.88,1381.02,0.8969,H,H,1.0
2021-10-02,Ath Madrid,Barcelona,1685.74,1674.63,0.6547,H,H,1.0
2021-10-02,Wolves,Newcastle,1416.54,1436.66,0.613,H,H,1.0
2021-10-02,Brighton,Arsenal,1524.0,1581.98,0.5602,D,H,
2021-10-02,Wolfsburg,M'gladbach,1614.06,1503.18,0.771,A,H,0.0
2021-10-02,RB Leipzig,Bochum,1567.06,1444.36,0.7828,H,H,1.0
2021-10-02,Leeds,Watford,1509.46,1472.85,0.687,H,H,1.0
2021-10-03,St Etienne,Lyon,1393.24,1615.73,0.3307,D,A,
2021-10-03,Lille,Marseille,1661.08,1575.38,0.7444,H,H,1.0
2021-10-03,Monaco,Bordeaux,1629.2,1422.15,0.8541,H,H,1.0
2021-10-03,Lorient,Clermont,1544.73,1472.46,0.7294,D,H,
2021-10-03,Angers,Metz,1454.03,1399.63,0.7086,H,H,1.0
2021-10-03,Roma,Empoli,1547.91,1492.58,0.7097,H,H,1.0
2021-10-03,Fiorentina,Napoli,1531.56,1762.0,0.3206,A,A,1.0
2021-10-03,Verona,Spezia,1407.51,1402.13,0.6472,H,H,1.0
2021-10-03,Sampdoria,Udinese,1510.49,1415.76,0.7542,D,H,
2021-10-03,Bologna,Lazio,1437.88,1589.73,0.4259,H,A,0.0
2021-10-03,Liverpool,Man City,1689.02,1730.71,0.5831,D,H,
2021-10-03,Tottenham,Aston Villa,1524.78,1551.84,0.6034,H,H,1.0
2021-10-03,Crystal Palace,Leicester,1437.35,1509.03,0.5407,D,H,
2021-10-03,Atalanta,Milan,1679.58,1725.3,0.5775,A,H,0.0
2021-10-03,Rennes,Paris SG,1498.72,1775.09,0.2659,H,A,0.0
2021-10-03,Nantes,Troyes,1462.0,1464.51,0.6367,H,H,1.0
2021-10-03,Espanol,Real Madrid,1482.2,1769.41,0.254,H,A,0.0
2021-10-03,Mainz,Union Berlin,1548.41,1544.01,0.6459,A,H,0.0
2021-10-03,Bayern Munich,Ein Frankfurt,1768.14,1555.2,0.8583,A,H,0.0
2021-10-03,Bielefeld,Leverkusen,1423.35,1574.94,0.4263,A,A,1.0
2021-10-03,Elche,Celta,1410.18,1498.96,0.5161,H,H,1.0
2021-10-03,Granada,Sevilla,1374.26,1677.07,0.2373,H,A,0.0
2021-10-03,Villarreal,Betis,1576.05,1604.46,0.6016,H,H,1.0
2021-10-03,West Ham,Brentford,1602.14,1525.35,0.7345,A,H,0.0
2021-10-03,Getafe,Sociedad,1327.4,1611.92,0.2569,D,A,
2021-10-15,Paris SG,Angers,1740.4,1466.16,0.8961,H,H,1.0
2021-10-15,Hoffenheim,FC Koln,1489.51,1478.58,0.6544,H,H,1.0
2021-10-16,Spezia,Salernitana,1382.95,1416.78,0.5941,H,H,1.0
2021-10-16,M'gladbach,Stuttgart,1539.63,1464.06,0.7331,D,H,
2021-10-16,Union Berlin,Wolfsburg,1570.9,1577.62,0.6311,H,H,1.0
2021-10-16,Greuther Furth,Bochum,1399.67,1433.22,0.5945,A,H,0.0
2021-10-16,Freiburg,RB Leipzig,1560.94,1578.19,0.6169,D,H,
2021-10-16,Lazio,Inter,1560.3,1790.04,0.3215,H,A,0.0
2021-10-16,Milan,Verona,1749.34,1426.69,0.9193,H,H,1.0
2021-10-16,Ein Frankfurt,Hertha,1590.94,1410.97,0.8336,A,H,0.0
2021-10-16,Dortmund,Mainz,1666.73,1521.52,0.804,H,H,1.0
2021-10-16,Watford,Liverpool,1459.82,1686.36,0.3255,A,A,1.0
2021-10-16,Aston Villa,Wolves,1535.33,1432.65,0.7626,A,H,0.0
2021-10-16,Leicester,Man United,1510.33,1650.95,0.4418,H,A,0.0
2021-10-16,Man City,Burnley,1733.37,1357.81,0.9392,H,H,1.0
2021-10-16,Norwich,Brighton,1398.97,1522.08,0.4668,D,A,
2021-10-16,Southampton,Leeds,1376.15,1522.49,0.4337,H,A,0.0
2021-10-16,Sociedad,Mallorca,1604.14,1488.55,0.7757,H,H,1.0
2021-10-16,Levante,Getafe,1376.32,1335.18,0.6926,D,H,
2021-10-16,Brentford,Chelsea,1555.93,1661.75,0.4916,A,A,1.0
2021-10-16,Clermont,Lille,1479.8,1673.16,0.3688,H,A,0.0
2021-10-16,Lyon,Monaco,1610.31,1636.68,0.6044,H,H,1.0
2021-10-17,Marseille,Lorient,1563.3,1537.39,0.6737,H,H,1.0
2021-10-17,Everton,West Ham,1551.5,1571.56,0.6131,A,H,0.0
2021-10-17,Newcastle,Tottenham,1420.55,1541.29,0.4702,A,A,1.0
2021-10-17,Leverkusen,Bayern Munich,1598.11,1732.4,0.4508,A,A,1.0
2021-10-17,Augsburg,Bielefeld,1366.09,1400.18,0.5937,D,H,
2021-10-17,Bordeaux,Nantes,1414.68,1479.17,0.5509,D,H,
2021-10-17,Juventus,Roma,1669.48,1561.63,0.7679,H,H,1.0
2021-10-17,Brest,Reims,1350.67,1464.66,0.4799,D,A,
2021-10-17,Barcelona,Valencia,1658.3,1496.07,0.819,H,H,1.0
2021-10-17,Villarreal,Osasuna,1594.88,1505.14,0.7488,A,H,0.0
2021-10-17,Montpellier,Lens,1500.67,1595.19,0.5079,H,H,1.0
2021-10-17,Cagliari,Sampdoria,1375.29,1502.36,0.4611,H,A,0.0
2021-10-17,Empoli,Atalanta,1478.86,1655.54,0.3914,A,A,1.0
2021-10-17,Genoa,Sassuolo,1441.1,1524.97,0.5232,D,H,
2021-10-17,Udinese,Bologna,1423.89,1467.31,0.5807,D,H,
2021-10-17,Troyes,Nice,1447.34,1578.97,0.4546,H,A,0.0
2021-10-17,Napoli,Torino,1775.35,1448.9,0.9209,H,H,1.0
2021-10-17,Metz,Rennes,1387.5,1533.42,0.4343,A,A,1.0
2021-10-17,Strasbourg,St Etienne,1463.17,1398.66,0.7205,H,H,1.0
2021-10-17,Vallecano,Elche,1526.17,1430.33,0.7554,H,H,1.0
2021-10-17,Celta,Sevilla,1478.81,1645.32,0.4054,A,A,1.0
2021-10-18,Arsenal,Crystal Palace,1583.91,1436.05,0.8064,D,H,
2021-10-18,Espanol,Cadiz,1513.26,1414.57,0.7584,H,H,1.0
2021-10-18,Venezia,Fiorentina,1456.34,1518.21,0.5546,H,H,1.0
2021-10-18,Alaves,Betis,1369.64,1585.63,0.339,A,A,1.0
2021-10-22,Torino,Genoa,1445.61,1440.35,0.647,H,H,1.0
2021-10-22,Mainz,Augsburg,1512.26,1363.09,0.8076,H,H,1.0
2021-10-22,St Etienne,Angers,1383.47,1461.83,0.5311,D,H,
2021-10-22,Arsenal,Aston Villa,1574.11,1503.59,0.7274,H,H,1.0
2021-10-22,Sampdoria,Spezia,1476.89,1399.85,0.7348,H,H,1.0
2021-10-22,Osasuna,Granada,1536.31,1406.02,0.7901,D,H,
2021-10-23,Southampton,Burnley,1399.73,1354.93,0.6971,D,H,
2021-10-23,Sassuolo,Venezia,1525.71,1474.88,0.7044,H,H,1.0
2021-10-23,Bayern Munich,Hoffenheim,1756.91,1509.17,0.881,H,H,1.0
2021-10-23,Bielefeld,Dortmund,1403.18,1675.99,0.27,A,A,1.0
2021-10-23,RB Leipzig,Greuther Furth,1581.93,1374.92,0.8541,H,H,1.0
2021-10-23,Wolfsburg,Freiburg,1560.18,1557.2,0.644,A,H,0.0
2021-10-23,Hertha,M'gladbach,1445.68,1532.17,0.5194,H,H,1.0
2021-10-23,Elche,Espanol,1420.14,1524.69,0.4935,D,A,
2021-10-23,Brighton,Man City,1521.01,1736.24,0.34,A,A,1.0
2021-10-23,Lille,Brest,1646.88,1351.32,0.907,D,H,
2021-10-23,Nantes,Clermont,1480.8,1506.08,0.6059,H,H,1.0
2021-10-23,Ath Bilbao,Villarreal,1527.04,1563.71,0.5902,H,H,1.0
2021-10-23,Salernitana,Empoli,1399.88,1458.8,0.5588,A,H,0.0
2021-10-23,Chelsea,Norwich,1682.22,1400.03,0.9003,H,H,1.0
2021-10-23,Crystal Palace,Newcastle,1445.86,1400.97,0.6972,D,H,
2021-10-23,Everton,Watford,1525.98,1441.3,0.7433,A,H,0.0
2021-10-23,Leeds,Wolves,1498.91,1464.4,0.6845,D,H,
2021-10-23,Bologna,Milan,1469.89,1752.7,0.2588,A,A,1.0
2021-10-23,Valencia,Mallorca,1487.52,1479.22,0.651,D,H,
2021-10-23,Cadiz,Alaves,1403.15,1355.52,0.7005,A,H,0.0
2021-10-24,Sevilla,Levante,1662.2,1370.16,0.9052,H,H,1.0
2021-10-24,Rennes,Strasbourg,1555.68,1478.37,0.7351,H,H,1.0
2021-10-24,Monaco,Montpellier,1617.98,1521.16,0.7564,H,H,1.0
2021-10-24,Barcelona,Real Madrid,1666.86,1738.35,0.5409,A,H,0.0
2021-10-24,Reims,Troyes,1464.02,1470.05,0.632,A,H,0.0
2021-10-24,Lorient,Bordeaux,1520.66,1413.05,0.7677,D,H,
2021-10-24,Lens,Metz,1574.7,1365.23,0.8559,H,H,1.0
2021-10-24,Nice,Lyon,1556.26,1629.01,0.5391,H,H,1.0
2021-10-24,Man United,Liverpool,1624.56,1704.88,0.5283,A,H,0.0
2021-10-24,West Ham,Tottenham,1597.09,1560.86,0.6866,H,H,1.0
2021-10-24,Brentford,Leicester,1535.46,1536.72,0.6384,A,H,0.0
2021-10-24,Marseille,Paris SG,1580.03,1744.72,0.408,D,A,
2021-10-24,Betis,Vallecano,1599.75,1536.36,0.7192,H,H,1.0
2021-10-24,Stuttgart,Union Berlin,1471.52,1588.33,0.4758,D,A,
2021-10-24,Atalanta,Udinese,1675.61,1421.31,0.8849,D,H,
2021-10-24,Bochum,Ein Frankfurt,1457.97,1556.23,0.5025,H,H,1.0
2021-10-24,FC Koln,Leverkusen,1458.92,1573.61,0.4789,D,A,
2021-10-24,Fiorentina,Cagliari,1499.67,1400.76,0.7586,H,H,1.0
2021-10-24,Verona,Lazio,1423.33,1592.37,0.4019,H,A,0.0
2021-10-24,Roma,Napoli,1551.97,1778.64,0.3254,D,A,
2021-10-24,Inter,Juventus,1757.96,1679.14,0.7368,D,H,
2021-10-24,Ath Madrid,Sociedad,1702.07,1613.48,0.7476,D,H,
2021-10-25,Getafe,Celta,1341.34,1461.93,0.4704,A,A,1.0
2021-10-26,Spezia,Genoa,1388.8,1425.66,0.5899,D,H,
2021-10-26,Venezia,Salernitana,1460.91,1373.46,0.7463,A,H,0.0
2021-10-26,Milan,Torino,1764.93,1460.31,0.9113,H,H,1.0
2021-10-26,Espanol,Ath Bilbao,1524.48,1544.11,0.6136,D,H,
2021-10-26,Villarreal,Cadiz,1546.64,1370.04,0.8309,D,H,
2021-10-26,Alaves,Elche,1388.64,1420.35,0.597,H,H,1.0
2021-10-27,Juventus,Sassuolo,1686.72,1539.68,0.8057,A,H,0.0
2021-10-27,Cagliari,Roma,1388.39,1557.56,0.4018,A,A,1.0
2021-10-27,Empoli,Inter,1485.21,1750.39,0.2787,A,A,1.0
2021-10-27,Lazio,Fiorentina,1561.71,1512.05,0.703,H,H,1.0
2021-10-27,Real Madrid,Osasuna,1760.87,1527.03,0.8723,D,H,
2021-10-27,Betis,Valencia,1611.44,1482.68,0.7886,H,H,1.0
2021-10-27,Mallorca,Sevilla,1484.05,1666.68,0.3833,D,A,
2021-10-27,Sampdoria,Atalanta,1487.93,1663.29,0.3932,A,A,1.0
2021-10-27,Udinese,Verona,1433.62,1453.99,0.6126,D,H,
2021-10-27,Vallecano,Barcelona,1524.67,1644.34,0.4717,H,A,0.0
2021-10-27,Nice,Marseille,1575.45,1582.97,0.63,D,H,
2021-10-28,Napoli,Bologna,1773.05,1457.66,0.9162,H,H,1.0
2021-10-28,Celta,Sociedad,1486.05,1621.4,0.4493,A,A,1.0
2021-10-28,Granada,Getafe,1415.3,1317.23,0.7577,D,H,
2021-10-28,Levante,Ath Madrid,1365.68,1694.15,0.2116,D,A,
2021-10-29,Hoffenheim,Hertha,1502.7,1465.68,0.6876,H,H,1.0
2021-10-29,Paris SG,Lille,1741.78,1633.86,0.768,H,H,1.0
2021-10-30,Leicester,Arsenal,1563.3,1586.99,0.6081,A,H,0.0
2021-10-30,Barcelona,Alaves,1622.35,1405.41,0.8611,D,H,
2021-10-30,Valencia,Villarreal,1471.85,1536.05,0.5513,H,H,1.0
2021-10-30,Elche,Real Madrid,1403.57,1748.95,0.1958,A,A,1.0
2021-10-30,Bielefeld,Mainz,1390.42,1522.12,0.4545,A,A,1.0
2021-10-30,Ein Frankfurt,RB Leipzig,1532.72,1589.41,0.562,D,H,
2021-10-30,Union Berlin,Bayern Munich,1587.56,1763.38,0.3926,A,A,1.0
2021-10-30,Leverkusen,Wolfsburg,1572.93,1529.74,0.6951,A,H,0.0
2021-10-30,Freiburg,Greuther Furth,1587.64,1367.44,0.8633,H,H,1.0
2021-10-30,Dortmund,FC Koln,1688.75,1459.59,0.8693,H,H,1.0
2021-10-30,Sevilla,Osasuna,1662.95,1538.94,0.7841,H,H,1.0
2021-10-30,Lyon,Lens,1609.82,1582.09,0.676,H,H,1.0
2021-10-30,Burnley,Brentford,1361.24,1508.88,0.4319,H,A,0.0
2021-10-30,Metz,St Etienne,1357.84,1382.47,0.6068,D,H,
2021-10-30,Liverpool,Brighton,1734.94,1503.58,0.8707,D,H,
2021-10-30,Man City,Crystal Palace,1753.67,1439.55,0.9156,A,H,0.0
2021-10-30,Newcastle,Chelsea,1407.28,1688.29,0.2608,A,A,1.0
2021-10-30,Watford,Southampton,1479.4,1393.42,0.7447,A,H,0.0
2021-10-30,Atalanta,Lazio,1681.88,1574.07,0.7679,D,H,
2021-10-30,Verona,Juventus,1457.6,1653.18,0.3658,H,A,0.0
2021-10-30,Tottenham,Man United,1547.81,1594.5,0.5761,A,H,0.0
2021-10-30,Torino,Sampdoria,1456.61,1469.34,0.623,H,H,1.0
2021-10-31,Augsburg,Stuttgart,1353.22,1472.29,0.4726,H,A,0.0
2021-10-31,M'gladbach,Bochum,1512.16,1481.49,0.6797,H,H,1.0
2021-10-31,Roma,Milan,1574.28,1768.63,0.3675,A,A,1.0
2021-10-31,Salernitana,Napoli,1404.53,1777.35,0.1721,A,A,1.0
2021-10-31,Sassuolo,Empoli,1573.22,1472.04,0.761,A,H,0.0
2021-10-31,Bordeaux,Reims,1421.61,1437.71,0.6185,H,H,1.0
2021-10-31,Strasbourg,Lorient,1467.34,1512.1,0.5788,H,H,1.0
2021-10-31,Inter,Udinese,1763.56,1430.02,0.9238,H,H,1.0
2021-10-31,Cadiz,Mallorca,1380.63,1487.78,0.4897,D,A,
2021-10-31,Ath Madrid,Betis,1684.92,1622.27,0.7183,H,H,1.0
2021-10-31,Getafe,Espanol,1325.48,1520.84,0.3661,H,A,0.0
2021-10-31,Sociedad,Ath Bilbao,1642.64,1547.74,0.7543,D,H,
2021-10-31,Clermont,Marseille,1489.67,1587.13,0.5036,A,H,0.0
2021-10-31,Brest,Monaco,1364.34,1629.49,0.2787,H,A,0.0
2021-10-31,Troyes,Rennes,1496.36,1566.71,0.5426,D,H,
2021-10-31,Angers,Nice,1462.83,1571.29,0.4878,A,A,1.0
2021-10-31,Genoa,Venezia,1428.53,1429.84,0.6383,D,H,
2021-10-31,Fiorentina,Spezia,1499.68,1385.93,0.7739,H,H,1.0
2021-10-31,Montpellier,Nantes,1509.64,1497.21,0.6564,H,H,1.0
2021-10-31,Aston Villa,West Ham,1490.7,1610.13,0.4721,A,A,1.0
2021-10-31,Norwich,Leeds,1393.96,1493.01,0.5014,A,H,0.0
2021-11-01,Levante,Granada,1374.91,1407.05,0.5964,A,H,0.0
2021-11-01,Wolves,Everton,1470.3,1487.87,0.6165,H,H,1.0
2021-11-01,Vallecano,Celta,1546.66,1464.81,0.7402,D,H,
2021-11-01,Bologna,Cagliari,1453.36,1371.66,0.74,H,H,1.0
2021-11-05,Ath Bilbao,Cadiz,1555.88,1380.96,0.8296,A,H,0.0
2021-11-05,Southampton,Aston Villa,1424.42,1466.5,0.5826,H,H,1.0
2021-11-05,Lens,Troyes,1568.6,1495.0,0.7309,H,H,1.0
2021-11-05,Mainz,M'gladbach,1541.05,1525.5,0.6604,D,H,
2021-11-05,Empoli,Genoa,1503.72,1424.11,0.7377,D,H,
2021-11-06,Cagliari,Atalanta,1359.37,1673.3,0.2259,A,A,1.0
2021-11-06,Espanol,Granada,1494.45,1437.63,0.7115,H,H,1.0
2021-11-06,Celta,Barcelona,1472.5,1610.79,0.4451,D,A,
2021-11-06,Alaves,Levante,1416.97,1344.33,0.7298,H,H,1.0
2021-11-06,Real Madrid,Vallecano,1757.11,1538.98,0.8619,H,H,1.0
2021-11-06,Brighton,Newcastle,1515.45,1393.92,0.7816,D,H,
2021-11-06,Crystal Palace,Wolves,1482.82,1486.27,0.6355,H,H,1.0
2021-11-06,Juventus,Fiorentina,1626.77,1511.27,0.7757,H,H,1.0
2021-11-06,Chelsea,Burnley,1701.66,1388.1,0.9153,D,H,
2021-11-06,Stuttgart,Bielefeld,1445.26,1371.49,0.7311,A,H,0.0
2021-11-06,Spezia,Torino,1374.34,1475.94,0.4977,H,A,0.0
2021-11-06,Man United,Man City,1624.04,1710.4,0.5196,A,H,0.0
2021-11-06,Bordeaux,Paris SG,1437.5,1751.44,0.2259,A,A,1.0
2021-11-06,Lille,Angers,1624.2,1442.52,0.835,D,H,
2021-11-06,Brentford,Norwich,1482.03,1373.09,0.769,A,H,0.0
2021-11-06,RB Leipzig,Dortmund,1591.4,1694.93,0.4949,H,A,0.0
2021-11-06,Wolfsburg,Augsburg,1562.6,1380.26,0.8355,H,H,1.0
2021-11-06,Bayern Munich,Freiburg,1783.51,1594.1,0.841,H,H,1.0
2021-11-06,Bochum,Hoffenheim,1468.15,1517.47,0.5724,H,H,1.0
2021-11-07,Mallorca,Elche,1487.46,1395.42,0.7513,D,H,
2021-11-07,Osasuna,Sociedad,1528.74,1634.5,0.4917,A,A,1.0
2021-11-07,Betis,Sevilla,1607.83,1673.15,0.5497,A,H,0.0
2021-11-07,Arsenal,Watford,1615.73,1448.4,0.8233,H,H,1.0
2021-11-07,Venezia,Roma,1434.26,1558.99,0.4645,H,A,0.0
2021-11-07,Valencia,Ath Madrid,1493.06,1699.36,0.3516,D,A,
2021-11-07,Villarreal,Getafe,1514.85,1351.87,0.8196,H,H,1.0
2021-11-07,Lorient,Brest,1489.2,1398.43,0.7499,A,H,0.0
2021-11-07,Lazio,Salernitana,1582.64,1397.37,0.8378,H,H,1.0
2021-11-07,Greuther Furth,Ein Frankfurt,1360.98,1530.73,0.4009,A,A,1.0
2021-11-07,Everton,Tottenham,1471.9,1518.28,0.5766,D,H,
2021-11-07,Marseille,Metz,1608.1,1354.43,0.8845,D,H,
2021-11-07,Nantes,Strasbourg,1480.97,1490.24,0.6277,D,H,
2021-11-07,Leeds,Leicester,1513.88,1534.55,0.6122,D,H,
2021-11-07,West Ham,Liverpool,1634.33,1723.08,0.5162,H,H,1.0
2021-11-07,Reims,Monaco,1421.82,1595.4,0.3957,D,A,
2021-11-07,St Etienne,Clermont,1385.89,1468.7,0.5247,H,H,1.0
2021-11-07,Nice,Montpellier,1591.6,1525.89,0.7219,A,H,0.0
2021-11-07,Rennes,Lyon,1568.07,1623.31,0.5641,H,H,1.0
2021-11-07,Milan,Inter,1783.93,1767.16,0.662,D,H,
2021-11-07,Napoli,Verona,1784.52,1484.0,0.9093,D,H,
2021-11-07,Udinese,Sassuolo,1426.42,1541.54,0.4783,H,A,0.0
2021-11-07,Sampdoria,Bologna,1450.01,1465.65,0.6191,A,H,0.0
2021-11-07,FC Koln,Union Berlin,1453.42,1567.43,0.4798,D,A,
2021-11-07,Hertha,Leverkusen,1450.91,1540.07,0.5156,D,H,
2021-11-19,Monaco,Lille,1592.06,1613.48,0.6112,D,H,
2021-11-19,Augsburg,Bayern Munich,1373.41,1790.13,0.1391,H,A,0.0
2021-11-19,Levante,Ath Bilbao,1333.08,1521.34,0.3756,D,A,
2021-11-20,Liverpool,Arsenal,1702.94,1623.09,0.7379,H,H,1.0
2021-11-20,Leicester,Chelsea,1538.14,1688.37,0.4282,A,A,1.0
2021-11-20,Aston Villa,Brighton,1449.12,1506.44,0.5611,H,H,1.0
2021-11-20,Burnley,Crystal Palace,1401.39,1500.05,0.5019,D,H,
2021-11-20,Newcastle,Brentford,1402.93,1450.01,0.5756,D,H,
2021-11-20,Norwich,Southampton,1405.1,1441.8,0.5901,H,H,1.0
2021-11-20,Paris SG,Nantes,1760.84,1476.88,0.9012,H,H,1.0
2021-11-20,Rennes,Montpellier,1590.42,1555.94,0.6844,H,H,1.0
2021-11-20,Wolves,West Ham,1469.04,1654.48,0.3795,H,A,0.0
2021-11-20,Watford,Man United,1441.04,1599.48,0.4167,H,A,0.0
2021-11-20,Sevilla,Alaves,1699.14,1428.22,0.8943,D,H,
2021-11-20,Hoffenheim,RB Leipzig,1497.26,1612.43,0.4782,H,A,0.0
2021-11-20,Fiorentina,Milan,1501.93,1778.74,0.2655,H,A,0.0
2021-11-20,Lazio,Juventus,1590.96,1636.11,0.5783,A,H,0.0
2021-11-20,Atalanta,Spezia,1682.71,1395.25,0.9029,H,H,1.0
2021-11-20,Bielefeld,Wolfsburg,1401.93,1569.45,0.404,D,A,
2021-11-20,Leverkusen,Bochum,1540.57,1488.36,0.706,H,H,1.0
2021-11-20,Celta,Villarreal,1474.25,1522.36,0.5741,D,H,
2021-11-20,Ath Madrid,Osasuna,1694.61,1505.49,0.8408,H,H,1.0
2021-11-20,Barcelona,Espanol,1609.03,1508.09,0.7607,H,H,1.0
2021-11-20,Union Berlin,Hertha,1566.79,1450.42,0.7765,H,H,1.0
2021-11-20,M'gladbach,Greuther Furth,1530.63,1344.29,0.8387,H,H,1.0
2021-11-20,Dortmund,Stuttgart,1673.9,1414.82,0.8877,H,H,1.0
2021-11-21,Metz,Bordeaux,1366.73,1428.09,0.5554,D,H,
2021-11-21,Genoa,Roma,1431.71,1536.69,0.4928,A,A,1.0
2021-11-21,Inter,Napoli,1772.35,1771.42,0.6413,H,H,1.0
2021-11-21,Freiburg,Ein Frankfurt,1587.48,1547.43,0.6913,A,H,0.0
2021-11-21,Mainz,FC Koln,1535.91,1454.06,0.7402,D,H,
2021-11-21,Salernitana,Sampdoria,1389.05,1424.24,0.5922,A,H,0.0
2021-11-21,Bologna,Venezia,1491.42,1456.56,0.6849,A,H,0.0
2021-11-21,Sociedad,Valencia,1657.74,1497.81,0.817,D,H,
2021-11-21,Strasbourg,Reims,1494.32,1425.16,0.7259,D,H,
2021-11-21,Sassuolo,Cagliari,1519.82,1349.97,0.8254,D,H,
2021-11-21,Tottenham,Leeds,1520.73,1510.29,0.6538,H,H,1.0
2021-11-21,Man City,Everton,1734.96,1469.45,0.8913,H,H,1.0
2021-11-21,Troyes,St Etienne,1480.37,1405.68,0.7322,A,H,0.0
2021-11-21,Clermont,Nice,1448.91,1561.54,0.4818,A,A,1.0
2021-11-21,Brest,Lens,1429.65,1583.23,0.4235,H,A,0.0
2021-11-21,Getafe,Cadiz,1344.36,1415.5,0.5414,H,H,1.0
2021-11-21,Granada,Real Madrid,1423.99,1762.85,0.2018,A,A,1.0
2021-11-21,Elche,Betis,1403.46,1581.85,0.3891,A,A,1.0
2021-11-21,Angers,Lorient,1453.24,1457.98,0.6338,H,H,1.0
2021-11-22,Verona,Empoli,1497.1,1496.12,0.6414,H,H,1.0
2021-11-22,Torino,Udinese,1455.03,1448.14,0.6491,H,H,1.0
2021-11-22,Vallecano,Mallorca,1533.23,1479.41,0.7079,H,H,1.0
2021-11-26,Cagliari,Salernitana,1360.38,1361.06,0.6392,D,H,
2021-11-26,Stuttgart,Mainz,1410.14,1528.23,0.474,H,A,0.0
2021-11-26,Lens,Angers,1551.89,1468.49,0.7419,D,H,
2021-11-26,Ath Bilbao,Granada,1517.37,1413.65,0.7636,D,H,
2021-11-27,Sampdoria,Verona,1452.23,1512.03,0.5576,H,H,1.0
2021-11-27,Venezia,Inter,1485.07,1787.28,0.2379,A,A,1.0
2021-11-27,Juventus,Atalanta,1663.45,1687.69,0.6073,A,H,0.0
2021-11-27,Empoli,Fiorentina,1481.18,1532.51,0.5696,H,H,1.0
2021-11-27,Brighton,Leeds,1485.69,1495.88,0.6264,D,H,
2021-11-27,Liverpool,Southampton,1717.19,1424.74,0.9054,H,H,1.0
2021-11-27,Crystal Palace,Aston Villa,1500.11,1469.87,0.6791,A,H,0.0
2021-11-27,Arsenal,Newcastle,1608.84,1400.51,0.8551,H,H,1.0
2021-11-27,Alaves,Celta,1440.83,1471.88,0.5979,A,H,0.0
2021-11-27,Valencia,Vallecano,1507.95,1547.03,0.5868,D,H,
2021-11-27,Mallorca,Getafe,1465.61,1369.29,0.7559,D,H,
2021-11-27,Villarreal,Barcelona,1524.73,1618.99,0.5083,A,H,0.0
2021-11-27,Norwich,Wolves,1422.17,1494.88,0.5392,D,H,
2021-11-27,Wolfsburg,Dortmund,1566.38,1678.58,0.4824,A,A,1.0
2021-11-27,Lille,Nantes,1617.04,1472.21,0.8037,D,H,
2021-11-27,Bayern Munich,Bielefeld,1754.28,1405.0,0.93,H,H,1.0
2021-11-27,Bochum,Freiburg,1476.12,1554.81,0.5306,H,H,1.0
2021-11-27,FC Koln,M'gladbach,1461.75,1539.4,0.5321,H,H,1.0
2021-11-27,Greuther Furth,Hoffenheim,1335.52,1521.92,0.3782,A,A,1.0
2021-11-27,Hertha,Augsburg,1439.85,1409.26,0.6796,D,H,
2021-11-27,Nice,Metz,1581.6,1364.96,0.8609,A,H,0.0
2021-11-28,Reims,Clermont,1432.39,1428.85,0.6447,H,H,1.0
2021-11-28,Montpellier,Lyon,1541.02,1600.96,0.5574,A,H,0.0
2021-11-28,Marseille,Troyes,1595.8,1449.89,0.8046,H,H,1.0
2021-11-28,Man City,West Ham,1740.53,1628.64,0.772,H,H,1.0
2021-11-28,Monaco,Strasbourg,1588.5,1487.09,0.7612,D,H,
2021-11-28,RB Leipzig,Leverkusen,1587.76,1552.81,0.685,A,H,0.0
2021-11-28,Udinese,Genoa,1433.53,1408.42,0.6727,D,H,
2021-11-28,Milan,Sassuolo,1748.16,1509.41,0.8755,A,H,0.0
2021-11-28,Spezia,Bologna,1390.27,1462.91,0.5393,A,H,0.0
2021-11-28,Ein Frankfurt,Union Berlin,1580.1,1577.35,0.6437,H,H,1.0
2021-11-28,Lorient,Rennes,1442.73,1605.34,0.4109,A,A,1.0
2021-11-28,Napoli,Lazio,1756.49,1563.62,0.8437,H,H,1.0
2021-11-28,Chelsea,Man United,1710.32,1569.57,0.7999,D,H,
2021-11-28,Roma,Torino,1559.99,1469.63,0.7495,H,H,1.0
2021-11-28,Leicester,Watford,1516.19,1470.95,0.6976,H,H,1.0
2021-11-28,Brentford,Everton,1452.43,1463.88,0.6247,H,H,1.0
2021-11-28,St Etienne,Paris SG,1436.16,1765.52,0.2108,A,A,1.0
2021-11-28,Bordeaux,Brest,1429.86,1460.99,0.5978,A,H,0.0
2021-11-28,Betis,Levante,1601.79,1337.06,0.8909,H,H,1.0
2021-11-28,Espanol,Sociedad,1498.12,1647.6,0.4293,H,A,0.0
2021-11-28,Cadiz,Ath Madrid,1390.57,1701.24,0.2292,A,A,1.0
2021-11-28,Real Madrid,Sevilla,1773.2,1686.52,0.7455,H,H,1.0
2021-11-29,Osasuna,Elche,1498.87,1383.52,0.7755,D,H,
2021-11-30,Fiorentina,Sampdoria,1514.6,1473.14,0.693,H,H,1.0
2021-11-30,Atalanta,Venezia,1712.97,1473.83,0.8757,H,H,1.0
2021-11-30,Verona,Cagliari,1491.12,1355.93,0.7948,D,H,
2021-11-30,Salernitana,Juventus,1365.51,1638.16,0.2702,A,A,1.0
2021-11-30,Leeds,Crystal Palace,1499.92,1471.84,0.6764,H,H,1.0
2021-11-30,Newcastle,Norwich,1393.66,1420.91,0.6032,D,H,
2021-12-01,Rennes,Lille,1624.76,1607.32,0.6629,A,H,0.0
2021-12-01,Brest,St Etienne,1485.88,1426.2,0.7149,H,H,1.0
2021-12-01,Angers,Monaco,1476.23,1580.14,0.4944,A,A,1.0
2021-12-01,Everton,Liverpool,1448.26,1722.33,0.2685,A,A,1.0
2021-12-01,Sassuolo,Napoli,1550.79,1764.98,0.3413,D,A,
2021-12-01,Metz,Montpellier,1400.8,1517.82,0.4755,A,A,1.0
2021-12-01,Southampton,Leicester,1419.59,1530.48,0.4843,D,A,
2021-12-01,Nantes,Marseille,1481.93,1603.93,0.4684,A,A,1.0
2021-12-01,Paris SG,Nice,1775.48,1545.76,0.8697,D,H,
2021-12-01,Troyes,Lorient,1441.75,1423.31,0.6641,H,H,1.0
2021-12-01,Genoa,Milan,1413.94,1706.78,0.2479,A,A,1.0
2021-12-01,Real Madrid,Ath Bilbao,1783.8,1508.93,0.8964,H,H,1.0
2021-12-01,Lyon,Reims,1624.17,1447.18,0.8312,A,H,0.0
2021-12-01,Strasbourg,Bordeaux,1495.45,1404.97,0.7496,H,H,1.0
2021-12-01,Clermont,Lens,1414.06,1544.15,0.4568,D,A,
2021-12-01,West Ham,Brighton,1619.15,1481.64,0.7969,D,H,
2021-12-01,Wolves,Burnley,1496.13,1401.32,0.7542,D,H,
2021-12-01,Aston Villa,Man City,1498.14,1750.02,0.2944,A,A,1.0
2021-12-01,Bologna,Roma,1485.36,1570.42,0.5215,H,H,1.0
2021-12-01,Inter,Spezia,1798.53,1367.82,0.955,H,H,1.0
2021-12-01,Watford,Chelsea,1456.66,1700.72,0.3038,A,A,1.0
2021-12-02,Tottenham,Brentford,1535.14,1468.05,0.7235,H,H,1.0
2021-12-02,Man United,Arsenal,1579.17,1615.69,0.5904,H,H,1.0
2021-12-02,Lazio,Udinese,1555.12,1428.01,0.7871,D,H,
2021-12-02,Torino,Empoli,1459.2,1499.1,0.5856,D,H,
2021-12-03,Union Berlin,RB Leipzig,1562.52,1555.38,0.6495,H,H,1.0
2021-12-03,Granada,Alaves,1422.08,1415.94,0.6482,H,H,1.0
2021-12-04,Marseille,Brest,1623.43,1497.75,0.7857,A,H,0.0
2021-12-04,Lille,Troyes,1634.92,1457.63,0.8315,H,H,1.0
2021-12-04,Dortmund,Bayern Munich,1701.38,1757.2,0.5632,A,H,0.0
2021-12-04,Mainz,Wolfsburg,1506.33,1543.57,0.5893,H,H,1.0
2021-12-04,Lens,Paris SG,1542.76,1763.65,0.3327,D,A,
2021-12-04,Leverkusen,Greuther Furth,1585.19,1316.13,0.8933,H,H,1.0
2021-12-04,West Ham,Chelsea,1609.65,1713.37,0.4946,H,A,0.0
2021-12-04,Bielefeld,FC Koln,1402.09,1485.73,0.5235,D,H,
2021-12-04,Newcastle,Burnley,1390.36,1409.46,0.6144,H,H,1.0
2021-12-04,Southampton,Brighton,1420.1,1491.15,0.5416,D,H,
2021-12-04,Wolves,Liverpool,1487.99,1736.09,0.2989,A,A,1.0
2021-12-04,Watford,Man City,1444.01,1762.28,0.2216,A,A,1.0
2021-12-04,Sevilla,Villarreal,1675.92,1500.7,0.8298,H,H,1.0
2021-12-04,Barcelona,Betis,1643.02,1606.95,0.6864,A,H,0.0
2021-12-04,Hoffenheim,Ein Frankfurt,1541.31,1594.94,0.5663,H,H,1.0
2021-12-04,Sociedad,Real Madrid,1623.83,1788.11,0.4085,A,A,1.0
2021-12-04,Ath Madrid,Mallorca,1712.99,1457.42,0.8856,A,H,0.0
2021-12-04,Roma,Inter,1550.49,1800.65,0.2964,A,A,1.0
2021-12-04,Napoli,Atalanta,1759.91,1719.73,0.6915,A,H,0.0
2021-12-04,Milan,Salernitana,1719.49,1352.74,0.9362,H,H,1.0
2021-12-04,Augsburg,Bochum,1415.0,1495.66,0.5278,A,H,0.0
2021-12-05,Bordeaux,Lyon,1392.14,1589.56,0.3634,D,A,
2021-12-05,Nice,Strasbourg,1557.59,1508.29,0.7025,A,H,0.0
2021-12-05,Reims,Angers,1481.79,1452.86,0.6775,A,H,0.0
2021-12-05,Montpellier,Clermont,1540.29,1415.44,0.7849,H,H,1.0
2021-12-05,Monaco,Metz,1603.51,1378.32,0.8667,H,H,1.0
2021-12-05,Lorient,Nantes,1407.43,1462.43,0.5644,A,H,0.0
2021-12-05,St Etienne,Rennes,1414.33,1597.16,0.383,A,A,1.0
2021-12-05,Juventus,Genoa,1650.93,1401.24,0.8822,H,H,1.0
2021-12-05,Venezia,Verona,1467.07,1481.68,0.6205,A,H,0.0
2021-12-05,Spezia,Sassuolo,1365.69,1555.86,0.3731,D,A,
2021-12-05,Bologna,Fiorentina,1505.28,1529.11,0.6079,A,H,0.0
2021-12-05,Tottenham,Norwich,1548.21,1424.22,0.7841,H,H,1.0
2021-12-05,Aston Villa,Leicester,1485.89,1529.98,0.5798,H,H,1.0
2021-12-05,Sampdoria,Lazio,1458.63,1545.94,0.5183,A,H,0.0
2021-12-05,Man United,Crystal Palace,1596.23,1458.37,0.7973,H,H,1.0
2021-12-05,Leeds,Brentford,1513.39,1454.98,0.7134,D,H,
2021-12-05,Celta,Valencia,1496.78,1505.17,0.6289,A,H,0.0
2021-12-05,Levante,Osasuna,1331.9,1490.05,0.4171,D,A,
2021-12-05,Stuttgart,Hertha,1432.04,1434.11,0.6373,D,H,
2021-12-05,M'gladbach,Freiburg,1515.41,1535.26,0.6133,A,H,0.0
2021-12-05,Elche,Cadiz,1392.33,1378.81,0.6578,H,H,1.0
2021-12-05,Vallecano,Espanol,1549.81,1521.89,0.6762,H,H,1.0
2021-12-06,Everton,Arsenal,1434.49,1598.64,0.4087,H,A,0.0
2021-12-06,Getafe,Ath Bilbao,1377.48,1504.62,0.461,D,A,
2021-12-06,Cagliari,Torino,1365.36,1456.46,0.5128,D,H,
2021-12-06,Empoli,Udinese,1501.84,1437.2,0.7207,H,H,1.0
2021-12-10,Mallorca,Celta,1494.29,1470.59,0.6709,D,H,
2021-12-10,FC Koln,Augsburg,1486.49,1393.03,0.7528,A,H,0.0
2021-12-10,Nantes,Lens,1485.93,1548.12,0.5542,H,H,1.0
2021-12-10,Genoa,Sampdoria,1395.67,1434.14,0.5876,A,H,0.0
2021-12-10,Brentford,Watford,1461.81,1433.53,0.6767,H,H,1.0
2021-12-11,Brest,Montpellier,1530.46,1549.25,0.6148,A,H,0.0
2021-12-11,Fiorentina,Salernitana,1554.41,1349.73,0.8524,H,H,1.0
2021-12-11,Bochum,Dortmund,1517.64,1677.93,0.4141,D,A,
2021-12-11,Freiburg,Hoffenheim,1571.48,1559.36,0.656,A,H,0.0
2021-12-11,Ath Bilbao,Sevilla,1503.37,1683.01,0.3874,A,A,1.0
2021-12-11,Valencia,Elche,1531.35,1408.51,0.7829,H,H,1.0
2021-12-11,Alaves,Getafe,1401.29,1378.72,0.6694,D,H,
2021-12-11,Espanol,Levante,1508.41,1334.56,0.8287,H,H,1.0
2021-12-11,Venezia,Juventus,1441.24,1656.5,0.3399,D,A,
2021-12-11,Udinese,Milan,1423.99,1722.5,0.2418,D,A,
2021-12-11,Reims,St Etienne,1453.58,1392.53,0.7165,H,H,1.0
2021-12-11,RB Leipzig,M'gladbach,1540.79,1479.2,0.7171,H,H,1.0
2021-12-11,Bayern Munich,Mainz,1780.65,1527.38,0.8843,H,H,1.0
2021-12-11,Hertha,Bielefeld,1438.5,1401.33,0.6877,H,H,1.0
2021-12-11,Wolfsburg,Stuttgart,1522.52,1427.65,0.7543,A,H,0.0
2021-12-11,Norwich,Man United,1413.14,1604.67,0.3713,A,A,1.0
2021-12-11,Liverpool,Aston Villa,1748.54,1503.38,0.8794,H,H,1.0
2021-12-11,Chelsea,Leeds,1692.33,1506.57,0.8382,H,H,1.0
2021-12-11,Arsenal,Southampton,1574.02,1418.77,0.813,H,H,1.0
2021-12-11,Man City,Wolves,1772.75,1475.55,0.9078,H,H,1.0
2021-12-12,Leicester,Newcastle,1512.49,1406.41,0.7661,H,H,1.0
2021-12-12,Crystal Palace,Everton,1449.93,1459.11,0.6278,H,H,1.0
2021-12-12,Paris SG,Monaco,1758.3,1610.76,0.8061,H,H,1.0
2021-12-12,Real Madrid,Ath Madrid,1807.42,1676.12,0.7911,H,H,1.0
2021-12-12,Betis,Sociedad,1635.53,1604.52,0.6801,H,H,1.0
2021-12-12,Osasuna,Barcelona,1487.4,1614.44,0.4612,D,A,
2021-12-12,Villarreal,Vallecano,1493.62,1563.29,0.5435,H,H,1.0
2021-12-12,Greuther Furth,Union Berlin,1309.83,1577.11,0.2763,H,A,0.0
2021-12-12,Ein Frankfurt,Leverkusen,1576.88,1591.49,0.6205,H,H,1.0
2021-12-12,Strasbourg,Marseille,1544.31,1590.72,0.5765,A,H,0.0
2021-12-12,Burnley,West Ham,1393.41,1630.69,0.3121,D,A,
2021-12-12,Rennes,Nice,1618.96,1521.58,0.757,A,H,0.0
2021-12-12,Inter,Cagliari,1815.85,1364.95,0.9597,H,H,1.0
2021-12-12,Sassuolo,Lazio,1551.8,1570.44,0.615,H,H,1.0
2021-12-12,Napoli,Empoli,1731.12,1515.05,0.8605,A,H,0.0
2021-12-12,Verona,Atalanta,1507.52,1748.52,0.3075,A,A,1.0
2021-12-12,Troyes,Bordeaux,1450.61,1396.51,0.7083,A,H,0.0
2021-12-12,Lille,Lyon,1641.93,1585.19,0.7114,D,H,
2021-12-12,Torino,Bologna,1456.87,1479.98,0.6089,H,H,1.0
2021-12-12,Angers,Clermont,1481.06,1406.49,0.732,A,H,0.0
2021-12-12,Metz,Lorient,1371.08,1383.94,0.6228,H,H,1.0
2021-12-13,Roma,Spezia,1535.3,1369.76,0.8218,H,H,1.0
2021-12-13,Cadiz,Granada,1362.64,1436.73,0.5372,D,H,
2021-12-14,Bielefeld,Bochum,1386.58,1520.39,0.4515,H,A,0.0
2021-12-14,Mainz,Hertha,1522.56,1453.26,0.726,H,H,1.0
2021-12-14,Wolfsburg,FC Koln,1486.86,1450.9,0.6863,A,H,0.0
2021-12-14,Norwich,Aston Villa,1397.69,1498.36,0.499,A,A,1.0
2021-12-14,Stuttgart,Bayern Munich,1463.3,1785.47,0.2177,A,A,1.0
2021-12-14,Man City,Leeds,1776.59,1499.83,0.8974,H,H,1.0
2021-12-15,Dortmund,Greuther Furth,1675.18,1339.96,0.9245,H,H,1.0
2021-12-15,Leverkusen,Hoffenheim,1572.03,1586.67,0.6204,D,H,
2021-12-15,Union Berlin,Freiburg,1546.98,1544.17,0.6438,D,H,
2021-12-15,Arsenal,West Ham,1583.61,1624.68,0.584,H,H,1.0
2021-12-15,Crystal Palace,Southampton,1467.52,1409.18,0.7133,D,H,
2021-12-15,M'gladbach,Ein Frankfurt,1464.7,1596.34,0.4546,A,A,1.0
2021-12-15,Brighton,Wolves,1492.48,1471.71,0.6671,A,H,0.0
2021-12-15,Augsburg,RB Leipzig,1428.61,1555.29,0.4617,D,A,
2021-12-16,Chelsea,Everton,1699.07,1441.51,0.8868,D,H,
2021-12-16,Liverpool,Newcastle,1753.56,1393.69,0.9338,H,H,1.0
2021-12-17,Salernitana,Inter,1341.71,1818.04,0.1028,A,A,1.0
2021-12-17,Lazio,Genoa,1554.41,1367.89,0.8388,H,H,1.0
2021-12-17,Bayern Munich,Wolfsburg,1797.86,1458.29,0.9262,H,H,1.0
2021-12-17,Celta,Espanol,1476.06,1515.54,0.5862,H,H,1.0
2021-12-18,RB Leipzig,Bielefeld,1554.06,1412.5,0.8007,A,H,0.0
2021-12-18,Bochum,Union Berlin,1494.46,1542.38,0.5744,A,H,0.0
2021-12-18,Ein Frankfurt,Mainz,1615.26,1537.46,0.7357,H,H,1.0
2021-12-18,Greuther Furth,Augsburg,1336.09,1429.84,0.509,D,H,
2021-12-18,Hoffenheim,M'gladbach,1590.53,1445.77,0.8036,D,H,
2021-12-18,Leeds,Arsenal,1493.58,1603.27,0.4861,A,A,1.0
2021-12-18,Vallecano,Alaves,1541.71,1395.87,0.8046,H,H,1.0
2021-12-18,Barcelona,Elche,1613.2,1399.47,0.8589,H,H,1.0
2021-12-18,Hertha,Dortmund,1438.37,1679.05,0.3079,H,A,0.0
2021-12-18,Atalanta,Roma,1761.32,1543.72,0.8616,A,H,0.0
2021-12-18,Bologna,Juventus,1463.69,1651.38,0.3764,A,A,1.0
2021-12-18,Cagliari,Udinese,1362.76,1432.25,0.5438,A,H,0.0
2021-12-18,Sevilla,Ath Madrid,1699.14,1666.24,0.6824,H,H,1.0
2021-12-18,Sociedad,Villarreal,1587.13,1515.2,0.729,A,H,0.0
2021-12-19,Sampdoria,Venezia,1461.91,1446.36,0.6604,D,H,
2021-12-19,Milan,Napoli,1714.24,1695.29,0.6648,A,H,0.0
2021-12-19,Torino,Verona,1473.16,1494.71,0.611,H,H,1.0
2021-12-19,Fiorentina,Sassuolo,1562.44,1567.83,0.6329,D,H,
2021-12-19,Spezia,Empoli,1361.33,1550.87,0.3739,D,A,
2021-12-19,Freiburg,Leverkusen,1548.77,1568.18,0.6139,H,H,1.0
2021-12-19,Ath Bilbao,Betis,1487.24,1652.92,0.4066,H,A,0.0
2021-12-19,FC Koln,Stuttgart,1479.47,1450.91,0.677,H,H,1.0
2021-12-19,Tottenham,Liverpool,1559.28,1756.69,0.3634,D,A,
2021-12-19,Real Madrid,Cadiz,1817.3,1361.45,0.9608,D,H,
2021-12-19,Getafe,Osasuna,1384.14,1488.64,0.4935,H,A,0.0
2021-12-19,Newcastle,Man City,1390.57,1782.84,0.1568,A,A,1.0
2021-12-19,Wolves,Chelsea,1499.48,1686.69,0.3771,D,A,
2021-12-19,Granada,Mallorca,1437.92,1488.83,0.5702,H,H,1.0
2021-12-20,Levante,Valencia,1327.42,1540.39,0.3429,A,A,1.0
2021-12-21,Genoa,Atalanta,1360.27,1717.15,0.1856,D,A,
2021-12-21,Villarreal,Alaves,1549.66,1386.63,0.8197,H,H,1.0
2021-12-21,Sevilla,Barcelona,1712.36,1619.08,0.7526,D,H,
2021-12-21,Juventus,Cagliari,1669.17,1333.2,0.9248,H,H,1.0
2021-12-22,Nice,Lens,1553.09,1529.56,0.6706,H,H,1.0
2021-12-22,St Etienne,Nantes,1379.13,1504.49,0.4636,A,A,1.0
2021-12-22,Marseille,Reims,1617.97,1466.98,0.8092,D,H,
2021-12-22,Troyes,Brest,1421.12,1497.04,0.5346,D,H,
2021-12-22,Lyon,Metz,1591.96,1390.41,0.8502,D,H,
2021-12-22,Lorient,Paris SG,1364.6,1767.46,0.1489,D,A,
2021-12-22,Bordeaux,Lille,1426.0,1635.17,0.3479,A,A,1.0
2021-12-22,Monaco,Rennes,1601.6,1587.44,0.6586,H,H,1.0
2021-12-22,Montpellier,Angers,1582.68,1450.59,0.7918,H,H,1.0
2021-12-22,Napoli,Spezia,1722.97,1365.37,0.933,A,H,0.0
2021-12-22,Empoli,Milan,1546.84,1686.56,0.4431,A,A,1.0
2021-12-22,Verona,Fiorentina,1478.52,1558.18,0.5292,D,H,
2021-12-22,Roma,Sampdoria,1587.89,1456.78,0.7909,D,H,
2021-12-22,Inter,Torino,1823.89,1489.35,0.9242,H,H,1.0
2021-12-22,Venezia,Lazio,1451.49,1562.03,0.4848,A,A,1.0
2021-12-22,Granada,Ath Madrid,1459.96,1653.02,0.3692,H,A,0.0
2021-12-22,Sassuolo,Bologna,1572.08,1445.9,0.7862,A,H,0.0
2021-12-22,Ath Bilbao,Real Madrid,1511.95,1802.55,0.2503,A,A,1.0
2021-12-26,Brighton,Brentford,1464.7,1475.27,0.6259,H,H,1.0
2021-12-26,Norwich,Arsenal,1374.1,1628.19,0.2917,A,A,1.0
2021-12-26,Tottenham,Crystal Palace,1563.65,1460.69,0.7628,H,H,1.0
2021-12-26,West Ham,Southampton,1605.01,1416.0,0.8407,A,H,0.0
2021-12-26,Man City,Leicester,1791.36,1525.2,0.8917,H,H,1.0
2021-12-26,Aston Villa,Chelsea,1521.95,1682.76,0.4134,A,A,1.0
2021-12-27,Newcastle,Man United,1382.04,1620.12,0.3111,D,A,
2021-12-28,Crystal Palace,Norwich,1448.54,1357.5,0.7502,H,H,1.0
2021-12-28,Southampton,Tottenham,1451.0,1575.81,0.4644,D,A,
2021-12-28,Watford,West Ham,1420.07,1570.01,0.4286,A,A,1.0
2021-12-28,Leicester,Liverpool,1519.65,1752.31,0.3178,H,A,0.0
2021-12-29,Chelsea,Brighton,1702.3,1482.38,0.8631,D,H,
2021-12-29,Brentford,Man City,1457.59,1796.92,0.2014,A,A,1.0
2021-12-30,Man United,Burnley,1614.08,1399.42,0.8595,H,H,1.0
2021-12-31,Valencia,Espanol,1554.67,1495.98,0.7137,A,H,0.0
2022-01-01,Arsenal,Man City,1644.79,1805.3,0.4138,A,A,1.0
2022-01-01,Watford,Tottenham,1398.1,1574.67,0.3916,A,A,1.0
2022-01-01,Crystal Palace,West Ham,1461.34,1591.98,0.456,A,A,1.0
2022-01-02,Brentford,Aston Villa,1449.21,1502.41,0.5669,H,H,1.0
2022-01-02,Everton,Brighton,1453.89,1494.0,0.5853,A,H,0.0
2022-01-02,Leeds,Burnley,1468.66,1392.78,0.7335,H,H,1.0
2022-01-02,Chelsea,Liverpool,1690.68,1723.91,0.5949,D,H,
2022-01-02,Mallorca,Barcelona,1466.79,1627.16,0.414,A,A,1.0
2022-01-02,Betis,Celta,1628.22,1495.62,0.7923,A,H,0.0
2022-01-02,Alaves,Sociedad,1377.39,1552.67,0.3933,D,A,
2022-01-02,Elche,Granada,1393.59,1486.22,0.5106,D,H,
2022-01-02,Ath Madrid,Vallecano,1626.76,1550.95,0.7334,H,H,1.0
2022-01-02,Getafe,Real Madrid,1405.23,1812.97,0.1454,H,A,0.0
2022-01-03,Villarreal,Levante,1558.9,1313.15,0.8798,H,H,1.0
2022-01-03,Cadiz,Sevilla,1376.19,1704.27,0.212,A,A,1.0
2022-01-03,Man United,Wolves,1620.72,1503.42,0.7775,A,H,0.0
2022-01-03,Osasuna,Ath Bilbao,1467.55,1501.53,0.5939,A,H,0.0
2022-01-06,Juventus,Napoli,1672.73,1684.13,0.6248,D,H,
2022-01-06,Milan,Roma,1707.51,1578.58,0.7888,H,H,1.0
2022-01-06,Sassuolo,Genoa,1531.78,1370.33,0.8183,D,H,
2022-01-06,Lazio,Empoli,1584.94,1525.89,0.7141,D,H,
2022-01-06,Sampdoria,Cagliari,1466.09,1329.64,0.7959,A,H,0.0
2022-01-06,Spezia,Verona,1404.21,1477.58,0.5382,A,H,0.0
2022-01-07,Bayern Munich,M'gladbach,1801.87,1455.49,0.9289,A,H,0.0
2022-01-07,Bordeaux,Marseille,1411.52,1608.08,0.3645,A,A,1.0
2022-01-08,Lens,Rennes,1515.84,1573.23,0.561,H,H,1.0
2022-01-08,Granada,Barcelona,1486.56,1644.39,0.4175,D,A,
2022-01-08,Sociedad,Celta,1549.26,1533.07,0.6612,H,H,1.0
2022-01-08,Levante,Mallorca,1306.31,1449.56,0.4381,H,A,0.0
2022-01-08,Ein Frankfurt,Dortmund,1626.27,1650.24,0.6077,A,H,0.0
2022-01-08,Real Madrid,Valencia,1777.39,1524.95,0.8838,H,H,1.0
2022-01-08,Freiburg,Bielefeld,1564.84,1450.35,0.7746,D,H,
2022-01-08,Leverkusen,Union Berlin,1552.11,1566.29,0.621,D,H,
2022-01-08,Hoffenheim,Augsburg,1580.81,1430.13,0.8089,H,H,1.0
2022-01-08,Greuther Furth,Stuttgart,1335.8,1437.46,0.4976,D,A,
2022-01-08,RB Leipzig,Mainz,1516.22,1526.45,0.6264,H,H,1.0
2022-01-09,Roma,Juventus,1568.6,1668.73,0.4998,A,A,1.0
2022-01-09,Genoa,Spezia,1380.52,1381.8,0.6384,A,H,0.0
2022-01-09,Udinese,Atalanta,1461.82,1707.09,0.3023,A,A,1.0
2022-01-09,Napoli,Sampdoria,1688.12,1432.95,0.8854,H,H,1.0
2022-01-09,Venezia,Milan,1428.57,1717.49,0.2521,A,A,1.0
2022-01-09,Empoli,Sassuolo,1532.75,1521.59,0.6547,A,H,0.0
2022-01-09,Hertha,FC Koln,1467.18,1492.92,0.6053,A,H,0.0
2022-01-09,Villarreal,Ath Madrid,1565.74,1639.36,0.5379,D,H,
2022-01-09,Alaves,Ath Bilbao,1380.8,1529.6,0.4302,D,A,
2022-01-09,Sevilla,Getafe,1713.1,1440.81,0.895,H,H,1.0
2022-01-09,Vallecano,Betis,1538.35,1590.77,0.5681,D,H,
2022-01-09,Inter,Lazio,1827.04,1578.09,0.8817,H,H,1.0
2022-01-09,Bochum,Wolfsburg,1470.55,1454.28,0.6613,H,H,1.0
2022-01-09,Lyon,Paris SG,1580.75,1756.22,0.3931,D,A,
2022-01-09,Verona,Salernitana,1499.99,1335.86,0.8206,A,H,0.0
2022-01-09,Osasuna,Cadiz,1439.48,1367.37,0.7292,H,H,1.0
2022-01-09,Brest,Nice,1498.15,1566.8,0.545,A,H,0.0
2022-01-09,Clermont,Reims,1436.97,1476.88,0.5856,D,H,
2022-01-09,Metz,Strasbourg,1401.62,1517.06,0.4778,A,A,1.0
2022-01-09,Nantes,Monaco,1523.79,1615.81,0.5115,D,H,
2022-01-10,Espanol,Elche,1525.69,1393.26,0.7922,A,H,0.0
2022-01-10,Torino,Fiorentina,1486.2,1559.12,0.5389,H,H,1.0
2022-01-11,Southampton,Brentford,1452.15,1467.24,0.6198,H,H,1.0
2022-01-11,Cagliari,Bologna,1362.78,1486.2,0.4663,H,A,0.0
2022-01-12,West Ham,Norwich,1610.97,1344.69,0.8917,H,H,1.0
2022-01-14,Brighton,Crystal Palace,1518.37,1442.36,0.7337,D,H,
2022-01-14,Nice,Nantes,1594.74,1523.42,0.7283,H,H,1.0
2022-01-14,Dortmund,Freiburg,1675.54,1556.05,0.7796,H,H,1.0
2022-01-15,Juventus,Udinese,1689.54,1445.38,0.8788,H,H,1.0
2022-01-15,St Etienne,Lens,1359.83,1534.12,0.3947,A,A,1.0
2022-01-15,Paris SG,Brest,1752.8,1470.21,0.9005,H,H,1.0
2022-01-15,M'gladbach,Leverkusen,1494.16,1548.23,0.5657,A,H,0.0
2022-01-15,Union Berlin,Hoffenheim,1570.17,1589.84,0.6136,H,H,1.0
2022-01-15,Mainz,Bochum,1507.3,1484.65,0.6695,H,H,1.0
2022-01-15,Stuttgart,RB Leipzig,1437.39,1535.37,0.5029,A,H,0.0
2022-01-15,Salernitana,Lazio,1370.02,1573.17,0.3558,A,A,1.0
2022-01-15,Aston Villa,Man United,1484.38,1588.35,0.4943,D,A,
2022-01-15,Wolves,Southampton,1535.78,1471.64,0.7201,H,H,1.0
2022-01-15,Norwich,Everton,1339.58,1429.52,0.5145,H,H,1.0
2022-01-15,Newcastle,Watford,1388.09,1381.8,0.6484,D,H,
2022-01-15,Man City,Chelsea,1822.53,1687.64,0.7945,H,H,1.0
2022-01-15,Wolfsburg,Hertha,1440.18,1438.57,0.6422,D,H,
2022-01-15,FC Koln,Bayern Munich,1521.53,1763.19,0.3067,A,A,1.0
2022-01-15,Sampdoria,Torino,1428.18,1511.27,0.5243,A,H,0.0
2022-01-16,Reims,Metz,1479.62,1379.03,0.7604,A,H,0.0
2022-01-16,Monaco,Clermont,1616.18,1434.23,0.8352,H,H,1.0
2022-01-16,Strasbourg,Montpellier,1539.64,1593.35,0.5662,H,H,1.0
2022-01-16,Troyes,Lyon,1420.02,1584.17,0.4087,A,A,1.0
2022-01-16,Marseille,Lille,1623.25,1649.65,0.6044,D,H,
2022-01-16,West Ham,Leeds,1616.09,1481.26,0.7944,A,H,0.0
2022-01-16,Liverpool,Brentford,1726.95,1447.75,0.8987,H,H,1.0
2022-01-16,Elche,Villarreal,1426.24,1564.53,0.4451,H,A,0.0
2022-01-16,Rennes,Bordeaux,1554.95,1396.34,0.8159,H,H,1.0
2022-01-16,Bielefeld,Greuther Furth,1459.14,1335.88,0.7833,D,H,
2022-01-16,Lorient,Angers,1375.84,1439.92,0.5515,D,H,
2022-01-16,Sassuolo,Verona,1557.19,1465.83,0.7506,A,H,0.0
2022-01-16,Venezia,Empoli,1415.65,1497.15,0.5266,D,H,
2022-01-16,Roma,Cagliari,1547.79,1385.0,0.8195,H,H,1.0
2022-01-16,Atalanta,Inter,1723.53,1831.97,0.4879,D,A,
2022-01-16,Augsburg,Ein Frankfurt,1421.09,1600.97,0.387,D,A,
2022-01-17,Bologna,Napoli,1463.99,1692.89,0.3226,A,A,1.0
2022-01-17,Milan,Spezia,1730.41,1408.38,0.919,A,H,0.0
2022-01-17,Fiorentina,Genoa,1534.05,1353.94,0.8338,H,H,1.0
2022-01-18,Brighton,Chelsea,1510.9,1679.08,0.4031,D,A,
2022-01-18,Betis,Alaves,1592.94,1383.03,0.8562,H,H,1.0
2022-01-18,Cadiz,Espanol,1354.57,1492.71,0.4453,D,A,
2022-01-19,Leicester,Tottenham,1548.05,1590.97,0.5814,A,H,0.0
2022-01-19,Brentford,Man United,1442.55,1588.17,0.4347,A,A,1.0
2022-01-19,Celta,Osasuna,1518.97,1452.28,0.723,H,H,1.0
2022-01-19,Valencia,Sevilla,1519.0,1717.47,0.362,D,A,
2022-01-19,Montpellier,Troyes,1572.84,1403.0,0.8254,A,H,0.0
2022-01-19,Lille,Lorient,1652.99,1374.19,0.8985,H,H,1.0
2022-01-19,Clermont,Strasbourg,1425.27,1560.14,0.45,A,A,1.0
2022-01-20,Getafe,Granada,1436.44,1489.2,0.5676,H,H,1.0
2022-01-21,Lyon,St Etienne,1601.19,1343.4,0.8869,H,H,1.0
2022-01-21,Watford,Norwich,1386.54,1359.79,0.6747,A,H,0.0
2022-01-21,Espanol,Betis,1490.96,1600.76,0.4859,A,A,1.0
2022-01-21,Verona,Bologna,1501.3,1448.74,0.7065,H,H,1.0
2022-01-21,Ein Frankfurt,Bielefeld,1597.35,1450.07,0.8059,A,H,0.0
2022-01-22,Ath Madrid,Valencia,1640.57,1523.41,0.7773,H,H,1.0
2022-01-22,Sevilla,Celta,1713.05,1532.06,0.8345,D,H,
2022-01-22,Villarreal,Mallorca,1541.43,1422.99,0.7786,H,H,1.0
2022-01-22,Bochum,FC Koln,1470.89,1504.85,0.5939,D,H,
2022-01-22,M'gladbach,Union Berlin,1470.61,1586.26,0.4775,A,A,1.0
2022-01-22,Leverkusen,Augsburg,1571.79,1424.71,0.8057,H,H,1.0
2022-01-22,Leeds,Newcastle,1514.34,1383.34,0.7908,A,H,0.0
2022-01-22,Greuther Furth,Mainz,1344.94,1521.06,0.3922,H,A,0.0
2022-01-22,Genoa,Udinese,1344.12,1439.65,0.5064,D,H,
2022-01-22,Inter,Venezia,1831.58,1414.8,0.9514,H,H,1.0
2022-01-22,Brest,Lille,1465.5,1657.79,0.3702,H,A,0.0
2022-01-22,Lens,Marseille,1550.55,1619.91,0.544,A,H,0.0
2022-01-22,Brentford,Wolves,1422.01,1549.02,0.4612,A,A,1.0
2022-01-22,Hoffenheim,Dortmund,1573.76,1687.52,0.4802,A,A,1.0
2022-01-22,Everton,Aston Villa,1409.31,1484.56,0.5355,A,H,0.0
2022-01-22,Lazio,Atalanta,1591.41,1723.92,0.4533,D,A,
2022-01-22,Man United,West Ham,1608.72,1583.01,0.6734,H,H,1.0
2022-01-22,Levante,Cadiz,1332.87,1356.32,0.6084,A,H,0.0
2022-01-22,Southampton,Man City,1458.41,1831.08,0.1723,D,A,
2022-01-22,Freiburg,Stuttgart,1544.07,1413.62,0.7903,H,H,1.0
2022-01-23,Alaves,Barcelona,1375.22,1641.76,0.2771,A,A,1.0
2022-01-23,Sociedad,Getafe,1563.36,1456.88,0.7665,D,H,
2022-01-23,Vallecano,Ath Bilbao,1536.17,1527.37,0.6517,A,H,0.0
2022-01-23,Angers,Troyes,1441.56,1437.37,0.6456,H,H,1.0
2022-01-23,Metz,Nice,1410.69,1606.05,0.3661,A,A,1.0
2022-01-23,Hertha,Bayern Munich,1443.12,1779.87,0.2038,A,A,1.0
2022-01-23,Chelsea,Tottenham,1675.98,1615.18,0.7162,H,H,1.0
2022-01-23,Leicester,Brighton,1523.84,1514.0,0.653,D,H,
2022-01-23,Crystal Palace,Liverpool,1449.83,1732.14,0.2593,A,A,1.0
2022-01-23,Milan,Juventus,1692.15,1695.27,0.6359,D,H,
2022-01-23,Empoli,Roma,1498.0,1555.31,0.5611,A,H,0.0
2022-01-23,Torino,Sassuolo,1533.09,1521.71,0.655,D,H,
2022-01-23,Spezia,Sampdoria,1446.64,1406.35,0.6916,H,H,1.0
2022-01-23,Napoli,Salernitana,1708.14,1351.78,0.9326,H,H,1.0
2022-01-23,Cagliari,Fiorentina,1377.48,1543.87,0.4056,D,A,
2022-01-23,Real Madrid,Elche,1783.35,1449.34,0.924,D,H,
2022-01-23,Clermont,Rennes,1404.0,1565.82,0.412,H,A,0.0
2022-01-23,Nantes,Lorient,1512.11,1369.39,0.8017,H,H,1.0
2022-01-23,Montpellier,Monaco,1538.48,1625.13,0.5192,H,H,1.0
2022-01-23,Paris SG,Reims,1757.51,1447.96,0.9135,H,H,1.0
2022-01-23,Arsenal,Burnley,1627.56,1380.18,0.8808,D,H,
2022-01-23,RB Leipzig,Wolfsburg,1559.14,1435.63,0.7836,H,H,1.0
2022-01-23,Bordeaux,Strasbourg,1385.47,1581.41,0.3653,H,A,0.0
2022-01-23,Granada,Osasuna,1468.76,1439.19,0.6783,A,H,0.0
2022-01-26,Angers,St Etienne,1456.32,1338.69,0.7778,A,H,0.0
2022-02-01,Lyon,Marseille,1605.9,1645.62,0.5859,H,H,1.0
2022-02-04,Hertha,Bochum,1432.67,1467.88,0.5922,D,H,
2022-02-04,Getafe,Levante,1465.41,1304.11,0.8182,H,H,1.0
2022-02-04,Marseille,Angers,1628.38,1423.94,0.8523,H,H,1.0
2022-02-05,Monaco,Lyon,1605.12,1623.14,0.6158,H,H,1.0
2022-02-05,Mallorca,Cadiz,1411.64,1385.08,0.6745,H,H,1.0
2022-02-05,Fiorentina,Lazio,1540.85,1592.9,0.5686,A,H,0.0
2022-02-05,Inter,Milan,1833.6,1687.8,0.8045,A,H,0.0
2022-02-05,Roma,Genoa,1581.83,1343.92,0.8749,D,H,
2022-02-05,St Etienne,Montpellier,1371.07,1558.5,0.3768,H,A,0.0
2022-02-05,Burnley,Watford,1392.37,1351.95,0.6917,D,H,
2022-02-05,Augsburg,Union Berlin,1414.15,1606.14,0.3706,H,A,0.0
2022-02-05,Bielefeld,M'gladbach,1488.16,1450.73,0.6881,D,H,
2022-02-05,FC Koln,Freiburg,1507.86,1553.99,0.5769,H,H,1.0
2022-02-05,Mainz,Hoffenheim,1495.75,1553.76,0.5601,H,H,1.0
2022-02-05,Stuttgart,Ein Frankfurt,1403.7,1559.26,0.4207,A,A,1.0
2022-02-05,Bayern Munich,RB Leipzig,1790.32,1569.37,0.8638,H,H,1.0
2022-02-05,Osasuna,Sevilla,1471.25,1702.35,0.3198,D,A,
2022-02-05,Celta,Vallecano,1542.76,1509.04,0.6835,H,H,1.0
2022-02-05,Elche,Alaves,1462.91,1363.68,0.7589,H,H,1.0
2022-02-06,Dortmund,Leverkusen,1707.51,1582.35,0.7852,A,H,0.0
2022-02-06,Wolfsburg,Greuther Furth,1425.4,1370.25,0.7095,H,H,1.0
2022-02-06,Juventus,Verona,1699.62,1513.53,0.8385,H,H,1.0
2022-02-06,Udinese,Torino,1439.86,1528.13,0.5169,H,H,1.0
2022-02-06,Strasbourg,Nantes,1554.99,1521.48,0.6832,H,H,1.0
2022-02-06,Reims,Bordeaux,1443.26,1411.89,0.6805,H,H,1.0
2022-02-06,Nice,Clermont,1623.36,1428.48,0.8452,A,H,0.0
2022-02-06,Lorient,Lens,1360.02,1524.84,0.4078,H,A,0.0
2022-02-06,Lille,Paris SG,1628.02,1762.21,0.451,A,A,1.0
2022-02-06,Valencia,Sociedad,1514.14,1554.83,0.5845,D,H,
2022-02-06,Rennes,Brest,1541.34,1495.27,0.6986,H,H,1.0
2022-02-06,Betis,Villarreal,1625.67,1552.78,0.7301,A,H,0.0
2022-02-06,Barcelona,Ath Madrid,1653.29,1649.84,0.6446,H,H,1.0
2022-02-06,Atalanta,Cagliari,1722.42,1380.5,0.9272,A,H,0.0
2022-02-06,Bologna,Empoli,1436.52,1471.48,0.5925,D,H,
2022-02-06,Sampdoria,Sassuolo,1393.51,1526.67,0.4524,H,A,0.0
2022-02-06,Venezia,Napoli,1412.78,1711.59,0.2415,A,A,1.0
2022-02-06,Real Madrid,Granada,1769.78,1436.7,0.9236,H,H,1.0
2022-02-06,Troyes,Metz,1422.61,1393.38,0.6778,D,H,
2022-02-07,Salernitana,Spezia,1348.33,1459.48,0.484,D,A,
2022-02-07,Ath Bilbao,Espanol,1554.5,1466.05,0.7474,H,H,1.0
2022-02-08,Newcastle,Everton,1416.26,1387.01,0.6779,H,H,1.0
2022-02-08,West Ham,Watford,1569.42,1358.09,0.8572,H,H,1.0
2022-02-08,Burnley,Man United,1386.23,1622.31,0.3136,D,A,
2022-02-09,Man City,Brentford,1820.6,1402.8,0.9517,H,H,1.0
2022-02-09,Norwich,Crystal Palace,1394.38,1437.58,0.581,D,H,
2022-02-09,Tottenham,Southampton,1601.76,1468.89,0.7926,A,H,0.0
2022-02-09,Aston Villa,Leeds,1506.86,1481.41,0.6731,D,H,
2022-02-10,Liverpool,Leicester,1744.4,1518.95,0.8669,H,H,1.0
2022-02-10,Wolves,Arsenal,1568.22,1615.38,0.5755,A,H,0.0
2022-02-11,Paris SG,Rennes,1786.73,1555.59,0.8706,H,H,1.0
2022-02-11,RB Leipzig,FC Koln,1563.7,1525.47,0.6891,H,H,1.0
2022-02-11,Sevilla,Elche,1696.58,1474.3,0.8647,H,H,1.0
2022-02-12,Man United,Southampton,1616.35,1501.89,0.7746,D,H,
2022-02-12,Brentford,Crystal Palace,1400.52,1440.17,0.586,D,H,
2022-02-12,Everton,Leeds,1371.78,1486.95,0.4782,H,A,0.0
2022-02-12,Watford,Brighton,1352.14,1518.89,0.4051,A,A,1.0
2022-02-12,Cadiz,Celta,1371.53,1557.72,0.3784,D,A,
2022-02-12,Villarreal,Real Madrid,1587.29,1772.96,0.3792,D,A,
2022-02-12,Vallecano,Osasuna,1494.08,1477.02,0.6624,A,H,0.0
2022-02-12,Ath Madrid,Getafe,1633.05,1474.73,0.8156,H,H,1.0
2022-02-12,Leverkusen,Stuttgart,1622.6,1386.19,0.874,H,H,1.0
2022-02-12,Bochum,Bayern Munich,1470.83,1795.99,0.2148,H,A,0.0
2022-02-12,Lyon,Nice,1604.98,1588.17,0.662,H,H,1.0
2022-02-12,Lazio,Bologna,1622.05,1433.56,0.8403,H,H,1.0
2022-02-12,Napoli,Inter,1723.01,1800.11,0.5329,D,H,
2022-02-12,Torino,Venezia,1505.3,1401.36,0.7639,A,H,0.0
2022-02-12,Norwich,Man City,1391.79,1822.88,0.1294,A,A,1.0
2022-02-12,M'gladbach,Augsburg,1456.75,1443.89,0.6569,H,H,1.0
2022-02-12,Greuther Furth,Hertha,1355.36,1429.72,0.5368,H,H,1.0
2022-02-12,Freiburg,Mainz,1536.37,1516.54,0.6659,D,H,
2022-02-12,Ein Frankfurt,Wolfsburg,1576.78,1440.29,0.796,A,H,0.0
2022-02-12,Montpellier,Lille,1529.04,1603.5,0.5367,A,H,0.0
2022-02-13,Milan,Sampdoria,1721.3,1423.28,0.9081,H,H,1.0
2022-02-13,Empoli,Cagliari,1474.44,1419.1,0.7098,D,H,
2022-02-13,Genoa,Salernitana,1355.92,1348.84,0.6494,D,H,
2022-02-13,Levante,Betis,1294.79,1591.16,0.2441,A,A,1.0
2022-02-13,Sassuolo,Roma,1496.9,1569.83,0.5389,D,H,
2022-02-13,Alaves,Valencia,1352.28,1511.44,0.4157,H,A,0.0
2022-02-13,Atalanta,Juventus,1683.82,1707.25,0.6084,D,H,
2022-02-13,Union Berlin,Dortmund,1576.39,1667.26,0.5131,A,H,0.0
2022-02-13,Hoffenheim,Bielefeld,1532.97,1482.14,0.7044,H,H,1.0
2022-02-13,Espanol,Barcelona,1455.54,1670.09,0.3409,D,A,
2022-02-13,Sociedad,Granada,1557.54,1433.52,0.7841,H,H,1.0
2022-02-13,Verona,Udinese,1505.89,1462.7,0.6951,H,H,1.0
2022-02-13,Burnley,Liverpool,1392.19,1750.7,0.1842,A,A,1.0
2022-02-13,Lens,Bordeaux,1496.85,1393.71,0.763,H,H,1.0
2022-02-13,Tottenham,Wolves,1568.77,1544.26,0.6719,A,H,0.0
2022-02-13,Metz,Marseille,1399.07,1635.96,0.3126,A,A,1.0
2022-02-13,Nantes,Reims,1508.29,1461.44,0.6996,H,H,1.0
2022-02-13,Clermont,St Etienne,1463.67,1400.53,0.7189,A,H,0.0
2022-02-13,Brest,Troyes,1481.03,1416.92,0.72,H,H,1.0
2022-02-13,Monaco,Lorient,1623.28,1388.01,0.8732,D,H,
2022-02-13,Angers,Strasbourg,1416.36,1568.18,0.426,A,A,1.0
2022-02-13,Newcastle,Aston Villa,1431.49,1501.32,0.5433,H,H,1.0
2022-02-13,Leicester,West Ham,1512.65,1575.36,0.5535,D,H,
2022-02-14,Mallorca,Ath Bilbao,1425.2,1565.01,0.4429,H,A,0.0
2022-02-14,Spezia,Fiorentina,1458.97,1511.7,0.5676,A,H,0.0
2022-02-15,Man United,Brighton,1607.56,1538.04,0.7263,H,H,1.0
2022-02-16,Ath Madrid,Levante,1640.72,1283.25,0.933,A,H,0.0
2022-02-18,Elche,Vallecano,1467.91,1460.12,0.6503,H,H,1.0
2022-02-18,Lille,Metz,1625.85,1386.06,0.8761,D,H,
2022-02-18,Mainz,Leverkusen,1521.85,1628.56,0.4903,H,A,0.0
2022-02-18,Juventus,Torino,1710.72,1473.5,0.8745,D,H,
2022-02-19,Granada,Villarreal,1423.31,1591.16,0.4036,A,A,1.0
2022-02-19,Augsburg,Freiburg,1429.61,1531.06,0.4979,A,A,1.0
2022-02-19,Bielefeld,Union Berlin,1468.17,1550.08,0.526,H,H,1.0
2022-02-19,FC Koln,Ein Frankfurt,1510.78,1539.15,0.6016,H,H,1.0
2022-02-19,Stuttgart,Bochum,1380.23,1507.94,0.4602,D,A,
2022-02-19,Wolfsburg,Hoffenheim,1477.92,1546.95,0.5445,A,H,0.0
2022-02-19,Osasuna,Ath Madrid,1510.97,1601.88,0.5131,A,H,0.0
2022-02-19,Cadiz,Getafe,1375.42,1467.05,0.512,D,H,
2022-02-19,Nantes,Paris SG,1520.8,1792.11,0.2717,H,A,0.0
2022-02-19,Lens,Lyon,1506.71,1620.95,0.4795,D,A,
2022-02-19,Brighton,Burnley,1525.1,1384.53,0.7998,A,H,0.0
2022-02-19,West Ham,Newcastle,1577.07,1450.5,0.7865,D,H,
2022-02-19,Arsenal,Brentford,1639.34,1397.77,0.8772,H,H,1.0
2022-02-19,Sampdoria,Empoli,1419.46,1467.73,0.5739,H,H,1.0
2022-02-19,Roma,Verona,1571.08,1522.46,0.7017,D,H,
2022-02-19,Salernitana,Milan,1353.62,1725.12,0.1732,D,A,
2022-02-19,Man City,Tottenham,1829.92,1537.01,0.9057,A,H,0.0
2022-02-19,Southampton,Everton,1510.68,1398.54,0.7723,H,H,1.0
2022-02-19,Liverpool,Norwich,1758.37,1384.75,0.9386,H,H,1.0
2022-02-19,Crystal Palace,Chelsea,1442.92,1689.4,0.3009,A,A,1.0
2022-02-19,Real Madrid,Alaves,1769.09,1376.61,0.9445,H,H,1.0
2022-02-19,Aston Villa,Watford,1482.31,1333.0,0.8077,A,H,0.0
2022-02-20,Betis,Mallorca,1602.7,1448.39,0.8121,H,H,1.0
2022-02-20,Ath Bilbao,Sociedad,1541.82,1567.74,0.605,H,H,1.0
2022-02-20,Marseille,Clermont,1648.97,1433.74,0.8599,A,H,0.0
2022-02-20,Bordeaux,Monaco,1383.85,1611.33,0.3243,D,A,
2022-02-20,Fiorentina,Atalanta,1535.33,1680.35,0.4356,H,A,0.0
2022-02-20,Rennes,Troyes,1550.2,1401.7,0.807,H,H,1.0
2022-02-20,Reims,Brest,1448.93,1496.25,0.5752,D,H,
2022-02-20,Udinese,Lazio,1446.12,1630.23,0.3813,D,A,
2022-02-20,Lorient,Montpellier,1399.95,1506.7,0.4903,A,A,1.0
2022-02-20,Nice,Angers,1572.19,1398.63,0.8285,H,H,1.0
2022-02-20,St Etienne,Strasbourg,1430.46,1585.91,0.4209,D,A,
2022-02-20,Valencia,Barcelona,1487.11,1665.0,0.3898,A,A,1.0
2022-02-20,Inter,Sassuolo,1801.16,1495.66,0.9117,A,H,0.0
2022-02-20,Venezia,Genoa,1433.16,1351.13,0.7404,D,H,
2022-02-20,Leeds,Man United,1460.2,1620.5,0.4141,A,A,1.0
2022-02-20,Wolves,Leicester,1576.02,1510.94,0.7212,H,H,1.0
2022-02-20,Espanol,Sevilla,1460.63,1702.98,0.3059,D,A,
2022-02-20,Hertha,RB Leipzig,1410.44,1578.4,0.4034,A,A,1.0
2022-02-20,Dortmund,M'gladbach,1693.57,1471.03,0.8649,H,H,1.0
2022-02-20,Bayern Munich,Greuther Furth,1758.87,1374.64,0.942,H,H,1.0
2022-02-21,Celta,Levante,1553.83,1322.09,0.871,D,H,
2022-02-21,Bologna,Spezia,1425.37,1435.34,0.6267,H,H,1.0
2022-02-21,Cagliari,Napoli,1425.81,1721.96,0.2443,D,A,
2022-02-23,Liverpool,Leeds,1761.27,1440.63,0.9184,H,H,1.0
2022-02-23,Burnley,Tottenham,1425.53,1574.71,0.4297,H,A,0.0
2022-02-23,Watford,Crystal Palace,1366.62,1430.39,0.5519,A,H,0.0
2022-02-24,Arsenal,Wolves,1644.45,1587.63,0.7115,H,H,1.0
2022-02-25,Hoffenheim,Stuttgart,1569.61,1381.5,0.84,H,H,1.0
2022-02-25,Milan,Udinese,1714.66,1449.92,0.8909,D,H,
2022-02-25,Genoa,Inter,1358.83,1758.07,0.1515,D,A,
2022-02-25,Levante,Elche,1333.96,1482.46,0.4307,H,A,0.0
2022-02-25,Montpellier,Rennes,1527.11,1560.09,0.5953,A,H,0.0
2022-02-25,Southampton,Norwich,1521.44,1381.85,0.7989,H,H,1.0
2022-02-26,M'gladbach,Wolfsburg,1463.05,1455.25,0.6503,D,H,
2022-02-26,Brentford,Newcastle,1392.66,1459.67,0.5473,A,H,0.0
2022-02-26,Brighton,Aston Villa,1484.1,1448.68,0.6856,A,H,0.0
2022-02-26,Everton,Man City,1387.77,1792.21,0.1477,A,A,1.0
2022-02-26,Freiburg,Hertha,1551.79,1387.48,0.8208,H,H,1.0
2022-02-26,Greuther Furth,FC Koln,1371.67,1527.36,0.4205,D,A,
2022-02-26,Strasbourg,Nice,1583.38,1579.34,0.6454,D,H,
2022-02-26,Paris SG,St Etienne,1757.69,1432.99,0.9202,H,H,1.0
2022-02-26,Ein Frankfurt,Bayern Munich,1522.57,1761.85,0.3097,A,A,1.0
2022-02-26,Union Berlin,Mainz,1530.35,1543.07,0.623,H,H,1.0
2022-02-26,Leverkusen,Bielefeld,1607.34,1487.9,0.7796,H,H,1.0
2022-02-26,Leeds,Tottenham,1435.81,1550.97,0.4782,A,A,1.0
2022-02-26,Crystal Palace,Burnley,1458.69,1449.27,0.6525,D,H,
2022-02-26,Man United,Watford,1640.07,1338.33,0.9099,D,H,
2022-02-26,Vallecano,Real Madrid,1445.57,1771.93,0.2136,A,A,1.0
2022-02-26,Salernitana,Bologna,1364.08,1440.91,0.5333,D,H,
2022-02-26,Empoli,Juventus,1447.59,1698.74,0.2952,A,A,1.0
2022-02-26,Sassuolo,Fiorentina,1538.75,1558.83,0.613,H,H,1.0
2022-02-26,Mallorca,Valencia,1440.57,1467.13,0.6041,A,H,0.0
2022-02-26,Ath Madrid,Celta,1628.18,1541.96,0.745,H,H,1.0
2022-02-26,Getafe,Alaves,1467.44,1373.77,0.753,D,H,
2022-02-27,Villarreal,Espanol,1611.85,1466.84,0.8038,H,H,1.0
2022-02-27,West Ham,Wolves,1567.9,1575.62,0.6298,H,H,1.0
2022-02-27,Sociedad,Osasuna,1546.27,1484.67,0.7171,H,H,1.0
2022-02-27,Brest,Lorient,1498.65,1379.54,0.7793,A,H,0.0
2022-02-27,Bochum,RB Leipzig,1506.67,1601.36,0.5076,A,H,0.0
2022-02-27,Angers,Lens,1391.49,1507.37,0.4772,A,A,1.0
2022-02-27,Monaco,Reims,1605.71,1446.52,0.8164,A,H,0.0
2022-02-27,Clermont,Bordeaux,1474.38,1389.47,0.7435,D,H,
2022-02-27,Barcelona,Ath Bilbao,1684.98,1563.3,0.7818,H,H,1.0
2022-02-27,Augsburg,Dortmund,1408.88,1701.54,0.248,D,A,
2022-02-27,Sevilla,Betis,1696.77,1610.52,0.745,H,H,1.0
2022-02-27,Lyon,Lille,1620.3,1613.81,0.6486,A,H,0.0
2022-02-27,Troyes,Marseille,1391.8,1608.33,0.3383,D,A,
2022-02-27,Metz,Nantes,1398.09,1555.22,0.4185,D,A,
2022-02-27,Torino,Cagliari,1485.48,1434.0,0.7052,A,H,0.0
2022-02-27,Verona,Venezia,1528.92,1425.47,0.7633,H,H,1.0
2022-02-27,Spezia,Roma,1419.8,1564.62,0.4358,A,A,1.0
2022-02-27,Lazio,Napoli,1626.43,1713.78,0.5182,A,H,0.0
2022-02-28,Granada,Cadiz,1402.62,1375.03,0.6758,D,H,
2022-02-28,Atalanta,Sampdoria,1656.85,1439.6,0.8613,H,H,1.0
2022-03-01,Burnley,Leicester,1454.15,1499.33,0.5782,A,H,0.0
2022-03-02,Mallorca,Sociedad,1415.41,1558.05,0.439,A,A,1.0
2022-03-04,Lorient,Lyon,1411.98,1593.29,0.3851,A,A,1.0
2022-03-04,Bielefeld,Augsburg,1476.6,1416.94,0.7149,A,H,0.0
2022-03-04,Alaves,Sevilla,1381.86,1707.38,0.2145,D,A,
2022-03-04,Inter,Salernitana,1746.92,1363.01,0.9419,H,H,1.0
2022-03-05,Lens,Brest,1527.23,1466.21,0.7164,A,H,0.0
2022-03-05,Nice,Paris SG,1583.99,1761.46,0.3903,H,A,0.0
2022-03-05,Espanol,Getafe,1456.17,1459.34,0.6359,H,H,1.0
2022-03-05,Osasuna,Villarreal,1472.89,1622.51,0.4291,H,A,0.0
2022-03-05,Valencia,Granada,1492.28,1397.0,0.7548,H,H,1.0
2022-03-05,Real Madrid,Sociedad,1780.83,1578.8,0.8505,H,H,1.0
2022-03-05,Cagliari,Lazio,1463.35,1604.86,0.4406,A,A,1.0
2022-03-05,Aston Villa,Southampton,1481.09,1530.95,0.5717,H,H,1.0
2022-03-05,Hertha,Ein Frankfurt,1378.3,1509.68,0.455,A,A,1.0
2022-03-05,RB Leipzig,Freiburg,1622.49,1560.98,0.717,D,H,
2022-03-05,Bochum,Greuther Furth,1485.54,1374.21,0.7714,H,H,1.0
2022-03-05,Bayern Munich,Leverkusen,1774.74,1618.64,0.8137,D,H,
2022-03-05,Wolfsburg,Union Berlin,1460.06,1548.17,0.5171,H,H,1.0
2022-03-05,Stuttgart,M'gladbach,1374.84,1458.24,0.5239,H,H,1.0
2022-03-05,Wolves,Crystal Palace,1560.2,1453.81,0.7664,A,H,0.0
2022-03-05,Liverpool,West Ham,1766.08,1583.32,0.8359,H,H,1.0
2022-03-05,Norwich,Brentford,1372.34,1366.79,0.6474,A,H,0.0
2022-03-05,Newcastle,Brighton,1485.54,1451.7,0.6836,H,H,1.0
2022-03-05,Roma,Atalanta,1582.77,1664.39,0.5264,H,H,1.0
2022-03-05,Udinese,Sampdoria,1462.43,1432.06,0.6793,H,H,1.0
2022-03-05,Burnley,Chelsea,1426.82,1701.92,0.2674,A,A,1.0
2022-03-05,Leicester,Leeds,1526.67,1409.81,0.777,H,H,1.0
2022-03-06,Watford,Arsenal,1351.44,1656.46,0.235,A,A,1.0
2022-03-06,Cadiz,Vallecano,1380.66,1436.67,0.563,H,H,1.0
2022-03-06,Venezia,Sassuolo,1414.29,1554.86,0.4419,A,A,1.0
2022-03-06,FC Koln,Hoffenheim,1524.82,1576.27,0.5694,A,H,0.0
2022-03-06,Juventus,Spezia,1711.03,1401.65,0.9135,H,H,1.0
2022-03-06,Man City,Man United,1798.36,1626.96,0.8267,H,H,1.0
2022-03-06,Elche,Barcelona,1453.28,1696.84,0.3044,A,A,1.0
2022-03-06,Betis,Ath Madrid,1599.9,1640.24,0.585,A,H,0.0
2022-03-06,Genoa,Empoli,1369.98,1435.3,0.5497,D,H,
2022-03-06,Bologna,Torino,1441.98,1456.12,0.6211,D,H,
2022-03-06,Fiorentina,Verona,1542.72,1540.1,0.6435,D,H,
2022-03-06,Celta,Mallorca,1529.91,1394.67,0.7948,H,H,1.0
2022-03-06,Marseille,Monaco,1603.15,1571.72,0.6806,A,H,0.0
2022-03-06,Lille,Clermont,1640.82,1466.59,0.829,H,H,1.0
2022-03-06,Napoli,Milan,1735.35,1702.16,0.6828,A,H,0.0
2022-03-06,Reims,Strasbourg,1480.51,1578.73,0.5026,D,H,
2022-03-06,Nantes,Montpellier,1552.62,1498.97,0.7077,H,H,1.0
2022-03-06,Bordeaux,Troyes,1397.26,1396.98,0.6404,A,H,0.0
2022-03-06,St Etienne,Metz,1429.22,1400.7,0.677,H,H,1.0
2022-03-06,Rennes,Angers,1588.23,1371.62,0.8609,H,H,1.0
2022-03-07,Ath Bilbao,Levante,1551.43,1363.15,0.8402,H,H,1.0
2022-03-07,Tottenham,Everton,1576.97,1381.62,0.8456,H,H,1.0
2022-03-10,Norwich,Chelsea,1341.74,1716.46,0.1706,A,A,1.0
2022-03-10,Southampton,Newcastle,1507.66,1498.72,0.6518,A,H,0.0
2022-03-10,Wolves,Watford,1523.98,1341.66,0.8355,H,H,1.0
2022-03-10,Leeds,Aston Villa,1400.53,1504.37,0.4945,A,A,1.0
2022-03-11,Lille,St Etienne,1650.11,1442.67,0.8544,D,H,
2022-03-11,Ath Madrid,Cadiz,1667.89,1401.31,0.8919,H,H,1.0
2022-03-12,Salernitana,Sassuolo,1359.71,1577.51,0.3367,D,A,
2022-03-12,Troyes,Nantes,1427.25,1566.43,0.4439,H,A,0.0
2022-03-12,Spezia,Cagliari,1398.05,1440.77,0.5817,H,H,1.0
2022-03-12,M'gladbach,Hertha,1438.42,1354.97,0.7419,H,H,1.0
2022-03-12,Brighton,Liverpool,1438.52,1772.92,0.206,A,A,1.0
2022-03-12,Brentford,Burnley,1397.39,1412.28,0.6201,H,H,1.0
2022-03-12,Man United,Tottenham,1618.07,1585.76,0.6817,H,H,1.0
2022-03-12,Montpellier,Nice,1485.16,1609.37,0.4652,D,A,
2022-03-12,Sampdoria,Juventus,1418.71,1714.64,0.2446,A,A,1.0
2022-03-12,Union Berlin,Stuttgart,1528.06,1394.67,0.7931,D,H,
2022-03-12,Getafe,Valencia,1442.13,1503.87,0.5548,D,H,
2022-03-12,Hoffenheim,Bayern Munich,1599.98,1764.7,0.4079,D,A,
2022-03-12,Freiburg,Wolfsburg,1567.93,1480.17,0.7467,H,H,1.0
2022-03-12,Milan,Empoli,1730.58,1436.89,0.906,H,H,1.0
2022-03-12,Villarreal,Celta,1598.74,1538.45,0.7156,H,H,1.0
2022-03-12,Granada,Elche,1385.41,1440.6,0.5641,A,H,0.0
2022-03-12,Levante,Espanol,1355.6,1473.39,0.4744,D,A,
2022-03-13,Fiorentina,Bologna,1538.13,1438.1,0.7598,H,H,1.0
2022-03-13,Clermont,Lorient,1457.29,1392.24,0.7211,A,H,0.0
2022-03-13,Metz,Lens,1387.25,1497.41,0.4854,D,A,
2022-03-13,Strasbourg,Monaco,1578.81,1600.06,0.6114,H,H,1.0
2022-03-13,Lyon,Rennes,1613.04,1594.81,0.6639,A,H,0.0
2022-03-13,Leverkusen,FC Koln,1628.68,1501.11,0.7875,A,H,0.0
2022-03-13,Angers,Reims,1365.04,1480.43,0.4779,A,A,1.0
2022-03-13,Dortmund,Bielefeld,1693.48,1446.84,0.8803,H,H,1.0
2022-03-13,Ein Frankfurt,Bochum,1533.0,1495.05,0.6887,H,H,1.0
2022-03-13,Greuther Furth,RB Leipzig,1364.7,1615.55,0.2956,A,A,1.0
2022-03-13,Arsenal,Leicester,1666.24,1535.95,0.7901,H,H,1.0
2022-03-13,West Ham,Aston Villa,1576.48,1529.72,0.6995,H,H,1.0
2022-03-13,Southampton,Watford,1480.52,1332.72,0.8064,A,H,0.0
2022-03-13,Leeds,Norwich,1375.18,1333.68,0.6931,H,H,1.0
2022-03-13,Everton,Wolves,1372.83,1532.92,0.4144,A,A,1.0
2022-03-13,Paris SG,Bordeaux,1736.08,1366.99,0.937,H,H,1.0
2022-03-13,Brest,Marseille,1496.04,1574.82,0.5305,A,H,0.0
2022-03-13,Chelsea,Newcastle,1724.52,1525.85,0.848,H,H,1.0
2022-03-13,Verona,Napoli,1544.7,1706.92,0.4114,A,A,1.0
2022-03-13,Barcelona,Osasuna,1709.52,1496.66,0.8583,H,H,1.0
2022-03-13,Sociedad,Alaves,1571.13,1391.0,0.8338,H,H,1.0
2022-03-13,Betis,Ath Bilbao,1572.25,1558.99,0.6575,H,H,1.0
2022-03-13,Vallecano,Sevilla,1416.01,1698.25,0.2594,D,A,
2022-03-13,Atalanta,Genoa,1644.68,1368.39,0.8972,D,H,
2022-03-13,Udinese,Roma,1475.78,1602.48,0.4616,D,A,
2022-03-13,Torino,Inter,1460.0,1750.22,0.2507,D,A,
2022-03-14,Mallorca,Real Madrid,1386.12,1788.49,0.1492,A,A,1.0
2022-03-14,Crystal Palace,Man City,1490.04,1807.25,0.2226,D,A,
2022-03-14,Lazio,Venezia,1627.44,1391.63,0.8736,H,H,1.0
2022-03-16,Mainz,Dortmund,1525.25,1698.46,0.3962,A,A,1.0
2022-03-16,Brighton,Tottenham,1428.79,1572.51,0.4374,A,A,1.0
2022-03-16,Arsenal,Liverpool,1676.16,1782.65,0.4907,A,A,1.0
2022-03-17,Everton,Newcastle,1355.58,1519.53,0.409,H,A,0.0
2022-03-18,Genoa,Torino,1381.09,1467.98,0.5189,H,H,1.0
2022-03-18,St Etienne,Troyes,1454.01,1450.4,0.6448,D,H,
2022-03-18,Bochum,M'gladbach,1482.09,1450.62,0.6807,A,H,0.0
2022-03-18,Wolves,Leeds,1550.17,1387.96,0.819,A,H,0.0
2022-03-18,Ath Bilbao,Getafe,1544.73,1440.37,0.7643,D,H,
2022-03-18,Sassuolo,Spezia,1572.29,1417.82,0.8123,H,H,1.0
2022-03-19,Bayern Munich,Union Berlin,1761.75,1518.68,0.8781,H,H,1.0
2022-03-19,Aston Villa,Arsenal,1517.21,1652.97,0.4487,A,A,1.0
2022-03-19,Alaves,Granada,1384.08,1361.92,0.6689,A,H,0.0
2022-03-19,Mainz,Bielefeld,1508.76,1441.86,0.7233,H,H,1.0
2022-03-19,Elche,Valencia,1464.09,1505.63,0.5833,A,H,0.0
2022-03-19,Lens,Clermont,1496.94,1423.21,0.7311,H,H,1.0
2022-03-19,Nantes,Lille,1543.28,1638.77,0.5065,A,H,0.0
2022-03-19,Stuttgart,Augsburg,1404.04,1446.71,0.5818,H,H,1.0
2022-03-19,Inter,Fiorentina,1742.24,1548.13,0.8446,D,H,
2022-03-19,Cagliari,Milan,1421.0,1734.5,0.2264,A,A,1.0
2022-03-19,Greuther Furth,Freiburg,1347.88,1578.47,0.3204,D,A,
2022-03-19,Hertha,Hoffenheim,1342.77,1602.93,0.2846,H,A,0.0
2022-03-19,Vallecano,Ath Madrid,1423.71,1672.39,0.2982,A,A,1.0
2022-03-19,Napoli,Udinese,1724.05,1477.01,0.8806,H,H,1.0
2022-03-19,Osasuna,Levante,1488.96,1356.42,0.7923,H,H,1.0
2022-03-20,Leicester,Brentford,1526.03,1415.34,0.7708,H,H,1.0
2022-03-20,Roma,Lazio,1601.26,1632.71,0.5974,H,H,1.0
2022-03-20,Juventus,Salernitana,1726.19,1364.93,0.9343,H,H,1.0
2022-03-20,Bologna,Atalanta,1428.1,1631.97,0.3548,A,A,1.0
2022-03-20,Tottenham,West Ham,1593.18,1589.0,0.6456,H,H,1.0
2022-03-20,Celta,Betis,1526.61,1586.51,0.5575,D,H,
2022-03-20,Wolfsburg,Leverkusen,1469.62,1595.89,0.4623,A,A,1.0
2022-03-20,Venezia,Sampdoria,1386.37,1407.15,0.6121,A,H,0.0
2022-03-20,Empoli,Verona,1432.98,1527.57,0.5078,D,H,
2022-03-20,Monaco,Paris SG,1583.88,1739.3,0.4209,H,A,0.0
2022-03-20,Angers,Brest,1345.15,1468.84,0.466,H,A,0.0
2022-03-20,Bordeaux,Montpellier,1363.76,1486.27,0.4677,A,A,1.0
2022-03-20,Lorient,Strasbourg,1426.33,1594.99,0.4025,D,A,
2022-03-20,Rennes,Metz,1626.19,1387.72,0.8753,H,H,1.0
2022-03-20,Reims,Lyon,1500.32,1581.66,0.5268,D,H,
2022-03-20,Marseille,Nice,1602.01,1608.26,0.6317,H,H,1.0
2022-03-20,Espanol,Mallorca,1472.57,1378.47,0.7535,H,H,1.0
2022-03-20,RB Leipzig,Ein Frankfurt,1632.37,1545.96,0.7452,D,H,
2022-03-20,Sevilla,Sociedad,1690.55,1578.05,0.7726,D,H,
2022-03-20,Cadiz,Villarreal,1396.81,1610.58,0.3419,H,A,0.0
2022-03-20,FC Koln,Dortmund,1533.9,1714.96,0.3854,D,A,
2022-03-20,Real Madrid,Barcelona,1796.14,1717.22,0.7369,A,H,0.0
2022-04-01,Union Berlin,FC Koln,1512.06,1537.56,0.6056,H,H,1.0
2022-04-02,Getafe,Mallorca,1448.83,1368.21,0.7388,H,H,1.0
2022-04-02,Spezia,Venezia,1408.2,1357.44,0.7043,H,H,1.0
2022-04-02,Lazio,Sassuolo,1612.07,1581.91,0.679,H,H,1.0
2022-04-02,Bielefeld,Stuttgart,1426.81,1421.46,0.6471,D,H,
2022-04-02,Ein Frankfurt,Greuther Furth,1553.81,1353.62,0.8492,D,H,
2022-04-02,Freiburg,Bayern Munich,1572.73,1768.38,0.3657,A,A,1.0
2022-04-02,Leverkusen,Hertha,1617.74,1379.45,0.8752,H,H,1.0
2022-04-02,Dortmund,RB Leipzig,1711.29,1624.52,0.7456,A,H,0.0
2022-04-02,Ath Madrid,Alaves,1684.81,1356.23,0.9218,H,H,1.0
2022-04-02,Nice,Rennes,1592.93,1633.28,0.585,D,H,
2022-04-02,Celta,Real Madrid,1524.77,1756.08,0.3195,A,A,1.0
2022-04-02,Levante,Villarreal,1346.6,1583.18,0.313,H,A,0.0
2022-04-02,Hoffenheim,Bochum,1566.25,1449.92,0.7765,A,H,0.0
2022-04-02,Salernitana,Torino,1361.83,1447.94,0.52,A,H,0.0
2022-04-02,Lille,Bordeaux,1659.86,1341.66,0.9174,D,H,
2022-04-02,Chelsea,Brentford,1730.85,1405.8,0.9203,A,H,0.0
2022-04-02,Man United,Leicester,1631.32,1535.57,0.7553,D,H,
2022-04-02,Liverpool,Watford,1805.85,1366.29,0.9571,H,H,1.0
2022-04-02,Brighton,Norwich,1408.11,1320.9,0.7461,D,H,
2022-04-02,Burnley,Man City,1394.32,1798.37,0.148,A,A,1.0
2022-04-02,Wolves,Aston Villa,1516.07,1498.53,0.663,H,H,1.0
2022-04-02,Leeds,Southampton,1422.05,1446.95,0.6064,D,H,
2022-04-03,St Etienne,Marseille,1449.38,1617.34,0.4034,A,A,1.0
2022-04-03,Strasbourg,Lens,1591.87,1509.65,0.7406,H,H,1.0
2022-04-03,Clermont,Nantes,1410.5,1522.19,0.4832,A,A,1.0
2022-04-03,Tottenham,Newcastle,1609.93,1494.92,0.7752,H,H,1.0
2022-04-03,West Ham,Everton,1572.24,1380.19,0.8431,H,H,1.0
2022-04-03,Metz,Monaco,1380.62,1613.57,0.3175,A,A,1.0
2022-04-03,Ath Bilbao,Elche,1536.27,1439.8,0.756,H,H,1.0
2022-04-03,Augsburg,Wolfsburg,1429.29,1447.77,0.6152,H,H,1.0
2022-04-03,M'gladbach,Mainz,1482.79,1523.8,0.5841,D,H,
2022-04-03,Paris SG,Lorient,1709.62,1429.45,0.8992,H,H,1.0
2022-04-03,Lyon,Angers,1582.51,1367.38,0.8598,H,H,1.0
2022-04-03,Troyes,Reims,1455.04,1499.47,0.5793,H,H,1.0
2022-04-03,Atalanta,Napoli,1646.74,1729.02,0.5255,A,H,0.0
2022-04-03,Udinese,Cagliari,1472.04,1411.57,0.7158,H,H,1.0
2022-04-03,Fiorentina,Empoli,1559.15,1432.73,0.7864,H,H,1.0
2022-04-03,Juventus,Inter,1729.3,1731.22,0.6375,A,H,0.0
2022-04-03,Betis,Osasuna,1588.35,1498.78,0.7486,H,H,1.0
2022-04-03,Granada,Vallecano,1389.77,1411.3,0.611,D,H,
2022-04-03,Valencia,Cadiz,1529.91,1424.21,0.7657,D,H,
2022-04-03,Barcelona,Sevilla,1757.29,1681.82,0.733,H,H,1.0
2022-04-03,Sampdoria,Roma,1436.08,1621.9,0.3789,A,A,1.0
2022-04-03,Montpellier,Brest,1508.37,1446.61,0.7173,A,H,0.0
2022-04-04,Crystal Palace,Arsenal,1498.91,1671.65,0.3968,H,A,0.0
2022-04-04,Verona,Genoa,1527.82,1401.13,0.7867,H,H,1.0
2022-04-04,Milan,Bologna,1743.92,1413.33,0.9226,D,H,
2022-04-04,Sociedad,Espanol,1586.78,1482.83,0.7639,H,H,1.0
2022-04-06,Burnley,Everton,1387.33,1373.65,0.658,H,H,1.0
2022-04-06,Augsburg,Mainz,1449.02,1526.49,0.5324,H,H,1.0
2022-04-08,Sevilla,Granada,1670.71,1386.21,0.9014,H,H,1.0
2022-04-08,Newcastle,Wolves,1482.7,1530.11,0.5751,H,H,1.0
2022-04-08,Stuttgart,Dortmund,1426.17,1673.07,0.3003,A,A,1.0
2022-04-08,Lorient,St Etienne,1423.97,1430.31,0.6316,H,H,1.0
2022-04-09,Bayern Munich,Augsburg,1787.13,1468.49,0.9176,H,H,1.0
2022-04-09,Clermont,Paris SG,1390.38,1715.1,0.2152,A,A,1.0
2022-04-09,Greuther Furth,M'gladbach,1364.8,1480.1,0.478,A,A,1.0
2022-04-09,FC Koln,Mainz,1521.14,1507.03,0.6586,H,H,1.0
2022-04-09,Cadiz,Betis,1432.71,1601.24,0.4026,A,A,1.0
2022-04-09,Mallorca,Ath Madrid,1357.33,1688.82,0.2087,H,A,0.0
2022-04-09,Villarreal,Ath Bilbao,1550.71,1546.43,0.6457,D,H,
2022-04-09,Hertha,Union Berlin,1374.25,1528.48,0.4226,A,A,1.0
2022-04-09,Wolfsburg,Bielefeld,1428.04,1422.11,0.6479,H,H,1.0
2022-04-09,Reims,Rennes,1481.95,1636.0,0.4228,A,A,1.0
2022-04-09,Real Madrid,Getafe,1769.38,1459.71,0.9136,H,H,1.0
2022-04-09,Watford,Leeds,1364.26,1418.65,0.5653,A,H,0.0
2022-04-09,Everton,Man United,1359.41,1623.15,0.2804,H,A,0.0
2022-04-09,Aston Villa,Tottenham,1484.5,1622.16,0.446,A,A,1.0
2022-04-09,Cagliari,Juventus,1396.12,1702.76,0.2333,A,A,1.0
2022-04-09,Inter,Verona,1757.76,1536.7,0.8639,H,H,1.0
2022-04-09,Empoli,Spezia,1423.83,1420.51,0.6445,D,H,
2022-04-09,Southampton,Chelsea,1450.36,1683.67,0.317,A,A,1.0
2022-04-09,Arsenal,Brighton,1640.73,1400.24,0.8765,A,H,0.0
2022-04-10,Napoli,Fiorentina,1753.86,1568.05,0.8383,A,H,0.0
2022-04-10,Sassuolo,Atalanta,1568.55,1621.9,0.5667,H,H,1.0
2022-04-10,Venezia,Udinese,1345.13,1487.49,0.4393,A,A,1.0
2022-04-10,Roma,Salernitana,1637.67,1340.18,0.9079,H,H,1.0
2022-04-10,Torino,Milan,1469.59,1730.39,0.2838,D,A,
2022-04-10,Bordeaux,Metz,1355.01,1367.4,0.6235,H,H,1.0
2022-04-10,Angers,Lille,1361.55,1646.5,0.2564,D,A,
2022-04-10,Brest,Nantes,1476.47,1542.31,0.549,D,H,
2022-04-10,Monaco,Troyes,1626.79,1472.55,0.8121,H,H,1.0
2022-04-10,Lens,Nice,1498.85,1590.21,0.5124,H,H,1.0
2022-04-10,Strasbourg,Lyon,1602.67,1588.35,0.6588,D,H,
2022-04-10,Marseille,Montpellier,1636.41,1478.51,0.8153,H,H,1.0
2022-04-10,Man City,Liverpool,1805.37,1807.87,0.6367,D,H,
2022-04-10,Norwich,Burnley,1328.77,1401.57,0.5391,H,H,1.0
2022-04-10,Leicester,Crystal Palace,1543.74,1529.84,0.6583,H,H,1.0
2022-04-10,Brentford,West Ham,1452.98,1578.78,0.4629,H,A,0.0
2022-04-10,Osasuna,Alaves,1485.89,1352.22,0.7933,H,H,1.0
2022-04-10,Espanol,Celta,1473.0,1511.47,0.5876,H,H,1.0
2022-04-10,Elche,Sociedad,1429.65,1596.61,0.4048,A,A,1.0
2022-04-10,Levante,Barcelona,1379.07,1768.4,0.159,A,A,1.0
2022-04-10,Genoa,Lazio,1392.24,1625.43,0.3172,A,A,1.0
2022-04-10,Bochum,Leverkusen,1482.25,1622.94,0.4417,D,A,
2022-04-10,Ein Frankfurt,Freiburg,1542.63,1553.98,0.6249,A,H,0.0
2022-04-10,RB Leipzig,Hoffenheim,1662.74,1533.92,0.7887,H,H,1.0
2022-04-11,Vallecano,Valencia,1414.85,1521.41,0.4906,D,A,
2022-04-11,Bologna,Sampdoria,1426.85,1420.3,0.6487,H,H,1.0
2022-04-15,Sociedad,Betis,1613.46,1618.0,0.634,D,H,
2022-04-15,Spezia,Inter,1425.13,1764.19,0.2016,A,A,1.0
2022-04-15,Milan,Genoa,1723.48,1375.98,0.9293,H,H,1.0
2022-04-15,Rennes,Monaco,1653.61,1634.61,0.6649,A,H,0.0
2022-04-16,Southampton,Arsenal,1431.64,1604.24,0.397,H,A,0.0
2022-04-16,Augsburg,Hertha,1465.06,1352.59,0.7726,A,H,0.0
2022-04-16,Dortmund,Wolfsburg,1687.27,1447.18,0.8763,H,H,1.0
2022-04-16,M'gladbach,FC Koln,1502.69,1535.36,0.5957,A,H,0.0
2022-04-16,Mainz,Stuttgart,1492.81,1411.97,0.739,D,H,
2022-04-16,Watford,Brentford,1335.28,1478.37,0.4383,A,A,1.0
2022-04-16,Getafe,Villarreal,1455.62,1546.05,0.5138,A,H,0.0
2022-04-16,Valencia,Osasuna,1521.11,1494.49,0.6746,A,H,0.0
2022-04-16,Alaves,Vallecano,1343.62,1415.15,0.5409,H,H,1.0
2022-04-16,Elche,Mallorca,1412.79,1390.28,0.6694,H,H,1.0
2022-04-16,Tottenham,Brighton,1646.41,1436.73,0.856,A,H,0.0
2022-04-16,Freiburg,Bochum,1579.99,1484.11,0.7554,H,H,1.0
2022-04-16,Man United,Norwich,1593.19,1350.56,0.8779,H,H,1.0
2022-04-16,Lazio,Torino,1641.69,1476.51,0.8215,D,H,
2022-04-16,Juventus,Bologna,1712.47,1443.46,0.8932,D,H,
2022-04-16,Udinese,Empoli,1505.78,1419.21,0.7453,H,H,1.0
2022-04-16,Sampdoria,Salernitana,1403.7,1336.35,0.7238,A,H,0.0
2022-04-16,Cagliari,Sassuolo,1386.41,1586.59,0.3597,H,A,0.0
2022-04-16,St Etienne,Brest,1410.28,1474.9,0.5507,H,H,1.0
2022-04-16,Lille,Lens,1638.71,1523.84,0.775,A,H,0.0
2022-04-16,Fiorentina,Venezia,1602.95,1326.84,0.8971,H,H,1.0
2022-04-17,Newcastle,Leicester,1500.39,1557.97,0.5607,H,H,1.0
2022-04-17,West Ham,Burnley,1553.39,1379.78,0.8285,D,H,
2022-04-17,Lyon,Bordeaux,1593.43,1372.81,0.8636,H,H,1.0
2022-04-17,Nantes,Angers,1543.88,1369.34,0.8293,D,H,
2022-04-17,Montpellier,Reims,1469.78,1464.35,0.6472,D,H,
2022-04-17,Paris SG,Marseille,1727.35,1645.15,0.7405,H,H,1.0
2022-04-17,Sevilla,Real Madrid,1675.37,1773.47,0.5027,A,H,0.0
2022-04-17,Ath Bilbao,Celta,1551.09,1494.3,0.7115,A,H,0.0
2022-04-17,Ath Madrid,Espanol,1655.87,1490.17,0.8219,H,H,1.0
2022-04-17,Bielefeld,Bayern Munich,1402.96,1790.56,0.1604,A,A,1.0
2022-04-17,Hoffenheim,Greuther Furth,1523.09,1342.2,0.8344,D,H,
2022-04-17,Union Berlin,Ein Frankfurt,1550.14,1516.62,0.6832,H,H,1.0
2022-04-17,Leverkusen,RB Leipzig,1621.08,1673.58,0.5679,A,H,0.0
2022-04-17,Metz,Clermont,1349.61,1378.13,0.6014,D,H,
2022-04-17,Nice,Lorient,1565.21,1444.0,0.7813,H,H,1.0
2022-04-17,Granada,Levante,1381.56,1372.45,0.652,A,H,0.0
2022-04-17,Troyes,Strasbourg,1464.73,1597.58,0.4529,D,A,
2022-04-18,Napoli,Roma,1718.96,1641.51,0.7353,D,H,
2022-04-18,Atalanta,Verona,1603.86,1530.27,0.7309,A,H,0.0
2022-04-18,Barcelona,Cadiz,1775.02,1415.95,0.9336,A,H,0.0
2022-04-19,Villarreal,Valencia,1567.44,1493.03,0.7318,H,H,1.0
2022-04-19,Mallorca,Alaves,1373.33,1362.73,0.654,H,H,1.0
2022-04-19,Liverpool,Man United,1812.25,1598.28,0.859,H,H,1.0
2022-04-19,Betis,Elche,1622.29,1429.74,0.8434,A,H,0.0
2022-04-20,Everton,Leicester,1389.37,1539.68,0.4281,D,A,
2022-04-20,Strasbourg,Rennes,1596.08,1625.93,0.5996,H,H,1.0
2022-04-20,Marseille,Nantes,1634.34,1533.34,0.7608,H,H,1.0
2022-04-20,Lens,Montpellier,1556.11,1465.07,0.7502,H,H,1.0
2022-04-20,Celta,Getafe,1527.93,1434.23,0.7531,A,H,0.0
2022-04-20,Ath Madrid,Granada,1663.29,1348.13,0.916,D,H,
2022-04-20,Man City,Brighton,1800.99,1472.37,0.9218,H,H,1.0
2022-04-20,Newcastle,Crystal Palace,1518.67,1515.61,0.6441,H,H,1.0
2022-04-20,Lorient,Metz,1434.89,1346.36,0.7475,H,H,1.0
2022-04-20,Bordeaux,St Etienne,1365.05,1428.98,0.5517,D,H,
2022-04-20,Chelsea,Arsenal,1702.39,1579.13,0.7833,A,H,0.0
2022-04-20,Monaco,Nice,1662.29,1574.32,0.7469,H,H,1.0
2022-04-20,Reims,Lille,1469.06,1606.44,0.4464,H,A,0.0
2022-04-20,Osasuna,Real Madrid,1522.58,1794.4,0.2711,A,A,1.0
2022-04-20,Udinese,Salernitana,1518.83,1366.48,0.8104,A,H,0.0
2022-04-20,Angers,Paris SG,1379.88,1738.15,0.1844,A,A,1.0
2022-04-20,Brest,Lyon,1456.2,1601.19,0.4356,H,A,0.0
2022-04-20,Troyes,Clermont,1466.24,1381.38,0.7435,A,H,0.0
2022-04-21,Burnley,Southampton,1390.29,1456.74,0.5481,H,H,1.0
2022-04-21,Sociedad,Barcelona,1609.17,1736.15,0.4612,A,A,1.0
2022-04-21,Cadiz,Ath Bilbao,1454.82,1517.46,0.5536,A,H,0.0
2022-04-21,Levante,Sevilla,1405.88,1654.44,0.2983,A,A,1.0
2022-04-21,Espanol,Vallecano,1482.76,1396.04,0.7455,A,H,0.0
2022-04-22,Wolfsburg,Mainz,1440.15,1485.16,0.5785,H,H,1.0
2022-04-23,Lyon,Montpellier,1577.7,1453.26,0.7845,H,H,1.0
2022-04-23,Freiburg,M'gladbach,1592.53,1474.54,0.7781,D,H,
2022-04-23,Greuther Furth,Leverkusen,1352.9,1597.43,0.3032,A,A,1.0
2022-04-23,Paris SG,Lens,1747.6,1567.92,0.8334,D,H,
2022-04-23,Verona,Sampdoria,1560.7,1373.56,0.8393,D,H,
2022-04-23,Inter,Roma,1773.72,1649.04,0.7847,H,H,1.0
2022-04-23,Norwich,Newcastle,1345.47,1533.49,0.376,A,A,1.0
2022-04-23,Man City,Watford,1805.0,1317.03,0.9672,H,H,1.0
2022-04-23,Leicester,Aston Villa,1537.38,1460.25,0.7349,D,H,
2022-04-23,Arsenal,Man United,1616.16,1590.62,0.6732,H,H,1.0
2022-04-23,Ein Frankfurt,Hoffenheim,1501.64,1512.39,0.6257,D,H,
2022-04-23,FC Koln,Bielefeld,1563.52,1394.74,0.8245,H,H,1.0
2022-04-23,St Etienne,Monaco,1430.64,1672.83,0.3061,A,A,1.0
2022-04-23,Venezia,Atalanta,1322.55,1573.43,0.2956,A,A,1.0
2022-04-23,Torino,Spezia,1486.8,1415.6,0.7282,H,H,1.0
2022-04-23,Brentford,Tottenham,1496.62,1610.77,0.4796,D,A,
2022-04-23,RB Leipzig,Union Berlin,1697.22,1565.12,0.7918,A,H,0.0
2022-04-23,Bayern Munich,Dortmund,1798.78,1694.3,0.7644,H,H,1.0
2022-04-24,Brighton,Southampton,1468.36,1435.38,0.6825,D,H,
2022-04-24,Hertha,Stuttgart,1384.75,1419.62,0.5927,H,H,1.0
2022-04-24,Liverpool,Everton,1819.91,1391.67,0.9544,H,H,1.0
2022-04-24,Bochum,Augsburg,1471.57,1432.89,0.6896,A,H,0.0
2022-04-24,Barcelona,Vallecano,1755.36,1427.08,0.9217,A,H,0.0
2022-04-24,Burnley,Wolves,1411.65,1512.42,0.4989,H,A,0.0
2022-04-24,Salernitana,Fiorentina,1400.22,1607.23,0.3507,H,A,0.0
2022-04-24,Rennes,Lorient,1609.26,1445.41,0.8204,H,H,1.0
2022-04-24,Lille,Strasbourg,1583.39,1612.75,0.6003,H,H,1.0
2022-04-24,Nice,Troyes,1563.78,1435.28,0.7884,H,H,1.0
2022-04-24,Clermont,Angers,1412.33,1370.42,0.6936,D,H,
2022-04-24,Nantes,Bordeaux,1523.38,1363.4,0.8171,H,H,1.0
2022-04-24,Bologna,Udinese,1456.04,1485.09,0.6007,D,H,
2022-04-24,Chelsea,West Ham,1665.36,1542.88,0.7826,H,H,1.0
2022-04-24,Metz,Brest,1335.85,1479.7,0.4372,A,A,1.0
2022-04-24,Reims,Marseille,1492.11,1644.3,0.4254,A,A,1.0
2022-04-24,Lazio,Milan,1631.4,1726.82,0.5066,A,H,0.0
2022-04-24,Genoa,Cagliari,1372.64,1413.06,0.5849,H,H,1.0
2022-04-24,Empoli,Napoli,1406.16,1711.43,0.2348,H,A,0.0
2022-04-25,Sassuolo,Juventus,1559.93,1699.89,0.4427,A,A,1.0
2022-04-25,Crystal Palace,Leeds,1500.79,1447.63,0.7072,D,H,
2022-04-27,Bologna,Inter,1452.82,1783.9,0.2091,H,A,0.0
2022-04-27,Atalanta,Torino,1587.4,1498.11,0.7483,D,H,
2022-04-27,Fiorentina,Udinese,1580.2,1488.32,0.7511,A,H,0.0
2022-04-28,Man United,Chelsea,1575.17,1674.41,0.5011,D,H,
2022-04-29,Union Berlin,Greuther Furth,1598.08,1337.36,0.8886,D,H,
2022-04-29,Strasbourg,Paris SG,1596.1,1736.93,0.4415,D,A,
2022-04-29,Sevilla,Cadiz,1666.86,1431.77,0.8731,D,H,
2022-04-30,Lens,Nantes,1578.59,1532.03,0.6992,D,H,
2022-04-30,Spezia,Lazio,1404.28,1610.31,0.352,A,A,1.0
2022-04-30,Sampdoria,Genoa,1384.42,1389.92,0.6327,H,H,1.0
2022-04-30,Napoli,Sassuolo,1679.57,1541.5,0.7975,H,H,1.0
2022-04-30,Newcastle,Liverpool,1552.77,1822.07,0.274,A,A,1.0
2022-04-30,Aston Villa,Norwich,1467.77,1326.2,0.8007,H,H,1.0
2022-04-30,Southampton,Crystal Palace,1441.23,1494.16,0.5673,A,H,0.0
2022-04-30,Watford,Burnley,1315.25,1432.51,0.4752,A,A,1.0
2022-04-30,Wolves,Brighton,1491.55,1462.52,0.6776,A,H,0.0
2022-04-30,Cagliari,Verona,1395.78,1549.84,0.4228,A,A,1.0
2022-04-30,Leeds,Man City,1454.26,1806.78,0.1894,A,A,1.0
2022-04-30,Hoffenheim,Freiburg,1516.41,1583.63,0.547,A,H,0.0
2022-04-30,Stuttgart,Wolfsburg,1400.36,1464.13,0.552,D,H,
2022-04-30,Mainz,Bayern Munich,1461.18,1809.92,0.1928,H,A,0.0
2022-04-30,Dortmund,Bochum,1683.17,1438.97,0.8788,A,H,0.0
2022-04-30,Bielefeld,Hertha,1386.45,1404.01,0.6165,D,H,
2022-04-30,Augsburg,FC Koln,1465.49,1571.81,0.4909,A,A,1.0
2022-04-30,Alaves,Villarreal,1348.33,1580.11,0.3189,H,A,0.0
2022-04-30,Real Madrid,Espanol,1807.21,1451.72,0.9323,H,H,1.0
2022-04-30,Valencia,Levante,1480.35,1393.46,0.7457,D,H,
2022-04-30,Ath Bilbao,Ath Madrid,1540.51,1649.97,0.4864,H,A,0.0
2022-04-30,Rennes,St Etienne,1619.48,1414.95,0.8523,H,H,1.0
2022-05-01,Empoli,Torino,1438.02,1506.06,0.5459,A,H,0.0
2022-05-01,Juventus,Venezia,1718.32,1308.58,0.9495,H,H,1.0
2022-05-01,Elche,Osasuna,1464.86,1509.76,0.5786,D,H,
2022-05-01,Everton,Chelsea,1389.52,1674.45,0.2564,H,A,0.0
2022-05-01,Vallecano,Sociedad,1465.45,1589.97,0.4648,D,A,
2022-05-01,Barcelona,Mallorca,1716.99,1387.73,0.9221,H,H,1.0
2022-05-01,Tottenham,Leicester,1610.12,1529.86,0.7384,H,H,1.0
2022-05-01,West Ham,Arsenal,1533.83,1631.61,0.5032,A,H,0.0
2022-05-01,Udinese,Inter,1529.15,1750.97,0.3315,A,A,1.0
2022-05-01,Roma,Bologna,1638.86,1485.74,0.8111,D,H,
2022-05-01,Granada,Celta,1361.44,1492.33,0.4557,D,A,
2022-05-01,Milan,Fiorentina,1747.91,1539.36,0.8552,H,H,1.0
2022-05-01,Montpellier,Metz,1442.21,1317.64,0.7846,D,H,
2022-05-01,Troyes,Lille,1426.47,1600.03,0.3957,H,A,0.0
2022-05-01,Marseille,Lyon,1662.01,1588.74,0.7306,A,H,0.0
2022-05-01,Bordeaux,Nice,1354.75,1572.59,0.3366,A,A,1.0
2022-05-01,Brest,Clermont,1497.9,1406.14,0.751,H,H,1.0
2022-05-01,Monaco,Angers,1688.52,1376.62,0.9146,H,H,1.0
2022-05-01,Lorient,Reims,1435.19,1474.39,0.5866,A,H,0.0
2022-05-02,M'gladbach,RB Leipzig,1483.44,1664.25,0.3857,H,A,0.0
2022-05-02,Leverkusen,Ein Frankfurt,1612.98,1497.62,0.7755,H,H,1.0
2022-05-02,Atalanta,Salernitana,1579.46,1427.25,0.8103,D,H,
2022-05-02,Getafe,Betis,1469.83,1587.17,0.4751,D,A,
2022-05-02,Man United,Brentford,1575.13,1497.27,0.7357,H,H,1.0
2022-05-05,Salernitana,Venezia,1437.18,1306.48,0.7905,H,H,1.0
2022-05-06,Lille,Monaco,1569.05,1692.56,0.4662,A,A,1.0
2022-05-06,Genoa,Juventus,1374.63,1720.42,0.1955,H,A,0.0
2022-05-06,Inter,Empoli,1764.77,1412.21,0.9312,H,H,1.0
2022-05-06,Levante,Sociedad,1401.32,1588.84,0.3766,H,A,0.0
2022-05-06,Bochum,Bielefeld,1475.56,1382.72,0.7521,H,H,1.0
2022-05-07,Lazio,Sampdoria,1624.97,1399.71,0.8667,H,H,1.0
2022-05-07,Chelsea,Wolves,1643.49,1456.82,0.8389,D,H,
2022-05-07,Brighton,Man United,1497.26,1588.68,0.5123,H,H,1.0
2022-05-07,Liverpool,Tottenham,1833.47,1622.48,0.857,D,H,
2022-05-07,Brest,Strasbourg,1509.67,1597.98,0.5168,A,H,0.0
2022-05-07,Brentford,Southampton,1483.72,1417.61,0.7224,H,H,1.0
2022-05-07,Burnley,Aston Villa,1452.3,1477.19,0.6064,A,H,0.0
2022-05-07,Crystal Palace,Watford,1517.78,1295.47,0.8648,H,H,1.0
2022-05-07,Cadiz,Elche,1443.71,1462.34,0.615,H,H,1.0
2022-05-07,Hertha,Mainz,1407.74,1499.33,0.5121,A,H,0.0
2022-05-07,Hoffenheim,Leverkusen,1493.64,1623.59,0.457,A,A,1.0
2022-05-07,Greuther Furth,Dortmund,1349.79,1646.58,0.2436,A,A,1.0
2022-05-07,Freiburg,Union Berlin,1606.41,1585.65,0.6671,A,H,0.0
2022-05-07,FC Koln,Wolfsburg,1596.98,1465.79,0.791,A,H,0.0
2022-05-07,Torino,Napoli,1531.86,1691.1,0.4156,A,A,1.0
2022-05-07,Mallorca,Granada,1384.49,1362.86,0.6682,A,H,0.0
2022-05-07,Ath Bilbao,Valencia,1564.78,1472.49,0.7516,D,H,
2022-05-07,Sassuolo,Udinese,1529.97,1515.35,0.6592,D,H,
2022-05-07,Celta,Alaves,1490.92,1376.68,0.7744,H,H,1.0
2022-05-07,Betis,Barcelona,1586.38,1720.23,0.4514,A,A,1.0
2022-05-08,Lorient,Marseille,1410.76,1624.56,0.3418,A,A,1.0
2022-05-08,Reims,Lens,1498.82,1572.21,0.5382,A,H,0.0
2022-05-08,Clermont,Montpellier,1394.37,1433.1,0.5873,H,H,1.0
2022-05-08,Man City,Newcastle,1817.08,1541.36,0.8969,H,H,1.0
2022-05-08,Metz,Lyon,1326.75,1626.2,0.2408,H,A,0.0
2022-05-08,Ath Madrid,Real Madrid,1625.69,1810.89,0.3798,H,A,0.0
2022-05-08,Angers,Bordeaux,1372.58,1340.73,0.6811,H,H,1.0
2022-05-08,Paris SG,Troyes,1735.06,1457.46,0.8979,D,H,
2022-05-08,Leicester,Everton,1517.5,1420.47,0.7566,A,H,0.0
2022-05-08,Norwich,West Ham,1316.78,1512.88,0.3651,A,A,1.0
2022-05-08,Ein Frankfurt,M'gladbach,1487.01,1512.47,0.6057,D,H,
2022-05-08,Arsenal,Leeds,1652.56,1443.96,0.8553,H,H,1.0
2022-05-08,Espanol,Osasuna,1448.03,1512.28,0.5513,D,H,
2022-05-08,Villarreal,Sevilla,1551.76,1654.92,0.4955,D,A,
2022-05-08,Getafe,Vallecano,1470.63,1466.58,0.6454,D,H,
2022-05-08,Verona,Milan,1567.44,1753.94,0.378,A,A,1.0
2022-05-08,Salernitana,Cagliari,1445.9,1378.18,0.7242,D,H,
2022-05-08,Venezia,Bologna,1297.76,1495.7,0.3627,H,A,0.0
2022-05-08,Spezia,Atalanta,1389.63,1569.53,0.387,A,A,1.0
2022-05-08,RB Leipzig,Augsburg,1635.22,1440.32,0.8452,H,H,1.0
2022-05-08,Bayern Munich,Stuttgart,1771.76,1398.7,0.9384,D,H,
2022-05-09,Fiorentina,Roma,1533.33,1628.91,0.5064,H,H,1.0
2022-05-10,Granada,Ath Bilbao,1399.19,1556.73,0.4179,H,A,0.0
2022-05-10,Aston Villa,Liverpool,1505.85,1822.05,0.2236,A,A,1.0
2022-05-10,Valencia,Betis,1480.54,1567.58,0.5186,A,H,0.0
2022-05-10,Barcelona,Celta,1739.02,1503.18,0.8736,H,H,1.0
2022-05-11,Elche,Ath Madrid,1442.6,1651.52,0.3482,A,A,1.0
2022-05-11,Wolves,Man City,1467.66,1822.95,0.187,A,A,1.0
2022-05-11,Alaves,Espanol,1364.42,1446.39,0.5259,H,H,1.0
2022-05-11,Osasuna,Getafe,1513.92,1465.97,0.7009,D,H,
2022-05-11,Sevilla,Mallorca,1654.77,1348.16,0.9122,D,H,
2022-05-11,Leicester,Norwich,1486.0,1296.93,0.8408,H,H,1.0
2022-05-11,Leeds,Chelsea,1437.93,1632.65,0.367,A,A,1.0
2022-05-11,Watford,Everton,1289.84,1451.97,0.4115,D,A,
2022-05-11,Nantes,Rennes,1538.4,1626.46,0.5172,H,H,1.0
2022-05-11,Nice,St Etienne,1586.6,1407.97,0.8326,H,H,1.0
2022-05-12,Tottenham,Arsenal,1633.9,1658.58,0.6067,H,H,1.0
2022-05-12,Real Madrid,Levante,1785.07,1427.27,0.9331,H,H,1.0
2022-05-12,Vallecano,Villarreal,1471.23,1551.9,0.5278,A,H,0.0
2022-05-12,Sociedad,Cadiz,1562.89,1463.45,0.7592,H,H,1.0
2022-05-14,Monaco,Brest,1711.97,1488.15,0.8658,H,H,1.0
2022-05-14,Nice,Lille,1594.52,1549.64,0.6972,A,H,0.0
2022-05-14,Rennes,Marseille,1606.36,1642.09,0.5915,H,H,1.0
2022-05-14,St Etienne,Reims,1400.05,1476.41,0.534,A,H,0.0
2022-05-14,Strasbourg,Clermont,1619.49,1411.55,0.8548,H,H,1.0
2022-05-14,Montpellier,Paris SG,1415.92,1722.33,0.2336,A,A,1.0
2022-05-14,Metz,Angers,1358.36,1388.93,0.5986,H,H,1.0
2022-05-14,Bielefeld,RB Leipzig,1372.4,1643.63,0.2718,D,A,
2022-05-14,Troyes,Lens,1470.19,1594.62,0.4649,A,A,1.0
2022-05-14,Bordeaux,Lorient,1324.39,1393.24,0.5447,D,H,
2022-05-14,Roma,Venezia,1605.57,1324.29,0.8998,D,H,
2022-05-14,Verona,Torino,1549.58,1514.56,0.6851,A,H,0.0
2022-05-14,Udinese,Spezia,1520.44,1371.34,0.8075,A,H,0.0
2022-05-14,Empoli,Salernitana,1408.96,1438.73,0.5997,D,H,
2022-05-14,Lyon,Nantes,1594.59,1558.5,0.6864,H,H,1.0
2022-05-14,Augsburg,Greuther Furth,1431.91,1338.28,0.753,H,H,1.0
2022-05-14,Espanol,Valencia,1426.66,1453.95,0.6031,D,H,
2022-05-14,Dortmund,Hertha,1658.1,1386.42,0.8947,H,H,1.0
2022-05-14,Mainz,Ein Frankfurt,1520.65,1483.63,0.6876,D,H,
2022-05-14,M'gladbach,Hoffenheim,1515.85,1472.04,0.6959,H,H,1.0
2022-05-14,Stuttgart,FC Koln,1412.73,1564.05,0.4267,H,A,0.0
2022-05-14,Union Berlin,Bochum,1619.85,1485.88,0.7936,H,H,1.0
2022-05-14,Wolfsburg,Bayern Munich,1498.72,1757.73,0.2859,D,A,
2022-05-14,Leverkusen,Freiburg,1645.19,1572.21,0.7302,H,H,1.0
2022-05-15,Bologna,Sassuolo,1469.17,1524.88,0.5634,A,H,0.0
2022-05-15,Napoli,Genoa,1708.4,1408.13,0.9092,H,H,1.0
2022-05-15,Milan,Atalanta,1771.81,1587.82,0.8368,H,H,1.0
2022-05-15,Cagliari,Inter,1385.35,1768.03,0.1642,A,A,1.0
2022-05-15,Tottenham,Burnley,1654.07,1423.63,0.8701,H,H,1.0
2022-05-15,Leeds,Brighton,1419.12,1523.77,0.4933,D,A,
2022-05-15,Watford,Leicester,1292.67,1494.16,0.358,A,A,1.0
2022-05-15,West Ham,Man City,1532.73,1833.12,0.2398,D,A,
2022-05-15,Aston Villa,Crystal Palace,1496.54,1523.41,0.6037,D,H,
2022-05-15,Everton,Brentford,1449.14,1497.95,0.5731,A,H,0.0
2022-05-15,Villarreal,Sociedad,1580.6,1575.24,0.6471,A,H,0.0
2022-05-15,Ath Bilbao,Osasuna,1532.5,1507.49,0.6725,H,H,1.0
2022-05-15,Mallorca,Vallecano,1361.35,1442.53,0.527,H,H,1.0
2022-05-15,Levante,Alaves,1423.32,1384.15,0.6902,H,H,1.0
2022-05-15,Ath Madrid,Sevilla,1667.97,1641.58,0.6743,D,H,
2022-05-15,Betis,Granada,1594.17,1423.42,0.8261,H,H,1.0
2022-05-15,Cadiz,Real Madrid,1451.1,1789.02,0.2027,D,A,
2022-05-15,Wolves,Norwich,1457.49,1288.76,0.8245,D,H,
2022-05-15,Celta,Elche,1497.21,1426.15,0.728,H,H,1.0
2022-05-15,Getafe,Barcelona,1472.4,1745.0,0.2702,D,A,
2022-05-16,Newcastle,Arsenal,1535.49,1638.42,0.4958,H,A,0.0
2022-05-16,Juventus,Lazio,1686.93,1631.27,0.7101,D,H,
2022-05-16,Sampdoria,Fiorentina,1393.41,1556.67,0.41,H,A,0.0
2022-05-17,Southampton,Liverpool,1403.37,1831.36,0.1315,A,A,1.0
2022-05-19,Chelsea,Leicester,1651.46,1513.62,0.7972,D,H,
2022-05-19,Aston Villa,Burnley,1493.22,1418.22,0.7325,D,H,
2022-05-19,Everton,Crystal Palace,1425.28,1526.73,0.4979,H,A,0.0
2022-05-20,Torino,Roma,1543.08,1592.78,0.5719,A,H,0.0
2022-05-20,Vallecano,Levante,1422.84,1437.97,0.6198,A,H,0.0
2022-05-20,Real Madrid,Betis,1779.51,1602.39,0.8314,D,H,
2022-05-21,Valencia,Celta,1457.25,1508.53,0.5697,H,H,1.0
2022-05-21,Atalanta,Empoli,1580.11,1405.77,0.8291,A,H,0.0
2022-05-21,Fiorentina,Juventus,1526.42,1680.2,0.4232,H,A,0.0
2022-05-21,Lazio,Verona,1637.99,1521.05,0.7771,D,H,
2022-05-21,Angers,Montpellier,1372.22,1403.22,0.598,H,H,1.0
2022-05-21,Clermont,Lyon,1405.5,1607.65,0.3571,A,A,1.0
2022-05-21,Lens,Monaco,1616.59,1718.31,0.4975,D,A,
2022-05-21,Lorient,Troyes,1394.67,1448.21,0.5665,D,H,
2022-05-21,Marseille,Strasbourg,1622.78,1625.54,0.6364,H,H,1.0
2022-05-21,Nantes,St Etienne,1545.45,1377.82,0.8235,D,H,
2022-05-21,Paris SG,Metz,1735.03,1375.07,0.9339,H,H,1.0
2022-05-21,Reims,Nice,1498.64,1561.56,0.5532,A,H,0.0
2022-05-21,Genoa,Bologna,1403.47,1442.53,0.5868,A,H,0.0
2022-05-21,Brest,Bordeaux,1481.81,1322.96,0.8161,A,H,0.0
2022-05-21,Lille,Rennes,1582.6,1625.67,0.5812,D,H,
2022-05-22,Venezia,Cagliari,1337.08,1377.59,0.5848,D,H,
2022-05-22,Granada,Espanol,1415.2,1423.36,0.6292,D,H,
2022-05-22,Osasuna,Mallorca,1492.01,1381.04,0.7711,A,H,0.0
2022-05-22,Barcelona,Villarreal,1737.64,1553.65,0.8368,A,H,0.0
2022-05-22,Sevilla,Ath Bilbao,1647.16,1547.98,0.7589,H,H,1.0
2022-05-22,Sociedad,Ath Madrid,1602.18,1662.4,0.557,A,H,0.0
2022-05-22,Burnley,Newcastle,1425.66,1559.32,0.4517,A,A,1.0
2022-05-22,Salernitana,Udinese,1441.92,1486.82,0.5786,A,H,0.0
2022-05-22,Sassuolo,Milan,1551.51,1779.52,0.3237,A,A,1.0
2022-05-22,Alaves,Cadiz,1369.51,1460.62,0.5128,A,H,0.0
2022-05-22,Inter,Sampdoria,1775.79,1423.66,0.931,H,H,1.0
2022-05-22,Norwich,Tottenham,1299.15,1659.47,0.1826,A,A,1.0
2022-05-22,Man City,Aston Villa,1824.79,1485.78,0.926,H,H,1.0
2022-05-22,Liverpool,Wolves,1836.84,1447.11,0.9437,H,H,1.0
2022-05-22,Leicester,Southampton,1523.13,1397.9,0.7853,H,H,1.0
2022-05-22,Crystal Palace,Man United,1505.83,1562.17,0.5625,H,H,1.0
2022-05-22,Arsenal,Everton,1614.59,1446.18,0.8242,H,H,1.0
2022-05-22,Brentford,Leeds,1521.81,1419.33,0.7623,A,H,0.0
2022-05-22,Brighton,West Ham,1523.56,1541.05,0.6165,H,H,1.0
2022-05-22,Spezia,Napoli,1404.96,1713.05,0.2318,A,A,1.0
2022-05-22,Elche,Getafe,1414.82,1479.75,0.5503,H,H,1.0
2022-05-22,Chelsea,Watford,1641.95,1273.21,0.9369,H,H,1.0
2022-08-05,Crystal Palace,Arsenal,1524.04,1624.15,0.4999,A,A,1.0
2022-08-05,Lyon,Ajaccio,1622.51,1500.0,0.7826,H,H,1.0
2022-08-05,Ein Frankfurt,Bayern Munich,1489.63,1750.88,0.2833,A,A,1.0
2022-08-06,Augsburg,Freiburg,1442.19,1560.98,0.473,A,A,1.0
2022-08-06,Bournemouth,Aston Villa,1500.0,1482.7,0.6627,H,H,1.0
2022-08-06,Newcastle,Nott'm Forest,1578.13,1500.0,0.736,H,H,1.0
2022-08-06,Clermont,Paris SG,1390.64,1738.79,0.1933,A,A,1.0
2022-08-06,M'gladbach,Hoffenheim,1532.38,1455.5,0.7346,H,H,1.0
2022-08-06,Union Berlin,Hertha,1628.44,1382.03,0.8802,H,H,1.0
2022-08-06,Wolfsburg,Werder Bremen,1505.57,1351.49,0.8119,D,H,
2022-08-06,Dortmund,Leverkusen,1662.48,1656.42,0.6481,H,H,1.0
2022-08-06,Tottenham,Southampton,1669.86,1386.89,0.9007,H,H,1.0
2022-08-06,Leeds,Wolves,1451.07,1444.45,0.6488,H,H,1.0
2022-08-06,Everton,Chelsea,1436.63,1644.57,0.3495,A,A,1.0
2022-08-06,Strasbourg,Monaco,1605.77,1718.23,0.4821,A,A,1.0
2022-08-06,Bochum,Mainz,1477.29,1514.65,0.5892,A,H,0.0
2022-08-06,Fulham,Liverpool,1331.45,1839.5,0.0872,D,A,
2022-08-07,Rennes,Lorient,1628.27,1392.54,0.8735,A,H,0.0
2022-08-07,Montpellier,Troyes,1384.22,1450.34,0.5486,H,H,1.0
2022-08-07,Lille,Auxerre,1580.0,1500.0,0.7381,H,H,1.0
2022-08-07,Leicester,Brentford,1534.14,1490.08,0.6962,D,H,
2022-08-07,Man United,Brighton,1543.95,1541.68,0.6431,A,H,0.0
2022-08-07,West Ham,Man City,1522.93,1827.87,0.2351,A,A,1.0
2022-08-07,Marseille,Reims,1642.54,1475.61,0.823,H,H,1.0
2022-08-07,Angers,Nantes,1391.22,1535.09,0.4372,D,A,
2022-08-07,Toulouse,Nice,1500.0,1584.59,0.5222,D,H,
2022-08-07,Stuttgart,RB Leipzig,1436.6,1636.33,0.3603,D,A,
2022-08-07,FC Koln,Schalke 04,1540.18,1269.26,0.8943,H,H,1.0
2022-08-07,Lens,Brest,1616.67,1443.23,0.8284,H,H,1.0
2022-08-12,Nantes,Lille,1533.08,1593.43,0.5568,D,H,
2022-08-12,Osasuna,Sevilla,1455.56,1657.2,0.3578,H,A,0.0
2022-08-12,Freiburg,Dortmund,1586.69,1677.13,0.5137,A,H,0.0
2022-08-13,Hertha,Ein Frankfurt,1376.37,1473.51,0.5041,D,H,
2022-08-13,Hoffenheim,Bochum,1442.96,1452.76,0.627,H,H,1.0
2022-08-13,Leverkusen,Augsburg,1641.77,1416.48,0.8668,A,H,0.0
2022-08-13,Werder Bremen,Stuttgart,1361.47,1441.07,0.5293,D,H,
2022-08-13,Schalke 04,M'gladbach,1264.26,1544.93,0.2611,D,A,
2022-08-13,Aston Villa,Everton,1466.76,1422.08,0.697,H,H,1.0
2022-08-13,Arsenal,Leicester,1647.77,1527.86,0.78,H,H,1.0
2022-08-13,Brighton,Newcastle,1568.46,1590.61,0.6102,D,H,
2022-08-13,Wolves,Fulham,1429.83,1344.66,0.7438,D,H,
2022-08-13,Southampton,Leeds,1381.8,1465.69,0.5232,D,H,
2022-08-13,Paris SG,Montpellier,1749.79,1403.01,0.929,H,H,1.0
2022-08-13,Monaco,Rennes,1738.3,1591.9,0.8051,D,H,
2022-08-13,Celta,Espanol,1488.19,1427.49,0.7161,D,H,
2022-08-13,Valladolid,Villarreal,1348.44,1593.21,0.3029,A,A,1.0
2022-08-13,Barcelona,Vallecano,1698.09,1393.55,0.9112,D,H,
2022-08-13,Man City,Bournemouth,1838.99,1515.94,0.9195,H,H,1.0
2022-08-13,Monza,Torino,1500.0,1513.76,0.6216,A,H,0.0
2022-08-13,Lecce,Inter,1500.0,1779.32,0.2626,A,A,1.0
2022-08-13,RB Leipzig,FC Koln,1631.86,1545.18,0.7455,D,H,
2022-08-13,Sampdoria,Atalanta,1420.12,1545.59,0.4634,A,A,1.0
2022-08-13,Milan,Udinese,1796.11,1518.28,0.898,H,H,1.0
2022-08-13,Brentford,Man United,1496.35,1517.18,0.612,H,H,1.0
2022-08-14,Nice,Strasbourg,1585.3,1585.7,0.6395,D,H,
2022-08-14,Bayern Munich,Wolfsburg,1767.0,1495.59,0.8945,H,H,1.0
2022-08-14,Mainz,Union Berlin,1539.18,1634.1,0.5073,D,H,
2022-08-14,Chelsea,Tottenham,1659.12,1674.96,0.6188,D,H,
2022-08-14,Salernitana,Roma,1410.46,1622.1,0.3446,A,A,1.0
2022-08-14,Spezia,Empoli,1393.07,1440.29,0.5754,H,H,1.0
2022-08-14,Ajaccio,Lens,1490.95,1623.82,0.4528,D,A,
2022-08-14,Nott'm Forest,West Ham,1487.52,1511.82,0.6073,H,H,1.0
2022-08-14,Brest,Marseille,1436.09,1651.62,0.3396,D,A,
2022-08-14,Almeria,Real Madrid,1500.0,1768.9,0.2744,A,A,1.0
2022-08-14,Reims,Clermont,1466.53,1379.64,0.7457,A,H,0.0
2022-08-14,Cadiz,Sociedad,1481.97,1578.99,0.5043,A,H,0.0
2022-08-14,Valencia,Girona,1477.59,1500.0,0.6098,H,H,1.0
2022-08-14,Auxerre,Angers,1486.57,1393.23,0.7527,D,H,
2022-08-14,Lazio,Bologna,1629.12,1466.97,0.8189,H,H,1.0
2022-08-14,Fiorentina,Cremonese,1553.68,1500.0,0.7078,H,H,1.0
2022-08-14,Troyes,Toulouse,1431.55,1499.29,0.5463,A,H,0.0
2022-08-15,Juventus,Sassuolo,1652.94,1534.91,0.7782,H,H,1.0
2022-08-15,Verona,Napoli,1529.92,1724.94,0.3666,A,A,1.0
2022-08-15,Ath Bilbao,Mallorca,1537.94,1417.49,0.7806,D,H,
2022-08-15,Getafe,Ath Madrid,1458.5,1685.59,0.3248,A,A,1.0
2022-08-15,Betis,Elche,1612.99,1436.08,0.8312,H,H,1.0
2022-08-15,Liverpool,Crystal Palace,1826.29,1500.42,0.9207,D,H,
2022-08-19,Lyon,Troyes,1631.56,1403.54,0.8686,H,H,1.0
2022-08-19,M'gladbach,Hertha,1537.29,1376.24,0.818,H,H,1.0
2022-08-19,Sevilla,Valladolid,1630.46,1332.91,0.9079,D,H,
2022-08-19,Espanol,Vallecano,1434.4,1406.71,0.6759,A,H,0.0
2022-08-20,Leicester,Southampton,1517.47,1381.06,0.7959,A,H,0.0
2022-08-20,Mallorca,Betis,1426.46,1621.65,0.3664,A,A,1.0
2022-08-20,Osasuna,Cadiz,1482.3,1460.97,0.6678,H,H,1.0
2022-08-20,Bournemouth,Arsenal,1511.57,1658.17,0.4333,A,A,1.0
2022-08-20,Tottenham,Wolves,1678.76,1422.03,0.8863,H,H,1.0
2022-08-20,Crystal Palace,Aston Villa,1513.88,1479.38,0.6844,H,H,1.0
2022-08-20,Everton,Nott'm Forest,1409.46,1503.87,0.508,D,H,
2022-08-20,Fulham,Brentford,1352.46,1517.45,0.4076,H,A,0.0
2022-08-20,Monaco,Lens,1728.54,1622.31,0.7662,A,H,0.0
2022-08-20,Marseille,Nantes,1646.49,1531.27,0.7754,H,H,1.0
2022-08-20,Celta,Real Madrid,1481.27,1780.33,0.2412,A,A,1.0
2022-08-20,Torino,Lazio,1539.64,1636.66,0.5043,D,H,
2022-08-20,Inter,Spezia,1790.26,1410.75,0.9405,H,H,1.0
2022-08-20,Sassuolo,Lecce,1523.54,1489.07,0.6844,H,H,1.0
2022-08-20,Augsburg,Mainz,1452.56,1538.94,0.5196,A,H,0.0
2022-08-20,Union Berlin,RB Leipzig,1634.34,1624.0,0.6537,H,H,1.0
2022-08-20,Wolfsburg,Schalke 04,1490.61,1271.9,0.8623,D,H,
2022-08-20,Stuttgart,Freiburg,1442.01,1562.41,0.4707,A,A,1.0
2022-08-20,Leverkusen,Hoffenheim,1605.68,1458.49,0.8058,A,H,0.0
2022-08-20,Dortmund,Werder Bremen,1701.42,1360.53,0.9268,A,H,0.0
2022-08-20,Udinese,Salernitana,1513.46,1396.11,0.7775,D,H,
2022-08-21,Empoli,Fiorentina,1422.61,1565.85,0.4381,D,A,
2022-08-21,Atalanta,Milan,1567.5,1800.94,0.3169,D,A,
2022-08-21,Bologna,Verona,1459.43,1511.13,0.5691,D,H,
2022-08-21,Ath Bilbao,Valencia,1528.96,1493.84,0.6852,H,H,1.0
2022-08-21,Napoli,Monza,1743.73,1474.12,0.8936,H,H,1.0
2022-08-21,Sociedad,Barcelona,1599.98,1684.93,0.5217,A,H,0.0
2022-08-21,Ein Frankfurt,FC Koln,1473.64,1553.03,0.5296,D,H,
2022-08-21,Lille,Paris SG,1595.24,1753.43,0.417,A,A,1.0
2022-08-21,Rennes,Ajaccio,1601.66,1492.46,0.7693,H,H,1.0
2022-08-21,Toulouse,Lorient,1527.3,1428.91,0.758,D,H,
2022-08-21,Montpellier,Auxerre,1399.37,1478.49,0.53,A,H,0.0
2022-08-21,Clermont,Nice,1414.88,1580.83,0.4062,H,A,0.0
2022-08-21,Angers,Brest,1401.32,1441.22,0.5856,A,H,0.0
2022-08-21,Ath Madrid,Villarreal,1702.24,1608.74,0.7529,A,H,0.0
2022-08-21,Strasbourg,Reims,1590.17,1431.29,0.8161,D,H,
2022-08-21,Newcastle,Man City,1594.13,1843.36,0.2975,D,A,
2022-08-21,West Ham,Brighton,1495.47,1564.93,0.5438,A,H,0.0
2022-08-21,Leeds,Chelsea,1466.43,1655.32,0.3748,H,A,0.0
2022-08-21,Bochum,Bayern Munich,1437.23,1771.99,0.2056,A,A,1.0
2022-08-22,Man United,Liverpool,1496.09,1812.83,0.2231,H,A,0.0
2022-08-22,Sampdoria,Juventus,1398.22,1664.31,0.2777,D,A,
2022-08-22,Elche,Almeria,1427.43,1488.57,0.5557,D,H,
2022-08-22,Roma,Cremonese,1636.45,1487.83,0.8071,H,H,1.0
2022-08-22,Girona,Getafe,1483.76,1441.84,0.6936,H,H,1.0
2022-08-26,Freiburg,Bochum,1582.0,1424.71,0.8147,H,H,1.0
2022-08-26,Ajaccio,Lille,1482.85,1570.62,0.5176,A,H,0.0
2022-08-26,Monza,Udinese,1468.33,1504.58,0.5907,A,H,0.0
2022-08-26,Girona,Celta,1498.24,1468.91,0.678,A,H,0.0
2022-08-26,Betis,Osasuna,1636.9,1498.0,0.7982,H,H,1.0
2022-08-26,Lazio,Inter,1636.8,1793.31,0.4194,H,A,0.0
2022-08-27,Cremonese,Torino,1479.8,1539.51,0.5577,A,H,0.0
2022-08-27,Hertha,Dortmund,1368.66,1662.83,0.2464,A,A,1.0
2022-08-27,Hoffenheim,Augsburg,1499.8,1430.93,0.7255,H,H,1.0
2022-08-27,Mainz,Leverkusen,1560.58,1564.37,0.635,A,H,0.0
2022-08-27,RB Leipzig,Wolfsburg,1609.58,1479.01,0.7904,H,H,1.0
2022-08-27,Schalke 04,Union Berlin,1283.5,1648.76,0.1784,A,A,1.0
2022-08-27,Bayern Munich,M'gladbach,1784.51,1544.86,0.876,D,H,
2022-08-27,Lens,Rennes,1661.59,1611.27,0.7038,H,H,1.0
2022-08-27,Auxerre,Strasbourg,1500.55,1580.05,0.5295,H,H,1.0
2022-08-27,Arsenal,Fulham,1680.39,1377.13,0.9106,H,H,1.0
2022-08-27,Man City,Crystal Palace,1836.88,1528.79,0.9129,H,H,1.0
2022-08-27,Liverpool,Bournemouth,1780.48,1489.35,0.9048,H,H,1.0
2022-08-27,Chelsea,Leicester,1623.27,1484.33,0.7983,H,H,1.0
2022-08-27,Brighton,Leeds,1590.63,1498.49,0.7514,H,H,1.0
2022-08-27,Brentford,Everton,1492.78,1409.2,0.7421,D,H,
2022-08-27,Southampton,Man United,1414.19,1528.43,0.4795,A,A,1.0
2022-08-27,Almeria,Sevilla,1490.36,1617.41,0.4612,H,A,0.0
2022-08-27,Vallecano,Mallorca,1438.66,1411.21,0.6756,A,H,0.0
2022-08-27,Elche,Sociedad,1425.64,1573.24,0.4319,A,A,1.0
2022-08-27,Spezia,Sassuolo,1407.7,1536.68,0.4584,D,A,
2022-08-27,Milan,Bologna,1795.08,1457.22,0.9256,H,H,1.0
2022-08-27,Juventus,Roma,1657.2,1644.48,0.6568,D,H,
2022-08-28,Nantes,Toulouse,1521.91,1519.04,0.6439,H,H,1.0
2022-08-28,Brest,Montpellier,1468.9,1377.31,0.7508,A,H,0.0
2022-08-28,Lorient,Clermont,1437.17,1439.61,0.6368,H,H,1.0
2022-08-28,Aston Villa,West Ham,1464.46,1469.76,0.633,A,H,0.0
2022-08-28,Reims,Lyon,1441.4,1638.3,0.3641,D,A,
2022-08-28,Paris SG,Monaco,1778.05,1689.26,0.7478,D,H,
2022-08-28,Nott'm Forest,Tottenham,1504.13,1683.49,0.3877,A,A,1.0
2022-08-28,Wolves,Newcastle,1417.29,1600.61,0.3823,D,A,
2022-08-28,Troyes,Angers,1396.8,1373.63,0.6702,H,H,1.0
2022-08-28,Nice,Marseille,1556.11,1655.84,0.5004,A,H,0.0
2022-08-28,Fiorentina,Napoli,1563.87,1749.52,0.3792,D,A,
2022-08-28,Werder Bremen,Ein Frankfurt,1399.11,1472.7,0.5379,A,H,0.0
2022-08-28,Espanol,Real Madrid,1402.45,1792.7,0.1583,A,A,1.0
2022-08-28,Barcelona,Valladolid,1711.67,1345.96,0.9359,H,H,1.0
2022-08-28,Getafe,Villarreal,1427.36,1644.33,0.3378,D,A,
2022-08-28,Salernitana,Sampdoria,1404.99,1405.33,0.6396,H,H,1.0
2022-08-28,Verona,Atalanta,1513.34,1573.36,0.5573,A,H,0.0
2022-08-28,Lecce,Empoli,1475.93,1424.59,0.705,D,H,
2022-08-28,FC Koln,Stuttgart,1553.98,1422.41,0.7913,D,H,
2022-08-29,Valencia,Ath Madrid,1480.73,1666.66,0.3788,A,A,1.0
2022-08-29,Cadiz,Ath Bilbao,1445.27,1542.07,0.5046,A,H,0.0
2022-08-30,Roma,Monza,1649.5,1443.74,0.8532,H,H,1.0
2022-08-30,Crystal Palace,Brentford,1524.68,1485.04,0.6908,D,H,
2022-08-30,Southampton,Chelsea,1394.23,1631.67,0.3119,H,A,0.0
2022-08-30,Leeds,Everton,1488.14,1416.95,0.7282,D,H,
2022-08-30,Fulham,Brighton,1373.41,1600.98,0.3242,H,A,0.0
2022-08-30,Inter,Cremonese,1765.86,1456.58,0.9134,H,H,1.0
2022-08-30,Sassuolo,Milan,1535.35,1798.59,0.281,D,A,
2022-08-31,Napoli,Lecce,1745.65,1469.37,0.8972,D,H,
2022-08-31,Monaco,Troyes,1697.19,1412.39,0.9016,A,H,0.0
2022-08-31,Lyon,Auxerre,1633.95,1520.14,0.774,H,H,1.0
2022-08-31,Angers,Reims,1358.04,1445.75,0.5177,A,H,0.0
2022-08-31,Lens,Lorient,1673.92,1452.29,0.8643,H,H,1.0
2022-08-31,Juventus,Spezia,1652.18,1409.03,0.8782,H,H,1.0
2022-08-31,Empoli,Verona,1431.15,1490.14,0.5588,D,H,
2022-08-31,Lille,Nice,1595.09,1530.46,0.7206,A,H,0.0
2022-08-31,Montpellier,Ajaccio,1423.03,1458.39,0.592,H,H,1.0
2022-08-31,Sampdoria,Lazio,1385.74,1664.24,0.2636,D,A,
2022-08-31,Marseille,Clermont,1681.49,1424.49,0.8865,H,H,1.0
2022-08-31,Toulouse,Paris SG,1502.21,1770.12,0.2756,A,A,1.0
2022-08-31,Liverpool,Newcastle,1786.57,1596.85,0.8413,H,H,1.0
2022-08-31,Rennes,Brest,1598.93,1423.18,0.8302,H,H,1.0
2022-08-31,West Ham,Tottenham,1496.11,1701.82,0.3524,D,A,
2022-08-31,Man City,Nott'm Forest,1841.0,1485.8,0.9322,H,H,1.0
2022-08-31,Strasbourg,Nantes,1560.46,1538.75,0.6683,D,H,
2022-08-31,Bournemouth,Wolves,1483.26,1421.06,0.7178,D,H,
2022-08-31,Arsenal,Aston Villa,1684.11,1438.11,0.8799,H,H,1.0
2022-08-31,Udinese,Fiorentina,1529.17,1567.73,0.5875,H,H,1.0
2022-09-01,Bologna,Salernitana,1453.7,1424.58,0.6777,D,H,
2022-09-01,Leicester,Man United,1475.93,1548.4,0.5395,A,H,0.0
2022-09-01,Atalanta,Torino,1596.56,1562.73,0.6836,H,H,1.0
2022-09-02,Celta,Cadiz,1497.13,1417.84,0.7373,H,H,1.0
2022-09-02,Dortmund,Hoffenheim,1673.09,1511.23,0.8187,H,H,1.0
2022-09-03,Mallorca,Girona,1443.15,1470.01,0.6037,D,H,
2022-09-03,Real Madrid,Betis,1800.18,1645.3,0.8126,H,H,1.0
2022-09-03,Sociedad,Ath Madrid,1591.22,1682.43,0.5127,D,H,
2022-09-03,Newcastle,Crystal Palace,1590.24,1518.57,0.7287,D,H,
2022-09-03,Milan,Inter,1791.58,1769.96,0.6682,H,H,1.0
2022-09-03,Lazio,Napoli,1656.68,1732.94,0.5341,A,H,0.0
2022-09-03,Sevilla,Barcelona,1594.97,1715.16,0.471,A,A,1.0
2022-09-03,Nott'm Forest,Bournemouth,1481.8,1476.29,0.6473,A,H,0.0
2022-09-03,Everton,Liverpool,1424.25,1793.18,0.1754,D,A,
2022-09-03,Brentford,Leeds,1491.14,1480.83,0.6536,H,H,1.0
2022-09-03,Chelsea,West Ham,1603.02,1500.84,0.762,H,H,1.0
2022-09-03,Tottenham,Fulham,1697.1,1401.54,0.907,H,H,1.0
2022-09-03,Fiorentina,Juventus,1550.56,1657.94,0.4894,D,A,
2022-09-03,Wolves,Southampton,1428.03,1422.88,0.6469,H,H,1.0
2022-09-03,Lyon,Angers,1643.36,1333.57,0.9136,H,H,1.0
2022-09-03,Auxerre,Marseille,1510.73,1686.22,0.393,A,A,1.0
2022-09-03,Wolfsburg,FC Koln,1469.11,1544.66,0.5351,A,H,0.0
2022-09-03,Union Berlin,Bayern Munich,1658.91,1772.48,0.4805,D,A,
2022-09-03,Stuttgart,Schalke 04,1431.73,1273.34,0.8157,D,H,
2022-09-03,Leverkusen,Freiburg,1596.93,1589.72,0.6496,A,H,0.0
2022-09-03,Aston Villa,Man City,1433.11,1845.01,0.1424,D,A,
2022-09-03,Bochum,Werder Bremen,1416.99,1376.72,0.6916,A,H,0.0
2022-09-03,Ein Frankfurt,RB Leipzig,1495.09,1619.49,0.4649,H,A,0.0
2022-09-03,Nantes,Paris SG,1544.13,1784.25,0.3086,A,A,1.0
2022-09-04,Augsburg,Hertha,1419.5,1358.4,0.7165,A,H,0.0
2022-09-04,M'gladbach,Mainz,1556.9,1528.02,0.6774,A,H,0.0
2022-09-04,Brest,Strasbourg,1415.16,1555.07,0.4428,D,A,
2022-09-04,Cremonese,Sassuolo,1452.49,1542.36,0.5146,D,H,
2022-09-04,Spezia,Bologna,1403.27,1448.01,0.5789,D,H,
2022-09-04,Verona,Sampdoria,1492.02,1393.31,0.7584,H,H,1.0
2022-09-04,Udinese,Roma,1546.35,1657.02,0.4846,H,A,0.0
2022-09-04,Montpellier,Lille,1442.32,1565.08,0.4673,A,A,1.0
2022-09-04,Clermont,Toulouse,1419.76,1488.08,0.5455,H,H,1.0
2022-09-04,Ath Bilbao,Espanol,1569.5,1394.97,0.8293,A,H,0.0
2022-09-04,Nice,Monaco,1560.46,1654.57,0.5085,A,H,0.0
2022-09-04,Troyes,Rennes,1455.01,1606.96,0.4258,D,A,
2022-09-04,Reims,Lens,1470.22,1680.88,0.3459,D,A,
2022-09-04,Osasuna,Vallecano,1489.6,1406.72,0.7413,H,H,1.0
2022-09-04,Ajaccio,Lorient,1439.1,1445.33,0.6318,A,H,0.0
2022-09-04,Brighton,Leicester,1572.85,1453.47,0.7795,H,H,1.0
2022-09-04,Valencia,Getafe,1464.96,1432.55,0.6818,H,H,1.0
2022-09-04,Villarreal,Elche,1639.13,1407.66,0.8708,H,H,1.0
2022-09-04,Man United,Arsenal,1570.86,1689.1,0.4738,H,A,0.0
2022-09-05,Salernitana,Empoli,1430.27,1429.27,0.6414,D,H,
2022-09-05,Monza,Atalanta,1436.21,1611.51,0.3933,A,A,1.0
2022-09-05,Valladolid,Almeria,1342.48,1512.79,0.4002,H,A,0.0
2022-09-05,Torino,Lecce,1547.77,1482.08,0.7219,H,H,1.0
2022-09-07,Lorient,Lyon,1471.63,1648.28,0.3915,H,A,0.0
2022-09-09,Girona,Valladolid,1473.33,1367.45,0.7659,H,H,1.0
2022-09-09,Lens,Troyes,1675.95,1457.38,0.8622,H,H,1.0
2022-09-09,Werder Bremen,Augsburg,1409.41,1385.63,0.671,A,H,0.0
2022-09-10,Hertha,Leverkusen,1392.27,1569.88,0.3901,D,A,
2022-09-10,RB Leipzig,Dortmund,1590.4,1680.64,0.514,H,H,1.0
2022-09-10,Hoffenheim,Mainz,1503.68,1556.22,0.5679,H,H,1.0
2022-09-10,Ein Frankfurt,Wolfsburg,1524.18,1443.81,0.7385,A,H,0.0
2022-09-10,Bayern Munich,Stuttgart,1771.85,1421.63,0.9303,D,H,
2022-09-10,Schalke 04,Bochum,1283.44,1384.3,0.4988,H,A,0.0
2022-09-10,Sampdoria,Milan,1383.25,1805.4,0.1354,A,A,1.0
2022-09-10,Marseille,Lille,1704.8,1587.17,0.7778,H,H,1.0
2022-09-10,Napoli,Spezia,1755.18,1400.75,0.9319,H,H,1.0
2022-09-10,Paris SG,Brest,1800.07,1416.99,0.9416,H,H,1.0
2022-09-10,Vallecano,Valencia,1395.95,1482.26,0.5197,H,H,1.0
2022-09-10,Espanol,Sevilla,1429.5,1570.83,0.4408,A,A,1.0
2022-09-10,Cadiz,Barcelona,1404.37,1739.3,0.2055,A,A,1.0
2022-09-10,Inter,Torino,1756.14,1559.35,0.8466,H,H,1.0
2022-09-10,Ath Madrid,Celta,1682.83,1510.6,0.8274,H,H,1.0
2022-09-11,Getafe,Sociedad,1415.25,1590.82,0.3929,H,A,0.0
2022-09-11,Atalanta,Cremonese,1630.1,1452.02,0.8321,D,H,
2022-09-11,Strasbourg,Clermont,1553.24,1441.24,0.7721,D,H,
2022-09-11,Ajaccio,Nice,1412.8,1539.29,0.4619,A,A,1.0
2022-09-11,Angers,Montpellier,1328.66,1420.23,0.5121,H,H,1.0
2022-09-11,Lorient,Nantes,1500.4,1528.31,0.6023,H,H,1.0
2022-09-11,Toulouse,Reims,1466.59,1475.15,0.6286,H,H,1.0
2022-09-11,Rennes,Auxerre,1604.58,1492.15,0.7726,H,H,1.0
2022-09-11,Betis,Villarreal,1637.5,1646.16,0.6285,H,H,1.0
2022-09-11,Monaco,Lyon,1675.74,1619.51,0.7108,H,H,1.0
2022-09-11,Lecce,Monza,1470.5,1417.62,0.7068,D,H,
2022-09-11,Sassuolo,Udinese,1542.82,1574.37,0.5973,A,H,0.0
2022-09-11,Lazio,Verona,1634.44,1502.08,0.7921,H,H,1.0
2022-09-11,Freiburg,M'gladbach,1616.76,1528.69,0.747,D,H,
2022-09-11,Juventus,Salernitana,1657.6,1425.75,0.8711,D,H,
2022-09-11,Real Madrid,Mallorca,1807.98,1439.83,0.9367,H,H,1.0
2022-09-11,Elche,Ath Bilbao,1400.64,1534.98,0.4507,A,A,1.0
2022-09-11,Bologna,Fiorentina,1450.54,1550.9,0.4995,H,A,0.0
2022-09-11,FC Koln,Union Berlin,1569.95,1659.54,0.515,A,H,0.0
2022-09-12,Empoli,Roma,1433.8,1629.0,0.3663,A,A,1.0
2022-09-12,Almeria,Osasuna,1487.82,1500.37,0.6233,A,H,0.0
2022-09-16,Nott'm Forest,Fulham,1454.85,1397.67,0.7119,A,H,0.0
2022-09-16,Auxerre,Lorient,1479.21,1516.96,0.5886,A,H,0.0
2022-09-16,Aston Villa,Southampton,1444.55,1408.17,0.6868,H,H,1.0
2022-09-16,Mainz,Hertha,1534.07,1395.78,0.7977,D,H,
2022-09-16,Salernitana,Lecce,1437.62,1463.88,0.6046,A,H,0.0
2022-09-16,Valladolid,Cadiz,1357.7,1393.2,0.5918,A,H,0.0
2022-09-17,Leverkusen,Werder Bremen,1566.37,1381.47,0.8375,D,H,
2022-09-17,Augsburg,Bayern Munich,1413.57,1758.08,0.1966,H,A,0.0
2022-09-17,Barcelona,Elche,1750.48,1377.53,0.9383,H,H,1.0
2022-09-17,Stuttgart,Ein Frankfurt,1435.4,1493.43,0.5601,A,H,0.0
2022-09-17,Valencia,Celta,1462.26,1501.75,0.5862,H,H,1.0
2022-09-17,Ath Bilbao,Vallecano,1558.09,1415.95,0.8012,H,H,1.0
2022-09-17,Montpellier,Strasbourg,1399.92,1544.54,0.4361,H,A,0.0
2022-09-17,Lille,Toulouse,1577.92,1482.05,0.7554,H,H,1.0
2022-09-17,Mallorca,Almeria,1436.58,1461.87,0.6059,H,H,1.0
2022-09-17,M'gladbach,RB Leipzig,1536.6,1615.32,0.5306,H,H,1.0
2022-09-17,Dortmund,Schalke 04,1655.73,1307.14,0.9297,H,H,1.0
2022-09-17,Wolves,Man City,1442.73,1833.57,0.1579,A,A,1.0
2022-09-17,Newcastle,Bournemouth,1582.92,1503.24,0.7378,D,H,
2022-09-17,Tottenham,Leicester,1700.97,1442.17,0.8875,H,H,1.0
2022-09-17,Torino,Sassuolo,1552.97,1514.59,0.6892,A,H,0.0
2022-09-17,Spezia,Sampdoria,1397.91,1377.61,0.6665,H,H,1.0
2022-09-17,Bologna,Empoli,1471.37,1418.54,0.7068,A,H,0.0
2022-09-18,Bochum,FC Koln,1360.61,1548.51,0.3761,D,A,
2022-09-18,Clermont,Troyes,1449.95,1451.65,0.6378,A,H,0.0
2022-09-18,Marseille,Rennes,1714.05,1617.53,0.7561,D,H,
2022-09-18,Nice,Angers,1558.53,1348.97,0.8559,A,H,0.0
2022-09-18,Nantes,Lens,1511.75,1681.69,0.4007,D,A,
2022-09-18,Lyon,Paris SG,1607.47,1802.5,0.3666,A,A,1.0
2022-09-18,Brentford,Arsenal,1508.9,1664.23,0.421,A,A,1.0
2022-09-18,Ath Madrid,Real Madrid,1691.68,1811.23,0.4719,A,A,1.0
2022-09-18,Sociedad,Espanol,1565.54,1411.14,0.8122,H,H,1.0
2022-09-18,Betis,Girona,1652.96,1483.08,0.8254,H,H,1.0
2022-09-18,Osasuna,Getafe,1526.32,1440.53,0.7445,A,H,0.0
2022-09-18,Hoffenheim,Freiburg,1525.83,1608.86,0.5244,D,H,
2022-09-18,Everton,West Ham,1434.64,1490.93,0.5626,H,H,1.0
2022-09-18,Udinese,Inter,1602.6,1762.53,0.4146,H,A,0.0
2022-09-18,Cremonese,Lazio,1462.65,1644.27,0.3847,A,A,1.0
2022-09-18,Fiorentina,Verona,1530.06,1492.25,0.6885,H,H,1.0
2022-09-18,Monza,Juventus,1424.24,1645.73,0.332,H,A,0.0
2022-09-18,Brest,Ajaccio,1414.56,1393.57,0.6674,A,H,0.0
2022-09-18,Roma,Atalanta,1644.25,1619.47,0.6722,A,H,0.0
2022-09-18,Milan,Napoli,1811.03,1758.02,0.707,A,H,0.0
2022-09-18,Union Berlin,Wolfsburg,1680.98,1474.56,0.8537,H,H,1.0
2022-09-18,Villarreal,Sevilla,1630.69,1589.18,0.6931,D,H,
2022-09-18,Reims,Monaco,1459.69,1687.78,0.3236,A,A,1.0
2022-09-30,Bayern Munich,Leverkusen,1724.64,1555.57,0.8248,H,H,1.0
2022-09-30,Ath Bilbao,Almeria,1566.36,1445.46,0.781,H,H,1.0
2022-09-30,Angers,Marseille,1384.61,1705.85,0.2186,A,A,1.0
2022-10-01,Strasbourg,Rennes,1521.06,1625.72,0.4933,A,A,1.0
2022-10-01,Arsenal,Tottenham,1685.82,1707.09,0.6114,H,H,1.0
2022-10-01,Bournemouth,Brentford,1510.85,1487.31,0.6706,D,H,
2022-10-01,Crystal Palace,Chelsea,1525.89,1612.93,0.5186,A,H,0.0
2022-10-01,Fulham,Newcastle,1427.31,1575.31,0.4314,A,A,1.0
2022-10-01,Liverpool,Brighton,1782.79,1584.15,0.848,D,H,
2022-10-01,Southampton,Everton,1395.13,1452.85,0.5605,A,H,0.0
2022-10-01,West Ham,Wolves,1472.72,1434.64,0.6889,H,H,1.0
2022-10-01,Napoli,Torino,1787.45,1524.27,0.89,H,H,1.0
2022-10-01,Inter,Roma,1734.86,1616.27,0.7787,A,H,0.0
2022-10-01,Empoli,Milan,1447.97,1781.6,0.2067,A,A,1.0
2022-10-01,Wolfsburg,Stuttgart,1467.64,1408.93,0.7137,H,H,1.0
2022-10-01,Werder Bremen,M'gladbach,1392.27,1560.66,0.4028,H,A,0.0
2022-10-01,FC Koln,Dortmund,1544.55,1658.66,0.4797,H,A,0.0
2022-10-01,Ein Frankfurt,Union Berlin,1519.91,1687.89,0.4034,H,A,0.0
2022-10-01,RB Leipzig,Bochum,1591.25,1364.57,0.8677,H,H,1.0
2022-10-01,Getafe,Valladolid,1475.72,1333.06,0.8017,A,H,0.0
2022-10-01,Paris SG,Nice,1817.76,1522.89,0.9066,H,H,1.0
2022-10-01,Freiburg,Mainz,1609.64,1524.55,0.7437,H,H,1.0
2022-10-01,Mallorca,Barcelona,1452.99,1753.64,0.2396,A,A,1.0
2022-10-01,Cadiz,Villarreal,1417.84,1624.51,0.3511,D,A,
2022-10-01,Sevilla,Ath Madrid,1595.36,1672.03,0.5335,A,H,0.0
2022-10-02,Schalke 04,Augsburg,1304.21,1447.01,0.4387,A,A,1.0
2022-10-02,Espanol,Valencia,1403.33,1483.47,0.5285,D,H,
2022-10-02,Celta,Betis,1480.54,1660.23,0.3873,H,A,0.0
2022-10-02,Juventus,Bologna,1617.91,1441.95,0.8304,H,H,1.0
2022-10-02,Atalanta,Fiorentina,1647.46,1544.78,0.7625,H,H,1.0
2022-10-02,Lorient,Lille,1544.78,1588.1,0.5808,H,H,1.0
2022-10-02,Lecce,Cremonese,1489.05,1441.74,0.7001,D,H,
2022-10-02,Lazio,Spezia,1665.18,1411.8,0.8843,H,H,1.0
2022-10-02,Girona,Sociedad,1475.81,1573.36,0.5035,A,H,0.0
2022-10-02,Real Madrid,Osasuna,1830.87,1491.13,0.9263,D,H,
2022-10-02,Leeds,Aston Villa,1463.08,1457.59,0.6473,D,H,
2022-10-02,Man City,Man United,1841.66,1595.73,0.8799,H,H,1.0
2022-10-02,Sassuolo,Salernitana,1543.29,1412.45,0.7906,H,H,1.0
2022-10-02,Sampdoria,Monza,1363.73,1452.05,0.5168,A,H,0.0
2022-10-02,Hertha,Hoffenheim,1405.31,1525.05,0.4716,D,A,
2022-10-02,Ajaccio,Clermont,1421.35,1419.8,0.6421,A,H,0.0
2022-10-02,Auxerre,Brest,1451.39,1386.77,0.7206,D,H,
2022-10-02,Toulouse,Montpellier,1471.87,1423.39,0.7016,H,H,1.0
2022-10-02,Troyes,Reims,1481.79,1443.1,0.6896,D,H,
2022-10-02,Lens,Lyon,1678.51,1592.21,0.7451,H,H,1.0
2022-10-02,Monaco,Nantes,1704.37,1514.93,0.8411,H,H,1.0
2022-10-03,Verona,Udinese,1477.53,1630.27,0.4247,A,A,1.0
2022-10-03,Leicester,Nott'm Forest,1436.05,1425.21,0.6543,H,H,1.0
2022-10-03,Vallecano,Elche,1407.67,1374.37,0.6829,H,H,1.0
2022-10-07,Hoffenheim,Werder Bremen,1524.14,1424.74,0.7591,A,H,0.0
2022-10-07,Lyon,Toulouse,1581.6,1485.98,0.7551,D,H,
2022-10-07,Osasuna,Valencia,1504.77,1484.39,0.6666,A,H,0.0
2022-10-08,Reims,Paris SG,1449.17,1821.65,0.1724,D,A,
2022-10-08,Marseille,Ajaccio,1717.06,1391.0,0.9208,A,H,0.0
2022-10-08,Bournemouth,Leicester,1505.39,1454.84,0.704,H,H,1.0
2022-10-08,Almeria,Vallecano,1433.56,1420.87,0.6567,H,H,1.0
2022-10-08,Ath Madrid,Girona,1697.25,1452.01,0.8795,H,H,1.0
2022-10-08,Sevilla,Ath Bilbao,1570.14,1578.27,0.6292,D,H,
2022-10-08,Getafe,Real Madrid,1442.34,1817.23,0.1705,A,A,1.0
2022-10-08,Sassuolo,Inter,1555.2,1702.44,0.4324,A,A,1.0
2022-10-08,Chelsea,Wolves,1634.52,1419.93,0.8595,H,H,1.0
2022-10-08,Milan,Juventus,1791.37,1626.61,0.8211,H,H,1.0
2022-10-08,Man City,Southampton,1847.82,1371.8,0.965,H,H,1.0
2022-10-08,Newcastle,Brentford,1597.43,1492.78,0.7646,H,H,1.0
2022-10-08,Brighton,Tottenham,1595.29,1688.72,0.5095,A,H,0.0
2022-10-08,Dortmund,Bayern Munich,1636.99,1734.16,0.5041,D,H,
2022-10-08,Mainz,RB Leipzig,1513.88,1598.45,0.5222,D,H,
2022-10-08,Leverkusen,Schalke 04,1546.04,1285.95,0.8882,H,H,1.0
2022-10-08,Bochum,Ein Frankfurt,1357.38,1548.11,0.3723,H,A,0.0
2022-10-08,Augsburg,Wolfsburg,1465.28,1479.56,0.6209,D,H,
2022-10-08,Bologna,Sampdoria,1433.25,1337.23,0.7555,D,H,
2022-10-09,Torino,Empoli,1519.07,1438.2,0.7391,D,H,
2022-10-09,Hertha,Freiburg,1406.22,1620.31,0.3415,D,A,
2022-10-09,Lille,Lens,1570.65,1689.12,0.4734,H,A,0.0
2022-10-09,Rennes,Nantes,1649.04,1506.78,0.8013,H,H,1.0
2022-10-09,Clermont,Auxerre,1450.15,1444.33,0.6478,H,H,1.0
2022-10-09,Roma,Lecce,1648.69,1482.64,0.8222,H,H,1.0
2022-10-09,Cremonese,Napoli,1448.14,1792.65,0.1966,A,A,1.0
2022-10-09,Udinese,Atalanta,1647.95,1657.35,0.6275,D,H,
2022-10-09,Montpellier,Monaco,1409.29,1712.52,0.2369,A,A,1.0
2022-10-09,Angers,Strasbourg,1373.4,1497.74,0.465,A,A,1.0
2022-10-09,Brest,Lorient,1393.83,1562.23,0.4028,A,A,1.0
2022-10-09,Salernitana,Verona,1400.54,1459.85,0.5583,H,H,1.0
2022-10-09,Monza,Spezia,1478.55,1405.51,0.7303,H,H,1.0
2022-10-09,Nice,Troyes,1519.0,1475.73,0.6952,H,H,1.0
2022-10-09,Stuttgart,Union Berlin,1397.01,1659.69,0.2816,A,A,1.0
2022-10-09,M'gladbach,FC Koln,1528.2,1566.21,0.5883,H,H,1.0
2022-10-09,Barcelona,Celta,1763.61,1506.05,0.8868,H,H,1.0
2022-10-09,Valladolid,Betis,1366.44,1634.72,0.2751,D,A,
2022-10-09,Everton,Man United,1476.19,1589.57,0.4807,A,A,1.0
2022-10-09,Arsenal,Liverpool,1704.18,1771.66,0.5467,H,H,1.0
2022-10-09,West Ham,Fulham,1487.42,1405.19,0.7406,H,H,1.0
2022-10-09,Sociedad,Villarreal,1597.16,1619.75,0.6096,H,H,1.0
2022-10-09,Cadiz,Espanol,1422.6,1402.41,0.6664,D,H,
2022-10-09,Crystal Palace,Leeds,1504.3,1458.36,0.6985,H,H,1.0
2022-10-10,Fiorentina,Lazio,1534.9,1671.47,0.4476,A,A,1.0
2022-10-10,Nott'm Forest,Aston Villa,1406.41,1462.3,0.5631,D,H,
2022-10-10,Elche,Mallorca,1361.17,1443.02,0.5261,D,H,
2022-10-14,Brentford,Brighton,1479.98,1574.08,0.5085,H,H,1.0
2022-10-14,Strasbourg,Lille,1517.1,1592.58,0.5352,A,H,0.0
2022-10-14,Vallecano,Getafe,1404.65,1435.25,0.5986,D,H,
2022-10-14,Schalke 04,Hoffenheim,1279.87,1492.54,0.3433,A,A,1.0
2022-10-15,Werder Bremen,Mainz,1456.35,1513.17,0.5618,A,H,0.0
2022-10-15,Wolfsburg,M'gladbach,1483.43,1549.3,0.549,D,H,
2022-10-15,Girona,Cadiz,1446.99,1417.28,0.6785,D,H,
2022-10-15,Valencia,Elche,1512.14,1360.33,0.8099,D,H,
2022-10-15,Mallorca,Sevilla,1443.85,1566.0,0.4682,A,A,1.0
2022-10-15,Empoli,Monza,1445.85,1491.3,0.5779,H,H,1.0
2022-10-15,Torino,Juventus,1511.42,1618.15,0.4903,A,A,1.0
2022-10-15,Atalanta,Sassuolo,1661.43,1537.2,0.7843,H,H,1.0
2022-10-15,RB Leipzig,Hertha,1599.16,1411.29,0.8398,H,H,1.0
2022-10-15,Ath Bilbao,Ath Madrid,1582.4,1702.27,0.4714,A,A,1.0
2022-10-15,Fulham,Bournemouth,1392.93,1517.71,0.4644,D,A,
2022-10-15,Wolves,Nott'm Forest,1412.73,1404.39,0.651,H,H,1.0
2022-10-15,Tottenham,Everton,1709.93,1456.17,0.8846,H,H,1.0
2022-10-15,Lens,Montpellier,1667.2,1398.09,0.8933,H,H,1.0
2022-10-15,Lorient,Reims,1579.0,1459.65,0.7795,D,H,
2022-10-15,Ein Frankfurt,Leverkusen,1515.93,1552.12,0.5908,H,H,1.0
2022-10-15,Stuttgart,Bochum,1385.29,1389.56,0.6344,H,H,1.0
2022-10-15,Leicester,Crystal Palace,1442.52,1516.85,0.5369,D,H,
2022-10-16,Rennes,Lyon,1659.22,1573.43,0.7445,H,H,1.0
2022-10-16,Troyes,Ajaccio,1463.04,1429.33,0.6834,D,H,
2022-10-16,Auxerre,Nice,1429.66,1531.69,0.4971,D,A,
2022-10-16,Liverpool,Man City,1752.78,1849.72,0.5044,H,H,1.0
2022-10-16,Toulouse,Angers,1494.14,1354.04,0.7993,H,H,1.0
2022-10-16,Betis,Almeria,1627.53,1449.78,0.8319,H,H,1.0
2022-10-16,Espanol,Valladolid,1407.74,1373.64,0.6839,H,H,1.0
2022-10-16,Real Madrid,Barcelona,1824.33,1768.32,0.7105,H,H,1.0
2022-10-16,Nantes,Brest,1496.6,1377.06,0.7797,H,H,1.0
2022-10-16,Union Berlin,Dortmund,1671.42,1636.86,0.6845,H,H,1.0
2022-10-16,Aston Villa,Chelsea,1464.33,1641.73,0.3904,A,A,1.0
2022-10-16,Inter,Salernitana,1720.44,1418.93,0.9098,H,H,1.0
2022-10-16,Lazio,Udinese,1695.8,1643.87,0.7057,D,H,
2022-10-16,Spezia,Cremonese,1392.76,1438.06,0.5781,D,H,
2022-10-16,Paris SG,Marseille,1811.17,1678.73,0.7922,H,H,1.0
2022-10-16,Napoli,Bologna,1802.73,1425.08,0.9399,H,H,1.0
2022-10-16,Verona,Milan,1441.46,1799.82,0.1843,A,A,1.0
2022-10-16,Monaco,Clermont,1723.71,1464.82,0.8876,D,H,
2022-10-16,Leeds,Arsenal,1445.81,1723.06,0.265,A,A,1.0
2022-10-16,Celta,Sociedad,1501.33,1613.42,0.4826,A,A,1.0
2022-10-16,Man United,Newcastle,1609.59,1610.22,0.6392,D,H,
2022-10-16,Bayern Munich,Freiburg,1734.29,1615.23,0.7792,H,H,1.0
2022-10-16,FC Koln,Augsburg,1545.1,1461.41,0.7422,H,H,1.0
2022-10-16,Southampton,West Ham,1369.89,1499.69,0.4572,D,A,
2022-10-17,Lecce,Fiorentina,1475.24,1510.57,0.592,D,H,
2022-10-17,Villarreal,Osasuna,1603.49,1477.02,0.7865,H,H,1.0
2022-10-17,Sampdoria,Roma,1345.41,1656.09,0.2292,A,A,1.0
2022-10-18,Sevilla,Valencia,1585.5,1502.22,0.7417,D,H,
2022-10-18,Getafe,Ath Bilbao,1438.4,1562.78,0.465,D,A,
2022-10-18,Ath Madrid,Vallecano,1721.9,1401.49,0.9183,D,H,
2022-10-18,Brighton,Nott'm Forest,1550.85,1389.86,0.8179,D,H,
2022-10-18,Crystal Palace,Wolves,1518.03,1427.25,0.7499,H,H,1.0
2022-10-19,Elche,Real Madrid,1370.25,1838.01,0.1075,A,A,1.0
2022-10-19,Sociedad,Mallorca,1633.51,1424.36,0.8556,H,H,1.0
2022-10-19,Valladolid,Celta,1360.48,1481.24,0.4702,H,A,0.0
2022-10-19,Newcastle,Everton,1614.68,1450.72,0.8205,H,H,1.0
2022-10-19,Liverpool,West Ham,1773.42,1498.32,0.8965,H,H,1.0
2022-10-19,Brentford,Chelsea,1503.21,1660.18,0.4187,D,A,
2022-10-19,Bournemouth,Southampton,1516.57,1371.26,0.8041,A,H,0.0
2022-10-19,Man United,Tottenham,1605.13,1715.39,0.4853,H,A,0.0
2022-10-19,Cadiz,Betis,1422.99,1635.47,0.3435,D,A,
2022-10-20,Osasuna,Espanol,1466.92,1420.9,0.6986,H,H,1.0
2022-10-20,Barcelona,Villarreal,1754.64,1613.59,0.8002,H,H,1.0
2022-10-20,Almeria,Girona,1441.84,1441.28,0.6408,H,H,1.0
2022-10-20,Fulham,Aston Villa,1394.07,1445.87,0.5689,H,H,1.0
2022-10-20,Leicester,Leeds,1441.34,1434.78,0.6487,H,H,1.0
2022-10-21,Juventus,Empoli,1638.57,1463.42,0.8297,H,H,1.0
2022-10-21,Mainz,FC Koln,1539.72,1555.83,0.6184,H,H,1.0
2022-10-21,Ajaccio,Paris SG,1435.2,1819.82,0.1627,A,A,1.0
2022-10-22,Salernitana,Spezia,1414.66,1390.26,0.6718,H,H,1.0
2022-10-22,Everton,Crystal Palace,1443.24,1528.44,0.5213,H,H,1.0
2022-10-22,Man City,Brighton,1829.09,1540.67,0.9034,H,H,1.0
2022-10-22,Chelsea,Man United,1657.58,1629.47,0.6764,D,H,
2022-10-22,Valencia,Mallorca,1509.96,1418.35,0.7508,A,H,0.0
2022-10-22,Valladolid,Sociedad,1387.64,1639.52,0.2944,H,A,0.0
2022-10-22,Vallecano,Cadiz,1414.88,1427.99,0.6225,H,H,1.0
2022-10-22,Milan,Monza,1807.5,1473.72,0.9239,H,H,1.0
2022-10-22,M'gladbach,Ein Frankfurt,1550.87,1538.18,0.6567,A,H,0.0
2022-10-22,Leverkusen,Wolfsburg,1529.87,1481.86,0.701,D,H,
2022-10-22,Hoffenheim,Bayern Munich,1510.14,1746.86,0.3128,A,A,1.0
2022-10-22,Freiburg,Werder Bremen,1602.67,1429.79,0.8279,H,H,1.0
2022-10-22,Dortmund,Stuttgart,1621.95,1404.03,0.8618,H,H,1.0
2022-10-22,Augsburg,RB Leipzig,1450.68,1605.82,0.4213,D,A,
2022-10-22,Marseille,Lens,1670.08,1671.64,0.638,A,H,0.0
2022-10-22,Montpellier,Lyon,1393.65,1562.8,0.4018,A,A,1.0
2022-10-22,Nott'm Forest,Liverpool,1400.04,1777.73,0.1682,H,A,0.0
2022-10-22,Real Madrid,Sevilla,1843.52,1577.76,0.8914,H,H,1.0
2022-10-22,Fiorentina,Inter,1513.51,1724.7,0.3452,A,A,1.0
2022-10-23,Espanol,Elche,1408.35,1364.74,0.6956,D,H,
2022-10-23,Hertha,Schalke 04,1404.62,1262.27,0.8014,H,H,1.0
2022-10-23,Bochum,Union Berlin,1370.82,1686.33,0.2243,H,A,0.0
2022-10-23,Roma,Napoli,1665.63,1805.23,0.4433,A,A,1.0
2022-10-23,Southampton,Arsenal,1404.74,1734.09,0.2108,D,A,
2022-10-23,Leeds,Fulham,1418.17,1416.17,0.6427,A,H,0.0
2022-10-23,Aston Villa,Brentford,1423.77,1505.81,0.5258,H,H,1.0
2022-10-23,Atalanta,Lazio,1670.41,1689.22,0.6148,A,H,0.0
2022-10-23,Bologna,Lecce,1422.58,1472.3,0.5719,H,H,1.0
2022-10-23,Tottenham,Newcastle,1691.05,1622.15,0.7256,A,H,0.0
2022-10-23,Udinese,Torino,1650.45,1491.01,0.8166,A,H,0.0
2022-10-23,Villarreal,Almeria,1603.35,1456.79,0.8052,H,H,1.0
2022-10-23,Girona,Osasuna,1426.33,1479.47,0.567,D,H,
2022-10-23,Betis,Ath Madrid,1630.47,1708.51,0.5316,A,H,0.0
2022-10-23,Lille,Monaco,1620.02,1711.31,0.5125,H,H,1.0
2022-10-23,Nice,Nantes,1531.6,1507.89,0.6709,D,H,
2022-10-23,Troyes,Lorient,1457.17,1570.06,0.4815,D,A,
2022-10-23,Toulouse,Strasbourg,1502.5,1489.66,0.6569,D,H,
2022-10-23,Reims,Auxerre,1468.6,1429.76,0.6898,H,H,1.0
2022-10-23,Clermont,Brest,1477.22,1365.76,0.7716,A,H,0.0
2022-10-23,Angers,Rennes,1345.68,1669.86,0.2158,A,A,1.0
2022-10-23,Barcelona,Ath Bilbao,1764.88,1561.65,0.8514,H,H,1.0
2022-10-23,Wolves,Leicester,1416.84,1457.95,0.584,A,H,0.0
2022-10-24,Cremonese,Sampdoria,1440.56,1335.87,0.7646,A,H,0.0
2022-10-24,Sassuolo,Verona,1528.22,1433.78,0.7538,H,H,1.0
2022-10-24,West Ham,Bournemouth,1494.01,1483.09,0.6544,H,H,1.0
2022-10-24,Celta,Getafe,1454.08,1439.52,0.6591,D,H,
2022-10-28,Lens,Toulouse,1698.2,1497.47,0.8496,H,H,1.0
2022-10-28,Mallorca,Espanol,1449.61,1402.09,0.7004,D,H,
2022-10-28,Werder Bremen,Hertha,1421.65,1412.89,0.6516,H,H,1.0
2022-10-29,Newcastle,Aston Villa,1652.36,1449.55,0.8511,H,H,1.0
2022-10-29,Almeria,Celta,1448.68,1448.98,0.6397,H,H,1.0
2022-10-29,Cadiz,Ath Madrid,1407.47,1730.64,0.2168,H,A,0.0
2022-10-29,Sevilla,Vallecano,1572.63,1435.4,0.7967,A,H,0.0
2022-10-29,Valencia,Barcelona,1478.7,1772.96,0.2463,A,A,1.0
2022-10-29,Paris SG,Troyes,1828.16,1457.76,0.9375,H,H,1.0
2022-10-29,Bournemouth,Tottenham,1466.76,1660.85,0.3678,A,A,1.0
2022-10-29,Liverpool,Leeds,1743.09,1391.42,0.9309,A,H,0.0
2022-10-29,Brentford,Wolves,1480.03,1385.1,0.7544,D,H,
2022-10-29,Brighton,Chelsea,1536.11,1651.93,0.4772,H,A,0.0
2022-10-29,Fulham,Everton,1442.93,1467.78,0.6065,D,H,
2022-10-29,Crystal Palace,Southampton,1503.9,1413.99,0.749,H,H,1.0
2022-10-29,Strasbourg,Marseille,1494.69,1643.52,0.4302,D,A,
2022-10-29,RB Leipzig,Leverkusen,1603.3,1523.44,0.738,H,H,1.0
2022-10-29,Bayern Munich,Mainz,1761.64,1561.43,0.8492,H,H,1.0
2022-10-29,Stuttgart,Augsburg,1396.16,1453.19,0.5615,H,H,1.0
2022-10-29,Wolfsburg,Bochum,1488.29,1403.11,0.7438,H,H,1.0
2022-10-29,Ein Frankfurt,Dortmund,1569.22,1629.82,0.5565,A,H,0.0
2022-10-29,Inter,Sampdoria,1739.08,1367.7,0.9378,H,H,1.0
2022-10-29,Lecce,Juventus,1452.06,1647.82,0.3656,A,A,1.0
2022-10-29,Napoli,Sassuolo,1823.69,1538.46,0.9018,H,H,1.0
2022-10-29,Leicester,Man City,1489.69,1833.65,0.1971,A,A,1.0
2022-10-30,Lazio,Salernitana,1718.28,1428.33,0.9042,A,H,0.0
2022-10-30,Torino,Milan,1525.0,1811.4,0.2548,H,A,0.0
2022-10-30,Empoli,Atalanta,1454.17,1641.35,0.3771,A,A,1.0
2022-10-30,Osasuna,Valladolid,1481.62,1417.02,0.7206,H,H,1.0
2022-10-30,Real Madrid,Girona,1848.65,1424.18,0.9534,D,H,
2022-10-30,Lyon,Lille,1579.52,1640.31,0.5562,H,H,1.0
2022-10-30,Lorient,Nice,1569.46,1526.13,0.6953,A,H,0.0
2022-10-30,Rennes,Montpellier,1678.84,1376.92,0.91,H,H,1.0
2022-10-30,Nantes,Clermont,1513.36,1440.75,0.7298,D,H,
2022-10-30,Monaco,Angers,1691.02,1336.7,0.9318,H,H,1.0
2022-10-30,Brest,Reims,1402.24,1481.51,0.5298,D,H,
2022-10-30,Auxerre,Ajaccio,1416.84,1426.86,0.6267,H,H,1.0
2022-10-30,Ath Bilbao,Villarreal,1553.58,1611.46,0.5603,H,H,1.0
2022-10-30,Sociedad,Betis,1610.14,1608.34,0.6425,A,H,0.0
2022-10-30,Man United,West Ham,1635.11,1510.34,0.7848,H,H,1.0
2022-10-30,Arsenal,Nott'm Forest,1724.83,1434.67,0.9043,H,H,1.0
2022-10-30,FC Koln,Hoffenheim,1534.12,1495.35,0.6897,D,H,
2022-10-30,Schalke 04,Freiburg,1254.0,1610.8,0.1857,A,A,1.0
2022-10-30,Union Berlin,M'gladbach,1654.03,1519.83,0.7938,H,H,1.0
2022-10-30,Spezia,Fiorentina,1376.6,1499.14,0.4676,A,A,1.0
2022-10-30,Cremonese,Udinese,1408.73,1616.45,0.3498,D,A,
2022-10-31,Monza,Bologna,1469.82,1442.81,0.6751,A,H,0.0
2022-10-31,Verona,Roma,1423.53,1647.18,0.3292,A,A,1.0
2022-10-31,Elche,Getafe,1371.0,1444.61,0.5379,A,H,0.0
2022-11-04,Girona,Ath Bilbao,1438.69,1571.88,0.4524,H,A,0.0
2022-11-04,Troyes,Auxerre,1455.16,1432.39,0.6697,D,H,
2022-11-04,M'gladbach,Stuttgart,1511.24,1414.42,0.7564,H,H,1.0
2022-11-04,Udinese,Lecce,1611.65,1436.84,0.8295,D,H,
2022-11-05,Barcelona,Almeria,1783.22,1465.71,0.9171,H,H,1.0
2022-11-05,Celta,Osasuna,1431.95,1494.82,0.5532,A,H,0.0
2022-11-05,Valladolid,Elche,1403.81,1348.61,0.7096,H,H,1.0
2022-11-05,Ajaccio,Strasbourg,1411.32,1496.92,0.5207,H,H,1.0
2022-11-05,Getafe,Cadiz,1467.01,1440.08,0.675,D,H,
2022-11-05,Angers,Lens,1333.48,1705.92,0.1725,A,A,1.0
2022-11-05,Hoffenheim,RB Leipzig,1501.42,1615.69,0.4795,A,A,1.0
2022-11-05,Dortmund,Bochum,1652.98,1389.18,0.8903,H,H,1.0
2022-11-05,Nott'm Forest,Brentford,1429.22,1471.89,0.5818,D,H,
2022-11-05,Augsburg,Ein Frankfurt,1434.94,1546.05,0.484,A,A,1.0
2022-11-05,Wolves,Brighton,1393.24,1562.91,0.4011,A,A,1.0
2022-11-05,Milan,Spezia,1780.37,1357.13,0.9531,H,H,1.0
2022-11-05,Atalanta,Napoli,1659.18,1829.03,0.4008,A,A,1.0
2022-11-05,Salernitana,Cremonese,1471.07,1413.53,0.7124,D,H,
2022-11-05,Empoli,Sassuolo,1436.34,1533.13,0.5046,H,H,1.0
2022-11-05,Everton,Leicester,1471.19,1481.49,0.6263,A,H,0.0
2022-11-05,Man City,Fulham,1841.86,1439.52,0.9474,H,H,1.0
2022-11-05,Werder Bremen,Schalke 04,1436.16,1245.22,0.8422,H,H,1.0
2022-11-05,Mainz,Wolfsburg,1553.23,1502.22,0.7046,A,H,0.0
2022-11-05,Hertha,Bayern Munich,1398.39,1769.84,0.1733,A,A,1.0
2022-11-05,Leeds,Bournemouth,1430.17,1451.44,0.6114,H,H,1.0
2022-11-06,Chelsea,Arsenal,1625.13,1730.28,0.4926,A,A,1.0
2022-11-06,Southampton,Newcastle,1403.54,1660.46,0.2884,A,A,1.0
2022-11-06,Freiburg,FC Koln,1619.58,1528.05,0.7507,H,H,1.0
2022-11-06,Lille,Rennes,1621.83,1683.46,0.555,D,H,
2022-11-06,West Ham,Crystal Palace,1501.39,1514.35,0.6227,A,H,0.0
2022-11-06,Tottenham,Liverpool,1676.16,1704.34,0.6019,A,H,0.0
2022-11-06,Lorient,Paris SG,1540.52,1830.76,0.2506,A,A,1.0
2022-11-06,Aston Villa,Man United,1441.45,1644.07,0.3565,H,A,0.0
2022-11-06,Monza,Verona,1441.72,1407.97,0.6835,H,H,1.0
2022-11-06,Juventus,Inter,1663.04,1742.26,0.5299,H,H,1.0
2022-11-06,Roma,Lazio,1662.74,1675.54,0.6229,A,H,0.0
2022-11-06,Sampdoria,Fiorentina,1364.52,1518.6,0.4228,A,A,1.0
2022-11-06,Bologna,Torino,1470.92,1556.03,0.5214,H,H,1.0
2022-11-06,Clermont,Montpellier,1448.1,1372.31,0.7334,D,H,
2022-11-06,Leverkusen,Union Berlin,1511.05,1662.62,0.4263,H,A,0.0
2022-11-06,Reims,Nantes,1482.46,1506.01,0.6083,H,H,1.0
2022-11-06,Betis,Sevilla,1638.71,1539.46,0.759,D,H,
2022-11-06,Villarreal,Mallorca,1593.15,1443.2,0.8083,A,H,0.0
2022-11-06,Sociedad,Valencia,1579.77,1468.44,0.7714,D,H,
2022-11-06,Ath Madrid,Espanol,1698.03,1408.5,0.904,D,H,
2022-11-06,Marseille,Lyon,1641.28,1598.0,0.6953,H,H,1.0
2022-11-06,Toulouse,Monaco,1489.76,1694.24,0.354,A,A,1.0
2022-11-06,Nice,Brest,1555.08,1401.28,0.8117,H,H,1.0
2022-11-07,Vallecano,Real Madrid,1468.57,1834.14,0.1782,H,A,0.0
2022-11-08,Osasuna,Barcelona,1517.85,1787.14,0.274,A,A,1.0
2022-11-08,Elche,Girona,1336.52,1461.49,0.4641,A,A,1.0
2022-11-08,Napoli,Empoli,1845.71,1456.97,0.9434,H,H,1.0
2022-11-08,Spezia,Udinese,1355.18,1601.1,0.3015,D,A,
2022-11-08,Cremonese,Milan,1420.33,1782.33,0.1812,D,A,
2022-11-08,Wolfsburg,Dortmund,1538.34,1658.61,0.4709,H,A,0.0
2022-11-08,Bayern Munich,Werder Bremen,1777.06,1442.73,0.9242,H,H,1.0
2022-11-08,Bochum,M'gladbach,1383.56,1522.76,0.4438,H,A,0.0
2022-11-08,Stuttgart,Hertha,1402.9,1391.17,0.6555,H,H,1.0
2022-11-08,Ath Bilbao,Valladolid,1549.08,1415.9,0.7929,H,H,1.0
2022-11-09,Union Berlin,Augsburg,1629.98,1414.79,0.8599,D,H,
2022-11-09,Schalke 04,Mainz,1238.65,1517.11,0.2636,H,A,0.0
2022-11-09,RB Leipzig,Freiburg,1638.35,1631.36,0.6493,H,H,1.0
2022-11-09,Torino,Sampdoria,1536.1,1344.53,0.8427,H,H,1.0
2022-11-09,Inter,Bologna,1720.04,1490.84,0.8693,H,H,1.0
2022-11-09,Fiorentina,Salernitana,1538.59,1464.27,0.7317,H,H,1.0
2022-11-09,Sassuolo,Roma,1512.5,1636.8,0.4651,D,A,
2022-11-09,Lecce,Atalanta,1447.38,1642.49,0.3665,H,A,0.0
2022-11-09,FC Koln,Leverkusen,1516.27,1543.69,0.603,A,H,0.0
2022-11-09,Almeria,Getafe,1461.79,1461.41,0.6406,H,H,1.0
2022-11-09,Espanol,Villarreal,1421.43,1554.94,0.4519,A,A,1.0
2022-11-09,Sevilla,Sociedad,1547.75,1571.09,0.6086,A,H,0.0
2022-11-09,Ein Frankfurt,Hoffenheim,1566.2,1478.76,0.7463,H,H,1.0
2022-11-09,Mallorca,Ath Madrid,1481.4,1685.11,0.355,H,A,0.0
2022-11-10,Lazio,Monza,1701.47,1456.68,0.8792,H,H,1.0
2022-11-10,Vallecano,Celta,1502.78,1408.92,0.7532,D,H,
2022-11-10,Valencia,Betis,1477.13,1630.42,0.4239,H,A,0.0
2022-11-10,Real Madrid,Cadiz,1799.92,1445.68,0.9318,H,H,1.0
2022-11-10,Verona,Juventus,1393.01,1685.26,0.2485,A,A,1.0
2022-11-11,M'gladbach,Dortmund,1499.6,1633.59,0.4512,H,A,0.0
2022-11-11,Lyon,Nice,1585.31,1562.92,0.6692,D,H,
2022-11-11,Empoli,Cremonese,1454.29,1430.53,0.6709,H,H,1.0
2022-11-12,Sampdoria,Lecce,1337.1,1473.76,0.4474,A,A,1.0
2022-11-12,West Ham,Leicester,1475.46,1511.09,0.5916,A,H,0.0
2022-11-12,Rennes,Toulouse,1685.22,1473.03,0.8578,H,H,1.0
2022-11-12,Lens,Clermont,1713.1,1440.64,0.8951,H,H,1.0
2022-11-12,Napoli,Udinese,1848.39,1594.75,0.8845,H,H,1.0
2022-11-12,Tottenham,Leeds,1651.1,1446.35,0.8525,H,H,1.0
2022-11-12,Bologna,Sassuolo,1483.41,1513.62,0.5991,H,H,1.0
2022-11-12,Leverkusen,Stuttgart,1568.8,1417.25,0.8097,H,H,1.0
2022-11-12,Hertha,FC Koln,1376.83,1491.17,0.4794,H,A,0.0
2022-11-12,Werder Bremen,RB Leipzig,1438.41,1654.93,0.3383,A,A,1.0
2022-11-12,Schalke 04,Bayern Munich,1269.31,1781.37,0.0853,A,A,1.0
2022-11-12,Nott'm Forest,Crystal Palace,1426.61,1540.28,0.4803,H,A,0.0
2022-11-12,Augsburg,Bochum,1426.3,1406.72,0.6656,A,H,0.0
2022-11-12,Wolves,Arsenal,1376.54,1750.79,0.171,A,A,1.0
2022-11-12,Newcastle,Chelsea,1675.24,1604.63,0.7275,H,H,1.0
2022-11-12,Bournemouth,Everton,1435.26,1441.59,0.6316,H,H,1.0
2022-11-12,Man City,Brentford,1844.05,1474.51,0.9372,A,H,0.0
2022-11-12,Liverpool,Southampton,1729.4,1388.76,0.9267,H,H,1.0
2022-11-12,Hoffenheim,Wolfsburg,1466.77,1563.35,0.5049,A,H,0.0
2022-11-13,Milan,Fiorentina,1772.12,1549.76,0.8648,H,H,1.0
2022-11-13,Monaco,Marseille,1710.97,1653.97,0.7117,A,H,0.0
2022-11-13,Strasbourg,Lorient,1474.26,1530.08,0.5632,D,H,
2022-11-13,Nantes,Ajaccio,1489.7,1433.98,0.7102,D,H,
2022-11-13,Paris SG,Auxerre,1841.2,1437.82,0.9477,H,H,1.0
2022-11-13,Montpellier,Reims,1379.78,1498.77,0.4727,D,A,
2022-11-13,Verona,Spezia,1382.67,1361.53,0.6676,A,H,0.0
2022-11-13,Freiburg,Union Berlin,1614.79,1618.46,0.6352,H,H,1.0
2022-11-13,Lille,Angers,1620.07,1326.3,0.9061,H,H,1.0
2022-11-13,Fulham,Man United,1437.33,1613.65,0.3919,A,A,1.0
2022-11-13,Brighton,Aston Villa,1579.61,1471.87,0.7678,A,H,0.0
2022-11-13,Juventus,Lazio,1695.61,1706.5,0.6255,H,H,1.0
2022-11-13,Atalanta,Inter,1616.11,1727.48,0.4836,A,A,1.0
2022-11-13,Monza,Salernitana,1451.65,1453.11,0.6381,H,H,1.0
2022-11-13,Roma,Torino,1635.69,1543.54,0.7514,D,H,
2022-11-13,Mainz,Ein Frankfurt,1486.45,1578.19,0.5119,D,H,
2022-11-13,Brest,Troyes,1393.44,1449.73,0.5626,H,H,1.0
2022-12-26,Southampton,Brighton,1385.29,1547.64,0.4112,A,A,1.0
2022-12-26,Aston Villa,Liverpool,1503.84,1732.87,0.3224,A,A,1.0
2022-12-26,Leicester,Newcastle,1539.05,1686.58,0.432,A,A,1.0
2022-12-26,Everton,Wolves,1422.7,1368.46,0.7085,A,H,0.0
2022-12-26,Crystal Palace,Fulham,1518.64,1421.02,0.7572,A,H,0.0
2022-12-26,Brentford,Tottenham,1513.53,1657.24,0.4374,D,A,
2022-12-26,Arsenal,West Ham,1758.87,1447.5,0.9144,H,H,1.0
2022-12-27,Man United,Nott'm Forest,1629.97,1448.24,0.835,H,H,1.0
2022-12-27,Chelsea,Bournemouth,1593.28,1454.15,0.7984,H,H,1.0
2022-12-28,Leeds,Man City,1440.21,1805.03,0.1788,A,A,1.0
2022-12-28,Paris SG,Strasbourg,1844.17,1472.24,0.938,H,H,1.0
2022-12-28,Brest,Lyon,1411.65,1579.9,0.403,A,A,1.0
2022-12-28,Clermont,Lille,1436.27,1623.98,0.3764,A,A,1.0
2022-12-28,Auxerre,Monaco,1434.84,1681.34,0.3008,A,A,1.0
2022-12-28,Troyes,Nantes,1431.52,1482.97,0.5694,D,H,
2022-12-28,Ajaccio,Angers,1440.7,1322.39,0.7785,H,H,1.0
2022-12-29,Lorient,Montpellier,1532.11,1380.65,0.8096,A,H,0.0
2022-12-29,Nice,Lens,1568.33,1717.46,0.4298,D,A,
2022-12-29,Marseille,Toulouse,1683.6,1467.11,0.8608,H,H,1.0
2022-12-29,Reims,Rennes,1497.9,1691.14,0.3689,H,A,0.0
2022-12-29,Girona,Vallecano,1480.81,1494.68,0.6215,D,H,
2022-12-29,Betis,Ath Bilbao,1600.89,1559.7,0.6927,D,H,
2022-12-29,Ath Madrid,Elche,1658.25,1317.2,0.9268,H,H,1.0
2022-12-30,West Ham,Brentford,1443.45,1515.53,0.5401,A,H,0.0
2022-12-30,Liverpool,Leicester,1748.1,1516.91,0.8706,H,H,1.0
2022-12-30,Cadiz,Almeria,1442.84,1476.76,0.594,D,H,
2022-12-30,Getafe,Mallorca,1446.45,1508.25,0.5547,H,H,1.0
2022-12-30,Celta,Sevilla,1417.02,1522.41,0.4922,D,A,
2022-12-30,Valladolid,Real Madrid,1405.28,1802.76,0.1528,A,A,1.0
2022-12-31,Barcelona,Espanol,1798.55,1402.61,0.9456,D,H,
2022-12-31,Sociedad,Osasuna,1596.42,1506.45,0.7491,H,H,1.0
2022-12-31,Villarreal,Valencia,1573.76,1506.66,0.7235,H,H,1.0
2022-12-31,Newcastle,Leeds,1708.73,1431.76,0.8975,D,H,
2022-12-31,Man City,Everton,1813.48,1393.21,0.9523,D,H,
2022-12-31,Brighton,Arsenal,1567.08,1762.92,0.3655,A,A,1.0
2022-12-31,Fulham,Southampton,1459.84,1365.85,0.7534,H,H,1.0
2022-12-31,Wolves,Man United,1397.95,1638.43,0.3082,A,A,1.0
2022-12-31,Bournemouth,Crystal Palace,1444.62,1479.82,0.5922,A,H,0.0
2023-01-01,Lyon,Clermont,1598.95,1418.48,0.834,A,H,0.0
2023-01-01,Toulouse,Ajaccio,1459.19,1449.93,0.6523,H,H,1.0
2023-01-01,Angers,Lorient,1313.17,1493.84,0.3859,A,A,1.0
2023-01-01,Lens,Paris SG,1715.22,1846.75,0.4547,H,A,0.0
2023-01-01,Monaco,Brest,1693.87,1392.6,0.9097,H,H,1.0
2023-01-01,Nantes,Auxerre,1485.19,1422.32,0.7186,H,H,1.0
2023-01-01,Tottenham,Aston Villa,1655.24,1488.6,0.8227,A,H,0.0
2023-01-01,Nott'm Forest,Chelsea,1439.78,1602.81,0.4103,D,A,
2023-01-02,Strasbourg,Troyes,1469.66,1429.3,0.6917,A,H,0.0
2023-01-02,Lille,Reims,1641.77,1527.73,0.7742,D,H,
2023-01-02,Montpellier,Marseille,1418.92,1691.52,0.2702,A,A,1.0
2023-01-02,Rennes,Nice,1661.31,1570.58,0.7499,H,H,1.0
2023-01-02,Brentford,Liverpool,1541.06,1753.49,0.3436,H,A,0.0
2023-01-03,Man United,Bournemouth,1651.26,1416.63,0.8728,H,H,1.0
2023-01-03,Leicester,Fulham,1511.52,1470.11,0.693,A,H,0.0
2023-01-03,Everton,Brighton,1407.68,1549.8,0.4397,A,A,1.0
2023-01-03,Arsenal,Newcastle,1780.19,1696.01,0.7427,D,H,
2023-01-04,Sassuolo,Sampdoria,1493.07,1315.95,0.8314,A,H,0.0
2023-01-04,Salernitana,Milan,1434.55,1777.75,0.1978,A,A,1.0
2023-01-04,Udinese,Empoli,1589.94,1469.85,0.7802,D,H,
2023-01-04,Torino,Verona,1551.58,1354.87,0.8466,D,H,
2023-01-04,Lecce,Lazio,1494.91,1687.3,0.3701,H,A,0.0
2023-01-04,Roma,Bologna,1627.64,1503.96,0.7837,H,H,1.0
2023-01-04,Cremonese,Juventus,1414.98,1714.81,0.2404,A,A,1.0
2023-01-04,Spezia,Atalanta,1389.32,1595.98,0.3512,D,A,
2023-01-04,Inter,Napoli,1747.61,1853.2,0.492,H,A,0.0
2023-01-04,Fiorentina,Monza,1544.13,1470.2,0.7313,D,H,
2023-01-04,Crystal Palace,Tottenham,1507.81,1616.35,0.4877,A,A,1.0
2023-01-04,Aston Villa,Wolves,1527.49,1385.12,0.8014,D,H,
2023-01-04,Leeds,West Ham,1444.48,1417.92,0.6745,D,H,
2023-01-04,Southampton,Nott'm Forest,1355.59,1442.66,0.5186,A,H,0.0
2023-01-05,Chelsea,Man City,1599.94,1799.01,0.3612,A,A,1.0
2023-01-06,Elche,Celta,1313.74,1417.27,0.4949,A,A,1.0
2023-01-06,Valencia,Cadiz,1495.15,1439.83,0.7097,A,H,0.0
2023-01-07,Fiorentina,Sassuolo,1536.73,1458.45,0.7362,H,H,1.0
2023-01-07,Espanol,Girona,1416.87,1476.93,0.5572,D,H,
2023-01-07,Villarreal,Real Madrid,1585.27,1809.99,0.3278,H,A,0.0
2023-01-07,Monza,Inter,1477.6,1768.76,0.2497,D,A,
2023-01-07,Juventus,Udinese,1724.82,1580.98,0.8028,H,H,1.0
2023-01-07,Mallorca,Valladolid,1487.21,1398.06,0.7482,H,H,1.0
2023-01-08,Spezia,Lecce,1394.08,1521.13,0.4611,D,A,
2023-01-08,Salernitana,Torino,1426.32,1540.49,0.4796,D,A,
2023-01-08,Milan,Roma,1785.99,1636.65,0.8077,D,H,
2023-01-08,Sampdoria,Napoli,1350.56,1832.05,0.1001,A,A,1.0
2023-01-08,Lazio,Empoli,1661.08,1478.81,0.8355,D,H,
2023-01-08,Sevilla,Getafe,1522.16,1467.49,0.709,H,H,1.0
2023-01-08,Ath Madrid,Barcelona,1661.71,1784.29,0.4676,A,A,1.0
2023-01-08,Vallecano,Betis,1498.57,1594.72,0.5055,A,H,0.0
2023-01-08,Almeria,Sociedad,1479.76,1608.29,0.459,A,A,1.0
2023-01-09,Bologna,Atalanta,1494.96,1591.21,0.5054,A,H,0.0
2023-01-09,Ath Bilbao,Osasuna,1565.87,1494.59,0.7283,D,H,
2023-01-09,Verona,Cremonese,1365.96,1404.97,0.5869,H,H,1.0
2023-01-11,Troyes,Marseille,1458.09,1702.77,0.303,A,A,1.0
2023-01-11,Strasbourg,Lens,1440.86,1740.99,0.2401,D,A,
2023-01-11,Paris SG,Angers,1820.98,1297.1,0.9732,H,H,1.0
2023-01-11,Nice,Montpellier,1560.17,1407.67,0.8105,H,H,1.0
2023-01-11,Lorient,Monaco,1509.9,1697.63,0.3764,D,A,
2023-01-11,Clermont,Rennes,1453.2,1671.72,0.3358,H,A,0.0
2023-01-11,Nantes,Lyon,1496.91,1564.23,0.5469,D,H,
2023-01-11,Ajaccio,Reims,1433.49,1536.5,0.4957,A,A,1.0
2023-01-11,Auxerre,Toulouse,1410.6,1475.62,0.5502,A,H,0.0
2023-01-11,Brest,Lille,1388.84,1633.0,0.3037,D,A,
2023-01-12,Fulham,Chelsea,1498.96,1584.9,0.5202,H,H,1.0
2023-01-13,Aston Villa,Leeds,1517.84,1438.89,0.7369,H,H,1.0
2023-01-13,Napoli,Juventus,1836.78,1733.03,0.7637,H,H,1.0
2023-01-13,Celta,Villarreal,1437.88,1613.25,0.3932,D,A,
2023-01-14,Girona,Sevilla,1478.76,1534.28,0.5637,H,H,1.0
2023-01-14,Marseille,Lorient,1717.1,1513.86,0.8514,H,H,1.0
2023-01-14,Sociedad,Ath Bilbao,1629.98,1558.56,0.7285,H,H,1.0
2023-01-14,Man United,Man City,1657.78,1814.04,0.4197,H,A,0.0
2023-01-14,Brighton,Liverpool,1572.34,1722.47,0.4284,H,A,0.0
2023-01-14,Everton,Southampton,1385.14,1333.99,0.7048,A,H,0.0
2023-01-14,Nott'm Forest,Leicester,1464.25,1482.67,0.6153,H,H,1.0
2023-01-14,Wolves,West Ham,1394.77,1423.5,0.6011,H,H,1.0
2023-01-14,Brentford,Bournemouth,1572.08,1410.11,0.8188,H,H,1.0
2023-01-14,Osasuna,Mallorca,1501.89,1497.69,0.6456,H,H,1.0
2023-01-14,Valladolid,Vallecano,1387.57,1477.52,0.5145,A,H,0.0
2023-01-14,Cremonese,Monza,1385.44,1485.61,0.4998,A,A,1.0
2023-01-14,Lecce,Milan,1519.89,1776.14,0.2892,D,A,
2023-01-14,Inter,Verona,1760.75,1385.49,0.9391,H,H,1.0
2023-01-14,Lyon,Strasbourg,1565.73,1449.18,0.7767,A,H,0.0
2023-01-14,Lens,Auxerre,1732.67,1379.3,0.9315,H,H,1.0
2023-01-15,Chelsea,Crystal Palace,1564.93,1481.3,0.7421,H,H,1.0
2023-01-15,Sassuolo,Lazio,1447.47,1650.34,0.3561,A,A,1.0
2023-01-15,Torino,Spezia,1539.84,1395.33,0.8034,A,H,0.0
2023-01-15,Udinese,Bologna,1572.76,1473.91,0.7585,A,H,0.0
2023-01-15,Atalanta,Salernitana,1612.25,1426.97,0.8378,H,H,1.0
2023-01-15,Newcastle,Fulham,1703.78,1518.93,0.8375,H,H,1.0
2023-01-15,Tottenham,Arsenal,1642.87,1772.42,0.4576,A,A,1.0
2023-01-15,Almeria,Ath Madrid,1458.07,1642.25,0.3812,D,A,
2023-01-15,Lille,Troyes,1626.72,1443.77,0.836,H,H,1.0
2023-01-15,Angers,Clermont,1295.83,1480.86,0.38,A,A,1.0
2023-01-15,Montpellier,Nantes,1396.89,1495.41,0.5021,A,H,0.0
2023-01-15,Reims,Nice,1557.14,1570.95,0.6216,D,H,
2023-01-15,Toulouse,Brest,1506.93,1395.13,0.7719,D,H,
2023-01-15,Monaco,Ajaccio,1693.67,1412.85,0.8995,H,H,1.0
2023-01-15,Roma,Fiorentina,1646.49,1547.71,0.7585,H,H,1.0
2023-01-15,Rennes,Paris SG,1644.07,1822.25,0.3894,H,A,0.0
2023-01-15,Getafe,Espanol,1455.38,1415.04,0.6916,A,H,0.0
2023-01-16,Empoli,Sampdoria,1489.55,1345.83,0.8027,H,H,1.0
2023-01-16,Cadiz,Elche,1469.38,1293.13,0.8306,D,H,
2023-01-18,Crystal Palace,Man United,1470.56,1681.93,0.345,D,A,
2023-01-19,Man City,Tottenham,1789.89,1621.24,0.8244,H,H,1.0
2023-01-20,Mallorca,Celta,1482.94,1441.29,0.6933,H,H,1.0
2023-01-20,RB Leipzig,Bayern Munich,1669.02,1785.41,0.4764,D,A,
2023-01-21,Bournemouth,Nott'm Forest,1401.54,1482.43,0.5275,D,H,
2023-01-21,Vallecano,Sociedad,1498.94,1642.82,0.4372,A,A,1.0
2023-01-21,Espanol,Betis,1443.83,1615.77,0.3979,H,A,0.0
2023-01-21,Ath Madrid,Valladolid,1638.44,1366.15,0.895,H,H,1.0
2023-01-21,Sevilla,Cadiz,1516.11,1458.8,0.7121,H,H,1.0
2023-01-21,Verona,Lecce,1382.96,1526.64,0.4375,H,A,0.0
2023-01-21,Salernitana,Napoli,1417.4,1849.63,0.1287,A,A,1.0
2023-01-21,Fiorentina,Torino,1536.29,1506.39,0.6787,A,H,0.0
2023-01-21,Ein Frankfurt,Schalke 04,1578.57,1265.28,0.9152,H,H,1.0
2023-01-21,Liverpool,Chelsea,1693.16,1575.66,0.7776,D,H,
2023-01-21,FC Koln,Werder Bremen,1466.56,1424.33,0.694,H,H,1.0
2023-01-21,Wolfsburg,Freiburg,1584.38,1633.49,0.5727,H,H,1.0
2023-01-21,Union Berlin,Hoffenheim,1599.76,1445.75,0.8119,H,H,1.0
2023-01-21,Stuttgart,Mainz,1408.25,1486.07,0.5319,D,H,
2023-01-21,Bochum,Hertha,1434.43,1401.44,0.6826,H,H,1.0
2023-01-21,Crystal Palace,Newcastle,1475.52,1710.54,0.3149,D,A,
2023-01-21,West Ham,Everton,1406.9,1355.8,0.7047,H,H,1.0
2023-01-21,Southampton,Aston Villa,1363.34,1528.79,0.4069,A,A,1.0
2023-01-21,Leicester,Brighton,1464.48,1601.65,0.4467,D,A,
2023-01-22,M'gladbach,Leverkusen,1525.54,1577.79,0.5683,A,H,0.0
2023-01-22,Dortmund,Augsburg,1607.66,1398.59,0.8556,H,H,1.0
2023-01-22,Elche,Osasuna,1303.71,1516.65,0.343,D,A,
2023-01-22,Ath Bilbao,Real Madrid,1545.73,1782.0,0.3134,A,A,1.0
2023-01-22,Barcelona,Getafe,1803.75,1426.58,0.9397,H,H,1.0
2023-01-22,Villarreal,Girona,1609.84,1496.92,0.7731,H,H,1.0
2023-01-22,Leeds,Brentford,1427.94,1580.65,0.4247,D,A,
2023-01-22,Man City,Wolves,1798.19,1411.37,0.9428,H,H,1.0
2023-01-22,Arsenal,Man United,1794.05,1676.97,0.7772,H,H,1.0
2023-01-22,Sampdoria,Udinese,1337.61,1541.18,0.3552,A,A,1.0
2023-01-22,Monza,Sassuolo,1506.42,1430.64,0.7334,D,H,
2023-01-22,Juventus,Atalanta,1720.18,1621.83,0.758,D,H,
2023-01-22,Spezia,Roma,1428.77,1657.91,0.3223,A,A,1.0
2023-01-23,Fulham,Tottenham,1512.17,1612.94,0.4989,A,A,1.0
2023-01-23,Valencia,Almeria,1465.6,1461.87,0.645,D,H,
2023-01-23,Inter,Empoli,1763.29,1497.76,0.8913,A,H,0.0
2023-01-23,Bologna,Cremonese,1505.5,1364.63,0.8,D,H,
2023-01-24,Bayern Munich,FC Koln,1784.65,1484.63,0.9091,D,H,
2023-01-24,Schalke 04,RB Leipzig,1260.93,1669.77,0.1446,A,A,1.0
2023-01-24,Hoffenheim,Stuttgart,1436.85,1407.23,0.6783,D,H,
2023-01-24,Hertha,Wolfsburg,1386.43,1609.6,0.3298,A,A,1.0
2023-01-24,Lazio,Milan,1667.18,1769.4,0.4968,H,A,0.0
2023-01-25,Freiburg,Ein Frankfurt,1608.26,1582.92,0.6729,D,H,
2023-01-25,Werder Bremen,Union Berlin,1406.26,1608.65,0.3568,A,A,1.0
2023-01-25,Leverkusen,Bochum,1601.45,1449.43,0.8101,H,H,1.0
2023-01-25,Augsburg,M'gladbach,1392.58,1501.88,0.4866,H,A,0.0
2023-01-25,Mainz,Dortmund,1487.09,1613.67,0.4618,A,A,1.0
2023-01-27,Lorient,Rennes,1506.84,1669.49,0.4108,H,A,0.0
2023-01-27,Bologna,Spezia,1495.89,1413.54,0.7407,H,H,1.0
2023-01-27,Lecce,Salernitana,1500.05,1411.31,0.7477,A,H,0.0
2023-01-27,Almeria,Espanol,1466.51,1468.9,0.6369,H,H,1.0
2023-01-27,RB Leipzig,Stuttgart,1678.0,1412.94,0.891,H,H,1.0
2023-01-28,Freiburg,Augsburg,1602.73,1413.95,0.8405,H,H,1.0
2023-01-28,Cadiz,Mallorca,1446.81,1495.71,0.573,H,H,1.0
2023-01-28,Girona,Barcelona,1487.48,1806.26,0.2211,A,A,1.0
2023-01-28,Sevilla,Elche,1528.1,1308.74,0.8628,H,H,1.0
2023-01-28,Getafe,Betis,1424.07,1590.7,0.4053,A,A,1.0
2023-01-28,Troyes,Lens,1434.85,1735.53,0.2395,D,A,
2023-01-28,Empoli,Torino,1534.87,1534.65,0.6404,D,H,
2023-01-28,Cremonese,Inter,1374.24,1726.18,0.19,A,A,1.0
2023-01-28,Marseille,Monaco,1724.12,1699.6,0.6719,D,H,
2023-01-28,Atalanta,Sampdoria,1630.08,1322.82,0.9125,H,H,1.0
2023-01-28,Hertha,Union Berlin,1367.67,1623.5,0.2897,A,A,1.0
2023-01-28,Hoffenheim,M'gladbach,1431.15,1480.51,0.5724,A,H,0.0
2023-01-28,Bayern Munich,Ein Frankfurt,1771.56,1588.45,0.8361,D,H,
2023-01-28,Mainz,Bochum,1467.87,1440.46,0.6756,H,H,1.0
2023-01-28,Werder Bremen,Wolfsburg,1391.4,1628.37,0.3125,H,A,0.0
2023-01-29,Brest,Angers,1403.83,1280.01,0.7839,H,H,1.0
2023-01-29,Clermont,Nantes,1496.68,1521.15,0.607,D,H,
2023-01-29,Strasbourg,Toulouse,1481.52,1498.23,0.6176,A,H,0.0
2023-01-29,Ajaccio,Lyon,1406.92,1533.39,0.462,A,A,1.0
2023-01-29,Paris SG,Reims,1796.83,1553.25,0.8784,D,H,
2023-01-29,Valladolid,Valencia,1360.77,1460.96,0.4997,H,A,0.0
2023-01-29,Napoli,Roma,1855.71,1673.14,0.8357,H,H,1.0
2023-01-29,Celta,Ath Bilbao,1428.52,1530.91,0.4966,H,A,0.0
2023-01-29,Real Madrid,Sociedad,1796.82,1663.48,0.793,D,H,
2023-01-29,Schalke 04,FC Koln,1252.71,1497.72,0.3026,D,A,
2023-01-29,Leverkusen,Dortmund,1610.43,1632.9,0.6098,A,H,0.0
2023-01-29,Nice,Lille,1574.84,1635.63,0.5562,H,H,1.0
2023-01-29,Auxerre,Montpellier,1376.44,1371.15,0.6471,A,H,0.0
2023-01-29,Milan,Sassuolo,1742.04,1438.11,0.9109,A,H,0.0
2023-01-29,Juventus,Monza,1711.92,1498.95,0.8583,A,H,0.0
2023-01-29,Lazio,Fiorentina,1694.53,1508.04,0.8388,D,H,
2023-01-29,Osasuna,Ath Madrid,1511.62,1643.83,0.4538,A,A,1.0
2023-01-30,Villarreal,Vallecano,1619.28,1478.27,0.8002,A,H,0.0
2023-01-30,Udinese,Verona,1555.97,1409.55,0.8051,D,H,
2023-02-01,Montpellier,Paris SG,1401.73,1784.72,0.164,A,A,1.0
2023-02-01,Lille,Clermont,1617.16,1493.25,0.784,D,H,
2023-02-01,Nantes,Marseille,1524.57,1718.62,0.3679,A,A,1.0
2023-02-01,Reims,Lorient,1565.36,1531.37,0.6838,H,H,1.0
2023-02-01,Toulouse,Troyes,1523.94,1443.19,0.7389,H,H,1.0
2023-02-01,Lens,Nice,1727.19,1593.31,0.7935,A,H,0.0
2023-02-01,Lyon,Brest,1555.23,1415.58,0.7989,D,H,
2023-02-01,Monaco,Auxerre,1705.1,1345.86,0.9336,H,H,1.0
2023-02-01,Angers,Ajaccio,1268.26,1385.09,0.4758,A,A,1.0
2023-02-01,Betis,Barcelona,1607.57,1815.47,0.3495,A,A,1.0
2023-02-01,Rennes,Strasbourg,1644.96,1455.8,0.8408,H,H,1.0
2023-02-02,Real Madrid,Valencia,1787.44,1440.14,0.9292,H,H,1.0
2023-02-03,Ath Bilbao,Cadiz,1509.95,1466.99,0.6949,H,H,1.0
2023-02-03,Chelsea,Fulham,1584.55,1491.39,0.7525,D,H,
2023-02-03,Augsburg,Leverkusen,1406.42,1581.6,0.3935,H,A,0.0
2023-02-04,Sassuolo,Atalanta,1484.81,1634.22,0.4294,H,A,0.0
2023-02-04,Brentford,Southampton,1578.24,1346.4,0.871,H,H,1.0
2023-02-04,Aston Villa,Leicester,1545.73,1466.19,0.7376,A,H,0.0
2023-02-04,Man United,Crystal Palace,1667.7,1481.44,0.8386,H,H,1.0
2023-02-04,Wolves,Liverpool,1408.44,1684.28,0.2666,H,A,0.0
2023-02-04,Newcastle,West Ham,1704.62,1420.86,0.9011,D,H,
2023-02-04,Brighton,Bournemouth,1599.94,1400.67,0.8485,H,H,1.0
2023-02-04,Paris SG,Toulouse,1792.47,1537.32,0.8854,H,H,1.0
2023-02-04,Troyes,Lyon,1429.8,1545.66,0.4772,A,A,1.0
2023-02-04,Rennes,Lille,1653.12,1608.07,0.6974,A,H,0.0
2023-02-04,Everton,Arsenal,1341.84,1803.33,0.111,H,A,0.0
2023-02-04,Roma,Empoli,1666.3,1530.38,0.7954,H,H,1.0
2023-02-04,Espanol,Osasuna,1451.74,1492.73,0.5841,D,H,
2023-02-04,Cremonese,Lecce,1366.33,1468.92,0.4963,A,A,1.0
2023-02-04,Bochum,Hoffenheim,1423.82,1401.8,0.6687,H,H,1.0
2023-02-04,Dortmund,Freiburg,1661.72,1610.26,0.7051,H,H,1.0
2023-02-04,Ein Frankfurt,Hertha,1599.21,1353.97,0.8795,H,H,1.0
2023-02-04,FC Koln,RB Leipzig,1491.4,1682.53,0.3718,D,A,
2023-02-04,Union Berlin,Mainz,1637.19,1484.5,0.8107,H,H,1.0
2023-02-04,M'gladbach,Schalke 04,1509.85,1259.02,0.8828,D,H,
2023-02-04,Ath Madrid,Getafe,1662.72,1407.2,0.8856,D,H,
2023-02-04,Elche,Villarreal,1301.7,1585.97,0.2572,H,A,0.0
2023-02-04,Betis,Celta,1593.02,1449.48,0.8025,A,H,0.0
2023-02-05,Torino,Udinese,1539.14,1546.21,0.6306,H,H,1.0
2023-02-05,Fiorentina,Bologna,1518.88,1508.15,0.6542,A,H,0.0
2023-02-05,Inter,Milan,1734.09,1695.34,0.6897,H,H,1.0
2023-02-05,Stuttgart,Werder Bremen,1408.4,1420.03,0.6245,A,H,0.0
2023-02-05,Wolfsburg,Bayern Munich,1599.75,1760.8,0.413,A,A,1.0
2023-02-05,Spezia,Napoli,1401.29,1862.55,0.1111,A,A,1.0
2023-02-05,Tottenham,Man City,1633.71,1801.12,0.4042,H,A,0.0
2023-02-05,Nott'm Forest,Leeds,1483.31,1430.35,0.7069,H,H,1.0
2023-02-05,Clermont,Monaco,1502.34,1707.87,0.3526,A,A,1.0
2023-02-05,Auxerre,Reims,1343.1,1580.3,0.3122,D,A,
2023-02-05,Ajaccio,Nantes,1404.89,1507.19,0.4967,A,A,1.0
2023-02-05,Strasbourg,Montpellier,1447.64,1393.98,0.7078,H,H,1.0
2023-02-05,Brest,Lens,1425.14,1694.15,0.2743,D,A,
2023-02-05,Marseille,Nice,1736.01,1626.35,0.7697,A,H,0.0
2023-02-05,Mallorca,Real Madrid,1475.53,1790.79,0.2246,H,A,0.0
2023-02-05,Girona,Valencia,1478.27,1436.79,0.6931,H,H,1.0
2023-02-05,Lorient,Angers,1516.42,1248.45,0.8927,D,H,
2023-02-05,Sociedad,Valladolid,1672.86,1381.6,0.9048,A,H,0.0
2023-02-05,Barcelona,Sevilla,1830.02,1535.14,0.9066,H,H,1.0
2023-02-06,Verona,Lazio,1419.31,1683.69,0.2796,D,A,
2023-02-06,Monza,Sampdoria,1539.52,1318.69,0.8638,D,H,
2023-02-06,Vallecano,Almeria,1511.59,1483.67,0.6762,H,H,1.0
2023-02-07,Salernitana,Juventus,1442.44,1671.35,0.3226,A,A,1.0
2023-02-08,Man United,Leeds,1674.42,1418.15,0.886,D,H,
2023-02-10,Milan,Torino,1682.42,1554.52,0.7878,H,H,1.0
2023-02-10,Cadiz,Girona,1451.35,1491.05,0.5859,H,H,1.0
2023-02-10,Nice,Ajaccio,1662.74,1381.42,0.8998,H,H,1.0
2023-02-10,Schalke 04,Wolfsburg,1271.27,1580.22,0.231,D,A,
2023-02-11,Bayern Munich,Bochum,1780.33,1440.81,0.9262,H,H,1.0
2023-02-11,RB Leipzig,Union Berlin,1678.43,1645.07,0.683,A,H,0.0
2023-02-11,Werder Bremen,Dortmund,1449.55,1677.75,0.3234,A,A,1.0
2023-02-11,Mainz,Augsburg,1476.62,1431.67,0.6973,H,H,1.0
2023-02-11,Clermont,Marseille,1485.67,1699.62,0.3416,A,A,1.0
2023-02-11,Monaco,Paris SG,1724.53,1797.24,0.5392,H,H,1.0
2023-02-11,Bournemouth,Newcastle,1394.36,1691.79,0.243,D,A,
2023-02-11,Southampton,Wolves,1339.78,1446.04,0.491,A,A,1.0
2023-02-11,Leicester,Tottenham,1501.05,1658.51,0.4181,H,A,0.0
2023-02-11,Fulham,Nott'm Forest,1499.47,1495.51,0.6453,H,H,1.0
2023-02-11,West Ham,Chelsea,1433.69,1576.47,0.4387,D,A,
2023-02-11,Crystal Palace,Brighton,1474.72,1606.25,0.4548,D,A,
2023-02-11,Valencia,Ath Bilbao,1424.01,1525.6,0.4977,A,A,1.0
2023-02-11,Sevilla,Mallorca,1530.35,1507.81,0.6694,H,H,1.0
2023-02-11,Almeria,Betis,1468.37,1559.61,0.5126,A,H,0.0
2023-02-11,Empoli,Spezia,1520.71,1395.59,0.7851,D,H,
2023-02-11,Lecce,Roma,1492.38,1675.97,0.382,D,A,
2023-02-11,Lazio,Atalanta,1676.64,1610.46,0.7224,A,H,0.0
2023-02-11,Hoffenheim,Leverkusen,1384.82,1556.35,0.3985,A,A,1.0
2023-02-11,Freiburg,Stuttgart,1594.23,1378.88,0.86,H,H,1.0
2023-02-11,Arsenal,Brentford,1766.31,1584.85,0.8348,D,H,
2023-02-12,FC Koln,Ein Frankfurt,1495.51,1605.39,0.4858,H,A,0.0
2023-02-12,Toulouse,Rennes,1532.55,1620.16,0.5178,H,H,1.0
2023-02-12,Hertha,M'gladbach,1347.79,1497.6,0.4288,H,A,0.0
2023-02-12,Angers,Auxerre,1261.01,1349.11,0.5171,D,H,
2023-02-12,Bologna,Monza,1535.38,1527.88,0.65,A,H,0.0
2023-02-12,Montpellier,Brest,1380.17,1432.36,0.5684,H,H,1.0
2023-02-12,Villarreal,Barcelona,1550.86,1834.81,0.2575,A,A,1.0
2023-02-12,Valladolid,Osasuna,1419.27,1495.42,0.5343,D,H,
2023-02-12,Celta,Ath Madrid,1482.89,1650.38,0.4041,A,A,1.0
2023-02-12,Reims,Troyes,1574.29,1407.25,0.8231,H,H,1.0
2023-02-12,Leeds,Man United,1430.5,1662.07,0.3192,A,A,1.0
2023-02-12,Juventus,Fiorentina,1687.89,1491.64,0.8462,H,H,1.0
2023-02-12,Napoli,Cremonese,1868.25,1342.87,0.9734,H,H,1.0
2023-02-12,Udinese,Sassuolo,1530.83,1508.56,0.669,D,H,
2023-02-12,Man City,Aston Villa,1776.31,1510.87,0.8913,H,H,1.0
2023-02-12,Lyon,Lens,1568.22,1686.93,0.4731,H,A,0.0
2023-02-12,Nantes,Lorient,1530.66,1503.86,0.6748,H,H,1.0
2023-02-12,Lille,Strasbourg,1641.03,1461.46,0.8333,H,H,1.0
2023-02-12,Getafe,Vallecano,1419.54,1526.89,0.4894,D,A,
2023-02-13,Verona,Salernitana,1426.36,1425.91,0.6407,H,H,1.0
2023-02-13,Sampdoria,Inter,1330.33,1747.01,0.1391,D,A,
2023-02-13,Liverpool,Everton,1646.67,1378.86,0.8926,H,H,1.0
2023-02-13,Espanol,Sociedad,1449.04,1635.19,0.3785,A,A,1.0
2023-02-15,Arsenal,Man City,1755.6,1781.45,0.6051,A,H,0.0
2023-02-15,Real Madrid,Elche,1758.5,1336.81,0.9527,H,H,1.0
2023-02-17,Augsburg,Hoffenheim,1417.36,1365.99,0.705,H,H,1.0
2023-02-17,Auxerre,Lyon,1349.65,1590.15,0.3081,H,A,0.0
2023-02-17,Girona,Almeria,1471.48,1447.03,0.6718,H,H,1.0
2023-02-17,Sassuolo,Napoli,1513.97,1869.61,0.1867,A,A,1.0
2023-02-18,Strasbourg,Angers,1453.58,1260.47,0.8439,H,H,1.0
2023-02-18,Nice,Reims,1667.87,1583.91,0.7425,D,H,
2023-02-18,M'gladbach,Bayern Munich,1468.32,1784.11,0.2241,H,A,0.0
2023-02-18,Stuttgart,FC Koln,1373.06,1521.87,0.4302,H,A,0.0
2023-02-18,Newcastle,Liverpool,1683.56,1651.75,0.6811,A,H,0.0
2023-02-18,Wolves,Bournemouth,1466.48,1402.58,0.7198,A,H,0.0
2023-02-18,Nott'm Forest,Man City,1478.75,1810.05,0.2089,D,A,
2023-02-18,Everton,Leeds,1373.78,1415.41,0.5832,H,H,1.0
2023-02-18,Chelsea,Southampton,1574.51,1319.34,0.8854,A,H,0.0
2023-02-18,Brighton,Fulham,1604.8,1516.24,0.7475,A,H,0.0
2023-02-18,Brentford,Crystal Palace,1595.57,1476.17,0.7795,D,H,
2023-02-18,Aston Villa,Arsenal,1505.73,1727.0,0.3322,A,A,1.0
2023-02-18,Osasuna,Real Madrid,1496.52,1761.07,0.2794,A,A,1.0
2023-02-18,Mallorca,Villarreal,1492.18,1540.14,0.5743,H,H,1.0
2023-02-18,Betis,Valladolid,1580.95,1418.18,0.8195,H,H,1.0
2023-02-18,Bochum,Freiburg,1437.02,1600.06,0.4103,A,A,1.0
2023-02-18,Inter,Udinese,1735.46,1525.42,0.8563,H,H,1.0
2023-02-18,Monza,Milan,1554.94,1691.25,0.4479,A,A,1.0
2023-02-18,Sociedad,Celta,1650.95,1466.07,0.8375,D,H,
2023-02-18,Wolfsburg,RB Leipzig,1571.62,1650.0,0.5311,A,H,0.0
2023-02-18,Sampdoria,Bologna,1341.88,1508.33,0.4055,A,A,1.0
2023-02-18,Ein Frankfurt,Werder Bremen,1579.03,1434.26,0.8036,H,H,1.0
2023-02-19,Lorient,Ajaccio,1490.32,1376.28,0.7742,H,H,1.0
2023-02-19,Leverkusen,Mainz,1575.19,1490.93,0.7428,A,H,0.0
2023-02-19,Dortmund,Hertha,1693.04,1377.08,0.9164,H,H,1.0
2023-02-19,Rennes,Clermont,1597.36,1469.52,0.7878,H,H,1.0
2023-02-19,Union Berlin,Schalke 04,1673.51,1279.88,0.9449,D,H,
2023-02-19,Barcelona,Cadiz,1845.53,1470.92,0.9389,H,H,1.0
2023-02-19,Ath Madrid,Ath Bilbao,1667.2,1546.32,0.781,H,H,1.0
2023-02-19,Vallecano,Sevilla,1526.56,1545.98,0.6139,D,H,
2023-02-19,Elche,Espanol,1334.24,1433.29,0.5014,A,H,0.0
2023-02-19,Lens,Nantes,1665.0,1544.2,0.7809,H,H,1.0
2023-02-19,Brest,Monaco,1410.24,1746.32,0.2044,A,A,1.0
2023-02-19,Toulouse,Marseille,1555.34,1715.77,0.4139,A,A,1.0
2023-02-19,Roma,Verona,1672.19,1441.32,0.8704,H,H,1.0
2023-02-19,Spezia,Juventus,1404.71,1694.29,0.2514,A,A,1.0
2023-02-19,Salernitana,Lazio,1410.95,1642.49,0.3192,A,A,1.0
2023-02-19,Fiorentina,Empoli,1485.24,1511.59,0.6044,D,H,
2023-02-19,Atalanta,Lecce,1644.61,1496.15,0.8069,A,H,0.0
2023-02-19,Man United,Leicester,1677.16,1530.89,0.805,H,H,1.0
2023-02-19,Tottenham,West Ham,1628.68,1435.65,0.8438,H,H,1.0
2023-02-19,Troyes,Montpellier,1397.63,1402.3,0.6339,A,H,0.0
2023-02-19,Paris SG,Lille,1775.46,1648.91,0.7865,H,H,1.0
2023-02-20,Getafe,Valencia,1419.88,1403.29,0.6618,H,H,1.0
2023-02-20,Torino,Cremonese,1545.68,1341.51,0.8521,D,H,
2023-02-24,Elche,Betis,1313.37,1588.47,0.2674,A,A,1.0
2023-02-24,Lille,Brest,1640.02,1401.73,0.8752,H,H,1.0
2023-02-24,Mainz,M'gladbach,1521.85,1500.62,0.6677,H,H,1.0
2023-02-24,Fulham,Wolves,1547.36,1436.51,0.771,D,H,
2023-02-25,Empoli,Napoli,1514.93,1878.43,0.1799,A,A,1.0
2023-02-25,Lecce,Sassuolo,1529.75,1505.15,0.672,A,H,0.0
2023-02-25,Everton,Aston Villa,1391.13,1490.02,0.5016,A,H,0.0
2023-02-25,Leeds,Southampton,1398.06,1356.2,0.6935,H,H,1.0
2023-02-25,Leicester,Arsenal,1520.89,1742.7,0.3315,A,A,1.0
2023-02-25,Crystal Palace,Liverpool,1485.12,1683.95,0.3615,D,A,
2023-02-25,Bournemouth,Man City,1432.55,1800.74,0.176,A,A,1.0
2023-02-25,Angers,Lyon,1253.97,1561.35,0.2326,A,A,1.0
2023-02-25,Cadiz,Vallecano,1468.04,1522.91,0.5646,H,H,1.0
2023-02-25,Espanol,Mallorca,1454.16,1512.3,0.5599,H,H,1.0
2023-02-25,Schalke 04,Stuttgart,1294.12,1402.27,0.4883,H,A,0.0
2023-02-25,Werder Bremen,Bochum,1424.98,1417.63,0.6497,H,H,1.0
2023-02-25,RB Leipzig,Ein Frankfurt,1677.22,1588.31,0.7479,H,H,1.0
2023-02-25,Hoffenheim,Dortmund,1353.71,1697.32,0.1974,A,A,1.0
2023-02-25,Hertha,Augsburg,1372.79,1429.64,0.5618,H,H,1.0
2023-02-25,FC Koln,Wolfsburg,1492.66,1544.39,0.569,A,H,0.0
2023-02-25,West Ham,Nott'm Forest,1428.27,1488.06,0.5576,H,H,1.0
2023-02-25,Montpellier,Lens,1428.68,1675.35,0.3006,D,A,
2023-02-25,Real Madrid,Ath Madrid,1774.28,1676.32,0.7576,D,H,
2023-02-25,Valencia,Sociedad,1389.21,1640.15,0.2955,H,A,0.0
2023-02-26,Nantes,Rennes,1533.85,1607.4,0.538,A,H,0.0
2023-02-26,Marseille,Paris SG,1733.0,1784.34,0.5696,A,H,0.0
2023-02-26,Bayern Munich,Union Berlin,1751.8,1659.27,0.7518,H,H,1.0
2023-02-26,Freiburg,Leverkusen,1619.45,1544.26,0.7327,D,H,
2023-02-26,Monaco,Nice,1754.83,1660.11,0.7541,A,H,0.0
2023-02-26,Ath Bilbao,Girona,1537.2,1489.32,0.7008,A,H,0.0
2023-02-26,Celta,Valladolid,1476.87,1410.66,0.7225,H,H,1.0
2023-02-26,Lorient,Auxerre,1501.89,1378.46,0.7835,A,H,0.0
2023-02-26,Reims,Toulouse,1591.67,1538.11,0.7076,H,H,1.0
2023-02-26,Tottenham,Chelsea,1636.06,1537.65,0.7581,H,H,1.0
2023-02-26,Clermont,Strasbourg,1459.49,1460.08,0.6393,D,H,
2023-02-26,Almeria,Barcelona,1429.18,1848.42,0.1373,H,A,0.0
2023-02-26,Ajaccio,Troyes,1364.7,1371.24,0.6314,H,H,1.0
2023-02-26,Bologna,Inter,1525.21,1742.25,0.3377,H,A,0.0
2023-02-26,Sevilla,Osasuna,1549.62,1483.31,0.7226,A,H,0.0
2023-02-26,Salernitana,Monza,1395.86,1536.29,0.4421,H,A,0.0
2023-02-26,Udinese,Spezia,1518.63,1392.83,0.7858,D,H,
2023-02-26,Milan,Atalanta,1709.9,1611.02,0.7586,H,H,1.0
2023-02-27,Villarreal,Getafe,1520.02,1433.96,0.7448,H,H,1.0
2023-02-27,Lazio,Sampdoria,1657.58,1324.99,0.9235,H,H,1.0
2023-02-27,Verona,Fiorentina,1435.93,1481.9,0.5771,A,H,0.0
2023-02-28,Juventus,Torino,1706.17,1534.42,0.827,H,H,1.0
2023-02-28,Cremonese,Roma,1352.77,1677.59,0.2152,H,A,0.0
2023-03-01,Liverpool,Wolves,1679.51,1445.19,0.8726,H,H,1.0
2023-03-01,Arsenal,Everton,1756.5,1367.42,0.9435,H,H,1.0
2023-03-03,Sociedad,Cadiz,1610.82,1486.16,0.7847,D,H,
2023-03-03,Napoli,Lazio,1886.94,1660.77,0.8673,A,H,0.0
2023-03-03,Nice,Auxerre,1698.77,1411.08,0.9031,D,H,
2023-03-03,Dortmund,RB Leipzig,1705.54,1687.72,0.6634,H,H,1.0
2023-03-04,Getafe,Girona,1423.33,1518.5,0.507,H,H,1.0
2023-03-04,M'gladbach,Freiburg,1482.56,1612.01,0.4577,D,A,
2023-03-04,Union Berlin,FC Koln,1646.55,1465.76,0.8343,D,H,
2023-03-04,Stuttgart,Bayern Munich,1380.96,1764.53,0.1635,A,A,1.0
2023-03-04,Mallorca,Elche,1493.98,1302.24,0.8428,A,H,0.0
2023-03-04,Almeria,Villarreal,1465.1,1530.64,0.5494,A,H,0.0
2023-03-04,Mainz,Hoffenheim,1539.92,1345.49,0.8449,H,H,1.0
2023-03-04,Ath Madrid,Sevilla,1684.56,1519.54,0.8214,H,H,1.0
2023-03-04,Lens,Lille,1668.97,1645.22,0.6709,D,H,
2023-03-04,Paris SG,Nantes,1813.54,1511.45,0.9101,H,H,1.0
2023-03-04,Southampton,Leicester,1343.44,1507.09,0.4094,H,A,0.0
2023-03-04,Wolves,Tottenham,1439.17,1647.5,0.349,H,A,0.0
2023-03-04,Augsburg,Werder Bremen,1408.93,1442.93,0.5939,H,H,1.0
2023-03-04,Chelsea,Leeds,1526.21,1410.82,0.7755,H,H,1.0
2023-03-04,Brighton,West Ham,1573.68,1452.32,0.7815,H,H,1.0
2023-03-04,Bochum,Schalke 04,1399.68,1315.42,0.7428,A,H,0.0
2023-03-04,Arsenal,Bournemouth,1759.58,1423.53,0.9248,H,H,1.0
2023-03-04,Monza,Empoli,1507.69,1506.42,0.6417,H,H,1.0
2023-03-04,Atalanta,Udinese,1599.61,1509.48,0.7492,D,H,
2023-03-04,Fiorentina,Milan,1511.49,1721.31,0.347,H,A,0.0
2023-03-04,Man City,Newcastle,1809.76,1651.37,0.8157,H,H,1.0
2023-03-04,Aston Villa,Crystal Palace,1513.73,1489.55,0.6715,H,H,1.0
2023-03-05,Barcelona,Valencia,1812.5,1418.54,0.945,H,H,1.0
2023-03-05,Vallecano,Ath Bilbao,1504.78,1508.02,0.6358,D,H,
2023-03-05,Betis,Real Madrid,1599.6,1766.04,0.4055,D,A,
2023-03-05,Nott'm Forest,Everton,1464.01,1364.35,0.7594,D,H,
2023-03-05,Liverpool,Man United,1685.53,1687.15,0.6379,H,H,1.0
2023-03-05,Valladolid,Espanol,1396.43,1472.48,0.5344,H,H,1.0
2023-03-05,Roma,Juventus,1644.91,1714.35,0.5439,H,H,1.0
2023-03-05,Lyon,Lorient,1572.34,1469.27,0.763,D,H,
2023-03-05,Inter,Lecce,1714.68,1501.77,0.8583,H,H,1.0
2023-03-05,Sampdoria,Salernitana,1321.81,1424.46,0.4962,D,A,
2023-03-05,Spezia,Verona,1401.98,1406.34,0.6343,D,H,
2023-03-05,Wolfsburg,Ein Frankfurt,1571.29,1577.82,0.6314,D,H,
2023-03-05,Leverkusen,Hertha,1551.71,1393.51,0.8155,H,H,1.0
2023-03-05,Troyes,Monaco,1355.89,1716.16,0.1827,D,A,
2023-03-05,Montpellier,Angers,1435.06,1242.97,0.8431,H,H,1.0
2023-03-05,Reims,Ajaccio,1606.66,1380.05,0.8676,H,H,1.0
2023-03-05,Rennes,Marseille,1629.79,1703.8,0.5373,A,H,0.0
2023-03-05,Strasbourg,Brest,1464.54,1396.53,0.7245,A,H,0.0
2023-03-05,Toulouse,Clermont,1523.12,1455.03,0.7246,A,H,0.0
2023-03-06,Osasuna,Celta,1513.39,1491.1,0.6691,D,H,
2023-03-06,Torino,Bologna,1526.24,1552.78,0.6042,H,H,1.0
2023-03-06,Sassuolo,Cremonese,1533.13,1385.45,0.8062,H,H,1.0
2023-03-06,Brentford,Fulham,1586.62,1538.69,0.7009,H,H,1.0
2023-03-10,Lille,Lyon,1650.69,1563.93,0.7456,D,H,
2023-03-10,Cadiz,Getafe,1495.27,1443.86,0.7051,D,H,
2023-03-10,Spezia,Inter,1397.68,1721.37,0.2162,H,A,0.0
2023-03-10,FC Koln,Bochum,1476.46,1364.56,0.772,A,H,0.0
2023-03-11,Auxerre,Rennes,1423.97,1607.42,0.3822,D,A,
2023-03-11,Brest,Paris SG,1426.69,1817.79,0.1577,A,A,1.0
2023-03-11,Bologna,Lazio,1536.3,1696.88,0.4137,D,A,
2023-03-11,Schalke 04,Dortmund,1350.53,1719.56,0.1753,D,A,
2023-03-11,Napoli,Atalanta,1850.83,1591.63,0.8877,H,H,1.0
2023-03-11,Empoli,Udinese,1491.51,1517.46,0.605,A,H,0.0
2023-03-11,RB Leipzig,M'gladbach,1673.7,1483.91,0.8413,H,H,1.0
2023-03-11,Hertha,Mainz,1384.05,1546.38,0.4113,D,A,
2023-03-11,Leeds,Brighton,1401.48,1585.56,0.3813,D,A,
2023-03-11,Bayern Munich,Augsburg,1771.34,1425.84,0.9285,H,H,1.0
2023-03-11,Real Madrid,Espanol,1763.02,1453.1,0.9137,H,H,1.0
2023-03-11,Elche,Valladolid,1337.33,1415.82,0.5309,D,H,
2023-03-11,Crystal Palace,Man City,1475.87,1818.47,0.1984,A,A,1.0
2023-03-11,Tottenham,Nott'm Forest,1620.39,1455.71,0.8211,H,H,1.0
2023-03-11,Leicester,Chelsea,1482.5,1535.56,0.5671,A,H,0.0
2023-03-11,Everton,Brentford,1372.65,1599.07,0.3257,H,A,0.0
2023-03-11,Bournemouth,Liverpool,1420.4,1707.58,0.254,H,A,0.0
2023-03-11,Celta,Vallecano,1496.51,1500.44,0.6348,H,H,1.0
2023-03-11,Valencia,Osasuna,1416.25,1507.98,0.5119,H,H,1.0
2023-03-11,Ein Frankfurt,Stuttgart,1582.02,1374.15,0.8547,D,H,
2023-03-12,Villarreal,Betis,1556.61,1602.62,0.5771,D,H,
2023-03-12,Ath Bilbao,Barcelona,1512.37,1814.79,0.2377,A,A,1.0
2023-03-12,Roma,Sassuolo,1663.9,1541.19,0.7828,A,H,0.0
2023-03-12,Monaco,Reims,1706.01,1612.17,0.7532,A,H,0.0
2023-03-12,Juventus,Sampdoria,1695.36,1321.93,0.9385,H,H,1.0
2023-03-12,Nantes,Nice,1507.2,1685.88,0.3887,D,A,
2023-03-12,Lecce,Torino,1495.07,1542.72,0.5748,A,H,0.0
2023-03-12,Cremonese,Fiorentina,1377.38,1538.67,0.4127,A,A,1.0
2023-03-12,Mallorca,Sociedad,1458.89,1601.71,0.4387,D,A,
2023-03-12,Lorient,Troyes,1477.69,1366.05,0.7718,H,H,1.0
2023-03-12,Angers,Toulouse,1234.04,1492.95,0.286,A,A,1.0
2023-03-12,Ajaccio,Montpellier,1374.54,1443.99,0.5438,A,H,0.0
2023-03-12,Clermont,Lens,1485.2,1663.5,0.3892,A,A,1.0
2023-03-12,Sevilla,Almeria,1509.37,1439.13,0.7271,H,H,1.0
2023-03-12,Wolfsburg,Union Berlin,1567.08,1635.85,0.5448,D,H,
2023-03-12,Freiburg,Hoffenheim,1610.65,1339.03,0.8947,H,H,1.0
2023-03-12,Verona,Monza,1410.64,1522.61,0.4828,D,A,
2023-03-12,Marseille,Strasbourg,1726.18,1434.37,0.9051,D,H,
2023-03-12,Werder Bremen,Leverkusen,1426.02,1561.17,0.4496,A,A,1.0
2023-03-12,Newcastle,Wolves,1642.66,1466.27,0.8308,H,H,1.0
2023-03-12,Fulham,Arsenal,1526.24,1762.71,0.3131,A,A,1.0
2023-03-12,Man United,Southampton,1665.1,1368.03,0.9077,D,H,
2023-03-12,West Ham,Aston Villa,1440.44,1527.41,0.5187,D,H,
2023-03-13,Girona,Ath Madrid,1497.97,1694.73,0.3642,A,A,1.0
2023-03-13,Milan,Salernitana,1694.13,1424.34,0.8937,D,H,
2023-03-15,Southampton,Brentford,1381.08,1571.0,0.3734,A,A,1.0
2023-03-15,Brighton,Crystal Palace,1581.76,1467.61,0.7743,H,H,1.0
2023-03-17,Sassuolo,Spezia,1573.78,1430.31,0.8024,H,H,1.0
2023-03-17,Nott'm Forest,Newcastle,1447.25,1649.7,0.3567,A,A,1.0
2023-03-17,Lyon,Nantes,1571.79,1510.76,0.7165,D,H,
2023-03-17,Atalanta,Empoli,1586.32,1466.32,0.7801,H,H,1.0
2023-03-17,M'gladbach,Werder Bremen,1475.78,1407.3,0.7251,D,H,
2023-03-17,Valladolid,Ath Bilbao,1416.8,1502.47,0.5206,A,H,0.0
2023-03-18,Dortmund,FC Koln,1709.17,1439.97,0.8933,H,H,1.0
2023-03-18,Ath Madrid,Valencia,1709.89,1436.57,0.8956,H,H,1.0
2023-03-18,Espanol,Celta,1449.02,1515.23,0.5485,A,H,0.0
2023-03-18,Vallecano,Girona,1481.72,1482.81,0.6386,D,H,
2023-03-18,Almeria,Cadiz,1427.77,1488.71,0.556,D,H,
2023-03-18,Chelsea,Everton,1562.36,1400.72,0.8185,D,H,
2023-03-18,Brentford,Leicester,1588.65,1455.69,0.7927,D,H,
2023-03-18,Augsburg,Schalke 04,1422.46,1360.92,0.717,D,H,
2023-03-18,Bochum,RB Leipzig,1401.06,1681.84,0.261,H,A,0.0
2023-03-18,Hoffenheim,Hertha,1334.64,1386.89,0.5683,H,H,1.0
2023-03-18,Aston Villa,Bournemouth,1528.01,1451.46,0.7343,H,H,1.0
2023-03-18,Stuttgart,Wolfsburg,1385.51,1565.65,0.3867,A,A,1.0
2023-03-18,Wolves,Leeds,1459.22,1405.27,0.7081,A,H,0.0
2023-03-18,Southampton,Tottenham,1363.43,1628.85,0.2784,D,A,
2023-03-18,Lens,Angers,1684.66,1220.52,0.9626,H,H,1.0
2023-03-18,Toulouse,Lille,1506.47,1642.83,0.4479,A,A,1.0
2023-03-18,Monza,Cremonese,1522.05,1357.87,0.8206,D,H,
2023-03-18,Salernitana,Bologna,1436.93,1539.07,0.4969,D,A,
2023-03-18,Udinese,Milan,1542.64,1681.53,0.4443,H,A,0.0
2023-03-19,Getafe,Sevilla,1450.42,1520.73,0.5426,H,H,1.0
2023-03-19,Ajaccio,Monaco,1351.9,1674.65,0.2172,A,A,1.0
2023-03-19,Union Berlin,Ein Frankfurt,1637.29,1570.67,0.7229,H,H,1.0
2023-03-19,Leverkusen,Bayern Munich,1579.88,1774.71,0.3668,H,A,0.0
2023-03-19,Mainz,Freiburg,1543.54,1615.04,0.5409,D,H,
2023-03-19,Strasbourg,Auxerre,1447.33,1427.75,0.6656,H,H,1.0
2023-03-19,Troyes,Brest,1355.26,1420.13,0.5504,D,H,
2023-03-19,Paris SG,Rennes,1824.36,1603.65,0.8637,A,H,0.0
2023-03-19,Reims,Marseille,1643.53,1713.21,0.5435,A,H,0.0
2023-03-19,Inter,Juventus,1688.74,1698.27,0.6273,A,H,0.0
2023-03-19,Lazio,Roma,1694.12,1631.31,0.7185,H,H,1.0
2023-03-19,Torino,Napoli,1569.89,1856.14,0.255,A,A,1.0
2023-03-19,Fiorentina,Lecce,1558.18,1467.9,0.7494,H,H,1.0
2023-03-19,Sampdoria,Verona,1319.02,1411.19,0.5113,H,H,1.0
2023-03-19,Betis,Mallorca,1605.09,1460.85,0.8031,H,H,1.0
2023-03-19,Osasuna,Villarreal,1487.66,1554.15,0.5481,A,H,0.0
2023-03-19,Sociedad,Elche,1599.74,1336.34,0.8901,H,H,1.0
2023-03-19,Arsenal,Crystal Palace,1778.76,1458.22,0.9184,H,H,1.0
2023-03-19,Barcelona,Real Madrid,1824.69,1767.09,0.7124,H,H,1.0
2023-03-19,Montpellier,Clermont,1466.63,1464.04,0.6435,H,H,1.0
2023-03-19,Nice,Lorient,1682.31,1488.48,0.8444,D,H,
2023-03-31,Ein Frankfurt,Bochum,1557.57,1431.82,0.7858,D,H,
2023-03-31,Mallorca,Osasuna,1452.66,1459.56,0.6309,D,H,
2023-03-31,Marseille,Montpellier,1735.84,1481.48,0.8849,D,H,
2023-04-01,Ath Bilbao,Getafe,1527.08,1472.04,0.7094,D,H,
2023-04-01,Cadiz,Sevilla,1490.5,1499.12,0.6286,A,H,0.0
2023-04-01,Rennes,Lens,1644.48,1686.58,0.5826,A,H,0.0
2023-04-01,Cremonese,Atalanta,1368.13,1595.48,0.3245,A,A,1.0
2023-04-01,Elche,Barcelona,1331.14,1836.66,0.0883,A,A,1.0
2023-04-01,Girona,Espanol,1487.24,1423.09,0.7201,H,H,1.0
2023-04-01,Juventus,Verona,1724.39,1388.09,0.9249,H,H,1.0
2023-04-01,Inter,Fiorentina,1662.63,1568.61,0.7534,A,H,0.0
2023-04-01,Auxerre,Troyes,1411.94,1353.65,0.7132,H,H,1.0
2023-04-01,Freiburg,Hertha,1616.35,1366.48,0.8823,D,H,
2023-04-01,Crystal Palace,Leicester,1454.03,1465.06,0.6253,H,H,1.0
2023-04-01,Brighton,Brentford,1591.16,1579.29,0.6557,D,H,
2023-04-01,Bournemouth,Fulham,1437.83,1510.19,0.5397,H,H,1.0
2023-04-01,Arsenal,Leeds,1782.94,1438.75,0.928,H,H,1.0
2023-04-01,Nott'm Forest,Wolves,1432.4,1425.75,0.6488,D,H,
2023-04-01,Man City,Liverpool,1826.73,1676.52,0.8085,H,H,1.0
2023-04-01,Chelsea,Aston Villa,1552.17,1541.63,0.6539,A,H,0.0
2023-04-01,RB Leipzig,Mainz,1651.07,1542.23,0.7689,A,H,0.0
2023-04-01,Schalke 04,Leverkusen,1367.87,1606.25,0.3108,A,A,1.0
2023-04-01,Union Berlin,Stuttgart,1650.38,1369.41,0.8996,H,H,1.0
2023-04-01,Bayern Munich,Dortmund,1748.35,1715.24,0.6827,H,H,1.0
2023-04-01,Wolfsburg,Augsburg,1581.75,1415.51,0.8224,D,H,
2023-04-02,Spezia,Salernitana,1422.09,1437.03,0.62,D,H,
2023-04-02,West Ham,Southampton,1439.84,1370.52,0.7261,H,H,1.0
2023-04-02,Newcastle,Man United,1664.55,1652.06,0.6565,H,H,1.0
2023-04-02,Lille,Lorient,1664.0,1499.5,0.8209,H,H,1.0
2023-04-02,Celta,Almeria,1541.15,1425.98,0.7753,D,H,
2023-04-02,Real Madrid,Valladolid,1755.12,1392.2,0.9349,H,H,1.0
2023-04-02,Villarreal,Sociedad,1582.24,1604.94,0.6095,H,H,1.0
2023-04-02,Bologna,Udinese,1538.97,1568.91,0.5995,H,H,1.0
2023-04-02,Napoli,Milan,1870.0,1655.26,0.8596,A,H,0.0
2023-04-02,Roma,Sampdoria,1619.6,1342.12,0.8978,H,H,1.0
2023-04-02,Monza,Lazio,1511.79,1705.84,0.3679,A,A,1.0
2023-04-02,Ath Madrid,Betis,1715.25,1613.29,0.7618,H,H,1.0
2023-04-02,Angers,Nice,1218.61,1671.29,0.1161,D,A,
2023-04-02,FC Koln,M'gladbach,1433.9,1468.57,0.5929,D,H,
2023-04-02,Monaco,Strasbourg,1684.92,1463.14,0.8644,H,H,1.0
2023-04-02,Werder Bremen,Hoffenheim,1414.51,1355.05,0.7146,A,H,0.0
2023-04-02,Brest,Toulouse,1421.74,1485.3,0.5522,H,H,1.0
2023-04-02,Clermont,Ajaccio,1449.2,1341.63,0.7676,H,H,1.0
2023-04-02,Paris SG,Lyon,1783.53,1564.86,0.8623,A,H,0.0
2023-04-02,Nantes,Reims,1517.69,1620.9,0.4954,A,A,1.0
2023-04-03,Everton,Tottenham,1410.92,1621.76,0.3457,D,A,
2023-04-03,Sassuolo,Torino,1582.01,1556.02,0.6738,D,H,
2023-04-03,Empoli,Lecce,1457.17,1457.47,0.6397,H,H,1.0
2023-04-03,Valencia,Vallecano,1431.22,1477.28,0.577,D,H,
2023-04-04,Leeds,Nott'm Forest,1435.06,1427.64,0.6498,H,H,1.0
2023-04-04,Bournemouth,Brighton,1457.0,1586.18,0.4581,A,A,1.0
2023-04-04,Chelsea,Liverpool,1521.26,1666.71,0.435,D,A,
2023-04-04,Leicester,Aston Villa,1449.46,1572.54,0.4668,A,A,1.0
2023-04-05,West Ham,Newcastle,1451.24,1680.79,0.3218,A,A,1.0
2023-04-05,Man United,Brentford,1635.82,1584.27,0.7052,H,H,1.0
2023-04-07,Lecce,Napoli,1442.47,1823.27,0.1657,A,A,1.0
2023-04-07,Milan,Empoli,1701.99,1472.17,0.8697,D,H,
2023-04-07,Sevilla,Celta,1528.83,1532.34,0.6354,D,H,
2023-04-07,Lens,Strasbourg,1710.83,1457.49,0.8843,H,H,1.0
2023-04-07,Salernitana,Inter,1440.87,1631.26,0.3728,D,A,
2023-04-08,Atalanta,Bologna,1610.82,1559.5,0.705,A,H,0.0
2023-04-08,Udinese,Monza,1548.38,1494.41,0.7081,D,H,
2023-04-08,Fiorentina,Spezia,1599.98,1418.25,0.835,D,H,
2023-04-08,Lazio,Juventus,1723.22,1727.51,0.6344,H,H,1.0
2023-04-08,Verona,Sassuolo,1384.96,1576.45,0.3713,H,A,0.0
2023-04-08,Torino,Roma,1561.58,1624.84,0.5527,A,H,0.0
2023-04-08,Sampdoria,Cremonese,1336.88,1352.79,0.6187,A,H,0.0
2023-04-08,Espanol,Ath Bilbao,1411.44,1520.38,0.4871,A,A,1.0
2023-04-08,Wolves,Chelsea,1430.52,1523.34,0.5103,H,H,1.0
2023-04-08,Augsburg,FC Koln,1425.83,1430.92,0.6333,A,H,0.0
2023-04-08,Freiburg,Bayern Munich,1604.12,1763.35,0.4156,A,A,1.0
2023-04-08,Leverkusen,Ein Frankfurt,1622.18,1548.43,0.7311,H,H,1.0
2023-04-08,Mainz,Werder Bremen,1581.65,1384.75,0.8467,D,H,
2023-04-08,Hertha,RB Leipzig,1378.71,1611.65,0.3175,A,A,1.0
2023-04-08,Osasuna,Elche,1463.75,1326.34,0.7968,H,H,1.0
2023-04-08,Sociedad,Getafe,1586.48,1478.74,0.7678,H,H,1.0
2023-04-08,Southampton,Man City,1359.11,1836.55,0.1022,A,A,1.0
2023-04-08,Real Madrid,Villarreal,1758.96,1600.7,0.8156,A,H,0.0
2023-04-08,Nice,Paris SG,1659.01,1747.64,0.5164,A,H,0.0
2023-04-08,Man United,Everton,1648.09,1415.85,0.8713,H,H,1.0
2023-04-08,Aston Villa,Nott'm Forest,1591.98,1413.06,0.8328,H,H,1.0
2023-04-08,Brentford,Newcastle,1571.99,1698.28,0.4622,A,A,1.0
2023-04-08,Fulham,West Ham,1491.02,1433.75,0.712,A,H,0.0
2023-04-08,Leicester,Bournemouth,1430.02,1435.34,0.633,A,H,0.0
2023-04-08,Tottenham,Brighton,1616.82,1607.83,0.6519,H,H,1.0
2023-04-08,Angers,Lille,1230.89,1672.47,0.1228,H,A,0.0
2023-04-08,Dortmund,Union Berlin,1700.24,1655.53,0.697,H,H,1.0
2023-04-09,Betis,Cadiz,1603.37,1460.79,0.8016,A,H,0.0
2023-04-09,Lorient,Marseille,1491.03,1723.52,0.3181,D,A,
2023-04-09,Hoffenheim,Schalke 04,1384.8,1351.94,0.6824,H,H,1.0
2023-04-09,Bochum,Stuttgart,1440.97,1364.26,0.7344,A,H,0.0
2023-04-09,M'gladbach,Wolfsburg,1471.55,1571.43,0.5002,H,H,1.0
2023-04-09,Lyon,Rennes,1600.76,1620.22,0.6139,H,H,1.0
2023-04-09,Ajaccio,Auxerre,1331.96,1423.88,0.5116,A,H,0.0
2023-04-09,Montpellier,Toulouse,1493.79,1464.14,0.6784,A,H,0.0
2023-04-09,Reims,Brest,1646.3,1442.91,0.8515,D,H,
2023-04-09,Leeds,Crystal Palace,1449.63,1469.63,0.6131,A,H,0.0
2023-04-09,Troyes,Clermont,1341.71,1458.88,0.4753,A,A,1.0
2023-04-09,Almeria,Valencia,1434.79,1428.75,0.648,H,H,1.0
2023-04-09,Valladolid,Mallorca,1388.35,1448.47,0.5571,D,H,
2023-04-09,Vallecano,Ath Madrid,1479.75,1725.16,0.3021,A,A,1.0
2023-04-09,Nantes,Monaco,1492.29,1690.56,0.3622,D,A,
2023-04-09,Liverpool,Arsenal,1664.63,1786.63,0.4684,D,A,
2023-04-10,Barcelona,Girona,1841.46,1498.9,0.9274,D,H,
2023-04-14,Cremonese,Empoli,1378.55,1484.0,0.4922,H,A,0.0
2023-04-14,Toulouse,Lyon,1492.38,1619.01,0.4618,A,A,1.0
2023-04-14,Vallecano,Osasuna,1467.17,1472.21,0.6334,H,H,1.0
2023-04-14,Schalke 04,Hertha,1336.93,1365.5,0.6014,H,H,1.0
2023-04-14,Spezia,Lazio,1428.97,1738.45,0.2304,A,A,1.0
2023-04-15,Southampton,Crystal Palace,1353.87,1502.97,0.4298,A,A,1.0
2023-04-15,Tottenham,Bournemouth,1631.31,1461.7,0.8252,A,H,0.0
2023-04-15,Bayern Munich,Hoffenheim,1780.65,1399.81,0.9409,D,H,
2023-04-15,FC Koln,Mainz,1460.86,1570.55,0.4861,D,A,
2023-04-15,RB Leipzig,Augsburg,1624.87,1395.9,0.8692,H,H,1.0
2023-04-15,Stuttgart,Dortmund,1394.84,1712.85,0.2218,D,A,
2023-04-15,Ein Frankfurt,M'gladbach,1535.72,1495.17,0.6919,D,H,
2023-04-15,Paris SG,Lens,1772.04,1715.65,0.711,H,H,1.0
2023-04-15,Napoli,Verona,1830.17,1411.14,0.952,D,H,
2023-04-15,Bologna,Milan,1592.82,1690.16,0.5038,D,H,
2023-04-15,Inter,Monza,1627.19,1501.07,0.7861,A,H,0.0
2023-04-15,Chelsea,Brighton,1502.96,1593.34,0.5138,A,H,0.0
2023-04-15,Everton,Fulham,1409.77,1461.38,0.5692,A,H,0.0
2023-04-15,Aston Villa,Newcastle,1599.88,1717.53,0.4746,H,A,0.0
2023-04-15,Wolves,Brentford,1450.9,1552.75,0.4973,H,A,0.0
2023-04-15,Man City,Leicester,1841.79,1403.67,0.9568,H,H,1.0
2023-04-15,Villarreal,Valladolid,1634.66,1386.52,0.8812,A,H,0.0
2023-04-15,Rennes,Reims,1601.97,1635.05,0.5951,H,H,1.0
2023-04-15,Ath Bilbao,Sociedad,1540.66,1597.45,0.5619,H,H,1.0
2023-04-15,Betis,Espanol,1565.48,1391.16,0.8291,H,H,1.0
2023-04-15,Cadiz,Real Madrid,1498.68,1725.01,0.3258,A,A,1.0
2023-04-16,Valencia,Sevilla,1414.1,1524.49,0.485,A,A,1.0
2023-04-16,Girona,Elche,1512.57,1317.88,0.8451,H,H,1.0
2023-04-16,Torino,Salernitana,1538.57,1444.94,0.753,D,H,
2023-04-16,Sassuolo,Juventus,1550.27,1712.29,0.4117,H,A,0.0
2023-04-16,Roma,Udinese,1647.85,1541.72,0.7661,H,H,1.0
2023-04-16,Ath Madrid,Almeria,1737.74,1449.44,0.9034,H,H,1.0
2023-04-16,Strasbourg,Ajaccio,1452.68,1305.73,0.8056,H,H,1.0
2023-04-16,Clermont,Angers,1481.34,1267.41,0.859,H,H,1.0
2023-04-16,Brest,Nice,1454.15,1634.6,0.3863,H,A,0.0
2023-04-16,Auxerre,Nantes,1450.11,1496.7,0.5763,H,H,1.0
2023-04-16,Lille,Montpellier,1635.95,1465.55,0.8259,H,H,1.0
2023-04-16,Lecce,Sampdoria,1435.57,1311.12,0.7845,D,H,
2023-04-16,Getafe,Barcelona,1467.77,1827.78,0.1829,D,A,
2023-04-16,Marseille,Troyes,1717.7,1319.24,0.9463,H,H,1.0
2023-04-16,Werder Bremen,Freiburg,1395.85,1586.81,0.372,A,A,1.0
2023-04-16,Wolfsburg,Leverkusen,1547.8,1634.89,0.5186,D,H,
2023-04-16,Union Berlin,Bochum,1642.91,1410.39,0.8715,D,H,
2023-04-16,West Ham,Arsenal,1463.4,1785.62,0.2177,D,A,
2023-04-16,Nott'm Forest,Man United,1405.16,1654.17,0.2978,A,A,1.0
2023-04-16,Monaco,Lorient,1686.15,1496.85,0.841,H,H,1.0
2023-04-17,Fiorentina,Atalanta,1589.26,1577.49,0.6555,D,H,
2023-04-17,Leeds,Liverpool,1416.3,1665.64,0.2974,A,A,1.0
2023-04-17,Celta,Mallorca,1536.68,1450.3,0.7451,A,H,0.0
2023-04-21,Augsburg,Stuttgart,1390.45,1403.74,0.6223,D,H,
2023-04-21,Verona,Bologna,1425.6,1592.7,0.4046,H,A,0.0
2023-04-21,Espanol,Cadiz,1383.08,1483.28,0.4997,D,A,
2023-04-21,Angers,Paris SG,1261.54,1785.7,0.0801,A,A,1.0
2023-04-21,Arsenal,Southampton,1776.58,1333.56,0.9579,D,H,
2023-04-22,Hertha,Werder Bremen,1345.06,1380.36,0.592,A,H,0.0
2023-04-22,Bochum,Wolfsburg,1422.28,1547.21,0.4642,A,A,1.0
2023-04-22,Osasuna,Betis,1456.94,1573.56,0.4761,H,A,0.0
2023-04-22,Almeria,Ath Bilbao,1445.42,1561.37,0.4771,A,A,1.0
2023-04-22,Sociedad,Vallecano,1576.74,1482.43,0.7537,H,H,1.0
2023-04-22,Valladolid,Girona,1423.21,1519.9,0.5048,H,H,1.0
2023-04-22,Real Madrid,Celta,1740.41,1505.65,0.8729,H,H,1.0
2023-04-22,Brentford,Aston Villa,1528.99,1626.82,0.5031,D,H,
2023-04-22,Mainz,Bayern Munich,1570.11,1766.54,0.3647,H,A,0.0
2023-04-22,Dortmund,Ein Frankfurt,1703.95,1529.58,0.8291,H,H,1.0
2023-04-22,Hoffenheim,FC Koln,1413.92,1461.3,0.5751,A,H,0.0
2023-04-22,Liverpool,Nott'm Forest,1682.56,1391.08,0.905,H,H,1.0
2023-04-22,Fulham,Leeds,1488.28,1399.38,0.7479,H,H,1.0
2023-04-22,Lazio,Torino,1750.26,1530.48,0.863,A,H,0.0
2023-04-22,Crystal Palace,Everton,1523.28,1382.87,0.7996,D,H,
2023-04-22,Salernitana,Sassuolo,1453.04,1574.77,0.4688,H,A,0.0
2023-04-22,Sampdoria,Spezia,1320.23,1417.15,0.5044,D,H,
2023-04-22,Auxerre,Lille,1467.75,1643.2,0.3931,D,A,
2023-04-22,Lens,Monaco,1701.99,1693.67,0.651,H,H,1.0
2023-04-22,Leicester,Wolves,1401.63,1474.66,0.5387,H,H,1.0
2023-04-23,Milan,Lecce,1690.29,1426.47,0.8903,H,H,1.0
2023-04-23,Udinese,Cremonese,1529.73,1399.7,0.7899,H,H,1.0
2023-04-23,Monza,Fiorentina,1533.79,1584.28,0.5708,H,H,1.0
2023-04-23,M'gladbach,Union Berlin,1501.31,1631.03,0.4573,A,A,1.0
2023-04-23,Leverkusen,RB Leipzig,1635.48,1630.32,0.6469,H,H,1.0
2023-04-23,Freiburg,Schalke 04,1602.3,1357.36,0.8793,H,H,1.0
2023-04-23,Juventus,Napoli,1687.79,1815.7,0.4599,A,A,1.0
2023-04-23,Reims,Strasbourg,1614.29,1461.87,0.8105,A,H,0.0
2023-04-23,Newcastle,Tottenham,1690.59,1596.96,0.753,H,H,1.0
2023-04-23,Nantes,Troyes,1479.06,1316.7,0.8191,D,H,
2023-04-23,Nice,Clermont,1609.05,1487.21,0.7819,A,H,0.0
2023-04-23,Montpellier,Rennes,1458.3,1622.73,0.4083,H,A,0.0
2023-04-23,Lyon,Marseille,1638.24,1720.24,0.5259,A,H,0.0
2023-04-23,Empoli,Inter,1462.86,1594.46,0.4546,A,A,1.0
2023-04-23,Elche,Valencia,1310.56,1391.17,0.5279,A,H,0.0
2023-04-23,Barcelona,Ath Madrid,1817.64,1741.77,0.7335,H,H,1.0
2023-04-23,Mallorca,Getafe,1481.32,1477.91,0.6446,H,H,1.0
2023-04-23,Sevilla,Villarreal,1547.42,1597.97,0.5707,H,H,1.0
2023-04-23,Bournemouth,West Ham,1496.05,1472.43,0.6708,A,H,0.0
2023-04-23,Ajaccio,Brest,1296.54,1479.71,0.3825,D,A,
2023-04-23,Lorient,Toulouse,1489.34,1473.16,0.6612,A,H,0.0
2023-04-24,Atalanta,Roma,1582.47,1659.84,0.5325,H,H,1.0
2023-04-25,Girona,Real Madrid,1499.28,1746.42,0.3001,H,A,0.0
2023-04-25,Betis,Sociedad,1551.75,1587.0,0.5921,D,H,
2023-04-25,Leeds,Leicester,1388.88,1420.83,0.5967,D,H,
2023-04-25,Aston Villa,Fulham,1626.92,1498.78,0.7881,H,H,1.0
2023-04-25,Wolves,Crystal Palace,1455.46,1513.69,0.5598,H,H,1.0
2023-04-25,Cadiz,Osasuna,1483.27,1478.75,0.646,A,H,0.0
2023-04-26,West Ham,Liverpool,1508.9,1686.52,0.3901,A,A,1.0
2023-04-26,Chelsea,Brentford,1481.56,1528.89,0.5752,A,H,0.0
2023-04-26,Nott'm Forest,Brighton,1387.12,1614.73,0.3242,H,A,0.0
2023-04-26,Man City,Arsenal,1843.83,1761.93,0.7402,H,H,1.0
2023-04-26,Vallecano,Barcelona,1472.18,1828.73,0.1859,H,A,0.0
2023-04-26,Celta,Elche,1499.65,1285.61,0.8591,H,H,1.0
2023-04-26,Getafe,Almeria,1461.11,1425.56,0.6858,A,H,0.0
2023-04-26,Ath Madrid,Mallorca,1730.67,1498.12,0.8715,H,H,1.0
2023-04-27,Valencia,Valladolid,1416.12,1443.83,0.6026,H,H,1.0
2023-04-27,Villarreal,Espanol,1580.1,1383.09,0.8468,H,H,1.0
2023-04-27,Ath Bilbao,Sevilla,1581.23,1565.29,0.6609,A,H,0.0
2023-04-27,Tottenham,Man United,1582.9,1668.25,0.5211,D,H,
2023-04-27,Everton,Newcastle,1392.45,1704.65,0.2277,A,A,1.0
2023-04-27,Southampton,Bournemouth,1348.21,1459.59,0.4836,A,A,1.0
2023-04-28,Lecce,Udinese,1421.28,1540.5,0.4724,H,A,0.0
2023-04-28,Strasbourg,Lyon,1500.18,1616.34,0.4768,A,A,1.0
2023-04-28,Bochum,Dortmund,1397.04,1713.24,0.2236,D,A,
2023-04-28,Osasuna,Sociedad,1505.65,1589.95,0.5226,A,H,0.0
2023-04-28,Spezia,Monza,1417.3,1551.66,0.4507,A,A,1.0
2023-04-29,Schalke 04,Werder Bremen,1350.8,1408.35,0.5608,H,H,1.0
2023-04-29,Union Berlin,Leverkusen,1650.07,1652.17,0.6373,D,H,
2023-04-29,RB Leipzig,Hoffenheim,1613.63,1386.73,0.8678,H,H,1.0
2023-04-29,Stuttgart,M'gladbach,1407.65,1482.27,0.5365,H,H,1.0
2023-04-29,Ein Frankfurt,Augsburg,1520.29,1386.54,0.7934,D,H,
2023-04-29,Lille,Ajaccio,1639.78,1300.3,0.9262,H,H,1.0
2023-04-29,Barcelona,Betis,1794.84,1548.8,0.88,H,H,1.0
2023-04-29,Real Madrid,Almeria,1713.33,1454.11,0.8877,H,H,1.0
2023-04-29,FC Koln,Freiburg,1488.49,1608.87,0.4707,A,A,1.0
2023-04-29,Crystal Palace,West Ham,1492.89,1492.66,0.6404,H,H,1.0
2023-04-29,Elche,Vallecano,1279.74,1506.07,0.3258,H,A,0.0
2023-04-29,Brighton,Wolves,1582.79,1476.27,0.7665,H,H,1.0
2023-04-29,Roma,Milan,1637.74,1695.47,0.5605,D,H,
2023-04-29,Torino,Atalanta,1566.41,1604.57,0.5881,A,H,0.0
2023-04-29,Brentford,Nott'm Forest,1556.08,1419.07,0.7965,H,H,1.0
2023-04-30,Sassuolo,Empoli,1547.53,1439.55,0.768,H,H,1.0
2023-04-30,Napoli,Salernitana,1834.85,1480.27,0.9319,D,H,
2023-04-30,Cadiz,Valencia,1456.38,1432.67,0.6709,H,H,1.0
2023-04-30,Villarreal,Celta,1587.34,1505.51,0.7401,H,H,1.0
2023-04-30,Espanol,Getafe,1375.85,1432.56,0.562,H,H,1.0
2023-04-30,Valladolid,Ath Madrid,1427.28,1736.74,0.2305,A,A,1.0
2023-04-30,Marseille,Auxerre,1742.13,1471.17,0.8943,H,H,1.0
2023-04-30,Paris SG,Lorient,1789.04,1461.81,0.9212,A,H,0.0
2023-04-30,Troyes,Nice,1326.91,1576.49,0.2971,A,A,1.0
2023-04-30,Clermont,Reims,1519.77,1575.98,0.5627,H,H,1.0
2023-04-30,Rennes,Angers,1598.09,1258.21,0.9264,H,H,1.0
2023-04-30,Cremonese,Verona,1388.92,1450.39,0.5552,D,H,
2023-04-30,Bournemouth,Leeds,1479.72,1385.79,0.7533,H,H,1.0
2023-04-30,Bologna,Juventus,1567.91,1668.65,0.4989,D,A,
2023-04-30,Wolfsburg,Mainz,1572.45,1600.14,0.6026,H,H,1.0
2023-04-30,Bayern Munich,Hertha,1736.51,1317.07,0.9521,H,H,1.0
2023-04-30,Fulham,Man City,1489.95,1857.15,0.1768,A,A,1.0
2023-04-30,Man United,Aston Villa,1668.92,1635.74,0.6828,H,H,1.0
2023-04-30,Monaco,Montpellier,1675.78,1482.93,0.8437,A,H,0.0
2023-04-30,Fiorentina,Sampdoria,1566.41,1320.09,0.8801,H,H,1.0
2023-04-30,Newcastle,Southampton,1716.32,1328.07,0.9432,H,H,1.0
2023-04-30,Liverpool,Tottenham,1702.76,1582.23,0.7807,H,H,1.0
2023-04-30,Inter,Lazio,1617.77,1714.33,0.5049,H,H,1.0
2023-05-01,Mallorca,Ath Bilbao,1492.05,1553.72,0.5549,D,H,
2023-05-01,Leicester,Everton,1423.93,1380.78,0.6951,D,H,
2023-05-01,Sevilla,Girona,1592.81,1532.36,0.7158,A,H,0.0
2023-05-02,Barcelona,Osasuna,1801.37,1480.95,0.9183,H,H,1.0
2023-05-02,Sociedad,Real Madrid,1614.65,1718.64,0.4943,H,A,0.0
2023-05-02,Toulouse,Lens,1500.69,1719.88,0.3349,A,A,1.0
2023-05-02,Almeria,Elche,1448.8,1316.4,0.7921,H,H,1.0
2023-05-02,Arsenal,Chelsea,1748.61,1454.38,0.9063,H,H,1.0
2023-05-03,Getafe,Celta,1414.33,1493.23,0.5303,H,H,1.0
2023-05-03,Man City,West Ham,1864.51,1477.68,0.9428,H,H,1.0
2023-05-03,Liverpool,Fulham,1711.89,1482.59,0.8694,H,H,1.0
2023-05-03,Monza,Roma,1572.97,1635.8,0.5533,D,H,
2023-05-03,Milan,Cremonese,1697.41,1387.16,0.9139,D,H,
2023-05-03,Lazio,Sassuolo,1690.93,1557.19,0.7934,H,H,1.0
2023-05-03,Sampdoria,Torino,1313.26,1541.93,0.3229,A,A,1.0
2023-05-03,Salernitana,Fiorentina,1494.09,1573.23,0.53,D,H,
2023-05-03,Juventus,Lecce,1668.61,1443.25,0.8668,H,H,1.0
2023-05-03,Atalanta,Spezia,1629.05,1395.99,0.8718,H,H,1.0
2023-05-03,Valencia,Villarreal,1418.97,1599.62,0.386,D,A,
2023-05-03,Ath Madrid,Cadiz,1748.56,1470.08,0.8983,H,H,1.0
2023-05-03,Verona,Inter,1452.15,1641.17,0.3746,A,A,1.0
2023-05-03,Brest,Nantes,1475.95,1468.85,0.6494,H,H,1.0
2023-05-04,Udinese,Napoli,1518.53,1821.03,0.2376,D,A,
2023-05-04,Vallecano,Valladolid,1469.42,1415.47,0.7081,H,H,1.0
2023-05-04,Empoli,Bologna,1429.89,1567.95,0.4455,H,A,0.0
2023-05-04,Sevilla,Espanol,1558.98,1394.08,0.8213,H,H,1.0
2023-05-04,Girona,Mallorca,1566.2,1490.29,0.7335,H,H,1.0
2023-05-04,Brighton,Man United,1596.57,1682.13,0.5208,H,H,1.0
2023-05-04,Ath Bilbao,Betis,1555.47,1542.27,0.6574,A,H,0.0
2023-05-05,Leverkusen,FC Koln,1656.57,1468.89,0.8397,A,H,0.0
2023-05-05,Mainz,Schalke 04,1579.76,1369.08,0.8567,A,H,0.0
2023-05-06,Werder Bremen,Bayern Munich,1390.06,1738.77,0.1928,A,A,1.0
2023-05-06,Milan,Lazio,1684.16,1700.7,0.6179,H,H,1.0
2023-05-06,M'gladbach,Bochum,1462.98,1405.88,0.7118,H,H,1.0
2023-05-06,Roma,Inter,1637.51,1663.29,0.6052,A,H,0.0
2023-05-06,Lens,Marseille,1733.82,1746.53,0.623,H,H,1.0
2023-05-06,Hertha,Stuttgart,1314.81,1426.95,0.4825,H,A,0.0
2023-05-06,Freiburg,RB Leipzig,1628.46,1619.13,0.6523,A,H,0.0
2023-05-06,Augsburg,Union Berlin,1395.93,1645.67,0.2969,H,A,0.0
2023-05-06,Nice,Rennes,1588.86,1601.57,0.623,H,H,1.0
2023-05-06,Cremonese,Spezia,1400.4,1390.66,0.6529,H,H,1.0
2023-05-06,Liverpool,Brentford,1717.33,1564.55,0.8108,H,H,1.0
2023-05-06,Wolves,Aston Villa,1462.48,1622.53,0.4144,H,A,0.0
2023-05-06,Tottenham,Crystal Palace,1573.1,1507.86,0.7214,H,H,1.0
2023-05-06,Man City,Leeds,1867.44,1373.14,0.9684,H,H,1.0
2023-05-06,Bournemouth,Chelsea,1492.37,1449.95,0.6942,A,H,0.0
2023-05-06,Hoffenheim,Ein Frankfurt,1381.23,1510.9,0.4574,H,A,0.0
2023-05-06,Reims,Lille,1557.78,1643.56,0.5205,H,H,1.0
2023-05-07,Dortmund,Wolfsburg,1704.4,1592.82,0.7717,H,H,1.0
2023-05-07,Lecce,Verona,1437.7,1430.04,0.6502,A,H,0.0
2023-05-07,Atalanta,Juventus,1634.39,1674.16,0.5858,A,H,0.0
2023-05-07,Napoli,Fiorentina,1812.63,1574.19,0.8753,H,H,1.0
2023-05-07,Troyes,Paris SG,1314.54,1745.49,0.1295,A,A,1.0
2023-05-07,Newcastle,Arsenal,1719.0,1753.04,0.5938,A,H,0.0
2023-05-07,West Ham,Man United,1474.75,1662.18,0.3768,H,A,0.0
2023-05-07,Angers,Monaco,1254.73,1629.91,0.1702,A,A,1.0
2023-05-07,Ajaccio,Toulouse,1296.51,1486.75,0.373,D,A,
2023-05-07,Auxerre,Clermont,1466.77,1537.97,0.5413,D,H,
2023-05-07,Torino,Monza,1557.19,1571.26,0.6212,D,H,
2023-05-07,Nantes,Strasbourg,1452.28,1480.33,0.6021,A,H,0.0
2023-05-07,Lorient,Brest,1505.35,1492.52,0.6569,H,H,1.0
2023-05-07,Lyon,Montpellier,1636.19,1528.8,0.7674,H,H,1.0
2023-05-08,Empoli,Salernitana,1456.1,1493.14,0.5896,H,H,1.0
2023-05-08,Udinese,Sampdoria,1526.93,1298.0,0.8691,H,H,1.0
2023-05-08,Sassuolo,Bologna,1547.42,1541.73,0.6476,D,H,
2023-05-08,Nott'm Forest,Southampton,1410.59,1325.39,0.7439,H,H,1.0
2023-05-08,Brighton,Everton,1616.53,1387.02,0.8695,A,H,0.0
2023-05-08,Fulham,Leicester,1477.16,1417.68,0.7146,H,H,1.0
2023-05-12,FC Koln,Hertha,1503.85,1336.36,0.8234,H,H,1.0
2023-05-12,Lazio,Lecce,1682.63,1410.64,0.8949,D,H,
2023-05-12,Mallorca,Cadiz,1479.2,1464.55,0.6592,H,H,1.0
2023-05-12,Lens,Reims,1749.52,1577.74,0.827,H,H,1.0
2023-05-13,Salernitana,Atalanta,1476.05,1606.7,0.456,H,A,0.0
2023-05-13,Spezia,Milan,1374.25,1702.23,0.2121,H,A,0.0
2023-05-13,Paris SG,Ajaccio,1751.61,1300.58,0.9598,H,H,1.0
2023-05-13,Strasbourg,Nice,1508.79,1604.56,0.5061,H,H,1.0
2023-05-13,Inter,Sassuolo,1691.9,1542.7,0.8076,H,H,1.0
2023-05-13,Bochum,Augsburg,1392.26,1425.2,0.5953,H,H,1.0
2023-05-13,Sociedad,Girona,1638.55,1577.29,0.7167,D,H,
2023-05-13,Osasuna,Almeria,1477.55,1457.45,0.6663,H,H,1.0
2023-05-13,Villarreal,Ath Bilbao,1595.97,1528.1,0.7244,H,H,1.0
2023-05-13,Real Madrid,Getafe,1694.73,1433.88,0.8887,H,H,1.0
2023-05-13,Leeds,Newcastle,1371.82,1690.94,0.2207,D,A,
2023-05-13,Aston Villa,Tottenham,1598.16,1584.7,0.6577,H,H,1.0
2023-05-13,Chelsea,Nott'm Forest,1482.76,1421.26,0.717,D,H,
2023-05-13,Crystal Palace,Bournemouth,1496.26,1459.55,0.6872,H,H,1.0
2023-05-13,Man United,Wolves,1636.23,1486.86,0.8078,H,H,1.0
2023-05-13,Bayern Munich,Schalke 04,1746.8,1404.75,0.9272,H,H,1.0
2023-05-13,Southampton,Fulham,1314.73,1490.64,0.3925,A,A,1.0
2023-05-13,Dortmund,M'gladbach,1717.88,1476.6,0.877,H,H,1.0
2023-05-13,Wolfsburg,Hoffenheim,1579.34,1406.88,0.8276,H,H,1.0
2023-05-13,Union Berlin,Freiburg,1616.4,1601.3,0.6598,H,H,1.0
2023-05-13,Ein Frankfurt,Mainz,1485.25,1544.09,0.559,H,H,1.0
2023-05-14,Everton,Man City,1434.3,1868.76,0.1273,A,A,1.0
2023-05-14,Arsenal,Brighton,1781.11,1569.25,0.8576,A,H,0.0
2023-05-14,Verona,Torino,1457.1,1553.31,0.5055,A,H,0.0
2023-05-14,RB Leipzig,Werder Bremen,1646.29,1382.03,0.8906,H,H,1.0
2023-05-14,Stuttgart,Leverkusen,1405.41,1621.61,0.3387,D,A,
2023-05-14,Brentford,West Ham,1556.68,1500.7,0.7105,H,H,1.0
2023-05-14,Fiorentina,Udinese,1569.0,1533.12,0.6862,H,H,1.0
2023-05-14,Marseille,Angers,1730.84,1247.64,0.9663,H,H,1.0
2023-05-14,Bologna,Roma,1546.46,1608.9,0.5538,D,H,
2023-05-14,Monza,Napoli,1575.14,1817.83,0.3055,H,A,0.0
2023-05-14,Valladolid,Sevilla,1403.32,1566.42,0.4102,A,A,1.0
2023-05-14,Elche,Ath Madrid,1307.74,1754.09,0.1199,H,A,0.0
2023-05-14,Celta,Valencia,1473.68,1422.62,0.7047,A,H,0.0
2023-05-14,Monaco,Lille,1637.0,1623.59,0.6576,D,H,
2023-05-14,Toulouse,Nantes,1482.68,1423.82,0.7139,D,H,
2023-05-14,Espanol,Barcelona,1386.64,1804.77,0.1381,A,A,1.0
2023-05-14,Montpellier,Lorient,1519.12,1519.64,0.6394,D,H,
2023-05-14,Clermont,Lyon,1539.3,1645.87,0.4905,H,A,0.0
2023-05-14,Juventus,Cremonese,1701.85,1416.81,0.9017,H,H,1.0
2023-05-14,Rennes,Troyes,1585.88,1308.42,0.8978,H,H,1.0
2023-05-14,Brest,Auxerre,1478.23,1465.45,0.6568,H,H,1.0
2023-05-15,Sampdoria,Empoli,1291.82,1473.19,0.385,D,A,
2023-05-15,Leicester,Liverpool,1404.19,1725.21,0.2189,A,A,1.0
2023-05-15,Betis,Vallecano,1569.64,1481.57,0.747,H,H,1.0
2023-05-18,Newcastle,Brighton,1682.0,1613.22,0.7254,H,H,1.0
2023-05-19,Lyon,Monaco,1624.66,1631.95,0.6303,H,H,1.0
2023-05-19,Freiburg,Wolfsburg,1585.22,1586.52,0.6383,H,H,1.0
2023-05-19,Sassuolo,Monza,1533.61,1607.97,0.5368,A,H,0.0
2023-05-19,Cadiz,Valladolid,1450.36,1382.29,0.7246,H,H,1.0
2023-05-20,Wolves,Everton,1477.77,1427.77,0.7034,D,H,
2023-05-20,Werder Bremen,FC Koln,1377.48,1512.9,0.4492,D,A,
2023-05-20,Bayern Munich,RB Leipzig,1751.1,1650.84,0.76,A,H,0.0
2023-05-20,Almeria,Mallorca,1441.68,1493.38,0.5691,H,H,1.0
2023-05-20,Ath Bilbao,Celta,1513.12,1444.34,0.7254,H,H,1.0
2023-05-20,Nott'm Forest,Arsenal,1428.2,1737.14,0.231,H,A,0.0
2023-05-20,Getafe,Elche,1429.25,1344.38,0.7435,D,H,
2023-05-20,Tottenham,Brentford,1570.45,1570.36,0.6402,A,H,0.0
2023-05-20,Bournemouth,Man United,1444.77,1645.32,0.3592,A,A,1.0
2023-05-20,Fulham,Crystal Palace,1509.19,1511.05,0.6376,D,H,
2023-05-20,Liverpool,Aston Villa,1736.43,1612.41,0.7841,D,H,
2023-05-20,Girona,Villarreal,1584.23,1610.96,0.6039,A,H,0.0
2023-05-20,Barcelona,Sociedad,1811.29,1631.62,0.8334,A,H,0.0
2023-05-20,Schalke 04,Ein Frankfurt,1400.46,1507.86,0.4893,D,A,
2023-05-20,Hertha,Bochum,1327.3,1409.11,0.5262,D,H,
2023-05-20,Nantes,Montpellier,1430.66,1514.66,0.523,A,H,0.0
2023-05-20,Cremonese,Bologna,1412.16,1544.73,0.4533,A,A,1.0
2023-05-20,Atalanta,Verona,1584.05,1436.06,0.8065,H,H,1.0
2023-05-20,Milan,Sampdoria,1664.98,1295.5,0.9372,H,H,1.0
2023-05-20,Lille,Marseille,1628.64,1732.43,0.4945,H,A,0.0
2023-05-20,Hoffenheim,Union Berlin,1399.7,1632.48,0.3177,H,A,0.0
2023-05-21,West Ham,Leeds,1487.01,1380.76,0.7663,H,H,1.0
2023-05-21,Ath Madrid,Osasuna,1717.44,1493.33,0.866,H,H,1.0
2023-05-21,Valencia,Real Madrid,1451.95,1699.37,0.2997,H,A,0.0
2023-05-21,Sevilla,Betis,1587.45,1581.6,0.6478,D,H,
2023-05-21,Ajaccio,Rennes,1298.29,1591.44,0.2475,A,A,1.0
2023-05-21,Brest,Clermont,1492.52,1560.51,0.5459,H,H,1.0
2023-05-21,Nice,Toulouse,1581.21,1475.84,0.7653,D,H,
2023-05-21,Reims,Angers,1570.54,1246.05,0.9201,D,H,
2023-05-21,Troyes,Strasbourg,1302.86,1532.13,0.3221,D,A,
2023-05-21,Vallecano,Espanol,1469.61,1380.11,0.7485,A,H,0.0
2023-05-21,Auxerre,Paris SG,1451.16,1753.9,0.2374,A,A,1.0
2023-05-21,Udinese,Lazio,1518.28,1670.0,0.4261,A,A,1.0
2023-05-21,Napoli,Inter,1785.0,1700.99,0.7425,H,H,1.0
2023-05-21,Torino,Fiorentina,1574.35,1583.83,0.6274,D,H,
2023-05-21,Lecce,Spezia,1423.27,1411.49,0.6555,D,H,
2023-05-21,Leverkusen,M'gladbach,1616.45,1470.29,0.8049,D,H,
2023-05-21,Augsburg,Dortmund,1408.35,1724.18,0.224,A,A,1.0
2023-05-21,Mainz,Stuttgart,1521.48,1410.57,0.771,A,H,0.0
2023-05-21,Brighton,Southampton,1599.14,1296.18,0.9105,H,H,1.0
2023-05-21,Lorient,Lens,1524.1,1756.72,0.3179,A,A,1.0
2023-05-21,Man City,Chelsea,1875.29,1475.82,0.9466,H,H,1.0
2023-05-22,Roma,Salernitana,1610.62,1498.7,0.7721,D,H,
2023-05-22,Empoli,Juventus,1469.51,1706.49,0.3125,H,A,0.0
2023-05-22,Newcastle,Leicester,1696.08,1392.97,0.9106,D,H,
2023-05-23,Celta,Girona,1432.91,1559.08,0.4624,D,A,
2023-05-23,Sociedad,Almeria,1666.31,1463.77,0.8509,H,H,1.0
2023-05-23,Valladolid,Barcelona,1369.27,1776.6,0.1457,H,A,0.0
2023-05-24,Brighton,Man City,1603.37,1877.51,0.2685,D,A,
2023-05-24,Elche,Sevilla,1352.18,1582.72,0.3205,D,A,
2023-05-24,Real Madrid,Vallecano,1670.21,1438.45,0.871,H,H,1.0
2023-05-24,Villarreal,Cadiz,1636.1,1463.38,0.8278,H,H,1.0
2023-05-24,Betis,Getafe,1586.33,1421.45,0.8212,A,H,0.0
2023-05-24,Espanol,Ath Madrid,1411.28,1724.31,0.2268,D,A,
2023-05-25,Osasuna,Ath Bilbao,1486.45,1524.55,0.5882,H,H,1.0
2023-05-25,Mallorca,Valencia,1471.29,1481.11,0.6269,H,H,1.0
2023-05-25,Man United,Chelsea,1660.27,1473.59,0.8389,H,H,1.0
2023-05-26,Sampdoria,Sassuolo,1292.08,1511.26,0.3349,D,A,
2023-05-27,RB Leipzig,Schalke 04,1686.77,1400.8,0.9022,H,H,1.0
2023-05-27,Angers,Troyes,1259.49,1308.56,0.5728,H,H,1.0
2023-05-27,Clermont,Lorient,1541.6,1509.07,0.682,H,H,1.0
2023-05-27,Lens,Ajaccio,1771.75,1284.21,0.9671,H,H,1.0
2023-05-27,Lille,Nantes,1649.68,1403.85,0.8798,H,H,1.0
2023-05-27,Lyon,Reims,1642.14,1557.1,0.7437,H,H,1.0
2023-05-27,Marseille,Brest,1711.39,1511.43,0.849,A,H,0.0
2023-05-27,Montpellier,Nice,1541.47,1572.72,0.5977,A,H,0.0
2023-05-27,Rennes,Monaco,1605.52,1614.48,0.6281,H,H,1.0
2023-05-27,Strasbourg,Paris SG,1526.44,1763.79,0.312,D,A,
2023-05-27,Toulouse,Auxerre,1484.33,1441.28,0.695,D,H,
2023-05-27,Sevilla,Real Madrid,1576.97,1675.58,0.502,A,H,0.0
2023-05-27,Bochum,Leverkusen,1409.95,1606.69,0.3643,H,A,0.0
2023-05-27,Wolfsburg,Hertha,1569.43,1326.47,0.8781,A,H,0.0
2023-05-27,Ein Frankfurt,Freiburg,1507.52,1602.32,0.5075,H,H,1.0
2023-05-27,FC Koln,Bayern Munich,1511.28,1715.18,0.3548,A,A,1.0
2023-05-27,M'gladbach,Augsburg,1480.05,1396.87,0.7416,H,H,1.0
2023-05-27,Stuttgart,Hoffenheim,1450.09,1431.95,0.6638,D,H,
2023-05-27,Dortmund,Mainz,1735.67,1481.96,0.8845,D,H,
2023-05-27,Union Berlin,Werder Bremen,1600.23,1379.1,0.864,H,H,1.0
2023-05-27,Salernitana,Udinese,1507.4,1500.54,0.6491,H,H,1.0
2023-05-27,Spezia,Torino,1416.47,1570.28,0.4232,A,A,1.0
2023-05-27,Fiorentina,Roma,1587.91,1601.92,0.6213,H,H,1.0
2023-05-27,Inter,Atalanta,1688.82,1593.19,0.7551,H,H,1.0
2023-05-28,Aston Villa,Brighton,1621.5,1610.78,0.6542,H,H,1.0
2023-05-28,Ath Madrid,Sociedad,1715.57,1672.52,0.695,H,H,1.0
2023-05-28,Barcelona,Mallorca,1736.21,1486.82,0.882,H,H,1.0
2023-05-28,Cadiz,Celta,1455.24,1434.11,0.6676,H,H,1.0
2023-05-28,Getafe,Osasuna,1455.64,1505.92,0.5711,H,H,1.0
2023-05-28,Girona,Betis,1557.88,1552.14,0.6476,A,H,0.0
2023-05-28,Valencia,Espanol,1465.58,1420.02,0.698,D,H,
2023-05-28,Vallecano,Villarreal,1433.08,1644.24,0.3453,H,A,0.0
2023-05-28,Arsenal,Wolves,1705.13,1471.26,0.8723,H,H,1.0
2023-05-28,Ath Bilbao,Elche,1505.08,1357.92,0.8058,A,H,0.0
2023-05-28,Lazio,Cremonese,1687.74,1387.52,0.9092,H,H,1.0
2023-05-28,Monza,Lecce,1630.32,1418.29,0.8577,A,H,0.0
2023-05-28,Juventus,Milan,1671.25,1668.4,0.6438,A,H,0.0
2023-05-28,Verona,Empoli,1426.91,1504.76,0.5318,D,H,
2023-05-28,Brentford,Man City,1600.62,1870.1,0.2738,H,A,0.0
2023-05-28,Chelsea,Newcastle,1465.34,1682.94,0.3369,D,A,
2023-05-28,Crystal Palace,Nott'm Forest,1515.45,1460.22,0.7096,D,H,
2023-05-28,Everton,Bournemouth,1434.28,1429.81,0.646,H,H,1.0
2023-05-28,Leeds,Tottenham,1369.71,1540.19,0.3999,A,A,1.0
2023-05-28,Leicester,West Ham,1406.11,1498.06,0.5116,H,H,1.0
2023-05-28,Man United,Fulham,1668.53,1504.79,0.8203,H,H,1.0
2023-05-28,Bologna,Napoli,1569.38,1797.17,0.324,D,A,
2023-05-28,Southampton,Liverpool,1291.95,1727.34,0.1267,D,A,
2023-05-28,Almeria,Valladolid,1457.56,1409.66,0.7009,D,H,
2023-06-02,Sassuolo,Fiorentina,1505.97,1603.68,0.5033,A,H,0.0
2023-06-03,Reims,Montpellier,1543.96,1516.59,0.6755,A,H,0.0
2023-06-03,Paris SG,Clermont,1757.77,1556.64,0.8499,A,H,0.0
2023-06-03,Auxerre,Lens,1447.52,1773.43,0.2141,A,A,1.0
2023-06-03,Nice,Lyon,1597.6,1655.28,0.5606,H,H,1.0
2023-06-03,Nantes,Angers,1398.85,1277.28,0.7817,H,H,1.0
2023-06-03,Monaco,Toulouse,1596.9,1478.09,0.779,A,H,0.0
2023-06-03,Lorient,Strasbourg,1494.04,1532.46,0.5877,H,H,1.0
2023-06-03,Brest,Rennes,1546.77,1623.1,0.534,A,H,0.0
2023-06-03,Troyes,Lille,1290.77,1654.69,0.1796,D,A,
2023-06-03,Ajaccio,Marseille,1282.52,1676.04,0.1558,H,A,0.0
2023-06-03,Torino,Inter,1593.28,1699.02,0.4918,A,A,1.0
2023-06-03,Cremonese,Salernitana,1383.74,1522.01,0.4451,H,A,0.0
2023-06-03,Empoli,Lazio,1505.77,1691.52,0.3791,A,A,1.0
2023-06-04,Mallorca,Vallecano,1480.77,1460.33,0.6667,H,H,1.0
2023-06-04,Valladolid,Getafe,1416.08,1473.5,0.561,D,H,
2023-06-04,Espanol,Almeria,1426.36,1451.14,0.6066,D,H,
2023-06-04,Udinese,Juventus,1485.93,1644.44,0.4166,A,A,1.0
2023-06-04,Elche,Cadiz,1391.47,1469.08,0.5322,D,H,
2023-06-04,Celta,Barcelona,1420.27,1742.26,0.2179,H,A,0.0
2023-06-04,Betis,Valencia,1579.1,1459.24,0.78,D,H,
2023-06-04,Villarreal,Ath Madrid,1616.98,1728.27,0.4838,D,A,
2023-06-04,Sociedad,Sevilla,1659.82,1556.07,0.7637,H,H,1.0
2023-06-04,Real Madrid,Ath Bilbao,1696.48,1471.54,0.8665,D,H,
2023-06-04,Osasuna,Girona,1488.06,1530.92,0.5815,H,H,1.0
2023-06-04,Milan,Verona,1695.2,1425.9,0.8934,H,H,1.0
2023-06-04,Lecce,Bologna,1454.0,1575.01,0.4698,A,A,1.0
2023-06-04,Atalanta,Monza,1583.0,1594.61,0.6245,H,H,1.0
2023-06-04,Napoli,Sampdoria,1791.53,1297.37,0.9683,H,H,1.0
2023-06-04,Roma,Spezia,1586.15,1393.46,0.8435,H,H,1.0
2023-08-11,Almeria,Vallecano,1454.55,1443.25,0.6549,A,H,0.0
2023-08-11,Nice,Lille,1618.37,1644.43,0.6048,D,H,
2023-08-11,Burnley,Man City,1406.86,1839.86,0.1282,A,A,1.0
2023-08-11,Sevilla,Valencia,1546.24,1468.2,0.7359,A,H,0.0
2023-08-12,Sociedad,Girona,1669.66,1513.49,0.8138,D,H,
2023-08-12,Sheffield United,Crystal Palace,1320.33,1508.74,0.3754,A,A,1.0
2023-08-12,Everton,Fulham,1449.02,1497.31,0.5739,A,H,0.0
2023-08-12,Brighton,Luton,1596.38,1500.0,0.7559,H,H,1.0
2023-08-12,Arsenal,Nott'm Forest,1712.39,1466.93,0.8796,H,H,1.0
2023-08-12,Las Palmas,Mallorca,1500.0,1497.86,0.6429,D,H,
2023-08-12,Ath Bilbao,Real Madrid,1483.27,1684.76,0.358,A,A,1.0
2023-08-12,Paris SG,Lorient,1722.39,1511.2,0.8571,D,H,
2023-08-12,Marseille,Reims,1640.9,1512.03,0.7888,H,H,1.0
2023-08-12,Newcastle,Aston Villa,1677.72,1635.89,0.6935,H,H,1.0
2023-08-12,Bournemouth,West Ham,1415.07,1477.73,0.5535,D,H,
2023-08-13,Celta,Osasuna,1452.83,1505.49,0.5677,A,H,0.0
2023-08-13,Villarreal,Betis,1617.5,1570.14,0.7002,A,H,0.0
2023-08-13,Getafe,Barcelona,1475.45,1709.7,0.3159,D,A,
2023-08-13,Strasbourg,Lyon,1515.29,1634.51,0.4724,H,A,0.0
2023-08-13,Brentford,Tottenham,1630.86,1560.69,0.727,D,H,
2023-08-13,Brest,Lens,1524.54,1783.55,0.2859,H,A,0.0
2023-08-13,Clermont,Monaco,1592.02,1564.47,0.6757,A,H,0.0
2023-08-13,Rennes,Metz,1645.33,1371.31,0.896,H,H,1.0
2023-08-13,Montpellier,Le Havre,1548.52,1500.0,0.7016,D,H,
2023-08-13,Chelsea,Liverpool,1470.55,1715.39,0.3029,D,A,
2023-08-13,Nantes,Toulouse,1407.94,1510.52,0.4963,A,A,1.0
2023-08-14,Ath Madrid,Granada,1727.75,1411.07,0.9167,H,H,1.0
2023-08-14,Cadiz,Alaves,1470.11,1348.16,0.782,H,H,1.0
2023-08-14,Man United,Wolves,1676.01,1464.0,0.8577,H,H,1.0
2023-08-18,Werder Bremen,Bayern Munich,1373.44,1729.95,0.1859,A,A,1.0
2023-08-18,Valencia,Las Palmas,1498.84,1495.43,0.6446,H,H,1.0
2023-08-18,Nott'm Forest,Sheffield United,1461.91,1304.7,0.8147,H,H,1.0
2023-08-18,Mallorca,Villarreal,1502.43,1588.35,0.5203,A,H,0.0
2023-08-18,Metz,Marseille,1365.65,1649.69,0.2574,D,A,
2023-08-19,Almeria,Real Madrid,1423.59,1701.68,0.264,A,A,1.0
2023-08-19,Lyon,Montpellier,1612.54,1542.07,0.7274,A,H,0.0
2023-08-19,Toulouse,Paris SG,1531.18,1710.96,0.3872,D,A,
2023-08-19,Sociedad,Celta,1659.62,1426.0,0.8722,D,H,
2023-08-19,Osasuna,Ath Bilbao,1532.32,1466.35,0.7222,A,H,0.0
2023-08-19,Liverpool,Bournemouth,1709.08,1413.36,0.907,H,H,1.0
2023-08-19,Wolves,Brighton,1458.08,1608.89,0.4274,A,A,1.0
2023-08-19,Dortmund,FC Koln,1723.36,1496.51,0.8678,H,H,1.0
2023-08-19,Wolfsburg,Heidenheim,1532.87,1500.0,0.6824,H,H,1.0
2023-08-19,Stuttgart,Bochum,1444.85,1442.54,0.6431,H,H,1.0
2023-08-19,Leverkusen,RB Leipzig,1574.1,1691.39,0.4751,H,A,0.0
2023-08-19,Hoffenheim,Freiburg,1437.19,1581.81,0.4361,A,A,1.0
2023-08-19,Augsburg,M'gladbach,1384.65,1492.26,0.4891,D,A,
2023-08-19,Fulham,Brentford,1521.2,1623.59,0.4966,A,A,1.0
2023-08-19,Empoli,Verona,1487.86,1420.86,0.7234,A,H,0.0
2023-08-19,Inter,Monza,1719.49,1575.36,0.803,H,H,1.0
2023-08-19,Tottenham,Man United,1567.96,1681.94,0.4799,H,A,0.0
2023-08-19,Man City,Newcastle,1846.44,1694.38,0.8101,H,H,1.0
2023-08-19,Frosinone,Napoli,1500.0,1793.03,0.2477,A,A,1.0
2023-08-19,Genoa,Fiorentina,1379.04,1627.47,0.2985,A,A,1.0
2023-08-20,Le Havre,Brest,1506.45,1554.27,0.5745,A,H,0.0
2023-08-20,Ein Frankfurt,Darmstadt,1528.03,1500.0,0.6763,H,H,1.0
2023-08-20,Union Berlin,Mainz,1605.89,1494.26,0.7718,H,H,1.0
2023-08-20,West Ham,Chelsea,1479.44,1476.86,0.6435,H,H,1.0
2023-08-20,Girona,Getafe,1523.53,1481.35,0.6939,H,H,1.0
2023-08-20,Barcelona,Cadiz,1703.81,1479.18,0.8663,H,H,1.0
2023-08-20,Betis,Ath Madrid,1599.29,1731.69,0.4535,D,A,
2023-08-20,Lorient,Nice,1522.63,1615.02,0.511,D,H,
2023-08-20,Udinese,Juventus,1468.59,1661.79,0.369,A,A,1.0
2023-08-20,Sassuolo,Atalanta,1482.18,1602.25,0.4712,A,A,1.0
2023-08-20,Roma,Salernitana,1592.66,1495.79,0.7565,D,H,
2023-08-20,Aston Villa,Everton,1619.23,1425.13,0.8446,H,H,1.0
2023-08-20,Lens,Rennes,1753.82,1650.99,0.7627,D,H,
2023-08-20,Monaco,Strasbourg,1596.41,1537.26,0.7143,H,H,1.0
2023-08-20,Reims,Clermont,1503.23,1560.08,0.5618,H,H,1.0
2023-08-20,Lecce,Lazio,1434.44,1709.43,0.2675,H,A,0.0
2023-08-20,Lille,Nantes,1647.79,1387.27,0.8885,H,H,1.0
2023-08-21,Crystal Palace,Arsenal,1524.37,1717.4,0.3692,A,A,1.0
2023-08-21,Granada,Vallecano,1407.13,1474.2,0.5472,A,H,0.0
2023-08-21,Alaves,Sevilla,1339.09,1515.6,0.3916,H,A,0.0
2023-08-21,Bologna,Milan,1594.57,1700.24,0.4918,A,A,1.0
2023-08-21,Torino,Cagliari,1572.81,1380.31,0.8434,D,H,
2023-08-25,Celta,Real Madrid,1437.91,1714.16,0.2661,A,A,1.0
2023-08-25,Las Palmas,Sociedad,1480.63,1647.71,0.4046,D,A,
2023-08-25,Nantes,Monaco,1382.0,1611.06,0.3224,D,A,
2023-08-25,RB Leipzig,Stuttgart,1669.54,1465.16,0.8522,H,H,1.0
2023-08-25,Chelsea,Luton,1460.01,1487.49,0.6029,H,H,1.0
2023-08-26,Arsenal,Fulham,1732.78,1495.74,0.8744,D,H,
2023-08-26,Frosinone,Atalanta,1488.29,1624.52,0.4481,H,A,0.0
2023-08-26,Milan,Torino,1723.49,1561.82,0.8185,H,H,1.0
2023-08-26,Verona,Roma,1450.97,1584.46,0.452,H,A,0.0
2023-08-26,Bournemouth,Tottenham,1408.97,1592.54,0.382,A,A,1.0
2023-08-26,Brentford,Crystal Palace,1649.05,1509.0,0.7993,D,H,
2023-08-26,Marseille,Brest,1641.93,1578.19,0.7196,H,H,1.0
2023-08-26,Darmstadt,Union Berlin,1486.52,1617.6,0.4554,A,A,1.0
2023-08-26,FC Koln,Wolfsburg,1491.0,1547.88,0.5617,A,H,0.0
2023-08-26,Freiburg,Werder Bremen,1599.97,1363.33,0.8741,H,H,1.0
2023-08-26,Heidenheim,Hoffenheim,1484.99,1419.03,0.7222,A,H,0.0
2023-08-26,M'gladbach,Leverkusen,1491.91,1595.95,0.4942,A,A,1.0
2023-08-26,Paris SG,Lens,1707.35,1745.41,0.5882,H,H,1.0
2023-08-26,Bochum,Dortmund,1422.23,1728.87,0.2334,D,A,
2023-08-26,Everton,Wolves,1416.68,1436.17,0.6138,A,H,0.0
2023-08-26,Monza,Empoli,1566.05,1457.74,0.7684,H,H,1.0
2023-08-26,Brighton,West Ham,1630.8,1496.29,0.7941,A,H,0.0
2023-08-26,Sevilla,Girona,1490.27,1539.23,0.5729,A,H,0.0
2023-08-26,Granada,Mallorca,1381.27,1480.77,0.5007,H,H,1.0
2023-08-26,Cadiz,Almeria,1472.86,1411.11,0.7173,D,H,
2023-08-26,Man United,Nott'm Forest,1657.35,1469.63,0.8397,H,H,1.0
2023-08-27,Montpellier,Reims,1579.36,1523.95,0.7098,A,H,0.0
2023-08-27,Mainz,Ein Frankfurt,1482.56,1541.5,0.5588,D,H,
2023-08-27,Strasbourg,Toulouse,1522.61,1534.79,0.6238,H,H,1.0
2023-08-27,Ath Bilbao,Betis,1500.48,1600.78,0.4996,H,A,0.0
2023-08-27,Valencia,Osasuna,1513.63,1498.18,0.6603,A,H,0.0
2023-08-27,Villarreal,Barcelona,1610.01,1710.13,0.4998,A,A,1.0
2023-08-27,Nice,Lyon,1615.37,1575.25,0.6914,D,H,
2023-08-27,Newcastle,Liverpool,1686.48,1713.48,0.6035,A,H,0.0
2023-08-27,Burnley,Aston Villa,1400.29,1627.68,0.3245,A,A,1.0
2023-08-27,Sheffield United,Man City,1296.98,1854.34,0.0671,A,A,1.0
2023-08-27,Bayern Munich,Augsburg,1740.06,1385.0,0.9321,H,H,1.0
2023-08-27,Napoli,Sassuolo,1804.74,1459.91,0.9283,H,H,1.0
2023-08-27,Rennes,Le Havre,1659.4,1482.53,0.8311,D,H,
2023-08-27,Clermont,Metz,1539.36,1373.41,0.8221,A,H,0.0
2023-08-27,Lorient,Lille,1522.28,1653.06,0.4558,H,A,0.0
2023-08-27,Fiorentina,Lecce,1642.77,1464.94,0.8319,D,H,
2023-08-27,Juventus,Bologna,1680.7,1571.32,0.7695,D,H,
2023-08-27,Lazio,Genoa,1678.94,1363.74,0.9161,A,H,0.0
2023-08-28,Getafe,Alaves,1465.65,1364.41,0.761,H,H,1.0
2023-08-28,Vallecano,Ath Madrid,1500.07,1730.2,0.321,A,A,1.0
2023-08-28,Cagliari,Inter,1391.29,1728.8,0.2031,A,A,1.0
2023-08-28,Salernitana,Udinese,1503.99,1449.67,0.7085,D,H,
2023-09-01,Cadiz,Villarreal,1465.91,1589.2,0.4665,H,A,0.0
2023-09-01,Luton,West Ham,1467.13,1533.83,0.5478,A,H,0.0
2023-09-01,Almeria,Celta,1418.06,1426.83,0.6284,A,H,0.0
2023-09-01,Nantes,Marseille,1387.69,1655.18,0.276,D,A,
2023-09-01,Roma,Milan,1561.64,1732.79,0.399,A,A,1.0
2023-09-01,Sassuolo,Verona,1456.52,1473.79,0.6169,H,H,1.0
2023-09-01,Dortmund,Heidenheim,1720.33,1454.92,0.8912,D,H,
2023-09-02,Brentford,Bournemouth,1639.47,1390.91,0.8815,D,H,
2023-09-02,Real Madrid,Getafe,1725.23,1475.6,0.8821,H,H,1.0
2023-09-02,Alaves,Valencia,1354.47,1486.15,0.4545,H,A,0.0
2023-09-02,Betis,Vallecano,1577.13,1480.52,0.7562,H,H,1.0
2023-09-02,Monaco,Lens,1605.38,1725.95,0.4704,H,A,0.0
2023-09-02,Brest,Rennes,1564.94,1648.8,0.5232,D,H,
2023-09-02,Brighton,Newcastle,1593.27,1661.35,0.5458,H,H,1.0
2023-09-02,Man City,Fulham,1857.13,1507.72,0.93,H,H,1.0
2023-09-02,Chelsea,Nott'm Forest,1480.37,1462.96,0.6628,A,H,0.0
2023-09-02,Burnley,Tottenham,1384.95,1610.6,0.3267,A,A,1.0
2023-09-02,Sociedad,Granada,1644.66,1402.05,0.8778,H,H,1.0
2023-09-02,Sheffield United,Everton,1294.19,1391.13,0.5044,D,H,
2023-09-02,Napoli,Lazio,1808.13,1640.8,0.8233,A,H,0.0
2023-09-02,Atalanta,Monza,1601.54,1577.0,0.6719,H,H,1.0
2023-09-02,M'gladbach,Bayern Munich,1466.58,1743.26,0.2656,A,A,1.0
2023-09-02,Werder Bremen,Mainz,1358.09,1480.68,0.4675,H,A,0.0
2023-09-02,Stuttgart,Freiburg,1457.13,1605.21,0.4312,H,A,0.0
2023-09-02,Leverkusen,Darmstadt,1621.29,1463.18,0.8154,H,H,1.0
2023-09-02,Hoffenheim,Wolfsburg,1449.1,1571.27,0.4681,H,A,0.0
2023-09-02,Augsburg,Bochum,1381.79,1430.77,0.5729,D,H,
2023-09-02,Bologna,Cagliari,1579.94,1381.7,0.8477,H,H,1.0
2023-09-02,Udinese,Frosinone,1456.34,1511.27,0.5645,D,H,
2023-09-03,Empoli,Juventus,1446.79,1672.08,0.3271,A,A,1.0
2023-09-03,Torino,Genoa,1552.52,1401.88,0.8089,H,H,1.0
2023-09-03,Inter,Fiorentina,1738.4,1632.15,0.7663,H,H,1.0
2023-09-03,Lyon,Paris SG,1581.38,1726.82,0.435,A,A,1.0
2023-09-03,Nice,Strasbourg,1609.24,1540.39,0.7255,H,H,1.0
2023-09-03,Metz,Reims,1407.64,1557.5,0.4287,D,A,
2023-09-03,Union Berlin,RB Leipzig,1640.94,1677.57,0.5902,A,H,0.0
2023-09-03,Le Havre,Lorient,1493.13,1550.18,0.5615,H,H,1.0
2023-09-03,Toulouse,Clermont,1517.01,1505.14,0.6557,D,H,
2023-09-03,Ein Frankfurt,FC Koln,1543.38,1467.62,0.7334,D,H,
2023-09-03,Arsenal,Man United,1720.8,1664.03,0.7115,H,H,1.0
2023-09-03,Crystal Palace,Wolves,1518.58,1461.72,0.7116,H,H,1.0
2023-09-03,Lille,Montpellier,1625.16,1545.8,0.7374,H,H,1.0
2023-09-03,Lecce,Salernitana,1475.56,1497.32,0.6107,H,H,1.0
2023-09-03,Liverpool,Aston Villa,1738.6,1643.01,0.7551,H,H,1.0
2023-09-03,Mallorca,Ath Bilbao,1459.98,1524.14,0.5514,D,H,
2023-09-03,Girona,Las Palmas,1563.08,1483.68,0.7374,H,H,1.0
2023-09-03,Osasuna,Barcelona,1525.67,1730.94,0.353,A,A,1.0
2023-09-15,Vallecano,Alaves,1470.37,1377.18,0.7525,H,H,1.0
2023-09-15,Bayern Munich,Leverkusen,1754.32,1631.32,0.7831,D,H,
2023-09-15,Paris SG,Nice,1749.12,1622.22,0.7869,A,H,0.0
2023-09-16,Mainz,Stuttgart,1451.73,1489.49,0.5886,A,H,0.0
2023-09-16,RB Leipzig,Augsburg,1707.83,1379.46,0.9217,H,H,1.0
2023-09-16,Wolfsburg,Union Berlin,1546.13,1610.69,0.5508,H,H,1.0
2023-09-16,Bochum,Ein Frankfurt,1433.1,1535.91,0.4959,D,A,
2023-09-16,Wolves,Liverpool,1449.71,1751.16,0.2387,A,A,1.0
2023-09-16,Juventus,Lazio,1687.54,1675.08,0.6564,H,H,1.0
2023-09-16,Inter,Milan,1751.11,1749.41,0.6423,H,H,1.0
2023-09-16,Genoa,Napoli,1393.92,1773.85,0.1664,D,A,
2023-09-16,Rennes,Lille,1649.54,1636.09,0.6577,D,H,
2023-09-16,Lens,Metz,1698.8,1409.92,0.9037,A,H,0.0
2023-09-16,FC Koln,Hoffenheim,1475.08,1474.24,0.6412,A,H,0.0
2023-09-16,Aston Villa,Crystal Palace,1630.46,1530.59,0.7596,H,H,1.0
2023-09-16,Freiburg,Dortmund,1572.85,1707.81,0.4499,A,A,1.0
2023-09-16,Man United,Brighton,1650.39,1614.74,0.6859,A,H,0.0
2023-09-16,Newcastle,Brentford,1639.88,1627.26,0.6566,H,H,1.0
2023-09-16,Fulham,Luton,1503.92,1444.32,0.7148,H,H,1.0
2023-09-16,Barcelona,Betis,1745.64,1587.28,0.8157,H,H,1.0
2023-09-16,Celta,Mallorca,1452.99,1458.34,0.6329,A,H,0.0
2023-09-16,West Ham,Man City,1556.64,1860.94,0.2358,A,A,1.0
2023-09-16,Ath Bilbao,Cadiz,1525.78,1491.13,0.6846,H,H,1.0
2023-09-16,Tottenham,Sheffield United,1627.34,1294.05,0.9237,H,H,1.0
2023-09-16,Valencia,Ath Madrid,1463.44,1749.75,0.2549,H,A,0.0
2023-09-17,Cagliari,Udinese,1375.36,1454.28,0.5303,D,H,
2023-09-17,Frosinone,Sassuolo,1513.34,1474.63,0.6896,H,H,1.0
2023-09-17,Getafe,Osasuna,1470.69,1510.98,0.5851,H,H,1.0
2023-09-17,Heidenheim,Werder Bremen,1467.44,1387.04,0.7386,H,H,1.0
2023-09-17,Clermont,Nantes,1510.12,1394.85,0.7754,A,H,0.0
2023-09-17,Monza,Lecce,1560.18,1493.96,0.7225,D,H,
2023-09-17,Fiorentina,Atalanta,1619.44,1618.36,0.6415,H,H,1.0
2023-09-17,Roma,Empoli,1545.03,1431.33,0.7738,H,H,1.0
2023-09-17,Everton,Arsenal,1391.27,1734.44,0.1978,A,A,1.0
2023-09-17,Bournemouth,Chelsea,1403.12,1452.77,0.5719,D,H,
2023-09-17,Lorient,Monaco,1527.7,1632.53,0.4931,D,A,
2023-09-17,Darmstadt,M'gladbach,1453.14,1455.52,0.6369,D,H,
2023-09-17,Reims,Brest,1555.22,1564.19,0.6281,A,H,0.0
2023-09-17,Marseille,Toulouse,1648.01,1512.03,0.7955,D,H,
2023-09-17,Lyon,Le Havre,1559.08,1515.61,0.6955,D,H,
2023-09-17,Villarreal,Almeria,1563.99,1391.9,0.8272,H,H,1.0
2023-09-17,Sevilla,Las Palmas,1466.42,1472.75,0.6316,H,H,1.0
2023-09-17,Real Madrid,Sociedad,1730.14,1650.43,0.7378,H,H,1.0
2023-09-17,Strasbourg,Montpellier,1527.42,1534.87,0.6301,D,H,
2023-09-18,Verona,Bologna,1455.68,1586.28,0.4561,D,A,
2023-09-18,Salernitana,Torino,1478.92,1560.47,0.5265,A,H,0.0
2023-09-18,Nott'm Forest,Burnley,1490.55,1368.2,0.7824,D,H,
2023-09-18,Granada,Girona,1396.28,1574.01,0.39,A,A,1.0
2023-09-22,Alaves,Ath Bilbao,1365.48,1541.95,0.3917,A,A,1.0
2023-09-22,Stuttgart,Darmstadt,1517.31,1448.76,0.7252,H,H,1.0
2023-09-22,Monaco,Nice,1632.3,1654.98,0.6095,A,H,0.0
2023-09-22,Lecce,Genoa,1501.08,1404.6,0.756,H,H,1.0
2023-09-22,Salernitana,Frosinone,1451.93,1528.01,0.5344,D,H,
2023-09-23,M'gladbach,RB Leipzig,1459.9,1711.84,0.2943,A,A,1.0
2023-09-23,Dortmund,Wolfsburg,1729.08,1564.83,0.8207,H,H,1.0
2023-09-23,Barcelona,Celta,1756.12,1426.64,0.9222,H,H,1.0
2023-09-23,Augsburg,Mainz,1375.45,1423.91,0.5736,H,H,1.0
2023-09-23,Union Berlin,Hoffenheim,1591.99,1504.55,0.7463,A,H,0.0
2023-09-23,Osasuna,Sevilla,1493.71,1481.75,0.6558,D,H,
2023-09-23,Girona,Mallorca,1592.44,1484.69,0.7678,H,H,1.0
2023-09-23,Bayern Munich,Bochum,1745.26,1433.23,0.9147,H,H,1.0
2023-09-23,Man City,Nott'm Forest,1872.08,1481.52,0.944,H,H,1.0
2023-09-23,Almeria,Valencia,1384.71,1501.63,0.4757,D,A,
2023-09-23,Luton,Wolves,1432.45,1438.43,0.6321,D,H,
2023-09-23,Nantes,Lorient,1427.14,1527.92,0.4989,H,A,0.0
2023-09-23,Brest,Lyon,1590.34,1552.82,0.6882,H,H,1.0
2023-09-23,Milan,Verona,1729.96,1457.09,0.8953,H,H,1.0
2023-09-23,Sassuolo,Juventus,1459.96,1703.78,0.3041,H,A,0.0
2023-09-23,Lazio,Monza,1658.84,1553.06,0.7658,D,H,
2023-09-23,Werder Bremen,FC Koln,1374.68,1444.78,0.5429,H,H,1.0
2023-09-23,Crystal Palace,Fulham,1519.22,1515.79,0.6446,D,H,
2023-09-23,Burnley,Man United,1377.24,1617.97,0.3079,A,A,1.0
2023-09-23,Brentford,Everton,1612.97,1383.03,0.8698,A,H,0.0
2023-09-24,Paris SG,Marseille,1716.36,1638.56,0.7357,H,H,1.0
2023-09-24,Metz,Strasbourg,1447.54,1523.26,0.5349,A,H,0.0
2023-09-24,Leverkusen,Heidenheim,1640.38,1479.8,0.8176,H,H,1.0
2023-09-24,Lens,Toulouse,1661.18,1521.48,0.799,H,H,1.0
2023-09-24,Montpellier,Rennes,1539.03,1644.5,0.4921,D,A,
2023-09-24,Ein Frankfurt,Freiburg,1535.78,1551.59,0.6189,D,H,
2023-09-24,Empoli,Inter,1417.56,1770.55,0.189,A,A,1.0
2023-09-24,Le Havre,Clermont,1521.86,1477.83,0.6962,H,H,1.0
2023-09-24,Atalanta,Cagliari,1603.43,1374.39,0.8692,H,H,1.0
2023-09-24,Torino,Roma,1587.47,1558.8,0.6771,D,H,
2023-09-24,Udinese,Fiorentina,1455.25,1634.37,0.3881,A,A,1.0
2023-09-24,Sociedad,Getafe,1639.52,1487.97,0.8097,H,H,1.0
2023-09-24,Vallecano,Villarreal,1482.07,1571.18,0.5157,D,H,
2023-09-24,Betis,Cadiz,1576.79,1474.96,0.7617,D,H,
2023-09-24,Las Palmas,Granada,1457.41,1377.85,0.7376,H,H,1.0
2023-09-24,Ath Madrid,Real Madrid,1711.55,1741.06,0.6001,H,H,1.0
2023-09-24,Arsenal,Tottenham,1742.67,1630.52,0.7723,D,H,
2023-09-24,Bologna,Napoli,1584.88,1763.17,0.3892,D,A,
2023-09-24,Chelsea,Aston Villa,1455.08,1641.82,0.3777,A,A,1.0
2023-09-24,Liverpool,West Ham,1762.44,1545.49,0.8611,H,H,1.0
2023-09-24,Sheffield United,Newcastle,1290.87,1654.18,0.1801,A,A,1.0
2023-09-24,Brighton,Bournemouth,1647.16,1400.81,0.8801,H,H,1.0
2023-09-26,Sevilla,Almeria,1486.74,1385.49,0.7611,H,H,1.0
2023-09-26,Mallorca,Barcelona,1473.71,1759.36,0.2557,D,A,
2023-09-26,Lille,Reims,1641.14,1529.07,0.7722,A,H,0.0
2023-09-26,Juventus,Lecce,1670.89,1511.24,0.8168,H,H,1.0
2023-09-27,Valencia,Sociedad,1500.85,1647.44,0.4334,A,A,1.0
2023-09-27,Ath Bilbao,Getafe,1560.46,1480.04,0.7386,D,H,
2023-09-27,Real Madrid,Las Palmas,1722.16,1468.34,0.8846,H,H,1.0
2023-09-27,Villarreal,Girona,1571.68,1603.42,0.597,A,H,0.0
2023-09-27,Cadiz,Vallecano,1483.33,1481.57,0.6424,D,H,
2023-09-27,Verona,Atalanta,1452.73,1609.61,0.4189,A,A,1.0
2023-09-27,Lazio,Torino,1650.33,1581.8,0.7252,H,H,1.0
2023-09-27,Napoli,Udinese,1759.63,1436.91,0.9193,H,H,1.0
2023-09-27,Empoli,Salernitana,1409.69,1450.83,0.5839,H,H,1.0
2023-09-27,Cagliari,Milan,1368.2,1734.32,0.1777,A,A,1.0
2023-09-27,Inter,Sassuolo,1778.42,1492.86,0.902,A,H,0.0
2023-09-28,Monza,Bologna,1561.57,1588.42,0.6037,D,H,
2023-09-28,Osasuna,Ath Madrid,1488.72,1730.46,0.3066,A,A,1.0
2023-09-28,Granada,Betis,1366.92,1568.42,0.358,D,A,
2023-09-28,Celta,Alaves,1423.4,1346.96,0.7341,D,H,
2023-09-28,Genoa,Roma,1394.44,1564.47,0.4006,H,A,0.0
2023-09-28,Frosinone,Fiorentina,1529.11,1652.71,0.4661,D,A,
2023-09-29,Barcelona,Sevilla,1751.55,1499.73,0.8834,H,H,1.0
2023-09-29,Strasbourg,Lens,1545.52,1669.55,0.4655,A,A,1.0
2023-09-29,Hoffenheim,Dortmund,1539.82,1736.54,0.3643,A,A,1.0
2023-09-30,Clermont,Paris SG,1465.18,1730.73,0.2783,D,A,
2023-09-30,Monaco,Marseille,1606.93,1624.19,0.6169,H,H,1.0
2023-09-30,Wolves,Man City,1442.66,1874.73,0.1288,H,A,0.0
2023-09-30,Salernitana,Inter,1433.5,1740.87,0.2326,A,A,1.0
2023-09-30,Aston Villa,Brighton,1657.55,1652.82,0.6463,H,H,1.0
2023-09-30,Bournemouth,Arsenal,1395.15,1733.96,0.2019,A,A,1.0
2023-09-30,Everton,Luton,1424.14,1428.22,0.6346,A,H,0.0
2023-09-30,Man United,Crystal Palace,1630.79,1514.6,0.7763,A,H,0.0
2023-09-30,Newcastle,Burnley,1665.44,1364.42,0.9096,H,H,1.0
2023-09-30,West Ham,Sheffield United,1538.93,1279.61,0.8878,H,H,1.0
2023-09-30,Tottenham,Liverpool,1639.23,1769.01,0.4573,H,A,0.0
2023-09-30,Milan,Lazio,1742.72,1663.32,0.7374,H,H,1.0
2023-09-30,Lecce,Napoli,1503.61,1763.76,0.2846,A,A,1.0
2023-09-30,Vallecano,Mallorca,1486.12,1481.53,0.6461,D,H,
2023-09-30,Heidenheim,Union Berlin,1470.45,1556.71,0.5198,H,H,1.0
2023-09-30,Mainz,Leverkusen,1406.16,1649.73,0.3044,A,A,1.0
2023-09-30,Wolfsburg,Ein Frankfurt,1557.36,1531.98,0.673,H,H,1.0
2023-09-30,RB Leipzig,Bayern Munich,1724.1,1750.46,0.6044,D,H,
2023-09-30,FC Koln,Stuttgart,1425.75,1530.3,0.4934,A,A,1.0
2023-09-30,Getafe,Villarreal,1487.68,1546.82,0.5585,D,H,
2023-09-30,Bochum,M'gladbach,1428.03,1447.65,0.6137,A,H,0.0
2023-09-30,Girona,Real Madrid,1628.27,1727.61,0.501,A,H,0.0
2023-09-30,Sociedad,Ath Bilbao,1665.48,1552.83,0.7728,H,H,1.0
2023-10-01,Darmstadt,Werder Bremen,1435.77,1393.71,0.6938,H,H,1.0
2023-10-01,Freiburg,Augsburg,1555.39,1393.2,0.819,H,H,1.0
2023-10-01,Bologna,Empoli,1591.74,1427.01,0.8211,H,H,1.0
2023-10-01,Udinese,Genoa,1432.77,1425.17,0.6501,D,H,
2023-10-01,Atalanta,Juventus,1627.05,1678.52,0.5694,D,H,
2023-10-01,Roma,Frosinone,1533.74,1530.19,0.6448,H,H,1.0
2023-10-01,Alaves,Osasuna,1354.46,1474.23,0.4716,A,A,1.0
2023-10-01,Betis,Valencia,1563.87,1482.81,0.7393,H,H,1.0
2023-10-01,Lorient,Montpellier,1504.23,1539.29,0.5924,A,H,0.0
2023-10-01,Toulouse,Metz,1513.11,1425.27,0.7467,H,H,1.0
2023-10-01,Nice,Brest,1680.35,1603.32,0.7348,D,H,
2023-10-01,Le Havre,Lille,1534.51,1608.99,0.5367,A,H,0.0
2023-10-01,Nott'm Forest,Brentford,1478.87,1571.85,0.5101,D,H,
2023-10-01,Ath Madrid,Cadiz,1744.95,1478.77,0.8917,H,H,1.0
2023-10-01,Reims,Lyon,1561.22,1539.84,0.6679,H,H,1.0
2023-10-01,Rennes,Nantes,1644.25,1450.82,0.8441,H,H,1.0
2023-10-01,Almeria,Granada,1372.5,1371.47,0.6414,D,H,
2023-10-02,Torino,Verona,1568.81,1435.29,0.7932,D,H,
2023-10-02,Fiorentina,Cagliari,1651.62,1359.8,0.9051,H,H,1.0
2023-10-02,Fulham,Chelsea,1520.42,1439.35,0.7393,A,H,0.0
2023-10-02,Las Palmas,Celta,1462.88,1415.91,0.6997,H,H,1.0
2023-10-02,Sassuolo,Monza,1530.41,1558.25,0.6024,A,H,0.0
2023-10-03,Luton,Burnley,1454.64,1360.15,0.7539,A,H,0.0
2023-10-06,Strasbourg,Nantes,1526.14,1443.46,0.7411,A,H,0.0
2023-10-06,Empoli,Udinese,1417.84,1427.97,0.6265,D,H,
2023-10-06,Lecce,Sassuolo,1488.14,1505.33,0.617,D,H,
2023-10-06,M'gladbach,Mainz,1476.65,1390.55,0.7448,D,H,
2023-10-06,Ath Bilbao,Almeria,1541.18,1367.97,0.8282,H,H,1.0
2023-10-07,Augsburg,Darmstadt,1384.64,1450.25,0.5493,A,H,0.0
2023-10-07,RB Leipzig,Bochum,1720.75,1399.02,0.9189,D,H,
2023-10-07,Stuttgart,Wolfsburg,1553.63,1572.82,0.6142,H,H,1.0
2023-10-07,Werder Bremen,Hoffenheim,1379.23,1522.6,0.4379,A,A,1.0
2023-10-07,Crystal Palace,Nott'm Forest,1546.92,1478.54,0.725,D,H,
2023-10-07,Man United,Brentford,1598.46,1572.18,0.6741,H,H,1.0
2023-10-07,Fulham,Sheffield United,1485.48,1274.31,0.8571,H,H,1.0
2023-10-07,Everton,Bournemouth,1397.72,1384.17,0.6578,H,H,1.0
2023-10-07,Burnley,Chelsea,1391.54,1474.3,0.5248,A,H,0.0
2023-10-07,Luton,Tottenham,1423.26,1661.83,0.3105,A,A,1.0
2023-10-07,Sevilla,Vallecano,1494.87,1481.45,0.6577,D,H,
2023-10-07,Dortmund,Union Berlin,1753.76,1536.72,0.8612,H,H,1.0
2023-10-07,Metz,Nice,1412.29,1672.84,0.2841,A,A,1.0
2023-10-07,Inter,Bologna,1753.52,1600.91,0.8106,D,H,
2023-10-07,Juventus,Torino,1680.74,1559.42,0.7814,H,H,1.0
2023-10-07,Genoa,Milan,1429.97,1755.13,0.2148,A,A,1.0
2023-10-07,Reims,Monaco,1576.92,1622.88,0.5771,A,H,0.0
2023-10-07,Real Madrid,Osasuna,1753.29,1496.52,0.8863,H,H,1.0
2023-10-07,Cadiz,Girona,1474.26,1602.59,0.4593,A,A,1.0
2023-10-07,Mallorca,Valencia,1486.21,1469.45,0.662,D,H,
2023-10-08,Alaves,Betis,1332.16,1577.24,0.3026,D,A,
2023-10-08,Marseille,Le Havre,1608.23,1509.15,0.7588,H,H,1.0
2023-10-08,Brest,Toulouse,1610.84,1526.1,0.7434,D,H,
2023-10-08,Lyon,Lorient,1524.14,1473.86,0.7037,D,H,
2023-10-08,Napoli,Fiorentina,1779.23,1656.49,0.7828,A,H,0.0
2023-10-08,Granada,Barcelona,1375.99,1756.4,0.166,D,A,
2023-10-08,Celta,Getafe,1403.41,1485.81,0.5253,D,H,
2023-10-08,Leverkusen,FC Koln,1665.34,1402.42,0.8898,H,H,1.0
2023-10-08,Wolves,Aston Villa,1478.93,1677.67,0.3616,D,A,
2023-10-08,Brighton,Liverpool,1632.7,1746.41,0.4803,D,A,
2023-10-08,Cagliari,Roma,1354.94,1550.53,0.3658,A,A,1.0
2023-10-08,Lazio,Atalanta,1650.91,1624.83,0.6739,H,H,1.0
2023-10-08,Frosinone,Verona,1513.4,1444.67,0.7254,H,H,1.0
2023-10-08,Monza,Salernitana,1583.33,1420.86,0.8192,H,H,1.0
2023-10-08,Ath Madrid,Sociedad,1749.46,1677.13,0.7295,H,H,1.0
2023-10-08,Villarreal,Las Palmas,1548.7,1475.38,0.7306,A,H,0.0
2023-10-08,Bayern Munich,Freiburg,1753.8,1563.95,0.8414,H,H,1.0
2023-10-08,Rennes,Paris SG,1651.61,1723.63,0.5402,A,H,0.0
2023-10-08,Lens,Lille,1688.93,1634.36,0.7088,D,H,
2023-10-08,Arsenal,Man City,1744.93,1838.46,0.5093,H,H,1.0
2023-10-08,Ein Frankfurt,Heidenheim,1516.52,1490.44,0.6739,H,H,1.0
2023-10-08,West Ham,Newcastle,1544.23,1669.72,0.4634,D,A,
2023-10-20,Osasuna,Granada,1490.34,1386.68,0.7636,H,H,1.0
2023-10-20,Dortmund,Werder Bremen,1760.32,1361.0,0.9466,H,H,1.0
2023-10-20,Le Havre,Lens,1496.78,1682.24,0.3794,D,A,
2023-10-21,Darmstadt,RB Leipzig,1473.12,1707.35,0.3159,A,A,1.0
2023-10-21,Verona,Napoli,1433.24,1742.23,0.2309,A,A,1.0
2023-10-21,Sheffield United,Man United,1267.55,1612.03,0.1967,A,A,1.0
2023-10-21,Freiburg,Bochum,1555.81,1412.43,0.8023,H,H,1.0
2023-10-21,Celta,Ath Madrid,1402.6,1760.72,0.1845,A,A,1.0
2023-10-21,Sassuolo,Lazio,1509.07,1664.49,0.4209,A,A,1.0
2023-10-21,Chelsea,Arsenal,1501.2,1765.36,0.2799,D,A,
2023-10-21,Hoffenheim,Ein Frankfurt,1540.83,1531.94,0.6518,A,H,0.0
2023-10-21,Sociedad,Mallorca,1665.87,1481.03,0.8375,H,H,1.0
2023-10-21,Wolfsburg,Leverkusen,1554.59,1670.98,0.4764,A,A,1.0
2023-10-21,Liverpool,Everton,1745.78,1415.26,0.9226,H,H,1.0
2023-10-21,Bournemouth,Wolves,1366.63,1483.35,0.476,A,A,1.0
2023-10-21,Brentford,Burnley,1558.61,1364.63,0.8445,H,H,1.0
2023-10-21,Man City,Brighton,1818.03,1633.33,0.8374,H,H,1.0
2023-10-21,Newcastle,Crystal Palace,1668.54,1539.72,0.7887,H,H,1.0
2023-10-21,Nott'm Forest,Luton,1485.74,1410.33,0.733,D,H,
2023-10-21,Union Berlin,Stuttgart,1530.15,1571.86,0.5831,A,H,0.0
2023-10-21,Torino,Inter,1549.09,1743.58,0.3673,A,A,1.0
2023-10-21,Sevilla,Real Madrid,1489.83,1759.47,0.2736,D,A,
2023-10-21,Paris SG,Strasbourg,1749.17,1495.29,0.8846,H,H,1.0
2023-10-21,Nice,Marseille,1684.67,1620.6,0.72,H,H,1.0
2023-10-21,Mainz,Bayern Munich,1398.39,1761.93,0.1799,A,A,1.0
2023-10-21,Getafe,Betis,1486.62,1570.92,0.5226,D,H,
2023-10-22,Salernitana,Cagliari,1411.59,1336.19,0.733,D,H,
2023-10-22,Bologna,Frosinone,1610.85,1524.83,0.7448,H,H,1.0
2023-10-22,Barcelona,Ath Bilbao,1745.71,1549.99,0.8458,H,H,1.0
2023-10-22,Heidenheim,Augsburg,1475.03,1361.77,0.7734,A,H,0.0
2023-10-22,Girona,Almeria,1621.71,1359.16,0.8896,H,H,1.0
2023-10-22,Las Palmas,Vallecano,1505.8,1486.49,0.6653,A,H,0.0
2023-10-22,FC Koln,M'gladbach,1396.78,1468.82,0.5401,H,H,1.0
2023-10-22,Atalanta,Genoa,1611.25,1421.03,0.8417,H,H,1.0
2023-10-22,Villarreal,Alaves,1518.28,1338.48,0.8335,D,H,
2023-10-22,Milan,Juventus,1764.07,1691.07,0.7302,A,H,0.0
2023-10-22,Roma,Monza,1569.28,1592.59,0.6086,H,H,1.0
2023-10-22,Monaco,Metz,1650.16,1400.46,0.8822,H,H,1.0
2023-10-22,Toulouse,Reims,1533.88,1549.64,0.6189,D,H,
2023-10-22,Nantes,Montpellier,1474.31,1569.66,0.5067,H,H,1.0
2023-10-22,Lille,Brest,1641.04,1603.05,0.6888,H,H,1.0
2023-10-22,Lorient,Rennes,1480.38,1626.08,0.4346,H,A,0.0
2023-10-22,Aston Villa,West Ham,1673.24,1545.4,0.7878,H,H,1.0
2023-10-22,Lyon,Clermont,1517.62,1472.28,0.6978,A,H,0.0
2023-10-23,Valencia,Cadiz,1474.63,1455.14,0.6655,H,H,1.0
2023-10-23,Fiorentina,Empoli,1693.49,1413.79,0.899,A,H,0.0
2023-10-23,Udinese,Lecce,1432.02,1484.4,0.5681,D,H,
2023-10-23,Tottenham,Fulham,1674.76,1492.23,0.8357,H,H,1.0
2023-10-27,Crystal Palace,Tottenham,1528.23,1682.52,0.4225,A,A,1.0
2023-10-27,Girona,Celta,1627.37,1393.14,0.8726,H,H,1.0
2023-10-27,Bochum,Mainz,1404.2,1389.88,0.6588,D,H,
2023-10-27,Clermont,Nice,1501.33,1696.32,0.3666,A,A,1.0
2023-10-27,Genoa,Salernitana,1413.54,1404.13,0.6524,H,H,1.0
2023-10-28,Bayern Munich,Darmstadt,1770.44,1458.19,0.9148,H,H,1.0
2023-10-28,Stuttgart,Hoffenheim,1601.76,1510.03,0.7509,A,H,0.0
2023-10-28,Werder Bremen,Union Berlin,1358.78,1500.26,0.4406,H,A,0.0
2023-10-28,RB Leipzig,FC Koln,1722.28,1418.51,0.9109,H,H,1.0
2023-10-28,Almeria,Las Palmas,1353.51,1478.1,0.4647,A,A,1.0
2023-10-28,Barcelona,Real Madrid,1752.13,1752.23,0.6399,A,H,0.0
2023-10-28,Mallorca,Getafe,1474.26,1485.89,0.6245,D,H,
2023-10-28,Cadiz,Sevilla,1439.33,1497.07,0.5605,D,H,
2023-10-28,Augsburg,Wolfsburg,1401.42,1534.75,0.4522,H,A,0.0
2023-10-28,M'gladbach,Heidenheim,1447.08,1435.38,0.6554,H,H,1.0
2023-10-28,Juventus,Verona,1721.47,1422.32,0.9087,H,H,1.0
2023-10-28,Lens,Nantes,1678.39,1497.63,0.8343,H,H,1.0
2023-10-28,Lecce,Torino,1486.57,1530.26,0.5803,A,H,0.0
2023-10-28,Sassuolo,Bologna,1489.18,1621.48,0.4536,D,A,
2023-10-28,Reims,Lorient,1553.44,1503.92,0.7028,H,H,1.0
2023-10-28,Wolves,Newcastle,1503.17,1680.03,0.3912,D,A,
2023-10-28,Bournemouth,Burnley,1346.82,1356.66,0.6269,H,H,1.0
2023-10-28,Chelsea,Brentford,1508.24,1566.58,0.5597,A,H,0.0
2023-10-28,Arsenal,Sheffield United,1758.32,1259.36,0.9692,H,H,1.0
2023-10-29,Montpellier,Toulouse,1546.34,1530.08,0.6613,H,H,1.0
2023-10-29,Leverkusen,Freiburg,1690.82,1564.04,0.7867,H,H,1.0
2023-10-29,Ein Frankfurt,Dortmund,1562.75,1762.55,0.3602,D,A,
2023-10-29,Napoli,Milan,1753.15,1733.67,0.6655,D,H,
2023-10-29,Inter,Roma,1762.4,1585.58,0.8311,H,H,1.0
2023-10-29,Ath Madrid,Alaves,1770.18,1349.15,0.9525,H,H,1.0
2023-10-29,Ath Bilbao,Valencia,1543.57,1490.44,0.7071,D,H,
2023-10-29,Rennes,Strasbourg,1602.54,1489.38,0.7733,D,H,
2023-10-29,Betis,Osasuna,1571.64,1501.51,0.727,H,H,1.0
2023-10-29,Brest,Paris SG,1590.09,1755.08,0.4075,A,A,1.0
2023-10-29,Vallecano,Sociedad,1514.19,1672.63,0.4167,D,A,
2023-10-29,Lille,Monaco,1654.0,1655.07,0.6386,H,H,1.0
2023-10-29,Man United,Man City,1620.22,1824.8,0.3539,A,A,1.0
2023-10-29,Liverpool,Nott'm Forest,1749.44,1478.29,0.8944,H,H,1.0
2023-10-29,Brighton,Fulham,1626.56,1484.46,0.8012,D,H,
2023-10-29,Aston Villa,Luton,1684.12,1417.78,0.8918,H,H,1.0
2023-10-29,West Ham,Everton,1534.52,1411.6,0.783,A,H,0.0
2023-10-29,Metz,Le Havre,1395.56,1500.64,0.4927,D,A,
2023-10-29,Cagliari,Frosinone,1343.64,1514.21,0.3998,H,A,0.0
2023-10-29,Monza,Udinese,1576.3,1429.84,0.8051,D,H,
2023-10-30,Granada,Villarreal,1375.51,1507.61,0.4539,A,A,1.0
2023-10-30,Empoli,Atalanta,1456.28,1618.74,0.4111,A,A,1.0
2023-10-30,Lazio,Fiorentina,1684.39,1651.0,0.6831,H,H,1.0
2023-11-03,Bologna,Lazio,1620.0,1697.58,0.5322,H,H,1.0
2023-11-03,Darmstadt,Bochum,1452.86,1399.12,0.7079,A,H,0.0
2023-11-03,Las Palmas,Ath Madrid,1497.45,1772.16,0.2678,H,A,0.0
2023-11-03,Paris SG,Montpellier,1772.05,1563.7,0.8551,H,H,1.0
2023-11-04,Hoffenheim,Leverkusen,1541.29,1699.7,0.4167,A,A,1.0
2023-11-04,Sociedad,Barcelona,1669.97,1725.49,0.5637,A,H,0.0
2023-11-04,Newcastle,Arsenal,1676.55,1760.07,0.5237,H,H,1.0
2023-11-04,Man City,Bournemouth,1842.94,1362.35,0.9658,H,H,1.0
2023-11-04,Everton,Brighton,1444.2,1616.92,0.3969,D,A,
2023-11-04,Burnley,Crystal Palace,1341.13,1510.64,0.4013,A,A,1.0
2023-11-04,Brentford,West Ham,1593.03,1501.92,0.7503,H,H,1.0
2023-11-04,Fulham,Man United,1494.1,1602.08,0.4885,A,A,1.0
2023-11-04,Marseille,Lille,1608.94,1671.08,0.5543,D,H,
2023-11-04,Lorient,Lens,1491.55,1687.4,0.3655,D,A,
2023-11-04,Milan,Udinese,1738.97,1439.6,0.9088,A,H,0.0
2023-11-04,Atalanta,Inter,1639.81,1769.44,0.4575,A,A,1.0
2023-11-04,Salernitana,Napoli,1389.66,1747.85,0.1845,A,A,1.0
2023-11-04,Mainz,RB Leipzig,1394.97,1727.54,0.2077,H,A,0.0
2023-11-04,Celta,Sevilla,1387.83,1499.01,0.4839,D,A,
2023-11-04,Betis,Mallorca,1583.01,1470.28,0.7729,H,H,1.0
2023-11-04,Sheffield United,Wolves,1257.61,1506.65,0.2978,H,A,0.0
2023-11-04,Freiburg,M'gladbach,1555.17,1461.43,0.7531,D,H,
2023-11-04,Dortmund,Bayern Munich,1758.08,1775.77,0.6163,A,H,0.0
2023-11-04,Union Berlin,Ein Frankfurt,1473.82,1567.22,0.5095,A,H,0.0
2023-11-04,FC Koln,Augsburg,1413.25,1424.23,0.6254,D,H,
2023-11-04,Osasuna,Girona,1490.15,1632.68,0.4391,A,A,1.0
2023-11-05,Fiorentina,Juventus,1637.8,1725.27,0.518,A,H,0.0
2023-11-05,Strasbourg,Clermont,1498.12,1486.07,0.6559,D,H,
2023-11-05,Toulouse,Le Havre,1512.72,1500.4,0.6562,A,H,0.0
2023-11-05,Nott'm Forest,Aston Villa,1472.87,1689.24,0.3385,H,A,0.0
2023-11-05,Luton,Liverpool,1412.67,1754.85,0.1987,D,A,
2023-11-05,Alaves,Almeria,1347.18,1334.16,0.6571,H,H,1.0
2023-11-05,Monaco,Brest,1637.99,1573.12,0.7209,H,H,1.0
2023-11-05,Nice,Rennes,1711.59,1593.8,0.7779,H,H,1.0
2023-11-05,Roma,Lecce,1578.55,1462.41,0.7763,H,H,1.0
2023-11-05,Cagliari,Genoa,1368.63,1428.01,0.5582,H,H,1.0
2023-11-05,Verona,Monza,1418.52,1566.54,0.4313,A,A,1.0
2023-11-05,Heidenheim,Stuttgart,1421.03,1570.49,0.4293,H,A,0.0
2023-11-05,Wolfsburg,Werder Bremen,1511.94,1385.22,0.7867,D,H,
2023-11-05,Valencia,Granada,1497.07,1356.61,0.7997,H,H,1.0
2023-11-05,Villarreal,Ath Bilbao,1526.51,1536.94,0.6261,A,H,0.0
2023-11-05,Real Madrid,Vallecano,1778.87,1516.85,0.8893,D,H,
2023-11-05,Lyon,Metz,1488.57,1395.79,0.7521,D,H,
2023-11-05,Nantes,Reims,1488.62,1565.81,0.5328,A,H,0.0
2023-11-06,Getafe,Cadiz,1489.88,1437.39,0.7064,H,H,1.0
2023-11-06,Torino,Sassuolo,1554.42,1490.66,0.7196,H,H,1.0
2023-11-06,Frosinone,Empoli,1489.22,1435.21,0.7082,H,H,1.0
2023-11-06,Tottenham,Chelsea,1700.11,1481.79,0.862,A,H,0.0
2023-11-10,Montpellier,Nice,1556.27,1722.08,0.4064,D,A,
2023-11-10,M'gladbach,Wolfsburg,1469.53,1502.77,0.5949,H,H,1.0
2023-11-10,Ath Bilbao,Celta,1563.01,1388.35,0.8294,H,H,1.0
2023-11-10,Sassuolo,Salernitana,1478.99,1380.94,0.7577,D,H,
2023-11-10,Genoa,Verona,1409.62,1398.13,0.6552,H,H,1.0
2023-11-11,Almeria,Sociedad,1319.89,1646.5,0.2134,A,A,1.0
2023-11-11,Granada,Getafe,1348.27,1502.1,0.4231,D,A,
2023-11-11,Osasuna,Las Palmas,1469.39,1527.93,0.5594,D,H,
2023-11-11,Real Madrid,Valencia,1766.41,1505.41,0.8888,H,H,1.0
2023-11-11,Monza,Torino,1586.92,1566.1,0.6672,D,H,
2023-11-11,Juventus,Cagliari,1746.84,1387.02,0.9338,H,H,1.0
2023-11-11,Lecce,Milan,1453.1,1701.13,0.299,D,A,
2023-11-11,Bournemouth,Newcastle,1360.41,1696.38,0.2045,H,A,0.0
2023-11-11,Le Havre,Monaco,1527.73,1651.18,0.4663,D,A,
2023-11-11,Crystal Palace,Everton,1529.61,1447.5,0.7404,A,H,0.0
2023-11-11,Man United,Luton,1622.41,1422.31,0.8491,H,H,1.0
2023-11-11,Wolves,Tottenham,1477.42,1655.92,0.3889,H,A,0.0
2023-11-11,Darmstadt,Mainz,1423.39,1432.42,0.628,D,H,
2023-11-11,Stuttgart,Dortmund,1543.52,1724.57,0.3854,H,A,0.0
2023-11-11,Bochum,FC Koln,1428.59,1409.24,0.6653,D,H,
2023-11-11,Arsenal,Burnley,1740.24,1322.16,0.9518,H,H,1.0
2023-11-11,Reims,Paris SG,1587.99,1779.48,0.3713,A,A,1.0
2023-11-11,Bayern Munich,Heidenheim,1809.27,1448.01,0.9343,H,H,1.0
2023-11-11,Augsburg,Hoffenheim,1428.24,1523.94,0.5062,D,H,
2023-11-11,Vallecano,Girona,1529.31,1653.43,0.4653,A,A,1.0
2023-11-12,Napoli,Empoli,1756.57,1423.06,0.9238,A,H,0.0
2023-11-12,Fiorentina,Bologna,1616.24,1639.47,0.6087,H,H,1.0
2023-11-12,Lazio,Roma,1678.11,1587.86,0.7493,D,H,
2023-11-12,Inter,Frosinone,1788.48,1501.37,0.9028,H,H,1.0
2023-11-12,Leverkusen,Union Berlin,1717.05,1447.7,0.8934,H,H,1.0
2023-11-12,RB Leipzig,Freiburg,1690.09,1547.07,0.802,H,H,1.0
2023-11-12,Werder Bremen,Ein Frankfurt,1394.39,1593.34,0.3613,D,A,
2023-11-12,Udinese,Atalanta,1477.44,1620.77,0.438,D,A,
2023-11-12,Barcelona,Alaves,1748.95,1361.45,0.943,H,H,1.0
2023-11-12,Ath Madrid,Villarreal,1741.68,1500.44,0.877,H,H,1.0
2023-11-12,Sevilla,Betis,1498.5,1593.74,0.5068,D,H,
2023-11-12,Chelsea,Man City,1525.98,1844.89,0.221,D,A,
2023-11-12,West Ham,Nott'm Forest,1491.53,1504.14,0.6232,H,H,1.0
2023-11-12,Liverpool,Brentford,1745.21,1603.43,0.8009,H,H,1.0
2023-11-12,Brighton,Sheffield United,1613.62,1286.85,0.9211,D,H,
2023-11-12,Aston Villa,Fulham,1657.97,1473.76,0.837,H,H,1.0
2023-11-12,Lille,Toulouse,1672.82,1485.39,0.8395,D,H,
2023-11-12,Metz,Nantes,1403.86,1466.44,0.5536,H,H,1.0
2023-11-12,Clermont,Lorient,1491.05,1495.85,0.6337,H,H,1.0
2023-11-12,Lens,Marseille,1683.09,1607.21,0.7335,H,H,1.0
2023-11-12,Rennes,Lyon,1583.3,1480.51,0.7627,A,H,0.0
2023-11-24,FC Koln,Bayern Munich,1414.53,1812.38,0.1526,A,A,1.0
2023-11-24,Paris SG,Monaco,1798.51,1650.1,0.8069,H,H,1.0
2023-11-24,Alaves,Granada,1359.08,1350.73,0.6511,H,H,1.0
2023-11-25,Strasbourg,Marseille,1493.13,1596.11,0.4957,D,A,
2023-11-25,Ein Frankfurt,Stuttgart,1588.9,1569.1,0.6659,A,H,0.0
2023-11-25,Newcastle,Chelsea,1658.78,1534.91,0.7839,H,H,1.0
2023-11-25,Nott'm Forest,Brighton,1488.45,1600.15,0.4832,A,A,1.0
2023-11-25,Sheffield United,Bournemouth,1300.32,1398.01,0.5033,A,H,0.0
2023-11-25,Brentford,Arsenal,1593.22,1742.52,0.4295,A,A,1.0
2023-11-25,Wolfsburg,RB Leipzig,1480.75,1699.45,0.3355,H,A,0.0
2023-11-25,Werder Bremen,Leverkusen,1398.83,1722.84,0.2159,A,A,1.0
2023-11-25,Union Berlin,Augsburg,1441.9,1428.04,0.6582,D,H,
2023-11-25,Freiburg,Darmstadt,1537.71,1419.29,0.7786,D,H,
2023-11-25,Man City,Liverpool,1835.96,1755.42,0.7387,D,H,
2023-11-25,Milan,Fiorentina,1694.7,1632.53,0.7178,H,H,1.0
2023-11-25,Atalanta,Napoli,1618.78,1718.11,0.501,A,H,0.0
2023-11-25,Salernitana,Lazio,1389.19,1670.13,0.2608,H,A,0.0
2023-11-25,Luton,Crystal Palace,1416.02,1498.78,0.5248,H,H,1.0
2023-11-25,Burnley,West Ham,1319.88,1507.22,0.3769,A,A,1.0
2023-11-25,Clermont,Lens,1506.31,1694.19,0.3762,A,A,1.0
2023-11-25,Ath Madrid,Mallorca,1747.49,1459.54,0.9032,H,H,1.0
2023-11-25,Getafe,Almeria,1499.64,1309.8,0.8414,H,H,1.0
2023-11-25,Valencia,Celta,1499.36,1381.24,0.7783,D,H,
2023-11-25,Vallecano,Barcelona,1509.94,1751.33,0.3071,D,A,
2023-11-25,Dortmund,M'gladbach,1698.98,1491.55,0.8544,H,H,1.0
2023-11-26,Heidenheim,Bochum,1444.9,1423.3,0.6682,D,H,
2023-11-26,Hoffenheim,Mainz,1524.14,1436.51,0.7465,D,H,
2023-11-26,Frosinone,Genoa,1496.77,1423.98,0.73,H,H,1.0
2023-11-26,Everton,Man United,1478.33,1628.7,0.428,A,A,1.0
2023-11-26,Tottenham,Aston Villa,1630.48,1665.68,0.5922,A,H,0.0
2023-11-26,Montpellier,Brest,1559.27,1559.93,0.6392,A,H,0.0
2023-11-26,Nantes,Le Havre,1445.34,1528.8,0.5238,D,H,
2023-11-26,Juventus,Inter,1749.6,1793.08,0.5806,D,H,
2023-11-26,Roma,Udinese,1595.84,1479.42,0.7766,H,H,1.0
2023-11-26,Empoli,Sassuolo,1461.52,1470.74,0.6277,A,H,0.0
2023-11-26,Cagliari,Monza,1384.27,1581.57,0.3635,D,A,
2023-11-26,Rennes,Reims,1551.55,1568.96,0.6167,H,H,1.0
2023-11-26,Lyon,Lille,1512.26,1661.95,0.429,A,A,1.0
2023-11-26,Betis,Las Palmas,1593.96,1529.83,0.7201,H,H,1.0
2023-11-26,Cadiz,Real Madrid,1425.17,1772.46,0.1941,A,A,1.0
2023-11-26,Sociedad,Sevilla,1656.59,1498.28,0.8156,H,H,1.0
2023-11-26,Villarreal,Osasuna,1494.63,1467.49,0.6752,H,H,1.0
2023-11-26,Lorient,Metz,1480.6,1424.95,0.7101,A,H,0.0
2023-11-26,Nice,Toulouse,1719.09,1496.26,0.8651,H,H,1.0
2023-11-27,Bologna,Torino,1623.18,1571.45,0.7055,H,H,1.0
2023-11-27,Verona,Lecce,1383.78,1459.53,0.5348,D,H,
2023-11-27,Girona,Ath Bilbao,1672.81,1570.12,0.7626,D,H,
2023-11-27,Fulham,Wolves,1466.06,1502.86,0.59,H,H,1.0
2023-11-29,Mallorca,Cadiz,1455.51,1415.22,0.6916,D,H,
2023-11-29,Montpellier,Clermont,1529.05,1487.02,0.6937,D,H,
2023-12-01,Monza,Juventus,1577.21,1747.02,0.4009,A,A,1.0
2023-12-01,Reims,Strasbourg,1550.84,1493.27,0.7124,H,H,1.0
2023-12-01,Darmstadt,FC Koln,1428.2,1408.17,0.6662,A,H,0.0
2023-12-01,Las Palmas,Getafe,1518.18,1506.25,0.6557,H,H,1.0
2023-12-02,M'gladbach,Hoffenheim,1484.67,1516.25,0.5972,H,H,1.0
2023-12-02,Genoa,Empoli,1412.74,1435.39,0.6095,D,H,
2023-12-02,Arsenal,Wolves,1760.41,1485.79,0.8963,H,H,1.0
2023-12-02,Brentford,Luton,1575.34,1435.81,0.7988,H,H,1.0
2023-12-02,Burnley,Sheffield United,1304.19,1276.53,0.6759,H,H,1.0
2023-12-02,Nott'm Forest,Everton,1468.34,1456.39,0.6558,A,H,0.0
2023-12-02,Newcastle,Man United,1669.85,1650.64,0.6651,H,H,1.0
2023-12-02,Bochum,Wolfsburg,1428.68,1508.41,0.5291,H,H,1.0
2023-12-02,Nantes,Nice,1444.58,1724.7,0.2617,H,A,0.0
2023-12-02,Lens,Lyon,1713.47,1491.98,0.8642,H,H,1.0
2023-12-02,Osasuna,Sociedad,1452.14,1664.26,0.344,D,A,
2023-12-02,Real Madrid,Granada,1782.41,1334.23,0.9591,H,H,1.0
2023-12-02,Ath Bilbao,Vallecano,1578.52,1516.11,0.7181,H,H,1.0
2023-12-02,Girona,Valencia,1664.4,1490.46,0.8288,H,H,1.0
2023-12-02,Lazio,Cagliari,1639.35,1388.64,0.8828,H,H,1.0
2023-12-02,Milan,Frosinone,1706.45,1508.01,0.8479,H,H,1.0
2023-12-02,Stuttgart,Werder Bremen,1596.82,1387.76,0.8556,H,H,1.0
2023-12-02,RB Leipzig,Heidenheim,1671.79,1439.52,0.8713,H,H,1.0
2023-12-03,Fiorentina,Salernitana,1620.78,1419.96,0.8496,H,H,1.0
2023-12-03,Udinese,Verona,1468.86,1382.66,0.745,D,H,
2023-12-03,Chelsea,Brighton,1523.84,1620.26,0.5051,H,H,1.0
2023-12-03,Lecce,Bologna,1460.65,1637.1,0.3917,D,A,
2023-12-03,Augsburg,Ein Frankfurt,1433.1,1561.18,0.4597,H,A,0.0
2023-12-03,Man City,Tottenham,1828.32,1605.82,0.8649,D,H,
2023-12-03,West Ham,Crystal Palace,1522.91,1479.0,0.696,D,H,
2023-12-03,Marseille,Rennes,1595.97,1569.67,0.6742,H,H,1.0
2023-12-03,Lille,Metz,1682.23,1454.52,0.8683,H,H,1.0
2023-12-03,Toulouse,Lorient,1490.64,1451.04,0.6908,D,H,
2023-12-03,Monaco,Montpellier,1640.2,1522.85,0.7775,H,H,1.0
2023-12-03,Brest,Clermont,1590.15,1493.22,0.7565,H,H,1.0
2023-12-03,Le Havre,Paris SG,1529.56,1808.41,0.2632,A,A,1.0
2023-12-03,Liverpool,Fulham,1763.06,1483.13,0.8991,H,H,1.0
2023-12-03,Sassuolo,Roma,1496.88,1606.4,0.4863,A,A,1.0
2023-12-03,Napoli,Inter,1738.97,1795.66,0.562,A,H,0.0
2023-12-03,Bournemouth,Aston Villa,1421.8,1690.33,0.2749,D,A,
2023-12-03,Almeria,Betis,1303.2,1605.62,0.2377,D,A,
2023-12-03,Barcelona,Ath Madrid,1745.15,1751.52,0.6316,H,H,1.0
2023-12-03,Sevilla,Villarreal,1490.6,1509.98,0.614,D,H,
2023-12-03,Mallorca,Alaves,1449.38,1375.57,0.7312,D,H,
2023-12-03,Leverkusen,Dortmund,1733.91,1705.86,0.6764,D,H,
2023-12-03,Mainz,Freiburg,1444.4,1528.79,0.5224,A,H,0.0
2023-12-04,Torino,Atalanta,1557.53,1597.93,0.5849,H,H,1.0
2023-12-04,Celta,Cadiz,1390.15,1421.35,0.5977,D,H,
2023-12-05,Wolves,Burnley,1481.47,1322.63,0.8161,H,H,1.0
2023-12-05,Luton,Arsenal,1426.3,1764.72,0.2022,A,A,1.0
2023-12-06,Brighton,Brentford,1599.66,1584.85,0.6595,H,H,1.0
2023-12-06,Marseille,Lyon,1611.38,1486.33,0.7851,H,H,1.0
2023-12-06,Fulham,Nott'm Forest,1478.93,1441.03,0.6886,H,H,1.0
2023-12-06,Sheffield United,Liverpool,1258.09,1767.26,0.0866,A,A,1.0
2023-12-06,Aston Villa,Man City,1683.13,1816.64,0.4519,H,A,0.0
2023-12-06,Man United,Chelsea,1636.7,1544.44,0.7515,H,H,1.0
2023-12-06,Crystal Palace,Bournemouth,1485.27,1429.0,0.7109,A,H,0.0
2023-12-07,Tottenham,West Ham,1617.5,1516.63,0.7607,A,H,0.0
2023-12-07,Brest,Strasbourg,1602.63,1481.3,0.7814,D,H,
2023-12-07,Everton,Newcastle,1483.69,1683.8,0.3598,H,A,0.0
2023-12-08,Getafe,Valencia,1489.97,1483.33,0.6488,H,H,1.0
2023-12-08,Montpellier,Lens,1512.34,1719.12,0.351,D,A,
2023-12-08,Hoffenheim,Bochum,1499.48,1450.94,0.7016,H,H,1.0
2023-12-08,Juventus,Napoli,1763.71,1710.16,0.7076,H,H,1.0
2023-12-09,Crystal Palace,Liverpool,1451.67,1771.36,0.2202,A,A,1.0
2023-12-09,Alaves,Las Palmas,1382.97,1534.45,0.4265,A,A,1.0
2023-12-09,Aston Villa,Arsenal,1705.95,1773.14,0.5471,H,H,1.0
2023-12-09,Wolves,Nott'm Forest,1489.13,1423.32,0.722,D,H,
2023-12-09,Rennes,Monaco,1554.27,1650.72,0.5051,A,H,0.0
2023-12-09,Paris SG,Nantes,1820.85,1475.31,0.9286,H,H,1.0
2023-12-09,Sheffield United,Brentford,1253.99,1570.67,0.2232,H,A,0.0
2023-12-09,Man United,Bournemouth,1647.04,1462.6,0.8372,A,H,0.0
2023-12-09,Brighton,Burnley,1613.84,1314.98,0.9085,D,H,
2023-12-09,Dortmund,RB Leipzig,1711.51,1677.14,0.6843,A,H,0.0
2023-12-09,Wolfsburg,Freiburg,1486.15,1550.54,0.5511,A,H,0.0
2023-12-09,Union Berlin,M'gladbach,1436.84,1501.44,0.5508,H,H,1.0
2023-12-09,Heidenheim,Darmstadt,1434.16,1400.47,0.6834,H,H,1.0
2023-12-09,Mallorca,Sevilla,1441.98,1486.95,0.5785,H,H,1.0
2023-12-09,Ein Frankfurt,Bayern Munich,1538.69,1818.73,0.2618,H,A,0.0
2023-12-09,Inter,Udinese,1824.47,1461.02,0.9351,H,H,1.0
2023-12-09,Betis,Real Madrid,1597.22,1784.34,0.3772,D,A,
2023-12-09,Villarreal,Sociedad,1513.63,1659.27,0.4347,A,A,1.0
2023-12-09,Verona,Lazio,1390.5,1644.23,0.2921,D,A,
2023-12-09,Werder Bremen,Augsburg,1380.94,1455.6,0.5364,H,H,1.0
2023-12-09,Atalanta,Milan,1576.65,1713.64,0.447,H,A,0.0
2023-12-10,Frosinone,Torino,1500.82,1578.8,0.5316,D,H,
2023-12-10,Tottenham,Newcastle,1585.83,1650.98,0.55,H,H,1.0
2023-12-10,Luton,Man City,1417.88,1793.82,0.1696,A,A,1.0
2023-12-10,Fulham,West Ham,1496.64,1548.3,0.5691,H,H,1.0
2023-12-10,Ath Madrid,Almeria,1736.18,1311.59,0.9535,H,H,1.0
2023-12-10,Everton,Chelsea,1516.51,1534.09,0.6164,H,H,1.0
2023-12-10,Nice,Reims,1693.97,1562.81,0.7909,H,H,1.0
2023-12-10,Strasbourg,Le Havre,1490.3,1517.12,0.6038,H,H,1.0
2023-12-10,Metz,Brest,1448.3,1593.62,0.4351,A,A,1.0
2023-12-10,Lyon,Toulouse,1475.31,1484.54,0.6277,H,H,1.0
2023-12-10,Lorient,Marseille,1457.14,1622.39,0.4072,A,A,1.0
2023-12-10,Barcelona,Girona,1760.49,1671.53,0.748,A,H,0.0
2023-12-10,Roma,Fiorentina,1626.65,1628.49,0.6376,D,H,
2023-12-10,Salernitana,Bologna,1412.25,1633.64,0.3321,A,A,1.0
2023-12-10,Monza,Genoa,1560.52,1409.23,0.8095,H,H,1.0
2023-12-10,FC Koln,Mainz,1435.91,1422.65,0.6575,D,H,
2023-12-10,Stuttgart,Leverkusen,1603.65,1728.27,0.4646,D,A,
2023-12-10,Clermont,Lille,1480.74,1688.45,0.3498,D,A,
2023-12-10,Cadiz,Osasuna,1424.48,1457.13,0.5957,D,H,
2023-12-11,Vallecano,Celta,1500.79,1387.02,0.7739,D,H,
2023-12-11,Empoli,Lecce,1438.89,1464.11,0.606,D,H,
2023-12-11,Cagliari,Sassuolo,1383.75,1476.63,0.5102,H,H,1.0
2023-12-11,Granada,Ath Bilbao,1332.3,1593.85,0.2829,D,A,
2023-12-15,Nott'm Forest,Tottenham,1430.42,1608.9,0.3889,A,A,1.0
2023-12-15,M'gladbach,Werder Bremen,1480.2,1402.85,0.7352,D,H,
2023-12-15,Osasuna,Vallecano,1460.19,1492.02,0.5969,H,H,1.0
2023-12-15,Monaco,Lyon,1671.75,1494.39,0.8315,A,H,0.0
2023-12-15,Genoa,Juventus,1401.3,1775.88,0.1707,D,A,
2023-12-16,Chelsea,Sheffield United,1515.96,1286.33,0.8696,H,H,1.0
2023-12-16,Burnley,Everton,1328.05,1534.64,0.3512,A,A,1.0
2023-12-16,Lens,Reims,1714.36,1554.11,0.8173,H,H,1.0
2023-12-16,Le Havre,Nice,1500.63,1702.67,0.3572,H,A,0.0
2023-12-16,Torino,Empoli,1579.82,1435.5,0.8032,H,H,1.0
2023-12-16,Napoli,Cagliari,1697.98,1404.14,0.9061,H,H,1.0
2023-12-16,Lecce,Frosinone,1467.5,1499.81,0.5962,H,H,1.0
2023-12-16,Celta,Granada,1395.78,1339.25,0.7112,H,H,1.0
2023-12-16,Ath Bilbao,Ath Madrid,1586.9,1738.12,0.4268,H,A,0.0
2023-12-16,Newcastle,Fulham,1627.91,1521.16,0.7668,H,H,1.0
2023-12-16,Augsburg,Dortmund,1433.69,1683.02,0.2974,D,A,
2023-12-16,Bochum,Union Berlin,1436.83,1458.07,0.6114,H,H,1.0
2023-12-16,Darmstadt,Wolfsburg,1387.29,1463.21,0.5346,A,H,0.0
2023-12-16,Mainz,Heidenheim,1427.69,1447.34,0.6136,A,H,0.0
2023-12-16,RB Leipzig,Hoffenheim,1705.63,1513.58,0.8431,H,H,1.0
2023-12-16,Sevilla,Getafe,1469.41,1504.59,0.5922,A,H,0.0
2023-12-16,Valencia,Barcelona,1468.71,1725.14,0.289,D,A,
2023-12-16,Man City,Crystal Palace,1800.89,1442.5,0.9333,D,H,
2023-12-17,Arsenal,Brighton,1754.29,1600.76,0.8114,H,H,1.0
2023-12-17,Lille,Paris SG,1683.64,1823.83,0.4424,D,A,
2023-12-17,Marseille,Clermont,1641.64,1485.55,0.8137,H,H,1.0
2023-12-17,Toulouse,Rennes,1465.45,1533.24,0.5462,D,H,
2023-12-17,Metz,Montpellier,1430.18,1517.11,0.5188,A,H,0.0
2023-12-17,Liverpool,Man United,1780.52,1604.12,0.8308,D,H,
2023-12-17,West Ham,Wolves,1523.79,1482.02,0.6934,H,H,1.0
2023-12-17,Brentford,Aston Villa,1538.33,1724.8,0.3781,A,A,1.0
2023-12-17,Las Palmas,Cadiz,1552.2,1421.41,0.7906,D,H,
2023-12-17,Nantes,Brest,1472.34,1611.74,0.4435,A,A,1.0
2023-12-17,Bayern Munich,Stuttgart,1778.6,1604.78,0.8287,H,H,1.0
2023-12-17,Almeria,Mallorca,1309.65,1459.53,0.4287,D,A,
2023-12-17,Sociedad,Betis,1681.56,1601.15,0.7386,D,H,
2023-12-17,Lorient,Strasbourg,1437.9,1506.8,0.5446,A,H,0.0
2023-12-17,Real Madrid,Villarreal,1780.41,1491.34,0.9038,H,H,1.0
2023-12-17,Freiburg,FC Koln,1573.49,1430.87,0.8016,H,H,1.0
2023-12-17,Leverkusen,Ein Frankfurt,1727.14,1578.82,0.8068,H,H,1.0
2023-12-17,Fiorentina,Verona,1632.89,1397.15,0.8735,H,H,1.0
2023-12-17,Udinese,Sassuolo,1457.5,1456.24,0.6417,D,H,
2023-12-17,Bologna,Roma,1647.46,1622.24,0.6728,H,H,1.0
2023-12-17,Lazio,Inter,1637.58,1828.0,0.3727,A,A,1.0
2023-12-17,Milan,Monza,1690.61,1568.45,0.7823,H,H,1.0
2023-12-18,Girona,Alaves,1706.89,1365.22,0.9271,H,H,1.0
2023-12-18,Atalanta,Salernitana,1599.67,1398.43,0.8499,H,H,1.0
2023-12-19,Werder Bremen,RB Leipzig,1410.37,1713.05,0.2375,D,A,
2023-12-19,Hoffenheim,Darmstadt,1506.17,1365.03,0.8003,D,H,
2023-12-19,Dortmund,Mainz,1676.54,1402.14,0.8962,D,H,
2023-12-19,Granada,Sevilla,1327.22,1439.05,0.483,A,A,1.0
2023-12-19,Ath Madrid,Getafe,1711.03,1534.95,0.8305,D,H,
2023-12-19,Vallecano,Valencia,1475.24,1475.46,0.6398,A,H,0.0
2023-12-20,Ein Frankfurt,M'gladbach,1568.91,1472.68,0.7558,H,H,1.0
2023-12-20,Barcelona,Almeria,1718.38,1311.93,0.9486,H,H,1.0
2023-12-20,Brest,Lorient,1632.7,1415.22,0.8615,H,H,1.0
2023-12-20,Clermont,Rennes,1477.79,1534.72,0.5617,A,H,0.0
2023-12-20,Lyon,Nantes,1529.01,1451.37,0.7355,H,H,1.0
2023-12-20,Montpellier,Marseille,1538.7,1649.4,0.4846,D,A,
2023-12-20,Nice,Lens,1672.29,1722.99,0.5705,H,H,1.0
2023-12-20,Paris SG,Metz,1821.98,1408.58,0.9505,H,H,1.0
2023-12-20,Heidenheim,Freiburg,1472.89,1582.86,0.4857,H,A,0.0
2023-12-20,Reims,Le Havre,1545.47,1531.01,0.659,H,H,1.0
2023-12-20,Toulouse,Monaco,1463.97,1637.13,0.3963,A,A,1.0
2023-12-20,Wolfsburg,Bayern Munich,1485.47,1787.38,0.2382,A,A,1.0
2023-12-20,Stuttgart,Augsburg,1596.0,1440.17,0.8135,H,H,1.0
2023-12-20,Villarreal,Celta,1486.41,1407.81,0.7365,H,H,1.0
2023-12-20,Leverkusen,Bochum,1737.04,1456.75,0.8993,H,H,1.0
2023-12-20,Union Berlin,FC Koln,1438.15,1421.5,0.6618,H,H,1.0
2023-12-20,Strasbourg,Lille,1529.47,1685.49,0.4201,H,A,0.0
2023-12-20,Ath Bilbao,Las Palmas,1613.99,1542.91,0.7281,H,H,1.0
2023-12-21,Cadiz,Sociedad,1430.71,1673.92,0.3048,D,A,
2023-12-21,Alaves,Real Madrid,1361.48,1785.35,0.1342,A,A,1.0
2023-12-21,Mallorca,Osasuna,1457.25,1476.98,0.6135,H,H,1.0
2023-12-21,Betis,Girona,1608.79,1710.63,0.4974,D,A,
2023-12-21,Crystal Palace,Brighton,1456.37,1591.85,0.4491,D,A,
2023-12-22,Aston Villa,Sheffield United,1740.54,1280.17,0.9618,D,H,
2023-12-22,Empoli,Lazio,1427.31,1619.96,0.3697,A,A,1.0
2023-12-22,Sassuolo,Genoa,1460.78,1411.84,0.7021,A,H,0.0
2023-12-22,Monza,Fiorentina,1557.29,1638.16,0.5275,A,H,0.0
2023-12-22,Salernitana,Milan,1390.73,1701.78,0.2288,D,A,
2023-12-23,Ath Madrid,Sevilla,1700.45,1463.81,0.8741,H,H,1.0
2023-12-23,Frosinone,Juventus,1483.0,1765.34,0.2593,A,A,1.0
2023-12-23,Bologna,Atalanta,1662.93,1607.36,0.71,H,H,1.0
2023-12-23,Torino,Udinese,1588.01,1452.96,0.7946,D,H,
2023-12-23,Inter,Lecce,1845.62,1484.31,0.9343,H,H,1.0
2023-12-23,Verona,Cagliari,1391.89,1400.24,0.6289,H,H,1.0
2023-12-23,Roma,Napoli,1606.78,1701.89,0.507,H,H,1.0
2023-12-23,West Ham,Man United,1539.5,1614.71,0.5356,H,H,1.0
2023-12-23,Nott'm Forest,Bournemouth,1412.04,1505.52,0.5094,A,H,0.0
2023-12-23,Tottenham,Everton,1627.29,1551.24,0.7337,H,H,1.0
2023-12-23,Luton,Newcastle,1410.82,1639.86,0.3224,H,A,0.0
2023-12-23,Fulham,Burnley,1509.2,1311.45,0.8474,A,H,0.0
2023-12-23,Liverpool,Arsenal,1769.94,1763.2,0.649,D,H,
2023-12-24,Wolves,Chelsea,1466.3,1522.13,0.5632,H,H,1.0
2023-12-26,Man United,Aston Villa,1592.76,1725.77,0.4526,H,A,0.0
2023-12-26,Bournemouth,Fulham,1526.73,1469.15,0.7124,H,H,1.0
2023-12-26,Newcastle,Nott'm Forest,1611.65,1390.83,0.8637,A,H,0.0
2023-12-26,Sheffield United,Luton,1294.95,1439.03,0.4369,A,A,1.0
2023-12-26,Burnley,Liverpool,1351.5,1765.17,0.1412,A,A,1.0
2023-12-27,Everton,Man City,1540.15,1787.02,0.3004,A,A,1.0
2023-12-27,Brentford,Wolves,1522.59,1484.49,0.6889,A,H,0.0
2023-12-27,Chelsea,Crystal Palace,1503.94,1458.0,0.6985,H,H,1.0
2023-12-28,Brighton,Tottenham,1590.22,1638.37,0.5741,H,H,1.0
2023-12-28,Arsenal,West Ham,1767.97,1561.45,0.8538,A,H,0.0
2023-12-29,Napoli,Monza,1678.59,1535.33,0.8022,D,H,
2023-12-29,Genoa,Inter,1441.07,1848.72,0.1454,D,A,
2023-12-29,Lazio,Frosinone,1637.44,1472.2,0.8215,H,H,1.0
2023-12-29,Fiorentina,Torino,1660.12,1578.58,0.7398,H,H,1.0
2023-12-30,Cagliari,Empoli,1382.7,1409.83,0.6034,D,H,
2023-12-30,Udinese,Bologna,1462.39,1675.0,0.3434,H,A,0.0
2023-12-30,Juventus,Roma,1776.14,1630.08,0.8048,H,H,1.0
2023-12-30,Milan,Sassuolo,1693.1,1431.55,0.8891,H,H,1.0
2023-12-30,Atalanta,Lecce,1595.29,1481.21,0.7742,H,H,1.0
2023-12-30,Man City,Sheffield United,1801.22,1276.76,0.9733,H,H,1.0
2023-12-30,Verona,Salernitana,1409.43,1399.41,0.6532,A,H,0.0
2023-12-30,Crystal Palace,Brentford,1445.45,1487.27,0.5829,H,H,1.0
2023-12-30,Aston Villa,Burnley,1702.98,1344.83,0.9332,H,H,1.0
2023-12-30,Luton,Chelsea,1457.22,1516.49,0.5583,A,H,0.0
2023-12-30,Wolves,Everton,1519.8,1525.96,0.6319,H,H,1.0
2023-12-30,Nott'm Forest,Man United,1431.66,1615.55,0.3816,H,A,0.0
2023-12-31,Fulham,Arsenal,1454.41,1727.61,0.2695,H,A,0.0
2023-12-31,Tottenham,Bournemouth,1618.24,1541.47,0.7345,H,H,1.0
2024-01-01,Liverpool,Newcastle,1771.85,1570.82,0.8498,H,H,1.0
2024-01-02,West Ham,Brighton,1601.81,1610.36,0.6287,D,H,
2024-01-02,Valencia,Villarreal,1502.1,1497.38,0.6463,H,H,1.0
2024-01-02,Sociedad,Alaves,1667.68,1355.89,0.9145,D,H,
2024-01-02,Getafe,Vallecano,1545.53,1448.6,0.7565,A,H,0.0
2024-01-03,Granada,Cadiz,1302.46,1436.96,0.4505,H,A,0.0
2024-01-03,Celta,Betis,1396.84,1608.87,0.3441,H,A,0.0
2024-01-03,Real Madrid,Mallorca,1790.93,1473.34,0.9171,H,H,1.0
2024-01-03,Girona,Ath Madrid,1710.54,1705.69,0.6465,H,H,1.0
2024-01-04,Las Palmas,Barcelona,1531.58,1720.52,0.3747,A,A,1.0
2024-01-04,Sevilla,Ath Bilbao,1458.57,1625.31,0.4051,A,A,1.0
2024-01-04,Osasuna,Almeria,1460.89,1309.79,0.8093,H,H,1.0
2024-01-05,Bologna,Genoa,1641.34,1452.41,0.8407,D,H,
2024-01-06,Sassuolo,Fiorentina,1426.93,1670.95,0.3038,H,A,0.0
2024-01-06,Lecce,Cagliari,1471.81,1379.39,0.7517,D,H,
2024-01-06,Inter,Verona,1837.37,1382.23,0.9607,H,H,1.0
2024-01-06,Frosinone,Monza,1463.77,1545.0,0.527,A,H,0.0
2024-01-07,Torino,Napoli,1567.75,1668.92,0.4983,H,A,0.0
2024-01-07,Udinese,Lazio,1496.05,1645.88,0.4288,A,A,1.0
2024-01-07,Salernitana,Juventus,1426.61,1784.26,0.1849,A,A,1.0
2024-01-07,Empoli,Milan,1413.14,1697.72,0.2568,A,A,1.0
2024-01-07,Roma,Atalanta,1621.95,1604.69,0.6626,D,H,
2024-01-12,Bayern Munich,Hoffenheim,1797.3,1496.56,0.9094,H,H,1.0
2024-01-12,Sevilla,Alaves,1439.42,1369.16,0.7271,A,H,0.0
2024-01-12,Marseille,Strasbourg,1648.91,1553.62,0.7548,D,H,
2024-01-12,Burnley,Luton,1342.05,1433.97,0.5116,D,H,
2024-01-13,Darmstadt,Dortmund,1374.64,1663.86,0.2518,A,A,1.0
2024-01-13,RB Leipzig,Ein Frankfurt,1704.65,1579.08,0.7856,A,H,0.0
2024-01-13,Monza,Inter,1566.94,1839.01,0.2708,A,A,1.0
2024-01-13,Verona,Empoli,1380.59,1399.97,0.614,H,H,1.0
2024-01-13,FC Koln,Heidenheim,1405.51,1494.3,0.5161,D,H,
2024-01-13,Mainz,Wolfsburg,1414.82,1475.55,0.5563,D,H,
2024-01-13,Freiburg,Union Berlin,1561.45,1454.14,0.7673,D,H,
2024-01-13,Augsburg,Leverkusen,1430.61,1742.52,0.228,A,A,1.0
2024-01-13,Newcastle,Man City,1563.72,1802.48,0.3103,A,A,1.0
2024-01-13,Genoa,Torino,1463.32,1593.47,0.4567,D,A,
2024-01-13,Chelsea,Fulham,1539.74,1484.82,0.7093,H,H,1.0
2024-01-13,Napoli,Salernitana,1643.2,1418.91,0.8661,H,H,1.0
2024-01-13,Monaco,Reims,1653.62,1559.67,0.7533,A,H,0.0
2024-01-13,Rennes,Nice,1561.26,1692.59,0.455,H,A,0.0
2024-01-13,Betis,Granada,1581.57,1328.43,0.8842,H,H,1.0
2024-01-13,Ath Bilbao,Sociedad,1644.46,1654.41,0.6268,H,H,1.0
2024-01-13,Mallorca,Celta,1469.89,1424.15,0.6982,D,H,
2024-01-13,Las Palmas,Villarreal,1515.98,1480.66,0.6855,H,H,1.0
2024-01-14,Bochum,Werder Bremen,1451.28,1418.78,0.6819,D,H,
2024-01-14,M'gladbach,Stuttgart,1462.51,1605.56,0.4384,H,A,0.0
2024-01-14,Everton,Aston Villa,1507.08,1705.76,0.3617,D,A,
2024-01-14,Man United,Tottenham,1589.8,1630.79,0.5841,D,H,
2024-01-14,Cadiz,Valencia,1410.98,1518.82,0.4887,A,A,1.0
2024-01-14,Lazio,Lecce,1663.73,1463.76,0.849,H,H,1.0
2024-01-14,Lens,Paris SG,1702.69,1824.32,0.4689,A,A,1.0
2024-01-14,Le Havre,Lyon,1516.82,1540.03,0.6087,H,H,1.0
2024-01-14,Nantes,Clermont,1440.36,1451.24,0.6255,A,H,0.0
2024-01-14,Almeria,Girona,1301.85,1725.26,0.1345,D,A,
2024-01-14,Brest,Montpellier,1640.23,1539.2,0.7608,H,H,1.0
2024-01-14,Lille,Lorient,1661.34,1407.69,0.8845,H,H,1.0
2024-01-14,Cagliari,Bologna,1387.44,1630.44,0.3051,H,A,0.0
2024-01-14,Fiorentina,Udinese,1641.97,1478.2,0.8203,D,H,
2024-01-14,Milan,Roma,1710.88,1616.75,0.7535,H,H,1.0
2024-01-14,Metz,Toulouse,1406.24,1447.48,0.5838,A,H,0.0
2024-01-15,Atalanta,Frosinone,1609.9,1441.83,0.8239,H,H,1.0
2024-01-16,Juventus,Sassuolo,1791.96,1455.91,0.9248,H,H,1.0
2024-01-19,Alaves,Cadiz,1399.43,1385.93,0.6578,H,H,1.0
2024-01-20,Udinese,Milan,1488.45,1722.53,0.3161,A,A,1.0
2024-01-20,Roma,Verona,1605.1,1396.66,0.8551,H,H,1.0
2024-01-20,RB Leipzig,Leverkusen,1671.94,1752.01,0.5287,A,H,0.0
2024-01-20,FC Koln,Dortmund,1405.0,1676.77,0.2712,A,A,1.0
2024-01-20,Freiburg,Hoffenheim,1552.89,1491.91,0.7164,H,H,1.0
2024-01-20,Darmstadt,Ein Frankfurt,1361.73,1611.79,0.2966,D,A,
2024-01-20,Bochum,Stuttgart,1445.46,1579.01,0.4519,H,A,0.0
2024-01-20,Heidenheim,Wolfsburg,1494.82,1477.35,0.6629,D,H,
2024-01-20,Brentford,Nott'm Forest,1467.56,1457.41,0.6534,H,H,1.0
2024-01-20,Arsenal,Crystal Palace,1697.2,1465.16,0.8712,H,H,1.0
2024-01-20,Villarreal,Mallorca,1464.53,1463.54,0.6414,D,H,
2024-01-20,Vallecano,Las Palmas,1484.36,1532.11,0.5746,A,H,0.0
2024-01-20,Valencia,Ath Bilbao,1543.87,1660.0,0.4768,H,A,0.0
2024-01-20,Celta,Sociedad,1430.49,1638.87,0.3489,A,A,1.0
2024-01-21,Lecce,Juventus,1457.47,1795.82,0.2023,A,A,1.0
2024-01-21,Salernitana,Genoa,1413.33,1464.7,0.5695,A,H,0.0
2024-01-21,Bayern Munich,Werder Bremen,1801.94,1424.6,0.9398,A,H,0.0
2024-01-21,M'gladbach,Augsburg,1489.06,1421.12,0.7245,A,H,0.0
2024-01-21,Bournemouth,Liverpool,1528.92,1778.95,0.2966,A,A,1.0
2024-01-21,Osasuna,Getafe,1468.83,1509.77,0.5842,H,H,1.0
2024-01-21,Empoli,Monza,1383.9,1552.21,0.4029,H,A,0.0
2024-01-21,Real Madrid,Almeria,1794.38,1313.55,0.9659,H,H,1.0
2024-01-21,Frosinone,Cagliari,1431.81,1416.37,0.6603,H,H,1.0
2024-01-21,Betis,Barcelona,1586.39,1736.12,0.4289,A,A,1.0
2024-01-21,Girona,Sevilla,1713.56,1409.15,0.9112,H,H,1.0
2024-01-21,Sheffield United,West Ham,1275.49,1597.69,0.2177,D,A,
2024-01-22,Brighton,Wolves,1614.47,1538.68,0.7334,D,H,
2024-01-22,Granada,Ath Madrid,1323.61,1690.97,0.1767,A,A,1.0
2024-01-24,Bayern Munich,Union Berlin,1762.82,1462.69,0.9091,H,H,1.0
2024-01-26,Ein Frankfurt,Mainz,1605.28,1413.02,0.8432,H,H,1.0
2024-01-26,Almeria,Alaves,1312.13,1413.68,0.4978,A,A,1.0
2024-01-26,Cagliari,Torino,1400.32,1592.08,0.3709,A,A,1.0
2024-01-26,Lyon,Rennes,1521.53,1587.02,0.5495,A,H,0.0
2024-01-27,Marseille,Monaco,1640.75,1618.02,0.6696,D,H,
2024-01-27,Atalanta,Udinese,1619.91,1475.29,0.8035,H,H,1.0
2024-01-27,Mallorca,Betis,1468.07,1566.11,0.5028,A,H,0.0
2024-01-27,Nice,Metz,1666.83,1381.94,0.9016,H,H,1.0
2024-01-27,Las Palmas,Real Madrid,1559.27,1795.8,0.313,A,A,1.0
2024-01-27,Sociedad,Vallecano,1653.4,1457.2,0.8462,D,H,
2024-01-27,Juventus,Empoli,1806.19,1414.51,0.9443,D,H,
2024-01-27,Milan,Bologna,1735.69,1601.51,0.7938,D,H,
2024-01-27,Leverkusen,M'gladbach,1774.02,1458.9,0.916,D,H,
2024-01-27,Wolfsburg,FC Koln,1482.56,1390.25,0.7516,D,H,
2024-01-27,Barcelona,Villarreal,1756.4,1460.01,0.9074,A,H,0.0
2024-01-27,Stuttgart,RB Leipzig,1556.19,1649.93,0.509,H,H,1.0
2024-01-27,Augsburg,Bayern Munich,1451.28,1766.6,0.2245,A,A,1.0
2024-01-27,Hoffenheim,Heidenheim,1480.11,1489.61,0.6274,D,H,
2024-01-27,Werder Bremen,Freiburg,1463.72,1564.7,0.4986,H,A,0.0
2024-01-28,Sevilla,Osasuna,1404.32,1486.14,0.5261,D,H,
2024-01-28,Cadiz,Ath Bilbao,1371.68,1638.22,0.2771,D,A,
2024-01-28,Celta,Girona,1415.96,1718.39,0.2377,A,A,1.0
2024-01-28,Montpellier,Lille,1527.89,1667.26,0.4436,D,A,
2024-01-28,Genoa,Lecce,1488.41,1447.1,0.6928,H,H,1.0
2024-01-28,Monza,Sassuolo,1521.6,1452.06,0.7263,H,H,1.0
2024-01-28,Lazio,Napoli,1670.01,1648.78,0.6677,D,H,
2024-01-28,Ath Madrid,Valencia,1698.33,1565.65,0.7924,H,H,1.0
2024-01-28,Reims,Nantes,1595.28,1414.32,0.8344,D,H,
2024-01-28,Lorient,Le Havre,1401.77,1535.31,0.4519,D,A,
2024-01-28,Clermont,Strasbourg,1477.28,1561.77,0.5223,D,H,
2024-01-28,Fiorentina,Inter,1631.72,1853.73,0.3313,A,A,1.0
2024-01-28,Verona,Frosinone,1390.63,1447.87,0.5612,D,H,
2024-01-28,Toulouse,Lens,1471.78,1680.52,0.3484,A,A,1.0
2024-01-28,Paris SG,Brest,1846.49,1651.54,0.8453,D,H,
2024-01-28,Union Berlin,Darmstadt,1458.91,1368.24,0.7498,H,H,1.0
2024-01-28,Dortmund,Bochum,1691.51,1468.28,0.8654,H,H,1.0
2024-01-29,Salernitana,Roma,1389.62,1611.13,0.3319,A,A,1.0
2024-01-29,Getafe,Granada,1492.46,1316.26,0.8306,H,H,1.0
2024-01-30,Crystal Palace,Sheffield United,1457.83,1284.53,0.8282,H,H,1.0
2024-01-30,Nott'm Forest,Arsenal,1442.98,1704.53,0.2829,A,A,1.0
2024-01-30,Fulham,Everton,1472.71,1511.51,0.5872,D,H,
2024-01-30,Luton,Brighton,1434.35,1607.0,0.3969,H,A,0.0
2024-01-30,Aston Villa,Newcastle,1701.33,1550.8,0.8088,A,H,0.0
2024-01-31,Ath Madrid,Vallecano,1708.14,1468.28,0.8761,H,H,1.0
2024-01-31,Barcelona,Osasuna,1713.51,1486.97,0.8676,H,H,1.0
2024-01-31,Liverpool,Chelsea,1795.07,1551.84,0.8782,H,H,1.0
2024-01-31,Tottenham,Brentford,1633.48,1481.99,0.8096,H,H,1.0
2024-01-31,Man City,Burnley,1815.4,1341.68,0.9645,H,H,1.0
2024-02-01,Getafe,Real Madrid,1500.47,1808.84,0.2316,A,A,1.0
2024-02-01,West Ham,Bournemouth,1588.66,1512.8,0.7335,D,H,
2024-02-01,Wolves,Man United,1546.15,1587.11,0.5842,A,H,0.0
2024-02-02,Strasbourg,Paris SG,1562.48,1835.44,0.2698,A,A,1.0
2024-02-02,Heidenheim,Dortmund,1493.68,1697.87,0.3544,D,A,
2024-02-02,Lecce,Fiorentina,1434.31,1617.93,0.3819,H,A,0.0
2024-02-02,Ath Bilbao,Mallorca,1631.09,1447.13,0.8368,H,H,1.0
2024-02-03,Everton,Tottenham,1514.3,1641.41,0.4611,D,A,
2024-02-03,Brighton,Crystal Palace,1574.22,1464.98,0.7693,H,H,1.0
2024-02-03,Burnley,Fulham,1340.0,1469.93,0.457,D,A,
2024-02-03,Newcastle,Luton,1589.03,1467.13,0.782,D,H,
2024-02-03,Empoli,Genoa,1428.73,1501.2,0.5395,D,H,
2024-02-03,Udinese,Monza,1466.0,1533.0,0.5473,D,H,
2024-02-03,Frosinone,Milan,1449.83,1726.29,0.2658,A,A,1.0
2024-02-03,Sheffield United,Aston Villa,1277.38,1663.1,0.1618,A,A,1.0
2024-02-03,Bologna,Sassuolo,1610.91,1440.66,0.8257,H,H,1.0
2024-02-03,Bayern Munich,M'gladbach,1775.95,1472.21,0.9109,H,H,1.0
2024-02-03,Alaves,Barcelona,1439.2,1719.02,0.2621,A,A,1.0
2024-02-03,Girona,Sociedad,1728.29,1642.32,0.7447,D,H,
2024-02-03,Bochum,Augsburg,1461.91,1441.93,0.6661,D,H,
2024-02-03,Nantes,Lens,1425.02,1696.99,0.2709,A,A,1.0
2024-02-03,Granada,Las Palmas,1308.25,1546.24,0.3112,D,A,
2024-02-03,Rennes,Montpellier,1609.9,1529.7,0.7383,H,H,1.0
2024-02-03,FC Koln,Ein Frankfurt,1398.3,1611.8,0.3422,H,A,0.0
2024-02-03,Mainz,Werder Bremen,1406.49,1487.42,0.5274,A,H,0.0
2024-02-03,Freiburg,Stuttgart,1541.0,1581.36,0.585,A,H,0.0
2024-02-03,Darmstadt,Leverkusen,1357.83,1760.7,0.1489,A,A,1.0
2024-02-03,Valencia,Almeria,1555.84,1286.61,0.8934,H,H,1.0
2024-02-04,Reims,Toulouse,1584.58,1455.31,0.7891,A,H,0.0
2024-02-04,Wolfsburg,Hoffenheim,1474.51,1476.03,0.638,D,H,
2024-02-04,Lyon,Marseille,1498.66,1635.32,0.4474,H,A,0.0
2024-02-04,RB Leipzig,Union Berlin,1624.76,1469.33,0.8131,H,H,1.0
2024-02-04,Real Madrid,Ath Madrid,1819.78,1713.3,0.7665,D,H,
2024-02-04,Betis,Getafe,1587.05,1489.52,0.7571,D,H,
2024-02-04,Villarreal,Cadiz,1502.9,1378.81,0.7841,D,H,
2024-02-04,Brest,Nice,1662.59,1670.93,0.6289,D,H,
2024-02-04,Man United,West Ham,1611.43,1581.19,0.6791,H,H,1.0
2024-02-04,Chelsea,Wolves,1545.6,1521.83,0.671,A,H,0.0
2024-02-04,Napoli,Verona,1654.14,1388.67,0.8913,H,H,1.0
2024-02-04,Atalanta,Lazio,1629.2,1664.65,0.5918,H,H,1.0
2024-02-04,Inter,Juventus,1867.53,1791.97,0.7331,H,H,1.0
2024-02-04,Torino,Salernitana,1607.53,1375.8,0.871,D,H,
2024-02-04,Monaco,Le Havre,1623.44,1533.77,0.7487,D,H,
2024-02-04,Bournemouth,Nott'm Forest,1520.27,1431.2,0.7481,D,H,
2024-02-04,Osasuna,Celta,1481.46,1406.07,0.733,A,H,0.0
2024-02-04,Metz,Lorient,1377.84,1403.31,0.6056,A,H,0.0
2024-02-04,Arsenal,Liverpool,1716.31,1801.31,0.5216,H,H,1.0
2024-02-04,Lille,Clermont,1665.46,1476.57,0.8406,H,H,1.0
2024-02-05,Brentford,Man City,1474.06,1817.08,0.198,A,A,1.0
2024-02-05,Roma,Cagliari,1624.95,1384.87,0.8763,H,H,1.0
2024-02-05,Vallecano,Sevilla,1463.12,1403.48,0.7148,A,H,0.0
2024-02-07,Mainz,Union Berlin,1384.53,1460.49,0.5345,D,H,
2024-02-09,Dortmund,Freiburg,1693.21,1513.35,0.8336,H,H,1.0
2024-02-09,Cadiz,Betis,1387.9,1578.82,0.3721,A,A,1.0
2024-02-09,Marseille,Metz,1612.32,1352.63,0.888,D,H,
2024-02-09,Salernitana,Empoli,1387.67,1427.46,0.5858,A,H,0.0
2024-02-10,Leverkusen,Bayern Munich,1767.74,1780.16,0.6234,H,H,1.0
2024-02-10,Sassuolo,Torino,1432.43,1595.66,0.41,D,A,
2024-02-10,Roma,Inter,1631.67,1878.64,0.3003,A,A,1.0
2024-02-10,Ein Frankfurt,Bochum,1580.71,1456.6,0.7842,D,H,
2024-02-10,M'gladbach,Darmstadt,1468.0,1350.79,0.7774,D,H,
2024-02-10,Union Berlin,Wolfsburg,1461.6,1470.09,0.6287,H,H,1.0
2024-02-10,Werder Bremen,Heidenheim,1509.38,1498.34,0.6546,A,H,0.0
2024-02-10,Cagliari,Lazio,1378.15,1645.35,0.2764,A,A,1.0
2024-02-10,Augsburg,RB Leipzig,1447.25,1633.6,0.3782,D,A,
2024-02-10,Fulham,Bournemouth,1468.55,1512.33,0.5802,H,H,1.0
2024-02-10,Luton,Sheffield United,1476.16,1268.17,0.8548,A,H,0.0
2024-02-10,Tottenham,Brighton,1640.16,1586.04,0.7083,H,H,1.0
2024-02-10,Wolves,Brentford,1553.54,1464.71,0.7478,A,H,0.0
2024-02-10,Nott'm Forest,Newcastle,1439.14,1580.01,0.4414,A,A,1.0
2024-02-10,Liverpool,Burnley,1778.7,1341.37,0.9566,H,H,1.0
2024-02-10,Paris SG,Lille,1846.67,1674.12,0.8276,H,H,1.0
2024-02-10,Lens,Strasbourg,1708.27,1551.25,0.8145,H,H,1.0
2024-02-10,Alaves,Villarreal,1426.81,1493.8,0.5474,D,H,
2024-02-10,Sociedad,Osasuna,1650.15,1443.89,0.8536,A,H,0.0
2024-02-10,Man City,Everton,1826.44,1515.54,0.9141,H,H,1.0
2024-02-10,Real Madrid,Girona,1811.25,1720.46,0.7499,H,H,1.0
2024-02-10,Las Palmas,Valencia,1540.2,1560.28,0.613,H,H,1.0
2024-02-11,Nice,Monaco,1675.05,1615.48,0.7147,A,H,0.0
2024-02-11,Aston Villa,Man United,1672.31,1627.88,0.6967,A,H,0.0
2024-02-11,Bologna,Lecce,1619.15,1460.04,0.8163,H,H,1.0
2024-02-11,Fiorentina,Frosinone,1592.19,1438.76,0.8114,H,H,1.0
2024-02-11,Genoa,Atalanta,1502.47,1648.5,0.4341,A,A,1.0
2024-02-11,West Ham,Arsenal,1564.74,1738.92,0.3948,A,A,1.0
2024-02-11,Monza,Verona,1534.51,1384.15,0.8086,D,H,
2024-02-11,Milan,Napoli,1737.36,1658.67,0.7366,H,H,1.0
2024-02-11,Le Havre,Rennes,1541.73,1620.8,0.5301,A,H,0.0
2024-02-11,Sevilla,Ath Madrid,1433.24,1721.83,0.2524,H,A,0.0
2024-02-11,Toulouse,Nantes,1488.17,1413.74,0.7319,A,H,0.0
2024-02-11,Lorient,Reims,1428.52,1551.72,0.4667,H,A,0.0
2024-02-11,Hoffenheim,FC Koln,1480.45,1429.4,0.7046,D,H,
2024-02-11,Stuttgart,Mainz,1609.02,1383.43,0.8669,H,H,1.0
2024-02-11,Getafe,Celta,1497.75,1443.64,0.7083,H,H,1.0
2024-02-11,Mallorca,Vallecano,1438.26,1433.36,0.6465,H,H,1.0
2024-02-11,Montpellier,Lyon,1518.8,1521.66,0.6363,A,H,0.0
2024-02-11,Barcelona,Granada,1731.41,1314.29,0.9515,D,H,
2024-02-11,Clermont,Brest,1467.9,1658.46,0.3725,D,A,
2024-02-12,Juventus,Udinese,1780.86,1464.48,0.9166,A,H,0.0
2024-02-12,Crystal Palace,Chelsea,1453.15,1513.89,0.5563,A,H,0.0
2024-02-12,Almeria,Ath Bilbao,1282.17,1639.96,0.1848,D,A,
2024-02-14,Bologna,Fiorentina,1629.14,1602.45,0.6746,H,H,1.0
2024-02-16,Lyon,Nice,1548.15,1645.3,0.5041,H,H,1.0
2024-02-16,FC Koln,Werder Bremen,1435.94,1482.13,0.5768,A,H,0.0
2024-02-16,Torino,Lecce,1592.77,1450.06,0.8017,H,H,1.0
2024-02-16,Inter,Salernitana,1892.83,1359.98,0.9745,H,H,1.0
2024-02-16,Villarreal,Getafe,1495.32,1509.89,0.6205,D,H,
2024-02-17,Nantes,Paris SG,1444.21,1854.82,0.1433,A,A,1.0
2024-02-17,Lille,Le Havre,1665.97,1519.66,0.805,H,H,1.0
2024-02-17,Verona,Juventus,1394.02,1742.7,0.1929,D,A,
2024-02-17,Atalanta,Sassuolo,1670.75,1435.31,0.8734,H,H,1.0
2024-02-17,Celta,Barcelona,1431.5,1716.96,0.2559,A,A,1.0
2024-02-17,Osasuna,Cadiz,1479.42,1370.32,0.7692,H,H,1.0
2024-02-17,Ath Madrid,Las Palmas,1690.7,1558.49,0.792,H,H,1.0
2024-02-17,Darmstadt,Stuttgart,1359.67,1615.3,0.2899,A,A,1.0
2024-02-17,Heidenheim,Leverkusen,1525.59,1787.04,0.283,A,A,1.0
2024-02-17,Man City,Chelsea,1830.49,1540.18,0.9044,D,H,
2024-02-17,Tottenham,Wolves,1652.31,1518.19,0.7937,A,H,0.0
2024-02-17,Nott'm Forest,West Ham,1420.76,1541.43,0.4703,H,A,0.0
2024-02-17,Newcastle,Bournemouth,1598.39,1492.49,0.7659,D,H,
2024-02-17,Valencia,Sevilla,1541.99,1464.36,0.7355,D,H,
2024-02-17,Burnley,Arsenal,1339.32,1762.23,0.1348,A,A,1.0
2024-02-17,Fulham,Aston Villa,1488.39,1643.31,0.4216,A,A,1.0
2024-02-17,Hoffenheim,Union Berlin,1473.9,1477.06,0.6359,A,H,0.0
2024-02-17,Mainz,Augsburg,1377.14,1451.14,0.5373,H,H,1.0
2024-02-17,Wolfsburg,Dortmund,1454.64,1701.75,0.3001,D,A,
2024-02-17,RB Leipzig,M'gladbach,1629.7,1459.12,0.826,H,H,1.0
2024-02-17,Brentford,Liverpool,1500.05,1780.75,0.2611,A,A,1.0
2024-02-17,Napoli,Genoa,1647.7,1480.21,0.8234,D,H,
2024-02-18,Montpellier,Metz,1492.31,1365.04,0.7872,H,H,1.0
2024-02-18,Rennes,Clermont,1642.86,1471.98,0.8263,H,H,1.0
2024-02-18,Reims,Lens,1526.51,1717.04,0.3726,D,A,
2024-02-18,Brest,Marseille,1654.38,1599.9,0.7087,H,H,1.0
2024-02-18,Monaco,Toulouse,1645.24,1457.7,0.8396,A,H,0.0
2024-02-18,Strasbourg,Lorient,1542.48,1453.73,0.7477,A,H,0.0
2024-02-18,Betis,Alaves,1596.41,1425.29,0.8264,D,H,
2024-02-18,Freiburg,Ein Frankfurt,1504.82,1571.62,0.5476,D,H,
2024-02-18,Bochum,Bayern Munich,1465.69,1760.86,0.2454,H,A,0.0
2024-02-18,Mallorca,Sociedad,1452.98,1614.61,0.4122,A,A,1.0
2024-02-18,Vallecano,Real Madrid,1418.64,1824.85,0.1465,D,A,
2024-02-18,Lazio,Bologna,1658.42,1644.51,0.6583,A,H,0.0
2024-02-18,Empoli,Fiorentina,1455.15,1587.07,0.4542,D,A,
2024-02-18,Udinese,Cagliari,1502.65,1365.08,0.797,D,H,
2024-02-18,Luton,Man United,1435.75,1656.88,0.3324,A,A,1.0
2024-02-18,Sheffield United,Brighton,1308.57,1573.9,0.2785,A,A,1.0
2024-02-18,Frosinone,Roma,1428.5,1617.48,0.3747,A,A,1.0
2024-02-18,Monza,Milan,1524.64,1748.32,0.3292,H,A,0.0
2024-02-18,Granada,Almeria,1328.74,1292.26,0.6869,D,H,
2024-02-19,Ath Bilbao,Girona,1629.88,1706.86,0.5331,H,H,1.0
2024-02-19,Everton,Crystal Palace,1511.49,1426.86,0.7432,D,H,
2024-02-20,Man City,Brentford,1817.55,1486.67,0.9228,H,H,1.0
2024-02-21,Liverpool,Luton,1794.14,1421.91,0.9381,H,H,1.0
2024-02-22,Torino,Lazio,1602.15,1631.01,0.601,A,H,0.0
2024-02-23,Leverkusen,Mainz,1798.83,1396.4,0.9475,H,H,1.0
2024-02-23,Bologna,Verona,1671.92,1403.85,0.8927,H,H,1.0
2024-02-23,Sociedad,Villarreal,1631.78,1491.46,0.7995,A,H,0.0
2024-02-23,Metz,Lyon,1354.14,1568.8,0.3407,A,A,1.0
2024-02-24,Sassuolo,Empoli,1428.81,1456.62,0.6024,A,H,0.0
2024-02-24,Salernitana,Monza,1358.6,1556.35,0.3629,A,A,1.0
2024-02-24,Genoa,Udinese,1490.56,1493.14,0.6366,H,H,1.0
2024-02-24,Almeria,Ath Madrid,1298.24,1702.54,0.1478,D,A,
2024-02-24,Alaves,Mallorca,1435.74,1435.82,0.64,D,H,
2024-02-24,Barcelona,Getafe,1727.61,1513.75,0.859,H,H,1.0
2024-02-24,M'gladbach,Bochum,1450.9,1497.11,0.5768,H,H,1.0
2024-02-24,Stuttgart,FC Koln,1627.37,1411.93,0.8601,D,H,
2024-02-24,Union Berlin,Heidenheim,1503.53,1513.81,0.6263,D,H,
2024-02-24,Werder Bremen,Darmstadt,1506.15,1347.6,0.8158,D,H,
2024-02-24,Bayern Munich,RB Leipzig,1729.44,1637.92,0.7507,H,H,1.0
2024-02-24,Brighton,Everton,1589.75,1503.7,0.7448,D,H,
2024-02-24,Aston Villa,Nott'm Forest,1660.86,1445.8,0.8598,H,H,1.0
2024-02-24,Bournemouth,Man City,1501.0,1820.77,0.2201,A,A,1.0
2024-02-24,Lorient,Nantes,1489.08,1437.44,0.7054,A,H,0.0
2024-02-24,Strasbourg,Brest,1507.14,1666.51,0.4154,A,A,1.0
2024-02-24,Man United,Fulham,1670.72,1470.84,0.8489,A,H,0.0
2024-02-24,Arsenal,Newcastle,1769.91,1589.88,0.8337,H,H,1.0
2024-02-24,Crystal Palace,Burnley,1434.64,1331.65,0.7629,H,H,1.0
2024-02-25,Lecce,Inter,1440.69,1894.22,0.1156,A,A,1.0
2024-02-25,Wolves,Sheffield United,1551.24,1292.72,0.8873,H,H,1.0
2024-02-25,Cagliari,Napoli,1374.59,1637.35,0.2815,D,A,
2024-02-25,Cadiz,Celta,1359.41,1420.85,0.5553,D,H,
2024-02-25,Paris SG,Rennes,1861.59,1651.08,0.8566,D,H,
2024-02-25,Toulouse,Lille,1492.65,1675.97,0.3823,H,A,0.0
2024-02-25,Nice,Clermont,1624.65,1463.77,0.8178,D,H,
2024-02-25,Le Havre,Reims,1509.66,1530.59,0.6119,A,H,0.0
2024-02-25,Lens,Monaco,1712.96,1610.29,0.7625,A,H,0.0
2024-02-25,Juventus,Frosinone,1732.87,1409.29,0.9197,H,H,1.0
2024-02-25,Ein Frankfurt,Wolfsburg,1573.14,1461.03,0.7722,D,H,
2024-02-25,Marseille,Montpellier,1587.78,1503.22,0.7431,H,H,1.0
2024-02-25,Augsburg,Freiburg,1431.88,1503.29,0.541,H,H,1.0
2024-02-25,Betis,Ath Bilbao,1585.96,1649.32,0.5525,H,H,1.0
2024-02-25,Las Palmas,Osasuna,1546.65,1490.33,0.7109,D,H,
2024-02-25,Real Madrid,Sevilla,1813.54,1471.9,0.9271,H,H,1.0
2024-02-25,Dortmund,Hoffenheim,1695.35,1447.43,0.8811,A,H,0.0
2024-02-25,Milan,Atalanta,1716.61,1677.25,0.6905,D,H,
2024-02-26,West Ham,Brentford,1516.39,1483.45,0.6825,H,H,1.0
2024-02-26,Girona,Vallecano,1687.42,1429.96,0.8867,H,H,1.0
2024-02-26,Fiorentina,Lazio,1585.6,1659.42,0.5376,H,H,1.0
2024-02-26,Roma,Torino,1636.69,1573.74,0.7187,H,H,1.0
2024-02-28,Inter,Atalanta,1900.5,1683.34,0.8613,H,H,1.0
2024-02-28,Sassuolo,Napoli,1403.73,1630.36,0.3254,A,A,1.0
2024-03-01,Lazio,Milan,1640.17,1710.52,0.5426,A,H,0.0
2024-03-01,Monaco,Paris SG,1642.03,1850.18,0.3492,D,A,
2024-03-01,Celta,Almeria,1422.61,1309.51,0.7733,H,H,1.0
2024-03-01,Freiburg,Bayern Munich,1484.18,1739.82,0.2899,D,A,
2024-03-02,Monza,Roma,1573.5,1648.4,0.5361,A,H,0.0
2024-03-02,Sevilla,Sociedad,1468.86,1593.98,0.4639,H,A,0.0
2024-03-02,Nott'm Forest,Liverpool,1439.17,1797.31,0.1845,A,A,1.0
2024-03-02,Vallecano,Cadiz,1424.15,1357.64,0.7228,D,H,
2024-03-02,Tottenham,Crystal Palace,1619.26,1446.8,0.8276,H,H,1.0
2024-03-02,Luton,Aston Villa,1418.74,1667.49,0.2981,A,A,1.0
2024-03-02,Newcastle,Wolves,1581.35,1555.93,0.673,H,H,1.0
2024-03-02,Torino,Fiorentina,1562.03,1604.85,0.5815,D,H,
2024-03-02,Everton,West Ham,1511.54,1531.4,0.6133,A,H,0.0
2024-03-02,Udinese,Salernitana,1475.97,1341.44,0.7941,D,H,
2024-03-02,Wolfsburg,Stuttgart,1469.75,1615.85,0.434,A,A,1.0
2024-03-02,Union Berlin,Dortmund,1499.49,1658.67,0.4156,A,A,1.0
2024-03-02,Mainz,M'gladbach,1394.21,1472.59,0.5311,D,H,
2024-03-02,Heidenheim,Ein Frankfurt,1517.85,1564.43,0.5763,A,H,0.0
2024-03-02,Darmstadt,Augsburg,1357.7,1450.99,0.5097,A,H,0.0
2024-03-02,Bochum,RB Leipzig,1475.41,1627.55,0.4255,A,A,1.0
2024-03-02,Clermont,Marseille,1473.94,1600.94,0.4612,A,A,1.0
2024-03-02,Valencia,Real Madrid,1534.45,1816.57,0.2595,D,A,
2024-03-02,Reims,Lille,1556.06,1646.78,0.5134,A,H,0.0
2024-03-02,Getafe,Las Palmas,1506.08,1539.9,0.5941,D,H,
2024-03-02,Brentford,Chelsea,1468.44,1553.12,0.522,D,H,
2024-03-02,Fulham,Brighton,1506.18,1581.92,0.5349,H,H,1.0
2024-03-03,Napoli,Juventus,1648.88,1736.21,0.5182,H,H,1.0
2024-03-03,Atalanta,Bologna,1675.8,1676.99,0.6385,A,H,0.0
2024-03-03,Frosinone,Lecce,1405.95,1434.4,0.6015,D,H,
2024-03-03,Empoli,Cagliari,1481.7,1381.58,0.7599,A,H,0.0
2024-03-03,Verona,Sassuolo,1398.78,1385.22,0.6578,H,H,1.0
2024-03-03,Nantes,Metz,1466.8,1339.95,0.7868,A,H,0.0
2024-03-03,Rennes,Lorient,1662.49,1459.71,0.8511,A,H,0.0
2024-03-03,Ath Madrid,Betis,1691.27,1607.11,0.7427,H,H,1.0
2024-03-03,Mallorca,Girona,1440.29,1693.23,0.2931,H,A,0.0
2024-03-03,Ath Bilbao,Barcelona,1628.16,1735.28,0.4898,D,A,
2024-03-03,Lyon,Lens,1582.98,1681.22,0.5025,A,H,0.0
2024-03-03,Hoffenheim,Werder Bremen,1484.11,1496.04,0.6241,H,H,1.0
2024-03-03,FC Koln,Leverkusen,1423.45,1801.02,0.1683,A,A,1.0
2024-03-03,Montpellier,Strasbourg,1490.05,1485.84,0.6456,D,H,
2024-03-03,Brest,Le Havre,1687.8,1484.19,0.8517,H,H,1.0
2024-03-03,Toulouse,Nice,1521.85,1614.48,0.5106,H,H,1.0
2024-03-03,Burnley,Bournemouth,1319.49,1491.83,0.3974,A,A,1.0
2024-03-03,Man City,Man United,1829.93,1635.38,0.845,H,H,1.0
2024-03-03,Villarreal,Granada,1529.26,1322.76,0.8538,H,H,1.0
2024-03-04,Inter,Genoa,1908.04,1507.73,0.9468,H,H,1.0
2024-03-04,Sheffield United,Arsenal,1288.03,1778.43,0.0956,A,A,1.0
2024-03-04,Osasuna,Alaves,1497.08,1431.26,0.722,H,H,1.0
2024-03-08,Nice,Montpellier,1594.11,1485.39,0.7688,A,H,0.0
2024-03-08,Stuttgart,Union Berlin,1633.92,1479.84,0.8119,H,H,1.0
2024-03-08,Barcelona,Mallorca,1734.95,1469.72,0.8911,H,H,1.0
2024-03-08,Napoli,Torino,1668.94,1559.42,0.7696,D,H,
2024-03-09,Cagliari,Salernitana,1413.21,1350.85,0.718,H,H,1.0
2024-03-09,Bayern Munich,Mainz,1733.09,1393.22,0.9264,H,H,1.0
2024-03-09,Augsburg,Heidenheim,1481.08,1493.86,0.6229,H,H,1.0
2024-03-09,Valencia,Getafe,1542.15,1503.07,0.6901,H,H,1.0
2024-03-09,Werder Bremen,Dortmund,1480.39,1678.31,0.3627,A,A,1.0
2024-03-09,Wolves,Fulham,1539.17,1530.03,0.6521,H,H,1.0
2024-03-09,Genoa,Monza,1505.52,1546.02,0.5848,A,H,0.0
2024-03-09,Bologna,Inter,1703.57,1910.26,0.3511,A,A,1.0
2024-03-09,Man United,Everton,1628.05,1482.55,0.8043,H,H,1.0
2024-03-09,Bournemouth,Sheffield United,1510.62,1282.39,0.8687,D,H,
2024-03-09,Sassuolo,Frosinone,1370.97,1402.7,0.597,H,H,1.0
2024-03-09,Arsenal,Brentford,1784.08,1467.74,0.9166,H,H,1.0
2024-03-09,Crystal Palace,Luton,1438.65,1406.33,0.6817,D,H,
2024-03-09,RB Leipzig,Darmstadt,1649.36,1327.61,0.9189,H,H,1.0
2024-03-09,Lorient,Lyon,1495.14,1557.22,0.5544,A,H,0.0
2024-03-09,Lens,Brest,1706.98,1693.98,0.6571,H,H,1.0
2024-03-09,M'gladbach,FC Koln,1473.59,1415.5,0.713,D,H,
2024-03-09,Cadiz,Ath Madrid,1364.77,1701.98,0.2033,H,A,0.0
2024-03-09,Granada,Sociedad,1314.81,1571.66,0.2884,A,A,1.0
2024-03-09,Girona,Osasuna,1663.8,1508.65,0.8129,H,H,1.0
2024-03-10,Real Madrid,Celta,1808.88,1432.06,0.9396,H,H,1.0
2024-03-10,Metz,Clermont,1377.14,1448.87,0.5406,H,H,1.0
2024-03-10,Strasbourg,Monaco,1490.5,1646.86,0.4196,A,A,1.0
2024-03-10,Lille,Rennes,1668.15,1627.06,0.6926,D,H,
2024-03-10,Marseille,Nantes,1626.02,1429.61,0.8464,H,H,1.0
2024-03-10,Alaves,Vallecano,1419.69,1417.02,0.6436,H,H,1.0
2024-03-10,Betis,Villarreal,1596.4,1537.21,0.7143,A,H,0.0
2024-03-10,Le Havre,Toulouse,1478.01,1542.22,0.5513,H,H,1.0
2024-03-10,Aston Villa,Tottenham,1679.9,1627.41,0.7064,A,H,0.0
2024-03-10,Brighton,Nott'm Forest,1558.07,1431.49,0.7866,H,H,1.0
2024-03-10,West Ham,Burnley,1560.39,1300.71,0.888,D,H,
2024-03-10,Liverpool,Man City,1804.99,1837.26,0.5963,D,H,
2024-03-10,Leverkusen,Wolfsburg,1808.97,1451.68,0.9329,H,H,1.0
2024-03-10,Ein Frankfurt,Hoffenheim,1588.42,1499.76,0.7476,H,H,1.0
2024-03-10,Las Palmas,Ath Bilbao,1542.91,1628.49,0.5207,A,H,0.0
2024-03-10,Paris SG,Reims,1845.36,1534.69,0.914,D,H,
2024-03-10,Bochum,Freiburg,1453.6,1490.91,0.5892,A,H,0.0
2024-03-10,Fiorentina,Roma,1607.46,1675.88,0.5453,D,H,
2024-03-10,Lecce,Verona,1437.65,1413.02,0.672,A,H,0.0
2024-03-10,Juventus,Atalanta,1716.16,1649.21,0.7233,D,H,
2024-03-10,Milan,Empoli,1733.11,1450.06,0.9007,H,H,1.0
2024-03-11,Lazio,Udinese,1617.58,1466.55,0.8092,A,H,0.0
2024-03-11,Chelsea,Newcastle,1553.83,1598.12,0.5795,H,H,1.0
2024-03-11,Almeria,Sevilla,1300.07,1491.18,0.3718,D,A,
2024-03-13,Bournemouth,Luton,1498.82,1412.14,0.7455,H,H,1.0
2024-03-15,FC Koln,RB Leipzig,1422.31,1653.19,0.3201,A,A,1.0
2024-03-15,Toulouse,Lyon,1523.54,1583.42,0.5575,A,H,0.0
2024-03-15,Empoli,Bologna,1445.93,1688.96,0.3051,A,A,1.0
2024-03-15,Sociedad,Cadiz,1583.67,1402.43,0.8347,H,H,1.0
2024-03-16,Nantes,Strasbourg,1422.35,1473.04,0.5705,A,H,0.0
2024-03-16,Frosinone,Lazio,1385.92,1583.89,0.3626,A,A,1.0
2024-03-16,Ath Bilbao,Alaves,1653.11,1434.52,0.8622,H,H,1.0
2024-03-16,Salernitana,Lecce,1337.53,1409.67,0.54,A,H,0.0
2024-03-16,Lens,Nice,1721.26,1562.1,0.8164,A,H,0.0
2024-03-16,Wolfsburg,Augsburg,1448.5,1496.78,0.5739,A,H,0.0
2024-03-16,Hoffenheim,Stuttgart,1487.83,1642.81,0.4215,A,A,1.0
2024-03-16,Getafe,Girona,1490.17,1672.65,0.3835,H,A,0.0
2024-03-16,Fulham,Tottenham,1515.54,1665.81,0.4282,H,A,0.0
2024-03-16,Luton,Nott'm Forest,1401.54,1422.6,0.6117,D,H,
2024-03-16,Union Berlin,Werder Bremen,1470.95,1465.29,0.6475,H,H,1.0
2024-03-16,Mainz,Bochum,1388.73,1429.06,0.585,H,H,1.0
2024-03-16,Heidenheim,M'gladbach,1478.16,1466.77,0.655,D,H,
2024-03-16,Darmstadt,Bayern Munich,1323.78,1737.58,0.1411,A,A,1.0
2024-03-16,Mallorca,Granada,1465.19,1302.8,0.8191,H,H,1.0
2024-03-16,Burnley,Brentford,1313.13,1464.26,0.4269,H,A,0.0
2024-03-16,Osasuna,Real Madrid,1499.81,1812.16,0.2275,A,A,1.0
2024-03-16,Udinese,Torino,1500.24,1568.05,0.5462,A,H,0.0
2024-03-16,Monza,Cagliari,1570.37,1426.54,0.8027,H,H,1.0
2024-03-17,Brest,Lille,1679.7,1661.99,0.6632,D,H,
2024-03-17,Rennes,Marseille,1633.22,1633.28,0.64,H,H,1.0
2024-03-17,Villarreal,Valencia,1566.94,1555.05,0.6557,H,H,1.0
2024-03-17,Reims,Metz,1547.94,1396.27,0.8098,H,H,1.0
2024-03-17,Clermont,Le Havre,1429.74,1496.69,0.5474,H,H,1.0
2024-03-17,Monaco,Lorient,1664.33,1468.94,0.8456,D,H,
2024-03-17,Montpellier,Paris SG,1517.4,1832.11,0.2251,A,A,1.0
2024-03-17,Inter,Napoli,1924.87,1660.31,0.8908,D,H,
2024-03-17,Verona,Milan,1441.0,1737.24,0.2442,A,A,1.0
2024-03-17,Vallecano,Betis,1402.18,1566.66,0.4083,H,A,0.0
2024-03-17,Ath Madrid,Barcelona,1664.33,1739.49,0.5357,A,H,0.0
2024-03-17,Juventus,Genoa,1709.01,1481.17,0.8684,D,H,
2024-03-17,West Ham,Aston Villa,1547.97,1641.49,0.5093,D,H,
2024-03-17,Sevilla,Celta,1487.08,1428.77,0.7133,A,H,0.0
2024-03-17,Freiburg,Leverkusen,1515.44,1812.14,0.2437,A,A,1.0
2024-03-17,Roma,Sassuolo,1677.33,1387.75,0.904,H,H,1.0
2024-03-17,Las Palmas,Almeria,1518.3,1304.17,0.8592,A,H,0.0
2024-03-17,Dortmund,Ein Frankfurt,1693.41,1600.35,0.7524,H,H,1.0
2024-03-29,Lille,Lens,1667.21,1682.67,0.6193,H,H,1.0
2024-03-29,Cadiz,Granada,1394.61,1295.27,0.7591,H,H,1.0
2024-03-30,Newcastle,West Ham,1580.61,1547.67,0.6825,H,H,1.0
2024-03-30,Bournemouth,Everton,1509.42,1473.29,0.6865,H,H,1.0
2024-03-30,Chelsea,Burnley,1571.33,1336.98,0.8727,D,H,
2024-03-30,Nott'm Forest,Crystal Palace,1426.17,1432.83,0.6312,D,H,
2024-03-30,Sheffield United,Fulham,1294.19,1544.86,0.2958,D,A,
2024-03-30,Tottenham,Luton,1636.5,1397.97,0.8753,H,H,1.0
2024-03-30,Aston Villa,Wolves,1641.79,1553.65,0.7471,H,H,1.0
2024-03-30,Brentford,Man United,1440.41,1637.3,0.3641,D,A,
2024-03-30,Metz,Monaco,1388.35,1653.27,0.279,A,A,1.0
2024-03-30,Lyon,Reims,1606.63,1555.86,0.7043,D,H,
2024-03-30,Fiorentina,Milan,1606.01,1748.79,0.4388,A,A,1.0
2024-03-30,Lazio,Juventus,1598.99,1697.22,0.5025,H,H,1.0
2024-03-30,Torino,Monza,1593.86,1578.58,0.6601,H,H,1.0
2024-03-30,Bayern Munich,Dortmund,1744.81,1705.12,0.6909,A,H,0.0
2024-03-30,Werder Bremen,Wolfsburg,1450.62,1421.38,0.6779,A,H,0.0
2024-03-30,RB Leipzig,Mainz,1670.59,1408.35,0.8895,D,H,
2024-03-30,M'gladbach,Freiburg,1471.73,1505.29,0.5945,A,H,0.0
2024-03-30,Leverkusen,Hoffenheim,1822.29,1466.22,0.9325,H,H,1.0
2024-03-30,Ein Frankfurt,Union Berlin,1588.65,1485.62,0.7629,D,H,
2024-03-30,Napoli,Atalanta,1672.82,1656.36,0.6616,A,H,0.0
2024-03-30,Getafe,Sevilla,1515.84,1457.38,0.7134,A,H,0.0
2024-03-30,Almeria,Osasuna,1339.94,1489.06,0.4298,A,A,1.0
2024-03-30,Valencia,Mallorca,1540.72,1472.72,0.7245,D,H,
2024-03-30,Barcelona,Las Palmas,1766.95,1482.53,0.9014,H,H,1.0
2024-03-30,Genoa,Frosinone,1492.96,1370.83,0.7822,D,H,
2024-03-31,Man City,Arsenal,1840.34,1787.55,0.7067,D,H,
2024-03-31,Clermont,Toulouse,1448.58,1500.33,0.569,A,H,0.0
2024-03-31,Le Havre,Montpellier,1477.85,1505.16,0.6031,A,H,0.0
2024-03-31,Marseille,Paris SG,1616.26,1844.35,0.3236,A,A,1.0
2024-03-31,Real Madrid,Ath Bilbao,1822.91,1659.62,0.8199,H,H,1.0
2024-03-31,Liverpool,Brighton,1801.91,1566.96,0.873,H,H,1.0
2024-03-31,Nice,Nantes,1600.69,1395.38,0.8529,A,H,0.0
2024-03-31,Lorient,Brest,1480.0,1674.48,0.3673,A,A,1.0
2024-03-31,Stuttgart,Heidenheim,1664.42,1473.2,0.8424,D,H,
2024-03-31,Augsburg,FC Koln,1523.9,1404.91,0.7791,D,H,
2024-03-31,Alaves,Sociedad,1428.01,1591.49,0.4097,A,A,1.0
2024-03-31,Girona,Betis,1646.98,1538.69,0.7683,H,H,1.0
2024-03-31,Bochum,Darmstadt,1409.45,1316.55,0.7522,D,H,
2024-03-31,Celta,Vallecano,1458.47,1430.15,0.6767,D,H,
2024-03-31,Strasbourg,Rennes,1500.0,1650.24,0.4282,H,A,0.0
2024-04-01,Bologna,Salernitana,1701.66,1315.04,0.9427,H,H,1.0
2024-04-01,Sassuolo,Udinese,1383.75,1474.43,0.5134,D,H,
2024-04-01,Lecce,Roma,1432.15,1681.33,0.2976,D,A,
2024-04-01,Inter,Empoli,1912.37,1433.23,0.9656,H,H,1.0
2024-04-01,Villarreal,Ath Madrid,1581.28,1636.87,0.5636,A,H,0.0
2024-04-01,Cagliari,Verona,1418.33,1429.46,0.6252,D,H,
2024-04-02,West Ham,Tottenham,1534.45,1641.69,0.4896,D,A,
2024-04-02,Newcastle,Everton,1593.83,1460.24,0.7933,D,H,
2024-04-02,Nott'm Forest,Fulham,1421.98,1538.33,0.4765,H,A,0.0
2024-04-02,Burnley,Wolves,1348.91,1541.7,0.3696,D,A,
2024-04-02,Bournemouth,Crystal Palace,1522.47,1437.03,0.7441,H,H,1.0
2024-04-03,Brentford,Brighton,1444.76,1561.67,0.4757,D,A,
2024-04-03,Man City,Aston Villa,1833.73,1653.75,0.8336,H,H,1.0
2024-04-03,Arsenal,Luton,1794.17,1392.78,0.9472,H,H,1.0
2024-04-04,Granada,Valencia,1285.24,1533.53,0.2987,A,A,1.0
2024-04-04,Chelsea,Man United,1559.41,1632.95,0.538,H,H,1.0
2024-04-04,Liverpool,Sheffield United,1807.2,1300.72,0.9704,H,H,1.0
2024-04-05,Salernitana,Sassuolo,1312.11,1383.32,0.5413,D,H,
2024-04-05,Ein Frankfurt,Werder Bremen,1580.24,1418.57,0.8185,D,H,
2024-04-05,Lille,Marseille,1683.06,1600.97,0.7404,H,H,1.0
2024-04-06,Crystal Palace,Man City,1426.38,1842.26,0.1396,A,A,1.0
2024-04-06,Milan,Lecce,1767.05,1438.63,0.9217,H,H,1.0
2024-04-06,Aston Villa,Brentford,1645.22,1445.53,0.8488,D,H,
2024-04-06,Everton,Burnley,1469.62,1353.08,0.7767,H,H,1.0
2024-04-06,Roma,Lazio,1674.85,1619.7,0.7095,H,H,1.0
2024-04-06,Empoli,Torino,1431.6,1608.02,0.3918,H,A,0.0
2024-04-06,Lens,Le Havre,1666.82,1449.34,0.8615,D,H,
2024-04-06,Heidenheim,Bayern Munich,1484.16,1712.15,0.3237,H,A,0.0
2024-04-06,Paris SG,Clermont,1859.64,1419.41,0.9573,D,H,
2024-04-06,Freiburg,RB Leipzig,1535.77,1658.13,0.4679,A,A,1.0
2024-04-06,Dortmund,Stuttgart,1737.77,1653.46,0.7429,A,H,0.0
2024-04-06,Union Berlin,Leverkusen,1494.04,1825.1,0.2091,A,A,1.0
2024-04-06,Mainz,Darmstadt,1420.81,1324.62,0.7557,H,H,1.0
2024-04-06,FC Koln,Bochum,1413.84,1401.38,0.6564,H,H,1.0
2024-04-06,Fulham,Newcastle,1513.58,1584.44,0.5418,A,H,0.0
2024-04-06,Luton,Bournemouth,1390.28,1533.12,0.4387,H,A,0.0
2024-04-06,Wolves,West Ham,1537.52,1534.79,0.6437,A,H,0.0
2024-04-06,Brighton,Arsenal,1560.89,1796.66,0.314,A,A,1.0
2024-04-07,Wolfsburg,M'gladbach,1453.42,1441.26,0.656,A,H,0.0
2024-04-07,Brest,Metz,1689.77,1374.05,0.9163,H,H,1.0
2024-04-07,Reims,Nice,1562.4,1565.18,0.6364,D,H,
2024-04-07,Monaco,Rennes,1667.57,1623.21,0.6966,H,H,1.0
2024-04-07,Toulouse,Strasbourg,1529.5,1527.03,0.6433,D,H,
2024-04-07,Nantes,Lyon,1430.89,1600.09,0.4017,A,A,1.0
2024-04-07,Montpellier,Lorient,1533.67,1464.71,0.7256,H,H,1.0
2024-04-07,Hoffenheim,Augsburg,1463.41,1514.97,0.5693,H,H,1.0
2024-04-07,Frosinone,Bologna,1379.86,1704.59,0.2152,D,A,
2024-04-07,Cagliari,Atalanta,1414.32,1690.28,0.2664,H,A,0.0
2024-04-07,Verona,Genoa,1433.47,1483.93,0.5708,A,H,0.0
2024-04-07,Man United,Liverpool,1613.72,1808.59,0.3668,D,A,
2024-04-07,Sheffield United,Chelsea,1299.33,1578.64,0.2627,D,A,
2024-04-07,Tottenham,Nott'm Forest,1641.36,1446.72,0.845,H,H,1.0
2024-04-07,Juventus,Fiorentina,1676.51,1587.75,0.7477,H,H,1.0
2024-04-07,Monza,Napoli,1564.43,1638.9,0.5367,A,H,0.0
2024-04-08,Udinese,Inter,1474.86,1914.0,0.1243,A,A,1.0
2024-04-12,Lazio,Salernitana,1607.6,1310.79,0.9076,H,H,1.0
2024-04-12,Betis,Celta,1529.05,1452.81,0.7339,H,H,1.0
2024-04-12,Metz,Lens,1370.56,1655.25,0.2567,H,A,0.0
2024-04-12,Augsburg,Union Berlin,1494.61,1485.33,0.6523,H,H,1.0
2024-04-13,Strasbourg,Reims,1531.62,1558.03,0.6043,H,H,1.0
2024-04-13,Lecce,Empoli,1434.62,1456.92,0.61,H,H,1.0
2024-04-13,Cadiz,Barcelona,1404.64,1771.05,0.1775,A,A,1.0
2024-04-13,Bologna,Monza,1695.48,1539.06,0.814,D,H,
2024-04-13,Torino,Juventus,1582.69,1687.01,0.4938,D,A,
2024-04-13,Rennes,Toulouse,1610.58,1524.92,0.7444,A,H,0.0
2024-04-13,Bournemouth,Man United,1509.75,1617.98,0.4882,D,A,
2024-04-13,Ath Madrid,Girona,1660.33,1656.62,0.645,H,H,1.0
2024-04-13,Man City,Luton,1848.86,1413.65,0.9561,H,H,1.0
2024-04-13,Nott'm Forest,Wolves,1439.4,1510.72,0.5412,D,H,
2024-04-13,Bochum,Heidenheim,1387.08,1512.32,0.4637,D,A,
2024-04-13,Bayern Munich,FC Koln,1684.0,1428.15,0.8858,H,H,1.0
2024-04-13,Newcastle,Tottenham,1607.0,1648.68,0.5832,H,H,1.0
2024-04-13,M'gladbach,Dortmund,1472.26,1706.85,0.3155,A,A,1.0
2024-04-13,RB Leipzig,Wolfsburg,1682.12,1422.41,0.888,H,H,1.0
2024-04-13,Brentford,Sheffield United,1456.7,1306.92,0.8081,H,H,1.0
2024-04-13,Burnley,Brighton,1343.79,1544.8,0.3586,D,A,
2024-04-13,Mallorca,Real Madrid,1479.91,1831.43,0.1903,A,A,1.0
2024-04-13,Vallecano,Getafe,1435.81,1486.13,0.571,D,H,
2024-04-13,Stuttgart,Ein Frankfurt,1684.39,1570.04,0.7745,H,H,1.0
2024-04-13,Mainz,Hoffenheim,1434.09,1483.77,0.5719,H,H,1.0
2024-04-14,Sassuolo,Milan,1384.65,1771.06,0.1613,D,A,
2024-04-14,Darmstadt,Freiburg,1311.34,1511.78,0.3593,A,A,1.0
2024-04-14,Leverkusen,Werder Bremen,1833.81,1428.77,0.9482,H,H,1.0
2024-04-14,Napoli,Frosinone,1664.27,1388.97,0.8966,D,H,
2024-04-14,Clermont,Montpellier,1434.05,1546.64,0.4819,D,A,
2024-04-14,Le Havre,Nantes,1460.91,1411.9,0.7022,A,H,0.0
2024-04-14,Inter,Cagliari,1919.17,1444.87,0.9646,D,H,
2024-04-14,Las Palmas,Sevilla,1478.42,1487.08,0.6285,A,H,0.0
2024-04-14,Granada,Alaves,1272.8,1410.96,0.4453,H,A,0.0
2024-04-14,Ath Bilbao,Villarreal,1651.11,1557.82,0.7526,D,H,
2024-04-14,Sociedad,Almeria,1608.54,1317.9,0.9045,D,H,
2024-04-14,West Ham,Fulham,1561.58,1491.02,0.7275,A,H,0.0
2024-04-14,Liverpool,Crystal Palace,1804.33,1419.78,0.9421,A,H,0.0
2024-04-14,Lyon,Brest,1619.08,1693.26,0.5371,H,H,1.0
2024-04-14,Arsenal,Aston Villa,1812.76,1634.06,0.8326,A,H,0.0
2024-04-15,Osasuna,Valencia,1511.09,1545.97,0.5926,A,H,0.0
2024-04-15,Fiorentina,Genoa,1577.24,1507.7,0.7263,D,H,
2024-04-15,Atalanta,Verona,1659.74,1409.7,0.8824,D,H,
2024-04-15,Chelsea,Everton,1571.05,1478.92,0.7514,H,H,1.0
2024-04-19,Genoa,Lazio,1514.94,1612.34,0.5037,A,H,0.0
2024-04-19,Cagliari,Juventus,1459.73,1686.81,0.3249,D,A,
2024-04-19,Ein Frankfurt,Augsburg,1558.48,1511.05,0.7003,H,H,1.0
2024-04-19,Ath Bilbao,Granada,1643.02,1299.02,0.928,D,H,
2024-04-19,Nice,Lorient,1569.54,1451.74,0.778,H,H,1.0
2024-04-20,Valencia,Betis,1570.64,1540.12,0.6795,A,H,0.0
2024-04-20,Wolves,Arsenal,1512.04,1773.4,0.2832,A,A,1.0
2024-04-20,Girona,Cadiz,1639.84,1397.25,0.8778,H,H,1.0
2024-04-20,Vallecano,Osasuna,1433.53,1486.42,0.5674,H,H,1.0
2024-04-20,Celta,Las Palmas,1441.73,1448.72,0.6308,H,H,1.0
2024-04-20,Empoli,Napoli,1440.68,1651.57,0.3456,H,A,0.0
2024-04-20,Verona,Udinese,1421.94,1469.68,0.5746,H,H,1.0
2024-04-20,Wolfsburg,Bochum,1416.67,1388.24,0.6768,H,H,1.0
2024-04-20,Hoffenheim,M'gladbach,1461.82,1459.13,0.6436,H,H,1.0
2024-04-20,Heidenheim,RB Leipzig,1511.15,1687.86,0.3914,A,A,1.0
2024-04-20,FC Koln,Darmstadt,1422.75,1296.38,0.7864,A,H,0.0
2024-04-20,Nantes,Rennes,1441.14,1579.59,0.4449,A,A,1.0
2024-04-20,Lens,Clermont,1624.31,1434.63,0.8412,H,H,1.0
2024-04-20,Union Berlin,Bayern Munich,1468.89,1689.4,0.3332,A,A,1.0
2024-04-20,Sheffield United,Burnley,1297.85,1348.31,0.5708,A,H,0.0
2024-04-20,Luton,Brentford,1411.27,1465.77,0.5651,A,H,0.0
2024-04-21,Freiburg,Mainz,1526.74,1456.04,0.7276,D,H,
2024-04-21,Dortmund,Leverkusen,1719.98,1836.76,0.4759,D,A,
2024-04-21,Aston Villa,Bournemouth,1673.42,1510.13,0.8199,H,H,1.0
2024-04-21,Crystal Palace,West Ham,1459.0,1527.2,0.5456,H,H,1.0
2024-04-21,Fulham,Liverpool,1525.41,1765.11,0.3091,A,A,1.0
2024-04-21,Getafe,Sociedad,1488.41,1595.6,0.4897,D,A,
2024-04-21,Almeria,Villarreal,1330.85,1565.9,0.3149,A,A,1.0
2024-04-21,Alaves,Ath Madrid,1384.74,1677.11,0.2484,H,A,0.0
2024-04-21,Real Madrid,Barcelona,1839.35,1778.44,0.7163,H,H,1.0
2024-04-21,Salernitana,Fiorentina,1306.05,1570.0,0.2801,A,A,1.0
2024-04-21,Everton,Nott'm Forest,1464.24,1438.08,0.674,H,H,1.0
2024-04-21,Monza,Atalanta,1549.11,1647.5,0.5023,A,H,0.0
2024-04-21,Le Havre,Metz,1431.68,1401.51,0.679,A,H,0.0
2024-04-21,Lille,Strasbourg,1695.33,1550.32,0.8038,H,H,1.0
2024-04-21,Sassuolo,Lecce,1395.49,1450.86,0.5639,A,H,0.0
2024-04-21,Torino,Frosinone,1582.89,1401.66,0.8346,D,H,
2024-04-21,Paris SG,Lyon,1845.01,1638.35,0.8539,H,H,1.0
2024-04-21,Werder Bremen,Stuttgart,1425.82,1695.95,0.273,H,A,0.0
2024-04-21,Toulouse,Marseille,1555.91,1588.7,0.5955,D,H,
2024-04-21,Brest,Monaco,1673.99,1680.21,0.6318,A,H,0.0
2024-04-21,Reims,Montpellier,1539.33,1546.06,0.6311,A,H,0.0
2024-04-22,Sevilla,Mallorca,1516.79,1471.98,0.6971,H,H,1.0
2024-04-22,Roma,Bologna,1686.94,1685.43,0.6421,A,H,0.0
2024-04-22,Milan,Inter,1760.23,1904.3,0.4369,A,A,1.0
2024-04-23,Arsenal,Chelsea,1786.79,1585.73,0.8498,H,H,1.0
2024-04-24,Everton,Liverpool,1479.65,1779.72,0.2402,H,A,0.0
2024-04-24,Monaco,Lille,1710.07,1703.49,0.6487,H,H,1.0
2024-04-24,Wolves,Bournemouth,1498.66,1501.62,0.6361,A,H,0.0
2024-04-24,Crystal Palace,Newcastle,1482.29,1629.66,0.4322,H,A,0.0
2024-04-24,Man United,Sheffield United,1617.6,1268.59,0.9299,H,H,1.0
2024-04-24,Marseille,Nice,1591.76,1580.92,0.6543,D,H,
2024-04-24,Lorient,Paris SG,1440.35,1852.5,0.1422,A,A,1.0
2024-04-25,Brighton,Man City,1540.27,1851.24,0.2289,A,A,1.0
2024-04-25,Udinese,Roma,1451.97,1656.6,0.3538,A,A,1.0
2024-04-26,Frosinone,Salernitana,1412.37,1292.81,0.7797,H,H,1.0
2024-04-26,Montpellier,Nantes,1572.33,1418.33,0.8119,D,H,
2024-04-26,Bochum,Hoffenheim,1374.78,1476.66,0.4973,H,A,0.0
2024-04-26,Sociedad,Real Madrid,1595.27,1851.16,0.2896,A,A,1.0
2024-04-27,Lazio,Verona,1633.31,1439.65,0.8443,H,H,1.0
2024-04-27,Juventus,Milan,1681.21,1742.04,0.5561,D,H,
2024-04-27,Lecce,Monza,1479.76,1528.19,0.5737,D,H,
2024-04-27,Alaves,Celta,1420.27,1460.66,0.5849,H,H,1.0
2024-04-27,Las Palmas,Girona,1429.79,1646.1,0.3386,A,A,1.0
2024-04-27,Almeria,Getafe,1317.74,1488.74,0.3992,A,A,1.0
2024-04-27,Ath Madrid,Ath Bilbao,1641.58,1629.33,0.6562,H,H,1.0
2024-04-27,West Ham,Liverpool,1503.91,1743.81,0.3089,D,A,
2024-04-27,Everton,Brentford,1515.57,1496.49,0.665,H,H,1.0
2024-04-27,Leverkusen,Stuttgart,1835.98,1665.69,0.8258,D,H,
2024-04-27,RB Leipzig,Dortmund,1704.15,1720.75,0.6178,H,H,1.0
2024-04-27,Freiburg,Wolfsburg,1519.46,1430.12,0.7484,A,H,0.0
2024-04-27,Fulham,Crystal Palace,1510.8,1509.13,0.6423,D,H,
2024-04-27,Paris SG,Le Havre,1859.79,1403.41,0.9609,D,H,
2024-04-27,Augsburg,Werder Bremen,1496.88,1456.09,0.6922,A,H,0.0
2024-04-27,Bayern Munich,Ein Frankfurt,1707.51,1572.65,0.7945,H,H,1.0
2024-04-27,Aston Villa,Chelsea,1681.93,1577.18,0.7647,D,H,
2024-04-27,Man United,Burnley,1620.92,1377.58,0.8783,D,H,
2024-04-27,Wolves,Luton,1472.17,1380.54,0.7508,H,H,1.0
2024-04-27,Newcastle,Sheffield United,1602.83,1265.27,0.9254,H,H,1.0
2024-04-28,M'gladbach,Union Berlin,1444.29,1450.78,0.6314,D,H,
2024-04-28,Atalanta,Empoli,1668.41,1467.93,0.8494,H,H,1.0
2024-04-28,Metz,Lille,1429.78,1688.87,0.2858,A,A,1.0
2024-04-28,Clermont,Reims,1428.02,1513.06,0.5215,H,H,1.0
2024-04-28,Lorient,Toulouse,1433.06,1552.85,0.4716,A,A,1.0
2024-04-28,Strasbourg,Nice,1542.15,1585.86,0.5803,A,H,0.0
2024-04-28,Rennes,Brest,1602.39,1644.12,0.5831,A,H,0.0
2024-04-28,Mainz,FC Koln,1463.32,1385.58,0.7356,D,H,
2024-04-28,Darmstadt,Heidenheim,1333.55,1494.86,0.4127,A,A,1.0
2024-04-28,Lyon,Monaco,1630.86,1724.69,0.5089,H,H,1.0
2024-04-28,Tottenham,Arsenal,1626.02,1795.33,0.4015,A,A,1.0
2024-04-28,Bologna,Udinese,1715.78,1437.24,0.8984,D,H,
2024-04-28,Napoli,Roma,1624.33,1671.33,0.5757,D,H,
2024-04-28,Fiorentina,Sassuolo,1583.24,1366.58,0.8609,H,H,1.0
2024-04-28,Marseille,Lens,1586.82,1630.92,0.5798,H,H,1.0
2024-04-28,Bournemouth,Brighton,1528.1,1527.83,0.6404,H,H,1.0
2024-04-28,Inter,Torino,1922.49,1572.18,0.9304,H,H,1.0
2024-04-28,Nott'm Forest,Man City,1422.67,1863.69,0.1231,A,A,1.0
2024-04-28,Cadiz,Mallorca,1390.99,1459.37,0.5454,D,H,
2024-04-28,Granada,Osasuna,1312.72,1468.4,0.4205,H,A,0.0
2024-04-28,Villarreal,Vallecano,1579.01,1451.54,0.7874,H,H,1.0
2024-04-28,Betis,Sevilla,1568.41,1529.4,0.69,D,H,
2024-04-29,Genoa,Cagliari,1493.97,1465.34,0.6771,H,H,1.0
2024-04-29,Barcelona,Valencia,1766.63,1542.35,0.8661,H,H,1.0
2024-05-02,Chelsea,Tottenham,1585.65,1609.3,0.6081,H,H,1.0
2024-05-03,Hoffenheim,RB Leipzig,1455.73,1723.75,0.2754,D,A,
2024-05-03,Luton,Everton,1370.17,1529.52,0.4154,D,A,
2024-05-03,Lens,Lorient,1613.42,1413.43,0.849,H,H,1.0
2024-05-03,Toulouse,Montpellier,1572.48,1562.35,0.6534,A,H,0.0
2024-05-03,Getafe,Ath Bilbao,1507.61,1613.07,0.4921,A,A,1.0
2024-05-03,Torino,Bologna,1568.89,1703.03,0.451,D,A,
2024-05-04,Brentford,Fulham,1482.54,1506.24,0.6081,D,H,
2024-05-04,Burnley,Newcastle,1389.68,1606.88,0.3375,A,A,1.0
2024-05-04,Brest,Nantes,1668.4,1428.31,0.8763,D,H,
2024-05-04,Metz,Rennes,1417.88,1578.12,0.4142,A,A,1.0
2024-05-04,Monaco,Clermont,1704.25,1452.55,0.8834,H,H,1.0
2024-05-04,Le Havre,Strasbourg,1418.16,1514.72,0.5049,H,H,1.0
2024-05-04,Man City,Wolves,1869.51,1482.55,0.9428,H,H,1.0
2024-05-04,FC Koln,Freiburg,1393.12,1488.3,0.5069,D,H,
2024-05-04,Werder Bremen,M'gladbach,1491.57,1440.09,0.7052,D,H,
2024-05-04,Stuttgart,Bayern Munich,1676.11,1716.07,0.5856,H,H,1.0
2024-05-04,Dortmund,Augsburg,1701.16,1461.39,0.8761,H,H,1.0
2024-05-04,Sassuolo,Inter,1359.02,1925.79,0.0637,H,A,0.0
2024-05-04,Sheffield United,Nott'm Forest,1261.22,1416.85,0.4206,A,A,1.0
2024-05-04,Arsenal,Bournemouth,1812.05,1546.54,0.8913,H,H,1.0
2024-05-04,Wolfsburg,Darmstadt,1461.28,1316.37,0.8037,H,H,1.0
2024-05-04,Sociedad,Las Palmas,1583.21,1413.78,0.8251,H,H,1.0
2024-05-04,Real Madrid,Cadiz,1863.22,1389.54,0.9645,H,H,1.0
2024-05-04,Monza,Lazio,1530.55,1639.8,0.4867,D,A,
2024-05-04,Girona,Barcelona,1662.11,1772.96,0.4844,H,A,0.0
2024-05-04,Mallorca,Ath Madrid,1460.83,1657.83,0.3639,A,A,1.0
2024-05-05,Heidenheim,Mainz,1512.04,1455.78,0.7108,D,H,
2024-05-05,Vallecano,Almeria,1440.65,1298.87,0.8009,A,H,0.0
2024-05-05,Roma,Juventus,1673.75,1679.41,0.6325,D,H,
2024-05-05,Milan,Genoa,1743.83,1510.52,0.872,D,H,
2024-05-05,Chelsea,West Ham,1604.17,1510.02,0.7535,H,H,1.0
2024-05-05,Brighton,Aston Villa,1509.39,1673.46,0.4088,H,A,0.0
2024-05-05,Sevilla,Granada,1535.48,1342.42,0.8438,H,H,1.0
2024-05-05,Liverpool,Tottenham,1737.69,1590.78,0.8055,H,H,1.0
2024-05-05,Valencia,Alaves,1536.02,1441.55,0.7539,A,H,0.0
2024-05-05,Celta,Villarreal,1439.39,1589.91,0.4278,H,A,0.0
2024-05-05,Osasuna,Betis,1438.7,1562.33,0.466,A,A,1.0
2024-05-05,Verona,Fiorentina,1433.16,1590.81,0.4178,H,A,0.0
2024-05-05,Empoli,Frosinone,1460.81,1423.67,0.6877,D,H,
2024-05-05,Cagliari,Lecce,1448.78,1477.41,0.6013,D,H,
2024-05-05,Ein Frankfurt,Leverkusen,1564.09,1825.56,0.283,A,A,1.0
2024-05-05,Union Berlin,Bochum,1454.98,1395.71,0.7144,A,H,0.0
2024-05-06,Salernitana,Atalanta,1281.51,1675.53,0.1554,A,A,1.0
2024-05-06,Udinese,Napoli,1449.99,1621.91,0.398,D,A,
2024-05-06,Crystal Palace,Man United,1513.68,1608.81,0.507,H,H,1.0
2024-05-06,Lille,Lyon,1700.77,1651.31,0.7027,A,H,0.0
2024-05-10,Alaves,Girona,1472.93,1686.48,0.3422,D,A,
2024-05-10,Frosinone,Inter,1429.67,1886.81,0.1135,A,A,1.0
2024-05-10,Brest,Reims,1656.36,1488.53,0.8237,D,H,
2024-05-10,Nice,Le Havre,1613.29,1441.56,0.827,H,H,1.0
2024-05-10,Augsburg,Stuttgart,1454.66,1695.7,0.3075,A,A,1.0
2024-05-11,Ath Bilbao,Osasuna,1636.34,1416.67,0.863,D,H,
2024-05-11,Mallorca,Las Palmas,1445.67,1405.51,0.6914,H,H,1.0
2024-05-11,Villarreal,Sevilla,1566.09,1543.49,0.6695,H,H,1.0
2024-05-11,Freiburg,Heidenheim,1488.52,1505.29,0.6175,D,H,
2024-05-11,M'gladbach,Ein Frankfurt,1446.65,1548.7,0.4971,D,A,
2024-05-11,RB Leipzig,Werder Bremen,1716.56,1485.01,0.8709,D,H,
2024-05-11,Mainz,Dortmund,1462.53,1707.89,0.3022,H,A,0.0
2024-05-11,Granada,Real Madrid,1334.42,1865.04,0.0774,A,A,1.0
2024-05-11,FC Koln,Union Berlin,1392.9,1425.24,0.5962,H,H,1.0
2024-05-11,Bournemouth,Brentford,1540.96,1479.08,0.7175,A,H,0.0
2024-05-11,Napoli,Bologna,1618.64,1701.47,0.5247,A,H,0.0
2024-05-11,Tottenham,Burnley,1581.59,1372.38,0.8557,H,H,1.0
2024-05-11,Newcastle,Brighton,1624.18,1534.0,0.7493,D,H,
2024-05-11,Nott'm Forest,Chelsea,1436.73,1618.2,0.3849,A,A,1.0
2024-05-11,Fulham,Man City,1509.7,1872.62,0.1804,A,A,1.0
2024-05-11,West Ham,Luton,1496.0,1372.88,0.7832,H,H,1.0
2024-05-11,Wolves,Crystal Palace,1479.44,1540.48,0.5558,A,H,0.0
2024-05-11,Everton,Sheffield United,1526.81,1241.34,0.9019,H,H,1.0
2024-05-11,Milan,Cagliari,1731.93,1445.54,0.9024,H,H,1.0
2024-05-12,Rennes,Lens,1595.36,1620.56,0.606,D,H,
2024-05-12,Betis,Almeria,1584.36,1332.21,0.8836,H,H,1.0
2024-05-12,Nantes,Lille,1440.35,1671.51,0.3197,A,A,1.0
2024-05-12,Valencia,Vallecano,1504.63,1407.3,0.7569,D,H,
2024-05-12,Marseille,Lorient,1604.31,1406.29,0.8476,H,H,1.0
2024-05-12,Clermont,Lyon,1446.57,1680.57,0.3162,A,A,1.0
2024-05-12,Ath Madrid,Celta,1672.99,1463.21,0.8561,H,H,1.0
2024-05-12,Strasbourg,Metz,1491.32,1400.63,0.7498,H,H,1.0
2024-05-12,Paris SG,Toulouse,1845.04,1545.28,0.909,A,H,0.0
2024-05-12,Montpellier,Monaco,1589.55,1710.23,0.4703,A,A,1.0
2024-05-12,Cadiz,Getafe,1387.72,1484.35,0.5049,H,H,1.0
2024-05-12,Atalanta,Roma,1682.0,1669.51,0.6565,H,H,1.0
2024-05-12,Man United,Arsenal,1582.01,1817.62,0.3142,A,A,1.0
2024-05-12,Bayern Munich,Wolfsburg,1696.48,1471.34,0.8666,H,H,1.0
2024-05-12,Bochum,Leverkusen,1425.45,1840.95,0.1399,A,A,1.0
2024-05-12,Darmstadt,Hoffenheim,1306.3,1462.92,0.4192,A,A,1.0
2024-05-12,Juventus,Salernitana,1683.65,1275.04,0.9492,D,H,
2024-05-12,Verona,Torino,1457.4,1570.46,0.4812,A,A,1.0
2024-05-12,Genoa,Sassuolo,1522.42,1398.0,0.7845,H,H,1.0
2024-05-12,Lazio,Empoli,1639.37,1454.8,0.8373,H,H,1.0
2024-05-13,Fiorentina,Monza,1566.57,1530.98,0.6858,H,H,1.0
2024-05-13,Aston Villa,Liverpool,1648.85,1746.88,0.5028,D,H,
2024-05-13,Lecce,Udinese,1480.65,1453.25,0.6755,A,H,0.0
2024-05-13,Barcelona,Sociedad,1748.59,1591.48,0.8146,H,H,1.0
2024-05-14,Osasuna,Mallorca,1428.28,1458.52,0.5991,D,H,
2024-05-14,Real Madrid,Alaves,1869.24,1477.98,0.9442,H,H,1.0
2024-05-14,Tottenham,Man City,1587.59,1882.42,0.2457,A,A,1.0
2024-05-14,Girona,Villarreal,1681.43,1579.85,0.7614,A,H,0.0
2024-05-15,Getafe,Ath Madrid,1463.73,1678.98,0.34,A,A,1.0
2024-05-15,Celta,Ath Bilbao,1457.22,1624.72,0.4041,H,A,0.0
2024-05-15,Vallecano,Granada,1415.53,1330.21,0.744,H,H,1.0
2024-05-15,Sevilla,Cadiz,1529.73,1408.33,0.7815,A,H,0.0
2024-05-15,Brighton,Chelsea,1541.98,1634.22,0.5112,A,H,0.0
2024-05-15,Reims,Marseille,1498.89,1611.52,0.4818,H,A,0.0
2024-05-15,Nice,Paris SG,1620.5,1802.08,0.3847,A,A,1.0
2024-05-15,Man United,Newcastle,1568.93,1616.2,0.5753,H,H,1.0
2024-05-16,Sociedad,Valencia,1582.72,1496.41,0.7451,H,H,1.0
2024-05-16,Las Palmas,Betis,1392.67,1589.21,0.3645,D,A,
2024-05-16,Almeria,Barcelona,1327.37,1757.35,0.1302,A,A,1.0
2024-05-17,Fiorentina,Napoli,1579.65,1593.84,0.621,D,H,
2024-05-18,Heidenheim,FC Koln,1509.06,1409.71,0.7591,H,H,1.0
2024-05-18,Ein Frankfurt,RB Leipzig,1548.61,1704.69,0.42,D,A,
2024-05-18,Lecce,Atalanta,1448.72,1696.31,0.2995,A,A,1.0
2024-05-18,Dortmund,Darmstadt,1672.12,1281.55,0.944,H,H,1.0
2024-05-18,Wolfsburg,Mainz,1465.04,1498.3,0.5949,A,H,0.0
2024-05-18,Werder Bremen,Bochum,1496.87,1417.49,0.7374,H,H,1.0
2024-05-18,Union Berlin,Freiburg,1408.43,1484.76,0.534,H,H,1.0
2024-05-18,Stuttgart,M'gladbach,1708.5,1446.75,0.8892,H,H,1.0
2024-05-18,Leverkusen,Augsburg,1848.91,1441.86,0.9488,H,H,1.0
2024-05-18,Hoffenheim,Bayern Munich,1487.67,1702.78,0.3401,H,A,0.0
2024-05-18,Alaves,Getafe,1474.81,1446.3,0.6769,H,H,1.0
2024-05-18,Torino,Milan,1590.49,1737.23,0.4331,H,A,0.0
2024-05-19,Udinese,Empoli,1485.18,1447.11,0.6889,D,H,
2024-05-19,Monza,Frosinone,1517.9,1423.22,0.7541,A,H,0.0
2024-05-19,Sassuolo,Cagliari,1389.02,1440.24,0.5697,A,H,0.0
2024-05-19,Inter,Lazio,1893.26,1647.06,0.88,D,H,
2024-05-19,Roma,Genoa,1655.21,1531.4,0.7839,H,H,1.0
2024-05-19,Villarreal,Real Madrid,1611.55,1872.42,0.2837,D,A,
2024-05-19,Luton,Fulham,1362.63,1499.89,0.4466,A,A,1.0
2024-05-19,Betis,Sociedad,1584.87,1593.33,0.6288,A,H,0.0
2024-05-19,Toulouse,Brest,1588.24,1646.0,0.5605,A,H,0.0
2024-05-19,Reims,Rennes,1520.46,1591.97,0.5409,H,H,1.0
2024-05-19,Monaco,Nantes,1732.46,1427.04,0.9116,H,H,1.0
2024-05-19,Metz,Paris SG,1390.22,1818.09,0.1315,A,A,1.0
2024-05-19,Lyon,Strasbourg,1693.73,1501.74,0.843,H,H,1.0
2024-05-19,Sheffield United,Tottenham,1237.25,1575.98,0.2019,A,A,1.0
2024-05-19,Man City,West Ham,1894.04,1506.25,0.9431,H,H,1.0
2024-05-19,Lorient,Clermont,1399.09,1433.4,0.5934,H,H,1.0
2024-05-19,Liverpool,Wolves,1746.97,1453.17,0.9061,H,H,1.0
2024-05-19,Crystal Palace,Aston Villa,1566.76,1648.76,0.5259,H,H,1.0
2024-05-19,Chelsea,Bournemouth,1655.5,1511.09,0.8033,H,H,1.0
2024-05-19,Burnley,Nott'm Forest,1366.37,1420.71,0.5653,A,H,0.0
2024-05-19,Brighton,Man United,1520.7,1586.61,0.5489,A,H,0.0
2024-05-19,Brentford,Newcastle,1508.95,1598.52,0.515,A,H,0.0
2024-05-19,Arsenal,Everton,1830.7,1530.89,0.909,H,H,1.0
2024-05-19,Le Havre,Marseille,1434.35,1589.95,0.4207,A,A,1.0
2024-05-19,Cadiz,Las Palmas,1440.87,1397.0,0.696,D,H,
2024-05-19,Lens,Montpellier,1623.95,1567.32,0.7113,D,H,
2024-05-19,Lille,Nice,1684.82,1604.48,0.7385,D,H,
2024-05-19,Valencia,Girona,1485.8,1649.73,0.409,A,A,1.0
2024-05-19,Ath Bilbao,Sevilla,1599.91,1497.19,0.7626,H,H,1.0
2024-05-19,Ath Madrid,Osasuna,1696.41,1425.11,0.8945,A,H,0.0
2024-05-19,Barcelona,Vallecano,1763.51,1426.18,0.9254,H,H,1.0
2024-05-19,Mallorca,Almeria,1461.69,1321.21,0.7997,D,H,
2024-05-19,Granada,Celta,1319.55,1482.03,0.411,A,A,1.0
2024-05-20,Bologna,Juventus,1726.27,1669.28,0.7117,D,H,
2024-05-20,Salernitana,Verona,1289.41,1437.37,0.4314,A,A,1.0
2024-05-23,Cagliari,Fiorentina,1467.17,1575.78,0.4876,A,A,1.0
2024-05-24,Girona,Granada,1669.06,1302.44,0.9362,H,H,1.0
2024-05-24,Genoa,Bologna,1522.4,1719.49,0.3638,H,A,0.0
2024-05-25,Juventus,Monza,1676.05,1486.5,0.8411,H,H,1.0
2024-05-25,Osasuna,Villarreal,1470.97,1618.47,0.4321,D,A,
2024-05-25,Sociedad,Ath Madrid,1623.05,1650.55,0.6028,A,H,0.0
2024-05-25,Almeria,Cadiz,1330.8,1434.6,0.4945,H,A,0.0
2024-05-25,Milan,Salernitana,1710.44,1271.45,0.957,D,H,
2024-05-25,Vallecano,Ath Bilbao,1422.36,1611.13,0.375,A,A,1.0
2024-05-25,Real Madrid,Betis,1865.5,1555.15,0.9139,D,H,
2024-05-26,Frosinone,Udinese,1454.61,1479.14,0.6069,A,H,0.0
2024-05-26,Empoli,Roma,1453.15,1664.2,0.3454,H,A,0.0
2024-05-26,Verona,Inter,1455.33,1881.1,0.1329,D,A,
2024-05-26,Napoli,Lecce,1597.71,1434.56,0.8198,D,H,
2024-05-26,Atalanta,Torino,1710.46,1617.29,0.7525,H,H,1.0
2024-05-26,Lazio,Sassuolo,1659.22,1362.09,0.9077,D,H,
2024-05-26,Getafe,Mallorca,1432.85,1452.1,0.6142,A,H,0.0
2024-05-26,Las Palmas,Alaves,1403.27,1488.26,0.5216,D,H,
2024-05-26,Sevilla,Barcelona,1485.97,1767.33,0.2604,A,A,1.0
2024-05-26,Celta,Valencia,1499.14,1466.46,0.6822,D,H,
2024-06-02,Atalanta,Fiorentina,1723.15,1596.08,0.787,A,H,0.0
2024-08-15,Ath Bilbao,Getafe,1626.74,1407.28,0.8628,D,H,
2024-08-15,Betis,Girona,1568.4,1672.95,0.4934,D,A,
2024-08-16,Man United,Fulham,1612.56,1521.0,0.7508,H,H,1.0
2024-08-16,Le Havre,Paris SG,1416.84,1824.31,0.1455,A,A,1.0
2024-08-16,Las Palmas,Sevilla,1402.58,1475.13,0.5394,D,H,
2024-08-16,Celta,Alaves,1493.31,1488.95,0.6458,H,H,1.0
2024-08-17,Valencia,Barcelona,1472.29,1778.17,0.2341,A,A,1.0
2024-08-17,Reims,Lille,1539.57,1677.19,0.4461,A,A,1.0
2024-08-17,West Ham,Aston Villa,1503.56,1621.78,0.4738,A,A,1.0
2024-08-17,Nott'm Forest,Bournemouth,1444.24,1502.9,0.5592,D,H,
2024-08-17,Newcastle,Southampton,1622.87,1303.89,0.9177,H,H,1.0
2024-08-17,Everton,Brighton,1527.1,1494.75,0.6818,A,H,0.0
2024-08-17,Empoli,Monza,1480.41,1478.99,0.6419,D,H,
2024-08-17,Arsenal,Wolves,1834.49,1448.73,0.9425,H,H,1.0
2024-08-17,Ipswich,Liverpool,1500.0,1751.41,0.2949,A,A,1.0
2024-08-17,Genoa,Inter,1552.47,1869.35,0.223,D,A,
2024-08-17,Parma,Fiorentina,1248.29,1628.84,0.1659,D,A,
2024-08-17,Osasuna,Leganes,1473.14,1500.0,0.6037,D,H,
2024-08-17,Milan,Torino,1695.82,1604.6,0.7504,D,H,
2024-08-17,Brest,Marseille,1674.73,1607.46,0.7237,A,H,0.0
2024-08-17,Monaco,St Etienne,1737.26,1388.18,0.9299,H,H,1.0
2024-08-18,Verona,Napoli,1467.07,1587.48,0.4707,H,A,0.0
2024-08-18,Cagliari,Roma,1446.87,1636.95,0.3732,D,A,
2024-08-18,Montpellier,Strasbourg,1574.09,1495.2,0.7369,D,H,
2024-08-18,Toulouse,Nantes,1559.51,1422.23,0.7967,D,H,
2024-08-18,Rennes,Lyon,1572.86,1700.27,0.4606,H,A,0.0
2024-08-18,Sociedad,Vallecano,1594.56,1406.75,0.8398,A,H,0.0
2024-08-18,Auxerre,Nice,1437.4,1612.11,0.3941,H,A,0.0
2024-08-18,Mallorca,Real Madrid,1477.67,1852.26,0.1707,D,A,
2024-08-18,Angers,Lens,1268.19,1617.19,0.1926,A,A,1.0
2024-08-18,Chelsea,Man City,1663.69,1896.73,0.3174,A,A,1.0
2024-08-18,Bologna,Udinese,1689.42,1504.41,0.8376,D,H,
2024-08-18,Lazio,Venezia,1646.18,1334.37,0.9146,H,H,1.0
2024-08-18,Brentford,Crystal Palace,1484.61,1593.73,0.4869,H,A,0.0
2024-08-19,Villarreal,Ath Madrid,1616.29,1679.04,0.5534,D,H,
2024-08-19,Valladolid,Espanol,1414.13,1422.95,0.6283,H,H,1.0
2024-08-19,Leicester,Tottenham,1426.45,1586.33,0.4147,D,A,
2024-08-19,Lecce,Atalanta,1444.79,1690.39,0.3019,A,A,1.0
2024-08-19,Juventus,Como,1683.56,1500.0,0.8365,H,H,1.0
2024-08-23,Celta,Valencia,1508.06,1462.55,0.698,H,H,1.0
2024-08-23,Sevilla,Villarreal,1476.39,1614.59,0.4453,A,A,1.0
2024-08-23,M'gladbach,Leverkusen,1440.72,1851.04,0.1435,A,A,1.0
2024-08-23,Paris SG,Montpellier,1831.77,1566.51,0.8912,H,H,1.0
2024-08-24,Lille,Angers,1698.28,1260.17,0.9568,H,H,1.0
2024-08-24,St Etienne,Le Havre,1385.26,1409.38,0.6075,A,H,0.0
2024-08-24,Lyon,Monaco,1672.61,1740.18,0.5465,A,H,0.0
2024-08-24,RB Leipzig,Bochum,1702.13,1404.03,0.9082,H,H,1.0
2024-08-24,Osasuna,Mallorca,1469.82,1488.21,0.6153,H,H,1.0
2024-08-24,Mainz,Union Berlin,1526.42,1427.83,0.7583,D,H,
2024-08-24,Hoffenheim,Holstein Kiel,1518.86,1500.0,0.6647,H,H,1.0
2024-08-24,Freiburg,Stuttgart,1465.36,1714.53,0.2976,H,A,0.0
2024-08-24,Augsburg,Werder Bremen,1439.72,1510.34,0.5422,D,H,
2024-08-24,Aston Villa,Arsenal,1641.5,1837.21,0.3656,A,A,1.0
2024-08-24,Tottenham,Everton,1583.6,1492.15,0.7506,H,H,1.0
2024-08-24,Southampton,Nott'm Forest,1300.47,1442.35,0.44,A,A,1.0
2024-08-24,Man City,Ipswich,1911.73,1486.06,0.9537,H,H,1.0
2024-08-24,Fulham,Leicester,1510.62,1429.18,0.7397,H,H,1.0
2024-08-24,Crystal Palace,West Ham,1572.37,1483.83,0.7475,A,H,0.0
2024-08-24,Brighton,Man United,1529.7,1622.93,0.5097,H,H,1.0
2024-08-24,Dortmund,Ein Frankfurt,1675.17,1551.17,0.7841,H,H,1.0
2024-08-24,Barcelona,Ath Bilbao,1787.92,1615.13,0.8278,H,H,1.0
2024-08-24,Udinese,Lazio,1515.21,1650.22,0.4498,H,A,0.0
2024-08-24,Espanol,Sociedad,1407.47,1559.59,0.4255,A,A,1.0
2024-08-24,Getafe,Vallecano,1418.89,1441.71,0.6093,D,H,
2024-08-24,Inter,Lecce,1860.49,1428.38,0.9553,H,H,1.0
2024-08-24,Parma,Milan,1258.99,1687.8,0.1309,H,A,0.0
2024-08-24,Monza,Genoa,1483.53,1561.34,0.5319,A,H,0.0
2024-08-25,Strasbourg,Rennes,1502.78,1600.51,0.5033,H,H,1.0
2024-08-25,Roma,Empoli,1632.89,1475.86,0.8145,A,H,0.0
2024-08-25,Bournemouth,Newcastle,1504.8,1626.29,0.4691,D,A,
2024-08-25,Wolves,Chelsea,1446.01,1648.69,0.3564,A,A,1.0
2024-08-25,Liverpool,Brentford,1765.35,1505.97,0.8878,H,H,1.0
2024-08-25,Marseille,Reims,1646.81,1518.49,0.7882,D,H,
2024-08-25,Nice,Toulouse,1586.89,1550.02,0.6874,D,H,
2024-08-25,Nantes,Auxerre,1431.73,1462.62,0.5982,H,H,1.0
2024-08-25,Lens,Brest,1625.21,1635.39,0.6265,H,H,1.0
2024-08-25,Ath Madrid,Girona,1680.75,1672.74,0.6506,H,H,1.0
2024-08-25,Alaves,Betis,1474.2,1568.6,0.5081,D,H,
2024-08-25,Leganes,Las Palmas,1503.32,1401.32,0.7618,H,H,1.0
2024-08-25,Real Madrid,Valladolid,1841.72,1429.61,0.9502,H,H,1.0
2024-08-25,St Pauli,Heidenheim,1500.0,1521.41,0.6112,A,H,0.0
2024-08-25,Napoli,Bologna,1560.34,1678.62,0.4737,H,A,0.0
2024-08-25,Wolfsburg,Bayern Munich,1436.92,1671.59,0.3153,A,A,1.0
2024-08-25,Fiorentina,Venezia,1618.15,1330.33,0.9031,D,H,
2024-08-25,Torino,Atalanta,1612.61,1706.8,0.5084,H,H,1.0
2024-08-26,Cagliari,Como,1450.92,1491.62,0.5845,D,H,
2024-08-26,Verona,Juventus,1494.21,1691.94,0.3629,A,A,1.0
2024-08-26,Villarreal,Celta,1633.12,1522.33,0.7709,H,H,1.0
2024-08-27,Mallorca,Sevilla,1472.19,1457.85,0.6589,D,H,
2024-08-27,Vallecano,Barcelona,1445.21,1795.09,0.1918,A,A,1.0
2024-08-28,Sociedad,Alaves,1577.31,1473.94,0.7633,A,H,0.0
2024-08-28,Ath Madrid,Espanol,1698.66,1389.75,0.9132,D,H,
2024-08-28,Valladolid,Leganes,1427.05,1513.23,0.5199,D,H,
2024-08-28,Ath Bilbao,Valencia,1607.96,1448.27,0.8168,H,H,1.0
2024-08-29,Girona,Osasuna,1654.83,1485.84,0.8247,H,H,1.0
2024-08-29,Las Palmas,Real Madrid,1391.4,1844.27,0.116,D,A,
2024-08-30,Lyon,Strasbourg,1646.78,1526.26,0.7806,H,H,1.0
2024-08-30,Inter,Atalanta,1862.6,1686.33,0.8307,H,H,1.0
2024-08-30,Union Berlin,St Pauli,1436.09,1471.11,0.5924,H,H,1.0
2024-08-30,Venezia,Torino,1343.23,1633.08,0.2511,A,A,1.0
2024-08-31,Bologna,Empoli,1651.64,1509.77,0.801,D,H,
2024-08-31,Lecce,Cagliari,1426.27,1448.22,0.6105,H,H,1.0
2024-08-31,Lazio,Milan,1627.31,1651.62,0.6072,D,H,
2024-08-31,Napoli,Parma,1587.32,1295.17,0.9053,H,H,1.0
2024-08-31,Leverkusen,RB Leipzig,1857.01,1705.96,0.8093,A,H,0.0
2024-08-31,Werder Bremen,Dortmund,1511.69,1685.37,0.3955,D,A,
2024-08-31,Bochum,M'gladbach,1400.21,1434.75,0.5931,A,H,0.0
2024-08-31,Ein Frankfurt,Hoffenheim,1540.96,1532.82,0.6508,H,H,1.0
2024-08-31,Holstein Kiel,Wolfsburg,1486.04,1423.79,0.7179,A,H,0.0
2024-08-31,Stuttgart,Mainz,1681.33,1518.16,0.8198,D,H,
2024-08-31,West Ham,Man City,1519.16,1914.1,0.1548,A,A,1.0
2024-08-31,Brentford,Southampton,1500.67,1282.15,0.8622,H,H,1.0
2024-08-31,Leicester,Aston Villa,1418.34,1624.22,0.3522,A,A,1.0
2024-08-31,Toulouse,Marseille,1556.01,1637.58,0.5265,A,H,0.0
2024-08-31,Montpellier,Nantes,1560.08,1450.72,0.7694,A,H,0.0
2024-08-31,Brest,St Etienne,1617.73,1356.54,0.8889,H,H,1.0
2024-08-31,Valencia,Villarreal,1440.64,1642.66,0.3573,D,A,
2024-08-31,Leganes,Mallorca,1513.87,1467.11,0.6995,A,H,0.0
2024-08-31,Nott'm Forest,Wolves,1460.67,1426.63,0.6839,D,H,
2024-08-31,Espanol,Vallecano,1402.98,1437.22,0.5935,H,H,1.0
2024-08-31,Barcelona,Valladolid,1803.07,1426.42,0.9396,H,H,1.0
2024-08-31,Arsenal,Brighton,1854.5,1550.12,0.9112,D,H,
2024-08-31,Everton,Bournemouth,1478.6,1505.79,0.6033,A,H,0.0
2024-08-31,Ipswich,Fulham,1483.69,1521.46,0.5886,D,H,
2024-08-31,Ath Bilbao,Ath Madrid,1615.59,1685.44,0.5433,A,H,0.0
2024-09-01,Real Madrid,Betis,1831.98,1568.86,0.89,H,H,1.0
2024-09-01,Man United,Liverpool,1602.52,1770.65,0.4032,A,A,1.0
2024-09-01,Newcastle,Tottenham,1625.3,1597.16,0.6765,H,H,1.0
2024-09-01,Chelsea,Crystal Palace,1668.06,1537.04,0.7908,D,H,
2024-09-01,Getafe,Sociedad,1415.4,1545.53,0.4567,D,A,
2024-09-01,Sevilla,Girona,1462.94,1664.36,0.3581,A,A,1.0
2024-09-01,Fiorentina,Monza,1605.25,1461.39,0.8028,D,H,
2024-09-01,Genoa,Verona,1583.48,1475.6,0.7679,A,H,0.0
2024-09-01,Bayern Munich,Freiburg,1684.72,1498.56,0.8385,H,H,1.0
2024-09-01,Udinese,Como,1538.12,1494.32,0.6959,H,H,1.0
2024-09-01,Monaco,Lens,1766.01,1642.86,0.7832,D,H,
2024-09-01,Angers,Nice,1258.13,1580.89,0.2172,A,A,1.0
2024-09-01,Le Havre,Auxerre,1438.09,1443.63,0.6327,H,H,1.0
2024-09-01,Reims,Rennes,1527.71,1577.03,0.5724,H,H,1.0
2024-09-01,Lille,Paris SG,1700.32,1838.2,0.4457,A,A,1.0
2024-09-01,Osasuna,Celta,1476.31,1512.8,0.5904,H,H,1.0
2024-09-01,Heidenheim,Augsburg,1550.3,1438.37,0.7721,H,H,1.0
2024-09-01,Juventus,Roma,1710.55,1598.98,0.7717,D,H,
2024-09-01,Alaves,Las Palmas,1505.72,1403.69,0.7619,H,H,1.0
2024-09-13,Betis,Leganes,1563.66,1484.75,0.7369,H,H,1.0
2024-09-13,Dortmund,Heidenheim,1682.03,1562.69,0.7795,H,H,1.0
2024-09-13,St Etienne,Lille,1350.5,1679.25,0.2114,H,A,0.0
2024-09-14,Paris SG,Brest,1859.27,1623.77,0.8734,H,H,1.0
2024-09-14,Mallorca,Villarreal,1496.23,1638.09,0.44,A,A,1.0
2024-09-14,Espanol,Alaves,1419.9,1516.98,0.5042,H,H,1.0
2024-09-14,Sevilla,Getafe,1446.01,1416.78,0.6779,H,H,1.0
2024-09-14,Sociedad,Real Madrid,1544.15,1837.18,0.2476,A,A,1.0
2024-09-14,Milan,Venezia,1655.05,1332.78,0.9191,H,H,1.0
2024-09-14,Empoli,Juventus,1519.41,1701.86,0.3835,D,A,
2024-09-14,Como,Bologna,1481.66,1642.01,0.414,D,A,
2024-09-14,Auxerre,Monaco,1426.27,1756.95,0.2095,A,A,1.0
2024-09-14,Marseille,Nice,1662.47,1592.02,0.7273,H,H,1.0
2024-09-14,Man City,Brentford,1921.42,1507.18,0.9507,H,H,1.0
2024-09-14,M'gladbach,Stuttgart,1462.78,1671.09,0.349,A,A,1.0
2024-09-14,RB Leipzig,Union Berlin,1739.65,1453.06,0.9025,D,H,
2024-09-14,Bournemouth,Chelsea,1530.9,1658.76,0.46,A,A,1.0
2024-09-14,Aston Villa,Everton,1638.88,1453.48,0.8379,H,H,1.0
2024-09-14,Freiburg,Bochum,1490.93,1372.17,0.7789,H,H,1.0
2024-09-14,Liverpool,Nott'm Forest,1791.32,1454.78,0.925,A,H,0.0
2024-09-14,Hoffenheim,Leverkusen,1516.31,1823.32,0.233,A,A,1.0
2024-09-14,Crystal Palace,Leicester,1546.35,1403.68,0.8017,D,H,
2024-09-14,Brighton,Ipswich,1563.27,1480.85,0.7408,D,H,
2024-09-14,Southampton,Man United,1275.63,1581.85,0.2338,A,A,1.0
2024-09-14,Wolfsburg,Ein Frankfurt,1457.72,1557.47,0.5004,A,H,0.0
2024-09-14,Holstein Kiel,Bayern Munich,1452.11,1692.36,0.3085,A,A,1.0
2024-09-14,Fulham,West Ham,1524.3,1511.85,0.6564,D,H,
2024-09-15,Atalanta,Fiorentina,1677.13,1595.56,0.7398,H,H,1.0
2024-09-15,Genoa,Roma,1547.18,1607.68,0.5566,D,H,
2024-09-15,Augsburg,St Pauli,1425.98,1454.14,0.6019,H,H,1.0
2024-09-15,Ath Madrid,Valencia,1708.06,1445.21,0.8898,H,H,1.0
2024-09-15,Girona,Barcelona,1681.28,1806.75,0.4634,A,A,1.0
2024-09-15,Las Palmas,Ath Bilbao,1392.44,1592.97,0.3592,A,A,1.0
2024-09-15,Lens,Lyon,1651.93,1655.91,0.6348,D,H,
2024-09-15,Celta,Valladolid,1495.74,1422.74,0.7303,H,H,1.0
2024-09-15,Mainz,Werder Bremen,1528.39,1515.03,0.6576,A,H,0.0
2024-09-15,Monza,Inter,1471.08,1871.81,0.1504,D,A,
2024-09-15,Cagliari,Napoli,1432.0,1591.27,0.4155,A,A,1.0
2024-09-15,Toulouse,Le Havre,1531.13,1455.45,0.7333,H,H,1.0
2024-09-15,Strasbourg,Angers,1517.13,1247.0,0.8938,D,H,
2024-09-15,Nantes,Reims,1487.09,1545.51,0.5596,A,H,0.0
2024-09-15,Rennes,Montpellier,1559.23,1523.71,0.6857,H,H,1.0
2024-09-15,Torino,Lecce,1643.53,1442.48,0.8498,D,H,
2024-09-15,Wolves,Newcastle,1432.52,1638.77,0.3517,A,A,1.0
2024-09-15,Tottenham,Arsenal,1583.69,1841.34,0.2875,A,A,1.0
2024-09-16,Lazio,Verona,1623.88,1511.9,0.7721,H,H,1.0
2024-09-16,Parma,Udinese,1291.23,1550.78,0.2853,A,A,1.0
2024-09-16,Vallecano,Osasuna,1420.3,1493.36,0.5387,H,H,1.0
2024-09-17,Mallorca,Sociedad,1477.91,1532.44,0.5651,H,H,1.0
2024-09-18,Betis,Getafe,1576.1,1403.37,0.8278,H,H,1.0
2024-09-19,Leganes,Ath Bilbao,1472.31,1607.93,0.4489,A,A,1.0
2024-09-20,Alaves,Sevilla,1496.34,1459.43,0.6874,H,H,1.0
2024-09-20,Verona,Torino,1502.42,1632.34,0.457,A,A,1.0
2024-09-20,Cagliari,Empoli,1409.41,1523.13,0.4803,A,A,1.0
2024-09-20,Nice,St Etienne,1579.13,1383.33,0.8459,H,H,1.0
2024-09-20,Augsburg,Mainz,1444.8,1501.01,0.5627,A,H,0.0
2024-09-21,Valladolid,Sociedad,1409.99,1514.33,0.4937,D,A,
2024-09-21,Osasuna,Las Palmas,1471.56,1377.48,0.7535,H,H,1.0
2024-09-21,Valencia,Girona,1439.56,1657.53,0.3365,H,A,0.0
2024-09-21,Real Madrid,Espanol,1848.89,1440.54,0.9491,H,H,1.0
2024-09-21,Union Berlin,Hoffenheim,1465.94,1504.37,0.5877,H,H,1.0
2024-09-21,Aston Villa,Wolves,1645.63,1417.87,0.8684,H,H,1.0
2024-09-21,Ein Frankfurt,M'gladbach,1578.3,1446.29,0.7918,H,H,1.0
2024-09-21,Werder Bremen,Bayern Munich,1542.41,1709.91,0.4041,A,A,1.0
2024-09-21,Heidenheim,Freiburg,1552.27,1500.13,0.7059,A,H,0.0
2024-09-21,West Ham,Chelsea,1516.85,1677.91,0.413,A,A,1.0
2024-09-21,Reims,Paris SG,1568.81,1865.25,0.244,D,A,
2024-09-21,Rennes,Lens,1575.34,1647.61,0.5398,D,H,
2024-09-21,Lille,Strasbourg,1646.42,1504.52,0.801,D,H,
2024-09-21,Bochum,Holstein Kiel,1362.97,1434.56,0.5408,D,H,
2024-09-21,Venezia,Genoa,1328.38,1545.37,0.3377,H,A,0.0
2024-09-21,Lecce,Parma,1453.68,1279.35,0.8291,D,H,
2024-09-21,Juventus,Napoli,1698.13,1613.86,0.7428,D,H,
2024-09-21,Fulham,Newcastle,1519.29,1653.41,0.4511,H,A,0.0
2024-09-21,Leicester,Everton,1413.33,1446.73,0.5947,D,H,
2024-09-21,Liverpool,Bournemouth,1752.81,1511.75,0.8769,H,H,1.0
2024-09-21,Southampton,Ipswich,1263.65,1488.56,0.3276,D,A,
2024-09-21,Crystal Palace,Man United,1536.69,1593.84,0.5614,D,H,
2024-09-21,Tottenham,Brentford,1571.72,1505.13,0.7229,H,H,1.0
2024-09-22,Roma,Udinese,1609.49,1562.66,0.6996,H,H,1.0
2024-09-22,Leverkusen,Wolfsburg,1835.27,1436.89,0.9463,H,H,1.0
2024-09-22,Lyon,Marseille,1660.22,1675.36,0.6198,A,H,0.0
2024-09-22,Brest,Toulouse,1617.79,1543.73,0.7314,H,H,1.0
2024-09-22,Angers,Nantes,1259.6,1463.8,0.3544,D,A,
2024-09-22,Monaco,Le Havre,1767.69,1442.85,0.9202,H,H,1.0
2024-09-22,Vallecano,Ath Madrid,1442.1,1713.71,0.2713,D,A,
2024-09-22,Villarreal,Barcelona,1656.41,1830.51,0.395,A,A,1.0
2024-09-22,Ath Bilbao,Celta,1629.15,1508.49,0.7808,H,H,1.0
2024-09-22,Stuttgart,Dortmund,1687.59,1692.45,0.6336,H,H,1.0
2024-09-22,Getafe,Leganes,1396.2,1451.09,0.5645,D,H,
2024-09-22,Fiorentina,Lazio,1584.73,1633.37,0.5734,H,H,1.0
2024-09-22,Monza,Bologna,1482.26,1639.26,0.4187,A,A,1.0
2024-09-22,Inter,Milan,1860.62,1659.45,0.8499,A,H,0.0
2024-09-22,St Pauli,RB Leipzig,1435.33,1726.77,0.2494,D,A,
2024-09-22,Montpellier,Auxerre,1507.6,1415.53,0.7513,H,H,1.0
2024-09-22,Man City,Arsenal,1923.47,1853.31,0.727,D,H,
2024-09-22,Brighton,Nott'm Forest,1555.57,1493.3,0.7179,D,H,
2024-09-23,Betis,Mallorca,1583.27,1496.02,0.7461,A,H,0.0
2024-09-24,Atalanta,Como,1687.96,1484.41,0.8516,A,H,0.0
2024-09-24,Sevilla,Valladolid,1446.41,1410.19,0.6866,H,H,1.0
2024-09-24,Valencia,Osasuna,1470.93,1481.82,0.6255,D,H,
2024-09-24,Real Madrid,Alaves,1851.5,1509.35,0.9273,H,H,1.0
2024-09-25,Barcelona,Getafe,1851.98,1394.13,0.9613,H,H,1.0
2024-09-25,Girona,Vallecano,1626.16,1449.42,0.831,D,H,
2024-09-26,Las Palmas,Betis,1367.22,1552.21,0.3801,D,A,
2024-09-26,Celta,Ath Madrid,1498.13,1706.39,0.3491,A,A,1.0
2024-09-26,Espanol,Villarreal,1437.93,1634.94,0.3639,A,A,1.0
2024-09-27,Valladolid,Mallorca,1397.14,1527.08,0.457,A,A,1.0
2024-09-27,Milan,Lecce,1694.83,1443.15,0.8833,H,H,1.0
2024-09-27,Dortmund,Bochum,1672.53,1361.66,0.9141,H,H,1.0
2024-09-27,Paris SG,Rennes,1857.06,1574.06,0.9007,H,H,1.0
2024-09-27,Auxerre,Brest,1405.17,1630.48,0.3271,H,A,0.0
2024-09-28,Genoa,Juventus,1514.07,1690.36,0.3919,A,A,1.0
2024-09-28,Brentford,West Ham,1492.04,1495.68,0.6352,D,H,
2024-09-28,Chelsea,Brighton,1699.08,1548.59,0.8088,H,H,1.0
2024-09-28,Bologna,Atalanta,1656.69,1652.5,0.6456,D,H,
2024-09-28,Freiburg,St Pauli,1536.33,1443.35,0.7523,A,H,0.0
2024-09-28,Newcastle,Man City,1627.47,1916.2,0.2523,D,A,
2024-09-28,Everton,Crystal Palace,1449.76,1534.73,0.5216,H,H,1.0
2024-09-28,Getafe,Alaves,1392.52,1506.32,0.4802,H,A,0.0
2024-09-28,Vallecano,Leganes,1460.02,1453.16,0.6491,D,H,
2024-09-28,Sociedad,Valencia,1514.13,1466.91,0.7,H,H,1.0
2024-09-28,Osasuna,Barcelona,1485.84,1853.6,0.1763,H,A,0.0
2024-09-28,Arsenal,Leicester,1860.57,1410.3,0.9596,H,H,1.0
2024-09-28,Nott'm Forest,Fulham,1500.27,1545.24,0.5785,A,H,0.0
2024-09-28,Udinese,Inter,1547.26,1825.24,0.2641,A,A,1.0
2024-09-28,Lens,Nice,1648.89,1588.77,0.7154,D,H,
2024-09-28,Wolves,Liverpool,1411.65,1759.12,0.194,A,A,1.0
2024-09-28,Le Havre,Lille,1439.08,1636.79,0.363,A,A,1.0
2024-09-28,Monaco,Montpellier,1771.46,1517.95,0.8844,H,H,1.0
2024-09-28,Bayern Munich,Leverkusen,1732.9,1837.5,0.4934,D,A,
2024-09-28,RB Leipzig,Augsburg,1718.75,1421.37,0.9078,H,H,1.0
2024-09-28,Wolfsburg,Stuttgart,1434.65,1707.51,0.2699,D,A,
2024-09-28,Mainz,Heidenheim,1524.44,1516.08,0.6511,A,H,0.0
2024-09-28,M'gladbach,Union Berlin,1436.44,1483.11,0.5762,H,H,1.0
2024-09-29,Celta,Girona,1483.6,1615.57,0.4541,D,A,
2024-09-29,Strasbourg,Marseille,1514.16,1701.16,0.3773,H,A,0.0
2024-09-29,Nantes,St Etienne,1459.14,1373.7,0.7441,D,H,
2024-09-29,Angers,Reims,1264.26,1577.0,0.2271,A,A,1.0
2024-09-29,Toulouse,Lyon,1531.04,1634.42,0.4951,A,A,1.0
2024-09-29,Ath Bilbao,Sevilla,1639.51,1459.46,0.8337,D,H,
2024-09-29,Betis,Espanol,1548.37,1422.78,0.7856,H,H,1.0
2024-09-29,Ath Madrid,Real Madrid,1720.92,1854.53,0.4518,D,A,
2024-09-29,Holstein Kiel,Ein Frankfurt,1435.86,1588.14,0.4253,A,A,1.0
2024-09-29,Ipswich,Aston Villa,1483.04,1651.85,0.4022,D,A,
2024-09-29,Napoli,Monza,1621.63,1464.83,0.8143,H,H,1.0
2024-09-29,Empoli,Fiorentina,1545.83,1602.49,0.5621,D,H,
2024-09-29,Roma,Venezia,1624.89,1359.69,0.8911,H,H,1.0
2024-09-29,Como,Verona,1519.87,1483.39,0.6869,H,H,1.0
2024-09-29,Man United,Tottenham,1595.8,1584.82,0.6545,A,H,0.0
2024-09-29,Hoffenheim,Werder Bremen,1487.21,1519.42,0.5963,A,H,0.0
2024-09-29,Torino,Lazio,1651.37,1615.61,0.686,A,H,0.0
2024-09-30,Parma,Cagliari,1289.88,1386.71,0.5046,A,H,0.0
2024-09-30,Villarreal,Las Palmas,1650.09,1371.06,0.8986,H,H,1.0
2024-09-30,Bournemouth,Southampton,1505.44,1269.17,0.8739,H,H,1.0
2024-10-04,Leganes,Valencia,1457.93,1451.53,0.6485,D,H,
2024-10-04,Verona,Venezia,1470.35,1355.15,0.7754,H,H,1.0
2024-10-04,Napoli,Como,1630.41,1532.9,0.7571,H,H,1.0
2024-10-04,Marseille,Angers,1675.24,1253.53,0.9527,D,H,
2024-10-04,Augsburg,M'gladbach,1416.36,1454.09,0.5887,H,H,1.0
2024-10-05,Getafe,Osasuna,1417.09,1524.77,0.489,D,A,
2024-10-05,Espanol,Mallorca,1413.86,1546.11,0.4537,H,A,0.0
2024-10-05,Valladolid,Vallecano,1378.11,1455.24,0.5329,A,H,0.0
2024-10-05,Real Madrid,Villarreal,1852.98,1654.88,0.8476,H,H,1.0
2024-10-05,Lille,Toulouse,1655.39,1510.43,0.8038,H,H,1.0
2024-10-05,St Etienne,Auxerre,1381.51,1439.67,0.5599,H,H,1.0
2024-10-05,Las Palmas,Celta,1366.26,1485.07,0.473,A,A,1.0
2024-10-05,Rennes,Monaco,1569.37,1776.27,0.3508,A,A,1.0
2024-10-05,West Ham,Ipswich,1500.01,1486.17,0.6582,H,H,1.0
2024-10-05,Arsenal,Southampton,1862.48,1263.2,0.9825,H,H,1.0
2024-10-05,Crystal Palace,Liverpool,1514.81,1767.2,0.2938,A,A,1.0
2024-10-05,St Pauli,Mainz,1481.91,1493.66,0.6243,A,H,0.0
2024-10-05,Werder Bremen,Freiburg,1544.24,1497.76,0.6991,A,H,0.0
2024-10-05,Union Berlin,Dortmund,1465.46,1676.59,0.3453,H,A,0.0
2024-10-05,Leverkusen,Holstein Kiel,1837.29,1415.76,0.9527,D,H,
2024-10-05,Bochum,Wolfsburg,1357.6,1442.02,0.5224,A,H,0.0
2024-10-05,Udinese,Lecce,1536.26,1437.17,0.7588,H,H,1.0
2024-10-05,Inter,Torino,1836.24,1622.81,0.8587,H,H,1.0
2024-10-05,Atalanta,Genoa,1657.16,1493.97,0.8198,H,H,1.0
2024-10-05,Man City,Fulham,1908.28,1569.33,0.926,H,H,1.0
2024-10-05,Brentford,Wolves,1487.71,1403.58,0.7427,H,H,1.0
2024-10-05,Leicester,Bournemouth,1408.39,1511.4,0.4957,H,A,0.0
2024-10-05,Everton,Newcastle,1469.68,1635.39,0.4065,D,A,
2024-10-06,Alaves,Barcelona,1481.75,1814.66,0.2074,A,A,1.0
2024-10-06,Stuttgart,Hoffenheim,1700.15,1462.38,0.8748,D,H,
2024-10-06,Ein Frankfurt,Bayern Munich,1608.25,1733.11,0.4643,D,A,
2024-10-06,Heidenheim,RB Leipzig,1546.85,1723.76,0.3911,A,A,1.0
2024-10-06,Bologna,Parma,1652.03,1268.87,0.9417,D,H,
2024-10-06,Sevilla,Betis,1470.14,1557.29,0.5185,H,H,1.0
2024-10-06,Sociedad,Ath Madrid,1529.51,1722.47,0.3693,D,A,
2024-10-06,Fiorentina,Milan,1604.48,1700.81,0.5053,H,H,1.0
2024-10-06,Lyon,Nantes,1655.04,1451.33,0.8517,H,H,1.0
2024-10-06,Monza,Roma,1456.05,1629.42,0.396,D,A,
2024-10-06,Juventus,Cagliari,1710.45,1407.72,0.9104,D,H,
2024-10-06,Lazio,Empoli,1644.17,1543.85,0.7601,H,H,1.0
2024-10-06,Brest,Le Havre,1595.99,1420.47,0.8301,H,H,1.0
2024-10-06,Girona,Ath Bilbao,1614.1,1628.83,0.6203,H,H,1.0
2024-10-06,Strasbourg,Lens,1540.08,1642.0,0.4972,D,A,
2024-10-06,Nice,Paris SG,1595.66,1861.75,0.2777,D,A,
2024-10-06,Aston Villa,Man United,1648.72,1562.25,0.7453,D,H,
2024-10-06,Chelsea,Nott'm Forest,1708.12,1476.18,0.8711,D,H,
2024-10-06,Brighton,Tottenham,1539.55,1618.37,0.5304,H,H,1.0
2024-10-06,Reims,Montpellier,1587.74,1513.14,0.7321,H,H,1.0
2024-10-18,Dortmund,St Pauli,1649.34,1449.91,0.8486,H,H,1.0
2024-10-18,Alaves,Valladolid,1471.12,1355.93,0.7753,A,H,0.0
2024-10-18,Monaco,Lille,1790.88,1663.56,0.7873,D,H,
2024-10-19,Osasuna,Betis,1524.41,1537.25,0.6229,A,H,0.0
2024-10-19,Girona,Sociedad,1629.91,1533.69,0.7557,A,H,0.0
2024-10-19,Celta,Real Madrid,1504.76,1860.19,0.1869,A,A,1.0
2024-10-19,Ath Bilbao,Espanol,1613.02,1436.6,0.8308,H,H,1.0
2024-10-19,Juventus,Lazio,1697.32,1654.15,0.6951,H,H,1.0
2024-10-19,Milan,Udinese,1680.22,1546.3,0.7936,H,H,1.0
2024-10-19,Genoa,Bologna,1484.18,1637.9,0.4233,D,A,
2024-10-19,Como,Parma,1521.42,1283.01,0.8752,D,H,
2024-10-19,Tottenham,West Ham,1598.82,1517.53,0.7395,H,H,1.0
2024-10-19,Fulham,Aston Villa,1566.24,1640.88,0.5364,A,H,0.0
2024-10-19,Ipswich,Everton,1468.65,1472.67,0.6347,A,H,0.0
2024-10-19,Man United,Brentford,1570.09,1499.87,0.7271,H,H,1.0
2024-10-19,Newcastle,Brighton,1632.4,1559.1,0.7306,A,H,0.0
2024-10-19,Bournemouth,Arsenal,1490.4,1863.31,0.1721,H,A,0.0
2024-10-19,Mainz,RB Leipzig,1525.67,1740.04,0.3411,A,A,1.0
2024-10-19,Bayern Munich,Stuttgart,1731.97,1688.15,0.6959,H,H,1.0
2024-10-19,M'gladbach,Heidenheim,1436.96,1530.57,0.5092,H,H,1.0
2024-10-19,Leverkusen,Ein Frankfurt,1822.8,1609.39,0.8587,H,H,1.0
2024-10-19,Paris SG,Strasbourg,1854.64,1540.17,0.9157,H,H,1.0
2024-10-19,St Etienne,Lens,1402.31,1641.91,0.3093,A,A,1.0
2024-10-19,Brest,Rennes,1604.02,1554.76,0.7025,D,H,
2024-10-19,Southampton,Leicester,1262.38,1429.39,0.4047,A,A,1.0
2024-10-19,Freiburg,Augsburg,1526.87,1433.48,0.7527,H,H,1.0
2024-10-19,Hoffenheim,Bochum,1474.37,1332.91,0.8006,H,H,1.0
2024-10-20,Barcelona,Sevilla,1825.3,1490.19,0.9245,H,H,1.0
2024-10-20,Villarreal,Getafe,1647.68,1417.45,0.87,D,H,
2024-10-20,Ath Madrid,Leganes,1718.29,1453.18,0.8911,H,H,1.0
2024-10-20,Auxerre,Reims,1418.87,1600.4,0.3848,H,A,0.0
2024-10-20,Nantes,Nice,1444.32,1602.78,0.4167,D,A,
2024-10-20,Toulouse,Angers,1502.26,1268.01,0.8726,D,H,
2024-10-20,Montpellier,Marseille,1500.47,1660.75,0.4141,A,A,1.0
2024-10-20,Le Havre,Lyon,1412.43,1662.04,0.2971,A,A,1.0
2024-10-20,Mallorca,Vallecano,1523.36,1477.43,0.6985,H,H,1.0
2024-10-20,Lecce,Fiorentina,1427.12,1625.08,0.3627,A,A,1.0
2024-10-20,Wolves,Man City,1391.42,1911.36,0.0819,A,A,1.0
2024-10-20,Liverpool,Chelsea,1779.43,1696.25,0.7416,H,H,1.0
2024-10-20,Wolfsburg,Werder Bremen,1466.71,1515.14,0.5737,A,H,0.0
2024-10-20,Holstein Kiel,Union Berlin,1430.24,1492.72,0.5538,A,H,0.0
2024-10-20,Roma,Inter,1626.09,1842.12,0.339,A,A,1.0
2024-10-20,Cagliari,Torino,1420.85,1616.92,0.3652,H,A,0.0
2024-10-20,Venezia,Atalanta,1345.8,1666.96,0.2187,A,A,1.0
2024-10-20,Empoli,Napoli,1533.86,1641.89,0.4884,A,A,1.0
2024-10-21,Nott'm Forest,Crystal Palace,1488.06,1502.58,0.6206,H,H,1.0
2024-10-21,Valencia,Las Palmas,1456.28,1346.57,0.7698,A,H,0.0
2024-10-21,Verona,Monza,1479.7,1459.38,0.6665,A,H,0.0
2024-10-25,Mainz,M'gladbach,1509.55,1457.4,0.706,D,H,
2024-10-25,Espanol,Sevilla,1427.93,1486.08,0.5599,A,H,0.0
2024-10-25,Leicester,Nott'm Forest,1446.24,1503.86,0.5607,A,H,0.0
2024-10-25,Udinese,Cagliari,1537.71,1447.28,0.7495,H,H,1.0
2024-10-25,Torino,Como,1590.49,1509.41,0.7393,H,H,1.0
2024-10-25,Rennes,Le Havre,1561.24,1396.28,0.8213,H,H,1.0
2024-10-26,RB Leipzig,Freiburg,1756.16,1538.55,0.8616,H,H,1.0
2024-10-26,Stuttgart,Holstein Kiel,1671.62,1404.07,0.8924,H,H,1.0
2024-10-26,Everton,Fulham,1502.67,1540.89,0.588,D,H,
2024-10-26,Man City,Southampton,1914.77,1245.52,0.9882,H,H,1.0
2024-10-26,Augsburg,Dortmund,1421.8,1655.64,0.3164,H,A,0.0
2024-10-26,Brighton,Wolves,1589.52,1388.01,0.8501,D,H,
2024-10-26,Werder Bremen,Leverkusen,1542.25,1828.69,0.2548,D,A,
2024-10-26,Brentford,Ipswich,1488.51,1438.65,0.7032,H,H,1.0
2024-10-26,St Pauli,Wolfsburg,1443.6,1439.59,0.6454,D,H,
2024-10-26,Valladolid,Villarreal,1388.21,1635.84,0.2995,A,A,1.0
2024-10-26,Real Madrid,Barcelona,1867.97,1829.4,0.6895,A,H,0.0
2024-10-26,Las Palmas,Girona,1378.62,1598.45,0.3341,H,A,0.0
2024-10-26,Vallecano,Alaves,1464.88,1438.84,0.6738,H,H,1.0
2024-10-26,Aston Villa,Bournemouth,1666.23,1529.54,0.7962,D,H,
2024-10-26,Reims,Brest,1574.79,1597.54,0.6094,A,H,0.0
2024-10-26,Lens,Lille,1656.53,1672.76,0.6183,A,H,0.0
2024-10-26,Napoli,Lecce,1662.22,1405.71,0.8862,H,H,1.0
2024-10-26,Atalanta,Verona,1677.3,1445.53,0.871,H,H,1.0
2024-10-26,Angers,St Etienne,1279.94,1387.69,0.4888,H,A,0.0
2024-10-27,Lyon,Auxerre,1678.2,1444.48,0.8723,D,H,
2024-10-27,Montpellier,Toulouse,1476.91,1490.33,0.6221,A,H,0.0
2024-10-27,Nice,Monaco,1600.11,1781.69,0.3847,H,A,0.0
2024-10-27,Lazio,Genoa,1641.46,1486.63,0.8126,H,H,1.0
2024-10-27,Betis,Ath Madrid,1563.18,1723.43,0.4141,H,A,0.0
2024-10-27,Sociedad,Osasuna,1565.16,1498.48,0.723,A,H,0.0
2024-10-27,Parma,Empoli,1295.01,1513.52,0.3358,D,A,
2024-10-27,Getafe,Valencia,1429.29,1424.23,0.6467,D,H,
2024-10-27,Leganes,Celta,1448.03,1496.98,0.5729,H,H,1.0
2024-10-27,Heidenheim,Hoffenheim,1510.14,1483.8,0.6742,D,H,
2024-10-27,Strasbourg,Nantes,1536.18,1446.98,0.7482,H,H,1.0
2024-10-27,Fiorentina,Roma,1646.49,1611.98,0.6844,H,H,1.0
2024-10-27,Inter,Juventus,1856.23,1710.01,0.8049,D,H,
2024-10-27,Monza,Venezia,1493.56,1335.46,0.8154,D,H,
2024-10-27,Union Berlin,Ein Frankfurt,1518.89,1603.51,0.5221,D,H,
2024-10-27,Marseille,Paris SG,1684.31,1858.62,0.3947,A,A,1.0
2024-10-27,Bochum,Bayern Munich,1323.49,1748.5,0.1334,A,A,1.0
2024-10-27,Chelsea,Newcastle,1685.49,1601.99,0.742,H,H,1.0
2024-10-27,Arsenal,Liverpool,1824.18,1790.18,0.6838,D,H,
2024-10-27,West Ham,Man United,1504.18,1581.46,0.5326,H,H,1.0
2024-10-27,Crystal Palace,Tottenham,1486.79,1612.17,0.4635,H,A,0.0
2024-10-28,Mallorca,Ath Bilbao,1535.92,1621.7,0.5205,D,H,
2024-10-29,Milan,Napoli,1688.81,1666.96,0.6685,A,H,0.0
2024-10-29,Lecce,Verona,1400.97,1438.19,0.5894,H,H,1.0
2024-10-29,Cagliari,Bologna,1435.44,1635.44,0.3599,A,A,1.0
2024-10-30,Venezia,Udinese,1345.56,1549.54,0.3547,H,A,0.0
2024-10-30,Atalanta,Monza,1684.64,1483.46,0.8499,H,H,1.0
2024-10-30,Juventus,Parma,1719.77,1300.27,0.9521,D,H,
2024-10-30,Empoli,Inter,1508.27,1846.47,0.2024,A,A,1.0
2024-10-31,Genoa,Fiorentina,1477.02,1663.64,0.3779,A,A,1.0
2024-10-31,Roma,Torino,1594.83,1601.35,0.6314,H,H,1.0
2024-10-31,Como,Lazio,1498.56,1651.07,0.425,A,A,1.0
2024-11-01,Alaves,Mallorca,1425.26,1535.26,0.4856,H,A,0.0
2024-11-01,Lille,Lyon,1701.98,1666.28,0.6859,D,H,
2024-11-01,Monaco,Angers,1756.07,1304.1,0.96,A,H,0.0
2024-11-01,Leverkusen,Stuttgart,1820.84,1676.1,0.8036,D,H,
2024-11-02,Paris SG,Lens,1878.86,1627.3,0.8833,H,H,1.0
2024-11-02,Wolves,Crystal Palace,1399.21,1509.12,0.4857,D,A,
2024-11-02,Newcastle,Arsenal,1591.24,1818.3,0.3249,H,A,0.0
2024-11-02,St Etienne,Strasbourg,1363.53,1548.09,0.3807,H,A,0.0
2024-11-02,Bournemouth,Man City,1539.02,1915.26,0.1694,H,A,0.0
2024-11-02,Ipswich,Leicester,1426.29,1419.74,0.6487,D,H,
2024-11-02,Liverpool,Brighton,1796.07,1578.32,0.8617,H,H,1.0
2024-11-02,Brest,Nice,1622.91,1625.73,0.6363,A,H,0.0
2024-11-02,Nott'm Forest,West Ham,1530.36,1523.63,0.6489,H,H,1.0
2024-11-02,Bologna,Lecce,1652.45,1418.07,0.8727,H,H,1.0
2024-11-02,Udinese,Juventus,1522.68,1705.3,0.3833,A,A,1.0
2024-11-02,Monza,Milan,1476.37,1657.21,0.3857,A,A,1.0
2024-11-02,Bayern Munich,Union Berlin,1756.09,1518.19,0.8749,H,H,1.0
2024-11-02,Osasuna,Valladolid,1532.66,1375.74,0.8144,H,H,1.0
2024-11-02,Girona,Leganes,1570.72,1469.92,0.7606,H,H,1.0
2024-11-02,Ein Frankfurt,Bochum,1604.21,1315.89,0.9034,H,H,1.0
2024-11-02,Hoffenheim,St Pauli,1489.37,1438.95,0.7039,A,H,0.0
2024-11-02,Holstein Kiel,Heidenheim,1399.59,1504.56,0.4928,H,A,0.0
2024-11-02,Wolfsburg,Augsburg,1444.25,1450.26,0.6321,D,H,
2024-11-02,Dortmund,RB Leipzig,1627.18,1762.71,0.449,H,A,0.0
2024-11-02,Southampton,Everton,1245.03,1499.85,0.2909,H,A,0.0
2024-11-03,Tottenham,Aston Villa,1589.84,1656.75,0.5475,H,H,1.0
2024-11-03,Man United,Chelsea,1562.0,1696.23,0.4509,D,A,
2024-11-03,M'gladbach,Werder Bremen,1463.99,1550.1,0.52,H,H,1.0
2024-11-03,Toulouse,Reims,1522.22,1549.42,0.6033,H,H,1.0
2024-11-03,Auxerre,Rennes,1456.39,1568.68,0.4823,H,A,0.0
2024-11-03,Le Havre,Montpellier,1388.84,1445.02,0.5627,H,H,1.0
2024-11-03,Nantes,Marseille,1435.08,1664.08,0.3224,A,A,1.0
2024-11-03,Napoli,Atalanta,1698.56,1691.73,0.6491,A,H,0.0
2024-11-03,Torino,Fiorentina,1586.0,1679.38,0.5095,A,H,0.0
2024-11-03,Verona,Roma,1421.1,1610.17,0.3745,H,A,0.0
2024-11-03,Inter,Venezia,1856.85,1372.42,0.9666,H,H,1.0
2024-11-03,Ath Madrid,Las Palmas,1699.04,1406.35,0.9056,H,H,1.0
2024-11-03,Barcelona,Espanol,1866.89,1401.46,0.9628,H,H,1.0
2024-11-03,Sevilla,Sociedad,1512.55,1530.98,0.6153,A,H,0.0
2024-11-03,Ath Bilbao,Betis,1622.35,1587.57,0.6848,D,H,
2024-11-03,Freiburg,Mainz,1532.01,1502.96,0.6776,D,H,
2024-11-04,Empoli,Como,1497.89,1475.46,0.6693,H,H,1.0
2024-11-04,Lazio,Cagliari,1674.18,1418.43,0.8857,H,H,1.0
2024-11-04,Parma,Genoa,1314.74,1461.29,0.4334,A,A,1.0
2024-11-04,Celta,Getafe,1475.08,1424.59,0.704,H,H,1.0
2024-11-04,Fulham,Brentford,1543.7,1500.87,0.6947,H,H,1.0
2024-11-07,Genoa,Como,1479.34,1461.69,0.6631,D,H,
2024-11-08,Union Berlin,Freiburg,1511.77,1526.33,0.6205,D,H,
2024-11-08,Marseille,Auxerre,1677.5,1484.54,0.8438,A,H,0.0
2024-11-08,Lecce,Empoli,1412.77,1511.66,0.5016,D,H,
2024-11-08,Vallecano,Las Palmas,1478.45,1401.88,0.7343,A,H,0.0
2024-11-09,Strasbourg,Monaco,1518.81,1716.1,0.3635,A,A,1.0
2024-11-09,Lens,Nantes,1622.44,1421.66,0.8496,H,H,1.0
2024-11-09,Angers,Paris SG,1344.06,1883.72,0.0737,A,A,1.0
2024-11-09,Werder Bremen,Holstein Kiel,1525.49,1420.7,0.7647,H,H,1.0
2024-11-09,Juventus,Torino,1723.42,1564.79,0.8159,H,H,1.0
2024-11-09,Cagliari,Milan,1413.67,1673.27,0.2852,D,A,
2024-11-09,Venezia,Parma,1371.03,1296.69,0.7318,A,H,0.0
2024-11-09,Leganes,Sevilla,1459.95,1483.46,0.6083,H,H,1.0
2024-11-09,Villarreal,Alaves,1648.31,1446.67,0.8502,H,H,1.0
2024-11-09,Real Madrid,Osasuna,1830.48,1540.38,0.9043,H,H,1.0
2024-11-09,RB Leipzig,M'gladbach,1739.77,1488.6,0.883,D,H,
2024-11-09,Brentford,Bournemouth,1488.16,1573.6,0.5209,H,H,1.0
2024-11-09,Bochum,Leverkusen,1310.39,1811.13,0.0906,D,A,
2024-11-09,West Ham,Everton,1505.64,1470.33,0.6854,D,H,
2024-11-09,Crystal Palace,Fulham,1508.66,1556.41,0.5746,A,H,0.0
2024-11-09,Brighton,Man City,1572.56,1880.67,0.2318,H,A,0.0
2024-11-09,Liverpool,Aston Villa,1801.82,1633.56,0.8241,H,H,1.0
2024-11-09,Mainz,Dortmund,1508.64,1650.12,0.4406,H,A,0.0
2024-11-09,Wolves,Southampton,1399.67,1274.56,0.7851,H,H,1.0
2024-11-09,St Pauli,Bayern Munich,1472.22,1762.51,0.2506,A,A,1.0
2024-11-10,Chelsea,Arsenal,1694.66,1790.19,0.5064,D,H,
2024-11-10,Betis,Celta,1593.48,1487.41,0.7661,D,H,
2024-11-10,Mallorca,Ath Madrid,1513.85,1703.51,0.3738,A,A,1.0
2024-11-10,Getafe,Girona,1412.27,1580.69,0.4028,A,A,1.0
2024-11-10,Sociedad,Barcelona,1560.06,1868.64,0.2314,H,A,0.0
2024-11-10,Heidenheim,Wolfsburg,1483.45,1440.02,0.6954,A,H,0.0
2024-11-10,Stuttgart,Ein Frankfurt,1685.81,1609.71,0.7337,A,H,0.0
2024-11-10,Augsburg,Hoffenheim,1454.48,1456.1,0.6379,D,H,
2024-11-10,Nott'm Forest,Newcastle,1548.36,1619.35,0.5416,A,H,0.0
2024-11-10,Man United,Leicester,1563.57,1424.5,0.7984,H,H,1.0
2024-11-10,Valladolid,Ath Bilbao,1368.01,1616.44,0.2985,D,A,
2024-11-10,Tottenham,Ipswich,1613.04,1421.53,0.8426,A,H,0.0
2024-11-10,Lyon,St Etienne,1672.23,1392.81,0.8988,H,H,1.0
2024-11-10,Fiorentina,Verona,1700.59,1447.14,0.8844,H,H,1.0
2024-11-10,Roma,Bologna,1584.13,1657.76,0.5379,A,H,0.0
2024-11-10,Monza,Lazio,1460.31,1678.93,0.3356,A,A,1.0
2024-11-10,Inter,Napoli,1858.24,1665.29,0.8438,D,H,
2024-11-10,Nice,Lille,1652.22,1696.03,0.5802,D,H,
2024-11-10,Le Havre,Reims,1407.05,1532.9,0.4629,A,A,1.0
2024-11-10,Atalanta,Udinese,1725.01,1504.56,0.8635,H,H,1.0
2024-11-10,Rennes,Toulouse,1540.54,1538.74,0.6424,A,H,0.0
2024-11-10,Montpellier,Brest,1426.81,1596.42,0.4012,H,A,0.0
2024-11-22,Paris SG,Toulouse,1887.2,1569.11,0.9173,H,H,1.0
2024-11-22,Monaco,Brest,1733.29,1568.11,0.8215,H,H,1.0
2024-11-22,Bayern Munich,Augsburg,1772.94,1450.07,0.9194,H,H,1.0
2024-11-22,Getafe,Valladolid,1395.5,1374.46,0.6675,H,H,1.0
2024-11-23,Parma,Atalanta,1327.16,1730.69,0.1484,A,A,1.0
2024-11-23,Leverkusen,Heidenheim,1798.03,1450.58,0.9293,H,H,1.0
2024-11-23,Hoffenheim,RB Leipzig,1460.51,1727.51,0.2766,H,A,0.0
2024-11-23,Dortmund,Freiburg,1623.67,1530.18,0.7528,H,H,1.0
2024-11-23,Verona,Inter,1441.67,1847.24,0.1469,A,A,1.0
2024-11-23,Milan,Juventus,1666.4,1732.12,0.5492,D,H,
2024-11-23,Stuttgart,Bochum,1655.27,1323.5,0.9231,H,H,1.0
2024-11-23,Wolfsburg,Union Berlin,1472.89,1507.92,0.5924,H,H,1.0
2024-11-23,Ath Madrid,Alaves,1719.07,1438.99,0.8992,H,H,1.0
2024-11-23,Girona,Espanol,1597.46,1399.7,0.8474,H,H,1.0
2024-11-23,Reims,Lyon,1556.63,1676.45,0.4715,D,A,
2024-11-23,St Etienne,Montpellier,1388.59,1455.12,0.548,H,H,1.0
2024-11-23,Lens,Marseille,1628.7,1637.62,0.6282,A,H,0.0
2024-11-23,Leicester,Chelsea,1414.16,1694.46,0.2616,A,A,1.0
2024-11-23,Arsenal,Nott'm Forest,1790.39,1522.75,0.8925,H,H,1.0
2024-11-23,Aston Villa,Crystal Palace,1625.24,1481.5,0.8027,D,H,
2024-11-23,Bournemouth,Brighton,1553.65,1604.54,0.5702,A,H,0.0
2024-11-23,Everton,Brentford,1476.27,1508.1,0.5969,D,H,
2024-11-23,Fulham,Wolves,1583.58,1409.82,0.8286,A,H,0.0
2024-11-23,Man City,Tottenham,1848.69,1577.96,0.8942,A,H,0.0
2024-11-23,Valencia,Betis,1428.93,1584.97,0.42,H,A,0.0
2024-11-23,Ein Frankfurt,Werder Bremen,1640.26,1535.28,0.7649,H,H,1.0
2024-11-23,Celta,Barcelona,1495.92,1836.64,0.2001,D,A,
2024-11-23,Las Palmas,Mallorca,1436.59,1498.29,0.5549,A,H,0.0
2024-11-24,Southampton,Liverpool,1264.4,1810.14,0.0714,A,A,1.0
2024-11-24,Lille,Rennes,1698.6,1510.17,0.8403,H,H,1.0
2024-11-24,Auxerre,Angers,1524.42,1340.58,0.8367,H,H,1.0
2024-11-24,Nantes,Le Havre,1415.4,1383.32,0.6814,A,H,0.0
2024-11-24,Nice,Strasbourg,1649.65,1501.63,0.8066,H,H,1.0
2024-11-24,Ath Bilbao,Sociedad,1609.99,1592.07,0.6635,H,H,1.0
2024-11-24,Osasuna,Villarreal,1535.18,1655.99,0.4701,D,A,
2024-11-24,Napoli,Roma,1676.29,1561.74,0.7747,H,H,1.0
2024-11-24,Lazio,Bologna,1692.91,1680.15,0.6568,H,H,1.0
2024-11-24,Como,Fiorentina,1466.91,1706.05,0.3098,A,A,1.0
2024-11-24,Genoa,Cagliari,1474.12,1420.54,0.7077,D,H,
2024-11-24,Leganes,Real Madrid,1476.26,1835.69,0.1834,A,A,1.0
2024-11-24,Ipswich,Man United,1456.61,1573.91,0.4751,D,A,
2024-11-24,Holstein Kiel,Mainz,1410.91,1535.08,0.4653,A,A,1.0
2024-11-24,M'gladbach,St Pauli,1500.85,1461.79,0.6901,H,H,1.0
2024-11-24,Torino,Monza,1556.08,1446.33,0.7698,D,H,
2024-11-24,Sevilla,Vallecano,1467.16,1443.75,0.6705,H,H,1.0
2024-11-25,Empoli,Udinese,1511.71,1498.88,0.6569,D,H,
2024-11-25,Venezia,Lecce,1340.57,1412.72,0.54,A,H,0.0
2024-11-25,Newcastle,West Ham,1644.95,1499.7,0.804,A,H,0.0
2024-11-29,Brighton,Southampton,1628.28,1261.43,0.9363,D,H,
2024-11-29,Cagliari,Verona,1427.19,1433.31,0.6319,H,H,1.0
2024-11-29,St Pauli,Holstein Kiel,1447.14,1387.06,0.7154,H,H,1.0
2024-11-29,Reims,Lens,1557.54,1599.01,0.5834,A,H,0.0
2024-11-29,Mallorca,Valencia,1521.39,1456.34,0.7211,H,H,1.0
2024-11-30,Rennes,St Etienne,1503.52,1407.41,0.7556,H,H,1.0
2024-11-30,Brest,Strasbourg,1560.68,1493.57,0.7235,H,H,1.0
2024-11-30,Paris SG,Nantes,1891.44,1383.19,0.9707,D,H,
2024-11-30,Brentford,Leicester,1511.2,1403.27,0.768,H,H,1.0
2024-11-30,Alaves,Leganes,1434.8,1466.86,0.5965,D,H,
2024-11-30,Augsburg,Bochum,1445.94,1319.86,0.7861,H,H,1.0
2024-11-30,West Ham,Arsenal,1537.71,1795.91,0.2869,A,A,1.0
2024-11-30,Wolves,Bournemouth,1452.3,1529.91,0.5322,A,H,0.0
2024-11-30,Nott'm Forest,Ipswich,1517.24,1457.41,0.7151,H,H,1.0
2024-11-30,Como,Monza,1452.26,1454.97,0.6365,D,H,
2024-11-30,Milan,Empoli,1664.82,1506.69,0.8155,H,H,1.0
2024-11-30,Barcelona,Las Palmas,1827.05,1413.49,0.9506,A,H,0.0
2024-11-30,Bologna,Venezia,1662.55,1318.09,0.9281,H,H,1.0
2024-11-30,RB Leipzig,Wolfsburg,1697.4,1489.86,0.8545,A,H,0.0
2024-11-30,Union Berlin,Leverkusen,1490.95,1801.65,0.2292,A,A,1.0
2024-11-30,Valladolid,Ath Madrid,1358.74,1723.27,0.1791,A,A,1.0
2024-11-30,Crystal Palace,Newcastle,1491.19,1606.95,0.4773,D,A,
2024-11-30,Dortmund,Bayern Munich,1637.11,1777.07,0.4427,D,A,
2024-11-30,Espanol,Celta,1391.88,1505.52,0.4804,H,A,0.0
2024-11-30,Freiburg,M'gladbach,1516.75,1515.5,0.6417,H,H,1.0
2024-11-30,Werder Bremen,Stuttgart,1525.5,1658.9,0.4521,D,A,
2024-12-01,Liverpool,Man City,1813.11,1800.08,0.6572,H,H,1.0
2024-12-01,Parma,Lazio,1320.14,1710.5,0.1582,H,A,0.0
2024-12-01,Udinese,Genoa,1503.9,1467.47,0.6868,A,H,0.0
2024-12-01,Chelsea,Aston Villa,1705.34,1615.55,0.7489,H,H,1.0
2024-12-01,Man United,Everton,1573.11,1473.17,0.7597,H,H,1.0
2024-12-01,Tottenham,Fulham,1626.57,1541.1,0.7442,D,H,
2024-12-01,Torino,Napoli,1547.45,1685.67,0.4452,A,A,1.0
2024-12-01,Lecce,Juventus,1435.2,1733.69,0.2418,D,A,
2024-12-01,Le Havre,Angers,1415.53,1333.78,0.74,A,H,0.0
2024-12-01,Heidenheim,Ein Frankfurt,1446.95,1650.05,0.3558,A,A,1.0
2024-12-01,Real Madrid,Getafe,1845.09,1411.21,0.9558,H,H,1.0
2024-12-01,Vallecano,Ath Bilbao,1430.03,1624.0,0.368,A,A,1.0
2024-12-01,Sociedad,Betis,1578.06,1557.56,0.6668,H,H,1.0
2024-12-01,Villarreal,Girona,1655.03,1605.28,0.7031,D,H,
2024-12-01,Marseille,Monaco,1667.31,1740.72,0.5382,H,H,1.0
2024-12-01,Toulouse,Auxerre,1564.87,1531.22,0.6834,H,H,1.0
2024-12-01,Lyon,Nice,1675.53,1657.71,0.6634,H,H,1.0
2024-12-01,Mainz,Hoffenheim,1558.94,1490.63,0.7249,H,H,1.0
2024-12-01,Montpellier,Lille,1436.3,1705.25,0.2744,D,A,
2024-12-02,Roma,Atalanta,1552.36,1737.71,0.3796,A,A,1.0
2024-12-02,Sevilla,Osasuna,1480.88,1536.14,0.564,D,H,
2024-12-03,Mallorca,Barcelona,1533.0,1787.47,0.2913,A,A,1.0
2024-12-03,Leicester,West Ham,1391.38,1523.0,0.4546,H,A,0.0
2024-12-03,Ipswich,Crystal Palace,1445.55,1491.91,0.5766,A,H,0.0
2024-12-04,Aston Villa,Brentford,1602.68,1523.09,0.7376,H,H,1.0
2024-12-04,Ath Bilbao,Real Madrid,1639.32,1847.18,0.3496,H,A,0.0
2024-12-04,Arsenal,Man United,1810.61,1586.18,0.8662,H,H,1.0
2024-12-04,Southampton,Chelsea,1275.39,1718.22,0.122,A,A,1.0
2024-12-04,Man City,Nott'm Forest,1783.87,1529.1,0.8852,H,H,1.0
2024-12-04,Everton,Wolves,1460.1,1427.15,0.6825,H,H,1.0
2024-12-04,Newcastle,Liverpool,1606.22,1829.32,0.3299,D,A,
2024-12-05,Fulham,Brighton,1548.91,1614.32,0.5496,H,H,1.0
2024-12-05,Bournemouth,Tottenham,1555.07,1618.76,0.5521,H,H,1.0
2024-12-06,Celta,Mallorca,1480.96,1517.16,0.5908,H,H,1.0
2024-12-06,Stuttgart,Union Berlin,1657.37,1481.41,0.8304,H,H,1.0
2024-12-06,Inter,Parma,1855.6,1359.93,0.9686,H,H,1.0
2024-12-06,Atalanta,Milan,1755.65,1674.28,0.7396,H,H,1.0
2024-12-06,Lille,Brest,1698.03,1573.75,0.7843,H,H,1.0
2024-12-06,Auxerre,Paris SG,1516.25,1876.37,0.1828,D,A,
2024-12-07,Leverkusen,St Pauli,1811.19,1460.59,0.9305,H,H,1.0
2024-12-07,Genoa,Torino,1499.94,1528.91,0.6008,D,H,
2024-12-07,Juventus,Bologna,1725.43,1666.24,0.7143,D,H,
2024-12-07,Roma,Lecce,1534.42,1443.46,0.7501,H,H,1.0
2024-12-07,Bayern Munich,Heidenheim,1775.24,1427.6,0.9294,H,H,1.0
2024-12-07,Bochum,Werder Bremen,1310.96,1527.03,0.3389,A,A,1.0
2024-12-07,Holstein Kiel,RB Leipzig,1373.6,1650.94,0.2649,A,A,1.0
2024-12-07,Aston Villa,Southampton,1615.08,1268.76,0.9289,H,H,1.0
2024-12-07,Betis,Barcelona,1541.81,1803.31,0.283,D,A,
2024-12-07,Valencia,Vallecano,1444.73,1414.71,0.6788,A,H,0.0
2024-12-07,Girona,Real Madrid,1611.78,1820.1,0.349,A,A,1.0
2024-12-07,Man United,Nott'm Forest,1579.85,1523.22,0.7113,A,H,0.0
2024-12-07,Monaco,Toulouse,1721.49,1579.84,0.8008,H,H,1.0
2024-12-07,Nice,Le Havre,1640.45,1384.72,0.8857,H,H,1.0
2024-12-07,Angers,Lyon,1364.59,1692.79,0.2119,A,A,1.0
2024-12-07,Ein Frankfurt,Augsburg,1669.39,1454.84,0.8594,D,H,
2024-12-07,Crystal Palace,Man City,1515.92,1789.76,0.2688,D,A,
2024-12-07,Brentford,Newcastle,1510.69,1611.66,0.4986,H,A,0.0
2024-12-07,Las Palmas,Valladolid,1453.06,1348.55,0.7645,H,H,1.0
2024-12-07,M'gladbach,Dortmund,1498.57,1638.94,0.4422,D,A,
2024-12-08,Leicester,Brighton,1417.15,1593.03,0.3925,D,A,
2024-12-08,Ath Bilbao,Villarreal,1666.4,1648.53,0.6634,H,H,1.0
2024-12-08,Leganes,Sociedad,1469.95,1593.81,0.4657,A,A,1.0
2024-12-08,Osasuna,Alaves,1538.19,1431.71,0.7665,D,H,
2024-12-08,Ath Madrid,Sevilla,1733.46,1478.83,0.8851,H,H,1.0
2024-12-08,St Etienne,Marseille,1393.51,1686.54,0.2476,A,A,1.0
2024-12-08,Strasbourg,Reims,1480.5,1529.96,0.5722,D,H,
2024-12-08,Nantes,Rennes,1398.25,1517.43,0.4724,H,A,0.0
2024-12-08,Lens,Montpellier,1626.59,1443.52,0.8361,H,H,1.0
2024-12-08,Tottenham,Chelsea,1600.11,1724.85,0.4644,A,A,1.0
2024-12-08,Ipswich,Bournemouth,1421.54,1573.72,0.4255,A,A,1.0
2024-12-08,Hoffenheim,Freiburg,1477.63,1533.68,0.5629,D,H,
2024-12-08,Napoli,Lazio,1704.2,1670.71,0.6832,A,H,0.0
2024-12-08,Fiorentina,Cagliari,1720.7,1442.51,0.8982,H,H,1.0
2024-12-08,Verona,Empoli,1417.99,1497.23,0.5298,A,H,0.0
2024-12-08,Fulham,Arsenal,1570.2,1816.94,0.3005,D,A,
2024-12-08,Venezia,Como,1314.4,1447.89,0.4519,D,A,
2024-12-08,Wolfsburg,Mainz,1536.32,1571.94,0.5916,H,H,1.0
2024-12-09,West Ham,Wolves,1497.22,1409.89,0.7462,H,H,1.0
2024-12-09,Getafe,Espanol,1409.12,1416.44,0.6303,H,H,1.0
2024-12-09,Monza,Udinese,1459.34,1471.43,0.6239,A,H,0.0
2024-12-13,Toulouse,St Etienne,1570.42,1381.8,0.8404,H,H,1.0
2024-12-13,Freiburg,Wolfsburg,1535.7,1553.32,0.6164,H,H,1.0
2024-12-13,Empoli,Torino,1524.39,1532.14,0.6297,A,H,0.0
2024-12-13,Valladolid,Valencia,1338.75,1416.47,0.532,H,H,1.0
2024-12-14,Sevilla,Celta,1474.04,1500.3,0.6046,H,H,1.0
2024-12-14,St Pauli,Werder Bremen,1457.7,1541.14,0.5238,A,H,0.0
2024-12-14,Espanol,Osasuna,1401.05,1529.66,0.4589,D,A,
2024-12-14,Juventus,Venezia,1718.58,1315.94,0.9475,D,H,
2024-12-14,Udinese,Napoli,1497.41,1675.76,0.3891,A,A,1.0
2024-12-14,Cagliari,Atalanta,1438.27,1766.49,0.2119,A,A,1.0
2024-12-14,Mallorca,Girona,1497.82,1593.89,0.5057,H,H,1.0
2024-12-14,Vallecano,Real Madrid,1442.97,1837.99,0.1547,D,A,
2024-12-14,Union Berlin,Bochum,1474.35,1296.85,0.8317,A,H,0.0
2024-12-14,Arsenal,Everton,1810.56,1477.36,0.9237,D,H,
2024-12-14,Liverpool,Fulham,1823.87,1576.58,0.8807,D,H,
2024-12-14,Newcastle,Leicester,1587.96,1420.59,0.8233,H,H,1.0
2024-12-14,Wolves,Ipswich,1399.32,1403.83,0.6341,A,H,0.0
2024-12-14,Nott'm Forest,Aston Villa,1552.83,1618.04,0.5499,H,H,1.0
2024-12-14,Marseille,Lille,1698.25,1708.22,0.6267,D,H,
2024-12-14,Auxerre,Lens,1526.4,1634.34,0.4886,D,A,
2024-12-14,Reims,Monaco,1532.27,1730.91,0.3617,D,A,
2024-12-14,Augsburg,Leverkusen,1466.35,1814.09,0.1937,A,A,1.0
2024-12-14,Mainz,Bayern Munich,1554.94,1778.58,0.3292,H,A,0.0
2024-12-14,M'gladbach,Holstein Kiel,1500.42,1361.08,0.7986,H,H,1.0
2024-12-15,Alaves,Ath Bilbao,1440.23,1682.31,0.3062,D,A,
2024-12-15,Villarreal,Betis,1632.62,1548.75,0.7424,A,H,0.0
2024-12-15,Montpellier,Nice,1435.78,1645.21,0.3475,D,A,
2024-12-15,Brest,Nantes,1563.55,1420.22,0.8023,H,H,1.0
2024-12-15,Le Havre,Strasbourg,1379.96,1478.19,0.5025,A,H,0.0
2024-12-15,Barcelona,Leganes,1796.36,1446.07,0.9303,A,H,0.0
2024-12-15,Sociedad,Las Palmas,1617.68,1462.87,0.8126,D,H,
2024-12-15,Ath Madrid,Getafe,1738.24,1424.52,0.9154,H,H,1.0
2024-12-15,Bologna,Fiorentina,1673.1,1724.94,0.5689,H,H,1.0
2024-12-15,Dortmund,Hoffenheim,1637.09,1475.61,0.8183,D,H,
2024-12-15,Heidenheim,Stuttgart,1424.26,1664.43,0.3086,A,A,1.0
2024-12-15,Milan,Genoa,1663.44,1496.71,0.8228,D,H,
2024-12-15,Como,Roma,1446.36,1547.23,0.4987,H,A,0.0
2024-12-15,Parma,Verona,1358.45,1390.82,0.5961,A,H,0.0
2024-12-15,Rennes,Angers,1495.46,1353.73,0.8008,H,H,1.0
2024-12-15,Lecce,Monza,1430.65,1433.36,0.6365,H,H,1.0
2024-12-15,Southampton,Tottenham,1265.8,1580.77,0.2249,A,A,1.0
2024-12-15,Chelsea,Brentford,1744.19,1534.39,0.8561,H,H,1.0
2024-12-15,Man City,Man United,1782.36,1550.24,0.8712,A,H,0.0
2024-12-15,Brighton,Crystal Palace,1589.59,1523.32,0.7225,A,H,0.0
2024-12-15,RB Leipzig,Ein Frankfurt,1663.46,1657.89,0.6474,H,H,1.0
2024-12-15,Paris SG,Lyon,1866.22,1703.66,0.8193,H,H,1.0
2024-12-16,Bournemouth,West Ham,1591.43,1507.79,0.7421,D,H,
2024-12-16,Lazio,Inter,1699.15,1857.09,0.4174,A,A,1.0
2024-12-18,Villarreal,Vallecano,1601.71,1454.02,0.8063,D,H,
2024-12-18,Monaco,Paris SG,1726.49,1874.77,0.431,A,A,1.0
2024-12-18,Espanol,Valencia,1402.36,1396.99,0.6472,D,H,
2024-12-20,Verona,Milan,1415.64,1653.11,0.3119,A,A,1.0
2024-12-20,Bayern Munich,RB Leipzig,1750.65,1678.14,0.7297,H,H,1.0
2024-12-20,Girona,Valladolid,1573.31,1358.23,0.8598,H,H,1.0
2024-12-21,Stuttgart,St Pauli,1679.01,1432.94,0.88,A,H,0.0
2024-12-21,Torino,Bologna,1558.36,1691.05,0.4531,A,A,1.0
2024-12-21,Genoa,Napoli,1507.04,1694.15,0.3772,A,A,1.0
2024-12-21,Ein Frankfurt,Mainz,1643.21,1582.86,0.7157,A,H,0.0
2024-12-21,Lecce,Lazio,1445.78,1674.51,0.3228,A,A,1.0
2024-12-21,Barcelona,Ath Madrid,1757.63,1741.76,0.6608,A,H,0.0
2024-12-21,Hoffenheim,M'gladbach,1485.8,1510.74,0.6064,A,H,0.0
2024-12-21,Holstein Kiel,Augsburg,1350.76,1457.19,0.4907,H,A,0.0
2024-12-21,Getafe,Mallorca,1420.99,1518.4,0.5037,A,H,0.0
2024-12-21,Celta,Sociedad,1483.84,1607.68,0.4657,H,A,0.0
2024-12-21,Osasuna,Ath Bilbao,1528.34,1676.11,0.4317,A,A,1.0
2024-12-21,Crystal Palace,Arsenal,1557.47,1797.0,0.3093,A,A,1.0
2024-12-21,West Ham,Brighton,1515.54,1555.43,0.5856,D,H,
2024-12-21,Aston Villa,Man City,1599.3,1746.09,0.4331,H,A,0.0
2024-12-21,Leverkusen,Freiburg,1823.24,1551.67,0.8946,H,H,1.0
2024-12-21,Ipswich,Newcastle,1430.23,1597.57,0.4043,A,A,1.0
2024-12-21,Werder Bremen,Union Berlin,1565.9,1435.04,0.7907,H,H,1.0
2024-12-21,Brentford,Nott'm Forest,1528.4,1571.57,0.5811,A,H,0.0
2024-12-22,Bochum,Heidenheim,1336.16,1409.68,0.538,H,H,1.0
2024-12-22,Valencia,Alaves,1401.7,1446.44,0.5789,D,H,
2024-12-22,Leganes,Villarreal,1484.81,1591.91,0.4898,A,A,1.0
2024-12-22,Real Madrid,Sevilla,1826.94,1490.51,0.925,H,H,1.0
2024-12-22,Betis,Vallecano,1579.66,1463.82,0.776,D,H,
2024-12-22,Wolfsburg,Dortmund,1537.35,1626.91,0.515,A,H,0.0
2024-12-22,Las Palmas,Espanol,1472.87,1397.65,0.7328,H,H,1.0
2024-12-22,Tottenham,Liverpool,1593.57,1811.69,0.3363,A,A,1.0
2024-12-22,Fulham,Southampton,1588.76,1253.0,0.9247,D,H,
2024-12-22,Leicester,Wolves,1410.99,1372.92,0.6889,A,H,0.0
2024-12-22,Man United,Bournemouth,1586.51,1583.68,0.6438,A,H,0.0
2024-12-22,Everton,Chelsea,1490.92,1750.18,0.2856,D,A,
2024-12-22,Atalanta,Empoli,1775.31,1498.18,0.8976,H,H,1.0
2024-12-22,Monza,Juventus,1418.23,1704.25,0.2552,A,A,1.0
2024-12-22,Roma,Parma,1523.53,1333.63,0.8414,H,H,1.0
2024-12-22,Venezia,Cagliari,1330.26,1429.45,0.5012,H,H,1.0
2024-12-23,Fiorentina,Udinese,1706.99,1479.01,0.8685,A,H,0.0
2024-12-23,Inter,Como,1881.73,1470.05,0.95,H,H,1.0
2024-12-26,Liverpool,Leicester,1828.93,1375.67,0.9603,H,H,1.0
2024-12-26,Man City,Everton,1722.49,1497.78,0.8664,D,H,
2024-12-26,Wolves,Man United,1408.24,1553.5,0.4352,H,A,0.0
2024-12-26,Southampton,West Ham,1266.59,1512.8,0.3012,A,A,1.0
2024-12-26,Nott'm Forest,Tottenham,1599.03,1576.33,0.6696,H,H,1.0
2024-12-26,Newcastle,Aston Villa,1619.55,1622.91,0.6356,H,H,1.0
2024-12-26,Bournemouth,Crystal Palace,1616.69,1540.65,0.7337,D,H,
2024-12-26,Chelsea,Fulham,1743.32,1575.17,0.824,A,H,0.0
2024-12-27,Arsenal,Ipswich,1813.82,1408.25,0.9484,H,H,1.0
2024-12-27,Brighton,Brentford,1558.17,1500.94,0.712,D,H,
2024-12-28,Lazio,Atalanta,1687.95,1779.57,0.5121,D,H,
2024-12-28,Cagliari,Inter,1408.68,1884.09,0.1033,A,A,1.0
2024-12-28,Parma,Monza,1324.61,1407.6,0.5245,H,H,1.0
2024-12-28,Empoli,Genoa,1493.91,1491.34,0.6435,A,H,0.0
2024-12-29,Leicester,Man City,1373.8,1710.76,0.2036,A,A,1.0
2024-12-29,Milan,Roma,1666.1,1532.56,0.7932,D,H,
2024-12-29,Crystal Palace,Southampton,1548.13,1254.05,0.9062,H,H,1.0
2024-12-29,Everton,Nott'm Forest,1509.5,1612.79,0.4953,A,A,1.0
2024-12-29,Juventus,Fiorentina,1714.88,1670.83,0.6962,D,H,
2024-12-29,Napoli,Venezia,1709.86,1351.03,0.9335,H,H,1.0
2024-12-29,Udinese,Torino,1515.17,1536.94,0.6107,D,H,
2024-12-29,Fulham,Bournemouth,1609.48,1609.21,0.6404,D,H,
2024-12-29,West Ham,Liverpool,1525.34,1830.81,0.2346,A,A,1.0
2024-12-29,Tottenham,Wolves,1562.57,1434.93,0.7876,D,H,
2024-12-30,Como,Lecce,1467.69,1432.35,0.6855,H,H,1.0
2024-12-30,Ipswich,Chelsea,1406.1,1709.02,0.2372,H,A,0.0
2024-12-30,Bologna,Verona,1712.46,1402.66,0.9136,A,H,0.0
2024-12-30,Aston Villa,Brighton,1604.22,1551.39,0.7068,D,H,
2024-12-30,Man United,Newcastle,1526.81,1638.23,0.4836,A,A,1.0
2025-01-01,Brentford,Arsenal,1507.72,1815.97,0.2317,A,A,1.0
2025-01-03,Nice,Rennes,1640.33,1504.88,0.795,H,H,1.0
2025-01-03,Valencia,Real Madrid,1399.17,1830.49,0.1293,A,A,1.0
2025-01-04,Southampton,Brentford,1250.15,1496.77,0.3007,A,A,1.0
2025-01-04,Lille,Nantes,1712.28,1410.08,0.9101,D,H,
2025-01-04,Brighton,Arsenal,1558.01,1826.92,0.2744,D,A,
2025-01-04,Aston Villa,Leicester,1597.61,1364.17,0.8721,H,H,1.0
2025-01-04,Bournemouth,Everton,1613.7,1486.09,0.7876,H,H,1.0
2025-01-04,Lyon,Montpellier,1695.11,1440.65,0.885,H,H,1.0
2025-01-04,Man City,West Ham,1720.39,1511.99,0.8551,H,H,1.0
2025-01-04,Verona,Udinese,1440.7,1511.63,0.5417,D,H,
2025-01-04,Fiorentina,Napoli,1677.11,1712.62,0.5917,A,H,0.0
2025-01-04,Venezia,Empoli,1348.26,1467.12,0.4729,D,A,
2025-01-04,Crystal Palace,Chelsea,1552.03,1672.96,0.4699,D,A,
2025-01-04,St Etienne,Reims,1375.16,1536.7,0.4123,H,A,0.0
2025-01-04,Tottenham,Newcastle,1553.37,1661.09,0.4889,A,A,1.0
2025-01-05,Angers,Brest,1344.31,1573.69,0.322,H,A,0.0
2025-01-05,Lens,Toulouse,1633.97,1577.06,0.7116,A,H,0.0
2025-01-05,Fulham,Ipswich,1604.98,1442.15,0.8195,D,H,
2025-01-05,Marseille,Le Havre,1694.19,1354.2,0.9264,H,H,1.0
2025-01-05,Liverpool,Man United,1844.15,1503.95,0.9265,D,H,
2025-01-05,Roma,Lazio,1541.94,1687.56,0.4347,H,A,0.0
2025-01-05,Torino,Parma,1540.48,1344.41,0.8461,D,H,
2025-01-05,Lecce,Genoa,1417.48,1518.13,0.4991,D,A,
2025-01-05,Monza,Cagliari,1387.8,1403.39,0.6191,A,H,0.0
2025-01-05,Strasbourg,Auxerre,1503.96,1526.77,0.6093,H,H,1.0
2025-01-06,Wolves,Nott'm Forest,1444.14,1636.2,0.3705,A,A,1.0
2025-01-10,Nantes,Monaco,1423.2,1706.11,0.2587,D,A,
2025-01-10,Auxerre,Lille,1508.3,1699.15,0.3722,D,A,
2025-01-10,Dortmund,Leverkusen,1651.25,1828.97,0.39,A,A,1.0
2025-01-10,Lazio,Como,1660.84,1482.56,0.8323,D,H,
2025-01-10,Vallecano,Celta,1472.65,1509.09,0.5905,H,H,1.0
2025-01-11,Valladolid,Betis,1351.04,1570.83,0.3341,H,A,0.0
2025-01-11,Alaves,Girona,1448.96,1580.5,0.4547,A,A,1.0
2025-01-11,Espanol,Leganes,1386.53,1459.7,0.5385,D,H,
2025-01-11,St Pauli,Ein Frankfurt,1469.58,1609.38,0.443,A,A,1.0
2025-01-11,Sevilla,Valencia,1486.96,1393.79,0.7525,D,H,
2025-01-11,Heidenheim,Union Berlin,1387.84,1424.3,0.5904,H,H,1.0
2025-01-11,Hoffenheim,Wolfsburg,1460.56,1513.0,0.568,A,H,0.0
2025-01-11,Mainz,Bochum,1616.69,1357.99,0.8874,H,H,1.0
2025-01-11,M'gladbach,Bayern Munich,1535.99,1765.35,0.322,A,A,1.0
2025-01-11,Brest,Lyon,1541.64,1699.9,0.4169,H,A,0.0
2025-01-11,Freiburg,Holstein Kiel,1545.94,1378.44,0.8234,H,H,1.0
2025-01-11,Reims,Nice,1508.92,1648.86,0.4428,A,A,1.0
2025-01-11,Milan,Cagliari,1656.72,1429.17,0.8682,D,H,
2025-01-11,Torino,Juventus,1529.41,1708.6,0.388,D,A,
2025-01-11,Udinese,Atalanta,1512.97,1779.96,0.2766,D,A,
2025-01-11,Empoli,Lecce,1466.26,1417.51,0.7019,A,H,0.0
2025-01-11,Rennes,Marseille,1496.34,1698.19,0.3575,A,A,1.0
2025-01-12,Le Havre,Lens,1350.2,1604.34,0.2917,A,A,1.0
2025-01-12,Napoli,Verona,1742.96,1439.36,0.9108,H,H,1.0
2025-01-12,Montpellier,Angers,1435.87,1376.36,0.7147,A,H,0.0
2025-01-12,Ath Madrid,Osasuna,1769.27,1510.37,0.8876,H,H,1.0
2025-01-12,Paris SG,St Etienne,1895.14,1402.93,0.968,H,H,1.0
2025-01-12,Toulouse,Strasbourg,1606.69,1522.42,0.7428,A,H,0.0
2025-01-12,RB Leipzig,Werder Bremen,1663.44,1576.63,0.7456,H,H,1.0
2025-01-12,Augsburg,Stuttgart,1429.5,1642.38,0.343,A,A,1.0
2025-01-12,Bologna,Roma,1674.42,1568.66,0.7658,D,H,
2025-01-12,Venezia,Inter,1349.13,1889.39,0.0735,A,A,1.0
2025-01-12,Genoa,Parma,1518.1,1355.48,0.8193,H,H,1.0
2025-01-12,Las Palmas,Getafe,1484.0,1400.02,0.7425,A,H,0.0
2025-01-13,Sociedad,Villarreal,1582.43,1617.02,0.593,H,H,1.0
2025-01-13,Monza,Fiorentina,1362.03,1646.77,0.2566,H,A,0.0
2025-01-14,Como,Milan,1493.19,1644.93,0.4261,A,A,1.0
2025-01-14,Atalanta,Juventus,1772.81,1705.02,0.7243,D,H,
2025-01-14,Brentford,Man City,1513.88,1727.82,0.3417,D,A,
2025-01-14,Chelsea,Bournemouth,1672.0,1622.55,0.7027,D,H,
2025-01-14,Nott'm Forest,Liverpool,1655.2,1830.51,0.3933,D,A,
2025-01-14,West Ham,Fulham,1504.56,1594.76,0.5141,H,H,1.0
2025-01-14,Leverkusen,Mainz,1845.21,1622.01,0.8654,H,H,1.0
2025-01-14,Wolfsburg,M'gladbach,1536.65,1522.58,0.6585,H,H,1.0
2025-01-14,Holstein Kiel,Dortmund,1371.09,1635.01,0.2802,H,A,0.0
2025-01-14,Ein Frankfurt,Freiburg,1627.83,1553.29,0.732,H,H,1.0
2025-01-15,Inter,Bologna,1892.45,1665.92,0.8676,D,H,
2025-01-15,Bochum,St Pauli,1352.67,1451.13,0.5022,H,H,1.0
2025-01-15,Bayern Munich,Hoffenheim,1778.75,1436.91,0.9271,H,H,1.0
2025-01-15,Stuttgart,RB Leipzig,1656.66,1675.47,0.6148,H,H,1.0
2025-01-15,Union Berlin,Augsburg,1404.94,1415.22,0.6263,A,H,0.0
2025-01-15,Werder Bremen,Heidenheim,1564.61,1407.2,0.8148,D,H,
2025-01-15,Newcastle,Wolves,1681.44,1425.14,0.8861,H,H,1.0
2025-01-15,Everton,Aston Villa,1477.25,1602.93,0.4631,A,A,1.0
2025-01-15,Leicester,Crystal Palace,1358.85,1553.0,0.3677,A,A,1.0
2025-01-15,Arsenal,Tottenham,1819.7,1533.02,0.9026,H,H,1.0
2025-01-16,Man United,Southampton,1517.6,1233.04,0.9015,H,H,1.0
2025-01-16,Ipswich,Brighton,1452.38,1565.23,0.4815,A,A,1.0
2025-01-17,Ein Frankfurt,Dortmund,1641.57,1600.99,0.6919,H,H,1.0
2025-01-17,Espanol,Valladolid,1385.29,1378.76,0.6487,H,H,1.0
2025-01-17,Lille,Nice,1695.06,1669.79,0.6729,H,H,1.0
2025-01-17,Montpellier,Monaco,1402.08,1698.39,0.2442,H,A,0.0
2025-01-17,Roma,Genoa,1577.16,1525.62,0.7052,H,H,1.0
2025-01-18,Leganes,Ath Madrid,1460.93,1773.95,0.2268,H,A,0.0
2025-01-18,Girona,Sevilla,1599.43,1478.88,0.7807,A,H,0.0
2025-01-18,Lyon,Toulouse,1675.63,1575.76,0.7596,D,H,
2025-01-18,Newcastle,Bournemouth,1687.28,1629.04,0.7132,A,H,0.0
2025-01-18,Brentford,Liverpool,1518.95,1827.09,0.2318,A,A,1.0
2025-01-18,West Ham,Crystal Palace,1524.79,1570.38,0.5777,A,H,0.0
2025-01-18,Arsenal,Aston Villa,1823.76,1622.21,0.8502,D,H,
2025-01-18,Rennes,Brest,1481.46,1565.91,0.5224,A,H,0.0
2025-01-18,Lens,Paris SG,1616.49,1896.47,0.2619,A,A,1.0
2025-01-18,Betis,Alaves,1543.1,1430.03,0.7732,A,H,0.0
2025-01-18,Getafe,Barcelona,1430.94,1730.12,0.2411,D,A,
2025-01-18,Leicester,Fulham,1341.47,1574.53,0.3173,A,A,1.0
2025-01-18,Holstein Kiel,Hoffenheim,1405.12,1432.76,0.6026,A,H,0.0
2025-01-18,Bayern Munich,Wolfsburg,1782.9,1555.22,0.8683,H,H,1.0
2025-01-18,Bochum,RB Leipzig,1373.4,1659.43,0.2552,D,A,
2025-01-18,Heidenheim,St Pauli,1417.28,1430.41,0.6225,A,H,0.0
2025-01-18,Juventus,Milan,1712.2,1662.67,0.7028,H,H,1.0
2025-01-18,Stuttgart,Freiburg,1672.7,1539.55,0.7928,H,H,1.0
2025-01-18,Leverkusen,M'gladbach,1850.81,1504.02,0.929,H,H,1.0
2025-01-18,Bologna,Monza,1677.68,1392.97,0.9015,H,H,1.0
2025-01-18,Atalanta,Napoli,1765.63,1747.18,0.6642,A,H,0.0
2025-01-19,Everton,Tottenham,1457.97,1528.96,0.5417,H,H,1.0
2025-01-19,Man United,Brighton,1522.26,1587.99,0.5492,A,H,0.0
2025-01-19,Nott'm Forest,Southampton,1658.61,1228.38,0.9549,H,H,1.0
2025-01-19,Real Madrid,Las Palmas,1835.87,1453.08,0.9415,H,H,1.0
2025-01-19,Valencia,Sociedad,1401.87,1599.37,0.3633,H,A,0.0
2025-01-19,Osasuna,Vallecano,1505.69,1489.7,0.661,D,H,
2025-01-19,Werder Bremen,Augsburg,1554.53,1444.83,0.7698,A,H,0.0
2025-01-19,Verona,Lazio,1435.14,1650.21,0.3402,A,A,1.0
2025-01-19,Inter,Empoli,1880.69,1433.08,0.959,H,H,1.0
2025-01-19,Ipswich,Man City,1429.62,1722.75,0.2475,A,A,1.0
2025-01-19,Parma,Venezia,1347.96,1346.07,0.6426,D,H,
2025-01-19,Cagliari,Lecce,1440.95,1450.69,0.6271,H,H,1.0
2025-01-19,Fiorentina,Torino,1615.82,1532.99,0.7412,D,H,
2025-01-19,St Etienne,Nantes,1401.6,1430.93,0.6003,D,H,
2025-01-19,Angers,Auxerre,1410.14,1512.39,0.4968,H,A,0.0
2025-01-19,Reims,Le Havre,1487.99,1338.05,0.8083,D,H,
2025-01-19,Marseille,Strasbourg,1713.07,1553.35,0.8168,D,H,
2025-01-19,Celta,Ath Bilbao,1492.04,1694.08,0.3572,A,A,1.0
2025-01-19,Union Berlin,Mainz,1375.34,1616.41,0.3075,H,A,0.0
2025-01-20,Chelsea,Wolves,1665.51,1419.3,0.8801,H,H,1.0
2025-01-20,Villarreal,Mallorca,1600.08,1539.37,0.7161,H,H,1.0
2025-01-20,Como,Udinese,1475.45,1520.11,0.579,H,H,1.0
2025-01-24,Auxerre,St Etienne,1488.6,1398.39,0.7493,D,H,
2025-01-24,Las Palmas,Osasuna,1450.09,1500.54,0.5708,D,H,
2025-01-24,Torino,Cagliari,1540.71,1460.07,0.7388,H,H,1.0
2025-01-24,Wolfsburg,Holstein Kiel,1549.74,1376.63,0.8281,D,H,
2025-01-25,Freiburg,Bayern Munich,1528.29,1788.38,0.2846,A,A,1.0
2025-01-25,M'gladbach,Bochum,1500.66,1381.23,0.7796,H,H,1.0
2025-01-25,Ath Madrid,Villarreal,1741.77,1615.51,0.7862,D,H,
2025-01-25,RB Leipzig,Leverkusen,1651.6,1854.17,0.3565,D,A,
2025-01-25,Mallorca,Betis,1523.94,1506.56,0.6628,A,H,0.0
2025-01-25,Mainz,Stuttgart,1587.57,1683.96,0.5052,H,H,1.0
2025-01-25,Empoli,Bologna,1431.14,1682.34,0.2952,D,A,
2025-01-25,Liverpool,Ipswich,1838.05,1415.0,0.9531,H,H,1.0
2025-01-25,Como,Atalanta,1497.03,1737.98,0.3076,A,A,1.0
2025-01-25,Dortmund,Werder Bremen,1586.43,1518.15,0.7249,D,H,
2025-01-25,Augsburg,Heidenheim,1481.21,1387.85,0.7527,H,H,1.0
2025-01-25,Man City,Chelsea,1737.36,1671.18,0.7224,H,H,1.0
2025-01-25,Wolves,Arsenal,1413.63,1812.55,0.1518,A,A,1.0
2025-01-25,Southampton,Newcastle,1226.5,1650.72,0.134,A,A,1.0
2025-01-25,Sevilla,Espanol,1511.38,1399.92,0.7716,D,H,
2025-01-25,Brighton,Everton,1613.94,1477.05,0.7964,A,H,0.0
2025-01-25,Bournemouth,Nott'm Forest,1665.6,1660.49,0.6468,H,H,1.0
2025-01-25,Monaco,Rennes,1666.92,1459.71,0.8543,H,H,1.0
2025-01-25,Strasbourg,Lille,1563.49,1708.68,0.4353,H,A,0.0
2025-01-25,Paris SG,Reims,1907.37,1478.13,0.9546,D,H,
2025-01-25,Napoli,Juventus,1774.83,1726.24,0.7017,H,H,1.0
2025-01-25,Valladolid,Real Madrid,1364.14,1838.87,0.1037,A,A,1.0
2025-01-26,Hoffenheim,Ein Frankfurt,1461.25,1656.13,0.3668,D,A,
2025-01-26,St Pauli,Union Berlin,1459.83,1404.17,0.7101,H,H,1.0
2025-01-26,Milan,Parma,1648.62,1343.4,0.9115,H,H,1.0
2025-01-26,Sociedad,Getafe,1572.86,1439.22,0.7933,A,H,0.0
2025-01-26,Nice,Marseille,1656.17,1702.94,0.576,H,H,1.0
2025-01-26,Toulouse,Montpellier,1584.07,1433.55,0.8088,A,H,0.0
2025-01-26,Nantes,Lyon,1434.14,1667.32,0.3172,D,A,
2025-01-26,Lens,Angers,1605.58,1433.93,0.8269,H,H,1.0
2025-01-26,Le Havre,Brest,1347.92,1587.66,0.3091,A,A,1.0
2025-01-26,Crystal Palace,Brentford,1597.68,1507.99,0.7488,A,H,0.0
2025-01-26,Tottenham,Leicester,1509.88,1326.47,0.8364,A,H,0.0
2025-01-26,Aston Villa,West Ham,1633.42,1497.49,0.7955,D,H,
2025-01-26,Vallecano,Girona,1494.85,1566.93,0.5401,H,H,1.0
2025-01-26,Udinese,Roma,1498.53,1591.1,0.5107,A,H,0.0
2025-01-26,Fulham,Man United,1589.53,1496.3,0.7526,A,H,0.0
2025-01-26,Lazio,Fiorentina,1667.65,1608.1,0.7147,A,H,0.0
2025-01-26,Ath Bilbao,Leganes,1708.95,1493.12,0.8603,D,H,
2025-01-26,Barcelona,Valencia,1721.83,1428.38,0.9059,H,H,1.0
2025-01-26,Lecce,Inter,1431.57,1882.62,0.117,A,A,1.0
2025-01-27,Genoa,Monza,1511.69,1388.32,0.7834,H,H,1.0
2025-01-27,Venezia,Verona,1350.63,1417.7,0.5472,D,H,
2025-01-27,Alaves,Celta,1466.58,1477.17,0.6259,D,H,
2025-01-31,Leganes,Vallecano,1504.65,1514.0,0.6276,A,H,0.0
2025-01-31,Werder Bremen,Mainz,1525.34,1610.96,0.5207,H,H,1.0
2025-01-31,Montpellier,Lens,1467.22,1612.79,0.4348,A,A,1.0
2025-01-31,Parma,Lecce,1339.71,1425.2,0.5209,A,H,0.0
2025-02-01,Villarreal,Valladolid,1624.67,1358.82,0.8915,H,H,1.0
2025-02-01,Ath Madrid,Mallorca,1732.61,1496.34,0.8739,H,H,1.0
2025-02-01,Brest,Paris SG,1600.53,1892.83,0.2484,A,A,1.0
2025-02-01,Espanol,Real Madrid,1408.61,1844.18,0.1266,H,A,0.0
2025-02-01,Getafe,Sevilla,1479.89,1502.69,0.6093,D,H,
2025-02-01,Udinese,Venezia,1477.27,1349.12,0.7881,H,H,1.0
2025-02-01,Monza,Verona,1378.08,1419.21,0.5839,A,H,0.0
2025-02-01,Lille,St Etienne,1685.17,1406.37,0.8985,H,H,1.0
2025-02-01,Atalanta,Torino,1750.79,1553.06,0.8473,D,H,
2025-02-01,Wolves,Aston Villa,1407.31,1623.96,0.3382,H,A,0.0
2025-02-01,Newcastle,Fulham,1657.05,1558.2,0.7585,A,H,0.0
2025-02-01,Ipswich,Southampton,1412.59,1220.17,0.8433,A,H,0.0
2025-02-01,Everton,Leicester,1510.21,1361.29,0.8074,H,H,1.0
2025-02-01,Nott'm Forest,Brighton,1640.39,1580.79,0.7148,H,H,1.0
2025-02-01,Union Berlin,RB Leipzig,1389.31,1656.19,0.2768,D,A,
2025-02-01,Stuttgart,M'gladbach,1660.57,1511.96,0.8071,A,H,0.0
2025-02-01,Bournemouth,Liverpool,1685.69,1840.45,0.4218,A,A,1.0
2025-02-01,Heidenheim,Dortmund,1377.56,1579.23,0.3577,A,A,1.0
2025-02-01,Bochum,Freiburg,1369.93,1516.44,0.4335,A,A,1.0
2025-02-01,Bayern Munich,Holstein Kiel,1800.23,1387.13,0.9504,H,H,1.0
2025-02-01,Monaco,Auxerre,1672.99,1480.63,0.8433,H,H,1.0
2025-02-01,Bologna,Como,1675.78,1484.23,0.8427,H,H,1.0
2025-02-01,St Pauli,Augsburg,1474.69,1491.51,0.6175,D,H,
2025-02-02,Betis,Ath Bilbao,1534.15,1697.42,0.4099,D,A,
2025-02-02,Milan,Inter,1652.31,1888.99,0.3129,D,A,
2025-02-02,Roma,Napoli,1612.36,1787.25,0.3939,D,A,
2025-02-02,Brentford,Tottenham,1539.16,1475.06,0.72,A,H,0.0
2025-02-02,Man United,Crystal Palace,1527.63,1566.51,0.5871,A,H,0.0
2025-02-02,Arsenal,Man City,1818.87,1750.48,0.725,H,H,1.0
2025-02-02,Toulouse,Nice,1550.4,1676.21,0.4629,D,A,
2025-02-02,Angers,Le Havre,1426.72,1335.05,0.7509,D,H,
2025-02-02,Osasuna,Sociedad,1502.8,1532.19,0.6002,H,H,1.0
2025-02-02,Reims,Nantes,1492.68,1439.99,0.7066,A,H,0.0
2025-02-02,Barcelona,Alaves,1727.39,1462.55,0.8909,H,H,1.0
2025-02-02,Juventus,Empoli,1713.82,1437.7,0.8971,H,H,1.0
2025-02-02,Fiorentina,Genoa,1637.86,1521.92,0.7761,H,H,1.0
2025-02-02,Ein Frankfurt,Wolfsburg,1651.86,1539.24,0.7728,D,H,
2025-02-02,Valencia,Celta,1422.82,1481.2,0.5596,H,H,1.0
2025-02-02,Rennes,Strasbourg,1453.64,1587.0,0.4521,H,A,0.0
2025-02-02,Marseille,Lyon,1682.89,1661.47,0.668,H,H,1.0
2025-02-02,Leverkusen,Hoffenheim,1849.58,1465.51,0.9419,H,H,1.0
2025-02-03,Cagliari,Lazio,1447.72,1637.89,0.3731,A,A,1.0
2025-02-03,Girona,Las Palmas,1547.78,1447.82,0.7597,H,H,1.0
2025-02-03,Chelsea,West Ham,1658.06,1506.94,0.8093,H,H,1.0
2025-02-06,Fiorentina,Inter,1647.18,1883.0,0.3139,H,A,0.0
2025-02-07,Paris SG,Monaco,1905.56,1680.4,0.8667,H,H,1.0
2025-02-07,Bayern Munich,Werder Bremen,1802.29,1545.3,0.8865,H,H,1.0
2025-02-07,Nantes,Brest,1469.41,1587.79,0.4736,A,A,1.0
2025-02-07,Como,Juventus,1476.79,1719.1,0.3059,A,A,1.0
2025-02-07,Vallecano,Valladolid,1540.13,1352.92,0.8393,H,H,1.0
2025-02-08,Torino,Genoa,1564.17,1512.6,0.7053,D,H,
2025-02-08,Wolfsburg,Leverkusen,1547.97,1852.32,0.2357,D,A,
2025-02-08,Real Madrid,Ath Madrid,1807.82,1738.57,0.726,D,H,
2025-02-08,Mainz,Augsburg,1591.01,1495.27,0.7552,D,H,
2025-02-08,Hoffenheim,Union Berlin,1462.77,1396.46,0.7226,A,H,0.0
2025-02-08,Empoli,Milan,1432.42,1658.29,0.3264,A,A,1.0
2025-02-08,M'gladbach,Ein Frankfurt,1545.56,1643.13,0.5035,D,H,
2025-02-08,Celta,Betis,1462.86,1537.03,0.5371,H,H,1.0
2025-02-08,Verona,Atalanta,1443.52,1739.67,0.2443,A,A,1.0
2025-02-08,Freiburg,Heidenheim,1534.48,1362.67,0.827,H,H,1.0
2025-02-08,Ath Bilbao,Girona,1694.54,1557.78,0.7962,H,H,1.0
2025-02-08,Las Palmas,Villarreal,1437.82,1630.57,0.3696,A,A,1.0
2025-02-08,Nice,Lens,1675.03,1633.34,0.6933,H,H,1.0
2025-02-08,Lille,Le Havre,1690.38,1343.08,0.9292,A,H,0.0
2025-02-08,St Etienne,Rennes,1401.16,1476.45,0.5355,A,H,0.0
2025-02-08,Dortmund,Stuttgart,1594.13,1626.97,0.5955,A,H,0.0
2025-02-09,Lazio,Monza,1653.43,1353.77,0.9089,H,H,1.0
2025-02-09,Cagliari,Parma,1432.19,1315.09,0.7773,H,H,1.0
2025-02-09,Venezia,Roma,1340.29,1615.76,0.267,A,A,1.0
2025-02-09,Lecce,Bologna,1449.82,1683.22,0.3169,D,A,
2025-02-09,Napoli,Udinese,1783.85,1486.09,0.908,D,H,
2025-02-09,Alaves,Getafe,1458.01,1476.39,0.6153,A,H,0.0
2025-02-09,Strasbourg,Montpellier,1564.19,1446.67,0.7777,H,H,1.0
2025-02-09,Angers,Marseille,1418.7,1696.72,0.2641,A,A,1.0
2025-02-09,RB Leipzig,St Pauli,1649.04,1470.93,0.8321,H,H,1.0
2025-02-09,Holstein Kiel,Bochum,1385.07,1351.88,0.6828,D,H,
2025-02-09,Auxerre,Toulouse,1473.22,1551.59,0.5311,D,H,
2025-02-09,Sevilla,Barcelona,1506.19,1731.93,0.3266,A,A,1.0
2025-02-09,Valencia,Leganes,1441.16,1478.52,0.5892,H,H,1.0
2025-02-09,Lyon,Reims,1647.65,1463.26,0.8371,H,H,1.0
2025-02-09,Sociedad,Espanol,1515.55,1444.97,0.7275,H,H,1.0
2025-02-10,Inter,Fiorentina,1847.83,1682.35,0.8217,H,H,1.0
2025-02-10,Mallorca,Osasuna,1490.38,1519.45,0.6007,D,H,
2025-02-12,Everton,Liverpool,1520.68,1860.39,0.201,D,A,
2025-02-14,Bologna,Torino,1677.36,1557.6,0.7799,H,H,1.0
2025-02-14,Brest,Auxerre,1610.18,1472.22,0.7973,D,H,
2025-02-14,Augsburg,RB Leipzig,1503.44,1656.98,0.4236,D,A,
2025-02-14,Brighton,Chelsea,1563.42,1666.0,0.4963,H,A,0.0
2025-02-14,Girona,Getafe,1547.34,1502.01,0.6977,A,H,0.0
2025-02-15,Marseille,St Etienne,1709.2,1375.85,0.9238,H,H,1.0
2025-02-15,Monaco,Nantes,1673.56,1447.02,0.8676,H,H,1.0
2025-02-15,Leicester,Arsenal,1350.81,1833.82,0.0993,A,A,1.0
2025-02-15,Fulham,Nott'm Forest,1589.78,1657.76,0.5459,H,H,1.0
2025-02-15,Man City,Newcastle,1735.53,1625.47,0.7702,H,H,1.0
2025-02-15,Southampton,Bournemouth,1255.28,1665.76,0.1434,A,A,1.0
2025-02-15,West Ham,Brentford,1499.0,1505.13,0.6319,A,H,0.0
2025-02-15,Crystal Palace,Everton,1594.26,1530.25,0.7199,A,H,0.0
2025-02-15,Aston Villa,Ipswich,1592.68,1377.48,0.8599,D,H,
2025-02-15,Toulouse,Paris SG,1552.58,1912.4,0.1831,A,A,1.0
2025-02-15,Villarreal,Valencia,1645.96,1460.58,0.8379,D,H,
2025-02-15,Atalanta,Cagliari,1753.57,1441.47,0.9147,D,H,
2025-02-15,Leverkusen,Bayern Munich,1843.86,1808.12,0.686,D,H,
2025-02-15,Union Berlin,M'gladbach,1435.74,1545.45,0.486,A,A,1.0
2025-02-15,Stuttgart,Wolfsburg,1651.76,1556.42,0.7548,A,H,0.0
2025-02-15,St Pauli,Freiburg,1463.0,1541.68,0.5306,A,H,0.0
2025-02-15,Bochum,Dortmund,1357.73,1569.33,0.3447,H,A,0.0
2025-02-15,Lazio,Napoli,1658.38,1770.8,0.4821,D,A,
2025-02-15,Leganes,Alaves,1459.1,1432.39,0.6747,D,H,
2025-02-15,Osasuna,Real Madrid,1522.67,1800.59,0.2642,D,A,
2025-02-15,Ath Madrid,Celta,1745.8,1482.13,0.8903,D,H,
2025-02-15,Milan,Verona,1673.72,1429.62,0.8788,H,H,1.0
2025-02-16,Espanol,Ath Bilbao,1433.63,1704.99,0.2716,D,A,
2025-02-16,Valladolid,Sevilla,1346.24,1489.45,0.4381,A,A,1.0
2025-02-16,Mallorca,Las Palmas,1487.16,1422.43,0.7208,H,H,1.0
2025-02-16,Betis,Sociedad,1517.76,1526.89,0.6279,H,H,1.0
2025-02-16,Tottenham,Man United,1509.09,1499.88,0.6522,H,H,1.0
2025-02-16,Parma,Roma,1305.82,1626.87,0.2188,A,A,1.0
2025-02-16,Udinese,Empoli,1499.15,1416.99,0.7405,H,H,1.0
2025-02-16,Monza,Lecce,1348.82,1455.68,0.4901,D,A,
2025-02-16,Juventus,Inter,1731.84,1855.25,0.4664,H,A,0.0
2025-02-16,Liverpool,Wolves,1850.83,1438.59,0.9502,H,H,1.0
2025-02-16,Heidenheim,Mainz,1355.46,1582.84,0.3245,A,A,1.0
2025-02-16,Ein Frankfurt,Holstein Kiel,1643.25,1379.22,0.8905,H,H,1.0
2025-02-16,Werder Bremen,Hoffenheim,1539.48,1423.48,0.7761,A,H,0.0
2025-02-16,Montpellier,Lyon,1436.16,1656.5,0.3334,A,A,1.0
2025-02-16,Le Havre,Nice,1381.76,1689.52,0.2322,A,A,1.0
2025-02-16,Lens,Strasbourg,1618.85,1574.7,0.6963,A,H,0.0
2025-02-16,Reims,Angers,1454.4,1406.21,0.7012,A,H,0.0
2025-02-16,Rennes,Lille,1501.76,1651.69,0.4286,A,A,1.0
2025-02-16,Fiorentina,Como,1674.93,1464.05,0.8569,A,H,0.0
2025-02-17,Genoa,Venezia,1519.17,1329.18,0.8415,H,H,1.0
2025-02-17,Barcelona,Vallecano,1748.67,1546.82,0.8504,H,H,1.0
2025-02-19,Aston Villa,Liverpool,1581.16,1852.9,0.2712,D,A,
2025-02-21,Leicester,Brentford,1346.12,1531.43,0.3796,A,A,1.0
2025-02-21,Celta,Osasuna,1494.62,1530.21,0.5916,H,H,1.0
2025-02-21,Freiburg,Werder Bremen,1563.78,1502.79,0.7164,H,H,1.0
2025-02-21,Rennes,Reims,1481.5,1425.21,0.7109,H,H,1.0
2025-02-21,Lecce,Udinese,1455.37,1512.45,0.5614,A,H,0.0
2025-02-22,Holstein Kiel,Leverkusen,1374.04,1837.91,0.1096,A,A,1.0
2025-02-22,St Etienne,Angers,1371.71,1435.41,0.5521,D,H,
2025-02-22,Auxerre,Marseille,1481.74,1713.35,0.3192,H,A,0.0
2025-02-22,Everton,Man United,1560.22,1485.4,0.7323,D,H,
2025-02-22,Arsenal,West Ham,1838.52,1472.69,0.9359,A,H,0.0
2025-02-22,Bournemouth,Wolves,1672.53,1436.52,0.8737,A,H,0.0
2025-02-22,Fulham,Crystal Palace,1608.68,1564.29,0.6966,A,H,0.0
2025-02-22,Ipswich,Tottenham,1389.0,1523.57,0.4504,A,A,1.0
2025-02-22,Lille,Monaco,1671.95,1681.38,0.6275,H,H,1.0
2025-02-22,Parma,Bologna,1296.71,1686.52,0.1586,H,A,0.0
2025-02-22,Venezia,Lazio,1321.69,1658.95,0.2033,D,A,
2025-02-22,Mainz,St Pauli,1598.18,1440.91,0.8147,H,H,1.0
2025-02-22,Torino,Milan,1548.44,1678.77,0.4565,H,A,0.0
2025-02-22,Dortmund,Union Berlin,1538.36,1415.51,0.7829,H,H,1.0
2025-02-22,Alaves,Espanol,1437.98,1440.94,0.6361,A,H,0.0
2025-02-22,Vallecano,Villarreal,1540.59,1635.15,0.5078,A,H,0.0
2025-02-22,Valencia,Ath Madrid,1471.39,1733.31,0.2825,A,A,1.0
2025-02-22,Las Palmas,Barcelona,1409.23,1754.9,0.1956,A,A,1.0
2025-02-22,Southampton,Brighton,1248.5,1589.24,0.2001,A,A,1.0
2025-02-22,Aston Villa,Chelsea,1588.49,1640.18,0.5691,H,H,1.0
2025-02-22,Wolfsburg,Bochum,1587.85,1388.71,0.8484,D,H,
2025-02-22,M'gladbach,Augsburg,1565.69,1505.88,0.715,A,H,0.0
2025-02-22,Inter,Genoa,1833.03,1526.66,0.9121,H,H,1.0
2025-02-23,Bayern Munich,Ein Frankfurt,1814.07,1648.42,0.8219,H,H,1.0
2025-02-23,Hoffenheim,Stuttgart,1460.17,1620.34,0.4143,D,A,
2025-02-23,Newcastle,Nott'm Forest,1612.98,1638.86,0.6051,H,H,1.0
2025-02-23,Man City,Liverpool,1748.03,1845.58,0.5035,A,H,0.0
2025-02-23,RB Leipzig,Heidenheim,1654.53,1340.13,0.9157,D,H,
2025-02-23,Strasbourg,Brest,1607.61,1600.66,0.6492,D,H,
2025-02-23,Sociedad,Leganes,1507.82,1453.51,0.7085,H,H,1.0
2025-02-23,Getafe,Betis,1531.06,1536.84,0.6324,A,H,0.0
2025-02-23,Nantes,Lens,1439.2,1585.93,0.4332,H,A,0.0
2025-02-23,Real Madrid,Girona,1793.04,1518.29,0.8963,H,H,1.0
2025-02-23,Le Havre,Toulouse,1370.79,1544.96,0.3949,A,A,1.0
2025-02-23,Como,Napoli,1504.56,1770.22,0.2782,H,A,0.0
2025-02-23,Verona,Fiorentina,1424.58,1634.43,0.347,H,A,0.0
2025-02-23,Empoli,Atalanta,1403.69,1740.3,0.2039,A,A,1.0
2025-02-23,Cagliari,Juventus,1454.74,1754.05,0.241,A,A,1.0
2025-02-23,Ath Bilbao,Valladolid,1697.68,1322.42,0.9391,H,H,1.0
2025-02-23,Nice,Montpellier,1700.5,1419.07,0.8999,H,H,1.0
2025-02-23,Lyon,Paris SG,1673.59,1920.02,0.3009,A,A,1.0
2025-02-24,Sevilla,Mallorca,1513.27,1500.36,0.657,D,H,
2025-02-24,Roma,Monza,1635.98,1349.14,0.9026,H,H,1.0
2025-02-25,Wolves,Fulham,1472.9,1575.76,0.4959,A,A,1.0
2025-02-25,Chelsea,Southampton,1622.24,1237.63,0.9421,H,H,1.0
2025-02-25,Brighton,Bournemouth,1600.12,1636.16,0.591,H,H,1.0
2025-02-25,Crystal Palace,Aston Villa,1597.21,1606.43,0.6278,H,H,1.0
2025-02-26,Liverpool,Newcastle,1869.38,1629.42,0.8762,H,H,1.0
2025-02-26,Brentford,Everton,1552.07,1552.79,0.6391,D,H,
2025-02-26,Man United,Ipswich,1492.83,1365.91,0.7869,H,H,1.0
2025-02-26,Nott'm Forest,Arsenal,1622.42,1799.55,0.3908,D,A,
2025-02-26,Tottenham,Man City,1546.66,1724.23,0.3902,A,A,1.0
2025-02-27,Bologna,Milan,1646.76,1656.14,0.6275,H,H,1.0
2025-02-27,West Ham,Leicester,1511.66,1325.48,0.8385,H,H,1.0
2025-02-28,Stuttgart,Bayern Munich,1617.59,1823.75,0.3518,A,A,1.0
2025-02-28,Monaco,Reims,1665.87,1413.17,0.8839,H,H,1.0
2025-02-28,Valladolid,Las Palmas,1318.82,1399.99,0.5271,D,H,
2025-02-28,Fiorentina,Lecce,1607.24,1431.99,0.8298,H,H,1.0
2025-03-01,Girona,Celta,1513.39,1511.62,0.6424,D,H,
2025-03-01,Atalanta,Venezia,1751.91,1331.18,0.9525,D,H,
2025-03-01,Napoli,Inter,1740.17,1836.69,0.505,D,H,
2025-03-01,Udinese,Parma,1535.83,1336.48,0.8485,H,H,1.0
2025-03-01,Ein Frankfurt,Leverkusen,1638.74,1843.09,0.3542,A,A,1.0
2025-03-01,Werder Bremen,Wolfsburg,1486.65,1576.7,0.5143,A,H,0.0
2025-03-01,St Pauli,Dortmund,1432.15,1551.18,0.4726,A,A,1.0
2025-03-01,RB Leipzig,Mainz,1641.23,1606.93,0.6842,A,H,0.0
2025-03-01,Paris SG,Lille,1932.55,1687.46,0.8794,H,H,1.0
2025-03-01,Heidenheim,M'gladbach,1353.43,1529.03,0.3929,A,A,1.0
2025-03-01,Lens,Le Havre,1559.14,1350.55,0.8553,A,H,0.0
2025-03-01,Ath Madrid,Ath Bilbao,1747.79,1701.28,0.6992,H,H,1.0
2025-03-01,Betis,Real Madrid,1563.16,1797.94,0.3152,H,A,0.0
2025-03-01,Vallecano,Sevilla,1519.45,1508.24,0.6548,D,H,
2025-03-01,Bochum,Hoffenheim,1399.86,1462.91,0.553,A,H,0.0
2025-03-01,St Etienne,Nice,1370.04,1705.23,0.2052,A,A,1.0
2025-03-02,Bologna,Cagliari,1662.26,1444.7,0.8615,H,H,1.0
2025-03-02,Genoa,Empoli,1523.0,1392.09,0.7907,D,H,
2025-03-02,Roma,Como,1641.27,1534.61,0.7667,H,H,1.0
2025-03-02,Milan,Lazio,1640.63,1649.46,0.6283,A,H,0.0
2025-03-02,Monza,Torino,1343.84,1571.07,0.3247,A,A,1.0
2025-03-02,Augsburg,Freiburg,1542.54,1579.91,0.5892,D,H,
2025-03-02,Montpellier,Rennes,1414.34,1493.54,0.5299,A,H,0.0
2025-03-02,Osasuna,Valencia,1513.21,1456.91,0.7109,D,H,
2025-03-02,Mallorca,Alaves,1505.38,1411.49,0.7533,D,H,
2025-03-02,Barcelona,Sociedad,1764.14,1522.76,0.8771,H,H,1.0
2025-03-02,Leganes,Getafe,1438.57,1504.73,0.5485,H,H,1.0
2025-03-02,Lyon,Brest,1661.07,1605.44,0.7101,H,H,1.0
2025-03-02,Angers,Toulouse,1437.07,1565.2,0.4596,A,A,1.0
2025-03-02,Auxerre,Strasbourg,1516.64,1602.84,0.5199,A,H,0.0
2025-03-02,Marseille,Nantes,1678.44,1466.0,0.858,H,H,1.0
2025-03-02,Union Berlin,Holstein Kiel,1402.69,1368.86,0.6836,A,H,0.0
2025-03-03,Juventus,Verona,1764.09,1451.76,0.9148,H,H,1.0
2025-03-07,M'gladbach,Mainz,1549.17,1635.42,0.5198,A,H,0.0
2025-03-07,Cagliari,Genoa,1438.94,1513.7,0.5363,D,H,
2025-03-07,Toulouse,Monaco,1590.19,1671.82,0.5264,D,H,
2025-03-08,Rennes,Paris SG,1522.35,1938.73,0.1393,A,A,1.0
2025-03-08,Lille,Montpellier,1681.28,1385.53,0.907,H,H,1.0
2025-03-08,Marseille,Lens,1685.16,1523.53,0.8185,A,H,0.0
2025-03-08,Leverkusen,Werder Bremen,1861.25,1465.24,0.9456,A,H,0.0
2025-03-08,Como,Venezia,1524.9,1345.66,0.8331,D,H,
2025-03-08,Inter,Monza,1836.85,1328.5,0.9707,H,H,1.0
2025-03-08,Celta,Leganes,1516.18,1457.37,0.7139,H,H,1.0
2025-03-08,Lecce,Milan,1424.91,1614.48,0.3739,A,A,1.0
2025-03-08,Valencia,Valladolid,1463.66,1317.95,0.8045,H,H,1.0
2025-03-08,Wolfsburg,St Pauli,1598.11,1409.81,0.8402,D,H,
2025-03-08,Alaves,Villarreal,1419.6,1656.29,0.3128,H,A,0.0
2025-03-08,Parma,Torino,1330.17,1586.42,0.2892,D,A,
2025-03-08,Brentford,Aston Villa,1547.62,1587.34,0.5859,A,H,0.0
2025-03-08,Liverpool,Southampton,1875.23,1234.48,0.9861,H,H,1.0
2025-03-08,Crystal Palace,Ipswich,1616.3,1357.04,0.8878,H,H,1.0
2025-03-08,Brighton,Fulham,1617.15,1596.4,0.6671,H,H,1.0
2025-03-08,Holstein Kiel,Stuttgart,1397.32,1600.96,0.3551,D,A,
2025-03-08,Dortmund,Augsburg,1573.52,1539.69,0.6836,A,H,0.0
2025-03-08,Nott'm Forest,Man City,1625.91,1740.47,0.4791,H,A,0.0
2025-03-08,Freiburg,RB Leipzig,1582.77,1612.74,0.5994,D,H,
2025-03-08,Bayern Munich,Bochum,1840.38,1376.83,0.9625,A,H,0.0
2025-03-08,Wolves,Everton,1452.25,1557.24,0.4928,D,A,
2025-03-09,Juventus,Atalanta,1768.11,1737.43,0.6797,A,H,0.0
2025-03-09,Brest,Angers,1593.37,1412.08,0.8347,H,H,1.0
2025-03-09,Empoli,Roma,1401.39,1650.99,0.2971,A,A,1.0
2025-03-09,Napoli,Fiorentina,1740.01,1614.33,0.7857,H,H,1.0
2025-03-09,Verona,Bologna,1447.73,1668.03,0.3335,A,A,1.0
2025-03-09,Ein Frankfurt,Union Berlin,1620.58,1374.23,0.8801,A,H,0.0
2025-03-09,Hoffenheim,Heidenheim,1485.93,1333.29,0.8107,D,H,
2025-03-09,Nantes,Strasbourg,1459.28,1624.48,0.4073,A,A,1.0
2025-03-09,Le Havre,St Etienne,1386.15,1360.34,0.6735,D,H,
2025-03-09,Tottenham,Bournemouth,1530.42,1619.13,0.5162,D,H,
2025-03-09,Nice,Lyon,1714.93,1673.14,0.6934,A,H,0.0
2025-03-09,Man United,Arsenal,1501.71,1796.06,0.2462,D,A,
2025-03-09,Ath Bilbao,Mallorca,1688.75,1497.28,0.8426,D,H,
2025-03-09,Sociedad,Sevilla,1516.08,1513.2,0.6439,A,H,0.0
2025-03-09,Betis,Las Palmas,1591.67,1400.85,0.8421,H,H,1.0
2025-03-09,Reims,Auxerre,1407.22,1495.0,0.5176,A,H,0.0
2025-03-09,Real Madrid,Vallecano,1769.43,1514.49,0.8853,H,H,1.0
2025-03-09,Getafe,Ath Madrid,1485.94,1760.32,0.2682,H,A,0.0
2025-03-09,Chelsea,Leicester,1625.38,1317.85,0.9126,H,H,1.0
2025-03-10,West Ham,Newcastle,1519.29,1623.57,0.4938,A,A,1.0
2025-03-10,Lazio,Udinese,1675.61,1542.13,0.7932,D,H,
2025-03-10,Espanol,Girona,1467.42,1508.83,0.5835,D,H,
2025-03-14,Nice,Auxerre,1682.16,1519.46,0.8194,D,H,
2025-03-14,St Pauli,Hoffenheim,1420.69,1475.99,0.564,H,H,1.0
2025-03-14,Genoa,Lecce,1514.86,1409.34,0.7655,H,H,1.0
2025-03-14,Las Palmas,Alaves,1394.28,1448.21,0.5659,D,H,
2025-03-15,Girona,Valencia,1511.51,1471.8,0.6909,D,H,
2025-03-15,Villarreal,Real Madrid,1627.68,1774.21,0.4334,A,A,1.0
2025-03-15,Mallorca,Espanol,1508.24,1464.75,0.6955,H,H,1.0
2025-03-15,Valladolid,Celta,1309.81,1528.09,0.3361,A,A,1.0
2025-03-15,Torino,Empoli,1579.67,1389.02,0.842,H,H,1.0
2025-03-15,Udinese,Verona,1551.51,1433.85,0.7778,A,H,0.0
2025-03-15,Augsburg,Wolfsburg,1568.15,1587.23,0.6144,H,H,1.0
2025-03-15,Mainz,Freiburg,1659.99,1579.58,0.7386,D,H,
2025-03-15,Union Berlin,Bayern Munich,1410.87,1800.31,0.1589,D,A,
2025-03-15,Werder Bremen,M'gladbach,1509.94,1524.6,0.6204,A,H,0.0
2025-03-15,Everton,West Ham,1557.01,1498.73,0.7132,D,H,
2025-03-15,Ipswich,Nott'm Forest,1352.36,1647.6,0.2453,A,A,1.0
2025-03-15,Man City,Brighton,1718.78,1631.01,0.7467,D,H,
2025-03-15,Monza,Parma,1327.28,1336.92,0.6272,D,H,
2025-03-15,Bournemouth,Brentford,1619.65,1523.23,0.756,A,H,0.0
2025-03-15,Angers,Monaco,1404.27,1672.67,0.275,A,A,1.0
2025-03-15,Nantes,Lille,1442.33,1685.15,0.3053,H,A,0.0
2025-03-15,Southampton,Wolves,1233.82,1452.48,0.3356,A,A,1.0
2025-03-15,RB Leipzig,Dortmund,1615.92,1545.06,0.7278,H,H,1.0
2025-03-15,Milan,Como,1630.04,1514.24,0.776,H,H,1.0
2025-03-15,Lens,Rennes,1557.61,1515.21,0.6942,H,H,1.0
2025-03-16,Ath Madrid,Barcelona,1729.85,1770.82,0.5841,A,H,0.0
2025-03-16,Vallecano,Sociedad,1509.72,1489.27,0.6667,D,H,
2025-03-16,Osasuna,Getafe,1506.46,1516.4,0.6268,A,H,0.0
2025-03-16,Sevilla,Ath Bilbao,1540.0,1677.79,0.4458,A,A,1.0
2025-03-16,Leganes,Betis,1445.45,1598.25,0.4246,A,A,1.0
2025-03-16,Venezia,Napoli,1356.32,1748.93,0.1565,D,A,
2025-03-16,Bologna,Lazio,1681.91,1666.23,0.6606,H,H,1.0
2025-03-16,Roma,Cagliari,1663.36,1437.78,0.8669,H,H,1.0
2025-03-16,Bochum,Ein Frankfurt,1416.9,1583.94,0.4047,A,A,1.0
2025-03-16,Lyon,Le Havre,1705.91,1380.6,0.9204,H,H,1.0
2025-03-16,Fiorentina,Juventus,1605.4,1731.16,0.463,H,A,0.0
2025-03-16,Atalanta,Inter,1774.38,1838.07,0.5521,A,H,0.0
2025-03-16,Paris SG,Marseille,1945.87,1651.08,0.9066,H,H,1.0
2025-03-16,Strasbourg,Toulouse,1641.44,1589.34,0.7059,H,H,1.0
2025-03-16,Montpellier,St Etienne,1381.66,1365.89,0.6607,A,H,0.0
2025-03-16,Arsenal,Chelsea,1787.94,1629.02,0.8161,H,H,1.0
2025-03-16,Fulham,Tottenham,1582.54,1529.9,0.7065,H,H,1.0
2025-03-16,Leicester,Man United,1314.21,1509.83,0.3658,A,A,1.0
2025-03-16,Brest,Reims,1601.18,1382.76,0.8621,D,H,
2025-03-16,Stuttgart,Leverkusen,1596.33,1816.56,0.3336,A,A,1.0
2025-03-16,Heidenheim,Holstein Kiel,1343.23,1401.96,0.5591,H,H,1.0
2025-03-27,Barcelona,Osasuna,1798.44,1480.37,0.9173,H,H,1.0
2025-03-28,Leverkusen,Bochum,1830.44,1397.77,0.9555,H,H,1.0
2025-03-28,Strasbourg,Lyon,1653.68,1709.67,0.563,H,H,1.0
2025-03-29,Monaco,Nice,1685.67,1671.93,0.6581,H,H,1.0
2025-03-29,St Etienne,Paris SG,1397.12,1950.29,0.0686,A,A,1.0
2025-03-29,Hoffenheim,Augsburg,1457.84,1584.2,0.4621,D,A,
2025-03-29,Alaves,Vallecano,1450.32,1504.38,0.5657,A,H,0.0
2025-03-29,Real Madrid,Leganes,1792.25,1427.78,0.9355,H,H,1.0
2025-03-29,Reims,Marseille,1394.35,1646.67,0.2938,H,A,0.0
2025-03-29,Bayern Munich,St Pauli,1789.4,1438.85,0.9304,H,H,1.0
2025-03-29,Espanol,Ath Madrid,1452.07,1702.24,0.2964,D,A,
2025-03-29,Holstein Kiel,Werder Bremen,1381.12,1480.61,0.5007,A,H,0.0
2025-03-29,M'gladbach,RB Leipzig,1553.93,1628.79,0.5361,H,H,1.0
2025-03-29,Sociedad,Valladolid,1494.6,1295.82,0.8481,H,H,1.0
2025-03-29,Ein Frankfurt,Stuttgart,1603.07,1582.44,0.6669,H,H,1.0
2025-03-29,Lecce,Roma,1399.58,1668.9,0.2739,A,A,1.0
2025-03-29,Juventus,Genoa,1703.63,1524.62,0.8329,H,H,1.0
2025-03-29,Venezia,Bologna,1367.31,1701.22,0.2064,A,A,1.0
2025-03-29,Como,Empoli,1504.91,1382.44,0.7826,D,H,
2025-03-29,Wolfsburg,Heidenheim,1571.17,1364.07,0.8542,A,H,0.0
2025-03-30,Freiburg,Union Berlin,1587.22,1421.79,0.8217,A,H,0.0
2025-03-30,Dortmund,Mainz,1532.19,1652.35,0.471,H,A,0.0
2025-03-30,Betis,Sevilla,1615.92,1521.44,0.7539,H,H,1.0
2025-03-30,Valencia,Mallorca,1477.91,1520.92,0.5813,H,H,1.0
2025-03-30,Ath Bilbao,Osasuna,1696.35,1476.13,0.8633,D,H,
2025-03-30,Barcelona,Girona,1802.67,1505.4,0.9078,H,H,1.0
2025-03-30,Getafe,Villarreal,1542.5,1609.64,0.5472,A,H,0.0
2025-03-30,Toulouse,Brest,1577.1,1589.59,0.6233,A,H,0.0
2025-03-30,Angers,Rennes,1391.27,1502.48,0.4839,A,A,1.0
2025-03-30,Napoli,Milan,1737.94,1639.37,0.7582,H,H,1.0
2025-03-30,Lille,Lens,1656.22,1570.34,0.7446,H,H,1.0
2025-03-30,Le Havre,Nantes,1376.84,1471.25,0.508,H,H,1.0
2025-03-30,Cagliari,Monza,1432.24,1323.21,0.7691,H,H,1.0
2025-03-30,Auxerre,Montpellier,1529.68,1350.43,0.8331,H,H,1.0
2025-03-30,Fiorentina,Atalanta,1632.93,1748.28,0.4779,H,A,0.0
2025-03-30,Inter,Udinese,1864.16,1519.13,0.9284,H,H,1.0
2025-03-31,Celta,Las Palmas,1542.08,1392.17,0.8082,D,H,
2025-03-31,Lazio,Torino,1646.92,1586.25,0.716,D,H,
2025-03-31,Verona,Parma,1466.23,1340.99,0.7853,D,H,
2025-04-01,Arsenal,Fulham,1795.59,1596.41,0.8484,H,H,1.0
2025-04-01,Nott'm Forest,Man United,1659.19,1528.58,0.7904,H,H,1.0
2025-04-01,Wolves,West Ham,1466.45,1505.55,0.5868,H,H,1.0
2025-04-02,Bournemouth,Ipswich,1588.18,1340.77,0.8808,A,H,0.0
2025-04-02,Man City,Leicester,1710.89,1295.46,0.9511,H,H,1.0
2025-04-02,Newcastle,Brentford,1644.13,1554.7,0.7485,H,H,1.0
2025-04-02,Southampton,Crystal Palace,1219.85,1620.97,0.1502,D,A,
2025-04-02,Liverpool,Everton,1875.89,1550.18,0.9206,H,H,1.0
2025-04-02,Brighton,Aston Villa,1638.9,1611.74,0.6752,A,H,0.0
2025-04-03,Chelsea,Tottenham,1621.37,1516.03,0.7653,H,H,1.0
2025-04-04,Nice,Nantes,1657.7,1450.77,0.8541,A,H,0.0
2025-04-04,Genoa,Udinese,1517.66,1516.15,0.6421,H,H,1.0
2025-04-04,Augsburg,Bayern Munich,1582.99,1792.29,0.3477,A,A,1.0
2025-04-04,Vallecano,Espanol,1531.12,1458.59,0.7297,A,H,0.0
2025-04-05,Barcelona,Betis,1807.4,1626.17,0.8346,D,H,
2025-04-05,Mallorca,Celta,1503.49,1532.22,0.6011,A,H,0.0
2025-04-05,Paris SG,Angers,1954.19,1366.46,0.9813,H,H,1.0
2025-04-05,Brest,Monaco,1619.06,1699.9,0.5275,H,H,1.0
2025-04-05,Lyon,Lille,1689.02,1666.86,0.6689,H,H,1.0
2025-04-05,Aston Villa,Nott'm Forest,1646.35,1667.92,0.611,H,H,1.0
2025-04-05,West Ham,Bournemouth,1488.35,1551.51,0.5528,D,H,
2025-04-05,Ipswich,Wolves,1377.44,1483.66,0.4911,A,A,1.0
2025-04-05,Crystal Palace,Brighton,1609.77,1604.28,0.6473,H,H,1.0
2025-04-05,Bochum,Stuttgart,1395.67,1568.57,0.3966,A,A,1.0
2025-04-05,Everton,Arsenal,1546.88,1801.9,0.2906,D,A,
2025-04-05,Heidenheim,Leverkusen,1399.63,1832.55,0.1283,A,A,1.0
2025-04-05,Mainz,Holstein Kiel,1627.35,1355.45,0.8948,D,H,
2025-04-05,RB Leipzig,Hoffenheim,1609.48,1459.05,0.8087,H,H,1.0
2025-04-05,Werder Bremen,Ein Frankfurt,1506.28,1616.94,0.4847,H,A,0.0
2025-04-05,Monza,Como,1311.37,1495.87,0.3807,A,A,1.0
2025-04-05,Parma,Inter,1350.12,1867.15,0.0831,D,A,
2025-04-05,Milan,Fiorentina,1629.3,1654.67,0.6058,D,H,
2025-04-05,Girona,Alaves,1500.67,1423.57,0.7349,A,H,0.0
2025-04-05,Freiburg,Dortmund,1553.01,1557.19,0.6345,A,H,0.0
2025-04-05,Real Madrid,Valencia,1794.94,1495.34,0.9089,A,H,0.0
2025-04-06,Marseille,Toulouse,1613.29,1547.64,0.7218,H,H,1.0
2025-04-06,Roma,Juventus,1680.3,1710.59,0.599,D,H,
2025-04-06,Brentford,Chelsea,1544.23,1631.14,0.5188,D,H,
2025-04-06,Fulham,Liverpool,1590.1,1879.19,0.2519,H,A,0.0
2025-04-06,Lens,St Etienne,1559.71,1393.22,0.8226,H,H,1.0
2025-04-06,Man United,Man City,1519.85,1713.2,0.3688,D,A,
2025-04-06,Atalanta,Lazio,1726.55,1640.01,0.7453,A,H,0.0
2025-04-06,Torino,Verona,1593.16,1457.1,0.7956,D,H,
2025-04-06,Empoli,Cagliari,1391.48,1444.08,0.5678,D,H,
2025-04-06,Lecce,Venezia,1388.17,1358.71,0.6781,D,H,
2025-04-06,Tottenham,Southampton,1506.26,1231.05,0.8966,H,H,1.0
2025-04-06,Rennes,Auxerre,1527.28,1536.63,0.6276,A,H,0.0
2025-04-06,Valladolid,Getafe,1289.5,1519.72,0.3209,A,A,1.0
2025-04-06,Las Palmas,Sociedad,1402.03,1500.93,0.5016,A,H,0.0
2025-04-06,St Pauli,M'gladbach,1435.95,1573.24,0.4465,D,A,
2025-04-06,Union Berlin,Wolfsburg,1456.0,1535.61,0.5293,H,H,1.0
2025-04-06,Villarreal,Ath Bilbao,1632.42,1684.72,0.5682,D,H,
2025-04-06,Reims,Strasbourg,1427.73,1674.34,0.3007,A,A,1.0
2025-04-06,Sevilla,Ath Madrid,1511.2,1695.72,0.3807,A,A,1.0
2025-04-06,Montpellier,Le Havre,1343.48,1397.32,0.566,A,H,0.0
2025-04-07,Leganes,Osasuna,1425.09,1487.76,0.5535,D,H,
2025-04-07,Leicester,Newcastle,1293.14,1654.6,0.1817,A,A,1.0
2025-04-07,Bologna,Napoli,1709.82,1748.01,0.588,D,H,
2025-04-11,Valencia,Sevilla,1533.18,1495.35,0.6886,H,H,1.0
2025-04-11,Lens,Reims,1567.09,1415.21,0.81,A,H,0.0
2025-04-11,Wolfsburg,RB Leipzig,1516.01,1618.52,0.4964,A,A,1.0
2025-04-11,Udinese,Milan,1501.25,1625.92,0.4646,A,A,1.0
2025-04-12,Southampton,Aston Villa,1226.16,1662.55,0.126,A,A,1.0
2025-04-12,Arsenal,Brentford,1795.2,1543.63,0.8833,D,H,
2025-04-12,Holstein Kiel,St Pauli,1368.08,1437.66,0.5437,A,H,0.0
2025-04-12,Leverkusen,Union Berlin,1837.89,1475.59,0.9347,D,H,
2025-04-12,Hoffenheim,Mainz,1450.01,1614.72,0.4079,H,A,0.0
2025-04-12,Bochum,Augsburg,1374.11,1566.55,0.37,A,A,1.0
2025-04-12,M'gladbach,Freiburg,1571.53,1520.48,0.7046,A,H,0.0
2025-04-12,Nott'm Forest,Everton,1651.72,1553.58,0.7578,A,H,0.0
2025-04-12,Leganes,Barcelona,1423.38,1796.69,0.1717,A,A,1.0
2025-04-12,Man City,Crystal Palace,1709.0,1624.46,0.7431,H,H,1.0
2025-04-12,Bayern Munich,Dortmund,1808.73,1589.72,0.8625,D,H,
2025-04-12,Celta,Espanol,1557.25,1498.26,0.7141,A,H,0.0
2025-04-12,Venezia,Monza,1364.41,1293.38,0.728,H,H,1.0
2025-04-12,Inter,Cagliari,1853.81,1446.24,0.9489,H,H,1.0
2025-04-12,Juventus,Lecce,1713.76,1382.47,0.9229,H,H,1.0
2025-04-12,Strasbourg,Nice,1686.86,1622.14,0.7207,D,H,
2025-04-12,Toulouse,Lille,1536.05,1653.07,0.4755,A,A,1.0
2025-04-12,Sociedad,Mallorca,1524.64,1478.46,0.6988,A,H,0.0
2025-04-12,Getafe,Las Palmas,1537.17,1378.32,0.8161,A,H,0.0
2025-04-12,Brighton,Leicester,1589.6,1283.83,0.9118,D,H,
2025-04-12,Monaco,Marseille,1680.23,1624.87,0.7098,H,H,1.0
2025-04-13,St Etienne,Brest,1385.83,1638.73,0.2932,D,A,
2025-04-13,Angers,Montpellier,1365.68,1316.72,0.7021,H,H,1.0
2025-04-13,Auxerre,Lyon,1562.76,1702.8,0.4426,A,A,1.0
2025-04-13,Atalanta,Bologna,1695.52,1707.0,0.6247,H,H,1.0
2025-04-13,Fiorentina,Parma,1658.05,1363.46,0.9065,D,H,
2025-04-13,Verona,Genoa,1466.56,1532.56,0.5488,D,H,
2025-04-13,Como,Torino,1513.87,1583.7,0.5433,H,H,1.0
2025-04-13,Lazio,Roma,1671.04,1677.13,0.6319,D,H,
2025-04-13,Ein Frankfurt,Heidenheim,1592.58,1394.29,0.8478,H,H,1.0
2025-04-13,Stuttgart,Werder Bremen,1590.14,1530.64,0.7147,A,H,0.0
2025-04-13,Chelsea,Ipswich,1631.74,1356.99,0.8963,D,H,
2025-04-13,Liverpool,West Ham,1848.05,1486.66,0.9344,H,H,1.0
2025-04-13,Wolves,Tottenham,1504.1,1511.14,0.6307,H,H,1.0
2025-04-13,Le Havre,Rennes,1424.08,1501.15,0.5329,A,H,0.0
2025-04-13,Osasuna,Girona,1489.47,1470.08,0.6654,H,H,1.0
2025-04-13,Alaves,Real Madrid,1454.17,1757.1,0.2372,A,A,1.0
2025-04-13,Betis,Villarreal,1636.88,1630.23,0.6488,A,H,0.0
2025-04-13,Ath Bilbao,Vallecano,1686.91,1491.45,0.8456,H,H,1.0
2025-04-13,Newcastle,Man United,1663.91,1524.05,0.7991,H,H,1.0
2025-04-14,Bournemouth,Fulham,1553.2,1621.25,0.5459,H,H,1.0
2025-04-14,Ath Madrid,Valladolid,1711.57,1272.05,0.9571,H,H,1.0
2025-04-14,Napoli,Empoli,1750.82,1389.31,0.9344,H,H,1.0
2025-04-16,Newcastle,Crystal Palace,1674.21,1611.29,0.7187,H,H,1.0
2025-04-18,Rennes,Nantes,1530.13,1486.33,0.6959,H,H,1.0
2025-04-18,Espanol,Getafe,1532.01,1498.59,0.6831,H,H,1.0
2025-04-19,Vallecano,Valencia,1484.15,1546.14,0.5545,D,H,
2025-04-19,Monza,Napoli,1282.05,1754.19,0.1051,A,A,1.0
2025-04-19,Lecce,Como,1379.26,1532.88,0.4234,A,A,1.0
2025-04-19,Marseille,Montpellier,1609.99,1302.64,0.9125,H,H,1.0
2025-04-19,Monaco,Strasbourg,1695.11,1679.79,0.6601,D,H,
2025-04-19,Paris SG,Le Havre,1954.97,1395.1,0.9781,H,H,1.0
2025-04-19,Las Palmas,Ath Madrid,1416.9,1713.6,0.2437,H,A,0.0
2025-04-19,Barcelona,Celta,1803.84,1523.5,0.8993,H,H,1.0
2025-04-19,Mallorca,Leganes,1511.49,1416.23,0.7547,D,H,
2025-04-19,Roma,Verona,1681.36,1465.0,0.8607,H,H,1.0
2025-04-19,Brentford,Brighton,1555.89,1576.42,0.6124,H,H,1.0
2025-04-19,Aston Villa,Newcastle,1669.01,1690.22,0.6115,H,H,1.0
2025-04-19,Heidenheim,Bayern Munich,1386.49,1797.13,0.1433,A,A,1.0
2025-04-19,Mainz,Wolfsburg,1586.73,1495.35,0.7506,D,H,
2025-04-19,RB Leipzig,Holstein Kiel,1639.19,1345.45,0.9061,D,H,
2025-04-19,Werder Bremen,Bochum,1560.39,1358.7,0.8503,H,H,1.0
2025-04-19,Freiburg,Hoffenheim,1549.82,1477.99,0.7289,H,H,1.0
2025-04-19,Crystal Palace,Bournemouth,1595.28,1572.11,0.6702,D,H,
2025-04-19,Everton,Man City,1585.13,1722.17,0.4469,A,A,1.0
2025-04-19,West Ham,Southampton,1483.93,1219.7,0.8906,D,H,
2025-04-19,Union Berlin,Stuttgart,1489.5,1560.38,0.5418,D,H,
2025-04-20,Ipswich,Arsenal,1369.68,1782.94,0.1415,A,A,1.0
2025-04-20,Leicester,Liverpool,1297.01,1850.78,0.0684,A,A,1.0
2025-04-20,Valladolid,Osasuna,1270.02,1503.4,0.317,A,A,1.0
2025-04-20,Villarreal,Sociedad,1657.25,1491.61,0.8219,D,H,
2025-04-20,Sevilla,Alaves,1482.38,1444.29,0.6889,D,H,
2025-04-20,Milan,Atalanta,1651.18,1713.26,0.5544,A,H,0.0
2025-04-20,Bologna,Inter,1689.26,1856.22,0.4048,H,A,0.0
2025-04-20,Empoli,Venezia,1385.95,1375.74,0.6535,D,H,
2025-04-20,Real Madrid,Ath Bilbao,1766.98,1694.2,0.73,H,H,1.0
2025-04-20,Man United,Wolves,1513.75,1521.56,0.6296,A,H,0.0
2025-04-20,Fulham,Chelsea,1602.34,1619.06,0.6176,A,H,0.0
2025-04-20,Nice,Angers,1629.21,1379.76,0.882,H,H,1.0
2025-04-20,St Pauli,Leverkusen,1460.3,1823.98,0.1798,D,A,
2025-04-20,Dortmund,M'gladbach,1601.32,1542.19,0.7142,H,H,1.0
2025-04-20,Augsburg,Ein Frankfurt,1581.96,1600.38,0.6153,D,H,
2025-04-20,Lille,Auxerre,1672.87,1541.84,0.7908,H,H,1.0
2025-04-20,Brest,Lens,1632.11,1528.81,0.7632,A,H,0.0
2025-04-20,St Etienne,Lyon,1392.45,1723.72,0.2089,H,A,0.0
2025-04-20,Reims,Toulouse,1453.49,1516.26,0.5534,H,H,1.0
2025-04-21,Tottenham,Nott'm Forest,1493.69,1620.17,0.462,A,A,1.0
2025-04-21,Girona,Betis,1456.14,1609.87,0.4233,A,A,1.0
2025-04-22,Nantes,Paris SG,1473.66,1955.88,0.0997,D,A,
2025-04-22,Man City,Aston Villa,1743.3,1688.93,0.7086,H,H,1.0
2025-04-22,Valencia,Espanol,1547.89,1545.21,0.6436,D,H,
2025-04-22,Barcelona,Mallorca,1808.04,1503.34,0.9113,H,H,1.0
2025-04-23,Alaves,Sociedad,1450.34,1501.91,0.5693,H,H,1.0
2025-04-23,Celta,Villarreal,1519.3,1646.95,0.4603,H,A,0.0
2025-04-23,Ath Bilbao,Las Palmas,1682.96,1448.38,0.8728,H,H,1.0
2025-04-23,Getafe,Real Madrid,1485.4,1778.22,0.2479,A,A,1.0
2025-04-23,Cagliari,Fiorentina,1443.83,1645.05,0.3583,A,A,1.0
2025-04-23,Torino,Udinese,1564.69,1475.99,0.7477,H,H,1.0
2025-04-23,Parma,Juventus,1376.46,1716.97,0.2003,H,A,0.0
2025-04-23,Genoa,Lazio,1534.13,1666.81,0.4531,A,A,1.0
2025-04-23,Arsenal,Crystal Palace,1790.63,1589.84,0.8496,D,H,
2025-04-24,Betis,Valladolid,1629.87,1256.83,0.9384,H,H,1.0
2025-04-24,Leganes,Girona,1424.38,1436.14,0.6243,D,H,
2025-04-24,Ath Madrid,Vallecano,1682.11,1482.41,0.8488,H,H,1.0
2025-04-24,Osasuna,Sevilla,1516.6,1476.34,0.6916,H,H,1.0
2025-04-25,Paris SG,Nice,1943.07,1634.12,0.9133,A,H,0.0
2025-04-25,Stuttgart,Heidenheim,1561.72,1378.7,0.8361,A,H,0.0
2025-04-26,Bayern Munich,Mainz,1804.92,1578.71,0.8674,H,H,1.0
2025-04-26,Chelsea,Everton,1644.77,1564.0,0.739,H,H,1.0
2025-04-26,Brighton,West Ham,1558.1,1471.43,0.7455,H,H,1.0
2025-04-26,Newcastle,Ipswich,1670.3,1361.99,0.913,H,H,1.0
2025-04-26,Southampton,Fulham,1232.2,1576.63,0.1967,A,A,1.0
2025-04-26,Wolves,Leicester,1547.77,1294.16,0.8845,H,H,1.0
2025-04-26,Hoffenheim,Dortmund,1466.71,1613.22,0.4335,A,A,1.0
2025-04-26,Ein Frankfurt,RB Leipzig,1604.07,1626.19,0.6102,H,H,1.0
2025-04-26,Wolfsburg,Freiburg,1503.37,1561.1,0.5605,A,H,0.0
2025-04-26,Leverkusen,Augsburg,1813.73,1578.27,0.8734,H,H,1.0
2025-04-26,Holstein Kiel,M'gladbach,1358.44,1530.3,0.398,H,A,0.0
2025-04-26,Lyon,Rennes,1690.79,1542.79,0.8065,H,H,1.0
2025-04-26,Le Havre,Monaco,1394.19,1689.99,0.2447,D,A,
2025-04-26,Strasbourg,St Etienne,1684.92,1425.39,0.8879,H,H,1.0
2025-04-27,Werder Bremen,St Pauli,1566.63,1470.54,0.7556,D,H,
2025-04-27,Villarreal,Espanol,1619.28,1549.8,0.7262,H,H,1.0
2025-04-27,Bochum,Union Berlin,1352.47,1488.17,0.4488,D,A,
2025-04-27,Bournemouth,Man United,1577.55,1487.54,0.7491,D,H,
2025-04-27,Liverpool,Tottenham,1853.62,1474.45,0.9404,H,H,1.0
2025-04-27,Nantes,Toulouse,1486.47,1497.66,0.6251,D,H,
2025-04-27,Napoli,Torino,1758.56,1576.62,0.8352,H,H,1.0
2025-04-27,Atalanta,Lecce,1736.34,1357.55,0.9403,D,H,
2025-04-27,Juventus,Monza,1683.67,1277.68,0.9485,H,H,1.0
2025-04-27,Marseille,Brest,1614.75,1596.03,0.6645,H,H,1.0
2025-04-27,Inter,Roma,1831.44,1687.16,0.8032,A,H,0.0
2025-04-27,Fiorentina,Empoli,1659.96,1381.04,0.8986,H,H,1.0
2025-04-27,Venezia,Milan,1380.65,1628.1,0.2997,A,A,1.0
2025-04-27,Angers,Lille,1374.85,1682.76,0.232,A,A,1.0
2025-04-27,Lens,Auxerre,1564.88,1531.95,0.6825,A,H,0.0
2025-04-27,Montpellier,Reims,1297.89,1472.09,0.3948,D,A,
2025-04-27,Como,Genoa,1554.59,1512.71,0.6935,H,H,1.0
2025-04-28,Lazio,Parma,1688.23,1409.76,0.8983,D,H,
2025-04-28,Verona,Cagliari,1459.2,1428.91,0.6792,A,H,0.0
2025-04-28,Udinese,Bologna,1464.06,1714.04,0.2966,D,A,
2025-05-01,Nott'm Forest,Brentford,1639.41,1574.21,0.7213,A,H,0.0
2025-05-02,Heidenheim,Bochum,1413.5,1354.11,0.7145,D,H,
2025-05-02,Man City,Wolves,1755.43,1553.69,0.8503,H,H,1.0
2025-05-02,Torino,Venezia,1568.83,1366.48,0.8507,D,H,
2025-05-02,Vallecano,Getafe,1474.66,1475.08,0.6395,H,H,1.0
2025-05-02,Nice,Reims,1677.29,1468.72,0.8552,H,H,1.0
2025-05-03,Arsenal,Bournemouth,1779.44,1569.58,0.8562,A,H,0.0
2025-05-03,Villarreal,Osasuna,1630.68,1529.44,0.761,H,H,1.0
2025-05-03,Las Palmas,Valencia,1443.09,1543.29,0.4997,A,A,1.0
2025-05-03,Valladolid,Barcelona,1253.48,1811.73,0.0667,A,A,1.0
2025-05-03,Strasbourg,Paris SG,1690.21,1899.91,0.3472,H,A,0.0
2025-05-03,St Etienne,Monaco,1420.09,1681.82,0.2827,A,A,1.0
2025-05-03,Inter,Verona,1798.0,1427.1,0.9377,H,H,1.0
2025-05-03,Parma,Como,1422.5,1567.35,0.4358,A,A,1.0
2025-05-03,Toulouse,Rennes,1501.67,1532.87,0.5977,H,H,1.0
2025-05-03,Lecce,Napoli,1371.64,1766.35,0.1549,A,A,1.0
2025-05-03,RB Leipzig,Bayern Munich,1605.0,1811.72,0.3511,D,A,
2025-05-03,St Pauli,Stuttgart,1478.72,1526.91,0.574,A,H,0.0
2025-05-03,Union Berlin,Werder Bremen,1486.53,1558.45,0.5403,D,H,
2025-05-03,Dortmund,Wolfsburg,1631.27,1480.03,0.8094,H,H,1.0
2025-05-03,Aston Villa,Fulham,1676.8,1584.81,0.7512,H,H,1.0
2025-05-03,Alaves,Ath Madrid,1468.27,1689.87,0.3318,D,A,
2025-05-03,Everton,Ipswich,1553.14,1357.53,0.8458,D,H,
2025-05-03,Leicester,Southampton,1288.24,1224.01,0.7202,H,H,1.0
2025-05-03,M'gladbach,Hoffenheim,1505.23,1448.66,0.7112,D,H,
2025-05-03,Cagliari,Udinese,1461.02,1470.57,0.6273,A,H,0.0
2025-05-04,Brest,Montpellier,1578.83,1301.25,0.8978,H,H,1.0
2025-05-04,Empoli,Lazio,1376.82,1675.48,0.2417,A,A,1.0
2025-05-04,Monza,Atalanta,1275.24,1722.25,0.1195,A,A,1.0
2025-05-04,Roma,Fiorentina,1720.59,1664.19,0.711,H,H,1.0
2025-05-04,Bologna,Juventus,1707.53,1686.11,0.668,D,H,
2025-05-04,Nantes,Angers,1482.47,1363.88,0.7787,A,H,0.0
2025-05-04,Auxerre,Le Havre,1569.06,1402.36,0.8228,A,H,0.0
2025-05-04,Real Madrid,Celta,1788.54,1546.97,0.8772,H,H,1.0
2025-05-04,Sevilla,Leganes,1463.5,1420.4,0.695,D,H,
2025-05-04,Espanol,Betis,1538.4,1633.23,0.5075,A,H,0.0
2025-05-04,Brentford,Man United,1608.31,1495.51,0.7729,H,H,1.0
2025-05-04,Brighton,Newcastle,1568.7,1674.76,0.4913,D,A,
2025-05-04,West Ham,Tottenham,1460.83,1471.21,0.6262,D,H,
2025-05-04,Mainz,Ein Frankfurt,1571.91,1625.26,0.5667,D,H,
2025-05-04,Sociedad,Ath Bilbao,1483.97,1688.26,0.3543,D,A,
2025-05-04,Freiburg,Leverkusen,1584.44,1819.72,0.3146,D,A,
2025-05-04,Chelsea,Liverpool,1655.64,1856.87,0.3583,H,A,0.0
2025-05-04,Lille,Marseille,1693.73,1631.95,0.7173,D,H,
2025-05-04,Lyon,Lens,1700.71,1527.78,0.8279,A,H,0.0
2025-05-04,Augsburg,Holstein Kiel,1572.28,1383.5,0.8406,A,H,0.0
2025-05-05,Genoa,Milan,1499.95,1642.26,0.4394,A,A,1.0
2025-05-05,Girona,Mallorca,1440.11,1499.64,0.558,H,H,1.0
2025-05-05,Crystal Palace,Nott'm Forest,1601.02,1605.31,0.6344,D,H,
2025-05-09,Las Palmas,Vallecano,1422.28,1489.67,0.5468,A,H,0.0
2025-05-09,Wolfsburg,Hoffenheim,1469.67,1455.42,0.6587,D,H,
2025-05-09,Milan,Bologna,1660.56,1702.16,0.5833,H,H,1.0
2025-05-10,Angers,Strasbourg,1396.3,1717.39,0.2188,H,A,0.0
2025-05-10,Fulham,Everton,1574.46,1542.07,0.6818,A,H,0.0
2025-05-10,Wolves,Brighton,1547.46,1568.98,0.6111,A,H,0.0
2025-05-10,Le Havre,Marseille,1436.61,1638.9,0.3569,A,A,1.0
2025-05-10,Ipswich,Brentford,1368.59,1617.76,0.2976,A,A,1.0
2025-05-10,Southampton,Man City,1210.78,1761.66,0.0694,D,A,
2025-05-10,Bournemouth,Aston Villa,1605.23,1687.15,0.526,A,H,0.0
2025-05-10,Brest,Lille,1583.09,1686.77,0.4947,H,A,0.0
2025-05-10,Toulouse,Lens,1518.41,1562.25,0.5801,D,H,
2025-05-10,Bayern Munich,M'gladbach,1806.95,1498.48,0.913,H,H,1.0
2025-05-10,Reims,St Etienne,1462.69,1406.73,0.7105,A,H,0.0
2025-05-10,Empoli,Parma,1366.76,1404.36,0.5888,H,H,1.0
2025-05-10,Lazio,Juventus,1685.55,1691.48,0.6322,D,H,
2025-05-10,Como,Cagliari,1585.49,1434.9,0.8088,H,H,1.0
2025-05-10,Valencia,Getafe,1564.1,1460.07,0.764,H,H,1.0
2025-05-10,Celta,Sevilla,1541.86,1457.25,0.7432,H,H,1.0
2025-05-10,Girona,Villarreal,1458.52,1641.97,0.3822,A,A,1.0
2025-05-10,Mallorca,Valladolid,1481.24,1250.7,0.8702,H,H,1.0
2025-05-10,Rennes,Nice,1516.12,1683.31,0.4045,H,A,0.0
2025-05-10,Ath Madrid,Sociedad,1684.48,1488.64,0.8459,H,H,1.0
2025-05-10,Holstein Kiel,Freiburg,1423.23,1590.37,0.4046,A,A,1.0
2025-05-10,Union Berlin,Heidenheim,1485.24,1406.64,0.7365,A,H,0.0
2025-05-10,Werder Bremen,RB Leipzig,1559.74,1609.77,0.5714,D,H,
2025-05-10,Monaco,Lyon,1695.18,1666.24,0.6775,H,H,1.0
2025-05-10,Montpellier,Paris SG,1297.0,1872.73,0.0607,A,A,1.0
2025-05-10,Bochum,Mainz,1360.97,1569.78,0.3483,A,A,1.0
2025-05-10,Auxerre,Nantes,1534.8,1450.05,0.7434,D,H,
2025-05-11,Leverkusen,Dortmund,1813.78,1641.63,0.8273,A,H,0.0
2025-05-11,Ein Frankfurt,St Pauli,1627.4,1454.83,0.8276,D,H,
2025-05-11,Stuttgart,Augsburg,1550.81,1532.55,0.6639,H,H,1.0
2025-05-11,Tottenham,Crystal Palace,1475.25,1596.72,0.4691,A,A,1.0
2025-05-11,Leganes,Espanol,1426.64,1517.28,0.5135,H,H,1.0
2025-05-11,Napoli,Genoa,1772.8,1481.66,0.9048,D,H,
2025-05-11,Torino,Inter,1557.6,1800.6,0.3051,A,A,1.0
2025-05-11,Ath Bilbao,Alaves,1683.59,1473.65,0.8562,H,H,1.0
2025-05-11,Barcelona,Real Madrid,1814.51,1793.65,0.6672,H,H,1.0
2025-05-11,Nott'm Forest,Leicester,1609.61,1301.47,0.9129,D,H,
2025-05-11,Betis,Osasuna,1654.35,1518.15,0.7957,D,H,
2025-05-11,Udinese,Monza,1496.69,1268.75,0.8685,A,H,0.0
2025-05-11,Newcastle,Chelsea,1674.48,1685.97,0.6247,H,H,1.0
2025-05-11,Man United,West Ham,1486.06,1456.79,0.6779,A,H,0.0
2025-05-11,Liverpool,Arsenal,1826.53,1743.8,0.7411,D,H,
2025-05-11,Verona,Lecce,1424.5,1365.19,0.7144,D,H,
2025-05-12,Venezia,Fiorentina,1377.71,1652.16,0.2681,H,A,0.0
2025-05-12,Atalanta,Roma,1728.74,1732.63,0.6349,H,H,1.0
2025-05-13,Valladolid,Girona,1245.3,1442.61,0.3635,A,A,1.0
2025-05-13,Sociedad,Celta,1480.26,1552.55,0.5398,A,H,0.0
2025-05-13,Sevilla,Las Palmas,1446.56,1399.52,0.6998,H,H,1.0
2025-05-14,Alaves,Valencia,1467.67,1576.2,0.4877,H,A,0.0
2025-05-14,Villarreal,Leganes,1657.88,1446.9,0.8569,H,H,1.0
2025-05-14,Real Madrid,Mallorca,1779.8,1486.65,0.9058,H,H,1.0
2025-05-15,Vallecano,Betis,1512.43,1644.89,0.4534,D,A,
2025-05-15,Espanol,Barcelona,1497.02,1828.36,0.2089,A,A,1.0
2025-05-15,Osasuna,Ath Madrid,1527.61,1692.86,0.4072,H,A,0.0
2025-05-15,Getafe,Ath Bilbao,1447.97,1689.58,0.3068,A,A,1.0
2025-05-16,Chelsea,Man United,1668.23,1454.01,0.8592,H,H,1.0
2025-05-16,Aston Villa,Tottenham,1709.05,1453.08,0.8859,H,H,1.0
2025-05-17,Paris SG,Auxerre,1875.84,1527.02,0.9298,H,H,1.0
2025-05-17,Lens,Monaco,1564.81,1710.42,0.4347,H,A,0.0
2025-05-17,Lille,Reims,1662.89,1429.11,0.8723,H,H,1.0
2025-05-17,Lyon,Angers,1650.99,1428.83,0.8647,H,H,1.0
2025-05-17,Marseille,Rennes,1655.77,1544.27,0.7716,H,H,1.0
2025-05-17,Nantes,Montpellier,1457.84,1293.89,0.8205,H,H,1.0
2025-05-17,Nice,Brest,1655.17,1606.97,0.7012,H,H,1.0
2025-05-17,Strasbourg,Le Havre,1684.87,1419.74,0.8911,A,H,0.0
2025-05-17,Genoa,Atalanta,1494.61,1743.94,0.2974,A,A,1.0
2025-05-17,St Etienne,Toulouse,1440.31,1515.85,0.5351,A,H,0.0
2025-05-17,Augsburg,Union Berlin,1514.28,1447.48,0.7232,A,H,0.0
2025-05-17,Dortmund,Holstein Kiel,1680.73,1406.39,0.8961,H,H,1.0
2025-05-17,Freiburg,Ein Frankfurt,1607.21,1616.91,0.6271,A,H,0.0
2025-05-17,Heidenheim,Werder Bremen,1444.4,1557.45,0.4812,A,A,1.0
2025-05-17,Hoffenheim,Bayern Munich,1460.5,1811.06,0.1912,A,A,1.0
2025-05-17,Mainz,Leverkusen,1587.63,1774.68,0.3773,D,A,
2025-05-17,M'gladbach,Wolfsburg,1494.37,1464.59,0.6785,A,H,0.0
2025-05-17,St Pauli,Bochum,1465.31,1343.11,0.7823,A,H,0.0
2025-05-17,RB Leipzig,Stuttgart,1612.05,1569.08,0.6949,A,H,0.0
2025-05-18,Celta,Vallecano,1575.02,1513.92,0.7165,A,H,0.0
2025-05-18,Leicester,Ipswich,1314.68,1356.2,0.5834,H,H,1.0
2025-05-18,Arsenal,Newcastle,1751.51,1692.22,0.7144,H,H,1.0
2025-05-18,Barcelona,Villarreal,1838.23,1665.21,0.828,A,H,0.0
2025-05-18,Osasuna,Espanol,1555.63,1487.15,0.7251,H,H,1.0
2025-05-18,Mallorca,Getafe,1482.72,1433.47,0.7025,A,H,0.0
2025-05-18,Valladolid,Alaves,1230.16,1488.99,0.2861,A,A,1.0
2025-05-18,Valencia,Ath Bilbao,1554.87,1704.08,0.4297,A,A,1.0
2025-05-18,Las Palmas,Leganes,1387.02,1439.56,0.5679,A,H,0.0
2025-05-18,Brentford,Fulham,1630.15,1542.23,0.7468,A,H,0.0
2025-05-18,Cagliari,Venezia,1425.86,1408.18,0.6632,H,H,1.0
2025-05-18,Everton,Southampton,1574.3,1224.56,0.9301,H,H,1.0
2025-05-18,Sociedad,Girona,1457.79,1457.74,0.6401,H,H,1.0
2025-05-18,Fiorentina,Bologna,1621.69,1682.46,0.5562,H,H,1.0
2025-05-18,Inter,Lazio,1815.02,1681.32,0.7934,D,H,
2025-05-18,Juventus,Udinese,1695.71,1460.53,0.8732,H,H,1.0
2025-05-18,Lecce,Torino,1372.05,1543.18,0.399,H,A,0.0
2025-05-18,Monza,Empoli,1304.91,1383.87,0.5302,A,H,0.0
2025-05-18,Parma,Napoli,1387.24,1759.85,0.1723,D,A,
2025-05-18,Roma,Milan,1717.43,1680.25,0.6877,H,H,1.0
2025-05-18,Verona,Como,1417.64,1594.53,0.3911,D,A,
2025-05-18,Ath Madrid,Betis,1664.84,1643.4,0.668,H,H,1.0
2025-05-18,West Ham,Nott'm Forest,1488.84,1596.4,0.4891,A,A,1.0
2025-05-18,Sevilla,Real Madrid,1459.06,1783.72,0.2153,A,A,1.0
2025-05-19,Brighton,Liverpool,1597.86,1818.82,0.3326,H,A,0.0
2025-05-20,Man City,Bournemouth,1747.88,1583.33,0.821,H,H,1.0
2025-05-20,Crystal Palace,Wolves,1618.9,1518.58,0.7601,H,H,1.0
2025-05-23,Como,Inter,1591.04,1805.63,0.3408,A,A,1.0
2025-05-23,Napoli,Cagliari,1749.36,1443.13,0.912,H,H,1.0
2025-05-23,Betis,Valencia,1626.38,1536.98,0.7484,D,H,
2025-05-24,Real Madrid,Sociedad,1793.9,1472.77,0.9187,H,H,1.0
2025-05-24,Espanol,Las Palmas,1474.15,1363.38,0.7709,H,H,1.0
2025-05-24,Leganes,Valladolid,1463.2,1218.25,0.8793,H,H,1.0
2025-05-24,Bologna,Genoa,1663.98,1482.23,0.8351,A,H,0.0
2025-05-24,Milan,Monza,1665.49,1279.84,0.9424,H,H,1.0
2025-05-24,Alaves,Osasuna,1500.91,1568.62,0.5463,D,H,
2025-05-24,Getafe,Celta,1462.71,1545.19,0.5252,A,H,0.0
2025-05-24,Vallecano,Mallorca,1543.75,1453.48,0.7494,D,H,
2025-05-25,Girona,Ath Madrid,1442.76,1681.86,0.3099,A,A,1.0
2025-05-25,Udinese,Fiorentina,1454.53,1640.16,0.3792,A,A,1.0
2025-05-25,Newcastle,Everton,1680.33,1577.6,0.7626,A,H,0.0
2025-05-25,Tottenham,Brighton,1447.68,1625.65,0.3896,A,A,1.0
2025-05-25,Southampton,Arsenal,1221.26,1763.4,0.0727,A,A,1.0
2025-05-25,Nott'm Forest,Chelsea,1616.76,1674.09,0.5611,A,H,0.0
2025-05-25,Venezia,Juventus,1390.91,1701.71,0.2291,A,A,1.0
2025-05-25,Man United,Aston Villa,1448.15,1714.45,0.2774,H,A,0.0
2025-05-25,Liverpool,Crystal Palace,1791.03,1630.24,0.8178,D,H,
2025-05-25,Ipswich,West Ham,1336.51,1468.47,0.4541,A,A,1.0
2025-05-25,Fulham,Man City,1573.32,1756.35,0.3827,A,A,1.0
2025-05-25,Bournemouth,Leicester,1574.86,1334.37,0.8765,H,H,1.0
2025-05-25,Ath Bilbao,Barcelona,1721.97,1803.76,0.5262,A,H,0.0
2025-05-25,Atalanta,Parma,1756.33,1397.73,0.9334,A,H,0.0
2025-05-25,Empoli,Verona,1408.94,1421.13,0.6237,A,H,0.0
2025-05-25,Lazio,Lecce,1690.7,1397.07,0.906,A,H,0.0
2025-05-25,Torino,Roma,1518.16,1732.18,0.3416,A,A,1.0
2025-05-25,Wolves,Brentford,1507.24,1599.06,0.5118,D,H,
2025-05-25,Villarreal,Sevilla,1699.69,1448.88,0.8828,H,H,1.0
