match_date,season,league,home_team,away_team,home_days_rest,home_matches_21d,home_matches_7d,home_matches_14d,home_fatigue_score,home_season_matches,away_days_rest,away_matches_21d,away_matches_7d,away_matches_14d,away_fatigue_score,away_season_matches,rest_asymmetry,actual_result
2020-08-21,2020-21,Ligue1,Bordeaux,Nantes,14,0,0,0,0.0,0,14,0,0,0,0.0,0,0.0,0.5
2020-08-22,2020-21,Ligue1,Dijon,Angers,14,0,0,0,0.0,0,14,0,0,0,0.0,0,0.0,0.0
2020-08-22,2020-21,Ligue1,Lille,Rennes,14,0,0,0,0.0,0,14,0,0,0,0.0,0,0.0,0.5
2020-08-23,2020-21,Ligue1,Monaco,Reims,14,0,0,0,0.0,0,14,0,0,0,0.0,0,0.0,0.5
2020-08-23,2020-21,Ligue1,Lorient,Strasbourg,14,0,0,0,0.0,0,14,0,0,0,0.0,0,0.0,1.0
2020-08-23,2020-21,Ligue1,Nimes,Brest,14,0,0,0,0.0,0,14,0,0,0,0.0,0,0.0,1.0
2020-08-23,2020-21,Ligue1,Nice,Lens,14,0,0,0,0.0,0,14,0,0,0,0.0,0,0.0,1.0
2020-08-28,2020-21,Ligue1,Lyon,Dijon,14,0,0,0,0.4,0,6,1,1,1,-0.4,1,8.0,1.0
2020-08-29,2020-21,Ligue1,Rennes,Montpellier,7,1,0,1,-0.35,1,14,0,0,0,0.35,0,-7.0,1.0
2020-08-29,2020-21,Ligue1,Strasbourg,Nice,6,1,1,1,0.0,1,6,1,1,1,0.0,1,0.0,0.0
2020-08-30,2020-21,Ligue1,Brest,Marseille,7,1,0,1,-0.35,1,14,0,0,0,0.35,0,-7.0,0.0
2020-08-30,2020-21,Ligue1,Angers,Bordeaux,8,1,0,1,-0.05,1,9,1,0,1,0.05,1,-1.0,0.0
2020-08-30,2020-21,Ligue1,Metz,Monaco,14,0,0,0,0.35,0,7,1,0,1,-0.35,1,7.0,0.0
2020-08-30,2020-21,Ligue1,Nantes,Nimes,9,1,0,1,0.1,1,7,1,0,1,-0.1,1,2.0,1.0
2020-08-30,2020-21,Ligue1,St Etienne,Lorient,14,0,0,0,0.35,0,7,1,0,1,-0.35,1,7.0,1.0
2020-08-30,2020-21,Ligue1,Reims,Lille,7,1,0,1,-0.05,1,8,1,0,1,0.05,1,-1.0,0.0
2020-09-10,2020-21,Ligue1,Lens,Paris SG,18,1,0,0,0.2,1,14,0,0,0,-0.2,0,4.0,1.0
2020-09-11,2020-21,Ligue1,Bordeaux,Lyon,12,1,0,1,-0.1,2,14,1,0,0,0.1,1,-2.0,0.5
2020-09-12,2020-21,LaLiga,Granada,Ath Bilbao,14,0,0,0,0.0,0,14,0,0,0,0.0,0,0.0,1.0
2020-09-12,2020-21,Ligue1,Montpellier,Nice,14,1,0,0,0.0,1,14,2,0,0,0.0,2,0.0,1.0
2020-09-12,2020-21,Ligue1,St Etienne,Strasbourg,13,1,0,1,-0.05,1,14,2,0,0,0.05,2,-1.0,1.0
2020-09-12,2020-21,LaLiga,Eibar,Celta,14,0,0,0,0.0,0,14,0,0,0,0.0,0,0.0,0.5
2020-09-12,2020-21,LaLiga,Cadiz,Osasuna,14,0,0,0,0.0,0,14,0,0,0,0.0,0,0.0,0.0
2020-09-12,2020-21,EPL,Fulham,Arsenal,14,0,0,0,0.0,0,14,0,0,0,0.0,0,0.0,0.0
2020-09-12,2020-21,EPL,Crystal Palace,Southampton,14,0,0,0,0.0,0,14,0,0,0,0.0,0,0.0,1.0
2020-09-12,2020-21,EPL,Liverpool,Leeds,14,0,0,0,0.0,0,14,0,0,0,0.0,0,0.0,1.0
2020-09-12,2020-21,EPL,West Ham,Newcastle,14,0,0,0,0.0,0,14,0,0,0,0.0,0,0.0,0.0
2020-09-13,2020-21,Ligue1,Lorient,Lens,14,1,0,0,0.5,2,3,1,1,1,-0.9,2,10.0,0.0
2020-09-13,2020-21,Ligue1,Nimes,Rennes,14,1,0,0,-0.05,2,15,1,0,0,0.05,2,-1.0,0.0
2020-09-13,2020-21,Ligue1,Dijon,Brest,16,1,0,0,0.1,2,14,1,0,0,-0.1,2,2.0,0.0
2020-09-13,2020-21,Ligue1,Angers,Reims,14,1,0,0,0.0,2,14,1,0,0,0.0,2,0.0,1.0
2020-09-13,2020-21,Ligue1,Lille,Metz,14,1,0,0,0.0,2,14,1,0,0,0.0,1,0.0,1.0
2020-09-13,2020-21,EPL,West Brom,Leicester,14,0,0,0,0.0,0,14,0,0,0,0.0,0,0.0,0.0
2020-09-13,2020-21,LaLiga,Valencia,Levante,14,0,0,0,0.0,0,14,0,0,0,0.0,0,0.0,1.0
2020-09-13,2020-21,LaLiga,Villarreal,Huesca,14,0,0,0,0.0,0,14,0,0,0,0.0,0,0.0,0.5
2020-09-13,2020-21,LaLiga,Valladolid,Sociedad,14,0,0,0,0.0,0,14,0,0,0,0.0,0,0.0,0.5
2020-09-13,2020-21,LaLiga,Alaves,Betis,14,0,0,0,0.0,0,14,0,0,0,0.0,0,0.0,0.0
2020-09-13,2020-21,EPL,Tottenham,Everton,14,0,0,0,0.0,0,14,0,0,0,0.0,0,0.0,0.0
2020-09-13,2020-21,Ligue1,Monaco,Nantes,14,1,0,0,0.0,2,14,1,0,0,0.0,2,0.0,1.0
2020-09-13,2020-21,Ligue1,Paris SG,Marseille,3,1,1,1,-0.9,1,14,1,0,0,0.5,1,-10.0,0.0
2020-09-14,2020-21,EPL,Brighton,Chelsea,14,0,0,0,0.0,0,14,0,0,0,0.0,0,0.0,0.0
2020-09-14,2020-21,EPL,Sheffield United,Wolves,14,0,0,0,0.0,0,14,0,0,0,0.0,0,0.0,0.0
2020-09-15,2020-21,Ligue1,Montpellier,Lyon,3,2,1,1,-0.45,2,4,2,1,1,0.05,2,-1.0,1.0
2020-09-16,2020-21,Ligue1,Paris SG,Metz,3,2,2,2,-0.4,2,3,2,1,1,-0.4,2,0.0,1.0
2020-09-17,2020-21,Ligue1,Marseille,St Etienne,4,2,1,1,-0.05,2,5,2,1,1,0.05,2,-1.0,0.0
2020-09-18,2020-21,Ligue1,Lyon,Nimes,3,2,1,2,-0.5,3,5,2,1,1,0.1,3,-2.0,0.5
2020-09-18,2020-21,Bundesliga,Bayern Munich,Schalke 04,14,0,0,0,0.0,0,14,0,0,0,0.0,0,0.0,1.0
2020-09-19,2020-21,Bundesliga,Union Berlin,Augsburg,14,0,0,0,0.0,0,14,0,0,0,0.0,0,0.0,0.0
2020-09-19,2020-21,EPL,Man United,Crystal Palace,14,0,0,0,0.35,0,7,1,0,1,-0.35,1,7.0,0.0
2020-09-19,2020-21,EPL,Leeds,Fulham,7,1,0,1,0.0,1,7,1,0,1,0.0,1,0.0,1.0
2020-09-19,2020-21,EPL,Everton,West Brom,6,1,1,1,0.0,1,6,1,1,1,0.0,1,0.0,1.0
2020-09-19,2020-21,Bundesliga,Dortmund,M'gladbach,14,0,0,0,0.0,0,14,0,0,0,0.0,0,0.0,1.0
2020-09-19,2020-21,SerieA,Verona,Roma,14,0,0,0,0.0,0,14,0,0,0,0.0,0,0.0,0.5
2020-09-19,2020-21,SerieA,Fiorentina,Torino,14,0,0,0,0.0,0,14,0,0,0,0.0,0,0.0,1.0
2020-09-19,2020-21,LaLiga,Villarreal,Eibar,6,1,1,1,-0.05,1,7,1,0,1,0.05,1,-1.0,1.0
2020-09-19,2020-21,LaLiga,Celta,Valencia,7,1,0,1,0.05,1,6,1,1,1,-0.05,1,1.0,1.0
2020-09-19,2020-21,LaLiga,Getafe,Osasuna,14,0,0,0,0.35,0,7,1,0,1,-0.35,1,7.0,1.0
2020-09-19,2020-21,Bundesliga,Ein Frankfurt,Bielefeld,14,0,0,0,0.0,0,14,0,0,0,0.0,0,0.0,0.5
2020-09-19,2020-21,Bundesliga,FC Koln,Hoffenheim,14,0,0,0,0.0,0,14,0,0,0,0.0,0,0.0,0.0
2020-09-19,2020-21,Bundesliga,Stuttgart,Freiburg,14,0,0,0,0.0,0,14,0,0,0,0.0,0,0.0,0.0
2020-09-19,2020-21,Ligue1,Rennes,Monaco,6,1,1,1,0.0,3,6,2,1,1,0.0,3,0.0,1.0
2020-09-19,2020-21,EPL,Arsenal,West Ham,7,1,0,1,0.0,1,7,1,0,1,0.0,1,0.0,1.0
2020-09-19,2020-21,Ligue1,Lens,Bordeaux,6,2,1,2,-0.1,3,8,2,0,1,0.1,3,-2.0,1.0
2020-09-19,2020-21,Bundesliga,Werder Bremen,Hertha,14,0,0,0,0.0,0,14,0,0,0,0.0,0,0.0,0.0
2020-09-20,2020-21,Ligue1,Metz,Reims,4,2,1,2,-0.15,3,7,1,0,1,0.15,3,-3.0,1.0
2020-09-20,2020-21,Ligue1,Brest,Lorient,7,1,0,1,0.0,3,7,1,0,1,0.0,3,0.0,1.0
2020-09-20,2020-21,SerieA,Parma,Napoli,14,0,0,0,0.0,0,14,0,0,0,0.0,0,0.0,0.0
2020-09-20,2020-21,Ligue1,Nice,Paris SG,8,1,0,1,0.2,3,4,3,1,3,-0.4,3,4.0,0.0
2020-09-20,2020-21,SerieA,Genoa,Crotone,14,0,0,0,0.0,0,14,0,0,0,0.0,0,0.0,1.0
2020-09-20,2020-21,SerieA,Sassuolo,Cagliari,14,0,0,0,0.0,0,14,0,0,0,0.0,0,0.0,0.5
2020-09-20,2020-21,SerieA,Juventus,Sampdoria,14,0,0,0,0.0,0,14,0,0,0,0.0,0,0.0,1.0
2020-09-20,2020-21,EPL,Southampton,Tottenham,8,1,0,1,0.05,1,7,1,0,1,-0.05,1,1.0,0.0
2020-09-20,2020-21,EPL,Leicester,Burnley,7,1,0,1,-0.35,1,14,0,0,0,0.35,0,-7.0,1.0
2020-09-20,2020-21,EPL,Chelsea,Liverpool,6,1,1,1,-0.1,1,8,1,0,1,0.1,1,-2.0,0.0
2020-09-20,2020-21,Ligue1,Montpellier,Angers,5,2,1,2,-0.1,3,7,1,0,1,0.1,3,-2.0,1.0
2020-09-20,2020-21,Bundesliga,Wolfsburg,Leverkusen,14,0,0,0,0.0,0,14,0,0,0,0.0,0,0.0,0.5
2020-09-20,2020-21,Bundesliga,RB Leipzig,Mainz,14,0,0,0,0.0,0,14,0,0,0,0.0,0,0.0,1.0
2020-09-20,2020-21,Ligue1,Strasbourg,Dijon,8,1,0,1,0.05,3,7,1,0,1,-0.05,3,1.0,1.0
2020-09-20,2020-21,Ligue1,Nantes,St Etienne,7,1,0,1,0.2,3,3,2,1,2,-0.6,3,4.0,0.5
2020-09-20,2020-21,Ligue1,Marseille,Lille,3,2,1,2,-0.6,3,7,1,0,1,0.2,3,-4.0,0.5
2020-09-20,2020-21,EPL,Newcastle,Brighton,8,1,0,1,0.1,1,6,1,1,1,-0.1,1,2.0,0.0
2020-09-20,2020-21,LaLiga,Granada,Alaves,8,1,0,1,0.05,1,7,1,0,1,-0.05,1,1.0,1.0
2020-09-20,2020-21,LaLiga,Sociedad,Real Madrid,7,1,0,1,-0.35,1,14,0,0,0,0.35,0,-7.0,0.5
2020-09-20,2020-21,LaLiga,Huesca,Cadiz,7,1,0,1,-0.05,1,8,1,0,1,0.05,1,-1.0,0.0
2020-09-20,2020-21,LaLiga,Betis,Valladolid,7,1,0,1,0.0,1,7,1,0,1,0.0,1,0.0,1.0
2020-09-21,2020-21,SerieA,Milan,Bologna,14,0,0,0,0.0,0,14,0,0,0,0.0,0,0.0,1.0
2020-09-21,2020-21,EPL,Wolves,Man City,7,1,0,1,-0.35,1,14,0,0,0,0.35,0,-7.0,0.0
2020-09-21,2020-21,EPL,Aston Villa,Sheffield United,14,0,0,0,0.35,0,7,1,0,1,-0.35,1,7.0,1.0
2020-09-25,2020-21,Ligue1,Lille,Nantes,5,2,1,2,0.0,4,5,2,1,2,0.0,4,0.0,1.0
2020-09-25,2020-21,Bundesliga,Hertha,Ein Frankfurt,6,1,1,1,0.0,1,6,1,1,1,0.0,1,0.0,0.0
2020-09-26,2020-21,Ligue1,St Etienne,Rennes,6,3,1,2,-0.25,4,7,2,0,2,0.05,4,-1.0,0.0
2020-09-26,2020-21,Ligue1,Marseille,Metz,6,3,1,3,-0.2,4,6,3,1,3,-0.2,4,0.0,0.5
2020-09-26,2020-21,SerieA,Torino,Atalanta,7,1,0,1,-0.35,1,14,0,0,0,0.35,0,-7.0,0.0
2020-09-26,2020-21,SerieA,Inter,Fiorentina,14,0,0,0,0.35,0,7,1,0,1,-0.35,1,7.0,1.0
2020-09-26,2020-21,Bundesliga,Schalke 04,Werder Bremen,8,1,0,1,0.05,1,7,1,0,1,-0.05,1,1.0,0.0
2020-09-26,2020-21,Bundesliga,M'gladbach,Union Berlin,7,1,0,1,0.0,1,7,1,0,1,0.0,1,0.0,0.5
2020-09-26,2020-21,Bundesliga,Leverkusen,RB Leipzig,6,1,1,1,0.0,1,6,1,1,1,0.0,1,0.0,0.5
2020-09-26,2020-21,Bundesliga,Bielefeld,FC Koln,7,1,0,1,0.0,1,7,1,0,1,0.0,1,0.0,1.0
2020-09-26,2020-21,SerieA,Sampdoria,Benevento,6,1,1,1,-0.4,1,14,0,0,0,0.4,0,-8.0,0.0
2020-09-26,2020-21,EPL,Brighton,Man United,6,2,1,2,-0.05,2,7,1,0,1,0.05,1,-1.0,0.0
2020-09-26,2020-21,EPL,Crystal Palace,Everton,7,2,0,1,0.0,2,7,2,0,2,0.0,2,0.0,0.0
2020-09-26,2020-21,Bundesliga,Mainz,Stuttgart,6,1,1,1,-0.05,1,7,1,0,1,0.05,1,-1.0,0.0
2020-09-26,2020-21,EPL,Burnley,Southampton,6,1,1,1,0.0,1,6,2,1,1,0.0,2,0.0,0.0
2020-09-26,2020-21,LaLiga,Alaves,Getafe,6,2,1,2,-0.05,2,7,1,0,1,0.05,1,-1.0,0.5
2020-09-26,2020-21,EPL,West Brom,Chelsea,7,2,0,2,0.05,2,6,2,1,2,-0.05,2,1.0,0.5
2020-09-26,2020-21,LaLiga,Elche,Sociedad,14,0,0,0,0.4,0,6,2,1,2,-0.4,2,8.0,0.0
2020-09-26,2020-21,LaLiga,Betis,Real Madrid,6,2,1,2,0.0,2,6,1,1,1,0.0,1,0.0,0.0
2020-09-26,2020-21,Bundesliga,Augsburg,Dortmund,7,1,0,1,0.0,1,7,1,0,1,0.0,1,0.0,1.0
2020-09-26,2020-21,LaLiga,Valencia,Huesca,7,2,0,2,0.05,2,6,2,1,2,-0.05,2,1.0,0.5
2020-09-26,2020-21,SerieA,Cagliari,Lazio,6,1,1,1,-0.4,1,14,0,0,0,0.4,0,-8.0,0.0
2020-09-27,2020-21,Ligue1,Bordeaux,Nice,8,2,0,1,0.05,4,7,2,0,1,-0.05,4,1.0,0.5
2020-09-27,2020-21,Ligue1,Angers,Brest,7,2,0,1,0.0,4,7,2,0,1,0.0,4,0.0,1.0
2020-09-27,2020-21,Ligue1,Dijon,Montpellier,7,2,0,1,0.0,4,7,3,0,2,-0.2,4,0.0,0.5
2020-09-27,2020-21,Ligue1,Monaco,Strasbourg,8,2,0,1,0.05,4,7,2,0,1,-0.05,4,1.0,1.0
2020-09-27,2020-21,Ligue1,Reims,Paris SG,7,2,0,1,0.0,4,7,4,0,2,-0.4,4,0.0,0.0
2020-09-27,2020-21,Bundesliga,Freiburg,Wolfsburg,8,1,0,1,0.05,1,7,1,0,1,-0.05,1,1.0,0.5
2020-09-27,2020-21,Bundesliga,Hoffenheim,Bayern Munich,8,1,0,1,-0.05,1,9,1,0,1,0.05,1,-1.0,1.0
2020-09-27,2020-21,EPL,Man City,Leicester,6,1,1,1,-0.05,1,7,2,0,1,0.05,2,-1.0,0.0
2020-09-27,2020-21,SerieA,Napoli,Genoa,7,1,0,1,0.0,1,7,1,0,1,0.0,1,0.0,1.0
2020-09-27,2020-21,EPL,West Ham,Wolves,8,2,0,1,0.1,2,6,2,1,2,-0.1,2,2.0,1.0
2020-09-27,2020-21,SerieA,Spezia,Sassuolo,14,0,0,0,0.35,0,7,1,0,1,-0.35,1,7.0,0.0
2020-09-27,2020-21,LaLiga,Barcelona,Villarreal,14,0,0,0,0.3,0,8,2,0,1,-0.3,2,6.0,1.0
2020-09-27,2020-21,LaLiga,Valladolid,Celta,7,2,0,1,-0.05,2,8,2,0,1,0.05,2,-1.0,0.5
2020-09-27,2020-21,LaLiga,Cadiz,Sevilla,7,2,0,1,-0.35,2,14,0,0,0,0.35,0,-7.0,0.0
2020-09-27,2020-21,LaLiga,Ath Madrid,Granada,14,0,0,0,0.35,0,7,2,0,1,-0.35,2,7.0,1.0
2020-09-27,2020-21,LaLiga,Eibar,Ath Bilbao,8,2,0,1,-0.35,2,15,1,0,0,0.35,1,-7.0,0.0
2020-09-27,2020-21,LaLiga,Osasuna,Levante,8,2,0,1,-0.3,2,14,1,0,0,0.3,1,-6.0,0.0
2020-09-27,2020-21,EPL,Sheffield United,Leeds,6,2,1,2,-0.1,2,8,2,0,1,0.1,2,-2.0,0.0
2020-09-27,2020-21,Ligue1,Lorient,Lyon,7,2,0,1,-0.1,4,9,3,0,2,-0.1,4,-2.0,0.5
2020-09-27,2020-21,Ligue1,Nimes,Lens,9,2,0,1,0.05,4,8,3,0,1,-0.25,4,1.0,0.5
2020-09-27,2020-21,SerieA,Verona,Udinese,8,1,0,1,-0.3,1,14,0,0,0,0.3,0,-6.0,1.0
2020-09-27,2020-21,EPL,Tottenham,Newcastle,7,2,0,1,0.0,2,7,2,0,1,0.0,2,0.0,0.5
2020-09-27,2020-21,SerieA,Roma,Juventus,8,1,0,1,0.05,1,7,1,0,1,-0.05,1,1.0,0.5
2020-09-27,2020-21,SerieA,Crotone,Milan,7,1,0,1,0.05,1,6,1,1,1,-0.05,1,1.0,0.0
2020-09-28,2020-21,EPL,Liverpool,Arsenal,8,2,0,1,-0.05,2,9,2,0,1,0.05,2,-1.0,1.0
2020-09-28,2020-21,EPL,Fulham,Aston Villa,9,2,0,1,0.1,2,7,1,0,1,-0.1,1,2.0,0.0
2020-09-28,2020-21,SerieA,Bologna,Parma,7,1,0,1,-0.05,1,8,1,0,1,0.05,1,-1.0,1.0
2020-09-29,2020-21,LaLiga,Sociedad,Valencia,3,3,1,2,-0.6,3,3,3,1,2,-0.6,3,0.0,0.0
2020-09-29,2020-21,LaLiga,Getafe,Betis,3,2,1,2,-0.4,2,3,3,1,2,-0.6,3,0.0,1.0
2020-09-30,2020-21,LaLiga,Huesca,Ath Madrid,4,3,1,2,-0.15,3,3,1,1,1,-0.45,1,1.0,0.5
2020-09-30,2020-21,LaLiga,Real Madrid,Valladolid,4,2,1,2,0.05,2,3,3,1,2,-0.65,3,1.0,1.0
2020-09-30,2020-21,LaLiga,Eibar,Elche,3,3,1,2,-0.65,3,4,1,1,1,0.05,1,-1.0,0.0
2020-09-30,2020-21,SerieA,Benevento,Inter,4,1,1,1,0.0,1,4,1,1,1,0.0,1,0.0,0.0
2020-09-30,2020-21,SerieA,Udinese,Spezia,3,1,1,1,-0.4,1,3,1,1,1,-0.4,1,0.0,0.0
2020-09-30,2020-21,SerieA,Lazio,Atalanta,4,1,1,1,0.0,1,4,1,1,1,0.0,1,0.0,0.0
2020-09-30,2020-21,LaLiga,Villarreal,Alaves,3,3,1,2,-0.65,3,4,3,1,2,-0.15,3,-1.0,1.0
2020-10-01,2020-21,LaLiga,Ath Bilbao,Cadiz,4,2,1,1,0.0,2,4,3,1,2,-0.2,3,0.0,0.0
2020-10-01,2020-21,LaLiga,Sevilla,Levante,4,1,1,1,0.0,1,4,2,1,1,0.0,2,0.0,1.0
2020-10-01,2020-21,LaLiga,Celta,Barcelona,4,3,1,2,-0.2,3,4,1,1,1,0.0,1,0.0,0.0
2020-10-02,2020-21,Bundesliga,Union Berlin,Mainz,6,2,1,2,0.0,2,6,2,1,2,0.0,2,0.0,1.0
2020-10-02,2020-21,Ligue1,Paris SG,Angers,5,4,1,2,-0.4,5,5,3,1,2,-0.2,5,0.0,1.0
2020-10-02,2020-21,SerieA,Fiorentina,Sampdoria,6,2,1,2,0.0,2,6,2,1,2,0.0,2,0.0,0.0
2020-10-03,2020-21,LaLiga,Sociedad,Getafe,4,4,1,3,-0.4,4,4,3,1,2,-0.2,3,0.0,1.0
2020-10-03,2020-21,LaLiga,Valencia,Betis,4,4,1,2,-0.4,4,4,4,1,3,-0.4,4,0.0,0.0
2020-10-03,2020-21,LaLiga,Elche,Huesca,3,2,1,2,-0.4,2,3,4,1,3,-0.8,4,0.0,0.5
2020-10-03,2020-21,SerieA,Udinese,Roma,3,2,2,2,-0.55,2,6,2,1,1,0.15,2,-3.0,0.0
2020-10-03,2020-21,LaLiga,Valladolid,Eibar,3,4,2,3,-0.8,4,3,3,2,2,-0.6,4,0.0,0.0
2020-10-03,2020-21,Bundesliga,RB Leipzig,Schalke 04,7,2,0,2,0.0,2,7,2,0,1,0.0,2,0.0,1.0
2020-10-03,2020-21,Bundesliga,Werder Bremen,Bielefeld,7,2,0,1,0.0,2,7,2,0,1,0.0,2,0.0,1.0
2020-10-03,2020-21,Bundesliga,FC Koln,M'gladbach,7,2,0,1,0.0,2,7,2,0,1,0.0,2,0.0,0.0
2020-10-03,2020-21,Bundesliga,Ein Frankfurt,Hoffenheim,8,2,0,1,0.1,2,6,2,1,1,-0.1,2,2.0,1.0
2020-10-03,2020-21,SerieA,Sassuolo,Crotone,6,2,1,2,0.0,2,6,2,1,2,0.0,2,0.0,1.0
2020-10-03,2020-21,LaLiga,Ath Madrid,Villarreal,3,2,2,2,-0.4,2,3,4,2,2,-0.8,4,0.0,0.5
2020-10-03,2020-21,Bundesliga,Stuttgart,Leverkusen,7,2,0,1,0.0,2,7,2,0,2,0.0,2,0.0,0.5
2020-10-03,2020-21,Bundesliga,Dortmund,Freiburg,7,2,0,1,0.05,2,6,2,1,1,-0.05,2,1.0,1.0
2020-10-03,2020-21,Ligue1,Nice,Nantes,6,2,1,2,-0.1,5,8,3,0,2,-0.1,5,-2.0,1.0
2020-10-03,2020-21,Ligue1,Lens,St Etienne,6,3,1,1,-0.25,5,7,3,0,2,-0.15,5,-1.0,1.0
2020-10-03,2020-21,EPL,Chelsea,Crystal Palace,7,3,0,2,-0.2,3,7,2,0,1,0.0,3,0.0,1.0
2020-10-03,2020-21,EPL,Everton,Brighton,7,3,0,1,-0.2,3,7,3,0,2,-0.2,3,0.0,1.0
2020-10-03,2020-21,EPL,Leeds,Man City,6,2,1,1,0.0,3,6,2,1,2,0.0,2,0.0,0.5
2020-10-03,2020-21,EPL,Newcastle,Burnley,6,2,1,2,-0.05,3,7,2,0,2,0.05,2,-1.0,1.0
2020-10-04,2020-21,LaLiga,Levante,Real Madrid,3,2,1,2,-0.45,3,4,3,1,2,-0.15,3,-1.0,0.0
2020-10-04,2020-21,LaLiga,Alaves,Ath Bilbao,4,3,1,2,-0.15,4,3,2,1,2,-0.45,3,1.0,1.0
2020-10-04,2020-21,LaLiga,Osasuna,Celta,7,2,0,1,0.2,3,3,3,1,2,-0.8,4,4.0,1.0
2020-10-04,2020-21,EPL,Leicester,West Ham,7,2,0,1,0.0,3,7,2,0,1,0.0,3,0.0,0.0
2020-10-04,2020-21,EPL,Southampton,West Brom,8,2,0,1,0.0,3,8,2,0,1,0.0,3,0.0,1.0
2020-10-04,2020-21,EPL,Arsenal,Sheffield United,6,2,1,1,-0.05,3,7,3,0,2,-0.15,3,-1.0,1.0
2020-10-04,2020-21,EPL,Wolves,Fulham,7,3,0,2,-0.15,3,6,2,1,1,-0.05,3,1.0,1.0
2020-10-04,2020-21,EPL,Man United,Tottenham,8,2,0,1,0.05,2,7,2,0,1,-0.05,3,1.0,0.0
2020-10-04,2020-21,EPL,Aston Villa,Liverpool,6,2,1,2,0.0,2,6,2,1,1,0.0,3,0.0,1.0
2020-10-04,2020-21,SerieA,Benevento,Bologna,4,2,1,2,-0.1,2,6,2,1,2,0.1,2,-2.0,1.0
2020-10-04,2020-21,Bundesliga,Bayern Munich,Hertha,7,2,0,1,-0.1,2,9,2,0,1,0.1,2,-2.0,1.0
2020-10-04,2020-21,Bundesliga,Wolfsburg,Augsburg,7,2,0,1,-0.05,2,8,2,0,1,0.05,2,-1.0,0.5
2020-10-04,2020-21,SerieA,Milan,Spezia,7,2,0,2,0.15,2,4,2,1,2,-0.15,2,3.0,1.0
2020-10-04,2020-21,SerieA,Parma,Verona,6,2,1,1,-0.05,2,7,2,0,1,0.05,2,-1.0,1.0
2020-10-04,2020-21,SerieA,Lazio,Inter,4,2,1,2,0.0,2,4,2,1,2,0.0,2,0.0,0.5
2020-10-04,2020-21,LaLiga,Cadiz,Granada,3,3,1,2,-0.8,4,7,2,0,1,0.2,3,-4.0,0.5
2020-10-04,2020-21,LaLiga,Barcelona,Sevilla,3,2,1,2,-0.4,2,3,2,1,2,-0.4,2,0.0,0.5
2020-10-04,2020-21,SerieA,Atalanta,Cagliari,4,2,1,2,-0.2,2,8,2,0,1,0.2,2,-4.0,1.0
2020-10-04,2020-21,Ligue1,Strasbourg,Lille,7,2,0,1,-0.1,5,9,2,0,1,0.1,5,-2.0,0.0
2020-10-04,2020-21,Ligue1,Rennes,Reims,8,2,0,1,0.05,5,7,2,0,1,-0.05,5,1.0,0.5
2020-10-04,2020-21,Ligue1,Metz,Lorient,8,3,0,1,-0.15,5,7,2,0,1,-0.05,5,1.0,1.0
2020-10-04,2020-21,Ligue1,Lyon,Marseille,7,3,0,1,-0.25,5,8,3,0,1,-0.15,5,-1.0,0.5
2020-10-04,2020-21,Ligue1,Bordeaux,Dijon,7,2,0,1,0.0,5,7,2,0,1,0.0,5,0.0,1.0
2020-10-04,2020-21,Ligue1,Brest,Monaco,7,2,0,1,0.0,5,7,2,0,1,0.0,5,0.0,1.0
2020-10-04,2020-21,Ligue1,Montpellier,Nimes,7,3,0,1,-0.2,5,7,2,0,1,0.0,5,0.0,0.0
2020-10-16,2020-21,Ligue1,Dijon,Rennes,12,2,0,1,0.0,6,12,2,0,1,0.0,6,0.0,0.5
2020-10-16,2020-21,Ligue1,Nimes,Paris SG,12,2,0,1,-0.1,6,14,2,0,0,0.1,6,-2.0,0.0
2020-10-17,2020-21,Bundesliga,Bielefeld,Bayern Munich,14,1,0,0,0.05,3,13,2,0,1,-0.05,3,1.0,0.0
2020-10-17,2020-21,Bundesliga,Mainz,Leverkusen,15,1,0,0,0.05,3,14,1,0,0,-0.05,3,1.0,0.0
2020-10-17,2020-21,LaLiga,Granada,Sevilla,13,2,0,1,0.0,4,13,3,0,1,-0.2,3,0.0,1.0
2020-10-17,2020-21,Bundesliga,Hertha,Stuttgart,13,1,0,1,-0.05,3,14,1,0,0,0.05,3,-1.0,0.0
2020-10-17,2020-21,Bundesliga,Freiburg,Werder Bremen,14,2,0,0,0.0,3,14,1,0,0,0.0,3,0.0,0.5
2020-10-17,2020-21,Bundesliga,Augsburg,RB Leipzig,13,1,0,1,-0.05,3,14,1,0,0,0.05,3,-1.0,0.0
2020-10-17,2020-21,SerieA,Napoli,Atalanta,20,1,0,0,0.35,2,13,2,0,1,-0.35,3,7.0,1.0
2020-10-17,2020-21,Ligue1,Reims,Lorient,13,2,0,1,0.0,6,13,2,0,1,0.0,6,0.0,0.0
2020-10-17,2020-21,Ligue1,Marseille,Bordeaux,13,1,0,1,0.0,6,13,2,0,1,0.0,6,0.0,1.0
2020-10-17,2020-21,SerieA,Crotone,Juventus,14,2,0,0,-0.3,3,20,1,0,0,0.3,2,-6.0,0.5
2020-10-17,2020-21,SerieA,Sampdoria,Lazio,15,1,0,0,0.1,3,13,2,0,1,-0.1,3,2.0,1.0
2020-10-17,2020-21,SerieA,Inter,Milan,13,2,0,1,0.0,3,13,2,0,1,0.0,3,0.0,0.0
2020-10-17,2020-21,Bundesliga,M'gladbach,Wolfsburg,14,1,0,0,0.05,3,13,2,0,1,-0.05,3,1.0,0.5
2020-10-17,2020-21,LaLiga,Celta,Ath Madrid,13,3,0,1,-0.25,5,14,3,0,0,-0.15,3,-1.0,0.0
2020-10-17,2020-21,Bundesliga,Hoffenheim,Dortmund,14,2,0,0,0.0,3,14,1,0,0,0.0,3,0.0,0.0
2020-10-17,2020-21,EPL,Everton,Liverpool,14,1,0,0,0.05,4,13,2,0,1,-0.05,4,1.0,0.5
2020-10-17,2020-21,LaLiga,Real Madrid,Cadiz,13,2,0,1,0.0,4,13,3,0,1,-0.2,5,0.0,0.0
2020-10-17,2020-21,LaLiga,Getafe,Barcelona,14,2,0,0,0.05,4,13,3,0,1,-0.25,3,1.0,1.0
2020-10-17,2020-21,EPL,Chelsea,Southampton,14,1,0,0,0.05,4,13,1,0,1,-0.05,4,1.0,0.5
2020-10-17,2020-21,EPL,Man City,Arsenal,14,2,0,0,0.05,3,13,2,0,1,-0.05,4,1.0,1.0
2020-10-17,2020-21,EPL,Newcastle,Man United,14,2,0,0,0.05,4,13,1,0,1,-0.05,3,1.0,0.0
2020-10-18,2020-21,Ligue1,Angers,Metz,16,1,0,0,0.1,6,14,1,0,0,-0.1,6,2.0,0.5
2020-10-18,2020-21,Ligue1,Monaco,Montpellier,14,1,0,0,0.0,6,14,1,0,0,0.0,6,0.0,0.5
2020-10-18,2020-21,SerieA,Bologna,Sassuolo,14,2,0,0,-0.05,3,15,1,0,0,0.05,3,-1.0,0.0
2020-10-18,2020-21,SerieA,Spezia,Fiorentina,14,2,0,0,-0.1,3,16,1,0,0,0.1,3,-2.0,0.5
2020-10-18,2020-21,Ligue1,St Etienne,Nice,15,1,0,0,0.0,6,15,1,0,0,0.0,6,0.0,0.0
2020-10-18,2020-21,Ligue1,Lille,Lens,14,1,0,0,-0.05,6,15,1,0,0,0.05,6,-1.0,1.0
2020-10-18,2020-21,SerieA,Torino,Cagliari,22,0,0,0,0.4,2,14,1,0,0,-0.4,3,8.0,0.0
2020-10-18,2020-21,LaLiga,Betis,Sociedad,15,2,0,0,0.0,5,15,2,0,0,0.0,5,0.0,0.0
2020-10-18,2020-21,SerieA,Udinese,Parma,15,2,0,0,0.05,3,14,2,0,0,-0.05,3,1.0,1.0
2020-10-18,2020-21,Ligue1,Strasbourg,Lyon,14,1,0,0,0.0,6,14,1,0,0,0.0,6,0.0,0.0
2020-10-18,2020-21,LaLiga,Huesca,Valladolid,15,2,0,0,0.0,5,15,2,0,0,0.0,5,0.0,0.5
2020-10-18,2020-21,Ligue1,Nantes,Brest,15,1,0,0,0.05,6,14,1,0,0,-0.05,6,1.0,1.0
2020-10-18,2020-21,LaLiga,Villarreal,Valencia,15,2,0,0,0.0,5,15,2,0,0,0.0,5,0.0,1.0
2020-10-18,2020-21,SerieA,Roma,Benevento,15,1,0,0,0.05,3,14,2,0,0,-0.05,3,1.0,1.0
2020-10-18,2020-21,EPL,Sheffield United,Fulham,14,1,0,0,0.0,4,14,2,0,0,0.0,4,0.0,0.5
2020-10-18,2020-21,EPL,Crystal Palace,Brighton,15,1,0,0,0.0,4,15,1,0,0,0.0,4,0.0,0.5
2020-10-18,2020-21,EPL,Tottenham,West Ham,14,1,0,0,0.0,4,14,1,0,0,0.0,4,0.0,0.5
2020-10-18,2020-21,EPL,Leicester,Aston Villa,14,1,0,0,0.0,4,14,2,0,0,0.0,3,0.0,0.0
2020-10-18,2020-21,Bundesliga,FC Koln,Ein Frankfurt,15,1,0,0,0.0,3,15,1,0,0,0.0,3,0.0,0.5
2020-10-18,2020-21,Bundesliga,Schalke 04,Union Berlin,15,1,0,0,-0.05,3,16,1,0,0,0.05,3,-1.0,0.5
2020-10-18,2020-21,LaLiga,Ath Bilbao,Levante,14,2,0,0,0.0,4,14,2,0,0,0.0,4,0.0,1.0
2020-10-18,2020-21,LaLiga,Eibar,Osasuna,15,2,0,0,0.05,5,14,1,0,0,-0.05,4,1.0,0.5
2020-10-18,2020-21,LaLiga,Alaves,Elche,14,2,0,0,-0.05,5,15,2,0,0,0.05,3,-1.0,0.0
2020-10-19,2020-21,SerieA,Verona,Genoa,15,1,0,0,-0.35,3,22,0,0,0,0.35,2,-7.0,0.5
2020-10-19,2020-21,EPL,West Brom,Burnley,15,1,0,0,-0.05,4,16,1,0,0,0.05,3,-1.0,0.5
2020-10-19,2020-21,EPL,Leeds,Wolves,16,1,0,0,0.05,4,15,1,0,0,-0.05,4,1.0,0.0
2020-10-23,2020-21,Ligue1,Rennes,Angers,7,2,0,1,0.1,7,5,1,1,1,-0.1,7,2.0,0.0
2020-10-23,2020-21,LaLiga,Elche,Valencia,5,2,1,1,0.0,4,5,2,1,1,0.0,6,0.0,1.0
2020-10-23,2020-21,Bundesliga,Stuttgart,FC Koln,6,2,1,1,0.05,4,5,2,1,1,-0.05,4,1.0,0.5
2020-10-23,2020-21,SerieA,Sassuolo,Torino,5,2,1,1,0.0,4,5,1,1,1,0.0,3,0.0,0.5
2020-10-23,2020-21,EPL,Aston Villa,Leeds,5,2,1,1,0.05,4,4,2,1,1,-0.05,5,1.0,0.0
2020-10-24,2020-21,SerieA,Atalanta,Sampdoria,7,2,0,1,0.0,4,7,1,0,1,0.0,4,0.0,0.0
2020-10-24,2020-21,SerieA,Genoa,Inter,5,1,1,1,-0.1,3,7,2,0,1,0.1,4,-2.0,0.0
2020-10-24,2020-21,SerieA,Lazio,Bologna,7,2,0,1,0.05,4,6,2,1,1,-0.05,4,1.0,1.0
2020-10-24,2020-21,EPL,Liverpool,Sheffield United,7,2,0,1,0.05,5,6,2,1,1,-0.05,5,1.0,1.0
2020-10-24,2020-21,LaLiga,Ath Madrid,Betis,7,1,0,1,0.05,4,6,1,1,1,-0.05,6,1.0,1.0
2020-10-24,2020-21,LaLiga,Sevilla,Eibar,7,2,0,1,0.05,4,6,1,1,1,-0.05,6,1.0,0.0
2020-10-24,2020-21,EPL,Man United,Chelsea,7,2,0,1,0.0,4,7,1,0,1,0.0,5,0.0,0.5
2020-10-24,2020-21,EPL,Fulham,Crystal Palace,6,2,1,1,0.0,5,6,1,1,1,0.0,5,0.0,0.0
2020-10-24,2020-21,EPL,West Ham,Man City,6,2,1,1,-0.05,5,7,1,0,1,0.05,4,-1.0,0.5
2020-10-24,2020-21,LaLiga,Barcelona,Real Madrid,7,2,0,1,0.0,4,7,2,0,1,0.0,5,0.0,0.0
2020-10-24,2020-21,Bundesliga,RB Leipzig,Hertha,7,1,0,1,0.0,4,7,2,0,1,0.0,4,0.0,1.0
2020-10-24,2020-21,Bundesliga,Union Berlin,Freiburg,6,1,1,1,-0.05,4,7,1,0,1,0.05,4,-1.0,0.5
2020-10-24,2020-21,Ligue1,Paris SG,Dijon,8,1,0,1,0.0,7,8,2,0,1,0.0,7,0.0,1.0
2020-10-24,2020-21,LaLiga,Osasuna,Ath Bilbao,6,2,1,1,0.0,5,6,2,1,1,0.0,5,0.0,1.0
2020-10-24,2020-21,Bundesliga,Bayern Munich,Ein Frankfurt,7,2,0,1,0.05,4,6,1,1,1,-0.05,4,1.0,1.0
2020-10-24,2020-21,Bundesliga,Mainz,M'gladbach,7,1,0,1,0.0,4,7,1,0,1,0.0,4,0.0,0.0
2020-10-24,2020-21,Bundesliga,Dortmund,Schalke 04,7,1,0,1,0.05,4,6,1,1,1,-0.05,4,1.0,1.0
2020-10-24,2020-21,Ligue1,Lorient,Marseille,7,2,0,1,0.0,7,7,2,0,1,0.0,7,0.0,0.0
2020-10-25,2020-21,Ligue1,Metz,St Etienne,7,1,0,1,0.0,7,7,1,0,1,0.0,7,0.0,1.0
2020-10-25,2020-21,SerieA,Fiorentina,Udinese,7,1,0,1,0.0,4,7,1,0,1,0.0,4,0.0,1.0
2020-10-25,2020-21,SerieA,Parma,Spezia,7,1,0,1,0.0,4,7,1,0,1,0.0,4,0.0,0.5
2020-10-25,2020-21,SerieA,Benevento,Napoli,7,1,0,1,-0.05,4,8,1,0,1,0.05,3,-1.0,0.0
2020-10-25,2020-21,SerieA,Cagliari,Crotone,7,1,0,1,-0.05,4,8,1,0,1,0.05,4,-1.0,1.0
2020-10-25,2020-21,LaLiga,Cadiz,Villarreal,8,1,0,1,0.05,6,7,1,0,1,-0.05,6,1.0,0.5
2020-10-25,2020-21,Ligue1,Bordeaux,Nimes,8,1,0,1,-0.05,7,9,1,0,1,0.05,7,-1.0,1.0
2020-10-25,2020-21,Ligue1,Brest,Strasbourg,7,1,0,1,0.0,7,7,1,0,1,0.0,7,0.0,0.0
2020-10-25,2020-21,Ligue1,Montpellier,Reims,7,1,0,1,-0.05,7,8,1,0,1,0.05,7,-1.0,0.0
2020-10-25,2020-21,Ligue1,Nice,Lille,7,1,0,1,0.0,7,7,1,0,1,0.0,7,0.0,0.5
2020-10-25,2020-21,Ligue1,Lyon,Monaco,7,1,0,1,0.0,7,7,1,0,1,0.0,7,0.0,1.0
2020-10-25,2020-21,EPL,Southampton,Everton,8,1,0,1,0.0,5,8,1,0,1,0.0,5,0.0,1.0
2020-10-25,2020-21,LaLiga,Getafe,Granada,8,1,0,1,0.0,5,8,1,0,1,0.0,5,0.0,0.0
2020-10-25,2020-21,SerieA,Juventus,Verona,8,1,0,1,0.1,3,6,1,1,1,-0.1,4,2.0,0.5
2020-10-25,2020-21,LaLiga,Sociedad,Huesca,7,1,0,1,0.0,6,7,1,0,1,0.0,6,0.0,1.0
2020-10-25,2020-21,EPL,Wolves,Newcastle,6,1,1,1,-0.1,5,8,1,0,1,0.1,5,-2.0,0.5
2020-10-25,2020-21,EPL,Arsenal,Leicester,8,1,0,1,0.05,5,7,1,0,1,-0.05,5,1.0,0.0
2020-10-25,2020-21,Bundesliga,Wolfsburg,Bielefeld,8,1,0,1,0.0,4,8,1,0,1,0.0,4,0.0,1.0
2020-10-25,2020-21,Bundesliga,Werder Bremen,Hoffenheim,8,1,0,1,0.0,4,8,1,0,1,0.0,4,0.0,0.5
2020-10-25,2020-21,LaLiga,Valladolid,Alaves,7,1,0,1,0.0,6,7,1,0,1,0.0,6,0.0,0.0
2020-10-26,2020-21,LaLiga,Levante,Celta,8,1,0,1,-0.05,5,9,1,0,1,0.05,6,-1.0,0.5
2020-10-26,2020-21,Bundesliga,Leverkusen,Augsburg,9,1,0,1,0.0,4,9,1,0,1,0.0,4,0.0,1.0
2020-10-26,2020-21,SerieA,Milan,Roma,9,1,0,1,0.05,4,8,1,0,1,-0.05,4,1.0,0.5
2020-10-26,2020-21,EPL,Burnley,Tottenham,7,1,0,1,-0.05,4,8,1,0,1,0.05,5,-1.0,0.0
2020-10-26,2020-21,EPL,Brighton,West Brom,8,1,0,1,0.05,5,7,1,0,1,-0.05,5,1.0,0.5
2020-10-30,2020-21,Bundesliga,Schalke 04,Stuttgart,6,2,1,2,-0.05,5,7,2,0,2,0.05,5,-1.0,0.5
2020-10-30,2020-21,LaLiga,Eibar,Cadiz,6,2,1,2,0.05,7,5,2,1,2,-0.05,7,1.0,0.0
2020-10-30,2020-21,EPL,Wolves,Crystal Palace,5,2,1,2,-0.05,6,6,2,1,2,0.05,6,-1.0,1.0
2020-10-31,2020-21,EPL,Sheffield United,Man City,7,2,0,2,0.0,6,7,2,0,1,0.0,5,0.0,0.0
2020-10-31,2020-21,SerieA,Inter,Parma,7,2,0,1,0.05,5,6,2,1,2,-0.05,5,1.0,0.5
2020-10-31,2020-21,SerieA,Bologna,Cagliari,7,2,0,2,0.05,5,6,2,1,2,-0.05,5,1.0,1.0
2020-10-31,2020-21,EPL,Burnley,Chelsea,5,2,1,2,-0.1,5,7,2,0,1,0.1,6,-2.0,0.0
2020-10-31,2020-21,EPL,Liverpool,West Ham,7,2,0,1,0.0,6,7,2,0,2,0.0,6,0.0,1.0
2020-10-31,2020-21,SerieA,Crotone,Atalanta,6,2,1,1,-0.05,5,7,2,0,1,0.05,5,-1.0,0.0
2020-10-31,2020-21,LaLiga,Ath Bilbao,Sevilla,7,2,0,2,0.0,6,7,2,0,1,0.0,5,0.0,1.0
2020-10-31,2020-21,Ligue1,Nantes,Paris SG,13,1,0,1,0.3,7,7,2,0,1,-0.3,8,6.0,0.0
2020-10-31,2020-21,Bundesliga,M'gladbach,RB Leipzig,7,2,0,1,0.0,5,7,2,0,1,0.0,5,0.0,1.0
2020-10-31,2020-21,Bundesliga,FC Koln,Bayern Munich,8,2,0,2,0.05,5,7,2,0,1,-0.05,5,1.0,0.0
2020-10-31,2020-21,Bundesliga,Ein Frankfurt,Werder Bremen,7,2,0,2,0.05,5,6,2,1,1,-0.05,5,1.0,0.5
2020-10-31,2020-21,Bundesliga,Bielefeld,Dortmund,6,2,1,1,-0.05,5,7,2,0,1,0.05,5,-1.0,0.0
2020-10-31,2020-21,Bundesliga,Augsburg,Mainz,5,2,1,1,-0.1,5,7,2,0,1,0.1,5,-2.0,1.0
2020-10-31,2020-21,LaLiga,Alaves,Barcelona,6,2,1,2,-0.05,7,7,2,0,1,0.05,5,-1.0,0.5
2020-10-31,2020-21,LaLiga,Osasuna,Ath Madrid,7,2,0,2,0.0,6,7,2,0,1,0.0,5,0.0,0.0
2020-10-31,2020-21,LaLiga,Real Madrid,Huesca,7,2,0,1,0.05,6,6,2,1,2,-0.05,7,1.0,1.0
2020-10-31,2020-21,Ligue1,Rennes,Brest,8,2,0,1,0.1,8,6,2,1,2,-0.1,8,2.0,1.0
2020-11-01,2020-21,EPL,Newcastle,Everton,7,2,0,1,0.0,6,7,2,0,1,0.0,6,0.0,1.0
2020-11-01,2020-21,Bundesliga,Hertha,Wolfsburg,8,2,0,1,0.05,5,7,2,0,1,-0.05,5,1.0,0.5
2020-11-01,2020-21,Bundesliga,Freiburg,Leverkusen,8,2,0,1,0.1,5,6,2,1,1,-0.1,5,2.0,0.0
2020-11-01,2020-21,EPL,Aston Villa,Southampton,9,2,0,1,0.1,5,7,2,0,1,-0.1,6,2.0,0.0
2020-11-01,2020-21,EPL,Man United,Arsenal,8,2,0,1,0.05,5,7,2,0,1,-0.05,6,1.0,0.0
2020-11-01,2020-21,Ligue1,Nimes,Metz,7,2,0,1,0.0,8,7,2,0,1,0.0,8,0.0,0.0
2020-11-01,2020-21,LaLiga,Betis,Elche,8,2,0,1,-0.05,7,9,2,0,1,0.05,5,-1.0,1.0
2020-11-01,2020-21,LaLiga,Celta,Sociedad,6,2,1,1,-0.05,7,7,2,0,1,0.05,7,-1.0,0.0
2020-11-01,2020-21,LaLiga,Granada,Levante,7,2,0,1,0.05,6,6,2,1,1,-0.05,6,1.0,0.5
2020-11-01,2020-21,LaLiga,Valencia,Getafe,9,2,0,1,0.1,7,7,2,0,1,-0.1,6,2.0,0.5
2020-11-01,2020-21,Ligue1,Lille,Lyon,7,2,0,1,0.0,8,7,2,0,1,0.0,8,0.0,0.5
2020-11-01,2020-21,Ligue1,Monaco,Bordeaux,7,2,0,1,0.0,8,7,2,0,1,0.0,8,0.0,1.0
2020-11-01,2020-21,Ligue1,Reims,Strasbourg,7,2,0,1,0.0,8,7,2,0,1,0.0,8,0.0,1.0
2020-11-01,2020-21,EPL,Tottenham,Brighton,6,2,1,1,0.0,6,6,2,1,1,0.0,6,0.0,1.0
2020-11-01,2020-21,Ligue1,Dijon,Lorient,8,2,0,1,0.0,8,8,2,0,1,0.0,8,0.0,0.5
2020-11-01,2020-21,Ligue1,Angers,Nice,9,2,0,1,0.1,8,7,2,0,1,-0.1,8,2.0,0.0
2020-11-01,2020-21,Ligue1,St Etienne,Montpellier,7,2,0,1,0.0,8,7,2,0,1,0.0,8,0.0,0.0
2020-11-01,2020-21,SerieA,Udinese,Milan,7,2,0,1,0.05,5,6,2,1,1,-0.05,5,1.0,0.0
2020-11-01,2020-21,SerieA,Torino,Lazio,9,2,0,1,0.05,4,8,2,0,1,-0.05,5,1.0,0.0
2020-11-01,2020-21,SerieA,Napoli,Sassuolo,7,2,0,1,-0.1,4,9,2,0,1,0.1,5,-2.0,0.0
2020-11-01,2020-21,SerieA,Roma,Fiorentina,6,2,1,1,-0.05,5,7,2,0,1,0.05,5,-1.0,1.0
2020-11-01,2020-21,SerieA,Sampdoria,Genoa,8,2,0,1,0.0,5,8,2,0,2,0.0,4,0.0,0.5
2020-11-01,2020-21,SerieA,Spezia,Juventus,7,2,0,1,0.0,5,7,2,0,1,0.0,4,0.0,0.0
2020-11-02,2020-21,Bundesliga,Hoffenheim,Union Berlin,8,2,0,1,-0.05,5,9,2,0,1,0.05,5,-1.0,0.0
2020-11-02,2020-21,SerieA,Verona,Benevento,8,2,0,1,0.0,5,8,2,0,1,0.0,5,0.0,1.0
2020-11-02,2020-21,EPL,Leeds,Leicester,10,2,0,1,0.1,6,8,2,0,1,-0.1,6,2.0,0.0
2020-11-02,2020-21,EPL,Fulham,West Brom,9,2,0,1,0.1,6,7,2,0,1,-0.1,6,2.0,1.0
2020-11-02,2020-21,LaLiga,Villarreal,Valladolid,8,2,0,1,0.0,7,8,2,0,1,0.0,7,0.0,1.0
2020-11-04,2020-21,SerieA,Genoa,Torino,3,3,1,2,-0.6,5,3,3,1,2,-0.6,5,0.0,0.0
2020-11-06,2020-21,EPL,Southampton,Newcastle,5,3,1,2,-0.2,7,5,3,1,2,-0.2,7,0.0,1.0
2020-11-06,2020-21,EPL,Brighton,Burnley,5,3,1,2,-0.25,7,6,3,1,2,-0.15,6,-1.0,0.5
2020-11-06,2020-21,Ligue1,Strasbourg,Marseille,5,3,1,2,-0.6,9,13,2,0,1,0.4,8,-8.0,0.0
2020-11-06,2020-21,SerieA,Sassuolo,Udinese,5,3,1,1,-0.2,6,5,3,1,2,-0.2,6,0.0,0.5
2020-11-06,2020-21,Bundesliga,Werder Bremen,FC Koln,6,3,1,2,-0.2,6,6,3,1,1,-0.2,6,0.0,0.5
2020-11-06,2020-21,LaLiga,Elche,Celta,5,3,1,1,-0.2,6,5,3,1,2,-0.2,8,0.0,0.5
2020-11-07,2020-21,EPL,Chelsea,Sheffield United,7,2,0,1,0.0,7,7,3,0,1,-0.2,7,0.0,1.0
2020-11-07,2020-21,EPL,Crystal Palace,Leeds,8,3,0,1,-0.05,7,5,3,1,1,-0.35,7,3.0,1.0
2020-11-07,2020-21,EPL,Everton,Man United,6,2,1,2,0.0,7,6,2,1,1,0.0,6,0.0,0.0
2020-11-07,2020-21,EPL,West Ham,Fulham,7,3,0,1,-0.1,7,5,3,1,1,-0.3,7,2.0,1.0
2020-11-07,2020-21,Bundesliga,Mainz,Schalke 04,7,2,0,1,-0.05,6,8,3,0,1,-0.15,6,-1.0,0.5
2020-11-07,2020-21,Ligue1,Paris SG,Rennes,7,2,0,1,0.0,9,7,2,0,1,0.0,9,0.0,1.0
2020-11-07,2020-21,Ligue1,Bordeaux,Montpellier,6,2,1,2,0.0,9,6,3,1,2,-0.2,9,0.0,0.0
2020-11-07,2020-21,SerieA,Cagliari,Sampdoria,7,3,0,2,-0.15,6,6,2,1,1,-0.05,6,1.0,1.0
2020-11-07,2020-21,SerieA,Benevento,Spezia,5,3,1,2,-0.25,6,6,3,1,2,-0.15,6,-1.0,0.0
2020-11-07,2020-21,LaLiga,Huesca,Eibar,7,3,0,2,-0.25,8,8,3,0,1,-0.15,8,-1.0,0.5
2020-11-07,2020-21,LaLiga,Barcelona,Betis,7,2,0,1,0.05,6,6,3,1,1,-0.25,8,1.0,1.0
2020-11-07,2020-21,LaLiga,Sevilla,Osasuna,7,2,0,1,0.0,6,7,3,0,1,-0.2,7,0.0,1.0
2020-11-07,2020-21,LaLiga,Ath Madrid,Cadiz,7,2,0,1,-0.05,6,8,2,0,2,0.05,8,-1.0,1.0
2020-11-07,2020-21,Bundesliga,Augsburg,Hertha,7,2,0,2,0.05,6,6,2,1,1,-0.05,6,1.0,0.0
2020-11-07,2020-21,SerieA,Parma,Fiorentina,7,3,0,2,-0.15,6,6,3,1,2,-0.25,6,1.0,0.5
2020-11-07,2020-21,Bundesliga,Dortmund,Bayern Munich,7,2,0,1,0.0,6,7,2,0,1,0.0,6,0.0,0.0
2020-11-07,2020-21,Bundesliga,Union Berlin,Bielefeld,5,3,1,1,-0.3,6,7,2,0,2,0.1,6,-2.0,1.0
2020-11-07,2020-21,Bundesliga,Stuttgart,Ein Frankfurt,8,2,0,1,0.05,6,7,3,0,1,-0.25,6,1.0,0.5
2020-11-07,2020-21,Bundesliga,RB Leipzig,Freiburg,7,2,0,1,0.05,6,6,2,1,1,-0.05,6,1.0,1.0
2020-11-08,2020-21,LaLiga,Getafe,Villarreal,7,2,0,1,0.05,7,6,2,1,1,-0.05,8,1.0,0.0
2020-11-08,2020-21,LaLiga,Valladolid,Ath Bilbao,6,2,1,1,-0.1,8,8,2,0,1,0.1,7,-2.0,1.0
2020-11-08,2020-21,LaLiga,Valencia,Real Madrid,7,2,0,1,-0.05,8,8,2,0,1,0.05,7,-1.0,1.0
2020-11-08,2020-21,Bundesliga,Leverkusen,M'gladbach,7,2,0,2,-0.05,6,8,2,0,1,0.05,6,-1.0,1.0
2020-11-08,2020-21,Bundesliga,Wolfsburg,Hoffenheim,7,2,0,1,0.05,6,6,2,1,1,-0.05,6,1.0,1.0
2020-11-08,2020-21,LaLiga,Levante,Alaves,7,2,0,2,-0.05,7,8,2,0,1,0.05,8,-1.0,0.5
2020-11-08,2020-21,LaLiga,Sociedad,Granada,7,2,0,1,0.0,8,7,2,0,1,0.0,7,0.0,1.0
2020-11-08,2020-21,Ligue1,Lens,Reims,21,0,0,0,0.5,7,7,2,0,1,-0.5,9,10.0,0.5
2020-11-08,2020-21,EPL,West Brom,Tottenham,6,3,1,2,-0.25,7,7,2,0,2,0.05,7,-1.0,0.0
2020-11-08,2020-21,Ligue1,Lorient,Nantes,7,2,0,1,-0.05,9,8,1,0,1,0.05,8,-1.0,0.0
2020-11-08,2020-21,Ligue1,Metz,Dijon,7,2,0,1,0.0,9,7,2,0,1,0.0,9,0.0,0.5
2020-11-08,2020-21,Ligue1,Nimes,Angers,7,2,0,1,0.0,9,7,2,0,1,0.0,9,0.0,0.0
2020-11-08,2020-21,Ligue1,Nice,Monaco,7,2,0,1,0.0,9,7,2,0,1,0.0,9,0.0,0.0
2020-11-08,2020-21,Ligue1,Lyon,St Etienne,7,2,0,1,0.0,9,7,2,0,1,0.0,9,0.0,1.0
2020-11-08,2020-21,SerieA,Atalanta,Inter,8,2,0,1,0.0,6,8,2,0,1,0.0,6,0.0,0.5
2020-11-08,2020-21,SerieA,Genoa,Roma,4,4,1,2,-0.55,6,7,2,0,2,0.15,6,-3.0,0.0
2020-11-08,2020-21,SerieA,Torino,Crotone,4,3,1,2,-0.4,6,8,2,0,1,0.2,6,-4.0,0.5
2020-11-08,2020-21,SerieA,Bologna,Napoli,8,2,0,1,0.05,6,7,2,0,1,-0.05,5,1.0,0.0
2020-11-08,2020-21,SerieA,Milan,Verona,7,2,0,2,0.05,6,6,3,1,1,-0.25,6,1.0,0.5
2020-11-08,2020-21,Ligue1,Brest,Lille,8,2,0,1,0.05,9,7,2,0,1,-0.05,9,1.0,1.0
2020-11-08,2020-21,SerieA,Lazio,Juventus,7,2,0,1,0.0,6,7,2,0,1,0.0,5,0.0,0.5
2020-11-08,2020-21,EPL,Leicester,Wolves,6,2,1,1,-0.15,7,9,3,0,1,-0.05,7,-3.0,1.0
2020-11-08,2020-21,EPL,Man City,Liverpool,8,2,0,1,0.0,6,8,2,0,1,0.0,7,0.0,0.5
2020-11-08,2020-21,EPL,Arsenal,Aston Villa,7,2,0,1,0.0,7,7,2,0,1,0.0,6,0.0,0.0
2020-11-20,2020-21,Ligue1,Rennes,Bordeaux,13,2,0,1,0.0,10,13,2,0,1,0.0,10,0.0,0.0
2020-11-20,2020-21,Ligue1,Monaco,Paris SG,12,2,0,1,-0.05,10,13,2,0,1,0.05,10,-1.0,1.0
2020-11-20,2020-21,LaLiga,Osasuna,Huesca,13,2,0,1,0.0,8,13,2,0,1,0.0,9,0.0,0.5
2020-11-21,2020-21,Bundesliga,Schalke 04,Wolfsburg,14,1,0,0,0.05,7,13,2,0,1,-0.05,7,1.0,0.0
2020-11-21,2020-21,Bundesliga,Hertha,Dortmund,14,2,0,0,0.0,7,14,1,0,0,0.0,7,0.0,0.0
2020-11-21,2020-21,Bundesliga,Ein Frankfurt,RB Leipzig,14,1,0,0,0.0,7,14,1,0,0,0.0,7,0.0,0.5
2020-11-21,2020-21,SerieA,Crotone,Lazio,13,1,0,1,0.0,7,13,2,0,1,0.0,7,0.0,0.0
2020-11-21,2020-21,Bundesliga,M'gladbach,Augsburg,13,1,0,1,-0.05,7,14,1,0,0,0.05,7,-1.0,0.5
2020-11-21,2020-21,Bundesliga,Hoffenheim,Stuttgart,13,2,0,1,-0.05,7,14,1,0,0,0.05,7,-1.0,0.5
2020-11-21,2020-21,Bundesliga,Bielefeld,Leverkusen,14,1,0,0,0.05,7,13,2,0,1,-0.05,7,1.0,0.0
2020-11-21,2020-21,Bundesliga,Bayern Munich,Werder Bremen,14,1,0,0,-0.05,7,15,1,0,0,0.05,7,-1.0,0.5
2020-11-21,2020-21,EPL,Man United,West Brom,14,2,0,0,0.05,7,13,2,0,1,-0.05,8,1.0,1.0
2020-11-21,2020-21,EPL,Tottenham,Man City,13,2,0,1,0.0,8,13,1,0,1,0.0,7,0.0,1.0
2020-11-21,2020-21,LaLiga,Ath Madrid,Barcelona,14,1,0,0,0.0,7,14,1,0,0,0.0,7,0.0,1.0
2020-11-21,2020-21,LaLiga,Villarreal,Real Madrid,13,2,0,1,0.0,9,13,1,0,1,0.0,8,0.0,0.5
2020-11-21,2020-21,LaLiga,Levante,Elche,13,2,0,1,-0.1,8,15,2,0,0,0.1,7,-2.0,0.5
2020-11-21,2020-21,Ligue1,Brest,St Etienne,13,1,0,1,0.0,10,13,2,0,1,0.0,10,0.0,1.0
2020-11-21,2020-21,EPL,Aston Villa,Brighton,13,2,0,1,-0.1,7,15,2,0,0,0.1,8,-2.0,0.0
2020-11-21,2020-21,EPL,Newcastle,Chelsea,15,2,0,0,0.05,8,14,1,0,0,-0.05,8,1.0,0.0
2020-11-21,2020-21,SerieA,Juventus,Cagliari,13,2,0,1,-0.05,6,14,1,0,0,0.05,7,-1.0,1.0
2020-11-21,2020-21,SerieA,Spezia,Atalanta,14,2,0,0,0.05,7,13,1,0,1,-0.05,7,1.0,0.5
2020-11-21,2020-21,LaLiga,Sevilla,Celta,14,1,0,0,-0.05,7,15,2,0,0,0.05,9,-1.0,1.0
2020-11-22,2020-21,LaLiga,Eibar,Getafe,15,1,0,0,0.05,9,14,1,0,0,-0.05,8,1.0,0.5
2020-11-22,2020-21,LaLiga,Cadiz,Sociedad,15,1,0,0,0.05,9,14,1,0,0,-0.05,9,1.0,0.0
2020-11-22,2020-21,LaLiga,Granada,Valladolid,14,1,0,0,0.0,8,14,2,0,0,0.0,9,0.0,0.0
2020-11-22,2020-21,LaLiga,Alaves,Valencia,14,1,0,0,0.0,9,14,1,0,0,0.0,9,0.0,0.5
2020-11-22,2020-21,EPL,Sheffield United,West Ham,15,1,0,0,0.0,8,15,1,0,0,0.0,8,0.0,0.0
2020-11-22,2020-21,EPL,Fulham,Everton,15,2,0,0,0.0,8,15,1,0,0,0.0,8,0.0,0.0
2020-11-22,2020-21,SerieA,Fiorentina,Benevento,15,1,0,0,0.0,7,15,2,0,0,0.0,7,0.0,0.0
2020-11-22,2020-21,EPL,Liverpool,Leicester,14,1,0,0,0.0,8,14,2,0,0,0.0,8,0.0,1.0
2020-11-22,2020-21,EPL,Leeds,Arsenal,15,2,0,0,0.05,8,14,1,0,0,-0.05,8,1.0,0.5
2020-11-22,2020-21,Bundesliga,FC Koln,Union Berlin,16,1,0,0,0.05,7,15,2,0,0,-0.05,7,1.0,0.0
2020-11-22,2020-21,Ligue1,Nantes,Metz,14,1,0,0,0.0,9,14,1,0,0,0.0,10,0.0,0.5
2020-11-22,2020-21,Ligue1,Dijon,Lens,14,1,0,0,0.0,10,14,1,0,0,0.0,8,0.0,0.0
2020-11-22,2020-21,Ligue1,Montpellier,Strasbourg,15,1,0,0,-0.05,10,16,1,0,0,0.05,10,-1.0,1.0
2020-11-22,2020-21,Ligue1,Reims,Nimes,14,1,0,0,0.0,10,14,1,0,0,0.0,10,0.0,0.0
2020-11-22,2020-21,Ligue1,Angers,Lyon,14,1,0,0,0.0,10,14,1,0,0,0.0,10,0.0,0.0
2020-11-22,2020-21,Ligue1,Lille,Lorient,14,1,0,0,0.0,10,14,1,0,0,0.0,10,0.0,1.0
2020-11-22,2020-21,SerieA,Napoli,Milan,14,1,0,0,0.0,6,14,1,0,0,0.0,7,0.0,0.0
2020-11-22,2020-21,SerieA,Verona,Sassuolo,14,2,0,0,-0.1,7,16,1,0,0,0.1,7,-2.0,0.0
2020-11-22,2020-21,SerieA,Udinese,Genoa,16,1,0,0,0.1,7,14,2,0,0,-0.1,7,2.0,1.0
2020-11-22,2020-21,SerieA,Sampdoria,Bologna,15,1,0,0,0.05,7,14,1,0,0,-0.05,7,1.0,0.0
2020-11-22,2020-21,SerieA,Roma,Parma,14,1,0,0,-0.05,7,15,1,0,0,0.05,7,-1.0,1.0
2020-11-22,2020-21,SerieA,Inter,Torino,14,1,0,0,0.0,7,14,2,0,0,0.0,7,0.0,1.0
2020-11-22,2020-21,Bundesliga,Freiburg,Mainz,15,1,0,0,0.0,7,15,1,0,0,0.0,7,0.0,0.0
2020-11-23,2020-21,EPL,Burnley,Crystal Palace,17,1,0,0,0.05,7,16,1,0,0,-0.05,8,1.0,1.0
2020-11-23,2020-21,LaLiga,Ath Bilbao,Betis,15,1,0,0,-0.05,8,16,1,0,0,0.05,9,-1.0,1.0
2020-11-23,2020-21,EPL,Wolves,Southampton,15,1,0,0,-0.1,8,17,1,0,0,0.1,8,-2.0,0.5
2020-11-25,2020-21,Ligue1,Lens,Nantes,3,2,1,1,-0.4,9,3,2,1,1,-0.4,10,0.0,0.5
2020-11-27,2020-21,LaLiga,Valladolid,Levante,5,2,1,1,-0.05,10,6,2,1,1,0.05,9,-1.0,0.5
2020-11-27,2020-21,Bundesliga,Wolfsburg,Werder Bremen,6,2,1,1,0.0,8,6,1,1,1,0.0,8,0.0,1.0
2020-11-27,2020-21,Ligue1,Strasbourg,Rennes,5,1,1,1,-0.1,11,7,2,0,1,0.1,11,-2.0,0.5
2020-11-27,2020-21,EPL,Crystal Palace,Newcastle,4,2,1,1,-0.1,9,6,1,1,1,0.1,9,-2.0,0.0
2020-11-28,2020-21,Bundesliga,Union Berlin,Ein Frankfurt,6,1,1,1,-0.05,8,7,1,0,1,0.05,8,-1.0,0.5
2020-11-28,2020-21,Bundesliga,M'gladbach,Schalke 04,7,2,0,1,0.0,8,7,1,0,1,0.0,8,0.0,1.0
2020-11-28,2020-21,LaLiga,Valencia,Ath Madrid,6,2,1,1,-0.05,10,7,1,0,1,0.05,8,-1.0,0.0
2020-11-28,2020-21,LaLiga,Huesca,Sevilla,8,1,0,1,0.05,10,7,1,0,1,-0.05,8,1.0,0.0
2020-11-28,2020-21,EPL,Brighton,Liverpool,7,1,0,1,0.05,9,6,2,1,1,-0.05,9,1.0,0.5
2020-11-28,2020-21,EPL,Man City,Burnley,7,2,0,1,0.1,8,5,1,1,1,-0.1,8,2.0,1.0
2020-11-28,2020-21,EPL,Everton,Leeds,6,1,1,1,0.0,9,6,1,1,1,0.0,9,0.0,0.0
2020-11-28,2020-21,EPL,West Brom,Sheffield United,7,2,0,1,0.05,9,6,1,1,1,-0.05,9,1.0,1.0
2020-11-28,2020-21,LaLiga,Elche,Cadiz,7,1,0,1,0.05,8,6,1,1,1,-0.05,10,1.0,0.5
2020-11-28,2020-21,Ligue1,Paris SG,Bordeaux,8,1,0,1,0.0,11,8,1,0,1,0.0,11,0.0,0.5
2020-11-28,2020-21,Ligue1,Marseille,Nantes,22,0,0,0,0.5,9,3,3,2,2,-1.1,11,10.0,1.0
2020-11-28,2020-21,Bundesliga,Augsburg,Freiburg,7,1,0,1,0.05,8,6,1,1,1,-0.05,8,1.0,0.5
2020-11-28,2020-21,SerieA,Benevento,Juventus,6,1,1,1,-0.05,8,7,2,0,1,0.05,7,-1.0,0.5
2020-11-28,2020-21,SerieA,Sassuolo,Inter,6,1,1,1,0.0,8,6,2,1,1,0.0,8,0.0,0.0
2020-11-28,2020-21,Bundesliga,Dortmund,FC Koln,7,1,0,1,0.05,8,6,1,1,1,-0.05,8,1.0,0.0
2020-11-28,2020-21,Bundesliga,RB Leipzig,Bielefeld,7,1,0,1,0.0,8,7,1,0,1,0.0,8,0.0,1.0
2020-11-28,2020-21,Bundesliga,Stuttgart,Bayern Munich,7,1,0,1,0.0,8,7,1,0,1,0.0,8,0.0,0.0
2020-11-28,2020-21,LaLiga,Real Madrid,Alaves,7,2,0,1,0.05,9,6,2,1,1,-0.05,10,1.0,0.0
2020-11-28,2020-21,SerieA,Atalanta,Verona,7,2,0,1,0.05,8,6,2,1,1,-0.05,8,1.0,0.0
2020-11-29,2020-21,Ligue1,Lyon,Reims,7,1,0,1,0.0,11,7,1,0,1,0.0,11,0.0,1.0
2020-11-29,2020-21,Ligue1,Lorient,Montpellier,7,1,0,1,0.0,11,7,1,0,1,0.0,11,0.0,0.0
2020-11-29,2020-21,Ligue1,Metz,Brest,7,1,0,1,-0.05,11,8,1,0,1,0.05,11,-1.0,0.0
2020-11-29,2020-21,Ligue1,Monaco,Nimes,9,1,0,1,0.1,11,7,1,0,1,-0.1,11,2.0,1.0
2020-11-29,2020-21,Ligue1,Nice,Dijon,21,0,0,0,0.5,10,7,1,0,1,-0.5,11,10.0,0.0
2020-11-29,2020-21,Ligue1,St Etienne,Lille,8,1,0,1,0.05,11,7,1,0,1,-0.05,11,1.0,0.5
2020-11-29,2020-21,Ligue1,Lens,Angers,4,2,1,2,-0.15,10,7,1,0,1,0.15,11,-3.0,0.0
2020-11-29,2020-21,SerieA,Napoli,Roma,7,1,0,1,0.0,7,7,1,0,1,0.0,8,0.0,1.0
2020-11-29,2020-21,LaLiga,Getafe,Ath Bilbao,7,1,0,1,0.05,9,6,1,1,1,-0.05,9,1.0,0.5
2020-11-29,2020-21,LaLiga,Celta,Granada,8,1,0,1,0.05,10,7,1,0,1,-0.05,9,1.0,1.0
2020-11-29,2020-21,LaLiga,Sociedad,Villarreal,7,1,0,1,-0.05,10,8,1,0,1,0.05,10,-1.0,0.5
2020-11-29,2020-21,EPL,Chelsea,Tottenham,8,1,0,1,0.0,9,8,1,0,1,0.0,9,0.0,0.5
2020-11-29,2020-21,EPL,Southampton,Man United,6,1,1,1,-0.1,9,8,1,0,1,0.1,8,-2.0,0.0
2020-11-29,2020-21,LaLiga,Barcelona,Osasuna,8,1,0,1,-0.05,8,9,1,0,1,0.05,9,-1.0,1.0
2020-11-29,2020-21,EPL,Arsenal,Wolves,7,1,0,1,0.05,9,6,1,1,1,-0.05,9,1.0,0.0
2020-11-29,2020-21,SerieA,Cagliari,Spezia,8,1,0,1,0.0,8,8,1,0,1,0.0,8,0.0,0.5
2020-11-29,2020-21,SerieA,Milan,Fiorentina,7,1,0,1,0.0,8,7,1,0,1,0.0,8,0.0,1.0
2020-11-29,2020-21,SerieA,Bologna,Crotone,7,1,0,1,-0.05,8,8,1,0,1,0.05,8,-1.0,1.0
2020-11-29,2020-21,SerieA,Lazio,Udinese,8,1,0,1,0.05,8,7,1,0,1,-0.05,8,1.0,0.0
2020-11-29,2020-21,Bundesliga,Leverkusen,Hertha,8,1,0,1,0.0,8,8,1,0,1,0.0,8,0.0,0.5
2020-11-29,2020-21,Bundesliga,Mainz,Hoffenheim,7,1,0,1,-0.05,8,8,1,0,1,0.05,8,-1.0,0.5
2020-11-30,2020-21,EPL,West Ham,Aston Villa,8,1,0,1,-0.05,9,9,1,0,1,0.05,8,-1.0,1.0
2020-11-30,2020-21,EPL,Leicester,Fulham,8,1,0,1,0.0,9,8,1,0,1,0.0,9,0.0,0.0
2020-11-30,2020-21,SerieA,Torino,Sampdoria,8,1,0,1,0.0,8,8,1,0,1,0.0,8,0.0,0.5
2020-11-30,2020-21,LaLiga,Betis,Eibar,7,1,0,1,-0.05,10,8,1,0,1,0.05,10,-1.0,0.0
2020-11-30,2020-21,SerieA,Genoa,Parma,8,1,0,1,0.0,8,8,1,0,1,0.0,8,0.0,0.0
2020-12-04,2020-21,LaLiga,Ath Bilbao,Celta,5,2,1,2,0.0,10,5,2,1,2,0.0,11,0.0,0.0
2020-12-04,2020-21,Ligue1,Nimes,Marseille,5,2,1,2,-0.05,12,6,1,1,1,0.05,10,-1.0,0.0
2020-12-04,2020-21,Bundesliga,Hertha,Union Berlin,5,2,1,2,-0.05,9,6,2,1,2,0.05,9,-1.0,1.0
2020-12-05,2020-21,SerieA,Spezia,Lazio,6,2,1,1,0.0,9,6,2,1,1,0.0,9,0.0,0.0
2020-12-05,2020-21,EPL,Burnley,Everton,7,2,0,2,0.0,9,7,2,0,2,0.0,10,0.0,0.5
2020-12-05,2020-21,EPL,Man City,Fulham,7,2,0,1,0.1,9,5,2,1,2,-0.1,10,2.0,1.0
2020-12-05,2020-21,EPL,West Ham,Man United,5,2,1,2,-0.05,10,6,2,1,1,0.05,9,-1.0,0.0
2020-12-05,2020-21,SerieA,Inter,Bologna,7,2,0,2,0.05,9,6,2,1,2,-0.05,9,1.0,1.0
2020-12-05,2020-21,Bundesliga,Bayern Munich,RB Leipzig,7,2,0,1,0.0,9,7,2,0,1,0.0,9,0.0,0.5
2020-12-05,2020-21,Bundesliga,Freiburg,M'gladbach,7,2,0,2,0.0,9,7,2,0,1,0.0,9,0.0,0.5
2020-12-05,2020-21,Bundesliga,FC Koln,Wolfsburg,7,2,0,2,-0.05,9,8,2,0,1,0.05,9,-1.0,0.5
2020-12-05,2020-21,Bundesliga,Ein Frankfurt,Dortmund,7,2,0,1,0.0,9,7,2,0,1,0.0,9,0.0,0.5
2020-12-05,2020-21,EPL,Chelsea,Leeds,6,2,1,1,-0.05,10,7,2,0,2,0.05,10,-1.0,1.0
2020-12-05,2020-21,Bundesliga,Bielefeld,Mainz,7,2,0,1,0.05,9,6,2,1,2,-0.05,9,1.0,1.0
2020-12-05,2020-21,SerieA,Juventus,Torino,7,2,0,1,0.1,8,5,2,1,2,-0.1,9,2.0,1.0
2020-12-05,2020-21,Ligue1,Montpellier,Paris SG,6,2,1,2,-0.05,12,7,2,0,1,0.05,12,-1.0,0.0
2020-12-05,2020-21,LaLiga,Cadiz,Barcelona,7,2,0,2,0.05,11,6,2,1,1,-0.05,9,1.0,1.0
2020-12-05,2020-21,Ligue1,Rennes,Lens,8,2,0,1,0.1,12,6,3,1,3,-0.3,11,2.0,0.0
2020-12-05,2020-21,LaLiga,Sevilla,Real Madrid,7,2,0,1,0.0,9,7,2,0,1,0.0,10,0.0,0.0
2020-12-05,2020-21,LaLiga,Levante,Getafe,8,2,0,1,0.1,10,6,2,1,2,-0.1,10,2.0,1.0
2020-12-05,2020-21,LaLiga,Ath Madrid,Valladolid,7,2,0,1,-0.05,9,8,2,0,2,0.05,11,-1.0,1.0
2020-12-06,2020-21,SerieA,Crotone,Napoli,7,2,0,1,0.0,9,7,2,0,1,0.0,8,0.0,0.0
2020-12-06,2020-21,SerieA,Roma,Sassuolo,7,2,0,1,-0.05,9,8,2,0,1,0.05,9,-1.0,0.5
2020-12-06,2020-21,SerieA,Parma,Benevento,6,2,1,1,-0.1,9,8,2,0,1,0.1,9,-2.0,0.5
2020-12-06,2020-21,SerieA,Verona,Cagliari,8,2,0,1,0.05,9,7,2,0,1,-0.05,9,1.0,0.5
2020-12-06,2020-21,LaLiga,Granada,Huesca,7,2,0,1,-0.05,10,8,2,0,1,0.05,11,-1.0,0.5
2020-12-06,2020-21,LaLiga,Osasuna,Betis,7,2,0,1,0.05,10,6,2,1,2,-0.05,11,1.0,0.0
2020-12-06,2020-21,LaLiga,Villarreal,Elche,7,2,0,1,-0.05,11,8,2,0,1,0.05,9,-1.0,0.5
2020-12-06,2020-21,LaLiga,Alaves,Sociedad,8,2,0,1,0.05,11,7,2,0,1,-0.05,11,1.0,0.5
2020-12-06,2020-21,Ligue1,Metz,Lyon,7,2,0,1,0.0,12,7,2,0,1,0.0,12,0.0,0.0
2020-12-06,2020-21,Ligue1,Reims,Nice,7,2,0,1,0.0,12,7,1,0,1,0.0,11,0.0,0.5
2020-12-06,2020-21,SerieA,Sampdoria,Milan,6,2,1,1,-0.05,9,7,2,0,1,0.05,9,-1.0,0.0
2020-12-06,2020-21,Bundesliga,Schalke 04,Leverkusen,8,2,0,1,0.05,9,7,2,0,1,-0.05,9,1.0,0.0
2020-12-06,2020-21,Bundesliga,Werder Bremen,Stuttgart,9,2,0,1,0.05,9,8,2,0,1,-0.05,9,1.0,0.0
2020-12-06,2020-21,EPL,Liverpool,Wolves,8,2,0,1,0.05,10,7,2,0,2,-0.05,10,1.0,1.0
2020-12-06,2020-21,Ligue1,Dijon,St Etienne,7,2,0,1,0.0,12,7,2,0,1,0.0,12,0.0,0.5
2020-12-06,2020-21,EPL,Tottenham,Arsenal,7,2,0,1,0.0,10,7,2,0,1,0.0,10,0.0,1.0
2020-12-06,2020-21,EPL,Sheffield United,Leicester,8,2,0,1,0.1,10,6,2,1,1,-0.1,10,2.0,0.0
2020-12-06,2020-21,Ligue1,Bordeaux,Brest,8,2,0,1,0.05,12,7,2,0,1,-0.05,12,1.0,1.0
2020-12-06,2020-21,EPL,West Brom,Crystal Palace,8,2,0,1,-0.05,10,9,2,0,2,0.05,10,-1.0,0.0
2020-12-06,2020-21,Ligue1,Angers,Lorient,7,2,0,1,0.0,12,7,2,0,1,0.0,12,0.0,1.0
2020-12-06,2020-21,Ligue1,Lille,Monaco,7,2,0,1,0.0,12,7,2,0,1,0.0,12,0.0,1.0
2020-12-06,2020-21,Ligue1,Nantes,Strasbourg,8,3,0,2,-0.25,12,9,2,0,1,0.05,12,-1.0,0.0
2020-12-07,2020-21,LaLiga,Eibar,Valencia,7,2,0,1,-0.1,11,9,2,0,1,0.1,11,-2.0,0.5
2020-12-07,2020-21,SerieA,Fiorentina,Genoa,8,2,0,1,0.05,9,7,2,0,1,-0.05,9,1.0,0.5
2020-12-07,2020-21,Bundesliga,Hoffenheim,Augsburg,8,2,0,1,-0.05,9,9,2,0,1,0.05,9,-1.0,1.0
2020-12-07,2020-21,EPL,Brighton,Southampton,9,2,0,1,0.05,10,8,2,0,1,-0.05,10,1.0,0.0
2020-12-11,2020-21,Ligue1,St Etienne,Angers,5,3,1,2,-0.2,13,5,3,1,2,-0.2,13,0.0,0.5
2020-12-11,2020-21,EPL,Leeds,West Ham,6,3,1,2,-0.2,11,6,3,1,2,-0.2,11,0.0,0.0
2020-12-11,2020-21,LaLiga,Valladolid,Osasuna,6,3,1,1,-0.15,12,5,2,1,2,-0.05,11,1.0,1.0
2020-12-11,2020-21,SerieA,Sassuolo,Benevento,5,3,1,2,-0.2,10,5,3,1,2,-0.2,10,0.0,1.0
2020-12-11,2020-21,Bundesliga,Wolfsburg,Ein Frankfurt,6,3,1,1,-0.2,10,6,3,1,2,-0.2,10,0.0,1.0
2020-12-12,2020-21,Bundesliga,Dortmund,Stuttgart,7,2,0,1,0.05,10,6,2,1,1,-0.05,10,1.0,0.0
2020-12-12,2020-21,Bundesliga,Freiburg,Bielefeld,7,3,0,1,-0.2,10,7,2,0,1,0.0,10,0.0,1.0
2020-12-12,2020-21,EPL,Man United,Man City,7,2,0,2,0.0,10,7,2,0,1,0.0,10,0.0,0.5
2020-12-12,2020-21,EPL,Everton,Chelsea,7,3,0,1,-0.2,11,7,2,0,2,0.0,11,0.0,1.0
2020-12-12,2020-21,Ligue1,Lens,Montpellier,7,4,0,2,-0.4,12,7,3,0,2,-0.2,13,0.0,0.0
2020-12-12,2020-21,Ligue1,Marseille,Monaco,8,2,0,1,0.1,11,6,2,1,2,-0.1,13,2.0,1.0
2020-12-12,2020-21,Bundesliga,Union Berlin,Bayern Munich,8,3,0,1,-0.15,10,7,2,0,1,-0.05,10,1.0,0.5
2020-12-12,2020-21,Bundesliga,M'gladbach,Hertha,7,2,0,1,-0.05,10,8,2,0,2,0.05,10,-1.0,0.5
2020-12-12,2020-21,Bundesliga,Mainz,FC Koln,7,3,0,2,-0.2,10,7,3,0,1,-0.2,10,0.0,0.0
2020-12-12,2020-21,EPL,Wolves,Aston Villa,6,3,1,2,-0.5,11,12,1,0,1,0.3,9,-6.0,0.0
2020-12-12,2020-21,EPL,Newcastle,West Brom,15,1,0,0,0.45,10,6,2,1,1,-0.45,11,9.0,1.0
2020-12-12,2020-21,Bundesliga,RB Leipzig,Werder Bremen,7,2,0,1,0.05,10,6,2,1,1,-0.05,10,1.0,1.0
2020-12-12,2020-21,SerieA,Torino,Udinese,7,3,0,2,-0.5,10,13,2,0,1,0.3,9,-6.0,0.0
2020-12-12,2020-21,LaLiga,Real Madrid,Ath Madrid,7,2,0,1,0.0,11,7,2,0,1,0.0,10,0.0,1.0
2020-12-12,2020-21,LaLiga,Huesca,Alaves,6,2,1,1,0.0,12,6,3,1,1,-0.2,12,0.0,1.0
2020-12-12,2020-21,SerieA,Crotone,Spezia,6,2,1,2,-0.05,10,7,2,0,2,0.05,10,-1.0,1.0
2020-12-12,2020-21,LaLiga,Valencia,Ath Bilbao,5,3,1,1,-0.35,12,8,3,0,2,-0.05,11,-3.0,0.5
2020-12-12,2020-21,LaLiga,Getafe,Sevilla,7,3,0,2,-0.2,11,7,2,0,1,0.0,10,0.0,0.0
2020-12-12,2020-21,SerieA,Lazio,Verona,7,2,0,2,0.05,10,6,3,1,1,-0.25,10,1.0,0.0
2020-12-13,2020-21,SerieA,Napoli,Sampdoria,7,2,0,1,0.0,9,7,2,0,2,0.0,10,0.0,1.0
2020-12-13,2020-21,EPL,Leicester,Brighton,7,2,0,2,0.05,11,6,2,1,1,-0.05,11,1.0,1.0
2020-12-13,2020-21,EPL,Arsenal,Burnley,7,2,0,1,-0.05,11,8,3,0,1,-0.15,10,-1.0,0.0
2020-12-13,2020-21,EPL,Fulham,Liverpool,8,2,0,2,0.05,11,7,2,0,1,-0.05,11,1.0,0.5
2020-12-13,2020-21,EPL,Crystal Palace,Tottenham,7,3,0,1,-0.2,11,7,2,0,1,0.0,11,0.0,0.5
2020-12-13,2020-21,EPL,Southampton,Sheffield United,6,3,1,1,-0.25,11,7,2,0,1,0.05,11,-1.0,1.0
2020-12-13,2020-21,Bundesliga,Leverkusen,Hoffenheim,7,2,0,1,0.05,10,6,2,1,1,-0.05,10,1.0,1.0
2020-12-13,2020-21,Bundesliga,Augsburg,Schalke 04,6,2,1,1,-0.05,10,7,2,0,1,0.05,10,-1.0,0.5
2020-12-13,2020-21,LaLiga,Barcelona,Levante,8,2,0,1,0.0,10,8,2,0,1,0.0,11,0.0,1.0
2020-12-13,2020-21,LaLiga,Elche,Granada,7,2,0,1,0.0,10,7,2,0,1,0.0,11,0.0,0.0
2020-12-13,2020-21,LaLiga,Betis,Villarreal,7,3,0,2,-0.2,12,7,2,0,1,0.0,12,0.0,0.5
2020-12-13,2020-21,SerieA,Bologna,Roma,8,2,0,1,0.05,10,7,2,0,1,-0.05,10,1.0,0.0
2020-12-13,2020-21,LaLiga,Sociedad,Eibar,7,2,0,1,0.05,12,6,2,1,2,-0.05,12,1.0,0.5
2020-12-13,2020-21,SerieA,Cagliari,Inter,7,2,0,1,-0.05,10,8,2,0,1,0.05,10,-1.0,0.0
2020-12-13,2020-21,SerieA,Atalanta,Fiorentina,15,1,0,0,0.45,9,6,2,1,1,-0.45,10,9.0,1.0
2020-12-13,2020-21,Ligue1,Nice,Rennes,7,2,0,1,-0.05,12,8,2,0,1,0.05,13,-1.0,0.0
2020-12-13,2020-21,Ligue1,Brest,Reims,7,2,0,1,0.0,13,7,2,0,1,0.0,13,0.0,1.0
2020-12-13,2020-21,Ligue1,Lorient,Nimes,7,2,0,1,-0.1,13,9,2,0,1,0.1,13,-2.0,1.0
2020-12-13,2020-21,Ligue1,Nantes,Dijon,7,3,0,1,-0.2,13,7,2,0,1,0.0,13,0.0,0.5
2020-12-13,2020-21,Ligue1,Strasbourg,Metz,7,2,0,1,0.0,13,7,2,0,1,0.0,13,0.0,0.5
2020-12-13,2020-21,Ligue1,Lille,Bordeaux,7,2,0,1,0.0,13,7,2,0,1,0.0,13,0.0,1.0
2020-12-13,2020-21,SerieA,Milan,Parma,7,2,0,1,0.0,10,7,2,0,2,0.0,10,0.0,0.5
2020-12-13,2020-21,SerieA,Genoa,Juventus,6,2,1,2,-0.1,10,8,2,0,1,0.1,9,-2.0,0.0
2020-12-13,2020-21,Ligue1,Paris SG,Lyon,8,2,0,1,0.05,13,7,2,0,1,-0.05,13,1.0,0.0
2020-12-14,2020-21,LaLiga,Celta,Cadiz,10,2,0,1,0.05,12,9,2,0,1,-0.05,12,1.0,1.0
2020-12-15,2020-21,LaLiga,Real Madrid,Ath Bilbao,3,3,1,2,-0.6,12,3,3,1,2,-0.6,12,0.0,1.0
2020-12-15,2020-21,EPL,Man City,West Brom,3,3,1,2,-0.6,11,3,3,1,2,-0.6,12,0.0,0.5
2020-12-15,2020-21,EPL,Wolves,Chelsea,3,3,1,2,-0.6,12,3,3,1,2,-0.6,12,0.0,1.0
2020-12-15,2020-21,Bundesliga,Hertha,Mainz,3,3,1,2,-0.6,11,3,3,1,2,-0.6,11,0.0,0.5
2020-12-15,2020-21,Bundesliga,Werder Bremen,Dortmund,3,3,1,2,-0.6,11,3,3,1,2,-0.6,11,0.0,0.0
2020-12-15,2020-21,Bundesliga,Stuttgart,Union Berlin,3,3,1,2,-0.6,11,3,3,1,2,-0.6,11,0.0,0.5
2020-12-15,2020-21,Bundesliga,Ein Frankfurt,M'gladbach,4,3,1,2,-0.15,11,3,3,1,2,-0.65,11,1.0,0.5
2020-12-15,2020-21,SerieA,Benevento,Lazio,4,3,1,2,-0.15,11,3,3,1,2,-0.65,11,1.0,0.5
2020-12-15,2020-21,SerieA,Udinese,Crotone,3,2,1,1,-0.4,10,3,3,1,2,-0.6,11,0.0,0.5
2020-12-16,2020-21,Bundesliga,Schalke 04,Freiburg,3,3,1,2,-0.65,11,4,3,1,2,-0.15,11,-1.0,0.0
2020-12-16,2020-21,SerieA,Spezia,Bologna,4,3,1,2,-0.15,11,3,3,1,2,-0.65,11,1.0,0.5
2020-12-16,2020-21,Ligue1,Rennes,Marseille,3,3,1,2,-0.65,14,4,3,1,2,-0.15,12,-1.0,1.0
2020-12-16,2020-21,Ligue1,Paris SG,Lorient,3,3,1,2,-0.6,14,3,3,1,2,-0.6,14,0.0,1.0
2020-12-16,2020-21,Ligue1,Monaco,Lens,4,3,1,2,-0.2,14,4,3,1,2,-0.2,13,0.0,0.0
2020-12-16,2020-21,Ligue1,Lyon,Brest,3,3,1,2,-0.6,14,3,3,1,2,-0.6,14,0.0,0.5
2020-12-16,2020-21,Ligue1,Bordeaux,St Etienne,3,3,1,2,-0.7,14,5,3,1,2,-0.1,14,-2.0,0.0
2020-12-16,2020-21,Ligue1,Reims,Nantes,3,3,1,2,-0.6,14,3,3,1,2,-0.6,14,0.0,1.0
2020-12-16,2020-21,Ligue1,Nimes,Nice,3,3,1,2,-0.6,14,3,3,1,2,-0.6,13,0.0,0.0
2020-12-16,2020-21,Ligue1,Montpellier,Metz,4,3,1,2,-0.15,14,3,3,1,2,-0.65,14,1.0,0.0
2020-12-16,2020-21,Ligue1,Dijon,Lille,3,3,1,2,-0.6,14,3,3,1,2,-0.6,14,0.0,0.0
2020-12-16,2020-21,Ligue1,Angers,Strasbourg,5,3,1,2,-0.1,14,3,3,1,2,-0.7,14,2.0,0.0
2020-12-16,2020-21,Bundesliga,FC Koln,Leverkusen,4,3,1,2,-0.15,11,3,3,1,2,-0.65,11,1.0,0.0
2020-12-16,2020-21,SerieA,Juventus,Atalanta,3,3,1,2,-0.6,10,3,2,1,1,-0.4,10,0.0,0.5
2020-12-16,2020-21,LaLiga,Barcelona,Sociedad,3,3,1,2,-0.6,11,3,3,1,2,-0.6,13,0.0,1.0
2020-12-16,2020-21,SerieA,Fiorentina,Sassuolo,3,3,1,2,-0.7,11,5,3,1,2,-0.1,11,-2.0,0.5
2020-12-16,2020-21,SerieA,Genoa,Milan,3,3,1,2,-0.6,11,3,3,1,2,-0.6,11,0.0,0.5
2020-12-16,2020-21,SerieA,Inter,Napoli,3,3,1,2,-0.6,11,3,3,1,2,-0.6,10,0.0,1.0
2020-12-16,2020-21,SerieA,Verona,Sampdoria,4,3,1,2,-0.15,11,3,3,1,2,-0.65,11,1.0,0.0
2020-12-16,2020-21,Bundesliga,Bayern Munich,Wolfsburg,4,3,1,2,-0.25,11,5,3,1,2,-0.15,11,-1.0,1.0
2020-12-16,2020-21,Bundesliga,Bielefeld,Augsburg,4,3,1,2,-0.15,11,3,3,1,2,-0.65,11,1.0,0.0
2020-12-16,2020-21,Bundesliga,Hoffenheim,RB Leipzig,3,3,1,2,-0.65,11,4,3,1,2,-0.15,11,-1.0,0.0
2020-12-16,2020-21,EPL,Leeds,Newcastle,5,3,1,2,-0.15,12,4,2,1,1,-0.05,11,1.0,1.0
2020-12-16,2020-21,EPL,Arsenal,Southampton,3,3,1,2,-0.6,12,3,3,1,2,-0.6,12,0.0,0.5
2020-12-16,2020-21,EPL,West Ham,Crystal Palace,5,3,1,2,-0.1,12,3,3,1,2,-0.7,12,2.0,0.5
2020-12-16,2020-21,SerieA,Parma,Cagliari,3,3,1,2,-0.6,11,3,3,1,2,-0.6,11,0.0,0.5
2020-12-16,2020-21,EPL,Fulham,Brighton,3,3,1,2,-0.6,12,3,3,1,2,-0.6,12,0.0,0.5
2020-12-16,2020-21,EPL,Leicester,Everton,3,3,1,2,-0.65,12,4,3,1,2,-0.15,12,-1.0,0.0
2020-12-16,2020-21,EPL,Liverpool,Tottenham,3,3,1,2,-0.6,12,3,3,1,2,-0.6,12,0.0,1.0
2020-12-17,2020-21,EPL,Aston Villa,Burnley,5,2,1,1,0.05,10,4,3,1,2,-0.25,11,1.0,0.5
2020-12-17,2020-21,EPL,Sheffield United,Man United,4,3,1,2,-0.25,12,5,3,1,2,-0.15,11,-1.0,0.0
2020-12-17,2020-21,SerieA,Roma,Torino,4,3,1,2,-0.25,11,5,3,1,2,-0.15,11,-1.0,1.0
2020-12-18,2020-21,Bundesliga,Union Berlin,Dortmund,3,4,2,2,-0.8,12,3,4,2,3,-0.8,12,0.0,1.0
2020-12-18,2020-21,LaLiga,Ath Bilbao,Huesca,3,4,2,2,-0.95,13,6,3,1,2,-0.05,13,-3.0,1.0
2020-12-19,2020-21,LaLiga,Levante,Sociedad,6,2,1,1,0.15,12,3,4,2,3,-0.95,14,3.0,1.0
2020-12-19,2020-21,LaLiga,Barcelona,Valencia,3,4,2,2,-1.0,12,7,2,0,2,0.2,13,-4.0,0.5
2020-12-19,2020-21,LaLiga,Ath Madrid,Elche,7,2,0,1,0.05,11,6,2,1,2,-0.05,11,1.0,1.0
2020-12-19,2020-21,Bundesliga,Mainz,Werder Bremen,4,4,1,2,-0.4,12,4,3,1,3,-0.2,12,0.0,0.0
2020-12-19,2020-21,Bundesliga,M'gladbach,Hoffenheim,4,3,1,2,-0.15,12,3,4,2,3,-0.85,12,1.0,0.0
2020-12-19,2020-21,Bundesliga,Augsburg,Ein Frankfurt,3,3,2,3,-0.65,12,4,3,1,2,-0.15,12,-1.0,0.0
2020-12-19,2020-21,SerieA,Parma,Juventus,3,4,2,3,-0.8,12,3,3,2,2,-0.6,11,0.0,0.0
2020-12-19,2020-21,SerieA,Sampdoria,Crotone,3,4,2,3,-0.85,12,4,4,1,3,-0.35,12,-1.0,1.0
2020-12-19,2020-21,SerieA,Fiorentina,Verona,3,4,2,3,-0.8,12,3,3,1,3,-0.6,12,0.0,0.5
2020-12-19,2020-21,Bundesliga,RB Leipzig,FC Koln,3,3,1,2,-0.6,12,3,3,1,2,-0.6,12,0.0,0.5
2020-12-19,2020-21,LaLiga,Osasuna,Villarreal,8,3,0,2,-0.1,12,6,3,1,2,-0.3,13,2.0,0.0
2020-12-19,2020-21,Bundesliga,Schalke 04,Bielefeld,3,3,2,3,-0.6,12,3,3,1,2,-0.6,12,0.0,0.0
2020-12-19,2020-21,Bundesliga,Leverkusen,Bayern Munich,3,4,2,3,-0.8,12,3,3,1,2,-0.6,12,0.0,0.0
2020-12-19,2020-21,Ligue1,Nice,Lyon,3,4,2,3,-0.8,14,3,4,2,3,-0.8,15,0.0,0.0
2020-12-19,2020-21,Ligue1,Marseille,Reims,3,3,1,2,-0.6,13,3,4,2,3,-0.8,15,0.0,0.5
2020-12-19,2020-21,Ligue1,Metz,Lens,3,4,2,3,-0.8,15,3,4,1,2,-0.8,14,0.0,1.0
2020-12-19,2020-21,EPL,Newcastle,Fulham,3,2,1,2,-0.4,12,3,4,2,2,-0.8,13,0.0,0.5
2020-12-19,2020-21,EPL,Everton,Arsenal,3,3,1,2,-0.6,13,3,4,2,3,-0.8,13,0.0,1.0
2020-12-19,2020-21,EPL,Southampton,Man City,3,4,2,3,-0.85,13,4,3,1,2,-0.15,12,-1.0,0.0
2020-12-19,2020-21,EPL,Crystal Palace,Liverpool,3,3,2,3,-0.6,13,3,3,2,3,-0.6,13,0.0,0.0
2020-12-19,2020-21,LaLiga,Sevilla,Valladolid,7,2,0,1,-0.05,11,8,2,0,1,0.05,13,-1.0,0.5
2020-12-20,2020-21,Ligue1,St Etienne,Nimes,4,3,1,2,-0.2,15,4,3,1,2,-0.2,15,0.0,0.5
2020-12-20,2020-21,Ligue1,Lorient,Rennes,4,3,1,2,-0.2,15,4,3,1,2,-0.2,15,0.0,0.0
2020-12-20,2020-21,Ligue1,Nantes,Angers,4,3,1,2,-0.2,15,4,3,1,2,-0.2,15,0.0,0.5
2020-12-20,2020-21,Ligue1,Dijon,Monaco,4,3,1,2,-0.2,15,4,3,1,2,-0.2,15,0.0,0.0
2020-12-20,2020-21,Ligue1,Brest,Montpellier,4,3,1,2,-0.2,15,4,3,1,2,-0.2,15,0.0,0.5
2020-12-20,2020-21,Ligue1,Strasbourg,Bordeaux,4,3,1,2,-0.2,15,4,3,1,2,-0.2,15,0.0,0.0
2020-12-20,2020-21,LaLiga,Eibar,Real Madrid,7,3,0,2,-0.1,13,5,3,1,2,-0.3,13,2.0,0.0
2020-12-20,2020-21,SerieA,Benevento,Genoa,5,3,1,2,-0.15,12,4,4,1,3,-0.45,12,1.0,1.0
2020-12-20,2020-21,Bundesliga,Freiburg,Hertha,4,3,1,2,-0.25,12,5,3,1,2,-0.15,12,-1.0,1.0
2020-12-20,2020-21,Bundesliga,Wolfsburg,Stuttgart,4,3,1,2,-0.25,12,5,3,1,2,-0.15,12,-1.0,1.0
2020-12-20,2020-21,EPL,West Brom,Aston Villa,5,3,1,2,-0.1,13,3,3,1,2,-0.7,11,2.0,0.0
2020-12-20,2020-21,EPL,Man United,Leeds,3,3,1,2,-0.65,12,4,3,1,2,-0.15,13,-1.0,1.0
2020-12-20,2020-21,EPL,Tottenham,Leicester,4,3,1,2,-0.2,13,4,4,1,2,-0.4,13,0.0,0.0
2020-12-20,2020-21,EPL,Brighton,Sheffield United,4,3,1,3,-0.15,13,3,3,1,2,-0.65,13,1.0,0.5
2020-12-20,2020-21,SerieA,Inter,Spezia,4,3,1,2,-0.2,12,4,3,1,2,-0.2,12,0.0,1.0
2020-12-20,2020-21,SerieA,Sassuolo,Milan,4,3,1,2,-0.2,12,4,3,1,2,-0.2,12,0.0,0.0
2020-12-20,2020-21,SerieA,Atalanta,Roma,4,2,1,2,0.05,11,3,3,1,2,-0.65,12,1.0,1.0
2020-12-20,2020-21,SerieA,Torino,Bologna,3,4,1,2,-0.85,12,4,3,1,2,-0.15,12,-1.0,0.5
2020-12-20,2020-21,SerieA,Lazio,Napoli,5,3,1,2,-0.15,12,4,3,1,2,-0.25,11,1.0,1.0
2020-12-20,2020-21,LaLiga,Cadiz,Getafe,6,2,1,1,-0.1,13,8,2,0,1,0.1,12,-2.0,0.0
2020-12-20,2020-21,LaLiga,Granada,Betis,7,2,0,1,0.0,12,7,3,0,1,-0.2,13,0.0,1.0
2020-12-20,2020-21,LaLiga,Celta,Alaves,6,2,1,1,-0.1,13,8,2,0,1,0.1,13,-2.0,1.0
2020-12-20,2020-21,SerieA,Cagliari,Udinese,4,3,1,2,-0.25,12,5,2,1,2,0.05,11,-1.0,0.5
2020-12-20,2020-21,Ligue1,Lille,Paris SG,4,3,1,2,-0.2,15,4,3,1,2,-0.2,15,0.0,0.5
2020-12-21,2020-21,EPL,Burnley,Wolves,4,3,1,2,-0.3,12,6,3,1,2,-0.1,13,-2.0,1.0
2020-12-21,2020-21,EPL,Chelsea,West Ham,6,3,1,2,-0.15,13,5,3,1,2,-0.25,13,1.0,1.0
2020-12-22,2020-21,SerieA,Juventus,Fiorentina,3,4,2,3,-0.8,12,3,4,2,3,-0.8,13,0.0,0.0
2020-12-22,2020-21,LaLiga,Villarreal,Ath Bilbao,3,3,1,2,-0.65,14,4,4,1,3,-0.35,14,-1.0,0.5
2020-12-22,2020-21,LaLiga,Valladolid,Barcelona,3,3,1,2,-0.6,14,3,4,2,3,-0.8,13,0.0,0.0
2020-12-22,2020-21,LaLiga,Huesca,Levante,4,3,1,2,-0.15,14,3,3,1,2,-0.65,13,1.0,0.5
2020-12-22,2020-21,LaLiga,Valencia,Sevilla,3,3,1,2,-0.6,14,3,3,1,2,-0.6,12,0.0,0.0
2020-12-22,2020-21,LaLiga,Elche,Osasuna,3,3,1,2,-0.6,12,3,3,1,2,-0.6,13,0.0,0.5
2020-12-22,2020-21,SerieA,Crotone,Parma,3,4,1,3,-0.8,13,3,4,2,3,-0.8,13,0.0,1.0
2020-12-22,2020-21,LaLiga,Sociedad,Ath Madrid,3,4,2,3,-0.8,15,3,3,1,2,-0.6,12,0.0,0.0
2020-12-23,2020-21,Ligue1,Rennes,Metz,3,4,1,3,-0.85,16,4,4,1,3,-0.35,16,-1.0,1.0
2020-12-23,2020-21,Ligue1,Angers,Marseille,3,4,1,3,-0.85,16,4,4,1,3,-0.35,14,-1.0,1.0
2020-12-23,2020-21,Ligue1,Lyon,Nantes,4,4,1,3,-0.35,16,3,4,1,3,-0.85,16,1.0,1.0
2020-12-23,2020-21,Ligue1,Monaco,St Etienne,3,4,1,3,-0.8,16,3,4,1,3,-0.8,16,0.0,0.5
2020-12-23,2020-21,Ligue1,Montpellier,Lille,3,4,1,3,-0.8,16,3,4,1,3,-0.8,16,0.0,0.0
2020-12-23,2020-21,SerieA,Udinese,Benevento,3,3,1,3,-0.6,12,3,4,1,3,-0.8,13,0.0,0.0
2020-12-23,2020-21,SerieA,Spezia,Genoa,3,4,1,3,-0.8,13,3,4,1,3,-0.8,13,0.0,0.0
2020-12-23,2020-21,SerieA,Sampdoria,Sassuolo,4,4,1,3,-0.35,13,3,4,1,3,-0.85,13,1.0,0.0
2020-12-23,2020-21,SerieA,Roma,Cagliari,3,4,2,3,-0.8,13,3,4,1,3,-0.8,13,0.0,1.0
2020-12-23,2020-21,SerieA,Napoli,Torino,3,4,1,3,-0.8,12,3,4,2,3,-0.8,13,0.0,0.5
2020-12-23,2020-21,SerieA,Milan,Lazio,3,4,1,3,-0.8,13,3,4,1,3,-0.8,13,0.0,1.0
2020-12-23,2020-21,SerieA,Bologna,Atalanta,3,4,1,3,-0.8,13,3,3,1,3,-0.6,12,0.0,0.5
2020-12-23,2020-21,SerieA,Verona,Inter,4,4,1,3,-0.35,13,3,4,1,3,-0.85,13,1.0,0.0
2020-12-23,2020-21,LaLiga,Getafe,Celta,3,3,1,2,-0.6,13,3,3,1,2,-0.6,14,0.0,0.5
2020-12-23,2020-21,LaLiga,Betis,Cadiz,3,3,1,2,-0.6,14,3,3,1,2,-0.6,14,0.0,1.0
2020-12-23,2020-21,Ligue1,Nimes,Dijon,3,4,1,3,-0.8,16,3,4,1,3,-0.8,16,0.0,0.0
2020-12-23,2020-21,Ligue1,Nice,Lorient,4,4,1,3,-0.35,15,3,4,1,3,-0.85,16,1.0,0.5
2020-12-23,2020-21,Ligue1,Lens,Brest,4,4,1,3,-0.35,15,3,4,1,3,-0.85,16,1.0,1.0
2020-12-23,2020-21,Ligue1,Bordeaux,Reims,3,4,1,3,-0.85,16,4,4,1,3,-0.35,16,-1.0,0.0
2020-12-23,2020-21,Ligue1,Paris SG,Strasbourg,3,4,1,3,-0.8,16,3,4,1,3,-0.8,16,0.0,1.0
2020-12-23,2020-21,LaLiga,Alaves,Eibar,3,3,1,2,-0.6,14,3,3,1,2,-0.6,14,0.0,1.0
2020-12-23,2020-21,LaLiga,Real Madrid,Granada,3,4,1,3,-0.8,14,3,3,1,2,-0.6,13,0.0,1.0
2020-12-26,2020-21,EPL,Leicester,Man United,6,4,1,3,-0.4,14,6,3,1,2,-0.2,13,0.0,0.5
2020-12-26,2020-21,EPL,Sheffield United,Everton,6,4,1,3,-0.45,14,7,3,0,2,-0.15,14,-1.0,0.0
2020-12-26,2020-21,EPL,Man City,Newcastle,7,3,0,2,-0.2,13,7,3,0,2,-0.2,13,0.0,1.0
2020-12-26,2020-21,EPL,Arsenal,Chelsea,7,4,0,3,-0.3,14,5,3,1,2,-0.3,14,2.0,1.0
2020-12-26,2020-21,EPL,Aston Villa,Crystal Palace,6,3,1,2,-0.25,12,7,4,0,3,-0.35,14,-1.0,1.0
2020-12-26,2020-21,EPL,Fulham,Southampton,7,3,0,3,-0.2,14,7,4,0,3,-0.4,14,0.0,0.5
2020-12-27,2020-21,EPL,Wolves,Tottenham,6,3,1,2,-0.25,14,7,3,0,2,-0.15,14,-1.0,0.5
2020-12-27,2020-21,EPL,West Ham,Brighton,6,3,1,2,-0.25,14,7,4,0,2,-0.35,14,-1.0,0.5
2020-12-27,2020-21,EPL,Liverpool,West Brom,8,3,0,2,-0.15,14,7,3,0,2,-0.25,14,1.0,0.5
2020-12-27,2020-21,EPL,Leeds,Burnley,7,3,0,2,-0.15,14,6,3,1,2,-0.25,13,1.0,1.0
2020-12-28,2020-21,EPL,Crystal Palace,Leicester,2,4,1,3,-0.8,15,2,4,1,3,-0.8,15,0.0,0.5
2020-12-28,2020-21,EPL,Chelsea,Aston Villa,2,4,1,3,-0.8,15,2,4,1,3,-0.8,13,0.0,0.5
2020-12-29,2020-21,EPL,Man United,Wolves,3,4,1,3,-0.75,14,2,4,1,2,-0.85,15,1.0,1.0
2020-12-29,2020-21,EPL,West Brom,Leeds,2,4,1,2,-0.8,15,2,4,1,3,-0.8,15,0.0,0.0
2020-12-29,2020-21,EPL,Southampton,West Ham,3,4,1,3,-0.75,15,2,4,1,3,-0.85,15,1.0,0.5
2020-12-29,2020-21,LaLiga,Sevilla,Villarreal,7,3,0,2,-0.2,13,7,3,0,2,-0.2,15,0.0,1.0
2020-12-29,2020-21,LaLiga,Barcelona,Eibar,7,4,0,3,-0.35,14,6,3,1,2,-0.25,15,1.0,0.5
2020-12-29,2020-21,EPL,Burnley,Sheffield United,2,4,1,3,-0.85,14,3,4,1,3,-0.75,15,-1.0,1.0
2020-12-29,2020-21,EPL,Brighton,Arsenal,2,4,1,3,-0.85,15,3,4,1,3,-0.75,15,-1.0,0.0
2020-12-29,2020-21,LaLiga,Cadiz,Valladolid,6,3,1,2,-0.25,15,7,3,0,2,-0.15,15,-1.0,0.5
2020-12-29,2020-21,LaLiga,Levante,Betis,7,3,0,2,-0.15,14,6,3,1,2,-0.25,15,1.0,1.0
2020-12-30,2020-21,LaLiga,Elche,Real Madrid,8,3,0,2,-0.15,13,7,4,0,2,-0.45,15,1.0,0.5
2020-12-30,2020-21,LaLiga,Celta,Huesca,7,3,0,2,-0.25,15,8,3,0,2,-0.15,15,-1.0,1.0
2020-12-30,2020-21,LaLiga,Ath Madrid,Getafe,8,3,0,2,-0.15,13,7,3,0,2,-0.25,14,1.0,1.0
2020-12-30,2020-21,EPL,Newcastle,Liverpool,4,4,1,2,-0.35,14,3,4,1,2,-0.85,15,1.0,0.5
2020-12-30,2020-21,LaLiga,Granada,Valencia,7,3,0,2,-0.25,14,8,3,0,2,-0.15,15,-1.0,1.0
2020-12-31,2020-21,LaLiga,Osasuna,Alaves,9,3,0,2,-0.15,14,8,3,0,2,-0.25,15,1.0,0.5
2020-12-31,2020-21,LaLiga,Ath Bilbao,Sociedad,9,4,0,2,-0.4,15,9,4,0,2,-0.4,16,0.0,0.0
2021-01-01,2020-21,EPL,Man United,Aston Villa,3,5,2,3,-1.05,15,4,5,2,3,-0.55,14,-1.0,1.0
2021-01-01,2020-21,EPL,Everton,West Ham,6,4,1,2,-0.25,15,3,4,2,3,-0.95,16,3.0,0.0
2021-01-02,2020-21,Bundesliga,Bielefeld,M'gladbach,14,2,0,0,0.0,13,14,2,0,0,0.0,13,0.0,0.0
2021-01-02,2020-21,Bundesliga,Stuttgart,RB Leipzig,13,2,0,1,-0.05,13,14,2,0,0,0.05,13,-1.0,0.0
2021-01-02,2020-21,LaLiga,Villarreal,Levante,4,4,1,2,-0.4,16,4,4,1,2,-0.4,15,0.0,1.0
2021-01-02,2020-21,LaLiga,Betis,Sevilla,4,4,1,3,-0.4,16,4,3,1,2,-0.2,14,0.0,0.5
2021-01-02,2020-21,LaLiga,Getafe,Valladolid,3,3,1,3,-0.65,15,4,3,1,2,-0.15,16,-1.0,0.0
2021-01-02,2020-21,LaLiga,Real Madrid,Celta,3,4,1,3,-0.8,16,3,4,1,3,-0.8,16,0.0,1.0
2021-01-02,2020-21,Bundesliga,Hertha,Schalke 04,13,2,0,1,-0.05,13,14,3,0,0,-0.15,13,-1.0,1.0
2021-01-02,2020-21,EPL,Crystal Palace,Sheffield United,5,5,1,2,-0.55,16,4,5,1,3,-0.65,16,1.0,1.0
2021-01-02,2020-21,EPL,Tottenham,Leeds,6,4,1,2,-0.3,15,4,4,2,3,-0.5,16,2.0,1.0
2021-01-02,2020-21,EPL,West Brom,Arsenal,4,4,2,3,-0.4,16,4,5,1,2,-0.6,16,0.0,0.0
2021-01-02,2020-21,Bundesliga,Ein Frankfurt,Leverkusen,14,2,0,0,0.0,13,14,3,0,0,-0.2,13,0.0,1.0
2021-01-02,2020-21,Bundesliga,FC Koln,Augsburg,14,2,0,0,0.0,13,14,3,0,0,-0.2,13,0.0,0.0
2021-01-02,2020-21,Bundesliga,Werder Bremen,Union Berlin,14,2,0,0,-0.05,13,15,2,0,0,0.05,13,-1.0,0.0
2021-01-02,2020-21,Bundesliga,Hoffenheim,Freiburg,14,3,0,0,-0.15,13,13,2,0,1,-0.05,13,1.0,0.0
2021-01-02,2020-21,EPL,Brighton,Wolves,4,5,2,3,-0.6,16,4,4,2,3,-0.4,16,0.0,0.5
2021-01-03,2020-21,Bundesliga,Dortmund,Wolfsburg,16,2,0,0,0.1,13,14,2,0,0,-0.1,13,2.0,1.0
2021-01-03,2020-21,Bundesliga,Bayern Munich,Mainz,15,2,0,0,0.0,13,15,2,0,0,0.0,13,0.0,1.0
2021-01-03,2020-21,SerieA,Parma,Torino,12,3,0,1,-0.15,14,11,3,0,1,-0.25,14,1.0,0.0
2021-01-03,2020-21,LaLiga,Ath Bilbao,Elche,3,4,1,2,-0.85,16,4,3,1,2,-0.15,14,-1.0,1.0
2021-01-03,2020-21,LaLiga,Alaves,Ath Madrid,3,3,1,2,-0.65,16,4,3,1,2,-0.15,14,-1.0,0.0
2021-01-03,2020-21,LaLiga,Eibar,Granada,5,3,1,2,-0.15,16,4,3,1,2,-0.25,15,1.0,1.0
2021-01-03,2020-21,SerieA,Inter,Crotone,11,3,0,1,-0.25,14,12,3,0,1,-0.15,14,-1.0,1.0
2021-01-03,2020-21,SerieA,Atalanta,Sassuolo,11,3,0,1,-0.2,13,11,3,0,1,-0.2,14,0.0,1.0
2021-01-03,2020-21,SerieA,Cagliari,Napoli,11,3,0,1,-0.2,14,11,3,0,1,-0.2,13,0.0,0.0
2021-01-03,2020-21,SerieA,Genoa,Lazio,11,3,0,1,-0.2,14,11,3,0,1,-0.2,14,0.0,0.5
2021-01-03,2020-21,EPL,Chelsea,Man City,6,4,1,3,-0.5,16,8,3,0,1,-0.1,14,-2.0,0.0
2021-01-03,2020-21,EPL,Newcastle,Leicester,4,4,1,2,-0.5,15,6,4,1,2,-0.3,16,-2.0,0.0
2021-01-03,2020-21,SerieA,Spezia,Verona,11,3,0,1,-0.2,14,11,3,0,1,-0.2,14,0.0,0.0
2021-01-03,2020-21,SerieA,Benevento,Milan,11,3,0,1,-0.2,14,11,3,0,1,-0.2,14,0.0,0.0
2021-01-03,2020-21,SerieA,Juventus,Udinese,12,3,0,1,-0.15,13,11,3,0,1,-0.25,13,1.0,1.0
2021-01-03,2020-21,LaLiga,Sociedad,Osasuna,3,4,1,2,-0.8,17,3,3,1,2,-0.6,15,0.0,0.5
2021-01-03,2020-21,LaLiga,Huesca,Barcelona,4,3,1,2,-0.25,16,5,4,1,2,-0.35,15,-1.0,0.0
2021-01-03,2020-21,SerieA,Fiorentina,Bologna,12,3,0,1,-0.15,14,11,3,0,1,-0.25,14,1.0,0.5
2021-01-03,2020-21,SerieA,Roma,Sampdoria,11,3,0,1,-0.2,14,11,3,0,1,-0.2,14,0.0,1.0
2021-01-04,2020-21,EPL,Southampton,Liverpool,6,4,1,2,-0.35,16,5,4,1,2,-0.45,16,1.0,1.0
2021-01-04,2020-21,LaLiga,Valencia,Cadiz,5,3,1,2,-0.25,16,6,3,1,2,-0.15,16,-1.0,0.5
2021-01-06,2020-21,LaLiga,Ath Bilbao,Barcelona,3,4,2,2,-0.8,17,3,4,1,2,-0.8,16,0.0,0.0
2021-01-06,2020-21,SerieA,Torino,Verona,3,4,1,1,-0.8,15,3,3,1,1,-0.6,15,0.0,0.5
2021-01-06,2020-21,Ligue1,Reims,Dijon,14,2,0,0,0.0,17,14,2,0,0,0.0,17,0.0,0.5
2021-01-06,2020-21,SerieA,Milan,Juventus,3,3,1,1,-0.6,15,3,3,1,1,-0.6,14,0.0,0.0
2021-01-06,2020-21,SerieA,Napoli,Spezia,3,3,1,1,-0.6,14,3,3,1,1,-0.6,15,0.0,0.0
2021-01-06,2020-21,SerieA,Sassuolo,Genoa,3,3,1,1,-0.6,15,3,3,1,1,-0.6,15,0.0,1.0
2021-01-06,2020-21,SerieA,Sampdoria,Inter,3,3,1,1,-0.6,15,3,3,1,1,-0.6,15,0.0,1.0
2021-01-06,2020-21,SerieA,Lazio,Fiorentina,3,3,1,1,-0.6,15,3,3,1,1,-0.6,15,0.0,1.0
2021-01-06,2020-21,SerieA,Crotone,Roma,3,3,1,1,-0.6,15,3,4,1,1,-0.8,15,0.0,0.0
2021-01-06,2020-21,Ligue1,St Etienne,Paris SG,14,2,0,0,0.0,17,14,2,0,0,0.0,17,0.0,0.5
2021-01-06,2020-21,SerieA,Atalanta,Parma,3,3,1,1,-0.6,14,3,3,1,1,-0.6,15,0.0,1.0
2021-01-06,2020-21,SerieA,Cagliari,Benevento,3,3,1,1,-0.6,15,3,3,1,1,-0.6,15,0.0,0.0
2021-01-06,2020-21,SerieA,Bologna,Udinese,3,3,1,1,-0.6,15,3,3,1,1,-0.6,14,0.0,0.5
2021-01-06,2020-21,Ligue1,Lorient,Monaco,14,2,0,0,0.0,17,14,2,0,0,0.0,17,0.0,0.0
2021-01-06,2020-21,Ligue1,Metz,Bordeaux,14,2,0,0,0.0,17,14,2,0,0,0.0,17,0.0,0.5
2021-01-06,2020-21,Ligue1,Nantes,Rennes,14,2,0,0,0.0,17,14,2,0,0,0.0,17,0.0,0.5
2021-01-06,2020-21,Ligue1,Strasbourg,Nimes,14,2,0,0,0.0,17,14,2,0,0,0.0,17,0.0,1.0
2021-01-06,2020-21,Ligue1,Lille,Angers,14,2,0,0,0.0,17,14,2,0,0,0.0,17,0.0,0.0
2021-01-06,2020-21,Ligue1,Lyon,Lens,14,2,0,0,0.0,17,14,2,0,0,0.0,16,0.0,1.0
2021-01-06,2020-21,Ligue1,Marseille,Montpellier,14,2,0,0,0.0,15,14,2,0,0,0.0,17,0.0,1.0
2021-01-06,2020-21,Ligue1,Brest,Nice,14,2,0,0,0.0,17,14,2,0,0,0.0,16,0.0,1.0
2021-01-08,2020-21,Bundesliga,M'gladbach,Bayern Munich,6,2,1,1,0.05,14,5,2,1,1,-0.05,14,1.0,1.0
2021-01-08,2020-21,LaLiga,Celta,Villarreal,6,4,1,2,-0.4,17,6,4,1,2,-0.4,17,0.0,0.0
2021-01-09,2020-21,Bundesliga,Freiburg,FC Koln,7,2,0,1,0.0,14,7,1,0,1,0.0,14,0.0,1.0
2021-01-09,2020-21,Bundesliga,Leverkusen,Werder Bremen,7,1,0,1,0.0,14,7,1,0,1,0.0,14,0.0,0.5
2021-01-09,2020-21,Bundesliga,Mainz,Ein Frankfurt,6,1,1,1,-0.05,14,7,1,0,1,0.05,14,-1.0,0.0
2021-01-09,2020-21,Bundesliga,Schalke 04,Hoffenheim,7,1,0,1,0.0,14,7,1,0,1,0.0,14,0.0,1.0
2021-01-09,2020-21,Bundesliga,Union Berlin,Wolfsburg,7,1,0,1,0.05,14,6,2,1,1,-0.05,14,1.0,0.5
2021-01-09,2020-21,Bundesliga,RB Leipzig,Dortmund,7,1,0,1,0.05,14,6,1,1,1,-0.05,14,1.0,0.0
2021-01-09,2020-21,Ligue1,Bordeaux,Lorient,3,3,1,1,-0.6,18,3,3,1,1,-0.6,18,0.0,1.0
2021-01-09,2020-21,Ligue1,Nimes,Lille,3,3,1,1,-0.6,18,3,3,1,1,-0.6,18,0.0,0.0
2021-01-09,2020-21,Ligue1,Paris SG,Brest,3,3,1,1,-0.6,18,3,3,1,1,-0.6,18,0.0,1.0
2021-01-09,2020-21,Ligue1,Montpellier,Nantes,3,3,1,1,-0.6,18,3,3,1,1,-0.6,18,0.0,0.5
2021-01-09,2020-21,Ligue1,Monaco,Angers,3,3,1,1,-0.6,18,3,3,1,1,-0.6,18,0.0,1.0
2021-01-09,2020-21,LaLiga,Osasuna,Real Madrid,6,3,1,2,-0.25,16,7,4,0,2,-0.35,17,-1.0,0.5
2021-01-09,2020-21,LaLiga,Granada,Barcelona,6,4,1,2,-0.25,16,3,4,2,3,-0.95,17,3.0,0.0
2021-01-09,2020-21,LaLiga,Sevilla,Sociedad,7,3,0,2,-0.15,15,6,3,1,2,-0.25,18,1.0,1.0
2021-01-09,2020-21,Ligue1,Reims,St Etienne,3,2,1,1,-0.4,18,3,3,1,1,-0.6,18,0.0,1.0
2021-01-09,2020-21,Ligue1,Lens,Strasbourg,3,2,1,1,-0.4,17,3,3,1,1,-0.6,18,0.0,0.0
2021-01-09,2020-21,Ligue1,Metz,Nice,3,2,1,1,-0.4,18,3,2,1,1,-0.4,17,0.0,0.5
2021-01-09,2020-21,SerieA,Benevento,Atalanta,3,4,2,2,-0.8,16,3,4,2,2,-0.8,15,0.0,0.0
2021-01-09,2020-21,SerieA,Genoa,Bologna,3,4,2,2,-0.8,16,3,4,2,2,-0.8,16,0.0,1.0
2021-01-09,2020-21,SerieA,Milan,Torino,3,4,2,2,-0.8,16,3,4,2,2,-0.8,16,0.0,1.0
2021-01-09,2020-21,Ligue1,Rennes,Lyon,3,3,1,1,-0.6,18,3,2,1,1,-0.4,18,0.0,0.5
2021-01-09,2020-21,Ligue1,Dijon,Marseille,3,3,1,1,-0.6,18,3,2,1,1,-0.4,16,0.0,0.5
2021-01-10,2020-21,Bundesliga,Augsburg,Stuttgart,8,1,0,1,0.0,14,8,1,0,1,0.0,14,0.0,0.0
2021-01-10,2020-21,SerieA,Roma,Inter,4,3,1,2,-0.2,16,4,3,1,2,-0.2,16,0.0,0.5
2021-01-10,2020-21,SerieA,Parma,Lazio,4,3,1,2,-0.2,16,4,3,1,2,-0.2,16,0.0,0.0
2021-01-10,2020-21,SerieA,Udinese,Napoli,4,3,1,2,-0.2,15,4,3,1,2,-0.2,15,0.0,0.0
2021-01-10,2020-21,SerieA,Juventus,Sassuolo,4,3,1,2,-0.2,15,4,3,1,2,-0.2,16,0.0,1.0
2021-01-10,2020-21,LaLiga,Valladolid,Valencia,8,3,0,2,-0.1,17,6,3,1,2,-0.3,17,2.0,0.0
2021-01-10,2020-21,Bundesliga,Bielefeld,Hertha,8,1,0,1,0.0,14,8,1,0,1,0.0,14,0.0,1.0
2021-01-10,2020-21,SerieA,Fiorentina,Cagliari,4,3,1,2,-0.2,16,4,3,1,2,-0.2,16,0.0,1.0
2021-01-10,2020-21,LaLiga,Levante,Eibar,8,3,0,2,-0.15,16,7,3,0,2,-0.25,17,1.0,1.0
2021-01-10,2020-21,SerieA,Verona,Crotone,4,3,1,2,-0.2,16,4,3,1,2,-0.2,16,0.0,1.0
2021-01-10,2020-21,LaLiga,Cadiz,Alaves,6,3,1,2,-0.25,17,7,3,0,2,-0.15,17,-1.0,1.0
2021-01-11,2020-21,LaLiga,Huesca,Betis,8,3,0,2,-0.25,17,9,3,0,2,-0.15,17,-1.0,0.0
2021-01-11,2020-21,SerieA,Spezia,Sampdoria,5,3,1,2,-0.2,16,5,3,1,2,-0.2,16,0.0,1.0
2021-01-11,2020-21,LaLiga,Elche,Getafe,8,3,0,2,-0.25,15,9,3,0,2,-0.15,16,-1.0,0.0
2021-01-12,2020-21,EPL,Wolves,Everton,10,3,0,1,-0.25,17,11,2,0,1,0.05,16,-1.0,0.0
2021-01-12,2020-21,LaLiga,Granada,Osasuna,3,4,1,3,-0.8,17,3,3,1,3,-0.6,17,0.0,1.0
2021-01-12,2020-21,LaLiga,Ath Madrid,Sevilla,9,2,0,2,0.3,15,3,3,1,2,-0.9,16,6.0,1.0
2021-01-12,2020-21,EPL,Sheffield United,Newcastle,10,3,0,1,-0.15,17,9,3,0,2,-0.25,16,1.0,1.0
2021-01-12,2020-21,EPL,Burnley,Man United,14,2,0,0,0.15,15,11,3,0,1,-0.35,16,3.0,0.0
2021-01-13,2020-21,EPL,Tottenham,Fulham,11,2,0,1,-0.35,16,18,1,0,0,0.35,15,-7.0,0.5
2021-01-13,2020-21,EPL,Man City,Brighton,10,2,0,1,-0.05,15,11,3,0,1,-0.15,17,-1.0,1.0
2021-01-14,2020-21,EPL,Arsenal,Crystal Palace,12,3,0,1,-0.2,17,12,3,0,1,-0.2,17,0.0,0.5
2021-01-15,2020-21,Ligue1,Montpellier,Monaco,6,2,1,2,0.0,19,6,2,1,2,0.0,19,0.0,0.0
2021-01-15,2020-21,Bundesliga,Union Berlin,Leverkusen,6,2,1,2,0.0,15,6,2,1,2,0.0,15,0.0,1.0
2021-01-15,2020-21,SerieA,Lazio,Roma,5,3,1,3,-0.2,17,5,3,1,3,-0.2,17,0.0,1.0
2021-01-16,2020-21,SerieA,Bologna,Verona,7,3,0,3,-0.15,17,6,3,1,3,-0.25,17,1.0,1.0
2021-01-16,2020-21,SerieA,Sampdoria,Udinese,5,3,1,3,-0.25,17,6,3,1,3,-0.15,16,-1.0,1.0
2021-01-16,2020-21,Ligue1,Marseille,Nimes,7,2,0,2,0.0,17,7,2,0,2,0.0,19,0.0,0.0
2021-01-16,2020-21,Ligue1,Angers,Paris SG,7,2,0,2,0.0,19,7,2,0,2,0.0,19,0.0,0.0
2021-01-16,2020-21,SerieA,Torino,Spezia,7,3,0,3,-0.1,17,5,3,1,3,-0.3,17,2.0,0.5
2021-01-16,2020-21,EPL,Leicester,Southampton,13,2,0,1,0.05,17,12,2,0,1,-0.05,17,1.0,1.0
2021-01-16,2020-21,Bundesliga,Dortmund,Mainz,7,2,0,2,0.0,15,7,2,0,2,0.0,15,0.0,0.5
2021-01-16,2020-21,EPL,Fulham,Chelsea,3,1,1,1,-0.9,16,13,2,0,1,0.5,17,-10.0,0.0
2021-01-16,2020-21,EPL,West Ham,Burnley,15,3,0,0,0.3,17,4,3,1,1,-0.7,16,10.0,1.0
2021-01-16,2020-21,EPL,Leeds,Brighton,14,3,0,0,0.3,17,3,4,1,1,-1.3,18,10.0,0.0
2021-01-16,2020-21,Bundesliga,Stuttgart,M'gladbach,6,2,1,1,-0.1,15,8,2,0,1,0.1,15,-2.0,0.5
2021-01-16,2020-21,EPL,Wolves,West Brom,4,4,1,1,-0.9,18,14,3,0,0,0.3,17,-10.0,0.0
2021-01-16,2020-21,Bundesliga,Wolfsburg,RB Leipzig,7,2,0,2,0.0,15,7,2,0,1,0.0,15,0.0,0.5
2021-01-16,2020-21,Bundesliga,Werder Bremen,Augsburg,7,2,0,1,0.05,15,6,2,1,1,-0.05,15,1.0,1.0
2021-01-16,2020-21,Bundesliga,Hoffenheim,Bielefeld,7,2,0,1,0.05,15,6,2,1,1,-0.05,15,1.0,0.5
2021-01-16,2020-21,Bundesliga,FC Koln,Hertha,7,2,0,1,0.05,15,6,2,1,1,-0.05,15,1.0,0.5
2021-01-17,2020-21,EPL,Man City,Crystal Palace,4,2,1,1,0.05,16,3,3,1,1,-0.65,18,1.0,1.0
2021-01-17,2020-21,EPL,Sheffield United,Tottenham,5,3,1,1,-0.15,18,4,2,1,1,-0.05,17,1.0,0.0
2021-01-17,2020-21,Ligue1,Brest,Rennes,8,2,0,2,0.0,19,8,2,0,2,0.0,19,0.0,0.0
2021-01-17,2020-21,Ligue1,Nantes,Lens,8,2,0,2,0.0,19,8,2,0,2,0.0,18,0.0,0.5
2021-01-17,2020-21,Ligue1,Nice,Bordeaux,8,2,0,2,0.0,18,8,2,0,2,0.0,19,0.0,0.0
2021-01-17,2020-21,Ligue1,Lyon,Metz,8,2,0,2,0.0,19,8,2,0,2,0.0,19,0.0,0.0
2021-01-17,2020-21,EPL,Liverpool,Man United,13,2,0,1,0.4,17,5,3,1,1,-0.6,17,8.0,0.5
2021-01-17,2020-21,Ligue1,Lille,Reims,8,2,0,2,0.0,19,8,2,0,2,0.0,19,0.0,1.0
2021-01-17,2020-21,Bundesliga,Ein Frankfurt,Schalke 04,8,2,0,1,0.0,15,8,2,0,1,0.0,15,0.0,1.0
2021-01-17,2020-21,SerieA,Inter,Juventus,7,3,0,2,-0.2,17,7,3,0,2,-0.2,16,0.0,1.0
2021-01-17,2020-21,SerieA,Atalanta,Genoa,8,3,0,2,-0.2,16,8,3,0,2,-0.2,17,0.0,0.5
2021-01-17,2020-21,SerieA,Sassuolo,Parma,7,3,0,2,-0.2,17,7,3,0,2,-0.2,17,0.0,0.5
2021-01-17,2020-21,Bundesliga,Bayern Munich,Freiburg,9,2,0,1,0.05,15,8,2,0,1,-0.05,15,1.0,1.0
2021-01-17,2020-21,SerieA,Napoli,Fiorentina,7,3,0,2,-0.2,16,7,3,0,2,-0.2,17,0.0,1.0
2021-01-17,2020-21,SerieA,Crotone,Benevento,7,3,0,2,-0.25,17,8,3,0,2,-0.15,17,-1.0,1.0
2021-01-17,2020-21,Ligue1,Strasbourg,St Etienne,8,2,0,2,0.0,19,8,2,0,2,0.0,19,0.0,1.0
2021-01-18,2020-21,SerieA,Cagliari,Milan,8,3,0,2,-0.25,17,9,3,0,2,-0.15,17,-1.0,0.0
2021-01-18,2020-21,EPL,Arsenal,Newcastle,4,3,1,1,-0.3,18,6,3,1,1,-0.1,17,-2.0,1.0
2021-01-19,2020-21,Bundesliga,M'gladbach,Werder Bremen,3,3,1,2,-0.6,16,3,3,1,2,-0.6,16,0.0,1.0
2021-01-19,2020-21,Bundesliga,Hertha,Hoffenheim,3,3,1,2,-0.6,16,3,3,1,2,-0.6,16,0.0,0.0
2021-01-19,2020-21,Bundesliga,Leverkusen,Dortmund,4,3,1,2,-0.15,16,3,3,1,2,-0.65,16,1.0,1.0
2021-01-19,2020-21,LaLiga,Alaves,Sevilla,9,3,0,1,-0.1,18,7,3,0,2,-0.3,17,2.0,0.0
2021-01-19,2020-21,LaLiga,Valladolid,Elche,9,2,0,1,0.05,18,8,3,0,1,-0.25,16,1.0,0.5
2021-01-19,2020-21,LaLiga,Cadiz,Levante,9,2,0,1,0.0,18,9,2,0,1,0.0,17,0.0,0.5
2021-01-19,2020-21,EPL,Leicester,Chelsea,3,2,1,1,-0.4,18,3,2,1,1,-0.4,18,0.0,1.0
2021-01-19,2020-21,EPL,West Ham,West Brom,3,2,1,1,-0.4,18,3,2,1,1,-0.4,18,0.0,1.0
2021-01-19,2020-21,Bundesliga,Mainz,Wolfsburg,3,3,1,2,-0.6,16,3,3,1,2,-0.6,16,0.0,0.0
2021-01-20,2020-21,Bundesliga,Bielefeld,Stuttgart,4,3,1,2,-0.2,16,4,3,1,2,-0.2,16,0.0,1.0
2021-01-20,2020-21,SerieA,Udinese,Atalanta,4,4,1,2,-0.35,17,3,4,1,2,-0.85,17,1.0,0.5
2021-01-20,2020-21,Bundesliga,Freiburg,Ein Frankfurt,3,3,1,2,-0.6,16,3,3,1,2,-0.6,16,0.0,0.5
2021-01-20,2020-21,EPL,Man City,Aston Villa,3,3,1,2,-1.1,17,19,1,0,0,0.5,15,-10.0,1.0
2021-01-20,2020-21,EPL,Fulham,Man United,4,2,1,2,0.05,17,3,3,1,2,-0.65,18,1.0,0.0
2021-01-20,2020-21,Bundesliga,Augsburg,Bayern Munich,4,3,1,2,-0.15,16,3,3,1,2,-0.65,16,1.0,0.0
2021-01-20,2020-21,Bundesliga,RB Leipzig,Union Berlin,4,3,1,2,-0.25,16,5,3,1,2,-0.15,16,-1.0,1.0
2021-01-20,2020-21,Bundesliga,Schalke 04,FC Koln,3,3,1,2,-0.65,16,4,3,1,2,-0.15,16,-1.0,0.0
2021-01-20,2020-21,Ligue1,Marseille,Lens,4,3,1,2,-0.15,18,3,3,1,2,-0.65,19,1.0,0.0
2021-01-20,2020-21,LaLiga,Villarreal,Granada,12,2,0,1,0.2,18,8,3,0,2,-0.4,18,4.0,0.5
2021-01-20,2020-21,LaLiga,Betis,Celta,9,2,0,1,-0.15,18,12,2,0,1,0.15,18,-3.0,1.0
2021-01-20,2020-21,LaLiga,Getafe,Huesca,9,2,0,1,0.0,17,9,2,0,1,0.0,18,0.0,1.0
2021-01-21,2020-21,LaLiga,Valencia,Osasuna,11,2,0,1,0.1,18,9,3,0,2,-0.3,18,2.0,0.5
2021-01-21,2020-21,LaLiga,Eibar,Ath Madrid,11,2,0,1,0.1,18,9,2,0,1,-0.1,16,2.0,0.0
2021-01-21,2020-21,EPL,Liverpool,Burnley,4,2,1,1,-0.05,18,5,2,1,2,0.05,17,-1.0,0.0
2021-01-22,2020-21,Ligue1,Paris SG,Montpellier,6,3,1,2,-0.25,20,7,3,0,2,-0.15,20,-1.0,1.0
2021-01-22,2020-21,LaLiga,Levante,Valladolid,3,3,1,2,-0.6,18,3,3,1,2,-0.6,19,0.0,0.5
2021-01-22,2020-21,Bundesliga,M'gladbach,Dortmund,3,4,2,2,-0.8,17,3,4,2,3,-0.8,17,0.0,1.0
2021-01-22,2020-21,SerieA,Benevento,Torino,5,4,1,2,-0.45,18,6,4,1,2,-0.35,18,-1.0,0.5
2021-01-23,2020-21,Ligue1,Monaco,Marseille,8,3,0,1,0.05,20,3,4,1,2,-1.05,19,5.0,1.0
2021-01-23,2020-21,Ligue1,Lens,Nice,3,4,2,2,-0.95,20,6,3,1,1,-0.05,19,-3.0,0.0
2021-01-23,2020-21,LaLiga,Huesca,Villarreal,3,3,1,2,-0.6,19,3,2,1,1,-0.4,19,0.0,0.5
2021-01-23,2020-21,SerieA,Fiorentina,Crotone,6,4,1,2,-0.4,18,6,4,1,2,-0.4,18,0.0,1.0
2021-01-23,2020-21,LaLiga,Sevilla,Cadiz,4,3,1,2,-0.2,18,4,3,1,2,-0.2,19,0.0,1.0
2021-01-23,2020-21,LaLiga,Sociedad,Betis,14,2,0,0,0.5,19,3,2,1,2,-0.9,19,10.0,0.5
2021-01-23,2020-21,LaLiga,Alaves,Real Madrid,4,3,1,2,-0.7,19,14,1,0,0,0.5,18,-10.0,0.0
2021-01-23,2020-21,SerieA,Milan,Atalanta,5,4,1,1,-0.3,18,3,5,2,2,-1.1,18,2.0,0.0
2021-01-23,2020-21,SerieA,Udinese,Inter,3,5,1,3,-1.15,18,6,4,1,2,-0.25,18,-3.0,0.5
2021-01-23,2020-21,Bundesliga,Freiburg,Stuttgart,3,3,2,2,-0.6,17,3,3,1,3,-0.6,17,0.0,1.0
2021-01-23,2020-21,Bundesliga,Augsburg,Union Berlin,3,3,1,3,-0.6,17,3,3,1,2,-0.6,17,0.0,1.0
2021-01-23,2020-21,Bundesliga,Hertha,Werder Bremen,4,3,1,3,-0.2,17,4,3,1,2,-0.2,17,0.0,0.0
2021-01-23,2020-21,Bundesliga,Bielefeld,Ein Frankfurt,3,3,1,3,-0.6,17,3,3,2,2,-0.6,17,0.0,0.0
2021-01-23,2020-21,Bundesliga,Mainz,RB Leipzig,4,4,1,2,-0.35,17,3,3,1,2,-0.65,17,1.0,1.0
2021-01-23,2020-21,EPL,Aston Villa,Newcastle,3,1,1,1,-0.5,16,5,3,1,2,-0.1,18,-2.0,1.0
2021-01-23,2020-21,Bundesliga,Leverkusen,Wolfsburg,4,3,1,2,-0.2,17,4,4,1,2,-0.4,17,0.0,0.0
2021-01-23,2020-21,SerieA,Roma,Spezia,8,4,0,2,-0.35,18,7,4,0,2,-0.45,18,1.0,1.0
2021-01-24,2020-21,LaLiga,Ath Madrid,Valencia,3,2,1,2,-0.4,17,3,3,1,1,-0.6,19,0.0,1.0
2021-01-24,2020-21,LaLiga,Celta,Eibar,4,2,1,1,0.05,19,3,2,1,1,-0.45,19,1.0,0.5
2021-01-24,2020-21,LaLiga,Elche,Barcelona,5,2,1,2,-0.5,17,15,2,0,0,0.5,18,-10.0,0.0
2021-01-24,2020-21,LaLiga,Osasuna,Granada,3,3,1,2,-0.65,19,4,3,1,2,-0.15,19,-1.0,1.0
2021-01-24,2020-21,Ligue1,Bordeaux,Angers,7,3,0,1,-0.25,20,8,3,0,1,-0.15,20,-1.0,1.0
2021-01-24,2020-21,Bundesliga,Hoffenheim,FC Koln,5,3,1,2,-0.15,17,4,3,1,2,-0.25,17,1.0,1.0
2021-01-24,2020-21,Ligue1,Metz,Nantes,7,3,0,1,-0.2,20,7,3,0,1,-0.2,20,0.0,1.0
2021-01-24,2020-21,Ligue1,Reims,Brest,7,3,0,1,-0.2,20,7,3,0,1,-0.2,20,0.0,1.0
2021-01-24,2020-21,Ligue1,Rennes,Lille,7,3,0,1,-0.2,20,7,3,0,1,-0.2,20,0.0,0.0
2021-01-24,2020-21,Ligue1,St Etienne,Lyon,7,3,0,1,-0.2,20,7,3,0,1,-0.2,20,0.0,0.0
2021-01-24,2020-21,SerieA,Parma,Sampdoria,7,3,0,1,-0.25,18,8,3,0,2,-0.15,18,-1.0,0.0
2021-01-24,2020-21,SerieA,Lazio,Sassuolo,9,3,0,1,-0.1,18,7,3,0,1,-0.3,18,2.0,1.0
2021-01-24,2020-21,SerieA,Verona,Napoli,8,3,0,1,-0.15,18,7,3,0,1,-0.25,17,1.0,1.0
2021-01-24,2020-21,SerieA,Genoa,Cagliari,7,3,0,1,-0.15,18,6,3,1,1,-0.25,18,1.0,1.0
2021-01-24,2020-21,SerieA,Juventus,Bologna,7,3,0,1,-0.25,17,8,3,0,1,-0.15,18,-1.0,1.0
2021-01-24,2020-21,Ligue1,Dijon,Strasbourg,15,2,0,0,0.4,19,7,3,0,1,-0.6,20,8.0,0.5
2021-01-24,2020-21,Bundesliga,Schalke 04,Bayern Munich,4,3,1,2,-0.2,17,4,3,1,2,-0.2,17,0.0,0.0
2021-01-25,2020-21,LaLiga,Ath Bilbao,Getafe,19,1,0,0,0.5,18,5,2,1,1,-0.5,18,10.0,1.0
2021-01-26,2020-21,EPL,West Brom,Man City,7,2,0,2,0.05,19,6,3,1,3,-0.25,18,1.0,0.0
2021-01-26,2020-21,EPL,Southampton,Arsenal,10,1,0,1,0.1,18,8,2,0,2,-0.1,19,2.0,0.0
2021-01-26,2020-21,EPL,Newcastle,Leeds,3,3,1,2,-0.95,19,10,1,0,1,0.35,18,-7.0,0.0
2021-01-26,2020-21,EPL,Crystal Palace,West Ham,9,2,0,2,0.1,19,7,2,0,2,-0.1,19,2.0,0.0
2021-01-27,2020-21,Ligue1,Lorient,Dijon,18,1,0,0,0.5,19,3,2,1,1,-0.9,20,10.0,1.0
2021-01-27,2020-21,EPL,Everton,Leicester,15,1,0,0,0.35,17,8,2,0,2,-0.35,19,7.0,0.5
2021-01-27,2020-21,EPL,Burnley,Aston Villa,6,3,1,2,-0.1,18,4,2,1,2,-0.1,17,2.0,1.0
2021-01-27,2020-21,EPL,Chelsea,Wolves,8,2,0,2,-0.15,19,11,2,0,1,0.15,19,-3.0,0.5
2021-01-27,2020-21,EPL,Brighton,Fulham,11,2,0,1,0.2,19,7,3,0,2,-0.4,18,4.0,0.5
2021-01-27,2020-21,EPL,Man United,Sheffield United,7,3,0,2,-0.35,19,10,2,0,1,0.15,19,-3.0,0.0
2021-01-28,2020-21,EPL,Tottenham,Liverpool,11,2,0,1,0.2,18,7,2,0,2,-0.2,19,4.0,0.0
2021-01-29,2020-21,Bundesliga,Stuttgart,Mainz,6,4,1,3,-0.4,18,6,4,1,3,-0.4,18,0.0,1.0
2021-01-29,2020-21,Ligue1,Lyon,Bordeaux,5,3,1,2,-0.2,21,5,3,1,2,-0.2,21,0.0,1.0
2021-01-29,2020-21,SerieA,Torino,Fiorentina,7,3,0,2,-0.15,19,6,3,1,2,-0.25,19,1.0,0.5
2021-01-29,2020-21,LaLiga,Valladolid,Huesca,7,3,0,2,-0.15,20,6,3,1,2,-0.25,20,1.0,0.0
2021-01-30,2020-21,EPL,Man City,Sheffield United,4,4,1,3,-0.35,19,3,3,1,2,-0.65,20,1.0,1.0
2021-01-30,2020-21,EPL,Crystal Palace,Wolves,4,3,1,2,-0.15,20,3,3,1,1,-0.65,20,1.0,1.0
2021-01-30,2020-21,EPL,Everton,Newcastle,3,2,1,1,-0.45,18,4,4,1,3,-0.35,20,-1.0,0.0
2021-01-30,2020-21,LaLiga,Eibar,Sevilla,6,3,1,2,-0.25,20,7,3,0,2,-0.15,19,-1.0,0.0
2021-01-30,2020-21,EPL,Arsenal,Man United,4,3,1,2,-0.15,20,3,4,1,3,-0.85,20,1.0,0.5
2021-01-30,2020-21,EPL,Southampton,Aston Villa,4,2,1,1,0.05,19,3,3,1,3,-0.65,18,1.0,0.0
2021-01-30,2020-21,LaLiga,Real Madrid,Levante,7,1,0,1,-0.05,19,8,3,0,2,-0.15,19,-1.0,0.0
2021-01-30,2020-21,EPL,West Brom,Fulham,4,3,1,2,-0.15,20,3,4,1,2,-0.85,19,1.0,0.5
2021-01-30,2020-21,LaLiga,Villarreal,Sociedad,7,2,0,2,0.0,20,7,1,0,1,0.0,20,0.0,0.5
2021-01-30,2020-21,Bundesliga,Bayern Munich,Hoffenheim,6,3,1,3,-0.2,18,6,3,1,2,-0.2,18,0.0,1.0
2021-01-30,2020-21,Bundesliga,Ein Frankfurt,Hertha,7,3,0,3,-0.2,18,7,4,0,2,-0.4,18,0.0,1.0
2021-01-30,2020-21,Bundesliga,Dortmund,Augsburg,8,3,0,2,-0.15,18,7,4,0,2,-0.45,18,1.0,1.0
2021-01-30,2020-21,SerieA,Inter,Benevento,7,3,0,2,-0.25,19,8,2,0,2,0.05,19,-1.0,1.0
2021-01-30,2020-21,SerieA,Sampdoria,Juventus,6,3,1,1,-0.2,19,6,3,1,2,-0.2,18,0.0,0.0
2021-01-30,2020-21,SerieA,Bologna,Milan,6,2,1,1,-0.05,19,7,2,0,2,0.05,19,-1.0,0.0
2021-01-30,2020-21,Ligue1,Montpellier,Lens,8,2,0,1,0.05,21,7,3,0,3,-0.25,21,1.0,0.0
2021-01-30,2020-21,LaLiga,Valencia,Elche,6,3,1,2,-0.2,20,6,3,1,2,-0.2,18,0.0,1.0
2021-01-30,2020-21,Bundesliga,RB Leipzig,Leverkusen,7,3,0,2,-0.2,18,7,3,0,2,-0.2,18,0.0,1.0
2021-01-30,2020-21,Bundesliga,Werder Bremen,Schalke 04,7,3,0,2,-0.15,18,6,3,1,3,-0.25,18,1.0,0.5
2021-01-30,2020-21,Bundesliga,Union Berlin,M'gladbach,7,3,0,2,-0.25,18,8,3,0,2,-0.15,18,-1.0,0.5
2021-01-31,2020-21,Bundesliga,FC Koln,Bielefeld,7,3,0,2,-0.25,18,8,3,0,2,-0.15,18,-1.0,1.0
2021-01-31,2020-21,SerieA,Atalanta,Lazio,8,3,0,2,-0.15,19,7,2,0,1,-0.05,19,1.0,0.0
2021-01-31,2020-21,SerieA,Cagliari,Sassuolo,7,2,0,2,0.0,19,7,2,0,1,0.0,19,0.0,0.5
2021-01-31,2020-21,SerieA,Crotone,Genoa,8,2,0,1,0.05,19,7,2,0,1,-0.05,19,1.0,0.0
2021-01-31,2020-21,SerieA,Napoli,Parma,7,2,0,1,0.0,18,7,2,0,1,0.0,19,0.0,1.0
2021-01-31,2020-21,EPL,Chelsea,Burnley,4,3,1,2,-0.2,20,4,4,1,2,-0.4,19,0.0,1.0
2021-01-31,2020-21,EPL,Leicester,Leeds,4,3,1,2,-0.25,20,5,2,1,1,0.05,19,-1.0,0.0
2021-01-31,2020-21,EPL,West Ham,Liverpool,5,3,1,2,-0.1,20,3,3,1,2,-0.7,20,2.0,0.0
2021-01-31,2020-21,SerieA,Roma,Verona,8,2,0,1,0.05,19,7,2,0,1,-0.05,19,1.0,1.0
2021-01-31,2020-21,Bundesliga,Wolfsburg,Freiburg,8,3,0,2,-0.2,18,8,3,0,2,-0.2,18,0.0,1.0
2021-01-31,2020-21,SerieA,Spezia,Udinese,8,3,0,1,-0.2,19,8,3,0,2,-0.2,19,0.0,0.0
2021-01-31,2020-21,EPL,Brighton,Tottenham,4,3,1,1,-0.15,20,3,3,1,1,-0.65,19,1.0,1.0
2021-01-31,2020-21,Ligue1,Lille,Dijon,7,2,0,1,0.15,21,4,2,1,2,-0.15,21,3.0,1.0
2021-01-31,2020-21,Ligue1,Nantes,Monaco,7,2,0,1,-0.05,21,8,2,0,1,0.05,21,-1.0,0.0
2021-01-31,2020-21,LaLiga,Getafe,Alaves,6,3,1,2,-0.3,19,8,2,0,2,0.1,20,-2.0,0.5
2021-01-31,2020-21,LaLiga,Barcelona,Ath Bilbao,7,1,0,1,0.05,19,6,1,1,1,-0.05,19,1.0,1.0
2021-01-31,2020-21,LaLiga,Granada,Celta,7,3,0,2,-0.2,20,7,2,0,2,0.0,20,0.0,0.5
2021-01-31,2020-21,Ligue1,Strasbourg,Reims,7,2,0,1,0.0,21,7,2,0,1,0.0,21,0.0,0.0
2021-01-31,2020-21,LaLiga,Cadiz,Ath Madrid,8,2,0,2,0.05,20,7,3,0,2,-0.25,18,1.0,0.0
2021-01-31,2020-21,Ligue1,Lorient,Paris SG,4,1,1,1,-0.25,20,9,2,0,1,0.25,21,-5.0,1.0
2021-01-31,2020-21,Ligue1,Brest,Metz,7,2,0,1,0.0,21,7,2,0,1,0.0,21,0.0,0.0
2021-01-31,2020-21,Ligue1,Angers,Nimes,7,2,0,1,-0.4,21,15,1,0,0,0.4,20,-8.0,1.0
2021-01-31,2020-21,Ligue1,Nice,St Etienne,8,2,0,1,0.05,20,7,2,0,1,-0.05,21,1.0,0.0
2021-02-01,2020-21,LaLiga,Betis,Osasuna,9,2,0,2,0.05,20,8,3,0,2,-0.25,20,1.0,1.0
2021-02-02,2020-21,EPL,Wolves,Arsenal,3,3,2,2,-0.6,21,3,4,1,2,-0.8,21,0.0,1.0
2021-02-02,2020-21,EPL,Sheffield United,West Brom,3,3,2,2,-0.6,21,3,4,1,2,-0.8,21,0.0,1.0
2021-02-02,2020-21,EPL,Newcastle,Crystal Palace,3,4,1,3,-0.8,21,3,4,1,2,-0.8,21,0.0,0.0
2021-02-02,2020-21,EPL,Man United,Southampton,3,4,2,3,-0.8,21,3,3,1,2,-0.6,20,0.0,1.0
2021-02-03,2020-21,Ligue1,Strasbourg,Brest,3,3,1,2,-0.6,22,3,3,1,2,-0.6,22,0.0,0.5
2021-02-03,2020-21,Ligue1,Bordeaux,Lille,5,3,1,2,-0.1,22,3,3,1,2,-0.7,22,2.0,0.0
2021-02-03,2020-21,Ligue1,Metz,Montpellier,3,3,1,2,-0.65,22,4,3,1,2,-0.15,22,-1.0,0.5
2021-02-03,2020-21,Ligue1,Reims,Angers,3,3,1,2,-0.6,22,3,3,1,2,-0.6,22,0.0,0.5
2021-02-03,2020-21,Ligue1,Rennes,Lorient,10,2,0,1,0.35,21,3,2,1,2,-0.75,21,7.0,0.5
2021-02-03,2020-21,Ligue1,Dijon,Lyon,3,3,1,3,-0.7,22,5,3,1,2,-0.1,22,-2.0,0.0
2021-02-03,2020-21,EPL,Liverpool,Brighton,3,4,2,3,-0.8,21,3,3,1,2,-0.6,21,0.0,0.0
2021-02-03,2020-21,Ligue1,Monaco,Nice,3,3,1,2,-0.6,22,3,3,1,2,-0.6,21,0.0,1.0
2021-02-03,2020-21,Ligue1,Lens,Marseille,4,4,1,2,-0.75,22,11,3,0,1,0.15,20,-7.0,0.5
2021-02-03,2020-21,EPL,Aston Villa,West Ham,4,4,1,3,-0.35,19,3,4,1,2,-0.85,21,1.0,0.0
2021-02-03,2020-21,EPL,Fulham,Leicester,4,4,1,2,-0.35,20,3,4,1,2,-0.85,21,1.0,0.0
2021-02-03,2020-21,EPL,Burnley,Man City,3,4,1,3,-0.85,20,4,4,1,2,-0.35,20,-1.0,0.0
2021-02-03,2020-21,EPL,Leeds,Everton,3,3,1,2,-0.65,20,4,2,1,2,0.05,19,-1.0,0.0
2021-02-03,2020-21,Ligue1,St Etienne,Nantes,3,3,1,2,-0.6,22,3,3,1,2,-0.6,22,0.0,0.5
2021-02-03,2020-21,Ligue1,Paris SG,Nimes,3,3,1,2,-0.6,22,3,2,1,1,-0.4,21,0.0,1.0
2021-02-04,2020-21,EPL,Tottenham,Chelsea,4,3,1,2,-0.2,20,4,4,1,2,-0.4,21,0.0,0.0
2021-02-05,2020-21,LaLiga,Alaves,Valladolid,5,3,1,2,-0.3,21,7,3,0,1,-0.1,21,-2.0,1.0
2021-02-05,2020-21,SerieA,Fiorentina,Inter,7,3,0,2,-0.15,20,6,3,1,2,-0.25,20,1.0,0.0
2021-02-05,2020-21,Bundesliga,Hertha,Bayern Munich,6,4,1,2,-0.4,19,6,4,1,2,-0.4,19,0.0,0.0
2021-02-06,2020-21,EPL,Burnley,Brighton,3,4,2,3,-0.8,21,3,3,2,3,-0.6,22,0.0,0.5
2021-02-06,2020-21,EPL,Newcastle,Southampton,4,5,1,3,-0.6,22,4,3,1,3,-0.2,21,0.0,1.0
2021-02-06,2020-21,EPL,Fulham,West Ham,3,4,1,3,-0.8,21,3,4,2,3,-0.8,22,0.0,0.5
2021-02-06,2020-21,EPL,Man United,Everton,4,5,1,3,-0.55,22,3,3,1,3,-0.65,20,1.0,0.5
2021-02-06,2020-21,SerieA,Atalanta,Torino,6,4,1,1,-0.5,20,8,2,0,1,0.1,20,-2.0,0.5
2021-02-06,2020-21,SerieA,Sassuolo,Spezia,6,3,1,2,-0.2,20,6,2,1,1,0.0,20,0.0,0.0
2021-02-06,2020-21,LaLiga,Sevilla,Getafe,7,3,0,1,-0.15,20,6,3,1,2,-0.25,20,1.0,1.0
2021-02-06,2020-21,SerieA,Genoa,Napoli,6,3,1,2,-0.2,20,6,3,1,2,-0.2,19,0.0,1.0
2021-02-06,2020-21,SerieA,Juventus,Roma,7,3,0,2,-0.15,19,6,2,1,1,-0.05,20,1.0,1.0
2021-02-06,2020-21,LaLiga,Huesca,Real Madrid,8,3,0,1,-0.15,21,7,2,0,1,-0.05,20,1.0,0.0
2021-02-06,2020-21,LaLiga,Elche,Villarreal,7,3,0,2,-0.2,19,7,3,0,1,-0.2,21,0.0,0.5
2021-02-06,2020-21,Bundesliga,M'gladbach,FC Koln,7,3,0,1,-0.15,19,6,3,1,2,-0.25,19,1.0,0.0
2021-02-06,2020-21,Bundesliga,Schalke 04,RB Leipzig,7,4,0,2,-0.4,19,7,3,0,1,-0.2,19,0.0,0.0
2021-02-06,2020-21,Bundesliga,Mainz,Union Berlin,8,3,0,1,-0.15,19,7,3,0,1,-0.25,19,1.0,1.0
2021-02-06,2020-21,Bundesliga,Leverkusen,Stuttgart,7,3,0,1,-0.25,19,8,3,0,1,-0.15,19,-1.0,1.0
2021-02-06,2020-21,Bundesliga,Freiburg,Dortmund,6,4,1,1,-0.45,19,7,3,0,1,-0.15,19,-1.0,1.0
2021-02-06,2020-21,Bundesliga,Augsburg,Wolfsburg,7,3,0,1,-0.15,19,6,3,1,1,-0.25,19,1.0,0.0
2021-02-06,2020-21,LaLiga,Levante,Granada,7,3,0,1,-0.15,20,6,3,1,2,-0.25,21,1.0,0.5
2021-02-06,2020-21,Ligue1,Lens,Rennes,3,5,1,2,-1.0,23,3,3,1,2,-0.6,22,0.0,0.5
2021-02-06,2020-21,Ligue1,Lyon,Strasbourg,3,4,1,3,-0.8,23,3,4,2,3,-0.8,23,0.0,1.0
2021-02-06,2020-21,Ligue1,Lorient,Reims,3,3,2,3,-0.6,22,3,4,2,3,-0.8,23,0.0,1.0
2021-02-06,2020-21,EPL,Aston Villa,Arsenal,3,5,1,3,-1.05,20,4,4,1,3,-0.35,22,-1.0,1.0
2021-02-07,2020-21,LaLiga,Betis,Barcelona,6,3,1,1,-0.25,21,7,2,0,1,0.05,20,-1.0,0.0
2021-02-07,2020-21,LaLiga,Osasuna,Eibar,6,3,1,1,-0.3,21,8,3,0,1,-0.1,21,-2.0,1.0
2021-02-07,2020-21,SerieA,Lazio,Cagliari,7,2,0,1,0.0,20,7,3,0,1,-0.2,20,0.0,1.0
2021-02-07,2020-21,SerieA,Parma,Bologna,7,2,0,1,-0.05,20,8,2,0,1,0.05,20,-1.0,0.0
2021-02-07,2020-21,EPL,Sheffield United,Chelsea,5,3,1,3,-0.1,22,3,4,1,3,-0.9,22,2.0,0.0
2021-02-07,2020-21,SerieA,Milan,Crotone,8,3,0,1,-0.15,20,7,2,0,1,-0.05,20,1.0,1.0
2021-02-07,2020-21,EPL,Liverpool,Man City,4,4,1,3,-0.4,22,4,4,1,3,-0.4,21,0.0,0.0
2021-02-07,2020-21,EPL,Wolves,Leicester,5,3,1,3,-0.15,22,4,4,1,3,-0.45,22,1.0,0.5
2021-02-07,2020-21,EPL,Tottenham,West Brom,3,3,1,3,-0.7,21,5,4,1,3,-0.3,22,-2.0,1.0
2021-02-07,2020-21,Ligue1,Brest,Bordeaux,4,3,1,2,-0.2,23,4,3,1,2,-0.2,23,0.0,1.0
2021-02-07,2020-21,Ligue1,Montpellier,Dijon,4,3,1,2,-0.2,23,4,4,1,3,-0.4,23,0.0,1.0
2021-02-07,2020-21,Ligue1,Nice,Angers,4,3,1,2,-0.2,22,4,3,1,2,-0.2,23,0.0,1.0
2021-02-07,2020-21,Ligue1,Nimes,Monaco,4,2,1,2,0.0,22,4,3,1,2,-0.2,23,0.0,0.0
2021-02-07,2020-21,Ligue1,St Etienne,Metz,4,3,1,2,-0.2,23,4,3,1,2,-0.2,23,0.0,1.0
2021-02-07,2020-21,Ligue1,Nantes,Lille,4,3,1,2,-0.2,23,4,3,1,2,-0.2,23,0.0,0.0
2021-02-07,2020-21,SerieA,Udinese,Verona,7,3,0,1,-0.2,20,7,2,0,1,0.0,20,0.0,1.0
2021-02-07,2020-21,Ligue1,Marseille,Paris SG,4,3,1,1,-0.2,21,4,3,1,2,-0.2,23,0.0,0.0
2021-02-07,2020-21,LaLiga,Sociedad,Cadiz,8,2,0,1,0.05,21,7,3,0,1,-0.25,21,1.0,1.0
2021-02-07,2020-21,Bundesliga,Hoffenheim,Ein Frankfurt,8,3,0,1,-0.2,19,8,3,0,1,-0.2,19,0.0,0.0
2021-02-07,2020-21,SerieA,Benevento,Sampdoria,8,2,0,1,0.0,20,8,2,0,1,0.0,20,0.0,0.5
2021-02-07,2020-21,LaLiga,Ath Bilbao,Valencia,7,2,0,2,-0.05,20,8,3,0,1,-0.15,21,-1.0,0.5
2021-02-08,2020-21,EPL,Leeds,Crystal Palace,5,3,1,3,-0.25,21,6,3,1,3,-0.15,22,-1.0,1.0
2021-02-08,2020-21,LaLiga,Ath Madrid,Celta,8,3,0,1,-0.2,19,8,3,0,1,-0.2,21,0.0,0.5
2021-02-09,2020-21,LaLiga,Real Madrid,Getafe,3,3,1,2,-0.6,21,3,4,1,2,-0.8,21,0.0,1.0
2021-02-12,2020-21,LaLiga,Celta,Elche,4,3,1,2,-0.3,22,6,3,1,2,-0.1,20,-2.0,1.0
2021-02-12,2020-21,Bundesliga,RB Leipzig,Augsburg,6,3,1,2,-0.2,20,6,3,1,2,-0.2,20,0.0,1.0
2021-02-12,2020-21,SerieA,Bologna,Benevento,5,3,1,2,-0.2,21,5,2,1,2,0.0,21,0.0,0.5
2021-02-13,2020-21,LaLiga,Granada,Ath Madrid,7,3,0,2,-0.1,22,5,3,1,2,-0.3,20,2.0,0.0
2021-02-13,2020-21,LaLiga,Sevilla,Huesca,7,2,0,1,0.0,21,7,2,0,1,0.0,22,0.0,1.0
2021-02-13,2020-21,SerieA,Napoli,Juventus,7,3,0,2,-0.2,20,7,3,0,1,-0.2,20,0.0,1.0
2021-02-13,2020-21,SerieA,Torino,Genoa,7,2,0,1,0.0,21,7,3,0,2,-0.2,21,0.0,0.5
2021-02-13,2020-21,Ligue1,Lyon,Montpellier,7,4,0,2,-0.35,24,6,3,1,2,-0.25,24,1.0,0.0
2021-02-13,2020-21,Ligue1,Reims,Lens,7,4,0,3,-0.4,24,7,3,0,2,-0.2,24,0.0,0.5
2021-02-13,2020-21,Ligue1,Paris SG,Nice,6,3,1,3,-0.2,24,6,3,1,3,-0.2,23,0.0,1.0
2021-02-13,2020-21,SerieA,Spezia,Milan,7,2,0,2,0.05,21,6,2,1,1,-0.05,21,1.0,1.0
2021-02-13,2020-21,LaLiga,Eibar,Valladolid,6,3,1,1,-0.3,22,8,2,0,1,0.1,22,-2.0,0.5
2021-02-13,2020-21,LaLiga,Barcelona,Alaves,6,3,1,2,-0.3,21,8,2,0,2,0.1,22,-2.0,1.0
2021-02-13,2020-21,Bundesliga,Dortmund,Hoffenheim,7,2,0,1,0.05,20,6,3,1,1,-0.25,20,1.0,0.5
2021-02-13,2020-21,Bundesliga,Leverkusen,Mainz,7,2,0,1,0.0,20,7,2,0,1,0.0,20,0.0,0.5
2021-02-13,2020-21,EPL,Man City,Tottenham,6,4,1,2,-0.4,22,6,4,1,3,-0.4,22,0.0,1.0
2021-02-13,2020-21,EPL,Crystal Palace,Burnley,5,4,1,2,-0.5,23,7,4,0,3,-0.3,22,-2.0,0.0
2021-02-13,2020-21,EPL,Leicester,Liverpool,6,4,1,3,-0.4,23,6,4,1,3,-0.4,23,0.0,1.0
2021-02-13,2020-21,EPL,Brighton,Aston Villa,7,4,0,3,-0.4,23,7,4,0,2,-0.4,21,0.0,0.5
2021-02-13,2020-21,Bundesliga,Union Berlin,Schalke 04,7,2,0,1,0.0,20,7,3,0,1,-0.2,20,0.0,0.5
2021-02-13,2020-21,Bundesliga,Werder Bremen,Freiburg,14,1,0,0,0.35,19,7,2,0,2,-0.35,20,7.0,0.5
2021-02-13,2020-21,Bundesliga,Stuttgart,Hertha,7,2,0,1,-0.05,20,8,2,0,1,0.05,20,-1.0,0.5
2021-02-14,2020-21,Bundesliga,Ein Frankfurt,FC Koln,7,2,0,1,-0.05,20,8,2,0,1,0.05,20,-1.0,1.0
2021-02-14,2020-21,SerieA,Crotone,Sassuolo,7,2,0,1,-0.05,21,8,2,0,1,0.05,21,-1.0,0.0
2021-02-14,2020-21,EPL,Southampton,Wolves,8,4,0,2,-0.35,22,7,4,0,2,-0.45,23,1.0,0.0
2021-02-14,2020-21,EPL,West Brom,Man United,7,4,0,2,-0.45,23,8,4,0,2,-0.35,23,-1.0,0.5
2021-02-14,2020-21,EPL,Arsenal,Leeds,8,4,0,2,-0.3,23,6,4,1,2,-0.5,22,2.0,1.0
2021-02-14,2020-21,EPL,Everton,Fulham,8,4,0,2,-0.4,21,8,4,0,2,-0.4,22,0.0,0.0
2021-02-14,2020-21,SerieA,Roma,Udinese,8,2,0,1,0.05,21,7,2,0,1,-0.05,21,1.0,1.0
2021-02-14,2020-21,SerieA,Sampdoria,Fiorentina,7,2,0,1,-0.1,21,9,2,0,1,0.1,21,-2.0,1.0
2021-02-14,2020-21,Bundesliga,Wolfsburg,M'gladbach,8,2,0,1,0.0,20,8,2,0,1,0.0,20,0.0,0.5
2021-02-14,2020-21,SerieA,Inter,Lazio,9,2,0,1,0.1,21,7,2,0,1,-0.1,21,2.0,1.0
2021-02-14,2020-21,LaLiga,Real Madrid,Valencia,5,3,1,2,-0.3,22,7,2,0,1,0.1,22,-2.0,1.0
2021-02-14,2020-21,SerieA,Cagliari,Atalanta,7,2,0,1,-0.05,21,8,2,0,1,0.05,21,-1.0,0.0
2021-02-14,2020-21,Ligue1,Bordeaux,Marseille,7,3,0,2,-0.2,24,7,2,0,2,0.0,22,0.0,0.5
2021-02-14,2020-21,Ligue1,Lille,Brest,7,3,0,2,-0.2,24,7,3,0,2,-0.2,24,0.0,0.5
2021-02-14,2020-21,Ligue1,Rennes,St Etienne,8,2,0,2,0.05,23,7,3,0,2,-0.25,24,1.0,0.0
2021-02-14,2020-21,Ligue1,Metz,Strasbourg,7,3,0,2,-0.25,24,8,3,0,2,-0.15,24,-1.0,0.0
2021-02-14,2020-21,Ligue1,Dijon,Nimes,7,4,0,2,-0.4,24,7,3,0,2,-0.2,23,0.0,0.0
2021-02-14,2020-21,LaLiga,Villarreal,Betis,8,2,0,1,0.05,22,7,2,0,2,-0.05,22,1.0,0.0
2021-02-14,2020-21,LaLiga,Levante,Osasuna,8,2,0,1,0.05,21,7,2,0,2,-0.05,22,1.0,0.0
2021-02-14,2020-21,Ligue1,Angers,Nantes,7,3,0,2,-0.2,24,7,3,0,2,-0.2,24,0.0,0.0
2021-02-14,2020-21,Ligue1,Monaco,Lorient,7,3,0,2,-0.25,24,8,4,0,2,-0.35,23,-1.0,0.5
2021-02-14,2020-21,LaLiga,Getafe,Sociedad,5,4,1,2,-0.5,22,7,2,0,1,0.1,22,-2.0,0.0
2021-02-15,2020-21,Bundesliga,Bayern Munich,Bielefeld,10,2,0,1,-0.25,20,15,1,0,0,0.25,19,-5.0,0.5
2021-02-15,2020-21,EPL,Chelsea,Newcastle,8,4,0,2,-0.45,23,9,4,0,2,-0.35,23,-1.0,1.0
2021-02-15,2020-21,EPL,West Ham,Sheffield United,9,4,0,2,-0.35,23,8,4,0,2,-0.45,23,1.0,1.0
2021-02-15,2020-21,SerieA,Verona,Parma,8,2,0,1,0.0,21,8,2,0,1,0.0,21,0.0,1.0
2021-02-15,2020-21,LaLiga,Cadiz,Ath Bilbao,8,2,0,1,0.0,22,8,2,0,1,0.0,21,0.0,0.0
2021-02-17,2020-21,EPL,Everton,Man City,3,4,1,2,-0.85,22,4,4,1,2,-0.35,23,-1.0,0.0
2021-02-17,2020-21,EPL,Burnley,Fulham,4,4,1,2,-0.35,23,3,4,1,2,-0.85,23,1.0,0.5
2021-02-17,2020-21,Ligue1,Marseille,Nice,3,3,1,2,-0.65,23,4,4,1,2,-0.35,24,-1.0,1.0
2021-02-17,2020-21,LaLiga,Levante,Ath Madrid,3,3,1,2,-0.65,22,4,3,1,2,-0.15,21,-1.0,0.5
2021-02-19,2020-21,Ligue1,Brest,Lyon,5,4,1,2,-0.45,25,6,3,1,2,-0.15,25,-1.0,0.0
2021-02-19,2020-21,SerieA,Cagliari,Torino,5,3,1,2,-0.25,22,6,2,1,2,0.05,22,-1.0,0.0
2021-02-19,2020-21,SerieA,Fiorentina,Spezia,5,2,1,1,-0.05,22,6,3,1,2,-0.15,22,-1.0,1.0
2021-02-19,2020-21,Bundesliga,Bielefeld,Wolfsburg,4,2,1,1,-0.05,20,5,3,1,2,-0.15,21,-1.0,0.0
2021-02-19,2020-21,LaLiga,Betis,Getafe,5,3,1,2,-0.2,23,5,4,1,3,-0.4,23,0.0,1.0
2021-02-19,2020-21,EPL,Wolves,Leeds,5,4,1,2,-0.4,24,5,4,1,2,-0.4,23,0.0,1.0
2021-02-20,2020-21,EPL,Fulham,Sheffield United,3,4,2,2,-0.9,24,5,3,1,2,-0.1,24,-2.0,1.0
2021-02-20,2020-21,EPL,Liverpool,Everton,7,4,0,2,-0.2,24,3,4,2,2,-1.0,23,4.0,0.0
2021-02-20,2020-21,LaLiga,Valladolid,Real Madrid,7,2,0,1,0.05,23,6,3,1,2,-0.25,23,1.0,0.0
2021-02-20,2020-21,EPL,Burnley,West Brom,3,5,1,2,-1.15,24,6,3,1,2,-0.05,24,-3.0,0.5
2021-02-20,2020-21,LaLiga,Ath Madrid,Levante,3,4,1,3,-0.8,22,3,3,2,2,-0.6,23,0.0,0.0
2021-02-20,2020-21,EPL,Southampton,Chelsea,6,3,1,1,-0.15,23,5,4,1,2,-0.45,24,1.0,0.5
2021-02-20,2020-21,Ligue1,St Etienne,Reims,6,4,1,2,-0.45,25,7,4,0,1,-0.35,25,-1.0,0.5
2021-02-20,2020-21,Ligue1,Nantes,Marseille,6,4,1,2,-0.25,25,3,4,2,3,-0.95,24,3.0,0.5
2021-02-20,2020-21,LaLiga,Valencia,Celta,6,2,1,2,-0.1,23,8,3,0,2,-0.1,23,-2.0,1.0
2021-02-20,2020-21,LaLiga,Elche,Eibar,8,2,0,1,0.05,21,7,2,0,2,-0.05,23,1.0,1.0
2021-02-20,2020-21,Bundesliga,FC Koln,Stuttgart,6,3,1,1,-0.25,21,7,2,0,1,0.05,21,-1.0,0.0
2021-02-20,2020-21,SerieA,Sassuolo,Bologna,6,3,1,1,-0.3,22,8,2,0,2,0.1,22,-2.0,0.5
2021-02-20,2020-21,SerieA,Genoa,Verona,7,3,0,1,-0.1,22,5,3,1,2,-0.3,22,2.0,0.5
2021-02-20,2020-21,SerieA,Lazio,Sampdoria,6,3,1,2,-0.2,22,6,2,1,2,0.0,22,0.0,1.0
2021-02-20,2020-21,Bundesliga,Ein Frankfurt,Bayern Munich,6,2,1,2,0.05,21,5,2,1,1,-0.05,21,1.0,1.0
2021-02-20,2020-21,Bundesliga,Schalke 04,Dortmund,7,2,0,1,0.0,21,7,2,0,1,0.0,21,0.0,0.0
2021-02-20,2020-21,Bundesliga,M'gladbach,Mainz,6,2,1,1,-0.05,21,7,2,0,1,0.05,21,-1.0,0.0
2021-02-20,2020-21,Bundesliga,Freiburg,Union Berlin,7,3,0,1,-0.2,21,7,2,0,1,0.0,21,0.0,0.0
2021-02-21,2020-21,Bundesliga,Hertha,RB Leipzig,8,2,0,1,-0.05,21,9,2,0,1,0.05,21,-1.0,0.0
2021-02-21,2020-21,EPL,Arsenal,Man City,7,3,0,1,-0.05,24,4,4,1,2,-0.55,24,3.0,0.0
2021-02-21,2020-21,LaLiga,Ath Bilbao,Villarreal,6,2,1,1,-0.05,22,7,2,0,1,0.05,23,-1.0,0.5
2021-02-21,2020-21,LaLiga,Huesca,Granada,8,2,0,1,0.0,23,8,2,0,1,0.0,23,0.0,1.0
2021-02-21,2020-21,LaLiga,Sociedad,Alaves,7,2,0,1,-0.05,23,8,2,0,1,0.05,23,-1.0,1.0
2021-02-21,2020-21,LaLiga,Barcelona,Cadiz,8,2,0,1,0.1,22,6,2,1,1,-0.1,23,2.0,0.5
2021-02-21,2020-21,EPL,Man United,Newcastle,7,3,0,1,-0.15,24,6,3,1,1,-0.25,24,1.0,1.0
2021-02-21,2020-21,EPL,Aston Villa,Leicester,8,3,0,1,-0.2,22,8,3,0,1,-0.2,24,0.0,0.0
2021-02-21,2020-21,Ligue1,Montpellier,Rennes,8,3,0,1,-0.15,25,7,3,0,1,-0.25,24,1.0,1.0
2021-02-21,2020-21,Bundesliga,Augsburg,Leverkusen,9,2,0,1,0.05,21,8,2,0,1,-0.05,21,1.0,0.5
2021-02-21,2020-21,Ligue1,Lens,Dijon,8,3,0,1,-0.15,25,7,3,0,1,-0.25,25,1.0,1.0
2021-02-21,2020-21,SerieA,Benevento,Roma,9,2,0,1,0.1,22,7,2,0,1,-0.1,22,2.0,0.5
2021-02-21,2020-21,SerieA,Milan,Inter,8,2,0,1,0.05,22,7,2,0,1,-0.05,22,1.0,0.0
2021-02-21,2020-21,SerieA,Atalanta,Napoli,7,2,0,1,-0.05,22,8,2,0,1,0.05,21,-1.0,1.0
2021-02-21,2020-21,Ligue1,Nice,Metz,4,4,1,2,-0.55,25,7,3,0,1,-0.05,25,-3.0,0.0
2021-02-21,2020-21,Bundesliga,Hoffenheim,Werder Bremen,8,2,0,1,0.0,21,8,1,0,1,0.0,20,0.0,1.0
2021-02-21,2020-21,EPL,West Ham,Tottenham,6,3,1,1,-0.3,24,8,3,0,1,-0.1,23,-2.0,1.0
2021-02-21,2020-21,Ligue1,Nimes,Bordeaux,7,3,0,1,-0.2,24,7,3,0,1,-0.2,25,0.0,1.0
2021-02-21,2020-21,Ligue1,Strasbourg,Angers,7,3,0,1,-0.2,25,7,3,0,1,-0.2,25,0.0,0.5
2021-02-21,2020-21,Ligue1,Lorient,Lille,7,3,0,1,-0.2,24,7,3,0,1,-0.2,25,0.0,0.0
2021-02-21,2020-21,Ligue1,Paris SG,Monaco,8,3,0,1,-0.15,25,7,3,0,1,-0.25,25,1.0,0.0
2021-02-21,2020-21,SerieA,Parma,Udinese,6,2,1,1,-0.05,22,7,2,0,1,0.05,22,-1.0,0.5
2021-02-22,2020-21,LaLiga,Osasuna,Sevilla,8,2,0,1,-0.05,23,9,2,0,1,0.05,22,-1.0,0.0
2021-02-22,2020-21,EPL,Brighton,Crystal Palace,9,3,0,1,-0.2,24,9,3,0,1,-0.2,24,0.0,0.0
2021-02-22,2020-21,SerieA,Juventus,Crotone,9,2,0,1,0.05,21,8,2,0,1,-0.05,22,1.0,1.0
2021-02-23,2020-21,EPL,Leeds,Southampton,4,4,1,2,-0.35,24,3,3,1,2,-0.65,24,1.0,1.0
2021-02-24,2020-21,Ligue1,Nimes,Lorient,3,3,1,2,-0.6,25,3,3,1,2,-0.6,25,0.0,1.0
2021-02-24,2020-21,LaLiga,Barcelona,Elche,3,3,1,2,-0.65,23,4,3,1,2,-0.15,22,-1.0,1.0
2021-02-26,2020-21,Ligue1,Rennes,Nice,5,3,1,2,-0.2,25,5,4,1,3,-0.4,26,0.0,0.0
2021-02-26,2020-21,Bundesliga,Werder Bremen,Ein Frankfurt,5,2,1,2,-0.05,21,6,3,1,2,-0.15,22,-1.0,1.0
2021-02-26,2020-21,LaLiga,Levante,Ath Bilbao,6,4,1,3,-0.35,24,5,3,1,2,-0.25,23,1.0,0.5
2021-02-27,2020-21,EPL,West Brom,Brighton,7,3,0,2,-0.1,25,5,2,1,1,-0.1,25,2.0,1.0
2021-02-27,2020-21,EPL,Newcastle,Wolves,6,2,1,2,-0.1,25,8,3,0,2,-0.1,25,-2.0,0.5
2021-02-27,2020-21,SerieA,Bologna,Lazio,7,3,0,1,-0.2,23,7,3,0,2,-0.2,23,0.0,1.0
2021-02-27,2020-21,Ligue1,Bordeaux,Metz,6,3,1,2,-0.2,26,6,3,1,2,-0.2,26,0.0,0.0
2021-02-27,2020-21,Ligue1,Dijon,Paris SG,6,3,1,2,-0.2,26,6,3,1,1,-0.2,26,0.0,0.0
2021-02-27,2020-21,SerieA,Verona,Juventus,7,3,0,2,-0.1,23,5,2,1,1,-0.1,22,2.0,0.5
2021-02-27,2020-21,LaLiga,Getafe,Valencia,8,3,0,2,-0.15,24,7,3,0,2,-0.25,24,1.0,1.0
2021-02-27,2020-21,EPL,Leeds,Aston Villa,4,4,1,3,-0.5,25,6,2,1,1,0.1,23,-2.0,0.0
2021-02-27,2020-21,EPL,Man City,West Ham,6,4,1,2,-0.4,25,6,2,1,2,0.0,25,0.0,1.0
2021-02-27,2020-21,LaLiga,Alaves,Osasuna,6,2,1,1,0.05,24,5,3,1,2,-0.25,24,1.0,0.0
2021-02-27,2020-21,Bundesliga,Dortmund,Bielefeld,7,2,0,1,-0.05,22,8,2,0,2,0.05,21,-1.0,1.0
2021-02-27,2020-21,LaLiga,Eibar,Huesca,7,3,0,1,-0.15,24,6,2,1,1,-0.05,24,1.0,0.5
2021-02-27,2020-21,SerieA,Spezia,Parma,8,2,0,1,0.1,23,6,3,1,2,-0.3,23,2.0,0.5
2021-02-27,2020-21,Bundesliga,RB Leipzig,M'gladbach,6,2,1,1,-0.05,22,7,2,0,2,0.05,22,-1.0,1.0
2021-02-27,2020-21,Bundesliga,Bayern Munich,FC Koln,7,2,0,2,0.0,22,7,2,0,2,0.0,22,0.0,1.0
2021-02-27,2020-21,LaLiga,Sevilla,Barcelona,5,2,1,1,0.1,23,3,4,2,2,-0.9,24,2.0,0.0
2021-02-27,2020-21,Bundesliga,Stuttgart,Schalke 04,7,2,0,1,0.0,22,7,2,0,1,0.0,22,0.0,1.0
2021-02-27,2020-21,Bundesliga,Wolfsburg,Hertha,8,2,0,2,0.1,22,6,2,1,1,-0.1,22,2.0,1.0
2021-02-28,2020-21,SerieA,Roma,Milan,7,2,0,1,0.0,23,7,2,0,1,0.0,23,0.0,0.0
2021-02-28,2020-21,Ligue1,Marseille,Lyon,8,3,0,2,-0.25,25,9,2,0,1,0.05,26,-1.0,0.5
2021-02-28,2020-21,Bundesliga,Leverkusen,Freiburg,7,2,0,1,-0.05,22,8,2,0,1,0.05,22,-1.0,0.0
2021-02-28,2020-21,Bundesliga,Mainz,Augsburg,8,2,0,1,0.05,22,7,2,0,1,-0.05,22,1.0,0.0
2021-02-28,2020-21,Bundesliga,Union Berlin,Hoffenheim,8,2,0,1,0.05,22,7,2,0,1,-0.05,22,1.0,0.5
2021-02-28,2020-21,LaLiga,Celta,Valladolid,8,3,0,1,-0.2,24,8,2,0,1,0.0,24,0.0,0.5
2021-02-28,2020-21,Ligue1,Angers,Lens,7,2,0,1,0.0,26,7,2,0,1,0.0,26,0.0,0.5
2021-02-28,2020-21,Ligue1,Lorient,St Etienne,4,3,1,2,-0.4,26,8,2,0,1,0.2,26,-4.0,1.0
2021-02-28,2020-21,Ligue1,Nimes,Nantes,4,3,1,2,-0.4,26,8,2,0,1,0.2,26,-4.0,0.5
2021-02-28,2020-21,Ligue1,Reims,Montpellier,8,2,0,1,0.05,26,7,2,0,1,-0.05,26,1.0,0.5
2021-02-28,2020-21,Ligue1,Lille,Strasbourg,7,2,0,1,0.0,26,7,2,0,1,0.0,26,0.0,0.5
2021-02-28,2020-21,Ligue1,Monaco,Brest,7,2,0,1,-0.1,26,9,2,0,1,0.1,26,-2.0,1.0
2021-02-28,2020-21,SerieA,Udinese,Fiorentina,7,2,0,1,-0.1,23,9,2,0,1,0.1,23,-2.0,1.0
2021-02-28,2020-21,SerieA,Napoli,Benevento,7,2,0,1,0.0,22,7,2,0,1,0.0,23,0.0,1.0
2021-02-28,2020-21,SerieA,Crotone,Cagliari,6,2,1,1,-0.15,23,9,2,0,1,0.15,23,-3.0,0.0
2021-02-28,2020-21,SerieA,Sampdoria,Atalanta,8,2,0,1,0.05,23,7,2,0,1,-0.05,23,1.0,0.0
2021-02-28,2020-21,LaLiga,Cadiz,Betis,7,2,0,2,-0.1,24,9,2,0,1,0.1,24,-2.0,0.0
2021-02-28,2020-21,LaLiga,Granada,Elche,7,2,0,1,0.15,24,4,3,1,2,-0.35,23,3.0,1.0
2021-02-28,2020-21,LaLiga,Villarreal,Ath Madrid,7,2,0,1,-0.05,24,8,4,0,2,-0.35,23,-1.0,0.0
2021-02-28,2020-21,EPL,Tottenham,Burnley,7,2,0,1,-0.05,24,8,3,0,2,-0.15,25,-1.0,1.0
2021-02-28,2020-21,EPL,Leicester,Arsenal,7,2,0,1,0.0,25,7,2,0,1,0.0,25,0.0,0.0
2021-02-28,2020-21,EPL,Crystal Palace,Fulham,6,3,1,1,-0.3,25,8,3,0,2,-0.1,25,-2.0,0.5
2021-02-28,2020-21,SerieA,Inter,Genoa,7,2,0,1,-0.05,23,8,2,0,1,0.05,23,-1.0,1.0
2021-02-28,2020-21,EPL,Sheffield United,Liverpool,8,2,0,2,0.0,25,8,2,0,1,0.0,25,0.0,0.0
2021-02-28,2020-21,EPL,Chelsea,Man United,8,2,0,2,0.05,25,7,2,0,1,-0.05,25,1.0,0.5
2021-03-01,2020-21,LaLiga,Real Madrid,Sociedad,9,3,0,1,-0.15,24,8,2,0,1,-0.05,24,1.0,0.5
2021-03-01,2020-21,EPL,Everton,Southampton,9,3,0,2,-0.05,24,6,3,1,2,-0.35,25,3.0,1.0
2021-03-02,2020-21,SerieA,Juventus,Spezia,3,3,1,2,-0.6,23,3,3,1,2,-0.6,24,0.0,1.0
2021-03-02,2020-21,EPL,Man City,Wolves,3,4,1,3,-0.8,26,3,3,1,2,-0.6,26,0.0,1.0
2021-03-03,2020-21,Ligue1,Nice,Nimes,5,4,1,2,-0.3,27,3,4,1,3,-0.9,27,2.0,1.0
2021-03-03,2020-21,Ligue1,St Etienne,Lens,3,3,1,2,-0.6,27,3,3,1,2,-0.6,27,0.0,0.0
2021-03-03,2020-21,Ligue1,Lille,Marseille,3,3,1,2,-0.6,27,3,4,1,2,-0.8,26,0.0,1.0
2021-03-03,2020-21,Ligue1,Nantes,Reims,3,3,1,2,-0.6,27,3,3,1,2,-0.6,27,0.0,0.0
2021-03-03,2020-21,Ligue1,Montpellier,Lorient,3,3,1,2,-0.6,27,3,4,1,3,-0.8,27,0.0,0.5
2021-03-03,2020-21,SerieA,Genoa,Sampdoria,3,3,1,2,-0.6,24,3,3,1,2,-0.6,24,0.0,0.5
2021-03-03,2020-21,Ligue1,Strasbourg,Monaco,3,3,1,2,-0.6,27,3,3,1,2,-0.6,27,0.0,1.0
2021-03-03,2020-21,Ligue1,Bordeaux,Paris SG,4,3,1,2,-0.2,27,4,3,1,2,-0.2,27,0.0,0.0
2021-03-03,2020-21,Ligue1,Metz,Angers,4,3,1,2,-0.15,27,3,3,1,2,-0.65,27,1.0,0.0
2021-03-03,2020-21,SerieA,Cagliari,Bologna,3,3,1,2,-0.65,24,4,3,1,2,-0.15,24,-1.0,1.0
2021-03-03,2020-21,Ligue1,Brest,Dijon,3,3,1,2,-0.65,27,4,3,1,2,-0.15,27,-1.0,1.0
2021-03-03,2020-21,SerieA,Fiorentina,Roma,3,3,1,2,-0.6,24,3,3,1,2,-0.6,24,0.0,0.0
2021-03-03,2020-21,EPL,Burnley,Leicester,3,4,1,2,-0.8,26,3,3,1,2,-0.6,26,0.0,0.5
2021-03-03,2020-21,EPL,Sheffield United,Aston Villa,3,3,1,2,-0.65,26,4,3,1,2,-0.15,24,-1.0,1.0
2021-03-03,2020-21,EPL,Crystal Palace,Man United,3,3,1,2,-0.6,26,3,3,1,2,-0.6,26,0.0,0.5
2021-03-03,2020-21,SerieA,Benevento,Verona,3,3,1,2,-0.65,24,4,3,1,2,-0.15,24,-1.0,0.0
2021-03-03,2020-21,SerieA,Milan,Udinese,3,3,1,2,-0.6,24,3,3,1,2,-0.6,24,0.0,0.5
2021-03-03,2020-21,SerieA,Sassuolo,Napoli,11,2,0,1,0.4,23,3,3,1,2,-1.0,23,8.0,0.5
2021-03-03,2020-21,SerieA,Atalanta,Crotone,3,3,1,2,-0.6,24,3,3,1,2,-0.6,24,0.0,1.0
2021-03-03,2020-21,Ligue1,Lyon,Rennes,3,3,1,2,-0.7,27,5,3,1,2,-0.1,26,-2.0,1.0
2021-03-04,2020-21,EPL,West Brom,Everton,5,3,1,2,-0.1,26,3,4,1,2,-0.9,25,2.0,0.0
2021-03-04,2020-21,SerieA,Parma,Inter,5,3,1,2,-0.15,24,4,3,1,2,-0.25,24,1.0,0.0
2021-03-04,2020-21,EPL,Liverpool,Chelsea,4,3,1,2,-0.2,26,4,3,1,2,-0.2,26,0.0,0.0
2021-03-04,2020-21,EPL,Fulham,Tottenham,4,4,1,2,-0.4,26,4,3,1,2,-0.2,25,0.0,0.0
2021-03-05,2020-21,Bundesliga,Schalke 04,Mainz,6,3,1,2,-0.15,23,5,3,1,2,-0.25,23,1.0,0.5
2021-03-05,2020-21,LaLiga,Valencia,Villarreal,6,3,1,2,-0.15,25,5,3,1,2,-0.25,25,1.0,1.0
2021-03-06,2020-21,LaLiga,Osasuna,Barcelona,7,3,0,2,-0.2,25,7,3,0,3,-0.2,25,0.0,0.0
2021-03-06,2020-21,SerieA,Juventus,Lazio,4,3,1,3,-0.35,24,7,3,0,1,-0.05,24,-3.0,1.0
2021-03-06,2020-21,Bundesliga,Hoffenheim,Wolfsburg,6,2,1,2,-0.05,23,7,3,0,1,-0.15,23,-1.0,1.0
2021-03-06,2020-21,Bundesliga,Hertha,Augsburg,7,2,0,2,0.05,23,6,2,1,2,-0.05,23,1.0,1.0
2021-03-06,2020-21,Bundesliga,Freiburg,RB Leipzig,6,2,1,1,-0.05,23,7,2,0,2,0.05,23,-1.0,0.0
2021-03-06,2020-21,Bundesliga,Ein Frankfurt,Stuttgart,8,3,0,1,-0.15,23,7,2,0,1,-0.05,23,1.0,0.5
2021-03-06,2020-21,LaLiga,Cadiz,Eibar,6,3,1,2,-0.25,25,7,2,0,1,0.05,25,-1.0,1.0
2021-03-06,2020-21,LaLiga,Elche,Sevilla,6,3,1,2,-0.25,24,7,2,0,2,0.05,24,-1.0,1.0
2021-03-06,2020-21,LaLiga,Valladolid,Getafe,6,2,1,1,-0.05,25,7,3,0,1,-0.15,25,-1.0,1.0
2021-03-06,2020-21,SerieA,Udinese,Sassuolo,3,4,2,3,-0.8,25,3,3,1,1,-0.6,24,0.0,1.0
2021-03-06,2020-21,SerieA,Spezia,Benevento,4,3,1,2,-0.15,25,3,3,2,3,-0.65,25,1.0,0.5
2021-03-06,2020-21,Bundesliga,Bayern Munich,Dortmund,7,3,0,1,-0.2,23,7,2,0,1,0.0,23,0.0,1.0
2021-03-06,2020-21,Bundesliga,M'gladbach,Leverkusen,7,3,0,1,-0.15,23,6,2,1,2,-0.05,23,1.0,0.0
2021-03-06,2020-21,EPL,Aston Villa,Wolves,3,3,1,3,-0.65,25,4,4,1,2,-0.35,27,-1.0,0.5
2021-03-06,2020-21,EPL,Sheffield United,Southampton,3,4,2,2,-0.9,27,5,4,1,2,-0.3,26,-2.0,0.0
2021-03-06,2020-21,EPL,Burnley,Arsenal,3,4,2,2,-0.95,27,6,3,1,2,-0.05,26,-3.0,0.5
2021-03-06,2020-21,EPL,Brighton,Leicester,7,2,0,2,0.2,26,3,3,2,3,-0.8,27,4.0,0.0
2021-03-07,2020-21,EPL,Liverpool,Fulham,3,3,1,2,-0.6,27,3,4,1,2,-0.8,27,0.0,0.0
2021-03-07,2020-21,LaLiga,Ath Bilbao,Granada,9,3,0,1,-0.1,24,7,2,0,1,-0.1,25,2.0,1.0
2021-03-07,2020-21,LaLiga,Sociedad,Levante,6,2,1,1,-0.15,25,9,3,0,1,-0.05,25,-3.0,1.0
2021-03-07,2020-21,LaLiga,Ath Madrid,Real Madrid,7,3,0,1,-0.15,24,6,2,1,1,-0.05,25,1.0,0.5
2021-03-07,2020-21,LaLiga,Huesca,Celta,8,2,0,1,0.05,25,7,2,0,1,-0.05,25,1.0,0.0
2021-03-07,2020-21,SerieA,Roma,Genoa,4,3,1,2,-0.2,25,4,3,1,2,-0.2,25,0.0,1.0
2021-03-07,2020-21,EPL,Man City,Man United,5,4,1,2,-0.35,27,4,3,1,2,-0.25,27,1.0,0.0
2021-03-07,2020-21,EPL,West Brom,Newcastle,3,3,1,2,-0.85,27,8,3,0,1,0.05,26,-5.0,0.5
2021-03-07,2020-21,SerieA,Crotone,Torino,4,3,1,3,-0.7,25,16,1,0,0,0.5,23,-10.0,1.0
2021-03-07,2020-21,SerieA,Fiorentina,Parma,4,3,1,2,-0.15,25,3,4,1,2,-0.85,25,1.0,0.5
2021-03-07,2020-21,SerieA,Verona,Milan,4,4,1,2,-0.4,25,4,3,1,2,-0.2,25,0.0,0.0
2021-03-07,2020-21,SerieA,Sampdoria,Cagliari,4,3,1,2,-0.2,25,4,3,1,2,-0.2,25,0.0,0.5
2021-03-07,2020-21,Bundesliga,FC Koln,Werder Bremen,8,2,0,1,-0.05,23,9,2,0,1,0.05,22,-1.0,0.5
2021-03-07,2020-21,Bundesliga,Bielefeld,Union Berlin,8,3,0,1,-0.15,22,7,2,0,1,-0.05,23,1.0,0.5
2021-03-07,2020-21,SerieA,Napoli,Bologna,4,3,1,2,-0.2,24,4,3,1,2,-0.2,25,0.0,1.0
2021-03-07,2020-21,EPL,Tottenham,Crystal Palace,3,3,1,2,-0.65,26,4,3,1,3,-0.15,27,-1.0,1.0
2021-03-08,2020-21,EPL,West Ham,Leeds,9,2,0,1,0.0,26,9,3,0,2,-0.2,26,0.0,1.0
2021-03-08,2020-21,LaLiga,Betis,Alaves,8,2,0,1,-0.05,25,9,2,0,1,0.05,25,-1.0,1.0
2021-03-08,2020-21,SerieA,Inter,Atalanta,4,3,1,2,-0.25,25,5,3,1,2,-0.15,25,-1.0,1.0
2021-03-08,2020-21,EPL,Chelsea,Everton,4,3,1,2,-0.2,27,4,4,1,2,-0.4,26,0.0,1.0
2021-03-10,2020-21,Ligue1,Marseille,Rennes,7,3,0,2,-0.2,27,7,3,0,2,-0.2,27,0.0,1.0
2021-03-10,2020-21,LaLiga,Ath Madrid,Ath Bilbao,3,3,1,2,-0.6,25,3,3,1,2,-0.6,25,0.0,1.0
2021-03-10,2020-21,EPL,Man City,Southampton,3,4,1,3,-0.85,28,4,4,1,2,-0.35,27,-1.0,1.0
2021-03-10,2020-21,Bundesliga,Bielefeld,Werder Bremen,3,3,1,2,-0.6,23,3,3,1,2,-0.6,23,0.0,0.0
2021-03-12,2020-21,LaLiga,Levante,Valencia,5,3,1,1,-0.3,26,7,3,0,2,-0.1,26,-2.0,1.0
2021-03-12,2020-21,SerieA,Atalanta,Spezia,4,4,1,3,-0.5,26,6,3,1,3,-0.1,26,-2.0,1.0
2021-03-12,2020-21,SerieA,Lazio,Crotone,6,3,1,2,-0.15,25,5,4,1,3,-0.45,26,1.0,1.0
2021-03-12,2020-21,Bundesliga,Augsburg,M'gladbach,6,3,1,2,-0.2,24,6,3,1,2,-0.2,24,0.0,1.0
2021-03-12,2020-21,EPL,Newcastle,Aston Villa,5,3,1,2,-0.25,27,6,4,1,3,-0.35,26,-1.0,0.5
2021-03-12,2020-21,Ligue1,Reims,Lyon,9,3,0,2,-0.2,28,9,2,0,2,0.0,28,0.0,0.5
2021-03-13,2020-21,Bundesliga,Dortmund,Hertha,7,2,0,1,0.0,24,7,3,0,1,-0.2,24,0.0,1.0
2021-03-13,2020-21,Bundesliga,Werder Bremen,Bayern Munich,3,4,2,2,-1.0,24,7,2,0,1,0.2,24,-4.0,0.0
2021-03-13,2020-21,SerieA,Sassuolo,Verona,7,2,0,2,0.05,25,6,3,1,2,-0.25,26,1.0,1.0
2021-03-13,2020-21,SerieA,Benevento,Fiorentina,7,4,0,3,-0.35,26,6,3,1,3,-0.25,26,1.0,0.0
2021-03-13,2020-21,SerieA,Genoa,Udinese,6,3,1,3,-0.25,26,7,4,0,3,-0.35,26,-1.0,0.5
2021-03-13,2020-21,Ligue1,Marseille,Brest,3,3,1,3,-0.95,28,10,2,0,2,0.35,28,-7.0,1.0
2021-03-13,2020-21,Ligue1,Angers,St Etienne,10,3,0,2,-0.2,28,10,2,0,2,0.0,28,0.0,0.0
2021-03-13,2020-21,Bundesliga,Wolfsburg,Schalke 04,7,2,0,1,-0.05,24,8,2,0,1,0.05,24,-1.0,1.0
2021-03-13,2020-21,Bundesliga,Mainz,Freiburg,8,2,0,2,0.05,24,7,2,0,2,-0.05,24,1.0,1.0
2021-03-13,2020-21,Bundesliga,Union Berlin,FC Koln,6,2,1,2,0.0,24,6,2,1,1,0.0,24,0.0,1.0
2021-03-13,2020-21,EPL,Fulham,Man City,6,3,1,3,-0.05,28,3,5,2,3,-1.15,29,3.0,0.0
2021-03-13,2020-21,EPL,Everton,Burnley,5,3,1,3,-0.3,27,7,3,0,3,-0.1,28,-2.0,0.0
2021-03-13,2020-21,LaLiga,Getafe,Ath Madrid,7,2,0,1,0.2,26,3,3,2,3,-0.8,26,4.0,0.5
2021-03-13,2020-21,EPL,Leeds,Chelsea,5,3,1,1,-0.2,27,5,3,1,3,-0.2,28,0.0,0.5
2021-03-13,2020-21,EPL,Crystal Palace,West Brom,6,4,1,3,-0.4,28,6,3,1,2,-0.2,28,0.0,1.0
2021-03-13,2020-21,LaLiga,Real Madrid,Elche,6,2,1,2,-0.05,26,7,3,0,2,-0.15,25,-1.0,1.0
2021-03-13,2020-21,LaLiga,Osasuna,Valladolid,7,3,0,1,-0.2,26,7,2,0,2,0.0,26,0.0,0.5
2021-03-13,2020-21,LaLiga,Alaves,Cadiz,5,3,1,1,-0.3,26,7,3,0,2,-0.1,26,-2.0,0.5
2021-03-14,2020-21,Bundesliga,Leverkusen,Bielefeld,8,2,0,1,0.2,24,4,3,1,2,-0.4,24,4.0,0.0
2021-03-14,2020-21,SerieA,Milan,Napoli,7,3,0,2,-0.2,26,7,3,0,2,-0.2,25,0.0,0.0
2021-03-14,2020-21,SerieA,Torino,Inter,7,1,0,1,0.05,24,6,3,1,2,-0.25,26,1.0,0.0
2021-03-14,2020-21,SerieA,Parma,Roma,7,3,0,2,-0.2,26,7,3,0,2,-0.2,26,0.0,1.0
2021-03-14,2020-21,SerieA,Bologna,Sampdoria,7,3,0,2,-0.2,26,7,3,0,2,-0.2,26,0.0,1.0
2021-03-14,2020-21,LaLiga,Celta,Ath Bilbao,7,2,0,1,0.15,26,4,3,1,2,-0.35,26,3.0,0.5
2021-03-14,2020-21,LaLiga,Granada,Sociedad,7,2,0,1,0.0,26,7,2,0,2,0.0,26,0.0,1.0
2021-03-14,2020-21,SerieA,Cagliari,Juventus,7,3,0,2,-0.25,26,8,4,0,2,-0.35,25,-1.0,0.0
2021-03-14,2020-21,LaLiga,Sevilla,Betis,8,3,0,1,-0.1,25,6,2,1,1,-0.1,26,2.0,1.0
2021-03-14,2020-21,EPL,Man United,West Ham,7,3,0,2,-0.15,28,6,2,1,1,-0.05,27,1.0,1.0
2021-03-14,2020-21,EPL,Leicester,Sheffield United,8,3,0,2,-0.2,28,8,3,0,2,-0.2,28,0.0,1.0
2021-03-14,2020-21,Bundesliga,Stuttgart,Hoffenheim,8,2,0,1,0.0,24,8,2,0,1,0.0,24,0.0,1.0
2021-03-14,2020-21,Bundesliga,RB Leipzig,Ein Frankfurt,8,2,0,1,0.0,24,8,2,0,1,0.0,24,0.0,0.5
2021-03-14,2020-21,Ligue1,Nimes,Montpellier,11,3,0,1,-0.2,28,11,2,0,1,0.0,28,0.0,0.5
2021-03-14,2020-21,Ligue1,Dijon,Bordeaux,11,2,0,1,0.0,28,11,2,0,1,0.0,28,0.0,0.0
2021-03-14,2020-21,EPL,Arsenal,Tottenham,8,2,0,1,0.05,27,7,3,0,2,-0.25,27,1.0,1.0
2021-03-14,2020-21,Ligue1,Lorient,Nice,11,3,0,1,-0.2,28,11,2,0,1,0.0,28,0.0,0.5
2021-03-14,2020-21,Ligue1,Lens,Metz,11,2,0,1,0.0,28,11,2,0,1,0.0,28,0.0,0.5
2021-03-14,2020-21,Ligue1,Monaco,Lille,11,2,0,1,0.0,28,11,2,0,1,0.0,28,0.0,0.5
2021-03-14,2020-21,Ligue1,Paris SG,Nantes,11,2,0,1,0.0,28,11,2,0,1,0.0,28,0.0,0.0
2021-03-14,2020-21,EPL,Southampton,Brighton,4,4,1,3,-0.6,28,8,3,0,1,0.0,27,-4.0,0.0
2021-03-14,2020-21,Ligue1,Rennes,Strasbourg,4,3,1,2,-0.55,28,11,2,0,1,0.35,28,-7.0,1.0
2021-03-14,2020-21,LaLiga,Eibar,Villarreal,8,2,0,1,-0.05,26,9,2,0,1,0.05,26,-1.0,0.0
2021-03-15,2020-21,EPL,Wolves,Liverpool,9,3,0,2,-0.15,28,8,3,0,2,-0.25,28,1.0,0.0
2021-03-15,2020-21,LaLiga,Barcelona,Huesca,9,3,0,1,-0.15,26,8,2,0,1,-0.05,26,1.0,1.0
2021-03-17,2020-21,SerieA,Torino,Sassuolo,3,2,1,2,-0.45,25,4,3,1,2,-0.15,26,-1.0,1.0
2021-03-17,2020-21,LaLiga,Sevilla,Elche,3,3,1,2,-0.65,26,4,3,1,2,-0.15,26,-1.0,1.0
2021-03-19,2020-21,Bundesliga,Bielefeld,RB Leipzig,5,4,1,3,-0.4,25,5,3,1,2,-0.2,25,0.0,0.0
2021-03-19,2020-21,EPL,Fulham,Leeds,6,4,1,2,-0.4,29,6,3,1,2,-0.2,28,0.0,0.0
2021-03-19,2020-21,LaLiga,Betis,Levante,5,3,1,2,-0.3,27,7,2,0,2,0.1,27,-2.0,1.0
2021-03-19,2020-21,SerieA,Parma,Genoa,5,4,1,2,-0.45,27,6,4,1,2,-0.35,27,-1.0,0.0
2021-03-19,2020-21,Ligue1,St Etienne,Monaco,6,3,1,1,-0.15,29,5,3,1,1,-0.25,29,1.0,0.0
2021-03-20,2020-21,LaLiga,Ath Bilbao,Eibar,6,3,1,3,-0.2,27,6,2,1,1,0.0,27,0.0,0.5
2021-03-20,2020-21,Bundesliga,Bayern Munich,Stuttgart,7,2,0,1,0.05,25,6,2,1,1,-0.05,25,1.0,1.0
2021-03-20,2020-21,Bundesliga,Ein Frankfurt,Union Berlin,6,2,1,1,-0.05,25,7,3,0,2,-0.15,25,-1.0,1.0
2021-03-20,2020-21,Bundesliga,FC Koln,Dortmund,7,2,0,2,0.0,25,7,2,0,1,0.0,25,0.0,0.5
2021-03-20,2020-21,Bundesliga,Werder Bremen,Wolfsburg,7,3,0,3,-0.2,25,7,2,0,1,0.0,25,0.0,0.0
2021-03-20,2020-21,LaLiga,Valladolid,Sevilla,7,3,0,1,0.0,27,3,3,2,2,-0.8,27,4.0,0.5
2021-03-20,2020-21,Bundesliga,Schalke 04,M'gladbach,7,2,0,1,-0.05,25,8,2,0,1,0.05,25,-1.0,0.0
2021-03-20,2020-21,LaLiga,Huesca,Osasuna,5,2,1,2,-0.1,27,7,2,0,1,0.1,27,-2.0,0.5
2021-03-20,2020-21,Ligue1,Metz,Rennes,6,2,1,1,0.0,29,6,3,1,2,-0.2,29,0.0,0.0
2021-03-20,2020-21,Ligue1,Nice,Marseille,6,2,1,1,-0.05,29,7,4,0,2,-0.35,29,-1.0,1.0
2021-03-20,2020-21,EPL,Brighton,Newcastle,6,2,1,1,-0.1,28,8,2,0,2,0.1,28,-2.0,1.0
2021-03-20,2020-21,SerieA,Spezia,Cagliari,8,3,0,1,-0.1,27,6,4,1,2,-0.5,27,2.0,1.0
2021-03-20,2020-21,SerieA,Crotone,Bologna,8,4,0,2,-0.3,27,6,3,1,2,-0.3,27,2.0,0.0
2021-03-20,2020-21,LaLiga,Celta,Real Madrid,6,3,1,2,-0.25,27,7,3,0,2,-0.15,27,-1.0,0.0
2021-03-21,2020-21,Ligue1,Strasbourg,Lens,7,2,0,1,0.0,29,7,2,0,1,0.0,29,0.0,0.0
2021-03-21,2020-21,LaLiga,Valencia,Granada,9,2,0,1,0.1,27,7,2,0,1,-0.1,27,2.0,1.0
2021-03-21,2020-21,Ligue1,Dijon,Reims,7,2,0,1,-0.1,29,9,2,0,1,0.1,29,-2.0,0.0
2021-03-21,2020-21,Ligue1,Montpellier,Bordeaux,7,2,0,1,0.0,29,7,2,0,1,0.0,29,0.0,1.0
2021-03-21,2020-21,Ligue1,Lyon,Paris SG,9,2,0,1,0.1,29,7,2,0,1,-0.1,29,2.0,0.0
2021-03-21,2020-21,Ligue1,Lille,Nimes,7,2,0,1,0.0,29,7,2,0,1,0.0,29,0.0,0.0
2021-03-21,2020-21,Ligue1,Nantes,Lorient,7,2,0,1,0.0,29,7,2,0,1,0.0,29,0.0,0.5
2021-03-21,2020-21,LaLiga,Getafe,Elche,8,2,0,1,0.2,27,4,3,1,2,-0.4,27,4.0,0.5
2021-03-21,2020-21,LaLiga,Sociedad,Barcelona,7,3,0,1,-0.15,27,6,2,1,1,-0.05,27,1.0,0.0
2021-03-21,2020-21,Ligue1,Brest,Angers,8,2,0,1,0.0,29,8,2,0,1,0.0,29,0.0,0.5
2021-03-21,2020-21,LaLiga,Ath Madrid,Alaves,8,3,0,2,-0.2,27,8,2,0,2,0.0,27,0.0,1.0
2021-03-21,2020-21,LaLiga,Villarreal,Cadiz,7,2,0,1,-0.05,27,8,2,0,1,0.05,27,-1.0,1.0
2021-03-21,2020-21,Bundesliga,Hoffenheim,Mainz,7,2,0,1,-0.05,25,8,2,0,1,0.05,25,-1.0,0.0
2021-03-21,2020-21,SerieA,Verona,Atalanta,8,3,0,1,-0.25,27,9,3,0,2,-0.15,27,-1.0,0.0
2021-03-21,2020-21,SerieA,Juventus,Benevento,7,3,0,1,-0.25,26,8,3,0,1,-0.15,27,-1.0,0.0
2021-03-21,2020-21,SerieA,Sampdoria,Torino,7,3,0,1,-0.05,27,4,3,1,2,-0.35,26,3.0,1.0
2021-03-21,2020-21,SerieA,Udinese,Lazio,8,3,0,1,-0.25,27,9,2,0,1,0.05,26,-1.0,0.0
2021-03-21,2020-21,SerieA,Roma,Napoli,7,3,0,1,-0.2,27,7,3,0,1,-0.2,26,0.0,0.0
2021-03-21,2020-21,EPL,Aston Villa,Tottenham,9,3,0,1,-0.1,27,7,3,0,1,-0.3,28,2.0,0.0
2021-03-21,2020-21,SerieA,Fiorentina,Milan,8,3,0,1,-0.15,27,7,3,0,1,-0.25,27,1.0,0.0
2021-03-21,2020-21,Bundesliga,Hertha,Leverkusen,8,2,0,1,0.05,25,7,2,0,1,-0.05,25,1.0,1.0
2021-03-21,2020-21,Bundesliga,Freiburg,Augsburg,8,2,0,1,-0.05,25,9,2,0,1,0.05,25,-1.0,1.0
2021-03-21,2020-21,EPL,West Ham,Arsenal,7,2,0,2,0.0,28,7,2,0,1,0.0,28,0.0,0.5
2021-04-02,2020-21,LaLiga,Levante,Huesca,14,1,0,0,0.05,28,13,2,0,1,-0.05,28,1.0,0.0
2021-04-03,2020-21,Ligue1,Lens,Lyon,13,2,0,1,0.0,30,13,1,0,1,0.0,30,0.0,0.5
2021-04-03,2020-21,Ligue1,Paris SG,Lille,13,2,0,1,0.0,30,13,2,0,1,0.0,30,0.0,0.0
2021-04-03,2020-21,Ligue1,Monaco,Metz,15,2,0,0,0.05,30,14,2,0,0,-0.05,30,1.0,1.0
2021-04-03,2020-21,Bundesliga,Wolfsburg,FC Koln,14,1,0,0,0.0,26,14,1,0,0,0.0,26,0.0,1.0
2021-04-03,2020-21,Bundesliga,RB Leipzig,Bayern Munich,15,2,0,0,0.05,26,14,1,0,0,-0.05,26,1.0,0.0
2021-04-03,2020-21,SerieA,Cagliari,Verona,14,2,0,0,0.05,28,13,1,0,1,-0.05,28,1.0,0.0
2021-04-03,2020-21,SerieA,Lazio,Spezia,13,1,0,1,-0.05,27,14,1,0,0,0.05,28,-1.0,1.0
2021-04-03,2020-21,SerieA,Torino,Juventus,13,3,0,1,-0.2,27,13,2,0,1,0.0,27,0.0,0.5
2021-04-03,2020-21,SerieA,Genoa,Fiorentina,15,1,0,0,0.1,28,13,1,0,1,-0.1,28,2.0,0.5
2021-04-03,2020-21,SerieA,Milan,Sampdoria,13,2,0,1,0.0,28,13,2,0,1,0.0,28,0.0,0.5
2021-04-03,2020-21,SerieA,Atalanta,Udinese,13,1,0,1,0.0,28,13,1,0,1,0.0,28,0.0,1.0
2021-04-03,2020-21,SerieA,Benevento,Parma,13,1,0,1,-0.1,28,15,2,0,0,0.1,28,-2.0,0.5
2021-04-03,2020-21,SerieA,Bologna,Inter,14,2,0,0,-0.3,28,20,1,0,0,0.3,27,-6.0,0.0
2021-04-03,2020-21,LaLiga,Osasuna,Getafe,14,1,0,0,0.05,28,13,1,0,1,-0.05,28,1.0,0.5
2021-04-03,2020-21,SerieA,Sassuolo,Roma,17,1,0,0,0.2,27,13,2,0,1,-0.2,28,4.0,0.5
2021-04-03,2020-21,Bundesliga,Augsburg,Hoffenheim,13,1,0,1,0.0,26,13,2,0,1,0.0,26,0.0,1.0
2021-04-03,2020-21,SerieA,Napoli,Crotone,13,2,0,1,-0.05,27,14,1,0,0,0.05,28,-1.0,1.0
2021-04-03,2020-21,LaLiga,Real Madrid,Eibar,14,1,0,0,0.0,28,14,2,0,0,0.0,28,0.0,1.0
2021-04-03,2020-21,LaLiga,Granada,Villarreal,13,2,0,1,0.0,28,13,2,0,1,0.0,28,0.0,0.0
2021-04-03,2020-21,Bundesliga,M'gladbach,Freiburg,14,1,0,0,0.05,26,13,1,0,1,-0.05,26,1.0,1.0
2021-04-03,2020-21,Bundesliga,Dortmund,Ein Frankfurt,14,1,0,0,0.0,26,14,2,0,0,0.0,26,0.0,0.0
2021-04-03,2020-21,Bundesliga,Leverkusen,Schalke 04,13,2,0,1,-0.05,26,14,1,0,0,0.05,26,-1.0,1.0
2021-04-03,2020-21,EPL,Arsenal,Liverpool,13,2,0,1,-0.3,29,19,1,0,0,0.3,29,-6.0,0.0
2021-04-03,2020-21,Bundesliga,Mainz,Bielefeld,13,1,0,1,-0.1,26,15,2,0,0,0.1,26,-2.0,0.5
2021-04-03,2020-21,EPL,Chelsea,West Brom,21,0,0,0,0.0,29,21,0,0,0,0.0,29,0.0,0.0
2021-04-03,2020-21,EPL,Leeds,Sheffield United,15,1,0,0,-0.25,29,20,1,0,0,0.25,29,-5.0,1.0
2021-04-03,2020-21,EPL,Leicester,Man City,20,1,0,0,-0.05,29,21,0,0,0,0.05,30,-1.0,0.0
2021-04-04,2020-21,LaLiga,Sevilla,Ath Madrid,15,2,0,0,0.05,28,14,1,0,0,-0.05,28,1.0,1.0
2021-04-04,2020-21,EPL,Aston Villa,Fulham,14,1,0,0,-0.1,28,16,1,0,0,0.1,30,-2.0,1.0
2021-04-04,2020-21,LaLiga,Cadiz,Valencia,14,1,0,0,0.0,28,14,1,0,0,0.0,28,0.0,1.0
2021-04-04,2020-21,EPL,Southampton,Burnley,21,0,0,0,-0.05,29,22,0,0,0,0.05,29,-1.0,1.0
2021-04-04,2020-21,Bundesliga,Union Berlin,Hertha,15,1,0,0,0.05,26,14,1,0,0,-0.05,26,1.0,0.5
2021-04-04,2020-21,Bundesliga,Stuttgart,Werder Bremen,15,1,0,0,0.0,26,15,1,0,0,0.0,26,0.0,1.0
2021-04-04,2020-21,LaLiga,Alaves,Celta,14,1,0,0,-0.05,28,15,1,0,0,0.05,28,-1.0,0.0
2021-04-04,2020-21,EPL,Man United,Brighton,21,0,0,0,0.3,29,15,1,0,0,-0.3,29,6.0,1.0
2021-04-04,2020-21,EPL,Newcastle,Tottenham,15,1,0,0,0.05,29,14,1,0,0,-0.05,29,1.0,0.5
2021-04-04,2020-21,LaLiga,Elche,Betis,14,2,0,0,-0.1,28,16,1,0,0,0.1,28,-2.0,0.5
2021-04-04,2020-21,Ligue1,Bordeaux,Strasbourg,14,1,0,0,0.0,30,14,1,0,0,0.0,30,0.0,0.0
2021-04-04,2020-21,Ligue1,Angers,Montpellier,14,1,0,0,0.0,30,14,1,0,0,0.0,30,0.0,0.5
2021-04-04,2020-21,Ligue1,Marseille,Dijon,15,1,0,0,0.05,30,14,1,0,0,-0.05,30,1.0,1.0
2021-04-04,2020-21,Ligue1,Nimes,St Etienne,14,1,0,0,-0.1,30,16,1,0,0,0.1,30,-2.0,0.0
2021-04-04,2020-21,Ligue1,Reims,Rennes,14,1,0,0,-0.05,30,15,1,0,0,0.05,30,-1.0,0.5
2021-04-04,2020-21,Ligue1,Nantes,Nice,14,1,0,0,-0.05,30,15,1,0,0,0.05,30,-1.0,0.0
2021-04-04,2020-21,Ligue1,Lorient,Brest,14,1,0,0,0.0,30,14,1,0,0,0.0,30,0.0,1.0
2021-04-05,2020-21,EPL,Wolves,West Ham,21,0,0,0,0.3,29,15,1,0,0,-0.3,29,6.0,0.0
2021-04-05,2020-21,EPL,Everton,Crystal Palace,23,0,0,0,0.0,28,23,0,0,0,0.0,29,0.0,0.5
2021-04-05,2020-21,LaLiga,Barcelona,Valladolid,15,1,0,0,-0.05,28,16,1,0,0,0.05,28,-1.0,1.0
2021-04-07,2020-21,LaLiga,Sociedad,Ath Bilbao,17,1,0,0,-0.05,28,18,1,0,0,0.05,28,-1.0,0.5
2021-04-07,2020-21,SerieA,Juventus,Napoli,4,2,1,1,0.0,28,4,2,1,1,0.0,28,0.0,1.0
2021-04-07,2020-21,SerieA,Inter,Sassuolo,4,1,1,1,0.0,28,4,1,1,1,0.0,28,0.0,1.0
2021-04-09,2020-21,LaLiga,Huesca,Elche,7,2,0,1,0.1,29,5,2,1,1,-0.1,29,2.0,1.0
2021-04-09,2020-21,Bundesliga,Bielefeld,Freiburg,6,1,1,1,0.0,27,6,2,1,1,0.0,27,0.0,1.0
2021-04-09,2020-21,EPL,Fulham,Wolves,5,1,1,1,0.05,31,4,1,1,1,-0.05,30,1.0,0.0
2021-04-09,2020-21,Ligue1,Metz,Lille,6,2,1,1,0.0,31,6,2,1,1,0.0,31,0.0,0.0
2021-04-10,2020-21,Bundesliga,Stuttgart,Dortmund,6,1,1,1,-0.05,27,7,1,0,1,0.05,27,-1.0,0.0
2021-04-10,2020-21,EPL,Man City,Leeds,7,1,0,1,0.0,31,7,1,0,1,0.0,30,0.0,0.0
2021-04-10,2020-21,Bundesliga,Hertha,M'gladbach,6,2,1,1,-0.05,27,7,1,0,1,0.05,27,-1.0,0.5
2021-04-10,2020-21,EPL,Liverpool,Aston Villa,7,1,0,1,0.05,30,6,2,1,1,-0.05,29,1.0,1.0
2021-04-10,2020-21,EPL,Crystal Palace,Chelsea,5,1,1,1,-0.1,30,7,1,0,1,0.1,30,-2.0,0.0
2021-04-10,2020-21,Bundesliga,Bayern Munich,Union Berlin,7,1,0,1,0.05,27,6,1,1,1,-0.05,27,1.0,0.5
2021-04-10,2020-21,Bundesliga,Werder Bremen,RB Leipzig,6,1,1,1,-0.05,27,7,1,0,1,0.05,27,-1.0,0.0
2021-04-10,2020-21,Ligue1,Montpellier,Marseille,6,2,1,1,0.0,31,6,1,1,1,0.0,31,0.0,0.5
2021-04-10,2020-21,Bundesliga,Ein Frankfurt,Wolfsburg,7,1,0,1,0.0,27,7,1,0,1,0.0,27,0.0,1.0
2021-04-10,2020-21,LaLiga,Eibar,Levante,7,1,0,1,-0.05,29,8,1,0,1,0.05,29,-1.0,0.0
2021-04-10,2020-21,LaLiga,Ath Bilbao,Alaves,3,1,1,1,-0.55,29,6,2,1,1,0.15,29,-3.0,0.5
2021-04-10,2020-21,LaLiga,Getafe,Cadiz,7,2,0,1,0.05,29,6,2,1,1,-0.05,29,1.0,0.0
2021-04-10,2020-21,SerieA,Spezia,Crotone,7,1,0,1,0.0,29,7,1,0,1,0.0,29,0.0,1.0
2021-04-10,2020-21,Ligue1,Strasbourg,Paris SG,6,2,1,1,-0.05,31,7,2,0,1,0.05,31,-1.0,0.0
2021-04-10,2020-21,SerieA,Parma,Milan,7,1,0,1,0.0,29,7,2,0,1,0.0,29,0.0,0.0
2021-04-10,2020-21,SerieA,Udinese,Torino,7,2,0,1,0.0,29,7,2,0,1,0.0,28,0.0,0.0
2021-04-10,2020-21,LaLiga,Real Madrid,Barcelona,7,1,0,1,0.1,29,5,2,1,1,-0.1,29,2.0,1.0
2021-04-11,2020-21,Ligue1,St Etienne,Bordeaux,7,1,0,1,0.0,31,7,1,0,1,0.0,31,0.0,1.0
2021-04-11,2020-21,Ligue1,Monaco,Dijon,8,1,0,1,0.05,31,7,1,0,1,-0.05,31,1.0,1.0
2021-04-11,2020-21,Ligue1,Lyon,Angers,8,1,0,1,0.05,31,7,1,0,1,-0.05,31,1.0,1.0
2021-04-11,2020-21,SerieA,Juventus,Genoa,4,2,1,2,-0.2,29,8,1,0,1,0.2,29,-4.0,1.0
2021-04-11,2020-21,LaLiga,Villarreal,Osasuna,8,1,0,1,0.0,29,8,1,0,1,0.0,29,0.0,0.0
2021-04-11,2020-21,LaLiga,Valencia,Sociedad,7,1,0,1,0.15,29,4,1,1,1,-0.15,29,3.0,0.5
2021-04-11,2020-21,LaLiga,Valladolid,Granada,6,1,1,1,-0.1,29,8,1,0,1,0.1,29,-2.0,0.0
2021-04-11,2020-21,EPL,Burnley,Newcastle,7,1,0,1,0.0,30,7,1,0,1,0.0,30,0.0,0.0
2021-04-11,2020-21,EPL,West Ham,Leicester,6,1,1,1,-0.1,30,8,1,0,1,0.1,30,-2.0,1.0
2021-04-11,2020-21,EPL,Tottenham,Man United,7,1,0,1,0.0,30,7,1,0,1,0.0,30,0.0,0.0
2021-04-11,2020-21,EPL,Sheffield United,Arsenal,8,1,0,1,0.0,30,8,1,0,1,0.0,30,0.0,0.0
2021-04-11,2020-21,Ligue1,Nice,Reims,7,1,0,1,0.0,31,7,1,0,1,0.0,31,0.0,0.5
2021-04-11,2020-21,Ligue1,Lens,Lorient,8,1,0,1,0.05,31,7,1,0,1,-0.05,31,1.0,1.0
2021-04-11,2020-21,SerieA,Sampdoria,Napoli,8,1,0,1,0.2,29,4,2,1,2,-0.2,29,4.0,0.0
2021-04-11,2020-21,Bundesliga,FC Koln,Mainz,8,1,0,1,0.0,27,8,1,0,1,0.0,27,0.0,0.0
2021-04-11,2020-21,Bundesliga,Schalke 04,Augsburg,8,1,0,1,0.0,27,8,1,0,1,0.0,27,0.0,1.0
2021-04-11,2020-21,LaLiga,Betis,Ath Madrid,7,1,0,1,0.0,29,7,1,0,1,0.0,29,0.0,0.5
2021-04-11,2020-21,Ligue1,Brest,Nimes,7,1,0,1,0.0,31,7,1,0,1,0.0,31,0.0,0.5
2021-04-11,2020-21,Ligue1,Rennes,Nantes,7,1,0,1,0.0,31,7,1,0,1,0.0,31,0.0,1.0
2021-04-11,2020-21,SerieA,Inter,Cagliari,4,2,1,2,-0.2,29,8,1,0,1,0.2,29,-4.0,1.0
2021-04-11,2020-21,SerieA,Verona,Lazio,8,1,0,1,0.0,29,8,1,0,1,0.0,28,0.0,0.0
2021-04-11,2020-21,SerieA,Roma,Bologna,8,1,0,1,0.0,29,8,1,0,1,0.0,29,0.0,1.0
2021-04-11,2020-21,SerieA,Fiorentina,Atalanta,8,1,0,1,0.0,29,8,1,0,1,0.0,29,0.0,0.0
2021-04-12,2020-21,Bundesliga,Hoffenheim,Leverkusen,9,1,0,1,0.0,27,9,1,0,1,0.0,27,0.0,0.5
2021-04-12,2020-21,LaLiga,Celta,Sevilla,8,1,0,1,0.0,29,8,1,0,1,0.0,29,0.0,0.0
2021-04-12,2020-21,EPL,West Brom,Southampton,9,1,0,1,0.05,30,8,1,0,1,-0.05,30,1.0,1.0
2021-04-12,2020-21,EPL,Brighton,Everton,8,1,0,1,0.05,30,7,1,0,1,-0.05,29,1.0,0.5
2021-04-12,2020-21,SerieA,Benevento,Sassuolo,9,1,0,1,0.2,29,5,2,1,2,-0.2,29,4.0,0.0
2021-04-16,2020-21,Bundesliga,RB Leipzig,Hoffenheim,6,2,1,2,0.1,28,4,2,1,2,-0.1,28,2.0,0.5
2021-04-16,2020-21,EPL,Everton,Tottenham,4,2,1,2,-0.05,30,5,2,1,2,0.05,31,-1.0,0.5
2021-04-16,2020-21,Ligue1,Lille,Montpellier,7,2,0,2,0.05,32,6,2,1,2,-0.05,32,1.0,0.5
2021-04-17,2020-21,SerieA,Crotone,Udinese,7,2,0,1,0.0,30,7,2,0,1,0.0,30,0.0,0.0
2021-04-17,2020-21,SerieA,Cagliari,Parma,6,2,1,1,-0.05,30,7,2,0,1,0.05,30,-1.0,1.0
2021-04-17,2020-21,Ligue1,Marseille,Lorient,7,2,0,2,0.05,32,6,2,1,2,-0.05,32,1.0,1.0
2021-04-17,2020-21,Ligue1,Angers,Rennes,6,2,1,2,0.0,32,6,2,1,2,0.0,32,0.0,0.0
2021-04-17,2020-21,Bundesliga,Leverkusen,FC Koln,5,2,1,1,-0.05,28,6,2,1,1,0.05,28,-1.0,1.0
2021-04-17,2020-21,Bundesliga,Wolfsburg,Bayern Munich,7,2,0,1,0.0,28,7,2,0,1,0.0,28,0.0,0.0
2021-04-17,2020-21,Bundesliga,Union Berlin,Stuttgart,7,2,0,2,0.0,28,7,2,0,2,0.0,28,0.0,1.0
2021-04-17,2020-21,Bundesliga,Freiburg,Schalke 04,8,2,0,1,0.1,28,6,2,1,1,-0.1,28,2.0,1.0
2021-04-17,2020-21,Bundesliga,Augsburg,Bielefeld,6,2,1,1,-0.1,28,8,2,0,1,0.1,28,-2.0,0.5
2021-04-17,2020-21,EPL,Wolves,Sheffield United,8,2,0,2,0.1,31,6,2,1,1,-0.1,31,2.0,1.0
2021-04-17,2020-21,EPL,Newcastle,West Ham,6,2,1,2,0.0,31,6,2,1,2,0.0,31,0.0,1.0
2021-04-17,2020-21,SerieA,Sassuolo,Fiorentina,5,3,1,2,-0.25,30,6,2,1,1,0.05,30,-1.0,1.0
2021-04-17,2020-21,SerieA,Sampdoria,Verona,6,2,1,1,0.0,30,6,2,1,1,0.0,30,0.0,1.0
2021-04-17,2020-21,Bundesliga,M'gladbach,Ein Frankfurt,7,2,0,1,0.0,28,7,2,0,1,0.0,28,0.0,1.0
2021-04-18,2020-21,Bundesliga,Dortmund,Werder Bremen,8,2,0,1,0.0,28,8,2,0,1,0.0,28,0.0,1.0
2021-04-18,2020-21,EPL,Arsenal,Fulham,7,2,0,1,-0.1,31,9,2,0,1,0.1,32,-2.0,0.5
2021-04-18,2020-21,EPL,Man United,Burnley,7,2,0,1,0.0,31,7,2,0,1,0.0,31,0.0,1.0
2021-04-18,2020-21,LaLiga,Ath Madrid,Eibar,7,2,0,1,-0.05,30,8,2,0,1,0.05,30,-1.0,1.0
2021-04-18,2020-21,Ligue1,Bordeaux,Monaco,7,2,0,1,0.0,32,7,2,0,1,0.0,32,0.0,0.0
2021-04-18,2020-21,SerieA,Napoli,Inter,7,3,0,2,-0.2,30,7,3,0,2,-0.2,30,0.0,0.5
2021-04-18,2020-21,SerieA,Torino,Roma,8,2,0,1,0.05,29,7,2,0,1,-0.05,30,1.0,1.0
2021-04-18,2020-21,SerieA,Lazio,Benevento,7,2,0,1,0.05,29,6,2,1,1,-0.05,30,1.0,1.0
2021-04-18,2020-21,SerieA,Bologna,Spezia,7,2,0,1,-0.05,30,8,2,0,1,0.05,30,-1.0,1.0
2021-04-18,2020-21,LaLiga,Levante,Villarreal,8,2,0,1,0.05,30,7,2,0,1,-0.05,30,1.0,0.0
2021-04-18,2020-21,LaLiga,Getafe,Real Madrid,8,2,0,1,0.0,30,8,2,0,1,0.0,30,0.0,0.5
2021-04-18,2020-21,LaLiga,Cadiz,Celta,8,2,0,1,0.1,30,6,2,1,1,-0.1,30,2.0,0.5
2021-04-18,2020-21,LaLiga,Betis,Valencia,7,2,0,1,0.0,30,7,2,0,1,0.0,30,0.0,0.5
2021-04-18,2020-21,SerieA,Atalanta,Juventus,7,2,0,1,0.0,30,7,3,0,2,-0.2,30,0.0,1.0
2021-04-18,2020-21,LaLiga,Sociedad,Sevilla,7,2,0,2,0.05,30,6,2,1,1,-0.05,30,1.0,0.0
2021-04-18,2020-21,LaLiga,Alaves,Huesca,8,2,0,1,-0.05,30,9,2,0,1,0.05,30,-1.0,1.0
2021-04-18,2020-21,SerieA,Milan,Genoa,8,2,0,1,0.05,30,7,2,0,1,-0.05,30,1.0,1.0
2021-04-18,2020-21,Ligue1,Brest,Lens,7,2,0,1,0.0,32,7,2,0,1,0.0,32,0.0,0.5
2021-04-18,2020-21,Ligue1,Dijon,Nice,7,2,0,1,0.0,32,7,2,0,1,0.0,32,0.0,1.0
2021-04-18,2020-21,Ligue1,Nantes,Lyon,7,2,0,1,0.0,32,7,2,0,1,0.0,32,0.0,0.0
2021-04-18,2020-21,LaLiga,Osasuna,Elche,7,2,0,1,-0.1,30,9,2,0,1,0.1,30,-2.0,1.0
2021-04-18,2020-21,Ligue1,Reims,Metz,7,2,0,1,-0.1,32,9,2,0,1,0.1,32,-2.0,0.5
2021-04-18,2020-21,Ligue1,Nimes,Strasbourg,7,2,0,1,-0.05,32,8,2,0,1,0.05,32,-1.0,0.5
2021-04-18,2020-21,Ligue1,Paris SG,St Etienne,8,2,0,1,0.05,32,7,2,0,1,-0.05,32,1.0,1.0
2021-04-19,2020-21,EPL,Leeds,Liverpool,9,2,0,1,0.0,31,9,2,0,1,0.0,31,0.0,0.5
2021-04-20,2020-21,SerieA,Verona,Fiorentina,3,3,1,2,-0.6,31,3,3,1,2,-0.6,31,0.0,0.0
2021-04-20,2020-21,Bundesliga,Ein Frankfurt,Augsburg,3,3,1,2,-0.6,29,3,3,1,2,-0.6,29,0.0,1.0
2021-04-20,2020-21,Bundesliga,Bayern Munich,Leverkusen,3,3,1,2,-0.6,29,3,3,1,2,-0.6,29,0.0,1.0
2021-04-20,2020-21,EPL,Chelsea,Brighton,10,2,0,1,0.1,31,8,2,0,1,-0.1,31,2.0,0.5
2021-04-20,2020-21,Bundesliga,FC Koln,RB Leipzig,3,3,1,2,-0.65,29,4,3,1,2,-0.15,29,-1.0,1.0
2021-04-20,2020-21,Bundesliga,Bielefeld,Schalke 04,3,3,1,2,-0.6,29,3,3,1,2,-0.6,29,0.0,1.0
2021-04-21,2020-21,LaLiga,Cadiz,Real Madrid,3,3,1,2,-0.6,31,3,3,1,2,-0.6,31,0.0,0.0
2021-04-21,2020-21,SerieA,Bologna,Torino,3,3,1,2,-0.6,31,3,3,1,2,-0.6,30,0.0,0.5
2021-04-21,2020-21,SerieA,Milan,Sassuolo,3,3,1,2,-0.65,31,4,4,1,2,-0.35,31,-1.0,0.0
2021-04-21,2020-21,SerieA,Crotone,Sampdoria,4,3,1,2,-0.2,31,4,3,1,2,-0.2,31,0.0,0.0
2021-04-21,2020-21,SerieA,Juventus,Parma,3,4,1,2,-0.85,31,4,3,1,2,-0.15,31,-1.0,1.0
2021-04-21,2020-21,LaLiga,Elche,Valladolid,3,3,1,2,-0.95,31,10,2,0,1,0.35,30,-7.0,0.5
2021-04-21,2020-21,Bundesliga,Werder Bremen,Mainz,3,3,1,2,-0.95,29,10,2,0,1,0.35,28,-7.0,0.0
2021-04-21,2020-21,Bundesliga,Stuttgart,Wolfsburg,4,3,1,2,-0.2,29,4,3,1,2,-0.2,29,0.0,0.0
2021-04-21,2020-21,Bundesliga,Hoffenheim,M'gladbach,5,3,1,2,-0.15,29,4,3,1,2,-0.25,29,1.0,1.0
2021-04-21,2020-21,Bundesliga,Dortmund,Union Berlin,3,3,1,2,-0.65,29,4,3,1,2,-0.15,29,-1.0,1.0
2021-04-21,2020-21,SerieA,Genoa,Benevento,3,3,1,2,-0.6,31,3,3,1,2,-0.6,31,0.0,0.5
2021-04-21,2020-21,EPL,Aston Villa,Man City,11,2,0,1,0.0,30,11,2,0,1,0.0,32,0.0,0.0
2021-04-21,2020-21,EPL,Tottenham,Southampton,5,3,1,2,-0.4,32,9,2,0,1,0.2,31,-4.0,1.0
2021-04-21,2020-21,LaLiga,Alaves,Villarreal,3,3,1,2,-0.6,31,3,3,1,2,-0.6,31,0.0,1.0
2021-04-21,2020-21,LaLiga,Osasuna,Valencia,3,3,1,2,-0.6,31,3,3,1,2,-0.6,31,0.0,1.0
2021-04-21,2020-21,SerieA,Spezia,Inter,3,3,1,2,-0.6,31,3,4,1,2,-0.8,31,0.0,0.5
2021-04-21,2020-21,SerieA,Udinese,Cagliari,4,3,1,2,-0.2,31,4,3,1,2,-0.2,31,0.0,0.0
2021-04-21,2020-21,LaLiga,Levante,Sevilla,3,3,1,2,-0.6,31,3,3,1,2,-0.6,31,0.0,0.0
2021-04-21,2020-21,LaLiga,Betis,Ath Bilbao,3,3,1,2,-1.0,31,11,2,0,1,0.4,30,-8.0,0.5
2021-04-22,2020-21,LaLiga,Ath Madrid,Huesca,4,3,1,2,-0.2,31,4,3,1,2,-0.2,31,0.0,1.0
2021-04-22,2020-21,SerieA,Napoli,Lazio,4,4,1,2,-0.4,31,4,3,1,2,-0.2,30,0.0,1.0
2021-04-22,2020-21,SerieA,Roma,Atalanta,4,3,1,2,-0.2,31,4,3,1,2,-0.2,31,0.0,0.5
2021-04-22,2020-21,LaLiga,Granada,Eibar,11,2,0,1,0.35,30,4,3,1,2,-0.55,31,7.0,1.0
2021-04-22,2020-21,LaLiga,Sociedad,Celta,4,3,1,2,-0.2,31,4,3,1,2,-0.2,31,0.0,1.0
2021-04-22,2020-21,LaLiga,Barcelona,Getafe,12,2,0,1,0.4,30,4,3,1,2,-0.6,31,8.0,1.0
2021-04-22,2020-21,EPL,Leicester,West Brom,11,2,0,1,0.05,31,10,2,0,1,-0.05,31,1.0,1.0
2021-04-23,2020-21,Ligue1,Reims,Marseille,5,3,1,2,-0.25,33,6,3,1,2,-0.15,33,-1.0,0.0
2021-04-23,2020-21,Bundesliga,Augsburg,FC Koln,3,4,2,3,-0.8,30,3,4,2,3,-0.8,30,0.0,0.0
2021-04-23,2020-21,EPL,Arsenal,Everton,5,3,1,2,-0.3,32,7,3,0,2,-0.1,31,-2.0,0.0
2021-04-24,2020-21,SerieA,Sassuolo,Sampdoria,3,4,1,3,-0.8,32,3,3,1,3,-0.6,32,0.0,1.0
2021-04-24,2020-21,SerieA,Genoa,Spezia,3,3,2,3,-0.6,32,3,3,2,2,-0.6,32,0.0,1.0
2021-04-24,2020-21,Bundesliga,Union Berlin,Werder Bremen,3,4,1,2,-0.8,30,3,4,2,2,-0.8,30,0.0,1.0
2021-04-24,2020-21,Bundesliga,Wolfsburg,Dortmund,3,3,1,2,-0.6,30,3,3,2,2,-0.6,30,0.0,0.0
2021-04-24,2020-21,Bundesliga,Leverkusen,Ein Frankfurt,4,3,1,3,-0.2,30,4,3,1,2,-0.2,30,0.0,1.0
2021-04-24,2020-21,SerieA,Parma,Crotone,3,3,1,2,-0.6,32,3,3,1,2,-0.6,32,0.0,0.0
2021-04-24,2020-21,Bundesliga,Mainz,Bayern Munich,3,2,1,2,-0.45,29,4,3,1,2,-0.15,30,-1.0,1.0
2021-04-24,2020-21,Ligue1,St Etienne,Brest,6,3,1,2,-0.2,33,6,3,1,2,-0.2,33,0.0,0.0
2021-04-24,2020-21,LaLiga,Real Madrid,Betis,3,3,2,2,-0.6,32,3,4,2,3,-0.8,32,0.0,0.5
2021-04-24,2020-21,EPL,Sheffield United,Brighton,7,2,0,2,0.15,32,4,3,1,2,-0.35,32,3.0,1.0
2021-04-24,2020-21,EPL,West Ham,Chelsea,7,3,0,2,-0.05,32,4,2,1,1,-0.15,32,3.0,0.0
2021-04-24,2020-21,EPL,Liverpool,Newcastle,5,2,1,1,-0.1,32,7,3,0,2,-0.1,32,-2.0,0.5
2021-04-24,2020-21,Ligue1,Metz,Paris SG,6,2,1,1,0.0,33,6,2,1,1,0.0,33,0.0,0.0
2021-04-24,2020-21,LaLiga,Valencia,Alaves,3,4,2,3,-0.8,32,3,4,2,2,-0.8,32,0.0,0.5
2021-04-24,2020-21,Bundesliga,Freiburg,Hoffenheim,7,2,0,1,0.2,29,3,3,1,3,-0.8,30,4.0,0.5
2021-04-24,2020-21,LaLiga,Elche,Levante,3,4,2,2,-0.8,32,3,3,2,2,-0.6,32,0.0,1.0
2021-04-24,2020-21,LaLiga,Valladolid,Cadiz,3,3,1,2,-0.6,31,3,4,2,2,-0.8,32,0.0,0.5
2021-04-25,2020-21,SerieA,Inter,Verona,4,4,1,2,-0.45,32,5,3,1,2,-0.15,32,-1.0,1.0
2021-04-25,2020-21,SerieA,Cagliari,Roma,4,3,1,2,-0.15,32,3,3,1,2,-0.65,32,1.0,1.0
2021-04-25,2020-21,SerieA,Atalanta,Bologna,3,3,1,2,-0.65,32,4,3,1,2,-0.15,32,-1.0,1.0
2021-04-25,2020-21,Ligue1,Lyon,Lille,7,2,0,1,-0.1,33,9,2,0,1,0.1,33,-2.0,0.0
2021-04-25,2020-21,SerieA,Benevento,Udinese,4,3,1,3,-0.2,32,4,3,1,2,-0.2,32,0.0,0.0
2021-04-25,2020-21,EPL,Wolves,Burnley,8,3,0,1,-0.15,32,7,2,0,1,-0.05,32,1.0,0.0
2021-04-25,2020-21,EPL,Leeds,Man United,6,2,1,1,-0.05,32,7,2,0,1,0.05,32,-1.0,0.5
2021-04-25,2020-21,EPL,Aston Villa,West Brom,4,2,1,1,0.05,31,3,2,1,2,-0.45,32,1.0,0.5
2021-04-25,2020-21,SerieA,Fiorentina,Juventus,5,3,1,2,-0.15,32,4,4,1,2,-0.45,32,1.0,0.5
2021-04-25,2020-21,Ligue1,Angers,Monaco,8,2,0,1,0.05,33,7,2,0,1,-0.05,33,1.0,0.0
2021-04-25,2020-21,Ligue1,Rennes,Dijon,8,2,0,1,0.05,33,7,2,0,1,-0.05,33,1.0,1.0
2021-04-25,2020-21,LaLiga,Ath Bilbao,Ath Madrid,4,3,1,1,-0.15,31,3,3,1,2,-0.65,32,1.0,1.0
2021-04-25,2020-21,Bundesliga,RB Leipzig,Stuttgart,5,3,1,2,-0.15,30,4,3,1,2,-0.25,30,1.0,1.0
2021-04-25,2020-21,Ligue1,Strasbourg,Nantes,7,2,0,1,0.0,33,7,2,0,1,0.0,33,0.0,0.0
2021-04-25,2020-21,Ligue1,Lorient,Bordeaux,8,2,0,1,0.05,33,7,2,0,1,-0.05,33,1.0,1.0
2021-04-25,2020-21,Ligue1,Lens,Nimes,7,2,0,1,0.0,33,7,2,0,1,0.0,33,0.0,1.0
2021-04-25,2020-21,Ligue1,Nice,Montpellier,7,2,0,1,-0.1,33,9,2,0,1,0.1,33,-2.0,1.0
2021-04-25,2020-21,Bundesliga,M'gladbach,Bielefeld,4,3,1,2,-0.25,30,5,3,1,2,-0.15,30,-1.0,1.0
2021-04-25,2020-21,LaLiga,Villarreal,Barcelona,4,3,1,2,-0.15,32,3,3,1,1,-0.65,31,1.0,0.0
2021-04-25,2020-21,LaLiga,Celta,Osasuna,3,3,1,3,-0.65,32,4,3,1,2,-0.15,32,-1.0,1.0
2021-04-25,2020-21,LaLiga,Sevilla,Granada,4,3,1,3,-0.15,32,3,2,1,1,-0.45,31,1.0,1.0
2021-04-25,2020-21,LaLiga,Huesca,Getafe,3,3,1,2,-0.6,32,3,3,1,2,-0.6,32,0.0,0.0
2021-04-26,2020-21,LaLiga,Eibar,Sociedad,4,3,1,2,-0.2,32,4,4,1,2,-0.4,32,0.0,0.0
2021-04-26,2020-21,EPL,Leicester,Crystal Palace,4,2,1,1,-0.5,32,16,1,0,0,0.5,31,-10.0,1.0
2021-04-26,2020-21,SerieA,Torino,Napoli,5,3,1,2,-0.15,31,4,4,1,2,-0.45,32,1.0,0.0
2021-04-26,2020-21,SerieA,Lazio,Milan,4,3,1,2,-0.25,31,5,3,1,2,-0.15,32,-1.0,1.0
2021-04-28,2020-21,LaLiga,Ath Bilbao,Valladolid,3,3,1,2,-0.65,32,4,3,1,2,-0.15,32,-1.0,0.5
2021-04-29,2020-21,LaLiga,Barcelona,Granada,4,3,1,2,-0.2,32,4,3,1,2,-0.2,32,0.0,0.0
2021-04-30,2020-21,LaLiga,Celta,Levante,5,4,1,3,-0.45,33,6,4,1,3,-0.35,33,-1.0,1.0
2021-04-30,2020-21,Ligue1,Marseille,Strasbourg,7,3,0,2,-0.1,34,5,3,1,2,-0.3,34,2.0,0.5
2021-04-30,2020-21,EPL,Southampton,Leicester,9,2,0,1,0.25,32,4,3,1,2,-0.45,33,5.0,0.5
2021-05-01,2020-21,SerieA,Verona,Spezia,6,4,1,2,-0.45,33,7,3,0,3,-0.15,33,-1.0,0.5
2021-05-01,2020-21,SerieA,Crotone,Inter,7,3,0,2,-0.15,33,6,4,1,3,-0.45,33,1.0,0.0
2021-05-01,2020-21,Ligue1,Paris SG,Lens,7,2,0,2,0.05,34,6,3,1,2,-0.25,34,1.0,1.0
2021-05-01,2020-21,Ligue1,Lille,Nice,6,2,1,1,0.0,34,6,3,1,2,-0.2,34,0.0,1.0
2021-05-01,2020-21,SerieA,Milan,Benevento,5,3,1,3,-0.25,33,6,4,1,3,-0.35,33,-1.0,1.0
2021-05-01,2020-21,LaLiga,Eibar,Alaves,5,3,1,3,-0.3,33,7,3,0,3,-0.1,33,-2.0,1.0
2021-05-01,2020-21,LaLiga,Elche,Ath Madrid,7,3,0,3,-0.15,33,6,4,1,3,-0.45,33,1.0,0.0
2021-05-01,2020-21,LaLiga,Huesca,Sociedad,6,3,1,3,-0.15,33,5,4,1,3,-0.45,33,1.0,1.0
2021-05-01,2020-21,LaLiga,Real Madrid,Osasuna,7,3,0,3,-0.15,33,6,4,1,3,-0.45,33,1.0,1.0
2021-05-01,2020-21,EPL,Crystal Palace,Man City,5,1,1,1,-0.25,32,10,1,0,1,0.25,33,-5.0,0.0
2021-05-01,2020-21,EPL,Brighton,Leeds,7,3,0,2,-0.15,33,6,2,1,2,-0.05,33,1.0,1.0
2021-05-01,2020-21,EPL,Chelsea,Fulham,7,2,0,2,-0.3,33,13,1,0,1,0.3,33,-6.0,1.0
2021-05-01,2020-21,EPL,Everton,Aston Villa,8,3,0,1,-0.1,32,6,2,1,2,-0.1,32,2.0,0.0
2021-05-02,2020-21,SerieA,Udinese,Juventus,7,3,0,2,-0.2,33,7,3,0,2,-0.2,33,0.0,0.0
2021-05-02,2020-21,SerieA,Sampdoria,Roma,8,3,0,2,-0.15,33,7,3,0,2,-0.25,33,1.0,1.0
2021-05-02,2020-21,SerieA,Sassuolo,Atalanta,8,4,0,2,-0.35,33,7,3,0,2,-0.25,33,1.0,0.5
2021-05-02,2020-21,SerieA,Napoli,Cagliari,6,3,1,2,-0.25,33,7,3,0,2,-0.15,33,-1.0,0.5
2021-05-02,2020-21,EPL,Newcastle,Arsenal,8,2,0,1,-0.05,33,9,2,0,1,0.05,33,-1.0,0.0
2021-05-02,2020-21,SerieA,Lazio,Genoa,6,3,1,2,-0.3,32,8,3,0,2,-0.1,33,-2.0,1.0
2021-05-02,2020-21,LaLiga,Valencia,Barcelona,8,3,0,2,0.05,33,3,3,1,3,-0.85,33,5.0,0.0
2021-05-02,2020-21,LaLiga,Granada,Cadiz,3,3,1,3,-0.85,33,8,3,0,2,0.05,33,-5.0,0.0
2021-05-02,2020-21,LaLiga,Villarreal,Getafe,7,3,0,2,-0.2,33,7,3,0,2,-0.2,33,0.0,1.0
2021-05-02,2020-21,LaLiga,Valladolid,Betis,4,3,1,3,-0.4,33,8,3,0,2,0.0,33,-4.0,0.5
2021-05-02,2020-21,SerieA,Bologna,Fiorentina,7,3,0,2,-0.2,33,7,3,0,2,-0.2,33,0.0,0.5
2021-05-02,2020-21,Ligue1,Brest,Nantes,8,2,0,1,0.05,34,7,2,0,1,-0.05,34,1.0,0.0
2021-05-02,2020-21,Ligue1,Bordeaux,Rennes,7,2,0,1,0.0,34,7,2,0,1,0.0,34,0.0,1.0
2021-05-02,2020-21,Ligue1,Lorient,Angers,7,2,0,1,0.0,34,7,2,0,1,0.0,34,0.0,1.0
2021-05-02,2020-21,EPL,Tottenham,Sheffield United,11,2,0,1,0.15,33,8,2,0,1,-0.15,33,3.0,1.0
2021-05-02,2020-21,Ligue1,Montpellier,St Etienne,7,2,0,1,-0.05,34,8,2,0,1,0.05,34,-1.0,0.0
2021-05-02,2020-21,Ligue1,Monaco,Lyon,7,2,0,1,0.0,34,7,2,0,1,0.0,34,0.0,0.0
2021-05-02,2020-21,Ligue1,Dijon,Metz,7,2,0,1,-0.05,34,8,2,0,1,0.05,34,-1.0,0.0
2021-05-02,2020-21,Ligue1,Nimes,Reims,7,2,0,1,-0.1,34,9,2,0,1,0.1,34,-2.0,0.5
2021-05-03,2020-21,Bundesliga,Mainz,Hertha,9,2,0,2,-0.5,30,23,0,0,0,0.5,28,-10.0,0.5
2021-05-03,2020-21,SerieA,Torino,Parma,7,3,0,2,-0.3,32,9,3,0,2,-0.1,33,-2.0,1.0
2021-05-03,2020-21,LaLiga,Sevilla,Ath Bilbao,8,3,0,2,-0.05,33,5,3,1,3,-0.35,33,3.0,0.0
2021-05-03,2020-21,EPL,Burnley,West Ham,8,2,0,1,-0.05,33,9,2,0,1,0.05,33,-1.0,0.0
2021-05-03,2020-21,EPL,West Brom,Wolves,8,2,0,2,0.0,33,8,2,0,1,0.0,33,0.0,0.5
2021-05-06,2020-21,Bundesliga,Hertha,Freiburg,3,1,1,1,-0.85,29,12,2,0,1,0.45,30,-9.0,1.0
2021-05-07,2020-21,Ligue1,Lens,Lille,6,3,1,2,-0.2,35,6,2,1,2,0.0,35,0.0,0.0
2021-05-07,2020-21,EPL,Leicester,Newcastle,7,3,0,2,-0.1,34,5,3,1,2,-0.3,34,2.0,0.0
2021-05-07,2020-21,LaLiga,Sociedad,Elche,6,4,1,2,-0.4,34,6,4,1,2,-0.4,34,0.0,1.0
2021-05-07,2020-21,Bundesliga,Stuttgart,Augsburg,12,3,0,1,-0.3,31,14,3,0,0,-0.1,31,-2.0,1.0
2021-05-08,2020-21,SerieA,Spezia,Napoli,7,4,0,1,-0.35,34,6,4,1,2,-0.45,34,1.0,0.0
2021-05-08,2020-21,LaLiga,Ath Bilbao,Osasuna,5,4,1,3,-0.5,34,7,4,0,2,-0.3,34,-2.0,0.5
2021-05-08,2020-21,LaLiga,Cadiz,Huesca,6,4,1,1,-0.45,34,7,4,0,2,-0.35,34,-1.0,1.0
2021-05-08,2020-21,LaLiga,Alaves,Levante,7,4,0,1,-0.45,34,8,4,0,1,-0.35,34,-1.0,0.5
2021-05-08,2020-21,SerieA,Inter,Sampdoria,7,4,0,2,-0.35,34,6,3,1,1,-0.25,34,1.0,1.0
2021-05-08,2020-21,EPL,Man City,Chelsea,7,2,0,1,0.0,34,7,3,0,1,-0.2,34,0.0,0.0
2021-05-08,2020-21,Bundesliga,Dortmund,RB Leipzig,14,3,0,0,-0.15,31,13,2,0,1,-0.05,31,1.0,1.0
2021-05-08,2020-21,Bundesliga,Hoffenheim,Schalke 04,14,2,0,0,-0.2,31,18,1,0,0,0.2,30,-4.0,1.0
2021-05-08,2020-21,Bundesliga,Werder Bremen,Leverkusen,14,3,0,0,-0.2,31,14,2,0,0,0.0,31,0.0,0.5
2021-05-08,2020-21,Bundesliga,Wolfsburg,Union Berlin,14,2,0,0,0.0,31,14,2,0,0,0.0,31,0.0,1.0
2021-05-08,2020-21,Bundesliga,Bayern Munich,M'gladbach,14,2,0,0,0.05,31,13,2,0,1,-0.05,31,1.0,1.0
2021-05-08,2020-21,SerieA,Fiorentina,Lazio,6,3,1,2,-0.2,34,6,4,1,2,-0.4,33,0.0,1.0
2021-05-08,2020-21,EPL,Leeds,Tottenham,7,3,0,2,-0.15,34,6,2,1,1,-0.05,34,1.0,1.0
2021-05-08,2020-21,EPL,Sheffield United,Crystal Palace,6,2,1,1,-0.05,34,7,2,0,2,0.05,33,-1.0,0.0
2021-05-08,2020-21,SerieA,Udinese,Bologna,6,3,1,2,-0.2,34,6,4,1,2,-0.4,34,0.0,0.5
2021-05-08,2020-21,EPL,Liverpool,Southampton,14,2,0,0,0.3,33,8,2,0,1,-0.3,33,6.0,1.0
2021-05-08,2020-21,LaLiga,Barcelona,Ath Madrid,6,4,1,3,-0.45,34,7,4,0,2,-0.35,34,-1.0,0.5
2021-05-08,2020-21,Ligue1,Lyon,Lorient,6,3,1,2,-0.2,35,6,2,1,2,0.0,35,0.0,1.0
2021-05-08,2020-21,Ligue1,Nantes,Bordeaux,6,3,1,2,-0.2,35,6,3,1,2,-0.2,35,0.0,1.0
2021-05-09,2020-21,SerieA,Benevento,Cagliari,8,3,0,1,-0.15,34,7,3,0,1,-0.25,34,1.0,0.0
2021-05-09,2020-21,Ligue1,Strasbourg,Montpellier,9,2,0,1,0.1,35,7,2,0,1,-0.1,35,2.0,0.0
2021-05-09,2020-21,Ligue1,Nice,Brest,8,2,0,1,0.05,35,7,2,0,1,-0.05,35,1.0,1.0
2021-05-09,2020-21,Ligue1,Metz,Nimes,7,2,0,1,0.0,35,7,2,0,1,0.0,35,0.0,0.0
2021-05-09,2020-21,Bundesliga,FC Koln,Freiburg,16,2,0,0,0.5,31,3,2,1,1,-0.9,31,10.0,0.0
2021-05-09,2020-21,Bundesliga,Ein Frankfurt,Mainz,15,2,0,0,0.45,31,6,3,1,1,-0.65,31,9.0,0.5
2021-05-09,2020-21,Bundesliga,Hertha,Bielefeld,3,2,2,2,-0.9,30,14,2,0,0,0.5,31,-10.0,0.5
2021-05-09,2020-21,LaLiga,Getafe,Eibar,7,3,0,1,-0.25,34,8,3,0,2,-0.15,34,-1.0,0.0
2021-05-09,2020-21,LaLiga,Valencia,Valladolid,7,3,0,1,-0.2,34,7,4,0,2,-0.4,34,0.0,1.0
2021-05-09,2020-21,Ligue1,Angers,Dijon,7,2,0,1,0.0,35,7,2,0,1,0.0,35,0.0,1.0
2021-05-09,2020-21,Ligue1,St Etienne,Marseille,7,2,0,1,-0.1,35,9,2,0,1,0.1,35,-2.0,1.0
2021-05-09,2020-21,SerieA,Genoa,Sassuolo,7,3,0,1,-0.2,34,7,3,0,1,-0.2,34,0.0,0.0
2021-05-09,2020-21,Ligue1,Rennes,Paris SG,7,2,0,1,-0.05,35,8,2,0,1,0.05,35,-1.0,0.5
2021-05-09,2020-21,SerieA,Parma,Atalanta,6,3,1,1,-0.25,34,7,3,0,1,-0.15,34,-1.0,0.0
2021-05-09,2020-21,SerieA,Verona,Torino,8,3,0,1,-0.1,34,6,3,1,2,-0.3,33,2.0,0.5
2021-05-09,2020-21,SerieA,Roma,Crotone,7,3,0,1,-0.25,34,8,3,0,1,-0.15,34,-1.0,1.0
2021-05-09,2020-21,SerieA,Juventus,Milan,7,3,0,1,-0.25,34,8,3,0,2,-0.15,34,-1.0,0.0
2021-05-09,2020-21,LaLiga,Villarreal,Celta,7,3,0,1,-0.3,34,9,3,0,1,-0.1,34,-2.0,0.0
2021-05-09,2020-21,LaLiga,Real Madrid,Sevilla,8,3,0,1,-0.1,34,6,3,1,1,-0.3,34,2.0,0.5
2021-05-09,2020-21,EPL,Wolves,Brighton,6,2,1,1,-0.1,34,8,3,0,1,-0.1,34,-2.0,1.0
2021-05-09,2020-21,EPL,Aston Villa,Man United,8,3,0,1,-0.5,33,14,1,0,0,0.3,33,-6.0,0.0
2021-05-09,2020-21,EPL,West Ham,Everton,6,2,1,1,-0.1,34,8,2,0,1,0.1,33,-2.0,0.0
2021-05-09,2020-21,EPL,Arsenal,West Brom,7,2,0,1,0.05,34,6,3,1,1,-0.25,34,1.0,1.0
2021-05-09,2020-21,Ligue1,Reims,Monaco,7,2,0,1,0.0,35,7,2,0,1,0.0,35,0.0,0.0
2021-05-10,2020-21,LaLiga,Betis,Granada,8,3,0,1,-0.2,34,8,4,0,2,-0.4,34,0.0,1.0
2021-05-10,2020-21,EPL,Fulham,Burnley,9,1,0,1,0.1,34,7,2,0,1,-0.1,34,2.0,0.0
2021-05-11,2020-21,LaLiga,Osasuna,Cadiz,3,4,1,2,-0.8,35,3,4,1,2,-0.8,35,0.0,1.0
2021-05-11,2020-21,EPL,Southampton,Crystal Palace,3,3,1,2,-0.6,34,3,3,1,2,-0.6,34,0.0,1.0
2021-05-11,2020-21,LaLiga,Levante,Barcelona,3,4,1,2,-0.8,35,3,5,1,3,-1.0,35,0.0,0.5
2021-05-11,2020-21,LaLiga,Elche,Alaves,4,4,1,2,-0.35,35,3,4,1,2,-0.85,35,1.0,0.0
2021-05-11,2020-21,SerieA,Napoli,Udinese,3,4,1,2,-0.8,35,3,4,1,2,-0.8,35,0.0,1.0
2021-05-11,2020-21,EPL,Man United,Leicester,2,2,1,1,-0.5,34,4,4,1,2,-0.3,35,-2.0,0.0
2021-05-12,2020-21,LaLiga,Huesca,Ath Bilbao,4,4,1,2,-0.4,35,4,4,1,2,-0.4,35,0.0,1.0
2021-05-12,2020-21,LaLiga,Ath Madrid,Sociedad,4,4,1,2,-0.45,35,5,4,1,2,-0.35,35,-1.0,1.0
2021-05-12,2020-21,EPL,Chelsea,Arsenal,4,3,1,2,-0.15,35,3,3,1,2,-0.65,35,1.0,0.0
2021-05-12,2020-21,SerieA,Torino,Milan,3,3,1,2,-0.6,34,3,3,1,2,-0.6,35,0.0,0.0
2021-05-12,2020-21,SerieA,Sassuolo,Juventus,3,3,1,2,-0.6,35,3,3,1,2,-0.6,35,0.0,0.0
2021-05-12,2020-21,SerieA,Lazio,Parma,4,4,1,2,-0.35,34,3,3,1,2,-0.65,35,1.0,1.0
2021-05-12,2020-21,SerieA,Cagliari,Fiorentina,3,3,1,2,-0.65,35,4,3,1,2,-0.15,35,-1.0,0.5
2021-05-12,2020-21,SerieA,Atalanta,Benevento,3,4,1,2,-0.8,35,3,3,1,2,-0.6,35,0.0,1.0
2021-05-12,2020-21,LaLiga,Celta,Getafe,3,4,1,2,-0.8,35,3,4,1,2,-0.8,35,0.0,1.0
2021-05-12,2020-21,SerieA,Sampdoria,Spezia,4,3,1,2,-0.2,35,4,3,1,2,-0.2,35,0.0,0.5
2021-05-12,2020-21,LaLiga,Sevilla,Valencia,3,3,1,2,-0.6,35,3,3,1,2,-0.6,35,0.0,1.0
2021-05-12,2020-21,SerieA,Inter,Roma,4,3,1,2,-0.15,35,3,4,1,2,-0.85,35,1.0,1.0
2021-05-12,2020-21,Bundesliga,Schalke 04,Hertha,4,1,1,1,0.05,31,3,3,2,3,-0.65,31,1.0,0.0
2021-05-12,2020-21,SerieA,Bologna,Genoa,4,3,1,2,-0.15,35,3,3,1,2,-0.65,35,1.0,0.0
2021-05-13,2020-21,LaLiga,Valladolid,Villarreal,4,4,1,2,-0.4,35,4,3,1,2,-0.2,35,0.0,0.0
2021-05-13,2020-21,LaLiga,Eibar,Betis,4,3,1,2,-0.15,35,3,3,1,2,-0.65,35,1.0,0.5
2021-05-13,2020-21,LaLiga,Granada,Real Madrid,3,4,1,2,-0.85,35,4,3,1,2,-0.15,35,-1.0,0.0
2021-05-13,2020-21,SerieA,Crotone,Verona,4,3,1,2,-0.2,35,4,3,1,2,-0.2,35,0.0,1.0
2021-05-13,2020-21,EPL,Aston Villa,Everton,4,3,1,2,-0.2,34,4,3,1,2,-0.2,34,0.0,0.5
2021-05-13,2020-21,EPL,Man United,Liverpool,2,3,2,2,-0.75,35,5,2,1,1,0.15,34,-3.0,0.0
2021-05-14,2020-21,EPL,Newcastle,Man City,7,3,0,2,-0.15,35,6,2,1,2,-0.05,35,1.0,0.0
2021-05-15,2020-21,SerieA,Genoa,Atalanta,3,3,2,3,-0.6,36,3,4,2,3,-0.8,36,0.0,0.0
2021-05-15,2020-21,EPL,Brighton,West Ham,6,2,1,1,0.0,35,6,2,1,2,0.0,35,0.0,0.5
2021-05-15,2020-21,Bundesliga,Augsburg,Werder Bremen,8,1,0,1,0.05,32,7,1,0,1,-0.05,32,1.0,1.0
2021-05-15,2020-21,Bundesliga,Bielefeld,Hoffenheim,6,2,1,1,-0.05,32,7,1,0,1,0.05,32,-1.0,0.5
2021-05-15,2020-21,Bundesliga,Hertha,FC Koln,3,4,2,4,-0.95,32,6,1,1,1,0.15,32,-3.0,0.5
2021-05-15,2020-21,Bundesliga,Leverkusen,Union Berlin,7,1,0,1,0.0,32,7,1,0,1,0.0,32,0.0,0.5
2021-05-15,2020-21,SerieA,Spezia,Torino,3,3,1,2,-0.6,36,3,4,2,3,-0.8,35,0.0,1.0
2021-05-15,2020-21,Bundesliga,Schalke 04,Ein Frankfurt,3,2,1,2,-0.55,32,6,1,1,1,0.15,32,-3.0,1.0
2021-05-15,2020-21,EPL,Southampton,Fulham,4,3,1,2,-0.25,35,5,2,1,1,0.05,35,-1.0,1.0
2021-05-15,2020-21,EPL,Burnley,Leeds,5,3,1,2,-0.3,35,7,3,0,1,-0.1,35,-2.0,0.0
2021-05-15,2020-21,Bundesliga,Freiburg,Bayern Munich,6,2,1,2,-0.05,32,7,1,0,1,0.05,32,-1.0,0.5
2021-05-15,2020-21,Bundesliga,M'gladbach,Stuttgart,7,2,0,1,-0.05,32,8,2,0,1,0.05,32,-1.0,0.0
2021-05-15,2020-21,SerieA,Juventus,Inter,3,4,2,3,-0.8,36,3,4,1,2,-0.8,36,0.0,1.0
2021-05-15,2020-21,SerieA,Roma,Lazio,3,4,2,3,-0.8,36,3,4,1,3,-0.8,35,0.0,1.0
2021-05-16,2020-21,SerieA,Fiorentina,Napoli,4,3,1,2,-0.25,36,5,4,1,2,-0.35,36,-1.0,0.0
2021-05-16,2020-21,EPL,West Brom,Liverpool,7,2,0,2,0.2,35,3,2,1,2,-0.6,35,4.0,0.0
2021-05-16,2020-21,EPL,Tottenham,Wolves,8,2,0,1,0.05,35,7,2,0,2,-0.05,35,1.0,1.0
2021-05-16,2020-21,LaLiga,Alaves,Granada,5,3,1,2,-0.1,36,3,4,2,2,-0.9,36,2.0,1.0
2021-05-16,2020-21,LaLiga,Ath Bilbao,Real Madrid,4,4,1,3,-0.35,36,3,3,1,2,-0.65,36,1.0,0.0
2021-05-16,2020-21,LaLiga,Ath Madrid,Osasuna,4,3,1,2,-0.25,36,5,3,1,2,-0.15,36,-1.0,1.0
2021-05-16,2020-21,Bundesliga,RB Leipzig,Wolfsburg,8,1,0,1,0.0,32,8,1,0,1,0.0,32,0.0,0.5
2021-05-16,2020-21,Bundesliga,Mainz,Dortmund,7,2,0,2,-0.05,32,8,1,0,1,0.05,32,-1.0,0.0
2021-05-16,2020-21,LaLiga,Barcelona,Celta,5,4,1,2,-0.35,36,4,3,1,2,-0.25,36,1.0,0.0
2021-05-16,2020-21,LaLiga,Betis,Huesca,3,3,2,2,-0.65,36,4,3,1,2,-0.15,36,-1.0,1.0
2021-05-16,2020-21,LaLiga,Getafe,Levante,4,3,1,2,-0.25,36,5,3,1,2,-0.15,36,-1.0,1.0
2021-05-16,2020-21,LaLiga,Valencia,Eibar,4,3,1,2,-0.15,36,3,4,1,2,-0.85,36,1.0,1.0
2021-05-16,2020-21,LaLiga,Villarreal,Sevilla,3,3,1,2,-0.65,36,4,3,1,3,-0.15,36,-1.0,1.0
2021-05-16,2020-21,SerieA,Milan,Cagliari,4,4,1,2,-0.4,36,4,3,1,2,-0.2,36,0.0,0.5
2021-05-16,2020-21,SerieA,Parma,Sassuolo,4,3,1,3,-0.2,36,4,3,1,2,-0.2,36,0.0,0.0
2021-05-16,2020-21,SerieA,Udinese,Sampdoria,5,3,1,2,-0.15,36,4,3,1,2,-0.25,36,1.0,0.0
2021-05-16,2020-21,EPL,Crystal Palace,Aston Villa,5,4,1,2,-0.3,35,3,3,1,2,-0.7,35,2.0,1.0
2021-05-16,2020-21,SerieA,Benevento,Crotone,4,3,1,2,-0.15,36,3,3,1,2,-0.65,36,1.0,0.5
2021-05-16,2020-21,LaLiga,Cadiz,Elche,5,3,1,2,-0.2,36,5,3,1,2,-0.2,36,0.0,0.0
2021-05-16,2020-21,EPL,Everton,Sheffield United,3,3,1,2,-0.85,35,8,2,0,1,0.25,35,-5.0,0.0
2021-05-16,2020-21,LaLiga,Sociedad,Valladolid,4,4,1,2,-0.35,36,3,4,1,2,-0.85,36,1.0,1.0
2021-05-16,2020-21,Ligue1,Lorient,Metz,8,2,0,1,0.05,36,7,2,0,1,-0.05,36,1.0,1.0
2021-05-16,2020-21,Ligue1,Paris SG,Reims,7,2,0,1,0.0,36,7,2,0,1,0.0,36,0.0,1.0
2021-05-16,2020-21,Ligue1,Nimes,Lyon,7,2,0,1,-0.05,36,8,2,0,1,0.05,36,-1.0,0.0
2021-05-16,2020-21,Ligue1,Nice,Strasbourg,7,2,0,1,0.0,36,7,2,0,1,0.0,36,0.0,0.0
2021-05-16,2020-21,Ligue1,Montpellier,Brest,7,2,0,1,0.0,36,7,2,0,1,0.0,36,0.0,0.5
2021-05-16,2020-21,Ligue1,Monaco,Rennes,7,2,0,1,0.0,36,7,2,0,1,0.0,36,0.0,1.0
2021-05-16,2020-21,Ligue1,Marseille,Angers,7,2,0,1,0.0,36,7,2,0,1,0.0,36,0.0,1.0
2021-05-16,2020-21,Ligue1,Lille,St Etienne,9,2,0,1,0.1,36,7,2,0,1,-0.1,36,2.0,0.5
2021-05-16,2020-21,Ligue1,Dijon,Nantes,7,2,0,1,-0.05,36,8,2,0,1,0.05,36,-1.0,0.0
2021-05-16,2020-21,Ligue1,Bordeaux,Lens,8,2,0,1,-0.05,36,9,2,0,1,0.05,36,-1.0,1.0
2021-05-17,2020-21,SerieA,Verona,Bologna,4,3,1,2,-0.25,36,5,3,1,2,-0.15,36,-1.0,0.5
2021-05-18,2020-21,EPL,Southampton,Leeds,3,4,1,3,-0.8,36,3,3,1,2,-0.6,36,0.0,0.0
2021-05-18,2020-21,EPL,Brighton,Man City,3,3,1,2,-0.65,36,4,3,1,2,-0.15,36,-1.0,1.0
2021-05-18,2020-21,SerieA,Lazio,Torino,3,4,2,3,-0.8,36,3,4,2,3,-0.8,36,0.0,0.5
2021-05-18,2020-21,EPL,Chelsea,Leicester,6,3,1,2,-0.25,36,7,3,0,2,-0.15,36,-1.0,1.0
2021-05-18,2020-21,EPL,Man United,Fulham,5,3,1,3,-0.1,36,3,3,1,2,-0.7,36,2.0,0.5
2021-05-19,2020-21,EPL,Everton,Wolves,3,4,2,3,-0.8,36,3,3,1,2,-0.6,36,0.0,1.0
2021-05-19,2020-21,EPL,Newcastle,Sheffield United,5,3,1,2,-0.1,36,3,3,1,2,-0.7,36,2.0,1.0
2021-05-19,2020-21,EPL,Tottenham,Aston Villa,3,3,1,2,-0.6,36,3,4,2,3,-0.8,36,0.0,0.0
2021-05-19,2020-21,EPL,Crystal Palace,Arsenal,3,4,1,3,-1.0,36,7,3,0,2,0.0,36,-4.0,0.0
2021-05-19,2020-21,EPL,Burnley,Liverpool,4,3,1,2,-0.15,36,3,3,2,3,-0.65,36,1.0,0.0
2021-05-19,2020-21,EPL,West Brom,West Ham,3,3,1,2,-0.65,36,4,3,1,2,-0.15,36,-1.0,0.0
2021-05-21,2020-21,LaLiga,Levante,Cadiz,5,3,1,3,-0.2,37,5,4,1,3,-0.4,37,0.0,0.5
2021-05-22,2020-21,Bundesliga,Ein Frankfurt,Freiburg,7,2,0,2,0.0,33,7,3,0,2,-0.2,33,0.0,1.0
2021-05-22,2020-21,Bundesliga,Bayern Munich,Augsburg,7,2,0,1,0.0,33,7,2,0,1,0.0,33,0.0,1.0
2021-05-22,2020-21,Bundesliga,Dortmund,Leverkusen,6,2,1,1,-0.05,33,7,2,0,1,0.05,33,-1.0,1.0
2021-05-22,2020-21,Bundesliga,FC Koln,Schalke 04,7,2,0,2,0.0,33,7,3,0,2,-0.2,33,0.0,1.0
2021-05-22,2020-21,LaLiga,Elche,Ath Bilbao,6,3,1,2,-0.2,37,6,4,1,2,-0.4,37,0.0,1.0
2021-05-22,2020-21,Bundesliga,Stuttgart,Bielefeld,7,2,0,1,0.0,33,7,2,0,2,0.0,33,0.0,0.0
2021-05-22,2020-21,Bundesliga,Union Berlin,RB Leipzig,7,2,0,1,0.05,33,6,2,1,1,-0.05,33,1.0,1.0
2021-05-22,2020-21,Bundesliga,Werder Bremen,M'gladbach,7,2,0,1,0.0,33,7,2,0,1,0.0,33,0.0,0.0
2021-05-22,2020-21,LaLiga,Eibar,Barcelona,6,3,1,3,-0.2,37,6,4,1,2,-0.4,37,0.0,0.0
2021-05-22,2020-21,Bundesliga,Hoffenheim,Hertha,7,2,0,1,0.0,33,7,5,0,3,-0.6,33,0.0,1.0
2021-05-22,2020-21,LaLiga,Celta,Betis,6,3,1,3,-0.2,37,6,4,1,3,-0.4,37,0.0,0.0
2021-05-22,2020-21,Bundesliga,Wolfsburg,Mainz,6,2,1,1,0.0,33,6,3,1,2,-0.2,33,0.0,0.0
2021-05-22,2020-21,SerieA,Sampdoria,Parma,6,4,1,2,-0.4,37,6,4,1,3,-0.4,37,0.0,1.0
2021-05-22,2020-21,LaLiga,Huesca,Valencia,6,3,1,2,-0.2,37,6,4,1,3,-0.4,37,0.0,0.5
2021-05-22,2020-21,LaLiga,Osasuna,Sociedad,6,3,1,2,-0.2,37,6,3,1,2,-0.2,37,0.0,0.0
2021-05-22,2020-21,LaLiga,Real Madrid,Villarreal,6,3,1,3,-0.2,37,6,4,1,3,-0.4,37,0.0,1.0
2021-05-22,2020-21,LaLiga,Valladolid,Ath Madrid,6,4,1,3,-0.4,37,6,3,1,2,-0.2,37,0.0,0.0
2021-05-22,2020-21,SerieA,Crotone,Fiorentina,6,3,1,3,-0.2,37,6,4,1,2,-0.4,37,0.0,0.5
2021-05-22,2020-21,SerieA,Cagliari,Genoa,6,4,1,3,-0.45,37,7,4,0,3,-0.35,37,-1.0,0.0
2021-05-23,2020-21,EPL,Man City,Everton,5,3,1,2,-0.15,37,4,4,1,3,-0.45,37,1.0,1.0
2021-05-23,2020-21,Ligue1,Metz,Marseille,7,2,0,1,0.0,37,7,2,0,1,0.0,37,0.0,0.5
2021-05-23,2020-21,Ligue1,Nantes,Montpellier,7,2,0,1,0.0,37,7,2,0,1,0.0,37,0.0,0.0
2021-05-23,2020-21,Ligue1,Reims,Bordeaux,7,2,0,1,0.0,37,7,2,0,1,0.0,37,0.0,0.0
2021-05-23,2020-21,Ligue1,Rennes,Nimes,7,2,0,1,0.0,37,7,2,0,1,0.0,37,0.0,1.0
2021-05-23,2020-21,EPL,Sheffield United,Burnley,4,3,1,2,-0.2,37,4,4,1,3,-0.4,37,0.0,1.0
2021-05-23,2020-21,Ligue1,Strasbourg,Lorient,7,2,0,1,0.0,37,7,2,0,1,0.0,37,0.0,0.5
2021-05-23,2020-21,Ligue1,Lens,Monaco,7,2,0,1,0.0,37,7,2,0,1,0.0,37,0.0,0.5
2021-05-23,2020-21,EPL,West Ham,Southampton,4,4,1,2,-0.45,37,5,4,1,3,-0.35,37,-1.0,1.0
2021-05-23,2020-21,EPL,Wolves,Man United,4,4,1,2,-0.45,37,5,4,1,3,-0.35,37,-1.0,0.0
2021-05-23,2020-21,EPL,Liverpool,Crystal Palace,4,4,1,3,-0.4,37,4,4,1,3,-0.4,37,0.0,1.0
2021-05-23,2020-21,SerieA,Spezia,Roma,8,3,0,2,-0.2,37,8,3,0,2,-0.2,37,0.0,0.5
2021-05-23,2020-21,SerieA,Torino,Benevento,5,5,1,3,-0.7,37,7,3,0,2,-0.1,37,-2.0,0.5
2021-05-23,2020-21,Ligue1,St Etienne,Dijon,7,2,0,1,0.0,37,7,2,0,1,0.0,37,0.0,0.0
2021-05-23,2020-21,Ligue1,Brest,Paris SG,7,2,0,1,0.0,37,7,2,0,1,0.0,37,0.0,0.0
2021-05-23,2020-21,Ligue1,Lyon,Nice,7,2,0,1,0.0,37,7,2,0,1,0.0,37,0.0,0.0
2021-05-23,2020-21,SerieA,Sassuolo,Lazio,7,3,0,2,-0.1,37,5,4,1,3,-0.5,37,2.0,1.0
2021-05-23,2020-21,EPL,Leicester,Tottenham,5,3,1,2,-0.15,37,4,3,1,2,-0.25,37,1.0,0.0
2021-05-23,2020-21,EPL,Leeds,West Brom,5,3,1,2,-0.15,37,4,4,1,2,-0.45,37,1.0,1.0
2021-05-23,2020-21,EPL,Fulham,Newcastle,5,3,1,3,-0.15,37,4,3,1,2,-0.25,37,1.0,0.0
2021-05-23,2020-21,EPL,Aston Villa,Chelsea,4,4,1,3,-0.45,37,5,3,1,2,-0.15,37,-1.0,1.0
2021-05-23,2020-21,Ligue1,Angers,Lille,7,2,0,1,0.0,37,7,2,0,1,0.0,37,0.0,0.0
2021-05-23,2020-21,LaLiga,Granada,Getafe,7,3,0,3,-0.2,37,7,3,0,2,-0.2,37,0.0,0.5
2021-05-23,2020-21,EPL,Arsenal,Brighton,4,3,1,2,-0.25,37,5,3,1,2,-0.15,37,-1.0,1.0
2021-05-23,2020-21,SerieA,Napoli,Verona,7,3,0,2,-0.15,37,6,3,1,2,-0.25,37,1.0,0.5
2021-05-23,2020-21,LaLiga,Sevilla,Alaves,7,4,0,2,-0.4,37,7,3,0,2,-0.2,37,0.0,1.0
2021-05-23,2020-21,SerieA,Bologna,Juventus,6,3,1,2,-0.3,37,8,3,0,2,-0.1,37,-2.0,0.0
2021-05-23,2020-21,SerieA,Atalanta,Milan,8,3,0,2,-0.15,37,7,3,0,2,-0.25,37,1.0,0.0
2021-05-23,2020-21,SerieA,Inter,Udinese,8,3,0,2,-0.15,37,7,3,0,2,-0.25,37,1.0,1.0
2021-08-06,2021-22,Ligue1,Monaco,Nantes,75,0,0,0,0.0,0,75,0,0,0,0.0,0,0.0,0.5
2021-08-07,2021-22,Ligue1,Troyes,Paris SG,14,0,0,0,-0.5,0,76,0,0,0,0.5,0,-10.0,0.0
2021-08-07,2021-22,Ligue1,Lyon,Brest,76,0,0,0,0.0,0,76,0,0,0,0.0,0,0.0,0.5
2021-08-08,2021-22,Ligue1,Montpellier,Marseille,77,0,0,0,0.0,0,77,0,0,0,0.0,0,0.0,0.0
2021-08-08,2021-22,Ligue1,Rennes,Lens,77,0,0,0,0.0,0,77,0,0,0,0.0,0,0.0,0.5
2021-08-08,2021-22,Ligue1,Bordeaux,Clermont,77,0,0,0,0.5,0,14,0,0,0,-0.5,0,10.0,0.0
2021-08-08,2021-22,Ligue1,Nice,Reims,77,0,0,0,0.0,0,77,0,0,0,0.0,0,0.0,0.5
2021-08-08,2021-22,Ligue1,St Etienne,Lorient,77,0,0,0,0.0,0,77,0,0,0,0.0,0,0.0,0.5
2021-08-08,2021-22,Ligue1,Strasbourg,Angers,77,0,0,0,0.0,0,77,0,0,0,0.0,0,0.0,0.0
2021-08-08,2021-22,Ligue1,Metz,Lille,77,0,0,0,0.0,0,77,0,0,0,0.0,0,0.0,0.5
2021-08-13,2021-22,EPL,Brentford,Arsenal,14,0,0,0,-0.5,0,82,0,0,0,0.5,0,-10.0,1.0
2021-08-13,2021-22,LaLiga,Valencia,Getafe,83,0,0,0,0.05,0,82,0,0,0,-0.05,0,1.0,1.0
2021-08-13,2021-22,Ligue1,Lorient,Monaco,5,1,1,1,-0.1,1,7,1,0,1,0.1,1,-2.0,1.0
2021-08-13,2021-22,Bundesliga,M'gladbach,Bayern Munich,83,0,0,0,0.0,0,83,0,0,0,0.0,0,0.0,0.5
2021-08-14,2021-22,Ligue1,Paris SG,Strasbourg,7,1,0,1,0.05,1,6,1,1,1,-0.05,1,1.0,1.0
2021-08-14,2021-22,EPL,Chelsea,Crystal Palace,83,0,0,0,0.0,0,83,0,0,0,0.0,0,0.0,1.0
2021-08-14,2021-22,EPL,Burnley,Brighton,83,0,0,0,0.0,0,83,0,0,0,0.0,0,0.0,0.0
2021-08-14,2021-22,EPL,Man United,Leeds,83,0,0,0,0.0,0,83,0,0,0,0.0,0,0.0,1.0
2021-08-14,2021-22,Ligue1,Lille,Nice,6,1,1,1,0.0,1,6,1,1,1,0.0,1,0.0,0.0
2021-08-14,2021-22,Bundesliga,Dortmund,Ein Frankfurt,84,0,0,0,0.0,0,84,0,0,0,0.0,0,0.0,1.0
2021-08-14,2021-22,Bundesliga,Wolfsburg,Bochum,84,0,0,0,0.5,0,14,0,0,0,-0.5,0,10.0,1.0
2021-08-14,2021-22,Bundesliga,Union Berlin,Leverkusen,84,0,0,0,0.0,0,84,0,0,0,0.0,0,0.0,0.5
2021-08-14,2021-22,Bundesliga,Stuttgart,Greuther Furth,84,0,0,0,0.5,0,14,0,0,0,-0.5,0,10.0,1.0
2021-08-14,2021-22,Bundesliga,Bielefeld,Freiburg,84,0,0,0,0.0,0,84,0,0,0,0.0,0,0.0,0.5
2021-08-14,2021-22,EPL,Everton,Southampton,83,0,0,0,0.0,0,83,0,0,0,0.0,0,0.0,1.0
2021-08-14,2021-22,EPL,Watford,Aston Villa,14,0,0,0,-0.5,0,83,0,0,0,0.5,0,-10.0,1.0
2021-08-14,2021-22,EPL,Norwich,Liverpool,14,0,0,0,-0.5,0,83,0,0,0,0.5,0,-10.0,0.0
2021-08-14,2021-22,Bundesliga,Augsburg,Hoffenheim,84,0,0,0,0.0,0,84,0,0,0,0.0,0,0.0,0.0
2021-08-14,2021-22,EPL,Leicester,Wolves,83,0,0,0,0.0,0,83,0,0,0,0.0,0,0.0,1.0
2021-08-14,2021-22,LaLiga,Cadiz,Levante,85,0,0,0,0.0,0,85,0,0,0,0.0,0,0.0,0.5
2021-08-14,2021-22,LaLiga,Mallorca,Betis,14,0,0,0,-0.5,0,84,0,0,0,0.5,0,-10.0,0.5
2021-08-14,2021-22,LaLiga,Alaves,Real Madrid,83,0,0,0,-0.05,0,84,0,0,0,0.05,0,-1.0,0.0
2021-08-14,2021-22,LaLiga,Osasuna,Espanol,84,0,0,0,0.5,0,14,0,0,0,-0.5,0,10.0,0.5
2021-08-15,2021-22,Ligue1,Angers,Lyon,7,1,0,1,-0.05,1,8,1,0,1,0.05,1,-1.0,1.0
2021-08-15,2021-22,Ligue1,Brest,Rennes,8,1,0,1,0.05,1,7,1,0,1,-0.05,1,1.0,0.5
2021-08-15,2021-22,Ligue1,Clermont,Troyes,7,1,0,1,-0.05,1,8,1,0,1,0.05,1,-1.0,1.0
2021-08-15,2021-22,LaLiga,Barcelona,Sociedad,85,0,0,0,0.0,0,85,0,0,0,0.0,0,0.0,1.0
2021-08-15,2021-22,Ligue1,Nantes,Metz,9,1,0,1,0.1,1,7,1,0,1,-0.1,1,2.0,1.0
2021-08-15,2021-22,LaLiga,Sevilla,Vallecano,84,0,0,0,0.5,0,14,0,0,0,-0.5,0,10.0,1.0
2021-08-15,2021-22,Ligue1,Marseille,Bordeaux,7,1,0,1,0.0,1,7,1,0,1,0.0,1,0.0,0.5
2021-08-15,2021-22,EPL,Newcastle,West Ham,84,0,0,0,0.0,0,84,0,0,0,0.0,0,0.0,0.0
2021-08-15,2021-22,Bundesliga,Mainz,RB Leipzig,85,0,0,0,0.0,0,85,0,0,0,0.0,0,0.0,1.0
2021-08-15,2021-22,Ligue1,Reims,Montpellier,7,1,0,1,0.0,1,7,1,0,1,0.0,1,0.0,0.5
2021-08-15,2021-22,Ligue1,Lens,St Etienne,7,1,0,1,0.0,1,7,1,0,1,0.0,1,0.0,0.5
2021-08-15,2021-22,LaLiga,Celta,Ath Madrid,85,0,0,0,0.0,0,85,0,0,0,0.0,0,0.0,0.0
2021-08-15,2021-22,EPL,Tottenham,Man City,84,0,0,0,0.0,0,84,0,0,0,0.0,0,0.0,1.0
2021-08-15,2021-22,Bundesliga,FC Koln,Hertha,85,0,0,0,0.0,0,85,0,0,0,0.0,0,0.0,1.0
2021-08-16,2021-22,LaLiga,Villarreal,Granada,86,0,0,0,0.05,0,85,0,0,0,-0.05,0,1.0,0.5
2021-08-16,2021-22,LaLiga,Elche,Ath Bilbao,86,0,0,0,0.0,0,86,0,0,0,0.0,0,0.0,0.5
2021-08-20,2021-22,LaLiga,Betis,Cadiz,6,1,1,1,0.0,1,6,1,1,1,0.0,1,0.0,0.5
2021-08-20,2021-22,Bundesliga,RB Leipzig,Stuttgart,5,1,1,1,-0.05,1,6,1,1,1,0.05,1,-1.0,1.0
2021-08-20,2021-22,Ligue1,Brest,Paris SG,5,2,1,2,-0.05,2,6,2,1,2,0.05,2,-1.0,0.0
2021-08-21,2021-22,EPL,Brighton,Watford,7,1,0,1,0.0,1,7,1,0,1,0.0,1,0.0,1.0
2021-08-21,2021-22,LaLiga,Espanol,Villarreal,7,1,0,1,0.1,1,5,1,1,1,-0.1,1,2.0,0.5
2021-08-21,2021-22,LaLiga,Granada,Valencia,5,1,1,1,-0.15,1,8,1,0,1,0.15,1,-3.0,0.5
2021-08-21,2021-22,LaLiga,Ath Bilbao,Barcelona,5,1,1,1,-0.05,1,6,1,1,1,0.05,1,-1.0,0.5
2021-08-21,2021-22,SerieA,Torino,Atalanta,90,0,0,0,0.0,0,90,0,0,0,0.0,0,0.0,0.0
2021-08-21,2021-22,SerieA,Empoli,Lazio,14,0,0,0,-0.5,0,90,0,0,0,0.5,0,-10.0,0.0
2021-08-21,2021-22,EPL,Leeds,Everton,7,1,0,1,0.0,1,7,1,0,1,0.0,1,0.0,0.5
2021-08-21,2021-22,EPL,Crystal Palace,Brentford,7,1,0,1,-0.05,1,8,1,0,1,0.05,1,-1.0,0.5
2021-08-21,2021-22,EPL,Aston Villa,Newcastle,7,1,0,1,0.05,1,6,1,1,1,-0.05,1,1.0,1.0
2021-08-21,2021-22,EPL,Liverpool,Burnley,7,1,0,1,0.0,1,7,1,0,1,0.0,1,0.0,1.0
2021-08-21,2021-22,SerieA,Verona,Sassuolo,90,0,0,0,0.0,0,90,0,0,0,0.0,0,0.0,0.0
2021-08-21,2021-22,Ligue1,Monaco,Lens,8,2,0,1,0.1,2,6,2,1,2,-0.1,2,2.0,0.0
2021-08-21,2021-22,Bundesliga,Bochum,Mainz,7,1,0,1,0.05,1,6,1,1,1,-0.05,1,1.0,1.0
2021-08-21,2021-22,EPL,Man City,Norwich,6,1,1,1,-0.05,1,7,1,0,1,0.05,1,-1.0,1.0
2021-08-21,2021-22,Bundesliga,Ein Frankfurt,Augsburg,7,1,0,1,0.0,1,7,1,0,1,0.0,1,0.0,0.5
2021-08-21,2021-22,Bundesliga,Freiburg,Dortmund,7,1,0,1,0.0,1,7,1,0,1,0.0,1,0.0,1.0
2021-08-21,2021-22,Bundesliga,Greuther Furth,Bielefeld,7,1,0,1,0.0,1,7,1,0,1,0.0,1,0.0,0.5
2021-08-21,2021-22,Ligue1,St Etienne,Lille,6,2,1,2,-0.05,2,7,2,0,2,0.05,2,-1.0,0.5
2021-08-21,2021-22,Bundesliga,Hertha,Wolfsburg,6,1,1,1,-0.05,1,7,1,0,1,0.05,1,-1.0,0.0
2021-08-21,2021-22,LaLiga,Alaves,Mallorca,7,1,0,1,0.0,1,7,1,0,1,0.0,1,0.0,0.0
2021-08-21,2021-22,SerieA,Inter,Genoa,90,0,0,0,-0.05,0,91,0,0,0,0.05,0,-1.0,1.0
2021-08-21,2021-22,Bundesliga,Leverkusen,M'gladbach,7,1,0,1,-0.05,1,8,1,0,1,0.05,1,-1.0,1.0
2021-08-22,2021-22,SerieA,Roma,Fiorentina,91,0,0,0,-0.05,0,92,0,0,0,0.05,0,-1.0,1.0
2021-08-22,2021-22,EPL,Southampton,Man United,8,1,0,1,0.0,1,8,1,0,1,0.0,1,0.0,0.5
2021-08-22,2021-22,EPL,Wolves,Tottenham,8,1,0,1,0.05,1,7,1,0,1,-0.05,1,1.0,0.0
2021-08-22,2021-22,EPL,Arsenal,Chelsea,9,1,0,1,0.05,1,8,1,0,1,-0.05,1,1.0,0.0
2021-08-22,2021-22,Ligue1,Bordeaux,Angers,7,2,0,1,0.0,2,7,2,0,1,0.0,2,0.0,0.5
2021-08-22,2021-22,LaLiga,Ath Madrid,Elche,7,1,0,1,0.05,1,6,1,1,1,-0.05,1,1.0,1.0
2021-08-22,2021-22,SerieA,Napoli,Venezia,91,0,0,0,0.5,0,14,0,0,0,-0.5,0,10.0,1.0
2021-08-22,2021-22,SerieA,Udinese,Juventus,91,0,0,0,0.0,0,91,0,0,0,0.0,0,0.0,0.5
2021-08-22,2021-22,SerieA,Bologna,Salernitana,91,0,0,0,0.5,0,14,0,0,0,-0.5,0,10.0,1.0
2021-08-22,2021-22,Bundesliga,Hoffenheim,Union Berlin,8,1,0,1,0.0,1,8,1,0,1,0.0,1,0.0,0.5
2021-08-22,2021-22,LaLiga,Sociedad,Vallecano,7,1,0,1,0.0,1,7,1,0,1,0.0,1,0.0,1.0
2021-08-22,2021-22,Ligue1,Metz,Reims,7,2,0,1,0.0,2,7,2,0,1,0.0,2,0.0,0.5
2021-08-22,2021-22,Ligue1,Lyon,Clermont,7,2,0,1,0.0,2,7,2,0,1,0.0,2,0.0,0.5
2021-08-22,2021-22,Ligue1,Strasbourg,Troyes,8,2,0,1,0.05,2,7,2,0,1,-0.05,2,1.0,0.5
2021-08-22,2021-22,Ligue1,Rennes,Nantes,7,2,0,1,0.0,2,7,2,0,1,0.0,2,0.0,1.0
2021-08-22,2021-22,LaLiga,Levante,Real Madrid,8,1,0,1,0.0,1,8,1,0,1,0.0,1,0.0,0.5
2021-08-22,2021-22,Ligue1,Montpellier,Lorient,7,2,0,1,-0.1,2,9,2,0,1,0.1,2,-2.0,1.0
2021-08-22,2021-22,Bundesliga,Bayern Munich,FC Koln,9,1,0,1,0.1,1,7,1,0,1,-0.1,1,2.0,1.0
2021-08-23,2021-22,SerieA,Sampdoria,Milan,93,0,0,0,0.05,0,92,0,0,0,-0.05,0,1.0,0.0
2021-08-23,2021-22,SerieA,Cagliari,Spezia,93,0,0,0,0.05,0,92,0,0,0,-0.05,0,1.0,0.5
2021-08-23,2021-22,LaLiga,Osasuna,Celta,9,1,0,1,0.05,1,8,1,0,1,-0.05,1,1.0,0.5
2021-08-23,2021-22,LaLiga,Getafe,Sevilla,10,1,0,1,0.1,1,8,1,0,1,-0.1,1,2.0,0.0
2021-08-23,2021-22,EPL,West Ham,Leicester,8,1,0,1,-0.05,1,9,1,0,1,0.05,1,-1.0,1.0
2021-08-27,2021-22,SerieA,Udinese,Venezia,5,1,1,1,0.0,1,5,1,1,1,0.0,1,0.0,1.0
2021-08-27,2021-22,LaLiga,Valencia,Alaves,6,2,1,1,0.0,2,6,2,1,2,0.0,2,0.0,1.0
2021-08-27,2021-22,SerieA,Verona,Inter,6,1,1,1,0.0,1,6,1,1,1,0.0,1,0.0,0.0
2021-08-27,2021-22,Bundesliga,Dortmund,Hoffenheim,6,2,1,2,0.05,2,5,2,1,2,-0.05,2,1.0,1.0
2021-08-27,2021-22,Ligue1,Nantes,Lyon,5,2,1,2,0.0,3,5,3,1,2,-0.2,3,0.0,0.0
2021-08-27,2021-22,LaLiga,Mallorca,Espanol,6,2,1,2,0.0,2,6,2,1,2,0.0,2,0.0,1.0
2021-08-28,2021-22,EPL,Norwich,Leicester,7,2,0,1,0.1,2,5,2,1,1,-0.1,2,2.0,0.0
2021-08-28,2021-22,EPL,Newcastle,Southampton,7,2,0,2,0.05,2,6,2,1,1,-0.05,2,1.0,0.5
2021-08-28,2021-22,EPL,Brighton,Everton,7,2,0,1,0.0,2,7,2,0,1,0.0,2,0.0,0.0
2021-08-28,2021-22,EPL,Aston Villa,Brentford,7,2,0,1,0.0,2,7,2,0,1,0.0,2,0.0,0.5
2021-08-28,2021-22,EPL,Man City,Arsenal,7,2,0,2,0.05,2,6,2,1,1,-0.05,2,1.0,1.0
2021-08-28,2021-22,SerieA,Atalanta,Bologna,7,1,0,1,0.05,1,6,1,1,1,-0.05,1,1.0,0.5
2021-08-28,2021-22,SerieA,Lazio,Spezia,7,1,0,1,0.1,1,5,1,1,1,-0.1,1,2.0,1.0
2021-08-28,2021-22,SerieA,Fiorentina,Torino,6,1,1,1,-0.05,1,7,1,0,1,0.05,1,-1.0,1.0
2021-08-28,2021-22,SerieA,Juventus,Empoli,6,1,1,1,-0.05,1,7,1,0,1,0.05,1,-1.0,0.0
2021-08-28,2021-22,LaLiga,Betis,Real Madrid,8,2,0,1,0.1,2,6,2,1,1,-0.1,2,2.0,0.0
2021-08-28,2021-22,LaLiga,Celta,Ath Bilbao,5,2,1,2,-0.1,2,7,2,0,2,0.1,2,-2.0,0.0
2021-08-28,2021-22,LaLiga,Elche,Sevilla,6,2,1,2,0.05,2,5,2,1,2,-0.05,2,1.0,0.5
2021-08-28,2021-22,LaLiga,Sociedad,Levante,6,2,1,2,0.0,2,6,2,1,1,0.0,2,0.0,1.0
2021-08-28,2021-22,Ligue1,Marseille,St Etienne,13,2,0,1,0.3,2,7,3,0,2,-0.5,3,6.0,1.0
2021-08-28,2021-22,Ligue1,Nice,Bordeaux,14,2,0,0,0.4,2,6,3,1,2,-0.6,3,8.0,1.0
2021-08-28,2021-22,Bundesliga,Augsburg,Leverkusen,7,2,0,1,0.0,2,7,2,0,1,0.0,2,0.0,0.0
2021-08-28,2021-22,Bundesliga,Bielefeld,Ein Frankfurt,7,2,0,1,0.0,2,7,2,0,1,0.0,2,0.0,0.5
2021-08-28,2021-22,Bundesliga,FC Koln,Bochum,6,2,1,2,-0.05,2,7,2,0,1,0.05,2,-1.0,1.0
2021-08-28,2021-22,Bundesliga,Mainz,Greuther Furth,7,2,0,2,0.0,2,7,2,0,1,0.0,2,0.0,1.0
2021-08-28,2021-22,Bundesliga,Stuttgart,Freiburg,8,2,0,1,0.05,2,7,2,0,1,-0.05,2,1.0,0.0
2021-08-28,2021-22,Bundesliga,Bayern Munich,Hertha,6,2,1,1,-0.05,2,7,2,0,2,0.05,2,-1.0,1.0
2021-08-28,2021-22,EPL,West Ham,Crystal Palace,5,2,1,2,-0.1,2,7,2,0,1,0.1,2,-2.0,0.5
2021-08-28,2021-22,EPL,Liverpool,Chelsea,7,2,0,1,0.05,2,6,2,1,1,-0.05,2,1.0,0.5
2021-08-29,2021-22,EPL,Tottenham,Watford,7,2,0,1,-0.05,2,8,2,0,1,0.05,2,-1.0,1.0
2021-08-29,2021-22,Bundesliga,Union Berlin,M'gladbach,7,2,0,1,-0.05,2,8,2,0,1,0.05,2,-1.0,1.0
2021-08-29,2021-22,Bundesliga,Wolfsburg,RB Leipzig,8,2,0,1,-0.05,2,9,2,0,1,0.05,2,-1.0,1.0
2021-08-29,2021-22,EPL,Burnley,Leeds,8,2,0,1,0.0,2,8,2,0,1,0.0,2,0.0,0.5
2021-08-29,2021-22,EPL,Wolves,Man United,7,2,0,1,0.0,2,7,2,0,1,0.0,2,0.0,0.0
2021-08-29,2021-22,LaLiga,Barcelona,Getafe,8,2,0,1,0.1,2,6,2,1,1,-0.1,2,2.0,1.0
2021-08-29,2021-22,LaLiga,Vallecano,Granada,7,2,0,1,-0.05,2,8,2,0,2,0.05,2,-1.0,1.0
2021-08-29,2021-22,Ligue1,Troyes,Monaco,7,2,0,1,-0.05,3,8,2,0,1,0.05,3,-1.0,0.0
2021-08-29,2021-22,Ligue1,Angers,Rennes,7,2,0,1,0.0,3,7,2,0,1,0.0,3,0.0,1.0
2021-08-29,2021-22,Ligue1,Clermont,Metz,7,2,0,1,0.0,3,7,2,0,1,0.0,3,0.0,0.5
2021-08-29,2021-22,Ligue1,Lens,Lorient,8,2,0,1,0.05,3,7,2,0,1,-0.05,3,1.0,0.5
2021-08-29,2021-22,Ligue1,Reims,Paris SG,7,2,0,1,-0.1,3,9,2,0,1,0.1,3,-2.0,0.0
2021-08-29,2021-22,SerieA,Salernitana,Roma,7,1,0,1,0.0,1,7,1,0,1,0.0,1,0.0,0.0
2021-08-29,2021-22,SerieA,Milan,Cagliari,6,1,1,1,0.0,1,6,1,1,1,0.0,1,0.0,1.0
2021-08-29,2021-22,LaLiga,Cadiz,Osasuna,9,2,0,1,0.15,2,6,2,1,1,-0.15,2,3.0,0.0
2021-08-29,2021-22,SerieA,Genoa,Napoli,8,1,0,1,0.05,1,7,1,0,1,-0.05,1,1.0,0.0
2021-08-29,2021-22,LaLiga,Ath Madrid,Villarreal,7,2,0,1,-0.05,2,8,2,0,2,0.05,2,-1.0,0.5
2021-08-29,2021-22,SerieA,Sassuolo,Sampdoria,8,1,0,1,0.1,1,6,1,1,1,-0.1,1,2.0,0.5
2021-08-29,2021-22,Ligue1,Strasbourg,Brest,7,2,0,1,-0.1,3,9,2,0,1,0.1,3,-2.0,1.0
2021-08-29,2021-22,Ligue1,Lille,Montpellier,8,2,0,1,0.05,3,7,2,0,1,-0.05,3,1.0,1.0
2021-09-10,2021-22,Ligue1,Lorient,Lille,12,2,0,1,0.0,4,12,2,0,1,0.0,4,0.0,1.0
2021-09-11,2021-22,EPL,Arsenal,Norwich,14,2,0,0,0.0,3,14,1,0,0,0.0,3,0.0,1.0
2021-09-11,2021-22,SerieA,Atalanta,Fiorentina,14,1,0,0,0.0,2,14,2,0,0,0.0,2,0.0,0.0
2021-09-11,2021-22,EPL,Brentford,Brighton,14,1,0,0,0.0,3,14,1,0,0,0.0,3,0.0,0.0
2021-09-11,2021-22,EPL,Man United,Newcastle,13,2,0,1,-0.05,3,14,1,0,0,0.05,3,-1.0,1.0
2021-09-11,2021-22,EPL,Southampton,West Ham,14,2,0,0,0.0,3,14,2,0,0,0.0,3,0.0,0.5
2021-09-11,2021-22,EPL,Watford,Wolves,13,1,0,1,0.0,3,13,2,0,1,0.0,3,0.0,0.0
2021-09-11,2021-22,EPL,Chelsea,Aston Villa,14,2,0,0,0.0,3,14,1,0,0,0.0,3,0.0,1.0
2021-09-11,2021-22,EPL,Crystal Palace,Tottenham,14,1,0,0,0.05,3,13,2,0,1,-0.05,3,1.0,1.0
2021-09-11,2021-22,EPL,Leicester,Man City,14,2,0,0,0.0,3,14,1,0,0,0.0,3,0.0,0.0
2021-09-11,2021-22,SerieA,Napoli,Juventus,13,2,0,1,-0.05,2,14,2,0,0,0.05,2,-1.0,1.0
2021-09-11,2021-22,Ligue1,Monaco,Marseille,13,1,0,1,-0.05,4,14,1,0,0,0.05,3,-1.0,0.0
2021-09-11,2021-22,LaLiga,Levante,Vallecano,14,2,0,0,0.05,3,13,2,0,1,-0.05,3,1.0,0.5
2021-09-11,2021-22,LaLiga,Ath Bilbao,Mallorca,14,1,0,0,-0.05,3,15,1,0,0,0.05,3,-1.0,1.0
2021-09-11,2021-22,Bundesliga,RB Leipzig,Bayern Munich,13,1,0,1,-0.05,3,14,2,0,0,0.05,3,-1.0,0.0
2021-09-11,2021-22,Bundesliga,Union Berlin,Augsburg,13,2,0,1,-0.05,3,14,1,0,0,0.05,3,-1.0,0.5
2021-09-11,2021-22,Bundesliga,Leverkusen,Dortmund,14,1,0,0,-0.05,3,15,1,0,0,0.05,3,-1.0,0.0
2021-09-11,2021-22,Bundesliga,Hoffenheim,Mainz,15,2,0,0,0.05,3,14,1,0,0,-0.05,3,1.0,0.0
2021-09-11,2021-22,Bundesliga,Greuther Furth,Wolfsburg,14,1,0,0,0.05,3,13,1,0,1,-0.05,3,1.0,0.0
2021-09-11,2021-22,Bundesliga,Freiburg,FC Koln,14,1,0,0,0.0,3,14,2,0,0,0.0,3,0.0,0.5
2021-09-11,2021-22,SerieA,Empoli,Venezia,14,1,0,0,-0.05,2,15,2,0,0,0.05,2,-1.0,0.0
2021-09-11,2021-22,Ligue1,Paris SG,Clermont,13,1,0,1,0.0,4,13,2,0,1,0.0,4,0.0,1.0
2021-09-12,2021-22,LaLiga,Real Madrid,Celta,15,1,0,0,0.0,3,15,2,0,0,0.0,3,0.0,1.0
2021-09-12,2021-22,LaLiga,Espanol,Ath Madrid,16,1,0,0,0.1,3,14,1,0,0,-0.1,3,2.0,0.0
2021-09-12,2021-22,EPL,Leeds,Liverpool,14,1,0,0,-0.05,3,15,1,0,0,0.05,3,-1.0,0.0
2021-09-12,2021-22,Bundesliga,M'gladbach,Bielefeld,14,1,0,0,-0.05,3,15,1,0,0,0.05,3,-1.0,1.0
2021-09-12,2021-22,SerieA,Milan,Lazio,14,2,0,0,-0.05,2,15,1,0,0,0.05,2,-1.0,1.0
2021-09-12,2021-22,SerieA,Torino,Salernitana,15,1,0,0,0.05,2,14,1,0,0,-0.05,2,1.0,1.0
2021-09-12,2021-22,Bundesliga,Ein Frankfurt,Stuttgart,15,1,0,0,0.0,3,15,1,0,0,0.0,3,0.0,0.5
2021-09-12,2021-22,Ligue1,Nantes,Nice,16,1,0,0,0.05,4,15,1,0,0,-0.05,3,1.0,0.0
2021-09-12,2021-22,Ligue1,Rennes,Reims,14,1,0,0,0.0,4,14,1,0,0,0.0,4,0.0,0.0
2021-09-12,2021-22,Ligue1,Metz,Troyes,14,1,0,0,0.0,4,14,1,0,0,0.0,4,0.0,0.0
2021-09-12,2021-22,Ligue1,Brest,Angers,14,1,0,0,0.0,4,14,1,0,0,0.0,4,0.0,0.5
2021-09-12,2021-22,Ligue1,Bordeaux,Lens,15,1,0,0,0.05,4,14,1,0,0,-0.05,4,1.0,0.0
2021-09-12,2021-22,Ligue1,Montpellier,St Etienne,14,1,0,0,-0.05,4,15,1,0,0,0.05,4,-1.0,1.0
2021-09-12,2021-22,SerieA,Sampdoria,Inter,14,2,0,0,-0.1,2,16,1,0,0,0.1,2,-2.0,0.5
2021-09-12,2021-22,SerieA,Cagliari,Genoa,14,2,0,0,0.0,2,14,1,0,0,0.0,2,0.0,0.0
2021-09-12,2021-22,SerieA,Spezia,Udinese,15,2,0,0,-0.05,2,16,1,0,0,0.05,2,-1.0,0.0
2021-09-12,2021-22,Bundesliga,Bochum,Hertha,15,1,0,0,0.0,3,15,1,0,0,0.0,3,0.0,0.0
2021-09-12,2021-22,LaLiga,Cadiz,Sociedad,14,1,0,0,-0.05,3,15,1,0,0,0.05,3,-1.0,0.0
2021-09-12,2021-22,SerieA,Roma,Sassuolo,14,1,0,0,0.0,2,14,1,0,0,0.0,2,0.0,1.0
2021-09-12,2021-22,Ligue1,Lyon,Strasbourg,16,1,0,0,0.1,4,14,1,0,0,-0.1,4,2.0,1.0
2021-09-12,2021-22,LaLiga,Osasuna,Valencia,14,2,0,0,-0.1,3,16,1,0,0,0.1,3,-2.0,0.0
2021-09-13,2021-22,SerieA,Bologna,Verona,16,1,0,0,-0.05,2,17,1,0,0,0.05,2,-1.0,1.0
2021-09-13,2021-22,EPL,Everton,Burnley,16,1,0,0,0.05,3,15,1,0,0,-0.05,3,1.0,1.0
2021-09-13,2021-22,LaLiga,Getafe,Elche,15,1,0,0,-0.05,3,16,1,0,0,0.05,3,-1.0,0.0
2021-09-13,2021-22,LaLiga,Granada,Betis,15,1,0,0,-0.05,3,16,1,0,0,0.05,3,-1.0,0.0
2021-09-17,2021-22,SerieA,Sassuolo,Torino,5,2,1,1,0.0,3,5,2,1,1,0.0,3,0.0,0.0
2021-09-17,2021-22,Ligue1,Strasbourg,Metz,5,2,1,1,0.0,5,5,2,1,1,0.0,5,0.0,1.0
2021-09-17,2021-22,EPL,Newcastle,Leeds,6,2,1,1,0.05,4,5,2,1,1,-0.05,4,1.0,0.5
2021-09-17,2021-22,LaLiga,Celta,Cadiz,5,2,1,1,0.0,4,5,2,1,1,0.0,4,0.0,0.0
2021-09-17,2021-22,Bundesliga,Hertha,Greuther Furth,5,2,1,1,-0.05,4,6,2,1,1,0.05,4,-1.0,1.0
2021-09-18,2021-22,SerieA,Genoa,Fiorentina,6,2,1,1,-0.05,3,7,1,0,1,0.05,3,-1.0,0.0
2021-09-18,2021-22,Bundesliga,Bayern Munich,Bochum,7,1,0,1,0.05,4,6,1,1,1,-0.05,4,1.0,1.0
2021-09-18,2021-22,Bundesliga,Augsburg,M'gladbach,7,1,0,1,0.05,4,6,2,1,1,-0.05,4,1.0,1.0
2021-09-18,2021-22,SerieA,Salernitana,Atalanta,6,2,1,1,-0.05,3,7,1,0,1,0.05,3,-1.0,0.0
2021-09-18,2021-22,SerieA,Inter,Bologna,6,1,1,1,0.05,3,5,1,1,1,-0.05,3,1.0,1.0
2021-09-18,2021-22,Ligue1,Lens,Lille,6,2,1,1,-0.1,5,8,2,0,1,0.1,5,-2.0,1.0
2021-09-18,2021-22,Bundesliga,Bielefeld,Hoffenheim,6,1,1,1,-0.05,4,7,1,0,1,0.05,4,-1.0,0.5
2021-09-18,2021-22,Ligue1,St Etienne,Bordeaux,6,1,1,1,0.0,5,6,1,1,1,0.0,5,0.0,0.0
2021-09-18,2021-22,LaLiga,Elche,Levante,5,1,1,1,-0.1,4,7,1,0,1,0.1,4,-2.0,0.5
2021-09-18,2021-22,EPL,Aston Villa,Everton,7,1,0,1,0.1,4,5,1,1,1,-0.1,4,2.0,1.0
2021-09-18,2021-22,EPL,Man City,Southampton,7,1,0,1,0.0,4,7,1,0,1,0.0,4,0.0,0.5
2021-09-18,2021-22,EPL,Liverpool,Crystal Palace,6,1,1,1,-0.05,4,7,1,0,1,0.05,4,-1.0,1.0
2021-09-18,2021-22,EPL,Burnley,Arsenal,5,2,1,1,-0.1,4,7,1,0,1,0.1,4,-2.0,0.0
2021-09-18,2021-22,Bundesliga,FC Koln,RB Leipzig,7,1,0,1,0.0,4,7,2,0,1,0.0,4,0.0,0.5
2021-09-18,2021-22,Bundesliga,Mainz,Freiburg,7,1,0,1,0.0,4,7,1,0,1,0.0,4,0.0,0.5
2021-09-18,2021-22,EPL,Wolves,Brentford,7,2,0,1,0.0,4,7,1,0,1,0.0,4,0.0,0.0
2021-09-18,2021-22,LaLiga,Vallecano,Getafe,7,2,0,1,0.1,4,5,2,1,1,-0.1,4,2.0,1.0
2021-09-18,2021-22,LaLiga,Ath Madrid,Ath Bilbao,6,2,1,1,-0.05,4,7,1,0,1,0.05,4,-1.0,0.5
2021-09-18,2021-22,LaLiga,Alaves,Osasuna,22,0,0,0,0.5,3,6,2,1,1,-0.5,4,10.0,0.0
2021-09-18,2021-22,EPL,Norwich,Watford,7,1,0,1,0.0,4,7,2,0,1,0.0,4,0.0,0.0
2021-09-19,2021-22,SerieA,Verona,Roma,6,1,1,1,-0.05,3,7,1,0,1,0.05,3,-1.0,1.0
2021-09-19,2021-22,SerieA,Lazio,Cagliari,7,1,0,1,0.0,3,7,1,0,1,0.0,3,0.0,0.5
2021-09-19,2021-22,LaLiga,Sociedad,Sevilla,7,1,0,1,-0.5,4,22,0,0,0,0.5,3,-10.0,0.5
2021-09-19,2021-22,EPL,Brighton,Leicester,8,1,0,1,0.0,4,8,1,0,1,0.0,4,0.0,1.0
2021-09-19,2021-22,EPL,West Ham,Man United,8,1,0,1,0.0,4,8,1,0,1,0.0,4,0.0,0.0
2021-09-19,2021-22,EPL,Tottenham,Chelsea,8,1,0,1,0.0,4,8,1,0,1,0.0,4,0.0,0.0
2021-09-19,2021-22,Ligue1,Troyes,Montpellier,7,1,0,1,0.0,5,7,1,0,1,0.0,5,0.0,0.5
2021-09-19,2021-22,LaLiga,Mallorca,Villarreal,8,1,0,1,-0.5,4,21,0,0,0,0.5,3,-10.0,0.5
2021-09-19,2021-22,Ligue1,Paris SG,Lyon,8,1,0,1,0.05,5,7,1,0,1,-0.05,5,1.0,1.0
2021-09-19,2021-22,Bundesliga,Stuttgart,Leverkusen,7,1,0,1,-0.05,4,8,1,0,1,0.05,4,-1.0,0.0
2021-09-19,2021-22,Bundesliga,Dortmund,Union Berlin,8,1,0,1,0.0,4,8,1,0,1,0.0,4,0.0,1.0
2021-09-19,2021-22,Bundesliga,Wolfsburg,Ein Frankfurt,8,1,0,1,0.05,4,7,1,0,1,-0.05,4,1.0,0.5
2021-09-19,2021-22,SerieA,Venezia,Spezia,8,1,0,1,0.05,3,7,1,0,1,-0.05,3,1.0,0.0
2021-09-19,2021-22,SerieA,Empoli,Sampdoria,8,1,0,1,0.05,3,7,1,0,1,-0.05,3,1.0,0.0
2021-09-19,2021-22,Ligue1,Marseille,Rennes,8,1,0,1,0.05,4,7,1,0,1,-0.05,5,1.0,1.0
2021-09-19,2021-22,Ligue1,Nice,Monaco,7,1,0,1,-0.05,4,8,1,0,1,0.05,5,-1.0,0.5
2021-09-19,2021-22,Ligue1,Angers,Nantes,7,1,0,1,0.0,5,7,1,0,1,0.0,5,0.0,0.0
2021-09-19,2021-22,Ligue1,Clermont,Brest,8,1,0,1,0.05,5,7,1,0,1,-0.05,5,1.0,0.5
2021-09-19,2021-22,Ligue1,Reims,Lorient,7,1,0,1,-0.1,5,9,1,0,1,0.1,5,-2.0,0.5
2021-09-19,2021-22,SerieA,Juventus,Milan,8,1,0,1,0.05,3,7,1,0,1,-0.05,3,1.0,0.5
2021-09-19,2021-22,LaLiga,Betis,Espanol,6,1,1,1,-0.05,4,7,1,0,1,0.05,4,-1.0,0.5
2021-09-19,2021-22,LaLiga,Valencia,Real Madrid,7,1,0,1,0.0,4,7,1,0,1,0.0,4,0.0,0.0
2021-09-20,2021-22,SerieA,Udinese,Napoli,8,1,0,1,-0.05,3,9,1,0,1,0.05,3,-1.0,0.0
2021-09-20,2021-22,LaLiga,Barcelona,Granada,22,0,0,0,0.5,3,7,1,0,1,-0.5,4,10.0,0.5
2021-09-21,2021-22,SerieA,Atalanta,Sassuolo,3,2,1,2,-0.45,4,4,2,1,2,0.05,4,-1.0,1.0
2021-09-21,2021-22,SerieA,Fiorentina,Inter,3,2,1,2,-0.4,4,3,2,1,2,-0.4,4,0.0,0.0
2021-09-21,2021-22,LaLiga,Getafe,Ath Madrid,3,2,1,2,-0.4,5,3,2,1,2,-0.4,5,0.0,0.0
2021-09-21,2021-22,SerieA,Bologna,Genoa,3,2,1,2,-0.4,4,3,2,1,2,-0.4,4,0.0,0.5
2021-09-21,2021-22,LaLiga,Ath Bilbao,Vallecano,3,2,1,2,-0.4,5,3,2,1,2,-0.4,5,0.0,0.0
2021-09-21,2021-22,LaLiga,Levante,Celta,3,2,1,2,-0.45,5,4,2,1,2,0.05,5,-1.0,0.0
2021-09-22,2021-22,Ligue1,Nantes,Brest,3,2,1,2,-0.4,6,3,2,1,2,-0.4,6,0.0,1.0
2021-09-22,2021-22,Ligue1,Metz,Paris SG,5,2,1,2,0.1,6,3,2,1,2,-0.5,6,2.0,0.0
2021-09-22,2021-22,Ligue1,Lyon,Troyes,3,2,1,2,-0.4,6,3,2,1,2,-0.4,6,0.0,1.0
2021-09-22,2021-22,SerieA,Salernitana,Verona,4,2,1,2,0.05,4,3,2,1,2,-0.45,4,1.0,0.5
2021-09-22,2021-22,SerieA,Spezia,Juventus,3,2,1,2,-0.4,4,3,2,1,2,-0.4,4,0.0,0.0
2021-09-22,2021-22,SerieA,Cagliari,Empoli,3,2,1,2,-0.4,4,3,2,1,2,-0.4,4,0.0,0.0
2021-09-22,2021-22,SerieA,Milan,Venezia,3,2,1,2,-0.4,4,3,2,1,2,-0.4,4,0.0,1.0
2021-09-22,2021-22,Ligue1,Montpellier,Bordeaux,3,2,1,2,-0.45,6,4,2,1,2,0.05,6,-1.0,0.5
2021-09-22,2021-22,LaLiga,Real Madrid,Mallorca,3,2,1,2,-0.4,5,3,2,1,2,-0.4,5,0.0,1.0
2021-09-22,2021-22,LaLiga,Sevilla,Valencia,3,1,1,1,-0.4,4,3,2,1,2,-0.4,5,0.0,1.0
2021-09-22,2021-22,LaLiga,Villarreal,Elche,3,1,1,1,-0.45,4,4,2,1,2,0.05,5,-1.0,1.0
2021-09-22,2021-22,Ligue1,Rennes,Clermont,3,2,1,2,-0.4,6,3,2,1,2,-0.4,6,0.0,1.0
2021-09-22,2021-22,Ligue1,Angers,Marseille,3,2,1,2,-0.4,6,3,2,1,2,-0.4,5,0.0,0.5
2021-09-22,2021-22,Ligue1,Lens,Strasbourg,4,2,1,2,-0.05,6,5,2,1,2,0.05,6,-1.0,0.0
2021-09-22,2021-22,LaLiga,Espanol,Alaves,3,2,1,2,-0.45,5,4,1,1,1,0.05,4,-1.0,1.0
2021-09-22,2021-22,Ligue1,Lorient,Nice,3,2,1,2,-0.4,6,3,2,1,2,-0.4,5,0.0,1.0
2021-09-22,2021-22,Ligue1,Lille,Reims,4,2,1,2,0.05,6,3,2,1,2,-0.45,6,1.0,1.0
2021-09-22,2021-22,Ligue1,Monaco,St Etienne,3,2,1,2,-0.45,6,4,2,1,2,0.05,6,-1.0,1.0
2021-09-23,2021-22,SerieA,Torino,Lazio,6,2,1,2,0.1,4,4,2,1,2,-0.1,4,2.0,0.5
2021-09-23,2021-22,LaLiga,Granada,Sociedad,3,2,1,2,-0.45,5,4,2,1,2,0.05,5,-1.0,0.0
2021-09-23,2021-22,LaLiga,Osasuna,Betis,5,2,1,2,0.05,5,4,2,1,2,-0.05,5,1.0,0.0
2021-09-23,2021-22,LaLiga,Cadiz,Barcelona,6,2,1,2,0.15,5,3,1,1,1,-0.55,4,3.0,0.5
2021-09-23,2021-22,SerieA,Roma,Udinese,4,2,1,2,0.05,4,3,2,1,2,-0.45,4,1.0,1.0
2021-09-23,2021-22,SerieA,Sampdoria,Napoli,4,2,1,2,0.05,4,3,2,1,2,-0.45,4,1.0,0.0
2021-09-24,2021-22,Bundesliga,Greuther Furth,Bayern Munich,7,2,0,2,0.05,5,6,2,1,2,-0.05,5,1.0,0.0
2021-09-25,2021-22,Bundesliga,Ein Frankfurt,FC Koln,6,2,1,2,-0.05,5,7,2,0,1,0.05,5,-1.0,0.5
2021-09-25,2021-22,Bundesliga,Hoffenheim,Wolfsburg,7,2,0,1,0.05,5,6,2,1,1,-0.05,5,1.0,1.0
2021-09-25,2021-22,Bundesliga,RB Leipzig,Hertha,7,2,0,1,-0.05,5,8,2,0,2,0.05,5,-1.0,1.0
2021-09-25,2021-22,Bundesliga,Leverkusen,Mainz,6,2,1,1,-0.05,5,7,2,0,1,0.05,5,-1.0,1.0
2021-09-25,2021-22,Bundesliga,M'gladbach,Dortmund,7,2,0,2,0.05,5,6,2,1,1,-0.05,5,1.0,1.0
2021-09-25,2021-22,Ligue1,St Etienne,Nice,3,3,1,3,-0.6,7,3,3,2,3,-0.6,6,0.0,0.0
2021-09-25,2021-22,Ligue1,Strasbourg,Lille,3,3,1,3,-0.6,7,3,3,1,2,-0.6,7,0.0,0.0
2021-09-25,2021-22,Ligue1,Lyon,Lorient,3,3,2,3,-0.6,7,3,3,2,2,-0.6,7,0.0,0.5
2021-09-25,2021-22,Ligue1,Paris SG,Montpellier,3,3,2,2,-0.6,7,3,3,2,3,-0.6,7,0.0,1.0
2021-09-25,2021-22,EPL,Man United,Aston Villa,6,2,1,1,-0.05,5,7,2,0,1,0.05,5,-1.0,0.0
2021-09-25,2021-22,EPL,Everton,Norwich,7,2,0,2,0.0,5,7,2,0,1,0.0,5,0.0,1.0
2021-09-25,2021-22,EPL,Leeds,West Ham,8,2,0,2,0.1,5,6,2,1,1,-0.1,5,2.0,0.0
2021-09-25,2021-22,EPL,Leicester,Burnley,6,2,1,1,-0.05,5,7,2,0,2,0.05,5,-1.0,0.5
2021-09-25,2021-22,EPL,Watford,Newcastle,7,2,0,1,-0.05,5,8,2,0,1,0.05,5,-1.0,0.5
2021-09-25,2021-22,EPL,Brentford,Liverpool,7,2,0,1,0.0,5,7,2,0,2,0.0,5,0.0,0.5
2021-09-25,2021-22,Bundesliga,Union Berlin,Bielefeld,6,2,1,1,-0.05,5,7,2,0,2,0.05,5,-1.0,1.0
2021-09-25,2021-22,SerieA,Inter,Atalanta,4,3,1,3,-0.2,5,4,3,1,2,-0.2,5,0.0,0.5
2021-09-25,2021-22,EPL,Chelsea,Man City,6,2,1,1,-0.05,5,7,2,0,1,0.05,5,-1.0,0.0
2021-09-25,2021-22,LaLiga,Alaves,Ath Madrid,3,2,1,2,-0.45,5,4,3,1,3,-0.15,6,-1.0,1.0
2021-09-25,2021-22,LaLiga,Valencia,Ath Bilbao,3,3,2,3,-0.65,6,4,3,1,2,-0.15,6,-1.0,0.5
2021-09-25,2021-22,LaLiga,Sevilla,Espanol,3,2,2,2,-0.4,5,3,3,2,3,-0.6,6,0.0,1.0
2021-09-25,2021-22,LaLiga,Real Madrid,Villarreal,3,3,2,3,-0.6,6,3,2,2,2,-0.4,5,0.0,0.5
2021-09-25,2021-22,SerieA,Genoa,Verona,4,3,1,3,-0.15,5,3,3,2,3,-0.65,5,1.0,0.5
2021-09-25,2021-22,SerieA,Spezia,Milan,3,3,2,3,-0.6,5,3,3,2,3,-0.6,5,0.0,0.0
2021-09-26,2021-22,EPL,Arsenal,Tottenham,8,2,0,1,0.05,5,7,2,0,1,-0.05,5,1.0,1.0
2021-09-26,2021-22,SerieA,Juventus,Sampdoria,4,3,1,2,-0.15,5,3,3,1,2,-0.65,5,1.0,1.0
2021-09-26,2021-22,SerieA,Empoli,Bologna,4,3,1,2,-0.25,5,5,3,1,3,-0.15,5,-1.0,1.0
2021-09-26,2021-22,SerieA,Napoli,Cagliari,3,3,2,2,-0.65,5,4,3,1,2,-0.15,5,-1.0,1.0
2021-09-26,2021-22,SerieA,Lazio,Roma,3,3,1,2,-0.6,5,3,3,1,2,-0.6,5,0.0,1.0
2021-09-26,2021-22,EPL,Southampton,Wolves,8,2,0,1,0.0,5,8,2,0,1,0.0,5,0.0,0.0
2021-09-26,2021-22,Ligue1,Bordeaux,Rennes,4,3,1,2,-0.2,7,4,3,1,2,-0.2,7,0.0,0.5
2021-09-26,2021-22,Ligue1,Brest,Metz,4,3,1,2,-0.2,7,4,3,1,2,-0.2,7,0.0,0.0
2021-09-26,2021-22,Ligue1,Reims,Nantes,4,3,1,2,-0.2,7,4,3,1,2,-0.2,7,0.0,1.0
2021-09-26,2021-22,Ligue1,Troyes,Angers,4,3,1,2,-0.2,7,4,3,1,2,-0.2,7,0.0,0.5
2021-09-26,2021-22,Ligue1,Clermont,Monaco,4,3,1,2,-0.2,7,4,3,1,2,-0.2,7,0.0,0.0
2021-09-26,2021-22,Ligue1,Marseille,Lens,4,3,1,2,-0.2,6,4,3,1,2,-0.2,7,0.0,0.0
2021-09-26,2021-22,Bundesliga,Freiburg,Augsburg,8,2,0,1,0.0,5,8,2,0,1,0.0,5,0.0,1.0
2021-09-26,2021-22,Bundesliga,Bochum,Stuttgart,8,2,0,1,0.05,5,7,2,0,1,-0.05,5,1.0,0.5
2021-09-26,2021-22,LaLiga,Mallorca,Osasuna,4,3,1,2,-0.15,6,3,3,1,2,-0.65,6,1.0,0.0
2021-09-26,2021-22,LaLiga,Barcelona,Levante,3,2,2,2,-0.5,5,5,3,1,2,-0.1,6,-2.0,1.0
2021-09-26,2021-22,LaLiga,Sociedad,Elche,3,3,1,2,-0.65,6,4,3,1,3,-0.15,6,-1.0,1.0
2021-09-26,2021-22,LaLiga,Vallecano,Cadiz,5,3,1,2,-0.1,6,3,3,1,2,-0.7,6,2.0,1.0
2021-09-26,2021-22,LaLiga,Betis,Getafe,3,3,1,3,-0.7,6,5,3,1,3,-0.1,6,-2.0,1.0
2021-09-26,2021-22,SerieA,Udinese,Fiorentina,3,3,2,2,-0.7,5,5,3,1,2,-0.1,5,-2.0,0.0
2021-09-26,2021-22,SerieA,Sassuolo,Salernitana,5,3,1,2,-0.15,5,4,3,1,2,-0.25,5,1.0,1.0
2021-09-27,2021-22,LaLiga,Celta,Granada,6,3,1,2,-0.1,6,4,3,1,2,-0.3,6,2.0,1.0
2021-09-27,2021-22,EPL,Crystal Palace,Brighton,9,2,0,1,0.05,5,8,2,0,1,-0.05,5,1.0,0.5
2021-09-27,2021-22,SerieA,Venezia,Torino,5,3,1,2,-0.15,5,4,3,1,2,-0.25,5,1.0,0.5
2021-10-01,2021-22,SerieA,Cagliari,Venezia,5,4,1,3,-0.35,6,4,4,1,3,-0.45,6,1.0,0.5
2021-10-01,2021-22,LaLiga,Ath Bilbao,Alaves,6,4,1,3,-0.4,7,6,3,1,3,-0.2,6,0.0,1.0
2021-10-01,2021-22,Bundesliga,FC Koln,Greuther Furth,6,3,1,2,-0.25,6,7,3,0,1,-0.15,6,-1.0,1.0
2021-10-01,2021-22,Ligue1,Lens,Reims,5,4,1,3,-0.4,8,5,4,1,3,-0.4,8,0.0,1.0
2021-10-02,2021-22,SerieA,Torino,Juventus,5,4,1,2,-0.45,6,6,3,1,3,-0.15,6,-1.0,0.0
2021-10-02,2021-22,SerieA,Salernitana,Genoa,6,4,1,2,-0.45,6,7,4,0,2,-0.35,6,-1.0,1.0
2021-10-02,2021-22,SerieA,Sassuolo,Inter,6,4,1,2,-0.45,6,7,4,0,2,-0.35,6,-1.0,0.0
2021-10-02,2021-22,Bundesliga,Dortmund,Augsburg,7,2,0,2,0.05,6,6,2,1,1,-0.05,6,1.0,1.0
2021-10-02,2021-22,LaLiga,Mallorca,Levante,6,3,1,3,-0.2,7,6,3,1,2,-0.2,7,0.0,1.0
2021-10-02,2021-22,Bundesliga,Stuttgart,Hoffenheim,6,3,1,2,-0.25,6,7,2,0,1,0.05,6,-1.0,1.0
2021-10-02,2021-22,LaLiga,Osasuna,Vallecano,6,4,1,2,-0.4,7,6,3,1,2,-0.2,7,0.0,1.0
2021-10-02,2021-22,Bundesliga,Hertha,Freiburg,7,3,0,1,-0.15,6,6,2,1,1,-0.05,6,1.0,0.0
2021-10-02,2021-22,LaLiga,Cadiz,Valencia,6,4,1,2,-0.45,7,7,4,0,3,-0.35,7,-1.0,0.5
2021-10-02,2021-22,Ligue1,Nice,Brest,7,4,0,3,-0.35,7,6,4,1,3,-0.45,8,1.0,1.0
2021-10-02,2021-22,Ligue1,Montpellier,Strasbourg,7,4,0,3,-0.4,8,7,4,0,2,-0.4,8,0.0,0.5
2021-10-02,2021-22,EPL,Man United,Everton,7,2,0,2,0.0,6,7,3,0,1,-0.2,6,0.0,0.5
2021-10-02,2021-22,EPL,Burnley,Norwich,7,3,0,1,-0.2,6,7,2,0,1,0.0,6,0.0,0.5
2021-10-02,2021-22,EPL,Chelsea,Southampton,7,2,0,2,0.05,6,6,2,1,1,-0.05,6,1.0,1.0
2021-10-02,2021-22,LaLiga,Ath Madrid,Barcelona,7,4,0,2,-0.35,7,6,3,1,3,-0.25,6,1.0,1.0
2021-10-02,2021-22,EPL,Wolves,Newcastle,6,2,1,1,-0.05,6,7,2,0,1,0.05,6,-1.0,1.0
2021-10-02,2021-22,EPL,Brighton,Arsenal,5,2,1,2,-0.05,6,6,2,1,1,0.05,6,-1.0,0.5
2021-10-02,2021-22,Bundesliga,Wolfsburg,M'gladbach,7,2,0,2,0.0,6,7,3,0,1,-0.2,6,0.0,0.0
2021-10-02,2021-22,Bundesliga,RB Leipzig,Bochum,7,2,0,1,0.05,6,6,3,1,1,-0.25,6,1.0,1.0
2021-10-02,2021-22,EPL,Leeds,Watford,7,3,0,1,-0.2,6,7,2,0,1,0.0,6,0.0,1.0
2021-10-03,2021-22,Ligue1,St Etienne,Lyon,8,3,0,2,-0.2,8,8,3,0,2,-0.2,8,0.0,0.5
2021-10-03,2021-22,Ligue1,Lille,Marseille,8,3,0,2,-0.15,8,7,3,0,2,-0.25,7,1.0,1.0
2021-10-03,2021-22,Ligue1,Monaco,Bordeaux,7,3,0,2,-0.2,8,7,3,0,2,-0.2,8,0.0,1.0
2021-10-03,2021-22,Ligue1,Lorient,Clermont,8,3,0,2,-0.15,8,7,3,0,2,-0.25,8,1.0,0.5
2021-10-03,2021-22,Ligue1,Angers,Metz,7,3,0,2,-0.2,8,7,3,0,2,-0.2,8,0.0,1.0
2021-10-03,2021-22,SerieA,Roma,Empoli,7,3,0,2,-0.2,6,7,3,0,2,-0.2,6,0.0,1.0
2021-10-03,2021-22,SerieA,Fiorentina,Napoli,7,3,0,2,-0.2,6,7,3,0,3,-0.2,6,0.0,0.0
2021-10-03,2021-22,SerieA,Verona,Spezia,8,4,0,2,-0.4,6,8,3,0,2,-0.2,6,0.0,1.0
2021-10-03,2021-22,SerieA,Sampdoria,Udinese,7,3,0,2,-0.2,6,7,3,0,3,-0.2,6,0.0,0.5
2021-10-03,2021-22,SerieA,Bologna,Lazio,7,4,0,2,-0.4,6,7,3,0,2,-0.2,6,0.0,1.0
2021-10-03,2021-22,EPL,Liverpool,Man City,8,2,0,1,0.0,6,8,2,0,1,0.0,6,0.0,0.5
2021-10-03,2021-22,EPL,Tottenham,Aston Villa,7,2,0,1,-0.05,6,8,2,0,1,0.05,6,-1.0,1.0
2021-10-03,2021-22,EPL,Crystal Palace,Leicester,6,2,1,1,-0.1,6,8,2,0,1,0.1,6,-2.0,0.5
2021-10-03,2021-22,SerieA,Atalanta,Milan,8,3,0,2,-0.2,6,8,3,0,2,-0.2,6,0.0,0.0
2021-10-03,2021-22,Ligue1,Rennes,Paris SG,7,3,0,2,-0.25,8,8,3,0,2,-0.15,8,-1.0,1.0
2021-10-03,2021-22,Ligue1,Nantes,Troyes,7,3,0,2,-0.2,8,7,3,0,2,-0.2,8,0.0,1.0
2021-10-03,2021-22,LaLiga,Espanol,Real Madrid,8,3,0,2,-0.2,7,8,3,0,2,-0.2,7,0.0,1.0
2021-10-03,2021-22,Bundesliga,Mainz,Union Berlin,8,2,0,1,0.0,6,8,2,0,1,0.0,6,0.0,0.0
2021-10-03,2021-22,Bundesliga,Bayern Munich,Ein Frankfurt,9,2,0,1,0.05,6,8,2,0,1,-0.05,6,1.0,0.0
2021-10-03,2021-22,Bundesliga,Bielefeld,Leverkusen,8,2,0,1,0.0,6,8,2,0,1,0.0,6,0.0,0.0
2021-10-03,2021-22,LaLiga,Elche,Celta,7,4,0,2,-0.35,7,6,3,1,2,-0.25,7,1.0,1.0
2021-10-03,2021-22,LaLiga,Granada,Sevilla,6,4,1,3,-0.5,7,8,3,0,2,-0.1,6,-2.0,1.0
2021-10-03,2021-22,LaLiga,Villarreal,Betis,8,3,0,2,-0.15,6,7,4,0,2,-0.45,7,1.0,1.0
2021-10-03,2021-22,EPL,West Ham,Brentford,8,2,0,1,0.0,6,8,2,0,1,0.0,6,0.0,0.0
2021-10-03,2021-22,LaLiga,Getafe,Sociedad,7,4,0,2,-0.4,7,7,3,0,2,-0.2,7,0.0,0.5
2021-10-15,2021-22,Ligue1,Paris SG,Angers,12,2,0,1,0.0,9,12,2,0,1,0.0,9,0.0,1.0
2021-10-15,2021-22,Bundesliga,Hoffenheim,FC Koln,13,2,0,1,-0.05,7,14,2,0,0,0.05,7,-1.0,1.0
2021-10-16,2021-22,SerieA,Spezia,Salernitana,13,1,0,1,-0.05,7,14,2,0,0,0.05,7,-1.0,1.0
2021-10-16,2021-22,Bundesliga,M'gladbach,Stuttgart,14,1,0,0,0.0,7,14,2,0,0,0.0,7,0.0,0.5
2021-10-16,2021-22,Bundesliga,Union Berlin,Wolfsburg,13,1,0,1,-0.05,7,14,1,0,0,0.05,7,-1.0,1.0
2021-10-16,2021-22,Bundesliga,Greuther Furth,Bochum,15,1,0,0,0.05,7,14,2,0,0,-0.05,7,1.0,0.0
2021-10-16,2021-22,Bundesliga,Freiburg,RB Leipzig,14,2,0,0,0.0,7,14,1,0,0,0.0,7,0.0,0.5
2021-10-16,2021-22,SerieA,Lazio,Inter,13,2,0,1,-0.05,7,14,1,0,0,0.05,7,-1.0,1.0
2021-10-16,2021-22,SerieA,Milan,Verona,13,1,0,1,0.0,7,13,1,0,1,0.0,7,0.0,1.0
2021-10-16,2021-22,Bundesliga,Ein Frankfurt,Hertha,13,1,0,1,-0.05,7,14,1,0,0,0.05,7,-1.0,0.0
2021-10-16,2021-22,Bundesliga,Dortmund,Mainz,14,1,0,0,0.05,7,13,1,0,1,-0.05,7,1.0,1.0
2021-10-16,2021-22,EPL,Watford,Liverpool,14,1,0,0,0.05,7,13,1,0,1,-0.05,7,1.0,0.0
2021-10-16,2021-22,EPL,Aston Villa,Wolves,13,1,0,1,-0.05,7,14,2,0,0,0.05,7,-1.0,0.0
2021-10-16,2021-22,EPL,Leicester,Man United,13,1,0,1,-0.05,7,14,1,0,0,0.05,7,-1.0,1.0
2021-10-16,2021-22,EPL,Man City,Burnley,13,1,0,1,-0.05,7,14,1,0,0,0.05,7,-1.0,1.0
2021-10-16,2021-22,EPL,Norwich,Brighton,14,1,0,0,0.0,7,14,2,0,0,0.0,7,0.0,0.5
2021-10-16,2021-22,EPL,Southampton,Leeds,14,2,0,0,0.0,7,14,1,0,0,0.0,7,0.0,1.0
2021-10-16,2021-22,LaLiga,Sociedad,Mallorca,13,2,0,1,-0.05,8,14,2,0,0,0.05,8,-1.0,1.0
2021-10-16,2021-22,LaLiga,Levante,Getafe,14,2,0,0,0.05,8,13,2,0,1,-0.05,8,1.0,0.5
2021-10-16,2021-22,EPL,Brentford,Chelsea,13,1,0,1,-0.05,7,14,1,0,0,0.05,7,-1.0,0.0
2021-10-16,2021-22,Ligue1,Clermont,Lille,13,2,0,1,0.0,9,13,1,0,1,0.0,9,0.0,1.0
2021-10-16,2021-22,Ligue1,Lyon,Monaco,13,1,0,1,0.0,9,13,2,0,1,0.0,9,0.0,1.0
2021-10-17,2021-22,Ligue1,Marseille,Lorient,14,1,0,0,0.0,8,14,1,0,0,0.0,9,0.0,1.0
2021-10-17,2021-22,EPL,Everton,West Ham,15,1,0,0,0.05,7,14,1,0,0,-0.05,7,1.0,0.0
2021-10-17,2021-22,EPL,Newcastle,Tottenham,15,1,0,0,0.05,7,14,1,0,0,-0.05,7,1.0,0.0
2021-10-17,2021-22,Bundesliga,Leverkusen,Bayern Munich,14,1,0,0,0.0,7,14,1,0,0,0.0,7,0.0,0.0
2021-10-17,2021-22,Bundesliga,Augsburg,Bielefeld,15,1,0,0,0.05,7,14,1,0,0,-0.05,7,1.0,0.5
2021-10-17,2021-22,Ligue1,Bordeaux,Nantes,14,1,0,0,0.0,9,14,1,0,0,0.0,9,0.0,0.5
2021-10-17,2021-22,SerieA,Juventus,Roma,15,1,0,0,0.05,7,14,1,0,0,-0.05,7,1.0,1.0
2021-10-17,2021-22,Ligue1,Brest,Reims,15,1,0,0,-0.05,9,16,1,0,0,0.05,9,-1.0,0.5
2021-10-17,2021-22,LaLiga,Barcelona,Valencia,15,1,0,0,0.0,7,15,1,0,0,0.0,8,0.0,1.0
2021-10-17,2021-22,LaLiga,Villarreal,Osasuna,14,1,0,0,-0.05,7,15,1,0,0,0.05,8,-1.0,0.0
2021-10-17,2021-22,Ligue1,Montpellier,Lens,15,1,0,0,-0.05,9,16,1,0,0,0.05,9,-1.0,1.0
2021-10-17,2021-22,SerieA,Cagliari,Sampdoria,16,1,0,0,0.1,7,14,1,0,0,-0.1,7,2.0,1.0
2021-10-17,2021-22,SerieA,Empoli,Atalanta,14,1,0,0,0.0,7,14,1,0,0,0.0,7,0.0,0.0
2021-10-17,2021-22,SerieA,Genoa,Sassuolo,15,1,0,0,0.0,7,15,1,0,0,0.0,7,0.0,0.5
2021-10-17,2021-22,SerieA,Udinese,Bologna,14,1,0,0,0.0,7,14,1,0,0,0.0,7,0.0,0.5
2021-10-17,2021-22,Ligue1,Troyes,Nice,14,1,0,0,-0.05,9,15,1,0,0,0.05,8,-1.0,1.0
2021-10-17,2021-22,SerieA,Napoli,Torino,14,1,0,0,-0.05,7,15,2,0,0,0.05,7,-1.0,1.0
2021-10-17,2021-22,Ligue1,Metz,Rennes,14,1,0,0,0.0,9,14,1,0,0,0.0,9,0.0,0.0
2021-10-17,2021-22,Ligue1,Strasbourg,St Etienne,15,1,0,0,0.05,9,14,1,0,0,-0.05,9,1.0,1.0
2021-10-17,2021-22,LaLiga,Vallecano,Elche,15,1,0,0,0.05,8,14,1,0,0,-0.05,8,1.0,1.0
2021-10-17,2021-22,LaLiga,Celta,Sevilla,14,2,0,0,0.0,8,14,1,0,0,0.0,7,0.0,0.0
2021-10-18,2021-22,EPL,Arsenal,Crystal Palace,16,1,0,0,0.05,7,15,1,0,0,-0.05,7,1.0,0.5
2021-10-18,2021-22,LaLiga,Espanol,Cadiz,15,1,0,0,-0.05,8,16,1,0,0,0.05,8,-1.0,1.0
2021-10-18,2021-22,SerieA,Venezia,Fiorentina,17,1,0,0,0.1,7,15,1,0,0,-0.1,7,2.0,1.0
2021-10-18,2021-22,LaLiga,Alaves,Betis,17,1,0,0,0.1,7,15,1,0,0,-0.1,8,2.0,0.0
2021-10-22,2021-22,SerieA,Torino,Genoa,5,2,1,1,0.0,8,5,2,1,1,0.0,8,0.0,1.0
2021-10-22,2021-22,Bundesliga,Mainz,Augsburg,6,2,1,1,0.05,8,5,2,1,1,-0.05,8,1.0,1.0
2021-10-22,2021-22,Ligue1,St Etienne,Angers,5,2,1,1,-0.1,10,7,2,0,1,0.1,10,-2.0,0.5
2021-10-22,2021-22,EPL,Arsenal,Aston Villa,4,2,1,1,-0.1,8,6,2,1,1,0.1,8,-2.0,1.0
2021-10-22,2021-22,SerieA,Sampdoria,Spezia,5,2,1,1,-0.05,8,6,2,1,1,0.05,8,-1.0,1.0
2021-10-22,2021-22,LaLiga,Osasuna,Granada,5,2,1,1,-0.5,9,19,1,0,0,0.5,8,-10.0,0.5
2021-10-23,2021-22,EPL,Southampton,Burnley,7,1,0,1,0.0,8,7,1,0,1,0.0,8,0.0,0.5
2021-10-23,2021-22,SerieA,Sassuolo,Venezia,6,1,1,1,0.05,8,5,1,1,1,-0.05,8,1.0,1.0
2021-10-23,2021-22,Bundesliga,Bayern Munich,Hoffenheim,6,2,1,1,-0.1,8,8,1,0,1,0.1,8,-2.0,1.0
2021-10-23,2021-22,Bundesliga,Bielefeld,Dortmund,6,2,1,1,-0.05,8,7,1,0,1,0.05,8,-1.0,0.0
2021-10-23,2021-22,Bundesliga,RB Leipzig,Greuther Furth,7,1,0,1,0.0,8,7,1,0,1,0.0,8,0.0,1.0
2021-10-23,2021-22,Bundesliga,Wolfsburg,Freiburg,7,1,0,1,0.0,8,7,1,0,1,0.0,8,0.0,0.0
2021-10-23,2021-22,Bundesliga,Hertha,M'gladbach,7,1,0,1,0.0,8,7,1,0,1,0.0,8,0.0,1.0
2021-10-23,2021-22,LaLiga,Elche,Espanol,6,2,1,1,0.05,9,5,2,1,1,-0.05,9,1.0,0.5
2021-10-23,2021-22,EPL,Brighton,Man City,7,1,0,1,0.0,8,7,2,0,1,0.0,8,0.0,0.0
2021-10-23,2021-22,Ligue1,Lille,Brest,7,2,0,1,0.05,10,6,1,1,1,-0.05,10,1.0,0.5
2021-10-23,2021-22,Ligue1,Nantes,Clermont,6,2,1,1,-0.05,10,7,2,0,1,0.05,10,-1.0,1.0
2021-10-23,2021-22,LaLiga,Ath Bilbao,Villarreal,22,0,0,0,0.5,8,6,2,1,1,-0.5,8,10.0,1.0
2021-10-23,2021-22,SerieA,Salernitana,Empoli,7,1,0,1,0.05,8,6,2,1,1,-0.05,8,1.0,0.0
2021-10-23,2021-22,EPL,Chelsea,Norwich,7,1,0,1,0.0,8,7,1,0,1,0.0,8,0.0,1.0
2021-10-23,2021-22,EPL,Crystal Palace,Newcastle,5,2,1,1,-0.05,8,6,1,1,1,0.05,8,-1.0,0.5
2021-10-23,2021-22,EPL,Everton,Watford,6,1,1,1,-0.05,8,7,1,0,1,0.05,8,-1.0,0.0
2021-10-23,2021-22,EPL,Leeds,Wolves,7,1,0,1,0.0,8,7,1,0,1,0.0,8,0.0,0.5
2021-10-23,2021-22,SerieA,Bologna,Milan,6,2,1,1,-0.05,8,7,2,0,1,0.05,8,-1.0,0.0
2021-10-23,2021-22,LaLiga,Valencia,Mallorca,6,1,1,1,-0.05,9,7,1,0,1,0.05,9,-1.0,0.5
2021-10-23,2021-22,LaLiga,Cadiz,Alaves,5,1,1,1,0.0,9,5,1,1,1,0.0,8,0.0,0.0
2021-10-24,2021-22,LaLiga,Sevilla,Levante,7,1,0,1,-0.05,8,8,1,0,1,0.05,9,-1.0,1.0
2021-10-24,2021-22,Ligue1,Rennes,Strasbourg,7,1,0,1,0.0,10,7,1,0,1,0.0,10,0.0,1.0
2021-10-24,2021-22,Ligue1,Monaco,Montpellier,8,1,0,1,0.05,10,7,1,0,1,-0.05,10,1.0,1.0
2021-10-24,2021-22,LaLiga,Barcelona,Real Madrid,7,1,0,1,-0.5,8,21,0,0,0,0.5,8,-10.0,0.0
2021-10-24,2021-22,Ligue1,Reims,Troyes,7,1,0,1,0.0,10,7,1,0,1,0.0,10,0.0,0.0
2021-10-24,2021-22,Ligue1,Lorient,Bordeaux,7,1,0,1,0.0,10,7,1,0,1,0.0,10,0.0,0.5
2021-10-24,2021-22,Ligue1,Lens,Metz,7,1,0,1,0.0,10,7,1,0,1,0.0,10,0.0,1.0
2021-10-24,2021-22,Ligue1,Nice,Lyon,7,1,0,1,-0.05,9,8,1,0,1,0.05,10,-1.0,1.0
2021-10-24,2021-22,EPL,Man United,Liverpool,8,1,0,1,0.0,8,8,1,0,1,0.0,8,0.0,0.0
2021-10-24,2021-22,EPL,West Ham,Tottenham,7,1,0,1,0.0,8,7,1,0,1,0.0,8,0.0,1.0
2021-10-24,2021-22,EPL,Brentford,Leicester,8,1,0,1,0.0,8,8,1,0,1,0.0,8,0.0,0.0
2021-10-24,2021-22,Ligue1,Marseille,Paris SG,7,1,0,1,-0.1,9,9,1,0,1,0.1,10,-2.0,0.5
2021-10-24,2021-22,LaLiga,Betis,Vallecano,6,1,1,1,-0.05,9,7,1,0,1,0.05,9,-1.0,1.0
2021-10-24,2021-22,Bundesliga,Stuttgart,Union Berlin,8,1,0,1,0.0,8,8,1,0,1,0.0,8,0.0,0.5
2021-10-24,2021-22,SerieA,Atalanta,Udinese,7,1,0,1,0.0,8,7,1,0,1,0.0,8,0.0,0.5
2021-10-24,2021-22,Bundesliga,Bochum,Ein Frankfurt,8,1,0,1,0.0,8,8,1,0,1,0.0,8,0.0,1.0
2021-10-24,2021-22,Bundesliga,FC Koln,Leverkusen,9,1,0,1,0.1,8,7,1,0,1,-0.1,8,2.0,0.5
2021-10-24,2021-22,SerieA,Fiorentina,Cagliari,6,1,1,1,-0.05,8,7,1,0,1,0.05,8,-1.0,1.0
2021-10-24,2021-22,SerieA,Verona,Lazio,8,1,0,1,0.0,8,8,1,0,1,0.0,8,0.0,1.0
2021-10-24,2021-22,SerieA,Roma,Napoli,7,1,0,1,0.0,8,7,1,0,1,0.0,8,0.0,0.5
2021-10-24,2021-22,SerieA,Inter,Juventus,8,1,0,1,0.05,8,7,1,0,1,-0.05,8,1.0,0.5
2021-10-24,2021-22,LaLiga,Ath Madrid,Sociedad,22,0,0,0,0.5,8,8,1,0,1,-0.5,9,10.0,0.5
2021-10-25,2021-22,LaLiga,Getafe,Celta,9,1,0,1,0.05,9,8,1,0,1,-0.05,9,1.0,0.0
2021-10-26,2021-22,SerieA,Spezia,Genoa,4,2,1,2,0.0,9,4,2,1,2,0.0,9,0.0,0.5
2021-10-26,2021-22,SerieA,Venezia,Salernitana,3,2,1,2,-0.4,9,3,2,1,2,-0.4,9,0.0,0.0
2021-10-26,2021-22,SerieA,Milan,Torino,3,2,1,2,-0.45,9,4,2,1,2,0.05,9,-1.0,1.0
2021-10-26,2021-22,LaLiga,Espanol,Ath Bilbao,3,2,1,2,-0.4,10,3,1,1,1,-0.4,9,0.0,0.5
2021-10-26,2021-22,LaLiga,Villarreal,Cadiz,3,2,1,2,-0.4,9,3,2,1,2,-0.4,10,0.0,0.5
2021-10-26,2021-22,LaLiga,Alaves,Elche,3,2,1,2,-0.4,9,3,2,1,2,-0.4,10,0.0,1.0
2021-10-27,2021-22,SerieA,Juventus,Sassuolo,3,2,1,2,-0.45,9,4,2,1,2,0.05,9,-1.0,0.0
2021-10-27,2021-22,SerieA,Cagliari,Roma,3,2,1,2,-0.4,9,3,2,1,2,-0.4,9,0.0,0.0
2021-10-27,2021-22,SerieA,Empoli,Inter,4,2,1,2,0.05,9,3,2,1,2,-0.45,9,1.0,0.0
2021-10-27,2021-22,SerieA,Lazio,Fiorentina,3,2,1,2,-0.4,9,3,2,1,2,-0.4,9,0.0,1.0
2021-10-27,2021-22,LaLiga,Real Madrid,Osasuna,3,1,1,1,-0.5,9,5,2,1,2,0.1,10,-2.0,0.5
2021-10-27,2021-22,LaLiga,Betis,Valencia,3,2,1,2,-0.45,10,4,2,1,2,0.05,10,-1.0,1.0
2021-10-27,2021-22,LaLiga,Mallorca,Sevilla,4,2,1,2,0.05,10,3,2,1,2,-0.45,9,1.0,0.5
2021-10-27,2021-22,SerieA,Sampdoria,Atalanta,5,2,1,2,0.1,9,3,2,1,2,-0.5,9,2.0,0.0
2021-10-27,2021-22,SerieA,Udinese,Verona,3,2,1,2,-0.4,9,3,2,1,2,-0.4,9,0.0,0.5
2021-10-27,2021-22,LaLiga,Vallecano,Barcelona,3,2,1,2,-0.4,10,3,2,1,2,-0.4,9,0.0,1.0
2021-10-27,2021-22,Ligue1,Nice,Marseille,3,2,1,2,-0.4,10,3,2,1,2,-0.4,10,0.0,0.5
2021-10-28,2021-22,SerieA,Napoli,Bologna,4,2,1,2,-0.05,9,5,2,1,2,0.05,9,-1.0,1.0
2021-10-28,2021-22,LaLiga,Celta,Sociedad,3,2,1,2,-0.45,10,4,2,1,2,0.05,10,-1.0,0.0
2021-10-28,2021-22,LaLiga,Granada,Getafe,6,1,1,1,0.15,9,3,2,1,2,-0.55,10,3.0,0.5
2021-10-28,2021-22,LaLiga,Levante,Ath Madrid,4,2,1,2,0.0,10,4,1,1,1,0.0,9,0.0,0.5
2021-10-29,2021-22,Bundesliga,Hoffenheim,Hertha,6,2,1,1,0.0,9,6,2,1,2,0.0,9,0.0,1.0
2021-10-29,2021-22,Ligue1,Paris SG,Lille,5,2,1,1,-0.05,11,6,2,1,2,0.05,11,-1.0,1.0
2021-10-30,2021-22,EPL,Leicester,Arsenal,6,2,1,1,-0.1,9,8,2,0,2,0.1,9,-2.0,0.0
2021-10-30,2021-22,LaLiga,Barcelona,Alaves,3,3,2,3,-0.65,10,4,3,1,3,-0.15,10,-1.0,0.5
2021-10-30,2021-22,LaLiga,Valencia,Villarreal,3,3,1,3,-0.65,11,4,3,1,3,-0.15,10,-1.0,1.0
2021-10-30,2021-22,LaLiga,Elche,Real Madrid,4,3,1,3,-0.15,11,3,2,2,2,-0.45,10,1.0,0.0
2021-10-30,2021-22,Bundesliga,Bielefeld,Mainz,7,2,0,2,-0.05,9,8,2,0,1,0.05,9,-1.0,0.0
2021-10-30,2021-22,Bundesliga,Ein Frankfurt,RB Leipzig,6,2,1,1,-0.05,9,7,2,0,1,0.05,9,-1.0,0.5
2021-10-30,2021-22,Bundesliga,Union Berlin,Bayern Munich,6,2,1,1,-0.05,9,7,2,0,2,0.05,9,-1.0,0.0
2021-10-30,2021-22,Bundesliga,Leverkusen,Wolfsburg,6,2,1,2,-0.05,9,7,2,0,1,0.05,9,-1.0,0.0
2021-10-30,2021-22,Bundesliga,Freiburg,Greuther Furth,7,2,0,1,0.0,9,7,2,0,1,0.0,9,0.0,1.0
2021-10-30,2021-22,Bundesliga,Dortmund,FC Koln,7,2,0,1,0.05,9,6,2,1,1,-0.05,9,1.0,1.0
2021-10-30,2021-22,LaLiga,Sevilla,Osasuna,3,3,2,3,-0.6,10,3,3,1,3,-0.6,11,0.0,1.0
2021-10-30,2021-22,Ligue1,Lyon,Lens,6,2,1,1,0.0,11,6,2,1,2,0.0,11,0.0,1.0
2021-10-30,2021-22,EPL,Burnley,Brentford,7,2,0,1,0.05,9,6,2,1,1,-0.05,9,1.0,1.0
2021-10-30,2021-22,Ligue1,Metz,St Etienne,6,2,1,2,-0.1,11,8,2,0,2,0.1,11,-2.0,0.5
2021-10-30,2021-22,EPL,Liverpool,Brighton,6,2,1,1,-0.05,9,7,2,0,1,0.05,9,-1.0,0.5
2021-10-30,2021-22,EPL,Man City,Crystal Palace,7,2,0,1,0.0,9,7,2,0,2,0.0,9,0.0,0.0
2021-10-30,2021-22,EPL,Newcastle,Chelsea,7,2,0,2,0.0,9,7,2,0,1,0.0,9,0.0,0.0
2021-10-30,2021-22,EPL,Watford,Southampton,7,2,0,1,0.0,9,7,2,0,1,0.0,9,0.0,0.0
2021-10-30,2021-22,SerieA,Atalanta,Lazio,3,3,2,3,-0.6,10,3,3,2,2,-0.6,10,0.0,0.5
2021-10-30,2021-22,SerieA,Verona,Juventus,3,3,2,2,-0.6,10,3,3,2,3,-0.6,10,0.0,1.0
2021-10-30,2021-22,EPL,Tottenham,Man United,6,2,1,2,0.0,9,6,2,1,1,0.0,9,0.0,0.0
2021-10-30,2021-22,SerieA,Torino,Sampdoria,4,3,1,3,-0.15,10,3,3,1,3,-0.65,10,1.0,1.0
2021-10-31,2021-22,Bundesliga,Augsburg,Stuttgart,9,2,0,1,0.1,9,7,2,0,1,-0.1,9,2.0,1.0
2021-10-31,2021-22,Bundesliga,M'gladbach,Bochum,8,2,0,1,0.05,9,7,2,0,1,-0.05,9,1.0,1.0
2021-10-31,2021-22,SerieA,Roma,Milan,4,3,1,2,-0.25,10,5,3,1,2,-0.15,10,-1.0,0.0
2021-10-31,2021-22,SerieA,Salernitana,Napoli,5,3,1,2,-0.1,10,3,3,1,2,-0.7,10,2.0,0.0
2021-10-31,2021-22,SerieA,Sassuolo,Empoli,4,3,1,2,-0.2,10,4,3,1,2,-0.2,10,0.0,0.0
2021-10-31,2021-22,Ligue1,Bordeaux,Reims,7,2,0,1,0.0,11,7,2,0,1,0.0,11,0.0,1.0
2021-10-31,2021-22,Ligue1,Strasbourg,Lorient,7,2,0,1,0.0,11,7,2,0,1,0.0,11,0.0,1.0
2021-10-31,2021-22,SerieA,Inter,Udinese,4,3,1,2,-0.2,10,4,3,1,2,-0.2,10,0.0,1.0
2021-10-31,2021-22,LaLiga,Cadiz,Mallorca,5,3,1,3,-0.15,11,4,3,1,2,-0.25,11,1.0,0.5
2021-10-31,2021-22,LaLiga,Ath Madrid,Betis,3,2,1,2,-0.45,10,4,3,1,3,-0.15,11,-1.0,1.0
2021-10-31,2021-22,LaLiga,Getafe,Espanol,3,3,2,2,-0.7,11,5,3,1,3,-0.1,11,-2.0,1.0
2021-10-31,2021-22,LaLiga,Sociedad,Ath Bilbao,3,3,1,2,-0.7,11,5,2,1,2,0.1,10,-2.0,0.5
2021-10-31,2021-22,Ligue1,Clermont,Marseille,8,2,0,1,0.2,11,4,3,1,2,-0.4,11,4.0,0.0
2021-10-31,2021-22,Ligue1,Brest,Monaco,8,2,0,1,0.05,11,7,2,0,1,-0.05,11,1.0,1.0
2021-10-31,2021-22,Ligue1,Troyes,Rennes,7,2,0,1,0.0,11,7,2,0,1,0.0,11,0.0,0.5
2021-10-31,2021-22,Ligue1,Angers,Nice,9,2,0,1,0.25,11,4,3,1,2,-0.45,11,5.0,0.0
2021-10-31,2021-22,SerieA,Genoa,Venezia,5,3,1,2,-0.2,10,5,3,1,3,-0.2,10,0.0,0.5
2021-10-31,2021-22,SerieA,Fiorentina,Spezia,4,3,1,3,-0.25,10,5,3,1,2,-0.15,10,-1.0,1.0
2021-10-31,2021-22,Ligue1,Montpellier,Nantes,7,2,0,1,-0.05,11,8,2,0,1,0.05,11,-1.0,1.0
2021-10-31,2021-22,EPL,Aston Villa,West Ham,9,2,0,1,0.1,9,7,2,0,1,-0.1,9,2.0,0.0
2021-10-31,2021-22,EPL,Norwich,Leeds,8,2,0,1,0.0,9,8,2,0,1,0.0,9,0.0,0.0
2021-11-01,2021-22,LaLiga,Levante,Granada,4,3,1,2,-0.2,11,4,2,1,2,0.0,10,0.0,0.0
2021-11-01,2021-22,EPL,Wolves,Everton,9,2,0,1,0.0,9,9,2,0,1,0.0,9,0.0,1.0
2021-11-01,2021-22,LaLiga,Vallecano,Celta,5,3,1,2,-0.15,11,4,3,1,2,-0.25,11,1.0,0.5
2021-11-01,2021-22,SerieA,Bologna,Cagliari,4,3,1,2,-0.25,10,5,3,1,2,-0.15,10,-1.0,1.0
2021-11-05,2021-22,LaLiga,Ath Bilbao,Cadiz,5,3,1,3,-0.2,11,5,4,1,3,-0.4,12,0.0,0.0
2021-11-05,2021-22,EPL,Southampton,Aston Villa,6,3,1,2,-0.15,10,5,3,1,1,-0.25,10,1.0,1.0
2021-11-05,2021-22,Ligue1,Lens,Troyes,6,3,1,2,-0.15,12,5,3,1,2,-0.25,12,1.0,1.0
2021-11-05,2021-22,Bundesliga,Mainz,M'gladbach,6,3,1,1,-0.15,10,5,3,1,2,-0.25,10,1.0,0.5
2021-11-05,2021-22,SerieA,Empoli,Genoa,5,4,1,3,-0.4,11,5,4,1,2,-0.4,11,0.0,0.5
2021-11-06,2021-22,SerieA,Cagliari,Atalanta,5,4,1,3,-0.5,11,7,4,0,3,-0.3,11,-2.0,0.0
2021-11-06,2021-22,LaLiga,Espanol,Granada,6,4,1,2,-0.35,12,5,3,1,2,-0.25,11,1.0,1.0
2021-11-06,2021-22,LaLiga,Celta,Barcelona,5,4,1,3,-0.5,12,7,4,0,3,-0.3,11,-2.0,0.5
2021-11-06,2021-22,LaLiga,Alaves,Levante,7,4,0,2,-0.3,11,5,3,1,3,-0.3,12,2.0,1.0
2021-11-06,2021-22,LaLiga,Real Madrid,Vallecano,7,3,0,3,-0.1,11,5,4,1,3,-0.5,12,2.0,1.0
2021-11-06,2021-22,EPL,Brighton,Newcastle,7,2,0,1,0.0,10,7,3,0,1,-0.2,10,0.0,0.5
2021-11-06,2021-22,EPL,Crystal Palace,Wolves,7,3,0,1,-0.1,10,5,2,1,1,-0.1,10,2.0,1.0
2021-11-06,2021-22,SerieA,Juventus,Fiorentina,7,4,0,3,-0.35,11,6,4,1,3,-0.45,11,1.0,1.0
2021-11-06,2021-22,EPL,Chelsea,Burnley,7,2,0,1,0.0,10,7,2,0,1,0.0,10,0.0,0.5
2021-11-06,2021-22,Bundesliga,Stuttgart,Bielefeld,6,2,1,2,-0.05,10,7,3,0,1,-0.15,10,-1.0,0.0
2021-11-06,2021-22,SerieA,Spezia,Torino,6,3,1,2,-0.25,11,7,4,0,2,-0.35,11,-1.0,1.0
2021-11-06,2021-22,EPL,Man United,Man City,7,2,0,2,0.0,10,7,2,0,1,0.0,10,0.0,0.0
2021-11-06,2021-22,Ligue1,Bordeaux,Paris SG,6,3,1,2,-0.3,12,8,2,0,2,0.1,12,-2.0,0.0
2021-11-06,2021-22,Ligue1,Lille,Angers,8,2,0,1,0.1,12,6,2,1,1,-0.1,12,2.0,0.5
2021-11-06,2021-22,EPL,Brentford,Norwich,7,2,0,2,0.05,10,6,2,1,1,-0.05,10,1.0,0.0
2021-11-06,2021-22,Bundesliga,RB Leipzig,Dortmund,7,2,0,1,0.0,10,7,2,0,1,0.0,10,0.0,1.0
2021-11-06,2021-22,Bundesliga,Wolfsburg,Augsburg,7,2,0,1,0.05,10,6,3,1,1,-0.25,10,1.0,1.0
2021-11-06,2021-22,Bundesliga,Bayern Munich,Freiburg,7,3,0,1,-0.2,10,7,2,0,1,0.0,10,0.0,1.0
2021-11-06,2021-22,Bundesliga,Bochum,Hoffenheim,6,2,1,2,-0.1,10,8,2,0,1,0.1,10,-2.0,1.0
2021-11-07,2021-22,LaLiga,Mallorca,Elche,7,3,0,2,-0.25,12,8,3,0,2,-0.15,12,-1.0,0.5
2021-11-07,2021-22,LaLiga,Osasuna,Sociedad,8,3,0,2,-0.15,12,7,3,0,2,-0.25,12,1.0,0.0
2021-11-07,2021-22,LaLiga,Betis,Sevilla,7,4,0,2,-0.45,12,8,3,0,2,-0.15,11,-1.0,0.0
2021-11-07,2021-22,EPL,Arsenal,Watford,8,3,0,1,-0.2,10,8,2,0,1,0.0,10,0.0,1.0
2021-11-07,2021-22,SerieA,Venezia,Roma,7,4,0,2,-0.4,11,7,3,0,2,-0.2,11,0.0,1.0
2021-11-07,2021-22,LaLiga,Valencia,Ath Madrid,8,3,0,2,-0.15,12,7,3,0,2,-0.25,11,1.0,0.5
2021-11-07,2021-22,LaLiga,Villarreal,Getafe,8,3,0,2,-0.15,11,7,3,0,3,-0.25,12,1.0,1.0
2021-11-07,2021-22,Ligue1,Lorient,Brest,7,2,0,1,0.0,12,7,2,0,1,0.0,12,0.0,0.0
2021-11-07,2021-22,SerieA,Lazio,Salernitana,8,3,0,2,-0.15,11,7,3,0,2,-0.25,11,1.0,1.0
2021-11-07,2021-22,Bundesliga,Greuther Furth,Ein Frankfurt,8,2,0,1,0.0,10,8,2,0,1,0.0,10,0.0,0.0
2021-11-07,2021-22,EPL,Everton,Tottenham,6,2,1,1,-0.1,10,8,2,0,1,0.1,10,-2.0,0.5
2021-11-07,2021-22,Ligue1,Marseille,Metz,7,3,0,2,-0.25,12,8,2,0,1,0.05,12,-1.0,0.5
2021-11-07,2021-22,Ligue1,Nantes,Strasbourg,7,2,0,1,0.0,12,7,2,0,1,0.0,12,0.0,0.5
2021-11-07,2021-22,EPL,Leeds,Leicester,7,2,0,1,-0.05,10,8,2,0,1,0.05,10,-1.0,0.5
2021-11-07,2021-22,EPL,West Ham,Liverpool,7,2,0,1,-0.05,10,8,2,0,1,0.05,10,-1.0,1.0
2021-11-07,2021-22,Ligue1,Reims,Monaco,7,2,0,1,0.0,12,7,2,0,1,0.0,12,0.0,0.5
2021-11-07,2021-22,Ligue1,St Etienne,Clermont,8,2,0,1,0.05,12,7,2,0,1,-0.05,12,1.0,1.0
2021-11-07,2021-22,Ligue1,Nice,Montpellier,7,3,0,2,-0.2,12,7,2,0,1,0.0,12,0.0,0.0
2021-11-07,2021-22,Ligue1,Rennes,Lyon,7,2,0,1,-0.05,12,8,2,0,1,0.05,12,-1.0,1.0
2021-11-07,2021-22,SerieA,Milan,Inter,7,3,0,2,-0.2,11,7,3,0,2,-0.2,11,0.0,0.5
2021-11-07,2021-22,SerieA,Napoli,Verona,7,3,0,2,-0.25,11,8,3,0,2,-0.15,11,-1.0,0.5
2021-11-07,2021-22,SerieA,Udinese,Sassuolo,7,3,0,2,-0.2,11,7,3,0,2,-0.2,11,0.0,1.0
2021-11-07,2021-22,SerieA,Sampdoria,Bologna,8,3,0,2,-0.1,11,6,3,1,2,-0.3,11,2.0,0.0
2021-11-07,2021-22,Bundesliga,FC Koln,Union Berlin,8,2,0,1,0.0,10,8,2,0,1,0.0,10,0.0,0.5
2021-11-07,2021-22,Bundesliga,Hertha,Leverkusen,9,2,0,1,0.05,10,8,2,0,1,-0.05,10,1.0,0.5
2021-11-19,2021-22,Ligue1,Monaco,Lille,12,2,0,1,-0.05,13,13,1,0,1,0.05,13,-1.0,0.5
2021-11-19,2021-22,Bundesliga,Augsburg,Bayern Munich,13,2,0,1,0.0,11,13,2,0,1,0.0,11,0.0,1.0
2021-11-19,2021-22,LaLiga,Levante,Ath Bilbao,13,2,0,1,-0.05,13,14,2,0,0,0.05,12,-1.0,0.5
2021-11-20,2021-22,EPL,Liverpool,Arsenal,13,1,0,1,0.0,11,13,1,0,1,0.0,11,0.0,1.0
2021-11-20,2021-22,EPL,Leicester,Chelsea,13,1,0,1,-0.05,11,14,1,0,0,0.05,11,-1.0,0.0
2021-11-20,2021-22,EPL,Aston Villa,Brighton,15,2,0,0,0.05,11,14,1,0,0,-0.05,11,1.0,1.0
2021-11-20,2021-22,EPL,Burnley,Crystal Palace,14,1,0,0,0.0,11,14,1,0,0,0.0,11,0.0,0.5
2021-11-20,2021-22,EPL,Newcastle,Brentford,14,1,0,0,0.0,11,14,1,0,0,0.0,11,0.0,0.5
2021-11-20,2021-22,EPL,Norwich,Southampton,14,2,0,0,-0.05,11,15,1,0,0,0.05,11,-1.0,1.0
2021-11-20,2021-22,Ligue1,Paris SG,Nantes,14,1,0,0,0.05,13,13,2,0,1,-0.05,13,1.0,1.0
2021-11-20,2021-22,Ligue1,Rennes,Montpellier,13,2,0,1,0.0,13,13,2,0,1,0.0,13,0.0,1.0
2021-11-20,2021-22,EPL,Wolves,West Ham,14,2,0,0,0.05,11,13,2,0,1,-0.05,11,1.0,1.0
2021-11-20,2021-22,EPL,Watford,Man United,13,1,0,1,-0.05,11,14,1,0,0,0.05,11,-1.0,1.0
2021-11-20,2021-22,LaLiga,Sevilla,Alaves,13,1,0,1,-0.05,12,14,1,0,0,0.05,12,-1.0,0.5
2021-11-20,2021-22,Bundesliga,Hoffenheim,RB Leipzig,14,1,0,0,0.0,11,14,1,0,0,0.0,11,0.0,1.0
2021-11-20,2021-22,SerieA,Fiorentina,Milan,14,2,0,0,0.05,12,13,2,0,1,-0.05,12,1.0,1.0
2021-11-20,2021-22,SerieA,Lazio,Juventus,13,1,0,1,-0.05,12,14,1,0,0,0.05,12,-1.0,0.0
2021-11-20,2021-22,SerieA,Atalanta,Spezia,14,1,0,0,0.0,12,14,2,0,0,0.0,12,0.0,1.0
2021-11-20,2021-22,Bundesliga,Bielefeld,Wolfsburg,14,1,0,0,0.0,11,14,1,0,0,0.0,11,0.0,0.5
2021-11-20,2021-22,Bundesliga,Leverkusen,Bochum,13,1,0,1,-0.05,11,14,2,0,0,0.05,11,-1.0,1.0
2021-11-20,2021-22,LaLiga,Celta,Villarreal,14,2,0,0,0.05,13,13,1,0,1,-0.05,12,1.0,0.5
2021-11-20,2021-22,LaLiga,Ath Madrid,Osasuna,13,2,0,1,0.0,12,13,1,0,1,0.0,13,0.0,1.0
2021-11-20,2021-22,LaLiga,Barcelona,Espanol,14,1,0,0,0.0,12,14,2,0,0,0.0,13,0.0,1.0
2021-11-20,2021-22,Bundesliga,Union Berlin,Hertha,13,1,0,1,0.0,11,13,1,0,1,0.0,11,0.0,1.0
2021-11-20,2021-22,Bundesliga,M'gladbach,Greuther Furth,15,2,0,0,0.1,11,13,1,0,1,-0.1,11,2.0,1.0
2021-11-20,2021-22,Bundesliga,Dortmund,Stuttgart,14,1,0,0,0.0,11,14,2,0,0,0.0,11,0.0,1.0
2021-11-21,2021-22,Ligue1,Metz,Bordeaux,14,1,0,0,-0.05,13,15,1,0,0,0.05,13,-1.0,0.5
2021-11-21,2021-22,SerieA,Genoa,Roma,16,1,0,0,0.1,12,14,1,0,0,-0.1,12,2.0,0.0
2021-11-21,2021-22,SerieA,Inter,Napoli,14,1,0,0,0.0,12,14,1,0,0,0.0,12,0.0,1.0
2021-11-21,2021-22,Bundesliga,Freiburg,Ein Frankfurt,15,1,0,0,0.05,11,14,1,0,0,-0.05,11,1.0,0.0
2021-11-21,2021-22,Bundesliga,Mainz,FC Koln,16,1,0,0,0.1,11,14,1,0,0,-0.1,11,2.0,0.5
2021-11-21,2021-22,SerieA,Salernitana,Sampdoria,14,1,0,0,0.0,12,14,1,0,0,0.0,12,0.0,0.0
2021-11-21,2021-22,SerieA,Bologna,Venezia,14,2,0,0,0.0,12,14,1,0,0,0.0,12,0.0,0.0
2021-11-21,2021-22,LaLiga,Sociedad,Valencia,14,1,0,0,0.0,13,14,1,0,0,0.0,13,0.0,0.5
2021-11-21,2021-22,Ligue1,Strasbourg,Reims,14,1,0,0,0.0,13,14,1,0,0,0.0,13,0.0,0.5
2021-11-21,2021-22,SerieA,Sassuolo,Cagliari,14,1,0,0,-0.05,12,15,2,0,0,0.05,12,-1.0,0.5
2021-11-21,2021-22,EPL,Tottenham,Leeds,14,1,0,0,0.0,11,14,1,0,0,0.0,11,0.0,1.0
2021-11-21,2021-22,EPL,Man City,Everton,15,1,0,0,0.05,11,14,2,0,0,-0.05,11,1.0,1.0
2021-11-21,2021-22,Ligue1,Troyes,St Etienne,16,1,0,0,0.1,13,14,1,0,0,-0.1,13,2.0,0.0
2021-11-21,2021-22,Ligue1,Clermont,Nice,14,1,0,0,0.0,13,14,1,0,0,0.0,13,0.0,0.0
2021-11-21,2021-22,Ligue1,Brest,Lens,14,1,0,0,-0.1,13,16,1,0,0,0.1,13,-2.0,1.0
2021-11-21,2021-22,LaLiga,Getafe,Cadiz,14,1,0,0,-0.1,13,16,1,0,0,0.1,13,-2.0,1.0
2021-11-21,2021-22,LaLiga,Granada,Real Madrid,15,2,0,0,0.0,12,15,1,0,0,0.0,12,0.0,0.0
2021-11-21,2021-22,LaLiga,Elche,Betis,14,1,0,0,0.0,13,14,1,0,0,0.0,13,0.0,0.0
2021-11-21,2021-22,Ligue1,Angers,Lorient,15,1,0,0,0.05,13,14,1,0,0,-0.05,13,1.0,1.0
2021-11-22,2021-22,SerieA,Verona,Empoli,15,1,0,0,-0.1,12,17,1,0,0,0.1,12,-2.0,1.0
2021-11-22,2021-22,SerieA,Torino,Udinese,16,1,0,0,0.05,12,15,1,0,0,-0.05,12,1.0,1.0
2021-11-22,2021-22,LaLiga,Vallecano,Mallorca,16,1,0,0,0.05,13,15,1,0,0,-0.05,13,1.0,1.0
2021-11-26,2021-22,SerieA,Cagliari,Salernitana,5,2,1,1,0.0,13,5,2,1,1,0.0,13,0.0,0.5
2021-11-26,2021-22,Bundesliga,Stuttgart,Mainz,6,2,1,1,0.05,12,5,1,1,1,-0.05,12,1.0,1.0
2021-11-26,2021-22,Ligue1,Lens,Angers,5,1,1,1,0.0,14,5,2,1,1,0.0,14,0.0,0.5
2021-11-26,2021-22,LaLiga,Ath Bilbao,Granada,7,1,0,1,0.1,13,5,2,1,1,-0.1,13,2.0,0.5
2021-11-27,2021-22,SerieA,Sampdoria,Verona,6,2,1,1,0.05,13,5,2,1,1,-0.05,13,1.0,1.0
2021-11-27,2021-22,SerieA,Venezia,Inter,6,2,1,1,0.0,13,6,2,1,1,0.0,13,0.0,0.0
2021-11-27,2021-22,SerieA,Juventus,Atalanta,7,1,0,1,0.0,13,7,1,0,1,0.0,13,0.0,0.0
2021-11-27,2021-22,SerieA,Empoli,Fiorentina,5,1,1,1,-0.1,13,7,1,0,1,0.1,13,-2.0,1.0
2021-11-27,2021-22,EPL,Brighton,Leeds,7,1,0,1,0.05,12,6,2,1,1,-0.05,12,1.0,0.5
2021-11-27,2021-22,EPL,Liverpool,Southampton,7,2,0,1,0.0,12,7,1,0,1,0.0,12,0.0,1.0
2021-11-27,2021-22,EPL,Crystal Palace,Aston Villa,7,1,0,1,0.0,12,7,1,0,1,0.0,12,0.0,0.0
2021-11-27,2021-22,EPL,Arsenal,Newcastle,7,2,0,1,0.0,12,7,1,0,1,0.0,12,0.0,1.0
2021-11-27,2021-22,LaLiga,Alaves,Celta,7,1,0,1,0.0,13,7,1,0,1,0.0,14,0.0,0.0
2021-11-27,2021-22,LaLiga,Valencia,Vallecano,6,2,1,1,0.05,14,5,1,1,1,-0.05,14,1.0,0.5
2021-11-27,2021-22,LaLiga,Mallorca,Getafe,5,2,1,1,-0.05,14,6,2,1,1,0.05,14,-1.0,0.5
2021-11-27,2021-22,LaLiga,Villarreal,Barcelona,7,2,0,1,0.0,13,7,1,0,1,0.0,13,0.0,0.0
2021-11-27,2021-22,EPL,Norwich,Wolves,7,1,0,1,0.0,12,7,1,0,1,0.0,12,0.0,0.5
2021-11-27,2021-22,Bundesliga,Wolfsburg,Dortmund,7,1,0,1,0.0,12,7,1,0,1,0.0,12,0.0,0.0
2021-11-27,2021-22,Ligue1,Lille,Nantes,8,1,0,1,0.05,14,7,2,0,1,-0.05,14,1.0,0.5
2021-11-27,2021-22,Bundesliga,Bayern Munich,Bielefeld,8,1,0,1,0.05,12,7,1,0,1,-0.05,12,1.0,1.0
2021-11-27,2021-22,Bundesliga,Bochum,Freiburg,7,1,0,1,0.05,12,6,1,1,1,-0.05,12,1.0,1.0
2021-11-27,2021-22,Bundesliga,FC Koln,M'gladbach,6,2,1,1,-0.05,12,7,1,0,1,0.05,12,-1.0,1.0
2021-11-27,2021-22,Bundesliga,Greuther Furth,Hoffenheim,7,2,0,1,0.0,12,7,1,0,1,0.0,12,0.0,0.0
2021-11-27,2021-22,Bundesliga,Hertha,Augsburg,7,2,0,1,-0.05,12,8,1,0,1,0.05,12,-1.0,0.5
2021-11-27,2021-22,Ligue1,Nice,Metz,6,2,1,1,0.0,14,6,2,1,1,0.0,14,0.0,0.0
2021-11-28,2021-22,Ligue1,Reims,Clermont,7,1,0,1,0.0,14,7,1,0,1,0.0,14,0.0,1.0
2021-11-28,2021-22,Ligue1,Montpellier,Lyon,8,1,0,1,-0.5,14,21,0,0,0,0.5,13,-10.0,0.0
2021-11-28,2021-22,Ligue1,Marseille,Troyes,21,0,0,0,0.5,13,7,1,0,1,-0.5,14,10.0,1.0
2021-11-28,2021-22,EPL,Man City,West Ham,7,1,0,1,-0.05,12,8,1,0,1,0.05,12,-1.0,1.0
2021-11-28,2021-22,Ligue1,Monaco,Strasbourg,9,1,0,1,0.1,14,7,1,0,1,-0.1,14,2.0,0.5
2021-11-28,2021-22,Bundesliga,RB Leipzig,Leverkusen,8,1,0,1,0.0,12,8,1,0,1,0.0,12,0.0,0.0
2021-11-28,2021-22,SerieA,Udinese,Genoa,6,1,1,1,-0.05,13,7,1,0,1,0.05,13,-1.0,0.5
2021-11-28,2021-22,SerieA,Milan,Sassuolo,8,1,0,1,0.05,13,7,1,0,1,-0.05,13,1.0,0.0
2021-11-28,2021-22,SerieA,Spezia,Bologna,8,1,0,1,0.05,13,7,1,0,1,-0.05,13,1.0,0.0
2021-11-28,2021-22,Bundesliga,Ein Frankfurt,Union Berlin,7,1,0,1,-0.05,12,8,1,0,1,0.05,12,-1.0,1.0
2021-11-28,2021-22,Ligue1,Lorient,Rennes,7,1,0,1,-0.05,14,8,1,0,1,0.05,14,-1.0,0.0
2021-11-28,2021-22,SerieA,Napoli,Lazio,7,1,0,1,-0.05,13,8,1,0,1,0.05,13,-1.0,1.0
2021-11-28,2021-22,EPL,Chelsea,Man United,8,1,0,1,0.0,12,8,1,0,1,0.0,12,0.0,0.5
2021-11-28,2021-22,SerieA,Roma,Torino,7,1,0,1,0.05,13,6,1,1,1,-0.05,13,1.0,1.0
2021-11-28,2021-22,EPL,Leicester,Watford,8,1,0,1,0.0,12,8,1,0,1,0.0,12,0.0,1.0
2021-11-28,2021-22,EPL,Brentford,Everton,8,1,0,1,0.05,12,7,1,0,1,-0.05,12,1.0,1.0
2021-11-28,2021-22,Ligue1,St Etienne,Paris SG,7,1,0,1,-0.05,14,8,1,0,1,0.05,14,-1.0,0.0
2021-11-28,2021-22,Ligue1,Bordeaux,Brest,7,1,0,1,0.0,14,7,1,0,1,0.0,14,0.0,0.0
2021-11-28,2021-22,LaLiga,Betis,Levante,7,1,0,1,-0.1,14,9,1,0,1,0.1,14,-2.0,1.0
2021-11-28,2021-22,LaLiga,Espanol,Sociedad,8,1,0,1,0.05,14,7,1,0,1,-0.05,14,1.0,1.0
2021-11-28,2021-22,LaLiga,Cadiz,Ath Madrid,7,1,0,1,-0.05,14,8,1,0,1,0.05,13,-1.0,0.0
2021-11-28,2021-22,LaLiga,Real Madrid,Sevilla,7,1,0,1,-0.05,13,8,1,0,1,0.05,13,-1.0,1.0
2021-11-29,2021-22,LaLiga,Osasuna,Elche,9,1,0,1,0.05,14,8,1,0,1,-0.05,14,1.0,0.5
2021-11-30,2021-22,SerieA,Fiorentina,Sampdoria,3,2,1,2,-0.4,14,3,2,1,2,-0.4,14,0.0,1.0
2021-11-30,2021-22,SerieA,Atalanta,Venezia,3,2,1,2,-0.4,14,3,2,1,2,-0.4,14,0.0,1.0
2021-11-30,2021-22,SerieA,Verona,Cagliari,3,2,1,2,-0.45,14,4,2,1,2,0.05,14,-1.0,0.5
2021-11-30,2021-22,SerieA,Salernitana,Juventus,4,2,1,2,0.05,14,3,2,1,2,-0.45,14,1.0,0.0
2021-11-30,2021-22,EPL,Leeds,Crystal Palace,3,2,1,2,-0.4,13,3,2,1,2,-0.4,13,0.0,1.0
2021-11-30,2021-22,EPL,Newcastle,Norwich,3,2,1,2,-0.4,13,3,2,1,2,-0.4,13,0.0,0.5
2021-12-01,2021-22,Ligue1,Rennes,Lille,3,2,1,2,-0.45,15,4,2,1,2,0.05,15,-1.0,0.0
2021-12-01,2021-22,Ligue1,Brest,St Etienne,3,2,1,2,-0.4,15,3,2,1,2,-0.4,15,0.0,1.0
2021-12-01,2021-22,Ligue1,Angers,Monaco,5,2,1,2,0.1,15,3,2,1,2,-0.5,15,2.0,0.0
2021-12-01,2021-22,EPL,Everton,Liverpool,3,2,1,2,-0.45,13,4,2,1,2,0.05,13,-1.0,0.0
2021-12-01,2021-22,SerieA,Sassuolo,Napoli,3,2,1,2,-0.4,14,3,2,1,2,-0.4,14,0.0,0.5
2021-12-01,2021-22,Ligue1,Metz,Montpellier,4,2,1,2,0.05,15,3,2,1,2,-0.45,15,1.0,0.0
2021-12-01,2021-22,EPL,Southampton,Leicester,4,2,1,2,0.05,13,3,2,1,2,-0.45,13,1.0,0.5
2021-12-01,2021-22,Ligue1,Nantes,Marseille,4,2,1,2,0.05,15,3,1,1,1,-0.45,14,1.0,0.0
2021-12-01,2021-22,Ligue1,Paris SG,Nice,3,2,1,2,-0.45,15,4,2,1,2,0.05,15,-1.0,0.5
2021-12-01,2021-22,Ligue1,Troyes,Lorient,3,2,1,2,-0.4,15,3,2,1,2,-0.4,15,0.0,1.0
2021-12-01,2021-22,SerieA,Genoa,Milan,3,2,1,2,-0.4,14,3,2,1,2,-0.4,14,0.0,0.0
2021-12-01,2021-22,LaLiga,Real Madrid,Ath Bilbao,3,2,1,2,-0.5,14,5,2,1,2,0.1,14,-2.0,1.0
2021-12-01,2021-22,Ligue1,Lyon,Reims,3,1,1,1,-0.4,14,3,2,1,2,-0.4,15,0.0,0.0
2021-12-01,2021-22,Ligue1,Strasbourg,Bordeaux,3,2,1,2,-0.4,15,3,2,1,2,-0.4,15,0.0,1.0
2021-12-01,2021-22,Ligue1,Clermont,Lens,3,2,1,2,-0.5,15,5,2,1,2,0.1,15,-2.0,0.5
2021-12-01,2021-22,EPL,West Ham,Brighton,3,2,1,2,-0.45,13,4,2,1,2,0.05,13,-1.0,0.5
2021-12-01,2021-22,EPL,Wolves,Burnley,4,2,1,2,-0.35,13,11,1,0,1,0.35,12,-7.0,0.5
2021-12-01,2021-22,EPL,Aston Villa,Man City,4,2,1,2,0.05,13,3,2,1,2,-0.45,13,1.0,0.0
2021-12-01,2021-22,SerieA,Bologna,Roma,3,2,1,2,-0.4,14,3,2,1,2,-0.4,14,0.0,1.0
2021-12-01,2021-22,SerieA,Inter,Spezia,4,2,1,2,0.05,14,3,2,1,2,-0.45,14,1.0,1.0
2021-12-01,2021-22,EPL,Watford,Chelsea,3,2,1,2,-0.4,13,3,2,1,2,-0.4,13,0.0,0.0
2021-12-02,2021-22,EPL,Tottenham,Brentford,11,1,0,1,0.35,12,4,2,1,2,-0.35,13,7.0,1.0
2021-12-02,2021-22,EPL,Man United,Arsenal,4,2,1,2,-0.05,13,5,2,1,2,0.05,13,-1.0,1.0
2021-12-02,2021-22,SerieA,Lazio,Udinese,4,2,1,2,0.0,14,4,2,1,2,0.0,14,0.0,0.5
2021-12-02,2021-22,SerieA,Torino,Empoli,4,2,1,2,-0.05,14,5,2,1,2,0.05,14,-1.0,0.5
2021-12-03,2021-22,Bundesliga,Union Berlin,RB Leipzig,5,2,1,2,0.0,13,5,2,1,2,0.0,13,0.0,1.0
2021-12-03,2021-22,LaLiga,Granada,Alaves,7,2,0,2,0.05,14,6,2,1,2,-0.05,14,1.0,1.0
2021-12-04,2021-22,Ligue1,Marseille,Brest,3,2,2,2,-0.4,15,3,3,2,3,-0.6,16,0.0,0.0
2021-12-04,2021-22,Ligue1,Lille,Troyes,3,3,1,2,-0.6,16,3,3,2,3,-0.6,16,0.0,1.0
2021-12-04,2021-22,Bundesliga,Dortmund,Bayern Munich,7,2,0,1,0.0,13,7,2,0,1,0.0,13,0.0,0.0
2021-12-04,2021-22,Bundesliga,Mainz,Wolfsburg,8,2,0,2,0.05,13,7,2,0,1,-0.05,13,1.0,1.0
2021-12-04,2021-22,Ligue1,Lens,Paris SG,3,3,1,3,-0.6,16,3,3,2,2,-0.6,16,0.0,0.5
2021-12-04,2021-22,Bundesliga,Leverkusen,Greuther Furth,6,2,1,1,-0.05,13,7,2,0,1,0.05,13,-1.0,1.0
2021-12-04,2021-22,EPL,West Ham,Chelsea,3,3,2,2,-0.6,14,3,3,2,2,-0.6,14,0.0,1.0
2021-12-04,2021-22,Bundesliga,Bielefeld,FC Koln,7,2,0,1,0.0,13,7,2,0,2,0.0,13,0.0,0.5
2021-12-04,2021-22,EPL,Newcastle,Burnley,4,3,1,2,-0.15,14,3,2,1,1,-0.45,13,1.0,1.0
2021-12-04,2021-22,EPL,Southampton,Brighton,3,3,1,2,-0.6,14,3,3,1,2,-0.6,14,0.0,0.5
2021-12-04,2021-22,EPL,Wolves,Liverpool,3,3,1,2,-0.6,14,3,3,1,2,-0.6,14,0.0,0.0
2021-12-04,2021-22,EPL,Watford,Man City,3,3,2,2,-0.6,14,3,3,2,3,-0.6,14,0.0,0.0
2021-12-04,2021-22,LaLiga,Sevilla,Villarreal,6,2,1,1,-0.05,14,7,2,0,1,0.05,14,-1.0,1.0
2021-12-04,2021-22,LaLiga,Barcelona,Betis,7,2,0,1,0.05,14,6,2,1,2,-0.05,15,1.0,0.0
2021-12-04,2021-22,Bundesliga,Hoffenheim,Ein Frankfurt,7,2,0,1,0.05,13,6,2,1,2,-0.05,13,1.0,1.0
2021-12-04,2021-22,LaLiga,Sociedad,Real Madrid,6,2,1,2,0.15,15,3,3,2,3,-0.75,15,3.0,0.0
2021-12-04,2021-22,LaLiga,Ath Madrid,Mallorca,6,2,1,1,-0.05,14,7,2,0,2,0.05,15,-1.0,0.0
2021-12-04,2021-22,SerieA,Roma,Inter,3,3,2,3,-0.6,15,3,3,1,3,-0.6,15,0.0,0.0
2021-12-04,2021-22,SerieA,Napoli,Atalanta,3,3,2,3,-0.65,15,4,3,1,2,-0.15,15,-1.0,0.0
2021-12-04,2021-22,SerieA,Milan,Salernitana,3,3,2,2,-0.65,15,4,3,1,3,-0.15,15,-1.0,1.0
2021-12-04,2021-22,Bundesliga,Augsburg,Bochum,7,2,0,1,0.0,13,7,2,0,1,0.0,13,0.0,0.0
2021-12-05,2021-22,Ligue1,Bordeaux,Lyon,4,3,1,2,-0.2,16,4,2,1,2,0.0,15,0.0,0.5
2021-12-05,2021-22,Ligue1,Nice,Strasbourg,4,3,1,2,-0.2,16,4,3,1,2,-0.2,16,0.0,0.0
2021-12-05,2021-22,Ligue1,Reims,Angers,4,3,1,2,-0.2,16,4,3,1,2,-0.2,16,0.0,0.0
2021-12-05,2021-22,Ligue1,Montpellier,Clermont,4,3,1,2,-0.2,16,4,3,1,2,-0.2,16,0.0,1.0
2021-12-05,2021-22,Ligue1,Monaco,Metz,4,3,1,2,-0.2,16,4,3,1,2,-0.2,16,0.0,1.0
2021-12-05,2021-22,Ligue1,Lorient,Nantes,4,3,1,2,-0.2,16,4,3,1,2,-0.2,16,0.0,0.0
2021-12-05,2021-22,Ligue1,St Etienne,Rennes,4,3,1,2,-0.2,16,4,3,1,2,-0.2,16,0.0,0.0
2021-12-05,2021-22,SerieA,Juventus,Genoa,5,3,1,2,-0.15,15,4,3,1,2,-0.25,15,1.0,1.0
2021-12-05,2021-22,SerieA,Venezia,Verona,5,3,1,2,-0.2,15,5,3,1,3,-0.2,15,0.0,0.0
2021-12-05,2021-22,SerieA,Spezia,Sassuolo,4,3,1,2,-0.2,15,4,3,1,2,-0.2,15,0.0,0.5
2021-12-05,2021-22,SerieA,Bologna,Fiorentina,4,3,1,2,-0.25,15,5,3,1,2,-0.15,15,-1.0,0.0
2021-12-05,2021-22,EPL,Tottenham,Norwich,3,2,1,1,-0.5,13,5,3,1,2,-0.1,14,-2.0,1.0
2021-12-05,2021-22,EPL,Aston Villa,Leicester,4,3,1,2,-0.2,14,4,3,1,2,-0.2,14,0.0,1.0
2021-12-05,2021-22,SerieA,Sampdoria,Lazio,5,3,1,2,-0.1,15,3,3,1,2,-0.7,15,2.0,0.0
2021-12-05,2021-22,EPL,Man United,Crystal Palace,3,3,1,2,-0.7,14,5,3,1,2,-0.1,14,-2.0,1.0
2021-12-05,2021-22,EPL,Leeds,Brentford,5,3,1,2,-0.1,14,3,3,1,2,-0.7,14,2.0,0.5
2021-12-05,2021-22,LaLiga,Celta,Valencia,8,2,0,1,0.0,15,8,2,0,1,0.0,15,0.0,0.0
2021-12-05,2021-22,LaLiga,Levante,Osasuna,7,2,0,1,0.05,15,6,2,1,1,-0.05,15,1.0,0.5
2021-12-05,2021-22,Bundesliga,Stuttgart,Hertha,9,2,0,1,0.05,13,8,2,0,1,-0.05,13,1.0,0.5
2021-12-05,2021-22,Bundesliga,M'gladbach,Freiburg,8,2,0,1,0.0,13,8,2,0,1,0.0,13,0.0,0.0
2021-12-05,2021-22,LaLiga,Elche,Cadiz,6,2,1,1,-0.05,15,7,2,0,1,0.05,15,-1.0,1.0
2021-12-05,2021-22,LaLiga,Vallecano,Espanol,8,2,0,2,0.05,15,7,2,0,1,-0.05,15,1.0,1.0
2021-12-06,2021-22,EPL,Everton,Arsenal,5,3,1,2,-0.15,14,4,3,1,2,-0.25,14,1.0,1.0
2021-12-06,2021-22,LaLiga,Getafe,Ath Bilbao,9,2,0,1,0.2,15,5,3,1,2,-0.4,15,4.0,0.5
2021-12-06,2021-22,SerieA,Cagliari,Torino,6,3,1,2,-0.1,15,4,3,1,2,-0.3,15,2.0,0.5
2021-12-06,2021-22,SerieA,Empoli,Udinese,4,3,1,2,-0.2,15,4,3,1,2,-0.2,15,0.0,1.0
2021-12-10,2021-22,LaLiga,Mallorca,Celta,6,3,1,2,-0.15,16,5,3,1,2,-0.25,16,1.0,0.5
2021-12-10,2021-22,Bundesliga,FC Koln,Augsburg,6,3,1,2,-0.2,14,6,2,1,2,0.0,14,0.0,0.0
2021-12-10,2021-22,Ligue1,Nantes,Lens,5,4,1,3,-0.45,17,6,4,1,2,-0.35,17,-1.0,1.0
2021-12-10,2021-22,SerieA,Genoa,Sampdoria,5,4,1,3,-0.4,16,5,4,1,3,-0.4,16,0.0,0.0
2021-12-10,2021-22,EPL,Brentford,Watford,5,4,1,3,-0.45,15,6,4,1,3,-0.35,15,-1.0,1.0
2021-12-11,2021-22,Ligue1,Brest,Montpellier,7,4,0,3,-0.35,17,6,3,1,3,-0.25,17,1.0,0.0
2021-12-11,2021-22,SerieA,Fiorentina,Salernitana,6,3,1,2,-0.25,16,7,4,0,2,-0.35,16,-1.0,1.0
2021-12-11,2021-22,Bundesliga,Bochum,Dortmund,7,2,0,1,0.0,14,7,2,0,1,0.0,14,0.0,0.5
2021-12-11,2021-22,Bundesliga,Freiburg,Hoffenheim,6,3,1,1,-0.25,14,7,2,0,1,0.05,14,-1.0,0.0
2021-12-11,2021-22,LaLiga,Ath Bilbao,Sevilla,5,3,1,2,-0.3,16,7,2,0,2,0.1,15,-2.0,0.0
2021-12-11,2021-22,LaLiga,Valencia,Elche,6,3,1,1,-0.2,16,6,3,1,2,-0.2,16,0.0,1.0
2021-12-11,2021-22,LaLiga,Alaves,Getafe,8,2,0,1,0.15,15,5,3,1,1,-0.35,16,3.0,0.5
2021-12-11,2021-22,LaLiga,Espanol,Levante,6,2,1,2,0.0,16,6,2,1,2,0.0,16,0.0,1.0
2021-12-11,2021-22,SerieA,Venezia,Juventus,6,4,1,2,-0.4,16,6,3,1,2,-0.2,16,0.0,0.5
2021-12-11,2021-22,SerieA,Udinese,Milan,5,4,1,3,-0.5,16,7,3,0,3,-0.1,16,-2.0,0.5
2021-12-11,2021-22,Ligue1,Reims,St Etienne,6,4,1,3,-0.4,17,6,4,1,3,-0.4,17,0.0,1.0
2021-12-11,2021-22,Bundesliga,RB Leipzig,M'gladbach,8,2,0,2,0.1,14,6,2,1,1,-0.1,14,2.0,1.0
2021-12-11,2021-22,Bundesliga,Bayern Munich,Mainz,7,2,0,1,0.0,14,7,3,0,1,-0.2,14,0.0,1.0
2021-12-11,2021-22,Bundesliga,Hertha,Bielefeld,6,2,1,1,-0.05,14,7,2,0,1,0.05,14,-1.0,1.0
2021-12-11,2021-22,Bundesliga,Wolfsburg,Stuttgart,7,2,0,1,0.05,14,6,2,1,1,-0.05,14,1.0,0.0
2021-12-11,2021-22,EPL,Norwich,Man United,6,3,1,2,-0.2,15,6,3,1,3,-0.2,15,0.0,0.0
2021-12-11,2021-22,EPL,Liverpool,Aston Villa,7,3,0,2,-0.15,15,6,3,1,2,-0.25,15,1.0,1.0
2021-12-11,2021-22,EPL,Chelsea,Leeds,7,3,0,3,-0.15,15,6,4,1,2,-0.45,15,1.0,1.0
2021-12-11,2021-22,EPL,Arsenal,Southampton,5,3,1,2,-0.3,15,7,3,0,2,-0.1,15,-2.0,1.0
2021-12-11,2021-22,EPL,Man City,Wolves,7,4,0,3,-0.4,15,7,3,0,2,-0.2,15,0.0,1.0
2021-12-12,2021-22,EPL,Leicester,Newcastle,7,3,0,2,-0.25,15,8,3,0,2,-0.15,15,-1.0,1.0
2021-12-12,2021-22,EPL,Crystal Palace,Everton,7,3,0,2,-0.15,15,6,3,1,2,-0.25,15,1.0,1.0
2021-12-12,2021-22,Ligue1,Paris SG,Monaco,8,3,0,2,-0.15,17,7,3,0,2,-0.25,17,1.0,1.0
2021-12-12,2021-22,LaLiga,Real Madrid,Ath Madrid,8,3,0,2,-0.2,16,8,2,0,1,0.0,15,0.0,1.0
2021-12-12,2021-22,LaLiga,Betis,Sociedad,8,2,0,1,0.0,16,8,2,0,1,0.0,16,0.0,1.0
2021-12-12,2021-22,LaLiga,Osasuna,Barcelona,7,2,0,2,-0.05,16,8,2,0,1,0.05,15,-1.0,0.5
2021-12-12,2021-22,LaLiga,Villarreal,Vallecano,8,2,0,1,0.05,15,7,3,0,1,-0.25,16,1.0,1.0
2021-12-12,2021-22,Bundesliga,Greuther Furth,Union Berlin,8,2,0,1,-0.05,14,9,2,0,1,0.05,14,-1.0,1.0
2021-12-12,2021-22,Bundesliga,Ein Frankfurt,Leverkusen,8,2,0,1,0.0,14,8,2,0,1,0.0,14,0.0,1.0
2021-12-12,2021-22,Ligue1,Strasbourg,Marseille,7,3,0,2,-0.25,17,8,3,0,2,-0.15,16,-1.0,0.0
2021-12-12,2021-22,EPL,Burnley,West Ham,8,2,0,2,0.0,14,8,3,0,2,-0.2,15,0.0,0.5
2021-12-12,2021-22,Ligue1,Rennes,Nice,7,3,0,2,-0.2,17,7,3,0,2,-0.2,17,0.0,0.0
2021-12-12,2021-22,SerieA,Inter,Cagliari,8,3,0,2,-0.1,16,6,3,1,2,-0.3,16,2.0,1.0
2021-12-12,2021-22,SerieA,Sassuolo,Lazio,7,3,0,2,-0.2,16,7,3,0,2,-0.2,16,0.0,1.0
2021-12-12,2021-22,SerieA,Napoli,Empoli,8,3,0,2,-0.1,16,6,4,1,2,-0.5,16,2.0,0.0
2021-12-12,2021-22,SerieA,Verona,Atalanta,7,4,0,2,-0.45,16,8,3,0,2,-0.15,16,-1.0,0.0
2021-12-12,2021-22,Ligue1,Troyes,Bordeaux,8,3,0,2,-0.15,17,7,3,0,2,-0.25,17,1.0,0.0
2021-12-12,2021-22,Ligue1,Lille,Lyon,8,3,0,2,-0.15,17,7,3,0,2,-0.25,16,1.0,0.5
2021-12-12,2021-22,SerieA,Torino,Bologna,6,4,1,2,-0.45,16,7,3,0,2,-0.15,16,-1.0,1.0
2021-12-12,2021-22,Ligue1,Angers,Clermont,7,3,0,2,-0.2,17,7,3,0,2,-0.2,17,0.0,0.0
2021-12-12,2021-22,Ligue1,Metz,Lorient,7,3,0,2,-0.2,17,7,3,0,2,-0.2,17,0.0,1.0
2021-12-13,2021-22,SerieA,Roma,Spezia,9,3,0,2,-0.15,16,8,3,0,2,-0.25,16,1.0,1.0
2021-12-13,2021-22,LaLiga,Cadiz,Granada,8,2,0,1,-0.1,16,10,2,0,1,0.1,15,-2.0,0.5
2021-12-14,2021-22,Bundesliga,Bielefeld,Bochum,3,3,1,2,-0.6,15,3,3,1,2,-0.6,15,0.0,1.0
2021-12-14,2021-22,Bundesliga,Mainz,Hertha,3,3,1,2,-0.6,15,3,3,1,2,-0.6,15,0.0,1.0
2021-12-14,2021-22,Bundesliga,Wolfsburg,FC Koln,3,3,1,2,-0.65,15,4,3,1,2,-0.15,15,-1.0,0.0
2021-12-14,2021-22,EPL,Norwich,Aston Villa,3,4,1,2,-0.8,16,3,4,1,3,-0.8,16,0.0,0.0
2021-12-14,2021-22,Bundesliga,Stuttgart,Bayern Munich,3,3,1,2,-0.6,15,3,3,1,2,-0.6,15,0.0,0.0
2021-12-14,2021-22,EPL,Man City,Leeds,3,4,1,3,-0.8,16,3,4,1,2,-0.8,16,0.0,1.0
2021-12-15,2021-22,Bundesliga,Dortmund,Greuther Furth,4,3,1,2,-0.15,15,3,3,1,2,-0.65,15,1.0,1.0
2021-12-15,2021-22,Bundesliga,Leverkusen,Hoffenheim,3,3,1,2,-0.65,15,4,3,1,2,-0.15,15,-1.0,0.5
2021-12-15,2021-22,Bundesliga,Union Berlin,Freiburg,3,3,1,2,-0.65,15,4,3,1,2,-0.15,15,-1.0,0.5
2021-12-15,2021-22,EPL,Arsenal,West Ham,4,4,1,3,-0.35,16,3,4,1,2,-0.85,16,1.0,1.0
2021-12-15,2021-22,EPL,Crystal Palace,Southampton,3,4,1,2,-0.85,16,4,4,1,2,-0.35,16,-1.0,0.5
2021-12-15,2021-22,Bundesliga,M'gladbach,Ein Frankfurt,4,3,1,2,-0.15,15,3,3,1,2,-0.65,15,1.0,0.0
2021-12-15,2021-22,EPL,Brighton,Wolves,11,3,0,1,0.15,15,4,4,1,2,-0.75,16,7.0,0.0
2021-12-15,2021-22,Bundesliga,Augsburg,RB Leipzig,5,3,1,2,-0.15,15,4,3,1,2,-0.25,15,1.0,0.5
2021-12-16,2021-22,EPL,Chelsea,Everton,5,4,1,2,-0.35,16,4,4,1,2,-0.45,16,1.0,0.5
2021-12-16,2021-22,EPL,Liverpool,Newcastle,5,4,1,2,-0.35,16,4,4,1,2,-0.45,16,1.0,1.0
2021-12-17,2021-22,SerieA,Salernitana,Inter,6,3,1,2,-0.15,17,5,4,1,2,-0.45,17,1.0,0.0
2021-12-17,2021-22,SerieA,Lazio,Genoa,5,4,1,2,-0.5,17,7,4,0,2,-0.3,17,-2.0,1.0
2021-12-17,2021-22,Bundesliga,Bayern Munich,Wolfsburg,3,4,2,3,-0.8,16,3,4,2,3,-0.8,16,0.0,1.0
2021-12-17,2021-22,LaLiga,Celta,Espanol,7,3,0,2,-0.15,17,6,3,1,2,-0.25,17,1.0,1.0
2021-12-18,2021-22,Bundesliga,RB Leipzig,Bielefeld,3,4,1,2,-0.85,16,4,3,1,2,-0.15,16,-1.0,0.0
2021-12-18,2021-22,Bundesliga,Bochum,Union Berlin,4,3,1,2,-0.15,16,3,4,2,2,-0.85,16,1.0,0.0
2021-12-18,2021-22,Bundesliga,Ein Frankfurt,Mainz,3,4,2,2,-0.85,16,4,3,1,2,-0.15,16,-1.0,1.0
2021-12-18,2021-22,Bundesliga,Greuther Furth,Augsburg,3,3,2,2,-0.6,16,3,3,1,2,-0.6,16,0.0,0.5
2021-12-18,2021-22,Bundesliga,Hoffenheim,M'gladbach,3,3,1,2,-0.6,16,3,3,1,3,-0.6,16,0.0,0.5
2021-12-18,2021-22,EPL,Leeds,Arsenal,4,4,1,3,-0.35,17,3,4,1,3,-0.85,17,1.0,0.0
2021-12-18,2021-22,LaLiga,Vallecano,Alaves,6,2,1,2,-0.05,17,7,2,0,1,0.05,16,-1.0,1.0
2021-12-18,2021-22,LaLiga,Barcelona,Elche,6,2,1,1,-0.05,16,7,3,0,2,-0.15,17,-1.0,1.0
2021-12-18,2021-22,Bundesliga,Hertha,Dortmund,4,3,1,3,-0.15,16,3,3,1,2,-0.65,16,1.0,1.0
2021-12-18,2021-22,SerieA,Atalanta,Roma,6,3,1,1,-0.15,17,5,4,1,1,-0.45,17,1.0,0.0
2021-12-18,2021-22,SerieA,Bologna,Juventus,6,4,1,2,-0.45,17,7,3,0,2,-0.15,17,-1.0,0.0
2021-12-18,2021-22,SerieA,Cagliari,Udinese,6,3,1,2,-0.25,17,7,4,0,2,-0.35,17,-1.0,0.0
2021-12-18,2021-22,LaLiga,Sevilla,Ath Madrid,7,3,0,1,-0.15,16,6,3,1,1,-0.25,16,1.0,1.0
2021-12-18,2021-22,LaLiga,Sociedad,Villarreal,6,3,1,1,-0.2,17,6,2,1,1,0.0,16,0.0,0.0
2021-12-19,2021-22,SerieA,Sampdoria,Venezia,9,3,0,1,-0.15,17,8,3,0,1,-0.25,17,1.0,0.5
2021-12-19,2021-22,SerieA,Milan,Napoli,8,3,0,1,-0.15,17,7,3,0,1,-0.25,17,1.0,0.0
2021-12-19,2021-22,SerieA,Torino,Verona,7,3,0,2,-0.2,17,7,3,0,1,-0.2,17,0.0,1.0
2021-12-19,2021-22,SerieA,Fiorentina,Sassuolo,8,3,0,1,-0.15,17,7,3,0,1,-0.25,17,1.0,0.5
2021-12-19,2021-22,SerieA,Spezia,Empoli,6,3,1,1,-0.25,17,7,3,0,2,-0.15,17,-1.0,0.5
2021-12-19,2021-22,Bundesliga,Freiburg,Leverkusen,4,3,1,2,-0.2,16,4,3,1,2,-0.2,16,0.0,1.0
2021-12-19,2021-22,LaLiga,Ath Bilbao,Betis,8,3,0,2,-0.15,17,7,2,0,1,-0.05,17,1.0,1.0
2021-12-19,2021-22,Bundesliga,FC Koln,Stuttgart,5,3,1,2,-0.2,16,5,3,1,2,-0.2,16,0.0,1.0
2021-12-19,2021-22,EPL,Tottenham,Liverpool,14,2,0,0,0.5,14,3,4,1,2,-1.3,17,10.0,0.5
2021-12-19,2021-22,LaLiga,Real Madrid,Cadiz,7,3,0,1,-0.15,17,6,2,1,1,-0.05,17,1.0,0.5
2021-12-19,2021-22,LaLiga,Getafe,Osasuna,8,2,0,2,0.05,17,7,3,0,1,-0.25,17,1.0,1.0
2021-12-19,2021-22,EPL,Newcastle,Man City,3,4,1,2,-0.9,17,5,4,1,2,-0.3,17,-2.0,0.0
2021-12-19,2021-22,EPL,Wolves,Chelsea,4,4,1,2,-0.35,17,3,4,1,2,-0.85,17,1.0,0.5
2021-12-19,2021-22,LaLiga,Granada,Mallorca,6,2,1,1,-0.15,16,9,2,0,1,0.15,17,-3.0,1.0
2021-12-20,2021-22,LaLiga,Levante,Valencia,9,2,0,1,0.0,17,9,2,0,1,0.0,17,0.0,0.0
2021-12-21,2021-22,SerieA,Genoa,Atalanta,4,4,1,2,-0.35,18,3,3,1,2,-0.65,18,1.0,0.5
2021-12-21,2021-22,LaLiga,Villarreal,Alaves,3,3,1,2,-0.6,17,3,3,1,2,-0.6,17,0.0,1.0
2021-12-21,2021-22,LaLiga,Sevilla,Barcelona,3,3,1,2,-0.6,17,3,3,1,2,-0.6,17,0.0,0.5
2021-12-21,2021-22,SerieA,Juventus,Cagliari,3,3,1,2,-0.6,18,3,3,1,2,-0.6,18,0.0,1.0
2021-12-22,2021-22,Ligue1,Nice,Lens,10,2,0,1,-0.1,18,12,2,0,1,0.1,18,-2.0,1.0
2021-12-22,2021-22,Ligue1,St Etienne,Nantes,11,2,0,1,-0.05,18,12,2,0,1,0.05,18,-1.0,0.0
2021-12-22,2021-22,Ligue1,Marseille,Reims,10,2,0,1,-0.05,17,11,2,0,1,0.05,18,-1.0,0.5
2021-12-22,2021-22,Ligue1,Troyes,Brest,10,2,0,1,-0.05,18,11,2,0,1,0.05,18,-1.0,0.5
2021-12-22,2021-22,Ligue1,Lyon,Metz,10,2,0,1,0.0,17,10,2,0,1,0.0,18,0.0,0.5
2021-12-22,2021-22,Ligue1,Lorient,Paris SG,10,2,0,1,0.0,18,10,2,0,1,0.0,18,0.0,0.5
2021-12-22,2021-22,Ligue1,Bordeaux,Lille,10,2,0,1,0.0,18,10,2,0,1,0.0,18,0.0,0.0
2021-12-22,2021-22,Ligue1,Monaco,Rennes,10,2,0,1,0.0,18,10,2,0,1,0.0,18,0.0,1.0
2021-12-22,2021-22,Ligue1,Montpellier,Angers,11,2,0,1,0.05,18,10,2,0,1,-0.05,18,1.0,1.0
2021-12-22,2021-22,SerieA,Napoli,Spezia,3,3,1,2,-0.6,18,3,3,1,2,-0.6,18,0.0,0.0
2021-12-22,2021-22,SerieA,Empoli,Milan,3,4,1,2,-0.8,18,3,3,1,2,-0.6,18,0.0,0.0
2021-12-22,2021-22,SerieA,Verona,Fiorentina,3,3,1,2,-0.6,18,3,3,1,2,-0.6,18,0.0,0.5
2021-12-22,2021-22,SerieA,Roma,Sampdoria,4,3,1,2,-0.15,18,3,3,1,2,-0.65,18,1.0,0.5
2021-12-22,2021-22,SerieA,Inter,Torino,5,3,1,2,-0.1,18,3,4,1,2,-0.9,18,2.0,1.0
2021-12-22,2021-22,SerieA,Venezia,Lazio,3,3,1,2,-0.7,18,5,4,1,2,-0.3,18,-2.0,0.0
2021-12-22,2021-22,LaLiga,Granada,Ath Madrid,3,3,1,2,-0.65,17,4,3,1,2,-0.15,17,-1.0,1.0
2021-12-22,2021-22,SerieA,Sassuolo,Bologna,3,3,1,2,-0.65,18,4,3,1,2,-0.15,18,-1.0,0.0
2021-12-22,2021-22,LaLiga,Ath Bilbao,Real Madrid,3,3,1,2,-0.6,18,3,3,1,2,-0.6,18,0.0,0.0
2021-12-26,2021-22,EPL,Brighton,Brentford,11,1,0,1,-0.25,16,16,1,0,0,0.25,16,-5.0,1.0
2021-12-26,2021-22,EPL,Norwich,Arsenal,12,2,0,1,0.2,17,8,4,0,2,-0.6,18,4.0,0.0
2021-12-26,2021-22,EPL,Tottenham,Crystal Palace,7,1,0,1,-0.2,15,11,2,0,1,0.2,17,-4.0,1.0
2021-12-26,2021-22,EPL,West Ham,Southampton,11,2,0,1,0.0,17,11,2,0,1,0.0,17,0.0,0.0
2021-12-26,2021-22,EPL,Man City,Leicester,7,3,0,2,-0.55,18,14,1,0,0,0.35,16,-7.0,1.0
2021-12-26,2021-22,EPL,Aston Villa,Chelsea,12,2,0,1,0.25,17,7,3,0,2,-0.45,18,5.0,0.0
2021-12-27,2021-22,EPL,Newcastle,Man United,8,3,0,2,-0.6,18,16,1,0,0,0.4,16,-8.0,0.5
2021-12-28,2021-22,EPL,Crystal Palace,Norwich,2,3,1,2,-0.6,18,2,3,1,1,-0.6,18,0.0,1.0
2021-12-28,2021-22,EPL,Southampton,Tottenham,2,3,1,2,-0.6,18,2,2,1,2,-0.4,16,0.0,0.5
2021-12-28,2021-22,EPL,Watford,West Ham,18,1,0,0,0.5,16,2,3,1,2,-1.1,18,10.0,0.0
2021-12-28,2021-22,EPL,Leicester,Liverpool,2,2,1,1,-0.75,17,9,3,0,2,0.15,18,-7.0,1.0
2021-12-29,2021-22,EPL,Chelsea,Brighton,3,4,1,3,-0.8,19,3,2,1,1,-0.4,17,0.0,0.5
2021-12-29,2021-22,EPL,Brentford,Man City,3,2,1,1,-0.4,17,3,4,1,2,-0.8,19,0.0,0.0
2021-12-30,2021-22,EPL,Man United,Burnley,3,2,1,1,-0.9,17,18,1,0,0,0.5,15,-10.0,1.0
2021-12-31,2021-22,LaLiga,Valencia,Espanol,11,2,0,1,-0.15,18,14,2,0,0,0.15,18,-3.0,0.0
2022-01-01,2021-22,EPL,Arsenal,Man City,6,3,1,1,-0.05,19,3,4,2,3,-0.95,20,3.0,0.0
2022-01-01,2021-22,EPL,Watford,Tottenham,4,1,1,1,0.0,17,4,3,2,3,-0.2,17,0.0,0.0
2022-01-01,2021-22,EPL,Crystal Palace,West Ham,4,4,2,2,-0.4,19,4,4,2,2,-0.4,19,0.0,0.0
2022-01-02,2021-22,EPL,Brentford,Aston Villa,4,2,1,2,-0.15,18,7,2,0,1,0.15,18,-3.0,1.0
2022-01-02,2021-22,EPL,Everton,Brighton,17,1,0,0,0.5,17,4,3,1,2,-0.7,18,10.0,0.0
2022-01-02,2021-22,EPL,Leeds,Burnley,15,2,0,0,0.5,18,3,1,1,1,-0.9,16,10.0,1.0
2022-01-02,2021-22,EPL,Chelsea,Liverpool,4,4,1,2,-0.45,20,5,3,1,1,-0.15,19,-1.0,0.5
2022-01-02,2021-22,LaLiga,Mallorca,Barcelona,14,1,0,0,0.1,18,12,2,0,1,-0.1,18,2.0,0.0
2022-01-02,2021-22,LaLiga,Betis,Celta,14,1,0,0,-0.1,18,16,1,0,0,0.1,18,-2.0,0.0
2022-01-02,2021-22,LaLiga,Alaves,Sociedad,12,2,0,1,-0.15,18,15,1,0,0,0.15,18,-3.0,0.5
2022-01-02,2021-22,LaLiga,Elche,Granada,15,1,0,0,0.2,18,11,3,0,1,-0.4,18,4.0,0.5
2022-01-02,2021-22,LaLiga,Ath Madrid,Vallecano,11,2,0,1,-0.2,18,15,1,0,0,0.2,18,-4.0,1.0
2022-01-02,2021-22,LaLiga,Getafe,Real Madrid,14,1,0,0,0.15,18,11,2,0,1,-0.15,19,3.0,1.0
2022-01-03,2021-22,LaLiga,Villarreal,Levante,13,2,0,1,-0.05,18,14,1,0,0,0.05,18,-1.0,1.0
2022-01-03,2021-22,LaLiga,Cadiz,Sevilla,15,1,0,0,0.1,18,13,2,0,1,-0.1,18,2.0,0.0
2022-01-03,2021-22,EPL,Man United,Wolves,4,2,1,2,-0.5,18,15,2,0,0,0.5,18,-10.0,0.0
2022-01-03,2021-22,LaLiga,Osasuna,Ath Bilbao,15,1,0,0,0.15,18,12,2,0,1,-0.15,19,3.0,0.0
2022-01-06,2021-22,SerieA,Juventus,Napoli,16,2,0,0,0.05,19,15,2,0,0,-0.05,19,1.0,0.5
2022-01-06,2021-22,SerieA,Milan,Roma,15,2,0,0,0.0,19,15,2,0,0,0.0,19,0.0,1.0
2022-01-06,2021-22,SerieA,Sassuolo,Genoa,15,2,0,0,-0.05,19,16,2,0,0,0.05,19,-1.0,0.5
2022-01-06,2021-22,SerieA,Lazio,Empoli,15,2,0,0,0.0,19,15,2,0,0,0.0,19,0.0,0.5
2022-01-06,2021-22,SerieA,Sampdoria,Cagliari,15,2,0,0,-0.05,19,16,2,0,0,0.05,19,-1.0,0.0
2022-01-06,2021-22,SerieA,Spezia,Verona,15,2,0,0,0.0,19,15,2,0,0,0.0,19,0.0,0.0
2022-01-07,2021-22,Bundesliga,Bayern Munich,M'gladbach,21,0,0,0,0.05,17,20,1,0,0,-0.05,17,1.0,0.0
2022-01-07,2021-22,Ligue1,Bordeaux,Marseille,16,1,0,0,0.0,19,16,1,0,0,0.0,18,0.0,0.0
2022-01-08,2021-22,Ligue1,Lens,Rennes,17,1,0,0,0.0,19,17,1,0,0,0.0,19,0.0,1.0
2022-01-08,2021-22,LaLiga,Granada,Barcelona,6,3,1,1,-0.2,19,6,2,1,1,0.0,19,0.0,0.5
2022-01-08,2021-22,LaLiga,Sociedad,Celta,6,1,1,1,0.0,19,6,1,1,1,0.0,19,0.0,1.0
2022-01-08,2021-22,LaLiga,Levante,Mallorca,5,2,1,1,-0.05,19,6,2,1,1,0.05,19,-1.0,1.0
2022-01-08,2021-22,Bundesliga,Ein Frankfurt,Dortmund,21,0,0,0,0.0,17,21,0,0,0,0.0,17,0.0,0.0
2022-01-08,2021-22,LaLiga,Real Madrid,Valencia,6,3,1,1,-0.3,20,8,2,0,1,0.1,19,-2.0,1.0
2022-01-08,2021-22,Bundesliga,Freiburg,Bielefeld,20,1,0,0,-0.05,17,21,0,0,0,0.05,17,-1.0,0.5
2022-01-08,2021-22,Bundesliga,Leverkusen,Union Berlin,20,1,0,0,-0.05,17,21,0,0,0,0.05,17,-1.0,0.5
2022-01-08,2021-22,Bundesliga,Hoffenheim,Augsburg,21,0,0,0,0.0,17,21,0,0,0,0.0,17,0.0,1.0
2022-01-08,2021-22,Bundesliga,Greuther Furth,Stuttgart,21,0,0,0,0.05,17,20,1,0,0,-0.05,17,1.0,0.5
2022-01-08,2021-22,Bundesliga,RB Leipzig,Mainz,21,0,0,0,0.0,17,21,0,0,0,0.0,17,0.0,1.0
2022-01-09,2021-22,SerieA,Roma,Juventus,3,2,1,1,-0.4,20,3,2,1,1,-0.4,20,0.0,0.0
2022-01-09,2021-22,SerieA,Genoa,Spezia,3,2,1,1,-0.4,20,3,2,1,1,-0.4,20,0.0,0.0
2022-01-09,2021-22,SerieA,Udinese,Atalanta,22,0,0,0,0.15,18,19,1,0,0,-0.15,19,3.0,0.0
2022-01-09,2021-22,SerieA,Napoli,Sampdoria,3,2,1,1,-0.4,20,3,2,1,1,-0.4,20,0.0,1.0
2022-01-09,2021-22,SerieA,Venezia,Milan,18,1,0,0,0.5,19,3,2,1,1,-0.9,20,10.0,0.0
2022-01-09,2021-22,SerieA,Empoli,Sassuolo,3,2,1,1,-0.4,20,3,2,1,1,-0.4,20,0.0,0.0
2022-01-09,2021-22,Bundesliga,Hertha,FC Koln,22,0,0,0,0.05,17,21,0,0,0,-0.05,17,1.0,0.0
2022-01-09,2021-22,LaLiga,Villarreal,Ath Madrid,6,2,1,1,-0.05,19,7,2,0,1,0.05,19,-1.0,0.5
2022-01-09,2021-22,LaLiga,Alaves,Ath Bilbao,7,2,0,1,0.05,19,6,2,1,1,-0.05,20,1.0,0.5
2022-01-09,2021-22,LaLiga,Sevilla,Getafe,6,2,1,1,-0.05,19,7,1,0,1,0.05,19,-1.0,1.0
2022-01-09,2021-22,LaLiga,Vallecano,Betis,7,1,0,1,0.0,19,7,1,0,1,0.0,19,0.0,0.5
2022-01-09,2021-22,SerieA,Inter,Lazio,18,1,0,0,0.5,19,3,2,1,1,-0.9,20,10.0,1.0
2022-01-09,2021-22,Bundesliga,Bochum,Wolfsburg,22,0,0,0,-0.05,17,23,0,0,0,0.05,17,-1.0,1.0
2022-01-09,2021-22,Ligue1,Lyon,Paris SG,18,1,0,0,0.0,18,18,1,0,0,0.0,19,0.0,0.5
2022-01-09,2021-22,SerieA,Verona,Salernitana,3,2,1,1,-0.9,20,23,0,0,0,0.5,18,-10.0,0.0
2022-01-09,2021-22,LaLiga,Osasuna,Cadiz,6,1,1,1,0.0,19,6,1,1,1,0.0,19,0.0,1.0
2022-01-09,2021-22,Ligue1,Brest,Nice,18,1,0,0,0.0,19,18,1,0,0,0.0,19,0.0,0.0
2022-01-09,2021-22,Ligue1,Clermont,Reims,28,0,0,0,0.5,18,18,1,0,0,-0.5,19,10.0,0.5
2022-01-09,2021-22,Ligue1,Metz,Strasbourg,18,1,0,0,-0.5,19,28,0,0,0,0.5,18,-10.0,0.0
2022-01-09,2021-22,Ligue1,Nantes,Monaco,18,1,0,0,0.0,19,18,1,0,0,0.0,19,0.0,0.5
2022-01-10,2021-22,LaLiga,Espanol,Elche,10,1,0,1,0.1,19,8,1,0,1,-0.1,19,2.0,0.0
2022-01-10,2021-22,SerieA,Torino,Fiorentina,19,1,0,0,0.0,19,19,1,0,0,0.0,19,0.0,1.0
2022-01-11,2021-22,EPL,Southampton,Brentford,14,2,0,0,0.25,19,9,3,0,2,-0.45,19,5.0,1.0
2022-01-11,2021-22,SerieA,Cagliari,Bologna,5,1,1,1,-0.5,20,20,1,0,0,0.5,19,-10.0,1.0
2022-01-12,2021-22,EPL,West Ham,Norwich,11,3,0,1,-0.4,20,15,2,0,0,0.2,19,-4.0,1.0
2022-01-14,2021-22,EPL,Brighton,Crystal Palace,12,3,0,1,-0.25,19,13,3,0,1,-0.15,20,-1.0,0.5
2022-01-14,2021-22,Ligue1,Nice,Nantes,5,1,1,1,0.0,20,5,1,1,1,0.0,20,0.0,1.0
2022-01-14,2021-22,Bundesliga,Dortmund,Freiburg,6,1,1,1,0.0,18,6,1,1,1,0.0,18,0.0,1.0
2022-01-15,2021-22,SerieA,Juventus,Udinese,6,2,1,2,0.0,21,6,1,1,1,0.0,19,0.0,1.0
2022-01-15,2021-22,Ligue1,St Etienne,Lens,24,0,0,0,0.5,19,7,1,0,1,-0.5,20,10.0,0.0
2022-01-15,2021-22,Ligue1,Paris SG,Brest,6,1,1,1,0.0,20,6,1,1,1,0.0,20,0.0,1.0
2022-01-15,2021-22,Bundesliga,M'gladbach,Leverkusen,8,1,0,1,0.05,18,7,1,0,1,-0.05,18,1.0,0.0
2022-01-15,2021-22,Bundesliga,Union Berlin,Hoffenheim,7,1,0,1,0.0,18,7,1,0,1,0.0,18,0.0,1.0
2022-01-15,2021-22,Bundesliga,Mainz,Bochum,7,1,0,1,0.05,18,6,1,1,1,-0.05,18,1.0,1.0
2022-01-15,2021-22,Bundesliga,Stuttgart,RB Leipzig,7,1,0,1,0.0,18,7,1,0,1,0.0,18,0.0,0.0
2022-01-15,2021-22,SerieA,Salernitana,Lazio,6,1,1,1,0.0,19,6,2,1,2,0.0,21,0.0,0.0
2022-01-15,2021-22,EPL,Aston Villa,Man United,13,2,0,1,0.05,19,12,3,0,1,-0.25,19,1.0,0.5
2022-01-15,2021-22,EPL,Wolves,Southampton,12,1,0,1,0.4,19,4,3,1,1,-0.6,20,8.0,1.0
2022-01-15,2021-22,EPL,Norwich,Everton,3,3,1,1,-1.1,20,13,1,0,1,0.5,18,-10.0,1.0
2022-01-15,2021-22,EPL,Newcastle,Watford,19,1,0,0,0.25,19,14,2,0,0,-0.25,18,5.0,0.5
2022-01-15,2021-22,EPL,Man City,Chelsea,14,3,0,0,-0.15,21,13,3,0,1,-0.25,21,1.0,1.0
2022-01-15,2021-22,Bundesliga,Wolfsburg,Hertha,6,1,1,1,0.0,18,6,1,1,1,0.0,18,0.0,0.5
2022-01-15,2021-22,Bundesliga,FC Koln,Bayern Munich,6,1,1,1,-0.1,18,8,1,0,1,0.1,18,-2.0,0.0
2022-01-15,2021-22,SerieA,Sampdoria,Torino,6,2,1,2,0.05,21,5,1,1,1,-0.05,20,1.0,0.0
2022-01-16,2021-22,Ligue1,Reims,Metz,7,1,0,1,0.0,20,7,1,0,1,0.0,20,0.0,0.0
2022-01-16,2021-22,Ligue1,Monaco,Clermont,7,1,0,1,0.0,20,7,1,0,1,0.0,19,0.0,1.0
2022-01-16,2021-22,Ligue1,Strasbourg,Montpellier,7,1,0,1,-0.5,19,25,0,0,0,0.5,19,-10.0,1.0
2022-01-16,2021-22,Ligue1,Troyes,Lyon,25,0,0,0,0.5,19,7,1,0,1,-0.5,19,10.0,0.0
2022-01-16,2021-22,Ligue1,Marseille,Lille,9,1,0,1,-0.5,19,25,0,0,0,0.5,19,-10.0,0.5
2022-01-16,2021-22,EPL,West Ham,Leeds,4,3,1,1,-0.7,21,14,1,0,0,0.5,19,-10.0,0.0
2022-01-16,2021-22,EPL,Liverpool,Brentford,14,2,0,0,0.45,20,5,3,1,1,-0.65,20,9.0,1.0
2022-01-16,2021-22,LaLiga,Elche,Villarreal,6,2,1,1,-0.05,20,7,2,0,2,0.05,20,-1.0,1.0
2022-01-16,2021-22,Ligue1,Rennes,Bordeaux,8,1,0,1,-0.05,20,9,1,0,1,0.05,20,-1.0,1.0
2022-01-16,2021-22,Bundesliga,Bielefeld,Greuther Furth,8,1,0,1,0.0,18,8,1,0,1,0.0,18,0.0,0.5
2022-01-16,2021-22,Ligue1,Lorient,Angers,25,0,0,0,0.0,19,25,0,0,0,0.0,19,0.0,0.5
2022-01-16,2021-22,SerieA,Sassuolo,Verona,7,2,0,2,0.0,21,7,2,0,2,0.0,21,0.0,0.0
2022-01-16,2021-22,SerieA,Venezia,Empoli,7,1,0,1,0.0,20,7,2,0,2,0.0,21,0.0,0.5
2022-01-16,2021-22,SerieA,Roma,Cagliari,7,2,0,2,0.1,21,5,2,1,2,-0.1,21,2.0,1.0
2022-01-16,2021-22,SerieA,Atalanta,Inter,7,1,0,1,0.0,20,7,1,0,1,0.0,20,0.0,0.5
2022-01-16,2021-22,Bundesliga,Augsburg,Ein Frankfurt,8,1,0,1,0.0,18,8,1,0,1,0.0,18,0.0,0.5
2022-01-17,2021-22,SerieA,Bologna,Napoli,6,1,1,1,-0.1,20,8,2,0,2,0.1,21,-2.0,0.0
2022-01-17,2021-22,SerieA,Milan,Spezia,8,2,0,2,0.0,21,8,2,0,2,0.0,21,0.0,0.0
2022-01-17,2021-22,SerieA,Fiorentina,Genoa,7,1,0,1,-0.05,20,8,2,0,2,0.05,21,-1.0,1.0
2022-01-18,2021-22,EPL,Brighton,Chelsea,4,3,1,1,-0.15,20,3,3,1,1,-0.65,22,1.0,0.5
2022-01-18,2021-22,LaLiga,Betis,Alaves,9,2,0,1,0.0,20,9,2,0,1,0.0,20,0.0,1.0
2022-01-18,2021-22,LaLiga,Cadiz,Espanol,9,2,0,1,0.05,20,8,2,0,1,-0.05,20,1.0,0.5
2022-01-19,2021-22,EPL,Leicester,Tottenham,22,0,0,0,0.2,18,18,1,0,0,-0.2,18,4.0,0.0
2022-01-19,2021-22,EPL,Brentford,Man United,3,3,1,2,-0.65,21,4,3,1,1,-0.15,20,-1.0,0.0
2022-01-19,2021-22,LaLiga,Celta,Osasuna,11,2,0,1,0.05,20,10,2,0,1,-0.05,20,1.0,1.0
2022-01-19,2021-22,LaLiga,Valencia,Sevilla,11,2,0,1,0.05,20,10,2,0,1,-0.05,20,1.0,0.5
2022-01-19,2021-22,Ligue1,Montpellier,Troyes,3,1,1,1,-0.4,20,3,1,1,1,-0.4,20,0.0,0.0
2022-01-19,2021-22,Ligue1,Lille,Lorient,3,1,1,1,-0.4,20,3,1,1,1,-0.4,20,0.0,1.0
2022-01-19,2021-22,Ligue1,Clermont,Strasbourg,3,2,1,2,-0.4,20,3,2,1,2,-0.4,20,0.0,0.0
2022-01-20,2021-22,LaLiga,Getafe,Granada,11,2,0,1,-0.05,20,12,2,0,1,0.05,20,-1.0,1.0
2022-01-21,2021-22,Ligue1,Lyon,St Etienne,5,2,1,2,-0.05,20,6,1,1,1,0.05,20,-1.0,1.0
2022-01-21,2021-22,EPL,Watford,Norwich,6,2,1,1,0.0,19,6,2,1,2,0.0,21,0.0,0.0
2022-01-21,2021-22,LaLiga,Espanol,Betis,3,2,1,2,-0.4,21,3,3,1,2,-0.6,21,0.0,0.0
2022-01-21,2021-22,SerieA,Verona,Bologna,5,3,1,2,-0.15,22,4,2,1,2,-0.05,21,1.0,1.0
2022-01-21,2021-22,Bundesliga,Ein Frankfurt,Bielefeld,5,2,1,2,0.0,19,5,2,1,2,0.0,19,0.0,0.0
2022-01-22,2021-22,LaLiga,Ath Madrid,Valencia,13,2,0,1,0.5,20,3,2,1,1,-0.9,21,10.0,1.0
2022-01-22,2021-22,LaLiga,Sevilla,Celta,3,3,1,2,-0.6,21,3,3,1,1,-0.6,21,0.0,0.5
2022-01-22,2021-22,LaLiga,Villarreal,Mallorca,6,3,1,2,-0.6,21,14,2,0,0,0.4,20,-8.0,1.0
2022-01-22,2021-22,Bundesliga,Bochum,FC Koln,7,2,0,2,0.0,19,7,2,0,2,0.0,19,0.0,0.5
2022-01-22,2021-22,Bundesliga,M'gladbach,Union Berlin,7,2,0,1,0.0,19,7,2,0,1,0.0,19,0.0,0.0
2022-01-22,2021-22,Bundesliga,Leverkusen,Augsburg,7,2,0,1,0.05,19,6,2,1,1,-0.05,19,1.0,1.0
2022-01-22,2021-22,EPL,Leeds,Newcastle,6,2,1,1,-0.05,20,7,1,0,1,0.05,20,-1.0,0.0
2022-01-22,2021-22,Bundesliga,Greuther Furth,Mainz,6,2,1,1,-0.05,19,7,2,0,1,0.05,19,-1.0,1.0
2022-01-22,2021-22,SerieA,Genoa,Udinese,5,3,1,2,-0.3,22,7,2,0,2,0.1,20,-2.0,0.5
2022-01-22,2021-22,SerieA,Inter,Venezia,6,2,1,2,0.0,21,6,2,1,2,0.0,21,0.0,1.0
2022-01-22,2021-22,Ligue1,Brest,Lille,7,2,0,2,0.2,21,3,2,2,2,-0.6,21,4.0,1.0
2022-01-22,2021-22,Ligue1,Lens,Marseille,7,2,0,1,0.05,21,6,2,1,1,-0.05,20,1.0,0.0
2022-01-22,2021-22,EPL,Brentford,Wolves,3,4,2,3,-1.0,22,7,2,0,1,0.2,20,-4.0,0.0
2022-01-22,2021-22,Bundesliga,Hoffenheim,Dortmund,7,2,0,1,-0.05,19,8,2,0,1,0.05,19,-1.0,0.0
2022-01-22,2021-22,EPL,Everton,Aston Villa,7,2,0,1,0.0,19,7,2,0,1,0.0,20,0.0,0.0
2022-01-22,2021-22,SerieA,Lazio,Atalanta,7,3,0,2,-0.15,22,6,2,1,2,-0.05,21,1.0,0.5
2022-01-22,2021-22,EPL,Man United,West Ham,3,3,1,2,-0.75,21,6,2,1,2,0.15,22,-3.0,1.0
2022-01-22,2021-22,LaLiga,Levante,Cadiz,14,2,0,0,0.5,20,4,3,1,2,-0.7,21,10.0,0.0
2022-01-22,2021-22,EPL,Southampton,Man City,7,2,0,2,0.0,21,7,1,0,1,0.0,22,0.0,0.5
2022-01-22,2021-22,Bundesliga,Freiburg,Stuttgart,8,2,0,1,0.05,19,7,2,0,1,-0.05,19,1.0,1.0
2022-01-23,2021-22,LaLiga,Alaves,Barcelona,5,2,1,1,-0.5,21,15,1,0,0,0.5,20,-10.0,0.0
2022-01-23,2021-22,LaLiga,Sociedad,Getafe,15,1,0,0,0.5,20,3,2,1,1,-0.9,21,10.0,0.5
2022-01-23,2021-22,LaLiga,Vallecano,Ath Bilbao,14,1,0,0,0.0,20,14,2,0,0,0.0,21,0.0,0.0
2022-01-23,2021-22,Ligue1,Angers,Troyes,7,1,0,1,0.15,20,4,2,1,2,-0.15,21,3.0,1.0
2022-01-23,2021-22,Ligue1,Metz,Nice,7,2,0,1,-0.1,21,9,2,0,1,0.1,21,-2.0,0.0
2022-01-23,2021-22,Bundesliga,Hertha,Bayern Munich,8,2,0,1,0.0,19,8,2,0,1,0.0,19,0.0,0.0
2022-01-23,2021-22,EPL,Chelsea,Tottenham,5,2,1,2,0.05,23,4,1,1,1,-0.05,19,1.0,1.0
2022-01-23,2021-22,EPL,Leicester,Brighton,4,1,1,1,-0.05,19,5,2,1,2,0.05,21,-1.0,0.5
2022-01-23,2021-22,EPL,Crystal Palace,Liverpool,9,1,0,1,0.1,21,7,1,0,1,-0.1,21,2.0,0.0
2022-01-23,2021-22,SerieA,Milan,Juventus,6,3,1,1,-0.3,22,8,3,0,1,-0.1,22,-2.0,0.5
2022-01-23,2021-22,SerieA,Empoli,Roma,7,3,0,1,-0.2,22,7,3,0,1,-0.2,22,0.0,0.0
2022-01-23,2021-22,SerieA,Torino,Sassuolo,8,2,0,2,0.05,21,7,3,0,1,-0.25,22,1.0,0.5
2022-01-23,2021-22,SerieA,Spezia,Sampdoria,6,3,1,1,-0.3,22,8,3,0,1,-0.1,22,-2.0,1.0
2022-01-23,2021-22,SerieA,Napoli,Salernitana,6,3,1,1,-0.3,22,8,2,0,1,0.1,20,-2.0,1.0
2022-01-23,2021-22,SerieA,Cagliari,Fiorentina,7,3,0,2,-0.15,22,6,2,1,2,-0.05,21,1.0,0.5
2022-01-23,2021-22,LaLiga,Real Madrid,Elche,15,1,0,0,0.4,21,7,2,0,2,-0.4,21,8.0,0.5
2022-01-23,2021-22,Ligue1,Clermont,Rennes,4,3,1,2,-0.35,21,7,2,0,1,0.15,21,-3.0,1.0
2022-01-23,2021-22,Ligue1,Nantes,Lorient,9,2,0,1,0.25,21,4,2,1,2,-0.25,21,5.0,1.0
2022-01-23,2021-22,Ligue1,Montpellier,Monaco,4,2,1,2,-0.15,21,7,2,0,1,0.15,21,-3.0,1.0
2022-01-23,2021-22,Ligue1,Paris SG,Reims,8,2,0,1,0.05,21,7,2,0,1,-0.05,21,1.0,1.0
2022-01-23,2021-22,EPL,Arsenal,Burnley,22,0,0,0,0.05,20,21,0,0,0,-0.05,17,1.0,0.5
2022-01-23,2021-22,Bundesliga,RB Leipzig,Wolfsburg,8,2,0,1,0.0,19,8,2,0,1,0.0,19,0.0,1.0
2022-01-23,2021-22,Ligue1,Bordeaux,Strasbourg,7,2,0,1,0.15,21,4,3,1,2,-0.35,21,3.0,1.0
2022-01-23,2021-22,LaLiga,Granada,Osasuna,3,2,1,1,-0.45,21,4,3,1,1,-0.15,21,-1.0,0.0
2022-01-26,2021-22,Ligue1,Angers,St Etienne,3,2,1,2,-0.5,21,5,2,1,2,0.1,21,-2.0,0.0
2022-02-01,2021-22,Ligue1,Lyon,Marseille,11,2,0,1,0.05,21,10,2,0,1,-0.05,21,1.0,1.0
2022-02-04,2021-22,Bundesliga,Hertha,Bochum,12,2,0,1,-0.05,20,13,2,0,1,0.05,20,-1.0,0.5
2022-02-04,2021-22,LaLiga,Getafe,Levante,12,2,0,1,-0.05,22,13,1,0,1,0.05,21,-1.0,1.0
2022-02-04,2021-22,Ligue1,Marseille,Angers,3,3,1,2,-0.9,22,9,3,0,2,0.1,22,-6.0,1.0
2022-02-05,2021-22,Ligue1,Monaco,Lyon,13,2,0,1,0.45,22,4,3,1,1,-0.65,22,9.0,1.0
2022-02-05,2021-22,LaLiga,Mallorca,Cadiz,14,1,0,0,0.0,21,14,2,0,0,0.0,22,0.0,1.0
2022-02-05,2021-22,SerieA,Fiorentina,Lazio,13,2,0,1,-0.05,22,14,1,0,0,0.05,23,-1.0,0.0
2022-02-05,2021-22,SerieA,Inter,Milan,14,2,0,0,0.05,22,13,2,0,1,-0.05,23,1.0,0.0
2022-02-05,2021-22,SerieA,Roma,Genoa,13,2,0,1,-0.05,23,14,2,0,0,0.05,23,-1.0,0.5
2022-02-05,2021-22,Ligue1,St Etienne,Montpellier,10,2,0,1,-0.15,22,13,3,0,1,-0.05,22,-3.0,1.0
2022-02-05,2021-22,EPL,Burnley,Watford,13,1,0,1,-0.1,18,15,1,0,0,0.1,20,-2.0,0.5
2022-02-05,2021-22,Bundesliga,Augsburg,Union Berlin,14,2,0,0,0.0,20,14,1,0,0,0.0,20,0.0,1.0
2022-02-05,2021-22,Bundesliga,Bielefeld,M'gladbach,15,2,0,0,0.05,20,14,1,0,0,-0.05,20,1.0,0.5
2022-02-05,2021-22,Bundesliga,FC Koln,Freiburg,14,1,0,0,0.0,20,14,1,0,0,0.0,20,0.0,1.0
2022-02-05,2021-22,Bundesliga,Mainz,Hoffenheim,14,1,0,0,0.0,20,14,1,0,0,0.0,20,0.0,1.0
2022-02-05,2021-22,Bundesliga,Stuttgart,Ein Frankfurt,14,1,0,0,-0.05,20,15,2,0,0,0.05,20,-1.0,0.0
2022-02-05,2021-22,Bundesliga,Bayern Munich,RB Leipzig,13,1,0,1,0.0,20,13,1,0,1,0.0,20,0.0,1.0
2022-02-05,2021-22,LaLiga,Osasuna,Sevilla,13,2,0,1,-0.05,22,14,2,0,0,0.05,22,-1.0,0.5
2022-02-05,2021-22,LaLiga,Celta,Vallecano,14,2,0,0,0.05,22,13,1,0,1,-0.05,21,1.0,1.0
2022-02-05,2021-22,LaLiga,Elche,Alaves,13,2,0,1,0.0,22,13,2,0,1,0.0,22,0.0,1.0
2022-02-06,2021-22,Bundesliga,Dortmund,Leverkusen,15,1,0,0,0.0,20,15,1,0,0,0.0,20,0.0,0.0
2022-02-06,2021-22,Bundesliga,Wolfsburg,Greuther Furth,14,1,0,0,-0.05,20,15,1,0,0,0.05,20,-1.0,1.0
2022-02-06,2021-22,SerieA,Juventus,Verona,14,1,0,0,-0.1,23,16,1,0,0,0.1,23,-2.0,1.0
2022-02-06,2021-22,SerieA,Udinese,Torino,15,1,0,0,0.05,21,14,1,0,0,-0.05,22,1.0,1.0
2022-02-06,2021-22,Ligue1,Strasbourg,Nantes,14,2,0,0,0.0,22,14,1,0,0,0.0,22,0.0,1.0
2022-02-06,2021-22,Ligue1,Reims,Bordeaux,14,1,0,0,0.0,22,14,1,0,0,0.0,22,0.0,1.0
2022-02-06,2021-22,Ligue1,Nice,Clermont,14,1,0,0,0.0,22,14,2,0,0,0.0,22,0.0,0.0
2022-02-06,2021-22,Ligue1,Lorient,Lens,14,2,0,0,-0.05,22,15,1,0,0,0.05,22,-1.0,1.0
2022-02-06,2021-22,Ligue1,Lille,Paris SG,15,2,0,0,0.05,22,14,1,0,0,-0.05,22,1.0,0.0
2022-02-06,2021-22,LaLiga,Valencia,Sociedad,15,2,0,0,0.05,22,14,1,0,0,-0.05,21,1.0,0.5
2022-02-06,2021-22,Ligue1,Rennes,Brest,14,1,0,0,-0.05,22,15,1,0,0,0.05,22,-1.0,1.0
2022-02-06,2021-22,LaLiga,Betis,Villarreal,16,2,0,0,0.05,22,15,1,0,0,-0.05,22,1.0,0.0
2022-02-06,2021-22,LaLiga,Barcelona,Ath Madrid,14,1,0,0,-0.05,21,15,1,0,0,0.05,21,-1.0,1.0
2022-02-06,2021-22,SerieA,Atalanta,Cagliari,15,1,0,0,0.05,22,14,1,0,0,-0.05,23,1.0,0.0
2022-02-06,2021-22,SerieA,Bologna,Empoli,16,2,0,0,0.1,22,14,1,0,0,-0.1,23,2.0,0.5
2022-02-06,2021-22,SerieA,Sampdoria,Sassuolo,14,1,0,0,0.0,23,14,1,0,0,0.0,23,0.0,1.0
2022-02-06,2021-22,SerieA,Venezia,Napoli,15,1,0,0,0.05,22,14,2,0,0,-0.05,23,1.0,0.0
2022-02-06,2021-22,LaLiga,Real Madrid,Granada,14,1,0,0,0.0,22,14,2,0,0,0.0,22,0.0,1.0
2022-02-06,2021-22,Ligue1,Troyes,Metz,14,2,0,0,0.0,22,14,1,0,0,0.0,22,0.0,0.5
2022-02-07,2021-22,SerieA,Salernitana,Spezia,15,1,0,0,0.0,21,15,1,0,0,0.0,23,0.0,0.5
2022-02-07,2021-22,LaLiga,Ath Bilbao,Espanol,15,1,0,0,-0.1,22,17,2,0,0,0.1,22,-2.0,1.0
2022-02-08,2021-22,EPL,Newcastle,Everton,17,1,0,0,0.0,21,17,1,0,0,0.0,20,0.0,1.0
2022-02-08,2021-22,EPL,West Ham,Watford,17,1,0,0,0.5,23,3,2,1,1,-0.9,21,10.0,1.0
2022-02-08,2021-22,EPL,Burnley,Man United,3,2,1,1,-0.9,19,17,2,0,0,0.5,22,-10.0,0.5
2022-02-09,2021-22,EPL,Man City,Brentford,18,1,0,0,0.0,23,18,1,0,0,0.0,23,0.0,1.0
2022-02-09,2021-22,EPL,Norwich,Crystal Palace,19,1,0,0,0.1,22,17,1,0,0,-0.1,22,2.0,0.5
2022-02-09,2021-22,EPL,Tottenham,Southampton,17,1,0,0,-0.05,20,18,1,0,0,0.05,22,-1.0,0.0
2022-02-09,2021-22,EPL,Aston Villa,Leeds,18,1,0,0,0.0,21,18,1,0,0,0.0,21,0.0,0.5
2022-02-10,2021-22,EPL,Liverpool,Leicester,18,1,0,0,0.0,22,18,1,0,0,0.0,20,0.0,1.0
2022-02-10,2021-22,EPL,Wolves,Arsenal,19,1,0,0,0.05,21,18,1,0,0,-0.05,21,1.0,0.0
2022-02-11,2021-22,Ligue1,Paris SG,Rennes,5,2,1,1,0.0,23,5,2,1,1,0.0,23,0.0,1.0
2022-02-11,2021-22,Bundesliga,RB Leipzig,FC Koln,6,2,1,1,0.0,21,6,2,1,1,0.0,21,0.0,1.0
2022-02-11,2021-22,LaLiga,Sevilla,Elche,6,2,1,1,0.0,23,6,2,1,1,0.0,23,0.0,1.0
2022-02-12,2021-22,EPL,Man United,Southampton,4,1,1,1,0.05,23,3,1,1,1,-0.45,23,1.0,0.5
2022-02-12,2021-22,EPL,Brentford,Crystal Palace,3,1,1,1,-0.4,24,3,2,1,1,-0.4,23,0.0,0.5
2022-02-12,2021-22,EPL,Everton,Leeds,4,1,1,1,0.05,21,3,1,1,1,-0.45,22,1.0,1.0
2022-02-12,2021-22,EPL,Watford,Brighton,4,2,1,2,-0.5,22,20,1,0,0,0.5,22,-10.0,0.0
2022-02-12,2021-22,LaLiga,Cadiz,Celta,7,1,0,1,0.0,23,7,1,0,1,0.0,23,0.0,0.5
2022-02-12,2021-22,LaLiga,Villarreal,Real Madrid,6,1,1,1,0.0,23,6,2,1,1,0.0,23,0.0,0.5
2022-02-12,2021-22,LaLiga,Vallecano,Osasuna,7,2,0,1,0.0,22,7,2,0,1,0.0,23,0.0,0.0
2022-02-12,2021-22,LaLiga,Ath Madrid,Getafe,6,1,1,1,-0.1,22,8,2,0,1,0.1,23,-2.0,1.0
2022-02-12,2021-22,Bundesliga,Leverkusen,Stuttgart,6,1,1,1,-0.05,21,7,1,0,1,0.05,21,-1.0,1.0
2022-02-12,2021-22,Bundesliga,Bochum,Bayern Munich,8,1,0,1,0.05,21,7,2,0,1,-0.05,21,1.0,1.0
2022-02-12,2021-22,Ligue1,Lyon,Nice,7,2,0,2,0.05,23,6,2,1,1,-0.05,23,1.0,1.0
2022-02-12,2021-22,SerieA,Lazio,Bologna,7,1,0,1,0.05,24,6,1,1,1,-0.05,23,1.0,1.0
2022-02-12,2021-22,SerieA,Napoli,Inter,6,2,1,1,-0.05,24,7,1,0,1,0.05,23,-1.0,0.5
2022-02-12,2021-22,SerieA,Torino,Venezia,6,2,1,1,0.0,23,6,1,1,1,0.0,23,0.0,0.0
2022-02-12,2021-22,EPL,Norwich,Man City,3,1,1,1,-0.4,23,3,1,1,1,-0.4,24,0.0,0.0
2022-02-12,2021-22,Bundesliga,M'gladbach,Augsburg,7,1,0,1,0.0,21,7,1,0,1,0.0,21,0.0,1.0
2022-02-12,2021-22,Bundesliga,Greuther Furth,Hertha,6,1,1,1,-0.1,21,8,2,0,1,0.1,21,-2.0,1.0
2022-02-12,2021-22,Bundesliga,Freiburg,Mainz,7,1,0,1,0.0,21,7,1,0,1,0.0,21,0.0,0.5
2022-02-12,2021-22,Bundesliga,Ein Frankfurt,Wolfsburg,7,1,0,1,0.05,21,6,2,1,1,-0.05,21,1.0,0.0
2022-02-12,2021-22,Ligue1,Montpellier,Lille,7,2,0,1,0.05,23,6,1,1,1,-0.05,23,1.0,0.0
2022-02-13,2021-22,SerieA,Milan,Sampdoria,8,1,0,1,0.05,24,7,1,0,1,-0.05,24,1.0,1.0
2022-02-13,2021-22,SerieA,Empoli,Cagliari,7,1,0,1,0.0,24,7,1,0,1,0.0,24,0.0,0.5
2022-02-13,2021-22,SerieA,Genoa,Salernitana,8,1,0,1,0.1,24,6,1,1,1,-0.1,22,2.0,0.5
2022-02-13,2021-22,LaLiga,Levante,Betis,9,1,0,1,0.1,22,7,1,0,1,-0.1,23,2.0,0.0
2022-02-13,2021-22,SerieA,Sassuolo,Roma,7,1,0,1,-0.05,24,8,1,0,1,0.05,24,-1.0,0.5
2022-02-13,2021-22,LaLiga,Alaves,Valencia,8,1,0,1,0.05,23,7,1,0,1,-0.05,23,1.0,1.0
2022-02-13,2021-22,SerieA,Atalanta,Juventus,7,1,0,1,0.0,23,7,1,0,1,0.0,24,0.0,0.5
2022-02-13,2021-22,Bundesliga,Union Berlin,Dortmund,8,1,0,1,0.05,21,7,1,0,1,-0.05,21,1.0,0.0
2022-02-13,2021-22,Bundesliga,Hoffenheim,Bielefeld,8,1,0,1,0.0,21,8,1,0,1,0.0,21,0.0,1.0
2022-02-13,2021-22,LaLiga,Espanol,Barcelona,6,1,1,1,-0.05,23,7,1,0,1,0.05,22,-1.0,0.5
2022-02-13,2021-22,LaLiga,Sociedad,Granada,7,1,0,1,0.0,22,7,1,0,1,0.0,23,0.0,1.0
2022-02-13,2021-22,SerieA,Verona,Udinese,7,1,0,1,0.0,24,7,1,0,1,0.0,22,0.0,1.0
2022-02-13,2021-22,EPL,Burnley,Liverpool,5,2,1,2,0.1,20,3,1,1,1,-0.5,23,2.0,0.0
2022-02-13,2021-22,Ligue1,Lens,Bordeaux,7,1,0,1,0.0,23,7,1,0,1,0.0,23,0.0,1.0
2022-02-13,2021-22,EPL,Tottenham,Wolves,4,1,1,1,0.05,21,3,1,1,1,-0.45,22,1.0,0.0
2022-02-13,2021-22,Ligue1,Metz,Marseille,7,1,0,1,-0.1,23,9,2,0,2,0.1,23,-2.0,0.0
2022-02-13,2021-22,Ligue1,Nantes,Reims,7,1,0,1,0.0,23,7,1,0,1,0.0,23,0.0,1.0
2022-02-13,2021-22,Ligue1,Clermont,St Etienne,7,1,0,1,-0.05,23,8,2,0,1,0.05,23,-1.0,0.0
2022-02-13,2021-22,Ligue1,Brest,Troyes,7,1,0,1,0.0,23,7,1,0,1,0.0,23,0.0,1.0
2022-02-13,2021-22,Ligue1,Monaco,Lorient,8,1,0,1,0.05,23,7,1,0,1,-0.05,23,1.0,0.5
2022-02-13,2021-22,Ligue1,Angers,Strasbourg,9,2,0,1,0.1,23,7,1,0,1,-0.1,23,2.0,0.0
2022-02-13,2021-22,EPL,Newcastle,Aston Villa,5,1,1,1,0.05,22,4,1,1,1,-0.05,22,1.0,1.0
2022-02-13,2021-22,EPL,Leicester,West Ham,3,1,1,1,-0.5,21,5,1,1,1,0.1,24,-2.0,0.5
2022-02-14,2021-22,LaLiga,Mallorca,Ath Bilbao,9,1,0,1,0.1,22,7,1,0,1,-0.1,23,2.0,1.0
2022-02-14,2021-22,SerieA,Spezia,Fiorentina,7,1,0,1,-0.1,24,9,1,0,1,0.1,23,-2.0,0.0
2022-02-15,2021-22,EPL,Man United,Brighton,3,2,1,2,-0.4,24,3,1,1,1,-0.4,23,0.0,1.0
2022-02-16,2021-22,LaLiga,Ath Madrid,Levante,4,2,1,2,0.05,23,3,2,1,2,-0.45,23,1.0,0.0
2022-02-18,2021-22,LaLiga,Elche,Vallecano,7,2,0,2,0.05,24,6,2,1,2,-0.05,23,1.0,1.0
2022-02-18,2021-22,Ligue1,Lille,Metz,6,2,1,2,0.05,24,5,2,1,2,-0.05,24,1.0,0.5
2022-02-18,2021-22,Bundesliga,Mainz,Leverkusen,6,2,1,2,0.0,22,6,2,1,2,0.0,22,0.0,1.0
2022-02-18,2021-22,SerieA,Juventus,Torino,5,2,1,2,-0.05,25,6,2,1,2,0.05,24,-1.0,0.5
2022-02-19,2021-22,LaLiga,Granada,Villarreal,6,2,1,2,-0.05,24,7,2,0,2,0.05,24,-1.0,0.0
2022-02-19,2021-22,Bundesliga,Augsburg,Freiburg,7,2,0,1,0.0,22,7,2,0,1,0.0,22,0.0,0.0
2022-02-19,2021-22,Bundesliga,Bielefeld,Union Berlin,6,2,1,1,0.0,22,6,2,1,1,0.0,22,0.0,1.0
2022-02-19,2021-22,Bundesliga,FC Koln,Ein Frankfurt,8,2,0,1,0.05,22,7,2,0,1,-0.05,22,1.0,1.0
2022-02-19,2021-22,Bundesliga,Stuttgart,Bochum,7,2,0,1,0.0,22,7,2,0,1,0.0,22,0.0,0.5
2022-02-19,2021-22,Bundesliga,Wolfsburg,Hoffenheim,7,2,0,2,0.05,22,6,2,1,1,-0.05,22,1.0,0.0
2022-02-19,2021-22,LaLiga,Osasuna,Ath Madrid,7,2,0,1,0.2,24,3,3,1,3,-0.8,24,4.0,0.0
2022-02-19,2021-22,LaLiga,Cadiz,Getafe,7,2,0,1,0.0,24,7,2,0,1,0.0,24,0.0,0.5
2022-02-19,2021-22,Ligue1,Nantes,Paris SG,6,2,1,2,-0.1,24,8,2,0,2,0.1,24,-2.0,1.0
2022-02-19,2021-22,Ligue1,Lens,Lyon,6,2,1,2,-0.05,24,7,3,0,1,-0.15,24,-1.0,0.5
2022-02-19,2021-22,EPL,Brighton,Burnley,4,2,1,2,-0.1,24,6,3,1,2,-0.1,21,-2.0,0.0
2022-02-19,2021-22,EPL,West Ham,Newcastle,6,2,1,2,0.0,25,6,2,1,2,0.0,23,0.0,0.5
2022-02-19,2021-22,EPL,Arsenal,Brentford,9,1,0,1,0.1,22,7,2,0,2,-0.1,25,2.0,1.0
2022-02-19,2021-22,SerieA,Sampdoria,Empoli,6,2,1,2,0.0,25,6,2,1,2,0.0,25,0.0,1.0
2022-02-19,2021-22,SerieA,Roma,Verona,6,2,1,1,0.0,25,6,2,1,2,0.0,25,0.0,0.5
2022-02-19,2021-22,SerieA,Salernitana,Milan,6,2,1,2,0.0,23,6,2,1,1,0.0,25,0.0,0.5
2022-02-19,2021-22,EPL,Man City,Tottenham,7,2,0,2,0.05,25,6,2,1,2,-0.05,22,1.0,0.0
2022-02-19,2021-22,EPL,Southampton,Everton,7,2,0,2,0.0,24,7,2,0,2,0.0,22,0.0,1.0
2022-02-19,2021-22,EPL,Liverpool,Norwich,6,2,1,2,-0.05,24,7,2,0,2,0.05,24,-1.0,1.0
2022-02-19,2021-22,EPL,Crystal Palace,Chelsea,7,2,0,2,-0.5,24,27,0,0,0,0.5,24,-10.0,0.0
2022-02-19,2021-22,LaLiga,Real Madrid,Alaves,7,2,0,2,0.05,24,6,2,1,1,-0.05,24,1.0,1.0
2022-02-19,2021-22,EPL,Aston Villa,Watford,6,2,1,2,-0.05,23,7,3,0,2,-0.15,23,-1.0,0.0
2022-02-20,2021-22,LaLiga,Betis,Mallorca,7,2,0,1,0.05,24,6,2,1,1,-0.05,23,1.0,1.0
2022-02-20,2021-22,LaLiga,Ath Bilbao,Sociedad,6,2,1,2,-0.05,24,7,2,0,1,0.05,23,-1.0,1.0
2022-02-20,2021-22,Ligue1,Marseille,Clermont,7,3,0,1,-0.2,24,7,2,0,1,0.0,24,0.0,0.0
2022-02-20,2021-22,Ligue1,Bordeaux,Monaco,7,2,0,1,0.0,24,7,2,0,1,0.0,24,0.0,0.5
2022-02-20,2021-22,SerieA,Fiorentina,Atalanta,6,2,1,1,-0.05,24,7,2,0,1,0.05,24,-1.0,1.0
2022-02-20,2021-22,Ligue1,Rennes,Troyes,9,2,0,1,0.1,24,7,2,0,1,-0.1,24,2.0,1.0
2022-02-20,2021-22,Ligue1,Reims,Brest,7,2,0,1,0.0,24,7,2,0,1,0.0,24,0.0,0.5
2022-02-20,2021-22,SerieA,Udinese,Lazio,7,2,0,1,-0.05,23,8,2,0,1,0.05,25,-1.0,0.5
2022-02-20,2021-22,Ligue1,Lorient,Montpellier,7,2,0,1,-0.05,24,8,2,0,1,0.05,24,-1.0,0.0
2022-02-20,2021-22,Ligue1,Nice,Angers,8,2,0,1,0.05,24,7,2,0,1,-0.05,24,1.0,1.0
2022-02-20,2021-22,Ligue1,St Etienne,Strasbourg,7,2,0,1,0.0,24,7,2,0,1,0.0,24,0.0,0.5
2022-02-20,2021-22,LaLiga,Valencia,Barcelona,7,2,0,1,0.0,24,7,2,0,1,0.0,23,0.0,0.0
2022-02-20,2021-22,SerieA,Inter,Sassuolo,8,2,0,1,0.05,24,7,2,0,1,-0.05,25,1.0,0.0
2022-02-20,2021-22,SerieA,Venezia,Genoa,8,2,0,1,0.05,24,7,2,0,1,-0.05,25,1.0,0.5
2022-02-20,2021-22,EPL,Leeds,Man United,8,2,0,2,0.15,23,5,3,1,3,-0.35,25,3.0,0.0
2022-02-20,2021-22,EPL,Wolves,Leicester,7,2,0,2,0.0,23,7,2,0,2,0.0,22,0.0,1.0
2022-02-20,2021-22,LaLiga,Espanol,Sevilla,7,2,0,2,-0.1,24,9,2,0,1,0.1,24,-2.0,0.5
2022-02-20,2021-22,Bundesliga,Hertha,RB Leipzig,8,2,0,1,-0.05,22,9,2,0,1,0.05,22,-1.0,0.0
2022-02-20,2021-22,Bundesliga,Dortmund,M'gladbach,7,2,0,1,-0.05,22,8,2,0,1,0.05,22,-1.0,1.0
2022-02-20,2021-22,Bundesliga,Bayern Munich,Greuther Furth,8,2,0,1,0.0,22,8,2,0,1,0.0,22,0.0,1.0
2022-02-21,2021-22,LaLiga,Celta,Levante,9,2,0,1,0.2,24,5,3,1,2,-0.4,24,4.0,0.5
2022-02-21,2021-22,SerieA,Bologna,Spezia,9,2,0,1,0.1,24,7,2,0,1,-0.1,25,2.0,1.0
2022-02-21,2021-22,SerieA,Cagliari,Napoli,8,2,0,1,-0.05,25,9,2,0,1,0.05,25,-1.0,0.5
2022-02-23,2021-22,EPL,Liverpool,Leeds,4,3,1,3,-0.15,25,3,3,1,2,-0.65,24,1.0,1.0
2022-02-23,2021-22,EPL,Burnley,Tottenham,4,4,1,2,-0.4,22,4,3,1,2,-0.2,23,0.0,1.0
2022-02-23,2021-22,EPL,Watford,Crystal Palace,4,4,1,2,-0.4,24,4,3,1,2,-0.2,25,0.0,0.0
2022-02-24,2021-22,EPL,Arsenal,Wolves,5,2,1,1,0.05,23,4,3,1,2,-0.25,24,1.0,1.0
2022-02-25,2021-22,Bundesliga,Hoffenheim,Stuttgart,6,3,1,2,-0.2,23,6,3,1,2,-0.2,23,0.0,1.0
2022-02-25,2021-22,SerieA,Milan,Udinese,6,3,1,2,-0.15,26,5,3,1,2,-0.25,24,1.0,0.5
2022-02-25,2021-22,SerieA,Genoa,Inter,5,3,1,2,-0.2,26,5,3,1,2,-0.2,25,0.0,0.5
2022-02-25,2021-22,LaLiga,Levante,Elche,4,3,1,3,-0.35,25,7,3,0,1,-0.05,25,-3.0,1.0
2022-02-25,2021-22,Ligue1,Montpellier,Rennes,5,3,1,2,-0.2,25,5,3,1,1,-0.2,25,0.0,0.0
2022-02-25,2021-22,EPL,Southampton,Norwich,6,3,1,2,-0.2,25,6,3,1,2,-0.2,25,0.0,1.0
2022-02-26,2021-22,Bundesliga,M'gladbach,Wolfsburg,6,2,1,1,-0.05,23,7,3,0,1,-0.15,23,-1.0,0.5
2022-02-26,2021-22,EPL,Brentford,Newcastle,7,3,0,1,-0.2,26,7,3,0,2,-0.2,24,0.0,0.0
2022-02-26,2021-22,EPL,Brighton,Aston Villa,7,3,0,2,-0.2,25,7,3,0,2,-0.2,24,0.0,0.0
2022-02-26,2021-22,EPL,Everton,Man City,7,3,0,1,-0.2,23,7,3,0,1,-0.2,26,0.0,0.0
2022-02-26,2021-22,Bundesliga,Freiburg,Hertha,7,2,0,1,0.05,23,6,2,1,1,-0.05,23,1.0,1.0
2022-02-26,2021-22,Bundesliga,Greuther Furth,FC Koln,6,3,1,1,-0.25,23,7,2,0,1,0.05,23,-1.0,0.5
2022-02-26,2021-22,Ligue1,Strasbourg,Nice,6,3,1,2,-0.2,25,6,3,1,1,-0.2,25,0.0,0.5
2022-02-26,2021-22,Ligue1,Paris SG,St Etienne,7,3,0,1,-0.15,25,6,2,1,2,-0.05,25,1.0,1.0
2022-02-26,2021-22,Bundesliga,Ein Frankfurt,Bayern Munich,7,2,0,1,0.05,23,6,2,1,1,-0.05,23,1.0,0.0
2022-02-26,2021-22,Bundesliga,Union Berlin,Mainz,7,2,0,2,-0.05,23,8,2,0,1,0.05,23,-1.0,1.0
2022-02-26,2021-22,Bundesliga,Leverkusen,Bielefeld,8,3,0,1,-0.15,23,7,2,0,2,-0.05,23,1.0,1.0
2022-02-26,2021-22,EPL,Leeds,Tottenham,3,4,2,2,-0.8,25,3,4,1,3,-0.8,24,0.0,0.0
2022-02-26,2021-22,EPL,Crystal Palace,Burnley,3,4,1,2,-0.8,26,3,4,1,3,-0.8,23,0.0,0.5
2022-02-26,2021-22,EPL,Man United,Watford,6,4,1,2,-0.25,26,3,4,1,2,-0.95,25,3.0,0.5
2022-02-26,2021-22,LaLiga,Vallecano,Real Madrid,8,2,0,1,0.05,24,7,3,0,1,-0.25,25,1.0,0.0
2022-02-26,2021-22,SerieA,Salernitana,Bologna,7,3,0,2,-0.1,24,5,3,1,1,-0.3,25,2.0,0.5
2022-02-26,2021-22,SerieA,Empoli,Juventus,7,3,0,2,-0.25,26,8,3,0,2,-0.15,26,-1.0,0.0
2022-02-26,2021-22,SerieA,Sassuolo,Fiorentina,6,3,1,2,-0.2,26,6,2,1,2,0.0,25,0.0,1.0
2022-02-26,2021-22,LaLiga,Mallorca,Valencia,6,2,1,2,0.0,24,6,3,1,2,-0.2,25,0.0,0.0
2022-02-26,2021-22,LaLiga,Ath Madrid,Celta,7,4,0,2,-0.3,25,5,2,1,1,-0.1,25,2.0,1.0
2022-02-26,2021-22,LaLiga,Getafe,Alaves,7,2,0,1,0.0,25,7,2,0,2,0.0,25,0.0,0.5
2022-02-27,2021-22,LaLiga,Villarreal,Espanol,8,2,0,1,0.05,25,7,3,0,1,-0.25,25,1.0,1.0
2022-02-27,2021-22,EPL,West Ham,Wolves,8,3,0,1,0.05,26,3,4,1,2,-1.05,25,5.0,1.0
2022-02-27,2021-22,LaLiga,Sociedad,Osasuna,7,2,0,1,-0.05,24,8,2,0,1,0.05,25,-1.0,1.0
2022-02-27,2021-22,Ligue1,Brest,Lorient,7,2,0,1,0.0,25,7,2,0,1,0.0,25,0.0,0.0
2022-02-27,2021-22,Bundesliga,Bochum,RB Leipzig,8,2,0,1,0.05,23,7,2,0,1,-0.05,23,1.0,0.0
2022-02-27,2021-22,Ligue1,Angers,Lens,7,2,0,1,-0.05,25,8,2,0,1,0.05,25,-1.0,0.0
2022-02-27,2021-22,Ligue1,Monaco,Reims,7,2,0,1,0.0,25,7,2,0,1,0.0,25,0.0,0.0
2022-02-27,2021-22,Ligue1,Clermont,Bordeaux,7,2,0,1,0.0,25,7,2,0,1,0.0,25,0.0,0.5
2022-02-27,2021-22,LaLiga,Barcelona,Ath Bilbao,7,2,0,1,0.0,24,7,3,0,2,-0.2,25,0.0,1.0
2022-02-27,2021-22,Bundesliga,Augsburg,Dortmund,8,2,0,1,0.05,23,7,2,0,1,-0.05,23,1.0,0.5
2022-02-27,2021-22,LaLiga,Sevilla,Betis,7,2,0,1,0.0,25,7,2,0,1,0.0,25,0.0,1.0
2022-02-27,2021-22,Ligue1,Lyon,Lille,8,2,0,1,-0.05,25,9,2,0,1,0.05,25,-1.0,0.0
2022-02-27,2021-22,Ligue1,Troyes,Marseille,7,2,0,1,0.0,25,7,2,0,1,0.0,25,0.0,0.5
2022-02-27,2021-22,Ligue1,Metz,Nantes,9,2,0,1,0.05,25,8,2,0,1,-0.05,25,1.0,0.5
2022-02-27,2021-22,SerieA,Torino,Cagliari,9,2,0,1,0.15,25,6,2,1,1,-0.15,26,3.0,0.0
2022-02-27,2021-22,SerieA,Verona,Venezia,8,2,0,1,0.05,26,7,2,0,1,-0.05,25,1.0,1.0
2022-02-27,2021-22,SerieA,Spezia,Roma,6,3,1,2,-0.3,26,8,2,0,1,0.1,26,-2.0,0.0
2022-02-27,2021-22,SerieA,Lazio,Napoli,7,2,0,1,0.05,26,6,2,1,1,-0.05,26,1.0,0.0
2022-02-28,2021-22,LaLiga,Granada,Cadiz,9,2,0,1,0.0,25,9,2,0,1,0.0,25,0.0,0.5
2022-02-28,2021-22,SerieA,Atalanta,Sampdoria,8,2,0,1,-0.05,25,9,2,0,1,0.05,26,-1.0,1.0
2022-03-01,2021-22,EPL,Burnley,Leicester,3,4,2,3,-1.1,24,9,3,0,1,0.1,23,-6.0,0.0
2022-03-02,2021-22,LaLiga,Mallorca,Sociedad,4,3,1,2,-0.15,25,3,3,1,2,-0.65,25,1.0,0.0
2022-03-04,2021-22,Ligue1,Lorient,Lyon,5,3,1,2,-0.2,26,5,3,1,2,-0.2,26,0.0,0.0
2022-03-04,2021-22,Bundesliga,Bielefeld,Augsburg,6,3,1,2,-0.15,24,5,3,1,2,-0.25,24,1.0,0.0
2022-03-04,2021-22,LaLiga,Alaves,Sevilla,6,3,1,2,-0.15,26,5,2,1,2,-0.05,26,1.0,0.5
2022-03-04,2021-22,SerieA,Inter,Salernitana,7,3,0,2,-0.15,26,6,3,1,2,-0.25,25,1.0,1.0
2022-03-05,2021-22,Ligue1,Lens,Brest,6,3,1,1,-0.2,26,6,3,1,2,-0.2,26,0.0,0.0
2022-03-05,2021-22,Ligue1,Nice,Paris SG,7,2,0,2,0.0,26,7,2,0,1,0.0,26,0.0,1.0
2022-03-05,2021-22,LaLiga,Espanol,Getafe,6,3,1,2,-0.25,26,7,2,0,1,0.05,26,-1.0,1.0
2022-03-05,2021-22,LaLiga,Osasuna,Villarreal,6,2,1,1,0.0,26,6,2,1,1,0.0,26,0.0,1.0
2022-03-05,2021-22,LaLiga,Valencia,Granada,7,3,0,2,-0.1,26,5,3,1,1,-0.3,26,2.0,1.0
2022-03-05,2021-22,LaLiga,Real Madrid,Sociedad,7,2,0,1,0.2,26,3,4,2,3,-1.0,26,4.0,1.0
2022-03-05,2021-22,SerieA,Cagliari,Lazio,6,3,1,2,-0.2,27,6,2,1,2,0.0,27,0.0,0.0
2022-03-05,2021-22,EPL,Aston Villa,Southampton,7,3,0,1,-0.25,25,8,2,0,1,0.05,26,-1.0,1.0
2022-03-05,2021-22,Bundesliga,Hertha,Ein Frankfurt,7,2,0,2,0.0,24,7,2,0,1,0.0,24,0.0,0.0
2022-03-05,2021-22,Bundesliga,RB Leipzig,Freiburg,6,2,1,2,-0.05,24,7,2,0,1,0.05,24,-1.0,0.5
2022-03-05,2021-22,Bundesliga,Bochum,Greuther Furth,6,2,1,1,-0.05,24,7,2,0,2,0.05,24,-1.0,1.0
2022-03-05,2021-22,Bundesliga,Bayern Munich,Leverkusen,7,2,0,2,0.0,24,7,2,0,1,0.0,24,0.0,0.5
2022-03-05,2021-22,Bundesliga,Wolfsburg,Union Berlin,7,2,0,1,0.0,24,7,3,0,1,-0.2,24,0.0,1.0
2022-03-05,2021-22,Bundesliga,Stuttgart,M'gladbach,8,2,0,1,0.05,24,7,2,0,2,-0.05,24,1.0,1.0
2022-03-05,2021-22,EPL,Wolves,Crystal Palace,6,4,1,3,-0.45,26,7,3,0,2,-0.15,27,-1.0,0.0
2022-03-05,2021-22,EPL,Liverpool,West Ham,10,3,0,1,0.0,26,6,3,1,1,-0.4,27,4.0,1.0
2022-03-05,2021-22,EPL,Norwich,Brentford,8,2,0,1,0.05,26,7,2,0,1,-0.05,27,1.0,0.0
2022-03-05,2021-22,EPL,Newcastle,Brighton,7,3,0,1,-0.2,25,7,3,0,1,-0.2,26,0.0,1.0
2022-03-05,2021-22,SerieA,Roma,Atalanta,6,3,1,1,-0.15,27,5,3,1,2,-0.25,26,1.0,1.0
2022-03-05,2021-22,SerieA,Udinese,Sampdoria,8,3,0,2,-0.05,25,5,3,1,1,-0.35,27,3.0,1.0
2022-03-05,2021-22,EPL,Burnley,Chelsea,4,5,1,3,-1.1,25,14,1,0,0,0.5,25,-10.0,0.0
2022-03-05,2021-22,EPL,Leicester,Leeds,4,3,1,2,-0.35,24,7,3,0,3,-0.05,26,-3.0,1.0
2022-03-06,2021-22,EPL,Watford,Arsenal,8,3,0,2,-0.3,26,10,2,0,1,0.1,24,-2.0,0.0
2022-03-06,2021-22,LaLiga,Cadiz,Vallecano,6,2,1,1,-0.1,26,8,2,0,1,0.1,25,-2.0,1.0
2022-03-06,2021-22,SerieA,Venezia,Sassuolo,7,2,0,1,-0.05,26,8,2,0,1,0.05,27,-1.0,0.0
2022-03-06,2021-22,Bundesliga,FC Koln,Hoffenheim,8,2,0,1,-0.05,24,9,2,0,1,0.05,24,-1.0,0.0
2022-03-06,2021-22,SerieA,Juventus,Spezia,8,2,0,1,0.05,27,7,3,0,2,-0.25,27,1.0,1.0
2022-03-06,2021-22,EPL,Man City,Man United,8,2,0,1,0.0,27,8,3,0,1,-0.2,27,0.0,1.0
2022-03-06,2021-22,LaLiga,Elche,Barcelona,9,2,0,1,0.1,26,7,2,0,1,-0.1,25,2.0,0.0
2022-03-06,2021-22,LaLiga,Betis,Ath Madrid,7,2,0,1,-0.05,26,8,3,0,1,-0.15,26,-1.0,0.0
2022-03-06,2021-22,SerieA,Genoa,Empoli,9,2,0,1,0.05,27,8,2,0,1,-0.05,27,1.0,0.5
2022-03-06,2021-22,SerieA,Bologna,Torino,8,2,0,2,0.05,26,7,2,0,1,-0.05,26,1.0,0.5
2022-03-06,2021-22,SerieA,Fiorentina,Verona,8,3,0,1,-0.15,26,7,2,0,1,-0.05,27,1.0,0.5
2022-03-06,2021-22,LaLiga,Celta,Mallorca,8,2,0,2,0.2,26,4,4,1,2,-0.6,26,4.0,1.0
2022-03-06,2021-22,Ligue1,Marseille,Monaco,7,2,0,1,0.0,26,7,2,0,1,0.0,26,0.0,0.0
2022-03-06,2021-22,Ligue1,Lille,Clermont,7,2,0,1,0.0,26,7,2,0,1,0.0,26,0.0,1.0
2022-03-06,2021-22,SerieA,Napoli,Milan,7,2,0,2,-0.1,27,9,2,0,1,0.1,27,-2.0,0.0
2022-03-06,2021-22,Ligue1,Reims,Strasbourg,7,2,0,1,-0.05,26,8,2,0,1,0.05,26,-1.0,0.5
2022-03-06,2021-22,Ligue1,Nantes,Montpellier,7,2,0,1,-0.1,26,9,2,0,1,0.1,26,-2.0,1.0
2022-03-06,2021-22,Ligue1,Bordeaux,Troyes,7,2,0,1,0.0,26,7,2,0,1,0.0,26,0.0,0.0
2022-03-06,2021-22,Ligue1,St Etienne,Metz,8,2,0,1,0.05,26,7,2,0,1,-0.05,26,1.0,1.0
2022-03-06,2021-22,Ligue1,Rennes,Angers,9,2,0,1,0.1,26,7,2,0,1,-0.1,26,2.0,1.0
2022-03-07,2021-22,LaLiga,Ath Bilbao,Levante,8,2,0,1,-0.1,26,10,3,0,1,-0.1,26,-2.0,1.0
2022-03-07,2021-22,EPL,Tottenham,Everton,9,3,0,2,-0.2,25,9,2,0,1,0.0,24,0.0,1.0
2022-03-10,2021-22,EPL,Norwich,Chelsea,5,3,1,2,-0.2,27,5,2,1,1,0.0,26,0.0,0.0
2022-03-10,2021-22,EPL,Southampton,Newcastle,5,3,1,2,-0.2,27,5,3,1,2,-0.2,26,0.0,0.0
2022-03-10,2021-22,EPL,Wolves,Watford,5,4,1,2,-0.35,27,4,4,1,2,-0.45,27,1.0,1.0
2022-03-10,2021-22,EPL,Leeds,Aston Villa,5,4,1,2,-0.4,27,5,3,1,2,-0.2,26,0.0,0.0
2022-03-11,2021-22,Ligue1,Lille,St Etienne,5,2,1,2,0.0,27,5,3,1,2,-0.2,27,0.0,0.5
2022-03-11,2021-22,LaLiga,Ath Madrid,Cadiz,5,3,1,2,-0.2,27,5,3,1,2,-0.2,27,0.0,1.0
2022-03-12,2021-22,SerieA,Salernitana,Sassuolo,8,2,0,1,0.1,26,6,3,1,1,-0.3,28,2.0,0.5
2022-03-12,2021-22,Ligue1,Troyes,Nantes,6,3,1,2,-0.2,27,6,2,1,2,0.0,27,0.0,1.0
2022-03-12,2021-22,SerieA,Spezia,Cagliari,6,3,1,2,-0.25,28,7,3,0,2,-0.15,28,-1.0,1.0
2022-03-12,2021-22,Bundesliga,M'gladbach,Hertha,7,3,0,1,-0.2,25,7,3,0,1,-0.2,25,0.0,1.0
2022-03-12,2021-22,EPL,Brighton,Liverpool,7,2,0,1,0.0,27,7,2,0,1,0.0,27,0.0,0.0
2022-03-12,2021-22,EPL,Brentford,Burnley,7,2,0,1,0.0,28,7,4,0,2,-0.4,26,0.0,1.0
2022-03-12,2021-22,EPL,Man United,Tottenham,6,3,1,1,-0.15,28,5,3,1,1,-0.25,26,1.0,1.0
2022-03-12,2021-22,Ligue1,Montpellier,Nice,6,3,1,1,-0.25,27,7,3,0,1,-0.15,27,-1.0,0.5
2022-03-12,2021-22,SerieA,Sampdoria,Juventus,7,2,0,2,0.05,28,6,2,1,1,-0.05,28,1.0,0.0
2022-03-12,2021-22,Bundesliga,Union Berlin,Stuttgart,7,2,0,1,0.0,25,7,2,0,1,0.0,25,0.0,0.5
2022-03-12,2021-22,LaLiga,Getafe,Valencia,7,2,0,1,0.0,27,7,3,0,1,-0.2,27,0.0,0.5
2022-03-12,2021-22,Bundesliga,Hoffenheim,Bayern Munich,6,2,1,1,-0.05,25,7,3,0,1,-0.15,25,-1.0,0.5
2022-03-12,2021-22,Bundesliga,Freiburg,Wolfsburg,7,2,0,1,0.0,25,7,2,0,1,0.0,25,0.0,1.0
2022-03-12,2021-22,SerieA,Milan,Empoli,6,2,1,1,0.0,28,6,2,1,1,0.0,28,0.0,1.0
2022-03-12,2021-22,LaLiga,Villarreal,Celta,7,2,0,2,0.05,27,6,3,1,1,-0.25,27,1.0,1.0
2022-03-12,2021-22,LaLiga,Granada,Elche,7,2,0,2,0.05,27,6,2,1,1,-0.05,27,1.0,0.0
2022-03-12,2021-22,LaLiga,Levante,Espanol,5,3,1,1,-0.3,27,7,3,0,2,-0.1,27,-2.0,0.5
2022-03-13,2021-22,SerieA,Fiorentina,Bologna,7,2,0,1,0.0,27,7,3,0,1,-0.2,27,0.0,1.0
2022-03-13,2021-22,Ligue1,Clermont,Lorient,7,2,0,1,-0.1,27,9,2,0,1,0.1,27,-2.0,0.0
2022-03-13,2021-22,Ligue1,Metz,Lens,7,2,0,1,-0.05,27,8,2,0,1,0.05,27,-1.0,0.5
2022-03-13,2021-22,Ligue1,Strasbourg,Monaco,7,2,0,1,0.0,27,7,2,0,1,0.0,27,0.0,1.0
2022-03-13,2021-22,Ligue1,Lyon,Rennes,9,2,0,1,0.1,27,7,2,0,1,-0.1,27,2.0,0.0
2022-03-13,2021-22,Bundesliga,Leverkusen,FC Koln,8,2,0,1,0.05,25,7,2,0,1,-0.05,25,1.0,0.0
2022-03-13,2021-22,Ligue1,Angers,Reims,7,2,0,1,0.0,27,7,2,0,1,0.0,27,0.0,0.0
2022-03-13,2021-22,Bundesliga,Dortmund,Bielefeld,14,1,0,0,0.25,24,9,2,0,1,-0.25,25,5.0,1.0
2022-03-13,2021-22,Bundesliga,Ein Frankfurt,Bochum,8,2,0,1,0.0,25,8,2,0,1,0.0,25,0.0,1.0
2022-03-13,2021-22,Bundesliga,Greuther Furth,RB Leipzig,8,2,0,1,0.0,25,8,2,0,1,0.0,25,0.0,0.0
2022-03-13,2021-22,EPL,Arsenal,Leicester,7,2,0,1,-0.05,25,8,2,0,2,0.05,25,-1.0,1.0
2022-03-13,2021-22,EPL,West Ham,Aston Villa,8,2,0,1,0.25,28,3,3,1,2,-0.85,27,5.0,1.0
2022-03-13,2021-22,EPL,Southampton,Watford,3,3,1,2,-0.6,28,3,4,1,2,-0.8,28,0.0,0.0
2022-03-13,2021-22,EPL,Leeds,Norwich,3,4,1,2,-0.8,28,3,3,1,2,-0.6,28,0.0,1.0
2022-03-13,2021-22,EPL,Everton,Wolves,6,2,1,1,0.15,25,3,4,1,2,-0.95,28,3.0,0.0
2022-03-13,2021-22,Ligue1,Paris SG,Bordeaux,8,2,0,1,0.05,27,7,2,0,1,-0.05,27,1.0,1.0
2022-03-13,2021-22,Ligue1,Brest,Marseille,8,2,0,1,0.05,27,7,2,0,1,-0.05,27,1.0,0.0
2022-03-13,2021-22,EPL,Chelsea,Newcastle,3,2,1,2,-0.4,27,3,3,1,2,-0.6,27,0.0,1.0
2022-03-13,2021-22,SerieA,Verona,Napoli,7,2,0,1,0.0,28,7,3,0,1,-0.2,28,0.0,0.0
2022-03-13,2021-22,LaLiga,Barcelona,Osasuna,7,2,0,1,-0.05,26,8,2,0,1,0.05,27,-1.0,1.0
2022-03-13,2021-22,LaLiga,Sociedad,Alaves,8,3,0,2,-0.25,27,9,2,0,1,0.05,27,-1.0,1.0
2022-03-13,2021-22,LaLiga,Betis,Ath Bilbao,7,2,0,1,0.05,27,6,2,1,1,-0.05,27,1.0,1.0
2022-03-13,2021-22,LaLiga,Vallecano,Sevilla,7,2,0,1,-0.1,26,9,2,0,1,0.1,27,-2.0,0.5
2022-03-13,2021-22,SerieA,Atalanta,Genoa,8,2,0,2,0.05,27,7,2,0,1,-0.05,28,1.0,0.5
2022-03-13,2021-22,SerieA,Udinese,Roma,8,2,0,1,0.0,26,8,2,0,1,0.0,28,0.0,0.5
2022-03-13,2021-22,SerieA,Torino,Inter,7,2,0,1,-0.1,27,9,2,0,1,0.1,27,-2.0,0.5
2022-03-14,2021-22,LaLiga,Mallorca,Real Madrid,8,3,0,2,-0.25,27,9,2,0,1,0.05,27,-1.0,0.0
2022-03-14,2021-22,EPL,Crystal Palace,Man City,9,3,0,1,-0.15,28,8,2,0,1,-0.05,28,1.0,0.5
2022-03-14,2021-22,SerieA,Lazio,Venezia,9,2,0,1,0.05,28,8,2,0,1,-0.05,27,1.0,1.0
2022-03-16,2021-22,Bundesliga,Mainz,Dortmund,18,1,0,0,0.5,24,3,2,1,1,-0.9,25,10.0,0.0
2022-03-16,2021-22,EPL,Brighton,Tottenham,4,3,1,2,-0.2,28,4,3,1,2,-0.2,27,0.0,0.0
2022-03-16,2021-22,EPL,Arsenal,Liverpool,3,3,1,2,-0.65,26,4,2,1,2,0.05,28,-1.0,0.0
2022-03-17,2021-22,EPL,Everton,Newcastle,4,3,1,2,-0.2,26,4,4,1,3,-0.4,28,0.0,1.0
2022-03-18,2021-22,SerieA,Genoa,Torino,5,2,1,2,0.0,29,5,3,1,2,-0.2,28,0.0,1.0
2022-03-18,2021-22,Ligue1,St Etienne,Troyes,7,3,0,2,-0.15,28,6,3,1,2,-0.25,28,1.0,0.5
2022-03-18,2021-22,Bundesliga,Bochum,M'gladbach,5,3,1,2,-0.25,26,6,3,1,2,-0.15,26,-1.0,0.0
2022-03-18,2021-22,EPL,Wolves,Leeds,5,4,1,3,-0.4,29,5,4,1,3,-0.4,29,0.0,0.0
2022-03-18,2021-22,LaLiga,Ath Bilbao,Getafe,5,3,1,2,-0.25,28,6,3,1,2,-0.15,28,-1.0,0.5
2022-03-18,2021-22,SerieA,Sassuolo,Spezia,6,3,1,2,-0.2,29,6,3,1,2,-0.2,29,0.0,1.0
2022-03-19,2021-22,Bundesliga,Bayern Munich,Union Berlin,7,2,0,1,0.0,26,7,2,0,1,0.0,26,0.0,1.0
2022-03-19,2021-22,EPL,Aston Villa,Arsenal,6,3,1,2,-0.05,28,3,3,2,3,-0.75,27,3.0,0.0
2022-03-19,2021-22,LaLiga,Alaves,Granada,6,2,1,1,-0.05,28,7,3,0,1,-0.15,28,-1.0,0.0
2022-03-19,2021-22,Bundesliga,Mainz,Bielefeld,3,1,1,1,-0.55,25,6,2,1,1,0.15,26,-3.0,1.0
2022-03-19,2021-22,LaLiga,Elche,Valencia,7,2,0,2,0.0,28,7,2,0,1,0.0,28,0.0,0.0
2022-03-19,2021-22,Ligue1,Lens,Clermont,6,3,1,1,-0.2,28,6,3,1,2,-0.2,28,0.0,1.0
2022-03-19,2021-22,Ligue1,Nantes,Lille,7,3,0,2,-0.25,28,8,3,0,2,-0.15,28,-1.0,0.0
2022-03-19,2021-22,Bundesliga,Stuttgart,Augsburg,7,2,0,1,-0.4,26,15,2,0,0,0.4,25,-8.0,1.0
2022-03-19,2021-22,SerieA,Inter,Fiorentina,6,2,1,1,0.0,28,6,2,1,2,0.0,28,0.0,0.5
2022-03-19,2021-22,SerieA,Cagliari,Milan,7,3,0,1,-0.2,29,7,2,0,2,0.0,29,0.0,0.0
2022-03-19,2021-22,Bundesliga,Greuther Furth,Freiburg,6,2,1,1,-0.05,26,7,2,0,1,0.05,26,-1.0,0.5
2022-03-19,2021-22,Bundesliga,Hertha,Hoffenheim,7,2,0,1,0.0,26,7,2,0,2,0.0,26,0.0,1.0
2022-03-19,2021-22,LaLiga,Vallecano,Ath Madrid,6,2,1,2,-0.1,27,8,2,0,2,0.1,28,-2.0,0.0
2022-03-19,2021-22,SerieA,Napoli,Udinese,6,3,1,2,-0.2,29,6,2,1,1,0.0,27,0.0,1.0
2022-03-19,2021-22,LaLiga,Osasuna,Levante,6,3,1,1,-0.25,28,7,2,0,2,0.05,28,-1.0,1.0
2022-03-20,2021-22,EPL,Leicester,Brentford,7,3,0,1,-0.25,26,8,2,0,1,0.05,29,-1.0,1.0
2022-03-20,2021-22,SerieA,Roma,Lazio,7,2,0,1,0.05,29,6,2,1,1,-0.05,29,1.0,1.0
2022-03-20,2021-22,SerieA,Juventus,Salernitana,8,2,0,1,0.0,29,8,2,0,1,0.0,27,0.0,1.0
2022-03-20,2021-22,SerieA,Bologna,Atalanta,7,2,0,1,0.0,28,7,3,0,1,-0.2,28,0.0,0.0
2022-03-20,2021-22,EPL,Tottenham,West Ham,4,3,1,3,-0.35,28,7,2,0,1,0.15,29,-3.0,1.0
2022-03-20,2021-22,LaLiga,Celta,Betis,8,2,0,1,0.05,28,7,2,0,1,-0.05,28,1.0,0.5
2022-03-20,2021-22,Bundesliga,Wolfsburg,Leverkusen,8,2,0,1,0.05,26,7,2,0,1,-0.05,26,1.0,0.0
2022-03-20,2021-22,SerieA,Venezia,Sampdoria,6,2,1,1,-0.1,28,8,3,0,1,-0.1,29,-2.0,0.0
2022-03-20,2021-22,SerieA,Empoli,Verona,8,2,0,1,0.05,29,7,2,0,1,-0.05,29,1.0,0.5
2022-03-20,2021-22,Ligue1,Monaco,Paris SG,7,2,0,1,0.0,28,7,2,0,1,0.0,28,0.0,1.0
2022-03-20,2021-22,Ligue1,Angers,Brest,7,2,0,1,0.0,28,7,2,0,1,0.0,28,0.0,1.0
2022-03-20,2021-22,Ligue1,Bordeaux,Montpellier,7,2,0,1,-0.05,28,8,2,0,1,0.05,28,-1.0,0.0
2022-03-20,2021-22,Ligue1,Lorient,Strasbourg,7,2,0,1,0.0,28,7,2,0,1,0.0,28,0.0,0.5
2022-03-20,2021-22,Ligue1,Rennes,Metz,7,2,0,1,0.0,28,7,2,0,1,0.0,28,0.0,1.0
2022-03-20,2021-22,Ligue1,Reims,Lyon,7,2,0,1,0.0,28,7,2,0,1,0.0,28,0.0,0.5
2022-03-20,2021-22,Ligue1,Marseille,Nice,7,2,0,1,-0.05,28,8,2,0,1,0.05,28,-1.0,1.0
2022-03-20,2021-22,LaLiga,Espanol,Mallorca,8,2,0,1,0.1,28,6,3,1,1,-0.3,28,2.0,1.0
2022-03-20,2021-22,Bundesliga,RB Leipzig,Ein Frankfurt,7,2,0,1,0.0,26,7,2,0,1,0.0,26,0.0,0.5
2022-03-20,2021-22,LaLiga,Sevilla,Sociedad,7,2,0,1,0.0,28,7,3,0,1,-0.2,28,0.0,0.5
2022-03-20,2021-22,LaLiga,Cadiz,Villarreal,9,3,0,1,-0.15,28,8,2,0,1,-0.05,28,1.0,1.0
2022-03-20,2021-22,Bundesliga,FC Koln,Dortmund,7,2,0,1,0.15,26,4,2,1,2,-0.15,26,3.0,0.5
2022-03-20,2021-22,LaLiga,Real Madrid,Barcelona,6,2,1,1,-0.05,28,7,2,0,1,0.05,27,-1.0,0.0
2022-04-01,2021-22,Bundesliga,Union Berlin,FC Koln,13,2,0,1,0.05,27,12,2,0,1,-0.05,27,1.0,1.0
2022-04-02,2021-22,LaLiga,Getafe,Mallorca,15,1,0,0,0.1,29,13,2,0,1,-0.1,29,2.0,1.0
2022-04-02,2021-22,SerieA,Spezia,Venezia,15,1,0,0,0.1,30,13,2,0,1,-0.1,29,2.0,1.0
2022-04-02,2021-22,SerieA,Lazio,Sassuolo,13,2,0,1,-0.1,30,15,1,0,0,0.1,30,-2.0,1.0
2022-04-02,2021-22,Bundesliga,Bielefeld,Stuttgart,14,2,0,0,0.0,27,14,1,0,0,0.0,27,0.0,0.5
2022-04-02,2021-22,Bundesliga,Ein Frankfurt,Greuther Furth,13,2,0,1,-0.05,27,14,2,0,0,0.05,27,-1.0,0.5
2022-04-02,2021-22,Bundesliga,Freiburg,Bayern Munich,14,1,0,0,0.0,27,14,1,0,0,0.0,27,0.0,0.0
2022-04-02,2021-22,Bundesliga,Leverkusen,Hertha,13,2,0,1,-0.05,27,14,1,0,0,0.05,27,-1.0,1.0
2022-04-02,2021-22,Bundesliga,Dortmund,RB Leipzig,13,3,0,1,-0.2,27,13,2,0,1,0.0,27,0.0,0.0
2022-04-02,2021-22,LaLiga,Ath Madrid,Alaves,14,1,0,0,0.0,29,14,2,0,0,0.0,29,0.0,1.0
2022-04-02,2021-22,Ligue1,Nice,Rennes,13,1,0,1,0.0,29,13,2,0,1,0.0,29,0.0,0.5
2022-04-02,2021-22,LaLiga,Celta,Real Madrid,13,1,0,1,0.0,29,13,2,0,1,0.0,29,0.0,0.0
2022-04-02,2021-22,LaLiga,Levante,Villarreal,14,1,0,0,0.05,29,13,1,0,1,-0.05,29,1.0,1.0
2022-04-02,2021-22,Bundesliga,Hoffenheim,Bochum,14,1,0,0,-0.05,27,15,2,0,0,0.05,27,-1.0,0.0
2022-04-02,2021-22,SerieA,Salernitana,Torino,13,1,0,1,-0.1,28,15,2,0,0,0.1,29,-2.0,0.0
2022-04-02,2021-22,Ligue1,Lille,Bordeaux,14,1,0,0,0.05,29,13,2,0,1,-0.05,29,1.0,0.5
2022-04-02,2021-22,EPL,Chelsea,Brentford,20,1,0,0,0.35,28,13,1,0,1,-0.35,30,7.0,0.0
2022-04-02,2021-22,EPL,Man United,Leicester,21,0,0,0,0.4,29,13,2,0,1,-0.4,27,8.0,0.5
2022-04-02,2021-22,EPL,Liverpool,Watford,17,1,0,0,-0.15,29,20,1,0,0,0.15,29,-3.0,1.0
2022-04-02,2021-22,EPL,Brighton,Norwich,17,1,0,0,-0.15,29,20,1,0,0,0.15,29,-3.0,0.5
2022-04-02,2021-22,EPL,Burnley,Man City,21,0,0,0,0.1,27,19,1,0,0,-0.1,29,2.0,0.0
2022-04-02,2021-22,EPL,Wolves,Aston Villa,15,2,0,0,0.05,30,14,2,0,0,-0.05,29,1.0,1.0
2022-04-02,2021-22,EPL,Leeds,Southampton,15,2,0,0,-0.25,30,20,1,0,0,0.25,29,-5.0,0.5
2022-04-03,2021-22,Ligue1,St Etienne,Marseille,16,1,0,0,0.1,29,14,1,0,0,-0.1,29,2.0,0.0
2022-04-03,2021-22,Ligue1,Strasbourg,Lens,14,1,0,0,-0.05,29,15,1,0,0,0.05,29,-1.0,1.0
2022-04-03,2021-22,Ligue1,Clermont,Nantes,15,1,0,0,0.0,29,15,1,0,0,0.0,29,0.0,0.0
2022-04-03,2021-22,EPL,Tottenham,Newcastle,14,2,0,0,-0.15,29,17,1,0,0,0.15,29,-3.0,1.0
2022-04-03,2021-22,EPL,West Ham,Everton,14,1,0,0,-0.15,30,17,1,0,0,0.15,27,-3.0,1.0
2022-04-03,2021-22,Ligue1,Metz,Monaco,14,1,0,0,0.0,29,14,1,0,0,0.0,29,0.0,0.0
2022-04-03,2021-22,LaLiga,Ath Bilbao,Elche,16,1,0,0,0.05,29,15,1,0,0,-0.05,29,1.0,1.0
2022-04-03,2021-22,Bundesliga,Augsburg,Wolfsburg,15,1,0,0,0.05,26,14,1,0,0,-0.05,27,1.0,1.0
2022-04-03,2021-22,Bundesliga,M'gladbach,Mainz,16,1,0,0,0.05,27,15,2,0,0,-0.05,26,1.0,0.5
2022-04-03,2021-22,Ligue1,Paris SG,Lorient,14,1,0,0,0.0,29,14,1,0,0,0.0,29,0.0,1.0
2022-04-03,2021-22,Ligue1,Lyon,Angers,14,1,0,0,0.0,29,14,1,0,0,0.0,29,0.0,1.0
2022-04-03,2021-22,Ligue1,Troyes,Reims,16,1,0,0,0.1,29,14,1,0,0,-0.1,29,2.0,1.0
2022-04-03,2021-22,SerieA,Atalanta,Napoli,14,1,0,0,-0.05,29,15,1,0,0,0.05,30,-1.0,0.0
2022-04-03,2021-22,SerieA,Udinese,Cagliari,15,1,0,0,0.0,28,15,1,0,0,0.0,30,0.0,1.0
2022-04-03,2021-22,SerieA,Fiorentina,Empoli,15,1,0,0,0.05,29,14,1,0,0,-0.05,30,1.0,1.0
2022-04-03,2021-22,SerieA,Juventus,Inter,14,1,0,0,-0.05,30,15,1,0,0,0.05,29,-1.0,0.0
2022-04-03,2021-22,LaLiga,Betis,Osasuna,14,1,0,0,-0.05,29,15,1,0,0,0.05,29,-1.0,1.0
2022-04-03,2021-22,LaLiga,Granada,Vallecano,15,1,0,0,0.0,29,15,1,0,0,0.0,28,0.0,0.5
2022-04-03,2021-22,LaLiga,Valencia,Cadiz,15,1,0,0,0.05,29,14,1,0,0,-0.05,29,1.0,0.5
2022-04-03,2021-22,LaLiga,Barcelona,Sevilla,14,1,0,0,0.0,28,14,1,0,0,0.0,29,0.0,1.0
2022-04-03,2021-22,SerieA,Sampdoria,Roma,14,1,0,0,0.0,30,14,1,0,0,0.0,30,0.0,0.0
2022-04-03,2021-22,Ligue1,Montpellier,Brest,14,1,0,0,0.0,29,14,1,0,0,0.0,29,0.0,0.0
2022-04-04,2021-22,EPL,Crystal Palace,Arsenal,21,0,0,0,0.25,29,16,2,0,0,-0.25,28,5.0,1.0
2022-04-04,2021-22,SerieA,Verona,Genoa,15,1,0,0,-0.1,30,17,1,0,0,0.1,30,-2.0,1.0
2022-04-04,2021-22,SerieA,Milan,Bologna,16,1,0,0,0.05,30,15,1,0,0,-0.05,29,1.0,0.5
2022-04-04,2021-22,LaLiga,Sociedad,Espanol,15,1,0,0,0.0,29,15,1,0,0,0.0,29,0.0,1.0
2022-04-06,2021-22,EPL,Burnley,Everton,4,1,1,1,0.05,28,3,2,1,1,-0.45,28,1.0,1.0
2022-04-06,2021-22,Bundesliga,Augsburg,Mainz,3,2,1,1,-0.4,27,3,2,1,1,-0.4,27,0.0,1.0
2022-04-08,2021-22,LaLiga,Sevilla,Granada,5,2,1,1,0.0,30,5,2,1,1,0.0,30,0.0,1.0
2022-04-08,2021-22,EPL,Newcastle,Wolves,5,1,1,1,-0.05,30,6,1,1,1,0.05,31,-1.0,1.0
2022-04-08,2021-22,Bundesliga,Stuttgart,Dortmund,6,2,1,1,0.0,28,6,2,1,1,0.0,28,0.0,0.0
2022-04-08,2021-22,Ligue1,Lorient,St Etienne,5,2,1,1,0.0,30,5,1,1,1,0.0,30,0.0,1.0
2022-04-09,2021-22,Bundesliga,Bayern Munich,Augsburg,7,1,0,1,0.2,28,3,2,2,2,-0.6,28,4.0,1.0
2022-04-09,2021-22,Ligue1,Clermont,Paris SG,6,1,1,1,0.0,30,6,2,1,1,0.0,30,0.0,0.0
2022-04-09,2021-22,Bundesliga,Greuther Furth,M'gladbach,7,1,0,1,0.05,28,6,1,1,1,-0.05,28,1.0,0.0
2022-04-09,2021-22,Bundesliga,FC Koln,Mainz,8,2,0,1,0.25,28,3,2,2,2,-0.65,28,5.0,1.0
2022-04-09,2021-22,LaLiga,Cadiz,Betis,6,2,1,1,0.0,30,6,2,1,1,0.0,30,0.0,0.0
2022-04-09,2021-22,LaLiga,Mallorca,Ath Madrid,7,2,0,1,0.0,30,7,1,0,1,0.0,30,0.0,1.0
2022-04-09,2021-22,LaLiga,Villarreal,Ath Bilbao,7,2,0,1,0.05,30,6,1,1,1,-0.05,30,1.0,0.5
2022-04-09,2021-22,Bundesliga,Hertha,Union Berlin,7,1,0,1,-0.05,28,8,1,0,1,0.05,28,-1.0,0.0
2022-04-09,2021-22,Bundesliga,Wolfsburg,Bielefeld,6,2,1,1,-0.05,28,7,1,0,1,0.05,28,-1.0,1.0
2022-04-09,2021-22,Ligue1,Reims,Rennes,6,2,1,1,-0.05,30,7,2,0,1,0.05,30,-1.0,0.0
2022-04-09,2021-22,LaLiga,Real Madrid,Getafe,7,2,0,1,0.0,30,7,1,0,1,0.0,30,0.0,1.0
2022-04-09,2021-22,EPL,Watford,Leeds,7,1,0,1,0.0,30,7,1,0,1,0.0,31,0.0,0.0
2022-04-09,2021-22,EPL,Everton,Man United,3,2,2,2,-0.6,29,7,1,0,1,0.2,30,-4.0,1.0
2022-04-09,2021-22,EPL,Aston Villa,Tottenham,7,1,0,1,0.05,30,6,2,1,1,-0.05,30,1.0,0.0
2022-04-09,2021-22,SerieA,Cagliari,Juventus,6,1,1,1,0.0,31,6,2,1,1,0.0,31,0.0,0.0
2022-04-09,2021-22,SerieA,Inter,Verona,6,1,1,1,0.05,30,5,2,1,1,-0.05,31,1.0,1.0
2022-04-09,2021-22,SerieA,Empoli,Spezia,6,2,1,1,-0.05,31,7,1,0,1,0.05,31,-1.0,0.5
2022-04-09,2021-22,EPL,Southampton,Chelsea,7,1,0,1,0.0,30,7,1,0,1,0.0,29,0.0,0.0
2022-04-09,2021-22,EPL,Arsenal,Brighton,5,1,1,1,-0.1,29,7,1,0,1,0.1,30,-2.0,0.0
2022-04-10,2021-22,SerieA,Napoli,Fiorentina,7,1,0,1,0.0,31,7,1,0,1,0.0,30,0.0,0.0
2022-04-10,2021-22,SerieA,Sassuolo,Atalanta,8,1,0,1,0.05,31,7,1,0,1,-0.05,30,1.0,1.0
2022-04-10,2021-22,SerieA,Venezia,Udinese,8,1,0,1,0.05,30,7,1,0,1,-0.05,29,1.0,0.0
2022-04-10,2021-22,SerieA,Roma,Salernitana,7,1,0,1,-0.05,31,8,1,0,1,0.05,29,-1.0,1.0
2022-04-10,2021-22,SerieA,Torino,Milan,8,1,0,1,0.1,30,6,1,1,1,-0.1,31,2.0,0.5
2022-04-10,2021-22,Ligue1,Bordeaux,Metz,8,1,0,1,0.05,30,7,1,0,1,-0.05,30,1.0,1.0
2022-04-10,2021-22,Ligue1,Angers,Lille,7,1,0,1,-0.05,30,8,1,0,1,0.05,30,-1.0,0.5
2022-04-10,2021-22,Ligue1,Brest,Nantes,7,1,0,1,0.0,30,7,1,0,1,0.0,30,0.0,0.5
2022-04-10,2021-22,Ligue1,Monaco,Troyes,7,1,0,1,0.0,30,7,1,0,1,0.0,30,0.0,1.0
2022-04-10,2021-22,Ligue1,Lens,Nice,7,1,0,1,-0.05,30,8,1,0,1,0.05,30,-1.0,1.0
2022-04-10,2021-22,Ligue1,Strasbourg,Lyon,7,1,0,1,0.0,30,7,1,0,1,0.0,30,0.0,0.5
2022-04-10,2021-22,Ligue1,Marseille,Montpellier,7,1,0,1,0.0,30,7,1,0,1,0.0,30,0.0,1.0
2022-04-10,2021-22,EPL,Man City,Liverpool,8,1,0,1,0.0,30,8,1,0,1,0.0,30,0.0,0.5
2022-04-10,2021-22,EPL,Norwich,Burnley,8,1,0,1,0.2,30,4,2,1,2,-0.2,29,4.0,1.0
2022-04-10,2021-22,EPL,Leicester,Crystal Palace,8,1,0,1,0.1,28,6,1,1,1,-0.1,30,2.0,1.0
2022-04-10,2021-22,EPL,Brentford,West Ham,8,1,0,1,0.05,31,7,1,0,1,-0.05,31,1.0,1.0
2022-04-10,2021-22,LaLiga,Osasuna,Alaves,7,1,0,1,-0.05,30,8,1,0,1,0.05,30,-1.0,1.0
2022-04-10,2021-22,LaLiga,Espanol,Celta,6,1,1,1,-0.1,30,8,1,0,1,0.1,30,-2.0,1.0
2022-04-10,2021-22,LaLiga,Elche,Sociedad,7,1,0,1,0.05,30,6,1,1,1,-0.05,30,1.0,0.0
2022-04-10,2021-22,LaLiga,Levante,Barcelona,8,1,0,1,0.05,30,7,1,0,1,-0.05,29,1.0,0.0
2022-04-10,2021-22,SerieA,Genoa,Lazio,6,1,1,1,-0.1,31,8,1,0,1,0.1,31,-2.0,0.0
2022-04-10,2021-22,Bundesliga,Bochum,Leverkusen,8,1,0,1,0.0,28,8,1,0,1,0.0,28,0.0,0.5
2022-04-10,2021-22,Bundesliga,Ein Frankfurt,Freiburg,8,1,0,1,0.0,28,8,1,0,1,0.0,28,0.0,0.0
2022-04-10,2021-22,Bundesliga,RB Leipzig,Hoffenheim,8,1,0,1,0.0,28,8,1,0,1,0.0,28,0.0,1.0
2022-04-11,2021-22,LaLiga,Vallecano,Valencia,8,1,0,1,0.0,29,8,1,0,1,0.0,30,0.0,0.5
2022-04-11,2021-22,SerieA,Bologna,Sampdoria,7,1,0,1,-0.05,30,8,1,0,1,0.05,31,-1.0,1.0
2022-04-15,2021-22,LaLiga,Sociedad,Betis,5,2,1,2,-0.05,31,6,2,1,2,0.05,31,-1.0,0.5
2022-04-15,2021-22,SerieA,Spezia,Inter,6,2,1,2,0.0,32,6,2,1,2,0.0,31,0.0,0.0
2022-04-15,2021-22,SerieA,Milan,Genoa,5,2,1,2,0.0,32,5,2,1,2,0.0,32,0.0,1.0
2022-04-15,2021-22,Ligue1,Rennes,Monaco,6,2,1,2,0.05,31,5,2,1,2,-0.05,31,1.0,0.0
2022-04-16,2021-22,EPL,Southampton,Arsenal,7,2,0,1,0.0,31,7,2,0,2,0.0,30,0.0,1.0
2022-04-16,2021-22,Bundesliga,Augsburg,Hertha,7,3,0,3,-0.2,29,7,2,0,1,0.0,29,0.0,0.0
2022-04-16,2021-22,Bundesliga,Dortmund,Wolfsburg,8,2,0,1,0.05,29,7,2,0,2,-0.05,29,1.0,1.0
2022-04-16,2021-22,Bundesliga,M'gladbach,FC Koln,7,2,0,2,0.0,29,7,2,0,1,0.0,29,0.0,0.0
2022-04-16,2021-22,Bundesliga,Mainz,Stuttgart,7,3,0,3,-0.25,29,8,2,0,1,0.05,29,-1.0,0.5
2022-04-16,2021-22,EPL,Watford,Brentford,7,2,0,1,0.05,31,6,2,1,1,-0.05,32,1.0,0.0
2022-04-16,2021-22,LaLiga,Getafe,Villarreal,7,2,0,1,0.0,31,7,2,0,1,0.0,31,0.0,0.0
2022-04-16,2021-22,LaLiga,Valencia,Osasuna,5,2,1,2,-0.05,31,6,2,1,2,0.05,31,-1.0,0.0
2022-04-16,2021-22,LaLiga,Alaves,Vallecano,6,2,1,1,0.05,31,5,2,1,2,-0.05,30,1.0,1.0
2022-04-16,2021-22,LaLiga,Elche,Mallorca,6,2,1,2,-0.05,31,7,2,0,1,0.05,31,-1.0,1.0
2022-04-16,2021-22,EPL,Tottenham,Brighton,7,2,0,2,0.0,31,7,2,0,1,0.0,31,0.0,0.0
2022-04-16,2021-22,Bundesliga,Freiburg,Bochum,6,2,1,1,0.0,29,6,2,1,1,0.0,29,0.0,1.0
2022-04-16,2021-22,EPL,Man United,Norwich,7,2,0,1,0.05,31,6,2,1,1,-0.05,31,1.0,1.0
2022-04-16,2021-22,SerieA,Lazio,Torino,6,2,1,1,0.0,32,6,2,1,1,0.0,31,0.0,0.5
2022-04-16,2021-22,SerieA,Juventus,Bologna,7,2,0,2,0.1,32,5,2,1,2,-0.1,31,2.0,0.5
2022-04-16,2021-22,SerieA,Udinese,Empoli,6,2,1,2,-0.05,30,7,2,0,2,0.05,32,-1.0,1.0
2022-04-16,2021-22,SerieA,Sampdoria,Salernitana,5,2,1,2,-0.05,32,6,2,1,1,0.05,30,-1.0,0.0
2022-04-16,2021-22,SerieA,Cagliari,Sassuolo,7,2,0,2,0.05,32,6,2,1,1,-0.05,32,1.0,1.0
2022-04-16,2021-22,Ligue1,St Etienne,Brest,8,2,0,2,0.1,31,6,2,1,2,-0.1,31,2.0,1.0
2022-04-16,2021-22,Ligue1,Lille,Lens,6,2,1,1,0.0,31,6,2,1,2,0.0,31,0.0,0.0
2022-04-16,2021-22,SerieA,Fiorentina,Venezia,6,2,1,2,0.0,31,6,2,1,1,0.0,31,0.0,1.0
2022-04-17,2021-22,EPL,Newcastle,Leicester,9,2,0,1,0.1,31,7,2,0,1,-0.1,29,2.0,1.0
2022-04-17,2021-22,EPL,West Ham,Burnley,7,2,0,1,0.0,32,7,3,0,2,-0.2,30,0.0,0.5
2022-04-17,2021-22,Ligue1,Lyon,Bordeaux,7,2,0,1,0.0,31,7,2,0,1,0.0,31,0.0,1.0
2022-04-17,2021-22,Ligue1,Nantes,Angers,7,2,0,1,0.0,31,7,2,0,1,0.0,31,0.0,0.5
2022-04-17,2021-22,Ligue1,Montpellier,Reims,7,2,0,1,-0.05,31,8,2,0,1,0.05,31,-1.0,0.5
2022-04-17,2021-22,Ligue1,Paris SG,Marseille,8,2,0,1,0.05,31,7,2,0,1,-0.05,31,1.0,1.0
2022-04-17,2021-22,LaLiga,Sevilla,Real Madrid,9,2,0,1,0.05,31,8,2,0,1,-0.05,31,1.0,0.0
2022-04-17,2021-22,LaLiga,Ath Bilbao,Celta,8,2,0,1,0.05,31,7,2,0,1,-0.05,31,1.0,0.0
2022-04-17,2021-22,LaLiga,Ath Madrid,Espanol,8,2,0,1,0.05,31,7,2,0,2,-0.05,31,1.0,1.0
2022-04-17,2021-22,Bundesliga,Bielefeld,Bayern Munich,8,2,0,1,0.0,29,8,2,0,1,0.0,29,0.0,0.0
2022-04-17,2021-22,Bundesliga,Hoffenheim,Greuther Furth,7,2,0,1,-0.05,29,8,2,0,1,0.05,29,-1.0,0.5
2022-04-17,2021-22,Bundesliga,Union Berlin,Ein Frankfurt,8,2,0,1,0.05,29,7,2,0,1,-0.05,29,1.0,1.0
2022-04-17,2021-22,Bundesliga,Leverkusen,RB Leipzig,7,2,0,1,0.0,29,7,2,0,1,0.0,29,0.0,0.0
2022-04-17,2021-22,Ligue1,Metz,Clermont,7,2,0,1,-0.05,31,8,2,0,1,0.05,31,-1.0,0.5
2022-04-17,2021-22,Ligue1,Nice,Lorient,7,2,0,1,-0.1,31,9,2,0,1,0.1,31,-2.0,1.0
2022-04-17,2021-22,LaLiga,Granada,Levante,9,2,0,1,0.1,31,7,2,0,1,-0.1,31,2.0,0.0
2022-04-17,2021-22,Ligue1,Troyes,Strasbourg,7,2,0,1,0.0,31,7,2,0,1,0.0,31,0.0,0.5
2022-04-18,2021-22,SerieA,Napoli,Roma,8,2,0,1,0.0,32,8,2,0,1,0.0,32,0.0,0.5
2022-04-18,2021-22,SerieA,Atalanta,Verona,8,2,0,1,-0.05,31,9,2,0,1,0.05,32,-1.0,0.0
2022-04-18,2021-22,LaLiga,Barcelona,Cadiz,8,2,0,1,-0.05,30,9,2,0,1,0.05,31,-1.0,0.0
2022-04-19,2021-22,LaLiga,Villarreal,Valencia,3,3,1,2,-0.6,32,3,3,1,2,-0.6,32,0.0,1.0
2022-04-19,2021-22,LaLiga,Mallorca,Alaves,3,3,1,2,-0.6,32,3,3,1,2,-0.6,32,0.0,1.0
2022-04-19,2021-22,EPL,Liverpool,Man United,9,2,0,1,0.3,31,3,3,1,2,-0.9,32,6.0,1.0
2022-04-19,2021-22,LaLiga,Betis,Elche,4,3,1,2,-0.15,32,3,3,1,2,-0.65,32,1.0,0.0
2022-04-20,2021-22,EPL,Everton,Leicester,11,3,0,1,0.2,30,3,3,1,2,-1.0,30,8.0,0.5
2022-04-20,2021-22,Ligue1,Strasbourg,Rennes,3,3,1,2,-0.7,32,5,3,1,2,-0.1,32,-2.0,1.0
2022-04-20,2021-22,Ligue1,Marseille,Nantes,3,3,1,2,-0.6,32,3,3,1,2,-0.6,32,0.0,1.0
2022-04-20,2021-22,Ligue1,Lens,Montpellier,4,3,1,2,-0.15,32,3,3,1,2,-0.65,32,1.0,1.0
2022-04-20,2021-22,LaLiga,Celta,Getafe,3,3,1,2,-0.65,32,4,3,1,2,-0.15,32,-1.0,0.0
2022-04-20,2021-22,LaLiga,Ath Madrid,Granada,3,3,1,2,-0.6,32,3,3,1,2,-0.6,32,0.0,0.5
2022-04-20,2021-22,EPL,Man City,Brighton,10,2,0,1,0.3,31,4,3,1,2,-0.5,32,6.0,1.0
2022-04-20,2021-22,EPL,Newcastle,Crystal Palace,3,3,1,2,-0.95,32,10,2,0,1,0.35,31,-7.0,1.0
2022-04-20,2021-22,Ligue1,Lorient,Metz,3,3,1,2,-0.6,32,3,3,1,2,-0.6,32,0.0,1.0
2022-04-20,2021-22,Ligue1,Bordeaux,St Etienne,3,3,1,2,-0.65,32,4,3,1,2,-0.15,32,-1.0,0.5
2022-04-20,2021-22,EPL,Chelsea,Arsenal,11,2,0,1,0.35,30,4,3,1,2,-0.55,31,7.0,0.0
2022-04-20,2021-22,Ligue1,Monaco,Nice,5,3,1,2,-0.1,32,3,3,1,2,-0.7,32,2.0,1.0
2022-04-20,2021-22,Ligue1,Reims,Lille,3,3,1,2,-0.65,32,4,3,1,2,-0.15,32,-1.0,1.0
2022-04-20,2021-22,LaLiga,Osasuna,Real Madrid,4,3,1,2,-0.15,32,3,3,1,2,-0.65,32,1.0,0.0
2022-04-20,2021-22,SerieA,Udinese,Salernitana,4,3,1,2,-0.2,31,4,3,1,2,-0.2,31,0.0,0.0
2022-04-20,2021-22,Ligue1,Angers,Paris SG,3,3,1,2,-0.6,32,3,3,1,2,-0.6,32,0.0,0.0
2022-04-20,2021-22,Ligue1,Brest,Lyon,4,3,1,2,-0.15,32,3,3,1,2,-0.65,32,1.0,1.0
2022-04-20,2021-22,Ligue1,Troyes,Clermont,3,3,1,2,-0.6,32,3,3,1,2,-0.6,32,0.0,0.0
2022-04-21,2021-22,EPL,Burnley,Southampton,4,4,1,2,-0.45,31,5,3,1,2,-0.15,32,-1.0,1.0
2022-04-21,2021-22,LaLiga,Sociedad,Barcelona,6,3,1,2,-0.05,32,3,3,1,2,-0.75,31,3.0,0.0
2022-04-21,2021-22,LaLiga,Cadiz,Ath Bilbao,3,3,1,2,-0.65,32,4,3,1,2,-0.15,32,-1.0,0.0
2022-04-21,2021-22,LaLiga,Levante,Sevilla,4,3,1,2,-0.2,32,4,3,1,2,-0.2,32,0.0,0.0
2022-04-21,2021-22,LaLiga,Espanol,Vallecano,4,3,1,2,-0.25,32,5,3,1,2,-0.15,31,-1.0,0.0
2022-04-22,2021-22,Bundesliga,Wolfsburg,Mainz,6,3,1,2,-0.2,30,6,4,1,2,-0.4,30,0.0,1.0
2022-04-23,2021-22,Ligue1,Lyon,Montpellier,3,4,2,3,-0.8,33,3,4,2,3,-0.8,33,0.0,1.0
2022-04-23,2021-22,Bundesliga,Freiburg,M'gladbach,7,2,0,2,0.0,30,7,3,0,1,-0.2,30,0.0,0.5
2022-04-23,2021-22,Bundesliga,Greuther Furth,Leverkusen,6,2,1,1,0.0,30,6,2,1,2,0.0,30,0.0,0.0
2022-04-23,2021-22,Ligue1,Paris SG,Lens,3,4,2,2,-0.8,33,3,4,1,3,-0.8,33,0.0,0.5
2022-04-23,2021-22,SerieA,Verona,Sampdoria,5,3,1,1,-0.3,33,7,3,0,2,-0.1,33,-2.0,0.5
2022-04-23,2021-22,SerieA,Inter,Roma,8,3,0,1,-0.05,32,5,3,1,2,-0.35,33,3.0,1.0
2022-04-23,2021-22,EPL,Norwich,Newcastle,7,2,0,2,0.2,32,3,4,2,2,-1.0,33,4.0,0.0
2022-04-23,2021-22,EPL,Man City,Watford,3,2,1,2,-0.6,32,7,2,0,1,0.2,32,-4.0,1.0
2022-04-23,2021-22,EPL,Leicester,Aston Villa,3,3,2,3,-1.1,31,14,1,0,0,0.5,31,-10.0,0.5
2022-04-23,2021-22,EPL,Arsenal,Man United,3,4,1,2,-0.85,32,4,3,1,2,-0.15,33,-1.0,1.0
2022-04-23,2021-22,Bundesliga,Ein Frankfurt,Hoffenheim,6,2,1,2,0.0,30,6,2,1,2,0.0,30,0.0,0.5
2022-04-23,2021-22,Bundesliga,FC Koln,Bielefeld,7,2,0,1,0.05,30,6,2,1,1,-0.05,30,1.0,1.0
2022-04-23,2021-22,Ligue1,St Etienne,Monaco,3,4,1,2,-0.8,33,3,4,1,3,-0.8,33,0.0,0.0
2022-04-23,2021-22,SerieA,Venezia,Atalanta,7,2,0,2,0.1,32,5,3,1,2,-0.3,32,2.0,0.0
2022-04-23,2021-22,SerieA,Torino,Spezia,7,2,0,2,-0.05,32,8,2,0,1,0.05,33,-1.0,1.0
2022-04-23,2021-22,EPL,Brentford,Tottenham,7,2,0,2,0.0,33,7,3,0,1,-0.2,32,0.0,0.5
2022-04-23,2021-22,Bundesliga,RB Leipzig,Union Berlin,6,2,1,2,0.0,30,6,2,1,1,0.0,30,0.0,0.0
2022-04-23,2021-22,Bundesliga,Bayern Munich,Dortmund,6,2,1,1,-0.05,30,7,2,0,1,0.05,30,-1.0,1.0
2022-04-24,2021-22,EPL,Brighton,Southampton,4,3,1,2,-0.15,33,3,3,1,2,-0.65,33,1.0,0.5
2022-04-24,2021-22,Bundesliga,Hertha,Stuttgart,8,2,0,1,0.0,30,8,2,0,1,0.0,30,0.0,1.0
2022-04-24,2021-22,EPL,Liverpool,Everton,5,2,1,1,0.05,32,4,3,1,1,-0.25,31,1.0,1.0
2022-04-24,2021-22,Bundesliga,Bochum,Augsburg,8,2,0,1,0.0,30,8,3,0,1,-0.2,30,0.0,0.0
2022-04-24,2021-22,LaLiga,Barcelona,Vallecano,3,3,2,2,-0.6,32,3,3,1,3,-0.6,32,0.0,0.0
2022-04-24,2021-22,EPL,Burnley,Wolves,3,4,1,2,-1.3,32,16,1,0,0,0.5,32,-10.0,1.0
2022-04-24,2021-22,SerieA,Salernitana,Fiorentina,4,3,1,2,-0.4,32,8,2,0,1,0.2,32,-4.0,1.0
2022-04-24,2021-22,Ligue1,Rennes,Lorient,4,3,1,2,-0.2,33,4,3,1,2,-0.2,33,0.0,1.0
2022-04-24,2021-22,Ligue1,Lille,Strasbourg,4,3,1,2,-0.2,33,4,3,1,2,-0.2,33,0.0,1.0
2022-04-24,2021-22,Ligue1,Nice,Troyes,4,3,1,2,-0.2,33,4,3,1,2,-0.2,33,0.0,1.0
2022-04-24,2021-22,Ligue1,Clermont,Angers,4,3,1,2,-0.2,33,4,3,1,2,-0.2,33,0.0,0.5
2022-04-24,2021-22,Ligue1,Nantes,Bordeaux,4,3,1,2,-0.2,33,4,3,1,2,-0.2,33,0.0,1.0
2022-04-24,2021-22,SerieA,Bologna,Udinese,8,3,0,2,0.0,32,4,3,1,2,-0.4,32,4.0,0.5
2022-04-24,2021-22,EPL,Chelsea,West Ham,4,2,1,1,-0.15,31,7,2,0,1,0.15,33,-3.0,1.0
2022-04-24,2021-22,Ligue1,Metz,Brest,4,3,1,2,-0.2,33,4,3,1,2,-0.2,33,0.0,0.0
2022-04-24,2021-22,Ligue1,Reims,Marseille,4,3,1,2,-0.2,33,4,3,1,2,-0.2,33,0.0,0.0
2022-04-24,2021-22,SerieA,Lazio,Milan,8,2,0,1,-0.05,33,9,3,0,1,-0.15,33,-1.0,0.0
2022-04-24,2021-22,SerieA,Genoa,Cagliari,9,3,0,1,-0.15,33,8,2,0,1,-0.05,33,1.0,1.0
2022-04-24,2021-22,SerieA,Empoli,Napoli,8,2,0,1,0.1,33,6,2,1,1,-0.1,33,2.0,1.0
2022-04-25,2021-22,SerieA,Sassuolo,Juventus,9,2,0,1,0.0,33,9,2,0,1,0.0,33,0.0,0.0
2022-04-25,2021-22,EPL,Crystal Palace,Leeds,5,2,1,1,-0.5,32,16,1,0,0,0.5,32,-10.0,0.5
2022-04-27,2021-22,SerieA,Bologna,Inter,3,3,1,2,-0.65,33,4,3,1,2,-0.15,33,-1.0,1.0
2022-04-27,2021-22,SerieA,Atalanta,Torino,4,3,1,2,-0.2,33,4,3,1,2,-0.2,33,0.0,0.5
2022-04-27,2021-22,SerieA,Fiorentina,Udinese,3,3,1,2,-0.6,33,3,4,1,3,-0.8,33,0.0,0.0
2022-04-28,2021-22,EPL,Man United,Chelsea,5,4,1,3,-0.35,34,4,3,1,2,-0.25,32,1.0,0.5
2022-04-29,2021-22,Bundesliga,Union Berlin,Greuther Furth,6,3,1,2,-0.2,31,6,3,1,2,-0.2,31,0.0,0.5
2022-04-29,2021-22,Ligue1,Strasbourg,Paris SG,5,4,1,3,-0.45,34,6,4,1,3,-0.35,34,-1.0,0.5
2022-04-29,2021-22,LaLiga,Sevilla,Cadiz,8,2,0,2,0.0,33,8,3,0,2,-0.2,33,0.0,0.5
2022-04-30,2021-22,Ligue1,Lens,Nantes,7,4,0,2,-0.35,34,6,4,1,3,-0.45,34,1.0,0.5
2022-04-30,2021-22,SerieA,Spezia,Lazio,7,2,0,1,0.05,34,6,3,1,1,-0.25,34,1.0,0.0
2022-04-30,2021-22,SerieA,Sampdoria,Genoa,7,3,0,1,-0.15,34,6,3,1,1,-0.25,34,1.0,1.0
2022-04-30,2021-22,SerieA,Napoli,Sassuolo,6,3,1,2,-0.15,34,5,3,1,1,-0.25,34,1.0,1.0
2022-04-30,2021-22,EPL,Newcastle,Liverpool,7,3,0,3,-0.15,34,6,3,1,2,-0.25,33,1.0,0.0
2022-04-30,2021-22,EPL,Aston Villa,Norwich,7,1,0,1,0.0,32,7,3,0,1,-0.2,33,0.0,1.0
2022-04-30,2021-22,EPL,Southampton,Crystal Palace,6,3,1,2,-0.15,34,5,3,1,2,-0.25,33,1.0,0.0
2022-04-30,2021-22,EPL,Watford,Burnley,7,2,0,1,0.05,33,6,4,1,3,-0.45,33,1.0,0.0
2022-04-30,2021-22,EPL,Wolves,Brighton,6,1,1,1,0.0,33,6,3,1,2,-0.2,34,0.0,0.0
2022-04-30,2021-22,SerieA,Cagliari,Verona,6,2,1,1,-0.05,34,7,2,0,2,0.05,34,-1.0,0.0
2022-04-30,2021-22,EPL,Leeds,Man City,5,1,1,1,-0.1,33,7,3,0,2,-0.1,33,-2.0,0.0
2022-04-30,2021-22,Bundesliga,Hoffenheim,Freiburg,7,3,0,2,-0.2,31,7,3,0,1,-0.2,31,0.0,0.0
2022-04-30,2021-22,Bundesliga,Stuttgart,Wolfsburg,6,2,1,1,-0.1,31,8,2,0,1,0.1,31,-2.0,0.5
2022-04-30,2021-22,Bundesliga,Mainz,Bayern Munich,8,2,0,1,0.05,31,7,2,0,2,-0.05,31,1.0,1.0
2022-04-30,2021-22,Bundesliga,Dortmund,Bochum,7,2,0,1,0.05,31,6,3,1,1,-0.25,31,1.0,0.0
2022-04-30,2021-22,Bundesliga,Bielefeld,Hertha,7,2,0,2,0.05,31,6,2,1,1,-0.05,31,1.0,0.5
2022-04-30,2021-22,Bundesliga,Augsburg,FC Koln,6,2,1,1,-0.05,31,7,2,0,1,0.05,31,-1.0,0.0
2022-04-30,2021-22,LaLiga,Alaves,Villarreal,11,3,0,1,-0.2,33,11,2,0,1,0.0,33,0.0,1.0
2022-04-30,2021-22,LaLiga,Real Madrid,Espanol,10,2,0,2,0.05,33,9,3,0,2,-0.25,33,1.0,1.0
2022-04-30,2021-22,LaLiga,Valencia,Levante,11,3,0,1,-0.1,33,9,3,0,2,-0.3,33,2.0,0.5
2022-04-30,2021-22,LaLiga,Ath Bilbao,Ath Madrid,9,2,0,2,-0.05,33,10,2,0,2,0.05,33,-1.0,1.0
2022-04-30,2021-22,Ligue1,Rennes,St Etienne,6,3,1,2,-0.25,34,7,3,0,2,-0.15,34,-1.0,1.0
2022-05-01,2021-22,SerieA,Empoli,Torino,7,2,0,1,0.15,34,4,3,1,2,-0.35,34,3.0,0.0
2022-05-01,2021-22,SerieA,Juventus,Venezia,6,2,1,1,-0.1,34,8,2,0,1,0.1,33,-2.0,1.0
2022-05-01,2021-22,LaLiga,Elche,Osasuna,12,2,0,1,0.05,33,11,2,0,1,-0.05,33,1.0,0.5
2022-05-01,2021-22,EPL,Everton,Chelsea,7,2,0,2,0.2,32,3,3,1,3,-0.8,33,4.0,1.0
2022-05-01,2021-22,LaLiga,Vallecano,Sociedad,7,4,0,2,-0.55,33,10,2,0,1,0.15,33,-3.0,0.5
2022-05-01,2021-22,LaLiga,Barcelona,Mallorca,7,3,0,3,-0.45,33,12,2,0,1,0.25,33,-5.0,1.0
2022-05-01,2021-22,EPL,Tottenham,Leicester,8,2,0,1,0.0,33,8,3,0,2,-0.2,32,0.0,1.0
2022-05-01,2021-22,EPL,West Ham,Arsenal,7,2,0,1,-0.05,34,8,3,0,2,-0.15,33,-1.0,0.0
2022-05-01,2021-22,SerieA,Udinese,Inter,4,4,1,3,-0.4,34,4,3,1,2,-0.2,34,0.0,0.0
2022-05-01,2021-22,SerieA,Roma,Bologna,8,2,0,2,0.2,34,4,4,1,2,-0.6,34,4.0,0.5
2022-05-01,2021-22,LaLiga,Granada,Celta,11,2,0,1,0.0,33,11,2,0,1,0.0,33,0.0,0.5
2022-05-01,2021-22,SerieA,Milan,Fiorentina,7,2,0,1,0.15,34,4,3,1,2,-0.35,34,3.0,1.0
2022-05-01,2021-22,Ligue1,Montpellier,Metz,8,3,0,2,-0.15,34,7,3,0,2,-0.25,34,1.0,0.5
2022-05-01,2021-22,Ligue1,Troyes,Lille,7,3,0,2,-0.2,34,7,3,0,2,-0.2,34,0.0,1.0
2022-05-01,2021-22,Ligue1,Marseille,Lyon,7,3,0,2,-0.25,34,8,3,0,2,-0.15,34,-1.0,0.0
2022-05-01,2021-22,Ligue1,Bordeaux,Nice,7,3,0,2,-0.2,34,7,3,0,2,-0.2,34,0.0,0.0
2022-05-01,2021-22,Ligue1,Brest,Clermont,7,3,0,2,-0.2,34,7,3,0,2,-0.2,34,0.0,1.0
2022-05-01,2021-22,Ligue1,Monaco,Angers,8,3,0,2,-0.15,34,7,3,0,2,-0.25,34,1.0,1.0
2022-05-01,2021-22,Ligue1,Lorient,Reims,7,3,0,2,-0.2,34,7,3,0,2,-0.2,34,0.0,0.0
2022-05-02,2021-22,Bundesliga,M'gladbach,RB Leipzig,9,2,0,1,0.0,31,9,2,0,1,0.0,31,0.0,1.0
2022-05-02,2021-22,Bundesliga,Leverkusen,Ein Frankfurt,9,2,0,1,0.0,31,9,2,0,1,0.0,31,0.0,1.0
2022-05-02,2021-22,SerieA,Atalanta,Salernitana,5,3,1,2,-0.35,34,8,3,0,2,-0.05,33,-3.0,0.5
2022-05-02,2021-22,LaLiga,Getafe,Betis,12,2,0,1,-0.05,33,13,2,0,1,0.05,33,-1.0,0.5
2022-05-02,2021-22,EPL,Man United,Brentford,4,4,1,3,-0.65,35,9,2,0,1,0.25,34,-5.0,1.0
2022-05-05,2021-22,SerieA,Salernitana,Venezia,3,4,1,2,-0.85,34,4,3,1,2,-0.15,34,-1.0,1.0
2022-05-06,2021-22,Ligue1,Lille,Monaco,5,4,1,2,-0.4,35,5,3,1,2,-0.2,35,0.0,0.0
2022-05-06,2021-22,SerieA,Genoa,Juventus,6,2,1,2,0.05,35,5,3,1,2,-0.25,35,1.0,1.0
2022-05-06,2021-22,SerieA,Inter,Empoli,5,3,1,3,-0.2,35,5,3,1,2,-0.2,35,0.0,1.0
2022-05-06,2021-22,LaLiga,Levante,Sociedad,6,3,1,1,-0.15,34,5,2,1,1,-0.05,34,1.0,1.0
2022-05-06,2021-22,Bundesliga,Bochum,Bielefeld,6,3,1,2,-0.2,32,6,3,1,2,-0.2,32,0.0,1.0
2022-05-07,2021-22,SerieA,Lazio,Sampdoria,7,2,0,2,0.0,35,7,2,0,1,0.0,35,0.0,1.0
2022-05-07,2021-22,EPL,Chelsea,Wolves,6,4,1,3,-0.45,34,7,2,0,2,0.05,34,-1.0,0.5
2022-05-07,2021-22,EPL,Brighton,Man United,7,3,0,2,-0.1,35,5,4,1,2,-0.5,36,2.0,1.0
2022-05-07,2021-22,EPL,Liverpool,Tottenham,7,3,0,2,-0.15,34,6,2,1,1,-0.05,34,1.0,0.5
2022-05-07,2021-22,Ligue1,Brest,Strasbourg,6,3,1,2,-0.3,35,8,4,0,2,-0.3,35,-2.0,0.0
2022-05-07,2021-22,EPL,Brentford,Southampton,5,2,1,1,-0.1,35,7,3,0,2,-0.1,35,-2.0,1.0
2022-05-07,2021-22,EPL,Burnley,Aston Villa,7,4,0,2,-0.4,34,7,2,0,1,0.0,33,0.0,0.0
2022-05-07,2021-22,EPL,Crystal Palace,Watford,7,3,0,2,-0.2,34,7,2,0,1,0.0,34,0.0,1.0
2022-05-07,2021-22,LaLiga,Cadiz,Elche,8,3,0,1,-0.1,34,6,2,1,1,-0.1,34,2.0,1.0
2022-05-07,2021-22,Bundesliga,Hertha,Mainz,7,2,0,2,0.0,32,7,2,0,1,0.0,32,0.0,0.0
2022-05-07,2021-22,Bundesliga,Hoffenheim,Leverkusen,7,3,0,1,-0.1,32,5,3,1,1,-0.3,32,2.0,0.0
2022-05-07,2021-22,Bundesliga,Greuther Furth,Dortmund,8,3,0,1,-0.15,32,7,2,0,1,-0.05,32,1.0,0.0
2022-05-07,2021-22,Bundesliga,Freiburg,Union Berlin,7,2,0,1,-0.05,32,8,3,0,1,-0.15,32,-1.0,0.0
2022-05-07,2021-22,Bundesliga,FC Koln,Wolfsburg,7,2,0,1,0.0,32,7,2,0,1,0.0,32,0.0,0.0
2022-05-07,2021-22,SerieA,Torino,Napoli,6,3,1,2,-0.25,35,7,3,0,2,-0.15,35,-1.0,0.0
2022-05-07,2021-22,LaLiga,Mallorca,Granada,6,2,1,1,0.0,34,6,3,1,1,-0.2,34,0.0,0.0
2022-05-07,2021-22,LaLiga,Ath Bilbao,Valencia,7,3,0,1,-0.2,34,7,2,0,1,0.0,34,0.0,0.5
2022-05-07,2021-22,SerieA,Sassuolo,Udinese,7,2,0,2,0.05,35,6,4,1,3,-0.45,35,1.0,0.5
2022-05-07,2021-22,LaLiga,Celta,Alaves,6,3,1,1,-0.25,34,7,2,0,1,0.05,34,-1.0,1.0
2022-05-07,2021-22,LaLiga,Betis,Barcelona,5,2,1,1,-0.05,34,6,4,1,2,-0.35,34,-1.0,0.0
2022-05-08,2021-22,Ligue1,Lorient,Marseille,7,3,0,1,-0.2,35,7,3,0,1,-0.2,35,0.0,0.0
2022-05-08,2021-22,Ligue1,Reims,Lens,7,3,0,1,-0.25,35,8,3,0,1,-0.15,35,-1.0,0.0
2022-05-08,2021-22,Ligue1,Clermont,Montpellier,7,3,0,1,-0.2,35,7,3,0,1,-0.2,35,0.0,1.0
2022-05-08,2021-22,EPL,Man City,Newcastle,8,3,0,1,-0.2,34,8,3,0,1,-0.2,35,0.0,1.0
2022-05-08,2021-22,Ligue1,Metz,Lyon,7,3,0,1,-0.2,35,7,3,0,1,-0.2,35,0.0,1.0
2022-05-08,2021-22,LaLiga,Ath Madrid,Real Madrid,8,2,0,1,0.0,34,8,2,0,1,0.0,34,0.0,1.0
2022-05-08,2021-22,Ligue1,Angers,Bordeaux,7,3,0,1,-0.2,35,7,3,0,1,-0.2,35,0.0,1.0
2022-05-08,2021-22,Ligue1,Paris SG,Troyes,9,3,0,1,-0.1,35,7,3,0,1,-0.3,35,2.0,0.5
2022-05-08,2021-22,EPL,Leicester,Everton,7,3,0,1,-0.2,33,7,3,0,1,-0.2,33,0.0,0.0
2022-05-08,2021-22,EPL,Norwich,West Ham,8,2,0,1,0.05,34,7,2,0,1,-0.05,35,1.0,0.0
2022-05-08,2021-22,Bundesliga,Ein Frankfurt,M'gladbach,6,2,1,1,0.0,32,6,2,1,1,0.0,32,0.0,0.5
2022-05-08,2021-22,EPL,Arsenal,Leeds,7,3,0,1,-0.25,34,8,2,0,2,0.05,34,-1.0,1.0
2022-05-08,2021-22,LaLiga,Espanol,Osasuna,8,2,0,1,0.05,34,7,2,0,1,-0.05,34,1.0,0.5
2022-05-08,2021-22,LaLiga,Villarreal,Sevilla,8,2,0,1,-0.05,34,9,2,0,1,0.05,34,-1.0,0.5
2022-05-08,2021-22,LaLiga,Getafe,Vallecano,6,2,1,1,-0.05,34,7,3,0,1,-0.15,34,-1.0,0.5
2022-05-08,2021-22,SerieA,Verona,Milan,8,3,0,1,-0.15,35,7,2,0,1,-0.05,35,1.0,0.0
2022-05-08,2021-22,SerieA,Salernitana,Cagliari,3,4,2,2,-1.05,35,8,2,0,1,0.25,35,-5.0,0.5
2022-05-08,2021-22,SerieA,Venezia,Bologna,3,3,1,2,-0.8,35,7,3,0,2,0.0,35,-4.0,1.0
2022-05-08,2021-22,SerieA,Spezia,Atalanta,8,2,0,1,0.1,35,6,4,1,2,-0.5,35,2.0,0.0
2022-05-08,2021-22,Bundesliga,RB Leipzig,Augsburg,6,2,1,1,-0.1,32,8,2,0,1,0.1,32,-2.0,1.0
2022-05-08,2021-22,Bundesliga,Bayern Munich,Stuttgart,8,2,0,1,0.0,32,8,2,0,1,0.0,32,0.0,0.5
2022-05-09,2021-22,SerieA,Fiorentina,Roma,8,3,0,2,-0.2,35,8,2,0,1,0.0,35,0.0,1.0
2022-05-10,2021-22,LaLiga,Granada,Ath Bilbao,3,3,1,2,-0.6,35,3,3,1,2,-0.6,35,0.0,1.0
2022-05-10,2021-22,EPL,Aston Villa,Liverpool,3,3,1,2,-0.6,34,3,3,1,2,-0.6,35,0.0,0.0
2022-05-10,2021-22,LaLiga,Valencia,Betis,3,2,1,2,-0.4,35,3,2,1,2,-0.4,35,0.0,0.0
2022-05-10,2021-22,LaLiga,Barcelona,Celta,3,4,1,2,-0.8,35,3,3,1,2,-0.6,35,0.0,1.0
2022-05-11,2021-22,LaLiga,Elche,Ath Madrid,4,2,1,2,0.05,35,3,2,1,2,-0.45,35,1.0,0.0
2022-05-11,2021-22,EPL,Wolves,Man City,4,3,1,2,-0.15,35,3,3,1,2,-0.65,35,1.0,0.0
2022-05-11,2021-22,LaLiga,Alaves,Espanol,4,2,1,2,0.05,35,3,3,1,2,-0.65,35,1.0,1.0
2022-05-11,2021-22,LaLiga,Osasuna,Getafe,3,2,1,2,-0.4,35,3,2,1,2,-0.4,35,0.0,0.5
2022-05-11,2021-22,LaLiga,Sevilla,Mallorca,3,3,1,2,-0.65,35,4,2,1,2,0.05,35,-1.0,0.5
2022-05-11,2021-22,EPL,Leicester,Norwich,3,3,1,2,-0.6,34,3,3,1,2,-0.6,35,0.0,1.0
2022-05-11,2021-22,EPL,Leeds,Chelsea,3,3,1,2,-0.65,35,4,4,1,3,-0.35,35,-1.0,0.0
2022-05-11,2021-22,EPL,Watford,Everton,4,3,1,2,-0.15,35,3,3,1,2,-0.65,34,1.0,0.5
2022-05-11,2021-22,Ligue1,Nantes,Rennes,11,2,0,1,0.0,35,11,2,0,1,0.0,35,0.0,1.0
2022-05-11,2021-22,Ligue1,Nice,St Etienne,10,2,0,1,-0.05,35,11,2,0,1,0.05,35,-1.0,1.0
2022-05-12,2021-22,EPL,Tottenham,Arsenal,5,3,1,2,-0.15,35,4,3,1,2,-0.25,35,1.0,1.0
2022-05-12,2021-22,LaLiga,Real Madrid,Levante,4,2,1,2,-0.1,35,6,2,1,2,0.1,35,-2.0,1.0
2022-05-12,2021-22,LaLiga,Vallecano,Villarreal,4,3,1,2,-0.2,35,4,2,1,2,0.0,35,0.0,0.0
2022-05-12,2021-22,LaLiga,Sociedad,Cadiz,6,2,1,2,0.05,35,5,2,1,2,-0.05,35,1.0,1.0
2022-05-14,2021-22,Ligue1,Monaco,Brest,8,2,0,2,0.05,36,7,3,0,2,-0.25,36,1.0,1.0
2022-05-14,2021-22,Ligue1,Nice,Lille,3,3,1,2,-0.85,36,8,3,0,2,0.05,36,-5.0,0.0
2022-05-14,2021-22,Ligue1,Rennes,Marseille,3,3,1,1,-0.75,36,6,3,1,2,-0.05,36,-3.0,1.0
2022-05-14,2021-22,Ligue1,St Etienne,Reims,3,2,1,1,-0.55,36,6,3,1,2,-0.05,36,-3.0,0.0
2022-05-14,2021-22,Ligue1,Strasbourg,Clermont,7,3,0,1,-0.15,36,6,3,1,2,-0.25,36,1.0,1.0
2022-05-14,2021-22,Ligue1,Montpellier,Paris SG,6,2,1,2,0.0,36,6,2,1,1,0.0,36,0.0,0.0
2022-05-14,2021-22,Ligue1,Metz,Angers,6,3,1,2,-0.2,36,6,3,1,2,-0.2,36,0.0,1.0
2022-05-14,2021-22,Bundesliga,Bielefeld,RB Leipzig,8,2,0,1,0.1,33,6,2,1,2,-0.1,33,2.0,0.5
2022-05-14,2021-22,Ligue1,Troyes,Lens,6,3,1,2,-0.2,36,6,2,1,1,0.0,36,0.0,0.0
2022-05-14,2021-22,Ligue1,Bordeaux,Lorient,6,3,1,2,-0.2,36,6,3,1,2,-0.2,36,0.0,0.5
2022-05-14,2021-22,SerieA,Roma,Venezia,5,2,1,2,-0.05,36,6,3,1,3,-0.15,36,-1.0,0.5
2022-05-14,2021-22,SerieA,Verona,Torino,6,2,1,1,-0.05,36,7,3,0,2,-0.15,36,-1.0,0.0
2022-05-14,2021-22,SerieA,Udinese,Spezia,7,4,0,2,-0.35,36,6,2,1,1,-0.05,36,1.0,0.0
2022-05-14,2021-22,SerieA,Empoli,Salernitana,8,3,0,2,-0.1,36,6,4,1,3,-0.5,36,2.0,0.5
2022-05-14,2021-22,Ligue1,Lyon,Nantes,6,2,1,2,0.15,36,3,3,1,1,-0.75,36,3.0,1.0
2022-05-14,2021-22,Bundesliga,Augsburg,Greuther Furth,6,3,1,1,-0.25,33,7,2,0,1,0.05,33,-1.0,1.0
2022-05-14,2021-22,LaLiga,Espanol,Valencia,3,3,2,2,-0.65,36,4,3,1,2,-0.15,36,-1.0,0.5
2022-05-14,2021-22,Bundesliga,Dortmund,Hertha,7,2,0,1,0.0,33,7,3,0,1,-0.2,33,0.0,1.0
2022-05-14,2021-22,Bundesliga,Mainz,Ein Frankfurt,7,2,0,1,0.05,33,6,2,1,2,-0.05,33,1.0,0.5
2022-05-14,2021-22,Bundesliga,M'gladbach,Hoffenheim,6,2,1,2,-0.05,33,7,2,0,1,0.05,33,-1.0,1.0
2022-05-14,2021-22,Bundesliga,Stuttgart,FC Koln,6,3,1,1,-0.25,33,7,2,0,1,0.05,33,-1.0,1.0
2022-05-14,2021-22,Bundesliga,Union Berlin,Bochum,7,2,0,1,-0.05,33,8,3,0,1,-0.15,33,-1.0,1.0
2022-05-14,2021-22,Bundesliga,Wolfsburg,Bayern Munich,7,2,0,1,0.05,33,6,2,1,1,-0.05,33,1.0,0.5
2022-05-14,2021-22,Bundesliga,Leverkusen,Freiburg,7,2,0,2,0.0,33,7,2,0,1,0.0,33,0.0,1.0
2022-05-15,2021-22,SerieA,Bologna,Sassuolo,7,3,0,1,-0.25,36,8,3,0,1,-0.15,36,-1.0,0.0
2022-05-15,2021-22,SerieA,Napoli,Genoa,8,2,0,1,-0.05,36,9,2,0,1,0.05,36,-1.0,1.0
2022-05-15,2021-22,SerieA,Milan,Atalanta,7,2,0,1,0.0,36,7,3,0,2,-0.2,36,0.0,1.0
2022-05-15,2021-22,SerieA,Cagliari,Inter,7,2,0,1,-0.1,36,9,3,0,1,-0.1,36,-2.0,0.0
2022-05-15,2021-22,EPL,Tottenham,Burnley,3,3,1,2,-0.85,36,8,2,0,1,0.25,35,-5.0,1.0
2022-05-15,2021-22,EPL,Leeds,Brighton,4,4,1,2,-0.6,36,8,2,0,1,0.2,36,-4.0,0.5
2022-05-15,2021-22,EPL,Watford,Leicester,4,3,1,2,-0.2,36,4,3,1,2,-0.2,35,0.0,0.0
2022-05-15,2021-22,EPL,West Ham,Man City,7,2,0,1,0.15,36,4,3,1,2,-0.35,36,3.0,0.5
2022-05-15,2021-22,EPL,Aston Villa,Crystal Palace,5,3,1,2,-0.35,35,8,3,0,1,-0.05,35,-3.0,0.5
2022-05-15,2021-22,EPL,Everton,Brentford,4,3,1,2,-0.4,35,8,2,0,2,0.2,36,-4.0,0.0
2022-05-15,2021-22,LaLiga,Villarreal,Sociedad,3,3,1,2,-0.6,36,3,3,1,2,-0.6,36,0.0,0.0
2022-05-15,2021-22,LaLiga,Ath Bilbao,Osasuna,5,3,1,2,-0.15,36,4,3,1,2,-0.25,36,1.0,1.0
2022-05-15,2021-22,LaLiga,Mallorca,Vallecano,4,3,1,2,-0.15,36,3,3,1,2,-0.65,36,1.0,1.0
2022-05-15,2021-22,LaLiga,Levante,Alaves,3,3,1,2,-0.65,36,4,3,1,2,-0.15,36,-1.0,1.0
2022-05-15,2021-22,LaLiga,Ath Madrid,Sevilla,4,3,1,2,-0.2,36,4,3,1,2,-0.2,36,0.0,0.5
2022-05-15,2021-22,LaLiga,Betis,Granada,5,3,1,3,-0.2,36,5,3,1,2,-0.2,36,0.0,1.0
2022-05-15,2021-22,LaLiga,Cadiz,Real Madrid,3,3,1,2,-0.6,36,3,3,1,2,-0.6,36,0.0,0.5
2022-05-15,2021-22,EPL,Wolves,Norwich,4,3,1,2,-0.2,36,4,3,1,2,-0.2,36,0.0,0.5
2022-05-15,2021-22,LaLiga,Celta,Elche,5,3,1,2,-0.15,36,4,3,1,2,-0.25,36,1.0,1.0
2022-05-15,2021-22,LaLiga,Getafe,Barcelona,4,3,1,3,-0.25,36,5,3,1,2,-0.15,36,-1.0,0.5
2022-05-16,2021-22,EPL,Newcastle,Arsenal,8,2,0,1,0.2,36,4,3,1,2,-0.4,36,4.0,1.0
2022-05-16,2021-22,SerieA,Juventus,Lazio,10,2,0,1,0.05,36,9,2,0,1,-0.05,36,1.0,0.5
2022-05-16,2021-22,SerieA,Sampdoria,Fiorentina,9,2,0,1,0.1,36,7,3,0,1,-0.3,36,2.0,1.0
2022-05-17,2021-22,EPL,Southampton,Liverpool,10,2,0,1,0.15,36,7,3,0,2,-0.35,36,3.0,0.0
2022-05-19,2021-22,EPL,Chelsea,Leicester,8,3,0,2,0.0,36,4,4,1,3,-0.6,36,4.0,0.5
2022-05-19,2021-22,EPL,Aston Villa,Burnley,4,4,1,3,-0.4,36,4,3,1,2,-0.2,36,0.0,0.5
2022-05-19,2021-22,EPL,Everton,Crystal Palace,4,4,1,3,-0.4,36,4,3,1,2,-0.2,36,0.0,1.0
2022-05-20,2021-22,SerieA,Torino,Roma,6,3,1,2,-0.2,37,6,3,1,2,-0.2,37,0.0,0.0
2022-05-20,2021-22,LaLiga,Vallecano,Levante,5,4,1,3,-0.4,37,5,4,1,2,-0.4,37,0.0,0.0
2022-05-20,2021-22,LaLiga,Real Madrid,Betis,5,4,1,3,-0.4,37,5,4,1,3,-0.4,37,0.0,0.5
2022-05-21,2021-22,LaLiga,Valencia,Celta,7,3,0,2,-0.15,37,6,4,1,2,-0.45,37,1.0,1.0
2022-05-21,2021-22,SerieA,Atalanta,Empoli,6,3,1,2,-0.25,37,7,3,0,1,-0.15,37,-1.0,0.0
2022-05-21,2021-22,SerieA,Fiorentina,Juventus,5,3,1,2,-0.2,37,5,3,1,1,-0.2,37,0.0,1.0
2022-05-21,2021-22,SerieA,Lazio,Verona,5,2,1,1,-0.1,37,7,2,0,2,0.1,37,-2.0,0.5
2022-05-21,2021-22,Ligue1,Angers,Montpellier,7,3,0,2,-0.2,37,7,3,0,2,-0.2,37,0.0,1.0
2022-05-21,2021-22,Ligue1,Clermont,Lyon,7,3,0,2,-0.2,37,7,3,0,2,-0.2,37,0.0,0.0
2022-05-21,2021-22,Ligue1,Lens,Monaco,7,2,0,2,0.0,37,7,3,0,1,-0.2,37,0.0,0.5
2022-05-21,2021-22,Ligue1,Lorient,Troyes,7,3,0,2,-0.2,37,7,3,0,2,-0.2,37,0.0,0.5
2022-05-21,2021-22,Ligue1,Marseille,Strasbourg,7,3,0,2,-0.2,37,7,2,0,1,0.0,37,0.0,1.0
2022-05-21,2021-22,Ligue1,Nantes,St Etienne,7,2,0,2,0.0,37,7,2,0,2,0.0,37,0.0,0.5
2022-05-21,2021-22,Ligue1,Paris SG,Metz,7,2,0,2,0.0,37,7,3,0,2,-0.2,37,0.0,1.0
2022-05-21,2021-22,Ligue1,Reims,Nice,7,3,0,2,-0.2,37,7,3,0,2,-0.2,37,0.0,0.0
2022-05-21,2021-22,SerieA,Genoa,Bologna,6,2,1,1,0.0,37,6,3,1,2,-0.2,37,0.0,0.0
2022-05-21,2021-22,Ligue1,Brest,Bordeaux,7,3,0,1,-0.2,37,7,3,0,2,-0.2,37,0.0,0.0
2022-05-21,2021-22,Ligue1,Lille,Rennes,7,3,0,1,-0.2,37,7,2,0,2,0.0,37,0.0,0.5
2022-05-22,2021-22,SerieA,Venezia,Cagliari,8,3,0,1,-0.15,37,7,2,0,1,-0.05,37,1.0,0.5
2022-05-22,2021-22,LaLiga,Granada,Espanol,7,3,0,2,-0.25,37,8,3,0,2,-0.15,37,-1.0,0.5
2022-05-22,2021-22,LaLiga,Osasuna,Mallorca,7,3,0,2,-0.2,37,7,3,0,2,-0.2,37,0.0,0.0
2022-05-22,2021-22,LaLiga,Barcelona,Villarreal,7,3,0,2,-0.2,37,7,3,0,2,-0.2,37,0.0,0.0
2022-05-22,2021-22,LaLiga,Sevilla,Ath Bilbao,7,3,0,2,-0.2,37,7,3,0,2,-0.2,37,0.0,1.0
2022-05-22,2021-22,LaLiga,Sociedad,Ath Madrid,7,3,0,2,-0.2,37,7,3,0,2,-0.2,37,0.0,0.0
2022-05-22,2021-22,EPL,Burnley,Newcastle,3,3,1,2,-0.75,37,6,2,1,1,0.15,37,-3.0,0.0
2022-05-22,2021-22,SerieA,Salernitana,Udinese,8,4,0,1,-0.4,37,8,2,0,1,0.0,37,0.0,0.0
2022-05-22,2021-22,SerieA,Sassuolo,Milan,7,2,0,1,0.0,37,7,2,0,1,0.0,37,0.0,0.0
2022-05-22,2021-22,LaLiga,Alaves,Cadiz,7,3,0,2,-0.2,37,7,3,0,2,-0.2,37,0.0,0.0
2022-05-22,2021-22,SerieA,Inter,Sampdoria,7,2,0,1,0.05,37,6,2,1,1,-0.05,37,1.0,1.0
2022-05-22,2021-22,EPL,Norwich,Tottenham,7,3,0,2,-0.2,37,7,3,0,2,-0.2,37,0.0,0.0
2022-05-22,2021-22,EPL,Man City,Aston Villa,7,3,0,2,0.0,37,3,4,1,3,-1.0,37,4.0,1.0
2022-05-22,2021-22,EPL,Liverpool,Wolves,5,3,1,2,-0.3,37,7,3,0,2,-0.1,37,-2.0,1.0
2022-05-22,2021-22,EPL,Leicester,Southampton,3,4,1,3,-0.9,37,5,2,1,1,0.1,37,-2.0,1.0
2022-05-22,2021-22,EPL,Crystal Palace,Man United,3,3,1,2,-1.1,37,15,2,0,0,0.5,37,-10.0,1.0
2022-05-22,2021-22,EPL,Arsenal,Everton,6,3,1,2,-0.05,37,3,4,1,3,-0.95,37,3.0,1.0
2022-05-22,2021-22,EPL,Brentford,Leeds,7,3,0,1,-0.2,37,7,3,0,2,-0.2,37,0.0,0.0
2022-05-22,2021-22,EPL,Brighton,West Ham,7,2,0,1,0.0,37,7,2,0,1,0.0,37,0.0,1.0
2022-05-22,2021-22,SerieA,Spezia,Napoli,8,2,0,1,0.05,37,7,2,0,1,-0.05,37,1.0,0.0
2022-05-22,2021-22,LaLiga,Elche,Getafe,7,3,0,2,-0.2,37,7,4,0,2,-0.4,37,0.0,1.0
2022-05-22,2021-22,EPL,Chelsea,Watford,3,3,1,2,-0.8,37,7,3,0,2,0.0,37,-4.0,1.0
2022-08-05,2022-23,EPL,Crystal Palace,Arsenal,75,0,0,0,0.0,0,75,0,0,0,0.0,0,0.0,0.0
2022-08-05,2022-23,Ligue1,Lyon,Ajaccio,76,0,0,0,0.5,0,14,0,0,0,-0.5,0,10.0,1.0
2022-08-05,2022-23,Bundesliga,Ein Frankfurt,Bayern Munich,83,0,0,0,0.0,0,83,0,0,0,0.0,0,0.0,0.0
2022-08-06,2022-23,Bundesliga,Augsburg,Freiburg,84,0,0,0,0.0,0,84,0,0,0,0.0,0,0.0,0.0
2022-08-06,2022-23,EPL,Bournemouth,Aston Villa,14,0,0,0,-0.5,0,76,0,0,0,0.5,0,-10.0,1.0
2022-08-06,2022-23,EPL,Newcastle,Nott'm Forest,76,0,0,0,0.5,0,14,0,0,0,-0.5,0,10.0,1.0
2022-08-06,2022-23,Ligue1,Clermont,Paris SG,77,0,0,0,0.0,0,77,0,0,0,0.0,0,0.0,0.0
2022-08-06,2022-23,Bundesliga,M'gladbach,Hoffenheim,84,0,0,0,0.0,0,84,0,0,0,0.0,0,0.0,1.0
2022-08-06,2022-23,Bundesliga,Union Berlin,Hertha,84,0,0,0,0.0,0,84,0,0,0,0.0,0,0.0,1.0
2022-08-06,2022-23,Bundesliga,Wolfsburg,Werder Bremen,84,0,0,0,-0.5,0,441,0,0,0,0.5,0,-10.0,0.5
2022-08-06,2022-23,Bundesliga,Dortmund,Leverkusen,84,0,0,0,0.0,0,84,0,0,0,0.0,0,0.0,1.0
2022-08-06,2022-23,EPL,Tottenham,Southampton,76,0,0,0,0.0,0,76,0,0,0,0.0,0,0.0,1.0
2022-08-06,2022-23,EPL,Leeds,Wolves,76,0,0,0,0.0,0,76,0,0,0,0.0,0,0.0,1.0
2022-08-06,2022-23,EPL,Everton,Chelsea,76,0,0,0,0.0,0,76,0,0,0,0.0,0,0.0,0.0
2022-08-06,2022-23,Ligue1,Strasbourg,Monaco,77,0,0,0,0.0,0,77,0,0,0,0.0,0,0.0,0.0
2022-08-06,2022-23,Bundesliga,Bochum,Mainz,84,0,0,0,0.0,0,84,0,0,0,0.0,0,0.0,0.0
2022-08-06,2022-23,EPL,Fulham,Liverpool,440,0,0,0,0.5,0,76,0,0,0,-0.5,0,10.0,0.5
2022-08-07,2022-23,Ligue1,Rennes,Lorient,78,0,0,0,0.0,0,78,0,0,0,0.0,0,0.0,0.0
2022-08-07,2022-23,Ligue1,Montpellier,Troyes,78,0,0,0,0.0,0,78,0,0,0,0.0,0,0.0,1.0
2022-08-07,2022-23,Ligue1,Lille,Auxerre,78,0,0,0,0.5,0,14,0,0,0,-0.5,0,10.0,1.0
2022-08-07,2022-23,EPL,Leicester,Brentford,77,0,0,0,0.0,0,77,0,0,0,0.0,0,0.0,0.5
2022-08-07,2022-23,EPL,Man United,Brighton,77,0,0,0,0.0,0,77,0,0,0,0.0,0,0.0,0.0
2022-08-07,2022-23,EPL,West Ham,Man City,77,0,0,0,0.0,0,77,0,0,0,0.0,0,0.0,0.0
2022-08-07,2022-23,Ligue1,Marseille,Reims,78,0,0,0,0.0,0,78,0,0,0,0.0,0,0.0,1.0
2022-08-07,2022-23,Ligue1,Angers,Nantes,78,0,0,0,0.0,0,78,0,0,0,0.0,0,0.0,0.5
2022-08-07,2022-23,Ligue1,Toulouse,Nice,14,0,0,0,-0.5,0,78,0,0,0,0.5,0,-10.0,0.5
2022-08-07,2022-23,Bundesliga,Stuttgart,RB Leipzig,85,0,0,0,0.0,0,85,0,0,0,0.0,0,0.0,0.5
2022-08-07,2022-23,Bundesliga,FC Koln,Schalke 04,85,0,0,0,-0.5,0,442,0,0,0,0.5,0,-10.0,1.0
2022-08-07,2022-23,Ligue1,Lens,Brest,78,0,0,0,0.0,0,78,0,0,0,0.0,0,0.0,1.0
2022-08-12,2022-23,Ligue1,Nantes,Lille,5,1,1,1,0.0,1,5,1,1,1,0.0,1,0.0,0.5
2022-08-12,2022-23,LaLiga,Osasuna,Sevilla,82,0,0,0,0.0,0,82,0,0,0,0.0,0,0.0,1.0
2022-08-12,2022-23,Bundesliga,Freiburg,Dortmund,6,1,1,1,0.0,1,6,1,1,1,0.0,1,0.0,0.0
2022-08-13,2022-23,Bundesliga,Hertha,Ein Frankfurt,7,1,0,1,-0.05,1,8,1,0,1,0.05,1,-1.0,0.5
2022-08-13,2022-23,Bundesliga,Hoffenheim,Bochum,7,1,0,1,0.0,1,7,1,0,1,0.0,1,0.0,1.0
2022-08-13,2022-23,Bundesliga,Leverkusen,Augsburg,7,1,0,1,0.0,1,7,1,0,1,0.0,1,0.0,0.0
2022-08-13,2022-23,Bundesliga,Werder Bremen,Stuttgart,7,1,0,1,0.05,1,6,1,1,1,-0.05,1,1.0,0.5
2022-08-13,2022-23,Bundesliga,Schalke 04,M'gladbach,6,1,1,1,-0.05,1,7,1,0,1,0.05,1,-1.0,0.5
2022-08-13,2022-23,EPL,Aston Villa,Everton,7,1,0,1,0.0,1,7,1,0,1,0.0,1,0.0,1.0
2022-08-13,2022-23,EPL,Arsenal,Leicester,8,1,0,1,0.1,1,6,1,1,1,-0.1,1,2.0,1.0
2022-08-13,2022-23,EPL,Brighton,Newcastle,6,1,1,1,-0.05,1,7,1,0,1,0.05,1,-1.0,0.5
2022-08-13,2022-23,EPL,Wolves,Fulham,7,1,0,1,0.0,1,7,1,0,1,0.0,1,0.0,0.5
2022-08-13,2022-23,EPL,Southampton,Leeds,7,1,0,1,0.0,1,7,1,0,1,0.0,1,0.0,0.5
2022-08-13,2022-23,Ligue1,Paris SG,Montpellier,7,1,0,1,0.05,1,6,1,1,1,-0.05,1,1.0,1.0
2022-08-13,2022-23,Ligue1,Monaco,Rennes,7,1,0,1,0.05,1,6,1,1,1,-0.05,1,1.0,0.5
2022-08-13,2022-23,LaLiga,Celta,Espanol,84,0,0,0,0.05,0,83,0,0,0,-0.05,0,1.0,0.5
2022-08-13,2022-23,LaLiga,Valladolid,Villarreal,448,0,0,0,0.5,0,83,0,0,0,-0.5,0,10.0,0.0
2022-08-13,2022-23,LaLiga,Barcelona,Vallecano,83,0,0,0,-0.1,0,85,0,0,0,0.1,0,-2.0,0.5
2022-08-13,2022-23,EPL,Man City,Bournemouth,6,1,1,1,-0.05,1,7,1,0,1,0.05,1,-1.0,1.0
2022-08-13,2022-23,SerieA,Monza,Torino,14,0,0,0,-0.5,0,85,0,0,0,0.5,0,-10.0,0.0
2022-08-13,2022-23,SerieA,Lecce,Inter,14,0,0,0,-0.5,0,83,0,0,0,0.5,0,-10.0,0.0
2022-08-13,2022-23,Bundesliga,RB Leipzig,FC Koln,6,1,1,1,0.0,1,6,1,1,1,0.0,1,0.0,0.5
2022-08-13,2022-23,SerieA,Sampdoria,Atalanta,83,0,0,0,-0.05,0,84,0,0,0,0.05,0,-1.0,0.0
2022-08-13,2022-23,SerieA,Milan,Udinese,83,0,0,0,0.0,0,83,0,0,0,0.0,0,0.0,1.0
2022-08-13,2022-23,EPL,Brentford,Man United,6,1,1,1,0.0,1,6,1,1,1,0.0,1,0.0,1.0
2022-08-14,2022-23,Ligue1,Nice,Strasbourg,7,1,0,1,-0.05,1,8,1,0,1,0.05,1,-1.0,0.5
2022-08-14,2022-23,Bundesliga,Bayern Munich,Wolfsburg,9,1,0,1,0.05,1,8,1,0,1,-0.05,1,1.0,1.0
2022-08-14,2022-23,Bundesliga,Mainz,Union Berlin,8,1,0,1,0.0,1,8,1,0,1,0.0,1,0.0,0.5
2022-08-14,2022-23,EPL,Chelsea,Tottenham,8,1,0,1,0.0,1,8,1,0,1,0.0,1,0.0,0.5
2022-08-14,2022-23,SerieA,Salernitana,Roma,84,0,0,0,-0.1,0,86,0,0,0,0.1,0,-2.0,0.0
2022-08-14,2022-23,SerieA,Spezia,Empoli,84,0,0,0,-0.05,0,85,0,0,0,0.05,0,-1.0,1.0
2022-08-14,2022-23,Ligue1,Ajaccio,Lens,9,1,0,1,0.1,1,7,1,0,1,-0.1,1,2.0,0.5
2022-08-14,2022-23,EPL,Nott'm Forest,West Ham,8,1,0,1,0.05,1,7,1,0,1,-0.05,1,1.0,1.0
2022-08-14,2022-23,Ligue1,Brest,Marseille,7,1,0,1,0.0,1,7,1,0,1,0.0,1,0.0,0.5
2022-08-14,2022-23,LaLiga,Almeria,Real Madrid,14,0,0,0,-0.5,0,86,0,0,0,0.5,0,-10.0,0.0
2022-08-14,2022-23,Ligue1,Reims,Clermont,7,1,0,1,-0.05,1,8,1,0,1,0.05,1,-1.0,0.0
2022-08-14,2022-23,LaLiga,Cadiz,Sociedad,84,0,0,0,0.0,0,84,0,0,0,0.0,0,0.0,0.0
2022-08-14,2022-23,LaLiga,Valencia,Girona,85,0,0,0,0.5,0,14,0,0,0,-0.5,0,10.0,1.0
2022-08-14,2022-23,Ligue1,Auxerre,Angers,7,1,0,1,0.0,1,7,1,0,1,0.0,1,0.0,0.5
2022-08-14,2022-23,SerieA,Lazio,Bologna,85,0,0,0,0.0,0,85,0,0,0,0.0,0,0.0,1.0
2022-08-14,2022-23,SerieA,Fiorentina,Cremonese,85,0,0,0,0.5,0,14,0,0,0,-0.5,0,10.0,1.0
2022-08-14,2022-23,Ligue1,Troyes,Toulouse,7,1,0,1,0.0,1,7,1,0,1,0.0,1,0.0,0.0
2022-08-15,2022-23,SerieA,Juventus,Sassuolo,86,0,0,0,0.05,0,85,0,0,0,-0.05,0,1.0,1.0
2022-08-15,2022-23,SerieA,Verona,Napoli,86,0,0,0,0.05,0,85,0,0,0,-0.05,0,1.0,0.0
2022-08-15,2022-23,LaLiga,Ath Bilbao,Mallorca,85,0,0,0,0.0,0,85,0,0,0,0.0,0,0.0,0.5
2022-08-15,2022-23,LaLiga,Getafe,Ath Madrid,85,0,0,0,0.0,0,85,0,0,0,0.0,0,0.0,0.0
2022-08-15,2022-23,LaLiga,Betis,Elche,87,0,0,0,0.1,0,85,0,0,0,-0.1,0,2.0,1.0
2022-08-15,2022-23,EPL,Liverpool,Crystal Palace,9,1,0,1,-0.05,1,10,1,0,1,0.05,1,-1.0,0.5
2022-08-19,2022-23,Ligue1,Lyon,Troyes,14,1,0,0,0.45,1,5,2,1,2,-0.45,2,9.0,1.0
2022-08-19,2022-23,Bundesliga,M'gladbach,Hertha,6,2,1,2,0.0,2,6,2,1,2,0.0,2,0.0,1.0
2022-08-19,2022-23,LaLiga,Sevilla,Valladolid,7,1,0,1,0.05,1,6,1,1,1,-0.05,1,1.0,0.5
2022-08-19,2022-23,LaLiga,Espanol,Vallecano,6,1,1,1,0.0,1,6,1,1,1,0.0,1,0.0,0.0
2022-08-20,2022-23,EPL,Leicester,Southampton,7,2,0,2,0.0,2,7,2,0,1,0.0,2,0.0,0.0
2022-08-20,2022-23,LaLiga,Mallorca,Betis,5,1,1,1,0.0,1,5,1,1,1,0.0,1,0.0,0.0
2022-08-20,2022-23,LaLiga,Osasuna,Cadiz,8,1,0,1,0.1,1,6,1,1,1,-0.1,1,2.0,1.0
2022-08-20,2022-23,EPL,Bournemouth,Arsenal,7,2,0,1,0.0,2,7,2,0,1,0.0,2,0.0,0.0
2022-08-20,2022-23,EPL,Tottenham,Wolves,6,2,1,1,-0.05,2,7,2,0,1,0.05,2,-1.0,1.0
2022-08-20,2022-23,EPL,Crystal Palace,Aston Villa,5,2,1,1,-0.1,2,7,2,0,1,0.1,2,-2.0,1.0
2022-08-20,2022-23,EPL,Everton,Nott'm Forest,7,2,0,1,0.05,2,6,2,1,1,-0.05,2,1.0,0.5
2022-08-20,2022-23,EPL,Fulham,Brentford,7,2,0,1,0.0,2,7,2,0,2,0.0,2,0.0,1.0
2022-08-20,2022-23,Ligue1,Monaco,Lens,7,2,0,1,0.05,2,6,2,1,2,-0.05,2,1.0,0.0
2022-08-20,2022-23,Ligue1,Marseille,Nantes,6,2,1,2,-0.1,2,8,2,0,2,0.1,2,-2.0,1.0
2022-08-20,2022-23,LaLiga,Celta,Real Madrid,7,1,0,1,0.05,1,6,1,1,1,-0.05,1,1.0,0.0
2022-08-20,2022-23,SerieA,Torino,Lazio,7,1,0,1,0.05,1,6,1,1,1,-0.05,1,1.0,0.5
2022-08-20,2022-23,SerieA,Inter,Spezia,7,1,0,1,0.05,1,6,1,1,1,-0.05,1,1.0,1.0
2022-08-20,2022-23,SerieA,Sassuolo,Lecce,5,1,1,1,-0.1,1,7,1,0,1,0.1,1,-2.0,1.0
2022-08-20,2022-23,Bundesliga,Augsburg,Mainz,7,2,0,1,0.05,2,6,2,1,1,-0.05,2,1.0,0.0
2022-08-20,2022-23,Bundesliga,Union Berlin,RB Leipzig,6,2,1,1,-0.05,2,7,2,0,2,0.05,2,-1.0,1.0
2022-08-20,2022-23,Bundesliga,Wolfsburg,Schalke 04,6,2,1,1,-0.05,2,7,2,0,2,0.05,2,-1.0,0.5
2022-08-20,2022-23,Bundesliga,Stuttgart,Freiburg,7,2,0,2,-0.05,2,8,2,0,1,0.05,2,-1.0,0.0
2022-08-20,2022-23,Bundesliga,Leverkusen,Hoffenheim,7,2,0,1,0.0,2,7,2,0,1,0.0,2,0.0,0.0
2022-08-20,2022-23,Bundesliga,Dortmund,Werder Bremen,8,2,0,1,0.05,2,7,2,0,1,-0.05,2,1.0,0.0
2022-08-20,2022-23,SerieA,Udinese,Salernitana,7,1,0,1,0.05,1,6,1,1,1,-0.05,1,1.0,0.5
2022-08-21,2022-23,SerieA,Empoli,Fiorentina,7,1,0,1,0.0,1,7,1,0,1,0.0,1,0.0,0.5
2022-08-21,2022-23,SerieA,Atalanta,Milan,8,1,0,1,0.0,1,8,1,0,1,0.0,1,0.0,0.5
2022-08-21,2022-23,SerieA,Bologna,Verona,7,1,0,1,0.05,1,6,1,1,1,-0.05,1,1.0,0.5
2022-08-21,2022-23,LaLiga,Ath Bilbao,Valencia,6,1,1,1,-0.05,1,7,1,0,1,0.05,1,-1.0,1.0
2022-08-21,2022-23,SerieA,Napoli,Monza,6,1,1,1,-0.1,1,8,1,0,1,0.1,1,-2.0,1.0
2022-08-21,2022-23,LaLiga,Sociedad,Barcelona,7,1,0,1,-0.05,1,8,1,0,1,0.05,1,-1.0,0.0
2022-08-21,2022-23,Bundesliga,Ein Frankfurt,FC Koln,8,2,0,1,0.0,2,8,2,0,1,0.0,2,0.0,0.5
2022-08-21,2022-23,Ligue1,Lille,Paris SG,9,2,0,1,0.05,2,8,2,0,1,-0.05,2,1.0,0.0
2022-08-21,2022-23,Ligue1,Rennes,Ajaccio,8,2,0,1,0.05,2,7,2,0,1,-0.05,2,1.0,1.0
2022-08-21,2022-23,Ligue1,Toulouse,Lorient,7,2,0,1,-0.35,2,14,1,0,0,0.35,1,-7.0,0.5
2022-08-21,2022-23,Ligue1,Montpellier,Auxerre,8,2,0,1,0.05,2,7,2,0,1,-0.05,2,1.0,0.0
2022-08-21,2022-23,Ligue1,Clermont,Nice,7,2,0,1,0.0,2,7,2,0,1,0.0,2,0.0,1.0
2022-08-21,2022-23,Ligue1,Angers,Brest,7,2,0,1,0.0,2,7,2,0,1,0.0,2,0.0,0.0
2022-08-21,2022-23,LaLiga,Ath Madrid,Villarreal,6,1,1,1,-0.1,1,8,1,0,1,0.1,1,-2.0,0.0
2022-08-21,2022-23,Ligue1,Strasbourg,Reims,7,2,0,1,0.0,2,7,2,0,1,0.0,2,0.0,0.5
2022-08-21,2022-23,EPL,Newcastle,Man City,8,2,0,1,0.0,2,8,2,0,1,0.0,2,0.0,0.5
2022-08-21,2022-23,EPL,West Ham,Brighton,7,2,0,1,-0.05,2,8,2,0,1,0.05,2,-1.0,0.0
2022-08-21,2022-23,EPL,Leeds,Chelsea,8,2,0,1,0.05,2,7,2,0,1,-0.05,2,1.0,1.0
2022-08-21,2022-23,Bundesliga,Bochum,Bayern Munich,8,2,0,1,0.05,2,7,2,0,1,-0.05,2,1.0,0.0
2022-08-22,2022-23,EPL,Man United,Liverpool,9,2,0,1,0.1,2,7,2,0,1,-0.1,2,2.0,1.0
2022-08-22,2022-23,SerieA,Sampdoria,Juventus,9,1,0,1,0.1,1,7,1,0,1,-0.1,1,2.0,0.5
2022-08-22,2022-23,LaLiga,Elche,Almeria,7,1,0,1,-0.05,1,8,1,0,1,0.05,1,-1.0,0.5
2022-08-22,2022-23,SerieA,Roma,Cremonese,8,1,0,1,0.0,1,8,1,0,1,0.0,1,0.0,1.0
2022-08-22,2022-23,LaLiga,Girona,Getafe,8,1,0,1,0.05,1,7,1,0,1,-0.05,1,1.0,1.0
2022-08-26,2022-23,Bundesliga,Freiburg,Bochum,6,3,1,1,-0.15,3,5,3,1,2,-0.25,3,1.0,1.0
2022-08-26,2022-23,Ligue1,Ajaccio,Lille,5,2,1,2,0.0,3,5,3,1,1,-0.2,3,0.0,0.0
2022-08-26,2022-23,SerieA,Monza,Udinese,5,2,1,2,-0.05,2,6,2,1,2,0.05,2,-1.0,0.0
2022-08-26,2022-23,LaLiga,Girona,Celta,4,2,1,2,-0.1,2,6,2,1,2,0.1,2,-2.0,0.0
2022-08-26,2022-23,LaLiga,Betis,Osasuna,6,2,1,2,0.0,2,6,2,1,1,0.0,2,0.0,1.0
2022-08-26,2022-23,SerieA,Lazio,Inter,6,2,1,2,0.0,2,6,2,1,2,0.0,2,0.0,1.0
2022-08-27,2022-23,SerieA,Cremonese,Torino,5,2,1,2,-0.1,2,7,2,0,1,0.1,2,-2.0,0.0
2022-08-27,2022-23,Bundesliga,Hertha,Dortmund,8,2,0,1,0.05,3,7,2,0,1,-0.05,3,1.0,0.0
2022-08-27,2022-23,Bundesliga,Hoffenheim,Augsburg,7,2,0,1,0.0,3,7,2,0,1,0.0,3,0.0,1.0
2022-08-27,2022-23,Bundesliga,Mainz,Leverkusen,7,2,0,2,0.0,3,7,2,0,1,0.0,3,0.0,0.0
2022-08-27,2022-23,Bundesliga,RB Leipzig,Wolfsburg,7,3,0,1,-0.2,3,7,2,0,2,0.0,3,0.0,1.0
2022-08-27,2022-23,Bundesliga,Schalke 04,Union Berlin,7,3,0,1,-0.2,3,7,2,0,2,0.0,3,0.0,0.0
2022-08-27,2022-23,Bundesliga,Bayern Munich,M'gladbach,6,2,1,2,-0.1,3,8,2,0,1,0.1,3,-2.0,0.5
2022-08-27,2022-23,Ligue1,Lens,Rennes,7,3,0,2,-0.15,3,6,3,1,1,-0.25,3,1.0,1.0
2022-08-27,2022-23,Ligue1,Auxerre,Strasbourg,6,3,1,2,-0.2,3,6,2,1,2,0.0,3,0.0,1.0
2022-08-27,2022-23,EPL,Arsenal,Fulham,7,2,0,1,0.0,3,7,2,0,1,0.0,3,0.0,1.0
2022-08-27,2022-23,EPL,Man City,Crystal Palace,6,3,1,1,-0.25,3,7,2,0,2,0.05,3,-1.0,1.0
2022-08-27,2022-23,EPL,Liverpool,Bournemouth,5,2,1,2,-0.1,3,7,2,0,1,0.1,3,-2.0,1.0
2022-08-27,2022-23,EPL,Chelsea,Leicester,6,2,1,2,-0.05,3,7,3,0,1,-0.15,3,-1.0,1.0
2022-08-27,2022-23,EPL,Brighton,Leeds,6,3,1,1,-0.2,3,6,2,1,1,0.0,3,0.0,1.0
2022-08-27,2022-23,EPL,Brentford,Everton,7,3,0,1,-0.2,3,7,2,0,1,0.0,3,0.0,0.5
2022-08-27,2022-23,EPL,Southampton,Man United,7,2,0,1,0.1,3,5,3,1,1,-0.3,3,2.0,0.0
2022-08-27,2022-23,LaLiga,Almeria,Sevilla,5,2,1,2,-0.15,2,8,2,0,1,0.15,2,-3.0,1.0
2022-08-27,2022-23,LaLiga,Vallecano,Mallorca,8,2,0,1,0.05,2,7,2,0,2,-0.05,2,1.0,0.0
2022-08-27,2022-23,LaLiga,Elche,Sociedad,5,2,1,2,-0.05,2,6,2,1,2,0.05,2,-1.0,0.0
2022-08-27,2022-23,SerieA,Spezia,Sassuolo,7,2,0,2,0.0,2,7,2,0,2,0.0,2,0.0,0.5
2022-08-27,2022-23,SerieA,Milan,Bologna,6,2,1,1,0.0,2,6,2,1,2,0.0,2,0.0,1.0
2022-08-27,2022-23,SerieA,Juventus,Roma,5,2,1,2,0.0,2,5,2,1,2,0.0,2,0.0,0.5
2022-08-28,2022-23,Ligue1,Nantes,Toulouse,8,2,0,1,0.05,3,7,2,0,1,-0.05,3,1.0,1.0
2022-08-28,2022-23,Ligue1,Brest,Montpellier,7,2,0,1,0.0,3,7,2,0,1,0.0,3,0.0,0.0
2022-08-28,2022-23,Ligue1,Lorient,Clermont,7,1,0,1,0.0,2,7,2,0,1,0.0,3,0.0,1.0
2022-08-28,2022-23,EPL,Aston Villa,West Ham,8,2,0,1,0.05,3,7,2,0,1,-0.05,3,1.0,0.0
2022-08-28,2022-23,Ligue1,Reims,Lyon,7,2,0,1,-0.1,3,9,1,0,1,0.1,2,-2.0,0.5
2022-08-28,2022-23,Ligue1,Paris SG,Monaco,7,2,0,1,-0.05,3,8,2,0,1,0.05,3,-1.0,0.5
2022-08-28,2022-23,EPL,Nott'm Forest,Tottenham,8,2,0,1,0.0,3,8,2,0,1,0.0,3,0.0,0.0
2022-08-28,2022-23,EPL,Wolves,Newcastle,8,2,0,1,0.05,3,7,2,0,1,-0.05,3,1.0,0.5
2022-08-28,2022-23,Ligue1,Troyes,Angers,9,2,0,1,0.1,3,7,2,0,1,-0.1,3,2.0,1.0
2022-08-28,2022-23,Ligue1,Nice,Marseille,7,2,0,1,-0.05,3,8,2,0,1,0.05,3,-1.0,0.0
2022-08-28,2022-23,SerieA,Fiorentina,Napoli,7,2,0,1,0.0,2,7,2,0,2,0.0,2,0.0,0.5
2022-08-28,2022-23,Bundesliga,Werder Bremen,Ein Frankfurt,8,2,0,1,0.05,3,7,2,0,1,-0.05,3,1.0,0.0
2022-08-28,2022-23,LaLiga,Espanol,Real Madrid,9,2,0,1,0.05,2,8,2,0,1,-0.05,2,1.0,0.0
2022-08-28,2022-23,LaLiga,Barcelona,Valladolid,7,2,0,1,-0.1,2,9,2,0,1,0.1,2,-2.0,1.0
2022-08-28,2022-23,LaLiga,Getafe,Villarreal,6,2,1,2,-0.05,2,7,2,0,1,0.05,2,-1.0,0.5
2022-08-28,2022-23,SerieA,Salernitana,Sampdoria,8,2,0,1,0.1,2,6,2,1,1,-0.1,2,2.0,1.0
2022-08-28,2022-23,SerieA,Verona,Atalanta,7,2,0,2,0.0,2,7,2,0,1,0.0,2,0.0,0.0
2022-08-28,2022-23,SerieA,Lecce,Empoli,8,2,0,1,0.05,2,7,2,0,1,-0.05,2,1.0,0.5
2022-08-28,2022-23,Bundesliga,FC Koln,Stuttgart,7,2,0,1,-0.05,3,8,2,0,1,0.05,3,-1.0,0.5
2022-08-29,2022-23,LaLiga,Valencia,Ath Madrid,8,2,0,1,0.0,2,8,2,0,1,0.0,2,0.0,0.0
2022-08-29,2022-23,LaLiga,Cadiz,Ath Bilbao,9,2,0,1,0.05,2,8,2,0,1,-0.05,2,1.0,0.0
2022-08-30,2022-23,SerieA,Roma,Monza,3,3,1,2,-0.65,3,4,3,1,2,-0.15,3,-1.0,1.0
2022-08-30,2022-23,EPL,Crystal Palace,Brentford,3,3,1,2,-0.6,4,3,3,1,2,-0.6,4,0.0,0.5
2022-08-30,2022-23,EPL,Southampton,Chelsea,3,3,1,2,-0.6,4,3,3,1,2,-0.6,4,0.0,1.0
2022-08-30,2022-23,EPL,Leeds,Everton,3,3,1,2,-0.6,4,3,3,1,2,-0.6,4,0.0,0.5
2022-08-30,2022-23,EPL,Fulham,Brighton,3,3,1,2,-0.6,4,3,3,1,2,-0.6,4,0.0,1.0
2022-08-30,2022-23,SerieA,Inter,Cremonese,4,3,1,2,-0.15,3,3,3,1,2,-0.65,3,1.0,1.0
2022-08-30,2022-23,SerieA,Sassuolo,Milan,3,3,1,2,-0.6,3,3,3,1,2,-0.6,3,0.0,0.5
2022-08-31,2022-23,SerieA,Napoli,Lecce,3,3,1,2,-0.6,3,3,3,1,2,-0.6,3,0.0,0.5
2022-08-31,2022-23,Ligue1,Monaco,Troyes,3,3,1,2,-0.6,4,3,3,1,2,-0.6,4,0.0,0.0
2022-08-31,2022-23,Ligue1,Lyon,Auxerre,3,2,1,2,-0.45,3,4,3,1,2,-0.15,4,-1.0,1.0
2022-08-31,2022-23,Ligue1,Angers,Reims,3,3,1,2,-0.6,4,3,3,1,2,-0.6,4,0.0,0.0
2022-08-31,2022-23,Ligue1,Lens,Lorient,4,3,1,2,-0.15,4,3,2,1,2,-0.45,3,1.0,1.0
2022-08-31,2022-23,SerieA,Juventus,Spezia,4,3,1,2,-0.2,3,4,3,1,2,-0.2,3,0.0,1.0
2022-08-31,2022-23,SerieA,Empoli,Verona,3,3,1,2,-0.6,3,3,3,1,2,-0.6,3,0.0,0.5
2022-08-31,2022-23,Ligue1,Lille,Nice,5,3,1,2,-0.1,4,3,3,1,2,-0.7,4,2.0,0.0
2022-08-31,2022-23,Ligue1,Montpellier,Ajaccio,3,3,1,2,-0.7,4,5,3,1,2,-0.1,4,-2.0,1.0
2022-08-31,2022-23,SerieA,Sampdoria,Lazio,3,3,1,2,-0.7,3,5,3,1,2,-0.1,3,-2.0,0.5
2022-08-31,2022-23,Ligue1,Marseille,Clermont,3,3,1,2,-0.6,4,3,3,1,2,-0.6,4,0.0,1.0
2022-08-31,2022-23,Ligue1,Toulouse,Paris SG,3,3,1,2,-0.6,4,3,3,1,2,-0.6,4,0.0,0.0
2022-08-31,2022-23,EPL,Liverpool,Newcastle,4,3,1,2,-0.15,4,3,3,1,2,-0.65,4,1.0,1.0
2022-08-31,2022-23,Ligue1,Rennes,Brest,4,3,1,2,-0.15,4,3,3,1,2,-0.65,4,1.0,1.0
2022-08-31,2022-23,EPL,West Ham,Tottenham,3,3,1,2,-0.6,4,3,3,1,2,-0.6,4,0.0,0.5
2022-08-31,2022-23,EPL,Man City,Nott'm Forest,4,3,1,2,-0.15,4,3,3,1,2,-0.65,4,1.0,1.0
2022-08-31,2022-23,Ligue1,Strasbourg,Nantes,4,3,1,2,-0.15,4,3,3,1,2,-0.65,4,1.0,0.5
2022-08-31,2022-23,EPL,Bournemouth,Wolves,4,3,1,2,-0.15,4,3,3,1,2,-0.65,4,1.0,0.5
2022-08-31,2022-23,EPL,Arsenal,Aston Villa,4,3,1,2,-0.15,4,3,3,1,2,-0.65,4,1.0,1.0
2022-08-31,2022-23,SerieA,Udinese,Fiorentina,5,3,1,2,-0.1,3,3,3,1,2,-0.7,3,2.0,1.0
2022-09-01,2022-23,SerieA,Bologna,Salernitana,5,3,1,2,-0.15,3,4,3,1,2,-0.25,3,1.0,0.5
2022-09-01,2022-23,EPL,Leicester,Man United,5,3,1,2,-0.2,4,5,3,1,2,-0.2,4,0.0,0.0
2022-09-01,2022-23,SerieA,Atalanta,Torino,4,3,1,2,-0.25,3,5,3,1,2,-0.15,3,-1.0,1.0
2022-09-02,2022-23,LaLiga,Celta,Cadiz,7,3,0,2,-0.05,3,4,3,1,2,-0.35,3,3.0,1.0
2022-09-02,2022-23,Bundesliga,Dortmund,Hoffenheim,6,2,1,2,0.0,4,6,3,1,2,-0.2,4,0.0,1.0
2022-09-03,2022-23,LaLiga,Mallorca,Girona,7,3,0,1,-0.25,3,8,3,0,2,-0.15,3,-1.0,0.5
2022-09-03,2022-23,LaLiga,Real Madrid,Betis,6,3,1,1,-0.3,3,8,3,0,1,-0.1,3,-2.0,1.0
2022-09-03,2022-23,LaLiga,Sociedad,Ath Madrid,7,3,0,2,-0.1,3,5,3,1,2,-0.3,3,2.0,0.5
2022-09-03,2022-23,EPL,Newcastle,Crystal Palace,3,3,2,3,-0.65,5,4,4,1,2,-0.35,5,-1.0,0.5
2022-09-03,2022-23,SerieA,Milan,Inter,4,3,1,3,-0.2,4,4,3,1,2,-0.2,4,0.0,1.0
2022-09-03,2022-23,SerieA,Lazio,Napoli,3,4,1,2,-0.8,4,3,4,2,3,-0.8,4,0.0,0.0
2022-09-03,2022-23,LaLiga,Sevilla,Barcelona,7,2,0,1,0.05,3,6,2,1,2,-0.05,3,1.0,0.0
2022-09-03,2022-23,EPL,Nott'm Forest,Bournemouth,3,4,2,2,-0.8,5,3,3,1,2,-0.6,5,0.0,0.0
2022-09-03,2022-23,EPL,Everton,Liverpool,4,3,1,2,-0.15,5,3,4,1,3,-0.85,5,1.0,0.5
2022-09-03,2022-23,EPL,Brentford,Leeds,4,3,1,2,-0.2,5,4,3,1,3,-0.2,5,0.0,1.0
2022-09-03,2022-23,EPL,Chelsea,West Ham,4,4,1,3,-0.35,5,3,4,2,3,-0.85,5,1.0,1.0
2022-09-03,2022-23,EPL,Tottenham,Fulham,3,4,2,2,-0.85,5,4,3,1,2,-0.15,5,-1.0,1.0
2022-09-03,2022-23,SerieA,Fiorentina,Juventus,3,4,2,3,-0.8,4,3,4,1,3,-0.8,4,0.0,0.5
2022-09-03,2022-23,EPL,Wolves,Southampton,3,3,2,2,-0.65,5,4,3,1,2,-0.15,5,-1.0,1.0
2022-09-03,2022-23,Ligue1,Lyon,Angers,3,3,2,2,-0.6,4,3,4,2,3,-0.8,5,0.0,1.0
2022-09-03,2022-23,Ligue1,Auxerre,Marseille,3,4,1,3,-0.8,5,3,4,2,2,-0.8,5,0.0,0.0
2022-09-03,2022-23,Bundesliga,Wolfsburg,FC Koln,7,3,0,1,-0.15,4,6,2,1,2,-0.05,4,1.0,0.0
2022-09-03,2022-23,Bundesliga,Union Berlin,Bayern Munich,7,3,0,1,-0.2,4,7,3,0,2,-0.2,4,0.0,0.5
2022-09-03,2022-23,Bundesliga,Stuttgart,Schalke 04,6,2,1,1,-0.05,4,7,2,0,1,0.05,4,-1.0,0.5
2022-09-03,2022-23,Bundesliga,Leverkusen,Freiburg,7,2,0,1,-0.05,4,8,2,0,1,0.05,4,-1.0,0.0
2022-09-03,2022-23,EPL,Aston Villa,Man City,3,3,2,2,-0.6,5,3,3,1,3,-0.6,5,0.0,0.5
2022-09-03,2022-23,Bundesliga,Bochum,Werder Bremen,8,2,0,2,0.1,4,6,2,1,1,-0.1,4,2.0,0.0
2022-09-03,2022-23,Bundesliga,Ein Frankfurt,RB Leipzig,6,2,1,2,-0.05,4,7,2,0,1,0.05,4,-1.0,1.0
2022-09-03,2022-23,Ligue1,Nantes,Paris SG,3,3,2,2,-0.6,5,3,3,2,3,-0.6,5,0.0,0.0
2022-09-04,2022-23,Bundesliga,Augsburg,Hertha,8,2,0,1,0.0,4,8,2,0,1,0.0,4,0.0,0.0
2022-09-04,2022-23,Bundesliga,M'gladbach,Mainz,8,2,0,1,0.0,4,8,2,0,1,0.0,4,0.0,0.0
2022-09-04,2022-23,Ligue1,Brest,Strasbourg,4,3,1,2,-0.2,5,4,3,1,2,-0.2,5,0.0,0.5
2022-09-04,2022-23,SerieA,Cremonese,Sassuolo,5,3,1,3,-0.2,4,5,4,1,2,-0.4,4,0.0,0.5
2022-09-04,2022-23,SerieA,Spezia,Bologna,4,3,1,2,-0.15,4,3,3,1,2,-0.65,4,1.0,0.5
2022-09-04,2022-23,SerieA,Verona,Sampdoria,4,4,1,2,-0.4,4,4,3,1,3,-0.2,4,0.0,1.0
2022-09-04,2022-23,SerieA,Udinese,Roma,4,3,1,2,-0.25,4,5,3,1,3,-0.15,4,-1.0,1.0
2022-09-04,2022-23,Ligue1,Montpellier,Lille,4,3,1,2,-0.2,5,4,3,1,2,-0.2,5,0.0,0.0
2022-09-04,2022-23,Ligue1,Clermont,Toulouse,4,3,1,2,-0.2,5,4,3,1,2,-0.2,5,0.0,1.0
2022-09-04,2022-23,LaLiga,Ath Bilbao,Espanol,6,3,1,1,-0.25,3,7,2,0,1,0.05,3,-1.0,0.0
2022-09-04,2022-23,Ligue1,Nice,Monaco,4,3,1,2,-0.2,5,4,3,1,2,-0.2,5,0.0,0.0
2022-09-04,2022-23,Ligue1,Troyes,Rennes,4,3,1,2,-0.2,5,4,3,1,2,-0.2,5,0.0,0.5
2022-09-04,2022-23,Ligue1,Reims,Lens,4,3,1,2,-0.2,5,4,3,1,2,-0.2,5,0.0,0.5
2022-09-04,2022-23,LaLiga,Osasuna,Vallecano,9,2,0,1,0.05,3,8,2,0,1,-0.05,3,1.0,1.0
2022-09-04,2022-23,Ligue1,Ajaccio,Lorient,4,3,1,2,-0.2,5,4,3,1,2,-0.2,4,0.0,0.0
2022-09-04,2022-23,EPL,Brighton,Leicester,5,3,1,2,-0.1,5,3,3,1,2,-0.7,5,2.0,1.0
2022-09-04,2022-23,LaLiga,Valencia,Getafe,6,2,1,1,-0.05,3,7,3,0,2,-0.15,3,-1.0,1.0
2022-09-04,2022-23,LaLiga,Villarreal,Elche,7,2,0,1,-0.05,3,8,3,0,2,-0.15,3,-1.0,1.0
2022-09-04,2022-23,EPL,Man United,Arsenal,3,3,1,3,-0.65,5,4,3,1,2,-0.15,5,-1.0,1.0
2022-09-05,2022-23,SerieA,Salernitana,Empoli,4,3,1,2,-0.25,4,5,3,1,2,-0.15,4,-1.0,0.5
2022-09-05,2022-23,SerieA,Monza,Atalanta,6,3,1,2,-0.1,4,4,3,1,2,-0.3,4,2.0,0.0
2022-09-05,2022-23,LaLiga,Valladolid,Almeria,8,2,0,1,-0.05,3,9,2,0,1,0.05,3,-1.0,1.0
2022-09-05,2022-23,SerieA,Torino,Lecce,4,3,1,2,-0.25,4,5,3,1,2,-0.15,4,-1.0,1.0
2022-09-07,2022-23,Ligue1,Lorient,Lyon,3,4,1,3,-0.85,5,4,4,1,3,-0.35,5,-1.0,1.0
2022-09-09,2022-23,LaLiga,Girona,Valladolid,6,3,1,1,-0.1,4,4,2,1,2,-0.1,4,2.0,1.0
2022-09-09,2022-23,Ligue1,Lens,Troyes,5,4,1,3,-0.4,6,5,3,1,3,-0.2,6,0.0,1.0
2022-09-09,2022-23,Bundesliga,Werder Bremen,Augsburg,6,3,1,2,-0.15,5,5,3,1,2,-0.25,5,1.0,0.0
2022-09-10,2022-23,Bundesliga,Hertha,Leverkusen,6,2,1,1,-0.05,5,7,2,0,1,0.05,5,-1.0,0.5
2022-09-10,2022-23,Bundesliga,RB Leipzig,Dortmund,7,2,0,1,-0.05,5,8,2,0,1,0.05,5,-1.0,1.0
2022-09-10,2022-23,Bundesliga,Hoffenheim,Mainz,8,2,0,1,0.1,5,6,2,1,1,-0.1,5,2.0,1.0
2022-09-10,2022-23,Bundesliga,Ein Frankfurt,Wolfsburg,7,3,0,2,-0.2,5,7,2,0,1,0.0,5,0.0,0.0
2022-09-10,2022-23,Bundesliga,Bayern Munich,Stuttgart,7,3,0,1,-0.2,5,7,2,0,2,0.0,5,0.0,0.5
2022-09-10,2022-23,Bundesliga,Schalke 04,Bochum,7,2,0,1,0.0,5,7,3,0,1,-0.2,5,0.0,1.0
2022-09-10,2022-23,SerieA,Sampdoria,Milan,6,4,1,3,-0.45,5,7,4,0,2,-0.35,5,-1.0,0.0
2022-09-10,2022-23,Ligue1,Marseille,Lille,7,3,0,3,-0.15,6,6,4,1,2,-0.45,6,1.0,1.0
2022-09-10,2022-23,SerieA,Napoli,Spezia,7,4,0,3,-0.35,5,6,3,1,2,-0.25,5,1.0,1.0
2022-09-10,2022-23,Ligue1,Paris SG,Brest,7,4,0,3,-0.35,6,6,4,1,3,-0.45,6,1.0,1.0
2022-09-10,2022-23,LaLiga,Vallecano,Valencia,6,2,1,1,0.0,4,6,3,1,2,-0.2,4,0.0,1.0
2022-09-10,2022-23,LaLiga,Espanol,Sevilla,6,2,1,2,-0.05,4,7,2,0,1,0.05,4,-1.0,0.0
2022-09-10,2022-23,LaLiga,Cadiz,Barcelona,8,2,0,2,0.05,4,7,3,0,2,-0.25,4,1.0,0.0
2022-09-10,2022-23,SerieA,Inter,Torino,7,3,0,2,-0.1,5,5,3,1,2,-0.3,5,2.0,1.0
2022-09-10,2022-23,LaLiga,Ath Madrid,Celta,7,3,0,2,-0.25,4,8,2,0,1,0.05,4,-1.0,1.0
2022-09-11,2022-23,LaLiga,Getafe,Sociedad,7,3,0,1,-0.25,4,8,2,0,1,0.05,4,-1.0,1.0
2022-09-11,2022-23,SerieA,Atalanta,Cremonese,6,3,1,2,-0.25,5,7,4,0,2,-0.35,5,-1.0,0.5
2022-09-11,2022-23,Ligue1,Strasbourg,Clermont,7,3,0,2,-0.2,6,7,3,0,2,-0.2,6,0.0,0.5
2022-09-11,2022-23,Ligue1,Ajaccio,Nice,7,3,0,2,-0.2,6,7,3,0,2,-0.2,6,0.0,0.0
2022-09-11,2022-23,Ligue1,Angers,Montpellier,8,3,0,2,-0.15,6,7,3,0,2,-0.25,6,1.0,1.0
2022-09-11,2022-23,Ligue1,Lorient,Nantes,4,4,1,3,-0.6,6,8,3,0,2,0.0,6,-4.0,1.0
2022-09-11,2022-23,Ligue1,Toulouse,Reims,7,3,0,2,-0.2,6,7,3,0,2,-0.2,6,0.0,1.0
2022-09-11,2022-23,Ligue1,Rennes,Auxerre,7,3,0,2,-0.25,6,8,3,0,2,-0.15,6,-1.0,1.0
2022-09-11,2022-23,LaLiga,Betis,Villarreal,8,2,0,1,0.05,4,7,2,0,1,-0.05,4,1.0,1.0
2022-09-11,2022-23,Ligue1,Monaco,Lyon,7,3,0,2,-0.05,6,4,4,1,3,-0.55,6,3.0,1.0
2022-09-11,2022-23,SerieA,Lecce,Monza,6,3,1,2,-0.2,5,6,3,1,2,-0.2,5,0.0,0.5
2022-09-11,2022-23,SerieA,Sassuolo,Udinese,7,3,0,2,-0.2,5,7,3,0,2,-0.2,5,0.0,0.0
2022-09-11,2022-23,SerieA,Lazio,Verona,8,3,0,2,-0.15,5,7,3,0,2,-0.25,5,1.0,1.0
2022-09-11,2022-23,Bundesliga,Freiburg,M'gladbach,8,2,0,1,0.05,5,7,2,0,1,-0.05,5,1.0,0.5
2022-09-11,2022-23,SerieA,Juventus,Salernitana,8,4,0,2,-0.3,5,6,3,1,2,-0.3,5,2.0,0.5
2022-09-11,2022-23,LaLiga,Real Madrid,Mallorca,8,2,0,1,0.0,4,8,2,0,1,0.0,4,0.0,1.0
2022-09-11,2022-23,LaLiga,Elche,Ath Bilbao,7,3,0,1,-0.2,4,7,2,0,2,0.0,4,0.0,0.0
2022-09-11,2022-23,SerieA,Bologna,Fiorentina,7,3,0,2,-0.25,5,8,3,0,2,-0.15,5,-1.0,1.0
2022-09-11,2022-23,Bundesliga,FC Koln,Union Berlin,8,2,0,1,0.0,5,8,2,0,1,0.0,5,0.0,0.0
2022-09-12,2022-23,SerieA,Empoli,Roma,7,3,0,2,-0.25,5,8,3,0,2,-0.15,5,-1.0,0.0
2022-09-12,2022-23,LaLiga,Almeria,Osasuna,7,2,0,1,-0.05,4,8,2,0,1,0.05,4,-1.0,0.0
2022-09-16,2022-23,EPL,Nott'm Forest,Fulham,13,3,0,1,-0.2,6,13,3,0,1,-0.2,6,0.0,0.0
2022-09-16,2022-23,Ligue1,Auxerre,Lorient,5,4,1,2,-0.4,7,5,5,1,3,-0.6,7,0.0,0.0
2022-09-16,2022-23,EPL,Aston Villa,Southampton,13,3,0,1,-0.2,6,13,3,0,1,-0.2,6,0.0,1.0
2022-09-16,2022-23,Bundesliga,Mainz,Hertha,6,3,1,2,-0.2,6,6,3,1,2,-0.2,6,0.0,0.5
2022-09-16,2022-23,SerieA,Salernitana,Lecce,5,4,1,2,-0.4,6,5,4,1,2,-0.4,6,0.0,0.0
2022-09-16,2022-23,LaLiga,Valladolid,Cadiz,7,3,0,2,-0.15,5,6,3,1,1,-0.25,5,1.0,0.0
2022-09-17,2022-23,Bundesliga,Leverkusen,Werder Bremen,7,2,0,1,-0.05,6,8,3,0,1,-0.15,6,-1.0,0.5
2022-09-17,2022-23,Bundesliga,Augsburg,Bayern Munich,8,2,0,2,0.05,6,7,2,0,1,-0.05,6,1.0,1.0
2022-09-17,2022-23,LaLiga,Barcelona,Elche,7,3,0,1,-0.15,5,6,2,1,2,-0.05,5,1.0,1.0
2022-09-17,2022-23,Bundesliga,Stuttgart,Ein Frankfurt,7,3,0,1,-0.2,6,7,3,0,1,-0.2,6,0.0,0.0
2022-09-17,2022-23,LaLiga,Valencia,Celta,7,3,0,2,-0.2,5,7,2,0,1,0.0,5,0.0,1.0
2022-09-17,2022-23,LaLiga,Ath Bilbao,Vallecano,6,3,1,2,-0.25,5,7,2,0,2,0.05,5,-1.0,1.0
2022-09-17,2022-23,Ligue1,Montpellier,Strasbourg,6,4,1,2,-0.4,7,6,3,1,2,-0.2,7,0.0,1.0
2022-09-17,2022-23,Ligue1,Lille,Toulouse,7,3,0,2,-0.15,7,6,4,1,2,-0.45,7,1.0,1.0
2022-09-17,2022-23,LaLiga,Mallorca,Almeria,6,2,1,1,0.05,5,5,2,1,2,-0.05,5,1.0,1.0
2022-09-17,2022-23,Bundesliga,M'gladbach,RB Leipzig,6,2,1,2,-0.05,6,7,2,0,1,0.05,6,-1.0,1.0
2022-09-17,2022-23,Bundesliga,Dortmund,Schalke 04,7,2,0,1,0.0,6,7,2,0,1,0.0,6,0.0,1.0
2022-09-17,2022-23,EPL,Wolves,Man City,14,3,0,0,-0.2,6,14,2,0,0,0.0,6,0.0,0.0
2022-09-17,2022-23,EPL,Newcastle,Bournemouth,14,3,0,0,-0.2,6,14,2,0,0,0.0,6,0.0,0.5
2022-09-17,2022-23,EPL,Tottenham,Leicester,14,3,0,0,-0.15,6,13,2,0,1,-0.05,6,1.0,1.0
2022-09-17,2022-23,SerieA,Torino,Sassuolo,7,3,0,2,-0.15,6,6,3,1,2,-0.25,6,1.0,0.0
2022-09-17,2022-23,SerieA,Spezia,Sampdoria,7,3,0,2,-0.2,6,7,4,0,2,-0.4,6,0.0,1.0
2022-09-17,2022-23,SerieA,Bologna,Empoli,6,3,1,2,-0.15,6,5,4,1,2,-0.45,6,1.0,0.0
2022-09-18,2022-23,Bundesliga,Bochum,FC Koln,8,2,0,1,0.05,6,7,2,0,1,-0.05,6,1.0,0.5
2022-09-18,2022-23,Ligue1,Clermont,Troyes,7,3,0,1,-0.3,7,9,3,0,1,-0.1,7,-2.0,0.0
2022-09-18,2022-23,Ligue1,Marseille,Rennes,8,3,0,1,-0.15,7,7,3,0,1,-0.25,7,1.0,0.5
2022-09-18,2022-23,Ligue1,Nice,Angers,7,3,0,1,-0.2,7,7,3,0,1,-0.2,7,0.0,0.0
2022-09-18,2022-23,Ligue1,Nantes,Lens,7,3,0,1,-0.3,7,9,3,0,1,-0.1,7,-2.0,0.5
2022-09-18,2022-23,Ligue1,Lyon,Paris SG,7,4,0,2,-0.45,7,8,3,0,1,-0.15,7,-1.0,0.0
2022-09-18,2022-23,EPL,Brentford,Arsenal,15,2,0,0,0.05,6,14,2,0,0,-0.05,6,1.0,0.0
2022-09-18,2022-23,LaLiga,Ath Madrid,Real Madrid,8,3,0,1,-0.15,5,7,2,0,1,-0.05,5,1.0,0.0
2022-09-18,2022-23,LaLiga,Sociedad,Espanol,7,2,0,1,-0.05,5,8,2,0,1,0.05,5,-1.0,1.0
2022-09-18,2022-23,LaLiga,Betis,Girona,7,2,0,1,-0.1,5,9,2,0,1,0.1,5,-2.0,1.0
2022-09-18,2022-23,LaLiga,Osasuna,Getafe,6,2,1,1,-0.05,5,7,2,0,1,0.05,5,-1.0,0.0
2022-09-18,2022-23,Bundesliga,Hoffenheim,Freiburg,8,2,0,1,0.05,6,7,2,0,1,-0.05,6,1.0,0.5
2022-09-18,2022-23,EPL,Everton,West Ham,15,2,0,0,0.0,6,15,2,0,0,0.0,6,0.0,1.0
2022-09-18,2022-23,SerieA,Udinese,Inter,7,3,0,1,-0.25,6,8,3,0,1,-0.15,6,-1.0,1.0
2022-09-18,2022-23,SerieA,Cremonese,Lazio,7,3,0,1,-0.2,6,7,3,0,1,-0.2,6,0.0,0.0
2022-09-18,2022-23,SerieA,Fiorentina,Verona,7,3,0,1,-0.2,6,7,3,0,1,-0.2,6,0.0,1.0
2022-09-18,2022-23,SerieA,Monza,Juventus,7,3,0,2,-0.2,6,7,3,0,1,-0.2,6,0.0,1.0
2022-09-18,2022-23,Ligue1,Brest,Ajaccio,8,3,0,1,-0.15,7,7,3,0,1,-0.25,7,1.0,0.0
2022-09-18,2022-23,SerieA,Roma,Atalanta,6,3,1,1,-0.25,6,7,3,0,2,-0.15,6,-1.0,0.0
2022-09-18,2022-23,SerieA,Milan,Napoli,8,3,0,1,-0.2,6,8,3,0,1,-0.2,6,0.0,0.0
2022-09-18,2022-23,Bundesliga,Union Berlin,Wolfsburg,7,2,0,1,-0.05,6,8,2,0,1,0.05,6,-1.0,1.0
2022-09-18,2022-23,LaLiga,Villarreal,Sevilla,7,2,0,1,-0.05,5,8,2,0,1,0.05,5,-1.0,0.5
2022-09-18,2022-23,Ligue1,Reims,Monaco,7,3,0,1,-0.2,7,7,3,0,1,-0.2,7,0.0,0.0
2022-09-30,2022-23,Bundesliga,Bayern Munich,Leverkusen,13,2,0,1,0.0,7,13,2,0,1,0.0,7,0.0,1.0
2022-09-30,2022-23,LaLiga,Ath Bilbao,Almeria,13,2,0,1,0.0,6,13,2,0,1,0.0,6,0.0,1.0
2022-09-30,2022-23,Ligue1,Angers,Marseille,12,2,0,1,0.0,8,12,2,0,1,0.0,8,0.0,0.0
2022-10-01,2022-23,Ligue1,Strasbourg,Rennes,14,2,0,0,0.05,8,13,2,0,1,-0.05,8,1.0,0.0
2022-10-01,2022-23,EPL,Arsenal,Tottenham,13,1,0,1,-0.05,7,14,1,0,0,0.05,7,-1.0,1.0
2022-10-01,2022-23,EPL,Bournemouth,Brentford,14,1,0,0,0.05,7,13,1,0,1,-0.05,7,1.0,0.5
2022-10-01,2022-23,EPL,Crystal Palace,Chelsea,28,0,0,0,0.0,6,28,0,0,0,0.0,6,0.0,0.0
2022-10-01,2022-23,EPL,Fulham,Newcastle,15,1,0,0,0.05,7,14,1,0,0,-0.05,7,1.0,0.0
2022-10-01,2022-23,EPL,Liverpool,Brighton,28,0,0,0,0.05,6,27,0,0,0,-0.05,6,1.0,0.5
2022-10-01,2022-23,EPL,Southampton,Everton,15,1,0,0,0.1,7,13,1,0,1,-0.1,7,2.0,0.0
2022-10-01,2022-23,EPL,West Ham,Wolves,13,1,0,1,-0.05,7,14,1,0,0,0.05,7,-1.0,1.0
2022-10-01,2022-23,SerieA,Napoli,Torino,13,1,0,1,-0.05,7,14,1,0,0,0.05,7,-1.0,1.0
2022-10-01,2022-23,SerieA,Inter,Roma,13,1,0,1,0.0,7,13,2,0,1,0.0,7,0.0,0.0
2022-10-01,2022-23,SerieA,Empoli,Milan,14,2,0,0,0.05,7,13,1,0,1,-0.05,7,1.0,0.0
2022-10-01,2022-23,Bundesliga,Wolfsburg,Stuttgart,13,1,0,1,-0.05,7,14,1,0,0,0.05,7,-1.0,1.0
2022-10-01,2022-23,Bundesliga,Werder Bremen,M'gladbach,14,1,0,0,0.0,7,14,2,0,0,0.0,7,0.0,1.0
2022-10-01,2022-23,Bundesliga,FC Koln,Dortmund,13,2,0,1,-0.05,7,14,1,0,0,0.05,7,-1.0,1.0
2022-10-01,2022-23,Bundesliga,Ein Frankfurt,Union Berlin,14,1,0,0,0.05,7,13,2,0,1,-0.05,7,1.0,1.0
2022-10-01,2022-23,Bundesliga,RB Leipzig,Bochum,14,1,0,0,0.05,7,13,1,0,1,-0.05,7,1.0,1.0
2022-10-01,2022-23,LaLiga,Getafe,Valladolid,13,2,0,1,-0.1,6,15,1,0,0,0.1,6,-2.0,0.0
2022-10-01,2022-23,Ligue1,Paris SG,Nice,13,1,0,1,0.0,8,13,2,0,1,0.0,8,0.0,1.0
2022-10-01,2022-23,Bundesliga,Freiburg,Mainz,13,2,0,1,-0.1,7,15,1,0,0,0.1,7,-2.0,1.0
2022-10-01,2022-23,LaLiga,Mallorca,Barcelona,14,2,0,0,0.0,6,14,1,0,0,0.0,6,0.0,0.0
2022-10-01,2022-23,LaLiga,Cadiz,Villarreal,15,1,0,0,0.1,6,13,2,0,1,-0.1,6,2.0,0.5
2022-10-01,2022-23,LaLiga,Sevilla,Ath Madrid,13,1,0,1,0.0,6,13,1,0,1,0.0,6,0.0,0.0
2022-10-02,2022-23,Bundesliga,Schalke 04,Augsburg,15,1,0,0,0.0,7,15,1,0,0,0.0,7,0.0,0.0
2022-10-02,2022-23,LaLiga,Espanol,Valencia,14,1,0,0,-0.05,6,15,1,0,0,0.05,6,-1.0,0.5
2022-10-02,2022-23,LaLiga,Celta,Betis,15,1,0,0,0.05,6,14,1,0,0,-0.05,6,1.0,1.0
2022-10-02,2022-23,SerieA,Juventus,Bologna,14,1,0,0,-0.05,7,15,1,0,0,0.05,7,-1.0,1.0
2022-10-02,2022-23,SerieA,Atalanta,Fiorentina,14,1,0,0,0.0,7,14,1,0,0,0.0,7,0.0,1.0
2022-10-02,2022-23,Ligue1,Lorient,Lille,16,1,0,0,0.05,8,15,1,0,0,-0.05,8,1.0,1.0
2022-10-02,2022-23,SerieA,Lecce,Cremonese,16,1,0,0,0.1,7,14,1,0,0,-0.1,7,2.0,0.5
2022-10-02,2022-23,SerieA,Lazio,Spezia,14,1,0,0,-0.05,7,15,1,0,0,0.05,7,-1.0,1.0
2022-10-02,2022-23,LaLiga,Girona,Sociedad,14,1,0,0,0.0,6,14,1,0,0,0.0,6,0.0,0.0
2022-10-02,2022-23,LaLiga,Real Madrid,Osasuna,14,1,0,0,0.0,6,14,2,0,0,0.0,6,0.0,0.5
2022-10-02,2022-23,EPL,Leeds,Aston Villa,29,0,0,0,0.5,6,16,1,0,0,-0.5,7,10.0,0.5
2022-10-02,2022-23,EPL,Man City,Man United,15,1,0,0,-0.5,7,28,0,0,0,0.5,6,-10.0,1.0
2022-10-02,2022-23,SerieA,Sassuolo,Salernitana,15,1,0,0,-0.05,7,16,1,0,0,0.05,7,-1.0,1.0
2022-10-02,2022-23,SerieA,Sampdoria,Monza,15,1,0,0,0.05,7,14,1,0,0,-0.05,7,1.0,0.0
2022-10-02,2022-23,Bundesliga,Hertha,Hoffenheim,16,1,0,0,0.1,7,14,1,0,0,-0.1,7,2.0,0.5
2022-10-02,2022-23,Ligue1,Ajaccio,Clermont,14,1,0,0,0.0,8,14,1,0,0,0.0,8,0.0,0.0
2022-10-02,2022-23,Ligue1,Auxerre,Brest,16,1,0,0,0.1,8,14,1,0,0,-0.1,8,2.0,0.5
2022-10-02,2022-23,Ligue1,Toulouse,Montpellier,15,1,0,0,0.0,8,15,1,0,0,0.0,8,0.0,1.0
2022-10-02,2022-23,Ligue1,Troyes,Reims,14,1,0,0,0.0,8,14,1,0,0,0.0,8,0.0,0.5
2022-10-02,2022-23,Ligue1,Lens,Lyon,14,1,0,0,0.0,8,14,1,0,0,0.0,8,0.0,1.0
2022-10-02,2022-23,Ligue1,Monaco,Nantes,14,1,0,0,0.0,8,14,1,0,0,0.0,8,0.0,1.0
2022-10-03,2022-23,SerieA,Verona,Udinese,15,1,0,0,0.0,7,15,1,0,0,0.0,7,0.0,0.0
2022-10-03,2022-23,EPL,Leicester,Nott'm Forest,16,1,0,0,-0.05,7,17,1,0,0,0.05,7,-1.0,1.0
2022-10-03,2022-23,LaLiga,Vallecano,Elche,16,1,0,0,0.0,6,16,1,0,0,0.0,6,0.0,1.0
2022-10-07,2022-23,Bundesliga,Hoffenheim,Werder Bremen,5,2,1,1,-0.05,8,6,2,1,1,0.05,8,-1.0,0.0
2022-10-07,2022-23,Ligue1,Lyon,Toulouse,5,2,1,1,0.0,9,5,2,1,1,0.0,9,0.0,0.5
2022-10-07,2022-23,LaLiga,Osasuna,Valencia,5,2,1,1,0.0,7,5,2,1,1,0.0,7,0.0,0.0
2022-10-08,2022-23,Ligue1,Reims,Paris SG,6,2,1,1,-0.05,9,7,2,0,1,0.05,9,-1.0,0.5
2022-10-08,2022-23,Ligue1,Marseille,Ajaccio,8,2,0,1,0.1,9,6,2,1,1,-0.1,9,2.0,0.0
2022-10-08,2022-23,EPL,Bournemouth,Leicester,7,1,0,1,0.1,8,5,1,1,1,-0.1,8,2.0,1.0
2022-10-08,2022-23,LaLiga,Almeria,Vallecano,8,1,0,1,0.15,7,5,1,1,1,-0.15,7,3.0,1.0
2022-10-08,2022-23,LaLiga,Ath Madrid,Girona,7,2,0,1,0.05,7,6,2,1,1,-0.05,7,1.0,1.0
2022-10-08,2022-23,LaLiga,Sevilla,Ath Bilbao,7,2,0,1,-0.05,7,8,1,0,1,0.05,7,-1.0,0.5
2022-10-08,2022-23,LaLiga,Getafe,Real Madrid,7,2,0,1,0.05,7,6,2,1,1,-0.05,7,1.0,0.0
2022-10-08,2022-23,SerieA,Sassuolo,Inter,6,1,1,1,-0.05,8,7,2,0,1,0.05,8,-1.0,0.0
2022-10-08,2022-23,EPL,Chelsea,Wolves,7,1,0,1,0.0,7,7,1,0,1,0.0,8,0.0,1.0
2022-10-08,2022-23,SerieA,Milan,Juventus,7,2,0,1,0.05,8,6,2,1,1,-0.05,8,1.0,1.0
2022-10-08,2022-23,EPL,Man City,Southampton,6,1,1,1,-0.05,8,7,1,0,1,0.05,8,-1.0,1.0
2022-10-08,2022-23,EPL,Newcastle,Brentford,7,1,0,1,0.0,8,7,2,0,1,0.0,8,0.0,1.0
2022-10-08,2022-23,EPL,Brighton,Tottenham,7,1,0,1,0.0,7,7,1,0,1,0.0,8,0.0,0.0
2022-10-08,2022-23,Bundesliga,Dortmund,Bayern Munich,7,1,0,1,-0.05,8,8,1,0,1,0.05,8,-1.0,0.5
2022-10-08,2022-23,Bundesliga,Mainz,RB Leipzig,7,1,0,1,0.0,8,7,1,0,1,0.0,8,0.0,0.5
2022-10-08,2022-23,Bundesliga,Leverkusen,Schalke 04,8,1,0,1,0.1,8,6,1,1,1,-0.1,8,2.0,1.0
2022-10-08,2022-23,Bundesliga,Bochum,Ein Frankfurt,7,2,0,1,0.0,8,7,1,0,1,0.0,8,0.0,1.0
2022-10-08,2022-23,Bundesliga,Augsburg,Wolfsburg,6,1,1,1,-0.05,8,7,2,0,1,0.05,8,-1.0,0.5
2022-10-08,2022-23,SerieA,Bologna,Sampdoria,6,1,1,1,0.0,8,6,1,1,1,0.0,8,0.0,0.5
2022-10-09,2022-23,SerieA,Torino,Empoli,8,1,0,1,0.0,8,8,1,0,1,0.0,8,0.0,0.5
2022-10-09,2022-23,Bundesliga,Hertha,Freiburg,7,1,0,1,-0.05,8,8,1,0,1,0.05,8,-1.0,0.5
2022-10-09,2022-23,Ligue1,Lille,Lens,7,1,0,1,0.0,9,7,1,0,1,0.0,9,0.0,1.0
2022-10-09,2022-23,Ligue1,Rennes,Nantes,8,1,0,1,0.05,9,7,1,0,1,-0.05,9,1.0,1.0
2022-10-09,2022-23,Ligue1,Clermont,Auxerre,7,1,0,1,0.0,9,7,1,0,1,0.0,9,0.0,1.0
2022-10-09,2022-23,SerieA,Roma,Lecce,8,1,0,1,0.05,8,7,1,0,1,-0.05,8,1.0,1.0
2022-10-09,2022-23,SerieA,Cremonese,Napoli,7,1,0,1,-0.05,8,8,1,0,1,0.05,8,-1.0,0.0
2022-10-09,2022-23,SerieA,Udinese,Atalanta,6,1,1,1,-0.05,8,7,1,0,1,0.05,8,-1.0,0.5
2022-10-09,2022-23,Ligue1,Montpellier,Monaco,7,1,0,1,0.0,9,7,1,0,1,0.0,9,0.0,0.0
2022-10-09,2022-23,Ligue1,Angers,Strasbourg,9,1,0,1,0.05,9,8,1,0,1,-0.05,9,1.0,0.0
2022-10-09,2022-23,Ligue1,Brest,Lorient,7,1,0,1,0.0,9,7,1,0,1,0.0,9,0.0,0.0
2022-10-09,2022-23,SerieA,Salernitana,Verona,7,1,0,1,0.05,8,6,1,1,1,-0.05,8,1.0,1.0
2022-10-09,2022-23,SerieA,Monza,Spezia,7,1,0,1,0.0,8,7,1,0,1,0.0,8,0.0,1.0
2022-10-09,2022-23,Ligue1,Nice,Troyes,8,1,0,1,0.05,9,7,1,0,1,-0.05,9,1.0,1.0
2022-10-09,2022-23,Bundesliga,Stuttgart,Union Berlin,8,1,0,1,0.0,8,8,1,0,1,0.0,8,0.0,0.0
2022-10-09,2022-23,Bundesliga,M'gladbach,FC Koln,8,1,0,1,0.0,8,8,1,0,1,0.0,8,0.0,1.0
2022-10-09,2022-23,LaLiga,Barcelona,Celta,8,1,0,1,0.05,7,7,1,0,1,-0.05,7,1.0,1.0
2022-10-09,2022-23,LaLiga,Valladolid,Betis,8,1,0,1,0.05,7,7,1,0,1,-0.05,7,1.0,0.5
2022-10-09,2022-23,EPL,Everton,Man United,8,1,0,1,0.05,8,7,1,0,1,-0.05,7,1.0,0.0
2022-10-09,2022-23,EPL,Arsenal,Liverpool,8,1,0,1,0.0,8,8,1,0,1,0.0,7,0.0,1.0
2022-10-09,2022-23,EPL,West Ham,Fulham,8,1,0,1,0.0,8,8,1,0,1,0.0,8,0.0,1.0
2022-10-09,2022-23,LaLiga,Sociedad,Villarreal,7,1,0,1,-0.05,7,8,1,0,1,0.05,7,-1.0,1.0
2022-10-09,2022-23,LaLiga,Cadiz,Espanol,8,1,0,1,0.05,7,7,1,0,1,-0.05,7,1.0,0.5
2022-10-09,2022-23,EPL,Crystal Palace,Leeds,8,1,0,1,0.05,7,7,1,0,1,-0.05,7,1.0,1.0
2022-10-10,2022-23,SerieA,Fiorentina,Lazio,8,1,0,1,0.0,8,8,1,0,1,0.0,8,0.0,0.0
2022-10-10,2022-23,EPL,Nott'm Forest,Aston Villa,7,1,0,1,-0.05,8,8,1,0,1,0.05,8,-1.0,0.5
2022-10-10,2022-23,LaLiga,Elche,Mallorca,7,1,0,1,-0.1,7,9,1,0,1,0.1,7,-2.0,0.5
2022-10-14,2022-23,EPL,Brentford,Brighton,6,2,1,2,0.0,9,6,2,1,2,0.0,8,0.0,1.0
2022-10-14,2022-23,Ligue1,Strasbourg,Lille,5,2,1,2,0.0,10,5,2,1,2,0.0,10,0.0,0.0
2022-10-14,2022-23,LaLiga,Vallecano,Getafe,6,2,1,2,0.0,8,6,2,1,2,0.0,8,0.0,0.5
2022-10-14,2022-23,Bundesliga,Schalke 04,Hoffenheim,6,2,1,2,-0.05,9,7,2,0,2,0.05,9,-1.0,0.0
2022-10-15,2022-23,Bundesliga,Werder Bremen,Mainz,8,2,0,1,0.05,9,7,2,0,1,-0.05,9,1.0,0.0
2022-10-15,2022-23,Bundesliga,Wolfsburg,M'gladbach,7,2,0,1,0.05,9,6,2,1,1,-0.05,9,1.0,0.5
2022-10-15,2022-23,LaLiga,Girona,Cadiz,7,2,0,2,0.05,8,6,2,1,1,-0.05,8,1.0,0.5
2022-10-15,2022-23,LaLiga,Valencia,Elche,8,2,0,2,0.15,8,5,2,1,2,-0.15,8,3.0,0.5
2022-10-15,2022-23,LaLiga,Mallorca,Sevilla,5,2,1,1,-0.1,8,7,2,0,1,0.1,8,-2.0,0.0
2022-10-15,2022-23,SerieA,Empoli,Monza,6,2,1,1,0.0,9,6,2,1,2,0.0,9,0.0,1.0
2022-10-15,2022-23,SerieA,Torino,Juventus,6,2,1,1,-0.05,9,7,2,0,2,0.05,9,-1.0,0.0
2022-10-15,2022-23,SerieA,Atalanta,Sassuolo,6,2,1,2,-0.05,9,7,2,0,2,0.05,9,-1.0,1.0
2022-10-15,2022-23,Bundesliga,RB Leipzig,Hertha,7,2,0,1,0.05,9,6,2,1,2,-0.05,9,1.0,1.0
2022-10-15,2022-23,LaLiga,Ath Bilbao,Ath Madrid,7,2,0,1,0.0,8,7,2,0,1,0.0,8,0.0,0.0
2022-10-15,2022-23,EPL,Fulham,Bournemouth,6,2,1,1,-0.05,9,7,2,0,1,0.05,9,-1.0,0.5
2022-10-15,2022-23,EPL,Wolves,Nott'm Forest,7,2,0,1,0.1,9,5,2,1,2,-0.1,9,2.0,1.0
2022-10-15,2022-23,EPL,Tottenham,Everton,7,2,0,1,0.05,9,6,2,1,1,-0.05,9,1.0,1.0
2022-10-15,2022-23,Ligue1,Lens,Montpellier,6,2,1,2,0.0,10,6,2,1,2,0.0,10,0.0,1.0
2022-10-15,2022-23,Ligue1,Lorient,Reims,6,2,1,2,-0.05,10,7,2,0,2,0.05,10,-1.0,0.5
2022-10-15,2022-23,Bundesliga,Ein Frankfurt,Leverkusen,7,2,0,1,0.0,9,7,2,0,1,0.0,9,0.0,1.0
2022-10-15,2022-23,Bundesliga,Stuttgart,Bochum,6,2,1,1,-0.05,9,7,2,0,1,0.05,9,-1.0,1.0
2022-10-15,2022-23,EPL,Leicester,Crystal Palace,7,2,0,2,0.05,9,6,2,1,1,-0.05,8,1.0,0.5
2022-10-16,2022-23,Ligue1,Rennes,Lyon,7,2,0,1,-0.1,10,9,2,0,1,0.1,10,-2.0,1.0
2022-10-16,2022-23,Ligue1,Troyes,Ajaccio,7,2,0,1,-0.05,10,8,2,0,1,0.05,10,-1.0,0.5
2022-10-16,2022-23,Ligue1,Auxerre,Nice,7,2,0,1,0.0,10,7,2,0,1,0.0,10,0.0,0.5
2022-10-16,2022-23,EPL,Liverpool,Man City,7,2,0,1,-0.05,8,8,2,0,1,0.05,9,-1.0,1.0
2022-10-16,2022-23,Ligue1,Toulouse,Angers,9,2,0,1,0.1,10,7,2,0,1,-0.1,10,2.0,1.0
2022-10-16,2022-23,LaLiga,Betis,Almeria,7,2,0,1,-0.05,8,8,2,0,1,0.05,8,-1.0,1.0
2022-10-16,2022-23,LaLiga,Espanol,Valladolid,7,2,0,1,0.0,8,7,2,0,1,0.0,8,0.0,1.0
2022-10-16,2022-23,LaLiga,Real Madrid,Barcelona,8,2,0,1,0.05,8,7,2,0,1,-0.05,8,1.0,1.0
2022-10-16,2022-23,Ligue1,Nantes,Brest,7,2,0,1,0.0,10,7,2,0,1,0.0,10,0.0,1.0
2022-10-16,2022-23,Bundesliga,Union Berlin,Dortmund,7,2,0,1,-0.05,9,8,2,0,1,0.05,9,-1.0,1.0
2022-10-16,2022-23,EPL,Aston Villa,Chelsea,6,2,1,1,-0.1,9,8,2,0,1,0.1,8,-2.0,0.0
2022-10-16,2022-23,SerieA,Inter,Salernitana,8,2,0,1,0.05,9,7,2,0,1,-0.05,9,1.0,1.0
2022-10-16,2022-23,SerieA,Lazio,Udinese,6,2,1,1,-0.05,9,7,2,0,2,0.05,9,-1.0,0.5
2022-10-16,2022-23,SerieA,Spezia,Cremonese,7,2,0,1,0.0,9,7,2,0,1,0.0,9,0.0,0.5
2022-10-16,2022-23,Ligue1,Paris SG,Marseille,8,2,0,1,0.0,10,8,2,0,1,0.0,10,0.0,1.0
2022-10-16,2022-23,SerieA,Napoli,Bologna,7,2,0,1,-0.05,9,8,2,0,1,0.05,9,-1.0,1.0
2022-10-16,2022-23,SerieA,Verona,Milan,7,2,0,2,-0.05,9,8,2,0,1,0.05,9,-1.0,0.0
2022-10-16,2022-23,Ligue1,Monaco,Clermont,7,2,0,1,0.0,10,7,2,0,1,0.0,10,0.0,0.5
2022-10-16,2022-23,EPL,Leeds,Arsenal,7,2,0,1,0.0,8,7,2,0,1,0.0,9,0.0,0.0
2022-10-16,2022-23,LaLiga,Celta,Sociedad,7,2,0,1,0.0,8,7,2,0,1,0.0,8,0.0,0.0
2022-10-16,2022-23,EPL,Man United,Newcastle,7,2,0,1,-0.05,8,8,2,0,1,0.05,9,-1.0,0.5
2022-10-16,2022-23,Bundesliga,Bayern Munich,Freiburg,8,2,0,1,0.05,9,7,2,0,1,-0.05,9,1.0,1.0
2022-10-16,2022-23,Bundesliga,FC Koln,Augsburg,7,2,0,1,-0.05,9,8,2,0,1,0.05,9,-1.0,1.0
2022-10-16,2022-23,EPL,Southampton,West Ham,8,2,0,1,0.05,9,7,2,0,1,-0.05,9,1.0,0.5
2022-10-17,2022-23,SerieA,Lecce,Fiorentina,8,2,0,1,0.05,9,7,2,0,1,-0.05,9,1.0,0.5
2022-10-17,2022-23,LaLiga,Villarreal,Osasuna,8,2,0,1,-0.1,8,10,2,0,1,0.1,8,-2.0,1.0
2022-10-17,2022-23,SerieA,Sampdoria,Roma,9,2,0,1,0.05,9,8,2,0,1,-0.05,9,1.0,0.0
2022-10-18,2022-23,LaLiga,Sevilla,Valencia,3,3,1,2,-0.6,9,3,3,1,2,-0.6,9,0.0,0.5
2022-10-18,2022-23,LaLiga,Getafe,Ath Bilbao,4,3,1,2,-0.15,9,3,3,1,2,-0.65,9,1.0,0.5
2022-10-18,2022-23,LaLiga,Ath Madrid,Vallecano,3,3,1,2,-0.65,9,4,3,1,2,-0.15,9,-1.0,0.5
2022-10-18,2022-23,EPL,Brighton,Nott'm Forest,4,3,1,2,-0.15,9,3,3,1,2,-0.65,10,1.0,0.5
2022-10-18,2022-23,EPL,Crystal Palace,Wolves,3,3,1,2,-0.6,9,3,3,1,2,-0.6,10,0.0,1.0
2022-10-19,2022-23,LaLiga,Elche,Real Madrid,4,3,1,2,-0.15,9,3,3,1,2,-0.65,9,1.0,0.0
2022-10-19,2022-23,LaLiga,Sociedad,Mallorca,3,3,1,2,-0.65,9,4,3,1,2,-0.15,9,-1.0,1.0
2022-10-19,2022-23,LaLiga,Valladolid,Celta,3,3,1,2,-0.6,9,3,3,1,2,-0.6,9,0.0,1.0
2022-10-19,2022-23,EPL,Newcastle,Everton,3,3,1,2,-0.65,10,4,3,1,2,-0.15,10,-1.0,1.0
2022-10-19,2022-23,EPL,Liverpool,West Ham,3,3,1,2,-0.6,9,3,3,1,2,-0.6,10,0.0,1.0
2022-10-19,2022-23,EPL,Brentford,Chelsea,5,3,1,2,-0.1,10,3,3,1,2,-0.7,9,2.0,0.5
2022-10-19,2022-23,EPL,Bournemouth,Southampton,4,3,1,2,-0.15,10,3,3,1,2,-0.65,10,1.0,0.0
2022-10-19,2022-23,EPL,Man United,Tottenham,3,3,1,2,-0.65,9,4,3,1,2,-0.15,10,-1.0,1.0
2022-10-19,2022-23,LaLiga,Cadiz,Betis,4,3,1,2,-0.15,9,3,3,1,2,-0.65,9,1.0,0.5
2022-10-20,2022-23,LaLiga,Osasuna,Espanol,3,3,1,2,-0.65,9,4,3,1,2,-0.15,9,-1.0,1.0
2022-10-20,2022-23,LaLiga,Barcelona,Villarreal,4,3,1,2,-0.15,9,3,3,1,2,-0.65,9,1.0,1.0
2022-10-20,2022-23,LaLiga,Almeria,Girona,4,3,1,2,-0.25,9,5,3,1,2,-0.15,9,-1.0,1.0
2022-10-20,2022-23,EPL,Fulham,Aston Villa,5,3,1,2,-0.15,10,4,3,1,2,-0.25,10,1.0,1.0
2022-10-20,2022-23,EPL,Leicester,Leeds,5,3,1,2,-0.15,10,4,3,1,2,-0.25,9,1.0,1.0
2022-10-21,2022-23,SerieA,Juventus,Empoli,6,3,1,2,-0.2,10,6,3,1,2,-0.2,10,0.0,1.0
2022-10-21,2022-23,Bundesliga,Mainz,FC Koln,6,3,1,2,-0.15,10,5,3,1,2,-0.25,10,1.0,1.0
2022-10-21,2022-23,Ligue1,Ajaccio,Paris SG,5,3,1,2,-0.2,11,5,3,1,2,-0.2,11,0.0,0.0
2022-10-22,2022-23,SerieA,Salernitana,Spezia,6,3,1,2,-0.2,10,6,3,1,2,-0.2,10,0.0,1.0
2022-10-22,2022-23,EPL,Everton,Crystal Palace,3,3,1,3,-0.65,11,4,3,1,3,-0.15,10,-1.0,1.0
2022-10-22,2022-23,EPL,Man City,Brighton,6,3,1,1,-0.1,10,4,3,1,2,-0.3,10,2.0,1.0
2022-10-22,2022-23,EPL,Chelsea,Man United,3,3,2,2,-0.6,10,3,4,2,3,-0.8,10,0.0,0.5
2022-10-22,2022-23,LaLiga,Valencia,Mallorca,4,4,1,2,-0.35,10,3,3,1,3,-0.65,10,1.0,0.0
2022-10-22,2022-23,LaLiga,Valladolid,Sociedad,3,3,2,3,-0.6,10,3,4,2,3,-0.8,10,0.0,1.0
2022-10-22,2022-23,LaLiga,Vallecano,Cadiz,4,4,1,2,-0.35,10,3,3,1,3,-0.65,10,1.0,1.0
2022-10-22,2022-23,SerieA,Milan,Monza,6,2,1,1,-0.05,10,7,3,0,2,-0.15,10,-1.0,1.0
2022-10-22,2022-23,Bundesliga,M'gladbach,Ein Frankfurt,7,2,0,2,0.0,10,7,2,0,1,0.0,10,0.0,0.0
2022-10-22,2022-23,Bundesliga,Leverkusen,Wolfsburg,7,2,0,1,0.0,10,7,2,0,1,0.0,10,0.0,0.5
2022-10-22,2022-23,Bundesliga,Hoffenheim,Bayern Munich,8,3,0,1,-0.1,10,6,2,1,1,-0.1,10,2.0,0.0
2022-10-22,2022-23,Bundesliga,Freiburg,Werder Bremen,6,2,1,2,-0.05,10,7,2,0,1,0.05,10,-1.0,1.0
2022-10-22,2022-23,Bundesliga,Dortmund,Stuttgart,6,2,1,1,-0.05,10,7,2,0,2,0.05,10,-1.0,1.0
2022-10-22,2022-23,Bundesliga,Augsburg,RB Leipzig,6,3,1,1,-0.25,10,7,2,0,1,0.05,10,-1.0,0.5
2022-10-22,2022-23,Ligue1,Marseille,Lens,6,2,1,1,-0.05,11,7,3,0,2,-0.15,11,-1.0,0.0
2022-10-22,2022-23,Ligue1,Montpellier,Lyon,7,3,0,2,-0.15,11,6,3,1,1,-0.25,11,1.0,0.0
2022-10-22,2022-23,EPL,Nott'm Forest,Liverpool,4,4,1,3,-0.35,11,3,3,2,3,-0.65,10,1.0,1.0
2022-10-22,2022-23,LaLiga,Real Madrid,Sevilla,3,4,2,2,-0.85,10,4,3,1,2,-0.15,10,-1.0,1.0
2022-10-22,2022-23,SerieA,Fiorentina,Inter,5,3,1,2,-0.25,10,6,2,1,1,0.05,10,-1.0,0.0
2022-10-23,2022-23,LaLiga,Espanol,Elche,3,3,1,2,-0.65,10,4,4,1,3,-0.35,10,-1.0,0.5
2022-10-23,2022-23,Bundesliga,Hertha,Schalke 04,8,2,0,1,-0.05,10,9,2,0,1,0.05,10,-1.0,1.0
2022-10-23,2022-23,Bundesliga,Bochum,Union Berlin,8,2,0,1,0.05,10,7,2,0,1,-0.05,10,1.0,1.0
2022-10-23,2022-23,SerieA,Roma,Napoli,6,2,1,1,-0.05,10,7,2,0,1,0.05,10,-1.0,0.0
2022-10-23,2022-23,EPL,Southampton,Arsenal,4,3,1,2,-0.35,11,7,2,0,1,0.15,10,-3.0,0.5
2022-10-23,2022-23,EPL,Leeds,Fulham,3,3,1,2,-0.6,10,3,3,1,2,-0.6,11,0.0,0.0
2022-10-23,2022-23,EPL,Aston Villa,Brentford,3,3,1,3,-0.65,11,4,3,1,2,-0.15,11,-1.0,1.0
2022-10-23,2022-23,SerieA,Atalanta,Lazio,8,2,0,1,0.05,10,7,2,0,2,-0.05,10,1.0,0.0
2022-10-23,2022-23,SerieA,Bologna,Lecce,7,2,0,1,0.05,10,6,2,1,1,-0.05,10,1.0,1.0
2022-10-23,2022-23,EPL,Tottenham,Newcastle,4,3,1,2,-0.2,11,4,3,1,2,-0.2,11,0.0,0.0
2022-10-23,2022-23,SerieA,Udinese,Torino,7,3,0,1,-0.25,10,8,2,0,1,0.05,10,-1.0,0.0
2022-10-23,2022-23,LaLiga,Villarreal,Almeria,3,3,2,2,-0.6,10,3,3,1,2,-0.6,10,0.0,1.0
2022-10-23,2022-23,LaLiga,Girona,Osasuna,3,3,1,2,-0.6,10,3,3,2,2,-0.6,10,0.0,0.5
2022-10-23,2022-23,LaLiga,Betis,Ath Madrid,4,3,1,2,-0.25,10,5,3,1,2,-0.15,10,-1.0,0.0
2022-10-23,2022-23,Ligue1,Lille,Monaco,9,2,0,1,0.1,11,7,2,0,1,-0.1,11,2.0,1.0
2022-10-23,2022-23,Ligue1,Nice,Nantes,7,2,0,1,0.0,11,7,2,0,1,0.0,11,0.0,0.5
2022-10-23,2022-23,Ligue1,Troyes,Lorient,7,2,0,1,-0.05,11,8,2,0,1,0.05,11,-1.0,0.5
2022-10-23,2022-23,Ligue1,Toulouse,Strasbourg,7,2,0,1,-0.1,11,9,2,0,1,0.1,11,-2.0,0.5
2022-10-23,2022-23,Ligue1,Reims,Auxerre,8,2,0,1,0.05,11,7,2,0,1,-0.05,11,1.0,1.0
2022-10-23,2022-23,Ligue1,Clermont,Brest,7,2,0,1,0.0,11,7,2,0,1,0.0,11,0.0,0.0
2022-10-23,2022-23,Ligue1,Angers,Rennes,7,2,0,1,0.0,11,7,2,0,1,0.0,11,0.0,0.0
2022-10-23,2022-23,LaLiga,Barcelona,Ath Bilbao,3,3,1,2,-0.7,10,5,3,1,2,-0.1,10,-2.0,1.0
2022-10-23,2022-23,EPL,Wolves,Leicester,5,3,1,2,-0.1,11,3,4,1,2,-0.9,11,2.0,0.0
2022-10-24,2022-23,SerieA,Cremonese,Sampdoria,8,2,0,1,0.05,10,7,2,0,1,-0.05,10,1.0,0.0
2022-10-24,2022-23,SerieA,Sassuolo,Verona,9,2,0,1,0.05,10,8,2,0,1,-0.05,10,1.0,1.0
2022-10-24,2022-23,EPL,West Ham,Bournemouth,5,3,1,2,-0.2,11,5,3,1,2,-0.2,11,0.0,1.0
2022-10-24,2022-23,LaLiga,Celta,Getafe,5,3,1,2,-0.25,10,6,3,1,2,-0.15,10,-1.0,0.5
2022-10-28,2022-23,Ligue1,Lens,Toulouse,6,3,1,2,-0.15,12,5,2,1,2,-0.05,12,1.0,1.0
2022-10-28,2022-23,LaLiga,Mallorca,Espanol,6,4,1,3,-0.35,11,5,4,1,3,-0.45,11,1.0,0.5
2022-10-28,2022-23,Bundesliga,Werder Bremen,Hertha,6,2,1,2,0.05,11,5,3,1,2,-0.25,11,1.0,1.0
2022-10-29,2022-23,EPL,Newcastle,Aston Villa,6,3,1,3,-0.2,12,6,4,1,3,-0.4,12,0.0,1.0
2022-10-29,2022-23,LaLiga,Almeria,Celta,6,3,1,3,-0.15,11,5,4,1,3,-0.45,11,1.0,1.0
2022-10-29,2022-23,LaLiga,Cadiz,Ath Madrid,7,4,0,2,-0.35,11,6,3,1,2,-0.25,11,1.0,1.0
2022-10-29,2022-23,LaLiga,Sevilla,Vallecano,7,3,0,2,-0.2,11,7,3,0,2,-0.2,11,0.0,0.0
2022-10-29,2022-23,LaLiga,Valencia,Barcelona,7,3,0,2,-0.15,11,6,4,1,3,-0.45,11,1.0,0.0
2022-10-29,2022-23,Ligue1,Paris SG,Troyes,8,2,0,2,0.1,12,6,3,1,2,-0.3,12,2.0,1.0
2022-10-29,2022-23,EPL,Bournemouth,Tottenham,5,3,1,2,-0.25,12,6,3,1,2,-0.15,12,-1.0,0.0
2022-10-29,2022-23,EPL,Liverpool,Leeds,7,4,0,3,-0.35,11,6,4,1,3,-0.45,11,1.0,0.0
2022-10-29,2022-23,EPL,Brentford,Wolves,6,3,1,2,-0.2,12,6,3,1,2,-0.2,12,0.0,0.5
2022-10-29,2022-23,EPL,Brighton,Chelsea,7,3,0,2,-0.2,11,7,3,0,3,-0.2,11,0.0,1.0
2022-10-29,2022-23,EPL,Fulham,Everton,6,4,1,2,-0.45,12,7,4,0,2,-0.35,12,-1.0,0.5
2022-10-29,2022-23,EPL,Crystal Palace,Southampton,7,4,0,2,-0.35,11,6,3,1,3,-0.25,12,1.0,1.0
2022-10-29,2022-23,Ligue1,Strasbourg,Marseille,6,3,1,1,-0.25,12,7,2,0,2,0.05,12,-1.0,0.5
2022-10-29,2022-23,Bundesliga,RB Leipzig,Leverkusen,7,2,0,1,0.0,11,7,2,0,1,0.0,11,0.0,1.0
2022-10-29,2022-23,Bundesliga,Bayern Munich,Mainz,7,2,0,2,-0.05,11,8,2,0,1,0.05,11,-1.0,1.0
2022-10-29,2022-23,Bundesliga,Stuttgart,Augsburg,7,3,0,1,-0.2,11,7,2,0,2,0.0,11,0.0,1.0
2022-10-29,2022-23,Bundesliga,Wolfsburg,Bochum,7,2,0,1,0.05,11,6,2,1,1,-0.05,11,1.0,1.0
2022-10-29,2022-23,Bundesliga,Ein Frankfurt,Dortmund,7,2,0,1,0.0,11,7,2,0,2,0.0,11,0.0,0.0
2022-10-29,2022-23,SerieA,Inter,Sampdoria,7,2,0,2,0.1,11,5,2,1,2,-0.1,11,2.0,1.0
2022-10-29,2022-23,SerieA,Lecce,Juventus,6,3,1,2,-0.3,11,8,2,0,1,0.1,11,-2.0,0.0
2022-10-29,2022-23,SerieA,Napoli,Sassuolo,6,3,1,2,-0.15,11,5,2,1,1,-0.05,11,1.0,1.0
2022-10-29,2022-23,EPL,Leicester,Man City,6,3,1,2,-0.25,12,7,2,0,2,0.05,11,-1.0,0.0
2022-10-30,2022-23,SerieA,Lazio,Salernitana,7,3,0,1,-0.25,11,8,2,0,1,0.05,11,-1.0,0.0
2022-10-30,2022-23,SerieA,Torino,Milan,7,2,0,1,-0.05,11,8,2,0,1,0.05,11,-1.0,1.0
2022-10-30,2022-23,SerieA,Empoli,Atalanta,9,2,0,1,0.1,11,7,2,0,1,-0.1,11,2.0,0.0
2022-10-30,2022-23,LaLiga,Osasuna,Valladolid,7,3,0,3,-0.25,11,8,3,0,2,-0.15,11,-1.0,1.0
2022-10-30,2022-23,LaLiga,Real Madrid,Girona,8,3,0,2,-0.15,11,7,3,0,2,-0.25,11,1.0,0.5
2022-10-30,2022-23,Ligue1,Lyon,Lille,8,2,0,1,0.05,12,7,2,0,1,-0.05,12,1.0,1.0
2022-10-30,2022-23,Ligue1,Lorient,Nice,7,2,0,1,0.0,12,7,2,0,1,0.0,12,0.0,0.0
2022-10-30,2022-23,Ligue1,Rennes,Montpellier,7,2,0,1,-0.05,12,8,2,0,1,0.05,12,-1.0,1.0
2022-10-30,2022-23,Ligue1,Nantes,Clermont,7,2,0,1,0.0,12,7,2,0,1,0.0,12,0.0,0.5
2022-10-30,2022-23,Ligue1,Monaco,Angers,7,2,0,1,0.0,12,7,2,0,1,0.0,12,0.0,1.0
2022-10-30,2022-23,Ligue1,Brest,Reims,7,2,0,1,0.0,12,7,2,0,1,0.0,12,0.0,0.5
2022-10-30,2022-23,Ligue1,Auxerre,Ajaccio,7,2,0,1,-0.1,12,9,2,0,1,0.1,12,-2.0,1.0
2022-10-30,2022-23,LaLiga,Ath Bilbao,Villarreal,7,3,0,2,-0.2,11,7,3,0,3,-0.2,11,0.0,1.0
2022-10-30,2022-23,LaLiga,Sociedad,Betis,8,3,0,2,-0.15,11,7,3,0,2,-0.25,11,1.0,0.0
2022-10-30,2022-23,EPL,Man United,West Ham,8,3,0,2,-0.1,11,6,3,1,2,-0.3,12,2.0,1.0
2022-10-30,2022-23,EPL,Arsenal,Nott'm Forest,7,2,0,1,-0.05,11,8,4,0,2,-0.35,12,-1.0,1.0
2022-10-30,2022-23,Bundesliga,FC Koln,Hoffenheim,9,2,0,1,0.05,11,8,2,0,1,-0.05,11,1.0,0.5
2022-10-30,2022-23,Bundesliga,Schalke 04,Freiburg,7,2,0,1,-0.05,11,8,2,0,1,0.05,11,-1.0,0.0
2022-10-30,2022-23,Bundesliga,Union Berlin,M'gladbach,7,2,0,1,-0.05,11,8,2,0,1,0.05,11,-1.0,1.0
2022-10-30,2022-23,SerieA,Spezia,Fiorentina,8,2,0,1,0.0,11,8,3,0,2,-0.2,11,0.0,0.0
2022-10-30,2022-23,SerieA,Cremonese,Udinese,6,2,1,1,-0.05,11,7,2,0,1,0.05,11,-1.0,0.5
2022-10-31,2022-23,SerieA,Monza,Bologna,9,2,0,1,0.05,11,8,2,0,1,-0.05,11,1.0,0.0
2022-10-31,2022-23,SerieA,Verona,Roma,7,2,0,1,-0.05,11,8,2,0,1,0.05,11,-1.0,0.0
2022-10-31,2022-23,LaLiga,Elche,Getafe,8,3,0,2,-0.15,11,7,3,0,2,-0.25,11,1.0,0.0
2022-11-04,2022-23,LaLiga,Girona,Ath Bilbao,5,4,1,2,-0.4,12,5,4,1,2,-0.4,12,0.0,1.0
2022-11-04,2022-23,Ligue1,Troyes,Auxerre,6,3,1,2,-0.15,13,5,3,1,2,-0.25,13,1.0,0.5
2022-11-04,2022-23,Bundesliga,M'gladbach,Stuttgart,5,3,1,2,-0.25,12,6,3,1,2,-0.15,12,-1.0,1.0
2022-11-04,2022-23,SerieA,Udinese,Lecce,5,3,1,2,-0.25,12,6,3,1,2,-0.15,12,-1.0,0.5
2022-11-05,2022-23,LaLiga,Barcelona,Almeria,7,4,0,2,-0.4,12,7,4,0,2,-0.4,12,0.0,1.0
2022-11-05,2022-23,LaLiga,Celta,Osasuna,7,4,0,2,-0.35,12,6,4,1,2,-0.45,12,1.0,0.0
2022-11-05,2022-23,LaLiga,Valladolid,Elche,6,4,1,1,-0.35,12,5,3,1,2,-0.25,12,1.0,1.0
2022-11-05,2022-23,Ligue1,Ajaccio,Strasbourg,6,3,1,1,-0.25,13,7,2,0,2,0.05,13,-1.0,1.0
2022-11-05,2022-23,LaLiga,Getafe,Cadiz,5,3,1,2,-0.3,12,7,3,0,1,-0.1,12,-2.0,0.5
2022-11-05,2022-23,Ligue1,Angers,Lens,6,3,1,2,-0.3,13,8,2,0,1,0.1,13,-2.0,0.0
2022-11-05,2022-23,Bundesliga,Hoffenheim,RB Leipzig,6,2,1,1,-0.05,12,7,2,0,1,0.05,12,-1.0,0.0
2022-11-05,2022-23,Bundesliga,Dortmund,Bochum,7,3,0,1,-0.2,12,7,2,0,2,0.0,12,0.0,1.0
2022-11-05,2022-23,EPL,Nott'm Forest,Brentford,6,3,1,1,-0.25,13,7,3,0,2,-0.15,13,-1.0,0.5
2022-11-05,2022-23,Bundesliga,Augsburg,Ein Frankfurt,7,3,0,1,-0.2,12,7,2,0,1,0.0,12,0.0,0.0
2022-11-05,2022-23,EPL,Wolves,Brighton,7,3,0,2,-0.2,13,7,3,0,1,-0.2,12,0.0,0.0
2022-11-05,2022-23,SerieA,Milan,Spezia,6,3,1,1,-0.2,12,6,3,1,1,-0.2,12,0.0,1.0
2022-11-05,2022-23,SerieA,Atalanta,Napoli,6,2,1,2,-0.05,12,7,3,0,2,-0.15,12,-1.0,0.0
2022-11-05,2022-23,SerieA,Salernitana,Cremonese,6,3,1,1,-0.2,12,6,3,1,2,-0.2,12,0.0,0.5
2022-11-05,2022-23,SerieA,Empoli,Sassuolo,6,2,1,1,-0.05,12,7,2,0,2,0.05,12,-1.0,1.0
2022-11-05,2022-23,EPL,Everton,Leicester,7,3,0,1,-0.2,13,7,3,0,2,-0.2,13,0.0,0.0
2022-11-05,2022-23,EPL,Man City,Fulham,7,3,0,1,-0.2,12,7,3,0,2,-0.2,13,0.0,1.0
2022-11-05,2022-23,Bundesliga,Werder Bremen,Schalke 04,8,2,0,1,0.1,12,6,2,1,2,-0.1,12,2.0,1.0
2022-11-05,2022-23,Bundesliga,Mainz,Wolfsburg,7,2,0,1,0.0,12,7,2,0,1,0.0,12,0.0,0.0
2022-11-05,2022-23,Bundesliga,Hertha,Bayern Munich,8,2,0,2,0.05,12,7,3,0,1,-0.25,12,1.0,0.0
2022-11-05,2022-23,EPL,Leeds,Bournemouth,7,4,0,2,-0.4,12,7,3,0,2,-0.2,13,0.0,1.0
2022-11-06,2022-23,EPL,Chelsea,Arsenal,8,3,0,1,-0.15,12,7,2,0,1,-0.05,12,1.0,0.0
2022-11-06,2022-23,EPL,Southampton,Newcastle,8,3,0,1,-0.2,13,8,3,0,1,-0.2,13,0.0,0.0
2022-11-06,2022-23,Bundesliga,Freiburg,FC Koln,7,2,0,1,0.0,12,7,2,0,1,0.0,12,0.0,1.0
2022-11-06,2022-23,Ligue1,Lille,Rennes,7,2,0,1,0.0,13,7,2,0,1,0.0,13,0.0,0.5
2022-11-06,2022-23,EPL,West Ham,Crystal Palace,7,3,0,2,-0.25,13,8,3,0,1,-0.15,12,-1.0,0.0
2022-11-06,2022-23,EPL,Tottenham,Liverpool,8,3,0,1,-0.2,13,8,3,0,1,-0.2,12,0.0,0.0
2022-11-06,2022-23,Ligue1,Lorient,Paris SG,7,2,0,1,-0.05,13,8,2,0,1,0.05,13,-1.0,0.0
2022-11-06,2022-23,EPL,Aston Villa,Man United,8,3,0,1,-0.15,13,7,3,0,1,-0.25,12,1.0,1.0
2022-11-06,2022-23,SerieA,Monza,Verona,6,2,1,1,0.0,12,6,2,1,2,0.0,12,0.0,1.0
2022-11-06,2022-23,SerieA,Juventus,Inter,8,2,0,1,0.0,12,8,2,0,1,0.0,12,0.0,1.0
2022-11-06,2022-23,SerieA,Roma,Lazio,6,3,1,1,-0.25,12,7,2,0,1,0.05,12,-1.0,0.0
2022-11-06,2022-23,SerieA,Sampdoria,Fiorentina,8,3,0,2,-0.15,12,7,3,0,1,-0.25,12,1.0,0.0
2022-11-06,2022-23,SerieA,Bologna,Torino,6,2,1,1,-0.05,12,7,2,0,1,0.05,12,-1.0,1.0
2022-11-06,2022-23,Ligue1,Clermont,Montpellier,7,2,0,1,0.0,13,7,2,0,1,0.0,13,0.0,0.5
2022-11-06,2022-23,Bundesliga,Leverkusen,Union Berlin,8,2,0,1,0.05,12,7,2,0,1,-0.05,12,1.0,1.0
2022-11-06,2022-23,Ligue1,Reims,Nantes,7,2,0,1,0.0,13,7,2,0,1,0.0,13,0.0,1.0
2022-11-06,2022-23,LaLiga,Betis,Sevilla,7,3,0,1,-0.25,12,8,3,0,1,-0.15,12,-1.0,0.5
2022-11-06,2022-23,LaLiga,Villarreal,Mallorca,7,4,0,1,-0.5,12,9,3,0,1,-0.1,12,-2.0,0.0
2022-11-06,2022-23,LaLiga,Sociedad,Valencia,7,3,0,1,-0.25,12,8,3,0,1,-0.15,12,-1.0,0.5
2022-11-06,2022-23,LaLiga,Ath Madrid,Espanol,8,3,0,1,-0.25,12,9,3,0,1,-0.15,12,-1.0,0.5
2022-11-06,2022-23,Ligue1,Marseille,Lyon,8,2,0,1,0.05,13,7,2,0,1,-0.05,13,1.0,1.0
2022-11-06,2022-23,Ligue1,Toulouse,Monaco,9,2,0,1,0.1,13,7,2,0,1,-0.1,13,2.0,0.0
2022-11-06,2022-23,Ligue1,Nice,Brest,7,2,0,1,0.0,13,7,2,0,1,0.0,13,0.0,1.0
2022-11-07,2022-23,LaLiga,Vallecano,Real Madrid,9,3,0,1,-0.15,12,8,3,0,1,-0.25,12,1.0,1.0
2022-11-08,2022-23,LaLiga,Osasuna,Barcelona,3,4,1,2,-0.8,13,3,4,1,2,-0.8,13,0.0,0.0
2022-11-08,2022-23,LaLiga,Elche,Girona,3,4,1,2,-0.85,13,4,4,1,2,-0.35,13,-1.0,0.0
2022-11-08,2022-23,SerieA,Napoli,Empoli,3,3,1,2,-0.6,13,3,3,1,2,-0.6,13,0.0,1.0
2022-11-08,2022-23,SerieA,Spezia,Udinese,3,3,1,2,-0.65,13,4,3,1,2,-0.15,13,-1.0,0.5
2022-11-08,2022-23,SerieA,Cremonese,Milan,3,3,1,2,-0.6,13,3,3,1,2,-0.6,13,0.0,0.5
2022-11-08,2022-23,Bundesliga,Wolfsburg,Dortmund,3,3,1,2,-0.6,13,3,3,1,2,-0.6,13,0.0,1.0
2022-11-08,2022-23,Bundesliga,Bayern Munich,Werder Bremen,3,3,1,2,-0.6,13,3,3,1,2,-0.6,13,0.0,1.0
2022-11-08,2022-23,Bundesliga,Bochum,M'gladbach,3,3,1,2,-0.65,13,4,3,1,2,-0.15,13,-1.0,1.0
2022-11-08,2022-23,Bundesliga,Stuttgart,Hertha,4,3,1,2,-0.15,13,3,3,1,2,-0.65,13,1.0,1.0
2022-11-08,2022-23,LaLiga,Ath Bilbao,Valladolid,4,3,1,2,-0.15,13,3,4,1,2,-0.85,13,1.0,1.0
2022-11-09,2022-23,Bundesliga,Union Berlin,Augsburg,3,3,1,2,-0.65,13,4,3,1,2,-0.15,13,-1.0,0.5
2022-11-09,2022-23,Bundesliga,Schalke 04,Mainz,4,3,1,2,-0.2,13,4,3,1,2,-0.2,13,0.0,1.0
2022-11-09,2022-23,Bundesliga,RB Leipzig,Freiburg,4,3,1,2,-0.15,13,3,3,1,2,-0.65,13,1.0,1.0
2022-11-09,2022-23,SerieA,Torino,Sampdoria,3,3,1,2,-0.6,13,3,3,1,2,-0.6,13,0.0,1.0
2022-11-09,2022-23,SerieA,Inter,Bologna,3,3,1,2,-0.6,13,3,3,1,2,-0.6,13,0.0,1.0
2022-11-09,2022-23,SerieA,Fiorentina,Salernitana,3,3,1,2,-0.65,13,4,3,1,2,-0.15,13,-1.0,1.0
2022-11-09,2022-23,SerieA,Sassuolo,Roma,4,3,1,2,-0.15,13,3,3,1,2,-0.65,13,1.0,0.5
2022-11-09,2022-23,SerieA,Lecce,Atalanta,5,3,1,2,-0.15,13,4,3,1,2,-0.25,13,1.0,1.0
2022-11-09,2022-23,Bundesliga,FC Koln,Leverkusen,3,3,1,2,-0.6,13,3,3,1,2,-0.6,13,0.0,0.0
2022-11-09,2022-23,LaLiga,Almeria,Getafe,4,4,1,2,-0.4,13,4,3,1,2,-0.2,13,0.0,1.0
2022-11-09,2022-23,LaLiga,Espanol,Villarreal,3,4,1,2,-0.8,13,3,4,1,2,-0.8,13,0.0,0.0
2022-11-09,2022-23,LaLiga,Sevilla,Sociedad,3,3,1,2,-0.6,13,3,3,1,2,-0.6,13,0.0,0.0
2022-11-09,2022-23,Bundesliga,Ein Frankfurt,Hoffenheim,4,3,1,2,-0.2,13,4,3,1,2,-0.2,13,0.0,1.0
2022-11-09,2022-23,LaLiga,Mallorca,Ath Madrid,3,3,1,2,-0.6,13,3,3,1,2,-0.6,13,0.0,1.0
2022-11-10,2022-23,SerieA,Lazio,Monza,4,3,1,2,-0.2,13,4,3,1,2,-0.2,13,0.0,1.0
2022-11-10,2022-23,LaLiga,Vallecano,Celta,3,3,1,2,-0.7,13,5,3,1,2,-0.1,13,-2.0,0.5
2022-11-10,2022-23,LaLiga,Valencia,Betis,4,3,1,2,-0.2,13,4,3,1,2,-0.2,13,0.0,1.0
2022-11-10,2022-23,LaLiga,Real Madrid,Cadiz,3,3,1,2,-0.7,13,5,3,1,2,-0.1,13,-2.0,1.0
2022-11-10,2022-23,SerieA,Verona,Juventus,4,3,1,2,-0.2,13,4,3,1,2,-0.2,13,0.0,0.0
2022-11-11,2022-23,Bundesliga,M'gladbach,Dortmund,3,4,1,3,-0.8,14,3,4,2,3,-0.8,14,0.0,1.0
2022-11-11,2022-23,Ligue1,Lyon,Nice,5,3,1,2,-0.2,14,5,3,1,2,-0.2,14,0.0,0.5
2022-11-11,2022-23,SerieA,Empoli,Cremonese,3,3,2,3,-0.6,14,3,4,2,3,-0.8,14,0.0,1.0
2022-11-12,2022-23,SerieA,Sampdoria,Lecce,3,4,2,2,-0.8,14,3,4,1,2,-0.8,14,0.0,0.0
2022-11-12,2022-23,EPL,West Ham,Leicester,6,3,1,2,-0.25,14,7,3,0,1,-0.15,14,-1.0,0.0
2022-11-12,2022-23,Ligue1,Rennes,Toulouse,6,3,1,2,-0.2,14,6,3,1,1,-0.2,14,0.0,1.0
2022-11-12,2022-23,Ligue1,Lens,Clermont,7,2,0,1,0.05,14,6,3,1,2,-0.25,14,1.0,1.0
2022-11-12,2022-23,SerieA,Napoli,Udinese,4,4,1,2,-0.4,14,4,4,1,3,-0.4,14,0.0,1.0
2022-11-12,2022-23,EPL,Tottenham,Leeds,6,3,1,1,-0.25,14,7,3,0,1,-0.15,13,-1.0,1.0
2022-11-12,2022-23,SerieA,Bologna,Sassuolo,3,4,2,3,-0.8,14,3,4,1,2,-0.8,14,0.0,1.0
2022-11-12,2022-23,Bundesliga,Leverkusen,Stuttgart,3,3,2,2,-0.65,14,4,3,1,2,-0.15,14,-1.0,1.0
2022-11-12,2022-23,Bundesliga,Hertha,FC Koln,4,4,1,2,-0.35,14,3,3,2,3,-0.65,14,1.0,1.0
2022-11-12,2022-23,Bundesliga,Werder Bremen,RB Leipzig,4,3,1,2,-0.15,14,3,3,1,2,-0.65,14,1.0,0.0
2022-11-12,2022-23,Bundesliga,Schalke 04,Bayern Munich,3,4,1,3,-0.85,14,4,3,1,2,-0.15,14,-1.0,0.0
2022-11-12,2022-23,EPL,Nott'm Forest,Crystal Palace,7,2,0,2,0.05,14,6,2,1,1,-0.05,13,1.0,1.0
2022-11-12,2022-23,Bundesliga,Augsburg,Bochum,3,3,1,2,-0.65,14,4,4,1,2,-0.35,14,-1.0,0.0
2022-11-12,2022-23,EPL,Wolves,Arsenal,7,3,0,1,-0.15,14,6,3,1,2,-0.25,13,1.0,0.0
2022-11-12,2022-23,EPL,Newcastle,Chelsea,6,3,1,1,-0.2,14,6,2,1,1,0.0,13,0.0,1.0
2022-11-12,2022-23,EPL,Bournemouth,Everton,7,3,0,1,-0.2,14,7,2,0,1,0.0,14,0.0,1.0
2022-11-12,2022-23,EPL,Man City,Brentford,7,2,0,1,0.0,13,7,3,0,1,-0.2,14,0.0,0.0
2022-11-12,2022-23,EPL,Liverpool,Southampton,6,2,1,1,0.0,13,6,3,1,1,-0.2,14,0.0,1.0
2022-11-12,2022-23,Bundesliga,Hoffenheim,Wolfsburg,3,3,1,3,-0.65,14,4,3,1,2,-0.15,14,-1.0,0.0
2022-11-13,2022-23,SerieA,Milan,Fiorentina,5,3,1,2,-0.15,14,4,3,1,2,-0.25,14,1.0,1.0
2022-11-13,2022-23,Ligue1,Monaco,Marseille,7,2,0,1,0.0,14,7,2,0,1,0.0,14,0.0,0.0
2022-11-13,2022-23,Ligue1,Strasbourg,Lorient,8,2,0,1,0.05,14,7,2,0,1,-0.05,14,1.0,0.5
2022-11-13,2022-23,Ligue1,Nantes,Ajaccio,7,2,0,1,-0.05,14,8,2,0,1,0.05,14,-1.0,0.5
2022-11-13,2022-23,Ligue1,Paris SG,Auxerre,7,2,0,1,-0.1,14,9,2,0,1,0.1,14,-2.0,1.0
2022-11-13,2022-23,Ligue1,Montpellier,Reims,7,2,0,1,0.0,14,7,2,0,1,0.0,14,0.0,0.5
2022-11-13,2022-23,SerieA,Verona,Spezia,3,4,1,3,-0.9,14,5,3,1,2,-0.1,14,-2.0,0.0
2022-11-13,2022-23,Bundesliga,Freiburg,Union Berlin,4,3,1,2,-0.2,14,4,3,1,2,-0.2,14,0.0,1.0
2022-11-13,2022-23,Ligue1,Lille,Angers,7,2,0,1,-0.05,14,8,2,0,1,0.05,14,-1.0,1.0
2022-11-13,2022-23,EPL,Fulham,Man United,8,2,0,1,0.05,14,7,2,0,1,-0.05,13,1.0,0.0
2022-11-13,2022-23,EPL,Brighton,Aston Villa,8,2,0,1,0.05,13,7,2,0,1,-0.05,14,1.0,0.0
2022-11-13,2022-23,SerieA,Juventus,Lazio,3,3,1,2,-0.6,14,3,3,1,2,-0.6,14,0.0,1.0
2022-11-13,2022-23,SerieA,Atalanta,Inter,4,3,1,2,-0.2,14,4,3,1,2,-0.2,14,0.0,0.0
2022-11-13,2022-23,SerieA,Monza,Salernitana,3,3,1,3,-0.65,14,4,3,1,2,-0.15,14,-1.0,1.0
2022-11-13,2022-23,SerieA,Roma,Torino,4,3,1,3,-0.2,14,4,3,1,2,-0.2,14,0.0,0.5
2022-11-13,2022-23,Bundesliga,Mainz,Ein Frankfurt,4,3,1,2,-0.2,14,4,3,1,2,-0.2,14,0.0,0.5
2022-11-13,2022-23,Ligue1,Brest,Troyes,7,2,0,1,-0.1,14,9,2,0,1,0.1,14,-2.0,1.0
2022-12-26,2022-23,EPL,Southampton,Brighton,44,0,0,0,0.05,15,43,0,0,0,-0.05,14,1.0,0.0
2022-12-26,2022-23,EPL,Aston Villa,Liverpool,43,0,0,0,-0.05,15,44,0,0,0,0.05,14,-1.0,0.0
2022-12-26,2022-23,EPL,Leicester,Newcastle,44,0,0,0,0.0,15,44,0,0,0,0.0,15,0.0,0.0
2022-12-26,2022-23,EPL,Everton,Wolves,44,0,0,0,0.0,15,44,0,0,0,0.0,15,0.0,0.0
2022-12-26,2022-23,EPL,Crystal Palace,Fulham,44,0,0,0,0.05,14,43,0,0,0,-0.05,15,1.0,0.0
2022-12-26,2022-23,EPL,Brentford,Tottenham,44,0,0,0,0.0,15,44,0,0,0,0.0,15,0.0,0.5
2022-12-26,2022-23,EPL,Arsenal,West Ham,44,0,0,0,0.0,14,44,0,0,0,0.0,15,0.0,1.0
2022-12-27,2022-23,EPL,Man United,Nott'm Forest,44,0,0,0,-0.05,14,45,0,0,0,0.05,15,-1.0,1.0
2022-12-27,2022-23,EPL,Chelsea,Bournemouth,45,0,0,0,0.0,14,45,0,0,0,0.0,15,0.0,1.0
2022-12-28,2022-23,EPL,Leeds,Man City,46,0,0,0,0.0,14,46,0,0,0,0.0,14,0.0,0.0
2022-12-28,2022-23,Ligue1,Paris SG,Strasbourg,45,0,0,0,0.0,15,45,0,0,0,0.0,15,0.0,1.0
2022-12-28,2022-23,Ligue1,Brest,Lyon,45,0,0,0,-0.1,15,47,0,0,0,0.1,15,-2.0,0.0
2022-12-28,2022-23,Ligue1,Clermont,Lille,46,0,0,0,0.05,15,45,0,0,0,-0.05,15,1.0,0.0
2022-12-28,2022-23,Ligue1,Auxerre,Monaco,45,0,0,0,0.0,15,45,0,0,0,0.0,15,0.0,0.0
2022-12-28,2022-23,Ligue1,Troyes,Nantes,45,0,0,0,0.0,15,45,0,0,0,0.0,15,0.0,0.5
2022-12-28,2022-23,Ligue1,Ajaccio,Angers,45,0,0,0,0.0,15,45,0,0,0,0.0,15,0.0,1.0
2022-12-29,2022-23,Ligue1,Lorient,Montpellier,46,0,0,0,0.0,15,46,0,0,0,0.0,15,0.0,0.0
2022-12-29,2022-23,Ligue1,Nice,Lens,48,0,0,0,0.05,15,47,0,0,0,-0.05,15,1.0,0.5
2022-12-29,2022-23,Ligue1,Marseille,Toulouse,46,0,0,0,-0.05,15,47,0,0,0,0.05,15,-1.0,1.0
2022-12-29,2022-23,Ligue1,Reims,Rennes,46,0,0,0,-0.05,15,47,0,0,0,0.05,15,-1.0,1.0
2022-12-29,2022-23,LaLiga,Girona,Vallecano,51,0,0,0,0.1,14,49,0,0,0,-0.1,14,2.0,0.5
2022-12-29,2022-23,LaLiga,Betis,Ath Bilbao,49,0,0,0,-0.1,14,51,0,0,0,0.1,14,-2.0,0.5
2022-12-29,2022-23,LaLiga,Ath Madrid,Elche,50,0,0,0,-0.05,14,51,0,0,0,0.05,14,-1.0,1.0
2022-12-30,2022-23,EPL,West Ham,Brentford,4,1,1,1,0.0,16,4,1,1,1,0.0,16,0.0,0.0
2022-12-30,2022-23,EPL,Liverpool,Leicester,4,1,1,1,0.0,15,4,1,1,1,0.0,16,0.0,1.0
2022-12-30,2022-23,LaLiga,Cadiz,Almeria,50,0,0,0,-0.05,14,51,0,0,0,0.05,14,-1.0,0.5
2022-12-30,2022-23,LaLiga,Getafe,Mallorca,51,0,0,0,0.0,14,51,0,0,0,0.0,14,0.0,1.0
2022-12-30,2022-23,LaLiga,Celta,Sevilla,50,0,0,0,-0.05,14,51,0,0,0,0.05,14,-1.0,0.5
2022-12-30,2022-23,LaLiga,Valladolid,Real Madrid,52,0,0,0,0.1,14,50,0,0,0,-0.1,14,2.0,0.0
2022-12-31,2022-23,LaLiga,Barcelona,Espanol,53,0,0,0,0.05,14,52,0,0,0,-0.05,14,1.0,0.5
2022-12-31,2022-23,LaLiga,Sociedad,Osasuna,52,0,0,0,-0.05,14,53,0,0,0,0.05,14,-1.0,1.0
2022-12-31,2022-23,LaLiga,Villarreal,Valencia,52,0,0,0,0.05,14,51,0,0,0,-0.05,14,1.0,1.0
2022-12-31,2022-23,EPL,Newcastle,Leeds,5,1,1,1,0.1,16,3,1,1,1,-0.5,15,2.0,0.5
2022-12-31,2022-23,EPL,Man City,Everton,3,1,1,1,-0.5,15,5,1,1,1,0.1,16,-2.0,0.5
2022-12-31,2022-23,EPL,Brighton,Arsenal,5,1,1,1,0.0,15,5,1,1,1,0.0,15,0.0,0.0
2022-12-31,2022-23,EPL,Fulham,Southampton,5,1,1,1,0.0,16,5,1,1,1,0.0,16,0.0,1.0
2022-12-31,2022-23,EPL,Wolves,Man United,5,1,1,1,0.05,16,4,1,1,1,-0.05,15,1.0,0.0
2022-12-31,2022-23,EPL,Bournemouth,Crystal Palace,4,1,1,1,-0.05,16,5,1,1,1,0.05,15,-1.0,0.0
2023-01-01,2022-23,Ligue1,Lyon,Clermont,4,1,1,1,0.0,16,4,1,1,1,0.0,16,0.0,0.0
2023-01-01,2022-23,Ligue1,Toulouse,Ajaccio,3,1,1,1,-0.45,16,4,1,1,1,0.05,16,-1.0,1.0
2023-01-01,2022-23,Ligue1,Angers,Lorient,4,1,1,1,0.05,16,3,1,1,1,-0.45,16,1.0,0.0
2023-01-01,2022-23,Ligue1,Lens,Paris SG,3,1,1,1,-0.45,16,4,1,1,1,0.05,16,-1.0,1.0
2023-01-01,2022-23,Ligue1,Monaco,Brest,4,1,1,1,0.0,16,4,1,1,1,0.0,16,0.0,1.0
2023-01-01,2022-23,Ligue1,Nantes,Auxerre,4,1,1,1,0.0,16,4,1,1,1,0.0,16,0.0,1.0
2023-01-01,2022-23,EPL,Tottenham,Aston Villa,6,1,1,1,0.0,16,6,1,1,1,0.0,16,0.0,0.0
2023-01-01,2022-23,EPL,Nott'm Forest,Chelsea,5,1,1,1,0.0,16,5,1,1,1,0.0,15,0.0,0.5
2023-01-02,2022-23,Ligue1,Strasbourg,Troyes,5,1,1,1,0.0,16,5,1,1,1,0.0,16,0.0,0.0
2023-01-02,2022-23,Ligue1,Lille,Reims,5,1,1,1,0.05,16,4,1,1,1,-0.05,16,1.0,0.5
2023-01-02,2022-23,Ligue1,Montpellier,Marseille,4,1,1,1,0.0,16,4,1,1,1,0.0,16,0.0,0.0
2023-01-02,2022-23,Ligue1,Rennes,Nice,4,1,1,1,0.0,16,4,1,1,1,0.0,16,0.0,1.0
2023-01-02,2022-23,EPL,Brentford,Liverpool,3,2,1,2,-0.4,17,3,2,1,2,-0.4,16,0.0,1.0
2023-01-03,2022-23,EPL,Man United,Bournemouth,3,2,1,2,-0.4,16,3,2,1,2,-0.4,17,0.0,1.0
2023-01-03,2022-23,EPL,Leicester,Fulham,4,2,1,2,0.05,17,3,2,1,2,-0.45,17,1.0,0.0
2023-01-03,2022-23,EPL,Everton,Brighton,3,2,1,2,-0.4,17,3,2,1,2,-0.4,16,0.0,0.0
2023-01-03,2022-23,EPL,Arsenal,Newcastle,3,2,1,2,-0.4,16,3,2,1,2,-0.4,17,0.0,0.5
2023-01-04,2022-23,SerieA,Sassuolo,Sampdoria,53,0,0,0,0.0,15,53,0,0,0,0.0,15,0.0,0.0
2023-01-04,2022-23,SerieA,Salernitana,Milan,52,0,0,0,0.0,15,52,0,0,0,0.0,15,0.0,0.0
2023-01-04,2022-23,SerieA,Udinese,Empoli,53,0,0,0,-0.05,15,54,0,0,0,0.05,15,-1.0,0.5
2023-01-04,2022-23,SerieA,Torino,Verona,52,0,0,0,0.0,15,52,0,0,0,0.0,15,0.0,0.5
2023-01-04,2022-23,SerieA,Lecce,Lazio,53,0,0,0,0.05,15,52,0,0,0,-0.05,15,1.0,1.0
2023-01-04,2022-23,SerieA,Roma,Bologna,52,0,0,0,-0.05,15,53,0,0,0,0.05,15,-1.0,1.0
2023-01-04,2022-23,SerieA,Cremonese,Juventus,54,0,0,0,0.1,15,52,0,0,0,-0.1,15,2.0,0.0
2023-01-04,2022-23,SerieA,Spezia,Atalanta,52,0,0,0,0.0,15,52,0,0,0,0.0,15,0.0,0.5
2023-01-04,2022-23,SerieA,Inter,Napoli,52,0,0,0,-0.05,15,53,0,0,0,0.05,15,-1.0,1.0
2023-01-04,2022-23,SerieA,Fiorentina,Monza,52,0,0,0,0.0,15,52,0,0,0,0.0,15,0.0,0.5
2023-01-04,2022-23,EPL,Crystal Palace,Tottenham,4,2,1,2,0.05,16,3,2,1,2,-0.45,17,1.0,0.0
2023-01-04,2022-23,EPL,Aston Villa,Wolves,3,2,1,2,-0.45,17,4,2,1,2,0.05,17,-1.0,0.5
2023-01-04,2022-23,EPL,Leeds,West Ham,4,2,1,2,-0.05,16,5,2,1,2,0.05,17,-1.0,0.5
2023-01-04,2022-23,EPL,Southampton,Nott'm Forest,4,2,1,2,0.05,17,3,2,1,2,-0.45,17,1.0,0.0
2023-01-05,2022-23,EPL,Chelsea,Man City,4,2,1,2,-0.05,16,5,2,1,2,0.05,16,-1.0,0.0
2023-01-06,2022-23,LaLiga,Elche,Celta,8,1,0,1,0.05,15,7,1,0,1,-0.05,15,1.0,0.0
2023-01-06,2022-23,LaLiga,Valencia,Cadiz,6,1,1,1,-0.05,15,7,1,0,1,0.05,15,-1.0,0.0
2023-01-07,2022-23,SerieA,Fiorentina,Sassuolo,3,1,1,1,-0.4,16,3,1,1,1,-0.4,16,0.0,1.0
2023-01-07,2022-23,LaLiga,Espanol,Girona,7,1,0,1,-0.1,15,9,1,0,1,0.1,15,-2.0,0.5
2023-01-07,2022-23,LaLiga,Villarreal,Real Madrid,7,1,0,1,-0.05,15,8,1,0,1,0.05,15,-1.0,1.0
2023-01-07,2022-23,SerieA,Monza,Inter,3,1,1,1,-0.4,16,3,1,1,1,-0.4,16,0.0,0.5
2023-01-07,2022-23,SerieA,Juventus,Udinese,3,1,1,1,-0.4,16,3,1,1,1,-0.4,16,0.0,1.0
2023-01-07,2022-23,LaLiga,Mallorca,Valladolid,8,1,0,1,0.0,15,8,1,0,1,0.0,15,0.0,1.0
2023-01-08,2022-23,SerieA,Spezia,Lecce,4,1,1,1,0.0,16,4,1,1,1,0.0,16,0.0,0.5
2023-01-08,2022-23,SerieA,Salernitana,Torino,4,1,1,1,0.0,16,4,1,1,1,0.0,16,0.0,0.5
2023-01-08,2022-23,SerieA,Milan,Roma,4,1,1,1,0.0,16,4,1,1,1,0.0,16,0.0,0.5
2023-01-08,2022-23,SerieA,Sampdoria,Napoli,4,1,1,1,0.0,16,4,1,1,1,0.0,16,0.0,0.0
2023-01-08,2022-23,SerieA,Lazio,Empoli,4,1,1,1,0.0,16,4,1,1,1,0.0,16,0.0,0.5
2023-01-08,2022-23,LaLiga,Sevilla,Getafe,9,1,0,1,0.0,15,9,1,0,1,0.0,15,0.0,1.0
2023-01-08,2022-23,LaLiga,Ath Madrid,Barcelona,10,1,0,1,0.1,15,8,1,0,1,-0.1,15,2.0,0.0
2023-01-08,2022-23,LaLiga,Vallecano,Betis,10,1,0,1,0.0,15,10,1,0,1,0.0,15,0.0,0.0
2023-01-08,2022-23,LaLiga,Almeria,Sociedad,9,1,0,1,0.05,15,8,1,0,1,-0.05,15,1.0,0.0
2023-01-09,2022-23,SerieA,Bologna,Atalanta,5,1,1,1,0.0,16,5,1,1,1,0.0,16,0.0,0.0
2023-01-09,2022-23,LaLiga,Ath Bilbao,Osasuna,11,1,0,1,0.1,15,9,1,0,1,-0.1,15,2.0,0.5
2023-01-09,2022-23,SerieA,Verona,Cremonese,5,1,1,1,0.0,16,5,1,1,1,0.0,16,0.0,1.0
2023-01-11,2022-23,Ligue1,Troyes,Marseille,9,2,0,1,0.0,17,9,2,0,2,0.0,17,0.0,0.0
2023-01-11,2022-23,Ligue1,Strasbourg,Lens,9,2,0,1,-0.05,17,10,2,0,2,0.05,17,-1.0,0.5
2023-01-11,2022-23,Ligue1,Paris SG,Angers,10,2,0,1,0.0,17,10,2,0,1,0.0,17,0.0,1.0
2023-01-11,2022-23,Ligue1,Nice,Montpellier,9,2,0,2,0.0,17,9,2,0,2,0.0,17,0.0,1.0
2023-01-11,2022-23,Ligue1,Lorient,Monaco,10,2,0,2,0.0,17,10,2,0,1,0.0,17,0.0,0.5
2023-01-11,2022-23,Ligue1,Clermont,Rennes,10,2,0,1,0.05,17,9,2,0,2,-0.05,17,1.0,1.0
2023-01-11,2022-23,Ligue1,Nantes,Lyon,10,2,0,1,0.0,17,10,2,0,1,0.0,17,0.0,0.5
2023-01-11,2022-23,Ligue1,Ajaccio,Reims,10,2,0,1,0.05,17,9,2,0,2,-0.05,17,1.0,0.0
2023-01-11,2022-23,Ligue1,Auxerre,Toulouse,10,2,0,1,0.0,17,10,2,0,2,0.0,17,0.0,0.0
2023-01-11,2022-23,Ligue1,Brest,Lille,10,2,0,1,0.05,17,9,2,0,1,-0.05,17,1.0,0.5
2023-01-12,2022-23,EPL,Fulham,Chelsea,9,3,0,2,-0.1,18,7,3,0,2,-0.3,17,2.0,1.0
2023-01-13,2022-23,EPL,Aston Villa,Leeds,9,3,0,2,-0.2,18,9,3,0,2,-0.2,17,0.0,1.0
2023-01-13,2022-23,SerieA,Napoli,Juventus,5,2,1,2,-0.05,17,6,2,1,2,0.05,17,-1.0,1.0
2023-01-13,2022-23,LaLiga,Celta,Villarreal,7,2,0,1,0.05,16,6,2,1,2,-0.05,16,1.0,0.5
2023-01-14,2022-23,LaLiga,Girona,Sevilla,7,2,0,1,0.05,16,6,2,1,1,-0.05,16,1.0,1.0
2023-01-14,2022-23,Ligue1,Marseille,Lorient,3,3,1,2,-0.6,18,3,3,1,2,-0.6,18,0.0,1.0
2023-01-14,2022-23,LaLiga,Sociedad,Ath Bilbao,6,2,1,1,0.05,16,5,2,1,1,-0.05,16,1.0,1.0
2023-01-14,2022-23,EPL,Man United,Man City,11,3,0,1,-0.1,17,9,3,0,1,-0.3,17,2.0,1.0
2023-01-14,2022-23,EPL,Brighton,Liverpool,11,3,0,1,-0.25,17,12,3,0,1,-0.15,17,-1.0,1.0
2023-01-14,2022-23,EPL,Everton,Southampton,11,3,0,1,-0.15,18,10,3,0,1,-0.25,18,1.0,0.0
2023-01-14,2022-23,EPL,Nott'm Forest,Leicester,10,3,0,2,-0.25,18,11,3,0,1,-0.15,18,-1.0,1.0
2023-01-14,2022-23,EPL,Wolves,West Ham,10,3,0,1,-0.2,18,10,3,0,1,-0.2,18,0.0,1.0
2023-01-14,2022-23,EPL,Brentford,Bournemouth,12,3,0,1,-0.15,18,11,3,0,1,-0.25,18,1.0,1.0
2023-01-14,2022-23,LaLiga,Osasuna,Mallorca,5,2,1,1,-0.1,16,7,2,0,1,0.1,16,-2.0,1.0
2023-01-14,2022-23,LaLiga,Valladolid,Vallecano,7,2,0,1,0.05,16,6,2,1,1,-0.05,16,1.0,0.0
2023-01-14,2022-23,SerieA,Cremonese,Monza,5,2,1,2,-0.1,17,7,2,0,2,0.1,17,-2.0,0.0
2023-01-14,2022-23,SerieA,Lecce,Milan,6,2,1,2,0.0,17,6,2,1,2,0.0,17,0.0,0.5
2023-01-14,2022-23,SerieA,Inter,Verona,7,2,0,2,0.1,17,5,2,1,2,-0.1,17,2.0,1.0
2023-01-14,2022-23,Ligue1,Lyon,Strasbourg,3,3,1,2,-0.6,18,3,3,1,2,-0.6,18,0.0,0.0
2023-01-14,2022-23,Ligue1,Lens,Auxerre,3,3,1,2,-0.6,18,3,3,1,2,-0.6,18,0.0,1.0
2023-01-15,2022-23,EPL,Chelsea,Crystal Palace,3,4,1,2,-1.2,18,11,3,0,1,0.2,17,-8.0,1.0
2023-01-15,2022-23,SerieA,Sassuolo,Lazio,8,2,0,2,0.05,17,7,2,0,2,-0.05,17,1.0,0.0
2023-01-15,2022-23,SerieA,Torino,Spezia,7,2,0,2,0.0,17,7,2,0,2,0.0,17,0.0,0.0
2023-01-15,2022-23,SerieA,Udinese,Bologna,8,2,0,2,0.1,17,6,2,1,2,-0.1,17,2.0,0.0
2023-01-15,2022-23,SerieA,Atalanta,Salernitana,6,2,1,2,-0.05,17,7,2,0,2,0.05,17,-1.0,1.0
2023-01-15,2022-23,EPL,Newcastle,Fulham,12,3,0,1,0.25,18,3,4,1,2,-1.25,19,9.0,1.0
2023-01-15,2022-23,EPL,Tottenham,Arsenal,11,3,0,1,-0.25,18,12,3,0,1,-0.15,17,-1.0,0.0
2023-01-15,2022-23,LaLiga,Almeria,Ath Madrid,7,2,0,1,0.0,16,7,2,0,1,0.0,16,0.0,0.5
2023-01-15,2022-23,Ligue1,Lille,Troyes,4,3,1,2,-0.2,18,4,3,1,2,-0.2,18,0.0,1.0
2023-01-15,2022-23,Ligue1,Angers,Clermont,4,3,1,1,-0.2,18,4,3,1,1,-0.2,18,0.0,0.0
2023-01-15,2022-23,Ligue1,Montpellier,Nantes,4,3,1,2,-0.2,18,4,3,1,1,-0.2,18,0.0,0.0
2023-01-15,2022-23,Ligue1,Reims,Nice,4,3,1,2,-0.2,18,4,3,1,2,-0.2,18,0.0,0.5
2023-01-15,2022-23,Ligue1,Toulouse,Brest,4,3,1,1,-0.2,18,4,3,1,1,-0.2,18,0.0,0.5
2023-01-15,2022-23,Ligue1,Monaco,Ajaccio,4,3,1,1,-0.2,18,4,3,1,1,-0.2,18,0.0,1.0
2023-01-15,2022-23,SerieA,Roma,Fiorentina,7,2,0,2,-0.05,17,8,2,0,2,0.05,17,-1.0,1.0
2023-01-15,2022-23,Ligue1,Rennes,Paris SG,4,3,1,2,-0.2,18,4,3,1,1,-0.2,18,0.0,1.0
2023-01-15,2022-23,LaLiga,Getafe,Espanol,7,2,0,1,-0.05,16,8,2,0,1,0.05,16,-1.0,0.0
2023-01-16,2022-23,SerieA,Empoli,Sampdoria,8,2,0,2,0.0,17,8,2,0,2,0.0,17,0.0,1.0
2023-01-16,2022-23,LaLiga,Cadiz,Elche,10,2,0,1,0.0,16,10,2,0,1,0.0,16,0.0,0.5
2023-01-18,2022-23,EPL,Crystal Palace,Man United,3,3,1,1,-0.65,18,4,3,1,1,-0.15,18,-1.0,0.5
2023-01-19,2022-23,EPL,Man City,Tottenham,5,3,1,1,-0.15,18,4,3,1,1,-0.25,19,1.0,1.0
2023-01-20,2022-23,LaLiga,Mallorca,Celta,6,2,1,2,-0.05,17,7,2,0,1,0.05,17,-1.0,1.0
2023-01-20,2022-23,Bundesliga,RB Leipzig,Bayern Munich,69,0,0,0,0.0,15,69,0,0,0,0.0,15,0.0,0.5
2023-01-21,2022-23,EPL,Bournemouth,Nott'm Forest,7,2,0,1,0.0,19,7,3,0,1,-0.2,19,0.0,0.5
2023-01-21,2022-23,LaLiga,Vallecano,Sociedad,7,2,0,2,0.0,17,7,2,0,2,0.0,17,0.0,0.0
2023-01-21,2022-23,LaLiga,Espanol,Betis,6,2,1,1,-0.35,17,13,1,0,1,0.35,16,-7.0,1.0
2023-01-21,2022-23,LaLiga,Ath Madrid,Valladolid,6,2,1,2,-0.05,17,7,2,0,1,0.05,17,-1.0,1.0
2023-01-21,2022-23,LaLiga,Sevilla,Cadiz,7,2,0,2,0.1,17,5,2,1,1,-0.1,17,2.0,1.0
2023-01-21,2022-23,SerieA,Verona,Lecce,7,3,0,2,-0.2,18,7,3,0,2,-0.2,18,0.0,1.0
2023-01-21,2022-23,SerieA,Salernitana,Napoli,6,3,1,2,-0.3,18,8,3,0,2,-0.1,18,-2.0,0.0
2023-01-21,2022-23,SerieA,Fiorentina,Torino,6,3,1,1,-0.2,18,6,3,1,2,-0.2,18,0.0,0.0
2023-01-21,2022-23,Bundesliga,Ein Frankfurt,Schalke 04,69,0,0,0,-0.05,15,70,0,0,0,0.05,15,-1.0,1.0
2023-01-21,2022-23,EPL,Liverpool,Chelsea,7,2,0,1,0.05,18,6,4,1,2,-0.45,19,1.0,0.5
2023-01-21,2022-23,Bundesliga,FC Koln,Werder Bremen,70,0,0,0,0.0,15,70,0,0,0,0.0,15,0.0,1.0
2023-01-21,2022-23,Bundesliga,Wolfsburg,Freiburg,70,0,0,0,0.05,15,69,0,0,0,-0.05,15,1.0,1.0
2023-01-21,2022-23,Bundesliga,Union Berlin,Hoffenheim,69,0,0,0,-0.05,15,70,0,0,0,0.05,15,-1.0,1.0
2023-01-21,2022-23,Bundesliga,Stuttgart,Mainz,70,0,0,0,0.05,15,69,0,0,0,-0.05,15,1.0,0.5
2023-01-21,2022-23,Bundesliga,Bochum,Hertha,70,0,0,0,0.0,15,70,0,0,0,0.0,15,0.0,1.0
2023-01-21,2022-23,EPL,Crystal Palace,Newcastle,3,3,2,2,-0.75,19,6,2,1,1,0.15,19,-3.0,0.5
2023-01-21,2022-23,EPL,West Ham,Everton,7,2,0,1,0.0,19,7,2,0,1,0.0,19,0.0,1.0
2023-01-21,2022-23,EPL,Southampton,Aston Villa,7,2,0,1,-0.05,19,8,3,0,1,-0.15,19,-1.0,0.0
2023-01-21,2022-23,EPL,Leicester,Brighton,7,2,0,1,0.0,19,7,2,0,1,0.0,18,0.0,0.5
2023-01-22,2022-23,Bundesliga,M'gladbach,Leverkusen,72,0,0,0,0.05,15,71,0,0,0,-0.05,15,1.0,0.0
2023-01-22,2022-23,Bundesliga,Dortmund,Augsburg,72,0,0,0,0.05,15,71,0,0,0,-0.05,15,1.0,1.0
2023-01-22,2022-23,LaLiga,Elche,Osasuna,6,2,1,1,-0.1,17,8,2,0,2,0.1,17,-2.0,0.5
2023-01-22,2022-23,LaLiga,Ath Bilbao,Real Madrid,8,2,0,2,-0.35,17,15,1,0,0,0.35,16,-7.0,0.0
2023-01-22,2022-23,LaLiga,Barcelona,Getafe,14,1,0,0,0.35,16,7,2,0,1,-0.35,17,7.0,1.0
2023-01-22,2022-23,LaLiga,Villarreal,Girona,9,2,0,1,0.05,17,8,2,0,1,-0.05,17,1.0,1.0
2023-01-22,2022-23,EPL,Leeds,Brentford,9,2,0,1,0.05,18,8,2,0,1,-0.05,19,1.0,0.5
2023-01-22,2022-23,EPL,Man City,Wolves,3,3,1,2,-0.85,19,8,2,0,1,0.25,19,-5.0,1.0
2023-01-22,2022-23,EPL,Arsenal,Man United,7,2,0,1,0.15,18,4,3,1,2,-0.35,19,3.0,1.0
2023-01-22,2022-23,SerieA,Sampdoria,Udinese,6,3,1,1,-0.25,18,7,3,0,1,-0.15,18,-1.0,0.0
2023-01-22,2022-23,SerieA,Monza,Sassuolo,8,3,0,1,-0.15,18,7,3,0,1,-0.25,18,1.0,0.5
2023-01-22,2022-23,SerieA,Juventus,Atalanta,9,3,0,1,-0.1,18,7,3,0,2,-0.3,18,2.0,0.5
2023-01-22,2022-23,SerieA,Spezia,Roma,7,3,0,1,-0.2,18,7,3,0,1,-0.2,18,0.0,0.0
2023-01-23,2022-23,EPL,Fulham,Tottenham,8,3,0,2,0.0,20,4,3,1,2,-0.4,20,4.0,0.0
2023-01-23,2022-23,LaLiga,Valencia,Almeria,17,1,0,0,0.45,16,8,2,0,1,-0.45,17,9.0,0.5
2023-01-23,2022-23,SerieA,Inter,Empoli,9,3,0,1,-0.1,18,7,3,0,1,-0.3,18,2.0,0.0
2023-01-23,2022-23,SerieA,Bologna,Cremonese,8,3,0,1,-0.25,18,9,3,0,1,-0.15,18,-1.0,0.5
2023-01-24,2022-23,Bundesliga,Bayern Munich,FC Koln,4,1,1,1,0.05,16,3,1,1,1,-0.45,16,1.0,0.5
2023-01-24,2022-23,Bundesliga,Schalke 04,RB Leipzig,3,1,1,1,-0.45,16,4,1,1,1,0.05,16,-1.0,0.0
2023-01-24,2022-23,Bundesliga,Hoffenheim,Stuttgart,3,1,1,1,-0.4,16,3,1,1,1,-0.4,16,0.0,0.5
2023-01-24,2022-23,Bundesliga,Hertha,Wolfsburg,3,1,1,1,-0.4,16,3,1,1,1,-0.4,16,0.0,0.0
2023-01-24,2022-23,SerieA,Lazio,Milan,9,3,0,1,-0.25,18,10,3,0,1,-0.15,18,-1.0,1.0
2023-01-25,2022-23,Bundesliga,Freiburg,Ein Frankfurt,4,1,1,1,0.0,16,4,1,1,1,0.0,16,0.0,0.5
2023-01-25,2022-23,Bundesliga,Werder Bremen,Union Berlin,4,1,1,1,0.0,16,4,1,1,1,0.0,16,0.0,0.0
2023-01-25,2022-23,Bundesliga,Leverkusen,Bochum,3,1,1,1,-0.45,16,4,1,1,1,0.05,16,-1.0,1.0
2023-01-25,2022-23,Bundesliga,Augsburg,M'gladbach,3,1,1,1,-0.4,16,3,1,1,1,-0.4,16,0.0,1.0
2023-01-25,2022-23,Bundesliga,Mainz,Dortmund,4,1,1,1,0.05,16,3,1,1,1,-0.45,16,1.0,0.0
2023-01-27,2022-23,Ligue1,Lorient,Rennes,13,2,0,1,0.05,19,12,2,0,1,-0.05,19,1.0,1.0
2023-01-27,2022-23,SerieA,Bologna,Spezia,4,3,1,2,-0.25,19,5,3,1,2,-0.15,19,-1.0,1.0
2023-01-27,2022-23,SerieA,Lecce,Salernitana,6,3,1,2,-0.2,19,6,3,1,2,-0.2,19,0.0,0.0
2023-01-27,2022-23,LaLiga,Almeria,Espanol,4,3,1,2,-0.3,18,6,3,1,2,-0.1,18,-2.0,1.0
2023-01-27,2022-23,Bundesliga,RB Leipzig,Stuttgart,3,2,1,2,-0.4,17,3,2,2,2,-0.4,17,0.0,1.0
2023-01-28,2022-23,Bundesliga,Freiburg,Augsburg,3,2,1,2,-0.4,17,3,2,2,2,-0.4,17,0.0,1.0
2023-01-28,2022-23,LaLiga,Cadiz,Mallorca,7,2,0,2,-0.05,18,8,2,0,1,0.05,18,-1.0,1.0
2023-01-28,2022-23,LaLiga,Girona,Barcelona,6,2,1,1,0.0,18,6,2,1,1,0.0,17,0.0,0.0
2023-01-28,2022-23,LaLiga,Sevilla,Elche,7,3,0,1,-0.15,18,6,2,1,2,-0.05,18,1.0,1.0
2023-01-28,2022-23,LaLiga,Getafe,Betis,6,3,1,2,-0.25,18,7,2,0,1,0.05,17,-1.0,0.0
2023-01-28,2022-23,Ligue1,Troyes,Lens,13,2,0,1,-0.05,19,14,2,0,0,0.05,19,-1.0,0.5
2023-01-28,2022-23,SerieA,Empoli,Torino,5,3,1,2,-0.3,19,7,3,0,2,-0.1,19,-2.0,0.5
2023-01-28,2022-23,SerieA,Cremonese,Inter,5,3,1,1,-0.2,19,5,2,1,1,0.0,19,0.0,0.0
2023-01-28,2022-23,Ligue1,Marseille,Monaco,14,2,0,0,0.05,19,13,2,0,1,-0.05,19,1.0,0.5
2023-01-28,2022-23,SerieA,Atalanta,Sampdoria,6,3,1,2,-0.2,19,6,3,1,2,-0.2,19,0.0,1.0
2023-01-28,2022-23,Bundesliga,Hertha,Union Berlin,4,2,1,2,0.05,17,3,2,1,2,-0.45,17,1.0,0.0
2023-01-28,2022-23,Bundesliga,Hoffenheim,M'gladbach,4,2,1,2,0.05,17,3,2,2,2,-0.45,17,1.0,0.0
2023-01-28,2022-23,Bundesliga,Bayern Munich,Ein Frankfurt,4,2,1,2,0.05,17,3,2,1,2,-0.45,17,1.0,0.5
2023-01-28,2022-23,Bundesliga,Mainz,Bochum,3,2,1,2,-0.4,17,3,2,1,2,-0.4,17,0.0,1.0
2023-01-28,2022-23,Bundesliga,Werder Bremen,Wolfsburg,3,2,1,2,-0.45,17,4,2,1,2,0.05,17,-1.0,1.0
2023-01-29,2022-23,Ligue1,Brest,Angers,14,2,0,0,0.0,19,14,2,0,0,0.0,19,0.0,1.0
2023-01-29,2022-23,Ligue1,Clermont,Nantes,14,2,0,0,0.0,19,14,2,0,0,0.0,19,0.0,0.5
2023-01-29,2022-23,Ligue1,Strasbourg,Toulouse,15,2,0,0,0.05,19,14,2,0,0,-0.05,19,1.0,0.0
2023-01-29,2022-23,Ligue1,Ajaccio,Lyon,14,2,0,0,-0.05,19,15,2,0,0,0.05,19,-1.0,0.0
2023-01-29,2022-23,Ligue1,Paris SG,Reims,14,2,0,0,0.0,19,14,2,0,0,0.0,19,0.0,0.5
2023-01-29,2022-23,LaLiga,Valladolid,Valencia,8,2,0,1,0.1,18,6,1,1,1,-0.1,17,2.0,1.0
2023-01-29,2022-23,SerieA,Napoli,Roma,8,2,0,1,0.05,19,7,2,0,1,-0.05,19,1.0,1.0
2023-01-29,2022-23,LaLiga,Celta,Ath Bilbao,9,2,0,1,0.1,18,7,3,0,1,-0.3,18,2.0,1.0
2023-01-29,2022-23,LaLiga,Real Madrid,Sociedad,7,1,0,1,-0.05,17,8,2,0,1,0.05,18,-1.0,0.5
2023-01-29,2022-23,Bundesliga,Schalke 04,FC Koln,5,2,1,2,0.0,17,5,2,1,2,0.0,17,0.0,0.5
2023-01-29,2022-23,Bundesliga,Leverkusen,Dortmund,4,2,1,2,0.0,17,4,2,1,2,0.0,17,0.0,0.0
2023-01-29,2022-23,Ligue1,Nice,Lille,14,2,0,0,0.0,19,14,2,0,0,0.0,19,0.0,1.0
2023-01-29,2022-23,Ligue1,Auxerre,Montpellier,15,2,0,0,0.05,19,14,2,0,0,-0.05,19,1.0,0.0
2023-01-29,2022-23,SerieA,Milan,Sassuolo,5,2,1,1,-0.1,19,7,2,0,1,0.1,19,-2.0,0.0
2023-01-29,2022-23,SerieA,Juventus,Monza,7,2,0,1,0.0,19,7,2,0,1,0.0,19,0.0,0.0
2023-01-29,2022-23,SerieA,Lazio,Fiorentina,5,2,1,1,-0.15,19,8,2,0,1,0.15,19,-3.0,0.5
2023-01-29,2022-23,LaLiga,Osasuna,Ath Madrid,7,3,0,1,-0.25,18,8,2,0,1,0.05,18,-1.0,0.0
2023-01-30,2022-23,LaLiga,Villarreal,Vallecano,8,2,0,1,-0.05,18,9,2,0,1,0.05,18,-1.0,0.0
2023-01-30,2022-23,SerieA,Udinese,Verona,8,2,0,1,-0.05,19,9,2,0,1,0.05,19,-1.0,0.5
2023-02-01,2022-23,Ligue1,Montpellier,Paris SG,3,2,1,1,-0.4,20,3,2,1,1,-0.4,20,0.0,0.0
2023-02-01,2022-23,Ligue1,Lille,Clermont,3,2,1,1,-0.4,20,3,2,1,1,-0.4,20,0.0,0.5
2023-02-01,2022-23,Ligue1,Nantes,Marseille,3,2,1,1,-0.45,20,4,2,1,1,0.05,20,-1.0,0.0
2023-02-01,2022-23,Ligue1,Reims,Lorient,3,2,1,1,-0.5,20,5,2,1,1,0.1,20,-2.0,1.0
2023-02-01,2022-23,Ligue1,Toulouse,Troyes,3,2,1,1,-0.45,20,4,2,1,1,0.05,20,-1.0,1.0
2023-02-01,2022-23,Ligue1,Lens,Nice,4,2,1,1,0.05,20,3,2,1,1,-0.45,20,1.0,0.0
2023-02-01,2022-23,Ligue1,Lyon,Brest,3,2,1,1,-0.4,20,3,2,1,1,-0.4,20,0.0,0.5
2023-02-01,2022-23,Ligue1,Monaco,Auxerre,4,2,1,1,0.05,20,3,2,1,1,-0.45,20,1.0,1.0
2023-02-01,2022-23,Ligue1,Angers,Ajaccio,3,2,1,1,-0.4,20,3,2,1,1,-0.4,20,0.0,0.0
2023-02-01,2022-23,LaLiga,Betis,Barcelona,4,2,1,2,0.0,18,4,2,1,2,0.0,18,0.0,0.0
2023-02-01,2022-23,Ligue1,Rennes,Strasbourg,5,2,1,1,0.1,20,3,2,1,1,-0.5,20,2.0,1.0
2023-02-02,2022-23,LaLiga,Real Madrid,Valencia,4,2,1,2,0.0,18,4,2,1,2,0.0,18,0.0,1.0
2023-02-03,2022-23,LaLiga,Ath Bilbao,Cadiz,5,3,1,2,-0.25,19,6,3,1,2,-0.15,19,-1.0,1.0
2023-02-03,2022-23,EPL,Chelsea,Fulham,13,2,0,1,0.1,20,11,2,0,1,-0.1,21,2.0,0.5
2023-02-03,2022-23,Bundesliga,Augsburg,Leverkusen,6,3,1,3,-0.15,18,5,3,1,3,-0.25,18,1.0,1.0
2023-02-04,2022-23,SerieA,Sassuolo,Atalanta,6,3,1,2,-0.25,20,7,3,0,2,-0.15,20,-1.0,1.0
2023-02-04,2022-23,EPL,Brentford,Southampton,13,1,0,1,-0.05,20,14,1,0,0,0.05,20,-1.0,1.0
2023-02-04,2022-23,EPL,Aston Villa,Leicester,14,1,0,0,0.0,20,14,1,0,0,0.0,20,0.0,0.0
2023-02-04,2022-23,EPL,Man United,Crystal Palace,13,2,0,1,-0.05,20,14,3,0,0,-0.15,20,-1.0,1.0
2023-02-04,2022-23,EPL,Wolves,Liverpool,13,1,0,1,-0.05,20,14,1,0,0,0.05,19,-1.0,1.0
2023-02-04,2022-23,EPL,Newcastle,West Ham,14,2,0,0,0.0,20,14,1,0,0,0.0,20,0.0,0.5
2023-02-04,2022-23,EPL,Brighton,Bournemouth,14,1,0,0,0.0,19,14,1,0,0,0.0,20,0.0,1.0
2023-02-04,2022-23,Ligue1,Paris SG,Toulouse,3,3,2,2,-0.6,21,3,3,2,2,-0.6,21,0.0,1.0
2023-02-04,2022-23,Ligue1,Troyes,Lyon,3,3,1,2,-0.6,21,3,2,2,2,-0.4,21,0.0,0.0
2023-02-04,2022-23,Ligue1,Rennes,Lille,3,3,1,2,-0.6,21,3,3,2,2,-0.6,21,0.0,0.0
2023-02-04,2022-23,EPL,Everton,Arsenal,14,1,0,0,0.05,20,13,2,0,1,-0.05,19,1.0,1.0
2023-02-04,2022-23,SerieA,Roma,Empoli,6,3,1,2,-0.25,20,7,3,0,2,-0.15,20,-1.0,1.0
2023-02-04,2022-23,LaLiga,Espanol,Osasuna,8,3,0,1,-0.1,19,6,2,1,2,-0.1,19,2.0,0.5
2023-02-04,2022-23,SerieA,Cremonese,Lecce,7,2,0,2,-0.05,20,8,2,0,1,0.05,20,-1.0,0.0
2023-02-04,2022-23,Bundesliga,Bochum,Hoffenheim,7,3,0,2,-0.2,18,7,3,0,2,-0.2,18,0.0,1.0
2023-02-04,2022-23,Bundesliga,Dortmund,Freiburg,6,3,1,3,-0.25,18,7,3,0,2,-0.15,18,-1.0,1.0
2023-02-04,2022-23,Bundesliga,Ein Frankfurt,Hertha,7,3,0,2,-0.2,18,7,3,0,2,-0.2,18,0.0,1.0
2023-02-04,2022-23,Bundesliga,FC Koln,RB Leipzig,6,3,1,2,-0.3,18,8,3,0,2,-0.1,18,-2.0,0.5
2023-02-04,2022-23,Bundesliga,Union Berlin,Mainz,7,3,0,2,-0.2,18,7,3,0,2,-0.2,18,0.0,1.0
2023-02-04,2022-23,Bundesliga,M'gladbach,Schalke 04,7,3,0,3,-0.15,18,6,3,1,2,-0.25,18,1.0,0.5
2023-02-04,2022-23,LaLiga,Ath Madrid,Getafe,6,3,1,1,-0.25,19,7,3,0,2,-0.15,19,-1.0,0.5
2023-02-04,2022-23,LaLiga,Elche,Villarreal,7,3,0,2,-0.1,19,5,2,1,2,-0.1,19,2.0,1.0
2023-02-04,2022-23,LaLiga,Betis,Celta,3,3,1,2,-0.75,19,6,2,1,1,0.15,19,-3.0,0.0
2023-02-05,2022-23,SerieA,Torino,Udinese,8,2,0,1,0.1,20,6,2,1,1,-0.1,20,2.0,1.0
2023-02-05,2022-23,SerieA,Fiorentina,Bologna,7,2,0,1,-0.1,20,9,2,0,2,0.1,20,-2.0,0.0
2023-02-05,2022-23,SerieA,Inter,Milan,8,2,0,2,0.05,20,7,2,0,2,-0.05,20,1.0,1.0
2023-02-05,2022-23,Bundesliga,Stuttgart,Werder Bremen,9,3,0,2,-0.15,18,8,3,0,2,-0.25,18,1.0,0.0
2023-02-05,2022-23,Bundesliga,Wolfsburg,Bayern Munich,8,3,0,2,-0.2,18,8,3,0,2,-0.2,18,0.0,0.0
2023-02-05,2022-23,SerieA,Spezia,Napoli,9,2,0,1,0.1,20,7,2,0,1,-0.1,20,2.0,0.0
2023-02-05,2022-23,EPL,Tottenham,Man City,13,2,0,1,-0.05,21,14,2,0,0,0.05,20,-1.0,1.0
2023-02-05,2022-23,EPL,Nott'm Forest,Leeds,15,1,0,0,0.05,20,14,1,0,0,-0.05,19,1.0,1.0
2023-02-05,2022-23,Ligue1,Clermont,Monaco,4,2,1,2,0.0,21,4,2,1,2,0.0,21,0.0,0.0
2023-02-05,2022-23,Ligue1,Auxerre,Reims,4,2,1,2,0.0,21,4,2,1,2,0.0,21,0.0,0.5
2023-02-05,2022-23,Ligue1,Ajaccio,Nantes,4,2,1,2,0.0,21,4,2,1,2,0.0,21,0.0,0.0
2023-02-05,2022-23,Ligue1,Strasbourg,Montpellier,4,2,1,2,0.0,21,4,2,1,2,0.0,21,0.0,1.0
2023-02-05,2022-23,Ligue1,Brest,Lens,4,2,1,2,0.0,21,4,2,1,2,0.0,21,0.0,0.5
2023-02-05,2022-23,Ligue1,Marseille,Nice,4,2,1,2,0.0,21,4,2,1,2,0.0,21,0.0,0.0
2023-02-05,2022-23,LaLiga,Mallorca,Real Madrid,8,2,0,1,0.25,19,3,3,1,2,-0.85,19,5.0,1.0
2023-02-05,2022-23,LaLiga,Girona,Valencia,8,2,0,1,0.25,19,3,3,1,3,-0.85,19,5.0,1.0
2023-02-05,2022-23,Ligue1,Lorient,Angers,4,2,1,2,0.0,21,4,2,1,2,0.0,21,0.0,0.5
2023-02-05,2022-23,LaLiga,Sociedad,Valladolid,7,2,0,1,0.0,19,7,2,0,1,0.0,19,0.0,0.0
2023-02-05,2022-23,LaLiga,Barcelona,Sevilla,4,3,1,2,-0.4,19,8,2,0,1,0.2,19,-4.0,1.0
2023-02-06,2022-23,SerieA,Verona,Lazio,7,2,0,1,-0.05,20,8,2,0,2,0.05,20,-1.0,0.5
2023-02-06,2022-23,SerieA,Monza,Sampdoria,8,2,0,1,-0.05,20,9,2,0,1,0.05,20,-1.0,0.5
2023-02-06,2022-23,LaLiga,Vallecano,Almeria,7,2,0,1,-0.15,19,10,2,0,1,0.15,19,-3.0,1.0
2023-02-07,2022-23,SerieA,Salernitana,Juventus,11,2,0,1,0.1,20,9,2,0,1,-0.1,20,2.0,0.0
2023-02-08,2022-23,EPL,Man United,Leeds,4,2,1,1,0.05,21,3,2,1,1,-0.45,20,1.0,0.5
2023-02-10,2022-23,SerieA,Milan,Torino,5,3,1,2,-0.2,21,5,3,1,2,-0.2,21,0.0,1.0
2023-02-10,2022-23,LaLiga,Cadiz,Girona,7,3,0,2,-0.1,20,5,3,1,2,-0.3,20,2.0,1.0
2023-02-10,2022-23,Ligue1,Nice,Ajaccio,5,3,1,3,-0.2,22,5,3,1,3,-0.2,22,0.0,1.0
2023-02-10,2022-23,Bundesliga,Schalke 04,Wolfsburg,6,4,1,2,-0.35,19,5,4,1,2,-0.45,19,1.0,0.5
2023-02-11,2022-23,Bundesliga,Bayern Munich,Bochum,6,3,1,1,-0.25,19,7,3,0,1,-0.15,19,-1.0,1.0
2023-02-11,2022-23,Bundesliga,RB Leipzig,Union Berlin,7,3,0,1,-0.2,19,7,3,0,1,-0.2,19,0.0,0.0
2023-02-11,2022-23,Bundesliga,Werder Bremen,Dortmund,6,3,1,1,-0.25,19,7,4,0,2,-0.35,19,-1.0,0.0
2023-02-11,2022-23,Bundesliga,Mainz,Augsburg,7,3,0,1,-0.25,19,8,4,0,1,-0.35,19,-1.0,1.0
2023-02-11,2022-23,Ligue1,Clermont,Marseille,6,3,1,3,-0.2,22,6,3,1,2,-0.2,22,0.0,0.0
2023-02-11,2022-23,Ligue1,Monaco,Paris SG,6,3,1,2,-0.25,22,7,3,0,3,-0.15,22,-1.0,1.0
2023-02-11,2022-23,EPL,Bournemouth,Newcastle,7,1,0,1,0.0,21,7,1,0,1,0.0,21,0.0,0.5
2023-02-11,2022-23,EPL,Southampton,Wolves,7,1,0,1,0.0,21,7,2,0,1,0.0,21,0.0,0.0
2023-02-11,2022-23,EPL,Leicester,Tottenham,7,1,0,1,0.05,21,6,2,1,1,-0.05,22,1.0,1.0
2023-02-11,2022-23,EPL,Fulham,Nott'm Forest,8,2,0,1,0.1,22,6,1,1,1,-0.1,21,2.0,1.0
2023-02-11,2022-23,EPL,West Ham,Chelsea,7,1,0,1,-0.05,21,8,1,0,1,0.05,21,-1.0,0.5
2023-02-11,2022-23,EPL,Crystal Palace,Brighton,7,1,0,1,0.0,21,7,1,0,1,0.0,20,0.0,0.5
2023-02-11,2022-23,LaLiga,Valencia,Ath Bilbao,6,4,1,3,-0.5,20,8,3,0,2,-0.1,20,-2.0,0.0
2023-02-11,2022-23,LaLiga,Sevilla,Mallorca,6,2,1,1,0.0,20,6,2,1,1,0.0,20,0.0,1.0
2023-02-11,2022-23,LaLiga,Almeria,Betis,5,3,1,1,-0.3,20,7,3,0,2,-0.1,20,-2.0,0.0
2023-02-11,2022-23,SerieA,Empoli,Spezia,7,3,0,1,-0.15,21,6,3,1,1,-0.25,21,1.0,0.5
2023-02-11,2022-23,SerieA,Lecce,Roma,7,2,0,1,0.0,21,7,3,0,2,-0.2,21,0.0,0.5
2023-02-11,2022-23,SerieA,Lazio,Atalanta,5,3,1,2,-0.3,21,7,3,0,1,-0.1,21,-2.0,0.0
2023-02-11,2022-23,Bundesliga,Hoffenheim,Leverkusen,7,3,0,1,-0.25,19,8,4,0,2,-0.35,19,-1.0,0.0
2023-02-11,2022-23,Bundesliga,Freiburg,Stuttgart,7,3,0,1,-0.15,19,6,3,1,1,-0.25,19,1.0,1.0
2023-02-11,2022-23,EPL,Arsenal,Brentford,7,2,0,1,0.0,20,7,2,0,1,0.0,21,0.0,0.5
2023-02-12,2022-23,Bundesliga,FC Koln,Ein Frankfurt,8,3,0,1,-0.2,19,8,3,0,1,-0.2,19,0.0,1.0
2023-02-12,2022-23,Ligue1,Toulouse,Rennes,8,3,0,2,-0.2,22,8,3,0,2,-0.2,22,0.0,1.0
2023-02-12,2022-23,Bundesliga,Hertha,M'gladbach,8,3,0,1,-0.2,19,8,3,0,1,-0.2,19,0.0,1.0
2023-02-12,2022-23,Ligue1,Angers,Auxerre,7,3,0,2,-0.2,22,7,3,0,2,-0.2,22,0.0,0.5
2023-02-12,2022-23,SerieA,Bologna,Monza,7,3,0,1,-0.15,21,6,2,1,1,-0.05,21,1.0,0.0
2023-02-12,2022-23,Ligue1,Montpellier,Brest,7,3,0,2,-0.2,22,7,3,0,2,-0.2,22,0.0,1.0
2023-02-12,2022-23,LaLiga,Villarreal,Barcelona,8,2,0,2,0.05,20,7,3,0,2,-0.25,20,1.0,0.0
2023-02-12,2022-23,LaLiga,Valladolid,Osasuna,7,2,0,1,-0.05,20,8,2,0,1,0.05,20,-1.0,0.5
2023-02-12,2022-23,LaLiga,Celta,Ath Madrid,8,2,0,1,0.0,20,8,2,0,1,0.0,20,0.0,0.0
2023-02-12,2022-23,Ligue1,Reims,Troyes,7,3,0,2,-0.25,22,8,3,0,2,-0.15,22,-1.0,1.0
2023-02-12,2022-23,EPL,Leeds,Man United,4,2,1,2,0.0,21,4,2,1,2,0.0,22,0.0,0.0
2023-02-12,2022-23,SerieA,Juventus,Fiorentina,5,2,1,1,-0.1,21,7,2,0,1,0.1,21,-2.0,1.0
2023-02-12,2022-23,SerieA,Napoli,Cremonese,7,2,0,1,-0.05,21,8,3,0,1,-0.15,21,-1.0,1.0
2023-02-12,2022-23,SerieA,Udinese,Sassuolo,7,2,0,2,-0.05,21,8,2,0,1,0.05,21,-1.0,0.5
2023-02-12,2022-23,EPL,Man City,Aston Villa,7,1,0,1,-0.05,21,8,1,0,1,0.05,21,-1.0,1.0
2023-02-12,2022-23,Ligue1,Lyon,Lens,8,3,0,2,-0.15,22,7,3,0,2,-0.25,22,1.0,1.0
2023-02-12,2022-23,Ligue1,Nantes,Lorient,7,3,0,2,-0.2,22,7,3,0,2,-0.2,22,0.0,1.0
2023-02-12,2022-23,Ligue1,Lille,Strasbourg,8,3,0,2,-0.15,22,7,3,0,2,-0.25,22,1.0,1.0
2023-02-12,2022-23,LaLiga,Getafe,Vallecano,8,2,0,1,0.1,20,6,2,1,2,-0.1,20,2.0,0.5
2023-02-13,2022-23,SerieA,Verona,Salernitana,7,2,0,1,0.05,21,6,2,1,1,-0.05,21,1.0,1.0
2023-02-13,2022-23,SerieA,Sampdoria,Inter,7,2,0,1,-0.05,21,8,2,0,1,0.05,21,-1.0,0.5
2023-02-13,2022-23,EPL,Liverpool,Everton,9,1,0,1,0.0,20,9,1,0,1,0.0,21,0.0,1.0
2023-02-13,2022-23,LaLiga,Espanol,Sociedad,9,2,0,1,0.05,20,8,2,0,1,-0.05,20,1.0,0.0
2023-02-15,2022-23,EPL,Arsenal,Man City,4,2,1,2,0.05,21,3,2,1,2,-0.45,22,1.0,0.0
2023-02-15,2022-23,LaLiga,Real Madrid,Elche,10,3,0,2,-0.25,20,11,2,0,1,0.05,20,-1.0,1.0
2023-02-17,2022-23,Bundesliga,Augsburg,Hoffenheim,6,3,1,1,-0.2,20,6,3,1,2,-0.2,20,0.0,1.0
2023-02-17,2022-23,Ligue1,Auxerre,Lyon,5,4,1,2,-0.4,23,5,4,1,2,-0.4,23,0.0,1.0
2023-02-17,2022-23,LaLiga,Girona,Almeria,7,3,0,2,-0.15,21,6,2,1,2,-0.05,21,1.0,1.0
2023-02-17,2022-23,SerieA,Sassuolo,Napoli,5,3,1,2,-0.2,22,5,3,1,2,-0.2,22,0.0,0.0
2023-02-18,2022-23,Ligue1,Strasbourg,Angers,6,4,1,2,-0.4,23,6,4,1,2,-0.4,23,0.0,1.0
2023-02-18,2022-23,Ligue1,Nice,Reims,8,4,0,2,-0.3,23,6,4,1,2,-0.5,23,2.0,0.5
2023-02-18,2022-23,Bundesliga,M'gladbach,Bayern Munich,6,2,1,1,-0.05,20,7,2,0,2,0.05,20,-1.0,1.0
2023-02-18,2022-23,Bundesliga,Stuttgart,FC Koln,7,2,0,2,0.05,20,6,3,1,1,-0.25,20,1.0,1.0
2023-02-18,2022-23,EPL,Newcastle,Liverpool,7,2,0,1,0.1,22,5,2,1,1,-0.1,21,2.0,0.0
2023-02-18,2022-23,EPL,Wolves,Bournemouth,7,2,0,1,0.0,22,7,2,0,1,0.0,22,0.0,0.0
2023-02-18,2022-23,EPL,Nott'm Forest,Man City,7,2,0,2,0.2,22,3,3,2,3,-0.8,23,4.0,0.5
2023-02-18,2022-23,EPL,Everton,Leeds,5,2,1,1,-0.05,22,6,3,1,3,-0.15,22,-1.0,1.0
2023-02-18,2022-23,EPL,Chelsea,Southampton,7,2,0,1,0.0,22,7,2,0,1,0.0,22,0.0,0.0
2023-02-18,2022-23,EPL,Brighton,Fulham,7,2,0,1,0.0,21,7,2,0,1,0.0,23,0.0,0.0
2023-02-18,2022-23,EPL,Brentford,Crystal Palace,7,2,0,1,0.0,22,7,2,0,1,0.0,22,0.0,0.5
2023-02-18,2022-23,EPL,Aston Villa,Arsenal,6,2,1,1,0.15,22,3,3,1,2,-0.75,22,3.0,0.0
2023-02-18,2022-23,LaLiga,Osasuna,Real Madrid,6,3,1,1,-0.05,21,3,4,1,2,-0.95,21,3.0,0.0
2023-02-18,2022-23,LaLiga,Mallorca,Villarreal,7,2,0,2,0.05,21,6,3,1,1,-0.25,21,1.0,1.0
2023-02-18,2022-23,LaLiga,Betis,Valladolid,7,3,0,1,-0.15,21,6,3,1,2,-0.25,21,1.0,1.0
2023-02-18,2022-23,Bundesliga,Bochum,Freiburg,7,2,0,1,0.0,20,7,2,0,1,0.0,20,0.0,0.0
2023-02-18,2022-23,SerieA,Inter,Udinese,5,2,1,2,-0.05,22,6,3,1,2,-0.15,22,-1.0,1.0
2023-02-18,2022-23,SerieA,Monza,Milan,6,3,1,2,-0.3,22,8,3,0,2,-0.1,22,-2.0,0.0
2023-02-18,2022-23,LaLiga,Sociedad,Celta,5,3,1,2,-0.25,21,6,3,1,1,-0.15,21,-1.0,0.5
2023-02-18,2022-23,Bundesliga,Wolfsburg,RB Leipzig,8,2,0,2,0.05,20,7,2,0,1,-0.05,20,1.0,0.0
2023-02-18,2022-23,SerieA,Sampdoria,Bologna,5,2,1,2,-0.05,22,6,2,1,2,0.05,22,-1.0,0.0
2023-02-18,2022-23,Bundesliga,Ein Frankfurt,Werder Bremen,6,2,1,1,-0.05,20,7,2,0,2,0.05,20,-1.0,1.0
2023-02-19,2022-23,Ligue1,Lorient,Ajaccio,7,3,0,1,-0.3,23,9,3,0,1,-0.1,23,-2.0,1.0
2023-02-19,2022-23,Bundesliga,Leverkusen,Mainz,8,2,0,1,0.0,20,8,2,0,1,0.0,20,0.0,0.0
2023-02-19,2022-23,Bundesliga,Dortmund,Hertha,8,2,0,1,0.05,20,7,2,0,1,-0.05,20,1.0,1.0
2023-02-19,2022-23,Ligue1,Rennes,Clermont,7,3,0,1,-0.25,23,8,3,0,1,-0.15,23,-1.0,1.0
2023-02-19,2022-23,Bundesliga,Union Berlin,Schalke 04,8,2,0,1,-0.05,20,9,2,0,1,0.05,20,-1.0,0.5
2023-02-19,2022-23,LaLiga,Barcelona,Cadiz,7,3,0,1,-0.3,21,9,2,0,1,0.1,21,-2.0,1.0
2023-02-19,2022-23,LaLiga,Ath Madrid,Ath Bilbao,7,2,0,1,-0.05,21,8,2,0,1,0.05,21,-1.0,1.0
2023-02-19,2022-23,LaLiga,Vallecano,Sevilla,7,3,0,2,-0.25,21,8,2,0,1,0.05,21,-1.0,0.5
2023-02-19,2022-23,LaLiga,Elche,Espanol,4,2,1,1,-0.1,21,6,2,1,1,0.1,21,-2.0,0.0
2023-02-19,2022-23,Ligue1,Lens,Nantes,7,3,0,1,-0.2,23,7,3,0,1,-0.2,23,0.0,1.0
2023-02-19,2022-23,Ligue1,Brest,Monaco,7,3,0,1,-0.25,23,8,3,0,1,-0.15,23,-1.0,0.0
2023-02-19,2022-23,Ligue1,Toulouse,Marseille,7,3,0,1,-0.25,23,8,3,0,1,-0.15,23,-1.0,0.0
2023-02-19,2022-23,SerieA,Roma,Verona,8,2,0,1,0.1,22,6,3,1,2,-0.3,22,2.0,1.0
2023-02-19,2022-23,SerieA,Spezia,Juventus,8,2,0,1,0.05,22,7,2,0,2,-0.05,22,1.0,0.0
2023-02-19,2022-23,SerieA,Salernitana,Lazio,6,2,1,2,-0.1,22,8,2,0,2,0.1,22,-2.0,0.0
2023-02-19,2022-23,SerieA,Fiorentina,Empoli,7,2,0,1,-0.05,22,8,2,0,1,0.05,22,-1.0,0.5
2023-02-19,2022-23,SerieA,Atalanta,Lecce,8,2,0,1,0.0,22,8,2,0,1,0.0,22,0.0,0.0
2023-02-19,2022-23,EPL,Man United,Leicester,7,3,0,2,-0.25,23,8,2,0,1,0.05,22,-1.0,1.0
2023-02-19,2022-23,EPL,Tottenham,West Ham,8,2,0,1,0.0,23,8,2,0,1,0.0,22,0.0,1.0
2023-02-19,2022-23,Ligue1,Troyes,Montpellier,7,3,0,1,-0.2,23,7,3,0,1,-0.2,23,0.0,0.0
2023-02-19,2022-23,Ligue1,Paris SG,Lille,8,3,0,1,-0.15,23,7,3,0,1,-0.25,23,1.0,1.0
2023-02-20,2022-23,LaLiga,Getafe,Valencia,8,2,0,1,-0.05,21,9,3,0,1,-0.15,21,-1.0,1.0
2023-02-20,2022-23,SerieA,Torino,Cremonese,10,2,0,1,0.1,22,8,2,0,1,-0.1,22,2.0,0.5
2023-02-24,2022-23,LaLiga,Elche,Betis,5,3,1,2,-0.25,22,6,3,1,2,-0.15,22,-1.0,0.0
2023-02-24,2022-23,Ligue1,Lille,Brest,5,3,1,2,-0.2,24,5,3,1,2,-0.2,24,0.0,1.0
2023-02-24,2022-23,Bundesliga,Mainz,M'gladbach,5,3,1,2,-0.25,21,6,3,1,2,-0.15,21,-1.0,1.0
2023-02-24,2022-23,EPL,Fulham,Wolves,6,2,1,2,0.0,24,6,3,1,2,-0.2,23,0.0,0.5
2023-02-25,2022-23,SerieA,Empoli,Napoli,6,2,1,1,-0.1,23,8,3,0,2,-0.1,23,-2.0,0.0
2023-02-25,2022-23,SerieA,Lecce,Sassuolo,6,2,1,1,-0.1,23,8,2,0,2,0.1,23,-2.0,0.0
2023-02-25,2022-23,EPL,Everton,Aston Villa,7,2,0,2,0.0,23,7,2,0,2,0.0,23,0.0,0.0
2023-02-25,2022-23,EPL,Leeds,Southampton,7,4,0,2,-0.4,23,7,2,0,1,0.0,23,0.0,1.0
2023-02-25,2022-23,EPL,Leicester,Arsenal,6,2,1,1,-0.05,23,7,3,0,2,-0.15,23,-1.0,0.0
2023-02-25,2022-23,EPL,Crystal Palace,Liverpool,7,2,0,1,0.0,23,7,2,0,2,0.0,22,0.0,0.5
2023-02-25,2022-23,EPL,Bournemouth,Man City,7,2,0,1,0.0,23,7,4,0,3,-0.4,24,0.0,0.0
2023-02-25,2022-23,Ligue1,Angers,Lyon,7,3,0,2,-0.25,24,8,2,0,2,0.05,24,-1.0,0.0
2023-02-25,2022-23,LaLiga,Cadiz,Vallecano,6,2,1,1,0.0,22,6,3,1,2,-0.2,22,0.0,1.0
2023-02-25,2022-23,LaLiga,Espanol,Mallorca,6,2,1,2,-0.05,22,7,3,0,1,-0.15,22,-1.0,1.0
2023-02-25,2022-23,Bundesliga,Schalke 04,Stuttgart,6,2,1,1,-0.05,21,7,3,0,1,-0.15,21,-1.0,1.0
2023-02-25,2022-23,Bundesliga,Werder Bremen,Bochum,7,3,0,1,-0.2,21,7,2,0,1,0.0,21,0.0,1.0
2023-02-25,2022-23,Bundesliga,RB Leipzig,Ein Frankfurt,7,2,0,1,0.0,21,7,2,0,2,0.0,21,0.0,1.0
2023-02-25,2022-23,Bundesliga,Hoffenheim,Dortmund,8,2,0,1,0.1,21,6,2,1,1,-0.1,21,2.0,0.0
2023-02-25,2022-23,Bundesliga,Hertha,Augsburg,6,2,1,2,-0.1,21,8,2,0,1,0.1,21,-2.0,1.0
2023-02-25,2022-23,Bundesliga,FC Koln,Wolfsburg,7,2,0,2,0.0,21,7,3,0,1,-0.2,21,0.0,0.0
2023-02-25,2022-23,EPL,West Ham,Nott'm Forest,6,2,1,1,-0.05,23,7,3,0,1,-0.15,23,-1.0,1.0
2023-02-25,2022-23,Ligue1,Montpellier,Lens,6,3,1,2,-0.2,24,6,3,1,2,-0.2,24,0.0,0.5
2023-02-25,2022-23,LaLiga,Real Madrid,Ath Madrid,7,3,0,2,-0.15,22,6,2,1,2,-0.05,22,1.0,0.5
2023-02-25,2022-23,LaLiga,Valencia,Sociedad,5,3,1,1,-0.3,22,7,3,0,2,-0.1,22,-2.0,1.0
2023-02-26,2022-23,Ligue1,Nantes,Rennes,7,2,0,1,0.0,24,7,2,0,1,0.0,24,0.0,0.0
2023-02-26,2022-23,Ligue1,Marseille,Paris SG,7,2,0,1,0.0,24,7,2,0,1,0.0,24,0.0,0.0
2023-02-26,2022-23,Bundesliga,Bayern Munich,Union Berlin,8,2,0,1,0.05,21,7,2,0,1,-0.05,21,1.0,1.0
2023-02-26,2022-23,Bundesliga,Freiburg,Leverkusen,8,2,0,1,0.05,21,7,2,0,1,-0.05,21,1.0,0.5
2023-02-26,2022-23,Ligue1,Monaco,Nice,7,2,0,1,-0.05,24,8,2,0,1,0.05,24,-1.0,0.0
2023-02-26,2022-23,LaLiga,Ath Bilbao,Girona,7,2,0,1,-0.1,22,9,2,0,1,0.1,22,-2.0,0.0
2023-02-26,2022-23,LaLiga,Celta,Valladolid,8,2,0,1,0.0,22,8,2,0,1,0.0,22,0.0,1.0
2023-02-26,2022-23,Ligue1,Lorient,Auxerre,7,2,0,1,-0.1,24,9,2,0,1,0.1,24,-2.0,0.0
2023-02-26,2022-23,Ligue1,Reims,Toulouse,8,2,0,1,0.05,24,7,2,0,1,-0.05,24,1.0,1.0
2023-02-26,2022-23,EPL,Tottenham,Chelsea,7,2,0,1,-0.05,24,8,2,0,1,0.05,23,-1.0,1.0
2023-02-26,2022-23,Ligue1,Clermont,Strasbourg,7,2,0,1,-0.05,24,8,2,0,1,0.05,24,-1.0,0.5
2023-02-26,2022-23,LaLiga,Almeria,Barcelona,9,3,0,1,-0.1,22,7,2,0,1,-0.1,22,2.0,1.0
2023-02-26,2022-23,Ligue1,Ajaccio,Troyes,7,2,0,1,0.0,24,7,2,0,1,0.0,24,0.0,1.0
2023-02-26,2022-23,SerieA,Bologna,Inter,8,2,0,1,0.0,23,8,2,0,2,0.0,23,0.0,1.0
2023-02-26,2022-23,LaLiga,Sevilla,Osasuna,7,2,0,1,-0.05,22,8,2,0,1,0.05,22,-1.0,0.0
2023-02-26,2022-23,SerieA,Salernitana,Monza,7,3,0,2,-0.25,23,8,3,0,1,-0.15,23,-1.0,1.0
2023-02-26,2022-23,SerieA,Udinese,Spezia,8,2,0,1,0.05,23,7,2,0,1,-0.05,23,1.0,0.5
2023-02-26,2022-23,SerieA,Milan,Atalanta,8,2,0,1,0.05,23,7,2,0,1,-0.05,23,1.0,1.0
2023-02-27,2022-23,LaLiga,Villarreal,Getafe,9,2,0,1,0.1,22,7,2,0,1,-0.1,22,2.0,1.0
2023-02-27,2022-23,SerieA,Lazio,Sampdoria,8,2,0,1,-0.05,23,9,2,0,1,0.05,23,-1.0,1.0
2023-02-27,2022-23,SerieA,Verona,Fiorentina,8,2,0,1,0.0,23,8,2,0,1,0.0,23,0.0,0.0
2023-02-28,2022-23,SerieA,Juventus,Torino,9,2,0,1,0.05,23,8,2,0,1,-0.05,23,1.0,1.0
2023-02-28,2022-23,SerieA,Cremonese,Roma,8,2,0,1,-0.05,23,9,2,0,1,0.05,23,-1.0,1.0
2023-03-01,2022-23,EPL,Liverpool,Wolves,4,3,1,2,-0.25,23,5,3,1,2,-0.15,24,-1.0,1.0
2023-03-01,2022-23,EPL,Arsenal,Everton,4,4,1,2,-0.4,24,4,3,1,2,-0.2,24,0.0,1.0
2023-03-03,2022-23,LaLiga,Sociedad,Cadiz,6,3,1,2,-0.2,23,6,2,1,2,0.0,23,0.0,0.5
2023-03-03,2022-23,SerieA,Napoli,Lazio,6,3,1,1,-0.1,24,4,3,1,2,-0.3,24,2.0,0.0
2023-03-03,2022-23,Ligue1,Nice,Auxerre,5,2,1,2,0.0,25,5,3,1,1,-0.2,25,0.0,0.5
2023-03-03,2022-23,Bundesliga,Dortmund,RB Leipzig,6,3,1,2,-0.2,22,6,3,1,2,-0.2,22,0.0,1.0
2023-03-04,2022-23,LaLiga,Getafe,Girona,5,3,1,2,-0.25,23,6,2,1,1,0.05,23,-1.0,1.0
2023-03-04,2022-23,Bundesliga,M'gladbach,Freiburg,8,3,0,1,-0.1,22,6,2,1,1,-0.1,22,2.0,0.5
2023-03-04,2022-23,Bundesliga,Union Berlin,FC Koln,6,2,1,2,-0.05,22,7,3,0,1,-0.15,22,-1.0,0.5
2023-03-04,2022-23,Bundesliga,Stuttgart,Bayern Munich,7,2,0,1,0.05,22,6,2,1,1,-0.05,22,1.0,0.0
2023-03-04,2022-23,LaLiga,Mallorca,Elche,7,2,0,1,-0.05,23,8,3,0,2,-0.15,23,-1.0,0.0
2023-03-04,2022-23,LaLiga,Almeria,Villarreal,6,2,1,1,0.05,23,5,3,1,1,-0.25,23,1.0,0.0
2023-03-04,2022-23,Bundesliga,Mainz,Hoffenheim,8,2,0,2,0.05,22,7,2,0,1,-0.05,22,1.0,1.0
2023-03-04,2022-23,LaLiga,Ath Madrid,Sevilla,7,3,0,2,-0.15,23,6,2,1,2,-0.05,23,1.0,1.0
2023-03-04,2022-23,Ligue1,Lens,Lille,7,3,0,2,-0.25,25,8,3,0,2,-0.15,25,-1.0,0.5
2023-03-04,2022-23,Ligue1,Paris SG,Nantes,6,2,1,2,0.0,25,6,3,1,2,-0.2,25,0.0,1.0
2023-03-04,2022-23,EPL,Southampton,Leicester,7,2,0,1,0.0,24,7,2,0,2,0.0,24,0.0,1.0
2023-03-04,2022-23,EPL,Wolves,Tottenham,3,3,1,2,-0.75,25,6,2,1,2,0.15,25,-3.0,1.0
2023-03-04,2022-23,Bundesliga,Augsburg,Werder Bremen,7,2,0,1,0.0,22,7,2,0,1,0.0,22,0.0,1.0
2023-03-04,2022-23,EPL,Chelsea,Leeds,6,2,1,1,-0.05,24,7,3,0,1,-0.15,24,-1.0,1.0
2023-03-04,2022-23,EPL,Brighton,West Ham,14,1,0,0,0.35,22,7,2,0,2,-0.35,24,7.0,1.0
2023-03-04,2022-23,Bundesliga,Bochum,Schalke 04,7,2,0,1,0.0,22,7,2,0,2,0.0,22,0.0,0.0
2023-03-04,2022-23,EPL,Arsenal,Bournemouth,3,4,1,2,-1.0,25,7,2,0,1,0.2,24,-4.0,1.0
2023-03-04,2022-23,SerieA,Monza,Empoli,6,3,1,1,-0.25,24,7,2,0,2,0.05,24,-1.0,1.0
2023-03-04,2022-23,SerieA,Atalanta,Udinese,6,2,1,2,0.0,24,6,3,1,1,-0.2,24,0.0,0.5
2023-03-04,2022-23,SerieA,Fiorentina,Milan,5,3,1,2,-0.25,24,6,2,1,1,0.05,24,-1.0,1.0
2023-03-04,2022-23,EPL,Man City,Newcastle,7,4,0,1,-0.75,25,14,1,0,0,0.35,23,-7.0,1.0
2023-03-04,2022-23,EPL,Aston Villa,Crystal Palace,7,3,0,1,-0.2,24,7,2,0,1,0.0,24,0.0,1.0
2023-03-05,2022-23,LaLiga,Barcelona,Valencia,7,2,0,1,-0.05,23,8,2,0,2,0.05,23,-1.0,1.0
2023-03-05,2022-23,LaLiga,Vallecano,Ath Bilbao,8,2,0,1,0.05,23,7,2,0,1,-0.05,23,1.0,0.5
2023-03-05,2022-23,LaLiga,Betis,Real Madrid,9,2,0,1,0.05,23,8,3,0,1,-0.25,23,1.0,0.5
2023-03-05,2022-23,EPL,Nott'm Forest,Everton,8,2,0,1,0.2,24,4,4,1,2,-0.6,25,4.0,0.5
2023-03-05,2022-23,EPL,Liverpool,Man United,4,4,1,2,-0.9,24,14,1,0,0,0.5,24,-10.0,1.0
2023-03-05,2022-23,LaLiga,Valladolid,Espanol,7,2,0,1,-0.05,23,8,3,0,1,-0.15,23,-1.0,1.0
2023-03-05,2022-23,SerieA,Roma,Juventus,5,2,1,1,0.0,24,5,2,1,1,0.0,24,0.0,1.0
2023-03-05,2022-23,Ligue1,Lyon,Lorient,8,2,0,1,0.05,25,7,2,0,1,-0.05,25,1.0,0.5
2023-03-05,2022-23,SerieA,Inter,Lecce,7,3,0,1,-0.25,24,8,2,0,1,0.05,24,-1.0,1.0
2023-03-05,2022-23,SerieA,Sampdoria,Salernitana,6,3,1,1,-0.25,24,7,3,0,1,-0.15,24,-1.0,0.5
2023-03-05,2022-23,SerieA,Spezia,Verona,7,2,0,1,0.05,24,6,3,1,1,-0.25,24,1.0,0.5
2023-03-05,2022-23,Bundesliga,Wolfsburg,Ein Frankfurt,8,2,0,1,0.0,22,8,2,0,1,0.0,22,0.0,0.5
2023-03-05,2022-23,Bundesliga,Leverkusen,Hertha,7,2,0,1,-0.05,22,8,2,0,1,0.05,22,-1.0,1.0
2023-03-05,2022-23,Ligue1,Troyes,Monaco,7,2,0,1,0.0,25,7,2,0,1,0.0,25,0.0,0.5
2023-03-05,2022-23,Ligue1,Montpellier,Angers,8,2,0,1,0.0,25,8,2,0,1,0.0,25,0.0,1.0
2023-03-05,2022-23,Ligue1,Reims,Ajaccio,7,2,0,1,0.0,25,7,2,0,1,0.0,25,0.0,1.0
2023-03-05,2022-23,Ligue1,Rennes,Marseille,7,2,0,1,0.0,25,7,2,0,1,0.0,25,0.0,0.0
2023-03-05,2022-23,Ligue1,Strasbourg,Brest,7,2,0,1,-0.1,25,9,2,0,1,0.1,25,-2.0,0.0
2023-03-05,2022-23,Ligue1,Toulouse,Clermont,7,2,0,1,0.0,25,7,2,0,1,0.0,25,0.0,0.0
2023-03-06,2022-23,LaLiga,Osasuna,Celta,8,2,0,1,0.0,23,8,2,0,1,0.0,23,0.0,0.5
2023-03-06,2022-23,SerieA,Torino,Bologna,6,2,1,1,-0.1,24,8,2,0,1,0.1,24,-2.0,1.0
2023-03-06,2022-23,SerieA,Sassuolo,Cremonese,9,2,0,1,0.15,24,6,2,1,1,-0.15,24,3.0,1.0
2023-03-06,2022-23,EPL,Brentford,Fulham,16,1,0,0,0.3,23,10,2,0,1,-0.3,25,6.0,1.0
2023-03-10,2022-23,Ligue1,Lille,Lyon,6,3,1,1,-0.15,26,5,2,1,2,-0.05,26,1.0,0.5
2023-03-10,2022-23,LaLiga,Cadiz,Getafe,7,3,0,2,-0.15,24,6,3,1,2,-0.25,24,1.0,0.5
2023-03-10,2022-23,SerieA,Spezia,Inter,5,3,1,2,-0.2,25,5,3,1,2,-0.2,25,0.0,1.0
2023-03-10,2022-23,Bundesliga,FC Koln,Bochum,6,3,1,2,-0.2,23,6,3,1,2,-0.2,23,0.0,0.0
2023-03-11,2022-23,Ligue1,Auxerre,Rennes,8,2,0,2,0.1,26,6,3,1,2,-0.3,26,2.0,0.5
2023-03-11,2022-23,Ligue1,Brest,Paris SG,6,3,1,1,-0.25,26,7,3,0,2,-0.15,26,-1.0,0.0
2023-03-11,2022-23,SerieA,Bologna,Lazio,5,2,1,2,-0.15,25,8,3,0,2,-0.05,25,-3.0,0.5
2023-03-11,2022-23,Bundesliga,Schalke 04,Dortmund,7,3,0,1,-0.25,23,8,3,0,1,-0.15,23,-1.0,0.5
2023-03-11,2022-23,SerieA,Napoli,Atalanta,8,2,0,1,0.05,25,7,3,0,2,-0.25,25,1.0,1.0
2023-03-11,2022-23,SerieA,Empoli,Udinese,7,3,0,1,-0.2,25,7,2,0,2,0.0,25,0.0,0.0
2023-03-11,2022-23,Bundesliga,RB Leipzig,M'gladbach,8,2,0,1,0.05,23,7,2,0,1,-0.05,23,1.0,1.0
2023-03-11,2022-23,Bundesliga,Hertha,Mainz,6,3,1,1,-0.25,23,7,3,0,1,-0.15,23,-1.0,0.5
2023-03-11,2022-23,EPL,Leeds,Brighton,7,2,0,1,0.0,25,7,1,0,1,0.0,23,0.0,0.5
2023-03-11,2022-23,Bundesliga,Bayern Munich,Augsburg,7,2,0,2,0.0,23,7,2,0,1,0.0,23,0.0,1.0
2023-03-11,2022-23,LaLiga,Real Madrid,Espanol,6,2,1,1,0.0,24,6,3,1,1,-0.2,24,0.0,1.0
2023-03-11,2022-23,LaLiga,Elche,Valladolid,7,3,0,1,-0.15,24,6,2,1,2,-0.05,24,1.0,0.5
2023-03-11,2022-23,EPL,Crystal Palace,Man City,7,2,0,1,0.0,25,7,2,0,1,0.0,26,0.0,0.0
2023-03-11,2022-23,EPL,Tottenham,Nott'm Forest,7,3,0,2,-0.15,26,6,2,1,1,-0.05,25,1.0,1.0
2023-03-11,2022-23,EPL,Leicester,Chelsea,7,3,0,1,-0.2,25,7,2,0,2,0.0,25,0.0,0.0
2023-03-11,2022-23,EPL,Everton,Brentford,6,3,1,2,-0.15,26,5,1,1,1,-0.05,24,1.0,1.0
2023-03-11,2022-23,EPL,Bournemouth,Liverpool,7,2,0,1,0.05,25,6,3,1,2,-0.25,25,1.0,1.0
2023-03-11,2022-23,LaLiga,Celta,Vallecano,5,2,1,2,-0.05,24,6,3,1,1,-0.15,24,-1.0,1.0
2023-03-11,2022-23,LaLiga,Valencia,Osasuna,6,3,1,1,-0.15,24,5,2,1,2,-0.05,24,1.0,1.0
2023-03-11,2022-23,Bundesliga,Ein Frankfurt,Stuttgart,6,2,1,1,-0.05,23,7,2,0,1,0.05,23,-1.0,0.5
2023-03-12,2022-23,LaLiga,Villarreal,Betis,8,2,0,2,0.05,24,7,2,0,1,-0.05,24,1.0,0.5
2023-03-12,2022-23,LaLiga,Ath Bilbao,Barcelona,7,2,0,1,0.0,24,7,2,0,1,0.0,24,0.0,0.0
2023-03-12,2022-23,SerieA,Roma,Sassuolo,7,2,0,2,0.05,25,6,2,1,1,-0.05,25,1.0,0.0
2023-03-12,2022-23,Ligue1,Monaco,Reims,7,2,0,1,0.0,26,7,2,0,1,0.0,26,0.0,0.0
2023-03-12,2022-23,SerieA,Juventus,Sampdoria,7,2,0,2,0.0,25,7,2,0,2,0.0,25,0.0,1.0
2023-03-12,2022-23,Ligue1,Nantes,Nice,8,2,0,1,-0.05,26,9,2,0,1,0.05,26,-1.0,0.5
2023-03-12,2022-23,SerieA,Lecce,Torino,7,2,0,1,0.05,25,6,3,1,2,-0.25,25,1.0,0.0
2023-03-12,2022-23,SerieA,Cremonese,Fiorentina,6,3,1,2,-0.3,25,8,2,0,2,0.1,25,-2.0,0.0
2023-03-12,2022-23,LaLiga,Mallorca,Sociedad,8,2,0,1,-0.05,24,9,2,0,1,0.05,24,-1.0,0.5
2023-03-12,2022-23,Ligue1,Lorient,Troyes,7,2,0,1,0.0,26,7,2,0,1,0.0,26,0.0,1.0
2023-03-12,2022-23,Ligue1,Angers,Toulouse,7,2,0,1,0.0,26,7,2,0,1,0.0,26,0.0,0.0
2023-03-12,2022-23,Ligue1,Ajaccio,Montpellier,7,2,0,1,0.0,26,7,2,0,1,0.0,26,0.0,0.0
2023-03-12,2022-23,Ligue1,Clermont,Lens,7,2,0,1,-0.05,26,8,2,0,1,0.05,26,-1.0,0.0
2023-03-12,2022-23,LaLiga,Sevilla,Almeria,8,2,0,1,0.0,24,8,2,0,1,0.0,24,0.0,1.0
2023-03-12,2022-23,Bundesliga,Wolfsburg,Union Berlin,7,2,0,1,-0.05,23,8,2,0,1,0.05,23,-1.0,0.5
2023-03-12,2022-23,Bundesliga,Freiburg,Hoffenheim,8,2,0,1,0.0,23,8,2,0,1,0.0,23,0.0,1.0
2023-03-12,2022-23,SerieA,Verona,Monza,7,2,0,2,-0.05,25,8,2,0,1,0.05,25,-1.0,0.5
2023-03-12,2022-23,Ligue1,Marseille,Strasbourg,7,2,0,1,0.0,26,7,2,0,1,0.0,26,0.0,0.5
2023-03-12,2022-23,Bundesliga,Werder Bremen,Leverkusen,8,2,0,1,0.05,23,7,2,0,1,-0.05,23,1.0,0.0
2023-03-12,2022-23,EPL,Newcastle,Wolves,8,1,0,1,0.0,24,8,3,0,2,-0.2,26,0.0,1.0
2023-03-12,2022-23,EPL,Fulham,Arsenal,6,2,1,1,-0.1,26,8,3,0,2,-0.1,26,-2.0,0.0
2023-03-12,2022-23,EPL,Man United,Southampton,7,1,0,1,-0.05,25,8,2,0,1,0.05,25,-1.0,0.5
2023-03-12,2022-23,EPL,West Ham,Aston Villa,8,2,0,1,0.0,25,8,2,0,1,0.0,25,0.0,0.5
2023-03-13,2022-23,LaLiga,Girona,Ath Madrid,9,2,0,1,0.0,24,9,2,0,1,0.0,24,0.0,0.0
2023-03-13,2022-23,SerieA,Milan,Salernitana,9,2,0,1,0.05,25,8,2,0,1,-0.05,25,1.0,0.5
2023-03-15,2022-23,EPL,Southampton,Brentford,3,3,1,2,-0.65,26,4,2,1,2,0.05,25,-1.0,0.0
2023-03-15,2022-23,EPL,Brighton,Crystal Palace,4,2,1,2,0.0,24,4,3,1,2,-0.2,26,0.0,1.0
2023-03-17,2022-23,SerieA,Sassuolo,Spezia,5,3,1,2,-0.3,26,7,3,0,2,-0.1,26,-2.0,1.0
2023-03-17,2022-23,EPL,Nott'm Forest,Newcastle,6,3,1,2,-0.15,26,5,2,1,2,-0.05,25,1.0,0.0
2023-03-17,2022-23,Ligue1,Lyon,Nantes,7,3,0,2,-0.1,27,5,3,1,2,-0.3,27,2.0,0.5
2023-03-17,2022-23,SerieA,Atalanta,Empoli,6,3,1,2,-0.2,26,6,3,1,2,-0.2,26,0.0,1.0
2023-03-17,2022-23,Bundesliga,M'gladbach,Werder Bremen,6,2,1,2,0.05,24,5,3,1,2,-0.25,24,1.0,0.5
2023-03-17,2022-23,LaLiga,Valladolid,Ath Bilbao,6,3,1,2,-0.15,25,5,3,1,2,-0.25,25,1.0,0.0
2023-03-18,2022-23,Bundesliga,Dortmund,FC Koln,7,2,0,1,-0.05,24,8,2,0,1,0.05,24,-1.0,1.0
2023-03-18,2022-23,LaLiga,Ath Madrid,Valencia,5,2,1,1,-0.1,25,7,2,0,2,0.1,25,-2.0,1.0
2023-03-18,2022-23,LaLiga,Espanol,Celta,7,2,0,2,0.0,25,7,3,0,2,-0.2,25,0.0,0.0
2023-03-18,2022-23,LaLiga,Vallecano,Girona,7,2,0,2,0.1,25,5,3,1,1,-0.3,25,2.0,0.5
2023-03-18,2022-23,LaLiga,Almeria,Cadiz,6,3,1,1,-0.3,25,8,2,0,1,0.1,25,-2.0,0.5
2023-03-18,2022-23,EPL,Chelsea,Everton,7,3,0,1,-0.2,26,7,3,0,2,-0.2,27,0.0,0.5
2023-03-18,2022-23,EPL,Brentford,Leicester,3,3,1,3,-0.8,26,7,2,0,1,0.2,26,-4.0,0.5
2023-03-18,2022-23,Bundesliga,Augsburg,Schalke 04,7,2,0,1,0.0,24,7,2,0,1,0.0,24,0.0,0.5
2023-03-18,2022-23,Bundesliga,Bochum,RB Leipzig,8,2,0,1,0.05,24,7,2,0,1,-0.05,24,1.0,1.0
2023-03-18,2022-23,Bundesliga,Hoffenheim,Hertha,6,2,1,1,-0.05,24,7,2,0,2,0.05,24,-1.0,1.0
2023-03-18,2022-23,EPL,Aston Villa,Bournemouth,6,2,1,1,-0.05,26,7,2,0,1,0.05,26,-1.0,1.0
2023-03-18,2022-23,Bundesliga,Stuttgart,Wolfsburg,7,2,0,1,0.05,24,6,2,1,2,-0.05,24,1.0,0.0
2023-03-18,2022-23,EPL,Wolves,Leeds,6,3,1,1,-0.25,27,7,2,0,1,0.05,26,-1.0,0.0
2023-03-18,2022-23,EPL,Southampton,Tottenham,3,3,2,2,-0.8,27,7,3,0,1,0.0,27,-4.0,0.5
2023-03-18,2022-23,Ligue1,Lens,Angers,6,2,1,1,0.0,27,6,2,1,2,0.0,27,0.0,1.0
2023-03-18,2022-23,Ligue1,Toulouse,Lille,6,3,1,2,-0.3,27,8,2,0,1,0.1,27,-2.0,0.0
2023-03-18,2022-23,SerieA,Monza,Cremonese,6,3,1,1,-0.2,26,6,3,1,2,-0.2,26,0.0,0.5
2023-03-18,2022-23,SerieA,Salernitana,Bologna,5,3,1,2,-0.3,26,7,3,0,2,-0.1,26,-2.0,0.5
2023-03-18,2022-23,SerieA,Udinese,Milan,7,3,0,1,-0.1,26,5,3,1,1,-0.3,26,2.0,1.0
2023-03-19,2022-23,LaLiga,Getafe,Sevilla,9,3,0,1,-0.1,25,7,2,0,1,-0.1,25,2.0,1.0
2023-03-19,2022-23,Ligue1,Ajaccio,Monaco,7,2,0,1,0.0,27,7,2,0,1,0.0,27,0.0,0.0
2023-03-19,2022-23,Bundesliga,Union Berlin,Ein Frankfurt,7,2,0,1,-0.05,24,8,2,0,1,0.05,24,-1.0,1.0
2023-03-19,2022-23,Bundesliga,Leverkusen,Bayern Munich,7,2,0,1,-0.05,24,8,2,0,1,0.05,24,-1.0,1.0
2023-03-19,2022-23,Bundesliga,Mainz,Freiburg,8,2,0,1,0.05,24,7,2,0,1,-0.05,24,1.0,0.5
2023-03-19,2022-23,Ligue1,Strasbourg,Auxerre,7,2,0,1,-0.05,27,8,2,0,1,0.05,27,-1.0,1.0
2023-03-19,2022-23,Ligue1,Troyes,Brest,7,2,0,1,-0.05,27,8,2,0,1,0.05,27,-1.0,0.5
2023-03-19,2022-23,Ligue1,Paris SG,Rennes,8,2,0,1,0.0,27,8,2,0,1,0.0,27,0.0,0.0
2023-03-19,2022-23,Ligue1,Reims,Marseille,7,2,0,1,0.0,27,7,2,0,1,0.0,27,0.0,0.0
2023-03-19,2022-23,SerieA,Inter,Juventus,9,2,0,1,0.1,26,7,3,0,1,-0.3,26,2.0,0.0
2023-03-19,2022-23,SerieA,Lazio,Roma,8,3,0,1,-0.15,26,7,3,0,1,-0.25,26,1.0,1.0
2023-03-19,2022-23,SerieA,Torino,Napoli,7,3,0,2,-0.25,26,8,2,0,1,0.05,26,-1.0,0.0
2023-03-19,2022-23,SerieA,Fiorentina,Lecce,7,3,0,1,-0.2,26,7,2,0,1,0.0,26,0.0,1.0
2023-03-19,2022-23,SerieA,Sampdoria,Verona,7,3,0,1,-0.2,26,7,3,0,1,-0.2,26,0.0,1.0
2023-03-19,2022-23,LaLiga,Betis,Mallorca,7,2,0,1,0.0,25,7,2,0,1,0.0,25,0.0,1.0
2023-03-19,2022-23,LaLiga,Osasuna,Villarreal,8,2,0,2,0.05,25,7,3,0,1,-0.25,25,1.0,0.0
2023-03-19,2022-23,LaLiga,Sociedad,Elche,7,2,0,1,-0.05,25,8,2,0,1,0.05,25,-1.0,1.0
2023-03-19,2022-23,EPL,Arsenal,Crystal Palace,7,3,0,1,-0.05,27,4,3,1,2,-0.35,27,3.0,1.0
2023-03-19,2022-23,LaLiga,Barcelona,Real Madrid,7,2,0,1,-0.05,25,8,2,0,1,0.05,25,-1.0,1.0
2023-03-19,2022-23,Ligue1,Montpellier,Clermont,7,2,0,1,0.0,27,7,2,0,1,0.0,27,0.0,1.0
2023-03-19,2022-23,Ligue1,Nice,Lorient,7,2,0,1,0.0,27,7,2,0,1,0.0,27,0.0,0.5
2023-03-31,2022-23,Bundesliga,Ein Frankfurt,Bochum,12,2,0,1,-0.05,25,13,1,0,1,0.05,25,-1.0,0.5
2023-03-31,2022-23,LaLiga,Mallorca,Osasuna,12,2,0,1,0.0,26,12,2,0,1,0.0,26,0.0,0.5
2023-03-31,2022-23,Ligue1,Marseille,Montpellier,12,2,0,1,0.0,28,12,2,0,1,0.0,28,0.0,0.5
2023-04-01,2022-23,LaLiga,Ath Bilbao,Getafe,15,2,0,0,0.1,26,13,1,0,1,-0.1,26,2.0,0.5
2023-04-01,2022-23,LaLiga,Cadiz,Sevilla,14,1,0,0,0.05,26,13,2,0,1,-0.05,26,1.0,0.0
2023-04-01,2022-23,Ligue1,Rennes,Lens,13,1,0,1,-0.05,28,14,2,0,0,0.05,28,-1.0,0.0
2023-04-01,2022-23,SerieA,Cremonese,Atalanta,14,2,0,0,-0.05,27,15,1,0,0,0.05,27,-1.0,0.0
2023-04-01,2022-23,LaLiga,Elche,Barcelona,13,1,0,1,0.0,26,13,2,0,1,0.0,26,0.0,0.0
2023-04-01,2022-23,LaLiga,Girona,Espanol,14,2,0,0,0.0,26,14,1,0,0,0.0,26,0.0,1.0
2023-04-01,2022-23,SerieA,Juventus,Verona,13,2,0,1,0.0,27,13,2,0,1,0.0,27,0.0,1.0
2023-04-01,2022-23,SerieA,Inter,Fiorentina,13,1,0,1,0.0,27,13,2,0,1,0.0,27,0.0,0.0
2023-04-01,2022-23,Ligue1,Auxerre,Troyes,13,1,0,1,0.0,28,13,2,0,1,0.0,28,0.0,1.0
2023-04-01,2022-23,Bundesliga,Freiburg,Hertha,13,2,0,1,-0.05,25,14,1,0,0,0.05,25,-1.0,0.5
2023-04-01,2022-23,EPL,Crystal Palace,Leicester,13,2,0,1,-0.05,28,14,1,0,0,0.05,27,-1.0,1.0
2023-04-01,2022-23,EPL,Brighton,Brentford,17,1,0,0,0.15,25,14,2,0,0,-0.15,27,3.0,0.5
2023-04-01,2022-23,EPL,Bournemouth,Fulham,14,1,0,0,-0.3,27,20,1,0,0,0.3,27,-6.0,1.0
2023-04-01,2022-23,EPL,Arsenal,Leeds,13,2,0,1,-0.05,28,14,1,0,0,0.05,27,-1.0,1.0
2023-04-01,2022-23,EPL,Nott'm Forest,Wolves,15,1,0,0,0.05,27,14,2,0,0,-0.05,28,1.0,0.5
2023-04-01,2022-23,EPL,Man City,Liverpool,21,0,0,0,0.0,27,21,0,0,0,0.0,26,0.0,1.0
2023-04-01,2022-23,EPL,Chelsea,Aston Villa,14,1,0,0,0.0,27,14,2,0,0,0.0,27,0.0,0.0
2023-04-01,2022-23,Bundesliga,RB Leipzig,Mainz,14,1,0,0,0.05,25,13,1,0,1,-0.05,25,1.0,0.0
2023-04-01,2022-23,Bundesliga,Schalke 04,Leverkusen,14,1,0,0,0.05,25,13,2,0,1,-0.05,25,1.0,0.0
2023-04-01,2022-23,Bundesliga,Union Berlin,Stuttgart,13,2,0,1,-0.05,25,14,1,0,0,0.05,25,-1.0,1.0
2023-04-01,2022-23,Bundesliga,Bayern Munich,Dortmund,13,1,0,1,-0.05,25,14,1,0,0,0.05,25,-1.0,1.0
2023-04-01,2022-23,Bundesliga,Wolfsburg,Augsburg,14,2,0,0,0.0,25,14,1,0,0,0.0,25,0.0,0.5
2023-04-02,2022-23,SerieA,Spezia,Salernitana,16,1,0,0,0.05,27,15,2,0,0,-0.05,27,1.0,0.5
2023-04-02,2022-23,EPL,West Ham,Southampton,21,0,0,0,0.3,26,15,2,0,0,-0.3,28,6.0,1.0
2023-04-02,2022-23,EPL,Newcastle,Man United,16,1,0,0,-0.25,26,21,0,0,0,0.25,26,-5.0,1.0
2023-04-02,2022-23,Ligue1,Lille,Lorient,15,1,0,0,0.05,28,14,1,0,0,-0.05,28,1.0,1.0
2023-04-02,2022-23,LaLiga,Celta,Almeria,15,1,0,0,0.0,26,15,1,0,0,0.0,26,0.0,0.5
2023-04-02,2022-23,LaLiga,Real Madrid,Valladolid,14,1,0,0,-0.1,26,16,1,0,0,0.1,26,-2.0,1.0
2023-04-02,2022-23,LaLiga,Villarreal,Sociedad,14,1,0,0,0.0,26,14,1,0,0,0.0,26,0.0,1.0
2023-04-02,2022-23,SerieA,Bologna,Udinese,15,1,0,0,0.0,27,15,1,0,0,0.0,27,0.0,1.0
2023-04-02,2022-23,SerieA,Napoli,Milan,14,1,0,0,-0.05,27,15,2,0,0,0.05,27,-1.0,0.0
2023-04-02,2022-23,SerieA,Roma,Sampdoria,14,1,0,0,0.0,27,14,1,0,0,0.0,27,0.0,1.0
2023-04-02,2022-23,SerieA,Monza,Lazio,15,1,0,0,0.05,27,14,1,0,0,-0.05,27,1.0,0.0
2023-04-02,2022-23,LaLiga,Ath Madrid,Betis,15,2,0,0,0.05,26,14,1,0,0,-0.05,26,1.0,1.0
2023-04-02,2022-23,Ligue1,Angers,Nice,15,1,0,0,0.05,28,14,1,0,0,-0.05,28,1.0,0.5
2023-04-02,2022-23,Bundesliga,FC Koln,M'gladbach,15,1,0,0,-0.05,25,16,1,0,0,0.05,25,-1.0,0.5
2023-04-02,2022-23,Ligue1,Monaco,Strasbourg,14,1,0,0,0.0,28,14,1,0,0,0.0,28,0.0,1.0
2023-04-02,2022-23,Bundesliga,Werder Bremen,Hoffenheim,16,1,0,0,0.05,25,15,1,0,0,-0.05,25,1.0,0.0
2023-04-02,2022-23,Ligue1,Brest,Toulouse,14,1,0,0,-0.05,28,15,1,0,0,0.05,28,-1.0,1.0
2023-04-02,2022-23,Ligue1,Clermont,Ajaccio,14,1,0,0,0.0,28,14,1,0,0,0.0,28,0.0,1.0
2023-04-02,2022-23,Ligue1,Paris SG,Lyon,14,1,0,0,-0.1,28,16,1,0,0,0.1,28,-2.0,0.0
2023-04-02,2022-23,Ligue1,Nantes,Reims,16,1,0,0,0.1,28,14,1,0,0,-0.1,28,2.0,0.0
2023-04-03,2022-23,EPL,Everton,Tottenham,16,1,0,0,0.0,28,16,1,0,0,0.0,28,0.0,0.5
2023-04-03,2022-23,SerieA,Sassuolo,Torino,17,1,0,0,0.1,27,15,1,0,0,-0.1,27,2.0,0.5
2023-04-03,2022-23,SerieA,Empoli,Lecce,17,1,0,0,0.1,27,15,1,0,0,-0.1,27,2.0,1.0
2023-04-03,2022-23,LaLiga,Valencia,Vallecano,16,1,0,0,0.0,26,16,1,0,0,0.0,26,0.0,0.5
2023-04-04,2022-23,EPL,Leeds,Nott'm Forest,3,2,1,1,-0.4,28,3,2,1,1,-0.4,28,0.0,1.0
2023-04-04,2022-23,EPL,Bournemouth,Brighton,3,2,1,1,-0.4,28,3,2,1,1,-0.4,26,0.0,0.0
2023-04-04,2022-23,EPL,Chelsea,Liverpool,3,2,1,1,-0.4,28,3,1,1,1,-0.4,27,0.0,0.5
2023-04-04,2022-23,EPL,Leicester,Aston Villa,3,2,1,1,-0.4,28,3,2,1,1,-0.4,28,0.0,0.0
2023-04-05,2022-23,EPL,West Ham,Newcastle,3,1,1,1,-0.4,27,3,2,1,1,-0.4,27,0.0,0.0
2023-04-05,2022-23,EPL,Man United,Brentford,3,1,1,1,-0.45,27,4,2,1,1,0.05,28,-1.0,1.0
2023-04-07,2022-23,SerieA,Lecce,Napoli,4,2,1,1,-0.05,28,5,2,1,1,0.05,28,-1.0,0.0
2023-04-07,2022-23,SerieA,Milan,Empoli,5,2,1,1,0.05,28,4,1,1,1,-0.05,28,1.0,0.5
2023-04-07,2022-23,LaLiga,Sevilla,Celta,6,2,1,1,0.05,27,5,2,1,1,-0.05,27,1.0,0.5
2023-04-07,2022-23,Ligue1,Lens,Strasbourg,6,2,1,1,0.05,29,5,2,1,1,-0.05,29,1.0,1.0
2023-04-07,2022-23,SerieA,Salernitana,Inter,5,2,1,1,-0.05,28,6,2,1,1,0.05,28,-1.0,0.5
2023-04-08,2022-23,SerieA,Atalanta,Bologna,7,1,0,1,0.05,28,6,1,1,1,-0.05,28,1.0,0.0
2023-04-08,2022-23,SerieA,Udinese,Monza,6,1,1,1,0.0,28,6,1,1,1,0.0,28,0.0,0.5
2023-04-08,2022-23,SerieA,Fiorentina,Spezia,7,2,0,1,0.05,28,6,1,1,1,-0.05,28,1.0,0.5
2023-04-08,2022-23,SerieA,Lazio,Juventus,6,2,1,1,-0.05,28,7,2,0,1,0.05,28,-1.0,1.0
2023-04-08,2022-23,SerieA,Verona,Sassuolo,7,2,0,1,0.1,28,5,1,1,1,-0.1,28,2.0,1.0
2023-04-08,2022-23,SerieA,Torino,Roma,5,2,1,1,-0.05,28,6,2,1,1,0.05,28,-1.0,0.0
2023-04-08,2022-23,SerieA,Sampdoria,Cremonese,6,2,1,1,-0.05,28,7,1,0,1,0.05,28,-1.0,0.0
2023-04-08,2022-23,LaLiga,Espanol,Ath Bilbao,7,1,0,1,0.0,27,7,1,0,1,0.0,27,0.0,0.0
2023-04-08,2022-23,EPL,Wolves,Chelsea,7,1,0,1,0.15,29,4,2,1,2,-0.15,29,3.0,1.0
2023-04-08,2022-23,Bundesliga,Augsburg,FC Koln,7,1,0,1,0.05,26,6,1,1,1,-0.05,26,1.0,0.0
2023-04-08,2022-23,Bundesliga,Freiburg,Bayern Munich,7,2,0,1,0.0,26,7,2,0,1,0.0,26,0.0,0.0
2023-04-08,2022-23,Bundesliga,Leverkusen,Ein Frankfurt,7,2,0,1,-0.05,26,8,2,0,1,0.05,26,-1.0,1.0
2023-04-08,2022-23,Bundesliga,Mainz,Werder Bremen,7,2,0,1,0.05,26,6,1,1,1,-0.05,26,1.0,0.5
2023-04-08,2022-23,Bundesliga,Hertha,RB Leipzig,7,1,0,1,0.0,26,7,1,0,1,0.0,26,0.0,0.0
2023-04-08,2022-23,LaLiga,Osasuna,Elche,8,2,0,1,0.05,27,7,2,0,1,-0.05,27,1.0,1.0
2023-04-08,2022-23,LaLiga,Sociedad,Getafe,6,2,1,1,-0.05,27,7,2,0,1,0.05,27,-1.0,1.0
2023-04-08,2022-23,EPL,Southampton,Man City,6,1,1,1,-0.05,29,7,1,0,1,0.05,28,-1.0,0.0
2023-04-08,2022-23,LaLiga,Real Madrid,Villarreal,6,2,1,1,0.0,27,6,2,1,1,0.0,27,0.0,0.0
2023-04-08,2022-23,Ligue1,Nice,Paris SG,6,2,1,1,0.0,29,6,2,1,1,0.0,29,0.0,0.0
2023-04-08,2022-23,EPL,Man United,Everton,3,2,2,2,-0.5,28,5,1,1,1,0.1,29,-2.0,1.0
2023-04-08,2022-23,EPL,Aston Villa,Nott'm Forest,4,2,1,2,0.0,29,4,2,1,2,0.0,29,0.0,1.0
2023-04-08,2022-23,EPL,Brentford,Newcastle,3,2,1,2,-0.4,29,3,2,2,2,-0.4,28,0.0,0.0
2023-04-08,2022-23,EPL,Fulham,West Ham,7,1,0,1,0.2,28,3,2,2,2,-0.6,28,4.0,0.0
2023-04-08,2022-23,EPL,Leicester,Bournemouth,4,2,1,2,0.0,29,4,2,1,2,0.0,29,0.0,0.0
2023-04-08,2022-23,EPL,Tottenham,Brighton,5,1,1,1,0.05,29,4,2,1,2,-0.05,27,1.0,1.0
2023-04-08,2022-23,Ligue1,Angers,Lille,6,1,1,1,0.0,29,6,1,1,1,0.0,29,0.0,1.0
2023-04-08,2022-23,Bundesliga,Dortmund,Union Berlin,7,1,0,1,0.0,26,7,2,0,1,0.0,26,0.0,1.0
2023-04-09,2022-23,LaLiga,Betis,Cadiz,7,1,0,1,-0.05,27,8,1,0,1,0.05,27,-1.0,0.0
2023-04-09,2022-23,Ligue1,Lorient,Marseille,7,1,0,1,-0.1,29,9,1,0,1,0.1,29,-2.0,0.5
2023-04-09,2022-23,Bundesliga,Hoffenheim,Schalke 04,7,1,0,1,-0.05,26,8,1,0,1,0.05,26,-1.0,1.0
2023-04-09,2022-23,Bundesliga,Bochum,Stuttgart,9,1,0,1,0.05,26,8,1,0,1,-0.05,26,1.0,0.0
2023-04-09,2022-23,Bundesliga,M'gladbach,Wolfsburg,7,1,0,1,-0.05,26,8,1,0,1,0.05,26,-1.0,1.0
2023-04-09,2022-23,Ligue1,Lyon,Rennes,7,1,0,1,-0.05,29,8,1,0,1,0.05,29,-1.0,1.0
2023-04-09,2022-23,Ligue1,Ajaccio,Auxerre,7,1,0,1,-0.05,29,8,1,0,1,0.05,29,-1.0,0.0
2023-04-09,2022-23,Ligue1,Montpellier,Toulouse,9,1,0,1,0.1,29,7,1,0,1,-0.1,29,2.0,0.0
2023-04-09,2022-23,Ligue1,Reims,Brest,7,1,0,1,0.0,29,7,1,0,1,0.0,29,0.0,0.5
2023-04-09,2022-23,EPL,Leeds,Crystal Palace,5,2,1,2,-0.15,29,8,1,0,1,0.15,29,-3.0,0.0
2023-04-09,2022-23,Ligue1,Troyes,Clermont,8,1,0,1,0.05,29,7,1,0,1,-0.05,29,1.0,0.0
2023-04-09,2022-23,LaLiga,Almeria,Valencia,7,1,0,1,0.05,27,6,1,1,1,-0.05,27,1.0,1.0
2023-04-09,2022-23,LaLiga,Valladolid,Mallorca,7,1,0,1,-0.1,27,9,1,0,1,0.1,27,-2.0,0.5
2023-04-09,2022-23,LaLiga,Vallecano,Ath Madrid,6,1,1,1,-0.05,27,7,1,0,1,0.05,27,-1.0,0.0
2023-04-09,2022-23,Ligue1,Nantes,Monaco,7,1,0,1,0.0,29,7,1,0,1,0.0,29,0.0,0.5
2023-04-09,2022-23,EPL,Liverpool,Arsenal,5,2,1,2,-0.15,28,8,1,0,1,0.15,29,-3.0,0.5
2023-04-10,2022-23,LaLiga,Barcelona,Girona,9,1,0,1,0.0,27,9,1,0,1,0.0,27,0.0,0.5
2023-04-14,2022-23,SerieA,Cremonese,Empoli,6,2,1,2,-0.05,29,7,2,0,2,0.05,29,-1.0,1.0
2023-04-14,2022-23,Ligue1,Toulouse,Lyon,5,2,1,2,0.0,30,5,2,1,2,0.0,30,0.0,0.0
2023-04-14,2022-23,LaLiga,Vallecano,Osasuna,5,2,1,2,-0.05,28,6,2,1,1,0.05,28,-1.0,1.0
2023-04-14,2022-23,Bundesliga,Schalke 04,Hertha,5,2,1,2,-0.05,27,6,2,1,2,0.05,27,-1.0,1.0
2023-04-14,2022-23,SerieA,Spezia,Lazio,6,2,1,2,0.0,29,6,2,1,2,0.0,29,0.0,0.0
2023-04-15,2022-23,EPL,Southampton,Crystal Palace,7,2,0,2,0.05,30,6,2,1,1,-0.05,30,1.0,0.0
2023-04-15,2022-23,EPL,Tottenham,Bournemouth,7,2,0,2,0.0,30,7,3,0,2,-0.2,30,0.0,0.0
2023-04-15,2022-23,Bundesliga,Bayern Munich,Hoffenheim,7,2,0,1,0.05,27,6,2,1,2,-0.05,27,1.0,0.5
2023-04-15,2022-23,Bundesliga,FC Koln,Mainz,7,2,0,2,0.0,27,7,2,0,1,0.0,27,0.0,0.5
2023-04-15,2022-23,Bundesliga,RB Leipzig,Augsburg,7,2,0,1,0.0,27,7,2,0,1,0.0,27,0.0,1.0
2023-04-15,2022-23,Bundesliga,Stuttgart,Dortmund,6,2,1,1,-0.05,27,7,2,0,1,0.05,27,-1.0,0.5
2023-04-15,2022-23,Bundesliga,Ein Frankfurt,M'gladbach,7,2,0,1,0.05,27,6,2,1,2,-0.05,27,1.0,0.5
2023-04-15,2022-23,Ligue1,Paris SG,Lens,7,2,0,2,-0.05,30,8,2,0,1,0.05,30,-1.0,1.0
2023-04-15,2022-23,SerieA,Napoli,Verona,8,2,0,2,0.05,29,7,2,0,1,-0.05,29,1.0,0.5
2023-04-15,2022-23,SerieA,Bologna,Milan,7,2,0,2,-0.05,29,8,2,0,2,0.05,29,-1.0,0.5
2023-04-15,2022-23,SerieA,Inter,Monza,8,2,0,1,0.05,29,7,2,0,2,-0.05,29,1.0,0.0
2023-04-15,2022-23,EPL,Chelsea,Brighton,7,3,0,2,-0.2,30,7,3,0,2,-0.2,28,0.0,0.0
2023-04-15,2022-23,EPL,Everton,Fulham,7,2,0,2,0.0,30,7,2,0,1,0.0,29,0.0,0.0
2023-04-15,2022-23,EPL,Aston Villa,Newcastle,7,3,0,2,-0.2,30,7,3,0,3,-0.2,29,0.0,1.0
2023-04-15,2022-23,EPL,Wolves,Brentford,7,2,0,1,0.0,30,7,3,0,2,-0.2,30,0.0,1.0
2023-04-15,2022-23,EPL,Man City,Leicester,7,2,0,1,0.0,29,7,3,0,2,-0.2,30,0.0,1.0
2023-04-15,2022-23,LaLiga,Villarreal,Valladolid,7,2,0,2,0.05,28,6,2,1,2,-0.05,28,1.0,0.0
2023-04-15,2022-23,Ligue1,Rennes,Reims,6,2,1,1,0.0,30,6,2,1,2,0.0,30,0.0,1.0
2023-04-15,2022-23,LaLiga,Ath Bilbao,Sociedad,7,2,0,1,0.0,28,7,2,0,2,0.0,28,0.0,1.0
2023-04-15,2022-23,LaLiga,Betis,Espanol,6,2,1,2,-0.05,28,7,2,0,1,0.05,28,-1.0,1.0
2023-04-15,2022-23,LaLiga,Cadiz,Real Madrid,6,2,1,1,-0.05,28,7,2,0,2,0.05,28,-1.0,0.0
2023-04-16,2022-23,LaLiga,Valencia,Sevilla,7,2,0,2,-0.1,28,9,2,0,1,0.1,28,-2.0,0.0
2023-04-16,2022-23,LaLiga,Girona,Elche,6,2,1,1,-0.1,28,8,2,0,1,0.1,28,-2.0,1.0
2023-04-16,2022-23,SerieA,Torino,Salernitana,8,2,0,2,-0.05,29,9,2,0,1,0.05,29,-1.0,0.5
2023-04-16,2022-23,SerieA,Sassuolo,Juventus,8,2,0,2,0.0,29,8,2,0,1,0.0,29,0.0,1.0
2023-04-16,2022-23,SerieA,Roma,Udinese,8,2,0,1,0.0,29,8,2,0,1,0.0,29,0.0,1.0
2023-04-16,2022-23,LaLiga,Ath Madrid,Almeria,7,2,0,1,0.0,28,7,2,0,1,0.0,28,0.0,1.0
2023-04-16,2022-23,Ligue1,Strasbourg,Ajaccio,9,2,0,1,0.1,30,7,2,0,1,-0.1,30,2.0,1.0
2023-04-16,2022-23,Ligue1,Clermont,Angers,7,2,0,1,-0.05,30,8,2,0,1,0.05,30,-1.0,1.0
2023-04-16,2022-23,Ligue1,Brest,Nice,7,2,0,1,-0.05,30,8,2,0,1,0.05,30,-1.0,1.0
2023-04-16,2022-23,Ligue1,Auxerre,Nantes,7,2,0,1,0.0,30,7,2,0,1,0.0,30,0.0,1.0
2023-04-16,2022-23,Ligue1,Lille,Montpellier,8,2,0,1,0.05,30,7,2,0,1,-0.05,30,1.0,1.0
2023-04-16,2022-23,SerieA,Lecce,Sampdoria,9,2,0,2,0.05,29,8,2,0,1,-0.05,29,1.0,0.5
2023-04-16,2022-23,LaLiga,Getafe,Barcelona,8,2,0,1,0.1,28,6,2,1,1,-0.1,28,2.0,0.5
2023-04-16,2022-23,Ligue1,Marseille,Troyes,7,2,0,1,0.0,30,7,2,0,1,0.0,30,0.0,1.0
2023-04-16,2022-23,Bundesliga,Werder Bremen,Freiburg,8,2,0,1,0.0,27,8,2,0,1,0.0,27,0.0,0.0
2023-04-16,2022-23,Bundesliga,Wolfsburg,Leverkusen,7,2,0,1,-0.05,27,8,2,0,1,0.05,27,-1.0,0.5
2023-04-16,2022-23,Bundesliga,Union Berlin,Bochum,8,2,0,1,0.05,27,7,2,0,1,-0.05,27,1.0,0.5
2023-04-16,2022-23,EPL,West Ham,Arsenal,8,3,0,2,-0.15,29,7,2,0,1,-0.05,30,1.0,0.5
2023-04-16,2022-23,EPL,Nott'm Forest,Man United,8,3,0,2,-0.2,30,8,3,0,2,-0.2,29,0.0,0.0
2023-04-16,2022-23,Ligue1,Monaco,Lorient,7,2,0,1,0.0,30,7,2,0,1,0.0,30,0.0,1.0
2023-04-17,2022-23,SerieA,Fiorentina,Atalanta,9,2,0,1,0.0,29,9,2,0,1,0.0,29,0.0,0.5
2023-04-17,2022-23,EPL,Leeds,Liverpool,8,3,0,2,-0.2,30,8,3,0,2,-0.2,29,0.0,0.0
2023-04-17,2022-23,LaLiga,Celta,Mallorca,10,2,0,1,0.1,28,8,2,0,1,-0.1,28,2.0,0.0
2023-04-21,2022-23,Bundesliga,Augsburg,Stuttgart,6,3,1,2,-0.2,28,6,3,1,2,-0.2,28,0.0,0.5
2023-04-21,2022-23,SerieA,Verona,Bologna,6,3,1,2,-0.2,30,6,3,1,2,-0.2,30,0.0,1.0
2023-04-21,2022-23,LaLiga,Espanol,Cadiz,6,3,1,2,-0.2,29,6,3,1,2,-0.2,29,0.0,0.5
2023-04-21,2022-23,Ligue1,Angers,Paris SG,5,3,1,2,-0.25,31,6,3,1,2,-0.15,31,-1.0,0.0
2023-04-21,2022-23,EPL,Arsenal,Southampton,5,3,1,2,-0.25,31,6,3,1,2,-0.15,31,-1.0,0.5
2023-04-22,2022-23,Bundesliga,Hertha,Werder Bremen,8,2,0,1,0.1,28,6,3,1,1,-0.3,28,2.0,0.0
2023-04-22,2022-23,Bundesliga,Bochum,Wolfsburg,6,2,1,2,0.0,28,6,2,1,2,0.0,28,0.0,0.0
2023-04-22,2022-23,LaLiga,Osasuna,Betis,8,2,0,1,0.05,29,7,3,0,2,-0.25,29,1.0,1.0
2023-04-22,2022-23,LaLiga,Almeria,Ath Bilbao,6,3,1,2,-0.25,29,7,2,0,1,0.05,29,-1.0,0.0
2023-04-22,2022-23,LaLiga,Sociedad,Vallecano,7,3,0,1,-0.25,29,8,3,0,2,-0.15,29,-1.0,1.0
2023-04-22,2022-23,LaLiga,Valladolid,Girona,7,3,0,2,-0.15,29,6,2,1,2,-0.05,29,1.0,1.0
2023-04-22,2022-23,LaLiga,Real Madrid,Celta,7,3,0,1,-0.1,29,5,3,1,1,-0.3,29,2.0,1.0
2023-04-22,2022-23,EPL,Brentford,Aston Villa,7,3,0,1,-0.2,31,7,3,0,1,-0.2,31,0.0,0.5
2023-04-22,2022-23,Bundesliga,Mainz,Bayern Munich,7,2,0,1,0.0,28,7,2,0,1,0.0,28,0.0,1.0
2023-04-22,2022-23,Bundesliga,Dortmund,Ein Frankfurt,7,2,0,1,0.0,28,7,2,0,1,0.0,28,0.0,1.0
2023-04-22,2022-23,Bundesliga,Hoffenheim,FC Koln,7,3,0,2,-0.2,28,7,3,0,1,-0.2,28,0.0,0.0
2023-04-22,2022-23,EPL,Liverpool,Nott'm Forest,5,3,1,2,-0.25,30,6,3,1,1,-0.15,31,-1.0,1.0
2023-04-22,2022-23,EPL,Fulham,Leeds,7,2,0,1,0.1,30,5,3,1,2,-0.3,31,2.0,1.0
2023-04-22,2022-23,SerieA,Lazio,Torino,8,3,0,1,-0.1,30,6,3,1,1,-0.3,30,2.0,0.0
2023-04-22,2022-23,EPL,Crystal Palace,Everton,7,2,0,2,0.0,31,7,3,0,1,-0.2,31,0.0,0.5
2023-04-22,2022-23,SerieA,Salernitana,Sassuolo,6,3,1,1,-0.2,30,6,3,1,1,-0.2,30,0.0,1.0
2023-04-22,2022-23,SerieA,Sampdoria,Spezia,6,3,1,1,-0.3,30,8,3,0,1,-0.1,30,-2.0,0.5
2023-04-22,2022-23,Ligue1,Auxerre,Lille,6,2,1,2,0.0,31,6,3,1,1,-0.2,31,0.0,0.5
2023-04-22,2022-23,Ligue1,Lens,Monaco,7,2,0,1,0.05,31,6,3,1,2,-0.25,31,1.0,1.0
2023-04-22,2022-23,EPL,Leicester,Wolves,7,3,0,1,-0.2,31,7,2,0,1,0.0,31,0.0,1.0
2023-04-23,2022-23,SerieA,Milan,Lecce,8,2,0,1,0.05,30,7,3,0,1,-0.25,30,1.0,1.0
2023-04-23,2022-23,SerieA,Udinese,Cremonese,7,2,0,1,-0.1,30,9,2,0,1,0.1,30,-2.0,1.0
2023-04-23,2022-23,SerieA,Monza,Fiorentina,8,2,0,1,0.1,30,6,2,1,1,-0.1,30,2.0,1.0
2023-04-23,2022-23,Bundesliga,M'gladbach,Union Berlin,8,2,0,1,0.05,28,7,2,0,1,-0.05,28,1.0,0.0
2023-04-23,2022-23,Bundesliga,Leverkusen,RB Leipzig,7,2,0,1,-0.05,28,8,2,0,1,0.05,28,-1.0,1.0
2023-04-23,2022-23,Bundesliga,Freiburg,Schalke 04,7,2,0,1,-0.1,28,9,2,0,1,0.1,28,-2.0,1.0
2023-04-23,2022-23,SerieA,Juventus,Napoli,7,2,0,1,-0.05,30,8,2,0,1,0.05,30,-1.0,0.0
2023-04-23,2022-23,Ligue1,Reims,Strasbourg,8,2,0,1,0.05,31,7,2,0,1,-0.05,31,1.0,0.0
2023-04-23,2022-23,EPL,Newcastle,Tottenham,8,3,0,1,-0.2,30,8,3,0,1,-0.2,31,0.0,1.0
2023-04-23,2022-23,Ligue1,Nantes,Troyes,7,2,0,1,0.0,31,7,2,0,1,0.0,31,0.0,0.5
2023-04-23,2022-23,Ligue1,Nice,Clermont,7,2,0,1,0.0,31,7,2,0,1,0.0,31,0.0,0.0
2023-04-23,2022-23,Ligue1,Montpellier,Rennes,7,2,0,1,-0.05,31,8,2,0,1,0.05,31,-1.0,1.0
2023-04-23,2022-23,Ligue1,Lyon,Marseille,9,2,0,1,0.1,31,7,2,0,1,-0.1,31,2.0,0.0
2023-04-23,2022-23,SerieA,Empoli,Inter,9,3,0,1,-0.15,30,8,2,0,1,-0.05,30,1.0,0.0
2023-04-23,2022-23,LaLiga,Elche,Valencia,7,2,0,1,0.0,29,7,3,0,1,-0.2,29,0.0,0.0
2023-04-23,2022-23,LaLiga,Barcelona,Ath Madrid,7,2,0,2,0.0,29,7,2,0,1,0.0,29,0.0,1.0
2023-04-23,2022-23,LaLiga,Mallorca,Getafe,6,2,1,1,-0.05,29,7,2,0,1,0.05,29,-1.0,1.0
2023-04-23,2022-23,LaLiga,Sevilla,Villarreal,7,2,0,1,-0.05,29,8,2,0,1,0.05,29,-1.0,1.0
2023-04-23,2022-23,EPL,Bournemouth,West Ham,8,3,0,1,-0.15,31,7,3,0,1,-0.25,30,1.0,0.0
2023-04-23,2022-23,Ligue1,Ajaccio,Brest,7,2,0,1,0.0,31,7,2,0,1,0.0,31,0.0,0.5
2023-04-23,2022-23,Ligue1,Lorient,Toulouse,7,2,0,1,-0.1,31,9,2,0,1,0.1,31,-2.0,0.0
2023-04-24,2022-23,SerieA,Atalanta,Roma,7,2,0,1,-0.05,30,8,2,0,1,0.05,30,-1.0,1.0
2023-04-25,2022-23,LaLiga,Girona,Real Madrid,3,3,1,2,-0.6,30,3,3,1,2,-0.6,30,0.0,1.0
2023-04-25,2022-23,LaLiga,Betis,Sociedad,3,3,1,2,-0.6,30,3,3,1,2,-0.6,30,0.0,0.5
2023-04-25,2022-23,EPL,Leeds,Leicester,3,3,1,2,-0.6,32,3,3,1,2,-0.6,32,0.0,0.5
2023-04-25,2022-23,EPL,Aston Villa,Fulham,3,3,1,2,-0.6,32,3,3,1,2,-0.6,31,0.0,1.0
2023-04-25,2022-23,EPL,Wolves,Crystal Palace,3,3,1,2,-0.6,32,3,3,1,2,-0.6,32,0.0,1.0
2023-04-25,2022-23,LaLiga,Cadiz,Osasuna,4,3,1,2,-0.15,30,3,3,1,2,-0.65,30,1.0,0.0
2023-04-26,2022-23,EPL,West Ham,Liverpool,3,3,1,2,-0.65,31,4,3,1,2,-0.15,31,-1.0,0.0
2023-04-26,2022-23,EPL,Chelsea,Brentford,11,2,0,1,0.35,31,4,3,1,2,-0.55,32,7.0,0.0
2023-04-26,2022-23,EPL,Nott'm Forest,Brighton,4,3,1,2,-0.55,32,11,2,0,1,0.35,29,-7.0,1.0
2023-04-26,2022-23,EPL,Man City,Arsenal,11,2,0,1,0.3,30,5,3,1,2,-0.5,32,6.0,1.0
2023-04-26,2022-23,LaLiga,Vallecano,Barcelona,4,3,1,2,-0.15,30,3,3,1,2,-0.65,30,1.0,1.0
2023-04-26,2022-23,LaLiga,Celta,Elche,4,3,1,2,-0.15,30,3,3,1,2,-0.65,30,1.0,1.0
2023-04-26,2022-23,LaLiga,Getafe,Almeria,3,3,1,2,-0.65,30,4,3,1,2,-0.15,30,-1.0,0.0
2023-04-26,2022-23,LaLiga,Ath Madrid,Mallorca,3,3,1,2,-0.6,30,3,3,1,2,-0.6,30,0.0,1.0
2023-04-27,2022-23,LaLiga,Valencia,Valladolid,4,3,1,2,-0.25,30,5,3,1,2,-0.15,30,-1.0,1.0
2023-04-27,2022-23,LaLiga,Villarreal,Espanol,4,3,1,2,-0.3,30,6,3,1,2,-0.1,30,-2.0,1.0
2023-04-27,2022-23,LaLiga,Ath Bilbao,Sevilla,5,3,1,2,-0.15,30,4,3,1,2,-0.25,30,1.0,0.0
2023-04-27,2022-23,EPL,Tottenham,Man United,4,3,1,2,-0.55,32,11,2,0,1,0.35,30,-7.0,0.5
2023-04-27,2022-23,EPL,Everton,Newcastle,5,3,1,2,-0.15,32,4,3,1,2,-0.25,31,1.0,0.0
2023-04-27,2022-23,EPL,Southampton,Bournemouth,6,3,1,2,-0.1,32,4,3,1,2,-0.3,32,2.0,0.0
2023-04-28,2022-23,SerieA,Lecce,Udinese,5,2,1,2,0.0,31,5,3,1,2,-0.2,31,0.0,1.0
2023-04-28,2022-23,Ligue1,Strasbourg,Lyon,5,2,1,2,0.0,32,5,3,1,1,-0.2,32,0.0,0.0
2023-04-28,2022-23,Bundesliga,Bochum,Dortmund,6,3,1,2,-0.2,29,6,3,1,2,-0.2,29,0.0,0.5
2023-04-28,2022-23,LaLiga,Osasuna,Sociedad,3,4,2,2,-0.8,31,3,4,2,3,-0.8,31,0.0,0.0
2023-04-28,2022-23,SerieA,Spezia,Monza,6,3,1,1,-0.15,31,5,3,1,2,-0.25,31,1.0,0.0
2023-04-29,2022-23,Bundesliga,Schalke 04,Werder Bremen,6,3,1,1,-0.25,29,7,2,0,2,0.05,29,-1.0,1.0
2023-04-29,2022-23,Bundesliga,Union Berlin,Leverkusen,6,2,1,2,0.0,29,6,2,1,2,0.0,29,0.0,0.5
2023-04-29,2022-23,Bundesliga,RB Leipzig,Hoffenheim,6,2,1,1,-0.05,29,7,3,0,1,-0.15,29,-1.0,1.0
2023-04-29,2022-23,Bundesliga,Stuttgart,M'gladbach,8,3,0,1,-0.1,29,6,3,1,1,-0.3,29,2.0,1.0
2023-04-29,2022-23,Bundesliga,Ein Frankfurt,Augsburg,7,2,0,1,-0.05,29,8,2,0,1,0.05,29,-1.0,0.5
2023-04-29,2022-23,Ligue1,Lille,Ajaccio,7,2,0,2,0.05,32,6,3,1,2,-0.25,32,1.0,1.0
2023-04-29,2022-23,LaLiga,Barcelona,Betis,3,4,2,3,-0.85,31,4,4,1,2,-0.35,31,-1.0,1.0
2023-04-29,2022-23,LaLiga,Real Madrid,Almeria,4,3,1,2,-0.15,31,3,4,1,3,-0.85,31,1.0,1.0
2023-04-29,2022-23,Bundesliga,FC Koln,Freiburg,7,2,0,1,0.05,29,6,2,1,2,-0.05,29,1.0,0.0
2023-04-29,2022-23,EPL,Crystal Palace,West Ham,4,4,1,2,-0.35,33,3,3,2,3,-0.65,32,1.0,1.0
2023-04-29,2022-23,LaLiga,Elche,Vallecano,3,3,2,3,-0.6,31,3,4,1,2,-0.8,31,0.0,1.0
2023-04-29,2022-23,EPL,Brighton,Wolves,3,2,1,1,-0.45,30,4,3,1,2,-0.15,33,-1.0,1.0
2023-04-29,2022-23,SerieA,Roma,Milan,5,2,1,2,-0.05,31,6,2,1,1,0.05,31,-1.0,0.5
2023-04-29,2022-23,SerieA,Torino,Atalanta,7,2,0,2,0.1,31,5,2,1,2,-0.1,31,2.0,0.0
2023-04-29,2022-23,EPL,Brentford,Nott'm Forest,3,3,1,2,-0.6,33,3,3,1,3,-0.6,33,0.0,1.0
2023-04-30,2022-23,SerieA,Sassuolo,Empoli,8,2,0,1,0.05,31,7,2,0,1,-0.05,31,1.0,1.0
2023-04-30,2022-23,SerieA,Napoli,Salernitana,7,2,0,1,-0.05,31,8,2,0,1,0.05,31,-1.0,0.5
2023-04-30,2022-23,LaLiga,Cadiz,Valencia,5,3,1,2,-0.1,31,3,3,1,2,-0.7,31,2.0,1.0
2023-04-30,2022-23,LaLiga,Villarreal,Celta,3,3,1,2,-0.65,31,4,3,1,3,-0.15,31,-1.0,1.0
2023-04-30,2022-23,LaLiga,Espanol,Getafe,3,3,1,2,-0.65,31,4,3,1,2,-0.15,31,-1.0,1.0
2023-04-30,2022-23,LaLiga,Valladolid,Ath Madrid,3,3,1,2,-0.65,31,4,3,1,2,-0.15,31,-1.0,0.0
2023-04-30,2022-23,Ligue1,Marseille,Auxerre,7,2,0,1,-0.05,32,8,2,0,1,0.05,32,-1.0,1.0
2023-04-30,2022-23,Ligue1,Paris SG,Lorient,9,2,0,1,0.1,32,7,2,0,1,-0.1,32,2.0,0.0
2023-04-30,2022-23,Ligue1,Troyes,Nice,7,2,0,1,0.0,32,7,2,0,1,0.0,32,0.0,0.0
2023-04-30,2022-23,Ligue1,Clermont,Reims,7,2,0,1,0.0,32,7,2,0,1,0.0,32,0.0,1.0
2023-04-30,2022-23,Ligue1,Rennes,Angers,7,2,0,1,-0.1,32,9,2,0,1,0.1,32,-2.0,1.0
2023-04-30,2022-23,SerieA,Cremonese,Verona,7,2,0,1,-0.1,31,9,2,0,1,0.1,31,-2.0,0.5
2023-04-30,2022-23,EPL,Bournemouth,Leeds,3,3,1,2,-0.7,33,5,3,1,3,-0.1,33,-2.0,1.0
2023-04-30,2022-23,SerieA,Bologna,Juventus,9,2,0,1,0.1,31,7,2,0,1,-0.1,31,2.0,0.5
2023-04-30,2022-23,Bundesliga,Wolfsburg,Mainz,8,2,0,1,0.0,29,8,2,0,1,0.0,29,0.0,1.0
2023-04-30,2022-23,Bundesliga,Bayern Munich,Hertha,8,2,0,1,0.0,29,8,2,0,1,0.0,29,0.0,1.0
2023-04-30,2022-23,EPL,Fulham,Man City,5,3,1,2,-0.15,32,4,2,1,1,-0.05,31,1.0,0.0
2023-04-30,2022-23,EPL,Man United,Aston Villa,3,2,1,1,-0.5,31,5,3,1,2,-0.1,33,-2.0,1.0
2023-04-30,2022-23,Ligue1,Monaco,Montpellier,8,2,0,1,0.05,32,7,2,0,1,-0.05,32,1.0,0.0
2023-04-30,2022-23,SerieA,Fiorentina,Sampdoria,7,2,0,2,-0.05,31,8,2,0,1,0.05,31,-1.0,1.0
2023-04-30,2022-23,EPL,Newcastle,Southampton,3,3,1,2,-0.6,32,3,3,1,2,-0.6,33,0.0,1.0
2023-04-30,2022-23,EPL,Liverpool,Tottenham,4,3,1,3,-0.15,32,3,3,1,2,-0.65,33,1.0,1.0
2023-04-30,2022-23,SerieA,Inter,Lazio,7,2,0,1,-0.05,31,8,2,0,1,0.05,31,-1.0,1.0
2023-05-01,2022-23,LaLiga,Mallorca,Ath Bilbao,5,3,1,2,-0.15,31,4,3,1,2,-0.25,31,1.0,0.5
2023-05-01,2022-23,EPL,Leicester,Everton,6,3,1,2,-0.1,33,4,3,1,2,-0.3,33,2.0,0.5
2023-05-01,2022-23,LaLiga,Sevilla,Girona,4,3,1,2,-0.3,31,6,3,1,2,-0.1,31,-2.0,0.0
2023-05-02,2022-23,LaLiga,Barcelona,Osasuna,3,4,2,3,-0.85,32,4,4,1,3,-0.35,32,-1.0,1.0
2023-05-02,2022-23,LaLiga,Sociedad,Real Madrid,4,4,1,3,-0.35,32,3,4,1,3,-0.85,32,1.0,1.0
2023-05-02,2022-23,Ligue1,Toulouse,Lens,9,2,0,1,-0.05,32,10,2,0,1,0.05,32,-1.0,0.0
2023-05-02,2022-23,LaLiga,Almeria,Elche,3,4,2,3,-0.8,32,3,4,2,3,-0.8,32,0.0,1.0
2023-05-02,2022-23,EPL,Arsenal,Chelsea,6,3,1,2,-0.2,33,6,2,1,1,0.0,32,0.0,1.0
2023-05-03,2022-23,LaLiga,Getafe,Celta,3,4,1,3,-0.8,32,3,4,1,3,-0.8,32,0.0,1.0
2023-05-03,2022-23,EPL,Man City,West Ham,3,3,1,2,-0.65,32,4,4,1,3,-0.35,33,-1.0,1.0
2023-05-03,2022-23,EPL,Liverpool,Fulham,3,4,1,3,-0.8,33,3,4,1,3,-0.8,33,0.0,1.0
2023-05-03,2022-23,SerieA,Monza,Roma,5,3,1,2,-0.15,32,4,3,1,2,-0.25,32,1.0,0.5
2023-05-03,2022-23,SerieA,Milan,Cremonese,4,3,1,2,-0.15,32,3,3,1,2,-0.65,32,1.0,0.5
2023-05-03,2022-23,SerieA,Lazio,Sassuolo,3,3,1,2,-0.6,32,3,3,1,2,-0.6,32,0.0,1.0
2023-05-03,2022-23,SerieA,Sampdoria,Torino,3,3,1,2,-0.65,32,4,3,1,2,-0.15,32,-1.0,0.0
2023-05-03,2022-23,SerieA,Salernitana,Fiorentina,3,3,1,2,-0.6,32,3,3,1,2,-0.6,32,0.0,0.5
2023-05-03,2022-23,SerieA,Juventus,Lecce,3,3,1,2,-0.7,32,5,3,1,2,-0.1,32,-2.0,1.0
2023-05-03,2022-23,SerieA,Atalanta,Spezia,4,3,1,2,-0.25,32,5,3,1,2,-0.15,32,-1.0,1.0
2023-05-03,2022-23,LaLiga,Valencia,Villarreal,3,4,2,3,-0.8,32,3,4,2,3,-0.8,32,0.0,0.5
2023-05-03,2022-23,LaLiga,Ath Madrid,Cadiz,3,4,1,3,-0.8,32,3,4,1,3,-0.8,32,0.0,1.0
2023-05-03,2022-23,SerieA,Verona,Inter,3,3,1,2,-0.6,32,3,3,1,2,-0.6,32,0.0,0.0
2023-05-03,2022-23,Ligue1,Brest,Nantes,10,2,0,1,0.0,32,10,2,0,1,0.0,32,0.0,1.0
2023-05-04,2022-23,SerieA,Udinese,Napoli,6,3,1,2,-0.1,32,4,3,1,2,-0.3,32,2.0,0.5
2023-05-04,2022-23,LaLiga,Vallecano,Valladolid,5,4,1,3,-0.35,32,4,4,1,3,-0.45,32,1.0,1.0
2023-05-04,2022-23,SerieA,Empoli,Bologna,4,3,1,2,-0.2,32,4,3,1,2,-0.2,32,0.0,1.0
2023-05-04,2022-23,LaLiga,Sevilla,Espanol,3,4,1,3,-0.85,32,4,4,1,3,-0.35,32,-1.0,1.0
2023-05-04,2022-23,LaLiga,Girona,Mallorca,3,4,1,3,-0.8,32,3,4,1,3,-0.8,32,0.0,1.0
2023-05-04,2022-23,EPL,Brighton,Man United,5,3,1,2,-0.15,31,4,3,1,2,-0.25,32,1.0,1.0
2023-05-04,2022-23,LaLiga,Ath Bilbao,Betis,3,4,1,3,-0.9,32,5,4,1,3,-0.3,32,-2.0,0.0
2023-05-05,2022-23,Bundesliga,Leverkusen,FC Koln,6,3,1,2,-0.2,30,6,3,1,2,-0.2,30,0.0,0.0
2023-05-05,2022-23,Bundesliga,Mainz,Schalke 04,5,3,1,2,-0.25,30,6,2,1,2,0.05,30,-1.0,0.0
2023-05-06,2022-23,Bundesliga,Werder Bremen,Bayern Munich,7,3,0,1,-0.15,30,6,2,1,1,-0.05,30,1.0,0.0
2023-05-06,2022-23,SerieA,Milan,Lazio,3,3,1,3,-0.6,33,3,3,2,2,-0.6,33,0.0,1.0
2023-05-06,2022-23,Bundesliga,M'gladbach,Bochum,7,2,0,2,-0.05,30,8,3,0,1,-0.15,30,-1.0,1.0
2023-05-06,2022-23,SerieA,Roma,Inter,3,4,1,3,-0.8,33,3,3,2,3,-0.6,33,0.0,0.0
2023-05-06,2022-23,Ligue1,Lens,Marseille,4,2,1,1,-0.1,33,6,3,1,2,-0.1,33,-2.0,1.0
2023-05-06,2022-23,Bundesliga,Hertha,Stuttgart,6,2,1,1,-0.05,30,7,2,0,1,0.05,30,-1.0,1.0
2023-05-06,2022-23,Bundesliga,Freiburg,RB Leipzig,7,3,0,2,-0.2,30,7,2,0,2,0.0,30,0.0,0.0
2023-05-06,2022-23,Bundesliga,Augsburg,Union Berlin,7,2,0,1,0.0,30,7,3,0,2,-0.2,30,0.0,1.0
2023-05-06,2022-23,Ligue1,Nice,Rennes,6,3,1,2,-0.2,33,6,2,1,2,0.0,33,0.0,1.0
2023-05-06,2022-23,SerieA,Cremonese,Spezia,3,3,2,3,-0.6,33,3,3,1,2,-0.6,33,0.0,1.0
2023-05-06,2022-23,EPL,Liverpool,Brentford,3,5,2,3,-1.2,34,7,3,0,2,0.0,34,-4.0,1.0
2023-05-06,2022-23,EPL,Wolves,Aston Villa,7,3,0,2,-0.15,34,6,3,1,2,-0.25,34,1.0,1.0
2023-05-06,2022-23,EPL,Tottenham,Crystal Palace,6,3,1,3,-0.25,34,7,3,0,2,-0.15,34,-1.0,1.0
2023-05-06,2022-23,EPL,Man City,Leeds,3,3,2,3,-0.75,33,6,4,1,2,-0.25,34,-3.0,1.0
2023-05-06,2022-23,EPL,Bournemouth,Chelsea,6,3,1,3,-0.1,34,4,2,1,2,-0.1,33,2.0,0.0
2023-05-06,2022-23,Bundesliga,Hoffenheim,Ein Frankfurt,7,2,0,1,0.0,30,7,2,0,1,0.0,30,0.0,1.0
2023-05-06,2022-23,Ligue1,Reims,Lille,6,2,1,2,-0.05,33,7,3,0,1,-0.15,33,-1.0,1.0
2023-05-07,2022-23,Bundesliga,Dortmund,Wolfsburg,9,2,0,1,0.1,30,7,2,0,1,-0.1,30,2.0,1.0
2023-05-07,2022-23,SerieA,Lecce,Verona,4,3,1,2,-0.2,33,4,3,1,2,-0.2,33,0.0,0.0
2023-05-07,2022-23,SerieA,Atalanta,Juventus,4,4,1,3,-0.4,33,4,3,1,2,-0.2,33,0.0,0.0
2023-05-07,2022-23,SerieA,Napoli,Fiorentina,3,3,1,2,-0.65,33,4,4,1,2,-0.35,33,-1.0,1.0
2023-05-07,2022-23,Ligue1,Troyes,Paris SG,7,2,0,1,0.0,33,7,2,0,1,0.0,33,0.0,0.0
2023-05-07,2022-23,EPL,Newcastle,Arsenal,7,3,0,2,-0.1,33,5,3,1,2,-0.3,34,2.0,0.0
2023-05-07,2022-23,EPL,West Ham,Man United,4,4,1,3,-0.35,34,3,3,1,3,-0.65,33,1.0,1.0
2023-05-07,2022-23,Ligue1,Angers,Monaco,7,2,0,1,0.0,33,7,2,0,1,0.0,33,0.0,0.0
2023-05-07,2022-23,Ligue1,Ajaccio,Toulouse,8,2,0,1,0.15,33,5,2,1,1,-0.15,33,3.0,0.5
2023-05-07,2022-23,Ligue1,Auxerre,Clermont,7,2,0,1,0.0,33,7,2,0,1,0.0,33,0.0,0.5
2023-05-07,2022-23,SerieA,Torino,Monza,4,3,1,2,-0.2,33,4,3,1,2,-0.2,33,0.0,0.5
2023-05-07,2022-23,Ligue1,Nantes,Strasbourg,4,2,1,1,-0.25,33,9,2,0,1,0.25,33,-5.0,0.0
2023-05-07,2022-23,Ligue1,Lorient,Brest,7,2,0,1,0.15,33,4,2,1,1,-0.15,33,3.0,1.0
2023-05-07,2022-23,Ligue1,Lyon,Montpellier,9,2,0,1,0.1,33,7,2,0,1,-0.1,33,2.0,1.0
2023-05-08,2022-23,SerieA,Empoli,Salernitana,4,3,1,2,-0.25,33,5,3,1,2,-0.15,33,-1.0,1.0
2023-05-08,2022-23,SerieA,Udinese,Sampdoria,4,3,1,2,-0.25,33,5,3,1,2,-0.15,33,-1.0,1.0
2023-05-08,2022-23,SerieA,Sassuolo,Bologna,5,3,1,2,-0.15,33,4,3,1,2,-0.25,33,1.0,0.5
2023-05-08,2022-23,EPL,Nott'm Forest,Southampton,9,3,0,2,-0.15,34,8,3,0,2,-0.25,34,1.0,1.0
2023-05-08,2022-23,EPL,Brighton,Everton,4,3,1,3,-0.35,32,7,3,0,2,-0.05,34,-3.0,0.0
2023-05-08,2022-23,EPL,Fulham,Leicester,5,4,1,3,-0.5,34,7,3,0,2,-0.1,34,-2.0,1.0
2023-05-12,2022-23,Bundesliga,FC Koln,Hertha,7,3,0,2,-0.15,31,6,3,1,2,-0.25,31,1.0,1.0
2023-05-12,2022-23,SerieA,Lazio,Lecce,6,4,1,3,-0.35,34,5,4,1,2,-0.45,34,1.0,0.5
2023-05-12,2022-23,LaLiga,Mallorca,Cadiz,8,4,0,2,-0.45,33,9,3,0,2,-0.15,33,-1.0,1.0
2023-05-12,2022-23,Ligue1,Lens,Reims,6,3,1,2,-0.2,34,6,3,1,2,-0.2,34,0.0,1.0
2023-05-13,2022-23,SerieA,Salernitana,Atalanta,5,3,1,3,-0.25,34,6,4,1,2,-0.35,34,-1.0,1.0
2023-05-13,2022-23,SerieA,Spezia,Milan,7,3,0,2,-0.2,34,7,4,0,2,-0.4,34,0.0,1.0
2023-05-13,2022-23,Ligue1,Paris SG,Ajaccio,6,2,1,2,0.0,34,6,3,1,1,-0.2,34,0.0,1.0
2023-05-13,2022-23,Ligue1,Strasbourg,Nice,6,3,1,1,-0.25,34,7,3,0,2,-0.15,34,-1.0,1.0
2023-05-13,2022-23,SerieA,Inter,Sassuolo,7,4,0,3,-0.3,34,5,3,1,3,-0.3,34,2.0,1.0
2023-05-13,2022-23,Bundesliga,Bochum,Augsburg,7,2,0,1,0.0,31,7,2,0,1,0.0,31,0.0,1.0
2023-05-13,2022-23,LaLiga,Sociedad,Girona,11,3,0,1,-0.1,33,9,3,0,2,-0.3,33,2.0,0.5
2023-05-13,2022-23,LaLiga,Osasuna,Almeria,11,3,0,1,-0.2,33,11,3,0,1,-0.2,33,0.0,1.0
2023-05-13,2022-23,LaLiga,Villarreal,Ath Bilbao,10,4,0,2,-0.35,33,9,3,0,2,-0.25,33,1.0,1.0
2023-05-13,2022-23,LaLiga,Real Madrid,Getafe,11,3,0,1,-0.15,33,10,4,0,2,-0.45,33,1.0,1.0
2023-05-13,2022-23,EPL,Leeds,Newcastle,7,3,0,2,-0.15,35,6,4,1,2,-0.45,34,1.0,0.5
2023-05-13,2022-23,EPL,Aston Villa,Tottenham,7,3,0,2,-0.2,35,7,4,0,2,-0.4,35,0.0,1.0
2023-05-13,2022-23,EPL,Chelsea,Nott'm Forest,7,3,0,2,-0.1,34,5,3,1,1,-0.3,35,2.0,0.5
2023-05-13,2022-23,EPL,Crystal Palace,Bournemouth,7,3,0,1,-0.2,35,7,4,0,2,-0.4,35,0.0,1.0
2023-05-13,2022-23,EPL,Man United,Wolves,6,4,1,3,-0.45,34,7,3,0,1,-0.15,35,-1.0,1.0
2023-05-13,2022-23,Bundesliga,Bayern Munich,Schalke 04,7,2,0,2,-0.05,31,8,3,0,1,-0.15,31,-1.0,1.0
2023-05-13,2022-23,EPL,Southampton,Fulham,5,3,1,2,-0.2,35,5,4,1,3,-0.4,35,0.0,0.0
2023-05-13,2022-23,Bundesliga,Dortmund,M'gladbach,6,2,1,1,-0.05,31,7,3,0,1,-0.15,31,-1.0,1.0
2023-05-13,2022-23,Bundesliga,Wolfsburg,Hoffenheim,6,2,1,2,-0.05,31,7,2,0,1,0.05,31,-1.0,1.0
2023-05-13,2022-23,Bundesliga,Union Berlin,Freiburg,7,3,0,1,-0.2,31,7,3,0,1,-0.2,31,0.0,1.0
2023-05-13,2022-23,Bundesliga,Ein Frankfurt,Mainz,7,2,0,1,-0.05,31,8,2,0,2,0.05,31,-1.0,1.0
2023-05-14,2022-23,EPL,Everton,Man City,6,3,1,2,-0.3,35,8,4,0,2,-0.3,34,-2.0,0.0
2023-05-14,2022-23,EPL,Arsenal,Brighton,7,3,0,2,-0.15,35,6,4,1,2,-0.45,33,1.0,0.0
2023-05-14,2022-23,SerieA,Verona,Torino,7,3,0,2,-0.2,34,7,3,0,2,-0.2,34,0.0,0.0
2023-05-14,2022-23,Bundesliga,RB Leipzig,Werder Bremen,8,2,0,1,0.0,31,8,2,0,1,0.0,31,0.0,1.0
2023-05-14,2022-23,Bundesliga,Stuttgart,Leverkusen,8,2,0,1,-0.05,31,9,2,0,1,0.05,31,-1.0,0.5
2023-05-14,2022-23,EPL,Brentford,West Ham,8,3,0,1,-0.15,35,7,4,0,2,-0.45,35,1.0,1.0
2023-05-14,2022-23,SerieA,Fiorentina,Udinese,7,3,0,2,-0.15,34,6,3,1,2,-0.25,34,1.0,1.0
2023-05-14,2022-23,Ligue1,Marseille,Angers,8,2,0,1,0.05,34,7,2,0,1,-0.05,34,1.0,1.0
2023-05-14,2022-23,SerieA,Bologna,Roma,6,3,1,2,-0.3,34,8,4,0,2,-0.3,34,-2.0,0.5
2023-05-14,2022-23,SerieA,Monza,Napoli,7,3,0,2,-0.2,34,7,3,0,2,-0.2,34,0.0,1.0
2023-05-14,2022-23,LaLiga,Valladolid,Sevilla,10,3,0,1,-0.2,33,10,3,0,2,-0.2,33,0.0,0.0
2023-05-14,2022-23,LaLiga,Elche,Ath Madrid,12,3,0,1,-0.15,33,11,3,0,1,-0.25,33,1.0,1.0
2023-05-14,2022-23,LaLiga,Celta,Valencia,11,3,0,1,-0.2,33,11,3,0,1,-0.2,33,0.0,0.0
2023-05-14,2022-23,Ligue1,Monaco,Lille,7,2,0,1,-0.05,34,8,2,0,1,0.05,34,-1.0,0.5
2023-05-14,2022-23,Ligue1,Toulouse,Nantes,7,2,0,2,0.0,34,7,2,0,2,0.0,34,0.0,0.5
2023-05-14,2022-23,LaLiga,Espanol,Barcelona,10,3,0,1,-0.3,33,12,3,0,1,-0.1,33,-2.0,0.0
2023-05-14,2022-23,Ligue1,Montpellier,Lorient,7,2,0,1,0.0,34,7,2,0,1,0.0,34,0.0,0.5
2023-05-14,2022-23,Ligue1,Clermont,Lyon,7,2,0,1,0.0,34,7,2,0,1,0.0,34,0.0,1.0
2023-05-14,2022-23,SerieA,Juventus,Cremonese,7,3,0,2,-0.25,34,8,3,0,2,-0.15,34,-1.0,1.0
2023-05-14,2022-23,Ligue1,Rennes,Troyes,8,2,0,1,0.05,34,7,2,0,1,-0.05,34,1.0,1.0
2023-05-14,2022-23,Ligue1,Brest,Auxerre,7,2,0,2,0.0,34,7,2,0,1,0.0,34,0.0,1.0
2023-05-15,2022-23,SerieA,Sampdoria,Empoli,7,3,0,2,-0.2,34,7,3,0,2,-0.2,34,0.0,0.5
2023-05-15,2022-23,EPL,Leicester,Liverpool,7,3,0,1,-0.3,35,9,4,0,2,-0.3,35,-2.0,0.0
2023-05-15,2022-23,LaLiga,Betis,Vallecano,11,3,0,1,-0.2,33,11,3,0,1,-0.2,33,0.0,1.0
2023-05-18,2022-23,EPL,Newcastle,Brighton,5,3,1,2,-0.15,35,4,4,1,2,-0.45,34,1.0,1.0
2023-05-19,2022-23,Ligue1,Lyon,Monaco,5,2,1,2,0.0,35,5,3,1,2,-0.2,35,0.0,1.0
2023-05-19,2022-23,Bundesliga,Freiburg,Wolfsburg,6,3,1,2,-0.2,32,6,3,1,2,-0.2,32,0.0,1.0
2023-05-19,2022-23,SerieA,Sassuolo,Monza,6,4,1,2,-0.35,35,5,3,1,2,-0.25,35,1.0,0.0
2023-05-19,2022-23,LaLiga,Cadiz,Valladolid,7,3,0,1,-0.1,34,5,3,1,1,-0.3,34,2.0,1.0
2023-05-20,2022-23,EPL,Wolves,Everton,7,2,0,1,0.05,36,6,3,1,2,-0.25,36,1.0,0.5
2023-05-20,2022-23,Bundesliga,Werder Bremen,FC Koln,6,2,1,1,-0.1,32,8,2,0,1,0.1,32,-2.0,0.5
2023-05-20,2022-23,Bundesliga,Bayern Munich,RB Leipzig,7,3,0,1,-0.15,32,6,2,1,1,-0.05,32,1.0,0.0
2023-05-20,2022-23,LaLiga,Almeria,Mallorca,7,2,0,1,-0.05,34,8,3,0,1,-0.15,34,-1.0,1.0
2023-05-20,2022-23,LaLiga,Ath Bilbao,Celta,7,3,0,1,-0.15,34,6,3,1,1,-0.25,34,1.0,1.0
2023-05-20,2022-23,EPL,Nott'm Forest,Arsenal,7,2,0,2,0.05,36,6,3,1,2,-0.25,36,1.0,1.0
2023-05-20,2022-23,LaLiga,Getafe,Elche,7,3,0,1,-0.15,34,6,2,1,1,-0.05,34,1.0,0.5
2023-05-20,2022-23,EPL,Tottenham,Brentford,7,3,0,1,-0.15,36,6,2,1,1,-0.05,36,1.0,0.0
2023-05-20,2022-23,EPL,Bournemouth,Man United,7,3,0,1,-0.2,36,7,4,0,2,-0.4,35,0.0,0.0
2023-05-20,2022-23,EPL,Fulham,Crystal Palace,7,4,0,2,-0.4,36,7,2,0,1,0.0,36,0.0,0.5
2023-05-20,2022-23,EPL,Liverpool,Aston Villa,5,4,1,1,-0.5,36,7,3,0,1,-0.1,36,-2.0,0.5
2023-05-20,2022-23,LaLiga,Girona,Villarreal,7,3,0,1,-0.2,34,7,3,0,1,-0.2,34,0.0,0.0
2023-05-20,2022-23,LaLiga,Barcelona,Sociedad,6,2,1,1,-0.05,34,7,2,0,1,0.05,34,-1.0,0.0
2023-05-20,2022-23,Bundesliga,Schalke 04,Ein Frankfurt,7,2,0,1,0.0,32,7,2,0,1,0.0,32,0.0,0.5
2023-05-20,2022-23,Bundesliga,Hertha,Bochum,8,3,0,1,-0.15,32,7,2,0,1,-0.05,32,1.0,0.5
2023-05-20,2022-23,Ligue1,Nantes,Montpellier,6,3,1,2,-0.2,35,6,3,1,2,-0.2,35,0.0,0.0
2023-05-20,2022-23,SerieA,Cremonese,Bologna,6,4,1,1,-0.4,35,6,4,1,2,-0.4,35,0.0,0.0
2023-05-20,2022-23,SerieA,Atalanta,Verona,7,3,0,2,-0.15,35,6,4,1,2,-0.45,35,1.0,1.0
2023-05-20,2022-23,SerieA,Milan,Sampdoria,7,3,0,1,-0.1,35,5,4,1,2,-0.5,35,2.0,1.0
2023-05-20,2022-23,Ligue1,Lille,Marseille,6,2,1,1,0.0,35,6,3,1,1,-0.2,35,0.0,1.0
2023-05-20,2022-23,Bundesliga,Hoffenheim,Union Berlin,7,2,0,1,0.0,32,7,2,0,1,0.0,32,0.0,1.0
2023-05-21,2022-23,EPL,West Ham,Leeds,7,3,0,1,-0.25,36,8,2,0,1,0.05,36,-1.0,1.0
2023-05-21,2022-23,LaLiga,Ath Madrid,Osasuna,7,2,0,1,-0.05,34,8,2,0,1,0.05,34,-1.0,1.0
2023-05-21,2022-23,LaLiga,Valencia,Real Madrid,7,2,0,1,-0.05,34,8,2,0,1,0.05,34,-1.0,1.0
2023-05-21,2022-23,LaLiga,Sevilla,Betis,7,3,0,1,-0.15,34,6,2,1,1,-0.05,34,1.0,0.5
2023-05-21,2022-23,Ligue1,Ajaccio,Rennes,8,2,0,1,0.05,35,7,2,0,1,-0.05,35,1.0,0.0
2023-05-21,2022-23,Ligue1,Brest,Clermont,7,3,0,1,-0.2,35,7,2,0,1,0.0,35,0.0,1.0
2023-05-21,2022-23,Ligue1,Nice,Toulouse,8,2,0,1,0.05,35,7,3,0,1,-0.25,35,1.0,0.5
2023-05-21,2022-23,Ligue1,Reims,Angers,9,2,0,1,0.1,35,7,2,0,1,-0.1,35,2.0,0.5
2023-05-21,2022-23,Ligue1,Troyes,Strasbourg,7,2,0,1,-0.05,35,8,2,0,1,0.05,35,-1.0,0.5
2023-05-21,2022-23,LaLiga,Vallecano,Espanol,6,2,1,1,-0.05,34,7,2,0,1,0.05,34,-1.0,0.0
2023-05-21,2022-23,Ligue1,Auxerre,Paris SG,7,2,0,1,-0.05,35,8,2,0,1,0.05,35,-1.0,0.0
2023-05-21,2022-23,SerieA,Udinese,Lazio,7,3,0,2,-0.3,35,9,3,0,1,-0.1,35,-2.0,0.0
2023-05-21,2022-23,SerieA,Napoli,Inter,7,3,0,1,-0.25,35,8,3,0,1,-0.15,35,-1.0,1.0
2023-05-21,2022-23,SerieA,Torino,Fiorentina,7,3,0,1,-0.2,35,7,3,0,1,-0.2,35,0.0,0.5
2023-05-21,2022-23,SerieA,Lecce,Spezia,9,3,0,1,-0.15,35,8,3,0,1,-0.25,35,1.0,0.5
2023-05-21,2022-23,Bundesliga,Leverkusen,M'gladbach,7,2,0,1,-0.05,32,8,2,0,1,0.05,32,-1.0,0.5
2023-05-21,2022-23,Bundesliga,Augsburg,Dortmund,8,2,0,1,0.0,32,8,2,0,1,0.0,32,0.0,0.0
2023-05-21,2022-23,Bundesliga,Mainz,Stuttgart,8,2,0,1,0.05,32,7,2,0,1,-0.05,32,1.0,0.0
2023-05-21,2022-23,EPL,Brighton,Southampton,3,4,1,3,-1.05,35,8,2,0,2,0.25,36,-5.0,1.0
2023-05-21,2022-23,Ligue1,Lorient,Lens,7,2,0,1,-0.1,35,9,3,0,1,-0.1,35,-2.0,0.0
2023-05-21,2022-23,EPL,Man City,Chelsea,7,3,0,1,-0.25,35,8,3,0,1,-0.15,35,-1.0,1.0
2023-05-22,2022-23,SerieA,Roma,Salernitana,8,3,0,1,-0.25,35,9,3,0,1,-0.15,35,-1.0,0.5
2023-05-22,2022-23,SerieA,Empoli,Juventus,7,3,0,1,-0.25,35,8,3,0,1,-0.15,35,-1.0,1.0
2023-05-22,2022-23,EPL,Newcastle,Leicester,4,3,1,2,-0.35,36,7,2,0,1,0.15,36,-3.0,0.5
2023-05-23,2022-23,LaLiga,Celta,Girona,3,3,1,2,-0.6,35,3,3,1,2,-0.6,35,0.0,0.5
2023-05-23,2022-23,LaLiga,Sociedad,Almeria,3,2,1,2,-0.4,35,3,2,1,2,-0.4,35,0.0,1.0
2023-05-23,2022-23,LaLiga,Valladolid,Barcelona,4,3,1,2,-0.15,35,3,2,1,2,-0.45,35,1.0,1.0
2023-05-24,2022-23,EPL,Brighton,Man City,3,5,2,3,-1.0,36,3,3,1,2,-0.6,36,0.0,0.5
2023-05-24,2022-23,LaLiga,Elche,Sevilla,4,2,1,2,0.05,35,3,3,1,2,-0.65,35,1.0,0.5
2023-05-24,2022-23,LaLiga,Real Madrid,Vallecano,3,2,1,2,-0.4,35,3,3,1,2,-0.6,35,0.0,1.0
2023-05-24,2022-23,LaLiga,Villarreal,Cadiz,4,2,1,2,-0.05,35,5,2,1,2,0.05,35,-1.0,1.0
2023-05-24,2022-23,LaLiga,Betis,Getafe,3,3,1,2,-0.65,35,4,2,1,2,0.05,35,-1.0,0.0
2023-05-24,2022-23,LaLiga,Espanol,Ath Madrid,3,3,1,2,-0.6,35,3,2,1,2,-0.4,35,0.0,0.5
2023-05-25,2022-23,LaLiga,Osasuna,Ath Bilbao,4,2,1,2,-0.05,35,5,2,1,2,0.05,35,-1.0,1.0
2023-05-25,2022-23,LaLiga,Mallorca,Valencia,5,2,1,2,0.05,35,4,2,1,2,-0.05,35,1.0,1.0
2023-05-25,2022-23,EPL,Man United,Chelsea,5,3,1,2,-0.15,36,4,3,1,2,-0.25,36,1.0,1.0
2023-05-26,2022-23,SerieA,Sampdoria,Sassuolo,6,3,1,2,-0.25,36,7,3,0,2,-0.15,36,-1.0,0.5
2023-05-27,2022-23,Bundesliga,RB Leipzig,Schalke 04,7,2,0,2,0.0,33,7,2,0,1,0.0,33,0.0,1.0
2023-05-27,2022-23,Ligue1,Angers,Troyes,6,3,1,2,-0.2,36,6,3,1,2,-0.2,36,0.0,1.0
2023-05-27,2022-23,Ligue1,Clermont,Lorient,6,3,1,2,-0.2,36,6,3,1,2,-0.2,36,0.0,1.0
2023-05-27,2022-23,Ligue1,Lens,Ajaccio,6,2,1,1,0.0,36,6,3,1,1,-0.2,36,0.0,1.0
2023-05-27,2022-23,Ligue1,Lille,Nantes,7,2,0,2,0.0,36,7,3,0,2,-0.2,36,0.0,1.0
2023-05-27,2022-23,Ligue1,Lyon,Reims,8,3,0,2,-0.1,36,6,2,1,1,-0.1,36,2.0,1.0
2023-05-27,2022-23,Ligue1,Marseille,Brest,7,2,0,2,0.05,36,6,3,1,2,-0.25,36,1.0,0.0
2023-05-27,2022-23,Ligue1,Montpellier,Nice,7,3,0,2,-0.15,36,6,2,1,1,-0.05,36,1.0,0.0
2023-05-27,2022-23,Ligue1,Rennes,Monaco,6,2,1,2,-0.1,36,8,3,0,2,-0.1,36,-2.0,1.0
2023-05-27,2022-23,Ligue1,Strasbourg,Paris SG,6,3,1,1,-0.2,36,6,3,1,1,-0.2,36,0.0,0.5
2023-05-27,2022-23,Ligue1,Toulouse,Auxerre,6,3,1,2,-0.2,36,6,3,1,2,-0.2,36,0.0,0.5
2023-05-27,2022-23,LaLiga,Sevilla,Real Madrid,3,3,2,3,-0.6,36,3,3,2,2,-0.6,36,0.0,0.0
2023-05-27,2022-23,Bundesliga,Bochum,Leverkusen,7,2,0,1,0.05,33,6,2,1,2,-0.05,33,1.0,1.0
2023-05-27,2022-23,Bundesliga,Wolfsburg,Hertha,8,3,0,1,-0.15,33,7,2,0,1,-0.05,33,1.0,0.0
2023-05-27,2022-23,Bundesliga,Ein Frankfurt,Freiburg,7,2,0,1,-0.05,33,8,2,0,1,0.05,33,-1.0,1.0
2023-05-27,2022-23,Bundesliga,FC Koln,Bayern Munich,7,2,0,1,0.0,33,7,2,0,1,0.0,33,0.0,0.0
2023-05-27,2022-23,Bundesliga,M'gladbach,Augsburg,6,2,1,1,0.0,33,6,2,1,1,0.0,33,0.0,1.0
2023-05-27,2022-23,Bundesliga,Stuttgart,Hoffenheim,6,2,1,2,-0.05,33,7,2,0,1,0.05,33,-1.0,0.5
2023-05-27,2022-23,Bundesliga,Dortmund,Mainz,6,3,1,1,-0.2,33,6,2,1,1,0.0,33,0.0,0.5
2023-05-27,2022-23,Bundesliga,Union Berlin,Werder Bremen,7,2,0,1,0.0,33,7,2,0,2,0.0,33,0.0,1.0
2023-05-27,2022-23,SerieA,Salernitana,Udinese,5,3,1,1,-0.25,36,6,3,1,2,-0.15,36,-1.0,1.0
2023-05-27,2022-23,SerieA,Spezia,Torino,6,2,1,1,0.0,36,6,3,1,2,-0.2,36,0.0,0.0
2023-05-27,2022-23,SerieA,Fiorentina,Roma,6,3,1,2,-0.15,36,5,2,1,2,-0.05,36,1.0,1.0
2023-05-27,2022-23,SerieA,Inter,Atalanta,6,2,1,1,-0.05,36,7,3,0,1,-0.15,36,-1.0,1.0
2023-05-28,2022-23,EPL,Aston Villa,Brighton,8,2,0,1,0.2,37,4,5,1,3,-0.8,37,4.0,1.0
2023-05-28,2022-23,LaLiga,Ath Madrid,Sociedad,4,3,1,2,-0.25,36,5,3,1,2,-0.15,36,-1.0,1.0
2023-05-28,2022-23,LaLiga,Barcelona,Mallorca,5,3,1,2,-0.1,36,3,3,1,2,-0.7,36,2.0,1.0
2023-05-28,2022-23,LaLiga,Cadiz,Celta,4,3,1,2,-0.25,36,5,3,1,2,-0.15,36,-1.0,1.0
2023-05-28,2022-23,LaLiga,Getafe,Osasuna,4,3,1,2,-0.15,36,3,3,1,2,-0.65,36,1.0,1.0
2023-05-28,2022-23,LaLiga,Girona,Betis,5,3,1,2,-0.15,36,4,3,1,3,-0.25,36,1.0,0.0
2023-05-28,2022-23,LaLiga,Valencia,Espanol,3,3,1,2,-0.65,36,4,3,1,2,-0.15,36,-1.0,0.5
2023-05-28,2022-23,LaLiga,Vallecano,Villarreal,4,3,1,3,-0.2,36,4,3,1,2,-0.2,36,0.0,1.0
2023-05-28,2022-23,EPL,Arsenal,Wolves,8,2,0,1,0.0,37,8,2,0,1,0.0,37,0.0,1.0
2023-05-28,2022-23,LaLiga,Ath Bilbao,Elche,3,3,1,2,-0.65,36,4,3,1,2,-0.15,36,-1.0,0.0
2023-05-28,2022-23,SerieA,Lazio,Cremonese,7,2,0,1,-0.05,36,8,2,0,1,0.05,36,-1.0,1.0
2023-05-28,2022-23,SerieA,Monza,Lecce,9,2,0,1,0.1,36,7,2,0,1,-0.1,36,2.0,0.0
2023-05-28,2022-23,SerieA,Juventus,Milan,6,2,1,1,-0.1,36,8,2,0,1,0.1,36,-2.0,0.0
2023-05-28,2022-23,SerieA,Verona,Empoli,8,2,0,1,0.1,36,6,3,1,2,-0.3,36,2.0,0.5
2023-05-28,2022-23,EPL,Brentford,Man City,8,2,0,1,0.2,37,4,3,1,2,-0.4,37,4.0,1.0
2023-05-28,2022-23,EPL,Chelsea,Newcastle,3,3,1,2,-0.75,37,6,3,1,2,-0.05,37,-3.0,0.5
2023-05-28,2022-23,EPL,Crystal Palace,Nott'm Forest,8,2,0,1,0.0,37,8,3,0,1,-0.2,37,0.0,0.5
2023-05-28,2022-23,EPL,Everton,Bournemouth,8,3,0,1,-0.2,37,8,2,0,1,0.0,37,0.0,1.0
2023-05-28,2022-23,EPL,Leeds,Tottenham,7,2,0,1,-0.05,37,8,2,0,1,0.05,37,-1.0,0.0
2023-05-28,2022-23,EPL,Leicester,West Ham,6,3,1,2,-0.25,37,7,2,0,1,0.05,37,-1.0,1.0
2023-05-28,2022-23,EPL,Man United,Fulham,3,3,1,2,-0.85,37,8,3,0,1,0.05,37,-5.0,1.0
2023-05-28,2022-23,SerieA,Bologna,Napoli,8,3,0,1,-0.15,36,7,2,0,1,-0.05,36,1.0,0.5
2023-05-28,2022-23,EPL,Southampton,Liverpool,7,3,0,1,-0.25,37,8,2,0,2,0.05,37,-1.0,0.5
2023-05-28,2022-23,LaLiga,Almeria,Valladolid,5,3,1,2,-0.2,36,5,3,1,2,-0.2,36,0.0,0.5
2023-06-02,2022-23,SerieA,Sassuolo,Fiorentina,7,3,0,1,-0.15,37,6,3,1,2,-0.25,37,1.0,0.0
2023-06-03,2022-23,Ligue1,Reims,Montpellier,7,2,0,2,0.0,37,7,3,0,1,-0.2,37,0.0,0.0
2023-06-03,2022-23,Ligue1,Paris SG,Clermont,7,2,0,2,0.0,37,7,3,0,2,-0.2,37,0.0,0.0
2023-06-03,2022-23,Ligue1,Auxerre,Lens,7,3,0,2,-0.2,37,7,2,0,2,0.0,37,0.0,0.0
2023-06-03,2022-23,Ligue1,Nice,Lyon,7,2,0,2,0.0,37,7,3,0,1,-0.2,37,0.0,1.0
2023-06-03,2022-23,Ligue1,Nantes,Angers,7,3,0,1,-0.2,37,7,3,0,2,-0.2,37,0.0,1.0
2023-06-03,2022-23,Ligue1,Monaco,Toulouse,7,3,0,1,-0.2,37,7,3,0,2,-0.2,37,0.0,0.0
2023-06-03,2022-23,Ligue1,Lorient,Strasbourg,7,3,0,2,-0.2,37,7,2,0,2,0.0,37,0.0,1.0
2023-06-03,2022-23,Ligue1,Brest,Rennes,7,3,0,2,-0.2,37,7,3,0,2,-0.2,37,0.0,0.0
2023-06-03,2022-23,Ligue1,Troyes,Lille,7,3,0,2,-0.2,37,7,3,0,1,-0.2,37,0.0,0.5
2023-06-03,2022-23,Ligue1,Ajaccio,Marseille,7,2,0,2,0.0,37,7,3,0,1,-0.2,37,0.0,1.0
2023-06-03,2022-23,SerieA,Torino,Inter,7,3,0,2,-0.2,37,7,2,0,2,0.0,37,0.0,0.0
2023-06-03,2022-23,SerieA,Cremonese,Salernitana,6,3,1,1,-0.25,37,7,2,0,2,0.05,37,-1.0,1.0
2023-06-03,2022-23,SerieA,Empoli,Lazio,6,3,1,2,-0.2,37,6,2,1,2,0.0,37,0.0,0.0
2023-06-04,2022-23,LaLiga,Mallorca,Vallecano,7,3,0,2,-0.2,37,7,4,0,2,-0.4,37,0.0,1.0
2023-06-04,2022-23,LaLiga,Valladolid,Getafe,7,3,0,2,-0.2,37,7,3,0,2,-0.2,37,0.0,0.5
2023-06-04,2022-23,LaLiga,Espanol,Almeria,7,3,0,2,-0.2,37,7,3,0,2,-0.2,37,0.0,0.5
2023-06-04,2022-23,SerieA,Udinese,Juventus,8,2,0,1,0.05,37,7,2,0,2,-0.05,37,1.0,0.0
2023-06-04,2022-23,LaLiga,Elche,Cadiz,7,3,0,2,-0.2,37,7,3,0,2,-0.2,37,0.0,0.5
2023-06-04,2022-23,LaLiga,Celta,Barcelona,7,3,0,2,-0.2,37,7,3,0,2,-0.2,37,0.0,1.0
2023-06-04,2022-23,LaLiga,Betis,Valencia,7,4,0,2,-0.4,37,7,3,0,2,-0.2,37,0.0,0.5
2023-06-04,2022-23,LaLiga,Villarreal,Ath Madrid,7,3,0,2,-0.2,37,7,3,0,2,-0.2,37,0.0,0.5
2023-06-04,2022-23,LaLiga,Sociedad,Sevilla,7,3,0,2,-0.25,37,8,3,0,2,-0.15,37,-1.0,1.0
2023-06-04,2022-23,LaLiga,Real Madrid,Ath Bilbao,8,3,0,2,-0.15,37,7,3,0,2,-0.25,37,1.0,0.5
2023-06-04,2022-23,LaLiga,Osasuna,Girona,7,3,0,2,-0.2,37,7,3,0,2,-0.2,37,0.0,1.0
2023-06-04,2022-23,SerieA,Milan,Verona,7,2,0,1,0.0,37,7,2,0,1,0.0,37,0.0,1.0
2023-06-04,2022-23,SerieA,Lecce,Bologna,7,2,0,1,0.0,37,7,2,0,1,0.0,37,0.0,0.0
2023-06-04,2022-23,SerieA,Atalanta,Monza,8,2,0,1,0.05,37,7,2,0,1,-0.05,37,1.0,1.0
2023-06-04,2022-23,SerieA,Napoli,Sampdoria,7,2,0,1,-0.1,37,9,3,0,1,-0.1,37,-2.0,1.0
2023-06-04,2022-23,SerieA,Roma,Spezia,8,2,0,2,0.0,37,8,2,0,1,0.0,37,0.0,1.0
2023-08-11,2023-24,LaLiga,Almeria,Vallecano,68,0,0,0,0.0,0,68,0,0,0,0.0,0,0.0,0.0
2023-08-11,2023-24,Ligue1,Nice,Lille,69,0,0,0,0.0,0,69,0,0,0,0.0,0,0.0,0.5
2023-08-11,2023-24,EPL,Burnley,Man City,446,0,0,0,0.5,0,75,0,0,0,-0.5,0,10.0,0.0
2023-08-11,2023-24,LaLiga,Sevilla,Valencia,68,0,0,0,0.0,0,68,0,0,0,0.0,0,0.0,0.0
2023-08-12,2023-24,LaLiga,Sociedad,Girona,69,0,0,0,0.0,0,69,0,0,0,0.0,0,0.0,0.5
2023-08-12,2023-24,EPL,Sheffield United,Crystal Palace,811,0,0,0,0.5,0,76,0,0,0,-0.5,0,10.0,0.0
2023-08-12,2023-24,EPL,Everton,Fulham,76,0,0,0,0.0,0,76,0,0,0,0.0,0,0.0,0.0
2023-08-12,2023-24,EPL,Brighton,Luton,76,0,0,0,0.5,0,14,0,0,0,-0.5,0,10.0,1.0
2023-08-12,2023-24,EPL,Arsenal,Nott'm Forest,76,0,0,0,0.0,0,76,0,0,0,0.0,0,0.0,1.0
2023-08-12,2023-24,LaLiga,Las Palmas,Mallorca,14,0,0,0,-0.5,0,69,0,0,0,0.5,0,-10.0,0.5
2023-08-12,2023-24,LaLiga,Ath Bilbao,Real Madrid,69,0,0,0,0.0,0,69,0,0,0,0.0,0,0.0,0.0
2023-08-12,2023-24,Ligue1,Paris SG,Lorient,70,0,0,0,0.0,0,70,0,0,0,0.0,0,0.0,0.5
2023-08-12,2023-24,Ligue1,Marseille,Reims,70,0,0,0,0.0,0,70,0,0,0,0.0,0,0.0,1.0
2023-08-12,2023-24,EPL,Newcastle,Aston Villa,76,0,0,0,0.0,0,76,0,0,0,0.0,0,0.0,1.0
2023-08-12,2023-24,EPL,Bournemouth,West Ham,76,0,0,0,0.0,0,76,0,0,0,0.0,0,0.0,0.5
2023-08-13,2023-24,LaLiga,Celta,Osasuna,70,0,0,0,0.0,0,70,0,0,0,0.0,0,0.0,0.0
2023-08-13,2023-24,LaLiga,Villarreal,Betis,70,0,0,0,0.0,0,70,0,0,0,0.0,0,0.0,0.0
2023-08-13,2023-24,LaLiga,Getafe,Barcelona,70,0,0,0,0.0,0,70,0,0,0,0.0,0,0.0,0.5
2023-08-13,2023-24,Ligue1,Strasbourg,Lyon,71,0,0,0,0.0,0,71,0,0,0,0.0,0,0.0,1.0
2023-08-13,2023-24,EPL,Brentford,Tottenham,77,0,0,0,0.0,0,77,0,0,0,0.0,0,0.0,0.5
2023-08-13,2023-24,Ligue1,Brest,Lens,71,0,0,0,0.0,0,71,0,0,0,0.0,0,0.0,1.0
2023-08-13,2023-24,Ligue1,Clermont,Monaco,71,0,0,0,0.0,0,71,0,0,0,0.0,0,0.0,0.0
2023-08-13,2023-24,Ligue1,Rennes,Metz,71,0,0,0,-0.5,0,449,0,0,0,0.5,0,-10.0,1.0
2023-08-13,2023-24,Ligue1,Montpellier,Le Havre,71,0,0,0,0.5,0,14,0,0,0,-0.5,0,10.0,0.5
2023-08-13,2023-24,EPL,Chelsea,Liverpool,77,0,0,0,0.0,0,77,0,0,0,0.0,0,0.0,0.5
2023-08-13,2023-24,Ligue1,Nantes,Toulouse,71,0,0,0,0.0,0,71,0,0,0,0.0,0,0.0,0.0
2023-08-14,2023-24,LaLiga,Ath Madrid,Granada,71,0,0,0,-0.5,0,449,0,0,0,0.5,0,-10.0,1.0
2023-08-14,2023-24,LaLiga,Cadiz,Alaves,71,0,0,0,-0.5,0,449,0,0,0,0.5,0,-10.0,1.0
2023-08-14,2023-24,EPL,Man United,Wolves,78,0,0,0,0.0,0,78,0,0,0,0.0,0,0.0,1.0
2023-08-18,2023-24,Bundesliga,Werder Bremen,Bayern Munich,83,0,0,0,0.0,0,83,0,0,0,0.0,0,0.0,0.0
2023-08-18,2023-24,LaLiga,Valencia,Las Palmas,7,1,0,1,0.05,1,6,1,1,1,-0.05,1,1.0,1.0
2023-08-18,2023-24,EPL,Nott'm Forest,Sheffield United,6,1,1,1,0.0,1,6,1,1,1,0.0,1,0.0,1.0
2023-08-18,2023-24,LaLiga,Mallorca,Villarreal,6,1,1,1,0.05,1,5,1,1,1,-0.05,1,1.0,0.0
2023-08-18,2023-24,Ligue1,Metz,Marseille,5,1,1,1,-0.05,1,6,1,1,1,0.05,1,-1.0,0.5
2023-08-19,2023-24,LaLiga,Almeria,Real Madrid,8,1,0,1,0.05,1,7,1,0,1,-0.05,1,1.0,0.0
2023-08-19,2023-24,Ligue1,Lyon,Montpellier,6,1,1,1,0.0,1,6,1,1,1,0.0,1,0.0,0.0
2023-08-19,2023-24,Ligue1,Toulouse,Paris SG,6,1,1,1,-0.05,1,7,1,0,1,0.05,1,-1.0,0.5
2023-08-19,2023-24,LaLiga,Sociedad,Celta,7,1,0,1,0.05,1,6,1,1,1,-0.05,1,1.0,0.5
2023-08-19,2023-24,LaLiga,Osasuna,Ath Bilbao,6,1,1,1,-0.05,1,7,1,0,1,0.05,1,-1.0,0.0
2023-08-19,2023-24,EPL,Liverpool,Bournemouth,6,1,1,1,-0.05,1,7,1,0,1,0.05,1,-1.0,1.0
2023-08-19,2023-24,EPL,Wolves,Brighton,5,1,1,1,-0.1,1,7,1,0,1,0.1,1,-2.0,0.0
2023-08-19,2023-24,Bundesliga,Dortmund,FC Koln,84,0,0,0,0.0,0,84,0,0,0,0.0,0,0.0,1.0
2023-08-19,2023-24,Bundesliga,Wolfsburg,Heidenheim,84,0,0,0,0.5,0,14,0,0,0,-0.5,0,10.0,1.0
2023-08-19,2023-24,Bundesliga,Stuttgart,Bochum,84,0,0,0,0.0,0,84,0,0,0,0.0,0,0.0,1.0
2023-08-19,2023-24,Bundesliga,Leverkusen,RB Leipzig,84,0,0,0,0.0,0,84,0,0,0,0.0,0,0.0,1.0
2023-08-19,2023-24,Bundesliga,Hoffenheim,Freiburg,84,0,0,0,0.0,0,84,0,0,0,0.0,0,0.0,0.0
2023-08-19,2023-24,Bundesliga,Augsburg,M'gladbach,84,0,0,0,0.0,0,84,0,0,0,0.0,0,0.0,0.5
2023-08-19,2023-24,EPL,Fulham,Brentford,7,1,0,1,0.05,1,6,1,1,1,-0.05,1,1.0,0.0
2023-08-19,2023-24,SerieA,Empoli,Verona,77,0,0,0,0.05,0,76,0,0,0,-0.05,0,1.0,0.0
2023-08-19,2023-24,SerieA,Inter,Monza,77,0,0,0,0.05,0,76,0,0,0,-0.05,0,1.0,1.0
2023-08-19,2023-24,EPL,Tottenham,Man United,6,1,1,1,0.05,1,5,1,1,1,-0.05,1,1.0,1.0
2023-08-19,2023-24,EPL,Man City,Newcastle,8,1,0,1,0.05,1,7,1,0,1,-0.05,1,1.0,1.0
2023-08-19,2023-24,SerieA,Frosinone,Napoli,14,0,0,0,-0.5,0,76,0,0,0,0.5,0,-10.0,0.0
2023-08-19,2023-24,SerieA,Genoa,Fiorentina,455,0,0,0,0.5,0,78,0,0,0,-0.5,0,10.0,0.0
2023-08-20,2023-24,Ligue1,Le Havre,Brest,7,1,0,1,0.0,1,7,1,0,1,0.0,1,0.0,0.0
2023-08-20,2023-24,Bundesliga,Ein Frankfurt,Darmstadt,85,0,0,0,0.5,0,14,0,0,0,-0.5,0,10.0,1.0
2023-08-20,2023-24,Bundesliga,Union Berlin,Mainz,85,0,0,0,0.0,0,85,0,0,0,0.0,0,0.0,1.0
2023-08-20,2023-24,EPL,West Ham,Chelsea,8,1,0,1,0.05,1,7,1,0,1,-0.05,1,1.0,1.0
2023-08-20,2023-24,LaLiga,Girona,Getafe,8,1,0,1,0.05,1,7,1,0,1,-0.05,1,1.0,1.0
2023-08-20,2023-24,LaLiga,Barcelona,Cadiz,7,1,0,1,0.05,1,6,1,1,1,-0.05,1,1.0,1.0
2023-08-20,2023-24,LaLiga,Betis,Ath Madrid,7,1,0,1,0.05,1,6,1,1,1,-0.05,1,1.0,0.5
2023-08-20,2023-24,Ligue1,Lorient,Nice,8,1,0,1,-0.05,1,9,1,0,1,0.05,1,-1.0,0.5
2023-08-20,2023-24,SerieA,Udinese,Juventus,77,0,0,0,0.0,0,77,0,0,0,0.0,0,0.0,0.0
2023-08-20,2023-24,SerieA,Sassuolo,Atalanta,79,0,0,0,0.1,0,77,0,0,0,-0.1,0,2.0,0.0
2023-08-20,2023-24,SerieA,Roma,Salernitana,77,0,0,0,-0.05,0,78,0,0,0,0.05,0,-1.0,0.5
2023-08-20,2023-24,EPL,Aston Villa,Everton,8,1,0,1,0.0,1,8,1,0,1,0.0,1,0.0,1.0
2023-08-20,2023-24,Ligue1,Lens,Rennes,7,1,0,1,0.0,1,7,1,0,1,0.0,1,0.0,0.5
2023-08-20,2023-24,Ligue1,Monaco,Strasbourg,7,1,0,1,0.0,1,7,1,0,1,0.0,1,0.0,1.0
2023-08-20,2023-24,Ligue1,Reims,Clermont,8,1,0,1,0.05,1,7,1,0,1,-0.05,1,1.0,1.0
2023-08-20,2023-24,SerieA,Lecce,Lazio,77,0,0,0,-0.05,0,78,0,0,0,0.05,0,-1.0,1.0
2023-08-20,2023-24,Ligue1,Lille,Nantes,9,1,0,1,0.1,1,7,1,0,1,-0.1,1,2.0,1.0
2023-08-21,2023-24,EPL,Crystal Palace,Arsenal,9,1,0,1,0.0,1,9,1,0,1,0.0,1,0.0,0.0
2023-08-21,2023-24,LaLiga,Granada,Vallecano,7,1,0,1,-0.15,1,10,1,0,1,0.15,1,-3.0,0.0
2023-08-21,2023-24,LaLiga,Alaves,Sevilla,7,1,0,1,-0.15,1,10,1,0,1,0.15,1,-3.0,1.0
2023-08-21,2023-24,SerieA,Bologna,Milan,78,0,0,0,0.0,0,78,0,0,0,0.0,0,0.0,0.0
2023-08-21,2023-24,SerieA,Torino,Cagliari,79,0,0,0,-0.5,0,456,0,0,0,0.5,0,-10.0,0.5
2023-08-25,2023-24,LaLiga,Celta,Real Madrid,6,2,1,2,0.0,2,6,2,1,2,0.0,2,0.0,0.0
2023-08-25,2023-24,LaLiga,Las Palmas,Sociedad,7,2,0,2,0.05,2,6,2,1,2,-0.05,2,1.0,0.5
2023-08-25,2023-24,Ligue1,Nantes,Monaco,5,2,1,2,0.0,2,5,2,1,2,0.0,2,0.0,0.5
2023-08-25,2023-24,Bundesliga,RB Leipzig,Stuttgart,6,1,1,1,0.0,1,6,1,1,1,0.0,1,0.0,1.0
2023-08-25,2023-24,EPL,Chelsea,Luton,5,2,1,2,-0.4,2,13,1,0,1,0.4,1,-8.0,1.0
2023-08-26,2023-24,EPL,Arsenal,Fulham,5,2,1,1,-0.1,2,7,2,0,1,0.1,2,-2.0,0.5
2023-08-26,2023-24,SerieA,Frosinone,Atalanta,7,1,0,1,0.05,1,6,1,1,1,-0.05,1,1.0,1.0
2023-08-26,2023-24,SerieA,Milan,Torino,5,1,1,1,0.0,1,5,1,1,1,0.0,1,0.0,1.0
2023-08-26,2023-24,SerieA,Verona,Roma,7,1,0,1,0.05,1,6,1,1,1,-0.05,1,1.0,1.0
2023-08-26,2023-24,EPL,Bournemouth,Tottenham,7,2,0,1,0.0,2,7,2,0,2,0.0,2,0.0,0.0
2023-08-26,2023-24,EPL,Brentford,Crystal Palace,7,2,0,2,0.1,2,5,2,1,1,-0.1,2,2.0,0.5
2023-08-26,2023-24,Ligue1,Marseille,Brest,8,2,0,1,0.1,2,6,2,1,2,-0.1,2,2.0,1.0
2023-08-26,2023-24,Bundesliga,Darmstadt,Union Berlin,6,1,1,1,0.0,1,6,1,1,1,0.0,1,0.0,0.0
2023-08-26,2023-24,Bundesliga,FC Koln,Wolfsburg,7,1,0,1,0.0,1,7,1,0,1,0.0,1,0.0,0.0
2023-08-26,2023-24,Bundesliga,Freiburg,Werder Bremen,7,1,0,1,-0.05,1,8,1,0,1,0.05,1,-1.0,1.0
2023-08-26,2023-24,Bundesliga,Heidenheim,Hoffenheim,7,1,0,1,0.0,1,7,1,0,1,0.0,1,0.0,0.0
2023-08-26,2023-24,Bundesliga,M'gladbach,Leverkusen,7,1,0,1,0.0,1,7,1,0,1,0.0,1,0.0,0.0
2023-08-26,2023-24,Ligue1,Paris SG,Lens,7,2,0,1,0.05,2,6,2,1,2,-0.05,2,1.0,1.0
2023-08-26,2023-24,Bundesliga,Bochum,Dortmund,7,1,0,1,0.0,1,7,1,0,1,0.0,1,0.0,0.5
2023-08-26,2023-24,EPL,Everton,Wolves,6,2,1,1,-0.05,2,7,2,0,2,0.05,2,-1.0,0.0
2023-08-26,2023-24,SerieA,Monza,Empoli,7,1,0,1,0.0,1,7,1,0,1,0.0,1,0.0,1.0
2023-08-26,2023-24,EPL,Brighton,West Ham,7,2,0,1,0.05,2,6,2,1,1,-0.05,2,1.0,0.0
2023-08-26,2023-24,LaLiga,Sevilla,Girona,5,2,1,1,-0.05,2,6,2,1,1,0.05,2,-1.0,0.0
2023-08-26,2023-24,LaLiga,Granada,Mallorca,5,2,1,2,-0.15,2,8,2,0,1,0.15,2,-3.0,1.0
2023-08-26,2023-24,LaLiga,Cadiz,Almeria,6,2,1,2,-0.05,2,7,2,0,1,0.05,2,-1.0,0.5
2023-08-26,2023-24,EPL,Man United,Nott'm Forest,7,2,0,2,-0.05,2,8,2,0,1,0.05,2,-1.0,1.0
2023-08-27,2023-24,Ligue1,Montpellier,Reims,8,2,0,1,0.05,2,7,2,0,1,-0.05,2,1.0,0.0
2023-08-27,2023-24,Bundesliga,Mainz,Ein Frankfurt,7,1,0,1,0.0,1,7,1,0,1,0.0,1,0.0,0.5
2023-08-27,2023-24,Ligue1,Strasbourg,Toulouse,7,2,0,1,-0.05,2,8,2,0,1,0.05,2,-1.0,1.0
2023-08-27,2023-24,LaLiga,Ath Bilbao,Betis,8,2,0,1,0.05,2,7,2,0,1,-0.05,2,1.0,1.0
2023-08-27,2023-24,LaLiga,Valencia,Osasuna,9,2,0,1,0.05,2,8,2,0,1,-0.05,2,1.0,0.0
2023-08-27,2023-24,LaLiga,Villarreal,Barcelona,9,2,0,1,0.1,2,7,2,0,1,-0.1,2,2.0,0.0
2023-08-27,2023-24,Ligue1,Nice,Lyon,7,2,0,1,-0.05,2,8,2,0,1,0.05,2,-1.0,0.5
2023-08-27,2023-24,EPL,Newcastle,Liverpool,8,2,0,1,0.0,2,8,2,0,1,0.0,2,0.0,0.0
2023-08-27,2023-24,EPL,Burnley,Aston Villa,16,1,0,0,0.45,1,7,2,0,1,-0.45,2,9.0,0.0
2023-08-27,2023-24,EPL,Sheffield United,Man City,9,2,0,1,0.05,2,8,2,0,1,-0.05,2,1.0,0.0
2023-08-27,2023-24,Bundesliga,Bayern Munich,Augsburg,9,1,0,1,0.05,1,8,1,0,1,-0.05,1,1.0,1.0
2023-08-27,2023-24,SerieA,Napoli,Sassuolo,8,1,0,1,0.05,1,7,1,0,1,-0.05,1,1.0,1.0
2023-08-27,2023-24,Ligue1,Rennes,Le Havre,7,2,0,1,0.0,2,7,2,0,1,0.0,2,0.0,0.5
2023-08-27,2023-24,Ligue1,Clermont,Metz,7,2,0,1,-0.1,2,9,2,0,1,0.1,2,-2.0,0.0
2023-08-27,2023-24,Ligue1,Lorient,Lille,7,2,0,1,0.0,2,7,2,0,1,0.0,2,0.0,1.0
2023-08-27,2023-24,SerieA,Fiorentina,Lecce,8,1,0,1,0.05,1,7,1,0,1,-0.05,1,1.0,0.5
2023-08-27,2023-24,SerieA,Juventus,Bologna,7,1,0,1,0.05,1,6,1,1,1,-0.05,1,1.0,0.5
2023-08-27,2023-24,SerieA,Lazio,Genoa,7,1,0,1,-0.05,1,8,1,0,1,0.05,1,-1.0,0.0
2023-08-28,2023-24,LaLiga,Getafe,Alaves,8,2,0,1,0.05,2,7,2,0,1,-0.05,2,1.0,1.0
2023-08-28,2023-24,LaLiga,Vallecano,Ath Madrid,7,2,0,1,-0.05,2,8,2,0,1,0.05,2,-1.0,0.0
2023-08-28,2023-24,SerieA,Cagliari,Inter,7,1,0,1,-0.1,1,9,1,0,1,0.1,1,-2.0,0.0
2023-08-28,2023-24,SerieA,Salernitana,Udinese,8,1,0,1,0.0,1,8,1,0,1,0.0,1,0.0,0.5
2023-09-01,2023-24,LaLiga,Cadiz,Villarreal,6,3,1,2,-0.15,3,5,3,1,1,-0.25,3,1.0,1.0
2023-09-01,2023-24,EPL,Luton,West Ham,7,2,0,1,0.05,2,6,3,1,2,-0.25,3,1.0,0.0
2023-09-01,2023-24,LaLiga,Almeria,Celta,6,2,1,2,-0.05,3,7,3,0,2,-0.15,3,-1.0,0.0
2023-09-01,2023-24,Ligue1,Nantes,Marseille,7,3,0,2,-0.15,3,6,3,1,1,-0.25,3,1.0,0.5
2023-09-01,2023-24,SerieA,Roma,Milan,6,2,1,2,0.0,2,6,2,1,2,0.0,2,0.0,0.0
2023-09-01,2023-24,SerieA,Sassuolo,Verona,5,2,1,2,-0.05,2,6,2,1,2,0.05,2,-1.0,1.0
2023-09-01,2023-24,Bundesliga,Dortmund,Heidenheim,6,2,1,2,0.0,2,6,2,1,2,0.0,2,0.0,0.5
2023-09-02,2023-24,EPL,Brentford,Bournemouth,7,3,0,1,-0.2,3,7,2,0,1,0.0,3,0.0,0.5
2023-09-02,2023-24,LaLiga,Real Madrid,Getafe,8,2,0,1,0.15,3,5,3,1,2,-0.35,3,3.0,1.0
2023-09-02,2023-24,LaLiga,Alaves,Valencia,5,3,1,2,-0.25,3,6,2,1,1,0.05,3,-1.0,1.0
2023-09-02,2023-24,LaLiga,Betis,Vallecano,6,3,1,2,-0.15,3,5,2,1,2,-0.05,3,1.0,1.0
2023-09-02,2023-24,Ligue1,Monaco,Lens,8,3,0,2,-0.15,3,7,3,0,2,-0.25,3,1.0,1.0
2023-09-02,2023-24,Ligue1,Brest,Rennes,7,3,0,2,-0.15,3,6,3,1,2,-0.25,3,1.0,0.5
2023-09-02,2023-24,EPL,Brighton,Newcastle,7,2,0,1,0.05,3,6,2,1,1,-0.05,3,1.0,1.0
2023-09-02,2023-24,EPL,Man City,Fulham,6,2,1,1,-0.05,3,7,2,0,1,0.05,3,-1.0,1.0
2023-09-02,2023-24,EPL,Chelsea,Nott'm Forest,8,3,0,2,-0.15,3,7,2,0,1,-0.05,3,1.0,0.0
2023-09-02,2023-24,EPL,Burnley,Tottenham,6,1,1,1,-0.05,2,7,3,0,1,-0.15,3,-1.0,0.0
2023-09-02,2023-24,LaLiga,Sociedad,Granada,8,2,0,1,0.05,3,7,3,0,2,-0.25,3,1.0,1.0
2023-09-02,2023-24,EPL,Sheffield United,Everton,6,2,1,1,-0.05,3,7,2,0,2,0.05,3,-1.0,0.5
2023-09-02,2023-24,SerieA,Napoli,Lazio,6,2,1,1,0.0,2,6,2,1,2,0.0,2,0.0,0.0
2023-09-02,2023-24,SerieA,Atalanta,Monza,7,2,0,2,0.0,2,7,2,0,1,0.0,2,0.0,1.0
2023-09-02,2023-24,Bundesliga,M'gladbach,Bayern Munich,7,2,0,1,0.05,2,6,2,1,1,-0.05,2,1.0,0.0
2023-09-02,2023-24,Bundesliga,Werder Bremen,Mainz,7,2,0,1,0.05,2,6,2,1,2,-0.05,2,1.0,1.0
2023-09-02,2023-24,Bundesliga,Stuttgart,Freiburg,8,2,0,1,0.05,2,7,2,0,1,-0.05,2,1.0,1.0
2023-09-02,2023-24,Bundesliga,Leverkusen,Darmstadt,7,2,0,1,0.0,2,7,2,0,2,0.0,2,0.0,1.0
2023-09-02,2023-24,Bundesliga,Hoffenheim,Wolfsburg,7,2,0,1,0.0,2,7,2,0,1,0.0,2,0.0,1.0
2023-09-02,2023-24,Bundesliga,Augsburg,Bochum,6,2,1,1,-0.05,2,7,2,0,1,0.05,2,-1.0,0.5
2023-09-02,2023-24,SerieA,Bologna,Cagliari,6,2,1,2,0.05,2,5,2,1,2,-0.05,2,1.0,1.0
2023-09-02,2023-24,SerieA,Udinese,Frosinone,5,2,1,2,-0.1,2,7,2,0,1,0.1,2,-2.0,0.5
2023-09-03,2023-24,SerieA,Empoli,Juventus,8,2,0,1,0.05,2,7,2,0,1,-0.05,2,1.0,0.0
2023-09-03,2023-24,SerieA,Torino,Genoa,8,2,0,2,0.05,2,7,2,0,1,-0.05,2,1.0,1.0
2023-09-03,2023-24,SerieA,Inter,Fiorentina,6,2,1,1,-0.05,2,7,2,0,1,0.05,2,-1.0,1.0
2023-09-03,2023-24,Ligue1,Lyon,Paris SG,7,2,0,1,-0.05,3,8,2,0,1,0.05,3,-1.0,0.0
2023-09-03,2023-24,Ligue1,Nice,Strasbourg,7,2,0,1,0.0,3,7,2,0,1,0.0,3,0.0,1.0
2023-09-03,2023-24,Ligue1,Metz,Reims,7,2,0,1,0.0,3,7,2,0,1,0.0,3,0.0,0.5
2023-09-03,2023-24,Bundesliga,Union Berlin,RB Leipzig,8,2,0,1,-0.05,2,9,2,0,1,0.05,2,-1.0,0.0
2023-09-03,2023-24,Ligue1,Le Havre,Lorient,7,2,0,1,0.0,3,7,2,0,1,0.0,3,0.0,1.0
2023-09-03,2023-24,Ligue1,Toulouse,Clermont,7,2,0,1,0.0,3,7,2,0,1,0.0,3,0.0,0.5
2023-09-03,2023-24,Bundesliga,Ein Frankfurt,FC Koln,7,2,0,1,-0.05,2,8,2,0,1,0.05,2,-1.0,0.5
2023-09-03,2023-24,EPL,Arsenal,Man United,8,2,0,2,0.0,3,8,3,0,1,-0.2,3,0.0,1.0
2023-09-03,2023-24,EPL,Crystal Palace,Wolves,8,2,0,2,0.0,3,8,3,0,1,-0.2,3,0.0,1.0
2023-09-03,2023-24,Ligue1,Lille,Montpellier,7,2,0,1,0.0,3,7,2,0,1,0.0,3,0.0,1.0
2023-09-03,2023-24,SerieA,Lecce,Salernitana,7,2,0,1,0.05,2,6,2,1,1,-0.05,2,1.0,1.0
2023-09-03,2023-24,EPL,Liverpool,Aston Villa,7,2,0,1,0.0,3,7,2,0,1,0.0,3,0.0,1.0
2023-09-03,2023-24,LaLiga,Mallorca,Ath Bilbao,8,2,0,1,0.05,3,7,2,0,1,-0.05,3,1.0,0.5
2023-09-03,2023-24,LaLiga,Girona,Las Palmas,8,2,0,1,-0.05,3,9,2,0,1,0.05,3,-1.0,1.0
2023-09-03,2023-24,LaLiga,Osasuna,Barcelona,7,2,0,1,0.0,3,7,2,0,1,0.0,3,0.0,0.0
2023-09-15,2023-24,LaLiga,Vallecano,Alaves,13,2,0,1,0.0,4,13,2,0,1,0.0,4,0.0,1.0
2023-09-15,2023-24,Bundesliga,Bayern Munich,Leverkusen,13,2,0,1,0.0,3,13,2,0,1,0.0,3,0.0,0.5
2023-09-15,2023-24,Ligue1,Paris SG,Nice,12,2,0,1,0.0,4,12,2,0,1,0.0,4,0.0,0.0
2023-09-16,2023-24,Bundesliga,Mainz,Stuttgart,14,2,0,0,0.0,3,14,1,0,0,0.0,3,0.0,0.0
2023-09-16,2023-24,Bundesliga,RB Leipzig,Augsburg,13,1,0,1,-0.05,3,14,2,0,0,0.05,3,-1.0,1.0
2023-09-16,2023-24,Bundesliga,Wolfsburg,Union Berlin,14,1,0,0,0.05,3,13,1,0,1,-0.05,3,1.0,1.0
2023-09-16,2023-24,Bundesliga,Bochum,Ein Frankfurt,14,1,0,0,0.05,3,13,2,0,1,-0.05,3,1.0,0.5
2023-09-16,2023-24,EPL,Wolves,Liverpool,13,1,0,1,0.0,4,13,2,0,1,0.0,4,0.0,0.0
2023-09-16,2023-24,SerieA,Juventus,Lazio,13,2,0,1,-0.05,3,14,2,0,0,0.05,3,-1.0,1.0
2023-09-16,2023-24,SerieA,Inter,Milan,13,2,0,1,-0.1,3,15,1,0,0,0.1,3,-2.0,1.0
2023-09-16,2023-24,SerieA,Genoa,Napoli,13,2,0,1,-0.05,3,14,2,0,0,0.05,3,-1.0,0.5
2023-09-16,2023-24,Ligue1,Rennes,Lille,14,2,0,0,0.05,4,13,2,0,1,-0.05,4,1.0,0.5
2023-09-16,2023-24,Ligue1,Lens,Metz,14,1,0,0,0.05,4,13,2,0,1,-0.05,4,1.0,0.0
2023-09-16,2023-24,Bundesliga,FC Koln,Hoffenheim,13,1,0,1,-0.05,3,14,1,0,0,0.05,3,-1.0,0.0
2023-09-16,2023-24,EPL,Aston Villa,Crystal Palace,13,2,0,1,0.0,4,13,1,0,1,0.0,4,0.0,1.0
2023-09-16,2023-24,Bundesliga,Freiburg,Dortmund,14,1,0,0,-0.05,3,15,1,0,0,0.05,3,-1.0,0.0
2023-09-16,2023-24,EPL,Man United,Brighton,13,1,0,1,-0.05,4,14,1,0,0,0.05,4,-1.0,0.0
2023-09-16,2023-24,EPL,Newcastle,Brentford,14,2,0,0,0.0,4,14,1,0,0,0.0,4,0.0,1.0
2023-09-16,2023-24,EPL,Fulham,Luton,14,1,0,0,-0.05,4,15,1,0,0,0.05,3,-1.0,1.0
2023-09-16,2023-24,LaLiga,Barcelona,Betis,13,2,0,1,-0.05,4,14,2,0,0,0.05,4,-1.0,1.0
2023-09-16,2023-24,LaLiga,Celta,Mallorca,15,1,0,0,0.1,4,13,1,0,1,-0.1,4,2.0,0.0
2023-09-16,2023-24,EPL,West Ham,Man City,15,1,0,0,0.05,4,14,2,0,0,-0.05,4,1.0,0.0
2023-09-16,2023-24,LaLiga,Ath Bilbao,Cadiz,13,2,0,1,-0.1,4,15,1,0,0,0.1,4,-2.0,1.0
2023-09-16,2023-24,EPL,Tottenham,Sheffield United,14,1,0,0,0.0,4,14,2,0,0,0.0,4,0.0,1.0
2023-09-16,2023-24,LaLiga,Valencia,Ath Madrid,14,2,0,0,-0.25,4,19,1,0,0,0.25,3,-5.0,1.0
2023-09-17,2023-24,SerieA,Cagliari,Udinese,15,2,0,0,0.0,3,15,2,0,0,0.0,3,0.0,0.5
2023-09-17,2023-24,SerieA,Frosinone,Sassuolo,15,1,0,0,-0.05,3,16,1,0,0,0.05,3,-1.0,1.0
2023-09-17,2023-24,LaLiga,Getafe,Osasuna,15,2,0,0,0.05,4,14,1,0,0,-0.05,4,1.0,1.0
2023-09-17,2023-24,Bundesliga,Heidenheim,Werder Bremen,16,1,0,0,0.05,3,15,1,0,0,-0.05,3,1.0,1.0
2023-09-17,2023-24,Ligue1,Clermont,Nantes,14,1,0,0,-0.1,4,16,1,0,0,0.1,4,-2.0,0.0
2023-09-17,2023-24,SerieA,Monza,Lecce,15,1,0,0,0.05,3,14,1,0,0,-0.05,3,1.0,0.5
2023-09-17,2023-24,SerieA,Fiorentina,Atalanta,14,1,0,0,-0.05,3,15,1,0,0,0.05,3,-1.0,1.0
2023-09-17,2023-24,SerieA,Roma,Empoli,16,1,0,0,0.1,3,14,1,0,0,-0.1,3,2.0,1.0
2023-09-17,2023-24,EPL,Everton,Arsenal,15,1,0,0,0.05,4,14,1,0,0,-0.05,4,1.0,0.0
2023-09-17,2023-24,EPL,Bournemouth,Chelsea,15,1,0,0,0.0,4,15,1,0,0,0.0,4,0.0,0.5
2023-09-17,2023-24,Ligue1,Lorient,Monaco,14,1,0,0,-0.05,4,15,1,0,0,0.05,4,-1.0,0.5
2023-09-17,2023-24,Bundesliga,Darmstadt,M'gladbach,15,1,0,0,0.0,3,15,1,0,0,0.0,3,0.0,0.5
2023-09-17,2023-24,Ligue1,Reims,Brest,14,1,0,0,-0.05,4,15,1,0,0,0.05,4,-1.0,0.0
2023-09-17,2023-24,Ligue1,Marseille,Toulouse,16,1,0,0,0.1,4,14,1,0,0,-0.1,4,2.0,0.5
2023-09-17,2023-24,Ligue1,Lyon,Le Havre,14,1,0,0,0.0,4,14,1,0,0,0.0,4,0.0,0.5
2023-09-17,2023-24,LaLiga,Villarreal,Almeria,16,1,0,0,0.0,4,16,1,0,0,0.0,4,0.0,1.0
2023-09-17,2023-24,LaLiga,Sevilla,Las Palmas,22,0,0,0,0.4,3,14,1,0,0,-0.4,4,8.0,1.0
2023-09-17,2023-24,LaLiga,Real Madrid,Sociedad,15,1,0,0,0.0,4,15,1,0,0,0.0,4,0.0,1.0
2023-09-17,2023-24,Ligue1,Strasbourg,Montpellier,14,1,0,0,0.0,4,14,1,0,0,0.0,4,0.0,0.5
2023-09-18,2023-24,SerieA,Verona,Bologna,17,1,0,0,0.05,3,16,1,0,0,-0.05,3,1.0,0.5
2023-09-18,2023-24,SerieA,Salernitana,Torino,15,1,0,0,0.0,3,15,1,0,0,0.0,3,0.0,0.0
2023-09-18,2023-24,EPL,Nott'm Forest,Burnley,16,1,0,0,0.0,4,16,1,0,0,0.0,3,0.0,0.5
2023-09-18,2023-24,LaLiga,Granada,Girona,16,1,0,0,0.05,4,15,1,0,0,-0.05,4,1.0,0.0
2023-09-22,2023-24,LaLiga,Alaves,Ath Bilbao,7,2,0,1,0.05,5,6,2,1,1,-0.05,5,1.0,0.0
2023-09-22,2023-24,Bundesliga,Stuttgart,Darmstadt,6,2,1,1,0.05,4,5,2,1,1,-0.05,4,1.0,1.0
2023-09-22,2023-24,Ligue1,Monaco,Nice,5,2,1,1,-0.1,5,7,2,0,1,0.1,5,-2.0,0.0
2023-09-22,2023-24,SerieA,Lecce,Genoa,5,2,1,1,-0.05,4,6,2,1,1,0.05,4,-1.0,1.0
2023-09-22,2023-24,SerieA,Salernitana,Frosinone,4,2,1,1,-0.05,4,5,2,1,1,0.05,4,-1.0,0.5
2023-09-23,2023-24,Bundesliga,M'gladbach,RB Leipzig,6,1,1,1,-0.05,4,7,2,0,1,0.05,4,-1.0,0.0
2023-09-23,2023-24,Bundesliga,Dortmund,Wolfsburg,7,1,0,1,0.0,4,7,1,0,1,0.0,4,0.0,1.0
2023-09-23,2023-24,LaLiga,Barcelona,Celta,7,2,0,1,0.0,5,7,1,0,1,0.0,5,0.0,1.0
2023-09-23,2023-24,Bundesliga,Augsburg,Mainz,7,1,0,1,0.0,4,7,1,0,1,0.0,4,0.0,1.0
2023-09-23,2023-24,Bundesliga,Union Berlin,Hoffenheim,7,2,0,1,0.0,4,7,1,0,1,0.0,4,0.0,0.0
2023-09-23,2023-24,LaLiga,Osasuna,Sevilla,6,2,1,1,0.0,5,6,1,1,1,0.0,4,0.0,0.5
2023-09-23,2023-24,LaLiga,Girona,Mallorca,5,2,1,1,-0.1,5,7,2,0,1,0.1,5,-2.0,1.0
2023-09-23,2023-24,Bundesliga,Bayern Munich,Bochum,8,1,0,1,0.05,4,7,1,0,1,-0.05,4,1.0,1.0
2023-09-23,2023-24,EPL,Man City,Nott'm Forest,7,1,0,1,0.1,5,5,1,1,1,-0.1,5,2.0,1.0
2023-09-23,2023-24,LaLiga,Almeria,Valencia,6,1,1,1,-0.05,5,7,1,0,1,0.05,5,-1.0,0.5
2023-09-23,2023-24,EPL,Luton,Wolves,7,1,0,1,0.0,4,7,2,0,1,0.0,5,0.0,0.5
2023-09-23,2023-24,Ligue1,Nantes,Lorient,6,1,1,1,0.0,5,6,2,1,1,0.0,5,0.0,1.0
2023-09-23,2023-24,Ligue1,Brest,Lyon,6,1,1,1,0.0,5,6,2,1,1,0.0,5,0.0,1.0
2023-09-23,2023-24,SerieA,Milan,Verona,7,1,0,1,0.1,4,5,1,1,1,-0.1,4,2.0,1.0
2023-09-23,2023-24,SerieA,Sassuolo,Juventus,6,1,1,1,-0.05,4,7,2,0,1,0.05,4,-1.0,1.0
2023-09-23,2023-24,SerieA,Lazio,Monza,7,1,0,1,0.05,4,6,1,1,1,-0.05,4,1.0,0.5
2023-09-23,2023-24,Bundesliga,Werder Bremen,FC Koln,6,1,1,1,-0.05,4,7,2,0,1,0.05,4,-1.0,1.0
2023-09-23,2023-24,EPL,Crystal Palace,Fulham,7,2,0,1,0.0,5,7,1,0,1,0.0,5,0.0,0.5
2023-09-23,2023-24,EPL,Burnley,Man United,5,1,1,1,-0.1,4,7,2,0,1,0.1,5,-2.0,0.0
2023-09-23,2023-24,EPL,Brentford,Everton,7,1,0,1,0.05,5,6,1,1,1,-0.05,5,1.0,0.0
2023-09-24,2023-24,Ligue1,Paris SG,Marseille,9,1,0,1,0.1,5,7,1,0,1,-0.1,5,2.0,1.0
2023-09-24,2023-24,Ligue1,Metz,Strasbourg,8,1,0,1,0.05,5,7,1,0,1,-0.05,5,1.0,0.0
2023-09-24,2023-24,Bundesliga,Leverkusen,Heidenheim,9,1,0,1,0.1,4,7,1,0,1,-0.1,4,2.0,1.0
2023-09-24,2023-24,Ligue1,Lens,Toulouse,8,1,0,1,0.05,5,7,1,0,1,-0.05,5,1.0,1.0
2023-09-24,2023-24,Ligue1,Montpellier,Rennes,7,1,0,1,-0.05,5,8,1,0,1,0.05,5,-1.0,0.5
2023-09-24,2023-24,Bundesliga,Ein Frankfurt,Freiburg,8,1,0,1,0.0,4,8,1,0,1,0.0,4,0.0,0.5
2023-09-24,2023-24,SerieA,Empoli,Inter,7,1,0,1,-0.05,4,8,1,0,1,0.05,4,-1.0,0.0
2023-09-24,2023-24,Ligue1,Le Havre,Clermont,7,1,0,1,0.0,5,7,1,0,1,0.0,5,0.0,1.0
2023-09-24,2023-24,SerieA,Atalanta,Cagliari,7,1,0,1,0.0,4,7,1,0,1,0.0,4,0.0,1.0
2023-09-24,2023-24,SerieA,Torino,Roma,6,1,1,1,-0.05,4,7,1,0,1,0.05,4,-1.0,0.5
2023-09-24,2023-24,SerieA,Udinese,Fiorentina,7,1,0,1,0.0,4,7,1,0,1,0.0,4,0.0,0.0
2023-09-24,2023-24,LaLiga,Sociedad,Getafe,7,1,0,1,0.0,5,7,1,0,1,0.0,5,0.0,1.0
2023-09-24,2023-24,LaLiga,Vallecano,Villarreal,9,1,0,1,0.1,5,7,1,0,1,-0.1,5,2.0,0.5
2023-09-24,2023-24,LaLiga,Betis,Cadiz,8,1,0,1,0.0,5,8,1,0,1,0.0,5,0.0,0.5
2023-09-24,2023-24,LaLiga,Las Palmas,Granada,7,1,0,1,0.05,5,6,1,1,1,-0.05,5,1.0,1.0
2023-09-24,2023-24,LaLiga,Ath Madrid,Real Madrid,8,1,0,1,0.05,4,7,1,0,1,-0.05,5,1.0,1.0
2023-09-24,2023-24,EPL,Arsenal,Tottenham,7,1,0,1,-0.05,5,8,1,0,1,0.05,5,-1.0,0.5
2023-09-24,2023-24,SerieA,Bologna,Napoli,6,1,1,1,-0.1,4,8,1,0,1,0.1,4,-2.0,0.5
2023-09-24,2023-24,EPL,Chelsea,Aston Villa,7,1,0,1,-0.05,5,8,1,0,1,0.05,5,-1.0,0.0
2023-09-24,2023-24,EPL,Liverpool,West Ham,8,1,0,1,0.0,5,8,1,0,1,0.0,5,0.0,1.0
2023-09-24,2023-24,EPL,Sheffield United,Newcastle,8,1,0,1,0.0,5,8,1,0,1,0.0,5,0.0,0.0
2023-09-24,2023-24,EPL,Brighton,Bournemouth,8,1,0,1,0.05,5,7,1,0,1,-0.05,5,1.0,1.0
2023-09-26,2023-24,LaLiga,Sevilla,Almeria,3,2,1,2,-0.4,5,3,2,1,2,-0.4,6,0.0,1.0
2023-09-26,2023-24,LaLiga,Mallorca,Barcelona,3,2,1,2,-0.4,6,3,2,1,2,-0.4,6,0.0,0.5
2023-09-26,2023-24,Ligue1,Lille,Reims,10,1,0,1,0.05,5,9,1,0,1,-0.05,5,1.0,0.0
2023-09-26,2023-24,SerieA,Juventus,Lecce,3,2,1,2,-0.45,5,4,2,1,2,0.05,5,-1.0,1.0
2023-09-27,2023-24,LaLiga,Valencia,Sociedad,4,2,1,2,0.05,6,3,2,1,2,-0.45,6,1.0,0.0
2023-09-27,2023-24,LaLiga,Ath Bilbao,Getafe,5,2,1,2,0.1,6,3,2,1,2,-0.5,6,2.0,0.5
2023-09-27,2023-24,LaLiga,Real Madrid,Las Palmas,3,2,1,2,-0.4,6,3,2,1,2,-0.4,6,0.0,1.0
2023-09-27,2023-24,LaLiga,Villarreal,Girona,3,2,1,2,-0.45,6,4,2,1,2,0.05,6,-1.0,0.0
2023-09-27,2023-24,LaLiga,Cadiz,Vallecano,3,2,1,2,-0.4,6,3,2,1,2,-0.4,6,0.0,0.5
2023-09-27,2023-24,SerieA,Verona,Atalanta,4,2,1,2,0.05,5,3,2,1,2,-0.45,5,1.0,0.0
2023-09-27,2023-24,SerieA,Lazio,Torino,4,2,1,2,0.05,5,3,2,1,2,-0.45,5,1.0,1.0
2023-09-27,2023-24,SerieA,Napoli,Udinese,3,2,1,2,-0.4,5,3,2,1,2,-0.4,5,0.0,1.0
2023-09-27,2023-24,SerieA,Empoli,Salernitana,3,2,1,2,-0.5,5,5,2,1,2,0.1,5,-2.0,1.0
2023-09-27,2023-24,SerieA,Cagliari,Milan,3,2,1,2,-0.45,5,4,2,1,2,0.05,5,-1.0,0.0
2023-09-27,2023-24,SerieA,Inter,Sassuolo,3,2,1,2,-0.45,5,4,2,1,2,0.05,5,-1.0,0.0
2023-09-28,2023-24,SerieA,Monza,Bologna,5,2,1,2,0.05,5,4,2,1,2,-0.05,5,1.0,0.5
2023-09-28,2023-24,LaLiga,Osasuna,Ath Madrid,5,2,1,2,0.05,6,4,2,1,2,-0.05,5,1.0,0.0
2023-09-28,2023-24,LaLiga,Granada,Betis,4,2,1,2,0.0,6,4,2,1,2,0.0,6,0.0,0.5
2023-09-28,2023-24,LaLiga,Celta,Alaves,5,2,1,2,-0.05,6,6,2,1,2,0.05,6,-1.0,0.5
2023-09-28,2023-24,SerieA,Genoa,Roma,6,2,1,2,0.1,5,4,2,1,2,-0.1,5,2.0,1.0
2023-09-28,2023-24,SerieA,Frosinone,Fiorentina,6,2,1,2,0.1,5,4,2,1,2,-0.1,5,2.0,0.5
2023-09-29,2023-24,LaLiga,Barcelona,Sevilla,3,3,2,3,-0.6,7,3,3,2,3,-0.6,6,0.0,1.0
2023-09-29,2023-24,Ligue1,Strasbourg,Lens,5,2,1,2,0.0,6,5,2,1,2,0.0,6,0.0,0.0
2023-09-29,2023-24,Bundesliga,Hoffenheim,Dortmund,6,2,1,2,0.0,5,6,2,1,2,0.0,5,0.0,0.0
2023-09-30,2023-24,Ligue1,Clermont,Paris SG,6,2,1,2,0.0,6,6,2,1,1,0.0,6,0.0,0.5
2023-09-30,2023-24,Ligue1,Monaco,Marseille,8,2,0,2,0.1,6,6,2,1,2,-0.1,6,2.0,1.0
2023-09-30,2023-24,EPL,Wolves,Man City,7,2,0,1,0.0,6,7,2,0,1,0.0,6,0.0,1.0
2023-09-30,2023-24,SerieA,Salernitana,Inter,3,3,1,3,-0.6,6,3,3,2,2,-0.6,6,0.0,0.0
2023-09-30,2023-24,EPL,Aston Villa,Brighton,6,2,1,1,0.0,6,6,2,1,1,0.0,6,0.0,1.0
2023-09-30,2023-24,EPL,Bournemouth,Arsenal,6,2,1,2,0.0,6,6,2,1,2,0.0,6,0.0,0.0
2023-09-30,2023-24,EPL,Everton,Luton,7,2,0,2,0.0,6,7,2,0,1,0.0,5,0.0,0.0
2023-09-30,2023-24,EPL,Man United,Crystal Palace,7,2,0,1,0.0,6,7,2,0,1,0.0,6,0.0,0.0
2023-09-30,2023-24,EPL,Newcastle,Burnley,6,2,1,1,-0.05,6,7,2,0,2,0.05,5,-1.0,1.0
2023-09-30,2023-24,EPL,West Ham,Sheffield United,6,2,1,1,0.0,6,6,2,1,1,0.0,6,0.0,1.0
2023-09-30,2023-24,EPL,Tottenham,Liverpool,6,2,1,1,0.0,6,6,2,1,1,0.0,6,0.0,1.0
2023-09-30,2023-24,SerieA,Milan,Lazio,3,3,1,2,-0.6,6,3,3,1,2,-0.6,6,0.0,1.0
2023-09-30,2023-24,SerieA,Lecce,Napoli,4,3,1,3,-0.15,6,3,3,2,2,-0.65,6,1.0,0.0
2023-09-30,2023-24,LaLiga,Vallecano,Mallorca,3,3,2,2,-0.65,7,4,3,1,2,-0.15,7,-1.0,0.5
2023-09-30,2023-24,Bundesliga,Heidenheim,Union Berlin,6,2,1,2,-0.05,5,7,2,0,1,0.05,5,-1.0,1.0
2023-09-30,2023-24,Bundesliga,Mainz,Leverkusen,7,2,0,1,0.05,5,6,2,1,1,-0.05,5,1.0,0.0
2023-09-30,2023-24,Bundesliga,Wolfsburg,Ein Frankfurt,7,2,0,1,0.05,5,6,2,1,1,-0.05,5,1.0,1.0
2023-09-30,2023-24,Bundesliga,RB Leipzig,Bayern Munich,7,2,0,1,0.0,5,7,2,0,1,0.0,5,0.0,0.5
2023-09-30,2023-24,Bundesliga,FC Koln,Stuttgart,7,2,0,1,-0.05,5,8,2,0,1,0.05,5,-1.0,0.0
2023-09-30,2023-24,LaLiga,Getafe,Villarreal,3,3,2,3,-0.6,7,3,3,2,3,-0.6,7,0.0,0.5
2023-09-30,2023-24,Bundesliga,Bochum,M'gladbach,7,2,0,1,0.0,5,7,2,0,2,0.0,5,0.0,0.0
2023-09-30,2023-24,LaLiga,Girona,Real Madrid,3,3,1,3,-0.6,7,3,3,2,3,-0.6,7,0.0,0.0
2023-09-30,2023-24,LaLiga,Sociedad,Ath Bilbao,3,3,2,3,-0.6,7,3,3,1,2,-0.6,7,0.0,1.0
2023-10-01,2023-24,Bundesliga,Darmstadt,Werder Bremen,9,2,0,1,0.05,5,8,2,0,1,-0.05,5,1.0,1.0
2023-10-01,2023-24,Bundesliga,Freiburg,Augsburg,7,2,0,1,-0.05,5,8,2,0,1,0.05,5,-1.0,1.0
2023-10-01,2023-24,SerieA,Bologna,Empoli,3,3,1,3,-0.65,6,4,3,1,2,-0.15,6,-1.0,1.0
2023-10-01,2023-24,SerieA,Udinese,Genoa,4,3,1,2,-0.15,6,3,3,1,2,-0.65,6,1.0,0.5
2023-10-01,2023-24,SerieA,Atalanta,Juventus,4,3,1,2,-0.25,6,5,3,1,2,-0.15,6,-1.0,0.5
2023-10-01,2023-24,SerieA,Roma,Frosinone,3,3,1,2,-0.6,6,3,3,1,2,-0.6,6,0.0,1.0
2023-10-01,2023-24,LaLiga,Alaves,Osasuna,3,3,1,2,-0.6,7,3,3,1,2,-0.6,7,0.0,0.0
2023-10-01,2023-24,LaLiga,Betis,Valencia,3,3,1,2,-0.65,7,4,3,1,2,-0.15,7,-1.0,1.0
2023-10-01,2023-24,Ligue1,Lorient,Montpellier,8,2,0,1,0.05,6,7,2,0,1,-0.05,6,1.0,0.0
2023-10-01,2023-24,Ligue1,Toulouse,Metz,7,2,0,1,0.0,6,7,2,0,1,0.0,6,0.0,1.0
2023-10-01,2023-24,Ligue1,Nice,Brest,9,2,0,1,0.05,6,8,2,0,1,-0.05,6,1.0,0.5
2023-10-01,2023-24,Ligue1,Le Havre,Lille,7,2,0,1,0.1,6,5,2,1,1,-0.1,6,2.0,0.0
2023-10-01,2023-24,EPL,Nott'm Forest,Brentford,8,2,0,2,0.0,6,8,2,0,1,0.0,6,0.0,0.5
2023-10-01,2023-24,LaLiga,Ath Madrid,Cadiz,3,3,1,2,-0.65,6,4,3,1,2,-0.15,7,-1.0,1.0
2023-10-01,2023-24,Ligue1,Reims,Lyon,5,2,1,1,-0.15,6,8,2,0,1,0.15,6,-3.0,1.0
2023-10-01,2023-24,Ligue1,Rennes,Nantes,7,2,0,1,-0.05,6,8,2,0,1,0.05,6,-1.0,1.0
2023-10-01,2023-24,LaLiga,Almeria,Granada,5,3,1,2,-0.1,7,3,3,1,3,-0.7,7,2.0,0.5
2023-10-02,2023-24,SerieA,Torino,Verona,5,3,1,2,-0.2,6,5,3,1,2,-0.2,6,0.0,0.5
2023-10-02,2023-24,SerieA,Fiorentina,Cagliari,4,3,1,2,-0.25,6,5,3,1,2,-0.15,6,-1.0,1.0
2023-10-02,2023-24,EPL,Fulham,Chelsea,9,2,0,1,0.05,6,8,2,0,1,-0.05,6,1.0,0.0
2023-10-02,2023-24,LaLiga,Las Palmas,Celta,5,3,1,2,-0.15,7,4,3,1,2,-0.25,7,1.0,1.0
2023-10-02,2023-24,SerieA,Sassuolo,Monza,5,3,1,2,-0.15,6,4,3,1,2,-0.25,6,1.0,0.0
2023-10-03,2023-24,EPL,Luton,Burnley,3,3,1,2,-0.6,6,3,3,1,2,-0.6,6,0.0,0.0
2023-10-06,2023-24,Ligue1,Strasbourg,Nantes,7,3,0,2,-0.1,7,5,3,1,2,-0.3,7,2.0,0.0
2023-10-06,2023-24,SerieA,Empoli,Udinese,5,4,1,3,-0.4,7,5,4,1,3,-0.4,7,0.0,0.5
2023-10-06,2023-24,SerieA,Lecce,Sassuolo,6,4,1,2,-0.3,7,4,4,1,3,-0.5,7,2.0,0.5
2023-10-06,2023-24,Bundesliga,M'gladbach,Mainz,6,3,1,2,-0.2,6,6,3,1,2,-0.2,6,0.0,0.5
2023-10-06,2023-24,LaLiga,Ath Bilbao,Almeria,6,4,1,2,-0.35,8,5,4,1,3,-0.45,8,1.0,1.0
2023-10-07,2023-24,Bundesliga,Augsburg,Darmstadt,6,2,1,1,0.0,6,6,3,1,1,-0.2,6,0.0,0.0
2023-10-07,2023-24,Bundesliga,RB Leipzig,Bochum,7,2,0,1,0.0,6,7,2,0,1,0.0,6,0.0,0.5
2023-10-07,2023-24,Bundesliga,Stuttgart,Wolfsburg,7,2,0,1,0.0,6,7,2,0,1,0.0,6,0.0,1.0
2023-10-07,2023-24,Bundesliga,Werder Bremen,Hoffenheim,6,3,1,1,-0.3,6,8,2,0,1,0.1,6,-2.0,0.0
2023-10-07,2023-24,EPL,Crystal Palace,Nott'm Forest,7,2,0,1,0.05,7,6,3,1,1,-0.25,7,1.0,0.5
2023-10-07,2023-24,EPL,Man United,Brentford,7,2,0,1,0.05,7,6,2,1,1,-0.05,7,1.0,1.0
2023-10-07,2023-24,EPL,Fulham,Sheffield United,5,2,1,1,-0.1,7,7,2,0,2,0.1,7,-2.0,1.0
2023-10-07,2023-24,EPL,Everton,Bournemouth,7,3,0,1,-0.2,7,7,3,0,2,-0.2,7,0.0,1.0
2023-10-07,2023-24,EPL,Burnley,Chelsea,4,4,1,2,-0.45,7,5,3,1,2,-0.15,7,-1.0,0.0
2023-10-07,2023-24,EPL,Luton,Tottenham,4,3,1,2,-0.35,7,7,2,0,2,0.15,7,-3.0,0.0
2023-10-07,2023-24,LaLiga,Sevilla,Vallecano,8,4,0,2,-0.35,7,7,3,0,3,-0.25,8,1.0,0.5
2023-10-07,2023-24,Bundesliga,Dortmund,Union Berlin,8,2,0,1,0.05,6,7,2,0,1,-0.05,6,1.0,1.0
2023-10-07,2023-24,Ligue1,Metz,Nice,6,2,1,2,0.0,7,6,2,1,1,0.0,7,0.0,0.0
2023-10-07,2023-24,SerieA,Inter,Bologna,7,3,0,3,-0.15,7,6,4,1,3,-0.45,7,1.0,0.5
2023-10-07,2023-24,SerieA,Juventus,Torino,6,3,1,2,-0.15,7,5,4,1,3,-0.45,7,1.0,1.0
2023-10-07,2023-24,SerieA,Genoa,Milan,6,3,1,2,-0.25,7,7,3,0,2,-0.15,7,-1.0,0.0
2023-10-07,2023-24,Ligue1,Reims,Monaco,6,3,1,2,-0.25,7,7,3,0,1,-0.15,7,-1.0,0.0
2023-10-07,2023-24,LaLiga,Real Madrid,Osasuna,7,4,0,3,-0.35,8,6,4,1,2,-0.45,8,1.0,1.0
2023-10-07,2023-24,LaLiga,Cadiz,Girona,6,3,1,3,-0.25,8,7,4,0,2,-0.35,8,-1.0,0.0
2023-10-07,2023-24,LaLiga,Mallorca,Valencia,7,3,0,2,-0.15,8,6,3,1,2,-0.25,8,1.0,0.5
2023-10-08,2023-24,LaLiga,Alaves,Betis,7,3,0,2,-0.2,8,7,3,0,2,-0.2,8,0.0,0.5
2023-10-08,2023-24,Ligue1,Marseille,Le Havre,8,2,0,1,0.05,7,7,2,0,1,-0.05,7,1.0,1.0
2023-10-08,2023-24,Ligue1,Brest,Toulouse,7,2,0,1,0.0,7,7,2,0,1,0.0,7,0.0,0.5
2023-10-08,2023-24,Ligue1,Lyon,Lorient,7,2,0,1,0.0,7,7,2,0,1,0.0,7,0.0,0.5
2023-10-08,2023-24,SerieA,Napoli,Fiorentina,8,3,0,2,-0.1,7,6,3,1,2,-0.3,7,2.0,0.0
2023-10-08,2023-24,LaLiga,Granada,Barcelona,7,4,0,2,-0.5,8,9,3,0,2,-0.1,8,-2.0,0.5
2023-10-08,2023-24,LaLiga,Celta,Getafe,6,3,1,2,-0.3,8,8,3,0,2,-0.1,8,-2.0,0.5
2023-10-08,2023-24,Bundesliga,Leverkusen,FC Koln,8,2,0,1,0.0,6,8,2,0,1,0.0,6,0.0,1.0
2023-10-08,2023-24,EPL,Wolves,Aston Villa,8,2,0,1,0.0,7,8,2,0,1,0.0,7,0.0,0.5
2023-10-08,2023-24,EPL,Brighton,Liverpool,8,2,0,1,0.0,7,8,2,0,1,0.0,7,0.0,0.5
2023-10-08,2023-24,SerieA,Cagliari,Roma,6,3,1,2,-0.25,7,7,3,0,2,-0.15,7,-1.0,0.0
2023-10-08,2023-24,SerieA,Lazio,Atalanta,8,3,0,2,-0.15,7,7,3,0,2,-0.25,7,1.0,1.0
2023-10-08,2023-24,SerieA,Frosinone,Verona,7,3,0,2,-0.15,7,6,4,1,2,-0.45,7,1.0,1.0
2023-10-08,2023-24,SerieA,Monza,Salernitana,6,3,1,2,-0.3,7,8,4,0,2,-0.3,7,-2.0,1.0
2023-10-08,2023-24,LaLiga,Ath Madrid,Sociedad,7,3,0,2,-0.25,7,8,3,0,2,-0.15,8,-1.0,1.0
2023-10-08,2023-24,LaLiga,Villarreal,Las Palmas,8,3,0,2,-0.1,8,6,3,1,2,-0.3,8,2.0,0.0
2023-10-08,2023-24,Bundesliga,Bayern Munich,Freiburg,8,2,0,1,0.05,6,7,2,0,1,-0.05,6,1.0,1.0
2023-10-08,2023-24,Ligue1,Rennes,Paris SG,7,2,0,1,-0.05,7,8,2,0,1,0.05,7,-1.0,0.0
2023-10-08,2023-24,Ligue1,Lens,Lille,9,2,0,1,0.1,7,7,2,0,2,-0.1,7,2.0,0.5
2023-10-08,2023-24,EPL,Arsenal,Man City,8,2,0,1,0.0,7,8,2,0,1,0.0,7,0.0,1.0
2023-10-08,2023-24,Bundesliga,Ein Frankfurt,Heidenheim,8,2,0,1,0.0,6,8,2,0,1,0.0,6,0.0,1.0
2023-10-08,2023-24,EPL,West Ham,Newcastle,8,2,0,1,0.0,7,8,2,0,1,0.0,7,0.0,0.5
2023-10-20,2023-24,LaLiga,Osasuna,Granada,13,2,0,1,0.05,9,12,2,0,1,-0.05,9,1.0,1.0
2023-10-20,2023-24,Bundesliga,Dortmund,Werder Bremen,13,1,0,1,0.0,7,13,2,0,1,0.0,7,0.0,1.0
2023-10-20,2023-24,Ligue1,Le Havre,Lens,12,2,0,1,0.0,8,12,1,0,1,0.0,8,0.0,0.5
2023-10-21,2023-24,Bundesliga,Darmstadt,RB Leipzig,14,2,0,0,0.0,7,14,1,0,0,0.0,7,0.0,0.0
2023-10-21,2023-24,SerieA,Verona,Napoli,13,2,0,1,0.0,8,13,1,0,1,0.0,8,0.0,0.0
2023-10-21,2023-24,EPL,Sheffield United,Man United,14,1,0,0,0.0,8,14,1,0,0,0.0,8,0.0,0.0
2023-10-21,2023-24,Bundesliga,Freiburg,Bochum,13,2,0,1,-0.05,7,14,1,0,0,0.05,7,-1.0,1.0
2023-10-21,2023-24,LaLiga,Celta,Ath Madrid,13,2,0,1,0.0,9,13,2,0,1,0.0,8,0.0,0.0
2023-10-21,2023-24,SerieA,Sassuolo,Lazio,15,2,0,0,0.1,8,13,1,0,1,-0.1,8,2.0,0.0
2023-10-21,2023-24,EPL,Chelsea,Arsenal,14,2,0,0,0.05,8,13,1,0,1,-0.05,8,1.0,0.5
2023-10-21,2023-24,Bundesliga,Hoffenheim,Ein Frankfurt,14,1,0,0,0.05,7,13,1,0,1,-0.05,7,1.0,0.0
2023-10-21,2023-24,LaLiga,Sociedad,Mallorca,13,1,0,1,-0.05,9,14,1,0,0,0.05,9,-1.0,1.0
2023-10-21,2023-24,Bundesliga,Wolfsburg,Leverkusen,14,1,0,0,0.05,7,13,1,0,1,-0.05,7,1.0,0.0
2023-10-21,2023-24,EPL,Liverpool,Everton,13,1,0,1,-0.05,8,14,1,0,0,0.05,8,-1.0,1.0
2023-10-21,2023-24,EPL,Bournemouth,Wolves,14,1,0,0,0.05,8,13,1,0,1,-0.05,8,1.0,0.0
2023-10-21,2023-24,EPL,Brentford,Burnley,14,2,0,0,0.0,8,14,2,0,0,0.0,8,0.0,1.0
2023-10-21,2023-24,EPL,Man City,Brighton,13,1,0,1,0.0,8,13,1,0,1,0.0,8,0.0,1.0
2023-10-21,2023-24,EPL,Newcastle,Crystal Palace,13,1,0,1,-0.05,8,14,1,0,0,0.05,8,-1.0,1.0
2023-10-21,2023-24,EPL,Nott'm Forest,Luton,14,2,0,0,0.0,8,14,2,0,0,0.0,8,0.0,0.5
2023-10-21,2023-24,Bundesliga,Union Berlin,Stuttgart,14,1,0,0,0.0,7,14,1,0,0,0.0,7,0.0,0.0
2023-10-21,2023-24,SerieA,Torino,Inter,14,2,0,0,0.0,8,14,1,0,0,0.0,8,0.0,0.0
2023-10-21,2023-24,LaLiga,Sevilla,Real Madrid,14,1,0,0,0.0,8,14,1,0,0,0.0,9,0.0,0.5
2023-10-21,2023-24,Ligue1,Paris SG,Strasbourg,13,1,0,1,-0.1,8,15,1,0,0,0.1,8,-2.0,1.0
2023-10-21,2023-24,Ligue1,Nice,Marseille,14,2,0,0,0.05,8,13,1,0,1,-0.05,8,1.0,1.0
2023-10-21,2023-24,Bundesliga,Mainz,Bayern Munich,15,1,0,0,0.1,7,13,1,0,1,-0.1,7,2.0,0.0
2023-10-21,2023-24,LaLiga,Getafe,Betis,13,1,0,1,0.0,9,13,2,0,1,0.0,9,0.0,0.5
2023-10-22,2023-24,SerieA,Salernitana,Cagliari,14,1,0,0,0.0,8,14,2,0,0,0.0,8,0.0,0.5
2023-10-22,2023-24,SerieA,Bologna,Frosinone,15,1,0,0,0.05,8,14,1,0,0,-0.05,8,1.0,1.0
2023-10-22,2023-24,LaLiga,Barcelona,Ath Bilbao,14,1,0,0,-0.1,9,16,1,0,0,0.1,9,-2.0,1.0
2023-10-22,2023-24,Bundesliga,Heidenheim,Augsburg,14,1,0,0,-0.05,7,15,1,0,0,0.05,7,-1.0,0.0
2023-10-22,2023-24,LaLiga,Girona,Almeria,15,1,0,0,-0.05,9,16,1,0,0,0.05,9,-1.0,1.0
2023-10-22,2023-24,LaLiga,Las Palmas,Vallecano,14,2,0,0,-0.05,9,15,1,0,0,0.05,9,-1.0,0.0
2023-10-22,2023-24,Bundesliga,FC Koln,M'gladbach,14,1,0,0,-0.1,7,16,1,0,0,0.1,7,-2.0,1.0
2023-10-22,2023-24,SerieA,Atalanta,Genoa,14,1,0,0,-0.05,8,15,1,0,0,0.05,8,-1.0,1.0
2023-10-22,2023-24,LaLiga,Villarreal,Alaves,14,1,0,0,0.0,9,14,1,0,0,0.0,9,0.0,0.5
2023-10-22,2023-24,SerieA,Milan,Juventus,15,1,0,0,0.0,8,15,1,0,0,0.0,8,0.0,0.0
2023-10-22,2023-24,SerieA,Roma,Monza,14,1,0,0,0.0,8,14,2,0,0,0.0,8,0.0,1.0
2023-10-22,2023-24,Ligue1,Monaco,Metz,15,1,0,0,0.0,8,15,1,0,0,0.0,8,0.0,1.0
2023-10-22,2023-24,Ligue1,Toulouse,Reims,14,1,0,0,-0.05,8,15,1,0,0,0.05,8,-1.0,0.5
2023-10-22,2023-24,Ligue1,Nantes,Montpellier,16,1,0,0,-0.25,8,21,0,0,0,0.25,7,-5.0,1.0
2023-10-22,2023-24,Ligue1,Lille,Brest,14,1,0,0,0.0,8,14,1,0,0,0.0,8,0.0,1.0
2023-10-22,2023-24,Ligue1,Lorient,Rennes,14,1,0,0,0.0,8,14,1,0,0,0.0,8,0.0,1.0
2023-10-22,2023-24,EPL,Aston Villa,West Ham,14,1,0,0,0.0,8,14,1,0,0,0.0,8,0.0,1.0
2023-10-22,2023-24,Ligue1,Lyon,Clermont,14,1,0,0,-0.4,8,22,0,0,0,0.4,7,-8.0,0.0
2023-10-23,2023-24,LaLiga,Valencia,Cadiz,16,1,0,0,0.0,9,16,1,0,0,0.0,9,0.0,1.0
2023-10-23,2023-24,SerieA,Fiorentina,Empoli,15,1,0,0,-0.1,8,17,1,0,0,0.1,8,-2.0,0.0
2023-10-23,2023-24,SerieA,Udinese,Lecce,17,1,0,0,0.0,8,17,1,0,0,0.0,8,0.0,0.5
2023-10-23,2023-24,EPL,Tottenham,Fulham,16,1,0,0,0.0,8,16,1,0,0,0.0,8,0.0,1.0
2023-10-27,2023-24,EPL,Crystal Palace,Tottenham,6,2,1,1,0.1,9,4,2,1,1,-0.1,9,2.0,0.0
2023-10-27,2023-24,LaLiga,Girona,Celta,5,2,1,1,-0.05,10,6,2,1,1,0.05,10,-1.0,1.0
2023-10-27,2023-24,Bundesliga,Bochum,Mainz,6,2,1,1,0.0,8,6,1,1,1,0.0,8,0.0,0.5
2023-10-27,2023-24,Ligue1,Clermont,Nice,5,1,1,1,-0.05,8,6,2,1,1,0.05,9,-1.0,0.0
2023-10-27,2023-24,SerieA,Genoa,Salernitana,5,2,1,1,0.0,9,5,2,1,1,0.0,9,0.0,1.0
2023-10-28,2023-24,Bundesliga,Bayern Munich,Darmstadt,7,2,0,1,0.0,8,7,1,0,1,0.0,8,0.0,1.0
2023-10-28,2023-24,Bundesliga,Stuttgart,Hoffenheim,7,1,0,1,0.0,8,7,1,0,1,0.0,8,0.0,0.0
2023-10-28,2023-24,Bundesliga,Werder Bremen,Union Berlin,8,1,0,1,0.05,8,7,1,0,1,-0.05,8,1.0,1.0
2023-10-28,2023-24,Bundesliga,RB Leipzig,FC Koln,7,1,0,1,0.05,8,6,2,1,1,-0.05,8,1.0,1.0
2023-10-28,2023-24,LaLiga,Almeria,Las Palmas,6,1,1,1,0.0,10,6,2,1,1,0.0,10,0.0,0.0
2023-10-28,2023-24,LaLiga,Barcelona,Real Madrid,6,2,1,1,-0.05,10,7,1,0,1,0.05,10,-1.0,0.0
2023-10-28,2023-24,LaLiga,Mallorca,Getafe,7,1,0,1,0.0,10,7,2,0,1,0.0,10,0.0,0.5
2023-10-28,2023-24,LaLiga,Cadiz,Sevilla,5,1,1,1,-0.1,10,7,1,0,1,0.1,9,-2.0,0.5
2023-10-28,2023-24,Bundesliga,Augsburg,Wolfsburg,6,1,1,1,-0.05,8,7,1,0,1,0.05,8,-1.0,1.0
2023-10-28,2023-24,Bundesliga,M'gladbach,Heidenheim,6,1,1,1,0.0,8,6,2,1,1,0.0,8,0.0,1.0
2023-10-28,2023-24,SerieA,Juventus,Verona,6,1,1,1,-0.05,9,7,2,0,1,0.05,9,-1.0,1.0
2023-10-28,2023-24,Ligue1,Lens,Nantes,8,2,0,1,0.1,9,6,1,1,1,-0.1,9,2.0,1.0
2023-10-28,2023-24,SerieA,Lecce,Torino,5,1,1,1,-0.1,9,7,1,0,1,0.1,9,-2.0,0.0
2023-10-28,2023-24,SerieA,Sassuolo,Bologna,7,1,0,1,0.05,9,6,1,1,1,-0.05,9,1.0,0.5
2023-10-28,2023-24,Ligue1,Reims,Lorient,6,1,1,1,0.0,9,6,2,1,1,0.0,9,0.0,1.0
2023-10-28,2023-24,EPL,Wolves,Newcastle,7,2,0,1,0.0,9,7,2,0,1,0.0,9,0.0,0.5
2023-10-28,2023-24,EPL,Bournemouth,Burnley,7,1,0,1,0.0,9,7,1,0,1,0.0,9,0.0,1.0
2023-10-28,2023-24,EPL,Chelsea,Brentford,7,1,0,1,0.0,9,7,1,0,1,0.0,9,0.0,0.0
2023-10-28,2023-24,EPL,Arsenal,Sheffield United,7,2,0,1,0.0,9,7,1,0,1,0.0,9,0.0,1.0
2023-10-29,2023-24,Ligue1,Montpellier,Toulouse,7,1,0,1,0.0,8,7,1,0,1,0.0,9,0.0,1.0
2023-10-29,2023-24,Bundesliga,Leverkusen,Freiburg,8,1,0,1,0.0,8,8,1,0,1,0.0,8,0.0,1.0
2023-10-29,2023-24,Bundesliga,Ein Frankfurt,Dortmund,8,1,0,1,-0.05,8,9,1,0,1,0.05,8,-1.0,0.5
2023-10-29,2023-24,SerieA,Napoli,Milan,8,1,0,1,0.05,9,7,1,0,1,-0.05,9,1.0,0.5
2023-10-29,2023-24,SerieA,Inter,Roma,8,1,0,1,0.05,9,7,1,0,1,-0.05,9,1.0,1.0
2023-10-29,2023-24,LaLiga,Ath Madrid,Alaves,8,1,0,1,0.05,9,7,1,0,1,-0.05,10,1.0,1.0
2023-10-29,2023-24,LaLiga,Ath Bilbao,Valencia,7,1,0,1,0.05,10,6,1,1,1,-0.05,10,1.0,0.5
2023-10-29,2023-24,Ligue1,Rennes,Strasbourg,7,1,0,1,-0.05,9,8,1,0,1,0.05,9,-1.0,0.5
2023-10-29,2023-24,LaLiga,Betis,Osasuna,8,1,0,1,-0.05,10,9,1,0,1,0.05,10,-1.0,1.0
2023-10-29,2023-24,Ligue1,Brest,Paris SG,7,1,0,1,-0.05,9,8,1,0,1,0.05,9,-1.0,0.0
2023-10-29,2023-24,LaLiga,Vallecano,Sociedad,7,1,0,1,-0.05,10,8,1,0,1,0.05,10,-1.0,0.5
2023-10-29,2023-24,Ligue1,Lille,Monaco,7,1,0,1,0.0,9,7,1,0,1,0.0,9,0.0,1.0
2023-10-29,2023-24,EPL,Man United,Man City,8,1,0,1,0.0,9,8,1,0,1,0.0,9,0.0,0.0
2023-10-29,2023-24,EPL,Liverpool,Nott'm Forest,8,1,0,1,0.0,9,8,1,0,1,0.0,9,0.0,1.0
2023-10-29,2023-24,EPL,Brighton,Fulham,8,1,0,1,0.1,9,6,1,1,1,-0.1,9,2.0,0.5
2023-10-29,2023-24,EPL,Aston Villa,Luton,7,1,0,1,-0.05,9,8,1,0,1,0.05,9,-1.0,1.0
2023-10-29,2023-24,EPL,West Ham,Everton,7,1,0,1,-0.05,9,8,1,0,1,0.05,9,-1.0,0.0
2023-10-29,2023-24,Ligue1,Metz,Le Havre,7,1,0,1,-0.1,9,9,1,0,1,0.1,9,-2.0,0.5
2023-10-29,2023-24,SerieA,Cagliari,Frosinone,7,1,0,1,0.0,9,7,1,0,1,0.0,9,0.0,1.0
2023-10-29,2023-24,SerieA,Monza,Udinese,7,1,0,1,0.05,9,6,1,1,1,-0.05,9,1.0,0.5
2023-10-30,2023-24,LaLiga,Granada,Villarreal,10,1,0,1,0.1,10,8,1,0,1,-0.1,10,2.0,0.0
2023-10-30,2023-24,SerieA,Empoli,Atalanta,7,1,0,1,-0.05,9,8,1,0,1,0.05,9,-1.0,0.0
2023-10-30,2023-24,SerieA,Lazio,Fiorentina,9,1,0,1,0.1,9,7,1,0,1,-0.1,9,2.0,1.0
2023-11-03,2023-24,SerieA,Bologna,Lazio,6,2,1,2,0.1,10,4,2,1,2,-0.1,10,2.0,1.0
2023-11-03,2023-24,Bundesliga,Darmstadt,Bochum,6,2,1,2,-0.05,9,7,2,0,2,0.05,9,-1.0,0.0
2023-11-03,2023-24,LaLiga,Las Palmas,Ath Madrid,6,2,1,2,0.05,11,5,2,1,2,-0.05,10,1.0,1.0
2023-11-03,2023-24,Ligue1,Paris SG,Montpellier,5,2,1,2,0.0,10,5,2,1,2,0.0,9,0.0,1.0
2023-11-04,2023-24,Bundesliga,Hoffenheim,Leverkusen,7,2,0,1,0.05,9,6,2,1,1,-0.05,9,1.0,0.0
2023-11-04,2023-24,LaLiga,Sociedad,Barcelona,6,2,1,1,-0.05,11,7,2,0,2,0.05,11,-1.0,0.0
2023-11-04,2023-24,EPL,Newcastle,Arsenal,7,2,0,1,0.0,10,7,2,0,1,0.0,10,0.0,1.0
2023-11-04,2023-24,EPL,Man City,Bournemouth,6,2,1,1,-0.05,10,7,2,0,1,0.05,10,-1.0,1.0
2023-11-04,2023-24,EPL,Everton,Brighton,6,2,1,1,0.0,10,6,2,1,1,0.0,10,0.0,0.5
2023-11-04,2023-24,EPL,Burnley,Crystal Palace,7,2,0,1,-0.05,10,8,2,0,1,0.05,10,-1.0,0.0
2023-11-04,2023-24,EPL,Brentford,West Ham,7,2,0,1,0.05,10,6,2,1,2,-0.05,10,1.0,1.0
2023-11-04,2023-24,EPL,Fulham,Man United,6,2,1,2,0.0,10,6,2,1,1,0.0,10,0.0,0.0
2023-11-04,2023-24,Ligue1,Marseille,Lille,14,1,0,0,0.4,9,6,2,1,2,-0.4,10,8.0,0.5
2023-11-04,2023-24,Ligue1,Lorient,Lens,7,2,0,2,0.0,10,7,2,0,1,0.0,10,0.0,0.5
2023-11-04,2023-24,SerieA,Milan,Udinese,6,2,1,2,0.0,10,6,2,1,2,0.0,10,0.0,0.0
2023-11-04,2023-24,SerieA,Atalanta,Inter,5,2,1,2,-0.05,10,6,2,1,1,0.05,10,-1.0,0.0
2023-11-04,2023-24,SerieA,Salernitana,Napoli,8,2,0,2,0.1,10,6,2,1,1,-0.1,10,2.0,0.0
2023-11-04,2023-24,Bundesliga,Mainz,RB Leipzig,8,2,0,1,0.05,9,7,2,0,1,-0.05,9,1.0,1.0
2023-11-04,2023-24,LaLiga,Celta,Sevilla,8,2,0,1,0.05,11,7,2,0,1,-0.05,10,1.0,0.5
2023-11-04,2023-24,LaLiga,Betis,Mallorca,6,2,1,1,-0.05,11,7,2,0,1,0.05,11,-1.0,1.0
2023-11-04,2023-24,EPL,Sheffield United,Wolves,7,2,0,1,0.0,10,7,2,0,1,0.0,10,0.0,1.0
2023-11-04,2023-24,Bundesliga,Freiburg,M'gladbach,6,2,1,1,-0.05,9,7,2,0,2,0.05,9,-1.0,0.5
2023-11-04,2023-24,Bundesliga,Dortmund,Bayern Munich,6,2,1,1,-0.05,9,7,2,0,1,0.05,9,-1.0,0.0
2023-11-04,2023-24,Bundesliga,Union Berlin,Ein Frankfurt,7,2,0,1,0.05,9,6,2,1,1,-0.05,9,1.0,0.0
2023-11-04,2023-24,Bundesliga,FC Koln,Augsburg,7,2,0,2,0.0,9,7,2,0,2,0.0,9,0.0,0.5
2023-11-04,2023-24,LaLiga,Osasuna,Girona,6,2,1,1,-0.1,11,8,2,0,2,0.1,11,-2.0,0.0
2023-11-05,2023-24,SerieA,Fiorentina,Juventus,6,2,1,2,-0.1,10,8,2,0,1,0.1,10,-2.0,0.0
2023-11-05,2023-24,Ligue1,Strasbourg,Clermont,7,2,0,1,-0.1,10,9,2,0,1,0.1,9,-2.0,0.5
2023-11-05,2023-24,Ligue1,Toulouse,Le Havre,7,2,0,1,0.0,10,7,2,0,1,0.0,10,0.0,0.0
2023-11-05,2023-24,EPL,Nott'm Forest,Aston Villa,7,2,0,1,0.0,10,7,2,0,1,0.0,10,0.0,1.0
2023-11-05,2023-24,EPL,Luton,Liverpool,7,2,0,1,0.0,10,7,2,0,1,0.0,10,0.0,0.5
2023-11-05,2023-24,LaLiga,Alaves,Almeria,7,2,0,1,-0.05,11,8,2,0,1,0.05,11,-1.0,1.0
2023-11-05,2023-24,Ligue1,Monaco,Brest,7,2,0,1,0.0,10,7,2,0,1,0.0,10,0.0,1.0
2023-11-05,2023-24,Ligue1,Nice,Rennes,9,2,0,1,0.1,10,7,2,0,1,-0.1,10,2.0,1.0
2023-11-05,2023-24,SerieA,Roma,Lecce,7,2,0,1,-0.05,10,8,2,0,2,0.05,10,-1.0,1.0
2023-11-05,2023-24,SerieA,Cagliari,Genoa,7,2,0,1,-0.1,10,9,2,0,1,0.1,10,-2.0,1.0
2023-11-05,2023-24,SerieA,Verona,Monza,8,2,0,1,0.05,10,7,2,0,1,-0.05,10,1.0,0.0
2023-11-05,2023-24,Bundesliga,Heidenheim,Stuttgart,8,2,0,1,0.0,9,8,2,0,1,0.0,9,0.0,1.0
2023-11-05,2023-24,Bundesliga,Wolfsburg,Werder Bremen,8,2,0,1,0.0,9,8,2,0,1,0.0,9,0.0,0.5
2023-11-05,2023-24,LaLiga,Valencia,Granada,7,2,0,2,0.05,11,6,2,1,1,-0.05,11,1.0,1.0
2023-11-05,2023-24,LaLiga,Villarreal,Ath Bilbao,6,2,1,1,-0.05,11,7,2,0,1,0.05,11,-1.0,0.0
2023-11-05,2023-24,LaLiga,Real Madrid,Vallecano,8,2,0,1,0.05,11,7,2,0,1,-0.05,11,1.0,0.5
2023-11-05,2023-24,Ligue1,Lyon,Metz,14,1,0,0,0.35,9,7,2,0,1,-0.35,10,7.0,0.5
2023-11-05,2023-24,Ligue1,Nantes,Reims,8,2,0,1,0.0,10,8,2,0,1,0.0,10,0.0,0.0
2023-11-06,2023-24,LaLiga,Getafe,Cadiz,9,2,0,1,0.0,11,9,2,0,1,0.0,11,0.0,1.0
2023-11-06,2023-24,SerieA,Torino,Sassuolo,9,2,0,1,0.0,10,9,2,0,1,0.0,10,0.0,1.0
2023-11-06,2023-24,SerieA,Frosinone,Empoli,8,2,0,1,0.05,10,7,2,0,1,-0.05,10,1.0,1.0
2023-11-06,2023-24,EPL,Tottenham,Chelsea,10,2,0,1,0.05,10,9,2,0,1,-0.05,10,1.0,0.0
2023-11-10,2023-24,Ligue1,Montpellier,Nice,7,3,0,2,-0.1,10,5,3,1,1,-0.3,11,2.0,0.5
2023-11-10,2023-24,Bundesliga,M'gladbach,Wolfsburg,6,3,1,2,-0.15,10,5,3,1,2,-0.25,10,1.0,1.0
2023-11-10,2023-24,LaLiga,Ath Bilbao,Celta,5,3,1,2,-0.25,12,6,3,1,1,-0.15,12,-1.0,1.0
2023-11-10,2023-24,SerieA,Sassuolo,Salernitana,4,3,1,2,-0.3,11,6,3,1,1,-0.1,11,-2.0,0.5
2023-11-10,2023-24,SerieA,Genoa,Verona,5,3,1,1,-0.2,11,5,3,1,2,-0.2,11,0.0,1.0
2023-11-11,2023-24,LaLiga,Almeria,Sociedad,6,3,1,1,-0.25,12,7,2,0,2,0.05,12,-1.0,0.0
2023-11-11,2023-24,LaLiga,Granada,Getafe,6,2,1,2,0.05,12,5,2,1,1,-0.05,12,1.0,0.5
2023-11-11,2023-24,LaLiga,Osasuna,Las Palmas,7,2,0,2,-0.05,12,8,3,0,1,-0.15,12,-1.0,0.5
2023-11-11,2023-24,LaLiga,Real Madrid,Valencia,6,2,1,1,0.0,12,6,3,1,2,-0.2,12,0.0,1.0
2023-11-11,2023-24,SerieA,Monza,Torino,6,3,1,2,-0.15,11,5,2,1,1,-0.05,11,1.0,0.5
2023-11-11,2023-24,SerieA,Juventus,Cagliari,6,3,1,1,-0.2,11,6,3,1,2,-0.2,11,0.0,1.0
2023-11-11,2023-24,SerieA,Lecce,Milan,6,3,1,1,-0.25,11,7,3,0,2,-0.15,11,-1.0,0.5
2023-11-11,2023-24,EPL,Bournemouth,Newcastle,7,2,0,1,0.0,11,7,2,0,1,0.0,11,0.0,1.0
2023-11-11,2023-24,Ligue1,Le Havre,Monaco,6,2,1,2,0.0,11,6,3,1,2,-0.2,11,0.0,0.5
2023-11-11,2023-24,EPL,Crystal Palace,Everton,7,2,0,1,0.0,11,7,2,0,2,0.0,11,0.0,0.0
2023-11-11,2023-24,EPL,Man United,Luton,7,2,0,2,0.05,11,6,2,1,2,-0.05,11,1.0,1.0
2023-11-11,2023-24,EPL,Wolves,Tottenham,7,2,0,1,0.1,11,5,3,1,1,-0.3,11,2.0,1.0
2023-11-11,2023-24,Bundesliga,Darmstadt,Mainz,8,2,0,1,0.05,10,7,2,0,1,-0.05,10,1.0,0.5
2023-11-11,2023-24,Bundesliga,Stuttgart,Dortmund,6,2,1,1,-0.05,10,7,2,0,2,0.05,10,-1.0,1.0
2023-11-11,2023-24,Bundesliga,Bochum,FC Koln,8,2,0,1,0.05,10,7,3,0,1,-0.25,10,1.0,0.5
2023-11-11,2023-24,EPL,Arsenal,Burnley,7,2,0,1,0.0,11,7,2,0,1,0.0,11,0.0,1.0
2023-11-11,2023-24,Ligue1,Reims,Paris SG,6,3,1,1,-0.3,11,8,2,0,2,0.1,11,-2.0,0.0
2023-11-11,2023-24,Bundesliga,Bayern Munich,Heidenheim,7,2,0,1,0.05,10,6,3,1,1,-0.25,10,1.0,1.0
2023-11-11,2023-24,Bundesliga,Augsburg,Hoffenheim,7,3,0,1,-0.2,10,7,2,0,1,0.0,10,0.0,0.5
2023-11-11,2023-24,LaLiga,Vallecano,Girona,6,3,1,2,-0.25,12,7,3,0,1,-0.15,12,-1.0,0.0
2023-11-12,2023-24,SerieA,Napoli,Empoli,8,2,0,1,0.1,11,6,3,1,2,-0.3,11,2.0,0.0
2023-11-12,2023-24,SerieA,Fiorentina,Bologna,7,3,0,2,-0.3,11,9,2,0,1,0.1,11,-2.0,1.0
2023-11-12,2023-24,SerieA,Lazio,Roma,9,2,0,2,0.1,11,7,2,0,1,-0.1,11,2.0,0.5
2023-11-12,2023-24,SerieA,Inter,Frosinone,8,2,0,1,0.1,11,6,2,1,1,-0.1,11,2.0,1.0
2023-11-12,2023-24,Bundesliga,Leverkusen,Union Berlin,8,2,0,1,0.0,10,8,2,0,1,0.0,10,0.0,1.0
2023-11-12,2023-24,Bundesliga,RB Leipzig,Freiburg,8,2,0,1,0.0,10,8,2,0,1,0.0,10,0.0,1.0
2023-11-12,2023-24,Bundesliga,Werder Bremen,Ein Frankfurt,7,2,0,1,-0.05,10,8,2,0,1,0.05,10,-1.0,0.5
2023-11-12,2023-24,SerieA,Udinese,Atalanta,8,3,0,1,-0.2,11,8,2,0,2,0.0,11,0.0,0.5
2023-11-12,2023-24,LaLiga,Barcelona,Alaves,8,2,0,1,0.05,12,7,2,0,1,-0.05,12,1.0,1.0
2023-11-12,2023-24,LaLiga,Ath Madrid,Villarreal,9,2,0,1,0.1,11,7,2,0,2,-0.1,12,2.0,1.0
2023-11-12,2023-24,LaLiga,Sevilla,Betis,8,2,0,1,0.0,11,8,2,0,1,0.0,12,0.0,0.5
2023-11-12,2023-24,EPL,Chelsea,Man City,6,2,1,1,-0.1,11,8,2,0,1,0.1,11,-2.0,0.5
2023-11-12,2023-24,EPL,West Ham,Nott'm Forest,8,2,0,1,0.05,11,7,2,0,1,-0.05,11,1.0,1.0
2023-11-12,2023-24,EPL,Liverpool,Brentford,7,2,0,1,-0.05,11,8,2,0,1,0.05,11,-1.0,1.0
2023-11-12,2023-24,EPL,Brighton,Sheffield United,8,2,0,1,0.0,11,8,2,0,1,0.0,11,0.0,0.5
2023-11-12,2023-24,EPL,Aston Villa,Fulham,7,2,0,1,-0.05,11,8,3,0,1,-0.15,11,-1.0,1.0
2023-11-12,2023-24,Ligue1,Lille,Toulouse,8,2,0,1,0.05,11,7,2,0,1,-0.05,11,1.0,0.5
2023-11-12,2023-24,Ligue1,Metz,Nantes,7,2,0,1,0.0,11,7,2,0,1,0.0,11,0.0,1.0
2023-11-12,2023-24,Ligue1,Clermont,Lorient,7,2,0,1,-0.05,10,8,2,0,1,0.05,11,-1.0,1.0
2023-11-12,2023-24,Ligue1,Lens,Marseille,8,2,0,1,0.0,11,8,1,0,1,0.0,10,0.0,1.0
2023-11-12,2023-24,Ligue1,Rennes,Lyon,7,2,0,1,0.0,11,7,1,0,1,0.0,10,0.0,0.0
2023-11-24,2023-24,Bundesliga,FC Koln,Bayern Munich,13,2,0,1,0.0,11,13,2,0,1,0.0,11,0.0,0.0
2023-11-24,2023-24,Ligue1,Paris SG,Monaco,13,1,0,1,0.0,12,13,2,0,1,0.0,12,0.0,1.0
2023-11-24,2023-24,LaLiga,Alaves,Granada,12,2,0,1,-0.05,13,13,2,0,1,0.05,13,-1.0,1.0
2023-11-25,2023-24,Ligue1,Strasbourg,Marseille,20,1,0,0,0.35,11,13,1,0,1,-0.35,11,7.0,0.5
2023-11-25,2023-24,Bundesliga,Ein Frankfurt,Stuttgart,13,1,0,1,-0.05,11,14,2,0,0,0.05,11,-1.0,0.0
2023-11-25,2023-24,EPL,Newcastle,Chelsea,14,1,0,0,0.05,12,13,2,0,1,-0.05,12,1.0,1.0
2023-11-25,2023-24,EPL,Nott'm Forest,Brighton,13,2,0,1,0.0,12,13,1,0,1,0.0,12,0.0,0.0
2023-11-25,2023-24,EPL,Sheffield United,Bournemouth,13,1,0,1,-0.05,12,14,1,0,0,0.05,12,-1.0,0.0
2023-11-25,2023-24,EPL,Brentford,Arsenal,13,1,0,1,-0.05,12,14,1,0,0,0.05,12,-1.0,0.0
2023-11-25,2023-24,Bundesliga,Wolfsburg,RB Leipzig,15,2,0,0,0.1,11,13,1,0,1,-0.1,11,2.0,1.0
2023-11-25,2023-24,Bundesliga,Werder Bremen,Leverkusen,13,2,0,1,0.0,11,13,1,0,1,0.0,11,0.0,0.0
2023-11-25,2023-24,Bundesliga,Union Berlin,Augsburg,13,1,0,1,-0.05,11,14,1,0,0,0.05,11,-1.0,0.5
2023-11-25,2023-24,Bundesliga,Freiburg,Darmstadt,13,1,0,1,-0.05,11,14,1,0,0,0.05,11,-1.0,0.5
2023-11-25,2023-24,EPL,Man City,Liverpool,13,1,0,1,0.0,12,13,2,0,1,0.0,12,0.0,0.5
2023-11-25,2023-24,SerieA,Milan,Fiorentina,14,1,0,0,0.05,12,13,2,0,1,-0.05,12,1.0,1.0
2023-11-25,2023-24,SerieA,Atalanta,Napoli,13,1,0,1,0.0,12,13,1,0,1,0.0,12,0.0,0.0
2023-11-25,2023-24,SerieA,Salernitana,Lazio,15,1,0,0,0.1,12,13,1,0,1,-0.1,12,2.0,1.0
2023-11-25,2023-24,EPL,Luton,Crystal Palace,14,2,0,0,0.0,12,14,1,0,0,0.0,12,0.0,1.0
2023-11-25,2023-24,EPL,Burnley,West Ham,14,1,0,0,0.05,12,13,1,0,1,-0.05,12,1.0,0.0
2023-11-25,2023-24,Ligue1,Clermont,Lens,13,2,0,1,0.0,11,13,1,0,1,0.0,12,0.0,0.0
2023-11-25,2023-24,LaLiga,Ath Madrid,Mallorca,13,1,0,1,-0.4,12,21,0,0,0,0.4,12,-8.0,1.0
2023-11-25,2023-24,LaLiga,Getafe,Almeria,14,2,0,0,0.0,13,14,2,0,0,0.0,13,0.0,1.0
2023-11-25,2023-24,LaLiga,Valencia,Celta,14,2,0,0,-0.05,13,15,1,0,0,0.05,13,-1.0,0.5
2023-11-25,2023-24,LaLiga,Vallecano,Barcelona,14,2,0,0,0.05,13,13,1,0,1,-0.05,13,1.0,0.5
2023-11-25,2023-24,Bundesliga,Dortmund,M'gladbach,14,1,0,0,-0.05,11,15,1,0,0,0.05,11,-1.0,1.0
2023-11-26,2023-24,Bundesliga,Heidenheim,Bochum,15,1,0,0,0.0,11,15,1,0,0,0.0,11,0.0,0.5
2023-11-26,2023-24,Bundesliga,Hoffenheim,Mainz,15,1,0,0,0.0,11,15,1,0,0,0.0,11,0.0,0.5
2023-11-26,2023-24,SerieA,Frosinone,Genoa,14,2,0,0,-0.1,12,16,1,0,0,0.1,12,-2.0,1.0
2023-11-26,2023-24,EPL,Everton,Man United,15,1,0,0,0.0,12,15,1,0,0,0.0,12,0.0,0.0
2023-11-26,2023-24,EPL,Tottenham,Aston Villa,15,2,0,0,0.05,12,14,1,0,0,-0.05,12,1.0,0.0
2023-11-26,2023-24,Ligue1,Montpellier,Brest,16,1,0,0,-0.25,11,21,0,0,0,0.25,11,-5.0,0.0
2023-11-26,2023-24,Ligue1,Nantes,Le Havre,14,1,0,0,-0.05,12,15,1,0,0,0.05,12,-1.0,0.5
2023-11-26,2023-24,SerieA,Juventus,Inter,15,1,0,0,0.05,12,14,1,0,0,-0.05,12,1.0,0.5
2023-11-26,2023-24,SerieA,Roma,Udinese,14,1,0,0,0.0,12,14,1,0,0,0.0,12,0.0,1.0
2023-11-26,2023-24,SerieA,Empoli,Sassuolo,14,2,0,0,-0.1,12,16,2,0,0,0.1,12,-2.0,0.0
2023-11-26,2023-24,SerieA,Cagliari,Monza,15,1,0,0,0.0,12,15,1,0,0,0.0,12,0.0,0.5
2023-11-26,2023-24,Ligue1,Rennes,Reims,14,1,0,0,-0.05,12,15,1,0,0,0.05,12,-1.0,1.0
2023-11-26,2023-24,Ligue1,Lyon,Lille,14,1,0,0,0.0,11,14,1,0,0,0.0,12,0.0,0.0
2023-11-26,2023-24,LaLiga,Betis,Las Palmas,14,1,0,0,-0.05,13,15,1,0,0,0.05,13,-1.0,1.0
2023-11-26,2023-24,LaLiga,Cadiz,Real Madrid,20,1,0,0,0.25,12,15,1,0,0,-0.25,13,5.0,0.0
2023-11-26,2023-24,LaLiga,Sociedad,Sevilla,15,1,0,0,0.05,13,14,1,0,0,-0.05,12,1.0,1.0
2023-11-26,2023-24,LaLiga,Villarreal,Osasuna,14,1,0,0,-0.05,13,15,1,0,0,0.05,13,-1.0,1.0
2023-11-26,2023-24,Ligue1,Lorient,Metz,14,1,0,0,0.0,12,14,1,0,0,0.0,12,0.0,0.0
2023-11-26,2023-24,Ligue1,Nice,Toulouse,16,1,0,0,0.1,12,14,1,0,0,-0.1,12,2.0,1.0
2023-11-27,2023-24,SerieA,Bologna,Torino,15,1,0,0,-0.05,12,16,1,0,0,0.05,12,-1.0,1.0
2023-11-27,2023-24,SerieA,Verona,Lecce,17,1,0,0,0.05,12,16,1,0,0,-0.05,12,1.0,0.5
2023-11-27,2023-24,LaLiga,Girona,Ath Bilbao,16,1,0,0,-0.05,13,17,1,0,0,0.05,13,-1.0,0.5
2023-11-27,2023-24,EPL,Fulham,Wolves,15,1,0,0,-0.05,12,16,1,0,0,0.05,12,-1.0,1.0
2023-11-29,2023-24,LaLiga,Mallorca,Cadiz,4,1,1,1,0.05,13,3,1,1,1,-0.45,13,1.0,0.5
2023-11-29,2023-24,Ligue1,Montpellier,Clermont,3,2,1,1,-0.45,12,4,2,1,1,0.05,12,-1.0,0.5
2023-12-01,2023-24,SerieA,Monza,Juventus,5,2,1,1,0.0,13,5,2,1,1,0.0,13,0.0,0.0
2023-12-01,2023-24,Ligue1,Reims,Strasbourg,5,2,1,1,-0.05,13,6,1,1,1,0.05,12,-1.0,1.0
2023-12-01,2023-24,Bundesliga,Darmstadt,FC Koln,6,2,1,1,-0.05,12,7,2,0,1,0.05,12,-1.0,0.0
2023-12-01,2023-24,LaLiga,Las Palmas,Getafe,5,2,1,1,-0.05,14,6,2,1,1,0.05,14,-1.0,1.0
2023-12-02,2023-24,Bundesliga,M'gladbach,Hoffenheim,7,1,0,1,0.05,12,6,1,1,1,-0.05,12,1.0,1.0
2023-12-02,2023-24,SerieA,Genoa,Empoli,6,1,1,1,0.0,13,6,2,1,1,0.0,13,0.0,0.5
2023-12-02,2023-24,EPL,Arsenal,Wolves,7,1,0,1,0.1,13,5,1,1,1,-0.1,13,2.0,1.0
2023-12-02,2023-24,EPL,Brentford,Luton,7,2,0,1,0.0,13,7,1,0,1,0.0,13,0.0,1.0
2023-12-02,2023-24,EPL,Burnley,Sheffield United,7,1,0,1,0.0,13,7,2,0,1,0.0,13,0.0,1.0
2023-12-02,2023-24,EPL,Nott'm Forest,Everton,7,2,0,1,0.05,13,6,1,1,1,-0.05,13,1.0,0.0
2023-12-02,2023-24,EPL,Newcastle,Man United,7,1,0,1,0.05,13,6,1,1,1,-0.05,13,1.0,1.0
2023-12-02,2023-24,Bundesliga,Bochum,Wolfsburg,6,1,1,1,-0.05,12,7,1,0,1,0.05,12,-1.0,1.0
2023-12-02,2023-24,Ligue1,Nantes,Nice,6,2,1,1,0.0,13,6,1,1,1,0.0,13,0.0,1.0
2023-12-02,2023-24,Ligue1,Lens,Lyon,7,2,0,1,0.05,13,6,2,1,1,-0.05,12,1.0,1.0
2023-12-02,2023-24,LaLiga,Osasuna,Sociedad,6,1,1,1,0.0,14,6,1,1,1,0.0,14,0.0,0.5
2023-12-02,2023-24,LaLiga,Real Madrid,Granada,6,1,1,1,-0.1,14,8,1,0,1,0.1,14,-2.0,1.0
2023-12-02,2023-24,LaLiga,Ath Bilbao,Vallecano,5,1,1,1,-0.1,14,7,1,0,1,0.1,14,-2.0,1.0
2023-12-02,2023-24,LaLiga,Girona,Valencia,5,1,1,1,-0.1,14,7,1,0,1,0.1,14,-2.0,1.0
2023-12-02,2023-24,SerieA,Lazio,Cagliari,7,2,0,1,0.05,13,6,1,1,1,-0.05,13,1.0,1.0
2023-12-02,2023-24,SerieA,Milan,Frosinone,7,1,0,1,0.05,13,6,2,1,1,-0.05,13,1.0,1.0
2023-12-02,2023-24,Bundesliga,Stuttgart,Werder Bremen,7,1,0,1,0.0,12,7,2,0,1,0.0,12,0.0,1.0
2023-12-02,2023-24,Bundesliga,RB Leipzig,Heidenheim,7,2,0,1,0.05,12,6,1,1,1,-0.05,12,1.0,1.0
2023-12-03,2023-24,SerieA,Fiorentina,Salernitana,8,1,0,1,0.0,13,8,1,0,1,0.0,13,0.0,1.0
2023-12-03,2023-24,SerieA,Udinese,Verona,7,1,0,1,0.05,13,6,1,1,1,-0.05,13,1.0,0.5
2023-12-03,2023-24,EPL,Chelsea,Brighton,8,1,0,1,0.0,13,8,1,0,1,0.0,13,0.0,1.0
2023-12-03,2023-24,SerieA,Lecce,Bologna,6,1,1,1,0.0,13,6,1,1,1,0.0,13,0.0,0.5
2023-12-03,2023-24,Bundesliga,Augsburg,Ein Frankfurt,8,1,0,1,0.0,12,8,1,0,1,0.0,12,0.0,1.0
2023-12-03,2023-24,EPL,Man City,Tottenham,8,1,0,1,0.05,13,7,1,0,1,-0.05,13,1.0,0.5
2023-12-03,2023-24,EPL,West Ham,Crystal Palace,8,1,0,1,0.0,13,8,1,0,1,0.0,13,0.0,0.5
2023-12-03,2023-24,Ligue1,Marseille,Rennes,8,1,0,1,0.05,12,7,1,0,1,-0.05,13,1.0,1.0
2023-12-03,2023-24,Ligue1,Lille,Metz,7,1,0,1,0.0,13,7,1,0,1,0.0,13,0.0,1.0
2023-12-03,2023-24,Ligue1,Toulouse,Lorient,7,1,0,1,0.0,13,7,1,0,1,0.0,13,0.0,0.5
2023-12-03,2023-24,Ligue1,Monaco,Montpellier,9,1,0,1,0.25,13,4,2,1,2,-0.25,13,5.0,1.0
2023-12-03,2023-24,Ligue1,Brest,Clermont,7,1,0,1,0.15,12,4,2,1,2,-0.15,13,3.0,1.0
2023-12-03,2023-24,Ligue1,Le Havre,Paris SG,7,1,0,1,-0.1,13,9,1,0,1,0.1,13,-2.0,0.0
2023-12-03,2023-24,EPL,Liverpool,Fulham,8,1,0,1,0.1,13,6,1,1,1,-0.1,13,2.0,1.0
2023-12-03,2023-24,SerieA,Sassuolo,Roma,7,1,0,1,0.0,13,7,1,0,1,0.0,13,0.0,0.0
2023-12-03,2023-24,SerieA,Napoli,Inter,8,1,0,1,0.05,13,7,1,0,1,-0.05,13,1.0,0.0
2023-12-03,2023-24,EPL,Bournemouth,Aston Villa,8,1,0,1,0.05,13,7,1,0,1,-0.05,13,1.0,0.5
2023-12-03,2023-24,LaLiga,Almeria,Betis,8,1,0,1,0.05,14,7,1,0,1,-0.05,14,1.0,0.5
2023-12-03,2023-24,LaLiga,Barcelona,Ath Madrid,8,1,0,1,0.0,14,8,1,0,1,0.0,13,0.0,1.0
2023-12-03,2023-24,LaLiga,Sevilla,Villarreal,7,1,0,1,0.0,13,7,1,0,1,0.0,14,0.0,0.5
2023-12-03,2023-24,LaLiga,Mallorca,Alaves,4,2,1,2,-0.25,14,9,1,0,1,0.25,14,-5.0,0.5
2023-12-03,2023-24,Bundesliga,Leverkusen,Dortmund,8,1,0,1,0.0,12,8,1,0,1,0.0,12,0.0,0.5
2023-12-03,2023-24,Bundesliga,Mainz,Freiburg,7,1,0,1,-0.05,12,8,1,0,1,0.05,12,-1.0,0.0
2023-12-04,2023-24,SerieA,Torino,Atalanta,7,1,0,1,-0.1,13,9,1,0,1,0.1,13,-2.0,1.0
2023-12-04,2023-24,LaLiga,Celta,Cadiz,9,1,0,1,0.2,14,5,2,1,2,-0.2,14,4.0,0.5
2023-12-05,2023-24,EPL,Wolves,Burnley,3,2,1,2,-0.4,14,3,2,1,2,-0.4,14,0.0,1.0
2023-12-05,2023-24,EPL,Luton,Arsenal,3,2,1,2,-0.4,14,3,2,1,2,-0.4,14,0.0,0.0
2023-12-06,2023-24,EPL,Brighton,Brentford,3,2,1,2,-0.45,14,4,2,1,2,0.05,14,-1.0,1.0
2023-12-06,2023-24,Ligue1,Marseille,Lyon,3,2,1,2,-0.45,13,4,2,1,2,0.05,13,-1.0,1.0
2023-12-06,2023-24,EPL,Fulham,Nott'm Forest,3,2,1,2,-0.45,14,4,2,1,2,0.05,14,-1.0,1.0
2023-12-06,2023-24,EPL,Sheffield United,Liverpool,4,2,1,2,0.05,14,3,2,1,2,-0.45,14,1.0,0.0
2023-12-06,2023-24,EPL,Aston Villa,Man City,3,2,1,2,-0.4,14,3,2,1,2,-0.4,14,0.0,1.0
2023-12-06,2023-24,EPL,Man United,Chelsea,4,2,1,2,0.05,14,3,2,1,2,-0.45,14,1.0,1.0
2023-12-06,2023-24,EPL,Crystal Palace,Bournemouth,3,2,1,2,-0.4,14,3,2,1,2,-0.4,14,0.0,0.0
2023-12-07,2023-24,EPL,Tottenham,West Ham,4,2,1,2,0.0,14,4,2,1,2,0.0,14,0.0,0.0
2023-12-07,2023-24,Ligue1,Brest,Strasbourg,4,2,1,2,-0.1,13,6,2,1,2,0.1,13,-2.0,0.5
2023-12-07,2023-24,EPL,Everton,Newcastle,5,2,1,2,0.0,14,5,2,1,2,0.0,14,0.0,1.0
2023-12-08,2023-24,LaLiga,Getafe,Valencia,7,2,0,2,0.05,15,6,2,1,2,-0.05,15,1.0,1.0
2023-12-08,2023-24,Ligue1,Montpellier,Lens,5,3,1,3,-0.25,14,6,2,1,2,0.05,14,-1.0,0.5
2023-12-08,2023-24,Bundesliga,Hoffenheim,Bochum,6,2,1,2,0.0,13,6,2,1,2,0.0,13,0.0,1.0
2023-12-08,2023-24,SerieA,Juventus,Napoli,7,2,0,2,0.1,14,5,2,1,2,-0.1,14,2.0,1.0
2023-12-09,2023-24,EPL,Crystal Palace,Liverpool,3,3,2,2,-0.6,15,3,3,2,2,-0.6,15,0.0,0.0
2023-12-09,2023-24,LaLiga,Alaves,Las Palmas,6,2,1,1,-0.1,15,8,2,0,2,0.1,15,-2.0,0.0
2023-12-09,2023-24,EPL,Aston Villa,Arsenal,3,3,2,3,-0.65,15,4,3,1,2,-0.15,15,-1.0,1.0
2023-12-09,2023-24,EPL,Wolves,Nott'm Forest,4,3,1,3,-0.15,15,3,3,1,2,-0.65,15,1.0,0.5
2023-12-09,2023-24,Ligue1,Rennes,Monaco,6,2,1,2,0.0,14,6,2,1,1,0.0,14,0.0,0.0
2023-12-09,2023-24,Ligue1,Paris SG,Nantes,6,2,1,1,-0.05,14,7,2,0,2,0.05,14,-1.0,1.0
2023-12-09,2023-24,EPL,Sheffield United,Brentford,3,3,1,2,-0.6,15,3,3,1,2,-0.6,15,0.0,1.0
2023-12-09,2023-24,EPL,Man United,Bournemouth,3,3,1,3,-0.6,15,3,3,2,2,-0.6,15,0.0,0.0
2023-12-09,2023-24,EPL,Brighton,Burnley,3,3,2,2,-0.65,15,4,3,1,2,-0.15,15,-1.0,0.5
2023-12-09,2023-24,Bundesliga,Dortmund,RB Leipzig,6,2,1,1,-0.05,13,7,2,0,1,0.05,13,-1.0,0.0
2023-12-09,2023-24,Bundesliga,Wolfsburg,Freiburg,7,2,0,1,0.05,13,6,2,1,1,-0.05,13,1.0,0.0
2023-12-09,2023-24,Bundesliga,Union Berlin,M'gladbach,14,1,0,0,0.35,12,7,2,0,1,-0.35,13,7.0,1.0
2023-12-09,2023-24,Bundesliga,Heidenheim,Darmstadt,7,2,0,2,-0.05,13,8,2,0,1,0.05,13,-1.0,1.0
2023-12-09,2023-24,LaLiga,Mallorca,Sevilla,6,3,1,2,-0.2,15,6,2,1,2,0.0,14,0.0,1.0
2023-12-09,2023-24,Bundesliga,Ein Frankfurt,Bayern Munich,6,2,1,1,-0.45,13,15,1,0,0,0.45,12,-9.0,1.0
2023-12-09,2023-24,SerieA,Inter,Udinese,6,2,1,2,0.0,14,6,2,1,2,0.0,14,0.0,1.0
2023-12-09,2023-24,LaLiga,Betis,Real Madrid,6,2,1,2,-0.05,15,7,2,0,2,0.05,15,-1.0,0.5
2023-12-09,2023-24,LaLiga,Villarreal,Sociedad,6,2,1,2,-0.05,15,7,2,0,2,0.05,15,-1.0,0.0
2023-12-09,2023-24,SerieA,Verona,Lazio,6,2,1,2,-0.05,14,7,2,0,1,0.05,14,-1.0,0.5
2023-12-09,2023-24,Bundesliga,Werder Bremen,Augsburg,7,2,0,1,0.05,13,6,2,1,1,-0.05,13,1.0,1.0
2023-12-09,2023-24,SerieA,Atalanta,Milan,5,2,1,1,-0.1,14,7,2,0,1,0.1,14,-2.0,1.0
2023-12-10,2023-24,SerieA,Frosinone,Torino,8,2,0,1,0.1,14,6,2,1,2,-0.1,14,2.0,0.5
2023-12-10,2023-24,EPL,Tottenham,Newcastle,3,3,1,2,-0.6,15,3,3,1,2,-0.6,15,0.0,1.0
2023-12-10,2023-24,EPL,Luton,Man City,5,3,1,2,-0.15,15,4,3,1,2,-0.25,15,1.0,0.0
2023-12-10,2023-24,EPL,Fulham,West Ham,4,3,1,3,-0.15,15,3,3,1,2,-0.65,15,1.0,1.0
2023-12-10,2023-24,LaLiga,Ath Madrid,Almeria,7,2,0,1,0.0,14,7,2,0,1,0.0,15,0.0,1.0
2023-12-10,2023-24,EPL,Everton,Chelsea,3,3,1,2,-0.65,15,4,3,1,2,-0.15,15,-1.0,1.0
2023-12-10,2023-24,Ligue1,Nice,Reims,8,2,0,1,-0.05,14,9,2,0,1,0.05,14,-1.0,1.0
2023-12-10,2023-24,Ligue1,Strasbourg,Le Havre,3,3,1,2,-0.8,14,7,2,0,1,0.2,14,-4.0,1.0
2023-12-10,2023-24,Ligue1,Metz,Brest,7,2,0,1,0.2,14,3,3,1,2,-0.8,14,4.0,0.0
2023-12-10,2023-24,Ligue1,Lyon,Toulouse,4,3,1,2,-0.35,14,7,2,0,1,0.15,14,-3.0,1.0
2023-12-10,2023-24,Ligue1,Lorient,Marseille,7,2,0,1,0.15,14,4,3,1,2,-0.35,14,3.0,0.0
2023-12-10,2023-24,LaLiga,Barcelona,Girona,7,2,0,1,-0.05,15,8,2,0,2,0.05,15,-1.0,0.0
2023-12-10,2023-24,SerieA,Roma,Fiorentina,7,2,0,1,0.0,14,7,2,0,1,0.0,14,0.0,0.5
2023-12-10,2023-24,SerieA,Salernitana,Bologna,7,2,0,1,0.0,14,7,2,0,2,0.0,14,0.0,0.0
2023-12-10,2023-24,SerieA,Monza,Genoa,9,2,0,1,0.05,14,8,2,0,1,-0.05,14,1.0,1.0
2023-12-10,2023-24,Bundesliga,FC Koln,Mainz,9,2,0,1,0.1,13,7,2,0,1,-0.1,13,2.0,0.5
2023-12-10,2023-24,Bundesliga,Stuttgart,Leverkusen,8,2,0,1,0.05,13,7,2,0,1,-0.05,13,1.0,0.5
2023-12-10,2023-24,Ligue1,Clermont,Lille,7,3,0,2,-0.2,14,7,2,0,1,0.0,14,0.0,0.5
2023-12-10,2023-24,LaLiga,Cadiz,Osasuna,6,3,1,2,-0.3,15,8,2,0,1,0.1,15,-2.0,0.5
2023-12-11,2023-24,LaLiga,Vallecano,Celta,9,2,0,1,0.1,15,7,2,0,1,-0.1,15,2.0,0.5
2023-12-11,2023-24,SerieA,Empoli,Lecce,9,2,0,1,0.05,14,8,2,0,1,-0.05,14,1.0,0.5
2023-12-11,2023-24,SerieA,Cagliari,Sassuolo,9,2,0,1,0.05,14,8,2,0,1,-0.05,14,1.0,1.0
2023-12-11,2023-24,LaLiga,Granada,Ath Bilbao,9,2,0,1,0.0,15,9,2,0,1,0.0,15,0.0,0.5
2023-12-15,2023-24,EPL,Nott'm Forest,Tottenham,6,4,1,3,-0.35,16,5,4,1,3,-0.45,16,1.0,0.0
2023-12-15,2023-24,Bundesliga,M'gladbach,Werder Bremen,6,3,1,2,-0.2,14,6,3,1,2,-0.2,14,0.0,0.5
2023-12-15,2023-24,LaLiga,Osasuna,Vallecano,5,3,1,2,-0.15,16,4,3,1,2,-0.25,16,1.0,1.0
2023-12-15,2023-24,Ligue1,Monaco,Lyon,6,2,1,2,0.05,15,5,4,1,3,-0.45,15,1.0,0.0
2023-12-15,2023-24,SerieA,Genoa,Juventus,5,3,1,2,-0.3,15,7,3,0,1,-0.1,15,-2.0,0.5
2023-12-16,2023-24,EPL,Chelsea,Sheffield United,6,3,1,3,-0.25,16,7,3,0,2,-0.15,16,-1.0,1.0
2023-12-16,2023-24,EPL,Burnley,Everton,7,3,0,2,-0.15,16,6,4,1,2,-0.45,16,1.0,0.0
2023-12-16,2023-24,Ligue1,Lens,Reims,8,2,0,1,0.1,15,6,3,1,1,-0.3,15,2.0,1.0
2023-12-16,2023-24,Ligue1,Le Havre,Nice,6,3,1,2,-0.2,15,6,3,1,1,-0.2,15,0.0,1.0
2023-12-16,2023-24,SerieA,Torino,Empoli,6,3,1,2,-0.15,15,5,3,1,1,-0.25,15,1.0,1.0
2023-12-16,2023-24,SerieA,Napoli,Cagliari,8,2,0,2,0.15,15,5,3,1,1,-0.35,15,3.0,1.0
2023-12-16,2023-24,SerieA,Lecce,Frosinone,5,3,1,2,-0.25,15,6,3,1,1,-0.15,15,-1.0,1.0
2023-12-16,2023-24,LaLiga,Celta,Granada,5,2,1,2,0.0,16,5,2,1,1,0.0,16,0.0,1.0
2023-12-16,2023-24,LaLiga,Ath Bilbao,Ath Madrid,5,3,1,1,-0.25,16,6,2,1,2,0.05,15,-1.0,1.0
2023-12-16,2023-24,EPL,Newcastle,Fulham,6,3,1,2,-0.2,16,6,4,1,3,-0.4,16,0.0,1.0
2023-12-16,2023-24,Bundesliga,Augsburg,Dortmund,7,2,0,2,0.0,14,7,2,0,2,0.0,14,0.0,0.5
2023-12-16,2023-24,Bundesliga,Bochum,Union Berlin,8,3,0,1,-0.15,14,7,1,0,1,-0.05,13,1.0,1.0
2023-12-16,2023-24,Bundesliga,Darmstadt,Wolfsburg,7,2,0,1,0.0,14,7,2,0,1,0.0,14,0.0,0.0
2023-12-16,2023-24,Bundesliga,Mainz,Heidenheim,6,3,1,2,-0.25,14,7,3,0,1,-0.15,14,-1.0,0.0
2023-12-16,2023-24,Bundesliga,RB Leipzig,Hoffenheim,7,2,0,1,-0.05,14,8,3,0,1,-0.15,14,-1.0,1.0
2023-12-16,2023-24,LaLiga,Sevilla,Getafe,7,3,0,2,-0.25,15,8,2,0,1,0.05,16,-1.0,0.0
2023-12-16,2023-24,LaLiga,Valencia,Barcelona,8,2,0,1,0.1,16,6,2,1,2,-0.1,16,2.0,0.5
2023-12-16,2023-24,EPL,Man City,Crystal Palace,6,3,1,3,-0.25,16,7,3,0,3,-0.15,16,-1.0,0.5
2023-12-17,2023-24,EPL,Arsenal,Brighton,8,3,0,2,-0.2,16,8,3,0,2,-0.2,16,0.0,1.0
2023-12-17,2023-24,Ligue1,Lille,Paris SG,7,2,0,1,-0.05,15,8,2,0,1,0.05,15,-1.0,0.5
2023-12-17,2023-24,Ligue1,Marseille,Clermont,7,3,0,2,-0.2,15,7,3,0,1,-0.2,15,0.0,1.0
2023-12-17,2023-24,Ligue1,Toulouse,Rennes,7,2,0,1,-0.05,15,8,2,0,1,0.05,15,-1.0,0.5
2023-12-17,2023-24,Ligue1,Metz,Montpellier,7,2,0,1,-0.1,15,9,3,0,1,-0.1,15,-2.0,0.0
2023-12-17,2023-24,EPL,Liverpool,Man United,8,3,0,2,-0.2,16,8,3,0,2,-0.2,16,0.0,0.5
2023-12-17,2023-24,EPL,West Ham,Wolves,7,3,0,2,-0.25,16,8,4,0,2,-0.35,16,-1.0,1.0
2023-12-17,2023-24,EPL,Brentford,Aston Villa,8,3,0,2,-0.2,16,8,3,0,2,-0.2,16,0.0,0.0
2023-12-17,2023-24,LaLiga,Las Palmas,Cadiz,8,2,0,1,0.05,16,7,3,0,2,-0.25,16,1.0,0.5
2023-12-17,2023-24,Ligue1,Nantes,Brest,8,2,0,1,0.05,15,7,3,0,2,-0.25,15,1.0,0.0
2023-12-17,2023-24,Bundesliga,Bayern Munich,Stuttgart,8,1,0,1,0.05,13,7,2,0,1,-0.05,14,1.0,1.0
2023-12-17,2023-24,LaLiga,Almeria,Mallorca,7,2,0,1,-0.05,16,8,3,0,1,-0.15,16,-1.0,0.5
2023-12-17,2023-24,LaLiga,Sociedad,Betis,8,2,0,1,0.0,16,8,2,0,1,0.0,16,0.0,0.5
2023-12-17,2023-24,Ligue1,Lorient,Strasbourg,7,2,0,1,0.0,15,7,3,0,2,-0.2,15,0.0,0.0
2023-12-17,2023-24,LaLiga,Real Madrid,Villarreal,8,2,0,1,0.0,16,8,2,0,1,0.0,16,0.0,1.0
2023-12-17,2023-24,Bundesliga,Freiburg,FC Koln,8,2,0,1,0.05,14,7,2,0,1,-0.05,14,1.0,1.0
2023-12-17,2023-24,Bundesliga,Leverkusen,Ein Frankfurt,7,2,0,1,-0.05,14,8,2,0,1,0.05,14,-1.0,1.0
2023-12-17,2023-24,SerieA,Fiorentina,Verona,7,2,0,1,-0.05,15,8,3,0,1,-0.15,15,-1.0,1.0
2023-12-17,2023-24,SerieA,Udinese,Sassuolo,8,2,0,1,0.1,15,6,2,1,1,-0.1,15,2.0,0.5
2023-12-17,2023-24,SerieA,Bologna,Roma,7,3,0,1,-0.2,15,7,2,0,1,0.0,15,0.0,1.0
2023-12-17,2023-24,SerieA,Lazio,Inter,8,2,0,1,0.0,15,8,2,0,1,0.0,15,0.0,0.0
2023-12-17,2023-24,SerieA,Milan,Monza,8,2,0,1,0.05,15,7,2,0,1,-0.05,15,1.0,1.0
2023-12-18,2023-24,LaLiga,Girona,Alaves,8,2,0,1,-0.05,16,9,2,0,1,0.05,16,-1.0,1.0
2023-12-18,2023-24,SerieA,Atalanta,Salernitana,9,2,0,1,0.05,15,8,2,0,1,-0.05,15,1.0,1.0
2023-12-19,2023-24,Bundesliga,Werder Bremen,RB Leipzig,4,3,1,2,-0.15,15,3,3,1,2,-0.65,15,1.0,0.5
2023-12-19,2023-24,Bundesliga,Hoffenheim,Darmstadt,3,3,1,2,-0.6,15,3,3,1,2,-0.6,15,0.0,0.5
2023-12-19,2023-24,Bundesliga,Dortmund,Mainz,3,3,1,2,-0.6,15,3,3,1,2,-0.6,15,0.0,0.5
2023-12-19,2023-24,LaLiga,Granada,Sevilla,3,3,1,2,-0.6,17,3,3,1,2,-0.6,16,0.0,0.0
2023-12-19,2023-24,LaLiga,Ath Madrid,Getafe,3,3,1,2,-0.6,16,3,3,1,2,-0.6,17,0.0,0.5
2023-12-19,2023-24,LaLiga,Vallecano,Valencia,4,3,1,2,-0.15,17,3,3,1,2,-0.65,17,1.0,0.0
2023-12-20,2023-24,Bundesliga,Ein Frankfurt,M'gladbach,3,3,1,2,-0.7,15,5,3,1,2,-0.1,15,-2.0,1.0
2023-12-20,2023-24,LaLiga,Barcelona,Almeria,4,3,1,2,-0.15,17,3,3,1,2,-0.65,17,1.0,1.0
2023-12-20,2023-24,Ligue1,Brest,Lorient,3,4,1,3,-0.8,16,3,3,1,2,-0.6,16,0.0,1.0
2023-12-20,2023-24,Ligue1,Clermont,Rennes,3,3,1,2,-0.6,16,3,3,1,2,-0.6,16,0.0,0.0
2023-12-20,2023-24,Ligue1,Lyon,Nantes,5,4,1,2,-0.3,16,3,3,1,2,-0.7,16,2.0,1.0
2023-12-20,2023-24,Ligue1,Montpellier,Marseille,3,3,1,2,-0.6,16,3,4,1,2,-0.8,16,0.0,0.5
2023-12-20,2023-24,Ligue1,Nice,Lens,4,3,1,2,-0.2,16,4,3,1,2,-0.2,16,0.0,1.0
2023-12-20,2023-24,Ligue1,Paris SG,Metz,3,3,1,2,-0.6,16,3,3,1,2,-0.6,16,0.0,1.0
2023-12-20,2023-24,Bundesliga,Heidenheim,Freiburg,4,3,1,2,-0.15,15,3,3,1,2,-0.65,15,1.0,1.0
2023-12-20,2023-24,Ligue1,Reims,Le Havre,4,3,1,2,-0.2,16,4,3,1,2,-0.2,16,0.0,1.0
2023-12-20,2023-24,Ligue1,Toulouse,Monaco,3,3,1,2,-0.7,16,5,3,1,2,-0.1,16,-2.0,0.0
2023-12-20,2023-24,Bundesliga,Wolfsburg,Bayern Munich,4,3,1,2,-0.15,15,3,2,1,2,-0.45,14,1.0,0.0
2023-12-20,2023-24,Bundesliga,Stuttgart,Augsburg,3,3,1,2,-0.65,15,4,3,1,2,-0.15,15,-1.0,1.0
2023-12-20,2023-24,LaLiga,Villarreal,Celta,3,3,1,2,-0.65,17,4,3,1,2,-0.15,17,-1.0,1.0
2023-12-20,2023-24,Bundesliga,Leverkusen,Bochum,3,3,1,2,-0.65,15,4,3,1,2,-0.15,15,-1.0,1.0
2023-12-20,2023-24,Bundesliga,Union Berlin,FC Koln,4,2,1,2,0.05,14,3,3,1,2,-0.65,15,1.0,1.0
2023-12-20,2023-24,Ligue1,Strasbourg,Lille,3,4,1,3,-0.8,16,3,3,1,2,-0.6,16,0.0,1.0
2023-12-20,2023-24,LaLiga,Ath Bilbao,Las Palmas,4,3,1,2,-0.15,17,3,3,1,2,-0.65,17,1.0,1.0
2023-12-21,2023-24,LaLiga,Cadiz,Sociedad,4,3,1,2,-0.2,17,4,3,1,2,-0.2,17,0.0,0.5
2023-12-21,2023-24,LaLiga,Alaves,Real Madrid,3,3,1,2,-0.65,17,4,3,1,2,-0.15,17,-1.0,0.0
2023-12-21,2023-24,LaLiga,Mallorca,Osasuna,4,3,1,2,-0.3,17,6,3,1,2,-0.1,17,-2.0,1.0
2023-12-21,2023-24,LaLiga,Betis,Girona,4,3,1,2,-0.15,17,3,3,1,2,-0.65,17,1.0,0.5
2023-12-21,2023-24,EPL,Crystal Palace,Brighton,5,4,1,2,-0.35,17,4,4,1,2,-0.45,17,1.0,0.5
2023-12-22,2023-24,EPL,Aston Villa,Sheffield United,5,4,1,2,-0.45,17,6,4,1,2,-0.35,17,-1.0,0.5
2023-12-22,2023-24,SerieA,Empoli,Lazio,6,3,1,2,-0.15,16,5,3,1,2,-0.25,16,1.0,0.0
2023-12-22,2023-24,SerieA,Sassuolo,Genoa,5,3,1,2,-0.3,16,7,3,0,2,-0.1,16,-2.0,0.0
2023-12-22,2023-24,SerieA,Monza,Fiorentina,5,2,1,2,0.0,16,5,3,1,2,-0.2,16,0.0,0.0
2023-12-22,2023-24,SerieA,Salernitana,Milan,4,3,1,2,-0.25,16,5,3,1,2,-0.15,16,-1.0,0.5
2023-12-23,2023-24,LaLiga,Ath Madrid,Sevilla,4,4,1,3,-0.4,17,4,4,1,2,-0.4,17,0.0,1.0
2023-12-23,2023-24,SerieA,Frosinone,Juventus,7,2,0,2,-0.05,16,8,2,0,1,0.05,16,-1.0,0.0
2023-12-23,2023-24,SerieA,Bologna,Atalanta,6,3,1,2,-0.15,16,5,3,1,1,-0.25,16,1.0,1.0
2023-12-23,2023-24,SerieA,Torino,Udinese,7,3,0,2,-0.15,16,6,3,1,1,-0.25,16,1.0,0.5
2023-12-23,2023-24,SerieA,Inter,Lecce,6,3,1,1,-0.25,16,7,3,0,2,-0.15,16,-1.0,1.0
2023-12-23,2023-24,SerieA,Verona,Cagliari,6,3,1,1,-0.25,16,7,2,0,2,0.05,16,-1.0,1.0
2023-12-23,2023-24,SerieA,Roma,Napoli,6,3,1,2,-0.25,16,7,3,0,1,-0.15,16,-1.0,1.0
2023-12-23,2023-24,EPL,West Ham,Man United,6,4,1,2,-0.4,17,6,3,1,1,-0.2,17,0.0,1.0
2023-12-23,2023-24,EPL,Nott'm Forest,Bournemouth,8,3,0,1,-0.5,17,14,3,0,0,0.1,16,-6.0,0.0
2023-12-23,2023-24,EPL,Tottenham,Everton,8,4,0,2,-0.35,17,7,3,0,2,-0.25,17,1.0,1.0
2023-12-23,2023-24,EPL,Luton,Newcastle,13,2,0,1,0.3,16,7,3,0,2,-0.5,17,6.0,1.0
2023-12-23,2023-24,EPL,Fulham,Burnley,7,4,0,2,-0.4,17,7,3,0,1,-0.2,17,0.0,0.0
2023-12-23,2023-24,EPL,Liverpool,Arsenal,6,4,1,1,-0.4,17,6,3,1,1,-0.2,17,0.0,0.5
2023-12-24,2023-24,EPL,Wolves,Chelsea,7,3,0,1,-0.25,17,8,3,0,1,-0.15,17,-1.0,1.0
2023-12-26,2023-24,EPL,Man United,Aston Villa,3,4,1,2,-0.85,18,4,4,1,2,-0.35,18,-1.0,1.0
2023-12-26,2023-24,EPL,Bournemouth,Fulham,3,3,1,1,-0.6,17,3,4,1,2,-0.8,18,0.0,1.0
2023-12-26,2023-24,EPL,Newcastle,Nott'm Forest,3,4,1,2,-0.8,18,3,4,1,2,-0.8,18,0.0,0.0
2023-12-26,2023-24,EPL,Sheffield United,Luton,4,4,1,2,-0.35,18,3,2,1,1,-0.45,17,1.0,0.0
2023-12-26,2023-24,EPL,Burnley,Liverpool,3,3,1,2,-0.6,18,3,4,1,2,-0.8,18,0.0,0.0
2023-12-27,2023-24,EPL,Everton,Man City,4,4,1,2,-0.75,18,11,2,0,1,0.35,17,-7.0,0.0
2023-12-27,2023-24,EPL,Brentford,Wolves,10,2,0,1,0.35,17,3,3,1,2,-0.95,18,7.0,0.0
2023-12-27,2023-24,EPL,Chelsea,Crystal Palace,3,3,1,2,-0.75,18,6,3,1,2,-0.05,18,-3.0,1.0
2023-12-28,2023-24,EPL,Brighton,Tottenham,7,3,0,2,-0.1,18,5,3,1,2,-0.3,18,2.0,1.0
2023-12-28,2023-24,EPL,Arsenal,West Ham,5,3,1,2,-0.2,18,5,3,1,2,-0.2,18,0.0,0.0
2023-12-29,2023-24,SerieA,Napoli,Monza,6,2,1,2,-0.05,17,7,3,0,2,-0.15,17,-1.0,0.5
2023-12-29,2023-24,SerieA,Genoa,Inter,7,3,0,1,-0.15,17,6,3,1,2,-0.25,17,1.0,0.5
2023-12-29,2023-24,SerieA,Lazio,Frosinone,7,3,0,2,-0.15,17,6,3,1,2,-0.25,17,1.0,1.0
2023-12-29,2023-24,SerieA,Fiorentina,Torino,7,3,0,2,-0.15,17,6,3,1,2,-0.25,17,1.0,1.0
2023-12-30,2023-24,SerieA,Cagliari,Empoli,7,3,0,1,-0.25,17,8,3,0,1,-0.15,17,-1.0,0.5
2023-12-30,2023-24,SerieA,Udinese,Bologna,7,2,0,2,0.0,17,7,3,0,2,-0.2,17,0.0,1.0
2023-12-30,2023-24,SerieA,Juventus,Roma,7,2,0,1,0.0,17,7,3,0,2,-0.2,17,0.0,1.0
2023-12-30,2023-24,SerieA,Milan,Sassuolo,8,2,0,2,0.0,17,8,3,0,2,-0.2,17,0.0,1.0
2023-12-30,2023-24,SerieA,Atalanta,Lecce,7,2,0,2,0.0,17,7,3,0,1,-0.2,17,0.0,1.0
2023-12-30,2023-24,EPL,Man City,Sheffield United,3,3,1,1,-0.65,18,4,3,1,2,-0.15,19,-1.0,1.0
2023-12-30,2023-24,SerieA,Verona,Salernitana,7,2,0,2,-0.05,17,8,3,0,2,-0.15,17,-1.0,0.0
2023-12-30,2023-24,EPL,Crystal Palace,Brentford,3,3,1,2,-0.6,19,3,2,1,2,-0.4,18,0.0,1.0
2023-12-30,2023-24,EPL,Aston Villa,Burnley,4,3,1,3,-0.2,19,4,3,1,2,-0.2,19,0.0,1.0
2023-12-30,2023-24,EPL,Luton,Chelsea,4,3,1,2,-0.15,18,3,4,2,2,-0.85,19,1.0,0.0
2023-12-30,2023-24,EPL,Wolves,Everton,3,3,2,3,-0.6,19,3,4,1,2,-0.8,19,0.0,1.0
2023-12-30,2023-24,EPL,Nott'm Forest,Man United,4,3,1,2,-0.2,19,4,3,1,3,-0.2,19,0.0,1.0
2023-12-31,2023-24,EPL,Fulham,Arsenal,5,3,1,2,-0.1,19,3,3,1,2,-0.7,19,2.0,1.0
2023-12-31,2023-24,EPL,Tottenham,Bournemouth,3,3,1,2,-0.7,19,5,2,1,2,0.1,18,-2.0,1.0
2024-01-01,2023-24,EPL,Liverpool,Newcastle,6,3,1,2,-0.2,19,6,3,1,2,-0.2,19,0.0,1.0
2024-01-02,2023-24,EPL,West Ham,Brighton,5,3,1,2,-0.2,19,5,3,1,2,-0.2,19,0.0,0.5
2024-01-02,2023-24,LaLiga,Valencia,Villarreal,14,2,0,0,0.05,18,13,2,0,1,-0.05,18,1.0,1.0
2024-01-02,2023-24,LaLiga,Sociedad,Alaves,12,2,0,1,0.0,18,12,2,0,1,0.0,18,0.0,0.5
2024-01-02,2023-24,LaLiga,Getafe,Vallecano,14,2,0,0,0.0,18,14,2,0,0,0.0,18,0.0,0.0
2024-01-03,2023-24,LaLiga,Granada,Cadiz,15,2,0,0,0.1,18,13,2,0,1,-0.1,18,2.0,1.0
2024-01-03,2023-24,LaLiga,Celta,Betis,14,2,0,0,0.05,18,13,2,0,1,-0.05,18,1.0,1.0
2024-01-03,2023-24,LaLiga,Real Madrid,Mallorca,13,2,0,1,0.0,18,13,2,0,1,0.0,18,0.0,1.0
2024-01-03,2023-24,LaLiga,Girona,Ath Madrid,13,2,0,1,0.1,18,11,3,0,1,-0.3,18,2.0,1.0
2024-01-04,2023-24,LaLiga,Las Palmas,Barcelona,15,2,0,0,0.0,18,15,2,0,0,0.0,18,0.0,0.0
2024-01-04,2023-24,LaLiga,Sevilla,Ath Bilbao,12,3,0,1,-0.35,18,15,2,0,0,0.15,18,-3.0,0.0
2024-01-04,2023-24,LaLiga,Osasuna,Almeria,14,2,0,0,-0.05,18,15,2,0,0,0.05,18,-1.0,1.0
2024-01-05,2023-24,SerieA,Bologna,Genoa,6,3,1,2,-0.25,18,7,2,0,1,0.05,18,-1.0,0.5
2024-01-06,2023-24,SerieA,Sassuolo,Fiorentina,7,3,0,1,-0.25,18,8,3,0,1,-0.15,18,-1.0,1.0
2024-01-06,2023-24,SerieA,Lecce,Cagliari,7,2,0,1,0.0,18,7,2,0,1,0.0,18,0.0,0.5
2024-01-06,2023-24,SerieA,Inter,Verona,8,3,0,1,-0.15,18,7,3,0,1,-0.25,18,1.0,1.0
2024-01-06,2023-24,SerieA,Frosinone,Monza,8,2,0,1,0.0,18,8,3,0,1,-0.2,18,0.0,0.0
2024-01-07,2023-24,SerieA,Torino,Napoli,9,2,0,1,0.0,18,9,2,0,1,0.0,18,0.0,1.0
2024-01-07,2023-24,SerieA,Udinese,Lazio,8,2,0,1,-0.05,18,9,2,0,1,0.05,18,-1.0,0.0
2024-01-07,2023-24,SerieA,Salernitana,Juventus,8,3,0,1,-0.2,18,8,2,0,1,0.0,18,0.0,0.0
2024-01-07,2023-24,SerieA,Empoli,Milan,8,2,0,1,0.0,18,8,2,0,1,0.0,18,0.0,0.0
2024-01-07,2023-24,SerieA,Roma,Atalanta,8,2,0,1,0.0,18,8,3,0,1,-0.2,18,0.0,0.5
2024-01-12,2023-24,Bundesliga,Bayern Munich,Hoffenheim,23,0,0,0,-0.05,15,24,0,0,0,0.05,16,-1.0,1.0
2024-01-12,2023-24,LaLiga,Sevilla,Alaves,8,2,0,1,-0.1,19,10,1,0,1,0.1,19,-2.0,0.0
2024-01-12,2023-24,Ligue1,Marseille,Strasbourg,23,0,0,0,0.0,17,23,0,0,0,0.0,17,0.0,0.5
2024-01-12,2023-24,EPL,Burnley,Luton,13,3,0,1,-0.2,20,13,3,0,1,-0.2,19,0.0,0.5
2024-01-13,2023-24,Bundesliga,Darmstadt,Dortmund,25,0,0,0,0.0,16,25,0,0,0,0.0,16,0.0,0.0
2024-01-13,2023-24,Bundesliga,RB Leipzig,Ein Frankfurt,25,0,0,0,0.05,16,24,0,0,0,-0.05,16,1.0,0.0
2024-01-13,2023-24,SerieA,Monza,Inter,7,2,0,1,0.0,19,7,2,0,1,0.0,19,0.0,0.0
2024-01-13,2023-24,SerieA,Verona,Empoli,7,2,0,1,0.05,19,6,2,1,1,-0.05,19,1.0,1.0
2024-01-13,2023-24,Bundesliga,FC Koln,Heidenheim,24,0,0,0,0.0,16,24,0,0,0,0.0,16,0.0,0.5
2024-01-13,2023-24,Bundesliga,Mainz,Wolfsburg,25,0,0,0,0.05,16,24,0,0,0,-0.05,16,1.0,0.5
2024-01-13,2023-24,Bundesliga,Freiburg,Union Berlin,24,0,0,0,0.0,16,24,0,0,0,0.0,15,0.0,0.5
2024-01-13,2023-24,Bundesliga,Augsburg,Leverkusen,24,0,0,0,0.0,16,24,0,0,0,0.0,16,0.0,0.0
2024-01-13,2023-24,EPL,Newcastle,Man City,12,2,0,1,-0.1,20,14,2,0,0,0.1,19,-2.0,0.0
2024-01-13,2023-24,SerieA,Genoa,Torino,8,2,0,1,0.1,19,6,2,1,1,-0.1,19,2.0,0.5
2024-01-13,2023-24,EPL,Chelsea,Fulham,14,3,0,0,-0.15,20,13,2,0,1,-0.05,20,1.0,1.0
2024-01-13,2023-24,SerieA,Napoli,Salernitana,6,2,1,1,0.0,19,6,2,1,1,0.0,19,0.0,1.0
2024-01-13,2023-24,Ligue1,Monaco,Reims,24,0,0,0,0.0,17,24,0,0,0,0.0,17,0.0,0.0
2024-01-13,2023-24,Ligue1,Rennes,Nice,24,0,0,0,0.0,17,24,0,0,0,0.0,17,0.0,1.0
2024-01-13,2023-24,LaLiga,Betis,Granada,10,1,0,1,0.0,19,10,1,0,1,0.0,19,0.0,1.0
2024-01-13,2023-24,LaLiga,Ath Bilbao,Sociedad,9,1,0,1,-0.1,19,11,1,0,1,0.1,19,-2.0,1.0
2024-01-13,2023-24,LaLiga,Mallorca,Celta,10,1,0,1,0.0,19,10,1,0,1,0.0,19,0.0,0.5
2024-01-13,2023-24,LaLiga,Las Palmas,Villarreal,9,1,0,1,-0.1,19,11,1,0,1,0.1,19,-2.0,1.0
2024-01-14,2023-24,Bundesliga,Bochum,Werder Bremen,25,0,0,0,-0.05,16,26,0,0,0,0.05,16,-1.0,0.5
2024-01-14,2023-24,Bundesliga,M'gladbach,Stuttgart,25,0,0,0,0.0,16,25,0,0,0,0.0,16,0.0,1.0
2024-01-14,2023-24,EPL,Everton,Aston Villa,15,2,0,0,0.0,20,15,2,0,0,0.0,20,0.0,0.5
2024-01-14,2023-24,EPL,Man United,Tottenham,15,2,0,0,0.05,20,14,2,0,0,-0.05,20,1.0,0.5
2024-01-14,2023-24,LaLiga,Cadiz,Valencia,11,1,0,1,-0.05,19,12,1,0,1,0.05,19,-1.0,0.0
2024-01-14,2023-24,SerieA,Lazio,Lecce,7,2,0,1,-0.05,19,8,2,0,1,0.05,19,-1.0,1.0
2024-01-14,2023-24,Ligue1,Lens,Paris SG,25,0,0,0,0.0,17,25,0,0,0,0.0,17,0.0,0.0
2024-01-14,2023-24,Ligue1,Le Havre,Lyon,25,0,0,0,0.0,17,25,0,0,0,0.0,17,0.0,1.0
2024-01-14,2023-24,Ligue1,Nantes,Clermont,25,0,0,0,0.0,17,25,0,0,0,0.0,17,0.0,0.0
2024-01-14,2023-24,LaLiga,Almeria,Girona,10,1,0,1,-0.05,19,11,1,0,1,0.05,19,-1.0,0.5
2024-01-14,2023-24,Ligue1,Brest,Montpellier,25,0,0,0,0.0,17,25,0,0,0,0.0,17,0.0,1.0
2024-01-14,2023-24,Ligue1,Lille,Lorient,25,0,0,0,0.0,17,25,0,0,0,0.0,17,0.0,1.0
2024-01-14,2023-24,SerieA,Cagliari,Bologna,8,2,0,1,-0.05,19,9,2,0,1,0.05,19,-1.0,1.0
2024-01-14,2023-24,SerieA,Fiorentina,Udinese,8,2,0,1,0.05,19,7,2,0,1,-0.05,19,1.0,0.5
2024-01-14,2023-24,SerieA,Milan,Roma,7,2,0,1,0.0,19,7,2,0,1,0.0,19,0.0,1.0
2024-01-14,2023-24,Ligue1,Metz,Toulouse,25,0,0,0,0.0,17,25,0,0,0,0.0,17,0.0,0.0
2024-01-15,2023-24,SerieA,Atalanta,Frosinone,8,2,0,1,-0.05,19,9,2,0,1,0.05,19,-1.0,1.0
2024-01-16,2023-24,SerieA,Juventus,Sassuolo,9,2,0,1,-0.05,19,10,2,0,1,0.05,19,-1.0,1.0
2024-01-19,2023-24,LaLiga,Alaves,Cadiz,7,2,0,1,0.1,20,5,2,1,1,-0.1,20,2.0,1.0
2024-01-20,2023-24,SerieA,Udinese,Milan,6,2,1,2,0.0,20,6,2,1,2,0.0,20,0.0,0.0
2024-01-20,2023-24,SerieA,Roma,Verona,6,2,1,2,-0.05,20,7,2,0,1,0.05,20,-1.0,1.0
2024-01-20,2023-24,Bundesliga,RB Leipzig,Leverkusen,7,1,0,1,0.0,17,7,1,0,1,0.0,17,0.0,0.0
2024-01-20,2023-24,Bundesliga,FC Koln,Dortmund,7,1,0,1,0.0,17,7,1,0,1,0.0,17,0.0,0.0
2024-01-20,2023-24,Bundesliga,Freiburg,Hoffenheim,7,1,0,1,-0.05,17,8,1,0,1,0.05,17,-1.0,1.0
2024-01-20,2023-24,Bundesliga,Darmstadt,Ein Frankfurt,7,1,0,1,0.0,17,7,1,0,1,0.0,17,0.0,0.5
2024-01-20,2023-24,Bundesliga,Bochum,Stuttgart,6,1,1,1,0.0,17,6,1,1,1,0.0,17,0.0,1.0
2024-01-20,2023-24,Bundesliga,Heidenheim,Wolfsburg,7,1,0,1,0.0,17,7,1,0,1,0.0,17,0.0,0.5
2024-01-20,2023-24,EPL,Brentford,Nott'm Forest,21,0,0,0,0.0,19,21,0,0,0,0.0,20,0.0,1.0
2024-01-20,2023-24,EPL,Arsenal,Crystal Palace,20,1,0,0,-0.05,20,21,0,0,0,0.05,20,-1.0,1.0
2024-01-20,2023-24,LaLiga,Villarreal,Mallorca,7,2,0,1,0.0,20,7,2,0,1,0.0,20,0.0,0.5
2024-01-20,2023-24,LaLiga,Vallecano,Las Palmas,18,1,0,0,0.5,19,7,2,0,1,-0.5,20,10.0,0.0
2024-01-20,2023-24,LaLiga,Valencia,Ath Bilbao,6,2,1,1,-0.05,20,7,2,0,1,0.05,20,-1.0,1.0
2024-01-20,2023-24,LaLiga,Celta,Sociedad,7,2,0,1,0.0,20,7,2,0,1,0.0,20,0.0,0.0
2024-01-21,2023-24,SerieA,Lecce,Juventus,7,2,0,1,0.1,20,5,2,1,1,-0.1,20,2.0,0.0
2024-01-21,2023-24,SerieA,Salernitana,Genoa,8,2,0,1,0.0,20,8,2,0,1,0.0,20,0.0,0.0
2024-01-21,2023-24,Bundesliga,Bayern Munich,Werder Bremen,9,1,0,1,0.1,16,7,1,0,1,-0.1,17,2.0,0.0
2024-01-21,2023-24,Bundesliga,M'gladbach,Augsburg,7,1,0,1,-0.05,17,8,1,0,1,0.05,17,-1.0,0.0
2024-01-21,2023-24,EPL,Bournemouth,Liverpool,21,0,0,0,0.05,19,20,1,0,0,-0.05,20,1.0,0.0
2024-01-21,2023-24,LaLiga,Osasuna,Getafe,17,1,0,0,-0.1,19,19,1,0,0,0.1,19,-2.0,1.0
2024-01-21,2023-24,SerieA,Empoli,Monza,8,2,0,1,0.0,20,8,2,0,1,0.0,20,0.0,1.0
2024-01-21,2023-24,LaLiga,Real Madrid,Almeria,18,1,0,0,0.5,19,7,2,0,1,-0.5,20,10.0,1.0
2024-01-21,2023-24,SerieA,Frosinone,Cagliari,6,2,1,1,-0.05,20,7,2,0,1,0.05,20,-1.0,1.0
2024-01-21,2023-24,LaLiga,Betis,Barcelona,8,2,0,1,-0.45,20,17,1,0,0,0.45,19,-9.0,0.0
2024-01-21,2023-24,LaLiga,Girona,Sevilla,7,2,0,1,-0.1,20,9,2,0,1,0.1,20,-2.0,1.0
2024-01-21,2023-24,EPL,Sheffield United,West Ham,22,0,0,0,0.15,20,19,1,0,0,-0.15,20,3.0,0.5
2024-01-22,2023-24,EPL,Brighton,Wolves,20,1,0,0,-0.15,20,23,0,0,0,0.15,20,-3.0,0.5
2024-01-22,2023-24,LaLiga,Granada,Ath Madrid,9,2,0,1,-0.5,20,19,1,0,0,0.5,19,-10.0,0.0
2024-01-24,2023-24,Bundesliga,Bayern Munich,Union Berlin,3,2,1,2,-0.8,17,11,1,0,1,0.4,16,-8.0,1.0
2024-01-26,2023-24,Bundesliga,Ein Frankfurt,Mainz,6,2,1,2,-0.35,18,13,1,0,1,0.35,17,-7.0,1.0
2024-01-26,2023-24,LaLiga,Almeria,Alaves,5,2,1,2,-0.1,21,7,2,0,1,0.1,21,-2.0,0.0
2024-01-26,2023-24,SerieA,Cagliari,Torino,5,3,1,2,-0.6,21,13,2,0,1,0.4,20,-8.0,0.0
2024-01-26,2023-24,Ligue1,Lyon,Rennes,12,1,0,1,-0.05,18,13,1,0,1,0.05,18,-1.0,0.0
2024-01-27,2023-24,Ligue1,Marseille,Monaco,15,1,0,0,0.05,18,14,1,0,0,-0.05,18,1.0,0.5
2024-01-27,2023-24,SerieA,Atalanta,Udinese,12,2,0,1,0.25,20,7,3,0,2,-0.45,21,5.0,1.0
2024-01-27,2023-24,LaLiga,Mallorca,Betis,7,2,0,1,0.05,21,6,2,1,1,-0.05,21,1.0,0.0
2024-01-27,2023-24,Ligue1,Nice,Metz,14,1,0,0,0.05,18,13,1,0,1,-0.05,18,1.0,1.0
2024-01-27,2023-24,LaLiga,Las Palmas,Real Madrid,7,2,0,1,0.05,21,6,1,1,1,-0.05,20,1.0,0.0
2024-01-27,2023-24,LaLiga,Sociedad,Vallecano,7,2,0,1,0.0,21,7,1,0,1,0.0,20,0.0,0.5
2024-01-27,2023-24,SerieA,Juventus,Empoli,6,3,1,2,-0.2,21,6,3,1,1,-0.2,21,0.0,0.5
2024-01-27,2023-24,SerieA,Milan,Bologna,7,3,0,2,-0.5,21,13,1,0,1,0.3,20,-6.0,0.5
2024-01-27,2023-24,Bundesliga,Leverkusen,M'gladbach,7,2,0,1,0.05,18,6,2,1,2,-0.05,18,1.0,0.5
2024-01-27,2023-24,Bundesliga,Wolfsburg,FC Koln,7,2,0,1,0.0,18,7,2,0,1,0.0,18,0.0,0.5
2024-01-27,2023-24,LaLiga,Barcelona,Villarreal,6,1,1,1,-0.05,20,7,2,0,1,0.05,21,-1.0,0.0
2024-01-27,2023-24,Bundesliga,Stuttgart,RB Leipzig,7,2,0,2,0.0,18,7,2,0,1,0.0,18,0.0,1.0
2024-01-27,2023-24,Bundesliga,Augsburg,Bayern Munich,6,2,1,1,0.15,18,3,3,2,2,-0.75,18,3.0,0.0
2024-01-27,2023-24,Bundesliga,Hoffenheim,Heidenheim,7,2,0,1,0.0,18,7,2,0,1,0.0,18,0.0,0.5
2024-01-27,2023-24,Bundesliga,Werder Bremen,Freiburg,6,2,1,2,-0.05,18,7,2,0,1,0.05,18,-1.0,1.0
2024-01-28,2023-24,LaLiga,Sevilla,Osasuna,7,2,0,1,0.0,21,7,1,0,1,0.0,20,0.0,0.5
2024-01-28,2023-24,LaLiga,Cadiz,Ath Bilbao,9,2,0,1,0.05,21,8,2,0,1,-0.05,21,1.0,0.5
2024-01-28,2023-24,LaLiga,Celta,Girona,8,2,0,1,0.05,21,7,2,0,1,-0.05,21,1.0,0.0
2024-01-28,2023-24,Ligue1,Montpellier,Lille,14,1,0,0,0.0,18,14,1,0,0,0.0,18,0.0,0.5
2024-01-28,2023-24,SerieA,Genoa,Lecce,7,2,0,1,0.0,21,7,2,0,1,0.0,21,0.0,1.0
2024-01-28,2023-24,SerieA,Monza,Sassuolo,7,2,0,1,-0.25,21,12,1,0,1,0.25,20,-5.0,1.0
2024-01-28,2023-24,SerieA,Lazio,Napoli,14,1,0,0,-0.05,20,15,1,0,0,0.05,20,-1.0,0.5
2024-01-28,2023-24,LaLiga,Ath Madrid,Valencia,6,1,1,1,-0.1,20,8,2,0,1,0.1,21,-2.0,1.0
2024-01-28,2023-24,Ligue1,Reims,Nantes,15,1,0,0,0.05,18,14,1,0,0,-0.05,18,1.0,0.5
2024-01-28,2023-24,Ligue1,Lorient,Le Havre,14,1,0,0,0.0,18,14,1,0,0,0.0,18,0.0,0.5
2024-01-28,2023-24,Ligue1,Clermont,Strasbourg,14,1,0,0,-0.1,18,16,1,0,0,0.1,18,-2.0,0.5
2024-01-28,2023-24,SerieA,Fiorentina,Inter,14,1,0,0,-0.05,20,15,1,0,0,0.05,20,-1.0,0.0
2024-01-28,2023-24,SerieA,Verona,Frosinone,8,2,0,1,0.05,21,7,2,0,2,-0.05,21,1.0,0.5
2024-01-28,2023-24,Ligue1,Toulouse,Lens,14,1,0,0,0.0,18,14,1,0,0,0.0,18,0.0,0.0
2024-01-28,2023-24,Ligue1,Paris SG,Brest,14,1,0,0,0.0,18,14,1,0,0,0.0,18,0.0,0.5
2024-01-28,2023-24,Bundesliga,Union Berlin,Darmstadt,4,2,1,1,-0.2,17,8,2,0,1,0.2,18,-4.0,1.0
2024-01-28,2023-24,Bundesliga,Dortmund,Bochum,8,2,0,1,0.0,18,8,2,0,1,0.0,18,0.0,1.0
2024-01-29,2023-24,SerieA,Salernitana,Roma,8,2,0,1,-0.05,21,9,2,0,1,0.05,21,-1.0,0.0
2024-01-29,2023-24,LaLiga,Getafe,Granada,8,1,0,1,0.05,20,7,2,0,1,-0.05,21,1.0,1.0
2024-01-30,2023-24,EPL,Crystal Palace,Sheffield United,10,1,0,1,0.05,21,9,1,0,1,-0.05,21,1.0,1.0
2024-01-30,2023-24,EPL,Nott'm Forest,Arsenal,10,1,0,1,0.0,21,10,1,0,1,0.0,21,0.0,0.0
2024-01-30,2023-24,EPL,Fulham,Everton,17,1,0,0,0.05,21,16,1,0,0,-0.05,21,1.0,0.5
2024-01-30,2023-24,EPL,Luton,Brighton,18,1,0,0,0.5,20,8,1,0,1,-0.5,21,10.0,1.0
2024-01-30,2023-24,EPL,Aston Villa,Newcastle,16,1,0,0,-0.05,21,17,1,0,0,0.05,21,-1.0,0.0
2024-01-31,2023-24,LaLiga,Ath Madrid,Vallecano,3,2,1,2,-0.45,21,4,2,1,2,0.05,21,-1.0,1.0
2024-01-31,2023-24,LaLiga,Barcelona,Osasuna,4,2,1,2,0.05,21,3,2,1,2,-0.45,21,1.0,1.0
2024-01-31,2023-24,EPL,Liverpool,Chelsea,10,1,0,1,-0.4,21,18,1,0,0,0.4,21,-8.0,1.0
2024-01-31,2023-24,EPL,Tottenham,Brentford,17,1,0,0,0.3,21,11,1,0,1,-0.3,20,6.0,1.0
2024-01-31,2023-24,EPL,Man City,Burnley,18,1,0,0,-0.05,20,19,1,0,0,0.05,21,-1.0,1.0
2024-02-01,2023-24,LaLiga,Getafe,Real Madrid,3,2,1,2,-0.5,21,5,2,1,2,0.1,21,-2.0,0.0
2024-02-01,2023-24,EPL,West Ham,Bournemouth,11,1,0,1,0.0,21,11,1,0,1,0.0,20,0.0,0.5
2024-02-01,2023-24,EPL,Wolves,Man United,10,1,0,1,-0.4,21,18,1,0,0,0.4,21,-8.0,0.0
2024-02-02,2023-24,Ligue1,Strasbourg,Paris SG,5,1,1,1,0.0,19,5,2,1,1,0.0,19,0.0,0.0
2024-02-02,2023-24,Bundesliga,Heidenheim,Dortmund,6,3,1,2,-0.15,19,5,3,1,2,-0.25,19,1.0,0.5
2024-02-02,2023-24,SerieA,Lecce,Fiorentina,5,3,1,2,-0.2,22,5,2,1,1,0.0,21,0.0,1.0
2024-02-02,2023-24,LaLiga,Ath Bilbao,Mallorca,5,3,1,2,-0.25,22,6,3,1,2,-0.15,22,-1.0,1.0
2024-02-03,2023-24,EPL,Everton,Tottenham,4,2,1,1,0.05,22,3,2,1,1,-0.45,22,1.0,0.5
2024-02-03,2023-24,EPL,Brighton,Crystal Palace,4,2,1,2,0.0,22,4,2,1,1,0.0,22,0.0,1.0
2024-02-03,2023-24,EPL,Burnley,Fulham,3,1,1,1,-0.45,22,4,1,1,1,0.05,22,-1.0,0.5
2024-02-03,2023-24,EPL,Newcastle,Luton,4,1,1,1,0.0,22,4,1,1,1,0.0,21,0.0,0.5
2024-02-03,2023-24,SerieA,Empoli,Genoa,7,2,0,2,0.05,22,6,2,1,2,-0.05,22,1.0,0.5
2024-02-03,2023-24,SerieA,Udinese,Monza,7,3,0,1,-0.15,22,6,2,1,2,-0.05,22,1.0,0.5
2024-02-03,2023-24,SerieA,Frosinone,Milan,6,3,1,2,-0.25,22,7,3,0,1,-0.15,22,-1.0,0.0
2024-02-03,2023-24,EPL,Sheffield United,Aston Villa,4,2,1,2,0.0,22,4,2,1,1,0.0,22,0.0,0.0
2024-02-03,2023-24,SerieA,Bologna,Sassuolo,7,2,0,1,0.05,21,6,2,1,1,-0.05,21,1.0,1.0
2024-02-03,2023-24,Bundesliga,Bayern Munich,M'gladbach,7,3,0,3,-0.2,19,7,3,0,2,-0.2,19,0.0,1.0
2024-02-03,2023-24,LaLiga,Alaves,Barcelona,8,2,0,1,0.25,22,3,3,1,3,-0.85,22,5.0,0.0
2024-02-03,2023-24,LaLiga,Girona,Sociedad,6,3,1,2,-0.25,22,7,2,0,1,0.05,22,-1.0,0.5
2024-02-03,2023-24,Bundesliga,Bochum,Augsburg,6,3,1,1,-0.25,19,7,2,0,2,0.05,19,-1.0,0.5
2024-02-03,2023-24,Ligue1,Nantes,Lens,6,2,1,1,0.0,19,6,2,1,1,0.0,19,0.0,0.0
2024-02-03,2023-24,LaLiga,Granada,Las Palmas,5,2,1,2,-0.1,22,7,2,0,1,0.1,22,-2.0,0.5
2024-02-03,2023-24,Ligue1,Rennes,Montpellier,8,1,0,1,0.1,19,6,2,1,1,-0.1,19,2.0,1.0
2024-02-03,2023-24,Bundesliga,FC Koln,Ein Frankfurt,7,2,0,1,-0.05,19,8,2,0,1,0.05,19,-1.0,1.0
2024-02-03,2023-24,Bundesliga,Mainz,Werder Bremen,8,1,0,1,0.05,18,7,3,0,2,-0.25,19,1.0,0.0
2024-02-03,2023-24,Bundesliga,Freiburg,Stuttgart,7,2,0,1,0.0,19,7,3,0,1,-0.2,19,0.0,0.0
2024-02-03,2023-24,Bundesliga,Darmstadt,Leverkusen,6,2,1,1,-0.05,19,7,2,0,1,0.05,19,-1.0,0.0
2024-02-03,2023-24,LaLiga,Valencia,Almeria,6,3,1,1,-0.3,22,8,3,0,2,-0.1,22,-2.0,1.0
2024-02-04,2023-24,Ligue1,Reims,Toulouse,7,1,0,1,0.0,19,7,1,0,1,0.0,19,0.0,0.0
2024-02-04,2023-24,Bundesliga,Wolfsburg,Hoffenheim,8,2,0,1,0.0,19,8,2,0,1,0.0,19,0.0,0.5
2024-02-04,2023-24,Ligue1,Lyon,Marseille,9,1,0,1,0.05,19,8,1,0,1,-0.05,19,1.0,1.0
2024-02-04,2023-24,Bundesliga,RB Leipzig,Union Berlin,8,2,0,1,0.05,19,7,2,0,2,-0.05,18,1.0,1.0
2024-02-04,2023-24,LaLiga,Real Madrid,Ath Madrid,3,3,1,2,-0.65,22,4,3,1,3,-0.15,22,-1.0,0.5
2024-02-04,2023-24,LaLiga,Betis,Getafe,8,2,0,1,0.25,22,3,3,2,2,-0.85,22,5.0,0.5
2024-02-04,2023-24,LaLiga,Villarreal,Cadiz,8,2,0,1,0.05,22,7,2,0,1,-0.05,22,1.0,0.5
2024-02-04,2023-24,Ligue1,Brest,Nice,7,1,0,1,-0.05,19,8,1,0,1,0.05,19,-1.0,0.5
2024-02-04,2023-24,EPL,Man United,West Ham,3,1,1,1,-0.4,22,3,2,1,1,-0.4,22,0.0,1.0
2024-02-04,2023-24,EPL,Chelsea,Wolves,4,1,1,1,0.05,22,3,2,1,2,-0.45,22,1.0,0.0
2024-02-04,2023-24,SerieA,Napoli,Verona,7,1,0,1,0.0,21,7,2,0,1,0.0,22,0.0,1.0
2024-02-04,2023-24,SerieA,Atalanta,Lazio,8,2,0,1,0.05,21,7,1,0,1,-0.05,21,1.0,1.0
2024-02-04,2023-24,SerieA,Inter,Juventus,7,1,0,1,-0.05,21,8,3,0,1,-0.15,22,-1.0,1.0
2024-02-04,2023-24,SerieA,Torino,Salernitana,9,1,0,1,0.15,21,6,2,1,1,-0.15,22,3.0,0.5
2024-02-04,2023-24,Ligue1,Monaco,Le Havre,8,1,0,1,0.05,19,7,1,0,1,-0.05,19,1.0,0.5
2024-02-04,2023-24,EPL,Bournemouth,Nott'm Forest,3,2,1,1,-0.5,21,5,2,1,1,0.1,22,-2.0,0.5
2024-02-04,2023-24,LaLiga,Osasuna,Celta,4,3,1,2,-0.35,22,7,2,0,1,0.15,22,-3.0,0.0
2024-02-04,2023-24,Ligue1,Metz,Lorient,8,1,0,1,0.05,19,7,1,0,1,-0.05,19,1.0,0.0
2024-02-04,2023-24,EPL,Arsenal,Liverpool,5,2,1,1,0.05,22,4,2,1,1,-0.05,22,1.0,1.0
2024-02-04,2023-24,Ligue1,Lille,Clermont,7,1,0,1,0.0,19,7,1,0,1,0.0,19,0.0,1.0
2024-02-05,2023-24,EPL,Brentford,Man City,5,2,1,1,0.0,21,5,1,1,1,0.0,21,0.0,0.0
2024-02-05,2023-24,SerieA,Roma,Cagliari,7,2,0,1,-0.15,22,10,2,0,1,0.15,22,-3.0,1.0
2024-02-05,2023-24,LaLiga,Vallecano,Sevilla,5,3,1,2,-0.35,22,8,2,0,1,0.15,22,-3.0,0.0
2024-02-07,2023-24,Bundesliga,Mainz,Union Berlin,4,2,1,2,0.05,19,3,3,1,2,-0.65,19,1.0,0.5
2024-02-09,2023-24,Bundesliga,Dortmund,Freiburg,7,3,0,2,-0.15,20,6,3,1,2,-0.25,20,1.0,1.0
2024-02-09,2023-24,LaLiga,Cadiz,Betis,5,2,1,2,0.0,23,5,3,1,2,-0.2,23,0.0,0.0
2024-02-09,2023-24,Ligue1,Marseille,Metz,5,2,1,2,0.0,20,5,2,1,2,0.0,20,0.0,0.5
2024-02-09,2023-24,SerieA,Salernitana,Empoli,5,3,1,2,-0.25,23,6,3,1,2,-0.15,23,-1.0,0.0
2024-02-10,2023-24,Bundesliga,Leverkusen,Bayern Munich,7,2,0,1,0.0,20,7,4,0,1,-0.4,20,0.0,1.0
2024-02-10,2023-24,SerieA,Sassuolo,Torino,7,2,0,2,0.05,22,6,2,1,1,-0.05,22,1.0,0.5
2024-02-10,2023-24,SerieA,Roma,Inter,5,2,1,2,-0.05,23,6,2,1,2,0.05,22,-1.0,0.0
2024-02-10,2023-24,Bundesliga,Ein Frankfurt,Bochum,7,2,0,1,0.0,20,7,2,0,2,0.0,20,0.0,0.5
2024-02-10,2023-24,Bundesliga,M'gladbach,Darmstadt,7,3,0,1,-0.2,20,7,2,0,2,0.0,20,0.0,0.5
2024-02-10,2023-24,Bundesliga,Union Berlin,Wolfsburg,3,4,2,3,-0.95,20,6,2,1,1,0.15,20,-3.0,1.0
2024-02-10,2023-24,Bundesliga,Werder Bremen,Heidenheim,7,3,0,1,-0.25,20,8,2,0,1,0.05,20,-1.0,0.0
2024-02-10,2023-24,SerieA,Cagliari,Lazio,5,3,1,1,-0.25,23,6,2,1,2,0.05,22,-1.0,0.0
2024-02-10,2023-24,Bundesliga,Augsburg,RB Leipzig,7,3,0,1,-0.15,20,6,2,1,1,-0.05,20,1.0,0.5
2024-02-10,2023-24,EPL,Fulham,Bournemouth,7,2,0,2,0.05,23,6,3,1,2,-0.25,22,1.0,1.0
2024-02-10,2023-24,EPL,Luton,Sheffield United,7,2,0,2,0.0,22,7,3,0,2,-0.2,23,0.0,0.0
2024-02-10,2023-24,EPL,Tottenham,Brighton,7,2,0,2,0.0,23,7,3,0,2,-0.2,23,0.0,1.0
2024-02-10,2023-24,EPL,Wolves,Brentford,6,3,1,2,-0.15,23,5,2,1,2,-0.05,22,1.0,0.0
2024-02-10,2023-24,EPL,Nott'm Forest,Newcastle,6,2,1,2,-0.05,23,7,2,0,2,0.05,23,-1.0,0.0
2024-02-10,2023-24,EPL,Liverpool,Burnley,6,3,1,2,-0.25,23,7,2,0,2,0.05,23,-1.0,1.0
2024-02-10,2023-24,Ligue1,Paris SG,Lille,8,2,0,2,0.1,20,6,2,1,2,-0.1,20,2.0,1.0
2024-02-10,2023-24,Ligue1,Lens,Strasbourg,7,2,0,2,-0.05,20,8,2,0,2,0.05,20,-1.0,1.0
2024-02-10,2023-24,LaLiga,Alaves,Villarreal,7,2,0,1,0.05,23,6,2,1,1,-0.05,23,1.0,0.5
2024-02-10,2023-24,LaLiga,Sociedad,Osasuna,7,2,0,1,0.05,23,6,4,1,3,-0.45,23,1.0,0.0
2024-02-10,2023-24,EPL,Man City,Everton,5,2,1,2,-0.1,22,7,2,0,2,0.1,23,-2.0,1.0
2024-02-10,2023-24,LaLiga,Real Madrid,Girona,6,4,1,2,-0.45,23,7,3,0,2,-0.15,23,-1.0,1.0
2024-02-10,2023-24,LaLiga,Las Palmas,Valencia,7,2,0,1,0.0,23,7,2,0,2,0.0,23,0.0,1.0
2024-02-11,2023-24,Ligue1,Nice,Monaco,7,2,0,1,0.0,20,7,2,0,1,0.0,20,0.0,0.0
2024-02-11,2023-24,EPL,Aston Villa,Man United,8,2,0,2,0.05,23,7,2,0,2,-0.05,23,1.0,0.0
2024-02-11,2023-24,SerieA,Bologna,Lecce,8,2,0,1,-0.05,22,9,2,0,1,0.05,23,-1.0,1.0
2024-02-11,2023-24,SerieA,Fiorentina,Frosinone,9,2,0,1,0.05,22,8,2,0,1,-0.05,23,1.0,1.0
2024-02-11,2023-24,SerieA,Genoa,Atalanta,8,2,0,1,0.05,23,7,2,0,1,-0.05,22,1.0,0.0
2024-02-11,2023-24,EPL,West Ham,Arsenal,7,2,0,2,0.0,23,7,2,0,2,0.0,23,0.0,0.0
2024-02-11,2023-24,SerieA,Monza,Verona,8,2,0,1,0.05,23,7,2,0,1,-0.05,23,1.0,0.5
2024-02-11,2023-24,SerieA,Milan,Napoli,8,2,0,1,0.05,23,7,2,0,1,-0.05,22,1.0,1.0
2024-02-11,2023-24,Ligue1,Le Havre,Rennes,7,2,0,1,-0.05,20,8,2,0,1,0.05,20,-1.0,0.0
2024-02-11,2023-24,LaLiga,Sevilla,Ath Madrid,6,2,1,1,-0.05,23,7,4,0,2,-0.35,23,-1.0,1.0
2024-02-11,2023-24,Ligue1,Toulouse,Nantes,7,2,0,1,-0.05,20,8,2,0,1,0.05,20,-1.0,0.0
2024-02-11,2023-24,Ligue1,Lorient,Reims,7,2,0,1,0.0,20,7,2,0,1,0.0,20,0.0,1.0
2024-02-11,2023-24,Bundesliga,Hoffenheim,FC Koln,7,2,0,1,-0.05,20,8,2,0,1,0.05,20,-1.0,0.5
2024-02-11,2023-24,Bundesliga,Stuttgart,Mainz,8,2,0,1,0.2,20,4,3,1,2,-0.4,20,4.0,1.0
2024-02-11,2023-24,LaLiga,Getafe,Celta,7,3,0,3,-0.2,23,7,2,0,1,0.0,23,0.0,1.0
2024-02-11,2023-24,LaLiga,Mallorca,Vallecano,9,2,0,1,0.15,23,6,3,1,2,-0.35,23,3.0,1.0
2024-02-11,2023-24,Ligue1,Montpellier,Lyon,8,2,0,1,0.05,20,7,2,0,1,-0.05,20,1.0,0.0
2024-02-11,2023-24,LaLiga,Barcelona,Granada,8,3,0,2,-0.2,23,8,3,0,2,-0.2,23,0.0,0.5
2024-02-11,2023-24,Ligue1,Clermont,Brest,7,2,0,1,0.0,20,7,2,0,1,0.0,20,0.0,0.5
2024-02-12,2023-24,SerieA,Juventus,Udinese,8,2,0,1,-0.05,23,9,2,0,1,0.05,23,-1.0,0.0
2024-02-12,2023-24,EPL,Crystal Palace,Chelsea,9,2,0,2,0.05,23,8,2,0,2,-0.05,23,1.0,0.0
2024-02-12,2023-24,LaLiga,Almeria,Ath Bilbao,9,2,0,1,-0.05,23,10,2,0,1,0.05,23,-1.0,0.5
2024-02-14,2023-24,SerieA,Bologna,Fiorentina,3,3,1,2,-0.6,23,3,3,1,2,-0.6,23,0.0,1.0
2024-02-16,2023-24,Ligue1,Lyon,Nice,5,2,1,2,0.0,21,5,3,1,2,-0.2,21,0.0,1.0
2024-02-16,2023-24,Bundesliga,FC Koln,Werder Bremen,5,3,1,2,-0.25,21,6,3,1,2,-0.15,21,-1.0,0.0
2024-02-16,2023-24,SerieA,Torino,Lecce,6,2,1,2,0.05,23,5,3,1,1,-0.25,24,1.0,1.0
2024-02-16,2023-24,SerieA,Inter,Salernitana,6,3,1,2,-0.25,23,7,3,0,2,-0.15,24,-1.0,1.0
2024-02-16,2023-24,LaLiga,Villarreal,Getafe,6,3,1,2,-0.15,24,5,4,1,2,-0.45,24,1.0,0.5
2024-02-17,2023-24,Ligue1,Nantes,Paris SG,6,3,1,1,-0.25,21,7,3,0,1,-0.15,21,-1.0,0.0
2024-02-17,2023-24,Ligue1,Lille,Le Havre,7,3,0,2,-0.15,21,6,3,1,2,-0.25,21,1.0,1.0
2024-02-17,2023-24,SerieA,Verona,Juventus,6,3,1,2,-0.15,24,5,2,1,2,-0.05,24,1.0,0.5
2024-02-17,2023-24,SerieA,Atalanta,Sassuolo,6,2,1,2,-0.05,23,7,3,0,1,-0.15,23,-1.0,1.0
2024-02-17,2023-24,LaLiga,Celta,Barcelona,6,3,1,2,-0.2,24,6,3,1,1,-0.2,24,0.0,0.0
2024-02-17,2023-24,LaLiga,Osasuna,Cadiz,7,4,0,2,-0.45,24,8,3,0,2,-0.15,24,-1.0,1.0
2024-02-17,2023-24,LaLiga,Ath Madrid,Las Palmas,6,4,1,2,-0.45,24,7,2,0,1,0.05,24,-1.0,1.0
2024-02-17,2023-24,Bundesliga,Darmstadt,Stuttgart,7,3,0,1,-0.15,21,6,2,1,1,-0.05,21,1.0,0.0
2024-02-17,2023-24,Bundesliga,Heidenheim,Leverkusen,7,2,0,1,0.0,21,7,2,0,1,0.0,21,0.0,0.0
2024-02-17,2023-24,EPL,Man City,Chelsea,7,3,0,2,-0.1,23,5,3,1,2,-0.3,24,2.0,0.5
2024-02-17,2023-24,EPL,Tottenham,Wolves,7,3,0,1,-0.2,24,7,3,0,2,-0.2,24,0.0,0.0
2024-02-17,2023-24,EPL,Nott'm Forest,West Ham,7,3,0,2,-0.15,24,6,3,1,2,-0.25,24,1.0,1.0
2024-02-17,2023-24,EPL,Newcastle,Bournemouth,7,3,0,1,-0.2,24,7,3,0,2,-0.2,23,0.0,0.5
2024-02-17,2023-24,LaLiga,Valencia,Sevilla,7,3,0,1,-0.15,24,6,3,1,2,-0.25,24,1.0,0.5
2024-02-17,2023-24,EPL,Burnley,Arsenal,7,3,0,1,-0.15,24,6,3,1,2,-0.25,24,1.0,0.0
2024-02-17,2023-24,EPL,Fulham,Aston Villa,7,3,0,1,-0.15,24,6,3,1,1,-0.25,24,1.0,0.0
2024-02-17,2023-24,Bundesliga,Hoffenheim,Union Berlin,6,2,1,2,-0.05,21,7,4,0,3,-0.35,21,-1.0,0.0
2024-02-17,2023-24,Bundesliga,Mainz,Augsburg,6,3,1,2,-0.25,21,7,2,0,1,0.05,21,-1.0,1.0
2024-02-17,2023-24,Bundesliga,Wolfsburg,Dortmund,7,2,0,2,-0.05,21,8,3,0,1,-0.15,21,-1.0,0.5
2024-02-17,2023-24,Bundesliga,RB Leipzig,M'gladbach,7,2,0,2,0.0,21,7,2,0,1,0.0,21,0.0,1.0
2024-02-17,2023-24,EPL,Brentford,Liverpool,7,3,0,2,-0.2,23,7,3,0,2,-0.2,24,0.0,0.0
2024-02-17,2023-24,SerieA,Napoli,Genoa,6,3,1,2,-0.2,23,6,3,1,1,-0.2,24,0.0,0.5
2024-02-18,2023-24,Ligue1,Montpellier,Metz,7,2,0,1,-0.1,21,9,2,0,1,0.1,21,-2.0,1.0
2024-02-18,2023-24,Ligue1,Rennes,Clermont,7,2,0,1,0.0,21,7,2,0,1,0.0,21,0.0,1.0
2024-02-18,2023-24,Ligue1,Reims,Lens,7,2,0,1,-0.05,21,8,2,0,1,0.05,21,-1.0,0.5
2024-02-18,2023-24,Ligue1,Brest,Marseille,7,2,0,1,-0.1,21,9,2,0,1,0.1,21,-2.0,1.0
2024-02-18,2023-24,Ligue1,Monaco,Toulouse,7,2,0,1,0.0,21,7,2,0,1,0.0,21,0.0,0.0
2024-02-18,2023-24,Ligue1,Strasbourg,Lorient,8,2,0,1,0.05,21,7,2,0,1,-0.05,21,1.0,0.0
2024-02-18,2023-24,LaLiga,Betis,Alaves,9,2,0,1,0.05,24,8,2,0,1,-0.05,24,1.0,0.5
2024-02-18,2023-24,Bundesliga,Freiburg,Ein Frankfurt,9,2,0,1,0.05,21,8,2,0,1,-0.05,21,1.0,0.5
2024-02-18,2023-24,Bundesliga,Bochum,Bayern Munich,8,2,0,1,0.0,21,8,2,0,1,0.0,21,0.0,1.0
2024-02-18,2023-24,LaLiga,Mallorca,Sociedad,7,2,0,1,-0.05,24,8,2,0,1,0.05,24,-1.0,0.0
2024-02-18,2023-24,LaLiga,Vallecano,Real Madrid,7,3,0,2,-0.25,24,8,3,0,1,-0.15,24,-1.0,0.5
2024-02-18,2023-24,SerieA,Lazio,Bologna,8,2,0,1,0.2,23,4,3,1,2,-0.4,24,4.0,0.0
2024-02-18,2023-24,SerieA,Empoli,Fiorentina,9,2,0,1,0.25,24,4,3,1,2,-0.45,24,5.0,0.5
2024-02-18,2023-24,SerieA,Udinese,Cagliari,6,2,1,1,-0.1,24,8,2,0,2,0.1,24,-2.0,0.5
2024-02-18,2023-24,EPL,Luton,Man United,8,3,0,1,-0.15,23,7,3,0,1,-0.25,24,1.0,0.0
2024-02-18,2023-24,EPL,Sheffield United,Brighton,8,3,0,1,-0.2,24,8,3,0,1,-0.2,24,0.0,0.0
2024-02-18,2023-24,SerieA,Frosinone,Roma,7,2,0,1,-0.05,24,8,3,0,2,-0.15,24,-1.0,0.0
2024-02-18,2023-24,SerieA,Monza,Milan,7,2,0,1,0.0,24,7,2,0,1,0.0,24,0.0,1.0
2024-02-18,2023-24,LaLiga,Granada,Almeria,7,3,0,1,-0.15,24,6,2,1,1,-0.05,24,1.0,0.5
2024-02-19,2023-24,LaLiga,Ath Bilbao,Girona,7,2,0,1,-0.1,24,9,2,0,1,0.1,24,-2.0,1.0
2024-02-19,2023-24,EPL,Everton,Crystal Palace,9,3,0,1,-0.1,24,7,3,0,1,-0.3,24,2.0,0.5
2024-02-20,2023-24,EPL,Man City,Brentford,3,4,1,2,-0.8,24,3,4,1,2,-0.8,24,0.0,1.0
2024-02-21,2023-24,EPL,Liverpool,Luton,4,3,1,2,-0.15,25,3,3,1,2,-0.65,24,1.0,1.0
2024-02-22,2023-24,SerieA,Torino,Lazio,6,3,1,2,-0.1,24,4,3,1,2,-0.3,24,2.0,0.0
2024-02-23,2023-24,Bundesliga,Leverkusen,Mainz,6,3,1,2,-0.2,22,6,4,1,2,-0.4,22,0.0,1.0
2024-02-23,2023-24,SerieA,Bologna,Verona,5,4,1,3,-0.45,25,6,3,1,2,-0.15,25,-1.0,1.0
2024-02-23,2023-24,LaLiga,Sociedad,Villarreal,5,3,1,2,-0.3,25,7,3,0,2,-0.1,25,-2.0,0.0
2024-02-23,2023-24,Ligue1,Metz,Lyon,5,3,1,1,-0.3,22,7,3,0,2,-0.1,22,-2.0,0.0
2024-02-24,2023-24,SerieA,Sassuolo,Empoli,7,2,0,1,0.05,24,6,2,1,1,-0.05,25,1.0,0.0
2024-02-24,2023-24,SerieA,Salernitana,Monza,8,3,0,1,-0.1,25,6,2,1,2,-0.1,25,2.0,0.0
2024-02-24,2023-24,SerieA,Genoa,Udinese,7,2,0,2,0.05,25,6,2,1,2,-0.05,25,1.0,1.0
2024-02-24,2023-24,LaLiga,Almeria,Ath Madrid,6,2,1,2,-0.05,25,7,3,0,2,-0.15,25,-1.0,0.5
2024-02-24,2023-24,LaLiga,Alaves,Mallorca,6,2,1,1,0.0,25,6,2,1,2,0.0,25,0.0,0.5
2024-02-24,2023-24,LaLiga,Barcelona,Getafe,7,2,0,2,-0.05,25,8,3,0,2,-0.15,25,-1.0,1.0
2024-02-24,2023-24,Bundesliga,M'gladbach,Bochum,7,2,0,1,0.05,22,6,2,1,1,-0.05,22,1.0,1.0
2024-02-24,2023-24,Bundesliga,Stuttgart,FC Koln,7,2,0,2,-0.05,22,8,2,0,2,0.05,22,-1.0,0.5
2024-02-24,2023-24,Bundesliga,Union Berlin,Heidenheim,7,4,0,1,-0.4,22,7,2,0,1,0.0,22,0.0,0.5
2024-02-24,2023-24,Bundesliga,Werder Bremen,Darmstadt,8,2,0,1,0.05,22,7,2,0,1,-0.05,22,1.0,0.5
2024-02-24,2023-24,Bundesliga,Bayern Munich,RB Leipzig,6,2,1,1,-0.05,22,7,3,0,1,-0.15,22,-1.0,1.0
2024-02-24,2023-24,EPL,Brighton,Everton,6,2,1,1,0.05,25,5,2,1,1,-0.05,25,1.0,0.5
2024-02-24,2023-24,EPL,Aston Villa,Nott'm Forest,7,2,0,2,0.0,25,7,3,0,1,-0.2,25,0.0,1.0
2024-02-24,2023-24,EPL,Bournemouth,Man City,7,3,0,1,-0.05,24,4,4,1,2,-0.55,25,3.0,0.0
2024-02-24,2023-24,Ligue1,Lorient,Nantes,6,3,1,2,-0.25,22,7,2,0,2,0.05,22,-1.0,0.0
2024-02-24,2023-24,Ligue1,Strasbourg,Brest,6,2,1,1,0.0,22,6,3,1,2,-0.2,22,0.0,0.0
2024-02-24,2023-24,EPL,Man United,Fulham,6,3,1,2,-0.25,25,7,2,0,1,0.05,25,-1.0,0.0
2024-02-24,2023-24,EPL,Arsenal,Newcastle,7,3,0,2,-0.2,25,7,2,0,1,0.0,25,0.0,1.0
2024-02-24,2023-24,EPL,Crystal Palace,Burnley,5,2,1,2,-0.1,25,7,2,0,1,0.1,25,-2.0,1.0
2024-02-25,2023-24,SerieA,Lecce,Inter,9,2,0,1,0.0,25,9,2,0,1,0.0,24,0.0,0.0
2024-02-25,2023-24,EPL,Wolves,Sheffield United,8,2,0,1,0.05,25,7,2,0,1,-0.05,25,1.0,1.0
2024-02-25,2023-24,SerieA,Cagliari,Napoli,7,3,0,1,-0.25,25,8,2,0,1,0.05,24,-1.0,0.5
2024-02-25,2023-24,LaLiga,Cadiz,Celta,8,2,0,1,0.0,25,8,2,0,1,0.0,25,0.0,0.5
2024-02-25,2023-24,Ligue1,Paris SG,Rennes,8,2,0,1,0.05,22,7,2,0,1,-0.05,22,1.0,0.5
2024-02-25,2023-24,Ligue1,Toulouse,Lille,7,2,0,1,-0.05,22,8,2,0,1,0.05,22,-1.0,1.0
2024-02-25,2023-24,Ligue1,Nice,Clermont,9,2,0,1,0.1,22,7,2,0,1,-0.1,22,2.0,0.5
2024-02-25,2023-24,Ligue1,Le Havre,Reims,8,2,0,1,0.05,22,7,2,0,1,-0.05,22,1.0,0.0
2024-02-25,2023-24,Ligue1,Lens,Monaco,7,2,0,1,0.0,22,7,2,0,1,0.0,22,0.0,0.0
2024-02-25,2023-24,SerieA,Juventus,Frosinone,8,2,0,2,0.05,25,7,2,0,1,-0.05,25,1.0,1.0
2024-02-25,2023-24,Bundesliga,Ein Frankfurt,Wolfsburg,7,2,0,1,-0.05,22,8,2,0,1,0.05,22,-1.0,0.5
2024-02-25,2023-24,Ligue1,Marseille,Montpellier,7,2,0,1,0.0,22,7,2,0,1,0.0,22,0.0,1.0
2024-02-25,2023-24,Bundesliga,Augsburg,Freiburg,8,2,0,1,0.05,22,7,2,0,1,-0.05,22,1.0,1.0
2024-02-25,2023-24,LaLiga,Betis,Ath Bilbao,7,2,0,1,0.05,25,6,2,1,2,-0.05,25,1.0,1.0
2024-02-25,2023-24,LaLiga,Las Palmas,Osasuna,8,2,0,1,0.0,25,8,2,0,1,0.0,25,0.0,0.5
2024-02-25,2023-24,LaLiga,Real Madrid,Sevilla,7,2,0,1,-0.05,25,8,3,0,1,-0.15,25,-1.0,1.0
2024-02-25,2023-24,Bundesliga,Dortmund,Hoffenheim,8,2,0,1,0.0,22,8,2,0,1,0.0,22,0.0,0.0
2024-02-25,2023-24,SerieA,Milan,Atalanta,7,2,0,1,-0.05,25,8,2,0,1,0.05,24,-1.0,0.5
2024-02-26,2023-24,EPL,West Ham,Brentford,9,2,0,1,0.15,25,6,3,1,2,-0.35,25,3.0,1.0
2024-02-26,2023-24,LaLiga,Girona,Vallecano,7,2,0,1,-0.05,25,8,2,0,1,0.05,25,-1.0,1.0
2024-02-26,2023-24,SerieA,Fiorentina,Lazio,8,3,0,2,0.0,25,4,3,1,2,-0.4,25,4.0,1.0
2024-02-26,2023-24,SerieA,Roma,Torino,8,2,0,1,0.2,25,4,3,1,2,-0.4,25,4.0,1.0
2024-02-28,2023-24,SerieA,Inter,Atalanta,3,3,1,2,-0.6,25,3,3,1,2,-0.6,25,0.0,1.0
2024-02-28,2023-24,SerieA,Sassuolo,Napoli,4,3,1,2,-0.15,25,3,3,1,2,-0.65,25,1.0,0.0
2024-03-01,2023-24,SerieA,Lazio,Milan,4,4,1,3,-0.45,26,5,3,1,2,-0.15,26,-1.0,0.0
2024-03-01,2023-24,Ligue1,Monaco,Paris SG,5,3,1,2,-0.2,23,5,3,1,2,-0.2,23,0.0,0.5
2024-03-01,2023-24,LaLiga,Celta,Almeria,5,3,1,2,-0.25,26,6,3,1,2,-0.15,26,-1.0,1.0
2024-03-01,2023-24,Bundesliga,Freiburg,Bayern Munich,5,2,1,2,-0.05,23,6,3,1,2,-0.15,23,-1.0,0.5
2024-03-02,2023-24,SerieA,Monza,Roma,7,3,0,2,-0.1,26,5,2,1,2,-0.1,26,2.0,0.0
2024-03-02,2023-24,LaLiga,Sevilla,Sociedad,6,3,1,1,-0.3,26,8,2,0,2,0.1,26,-2.0,1.0
2024-03-02,2023-24,EPL,Nott'm Forest,Liverpool,7,2,0,1,-0.15,26,10,2,0,1,0.15,26,-3.0,0.0
2024-03-02,2023-24,LaLiga,Vallecano,Cadiz,5,3,1,2,-0.25,26,6,2,1,1,0.05,26,-1.0,0.5
2024-03-02,2023-24,EPL,Tottenham,Crystal Palace,14,1,0,0,0.35,25,7,3,0,2,-0.55,26,7.0,1.0
2024-03-02,2023-24,EPL,Luton,Aston Villa,10,2,0,2,0.15,25,7,3,0,1,-0.35,26,3.0,0.0
2024-03-02,2023-24,EPL,Newcastle,Wolves,7,2,0,1,0.05,26,6,2,1,1,-0.05,26,1.0,1.0
2024-03-02,2023-24,SerieA,Torino,Fiorentina,5,3,1,2,-0.2,26,5,4,1,2,-0.4,26,0.0,0.5
2024-03-02,2023-24,EPL,Everton,West Ham,7,2,0,2,0.1,26,5,3,1,1,-0.3,26,2.0,0.0
2024-03-02,2023-24,SerieA,Udinese,Salernitana,7,3,0,2,-0.2,26,7,2,0,1,0.0,26,0.0,0.5
2024-03-02,2023-24,Bundesliga,Wolfsburg,Stuttgart,6,2,1,1,-0.05,23,7,3,0,1,-0.15,23,-1.0,0.0
2024-03-02,2023-24,Bundesliga,Union Berlin,Dortmund,7,2,0,1,0.05,23,6,2,1,1,-0.05,23,1.0,0.0
2024-03-02,2023-24,Bundesliga,Mainz,M'gladbach,8,3,0,1,-0.15,23,7,2,0,1,-0.05,23,1.0,0.5
2024-03-02,2023-24,Bundesliga,Heidenheim,Ein Frankfurt,7,2,0,1,0.05,23,6,2,1,2,-0.05,23,1.0,0.0
2024-03-02,2023-24,Bundesliga,Darmstadt,Augsburg,7,2,0,1,0.05,23,6,2,1,1,-0.05,23,1.0,0.0
2024-03-02,2023-24,Bundesliga,Bochum,RB Leipzig,7,2,0,2,0.0,23,7,2,0,1,0.0,23,0.0,0.0
2024-03-02,2023-24,Ligue1,Clermont,Marseille,6,3,1,2,-0.2,23,6,2,1,2,0.0,23,0.0,0.0
2024-03-02,2023-24,LaLiga,Valencia,Real Madrid,14,1,0,0,0.4,25,6,2,1,2,-0.4,26,8.0,0.5
2024-03-02,2023-24,Ligue1,Reims,Lille,6,3,1,2,-0.2,23,6,2,1,1,0.0,23,0.0,0.0
2024-03-02,2023-24,LaLiga,Getafe,Las Palmas,7,3,0,1,-0.15,26,6,2,1,1,-0.05,26,1.0,0.5
2024-03-02,2023-24,EPL,Brentford,Chelsea,5,3,1,2,-0.65,26,14,2,0,0,0.45,25,-9.0,0.5
2024-03-02,2023-24,EPL,Fulham,Brighton,7,2,0,1,0.0,26,7,2,0,2,0.0,26,0.0,1.0
2024-03-03,2023-24,SerieA,Napoli,Juventus,4,3,1,2,-0.35,26,7,3,0,1,-0.05,26,-3.0,1.0
2024-03-03,2023-24,SerieA,Atalanta,Bologna,4,3,1,2,-0.45,26,9,3,0,1,0.05,26,-5.0,0.0
2024-03-03,2023-24,SerieA,Frosinone,Lecce,7,2,0,1,0.0,26,7,2,0,1,0.0,26,0.0,0.5
2024-03-03,2023-24,SerieA,Empoli,Cagliari,8,2,0,1,0.05,26,7,2,0,1,-0.05,26,1.0,0.0
2024-03-03,2023-24,SerieA,Verona,Sassuolo,9,2,0,1,0.25,26,4,3,1,2,-0.45,26,5.0,1.0
2024-03-03,2023-24,Ligue1,Nantes,Metz,8,2,0,1,-0.05,23,9,2,0,1,0.05,23,-1.0,0.0
2024-03-03,2023-24,Ligue1,Rennes,Lorient,7,2,0,1,-0.05,23,8,2,0,1,0.05,23,-1.0,0.0
2024-03-03,2023-24,LaLiga,Ath Madrid,Betis,8,2,0,1,0.05,26,7,2,0,1,-0.05,26,1.0,1.0
2024-03-03,2023-24,LaLiga,Mallorca,Girona,8,2,0,1,0.1,26,6,2,1,2,-0.1,26,2.0,1.0
2024-03-03,2023-24,LaLiga,Ath Bilbao,Barcelona,7,3,0,2,-0.25,26,8,2,0,1,0.05,26,-1.0,0.5
2024-03-03,2023-24,Ligue1,Lyon,Lens,9,2,0,1,0.1,23,7,2,0,1,-0.1,23,2.0,0.0
2024-03-03,2023-24,Bundesliga,Hoffenheim,Werder Bremen,7,2,0,1,-0.05,23,8,2,0,1,0.05,23,-1.0,1.0
2024-03-03,2023-24,Bundesliga,FC Koln,Leverkusen,8,2,0,1,-0.05,23,9,2,0,1,0.05,23,-1.0,0.0
2024-03-03,2023-24,Ligue1,Montpellier,Strasbourg,7,2,0,1,-0.05,23,8,2,0,1,0.05,23,-1.0,0.5
2024-03-03,2023-24,Ligue1,Brest,Le Havre,8,2,0,1,0.05,23,7,2,0,1,-0.05,23,1.0,1.0
2024-03-03,2023-24,Ligue1,Toulouse,Nice,7,2,0,1,0.0,23,7,2,0,1,0.0,23,0.0,1.0
2024-03-03,2023-24,EPL,Burnley,Bournemouth,8,2,0,1,0.0,26,8,2,0,1,0.0,25,0.0,0.0
2024-03-03,2023-24,EPL,Man City,Man United,8,3,0,2,-0.2,26,8,2,0,1,0.0,26,0.0,1.0
2024-03-03,2023-24,LaLiga,Villarreal,Granada,9,2,0,1,-0.25,26,14,1,0,0,0.25,25,-5.0,1.0
2024-03-04,2023-24,SerieA,Inter,Genoa,5,3,1,2,-0.4,26,9,2,0,1,0.2,26,-4.0,1.0
2024-03-04,2023-24,EPL,Sheffield United,Arsenal,8,2,0,1,-0.05,26,9,2,0,1,0.05,26,-1.0,0.0
2024-03-04,2023-24,LaLiga,Osasuna,Alaves,8,2,0,1,-0.05,26,9,2,0,1,0.05,26,-1.0,1.0
2024-03-08,2023-24,Ligue1,Nice,Montpellier,5,2,1,2,0.0,24,5,3,1,2,-0.2,24,0.0,0.0
2024-03-08,2023-24,Bundesliga,Stuttgart,Union Berlin,6,3,1,2,-0.2,24,6,3,1,2,-0.2,24,0.0,1.0
2024-03-08,2023-24,LaLiga,Barcelona,Mallorca,5,3,1,2,-0.2,27,5,3,1,2,-0.2,27,0.0,1.0
2024-03-08,2023-24,SerieA,Napoli,Torino,5,4,1,3,-0.45,27,6,3,1,2,-0.15,27,-1.0,0.5
2024-03-09,2023-24,SerieA,Cagliari,Salernitana,6,3,1,2,-0.25,27,7,2,0,1,0.05,27,-1.0,1.0
2024-03-09,2023-24,Bundesliga,Bayern Munich,Mainz,8,3,0,1,-0.15,24,7,2,0,1,-0.05,24,1.0,1.0
2024-03-09,2023-24,Bundesliga,Augsburg,Heidenheim,7,2,0,2,0.0,24,7,2,0,1,0.0,24,0.0,1.0
2024-03-09,2023-24,LaLiga,Valencia,Getafe,7,1,0,1,0.0,26,7,2,0,1,0.0,27,0.0,1.0
2024-03-09,2023-24,Bundesliga,Werder Bremen,Dortmund,6,2,1,1,-0.05,24,7,2,0,2,0.05,24,-1.0,0.0
2024-03-09,2023-24,EPL,Wolves,Fulham,7,2,0,2,0.0,27,7,2,0,1,0.0,27,0.0,1.0
2024-03-09,2023-24,SerieA,Genoa,Monza,5,2,1,1,-0.1,27,7,3,0,1,-0.1,27,-2.0,0.0
2024-03-09,2023-24,SerieA,Bologna,Inter,6,3,1,1,-0.15,27,5,3,1,3,-0.25,27,1.0,0.0
2024-03-09,2023-24,EPL,Man United,Everton,6,3,1,1,-0.25,27,7,3,0,1,-0.15,27,-1.0,1.0
2024-03-09,2023-24,EPL,Bournemouth,Sheffield United,6,2,1,1,0.05,26,5,3,1,2,-0.25,27,1.0,0.5
2024-03-09,2023-24,SerieA,Sassuolo,Frosinone,6,3,1,2,-0.2,27,6,3,1,2,-0.2,27,0.0,1.0
2024-03-09,2023-24,EPL,Arsenal,Brentford,5,2,1,1,-0.1,27,7,3,0,2,-0.1,27,-2.0,1.0
2024-03-09,2023-24,EPL,Crystal Palace,Luton,7,3,0,1,-0.2,27,7,3,0,1,-0.2,26,0.0,0.5
2024-03-09,2023-24,Bundesliga,RB Leipzig,Darmstadt,7,2,0,1,0.0,24,7,2,0,1,0.0,24,0.0,1.0
2024-03-09,2023-24,Ligue1,Lorient,Lyon,6,3,1,1,-0.2,24,6,2,1,1,0.0,24,0.0,0.0
2024-03-09,2023-24,Ligue1,Lens,Brest,6,3,1,2,-0.2,24,6,3,1,1,-0.2,24,0.0,1.0
2024-03-09,2023-24,Bundesliga,M'gladbach,FC Koln,7,2,0,1,0.05,24,6,2,1,1,-0.05,24,1.0,0.5
2024-03-09,2023-24,LaLiga,Cadiz,Ath Madrid,7,2,0,2,0.05,27,6,2,1,1,-0.05,27,1.0,1.0
2024-03-09,2023-24,LaLiga,Granada,Sociedad,6,2,1,1,-0.05,26,7,3,0,1,-0.15,27,-1.0,0.0
2024-03-09,2023-24,LaLiga,Girona,Osasuna,6,3,1,2,-0.15,27,5,2,1,2,-0.05,27,1.0,1.0
2024-03-10,2023-24,LaLiga,Real Madrid,Celta,8,2,0,1,-0.05,27,9,2,0,1,0.05,27,-1.0,1.0
2024-03-10,2023-24,Ligue1,Metz,Clermont,7,2,0,1,-0.05,24,8,2,0,1,0.05,24,-1.0,1.0
2024-03-10,2023-24,Ligue1,Strasbourg,Monaco,7,2,0,1,-0.1,24,9,2,0,1,0.1,24,-2.0,0.0
2024-03-10,2023-24,Ligue1,Lille,Rennes,8,2,0,1,0.05,24,7,2,0,1,-0.05,24,1.0,0.5
2024-03-10,2023-24,Ligue1,Marseille,Nantes,8,2,0,1,0.05,24,7,2,0,1,-0.05,24,1.0,1.0
2024-03-10,2023-24,LaLiga,Alaves,Vallecano,6,2,1,1,-0.1,27,8,2,0,2,0.1,27,-2.0,1.0
2024-03-10,2023-24,LaLiga,Betis,Villarreal,7,2,0,1,0.0,27,7,2,0,1,0.0,27,0.0,0.0
2024-03-10,2023-24,Ligue1,Le Havre,Toulouse,7,2,0,1,0.0,24,7,2,0,1,0.0,24,0.0,1.0
2024-03-10,2023-24,EPL,Aston Villa,Tottenham,8,2,0,1,0.0,27,8,1,0,1,0.0,26,0.0,0.0
2024-03-10,2023-24,EPL,Brighton,Nott'm Forest,8,2,0,1,0.0,27,8,2,0,1,0.0,27,0.0,1.0
2024-03-10,2023-24,EPL,West Ham,Burnley,8,2,0,2,0.05,27,7,2,0,1,-0.05,27,1.0,0.5
2024-03-10,2023-24,EPL,Liverpool,Man City,8,2,0,1,0.05,27,7,3,0,1,-0.25,27,1.0,0.5
2024-03-10,2023-24,Bundesliga,Leverkusen,Wolfsburg,7,2,0,1,-0.05,24,8,2,0,1,0.05,24,-1.0,1.0
2024-03-10,2023-24,Bundesliga,Ein Frankfurt,Hoffenheim,8,2,0,1,0.05,24,7,2,0,1,-0.05,24,1.0,1.0
2024-03-10,2023-24,LaLiga,Las Palmas,Ath Bilbao,8,2,0,1,0.05,27,7,3,0,1,-0.25,27,1.0,0.0
2024-03-10,2023-24,Ligue1,Paris SG,Reims,9,2,0,1,0.05,24,8,2,0,1,-0.05,24,1.0,0.5
2024-03-10,2023-24,Bundesliga,Bochum,Freiburg,8,2,0,1,-0.05,24,9,2,0,1,0.05,24,-1.0,0.0
2024-03-10,2023-24,SerieA,Fiorentina,Roma,8,2,0,2,0.0,27,8,2,0,2,0.0,27,0.0,0.5
2024-03-10,2023-24,SerieA,Lecce,Verona,7,2,0,1,0.0,27,7,2,0,1,0.0,27,0.0,0.0
2024-03-10,2023-24,SerieA,Juventus,Atalanta,7,2,0,1,0.0,27,7,3,0,2,-0.2,27,0.0,0.5
2024-03-10,2023-24,SerieA,Milan,Empoli,9,2,0,1,0.1,27,7,2,0,1,-0.1,27,2.0,1.0
2024-03-11,2023-24,SerieA,Lazio,Udinese,10,3,0,1,-0.15,27,9,2,0,1,-0.05,27,1.0,0.0
2024-03-11,2023-24,EPL,Chelsea,Newcastle,9,1,0,1,0.0,26,9,2,0,1,0.0,27,0.0,1.0
2024-03-11,2023-24,LaLiga,Almeria,Sevilla,10,2,0,1,0.05,27,9,2,0,1,-0.05,27,1.0,0.5
2024-03-13,2023-24,EPL,Bournemouth,Luton,4,3,1,2,-0.2,27,4,2,1,2,0.0,27,0.0,1.0
2024-03-15,2023-24,Bundesliga,FC Koln,RB Leipzig,6,3,1,2,-0.2,25,6,3,1,2,-0.2,25,0.0,0.0
2024-03-15,2023-24,Ligue1,Toulouse,Lyon,5,3,1,2,-0.25,25,6,2,1,2,0.05,25,-1.0,0.0
2024-03-15,2023-24,SerieA,Empoli,Bologna,5,3,1,2,-0.25,28,6,2,1,2,0.05,28,-1.0,0.0
2024-03-15,2023-24,LaLiga,Sociedad,Cadiz,6,2,1,2,0.0,28,6,3,1,2,-0.2,28,0.0,1.0
2024-03-16,2023-24,Ligue1,Nantes,Strasbourg,6,2,1,2,0.0,25,6,2,1,2,0.0,25,0.0,0.0
2024-03-16,2023-24,SerieA,Frosinone,Lazio,7,3,0,2,-0.1,28,5,3,1,1,-0.3,28,2.0,0.0
2024-03-16,2023-24,LaLiga,Ath Bilbao,Alaves,6,3,1,2,-0.2,28,6,2,1,2,0.0,28,0.0,1.0
2024-03-16,2023-24,SerieA,Salernitana,Lecce,7,2,0,1,0.05,28,6,3,1,2,-0.25,28,1.0,0.0
2024-03-16,2023-24,Ligue1,Lens,Nice,7,3,0,2,-0.25,25,8,3,0,2,-0.15,25,-1.0,0.0
2024-03-16,2023-24,Bundesliga,Wolfsburg,Augsburg,6,3,1,1,-0.25,25,7,3,0,1,-0.15,25,-1.0,0.0
2024-03-16,2023-24,Bundesliga,Hoffenheim,Stuttgart,6,3,1,2,-0.3,25,8,2,0,1,0.1,25,-2.0,0.0
2024-03-16,2023-24,LaLiga,Getafe,Girona,7,2,0,1,0.0,28,7,3,0,2,-0.2,28,0.0,1.0
2024-03-16,2023-24,EPL,Fulham,Tottenham,7,2,0,1,0.05,28,6,2,1,1,-0.05,27,1.0,1.0
2024-03-16,2023-24,EPL,Luton,Nott'm Forest,3,3,1,2,-0.75,28,6,2,1,1,0.15,28,-3.0,0.5
2024-03-16,2023-24,Bundesliga,Union Berlin,Werder Bremen,8,2,0,1,0.05,25,7,2,0,2,-0.05,25,1.0,1.0
2024-03-16,2023-24,Bundesliga,Mainz,Bochum,7,2,0,1,0.05,25,6,2,1,1,-0.05,25,1.0,1.0
2024-03-16,2023-24,Bundesliga,Heidenheim,M'gladbach,7,2,0,1,0.0,25,7,2,0,1,0.0,25,0.0,0.5
2024-03-16,2023-24,Bundesliga,Darmstadt,Bayern Munich,7,2,0,1,0.0,25,7,2,0,1,0.0,25,0.0,0.0
2024-03-16,2023-24,LaLiga,Mallorca,Granada,8,2,0,2,0.05,28,7,2,0,2,-0.05,27,1.0,1.0
2024-03-16,2023-24,EPL,Burnley,Brentford,6,2,1,2,-0.05,28,7,3,0,1,-0.15,28,-1.0,1.0
2024-03-16,2023-24,LaLiga,Osasuna,Real Madrid,7,3,0,2,-0.15,28,6,3,1,1,-0.25,28,1.0,0.0
2024-03-16,2023-24,SerieA,Udinese,Torino,5,2,1,1,-0.15,28,8,3,0,1,-0.05,28,-3.0,0.0
2024-03-16,2023-24,SerieA,Monza,Cagliari,7,2,0,1,0.0,28,7,3,0,2,-0.2,28,0.0,1.0
2024-03-17,2023-24,Ligue1,Brest,Lille,8,2,0,1,0.05,25,7,2,0,1,-0.05,25,1.0,0.5
2024-03-17,2023-24,Ligue1,Rennes,Marseille,7,2,0,1,0.0,25,7,2,0,1,0.0,25,0.0,1.0
2024-03-17,2023-24,LaLiga,Villarreal,Valencia,7,2,0,1,-0.05,28,8,2,0,1,0.05,27,-1.0,1.0
2024-03-17,2023-24,Ligue1,Reims,Metz,7,2,0,1,0.0,25,7,2,0,1,0.0,25,0.0,1.0
2024-03-17,2023-24,Ligue1,Clermont,Le Havre,7,2,0,1,0.0,25,7,2,0,1,0.0,25,0.0,1.0
2024-03-17,2023-24,Ligue1,Monaco,Lorient,7,2,0,1,-0.05,25,8,2,0,1,0.05,25,-1.0,0.5
2024-03-17,2023-24,Ligue1,Montpellier,Paris SG,9,2,0,1,0.1,25,7,2,0,1,-0.1,25,2.0,0.0
2024-03-17,2023-24,SerieA,Inter,Napoli,8,3,0,2,-0.25,28,9,3,0,1,-0.15,28,-1.0,0.5
2024-03-17,2023-24,SerieA,Verona,Milan,7,2,0,1,0.0,28,7,2,0,1,0.0,28,0.0,0.0
2024-03-17,2023-24,LaLiga,Vallecano,Betis,7,3,0,1,-0.2,28,7,2,0,1,0.0,28,0.0,1.0
2024-03-17,2023-24,LaLiga,Ath Madrid,Barcelona,8,2,0,1,-0.05,28,9,2,0,1,0.05,28,-1.0,0.0
2024-03-17,2023-24,SerieA,Juventus,Genoa,7,2,0,1,-0.05,28,8,2,0,2,0.05,28,-1.0,0.5
2024-03-17,2023-24,EPL,West Ham,Aston Villa,7,3,0,1,-0.2,28,7,2,0,1,0.0,28,0.0,0.5
2024-03-17,2023-24,LaLiga,Sevilla,Celta,6,2,1,1,-0.05,28,7,2,0,1,0.05,28,-1.0,0.0
2024-03-17,2023-24,Bundesliga,Freiburg,Leverkusen,7,2,0,1,0.0,25,7,2,0,1,0.0,25,0.0,0.0
2024-03-17,2023-24,SerieA,Roma,Sassuolo,7,3,0,1,-0.25,28,8,3,0,1,-0.15,28,-1.0,1.0
2024-03-17,2023-24,LaLiga,Las Palmas,Almeria,7,2,0,1,0.05,28,6,2,1,1,-0.05,28,1.0,0.0
2024-03-17,2023-24,Bundesliga,Dortmund,Ein Frankfurt,8,2,0,1,0.05,25,7,2,0,1,-0.05,25,1.0,1.0
2024-03-29,2023-24,Ligue1,Lille,Lens,12,2,0,1,-0.05,26,13,2,0,1,0.05,26,-1.0,1.0
2024-03-29,2023-24,LaLiga,Cadiz,Granada,14,2,0,0,0.05,29,13,2,0,1,-0.05,28,1.0,1.0
2024-03-30,2023-24,EPL,Newcastle,West Ham,19,1,0,0,0.3,28,13,2,0,1,-0.3,29,6.0,1.0
2024-03-30,2023-24,EPL,Bournemouth,Everton,17,1,0,0,-0.2,28,21,0,0,0,0.2,28,-4.0,1.0
2024-03-30,2023-24,EPL,Chelsea,Burnley,19,1,0,0,0.25,27,14,2,0,0,-0.25,29,5.0,0.5
2024-03-30,2023-24,EPL,Nott'm Forest,Crystal Palace,14,2,0,0,-0.35,29,21,0,0,0,0.35,28,-7.0,0.5
2024-03-30,2023-24,EPL,Sheffield United,Fulham,21,0,0,0,0.35,28,14,1,0,0,-0.35,29,7.0,0.5
2024-03-30,2023-24,EPL,Tottenham,Luton,14,2,0,0,0.0,28,14,2,0,0,0.0,29,0.0,1.0
2024-03-30,2023-24,EPL,Aston Villa,Wolves,13,2,0,1,-0.4,29,21,0,0,0,0.4,28,-8.0,1.0
2024-03-30,2023-24,EPL,Brentford,Man United,14,1,0,0,-0.35,29,21,0,0,0,0.35,28,-7.0,0.5
2024-03-30,2023-24,Ligue1,Metz,Monaco,13,2,0,1,0.0,26,13,2,0,1,0.0,26,0.0,0.0
2024-03-30,2023-24,Ligue1,Lyon,Reims,15,1,0,0,0.1,26,13,2,0,1,-0.1,26,2.0,0.5
2024-03-30,2023-24,SerieA,Fiorentina,Milan,20,1,0,0,0.35,28,13,2,0,1,-0.35,29,7.0,0.0
2024-03-30,2023-24,SerieA,Lazio,Juventus,14,2,0,0,0.05,29,13,2,0,1,-0.05,29,1.0,1.0
2024-03-30,2023-24,SerieA,Torino,Monza,14,1,0,0,0.0,29,14,1,0,0,0.0,29,0.0,1.0
2024-03-30,2023-24,Bundesliga,Bayern Munich,Dortmund,14,1,0,0,0.05,26,13,1,0,1,-0.05,26,1.0,0.0
2024-03-30,2023-24,Bundesliga,Werder Bremen,Wolfsburg,14,1,0,0,0.0,26,14,2,0,0,0.0,26,0.0,0.0
2024-03-30,2023-24,Bundesliga,RB Leipzig,Mainz,15,1,0,0,0.05,26,14,1,0,0,-0.05,26,1.0,0.5
2024-03-30,2023-24,Bundesliga,M'gladbach,Freiburg,14,1,0,0,0.05,26,13,2,0,1,-0.05,26,1.0,0.0
2024-03-30,2023-24,Bundesliga,Leverkusen,Hoffenheim,13,2,0,1,-0.05,26,14,2,0,0,0.05,26,-1.0,1.0
2024-03-30,2023-24,Bundesliga,Ein Frankfurt,Union Berlin,13,2,0,1,-0.05,26,14,1,0,0,0.05,26,-1.0,0.5
2024-03-30,2023-24,SerieA,Napoli,Atalanta,13,1,0,1,-0.35,29,20,1,0,0,0.35,28,-7.0,0.0
2024-03-30,2023-24,LaLiga,Getafe,Sevilla,14,1,0,0,0.05,29,13,2,0,1,-0.05,29,1.0,0.0
2024-03-30,2023-24,LaLiga,Almeria,Osasuna,13,2,0,1,-0.05,29,14,1,0,0,0.05,29,-1.0,0.0
2024-03-30,2023-24,LaLiga,Valencia,Mallorca,13,1,0,1,-0.05,28,14,1,0,0,0.05,29,-1.0,0.5
2024-03-30,2023-24,LaLiga,Barcelona,Las Palmas,13,1,0,1,0.0,29,13,2,0,1,0.0,29,0.0,1.0
2024-03-30,2023-24,SerieA,Genoa,Frosinone,13,1,0,1,-0.05,29,14,1,0,0,0.05,29,-1.0,0.5
2024-03-31,2023-24,EPL,Man City,Arsenal,21,0,0,0,-0.05,28,22,0,0,0,0.05,28,-1.0,0.5
2024-03-31,2023-24,Ligue1,Clermont,Toulouse,14,1,0,0,-0.1,26,16,1,0,0,0.1,26,-2.0,0.0
2024-03-31,2023-24,Ligue1,Le Havre,Montpellier,14,1,0,0,0.0,26,14,1,0,0,0.0,26,0.0,0.0
2024-03-31,2023-24,Ligue1,Marseille,Paris SG,14,1,0,0,0.0,26,14,1,0,0,0.0,26,0.0,0.0
2024-03-31,2023-24,LaLiga,Real Madrid,Ath Bilbao,15,1,0,0,0.0,29,15,1,0,0,0.0,29,0.0,1.0
2024-03-31,2023-24,EPL,Liverpool,Brighton,21,0,0,0,0.0,28,21,0,0,0,0.0,28,0.0,1.0
2024-03-31,2023-24,Ligue1,Nice,Nantes,15,1,0,0,0.0,26,15,1,0,0,0.0,26,0.0,0.0
2024-03-31,2023-24,Ligue1,Lorient,Brest,14,1,0,0,0.0,26,14,1,0,0,0.0,26,0.0,0.0
2024-03-31,2023-24,Bundesliga,Stuttgart,Heidenheim,15,1,0,0,0.0,26,15,1,0,0,0.0,26,0.0,0.5
2024-03-31,2023-24,Bundesliga,Augsburg,FC Koln,15,1,0,0,-0.05,26,16,1,0,0,0.05,26,-1.0,0.5
2024-03-31,2023-24,LaLiga,Alaves,Sociedad,15,1,0,0,-0.05,29,16,1,0,0,0.05,29,-1.0,0.0
2024-03-31,2023-24,LaLiga,Girona,Betis,15,1,0,0,0.05,29,14,1,0,0,-0.05,29,1.0,1.0
2024-03-31,2023-24,Bundesliga,Bochum,Darmstadt,15,1,0,0,0.0,26,15,1,0,0,0.0,26,0.0,0.5
2024-03-31,2023-24,LaLiga,Celta,Vallecano,14,1,0,0,0.0,29,14,1,0,0,0.0,29,0.0,0.5
2024-03-31,2023-24,Ligue1,Strasbourg,Rennes,15,1,0,0,0.05,26,14,1,0,0,-0.05,26,1.0,1.0
2024-04-01,2023-24,SerieA,Bologna,Salernitana,17,1,0,0,0.05,29,16,1,0,0,-0.05,29,1.0,1.0
2024-04-01,2023-24,SerieA,Sassuolo,Udinese,15,1,0,0,-0.05,29,16,1,0,0,0.05,29,-1.0,0.5
2024-04-01,2023-24,SerieA,Lecce,Roma,16,1,0,0,0.05,29,15,1,0,0,-0.05,29,1.0,0.5
2024-04-01,2023-24,SerieA,Inter,Empoli,15,1,0,0,-0.1,29,17,1,0,0,0.1,29,-2.0,1.0
2024-04-01,2023-24,LaLiga,Villarreal,Ath Madrid,15,1,0,0,0.0,29,15,1,0,0,0.0,29,0.0,0.0
2024-04-01,2023-24,SerieA,Cagliari,Verona,16,1,0,0,0.05,29,15,1,0,0,-0.05,29,1.0,0.5
2024-04-02,2023-24,EPL,West Ham,Tottenham,3,2,1,1,-0.4,30,3,2,1,1,-0.4,29,0.0,0.5
2024-04-02,2023-24,EPL,Newcastle,Everton,3,1,1,1,-0.4,29,3,1,1,1,-0.4,29,0.0,0.5
2024-04-02,2023-24,EPL,Nott'm Forest,Fulham,3,2,1,1,-0.4,30,3,2,1,1,-0.4,30,0.0,1.0
2024-04-02,2023-24,EPL,Burnley,Wolves,3,2,1,1,-0.4,30,3,1,1,1,-0.4,29,0.0,0.5
2024-04-02,2023-24,EPL,Bournemouth,Crystal Palace,3,2,1,1,-0.4,29,3,1,1,1,-0.4,29,0.0,1.0
2024-04-03,2023-24,EPL,Brentford,Brighton,4,2,1,1,0.05,30,3,1,1,1,-0.45,29,1.0,0.5
2024-04-03,2023-24,EPL,Man City,Aston Villa,3,1,1,1,-0.45,29,4,2,1,1,0.05,30,-1.0,1.0
2024-04-03,2023-24,EPL,Arsenal,Luton,3,1,1,1,-0.45,29,4,2,1,1,0.05,30,-1.0,1.0
2024-04-04,2023-24,LaLiga,Granada,Valencia,6,2,1,1,0.05,29,5,2,1,1,-0.05,29,1.0,0.0
2024-04-04,2023-24,EPL,Chelsea,Man United,5,1,1,1,0.0,28,5,1,1,1,0.0,29,0.0,1.0
2024-04-04,2023-24,EPL,Liverpool,Sheffield United,4,1,1,1,-0.05,29,5,1,1,1,0.05,29,-1.0,1.0
2024-04-05,2023-24,SerieA,Salernitana,Sassuolo,4,2,1,1,0.0,30,4,2,1,1,0.0,30,0.0,0.5
2024-04-05,2023-24,Bundesliga,Ein Frankfurt,Werder Bremen,6,2,1,1,0.0,27,6,2,1,1,0.0,27,0.0,0.5
2024-04-05,2023-24,Ligue1,Lille,Marseille,7,2,0,1,0.1,27,5,2,1,1,-0.1,27,2.0,1.0
2024-04-06,2023-24,EPL,Crystal Palace,Man City,4,2,1,2,0.05,30,3,2,2,2,-0.45,30,1.0,0.0
2024-04-06,2023-24,SerieA,Milan,Lecce,7,2,0,1,0.1,30,5,1,1,1,-0.1,30,2.0,1.0
2024-04-06,2023-24,EPL,Aston Villa,Brentford,3,3,1,2,-0.6,31,3,2,1,2,-0.4,31,0.0,0.5
2024-04-06,2023-24,EPL,Everton,Burnley,4,2,1,2,0.0,30,4,2,1,2,0.0,31,0.0,1.0
2024-04-06,2023-24,SerieA,Roma,Lazio,5,2,1,1,-0.1,30,7,1,0,1,0.1,30,-2.0,1.0
2024-04-06,2023-24,SerieA,Empoli,Torino,5,1,1,1,-0.1,30,7,1,0,1,0.1,30,-2.0,1.0
2024-04-06,2023-24,Ligue1,Lens,Le Havre,8,1,0,1,0.1,27,6,2,1,1,-0.1,27,2.0,0.5
2024-04-06,2023-24,Bundesliga,Heidenheim,Bayern Munich,6,1,1,1,-0.05,27,7,1,0,1,0.05,27,-1.0,1.0
2024-04-06,2023-24,Ligue1,Paris SG,Clermont,6,2,1,1,0.0,27,6,2,1,1,0.0,27,0.0,0.5
2024-04-06,2023-24,Bundesliga,Freiburg,RB Leipzig,7,2,0,1,0.0,27,7,1,0,1,0.0,27,0.0,0.0
2024-04-06,2023-24,Bundesliga,Dortmund,Stuttgart,7,2,0,1,0.05,27,6,1,1,1,-0.05,27,1.0,0.0
2024-04-06,2023-24,Bundesliga,Union Berlin,Leverkusen,7,1,0,1,0.0,27,7,2,0,1,0.0,27,0.0,0.0
2024-04-06,2023-24,Bundesliga,Mainz,Darmstadt,7,1,0,1,0.05,27,6,1,1,1,-0.05,27,1.0,1.0
2024-04-06,2023-24,Bundesliga,FC Koln,Bochum,6,1,1,1,0.0,27,6,1,1,1,0.0,27,0.0,1.0
2024-04-06,2023-24,EPL,Fulham,Newcastle,4,2,1,2,0.0,31,4,2,1,2,0.0,30,0.0,0.0
2024-04-06,2023-24,EPL,Luton,Bournemouth,3,2,1,2,-0.45,31,4,2,1,2,0.05,30,-1.0,1.0
2024-04-06,2023-24,EPL,Wolves,West Ham,4,2,1,2,0.0,30,4,3,1,2,-0.2,31,0.0,0.0
2024-04-06,2023-24,EPL,Brighton,Arsenal,3,2,2,2,-0.4,30,3,2,2,2,-0.4,30,0.0,0.0
2024-04-07,2023-24,Bundesliga,Wolfsburg,M'gladbach,8,1,0,1,0.0,27,8,1,0,1,0.0,27,0.0,0.0
2024-04-07,2023-24,Ligue1,Brest,Metz,7,1,0,1,-0.05,27,8,1,0,1,0.05,27,-1.0,1.0
2024-04-07,2023-24,Ligue1,Reims,Nice,8,1,0,1,0.05,27,7,1,0,1,-0.05,27,1.0,0.5
2024-04-07,2023-24,Ligue1,Monaco,Rennes,8,1,0,1,0.05,27,7,1,0,1,-0.05,27,1.0,1.0
2024-04-07,2023-24,Ligue1,Toulouse,Strasbourg,7,1,0,1,0.0,27,7,1,0,1,0.0,27,0.0,0.5
2024-04-07,2023-24,Ligue1,Nantes,Lyon,7,1,0,1,-0.05,27,8,1,0,1,0.05,27,-1.0,0.0
2024-04-07,2023-24,Ligue1,Montpellier,Lorient,7,1,0,1,0.0,27,7,1,0,1,0.0,27,0.0,1.0
2024-04-07,2023-24,Bundesliga,Hoffenheim,Augsburg,8,1,0,1,0.05,27,7,1,0,1,-0.05,27,1.0,1.0
2024-04-07,2023-24,SerieA,Frosinone,Bologna,8,1,0,1,0.1,30,6,1,1,1,-0.1,30,2.0,0.5
2024-04-07,2023-24,SerieA,Cagliari,Atalanta,6,1,1,1,-0.1,30,8,1,0,1,0.1,29,-2.0,1.0
2024-04-07,2023-24,SerieA,Verona,Genoa,6,1,1,1,-0.1,30,8,1,0,1,0.1,30,-2.0,0.0
2024-04-07,2023-24,EPL,Man United,Liverpool,3,2,1,2,-0.4,30,3,2,1,2,-0.4,30,0.0,0.5
2024-04-07,2023-24,EPL,Sheffield United,Chelsea,3,2,1,2,-0.4,30,3,2,1,2,-0.4,29,0.0,0.5
2024-04-07,2023-24,EPL,Tottenham,Nott'm Forest,5,2,1,2,0.0,30,5,2,1,2,0.0,31,0.0,1.0
2024-04-07,2023-24,SerieA,Juventus,Fiorentina,8,1,0,1,0.0,30,8,1,0,1,0.0,29,0.0,1.0
2024-04-07,2023-24,SerieA,Monza,Napoli,8,1,0,1,0.0,30,8,1,0,1,0.0,30,0.0,0.0
2024-04-08,2023-24,SerieA,Udinese,Inter,7,1,0,1,0.0,30,7,1,0,1,0.0,30,0.0,0.0
2024-04-12,2023-24,SerieA,Lazio,Salernitana,6,2,1,2,-0.05,31,7,2,0,2,0.05,31,-1.0,1.0
2024-04-12,2023-24,LaLiga,Betis,Celta,12,1,0,1,0.0,30,12,1,0,1,0.0,30,0.0,1.0
2024-04-12,2023-24,Ligue1,Metz,Lens,5,2,1,2,-0.05,28,6,2,1,1,0.05,28,-1.0,1.0
2024-04-12,2023-24,Bundesliga,Augsburg,Union Berlin,5,2,1,2,-0.05,28,6,2,1,2,0.05,28,-1.0,1.0
2024-04-13,2023-24,Ligue1,Strasbourg,Reims,6,2,1,2,0.0,28,6,2,1,1,0.0,28,0.0,1.0
2024-04-13,2023-24,SerieA,Lecce,Empoli,7,2,0,2,0.0,31,7,2,0,2,0.0,31,0.0,1.0
2024-04-13,2023-24,LaLiga,Cadiz,Barcelona,15,1,0,0,0.05,30,14,1,0,0,-0.05,30,1.0,0.0
2024-04-13,2023-24,SerieA,Bologna,Monza,6,2,1,2,0.0,31,6,2,1,1,0.0,31,0.0,0.5
2024-04-13,2023-24,SerieA,Torino,Juventus,7,2,0,1,0.05,31,6,2,1,1,-0.05,31,1.0,0.5
2024-04-13,2023-24,Ligue1,Rennes,Toulouse,6,2,1,2,0.0,28,6,2,1,2,0.0,28,0.0,0.0
2024-04-13,2023-24,EPL,Bournemouth,Man United,7,3,0,2,-0.15,31,6,3,1,2,-0.25,31,1.0,0.5
2024-04-13,2023-24,LaLiga,Ath Madrid,Girona,12,1,0,1,-0.05,30,13,1,0,1,0.05,30,-1.0,1.0
2024-04-13,2023-24,EPL,Man City,Luton,7,3,0,3,-0.2,31,7,3,0,2,-0.2,32,0.0,1.0
2024-04-13,2023-24,EPL,Nott'm Forest,Wolves,6,3,1,2,-0.25,32,7,3,0,2,-0.15,31,-1.0,0.5
2024-04-13,2023-24,Bundesliga,Bochum,Heidenheim,7,2,0,2,0.0,28,7,2,0,2,0.0,28,0.0,0.5
2024-04-13,2023-24,Bundesliga,Bayern Munich,FC Koln,7,2,0,1,0.0,28,7,2,0,2,0.0,28,0.0,1.0
2024-04-13,2023-24,EPL,Newcastle,Tottenham,7,3,0,2,-0.15,31,6,3,1,2,-0.25,31,1.0,1.0
2024-04-13,2023-24,Bundesliga,M'gladbach,Dortmund,6,2,1,1,-0.05,28,7,2,0,1,0.05,28,-1.0,0.0
2024-04-13,2023-24,Bundesliga,RB Leipzig,Wolfsburg,7,2,0,1,0.05,28,6,2,1,1,-0.05,28,1.0,1.0
2024-04-13,2023-24,EPL,Brentford,Sheffield United,7,3,0,2,-0.15,32,6,3,1,2,-0.25,31,1.0,1.0
2024-04-13,2023-24,EPL,Burnley,Brighton,7,3,0,2,-0.2,32,7,3,0,3,-0.2,31,0.0,0.5
2024-04-13,2023-24,LaLiga,Mallorca,Real Madrid,14,1,0,0,0.05,30,13,1,0,1,-0.05,30,1.0,0.0
2024-04-13,2023-24,LaLiga,Vallecano,Getafe,13,1,0,1,-0.05,30,14,1,0,0,0.05,30,-1.0,0.5
2024-04-13,2023-24,Bundesliga,Stuttgart,Ein Frankfurt,7,2,0,2,-0.05,28,8,2,0,1,0.05,28,-1.0,1.0
2024-04-13,2023-24,Bundesliga,Mainz,Hoffenheim,7,2,0,1,0.05,28,6,2,1,1,-0.05,28,1.0,1.0
2024-04-14,2023-24,SerieA,Sassuolo,Milan,9,2,0,2,0.05,31,8,2,0,1,-0.05,31,1.0,0.5
2024-04-14,2023-24,Bundesliga,Darmstadt,Freiburg,8,2,0,1,0.0,28,8,2,0,1,0.0,28,0.0,0.0
2024-04-14,2023-24,Bundesliga,Leverkusen,Werder Bremen,8,2,0,1,-0.05,28,9,2,0,1,0.05,28,-1.0,1.0
2024-04-14,2023-24,SerieA,Napoli,Frosinone,7,2,0,1,0.0,31,7,2,0,1,0.0,31,0.0,0.5
2024-04-14,2023-24,Ligue1,Clermont,Montpellier,8,2,0,1,0.05,28,7,2,0,1,-0.05,28,1.0,0.5
2024-04-14,2023-24,Ligue1,Le Havre,Nantes,8,2,0,1,0.05,28,7,2,0,1,-0.05,28,1.0,0.0
2024-04-14,2023-24,SerieA,Inter,Cagliari,6,2,1,2,-0.05,31,7,2,0,2,0.05,31,-1.0,0.5
2024-04-14,2023-24,LaLiga,Las Palmas,Sevilla,15,1,0,0,0.0,30,15,1,0,0,0.0,30,0.0,0.0
2024-04-14,2023-24,LaLiga,Granada,Alaves,10,2,0,1,-0.2,30,14,1,0,0,0.2,30,-4.0,1.0
2024-04-14,2023-24,LaLiga,Ath Bilbao,Villarreal,14,1,0,0,0.05,30,13,1,0,1,-0.05,30,1.0,0.5
2024-04-14,2023-24,LaLiga,Sociedad,Almeria,14,1,0,0,-0.05,30,15,1,0,0,0.05,30,-1.0,0.5
2024-04-14,2023-24,EPL,West Ham,Fulham,8,3,0,2,-0.2,32,8,3,0,2,-0.2,32,0.0,0.0
2024-04-14,2023-24,EPL,Liverpool,Crystal Palace,7,3,0,2,-0.25,31,8,3,0,2,-0.15,31,-1.0,0.0
2024-04-14,2023-24,Ligue1,Lyon,Brest,7,2,0,1,0.0,28,7,2,0,1,0.0,28,0.0,1.0
2024-04-14,2023-24,EPL,Arsenal,Aston Villa,8,3,0,2,-0.2,31,8,3,0,2,-0.2,32,0.0,0.0
2024-04-15,2023-24,LaLiga,Osasuna,Valencia,16,1,0,0,0.25,30,11,2,0,1,-0.25,30,5.0,0.0
2024-04-15,2023-24,SerieA,Fiorentina,Genoa,8,2,0,1,0.0,30,8,2,0,1,0.0,31,0.0,0.5
2024-04-15,2023-24,SerieA,Atalanta,Verona,8,2,0,1,0.0,30,8,2,0,1,0.0,31,0.0,0.5
2024-04-15,2023-24,EPL,Chelsea,Everton,8,3,0,2,-0.25,30,9,3,0,2,-0.15,31,-1.0,1.0
2024-04-19,2023-24,SerieA,Genoa,Lazio,4,3,1,2,-0.35,32,7,3,0,2,-0.05,32,-3.0,0.0
2024-04-19,2023-24,SerieA,Cagliari,Juventus,5,3,1,2,-0.25,32,6,3,1,2,-0.15,32,-1.0,0.5
2024-04-19,2023-24,Bundesliga,Ein Frankfurt,Augsburg,6,3,1,1,-0.25,29,7,3,0,2,-0.15,29,-1.0,1.0
2024-04-19,2023-24,LaLiga,Ath Bilbao,Granada,5,2,1,1,0.0,31,5,2,1,1,0.0,31,0.0,0.5
2024-04-19,2023-24,Ligue1,Nice,Lorient,12,2,0,1,0.0,28,12,2,0,1,0.0,28,0.0,1.0
2024-04-20,2023-24,LaLiga,Valencia,Betis,5,2,1,1,-0.15,31,8,2,0,1,0.15,31,-3.0,0.0
2024-04-20,2023-24,EPL,Wolves,Arsenal,7,3,0,1,-0.15,32,6,4,1,1,-0.45,32,1.0,0.0
2024-04-20,2023-24,LaLiga,Girona,Cadiz,7,2,0,1,0.0,31,7,1,0,1,0.0,31,0.0,1.0
2024-04-20,2023-24,LaLiga,Vallecano,Osasuna,7,2,0,1,0.1,31,5,1,1,1,-0.1,31,2.0,1.0
2024-04-20,2023-24,LaLiga,Celta,Las Palmas,8,2,0,1,0.1,31,6,1,1,1,-0.1,31,2.0,1.0
2024-04-20,2023-24,SerieA,Empoli,Napoli,7,3,0,1,-0.15,32,6,2,1,2,-0.05,32,1.0,1.0
2024-04-20,2023-24,SerieA,Verona,Udinese,5,3,1,2,-0.55,32,12,2,0,1,0.35,31,-7.0,1.0
2024-04-20,2023-24,Bundesliga,Wolfsburg,Bochum,7,2,0,2,0.0,29,7,3,0,1,-0.2,29,0.0,1.0
2024-04-20,2023-24,Bundesliga,Hoffenheim,M'gladbach,7,2,0,2,0.0,29,7,2,0,2,0.0,29,0.0,1.0
2024-04-20,2023-24,Bundesliga,Heidenheim,RB Leipzig,7,3,0,1,-0.2,29,7,2,0,1,0.0,29,0.0,0.0
2024-04-20,2023-24,Bundesliga,FC Koln,Darmstadt,7,3,0,1,-0.15,29,6,3,1,1,-0.25,29,1.0,0.0
2024-04-20,2023-24,Ligue1,Nantes,Rennes,6,3,1,2,-0.25,29,7,3,0,2,-0.15,29,-1.0,0.0
2024-04-20,2023-24,Ligue1,Lens,Clermont,8,2,0,1,0.1,29,6,3,1,1,-0.3,29,2.0,1.0
2024-04-20,2023-24,Bundesliga,Union Berlin,Bayern Munich,8,2,0,1,0.05,29,7,2,0,1,-0.05,29,1.0,0.0
2024-04-20,2023-24,EPL,Sheffield United,Burnley,7,3,0,2,-0.2,32,7,3,0,1,-0.2,33,0.0,0.0
2024-04-20,2023-24,EPL,Luton,Brentford,7,3,0,1,-0.2,33,7,3,0,1,-0.2,33,0.0,0.0
2024-04-21,2023-24,Bundesliga,Freiburg,Mainz,7,2,0,1,-0.05,29,8,2,0,1,0.05,29,-1.0,0.5
2024-04-21,2023-24,Bundesliga,Dortmund,Leverkusen,8,2,0,1,0.05,29,7,2,0,1,-0.05,29,1.0,0.5
2024-04-21,2023-24,EPL,Aston Villa,Bournemouth,7,3,0,1,-0.25,33,8,3,0,1,-0.15,32,-1.0,1.0
2024-04-21,2023-24,EPL,Crystal Palace,West Ham,7,3,0,1,-0.2,32,7,3,0,1,-0.2,33,0.0,1.0
2024-04-21,2023-24,EPL,Fulham,Liverpool,7,3,0,1,-0.2,33,7,3,0,1,-0.2,32,0.0,0.0
2024-04-21,2023-24,LaLiga,Getafe,Sociedad,8,1,0,1,0.05,31,7,1,0,1,-0.05,31,1.0,0.5
2024-04-21,2023-24,LaLiga,Almeria,Villarreal,7,1,0,1,0.0,31,7,2,0,1,0.0,31,0.0,0.0
2024-04-21,2023-24,LaLiga,Alaves,Ath Madrid,7,1,0,1,-0.05,31,8,2,0,1,0.05,31,-1.0,1.0
2024-04-21,2023-24,LaLiga,Real Madrid,Barcelona,8,1,0,1,0.0,31,8,1,0,1,0.0,31,0.0,1.0
2024-04-21,2023-24,SerieA,Salernitana,Fiorentina,9,3,0,1,-0.05,32,6,2,1,1,-0.15,31,3.0,0.0
2024-04-21,2023-24,EPL,Everton,Nott'm Forest,6,3,1,1,-0.3,32,8,3,0,1,-0.1,33,-2.0,1.0
2024-04-21,2023-24,SerieA,Monza,Atalanta,8,2,0,1,0.1,32,6,2,1,1,-0.1,31,2.0,0.0
2024-04-21,2023-24,Ligue1,Le Havre,Metz,7,2,0,1,-0.1,29,9,2,0,1,0.1,29,-2.0,0.0
2024-04-21,2023-24,Ligue1,Lille,Strasbourg,16,1,0,0,0.4,28,8,2,0,1,-0.4,29,8.0,1.0
2024-04-21,2023-24,SerieA,Sassuolo,Lecce,7,3,0,1,-0.25,32,8,3,0,1,-0.15,32,-1.0,0.0
2024-04-21,2023-24,SerieA,Torino,Frosinone,8,2,0,1,0.05,32,7,2,0,1,-0.05,32,1.0,0.5
2024-04-21,2023-24,Ligue1,Paris SG,Lyon,15,1,0,0,0.4,28,7,2,0,1,-0.4,29,8.0,1.0
2024-04-21,2023-24,Bundesliga,Werder Bremen,Stuttgart,7,2,0,1,-0.05,29,8,2,0,1,0.05,29,-1.0,1.0
2024-04-21,2023-24,Ligue1,Toulouse,Marseille,8,2,0,1,-0.4,29,16,1,0,0,0.4,28,-8.0,0.5
2024-04-21,2023-24,Ligue1,Brest,Monaco,7,2,0,1,-0.35,29,14,1,0,0,0.35,28,-7.0,0.0
2024-04-21,2023-24,Ligue1,Reims,Montpellier,8,2,0,1,0.05,29,7,2,0,1,-0.05,29,1.0,0.0
2024-04-22,2023-24,LaLiga,Sevilla,Mallorca,8,1,0,1,-0.05,31,9,1,0,1,0.05,31,-1.0,1.0
2024-04-22,2023-24,SerieA,Roma,Bologna,16,1,0,0,0.35,31,9,2,0,1,-0.35,32,7.0,0.0
2024-04-22,2023-24,SerieA,Milan,Inter,8,2,0,1,0.0,32,8,2,0,1,0.0,32,0.0,0.0
2024-04-23,2023-24,EPL,Arsenal,Chelsea,3,4,1,2,-1.05,33,8,3,0,1,0.05,31,-5.0,1.0
2024-04-24,2023-24,EPL,Everton,Liverpool,3,3,1,2,-0.6,33,3,4,1,2,-0.8,33,0.0,1.0
2024-04-24,2023-24,Ligue1,Monaco,Lille,3,2,1,1,-0.4,29,3,2,1,1,-0.4,29,0.0,1.0
2024-04-24,2023-24,EPL,Wolves,Bournemouth,4,3,1,2,-0.15,33,3,3,1,2,-0.65,33,1.0,0.0
2024-04-24,2023-24,EPL,Crystal Palace,Newcastle,3,3,1,2,-1.0,33,11,2,0,1,0.4,32,-8.0,1.0
2024-04-24,2023-24,EPL,Man United,Sheffield United,11,3,0,1,0.15,32,4,4,1,2,-0.75,33,7.0,1.0
2024-04-24,2023-24,Ligue1,Marseille,Nice,3,2,1,1,-0.5,29,5,2,1,1,0.1,29,-2.0,0.5
2024-04-24,2023-24,Ligue1,Lorient,Paris SG,5,2,1,1,0.1,29,3,2,1,1,-0.5,29,2.0,0.0
2024-04-25,2023-24,EPL,Brighton,Man City,12,2,0,1,0.0,32,12,2,0,1,0.0,32,0.0,0.0
2024-04-25,2023-24,SerieA,Udinese,Roma,5,2,1,1,0.1,32,3,2,1,1,-0.5,32,2.0,0.0
2024-04-26,2023-24,SerieA,Frosinone,Salernitana,5,3,1,2,-0.2,33,5,2,1,1,0.0,33,0.0,1.0
2024-04-26,2023-24,Ligue1,Montpellier,Nantes,5,3,1,2,-0.25,30,6,3,1,2,-0.15,30,-1.0,0.5
2024-04-26,2023-24,Bundesliga,Bochum,Hoffenheim,6,3,1,2,-0.2,30,6,3,1,2,-0.2,30,0.0,1.0
2024-04-26,2023-24,LaLiga,Sociedad,Real Madrid,5,2,1,2,0.0,32,5,2,1,2,0.0,32,0.0,0.0
2024-04-27,2023-24,SerieA,Lazio,Verona,8,2,0,1,0.05,33,7,3,0,2,-0.25,33,1.0,1.0
2024-04-27,2023-24,SerieA,Juventus,Milan,8,3,0,1,-0.05,33,5,2,1,2,-0.15,33,3.0,0.5
2024-04-27,2023-24,SerieA,Lecce,Monza,6,2,1,1,0.0,33,6,3,1,1,-0.2,33,0.0,0.5
2024-04-27,2023-24,LaLiga,Alaves,Celta,6,2,1,2,-0.05,32,7,2,0,1,0.05,32,-1.0,1.0
2024-04-27,2023-24,LaLiga,Las Palmas,Girona,7,2,0,2,0.0,32,7,2,0,1,0.0,32,0.0,0.0
2024-04-27,2023-24,LaLiga,Almeria,Getafe,6,2,1,2,0.0,32,6,2,1,1,0.0,32,0.0,0.0
2024-04-27,2023-24,LaLiga,Ath Madrid,Ath Bilbao,6,2,1,1,-0.1,32,8,2,0,2,0.1,32,-2.0,1.0
2024-04-27,2023-24,EPL,West Ham,Liverpool,6,2,1,2,0.15,34,3,4,2,3,-0.95,34,3.0,0.5
2024-04-27,2023-24,EPL,Everton,Brentford,3,3,2,3,-0.8,34,7,2,0,1,0.2,34,-4.0,1.0
2024-04-27,2023-24,Bundesliga,Leverkusen,Stuttgart,6,2,1,2,0.0,30,6,2,1,1,0.0,30,0.0,0.5
2024-04-27,2023-24,Bundesliga,RB Leipzig,Dortmund,7,2,0,1,0.05,30,6,2,1,1,-0.05,30,1.0,1.0
2024-04-27,2023-24,Bundesliga,Freiburg,Wolfsburg,6,2,1,2,-0.05,30,7,3,0,1,-0.15,30,-1.0,0.0
2024-04-27,2023-24,EPL,Fulham,Crystal Palace,6,2,1,2,0.15,34,3,3,2,3,-0.75,34,3.0,0.5
2024-04-27,2023-24,Ligue1,Paris SG,Le Havre,3,2,2,2,-0.55,30,6,2,1,2,0.15,30,-3.0,0.5
2024-04-27,2023-24,Bundesliga,Augsburg,Werder Bremen,8,3,0,1,-0.1,30,6,2,1,2,-0.1,30,2.0,0.0
2024-04-27,2023-24,Bundesliga,Bayern Munich,Ein Frankfurt,7,2,0,1,-0.05,30,8,2,0,1,0.05,30,-1.0,1.0
2024-04-27,2023-24,EPL,Aston Villa,Chelsea,6,2,1,2,0.1,34,4,3,1,2,-0.3,32,2.0,0.5
2024-04-27,2023-24,EPL,Man United,Burnley,3,3,1,1,-0.8,33,7,2,0,1,0.2,34,-4.0,0.5
2024-04-27,2023-24,EPL,Wolves,Luton,3,3,1,2,-0.8,34,7,2,0,1,0.2,34,-4.0,1.0
2024-04-27,2023-24,EPL,Newcastle,Sheffield United,3,2,1,1,-0.4,33,3,4,1,2,-0.8,34,0.0,1.0
2024-04-28,2023-24,Bundesliga,M'gladbach,Union Berlin,8,2,0,1,0.0,30,8,2,0,1,0.0,30,0.0,0.5
2024-04-28,2023-24,SerieA,Atalanta,Empoli,7,2,0,2,-0.05,32,8,2,0,1,0.05,33,-1.0,1.0
2024-04-28,2023-24,Ligue1,Metz,Lille,7,2,0,1,0.15,30,4,2,1,2,-0.15,30,3.0,0.0
2024-04-28,2023-24,Ligue1,Clermont,Reims,8,2,0,1,0.05,30,7,2,0,1,-0.05,30,1.0,1.0
2024-04-28,2023-24,Ligue1,Lorient,Toulouse,4,2,1,2,-0.15,30,7,2,0,1,0.15,30,-3.0,0.0
2024-04-28,2023-24,Ligue1,Strasbourg,Nice,7,2,0,1,0.15,30,4,2,1,2,-0.15,30,3.0,0.0
2024-04-28,2023-24,Ligue1,Rennes,Brest,8,2,0,1,0.05,30,7,2,0,1,-0.05,30,1.0,0.0
2024-04-28,2023-24,Bundesliga,Mainz,FC Koln,7,2,0,1,-0.05,30,8,2,0,1,0.05,30,-1.0,0.5
2024-04-28,2023-24,Bundesliga,Darmstadt,Heidenheim,8,2,0,1,0.0,30,8,2,0,1,0.0,30,0.0,0.0
2024-04-28,2023-24,Ligue1,Lyon,Monaco,7,2,0,1,0.15,30,4,2,1,2,-0.15,30,3.0,1.0
2024-04-28,2023-24,EPL,Tottenham,Arsenal,15,1,0,0,0.5,32,5,3,1,2,-0.7,34,10.0,0.0
2024-04-28,2023-24,SerieA,Bologna,Udinese,6,2,1,1,0.15,33,3,3,1,2,-0.75,33,3.0,0.5
2024-04-28,2023-24,SerieA,Napoli,Roma,8,2,0,1,0.25,33,3,2,2,2,-0.65,33,5.0,0.5
2024-04-28,2023-24,SerieA,Fiorentina,Sassuolo,7,2,0,2,0.0,32,7,2,0,1,0.0,33,0.0,1.0
2024-04-28,2023-24,Ligue1,Marseille,Lens,4,2,1,2,-0.2,30,8,2,0,1,0.2,30,-4.0,1.0
2024-04-28,2023-24,EPL,Bournemouth,Brighton,4,3,1,2,-0.15,34,3,2,1,1,-0.45,33,1.0,1.0
2024-04-28,2023-24,SerieA,Inter,Torino,6,3,1,1,-0.25,33,7,2,0,1,0.05,33,-1.0,1.0
2024-04-28,2023-24,EPL,Nott'm Forest,Man City,7,2,0,1,0.2,34,3,2,1,1,-0.6,33,4.0,0.0
2024-04-28,2023-24,LaLiga,Cadiz,Mallorca,8,2,0,1,0.1,32,6,2,1,1,-0.1,32,2.0,0.5
2024-04-28,2023-24,LaLiga,Granada,Osasuna,9,2,0,1,0.05,32,8,2,0,2,-0.05,32,1.0,1.0
2024-04-28,2023-24,LaLiga,Villarreal,Vallecano,7,2,0,1,-0.05,32,8,2,0,1,0.05,32,-1.0,1.0
2024-04-28,2023-24,LaLiga,Betis,Sevilla,8,2,0,1,0.1,32,6,2,1,1,-0.1,32,2.0,0.5
2024-04-29,2023-24,SerieA,Genoa,Cagliari,10,2,0,1,0.0,33,10,2,0,1,0.0,33,0.0,1.0
2024-04-29,2023-24,LaLiga,Barcelona,Valencia,8,2,0,1,-0.05,32,9,2,0,1,0.05,32,-1.0,1.0
2024-05-02,2023-24,EPL,Chelsea,Tottenham,5,3,1,2,-0.15,33,4,2,1,1,-0.05,33,1.0,1.0
2024-05-03,2023-24,Bundesliga,Hoffenheim,RB Leipzig,7,3,0,2,-0.15,31,6,3,1,2,-0.25,31,1.0,0.5
2024-05-03,2023-24,EPL,Luton,Everton,6,3,1,2,-0.2,35,6,4,1,3,-0.4,35,0.0,0.5
2024-05-03,2023-24,Ligue1,Lens,Lorient,5,2,1,2,0.0,31,5,3,1,2,-0.2,31,0.0,1.0
2024-05-03,2023-24,Ligue1,Toulouse,Montpellier,5,3,1,2,-0.3,31,7,3,0,2,-0.1,31,-2.0,0.0
2024-05-03,2023-24,LaLiga,Getafe,Ath Bilbao,6,3,1,2,-0.2,33,6,3,1,1,-0.2,33,0.0,0.0
2024-05-03,2023-24,SerieA,Torino,Bologna,5,3,1,2,-0.2,34,5,3,1,2,-0.2,34,0.0,0.5
2024-05-04,2023-24,EPL,Brentford,Fulham,7,2,0,1,0.0,35,7,3,0,2,-0.2,35,0.0,0.5
2024-05-04,2023-24,EPL,Burnley,Newcastle,7,2,0,1,0.0,35,7,2,0,2,0.0,34,0.0,0.0
2024-05-04,2023-24,Ligue1,Brest,Nantes,6,3,1,2,-0.3,31,8,3,0,1,-0.1,31,-2.0,0.5
2024-05-04,2023-24,Ligue1,Metz,Rennes,6,2,1,2,0.0,31,6,2,1,1,0.0,31,0.0,0.0
2024-05-04,2023-24,Ligue1,Monaco,Clermont,6,3,1,3,-0.2,31,6,3,1,1,-0.2,31,0.0,1.0
2024-05-04,2023-24,Ligue1,Le Havre,Strasbourg,7,3,0,2,-0.15,31,6,2,1,2,-0.05,31,1.0,1.0
2024-05-04,2023-24,EPL,Man City,Wolves,6,2,1,2,-0.05,34,7,3,0,2,-0.15,35,-1.0,1.0
2024-05-04,2023-24,Bundesliga,FC Koln,Freiburg,6,2,1,1,-0.05,31,7,3,0,2,-0.15,31,-1.0,0.5
2024-05-04,2023-24,Bundesliga,Werder Bremen,M'gladbach,7,3,0,2,-0.15,31,6,2,1,1,-0.05,31,1.0,0.5
2024-05-04,2023-24,Bundesliga,Stuttgart,Bayern Munich,7,2,0,2,0.0,31,7,2,0,1,0.0,31,0.0,1.0
2024-05-04,2023-24,Bundesliga,Dortmund,Augsburg,7,2,0,2,0.0,31,7,2,0,1,0.0,31,0.0,1.0
2024-05-04,2023-24,SerieA,Sassuolo,Inter,6,3,1,2,-0.2,34,6,3,1,2,-0.2,34,0.0,1.0
2024-05-04,2023-24,EPL,Sheffield United,Nott'm Forest,7,3,0,2,-0.15,35,6,2,1,2,-0.05,35,1.0,0.0
2024-05-04,2023-24,EPL,Arsenal,Bournemouth,6,4,1,2,-0.4,35,6,3,1,3,-0.2,35,0.0,1.0
2024-05-04,2023-24,Bundesliga,Wolfsburg,Darmstadt,7,2,0,1,0.05,31,6,3,1,1,-0.25,31,1.0,1.0
2024-05-04,2023-24,LaLiga,Sociedad,Las Palmas,8,3,0,2,-0.15,33,7,3,0,1,-0.25,33,1.0,1.0
2024-05-04,2023-24,LaLiga,Real Madrid,Cadiz,8,2,0,2,0.1,33,6,2,1,1,-0.1,33,2.0,1.0
2024-05-04,2023-24,SerieA,Monza,Lazio,7,2,0,2,0.0,34,7,2,0,1,0.0,34,0.0,0.5
2024-05-04,2023-24,LaLiga,Girona,Barcelona,7,2,0,1,0.1,33,5,2,1,2,-0.1,33,2.0,1.0
2024-05-04,2023-24,LaLiga,Mallorca,Ath Madrid,6,2,1,2,-0.05,33,7,2,0,2,0.05,33,-1.0,0.0
2024-05-05,2023-24,Bundesliga,Heidenheim,Mainz,7,2,0,1,0.0,31,7,2,0,1,0.0,31,0.0,0.5
2024-05-05,2023-24,LaLiga,Vallecano,Almeria,7,2,0,1,-0.05,33,8,2,0,1,0.05,33,-1.0,0.0
2024-05-05,2023-24,SerieA,Roma,Juventus,7,3,0,3,-0.25,34,8,2,0,1,0.05,34,-1.0,0.5
2024-05-05,2023-24,SerieA,Milan,Genoa,8,2,0,2,0.1,34,6,3,1,1,-0.3,34,2.0,0.5
2024-05-05,2023-24,EPL,Chelsea,West Ham,3,4,1,3,-1.05,34,8,2,0,1,0.25,35,-5.0,1.0
2024-05-05,2023-24,EPL,Brighton,Aston Villa,7,2,0,2,-0.05,34,8,2,0,1,0.05,35,-1.0,1.0
2024-05-05,2023-24,LaLiga,Sevilla,Granada,7,2,0,2,0.0,33,7,2,0,1,0.0,33,0.0,1.0
2024-05-05,2023-24,EPL,Liverpool,Tottenham,8,3,0,2,0.05,35,3,2,1,2,-0.65,34,5.0,1.0
2024-05-05,2023-24,LaLiga,Valencia,Alaves,6,3,1,1,-0.3,33,8,2,0,1,0.1,33,-2.0,0.0
2024-05-05,2023-24,LaLiga,Celta,Villarreal,8,2,0,1,0.05,33,7,2,0,1,-0.05,33,1.0,1.0
2024-05-05,2023-24,LaLiga,Osasuna,Betis,7,3,0,1,-0.2,33,7,2,0,1,0.0,33,0.0,0.0
2024-05-05,2023-24,SerieA,Verona,Fiorentina,8,3,0,1,-0.15,34,7,3,0,1,-0.25,33,1.0,1.0
2024-05-05,2023-24,SerieA,Empoli,Frosinone,7,2,0,1,-0.1,34,9,2,0,1,0.1,34,-2.0,0.5
2024-05-05,2023-24,SerieA,Cagliari,Lecce,6,2,1,1,-0.1,34,8,2,0,1,0.1,34,-2.0,0.5
2024-05-05,2023-24,Bundesliga,Ein Frankfurt,Leverkusen,8,2,0,1,0.0,31,8,2,0,1,0.0,31,0.0,0.0
2024-05-05,2023-24,Bundesliga,Union Berlin,Bochum,7,2,0,1,-0.1,31,9,2,0,1,0.1,31,-2.0,0.0
2024-05-06,2023-24,SerieA,Salernitana,Atalanta,10,2,0,1,0.1,34,8,2,0,1,-0.1,33,2.0,0.0
2024-05-06,2023-24,SerieA,Udinese,Napoli,8,3,0,2,-0.2,34,8,2,0,1,0.0,34,0.0,0.5
2024-05-06,2023-24,EPL,Crystal Palace,Man United,9,3,0,2,-0.2,35,9,2,0,2,0.0,34,0.0,1.0
2024-05-06,2023-24,Ligue1,Lille,Lyon,8,3,0,2,-0.2,31,8,2,0,1,0.0,31,0.0,0.0
2024-05-10,2023-24,LaLiga,Alaves,Girona,5,3,1,2,-0.25,34,6,3,1,2,-0.15,34,-1.0,0.5
2024-05-10,2023-24,SerieA,Frosinone,Inter,5,3,1,1,-0.25,35,6,3,1,2,-0.15,35,-1.0,0.0
2024-05-10,2023-24,Ligue1,Brest,Reims,6,3,1,2,-0.5,32,12,2,0,1,0.3,31,-6.0,0.5
2024-05-10,2023-24,Ligue1,Nice,Le Havre,12,2,0,1,0.3,31,6,3,1,2,-0.5,32,6.0,1.0
2024-05-10,2023-24,Bundesliga,Augsburg,Stuttgart,6,2,1,2,0.0,32,6,3,1,2,-0.2,32,0.0,0.0
2024-05-11,2023-24,LaLiga,Ath Bilbao,Osasuna,8,2,0,1,0.1,34,6,2,1,2,-0.1,34,2.0,0.5
2024-05-11,2023-24,LaLiga,Mallorca,Las Palmas,7,3,0,2,-0.2,34,7,2,0,1,0.0,34,0.0,1.0
2024-05-11,2023-24,LaLiga,Villarreal,Sevilla,6,3,1,2,-0.2,34,6,3,1,2,-0.2,34,0.0,1.0
2024-05-11,2023-24,Bundesliga,Freiburg,Heidenheim,7,3,0,1,-0.15,32,6,2,1,2,-0.05,32,1.0,0.5
2024-05-11,2023-24,Bundesliga,M'gladbach,Ein Frankfurt,7,2,0,2,0.05,32,6,2,1,1,-0.05,32,1.0,0.5
2024-05-11,2023-24,Bundesliga,RB Leipzig,Werder Bremen,8,2,0,1,0.05,32,7,3,0,1,-0.25,32,1.0,0.5
2024-05-11,2023-24,Bundesliga,Mainz,Dortmund,6,3,1,2,-0.25,32,7,3,0,1,-0.15,32,-1.0,1.0
2024-05-11,2023-24,LaLiga,Granada,Real Madrid,6,2,1,2,-0.05,34,7,3,0,1,-0.15,34,-1.0,0.0
2024-05-11,2023-24,Bundesliga,FC Koln,Union Berlin,7,2,0,2,0.05,32,6,2,1,2,-0.05,32,1.0,1.0
2024-05-11,2023-24,EPL,Bournemouth,Brentford,7,4,0,2,-0.4,36,7,2,0,1,0.0,36,0.0,0.0
2024-05-11,2023-24,SerieA,Napoli,Bologna,5,2,1,2,-0.15,35,8,3,0,2,-0.05,35,-3.0,0.0
2024-05-11,2023-24,EPL,Tottenham,Burnley,6,3,1,3,-0.25,35,7,2,0,1,0.05,36,-1.0,1.0
2024-05-11,2023-24,EPL,Newcastle,Brighton,7,3,0,1,-0.15,35,6,3,1,2,-0.25,35,1.0,0.5
2024-05-11,2023-24,EPL,Nott'm Forest,Chelsea,7,3,0,2,-0.15,36,6,4,1,2,-0.45,35,1.0,0.0
2024-05-11,2023-24,EPL,Fulham,Man City,7,3,0,1,-0.2,36,7,3,0,2,-0.2,35,0.0,0.0
2024-05-11,2023-24,EPL,West Ham,Luton,6,3,1,1,-0.3,36,8,2,0,1,0.1,36,-2.0,1.0
2024-05-11,2023-24,EPL,Wolves,Crystal Palace,7,3,0,1,-0.1,36,5,4,1,1,-0.5,36,2.0,0.0
2024-05-11,2023-24,EPL,Everton,Sheffield United,8,4,0,1,-0.35,36,7,3,0,1,-0.25,36,1.0,1.0
2024-05-11,2023-24,SerieA,Milan,Cagliari,6,3,1,1,-0.2,35,6,2,1,2,0.0,35,0.0,1.0
2024-05-12,2023-24,Ligue1,Rennes,Lens,8,2,0,1,-0.05,32,9,2,0,1,0.05,32,-1.0,0.5
2024-05-12,2023-24,LaLiga,Betis,Almeria,7,2,0,1,0.0,34,7,2,0,1,0.0,34,0.0,1.0
2024-05-12,2023-24,Ligue1,Nantes,Lille,8,2,0,1,0.1,32,6,3,1,1,-0.3,32,2.0,0.0
2024-05-12,2023-24,LaLiga,Valencia,Vallecano,7,2,0,2,0.0,34,7,2,0,1,0.0,34,0.0,0.5
2024-05-12,2023-24,Ligue1,Marseille,Lorient,14,2,0,0,0.25,31,9,3,0,1,-0.45,32,5.0,1.0
2024-05-12,2023-24,Ligue1,Clermont,Lyon,8,2,0,1,0.1,32,6,2,1,1,-0.1,32,2.0,0.0
2024-05-12,2023-24,LaLiga,Ath Madrid,Celta,8,2,0,1,0.05,34,7,2,0,1,-0.05,34,1.0,1.0
2024-05-12,2023-24,Ligue1,Strasbourg,Metz,8,2,0,1,0.0,32,8,2,0,1,0.0,32,0.0,1.0
2024-05-12,2023-24,Ligue1,Paris SG,Toulouse,15,2,0,0,0.3,31,9,2,0,1,-0.3,32,6.0,0.0
2024-05-12,2023-24,Ligue1,Montpellier,Monaco,9,2,0,1,0.05,32,8,3,0,1,-0.25,32,1.0,0.0
2024-05-12,2023-24,LaLiga,Cadiz,Getafe,8,2,0,1,-0.05,34,9,2,0,1,0.05,34,-1.0,1.0
2024-05-12,2023-24,SerieA,Atalanta,Roma,6,2,1,1,-0.05,34,7,4,0,1,-0.35,35,-1.0,1.0
2024-05-12,2023-24,EPL,Man United,Arsenal,6,3,1,1,-0.3,35,8,3,0,1,-0.1,36,-2.0,0.0
2024-05-12,2023-24,Bundesliga,Bayern Munich,Wolfsburg,8,2,0,1,0.0,32,8,2,0,1,0.0,32,0.0,1.0
2024-05-12,2023-24,Bundesliga,Bochum,Leverkusen,7,2,0,1,0.0,32,7,2,0,1,0.0,32,0.0,0.0
2024-05-12,2023-24,Bundesliga,Darmstadt,Hoffenheim,8,2,0,1,-0.05,32,9,2,0,1,0.05,32,-1.0,0.0
2024-05-12,2023-24,SerieA,Juventus,Salernitana,7,2,0,1,0.05,35,6,2,1,1,-0.05,35,1.0,0.5
2024-05-12,2023-24,SerieA,Verona,Torino,7,2,0,1,-0.1,35,9,2,0,1,0.1,35,-2.0,0.0
2024-05-12,2023-24,SerieA,Genoa,Sassuolo,7,2,0,2,-0.05,35,8,2,0,1,0.05,35,-1.0,1.0
2024-05-12,2023-24,SerieA,Lazio,Empoli,8,2,0,1,0.05,35,7,2,0,1,-0.05,35,1.0,1.0
2024-05-13,2023-24,SerieA,Fiorentina,Monza,8,2,0,1,-0.05,34,9,2,0,1,0.05,35,-1.0,1.0
2024-05-13,2023-24,EPL,Aston Villa,Liverpool,8,2,0,1,0.0,36,8,3,0,1,-0.2,36,0.0,0.5
2024-05-13,2023-24,SerieA,Lecce,Udinese,8,2,0,1,0.05,35,7,3,0,1,-0.25,35,1.0,0.0
2024-05-13,2023-24,LaLiga,Barcelona,Sociedad,9,2,0,1,0.0,34,9,2,0,1,0.0,34,0.0,1.0
2024-05-14,2023-24,LaLiga,Osasuna,Mallorca,3,3,1,2,-0.6,35,3,3,1,2,-0.6,35,0.0,0.5
2024-05-14,2023-24,LaLiga,Real Madrid,Alaves,3,3,1,2,-0.65,35,4,3,1,2,-0.15,35,-1.0,1.0
2024-05-14,2023-24,EPL,Tottenham,Man City,3,4,1,3,-0.8,36,3,4,1,2,-0.8,36,0.0,0.0
2024-05-14,2023-24,LaLiga,Girona,Villarreal,4,3,1,2,-0.15,35,3,3,1,2,-0.65,35,1.0,0.0
2024-05-15,2023-24,LaLiga,Getafe,Ath Madrid,3,3,1,2,-0.6,35,3,3,1,2,-0.6,35,0.0,0.0
2024-05-15,2023-24,LaLiga,Celta,Ath Bilbao,3,3,1,2,-0.65,35,4,3,1,2,-0.15,35,-1.0,1.0
2024-05-15,2023-24,LaLiga,Vallecano,Granada,3,3,1,2,-0.65,35,4,3,1,2,-0.15,35,-1.0,1.0
2024-05-15,2023-24,LaLiga,Sevilla,Cadiz,4,3,1,2,-0.15,35,3,3,1,2,-0.65,35,1.0,0.0
2024-05-15,2023-24,EPL,Brighton,Chelsea,4,4,1,2,-0.4,36,4,4,1,3,-0.4,36,0.0,0.0
2024-05-15,2023-24,Ligue1,Reims,Marseille,5,2,1,1,0.1,32,3,2,1,1,-0.5,32,2.0,1.0
2024-05-15,2023-24,Ligue1,Nice,Paris SG,5,2,1,1,0.1,32,3,2,1,1,-0.5,32,2.0,0.0
2024-05-15,2023-24,EPL,Man United,Newcastle,3,3,1,2,-0.65,36,4,3,1,2,-0.15,36,-1.0,1.0
2024-05-16,2023-24,LaLiga,Sociedad,Valencia,3,3,1,2,-0.65,35,4,3,1,2,-0.15,35,-1.0,1.0
2024-05-16,2023-24,LaLiga,Las Palmas,Betis,5,3,1,2,-0.15,35,4,3,1,2,-0.25,35,1.0,0.5
2024-05-16,2023-24,LaLiga,Almeria,Barcelona,4,3,1,2,-0.15,35,3,3,1,2,-0.65,35,1.0,0.0
2024-05-17,2023-24,SerieA,Fiorentina,Napoli,4,3,1,2,-0.3,35,6,3,1,2,-0.1,36,-2.0,0.5
2024-05-18,2023-24,Bundesliga,Heidenheim,FC Koln,7,3,0,2,-0.2,33,7,3,0,1,-0.2,33,0.0,1.0
2024-05-18,2023-24,Bundesliga,Ein Frankfurt,RB Leipzig,7,2,0,2,0.0,33,7,2,0,1,0.0,33,0.0,0.5
2024-05-18,2023-24,SerieA,Lecce,Atalanta,5,2,1,2,-0.05,36,6,3,1,2,-0.15,35,-1.0,0.0
2024-05-18,2023-24,Bundesliga,Dortmund,Darmstadt,7,2,0,1,0.05,33,6,3,1,1,-0.25,33,1.0,1.0
2024-05-18,2023-24,Bundesliga,Wolfsburg,Mainz,6,2,1,1,-0.05,33,7,3,0,2,-0.15,33,-1.0,0.0
2024-05-18,2023-24,Bundesliga,Werder Bremen,Bochum,7,2,0,1,0.05,33,6,2,1,2,-0.05,33,1.0,1.0
2024-05-18,2023-24,Bundesliga,Union Berlin,Freiburg,7,3,0,2,-0.2,33,7,2,0,1,0.0,33,0.0,1.0
2024-05-18,2023-24,Bundesliga,Stuttgart,M'gladbach,8,2,0,1,0.05,33,7,3,0,1,-0.25,33,1.0,1.0
2024-05-18,2023-24,Bundesliga,Leverkusen,Augsburg,6,2,1,2,-0.1,33,8,2,0,1,0.1,33,-2.0,1.0
2024-05-18,2023-24,Bundesliga,Hoffenheim,Bayern Munich,6,2,1,1,0.0,33,6,2,1,1,0.0,33,0.0,1.0
2024-05-18,2023-24,LaLiga,Alaves,Getafe,4,3,1,3,-0.15,36,3,3,2,2,-0.65,36,1.0,1.0
2024-05-18,2023-24,SerieA,Torino,Milan,6,3,1,1,-0.25,36,7,2,0,2,0.05,36,-1.0,1.0
2024-05-19,2023-24,SerieA,Udinese,Empoli,6,2,1,2,-0.05,36,7,2,0,1,0.05,36,-1.0,0.5
2024-05-19,2023-24,SerieA,Monza,Frosinone,6,2,1,1,-0.15,36,9,2,0,1,0.15,36,-3.0,0.0
2024-05-19,2023-24,SerieA,Sassuolo,Cagliari,7,2,0,1,-0.05,36,8,3,0,1,-0.15,36,-1.0,0.0
2024-05-19,2023-24,SerieA,Inter,Lazio,9,2,0,1,0.1,36,7,2,0,1,-0.1,36,2.0,0.5
2024-05-19,2023-24,SerieA,Roma,Genoa,7,2,0,1,0.0,36,7,3,0,1,-0.2,36,0.0,1.0
2024-05-19,2023-24,LaLiga,Villarreal,Real Madrid,5,3,1,2,-0.2,36,5,3,1,2,-0.2,36,0.0,0.5
2024-05-19,2023-24,EPL,Luton,Fulham,8,2,0,1,0.0,37,8,2,0,1,0.0,37,0.0,0.0
2024-05-19,2023-24,LaLiga,Betis,Sociedad,3,3,1,2,-0.6,36,3,3,2,2,-0.6,36,0.0,0.0
2024-05-19,2023-24,Ligue1,Toulouse,Brest,7,2,0,1,-0.1,33,9,2,0,1,0.1,33,-2.0,0.0
2024-05-19,2023-24,Ligue1,Reims,Rennes,4,2,1,2,-0.15,33,7,2,0,1,0.15,33,-3.0,1.0
2024-05-19,2023-24,Ligue1,Monaco,Nantes,7,2,0,1,0.0,33,7,2,0,1,0.0,33,0.0,1.0
2024-05-19,2023-24,Ligue1,Metz,Paris SG,7,2,0,1,0.15,33,4,2,1,2,-0.15,33,3.0,0.0
2024-05-19,2023-24,Ligue1,Lyon,Strasbourg,7,2,0,2,0.0,33,7,2,0,1,0.0,33,0.0,1.0
2024-05-19,2023-24,EPL,Sheffield United,Tottenham,8,2,0,1,0.15,37,5,4,1,2,-0.55,37,3.0,0.0
2024-05-19,2023-24,EPL,Man City,West Ham,5,3,1,2,-0.35,37,8,2,0,1,0.15,37,-3.0,1.0
2024-05-19,2023-24,Ligue1,Lorient,Clermont,7,2,0,1,0.0,33,7,2,0,1,0.0,33,0.0,1.0
2024-05-19,2023-24,EPL,Liverpool,Wolves,6,2,1,1,-0.1,37,8,2,0,1,0.1,37,-2.0,1.0
2024-05-19,2023-24,EPL,Crystal Palace,Aston Villa,8,2,0,2,0.1,37,6,2,1,1,-0.1,37,2.0,1.0
2024-05-19,2023-24,EPL,Chelsea,Bournemouth,4,4,1,2,-0.6,37,8,2,0,1,0.2,37,-4.0,1.0
2024-05-19,2023-24,EPL,Burnley,Nott'm Forest,8,2,0,1,0.0,37,8,2,0,1,0.0,37,0.0,0.0
2024-05-19,2023-24,EPL,Brighton,Man United,4,3,1,2,-0.2,37,4,3,1,3,-0.2,37,0.0,0.0
2024-05-19,2023-24,EPL,Brentford,Newcastle,8,2,0,1,0.2,37,4,3,1,2,-0.4,37,4.0,0.0
2024-05-19,2023-24,EPL,Arsenal,Everton,7,2,0,1,-0.05,37,8,2,0,1,0.05,37,-1.0,1.0
2024-05-19,2023-24,Ligue1,Le Havre,Marseille,9,2,0,1,0.25,33,4,2,1,2,-0.25,33,5.0,0.0
2024-05-19,2023-24,LaLiga,Cadiz,Las Palmas,4,3,1,2,-0.15,36,3,3,1,2,-0.65,36,1.0,0.5
2024-05-19,2023-24,Ligue1,Lens,Montpellier,7,2,0,1,0.0,33,7,2,0,1,0.0,33,0.0,0.5
2024-05-19,2023-24,Ligue1,Lille,Nice,7,2,0,2,0.15,33,4,2,1,2,-0.15,33,3.0,0.5
2024-05-19,2023-24,LaLiga,Valencia,Girona,3,4,1,2,-0.9,36,5,3,1,2,-0.1,36,-2.0,0.0
2024-05-19,2023-24,LaLiga,Ath Bilbao,Sevilla,4,3,1,2,-0.2,36,4,3,1,2,-0.2,36,0.0,1.0
2024-05-19,2023-24,LaLiga,Ath Madrid,Osasuna,4,3,1,2,-0.25,36,5,3,1,2,-0.15,36,-1.0,0.0
2024-05-19,2023-24,LaLiga,Barcelona,Vallecano,3,4,2,2,-0.85,36,4,3,1,2,-0.15,36,-1.0,1.0
2024-05-19,2023-24,LaLiga,Mallorca,Almeria,5,3,1,2,-0.1,36,3,3,1,2,-0.7,36,2.0,0.5
2024-05-19,2023-24,LaLiga,Granada,Celta,4,3,1,2,-0.2,36,4,3,1,2,-0.2,36,0.0,0.0
2024-05-20,2023-24,SerieA,Bologna,Juventus,9,2,0,1,0.05,36,8,2,0,1,-0.05,36,1.0,0.5
2024-05-20,2023-24,SerieA,Salernitana,Verona,8,2,0,1,0.0,36,8,2,0,1,0.0,36,0.0,0.0
2024-05-23,2023-24,SerieA,Cagliari,Fiorentina,4,3,1,2,-0.3,37,6,3,1,2,-0.1,36,-2.0,0.0
2024-05-24,2023-24,LaLiga,Girona,Granada,5,4,1,2,-0.4,37,5,4,1,3,-0.4,37,0.0,1.0
2024-05-24,2023-24,SerieA,Genoa,Bologna,5,3,1,2,-0.15,37,4,2,1,2,-0.05,37,1.0,1.0
2024-05-25,2023-24,SerieA,Juventus,Monza,5,3,1,2,-0.25,37,6,2,1,2,0.05,37,-1.0,1.0
2024-05-25,2023-24,LaLiga,Osasuna,Villarreal,6,4,1,2,-0.4,37,6,4,1,2,-0.4,37,0.0,0.5
2024-05-25,2023-24,LaLiga,Sociedad,Ath Madrid,6,3,1,3,-0.2,37,6,3,1,3,-0.2,37,0.0,0.0
2024-05-25,2023-24,LaLiga,Almeria,Cadiz,6,4,1,3,-0.4,37,6,3,1,3,-0.2,37,0.0,1.0
2024-05-25,2023-24,SerieA,Milan,Salernitana,7,3,0,1,-0.1,37,5,3,1,2,-0.3,37,2.0,0.5
2024-05-25,2023-24,LaLiga,Vallecano,Ath Bilbao,6,4,1,3,-0.4,37,6,3,1,2,-0.2,37,0.0,0.0
2024-05-25,2023-24,LaLiga,Real Madrid,Betis,6,3,1,2,-0.2,37,6,4,1,3,-0.4,37,0.0,0.5
2024-05-26,2023-24,SerieA,Frosinone,Udinese,7,2,0,1,0.0,37,7,3,0,2,-0.2,37,0.0,0.0
2024-05-26,2023-24,SerieA,Empoli,Roma,7,2,0,1,0.0,37,7,2,0,1,0.0,37,0.0,1.0
2024-05-26,2023-24,SerieA,Verona,Inter,6,2,1,1,-0.05,37,7,2,0,1,0.05,37,-1.0,0.5
2024-05-26,2023-24,SerieA,Napoli,Lecce,9,3,0,1,-0.15,37,8,2,0,2,-0.05,37,1.0,0.5
2024-05-26,2023-24,SerieA,Atalanta,Torino,8,3,0,1,-0.2,36,8,2,0,1,0.0,37,0.0,1.0
2024-05-26,2023-24,SerieA,Lazio,Sassuolo,7,2,0,1,0.0,37,7,2,0,1,0.0,37,0.0,0.5
2024-05-26,2023-24,LaLiga,Getafe,Mallorca,8,3,0,2,-0.15,37,7,3,0,2,-0.25,37,1.0,0.0
2024-05-26,2023-24,LaLiga,Las Palmas,Alaves,7,3,0,2,-0.25,37,8,3,0,2,-0.15,37,-1.0,0.5
2024-05-26,2023-24,LaLiga,Sevilla,Barcelona,7,3,0,2,-0.2,37,7,3,0,3,-0.2,37,0.0,0.0
2024-05-26,2023-24,LaLiga,Celta,Valencia,7,3,0,2,-0.2,37,7,3,0,2,-0.2,37,0.0,0.5
2024-06-02,2023-24,SerieA,Atalanta,Fiorentina,7,2,0,1,-0.15,37,10,3,0,1,-0.05,37,-3.0,0.0
2024-08-15,2024-25,LaLiga,Ath Bilbao,Getafe,82,0,0,0,0.05,0,81,0,0,0,-0.05,0,1.0,0.5
2024-08-15,2024-25,LaLiga,Betis,Girona,82,0,0,0,-0.05,0,83,0,0,0,0.05,0,-1.0,0.5
2024-08-16,2024-25,EPL,Man United,Fulham,89,0,0,0,0.0,0,89,0,0,0,0.0,0,0.0,1.0
2024-08-16,2024-25,Ligue1,Le Havre,Paris SG,89,0,0,0,0.0,0,89,0,0,0,0.0,0,0.0,0.0
2024-08-16,2024-25,LaLiga,Las Palmas,Sevilla,82,0,0,0,0.0,0,82,0,0,0,0.0,0,0.0,0.5
2024-08-16,2024-25,LaLiga,Celta,Alaves,82,0,0,0,0.0,0,82,0,0,0,0.0,0,0.0,1.0
2024-08-17,2024-25,LaLiga,Valencia,Barcelona,83,0,0,0,0.0,0,83,0,0,0,0.0,0,0.0,0.0
2024-08-17,2024-25,Ligue1,Reims,Lille,90,0,0,0,0.0,0,90,0,0,0,0.0,0,0.0,0.0
2024-08-17,2024-25,EPL,West Ham,Aston Villa,90,0,0,0,0.0,0,90,0,0,0,0.0,0,0.0,0.0
2024-08-17,2024-25,EPL,Nott'm Forest,Bournemouth,90,0,0,0,0.0,0,90,0,0,0,0.0,0,0.0,0.5
2024-08-17,2024-25,EPL,Newcastle,Southampton,90,0,0,0,-0.5,0,447,0,0,0,0.5,0,-10.0,1.0
2024-08-17,2024-25,EPL,Everton,Brighton,90,0,0,0,0.0,0,90,0,0,0,0.0,0,0.0,0.0
2024-08-17,2024-25,SerieA,Empoli,Monza,83,0,0,0,-0.05,0,84,0,0,0,0.05,0,-1.0,0.5
2024-08-17,2024-25,EPL,Arsenal,Wolves,90,0,0,0,0.0,0,90,0,0,0,0.0,0,0.0,1.0
2024-08-17,2024-25,EPL,Ipswich,Liverpool,14,0,0,0,-0.5,0,90,0,0,0,0.5,0,-10.0,0.0
2024-08-17,2024-25,SerieA,Genoa,Inter,85,0,0,0,0.1,0,83,0,0,0,-0.1,0,2.0,0.5
2024-08-17,2024-25,SerieA,Parma,Fiorentina,1183,0,0,0,0.5,0,76,0,0,0,-0.5,0,10.0,0.5
2024-08-17,2024-25,LaLiga,Osasuna,Leganes,84,0,0,0,0.5,0,14,0,0,0,-0.5,0,10.0,0.5
2024-08-17,2024-25,SerieA,Milan,Torino,84,0,0,0,0.05,0,83,0,0,0,-0.05,0,1.0,0.5
2024-08-17,2024-25,Ligue1,Brest,Marseille,90,0,0,0,0.0,0,90,0,0,0,0.0,0,0.0,0.0
2024-08-17,2024-25,Ligue1,Monaco,St Etienne,90,0,0,0,-0.5,0,819,0,0,0,0.5,0,-10.0,1.0
2024-08-18,2024-25,SerieA,Verona,Napoli,84,0,0,0,0.0,0,84,0,0,0,0.0,0,0.0,1.0
2024-08-18,2024-25,SerieA,Cagliari,Roma,87,0,0,0,0.15,0,84,0,0,0,-0.15,0,3.0,0.5
2024-08-18,2024-25,Ligue1,Montpellier,Strasbourg,91,0,0,0,0.0,0,91,0,0,0,0.0,0,0.0,0.5
2024-08-18,2024-25,Ligue1,Toulouse,Nantes,91,0,0,0,0.0,0,91,0,0,0,0.0,0,0.0,0.5
2024-08-18,2024-25,Ligue1,Rennes,Lyon,91,0,0,0,0.0,0,91,0,0,0,0.0,0,0.0,1.0
2024-08-18,2024-25,LaLiga,Sociedad,Vallecano,85,0,0,0,0.0,0,85,0,0,0,0.0,0,0.0,0.0
2024-08-18,2024-25,Ligue1,Auxerre,Nice,442,0,0,0,0.5,0,91,0,0,0,-0.5,0,10.0,1.0
2024-08-18,2024-25,LaLiga,Mallorca,Real Madrid,84,0,0,0,-0.05,0,85,0,0,0,0.05,0,-1.0,0.5
2024-08-18,2024-25,Ligue1,Angers,Lens,442,0,0,0,0.5,0,91,0,0,0,-0.5,0,10.0,0.0
2024-08-18,2024-25,EPL,Chelsea,Man City,91,0,0,0,0.0,0,91,0,0,0,0.0,0,0.0,0.0
2024-08-18,2024-25,SerieA,Bologna,Udinese,86,0,0,0,0.1,0,84,0,0,0,-0.1,0,2.0,0.5
2024-08-18,2024-25,SerieA,Lazio,Venezia,84,0,0,0,-0.5,0,819,0,0,0,0.5,0,-10.0,1.0
2024-08-18,2024-25,EPL,Brentford,Crystal Palace,91,0,0,0,0.0,0,91,0,0,0,0.0,0,0.0,1.0
2024-08-19,2024-25,LaLiga,Villarreal,Ath Madrid,86,0,0,0,0.0,0,86,0,0,0,0.0,0,0.0,0.5
2024-08-19,2024-25,LaLiga,Valladolid,Espanol,442,0,0,0,0.0,0,442,0,0,0,0.0,0,0.0,1.0
2024-08-19,2024-25,EPL,Leicester,Tottenham,449,0,0,0,0.5,0,92,0,0,0,-0.5,0,10.0,0.5
2024-08-19,2024-25,SerieA,Lecce,Atalanta,85,0,0,0,0.35,0,78,0,0,0,-0.35,0,7.0,0.0
2024-08-19,2024-25,SerieA,Juventus,Como,86,0,0,0,0.5,0,14,0,0,0,-0.5,0,10.0,1.0
2024-08-23,2024-25,LaLiga,Celta,Valencia,7,1,0,1,0.05,1,6,1,1,1,-0.05,1,1.0,1.0
2024-08-23,2024-25,LaLiga,Sevilla,Villarreal,7,1,0,1,0.15,1,4,1,1,1,-0.15,1,3.0,0.0
2024-08-23,2024-25,Bundesliga,M'gladbach,Leverkusen,97,0,0,0,0.0,0,97,0,0,0,0.0,0,0.0,0.0
2024-08-23,2024-25,Ligue1,Paris SG,Montpellier,7,1,0,1,0.1,1,5,1,1,1,-0.1,1,2.0,1.0
2024-08-24,2024-25,Ligue1,Lille,Angers,7,1,0,1,0.05,1,6,1,1,1,-0.05,1,1.0,1.0
2024-08-24,2024-25,Ligue1,St Etienne,Le Havre,7,1,0,1,-0.05,1,8,1,0,1,0.05,1,-1.0,0.0
2024-08-24,2024-25,Ligue1,Lyon,Monaco,6,1,1,1,-0.05,1,7,1,0,1,0.05,1,-1.0,0.0
2024-08-24,2024-25,Bundesliga,RB Leipzig,Bochum,98,0,0,0,0.0,0,98,0,0,0,0.0,0,0.0,1.0
2024-08-24,2024-25,LaLiga,Osasuna,Mallorca,7,1,0,1,0.05,1,6,1,1,1,-0.05,1,1.0,1.0
2024-08-24,2024-25,Bundesliga,Mainz,Union Berlin,98,0,0,0,0.0,0,98,0,0,0,0.0,0,0.0,0.5
2024-08-24,2024-25,Bundesliga,Hoffenheim,Holstein Kiel,98,0,0,0,0.5,0,14,0,0,0,-0.5,0,10.0,1.0
2024-08-24,2024-25,Bundesliga,Freiburg,Stuttgart,98,0,0,0,0.0,0,98,0,0,0,0.0,0,0.0,1.0
2024-08-24,2024-25,Bundesliga,Augsburg,Werder Bremen,98,0,0,0,0.0,0,98,0,0,0,0.0,0,0.0,0.5
2024-08-24,2024-25,EPL,Aston Villa,Arsenal,7,1,0,1,0.0,1,7,1,0,1,0.0,1,0.0,0.0
2024-08-24,2024-25,EPL,Tottenham,Everton,5,1,1,1,-0.1,1,7,1,0,1,0.1,1,-2.0,1.0
2024-08-24,2024-25,EPL,Southampton,Nott'm Forest,7,1,0,1,0.0,1,7,1,0,1,0.0,1,0.0,0.0
2024-08-24,2024-25,EPL,Man City,Ipswich,6,1,1,1,-0.05,1,7,1,0,1,0.05,1,-1.0,1.0
2024-08-24,2024-25,EPL,Fulham,Leicester,8,1,0,1,0.15,1,5,1,1,1,-0.15,1,3.0,1.0
2024-08-24,2024-25,EPL,Crystal Palace,West Ham,6,1,1,1,-0.05,1,7,1,0,1,0.05,1,-1.0,0.0
2024-08-24,2024-25,EPL,Brighton,Man United,7,1,0,1,-0.05,1,8,1,0,1,0.05,1,-1.0,1.0
2024-08-24,2024-25,Bundesliga,Dortmund,Ein Frankfurt,98,0,0,0,0.0,0,98,0,0,0,0.0,0,0.0,1.0
2024-08-24,2024-25,LaLiga,Barcelona,Ath Bilbao,7,1,0,1,-0.1,1,9,1,0,1,0.1,1,-2.0,1.0
2024-08-24,2024-25,SerieA,Udinese,Lazio,6,1,1,1,0.0,1,6,1,1,1,0.0,1,0.0,1.0
2024-08-24,2024-25,LaLiga,Espanol,Sociedad,5,1,1,1,-0.05,1,6,1,1,1,0.05,1,-1.0,0.0
2024-08-24,2024-25,LaLiga,Getafe,Vallecano,9,1,0,1,0.15,1,6,1,1,1,-0.15,1,3.0,0.5
2024-08-24,2024-25,SerieA,Inter,Lecce,7,1,0,1,0.1,1,5,1,1,1,-0.1,1,2.0,1.0
2024-08-24,2024-25,SerieA,Parma,Milan,7,1,0,1,0.0,1,7,1,0,1,0.0,1,0.0,1.0
2024-08-24,2024-25,SerieA,Monza,Genoa,7,1,0,1,0.0,1,7,1,0,1,0.0,1,0.0,0.0
2024-08-25,2024-25,Ligue1,Strasbourg,Rennes,7,1,0,1,0.0,1,7,1,0,1,0.0,1,0.0,1.0
2024-08-25,2024-25,SerieA,Roma,Empoli,7,1,0,1,-0.05,1,8,1,0,1,0.05,1,-1.0,0.0
2024-08-25,2024-25,EPL,Bournemouth,Newcastle,8,1,0,1,0.0,1,8,1,0,1,0.0,1,0.0,0.5
2024-08-25,2024-25,EPL,Wolves,Chelsea,8,1,0,1,0.05,1,7,1,0,1,-0.05,1,1.0,0.0
2024-08-25,2024-25,EPL,Liverpool,Brentford,8,1,0,1,0.05,1,7,1,0,1,-0.05,1,1.0,1.0
2024-08-25,2024-25,Ligue1,Marseille,Reims,8,1,0,1,0.0,1,8,1,0,1,0.0,1,0.0,0.5
2024-08-25,2024-25,Ligue1,Nice,Toulouse,7,1,0,1,0.0,1,7,1,0,1,0.0,1,0.0,0.5
2024-08-25,2024-25,Ligue1,Nantes,Auxerre,7,1,0,1,0.0,1,7,1,0,1,0.0,1,0.0,1.0
2024-08-25,2024-25,Ligue1,Lens,Brest,7,1,0,1,-0.05,1,8,1,0,1,0.05,1,-1.0,1.0
2024-08-25,2024-25,LaLiga,Ath Madrid,Girona,6,1,1,1,-0.2,1,10,1,0,1,0.2,1,-4.0,1.0
2024-08-25,2024-25,LaLiga,Alaves,Betis,9,1,0,1,-0.05,1,10,1,0,1,0.05,1,-1.0,0.5
2024-08-25,2024-25,LaLiga,Leganes,Las Palmas,8,1,0,1,-0.05,1,9,1,0,1,0.05,1,-1.0,1.0
2024-08-25,2024-25,LaLiga,Real Madrid,Valladolid,7,1,0,1,0.05,1,6,1,1,1,-0.05,1,1.0,1.0
2024-08-25,2024-25,Bundesliga,St Pauli,Heidenheim,14,0,0,0,-0.5,0,99,0,0,0,0.5,0,-10.0,0.0
2024-08-25,2024-25,SerieA,Napoli,Bologna,7,1,0,1,0.0,1,7,1,0,1,0.0,1,0.0,1.0
2024-08-25,2024-25,Bundesliga,Wolfsburg,Bayern Munich,99,0,0,0,0.0,0,99,0,0,0,0.0,0,0.0,0.0
2024-08-25,2024-25,SerieA,Fiorentina,Venezia,8,1,0,1,0.05,1,7,1,0,1,-0.05,1,1.0,0.5
2024-08-25,2024-25,SerieA,Torino,Atalanta,8,1,0,1,0.1,1,6,1,1,1,-0.1,1,2.0,1.0
2024-08-26,2024-25,SerieA,Cagliari,Como,8,1,0,1,0.05,1,7,1,0,1,-0.05,1,1.0,0.5
2024-08-26,2024-25,SerieA,Verona,Juventus,8,1,0,1,0.05,1,7,1,0,1,-0.05,1,1.0,0.0
2024-08-26,2024-25,LaLiga,Villarreal,Celta,3,2,1,2,-0.4,2,3,2,1,2,-0.4,2,0.0,1.0
2024-08-27,2024-25,LaLiga,Mallorca,Sevilla,3,2,1,2,-0.45,2,4,2,1,2,0.05,2,-1.0,0.5
2024-08-27,2024-25,LaLiga,Vallecano,Barcelona,3,2,1,2,-0.4,2,3,2,1,2,-0.4,2,0.0,0.0
2024-08-28,2024-25,LaLiga,Sociedad,Alaves,4,2,1,2,0.05,2,3,2,1,2,-0.45,2,1.0,0.0
2024-08-28,2024-25,LaLiga,Ath Madrid,Espanol,3,2,1,2,-0.45,2,4,2,1,2,0.05,2,-1.0,0.5
2024-08-28,2024-25,LaLiga,Valladolid,Leganes,3,2,1,2,-0.4,2,3,2,1,2,-0.4,2,0.0,0.5
2024-08-28,2024-25,LaLiga,Ath Bilbao,Valencia,4,2,1,2,-0.05,2,5,2,1,2,0.05,2,-1.0,1.0
2024-08-29,2024-25,LaLiga,Girona,Osasuna,4,2,1,1,-0.05,2,5,2,1,2,0.05,2,-1.0,1.0
2024-08-29,2024-25,LaLiga,Las Palmas,Real Madrid,4,2,1,2,0.0,2,4,2,1,2,0.0,2,0.0,0.5
2024-08-30,2024-25,Ligue1,Lyon,Strasbourg,6,2,1,2,0.05,2,5,2,1,2,-0.05,2,1.0,1.0
2024-08-30,2024-25,SerieA,Inter,Atalanta,6,2,1,2,0.05,2,5,2,1,2,-0.05,2,1.0,1.0
2024-08-30,2024-25,Bundesliga,Union Berlin,St Pauli,6,1,1,1,0.05,1,5,1,1,1,-0.05,1,1.0,1.0
2024-08-30,2024-25,SerieA,Venezia,Torino,5,2,1,2,0.0,2,5,2,1,2,0.0,2,0.0,0.0
2024-08-31,2024-25,SerieA,Bologna,Empoli,6,2,1,2,0.0,2,6,2,1,1,0.0,2,0.0,0.5
2024-08-31,2024-25,SerieA,Lecce,Cagliari,7,2,0,2,0.1,2,5,2,1,2,-0.1,2,2.0,1.0
2024-08-31,2024-25,SerieA,Lazio,Milan,7,2,0,2,0.0,2,7,2,0,1,0.0,2,0.0,0.5
2024-08-31,2024-25,SerieA,Napoli,Parma,6,2,1,2,-0.05,2,7,2,0,1,0.05,2,-1.0,1.0
2024-08-31,2024-25,Bundesliga,Leverkusen,RB Leipzig,8,1,0,1,0.05,1,7,1,0,1,-0.05,1,1.0,0.0
2024-08-31,2024-25,Bundesliga,Werder Bremen,Dortmund,7,1,0,1,0.0,1,7,1,0,1,0.0,1,0.0,0.5
2024-08-31,2024-25,Bundesliga,Bochum,M'gladbach,7,1,0,1,-0.05,1,8,1,0,1,0.05,1,-1.0,0.0
2024-08-31,2024-25,Bundesliga,Ein Frankfurt,Hoffenheim,7,1,0,1,0.0,1,7,1,0,1,0.0,1,0.0,1.0
2024-08-31,2024-25,Bundesliga,Holstein Kiel,Wolfsburg,7,1,0,1,0.05,1,6,1,1,1,-0.05,1,1.0,0.0
2024-08-31,2024-25,Bundesliga,Stuttgart,Mainz,7,1,0,1,0.0,1,7,1,0,1,0.0,1,0.0,0.5
2024-08-31,2024-25,EPL,West Ham,Man City,7,2,0,1,0.0,2,7,2,0,2,0.0,2,0.0,0.0
2024-08-31,2024-25,EPL,Brentford,Southampton,6,2,1,2,-0.05,2,7,2,0,1,0.05,2,-1.0,1.0
2024-08-31,2024-25,EPL,Leicester,Aston Villa,7,2,0,2,0.0,2,7,2,0,1,0.0,2,0.0,0.0
2024-08-31,2024-25,Ligue1,Toulouse,Marseille,6,2,1,2,0.0,2,6,2,1,1,0.0,2,0.0,0.0
2024-08-31,2024-25,Ligue1,Montpellier,Nantes,8,2,0,2,0.1,2,6,2,1,2,-0.1,2,2.0,0.0
2024-08-31,2024-25,Ligue1,Brest,St Etienne,6,2,1,1,-0.05,2,7,2,0,1,0.05,2,-1.0,1.0
2024-08-31,2024-25,LaLiga,Valencia,Villarreal,3,3,1,2,-0.7,3,5,3,1,3,-0.1,3,-2.0,0.5
2024-08-31,2024-25,LaLiga,Leganes,Mallorca,3,3,2,2,-0.65,3,4,3,1,3,-0.15,3,-1.0,0.0
2024-08-31,2024-25,EPL,Nott'm Forest,Wolves,7,2,0,1,0.05,2,6,2,1,1,-0.05,2,1.0,0.5
2024-08-31,2024-25,LaLiga,Espanol,Vallecano,3,3,1,3,-0.65,3,4,3,1,3,-0.15,3,-1.0,1.0
2024-08-31,2024-25,LaLiga,Barcelona,Valladolid,4,3,1,2,-0.15,3,3,3,2,3,-0.65,3,1.0,1.0
2024-08-31,2024-25,EPL,Arsenal,Brighton,7,2,0,1,0.0,2,7,2,0,1,0.0,2,0.0,0.5
2024-08-31,2024-25,EPL,Everton,Bournemouth,7,2,0,1,0.05,2,6,2,1,1,-0.05,2,1.0,0.0
2024-08-31,2024-25,EPL,Ipswich,Fulham,7,2,0,1,0.0,2,7,2,0,1,0.0,2,0.0,0.5
2024-08-31,2024-25,LaLiga,Ath Bilbao,Ath Madrid,3,3,1,2,-0.6,3,3,3,2,3,-0.6,3,0.0,0.0
2024-09-01,2024-25,LaLiga,Real Madrid,Betis,3,3,1,2,-0.8,3,7,2,0,1,0.2,2,-4.0,1.0
2024-09-01,2024-25,EPL,Man United,Liverpool,8,2,0,1,0.05,2,7,2,0,1,-0.05,2,1.0,0.0
2024-09-01,2024-25,EPL,Newcastle,Tottenham,7,2,0,1,-0.05,2,8,2,0,2,0.05,2,-1.0,1.0
2024-09-01,2024-25,EPL,Chelsea,Crystal Palace,7,2,0,1,-0.05,2,8,2,0,1,0.05,2,-1.0,0.5
2024-09-01,2024-25,LaLiga,Getafe,Sociedad,8,2,0,1,0.2,2,4,3,1,2,-0.4,3,4.0,0.5
2024-09-01,2024-25,LaLiga,Sevilla,Girona,5,3,1,2,-0.1,3,3,3,1,2,-0.7,3,2.0,0.0
2024-09-01,2024-25,SerieA,Fiorentina,Monza,7,2,0,1,-0.05,2,8,2,0,1,0.05,2,-1.0,0.5
2024-09-01,2024-25,SerieA,Genoa,Verona,8,2,0,1,0.1,2,6,2,1,1,-0.1,2,2.0,0.0
2024-09-01,2024-25,Bundesliga,Bayern Munich,Freiburg,7,1,0,1,-0.05,1,8,1,0,1,0.05,1,-1.0,1.0
2024-09-01,2024-25,SerieA,Udinese,Como,8,2,0,1,0.1,2,6,2,1,2,-0.1,2,2.0,1.0
2024-09-01,2024-25,Ligue1,Monaco,Lens,8,2,0,1,0.05,2,7,2,0,1,-0.05,2,1.0,0.5
2024-09-01,2024-25,Ligue1,Angers,Nice,8,2,0,1,0.05,2,7,2,0,1,-0.05,2,1.0,0.0
2024-09-01,2024-25,Ligue1,Le Havre,Auxerre,8,2,0,1,0.05,2,7,2,0,1,-0.05,2,1.0,1.0
2024-09-01,2024-25,Ligue1,Reims,Rennes,7,2,0,1,0.0,2,7,2,0,1,0.0,2,0.0,1.0
2024-09-01,2024-25,Ligue1,Lille,Paris SG,8,2,0,1,-0.05,2,9,2,0,1,0.05,2,-1.0,0.0
2024-09-01,2024-25,LaLiga,Osasuna,Celta,3,3,1,2,-0.75,3,6,3,1,2,-0.05,3,-3.0,1.0
2024-09-01,2024-25,Bundesliga,Heidenheim,Augsburg,7,1,0,1,-0.05,1,8,1,0,1,0.05,1,-1.0,1.0
2024-09-01,2024-25,SerieA,Juventus,Roma,6,2,1,2,-0.05,2,7,2,0,1,0.05,2,-1.0,0.5
2024-09-01,2024-25,LaLiga,Alaves,Las Palmas,4,3,1,2,-0.15,3,3,3,1,2,-0.65,3,1.0,1.0
2024-09-13,2024-25,LaLiga,Betis,Leganes,12,2,0,1,-0.05,3,13,3,0,1,-0.15,4,-1.0,1.0
2024-09-13,2024-25,Bundesliga,Dortmund,Heidenheim,13,2,0,1,0.05,2,12,2,0,1,-0.05,2,1.0,1.0
2024-09-13,2024-25,Ligue1,St Etienne,Lille,13,2,0,1,0.05,3,12,2,0,1,-0.05,3,1.0,1.0
2024-09-14,2024-25,Ligue1,Paris SG,Brest,13,1,0,1,-0.05,3,14,2,0,0,0.05,3,-1.0,1.0
2024-09-14,2024-25,LaLiga,Mallorca,Villarreal,14,2,0,0,0.0,4,14,2,0,0,0.0,4,0.0,0.0
2024-09-14,2024-25,LaLiga,Espanol,Alaves,14,2,0,0,0.05,4,13,3,0,1,-0.25,4,1.0,1.0
2024-09-14,2024-25,LaLiga,Sevilla,Getafe,13,2,0,1,0.0,4,13,1,0,1,0.0,3,0.0,1.0
2024-09-14,2024-25,LaLiga,Sociedad,Real Madrid,13,2,0,1,0.0,4,13,3,0,1,-0.2,4,0.0,0.0
2024-09-14,2024-25,SerieA,Milan,Venezia,14,1,0,0,-0.05,3,15,2,0,0,0.05,3,-1.0,1.0
2024-09-14,2024-25,SerieA,Empoli,Juventus,14,2,0,0,0.05,3,13,2,0,1,-0.05,3,1.0,0.5
2024-09-14,2024-25,SerieA,Como,Bologna,13,2,0,1,-0.05,3,14,2,0,0,0.05,3,-1.0,0.5
2024-09-14,2024-25,Ligue1,Auxerre,Monaco,13,2,0,1,0.0,3,13,1,0,1,0.0,3,0.0,0.0
2024-09-14,2024-25,Ligue1,Marseille,Nice,14,2,0,0,0.05,3,13,2,0,1,-0.05,3,1.0,1.0
2024-09-14,2024-25,EPL,Man City,Brentford,14,1,0,0,0.0,3,14,2,0,0,0.0,3,0.0,1.0
2024-09-14,2024-25,Bundesliga,M'gladbach,Stuttgart,14,1,0,0,0.0,2,14,1,0,0,0.0,2,0.0,0.0
2024-09-14,2024-25,Bundesliga,RB Leipzig,Union Berlin,14,1,0,0,-0.05,2,15,1,0,0,0.05,2,-1.0,0.5
2024-09-14,2024-25,EPL,Bournemouth,Chelsea,14,2,0,0,0.05,3,13,2,0,1,-0.05,3,1.0,0.0
2024-09-14,2024-25,EPL,Aston Villa,Everton,14,1,0,0,0.0,3,14,1,0,0,0.0,3,0.0,1.0
2024-09-14,2024-25,Bundesliga,Freiburg,Bochum,13,1,0,1,-0.05,2,14,1,0,0,0.05,2,-1.0,1.0
2024-09-14,2024-25,EPL,Liverpool,Nott'm Forest,13,2,0,1,-0.05,3,14,1,0,0,0.05,3,-1.0,0.0
2024-09-14,2024-25,Bundesliga,Hoffenheim,Leverkusen,14,1,0,0,0.0,2,14,1,0,0,0.0,2,0.0,0.0
2024-09-14,2024-25,EPL,Crystal Palace,Leicester,13,1,0,1,-0.05,3,14,1,0,0,0.05,3,-1.0,0.5
2024-09-14,2024-25,EPL,Brighton,Ipswich,14,1,0,0,0.0,3,14,1,0,0,0.0,3,0.0,0.5
2024-09-14,2024-25,EPL,Southampton,Man United,14,1,0,0,0.05,3,13,1,0,1,-0.05,3,1.0,0.0
2024-09-14,2024-25,Bundesliga,Wolfsburg,Ein Frankfurt,14,2,0,0,0.0,2,14,1,0,0,0.0,2,0.0,0.0
2024-09-14,2024-25,Bundesliga,Holstein Kiel,Bayern Munich,14,1,0,0,0.05,2,13,2,0,1,-0.05,2,1.0,0.0
2024-09-14,2024-25,EPL,Fulham,West Ham,14,1,0,0,0.0,3,14,1,0,0,0.0,3,0.0,0.5
2024-09-15,2024-25,SerieA,Atalanta,Fiorentina,16,1,0,0,0.1,3,14,1,0,0,-0.1,3,2.0,1.0
2024-09-15,2024-25,SerieA,Genoa,Roma,14,1,0,0,0.0,3,14,1,0,0,0.0,3,0.0,0.5
2024-09-15,2024-25,Bundesliga,Augsburg,St Pauli,14,1,0,0,-0.1,2,16,1,0,0,0.1,2,-2.0,1.0
2024-09-15,2024-25,LaLiga,Ath Madrid,Valencia,15,2,0,0,0.0,4,15,2,0,0,0.0,4,0.0,1.0
2024-09-15,2024-25,LaLiga,Girona,Barcelona,14,2,0,0,-0.05,4,15,2,0,0,0.05,4,-1.0,0.0
2024-09-15,2024-25,LaLiga,Las Palmas,Ath Bilbao,14,2,0,0,-0.05,4,15,2,0,0,0.05,4,-1.0,0.0
2024-09-15,2024-25,Ligue1,Lens,Lyon,14,1,0,0,-0.1,3,16,1,0,0,0.1,3,-2.0,0.5
2024-09-15,2024-25,LaLiga,Celta,Valladolid,14,2,0,0,-0.05,4,15,2,0,0,0.05,4,-1.0,1.0
2024-09-15,2024-25,Bundesliga,Mainz,Werder Bremen,15,1,0,0,0.0,2,15,1,0,0,0.0,2,0.0,0.0
2024-09-15,2024-25,SerieA,Monza,Inter,14,1,0,0,-0.1,3,16,1,0,0,0.1,3,-2.0,0.5
2024-09-15,2024-25,SerieA,Cagliari,Napoli,15,2,0,0,0.0,3,15,1,0,0,0.0,3,0.0,0.0
2024-09-15,2024-25,Ligue1,Toulouse,Le Havre,15,1,0,0,0.05,3,14,1,0,0,-0.05,3,1.0,1.0
2024-09-15,2024-25,Ligue1,Strasbourg,Angers,16,1,0,0,0.1,3,14,1,0,0,-0.1,3,2.0,0.5
2024-09-15,2024-25,Ligue1,Nantes,Reims,15,1,0,0,0.05,3,14,1,0,0,-0.05,3,1.0,0.0
2024-09-15,2024-25,Ligue1,Rennes,Montpellier,14,1,0,0,-0.05,3,15,1,0,0,0.05,3,-1.0,1.0
2024-09-15,2024-25,SerieA,Torino,Lecce,16,1,0,0,0.05,3,15,1,0,0,-0.05,3,1.0,0.5
2024-09-15,2024-25,EPL,Wolves,Newcastle,15,1,0,0,0.05,3,14,1,0,0,-0.05,3,1.0,0.0
2024-09-15,2024-25,EPL,Tottenham,Arsenal,14,1,0,0,-0.05,3,15,1,0,0,0.05,3,-1.0,0.0
2024-09-16,2024-25,SerieA,Lazio,Verona,16,1,0,0,0.05,3,15,1,0,0,-0.05,3,1.0,1.0
2024-09-16,2024-25,SerieA,Parma,Udinese,16,1,0,0,0.05,3,15,1,0,0,-0.05,3,1.0,0.0
2024-09-16,2024-25,LaLiga,Vallecano,Osasuna,16,2,0,0,0.05,4,15,2,0,0,-0.05,4,1.0,1.0
2024-09-17,2024-25,LaLiga,Mallorca,Sociedad,3,2,1,1,-0.4,5,3,3,1,1,-0.6,5,0.0,1.0
2024-09-18,2024-25,LaLiga,Betis,Getafe,5,2,1,1,0.05,4,4,2,1,1,-0.05,4,1.0,1.0
2024-09-19,2024-25,LaLiga,Leganes,Ath Bilbao,6,2,1,1,0.1,5,4,2,1,1,-0.1,5,2.0,0.0
2024-09-20,2024-25,LaLiga,Alaves,Sevilla,6,2,1,1,0.0,5,6,2,1,1,0.0,5,0.0,1.0
2024-09-20,2024-25,SerieA,Verona,Torino,4,2,1,1,-0.05,4,5,1,1,1,0.05,4,-1.0,0.0
2024-09-20,2024-25,SerieA,Cagliari,Empoli,5,2,1,1,-0.05,4,6,2,1,1,0.05,4,-1.0,0.0
2024-09-20,2024-25,Ligue1,Nice,St Etienne,6,2,1,1,-0.05,4,7,2,0,1,0.05,4,-1.0,1.0
2024-09-20,2024-25,Bundesliga,Augsburg,Mainz,5,2,1,1,0.0,3,5,2,1,1,0.0,3,0.0,0.0
2024-09-21,2024-25,LaLiga,Valladolid,Sociedad,6,1,1,1,0.1,5,4,3,1,2,-0.3,6,2.0,0.5
2024-09-21,2024-25,LaLiga,Osasuna,Las Palmas,5,2,1,1,-0.05,5,6,2,1,1,0.05,5,-1.0,1.0
2024-09-21,2024-25,LaLiga,Valencia,Girona,6,1,1,1,0.0,5,6,2,1,1,0.0,5,0.0,1.0
2024-09-21,2024-25,LaLiga,Real Madrid,Espanol,7,2,0,1,0.0,5,7,1,0,1,0.0,5,0.0,1.0
2024-09-21,2024-25,Bundesliga,Union Berlin,Hoffenheim,7,1,0,1,0.0,3,7,1,0,1,0.0,3,0.0,1.0
2024-09-21,2024-25,EPL,Aston Villa,Wolves,7,1,0,1,0.05,4,6,1,1,1,-0.05,4,1.0,1.0
2024-09-21,2024-25,Bundesliga,Ein Frankfurt,M'gladbach,7,1,0,1,0.0,3,7,1,0,1,0.0,3,0.0,1.0
2024-09-21,2024-25,Bundesliga,Werder Bremen,Bayern Munich,6,1,1,1,-0.05,3,7,2,0,1,0.05,3,-1.0,0.0
2024-09-21,2024-25,Bundesliga,Heidenheim,Freiburg,8,2,0,1,0.05,3,7,2,0,1,-0.05,3,1.0,0.0
2024-09-21,2024-25,EPL,West Ham,Chelsea,7,1,0,1,0.0,4,7,2,0,1,0.0,4,0.0,0.0
2024-09-21,2024-25,Ligue1,Reims,Paris SG,6,2,1,1,-0.05,4,7,2,0,1,0.05,4,-1.0,0.5
2024-09-21,2024-25,Ligue1,Rennes,Lens,6,2,1,1,0.0,4,6,2,1,1,0.0,4,0.0,0.5
2024-09-21,2024-25,Ligue1,Lille,Strasbourg,8,2,0,1,0.1,4,6,1,1,1,-0.1,4,2.0,0.5
2024-09-21,2024-25,Bundesliga,Bochum,Holstein Kiel,7,1,0,1,0.0,3,7,1,0,1,0.0,3,0.0,0.5
2024-09-21,2024-25,SerieA,Venezia,Genoa,7,1,0,1,0.05,4,6,2,1,1,-0.05,4,1.0,1.0
2024-09-21,2024-25,SerieA,Lecce,Parma,6,1,1,1,0.05,4,5,1,1,1,-0.05,4,1.0,0.5
2024-09-21,2024-25,SerieA,Juventus,Napoli,7,2,0,1,0.05,4,6,1,1,1,-0.05,4,1.0,0.5
2024-09-21,2024-25,EPL,Fulham,Newcastle,7,1,0,1,0.05,4,6,2,1,1,-0.05,4,1.0,1.0
2024-09-21,2024-25,EPL,Leicester,Everton,7,1,0,1,0.0,4,7,1,0,1,0.0,4,0.0,0.5
2024-09-21,2024-25,EPL,Liverpool,Bournemouth,7,2,0,1,0.0,4,7,1,0,1,0.0,4,0.0,1.0
2024-09-21,2024-25,EPL,Southampton,Ipswich,7,1,0,1,0.0,4,7,1,0,1,0.0,4,0.0,0.5
2024-09-21,2024-25,EPL,Crystal Palace,Man United,7,2,0,1,0.0,4,7,2,0,1,0.0,4,0.0,0.5
2024-09-21,2024-25,EPL,Tottenham,Brentford,6,2,1,1,-0.05,4,7,1,0,1,0.05,4,-1.0,1.0
2024-09-22,2024-25,SerieA,Roma,Udinese,7,1,0,1,0.05,4,6,1,1,1,-0.05,4,1.0,1.0
2024-09-22,2024-25,Bundesliga,Leverkusen,Wolfsburg,8,1,0,1,0.0,3,8,1,0,1,0.0,3,0.0,1.0
2024-09-22,2024-25,Ligue1,Lyon,Marseille,7,1,0,1,-0.05,4,8,1,0,1,0.05,4,-1.0,0.0
2024-09-22,2024-25,Ligue1,Brest,Toulouse,8,1,0,1,0.05,4,7,1,0,1,-0.05,4,1.0,1.0
2024-09-22,2024-25,Ligue1,Angers,Nantes,7,1,0,1,0.0,4,7,1,0,1,0.0,4,0.0,0.5
2024-09-22,2024-25,Ligue1,Monaco,Le Havre,8,1,0,1,0.05,4,7,1,0,1,-0.05,4,1.0,1.0
2024-09-22,2024-25,LaLiga,Vallecano,Ath Madrid,6,1,1,1,-0.05,5,7,1,0,1,0.05,5,-1.0,0.5
2024-09-22,2024-25,LaLiga,Villarreal,Barcelona,8,1,0,1,0.05,5,7,1,0,1,-0.05,5,1.0,0.0
2024-09-22,2024-25,LaLiga,Ath Bilbao,Celta,3,2,1,2,-0.6,6,7,1,0,1,0.2,5,-4.0,1.0
2024-09-22,2024-25,Bundesliga,Stuttgart,Dortmund,8,1,0,1,-0.05,3,9,1,0,1,0.05,3,-1.0,1.0
2024-09-22,2024-25,LaLiga,Getafe,Leganes,4,2,1,2,0.05,5,3,2,1,2,-0.45,6,1.0,0.5
2024-09-22,2024-25,SerieA,Fiorentina,Lazio,7,1,0,1,0.05,4,6,1,1,1,-0.05,4,1.0,1.0
2024-09-22,2024-25,SerieA,Monza,Bologna,7,1,0,1,-0.05,4,8,1,0,1,0.05,4,-1.0,0.0
2024-09-22,2024-25,SerieA,Inter,Milan,7,1,0,1,-0.05,4,8,1,0,1,0.05,4,-1.0,0.0
2024-09-22,2024-25,Bundesliga,St Pauli,RB Leipzig,7,1,0,1,-0.05,3,8,1,0,1,0.05,3,-1.0,0.5
2024-09-22,2024-25,Ligue1,Montpellier,Auxerre,7,1,0,1,-0.05,4,8,1,0,1,0.05,4,-1.0,1.0
2024-09-22,2024-25,EPL,Man City,Arsenal,8,1,0,1,0.05,4,7,1,0,1,-0.05,4,1.0,0.5
2024-09-22,2024-25,EPL,Brighton,Nott'm Forest,8,1,0,1,0.0,4,8,1,0,1,0.0,4,0.0,0.5
2024-09-23,2024-25,LaLiga,Betis,Mallorca,5,2,1,2,-0.05,5,6,2,1,2,0.05,6,-1.0,0.0
2024-09-24,2024-25,SerieA,Atalanta,Como,9,1,0,1,-0.05,4,10,1,0,1,0.05,4,-1.0,0.0
2024-09-24,2024-25,LaLiga,Sevilla,Valladolid,4,2,1,2,0.05,6,3,2,1,2,-0.45,6,1.0,1.0
2024-09-24,2024-25,LaLiga,Valencia,Osasuna,3,2,1,2,-0.4,6,3,2,1,2,-0.4,6,0.0,0.5
2024-09-24,2024-25,LaLiga,Real Madrid,Alaves,3,2,1,2,-0.45,6,4,2,1,2,0.05,6,-1.0,1.0
2024-09-25,2024-25,LaLiga,Barcelona,Getafe,3,2,1,2,-0.4,6,3,3,1,3,-0.6,6,0.0,1.0
2024-09-25,2024-25,LaLiga,Girona,Vallecano,4,2,1,2,0.05,6,3,2,1,2,-0.45,6,1.0,0.5
2024-09-26,2024-25,LaLiga,Las Palmas,Betis,5,2,1,2,0.1,6,3,3,1,3,-0.7,6,2.0,0.5
2024-09-26,2024-25,LaLiga,Celta,Ath Madrid,4,2,1,2,0.0,6,4,2,1,2,0.0,6,0.0,0.0
2024-09-26,2024-25,LaLiga,Espanol,Villarreal,5,2,1,2,0.05,6,4,2,1,2,-0.05,6,1.0,0.0
2024-09-27,2024-25,LaLiga,Valladolid,Mallorca,3,3,2,3,-0.65,7,4,3,1,3,-0.15,7,-1.0,0.0
2024-09-27,2024-25,SerieA,Milan,Lecce,5,2,1,2,-0.05,5,6,2,1,2,0.05,5,-1.0,1.0
2024-09-27,2024-25,Bundesliga,Dortmund,Bochum,5,2,1,1,-0.05,4,6,2,1,2,0.05,4,-1.0,1.0
2024-09-27,2024-25,Ligue1,Paris SG,Rennes,6,2,1,2,0.0,5,6,2,1,2,0.0,5,0.0,1.0
2024-09-27,2024-25,Ligue1,Auxerre,Brest,5,2,1,2,0.0,5,5,2,1,2,0.0,5,0.0,1.0
2024-09-28,2024-25,SerieA,Genoa,Juventus,7,2,0,2,0.0,5,7,2,0,1,0.0,5,0.0,0.0
2024-09-28,2024-25,EPL,Brentford,West Ham,7,2,0,1,0.0,5,7,2,0,1,0.0,5,0.0,0.5
2024-09-28,2024-25,EPL,Chelsea,Brighton,7,2,0,1,0.05,5,6,2,1,1,-0.05,5,1.0,1.0
2024-09-28,2024-25,SerieA,Bologna,Atalanta,6,2,1,1,0.1,5,4,2,1,2,-0.1,5,2.0,0.5
2024-09-28,2024-25,Bundesliga,Freiburg,St Pauli,7,2,0,1,0.05,4,6,2,1,2,-0.05,4,1.0,0.0
2024-09-28,2024-25,EPL,Newcastle,Man City,7,2,0,2,0.05,5,6,2,1,1,-0.05,5,1.0,0.5
2024-09-28,2024-25,EPL,Everton,Crystal Palace,7,2,0,1,0.0,5,7,2,0,1,0.0,5,0.0,1.0
2024-09-28,2024-25,LaLiga,Getafe,Alaves,3,4,2,3,-0.85,7,4,3,1,2,-0.15,7,-1.0,1.0
2024-09-28,2024-25,LaLiga,Vallecano,Leganes,3,3,2,3,-0.75,7,6,3,1,2,-0.05,7,-3.0,0.5
2024-09-28,2024-25,LaLiga,Sociedad,Valencia,7,3,0,2,-0.05,7,4,3,1,3,-0.35,7,3.0,1.0
2024-09-28,2024-25,LaLiga,Osasuna,Barcelona,4,3,1,3,-0.15,7,3,3,2,3,-0.65,7,1.0,1.0
2024-09-28,2024-25,EPL,Arsenal,Leicester,6,2,1,2,-0.05,5,7,2,0,1,0.05,5,-1.0,1.0
2024-09-28,2024-25,EPL,Nott'm Forest,Fulham,6,2,1,1,-0.05,5,7,2,0,1,0.05,5,-1.0,0.0
2024-09-28,2024-25,SerieA,Udinese,Inter,6,2,1,2,0.0,5,6,2,1,2,0.0,5,0.0,0.0
2024-09-28,2024-25,Ligue1,Lens,Nice,7,2,0,2,-0.05,5,8,2,0,1,0.05,5,-1.0,0.5
2024-09-28,2024-25,EPL,Wolves,Liverpool,7,2,0,2,0.0,5,7,2,0,1,0.0,5,0.0,0.0
2024-09-28,2024-25,Ligue1,Le Havre,Lille,6,2,1,2,-0.05,5,7,2,0,1,0.05,5,-1.0,0.0
2024-09-28,2024-25,Ligue1,Monaco,Montpellier,6,2,1,1,0.0,5,6,2,1,2,0.0,5,0.0,1.0
2024-09-28,2024-25,Bundesliga,Bayern Munich,Leverkusen,7,2,0,1,0.05,4,6,2,1,1,-0.05,4,1.0,0.5
2024-09-28,2024-25,Bundesliga,RB Leipzig,Augsburg,6,2,1,1,-0.1,4,8,2,0,2,0.1,4,-2.0,1.0
2024-09-28,2024-25,Bundesliga,Wolfsburg,Stuttgart,6,2,1,1,0.0,4,6,2,1,1,0.0,4,0.0,0.5
2024-09-28,2024-25,Bundesliga,Mainz,Heidenheim,8,2,0,2,0.05,4,7,2,0,1,-0.05,4,1.0,0.0
2024-09-28,2024-25,Bundesliga,M'gladbach,Union Berlin,7,2,0,1,0.0,4,7,2,0,1,0.0,4,0.0,1.0
2024-09-29,2024-25,LaLiga,Celta,Girona,3,3,1,2,-0.65,7,4,3,1,2,-0.15,7,-1.0,0.5
2024-09-29,2024-25,Ligue1,Strasbourg,Marseille,8,2,0,1,0.05,5,7,2,0,1,-0.05,5,1.0,1.0
2024-09-29,2024-25,Ligue1,Nantes,St Etienne,7,2,0,1,-0.1,5,9,2,0,1,0.1,5,-2.0,0.5
2024-09-29,2024-25,Ligue1,Angers,Reims,7,2,0,1,-0.05,5,8,2,0,1,0.05,5,-1.0,0.0
2024-09-29,2024-25,Ligue1,Toulouse,Lyon,7,2,0,1,0.0,5,7,2,0,1,0.0,5,0.0,0.0
2024-09-29,2024-25,LaLiga,Ath Bilbao,Sevilla,7,3,0,2,-0.1,7,5,3,1,2,-0.3,7,2.0,0.5
2024-09-29,2024-25,LaLiga,Betis,Espanol,3,4,2,3,-0.8,7,3,3,1,2,-0.6,7,0.0,1.0
2024-09-29,2024-25,LaLiga,Ath Madrid,Real Madrid,3,3,1,2,-0.7,7,5,3,1,2,-0.1,7,-2.0,0.5
2024-09-29,2024-25,Bundesliga,Holstein Kiel,Ein Frankfurt,8,2,0,1,0.0,4,8,2,0,1,0.0,4,0.0,0.0
2024-09-29,2024-25,EPL,Ipswich,Aston Villa,8,2,0,1,0.0,5,8,2,0,1,0.0,5,0.0,0.5
2024-09-29,2024-25,SerieA,Napoli,Monza,8,2,0,1,0.05,5,7,2,0,1,-0.05,5,1.0,1.0
2024-09-29,2024-25,SerieA,Empoli,Fiorentina,9,2,0,1,0.1,5,7,2,0,1,-0.1,5,2.0,0.5
2024-09-29,2024-25,SerieA,Roma,Venezia,7,2,0,1,-0.05,5,8,2,0,1,0.05,5,-1.0,1.0
2024-09-29,2024-25,SerieA,Como,Verona,5,2,1,1,-0.2,5,9,2,0,2,0.2,5,-4.0,1.0
2024-09-29,2024-25,EPL,Man United,Tottenham,8,2,0,1,0.0,5,8,2,0,1,0.0,5,0.0,0.0
2024-09-29,2024-25,Bundesliga,Hoffenheim,Werder Bremen,8,2,0,1,0.0,4,8,2,0,1,0.0,4,0.0,0.0
2024-09-29,2024-25,SerieA,Torino,Lazio,9,2,0,1,0.1,5,7,2,0,2,-0.1,5,2.0,0.0
2024-09-30,2024-25,SerieA,Parma,Cagliari,9,2,0,1,-0.05,5,10,2,0,1,0.05,5,-1.0,0.0
2024-09-30,2024-25,LaLiga,Villarreal,Las Palmas,4,3,1,2,-0.2,7,4,3,1,2,-0.2,7,0.0,1.0
2024-09-30,2024-25,EPL,Bournemouth,Southampton,9,2,0,1,0.0,5,9,2,0,1,0.0,5,0.0,1.0
2024-10-04,2024-25,LaLiga,Leganes,Valencia,6,3,1,2,-0.2,8,6,4,1,3,-0.4,8,0.0,0.5
2024-10-04,2024-25,SerieA,Verona,Venezia,5,3,1,1,-0.2,6,5,3,1,2,-0.2,6,0.0,1.0
2024-10-04,2024-25,SerieA,Napoli,Como,5,3,1,2,-0.2,6,5,3,1,2,-0.2,6,0.0,1.0
2024-10-04,2024-25,Ligue1,Marseille,Angers,5,3,1,2,-0.2,6,5,3,1,2,-0.2,6,0.0,0.5
2024-10-04,2024-25,Bundesliga,Augsburg,M'gladbach,6,3,1,1,-0.2,5,6,3,1,2,-0.2,5,0.0,1.0
2024-10-05,2024-25,LaLiga,Getafe,Osasuna,7,4,0,3,-0.4,8,7,4,0,2,-0.4,8,0.0,0.5
2024-10-05,2024-25,LaLiga,Espanol,Mallorca,6,3,1,2,-0.3,8,8,3,0,2,-0.1,8,-2.0,1.0
2024-10-05,2024-25,LaLiga,Valladolid,Vallecano,8,4,0,2,-0.35,8,7,4,0,3,-0.45,8,1.0,0.0
2024-10-05,2024-25,LaLiga,Real Madrid,Villarreal,6,3,1,2,-0.15,8,5,3,1,3,-0.25,8,1.0,1.0
2024-10-05,2024-25,Ligue1,Lille,Toulouse,7,2,0,1,0.05,6,6,3,1,2,-0.25,6,1.0,1.0
2024-10-05,2024-25,Ligue1,St Etienne,Auxerre,6,2,1,1,-0.1,6,8,2,0,2,0.1,6,-2.0,1.0
2024-10-05,2024-25,LaLiga,Las Palmas,Celta,5,4,1,2,-0.45,8,6,4,1,3,-0.35,8,-1.0,0.0
2024-10-05,2024-25,Ligue1,Rennes,Monaco,8,3,0,1,-0.15,6,7,2,0,2,-0.05,6,1.0,0.0
2024-10-05,2024-25,EPL,West Ham,Ipswich,7,2,0,1,0.05,6,6,2,1,1,-0.05,6,1.0,1.0
2024-10-05,2024-25,EPL,Arsenal,Southampton,7,3,0,2,-0.1,6,5,2,1,1,-0.1,6,2.0,1.0
2024-10-05,2024-25,EPL,Crystal Palace,Liverpool,7,2,0,1,0.0,6,7,2,0,1,0.0,6,0.0,0.0
2024-10-05,2024-25,Bundesliga,St Pauli,Mainz,7,3,0,2,-0.2,5,7,3,0,1,-0.2,5,0.0,0.0
2024-10-05,2024-25,Bundesliga,Werder Bremen,Freiburg,6,3,1,1,-0.25,5,7,2,0,1,0.05,5,-1.0,0.0
2024-10-05,2024-25,Bundesliga,Union Berlin,Dortmund,7,2,0,1,-0.05,5,8,2,0,2,0.05,5,-1.0,1.0
2024-10-05,2024-25,Bundesliga,Leverkusen,Holstein Kiel,7,2,0,2,0.05,5,6,2,1,1,-0.05,5,1.0,0.5
2024-10-05,2024-25,Bundesliga,Bochum,Wolfsburg,8,2,0,1,0.05,5,7,2,0,2,-0.05,5,1.0,0.0
2024-10-05,2024-25,SerieA,Udinese,Lecce,7,3,0,2,-0.25,6,8,3,0,1,-0.15,6,-1.0,1.0
2024-10-05,2024-25,SerieA,Inter,Torino,7,3,0,2,-0.15,6,6,3,1,1,-0.25,6,1.0,1.0
2024-10-05,2024-25,SerieA,Atalanta,Genoa,7,3,0,2,-0.2,6,7,3,0,1,-0.2,6,0.0,1.0
2024-10-05,2024-25,EPL,Man City,Fulham,7,2,0,2,0.0,6,7,2,0,1,0.0,6,0.0,1.0
2024-10-05,2024-25,EPL,Brentford,Wolves,7,2,0,1,0.0,6,7,3,0,1,-0.2,6,0.0,1.0
2024-10-05,2024-25,EPL,Leicester,Bournemouth,7,2,0,1,0.1,6,5,2,1,1,-0.1,6,2.0,1.0
2024-10-05,2024-25,EPL,Everton,Newcastle,7,2,0,1,0.0,6,7,3,0,1,-0.2,6,0.0,0.5
2024-10-06,2024-25,LaLiga,Alaves,Barcelona,8,3,0,2,-0.2,8,8,3,0,2,-0.2,8,0.0,0.0
2024-10-06,2024-25,Bundesliga,Stuttgart,Hoffenheim,8,2,0,1,0.05,5,7,2,0,1,-0.05,5,1.0,0.5
2024-10-06,2024-25,Bundesliga,Ein Frankfurt,Bayern Munich,7,2,0,1,-0.05,5,8,2,0,1,0.05,5,-1.0,0.5
2024-10-06,2024-25,Bundesliga,Heidenheim,RB Leipzig,8,2,0,1,0.0,5,8,2,0,1,0.0,5,0.0,0.0
2024-10-06,2024-25,SerieA,Bologna,Parma,8,2,0,1,0.1,6,6,3,1,1,-0.3,6,2.0,0.5
2024-10-06,2024-25,LaLiga,Sevilla,Betis,7,3,0,2,-0.2,8,7,4,0,3,-0.4,8,0.0,1.0
2024-10-06,2024-25,LaLiga,Sociedad,Ath Madrid,8,3,0,1,-0.15,8,7,3,0,2,-0.25,8,1.0,0.5
2024-10-06,2024-25,SerieA,Fiorentina,Milan,7,2,0,1,-0.1,6,9,2,0,1,0.1,6,-2.0,1.0
2024-10-06,2024-25,Ligue1,Lyon,Nantes,7,2,0,1,0.0,6,7,2,0,1,0.0,6,0.0,1.0
2024-10-06,2024-25,SerieA,Monza,Roma,7,2,0,1,0.0,6,7,2,0,1,0.0,6,0.0,0.5
2024-10-06,2024-25,SerieA,Juventus,Cagliari,8,2,0,1,0.1,6,6,2,1,1,-0.1,6,2.0,0.5
2024-10-06,2024-25,SerieA,Lazio,Empoli,7,3,0,1,-0.2,6,7,2,0,1,0.0,6,0.0,1.0
2024-10-06,2024-25,Ligue1,Brest,Le Havre,9,2,0,1,0.05,6,8,2,0,1,-0.05,6,1.0,1.0
2024-10-06,2024-25,LaLiga,Girona,Ath Bilbao,7,3,0,2,-0.2,8,7,3,0,1,-0.2,8,0.0,1.0
2024-10-06,2024-25,Ligue1,Strasbourg,Lens,7,2,0,1,-0.05,6,8,2,0,1,0.05,6,-1.0,0.5
2024-10-06,2024-25,Ligue1,Nice,Paris SG,8,2,0,1,-0.05,6,9,2,0,1,0.05,6,-1.0,0.5
2024-10-06,2024-25,EPL,Aston Villa,Man United,7,2,0,1,0.0,6,7,2,0,1,0.0,6,0.0,0.5
2024-10-06,2024-25,EPL,Chelsea,Nott'm Forest,8,2,0,1,0.0,6,8,2,0,1,0.0,6,0.0,0.5
2024-10-06,2024-25,EPL,Brighton,Tottenham,8,2,0,1,0.05,6,7,2,0,1,-0.05,6,1.0,1.0
2024-10-06,2024-25,Ligue1,Reims,Montpellier,7,2,0,1,-0.05,6,8,2,0,1,0.05,6,-1.0,1.0
2024-10-18,2024-25,Bundesliga,Dortmund,St Pauli,13,1,0,1,0.0,6,13,2,0,1,0.0,6,0.0,1.0
2024-10-18,2024-25,LaLiga,Alaves,Valladolid,12,2,0,1,-0.05,9,13,1,0,1,0.05,9,-1.0,0.0
2024-10-18,2024-25,Ligue1,Monaco,Lille,13,2,0,1,0.0,7,13,2,0,1,0.0,7,0.0,0.5
2024-10-19,2024-25,LaLiga,Osasuna,Betis,14,1,0,0,0.05,9,13,2,0,1,-0.05,9,1.0,0.0
2024-10-19,2024-25,LaLiga,Girona,Sociedad,13,2,0,1,0.0,9,13,1,0,1,0.0,9,0.0,0.0
2024-10-19,2024-25,LaLiga,Celta,Real Madrid,14,2,0,0,0.0,9,14,2,0,0,0.0,9,0.0,0.0
2024-10-19,2024-25,LaLiga,Ath Bilbao,Espanol,13,2,0,1,-0.05,9,14,2,0,0,0.05,9,-1.0,1.0
2024-10-19,2024-25,SerieA,Juventus,Lazio,13,1,0,1,0.0,7,13,2,0,1,0.0,7,0.0,1.0
2024-10-19,2024-25,SerieA,Milan,Udinese,13,1,0,1,-0.05,7,14,1,0,0,0.05,7,-1.0,1.0
2024-10-19,2024-25,SerieA,Genoa,Bologna,14,1,0,0,0.05,7,13,1,0,1,-0.05,7,1.0,0.5
2024-10-19,2024-25,SerieA,Como,Parma,15,2,0,0,0.1,7,13,2,0,1,-0.1,7,2.0,0.5
2024-10-19,2024-25,EPL,Tottenham,West Ham,13,2,0,1,-0.05,7,14,1,0,0,0.05,7,-1.0,1.0
2024-10-19,2024-25,EPL,Fulham,Aston Villa,14,1,0,0,0.05,7,13,2,0,1,-0.05,7,1.0,0.0
2024-10-19,2024-25,EPL,Ipswich,Everton,14,2,0,0,0.0,7,14,1,0,0,0.0,7,0.0,0.0
2024-10-19,2024-25,EPL,Man United,Brentford,13,2,0,1,-0.05,7,14,1,0,0,0.05,7,-1.0,1.0
2024-10-19,2024-25,EPL,Newcastle,Brighton,14,1,0,0,0.05,7,13,1,0,1,-0.05,7,1.0,0.0
2024-10-19,2024-25,EPL,Bournemouth,Arsenal,14,2,0,0,0.0,7,14,1,0,0,0.0,7,0.0,1.0
2024-10-19,2024-25,Bundesliga,Mainz,RB Leipzig,14,1,0,0,0.05,6,13,1,0,1,-0.05,6,1.0,0.0
2024-10-19,2024-25,Bundesliga,Bayern Munich,Stuttgart,13,1,0,1,0.0,6,13,1,0,1,0.0,6,0.0,1.0
2024-10-19,2024-25,Bundesliga,M'gladbach,Heidenheim,15,1,0,0,0.1,6,13,1,0,1,-0.1,6,2.0,1.0
2024-10-19,2024-25,Bundesliga,Leverkusen,Ein Frankfurt,14,1,0,0,0.05,6,13,2,0,1,-0.05,6,1.0,1.0
2024-10-19,2024-25,Ligue1,Paris SG,Strasbourg,13,1,0,1,0.0,7,13,2,0,1,0.0,7,0.0,1.0
2024-10-19,2024-25,Ligue1,St Etienne,Lens,14,2,0,0,0.05,7,13,1,0,1,-0.05,7,1.0,0.0
2024-10-19,2024-25,Ligue1,Brest,Rennes,13,1,0,1,-0.05,7,14,1,0,0,0.05,7,-1.0,0.5
2024-10-19,2024-25,EPL,Southampton,Leicester,14,2,0,0,0.0,7,14,1,0,0,0.0,7,0.0,0.0
2024-10-19,2024-25,Bundesliga,Freiburg,Augsburg,14,1,0,0,-0.05,6,15,1,0,0,0.05,6,-1.0,1.0
2024-10-19,2024-25,Bundesliga,Hoffenheim,Bochum,13,2,0,1,-0.05,6,14,1,0,0,0.05,6,-1.0,1.0
2024-10-20,2024-25,LaLiga,Barcelona,Sevilla,14,1,0,0,0.0,9,14,1,0,0,0.0,9,0.0,1.0
2024-10-20,2024-25,LaLiga,Villarreal,Getafe,15,2,0,0,0.0,9,15,1,0,0,0.0,9,0.0,0.5
2024-10-20,2024-25,LaLiga,Ath Madrid,Leganes,14,1,0,0,-0.1,9,16,1,0,0,0.1,9,-2.0,1.0
2024-10-20,2024-25,Ligue1,Auxerre,Reims,15,1,0,0,0.05,7,14,1,0,0,-0.05,7,1.0,1.0
2024-10-20,2024-25,Ligue1,Nantes,Nice,14,1,0,0,0.0,7,14,1,0,0,0.0,7,0.0,0.5
2024-10-20,2024-25,Ligue1,Toulouse,Angers,15,1,0,0,-0.05,7,16,1,0,0,0.05,7,-1.0,0.5
2024-10-20,2024-25,Ligue1,Montpellier,Marseille,14,1,0,0,-0.1,7,16,1,0,0,0.1,7,-2.0,0.0
2024-10-20,2024-25,Ligue1,Le Havre,Lyon,14,1,0,0,0.0,7,14,1,0,0,0.0,7,0.0,0.0
2024-10-20,2024-25,LaLiga,Mallorca,Vallecano,15,1,0,0,0.0,9,15,1,0,0,0.0,9,0.0,1.0
2024-10-20,2024-25,SerieA,Lecce,Fiorentina,15,1,0,0,0.05,7,14,1,0,0,-0.05,7,1.0,0.0
2024-10-20,2024-25,EPL,Wolves,Man City,15,1,0,0,0.0,7,15,1,0,0,0.0,7,0.0,0.0
2024-10-20,2024-25,EPL,Liverpool,Chelsea,15,1,0,0,0.05,7,14,1,0,0,-0.05,7,1.0,1.0
2024-10-20,2024-25,Bundesliga,Wolfsburg,Werder Bremen,15,1,0,0,0.0,6,15,1,0,0,0.0,6,0.0,0.0
2024-10-20,2024-25,Bundesliga,Holstein Kiel,Union Berlin,15,1,0,0,0.0,6,15,1,0,0,0.0,6,0.0,0.0
2024-10-20,2024-25,SerieA,Roma,Inter,14,1,0,0,-0.05,7,15,1,0,0,0.05,7,-1.0,0.0
2024-10-20,2024-25,SerieA,Cagliari,Torino,14,2,0,0,-0.05,7,15,1,0,0,0.05,7,-1.0,1.0
2024-10-20,2024-25,SerieA,Venezia,Atalanta,16,1,0,0,0.05,7,15,1,0,0,-0.05,7,1.0,0.0
2024-10-20,2024-25,SerieA,Empoli,Napoli,14,1,0,0,-0.1,7,16,1,0,0,0.1,7,-2.0,0.0
2024-10-21,2024-25,EPL,Nott'm Forest,Crystal Palace,15,1,0,0,-0.05,7,16,1,0,0,0.05,7,-1.0,1.0
2024-10-21,2024-25,LaLiga,Valencia,Las Palmas,17,1,0,0,0.05,9,16,1,0,0,-0.05,9,1.0,0.0
2024-10-21,2024-25,SerieA,Verona,Monza,17,1,0,0,0.1,7,15,1,0,0,-0.1,7,2.0,0.0
2024-10-25,2024-25,Bundesliga,Mainz,M'gladbach,6,2,1,1,0.0,7,6,1,1,1,0.0,7,0.0,0.5
2024-10-25,2024-25,LaLiga,Espanol,Sevilla,6,2,1,1,0.05,10,5,2,1,1,-0.05,10,1.0,0.0
2024-10-25,2024-25,EPL,Leicester,Nott'm Forest,6,2,1,1,0.1,8,4,2,1,1,-0.1,8,2.0,0.0
2024-10-25,2024-25,SerieA,Udinese,Cagliari,6,2,1,1,0.05,8,5,2,1,1,-0.05,8,1.0,1.0
2024-10-25,2024-25,SerieA,Torino,Como,5,2,1,1,-0.05,8,6,1,1,1,0.05,8,-1.0,1.0
2024-10-25,2024-25,Ligue1,Rennes,Le Havre,6,2,1,1,0.05,8,5,2,1,1,-0.05,8,1.0,1.0
2024-10-26,2024-25,Bundesliga,RB Leipzig,Freiburg,7,2,0,1,0.0,7,7,1,0,1,0.0,7,0.0,1.0
2024-10-26,2024-25,Bundesliga,Stuttgart,Holstein Kiel,7,2,0,1,0.05,7,6,1,1,1,-0.05,7,1.0,1.0
2024-10-26,2024-25,EPL,Everton,Fulham,7,1,0,1,0.0,8,7,1,0,1,0.0,8,0.0,0.5
2024-10-26,2024-25,EPL,Man City,Southampton,6,1,1,1,-0.05,8,7,1,0,1,0.05,8,-1.0,1.0
2024-10-26,2024-25,Bundesliga,Augsburg,Dortmund,7,1,0,1,-0.05,7,8,1,0,1,0.05,7,-1.0,1.0
2024-10-26,2024-25,EPL,Brighton,Wolves,7,2,0,1,0.05,8,6,1,1,1,-0.05,8,1.0,0.5
2024-10-26,2024-25,Bundesliga,Werder Bremen,Leverkusen,6,1,1,1,-0.05,7,7,1,0,1,0.05,7,-1.0,0.5
2024-10-26,2024-25,EPL,Brentford,Ipswich,7,1,0,1,0.0,8,7,1,0,1,0.0,8,0.0,1.0
2024-10-26,2024-25,Bundesliga,St Pauli,Wolfsburg,8,1,0,1,0.1,7,6,1,1,1,-0.1,7,2.0,0.5
2024-10-26,2024-25,LaLiga,Valladolid,Villarreal,8,1,0,1,0.1,10,6,1,1,1,-0.1,10,2.0,0.0
2024-10-26,2024-25,LaLiga,Real Madrid,Barcelona,7,1,0,1,0.05,10,6,2,1,1,-0.05,10,1.0,0.0
2024-10-26,2024-25,LaLiga,Las Palmas,Girona,5,1,1,1,-0.1,10,7,2,0,1,0.1,10,-2.0,1.0
2024-10-26,2024-25,LaLiga,Vallecano,Alaves,6,1,1,1,-0.1,10,8,2,0,1,0.1,10,-2.0,1.0
2024-10-26,2024-25,EPL,Aston Villa,Bournemouth,7,2,0,1,0.0,8,7,1,0,1,0.0,8,0.0,0.5
2024-10-26,2024-25,Ligue1,Reims,Brest,6,2,1,1,-0.05,8,7,2,0,1,0.05,8,-1.0,0.0
2024-10-26,2024-25,Ligue1,Lens,Lille,7,2,0,1,-0.05,8,8,1,0,1,0.05,8,-1.0,0.0
2024-10-26,2024-25,SerieA,Napoli,Lecce,6,1,1,1,0.0,8,6,1,1,1,0.0,8,0.0,1.0
2024-10-26,2024-25,SerieA,Atalanta,Verona,6,1,1,1,0.05,8,5,1,1,1,-0.05,8,1.0,1.0
2024-10-26,2024-25,Ligue1,Angers,St Etienne,6,1,1,1,-0.05,8,7,1,0,1,0.05,8,-1.0,1.0
2024-10-27,2024-25,Ligue1,Lyon,Auxerre,7,1,0,1,0.0,8,7,1,0,1,0.0,8,0.0,0.5
2024-10-27,2024-25,Ligue1,Montpellier,Toulouse,7,1,0,1,0.0,8,7,1,0,1,0.0,8,0.0,0.0
2024-10-27,2024-25,Ligue1,Nice,Monaco,7,1,0,1,-0.1,8,9,1,0,1,0.1,8,-2.0,1.0
2024-10-27,2024-25,SerieA,Lazio,Genoa,8,1,0,1,0.0,8,8,1,0,1,0.0,8,0.0,1.0
2024-10-27,2024-25,LaLiga,Betis,Ath Madrid,8,1,0,1,0.05,10,7,1,0,1,-0.05,10,1.0,1.0
2024-10-27,2024-25,LaLiga,Sociedad,Osasuna,8,1,0,1,0.0,10,8,1,0,1,0.0,10,0.0,0.0
2024-10-27,2024-25,SerieA,Parma,Empoli,8,1,0,1,0.05,8,7,1,0,1,-0.05,8,1.0,0.5
2024-10-27,2024-25,LaLiga,Getafe,Valencia,7,1,0,1,0.05,10,6,1,1,1,-0.05,10,1.0,0.5
2024-10-27,2024-25,LaLiga,Leganes,Celta,7,1,0,1,-0.05,10,8,1,0,1,0.05,10,-1.0,1.0
2024-10-27,2024-25,Bundesliga,Heidenheim,Hoffenheim,8,1,0,1,0.0,7,8,1,0,1,0.0,7,0.0,0.5
2024-10-27,2024-25,Ligue1,Strasbourg,Nantes,8,1,0,1,0.05,8,7,1,0,1,-0.05,8,1.0,1.0
2024-10-27,2024-25,SerieA,Fiorentina,Roma,7,1,0,1,0.0,8,7,1,0,1,0.0,8,0.0,1.0
2024-10-27,2024-25,SerieA,Inter,Juventus,7,1,0,1,-0.05,8,8,1,0,1,0.05,8,-1.0,0.5
2024-10-27,2024-25,SerieA,Monza,Venezia,6,1,1,1,-0.05,8,7,1,0,1,0.05,8,-1.0,0.5
2024-10-27,2024-25,Bundesliga,Union Berlin,Ein Frankfurt,7,1,0,1,-0.05,7,8,1,0,1,0.05,7,-1.0,0.5
2024-10-27,2024-25,Ligue1,Marseille,Paris SG,7,1,0,1,-0.05,8,8,1,0,1,0.05,8,-1.0,0.0
2024-10-27,2024-25,Bundesliga,Bochum,Bayern Munich,8,1,0,1,0.0,7,8,1,0,1,0.0,7,0.0,0.0
2024-10-27,2024-25,EPL,Chelsea,Newcastle,7,1,0,1,-0.05,8,8,1,0,1,0.05,8,-1.0,1.0
2024-10-27,2024-25,EPL,Arsenal,Liverpool,8,1,0,1,0.05,8,7,1,0,1,-0.05,8,1.0,0.5
2024-10-27,2024-25,EPL,West Ham,Man United,8,1,0,1,0.0,8,8,1,0,1,0.0,8,0.0,1.0
2024-10-27,2024-25,EPL,Crystal Palace,Tottenham,6,1,1,1,-0.1,8,8,1,0,1,0.1,8,-2.0,1.0
2024-10-28,2024-25,LaLiga,Mallorca,Ath Bilbao,8,1,0,1,-0.05,10,9,1,0,1,0.05,10,-1.0,0.5
2024-10-29,2024-25,SerieA,Milan,Napoli,10,1,0,1,0.35,8,3,2,1,2,-0.75,9,7.0,0.0
2024-10-29,2024-25,SerieA,Lecce,Verona,3,2,1,2,-0.4,9,3,2,1,2,-0.4,9,0.0,1.0
2024-10-29,2024-25,SerieA,Cagliari,Bologna,4,2,1,2,-0.3,9,10,1,0,1,0.3,8,-6.0,0.0
2024-10-30,2024-25,SerieA,Venezia,Udinese,3,2,1,2,-0.5,9,5,2,1,2,0.1,9,-2.0,1.0
2024-10-30,2024-25,SerieA,Atalanta,Monza,4,2,1,2,0.05,9,3,2,1,2,-0.45,9,1.0,1.0
2024-10-30,2024-25,SerieA,Juventus,Parma,3,2,1,2,-0.4,9,3,2,1,2,-0.4,9,0.0,0.5
2024-10-30,2024-25,SerieA,Empoli,Inter,3,2,1,2,-0.4,9,3,2,1,2,-0.4,9,0.0,0.0
2024-10-31,2024-25,SerieA,Genoa,Fiorentina,4,2,1,2,0.0,9,4,2,1,2,0.0,9,0.0,0.0
2024-10-31,2024-25,SerieA,Roma,Torino,4,2,1,2,-0.1,9,6,2,1,2,0.1,9,-2.0,1.0
2024-10-31,2024-25,SerieA,Como,Lazio,6,2,1,2,0.1,9,4,2,1,2,-0.1,9,2.0,0.0
2024-11-01,2024-25,LaLiga,Alaves,Mallorca,6,2,1,1,0.1,11,4,2,1,2,-0.1,11,2.0,1.0
2024-11-01,2024-25,Ligue1,Lille,Lyon,6,2,1,1,0.05,9,5,2,1,2,-0.05,9,1.0,0.5
2024-11-01,2024-25,Ligue1,Monaco,Angers,5,2,1,1,-0.05,9,6,2,1,2,0.05,9,-1.0,0.0
2024-11-01,2024-25,Bundesliga,Leverkusen,Stuttgart,6,2,1,2,0.0,8,6,2,1,2,0.0,8,0.0,0.5
2024-11-02,2024-25,Ligue1,Paris SG,Lens,6,2,1,1,-0.05,9,7,2,0,1,0.05,9,-1.0,1.0
2024-11-02,2024-25,EPL,Wolves,Crystal Palace,7,2,0,2,0.05,9,6,2,1,2,-0.05,9,1.0,0.5
2024-11-02,2024-25,EPL,Newcastle,Arsenal,6,2,1,1,0.0,9,6,2,1,1,0.0,9,0.0,1.0
2024-11-02,2024-25,Ligue1,St Etienne,Strasbourg,7,2,0,1,0.05,9,6,2,1,1,-0.05,9,1.0,1.0
2024-11-02,2024-25,EPL,Bournemouth,Man City,7,2,0,1,0.0,9,7,2,0,2,0.0,9,0.0,1.0
2024-11-02,2024-25,EPL,Ipswich,Leicester,7,2,0,1,-0.05,9,8,2,0,1,0.05,9,-1.0,0.5
2024-11-02,2024-25,EPL,Liverpool,Brighton,6,2,1,2,-0.05,9,7,2,0,1,0.05,9,-1.0,1.0
2024-11-02,2024-25,Ligue1,Brest,Nice,7,2,0,1,0.05,9,6,2,1,2,-0.05,9,1.0,0.0
2024-11-02,2024-25,EPL,Nott'm Forest,West Ham,8,2,0,2,0.1,9,6,2,1,1,-0.1,9,2.0,1.0
2024-11-02,2024-25,SerieA,Bologna,Lecce,4,2,1,1,0.0,9,4,3,1,3,-0.2,10,0.0,1.0
2024-11-02,2024-25,SerieA,Udinese,Juventus,3,3,1,2,-0.6,10,3,3,2,2,-0.6,10,0.0,0.0
2024-11-02,2024-25,SerieA,Monza,Milan,3,3,2,3,-0.65,10,4,2,1,1,0.05,9,-1.0,0.0
2024-11-02,2024-25,Bundesliga,Bayern Munich,Union Berlin,6,2,1,1,0.0,8,6,2,1,2,0.0,8,0.0,1.0
2024-11-02,2024-25,LaLiga,Osasuna,Valladolid,6,2,1,1,-0.05,11,7,2,0,1,0.05,11,-1.0,1.0
2024-11-02,2024-25,LaLiga,Girona,Leganes,7,2,0,1,0.05,11,6,2,1,2,-0.05,11,1.0,1.0
2024-11-02,2024-25,Bundesliga,Ein Frankfurt,Bochum,6,2,1,1,0.0,8,6,2,1,1,0.0,8,0.0,1.0
2024-11-02,2024-25,Bundesliga,Hoffenheim,St Pauli,6,2,1,1,-0.05,8,7,2,0,1,0.05,8,-1.0,0.0
2024-11-02,2024-25,Bundesliga,Holstein Kiel,Heidenheim,7,2,0,2,0.05,8,6,2,1,1,-0.05,8,1.0,1.0
2024-11-02,2024-25,Bundesliga,Wolfsburg,Augsburg,7,2,0,2,0.0,8,7,2,0,1,0.0,8,0.0,0.5
2024-11-02,2024-25,Bundesliga,Dortmund,RB Leipzig,7,2,0,1,0.0,8,7,2,0,1,0.0,8,0.0,1.0
2024-11-02,2024-25,EPL,Southampton,Everton,7,2,0,1,0.0,9,7,2,0,1,0.0,9,0.0,1.0
2024-11-03,2024-25,EPL,Tottenham,Aston Villa,7,2,0,1,-0.05,9,8,2,0,1,0.05,9,-1.0,1.0
2024-11-03,2024-25,EPL,Man United,Chelsea,7,2,0,1,0.0,9,7,2,0,1,0.0,9,0.0,0.5
2024-11-03,2024-25,Bundesliga,M'gladbach,Werder Bremen,9,2,0,1,0.05,8,8,2,0,1,-0.05,8,1.0,1.0
2024-11-03,2024-25,Ligue1,Toulouse,Reims,7,2,0,1,-0.05,9,8,2,0,1,0.05,9,-1.0,1.0
2024-11-03,2024-25,Ligue1,Auxerre,Rennes,7,2,0,1,-0.1,9,9,2,0,1,0.1,9,-2.0,1.0
2024-11-03,2024-25,Ligue1,Le Havre,Montpellier,9,2,0,1,0.1,9,7,2,0,1,-0.1,9,2.0,1.0
2024-11-03,2024-25,Ligue1,Nantes,Marseille,7,2,0,1,0.0,9,7,2,0,1,0.0,9,0.0,0.0
2024-11-03,2024-25,SerieA,Napoli,Atalanta,5,3,1,2,-0.15,10,4,3,1,2,-0.25,10,1.0,0.0
2024-11-03,2024-25,SerieA,Torino,Fiorentina,3,3,1,2,-0.6,10,3,3,1,2,-0.6,10,0.0,0.0
2024-11-03,2024-25,SerieA,Verona,Roma,5,3,1,3,-0.1,10,3,3,1,2,-0.7,10,2.0,1.0
2024-11-03,2024-25,SerieA,Inter,Venezia,4,3,1,2,-0.2,10,4,3,1,2,-0.2,10,0.0,1.0
2024-11-03,2024-25,LaLiga,Ath Madrid,Las Palmas,7,2,0,1,-0.05,11,8,2,0,2,0.05,11,-1.0,1.0
2024-11-03,2024-25,LaLiga,Barcelona,Espanol,8,2,0,1,-0.05,11,9,2,0,1,0.05,11,-1.0,1.0
2024-11-03,2024-25,LaLiga,Sevilla,Sociedad,9,2,0,1,0.1,11,7,2,0,1,-0.1,11,2.0,0.0
2024-11-03,2024-25,LaLiga,Ath Bilbao,Betis,6,2,1,1,-0.05,11,7,2,0,1,0.05,11,-1.0,0.5
2024-11-03,2024-25,Bundesliga,Freiburg,Mainz,8,2,0,1,-0.05,8,9,2,0,1,0.05,8,-1.0,0.5
2024-11-04,2024-25,SerieA,Empoli,Como,5,3,1,2,-0.15,10,4,3,1,2,-0.25,10,1.0,1.0
2024-11-04,2024-25,SerieA,Lazio,Cagliari,4,3,1,2,-0.3,10,6,3,1,2,-0.1,10,-2.0,1.0
2024-11-04,2024-25,SerieA,Parma,Genoa,5,3,1,2,-0.15,10,4,3,1,2,-0.25,10,1.0,0.0
2024-11-04,2024-25,LaLiga,Celta,Getafe,8,2,0,1,0.0,11,8,2,0,1,0.0,11,0.0,1.0
2024-11-04,2024-25,EPL,Fulham,Brentford,9,2,0,1,0.0,9,9,2,0,1,0.0,9,0.0,1.0
2024-11-07,2024-25,SerieA,Genoa,Como,3,4,1,3,-0.8,11,3,4,1,3,-0.8,11,0.0,0.5
2024-11-08,2024-25,Bundesliga,Union Berlin,Freiburg,6,3,1,2,-0.15,9,5,3,1,2,-0.25,9,1.0,0.5
2024-11-08,2024-25,Ligue1,Marseille,Auxerre,5,3,1,2,-0.2,10,5,3,1,2,-0.2,10,0.0,0.0
2024-11-08,2024-25,SerieA,Lecce,Empoli,6,4,1,3,-0.3,11,4,4,1,3,-0.5,11,2.0,0.5
2024-11-08,2024-25,LaLiga,Vallecano,Las Palmas,13,2,0,1,0.4,11,5,3,1,2,-0.6,12,8.0,0.0
2024-11-09,2024-25,Ligue1,Strasbourg,Monaco,7,2,0,2,-0.05,10,8,2,0,2,0.05,10,-1.0,0.0
2024-11-09,2024-25,Ligue1,Lens,Nantes,7,2,0,1,0.05,10,6,3,1,2,-0.25,10,1.0,1.0
2024-11-09,2024-25,Ligue1,Angers,Paris SG,8,3,0,1,-0.15,10,7,2,0,2,-0.05,10,1.0,0.0
2024-11-09,2024-25,Bundesliga,Werder Bremen,Holstein Kiel,6,3,1,1,-0.25,9,7,3,0,1,-0.15,9,-1.0,1.0
2024-11-09,2024-25,SerieA,Juventus,Torino,7,3,0,3,-0.15,11,6,4,1,2,-0.45,11,1.0,1.0
2024-11-09,2024-25,SerieA,Cagliari,Milan,5,4,1,2,-0.5,11,7,2,0,2,0.1,10,-2.0,0.5
2024-11-09,2024-25,SerieA,Venezia,Parma,6,4,1,3,-0.35,11,5,3,1,3,-0.25,11,1.0,0.0
2024-11-09,2024-25,LaLiga,Leganes,Sevilla,7,3,0,2,-0.15,12,6,3,1,1,-0.25,12,1.0,1.0
2024-11-09,2024-25,LaLiga,Villarreal,Alaves,14,2,0,0,0.3,11,8,2,0,1,-0.3,12,6.0,1.0
2024-11-09,2024-25,LaLiga,Real Madrid,Osasuna,14,1,0,0,0.35,11,7,2,0,2,-0.35,12,7.0,1.0
2024-11-09,2024-25,Bundesliga,RB Leipzig,M'gladbach,7,2,0,1,0.05,9,6,2,1,1,-0.05,9,1.0,0.5
2024-11-09,2024-25,EPL,Brentford,Bournemouth,5,2,1,1,-0.1,10,7,2,0,1,0.1,10,-2.0,1.0
2024-11-09,2024-25,Bundesliga,Bochum,Leverkusen,7,2,0,2,-0.05,9,8,2,0,1,0.05,9,-1.0,0.5
2024-11-09,2024-25,EPL,West Ham,Everton,7,2,0,2,0.0,10,7,2,0,1,0.0,10,0.0,0.5
2024-11-09,2024-25,EPL,Crystal Palace,Fulham,7,3,0,2,-0.1,10,5,2,1,1,-0.1,10,2.0,0.0
2024-11-09,2024-25,EPL,Brighton,Man City,7,2,0,1,0.0,10,7,3,0,1,-0.2,10,0.0,1.0
2024-11-09,2024-25,EPL,Liverpool,Aston Villa,7,3,0,2,-0.15,10,6,2,1,1,-0.05,10,1.0,1.0
2024-11-09,2024-25,Bundesliga,Mainz,Dortmund,6,2,1,1,-0.05,9,7,2,0,1,0.05,9,-1.0,1.0
2024-11-09,2024-25,EPL,Wolves,Southampton,7,3,0,1,-0.2,10,7,2,0,1,0.0,10,0.0,1.0
2024-11-09,2024-25,Bundesliga,St Pauli,Bayern Munich,7,2,0,1,0.0,9,7,2,0,2,0.0,9,0.0,0.0
2024-11-10,2024-25,EPL,Chelsea,Arsenal,7,2,0,1,-0.05,10,8,2,0,1,0.05,10,-1.0,0.5
2024-11-10,2024-25,LaLiga,Betis,Celta,7,2,0,1,0.05,12,6,2,1,1,-0.05,12,1.0,0.5
2024-11-10,2024-25,LaLiga,Mallorca,Ath Madrid,9,2,0,2,0.1,12,7,2,0,1,-0.1,12,2.0,0.0
2024-11-10,2024-25,LaLiga,Getafe,Girona,6,2,1,1,-0.1,12,8,2,0,1,0.1,12,-2.0,0.0
2024-11-10,2024-25,LaLiga,Sociedad,Barcelona,7,2,0,1,0.0,12,7,2,0,1,0.0,12,0.0,1.0
2024-11-10,2024-25,Bundesliga,Heidenheim,Wolfsburg,8,2,0,1,0.0,9,8,2,0,1,0.0,9,0.0,0.0
2024-11-10,2024-25,Bundesliga,Stuttgart,Ein Frankfurt,9,2,0,1,0.05,9,8,2,0,1,-0.05,9,1.0,0.0
2024-11-10,2024-25,Bundesliga,Augsburg,Hoffenheim,8,2,0,1,0.0,9,8,2,0,1,0.0,9,0.0,0.5
2024-11-10,2024-25,EPL,Nott'm Forest,Newcastle,8,3,0,1,-0.2,10,8,2,0,1,0.0,10,0.0,0.0
2024-11-10,2024-25,EPL,Man United,Leicester,7,2,0,1,-0.05,10,8,2,0,1,0.05,10,-1.0,1.0
2024-11-10,2024-25,LaLiga,Valladolid,Ath Bilbao,8,2,0,1,0.05,12,7,2,0,2,-0.05,12,1.0,0.5
2024-11-10,2024-25,EPL,Tottenham,Ipswich,7,2,0,1,-0.05,10,8,2,0,1,0.05,10,-1.0,0.0
2024-11-10,2024-25,Ligue1,Lyon,St Etienne,9,2,0,1,0.05,10,8,2,0,1,-0.05,10,1.0,1.0
2024-11-10,2024-25,SerieA,Fiorentina,Verona,7,3,0,2,-0.2,11,7,4,0,2,-0.4,11,0.0,1.0
2024-11-10,2024-25,SerieA,Roma,Bologna,7,3,0,2,-0.25,11,8,2,0,2,0.05,10,-1.0,0.0
2024-11-10,2024-25,SerieA,Monza,Lazio,8,4,0,2,-0.3,11,6,3,1,2,-0.3,11,2.0,0.0
2024-11-10,2024-25,SerieA,Inter,Napoli,7,3,0,2,-0.2,11,7,3,0,2,-0.2,11,0.0,0.5
2024-11-10,2024-25,Ligue1,Nice,Lille,8,2,0,1,-0.05,10,9,2,0,1,0.05,10,-1.0,0.5
2024-11-10,2024-25,Ligue1,Le Havre,Reims,7,2,0,1,0.0,10,7,2,0,1,0.0,10,0.0,0.0
2024-11-10,2024-25,SerieA,Atalanta,Udinese,7,3,0,2,-0.25,11,8,3,0,2,-0.15,11,-1.0,1.0
2024-11-10,2024-25,Ligue1,Rennes,Toulouse,7,2,0,1,0.0,10,7,2,0,1,0.0,10,0.0,0.0
2024-11-10,2024-25,Ligue1,Montpellier,Brest,7,2,0,1,-0.05,10,8,2,0,1,0.05,10,-1.0,1.0
2024-11-22,2024-25,Ligue1,Paris SG,Toulouse,13,2,0,1,0.05,11,12,2,0,1,-0.05,11,1.0,1.0
2024-11-22,2024-25,Ligue1,Monaco,Brest,13,1,0,1,0.05,11,12,2,0,1,-0.05,11,1.0,1.0
2024-11-22,2024-25,Bundesliga,Bayern Munich,Augsburg,13,2,0,1,0.05,10,12,2,0,1,-0.05,10,1.0,1.0
2024-11-22,2024-25,LaLiga,Getafe,Valladolid,12,2,0,1,0.0,13,12,2,0,1,0.0,13,0.0,1.0
2024-11-23,2024-25,SerieA,Parma,Atalanta,14,2,0,0,0.05,12,13,2,0,1,-0.05,12,1.0,0.0
2024-11-23,2024-25,Bundesliga,Leverkusen,Heidenheim,14,1,0,0,0.05,10,13,1,0,1,-0.05,10,1.0,1.0
2024-11-23,2024-25,Bundesliga,Hoffenheim,RB Leipzig,13,1,0,1,-0.05,10,14,1,0,0,0.05,10,-1.0,1.0
2024-11-23,2024-25,Bundesliga,Dortmund,Freiburg,14,1,0,0,-0.05,10,15,2,0,0,0.05,10,-1.0,1.0
2024-11-23,2024-25,SerieA,Verona,Inter,13,2,0,1,0.0,12,13,2,0,1,0.0,12,0.0,0.0
2024-11-23,2024-25,SerieA,Milan,Juventus,14,1,0,0,0.0,11,14,1,0,0,0.0,12,0.0,0.5
2024-11-23,2024-25,Bundesliga,Stuttgart,Bochum,13,1,0,1,-0.05,10,14,1,0,0,0.05,10,-1.0,1.0
2024-11-23,2024-25,Bundesliga,Wolfsburg,Union Berlin,13,1,0,1,-0.1,10,15,1,0,0,0.1,10,-2.0,1.0
2024-11-23,2024-25,LaLiga,Ath Madrid,Alaves,13,2,0,1,-0.05,13,14,1,0,0,0.05,13,-1.0,1.0
2024-11-23,2024-25,LaLiga,Girona,Espanol,13,1,0,1,-0.35,13,20,1,0,0,0.35,12,-7.0,1.0
2024-11-23,2024-25,Ligue1,Reims,Lyon,13,2,0,1,0.0,11,13,1,0,1,0.0,11,0.0,0.5
2024-11-23,2024-25,Ligue1,St Etienne,Montpellier,13,1,0,1,0.0,11,13,2,0,1,0.0,11,0.0,1.0
2024-11-23,2024-25,Ligue1,Lens,Marseille,14,1,0,0,-0.05,11,15,2,0,0,0.05,11,-1.0,0.0
2024-11-23,2024-25,EPL,Leicester,Chelsea,13,1,0,1,0.0,11,13,2,0,1,0.0,11,0.0,0.0
2024-11-23,2024-25,EPL,Arsenal,Nott'm Forest,13,1,0,1,0.0,11,13,1,0,1,0.0,11,0.0,1.0
2024-11-23,2024-25,EPL,Aston Villa,Crystal Palace,14,2,0,0,0.0,11,14,1,0,0,0.0,11,0.0,0.5
2024-11-23,2024-25,EPL,Bournemouth,Brighton,14,1,0,0,0.0,11,14,1,0,0,0.0,11,0.0,0.0
2024-11-23,2024-25,EPL,Everton,Brentford,14,1,0,0,0.0,11,14,2,0,0,0.0,11,0.0,0.5
2024-11-23,2024-25,EPL,Fulham,Wolves,14,2,0,0,0.0,11,14,1,0,0,0.0,11,0.0,0.0
2024-11-23,2024-25,EPL,Man City,Tottenham,14,1,0,0,0.05,11,13,2,0,1,-0.05,11,1.0,0.0
2024-11-23,2024-25,LaLiga,Valencia,Betis,27,0,0,0,0.5,11,13,2,0,1,-0.5,13,10.0,1.0
2024-11-23,2024-25,Bundesliga,Ein Frankfurt,Werder Bremen,13,1,0,1,-0.05,10,14,2,0,0,0.05,10,-1.0,1.0
2024-11-23,2024-25,LaLiga,Celta,Barcelona,13,2,0,1,0.0,13,13,2,0,1,0.0,13,0.0,0.5
2024-11-23,2024-25,LaLiga,Las Palmas,Mallorca,15,2,0,0,0.1,13,13,1,0,1,-0.1,13,2.0,0.0
2024-11-24,2024-25,EPL,Southampton,Liverpool,15,1,0,0,0.0,11,15,1,0,0,0.0,11,0.0,0.0
2024-11-24,2024-25,Ligue1,Lille,Rennes,14,1,0,0,0.0,11,14,1,0,0,0.0,11,0.0,1.0
2024-11-24,2024-25,Ligue1,Auxerre,Angers,16,1,0,0,0.05,11,15,1,0,0,-0.05,11,1.0,1.0
2024-11-24,2024-25,Ligue1,Nantes,Le Havre,15,1,0,0,0.05,11,14,1,0,0,-0.05,11,1.0,0.0
2024-11-24,2024-25,Ligue1,Nice,Strasbourg,14,1,0,0,-0.05,11,15,1,0,0,0.05,11,-1.0,1.0
2024-11-24,2024-25,LaLiga,Ath Bilbao,Sociedad,14,1,0,0,0.0,13,14,1,0,0,0.0,13,0.0,1.0
2024-11-24,2024-25,LaLiga,Osasuna,Villarreal,15,1,0,0,0.0,13,15,1,0,0,0.0,12,0.0,0.5
2024-11-24,2024-25,SerieA,Napoli,Roma,14,1,0,0,0.0,12,14,1,0,0,0.0,12,0.0,1.0
2024-11-24,2024-25,SerieA,Lazio,Bologna,14,2,0,0,0.0,12,14,1,0,0,0.0,11,0.0,1.0
2024-11-24,2024-25,SerieA,Como,Fiorentina,17,2,0,0,0.15,12,14,1,0,0,-0.15,12,3.0,0.0
2024-11-24,2024-25,SerieA,Genoa,Cagliari,17,2,0,0,0.1,12,15,2,0,0,-0.1,12,2.0,0.5
2024-11-24,2024-25,LaLiga,Leganes,Real Madrid,15,1,0,0,0.0,13,15,1,0,0,0.0,12,0.0,0.0
2024-11-24,2024-25,EPL,Ipswich,Man United,14,1,0,0,0.0,11,14,1,0,0,0.0,11,0.0,0.5
2024-11-24,2024-25,Bundesliga,Holstein Kiel,Mainz,15,1,0,0,0.0,10,15,1,0,0,0.0,10,0.0,0.0
2024-11-24,2024-25,Bundesliga,M'gladbach,St Pauli,15,1,0,0,0.0,10,15,1,0,0,0.0,10,0.0,1.0
2024-11-24,2024-25,SerieA,Torino,Monza,15,1,0,0,0.05,12,14,1,0,0,-0.05,12,1.0,0.5
2024-11-24,2024-25,LaLiga,Sevilla,Vallecano,15,1,0,0,-0.05,13,16,1,0,0,0.05,12,-1.0,1.0
2024-11-25,2024-25,SerieA,Empoli,Udinese,17,1,0,0,0.1,12,15,1,0,0,-0.1,12,2.0,0.5
2024-11-25,2024-25,SerieA,Venezia,Lecce,16,1,0,0,-0.05,12,17,1,0,0,0.05,12,-1.0,0.0
2024-11-25,2024-25,EPL,Newcastle,West Ham,15,1,0,0,-0.05,11,16,1,0,0,0.05,11,-1.0,0.0
2024-11-29,2024-25,EPL,Brighton,Southampton,6,2,1,1,0.05,12,5,2,1,1,-0.05,12,1.0,0.5
2024-11-29,2024-25,SerieA,Cagliari,Verona,5,2,1,1,-0.05,13,6,2,1,1,0.05,13,-1.0,1.0
2024-11-29,2024-25,Bundesliga,St Pauli,Holstein Kiel,5,2,1,1,0.0,11,5,2,1,1,0.0,11,0.0,1.0
2024-11-29,2024-25,Ligue1,Reims,Lens,6,2,1,1,0.0,12,6,2,1,1,0.0,12,0.0,0.0
2024-11-29,2024-25,LaLiga,Mallorca,Valencia,6,2,1,1,0.0,14,6,1,1,1,0.0,12,0.0,1.0
2024-11-30,2024-25,Ligue1,Rennes,St Etienne,6,2,1,1,-0.05,12,7,2,0,1,0.05,12,-1.0,1.0
2024-11-30,2024-25,Ligue1,Brest,Strasbourg,8,2,0,1,0.1,12,6,1,1,1,-0.1,12,2.0,1.0
2024-11-30,2024-25,Ligue1,Paris SG,Nantes,8,1,0,1,0.1,12,6,1,1,1,-0.1,12,2.0,0.5
2024-11-30,2024-25,EPL,Brentford,Leicester,7,1,0,1,0.0,12,7,2,0,1,0.0,12,0.0,1.0
2024-11-30,2024-25,LaLiga,Alaves,Leganes,7,1,0,1,0.05,14,6,1,1,1,-0.05,14,1.0,0.5
2024-11-30,2024-25,Bundesliga,Augsburg,Bochum,8,2,0,1,0.05,11,7,1,0,1,-0.05,11,1.0,1.0
2024-11-30,2024-25,EPL,West Ham,Arsenal,5,1,1,1,-0.1,12,7,2,0,1,0.1,12,-2.0,0.0
2024-11-30,2024-25,EPL,Wolves,Bournemouth,7,1,0,1,0.0,12,7,1,0,1,0.0,12,0.0,0.0
2024-11-30,2024-25,EPL,Nott'm Forest,Ipswich,7,2,0,1,0.05,12,6,2,1,1,-0.05,12,1.0,1.0
2024-11-30,2024-25,SerieA,Como,Monza,6,1,1,1,0.0,13,6,2,1,1,0.0,13,0.0,0.5
2024-11-30,2024-25,SerieA,Milan,Empoli,7,1,0,1,0.1,12,5,1,1,1,-0.1,13,2.0,1.0
2024-11-30,2024-25,LaLiga,Barcelona,Las Palmas,7,2,0,1,0.0,14,7,1,0,1,0.0,14,0.0,0.0
2024-11-30,2024-25,SerieA,Bologna,Venezia,6,2,1,1,0.05,12,5,1,1,1,-0.05,13,1.0,1.0
2024-11-30,2024-25,Bundesliga,RB Leipzig,Wolfsburg,7,1,0,1,0.0,11,7,2,0,1,0.0,11,0.0,0.0
2024-11-30,2024-25,Bundesliga,Union Berlin,Leverkusen,7,1,0,1,0.0,11,7,1,0,1,0.0,11,0.0,0.0
2024-11-30,2024-25,LaLiga,Valladolid,Ath Madrid,8,2,0,1,0.05,14,7,2,0,1,-0.05,14,1.0,0.0
2024-11-30,2024-25,EPL,Crystal Palace,Newcastle,7,1,0,1,0.1,12,5,2,1,1,-0.1,12,2.0,0.5
2024-11-30,2024-25,Bundesliga,Dortmund,Bayern Munich,7,1,0,1,-0.05,11,8,1,0,1,0.05,11,-1.0,0.5
2024-11-30,2024-25,LaLiga,Espanol,Celta,7,1,0,1,0.0,13,7,2,0,1,0.0,14,0.0,1.0
2024-11-30,2024-25,Bundesliga,Freiburg,M'gladbach,7,1,0,1,0.05,11,6,1,1,1,-0.05,11,1.0,1.0
2024-11-30,2024-25,Bundesliga,Werder Bremen,Stuttgart,7,1,0,1,0.0,11,7,2,0,1,0.0,11,0.0,0.5
2024-12-01,2024-25,EPL,Liverpool,Man City,7,1,0,1,-0.05,12,8,1,0,1,0.05,12,-1.0,1.0
2024-12-01,2024-25,SerieA,Parma,Lazio,8,1,0,1,0.05,13,7,1,0,1,-0.05,13,1.0,1.0
2024-12-01,2024-25,SerieA,Udinese,Genoa,6,1,1,1,-0.05,13,7,1,0,1,0.05,13,-1.0,0.0
2024-12-01,2024-25,EPL,Chelsea,Aston Villa,8,1,0,1,0.0,12,8,1,0,1,0.0,12,0.0,1.0
2024-12-01,2024-25,EPL,Man United,Everton,7,1,0,1,-0.05,12,8,1,0,1,0.05,12,-1.0,1.0
2024-12-01,2024-25,EPL,Tottenham,Fulham,8,1,0,1,0.0,12,8,1,0,1,0.0,12,0.0,0.5
2024-12-01,2024-25,SerieA,Torino,Napoli,7,1,0,1,0.0,13,7,1,0,1,0.0,13,0.0,0.0
2024-12-01,2024-25,SerieA,Lecce,Juventus,6,1,1,1,-0.1,13,8,1,0,1,0.1,13,-2.0,0.5
2024-12-01,2024-25,Ligue1,Le Havre,Angers,7,1,0,1,0.0,12,7,1,0,1,0.0,12,0.0,0.0
2024-12-01,2024-25,Bundesliga,Heidenheim,Ein Frankfurt,8,1,0,1,0.0,11,8,1,0,1,0.0,11,0.0,0.0
2024-12-01,2024-25,LaLiga,Real Madrid,Getafe,7,1,0,1,-0.1,13,9,1,0,1,0.1,14,-2.0,1.0
2024-12-01,2024-25,LaLiga,Vallecano,Ath Bilbao,7,1,0,1,0.0,13,7,1,0,1,0.0,14,0.0,0.0
2024-12-01,2024-25,LaLiga,Sociedad,Betis,7,1,0,1,-0.05,14,8,1,0,1,0.05,14,-1.0,1.0
2024-12-01,2024-25,LaLiga,Villarreal,Girona,7,1,0,1,-0.05,13,8,1,0,1,0.05,14,-1.0,0.5
2024-12-01,2024-25,Ligue1,Marseille,Monaco,8,1,0,1,-0.05,12,9,1,0,1,0.05,12,-1.0,1.0
2024-12-01,2024-25,Ligue1,Toulouse,Auxerre,9,1,0,1,0.1,12,7,1,0,1,-0.1,12,2.0,1.0
2024-12-01,2024-25,Ligue1,Lyon,Nice,8,1,0,1,0.05,12,7,1,0,1,-0.05,12,1.0,1.0
2024-12-01,2024-25,Bundesliga,Mainz,Hoffenheim,7,1,0,1,-0.05,11,8,1,0,1,0.05,11,-1.0,1.0
2024-12-01,2024-25,Ligue1,Montpellier,Lille,8,1,0,1,0.05,12,7,1,0,1,-0.05,12,1.0,0.5
2024-12-02,2024-25,SerieA,Roma,Atalanta,8,1,0,1,-0.05,13,9,1,0,1,0.05,13,-1.0,0.0
2024-12-02,2024-25,LaLiga,Sevilla,Osasuna,8,1,0,1,0.0,14,8,1,0,1,0.0,14,0.0,0.5
2024-12-03,2024-25,LaLiga,Mallorca,Barcelona,4,2,1,2,0.05,15,3,2,1,2,-0.45,15,1.0,0.0
2024-12-03,2024-25,EPL,Leicester,West Ham,3,2,1,2,-0.4,13,3,2,1,2,-0.4,13,0.0,1.0
2024-12-03,2024-25,EPL,Ipswich,Crystal Palace,3,2,1,2,-0.4,13,3,2,1,2,-0.4,13,0.0,0.0
2024-12-04,2024-25,EPL,Aston Villa,Brentford,3,2,1,2,-0.45,13,4,2,1,2,0.05,13,-1.0,1.0
2024-12-04,2024-25,LaLiga,Ath Bilbao,Real Madrid,3,2,1,2,-0.4,15,3,2,1,2,-0.4,14,0.0,1.0
2024-12-04,2024-25,EPL,Arsenal,Man United,4,2,1,2,0.05,13,3,2,1,2,-0.45,13,1.0,1.0
2024-12-04,2024-25,EPL,Southampton,Chelsea,5,2,1,2,0.1,13,3,2,1,2,-0.5,13,2.0,0.0
2024-12-04,2024-25,EPL,Man City,Nott'm Forest,3,2,1,2,-0.45,13,4,2,1,2,0.05,13,-1.0,1.0
2024-12-04,2024-25,EPL,Everton,Wolves,3,2,1,2,-0.45,13,4,2,1,2,0.05,13,-1.0,1.0
2024-12-04,2024-25,EPL,Newcastle,Liverpool,4,2,1,2,0.05,13,3,2,1,2,-0.45,13,1.0,0.5
2024-12-05,2024-25,EPL,Fulham,Brighton,4,2,1,2,-0.1,13,6,2,1,2,0.1,13,-2.0,1.0
2024-12-05,2024-25,EPL,Bournemouth,Tottenham,5,2,1,2,0.05,13,4,2,1,2,-0.05,13,1.0,1.0
2024-12-06,2024-25,LaLiga,Celta,Mallorca,6,2,1,2,0.15,15,3,3,1,3,-0.75,16,3.0,1.0
2024-12-06,2024-25,Bundesliga,Stuttgart,Union Berlin,6,2,1,2,0.0,12,6,2,1,2,0.0,12,0.0,1.0
2024-12-06,2024-25,SerieA,Inter,Parma,13,1,0,1,0.4,13,5,2,1,2,-0.4,14,8.0,1.0
2024-12-06,2024-25,SerieA,Atalanta,Milan,4,2,1,2,-0.1,14,6,2,1,2,0.1,13,-2.0,1.0
2024-12-06,2024-25,Ligue1,Lille,Brest,5,2,1,2,-0.05,13,6,2,1,1,0.05,13,-1.0,1.0
2024-12-06,2024-25,Ligue1,Auxerre,Paris SG,5,2,1,2,-0.05,13,6,2,1,1,0.05,13,-1.0,0.5
2024-12-07,2024-25,Bundesliga,Leverkusen,St Pauli,7,2,0,1,-0.05,12,8,2,0,2,0.05,12,-1.0,1.0
2024-12-07,2024-25,SerieA,Genoa,Torino,6,2,1,2,0.0,14,6,2,1,2,0.0,14,0.0,0.5
2024-12-07,2024-25,SerieA,Juventus,Bologna,6,2,1,1,-0.05,14,7,2,0,2,0.05,13,-1.0,0.5
2024-12-07,2024-25,SerieA,Roma,Lecce,5,2,1,2,-0.05,14,6,2,1,2,0.05,14,-1.0,1.0
2024-12-07,2024-25,Bundesliga,Bayern Munich,Heidenheim,7,2,0,1,0.05,12,6,2,1,1,-0.05,12,1.0,1.0
2024-12-07,2024-25,Bundesliga,Bochum,Werder Bremen,7,2,0,1,0.0,12,7,2,0,1,0.0,12,0.0,0.0
2024-12-07,2024-25,Bundesliga,Holstein Kiel,RB Leipzig,8,2,0,2,0.05,12,7,2,0,1,-0.05,12,1.0,0.0
2024-12-07,2024-25,EPL,Aston Villa,Southampton,3,3,2,2,-0.6,14,3,3,1,3,-0.6,14,0.0,1.0
2024-12-07,2024-25,LaLiga,Betis,Barcelona,6,2,1,1,0.1,15,4,3,1,2,-0.3,16,2.0,0.5
2024-12-07,2024-25,LaLiga,Valencia,Vallecano,8,2,0,1,0.1,13,6,2,1,2,-0.1,14,2.0,0.0
2024-12-07,2024-25,LaLiga,Girona,Real Madrid,6,2,1,1,0.15,15,3,3,2,3,-0.75,15,3.0,0.0
2024-12-07,2024-25,EPL,Man United,Nott'm Forest,3,3,2,3,-0.6,14,3,3,1,2,-0.6,14,0.0,0.0
2024-12-07,2024-25,Ligue1,Monaco,Toulouse,6,2,1,1,0.0,13,6,2,1,1,0.0,13,0.0,1.0
2024-12-07,2024-25,Ligue1,Nice,Le Havre,6,2,1,2,0.0,13,6,2,1,2,0.0,13,0.0,1.0
2024-12-07,2024-25,Ligue1,Angers,Lyon,6,2,1,2,0.0,13,6,2,1,1,0.0,13,0.0,0.0
2024-12-07,2024-25,Bundesliga,Ein Frankfurt,Augsburg,6,2,1,1,-0.05,12,7,2,0,1,0.05,12,-1.0,0.5
2024-12-07,2024-25,EPL,Crystal Palace,Man City,4,3,1,2,-0.15,14,3,3,2,2,-0.65,14,1.0,0.5
2024-12-07,2024-25,EPL,Brentford,Newcastle,3,3,1,2,-0.6,14,3,3,1,3,-0.6,14,0.0,1.0
2024-12-07,2024-25,LaLiga,Las Palmas,Valladolid,7,2,0,1,0.0,15,7,2,0,1,0.0,15,0.0,1.0
2024-12-07,2024-25,Bundesliga,M'gladbach,Dortmund,7,2,0,2,0.0,12,7,2,0,1,0.0,12,0.0,0.5
2024-12-08,2024-25,EPL,Leicester,Brighton,5,3,1,2,-0.1,14,3,3,1,2,-0.7,14,2.0,0.5
2024-12-08,2024-25,LaLiga,Ath Bilbao,Villarreal,4,3,1,2,-0.35,16,7,2,0,1,0.15,14,-3.0,1.0
2024-12-08,2024-25,LaLiga,Leganes,Sociedad,8,2,0,1,0.05,15,7,2,0,1,-0.05,15,1.0,0.0
2024-12-08,2024-25,LaLiga,Osasuna,Alaves,6,2,1,1,-0.1,15,8,2,0,1,0.1,15,-2.0,0.5
2024-12-08,2024-25,LaLiga,Ath Madrid,Sevilla,8,2,0,1,0.1,15,6,2,1,1,-0.1,15,2.0,1.0
2024-12-08,2024-25,Ligue1,St Etienne,Marseille,8,2,0,1,0.05,13,7,2,0,1,-0.05,13,1.0,0.0
2024-12-08,2024-25,Ligue1,Strasbourg,Reims,8,2,0,1,-0.05,13,9,2,0,1,0.05,13,-1.0,0.5
2024-12-08,2024-25,Ligue1,Nantes,Rennes,8,2,0,1,0.0,13,8,2,0,1,0.0,13,0.0,1.0
2024-12-08,2024-25,Ligue1,Lens,Montpellier,9,2,0,1,0.1,13,7,2,0,1,-0.1,13,2.0,1.0
2024-12-08,2024-25,EPL,Tottenham,Chelsea,3,3,1,2,-0.65,14,4,3,1,2,-0.15,14,-1.0,0.0
2024-12-08,2024-25,EPL,Ipswich,Bournemouth,5,3,1,2,-0.1,14,3,3,1,2,-0.7,14,2.0,0.0
2024-12-08,2024-25,Bundesliga,Hoffenheim,Freiburg,7,2,0,1,-0.05,12,8,2,0,1,0.05,12,-1.0,0.5
2024-12-08,2024-25,SerieA,Napoli,Lazio,7,2,0,1,0.0,14,7,2,0,1,0.0,14,0.0,0.0
2024-12-08,2024-25,SerieA,Fiorentina,Cagliari,14,1,0,0,0.25,13,9,2,0,1,-0.25,14,5.0,1.0
2024-12-08,2024-25,SerieA,Verona,Empoli,9,2,0,1,0.05,14,8,2,0,2,-0.05,14,1.0,0.0
2024-12-08,2024-25,EPL,Fulham,Arsenal,3,3,1,2,-0.65,14,4,3,1,2,-0.15,14,-1.0,0.5
2024-12-08,2024-25,SerieA,Venezia,Como,8,2,0,2,0.0,14,8,2,0,1,0.0,14,0.0,0.5
2024-12-08,2024-25,Bundesliga,Wolfsburg,Mainz,8,2,0,1,0.05,12,7,2,0,1,-0.05,12,1.0,1.0
2024-12-09,2024-25,EPL,West Ham,Wolves,6,3,1,2,-0.15,14,5,3,1,2,-0.25,14,1.0,1.0
2024-12-09,2024-25,LaLiga,Getafe,Espanol,8,2,0,1,-0.05,15,9,2,0,1,0.05,14,-1.0,1.0
2024-12-09,2024-25,SerieA,Monza,Udinese,9,2,0,1,0.05,14,8,2,0,1,-0.05,14,1.0,0.0
2024-12-13,2024-25,Ligue1,Toulouse,St Etienne,6,2,1,2,0.05,14,5,3,1,2,-0.25,14,1.0,1.0
2024-12-13,2024-25,Bundesliga,Freiburg,Wolfsburg,5,3,1,2,-0.2,13,5,3,1,2,-0.2,13,0.0,1.0
2024-12-13,2024-25,SerieA,Empoli,Torino,5,3,1,2,-0.25,15,6,3,1,2,-0.15,15,-1.0,0.0
2024-12-13,2024-25,LaLiga,Valladolid,Valencia,6,2,1,2,0.0,16,6,3,1,1,-0.2,14,0.0,1.0
2024-12-14,2024-25,LaLiga,Sevilla,Celta,6,3,1,2,-0.3,16,8,2,0,1,0.1,16,-2.0,1.0
2024-12-14,2024-25,Bundesliga,St Pauli,Werder Bremen,7,3,0,1,-0.2,13,7,2,0,1,0.0,13,0.0,0.0
2024-12-14,2024-25,LaLiga,Espanol,Osasuna,5,2,1,1,-0.05,15,6,3,1,2,-0.15,16,-1.0,0.5
2024-12-14,2024-25,SerieA,Juventus,Venezia,7,2,0,2,0.05,15,6,3,1,1,-0.25,15,1.0,0.5
2024-12-14,2024-25,SerieA,Udinese,Napoli,5,3,1,2,-0.25,15,6,3,1,2,-0.15,15,-1.0,0.0
2024-12-14,2024-25,SerieA,Cagliari,Atalanta,6,3,1,1,-0.3,15,8,2,0,2,0.1,15,-2.0,0.0
2024-12-14,2024-25,LaLiga,Mallorca,Girona,8,3,0,2,-0.15,17,7,2,0,2,-0.05,16,1.0,1.0
2024-12-14,2024-25,LaLiga,Vallecano,Real Madrid,7,3,0,2,-0.2,15,7,4,0,3,-0.4,16,0.0,0.5
2024-12-14,2024-25,Bundesliga,Union Berlin,Bochum,8,2,0,1,0.05,13,7,2,0,1,-0.05,13,1.0,0.0
2024-12-14,2024-25,EPL,Arsenal,Everton,6,3,1,2,-0.4,15,10,2,0,2,0.2,14,-4.0,0.5
2024-12-14,2024-25,EPL,Liverpool,Fulham,10,3,0,2,0.0,14,6,3,1,3,-0.4,15,4.0,0.5
2024-12-14,2024-25,EPL,Newcastle,Leicester,7,4,0,2,-0.35,15,6,3,1,2,-0.25,15,1.0,1.0
2024-12-14,2024-25,EPL,Wolves,Ipswich,5,3,1,2,-0.25,15,6,4,1,2,-0.35,15,-1.0,0.0
2024-12-14,2024-25,EPL,Nott'm Forest,Aston Villa,7,3,0,2,-0.2,15,7,3,0,3,-0.2,15,0.0,1.0
2024-12-14,2024-25,Ligue1,Marseille,Lille,6,2,1,2,-0.1,14,8,3,0,2,-0.1,14,-2.0,0.5
2024-12-14,2024-25,Ligue1,Auxerre,Lens,8,3,0,2,-0.1,14,6,2,1,1,-0.1,14,2.0,0.5
2024-12-14,2024-25,Ligue1,Reims,Monaco,6,2,1,1,-0.05,14,7,2,0,2,0.05,14,-1.0,0.5
2024-12-14,2024-25,Bundesliga,Augsburg,Leverkusen,7,2,0,1,0.0,13,7,2,0,1,0.0,13,0.0,0.0
2024-12-14,2024-25,Bundesliga,Mainz,Bayern Munich,6,3,1,2,-0.25,13,7,2,0,1,0.05,13,-1.0,1.0
2024-12-14,2024-25,Bundesliga,M'gladbach,Holstein Kiel,7,3,0,1,-0.2,13,7,3,0,1,-0.2,13,0.0,1.0
2024-12-15,2024-25,LaLiga,Alaves,Ath Bilbao,7,2,0,1,0.0,16,7,3,0,2,-0.2,17,0.0,0.5
2024-12-15,2024-25,LaLiga,Villarreal,Betis,7,2,0,1,-0.05,15,8,2,0,1,0.05,16,-1.0,0.0
2024-12-15,2024-25,Ligue1,Montpellier,Nice,7,2,0,1,-0.05,14,8,2,0,1,0.05,14,-1.0,0.5
2024-12-15,2024-25,Ligue1,Brest,Nantes,9,2,0,1,0.1,14,7,2,0,1,-0.1,14,2.0,1.0
2024-12-15,2024-25,Ligue1,Le Havre,Strasbourg,8,2,0,1,0.05,14,7,2,0,1,-0.05,14,1.0,0.0
2024-12-15,2024-25,LaLiga,Barcelona,Leganes,8,3,0,2,-0.15,17,7,2,0,1,-0.05,16,1.0,0.0
2024-12-15,2024-25,LaLiga,Sociedad,Las Palmas,7,2,0,1,-0.05,16,8,2,0,1,0.05,16,-1.0,0.5
2024-12-15,2024-25,LaLiga,Ath Madrid,Getafe,7,2,0,1,0.05,16,6,2,1,1,-0.05,16,1.0,1.0
2024-12-15,2024-25,SerieA,Bologna,Fiorentina,8,2,0,1,0.05,14,7,1,0,1,-0.05,14,1.0,1.0
2024-12-15,2024-25,Bundesliga,Dortmund,Hoffenheim,8,2,0,1,0.05,13,7,2,0,1,-0.05,13,1.0,0.5
2024-12-15,2024-25,Bundesliga,Heidenheim,Stuttgart,8,2,0,1,-0.05,13,9,2,0,1,0.05,13,-1.0,0.0
2024-12-15,2024-25,SerieA,Milan,Genoa,9,2,0,1,0.05,14,8,2,0,1,-0.05,15,1.0,0.5
2024-12-15,2024-25,SerieA,Como,Roma,7,2,0,1,-0.05,15,8,2,0,2,0.05,15,-1.0,1.0
2024-12-15,2024-25,SerieA,Parma,Verona,9,2,0,1,0.1,15,7,2,0,1,-0.1,15,2.0,0.0
2024-12-15,2024-25,Ligue1,Rennes,Angers,7,2,0,1,-0.05,14,8,2,0,1,0.05,14,-1.0,1.0
2024-12-15,2024-25,SerieA,Lecce,Monza,8,3,0,1,-0.1,15,6,2,1,1,-0.1,15,2.0,1.0
2024-12-15,2024-25,EPL,Southampton,Tottenham,8,3,0,2,-0.15,15,7,3,0,2,-0.25,15,1.0,0.0
2024-12-15,2024-25,EPL,Chelsea,Brentford,7,3,0,2,-0.25,15,8,3,0,2,-0.15,15,-1.0,1.0
2024-12-15,2024-25,EPL,Man City,Man United,8,3,0,2,-0.2,15,8,3,0,2,-0.2,15,0.0,0.0
2024-12-15,2024-25,EPL,Brighton,Crystal Palace,7,3,0,2,-0.25,15,8,3,0,2,-0.15,15,-1.0,0.0
2024-12-15,2024-25,Bundesliga,RB Leipzig,Ein Frankfurt,8,2,0,1,0.0,13,8,2,0,1,0.0,13,0.0,1.0
2024-12-15,2024-25,Ligue1,Paris SG,Lyon,9,2,0,1,0.05,14,8,2,0,1,-0.05,14,1.0,1.0
2024-12-16,2024-25,EPL,Bournemouth,West Ham,8,3,0,2,-0.15,15,7,3,0,2,-0.25,15,1.0,0.5
2024-12-16,2024-25,SerieA,Lazio,Inter,8,2,0,1,-0.1,15,10,1,0,1,0.1,14,-2.0,0.0
2024-12-18,2024-25,LaLiga,Villarreal,Vallecano,3,3,1,2,-0.65,16,4,3,1,2,-0.15,16,-1.0,0.5
2024-12-18,2024-25,Ligue1,Monaco,Paris SG,4,3,1,2,-0.15,15,3,3,1,2,-0.65,15,1.0,0.0
2024-12-18,2024-25,LaLiga,Espanol,Valencia,4,3,1,2,-0.25,16,5,3,1,2,-0.15,15,-1.0,0.5
2024-12-20,2024-25,SerieA,Verona,Milan,5,2,1,2,0.0,16,5,3,1,1,-0.2,15,0.0,0.0
2024-12-20,2024-25,Bundesliga,Bayern Munich,RB Leipzig,6,3,1,2,-0.15,14,5,3,1,2,-0.25,14,1.0,1.0
2024-12-20,2024-25,LaLiga,Girona,Valladolid,6,3,1,2,-0.25,17,7,3,0,2,-0.15,17,-1.0,1.0
2024-12-21,2024-25,Bundesliga,Stuttgart,St Pauli,6,2,1,1,-0.05,14,7,2,0,1,0.05,14,-1.0,0.0
2024-12-21,2024-25,SerieA,Torino,Bologna,8,3,0,1,-0.1,16,6,2,1,1,-0.1,15,2.0,0.0
2024-12-21,2024-25,SerieA,Genoa,Napoli,6,3,1,1,-0.25,16,7,3,0,2,-0.15,16,-1.0,0.0
2024-12-21,2024-25,Bundesliga,Ein Frankfurt,Mainz,6,3,1,1,-0.25,14,7,3,0,2,-0.15,14,-1.0,0.0
2024-12-21,2024-25,SerieA,Lecce,Lazio,6,3,1,1,-0.15,16,5,3,1,2,-0.25,16,1.0,0.0
2024-12-21,2024-25,LaLiga,Barcelona,Ath Madrid,6,3,1,1,-0.2,18,6,2,1,2,0.0,17,0.0,0.0
2024-12-21,2024-25,Bundesliga,Hoffenheim,M'gladbach,6,3,1,2,-0.25,14,7,2,0,1,0.05,14,-1.0,0.0
2024-12-21,2024-25,Bundesliga,Holstein Kiel,Augsburg,7,2,0,1,0.0,14,7,2,0,1,0.0,14,0.0,1.0
2024-12-21,2024-25,LaLiga,Getafe,Mallorca,6,3,1,2,-0.25,17,7,3,0,1,-0.15,18,-1.0,0.0
2024-12-21,2024-25,LaLiga,Celta,Sociedad,7,2,0,1,0.05,17,6,3,1,2,-0.25,17,1.0,1.0
2024-12-21,2024-25,LaLiga,Osasuna,Ath Bilbao,7,3,0,2,-0.15,17,6,4,1,2,-0.45,18,1.0,0.0
2024-12-21,2024-25,EPL,Crystal Palace,Arsenal,6,3,1,1,-0.25,16,7,3,0,2,-0.15,16,-1.0,0.0
2024-12-21,2024-25,EPL,West Ham,Brighton,5,3,1,2,-0.25,16,6,3,1,2,-0.15,16,-1.0,0.5
2024-12-21,2024-25,EPL,Aston Villa,Man City,7,4,0,1,-0.35,16,6,4,1,1,-0.45,16,1.0,1.0
2024-12-21,2024-25,Bundesliga,Leverkusen,Freiburg,7,2,0,1,-0.05,14,8,2,0,2,0.05,14,-1.0,1.0
2024-12-21,2024-25,EPL,Ipswich,Newcastle,7,3,0,2,-0.2,16,7,3,0,1,-0.2,16,0.0,0.0
2024-12-21,2024-25,Bundesliga,Werder Bremen,Union Berlin,7,2,0,1,0.0,14,7,2,0,1,0.0,14,0.0,1.0
2024-12-21,2024-25,EPL,Brentford,Nott'm Forest,6,3,1,1,-0.25,16,7,3,0,1,-0.15,16,-1.0,0.0
2024-12-22,2024-25,Bundesliga,Bochum,Heidenheim,8,2,0,1,0.05,14,7,2,0,1,-0.05,14,1.0,1.0
2024-12-22,2024-25,LaLiga,Valencia,Alaves,4,3,1,2,-0.35,16,7,2,0,1,0.15,17,-3.0,0.5
2024-12-22,2024-25,LaLiga,Leganes,Villarreal,7,2,0,1,0.15,17,4,3,1,2,-0.35,17,3.0,0.0
2024-12-22,2024-25,LaLiga,Real Madrid,Sevilla,8,3,0,1,-0.2,17,8,3,0,1,-0.2,17,0.0,1.0
2024-12-22,2024-25,LaLiga,Betis,Vallecano,7,2,0,1,0.15,17,4,3,1,2,-0.35,17,3.0,0.5
2024-12-22,2024-25,Bundesliga,Wolfsburg,Dortmund,9,2,0,1,0.1,14,7,2,0,1,-0.1,14,2.0,0.0
2024-12-22,2024-25,LaLiga,Las Palmas,Espanol,7,2,0,1,0.15,17,4,3,1,3,-0.35,17,3.0,1.0
2024-12-22,2024-25,EPL,Tottenham,Liverpool,7,3,0,1,-0.25,16,8,2,0,1,0.05,15,-1.0,0.0
2024-12-22,2024-25,EPL,Fulham,Southampton,8,3,0,1,-0.15,16,7,3,0,1,-0.25,16,1.0,0.5
2024-12-22,2024-25,EPL,Leicester,Wolves,8,3,0,1,-0.2,16,8,3,0,2,-0.2,16,0.0,0.0
2024-12-22,2024-25,EPL,Man United,Bournemouth,7,3,0,1,-0.15,16,6,3,1,1,-0.25,16,1.0,0.0
2024-12-22,2024-25,EPL,Everton,Chelsea,8,2,0,1,0.05,15,7,3,0,1,-0.25,16,1.0,0.5
2024-12-22,2024-25,SerieA,Atalanta,Empoli,8,3,0,1,-0.25,16,9,2,0,1,0.05,16,-1.0,1.0
2024-12-22,2024-25,SerieA,Monza,Juventus,7,2,0,2,-0.05,16,8,2,0,1,0.05,16,-1.0,0.0
2024-12-22,2024-25,SerieA,Roma,Parma,7,3,0,1,-0.2,16,7,2,0,1,0.0,16,0.0,1.0
2024-12-22,2024-25,SerieA,Venezia,Cagliari,8,2,0,1,0.0,16,8,2,0,1,0.0,16,0.0,1.0
2024-12-23,2024-25,SerieA,Fiorentina,Udinese,8,2,0,1,-0.05,15,9,2,0,1,0.05,16,-1.0,0.0
2024-12-23,2024-25,SerieA,Inter,Como,7,2,0,1,-0.05,15,8,2,0,1,0.05,16,-1.0,1.0
2024-12-26,2024-25,EPL,Liverpool,Leicester,4,2,1,2,0.0,16,4,3,1,2,-0.2,17,0.0,1.0
2024-12-26,2024-25,EPL,Man City,Everton,5,3,1,2,-0.15,17,4,2,1,2,-0.05,16,1.0,0.5
2024-12-26,2024-25,EPL,Wolves,Man United,4,3,1,2,-0.2,17,4,3,1,2,-0.2,17,0.0,1.0
2024-12-26,2024-25,EPL,Southampton,West Ham,4,3,1,2,-0.25,17,5,3,1,2,-0.15,17,-1.0,0.0
2024-12-26,2024-25,EPL,Nott'm Forest,Tottenham,5,3,1,2,-0.15,17,4,3,1,2,-0.25,17,1.0,1.0
2024-12-26,2024-25,EPL,Newcastle,Aston Villa,5,3,1,2,-0.2,17,5,3,1,2,-0.2,17,0.0,1.0
2024-12-26,2024-25,EPL,Bournemouth,Crystal Palace,4,3,1,2,-0.25,17,5,3,1,2,-0.15,17,-1.0,0.5
2024-12-26,2024-25,EPL,Chelsea,Fulham,4,3,1,2,-0.2,17,4,3,1,2,-0.2,17,0.0,0.0
2024-12-27,2024-25,EPL,Arsenal,Ipswich,6,3,1,2,-0.2,17,6,3,1,2,-0.2,17,0.0,1.0
2024-12-27,2024-25,EPL,Brighton,Brentford,6,3,1,2,-0.2,17,6,3,1,2,-0.2,17,0.0,0.5
2024-12-28,2024-25,SerieA,Lazio,Atalanta,7,3,0,2,-0.15,17,6,2,1,1,-0.05,17,1.0,0.5
2024-12-28,2024-25,SerieA,Cagliari,Inter,6,3,1,1,-0.15,17,5,2,1,2,-0.05,16,1.0,0.0
2024-12-28,2024-25,SerieA,Parma,Monza,6,2,1,2,0.0,17,6,3,1,2,-0.2,17,0.0,1.0
2024-12-28,2024-25,SerieA,Empoli,Genoa,6,3,1,1,-0.25,17,7,2,0,2,0.05,17,-1.0,0.0
2024-12-29,2024-25,EPL,Leicester,Man City,3,3,1,2,-0.6,18,3,3,1,2,-0.6,18,0.0,0.0
2024-12-29,2024-25,SerieA,Milan,Roma,9,2,0,1,0.1,16,7,2,0,1,-0.1,17,2.0,0.5
2024-12-29,2024-25,EPL,Crystal Palace,Southampton,3,3,1,2,-0.6,18,3,3,1,2,-0.6,18,0.0,1.0
2024-12-29,2024-25,EPL,Everton,Nott'm Forest,3,3,1,2,-0.6,17,3,3,1,2,-0.6,18,0.0,0.0
2024-12-29,2024-25,SerieA,Juventus,Fiorentina,7,2,0,1,0.05,17,6,2,1,1,-0.05,16,1.0,0.5
2024-12-29,2024-25,SerieA,Napoli,Venezia,8,2,0,1,0.05,17,7,2,0,1,-0.05,17,1.0,1.0
2024-12-29,2024-25,SerieA,Udinese,Torino,6,3,1,1,-0.3,17,8,2,0,1,0.1,17,-2.0,0.5
2024-12-29,2024-25,EPL,Fulham,Bournemouth,3,3,1,2,-0.6,18,3,3,1,3,-0.6,18,0.0,0.5
2024-12-29,2024-25,EPL,West Ham,Liverpool,3,4,1,3,-0.8,18,3,3,1,2,-0.6,17,0.0,0.0
2024-12-29,2024-25,EPL,Tottenham,Wolves,3,3,1,2,-0.6,18,3,4,1,2,-0.8,18,0.0,0.5
2024-12-30,2024-25,SerieA,Como,Lecce,7,2,0,1,-0.1,17,9,2,0,1,0.1,17,-2.0,1.0
2024-12-30,2024-25,EPL,Ipswich,Chelsea,3,3,1,2,-0.65,18,4,3,1,2,-0.15,18,-1.0,1.0
2024-12-30,2024-25,SerieA,Bologna,Verona,9,2,0,1,-0.05,16,10,2,0,1,0.05,17,-1.0,0.0
2024-12-30,2024-25,EPL,Aston Villa,Brighton,4,3,1,2,-0.15,18,3,3,1,2,-0.65,18,1.0,0.5
2024-12-30,2024-25,EPL,Man United,Newcastle,4,3,1,2,-0.2,18,4,3,1,2,-0.2,18,0.0,0.0
2025-01-01,2024-25,EPL,Brentford,Arsenal,5,3,1,2,-0.2,18,5,3,1,2,-0.2,18,0.0,0.0
2025-01-03,2024-25,Ligue1,Nice,Rennes,19,1,0,0,0.0,15,19,1,0,0,0.0,15,0.0,1.0
2025-01-03,2024-25,LaLiga,Valencia,Real Madrid,12,2,0,1,0.0,17,12,2,0,1,0.0,18,0.0,0.0
2025-01-04,2024-25,EPL,Southampton,Brentford,6,4,1,3,-0.25,19,3,4,1,2,-0.95,19,3.0,0.0
2025-01-04,2024-25,Ligue1,Lille,Nantes,21,0,0,0,0.05,15,20,1,0,0,-0.05,15,1.0,0.5
2025-01-04,2024-25,EPL,Brighton,Arsenal,5,4,1,2,-0.3,19,3,3,1,2,-0.7,19,2.0,0.5
2025-01-04,2024-25,EPL,Aston Villa,Leicester,5,3,1,2,-0.25,19,6,3,1,3,-0.15,19,-1.0,1.0
2025-01-04,2024-25,EPL,Bournemouth,Everton,6,4,1,3,-0.4,19,6,3,1,3,-0.2,18,0.0,1.0
2025-01-04,2024-25,Ligue1,Lyon,Montpellier,20,1,0,0,0.0,15,20,1,0,0,0.0,15,0.0,1.0
2025-01-04,2024-25,EPL,Man City,West Ham,6,4,1,2,-0.4,19,6,4,1,2,-0.4,19,0.0,1.0
2025-01-04,2024-25,SerieA,Verona,Udinese,5,3,1,1,-0.25,18,6,2,1,2,0.05,18,-1.0,0.5
2025-01-04,2024-25,SerieA,Fiorentina,Napoli,6,3,1,2,-0.2,17,6,2,1,1,0.0,18,0.0,0.0
2025-01-04,2024-25,SerieA,Venezia,Empoli,6,2,1,2,-0.05,18,7,2,0,2,0.05,18,-1.0,0.5
2025-01-04,2024-25,EPL,Crystal Palace,Chelsea,6,4,1,2,-0.35,19,5,4,1,3,-0.45,19,1.0,0.5
2025-01-04,2024-25,Ligue1,St Etienne,Reims,22,0,0,0,0.05,15,21,0,0,0,-0.05,15,1.0,1.0
2025-01-04,2024-25,EPL,Tottenham,Newcastle,6,4,1,3,-0.35,19,5,3,1,2,-0.25,19,1.0,0.0
2025-01-05,2024-25,Ligue1,Angers,Brest,21,0,0,0,0.0,15,21,0,0,0,0.0,15,0.0,1.0
2025-01-05,2024-25,Ligue1,Lens,Toulouse,22,0,0,0,-0.05,15,23,0,0,0,0.05,15,-1.0,0.0
2025-01-05,2024-25,EPL,Fulham,Ipswich,7,3,0,2,-0.15,19,6,3,1,2,-0.25,19,1.0,0.5
2025-01-05,2024-25,Ligue1,Marseille,Le Havre,22,0,0,0,0.05,15,21,0,0,0,-0.05,15,1.0,1.0
2025-01-05,2024-25,EPL,Liverpool,Man United,7,3,0,2,-0.15,18,6,3,1,2,-0.25,19,1.0,0.5
2025-01-05,2024-25,SerieA,Roma,Lazio,7,2,0,1,-0.05,18,8,3,0,1,-0.15,18,-1.0,1.0
2025-01-05,2024-25,SerieA,Torino,Parma,7,2,0,1,-0.05,18,8,2,0,1,0.05,18,-1.0,0.5
2025-01-05,2024-25,SerieA,Lecce,Genoa,6,2,1,1,-0.1,18,8,2,0,1,0.1,18,-2.0,0.5
2025-01-05,2024-25,SerieA,Monza,Cagliari,8,2,0,1,0.0,18,8,2,0,1,0.0,18,0.0,0.0
2025-01-05,2024-25,Ligue1,Strasbourg,Auxerre,21,0,0,0,-0.05,15,22,0,0,0,0.05,15,-1.0,1.0
2025-01-06,2024-25,EPL,Wolves,Nott'm Forest,8,3,0,2,-0.2,19,8,3,0,2,-0.2,19,0.0,0.0
2025-01-10,2024-25,Ligue1,Nantes,Monaco,6,1,1,1,-0.5,16,23,0,0,0,0.5,16,-10.0,0.5
2025-01-10,2024-25,Ligue1,Auxerre,Lille,5,1,1,1,-0.05,16,6,1,1,1,0.05,16,-1.0,0.5
2025-01-10,2024-25,Bundesliga,Dortmund,Leverkusen,19,1,0,0,-0.05,15,20,1,0,0,0.05,15,-1.0,0.0
2025-01-10,2024-25,SerieA,Lazio,Como,5,3,1,2,-0.5,19,11,2,0,1,0.3,18,-6.0,0.5
2025-01-10,2024-25,LaLiga,Vallecano,Celta,19,1,0,0,-0.05,18,20,1,0,0,0.05,18,-1.0,1.0
2025-01-11,2024-25,LaLiga,Valladolid,Betis,22,0,0,0,0.1,18,20,1,0,0,-0.1,18,2.0,1.0
2025-01-11,2024-25,LaLiga,Alaves,Girona,20,1,0,0,-0.1,18,22,0,0,0,0.1,18,-2.0,0.0
2025-01-11,2024-25,LaLiga,Espanol,Leganes,20,1,0,0,0.0,18,20,1,0,0,0.0,18,0.0,0.5
2025-01-11,2024-25,Bundesliga,St Pauli,Ein Frankfurt,21,0,0,0,0.0,15,21,0,0,0,0.0,15,0.0,0.0
2025-01-11,2024-25,LaLiga,Sevilla,Valencia,20,1,0,0,0.5,18,8,2,0,1,-0.5,18,10.0,0.5
2025-01-11,2024-25,Bundesliga,Heidenheim,Union Berlin,20,1,0,0,-0.05,15,21,0,0,0,0.05,15,-1.0,1.0
2025-01-11,2024-25,Bundesliga,Hoffenheim,Wolfsburg,21,0,0,0,0.05,15,20,1,0,0,-0.05,15,1.0,0.0
2025-01-11,2024-25,Bundesliga,Mainz,Bochum,21,0,0,0,0.05,15,20,1,0,0,-0.05,15,1.0,1.0
2025-01-11,2024-25,Bundesliga,M'gladbach,Bayern Munich,21,0,0,0,-0.05,15,22,0,0,0,0.05,15,-1.0,0.0
2025-01-11,2024-25,Ligue1,Brest,Lyon,6,1,1,1,-0.05,16,7,1,0,1,0.05,16,-1.0,1.0
2025-01-11,2024-25,Bundesliga,Freiburg,Holstein Kiel,21,0,0,0,0.0,15,21,0,0,0,0.0,15,0.0,1.0
2025-01-11,2024-25,Ligue1,Reims,Nice,7,1,0,1,-0.05,16,8,1,0,1,0.05,16,-1.0,0.0
2025-01-11,2024-25,SerieA,Milan,Cagliari,13,1,0,1,0.35,17,6,3,1,1,-0.55,19,7.0,0.5
2025-01-11,2024-25,SerieA,Torino,Juventus,6,2,1,2,-0.35,19,13,2,0,1,0.35,18,-7.0,0.5
2025-01-11,2024-25,SerieA,Udinese,Atalanta,7,3,0,2,-0.55,19,14,2,0,0,0.35,18,-7.0,0.5
2025-01-11,2024-25,SerieA,Empoli,Lecce,7,3,0,1,-0.15,19,6,2,1,2,-0.05,19,1.0,0.0
2025-01-11,2024-25,Ligue1,Rennes,Marseille,8,1,0,1,0.1,16,6,1,1,1,-0.1,16,2.0,0.0
2025-01-12,2024-25,Ligue1,Le Havre,Lens,7,1,0,1,0.0,16,7,1,0,1,0.0,16,0.0,0.0
2025-01-12,2024-25,SerieA,Napoli,Verona,8,2,0,1,0.0,19,8,2,0,2,0.0,19,0.0,1.0
2025-01-12,2024-25,Ligue1,Montpellier,Angers,8,1,0,1,0.05,16,7,1,0,1,-0.05,16,1.0,0.0
2025-01-12,2024-25,LaLiga,Ath Madrid,Osasuna,22,0,0,0,0.0,18,22,0,0,0,0.0,18,0.0,1.0
2025-01-12,2024-25,Ligue1,Paris SG,St Etienne,25,0,0,0,0.5,16,8,1,0,1,-0.5,16,10.0,1.0
2025-01-12,2024-25,Ligue1,Toulouse,Strasbourg,7,1,0,1,0.0,16,7,1,0,1,0.0,16,0.0,0.0
2025-01-12,2024-25,Bundesliga,RB Leipzig,Werder Bremen,23,0,0,0,0.05,15,22,0,0,0,-0.05,15,1.0,1.0
2025-01-12,2024-25,Bundesliga,Augsburg,Stuttgart,22,0,0,0,0.0,15,22,0,0,0,0.0,15,0.0,0.0
2025-01-12,2024-25,SerieA,Bologna,Roma,13,1,0,1,0.3,17,7,2,0,1,-0.3,19,6.0,0.5
2025-01-12,2024-25,SerieA,Venezia,Inter,8,2,0,1,-0.35,19,15,2,0,0,0.35,17,-7.0,0.0
2025-01-12,2024-25,SerieA,Genoa,Parma,7,2,0,1,0.0,19,7,2,0,1,0.0,19,0.0,1.0
2025-01-12,2024-25,LaLiga,Las Palmas,Getafe,21,0,0,0,-0.05,18,22,0,0,0,0.05,18,-1.0,0.0
2025-01-13,2024-25,LaLiga,Sociedad,Villarreal,23,0,0,0,0.05,18,22,0,0,0,-0.05,18,1.0,1.0
2025-01-13,2024-25,SerieA,Monza,Fiorentina,8,2,0,1,-0.05,19,9,2,0,1,0.05,18,-1.0,1.0
2025-01-14,2024-25,SerieA,Como,Milan,4,2,1,1,0.05,19,3,2,1,1,-0.45,18,1.0,0.0
2025-01-14,2024-25,SerieA,Atalanta,Juventus,3,2,1,1,-0.4,19,3,2,1,1,-0.4,19,0.0,0.5
2025-01-14,2024-25,EPL,Brentford,Man City,10,3,0,2,-0.2,20,10,3,0,1,-0.2,20,0.0,0.5
2025-01-14,2024-25,EPL,Chelsea,Bournemouth,10,3,0,1,-0.2,20,10,3,0,1,-0.2,20,0.0,0.5
2025-01-14,2024-25,EPL,Nott'm Forest,Liverpool,8,3,0,1,-0.25,20,9,3,0,1,-0.15,19,-1.0,0.5
2025-01-14,2024-25,EPL,West Ham,Fulham,10,3,0,1,-0.15,20,9,3,0,1,-0.25,20,1.0,1.0
2025-01-14,2024-25,Bundesliga,Leverkusen,Mainz,4,1,1,1,0.05,16,3,1,1,1,-0.45,16,1.0,1.0
2025-01-14,2024-25,Bundesliga,Wolfsburg,M'gladbach,3,1,1,1,-0.4,16,3,1,1,1,-0.4,16,0.0,1.0
2025-01-14,2024-25,Bundesliga,Holstein Kiel,Dortmund,3,1,1,1,-0.45,16,4,1,1,1,0.05,16,-1.0,1.0
2025-01-14,2024-25,Bundesliga,Ein Frankfurt,Freiburg,3,1,1,1,-0.4,16,3,1,1,1,-0.4,16,0.0,1.0
2025-01-15,2024-25,SerieA,Inter,Bologna,3,2,1,1,-0.4,18,3,2,1,1,-0.4,18,0.0,0.5
2025-01-15,2024-25,Bundesliga,Bochum,St Pauli,4,1,1,1,0.0,16,4,1,1,1,0.0,16,0.0,1.0
2025-01-15,2024-25,Bundesliga,Bayern Munich,Hoffenheim,4,1,1,1,0.0,16,4,1,1,1,0.0,16,0.0,1.0
2025-01-15,2024-25,Bundesliga,Stuttgart,RB Leipzig,3,1,1,1,-0.4,16,3,1,1,1,-0.4,16,0.0,1.0
2025-01-15,2024-25,Bundesliga,Union Berlin,Augsburg,4,1,1,1,0.05,16,3,1,1,1,-0.45,16,1.0,0.0
2025-01-15,2024-25,Bundesliga,Werder Bremen,Heidenheim,3,1,1,1,-0.45,16,4,1,1,1,0.05,16,-1.0,0.5
2025-01-15,2024-25,EPL,Newcastle,Wolves,11,3,0,1,-0.1,20,9,3,0,1,-0.3,20,2.0,1.0
2025-01-15,2024-25,EPL,Everton,Aston Villa,11,3,0,1,-0.2,19,11,3,0,1,-0.2,20,0.0,0.0
2025-01-15,2024-25,EPL,Leicester,Crystal Palace,11,3,0,1,-0.2,20,11,3,0,1,-0.2,20,0.0,0.0
2025-01-15,2024-25,EPL,Arsenal,Tottenham,11,3,0,1,-0.2,20,11,3,0,1,-0.2,20,0.0,1.0
2025-01-16,2024-25,EPL,Man United,Southampton,11,2,0,1,-0.05,20,12,2,0,1,0.05,20,-1.0,1.0
2025-01-16,2024-25,EPL,Ipswich,Brighton,11,3,0,1,-0.25,20,12,3,0,1,-0.15,20,-1.0,0.0
2025-01-17,2024-25,Bundesliga,Ein Frankfurt,Dortmund,3,2,2,2,-0.4,17,3,2,1,2,-0.4,17,0.0,1.0
2025-01-17,2024-25,LaLiga,Espanol,Valladolid,6,1,1,1,0.0,19,6,1,1,1,0.0,19,0.0,1.0
2025-01-17,2024-25,Ligue1,Lille,Nice,7,2,0,2,0.05,17,6,2,1,1,-0.05,17,1.0,1.0
2025-01-17,2024-25,Ligue1,Montpellier,Monaco,5,2,1,2,-0.1,17,7,1,0,1,0.1,17,-2.0,1.0
2025-01-17,2024-25,SerieA,Roma,Genoa,5,3,1,2,-0.2,20,5,3,1,2,-0.2,20,0.0,1.0
2025-01-18,2024-25,LaLiga,Leganes,Ath Madrid,7,1,0,1,0.05,19,6,1,1,1,-0.05,19,1.0,1.0
2025-01-18,2024-25,LaLiga,Girona,Sevilla,7,1,0,1,0.0,19,7,1,0,1,0.0,19,0.0,0.0
2025-01-18,2024-25,Ligue1,Lyon,Toulouse,7,2,0,1,0.05,17,6,2,1,2,-0.05,17,1.0,0.5
2025-01-18,2024-25,EPL,Newcastle,Bournemouth,3,3,1,1,-0.65,21,4,3,1,1,-0.15,21,-1.0,0.0
2025-01-18,2024-25,EPL,Brentford,Liverpool,4,3,1,1,-0.2,21,4,3,1,2,-0.2,20,0.0,0.0
2025-01-18,2024-25,EPL,West Ham,Crystal Palace,4,3,1,1,-0.15,21,3,3,1,1,-0.65,21,1.0,0.0
2025-01-18,2024-25,EPL,Arsenal,Aston Villa,3,3,1,1,-0.6,21,3,3,1,1,-0.6,21,0.0,0.5
2025-01-18,2024-25,Ligue1,Rennes,Brest,7,2,0,1,0.0,17,7,2,0,2,0.0,17,0.0,0.0
2025-01-18,2024-25,Ligue1,Lens,Paris SG,6,2,1,2,0.0,17,6,1,1,1,0.0,17,0.0,0.0
2025-01-18,2024-25,LaLiga,Betis,Alaves,7,1,0,1,0.0,19,7,1,0,1,0.0,19,0.0,0.0
2025-01-18,2024-25,LaLiga,Getafe,Barcelona,6,1,1,1,-0.5,19,28,0,0,0,0.5,19,-10.0,0.5
2025-01-18,2024-25,EPL,Leicester,Fulham,3,3,1,1,-0.65,21,4,3,1,2,-0.15,21,-1.0,0.0
2025-01-18,2024-25,Bundesliga,Holstein Kiel,Hoffenheim,4,2,1,2,0.05,17,3,2,1,2,-0.45,17,1.0,0.0
2025-01-18,2024-25,Bundesliga,Bayern Munich,Wolfsburg,3,2,1,2,-0.45,17,4,2,1,2,0.05,17,-1.0,1.0
2025-01-18,2024-25,Bundesliga,Bochum,RB Leipzig,3,2,1,2,-0.4,17,3,2,2,2,-0.4,17,0.0,0.5
2025-01-18,2024-25,Bundesliga,Heidenheim,St Pauli,3,2,1,2,-0.4,17,3,2,1,2,-0.4,17,0.0,0.0
2025-01-18,2024-25,SerieA,Juventus,Milan,4,3,1,2,-0.2,20,4,3,1,2,-0.2,19,0.0,1.0
2025-01-18,2024-25,Bundesliga,Stuttgart,Freiburg,3,2,2,2,-0.45,17,4,2,1,2,0.05,17,-1.0,1.0
2025-01-18,2024-25,Bundesliga,Leverkusen,M'gladbach,4,2,1,2,0.0,17,4,2,1,2,0.0,17,0.0,1.0
2025-01-18,2024-25,SerieA,Bologna,Monza,3,3,2,2,-0.7,19,5,2,1,2,0.1,20,-2.0,1.0
2025-01-18,2024-25,SerieA,Atalanta,Napoli,4,2,1,2,-0.1,20,6,3,1,1,-0.1,20,-2.0,0.0
2025-01-19,2024-25,EPL,Everton,Tottenham,4,2,1,1,0.0,20,4,2,1,1,0.0,21,0.0,1.0
2025-01-19,2024-25,EPL,Man United,Brighton,3,3,1,1,-0.6,21,3,3,1,1,-0.6,21,0.0,0.0
2025-01-19,2024-25,EPL,Nott'm Forest,Southampton,5,2,1,2,0.1,21,3,2,1,1,-0.5,21,2.0,1.0
2025-01-19,2024-25,LaLiga,Real Madrid,Las Palmas,16,1,0,0,0.45,19,7,1,0,1,-0.45,19,9.0,1.0
2025-01-19,2024-25,LaLiga,Valencia,Sociedad,8,2,0,1,0.1,19,6,1,1,1,-0.1,19,2.0,1.0
2025-01-19,2024-25,LaLiga,Osasuna,Vallecano,7,1,0,1,-0.1,19,9,1,0,1,0.1,19,-2.0,0.5
2025-01-19,2024-25,Bundesliga,Werder Bremen,Augsburg,4,2,1,2,0.0,17,4,2,1,2,0.0,17,0.0,0.0
2025-01-19,2024-25,SerieA,Verona,Lazio,7,3,0,1,-0.3,20,9,2,0,1,0.1,20,-2.0,0.0
2025-01-19,2024-25,SerieA,Inter,Empoli,4,2,1,2,-0.2,19,8,2,0,1,0.2,20,-4.0,1.0
2025-01-19,2024-25,EPL,Ipswich,Man City,3,3,1,1,-0.7,21,5,2,1,1,0.1,21,-2.0,0.0
2025-01-19,2024-25,SerieA,Parma,Venezia,7,2,0,1,0.0,20,7,2,0,1,0.0,20,0.0,0.5
2025-01-19,2024-25,SerieA,Cagliari,Lecce,8,2,0,1,0.0,20,8,3,0,1,-0.2,20,0.0,1.0
2025-01-19,2024-25,SerieA,Fiorentina,Torino,6,2,1,1,-0.1,19,8,2,0,1,0.1,20,-2.0,0.5
2025-01-19,2024-25,Ligue1,St Etienne,Nantes,7,2,0,1,-0.1,17,9,2,0,1,0.1,17,-2.0,0.5
2025-01-19,2024-25,Ligue1,Angers,Auxerre,7,2,0,1,-0.1,17,9,2,0,1,0.1,17,-2.0,1.0
2025-01-19,2024-25,Ligue1,Reims,Le Havre,8,2,0,1,0.05,17,7,2,0,1,-0.05,17,1.0,0.5
2025-01-19,2024-25,Ligue1,Marseille,Strasbourg,8,2,0,1,0.05,17,7,2,0,1,-0.05,17,1.0,0.5
2025-01-19,2024-25,LaLiga,Celta,Ath Bilbao,9,1,0,1,-0.5,19,29,0,0,0,0.5,19,-10.0,0.0
2025-01-19,2024-25,Bundesliga,Union Berlin,Mainz,4,2,1,2,-0.05,17,5,2,1,2,0.05,17,-1.0,1.0
2025-01-20,2024-25,EPL,Chelsea,Wolves,6,2,1,1,0.05,21,5,2,1,1,-0.05,21,1.0,1.0
2025-01-20,2024-25,LaLiga,Villarreal,Mallorca,7,1,0,1,-0.5,19,30,0,0,0,0.5,19,-10.0,1.0
2025-01-20,2024-25,SerieA,Como,Udinese,6,2,1,2,-0.15,20,9,2,0,1,0.15,20,-3.0,1.0
2025-01-24,2024-25,Ligue1,Auxerre,St Etienne,5,3,1,1,-0.2,18,5,3,1,2,-0.2,18,0.0,0.5
2025-01-24,2024-25,LaLiga,Las Palmas,Osasuna,5,2,1,2,0.0,20,5,2,1,2,0.0,20,0.0,0.5
2025-01-24,2024-25,SerieA,Torino,Cagliari,5,3,1,2,-0.2,21,5,3,1,2,-0.2,21,0.0,1.0
2025-01-24,2024-25,Bundesliga,Wolfsburg,Holstein Kiel,6,3,1,3,-0.2,18,6,3,1,3,-0.2,18,0.0,0.5
2025-01-25,2024-25,Bundesliga,Freiburg,Bayern Munich,7,3,0,2,-0.2,18,7,3,0,2,-0.2,18,0.0,0.0
2025-01-25,2024-25,Bundesliga,M'gladbach,Bochum,7,3,0,2,-0.2,18,7,3,0,2,-0.2,18,0.0,1.0
2025-01-25,2024-25,LaLiga,Ath Madrid,Villarreal,7,2,0,2,0.1,20,5,2,1,2,-0.1,20,2.0,0.5
2025-01-25,2024-25,Bundesliga,RB Leipzig,Leverkusen,7,3,0,3,-0.2,18,7,3,0,2,-0.2,18,0.0,0.5
2025-01-25,2024-25,LaLiga,Mallorca,Betis,5,1,1,1,-0.1,20,7,2,0,1,0.1,20,-2.0,0.0
2025-01-25,2024-25,Bundesliga,Mainz,Stuttgart,6,3,1,2,-0.25,18,7,3,0,3,-0.15,18,-1.0,1.0
2025-01-25,2024-25,SerieA,Empoli,Bologna,6,2,1,1,-0.05,21,7,3,0,3,-0.15,20,-1.0,0.5
2025-01-25,2024-25,EPL,Liverpool,Ipswich,7,3,0,2,-0.15,21,6,3,1,2,-0.25,22,1.0,1.0
2025-01-25,2024-25,SerieA,Como,Atalanta,5,3,1,2,-0.3,21,7,3,0,2,-0.1,21,-2.0,0.0
2025-01-25,2024-25,Bundesliga,Dortmund,Werder Bremen,8,3,0,2,-0.1,18,6,3,1,3,-0.3,18,2.0,0.5
2025-01-25,2024-25,Bundesliga,Augsburg,Heidenheim,6,3,1,3,-0.25,18,7,3,0,2,-0.15,18,-1.0,1.0
2025-01-25,2024-25,EPL,Man City,Chelsea,6,2,1,2,0.05,22,5,2,1,2,-0.05,22,1.0,1.0
2025-01-25,2024-25,EPL,Wolves,Arsenal,5,3,1,2,-0.3,22,7,2,0,2,0.1,22,-2.0,0.0
2025-01-25,2024-25,EPL,Southampton,Newcastle,6,2,1,2,-0.05,22,7,2,0,2,0.05,22,-1.0,0.0
2025-01-25,2024-25,LaLiga,Sevilla,Espanol,7,2,0,1,-0.05,20,8,2,0,1,0.05,20,-1.0,0.5
2025-01-25,2024-25,EPL,Brighton,Everton,6,2,1,2,0.0,22,6,2,1,2,0.0,21,0.0,0.0
2025-01-25,2024-25,EPL,Bournemouth,Nott'm Forest,7,2,0,2,0.05,22,6,3,1,2,-0.25,22,1.0,1.0
2025-01-25,2024-25,Ligue1,Monaco,Rennes,8,2,0,1,0.05,18,7,2,0,1,-0.05,18,1.0,1.0
2025-01-25,2024-25,Ligue1,Strasbourg,Lille,6,3,1,2,-0.3,18,8,2,0,1,0.1,18,-2.0,1.0
2025-01-25,2024-25,Ligue1,Paris SG,Reims,7,2,0,2,0.05,18,6,2,1,1,-0.05,18,1.0,0.5
2025-01-25,2024-25,SerieA,Napoli,Juventus,7,2,0,2,0.0,21,7,3,0,2,-0.2,21,0.0,1.0
2025-01-25,2024-25,LaLiga,Valladolid,Real Madrid,8,2,0,1,0.1,20,6,1,1,1,-0.1,20,2.0,0.0
2025-01-26,2024-25,Bundesliga,Hoffenheim,Ein Frankfurt,8,3,0,2,-0.25,18,9,3,0,2,-0.15,18,-1.0,0.5
2025-01-26,2024-25,Bundesliga,St Pauli,Union Berlin,8,3,0,2,-0.15,18,7,3,0,2,-0.25,18,1.0,1.0
2025-01-26,2024-25,SerieA,Milan,Parma,8,3,0,2,-0.15,20,7,2,0,1,-0.05,21,1.0,1.0
2025-01-26,2024-25,LaLiga,Sociedad,Getafe,7,2,0,2,-0.05,20,8,2,0,1,0.05,20,-1.0,0.0
2025-01-26,2024-25,Ligue1,Nice,Marseille,9,2,0,1,0.1,18,7,2,0,1,-0.1,18,2.0,1.0
2025-01-26,2024-25,Ligue1,Toulouse,Montpellier,8,2,0,1,-0.05,18,9,2,0,1,0.05,18,-1.0,0.0
2025-01-26,2024-25,Ligue1,Nantes,Lyon,7,2,0,1,-0.05,18,8,2,0,1,0.05,18,-1.0,0.5
2025-01-26,2024-25,Ligue1,Lens,Angers,8,2,0,1,0.05,18,7,2,0,1,-0.05,18,1.0,1.0
2025-01-26,2024-25,Ligue1,Le Havre,Brest,7,2,0,1,-0.05,18,8,2,0,1,0.05,18,-1.0,0.0
2025-01-26,2024-25,EPL,Crystal Palace,Brentford,8,2,0,2,0.0,22,8,2,0,2,0.0,22,0.0,0.0
2025-01-26,2024-25,EPL,Tottenham,Leicester,7,2,0,2,-0.05,22,8,2,0,2,0.05,22,-1.0,0.0
2025-01-26,2024-25,EPL,Aston Villa,West Ham,8,2,0,2,0.0,22,8,2,0,2,0.0,22,0.0,0.5
2025-01-26,2024-25,LaLiga,Vallecano,Girona,7,2,0,1,-0.05,20,8,2,0,1,0.05,20,-1.0,1.0
2025-01-26,2024-25,SerieA,Udinese,Roma,6,2,1,1,-0.15,21,9,2,0,1,0.15,21,-3.0,0.0
2025-01-26,2024-25,EPL,Fulham,Man United,8,2,0,2,0.05,22,7,2,0,2,-0.05,22,1.0,0.0
2025-01-26,2024-25,SerieA,Lazio,Fiorentina,7,2,0,1,0.0,21,7,2,0,2,0.0,20,0.0,0.0
2025-01-26,2024-25,LaLiga,Ath Bilbao,Leganes,7,1,0,1,-0.05,20,8,2,0,1,0.05,20,-1.0,0.5
2025-01-26,2024-25,LaLiga,Barcelona,Valencia,8,1,0,1,0.05,20,7,2,0,1,-0.05,20,1.0,1.0
2025-01-26,2024-25,SerieA,Lecce,Inter,7,2,0,1,0.0,21,7,3,0,2,-0.2,20,0.0,0.0
2025-01-27,2024-25,SerieA,Genoa,Monza,10,2,0,1,0.05,21,9,2,0,1,-0.05,21,1.0,1.0
2025-01-27,2024-25,SerieA,Venezia,Verona,8,2,0,1,0.0,21,8,2,0,1,0.0,21,0.0,0.5
2025-01-27,2024-25,LaLiga,Alaves,Celta,9,2,0,1,0.05,20,8,2,0,1,-0.05,20,1.0,0.5
2025-01-31,2024-25,LaLiga,Leganes,Vallecano,5,3,1,2,-0.2,21,5,2,1,2,0.0,21,0.0,0.0
2025-01-31,2024-25,Bundesliga,Werder Bremen,Mainz,6,4,1,2,-0.4,19,6,4,1,2,-0.4,19,0.0,1.0
2025-01-31,2024-25,Ligue1,Montpellier,Lens,5,3,1,1,-0.2,19,5,3,1,2,-0.2,19,0.0,0.0
2025-01-31,2024-25,SerieA,Parma,Lecce,5,3,1,2,-0.2,22,5,3,1,2,-0.2,22,0.0,0.0
2025-02-01,2024-25,LaLiga,Villarreal,Valladolid,7,3,0,2,-0.2,21,7,2,0,1,0.0,21,0.0,1.0
2025-02-01,2024-25,LaLiga,Ath Madrid,Mallorca,7,3,0,1,-0.2,21,7,2,0,2,0.0,21,0.0,1.0
2025-02-01,2024-25,Ligue1,Brest,Paris SG,6,2,1,1,-0.05,19,7,3,0,1,-0.15,19,-1.0,0.0
2025-02-01,2024-25,LaLiga,Espanol,Real Madrid,7,2,0,1,0.0,21,7,2,0,2,0.0,21,0.0,1.0
2025-02-01,2024-25,LaLiga,Getafe,Sevilla,6,3,1,1,-0.25,21,7,2,0,1,0.05,21,-1.0,0.5
2025-02-01,2024-25,SerieA,Udinese,Venezia,6,2,1,2,0.05,22,5,3,1,2,-0.25,22,1.0,1.0
2025-02-01,2024-25,SerieA,Monza,Verona,5,3,1,1,-0.2,22,5,3,1,2,-0.2,22,0.0,0.0
2025-02-01,2024-25,Ligue1,Lille,St Etienne,7,2,0,1,-0.05,19,8,3,0,2,-0.15,19,-1.0,1.0
2025-02-01,2024-25,SerieA,Atalanta,Torino,7,3,0,1,-0.25,22,8,2,0,2,0.05,22,-1.0,0.5
2025-02-01,2024-25,EPL,Wolves,Aston Villa,7,3,0,2,-0.15,23,6,3,1,1,-0.25,23,1.0,1.0
2025-02-01,2024-25,EPL,Newcastle,Fulham,7,3,0,1,-0.15,23,6,3,1,1,-0.25,23,1.0,0.0
2025-02-01,2024-25,EPL,Ipswich,Southampton,7,3,0,2,-0.2,23,7,3,0,2,-0.2,23,0.0,0.0
2025-02-01,2024-25,EPL,Everton,Leicester,7,3,0,2,-0.15,22,6,3,1,1,-0.25,23,1.0,1.0
2025-02-01,2024-25,EPL,Nott'm Forest,Brighton,7,3,0,2,-0.2,23,7,3,0,2,-0.2,23,0.0,1.0
2025-02-01,2024-25,Bundesliga,Union Berlin,RB Leipzig,6,3,1,2,-0.25,19,7,4,0,1,-0.35,19,-1.0,0.5
2025-02-01,2024-25,Bundesliga,Stuttgart,M'gladbach,7,4,0,1,-0.4,19,7,3,0,1,-0.2,19,0.0,0.0
2025-02-01,2024-25,EPL,Bournemouth,Liverpool,7,3,0,1,-0.2,23,7,3,0,1,-0.2,22,0.0,0.0
2025-02-01,2024-25,Bundesliga,Heidenheim,Dortmund,7,3,0,1,-0.2,19,7,3,0,1,-0.2,19,0.0,0.0
2025-02-01,2024-25,Bundesliga,Bochum,Freiburg,7,3,0,1,-0.2,19,7,3,0,1,-0.2,19,0.0,0.0
2025-02-01,2024-25,Bundesliga,Bayern Munich,Holstein Kiel,7,3,0,1,-0.25,19,8,3,0,1,-0.15,19,-1.0,1.0
2025-02-01,2024-25,Ligue1,Monaco,Auxerre,7,2,0,1,-0.05,19,8,2,0,2,0.05,19,-1.0,1.0
2025-02-01,2024-25,SerieA,Bologna,Como,7,4,0,1,-0.4,21,7,3,0,2,-0.2,22,0.0,1.0
2025-02-01,2024-25,Bundesliga,St Pauli,Augsburg,6,3,1,1,-0.25,19,7,4,0,2,-0.35,19,-1.0,0.5
2025-02-02,2024-25,LaLiga,Betis,Ath Bilbao,8,2,0,1,0.05,21,7,2,0,1,-0.05,21,1.0,0.5
2025-02-02,2024-25,SerieA,Milan,Inter,7,3,0,1,-0.2,21,7,3,0,1,-0.2,21,0.0,0.5
2025-02-02,2024-25,SerieA,Roma,Napoli,7,2,0,1,-0.05,22,8,2,0,1,0.05,22,-1.0,0.5
2025-02-02,2024-25,EPL,Brentford,Tottenham,7,3,0,1,-0.2,23,7,3,0,1,-0.2,23,0.0,0.0
2025-02-02,2024-25,EPL,Man United,Crystal Palace,7,3,0,1,-0.2,23,7,3,0,1,-0.2,23,0.0,0.0
2025-02-02,2024-25,EPL,Arsenal,Man City,8,3,0,1,-0.2,23,8,3,0,1,-0.2,23,0.0,1.0
2025-02-02,2024-25,Ligue1,Toulouse,Nice,7,2,0,1,0.0,19,7,2,0,1,0.0,19,0.0,0.5
2025-02-02,2024-25,Ligue1,Angers,Le Havre,7,2,0,1,0.0,19,7,2,0,1,0.0,19,0.0,0.5
2025-02-02,2024-25,LaLiga,Osasuna,Sociedad,9,2,0,1,0.1,21,7,3,0,1,-0.3,21,2.0,1.0
2025-02-02,2024-25,Ligue1,Reims,Nantes,8,2,0,1,0.05,19,7,2,0,1,-0.05,19,1.0,0.0
2025-02-02,2024-25,LaLiga,Barcelona,Alaves,7,2,0,1,0.05,21,6,2,1,1,-0.05,21,1.0,1.0
2025-02-02,2024-25,SerieA,Juventus,Empoli,8,3,0,1,-0.2,22,8,2,0,1,0.0,22,0.0,1.0
2025-02-02,2024-25,SerieA,Fiorentina,Genoa,7,3,0,1,-0.15,21,6,2,1,1,-0.05,22,1.0,1.0
2025-02-02,2024-25,Bundesliga,Ein Frankfurt,Wolfsburg,7,3,0,1,-0.3,19,9,3,0,1,-0.1,19,-2.0,0.5
2025-02-02,2024-25,LaLiga,Valencia,Celta,7,2,0,1,0.05,21,6,2,1,1,-0.05,21,1.0,1.0
2025-02-02,2024-25,Ligue1,Rennes,Strasbourg,8,2,0,1,0.0,19,8,2,0,1,0.0,19,0.0,1.0
2025-02-02,2024-25,Ligue1,Marseille,Lyon,7,2,0,1,0.0,19,7,2,0,1,0.0,19,0.0,1.0
2025-02-02,2024-25,Bundesliga,Leverkusen,Hoffenheim,8,3,0,1,-0.15,19,7,3,0,1,-0.25,19,1.0,1.0
2025-02-03,2024-25,SerieA,Cagliari,Lazio,10,2,0,1,0.1,22,8,2,0,1,-0.1,22,2.0,0.0
2025-02-03,2024-25,LaLiga,Girona,Las Palmas,8,2,0,1,-0.1,21,10,2,0,1,0.1,21,-2.0,1.0
2025-02-03,2024-25,EPL,Chelsea,West Ham,9,3,0,1,-0.15,23,8,3,0,1,-0.25,23,1.0,1.0
2025-02-06,2024-25,SerieA,Fiorentina,Inter,4,3,1,2,-0.2,22,4,3,1,2,-0.2,22,0.0,1.0
2025-02-07,2024-25,Ligue1,Paris SG,Monaco,6,3,1,2,-0.2,20,6,2,1,2,0.0,20,0.0,1.0
2025-02-07,2024-25,Bundesliga,Bayern Munich,Werder Bremen,6,3,1,2,-0.25,20,7,3,0,2,-0.15,20,-1.0,1.0
2025-02-07,2024-25,Ligue1,Nantes,Brest,5,3,1,2,-0.25,20,6,3,1,2,-0.15,20,-1.0,0.0
2025-02-07,2024-25,SerieA,Como,Juventus,6,3,1,2,-0.15,23,5,3,1,2,-0.25,23,1.0,0.0
2025-02-07,2024-25,LaLiga,Vallecano,Valladolid,7,3,0,2,-0.15,22,6,2,1,2,-0.05,22,1.0,1.0
2025-02-08,2024-25,SerieA,Torino,Genoa,7,3,0,1,-0.15,23,6,2,1,2,-0.05,23,1.0,0.5
2025-02-08,2024-25,Bundesliga,Wolfsburg,Leverkusen,6,2,1,1,0.0,20,6,2,1,1,0.0,20,0.0,0.5
2025-02-08,2024-25,LaLiga,Real Madrid,Ath Madrid,7,3,0,1,-0.2,22,7,2,0,1,0.0,22,0.0,0.5
2025-02-08,2024-25,Bundesliga,Mainz,Augsburg,8,3,0,1,-0.15,20,7,3,0,1,-0.25,20,1.0,0.5
2025-02-08,2024-25,Bundesliga,Hoffenheim,Union Berlin,6,2,1,2,-0.05,20,7,3,0,2,-0.15,20,-1.0,0.0
2025-02-08,2024-25,SerieA,Empoli,Milan,6,3,1,1,-0.2,23,6,2,1,2,0.0,22,0.0,0.0
2025-02-08,2024-25,Bundesliga,M'gladbach,Ein Frankfurt,7,2,0,1,0.05,20,6,2,1,2,-0.05,20,1.0,0.5
2025-02-08,2024-25,LaLiga,Celta,Betis,6,3,1,2,-0.2,22,6,2,1,1,0.0,22,0.0,1.0
2025-02-08,2024-25,SerieA,Verona,Atalanta,7,3,0,2,-0.2,23,7,2,0,1,0.0,23,0.0,0.0
2025-02-08,2024-25,Bundesliga,Freiburg,Heidenheim,7,2,0,1,0.0,20,7,2,0,1,0.0,20,0.0,1.0
2025-02-08,2024-25,LaLiga,Ath Bilbao,Girona,6,3,1,2,-0.15,22,5,2,1,2,-0.05,22,1.0,1.0
2025-02-08,2024-25,LaLiga,Las Palmas,Villarreal,5,3,1,1,-0.3,22,7,3,0,1,-0.1,22,-2.0,0.0
2025-02-08,2024-25,Ligue1,Nice,Lens,6,2,1,2,-0.1,20,8,2,0,2,0.1,20,-2.0,1.0
2025-02-08,2024-25,Ligue1,Lille,Le Havre,7,2,0,1,0.05,20,6,3,1,2,-0.25,20,1.0,0.0
2025-02-08,2024-25,Ligue1,St Etienne,Rennes,7,3,0,1,-0.15,20,6,2,1,1,-0.05,20,1.0,0.0
2025-02-08,2024-25,Bundesliga,Dortmund,Stuttgart,7,2,0,1,0.0,20,7,2,0,1,0.0,20,0.0,0.0
2025-02-09,2024-25,SerieA,Lazio,Monza,6,2,1,1,-0.1,23,8,2,0,2,0.1,23,-2.0,1.0
2025-02-09,2024-25,SerieA,Cagliari,Parma,6,2,1,1,-0.15,23,9,2,0,1,0.15,23,-3.0,1.0
2025-02-09,2024-25,SerieA,Venezia,Roma,8,2,0,2,0.05,23,7,2,0,1,-0.05,23,1.0,0.0
2025-02-09,2024-25,SerieA,Lecce,Bologna,9,2,0,1,0.05,23,8,2,0,1,-0.05,22,1.0,0.5
2025-02-09,2024-25,SerieA,Napoli,Udinese,7,2,0,1,-0.05,23,8,3,0,1,-0.15,23,-1.0,0.5
2025-02-09,2024-25,LaLiga,Alaves,Getafe,7,2,0,2,-0.05,22,8,2,0,1,0.05,22,-1.0,0.0
2025-02-09,2024-25,Ligue1,Strasbourg,Montpellier,7,2,0,1,-0.1,20,9,2,0,1,0.1,20,-2.0,1.0
2025-02-09,2024-25,Ligue1,Angers,Marseille,7,2,0,1,0.0,20,7,2,0,1,0.0,20,0.0,0.0
2025-02-09,2024-25,Bundesliga,RB Leipzig,St Pauli,8,2,0,1,0.0,20,8,2,0,1,0.0,20,0.0,1.0
2025-02-09,2024-25,Bundesliga,Holstein Kiel,Bochum,8,2,0,1,0.0,20,8,2,0,1,0.0,20,0.0,0.5
2025-02-09,2024-25,Ligue1,Auxerre,Toulouse,8,2,0,1,0.05,20,7,2,0,1,-0.05,20,1.0,0.5
2025-02-09,2024-25,LaLiga,Sevilla,Barcelona,8,2,0,1,0.05,22,7,2,0,1,-0.05,22,1.0,0.0
2025-02-09,2024-25,LaLiga,Valencia,Leganes,7,2,0,1,-0.1,22,9,2,0,1,0.1,22,-2.0,1.0
2025-02-09,2024-25,Ligue1,Lyon,Reims,7,2,0,1,0.0,20,7,2,0,1,0.0,20,0.0,1.0
2025-02-09,2024-25,LaLiga,Sociedad,Espanol,7,2,0,1,-0.05,22,8,2,0,1,0.05,22,-1.0,1.0
2025-02-10,2024-25,SerieA,Inter,Fiorentina,4,3,1,2,-0.2,23,4,3,1,2,-0.2,23,0.0,1.0
2025-02-10,2024-25,LaLiga,Mallorca,Osasuna,9,2,0,1,0.05,22,8,2,0,1,-0.05,22,1.0,0.5
2025-02-12,2024-25,EPL,Everton,Liverpool,11,2,0,1,0.0,23,11,2,0,1,0.0,23,0.0,0.5
2025-02-14,2024-25,SerieA,Bologna,Torino,5,3,1,2,-0.25,23,6,2,1,2,0.05,24,-1.0,1.0
2025-02-14,2024-25,Ligue1,Brest,Auxerre,7,3,0,2,-0.1,21,5,2,1,2,-0.1,21,2.0,0.5
2025-02-14,2024-25,Bundesliga,Augsburg,RB Leipzig,6,3,1,2,-0.15,21,5,3,1,2,-0.25,21,1.0,0.5
2025-02-14,2024-25,EPL,Brighton,Chelsea,13,2,0,1,0.1,24,11,2,0,1,-0.1,24,2.0,1.0
2025-02-14,2024-25,LaLiga,Girona,Getafe,6,3,1,2,-0.15,23,5,3,1,2,-0.25,23,1.0,0.0
2025-02-15,2024-25,Ligue1,Marseille,St Etienne,6,3,1,2,-0.25,21,7,2,0,1,0.05,21,-1.0,1.0
2025-02-15,2024-25,Ligue1,Monaco,Nantes,8,2,0,1,0.0,21,8,3,0,2,-0.2,21,0.0,1.0
2025-02-15,2024-25,EPL,Leicester,Arsenal,14,2,0,0,0.05,24,13,1,0,1,-0.05,24,1.0,0.0
2025-02-15,2024-25,EPL,Fulham,Nott'm Forest,14,2,0,0,0.0,24,14,1,0,0,0.0,24,0.0,1.0
2025-02-15,2024-25,EPL,Man City,Newcastle,13,1,0,1,-0.05,24,14,1,0,0,0.05,24,-1.0,1.0
2025-02-15,2024-25,EPL,Southampton,Bournemouth,14,1,0,0,0.0,24,14,1,0,0,0.0,24,0.0,0.0
2025-02-15,2024-25,EPL,West Ham,Brentford,12,2,0,1,-0.05,24,13,2,0,1,0.05,24,-1.0,0.0
2025-02-15,2024-25,EPL,Crystal Palace,Everton,13,2,0,1,0.5,24,3,2,1,1,-0.9,24,10.0,0.0
2025-02-15,2024-25,EPL,Aston Villa,Ipswich,14,2,0,0,0.0,24,14,1,0,0,0.0,24,0.0,0.5
2025-02-15,2024-25,Ligue1,Toulouse,Paris SG,6,3,1,2,-0.3,21,8,2,0,1,0.1,21,-2.0,0.0
2025-02-15,2024-25,LaLiga,Villarreal,Valencia,7,2,0,1,0.05,23,6,3,1,2,-0.25,23,1.0,0.5
2025-02-15,2024-25,SerieA,Atalanta,Cagliari,7,2,0,1,0.05,24,6,2,1,2,-0.05,24,1.0,0.5
2025-02-15,2024-25,Bundesliga,Leverkusen,Bayern Munich,7,2,0,2,-0.05,21,8,2,0,1,0.05,21,-1.0,0.5
2025-02-15,2024-25,Bundesliga,Union Berlin,M'gladbach,7,3,0,1,-0.2,21,7,2,0,1,0.0,21,0.0,0.0
2025-02-15,2024-25,Bundesliga,Stuttgart,Wolfsburg,7,2,0,1,0.0,21,7,2,0,2,0.0,21,0.0,0.0
2025-02-15,2024-25,Bundesliga,St Pauli,Freiburg,6,3,1,1,-0.25,21,7,2,0,1,0.05,21,-1.0,0.0
2025-02-15,2024-25,Bundesliga,Bochum,Dortmund,6,2,1,1,-0.05,21,7,2,0,1,0.05,21,-1.0,1.0
2025-02-15,2024-25,SerieA,Lazio,Napoli,6,3,1,2,-0.2,24,6,2,1,2,0.0,24,0.0,0.5
2025-02-15,2024-25,LaLiga,Leganes,Alaves,6,3,1,1,-0.2,23,6,3,1,2,-0.2,23,0.0,0.5
2025-02-15,2024-25,LaLiga,Osasuna,Real Madrid,5,2,1,2,-0.1,23,7,2,0,1,0.1,23,-2.0,0.5
2025-02-15,2024-25,LaLiga,Ath Madrid,Celta,7,2,0,1,0.0,23,7,3,0,2,-0.2,23,0.0,0.5
2025-02-15,2024-25,SerieA,Milan,Verona,7,3,0,2,-0.2,23,7,3,0,1,-0.2,24,0.0,1.0
2025-02-16,2024-25,LaLiga,Espanol,Ath Bilbao,7,2,0,1,-0.05,23,8,2,0,1,0.05,23,-1.0,0.5
2025-02-16,2024-25,LaLiga,Valladolid,Sevilla,9,2,0,1,0.1,23,7,2,0,1,-0.1,23,2.0,0.0
2025-02-16,2024-25,LaLiga,Mallorca,Las Palmas,6,2,1,1,-0.1,23,8,2,0,2,0.1,23,-2.0,1.0
2025-02-16,2024-25,LaLiga,Betis,Sociedad,8,2,0,1,0.05,23,7,2,0,1,-0.05,23,1.0,1.0
2025-02-16,2024-25,EPL,Tottenham,Man United,14,1,0,0,0.0,24,14,1,0,0,0.0,24,0.0,1.0
2025-02-16,2024-25,SerieA,Parma,Roma,7,2,0,1,0.0,24,7,2,0,1,0.0,24,0.0,0.0
2025-02-16,2024-25,SerieA,Udinese,Empoli,7,2,0,1,-0.05,24,8,2,0,1,0.05,24,-1.0,1.0
2025-02-16,2024-25,SerieA,Monza,Lecce,7,3,0,1,-0.2,24,7,2,0,1,0.0,24,0.0,0.5
2025-02-16,2024-25,SerieA,Juventus,Inter,9,2,0,1,0.15,24,6,3,1,2,-0.35,24,3.0,1.0
2025-02-16,2024-25,EPL,Liverpool,Wolves,4,2,1,1,-0.5,24,15,1,0,0,0.5,24,-10.0,1.0
2025-02-16,2024-25,Bundesliga,Heidenheim,Mainz,8,2,0,1,0.0,21,8,2,0,1,0.0,21,0.0,0.0
2025-02-16,2024-25,Bundesliga,Ein Frankfurt,Holstein Kiel,8,2,0,1,0.05,21,7,2,0,1,-0.05,21,1.0,1.0
2025-02-16,2024-25,Bundesliga,Werder Bremen,Hoffenheim,9,2,0,1,0.05,21,8,2,0,1,-0.05,21,1.0,0.0
2025-02-16,2024-25,Ligue1,Montpellier,Lyon,7,2,0,1,0.0,21,7,2,0,1,0.0,21,0.0,0.0
2025-02-16,2024-25,Ligue1,Le Havre,Nice,8,2,0,1,0.0,21,8,2,0,1,0.0,21,0.0,0.0
2025-02-16,2024-25,Ligue1,Lens,Strasbourg,8,2,0,1,0.05,21,7,2,0,1,-0.05,21,1.0,0.0
2025-02-16,2024-25,Ligue1,Reims,Angers,7,2,0,1,0.0,21,7,2,0,1,0.0,21,0.0,0.0
2025-02-16,2024-25,Ligue1,Rennes,Lille,8,2,0,1,0.0,21,8,2,0,1,0.0,21,0.0,0.0
2025-02-16,2024-25,SerieA,Fiorentina,Como,6,3,1,2,-0.35,24,9,2,0,1,0.15,24,-3.0,0.0
2025-02-17,2024-25,SerieA,Genoa,Venezia,9,2,0,1,0.05,24,8,2,0,1,-0.05,24,1.0,1.0
2025-02-17,2024-25,LaLiga,Barcelona,Vallecano,8,2,0,1,-0.1,23,10,2,0,1,0.1,23,-2.0,1.0
2025-02-19,2024-25,EPL,Aston Villa,Liverpool,4,2,1,1,0.05,25,3,3,1,2,-0.65,25,1.0,0.5
2025-02-21,2024-25,EPL,Leicester,Brentford,6,2,1,1,0.0,25,6,2,1,1,0.0,25,0.0,0.0
2025-02-21,2024-25,LaLiga,Celta,Osasuna,6,3,1,2,-0.2,24,6,3,1,2,-0.2,24,0.0,1.0
2025-02-21,2024-25,Bundesliga,Freiburg,Werder Bremen,6,3,1,2,-0.15,22,5,2,1,1,-0.05,22,1.0,1.0
2025-02-21,2024-25,Ligue1,Rennes,Reims,5,3,1,2,-0.2,22,5,3,1,2,-0.2,22,0.0,1.0
2025-02-21,2024-25,SerieA,Lecce,Udinese,5,2,1,2,0.0,25,5,3,1,2,-0.2,25,0.0,0.0
2025-02-22,2024-25,Bundesliga,Holstein Kiel,Leverkusen,6,2,1,2,-0.05,22,7,3,0,1,-0.15,22,-1.0,0.0
2025-02-22,2024-25,Ligue1,St Etienne,Angers,7,2,0,1,0.05,22,6,3,1,2,-0.25,22,1.0,0.5
2025-02-22,2024-25,Ligue1,Auxerre,Marseille,8,2,0,2,0.05,22,7,3,0,2,-0.25,22,1.0,1.0
2025-02-22,2024-25,EPL,Everton,Man United,7,2,0,2,0.05,25,6,2,1,1,-0.05,25,1.0,0.5
2025-02-22,2024-25,EPL,Arsenal,West Ham,7,2,0,1,0.0,25,7,2,0,1,0.0,25,0.0,0.0
2025-02-22,2024-25,EPL,Bournemouth,Wolves,7,1,0,1,0.05,25,6,1,1,1,-0.05,25,1.0,0.0
2025-02-22,2024-25,EPL,Fulham,Crystal Palace,7,1,0,1,0.0,25,7,2,0,1,0.0,25,0.0,0.0
2025-02-22,2024-25,EPL,Ipswich,Tottenham,7,1,0,1,0.05,25,6,2,1,1,-0.05,25,1.0,0.0
2025-02-22,2024-25,Ligue1,Lille,Monaco,6,2,1,1,-0.05,22,7,2,0,1,0.05,22,-1.0,1.0
2025-02-22,2024-25,SerieA,Parma,Bologna,6,2,1,2,-0.1,25,8,2,0,2,0.1,24,-2.0,1.0
2025-02-22,2024-25,SerieA,Venezia,Lazio,5,2,1,2,-0.1,25,7,3,0,2,-0.1,25,-2.0,0.5
2025-02-22,2024-25,Bundesliga,Mainz,St Pauli,6,2,1,1,-0.05,22,7,2,0,2,0.05,22,-1.0,1.0
2025-02-22,2024-25,SerieA,Torino,Milan,8,2,0,1,0.05,25,7,3,0,1,-0.25,24,1.0,1.0
2025-02-22,2024-25,Bundesliga,Dortmund,Union Berlin,7,2,0,1,0.0,22,7,2,0,1,0.0,22,0.0,1.0
2025-02-22,2024-25,LaLiga,Alaves,Espanol,7,3,0,2,-0.15,24,6,2,1,2,-0.05,24,1.0,0.0
2025-02-22,2024-25,LaLiga,Vallecano,Villarreal,5,2,1,1,-0.1,24,7,2,0,1,0.1,24,-2.0,0.0
2025-02-22,2024-25,LaLiga,Valencia,Ath Madrid,7,3,0,2,-0.2,24,7,2,0,1,0.0,24,0.0,0.0
2025-02-22,2024-25,LaLiga,Las Palmas,Barcelona,6,3,1,1,-0.15,24,5,3,1,2,-0.25,24,1.0,0.0
2025-02-22,2024-25,EPL,Southampton,Brighton,7,1,0,1,-0.05,25,8,1,0,1,0.05,25,-1.0,0.0
2025-02-22,2024-25,EPL,Aston Villa,Chelsea,3,2,1,2,-0.65,26,8,2,0,1,0.25,25,-5.0,1.0
2025-02-22,2024-25,Bundesliga,Wolfsburg,Bochum,7,3,0,1,-0.2,22,7,2,0,2,0.0,22,0.0,0.5
2025-02-22,2024-25,Bundesliga,M'gladbach,Augsburg,7,2,0,1,-0.05,22,8,2,0,1,0.05,22,-1.0,0.0
2025-02-22,2024-25,SerieA,Inter,Genoa,6,4,1,2,-0.35,25,5,3,1,1,-0.25,25,1.0,1.0
2025-02-23,2024-25,Bundesliga,Bayern Munich,Ein Frankfurt,8,2,0,1,0.05,22,7,2,0,1,-0.05,22,1.0,1.0
2025-02-23,2024-25,Bundesliga,Hoffenheim,Stuttgart,7,2,0,1,-0.05,22,8,2,0,1,0.05,22,-1.0,0.5
2025-02-23,2024-25,EPL,Newcastle,Nott'm Forest,8,1,0,1,0.0,25,8,1,0,1,0.0,25,0.0,1.0
2025-02-23,2024-25,EPL,Man City,Liverpool,8,1,0,1,0.2,25,4,3,1,3,-0.4,26,4.0,0.0
2025-02-23,2024-25,Bundesliga,RB Leipzig,Heidenheim,9,2,0,1,0.1,22,7,2,0,1,-0.1,22,2.0,0.5
2025-02-23,2024-25,Ligue1,Strasbourg,Brest,7,2,0,1,-0.1,22,9,2,0,1,0.1,22,-2.0,0.5
2025-02-23,2024-25,LaLiga,Sociedad,Leganes,7,2,0,1,-0.05,24,8,2,0,1,0.05,24,-1.0,1.0
2025-02-23,2024-25,LaLiga,Getafe,Betis,9,2,0,1,0.1,24,7,2,0,1,-0.1,24,2.0,0.0
2025-02-23,2024-25,Ligue1,Nantes,Lens,8,2,0,1,0.05,22,7,2,0,1,-0.05,22,1.0,1.0
2025-02-23,2024-25,LaLiga,Real Madrid,Girona,8,2,0,1,-0.05,24,9,3,0,1,-0.15,24,-1.0,1.0
2025-02-23,2024-25,Ligue1,Le Havre,Toulouse,7,2,0,1,-0.05,22,8,2,0,1,0.05,22,-1.0,0.0
2025-02-23,2024-25,SerieA,Como,Napoli,7,2,0,1,-0.05,25,8,2,0,1,0.05,25,-1.0,1.0
2025-02-23,2024-25,SerieA,Verona,Fiorentina,8,2,0,1,0.05,25,7,3,0,2,-0.25,25,1.0,1.0
2025-02-23,2024-25,SerieA,Empoli,Atalanta,7,2,0,1,-0.05,25,8,2,0,1,0.05,25,-1.0,0.0
2025-02-23,2024-25,SerieA,Cagliari,Juventus,8,3,0,1,-0.15,25,7,2,0,1,-0.05,25,1.0,0.0
2025-02-23,2024-25,LaLiga,Ath Bilbao,Valladolid,7,2,0,1,0.0,24,7,2,0,1,0.0,24,0.0,1.0
2025-02-23,2024-25,Ligue1,Nice,Montpellier,7,2,0,1,0.0,22,7,2,0,1,0.0,22,0.0,1.0
2025-02-23,2024-25,Ligue1,Lyon,Paris SG,7,2,0,1,-0.05,22,8,2,0,1,0.05,22,-1.0,0.0
2025-02-24,2024-25,LaLiga,Sevilla,Mallorca,8,2,0,1,0.0,24,8,2,0,1,0.0,24,0.0,0.5
2025-02-24,2024-25,SerieA,Roma,Monza,8,2,0,1,0.0,25,8,2,0,1,0.0,25,0.0,1.0
2025-02-25,2024-25,EPL,Wolves,Fulham,3,2,1,2,-0.4,26,3,2,1,2,-0.4,26,0.0,0.0
2025-02-25,2024-25,EPL,Chelsea,Southampton,3,2,1,2,-0.4,26,3,2,1,2,-0.4,26,0.0,1.0
2025-02-25,2024-25,EPL,Brighton,Bournemouth,3,2,1,2,-0.4,26,3,2,1,2,-0.4,26,0.0,1.0
2025-02-25,2024-25,EPL,Crystal Palace,Aston Villa,3,2,1,2,-0.4,26,3,3,2,3,-0.6,27,0.0,1.0
2025-02-26,2024-25,EPL,Liverpool,Newcastle,3,4,1,3,-0.8,27,3,2,1,2,-0.4,26,0.0,1.0
2025-02-26,2024-25,EPL,Brentford,Everton,5,2,1,2,0.05,26,4,3,1,2,-0.25,26,1.0,0.5
2025-02-26,2024-25,EPL,Man United,Ipswich,4,2,1,2,0.0,26,4,2,1,2,0.0,26,0.0,1.0
2025-02-26,2024-25,EPL,Nott'm Forest,Arsenal,3,2,1,2,-0.45,26,4,2,1,2,0.05,26,-1.0,0.5
2025-02-26,2024-25,EPL,Tottenham,Man City,4,2,1,2,0.05,26,3,2,1,2,-0.45,26,1.0,0.0
2025-02-27,2024-25,SerieA,Bologna,Milan,5,3,1,2,-0.2,25,5,3,1,2,-0.2,25,0.0,1.0
2025-02-27,2024-25,EPL,West Ham,Leicester,5,2,1,2,-0.05,26,6,2,1,2,0.05,26,-1.0,1.0
2025-02-28,2024-25,Bundesliga,Stuttgart,Bayern Munich,5,3,1,2,-0.2,23,5,2,1,2,0.0,23,0.0,0.0
2025-02-28,2024-25,Ligue1,Monaco,Reims,6,2,1,2,-0.05,23,7,3,0,2,-0.15,23,-1.0,1.0
2025-02-28,2024-25,LaLiga,Valladolid,Las Palmas,5,2,1,2,-0.05,25,6,3,1,2,-0.15,25,-1.0,0.5
2025-02-28,2024-25,SerieA,Fiorentina,Lecce,5,3,1,2,-0.3,26,7,3,0,2,-0.1,26,-2.0,1.0
2025-03-01,2024-25,LaLiga,Girona,Celta,6,2,1,1,-0.1,25,8,2,0,1,0.1,25,-2.0,0.5
2025-03-01,2024-25,SerieA,Atalanta,Venezia,6,2,1,1,-0.05,26,7,3,0,2,-0.15,26,-1.0,0.5
2025-03-01,2024-25,SerieA,Napoli,Inter,6,3,1,1,-0.25,26,7,3,0,2,-0.15,26,-1.0,0.5
2025-03-01,2024-25,SerieA,Udinese,Parma,8,3,0,2,-0.15,26,7,3,0,2,-0.25,26,1.0,1.0
2025-03-01,2024-25,Bundesliga,Ein Frankfurt,Leverkusen,6,2,1,2,-0.05,23,7,2,0,1,0.05,23,-1.0,0.0
2025-03-01,2024-25,Bundesliga,Werder Bremen,Wolfsburg,8,2,0,2,0.05,23,7,2,0,1,-0.05,23,1.0,0.0
2025-03-01,2024-25,Bundesliga,St Pauli,Dortmund,7,3,0,1,-0.2,23,7,2,0,1,0.0,23,0.0,0.0
2025-03-01,2024-25,Bundesliga,RB Leipzig,Mainz,6,3,1,1,-0.25,23,7,2,0,2,0.05,23,-1.0,0.0
2025-03-01,2024-25,Ligue1,Paris SG,Lille,6,2,1,1,-0.05,23,7,2,0,2,0.05,23,-1.0,1.0
2025-03-01,2024-25,Bundesliga,Heidenheim,M'gladbach,6,2,1,2,-0.05,23,7,2,0,1,0.05,23,-1.0,0.0
2025-03-01,2024-25,Ligue1,Lens,Le Havre,6,2,1,2,0.0,23,6,2,1,2,0.0,23,0.0,0.0
2025-03-01,2024-25,LaLiga,Ath Madrid,Ath Bilbao,7,2,0,1,0.05,25,6,2,1,2,-0.05,25,1.0,1.0
2025-03-01,2024-25,LaLiga,Betis,Real Madrid,6,2,1,2,0.0,25,6,2,1,1,0.0,25,0.0,1.0
2025-03-01,2024-25,LaLiga,Vallecano,Sevilla,7,2,0,2,0.1,25,5,3,1,2,-0.3,25,2.0,0.5
2025-03-01,2024-25,Bundesliga,Bochum,Hoffenheim,7,3,0,1,-0.15,23,6,2,1,2,-0.05,23,1.0,0.0
2025-03-01,2024-25,Ligue1,St Etienne,Nice,7,2,0,1,0.05,23,6,2,1,2,-0.05,23,1.0,0.0
2025-03-02,2024-25,SerieA,Bologna,Cagliari,3,3,1,2,-0.8,26,7,2,0,1,0.2,26,-4.0,1.0
2025-03-02,2024-25,SerieA,Genoa,Empoli,8,2,0,2,0.05,26,7,2,0,1,-0.05,26,1.0,0.5
2025-03-02,2024-25,SerieA,Roma,Como,6,2,1,1,-0.05,26,7,2,0,1,0.05,26,-1.0,1.0
2025-03-02,2024-25,SerieA,Milan,Lazio,3,3,1,2,-0.85,26,8,2,0,1,0.25,26,-5.0,0.0
2025-03-02,2024-25,SerieA,Monza,Torino,6,2,1,1,-0.1,26,8,2,0,1,0.1,26,-2.0,0.0
2025-03-02,2024-25,Bundesliga,Augsburg,Freiburg,8,2,0,1,-0.05,23,9,2,0,1,0.05,23,-1.0,0.5
2025-03-02,2024-25,Ligue1,Montpellier,Rennes,7,2,0,1,-0.1,23,9,2,0,1,0.1,23,-2.0,0.0
2025-03-02,2024-25,LaLiga,Osasuna,Valencia,9,3,0,1,-0.15,25,8,2,0,1,-0.05,25,1.0,0.5
2025-03-02,2024-25,LaLiga,Mallorca,Alaves,6,3,1,1,-0.3,25,8,2,0,1,0.1,25,-2.0,0.5
2025-03-02,2024-25,LaLiga,Barcelona,Sociedad,8,2,0,2,0.05,25,7,2,0,1,-0.05,25,1.0,1.0
2025-03-02,2024-25,LaLiga,Leganes,Getafe,7,2,0,1,0.0,25,7,2,0,1,0.0,25,0.0,1.0
2025-03-02,2024-25,Ligue1,Lyon,Brest,7,2,0,1,0.0,23,7,2,0,1,0.0,23,0.0,1.0
2025-03-02,2024-25,Ligue1,Angers,Toulouse,8,2,0,1,0.05,23,7,2,0,1,-0.05,23,1.0,0.0
2025-03-02,2024-25,Ligue1,Auxerre,Strasbourg,8,2,0,1,0.05,23,7,2,0,1,-0.05,23,1.0,0.0
2025-03-02,2024-25,Ligue1,Marseille,Nantes,8,2,0,1,0.05,23,7,2,0,1,-0.05,23,1.0,1.0
2025-03-02,2024-25,Bundesliga,Union Berlin,Holstein Kiel,8,2,0,1,0.0,23,8,2,0,1,0.0,23,0.0,0.0
2025-03-03,2024-25,SerieA,Juventus,Verona,8,2,0,1,0.0,26,8,2,0,1,0.0,26,0.0,1.0
2025-03-07,2024-25,Bundesliga,M'gladbach,Mainz,6,3,1,2,-0.2,24,6,3,1,2,-0.2,24,0.0,0.0
2025-03-07,2024-25,SerieA,Cagliari,Genoa,5,3,1,2,-0.2,27,5,3,1,2,-0.2,27,0.0,0.5
2025-03-07,2024-25,Ligue1,Toulouse,Monaco,5,3,1,2,-0.3,24,7,3,0,2,-0.1,24,-2.0,0.5
2025-03-08,2024-25,Ligue1,Rennes,Paris SG,6,3,1,1,-0.25,24,7,2,0,2,0.05,24,-1.0,0.0
2025-03-08,2024-25,Ligue1,Lille,Montpellier,7,3,0,1,-0.15,24,6,3,1,2,-0.25,24,1.0,1.0
2025-03-08,2024-25,Ligue1,Marseille,Lens,6,2,1,1,-0.05,24,7,3,0,2,-0.15,24,-1.0,0.0
2025-03-08,2024-25,Bundesliga,Leverkusen,Werder Bremen,7,2,0,1,0.0,24,7,3,0,1,-0.2,24,0.0,0.0
2025-03-08,2024-25,SerieA,Como,Venezia,6,3,1,2,-0.25,27,7,3,0,1,-0.15,27,-1.0,0.5
2025-03-08,2024-25,SerieA,Inter,Monza,7,3,0,1,-0.15,27,6,3,1,2,-0.25,27,1.0,1.0
2025-03-08,2024-25,LaLiga,Celta,Leganes,7,2,0,1,0.05,26,6,2,1,2,-0.05,26,1.0,1.0
2025-03-08,2024-25,SerieA,Lecce,Milan,8,3,0,1,-0.1,27,6,3,1,2,-0.3,27,2.0,0.0
2025-03-08,2024-25,LaLiga,Valencia,Valladolid,6,2,1,1,-0.1,26,8,3,0,2,-0.1,26,-2.0,1.0
2025-03-08,2024-25,Bundesliga,Wolfsburg,St Pauli,7,2,0,1,0.0,24,7,2,0,1,0.0,24,0.0,0.5
2025-03-08,2024-25,LaLiga,Alaves,Villarreal,6,2,1,1,-0.4,26,14,1,0,0,0.4,25,-8.0,1.0
2025-03-08,2024-25,SerieA,Parma,Torino,7,3,0,1,-0.15,27,6,2,1,1,-0.05,27,1.0,0.5
2025-03-08,2024-25,EPL,Brentford,Aston Villa,10,2,0,1,-0.05,27,11,3,0,1,-0.15,28,-1.0,0.0
2025-03-08,2024-25,EPL,Liverpool,Southampton,10,4,0,2,-0.45,28,11,2,0,1,0.05,27,-1.0,1.0
2025-03-08,2024-25,EPL,Crystal Palace,Ipswich,11,2,0,1,0.05,27,10,2,0,1,-0.05,27,1.0,1.0
2025-03-08,2024-25,EPL,Brighton,Fulham,11,2,0,1,0.0,27,11,2,0,1,0.0,27,0.0,1.0
2025-03-08,2024-25,Bundesliga,Holstein Kiel,Stuttgart,6,3,1,1,-0.3,24,8,2,0,2,0.1,24,-2.0,0.5
2025-03-08,2024-25,Bundesliga,Dortmund,Augsburg,7,2,0,1,0.05,24,6,2,1,1,-0.05,24,1.0,0.0
2025-03-08,2024-25,EPL,Nott'm Forest,Man City,10,2,0,2,0.0,27,10,2,0,2,0.0,27,0.0,1.0
2025-03-08,2024-25,Bundesliga,Freiburg,RB Leipzig,6,2,1,1,-0.05,24,7,2,0,2,0.05,24,-1.0,0.5
2025-03-08,2024-25,Bundesliga,Bayern Munich,Bochum,8,2,0,2,0.05,24,7,2,0,1,-0.05,24,1.0,0.0
2025-03-08,2024-25,EPL,Wolves,Everton,11,3,0,1,-0.15,27,10,2,0,1,-0.05,27,1.0,0.5
2025-03-09,2024-25,SerieA,Juventus,Atalanta,6,2,1,1,-0.1,27,8,2,0,1,0.1,27,-2.0,0.0
2025-03-09,2024-25,Ligue1,Brest,Angers,7,2,0,1,0.0,24,7,2,0,1,0.0,24,0.0,1.0
2025-03-09,2024-25,SerieA,Empoli,Roma,7,2,0,1,0.0,27,7,2,0,2,0.0,27,0.0,0.0
2025-03-09,2024-25,SerieA,Napoli,Fiorentina,8,2,0,1,-0.05,27,9,2,0,1,0.05,27,-1.0,1.0
2025-03-09,2024-25,SerieA,Verona,Bologna,6,2,1,1,-0.05,27,7,3,0,2,-0.15,27,-1.0,0.0
2025-03-09,2024-25,Bundesliga,Ein Frankfurt,Union Berlin,8,2,0,1,0.05,24,7,2,0,1,-0.05,24,1.0,0.0
2025-03-09,2024-25,Bundesliga,Hoffenheim,Heidenheim,8,2,0,1,0.0,24,8,2,0,1,0.0,24,0.0,0.5
2025-03-09,2024-25,Ligue1,Nantes,Strasbourg,7,2,0,1,0.0,24,7,2,0,1,0.0,24,0.0,0.0
2025-03-09,2024-25,Ligue1,Le Havre,St Etienne,8,2,0,1,0.0,24,8,2,0,1,0.0,24,0.0,0.5
2025-03-09,2024-25,EPL,Tottenham,Bournemouth,11,2,0,1,-0.05,27,12,2,0,1,0.05,27,-1.0,0.5
2025-03-09,2024-25,Ligue1,Nice,Lyon,8,2,0,1,0.05,24,7,2,0,1,-0.05,24,1.0,0.0
2025-03-09,2024-25,EPL,Man United,Arsenal,11,2,0,1,0.0,27,11,2,0,1,0.0,27,0.0,0.5
2025-03-09,2024-25,LaLiga,Ath Bilbao,Mallorca,8,2,0,1,0.05,26,7,2,0,2,-0.05,26,1.0,0.5
2025-03-09,2024-25,LaLiga,Sociedad,Sevilla,7,2,0,1,-0.05,26,8,2,0,2,0.05,26,-1.0,0.0
2025-03-09,2024-25,LaLiga,Betis,Las Palmas,8,2,0,1,-0.05,26,9,2,0,1,0.05,26,-1.0,1.0
2025-03-09,2024-25,Ligue1,Reims,Auxerre,9,2,0,1,0.1,24,7,2,0,1,-0.1,24,2.0,0.0
2025-03-09,2024-25,LaLiga,Real Madrid,Vallecano,8,2,0,1,0.0,26,8,3,0,1,-0.2,26,0.0,1.0
2025-03-09,2024-25,LaLiga,Getafe,Ath Madrid,7,2,0,1,-0.05,26,8,2,0,1,0.05,26,-1.0,1.0
2025-03-09,2024-25,EPL,Chelsea,Leicester,12,2,0,1,0.1,27,10,2,0,1,-0.1,27,2.0,1.0
2025-03-10,2024-25,EPL,West Ham,Newcastle,11,2,0,1,-0.05,27,12,2,0,1,0.05,27,-1.0,0.0
2025-03-10,2024-25,SerieA,Lazio,Udinese,8,2,0,1,-0.05,27,9,2,0,1,0.05,27,-1.0,0.5
2025-03-10,2024-25,LaLiga,Espanol,Girona,16,1,0,0,0.35,25,9,2,0,1,-0.35,26,7.0,0.5
2025-03-14,2024-25,Ligue1,Nice,Auxerre,5,3,1,2,-0.2,25,5,3,1,2,-0.2,25,0.0,0.5
2025-03-14,2024-25,Bundesliga,St Pauli,Hoffenheim,6,3,1,2,-0.15,25,5,3,1,2,-0.25,25,1.0,1.0
2025-03-14,2024-25,SerieA,Genoa,Lecce,7,3,0,2,-0.15,28,6,2,1,1,-0.05,28,1.0,1.0
2025-03-14,2024-25,LaLiga,Las Palmas,Alaves,5,3,1,1,-0.25,27,6,3,1,2,-0.15,27,-1.0,0.5
2025-03-15,2024-25,LaLiga,Girona,Valencia,5,3,1,1,-0.3,27,7,2,0,2,0.1,27,-2.0,0.5
2025-03-15,2024-25,LaLiga,Villarreal,Real Madrid,7,1,0,1,0.05,26,6,3,1,1,-0.25,27,1.0,0.0
2025-03-15,2024-25,LaLiga,Mallorca,Espanol,6,3,1,2,-0.15,27,5,1,1,1,-0.05,26,1.0,1.0
2025-03-15,2024-25,LaLiga,Valladolid,Celta,7,3,0,1,-0.2,27,7,2,0,1,0.0,27,0.0,0.0
2025-03-15,2024-25,SerieA,Torino,Empoli,7,2,0,2,0.05,28,6,3,1,2,-0.25,28,1.0,1.0
2025-03-15,2024-25,SerieA,Udinese,Verona,5,2,1,1,-0.05,28,6,3,1,2,-0.15,28,-1.0,0.0
2025-03-15,2024-25,Bundesliga,Augsburg,Wolfsburg,7,2,0,2,0.0,25,7,2,0,1,0.0,25,0.0,1.0
2025-03-15,2024-25,Bundesliga,Mainz,Freiburg,8,2,0,1,0.05,25,7,2,0,2,-0.05,25,1.0,0.5
2025-03-15,2024-25,Bundesliga,Union Berlin,Bayern Munich,6,2,1,2,-0.05,25,7,3,0,1,-0.15,25,-1.0,0.5
2025-03-15,2024-25,Bundesliga,Werder Bremen,M'gladbach,7,2,0,1,-0.05,25,8,2,0,1,0.05,25,-1.0,0.0
2025-03-15,2024-25,EPL,Everton,West Ham,7,2,0,1,0.1,28,5,2,1,1,-0.1,28,2.0,0.5
2025-03-15,2024-25,EPL,Ipswich,Nott'm Forest,7,2,0,1,0.0,28,7,3,0,1,-0.2,28,0.0,0.0
2025-03-15,2024-25,EPL,Man City,Brighton,7,3,0,1,-0.2,28,7,2,0,1,0.0,28,0.0,0.5
2025-03-15,2024-25,SerieA,Monza,Parma,7,3,0,2,-0.2,28,7,2,0,1,0.0,28,0.0,0.5
2025-03-15,2024-25,EPL,Bournemouth,Brentford,6,2,1,1,-0.05,28,7,2,0,1,0.05,28,-1.0,0.0
2025-03-15,2024-25,Ligue1,Angers,Monaco,6,2,1,2,-0.1,25,8,2,0,1,0.1,25,-2.0,0.0
2025-03-15,2024-25,Ligue1,Nantes,Lille,6,3,1,2,-0.25,25,7,2,0,1,0.05,25,-1.0,1.0
2025-03-15,2024-25,EPL,Southampton,Wolves,7,2,0,1,0.0,28,7,2,0,1,0.0,28,0.0,0.0
2025-03-15,2024-25,Bundesliga,RB Leipzig,Dortmund,7,3,0,1,-0.2,25,7,2,0,1,0.0,25,0.0,1.0
2025-03-15,2024-25,SerieA,Milan,Como,7,3,0,2,-0.2,28,7,3,0,2,-0.2,28,0.0,1.0
2025-03-15,2024-25,Ligue1,Lens,Rennes,7,3,0,1,-0.2,25,7,2,0,2,0.0,25,0.0,1.0
2025-03-16,2024-25,LaLiga,Ath Madrid,Barcelona,7,2,0,1,-0.35,27,14,1,0,0,0.35,26,-7.0,0.0
2025-03-16,2024-25,LaLiga,Vallecano,Sociedad,7,2,0,1,0.0,27,7,2,0,1,0.0,27,0.0,0.5
2025-03-16,2024-25,LaLiga,Osasuna,Getafe,14,1,0,0,0.35,26,7,2,0,1,-0.35,27,7.0,0.0
2025-03-16,2024-25,LaLiga,Sevilla,Ath Bilbao,7,3,0,1,-0.2,27,7,2,0,1,0.0,27,0.0,0.0
2025-03-16,2024-25,LaLiga,Leganes,Betis,8,2,0,1,0.05,27,7,2,0,1,-0.05,27,1.0,0.0
2025-03-16,2024-25,SerieA,Venezia,Napoli,8,2,0,1,0.05,28,7,2,0,1,-0.05,28,1.0,0.5
2025-03-16,2024-25,SerieA,Bologna,Lazio,7,3,0,1,-0.15,28,6,2,1,1,-0.05,28,1.0,1.0
2025-03-16,2024-25,SerieA,Roma,Cagliari,7,3,0,1,-0.3,28,9,2,0,1,0.1,28,-2.0,1.0
2025-03-16,2024-25,Bundesliga,Bochum,Ein Frankfurt,8,2,0,1,0.05,25,7,2,0,1,-0.05,25,1.0,0.0
2025-03-16,2024-25,Ligue1,Lyon,Le Havre,7,2,0,1,0.0,25,7,2,0,1,0.0,25,0.0,1.0
2025-03-16,2024-25,SerieA,Fiorentina,Juventus,7,2,0,1,0.0,28,7,2,0,2,0.0,28,0.0,1.0
2025-03-16,2024-25,SerieA,Atalanta,Inter,7,2,0,1,-0.05,28,8,2,0,1,0.05,28,-1.0,0.0
2025-03-16,2024-25,Ligue1,Paris SG,Marseille,8,2,0,1,0.0,25,8,2,0,1,0.0,25,0.0,1.0
2025-03-16,2024-25,Ligue1,Strasbourg,Toulouse,7,2,0,1,-0.1,25,9,2,0,1,0.1,25,-2.0,1.0
2025-03-16,2024-25,Ligue1,Montpellier,St Etienne,8,2,0,1,0.05,25,7,2,0,1,-0.05,25,1.0,0.0
2025-03-16,2024-25,EPL,Arsenal,Chelsea,7,2,0,1,0.0,28,7,2,0,1,0.0,28,0.0,1.0
2025-03-16,2024-25,EPL,Fulham,Tottenham,8,2,0,1,0.05,28,7,2,0,1,-0.05,28,1.0,1.0
2025-03-16,2024-25,EPL,Leicester,Man United,7,2,0,1,0.0,28,7,2,0,1,0.0,28,0.0,0.0
2025-03-16,2024-25,Ligue1,Brest,Reims,7,2,0,1,0.0,25,7,2,0,1,0.0,25,0.0,0.5
2025-03-16,2024-25,Bundesliga,Stuttgart,Leverkusen,8,2,0,1,0.0,25,8,2,0,1,0.0,25,0.0,0.0
2025-03-16,2024-25,Bundesliga,Heidenheim,Holstein Kiel,7,2,0,1,-0.05,25,8,2,0,1,0.05,25,-1.0,1.0
2025-03-27,2024-25,LaLiga,Barcelona,Osasuna,11,1,0,1,0.0,27,11,1,0,1,0.0,27,0.0,1.0
2025-03-28,2024-25,Bundesliga,Leverkusen,Bochum,12,2,0,1,0.0,26,12,2,0,1,0.0,26,0.0,1.0
2025-03-28,2024-25,Ligue1,Strasbourg,Lyon,12,2,0,1,0.0,26,12,2,0,1,0.0,26,0.0,1.0
2025-03-29,2024-25,Ligue1,Monaco,Nice,14,1,0,0,-0.05,26,15,2,0,0,0.05,26,-1.0,1.0
2025-03-29,2024-25,Ligue1,St Etienne,Paris SG,13,2,0,1,0.0,26,13,1,0,1,0.0,26,0.0,0.0
2025-03-29,2024-25,Bundesliga,Hoffenheim,Augsburg,15,2,0,0,0.05,26,14,1,0,0,-0.05,26,1.0,0.5
2025-03-29,2024-25,LaLiga,Alaves,Vallecano,15,1,0,0,0.1,28,13,2,0,1,-0.1,28,2.0,0.0
2025-03-29,2024-25,LaLiga,Real Madrid,Leganes,14,2,0,0,0.05,28,13,1,0,1,-0.05,28,1.0,1.0
2025-03-29,2024-25,Ligue1,Reims,Marseille,13,2,0,1,0.0,26,13,1,0,1,0.0,26,0.0,1.0
2025-03-29,2024-25,Bundesliga,Bayern Munich,St Pauli,14,1,0,0,-0.05,26,15,1,0,0,0.05,26,-1.0,1.0
2025-03-29,2024-25,LaLiga,Espanol,Ath Madrid,14,2,0,0,0.05,27,13,2,0,1,-0.05,28,1.0,0.5
2025-03-29,2024-25,Bundesliga,Holstein Kiel,Werder Bremen,13,1,0,1,-0.05,26,14,1,0,0,0.05,26,-1.0,0.0
2025-03-29,2024-25,Bundesliga,M'gladbach,RB Leipzig,14,1,0,0,0.0,26,14,1,0,0,0.0,26,0.0,1.0
2025-03-29,2024-25,LaLiga,Sociedad,Valladolid,13,2,0,1,-0.05,28,14,1,0,0,0.05,28,-1.0,1.0
2025-03-29,2024-25,Bundesliga,Ein Frankfurt,Stuttgart,13,2,0,1,0.0,26,13,1,0,1,0.0,26,0.0,1.0
2025-03-29,2024-25,SerieA,Lecce,Roma,15,1,0,0,0.1,29,13,2,0,1,-0.1,29,2.0,0.0
2025-03-29,2024-25,SerieA,Juventus,Genoa,13,2,0,1,-0.1,29,15,1,0,0,0.1,29,-2.0,1.0
2025-03-29,2024-25,SerieA,Venezia,Bologna,13,1,0,1,0.0,29,13,2,0,1,0.0,29,0.0,0.0
2025-03-29,2024-25,SerieA,Como,Empoli,14,1,0,0,0.0,29,14,2,0,0,0.0,29,0.0,0.5
2025-03-29,2024-25,Bundesliga,Wolfsburg,Heidenheim,14,1,0,0,0.05,26,13,2,0,1,-0.05,26,1.0,0.0
2025-03-30,2024-25,Bundesliga,Freiburg,Union Berlin,15,1,0,0,0.0,26,15,1,0,0,0.0,26,0.0,0.0
2025-03-30,2024-25,Bundesliga,Dortmund,Mainz,15,1,0,0,0.0,26,15,1,0,0,0.0,26,0.0,1.0
2025-03-30,2024-25,LaLiga,Betis,Sevilla,14,1,0,0,0.0,28,14,1,0,0,0.0,28,0.0,1.0
2025-03-30,2024-25,LaLiga,Valencia,Mallorca,15,1,0,0,0.0,28,15,1,0,0,0.0,28,0.0,1.0
2025-03-30,2024-25,LaLiga,Ath Bilbao,Osasuna,14,1,0,0,0.5,28,3,2,1,1,-0.9,28,10.0,0.5
2025-03-30,2024-25,LaLiga,Barcelona,Girona,3,2,1,1,-0.9,28,15,2,0,0,0.5,28,-10.0,1.0
2025-03-30,2024-25,LaLiga,Getafe,Villarreal,14,1,0,0,-0.05,28,15,1,0,0,0.05,27,-1.0,0.0
2025-03-30,2024-25,Ligue1,Toulouse,Brest,14,1,0,0,0.0,26,14,1,0,0,0.0,26,0.0,0.0
2025-03-30,2024-25,Ligue1,Angers,Rennes,15,1,0,0,0.0,26,15,1,0,0,0.0,26,0.0,0.0
2025-03-30,2024-25,SerieA,Napoli,Milan,14,1,0,0,-0.05,29,15,1,0,0,0.05,29,-1.0,1.0
2025-03-30,2024-25,Ligue1,Lille,Lens,15,1,0,0,0.0,26,15,1,0,0,0.0,26,0.0,1.0
2025-03-30,2024-25,Ligue1,Le Havre,Nantes,14,1,0,0,-0.05,26,15,1,0,0,0.05,26,-1.0,1.0
2025-03-30,2024-25,SerieA,Cagliari,Monza,14,1,0,0,-0.05,29,15,1,0,0,0.05,29,-1.0,1.0
2025-03-30,2024-25,Ligue1,Auxerre,Montpellier,16,1,0,0,0.1,26,14,1,0,0,-0.1,26,2.0,1.0
2025-03-30,2024-25,SerieA,Fiorentina,Atalanta,14,1,0,0,0.0,29,14,1,0,0,0.0,29,0.0,1.0
2025-03-30,2024-25,SerieA,Inter,Udinese,14,1,0,0,-0.05,29,15,2,0,0,0.05,29,-1.0,1.0
2025-03-31,2024-25,LaLiga,Celta,Las Palmas,16,1,0,0,-0.05,28,17,1,0,0,0.05,28,-1.0,0.5
2025-03-31,2024-25,SerieA,Lazio,Torino,15,1,0,0,-0.05,29,16,1,0,0,0.05,29,-1.0,0.5
2025-03-31,2024-25,SerieA,Verona,Parma,16,1,0,0,0.0,29,16,1,0,0,0.0,29,0.0,0.5
2025-04-01,2024-25,EPL,Arsenal,Fulham,16,1,0,0,0.0,29,16,1,0,0,0.0,29,0.0,1.0
2025-04-01,2024-25,EPL,Nott'm Forest,Man United,17,1,0,0,0.05,29,16,1,0,0,-0.05,29,1.0,1.0
2025-04-01,2024-25,EPL,Wolves,West Ham,17,1,0,0,0.0,29,17,1,0,0,0.0,29,0.0,1.0
2025-04-02,2024-25,EPL,Bournemouth,Ipswich,18,1,0,0,0.0,29,18,1,0,0,0.0,29,0.0,0.0
2025-04-02,2024-25,EPL,Man City,Leicester,18,1,0,0,0.05,29,17,1,0,0,-0.05,29,1.0,1.0
2025-04-02,2024-25,EPL,Newcastle,Brentford,23,0,0,0,0.25,28,18,1,0,0,-0.25,29,5.0,1.0
2025-04-02,2024-25,EPL,Southampton,Crystal Palace,18,1,0,0,-0.35,29,25,0,0,0,0.35,28,-7.0,0.5
2025-04-02,2024-25,EPL,Liverpool,Everton,25,0,0,0,0.35,29,18,1,0,0,-0.35,29,7.0,1.0
2025-04-02,2024-25,EPL,Brighton,Aston Villa,18,1,0,0,-0.35,29,25,0,0,0,0.35,29,-7.0,0.0
2025-04-03,2024-25,EPL,Chelsea,Tottenham,18,1,0,0,0.0,29,18,1,0,0,0.0,29,0.0,1.0
2025-04-04,2024-25,Ligue1,Nice,Nantes,6,1,1,1,0.05,27,5,2,1,1,-0.05,27,1.0,0.0
2025-04-04,2024-25,SerieA,Genoa,Udinese,6,1,1,1,0.05,30,5,2,1,1,-0.05,30,1.0,1.0
2025-04-04,2024-25,Bundesliga,Augsburg,Bayern Munich,6,2,1,1,0.0,27,6,2,1,1,0.0,27,0.0,0.0
2025-04-04,2024-25,LaLiga,Vallecano,Espanol,6,2,1,1,0.0,29,6,2,1,1,0.0,28,0.0,0.0
2025-04-05,2024-25,LaLiga,Barcelona,Betis,6,3,1,2,-0.2,29,6,2,1,1,0.0,29,0.0,0.5
2025-04-05,2024-25,LaLiga,Mallorca,Celta,6,1,1,1,0.05,29,5,1,1,1,-0.05,29,1.0,0.0
2025-04-05,2024-25,Ligue1,Paris SG,Angers,7,2,0,1,0.05,27,6,1,1,1,-0.05,27,1.0,1.0
2025-04-05,2024-25,Ligue1,Brest,Monaco,6,2,1,1,-0.05,27,7,1,0,1,0.05,27,-1.0,1.0
2025-04-05,2024-25,Ligue1,Lyon,Lille,8,2,0,1,0.1,27,6,1,1,1,-0.1,27,2.0,1.0
2025-04-05,2024-25,EPL,Aston Villa,Nott'm Forest,3,1,1,1,-0.45,30,4,1,1,1,0.05,30,-1.0,1.0
2025-04-05,2024-25,EPL,West Ham,Bournemouth,4,1,1,1,0.05,30,3,1,1,1,-0.45,30,1.0,0.5
2025-04-05,2024-25,EPL,Ipswich,Wolves,3,1,1,1,-0.45,30,4,1,1,1,0.05,30,-1.0,0.0
2025-04-05,2024-25,EPL,Crystal Palace,Brighton,3,1,1,1,-0.4,29,3,1,1,1,-0.4,30,0.0,1.0
2025-04-05,2024-25,Bundesliga,Bochum,Stuttgart,8,2,0,1,0.05,27,7,2,0,1,-0.05,27,1.0,0.0
2025-04-05,2024-25,EPL,Everton,Arsenal,3,1,1,1,-0.45,30,4,2,1,1,0.05,30,-1.0,0.5
2025-04-05,2024-25,Bundesliga,Heidenheim,Leverkusen,7,2,0,1,-0.05,27,8,2,0,1,0.05,27,-1.0,0.0
2025-04-05,2024-25,Bundesliga,Mainz,Holstein Kiel,6,1,1,1,-0.05,27,7,2,0,1,0.05,27,-1.0,0.5
2025-04-05,2024-25,Bundesliga,RB Leipzig,Hoffenheim,7,1,0,1,0.0,27,7,1,0,1,0.0,27,0.0,1.0
2025-04-05,2024-25,Bundesliga,Werder Bremen,Ein Frankfurt,7,1,0,1,0.0,27,7,2,0,1,0.0,27,0.0,1.0
2025-04-05,2024-25,SerieA,Monza,Como,6,1,1,1,-0.05,30,7,1,0,1,0.05,30,-1.0,0.0
2025-04-05,2024-25,SerieA,Parma,Inter,5,1,1,1,-0.05,30,6,2,1,1,0.05,30,-1.0,0.5
2025-04-05,2024-25,SerieA,Milan,Fiorentina,6,1,1,1,0.0,30,6,2,1,1,0.0,30,0.0,0.5
2025-04-05,2024-25,LaLiga,Girona,Alaves,6,1,1,1,-0.05,29,7,1,0,1,0.05,29,-1.0,0.0
2025-04-05,2024-25,Bundesliga,Freiburg,Dortmund,6,1,1,1,0.0,27,6,1,1,1,0.0,27,0.0,0.0
2025-04-05,2024-25,LaLiga,Real Madrid,Valencia,7,1,0,1,0.05,29,6,1,1,1,-0.05,29,1.0,0.0
2025-04-06,2024-25,Ligue1,Marseille,Toulouse,8,1,0,1,0.05,27,7,1,0,1,-0.05,27,1.0,1.0
2025-04-06,2024-25,SerieA,Roma,Juventus,8,1,0,1,0.0,30,8,1,0,1,0.0,30,0.0,0.5
2025-04-06,2024-25,EPL,Brentford,Chelsea,4,1,1,1,0.05,30,3,1,1,1,-0.45,30,1.0,0.5
2025-04-06,2024-25,EPL,Fulham,Liverpool,5,1,1,1,0.05,30,4,1,1,1,-0.05,30,1.0,1.0
2025-04-06,2024-25,Ligue1,Lens,St Etienne,7,1,0,1,-0.05,27,8,1,0,1,0.05,27,-1.0,1.0
2025-04-06,2024-25,EPL,Man United,Man City,5,1,1,1,0.05,30,4,1,1,1,-0.05,30,1.0,0.5
2025-04-06,2024-25,SerieA,Atalanta,Lazio,7,1,0,1,0.05,30,6,1,1,1,-0.05,30,1.0,0.0
2025-04-06,2024-25,SerieA,Torino,Verona,6,1,1,1,0.0,30,6,1,1,1,0.0,30,0.0,0.5
2025-04-06,2024-25,SerieA,Empoli,Cagliari,8,1,0,1,0.05,30,7,1,0,1,-0.05,30,1.0,0.5
2025-04-06,2024-25,SerieA,Lecce,Venezia,8,1,0,1,0.0,30,8,1,0,1,0.0,30,0.0,0.5
2025-04-06,2024-25,EPL,Tottenham,Southampton,3,1,1,1,-0.45,30,4,1,1,1,0.05,30,-1.0,1.0
2025-04-06,2024-25,Ligue1,Rennes,Auxerre,7,1,0,1,0.0,27,7,1,0,1,0.0,27,0.0,0.0
2025-04-06,2024-25,LaLiga,Valladolid,Getafe,8,1,0,1,0.05,29,7,1,0,1,-0.05,29,1.0,0.0
2025-04-06,2024-25,LaLiga,Las Palmas,Sociedad,6,1,1,1,-0.1,29,8,1,0,1,0.1,29,-2.0,0.0
2025-04-06,2024-25,Bundesliga,St Pauli,M'gladbach,8,1,0,1,0.0,27,8,1,0,1,0.0,27,0.0,0.5
2025-04-06,2024-25,Bundesliga,Union Berlin,Wolfsburg,7,1,0,1,-0.05,27,8,1,0,1,0.05,27,-1.0,1.0
2025-04-06,2024-25,LaLiga,Villarreal,Ath Bilbao,7,1,0,1,0.0,28,7,1,0,1,0.0,29,0.0,0.5
2025-04-06,2024-25,Ligue1,Reims,Strasbourg,8,1,0,1,-0.05,27,9,1,0,1,0.05,27,-1.0,0.0
2025-04-06,2024-25,LaLiga,Sevilla,Ath Madrid,7,1,0,1,-0.05,29,8,1,0,1,0.05,29,-1.0,0.0
2025-04-06,2024-25,Ligue1,Montpellier,Le Havre,7,1,0,1,0.0,27,7,1,0,1,0.0,27,0.0,0.0
2025-04-07,2024-25,LaLiga,Leganes,Osasuna,9,1,0,1,0.05,29,8,2,0,2,-0.05,29,1.0,0.5
2025-04-07,2024-25,EPL,Leicester,Newcastle,5,1,1,1,0.0,30,5,1,1,1,0.0,29,0.0,0.0
2025-04-07,2024-25,SerieA,Bologna,Napoli,9,1,0,1,0.05,30,8,1,0,1,-0.05,30,1.0,0.5
2025-04-11,2024-25,LaLiga,Valencia,Sevilla,6,2,1,2,0.05,30,5,2,1,2,-0.05,30,1.0,1.0
2025-04-11,2024-25,Ligue1,Lens,Reims,5,2,1,2,0.0,28,5,2,1,2,0.0,28,0.0,0.0
2025-04-11,2024-25,Bundesliga,Wolfsburg,RB Leipzig,5,2,1,2,-0.05,28,6,2,1,2,0.05,28,-1.0,0.0
2025-04-11,2024-25,SerieA,Udinese,Milan,7,2,0,2,0.05,31,6,2,1,2,-0.05,31,1.0,0.0
2025-04-12,2024-25,EPL,Southampton,Aston Villa,6,2,1,2,-0.05,31,7,2,0,2,0.05,31,-1.0,0.0
2025-04-12,2024-25,EPL,Arsenal,Brentford,7,2,0,2,0.05,31,6,2,1,2,-0.05,31,1.0,0.5
2025-04-12,2024-25,Bundesliga,Holstein Kiel,St Pauli,7,2,0,1,0.05,28,6,2,1,1,-0.05,28,1.0,0.0
2025-04-12,2024-25,Bundesliga,Leverkusen,Union Berlin,7,2,0,1,0.05,28,6,2,1,2,-0.05,28,1.0,0.5
2025-04-12,2024-25,Bundesliga,Hoffenheim,Mainz,7,2,0,1,0.0,28,7,2,0,2,0.0,28,0.0,1.0
2025-04-12,2024-25,Bundesliga,Bochum,Augsburg,7,2,0,1,-0.05,28,8,2,0,1,0.05,28,-1.0,0.0
2025-04-12,2024-25,Bundesliga,M'gladbach,Freiburg,6,2,1,1,-0.05,28,7,2,0,2,0.05,28,-1.0,0.0
2025-04-12,2024-25,EPL,Nott'm Forest,Everton,7,2,0,2,0.0,31,7,2,0,2,0.0,31,0.0,0.0
2025-04-12,2024-25,LaLiga,Leganes,Barcelona,5,2,1,1,-0.1,30,7,3,0,2,-0.1,30,-2.0,0.0
2025-04-12,2024-25,EPL,Man City,Crystal Palace,6,2,1,2,-0.05,31,7,2,0,2,0.05,30,-1.0,1.0
2025-04-12,2024-25,Bundesliga,Bayern Munich,Dortmund,8,2,0,1,0.05,28,7,2,0,2,-0.05,28,1.0,0.5
2025-04-12,2024-25,LaLiga,Celta,Espanol,7,2,0,2,-0.05,30,8,2,0,1,0.05,29,-1.0,0.0
2025-04-12,2024-25,SerieA,Venezia,Monza,6,2,1,1,-0.05,31,7,2,0,2,0.05,31,-1.0,1.0
2025-04-12,2024-25,SerieA,Inter,Cagliari,7,2,0,2,0.05,31,6,2,1,2,-0.05,31,1.0,1.0
2025-04-12,2024-25,SerieA,Juventus,Lecce,6,2,1,1,0.0,31,6,2,1,1,0.0,31,0.0,1.0
2025-04-12,2024-25,Ligue1,Strasbourg,Nice,6,2,1,1,-0.1,28,8,2,0,1,0.1,28,-2.0,0.5
2025-04-12,2024-25,Ligue1,Toulouse,Lille,6,2,1,2,-0.05,28,7,2,0,2,0.05,28,-1.0,0.0
2025-04-12,2024-25,LaLiga,Sociedad,Mallorca,6,2,1,1,-0.05,30,7,2,0,2,0.05,30,-1.0,0.0
2025-04-12,2024-25,LaLiga,Getafe,Las Palmas,6,2,1,2,0.0,30,6,2,1,2,0.0,30,0.0,0.0
2025-04-12,2024-25,EPL,Brighton,Leicester,7,2,0,2,0.1,31,5,2,1,2,-0.1,31,2.0,0.5
2025-04-12,2024-25,Ligue1,Monaco,Marseille,7,2,0,1,0.05,28,6,2,1,1,-0.05,28,1.0,1.0
2025-04-13,2024-25,Ligue1,St Etienne,Brest,7,2,0,1,-0.05,28,8,2,0,1,0.05,28,-1.0,0.5
2025-04-13,2024-25,Ligue1,Angers,Montpellier,8,2,0,1,0.05,28,7,2,0,1,-0.05,28,1.0,1.0
2025-04-13,2024-25,Ligue1,Auxerre,Lyon,7,2,0,1,-0.05,28,8,2,0,1,0.05,28,-1.0,0.0
2025-04-13,2024-25,SerieA,Atalanta,Bologna,7,2,0,1,0.05,31,6,2,1,1,-0.05,31,1.0,1.0
2025-04-13,2024-25,SerieA,Fiorentina,Parma,8,2,0,1,0.0,31,8,2,0,2,0.0,31,0.0,0.5
2025-04-13,2024-25,SerieA,Verona,Genoa,7,2,0,2,-0.1,31,9,2,0,1,0.1,31,-2.0,0.5
2025-04-13,2024-25,SerieA,Como,Torino,8,2,0,1,0.05,31,7,2,0,2,-0.05,31,1.0,1.0
2025-04-13,2024-25,SerieA,Lazio,Roma,7,2,0,2,0.0,31,7,2,0,1,0.0,31,0.0,0.5
2025-04-13,2024-25,Bundesliga,Ein Frankfurt,Heidenheim,8,2,0,1,0.0,28,8,2,0,1,0.0,28,0.0,1.0
2025-04-13,2024-25,Bundesliga,Stuttgart,Werder Bremen,8,2,0,1,0.0,28,8,2,0,1,0.0,28,0.0,0.0
2025-04-13,2024-25,EPL,Chelsea,Ipswich,7,2,0,2,-0.05,31,8,2,0,2,0.05,31,-1.0,0.5
2025-04-13,2024-25,EPL,Liverpool,West Ham,7,2,0,2,-0.05,31,8,2,0,2,0.05,31,-1.0,1.0
2025-04-13,2024-25,EPL,Wolves,Tottenham,8,2,0,2,0.05,31,7,2,0,2,-0.05,31,1.0,1.0
2025-04-13,2024-25,Ligue1,Le Havre,Rennes,7,2,0,1,0.0,28,7,2,0,1,0.0,28,0.0,0.0
2025-04-13,2024-25,LaLiga,Osasuna,Girona,6,3,1,1,-0.3,30,8,2,0,1,0.1,30,-2.0,1.0
2025-04-13,2024-25,LaLiga,Alaves,Real Madrid,8,2,0,1,0.0,30,8,2,0,1,0.0,30,0.0,0.0
2025-04-13,2024-25,LaLiga,Betis,Villarreal,8,2,0,1,0.05,30,7,2,0,1,-0.05,29,1.0,0.0
2025-04-13,2024-25,LaLiga,Ath Bilbao,Vallecano,7,2,0,1,-0.1,30,9,2,0,1,0.1,30,-2.0,1.0
2025-04-13,2024-25,EPL,Newcastle,Man United,6,2,1,2,-0.05,30,7,2,0,2,0.05,31,-1.0,1.0
2025-04-14,2024-25,EPL,Bournemouth,Fulham,9,2,0,2,0.05,31,8,2,0,2,-0.05,31,1.0,1.0
2025-04-14,2024-25,LaLiga,Ath Madrid,Valladolid,8,2,0,1,0.0,30,8,2,0,1,0.0,30,0.0,1.0
2025-04-14,2024-25,SerieA,Napoli,Empoli,7,2,0,1,-0.05,31,8,2,0,1,0.05,31,-1.0,1.0
2025-04-16,2024-25,EPL,Newcastle,Crystal Palace,3,3,1,2,-0.65,31,4,3,1,2,-0.15,31,-1.0,1.0
2025-04-18,2024-25,Ligue1,Rennes,Nantes,5,3,1,2,-0.65,29,14,2,0,0,0.45,28,-9.0,1.0
2025-04-18,2024-25,LaLiga,Espanol,Getafe,6,3,1,1,-0.2,30,6,3,1,2,-0.2,31,0.0,1.0
2025-04-19,2024-25,LaLiga,Vallecano,Valencia,6,2,1,1,-0.1,31,8,3,0,1,-0.1,31,-2.0,0.5
2025-04-19,2024-25,SerieA,Monza,Napoli,7,3,0,1,-0.1,32,5,3,1,2,-0.3,32,2.0,0.0
2025-04-19,2024-25,SerieA,Lecce,Como,7,2,0,2,0.05,32,6,2,1,1,-0.05,32,1.0,0.0
2025-04-19,2024-25,Ligue1,Marseille,Montpellier,7,2,0,2,0.05,29,6,3,1,2,-0.25,29,1.0,1.0
2025-04-19,2024-25,Ligue1,Monaco,Strasbourg,7,2,0,1,0.0,29,7,2,0,2,0.0,29,0.0,0.5
2025-04-19,2024-25,Ligue1,Paris SG,Le Havre,14,1,0,0,0.4,28,6,3,1,2,-0.6,29,8.0,1.0
2025-04-19,2024-25,LaLiga,Las Palmas,Ath Madrid,7,3,0,2,-0.1,31,5,2,1,2,-0.1,31,2.0,1.0
2025-04-19,2024-25,LaLiga,Barcelona,Celta,7,3,0,1,-0.2,31,7,3,0,1,-0.2,31,0.0,1.0
2025-04-19,2024-25,LaLiga,Mallorca,Leganes,7,3,0,1,-0.2,31,7,2,0,2,0.0,31,0.0,0.5
2025-04-19,2024-25,SerieA,Roma,Verona,6,2,1,2,0.0,32,6,3,1,2,-0.2,32,0.0,1.0
2025-04-19,2024-25,EPL,Brentford,Brighton,7,3,0,2,-0.2,32,7,3,0,1,-0.2,32,0.0,1.0
2025-04-19,2024-25,EPL,Aston Villa,Newcastle,7,3,0,1,0.0,32,3,4,2,3,-1.0,32,4.0,1.0
2025-04-19,2024-25,Bundesliga,Heidenheim,Bayern Munich,6,2,1,1,-0.05,29,7,2,0,1,0.05,29,-1.0,0.0
2025-04-19,2024-25,Bundesliga,Mainz,Wolfsburg,7,3,0,1,-0.25,29,8,2,0,2,0.05,29,-1.0,0.5
2025-04-19,2024-25,Bundesliga,RB Leipzig,Holstein Kiel,8,2,0,1,0.05,29,7,2,0,1,-0.05,29,1.0,0.5
2025-04-19,2024-25,Bundesliga,Werder Bremen,Bochum,6,2,1,1,-0.05,29,7,2,0,1,0.05,29,-1.0,1.0
2025-04-19,2024-25,Bundesliga,Freiburg,Hoffenheim,7,3,0,1,-0.2,29,7,2,0,1,0.0,29,0.0,1.0
2025-04-19,2024-25,EPL,Crystal Palace,Bournemouth,3,4,1,2,-0.9,32,5,3,1,1,-0.1,32,-2.0,0.5
2025-04-19,2024-25,EPL,Everton,Man City,7,3,0,1,-0.2,32,7,3,0,2,-0.2,32,0.0,0.0
2025-04-19,2024-25,EPL,West Ham,Southampton,6,3,1,1,-0.25,32,7,3,0,2,-0.15,32,-1.0,0.5
2025-04-19,2024-25,Bundesliga,Union Berlin,Stuttgart,7,3,0,2,-0.15,29,6,2,1,1,-0.05,29,1.0,0.5
2025-04-20,2024-25,EPL,Ipswich,Arsenal,7,3,0,1,-0.25,32,8,3,0,1,-0.15,32,-1.0,0.0
2025-04-20,2024-25,EPL,Leicester,Liverpool,8,3,0,2,-0.15,32,7,3,0,1,-0.25,32,1.0,0.0
2025-04-20,2024-25,LaLiga,Valladolid,Osasuna,6,2,1,1,-0.05,31,7,2,0,2,0.05,31,-1.0,0.0
2025-04-20,2024-25,LaLiga,Villarreal,Sociedad,7,2,0,1,-0.05,30,8,2,0,1,0.05,31,-1.0,0.5
2025-04-20,2024-25,LaLiga,Sevilla,Alaves,9,2,0,1,0.1,31,7,2,0,1,-0.1,31,2.0,0.5
2025-04-20,2024-25,SerieA,Milan,Atalanta,9,2,0,1,0.1,32,7,2,0,1,-0.1,32,2.0,0.0
2025-04-20,2024-25,SerieA,Bologna,Inter,7,2,0,2,-0.05,32,8,2,0,1,0.05,32,-1.0,1.0
2025-04-20,2024-25,SerieA,Empoli,Venezia,6,2,1,1,-0.1,32,8,2,0,1,0.1,32,-2.0,0.5
2025-04-20,2024-25,LaLiga,Real Madrid,Ath Bilbao,7,2,0,1,0.0,31,7,2,0,1,0.0,31,0.0,1.0
2025-04-20,2024-25,EPL,Man United,Wolves,7,3,0,1,-0.2,32,7,3,0,1,-0.2,32,0.0,0.0
2025-04-20,2024-25,EPL,Fulham,Chelsea,6,3,1,1,-0.25,32,7,3,0,1,-0.15,32,-1.0,0.0
2025-04-20,2024-25,Ligue1,Nice,Angers,8,2,0,1,0.05,29,7,2,0,1,-0.05,29,1.0,1.0
2025-04-20,2024-25,Bundesliga,St Pauli,Leverkusen,8,2,0,1,0.0,29,8,2,0,1,0.0,29,0.0,0.5
2025-04-20,2024-25,Bundesliga,Dortmund,M'gladbach,8,2,0,1,0.0,29,8,2,0,1,0.0,29,0.0,1.0
2025-04-20,2024-25,Bundesliga,Augsburg,Ein Frankfurt,8,2,0,1,0.05,29,7,2,0,1,-0.05,29,1.0,0.5
2025-04-20,2024-25,Ligue1,Lille,Auxerre,8,2,0,1,0.05,29,7,2,0,1,-0.05,29,1.0,1.0
2025-04-20,2024-25,Ligue1,Brest,Lens,7,2,0,1,-0.1,29,9,2,0,1,0.1,29,-2.0,0.0
2025-04-20,2024-25,Ligue1,St Etienne,Lyon,7,2,0,1,0.0,29,7,2,0,1,0.0,29,0.0,1.0
2025-04-20,2024-25,Ligue1,Reims,Toulouse,9,2,0,1,0.05,29,8,2,0,1,-0.05,29,1.0,1.0
2025-04-21,2024-25,EPL,Tottenham,Nott'm Forest,8,3,0,1,-0.25,32,9,3,0,1,-0.15,32,-1.0,0.0
2025-04-21,2024-25,LaLiga,Girona,Betis,8,2,0,1,0.0,31,8,2,0,1,0.0,31,0.0,0.0
2025-04-22,2024-25,Ligue1,Nantes,Paris SG,4,2,1,1,0.05,29,3,2,1,1,-0.45,29,1.0,0.5
2025-04-22,2024-25,EPL,Man City,Aston Villa,3,4,1,2,-0.8,33,3,4,1,2,-0.8,33,0.0,1.0
2025-04-22,2024-25,LaLiga,Valencia,Espanol,3,3,1,2,-0.65,32,4,3,1,2,-0.15,31,-1.0,0.5
2025-04-22,2024-25,LaLiga,Barcelona,Mallorca,3,3,1,2,-0.6,32,3,3,1,2,-0.6,32,0.0,1.0
2025-04-23,2024-25,LaLiga,Alaves,Sociedad,3,3,1,2,-0.6,32,3,3,1,2,-0.6,32,0.0,1.0
2025-04-23,2024-25,LaLiga,Celta,Villarreal,4,3,1,2,-0.15,32,3,3,1,2,-0.65,31,1.0,1.0
2025-04-23,2024-25,LaLiga,Ath Bilbao,Las Palmas,3,3,1,2,-0.65,32,4,3,1,2,-0.15,32,-1.0,1.0
2025-04-23,2024-25,LaLiga,Getafe,Real Madrid,5,3,1,2,-0.1,32,3,3,1,2,-0.7,32,2.0,0.0
2025-04-23,2024-25,SerieA,Cagliari,Fiorentina,11,2,0,1,0.05,32,10,2,0,1,-0.05,32,1.0,0.0
2025-04-23,2024-25,SerieA,Torino,Udinese,10,2,0,1,-0.1,32,12,2,0,1,0.1,32,-2.0,1.0
2025-04-23,2024-25,SerieA,Parma,Juventus,10,2,0,1,-0.05,32,11,2,0,1,0.05,32,-1.0,1.0
2025-04-23,2024-25,SerieA,Genoa,Lazio,10,2,0,1,0.0,32,10,2,0,1,0.0,32,0.0,0.0
2025-04-23,2024-25,EPL,Arsenal,Crystal Palace,3,3,1,2,-0.65,33,4,4,1,3,-0.35,33,-1.0,0.5
2025-04-24,2024-25,LaLiga,Betis,Valladolid,3,3,1,2,-0.65,32,4,3,1,2,-0.15,32,-1.0,1.0
2025-04-24,2024-25,LaLiga,Leganes,Girona,5,3,1,2,-0.1,32,3,3,1,2,-0.7,32,2.0,0.5
2025-04-24,2024-25,LaLiga,Ath Madrid,Vallecano,5,3,1,2,-0.2,32,5,3,1,2,-0.2,32,0.0,1.0
2025-04-24,2024-25,LaLiga,Osasuna,Sevilla,4,3,1,2,-0.2,32,4,3,1,2,-0.2,32,0.0,1.0
2025-04-25,2024-25,Ligue1,Paris SG,Nice,3,3,2,2,-0.7,30,5,2,1,2,0.1,30,-2.0,0.0
2025-04-25,2024-25,Bundesliga,Stuttgart,Heidenheim,6,3,1,2,-0.2,30,6,3,1,2,-0.2,30,0.0,0.0
2025-04-26,2024-25,Bundesliga,Bayern Munich,Mainz,7,2,0,1,0.0,30,7,2,0,1,0.0,30,0.0,1.0
2025-04-26,2024-25,EPL,Chelsea,Everton,6,3,1,2,-0.25,33,7,2,0,1,0.05,33,-1.0,1.0
2025-04-26,2024-25,EPL,Brighton,West Ham,7,2,0,1,0.0,33,7,2,0,2,0.0,33,0.0,1.0
2025-04-26,2024-25,EPL,Newcastle,Ipswich,7,4,0,3,-0.35,33,6,2,1,2,-0.05,33,1.0,1.0
2025-04-26,2024-25,EPL,Southampton,Fulham,7,3,0,1,-0.15,33,6,3,1,2,-0.25,33,1.0,0.0
2025-04-26,2024-25,EPL,Wolves,Leicester,6,2,1,2,0.0,33,6,3,1,1,-0.2,33,0.0,1.0
2025-04-26,2024-25,Bundesliga,Hoffenheim,Dortmund,7,2,0,1,0.05,30,6,2,1,1,-0.05,30,1.0,0.0
2025-04-26,2024-25,Bundesliga,Ein Frankfurt,RB Leipzig,6,2,1,2,-0.05,30,7,2,0,1,0.05,30,-1.0,1.0
2025-04-26,2024-25,Bundesliga,Wolfsburg,Freiburg,7,3,0,1,-0.2,30,7,2,0,1,0.0,30,0.0,0.0
2025-04-26,2024-25,Bundesliga,Leverkusen,Augsburg,6,2,1,1,0.0,30,6,2,1,1,0.0,30,0.0,1.0
2025-04-26,2024-25,Bundesliga,Holstein Kiel,M'gladbach,7,2,0,1,0.05,30,6,3,1,1,-0.25,30,1.0,1.0
2025-04-26,2024-25,Ligue1,Lyon,Rennes,6,2,1,2,-0.1,30,8,3,0,2,-0.1,30,-2.0,1.0
2025-04-26,2024-25,Ligue1,Le Havre,Monaco,7,3,0,2,-0.2,30,7,2,0,1,0.0,30,0.0,0.5
2025-04-26,2024-25,Ligue1,Strasbourg,St Etienne,7,3,0,1,-0.15,30,6,3,1,2,-0.25,30,1.0,1.0
2025-04-27,2024-25,Bundesliga,Werder Bremen,St Pauli,8,2,0,1,0.05,30,7,2,0,1,-0.05,30,1.0,0.5
2025-04-27,2024-25,LaLiga,Villarreal,Espanol,4,3,1,2,-0.25,32,5,3,1,2,-0.15,32,-1.0,1.0
2025-04-27,2024-25,Bundesliga,Bochum,Union Berlin,8,2,0,1,0.0,30,8,2,0,1,0.0,30,0.0,0.5
2025-04-27,2024-25,EPL,Bournemouth,Man United,8,2,0,2,0.05,33,7,2,0,1,-0.05,33,1.0,0.5
2025-04-27,2024-25,EPL,Liverpool,Tottenham,7,2,0,1,0.05,33,6,2,1,1,-0.05,33,1.0,1.0
2025-04-27,2024-25,Ligue1,Nantes,Toulouse,5,2,1,2,-0.1,30,7,2,0,1,0.1,30,-2.0,0.5
2025-04-27,2024-25,SerieA,Napoli,Torino,8,3,0,2,0.0,33,4,2,1,1,-0.2,33,4.0,1.0
2025-04-27,2024-25,SerieA,Atalanta,Lecce,7,2,0,1,-0.05,33,8,2,0,1,0.05,33,-1.0,0.5
2025-04-27,2024-25,SerieA,Juventus,Monza,4,2,1,1,-0.2,33,8,2,0,1,0.2,33,-4.0,1.0
2025-04-27,2024-25,Ligue1,Marseille,Brest,8,2,0,1,0.05,30,7,2,0,1,-0.05,30,1.0,1.0
2025-04-27,2024-25,SerieA,Inter,Roma,7,2,0,1,-0.05,33,8,2,0,1,0.05,33,-1.0,0.0
2025-04-27,2024-25,SerieA,Fiorentina,Empoli,4,2,1,1,-0.15,33,7,2,0,2,0.15,33,-3.0,1.0
2025-04-27,2024-25,SerieA,Venezia,Milan,7,2,0,1,0.0,33,7,2,0,1,0.0,33,0.0,0.0
2025-04-27,2024-25,Ligue1,Angers,Lille,7,2,0,1,0.0,30,7,2,0,1,0.0,30,0.0,0.0
2025-04-27,2024-25,Ligue1,Lens,Auxerre,7,2,0,1,0.0,30,7,2,0,1,0.0,30,0.0,0.0
2025-04-27,2024-25,Ligue1,Montpellier,Reims,8,2,0,1,0.05,30,7,2,0,1,-0.05,30,1.0,0.5
2025-04-27,2024-25,SerieA,Como,Genoa,8,2,0,1,0.2,33,4,2,1,1,-0.2,33,4.0,1.0
2025-04-28,2024-25,SerieA,Lazio,Parma,5,2,1,1,0.0,33,5,2,1,1,0.0,33,0.0,0.5
2025-04-28,2024-25,SerieA,Verona,Cagliari,9,2,0,1,0.2,33,5,2,1,1,-0.2,33,4.0,0.0
2025-04-28,2024-25,SerieA,Udinese,Bologna,5,2,1,1,-0.15,33,8,2,0,1,0.15,33,-3.0,0.5
2025-05-01,2024-25,EPL,Nott'm Forest,Brentford,10,2,0,1,-0.1,33,12,2,0,1,0.1,33,-2.0,0.0
2025-05-02,2024-25,Bundesliga,Heidenheim,Bochum,7,3,0,2,-0.1,31,5,3,1,2,-0.3,31,2.0,0.5
2025-05-02,2024-25,EPL,Man City,Wolves,10,3,0,2,0.0,34,6,3,1,2,-0.4,34,4.0,1.0
2025-05-02,2024-25,SerieA,Torino,Venezia,5,3,1,2,-0.2,34,5,3,1,2,-0.2,34,0.0,0.5
2025-05-02,2024-25,LaLiga,Vallecano,Getafe,8,3,0,2,-0.25,33,9,3,0,1,-0.15,33,-1.0,1.0
2025-05-02,2024-25,Ligue1,Nice,Reims,7,3,0,2,-0.1,31,5,2,1,2,-0.1,31,2.0,1.0
2025-05-03,2024-25,EPL,Arsenal,Bournemouth,10,2,0,2,0.2,34,6,3,1,1,-0.4,34,4.0,0.0
2025-05-03,2024-25,LaLiga,Villarreal,Osasuna,6,4,1,3,-0.55,33,9,3,0,2,-0.05,33,-3.0,1.0
2025-05-03,2024-25,LaLiga,Las Palmas,Valencia,10,2,0,1,-0.05,33,11,2,0,1,0.05,33,-1.0,0.0
2025-05-03,2024-25,LaLiga,Valladolid,Barcelona,9,3,0,2,-0.3,33,11,2,0,1,0.1,33,-2.0,0.0
2025-05-03,2024-25,Ligue1,Strasbourg,Paris SG,7,2,0,1,-0.05,31,8,3,0,2,-0.15,31,-1.0,1.0
2025-05-03,2024-25,Ligue1,St Etienne,Monaco,7,3,0,2,-0.2,31,7,2,0,1,0.0,31,0.0,0.0
2025-05-03,2024-25,SerieA,Inter,Verona,6,2,1,2,0.05,34,5,3,1,1,-0.25,34,1.0,1.0
2025-05-03,2024-25,SerieA,Parma,Como,5,3,1,2,-0.25,34,6,3,1,1,-0.15,34,-1.0,0.0
2025-05-03,2024-25,Ligue1,Toulouse,Rennes,6,2,1,2,-0.05,31,7,3,0,1,-0.15,31,-1.0,1.0
2025-05-03,2024-25,SerieA,Lecce,Napoli,6,2,1,1,0.0,34,6,3,1,1,-0.2,34,0.0,0.0
2025-05-03,2024-25,Bundesliga,RB Leipzig,Bayern Munich,7,2,0,1,0.0,31,7,2,0,1,0.0,31,0.0,0.5
2025-05-03,2024-25,Bundesliga,St Pauli,Stuttgart,6,2,1,2,-0.1,31,8,3,0,1,-0.1,31,-2.0,0.0
2025-05-03,2024-25,Bundesliga,Union Berlin,Werder Bremen,6,2,1,1,0.0,31,6,3,1,1,-0.2,31,0.0,0.5
2025-05-03,2024-25,Bundesliga,Dortmund,Wolfsburg,7,2,0,2,0.0,31,7,2,0,1,0.0,31,0.0,1.0
2025-05-03,2024-25,EPL,Aston Villa,Fulham,11,2,0,1,0.2,34,7,3,0,2,-0.4,34,4.0,1.0
2025-05-03,2024-25,LaLiga,Alaves,Ath Madrid,10,3,0,2,-0.15,33,9,3,0,1,-0.25,33,1.0,0.5
2025-05-03,2024-25,EPL,Everton,Ipswich,7,2,0,1,0.0,34,7,3,0,2,-0.2,34,0.0,0.5
2025-05-03,2024-25,EPL,Leicester,Southampton,7,2,0,2,0.0,34,7,2,0,1,0.0,34,0.0,1.0
2025-05-03,2024-25,Bundesliga,M'gladbach,Hoffenheim,7,2,0,2,0.0,31,7,2,0,1,0.0,31,0.0,0.5
2025-05-03,2024-25,SerieA,Cagliari,Udinese,5,2,1,2,0.0,34,5,2,1,2,0.0,34,0.0,0.0
2025-05-04,2024-25,Ligue1,Brest,Montpellier,7,2,0,1,0.0,31,7,2,0,1,0.0,31,0.0,1.0
2025-05-04,2024-25,SerieA,Empoli,Lazio,7,3,0,1,-0.15,34,6,2,1,2,-0.05,34,1.0,0.0
2025-05-04,2024-25,SerieA,Monza,Atalanta,7,2,0,1,0.0,34,7,2,0,1,0.0,34,0.0,0.0
2025-05-04,2024-25,SerieA,Roma,Fiorentina,7,2,0,1,0.0,34,7,2,0,2,0.0,34,0.0,1.0
2025-05-04,2024-25,SerieA,Bologna,Juventus,6,2,1,1,-0.05,34,7,2,0,2,0.05,34,-1.0,0.5
2025-05-04,2024-25,Ligue1,Nantes,Angers,7,3,0,2,-0.2,31,7,2,0,1,0.0,31,0.0,0.0
2025-05-04,2024-25,Ligue1,Auxerre,Le Havre,7,2,0,1,-0.05,31,8,2,0,1,0.05,31,-1.0,0.0
2025-05-04,2024-25,LaLiga,Real Madrid,Celta,11,2,0,1,0.0,33,11,2,0,1,0.0,33,0.0,1.0
2025-05-04,2024-25,LaLiga,Sevilla,Leganes,10,2,0,1,0.0,33,10,2,0,1,0.0,33,0.0,0.5
2025-05-04,2024-25,LaLiga,Espanol,Betis,7,3,0,2,-0.35,33,10,2,0,2,0.15,33,-3.0,0.0
2025-05-04,2024-25,EPL,Brentford,Man United,3,2,1,1,-0.6,34,7,2,0,1,0.2,34,-4.0,1.0
2025-05-04,2024-25,EPL,Brighton,Newcastle,8,2,0,1,0.0,34,8,3,0,1,-0.2,34,0.0,0.5
2025-05-04,2024-25,EPL,West Ham,Tottenham,8,2,0,1,0.05,34,7,2,0,2,-0.05,34,1.0,0.5
2025-05-04,2024-25,Bundesliga,Mainz,Ein Frankfurt,8,2,0,1,0.0,31,8,2,0,1,0.0,31,0.0,0.5
2025-05-04,2024-25,LaLiga,Sociedad,Ath Bilbao,11,2,0,1,0.0,33,11,2,0,1,0.0,33,0.0,0.5
2025-05-04,2024-25,Bundesliga,Freiburg,Leverkusen,8,2,0,1,0.0,31,8,2,0,1,0.0,31,0.0,0.5
2025-05-04,2024-25,EPL,Chelsea,Liverpool,8,2,0,1,0.05,34,7,2,0,1,-0.05,34,1.0,1.0
2025-05-04,2024-25,Ligue1,Lille,Marseille,7,2,0,1,0.0,31,7,2,0,1,0.0,31,0.0,0.5
2025-05-04,2024-25,Ligue1,Lyon,Lens,8,2,0,1,0.05,31,7,2,0,1,-0.05,31,1.0,0.0
2025-05-04,2024-25,Bundesliga,Augsburg,Holstein Kiel,8,2,0,1,0.0,31,8,2,0,1,0.0,31,0.0,0.0
2025-05-05,2024-25,SerieA,Genoa,Milan,8,2,0,2,0.0,34,8,2,0,1,0.0,34,0.0,0.0
2025-05-05,2024-25,LaLiga,Girona,Mallorca,11,2,0,1,-0.1,33,13,2,0,1,0.1,33,-2.0,1.0
2025-05-05,2024-25,EPL,Crystal Palace,Nott'm Forest,12,3,0,1,0.2,34,4,2,1,1,-0.4,34,8.0,0.5
2025-05-09,2024-25,LaLiga,Las Palmas,Vallecano,6,3,1,1,-0.25,34,7,3,0,1,-0.15,34,-1.0,0.0
2025-05-09,2024-25,Bundesliga,Wolfsburg,Hoffenheim,6,3,1,2,-0.2,32,6,3,1,2,-0.2,32,0.0,0.5
2025-05-09,2024-25,SerieA,Milan,Bologna,4,3,1,2,-0.25,35,5,3,1,2,-0.15,35,-1.0,1.0
2025-05-10,2024-25,Ligue1,Angers,Strasbourg,6,3,1,2,-0.25,32,7,2,0,1,0.05,32,-1.0,1.0
2025-05-10,2024-25,EPL,Fulham,Everton,7,3,0,1,-0.2,35,7,2,0,1,0.0,35,0.0,0.0
2025-05-10,2024-25,EPL,Wolves,Brighton,8,3,0,1,-0.1,35,6,2,1,1,-0.1,35,2.0,0.0
2025-05-10,2024-25,Ligue1,Le Havre,Marseille,6,2,1,1,0.0,32,6,2,1,2,0.0,32,0.0,0.0
2025-05-10,2024-25,EPL,Ipswich,Brentford,7,3,0,1,-0.15,35,6,2,1,2,-0.05,35,1.0,0.0
2025-05-10,2024-25,EPL,Southampton,Man City,7,2,0,1,-0.05,35,8,2,0,1,0.05,35,-1.0,0.5
2025-05-10,2024-25,EPL,Bournemouth,Aston Villa,7,2,0,2,0.0,35,7,2,0,1,0.0,35,0.0,0.0
2025-05-10,2024-25,Ligue1,Brest,Lille,6,3,1,2,-0.2,32,6,3,1,2,-0.2,32,0.0,1.0
2025-05-10,2024-25,Ligue1,Toulouse,Lens,7,3,0,2,-0.15,32,6,3,1,2,-0.25,32,1.0,0.5
2025-05-10,2024-25,Bundesliga,Bayern Munich,M'gladbach,7,2,0,1,0.0,32,7,3,0,1,-0.2,32,0.0,1.0
2025-05-10,2024-25,Ligue1,Reims,St Etienne,8,3,0,2,-0.15,32,7,3,0,1,-0.25,32,1.0,0.0
2025-05-10,2024-25,SerieA,Empoli,Parma,6,3,1,2,-0.25,35,7,3,0,2,-0.15,35,-1.0,1.0
2025-05-10,2024-25,SerieA,Lazio,Juventus,6,3,1,2,-0.2,35,6,3,1,2,-0.2,35,0.0,0.5
2025-05-10,2024-25,SerieA,Como,Cagliari,7,2,0,2,0.0,35,7,3,0,2,-0.2,35,0.0,1.0
2025-05-10,2024-25,LaLiga,Valencia,Getafe,7,2,0,1,-0.05,34,8,2,0,1,0.05,34,-1.0,1.0
2025-05-10,2024-25,LaLiga,Celta,Sevilla,6,2,1,1,0.0,34,6,3,1,1,-0.2,34,0.0,1.0
2025-05-10,2024-25,LaLiga,Girona,Villarreal,5,3,1,1,-0.3,34,7,4,0,2,-0.3,34,-2.0,0.0
2025-05-10,2024-25,LaLiga,Mallorca,Valladolid,5,2,1,1,-0.1,34,7,3,0,1,-0.1,34,-2.0,1.0
2025-05-10,2024-25,Ligue1,Rennes,Nice,7,2,0,1,-0.05,32,8,3,0,1,-0.15,32,-1.0,1.0
2025-05-10,2024-25,LaLiga,Ath Madrid,Sociedad,7,2,0,1,0.05,34,6,3,1,1,-0.25,34,1.0,1.0
2025-05-10,2024-25,Bundesliga,Holstein Kiel,Freiburg,6,2,1,1,0.0,32,6,2,1,1,0.0,32,0.0,0.0
2025-05-10,2024-25,Bundesliga,Union Berlin,Heidenheim,7,2,0,2,-0.05,32,8,2,0,1,0.05,32,-1.0,0.0
2025-05-10,2024-25,Bundesliga,Werder Bremen,RB Leipzig,7,2,0,2,0.0,32,7,2,0,1,0.0,32,0.0,0.5
2025-05-10,2024-25,Ligue1,Monaco,Lyon,7,2,0,1,0.05,32,6,3,1,1,-0.25,32,1.0,1.0
2025-05-10,2024-25,Ligue1,Montpellier,Paris SG,6,2,1,2,-0.05,32,7,3,0,1,-0.15,32,-1.0,0.0
2025-05-10,2024-25,Bundesliga,Bochum,Mainz,8,2,0,2,0.1,32,6,2,1,1,-0.1,32,2.0,0.0
2025-05-10,2024-25,Ligue1,Auxerre,Nantes,6,3,1,2,-0.2,32,6,3,1,2,-0.2,32,0.0,0.5
2025-05-11,2024-25,Bundesliga,Leverkusen,Dortmund,7,2,0,1,-0.05,32,8,2,0,1,0.05,32,-1.0,0.0
2025-05-11,2024-25,Bundesliga,Ein Frankfurt,St Pauli,7,2,0,1,-0.05,32,8,2,0,1,0.05,32,-1.0,0.5
2025-05-11,2024-25,Bundesliga,Stuttgart,Augsburg,8,2,0,1,0.05,32,7,2,0,1,-0.05,32,1.0,1.0
2025-05-11,2024-25,EPL,Tottenham,Crystal Palace,7,3,0,1,-0.15,35,6,2,1,1,-0.05,35,1.0,0.0
2025-05-11,2024-25,LaLiga,Leganes,Espanol,7,2,0,1,0.0,34,7,3,0,1,-0.2,34,0.0,1.0
2025-05-11,2024-25,SerieA,Napoli,Genoa,8,2,0,1,0.1,35,6,3,1,1,-0.3,35,2.0,0.5
2025-05-11,2024-25,SerieA,Torino,Inter,9,3,0,1,-0.15,35,8,2,0,1,-0.05,35,1.0,0.0
2025-05-11,2024-25,LaLiga,Ath Bilbao,Alaves,7,2,0,1,-0.05,34,8,2,0,1,0.05,34,-1.0,1.0
2025-05-11,2024-25,LaLiga,Barcelona,Real Madrid,8,2,0,1,0.05,34,7,2,0,1,-0.05,34,1.0,1.0
2025-05-11,2024-25,EPL,Nott'm Forest,Leicester,6,3,1,2,-0.3,35,8,2,0,1,0.1,35,-2.0,0.5
2025-05-11,2024-25,LaLiga,Betis,Osasuna,7,3,0,1,-0.25,34,8,2,0,1,0.05,34,-1.0,0.5
2025-05-11,2024-25,SerieA,Udinese,Monza,8,3,0,2,-0.15,35,7,2,0,1,-0.05,35,1.0,0.0
2025-05-11,2024-25,EPL,Newcastle,Chelsea,7,2,0,1,0.0,35,7,2,0,1,0.0,35,0.0,1.0
2025-05-11,2024-25,EPL,Man United,West Ham,7,2,0,1,0.0,35,7,2,0,1,0.0,35,0.0,0.0
2025-05-11,2024-25,EPL,Liverpool,Arsenal,7,2,0,1,-0.05,35,8,2,0,1,0.05,35,-1.0,0.5
2025-05-11,2024-25,SerieA,Verona,Lecce,8,2,0,2,0.0,35,8,2,0,1,0.0,35,0.0,0.5
2025-05-12,2024-25,SerieA,Venezia,Fiorentina,10,2,0,1,0.1,35,8,3,0,1,-0.3,35,2.0,1.0
2025-05-12,2024-25,SerieA,Atalanta,Roma,8,2,0,1,0.0,35,8,2,0,1,0.0,35,0.0,1.0
2025-05-13,2024-25,LaLiga,Valladolid,Girona,3,3,1,2,-0.6,35,3,3,1,2,-0.6,35,0.0,0.0
2025-05-13,2024-25,LaLiga,Sociedad,Celta,3,3,1,2,-0.6,35,3,3,1,2,-0.6,35,0.0,0.0
2025-05-13,2024-25,LaLiga,Sevilla,Las Palmas,3,3,1,2,-0.65,35,4,3,1,2,-0.15,35,-1.0,1.0
2025-05-14,2024-25,LaLiga,Alaves,Valencia,3,2,1,2,-0.45,35,4,2,1,2,0.05,35,-1.0,1.0
2025-05-14,2024-25,LaLiga,Villarreal,Leganes,4,3,1,2,-0.15,35,3,3,1,2,-0.65,35,1.0,1.0
2025-05-14,2024-25,LaLiga,Real Madrid,Mallorca,3,2,1,2,-0.45,35,4,2,1,2,0.05,35,-1.0,1.0
2025-05-15,2024-25,LaLiga,Vallecano,Betis,6,2,1,2,0.1,35,4,2,1,2,-0.1,35,2.0,0.5
2025-05-15,2024-25,LaLiga,Espanol,Barcelona,4,3,1,2,-0.2,35,4,2,1,2,0.0,35,0.0,0.0
2025-05-15,2024-25,LaLiga,Osasuna,Ath Madrid,4,2,1,2,-0.05,35,5,2,1,2,0.05,35,-1.0,1.0
2025-05-15,2024-25,LaLiga,Getafe,Ath Bilbao,5,2,1,2,0.05,35,4,2,1,2,-0.05,35,1.0,0.0
2025-05-16,2024-25,EPL,Chelsea,Man United,5,3,1,2,-0.2,36,5,3,1,2,-0.2,36,0.0,1.0
2025-05-16,2024-25,EPL,Aston Villa,Tottenham,6,2,1,2,0.05,36,5,3,1,2,-0.25,36,1.0,1.0
2025-05-17,2024-25,Ligue1,Paris SG,Auxerre,7,2,0,1,0.0,33,7,3,0,2,-0.2,33,0.0,1.0
2025-05-17,2024-25,Ligue1,Lens,Monaco,7,3,0,2,-0.2,33,7,2,0,1,0.0,33,0.0,1.0
2025-05-17,2024-25,Ligue1,Lille,Reims,7,3,0,2,-0.2,33,7,3,0,1,-0.2,33,0.0,1.0
2025-05-17,2024-25,Ligue1,Lyon,Angers,7,2,0,2,0.0,33,7,3,0,2,-0.2,33,0.0,1.0
2025-05-17,2024-25,Ligue1,Marseille,Rennes,7,3,0,2,-0.2,33,7,2,0,1,0.0,33,0.0,1.0
2025-05-17,2024-25,Ligue1,Nantes,Montpellier,7,3,0,2,-0.2,33,7,3,0,2,-0.2,33,0.0,1.0
2025-05-17,2024-25,Ligue1,Nice,Brest,7,2,0,1,0.0,33,7,3,0,2,-0.2,33,0.0,1.0
2025-05-17,2024-25,Ligue1,Strasbourg,Le Havre,7,2,0,1,0.0,33,7,2,0,2,0.0,33,0.0,0.0
2025-05-17,2024-25,SerieA,Genoa,Atalanta,6,3,1,2,-0.15,36,5,3,1,2,-0.25,36,1.0,0.0
2025-05-17,2024-25,Ligue1,St Etienne,Toulouse,7,2,0,1,0.0,33,7,3,0,1,-0.2,33,0.0,0.0
2025-05-17,2024-25,Bundesliga,Augsburg,Union Berlin,6,2,1,2,-0.05,33,7,3,0,1,-0.15,33,-1.0,0.0
2025-05-17,2024-25,Bundesliga,Dortmund,Holstein Kiel,6,2,1,1,-0.05,33,7,2,0,2,0.05,33,-1.0,1.0
2025-05-17,2024-25,Bundesliga,Freiburg,Ein Frankfurt,7,2,0,2,0.05,33,6,2,1,2,-0.05,33,1.0,0.0
2025-05-17,2024-25,Bundesliga,Heidenheim,Werder Bremen,7,2,0,1,0.0,33,7,3,0,1,-0.2,33,0.0,0.0
2025-05-17,2024-25,Bundesliga,Hoffenheim,Bayern Munich,8,2,0,1,0.05,33,7,2,0,1,-0.05,33,1.0,0.0
2025-05-17,2024-25,Bundesliga,Mainz,Leverkusen,7,2,0,2,0.05,33,6,2,1,2,-0.05,33,1.0,0.5
2025-05-17,2024-25,Bundesliga,M'gladbach,Wolfsburg,7,2,0,1,-0.05,33,8,2,0,1,0.05,33,-1.0,0.0
2025-05-17,2024-25,Bundesliga,St Pauli,Bochum,6,3,1,1,-0.25,33,7,3,0,1,-0.15,33,-1.0,0.0
2025-05-17,2024-25,Bundesliga,RB Leipzig,Stuttgart,7,2,0,1,0.05,33,6,2,1,1,-0.05,33,1.0,0.0
2025-05-18,2024-25,LaLiga,Celta,Vallecano,5,3,1,2,-0.1,36,3,3,1,2,-0.7,36,2.0,0.0
2025-05-18,2024-25,EPL,Leicester,Ipswich,7,2,0,1,-0.05,36,8,2,0,1,0.05,36,-1.0,1.0
2025-05-18,2024-25,EPL,Arsenal,Newcastle,7,2,0,1,0.0,36,7,2,0,1,0.0,36,0.0,1.0
2025-05-18,2024-25,LaLiga,Barcelona,Villarreal,3,3,1,2,-0.65,36,4,3,1,2,-0.15,36,-1.0,0.0
2025-05-18,2024-25,LaLiga,Osasuna,Espanol,3,3,1,2,-0.6,36,3,3,1,2,-0.6,36,0.0,1.0
2025-05-18,2024-25,LaLiga,Mallorca,Getafe,4,3,1,3,-0.15,36,3,3,1,2,-0.65,36,1.0,0.0
2025-05-18,2024-25,LaLiga,Valladolid,Alaves,5,3,1,2,-0.15,36,4,3,1,2,-0.25,36,1.0,0.0
2025-05-18,2024-25,LaLiga,Valencia,Ath Bilbao,4,3,1,2,-0.15,36,3,3,1,2,-0.65,36,1.0,0.0
2025-05-18,2024-25,LaLiga,Las Palmas,Leganes,5,3,1,2,-0.15,36,4,3,1,2,-0.25,36,1.0,0.0
2025-05-18,2024-25,EPL,Brentford,Fulham,8,3,0,1,-0.2,36,8,2,0,1,0.0,36,0.0,0.0
2025-05-18,2024-25,SerieA,Cagliari,Venezia,8,3,0,1,-0.1,36,6,2,1,1,-0.1,36,2.0,1.0
2025-05-18,2024-25,EPL,Everton,Southampton,8,2,0,1,0.0,36,8,2,0,1,0.0,36,0.0,1.0
2025-05-18,2024-25,LaLiga,Sociedad,Girona,5,3,1,2,-0.2,36,5,3,1,3,-0.2,36,0.0,1.0
2025-05-18,2024-25,SerieA,Fiorentina,Bologna,6,2,1,1,-0.15,36,9,3,0,1,-0.05,36,-3.0,1.0
2025-05-18,2024-25,SerieA,Inter,Lazio,7,2,0,1,-0.05,36,8,3,0,1,-0.15,36,-1.0,0.5
2025-05-18,2024-25,SerieA,Juventus,Udinese,8,2,0,1,0.05,36,7,3,0,1,-0.25,36,1.0,1.0
2025-05-18,2024-25,SerieA,Lecce,Torino,7,2,0,1,0.0,36,7,2,0,1,0.0,36,0.0,1.0
2025-05-18,2024-25,SerieA,Monza,Empoli,7,2,0,1,-0.05,36,8,2,0,1,0.05,36,-1.0,0.0
2025-05-18,2024-25,SerieA,Parma,Napoli,8,3,0,1,-0.15,36,7,2,0,1,-0.05,36,1.0,0.5
2025-05-18,2024-25,SerieA,Roma,Milan,6,2,1,1,-0.15,36,9,2,0,2,0.15,36,-3.0,1.0
2025-05-18,2024-25,SerieA,Verona,Como,7,3,0,1,-0.25,36,8,2,0,1,0.05,36,-1.0,0.5
2025-05-18,2024-25,LaLiga,Ath Madrid,Betis,3,3,1,2,-0.6,36,3,3,1,2,-0.6,36,0.0,1.0
2025-05-18,2024-25,EPL,West Ham,Nott'm Forest,7,2,0,1,0.0,36,7,3,0,2,-0.2,36,0.0,0.0
2025-05-18,2024-25,LaLiga,Sevilla,Real Madrid,5,3,1,2,-0.15,36,4,3,1,2,-0.25,36,1.0,0.0
2025-05-19,2024-25,EPL,Brighton,Liverpool,9,2,0,1,0.05,36,8,2,0,1,-0.05,36,1.0,1.0
2025-05-20,2024-25,EPL,Man City,Bournemouth,10,2,0,1,0.0,36,10,2,0,1,0.0,36,0.0,1.0
2025-05-20,2024-25,EPL,Crystal Palace,Wolves,9,2,0,1,-0.05,36,10,2,0,1,0.05,36,-1.0,1.0
2025-05-23,2024-25,SerieA,Como,Inter,5,3,1,2,-0.2,37,5,3,1,2,-0.2,37,0.0,0.0
2025-05-23,2024-25,SerieA,Napoli,Cagliari,5,3,1,2,-0.2,37,5,3,1,2,-0.2,37,0.0,1.0
2025-05-23,2024-25,LaLiga,Betis,Valencia,5,4,1,3,-0.4,37,5,4,1,3,-0.4,37,0.0,0.5
2025-05-24,2024-25,LaLiga,Real Madrid,Sociedad,6,4,1,3,-0.4,37,6,4,1,2,-0.4,37,0.0,1.0
2025-05-24,2024-25,LaLiga,Espanol,Las Palmas,6,4,1,3,-0.4,37,6,3,1,2,-0.2,37,0.0,1.0
2025-05-24,2024-25,LaLiga,Leganes,Valladolid,6,4,1,3,-0.4,37,6,3,1,2,-0.2,37,0.0,1.0
2025-05-24,2024-25,SerieA,Bologna,Genoa,6,3,1,1,-0.25,37,7,3,0,2,-0.15,37,-1.0,0.0
2025-05-24,2024-25,SerieA,Milan,Monza,6,3,1,1,-0.2,37,6,3,1,2,-0.2,37,0.0,1.0
2025-05-24,2024-25,LaLiga,Alaves,Osasuna,6,3,1,3,-0.2,37,6,3,1,3,-0.2,37,0.0,0.5
2025-05-24,2024-25,LaLiga,Getafe,Celta,6,3,1,2,-0.2,37,6,4,1,2,-0.4,37,0.0,0.0
2025-05-24,2024-25,LaLiga,Vallecano,Mallorca,6,3,1,2,-0.2,37,6,4,1,2,-0.4,37,0.0,0.5
2025-05-25,2024-25,LaLiga,Girona,Ath Madrid,7,4,0,2,-0.4,37,7,3,0,2,-0.2,37,0.0,0.0
2025-05-25,2024-25,SerieA,Udinese,Fiorentina,7,2,0,1,0.0,37,7,2,0,2,0.0,37,0.0,0.0
2025-05-25,2024-25,EPL,Newcastle,Everton,7,2,0,1,0.0,37,7,2,0,1,0.0,37,0.0,0.0
2025-05-25,2024-25,EPL,Tottenham,Brighton,9,2,0,1,0.15,37,6,2,1,1,-0.15,37,3.0,0.0
2025-05-25,2024-25,EPL,Southampton,Arsenal,7,2,0,1,0.0,37,7,2,0,1,0.0,37,0.0,0.0
2025-05-25,2024-25,EPL,Nott'm Forest,Chelsea,7,3,0,1,-0.3,37,9,2,0,1,0.1,37,-2.0,0.0
2025-05-25,2024-25,SerieA,Venezia,Juventus,7,2,0,2,0.0,37,7,2,0,1,0.0,37,0.0,0.0
2025-05-25,2024-25,EPL,Man United,Aston Villa,9,2,0,1,0.0,37,9,2,0,1,0.0,37,0.0,1.0
2025-05-25,2024-25,EPL,Liverpool,Crystal Palace,6,2,1,1,0.05,37,5,3,1,1,-0.25,37,1.0,0.5
2025-05-25,2024-25,EPL,Ipswich,West Ham,7,2,0,1,0.0,37,7,2,0,1,0.0,37,0.0,0.0
2025-05-25,2024-25,EPL,Fulham,Man City,7,2,0,1,0.1,37,5,2,1,1,-0.1,37,2.0,0.0
2025-05-25,2024-25,EPL,Bournemouth,Leicester,5,2,1,1,-0.1,37,7,2,0,1,0.1,37,-2.0,1.0
2025-05-25,2024-25,LaLiga,Ath Bilbao,Barcelona,7,3,0,2,-0.2,37,7,3,0,2,-0.2,37,0.0,0.0
2025-05-25,2024-25,SerieA,Atalanta,Parma,8,2,0,2,0.05,37,7,2,0,1,-0.05,37,1.0,0.0
2025-05-25,2024-25,SerieA,Empoli,Verona,7,2,0,1,0.0,37,7,2,0,1,0.0,37,0.0,0.0
2025-05-25,2024-25,SerieA,Lazio,Lecce,7,2,0,1,0.0,37,7,2,0,1,0.0,37,0.0,0.0
2025-05-25,2024-25,SerieA,Torino,Roma,7,2,0,1,0.0,37,7,2,0,2,0.0,37,0.0,0.0
2025-05-25,2024-25,EPL,Wolves,Brentford,5,2,1,1,-0.1,37,7,2,0,1,0.1,37,-2.0,0.5
2025-05-25,2024-25,LaLiga,Villarreal,Sevilla,7,3,0,2,-0.2,37,7,3,0,2,-0.2,37,0.0,1.0
