match_date,league,home_team,away_team,p_home,p_draw,p_away,predicted_result,actual_result,correct
2024-01-07,SerieA,Torino,Napoli,0.28665012,0.27737752,0.43597236,A,H,0
2024-01-07,SerieA,Udinese,Lazio,0.30958885,0.33542863,0.35498253,A,A,1
2024-01-07,SerieA,Salernitana,Juventus,0.13369025,0.25653362,0.60977614,A,A,1
2024-01-07,SerieA,Empoli,Milan,0.07082834,0.29226756,0.63690406,A,A,1
2024-01-07,SerieA,Roma,Atalanta,0.6591371,0.17697418,0.16388872,H,D,0
2024-01-12,Bundesliga,Bayern Munich,Hoffenheim,0.7641773,0.14408429,0.091738425,H,H,1
2024-01-12,LaLiga,Sevilla,Alaves,0.5321469,0.23370251,0.23415063,H,A,0
2024-01-12,Ligue1,Marseille,Strasbourg,0.6482786,0.21067092,0.14105049,H,D,0
2024-01-12,EPL,Burnley,Luton,0.41787168,0.19132051,0.39080784,H,D,0
2024-01-13,Bundesliga,Darmstadt,Dortmund,0.07894855,0.08603149,0.83501995,A,A,1
2024-01-13,Bundesliga,RB Leipzig,Ein Frankfurt,0.804787,0.09725976,0.09795319,H,A,0
2024-01-13,SerieA,Monza,Inter,0.2257409,0.16929433,0.6049648,A,A,1
2024-01-13,SerieA,Verona,Empoli,0.52096283,0.2344051,0.24463207,H,H,1
2024-01-13,Bundesliga,FC Koln,Heidenheim,0.2494564,0.37041363,0.3801299,A,D,0
2024-01-13,Bundesliga,Mainz,Wolfsburg,0.37725422,0.36201558,0.26073018,H,D,0
2024-01-13,Bundesliga,Freiburg,Union Berlin,0.58533454,0.23154104,0.18312442,H,D,0
2024-01-13,Bundesliga,Augsburg,Leverkusen,0.26744035,0.23749194,0.49506775,A,A,1
2024-01-13,EPL,Newcastle,Man City,0.38801843,0.20364109,0.40834045,A,A,1
2024-01-13,SerieA,Genoa,Torino,0.27170652,0.3307112,0.3975823,A,D,0
2024-01-13,EPL,Chelsea,Fulham,0.49756432,0.31884894,0.18358676,H,H,1
2024-01-13,SerieA,Napoli,Salernitana,0.84598035,0.08624163,0.06777809,H,H,1
2024-01-13,Ligue1,Monaco,Reims,0.5579153,0.25300986,0.18907489,H,A,0
2024-01-13,Ligue1,Rennes,Nice,0.23797427,0.13924849,0.6227773,A,H,0
2024-01-13,LaLiga,Betis,Granada,0.83004147,0.121807344,0.04815122,H,H,1
2024-01-13,LaLiga,Ath Bilbao,Sociedad,0.30855128,0.24320336,0.44824535,A,H,0
2024-01-13,LaLiga,Mallorca,Celta,0.5157769,0.33953792,0.14468521,H,D,0
2024-01-13,LaLiga,Las Palmas,Villarreal,0.37727836,0.32854745,0.2941742,H,H,1
2024-01-14,Bundesliga,Bochum,Werder Bremen,0.3780426,0.3647297,0.25722766,H,D,0
2024-01-14,Bundesliga,M'gladbach,Stuttgart,0.19507134,0.2437177,0.56121093,A,H,0
2024-01-14,EPL,Everton,Aston Villa,0.31374902,0.28627652,0.39997452,A,D,0
2024-01-14,EPL,Man United,Tottenham,0.5815406,0.14761898,0.27084047,H,D,0
2024-01-14,LaLiga,Cadiz,Valencia,0.258712,0.3563926,0.38489535,A,A,1
2024-01-14,SerieA,Lazio,Lecce,0.6578067,0.1877306,0.15446275,H,H,1
2024-01-14,Ligue1,Lens,Paris SG,0.27424338,0.22168854,0.5040681,A,A,1
2024-01-14,Ligue1,Le Havre,Lyon,0.233408,0.3734186,0.39317343,A,H,0
2024-01-14,Ligue1,Nantes,Clermont,0.28728,0.4704362,0.24228382,D,A,0
2024-01-14,LaLiga,Almeria,Girona,0.11508887,0.24188416,0.64302695,A,D,0
2024-01-14,Ligue1,Brest,Montpellier,0.5126172,0.29773256,0.18965024,H,H,1
2024-01-14,Ligue1,Lille,Lorient,0.64895195,0.28708312,0.063964926,H,H,1
2024-01-14,SerieA,Cagliari,Bologna,0.30402982,0.34507453,0.3508957,A,H,0
2024-01-14,SerieA,Fiorentina,Udinese,0.7072956,0.1949522,0.097752154,H,D,0
2024-01-14,SerieA,Milan,Roma,0.6161112,0.16443613,0.21945262,H,H,1
2024-01-14,Ligue1,Metz,Toulouse,0.13274832,0.5213657,0.345886,D,A,0
2024-01-15,SerieA,Atalanta,Frosinone,0.7366627,0.16052562,0.102811635,H,H,1
2024-01-16,SerieA,Juventus,Sassuolo,0.8467486,0.089500025,0.063751325,H,H,1
2024-01-19,LaLiga,Alaves,Cadiz,0.53433764,0.3192241,0.14643829,H,H,1
2024-01-20,SerieA,Udinese,Milan,0.21168755,0.2677113,0.5206011,A,A,1
2024-01-20,SerieA,Roma,Verona,0.74914366,0.13694605,0.11391027,H,H,1
2024-01-20,Bundesliga,RB Leipzig,Leverkusen,0.36076385,0.3196384,0.31959775,H,A,0
2024-01-20,Bundesliga,FC Koln,Dortmund,0.1253138,0.42462912,0.45005706,A,A,1
2024-01-20,Bundesliga,Freiburg,Hoffenheim,0.55676746,0.26490295,0.17832965,H,H,1
2024-01-20,Bundesliga,Darmstadt,Ein Frankfurt,0.23351498,0.26656562,0.49991935,A,D,0
2024-01-20,Bundesliga,Bochum,Stuttgart,0.32975817,0.27267346,0.39756835,A,H,0
2024-01-20,Bundesliga,Heidenheim,Wolfsburg,0.23700151,0.22970262,0.53329587,A,D,0
2024-01-20,EPL,Brentford,Nott'm Forest,0.21405701,0.46171927,0.32422373,D,H,0
2024-01-20,EPL,Arsenal,Crystal Palace,0.88785166,0.06763404,0.044514295,H,H,1
2024-01-20,LaLiga,Villarreal,Mallorca,0.39499557,0.36867288,0.2363315,H,D,0
2024-01-20,LaLiga,Vallecano,Las Palmas,0.3702632,0.3491226,0.28061423,H,A,0
2024-01-20,LaLiga,Valencia,Ath Bilbao,0.2260345,0.4053367,0.36862874,D,H,0
2024-01-20,LaLiga,Celta,Sociedad,0.33584753,0.28327638,0.38087606,A,A,1
2024-01-21,SerieA,Lecce,Juventus,0.13914637,0.17096278,0.68989086,A,A,1
2024-01-21,SerieA,Salernitana,Genoa,0.35637027,0.34005207,0.30357772,H,A,0
2024-01-21,Bundesliga,Bayern Munich,Werder Bremen,0.86351484,0.08576652,0.050718695,H,A,0
2024-01-21,Bundesliga,M'gladbach,Augsburg,0.50237876,0.33606127,0.16155998,H,A,0
2024-01-21,EPL,Bournemouth,Liverpool,0.12696713,0.18973593,0.683297,A,A,1
2024-01-21,LaLiga,Osasuna,Getafe,0.3471676,0.24413255,0.40869987,A,H,0
2024-01-21,SerieA,Empoli,Monza,0.24948567,0.3669543,0.38356003,A,H,0
2024-01-21,LaLiga,Real Madrid,Almeria,0.87859464,0.09273872,0.02866662,H,H,1
2024-01-21,SerieA,Frosinone,Cagliari,0.36695305,0.36556548,0.2674815,H,H,1
2024-01-21,LaLiga,Betis,Barcelona,0.38797453,0.21962602,0.39239946,A,A,1
2024-01-21,LaLiga,Girona,Sevilla,0.6921259,0.16949771,0.13837638,H,H,1
2024-01-21,EPL,Sheffield United,West Ham,0.097732134,0.13859494,0.76367295,A,D,0
2024-01-22,EPL,Brighton,Wolves,0.52704775,0.22896148,0.24399073,H,D,0
2024-01-22,LaLiga,Granada,Ath Madrid,0.24497227,0.19305627,0.5619714,A,A,1
2024-01-24,Bundesliga,Bayern Munich,Union Berlin,0.8400065,0.10921226,0.050781235,H,H,1
2024-01-26,Bundesliga,Ein Frankfurt,Mainz,0.65801346,0.13924788,0.20273867,H,H,1
2024-01-26,LaLiga,Almeria,Alaves,0.3636618,0.39684337,0.23949485,D,A,0
2024-01-26,SerieA,Cagliari,Torino,0.45124182,0.2697152,0.27904302,H,A,0
2024-01-26,Ligue1,Lyon,Rennes,0.28936258,0.24166533,0.4689721,A,A,1
2024-01-27,Ligue1,Marseille,Monaco,0.65830207,0.14317043,0.19852747,H,D,0
2024-01-27,SerieA,Atalanta,Udinese,0.7149015,0.20974104,0.07535747,H,H,1
2024-01-27,LaLiga,Mallorca,Betis,0.3710793,0.23805211,0.39086854,A,A,1
2024-01-27,Ligue1,Nice,Metz,0.7780381,0.14005753,0.08190439,H,H,1
2024-01-27,LaLiga,Las Palmas,Real Madrid,0.24240728,0.29500118,0.46259153,A,A,1
2024-01-27,LaLiga,Sociedad,Vallecano,0.670428,0.21148372,0.11808828,H,D,0
2024-01-27,SerieA,Juventus,Empoli,0.88937384,0.07219423,0.038431894,H,D,0
2024-01-27,SerieA,Milan,Bologna,0.66755766,0.23450975,0.0979326,H,D,0
2024-01-27,Bundesliga,Leverkusen,M'gladbach,0.82171935,0.10378715,0.07449352,H,D,0
2024-01-27,Bundesliga,Wolfsburg,FC Koln,0.5639481,0.16693597,0.269116,H,D,0
2024-01-27,LaLiga,Barcelona,Villarreal,0.76919264,0.14388557,0.08692183,H,A,0
2024-01-27,Bundesliga,Stuttgart,RB Leipzig,0.21582626,0.35439757,0.4297762,A,H,0
2024-01-27,Bundesliga,Augsburg,Bayern Munich,0.18538494,0.26683578,0.54777926,A,A,1
2024-01-27,Bundesliga,Hoffenheim,Heidenheim,0.44241747,0.37214857,0.18543394,H,D,0
2024-01-27,Bundesliga,Werder Bremen,Freiburg,0.27652848,0.36480373,0.3586678,D,H,0
2024-01-28,LaLiga,Sevilla,Osasuna,0.24888664,0.43728352,0.31382984,D,D,1
2024-01-28,LaLiga,Cadiz,Ath Bilbao,0.42417857,0.20747665,0.3683448,H,D,0
2024-01-28,LaLiga,Celta,Girona,0.2178244,0.3401016,0.44207406,A,A,1
2024-01-28,Ligue1,Montpellier,Lille,0.18071024,0.17850262,0.6407871,A,D,0
2024-01-28,SerieA,Genoa,Lecce,0.46013156,0.22161107,0.31825736,H,H,1
2024-01-28,SerieA,Monza,Sassuolo,0.49001387,0.35225734,0.15772879,H,H,1
2024-01-28,SerieA,Lazio,Napoli,0.3491674,0.2574082,0.39342442,A,D,0
2024-01-28,LaLiga,Ath Madrid,Valencia,0.5377198,0.25197858,0.21030164,H,H,1
2024-01-28,Ligue1,Reims,Nantes,0.58909374,0.30169132,0.10921491,H,D,0
2024-01-28,Ligue1,Lorient,Le Havre,0.16969186,0.37939703,0.45091107,A,D,0
2024-01-28,Ligue1,Clermont,Strasbourg,0.4276599,0.20504491,0.36729518,H,D,0
2024-01-28,SerieA,Fiorentina,Inter,0.3740512,0.1944033,0.43154547,A,A,1
2024-01-28,SerieA,Verona,Frosinone,0.45293978,0.2162036,0.33085665,H,D,0
2024-01-28,Ligue1,Toulouse,Lens,0.17451568,0.17144717,0.6540371,A,A,1
2024-01-28,Ligue1,Paris SG,Brest,0.58645123,0.3086091,0.104939684,H,D,0
2024-01-28,Bundesliga,Union Berlin,Darmstadt,0.5451404,0.24260819,0.2122514,H,H,1
2024-01-28,Bundesliga,Dortmund,Bochum,0.8496419,0.074260056,0.076098055,H,H,1
2024-01-29,SerieA,Salernitana,Roma,0.2284978,0.3135211,0.4579811,A,A,1
2024-01-29,LaLiga,Getafe,Granada,0.5731806,0.29731944,0.12949991,H,H,1
2024-01-30,EPL,Crystal Palace,Sheffield United,0.6295735,0.2997887,0.07063771,H,H,1
2024-01-30,EPL,Nott'm Forest,Arsenal,0.10515238,0.3846984,0.51014924,A,A,1
2024-01-30,EPL,Fulham,Everton,0.47702292,0.33334893,0.18962821,H,D,0
2024-01-30,EPL,Luton,Brighton,0.1636653,0.16718556,0.6691491,A,H,0
2024-01-30,EPL,Aston Villa,Newcastle,0.75016344,0.12693831,0.122898266,H,A,0
2024-01-31,LaLiga,Ath Madrid,Vallecano,0.67646974,0.15025772,0.17327255,H,H,1
2024-01-31,LaLiga,Barcelona,Osasuna,0.8084993,0.13777693,0.053723738,H,H,1
2024-01-31,EPL,Liverpool,Chelsea,0.8073862,0.14016177,0.052452054,H,H,1
2024-01-31,EPL,Tottenham,Brentford,0.8344378,0.098697044,0.06686513,H,H,1
2024-01-31,EPL,Man City,Burnley,0.9180591,0.056817126,0.02512383,H,H,1
2024-02-01,LaLiga,Getafe,Real Madrid,0.27737242,0.23969196,0.4829356,A,A,1
2024-02-01,EPL,West Ham,Bournemouth,0.43324685,0.3676327,0.19912045,H,D,0
2024-02-01,EPL,Wolves,Man United,0.2527745,0.28971642,0.4575091,A,A,1
2024-02-02,Ligue1,Strasbourg,Paris SG,0.1957948,0.16648865,0.63771653,A,A,1
2024-02-02,Bundesliga,Heidenheim,Dortmund,0.22757949,0.13912596,0.6332945,A,D,0
2024-02-02,SerieA,Lecce,Fiorentina,0.22353801,0.26693812,0.50952387,A,H,0
2024-02-02,LaLiga,Ath Bilbao,Mallorca,0.6663111,0.14700072,0.1866882,H,H,1
2024-02-03,EPL,Everton,Tottenham,0.29246122,0.3484158,0.35912296,A,D,0
2024-02-03,EPL,Brighton,Crystal Palace,0.63581985,0.23792638,0.12625375,H,H,1
2024-02-03,EPL,Burnley,Fulham,0.326113,0.23923987,0.43464714,A,D,0
2024-02-03,EPL,Newcastle,Luton,0.5234612,0.24905425,0.22748454,H,D,0
2024-02-03,SerieA,Empoli,Genoa,0.38992932,0.41728655,0.19278416,D,D,1
2024-02-03,SerieA,Udinese,Monza,0.46108317,0.2530204,0.28589648,H,D,0
2024-02-03,SerieA,Frosinone,Milan,0.12718144,0.22548707,0.6473315,A,A,1
2024-02-03,EPL,Sheffield United,Aston Villa,0.0882618,0.103992134,0.8077461,A,A,1
2024-02-03,SerieA,Bologna,Sassuolo,0.68630016,0.22509575,0.0886041,H,H,1
2024-02-03,Bundesliga,Bayern Munich,M'gladbach,0.844836,0.08077142,0.07439265,H,H,1
2024-02-03,LaLiga,Alaves,Barcelona,0.29524234,0.3070435,0.3977142,A,A,1
2024-02-03,LaLiga,Girona,Sociedad,0.54655313,0.17676459,0.2766823,H,D,0
2024-02-03,Bundesliga,Bochum,Augsburg,0.5048305,0.28372696,0.21144255,H,D,0
2024-02-03,Ligue1,Nantes,Lens,0.142899,0.47536412,0.38173684,D,A,0
2024-02-03,LaLiga,Granada,Las Palmas,0.26916772,0.23530395,0.49552828,A,D,0
2024-02-03,Ligue1,Rennes,Montpellier,0.5430098,0.25537926,0.20161092,H,H,1
2024-02-03,Bundesliga,FC Koln,Ein Frankfurt,0.34272298,0.36520037,0.29207668,D,H,0
2024-02-03,Bundesliga,Mainz,Werder Bremen,0.44566932,0.35672057,0.19761012,H,A,0
2024-02-03,Bundesliga,Freiburg,Stuttgart,0.5454509,0.2510604,0.20348863,H,A,0
2024-02-03,Bundesliga,Darmstadt,Leverkusen,0.1238713,0.13737886,0.73874986,A,A,1
2024-02-03,LaLiga,Valencia,Almeria,0.4686757,0.32208136,0.20924294,H,H,1
2024-02-04,Ligue1,Reims,Toulouse,0.45851246,0.29784304,0.24364448,H,A,0
2024-02-04,Bundesliga,Wolfsburg,Hoffenheim,0.45587346,0.28750294,0.2566235,H,D,0
2024-02-04,Ligue1,Lyon,Marseille,0.18998829,0.26359046,0.5464213,A,H,0
2024-02-04,Bundesliga,RB Leipzig,Union Berlin,0.6088949,0.11840809,0.27269697,H,H,1
2024-02-04,LaLiga,Real Madrid,Ath Madrid,0.7239376,0.17794788,0.09811451,H,D,0
2024-02-04,LaLiga,Betis,Getafe,0.75080967,0.16048786,0.08870246,H,D,0
2024-02-04,LaLiga,Villarreal,Cadiz,0.56254697,0.260353,0.1771,H,D,0
2024-02-04,Ligue1,Brest,Nice,0.50973177,0.26562732,0.2246409,H,D,0
2024-02-04,EPL,Man United,West Ham,0.6320443,0.1604759,0.20747976,H,H,1
2024-02-04,EPL,Chelsea,Wolves,0.46260613,0.3315956,0.20579825,H,A,0
2024-02-04,SerieA,Napoli,Verona,0.74985087,0.14461248,0.10553663,H,H,1
2024-02-04,SerieA,Atalanta,Lazio,0.44871813,0.37744346,0.17383835,H,H,1
2024-02-04,SerieA,Inter,Juventus,0.6226286,0.20478022,0.17259115,H,H,1
2024-02-04,SerieA,Torino,Salernitana,0.6802088,0.25418615,0.065605015,H,D,0
2024-02-04,Ligue1,Monaco,Le Havre,0.6209644,0.16107057,0.21796508,H,D,0
2024-02-04,EPL,Bournemouth,Nott'm Forest,0.4730874,0.26259026,0.2643223,H,D,0
2024-02-04,LaLiga,Osasuna,Celta,0.4029468,0.29699296,0.30006018,H,A,0
2024-02-04,Ligue1,Metz,Lorient,0.47717246,0.28120264,0.24162489,H,A,0
2024-02-04,EPL,Arsenal,Liverpool,0.35284093,0.13513085,0.5120282,A,H,0
2024-02-04,Ligue1,Lille,Clermont,0.64871836,0.24282397,0.108457655,H,H,1
2024-02-05,EPL,Brentford,Man City,0.18698558,0.3409408,0.47207358,A,A,1
2024-02-05,SerieA,Roma,Cagliari,0.73728997,0.17565732,0.08705273,H,H,1
2024-02-05,LaLiga,Vallecano,Sevilla,0.5009081,0.3220181,0.17707382,H,A,0
2024-02-07,Bundesliga,Mainz,Union Berlin,0.4261575,0.20811589,0.3657266,H,D,0
2024-02-09,Bundesliga,Dortmund,Freiburg,0.80454767,0.14050694,0.05494538,H,H,1
2024-02-09,LaLiga,Cadiz,Betis,0.26071498,0.1796765,0.5596085,A,A,1
2024-02-09,Ligue1,Marseille,Metz,0.7685943,0.16049911,0.07090659,H,D,0
2024-02-09,SerieA,Salernitana,Empoli,0.454999,0.36136246,0.18363851,H,A,0
2024-02-10,Bundesliga,Leverkusen,Bayern Munich,0.46893293,0.18100335,0.35006374,H,H,1
2024-02-10,SerieA,Sassuolo,Torino,0.3660436,0.33088174,0.30307466,H,D,0
2024-02-10,SerieA,Roma,Inter,0.48134664,0.19460881,0.3240446,H,A,0
2024-02-10,Bundesliga,Ein Frankfurt,Bochum,0.6865872,0.19064723,0.12276556,H,D,0
2024-02-10,Bundesliga,M'gladbach,Darmstadt,0.43243057,0.3822525,0.18531698,H,D,0
2024-02-10,Bundesliga,Union Berlin,Wolfsburg,0.58903915,0.21798241,0.19297841,H,H,1
2024-02-10,Bundesliga,Werder Bremen,Heidenheim,0.35060728,0.3247161,0.32467666,H,A,0
2024-02-10,SerieA,Cagliari,Lazio,0.22606397,0.38302028,0.39091572,A,A,1
2024-02-10,Bundesliga,Augsburg,RB Leipzig,0.40795496,0.23506688,0.35697815,H,D,0
2024-02-10,EPL,Fulham,Bournemouth,0.48293027,0.2290233,0.2880464,H,H,1
2024-02-10,EPL,Luton,Sheffield United,0.80034846,0.11124909,0.088402495,H,A,0
2024-02-10,EPL,Tottenham,Brighton,0.6934799,0.12731317,0.17920694,H,H,1
2024-02-10,EPL,Wolves,Brentford,0.5186939,0.2180286,0.26327744,H,A,0
2024-02-10,EPL,Nott'm Forest,Newcastle,0.32313544,0.1675939,0.5092706,A,A,1
2024-02-10,EPL,Liverpool,Burnley,0.9314054,0.048134245,0.02046027,H,H,1
2024-02-10,Ligue1,Paris SG,Lille,0.49301112,0.26513374,0.24185511,H,H,1
2024-02-10,Ligue1,Lens,Strasbourg,0.7754829,0.12597522,0.0985419,H,H,1
2024-02-10,LaLiga,Alaves,Villarreal,0.32958817,0.2733133,0.39709854,A,D,0
2024-02-10,LaLiga,Sociedad,Osasuna,0.7677936,0.16726203,0.06494441,H,A,0
2024-02-10,EPL,Man City,Everton,0.76286906,0.16267377,0.07445717,H,H,1
2024-02-10,LaLiga,Real Madrid,Girona,0.70655304,0.109187305,0.18425968,H,H,1
2024-02-10,LaLiga,Las Palmas,Valencia,0.51291883,0.24947901,0.23760217,H,H,1
2024-02-11,Ligue1,Nice,Monaco,0.6150994,0.15539126,0.2295094,H,A,0
2024-02-11,EPL,Aston Villa,Man United,0.59970343,0.13488023,0.26541632,H,A,0
2024-02-11,SerieA,Bologna,Lecce,0.7168855,0.1754803,0.107634164,H,H,1
2024-02-11,SerieA,Fiorentina,Frosinone,0.5718119,0.23957378,0.18861431,H,H,1
2024-02-11,SerieA,Genoa,Atalanta,0.1931866,0.3226023,0.48421112,A,A,1
2024-02-11,EPL,West Ham,Arsenal,0.19210532,0.32270655,0.48518816,A,A,1
2024-02-11,SerieA,Monza,Verona,0.5093077,0.29344115,0.19725113,H,D,0
2024-02-11,SerieA,Milan,Napoli,0.524058,0.1907891,0.28515294,H,H,1
2024-02-11,Ligue1,Le Havre,Rennes,0.27789873,0.1959086,0.52619267,A,A,1
2024-02-11,LaLiga,Sevilla,Ath Madrid,0.21851723,0.3792533,0.40222946,A,H,0
2024-02-11,Ligue1,Toulouse,Nantes,0.31810796,0.15696515,0.5249269,A,A,1
2024-02-11,Ligue1,Lorient,Reims,0.18178122,0.25257188,0.5656469,A,H,0
2024-02-11,Bundesliga,Hoffenheim,FC Koln,0.62658364,0.25516805,0.1182483,H,D,0
2024-02-11,Bundesliga,Stuttgart,Mainz,0.6524488,0.2394559,0.10809535,H,H,1
2024-02-11,LaLiga,Getafe,Celta,0.5299792,0.2903052,0.17971556,H,H,1
2024-02-11,LaLiga,Mallorca,Vallecano,0.40340456,0.40074816,0.1958473,H,H,1
2024-02-11,Ligue1,Montpellier,Lyon,0.3529543,0.22668494,0.42036074,A,A,1
2024-02-11,LaLiga,Barcelona,Granada,0.9130998,0.06458467,0.022315493,H,D,0
2024-02-11,Ligue1,Clermont,Brest,0.19265485,0.46049252,0.34685266,D,D,1
2024-02-12,SerieA,Juventus,Udinese,0.7788169,0.13591382,0.08526928,H,A,0
2024-02-12,EPL,Crystal Palace,Chelsea,0.44050246,0.34858927,0.21090825,H,A,0
2024-02-12,LaLiga,Almeria,Ath Bilbao,0.1591457,0.24731463,0.5935397,A,D,0
2024-02-14,SerieA,Bologna,Fiorentina,0.595454,0.15647095,0.24807505,H,H,1
2024-02-16,Ligue1,Lyon,Nice,0.3892063,0.1229371,0.48785657,A,H,0
2024-02-16,Bundesliga,FC Koln,Werder Bremen,0.6200621,0.19435287,0.18558505,H,A,0
2024-02-16,SerieA,Torino,Lecce,0.62261695,0.22317794,0.15420508,H,H,1
2024-02-16,SerieA,Inter,Salernitana,0.9236902,0.06137057,0.0149392625,H,H,1
2024-02-16,LaLiga,Villarreal,Getafe,0.6597654,0.17906918,0.16116537,H,D,0
2024-02-17,Ligue1,Nantes,Paris SG,0.2132012,0.28304577,0.50375307,A,A,1
2024-02-17,Ligue1,Lille,Le Havre,0.7072855,0.15473792,0.13797654,H,H,1
2024-02-17,SerieA,Verona,Juventus,0.21537507,0.23402049,0.55060446,A,D,0
2024-02-17,SerieA,Atalanta,Sassuolo,0.7912165,0.13854587,0.07023765,H,H,1
2024-02-17,LaLiga,Celta,Barcelona,0.29790503,0.32191402,0.38018098,A,A,1
2024-02-17,LaLiga,Osasuna,Cadiz,0.4628365,0.20621635,0.3309472,H,H,1
2024-02-17,LaLiga,Ath Madrid,Las Palmas,0.6712888,0.15169875,0.17701244,H,H,1
2024-02-17,Bundesliga,Darmstadt,Stuttgart,0.21684751,0.25375703,0.52939546,A,A,1
2024-02-17,Bundesliga,Heidenheim,Leverkusen,0.15316649,0.24504013,0.60179335,A,A,1
2024-02-17,EPL,Man City,Chelsea,0.8524446,0.092713855,0.05484158,H,D,0
2024-02-17,EPL,Tottenham,Wolves,0.7742313,0.11694191,0.10882679,H,A,0
2024-02-17,EPL,Nott'm Forest,West Ham,0.33048344,0.09816961,0.571347,A,H,0
2024-02-17,EPL,Newcastle,Bournemouth,0.67021626,0.14827012,0.18151356,H,D,0
2024-02-17,LaLiga,Valencia,Sevilla,0.6687296,0.20200498,0.12926537,H,D,0
2024-02-17,EPL,Burnley,Arsenal,0.08228911,0.13000049,0.7877104,A,A,1
2024-02-17,EPL,Fulham,Aston Villa,0.32307237,0.22942846,0.44749916,A,A,1
2024-02-17,Bundesliga,Hoffenheim,Union Berlin,0.5988336,0.23629884,0.16486754,H,A,0
2024-02-17,Bundesliga,Mainz,Augsburg,0.44070226,0.24946122,0.3098365,H,H,1
2024-02-17,Bundesliga,Wolfsburg,Dortmund,0.2875234,0.1611892,0.55128735,A,D,0
2024-02-17,Bundesliga,RB Leipzig,M'gladbach,0.6399864,0.18780956,0.17220405,H,H,1
2024-02-17,EPL,Brentford,Liverpool,0.20820686,0.34566495,0.44612813,A,A,1
2024-02-17,SerieA,Napoli,Genoa,0.7781355,0.1516735,0.07019101,H,D,0
2024-02-18,Ligue1,Montpellier,Metz,0.34404737,0.45123124,0.20472135,D,H,0
2024-02-18,Ligue1,Rennes,Clermont,0.5866691,0.25308934,0.16024157,H,H,1
2024-02-18,Ligue1,Reims,Lens,0.18585677,0.22023489,0.59390837,A,D,0
2024-02-18,Ligue1,Brest,Marseille,0.48992863,0.22003278,0.29003856,H,H,1
2024-02-18,Ligue1,Monaco,Toulouse,0.5914477,0.2225864,0.18596587,H,A,0
2024-02-18,Ligue1,Strasbourg,Lorient,0.40426138,0.31931087,0.2764278,H,A,0
2024-02-18,LaLiga,Betis,Alaves,0.6053175,0.28261217,0.11207036,H,D,0
2024-02-18,Bundesliga,Freiburg,Ein Frankfurt,0.3889588,0.34367126,0.26736993,H,D,0
2024-02-18,Bundesliga,Bochum,Bayern Munich,0.21521734,0.21193096,0.5728517,A,H,0
2024-02-18,LaLiga,Mallorca,Sociedad,0.29015025,0.33773407,0.3721157,A,A,1
2024-02-18,LaLiga,Vallecano,Real Madrid,0.337193,0.19057213,0.4722349,A,D,0
2024-02-18,SerieA,Lazio,Bologna,0.51040125,0.2715,0.21809879,H,A,0
2024-02-18,SerieA,Empoli,Fiorentina,0.2903472,0.22784257,0.48181027,A,D,0
2024-02-18,SerieA,Udinese,Cagliari,0.56468797,0.2729856,0.16232638,H,D,0
2024-02-18,EPL,Luton,Man United,0.28523254,0.22972465,0.4850428,A,A,1
2024-02-18,EPL,Sheffield United,Brighton,0.16368984,0.16736603,0.6689441,A,A,1
2024-02-18,SerieA,Frosinone,Roma,0.23846383,0.3024088,0.45912728,A,A,1
2024-02-18,SerieA,Monza,Milan,0.134338,0.26248273,0.6031792,A,H,0
2024-02-18,LaLiga,Granada,Almeria,0.6117505,0.23223788,0.15601158,H,D,0
2024-02-19,LaLiga,Ath Bilbao,Girona,0.45782363,0.2276062,0.3145702,H,H,1
2024-02-19,EPL,Everton,Crystal Palace,0.76646775,0.1094339,0.12409837,H,D,0
2024-02-20,EPL,Man City,Brentford,0.9098921,0.05897062,0.031137364,H,H,1
2024-02-21,EPL,Liverpool,Luton,0.8413041,0.10779982,0.050896086,H,H,1
2024-02-22,SerieA,Torino,Lazio,0.5791629,0.215576,0.20526111,H,A,0
2024-02-23,Bundesliga,Leverkusen,Mainz,0.89002484,0.05933326,0.05064184,H,H,1
2024-02-23,SerieA,Bologna,Verona,0.7909112,0.11895574,0.09013304,H,H,1
2024-02-23,LaLiga,Sociedad,Villarreal,0.7825184,0.102681525,0.1148001,H,A,0
2024-02-23,Ligue1,Metz,Lyon,0.38501137,0.2617376,0.35325098,H,A,0
2024-02-24,SerieA,Sassuolo,Empoli,0.35424572,0.499332,0.14642231,D,A,0
2024-02-24,SerieA,Salernitana,Monza,0.31997547,0.3732604,0.3067641,D,A,0
2024-02-24,SerieA,Genoa,Udinese,0.42859825,0.33303592,0.23836584,H,H,1
2024-02-24,LaLiga,Almeria,Ath Madrid,0.14221817,0.25204998,0.60573184,A,D,0
2024-02-24,LaLiga,Alaves,Mallorca,0.4355924,0.2649189,0.29948872,H,D,0
2024-02-24,LaLiga,Barcelona,Getafe,0.8078417,0.11485326,0.07730508,H,H,1
2024-02-24,Bundesliga,M'gladbach,Bochum,0.56479406,0.28360292,0.15160304,H,H,1
2024-02-24,Bundesliga,Stuttgart,FC Koln,0.67563224,0.15720183,0.16716596,H,D,0
2024-02-24,Bundesliga,Union Berlin,Heidenheim,0.37360016,0.44580513,0.1805947,D,D,1
2024-02-24,Bundesliga,Werder Bremen,Darmstadt,0.27517393,0.3341683,0.39065775,A,D,0
2024-02-24,Bundesliga,Bayern Munich,RB Leipzig,0.7610862,0.10897559,0.12993816,H,H,1
2024-02-24,EPL,Brighton,Everton,0.66337377,0.15972635,0.17689988,H,D,0
2024-02-24,EPL,Aston Villa,Nott'm Forest,0.69371784,0.17521535,0.13106686,H,H,1
2024-02-24,EPL,Bournemouth,Man City,0.15138598,0.14400768,0.70460635,A,A,1
2024-02-24,Ligue1,Lorient,Nantes,0.4034525,0.25750312,0.33904436,H,A,0
2024-02-24,Ligue1,Strasbourg,Brest,0.32084736,0.2658223,0.41333038,A,A,1
2024-02-24,EPL,Man United,Fulham,0.69833744,0.15507224,0.14659028,H,A,0
2024-02-24,EPL,Arsenal,Newcastle,0.64728284,0.18838021,0.16433696,H,H,1
2024-02-24,EPL,Crystal Palace,Burnley,0.49900943,0.3580243,0.1429663,H,H,1
2024-02-25,SerieA,Lecce,Inter,0.14522223,0.06589725,0.7888806,A,A,1
2024-02-25,EPL,Wolves,Sheffield United,0.81434566,0.11594732,0.06970699,H,H,1
2024-02-25,SerieA,Cagliari,Napoli,0.16927421,0.3510653,0.47966045,A,D,0
2024-02-25,LaLiga,Cadiz,Celta,0.442113,0.31064725,0.24723975,H,D,0
2024-02-25,Ligue1,Paris SG,Rennes,0.6585055,0.18595468,0.15553986,H,D,0
2024-02-25,Ligue1,Toulouse,Lille,0.21295126,0.25062254,0.5364262,A,H,0
2024-02-25,Ligue1,Nice,Clermont,0.672971,0.23531854,0.091710486,H,D,0
2024-02-25,Ligue1,Le Havre,Reims,0.27632052,0.2808529,0.4428266,A,A,1
2024-02-25,Ligue1,Lens,Monaco,0.64268994,0.21898991,0.13832012,H,A,0
2024-02-25,SerieA,Juventus,Frosinone,0.7349749,0.1506996,0.11432551,H,H,1
2024-02-25,Bundesliga,Ein Frankfurt,Wolfsburg,0.5508757,0.24692099,0.2022033,H,D,0
2024-02-25,Ligue1,Marseille,Montpellier,0.6224643,0.17259955,0.20493609,H,H,1
2024-02-25,Bundesliga,Augsburg,Freiburg,0.4934865,0.19302529,0.31348822,H,H,1
2024-02-25,LaLiga,Betis,Ath Bilbao,0.53856885,0.2817043,0.1797269,H,H,1
2024-02-25,LaLiga,Las Palmas,Osasuna,0.46186727,0.30500188,0.23313084,H,D,0
2024-02-25,LaLiga,Real Madrid,Sevilla,0.8823811,0.070787296,0.046831585,H,H,1
2024-02-25,Bundesliga,Dortmund,Hoffenheim,0.8174767,0.1349114,0.047611967,H,A,0
2024-02-25,SerieA,Milan,Atalanta,0.42013854,0.19894294,0.3809185,H,D,0
2024-02-26,EPL,West Ham,Brentford,0.27932307,0.30872217,0.41195473,A,H,0
2024-02-26,LaLiga,Girona,Vallecano,0.6833057,0.16210619,0.15458813,H,H,1
2024-02-26,SerieA,Fiorentina,Lazio,0.39205343,0.2920053,0.31594127,H,H,1
2024-02-26,SerieA,Roma,Torino,0.60672337,0.25289908,0.14037752,H,H,1
2024-02-28,SerieA,Inter,Atalanta,0.55169445,0.282825,0.16548058,H,H,1
2024-02-28,SerieA,Sassuolo,Napoli,0.2637444,0.4438276,0.29242793,D,A,0
2024-03-01,SerieA,Lazio,Milan,0.5646645,0.1281336,0.30720192,H,A,0
2024-03-01,Ligue1,Monaco,Paris SG,0.49338123,0.1103334,0.39628533,H,D,0
2024-03-01,LaLiga,Celta,Almeria,0.6097516,0.27473503,0.1155134,H,H,1
2024-03-01,Bundesliga,Freiburg,Bayern Munich,0.24406496,0.17225948,0.58367556,A,D,0
2024-03-02,SerieA,Monza,Roma,0.32223523,0.2983951,0.37936968,A,A,1
2024-03-02,LaLiga,Sevilla,Sociedad,0.23137642,0.3161373,0.45248625,A,H,0
2024-03-02,EPL,Nott'm Forest,Liverpool,0.19146258,0.21222493,0.59631246,A,A,1
2024-03-02,LaLiga,Vallecano,Cadiz,0.43337712,0.3960123,0.17061055,H,D,0
2024-03-02,EPL,Tottenham,Crystal Palace,0.78360474,0.1328933,0.083502,H,H,1
2024-03-02,EPL,Luton,Aston Villa,0.19180219,0.3529582,0.45523965,A,A,1
2024-03-02,EPL,Newcastle,Wolves,0.7008883,0.15404378,0.14506799,H,H,1
2024-03-02,SerieA,Torino,Fiorentina,0.42681667,0.18462175,0.38856158,H,D,0
2024-03-02,EPL,Everton,West Ham,0.6846017,0.111862585,0.20353568,H,A,0
2024-03-02,SerieA,Udinese,Salernitana,0.5213146,0.3324942,0.14619118,H,D,0
2024-03-02,Bundesliga,Wolfsburg,Stuttgart,0.3020126,0.14339148,0.55459595,A,A,1
2024-03-02,Bundesliga,Union Berlin,Dortmund,0.26960814,0.31190094,0.4184909,A,A,1
2024-03-02,Bundesliga,Mainz,M'gladbach,0.43341735,0.40908507,0.15749757,H,D,0
2024-03-02,Bundesliga,Heidenheim,Ein Frankfurt,0.4483865,0.17311697,0.3784965,H,A,0
2024-03-02,Bundesliga,Darmstadt,Augsburg,0.53853965,0.15163049,0.3098299,H,A,0
2024-03-02,Bundesliga,Bochum,RB Leipzig,0.3049421,0.26609507,0.42896286,A,A,1
2024-03-02,Ligue1,Clermont,Marseille,0.24940325,0.3328495,0.4177473,A,A,1
2024-03-02,LaLiga,Valencia,Real Madrid,0.233072,0.2907482,0.47617975,A,D,0
2024-03-02,Ligue1,Reims,Lille,0.24633884,0.17902006,0.57464105,A,A,1
2024-03-02,LaLiga,Getafe,Las Palmas,0.52467775,0.28194922,0.19337307,H,D,0
2024-03-02,EPL,Brentford,Chelsea,0.5282132,0.23979603,0.23199078,H,D,0
2024-03-02,EPL,Fulham,Brighton,0.20832019,0.334058,0.45762187,A,H,0
2024-03-03,SerieA,Napoli,Juventus,0.40715963,0.13577972,0.4570606,A,H,0
2024-03-03,SerieA,Atalanta,Bologna,0.39842847,0.23016423,0.3714073,H,A,0
2024-03-03,SerieA,Frosinone,Lecce,0.29597545,0.33685485,0.3671697,A,D,0
2024-03-03,SerieA,Empoli,Cagliari,0.4104357,0.35705253,0.23251173,H,A,0
2024-03-03,SerieA,Verona,Sassuolo,0.7168894,0.10648921,0.17662142,H,H,1
2024-03-03,Ligue1,Nantes,Metz,0.49966672,0.31432486,0.18600838,H,A,0
2024-03-03,Ligue1,Rennes,Lorient,0.6243471,0.15511398,0.22053897,H,A,0
2024-03-03,LaLiga,Ath Madrid,Betis,0.54212725,0.28459552,0.17327721,H,H,1
2024-03-03,LaLiga,Mallorca,Girona,0.22087808,0.27049193,0.50863,A,H,0
2024-03-03,LaLiga,Ath Bilbao,Barcelona,0.2934687,0.1623032,0.54422814,A,D,0
2024-03-03,Ligue1,Lyon,Lens,0.12156313,0.30770972,0.57072717,A,A,1
2024-03-03,Bundesliga,Hoffenheim,Werder Bremen,0.583034,0.24554151,0.17142454,H,H,1
2024-03-03,Bundesliga,FC Koln,Leverkusen,0.2360705,0.24788263,0.5160469,A,A,1
2024-03-03,Ligue1,Montpellier,Strasbourg,0.39325306,0.47064796,0.13609897,D,D,1
2024-03-03,Ligue1,Brest,Le Havre,0.7742708,0.17167944,0.05404978,H,H,1
2024-03-03,Ligue1,Toulouse,Nice,0.15013136,0.20376243,0.6461062,A,H,0
2024-03-03,EPL,Burnley,Bournemouth,0.20794393,0.15416361,0.6378924,A,A,1
2024-03-03,EPL,Man City,Man United,0.7616359,0.13595666,0.102407426,H,H,1
2024-03-03,LaLiga,Villarreal,Granada,0.63933337,0.20688027,0.15378639,H,H,1
2024-03-04,SerieA,Inter,Genoa,0.8863994,0.07830155,0.035299104,H,H,1
2024-03-04,EPL,Sheffield United,Arsenal,0.08715155,0.055516247,0.85733217,A,A,1
2024-03-04,LaLiga,Osasuna,Alaves,0.51161265,0.20971906,0.2786683,H,H,1
2024-03-08,Ligue1,Nice,Montpellier,0.42476657,0.23536558,0.33986786,H,A,0
2024-03-08,Bundesliga,Stuttgart,Union Berlin,0.6162987,0.19534788,0.18835343,H,H,1
2024-03-08,LaLiga,Barcelona,Mallorca,0.89132595,0.07919977,0.029474305,H,H,1
2024-03-08,SerieA,Napoli,Torino,0.772355,0.12041514,0.10722986,H,D,0
2024-03-09,SerieA,Cagliari,Salernitana,0.5767316,0.2678429,0.1554255,H,H,1
2024-03-09,Bundesliga,Bayern Munich,Mainz,0.80715317,0.1289936,0.0638532,H,H,1
2024-03-09,Bundesliga,Augsburg,Heidenheim,0.26315,0.34292343,0.39392656,A,H,0
2024-03-09,LaLiga,Valencia,Getafe,0.5405997,0.29385462,0.1655457,H,H,1
2024-03-09,Bundesliga,Werder Bremen,Dortmund,0.25510138,0.2968023,0.44809628,A,A,1
2024-03-09,EPL,Wolves,Fulham,0.3238469,0.33671787,0.3394352,A,H,0
2024-03-09,SerieA,Genoa,Monza,0.37894174,0.17335632,0.44770196,A,A,1
2024-03-09,SerieA,Bologna,Inter,0.40044382,0.4022402,0.19731604,D,A,0
2024-03-09,EPL,Man United,Everton,0.71032405,0.16162263,0.12805335,H,H,1
2024-03-09,EPL,Bournemouth,Sheffield United,0.83786356,0.06827645,0.09385996,H,D,0
2024-03-09,SerieA,Sassuolo,Frosinone,0.2782484,0.2944111,0.42734048,A,H,0
2024-03-09,EPL,Arsenal,Brentford,0.73914784,0.216527,0.044325188,H,H,1
2024-03-09,EPL,Crystal Palace,Luton,0.71953017,0.16339917,0.117070615,H,D,0
2024-03-09,Bundesliga,RB Leipzig,Darmstadt,0.83783996,0.102402486,0.059757553,H,H,1
2024-03-09,Ligue1,Lorient,Lyon,0.29604986,0.17685165,0.5270985,A,A,1
2024-03-09,Ligue1,Lens,Brest,0.5636637,0.2472132,0.18912312,H,H,1
2024-03-09,Bundesliga,M'gladbach,FC Koln,0.62321144,0.24370046,0.13308811,H,D,0
2024-03-09,LaLiga,Cadiz,Ath Madrid,0.12637265,0.2149028,0.65872455,A,H,0
2024-03-09,LaLiga,Granada,Sociedad,0.23208582,0.18294488,0.58496934,A,A,1
2024-03-09,LaLiga,Girona,Osasuna,0.64038974,0.20875156,0.1508587,H,H,1
2024-03-10,LaLiga,Real Madrid,Celta,0.89583904,0.07450428,0.029656678,H,H,1
2024-03-10,Ligue1,Metz,Clermont,0.3441586,0.37964734,0.27619404,D,H,0
2024-03-10,Ligue1,Strasbourg,Monaco,0.27019662,0.21842901,0.5113744,A,A,1
2024-03-10,Ligue1,Lille,Rennes,0.5095861,0.23094943,0.25946447,H,D,0
2024-03-10,Ligue1,Marseille,Nantes,0.78819185,0.12503952,0.086768605,H,H,1
2024-03-10,LaLiga,Alaves,Vallecano,0.38018787,0.372362,0.24745011,H,H,1
2024-03-10,LaLiga,Betis,Villarreal,0.4949628,0.31041315,0.19462408,H,A,0
2024-03-10,Ligue1,Le Havre,Toulouse,0.221636,0.20752518,0.5708388,A,H,0
2024-03-10,EPL,Aston Villa,Tottenham,0.5592524,0.18635745,0.25439018,H,A,0
2024-03-10,EPL,Brighton,Nott'm Forest,0.62887084,0.2279108,0.14321837,H,H,1
2024-03-10,EPL,West Ham,Burnley,0.81183624,0.1281427,0.060021106,H,D,0
2024-03-10,EPL,Liverpool,Man City,0.6308225,0.16962257,0.19955496,H,D,0
2024-03-10,Bundesliga,Leverkusen,Wolfsburg,0.81362855,0.12764941,0.058722068,H,H,1
2024-03-10,Bundesliga,Ein Frankfurt,Hoffenheim,0.661562,0.15813461,0.18030332,H,H,1
2024-03-10,LaLiga,Las Palmas,Ath Bilbao,0.2840787,0.17740394,0.53851736,A,A,1
2024-03-10,Ligue1,Paris SG,Reims,0.7908855,0.13370083,0.07541365,H,D,0
2024-03-10,Bundesliga,Bochum,Freiburg,0.29733056,0.3073103,0.39535913,A,A,1
2024-03-10,SerieA,Fiorentina,Roma,0.43488342,0.22604056,0.339076,H,D,0
2024-03-10,SerieA,Lecce,Verona,0.3954675,0.40261352,0.201919,D,A,0
2024-03-10,SerieA,Juventus,Atalanta,0.59850585,0.18424475,0.21724941,H,D,0
2024-03-10,SerieA,Milan,Empoli,0.74684024,0.18124591,0.071913876,H,H,1
2024-03-11,SerieA,Lazio,Udinese,0.6725468,0.204401,0.12305221,H,A,0
2024-03-11,EPL,Chelsea,Newcastle,0.3358155,0.34020287,0.32398167,D,H,0
2024-03-11,LaLiga,Almeria,Sevilla,0.35857397,0.25167304,0.38975298,A,D,0
2024-03-13,EPL,Bournemouth,Luton,0.43574405,0.27326253,0.2909934,H,H,1
2024-03-15,Bundesliga,FC Koln,RB Leipzig,0.28175303,0.37523806,0.34300894,D,A,0
2024-03-15,Ligue1,Toulouse,Lyon,0.4192852,0.19088314,0.38983163,H,A,0
2024-03-15,SerieA,Empoli,Bologna,0.3304375,0.15651232,0.51305014,A,A,1
2024-03-15,LaLiga,Sociedad,Cadiz,0.7112618,0.15418679,0.13455142,H,H,1
2024-03-16,Ligue1,Nantes,Strasbourg,0.4587074,0.2882581,0.25303447,H,A,0
2024-03-16,SerieA,Frosinone,Lazio,0.10069481,0.14861435,0.7506909,A,A,1
2024-03-16,LaLiga,Ath Bilbao,Alaves,0.70139146,0.15926775,0.13934079,H,H,1
2024-03-16,SerieA,Salernitana,Lecce,0.16052504,0.28922346,0.5502515,A,A,1
2024-03-16,Ligue1,Lens,Nice,0.72217375,0.15460213,0.12322412,H,A,0
2024-03-16,Bundesliga,Wolfsburg,Augsburg,0.19017738,0.16056778,0.6492548,A,A,1
2024-03-16,Bundesliga,Hoffenheim,Stuttgart,0.24401616,0.40003812,0.35594574,D,A,0
2024-03-16,LaLiga,Getafe,Girona,0.20206112,0.30676606,0.49117276,A,H,0
2024-03-16,EPL,Fulham,Tottenham,0.25988233,0.20597519,0.5341425,A,H,0
2024-03-16,EPL,Luton,Nott'm Forest,0.2433085,0.3716362,0.38505527,A,D,0
2024-03-16,Bundesliga,Union Berlin,Werder Bremen,0.51644343,0.27982584,0.20373072,H,H,1
2024-03-16,Bundesliga,Mainz,Bochum,0.43537667,0.327069,0.23755425,H,H,1
2024-03-16,Bundesliga,Heidenheim,M'gladbach,0.35079998,0.27607414,0.3731259,A,D,0
2024-03-16,Bundesliga,Darmstadt,Bayern Munich,0.16223547,0.1364117,0.70135283,A,A,1
2024-03-16,LaLiga,Mallorca,Granada,0.54578984,0.2363859,0.21782428,H,H,1
2024-03-16,EPL,Burnley,Brentford,0.16755125,0.106169306,0.72627944,A,H,0
2024-03-16,LaLiga,Osasuna,Real Madrid,0.19536293,0.1685653,0.6360718,A,A,1
2024-03-16,SerieA,Udinese,Torino,0.3638078,0.258166,0.3780262,A,A,1
2024-03-16,SerieA,Monza,Cagliari,0.53294945,0.266893,0.20015752,H,H,1
2024-03-17,Ligue1,Brest,Lille,0.5164091,0.20811291,0.275478,H,D,0
2024-03-17,Ligue1,Rennes,Marseille,0.46164334,0.23186924,0.30648738,H,H,1
2024-03-17,LaLiga,Villarreal,Valencia,0.560842,0.2381669,0.20099115,H,H,1
2024-03-17,Ligue1,Reims,Metz,0.5196613,0.3191926,0.16114609,H,H,1
2024-03-17,Ligue1,Clermont,Le Havre,0.20051393,0.4330173,0.36646873,D,H,0
2024-03-17,Ligue1,Monaco,Lorient,0.69201005,0.1940107,0.11397922,H,D,0
2024-03-17,Ligue1,Montpellier,Paris SG,0.18281561,0.1429198,0.6742646,A,A,1
2024-03-17,SerieA,Inter,Napoli,0.65589064,0.15742555,0.18668377,H,D,0
2024-03-17,SerieA,Verona,Milan,0.109027095,0.32298338,0.5679895,A,A,1
2024-03-17,LaLiga,Vallecano,Betis,0.22914147,0.27463865,0.4962198,A,H,0
2024-03-17,LaLiga,Ath Madrid,Barcelona,0.3419392,0.16303207,0.49502876,A,A,1
2024-03-17,SerieA,Juventus,Genoa,0.7592375,0.15836465,0.08239787,H,D,0
2024-03-17,EPL,West Ham,Aston Villa,0.5027192,0.2478968,0.24938394,H,D,0
2024-03-17,LaLiga,Sevilla,Celta,0.52597547,0.32338443,0.1506401,H,A,0
2024-03-17,Bundesliga,Freiburg,Leverkusen,0.33806187,0.36242324,0.29951486,D,A,0
2024-03-17,SerieA,Roma,Sassuolo,0.80276304,0.099590264,0.09764669,H,H,1
2024-03-17,LaLiga,Las Palmas,Almeria,0.67694855,0.2026766,0.120374866,H,A,0
2024-03-17,Bundesliga,Dortmund,Ein Frankfurt,0.60974365,0.17491549,0.2153409,H,H,1
2024-03-29,Ligue1,Lille,Lens,0.4114885,0.22186337,0.36664817,H,H,1
2024-03-29,LaLiga,Cadiz,Granada,0.56115115,0.2454697,0.19337915,H,H,1
2024-03-30,EPL,Newcastle,West Ham,0.71450466,0.13834387,0.14715141,H,H,1
2024-03-30,EPL,Bournemouth,Everton,0.3339801,0.3986936,0.26732633,D,H,0
2024-03-30,EPL,Chelsea,Burnley,0.8042597,0.12888773,0.06685257,H,D,0
2024-03-30,EPL,Nott'm Forest,Crystal Palace,0.4129599,0.3287716,0.2582685,H,D,0
2024-03-30,EPL,Sheffield United,Fulham,0.111669,0.31285477,0.5754762,A,D,0
2024-03-30,EPL,Tottenham,Luton,0.7101985,0.14683531,0.14296614,H,H,1
2024-03-30,EPL,Aston Villa,Wolves,0.7670151,0.10438467,0.12860018,H,H,1
2024-03-30,EPL,Brentford,Man United,0.40883055,0.17127018,0.4198993,A,D,0
2024-03-30,Ligue1,Metz,Monaco,0.23352659,0.341291,0.4251824,A,A,1
2024-03-30,Ligue1,Lyon,Reims,0.537612,0.23600595,0.22638202,H,D,0
2024-03-30,SerieA,Fiorentina,Milan,0.24668455,0.17341249,0.579903,A,A,1
2024-03-30,SerieA,Lazio,Juventus,0.29746896,0.17461663,0.5279144,A,H,0
2024-03-30,SerieA,Torino,Monza,0.5526635,0.21413675,0.23319976,H,H,1
2024-03-30,Bundesliga,Bayern Munich,Dortmund,0.7128786,0.1458426,0.14127883,H,A,0
2024-03-30,Bundesliga,Werder Bremen,Wolfsburg,0.52365994,0.23303446,0.24330561,H,A,0
2024-03-30,Bundesliga,RB Leipzig,Mainz,0.72134024,0.20820566,0.07045407,H,D,0
2024-03-30,Bundesliga,M'gladbach,Freiburg,0.59837914,0.21535307,0.18626775,H,A,0
2024-03-30,Bundesliga,Leverkusen,Hoffenheim,0.8043197,0.14887257,0.046807714,H,H,1
2024-03-30,Bundesliga,Ein Frankfurt,Union Berlin,0.7107239,0.0919357,0.19734043,H,D,0
2024-03-30,SerieA,Napoli,Atalanta,0.7289078,0.124845006,0.14624715,H,A,0
2024-03-30,LaLiga,Getafe,Sevilla,0.4429002,0.32314667,0.23395306,H,A,0
2024-03-30,LaLiga,Almeria,Osasuna,0.33818737,0.2735223,0.38829038,A,A,1
2024-03-30,LaLiga,Valencia,Mallorca,0.6138423,0.22415374,0.16200398,H,D,0
2024-03-30,LaLiga,Barcelona,Las Palmas,0.8084731,0.14541428,0.04611257,H,H,1
2024-03-30,SerieA,Genoa,Frosinone,0.41684148,0.31301802,0.27014044,H,D,0
2024-03-31,EPL,Man City,Arsenal,0.4915952,0.32924992,0.17915493,H,D,0
2024-03-31,Ligue1,Clermont,Toulouse,0.30849606,0.26719642,0.42430753,A,A,1
2024-03-31,Ligue1,Le Havre,Montpellier,0.36465713,0.33137393,0.30396894,H,A,0
2024-03-31,Ligue1,Marseille,Paris SG,0.37906408,0.17934279,0.4415931,A,A,1
2024-03-31,LaLiga,Real Madrid,Ath Bilbao,0.69843805,0.119414486,0.18214752,H,H,1
2024-03-31,EPL,Liverpool,Brighton,0.7782761,0.13010006,0.091623865,H,H,1
2024-03-31,Ligue1,Nice,Nantes,0.56946665,0.34231102,0.08822232,H,A,0
2024-03-31,Ligue1,Lorient,Brest,0.24397908,0.16115311,0.5948678,A,A,1
2024-03-31,Bundesliga,Stuttgart,Heidenheim,0.56929344,0.31337443,0.11733212,H,D,0
2024-03-31,Bundesliga,Augsburg,FC Koln,0.37919113,0.494373,0.12643583,D,D,1
2024-03-31,LaLiga,Alaves,Sociedad,0.20961405,0.37178642,0.41859958,A,A,1
2024-03-31,LaLiga,Girona,Betis,0.5724997,0.17953217,0.24796815,H,H,1
2024-03-31,Bundesliga,Bochum,Darmstadt,0.7111017,0.15317842,0.13571985,H,D,0
2024-03-31,LaLiga,Celta,Vallecano,0.39708877,0.42122766,0.18168357,D,D,1
2024-03-31,Ligue1,Strasbourg,Rennes,0.22145952,0.19466673,0.5838738,A,H,0
2024-04-01,SerieA,Bologna,Salernitana,0.70844156,0.24299367,0.048564762,H,H,1
2024-04-01,SerieA,Sassuolo,Udinese,0.32502282,0.5010186,0.17395855,D,D,1
2024-04-01,SerieA,Lecce,Roma,0.19660029,0.22926438,0.5741353,A,D,0
2024-04-01,SerieA,Inter,Empoli,0.8817313,0.0988498,0.019418929,H,H,1
2024-04-01,LaLiga,Villarreal,Ath Madrid,0.31887183,0.33888167,0.34224653,A,A,1
2024-04-01,SerieA,Cagliari,Verona,0.41719028,0.40197694,0.18083274,H,D,0
2024-04-02,EPL,West Ham,Tottenham,0.5764605,0.15531445,0.26822504,H,D,0
2024-04-02,EPL,Newcastle,Everton,0.7818599,0.13906087,0.07907931,H,D,0
2024-04-02,EPL,Nott'm Forest,Fulham,0.33368173,0.25621152,0.41010675,A,H,0
2024-04-02,EPL,Burnley,Wolves,0.36842117,0.19380537,0.4377735,A,D,0
2024-04-02,EPL,Bournemouth,Crystal Palace,0.41520345,0.34936368,0.2354328,H,H,1
2024-04-03,EPL,Brentford,Brighton,0.29769802,0.2528085,0.44949347,A,D,0
2024-04-03,EPL,Man City,Aston Villa,0.8003414,0.10858334,0.09107528,H,H,1
2024-04-03,EPL,Arsenal,Luton,0.86767155,0.10914127,0.023187133,H,H,1
2024-04-04,LaLiga,Granada,Valencia,0.4481021,0.23542173,0.3164762,H,A,0
2024-04-04,EPL,Chelsea,Man United,0.36640087,0.21839961,0.41519952,A,H,0
2024-04-04,EPL,Liverpool,Sheffield United,0.95060647,0.036944672,0.012448848,H,H,1
2024-04-05,SerieA,Salernitana,Sassuolo,0.38959345,0.26241693,0.34798956,H,D,0
2024-04-05,Bundesliga,Ein Frankfurt,Werder Bremen,0.6447829,0.21915813,0.13605897,H,D,0
2024-04-05,Ligue1,Lille,Marseille,0.5408932,0.3147874,0.14431942,H,H,1
2024-04-06,EPL,Crystal Palace,Man City,0.119232744,0.23334734,0.6474199,A,A,1
2024-04-06,SerieA,Milan,Lecce,0.73160267,0.1492375,0.119159825,H,H,1
2024-04-06,EPL,Aston Villa,Brentford,0.637808,0.19376922,0.16842276,H,D,0
2024-04-06,EPL,Everton,Burnley,0.47096384,0.3910122,0.13802399,H,H,1
2024-04-06,SerieA,Roma,Lazio,0.59095895,0.21511637,0.19392471,H,H,1
2024-04-06,SerieA,Empoli,Torino,0.20799969,0.36897445,0.42302582,A,H,0
2024-04-06,Ligue1,Lens,Le Havre,0.4966186,0.39380133,0.10958011,H,D,0
2024-04-06,Bundesliga,Heidenheim,Bayern Munich,0.109337196,0.17806974,0.712593,A,H,0
2024-04-06,Ligue1,Paris SG,Clermont,0.8923582,0.070297,0.03734476,H,D,0
2024-04-06,Bundesliga,Freiburg,RB Leipzig,0.15043613,0.30096072,0.5486032,A,A,1
2024-04-06,Bundesliga,Dortmund,Stuttgart,0.63264084,0.23007171,0.13728747,H,A,0
2024-04-06,Bundesliga,Union Berlin,Leverkusen,0.27596134,0.3839599,0.34007874,D,A,0
2024-04-06,Bundesliga,Mainz,Darmstadt,0.65206736,0.2232245,0.124708176,H,H,1
2024-04-06,Bundesliga,FC Koln,Bochum,0.6920323,0.14071804,0.16724966,H,H,1
2024-04-06,EPL,Fulham,Newcastle,0.29852337,0.1844007,0.51707596,A,A,1
2024-04-06,EPL,Luton,Bournemouth,0.28962255,0.2866645,0.42371303,A,H,0
2024-04-06,EPL,Wolves,West Ham,0.5240301,0.2312917,0.24467821,H,A,0
2024-04-06,EPL,Brighton,Arsenal,0.26234338,0.31263137,0.42502525,A,A,1
2024-04-07,Bundesliga,Wolfsburg,M'gladbach,0.4283122,0.26819578,0.303492,H,A,0
2024-04-07,Ligue1,Brest,Metz,0.8027348,0.1453831,0.051882155,H,H,1
2024-04-07,Ligue1,Reims,Nice,0.35636526,0.33705106,0.30658364,H,D,0
2024-04-07,Ligue1,Monaco,Rennes,0.5901231,0.21623284,0.19364408,H,H,1
2024-04-07,Ligue1,Toulouse,Strasbourg,0.36168343,0.31962943,0.31868714,H,D,0
2024-04-07,Ligue1,Nantes,Lyon,0.27496985,0.3505909,0.37443927,A,A,1
2024-04-07,Ligue1,Montpellier,Lorient,0.29849958,0.43316758,0.26833284,D,H,0
2024-04-07,Bundesliga,Hoffenheim,Augsburg,0.333987,0.37150517,0.29450783,D,H,0
2024-04-07,SerieA,Frosinone,Bologna,0.31036806,0.26060143,0.42903057,A,D,0
2024-04-07,SerieA,Cagliari,Atalanta,0.21044128,0.4505568,0.33900195,D,H,0
2024-04-07,SerieA,Verona,Genoa,0.38788956,0.3380235,0.27408698,H,A,0
2024-04-07,EPL,Man United,Liverpool,0.38068277,0.20706792,0.4122493,A,D,0
2024-04-07,EPL,Sheffield United,Chelsea,0.227532,0.25949514,0.5129729,A,D,0
2024-04-07,EPL,Tottenham,Nott'm Forest,0.6666748,0.16805688,0.16526832,H,H,1
2024-04-07,SerieA,Juventus,Fiorentina,0.61250776,0.18297185,0.20452037,H,H,1
2024-04-07,SerieA,Monza,Napoli,0.20171359,0.20486522,0.5934212,A,A,1
2024-04-08,SerieA,Udinese,Inter,0.14404242,0.39165655,0.46430102,A,A,1
2024-04-12,SerieA,Lazio,Salernitana,0.7830444,0.15308915,0.0638665,H,H,1
2024-04-12,LaLiga,Betis,Celta,0.45673123,0.2962446,0.2470242,H,H,1
2024-04-12,Ligue1,Metz,Lens,0.12074696,0.24481736,0.63443565,A,H,0
2024-04-12,Bundesliga,Augsburg,Union Berlin,0.47418797,0.16710098,0.35871103,H,H,1
2024-04-13,Ligue1,Strasbourg,Reims,0.38596207,0.25817105,0.35586685,H,H,1
2024-04-13,SerieA,Lecce,Empoli,0.47493625,0.31486332,0.21020038,H,H,1
2024-04-13,LaLiga,Cadiz,Barcelona,0.107818685,0.31422758,0.57795376,A,A,1
2024-04-13,SerieA,Bologna,Monza,0.7184767,0.17574765,0.105775654,H,D,0
2024-04-13,SerieA,Torino,Juventus,0.29711294,0.20089123,0.5019958,A,D,0
2024-04-13,Ligue1,Rennes,Toulouse,0.52330476,0.21707518,0.25962004,H,A,0
2024-04-13,EPL,Bournemouth,Man United,0.3429532,0.15481004,0.5022367,A,D,0
2024-04-13,LaLiga,Ath Madrid,Girona,0.54361165,0.2512032,0.20518513,H,H,1
2024-04-13,EPL,Man City,Luton,0.944926,0.032464202,0.022609746,H,H,1
2024-04-13,EPL,Nott'm Forest,Wolves,0.5058852,0.20060617,0.29350868,H,D,0
2024-04-13,Bundesliga,Bochum,Heidenheim,0.31705427,0.34969994,0.3332458,D,D,1
2024-04-13,Bundesliga,Bayern Munich,FC Koln,0.82477915,0.11060259,0.064618245,H,H,1
2024-04-13,EPL,Newcastle,Tottenham,0.60902166,0.16087894,0.23009937,H,H,1
2024-04-13,Bundesliga,M'gladbach,Dortmund,0.2929709,0.2559357,0.4510934,A,A,1
2024-04-13,Bundesliga,RB Leipzig,Wolfsburg,0.6861147,0.18457843,0.12930684,H,H,1
2024-04-13,EPL,Brentford,Sheffield United,0.66089004,0.16971059,0.16939938,H,H,1
2024-04-13,EPL,Burnley,Brighton,0.39347285,0.24575627,0.36077094,H,D,0
2024-04-13,LaLiga,Mallorca,Real Madrid,0.19096465,0.22472121,0.58431417,A,A,1
2024-04-13,LaLiga,Vallecano,Getafe,0.50788677,0.3167616,0.17535165,H,D,0
2024-04-13,Bundesliga,Stuttgart,Ein Frankfurt,0.5641358,0.23256135,0.20330288,H,H,1
2024-04-13,Bundesliga,Mainz,Hoffenheim,0.44264436,0.35640663,0.20094897,H,H,1
2024-04-14,SerieA,Sassuolo,Milan,0.17470856,0.23078799,0.5945034,A,D,0
2024-04-14,Bundesliga,Darmstadt,Freiburg,0.20867305,0.39628556,0.39504132,D,A,0
2024-04-14,Bundesliga,Leverkusen,Werder Bremen,0.7174996,0.22023368,0.06226671,H,H,1
2024-04-14,SerieA,Napoli,Frosinone,0.5956723,0.22982112,0.17450653,H,D,0
2024-04-14,Ligue1,Clermont,Montpellier,0.313939,0.42417887,0.2618821,D,D,1
2024-04-14,Ligue1,Le Havre,Nantes,0.38439214,0.31848603,0.29712182,H,A,0
2024-04-14,SerieA,Inter,Cagliari,0.8823021,0.09394054,0.023757378,H,D,0
2024-04-14,LaLiga,Las Palmas,Sevilla,0.30614382,0.37703758,0.3168186,D,A,0
2024-04-14,LaLiga,Granada,Alaves,0.42563412,0.25871384,0.315652,H,H,1
2024-04-14,LaLiga,Ath Bilbao,Villarreal,0.7422022,0.11647024,0.1413275,H,D,0
2024-04-14,LaLiga,Sociedad,Almeria,0.8204717,0.116283044,0.06324521,H,D,0
2024-04-14,EPL,West Ham,Fulham,0.57594985,0.2136241,0.21042602,H,A,0
2024-04-14,EPL,Liverpool,Crystal Palace,0.77454835,0.19331825,0.032133415,H,A,0
2024-04-14,Ligue1,Lyon,Brest,0.47370303,0.23205781,0.29423916,H,H,1
2024-04-14,EPL,Arsenal,Aston Villa,0.723876,0.12736583,0.14875819,H,A,0
2024-04-15,LaLiga,Osasuna,Valencia,0.6028931,0.23121583,0.16589104,H,A,0
2024-04-15,SerieA,Fiorentina,Genoa,0.5479303,0.21308002,0.23898964,H,D,0
2024-04-15,SerieA,Atalanta,Verona,0.76898384,0.16662234,0.06439381,H,D,0
2024-04-15,EPL,Chelsea,Everton,0.6904579,0.14202933,0.16751277,H,H,1
2024-04-19,SerieA,Genoa,Lazio,0.3611096,0.26432893,0.37456143,A,A,1
2024-04-19,SerieA,Cagliari,Juventus,0.34344164,0.25074673,0.4058117,A,D,0
2024-04-19,Bundesliga,Ein Frankfurt,Augsburg,0.69887745,0.18324363,0.11787887,H,H,1
2024-04-19,LaLiga,Ath Bilbao,Granada,0.7071825,0.17749237,0.115325145,H,D,0
2024-04-19,Ligue1,Nice,Lorient,0.7189598,0.19364835,0.08739188,H,H,1
2024-04-20,LaLiga,Valencia,Betis,0.49130192,0.21813138,0.29056668,H,A,0
2024-04-20,EPL,Wolves,Arsenal,0.37921792,0.2191545,0.40162754,A,A,1
2024-04-20,LaLiga,Girona,Cadiz,0.69468355,0.2089549,0.096361585,H,H,1
2024-04-20,LaLiga,Vallecano,Osasuna,0.51730114,0.31414255,0.1685563,H,H,1
2024-04-20,LaLiga,Celta,Las Palmas,0.4825393,0.22772452,0.2897362,H,H,1
2024-04-20,SerieA,Empoli,Napoli,0.32654688,0.2661705,0.4072826,A,H,0
2024-04-20,SerieA,Verona,Udinese,0.47301826,0.3086153,0.21836638,H,H,1
2024-04-20,Bundesliga,Wolfsburg,Bochum,0.44308785,0.31561324,0.24129888,H,H,1
2024-04-20,Bundesliga,Hoffenheim,M'gladbach,0.3818071,0.4199286,0.19826424,D,H,0
2024-04-20,Bundesliga,Heidenheim,RB Leipzig,0.18106052,0.14774498,0.67119455,A,A,1
2024-04-20,Bundesliga,FC Koln,Darmstadt,0.75455153,0.163197,0.08225152,H,A,0
2024-04-20,Ligue1,Nantes,Rennes,0.37098587,0.23589674,0.3931174,A,A,1
2024-04-20,Ligue1,Lens,Clermont,0.6852751,0.119309254,0.19541566,H,H,1
2024-04-20,Bundesliga,Union Berlin,Bayern Munich,0.13593401,0.1692159,0.6948501,A,A,1
2024-04-20,EPL,Sheffield United,Burnley,0.45204344,0.29525545,0.25270104,H,A,0
2024-04-20,EPL,Luton,Brentford,0.31648543,0.29436868,0.38914585,A,A,1
2024-04-21,Bundesliga,Freiburg,Mainz,0.4173009,0.20276885,0.37993023,H,D,0
2024-04-21,Bundesliga,Dortmund,Leverkusen,0.3679981,0.2960084,0.33599347,H,D,0
2024-04-21,EPL,Aston Villa,Bournemouth,0.7151236,0.13581109,0.14906527,H,H,1
2024-04-21,EPL,Crystal Palace,West Ham,0.5980037,0.18134771,0.22064856,H,H,1
2024-04-21,EPL,Fulham,Liverpool,0.27040026,0.19417956,0.5354202,A,A,1
2024-04-21,LaLiga,Getafe,Sociedad,0.22055519,0.2998018,0.47964302,A,D,0
2024-04-21,LaLiga,Almeria,Villarreal,0.17587608,0.2842134,0.5399105,A,A,1
2024-04-21,LaLiga,Alaves,Ath Madrid,0.23332924,0.34528163,0.4213891,A,H,0
2024-04-21,LaLiga,Real Madrid,Barcelona,0.50898486,0.37938341,0.111631684,H,H,1
2024-04-21,SerieA,Salernitana,Fiorentina,0.20325245,0.28864047,0.50810707,A,A,1
2024-04-21,EPL,Everton,Nott'm Forest,0.37147683,0.40796867,0.22055444,D,H,0
2024-04-21,SerieA,Monza,Atalanta,0.25320613,0.19001353,0.5567803,A,A,1
2024-04-21,Ligue1,Le Havre,Metz,0.43270808,0.33123773,0.23605415,H,A,0
2024-04-21,Ligue1,Lille,Strasbourg,0.4191158,0.50201863,0.07886558,D,H,0
2024-04-21,SerieA,Sassuolo,Lecce,0.57163006,0.27497968,0.15339024,H,A,0
2024-04-21,SerieA,Torino,Frosinone,0.6120698,0.1868669,0.2010633,H,D,0
2024-04-21,Ligue1,Paris SG,Lyon,0.61812466,0.23360254,0.1482728,H,H,1
2024-04-21,Bundesliga,Werder Bremen,Stuttgart,0.20598097,0.42050433,0.37351468,D,H,0
2024-04-21,Ligue1,Toulouse,Marseille,0.33355144,0.21214363,0.454305,A,D,0
2024-04-21,Ligue1,Brest,Monaco,0.5560226,0.1109691,0.33300832,H,A,0
2024-04-21,Ligue1,Reims,Montpellier,0.45597136,0.2629968,0.28103182,H,A,0
2024-04-22,LaLiga,Sevilla,Mallorca,0.41378218,0.32150966,0.26470816,H,H,1
2024-04-22,SerieA,Roma,Bologna,0.60415256,0.2970228,0.09882467,H,A,0
2024-04-22,SerieA,Milan,Inter,0.7027663,0.13642277,0.16081096,H,A,0
2024-04-23,EPL,Arsenal,Chelsea,0.6390582,0.22257471,0.13836709,H,H,1
2024-04-24,EPL,Everton,Liverpool,0.15086661,0.35726473,0.49186867,A,H,0
2024-04-24,Ligue1,Monaco,Lille,0.4872874,0.28154168,0.23117086,H,H,1
2024-04-24,EPL,Wolves,Bournemouth,0.5267433,0.2597924,0.21346435,H,A,0
2024-04-24,EPL,Crystal Palace,Newcastle,0.38492072,0.2811263,0.33395302,H,H,1
2024-04-24,EPL,Man United,Sheffield United,0.7089267,0.23932463,0.05174869,H,H,1
2024-04-24,Ligue1,Marseille,Nice,0.5276215,0.21742684,0.25495166,H,D,0
2024-04-24,Ligue1,Lorient,Paris SG,0.24206302,0.2018523,0.5560847,A,A,1
2024-04-25,EPL,Brighton,Man City,0.17125036,0.15966171,0.66908795,A,A,1
2024-04-25,SerieA,Udinese,Roma,0.29834405,0.29864863,0.40300736,A,A,1
2024-04-26,SerieA,Frosinone,Salernitana,0.63155186,0.21172845,0.15671968,H,H,1
2024-04-26,Ligue1,Montpellier,Nantes,0.5738992,0.2581147,0.16798611,H,D,0
2024-04-26,Bundesliga,Bochum,Hoffenheim,0.5243099,0.15162261,0.32406753,H,H,1
2024-04-26,LaLiga,Sociedad,Real Madrid,0.43563336,0.1661108,0.39825583,H,A,0
2024-04-27,SerieA,Lazio,Verona,0.6456586,0.21450397,0.1398374,H,H,1
2024-04-27,SerieA,Juventus,Milan,0.53466266,0.18477444,0.28056288,H,D,0
2024-04-27,SerieA,Lecce,Monza,0.31096005,0.24342126,0.4456187,A,D,0
2024-04-27,LaLiga,Alaves,Celta,0.42036268,0.3558461,0.22379117,H,H,1
2024-04-27,LaLiga,Las Palmas,Girona,0.22839093,0.3479593,0.4236497,A,A,1
2024-04-27,LaLiga,Almeria,Getafe,0.27324337,0.2710135,0.4557432,A,A,1
2024-04-27,LaLiga,Ath Madrid,Ath Bilbao,0.62482953,0.16051082,0.21465965,H,H,1
2024-04-27,EPL,West Ham,Liverpool,0.19204275,0.1398032,0.66815406,A,D,0
2024-04-27,EPL,Everton,Brentford,0.28909567,0.360761,0.35014334,D,H,0
2024-04-27,Bundesliga,Leverkusen,Stuttgart,0.67143327,0.13217063,0.19639608,H,D,0
2024-04-27,Bundesliga,RB Leipzig,Dortmund,0.4940971,0.2766413,0.2292616,H,H,1
2024-04-27,Bundesliga,Freiburg,Wolfsburg,0.7085621,0.13158768,0.1598503,H,A,0
2024-04-27,EPL,Fulham,Crystal Palace,0.33925948,0.35692364,0.30381685,D,D,1
2024-04-27,Ligue1,Paris SG,Le Havre,0.8426546,0.10952359,0.047821857,H,D,0
2024-04-27,Bundesliga,Augsburg,Werder Bremen,0.6772544,0.1517171,0.17102851,H,A,0
2024-04-27,Bundesliga,Bayern Munich,Ein Frankfurt,0.7472541,0.0911279,0.16161802,H,H,1
2024-04-27,EPL,Aston Villa,Chelsea,0.7740586,0.10654121,0.119400255,H,D,0
2024-04-27,EPL,Man United,Burnley,0.8426215,0.11229757,0.045080926,H,D,0
2024-04-27,EPL,Wolves,Luton,0.40153772,0.2686446,0.32981765,H,H,1
2024-04-27,EPL,Newcastle,Sheffield United,0.8750392,0.07634683,0.04861396,H,H,1
2024-04-28,Bundesliga,M'gladbach,Union Berlin,0.35402602,0.4318808,0.21409321,D,D,1
2024-04-28,SerieA,Atalanta,Empoli,0.7696375,0.13541459,0.09494786,H,H,1
2024-04-28,Ligue1,Metz,Lille,0.26807407,0.21224752,0.5196784,A,A,1
2024-04-28,Ligue1,Clermont,Reims,0.3047627,0.31160975,0.3836275,A,H,0
2024-04-28,Ligue1,Lorient,Toulouse,0.40367803,0.24373464,0.35258734,H,A,0
2024-04-28,Ligue1,Strasbourg,Nice,0.2442769,0.2040349,0.5516882,A,A,1
2024-04-28,Ligue1,Rennes,Brest,0.56846035,0.20892611,0.22261356,H,A,0
2024-04-28,Bundesliga,Mainz,FC Koln,0.49222848,0.33874184,0.16902965,H,D,0
2024-04-28,Bundesliga,Darmstadt,Heidenheim,0.3222419,0.2620162,0.4157419,A,A,1
2024-04-28,Ligue1,Lyon,Monaco,0.204152,0.23753099,0.558317,A,H,0
2024-04-28,EPL,Tottenham,Arsenal,0.24135777,0.36867958,0.3899626,A,A,1
2024-04-28,SerieA,Bologna,Udinese,0.7884331,0.15565974,0.055907186,H,D,0
2024-04-28,SerieA,Napoli,Roma,0.6815478,0.15244691,0.16600521,H,D,0
2024-04-28,SerieA,Fiorentina,Sassuolo,0.6272786,0.25452548,0.11819593,H,H,1
2024-04-28,Ligue1,Marseille,Lens,0.47793755,0.23424275,0.28781965,H,H,1
2024-04-28,EPL,Bournemouth,Brighton,0.4154047,0.23299266,0.35160258,H,H,1
2024-04-28,SerieA,Inter,Torino,0.7770521,0.14092535,0.08202251,H,H,1
2024-04-28,EPL,Nott'm Forest,Man City,0.10733758,0.22033636,0.672326,A,A,1
2024-04-28,LaLiga,Cadiz,Mallorca,0.47743812,0.2969225,0.2256394,H,D,0
2024-04-28,LaLiga,Granada,Osasuna,0.35739753,0.2528098,0.38979268,A,H,0
2024-04-28,LaLiga,Villarreal,Vallecano,0.65171313,0.2240349,0.12425198,H,H,1
2024-04-28,LaLiga,Betis,Sevilla,0.61560416,0.20753455,0.17686132,H,D,0
2024-04-29,SerieA,Genoa,Cagliari,0.4998433,0.3290798,0.17107691,H,H,1
2024-04-29,LaLiga,Barcelona,Valencia,0.81867117,0.120184265,0.0611446,H,H,1
2024-05-02,EPL,Chelsea,Tottenham,0.4875035,0.24612455,0.26637194,H,H,1
2024-05-03,Bundesliga,Hoffenheim,RB Leipzig,0.2112504,0.16666089,0.62208873,A,D,0
2024-05-03,EPL,Luton,Everton,0.20471673,0.35664725,0.43863598,A,D,0
2024-05-03,Ligue1,Lens,Lorient,0.7571942,0.20807047,0.03473533,H,H,1
2024-05-03,Ligue1,Toulouse,Montpellier,0.49317396,0.2285274,0.2782986,H,A,0
2024-05-03,LaLiga,Getafe,Ath Bilbao,0.49066982,0.22880912,0.2805211,H,A,0
2024-05-03,SerieA,Torino,Bologna,0.41672888,0.24669299,0.33657816,H,D,0
2024-05-04,EPL,Brentford,Fulham,0.42342895,0.29843614,0.27813485,H,D,0
2024-05-04,EPL,Burnley,Newcastle,0.15578176,0.5438085,0.3004097,D,A,0
2024-05-04,Ligue1,Brest,Nantes,0.77105784,0.10828574,0.120656416,H,D,0
2024-05-04,Ligue1,Metz,Rennes,0.2143828,0.24755098,0.5380662,A,A,1
2024-05-04,Ligue1,Monaco,Clermont,0.739514,0.13471866,0.12576738,H,H,1
2024-05-04,Ligue1,Le Havre,Strasbourg,0.35150117,0.3505013,0.29799756,H,H,1
2024-05-04,EPL,Man City,Wolves,0.9019134,0.06915549,0.028931165,H,H,1
2024-05-04,Bundesliga,FC Koln,Freiburg,0.47472778,0.25549886,0.26977336,H,D,0
2024-05-04,Bundesliga,Werder Bremen,M'gladbach,0.39930162,0.28458092,0.3161175,H,D,0
2024-05-04,Bundesliga,Stuttgart,Bayern Munich,0.27408788,0.23033793,0.49557418,A,H,0
2024-05-04,Bundesliga,Dortmund,Augsburg,0.7605889,0.17396285,0.065448225,H,H,1
2024-05-04,SerieA,Sassuolo,Inter,0.2746424,0.4569768,0.26838082,D,H,0
2024-05-04,EPL,Sheffield United,Nott'm Forest,0.34373775,0.24644464,0.4098176,A,A,1
2024-05-04,EPL,Arsenal,Bournemouth,0.78982687,0.13570443,0.074468724,H,H,1
2024-05-04,Bundesliga,Wolfsburg,Darmstadt,0.6104982,0.19456331,0.19493847,H,H,1
2024-05-04,LaLiga,Sociedad,Las Palmas,0.83367383,0.09435892,0.07196721,H,H,1
2024-05-04,LaLiga,Real Madrid,Cadiz,0.8239278,0.12785853,0.048213646,H,H,1
2024-05-04,SerieA,Monza,Lazio,0.24000534,0.30575773,0.4542369,A,D,0
2024-05-04,LaLiga,Girona,Barcelona,0.3013447,0.20940782,0.48924747,A,H,0
2024-05-04,LaLiga,Mallorca,Ath Madrid,0.3413534,0.31849828,0.34014833,H,A,0
2024-05-05,Bundesliga,Heidenheim,Mainz,0.39361846,0.27605173,0.33032978,H,D,0
2024-05-05,LaLiga,Vallecano,Almeria,0.66151214,0.23700565,0.1014822,H,A,0
2024-05-05,SerieA,Roma,Juventus,0.5694432,0.19805212,0.23250471,H,D,0
2024-05-05,SerieA,Milan,Genoa,0.73607457,0.15694168,0.10698374,H,D,0
2024-05-05,EPL,Chelsea,West Ham,0.7342582,0.14361428,0.122127526,H,H,1
2024-05-05,EPL,Brighton,Aston Villa,0.28283492,0.4163303,0.30083475,D,H,0
2024-05-05,LaLiga,Sevilla,Granada,0.37723595,0.4251375,0.19762656,D,H,0
2024-05-05,EPL,Liverpool,Tottenham,0.70435834,0.13004753,0.1655941,H,H,1
2024-05-05,LaLiga,Valencia,Alaves,0.41625422,0.36322987,0.22051595,H,A,0
2024-05-05,LaLiga,Celta,Villarreal,0.25402993,0.3747143,0.3712558,D,H,0
2024-05-05,LaLiga,Osasuna,Betis,0.29264674,0.25096926,0.456384,A,A,1
2024-05-05,SerieA,Verona,Fiorentina,0.32428795,0.3148815,0.36083055,A,H,0
2024-05-05,SerieA,Empoli,Frosinone,0.35477853,0.41724086,0.22798063,D,D,1
2024-05-05,SerieA,Cagliari,Lecce,0.32665557,0.39874884,0.27459556,D,D,1
2024-05-05,Bundesliga,Ein Frankfurt,Leverkusen,0.34553528,0.28698388,0.36748087,A,A,1
2024-05-05,Bundesliga,Union Berlin,Bochum,0.5353856,0.24258336,0.22203106,H,A,0
2024-05-06,SerieA,Salernitana,Atalanta,0.23057505,0.38601756,0.38340735,D,A,0
2024-05-06,SerieA,Udinese,Napoli,0.2255323,0.29784164,0.4766261,A,D,0
2024-05-06,EPL,Crystal Palace,Man United,0.3497657,0.2312531,0.41898116,A,H,0
2024-05-06,Ligue1,Lille,Lyon,0.6086004,0.27782467,0.11357496,H,A,0
2024-05-10,LaLiga,Alaves,Girona,0.19084536,0.29570565,0.513449,A,D,0
2024-05-10,SerieA,Frosinone,Inter,0.24845241,0.2186663,0.53288126,A,A,1
2024-05-10,Ligue1,Brest,Reims,0.6197,0.2574881,0.122811936,H,D,0
2024-05-10,Ligue1,Nice,Le Havre,0.73861027,0.17407022,0.08731954,H,H,1
2024-05-10,Bundesliga,Augsburg,Stuttgart,0.27208406,0.35039836,0.37751758,A,A,1
2024-05-11,LaLiga,Ath Bilbao,Osasuna,0.6943822,0.2409865,0.06463135,H,D,0
2024-05-11,LaLiga,Mallorca,Las Palmas,0.5837074,0.28755054,0.12874208,H,H,1
2024-05-11,LaLiga,Villarreal,Sevilla,0.59102476,0.19767167,0.21130358,H,H,1
2024-05-11,Bundesliga,Freiburg,Heidenheim,0.5172599,0.1519629,0.33077717,H,D,0
2024-05-11,Bundesliga,M'gladbach,Ein Frankfurt,0.45679688,0.25660944,0.28659365,H,D,0
2024-05-11,Bundesliga,RB Leipzig,Werder Bremen,0.7695856,0.13695861,0.0934558,H,D,0
2024-05-11,Bundesliga,Mainz,Dortmund,0.31275278,0.26860917,0.41863805,A,H,0
2024-05-11,LaLiga,Granada,Real Madrid,0.18303862,0.20618059,0.6107808,A,A,1
2024-05-11,Bundesliga,FC Koln,Union Berlin,0.55875146,0.20727156,0.233977,H,H,1
2024-05-11,EPL,Bournemouth,Brentford,0.40410393,0.315862,0.28003404,H,A,0
2024-05-11,SerieA,Napoli,Bologna,0.5925422,0.22890444,0.1785534,H,A,0
2024-05-11,EPL,Tottenham,Burnley,0.7367408,0.19419733,0.0690618,H,H,1
2024-05-11,EPL,Newcastle,Brighton,0.7533791,0.09887917,0.14774173,H,D,0
2024-05-11,EPL,Nott'm Forest,Chelsea,0.20500411,0.3062863,0.48870957,A,A,1
2024-05-11,EPL,Fulham,Man City,0.23557387,0.28166595,0.48276013,A,A,1
2024-05-11,EPL,West Ham,Luton,0.47971526,0.33354497,0.18673976,H,H,1
2024-05-11,EPL,Wolves,Crystal Palace,0.25322682,0.29498914,0.451784,A,A,1
2024-05-11,EPL,Everton,Sheffield United,0.75775146,0.1988459,0.04340261,H,H,1
2024-05-11,SerieA,Milan,Cagliari,0.85692513,0.081465095,0.06160978,H,H,1
2024-05-12,Ligue1,Rennes,Lens,0.46995923,0.12118288,0.40885785,H,D,0
2024-05-12,LaLiga,Betis,Almeria,0.7261851,0.16263272,0.11118219,H,H,1
2024-05-12,Ligue1,Nantes,Lille,0.28185764,0.3691022,0.3490402,D,A,0
2024-05-12,LaLiga,Valencia,Vallecano,0.45736274,0.32189336,0.22074385,H,D,0
2024-05-12,Ligue1,Marseille,Lorient,0.81514883,0.14724202,0.03760908,H,H,1
2024-05-12,Ligue1,Clermont,Lyon,0.4289691,0.19082725,0.3802037,H,A,0
2024-05-12,LaLiga,Ath Madrid,Celta,0.72710836,0.16725901,0.10563259,H,H,1
2024-05-12,Ligue1,Strasbourg,Metz,0.49647734,0.3131495,0.1903731,H,H,1
2024-05-12,Ligue1,Paris SG,Toulouse,0.7843296,0.13518006,0.08049032,H,A,0
2024-05-12,Ligue1,Montpellier,Monaco,0.14955513,0.2819286,0.5685163,A,A,1
2024-05-12,LaLiga,Cadiz,Getafe,0.27189732,0.3961571,0.33194563,D,H,0
2024-05-12,SerieA,Atalanta,Roma,0.5837593,0.16275157,0.2534891,H,H,1
2024-05-12,EPL,Man United,Arsenal,0.36631724,0.24957311,0.38410962,A,A,1
2024-05-12,Bundesliga,Bayern Munich,Wolfsburg,0.7555993,0.17104371,0.07335698,H,H,1
2024-05-12,Bundesliga,Bochum,Leverkusen,0.12245944,0.2809984,0.5965421,A,A,1
2024-05-12,Bundesliga,Darmstadt,Hoffenheim,0.30170906,0.16463755,0.5336534,A,A,1
2024-05-12,SerieA,Juventus,Salernitana,0.83972967,0.12414058,0.03612974,H,D,0
2024-05-12,SerieA,Verona,Torino,0.23336516,0.367661,0.39897388,A,A,1
2024-05-12,SerieA,Genoa,Sassuolo,0.5545162,0.23560415,0.20987962,H,H,1
2024-05-12,SerieA,Lazio,Empoli,0.6058203,0.2692961,0.124883585,H,H,1
2024-05-13,SerieA,Fiorentina,Monza,0.64832604,0.19055508,0.16111885,H,H,1
2024-05-13,EPL,Aston Villa,Liverpool,0.35864836,0.08979891,0.5515527,A,D,0
2024-05-13,SerieA,Lecce,Udinese,0.29705724,0.27136353,0.43157926,A,A,1
2024-05-13,LaLiga,Barcelona,Sociedad,0.6577092,0.16270024,0.17959058,H,H,1
2024-05-14,LaLiga,Osasuna,Mallorca,0.27166232,0.20674267,0.521595,A,D,0
2024-05-14,LaLiga,Real Madrid,Alaves,0.9135939,0.07182087,0.0145852165,H,H,1
2024-05-14,EPL,Tottenham,Man City,0.30217153,0.47040266,0.22742577,D,A,0
2024-05-14,LaLiga,Girona,Villarreal,0.64489144,0.17833039,0.17677818,H,A,0
2024-05-15,LaLiga,Getafe,Ath Madrid,0.22992097,0.24423881,0.5258402,A,A,1
2024-05-15,LaLiga,Celta,Ath Bilbao,0.5708976,0.20284049,0.22626191,H,H,1
2024-05-15,LaLiga,Vallecano,Granada,0.7387208,0.19030912,0.07097013,H,H,1
2024-05-15,LaLiga,Sevilla,Cadiz,0.71619517,0.16889386,0.114910945,H,A,0
2024-05-15,EPL,Brighton,Chelsea,0.41699174,0.33780903,0.24519917,H,A,0
2024-05-15,Ligue1,Reims,Marseille,0.11889835,0.21204932,0.66905236,A,H,0
2024-05-15,Ligue1,Nice,Paris SG,0.28818226,0.26723373,0.44458398,A,A,1
2024-05-15,EPL,Man United,Newcastle,0.47089425,0.24189106,0.2872147,H,H,1
2024-05-16,LaLiga,Sociedad,Valencia,0.7033563,0.16503513,0.13160853,H,H,1
2024-05-16,LaLiga,Las Palmas,Betis,0.21406563,0.3401609,0.44577348,A,D,0
2024-05-16,LaLiga,Almeria,Barcelona,0.15952891,0.32056713,0.51990396,A,A,1
2024-05-17,SerieA,Fiorentina,Napoli,0.576247,0.1069901,0.3167629,H,D,0
2024-05-18,Bundesliga,Heidenheim,FC Koln,0.5712035,0.19506069,0.23373584,H,H,1
2024-05-18,Bundesliga,Ein Frankfurt,RB Leipzig,0.25029677,0.44269243,0.3070108,D,D,1
2024-05-18,SerieA,Lecce,Atalanta,0.17910235,0.22430514,0.5965925,A,A,1
2024-05-18,Bundesliga,Dortmund,Darmstadt,0.8377906,0.12536818,0.036841206,H,H,1
2024-05-18,Bundesliga,Wolfsburg,Mainz,0.39464894,0.33815965,0.26719138,H,A,0
2024-05-18,Bundesliga,Werder Bremen,Bochum,0.56837344,0.2782042,0.15342231,H,H,1
2024-05-18,Bundesliga,Union Berlin,Freiburg,0.34688067,0.18077073,0.47234854,A,H,0
2024-05-18,Bundesliga,Stuttgart,M'gladbach,0.6519241,0.20144281,0.14663312,H,H,1
2024-05-18,Bundesliga,Leverkusen,Augsburg,0.75314087,0.22914931,0.017709853,H,H,1
2024-05-18,Bundesliga,Hoffenheim,Bayern Munich,0.18706547,0.32556754,0.48736703,A,H,0
2024-05-18,LaLiga,Alaves,Getafe,0.43852574,0.2159671,0.34550717,H,H,1
2024-05-18,SerieA,Torino,Milan,0.26063275,0.19043145,0.5489358,A,H,0
2024-05-19,SerieA,Udinese,Empoli,0.5034405,0.23809062,0.25846887,H,D,0
2024-05-19,SerieA,Monza,Frosinone,0.58673704,0.289549,0.123713896,H,A,0
2024-05-19,SerieA,Sassuolo,Cagliari,0.34407452,0.46623716,0.18968834,D,A,0
2024-05-19,SerieA,Inter,Lazio,0.5630042,0.17303678,0.26395902,H,D,0
2024-05-19,SerieA,Roma,Genoa,0.6751134,0.1462228,0.17866382,H,H,1
2024-05-19,LaLiga,Villarreal,Real Madrid,0.31502983,0.30194214,0.383028,A,D,0
2024-05-19,EPL,Luton,Fulham,0.2926549,0.3307582,0.37658685,A,A,1
2024-05-19,LaLiga,Betis,Sociedad,0.55877316,0.21166286,0.22956394,H,A,0
2024-05-19,Ligue1,Toulouse,Brest,0.30576402,0.23368143,0.4605546,A,A,1
2024-05-19,Ligue1,Reims,Rennes,0.30676466,0.1596215,0.53361386,A,H,0
2024-05-19,Ligue1,Monaco,Nantes,0.7006653,0.21283676,0.08649796,H,H,1
2024-05-19,Ligue1,Metz,Paris SG,0.14886571,0.11669197,0.7344423,A,A,1
2024-05-19,Ligue1,Lyon,Strasbourg,0.63144046,0.14410906,0.2244505,H,H,1
2024-05-19,EPL,Sheffield United,Tottenham,0.2597244,0.11847536,0.62180024,A,A,1
2024-05-19,EPL,Man City,West Ham,0.8508803,0.09728413,0.051835548,H,H,1
2024-05-19,Ligue1,Lorient,Clermont,0.37574172,0.36230463,0.26195365,H,H,1
2024-05-19,EPL,Liverpool,Wolves,0.72724104,0.18396902,0.08879,H,H,1
2024-05-19,EPL,Crystal Palace,Aston Villa,0.3869463,0.23764849,0.37540522,H,H,1
2024-05-19,EPL,Chelsea,Bournemouth,0.7501305,0.1337343,0.11613523,H,H,1
2024-05-19,EPL,Burnley,Nott'm Forest,0.3843474,0.25938317,0.3562694,H,A,0
2024-05-19,EPL,Brighton,Man United,0.5896733,0.15671697,0.25360978,H,A,0
2024-05-19,EPL,Brentford,Newcastle,0.27751267,0.31463203,0.4078553,A,A,1
2024-05-19,EPL,Arsenal,Everton,0.65011024,0.26844704,0.08144271,H,H,1
2024-05-19,Ligue1,Le Havre,Marseille,0.33446035,0.13260828,0.5329313,A,A,1
2024-05-19,LaLiga,Cadiz,Las Palmas,0.5037692,0.19184847,0.3043823,H,D,0
2024-05-19,Ligue1,Lens,Montpellier,0.6762657,0.18289556,0.14083879,H,D,0
2024-05-19,Ligue1,Lille,Nice,0.63063496,0.1982639,0.17110111,H,D,0
2024-05-19,LaLiga,Valencia,Girona,0.2574041,0.28660297,0.45599297,A,A,1
2024-05-19,LaLiga,Ath Bilbao,Sevilla,0.72489756,0.15894485,0.11615757,H,H,1
2024-05-19,LaLiga,Ath Madrid,Osasuna,0.76266986,0.15930396,0.07802618,H,A,0
2024-05-19,LaLiga,Barcelona,Vallecano,0.8993929,0.062716104,0.037891004,H,H,1
2024-05-19,LaLiga,Mallorca,Almeria,0.6446503,0.25614518,0.09920453,H,D,0
2024-05-19,LaLiga,Granada,Celta,0.46462426,0.16864574,0.36673,H,A,0
2024-05-20,SerieA,Bologna,Juventus,0.42648277,0.37733948,0.19617774,H,D,0
2024-05-20,SerieA,Salernitana,Verona,0.26104388,0.3837459,0.35521024,D,A,0
2024-05-23,SerieA,Cagliari,Fiorentina,0.3300307,0.27033392,0.39963534,A,A,1
2024-05-24,LaLiga,Girona,Granada,0.91795623,0.05519509,0.0268487,H,H,1
2024-05-24,SerieA,Genoa,Bologna,0.3015509,0.22947045,0.46897864,A,H,0
2024-05-25,SerieA,Juventus,Monza,0.6191427,0.17206055,0.20879672,H,H,1
2024-05-25,LaLiga,Osasuna,Villarreal,0.40488613,0.27204245,0.32307145,H,D,0
2024-05-25,LaLiga,Sociedad,Ath Madrid,0.42217588,0.21556848,0.36225563,H,A,0
2024-05-25,LaLiga,Almeria,Cadiz,0.36384663,0.25712827,0.37902513,A,H,0
2024-05-25,SerieA,Milan,Salernitana,0.86366266,0.10358682,0.032750454,H,D,0
2024-05-25,LaLiga,Vallecano,Ath Bilbao,0.40403914,0.2852074,0.31075346,H,A,0
2024-05-25,LaLiga,Real Madrid,Betis,0.8010926,0.1388856,0.06002173,H,D,0
2024-05-26,SerieA,Frosinone,Udinese,0.3227594,0.3784851,0.29875547,D,A,0
2024-05-26,SerieA,Empoli,Roma,0.20487599,0.24878906,0.546335,A,H,0
2024-05-26,SerieA,Verona,Inter,0.10699418,0.124039225,0.76896656,A,D,0
2024-05-26,SerieA,Napoli,Lecce,0.64266586,0.21775939,0.1395748,H,D,0
2024-05-26,SerieA,Atalanta,Torino,0.37810624,0.48984766,0.13204615,D,H,0
2024-05-26,SerieA,Lazio,Sassuolo,0.7532971,0.1716984,0.07500447,H,D,0
2024-05-26,LaLiga,Getafe,Mallorca,0.434433,0.18043856,0.3851284,H,A,0
2024-05-26,LaLiga,Las Palmas,Alaves,0.46433297,0.37272006,0.16294698,H,D,0
2024-05-26,LaLiga,Sevilla,Barcelona,0.181427,0.25308052,0.56549245,A,A,1
2024-05-26,LaLiga,Celta,Valencia,0.48464468,0.22268246,0.29267287,H,D,0
2024-06-02,SerieA,Atalanta,Fiorentina,0.5311844,0.31204712,0.15676855,H,A,0
2024-08-15,LaLiga,Ath Bilbao,Getafe,0.85685056,0.09745587,0.04569355,H,D,0
2024-08-15,LaLiga,Betis,Girona,0.31624672,0.13065915,0.5530941,A,D,0
2024-08-16,EPL,Man United,Fulham,0.7402238,0.1846869,0.07508928,H,H,1
2024-08-16,Ligue1,Le Havre,Paris SG,0.047034793,0.10321822,0.849747,A,A,1
2024-08-16,LaLiga,Las Palmas,Sevilla,0.18096311,0.45080027,0.36823663,D,D,1
2024-08-16,LaLiga,Celta,Alaves,0.45990136,0.30454084,0.2355578,H,H,1
2024-08-17,LaLiga,Valencia,Barcelona,0.081438415,0.10408997,0.8144716,A,A,1
2024-08-17,Ligue1,Reims,Lille,0.19155739,0.21686989,0.59157276,A,A,1
2024-08-17,EPL,West Ham,Aston Villa,0.29183868,0.3376259,0.37053543,A,A,1
2024-08-17,EPL,Nott'm Forest,Bournemouth,0.28942236,0.34991536,0.3606623,A,D,0
2024-08-17,EPL,Newcastle,Southampton,0.94078785,0.039124105,0.020088041,H,H,1
2024-08-17,EPL,Everton,Brighton,0.40679637,0.28476626,0.30843744,H,A,0
2024-08-17,SerieA,Empoli,Monza,0.29879752,0.37226668,0.32893577,D,D,1
2024-08-17,EPL,Arsenal,Wolves,0.8383324,0.143807,0.017860593,H,H,1
2024-08-17,EPL,Ipswich,Liverpool,0.11256263,0.14021099,0.74722636,A,A,1
2024-08-17,SerieA,Genoa,Inter,0.111937374,0.13705432,0.7510083,A,D,0
2024-08-17,SerieA,Parma,Fiorentina,0.12610637,0.14017838,0.73371524,A,D,0
2024-08-17,LaLiga,Osasuna,Leganes,0.74874794,0.15660976,0.09464228,H,D,0
2024-08-17,SerieA,Milan,Torino,0.7998343,0.102762826,0.09740288,H,D,0
2024-08-17,Ligue1,Brest,Marseille,0.6962221,0.123089135,0.18068875,H,A,0
2024-08-17,Ligue1,Monaco,St Etienne,0.9033276,0.06266065,0.034011744,H,H,1
2024-08-18,SerieA,Verona,Napoli,0.17201412,0.25721464,0.5707712,A,H,0
2024-08-18,SerieA,Cagliari,Roma,0.1491291,0.22853084,0.62234,A,D,0
2024-08-18,Ligue1,Montpellier,Strasbourg,0.520713,0.2502528,0.2290342,H,D,0
2024-08-18,Ligue1,Toulouse,Nantes,0.32605943,0.49707347,0.17686704,D,D,1
2024-08-18,Ligue1,Rennes,Lyon,0.619799,0.09441991,0.28578106,H,H,1
2024-08-18,LaLiga,Sociedad,Vallecano,0.7272351,0.18696944,0.085795455,H,A,0
2024-08-18,Ligue1,Auxerre,Nice,0.13017948,0.17242756,0.69739294,A,H,0
2024-08-18,LaLiga,Mallorca,Real Madrid,0.2071939,0.40824234,0.38456374,D,D,1
2024-08-18,Ligue1,Angers,Lens,0.07667879,0.12351203,0.79980916,A,A,1
2024-08-18,EPL,Chelsea,Man City,0.42297363,0.48975644,0.08726992,D,A,0
2024-08-18,SerieA,Bologna,Udinese,0.8046473,0.13576168,0.059591003,H,D,0
2024-08-18,SerieA,Lazio,Venezia,0.8888176,0.08196375,0.029218627,H,H,1
2024-08-18,EPL,Brentford,Crystal Palace,0.2819624,0.2295526,0.48848504,A,H,0
2024-08-19,LaLiga,Villarreal,Ath Madrid,0.24708983,0.104915,0.6479951,A,D,0
2024-08-19,LaLiga,Valladolid,Espanol,0.37388664,0.4320613,0.19405206,D,H,0
2024-08-19,EPL,Leicester,Tottenham,0.2400562,0.37242138,0.38752243,A,D,0
2024-08-19,SerieA,Lecce,Atalanta,0.09090447,0.19426967,0.71482587,A,A,1
2024-08-19,SerieA,Juventus,Como,0.9334876,0.041429326,0.025083097,H,H,1
2024-08-23,LaLiga,Celta,Valencia,0.38934347,0.33079436,0.27986217,H,H,1
2024-08-23,LaLiga,Sevilla,Villarreal,0.31385678,0.30876517,0.3773781,A,A,1
2024-08-23,Bundesliga,M'gladbach,Leverkusen,0.116429515,0.13384148,0.74972904,A,A,1
2024-08-23,Ligue1,Paris SG,Montpellier,0.74583215,0.14254065,0.11162729,H,H,1
2024-08-24,Ligue1,Lille,Angers,0.7810907,0.18066709,0.038242243,H,H,1
2024-08-24,Ligue1,St Etienne,Le Havre,0.31562686,0.3855517,0.29882142,D,A,0
2024-08-24,Ligue1,Lyon,Monaco,0.29989666,0.1874295,0.51267385,A,A,1
2024-08-24,Bundesliga,RB Leipzig,Bochum,0.8953013,0.066195965,0.0385027,H,H,1
2024-08-24,LaLiga,Osasuna,Mallorca,0.5428704,0.26441893,0.1927107,H,H,1
2024-08-24,Bundesliga,Mainz,Union Berlin,0.5058347,0.37929684,0.11486851,H,D,0
2024-08-24,Bundesliga,Hoffenheim,Holstein Kiel,0.68611115,0.19929168,0.11459717,H,H,1
2024-08-24,Bundesliga,Freiburg,Stuttgart,0.19430314,0.110576786,0.6951201,A,H,0
2024-08-24,Bundesliga,Augsburg,Werder Bremen,0.19830187,0.45417678,0.3475214,D,D,1
2024-08-24,EPL,Aston Villa,Arsenal,0.26548544,0.45442593,0.2800886,D,A,0
2024-08-24,EPL,Tottenham,Everton,0.661362,0.20587638,0.13276163,H,H,1
2024-08-24,EPL,Southampton,Nott'm Forest,0.23441993,0.30423346,0.4613466,A,A,1
2024-08-24,EPL,Man City,Ipswich,0.93860286,0.035173453,0.02622374,H,H,1
2024-08-24,EPL,Fulham,Leicester,0.6663425,0.22005765,0.11359987,H,H,1
2024-08-24,EPL,Crystal Palace,West Ham,0.58416635,0.28763694,0.12819669,H,A,0
2024-08-24,EPL,Brighton,Man United,0.36786366,0.3174251,0.31471127,H,H,1
2024-08-24,Bundesliga,Dortmund,Ein Frankfurt,0.88637453,0.070054315,0.043571107,H,H,1
2024-08-24,LaLiga,Barcelona,Ath Bilbao,0.6975219,0.16203423,0.1404438,H,H,1
2024-08-24,SerieA,Udinese,Lazio,0.21297471,0.4930408,0.2939845,D,H,0
2024-08-24,LaLiga,Espanol,Sociedad,0.17073654,0.16945136,0.6598121,A,A,1
2024-08-24,LaLiga,Getafe,Vallecano,0.5203834,0.24510735,0.23450923,H,D,0
2024-08-24,SerieA,Inter,Lecce,0.78712654,0.14320488,0.069668576,H,H,1
2024-08-24,SerieA,Parma,Milan,0.08671813,0.13558319,0.7776987,A,H,0
2024-08-24,SerieA,Monza,Genoa,0.3640817,0.41106445,0.22485384,D,A,0
2024-08-25,Ligue1,Strasbourg,Rennes,0.14216222,0.23108721,0.6267506,A,H,0
2024-08-25,SerieA,Roma,Empoli,0.6323994,0.22379771,0.14380288,H,A,0
2024-08-25,EPL,Bournemouth,Newcastle,0.1726036,0.33689332,0.49050307,A,D,0
2024-08-25,EPL,Wolves,Chelsea,0.30875424,0.29144162,0.39980415,A,A,1
2024-08-25,EPL,Liverpool,Brentford,0.7728919,0.13278659,0.09432161,H,H,1
2024-08-25,Ligue1,Marseille,Reims,0.6350417,0.20835924,0.15659904,H,D,0
2024-08-25,Ligue1,Nice,Toulouse,0.47506106,0.19777304,0.3271659,H,D,0
2024-08-25,Ligue1,Nantes,Auxerre,0.35650867,0.36241877,0.28107256,D,H,0
2024-08-25,Ligue1,Lens,Brest,0.6626804,0.17471819,0.16260141,H,H,1
2024-08-25,LaLiga,Ath Madrid,Girona,0.50693077,0.19587745,0.29719177,H,H,1
2024-08-25,LaLiga,Alaves,Betis,0.27543312,0.2811239,0.44344297,A,D,0
2024-08-25,LaLiga,Leganes,Las Palmas,0.437026,0.30652556,0.25644845,H,H,1
2024-08-25,LaLiga,Real Madrid,Valladolid,0.8201464,0.15153062,0.028323006,H,H,1
2024-08-25,Bundesliga,St Pauli,Heidenheim,0.3526357,0.29760802,0.34975627,H,A,0
2024-08-25,SerieA,Napoli,Bologna,0.44736516,0.27166152,0.28097332,H,H,1
2024-08-25,Bundesliga,Wolfsburg,Bayern Munich,0.22022602,0.20141447,0.5783595,A,A,1
2024-08-25,SerieA,Fiorentina,Venezia,0.7377387,0.19289447,0.06936676,H,D,0
2024-08-25,SerieA,Torino,Atalanta,0.20164563,0.23526157,0.5630928,A,H,0
2024-08-26,SerieA,Cagliari,Como,0.53907454,0.09390055,0.36702496,H,D,0
2024-08-26,SerieA,Verona,Juventus,0.15913953,0.27650374,0.56435674,A,A,1
2024-08-26,LaLiga,Villarreal,Celta,0.622339,0.17390458,0.20375647,H,H,1
2024-08-27,LaLiga,Mallorca,Sevilla,0.47435674,0.30452418,0.22111902,H,D,0
2024-08-27,LaLiga,Vallecano,Barcelona,0.16958974,0.30571756,0.52469265,A,A,1
2024-08-28,LaLiga,Sociedad,Alaves,0.6163294,0.2444611,0.13920955,H,A,0
2024-08-28,LaLiga,Ath Madrid,Espanol,0.789258,0.15610458,0.054637454,H,D,0
2024-08-28,LaLiga,Valladolid,Leganes,0.36672115,0.29979983,0.333479,H,D,0
2024-08-28,LaLiga,Ath Bilbao,Valencia,0.5886549,0.22535616,0.18598895,H,H,1
2024-08-29,LaLiga,Girona,Osasuna,0.7766562,0.103039734,0.12030406,H,H,1
2024-08-29,LaLiga,Las Palmas,Real Madrid,0.08335333,0.17380159,0.7428451,A,D,0
2024-08-30,Ligue1,Lyon,Strasbourg,0.5834063,0.234129,0.18246467,H,H,1
2024-08-30,SerieA,Inter,Atalanta,0.49633992,0.18397668,0.31968346,H,H,1
2024-08-30,Bundesliga,Union Berlin,St Pauli,0.73170877,0.08343826,0.18485299,H,H,1
2024-08-30,SerieA,Venezia,Torino,0.22465687,0.2691474,0.5061957,A,A,1
2024-08-31,SerieA,Bologna,Empoli,0.706126,0.17029755,0.12357645,H,D,0
2024-08-31,SerieA,Lecce,Cagliari,0.65813893,0.21238536,0.1294757,H,H,1
2024-08-31,SerieA,Lazio,Milan,0.37122637,0.12872256,0.5000511,A,D,0
2024-08-31,SerieA,Napoli,Parma,0.8799448,0.07949675,0.040558487,H,H,1
2024-08-31,Bundesliga,Leverkusen,RB Leipzig,0.60540223,0.25033033,0.14426744,H,A,0
2024-08-31,Bundesliga,Werder Bremen,Dortmund,0.24188039,0.28317028,0.47494933,A,D,0
2024-08-31,Bundesliga,Bochum,M'gladbach,0.26089257,0.5037524,0.23535503,D,A,0
2024-08-31,Bundesliga,Ein Frankfurt,Hoffenheim,0.20161118,0.32931364,0.4690752,A,H,0
2024-08-31,Bundesliga,Holstein Kiel,Wolfsburg,0.28890842,0.3624078,0.34868377,D,A,0
2024-08-31,Bundesliga,Stuttgart,Mainz,0.6120902,0.21147992,0.17642985,H,D,0
2024-08-31,EPL,West Ham,Man City,0.20799914,0.38986313,0.40213767,A,A,1
2024-08-31,EPL,Brentford,Southampton,0.6343508,0.24289687,0.12275237,H,H,1
2024-08-31,EPL,Leicester,Aston Villa,0.37110972,0.28504252,0.34384778,H,A,0
2024-08-31,Ligue1,Toulouse,Marseille,0.20122021,0.28242236,0.5163574,A,A,1
2024-08-31,Ligue1,Montpellier,Nantes,0.48142698,0.4027655,0.115807496,H,A,0
2024-08-31,Ligue1,Brest,St Etienne,0.65232956,0.2445777,0.103092745,H,H,1
2024-08-31,LaLiga,Valencia,Villarreal,0.5012927,0.31067163,0.18803567,H,D,0
2024-08-31,LaLiga,Leganes,Mallorca,0.471766,0.25203636,0.27619767,H,A,0
2024-08-31,EPL,Nott'm Forest,Wolves,0.76163906,0.14152968,0.096831284,H,D,0
2024-08-31,LaLiga,Espanol,Vallecano,0.51725787,0.24718235,0.23555975,H,H,1
2024-08-31,LaLiga,Barcelona,Valladolid,0.85769814,0.10840859,0.033893272,H,H,1
2024-08-31,EPL,Arsenal,Brighton,0.63823,0.26791558,0.09385439,H,D,0
2024-08-31,EPL,Everton,Bournemouth,0.34338692,0.3643262,0.29228693,D,A,0
2024-08-31,EPL,Ipswich,Fulham,0.16788444,0.33226812,0.4998474,A,D,0
2024-08-31,LaLiga,Ath Bilbao,Ath Madrid,0.42898247,0.26354498,0.30747256,H,A,0
2024-09-01,LaLiga,Real Madrid,Betis,0.7319646,0.17003964,0.09799575,H,H,1
2024-09-01,EPL,Man United,Liverpool,0.2767128,0.23585491,0.48743227,A,A,1
2024-09-01,EPL,Newcastle,Tottenham,0.4323589,0.29120216,0.27643892,H,H,1
2024-09-01,EPL,Chelsea,Crystal Palace,0.6422812,0.16637138,0.19134745,H,D,0
2024-09-01,LaLiga,Getafe,Sociedad,0.21514767,0.15680613,0.62804615,A,D,0
2024-09-01,LaLiga,Sevilla,Girona,0.15984482,0.24406499,0.5960902,A,A,1
2024-09-01,SerieA,Fiorentina,Monza,0.6003227,0.099834375,0.29984286,H,D,0
2024-09-01,SerieA,Genoa,Verona,0.4506249,0.3799279,0.1694472,H,A,0
2024-09-01,Bundesliga,Bayern Munich,Freiburg,0.72678286,0.12807326,0.14514382,H,H,1
2024-09-01,SerieA,Udinese,Como,0.46490416,0.2836117,0.25148407,H,H,1
2024-09-01,Ligue1,Monaco,Lens,0.505492,0.38245034,0.112057686,H,D,0
2024-09-01,Ligue1,Angers,Nice,0.13724208,0.20881869,0.6539392,A,A,1
2024-09-01,Ligue1,Le Havre,Auxerre,0.52074766,0.28908628,0.19016607,H,H,1
2024-09-01,Ligue1,Reims,Rennes,0.38557157,0.18283004,0.43159842,A,H,0
2024-09-01,Ligue1,Lille,Paris SG,0.38600674,0.24566232,0.36833096,H,A,0
2024-09-01,LaLiga,Osasuna,Celta,0.57517904,0.23561949,0.18920147,H,H,1
2024-09-01,Bundesliga,Heidenheim,Augsburg,0.38366053,0.4697498,0.14658959,D,H,0
2024-09-01,SerieA,Juventus,Roma,0.5943248,0.23758338,0.16809179,H,D,0
2024-09-01,LaLiga,Alaves,Las Palmas,0.39720124,0.33317575,0.269623,H,H,1
2024-09-13,LaLiga,Betis,Leganes,0.7690438,0.12844926,0.10250697,H,H,1
2024-09-13,Bundesliga,Dortmund,Heidenheim,0.6166927,0.154638,0.22866932,H,H,1
2024-09-13,Ligue1,St Etienne,Lille,0.2535407,0.22448872,0.52197057,A,H,0
2024-09-14,Ligue1,Paris SG,Brest,0.7359926,0.14620797,0.117799446,H,H,1
2024-09-14,LaLiga,Mallorca,Villarreal,0.24576516,0.43537498,0.31885985,D,A,0
2024-09-14,LaLiga,Espanol,Alaves,0.37124482,0.39046967,0.2382855,D,H,0
2024-09-14,LaLiga,Sevilla,Getafe,0.5069756,0.22632152,0.26670286,H,H,1
2024-09-14,LaLiga,Sociedad,Real Madrid,0.4143976,0.11618216,0.46942028,A,A,1
2024-09-14,SerieA,Milan,Venezia,0.7620225,0.18680489,0.051172577,H,H,1
2024-09-14,SerieA,Empoli,Juventus,0.25466833,0.2854784,0.45985326,A,D,0
2024-09-14,SerieA,Como,Bologna,0.09142483,0.19877714,0.70979804,A,D,0
2024-09-14,Ligue1,Auxerre,Monaco,0.119243644,0.27289385,0.6078625,A,A,1
2024-09-14,Ligue1,Marseille,Nice,0.59241396,0.12524164,0.2823444,H,H,1
2024-09-14,EPL,Man City,Brentford,0.87252074,0.08238129,0.04509801,H,H,1
2024-09-14,Bundesliga,M'gladbach,Stuttgart,0.33617175,0.21829084,0.44553742,A,A,1
2024-09-14,Bundesliga,RB Leipzig,Union Berlin,0.8005389,0.101166286,0.09829481,H,D,0
2024-09-14,EPL,Bournemouth,Chelsea,0.17577328,0.22842564,0.5958011,A,A,1
2024-09-14,EPL,Aston Villa,Everton,0.65125513,0.2698488,0.07889613,H,H,1
2024-09-14,Bundesliga,Freiburg,Bochum,0.75131565,0.14728609,0.10139833,H,H,1
2024-09-14,EPL,Liverpool,Nott'm Forest,0.90157,0.07551738,0.022912627,H,A,0
2024-09-14,Bundesliga,Hoffenheim,Leverkusen,0.1365846,0.2178006,0.6456148,A,A,1
2024-09-14,EPL,Crystal Palace,Leicester,0.5048185,0.27984157,0.21533993,H,D,0
2024-09-14,EPL,Brighton,Ipswich,0.5220811,0.32358775,0.15433118,H,D,0
2024-09-14,EPL,Southampton,Man United,0.24804018,0.13722079,0.61473906,A,A,1
2024-09-14,Bundesliga,Wolfsburg,Ein Frankfurt,0.44701985,0.25393227,0.2990479,H,A,0
2024-09-14,Bundesliga,Holstein Kiel,Bayern Munich,0.12969106,0.22384883,0.64646006,A,A,1
2024-09-14,EPL,Fulham,West Ham,0.54089224,0.29449928,0.16460846,H,D,0
2024-09-15,SerieA,Atalanta,Fiorentina,0.60118115,0.17704056,0.22177823,H,H,1
2024-09-15,SerieA,Genoa,Roma,0.25181252,0.30043244,0.44775507,A,D,0
2024-09-15,Bundesliga,Augsburg,St Pauli,0.25923654,0.4845862,0.25617725,D,H,0
2024-09-15,LaLiga,Ath Madrid,Valencia,0.7691473,0.17944953,0.05140317,H,H,1
2024-09-15,LaLiga,Girona,Barcelona,0.5021994,0.21707374,0.28072685,H,A,0
2024-09-15,LaLiga,Las Palmas,Ath Bilbao,0.16135243,0.24451156,0.59413606,A,A,1
2024-09-15,Ligue1,Lens,Lyon,0.6827708,0.15814929,0.15907995,H,D,0
2024-09-15,LaLiga,Celta,Valladolid,0.54703087,0.12378081,0.3291883,H,H,1
2024-09-15,Bundesliga,Mainz,Werder Bremen,0.48013273,0.30218503,0.21768221,H,A,0
2024-09-15,SerieA,Monza,Inter,0.097204834,0.12688474,0.77591044,A,D,0
2024-09-15,SerieA,Cagliari,Napoli,0.18518563,0.3104594,0.50435495,A,A,1
2024-09-15,Ligue1,Toulouse,Le Havre,0.36574984,0.41612834,0.21812178,D,H,0
2024-09-15,Ligue1,Strasbourg,Angers,0.6065868,0.34204268,0.05137052,H,D,0
2024-09-15,Ligue1,Nantes,Reims,0.26481625,0.39114878,0.34403503,D,A,0
2024-09-15,Ligue1,Rennes,Montpellier,0.6031633,0.23901413,0.15782253,H,H,1
2024-09-15,SerieA,Torino,Lecce,0.5535759,0.17916344,0.2672607,H,D,0
2024-09-15,EPL,Wolves,Newcastle,0.28904366,0.26045316,0.45050317,A,A,1
2024-09-15,EPL,Tottenham,Arsenal,0.34696624,0.213138,0.4398958,A,A,1
2024-09-16,SerieA,Lazio,Verona,0.662173,0.21411733,0.123709686,H,H,1
2024-09-16,SerieA,Parma,Udinese,0.11690382,0.2758917,0.6072045,A,A,1
2024-09-16,LaLiga,Vallecano,Osasuna,0.44814846,0.35624933,0.19560221,H,H,1
2024-09-17,LaLiga,Mallorca,Sociedad,0.42503947,0.2499959,0.32496464,H,H,1
2024-09-18,LaLiga,Betis,Getafe,0.63430125,0.24839044,0.11730834,H,H,1
2024-09-19,LaLiga,Leganes,Ath Bilbao,0.25857684,0.20089602,0.5405271,A,A,1
2024-09-20,LaLiga,Alaves,Sevilla,0.57745874,0.23371537,0.18882592,H,H,1
2024-09-20,SerieA,Verona,Torino,0.28502572,0.29091996,0.42405438,A,A,1
2024-09-20,SerieA,Cagliari,Empoli,0.28835776,0.29740077,0.41424143,A,A,1
2024-09-20,Ligue1,Nice,St Etienne,0.75833064,0.1316078,0.11006154,H,H,1
2024-09-20,Bundesliga,Augsburg,Mainz,0.51583076,0.25551304,0.2286562,H,A,0
2024-09-21,LaLiga,Valladolid,Sociedad,0.19221783,0.15454514,0.653237,A,D,0
2024-09-21,LaLiga,Osasuna,Las Palmas,0.4166958,0.30451736,0.2787869,H,H,1
2024-09-21,LaLiga,Valencia,Girona,0.1804274,0.41936183,0.4002108,D,H,0
2024-09-21,LaLiga,Real Madrid,Espanol,0.8794722,0.099295214,0.021232596,H,H,1
2024-09-21,Bundesliga,Union Berlin,Hoffenheim,0.36610773,0.29749858,0.3363937,H,H,1
2024-09-21,EPL,Aston Villa,Wolves,0.61705124,0.23631707,0.14663169,H,H,1
2024-09-21,Bundesliga,Ein Frankfurt,M'gladbach,0.5216003,0.3270864,0.15131328,H,H,1
2024-09-21,Bundesliga,Werder Bremen,Bayern Munich,0.16887774,0.33632466,0.49479756,A,A,1
2024-09-21,Bundesliga,Heidenheim,Freiburg,0.53462243,0.24401312,0.22136447,H,A,0
2024-09-21,EPL,West Ham,Chelsea,0.19268201,0.33777195,0.46954608,A,A,1
2024-09-21,Ligue1,Reims,Paris SG,0.23638134,0.20368326,0.55993545,A,D,0
2024-09-21,Ligue1,Rennes,Lens,0.32657903,0.13441628,0.53900474,A,D,0
2024-09-21,Ligue1,Lille,Strasbourg,0.61197233,0.26704574,0.12098197,H,D,0
2024-09-21,Bundesliga,Bochum,Holstein Kiel,0.5434606,0.22563633,0.23090303,H,D,0
2024-09-21,SerieA,Venezia,Genoa,0.259268,0.24551891,0.49521318,A,H,0
2024-09-21,SerieA,Lecce,Parma,0.68442756,0.25253534,0.0630371,H,D,0
2024-09-21,SerieA,Juventus,Napoli,0.61224246,0.21770991,0.17004761,H,D,0
2024-09-21,EPL,Fulham,Newcastle,0.3572528,0.25566033,0.3870869,A,H,0
2024-09-21,EPL,Leicester,Everton,0.81894195,0.10798128,0.073076785,H,D,0
2024-09-21,EPL,Liverpool,Bournemouth,0.7373737,0.1569653,0.10566096,H,H,1
2024-09-21,EPL,Southampton,Ipswich,0.3438091,0.21848376,0.43770716,A,D,0
2024-09-21,EPL,Crystal Palace,Man United,0.26530826,0.27564278,0.459049,A,D,0
2024-09-21,EPL,Tottenham,Brentford,0.70450044,0.15608731,0.13941222,H,H,1
2024-09-22,SerieA,Roma,Udinese,0.4640168,0.33051884,0.20546438,H,H,1
2024-09-22,Bundesliga,Leverkusen,Wolfsburg,0.7377027,0.14963908,0.112658195,H,H,1
2024-09-22,Ligue1,Lyon,Marseille,0.37992886,0.17376655,0.4463046,A,A,1
2024-09-22,Ligue1,Brest,Toulouse,0.619965,0.17101389,0.2090211,H,H,1
2024-09-22,Ligue1,Angers,Nantes,0.28003672,0.31769177,0.4022715,A,D,0
2024-09-22,Ligue1,Monaco,Le Havre,0.664203,0.18942936,0.14636764,H,H,1
2024-09-22,LaLiga,Vallecano,Ath Madrid,0.20090294,0.3335312,0.46556583,A,D,0
2024-09-22,LaLiga,Villarreal,Barcelona,0.20490083,0.17073795,0.6243612,A,A,1
2024-09-22,LaLiga,Ath Bilbao,Celta,0.74141145,0.17012924,0.08845929,H,H,1
2024-09-22,Bundesliga,Stuttgart,Dortmund,0.41615403,0.18692166,0.39692438,H,H,1
2024-09-22,LaLiga,Getafe,Leganes,0.44956213,0.327967,0.22247094,H,D,0
2024-09-22,SerieA,Fiorentina,Lazio,0.43115753,0.3187385,0.25010398,H,H,1
2024-09-22,SerieA,Monza,Bologna,0.21856518,0.3424085,0.43902633,A,A,1
2024-09-22,SerieA,Inter,Milan,0.57493585,0.18936718,0.23569696,H,A,0
2024-09-22,Bundesliga,St Pauli,RB Leipzig,0.16427441,0.23545758,0.60026807,A,D,0
2024-09-22,Ligue1,Montpellier,Auxerre,0.3900087,0.4208113,0.18917999,D,H,0
2024-09-22,EPL,Man City,Arsenal,0.52091146,0.35337698,0.12571155,H,D,0
2024-09-22,EPL,Brighton,Nott'm Forest,0.4892517,0.36777836,0.14296992,H,D,0
2024-09-23,LaLiga,Betis,Mallorca,0.59877986,0.24997145,0.15124863,H,A,0
2024-09-24,SerieA,Atalanta,Como,0.6935322,0.20862354,0.09784421,H,A,0
2024-09-24,LaLiga,Sevilla,Valladolid,0.4744394,0.25801626,0.26754433,H,H,1
2024-09-24,LaLiga,Valencia,Osasuna,0.58457035,0.28913456,0.12629512,H,D,0
2024-09-24,LaLiga,Real Madrid,Alaves,0.875865,0.08897643,0.035158638,H,H,1
2024-09-25,LaLiga,Barcelona,Getafe,0.80177104,0.18400228,0.014226722,H,H,1
2024-09-25,LaLiga,Girona,Vallecano,0.65814537,0.20314407,0.13871053,H,D,0
2024-09-26,LaLiga,Las Palmas,Betis,0.32902017,0.24778302,0.42319676,A,D,0
2024-09-26,LaLiga,Celta,Ath Madrid,0.18494965,0.29515108,0.51989925,A,A,1
2024-09-26,LaLiga,Espanol,Villarreal,0.29765847,0.18785788,0.51448363,A,A,1
2024-09-27,LaLiga,Valladolid,Mallorca,0.3727,0.3546969,0.27260306,H,A,0
2024-09-27,SerieA,Milan,Lecce,0.82961893,0.11013131,0.060249753,H,H,1
2024-09-27,Bundesliga,Dortmund,Bochum,0.7017311,0.17626311,0.12200579,H,H,1
2024-09-27,Ligue1,Paris SG,Rennes,0.7336968,0.16209482,0.10420836,H,H,1
2024-09-27,Ligue1,Auxerre,Brest,0.15750937,0.45625314,0.38623753,D,H,0
2024-09-28,SerieA,Genoa,Juventus,0.23316175,0.358645,0.40819326,A,A,1
2024-09-28,EPL,Brentford,West Ham,0.4500112,0.27559876,0.27439,H,D,0
2024-09-28,EPL,Chelsea,Brighton,0.7101899,0.1542981,0.13551204,H,H,1
2024-09-28,SerieA,Bologna,Atalanta,0.60828257,0.19814534,0.1935721,H,D,0
2024-09-28,Bundesliga,Freiburg,St Pauli,0.5511167,0.25724155,0.19164172,H,A,0
2024-09-28,EPL,Newcastle,Man City,0.3630837,0.2598439,0.3770724,A,D,0
2024-09-28,EPL,Everton,Crystal Palace,0.3087899,0.30462915,0.386581,A,H,0
2024-09-28,LaLiga,Getafe,Alaves,0.4912036,0.28824383,0.22055262,H,H,1
2024-09-28,LaLiga,Vallecano,Leganes,0.5879472,0.13696662,0.27508622,H,D,0
2024-09-28,LaLiga,Sociedad,Valencia,0.5187975,0.27181202,0.20939045,H,H,1
2024-09-28,LaLiga,Osasuna,Barcelona,0.079463944,0.106477946,0.81405807,A,H,0
2024-09-28,EPL,Arsenal,Leicester,0.84942895,0.10411586,0.046455152,H,H,1
2024-09-28,EPL,Nott'm Forest,Fulham,0.42893848,0.29558587,0.27547565,H,A,0
2024-09-28,SerieA,Udinese,Inter,0.063923225,0.1912683,0.7448085,A,A,1
2024-09-28,Ligue1,Lens,Nice,0.51666397,0.19645552,0.28688052,H,D,0
2024-09-28,EPL,Wolves,Liverpool,0.106485866,0.33326343,0.56025064,A,A,1
2024-09-28,Ligue1,Le Havre,Lille,0.14724688,0.16835302,0.6844001,A,A,1
2024-09-28,Ligue1,Monaco,Montpellier,0.7758971,0.10344332,0.12065966,H,H,1
2024-09-28,Bundesliga,Bayern Munich,Leverkusen,0.40767258,0.257108,0.3352194,H,D,0
2024-09-28,Bundesliga,RB Leipzig,Augsburg,0.7970337,0.13859037,0.06437594,H,H,1
2024-09-28,Bundesliga,Wolfsburg,Stuttgart,0.22695631,0.3341008,0.43894285,A,D,0
2024-09-28,Bundesliga,Mainz,Heidenheim,0.41931853,0.21424672,0.36643478,H,A,0
2024-09-28,Bundesliga,M'gladbach,Union Berlin,0.3193499,0.40048712,0.28016296,D,H,0
2024-09-29,LaLiga,Celta,Girona,0.33995914,0.27016395,0.3898769,A,D,0
2024-09-29,Ligue1,Strasbourg,Marseille,0.20560032,0.14668898,0.6477107,A,H,0
2024-09-29,Ligue1,Nantes,St Etienne,0.63041997,0.10649038,0.26308966,H,D,0
2024-09-29,Ligue1,Angers,Reims,0.23427235,0.3337031,0.4320245,A,A,1
2024-09-29,Ligue1,Toulouse,Lyon,0.20116384,0.3095779,0.4892582,A,A,1
2024-09-29,LaLiga,Ath Bilbao,Sevilla,0.7323566,0.18920574,0.07843769,H,D,0
2024-09-29,LaLiga,Betis,Espanol,0.73926115,0.17274073,0.08799809,H,H,1
2024-09-29,LaLiga,Ath Madrid,Real Madrid,0.6512968,0.19682789,0.15187536,H,D,0
2024-09-29,Bundesliga,Holstein Kiel,Ein Frankfurt,0.10511031,0.52797717,0.36691254,D,A,0
2024-09-29,EPL,Ipswich,Aston Villa,0.18184023,0.22461584,0.59354395,A,D,0
2024-09-29,SerieA,Napoli,Monza,0.6238465,0.26336247,0.11279108,H,H,1
2024-09-29,SerieA,Empoli,Fiorentina,0.32721826,0.3981175,0.27466428,D,D,1
2024-09-29,SerieA,Roma,Venezia,0.60985327,0.32067066,0.06947606,H,H,1
2024-09-29,SerieA,Como,Verona,0.40750882,0.2810353,0.31145585,H,H,1
2024-09-29,EPL,Man United,Tottenham,0.57272404,0.21031904,0.21695693,H,A,0
2024-09-29,Bundesliga,Hoffenheim,Werder Bremen,0.47589576,0.35269994,0.1714043,H,A,0
2024-09-29,SerieA,Torino,Lazio,0.43031567,0.35069302,0.21899138,H,A,0
2024-09-30,SerieA,Parma,Cagliari,0.39805695,0.14773116,0.4542119,A,A,1
2024-09-30,LaLiga,Villarreal,Las Palmas,0.6124008,0.24066937,0.14692979,H,H,1
2024-09-30,EPL,Bournemouth,Southampton,0.63450694,0.27341953,0.092073515,H,H,1
2024-10-04,LaLiga,Leganes,Valencia,0.47646827,0.29137102,0.23216067,H,D,0
2024-10-04,SerieA,Verona,Venezia,0.5006803,0.32740435,0.17191534,H,H,1
2024-10-04,SerieA,Napoli,Como,0.7269749,0.14950632,0.12351873,H,H,1
2024-10-04,Ligue1,Marseille,Angers,0.895787,0.0712818,0.032931235,H,D,0
2024-10-04,Bundesliga,Augsburg,M'gladbach,0.38277793,0.35408443,0.26313767,H,H,1
2024-10-05,LaLiga,Getafe,Osasuna,0.37112442,0.34924725,0.27962837,H,D,0
2024-10-05,LaLiga,Espanol,Mallorca,0.2582289,0.31341368,0.42835736,A,H,0
2024-10-05,LaLiga,Valladolid,Vallecano,0.3427357,0.37251782,0.28474647,D,A,0
2024-10-05,LaLiga,Real Madrid,Villarreal,0.8246046,0.100688115,0.0747073,H,H,1
2024-10-05,Ligue1,Lille,Toulouse,0.6137232,0.24357629,0.14270052,H,H,1
2024-10-05,Ligue1,St Etienne,Auxerre,0.24281965,0.5600629,0.19711745,D,H,0
2024-10-05,LaLiga,Las Palmas,Celta,0.34783536,0.28911906,0.36304554,A,A,1
2024-10-05,Ligue1,Rennes,Monaco,0.24603583,0.28123802,0.47272617,A,A,1
2024-10-05,EPL,West Ham,Ipswich,0.56508166,0.25554222,0.17937616,H,H,1
2024-10-05,EPL,Arsenal,Southampton,0.8405827,0.13847157,0.020945724,H,H,1
2024-10-05,EPL,Crystal Palace,Liverpool,0.14593369,0.20453872,0.6495276,A,A,1
2024-10-05,Bundesliga,St Pauli,Mainz,0.38504058,0.35227883,0.26268062,H,A,0
2024-10-05,Bundesliga,Werder Bremen,Freiburg,0.40816918,0.2829049,0.3089259,H,A,0
2024-10-05,Bundesliga,Union Berlin,Dortmund,0.27907056,0.25553474,0.46539474,A,H,0
2024-10-05,Bundesliga,Leverkusen,Holstein Kiel,0.8961933,0.06201365,0.041793,H,D,0
2024-10-05,Bundesliga,Bochum,Wolfsburg,0.40693095,0.28015825,0.3129108,H,A,0
2024-10-05,SerieA,Udinese,Lecce,0.511845,0.28600827,0.20214671,H,H,1
2024-10-05,SerieA,Inter,Torino,0.7405965,0.1620509,0.09735267,H,H,1
2024-10-05,SerieA,Atalanta,Genoa,0.53377825,0.3884393,0.07778249,H,H,1
2024-10-05,EPL,Man City,Fulham,0.76360077,0.14821105,0.0881882,H,H,1
2024-10-05,EPL,Brentford,Wolves,0.54553825,0.20256025,0.2519015,H,H,1
2024-10-05,EPL,Leicester,Bournemouth,0.39476615,0.28594205,0.31929177,H,H,1
2024-10-05,EPL,Everton,Newcastle,0.41998634,0.22273614,0.35727754,H,D,0
2024-10-06,LaLiga,Alaves,Barcelona,0.16894835,0.18750477,0.6435469,A,A,1
2024-10-06,Bundesliga,Stuttgart,Hoffenheim,0.72980493,0.18837251,0.081822544,H,D,0
2024-10-06,Bundesliga,Ein Frankfurt,Bayern Munich,0.20066069,0.3805408,0.41879857,A,D,0
2024-10-06,Bundesliga,Heidenheim,RB Leipzig,0.23238291,0.19107479,0.5765423,A,A,1
2024-10-06,SerieA,Bologna,Parma,0.88759595,0.08222922,0.030174848,H,D,0
2024-10-06,LaLiga,Sevilla,Betis,0.39890432,0.10587009,0.4952256,A,H,0
2024-10-06,LaLiga,Sociedad,Ath Madrid,0.33011228,0.3815598,0.28832793,D,D,1
2024-10-06,SerieA,Fiorentina,Milan,0.30019093,0.21895422,0.4808549,A,H,0
2024-10-06,Ligue1,Lyon,Nantes,0.72309935,0.12233903,0.15456164,H,H,1
2024-10-06,SerieA,Monza,Roma,0.19970863,0.3528948,0.44739652,A,D,0
2024-10-06,SerieA,Juventus,Cagliari,0.8750535,0.098506026,0.026440434,H,D,0
2024-10-06,SerieA,Lazio,Empoli,0.51338965,0.33625093,0.15035939,H,H,1
2024-10-06,Ligue1,Brest,Le Havre,0.64171565,0.2776864,0.080597915,H,H,1
2024-10-06,LaLiga,Girona,Ath Bilbao,0.56221277,0.20750268,0.23028453,H,H,1
2024-10-06,Ligue1,Strasbourg,Lens,0.30291831,0.18856694,0.50851476,A,D,0
2024-10-06,Ligue1,Nice,Paris SG,0.46581247,0.2825674,0.25162005,H,D,0
2024-10-06,EPL,Aston Villa,Man United,0.66522294,0.13847987,0.19629721,H,D,0
2024-10-06,EPL,Chelsea,Nott'm Forest,0.64701205,0.21336676,0.13962118,H,D,0
2024-10-06,EPL,Brighton,Tottenham,0.3237885,0.27496675,0.4012448,A,H,0
2024-10-06,Ligue1,Reims,Montpellier,0.46811768,0.21687017,0.3150122,H,H,1
2024-10-18,Bundesliga,Dortmund,St Pauli,0.73262316,0.15171401,0.11566282,H,H,1
2024-10-18,LaLiga,Alaves,Valladolid,0.37201613,0.4706039,0.15737998,D,A,0
2024-10-18,Ligue1,Monaco,Lille,0.61787,0.20069683,0.18143325,H,D,0
2024-10-19,LaLiga,Osasuna,Betis,0.36615932,0.22654511,0.40729555,A,A,1
2024-10-19,LaLiga,Girona,Sociedad,0.62523353,0.1807487,0.1940178,H,A,0
2024-10-19,LaLiga,Celta,Real Madrid,0.16889296,0.18165983,0.6494472,A,A,1
2024-10-19,LaLiga,Ath Bilbao,Espanol,0.8209816,0.09132583,0.08769251,H,H,1
2024-10-19,SerieA,Juventus,Lazio,0.7112638,0.13596706,0.1527692,H,H,1
2024-10-19,SerieA,Milan,Udinese,0.8438359,0.065531686,0.09063244,H,H,1
2024-10-19,SerieA,Genoa,Bologna,0.38925457,0.23768176,0.37306368,H,D,0
2024-10-19,SerieA,Como,Parma,0.6406109,0.19633248,0.16305664,H,D,0
2024-10-19,EPL,Tottenham,West Ham,0.7461979,0.14354737,0.110254735,H,H,1
2024-10-19,EPL,Fulham,Aston Villa,0.3470141,0.2664818,0.38650408,A,A,1
2024-10-19,EPL,Ipswich,Everton,0.36765566,0.34999016,0.28235415,H,A,0
2024-10-19,EPL,Man United,Brentford,0.6890999,0.14466767,0.16623242,H,H,1
2024-10-19,EPL,Newcastle,Brighton,0.69181436,0.12700027,0.18118538,H,A,0
2024-10-19,EPL,Bournemouth,Arsenal,0.14894436,0.10943702,0.74161863,A,H,0
2024-10-19,Bundesliga,Mainz,RB Leipzig,0.3637293,0.2507325,0.3855382,A,A,1
2024-10-19,Bundesliga,Bayern Munich,Stuttgart,0.7139405,0.13094687,0.15511268,H,H,1
2024-10-19,Bundesliga,M'gladbach,Heidenheim,0.32862967,0.24101509,0.43035522,A,H,0
2024-10-19,Bundesliga,Leverkusen,Ein Frankfurt,0.6937296,0.120831534,0.18543887,H,H,1
2024-10-19,Ligue1,Paris SG,Strasbourg,0.7402702,0.15587565,0.103854135,H,H,1
2024-10-19,Ligue1,St Etienne,Lens,0.16102196,0.36580026,0.4731777,A,A,1
2024-10-19,Ligue1,Brest,Rennes,0.55926937,0.19990803,0.24082263,H,D,0
2024-10-19,EPL,Southampton,Leicester,0.3639987,0.28619662,0.34980464,H,A,0
2024-10-19,Bundesliga,Freiburg,Augsburg,0.60949934,0.22607334,0.16442735,H,H,1
2024-10-19,Bundesliga,Hoffenheim,Bochum,0.3758386,0.45997348,0.16418794,D,H,0
2024-10-20,LaLiga,Barcelona,Sevilla,0.74732256,0.20615572,0.046521712,H,H,1
2024-10-20,LaLiga,Villarreal,Getafe,0.7135416,0.17607062,0.11038779,H,D,0
2024-10-20,LaLiga,Ath Madrid,Leganes,0.7461688,0.16006994,0.09376125,H,H,1
2024-10-20,Ligue1,Auxerre,Reims,0.20345293,0.33536118,0.46118584,A,H,0
2024-10-20,Ligue1,Nantes,Nice,0.24581943,0.29955462,0.45462596,A,D,0
2024-10-20,Ligue1,Toulouse,Angers,0.74967265,0.19565721,0.054670133,H,D,0
2024-10-20,Ligue1,Montpellier,Marseille,0.2771429,0.3913943,0.33146277,D,A,0
2024-10-20,Ligue1,Le Havre,Lyon,0.13731788,0.4697051,0.392977,D,A,0
2024-10-20,LaLiga,Mallorca,Vallecano,0.5119301,0.21074341,0.27732643,H,H,1
2024-10-20,SerieA,Lecce,Fiorentina,0.16398603,0.15457562,0.6814384,A,A,1
2024-10-20,EPL,Wolves,Man City,0.21091147,0.30028546,0.4888031,A,A,1
2024-10-20,EPL,Liverpool,Chelsea,0.6533324,0.16895972,0.17770785,H,H,1
2024-10-20,Bundesliga,Wolfsburg,Werder Bremen,0.52648926,0.28128257,0.19222818,H,A,0
2024-10-20,Bundesliga,Holstein Kiel,Union Berlin,0.25982207,0.43539143,0.30478653,D,A,0
2024-10-20,SerieA,Roma,Inter,0.36486903,0.22060488,0.4145261,A,A,1
2024-10-20,SerieA,Cagliari,Torino,0.26339766,0.28451815,0.4520842,A,H,0
2024-10-20,SerieA,Venezia,Atalanta,0.091413386,0.13209741,0.77648914,A,A,1
2024-10-20,SerieA,Empoli,Napoli,0.2766245,0.25527152,0.468104,A,A,1
2024-10-21,EPL,Nott'm Forest,Crystal Palace,0.3583369,0.3017766,0.33988646,H,H,1
2024-10-21,LaLiga,Valencia,Las Palmas,0.43593872,0.3385014,0.22555992,H,A,0
2024-10-21,SerieA,Verona,Monza,0.37577227,0.32821095,0.29601675,H,A,0
2024-10-25,Bundesliga,Mainz,M'gladbach,0.563353,0.25850436,0.17814268,H,D,0
2024-10-25,LaLiga,Espanol,Sevilla,0.37959725,0.29453525,0.3258675,H,A,0
2024-10-25,EPL,Leicester,Nott'm Forest,0.443493,0.3220627,0.23444429,H,A,0
2024-10-25,SerieA,Udinese,Cagliari,0.5599198,0.3045803,0.13549994,H,H,1
2024-10-25,SerieA,Torino,Como,0.61017454,0.22020893,0.16961654,H,H,1
2024-10-25,Ligue1,Rennes,Le Havre,0.88006604,0.07340352,0.04653041,H,H,1
2024-10-26,Bundesliga,RB Leipzig,Freiburg,0.7418942,0.14438419,0.11372164,H,H,1
2024-10-26,Bundesliga,Stuttgart,Holstein Kiel,0.8210636,0.094238564,0.084697865,H,H,1
2024-10-26,EPL,Everton,Fulham,0.33463275,0.34737065,0.3179966,D,D,1
2024-10-26,EPL,Man City,Southampton,0.8864507,0.09467034,0.018878935,H,H,1
2024-10-26,Bundesliga,Augsburg,Dortmund,0.17243744,0.4374587,0.39010394,D,H,0
2024-10-26,EPL,Brighton,Wolves,0.75090295,0.20168993,0.04740714,H,D,0
2024-10-26,Bundesliga,Werder Bremen,Leverkusen,0.13632867,0.23266757,0.6310038,A,D,0
2024-10-26,EPL,Brentford,Ipswich,0.46095842,0.30453956,0.234502,H,H,1
2024-10-26,Bundesliga,St Pauli,Wolfsburg,0.3990231,0.23993936,0.36103758,H,D,0
2024-10-26,LaLiga,Valladolid,Villarreal,0.30801743,0.31382218,0.37816036,A,A,1
2024-10-26,LaLiga,Real Madrid,Barcelona,0.4859256,0.21422979,0.29984453,H,A,0
2024-10-26,LaLiga,Las Palmas,Girona,0.20243865,0.33191887,0.46564242,A,H,0
2024-10-26,LaLiga,Vallecano,Alaves,0.4188726,0.456553,0.12457442,D,H,0
2024-10-26,EPL,Aston Villa,Bournemouth,0.70697725,0.16360848,0.12941432,H,D,0
2024-10-26,Ligue1,Reims,Brest,0.5190694,0.11464441,0.36628622,H,A,0
2024-10-26,Ligue1,Lens,Lille,0.5647992,0.28884414,0.14635666,H,A,0
2024-10-26,SerieA,Napoli,Lecce,0.8595247,0.10858135,0.031893976,H,H,1
2024-10-26,SerieA,Atalanta,Verona,0.79344314,0.13853744,0.06801937,H,H,1
2024-10-26,Ligue1,Angers,St Etienne,0.39556906,0.2139382,0.39049277,H,H,1
2024-10-27,Ligue1,Lyon,Auxerre,0.6094674,0.24257222,0.1479604,H,D,0
2024-10-27,Ligue1,Montpellier,Toulouse,0.25537556,0.4255747,0.31904975,D,A,0
2024-10-27,Ligue1,Nice,Monaco,0.25571382,0.382122,0.3621642,D,H,0
2024-10-27,SerieA,Lazio,Genoa,0.6451319,0.21222223,0.14264587,H,H,1
2024-10-27,LaLiga,Betis,Ath Madrid,0.19951554,0.37613744,0.42434704,A,H,0
2024-10-27,LaLiga,Sociedad,Osasuna,0.5361556,0.34977454,0.11406988,H,A,0
2024-10-27,SerieA,Parma,Empoli,0.3333351,0.20803265,0.45863223,A,D,0
2024-10-27,LaLiga,Getafe,Valencia,0.4595664,0.39084268,0.14959091,H,D,0
2024-10-27,LaLiga,Leganes,Celta,0.3204941,0.4181286,0.26137727,D,H,0
2024-10-27,Bundesliga,Heidenheim,Hoffenheim,0.45441097,0.33908373,0.20650531,H,D,0
2024-10-27,Ligue1,Strasbourg,Nantes,0.39233,0.42483413,0.18283582,D,H,0
2024-10-27,SerieA,Fiorentina,Roma,0.5091454,0.27427992,0.21657471,H,H,1
2024-10-27,SerieA,Inter,Juventus,0.4378495,0.23596936,0.3261811,H,D,0
2024-10-27,SerieA,Monza,Venezia,0.61198294,0.2573431,0.13067399,H,D,0
2024-10-27,Bundesliga,Union Berlin,Ein Frankfurt,0.30952054,0.4105953,0.27988413,D,D,1
2024-10-27,Ligue1,Marseille,Paris SG,0.39318073,0.18905278,0.4177665,A,A,1
2024-10-27,Bundesliga,Bochum,Bayern Munich,0.14495736,0.305653,0.54938966,A,A,1
2024-10-27,EPL,Chelsea,Newcastle,0.56945807,0.2000974,0.2304445,H,H,1
2024-10-27,EPL,Arsenal,Liverpool,0.5353464,0.25305212,0.2116015,H,D,0
2024-10-27,EPL,West Ham,Man United,0.2598919,0.35772732,0.38238075,A,H,0
2024-10-27,EPL,Crystal Palace,Tottenham,0.13383964,0.2851951,0.5809652,A,H,0
2024-10-28,LaLiga,Mallorca,Ath Bilbao,0.14896685,0.37123665,0.47979653,A,D,0
2024-10-29,SerieA,Milan,Napoli,0.36077264,0.513803,0.12542437,D,A,0
2024-10-29,SerieA,Lecce,Verona,0.35453576,0.31075493,0.33470938,H,H,1
2024-10-29,SerieA,Cagliari,Bologna,0.29729095,0.3185405,0.38416854,A,A,1
2024-10-30,SerieA,Venezia,Udinese,0.2713423,0.19977361,0.52888405,A,H,0
2024-10-30,SerieA,Atalanta,Monza,0.6658213,0.14035341,0.19382532,H,H,1
2024-10-30,SerieA,Juventus,Parma,0.91683763,0.056956336,0.02620601,H,D,0
2024-10-30,SerieA,Empoli,Inter,0.27076524,0.22045164,0.5087831,A,A,1
2024-10-31,SerieA,Genoa,Fiorentina,0.3059471,0.21595672,0.4780962,A,A,1
2024-10-31,SerieA,Roma,Torino,0.6119739,0.20624603,0.18178007,H,H,1
2024-10-31,SerieA,Como,Lazio,0.22854263,0.23908342,0.53237396,A,A,1
2024-11-01,LaLiga,Alaves,Mallorca,0.2878363,0.2694658,0.44269785,A,H,0
2024-11-01,Ligue1,Lille,Lyon,0.51504713,0.24617869,0.2387742,H,D,0
2024-11-01,Ligue1,Monaco,Angers,0.87231475,0.09799849,0.029686686,H,A,0
2024-11-01,Bundesliga,Leverkusen,Stuttgart,0.64209557,0.13545538,0.22244903,H,D,0
2024-11-02,Ligue1,Paris SG,Lens,0.57572913,0.12948841,0.29478252,H,H,1
2024-11-02,EPL,Wolves,Crystal Palace,0.31476775,0.30478096,0.38045126,A,D,0
2024-11-02,EPL,Newcastle,Arsenal,0.2715864,0.18083322,0.5475804,A,H,0
2024-11-02,Ligue1,St Etienne,Strasbourg,0.3350725,0.3774587,0.28746882,D,H,0
2024-11-02,EPL,Bournemouth,Man City,0.17700271,0.21041548,0.61258185,A,H,0
2024-11-02,EPL,Ipswich,Leicester,0.27942124,0.4590276,0.2615511,D,D,1
2024-11-02,EPL,Liverpool,Brighton,0.84546167,0.085982956,0.068555385,H,H,1
2024-11-02,Ligue1,Brest,Nice,0.5681581,0.2301496,0.20169227,H,A,0
2024-11-02,EPL,Nott'm Forest,West Ham,0.50576824,0.31667295,0.1775588,H,H,1
2024-11-02,SerieA,Bologna,Lecce,0.6538859,0.10152585,0.2445883,H,H,1
2024-11-02,SerieA,Udinese,Juventus,0.3514944,0.21116345,0.4373421,A,A,1
2024-11-02,SerieA,Monza,Milan,0.1888462,0.24532546,0.5658283,A,A,1
2024-11-02,Bundesliga,Bayern Munich,Union Berlin,0.7496897,0.19492327,0.055386987,H,H,1
2024-11-02,LaLiga,Osasuna,Valladolid,0.52768207,0.2746292,0.19768876,H,H,1
2024-11-02,LaLiga,Girona,Leganes,0.7597572,0.14747456,0.092768244,H,H,1
2024-11-02,Bundesliga,Ein Frankfurt,Bochum,0.81789714,0.10869812,0.07340478,H,H,1
2024-11-02,Bundesliga,Hoffenheim,St Pauli,0.5119314,0.27450734,0.21356124,H,A,0
2024-11-02,Bundesliga,Holstein Kiel,Heidenheim,0.27326685,0.29258195,0.43415126,A,H,0
2024-11-02,Bundesliga,Wolfsburg,Augsburg,0.59078866,0.24248382,0.16672757,H,D,0
2024-11-02,Bundesliga,Dortmund,RB Leipzig,0.27449474,0.3619402,0.3635651,A,H,0
2024-11-02,EPL,Southampton,Everton,0.48177817,0.23712535,0.28109643,H,H,1
2024-11-03,EPL,Tottenham,Aston Villa,0.6000089,0.1817418,0.21824928,H,H,1
2024-11-03,EPL,Man United,Chelsea,0.46023983,0.22221081,0.31754935,H,D,0
2024-11-03,Bundesliga,M'gladbach,Werder Bremen,0.47048098,0.15252852,0.3769905,H,H,1
2024-11-03,Ligue1,Toulouse,Reims,0.35340053,0.3399364,0.3066631,H,H,1
2024-11-03,Ligue1,Auxerre,Rennes,0.30241016,0.2080079,0.4895819,A,H,0
2024-11-03,Ligue1,Le Havre,Montpellier,0.3580855,0.27596417,0.36595032,A,H,0
2024-11-03,Ligue1,Nantes,Marseille,0.18245563,0.44357654,0.37396786,D,A,0
2024-11-03,SerieA,Napoli,Atalanta,0.3355277,0.29019347,0.37427884,A,A,1
2024-11-03,SerieA,Torino,Fiorentina,0.2854362,0.3700924,0.34447142,D,A,0
2024-11-03,SerieA,Verona,Roma,0.3091555,0.31732482,0.3735197,A,H,0
2024-11-03,SerieA,Inter,Venezia,0.94153446,0.03747493,0.020990616,H,H,1
2024-11-03,LaLiga,Ath Madrid,Las Palmas,0.7319897,0.20678501,0.061225366,H,H,1
2024-11-03,LaLiga,Barcelona,Espanol,0.76252204,0.2038317,0.03364625,H,H,1
2024-11-03,LaLiga,Sevilla,Sociedad,0.36893168,0.24544963,0.38561866,A,A,1
2024-11-03,LaLiga,Ath Bilbao,Betis,0.6661577,0.19425334,0.13958894,H,D,0
2024-11-03,Bundesliga,Freiburg,Mainz,0.54867136,0.25705233,0.1942763,H,D,0
2024-11-04,SerieA,Empoli,Como,0.43824148,0.3768977,0.18486086,H,H,1
2024-11-04,SerieA,Lazio,Cagliari,0.8866632,0.07687398,0.036462843,H,H,1
2024-11-04,SerieA,Parma,Genoa,0.4059812,0.23162778,0.36239097,H,A,0
2024-11-04,LaLiga,Celta,Getafe,0.5056781,0.3140786,0.18024328,H,H,1
2024-11-04,EPL,Fulham,Brentford,0.5461543,0.23007694,0.22376879,H,H,1
2024-11-07,SerieA,Genoa,Como,0.40660468,0.33611053,0.2572848,H,D,0
2024-11-08,Bundesliga,Union Berlin,Freiburg,0.5373354,0.22444786,0.23821671,H,D,0
2024-11-08,Ligue1,Marseille,Auxerre,0.50371194,0.2940307,0.2022574,H,A,0
2024-11-08,SerieA,Lecce,Empoli,0.44292027,0.2647936,0.2922861,H,D,0
2024-11-08,LaLiga,Vallecano,Las Palmas,0.56858695,0.3367206,0.09469245,H,A,0
2024-11-09,Ligue1,Strasbourg,Monaco,0.16875449,0.30271143,0.5285341,A,A,1
2024-11-09,Ligue1,Lens,Nantes,0.62591445,0.2999209,0.07416466,H,H,1
2024-11-09,Ligue1,Angers,Paris SG,0.12760578,0.2168851,0.6555091,A,A,1
2024-11-09,Bundesliga,Werder Bremen,Holstein Kiel,0.5793307,0.22705364,0.19361567,H,H,1
2024-11-09,SerieA,Juventus,Torino,0.7919907,0.120179005,0.08783025,H,H,1
2024-11-09,SerieA,Cagliari,Milan,0.13655269,0.25168452,0.61176276,A,D,0
2024-11-09,SerieA,Venezia,Parma,0.6307155,0.236847,0.13243751,H,A,0
2024-11-09,LaLiga,Leganes,Sevilla,0.5680442,0.20754594,0.22440992,H,H,1
2024-11-09,LaLiga,Villarreal,Alaves,0.7027099,0.1742427,0.12304743,H,H,1
2024-11-09,LaLiga,Real Madrid,Osasuna,0.60101,0.3304217,0.06856828,H,H,1
2024-11-09,Bundesliga,RB Leipzig,M'gladbach,0.7549883,0.18777587,0.057235815,H,D,0
2024-11-09,EPL,Brentford,Bournemouth,0.5023147,0.23678133,0.26090395,H,H,1
2024-11-09,Bundesliga,Bochum,Leverkusen,0.33162978,0.25101328,0.41735697,A,D,0
2024-11-09,EPL,West Ham,Everton,0.53468406,0.24052814,0.22478779,H,D,0
2024-11-09,EPL,Crystal Palace,Fulham,0.55263036,0.13299075,0.31437886,H,A,0
2024-11-09,EPL,Brighton,Man City,0.3117746,0.2120411,0.47618428,A,H,0
2024-11-09,EPL,Liverpool,Aston Villa,0.6737976,0.1872665,0.13893583,H,H,1
2024-11-09,Bundesliga,Mainz,Dortmund,0.25192696,0.15421523,0.59385777,A,H,0
2024-11-09,EPL,Wolves,Southampton,0.753255,0.16056962,0.086175404,H,H,1
2024-11-09,Bundesliga,St Pauli,Bayern Munich,0.09486715,0.21655811,0.6885747,A,A,1
2024-11-10,EPL,Chelsea,Arsenal,0.23245433,0.17564714,0.5918985,A,D,0
2024-11-10,LaLiga,Betis,Celta,0.61245537,0.26213092,0.12541372,H,D,0
2024-11-10,LaLiga,Mallorca,Ath Madrid,0.20606114,0.13715282,0.656786,A,A,1
2024-11-10,LaLiga,Getafe,Girona,0.3020538,0.25257045,0.44537577,A,A,1
2024-11-10,LaLiga,Sociedad,Barcelona,0.3038003,0.42202714,0.27417254,D,H,0
2024-11-10,Bundesliga,Heidenheim,Wolfsburg,0.45107624,0.2401601,0.30876365,H,A,0
2024-11-10,Bundesliga,Stuttgart,Ein Frankfurt,0.54609585,0.17630349,0.27760068,H,A,0
2024-11-10,Bundesliga,Augsburg,Hoffenheim,0.390137,0.40034837,0.2095146,D,D,1
2024-11-10,EPL,Nott'm Forest,Newcastle,0.20531866,0.29141358,0.50326777,A,A,1
2024-11-10,EPL,Man United,Leicester,0.73509264,0.16155127,0.10335612,H,H,1
2024-11-10,LaLiga,Valladolid,Ath Bilbao,0.2124059,0.31013647,0.47745764,A,D,0
2024-11-10,EPL,Tottenham,Ipswich,0.79697984,0.13884434,0.064175814,H,A,0
2024-11-10,Ligue1,Lyon,St Etienne,0.80228555,0.10486238,0.09285208,H,H,1
2024-11-10,SerieA,Fiorentina,Verona,0.79539,0.10489361,0.09971641,H,H,1
2024-11-10,SerieA,Roma,Bologna,0.45244288,0.36024484,0.18731232,H,A,0
2024-11-10,SerieA,Monza,Lazio,0.22613703,0.27907145,0.4947915,A,A,1
2024-11-10,SerieA,Inter,Napoli,0.62118375,0.15463622,0.22418003,H,D,0
2024-11-10,Ligue1,Nice,Lille,0.44382724,0.26769704,0.28847572,H,D,0
2024-11-10,Ligue1,Le Havre,Reims,0.11399172,0.27637836,0.6096299,A,A,1
2024-11-10,SerieA,Atalanta,Udinese,0.76707304,0.17108096,0.06184596,H,H,1
2024-11-10,Ligue1,Rennes,Toulouse,0.42042315,0.3114611,0.26811573,H,A,0
2024-11-10,Ligue1,Montpellier,Brest,0.23440723,0.2938966,0.47169617,A,H,0
2024-11-22,Ligue1,Paris SG,Toulouse,0.61274195,0.3183934,0.068864636,H,H,1
2024-11-22,Ligue1,Monaco,Brest,0.69730526,0.19657744,0.106117316,H,H,1
2024-11-22,Bundesliga,Bayern Munich,Augsburg,0.8332038,0.122308634,0.044487566,H,H,1
2024-11-22,LaLiga,Getafe,Valladolid,0.3390755,0.32115015,0.3397743,A,H,0
2024-11-23,SerieA,Parma,Atalanta,0.10913842,0.067954406,0.8229072,A,A,1
2024-11-23,Bundesliga,Leverkusen,Heidenheim,0.66277844,0.17219846,0.16502307,H,H,1
2024-11-23,Bundesliga,Hoffenheim,RB Leipzig,0.344302,0.23380126,0.42189673,A,H,0
2024-11-23,Bundesliga,Dortmund,Freiburg,0.72286886,0.14745274,0.12967838,H,H,1
2024-11-23,SerieA,Verona,Inter,0.14145425,0.16394915,0.6945966,A,A,1
2024-11-23,SerieA,Milan,Juventus,0.544429,0.13478628,0.32078472,H,D,0
2024-11-23,Bundesliga,Stuttgart,Bochum,0.77073145,0.14709242,0.08217616,H,H,1
2024-11-23,Bundesliga,Wolfsburg,Union Berlin,0.4484207,0.27928132,0.27229804,H,H,1
2024-11-23,LaLiga,Ath Madrid,Alaves,0.7799962,0.1540679,0.06593594,H,H,1
2024-11-23,LaLiga,Girona,Espanol,0.6580055,0.21351023,0.12848425,H,H,1
2024-11-23,Ligue1,Reims,Lyon,0.21495143,0.15388088,0.6311677,A,D,0
2024-11-23,Ligue1,St Etienne,Montpellier,0.35843673,0.19811323,0.44345006,A,H,0
2024-11-23,Ligue1,Lens,Marseille,0.6293201,0.13595828,0.2347216,H,A,0
2024-11-23,EPL,Leicester,Chelsea,0.24078993,0.38222533,0.3769847,D,A,0
2024-11-23,EPL,Arsenal,Nott'm Forest,0.8049912,0.101421155,0.09358762,H,H,1
2024-11-23,EPL,Aston Villa,Crystal Palace,0.7185748,0.16242741,0.118997805,H,D,0
2024-11-23,EPL,Bournemouth,Brighton,0.366999,0.2442719,0.3887291,A,A,1
2024-11-23,EPL,Everton,Brentford,0.55625093,0.19026974,0.25347933,H,D,0
2024-11-23,EPL,Fulham,Wolves,0.3312123,0.5425807,0.12620692,D,A,0
2024-11-23,EPL,Man City,Tottenham,0.66374195,0.16026315,0.17599493,H,A,0
2024-11-23,LaLiga,Valencia,Betis,0.18596396,0.2509571,0.56307894,A,H,0
2024-11-23,Bundesliga,Ein Frankfurt,Werder Bremen,0.77528024,0.107838996,0.11688081,H,H,1
2024-11-23,LaLiga,Celta,Barcelona,0.1538627,0.19335589,0.6527814,A,D,0
2024-11-23,LaLiga,Las Palmas,Mallorca,0.24962999,0.32185662,0.42851335,A,A,1
2024-11-24,EPL,Southampton,Liverpool,0.06725503,0.15462138,0.77812356,A,A,1
2024-11-24,Ligue1,Lille,Rennes,0.752687,0.18966559,0.05764744,H,H,1
2024-11-24,Ligue1,Auxerre,Angers,0.6494012,0.21428779,0.13631105,H,H,1
2024-11-24,Ligue1,Nantes,Le Havre,0.49783066,0.28914288,0.21302652,H,A,0
2024-11-24,Ligue1,Nice,Strasbourg,0.7275144,0.15812984,0.114355825,H,H,1
2024-11-24,LaLiga,Ath Bilbao,Sociedad,0.6849363,0.18401916,0.13104455,H,H,1
2024-11-24,LaLiga,Osasuna,Villarreal,0.18167056,0.43989053,0.37843892,D,D,1
2024-11-24,SerieA,Napoli,Roma,0.7052706,0.13505782,0.15967162,H,H,1
2024-11-24,SerieA,Lazio,Bologna,0.56894404,0.27668396,0.15437195,H,H,1
2024-11-24,SerieA,Como,Fiorentina,0.14592414,0.09802441,0.7560515,A,A,1
2024-11-24,SerieA,Genoa,Cagliari,0.44072857,0.3573413,0.20193018,H,D,0
2024-11-24,LaLiga,Leganes,Real Madrid,0.102779955,0.19283693,0.70438313,A,A,1
2024-11-24,EPL,Ipswich,Man United,0.1982547,0.34067172,0.4610736,A,D,0
2024-11-24,Bundesliga,Holstein Kiel,Mainz,0.31410858,0.26594368,0.41994777,A,A,1
2024-11-24,Bundesliga,M'gladbach,St Pauli,0.5052967,0.22141458,0.27328873,H,H,1
2024-11-24,SerieA,Torino,Monza,0.50653404,0.34485805,0.14860788,H,D,0
2024-11-24,LaLiga,Sevilla,Vallecano,0.55183107,0.24399115,0.20417778,H,H,1
2024-11-25,SerieA,Empoli,Udinese,0.4831951,0.33238938,0.18441552,H,D,0
2024-11-25,SerieA,Venezia,Lecce,0.36004168,0.3683708,0.27158755,D,A,0
2024-11-25,EPL,Newcastle,West Ham,0.73019993,0.1860957,0.08370437,H,A,0
2024-11-29,EPL,Brighton,Southampton,0.7597834,0.18938823,0.050828386,H,D,0
2024-11-29,SerieA,Cagliari,Verona,0.5555232,0.24930836,0.19516845,H,H,1
2024-11-29,Bundesliga,St Pauli,Holstein Kiel,0.39328873,0.38625973,0.22045156,H,H,1
2024-11-29,Ligue1,Reims,Lens,0.31140712,0.17815384,0.51043904,A,A,1
2024-11-29,LaLiga,Mallorca,Valencia,0.44820878,0.29514548,0.25664574,H,H,1
2024-11-30,Ligue1,Rennes,St Etienne,0.7014009,0.13130262,0.16729645,H,H,1
2024-11-30,Ligue1,Brest,Strasbourg,0.61486346,0.24078646,0.14435007,H,H,1
2024-11-30,Ligue1,Paris SG,Nantes,0.92391735,0.06253726,0.013545394,H,D,0
2024-11-30,EPL,Brentford,Leicester,0.45306322,0.32988337,0.21705337,H,H,1
2024-11-30,LaLiga,Alaves,Leganes,0.45501712,0.30051842,0.24446444,H,D,0
2024-11-30,Bundesliga,Augsburg,Bochum,0.76406455,0.14769544,0.08824007,H,H,1
2024-11-30,EPL,West Ham,Arsenal,0.17544484,0.3211755,0.50337964,A,A,1
2024-11-30,EPL,Wolves,Bournemouth,0.333454,0.2567934,0.40975258,A,A,1
2024-11-30,EPL,Nott'm Forest,Ipswich,0.60913426,0.21544732,0.17541844,H,H,1
2024-11-30,SerieA,Como,Monza,0.25882918,0.3826684,0.35850245,D,D,1
2024-11-30,SerieA,Milan,Empoli,0.7513361,0.15669525,0.09196863,H,H,1
2024-11-30,LaLiga,Barcelona,Las Palmas,0.80985326,0.14537896,0.04476776,H,A,0
2024-11-30,SerieA,Bologna,Venezia,0.4184316,0.38584748,0.1957209,H,H,1
2024-11-30,Bundesliga,RB Leipzig,Wolfsburg,0.67406166,0.10716326,0.21877508,H,A,0
2024-11-30,Bundesliga,Union Berlin,Leverkusen,0.108795084,0.2660905,0.62511444,A,A,1
2024-11-30,LaLiga,Valladolid,Ath Madrid,0.11216689,0.15105487,0.73677826,A,A,1
2024-11-30,EPL,Crystal Palace,Newcastle,0.28058037,0.12489122,0.59452844,A,D,0
2024-11-30,Bundesliga,Dortmund,Bayern Munich,0.17698786,0.4746261,0.34838602,D,D,1
2024-11-30,LaLiga,Espanol,Celta,0.22638358,0.39514026,0.37847617,D,H,0
2024-11-30,Bundesliga,Freiburg,M'gladbach,0.34691215,0.3166575,0.33643037,H,H,1
2024-11-30,Bundesliga,Werder Bremen,Stuttgart,0.3446685,0.25592154,0.39940998,A,D,0
2024-12-01,EPL,Liverpool,Man City,0.34921464,0.35538897,0.29539642,D,H,0
2024-12-01,SerieA,Parma,Lazio,0.088447355,0.062519126,0.8490335,A,H,0
2024-12-01,SerieA,Udinese,Genoa,0.4268876,0.36439693,0.20871545,H,A,0
2024-12-01,EPL,Chelsea,Aston Villa,0.65835595,0.22390115,0.11774294,H,H,1
2024-12-01,EPL,Man United,Everton,0.619364,0.25438693,0.12624906,H,H,1
2024-12-01,EPL,Tottenham,Fulham,0.66516495,0.18193923,0.15289582,H,D,0
2024-12-01,SerieA,Torino,Napoli,0.16567467,0.37001842,0.46430698,A,A,1
2024-12-01,SerieA,Lecce,Juventus,0.095035546,0.24689132,0.6580731,A,D,0
2024-12-01,Ligue1,Le Havre,Angers,0.6465509,0.23907842,0.11437072,H,A,0
2024-12-01,Bundesliga,Heidenheim,Ein Frankfurt,0.26524073,0.28976676,0.44499245,A,A,1
2024-12-01,LaLiga,Real Madrid,Getafe,0.81179893,0.14209676,0.046104334,H,H,1
2024-12-01,LaLiga,Vallecano,Ath Bilbao,0.23015909,0.43025145,0.33958948,D,A,0
2024-12-01,LaLiga,Sociedad,Betis,0.5821821,0.24802071,0.16979718,H,H,1
2024-12-01,LaLiga,Villarreal,Girona,0.54760253,0.25453448,0.19786303,H,D,0
2024-12-01,Ligue1,Marseille,Monaco,0.45385718,0.18747501,0.35866782,H,H,1
2024-12-01,Ligue1,Toulouse,Auxerre,0.38805705,0.39213833,0.2198046,D,H,0
2024-12-01,Ligue1,Lyon,Nice,0.6065097,0.23526333,0.158227,H,H,1
2024-12-01,Bundesliga,Mainz,Hoffenheim,0.47122186,0.3332439,0.19553418,H,H,1
2024-12-01,Ligue1,Montpellier,Lille,0.1443015,0.41213858,0.44355997,A,D,0
2024-12-02,SerieA,Roma,Atalanta,0.26351714,0.2569065,0.47957638,A,A,1
2024-12-02,LaLiga,Sevilla,Osasuna,0.3455097,0.32064325,0.33384702,H,D,0
2024-12-03,LaLiga,Mallorca,Barcelona,0.10277427,0.1754882,0.7217375,A,A,1
2024-12-03,EPL,Leicester,West Ham,0.43673876,0.26520056,0.2980607,H,H,1
2024-12-03,EPL,Ipswich,Crystal Palace,0.4803688,0.25178882,0.2678424,H,A,0
2024-12-04,EPL,Aston Villa,Brentford,0.52062047,0.23357017,0.24580935,H,H,1
2024-12-04,LaLiga,Ath Bilbao,Real Madrid,0.47187182,0.29927272,0.22885545,H,H,1
2024-12-04,EPL,Arsenal,Man United,0.48144913,0.25382835,0.26472244,H,H,1
2024-12-04,EPL,Southampton,Chelsea,0.112055555,0.1859354,0.702009,A,A,1
2024-12-04,EPL,Man City,Nott'm Forest,0.8298682,0.09546237,0.07466947,H,H,1
2024-12-04,EPL,Everton,Wolves,0.4281584,0.36097866,0.21086287,H,H,1
2024-12-04,EPL,Newcastle,Liverpool,0.19875641,0.28056368,0.52067995,A,D,0
2024-12-05,EPL,Fulham,Brighton,0.47237277,0.22005975,0.30756754,H,H,1
2024-12-05,EPL,Bournemouth,Tottenham,0.22904104,0.17785425,0.5931047,A,H,0
2024-12-06,LaLiga,Celta,Mallorca,0.58805364,0.26701003,0.14493635,H,H,1
2024-12-06,Bundesliga,Stuttgart,Union Berlin,0.62864673,0.15239963,0.2189536,H,H,1
2024-12-06,SerieA,Inter,Parma,0.9111723,0.06633196,0.022495832,H,H,1
2024-12-06,SerieA,Atalanta,Milan,0.43938425,0.28155634,0.27905947,H,H,1
2024-12-06,Ligue1,Lille,Brest,0.7426116,0.12926209,0.12812631,H,H,1
2024-12-06,Ligue1,Auxerre,Paris SG,0.0921224,0.0906322,0.8172454,A,D,0
2024-12-07,Bundesliga,Leverkusen,St Pauli,0.91332155,0.05325757,0.033420913,H,H,1
2024-12-07,SerieA,Genoa,Torino,0.48478338,0.1265027,0.38871393,H,D,0
2024-12-07,SerieA,Juventus,Bologna,0.67052275,0.20288575,0.12659147,H,D,0
2024-12-07,SerieA,Roma,Lecce,0.4495389,0.25642166,0.2940394,H,H,1
2024-12-07,Bundesliga,Bayern Munich,Heidenheim,0.8694443,0.10313345,0.027422236,H,H,1
2024-12-07,Bundesliga,Bochum,Werder Bremen,0.35779738,0.2512544,0.3909482,A,A,1
2024-12-07,Bundesliga,Holstein Kiel,RB Leipzig,0.15778627,0.06096642,0.7812473,A,A,1
2024-12-07,EPL,Aston Villa,Southampton,0.7863115,0.18695527,0.026733242,H,H,1
2024-12-07,LaLiga,Betis,Barcelona,0.20082822,0.22517668,0.57399505,A,D,0
2024-12-07,LaLiga,Valencia,Vallecano,0.609139,0.25943047,0.13143049,H,A,0
2024-12-07,LaLiga,Girona,Real Madrid,0.42784563,0.111377835,0.4607765,A,A,1
2024-12-07,EPL,Man United,Nott'm Forest,0.7464084,0.15986894,0.093722686,H,A,0
2024-12-07,Ligue1,Monaco,Toulouse,0.640148,0.15900664,0.20084536,H,H,1
2024-12-07,Ligue1,Nice,Le Havre,0.6310881,0.21930455,0.14960735,H,H,1
2024-12-07,Ligue1,Angers,Lyon,0.13136561,0.32834673,0.5402877,A,A,1
2024-12-07,Bundesliga,Ein Frankfurt,Augsburg,0.7250544,0.14758927,0.1273563,H,D,0
2024-12-07,EPL,Crystal Palace,Man City,0.18661015,0.12884495,0.6845449,A,D,0
2024-12-07,EPL,Brentford,Newcastle,0.53284854,0.17452158,0.29262993,H,H,1
2024-12-07,LaLiga,Las Palmas,Valladolid,0.5447811,0.23811781,0.21710111,H,H,1
2024-12-07,Bundesliga,M'gladbach,Dortmund,0.2632507,0.17880858,0.5579407,A,D,0
2024-12-08,EPL,Leicester,Brighton,0.4617277,0.29866728,0.23960505,H,D,0
2024-12-08,LaLiga,Ath Bilbao,Villarreal,0.54874676,0.23803036,0.21322286,H,H,1
2024-12-08,LaLiga,Leganes,Sociedad,0.26892754,0.2477006,0.4833718,A,A,1
2024-12-08,LaLiga,Osasuna,Alaves,0.48271772,0.3387227,0.17855959,H,D,0
2024-12-08,LaLiga,Ath Madrid,Sevilla,0.7931162,0.12802944,0.07885432,H,H,1
2024-12-08,Ligue1,St Etienne,Marseille,0.21031901,0.409493,0.38018805,D,A,0
2024-12-08,Ligue1,Strasbourg,Reims,0.36087963,0.42267936,0.21644105,D,D,1
2024-12-08,Ligue1,Nantes,Rennes,0.16450392,0.41709056,0.41840547,A,H,0
2024-12-08,Ligue1,Lens,Montpellier,0.7350813,0.17336503,0.09155364,H,H,1
2024-12-08,EPL,Tottenham,Chelsea,0.45096555,0.10850434,0.44053006,H,A,0
2024-12-08,EPL,Ipswich,Bournemouth,0.35340092,0.31683153,0.32976755,H,A,0
2024-12-08,Bundesliga,Hoffenheim,Freiburg,0.5090428,0.22725794,0.26369923,H,D,0
2024-12-08,SerieA,Napoli,Lazio,0.5973945,0.23887137,0.16373412,H,A,0
2024-12-08,SerieA,Fiorentina,Cagliari,0.71272886,0.20190999,0.08536111,H,H,1
2024-12-08,SerieA,Verona,Empoli,0.2789577,0.50312895,0.21791337,D,A,0
2024-12-08,EPL,Fulham,Arsenal,0.35877812,0.27780932,0.3634126,A,D,0
2024-12-08,SerieA,Venezia,Como,0.27972415,0.28463295,0.4356429,A,D,0
2024-12-08,Bundesliga,Wolfsburg,Mainz,0.36196855,0.3596254,0.27840605,H,H,1
2024-12-09,EPL,West Ham,Wolves,0.59666604,0.27687904,0.12645496,H,H,1
2024-12-09,LaLiga,Getafe,Espanol,0.5491622,0.26257393,0.1882638,H,H,1
2024-12-09,SerieA,Monza,Udinese,0.42311683,0.32712945,0.24975365,H,A,0
2024-12-13,Ligue1,Toulouse,St Etienne,0.6224153,0.29095918,0.086625524,H,H,1
2024-12-13,Bundesliga,Freiburg,Wolfsburg,0.33706993,0.18673196,0.4761981,A,H,0
2024-12-13,SerieA,Empoli,Torino,0.54674417,0.090526365,0.3627295,H,A,0
2024-12-13,LaLiga,Valladolid,Valencia,0.33822128,0.19249867,0.46928003,A,H,0
2024-12-14,LaLiga,Sevilla,Celta,0.5581371,0.21606155,0.22580135,H,H,1
2024-12-14,Bundesliga,St Pauli,Werder Bremen,0.49610236,0.27546415,0.22843345,H,A,0
2024-12-14,LaLiga,Espanol,Osasuna,0.3467921,0.26193917,0.39126867,A,D,0
2024-12-14,SerieA,Juventus,Venezia,0.9222802,0.051421184,0.026298579,H,D,0
2024-12-14,SerieA,Udinese,Napoli,0.34202623,0.33030412,0.3276696,H,A,0
2024-12-14,SerieA,Cagliari,Atalanta,0.14345124,0.23301716,0.62353164,A,A,1
2024-12-14,LaLiga,Mallorca,Girona,0.2701242,0.24875148,0.48112434,A,H,0
2024-12-14,LaLiga,Vallecano,Real Madrid,0.20268983,0.32801062,0.46929958,A,D,0
2024-12-14,Bundesliga,Union Berlin,Bochum,0.57635903,0.34288418,0.0807568,H,A,0
2024-12-14,EPL,Arsenal,Everton,0.8893615,0.08547789,0.02516062,H,D,0
2024-12-14,EPL,Liverpool,Fulham,0.8038578,0.12324661,0.07289561,H,D,0
2024-12-14,EPL,Newcastle,Leicester,0.7251246,0.159289,0.11558646,H,H,1
2024-12-14,EPL,Wolves,Ipswich,0.33955923,0.36620304,0.2942377,D,A,0
2024-12-14,EPL,Nott'm Forest,Aston Villa,0.33641127,0.19780226,0.46578646,A,H,0
2024-12-14,Ligue1,Marseille,Lille,0.32182142,0.29350254,0.384676,A,D,0
2024-12-14,Ligue1,Auxerre,Lens,0.3256284,0.2248398,0.44953185,A,D,0
2024-12-14,Ligue1,Reims,Monaco,0.28178984,0.16502815,0.55318195,A,D,0
2024-12-14,Bundesliga,Augsburg,Leverkusen,0.14698356,0.24383722,0.6091792,A,A,1
2024-12-14,Bundesliga,Mainz,Bayern Munich,0.19578037,0.24050489,0.5637148,A,H,0
2024-12-14,Bundesliga,M'gladbach,Holstein Kiel,0.45217517,0.42410707,0.12371773,H,H,1
2024-12-15,LaLiga,Alaves,Ath Bilbao,0.28200412,0.21474868,0.5032472,A,D,0
2024-12-15,LaLiga,Villarreal,Betis,0.581801,0.2267288,0.19147019,H,A,0
2024-12-15,Ligue1,Montpellier,Nice,0.29769102,0.24579507,0.45651388,A,D,0
2024-12-15,Ligue1,Brest,Nantes,0.5867331,0.27271566,0.14055125,H,H,1
2024-12-15,Ligue1,Le Havre,Strasbourg,0.32389075,0.33411437,0.3419949,A,A,1
2024-12-15,LaLiga,Barcelona,Leganes,0.7387887,0.22171253,0.039498806,H,A,0
2024-12-15,LaLiga,Sociedad,Las Palmas,0.5871983,0.2909339,0.12186781,H,D,0
2024-12-15,LaLiga,Ath Madrid,Getafe,0.8089658,0.13429798,0.056736175,H,H,1
2024-12-15,SerieA,Bologna,Fiorentina,0.3830982,0.40394306,0.21295871,D,H,0
2024-12-15,Bundesliga,Dortmund,Hoffenheim,0.6895993,0.17636557,0.13403514,H,D,0
2024-12-15,Bundesliga,Heidenheim,Stuttgart,0.35377985,0.39378184,0.2524383,D,A,0
2024-12-15,SerieA,Milan,Genoa,0.6512177,0.22698413,0.12179816,H,D,0
2024-12-15,SerieA,Como,Roma,0.32913664,0.29305843,0.37780493,A,H,0
2024-12-15,SerieA,Parma,Verona,0.39117557,0.19846213,0.41036233,A,A,1
2024-12-15,Ligue1,Rennes,Angers,0.7722268,0.14022762,0.08754557,H,H,1
2024-12-15,SerieA,Lecce,Monza,0.3113908,0.34565088,0.3429583,D,H,0
2024-12-15,EPL,Southampton,Tottenham,0.2712688,0.266514,0.46221715,A,A,1
2024-12-15,EPL,Chelsea,Brentford,0.70464605,0.16225262,0.13310134,H,H,1
2024-12-15,EPL,Man City,Man United,0.7280488,0.1301863,0.14176494,H,A,0
2024-12-15,EPL,Brighton,Crystal Palace,0.7030326,0.12961772,0.16734973,H,A,0
2024-12-15,Bundesliga,RB Leipzig,Ein Frankfurt,0.29676798,0.16350108,0.5397309,A,H,0
2024-12-15,Ligue1,Paris SG,Lyon,0.5536634,0.27411735,0.17221929,H,H,1
2024-12-16,EPL,Bournemouth,West Ham,0.5174971,0.26113182,0.22137108,H,D,0
2024-12-16,SerieA,Lazio,Inter,0.30591598,0.31168422,0.38239977,A,A,1
2024-12-18,LaLiga,Villarreal,Vallecano,0.78651154,0.12989777,0.083590694,H,D,0
2024-12-18,Ligue1,Monaco,Paris SG,0.5191307,0.11769727,0.36317202,H,A,0
2024-12-18,LaLiga,Espanol,Valencia,0.45340782,0.26617333,0.2804188,H,D,0
2024-12-20,SerieA,Verona,Milan,0.2019065,0.32536957,0.47272387,A,A,1
2024-12-20,Bundesliga,Bayern Munich,RB Leipzig,0.7776381,0.082150824,0.14021115,H,H,1
2024-12-20,LaLiga,Girona,Valladolid,0.8198921,0.1265805,0.053527374,H,H,1
2024-12-21,Bundesliga,Stuttgart,St Pauli,0.8164201,0.109709434,0.07387043,H,A,0
2024-12-21,SerieA,Torino,Bologna,0.39389536,0.19627379,0.40983084,A,A,1
2024-12-21,SerieA,Genoa,Napoli,0.31271502,0.3151907,0.37209427,A,A,1
2024-12-21,Bundesliga,Ein Frankfurt,Mainz,0.6983088,0.1308198,0.17087135,H,A,0
2024-12-21,SerieA,Lecce,Lazio,0.34596306,0.27440074,0.3796362,A,A,1
2024-12-21,LaLiga,Barcelona,Ath Madrid,0.5187049,0.18721797,0.29407716,H,A,0
2024-12-21,Bundesliga,Hoffenheim,M'gladbach,0.4689488,0.3342103,0.1968409,H,A,0
2024-12-21,Bundesliga,Holstein Kiel,Augsburg,0.30941772,0.39883852,0.29174373,D,H,0
2024-12-21,LaLiga,Getafe,Mallorca,0.59574836,0.2459667,0.15828492,H,A,0
2024-12-21,LaLiga,Celta,Sociedad,0.25401935,0.26309466,0.48288602,A,H,0
2024-12-21,LaLiga,Osasuna,Ath Bilbao,0.41022408,0.3191781,0.27059788,H,A,0
2024-12-21,EPL,Crystal Palace,Arsenal,0.1924626,0.18128091,0.62625647,A,A,1
2024-12-21,EPL,West Ham,Brighton,0.60195935,0.15762065,0.24042003,H,D,0
2024-12-21,EPL,Aston Villa,Man City,0.26411211,0.094563246,0.64132464,A,H,0
2024-12-21,Bundesliga,Leverkusen,Freiburg,0.82798994,0.11763627,0.05437379,H,H,1
2024-12-21,EPL,Ipswich,Newcastle,0.28522027,0.28609926,0.42868048,A,A,1
2024-12-21,Bundesliga,Werder Bremen,Union Berlin,0.56502044,0.3119437,0.12303588,H,H,1
2024-12-21,EPL,Brentford,Nott'm Forest,0.67117196,0.1513877,0.17744035,H,A,0
2024-12-22,Bundesliga,Bochum,Heidenheim,0.6145825,0.10921827,0.2761992,H,H,1
2024-12-22,LaLiga,Valencia,Alaves,0.43441465,0.24559884,0.31998646,H,D,0
2024-12-22,LaLiga,Leganes,Villarreal,0.2712579,0.18309867,0.5456434,A,A,1
2024-12-22,LaLiga,Real Madrid,Sevilla,0.8641843,0.09779528,0.03802034,H,H,1
2024-12-22,LaLiga,Betis,Vallecano,0.655101,0.22438169,0.12051729,H,D,0
2024-12-22,Bundesliga,Wolfsburg,Dortmund,0.24719706,0.12008765,0.63271534,A,A,1
2024-12-22,LaLiga,Las Palmas,Espanol,0.53480977,0.26956904,0.19562122,H,H,1
2024-12-22,EPL,Tottenham,Liverpool,0.40503913,0.19266938,0.40229154,H,A,0
2024-12-22,EPL,Fulham,Southampton,0.8521166,0.111980416,0.03590305,H,D,0
2024-12-22,EPL,Leicester,Wolves,0.49036682,0.27066728,0.2389659,H,A,0
2024-12-22,EPL,Man United,Bournemouth,0.67180204,0.14190036,0.1862976,H,A,0
2024-12-22,EPL,Everton,Chelsea,0.2531997,0.29840076,0.4483995,A,D,0
2024-12-22,SerieA,Atalanta,Empoli,0.7212261,0.16414109,0.114632785,H,H,1
2024-12-22,SerieA,Monza,Juventus,0.2386721,0.42330876,0.3380192,D,A,0
2024-12-22,SerieA,Roma,Parma,0.6443201,0.2690749,0.086605,H,H,1
2024-12-22,SerieA,Venezia,Cagliari,0.28419614,0.33568096,0.38012296,A,H,0
2024-12-23,SerieA,Fiorentina,Udinese,0.7807798,0.12763315,0.09158709,H,A,0
2024-12-23,SerieA,Inter,Como,0.8460923,0.12823339,0.025674311,H,H,1
2024-12-26,EPL,Liverpool,Leicester,0.8954661,0.08889541,0.015638547,H,H,1
2024-12-26,EPL,Man City,Everton,0.8313012,0.09000363,0.07869513,H,D,0
2024-12-26,EPL,Wolves,Man United,0.621255,0.14734788,0.23139712,H,H,1
2024-12-26,EPL,Southampton,West Ham,0.5394676,0.19087842,0.269654,H,A,0
2024-12-26,EPL,Nott'm Forest,Tottenham,0.2606149,0.15200673,0.5873784,A,H,0
2024-12-26,EPL,Newcastle,Aston Villa,0.6714627,0.12693493,0.20160235,H,H,1
2024-12-26,EPL,Bournemouth,Crystal Palace,0.6745545,0.18017486,0.14527068,H,D,0
2024-12-26,EPL,Chelsea,Fulham,0.7124246,0.15123142,0.136344,H,A,0
2024-12-27,EPL,Arsenal,Ipswich,0.8535885,0.1166157,0.029795758,H,H,1
2024-12-27,EPL,Brighton,Brentford,0.41326642,0.27768314,0.30905047,H,D,0
2024-12-28,SerieA,Lazio,Atalanta,0.37315825,0.23773666,0.38910508,A,D,0
2024-12-28,SerieA,Cagliari,Inter,0.13058473,0.0949307,0.7744846,A,A,1
2024-12-28,SerieA,Parma,Monza,0.17018405,0.1680081,0.6618079,A,H,0
2024-12-28,SerieA,Empoli,Genoa,0.46522763,0.2812024,0.25356996,H,A,0
2024-12-29,EPL,Leicester,Man City,0.22217487,0.17124438,0.6065808,A,A,1
2024-12-29,SerieA,Milan,Roma,0.66817087,0.2363512,0.09547795,H,D,0
2024-12-29,EPL,Crystal Palace,Southampton,0.6452316,0.2452988,0.10946955,H,H,1
2024-12-29,EPL,Everton,Nott'm Forest,0.36227995,0.28755763,0.35016248,H,A,0
2024-12-29,SerieA,Juventus,Fiorentina,0.58909774,0.13965133,0.27125096,H,D,0
2024-12-29,SerieA,Napoli,Venezia,0.86873096,0.07989297,0.051376007,H,H,1
2024-12-29,SerieA,Udinese,Torino,0.40150765,0.3729341,0.22555827,H,D,0
2024-12-29,EPL,Fulham,Bournemouth,0.5279996,0.20340279,0.2685976,H,D,0
2024-12-29,EPL,West Ham,Liverpool,0.15051992,0.21073624,0.6387439,A,A,1
2024-12-29,EPL,Tottenham,Wolves,0.46811125,0.24061497,0.29127374,H,D,0
2024-12-30,SerieA,Como,Lecce,0.44767436,0.3047596,0.24756598,H,H,1
2024-12-30,EPL,Ipswich,Chelsea,0.29969856,0.14036924,0.55993223,A,H,0
2024-12-30,SerieA,Bologna,Verona,0.7240416,0.16886254,0.10709586,H,A,0
2024-12-30,EPL,Aston Villa,Brighton,0.4374758,0.19300115,0.3695231,H,D,0
2024-12-30,EPL,Man United,Newcastle,0.2688677,0.30653754,0.42459482,A,A,1
2025-01-01,EPL,Brentford,Arsenal,0.23466945,0.2890601,0.4762704,A,A,1
2025-01-03,Ligue1,Nice,Rennes,0.53669137,0.20051941,0.26278922,H,H,1
2025-01-03,LaLiga,Valencia,Real Madrid,0.11785733,0.13334763,0.74879503,A,A,1
2025-01-04,EPL,Southampton,Brentford,0.37872267,0.13938065,0.48189664,A,A,1
2025-01-04,Ligue1,Lille,Nantes,0.77830976,0.17529261,0.046397567,H,D,0
2025-01-04,EPL,Brighton,Arsenal,0.3780614,0.31129828,0.31064028,H,D,0
2025-01-04,EPL,Aston Villa,Leicester,0.708073,0.22237873,0.06954827,H,H,1
2025-01-04,EPL,Bournemouth,Everton,0.5860351,0.23156214,0.18240276,H,H,1
2025-01-04,Ligue1,Lyon,Montpellier,0.7042773,0.16418824,0.13153449,H,H,1
2025-01-04,EPL,Man City,West Ham,0.78789586,0.12569557,0.086408615,H,H,1
2025-01-04,SerieA,Verona,Udinese,0.5283196,0.26032293,0.21135747,H,D,0
2025-01-04,SerieA,Fiorentina,Napoli,0.53201723,0.19294828,0.27503446,H,A,0
2025-01-04,SerieA,Venezia,Empoli,0.19534011,0.2326167,0.5720432,A,D,0
2025-01-04,EPL,Crystal Palace,Chelsea,0.5458457,0.19444314,0.25971124,H,D,0
2025-01-04,Ligue1,St Etienne,Reims,0.18592021,0.27786025,0.5362195,A,H,0
2025-01-04,EPL,Tottenham,Newcastle,0.32387456,0.16679655,0.5093289,A,A,1
2025-01-05,Ligue1,Angers,Brest,0.123007536,0.37301266,0.50397974,A,H,0
2025-01-05,Ligue1,Lens,Toulouse,0.66957295,0.14754172,0.18288532,H,A,0
2025-01-05,EPL,Fulham,Ipswich,0.66091603,0.16054437,0.17853959,H,D,0
2025-01-05,Ligue1,Marseille,Le Havre,0.569812,0.33505195,0.095136024,H,H,1
2025-01-05,EPL,Liverpool,Man United,0.77955765,0.1792182,0.041224144,H,D,0
2025-01-05,SerieA,Roma,Lazio,0.5800699,0.18201114,0.23791894,H,H,1
2025-01-05,SerieA,Torino,Parma,0.7529354,0.11844024,0.12862433,H,D,0
2025-01-05,SerieA,Lecce,Genoa,0.32732522,0.33540532,0.33726943,A,D,0
2025-01-05,SerieA,Monza,Cagliari,0.4170038,0.39439383,0.18860231,H,A,0
2025-01-05,Ligue1,Strasbourg,Auxerre,0.27611315,0.3902133,0.3336735,D,H,0
2025-01-06,EPL,Wolves,Nott'm Forest,0.39362454,0.3257941,0.28058136,H,A,0
2025-01-10,Ligue1,Nantes,Monaco,0.13750161,0.24818812,0.61431026,A,D,0
2025-01-10,Ligue1,Auxerre,Lille,0.11710739,0.26984903,0.61304355,A,D,0
2025-01-10,Bundesliga,Dortmund,Leverkusen,0.39795738,0.29342067,0.3086219,H,A,0
2025-01-10,SerieA,Lazio,Como,0.78023493,0.12834243,0.09142258,H,D,0
2025-01-10,LaLiga,Vallecano,Celta,0.39652258,0.33331698,0.2701604,H,H,1
2025-01-11,LaLiga,Valladolid,Betis,0.21035123,0.23162453,0.5580243,A,H,0
2025-01-11,LaLiga,Alaves,Girona,0.19407208,0.28430182,0.5216261,A,A,1
2025-01-11,LaLiga,Espanol,Leganes,0.3096151,0.38825554,0.3021294,D,D,1
2025-01-11,Bundesliga,St Pauli,Ein Frankfurt,0.23787665,0.20543204,0.5566913,A,A,1
2025-01-11,LaLiga,Sevilla,Valencia,0.38781217,0.44621524,0.16597262,D,D,1
2025-01-11,Bundesliga,Heidenheim,Union Berlin,0.2828368,0.64111,0.07605325,D,H,0
2025-01-11,Bundesliga,Hoffenheim,Wolfsburg,0.39960632,0.2882817,0.3121119,H,A,0
2025-01-11,Bundesliga,Mainz,Bochum,0.4919257,0.3195963,0.18847798,H,H,1
2025-01-11,Bundesliga,M'gladbach,Bayern Munich,0.114528164,0.18857482,0.69689703,A,A,1
2025-01-11,Ligue1,Brest,Lyon,0.26784614,0.36427477,0.36787912,A,H,0
2025-01-11,Bundesliga,Freiburg,Holstein Kiel,0.5543782,0.33533642,0.11028536,H,H,1
2025-01-11,Ligue1,Reims,Nice,0.20016089,0.26627675,0.53356236,A,A,1
2025-01-11,SerieA,Milan,Cagliari,0.7622798,0.17673299,0.060987238,H,D,0
2025-01-11,SerieA,Torino,Juventus,0.39621344,0.14930472,0.45448187,A,D,0
2025-01-11,SerieA,Udinese,Atalanta,0.2537717,0.30053523,0.44569305,A,D,0
2025-01-11,SerieA,Empoli,Lecce,0.5132377,0.2882764,0.19848587,H,A,0
2025-01-11,Ligue1,Rennes,Marseille,0.1917488,0.15772595,0.6505253,A,A,1
2025-01-12,Ligue1,Le Havre,Lens,0.1316609,0.43604648,0.4322926,D,A,0
2025-01-12,SerieA,Napoli,Verona,0.6432445,0.20903131,0.14772423,H,H,1
2025-01-12,Ligue1,Montpellier,Angers,0.49449766,0.41341072,0.09209162,H,A,0
2025-01-12,LaLiga,Ath Madrid,Osasuna,0.7326118,0.22056371,0.0468245,H,H,1
2025-01-12,Ligue1,Paris SG,St Etienne,0.9334848,0.047209445,0.01930577,H,H,1
2025-01-12,Ligue1,Toulouse,Strasbourg,0.26522258,0.42413735,0.3106401,D,A,0
2025-01-12,Bundesliga,RB Leipzig,Werder Bremen,0.5836231,0.22700995,0.18936694,H,H,1
2025-01-12,Bundesliga,Augsburg,Stuttgart,0.1542244,0.29395652,0.5518191,A,A,1
2025-01-12,SerieA,Bologna,Roma,0.6712248,0.16248426,0.166291,H,D,0
2025-01-12,SerieA,Venezia,Inter,0.1760606,0.10139865,0.7225408,A,A,1
2025-01-12,SerieA,Genoa,Parma,0.72272265,0.19397798,0.08329938,H,H,1
2025-01-12,LaLiga,Las Palmas,Getafe,0.24524869,0.5137078,0.24104348,D,A,0
2025-01-13,LaLiga,Sociedad,Villarreal,0.4150086,0.30583543,0.27915594,H,H,1
2025-01-13,SerieA,Monza,Fiorentina,0.20547801,0.39325756,0.40126443,A,H,0
2025-01-14,SerieA,Como,Milan,0.17116676,0.27430698,0.55452627,A,A,1
2025-01-14,SerieA,Atalanta,Juventus,0.6691894,0.12108205,0.2097286,H,D,0
2025-01-14,EPL,Brentford,Man City,0.28515682,0.26984435,0.44499883,A,D,0
2025-01-14,EPL,Chelsea,Bournemouth,0.7296969,0.12515272,0.14515036,H,D,0
2025-01-14,EPL,Nott'm Forest,Liverpool,0.37881455,0.29116398,0.33002147,H,D,0
2025-01-14,EPL,West Ham,Fulham,0.393465,0.3769102,0.2296248,H,H,1
2025-01-14,Bundesliga,Leverkusen,Mainz,0.64137113,0.3030446,0.055584233,H,H,1
2025-01-14,Bundesliga,Wolfsburg,M'gladbach,0.529527,0.17486507,0.2956079,H,H,1
2025-01-14,Bundesliga,Holstein Kiel,Dortmund,0.13945341,0.12844849,0.7320981,A,H,0
2025-01-14,Bundesliga,Ein Frankfurt,Freiburg,0.71560013,0.16399856,0.120401315,H,H,1
2025-01-15,SerieA,Inter,Bologna,0.7420555,0.105120085,0.15282437,H,D,0
2025-01-15,Bundesliga,Bochum,St Pauli,0.33379534,0.24640368,0.41980097,A,H,0
2025-01-15,Bundesliga,Bayern Munich,Hoffenheim,0.84722304,0.10038744,0.05238948,H,H,1
2025-01-15,Bundesliga,Stuttgart,RB Leipzig,0.52639425,0.15682672,0.31677902,H,H,1
2025-01-15,Bundesliga,Union Berlin,Augsburg,0.26967373,0.4837341,0.24659216,D,A,0
2025-01-15,Bundesliga,Werder Bremen,Heidenheim,0.42524558,0.19669609,0.37805837,H,D,0
2025-01-15,EPL,Newcastle,Wolves,0.7173891,0.18349575,0.09911513,H,H,1
2025-01-15,EPL,Everton,Aston Villa,0.53081006,0.14294903,0.32624093,H,A,0
2025-01-15,EPL,Leicester,Crystal Palace,0.5801785,0.16929537,0.2505262,H,A,0
2025-01-15,EPL,Arsenal,Tottenham,0.8641782,0.097610235,0.0382116,H,H,1
2025-01-16,EPL,Man United,Southampton,0.67480797,0.23600523,0.08918679,H,H,1
2025-01-16,EPL,Ipswich,Brighton,0.3135407,0.20788763,0.4785717,A,A,1
2025-01-17,Bundesliga,Ein Frankfurt,Dortmund,0.64497703,0.18067123,0.17435177,H,H,1
2025-01-17,LaLiga,Espanol,Valladolid,0.6385506,0.2551351,0.10631427,H,H,1
2025-01-17,Ligue1,Lille,Nice,0.6348431,0.14137128,0.2237856,H,H,1
2025-01-17,Ligue1,Montpellier,Monaco,0.17144611,0.526846,0.3017079,D,H,0
2025-01-17,SerieA,Roma,Genoa,0.7481284,0.15023991,0.10163169,H,H,1
2025-01-18,LaLiga,Leganes,Ath Madrid,0.12779617,0.13643517,0.7357687,A,H,0
2025-01-18,LaLiga,Girona,Sevilla,0.59837675,0.23053196,0.17109123,H,A,0
2025-01-18,Ligue1,Lyon,Toulouse,0.65862614,0.17755792,0.16381599,H,D,0
2025-01-18,EPL,Newcastle,Bournemouth,0.6928764,0.15906957,0.14805402,H,A,0
2025-01-18,EPL,Brentford,Liverpool,0.23335958,0.2394501,0.5271903,A,A,1
2025-01-18,EPL,West Ham,Crystal Palace,0.42603436,0.34175602,0.23220958,H,A,0
2025-01-18,EPL,Arsenal,Aston Villa,0.8019568,0.121915646,0.07612756,H,D,0
2025-01-18,Ligue1,Rennes,Brest,0.32663506,0.17710994,0.49625504,A,A,1
2025-01-18,Ligue1,Lens,Paris SG,0.49691182,0.31539017,0.18769802,H,A,0
2025-01-18,LaLiga,Betis,Alaves,0.56417054,0.30087534,0.13495414,H,A,0
2025-01-18,LaLiga,Getafe,Barcelona,0.098354205,0.19413158,0.70751417,A,D,0
2025-01-18,EPL,Leicester,Fulham,0.39155763,0.21369228,0.39475006,A,A,1
2025-01-18,Bundesliga,Holstein Kiel,Hoffenheim,0.34980306,0.18578942,0.46440747,A,A,1
2025-01-18,Bundesliga,Bayern Munich,Wolfsburg,0.70769,0.21964012,0.07266986,H,H,1
2025-01-18,Bundesliga,Bochum,RB Leipzig,0.22990415,0.2261239,0.54397196,A,D,0
2025-01-18,Bundesliga,Heidenheim,St Pauli,0.31598842,0.3830544,0.3009572,D,A,0
2025-01-18,SerieA,Juventus,Milan,0.67869586,0.13252626,0.1887779,H,H,1
2025-01-18,Bundesliga,Stuttgart,Freiburg,0.7604416,0.13273604,0.10682228,H,H,1
2025-01-18,Bundesliga,Leverkusen,M'gladbach,0.85769194,0.10905999,0.03324802,H,H,1
2025-01-18,SerieA,Bologna,Monza,0.7831364,0.11139642,0.10546712,H,H,1
2025-01-18,SerieA,Atalanta,Napoli,0.48290804,0.18479016,0.3323018,H,A,0
2025-01-19,EPL,Everton,Tottenham,0.256363,0.24640775,0.49722922,A,H,0
2025-01-19,EPL,Man United,Brighton,0.41941103,0.22363682,0.35695222,H,A,0
2025-01-19,EPL,Nott'm Forest,Southampton,0.6578135,0.3037065,0.03848003,H,H,1
2025-01-19,LaLiga,Real Madrid,Las Palmas,0.78826827,0.15736176,0.054369956,H,H,1
2025-01-19,LaLiga,Valencia,Sociedad,0.41179034,0.26060393,0.3276057,H,H,1
2025-01-19,LaLiga,Osasuna,Vallecano,0.50764453,0.3317757,0.1605798,H,D,0
2025-01-19,Bundesliga,Werder Bremen,Augsburg,0.6171645,0.16254063,0.22029495,H,A,0
2025-01-19,SerieA,Verona,Lazio,0.21905462,0.37938103,0.40156433,A,A,1
2025-01-19,SerieA,Inter,Empoli,0.87555945,0.10494681,0.019493725,H,H,1
2025-01-19,EPL,Ipswich,Man City,0.07077574,0.10772401,0.8215003,A,A,1
2025-01-19,SerieA,Parma,Venezia,0.4636947,0.23449963,0.3018057,H,D,0
2025-01-19,SerieA,Cagliari,Lecce,0.43205878,0.3675176,0.2004236,H,H,1
2025-01-19,SerieA,Fiorentina,Torino,0.51283026,0.21097606,0.27619368,H,D,0
2025-01-19,Ligue1,St Etienne,Nantes,0.32324877,0.44949424,0.22725697,D,D,1
2025-01-19,Ligue1,Angers,Auxerre,0.19873482,0.30942658,0.49183863,A,H,0
2025-01-19,Ligue1,Reims,Le Havre,0.4744429,0.46365103,0.061906036,H,D,0
2025-01-19,Ligue1,Marseille,Strasbourg,0.5111301,0.38136673,0.10750318,H,D,0
2025-01-19,LaLiga,Celta,Ath Bilbao,0.26161474,0.20923257,0.5291527,A,A,1
2025-01-19,Bundesliga,Union Berlin,Mainz,0.23561938,0.24114847,0.5232321,A,H,0
2025-01-20,EPL,Chelsea,Wolves,0.7083951,0.18586391,0.10574097,H,H,1
2025-01-20,LaLiga,Villarreal,Mallorca,0.7608798,0.13652125,0.102598935,H,H,1
2025-01-20,SerieA,Como,Udinese,0.43044373,0.27946654,0.29008973,H,H,1
2025-01-24,Ligue1,Auxerre,St Etienne,0.40314472,0.2809965,0.31585884,H,D,0
2025-01-24,LaLiga,Las Palmas,Osasuna,0.36488116,0.32601362,0.30910525,H,D,0
2025-01-24,SerieA,Torino,Cagliari,0.47699907,0.28748503,0.2355159,H,H,1
2025-01-24,Bundesliga,Wolfsburg,Holstein Kiel,0.7145539,0.1393444,0.1461017,H,D,0
2025-01-25,Bundesliga,Freiburg,Bayern Munich,0.16898128,0.32771236,0.5033063,A,A,1
2025-01-25,Bundesliga,M'gladbach,Bochum,0.5644685,0.26058006,0.17495142,H,H,1
2025-01-25,LaLiga,Ath Madrid,Villarreal,0.74407583,0.13719141,0.1187328,H,D,0
2025-01-25,Bundesliga,RB Leipzig,Leverkusen,0.5155701,0.22380835,0.26062152,H,D,0
2025-01-25,LaLiga,Mallorca,Betis,0.3216434,0.39063802,0.2877186,D,A,0
2025-01-25,Bundesliga,Mainz,Stuttgart,0.41558063,0.23387569,0.3505437,H,H,1
2025-01-25,SerieA,Empoli,Bologna,0.26067635,0.4517191,0.2876046,D,D,1
2025-01-25,EPL,Liverpool,Ipswich,0.9309146,0.058914676,0.010170706,H,H,1
2025-01-25,SerieA,Como,Atalanta,0.21316831,0.19752327,0.58930844,A,A,1
2025-01-25,Bundesliga,Dortmund,Werder Bremen,0.73204124,0.12372438,0.14423437,H,D,0
2025-01-25,Bundesliga,Augsburg,Heidenheim,0.52327305,0.29058945,0.18613747,H,H,1
2025-01-25,EPL,Man City,Chelsea,0.6588336,0.14377056,0.19739588,H,H,1
2025-01-25,EPL,Wolves,Arsenal,0.15964164,0.30872864,0.5316297,A,A,1
2025-01-25,EPL,Southampton,Newcastle,0.23772559,0.14814653,0.6141279,A,A,1
2025-01-25,LaLiga,Sevilla,Espanol,0.5187245,0.29669982,0.18457563,H,D,0
2025-01-25,EPL,Brighton,Everton,0.6171685,0.2528772,0.1299543,H,A,0
2025-01-25,EPL,Bournemouth,Nott'm Forest,0.5737923,0.255484,0.17072368,H,H,1
2025-01-25,Ligue1,Monaco,Rennes,0.69830537,0.14763725,0.15405741,H,H,1
2025-01-25,Ligue1,Strasbourg,Lille,0.1847667,0.25472158,0.5605117,A,H,0
2025-01-25,Ligue1,Paris SG,Reims,0.7665906,0.15482613,0.07858326,H,D,0
2025-01-25,SerieA,Napoli,Juventus,0.5634436,0.25308895,0.18346745,H,H,1
2025-01-25,LaLiga,Valladolid,Real Madrid,0.13829523,0.12563232,0.7360725,A,A,1
2025-01-26,Bundesliga,Hoffenheim,Ein Frankfurt,0.37476355,0.33453363,0.29070282,H,D,0
2025-01-26,Bundesliga,St Pauli,Union Berlin,0.61783624,0.23989536,0.14226837,H,H,1
2025-01-26,SerieA,Milan,Parma,0.75530577,0.17107831,0.073615916,H,H,1
2025-01-26,LaLiga,Sociedad,Getafe,0.6969932,0.16080153,0.14220524,H,A,0
2025-01-26,Ligue1,Nice,Marseille,0.50090957,0.10627937,0.39281106,H,H,1
2025-01-26,Ligue1,Toulouse,Montpellier,0.61357844,0.24458802,0.14183357,H,A,0
2025-01-26,Ligue1,Nantes,Lyon,0.26345602,0.3548516,0.38169235,A,D,0
2025-01-26,Ligue1,Lens,Angers,0.5169312,0.37262434,0.110444486,H,H,1
2025-01-26,Ligue1,Le Havre,Brest,0.25134188,0.38762763,0.36103046,D,A,0
2025-01-26,EPL,Crystal Palace,Brentford,0.45829535,0.333546,0.20815864,H,A,0
2025-01-26,EPL,Tottenham,Leicester,0.72074115,0.2511384,0.028120477,H,A,0
2025-01-26,EPL,Aston Villa,West Ham,0.7373485,0.12988488,0.13276662,H,D,0
2025-01-26,LaLiga,Vallecano,Girona,0.32617778,0.2968944,0.37692785,A,H,0
2025-01-26,SerieA,Udinese,Roma,0.30928415,0.35435262,0.33636323,D,A,0
2025-01-26,EPL,Fulham,Man United,0.4769071,0.31251603,0.21057689,H,A,0
2025-01-26,SerieA,Lazio,Fiorentina,0.5190894,0.19279063,0.28811994,H,A,0
2025-01-26,LaLiga,Ath Bilbao,Leganes,0.6906485,0.113466024,0.19588543,H,D,0
2025-01-26,LaLiga,Barcelona,Valencia,0.8375646,0.114712924,0.04772249,H,H,1
2025-01-26,SerieA,Lecce,Inter,0.113840416,0.1377203,0.7484393,A,A,1
2025-01-27,SerieA,Genoa,Monza,0.39828062,0.33238432,0.26933506,H,H,1
2025-01-27,SerieA,Venezia,Verona,0.42858323,0.33966252,0.23175432,H,D,0
2025-01-27,LaLiga,Alaves,Celta,0.39422002,0.37746924,0.22831075,H,D,0
2025-01-31,LaLiga,Leganes,Vallecano,0.5943333,0.209457,0.19620968,H,A,0
2025-01-31,Bundesliga,Werder Bremen,Mainz,0.49013284,0.22077404,0.28909317,H,H,1
2025-01-31,Ligue1,Montpellier,Lens,0.43482986,0.2176822,0.347488,H,A,0
2025-01-31,SerieA,Parma,Lecce,0.4472411,0.31421158,0.23854737,H,A,0
2025-02-01,LaLiga,Villarreal,Valladolid,0.8174876,0.12768613,0.05482634,H,H,1
2025-02-01,LaLiga,Ath Madrid,Mallorca,0.8419939,0.10127263,0.05673346,H,H,1
2025-02-01,Ligue1,Brest,Paris SG,0.47982275,0.283318,0.23685926,H,A,0
2025-02-01,LaLiga,Espanol,Real Madrid,0.18238111,0.22715965,0.5904592,A,H,0
2025-02-01,LaLiga,Getafe,Sevilla,0.47720373,0.30838594,0.21441032,H,D,0
2025-02-01,SerieA,Udinese,Venezia,0.60210115,0.28424582,0.11365305,H,H,1
2025-02-01,SerieA,Monza,Verona,0.550638,0.26904115,0.18032081,H,A,0
2025-02-01,Ligue1,Lille,St Etienne,0.6896779,0.19783649,0.112485595,H,H,1
2025-02-01,SerieA,Atalanta,Torino,0.670823,0.18103069,0.14814627,H,D,0
2025-02-01,EPL,Wolves,Aston Villa,0.56588584,0.17238967,0.2617245,H,H,1
2025-02-01,EPL,Newcastle,Fulham,0.7287212,0.11932281,0.15195596,H,A,0
2025-02-01,EPL,Ipswich,Southampton,0.6414286,0.2777298,0.08084164,H,A,0
2025-02-01,EPL,Everton,Leicester,0.504444,0.32645518,0.1691008,H,H,1
2025-02-01,EPL,Nott'm Forest,Brighton,0.595207,0.19300568,0.21178733,H,H,1
2025-02-01,Bundesliga,Union Berlin,RB Leipzig,0.33087298,0.13878144,0.53034556,A,D,0
2025-02-01,Bundesliga,Stuttgart,M'gladbach,0.7854933,0.113183245,0.10132342,H,A,0
2025-02-01,EPL,Bournemouth,Liverpool,0.37007803,0.38335449,0.24656752,D,A,0
2025-02-01,Bundesliga,Heidenheim,Dortmund,0.23507988,0.15219687,0.6127233,A,A,1
2025-02-01,Bundesliga,Bochum,Freiburg,0.66011167,0.15345328,0.18643507,H,A,0
2025-02-01,Bundesliga,Bayern Munich,Holstein Kiel,0.8978735,0.069853954,0.032272525,H,H,1
2025-02-01,Ligue1,Monaco,Auxerre,0.678629,0.21525936,0.1061117,H,H,1
2025-02-01,SerieA,Bologna,Como,0.68181306,0.14607593,0.17211102,H,H,1
2025-02-01,Bundesliga,St Pauli,Augsburg,0.45565417,0.41790438,0.12644148,H,D,0
2025-02-02,LaLiga,Betis,Ath Bilbao,0.38193148,0.29715434,0.3209142,H,D,0
2025-02-02,SerieA,Milan,Inter,0.48249927,0.24970013,0.2678006,H,D,0
2025-02-02,SerieA,Roma,Napoli,0.2621094,0.33873585,0.39915478,A,D,0
2025-02-02,EPL,Brentford,Tottenham,0.57048154,0.13660525,0.29291326,H,A,0
2025-02-02,EPL,Man United,Crystal Palace,0.6188047,0.18801616,0.1931791,H,A,0
2025-02-02,EPL,Arsenal,Man City,0.41873538,0.22693317,0.35433146,H,H,1
2025-02-02,Ligue1,Toulouse,Nice,0.23259945,0.29778427,0.46961632,A,D,0
2025-02-02,Ligue1,Angers,Le Havre,0.38557217,0.31383017,0.30059764,H,D,0
2025-02-02,LaLiga,Osasuna,Sociedad,0.38861498,0.20361356,0.40777147,A,H,0
2025-02-02,Ligue1,Reims,Nantes,0.46705183,0.28972018,0.24322799,H,A,0
2025-02-02,LaLiga,Barcelona,Alaves,0.832932,0.12496568,0.04210233,H,H,1
2025-02-02,SerieA,Juventus,Empoli,0.8012794,0.13829896,0.060421634,H,H,1
2025-02-02,SerieA,Fiorentina,Genoa,0.6180964,0.24574824,0.13615532,H,H,1
2025-02-02,Bundesliga,Ein Frankfurt,Wolfsburg,0.7092553,0.12172287,0.16902189,H,D,0
2025-02-02,LaLiga,Valencia,Celta,0.32656208,0.47439852,0.19903937,D,H,0
2025-02-02,Ligue1,Rennes,Strasbourg,0.22814716,0.2861825,0.4856703,A,H,0
2025-02-02,Ligue1,Marseille,Lyon,0.59081876,0.18820965,0.2209716,H,H,1
2025-02-02,Bundesliga,Leverkusen,Hoffenheim,0.8782845,0.08530531,0.036410183,H,H,1
2025-02-03,SerieA,Cagliari,Lazio,0.26305184,0.25889966,0.47804847,A,A,1
2025-02-03,LaLiga,Girona,Las Palmas,0.64862996,0.19536659,0.15600348,H,H,1
2025-02-03,EPL,Chelsea,West Ham,0.738061,0.12384317,0.13809587,H,H,1
2025-02-06,SerieA,Fiorentina,Inter,0.41370147,0.20013982,0.38615873,H,H,1
2025-02-07,Ligue1,Paris SG,Monaco,0.5898547,0.15172657,0.25841877,H,H,1
2025-02-07,Bundesliga,Bayern Munich,Werder Bremen,0.79567546,0.13569093,0.06863368,H,H,1
2025-02-07,Ligue1,Nantes,Brest,0.45495605,0.20283988,0.34220403,H,A,0
2025-02-07,SerieA,Como,Juventus,0.1539836,0.19130316,0.6547132,A,A,1
2025-02-07,LaLiga,Vallecano,Valladolid,0.64942896,0.22135115,0.12921982,H,H,1
2025-02-08,SerieA,Torino,Genoa,0.62731224,0.28519687,0.087490916,H,D,0
2025-02-08,Bundesliga,Wolfsburg,Leverkusen,0.18802544,0.28805843,0.5239161,A,D,0
2025-02-08,LaLiga,Real Madrid,Ath Madrid,0.6385548,0.22712576,0.13431938,H,D,0
2025-02-08,Bundesliga,Mainz,Augsburg,0.7321547,0.17807607,0.089769185,H,D,0
2025-02-08,Bundesliga,Hoffenheim,Union Berlin,0.48592693,0.31361994,0.2004531,H,A,0
2025-02-08,SerieA,Empoli,Milan,0.18665642,0.44006556,0.37327808,D,A,0
2025-02-08,Bundesliga,M'gladbach,Ein Frankfurt,0.3483344,0.30143234,0.35023326,A,D,0
2025-02-08,LaLiga,Celta,Betis,0.2600353,0.1754666,0.56449807,A,H,0
2025-02-08,SerieA,Verona,Atalanta,0.22936878,0.35857233,0.41205886,A,A,1
2025-02-08,Bundesliga,Freiburg,Heidenheim,0.47908857,0.37751475,0.1433967,H,H,1
2025-02-08,LaLiga,Ath Bilbao,Girona,0.70681894,0.1184928,0.17468822,H,H,1
2025-02-08,LaLiga,Las Palmas,Villarreal,0.18827832,0.24942286,0.56229883,A,A,1
2025-02-08,Ligue1,Nice,Lens,0.57847357,0.108204186,0.31332228,H,H,1
2025-02-08,Ligue1,Lille,Le Havre,0.6353405,0.27525404,0.08940545,H,A,0
2025-02-08,Ligue1,St Etienne,Rennes,0.39026394,0.20109352,0.40864253,A,A,1
2025-02-08,Bundesliga,Dortmund,Stuttgart,0.38427258,0.1771869,0.43854052,A,A,1
2025-02-09,SerieA,Lazio,Monza,0.7038396,0.21409841,0.082062036,H,H,1
2025-02-09,SerieA,Cagliari,Parma,0.6528275,0.1694577,0.1777148,H,H,1
2025-02-09,SerieA,Venezia,Roma,0.18625405,0.15897553,0.65477043,A,A,1
2025-02-09,SerieA,Lecce,Bologna,0.1841872,0.33377853,0.48203427,A,D,0
2025-02-09,SerieA,Napoli,Udinese,0.79811805,0.07621132,0.12567058,H,D,0
2025-02-09,LaLiga,Alaves,Getafe,0.5018683,0.27617258,0.22195913,H,A,0
2025-02-09,Ligue1,Strasbourg,Montpellier,0.56655806,0.19839016,0.23505177,H,H,1
2025-02-09,Ligue1,Angers,Marseille,0.16224559,0.5072647,0.33048975,D,A,0
2025-02-09,Bundesliga,RB Leipzig,St Pauli,0.6396481,0.1516581,0.20869382,H,H,1
2025-02-09,Bundesliga,Holstein Kiel,Bochum,0.48610336,0.25196248,0.2619342,H,D,0
2025-02-09,Ligue1,Auxerre,Toulouse,0.21201661,0.3059,0.4820834,A,D,0
2025-02-09,LaLiga,Sevilla,Barcelona,0.15046264,0.3498553,0.49968204,A,A,1
2025-02-09,LaLiga,Valencia,Leganes,0.25585157,0.4007833,0.34336516,D,H,0
2025-02-09,Ligue1,Lyon,Reims,0.62201524,0.25520453,0.122780286,H,H,1
2025-02-09,LaLiga,Sociedad,Espanol,0.543913,0.24165626,0.21443072,H,H,1
2025-02-10,SerieA,Inter,Fiorentina,0.64861566,0.19269937,0.15868494,H,H,1
2025-02-10,LaLiga,Mallorca,Osasuna,0.47494215,0.24052174,0.2845361,H,D,0
2025-02-12,EPL,Everton,Liverpool,0.1711967,0.3640406,0.46476266,A,D,0
2025-02-14,SerieA,Bologna,Torino,0.670728,0.17371684,0.15555507,H,H,1
2025-02-14,Ligue1,Brest,Auxerre,0.57620037,0.20315042,0.22064926,H,D,0
2025-02-14,Bundesliga,Augsburg,RB Leipzig,0.27885374,0.2280651,0.4930812,A,D,0
2025-02-14,EPL,Brighton,Chelsea,0.37027758,0.3203703,0.30935216,H,H,1
2025-02-14,LaLiga,Girona,Getafe,0.5639674,0.23975907,0.19627349,H,A,0
2025-02-15,Ligue1,Marseille,St Etienne,0.7163608,0.20321321,0.08042598,H,H,1
2025-02-15,Ligue1,Monaco,Nantes,0.6776567,0.21698582,0.10535752,H,H,1
2025-02-15,EPL,Leicester,Arsenal,0.16906573,0.1371183,0.693816,A,A,1
2025-02-15,EPL,Fulham,Nott'm Forest,0.26889053,0.3544379,0.37667155,A,H,0
2025-02-15,EPL,Man City,Newcastle,0.71264607,0.09414074,0.19321324,H,H,1
2025-02-15,EPL,Southampton,Bournemouth,0.06623731,0.14570197,0.7880607,A,A,1
2025-02-15,EPL,West Ham,Brentford,0.4115258,0.33070192,0.2577723,H,A,0
2025-02-15,EPL,Crystal Palace,Everton,0.5143055,0.30481023,0.18088432,H,A,0
2025-02-15,EPL,Aston Villa,Ipswich,0.6476947,0.22055085,0.13175446,H,D,0
2025-02-15,Ligue1,Toulouse,Paris SG,0.26853156,0.364696,0.36677238,A,A,1
2025-02-15,LaLiga,Villarreal,Valencia,0.73750204,0.18297227,0.07952563,H,D,0
2025-02-15,SerieA,Atalanta,Cagliari,0.8158959,0.12155556,0.062548526,H,D,0
2025-02-15,Bundesliga,Leverkusen,Bayern Munich,0.6262668,0.16184695,0.21188624,H,D,0
2025-02-15,Bundesliga,Union Berlin,M'gladbach,0.45293638,0.19266398,0.35439965,H,A,0
2025-02-15,Bundesliga,Stuttgart,Wolfsburg,0.5943841,0.14529449,0.2603215,H,A,0
2025-02-15,Bundesliga,St Pauli,Freiburg,0.41987622,0.32616055,0.25396326,H,A,0
2025-02-15,Bundesliga,Bochum,Dortmund,0.2757728,0.26644793,0.45777926,A,H,0
2025-02-15,SerieA,Lazio,Napoli,0.387463,0.1487672,0.4637698,A,D,0
2025-02-15,LaLiga,Leganes,Alaves,0.472461,0.28645173,0.24108726,H,D,0
2025-02-15,LaLiga,Osasuna,Real Madrid,0.1428886,0.15876023,0.69835114,A,D,0
2025-02-15,LaLiga,Ath Madrid,Celta,0.80605555,0.13841215,0.05553231,H,D,0
2025-02-15,SerieA,Milan,Verona,0.7017228,0.22970006,0.068577096,H,H,1
2025-02-16,LaLiga,Espanol,Ath Bilbao,0.14137948,0.38201708,0.47660348,A,D,0
2025-02-16,LaLiga,Valladolid,Sevilla,0.42449492,0.21875915,0.35674593,H,A,0
2025-02-16,LaLiga,Mallorca,Las Palmas,0.37776673,0.35254925,0.26968405,H,H,1
2025-02-16,LaLiga,Betis,Sociedad,0.43158317,0.2099406,0.35847625,H,H,1
2025-02-16,EPL,Tottenham,Man United,0.43992648,0.26653245,0.2935411,H,H,1
2025-02-16,SerieA,Parma,Roma,0.13936558,0.3010216,0.5596128,A,A,1
2025-02-16,SerieA,Udinese,Empoli,0.32594827,0.5245438,0.1495079,D,H,0
2025-02-16,SerieA,Monza,Lecce,0.3251625,0.4719388,0.20289877,D,D,1
2025-02-16,SerieA,Juventus,Inter,0.54141104,0.11462707,0.3439619,H,H,1
2025-02-16,EPL,Liverpool,Wolves,0.90512735,0.076566346,0.018306345,H,H,1
2025-02-16,Bundesliga,Heidenheim,Mainz,0.34362337,0.22860435,0.42777225,A,A,1
2025-02-16,Bundesliga,Ein Frankfurt,Holstein Kiel,0.62733424,0.18480778,0.18785799,H,H,1
2025-02-16,Bundesliga,Werder Bremen,Hoffenheim,0.675458,0.1839429,0.14059909,H,A,0
2025-02-16,Ligue1,Montpellier,Lyon,0.17725632,0.5122366,0.31050712,D,A,0
2025-02-16,Ligue1,Le Havre,Nice,0.18007751,0.48045754,0.339465,D,A,0
2025-02-16,Ligue1,Lens,Strasbourg,0.6325185,0.2159282,0.15155333,H,A,0
2025-02-16,Ligue1,Reims,Angers,0.40421653,0.45719913,0.13858432,D,A,0
2025-02-16,Ligue1,Rennes,Lille,0.21030264,0.23090333,0.5587941,A,A,1
2025-02-16,SerieA,Fiorentina,Como,0.68254817,0.16739799,0.15005381,H,A,0
2025-02-17,SerieA,Genoa,Venezia,0.43536395,0.2897405,0.27489555,H,H,1
2025-02-17,LaLiga,Barcelona,Vallecano,0.71412104,0.19211759,0.09376132,H,H,1
2025-02-19,EPL,Aston Villa,Liverpool,0.34181103,0.18032219,0.47786683,A,D,0
2025-02-21,EPL,Leicester,Brentford,0.33238685,0.23459634,0.43301678,A,A,1
2025-02-21,LaLiga,Celta,Osasuna,0.60261786,0.14353175,0.2538504,H,H,1
2025-02-21,Bundesliga,Freiburg,Werder Bremen,0.5214522,0.3460637,0.13248406,H,H,1
2025-02-21,Ligue1,Rennes,Reims,0.50423956,0.34160593,0.15415451,H,H,1
2025-02-21,SerieA,Lecce,Udinese,0.42143086,0.34826365,0.23030546,H,A,0
2025-02-22,Bundesliga,Holstein Kiel,Leverkusen,0.14193936,0.1354813,0.72257936,A,A,1
2025-02-22,Ligue1,St Etienne,Angers,0.34053347,0.41401875,0.2454478,D,D,1
2025-02-22,Ligue1,Auxerre,Marseille,0.24613225,0.2720698,0.48179793,A,H,0
2025-02-22,EPL,Everton,Man United,0.48591444,0.17834207,0.33574352,H,D,0
2025-02-22,EPL,Arsenal,West Ham,0.8930446,0.07431297,0.032642484,H,A,0
2025-02-22,EPL,Bournemouth,Wolves,0.651408,0.200481,0.14811103,H,A,0
2025-02-22,EPL,Fulham,Crystal Palace,0.39388523,0.3857623,0.22035246,H,A,0
2025-02-22,EPL,Ipswich,Tottenham,0.28620276,0.31288284,0.40091434,A,A,1
2025-02-22,Ligue1,Lille,Monaco,0.32166198,0.17456809,0.50376993,A,H,0
2025-02-22,SerieA,Parma,Bologna,0.17448075,0.22298582,0.60253346,A,H,0
2025-02-22,SerieA,Venezia,Lazio,0.15370183,0.25193346,0.5943647,A,D,0
2025-02-22,Bundesliga,Mainz,St Pauli,0.5304395,0.31371492,0.1558456,H,H,1
2025-02-22,SerieA,Torino,Milan,0.35653925,0.26977217,0.3736886,A,H,0
2025-02-22,Bundesliga,Dortmund,Union Berlin,0.6857701,0.19211192,0.12211794,H,H,1
2025-02-22,LaLiga,Alaves,Espanol,0.5386087,0.28486338,0.17652796,H,A,0
2025-02-22,LaLiga,Vallecano,Villarreal,0.20663472,0.27000073,0.52336454,A,A,1
2025-02-22,LaLiga,Valencia,Ath Madrid,0.20136476,0.33938256,0.45925266,A,A,1
2025-02-22,LaLiga,Las Palmas,Barcelona,0.20423679,0.20864081,0.5871224,A,A,1
2025-02-22,EPL,Southampton,Brighton,0.17627586,0.24662533,0.5770988,A,A,1
2025-02-22,EPL,Aston Villa,Chelsea,0.64877236,0.16602476,0.1852029,H,H,1
2025-02-22,Bundesliga,Wolfsburg,Bochum,0.6151366,0.2631147,0.12174863,H,D,0
2025-02-22,Bundesliga,M'gladbach,Augsburg,0.4503411,0.30185246,0.24780641,H,A,0
2025-02-22,SerieA,Inter,Genoa,0.8382775,0.11350155,0.048220884,H,H,1
2025-02-23,Bundesliga,Bayern Munich,Ein Frankfurt,0.5761134,0.19991589,0.22397073,H,H,1
2025-02-23,Bundesliga,Hoffenheim,Stuttgart,0.25253382,0.2650039,0.48246226,A,D,0
2025-02-23,EPL,Newcastle,Nott'm Forest,0.40374285,0.41340542,0.18285172,D,H,0
2025-02-23,EPL,Man City,Liverpool,0.686046,0.1357939,0.17816013,H,A,0
2025-02-23,Bundesliga,RB Leipzig,Heidenheim,0.8017169,0.1668218,0.031461265,H,D,0
2025-02-23,Ligue1,Strasbourg,Brest,0.38954407,0.2849808,0.32547513,H,D,0
2025-02-23,LaLiga,Sociedad,Leganes,0.5378122,0.26897392,0.19321395,H,H,1
2025-02-23,LaLiga,Getafe,Betis,0.19666535,0.46013117,0.34320346,D,A,0
2025-02-23,Ligue1,Nantes,Lens,0.24515513,0.23907429,0.5157706,A,H,0
2025-02-23,LaLiga,Real Madrid,Girona,0.6407742,0.25586355,0.10336224,H,H,1
2025-02-23,Ligue1,Le Havre,Toulouse,0.227385,0.24727592,0.52533907,A,A,1
2025-02-23,SerieA,Como,Napoli,0.1514429,0.23267551,0.6158816,A,H,0
2025-02-23,SerieA,Verona,Fiorentina,0.31080732,0.2713749,0.4178178,A,H,0
2025-02-23,SerieA,Empoli,Atalanta,0.1179794,0.44162112,0.4403995,D,A,0
2025-02-23,SerieA,Cagliari,Juventus,0.19123048,0.22508335,0.5836862,A,A,1
2025-02-23,LaLiga,Ath Bilbao,Valladolid,0.90134925,0.07096725,0.027683532,H,H,1
2025-02-23,Ligue1,Nice,Montpellier,0.71841115,0.241009,0.040579837,H,H,1
2025-02-23,Ligue1,Lyon,Paris SG,0.5897618,0.22224763,0.18799058,H,A,0
2025-02-24,LaLiga,Sevilla,Mallorca,0.5147325,0.2932396,0.19202793,H,D,0
2025-02-24,SerieA,Roma,Monza,0.7588589,0.14690693,0.094234124,H,H,1
2025-02-25,EPL,Wolves,Fulham,0.31478113,0.24884425,0.43637457,A,A,1
2025-02-25,EPL,Chelsea,Southampton,0.701372,0.26355776,0.0350702,H,H,1
2025-02-25,EPL,Brighton,Bournemouth,0.5016469,0.23615906,0.2621941,H,H,1
2025-02-25,EPL,Crystal Palace,Aston Villa,0.5487956,0.12621903,0.32498536,H,H,1
2025-02-26,EPL,Liverpool,Newcastle,0.822654,0.09794223,0.07940376,H,H,1
2025-02-26,EPL,Brentford,Everton,0.55450267,0.3111115,0.13438587,H,D,0
2025-02-26,EPL,Man United,Ipswich,0.674874,0.18702711,0.13809893,H,H,1
2025-02-26,EPL,Nott'm Forest,Arsenal,0.36914927,0.25586903,0.37498167,A,D,0
2025-02-26,EPL,Tottenham,Man City,0.25288132,0.3217068,0.42541185,A,A,1
2025-02-27,SerieA,Bologna,Milan,0.54091835,0.1433459,0.31573576,H,H,1
2025-02-27,EPL,West Ham,Leicester,0.67231524,0.21547766,0.11220711,H,H,1
2025-02-28,Bundesliga,Stuttgart,Bayern Munich,0.3954186,0.1471836,0.4573978,A,A,1
2025-02-28,Ligue1,Monaco,Reims,0.77790856,0.13234654,0.08974489,H,H,1
2025-02-28,LaLiga,Valladolid,Las Palmas,0.25238276,0.24471356,0.5029037,A,D,0
2025-02-28,SerieA,Fiorentina,Lecce,0.73171806,0.17301743,0.09526454,H,H,1
2025-03-01,LaLiga,Girona,Celta,0.5347115,0.19635049,0.26893803,H,D,0
2025-03-01,SerieA,Atalanta,Venezia,0.944589,0.03446722,0.02094374,H,D,0
2025-03-01,SerieA,Napoli,Inter,0.5054434,0.09946933,0.39508727,H,D,0
2025-03-01,SerieA,Udinese,Parma,0.6944397,0.18008545,0.12547483,H,H,1
2025-03-01,Bundesliga,Ein Frankfurt,Leverkusen,0.44032747,0.24630289,0.31336966,H,A,0
2025-03-01,Bundesliga,Werder Bremen,Wolfsburg,0.30185276,0.36037928,0.33776796,D,A,0
2025-03-01,Bundesliga,St Pauli,Dortmund,0.19404463,0.32337087,0.48258457,A,A,1
2025-03-01,Bundesliga,RB Leipzig,Mainz,0.61131567,0.18580574,0.20287858,H,A,0
2025-03-01,Ligue1,Paris SG,Lille,0.6680902,0.16059941,0.17131037,H,H,1
2025-03-01,Bundesliga,Heidenheim,M'gladbach,0.34293148,0.2656766,0.3913919,A,A,1
2025-03-01,Ligue1,Lens,Le Havre,0.6082753,0.28011343,0.11161126,H,A,0
2025-03-01,LaLiga,Ath Madrid,Ath Bilbao,0.69644344,0.19778118,0.1057754,H,H,1
2025-03-01,LaLiga,Betis,Real Madrid,0.2551293,0.1550759,0.5897948,A,H,0
2025-03-01,LaLiga,Vallecano,Sevilla,0.522574,0.27994785,0.19747816,H,D,0
2025-03-01,Bundesliga,Bochum,Hoffenheim,0.5275208,0.26615867,0.20632058,H,A,0
2025-03-01,Ligue1,St Etienne,Nice,0.24603245,0.17448367,0.57948387,A,A,1
2025-03-02,SerieA,Bologna,Cagliari,0.7400934,0.15620317,0.10370339,H,H,1
2025-03-02,SerieA,Genoa,Empoli,0.6873113,0.13630387,0.17638488,H,D,0
2025-03-02,SerieA,Roma,Como,0.5873498,0.19964497,0.21300524,H,H,1
2025-03-02,SerieA,Milan,Lazio,0.67946553,0.13637032,0.18416415,H,A,0
2025-03-02,SerieA,Monza,Torino,0.31617135,0.44616994,0.23765872,D,A,0
2025-03-02,Bundesliga,Augsburg,Freiburg,0.33336854,0.3833876,0.28324383,D,D,1
2025-03-02,Ligue1,Montpellier,Rennes,0.3027751,0.39874557,0.29847938,D,A,0
2025-03-02,LaLiga,Osasuna,Valencia,0.59349877,0.22774318,0.17875805,H,D,0
2025-03-02,LaLiga,Mallorca,Alaves,0.47096393,0.25286058,0.27617544,H,D,0
2025-03-02,LaLiga,Barcelona,Sociedad,0.7306866,0.17443292,0.09488051,H,H,1
2025-03-02,LaLiga,Leganes,Getafe,0.20301102,0.39210445,0.4048846,A,H,0
2025-03-02,Ligue1,Lyon,Brest,0.76615906,0.10241708,0.13142385,H,H,1
2025-03-02,Ligue1,Angers,Toulouse,0.3270217,0.33525774,0.33772063,A,A,1
2025-03-02,Ligue1,Auxerre,Strasbourg,0.33222944,0.29401803,0.37375256,A,A,1
2025-03-02,Ligue1,Marseille,Nantes,0.8184577,0.09908528,0.082457,H,H,1
2025-03-02,Bundesliga,Union Berlin,Holstein Kiel,0.42591426,0.36249548,0.21159026,H,A,0
2025-03-03,SerieA,Juventus,Verona,0.6786666,0.2003253,0.12100812,H,H,1
2025-03-07,Bundesliga,M'gladbach,Mainz,0.41838643,0.25650042,0.32511315,H,A,0
2025-03-07,SerieA,Cagliari,Genoa,0.46043786,0.23096271,0.3085994,H,D,0
2025-03-07,Ligue1,Toulouse,Monaco,0.24318518,0.20929328,0.5475216,A,D,0
2025-03-08,Ligue1,Rennes,Paris SG,0.2644252,0.35911956,0.37645528,A,A,1
2025-03-08,Ligue1,Lille,Montpellier,0.8123025,0.12556551,0.062131993,H,H,1
2025-03-08,Ligue1,Marseille,Lens,0.7216603,0.13263428,0.14570537,H,A,0
2025-03-08,Bundesliga,Leverkusen,Werder Bremen,0.84977865,0.11380411,0.03641727,H,A,0
2025-03-08,SerieA,Como,Venezia,0.5371638,0.22825004,0.23458615,H,D,0
2025-03-08,SerieA,Inter,Monza,0.76578367,0.17047875,0.06373758,H,H,1
2025-03-08,LaLiga,Celta,Leganes,0.5300802,0.1464285,0.32349128,H,H,1
2025-03-08,SerieA,Lecce,Milan,0.2448659,0.21151204,0.5436221,A,A,1
2025-03-08,LaLiga,Valencia,Valladolid,0.70670307,0.13945915,0.15383781,H,H,1
2025-03-08,Bundesliga,Wolfsburg,St Pauli,0.8101804,0.10350026,0.08631928,H,D,0
2025-03-08,LaLiga,Alaves,Villarreal,0.3865155,0.28235543,0.33112904,H,H,1
2025-03-08,SerieA,Parma,Torino,0.31713417,0.27482584,0.40803996,A,D,0
2025-03-08,EPL,Brentford,Aston Villa,0.56218034,0.21278371,0.22503598,H,A,0
2025-03-08,EPL,Liverpool,Southampton,0.9478817,0.04286387,0.009254419,H,H,1
2025-03-08,EPL,Crystal Palace,Ipswich,0.77328163,0.16645189,0.06026644,H,H,1
2025-03-08,EPL,Brighton,Fulham,0.537107,0.2986681,0.16422492,H,H,1
2025-03-08,Bundesliga,Holstein Kiel,Stuttgart,0.22979777,0.18415648,0.58604574,A,D,0
2025-03-08,Bundesliga,Dortmund,Augsburg,0.529682,0.25843507,0.21188296,H,A,0
2025-03-08,EPL,Nott'm Forest,Man City,0.2934439,0.18182166,0.52473444,A,H,0
2025-03-08,Bundesliga,Freiburg,RB Leipzig,0.3363058,0.2669208,0.39677337,A,D,0
2025-03-08,Bundesliga,Bayern Munich,Bochum,0.8695721,0.09103132,0.039396625,H,A,0
2025-03-08,EPL,Wolves,Everton,0.36336806,0.3103332,0.32629877,H,D,0
2025-03-09,SerieA,Juventus,Atalanta,0.42174155,0.30050415,0.27775428,H,A,0
2025-03-09,Ligue1,Brest,Angers,0.7552243,0.13953023,0.105245434,H,H,1
2025-03-09,SerieA,Empoli,Roma,0.24106435,0.39733586,0.36159977,D,A,0
2025-03-09,SerieA,Napoli,Fiorentina,0.657706,0.15744069,0.18485333,H,H,1
2025-03-09,SerieA,Verona,Bologna,0.36351314,0.24219985,0.394287,A,A,1
2025-03-09,Bundesliga,Ein Frankfurt,Union Berlin,0.4743319,0.45701522,0.06865295,H,A,0
2025-03-09,Bundesliga,Hoffenheim,Heidenheim,0.41168246,0.38809922,0.20021828,H,D,0
2025-03-09,Ligue1,Nantes,Strasbourg,0.22459835,0.41544947,0.35995218,D,A,0
2025-03-09,Ligue1,Le Havre,St Etienne,0.6208234,0.16407026,0.21510631,H,D,0
2025-03-09,EPL,Tottenham,Bournemouth,0.46534678,0.2951726,0.23948058,H,D,0
2025-03-09,Ligue1,Nice,Lyon,0.4348017,0.3230637,0.24213466,H,A,0
2025-03-09,EPL,Man United,Arsenal,0.25016242,0.30160183,0.44823584,A,D,0
2025-03-09,LaLiga,Ath Bilbao,Mallorca,0.79929614,0.12509927,0.075604595,H,D,0
2025-03-09,LaLiga,Sociedad,Sevilla,0.5913872,0.25945443,0.1491583,H,A,0
2025-03-09,LaLiga,Betis,Las Palmas,0.69379985,0.15056674,0.15563335,H,H,1
2025-03-09,Ligue1,Reims,Auxerre,0.33777392,0.39984214,0.26238394,D,A,0
2025-03-09,LaLiga,Real Madrid,Vallecano,0.743825,0.18095529,0.07521965,H,H,1
2025-03-09,LaLiga,Getafe,Ath Madrid,0.11758394,0.2428502,0.6395659,A,H,0
2025-03-09,EPL,Chelsea,Leicester,0.77430874,0.18006547,0.045625743,H,H,1
2025-03-10,EPL,West Ham,Newcastle,0.44077188,0.30506074,0.25416735,H,A,0
2025-03-10,SerieA,Lazio,Udinese,0.6811014,0.13666105,0.18223758,H,D,0
2025-03-10,LaLiga,Espanol,Girona,0.34775016,0.23405807,0.41819173,A,D,0
2025-03-14,Ligue1,Nice,Auxerre,0.63670665,0.17594025,0.18735312,H,D,0
2025-03-14,Bundesliga,St Pauli,Hoffenheim,0.56528306,0.20070712,0.23400982,H,H,1
2025-03-14,SerieA,Genoa,Lecce,0.48696235,0.32554665,0.18749094,H,H,1
2025-03-14,LaLiga,Las Palmas,Alaves,0.4834426,0.27272958,0.24382785,H,D,0
2025-03-15,LaLiga,Girona,Valencia,0.5967144,0.23292859,0.17035703,H,D,0
2025-03-15,LaLiga,Villarreal,Real Madrid,0.43709192,0.16908681,0.3938213,H,A,0
2025-03-15,LaLiga,Mallorca,Espanol,0.5209343,0.21607976,0.26298597,H,H,1
2025-03-15,LaLiga,Valladolid,Celta,0.42383114,0.2955096,0.28065923,H,A,0
2025-03-15,SerieA,Torino,Empoli,0.7188407,0.18664204,0.094517276,H,H,1
2025-03-15,SerieA,Udinese,Verona,0.47042263,0.31053707,0.21904038,H,A,0
2025-03-15,Bundesliga,Augsburg,Wolfsburg,0.25267836,0.38741302,0.35990855,D,H,0
2025-03-15,Bundesliga,Mainz,Freiburg,0.4312697,0.38706023,0.18167001,H,D,0
2025-03-15,Bundesliga,Union Berlin,Bayern Munich,0.14348823,0.21219547,0.64431626,A,D,0
2025-03-15,Bundesliga,Werder Bremen,M'gladbach,0.400988,0.33589327,0.26311877,H,A,0
2025-03-15,EPL,Everton,West Ham,0.56836367,0.21298407,0.2186523,H,D,0
2025-03-15,EPL,Ipswich,Nott'm Forest,0.24197957,0.25077054,0.5072499,A,A,1
2025-03-15,EPL,Man City,Brighton,0.5494376,0.1663869,0.28417554,H,D,0
2025-03-15,SerieA,Monza,Parma,0.46522027,0.3295156,0.2052642,H,D,0
2025-03-15,EPL,Bournemouth,Brentford,0.5254695,0.24676877,0.22776179,H,A,0
2025-03-15,Ligue1,Angers,Monaco,0.10007318,0.47440276,0.425524,D,A,0
2025-03-15,Ligue1,Nantes,Lille,0.24347846,0.37247267,0.38404882,A,H,0
2025-03-15,EPL,Southampton,Wolves,0.3616385,0.27953437,0.35882708,H,A,0
2025-03-15,Bundesliga,RB Leipzig,Dortmund,0.62967426,0.19437698,0.17594875,H,H,1
2025-03-15,SerieA,Milan,Como,0.700039,0.1538931,0.14606786,H,H,1
2025-03-15,Ligue1,Lens,Rennes,0.37343836,0.19658755,0.42997414,A,H,0
2025-03-16,LaLiga,Ath Madrid,Barcelona,0.49603486,0.18730472,0.3166605,H,A,0
2025-03-16,LaLiga,Vallecano,Sociedad,0.41276678,0.36751896,0.21971421,H,D,0
2025-03-16,LaLiga,Osasuna,Getafe,0.5494957,0.20261689,0.24788745,H,A,0
2025-03-16,LaLiga,Sevilla,Ath Bilbao,0.18758117,0.28407612,0.5283427,A,A,1
2025-03-16,LaLiga,Leganes,Betis,0.26623857,0.24916369,0.48459774,A,A,1
2025-03-16,SerieA,Venezia,Napoli,0.15545242,0.21151935,0.63302827,A,D,0
2025-03-16,SerieA,Bologna,Lazio,0.59732366,0.18524325,0.21743312,H,H,1
2025-03-16,SerieA,Roma,Cagliari,0.66233575,0.2658356,0.07182865,H,H,1
2025-03-16,Bundesliga,Bochum,Ein Frankfurt,0.39916328,0.22065659,0.38018012,H,A,0
2025-03-16,Ligue1,Lyon,Le Havre,0.765224,0.14063068,0.09414534,H,H,1
2025-03-16,SerieA,Fiorentina,Juventus,0.32464898,0.20624635,0.4691047,A,H,0
2025-03-16,SerieA,Atalanta,Inter,0.6096062,0.14748444,0.24290934,H,A,0
2025-03-16,Ligue1,Paris SG,Marseille,0.6635384,0.15131448,0.18514706,H,H,1
2025-03-16,Ligue1,Strasbourg,Toulouse,0.2919424,0.3187545,0.38930315,A,H,0
2025-03-16,Ligue1,Montpellier,St Etienne,0.5694376,0.26593274,0.1646296,H,A,0
2025-03-16,EPL,Arsenal,Chelsea,0.6643446,0.17248647,0.1631689,H,H,1
2025-03-16,EPL,Fulham,Tottenham,0.53573877,0.24644333,0.2178179,H,H,1
2025-03-16,EPL,Leicester,Man United,0.4726527,0.19293492,0.33441243,H,A,0
2025-03-16,Ligue1,Brest,Reims,0.9025071,0.059656683,0.037836127,H,D,0
2025-03-16,Bundesliga,Stuttgart,Leverkusen,0.29657915,0.18300094,0.5204199,A,A,1
2025-03-16,Bundesliga,Heidenheim,Holstein Kiel,0.4360264,0.3528377,0.21113594,H,H,1
2025-03-27,LaLiga,Barcelona,Osasuna,0.7948263,0.17654435,0.028629359,H,H,1
2025-03-28,Bundesliga,Leverkusen,Bochum,0.8641911,0.10334322,0.032465648,H,H,1
2025-03-28,Ligue1,Strasbourg,Lyon,0.22591552,0.240851,0.53323346,A,H,0
2025-03-29,Ligue1,Monaco,Nice,0.75689185,0.08835205,0.15475611,H,H,1
2025-03-29,Ligue1,St Etienne,Paris SG,0.16157097,0.30825815,0.5301709,A,A,1
2025-03-29,Bundesliga,Hoffenheim,Augsburg,0.478327,0.3356252,0.18604785,H,D,0
2025-03-29,LaLiga,Alaves,Vallecano,0.45952395,0.26832992,0.27214608,H,A,0
2025-03-29,LaLiga,Real Madrid,Leganes,0.7068967,0.22602114,0.06708215,H,H,1
2025-03-29,Ligue1,Reims,Marseille,0.3111534,0.25674537,0.43210122,A,H,0
2025-03-29,Bundesliga,Bayern Munich,St Pauli,0.8674302,0.08749437,0.04507537,H,H,1
2025-03-29,LaLiga,Espanol,Ath Madrid,0.28680816,0.17612976,0.5370621,A,D,0
2025-03-29,Bundesliga,Holstein Kiel,Werder Bremen,0.35119125,0.22166672,0.42714202,A,A,1
2025-03-29,Bundesliga,M'gladbach,RB Leipzig,0.21158442,0.15958859,0.628827,A,H,0
2025-03-29,LaLiga,Sociedad,Valladolid,0.7733645,0.1453771,0.08125841,H,H,1
2025-03-29,Bundesliga,Ein Frankfurt,Stuttgart,0.4643896,0.29820922,0.23740119,H,H,1
2025-03-29,SerieA,Lecce,Roma,0.29282895,0.23557363,0.47159746,A,A,1
2025-03-29,SerieA,Juventus,Genoa,0.72120136,0.20001617,0.07878252,H,H,1
2025-03-29,SerieA,Venezia,Bologna,0.14626312,0.21939737,0.63433945,A,A,1
2025-03-29,SerieA,Como,Empoli,0.3487805,0.10698644,0.544233,A,D,0
2025-03-29,Bundesliga,Wolfsburg,Heidenheim,0.68744296,0.20462963,0.107927404,H,A,0
2025-03-30,Bundesliga,Freiburg,Union Berlin,0.6678401,0.23529123,0.09686869,H,A,0
2025-03-30,Bundesliga,Dortmund,Mainz,0.5011678,0.17437826,0.324454,H,H,1
2025-03-30,LaLiga,Betis,Sevilla,0.40388522,0.37165174,0.22446305,H,H,1
2025-03-30,LaLiga,Valencia,Mallorca,0.44491678,0.37005636,0.18502682,H,H,1
2025-03-30,LaLiga,Ath Bilbao,Osasuna,0.73881173,0.17416288,0.087025404,H,D,0
2025-03-30,LaLiga,Barcelona,Girona,0.7878363,0.11962435,0.09253931,H,H,1
2025-03-30,LaLiga,Getafe,Villarreal,0.2323643,0.376101,0.3915347,A,A,1
2025-03-30,Ligue1,Toulouse,Brest,0.5120478,0.21763088,0.27032134,H,A,0
2025-03-30,Ligue1,Angers,Rennes,0.249225,0.36061016,0.39016485,A,A,1
2025-03-30,SerieA,Napoli,Milan,0.78425956,0.08726893,0.12847148,H,H,1
2025-03-30,Ligue1,Lille,Lens,0.6253775,0.17371173,0.20091078,H,H,1
2025-03-30,Ligue1,Le Havre,Nantes,0.25133952,0.46401453,0.28464592,D,H,0
2025-03-30,SerieA,Cagliari,Monza,0.43090832,0.3720271,0.19706464,H,H,1
2025-03-30,Ligue1,Auxerre,Montpellier,0.76340014,0.16570486,0.070895016,H,H,1
2025-03-30,SerieA,Fiorentina,Atalanta,0.2555958,0.26158267,0.48282158,A,H,0
2025-03-30,SerieA,Inter,Udinese,0.7379974,0.19824174,0.06376082,H,H,1
2025-03-31,LaLiga,Celta,Las Palmas,0.38155198,0.35382643,0.2646216,H,D,0
2025-03-31,SerieA,Lazio,Torino,0.6805826,0.21387456,0.105542846,H,D,0
2025-03-31,SerieA,Verona,Parma,0.62238383,0.25561306,0.122003086,H,D,0
2025-04-01,EPL,Arsenal,Fulham,0.8216419,0.1267419,0.051616218,H,H,1
2025-04-01,EPL,Nott'm Forest,Man United,0.48128158,0.27627334,0.24244513,H,H,1
2025-04-01,EPL,Wolves,West Ham,0.3108065,0.31441414,0.3747794,A,H,0
2025-04-02,EPL,Bournemouth,Ipswich,0.5265023,0.3885146,0.08498307,H,A,0
2025-04-02,EPL,Man City,Leicester,0.9049425,0.0703372,0.024720257,H,H,1
2025-04-02,EPL,Newcastle,Brentford,0.7389412,0.17774077,0.083318055,H,H,1
2025-04-02,EPL,Southampton,Crystal Palace,0.2930844,0.25953794,0.44737762,A,D,0
2025-04-02,EPL,Liverpool,Everton,0.78685445,0.13693781,0.07620778,H,H,1
2025-04-02,EPL,Brighton,Aston Villa,0.536341,0.21582301,0.247836,H,A,0
2025-04-03,EPL,Chelsea,Tottenham,0.67125624,0.16012385,0.16861995,H,H,1
2025-04-04,Ligue1,Nice,Nantes,0.6901405,0.18538785,0.12447163,H,A,0
2025-04-04,SerieA,Genoa,Udinese,0.5040987,0.29271057,0.20319067,H,H,1
2025-04-04,Bundesliga,Augsburg,Bayern Munich,0.19421864,0.35346222,0.45231915,A,A,1
2025-04-04,LaLiga,Vallecano,Espanol,0.51390475,0.31334862,0.17274661,H,A,0
2025-04-05,LaLiga,Barcelona,Betis,0.56895936,0.26386034,0.16718033,H,D,0
2025-04-05,LaLiga,Mallorca,Celta,0.52203894,0.21891315,0.25904796,H,A,0
2025-04-05,Ligue1,Paris SG,Angers,0.92143893,0.06676157,0.011799418,H,H,1
2025-04-05,Ligue1,Brest,Monaco,0.3613327,0.3008115,0.33785573,H,H,1
2025-04-05,Ligue1,Lyon,Lille,0.63999903,0.21413308,0.1458679,H,H,1
2025-04-05,EPL,Aston Villa,Nott'm Forest,0.6044889,0.21167254,0.18383858,H,H,1
2025-04-05,EPL,West Ham,Bournemouth,0.35060236,0.19366588,0.45573175,A,D,0
2025-04-05,EPL,Ipswich,Wolves,0.38618928,0.32858968,0.285221,H,A,0
2025-04-05,EPL,Crystal Palace,Brighton,0.56176686,0.2703024,0.1679307,H,H,1
2025-04-05,Bundesliga,Bochum,Stuttgart,0.48192918,0.17672606,0.3413447,H,A,0
2025-04-05,EPL,Everton,Arsenal,0.30976748,0.313557,0.37667555,A,D,0
2025-04-05,Bundesliga,Heidenheim,Leverkusen,0.08821435,0.15358603,0.7581996,A,A,1
2025-04-05,Bundesliga,Mainz,Holstein Kiel,0.6311877,0.22898476,0.13982758,H,D,0
2025-04-05,Bundesliga,RB Leipzig,Hoffenheim,0.6970324,0.16749835,0.13546926,H,H,1
2025-04-05,Bundesliga,Werder Bremen,Ein Frankfurt,0.248563,0.3575355,0.3939015,A,H,0
2025-04-05,SerieA,Monza,Como,0.21150272,0.2293397,0.55915755,A,A,1
2025-04-05,SerieA,Parma,Inter,0.122648045,0.09083716,0.78651476,A,D,0
2025-04-05,SerieA,Milan,Fiorentina,0.52598387,0.20993955,0.26407656,H,D,0
2025-04-05,LaLiga,Girona,Alaves,0.5601306,0.2982186,0.14165072,H,A,0
2025-04-05,Bundesliga,Freiburg,Dortmund,0.41337696,0.3074123,0.27921078,H,A,0
2025-04-05,LaLiga,Real Madrid,Valencia,0.7019055,0.22918184,0.06891266,H,A,0
2025-04-06,Ligue1,Marseille,Toulouse,0.48257074,0.18093967,0.3364896,H,H,1
2025-04-06,SerieA,Roma,Juventus,0.26326564,0.26368114,0.47305316,A,D,0
2025-04-06,EPL,Brentford,Chelsea,0.2812713,0.29235676,0.42637196,A,D,0
2025-04-06,EPL,Fulham,Liverpool,0.21195748,0.31666374,0.47137874,A,H,0
2025-04-06,Ligue1,Lens,St Etienne,0.7278622,0.16660067,0.10553717,H,H,1
2025-04-06,EPL,Man United,Man City,0.25585994,0.33258674,0.41155332,A,D,0
2025-04-06,SerieA,Atalanta,Lazio,0.7041979,0.16694339,0.1288587,H,A,0
2025-04-06,SerieA,Torino,Verona,0.5606518,0.3134608,0.12588745,H,D,0
2025-04-06,SerieA,Empoli,Cagliari,0.41800252,0.40109193,0.1809056,H,D,0
2025-04-06,SerieA,Lecce,Venezia,0.49291193,0.28663397,0.22045407,H,D,0
2025-04-06,EPL,Tottenham,Southampton,0.74960655,0.20888148,0.041511953,H,H,1
2025-04-06,Ligue1,Rennes,Auxerre,0.4349885,0.25847253,0.30653897,H,A,0
2025-04-06,LaLiga,Valladolid,Getafe,0.3583549,0.18122657,0.46041855,A,A,1
2025-04-06,LaLiga,Las Palmas,Sociedad,0.2939497,0.29318395,0.41286635,A,A,1
2025-04-06,Bundesliga,St Pauli,M'gladbach,0.24391848,0.378861,0.37722054,D,D,1
2025-04-06,Bundesliga,Union Berlin,Wolfsburg,0.36635795,0.2687118,0.36493024,H,H,1
2025-04-06,LaLiga,Villarreal,Ath Bilbao,0.40879855,0.24275859,0.34844294,H,D,0
2025-04-06,Ligue1,Reims,Strasbourg,0.30308196,0.3177275,0.37919053,A,A,1
2025-04-06,LaLiga,Sevilla,Ath Madrid,0.1140771,0.25016868,0.63575417,A,A,1
2025-04-06,Ligue1,Montpellier,Le Havre,0.58661765,0.18846732,0.224915,H,A,0
2025-04-07,LaLiga,Leganes,Osasuna,0.258489,0.432897,0.30861396,D,D,1
2025-04-07,EPL,Leicester,Newcastle,0.31410438,0.22402483,0.4618708,A,A,1
2025-04-07,SerieA,Bologna,Napoli,0.22805926,0.50110126,0.27083948,D,D,1
2025-04-11,LaLiga,Valencia,Sevilla,0.31366083,0.31389531,0.37244385,A,H,0
2025-04-11,Ligue1,Lens,Reims,0.5068603,0.30064625,0.19249344,H,A,0
2025-04-11,Bundesliga,Wolfsburg,RB Leipzig,0.27094075,0.26367003,0.46538925,A,A,1
2025-04-11,SerieA,Udinese,Milan,0.30431664,0.23659638,0.45908698,A,A,1
2025-04-12,EPL,Southampton,Aston Villa,0.13775088,0.24280255,0.61944664,A,A,1
2025-04-12,EPL,Arsenal,Brentford,0.7930644,0.15785094,0.04908461,H,D,0
2025-04-12,Bundesliga,Holstein Kiel,St Pauli,0.46762985,0.17102216,0.36134794,H,A,0
2025-04-12,Bundesliga,Leverkusen,Union Berlin,0.6804215,0.24420154,0.07537699,H,D,0
2025-04-12,Bundesliga,Hoffenheim,Mainz,0.25349572,0.29067427,0.45582998,A,H,0
2025-04-12,Bundesliga,Bochum,Augsburg,0.3559376,0.34614706,0.29791528,H,A,0
2025-04-12,Bundesliga,M'gladbach,Freiburg,0.41180578,0.20854194,0.37965226,H,A,0
2025-04-12,EPL,Nott'm Forest,Everton,0.61685675,0.1566128,0.22653045,H,A,0
2025-04-12,LaLiga,Leganes,Barcelona,0.13004169,0.19647004,0.6734883,A,A,1
2025-04-12,EPL,Man City,Crystal Palace,0.65835947,0.22230893,0.11933158,H,H,1
2025-04-12,Bundesliga,Bayern Munich,Dortmund,0.6339526,0.19483726,0.17121017,H,D,0
2025-04-12,LaLiga,Celta,Espanol,0.23734249,0.26408476,0.4985728,A,A,1
2025-04-12,SerieA,Venezia,Monza,0.6146909,0.2734155,0.11189359,H,H,1
2025-04-12,SerieA,Inter,Cagliari,0.78829,0.16254036,0.04916961,H,H,1
2025-04-12,SerieA,Juventus,Lecce,0.7767008,0.12322621,0.10007296,H,H,1
2025-04-12,Ligue1,Strasbourg,Nice,0.5676697,0.24855784,0.18377253,H,D,0
2025-04-12,Ligue1,Toulouse,Lille,0.26681235,0.31764814,0.41553953,A,A,1
2025-04-12,LaLiga,Sociedad,Mallorca,0.4765571,0.33418345,0.18925941,H,A,0
2025-04-12,LaLiga,Getafe,Las Palmas,0.46741536,0.2676561,0.26492864,H,A,0
2025-04-12,EPL,Brighton,Leicester,0.67281,0.28783515,0.039354812,H,D,0
2025-04-12,Ligue1,Monaco,Marseille,0.75601816,0.10392596,0.14005591,H,H,1
2025-04-13,Ligue1,St Etienne,Brest,0.22370657,0.37386087,0.40243256,A,D,0
2025-04-13,Ligue1,Angers,Montpellier,0.591263,0.26203474,0.14670226,H,H,1
2025-04-13,Ligue1,Auxerre,Lyon,0.20923866,0.42170954,0.36905175,D,A,0
2025-04-13,SerieA,Atalanta,Bologna,0.5340855,0.12231711,0.34359735,H,H,1
2025-04-13,SerieA,Fiorentina,Parma,0.48371422,0.3467867,0.16949901,H,D,0
2025-04-13,SerieA,Verona,Genoa,0.41701695,0.33717135,0.24581169,H,D,0
2025-04-13,SerieA,Como,Torino,0.3425055,0.31244498,0.34504947,A,H,0
2025-04-13,SerieA,Lazio,Roma,0.5724448,0.22848672,0.19906852,H,D,0
2025-04-13,Bundesliga,Ein Frankfurt,Heidenheim,0.6577333,0.19402272,0.14824393,H,H,1
2025-04-13,Bundesliga,Stuttgart,Werder Bremen,0.5684065,0.24761808,0.18397544,H,A,0
2025-04-13,EPL,Chelsea,Ipswich,0.6279744,0.23836097,0.13366464,H,D,0
2025-04-13,EPL,Liverpool,West Ham,0.77539164,0.14763868,0.07696967,H,H,1
2025-04-13,EPL,Wolves,Tottenham,0.24198452,0.18989556,0.5681199,A,H,0
2025-04-13,Ligue1,Le Havre,Rennes,0.21824439,0.29877943,0.4829762,A,A,1
2025-04-13,LaLiga,Osasuna,Girona,0.39527246,0.34099382,0.26373374,H,H,1
2025-04-13,LaLiga,Alaves,Real Madrid,0.12692097,0.2452203,0.62785876,A,A,1
2025-04-13,LaLiga,Betis,Villarreal,0.48022082,0.18701564,0.33276352,H,A,0
2025-04-13,LaLiga,Ath Bilbao,Vallecano,0.80818874,0.13828549,0.05352574,H,H,1
2025-04-13,EPL,Newcastle,Man United,0.68331796,0.15662925,0.16005276,H,H,1
2025-04-14,EPL,Bournemouth,Fulham,0.39129478,0.26822358,0.3404816,H,H,1
2025-04-14,LaLiga,Ath Madrid,Valladolid,0.9065535,0.06806161,0.025384884,H,H,1
2025-04-14,SerieA,Napoli,Empoli,0.81785893,0.0922775,0.0898636,H,H,1
2025-04-16,EPL,Newcastle,Crystal Palace,0.74327135,0.15828738,0.0984413,H,H,1
2025-04-18,Ligue1,Rennes,Nantes,0.6646426,0.1670148,0.16834268,H,H,1
2025-04-18,LaLiga,Espanol,Getafe,0.46666783,0.2446853,0.28864688,H,H,1
2025-04-19,LaLiga,Vallecano,Valencia,0.4096537,0.35163614,0.23871012,H,D,0
2025-04-19,SerieA,Monza,Napoli,0.34593815,0.21085295,0.44320887,A,A,1
2025-04-19,SerieA,Lecce,Como,0.28035736,0.32357368,0.396069,A,A,1
2025-04-19,Ligue1,Marseille,Montpellier,0.5511168,0.3120923,0.13679086,H,H,1
2025-04-19,Ligue1,Monaco,Strasbourg,0.5165988,0.28400603,0.19939516,H,D,0
2025-04-19,Ligue1,Paris SG,Le Havre,0.95248926,0.030099744,0.01741096,H,H,1
2025-04-19,LaLiga,Las Palmas,Ath Madrid,0.16431412,0.29607412,0.53961176,A,H,0
2025-04-19,LaLiga,Barcelona,Celta,0.8362232,0.12737143,0.036405347,H,H,1
2025-04-19,LaLiga,Mallorca,Leganes,0.42788532,0.26009008,0.31202462,H,D,0
2025-04-19,SerieA,Roma,Verona,0.7139107,0.19139855,0.094690725,H,H,1
2025-04-19,EPL,Brentford,Brighton,0.56411594,0.23615249,0.19973153,H,H,1
2025-04-19,EPL,Aston Villa,Newcastle,0.38585478,0.24385218,0.370293,H,H,1
2025-04-19,Bundesliga,Heidenheim,Bayern Munich,0.109830774,0.25610662,0.63406265,A,A,1
2025-04-19,Bundesliga,Mainz,Wolfsburg,0.5454301,0.25782764,0.19674228,H,D,0
2025-04-19,Bundesliga,RB Leipzig,Holstein Kiel,0.8171578,0.10935943,0.07348279,H,D,0
2025-04-19,Bundesliga,Werder Bremen,Bochum,0.7502938,0.20030262,0.04940361,H,H,1
2025-04-19,Bundesliga,Freiburg,Hoffenheim,0.5244003,0.18741117,0.28818855,H,H,1
2025-04-19,EPL,Crystal Palace,Bournemouth,0.5390955,0.263487,0.19741742,H,D,0
2025-04-19,EPL,Everton,Man City,0.23847699,0.34791246,0.41361058,A,A,1
2025-04-19,EPL,West Ham,Southampton,0.5626309,0.40203607,0.03533303,H,D,0
2025-04-19,Bundesliga,Union Berlin,Stuttgart,0.27589875,0.3275565,0.3965447,A,D,0
2025-04-20,EPL,Ipswich,Arsenal,0.15270995,0.10628893,0.7410011,A,A,1
2025-04-20,EPL,Leicester,Liverpool,0.3058265,0.28981385,0.40435967,A,A,1
2025-04-20,LaLiga,Valladolid,Osasuna,0.348603,0.3756391,0.27575788,D,A,0
2025-04-20,LaLiga,Villarreal,Sociedad,0.73024887,0.13527764,0.13447346,H,D,0
2025-04-20,LaLiga,Sevilla,Alaves,0.418645,0.28009772,0.3012573,H,D,0
2025-04-20,SerieA,Milan,Atalanta,0.538664,0.11003569,0.3513003,H,A,0
2025-04-20,SerieA,Bologna,Inter,0.50040007,0.12944923,0.37015072,H,H,1
2025-04-20,SerieA,Empoli,Venezia,0.52313346,0.37020484,0.10666172,H,D,0
2025-04-20,LaLiga,Real Madrid,Ath Bilbao,0.4377974,0.3375605,0.22464213,H,H,1
2025-04-20,EPL,Man United,Wolves,0.4145989,0.28532517,0.30007592,H,A,0
2025-04-20,EPL,Fulham,Chelsea,0.625663,0.19765481,0.1766822,H,A,0
2025-04-20,Ligue1,Nice,Angers,0.8457665,0.10727515,0.04695838,H,H,1
2025-04-20,Bundesliga,St Pauli,Leverkusen,0.095160864,0.1595294,0.74530977,A,D,0
2025-04-20,Bundesliga,Dortmund,M'gladbach,0.60880935,0.19748731,0.19370335,H,H,1
2025-04-20,Bundesliga,Augsburg,Ein Frankfurt,0.26868862,0.33026475,0.40104666,A,D,0
2025-04-20,Ligue1,Lille,Auxerre,0.6047084,0.25193372,0.14335786,H,H,1
2025-04-20,Ligue1,Brest,Lens,0.5857718,0.18130006,0.23292811,H,A,0
2025-04-20,Ligue1,St Etienne,Lyon,0.104620755,0.29883775,0.59654146,A,H,0
2025-04-20,Ligue1,Reims,Toulouse,0.4395543,0.27142867,0.28901705,H,H,1
2025-04-21,EPL,Tottenham,Nott'm Forest,0.4620924,0.23902203,0.29888555,H,A,0
2025-04-21,LaLiga,Girona,Betis,0.28437948,0.3126675,0.4029531,A,A,1
2025-04-22,Ligue1,Nantes,Paris SG,0.24100535,0.33122614,0.42776856,A,D,0
2025-04-22,EPL,Man City,Aston Villa,0.559108,0.2519049,0.18898705,H,H,1
2025-04-22,LaLiga,Valencia,Espanol,0.4207692,0.27506533,0.30416548,H,D,0
2025-04-22,LaLiga,Barcelona,Mallorca,0.8390501,0.11333217,0.047617704,H,H,1
2025-04-23,LaLiga,Alaves,Sociedad,0.4774766,0.27662,0.24590337,H,H,1
2025-04-23,LaLiga,Celta,Villarreal,0.42480335,0.21466282,0.36053383,H,H,1
2025-04-23,LaLiga,Ath Bilbao,Las Palmas,0.7532994,0.1892453,0.057455257,H,H,1
2025-04-23,LaLiga,Getafe,Real Madrid,0.22443494,0.29085657,0.48470846,A,A,1
2025-04-23,SerieA,Cagliari,Fiorentina,0.23513661,0.23909554,0.52576786,A,A,1
2025-04-23,SerieA,Torino,Udinese,0.46294853,0.43678057,0.10027091,H,H,1
2025-04-23,SerieA,Parma,Juventus,0.19310865,0.3518145,0.45507684,A,H,0
2025-04-23,SerieA,Genoa,Lazio,0.31084776,0.35622358,0.33292872,D,A,0
2025-04-23,EPL,Arsenal,Crystal Palace,0.8427369,0.11486505,0.042398077,H,D,0
2025-04-24,LaLiga,Betis,Valladolid,0.87909687,0.10022535,0.02067773,H,H,1
2025-04-24,LaLiga,Leganes,Girona,0.47430578,0.1903561,0.33533812,H,D,0
2025-04-24,LaLiga,Ath Madrid,Vallecano,0.82681537,0.12610458,0.047080062,H,H,1
2025-04-24,LaLiga,Osasuna,Sevilla,0.40569848,0.26328364,0.33101785,H,H,1
2025-04-25,Ligue1,Paris SG,Nice,0.8280379,0.0831079,0.08885418,H,A,0
2025-04-25,Bundesliga,Stuttgart,Heidenheim,0.7611335,0.17961587,0.059250694,H,A,0
2025-04-26,Bundesliga,Bayern Munich,Mainz,0.68813735,0.17762049,0.13424212,H,H,1
2025-04-26,EPL,Chelsea,Everton,0.6947585,0.1724241,0.13281749,H,H,1
2025-04-26,EPL,Brighton,West Ham,0.27590838,0.30707455,0.41701707,A,H,0
2025-04-26,EPL,Newcastle,Ipswich,0.82078725,0.110034,0.06917875,H,H,1
2025-04-26,EPL,Southampton,Fulham,0.3145275,0.1583362,0.5271363,A,A,1
2025-04-26,EPL,Wolves,Leicester,0.64809996,0.30142036,0.050479632,H,H,1
2025-04-26,Bundesliga,Hoffenheim,Dortmund,0.3412582,0.29073843,0.36800337,A,A,1
2025-04-26,Bundesliga,Ein Frankfurt,RB Leipzig,0.6076243,0.21215111,0.18022461,H,H,1
2025-04-26,Bundesliga,Wolfsburg,Freiburg,0.5137326,0.21693498,0.2693324,H,A,0
2025-04-26,Bundesliga,Leverkusen,Augsburg,0.7311233,0.17134857,0.097528115,H,H,1
2025-04-26,Bundesliga,Holstein Kiel,M'gladbach,0.2590557,0.10085628,0.640088,A,H,0
2025-04-26,Ligue1,Lyon,Rennes,0.7447542,0.13234037,0.122905456,H,H,1
2025-04-26,Ligue1,Le Havre,Monaco,0.09875134,0.34010333,0.56114537,A,D,0
2025-04-26,Ligue1,Strasbourg,St Etienne,0.7281864,0.10936257,0.162451,H,H,1
2025-04-27,Bundesliga,Werder Bremen,St Pauli,0.45879477,0.34670788,0.19449738,H,D,0
2025-04-27,LaLiga,Villarreal,Espanol,0.60464174,0.14439835,0.2509599,H,H,1
2025-04-27,Bundesliga,Bochum,Union Berlin,0.4773757,0.22124928,0.30137506,H,D,0
2025-04-27,EPL,Bournemouth,Man United,0.47360146,0.25503844,0.27136016,H,D,0
2025-04-27,EPL,Liverpool,Tottenham,0.64676684,0.2598602,0.09337297,H,H,1
2025-04-27,Ligue1,Nantes,Toulouse,0.5786673,0.22068116,0.20065154,H,D,0
2025-04-27,SerieA,Napoli,Torino,0.68166494,0.2140298,0.1043053,H,H,1
2025-04-27,SerieA,Atalanta,Lecce,0.83408433,0.12909685,0.036818832,H,D,0
2025-04-27,SerieA,Juventus,Monza,0.832474,0.104515694,0.06301034,H,H,1
2025-04-27,Ligue1,Marseille,Brest,0.48615104,0.24278426,0.2710647,H,H,1
2025-04-27,SerieA,Inter,Roma,0.500227,0.34607962,0.15369345,H,A,0
2025-04-27,SerieA,Fiorentina,Empoli,0.6564517,0.20392865,0.13961965,H,H,1
2025-04-27,SerieA,Venezia,Milan,0.18256706,0.43117517,0.38625777,D,A,0
2025-04-27,Ligue1,Angers,Lille,0.1840688,0.2939258,0.5220054,A,A,1
2025-04-27,Ligue1,Lens,Auxerre,0.56808627,0.27999264,0.15192106,H,A,0
2025-04-27,Ligue1,Montpellier,Reims,0.39706358,0.2634322,0.33950418,H,D,0
2025-04-27,SerieA,Como,Genoa,0.39401653,0.3465575,0.25942597,H,H,1
2025-04-28,SerieA,Lazio,Parma,0.5189593,0.38881546,0.09222528,H,D,0
2025-04-28,SerieA,Verona,Cagliari,0.55252254,0.31226975,0.13520774,H,A,0
2025-04-28,SerieA,Udinese,Bologna,0.5348084,0.23854646,0.22664514,H,D,0
2025-05-01,EPL,Nott'm Forest,Brentford,0.6339571,0.17792414,0.18811879,H,A,0
2025-05-02,Bundesliga,Heidenheim,Bochum,0.52898455,0.23141932,0.23959617,H,D,0
2025-05-02,EPL,Man City,Wolves,0.640801,0.2851878,0.074011214,H,H,1
2025-05-02,SerieA,Torino,Venezia,0.64364004,0.23831141,0.11804855,H,D,0
2025-05-02,LaLiga,Vallecano,Getafe,0.35418537,0.43907672,0.20673795,D,H,0
2025-05-02,Ligue1,Nice,Reims,0.5846464,0.27792567,0.13742793,H,H,1
2025-05-03,EPL,Arsenal,Bournemouth,0.69224435,0.20661701,0.10113865,H,A,0
2025-05-03,LaLiga,Villarreal,Osasuna,0.65440273,0.15216026,0.19343702,H,H,1
2025-05-03,LaLiga,Las Palmas,Valencia,0.29655325,0.3161389,0.38730785,A,A,1
2025-05-03,LaLiga,Valladolid,Barcelona,0.3652427,0.26807675,0.36668056,A,A,1
2025-05-03,Ligue1,Strasbourg,Paris SG,0.52648985,0.15842116,0.31508902,H,H,1
2025-05-03,Ligue1,St Etienne,Monaco,0.14775915,0.32408872,0.52815217,A,A,1
2025-05-03,SerieA,Inter,Verona,0.78043073,0.14228672,0.07728254,H,H,1
2025-05-03,SerieA,Parma,Como,0.3585093,0.2576314,0.38385928,A,A,1
2025-05-03,Ligue1,Toulouse,Rennes,0.2722994,0.18788297,0.53981763,A,H,0
2025-05-03,SerieA,Lecce,Napoli,0.10961726,0.14158021,0.74880254,A,A,1
2025-05-03,Bundesliga,RB Leipzig,Bayern Munich,0.30435798,0.23355079,0.46209127,A,D,0
2025-05-03,Bundesliga,St Pauli,Stuttgart,0.29475585,0.21941173,0.48583242,A,A,1
2025-05-03,Bundesliga,Union Berlin,Werder Bremen,0.557706,0.17989591,0.26239803,H,D,0
2025-05-03,Bundesliga,Dortmund,Wolfsburg,0.7066436,0.20281355,0.09054288,H,H,1
2025-05-03,EPL,Aston Villa,Fulham,0.76124525,0.14348531,0.09526947,H,H,1
2025-05-03,LaLiga,Alaves,Ath Madrid,0.19068907,0.45159942,0.35771152,D,D,1
2025-05-03,EPL,Everton,Ipswich,0.5297419,0.32868123,0.1415769,H,D,0
2025-05-03,EPL,Leicester,Southampton,0.58058167,0.25116393,0.16825439,H,H,1
2025-05-03,Bundesliga,M'gladbach,Hoffenheim,0.48578686,0.32841587,0.18579726,H,D,0
2025-05-03,SerieA,Cagliari,Udinese,0.5685012,0.12647495,0.30502388,H,A,0
2025-05-04,Ligue1,Brest,Montpellier,0.6079445,0.26841974,0.12363577,H,H,1
2025-05-04,SerieA,Empoli,Lazio,0.28525832,0.36916563,0.34557605,D,A,0
2025-05-04,SerieA,Monza,Atalanta,0.22138967,0.29901922,0.47959113,A,A,1
2025-05-04,SerieA,Roma,Fiorentina,0.5625905,0.28213906,0.1552704,H,H,1
2025-05-04,SerieA,Bologna,Juventus,0.5479122,0.17888103,0.2732068,H,D,0
2025-05-04,Ligue1,Nantes,Angers,0.6229823,0.23805079,0.13896684,H,A,0
2025-05-04,Ligue1,Auxerre,Le Havre,0.54920655,0.26146883,0.18932468,H,A,0
2025-05-04,LaLiga,Real Madrid,Celta,0.6441035,0.23486587,0.1210306,H,H,1
2025-05-04,LaLiga,Sevilla,Leganes,0.3848081,0.26276088,0.35243103,H,D,0
2025-05-04,LaLiga,Espanol,Betis,0.3278241,0.20968854,0.46248737,A,A,1
2025-05-04,EPL,Brentford,Man United,0.40543753,0.2724215,0.32214093,H,H,1
2025-05-04,EPL,Brighton,Newcastle,0.19682012,0.3806077,0.42257214,A,D,0
2025-05-04,EPL,West Ham,Tottenham,0.40049496,0.34421018,0.2552949,H,D,0
2025-05-04,Bundesliga,Mainz,Ein Frankfurt,0.24660975,0.40720928,0.346181,D,D,1
2025-05-04,LaLiga,Sociedad,Ath Bilbao,0.26120785,0.24447317,0.49431905,A,D,0
2025-05-04,Bundesliga,Freiburg,Leverkusen,0.25380206,0.22193496,0.524263,A,D,0
2025-05-04,EPL,Chelsea,Liverpool,0.50434834,0.16010939,0.33554226,H,H,1
2025-05-04,Ligue1,Lille,Marseille,0.51208776,0.29849398,0.1894183,H,D,0
2025-05-04,Ligue1,Lyon,Lens,0.7270244,0.17068714,0.102288485,H,A,0
2025-05-04,Bundesliga,Augsburg,Holstein Kiel,0.6216558,0.23326361,0.14508055,H,A,0
2025-05-05,SerieA,Genoa,Milan,0.16759644,0.40337604,0.4290276,A,A,1
2025-05-05,LaLiga,Girona,Mallorca,0.3776703,0.29843387,0.3238958,H,H,1
2025-05-05,EPL,Crystal Palace,Nott'm Forest,0.50011367,0.26709944,0.23278691,H,D,0
2025-05-09,LaLiga,Las Palmas,Vallecano,0.5385559,0.18819334,0.27325073,H,A,0
2025-05-09,Bundesliga,Wolfsburg,Hoffenheim,0.42074937,0.25358936,0.3256613,H,D,0
2025-05-09,SerieA,Milan,Bologna,0.51537323,0.22182597,0.26280078,H,H,1
2025-05-10,Ligue1,Angers,Strasbourg,0.20510522,0.41418034,0.38071448,D,H,0
2025-05-10,EPL,Fulham,Everton,0.5946744,0.23509695,0.17022866,H,A,0
2025-05-10,EPL,Wolves,Brighton,0.37402526,0.14452021,0.4814545,A,A,1
2025-05-10,Ligue1,Le Havre,Marseille,0.20392065,0.23986399,0.5562154,A,A,1
2025-05-10,EPL,Ipswich,Brentford,0.257387,0.302005,0.440608,A,A,1
2025-05-10,EPL,Southampton,Man City,0.09717479,0.14024645,0.7625787,A,D,0
2025-05-10,EPL,Bournemouth,Aston Villa,0.28460386,0.3838327,0.33156344,D,A,0
2025-05-10,Ligue1,Brest,Lille,0.33756766,0.2921296,0.37030274,A,H,0
2025-05-10,Ligue1,Toulouse,Lens,0.42382768,0.123674214,0.4524981,A,D,0
2025-05-10,Bundesliga,Bayern Munich,M'gladbach,0.7737227,0.15152563,0.074751645,H,H,1
2025-05-10,Ligue1,Reims,St Etienne,0.61233586,0.27317804,0.114486076,H,A,0
2025-05-10,SerieA,Empoli,Parma,0.470219,0.2946634,0.23511764,H,H,1
2025-05-10,SerieA,Lazio,Juventus,0.42341584,0.27072278,0.3058614,H,D,0
2025-05-10,SerieA,Como,Cagliari,0.5953984,0.3287711,0.07583041,H,H,1
2025-05-10,LaLiga,Valencia,Getafe,0.36569825,0.4418002,0.19250153,D,H,0
2025-05-10,LaLiga,Celta,Sevilla,0.51659834,0.2483656,0.23503608,H,H,1
2025-05-10,LaLiga,Girona,Villarreal,0.41788614,0.23377496,0.34833884,H,A,0
2025-05-10,LaLiga,Mallorca,Valladolid,0.86396885,0.107892394,0.028138768,H,H,1
2025-05-10,Ligue1,Rennes,Nice,0.24580824,0.17855416,0.57563764,A,H,0
2025-05-10,LaLiga,Ath Madrid,Sociedad,0.7709112,0.11570398,0.11338478,H,H,1
2025-05-10,Bundesliga,Holstein Kiel,Freiburg,0.2947099,0.33318284,0.3721072,A,A,1
2025-05-10,Bundesliga,Union Berlin,Heidenheim,0.5527819,0.106624894,0.34059322,H,A,0
2025-05-10,Bundesliga,Werder Bremen,RB Leipzig,0.21526116,0.33757937,0.44715944,A,D,0
2025-05-10,Ligue1,Monaco,Lyon,0.6870229,0.14135142,0.17162566,H,H,1
2025-05-10,Ligue1,Montpellier,Paris SG,0.22826745,0.21896985,0.5527627,A,A,1
2025-05-10,Bundesliga,Bochum,Mainz,0.55932933,0.16565779,0.27501288,H,A,0
2025-05-10,Ligue1,Auxerre,Nantes,0.53694177,0.22992286,0.23313537,H,D,0
2025-05-11,Bundesliga,Leverkusen,Dortmund,0.5896628,0.20978077,0.20055649,H,A,0
2025-05-11,Bundesliga,Ein Frankfurt,St Pauli,0.6557675,0.21359085,0.13064162,H,D,0
2025-05-11,Bundesliga,Stuttgart,Augsburg,0.5319921,0.27782053,0.19018738,H,H,1
2025-05-11,EPL,Tottenham,Crystal Palace,0.34143344,0.25052318,0.4080434,A,A,1
2025-05-11,LaLiga,Leganes,Espanol,0.42166302,0.31370738,0.2646296,H,H,1
2025-05-11,SerieA,Napoli,Genoa,0.83238584,0.10881998,0.058794145,H,D,0
2025-05-11,SerieA,Torino,Inter,0.30721286,0.22527587,0.4675112,A,A,1
2025-05-11,LaLiga,Ath Bilbao,Alaves,0.7221565,0.15420738,0.12363606,H,H,1
2025-05-11,LaLiga,Barcelona,Real Madrid,0.53479046,0.19042857,0.2747809,H,H,1
2025-05-11,EPL,Nott'm Forest,Leicester,0.8466589,0.113012746,0.04032843,H,D,0
2025-05-11,LaLiga,Betis,Osasuna,0.77490425,0.12256805,0.102527685,H,D,0
2025-05-11,SerieA,Udinese,Monza,0.758338,0.16292189,0.07874014,H,A,0
2025-05-11,EPL,Newcastle,Chelsea,0.69821465,0.11098929,0.19079602,H,H,1
2025-05-11,EPL,Man United,West Ham,0.4339423,0.23422298,0.33183476,H,A,0
2025-05-11,EPL,Liverpool,Arsenal,0.47361454,0.23755102,0.28883448,H,D,0
2025-05-11,SerieA,Verona,Lecce,0.4152237,0.3793277,0.20544864,H,D,0
2025-05-12,SerieA,Venezia,Fiorentina,0.25652584,0.24509254,0.4983816,A,H,0
2025-05-12,SerieA,Atalanta,Roma,0.62506324,0.2319673,0.14296943,H,H,1
2025-05-13,LaLiga,Valladolid,Girona,0.34606335,0.23859645,0.4153402,A,A,1
2025-05-13,LaLiga,Sociedad,Celta,0.40722498,0.29136783,0.30140725,H,A,0
2025-05-13,LaLiga,Sevilla,Las Palmas,0.49578473,0.2425373,0.261678,H,H,1
2025-05-14,LaLiga,Alaves,Valencia,0.36356634,0.30911976,0.32731387,H,H,1
2025-05-14,LaLiga,Villarreal,Leganes,0.7286536,0.12144356,0.14990279,H,H,1
2025-05-14,LaLiga,Real Madrid,Mallorca,0.79950833,0.14950773,0.050983857,H,H,1
2025-05-15,LaLiga,Vallecano,Betis,0.27483514,0.35836083,0.36680403,A,D,0
2025-05-15,LaLiga,Espanol,Barcelona,0.22477247,0.26718822,0.5080393,A,A,1
2025-05-15,LaLiga,Osasuna,Ath Madrid,0.13982959,0.24843444,0.61173594,A,H,0
2025-05-15,LaLiga,Getafe,Ath Bilbao,0.33675006,0.32553306,0.33771685,A,A,1
2025-05-16,EPL,Chelsea,Man United,0.75583136,0.11422528,0.12994334,H,H,1
2025-05-16,EPL,Aston Villa,Tottenham,0.77596986,0.15966746,0.0643627,H,H,1
2025-05-17,Ligue1,Paris SG,Auxerre,0.71182853,0.13254215,0.15562932,H,H,1
2025-05-17,Ligue1,Lens,Monaco,0.3457746,0.31387413,0.34035125,H,H,1
2025-05-17,Ligue1,Lille,Reims,0.7070731,0.1947613,0.0981656,H,H,1
2025-05-17,Ligue1,Lyon,Angers,0.55468804,0.34408233,0.10122962,H,H,1
2025-05-17,Ligue1,Marseille,Rennes,0.7524653,0.109743364,0.13779134,H,H,1
2025-05-17,Ligue1,Nantes,Montpellier,0.52605116,0.38274825,0.09120057,H,H,1
2025-05-17,Ligue1,Nice,Brest,0.64668417,0.18645559,0.16686025,H,H,1
2025-05-17,Ligue1,Strasbourg,Le Havre,0.7118621,0.13440427,0.15373366,H,A,0
2025-05-17,SerieA,Genoa,Atalanta,0.24188885,0.22467744,0.5334337,A,A,1
2025-05-17,Ligue1,St Etienne,Toulouse,0.2537503,0.263128,0.48312175,A,A,1
2025-05-17,Bundesliga,Augsburg,Union Berlin,0.48775974,0.3651289,0.14711133,H,A,0
2025-05-17,Bundesliga,Dortmund,Holstein Kiel,0.5946493,0.197053,0.20829768,H,H,1
2025-05-17,Bundesliga,Freiburg,Ein Frankfurt,0.32915097,0.16819043,0.5026586,A,A,1
2025-05-17,Bundesliga,Heidenheim,Werder Bremen,0.33106193,0.33275676,0.33618134,A,A,1
2025-05-17,Bundesliga,Hoffenheim,Bayern Munich,0.19650485,0.229961,0.57353413,A,A,1
2025-05-17,Bundesliga,Mainz,Leverkusen,0.3526475,0.23609717,0.4112553,A,D,0
2025-05-17,Bundesliga,M'gladbach,Wolfsburg,0.2833152,0.3768331,0.3398517,D,A,0
2025-05-17,Bundesliga,St Pauli,Bochum,0.4854159,0.319108,0.19547603,H,A,0
2025-05-17,Bundesliga,RB Leipzig,Stuttgart,0.48239684,0.21892887,0.29867432,H,A,0
2025-05-18,LaLiga,Celta,Vallecano,0.5894189,0.22001827,0.19056284,H,A,0
2025-05-18,EPL,Leicester,Ipswich,0.37837142,0.31923097,0.30239764,H,H,1
2025-05-18,EPL,Arsenal,Newcastle,0.5983944,0.16983266,0.23177293,H,H,1
2025-05-18,LaLiga,Barcelona,Villarreal,0.75597537,0.1502714,0.09375326,H,A,0
2025-05-18,LaLiga,Osasuna,Espanol,0.55166954,0.29191417,0.15641633,H,H,1
2025-05-18,LaLiga,Mallorca,Getafe,0.6804542,0.1982999,0.12124593,H,A,0
2025-05-18,LaLiga,Valladolid,Alaves,0.48715883,0.2694039,0.24343728,H,A,0
2025-05-18,LaLiga,Valencia,Ath Bilbao,0.29846594,0.31654108,0.38499296,A,A,1
2025-05-18,LaLiga,Las Palmas,Leganes,0.5094869,0.26748937,0.22302373,H,A,0
2025-05-18,EPL,Brentford,Fulham,0.7071128,0.14822127,0.14466588,H,A,0
2025-05-18,SerieA,Cagliari,Venezia,0.54968256,0.26089612,0.18942131,H,H,1
2025-05-18,EPL,Everton,Southampton,0.5191882,0.4099931,0.07081868,H,H,1
2025-05-18,LaLiga,Sociedad,Girona,0.46939445,0.20859581,0.3220097,H,H,1
2025-05-18,SerieA,Fiorentina,Bologna,0.5561438,0.19900754,0.24484865,H,H,1
2025-05-18,SerieA,Inter,Lazio,0.7155114,0.17796864,0.106519975,H,D,0
2025-05-18,SerieA,Juventus,Udinese,0.69899786,0.20872922,0.092272975,H,H,1
2025-05-18,SerieA,Lecce,Torino,0.23800051,0.26578763,0.49621183,A,H,0
2025-05-18,SerieA,Monza,Empoli,0.5246213,0.27359378,0.2017849,H,A,0
2025-05-18,SerieA,Parma,Napoli,0.07972204,0.18258499,0.73769295,A,D,0
2025-05-18,SerieA,Roma,Milan,0.41536394,0.29636976,0.28826633,H,H,1
2025-05-18,SerieA,Verona,Como,0.19834937,0.2947385,0.5069121,A,D,0
2025-05-18,LaLiga,Ath Madrid,Betis,0.7199754,0.19602963,0.083994895,H,H,1
2025-05-18,EPL,West Ham,Nott'm Forest,0.39735198,0.20137113,0.40127692,A,A,1
2025-05-18,LaLiga,Sevilla,Real Madrid,0.21551302,0.11812177,0.6663652,A,A,1
2025-05-19,EPL,Brighton,Liverpool,0.29625258,0.138434,0.56531346,A,H,0
2025-05-20,EPL,Man City,Bournemouth,0.7011215,0.16719174,0.1316868,H,H,1
2025-05-20,EPL,Crystal Palace,Wolves,0.57514626,0.2764832,0.14837058,H,H,1
2025-05-23,SerieA,Como,Inter,0.24743502,0.21211869,0.5404463,A,A,1
2025-05-23,SerieA,Napoli,Cagliari,0.7630938,0.19211353,0.04479264,H,H,1
2025-05-23,LaLiga,Betis,Valencia,0.7477321,0.13231857,0.119949386,H,D,0
2025-05-24,LaLiga,Real Madrid,Sociedad,0.83536005,0.09781355,0.06682641,H,H,1
2025-05-24,LaLiga,Espanol,Las Palmas,0.38870075,0.4170782,0.19422102,D,H,0
2025-05-24,LaLiga,Leganes,Valladolid,0.6553363,0.2239024,0.12076127,H,H,1
2025-05-24,SerieA,Bologna,Genoa,0.71370876,0.1893543,0.09693696,H,A,0
2025-05-24,SerieA,Milan,Monza,0.90081704,0.05720636,0.041976623,H,H,1
2025-05-24,LaLiga,Alaves,Osasuna,0.35231498,0.2516238,0.3960612,A,D,0
2025-05-24,LaLiga,Getafe,Celta,0.565164,0.1987019,0.23613405,H,A,0
2025-05-24,LaLiga,Vallecano,Mallorca,0.39624658,0.3199414,0.28381202,H,D,0
2025-05-25,LaLiga,Girona,Ath Madrid,0.21151623,0.28271234,0.5057714,A,A,1
2025-05-25,SerieA,Udinese,Fiorentina,0.27740324,0.2720039,0.45059288,A,A,1
2025-05-25,EPL,Newcastle,Everton,0.69276875,0.16899443,0.13823682,H,A,0
2025-05-25,EPL,Tottenham,Brighton,0.31312615,0.27346918,0.41340464,A,A,1
2025-05-25,EPL,Southampton,Arsenal,0.10440769,0.15464905,0.7409433,A,A,1
2025-05-25,EPL,Nott'm Forest,Chelsea,0.5814982,0.15854278,0.25995907,H,A,0
2025-05-25,SerieA,Venezia,Juventus,0.117030665,0.24650669,0.6364627,A,A,1
2025-05-25,EPL,Man United,Aston Villa,0.2838663,0.33336934,0.3827644,A,H,0
2025-05-25,EPL,Liverpool,Crystal Palace,0.6702876,0.12831552,0.20139687,H,D,0
2025-05-25,EPL,Ipswich,West Ham,0.2426514,0.25762653,0.49972203,A,A,1
2025-05-25,EPL,Fulham,Man City,0.25892437,0.30837974,0.43269587,A,A,1
2025-05-25,EPL,Bournemouth,Leicester,0.59357965,0.2900638,0.116356604,H,H,1
2025-05-25,LaLiga,Ath Bilbao,Barcelona,0.37476274,0.26543605,0.35980123,H,A,0
2025-05-25,SerieA,Atalanta,Parma,0.8292675,0.091548465,0.07918406,H,A,0
2025-05-25,SerieA,Empoli,Verona,0.39113742,0.34510964,0.2637529,H,A,0
2025-05-25,SerieA,Lazio,Lecce,0.6100052,0.23542516,0.15456964,H,A,0
2025-05-25,SerieA,Torino,Roma,0.1737474,0.22559519,0.6006574,A,A,1
2025-05-25,EPL,Wolves,Brentford,0.3658191,0.21723121,0.41694963,A,D,0
2025-05-25,LaLiga,Villarreal,Sevilla,0.7892758,0.15816385,0.05256033,H,H,1
