match_date,league,home_team,away_team,home_rating,away_rating,home_RD,away_RD,home_expected,actual_result,predicted_result,correct
2020-09-19,EPL,Everton,West Brom,1588.58,1411.42,180.33,180.33,0.75674,H,H,1.0
2020-09-19,Bundesliga,Dortmund,M'gladbach,1500.0,1500.0,200.0,200.0,0.560454,H,H,1.0
2020-09-19,SerieA,Verona,Roma,1500.0,1500.0,200.0,200.0,0.560454,D,H,
2020-09-19,SerieA,Fiorentina,Torino,1500.0,1500.0,200.0,200.0,0.560454,H,H,1.0
2020-09-19,LaLiga,Villarreal,Eibar,1490.45,1490.45,180.33,180.33,0.562128,H,H,1.0
2020-09-19,LaLiga,Celta,Valencia,1509.55,1569.47,180.33,180.33,0.48762,H,A,0.0
2020-09-19,LaLiga,Getafe,Osasuna,1500.0,1588.58,200.0,180.33,0.451965,H,A,0.0
2020-09-19,Bundesliga,Ein Frankfurt,Bielefeld,1500.0,1500.0,200.0,200.0,0.560454,D,H,
2020-09-19,Bundesliga,FC Koln,Hoffenheim,1500.0,1500.0,200.0,200.0,0.560454,A,H,0.0
2020-09-19,Bundesliga,Stuttgart,Freiburg,1500.0,1500.0,200.0,200.0,0.560454,A,H,0.0
2020-09-19,Ligue1,Rennes,Monaco,1623.77,1620.69,152.88,152.97,0.568288,H,H,1.0
2020-09-19,EPL,Arsenal,West Ham,1588.58,1411.42,180.33,180.33,0.75674,H,H,1.0
2020-09-19,Ligue1,Lens,Bordeaux,1567.23,1572.48,152.88,154.39,0.557572,H,H,1.0
2020-09-19,Bundesliga,Werder Bremen,Hertha,1500.0,1500.0,200.0,200.0,0.560454,A,H,0.0
2020-09-20,Ligue1,Metz,Reims,1317.98,1387.04,154.07,153.37,0.475352,H,A,0.0
2020-09-20,Ligue1,Brest,Lorient,1433.96,1432.77,152.91,152.88,0.565895,H,H,1.0
2020-09-20,SerieA,Parma,Napoli,1500.0,1500.0,200.0,200.0,0.560454,A,H,0.0
2020-09-20,Ligue1,Nice,Paris SG,1543.01,1418.66,154.34,152.33,0.711682,A,H,0.0
2020-09-20,SerieA,Genoa,Crotone,1500.0,1500.0,200.0,200.0,0.560454,H,H,1.0
2020-09-20,SerieA,Sassuolo,Cagliari,1500.0,1500.0,200.0,200.0,0.560454,D,H,
2020-09-20,SerieA,Juventus,Sampdoria,1500.0,1500.0,200.0,200.0,0.560454,H,H,1.0
2020-09-20,EPL,Southampton,Tottenham,1430.53,1411.42,180.33,180.33,0.585471,A,H,0.0
2020-09-20,EPL,Leicester,Burnley,1588.58,1500.0,180.33,200.0,0.662286,H,H,1.0
2020-09-20,EPL,Chelsea,Liverpool,1588.58,1569.47,180.33,180.33,0.585471,A,H,0.0
2020-09-20,Ligue1,Montpellier,Angers,1583.27,1538.36,152.5,154.42,0.62025,H,H,1.0
2020-09-20,Bundesliga,Wolfsburg,Leverkusen,1500.0,1500.0,200.0,200.0,0.560454,D,H,
2020-09-20,Bundesliga,RB Leipzig,Mainz,1500.0,1500.0,200.0,200.0,0.560454,H,H,1.0
2020-09-20,Ligue1,Strasbourg,Dijon,1350.55,1297.9,156.76,153.96,0.629694,H,H,1.0
2020-09-20,Ligue1,Nantes,St Etienne,1525.6,1685.46,152.2,155.01,0.361829,D,A,
2020-09-20,Ligue1,Marseille,Lille,1557.73,1601.2,152.48,155.54,0.50842,D,H,
2020-09-20,EPL,Newcastle,Brighton,1588.58,1411.42,180.33,180.33,0.75674,A,H,0.0
2020-09-20,LaLiga,Granada,Alaves,1569.47,1411.42,180.33,180.33,0.738738,H,H,1.0
2020-09-20,LaLiga,Sociedad,Real Madrid,1509.55,1500.0,180.33,200.0,0.571859,D,H,
2020-09-20,LaLiga,Huesca,Cadiz,1509.55,1411.42,180.33,180.33,0.677014,A,H,0.0
2020-09-20,LaLiga,Betis,Valladolid,1588.58,1490.45,180.33,180.33,0.677014,H,H,1.0
2020-09-21,SerieA,Milan,Bologna,1500.0,1500.0,200.0,200.0,0.560454,H,H,1.0
2020-09-21,EPL,Wolves,Man City,1588.58,1500.0,180.33,200.0,0.662286,A,H,0.0
2020-09-21,EPL,Aston Villa,Sheffield United,1500.0,1411.42,200.0,180.33,0.666489,H,H,1.0
2020-09-25,Ligue1,Lille,Nantes,1602.12,1540.13,144.55,142.67,0.642733,H,H,1.0
2020-09-25,Bundesliga,Hertha,Ein Frankfurt,1588.58,1490.45,180.33,180.33,0.677014,A,H,0.0
2020-09-26,Ligue1,St Etienne,Rennes,1670.37,1669.24,144.9,142.62,0.56664,A,H,0.0
2020-09-26,Ligue1,Marseille,Metz,1556.85,1373.84,142.18,143.42,0.772207,D,H,
2020-09-26,SerieA,Torino,Atalanta,1430.53,1500.0,180.33,200.0,0.476363,A,A,1.0
2020-09-26,SerieA,Inter,Fiorentina,1500.0,1569.47,200.0,180.33,0.475703,H,A,0.0
2020-09-26,Bundesliga,Schalke 04,Werder Bremen,1430.53,1411.42,180.33,180.33,0.585471,A,H,0.0
2020-09-26,Bundesliga,M'gladbach,Union Berlin,1430.53,1411.42,180.33,180.33,0.585471,D,H,
2020-09-26,Bundesliga,Leverkusen,RB Leipzig,1509.55,1569.47,180.33,180.33,0.48762,D,A,
2020-09-26,Bundesliga,Bielefeld,FC Koln,1509.55,1411.42,180.33,180.33,0.677014,H,H,1.0
2020-09-26,SerieA,Sampdoria,Benevento,1430.53,1500.0,180.33,200.0,0.476363,A,A,1.0
2020-09-26,EPL,Brighton,Man United,1518.7,1423.72,168.45,179.15,0.673813,A,H,0.0
2020-09-26,EPL,Crystal Palace,Everton,1632.83,1623.06,165.43,168.45,0.575274,A,H,0.0
2020-09-26,Bundesliga,Mainz,Stuttgart,1430.53,1411.42,180.33,180.33,0.585471,A,H,0.0
2020-09-26,EPL,Burnley,Southampton,1445.33,1350.84,181.13,165.05,0.676293,A,H,0.0
2020-09-26,LaLiga,Alaves,Getafe,1374.62,1588.0,167.92,179.27,0.306308,D,A,
2020-09-26,EPL,West Brom,Chelsea,1376.94,1508.89,168.45,165.05,0.397023,D,A,
2020-09-26,LaLiga,Elche,Sociedad,1500.0,1499.97,200.0,165.68,0.563386,A,H,0.0
2020-09-26,LaLiga,Betis,Real Madrid,1633.27,1511.89,166.42,179.5,0.702079,A,H,0.0
2020-09-26,Bundesliga,Augsburg,Dortmund,1588.58,1569.47,180.33,180.33,0.585471,H,H,1.0
2020-09-26,LaLiga,Valencia,Huesca,1500.07,1415.88,164.65,166.42,0.664418,D,H,
2020-09-26,SerieA,Cagliari,Lazio,1509.55,1500.0,180.33,200.0,0.571859,A,H,0.0
2020-09-27,Ligue1,Bordeaux,Nice,1525.13,1465.03,143.77,145.4,0.640029,D,H,
2020-09-27,Ligue1,Angers,Brest,1497.45,1479.69,144.23,142.62,0.587915,H,H,1.0
2020-09-27,Ligue1,Dijon,Montpellier,1258.25,1623.25,144.05,142.72,0.160871,D,A,
2020-09-27,Ligue1,Monaco,Strasbourg,1575.17,1391.51,142.68,146.25,0.772069,H,H,1.0
2020-09-27,Ligue1,Reims,Paris SG,1331.66,1494.65,142.88,143.76,0.356237,A,A,1.0
2020-09-27,Bundesliga,Freiburg,Wolfsburg,1588.58,1490.45,180.33,180.33,0.677014,D,H,
2020-09-27,Bundesliga,Hoffenheim,Bayern Munich,1588.58,1569.47,180.33,180.33,0.585471,H,H,1.0
2020-09-27,EPL,Man City,Leicester,1609.24,1634.26,181.13,166.83,0.531739,A,H,0.0
2020-09-27,SerieA,Napoli,Genoa,1588.58,1569.47,180.33,180.33,0.585471,H,H,1.0
2020-09-27,EPL,West Ham,Wolves,1376.94,1499.0,168.45,166.83,0.409364,H,A,0.0
2020-09-27,SerieA,Spezia,Sassuolo,1500.0,1490.45,200.0,180.33,0.573841,A,H,0.0
2020-09-27,LaLiga,Barcelona,Villarreal,1500.0,1549.9,200.0,164.86,0.500122,H,H,1.0
2020-09-27,LaLiga,Valladolid,Celta,1445.75,1578.96,166.42,164.65,0.395443,D,A,
2020-09-27,LaLiga,Cadiz,Sevilla,1505.1,1500.0,166.42,200.0,0.566552,A,H,0.0
2020-09-27,LaLiga,Ath Madrid,Granada,1500.0,1606.27,200.0,167.92,0.429015,H,A,0.0
2020-09-27,LaLiga,Eibar,Ath Bilbao,1430.99,1430.53,164.86,180.33,0.562688,A,H,0.0
2020-09-27,LaLiga,Osasuna,Levante,1515.78,1430.53,165.52,180.33,0.662784,A,H,0.0
2020-09-27,EPL,Sheffield United,Leeds,1365.74,1486.95,166.83,165.05,0.410207,A,A,1.0
2020-09-27,Ligue1,Lorient,Lyon,1387.05,1494.62,142.6,143.01,0.425134,D,A,
2020-09-27,Ligue1,Nimes,Lens,1459.06,1613.73,142.64,142.59,0.366103,D,A,
2020-09-27,SerieA,Verona,Udinese,1490.45,1500.0,180.33,200.0,0.548984,H,H,1.0
2020-09-27,EPL,Tottenham,Newcastle,1491.11,1481.3,165.05,168.45,0.575327,D,H,
2020-09-27,SerieA,Roma,Juventus,1509.55,1569.47,180.33,180.33,0.48762,D,A,
2020-09-27,SerieA,Crotone,Milan,1430.53,1569.47,180.33,180.33,0.390708,A,A,1.0
2020-09-28,EPL,Liverpool,Arsenal,1649.16,1623.06,165.05,168.45,0.595392,H,H,1.0
2020-09-28,EPL,Fulham,Aston Villa,1355.0,1554.67,165.05,181.13,0.321492,A,A,1.0
2020-09-28,SerieA,Bologna,Parma,1430.53,1411.42,180.33,180.33,0.585471,H,H,1.0
2020-09-29,LaLiga,Sociedad,Valencia,1564.66,1480.38,154.11,153.37,0.667083,A,H,0.0
2020-09-29,LaLiga,Getafe,Betis,1560.64,1548.03,165.6,155.8,0.580077,H,H,1.0
2020-09-30,LaLiga,Huesca,Ath Madrid,1436.0,1592.81,154.73,178.87,0.369427,D,A,
2020-09-30,LaLiga,Real Madrid,Valladolid,1610.73,1458.4,165.94,153.96,0.740095,H,H,1.0
2020-09-30,LaLiga,Eibar,Elche,1365.29,1408.34,152.88,178.69,0.508689,A,H,0.0
2020-09-30,SerieA,Benevento,Inter,1576.28,1584.07,179.15,179.15,0.552608,A,H,0.0
2020-09-30,SerieA,Udinese,Spezia,1427.79,1407.63,179.29,179.5,0.586842,A,H,0.0
2020-09-30,SerieA,Lazio,Atalanta,1592.37,1576.28,179.5,179.15,0.581943,A,H,0.0
2020-09-30,LaLiga,Villarreal,Alaves,1492.81,1398.46,153.3,156.85,0.677843,H,H,1.0
2020-10-01,LaLiga,Ath Bilbao,Cadiz,1508.18,1439.17,164.3,154.73,0.64906,A,H,0.0
2020-10-01,LaLiga,Sevilla,Levante,1592.69,1523.68,178.79,165.69,0.647111,H,H,1.0
2020-10-01,LaLiga,Celta,Barcelona,1566.59,1581.11,152.62,178.36,0.544322,A,H,0.0
2020-10-02,Bundesliga,Union Berlin,Mainz,1423.06,1350.84,165.05,165.05,0.650943,H,H,1.0
2020-10-02,Ligue1,Paris SG,Angers,1528.95,1537.12,135.54,135.48,0.555076,H,H,1.0
2020-10-02,SerieA,Fiorentina,Sampdoria,1499.82,1367.17,165.43,165.43,0.71726,A,H,0.0
2020-10-03,LaLiga,Sociedad,Getafe,1492.53,1611.26,144.54,152.84,0.411928,H,A,0.0
2020-10-03,LaLiga,Valencia,Betis,1551.85,1502.73,143.95,145.33,0.626703,A,H,0.0
2020-10-03,LaLiga,Elche,Huesca,1477.87,1449.79,162.4,145.22,0.600655,D,H,
2020-10-03,SerieA,Udinese,Roma,1348.61,1511.23,164.24,164.65,0.360176,A,A,1.0
2020-10-03,LaLiga,Valladolid,Eibar,1429.91,1313.15,145.83,143.07,0.705595,A,H,0.0
2020-10-03,Bundesliga,RB Leipzig,Schalke 04,1567.79,1350.84,164.65,165.05,0.795958,H,H,1.0
2020-10-03,Bundesliga,Werder Bremen,Bielefeld,1491.11,1554.25,165.05,166.42,0.483291,H,A,0.0
2020-10-03,Bundesliga,FC Koln,M'gladbach,1366.73,1418.9,166.42,165.05,0.497237,A,A,1.0
2020-10-03,Bundesliga,Ein Frankfurt,Hoffenheim,1584.12,1645.0,166.42,165.05,0.486141,H,A,0.0
2020-10-03,SerieA,Sassuolo,Crotone,1566.73,1377.18,165.68,165.32,0.772255,H,H,1.0
2020-10-03,LaLiga,Ath Madrid,Villarreal,1574.19,1527.29,163.65,144.11,0.624168,D,H,
2020-10-03,Bundesliga,Stuttgart,Leverkusen,1491.11,1511.23,165.05,164.65,0.538036,D,H,
2020-10-03,Bundesliga,Dortmund,Freiburg,1513.05,1564.08,165.05,166.42,0.498681,H,A,0.0
2020-10-03,Ligue1,Nice,Nantes,1478.79,1506.21,136.88,134.65,0.529849,H,H,1.0
2020-10-03,Ligue1,Lens,St Etienne,1601.04,1615.48,134.47,135.91,0.546843,H,H,1.0
2020-10-03,EPL,Chelsea,Crystal Palace,1496.71,1564.42,152.97,153.05,0.477086,H,A,0.0
2020-10-03,EPL,Everton,Brighton,1693.83,1435.67,155.31,156.92,0.830315,H,H,1.0
2020-10-03,EPL,Leeds,Man City,1535.71,1535.78,152.81,164.79,0.563326,D,H,
2020-10-03,EPL,Newcastle,Burnley,1490.61,1349.73,155.3,166.5,0.725413,H,H,1.0
2020-10-04,LaLiga,Levante,Real Madrid,1481.35,1643.26,154.26,155.57,0.359475,A,A,1.0
2020-10-04,LaLiga,Alaves,Ath Bilbao,1362.53,1430.15,146.94,152.54,0.4772,H,A,0.0
2020-10-04,LaLiga,Osasuna,Celta,1436.82,1510.89,154.42,142.92,0.468496,H,A,0.0
2020-10-04,EPL,Leicester,West Ham,1697.38,1449.58,154.31,155.48,0.823073,A,H,0.0
2020-10-04,EPL,Southampton,West Brom,1430.71,1389.64,154.22,155.54,0.615404,H,H,1.0
2020-10-04,EPL,Arsenal,Sheffield United,1573.24,1316.04,155.47,154.15,0.830404,H,H,1.0
2020-10-04,EPL,Wolves,Fulham,1427.67,1316.79,154.26,154.31,0.696712,H,H,1.0
2020-10-04,EPL,Man United,Tottenham,1517.26,1482.19,165.08,152.75,0.608412,A,H,0.0
2020-10-04,EPL,Aston Villa,Liverpool,1599.68,1697.18,166.62,152.91,0.438806,H,A,0.0
2020-10-04,SerieA,Benevento,Bologna,1502.03,1486.95,163.86,165.05,0.582206,H,H,1.0
2020-10-04,Bundesliga,Bayern Munich,Hertha,1513.05,1494.9,165.05,166.42,0.585861,H,H,1.0
2020-10-04,Bundesliga,Wolfsburg,Augsburg,1514.94,1645.0,166.42,165.05,0.399334,D,A,
2020-10-04,SerieA,Milan,Spezia,1622.82,1486.98,165.32,164.4,0.720798,H,H,1.0
2020-10-04,SerieA,Parma,Verona,1355.0,1550.5,165.05,165.53,0.322678,H,A,0.0
2020-10-04,SerieA,Lazio,Inter,1513.72,1658.32,164.34,163.86,0.381512,D,A,
2020-10-04,LaLiga,Cadiz,Granada,1508.7,1539.16,145.06,155.93,0.52519,D,H,
2020-10-04,LaLiga,Barcelona,Sevilla,1655.55,1641.14,162.26,164.16,0.581474,D,H,
2020-10-04,SerieA,Atalanta,Cagliari,1654.65,1433.27,164.09,165.68,0.799424,H,H,1.0
2020-10-04,Ligue1,Strasbourg,Lille,1368.33,1636.86,139.56,136.17,0.239624,A,A,1.0
2020-10-04,Ligue1,Rennes,Reims,1722.5,1297.75,134.09,134.82,0.925018,D,H,
2020-10-04,Ligue1,Metz,Lorient,1400.71,1394.11,137.1,134.07,0.574403,H,H,1.0
2020-10-04,Ligue1,Lyon,Marseille,1487.52,1530.45,134.41,136.04,0.509334,D,H,
2020-10-04,Ligue1,Bordeaux,Dijon,1511.68,1292.68,135.56,139.14,0.804798,H,H,1.0
2020-10-04,Ligue1,Brest,Monaco,1440.84,1597.35,134.19,136.52,0.362947,H,A,0.0
2020-10-04,Ligue1,Montpellier,Nimes,1589.5,1471.76,137.96,134.51,0.708483,A,H,0.0
2020-10-16,Ligue1,Dijon,Rennes,1274.25,1683.2,133.94,132.19,0.129497,D,A,
2020-10-16,Ligue1,Nimes,Paris SG,1533.25,1567.51,128.36,128.02,0.520984,A,H,0.0
2020-10-17,Bundesliga,Bielefeld,Bayern Munich,1492.19,1562.25,153.47,152.77,0.474049,A,A,1.0
2020-10-17,Bundesliga,Mainz,Leverkusen,1308.93,1515.72,153.45,152.14,0.307306,A,A,1.0
2020-10-17,LaLiga,Granada,Sevilla,1541.95,1650.79,144.7,151.92,0.424312,H,A,0.0
2020-10-17,Bundesliga,Hertha,Stuttgart,1444.96,1486.6,153.8,152.44,0.51083,A,H,0.0
2020-10-17,Bundesliga,Freiburg,Werder Bremen,1503.89,1552.23,153.45,152.44,0.502144,D,H,
2020-10-17,Bundesliga,Augsburg,RB Leipzig,1633.04,1593.19,152.9,156.25,0.613812,A,H,0.0
2020-10-17,SerieA,Napoli,Atalanta,1645.0,1679.48,165.05,155.88,0.520007,H,H,1.0
2020-10-17,Ligue1,Reims,Lorient,1337.52,1357.92,132.88,126.89,0.539432,A,H,0.0
2020-10-17,Ligue1,Marseille,Bordeaux,1531.27,1529.27,128.33,130.79,0.568681,H,H,1.0
2020-10-17,SerieA,Crotone,Juventus,1348.88,1567.79,156.15,164.65,0.29697,D,A,
2020-10-17,SerieA,Sampdoria,Lazio,1454.91,1527.78,154.92,152.44,0.47041,H,A,0.0
2020-10-17,SerieA,Inter,Milan,1644.34,1657.0,152.07,154.88,0.548084,A,H,0.0
2020-10-17,Bundesliga,M'gladbach,Wolfsburg,1477.71,1527.1,152.43,153.93,0.500783,D,H,
2020-10-17,LaLiga,Celta,Ath Madrid,1461.3,1559.28,134.41,151.42,0.438077,A,A,1.0
2020-10-17,Bundesliga,Hoffenheim,Dortmund,1584.22,1572.34,152.44,152.43,0.579487,A,H,0.0
2020-10-17,EPL,Everton,Liverpool,1713.25,1638.95,149.05,142.93,0.657374,D,H,
2020-10-17,LaLiga,Real Madrid,Cadiz,1682.54,1506.29,145.42,136.19,0.767722,A,H,0.0
2020-10-17,LaLiga,Getafe,Barcelona,1548.68,1646.14,142.51,150.47,0.438676,H,A,0.0
2020-10-17,EPL,Chelsea,Southampton,1551.71,1471.93,142.53,144.1,0.663604,D,H,
2020-10-17,EPL,Man City,Arsenal,1543.48,1592.75,152.02,149.15,0.500945,H,H,1.0
2020-10-17,EPL,Newcastle,Man United,1520.7,1443.87,146.75,152.6,0.658613,A,H,0.0
2020-10-18,Ligue1,Angers,Metz,1498.59,1438.44,127.97,129.37,0.642575,D,H,
2020-10-18,Ligue1,Monaco,Montpellier,1540.93,1524.86,129.29,131.27,0.586872,D,H,
2020-10-18,SerieA,Bologna,Sassuolo,1437.24,1595.15,152.67,156.44,0.364386,A,A,1.0
2020-10-18,SerieA,Spezia,Fiorentina,1453.13,1412.08,154.15,154.92,0.615471,D,H,
2020-10-18,Ligue1,St Etienne,Nice,1576.01,1520.24,128.28,129.05,0.637247,A,H,0.0
2020-10-18,Ligue1,Lille,Lens,1658.43,1639.74,130.55,127.11,0.590664,H,H,1.0
2020-10-18,SerieA,Torino,Cagliari,1367.17,1408.02,165.43,157.21,0.511791,A,H,0.0
2020-10-18,LaLiga,Betis,Sociedad,1564.07,1548.81,136.7,135.94,0.585387,A,H,0.0
2020-10-18,SerieA,Udinese,Parma,1305.79,1436.72,152.64,153.87,0.396844,H,A,0.0
2020-10-18,Ligue1,Strasbourg,Lyon,1345.77,1486.72,133.46,126.99,0.380933,A,A,1.0
2020-10-18,LaLiga,Huesca,Valladolid,1459.22,1359.46,136.76,138.02,0.687761,D,H,
2020-10-18,Ligue1,Nantes,Brest,1466.02,1495.42,127.24,127.36,0.527461,H,H,1.0
2020-10-18,LaLiga,Villarreal,Valencia,1538.75,1491.63,136.03,135.58,0.625641,H,H,1.0
2020-10-18,SerieA,Roma,Benevento,1554.24,1551.1,152.96,151.76,0.56847,H,H,1.0
2020-10-18,EPL,Sheffield United,Fulham,1296.82,1283.75,148.0,145.17,0.581695,D,H,
2020-10-18,EPL,Crystal Palace,Brighton,1509.37,1415.9,142.59,150.44,0.678152,D,H,
2020-10-18,EPL,Tottenham,West Ham,1545.51,1544.03,143.06,148.96,0.56658,D,H,
2020-10-18,EPL,Leicester,Aston Villa,1604.37,1668.09,147.95,153.42,0.482256,A,A,1.0
2020-10-18,Bundesliga,FC Koln,Ein Frankfurt,1307.02,1645.83,153.45,153.46,0.183222,D,A,
2020-10-18,Bundesliga,Schalke 04,Union Berlin,1325.33,1464.97,156.58,153.45,0.386066,D,A,
2020-10-18,LaLiga,Ath Bilbao,Levante,1375.11,1442.67,142.03,144.38,0.477043,H,A,0.0
2020-10-18,LaLiga,Eibar,Osasuna,1381.01,1494.17,135.74,143.46,0.418024,D,A,
2020-10-18,LaLiga,Alaves,Elche,1413.86,1465.99,137.65,150.22,0.497222,A,A,1.0
2020-10-19,SerieA,Verona,Genoa,1468.33,1513.05,154.24,165.05,0.50673,D,H,
2020-10-19,EPL,West Brom,Burnley,1347.78,1315.68,145.13,155.78,0.604357,D,H,
2020-10-19,EPL,Leeds,Wolves,1529.12,1460.69,142.82,145.13,0.650037,A,H,0.0
2020-10-23,Ligue1,Rennes,Angers,1650.55,1487.29,129.05,122.01,0.75856,A,H,0.0
2020-10-23,LaLiga,Elche,Valencia,1517.36,1458.98,139.95,128.43,0.640539,H,H,1.0
2020-10-23,Bundesliga,Stuttgart,FC Koln,1539.97,1342.45,142.11,147.0,0.784354,D,H,
2020-10-23,SerieA,Sassuolo,Torino,1635.34,1305.9,146.04,152.45,0.877197,D,H,
2020-10-23,EPL,Aston Villa,Leeds,1719.29,1467.31,142.76,134.86,0.831757,A,H,0.0
2020-10-24,SerieA,Atalanta,Sampdoria,1627.88,1511.89,145.16,144.09,0.704534,A,H,0.0
2020-10-24,SerieA,Genoa,Inter,1513.86,1587.31,152.07,141.92,0.469268,A,A,1.0
2020-10-24,SerieA,Lazio,Bologna,1472.5,1398.79,142.16,143.06,0.656661,H,H,1.0
2020-10-24,EPL,Liverpool,Sheffield United,1653.79,1288.62,135.09,138.57,0.899142,H,H,1.0
2020-10-24,LaLiga,Ath Madrid,Betis,1605.26,1512.49,140.99,129.12,0.68146,H,H,1.0
2020-10-24,LaLiga,Sevilla,Eibar,1590.26,1388.09,141.69,128.42,0.793184,A,H,0.0
2020-10-24,EPL,Man United,Chelsea,1514.33,1536.17,143.07,134.74,0.537194,D,H,
2020-10-24,EPL,Fulham,Crystal Palace,1291.63,1492.48,136.32,135.07,0.310426,A,A,1.0
2020-10-24,EPL,West Ham,Man City,1550.84,1595.58,139.22,141.65,0.506907,D,H,
2020-10-24,LaLiga,Barcelona,Real Madrid,1588.04,1604.56,140.4,138.64,0.543985,A,H,0.0
2020-10-24,Bundesliga,RB Leipzig,Hertha,1660.69,1390.71,145.66,143.16,0.842501,H,H,1.0
2020-10-24,Bundesliga,Union Berlin,Freiburg,1452.92,1503.66,143.48,142.88,0.499032,D,A,
2020-10-24,Ligue1,Paris SG,Dijon,1608.52,1307.82,121.53,130.65,0.865861,H,H,1.0
2020-10-24,LaLiga,Osasuna,Ath Bilbao,1486.24,1423.86,134.68,133.47,0.644659,H,H,1.0
2020-10-24,Bundesliga,Bayern Munich,Ein Frankfurt,1611.98,1610.41,142.38,147.0,0.566865,H,H,1.0
2020-10-24,Bundesliga,Mainz,M'gladbach,1275.74,1477.63,144.35,142.1,0.310663,A,A,1.0
2020-10-24,Bundesliga,Dortmund,Schalke 04,1633.15,1337.89,142.3,145.94,0.858564,H,H,1.0
2020-10-24,Ligue1,Lorient,Marseille,1399.55,1565.36,120.66,121.93,0.349388,A,A,1.0
2020-10-25,Ligue1,Metz,St Etienne,1450.0,1525.29,123.19,122.23,0.466118,H,A,0.0
2020-10-25,SerieA,Fiorentina,Udinese,1424.58,1369.3,144.63,142.68,0.63462,H,H,1.0
2020-10-25,SerieA,Parma,Spezia,1372.24,1440.76,143.64,144.02,0.475772,D,A,
2020-10-25,SerieA,Benevento,Napoli,1506.21,1702.32,141.71,152.14,0.319205,A,A,1.0
2020-10-25,SerieA,Cagliari,Crotone,1463.77,1371.27,146.22,147.02,0.677731,H,H,1.0
2020-10-25,LaLiga,Cadiz,Villarreal,1574.66,1571.59,130.73,128.8,0.570234,D,H,
2020-10-25,Ligue1,Bordeaux,Nimes,1493.94,1492.03,123.98,121.81,0.569235,H,H,1.0
2020-10-25,Ligue1,Brest,Strasbourg,1458.51,1313.25,120.96,126.46,0.739458,A,H,0.0
2020-10-25,Ligue1,Montpellier,Reims,1532.05,1292.06,124.47,125.62,0.824999,A,H,0.0
2020-10-25,Ligue1,Nice,Lille,1571.55,1691.95,122.88,123.85,0.406812,D,A,
2020-10-25,Ligue1,Lyon,Monaco,1516.39,1533.96,121.07,122.82,0.543366,H,H,1.0
2020-10-25,EPL,Southampton,Everton,1487.84,1697.07,136.03,140.05,0.302044,H,A,0.0
2020-10-25,LaLiga,Getafe,Granada,1601.1,1597.15,134.09,135.98,0.570813,A,H,0.0
2020-10-25,SerieA,Juventus,Verona,1542.78,1467.62,153.81,143.82,0.658233,D,H,
2020-10-25,LaLiga,Sociedad,Huesca,1599.84,1442.48,128.49,130.05,0.750896,H,H,1.0
2020-10-25,EPL,Wolves,Newcastle,1524.45,1455.38,136.73,138.36,0.651938,D,H,
2020-10-25,EPL,Arsenal,Leicester,1542.46,1556.51,139.41,138.48,0.547231,A,H,0.0
2020-10-25,Bundesliga,Wolfsburg,Bielefeld,1527.19,1442.03,143.26,142.93,0.670079,H,H,1.0
2020-10-25,Bundesliga,Werder Bremen,Hoffenheim,1552.46,1523.4,142.1,142.31,0.602219,D,H,
2020-10-25,LaLiga,Valladolid,Alaves,1376.52,1370.24,131.1,129.94,0.574331,A,H,0.0
2020-10-26,LaLiga,Levante,Celta,1392.39,1424.43,135.34,127.36,0.523943,D,H,
2020-10-26,Bundesliga,Leverkusen,Augsburg,1548.4,1568.28,143.29,143.03,0.539389,H,H,1.0
2020-10-26,SerieA,Milan,Roma,1716.02,1599.78,144.1,142.65,0.705114,D,H,
2020-10-26,EPL,Burnley,Tottenham,1327.3,1539.24,145.01,134.53,0.2979,A,A,1.0
2020-10-26,EPL,Brighton,West Brom,1434.76,1337.73,141.48,136.59,0.684936,D,H,
2020-10-30,Bundesliga,Schalke 04,Stuttgart,1323.16,1512.42,141.37,136.27,0.323929,D,A,
2020-10-30,LaLiga,Eibar,Cadiz,1452.07,1568.92,124.21,123.94,0.411422,A,A,1.0
2020-10-30,EPL,Wolves,Crystal Palace,1510.99,1519.63,129.66,128.6,0.554885,H,H,1.0
2020-10-31,EPL,Sheffield United,Man City,1278.87,1596.22,135.7,133.04,0.195004,A,A,1.0
2020-10-31,SerieA,Inter,Parma,1630.73,1374.54,133.54,134.78,0.83487,D,H,
2020-10-31,SerieA,Bologna,Cagliari,1365.93,1495.8,135.07,138.04,0.396248,H,A,0.0
2020-10-31,EPL,Burnley,Chelsea,1297.64,1539.3,137.14,127.43,0.264478,A,A,1.0
2020-10-31,EPL,Liverpool,West Ham,1663.12,1550.22,132.46,131.09,0.703871,H,H,1.0
2020-10-31,SerieA,Crotone,Atalanta,1338.91,1558.19,138.69,137.46,0.290465,A,A,1.0
2020-10-31,LaLiga,Ath Bilbao,Sevilla,1393.61,1512.25,126.78,135.83,0.410275,H,A,0.0
2020-10-31,Ligue1,Nantes,Paris SG,1502.86,1618.64,120.86,119.1,0.412359,A,A,1.0
2020-10-31,Bundesliga,M'gladbach,RB Leipzig,1507.16,1677.02,134.68,140.67,0.347503,H,A,0.0
2020-10-31,Bundesliga,FC Koln,Bayern Munich,1372.02,1652.52,140.46,133.94,0.227742,A,A,1.0
2020-10-31,Bundesliga,Ein Frankfurt,Werder Bremen,1567.41,1542.85,137.62,133.8,0.59749,D,H,
2020-10-31,Bundesliga,Bielefeld,Dortmund,1410.45,1647.24,135.13,138.1,0.271945,A,A,1.0
2020-10-31,Bundesliga,Augsburg,Mainz,1524.75,1245.35,134.3,136.54,0.85067,H,H,1.0
2020-10-31,LaLiga,Alaves,Barcelona,1416.65,1538.05,123.32,132.06,0.406344,D,A,
2020-10-31,LaLiga,Osasuna,Ath Madrid,1516.99,1635.45,127.79,133.4,0.410255,A,A,1.0
2020-10-31,LaLiga,Real Madrid,Huesca,1653.37,1421.78,130.64,124.94,0.818592,H,H,1.0
2020-10-31,Ligue1,Rennes,Brest,1587.84,1404.65,124.09,116.77,0.778806,H,H,1.0
2020-11-01,EPL,Newcastle,Everton,1469.18,1631.8,131.01,132.94,0.354963,H,A,0.0
2020-11-01,Bundesliga,Hertha,Wolfsburg,1374.87,1558.9,138.45,135.4,0.329853,D,A,
2020-11-01,Bundesliga,Freiburg,Leverkusen,1503.57,1592.08,134.13,134.51,0.449198,A,A,1.0
2020-11-01,EPL,Aston Villa,Southampton,1635.81,1549.48,137.72,129.57,0.673884,A,H,0.0
2020-11-01,EPL,Man United,Arsenal,1510.78,1492.78,134.15,131.25,0.589366,A,H,0.0
2020-11-01,Ligue1,Nimes,Metz,1460.81,1489.47,116.3,117.36,0.528749,A,H,0.0
2020-11-01,LaLiga,Betis,Elche,1486.8,1550.79,123.45,132.08,0.48144,H,A,0.0
2020-11-01,LaLiga,Celta,Sociedad,1426.27,1620.09,121.07,123.59,0.316323,A,A,1.0
2020-11-01,LaLiga,Granada,Levante,1647.02,1390.31,128.42,127.65,0.837044,D,H,
2020-11-01,LaLiga,Valencia,Getafe,1430.46,1552.54,122.52,126.87,0.40494,D,A,
2020-11-01,Ligue1,Lille,Lyon,1684.97,1549.1,118.12,115.58,0.731939,D,H,
2020-11-01,Ligue1,Monaco,Bordeaux,1500.35,1526.21,117.06,118.12,0.532478,H,H,1.0
2020-11-01,Ligue1,Reims,Strasbourg,1357.94,1372.08,122.1,121.58,0.547996,H,H,1.0
2020-11-01,EPL,Tottenham,Brighton,1565.1,1417.23,128.39,133.98,0.740436,H,H,1.0
2020-11-01,Ligue1,Dijon,Lorient,1296.3,1374.45,127.5,115.68,0.462037,D,A,
2020-11-01,Ligue1,Angers,Nice,1543.36,1578.42,117.92,117.3,0.520145,A,H,0.0
2020-11-01,Ligue1,St Etienne,Montpellier,1486.4,1467.38,116.56,121.07,0.591669,A,H,0.0
2020-11-01,SerieA,Udinese,Milan,1334.65,1695.96,134.58,136.56,0.161888,A,A,1.0
2020-11-01,SerieA,Torino,Lazio,1349.17,1504.98,147.88,134.34,0.363484,A,A,1.0
2020-11-01,SerieA,Napoli,Sassuolo,1736.31,1595.89,142.9,142.07,0.730923,A,H,0.0
2020-11-01,SerieA,Roma,Fiorentina,1619.42,1460.11,135.35,136.17,0.751389,H,H,1.0
2020-11-01,SerieA,Sampdoria,Genoa,1580.58,1464.51,136.58,141.56,0.705169,D,H,
2020-11-01,SerieA,Spezia,Juventus,1438.44,1525.6,135.09,143.97,0.451515,A,A,1.0
2020-11-02,Bundesliga,Hoffenheim,Union Berlin,1533.04,1453.01,133.98,134.61,0.665586,A,H,0.0
2020-11-02,SerieA,Verona,Benevento,1482.57,1476.32,135.92,134.39,0.573914,H,H,1.0
2020-11-02,EPL,Leeds,Leicester,1541.62,1605.56,130.7,130.5,0.481468,A,A,1.0
2020-11-02,EPL,Fulham,West Brom,1264.03,1354.04,129.65,129.91,0.446969,H,A,0.0
2020-11-02,LaLiga,Villarreal,Valladolid,1577.17,1329.31,122.34,124.29,0.831319,H,H,1.0
2020-11-04,SerieA,Genoa,Torino,1484.16,1312.15,134.33,138.69,0.763089,A,H,0.0
2020-11-06,EPL,Southampton,Newcastle,1603.78,1522.35,123.74,124.67,0.668972,H,H,1.0
2020-11-06,EPL,Brighton,Burnley,1394.59,1273.47,128.23,130.85,0.712938,D,H,
2020-11-06,Ligue1,Strasbourg,Marseille,1339.42,1590.96,116.02,116.77,0.252026,A,A,1.0
2020-11-06,SerieA,Sassuolo,Udinese,1665.94,1320.08,135.23,130.56,0.891407,D,H,
2020-11-06,Bundesliga,Werder Bremen,FC Koln,1551.09,1350.22,126.78,134.42,0.790555,D,H,
2020-11-06,LaLiga,Elche,Celta,1507.44,1403.34,124.87,116.31,0.696817,D,H,
2020-11-07,EPL,Chelsea,Sheffield United,1560.43,1261.16,122.52,130.86,0.864921,H,H,1.0
2020-11-07,EPL,Crystal Palace,Leeds,1484.3,1502.37,122.1,123.81,0.542663,H,H,1.0
2020-11-07,EPL,Everton,Man United,1577.09,1460.32,126.29,126.93,0.70898,A,H,0.0
2020-11-07,EPL,West Ham,Fulham,1525.53,1308.54,125.29,122.99,0.807162,H,H,1.0
2020-11-07,Bundesliga,Mainz,Schalke 04,1231.5,1339.81,132.59,133.77,0.423366,D,A,
2020-11-07,Ligue1,Paris SG,Rennes,1647.45,1605.02,113.99,119.95,0.621808,H,H,1.0
2020-11-07,Ligue1,Bordeaux,Montpellier,1494.02,1510.14,112.96,115.66,0.545641,A,H,0.0
2020-11-07,SerieA,Cagliari,Sampdoria,1441.52,1562.33,130.32,130.16,0.406911,H,A,0.0
2020-11-07,SerieA,Benevento,Spezia,1439.9,1399.86,127.14,127.76,0.617834,A,H,0.0
2020-11-07,LaLiga,Huesca,Eibar,1407.45,1421.16,121.41,118.42,0.548729,D,H,
2020-11-07,LaLiga,Barcelona,Betis,1530.12,1524.94,125.09,117.7,0.573857,H,H,1.0
2020-11-07,LaLiga,Sevilla,Osasuna,1460.36,1484.84,128.27,121.6,0.534209,H,H,1.0
2020-11-07,LaLiga,Ath Madrid,Cadiz,1670.29,1599.7,126.25,118.19,0.657005,H,H,1.0
2020-11-07,Bundesliga,Augsburg,Hertha,1538.2,1390.37,130.57,131.24,0.741017,A,H,0.0
2020-11-07,SerieA,Parma,Fiorentina,1404.86,1437.78,130.64,130.36,0.522702,D,H,
2020-11-07,Bundesliga,Dortmund,Bayern Munich,1672.13,1672.52,131.69,128.78,0.565702,A,H,0.0
2020-11-07,Bundesliga,Union Berlin,Bielefeld,1510.72,1386.54,127.92,129.16,0.716625,H,H,1.0
2020-11-07,Bundesliga,Stuttgart,Ein Frankfurt,1496.99,1558.69,129.54,129.92,0.484438,D,A,
2020-11-07,Bundesliga,RB Leipzig,Freiburg,1615.91,1465.33,132.91,126.81,0.744819,H,H,1.0
2020-11-08,LaLiga,Getafe,Villarreal,1545.08,1590.01,120.69,119.22,0.506828,A,H,0.0
2020-11-08,LaLiga,Valladolid,Ath Bilbao,1316.1,1439.08,120.99,120.77,0.403161,H,A,0.0
2020-11-08,LaLiga,Valencia,Real Madrid,1437.41,1668.91,117.04,126.52,0.274968,H,A,0.0
2020-11-08,Bundesliga,Leverkusen,M'gladbach,1630.53,1563.32,127.12,127.97,0.651377,H,H,1.0
2020-11-08,Bundesliga,Wolfsburg,Hoffenheim,1544.09,1475.85,128.71,127.4,0.652722,H,H,1.0
2020-11-08,LaLiga,Levante,Alaves,1418.0,1423.54,124.18,117.78,0.559638,D,H,
2020-11-08,LaLiga,Sociedad,Granada,1643.91,1618.98,118.47,124.88,0.598933,H,H,1.0
2020-11-08,Ligue1,Lens,Reims,1607.85,1390.86,120.98,116.46,0.808697,D,H,
2020-11-08,EPL,West Brom,Tottenham,1309.34,1586.04,123.21,123.4,0.228797,A,A,1.0
2020-11-08,Ligue1,Lorient,Nantes,1371.99,1473.24,110.97,115.49,0.431183,A,A,1.0
2020-11-08,Ligue1,Metz,Dijon,1525.48,1299.3,112.3,120.94,0.815211,D,H,
2020-11-08,Ligue1,Nimes,Angers,1425.42,1507.67,111.39,112.78,0.456412,A,A,1.0
2020-11-08,Ligue1,Nice,Monaco,1613.75,1531.99,112.25,112.06,0.671423,A,H,0.0
2020-11-08,Ligue1,Lyon,St Etienne,1564.7,1446.66,111.83,111.81,0.713339,H,H,1.0
2020-11-08,SerieA,Atalanta,Inter,1584.44,1600.99,130.92,129.53,0.544405,D,H,
2020-11-08,SerieA,Genoa,Roma,1417.27,1641.51,128.99,129.66,0.283427,A,A,1.0
2020-11-08,SerieA,Torino,Crotone,1383.45,1312.23,132.74,131.95,0.655577,D,H,
2020-11-08,SerieA,Bologna,Napoli,1418.0,1665.45,127.89,135.92,0.260446,A,A,1.0
2020-11-08,SerieA,Milan,Verona,1710.92,1519.76,132.33,128.39,0.783403,D,H,
2020-11-08,Ligue1,Brest,Lille,1389.29,1668.66,113.42,114.07,0.224178,H,A,0.0
2020-11-08,SerieA,Lazio,Juventus,1536.02,1569.05,127.65,134.93,0.522435,D,H,
2020-11-08,EPL,Leicester,Wolves,1644.7,1546.87,123.65,122.98,0.688425,H,H,1.0
2020-11-08,EPL,Man City,Liverpool,1613.31,1688.29,128.51,126.46,0.466687,D,A,
2020-11-08,EPL,Arsenal,Aston Villa,1541.17,1574.64,124.54,130.57,0.521966,A,H,0.0
2020-11-20,Ligue1,Rennes,Bordeaux,1578.09,1459.31,114.81,108.5,0.714767,A,H,0.0
2020-11-20,Ligue1,Monaco,Paris SG,1574.6,1671.92,108.19,109.68,0.436036,H,A,0.0
2020-11-20,LaLiga,Osasuna,Huesca,1451.36,1403.93,116.08,115.83,0.628643,D,H,
2020-11-21,Bundesliga,Schalke 04,Wolfsburg,1333.29,1571.99,126.57,122.69,0.266546,A,A,1.0
2020-11-21,Bundesliga,Hertha,Dortmund,1452.81,1625.23,125.87,124.72,0.341809,A,A,1.0
2020-11-21,Bundesliga,Ein Frankfurt,RB Leipzig,1557.43,1638.01,123.14,127.33,0.459297,D,A,
2020-11-21,SerieA,Crotone,Lazio,1325.23,1534.27,125.56,121.31,0.298517,A,A,1.0
2020-11-21,Bundesliga,M'gladbach,Augsburg,1535.61,1476.39,122.05,125.29,0.642046,D,H,
2020-11-21,Bundesliga,Hoffenheim,Stuttgart,1448.47,1498.24,121.59,122.83,0.500314,D,H,
2020-11-21,Bundesliga,Bielefeld,Leverkusen,1363.42,1657.9,123.72,121.33,0.211931,A,A,1.0
2020-11-21,Bundesliga,Bayern Munich,Werder Bremen,1717.46,1527.93,122.32,122.69,0.783277,D,H,
2020-11-21,EPL,Man United,West Brom,1516.42,1291.94,121.68,119.12,0.814263,H,H,1.0
2020-11-21,EPL,Tottenham,Man City,1603.5,1615.95,119.29,121.93,0.550216,H,H,1.0
2020-11-21,LaLiga,Ath Madrid,Barcelona,1697.14,1562.68,120.51,119.03,0.729739,H,H,1.0
2020-11-21,LaLiga,Villarreal,Real Madrid,1625.37,1611.08,113.93,121.42,0.585486,D,H,
2020-11-21,LaLiga,Levante,Elche,1413.5,1492.22,118.21,119.65,0.461438,D,A,
2020-11-21,Ligue1,Brest,St Etienne,1440.39,1428.43,110.31,108.26,0.583545,H,H,1.0
2020-11-21,EPL,Aston Villa,Brighton,1617.36,1377.49,123.62,122.9,0.82557,A,H,0.0
2020-11-21,EPL,Newcastle,Chelsea,1497.11,1570.77,119.31,120.0,0.468229,A,A,1.0
2020-11-21,SerieA,Juventus,Cagliari,1571.0,1489.81,127.31,123.72,0.668839,H,H,1.0
2020-11-21,SerieA,Spezia,Atalanta,1448.66,1580.81,121.64,124.03,0.39174,D,A,
2020-11-21,LaLiga,Sevilla,Celta,1497.38,1416.5,121.66,112.22,0.670349,H,H,1.0
2020-11-22,LaLiga,Eibar,Getafe,1424.51,1508.88,113.3,115.18,0.453677,D,A,
2020-11-22,LaLiga,Cadiz,Sociedad,1575.95,1671.58,113.61,113.54,0.43854,A,A,1.0
2020-11-22,LaLiga,Granada,Valladolid,1588.44,1359.01,118.97,115.65,0.819067,A,H,0.0
2020-11-22,LaLiga,Alaves,Valencia,1427.58,1486.99,112.8,113.14,0.487259,D,A,
2020-11-22,EPL,Sheffield United,West Ham,1249.52,1540.79,127.67,121.5,0.214864,A,A,1.0
2020-11-22,EPL,Fulham,Everton,1293.79,1521.55,119.43,121.13,0.277857,A,A,1.0
2020-11-22,SerieA,Fiorentina,Benevento,1439.62,1391.56,123.54,121.11,0.628762,A,H,0.0
2020-11-22,EPL,Liverpool,Leicester,1685.73,1668.2,120.23,118.58,0.58996,H,H,1.0
2020-11-22,EPL,Leeds,Arsenal,1468.24,1502.12,117.91,118.61,0.521696,D,H,
2020-11-22,Bundesliga,FC Koln,Union Berlin,1376.38,1533.43,129.42,122.66,0.360253,A,A,1.0
2020-11-22,Ligue1,Nantes,Metz,1501.91,1505.06,110.7,109.78,0.56333,D,H,
2020-11-22,Ligue1,Dijon,Lens,1323.1,1584.8,117.64,117.58,0.242003,A,A,1.0
2020-11-22,Ligue1,Montpellier,Strasbourg,1546.46,1322.25,110.81,112.37,0.815591,H,H,1.0
2020-11-22,Ligue1,Reims,Nimes,1412.16,1397.05,113.5,107.09,0.5878,A,H,0.0
2020-11-22,Ligue1,Angers,Lyon,1536.72,1582.94,108.3,108.28,0.50515,A,H,0.0
2020-11-22,Ligue1,Lille,Lorient,1616.97,1345.4,110.9,106.81,0.852345,H,H,1.0
2020-11-22,SerieA,Napoli,Milan,1688.73,1686.38,129.89,127.44,0.569382,A,H,0.0
2020-11-22,SerieA,Verona,Sassuolo,1542.8,1629.48,123.97,132.34,0.451476,A,A,1.0
2020-11-22,SerieA,Udinese,Genoa,1353.91,1394.23,128.01,123.59,0.512971,H,H,1.0
2020-11-22,SerieA,Sampdoria,Bologna,1514.15,1397.18,123.58,122.98,0.709998,A,H,0.0
2020-11-22,SerieA,Roma,Parma,1664.78,1403.01,124.17,123.77,0.84163,H,H,1.0
2020-11-22,SerieA,Inter,Torino,1604.55,1370.29,122.88,126.22,0.820391,H,H,1.0
2020-11-22,Bundesliga,Freiburg,Mainz,1445.06,1237.91,122.05,125.6,0.798195,A,H,0.0
2020-11-23,EPL,Burnley,Crystal Palace,1291.3,1517.54,125.15,116.48,0.278569,H,A,0.0
2020-11-23,LaLiga,Ath Bilbao,Betis,1396.32,1495.9,115.47,112.78,0.433225,H,A,0.0
2020-11-23,EPL,Wolves,Southampton,1523.61,1628.67,118.01,118.52,0.426367,D,A,
2020-11-25,Ligue1,Lens,Nantes,1601.73,1498.01,113.89,106.51,0.698108,D,H,
2020-11-27,LaLiga,Valladolid,Levante,1415.16,1416.16,112.89,113.08,0.565992,D,H,
2020-11-27,Bundesliga,Wolfsburg,Werder Bremen,1591.95,1549.39,118.23,118.81,0.62212,H,H,1.0
2020-11-27,Ligue1,Strasbourg,Rennes,1310.2,1530.23,109.8,110.92,0.284294,D,A,
2020-11-27,EPL,Crystal Palace,Newcastle,1468.74,1464.37,112.58,114.02,0.57305,A,H,0.0
2020-11-28,Bundesliga,Union Berlin,Ein Frankfurt,1559.95,1560.43,117.42,117.4,0.566391,D,H,
2020-11-28,Bundesliga,M'gladbach,Schalke 04,1525.24,1312.14,116.86,121.61,0.804224,H,H,1.0
2020-11-28,LaLiga,Valencia,Ath Madrid,1486.18,1716.79,108.59,116.2,0.273791,A,A,1.0
2020-11-28,LaLiga,Huesca,Sevilla,1412.53,1521.68,111.29,116.59,0.420835,A,A,1.0
2020-11-28,EPL,Brighton,Liverpool,1440.79,1714.91,119.63,114.95,0.229345,D,A,
2020-11-28,EPL,Man City,Burnley,1583.22,1347.53,116.29,120.15,0.82297,H,H,1.0
2020-11-28,EPL,Everton,Leeds,1541.88,1466.76,116.67,112.79,0.663322,A,H,0.0
2020-11-28,EPL,West Brom,Sheffield United,1278.48,1231.99,116.0,123.27,0.626509,H,H,1.0
2020-11-28,LaLiga,Elche,Cadiz,1489.5,1547.7,114.3,109.07,0.488858,D,A,
2020-11-28,Ligue1,Paris SG,Bordeaux,1637.68,1502.12,105.6,105.32,0.733617,D,H,
2020-11-28,Ligue1,Marseille,Nantes,1608.35,1509.4,113.04,103.41,0.693097,H,H,1.0
2020-11-28,Bundesliga,Augsburg,Freiburg,1487.33,1385.16,119.62,118.46,0.694227,D,H,
2020-11-28,SerieA,Benevento,Juventus,1436.84,1597.23,115.95,121.58,0.355979,D,A,
2020-11-28,SerieA,Sassuolo,Inter,1667.32,1618.27,125.14,119.56,0.630203,A,H,0.0
2020-11-28,Bundesliga,Dortmund,FC Koln,1651.25,1347.08,119.29,123.14,0.869771,A,H,0.0
2020-11-28,Bundesliga,RB Leipzig,Bielefeld,1634.8,1347.09,120.9,119.79,0.860225,H,H,1.0
2020-11-28,Bundesliga,Stuttgart,Bayern Munich,1498.26,1696.13,117.03,118.48,0.310728,A,A,1.0
2020-11-28,LaLiga,Real Madrid,Alaves,1617.34,1428.39,115.9,108.3,0.785973,A,H,0.0
2020-11-28,SerieA,Atalanta,Verona,1572.65,1509.32,118.33,118.19,0.648119,A,H,0.0
2020-11-29,Ligue1,Lyon,Reims,1612.85,1374.1,104.3,108.99,0.827906,H,H,1.0
2020-11-29,Ligue1,Lorient,Montpellier,1336.5,1558.2,105.08,108.37,0.28198,A,A,1.0
2020-11-29,Ligue1,Metz,Brest,1508.9,1465.97,105.71,106.21,0.624087,A,H,0.0
2020-11-29,Ligue1,Monaco,Nimes,1607.95,1431.07,104.3,103.43,0.775721,H,H,1.0
2020-11-29,Ligue1,Nice,Dijon,1571.0,1306.16,108.35,113.94,0.846101,A,H,0.0
2020-11-29,Ligue1,St Etienne,Lille,1403.75,1626.52,104.42,108.89,0.280903,D,A,
2020-11-29,Ligue1,Lens,Angers,1588.67,1506.79,109.95,104.32,0.672759,A,H,0.0
2020-11-29,SerieA,Napoli,Roma,1642.6,1677.21,123.21,121.06,0.520658,H,H,1.0
2020-11-29,LaLiga,Getafe,Ath Bilbao,1505.82,1433.96,110.4,110.7,0.659665,D,H,
2020-11-29,LaLiga,Celta,Granada,1395.6,1528.98,108.39,115.9,0.389253,H,A,0.0
2020-11-29,LaLiga,Sociedad,Villarreal,1699.8,1619.86,109.01,109.5,0.669635,D,H,
2020-11-29,EPL,Chelsea,Tottenham,1603.87,1634.91,114.6,114.06,0.525639,D,H,
2020-11-29,EPL,Southampton,Man United,1623.57,1530.43,113.41,118.32,0.68382,A,H,0.0
2020-11-29,LaLiga,Barcelona,Osasuna,1543.48,1442.71,114.9,111.5,0.693843,H,H,1.0
2020-11-29,EPL,Arsenal,Wolves,1503.63,1528.67,113.38,112.98,0.533758,A,H,0.0
2020-11-29,SerieA,Cagliari,Spezia,1464.94,1456.51,118.52,116.3,0.578244,D,H,
2020-11-29,SerieA,Milan,Fiorentina,1730.86,1392.57,121.17,118.02,0.890239,H,H,1.0
2020-11-29,SerieA,Bologna,Crotone,1450.34,1302.0,118.21,120.35,0.743947,H,H,1.0
2020-11-29,SerieA,Lazio,Udinese,1556.06,1392.4,116.68,121.44,0.759077,A,H,0.0
2020-11-29,Bundesliga,Leverkusen,Hertha,1673.66,1426.35,117.66,120.27,0.831871,D,H,
2020-11-29,Bundesliga,Mainz,Hoffenheim,1301.37,1448.45,121.64,115.98,0.371822,D,A,
2020-11-30,EPL,West Ham,Aston Villa,1556.8,1553.3,117.79,120.29,0.571447,H,H,1.0
2020-11-30,EPL,Leicester,Fulham,1639.76,1273.98,113.54,115.19,0.904471,A,H,0.0
2020-11-30,SerieA,Torino,Sampdoria,1355.89,1460.48,122.57,118.73,0.427003,D,A,
2020-11-30,LaLiga,Betis,Eibar,1459.93,1427.48,108.38,108.79,0.610316,A,H,0.0
2020-11-30,SerieA,Genoa,Parma,1358.2,1390.65,117.76,120.7,0.523574,A,H,0.0
2020-12-04,LaLiga,Ath Bilbao,Celta,1443.88,1431.75,106.9,104.67,0.584038,A,H,0.0
2020-12-04,Ligue1,Nimes,Marseille,1418.52,1628.34,101.15,109.13,0.295396,A,A,1.0
2020-12-04,Bundesliga,Hertha,Union Berlin,1451.02,1555.42,117.3,112.43,0.426792,H,A,0.0
2020-12-05,SerieA,Spezia,Lazio,1461.74,1503.89,111.51,113.12,0.510626,A,H,0.0
2020-12-05,EPL,Burnley,Everton,1334.5,1496.63,117.05,112.19,0.352504,D,A,
2020-12-05,EPL,Man City,Fulham,1595.49,1337.38,113.54,113.75,0.841341,H,H,1.0
2020-12-05,EPL,West Ham,Man United,1586.13,1578.45,112.8,113.8,0.577438,A,H,0.0
2020-12-05,SerieA,Inter,Bologna,1662.52,1468.34,114.63,114.32,0.789403,H,H,1.0
2020-12-05,Bundesliga,Bayern Munich,RB Leipzig,1717.91,1645.34,114.02,118.36,0.659374,D,H,
2020-12-05,Bundesliga,Freiburg,M'gladbach,1398.74,1538.86,114.07,113.82,0.380392,D,A,
2020-12-05,Bundesliga,FC Koln,Wolfsburg,1415.26,1618.11,120.61,113.37,0.304082,D,A,
2020-12-05,Bundesliga,Ein Frankfurt,Dortmund,1564.95,1587.36,112.41,117.05,0.537151,D,H,
2020-12-05,EPL,Chelsea,Leeds,1602.2,1509.11,109.88,108.81,0.685362,H,H,1.0
2020-12-05,Bundesliga,Bielefeld,Mainz,1336.73,1310.74,117.33,116.32,0.601165,H,H,1.0
2020-12-05,SerieA,Juventus,Torino,1586.64,1361.26,116.37,116.89,0.815511,H,H,1.0
2020-12-05,Ligue1,Montpellier,Paris SG,1575.2,1624.2,105.18,102.79,0.501365,A,H,0.0
2020-12-05,LaLiga,Cadiz,Barcelona,1547.04,1563.89,105.05,110.85,0.544875,H,H,1.0
2020-12-05,Ligue1,Rennes,Lens,1516.67,1547.16,107.47,106.26,0.526586,A,H,0.0
2020-12-05,LaLiga,Sevilla,Real Madrid,1550.15,1563.07,111.69,112.63,0.550087,A,H,0.0
2020-12-05,LaLiga,Levante,Getafe,1420.38,1495.96,108.62,106.64,0.465188,H,A,0.0
2020-12-05,LaLiga,Ath Madrid,Valladolid,1735.47,1410.96,112.27,108.45,0.884778,H,H,1.0
2020-12-06,SerieA,Crotone,Napoli,1283.4,1678.07,116.2,117.36,0.134783,A,A,1.0
2020-12-06,SerieA,Roma,Sassuolo,1642.9,1618.98,115.55,119.38,0.598186,D,H,
2020-12-06,SerieA,Parma,Benevento,1428.1,1446.46,115.17,111.53,0.542822,D,H,
2020-12-06,SerieA,Verona,Cagliari,1554.3,1459.51,113.48,113.4,0.686596,D,H,
2020-12-06,LaLiga,Granada,Huesca,1487.82,1386.46,111.19,107.12,0.695285,D,H,
2020-12-06,LaLiga,Osasuna,Betis,1423.41,1423.59,107.86,104.6,0.567633,A,H,0.0
2020-12-06,LaLiga,Villarreal,Elche,1630.21,1490.23,105.88,109.56,0.737488,D,H,
2020-12-06,LaLiga,Alaves,Sociedad,1475.78,1689.54,105.75,105.45,0.290288,D,A,
2020-12-06,Ligue1,Metz,Lyon,1473.29,1622.69,102.27,102.48,0.367234,A,A,1.0
2020-12-06,Ligue1,Reims,Nice,1363.44,1519.07,106.81,106.47,0.359831,D,A,
2020-12-06,SerieA,Sampdoria,Milan,1455.45,1739.26,113.64,119.14,0.221157,A,A,1.0
2020-12-06,Bundesliga,Schalke 04,Leverkusen,1297.49,1650.09,118.1,114.92,0.162947,A,A,1.0
2020-12-06,Bundesliga,Werder Bremen,Stuttgart,1522.99,1476.98,113.86,112.75,0.627243,A,H,0.0
2020-12-06,EPL,Liverpool,Wolves,1696.82,1562.69,111.66,108.47,0.7315,H,H,1.0
2020-12-06,Ligue1,Dijon,St Etienne,1363.66,1416.06,111.65,101.65,0.496703,D,A,
2020-12-06,EPL,Tottenham,Arsenal,1636.57,1469.38,109.41,108.82,0.765261,H,H,1.0
2020-12-06,EPL,Sheffield United,Leicester,1204.1,1578.2,117.71,112.2,0.147092,A,A,1.0
2020-12-06,Ligue1,Bordeaux,Brest,1515.53,1501.9,102.55,102.71,0.586184,H,H,1.0
2020-12-06,EPL,West Brom,Crystal Palace,1303.37,1432.42,111.49,108.21,0.39404,A,A,1.0
2020-12-06,Ligue1,Angers,Lorient,1544.25,1320.45,101.28,102.23,0.817449,H,H,1.0
2020-12-06,Ligue1,Lille,Monaco,1613.1,1620.7,105.65,101.95,0.557797,H,H,1.0
2020-12-06,Ligue1,Nantes,Strasbourg,1492.49,1323.48,100.59,106.48,0.767525,A,H,0.0
2020-12-07,LaLiga,Eibar,Valencia,1464.08,1469.71,104.96,105.51,0.560245,D,H,
2020-12-07,SerieA,Fiorentina,Genoa,1384.56,1322.47,116.19,112.68,0.64738,D,H,
2020-12-07,Bundesliga,Hoffenheim,Augsburg,1439.95,1473.48,111.47,115.07,0.522247,H,H,1.0
2020-12-07,EPL,Brighton,Southampton,1460.44,1579.37,115.85,109.51,0.407378,A,A,1.0
2020-12-11,Ligue1,St Etienne,Angers,1415.89,1554.15,98.47,99.53,0.381198,D,A,
2020-12-11,EPL,Leeds,West Ham,1490.12,1549.38,105.37,108.41,0.487391,A,A,1.0
2020-12-11,LaLiga,Valladolid,Osasuna,1403.75,1389.88,107.05,103.98,0.586402,H,H,1.0
2020-12-11,SerieA,Sassuolo,Benevento,1625.93,1449.11,114.22,107.24,0.774873,H,H,1.0
2020-12-11,Bundesliga,Wolfsburg,Ein Frankfurt,1605.55,1562.61,109.57,108.02,0.623885,H,H,1.0
2020-12-12,Bundesliga,Dortmund,Stuttgart,1589.9,1516.99,112.0,108.56,0.661267,A,H,0.0
2020-12-12,Bundesliga,Freiburg,Bielefeld,1406.53,1363.97,109.68,112.46,0.622895,H,H,1.0
2020-12-12,EPL,Man United,Man City,1615.83,1606.12,109.28,111.22,0.580328,D,H,
2020-12-12,EPL,Everton,Chelsea,1487.35,1621.55,108.2,106.32,0.38717,H,A,0.0
2020-12-12,Ligue1,Lens,Montpellier,1577.32,1546.91,102.53,101.53,0.608391,A,H,0.0
2020-12-12,Ligue1,Marseille,Monaco,1646.36,1597.16,105.74,98.74,0.632947,H,H,1.0
2020-12-12,Bundesliga,Union Berlin,Bayern Munich,1519.3,1707.53,108.11,109.89,0.32053,D,A,
2020-12-12,Bundesliga,M'gladbach,Hertha,1531.1,1490.21,109.47,112.3,0.620774,D,H,
2020-12-12,Bundesliga,Mainz,FC Koln,1283.94,1429.51,111.6,115.9,0.37371,A,A,1.0
2020-12-12,EPL,Wolves,Aston Villa,1546.46,1522.79,105.41,114.92,0.598306,A,H,0.0
2020-12-12,EPL,Newcastle,West Brom,1501.59,1278.66,109.45,107.32,0.815658,H,H,1.0
2020-12-12,Bundesliga,RB Leipzig,Werder Bremen,1656.53,1482.21,113.66,109.53,0.772005,H,H,1.0
2020-12-12,SerieA,Torino,Udinese,1348.33,1448.91,113.96,117.35,0.432209,A,A,1.0
2020-12-12,LaLiga,Real Madrid,Ath Madrid,1598.0,1743.14,108.18,110.64,0.373606,H,A,0.0
2020-12-12,LaLiga,Huesca,Alaves,1397.87,1487.86,103.93,102.76,0.445497,H,A,0.0
2020-12-12,SerieA,Crotone,Spezia,1273.94,1429.96,114.07,107.17,0.359444,H,A,0.0
2020-12-12,LaLiga,Valencia,Ath Bilbao,1473.13,1409.91,101.9,103.17,0.650078,D,H,
2020-12-12,LaLiga,Getafe,Sevilla,1465.15,1515.77,102.88,107.37,0.499156,A,A,1.0
2020-12-12,SerieA,Lazio,Verona,1536.55,1542.17,108.56,109.56,0.560032,A,H,0.0
2020-12-13,SerieA,Napoli,Sampdoria,1687.7,1440.89,115.14,110.57,0.833721,H,H,1.0
2020-12-13,EPL,Leicester,Brighton,1587.91,1433.11,110.14,111.08,0.752475,H,H,1.0
2020-12-13,EPL,Arsenal,Burnley,1455.03,1344.61,106.0,112.42,0.70469,A,H,0.0
2020-12-13,EPL,Fulham,Liverpool,1326.72,1713.95,111.42,108.25,0.137534,D,A,
2020-12-13,EPL,Crystal Palace,Tottenham,1455.77,1651.06,104.46,106.54,0.311669,D,A,
2020-12-13,EPL,Southampton,Sheffield United,1603.95,1193.51,105.59,115.24,0.923384,H,H,1.0
2020-12-13,Bundesliga,Leverkusen,Hoffenheim,1661.25,1469.61,112.45,107.16,0.788665,H,H,1.0
2020-12-13,Bundesliga,Augsburg,Schalke 04,1441.96,1285.76,110.26,115.37,0.75299,D,H,
2020-12-13,LaLiga,Barcelona,Levante,1535.69,1452.29,106.56,104.61,0.674538,H,H,1.0
2020-12-13,LaLiga,Elche,Granada,1504.95,1475.51,106.41,107.54,0.606531,A,H,0.0
2020-12-13,LaLiga,Betis,Villarreal,1455.2,1616.49,101.13,103.1,0.352318,D,A,
2020-12-13,SerieA,Bologna,Roma,1454.23,1636.4,111.28,110.93,0.32791,A,A,1.0
2020-12-13,LaLiga,Sociedad,Eibar,1677.52,1460.69,102.49,101.41,0.811858,D,H,
2020-12-13,SerieA,Cagliari,Inter,1471.62,1676.7,109.49,111.56,0.301211,A,A,1.0
2020-12-13,SerieA,Atalanta,Fiorentina,1527.57,1374.59,113.6,111.67,0.750504,H,H,1.0
2020-12-13,Ligue1,Nice,Rennes,1510.97,1485.85,103.02,103.59,0.601269,A,H,0.0
2020-12-13,Ligue1,Brest,Reims,1479.5,1371.6,99.46,103.32,0.703434,H,H,1.0
2020-12-13,Ligue1,Lorient,Nimes,1310.38,1402.9,100.42,98.59,0.441859,H,A,0.0
2020-12-13,Ligue1,Nantes,Dijon,1451.89,1363.86,98.49,107.19,0.679654,D,H,
2020-12-13,Ligue1,Strasbourg,Metz,1368.94,1453.5,103.85,99.22,0.452701,D,A,
2020-12-13,Ligue1,Lille,Bordeaux,1638.3,1537.86,101.99,99.31,0.695489,H,H,1.0
2020-12-13,SerieA,Milan,Parma,1755.15,1425.27,115.51,110.38,0.887332,D,H,
2020-12-13,SerieA,Genoa,Juventus,1331.83,1599.46,108.62,113.49,0.235293,A,A,1.0
2020-12-13,Ligue1,Paris SG,Lyon,1651.27,1642.55,99.44,99.4,0.579901,A,H,0.0
2020-12-14,LaLiga,Celta,Cadiz,1464.36,1572.5,101.22,101.51,0.421027,H,A,0.0
2020-12-15,LaLiga,Real Madrid,Ath Bilbao,1635.15,1418.16,104.5,100.09,0.812267,H,H,1.0
2020-12-15,EPL,Man City,West Brom,1611.13,1267.55,107.0,105.14,0.895589,D,H,
2020-12-15,EPL,Wolves,Chelsea,1512.81,1586.31,101.98,102.78,0.467896,H,A,0.0
2020-12-15,Bundesliga,Hertha,Mainz,1497.91,1260.58,108.1,107.56,0.827111,D,H,
2020-12-15,Bundesliga,Werder Bremen,Dortmund,1468.1,1547.89,106.73,108.04,0.459523,A,A,1.0
2020-12-15,Bundesliga,Stuttgart,Union Berlin,1556.52,1530.0,105.02,104.71,0.603003,D,H,
2020-12-15,Bundesliga,Ein Frankfurt,M'gladbach,1540.34,1523.79,104.34,105.63,0.589811,D,H,
2020-12-15,SerieA,Benevento,Lazio,1435.68,1503.22,104.67,104.62,0.476061,D,A,
2020-12-15,SerieA,Udinese,Crotone,1478.42,1315.97,112.34,109.72,0.760408,D,H,
2020-12-16,Bundesliga,Schalke 04,Freiburg,1303.02,1429.43,111.8,105.83,0.39724,A,A,1.0
2020-12-16,SerieA,Spezia,Bologna,1392.73,1433.65,103.7,107.49,0.512361,D,H,
2020-12-16,Ligue1,Rennes,Marseille,1518.94,1667.45,100.28,102.28,0.368336,H,A,0.0
2020-12-16,Ligue1,Paris SG,Lorient,1621.62,1339.43,96.51,97.33,0.861415,H,H,1.0
2020-12-16,Ligue1,Monaco,Lens,1578.64,1544.41,96.06,99.36,0.613579,A,H,0.0
2020-12-16,Ligue1,Lyon,Brest,1672.17,1494.77,96.47,97.02,0.777489,D,H,
2020-12-16,Ligue1,Bordeaux,St Etienne,1522.2,1421.87,96.84,95.74,0.695936,A,H,0.0
2020-12-16,Ligue1,Reims,Nantes,1355.19,1442.86,100.5,96.04,0.448334,H,A,0.0
2020-12-16,Ligue1,Nimes,Nice,1374.86,1478.23,95.72,99.78,0.427302,A,A,1.0
2020-12-16,Ligue1,Montpellier,Metz,1579.2,1451.12,98.47,96.28,0.727185,A,H,0.0
2020-12-16,Ligue1,Dijon,Lille,1374.58,1654.76,103.82,99.25,0.220317,A,A,1.0
2020-12-16,Ligue1,Angers,Strasbourg,1548.04,1371.56,96.69,100.37,0.775955,A,H,0.0
2020-12-16,Bundesliga,FC Koln,Leverkusen,1454.59,1675.06,111.29,109.53,0.283554,A,A,1.0
2020-12-16,SerieA,Juventus,Atalanta,1614.95,1544.01,110.23,110.19,0.65863,D,H,
2020-12-16,LaLiga,Barcelona,Sociedad,1554.64,1660.23,103.26,100.6,0.424382,H,A,0.0
2020-12-16,SerieA,Fiorentina,Sassuolo,1358.67,1641.04,108.47,110.97,0.220692,D,A,
2020-12-16,SerieA,Genoa,Milan,1317.55,1727.92,105.84,113.74,0.124422,D,A,
2020-12-16,SerieA,Inter,Napoli,1695.75,1699.15,107.91,112.57,0.562822,H,H,1.0
2020-12-16,SerieA,Verona,Sampdoria,1576.09,1430.26,105.49,108.38,0.743832,A,H,0.0
2020-12-16,Bundesliga,Bayern Munich,Wolfsburg,1696.48,1628.43,106.28,105.7,0.655712,H,H,1.0
2020-12-16,Bundesliga,Bielefeld,Augsburg,1339.96,1426.24,108.25,107.23,0.45074,A,A,1.0
2020-12-16,Bundesliga,Hoffenheim,RB Leipzig,1456.98,1671.65,104.72,110.45,0.290168,A,A,1.0
2020-12-16,EPL,Leeds,Newcastle,1462.65,1513.11,101.75,107.09,0.499375,H,A,0.0
2020-12-16,EPL,Arsenal,Southampton,1414.49,1608.5,103.0,104.89,0.312911,D,A,
2020-12-16,EPL,West Ham,Crystal Palace,1578.38,1466.34,104.4,101.47,0.708451,D,H,
2020-12-16,SerieA,Parma,Cagliari,1450.04,1453.23,108.91,106.08,0.563498,D,H,
2020-12-16,EPL,Fulham,Brighton,1350.39,1417.45,109.52,107.93,0.476787,D,A,
2020-12-16,EPL,Leicester,Everton,1603.32,1523.81,107.09,104.43,0.669885,A,H,0.0
2020-12-16,EPL,Liverpool,Tottenham,1691.65,1640.06,106.57,103.33,0.635458,H,H,1.0
2020-12-17,EPL,Aston Villa,Burnley,1562.56,1390.12,110.26,108.7,0.770383,D,H,
2020-12-17,EPL,Sheffield United,Man United,1188.18,1610.99,114.14,105.32,0.115534,A,A,1.0
2020-12-17,SerieA,Roma,Torino,1656.85,1320.41,107.18,109.43,0.891038,H,H,1.0
2020-12-18,Bundesliga,Union Berlin,Dortmund,1535.77,1575.04,101.3,104.11,0.514651,H,H,1.0
2020-12-18,LaLiga,Ath Bilbao,Huesca,1408.18,1428.5,98.38,100.47,0.540599,H,H,1.0
2020-12-19,LaLiga,Levante,Sociedad,1433.98,1630.27,101.53,97.56,0.309076,H,A,0.0
2020-12-19,LaLiga,Barcelona,Valencia,1586.15,1465.09,99.91,98.96,0.71899,D,H,
2020-12-19,LaLiga,Ath Madrid,Elche,1704.33,1470.01,106.66,102.84,0.825767,H,H,1.0
2020-12-19,Bundesliga,Mainz,Werder Bremen,1280.39,1441.57,105.49,102.96,0.352443,A,A,1.0
2020-12-19,Bundesliga,M'gladbach,Hoffenheim,1528.91,1440.62,102.07,101.87,0.680807,A,H,0.0
2020-12-19,Bundesliga,Augsburg,Ein Frankfurt,1452.49,1535.34,103.42,100.94,0.455094,A,A,1.0
2020-12-19,SerieA,Parma,Juventus,1446.22,1605.18,104.91,106.47,0.355672,A,A,1.0
2020-12-19,SerieA,Sampdoria,Crotone,1475.4,1332.04,105.39,106.79,0.74157,H,H,1.0
2020-12-19,SerieA,Fiorentina,Verona,1375.66,1533.31,105.83,102.79,0.356835,D,A,
2020-12-19,Bundesliga,RB Leipzig,FC Koln,1689.73,1436.67,106.98,107.81,0.838967,D,H,
2020-12-19,LaLiga,Osasuna,Villarreal,1367.05,1608.38,100.62,100.01,0.259272,A,A,1.0
2020-12-19,Bundesliga,Schalke 04,Bielefeld,1277.94,1313.24,107.56,104.31,0.520078,A,H,0.0
2020-12-19,Bundesliga,Leverkusen,Bayern Munich,1692.46,1716.38,106.24,102.92,0.535609,A,H,0.0
2020-12-19,Ligue1,Nice,Lyon,1500.26,1658.48,96.78,94.72,0.355124,A,A,1.0
2020-12-19,Ligue1,Marseille,Reims,1633.34,1383.99,99.21,97.38,0.838393,D,H,
2020-12-19,Ligue1,Metz,Lens,1486.57,1575.89,94.23,96.5,0.446104,H,A,0.0
2020-12-19,EPL,Newcastle,Fulham,1483.89,1351.79,103.21,105.4,0.729901,D,H,
2020-12-19,EPL,Everton,Arsenal,1561.29,1424.74,101.35,100.14,0.735634,H,H,1.0
2020-12-19,EPL,Southampton,Man City,1597.87,1586.94,101.83,105.82,0.582362,A,H,0.0
2020-12-19,EPL,Crystal Palace,Liverpool,1477.45,1712.83,98.88,103.06,0.266148,A,A,1.0
2020-12-19,LaLiga,Sevilla,Valladolid,1545.01,1427.88,103.46,103.31,0.713859,D,H,
2020-12-20,Ligue1,St Etienne,Nimes,1455.38,1354.51,93.56,93.15,0.696956,D,H,
2020-12-20,Ligue1,Lorient,Rennes,1332.37,1551.77,96.24,97.43,0.282595,A,A,1.0
2020-12-20,Ligue1,Nantes,Angers,1416.46,1509.69,93.42,94.93,0.440716,D,A,
2020-12-20,Ligue1,Dijon,Monaco,1362.12,1549.15,101.52,93.55,0.319467,A,A,1.0
2020-12-20,Ligue1,Brest,Montpellier,1508.62,1542.13,95.23,96.23,0.522685,D,H,
2020-12-20,Ligue1,Strasbourg,Bordeaux,1412.87,1487.93,98.32,94.56,0.465515,A,A,1.0
2020-12-20,LaLiga,Eibar,Real Madrid,1477.62,1645.96,99.6,102.46,0.343473,A,A,1.0
2020-12-20,SerieA,Benevento,Genoa,1437.01,1339.75,101.11,104.48,0.69096,H,H,1.0
2020-12-20,Bundesliga,Freiburg,Hertha,1452.03,1477.89,102.34,105.98,0.53288,H,H,1.0
2020-12-20,Bundesliga,Wolfsburg,Stuttgart,1608.73,1550.71,102.41,101.57,0.643787,H,H,1.0
2020-12-20,EPL,West Brom,Aston Villa,1290.87,1545.6,104.05,107.36,0.246839,A,A,1.0
2020-12-20,EPL,Man United,Leeds,1617.87,1489.14,104.08,98.52,0.727506,H,H,1.0
2020-12-20,EPL,Tottenham,Leicester,1620.08,1563.95,100.19,103.71,0.641139,A,H,0.0
2020-12-20,EPL,Brighton,Sheffield United,1416.09,1180.21,104.02,112.39,0.824912,D,H,
2020-12-20,SerieA,Inter,Spezia,1721.42,1392.05,104.08,100.26,0.889045,H,H,1.0
2020-12-20,SerieA,Sassuolo,Milan,1623.24,1702.14,108.1,111.9,0.460881,A,A,1.0
2020-12-20,SerieA,Atalanta,Roma,1553.77,1663.5,106.44,105.94,0.419243,H,A,0.0
2020-12-20,SerieA,Torino,Bologna,1313.5,1434.38,108.07,103.58,0.40429,D,A,
2020-12-20,SerieA,Lazio,Napoli,1501.88,1671.33,101.06,108.12,0.342901,H,A,0.0
2020-12-20,LaLiga,Cadiz,Getafe,1541.8,1438.21,98.37,99.53,0.699113,A,H,0.0
2020-12-20,LaLiga,Granada,Betis,1511.18,1463.0,103.83,98.26,0.631711,H,H,1.0
2020-12-20,LaLiga,Celta,Alaves,1494.9,1457.89,98.11,99.44,0.61719,H,H,1.0
2020-12-20,SerieA,Cagliari,Udinese,1456.84,1461.55,102.44,109.14,0.561276,D,H,
2020-12-20,Ligue1,Lille,Paris SG,1666.22,1628.57,97.33,95.46,0.618436,D,H,
2020-12-21,EPL,Burnley,Wolves,1406.59,1541.19,105.95,98.71,0.385861,H,A,0.0
2020-12-21,EPL,Chelsea,West Ham,1557.5,1566.61,99.42,101.51,0.55578,H,H,1.0
2020-12-22,SerieA,Juventus,Fiorentina,1625.79,1383.88,103.03,102.43,0.831745,A,H,0.0
2020-12-22,LaLiga,Villarreal,Ath Bilbao,1621.96,1431.16,97.74,95.5,0.790274,D,H,
2020-12-22,LaLiga,Valladolid,Barcelona,1439.71,1574.72,100.58,97.5,0.385214,A,A,1.0
2020-12-22,LaLiga,Huesca,Levante,1404.58,1471.06,97.36,98.79,0.477389,D,A,
2020-12-22,LaLiga,Valencia,Sevilla,1476.3,1533.15,96.64,100.71,0.49062,A,A,1.0
2020-12-22,LaLiga,Elche,Osasuna,1460.26,1353.3,101.07,98.29,0.703181,D,H,
2020-12-22,SerieA,Crotone,Parma,1316.81,1426.18,103.94,101.65,0.419397,H,A,0.0
2020-12-22,LaLiga,Sociedad,Ath Madrid,1595.98,1714.76,95.22,104.61,0.407147,A,A,1.0
2020-12-23,Ligue1,Rennes,Metz,1565.87,1512.24,95.22,91.77,0.639385,H,H,1.0
2020-12-23,Ligue1,Angers,Marseille,1506.89,1615.54,92.39,97.78,0.420082,H,A,0.0
2020-12-23,Ligue1,Lyon,Nantes,1675.18,1419.17,92.43,91.03,0.84453,H,H,1.0
2020-12-23,Ligue1,Monaco,St Etienne,1563.87,1446.27,91.52,91.57,0.716357,D,H,
2020-12-23,Ligue1,Montpellier,Lille,1543.23,1660.37,93.53,94.69,0.4085,A,A,1.0
2020-12-23,SerieA,Udinese,Benevento,1465.28,1453.38,105.08,98.45,0.584218,A,H,0.0
2020-12-23,SerieA,Spezia,Genoa,1386.03,1322.34,99.31,101.48,0.650889,A,H,0.0
2020-12-23,SerieA,Sampdoria,Sassuolo,1490.25,1596.09,102.68,104.2,0.424283,A,A,1.0
2020-12-23,SerieA,Roma,Cagliari,1630.33,1453.56,102.33,99.21,0.776455,H,H,1.0
2020-12-23,SerieA,Napoli,Torino,1631.92,1319.19,104.53,104.24,0.878935,D,H,
2020-12-23,SerieA,Milan,Lazio,1731.13,1536.43,107.5,98.27,0.793269,H,H,1.0
2020-12-23,SerieA,Bologna,Atalanta,1429.16,1587.24,100.29,102.77,0.356296,D,A,
2020-12-23,SerieA,Verona,Inter,1525.56,1727.87,99.74,102.94,0.302916,A,A,1.0
2020-12-23,LaLiga,Getafe,Celta,1474.39,1514.03,97.04,95.41,0.514274,D,H,
2020-12-23,LaLiga,Betis,Cadiz,1444.56,1506.45,95.61,95.99,0.48364,H,A,0.0
2020-12-23,Ligue1,Nimes,Dijon,1363.55,1344.94,91.19,98.71,0.593122,A,H,0.0
2020-12-23,Ligue1,Nice,Lorient,1482.86,1318.6,94.28,94.13,0.765264,D,H,
2020-12-23,Ligue1,Lens,Brest,1549.01,1507.55,93.8,92.64,0.623656,H,H,1.0
2020-12-23,Ligue1,Bordeaux,Reims,1509.61,1401.12,92.05,96.07,0.705303,A,H,0.0
2020-12-23,Ligue1,Paris SG,Strasbourg,1634.19,1389.51,93.01,95.4,0.835282,H,H,1.0
2020-12-23,LaLiga,Alaves,Eibar,1438.26,1459.96,96.6,96.92,0.538855,H,H,1.0
2020-12-23,LaLiga,Real Madrid,Granada,1664.6,1531.65,99.47,100.57,0.731696,H,H,1.0
2020-12-26,EPL,Leicester,Man United,1599.51,1633.25,100.52,101.33,0.522271,D,H,
2020-12-26,EPL,Sheffield United,Everton,1201.79,1575.48,109.92,98.92,0.14458,A,A,1.0
2020-12-26,EPL,Man City,Newcastle,1620.28,1471.19,102.2,100.6,0.748708,H,H,1.0
2020-12-26,EPL,Arsenal,Chelsea,1410.87,1580.15,97.83,96.46,0.341508,H,A,0.0
2020-12-26,EPL,Aston Villa,Crystal Palace,1560.31,1463.84,104.54,96.67,0.691265,H,H,1.0
2020-12-26,EPL,Fulham,Southampton,1365.05,1566.92,102.57,98.69,0.302742,D,A,
2020-12-27,EPL,Wolves,Tottenham,1510.36,1586.83,95.98,97.39,0.463669,D,A,
2020-12-27,EPL,West Ham,Brighton,1543.05,1397.69,98.31,102.19,0.744546,D,H,
2020-12-27,EPL,Liverpool,West Brom,1727.54,1277.0,100.46,101.55,0.939484,D,H,
2020-12-27,EPL,Leeds,Burnley,1475.27,1441.96,96.31,102.39,0.612092,H,H,1.0
2020-12-28,EPL,Crystal Palace,Leicester,1448.74,1598.36,94.42,97.4,0.366367,D,A,
2020-12-28,EPL,Chelsea,Aston Villa,1548.13,1577.81,94.06,101.5,0.527805,D,H,
2020-12-29,EPL,Man United,Wolves,1634.42,1512.1,98.12,93.33,0.721343,H,H,1.0
2020-12-29,EPL,West Brom,Leeds,1301.69,1493.95,101.18,93.79,0.313267,A,A,1.0
2020-12-29,EPL,Southampton,West Ham,1556.94,1530.65,96.28,96.21,0.603483,D,H,
2020-12-29,LaLiga,Sevilla,Villarreal,1558.83,1607.23,97.54,95.99,0.502208,H,H,1.0
2020-12-29,LaLiga,Barcelona,Eibar,1593.74,1437.45,94.86,94.17,0.75727,D,H,
2020-12-29,EPL,Burnley,Sheffield United,1420.97,1192.53,99.21,107.98,0.819988,H,H,1.0
2020-12-29,EPL,Brighton,Arsenal,1411.1,1443.78,99.75,95.29,0.523846,A,H,0.0
2020-12-29,LaLiga,Cadiz,Valladolid,1481.68,1419.53,93.31,97.61,0.649462,D,H,
2020-12-29,LaLiga,Levante,Betis,1469.92,1469.14,95.83,92.98,0.569631,H,H,1.0
2020-12-30,LaLiga,Elche,Real Madrid,1449.43,1678.49,98.45,97.19,0.271908,D,A,
2020-12-30,LaLiga,Celta,Huesca,1514.7,1405.69,92.8,94.56,0.70614,H,H,1.0
2020-12-30,LaLiga,Ath Madrid,Getafe,1737.66,1473.7,101.12,94.25,0.849604,H,H,1.0
2020-12-30,EPL,Newcastle,Liverpool,1457.87,1703.4,98.34,100.13,0.254891,D,A,
2020-12-30,LaLiga,Granada,Valencia,1517.46,1452.58,98.19,93.92,0.65335,H,H,1.0
2020-12-31,LaLiga,Osasuna,Alaves,1363.53,1460.63,95.94,93.89,0.435412,D,A,
2020-12-31,LaLiga,Ath Bilbao,Sociedad,1445.22,1576.84,93.92,92.77,0.38919,A,A,1.0
2021-01-01,EPL,Man United,Aston Villa,1648.56,1579.3,95.86,98.23,0.658217,H,H,1.0
2021-01-01,EPL,Everton,West Ham,1583.1,1535.65,97.7,93.65,0.631279,A,H,0.0
2021-01-02,Bundesliga,Bielefeld,M'gladbach,1342.02,1492.18,100.81,99.25,0.365885,A,A,1.0
2021-01-02,Bundesliga,Stuttgart,RB Leipzig,1531.74,1669.34,98.63,105.08,0.382629,A,A,1.0
2021-01-02,LaLiga,Villarreal,Levante,1583.39,1490.56,93.32,93.22,0.687488,H,H,1.0
2021-01-02,LaLiga,Betis,Sevilla,1449.65,1583.42,90.66,94.7,0.386562,D,A,
2021-01-02,LaLiga,Getafe,Valladolid,1466.47,1427.01,93.22,95.04,0.62082,A,H,0.0
2021-01-02,LaLiga,Real Madrid,Celta,1667.18,1528.1,95.07,90.92,0.739964,H,H,1.0
2021-01-02,Bundesliga,Hertha,Schalke 04,1451.16,1247.41,102.25,103.64,0.800203,H,H,1.0
2021-01-02,EPL,Crystal Palace,Sheffield United,1454.98,1181.59,92.12,105.77,0.853814,H,H,1.0
2021-01-02,EPL,Tottenham,Leeds,1585.04,1508.46,94.59,91.76,0.668095,H,H,1.0
2021-01-02,EPL,West Brom,Arsenal,1284.94,1468.48,98.44,92.71,0.323559,A,A,1.0
2021-01-02,Bundesliga,Ein Frankfurt,Leverkusen,1559.16,1661.67,97.81,102.49,0.428628,H,A,0.0
2021-01-02,Bundesliga,FC Koln,Augsburg,1457.39,1427.54,105.85,100.0,0.607806,A,H,0.0
2021-01-02,Bundesliga,Werder Bremen,Union Berlin,1460.79,1561.3,99.91,98.11,0.431036,A,A,1.0
2021-01-02,Bundesliga,Hoffenheim,Freiburg,1477.21,1477.04,99.07,99.06,0.568445,A,H,0.0
2021-01-02,EPL,Brighton,Wolves,1384.12,1499.24,96.68,91.49,0.410959,D,A,
2021-01-03,Bundesliga,Dortmund,Wolfsburg,1548.14,1628.01,100.58,99.37,0.459101,H,A,0.0
2021-01-03,Bundesliga,Bayern Munich,Mainz,1745.35,1260.27,99.58,102.15,0.94931,H,H,1.0
2021-01-03,SerieA,Parma,Torino,1395.39,1341.14,98.51,102.98,0.638868,A,H,0.0
2021-01-03,LaLiga,Ath Bilbao,Elche,1427.19,1461.05,91.58,96.22,0.522205,H,H,1.0
2021-01-03,LaLiga,Alaves,Ath Madrid,1457.66,1745.9,91.47,99.67,0.212895,A,A,1.0
2021-01-03,LaLiga,Eibar,Granada,1449.57,1534.93,92.45,95.58,0.451449,H,A,0.0
2021-01-03,SerieA,Inter,Crotone,1744.51,1348.96,100.12,100.53,0.92008,H,H,1.0
2021-01-03,SerieA,Atalanta,Sassuolo,1579.39,1619.66,99.69,100.76,0.513327,H,H,1.0
2021-01-03,SerieA,Cagliari,Napoli,1441.95,1609.84,97.26,103.26,0.344152,A,A,1.0
2021-01-03,SerieA,Genoa,Lazio,1357.07,1525.84,98.56,96.54,0.342158,D,A,
2021-01-03,EPL,Chelsea,Man City,1546.85,1634.0,91.61,99.79,0.449212,A,A,1.0
2021-01-03,EPL,Newcastle,Leicester,1470.32,1591.72,96.24,94.8,0.402864,A,A,1.0
2021-01-03,SerieA,Spezia,Verona,1352.73,1509.88,96.63,97.24,0.356778,A,A,1.0
2021-01-03,SerieA,Benevento,Milan,1482.55,1743.66,95.66,105.01,0.239958,A,A,1.0
2021-01-03,SerieA,Juventus,Udinese,1579.06,1432.2,101.3,101.52,0.746238,H,H,1.0
2021-01-03,LaLiga,Sociedad,Osasuna,1594.44,1366.64,90.54,93.31,0.822497,D,H,
2021-01-03,LaLiga,Huesca,Barcelona,1391.82,1581.45,92.52,93.09,0.316296,A,A,1.0
2021-01-03,SerieA,Fiorentina,Bologna,1430.06,1436.64,100.75,97.48,0.559421,D,H,
2021-01-03,SerieA,Roma,Sampdoria,1642.64,1467.33,100.13,99.41,0.775016,H,H,1.0
2021-01-04,EPL,Southampton,Liverpool,1551.94,1690.48,93.71,97.87,0.380663,H,A,0.0
2021-01-04,LaLiga,Valencia,Cadiz,1436.52,1474.85,91.73,91.17,0.516125,D,H,
2021-01-06,LaLiga,Ath Bilbao,Barcelona,1448.19,1595.93,89.35,91.07,0.368067,A,A,1.0
2021-01-06,SerieA,Torino,Verona,1376.16,1527.49,99.85,94.7,0.363869,D,A,
2021-01-06,Ligue1,Reims,Dijon,1435.51,1375.09,93.89,95.84,0.647512,D,H,
2021-01-06,SerieA,Milan,Juventus,1757.43,1592.68,102.43,98.96,0.764838,A,H,0.0
2021-01-06,SerieA,Napoli,Spezia,1628.78,1335.34,100.17,94.15,0.869242,A,H,0.0
2021-01-06,SerieA,Sassuolo,Genoa,1594.22,1365.07,97.6,95.95,0.823063,H,H,1.0
2021-01-06,SerieA,Sampdoria,Inter,1455.61,1748.85,97.44,99.55,0.208303,H,A,0.0
2021-01-06,SerieA,Lazio,Fiorentina,1518.17,1426.95,94.13,97.62,0.684929,H,H,1.0
2021-01-06,SerieA,Crotone,Roma,1344.58,1654.52,99.95,98.09,0.193304,A,A,1.0
2021-01-06,Ligue1,St Etienne,Paris SG,1455.92,1641.86,89.82,91.93,0.32055,D,A,
2021-01-06,SerieA,Atalanta,Parma,1604.32,1363.27,96.66,95.86,0.832418,H,H,1.0
2021-01-06,SerieA,Cagliari,Benevento,1425.03,1471.0,94.8,93.89,0.505564,A,H,0.0
2021-01-06,SerieA,Bologna,Udinese,1439.55,1418.52,94.72,99.16,0.596284,D,H,
2021-01-06,Ligue1,Lorient,Monaco,1331.11,1554.23,92.47,89.78,0.277192,A,A,1.0
2021-01-06,Ligue1,Metz,Bordeaux,1496.23,1477.99,89.71,90.23,0.593304,D,H,
2021-01-06,Ligue1,Nantes,Rennes,1412.19,1583.04,90.12,92.83,0.339092,D,A,
2021-01-06,Ligue1,Strasbourg,Nimes,1381.47,1337.69,94.17,89.09,0.627028,H,H,1.0
2021-01-06,Ligue1,Lille,Angers,1679.54,1532.81,92.23,90.15,0.748162,A,H,0.0
2021-01-06,Ligue1,Lyon,Lens,1682.37,1566.41,91.44,91.5,0.714518,H,H,1.0
2021-01-06,Ligue1,Marseille,Montpellier,1586.63,1524.5,94.98,91.19,0.65022,H,H,1.0
2021-01-06,Ligue1,Brest,Nice,1490.56,1470.31,90.46,92.6,0.595793,H,H,1.0
2021-01-08,Bundesliga,M'gladbach,Bayern Munich,1510.87,1748.09,96.5,99.41,0.263516,H,A,0.0
2021-01-08,LaLiga,Celta,Villarreal,1516.62,1597.77,89.35,91.3,0.457053,A,A,1.0
2021-01-09,Bundesliga,Freiburg,FC Koln,1505.89,1422.49,96.14,102.29,0.674888,H,H,1.0
2021-01-09,Bundesliga,Leverkusen,Werder Bremen,1630.75,1438.55,99.2,96.9,0.791272,D,H,
2021-01-09,Bundesliga,Mainz,Ein Frankfurt,1257.4,1587.42,101.91,95.05,0.176068,A,A,1.0
2021-01-09,Bundesliga,Schalke 04,Hoffenheim,1236.14,1448.35,101.56,96.15,0.290469,H,A,0.0
2021-01-09,Bundesliga,Union Berlin,Wolfsburg,1582.79,1600.45,95.3,96.39,0.544385,D,H,
2021-01-09,Bundesliga,RB Leipzig,Dortmund,1691.02,1576.34,101.63,97.46,0.712099,A,H,0.0
2021-01-09,Ligue1,Bordeaux,Lorient,1482.01,1318.49,88.18,90.67,0.765164,H,H,1.0
2021-01-09,Ligue1,Nimes,Lille,1322.01,1645.56,87.24,90.59,0.180438,A,A,1.0
2021-01-09,Ligue1,Paris SG,Brest,1633.81,1508.0,89.98,88.4,0.725989,H,H,1.0
2021-01-09,Ligue1,Montpellier,Nantes,1509.13,1419.11,89.22,88.27,0.684854,D,H,
2021-01-09,Ligue1,Monaco,Angers,1566.16,1565.29,88.2,88.67,0.570006,H,H,1.0
2021-01-09,LaLiga,Osasuna,Real Madrid,1381.8,1679.66,92.1,93.16,0.202899,D,A,
2021-01-09,LaLiga,Granada,Barcelona,1508.75,1612.08,92.95,89.04,0.426668,A,A,1.0
2021-01-09,LaLiga,Sevilla,Sociedad,1578.05,1580.18,92.28,89.5,0.565883,H,H,1.0
2021-01-09,Ligue1,Reims,St Etienne,1428.68,1463.61,91.68,88.06,0.520885,H,H,1.0
2021-01-09,Ligue1,Lens,Strasbourg,1553.7,1398.89,89.75,91.84,0.756182,A,H,0.0
2021-01-09,Ligue1,Metz,Nice,1492.26,1452.07,87.71,90.34,0.622248,D,H,
2021-01-09,SerieA,Benevento,Atalanta,1494.29,1612.71,91.42,95.33,0.406863,A,A,1.0
2021-01-09,SerieA,Genoa,Bologna,1356.35,1435.05,94.59,92.3,0.460448,H,A,0.0
2021-01-09,SerieA,Milan,Torino,1715.32,1383.22,100.12,97.01,0.891111,H,H,1.0
2021-01-09,Ligue1,Rennes,Lyon,1575.69,1695.07,90.74,89.69,0.405141,D,A,
2021-01-09,Ligue1,Dijon,Marseille,1382.21,1603.23,93.43,92.65,0.279993,D,A,
2021-01-10,Bundesliga,Augsburg,Stuttgart,1458.79,1512.51,97.12,95.91,0.494877,A,A,1.0
2021-01-10,SerieA,Roma,Inter,1664.41,1707.28,96.46,97.69,0.509796,D,H,
2021-01-10,SerieA,Parma,Lazio,1355.01,1532.85,94.58,92.05,0.330406,A,A,1.0
2021-01-10,SerieA,Udinese,Napoli,1423.46,1581.81,96.27,98.99,0.355485,A,A,1.0
2021-01-10,SerieA,Juventus,Sassuolo,1632.0,1603.23,96.95,96.13,0.606761,H,H,1.0
2021-01-10,LaLiga,Valladolid,Valencia,1456.41,1435.8,92.62,89.46,0.596526,A,H,0.0
2021-01-10,Bundesliga,Bielefeld,Hertha,1322.77,1462.15,97.89,100.28,0.379838,H,A,0.0
2021-01-10,SerieA,Fiorentina,Cagliari,1411.22,1401.31,95.21,92.23,0.582003,H,H,1.0
2021-01-10,LaLiga,Levante,Eibar,1476.21,1474.13,91.21,90.15,0.571571,H,H,1.0
2021-01-10,SerieA,Verona,Crotone,1521.14,1334.34,92.39,98.18,0.786072,H,H,1.0
2021-01-10,LaLiga,Cadiz,Alaves,1475.55,1448.16,88.95,90.15,0.605475,H,H,1.0
2021-01-11,LaLiga,Huesca,Betis,1377.5,1454.56,90.56,88.63,0.462572,A,A,1.0
2021-01-11,SerieA,Spezia,Sampdoria,1376.79,1495.43,93.29,95.73,0.406586,H,A,0.0
2021-01-11,LaLiga,Elche,Getafe,1437.96,1438.14,93.5,90.98,0.568449,A,H,0.0
2021-01-12,EPL,Wolves,Everton,1495.35,1551.63,89.34,95.05,0.491352,A,A,1.0
2021-01-12,LaLiga,Granada,Osasuna,1489.34,1395.31,90.61,90.79,0.689266,H,H,1.0
2021-01-12,LaLiga,Ath Madrid,Sevilla,1757.06,1597.52,97.74,89.99,0.761297,H,H,1.0
2021-01-12,EPL,Sheffield United,Newcastle,1173.0,1450.85,104.1,93.65,0.221445,H,A,0.0
2021-01-12,EPL,Burnley,Man United,1430.32,1664.98,97.65,93.51,0.265209,A,A,1.0
2021-01-13,EPL,Tottenham,Fulham,1600.69,1375.84,92.37,99.78,0.818816,D,H,
2021-01-13,EPL,Man City,Brighton,1657.21,1388.47,96.72,94.01,0.852988,H,H,1.0
2021-01-14,EPL,Arsenal,Crystal Palace,1483.15,1461.63,90.72,91.26,0.597601,D,H,
2021-01-15,Ligue1,Montpellier,Monaco,1501.29,1583.9,87.52,86.29,0.454854,A,A,1.0
2021-01-15,Bundesliga,Union Berlin,Leverkusen,1580.69,1615.56,92.71,97.35,0.520792,H,H,1.0
2021-01-15,SerieA,Lazio,Roma,1547.64,1663.94,90.07,93.75,0.409564,H,A,0.0
2021-01-16,SerieA,Bologna,Verona,1410.95,1530.88,90.0,91.0,0.404509,H,A,0.0
2021-01-16,SerieA,Sampdoria,Udinese,1466.99,1406.27,93.18,93.84,0.64813,H,H,1.0
2021-01-16,Ligue1,Marseille,Nimes,1593.22,1314.57,90.84,86.36,0.861113,A,H,0.0
2021-01-16,Ligue1,Angers,Paris SG,1547.37,1645.67,86.72,88.39,0.433463,A,A,1.0
2021-01-16,SerieA,Torino,Spezia,1377.66,1403.84,96.23,90.98,0.532884,D,H,
2021-01-16,EPL,Leicester,Southampton,1610.64,1580.4,92.36,91.44,0.609112,H,H,1.0
2021-01-16,Bundesliga,Dortmund,Mainz,1611.69,1247.67,95.23,100.15,0.906475,D,H,
2021-01-16,EPL,Fulham,Chelsea,1392.87,1527.14,98.13,89.42,0.385402,A,A,1.0
2021-01-16,EPL,West Ham,Burnley,1564.63,1416.97,91.41,95.51,0.748181,H,H,1.0
2021-01-16,EPL,Leeds,Brighton,1493.68,1381.45,89.8,93.01,0.710066,A,H,0.0
2021-01-16,Bundesliga,Stuttgart,M'gladbach,1536.19,1546.97,93.25,94.49,0.553846,D,H,
2021-01-16,EPL,Wolves,West Brom,1474.71,1268.51,87.31,95.9,0.803908,A,H,0.0
2021-01-16,Bundesliga,Wolfsburg,RB Leipzig,1602.6,1652.62,93.69,99.01,0.499967,D,A,
2021-01-16,Bundesliga,Werder Bremen,Augsburg,1453.03,1434.55,95.23,94.32,0.593308,H,H,1.0
2021-01-16,Bundesliga,Hoffenheim,Bielefeld,1414.03,1353.62,94.03,95.23,0.647569,D,H,
2021-01-16,Bundesliga,FC Koln,Hertha,1404.86,1429.82,99.39,97.36,0.53438,D,H,
2021-01-17,EPL,Man City,Crystal Palace,1664.62,1465.92,95.57,89.13,0.798604,H,H,1.0
2021-01-17,EPL,Sheffield United,Tottenham,1217.46,1586.13,101.74,91.21,0.146531,A,A,1.0
2021-01-17,Ligue1,Brest,Rennes,1496.53,1579.82,86.94,88.65,0.454011,A,A,1.0
2021-01-17,Ligue1,Nantes,Lens,1426.79,1521.08,86.65,88.35,0.438933,D,A,
2021-01-17,Ligue1,Nice,Bordeaux,1457.37,1491.83,88.34,86.93,0.521541,A,H,0.0
2021-01-17,Ligue1,Lyon,Metz,1691.03,1487.26,87.7,85.95,0.80366,A,H,0.0
2021-01-17,EPL,Liverpool,Man United,1659.5,1677.28,95.17,91.73,0.544405,D,H,
2021-01-17,Ligue1,Lille,Reims,1653.56,1449.91,89.52,89.4,0.802921,H,H,1.0
2021-01-17,Bundesliga,Ein Frankfurt,Schalke 04,1595.96,1274.37,93.76,98.93,0.885016,H,H,1.0
2021-01-17,SerieA,Inter,Juventus,1707.77,1651.26,94.84,94.32,0.642758,H,H,1.0
2021-01-17,SerieA,Atalanta,Genoa,1632.06,1381.61,92.8,92.06,0.84026,D,H,
2021-01-17,SerieA,Sassuolo,Parma,1584.27,1339.43,93.58,92.37,0.835989,D,H,
2021-01-17,Bundesliga,Bayern Munich,Freiburg,1709.81,1521.57,97.14,93.86,0.788237,H,H,1.0
2021-01-17,SerieA,Napoli,Fiorentina,1599.93,1431.05,96.28,92.68,0.77008,H,H,1.0
2021-01-17,SerieA,Crotone,Benevento,1323.43,1476.42,96.36,89.29,0.361142,H,A,0.0
2021-01-17,Ligue1,Strasbourg,St Etienne,1433.03,1443.96,90.27,86.13,0.554024,H,H,1.0
2021-01-18,SerieA,Cagliari,Milan,1382.64,1721.21,90.0,99.2,0.17016,A,A,1.0
2021-01-18,EPL,Arsenal,Newcastle,1478.91,1414.82,88.64,92.13,0.65257,H,H,1.0
2021-01-19,Bundesliga,M'gladbach,Werder Bremen,1549.49,1472.31,91.99,92.73,0.6687,H,H,1.0
2021-01-19,Bundesliga,Hertha,Hoffenheim,1431.5,1407.18,94.58,91.8,0.601273,A,H,0.0
2021-01-19,Bundesliga,Leverkusen,Dortmund,1591.92,1591.69,94.52,94.7,0.568785,H,H,1.0
2021-01-19,LaLiga,Alaves,Sevilla,1431.19,1587.16,88.13,88.61,0.357272,A,A,1.0
2021-01-19,LaLiga,Valladolid,Elche,1429.45,1411.87,90.35,91.1,0.59235,D,H,
2021-01-19,LaLiga,Cadiz,Levante,1492.1,1495.01,87.04,89.03,0.564845,D,H,
2021-01-19,EPL,Leicester,Chelsea,1628.2,1543.4,90.15,87.52,0.678672,H,H,1.0
2021-01-19,EPL,West Ham,West Brom,1575.83,1308.31,89.86,94.37,0.852077,H,H,1.0
2021-01-19,Bundesliga,Mainz,Wolfsburg,1269.85,1602.6,99.41,91.26,0.17316,A,A,1.0
2021-01-20,Bundesliga,Bielefeld,Stuttgart,1360.65,1533.73,92.88,90.87,0.336088,H,A,0.0
2021-01-20,SerieA,Udinese,Atalanta,1389.97,1616.23,91.62,91.76,0.274047,D,A,
2021-01-20,Bundesliga,Freiburg,Ein Frankfurt,1511.6,1601.43,92.37,93.07,0.445252,D,A,
2021-01-20,EPL,Man City,Aston Villa,1674.48,1562.1,94.02,95.65,0.709807,H,H,1.0
2021-01-20,EPL,Fulham,Man United,1373.46,1679.24,95.36,89.49,0.195237,A,A,1.0
2021-01-20,Bundesliga,Augsburg,Bayern Munich,1415.61,1720.44,91.91,95.41,0.197185,A,A,1.0
2021-01-20,Bundesliga,RB Leipzig,Union Berlin,1652.62,1602.22,96.0,90.38,0.63543,H,H,1.0
2021-01-20,Bundesliga,Schalke 04,FC Koln,1268.33,1403.1,97.99,96.38,0.385409,A,A,1.0
2021-01-20,Ligue1,Marseille,Lens,1554.44,1518.55,90.06,86.4,0.616997,A,H,0.0
2021-01-20,LaLiga,Villarreal,Granada,1617.85,1502.9,89.08,88.82,0.713802,D,H,
2021-01-20,LaLiga,Betis,Celta,1473.78,1497.36,86.66,87.31,0.536583,H,H,1.0
2021-01-20,LaLiga,Getafe,Huesca,1462.9,1357.47,88.84,88.39,0.702965,H,H,1.0
2021-01-21,LaLiga,Valencia,Osasuna,1461.01,1381.7,87.5,88.98,0.671805,D,H,
2021-01-21,LaLiga,Eibar,Ath Madrid,1455.75,1769.17,88.08,95.76,0.189867,A,A,1.0
2021-01-21,EPL,Liverpool,Burnley,1657.4,1404.8,92.58,93.63,0.841544,A,H,0.0
2021-01-22,Ligue1,Paris SG,Montpellier,1663.65,1482.77,86.45,85.63,0.782881,H,H,1.0
2021-01-22,LaLiga,Levante,Valladolid,1497.74,1425.47,87.03,88.3,0.663235,D,H,
2021-01-22,Bundesliga,M'gladbach,Dortmund,1564.31,1571.48,90.01,92.2,0.558883,H,H,1.0
2021-01-22,SerieA,Benevento,Torino,1449.56,1376.07,87.45,93.52,0.664063,D,H,
2021-01-23,Ligue1,Monaco,Marseille,1601.92,1527.87,84.52,88.07,0.665463,H,H,1.0
2021-01-23,Ligue1,Lens,Nice,1543.06,1435.78,84.74,86.36,0.705399,A,H,0.0
2021-01-23,LaLiga,Huesca,Villarreal,1345.06,1608.78,86.83,87.5,0.234078,D,A,
2021-01-23,SerieA,Fiorentina,Crotone,1420.51,1354.59,91.15,93.85,0.654637,H,H,1.0
2021-01-23,LaLiga,Sevilla,Cadiz,1602.08,1489.49,86.81,85.22,0.71167,H,H,1.0
2021-01-23,LaLiga,Sociedad,Betis,1561.82,1492.29,87.48,84.84,0.660256,D,H,
2021-01-23,LaLiga,Alaves,Real Madrid,1416.42,1665.83,86.38,91.77,0.249348,A,A,1.0
2021-01-23,SerieA,Milan,Atalanta,1730.11,1606.1,97.68,90.05,0.723737,A,H,0.0
2021-01-23,SerieA,Udinese,Inter,1400.07,1724.63,89.92,92.51,0.179978,D,A,
2021-01-23,Bundesliga,Freiburg,Stuttgart,1514.05,1504.73,90.07,88.97,0.581434,H,H,1.0
2021-01-23,Bundesliga,Augsburg,Union Berlin,1406.68,1586.49,90.66,88.44,0.327522,H,A,0.0
2021-01-23,Bundesliga,Hertha,Werder Bremen,1403.29,1457.26,92.14,90.68,0.4945,A,A,1.0
2021-01-23,Bundesliga,Bielefeld,Ein Frankfurt,1390.92,1598.94,90.8,90.7,0.294399,A,A,1.0
2021-01-23,Bundesliga,Mainz,RB Leipzig,1260.68,1670.27,97.84,93.53,0.120855,H,A,0.0
2021-01-23,EPL,Aston Villa,Newcastle,1548.1,1399.22,93.54,90.06,0.750401,H,H,1.0
2021-01-23,Bundesliga,Leverkusen,Wolfsburg,1612.06,1610.41,92.04,90.22,0.570975,A,H,0.0
2021-01-23,SerieA,Roma,Spezia,1636.65,1405.27,91.36,88.81,0.826211,H,H,1.0
2021-01-24,LaLiga,Ath Madrid,Valencia,1778.46,1453.99,94.29,85.89,0.888915,H,H,1.0
2021-01-24,LaLiga,Celta,Eibar,1478.58,1447.81,85.44,87.11,0.610199,D,H,
2021-01-24,LaLiga,Elche,Barcelona,1415.92,1629.95,88.97,87.07,0.286971,A,A,1.0
2021-01-24,LaLiga,Osasuna,Granada,1388.97,1511.92,87.24,87.27,0.40018,H,A,0.0
2021-01-24,Ligue1,Bordeaux,Angers,1512.76,1530.04,85.09,84.93,0.545344,H,H,1.0
2021-01-24,Bundesliga,Hoffenheim,FC Koln,1433.8,1421.76,89.64,93.84,0.584742,H,H,1.0
2021-01-24,Ligue1,Metz,Nantes,1519.49,1429.23,85.04,84.86,0.685595,H,H,1.0
2021-01-24,Ligue1,Reims,Brest,1441.4,1478.3,88.29,85.11,0.518194,H,H,1.0
2021-01-24,Ligue1,Rennes,Lille,1598.74,1662.08,86.66,88.4,0.481516,A,A,1.0
2021-01-24,Ligue1,St Etienne,Lyon,1426.38,1657.5,84.39,86.68,0.267907,A,A,1.0
2021-01-24,SerieA,Parma,Sampdoria,1354.89,1483.07,91.32,91.02,0.393557,A,A,1.0
2021-01-24,SerieA,Lazio,Sassuolo,1572.9,1568.41,88.05,92.46,0.574682,H,H,1.0
2021-01-24,SerieA,Verona,Napoli,1504.83,1611.27,88.89,94.48,0.422829,H,A,0.0
2021-01-24,SerieA,Genoa,Cagliari,1397.18,1375.23,91.06,89.06,0.598342,H,H,1.0
2021-01-24,SerieA,Juventus,Bologna,1634.57,1436.45,92.04,87.98,0.798301,H,H,1.0
2021-01-24,Ligue1,Dijon,Strasbourg,1392.39,1452.27,91.56,88.14,0.486317,D,A,
2021-01-24,Bundesliga,Schalke 04,Bayern Munich,1249.07,1730.02,95.28,93.92,0.084912,A,A,1.0
2021-01-25,LaLiga,Ath Bilbao,Getafe,1432.62,1475.42,87.47,87.24,0.509976,H,H,1.0
2021-01-26,EPL,West Brom,Man City,1301.21,1688.03,93.34,92.06,0.134581,A,A,1.0
2021-01-26,EPL,Southampton,Arsenal,1563.17,1493.4,89.32,86.89,0.660304,A,H,0.0
2021-01-26,EPL,Newcastle,Leeds,1388.38,1463.21,88.61,88.17,0.465651,A,A,1.0
2021-01-26,EPL,Crystal Palace,West Ham,1457.27,1582.31,88.02,89.07,0.397556,A,A,1.0
2021-01-27,Ligue1,Lorient,Dijon,1308.14,1393.0,89.24,89.28,0.451886,H,A,0.0
2021-01-27,EPL,Everton,Leicester,1574.88,1642.12,92.44,88.35,0.47613,D,A,
2021-01-27,EPL,Burnley,Aston Villa,1444.62,1559.75,92.55,91.82,0.410973,H,A,0.0
2021-01-27,EPL,Chelsea,Wolves,1530.26,1441.7,85.93,86.35,0.683355,D,H,
2021-01-27,EPL,Brighton,Fulham,1414.1,1363.94,91.11,93.87,0.634739,D,H,
2021-01-27,EPL,Man United,Sheffield United,1687.69,1209.31,88.39,100.29,0.947763,A,H,0.0
2021-01-28,EPL,Tottenham,Liverpool,1592.78,1618.47,90.37,91.57,0.533551,A,H,0.0
2021-01-29,Bundesliga,Stuttgart,Mainz,1487.18,1306.23,87.01,96.89,0.780874,H,H,1.0
2021-01-29,Ligue1,Lyon,Bordeaux,1668.34,1530.34,85.36,83.41,0.740039,H,H,1.0
2021-01-29,SerieA,Torino,Fiorentina,1383.7,1435.67,91.36,89.2,0.497283,D,A,
2021-01-29,LaLiga,Valladolid,Huesca,1432.26,1355.88,86.59,85.66,0.668637,A,H,0.0
2021-01-30,EPL,Man City,Sheffield United,1694.22,1262.0,91.26,100.08,0.933742,H,H,1.0
2021-01-30,EPL,Crystal Palace,Wolves,1440.91,1449.04,86.18,84.86,0.557933,H,H,1.0
2021-01-30,EPL,Everton,Newcastle,1575.95,1369.02,90.09,86.62,0.806297,A,H,0.0
2021-01-30,LaLiga,Eibar,Sevilla,1452.28,1613.77,85.35,85.39,0.349911,A,A,1.0
2021-01-30,EPL,Arsenal,Man United,1519.99,1646.99,85.29,88.48,0.394913,D,A,
2021-01-30,EPL,Southampton,Aston Villa,1535.11,1533.62,87.52,89.62,0.570793,A,H,0.0
2021-01-30,LaLiga,Real Madrid,Levante,1677.04,1491.13,90.18,85.43,0.787625,A,H,0.0
2021-01-30,EPL,West Brom,Fulham,1294.85,1370.2,92.48,91.6,0.465027,D,A,
2021-01-30,LaLiga,Villarreal,Sociedad,1597.79,1555.26,86.29,85.82,0.625718,D,H,
2021-01-30,Bundesliga,Bayern Munich,Hoffenheim,1734.12,1451.4,93.51,87.65,0.863568,H,H,1.0
2021-01-30,Bundesliga,Ein Frankfurt,Hertha,1611.83,1381.22,88.97,89.82,0.825414,H,H,1.0
2021-01-30,Bundesliga,Dortmund,Augsburg,1551.75,1436.06,89.91,88.79,0.714634,H,H,1.0
2021-01-30,SerieA,Inter,Benevento,1709.83,1442.88,91.33,85.84,0.85325,H,H,1.0
2021-01-30,SerieA,Sampdoria,Juventus,1500.28,1643.78,88.93,90.73,0.37351,A,A,1.0
2021-01-30,SerieA,Bologna,Milan,1427.99,1693.6,86.93,95.46,0.233644,A,A,1.0
2021-01-30,Ligue1,Montpellier,Lens,1474.13,1515.78,84.63,83.45,0.511612,A,H,0.0
2021-01-30,LaLiga,Valencia,Elche,1449.45,1403.76,85.55,87.4,0.629675,H,H,1.0
2021-01-30,Bundesliga,RB Leipzig,Leverkusen,1628.7,1586.59,92.79,89.78,0.624788,H,H,1.0
2021-01-30,Bundesliga,Werder Bremen,Schalke 04,1478.67,1244.86,88.5,94.82,0.826987,D,H,
2021-01-30,Bundesliga,Union Berlin,M'gladbach,1558.5,1583.16,86.76,87.93,0.535069,D,H,
2021-01-31,Bundesliga,FC Koln,Bielefeld,1402.56,1378.01,91.43,89.06,0.601801,H,H,1.0
2021-01-31,SerieA,Atalanta,Lazio,1637.2,1590.34,88.47,86.17,0.631296,A,H,0.0
2021-01-31,SerieA,Cagliari,Sassuolo,1358.36,1549.25,87.13,90.16,0.314375,D,A,
2021-01-31,SerieA,Crotone,Genoa,1338.57,1414.78,91.65,88.94,0.463763,A,A,1.0
2021-01-31,SerieA,Napoli,Parma,1584.19,1337.57,91.99,89.21,0.837931,H,H,1.0
2021-01-31,EPL,Chelsea,Burnley,1522.99,1471.16,84.48,90.29,0.637271,H,H,1.0
2021-01-31,EPL,Leicester,Leeds,1641.13,1482.39,86.4,86.23,0.76115,A,H,0.0
2021-01-31,EPL,West Ham,Liverpool,1599.04,1642.02,87.14,89.31,0.50972,A,H,0.0
2021-01-31,SerieA,Roma,Verona,1644.49,1528.89,90.29,86.95,0.714826,H,H,1.0
2021-01-31,Bundesliga,Wolfsburg,Freiburg,1634.91,1532.02,88.14,88.01,0.700083,H,H,1.0
2021-01-31,SerieA,Spezia,Udinese,1397.82,1414.03,87.89,88.9,0.546663,A,H,0.0
2021-01-31,EPL,Brighton,Tottenham,1408.2,1569.82,89.1,88.23,0.350074,H,A,0.0
2021-01-31,Ligue1,Lille,Dijon,1682.04,1369.89,86.41,87.25,0.881751,H,H,1.0
2021-01-31,Ligue1,Nantes,Monaco,1417.05,1614.74,83.49,83.12,0.305328,A,A,1.0
2021-01-31,LaLiga,Getafe,Alaves,1455.62,1406.42,85.36,85.18,0.634431,D,H,
2021-01-31,LaLiga,Barcelona,Ath Bilbao,1641.63,1452.52,85.65,85.57,0.790554,H,H,1.0
2021-01-31,LaLiga,Granada,Celta,1487.6,1474.29,85.48,83.83,0.587157,D,H,
2021-01-31,Ligue1,Strasbourg,Reims,1451.71,1461.35,86.2,86.31,0.555784,A,H,0.0
2021-01-31,LaLiga,Cadiz,Ath Madrid,1478.21,1783.86,83.93,93.59,0.196116,A,A,1.0
2021-01-31,Ligue1,Lorient,Paris SG,1331.23,1672.45,87.22,85.4,0.165482,H,A,0.0
2021-01-31,Ligue1,Brest,Metz,1459.71,1531.72,83.43,83.66,0.469433,A,A,1.0
2021-01-31,Ligue1,Angers,Nimes,1512.52,1349.6,83.27,85.8,0.765415,H,H,1.0
2021-01-31,Ligue1,Nice,St Etienne,1464.09,1416.08,84.95,83.23,0.63309,A,H,0.0
2021-02-01,LaLiga,Betis,Osasuna,1498.46,1413.27,83.4,85.46,0.679416,H,H,1.0
2021-02-02,EPL,Wolves,Arsenal,1432.04,1524.07,83.21,83.69,0.441798,H,A,0.0
2021-02-02,EPL,Sheffield United,West Brom,1258.43,1296.42,99.68,90.15,0.516611,H,H,1.0
2021-02-02,EPL,Newcastle,Crystal Palace,1401.76,1458.42,85.7,84.42,0.490739,A,A,1.0
2021-02-02,EPL,Man United,Southampton,1642.6,1511.91,86.6,85.67,0.731777,H,H,1.0
2021-02-03,Ligue1,Strasbourg,Brest,1429.71,1442.2,84.44,81.88,0.552045,D,H,
2021-02-03,Ligue1,Bordeaux,Lille,1520.53,1686.89,82.35,86.0,0.343851,A,A,1.0
2021-02-03,Ligue1,Metz,Montpellier,1549.32,1454.54,82.09,82.96,0.691248,D,H,
2021-02-03,Ligue1,Reims,Angers,1483.4,1521.35,84.54,82.33,0.51678,D,H,
2021-02-03,Ligue1,Rennes,Lorient,1579.53,1365.86,84.84,86.43,0.8121,D,H,
2021-02-03,Ligue1,Dijon,Lyon,1364.95,1678.58,86.8,84.16,0.187518,A,A,1.0
2021-02-03,EPL,Liverpool,Brighton,1663.54,1435.65,87.25,87.29,0.823701,A,H,0.0
2021-02-03,Ligue1,Monaco,Nice,1626.14,1439.57,81.9,83.42,0.788587,H,H,1.0
2021-02-03,Ligue1,Lens,Marseille,1534.86,1514.01,81.89,86.38,0.597075,D,H,
2021-02-03,EPL,Aston Villa,West Ham,1557.91,1578.51,87.58,85.28,0.54075,A,H,0.0
2021-02-03,EPL,Fulham,Leicester,1368.66,1610.43,89.35,85.23,0.256234,A,A,1.0
2021-02-03,EPL,Burnley,Man City,1455.45,1697.24,88.32,91.14,0.257202,A,A,1.0
2021-02-03,EPL,Leeds,Everton,1512.98,1540.55,85.08,88.94,0.531027,A,H,0.0
2021-02-03,Ligue1,St Etienne,Nantes,1439.64,1405.55,81.84,82.25,0.614993,D,H,
2021-02-03,Ligue1,Paris SG,Nimes,1639.24,1340.25,84.71,84.69,0.87436,H,H,1.0
2021-02-04,EPL,Tottenham,Chelsea,1542.89,1536.83,86.5,83.02,0.577392,A,H,0.0
2021-02-05,LaLiga,Alaves,Valladolid,1411.64,1405.41,83.64,85.03,0.577499,H,H,1.0
2021-02-05,SerieA,Fiorentina,Inter,1435.55,1716.5,87.16,90.46,0.217922,A,A,1.0
2021-02-05,Bundesliga,Hertha,Bayern Munich,1373.59,1740.61,88.84,92.62,0.147937,A,A,1.0
2021-02-06,EPL,Burnley,Brighton,1444.7,1469.78,86.95,86.43,0.534524,D,H,
2021-02-06,EPL,Newcastle,Southampton,1382.53,1501.3,83.94,84.42,0.405561,H,A,0.0
2021-02-06,EPL,Fulham,West Ham,1357.66,1599.46,87.89,83.59,0.255942,D,A,
2021-02-06,EPL,Man United,Everton,1653.43,1562.84,85.28,86.91,0.685716,D,H,
2021-02-06,SerieA,Atalanta,Torino,1610.88,1383.82,86.65,89.11,0.822687,D,H,
2021-02-06,SerieA,Sassuolo,Spezia,1541.19,1375.43,88.38,85.98,0.7682,A,H,0.0
2021-02-06,LaLiga,Sevilla,Getafe,1627.44,1450.37,83.88,83.8,0.779576,H,H,1.0
2021-02-06,SerieA,Genoa,Napoli,1434.16,1591.62,86.94,90.97,0.355643,H,A,0.0
2021-02-06,SerieA,Juventus,Roma,1660.05,1656.92,88.71,88.62,0.573079,H,H,1.0
2021-02-06,LaLiga,Huesca,Real Madrid,1382.18,1642.45,84.18,88.91,0.237769,A,A,1.0
2021-02-06,LaLiga,Elche,Villarreal,1388.67,1592.79,85.66,84.64,0.298008,D,A,
2021-02-06,Bundesliga,M'gladbach,FC Koln,1584.6,1420.14,86.0,89.28,0.766336,A,H,0.0
2021-02-06,Bundesliga,Schalke 04,RB Leipzig,1260.78,1645.74,93.55,90.58,0.135504,A,A,1.0
2021-02-06,Bundesliga,Mainz,Union Berlin,1295.32,1557.09,95.11,84.94,0.235584,H,A,0.0
2021-02-06,Bundesliga,Leverkusen,Stuttgart,1570.58,1496.09,87.86,85.94,0.666273,H,H,1.0
2021-02-06,Bundesliga,Freiburg,Dortmund,1519.59,1564.07,86.46,88.28,0.507645,H,H,1.0
2021-02-06,Bundesliga,Augsburg,Wolfsburg,1424.03,1647.38,87.24,86.58,0.276441,A,A,1.0
2021-02-06,LaLiga,Levante,Granada,1522.2,1484.2,84.47,83.81,0.620006,D,H,
2021-02-06,Ligue1,Lens,Rennes,1531.36,1567.29,80.54,84.05,0.519557,D,H,
2021-02-06,Ligue1,Lyon,Strasbourg,1685.84,1427.72,83.4,82.81,0.847541,H,H,1.0
2021-02-06,Ligue1,Lorient,Reims,1378.57,1482.76,85.54,82.88,0.425142,H,A,0.0
2021-02-06,EPL,Aston Villa,Arsenal,1535.85,1503.11,85.68,82.13,0.613221,H,H,1.0
2021-02-07,LaLiga,Betis,Barcelona,1510.47,1649.97,82.12,84.68,0.37812,A,A,1.0
2021-02-07,LaLiga,Osasuna,Eibar,1400.69,1438.61,84.02,83.84,0.516782,H,H,1.0
2021-02-07,SerieA,Lazio,Cagliari,1615.35,1365.89,84.55,85.6,0.840711,H,H,1.0
2021-02-07,SerieA,Parma,Bologna,1330.55,1418.52,88.34,85.78,0.447477,A,A,1.0
2021-02-07,EPL,Sheffield United,Chelsea,1283.39,1558.13,96.58,81.55,0.222276,A,A,1.0
2021-02-07,SerieA,Milan,Crotone,1704.91,1318.04,93.68,89.38,0.918291,H,H,1.0
2021-02-07,EPL,Liverpool,Man City,1629.44,1708.65,86.39,89.55,0.459649,A,A,1.0
2021-02-07,EPL,Wolves,Leicester,1452.77,1620.49,81.7,84.07,0.341914,D,A,
2021-02-07,EPL,Tottenham,West Brom,1519.82,1275.84,84.72,88.06,0.836142,H,H,1.0
2021-02-07,Ligue1,Brest,Bordeaux,1444.07,1507.98,80.47,81.08,0.48063,H,A,0.0
2021-02-07,Ligue1,Montpellier,Dijon,1461.66,1357.25,81.75,85.89,0.702148,H,H,1.0
2021-02-07,Ligue1,Nice,Angers,1431.55,1521.96,82.57,80.86,0.443911,H,A,0.0
2021-02-07,Ligue1,Nimes,Monaco,1335.29,1633.88,84.3,81.15,0.200076,A,A,1.0
2021-02-07,Ligue1,St Etienne,Metz,1435.49,1542.34,80.51,80.93,0.421403,H,A,0.0
2021-02-07,Ligue1,Nantes,Lille,1409.74,1700.53,80.89,84.44,0.207701,A,A,1.0
2021-02-07,SerieA,Udinese,Verona,1436.92,1517.32,86.89,85.55,0.457877,H,A,0.0
2021-02-07,Ligue1,Marseille,Paris SG,1517.9,1644.2,84.64,84.31,0.39549,A,A,1.0
2021-02-07,LaLiga,Sociedad,Cadiz,1560.21,1470.72,84.21,83.15,0.684899,H,H,1.0
2021-02-07,Bundesliga,Hoffenheim,Ein Frankfurt,1445.65,1619.32,87.05,88.03,0.335003,A,A,1.0
2021-02-07,SerieA,Benevento,Sampdoria,1436.95,1484.62,85.25,87.08,0.503234,D,H,
2021-02-07,LaLiga,Ath Bilbao,Valencia,1444.19,1463.94,84.61,83.97,0.541976,D,H,
2021-02-08,EPL,Leeds,Crystal Palace,1492.51,1477.1,83.4,82.78,0.590049,H,H,1.0
2021-02-08,LaLiga,Ath Madrid,Celta,1793.05,1477.56,92.21,82.3,0.884487,D,H,
2021-02-09,LaLiga,Real Madrid,Getafe,1652.56,1441.95,87.57,82.89,0.810126,H,H,1.0
2021-02-12,LaLiga,Celta,Elche,1491.81,1396.65,82.07,84.29,0.691521,H,H,1.0
2021-02-12,Bundesliga,RB Leipzig,Augsburg,1651.8,1412.72,89.85,85.85,0.832788,H,H,1.0
2021-02-12,SerieA,Bologna,Benevento,1436.05,1436.82,84.06,83.55,0.568054,D,H,
2021-02-13,LaLiga,Granada,Ath Madrid,1488.72,1775.1,82.35,91.55,0.213042,A,A,1.0
2021-02-13,LaLiga,Sevilla,Huesca,1635.88,1373.06,82.96,83.17,0.850825,H,H,1.0
2021-02-13,SerieA,Napoli,Juventus,1563.29,1677.86,88.97,86.75,0.411363,H,A,0.0
2021-02-13,SerieA,Torino,Genoa,1397.76,1460.08,88.14,85.3,0.482884,D,A,
2021-02-13,Ligue1,Lyon,Montpellier,1691.67,1472.42,82.89,80.66,0.8178,A,H,0.0
2021-02-13,Ligue1,Reims,Lens,1461.6,1530.68,81.42,79.22,0.473395,D,A,
2021-02-13,Ligue1,Paris SG,Nice,1659.27,1451.94,82.77,81.1,0.807606,H,H,1.0
2021-02-13,SerieA,Spezia,Milan,1406.1,1708.85,84.88,93.31,0.198599,H,A,0.0
2021-02-13,LaLiga,Eibar,Valladolid,1420.43,1389.07,82.24,83.39,0.611302,D,H,
2021-02-13,LaLiga,Barcelona,Alaves,1664.52,1427.47,83.14,82.12,0.831874,H,H,1.0
2021-02-13,Bundesliga,Dortmund,Hoffenheim,1543.71,1432.09,86.3,85.45,0.710523,D,H,
2021-02-13,Bundesliga,Leverkusen,Mainz,1584.35,1332.33,86.19,93.33,0.841169,D,H,
2021-02-13,EPL,Man City,Tottenham,1728.18,1526.24,87.48,84.08,0.802379,H,H,1.0
2021-02-13,EPL,Crystal Palace,Burnley,1462.01,1443.31,81.34,85.1,0.594301,A,H,0.0
2021-02-13,EPL,Leicester,Liverpool,1614.46,1611.22,82.67,84.61,0.573459,H,H,1.0
2021-02-13,EPL,Brighton,Aston Villa,1471.16,1551.07,84.63,84.04,0.458504,D,A,
2021-02-13,Bundesliga,Union Berlin,Schalke 04,1527.51,1254.34,83.9,92.67,0.856279,D,H,
2021-02-13,Bundesliga,Werder Bremen,Freiburg,1464.83,1539.15,87.62,84.66,0.466255,D,A,
2021-02-13,Bundesliga,Stuttgart,Hertha,1482.89,1367.25,84.44,88.1,0.714691,D,H,
2021-02-14,Bundesliga,Ein Frankfurt,FC Koln,1633.18,1453.09,86.35,87.95,0.781724,H,H,1.0
2021-02-14,SerieA,Crotone,Sassuolo,1314.43,1508.81,89.16,87.12,0.309798,A,A,1.0
2021-02-14,EPL,Southampton,Wolves,1478.6,1458.46,82.86,80.48,0.596566,A,H,0.0
2021-02-14,EPL,West Brom,Man United,1268.94,1646.18,87.24,83.88,0.13939,D,A,
2021-02-14,EPL,Arsenal,Leeds,1489.08,1507.83,80.79,81.91,0.543421,H,H,1.0
2021-02-14,EPL,Everton,Fulham,1570.37,1367.83,85.39,86.53,0.802479,A,H,0.0
2021-02-14,SerieA,Roma,Udinese,1639.15,1458.71,86.67,85.06,0.782567,H,H,1.0
2021-02-14,SerieA,Sampdoria,Fiorentina,1484.75,1426.62,85.21,86.07,0.645754,H,H,1.0
2021-02-14,Bundesliga,Wolfsburg,M'gladbach,1658.52,1554.0,85.23,84.9,0.702419,D,H,
2021-02-14,SerieA,Inter,Lazio,1726.08,1621.58,89.14,83.94,0.702533,H,H,1.0
2021-02-14,LaLiga,Real Madrid,Valencia,1660.49,1465.52,86.6,82.38,0.796453,H,H,1.0
2021-02-14,SerieA,Cagliari,Atalanta,1359.51,1597.71,84.94,85.82,0.260124,A,A,1.0
2021-02-14,Ligue1,Bordeaux,Marseille,1489.57,1502.72,79.71,83.08,0.551101,D,H,
2021-02-14,Ligue1,Lille,Brest,1708.59,1462.21,83.55,79.14,0.839526,D,H,
2021-02-14,Ligue1,Rennes,St Etienne,1568.03,1455.73,82.43,79.23,0.712192,A,H,0.0
2021-02-14,Ligue1,Metz,Strasbourg,1521.89,1421.96,79.62,82.33,0.697414,A,H,0.0
2021-02-14,Ligue1,Dijon,Nimes,1345.43,1327.52,84.5,83.45,0.593362,A,H,0.0
2021-02-14,LaLiga,Villarreal,Betis,1585.0,1496.75,83.34,80.79,0.68371,A,H,0.0
2021-02-14,LaLiga,Levante,Osasuna,1517.61,1418.94,82.95,82.41,0.69592,A,H,0.0
2021-02-14,Ligue1,Angers,Nantes,1502.37,1402.31,79.53,80.21,0.697856,A,H,0.0
2021-02-14,Ligue1,Monaco,Lorient,1641.11,1401.07,80.49,83.85,0.833894,D,H,
2021-02-14,LaLiga,Getafe,Sociedad,1434.8,1572.26,82.19,82.88,0.38063,A,A,1.0
2021-02-15,Bundesliga,Bayern Munich,Bielefeld,1747.47,1361.28,91.68,87.14,0.918344,D,H,
2021-02-15,EPL,Chelsea,Newcastle,1566.21,1404.99,80.78,82.42,0.764288,H,H,1.0
2021-02-15,EPL,West Ham,Sheffield United,1590.27,1272.26,82.53,94.77,0.88377,H,H,1.0
2021-02-15,SerieA,Verona,Parma,1496.18,1312.01,83.83,86.39,0.785843,H,H,1.0
2021-02-15,LaLiga,Cadiz,Ath Bilbao,1458.96,1442.59,81.91,82.97,0.591336,A,H,0.0
2021-02-17,EPL,Everton,Man City,1538.56,1736.39,84.51,86.46,0.305626,A,A,1.0
2021-02-17,EPL,Burnley,Fulham,1466.4,1400.49,83.47,85.58,0.655634,D,H,
2021-02-17,Ligue1,Marseille,Nice,1504.63,1444.99,81.56,80.48,0.648273,H,H,1.0
2021-02-17,LaLiga,Levante,Ath Madrid,1491.71,1784.68,81.75,90.18,0.206747,D,A,
2021-02-19,Ligue1,Brest,Lyon,1473.91,1660.84,78.78,82.22,0.318059,A,A,1.0
2021-02-19,SerieA,Cagliari,Torino,1349.37,1398.46,83.77,86.18,0.501253,A,H,0.0
2021-02-19,SerieA,Fiorentina,Spezia,1412.57,1437.34,84.48,84.04,0.535032,H,H,1.0
2021-02-19,Bundesliga,Bielefeld,Wolfsburg,1378.75,1650.6,86.99,83.89,0.225467,A,A,1.0
2021-02-19,LaLiga,Betis,Getafe,1520.91,1420.95,79.71,80.85,0.697657,H,H,1.0
2021-02-19,EPL,Wolves,Leeds,1479.3,1491.34,79.23,80.48,0.552742,H,H,1.0
2021-02-20,EPL,Fulham,Sheffield United,1406.62,1266.65,84.06,94.02,0.740377,H,H,1.0
2021-02-20,EPL,Liverpool,Everton,1594.87,1526.82,82.99,83.2,0.65859,A,H,0.0
2021-02-20,LaLiga,Valladolid,Real Madrid,1393.23,1668.79,81.93,85.6,0.22218,A,A,1.0
2021-02-20,EPL,Burnley,West Brom,1460.57,1283.99,82.12,86.63,0.778619,D,H,
2021-02-20,LaLiga,Ath Madrid,Levante,1771.68,1502.37,88.95,81.04,0.855722,A,H,0.0
2021-02-20,EPL,Southampton,Chelsea,1456.54,1574.61,81.41,79.98,0.406183,D,A,
2021-02-20,Ligue1,St Etienne,Reims,1480.06,1462.55,78.33,80.01,0.593067,D,H,
2021-02-20,Ligue1,Nantes,Marseille,1426.75,1517.28,79.2,80.32,0.443717,D,A,
2021-02-20,LaLiga,Valencia,Celta,1457.96,1503.04,81.64,80.93,0.506856,H,H,1.0
2021-02-20,LaLiga,Elche,Eibar,1384.83,1416.38,82.97,80.88,0.525689,H,H,1.0
2021-02-20,Bundesliga,FC Koln,Stuttgart,1443.97,1474.65,86.8,83.21,0.52686,A,H,0.0
2021-02-20,SerieA,Sassuolo,Bologna,1521.4,1433.47,85.6,82.49,0.6831,D,H,
2021-02-20,SerieA,Genoa,Verona,1459.42,1504.36,83.6,82.95,0.507039,D,H,
2021-02-20,SerieA,Lazio,Sampdoria,1610.28,1498.53,82.71,83.69,0.710936,H,H,1.0
2021-02-20,Bundesliga,Ein Frankfurt,Bayern Munich,1641.98,1728.09,85.3,91.38,0.450259,H,A,0.0
2021-02-20,Bundesliga,Schalke 04,Dortmund,1271.1,1535.28,91.76,84.92,0.233183,A,A,1.0
2021-02-20,Bundesliga,M'gladbach,Mainz,1561.86,1348.52,83.59,92.27,0.810738,A,H,0.0
2021-02-20,Bundesliga,Freiburg,Union Berlin,1537.86,1513.81,83.02,83.44,0.601581,A,H,0.0
2021-02-21,Bundesliga,Hertha,RB Leipzig,1376.22,1659.14,86.59,88.9,0.215787,A,A,1.0
2021-02-21,EPL,Arsenal,Man City,1505.14,1748.66,79.45,85.0,0.254348,A,A,1.0
2021-02-21,LaLiga,Ath Bilbao,Villarreal,1464.48,1559.32,81.51,82.07,0.437874,D,A,
2021-02-21,LaLiga,Huesca,Granada,1367.39,1480.88,82.69,81.58,0.412452,H,A,0.0
2021-02-21,LaLiga,Sociedad,Alaves,1586.33,1421.24,81.48,81.57,0.768284,H,H,1.0
2021-02-21,LaLiga,Barcelona,Cadiz,1670.9,1437.61,82.55,80.54,0.829199,D,H,
2021-02-21,EPL,Man United,Newcastle,1632.28,1396.26,83.43,81.52,0.831172,H,H,1.0
2021-02-21,EPL,Aston Villa,Leicester,1549.5,1630.1,82.45,81.22,0.457456,A,A,1.0
2021-02-21,Ligue1,Montpellier,Rennes,1501.63,1541.75,80.11,81.31,0.513768,H,H,1.0
2021-02-21,Bundesliga,Augsburg,Leverkusen,1405.99,1570.58,85.12,85.51,0.346013,D,A,
2021-02-21,Ligue1,Lens,Dijon,1529.78,1322.72,78.0,82.92,0.807056,H,H,1.0
2021-02-21,SerieA,Benevento,Roma,1439.37,1648.0,82.02,85.6,0.292919,D,A,
2021-02-21,SerieA,Milan,Inter,1671.13,1738.75,91.93,87.5,0.475587,A,A,1.0
2021-02-21,SerieA,Atalanta,Napoli,1608.05,1588.03,84.59,87.02,0.595934,H,H,1.0
2021-02-21,Ligue1,Nice,Metz,1432.66,1497.86,79.32,78.65,0.478784,A,A,1.0
2021-02-21,Bundesliga,Hoffenheim,Werder Bremen,1440.36,1466.21,84.13,85.71,0.533489,H,H,1.0
2021-02-21,EPL,West Ham,Tottenham,1594.61,1518.62,82.31,83.28,0.668454,H,H,1.0
2021-02-21,Ligue1,Nimes,Bordeaux,1349.68,1487.82,81.97,78.47,0.379341,H,A,0.0
2021-02-21,Ligue1,Strasbourg,Angers,1447.62,1478.34,81.17,78.57,0.526898,D,H,
2021-02-21,Ligue1,Lorient,Lille,1413.99,1695.54,83.22,82.97,0.216025,A,A,1.0
2021-02-21,Ligue1,Paris SG,Monaco,1666.49,1629.21,82.06,80.04,0.619387,A,H,0.0
2021-02-21,SerieA,Parma,Udinese,1303.35,1450.16,85.35,84.09,0.368539,D,A,
2021-02-22,LaLiga,Osasuna,Sevilla,1444.51,1641.53,81.25,82.49,0.306037,A,A,1.0
2021-02-22,EPL,Brighton,Crystal Palace,1472.75,1440.86,82.98,80.03,0.612273,A,H,0.0
2021-02-22,SerieA,Juventus,Crotone,1654.3,1301.28,85.0,87.48,0.903389,H,H,1.0
2021-02-23,EPL,Leeds,Southampton,1475.69,1459.9,79.17,80.07,0.590744,H,H,1.0
2021-02-24,Ligue1,Nimes,Lorient,1372.22,1405.83,80.63,82.37,0.522808,H,H,1.0
2021-02-24,LaLiga,Barcelona,Elche,1658.57,1402.37,81.96,81.45,0.846386,H,H,1.0
2021-02-26,Ligue1,Rennes,Nice,1524.42,1416.35,79.91,78.08,0.707487,A,H,0.0
2021-02-26,Bundesliga,Werder Bremen,Ein Frankfurt,1447.92,1663.24,83.96,83.63,0.284992,H,A,0.0
2021-02-26,LaLiga,Levante,Ath Bilbao,1533.18,1466.7,80.68,80.13,0.656969,D,H,
2021-02-27,EPL,West Brom,Brighton,1295.38,1450.02,85.53,81.56,0.3582,H,A,0.0
2021-02-27,EPL,Newcastle,Wolves,1390.09,1494.49,81.0,78.02,0.424584,D,A,
2021-02-27,SerieA,Bologna,Lazio,1440.18,1620.98,81.29,81.58,0.325429,H,A,0.0
2021-02-27,Ligue1,Bordeaux,Metz,1467.12,1513.9,77.4,77.47,0.504497,A,H,0.0
2021-02-27,Ligue1,Dijon,Paris SG,1315.47,1643.98,82.19,80.72,0.174647,A,A,1.0
2021-02-27,SerieA,Verona,Juventus,1504.62,1658.16,81.43,84.8,0.359966,D,A,
2021-02-27,LaLiga,Getafe,Valencia,1410.21,1475.66,79.79,80.22,0.478478,H,A,0.0
2021-02-27,EPL,Leeds,Aston Villa,1489.58,1532.78,78.0,80.97,0.509479,A,H,0.0
2021-02-27,EPL,Man City,West Ham,1758.61,1606.74,83.84,81.07,0.75499,H,H,1.0
2021-02-27,LaLiga,Alaves,Osasuna,1412.82,1433.56,80.74,80.16,0.540721,A,H,0.0
2021-02-27,Bundesliga,Dortmund,Bielefeld,1544.39,1369.51,83.89,85.85,0.777128,H,H,1.0
2021-02-27,LaLiga,Eibar,Huesca,1399.68,1389.0,79.53,81.25,0.58376,D,H,
2021-02-27,SerieA,Spezia,Parma,1419.77,1308.48,82.44,83.78,0.710388,D,H,
2021-02-27,Bundesliga,RB Leipzig,M'gladbach,1668.33,1531.1,87.7,82.87,0.739299,H,H,1.0
2021-02-27,Bundesliga,Bayern Munich,FC Koln,1703.81,1422.81,89.13,84.95,0.862916,H,H,1.0
2021-02-27,LaLiga,Sevilla,Barcelona,1652.8,1664.26,81.31,81.5,0.553499,A,H,0.0
2021-02-27,Bundesliga,Stuttgart,Schalke 04,1494.15,1260.54,81.68,90.25,0.827709,H,H,1.0
2021-02-27,Bundesliga,Wolfsburg,Hertha,1659.23,1367.47,82.95,85.55,0.869732,H,H,1.0
2021-02-28,SerieA,Roma,Milan,1639.8,1649.94,84.24,89.62,0.554948,A,H,0.0
2021-02-28,Ligue1,Marseille,Lyon,1515.32,1672.49,79.02,81.02,0.354921,D,A,
2021-02-28,Bundesliga,Leverkusen,Freiburg,1564.54,1515.58,84.0,81.58,0.634475,A,H,0.0
2021-02-28,Bundesliga,Mainz,Augsburg,1385.97,1411.97,91.02,83.64,0.533324,A,H,0.0
2021-02-28,Bundesliga,Union Berlin,Hoffenheim,1536.31,1458.01,81.96,82.52,0.671385,D,H,
2021-02-28,LaLiga,Celta,Valladolid,1485.65,1385.11,79.56,81.13,0.698295,D,H,
2021-02-28,Ligue1,Angers,Lens,1479.23,1536.24,77.4,77.54,0.490217,D,A,
2021-02-28,Ligue1,Lorient,St Etienne,1388.42,1476.96,80.89,77.23,0.446336,H,A,0.0
2021-02-28,Ligue1,Nimes,Nantes,1388.93,1428.66,79.3,77.99,0.514351,D,H,
2021-02-28,Ligue1,Reims,Montpellier,1465.78,1518.47,78.78,78.82,0.496251,D,A,
2021-02-28,Ligue1,Lille,Strasbourg,1703.65,1446.66,82.13,79.78,0.847239,D,H,
2021-02-28,Ligue1,Monaco,Brest,1650.66,1463.18,78.86,77.83,0.790374,H,H,1.0
2021-02-28,SerieA,Udinese,Fiorentina,1445.18,1430.32,82.63,82.84,0.589304,H,H,1.0
2021-02-28,SerieA,Napoli,Benevento,1571.71,1446.9,85.24,80.93,0.72605,H,H,1.0
2021-02-28,SerieA,Crotone,Cagliari,1297.21,1330.57,87.19,82.19,0.523163,A,H,0.0
2021-02-28,SerieA,Sampdoria,Atalanta,1487.58,1623.51,82.49,83.03,0.382648,A,A,1.0
2021-02-28,LaLiga,Cadiz,Betis,1449.35,1531.37,80.06,78.74,0.455414,A,A,1.0
2021-02-28,LaLiga,Granada,Elche,1459.83,1396.75,80.23,81.02,0.652587,H,H,1.0
2021-02-28,LaLiga,Villarreal,Ath Madrid,1557.07,1734.57,80.64,88.21,0.330314,A,A,1.0
2021-02-28,EPL,Tottenham,Burnley,1506.21,1450.35,81.96,81.31,0.643386,H,H,1.0
2021-02-28,EPL,Leicester,Arsenal,1646.35,1496.39,79.85,78.67,0.753389,A,H,0.0
2021-02-28,EPL,Crystal Palace,Fulham,1462.03,1416.48,78.83,82.98,0.629926,D,H,
2021-02-28,SerieA,Inter,Genoa,1758.02,1459.16,85.62,82.02,0.874729,H,H,1.0
2021-02-28,EPL,Sheffield United,Liverpool,1254.46,1570.41,92.18,81.68,0.185128,A,A,1.0
2021-02-28,EPL,Chelsea,Man United,1571.37,1638.73,78.76,82.81,0.475855,D,A,
2021-03-01,LaLiga,Real Madrid,Sociedad,1677.62,1594.73,84.57,80.65,0.677231,D,H,
2021-03-01,EPL,Everton,Southampton,1551.39,1445.7,81.87,78.84,0.704624,H,H,1.0
2021-03-02,SerieA,Juventus,Spezia,1652.73,1412.02,83.29,81.33,0.83484,H,H,1.0
2021-03-02,EPL,Man City,Wolves,1767.97,1492.01,82.81,76.93,0.860911,H,H,1.0
2021-03-03,Ligue1,Nice,Nimes,1439.9,1388.45,77.25,78.06,0.638044,H,H,1.0
2021-03-03,Ligue1,St Etienne,Lens,1459.05,1535.92,76.18,76.43,0.462498,A,A,1.0
2021-03-03,Ligue1,Lille,Marseille,1690.73,1520.23,81.67,77.96,0.77419,H,H,1.0
2021-03-03,Ligue1,Nantes,Reims,1429.13,1465.91,76.86,77.58,0.518472,A,H,0.0
2021-03-03,Ligue1,Montpellier,Lorient,1518.34,1408.0,77.61,79.54,0.709901,D,H,
2021-03-03,SerieA,Genoa,Sampdoria,1454.49,1473.56,81.73,81.12,0.542993,D,H,
2021-03-03,Ligue1,Strasbourg,Monaco,1458.85,1657.84,79.43,78.27,0.303152,H,A,0.0
2021-03-03,Ligue1,Bordeaux,Paris SG,1450.7,1650.24,76.3,80.21,0.302749,A,A,1.0
2021-03-03,Ligue1,Metz,Angers,1530.35,1479.55,76.36,76.3,0.637356,A,H,0.0
2021-03-03,SerieA,Cagliari,Bologna,1349.49,1464.32,80.75,80.14,0.410546,H,A,0.0
2021-03-03,Ligue1,Brest,Dijon,1456.18,1308.99,77.3,81.6,0.750046,H,H,1.0
2021-03-03,SerieA,Fiorentina,Roma,1415.17,1618.8,81.4,82.66,0.298299,A,A,1.0
2021-03-03,EPL,Burnley,Leicester,1437.6,1620.05,80.08,79.06,0.323113,D,A,
2021-03-03,EPL,Sheffield United,Aston Villa,1245.92,1550.82,90.95,79.6,0.194253,H,A,0.0
2021-03-03,EPL,Crystal Palace,Man United,1457.66,1637.84,77.76,81.29,0.32616,D,A,
2021-03-03,SerieA,Benevento,Verona,1437.14,1509.63,79.97,80.2,0.468679,A,A,1.0
2021-03-03,SerieA,Milan,Udinese,1673.6,1460.26,87.55,81.19,0.812752,D,H,
2021-03-03,SerieA,Sassuolo,Napoli,1514.17,1582.49,84.16,83.98,0.474557,D,A,
2021-03-03,SerieA,Atalanta,Crotone,1637.7,1276.01,81.61,85.3,0.907841,H,H,1.0
2021-03-03,Ligue1,Lyon,Rennes,1667.32,1499.78,79.81,78.95,0.771127,H,H,1.0
2021-03-04,EPL,West Brom,Everton,1320.59,1562.15,83.97,80.76,0.255755,A,A,1.0
2021-03-04,SerieA,Parma,Inter,1316.47,1763.08,82.57,85.18,0.099397,A,A,1.0
2021-03-04,EPL,Liverpool,Chelsea,1577.2,1572.18,81.08,77.58,0.576293,A,H,0.0
2021-03-04,EPL,Fulham,Tottenham,1421.32,1519.15,81.58,80.68,0.433712,A,A,1.0
2021-03-05,Bundesliga,Schalke 04,Mainz,1252.97,1362.57,89.24,88.79,0.418175,D,A,
2021-03-05,LaLiga,Valencia,Villarreal,1457.53,1545.48,78.91,79.55,0.447248,H,A,0.0
2021-03-06,LaLiga,Osasuna,Barcelona,1452.32,1684.06,78.87,80.12,0.266213,A,A,1.0
2021-03-06,SerieA,Juventus,Lazio,1659.03,1596.67,82.7,80.41,0.651736,H,H,1.0
2021-03-06,Bundesliga,Hoffenheim,Wolfsburg,1464.32,1664.17,81.28,82.6,0.302708,H,A,0.0
2021-03-06,Bundesliga,Hertha,Augsburg,1362.24,1431.84,85.08,82.09,0.472731,H,A,0.0
2021-03-06,Bundesliga,Freiburg,RB Leipzig,1538.34,1679.15,80.31,86.33,0.37656,A,A,1.0
2021-03-06,Bundesliga,Ein Frankfurt,Stuttgart,1636.21,1500.43,82.45,81.15,0.738001,D,H,
2021-03-06,LaLiga,Cadiz,Eibar,1433.57,1396.81,78.77,78.33,0.618842,H,H,1.0
2021-03-06,LaLiga,Elche,Sevilla,1384.4,1633.09,79.83,79.94,0.248128,H,A,0.0
2021-03-06,LaLiga,Valladolid,Getafe,1392.21,1428.15,80.06,78.52,0.51962,H,H,1.0
2021-03-06,SerieA,Udinese,Sassuolo,1471.48,1515.14,80.6,82.54,0.508835,H,H,1.0
2021-03-06,SerieA,Spezia,Benevento,1406.0,1420.95,80.84,78.69,0.548786,D,H,
2021-03-06,Bundesliga,Bayern Munich,Dortmund,1709.77,1552.91,88.45,82.97,0.759791,H,H,1.0
2021-03-06,Bundesliga,M'gladbach,Leverkusen,1521.39,1540.45,81.84,82.54,0.542966,A,H,0.0
2021-03-06,EPL,Aston Villa,Wolves,1523.04,1487.41,79.06,76.77,0.617485,D,H,
2021-03-06,EPL,Sheffield United,Southampton,1282.13,1435.69,89.73,77.94,0.359235,A,A,1.0
2021-03-06,EPL,Burnley,Arsenal,1443.77,1521.93,79.02,77.95,0.460747,D,A,
2021-03-06,EPL,Brighton,Leicester,1427.04,1614.04,80.31,78.07,0.317457,A,A,1.0
2021-03-07,EPL,Liverpool,Fulham,1556.72,1405.77,79.74,80.2,0.754184,A,H,0.0
2021-03-07,LaLiga,Ath Bilbao,Granada,1472.16,1471.95,79.02,79.1,0.569638,H,H,1.0
2021-03-07,LaLiga,Sociedad,Levante,1600.95,1527.64,79.56,79.53,0.66558,H,H,1.0
2021-03-07,LaLiga,Ath Madrid,Real Madrid,1748.31,1670.78,86.51,83.18,0.670357,D,H,
2021-03-07,LaLiga,Huesca,Celta,1391.99,1478.82,79.91,78.6,0.448758,A,A,1.0
2021-03-07,SerieA,Roma,Genoa,1629.84,1452.94,81.5,80.32,0.779997,H,H,1.0
2021-03-07,EPL,Man City,Man United,1773.25,1631.58,82.39,80.13,0.744465,A,H,0.0
2021-03-07,EPL,West Brom,Newcastle,1310.8,1392.76,82.88,79.66,0.455524,D,A,
2021-03-07,SerieA,Crotone,Torino,1272.31,1418.32,85.13,84.38,0.369614,H,A,0.0
2021-03-07,SerieA,Fiorentina,Parma,1404.46,1312.72,80.32,82.44,0.687688,D,H,
2021-03-07,SerieA,Verona,Milan,1525.91,1660.53,78.89,86.59,0.384679,A,A,1.0
2021-03-07,SerieA,Sampdoria,Cagliari,1475.09,1370.25,79.76,79.46,0.703549,D,H,
2021-03-07,Bundesliga,FC Koln,Werder Bremen,1417.36,1475.16,84.47,82.76,0.489143,D,A,
2021-03-07,Bundesliga,Bielefeld,Union Berlin,1360.61,1530.08,84.8,80.76,0.339345,D,A,
2021-03-07,SerieA,Napoli,Bologna,1581.53,1443.86,82.38,78.9,0.740376,H,H,1.0
2021-03-07,EPL,Tottenham,Crystal Palace,1534.38,1463.38,79.38,76.86,0.663001,H,H,1.0
2021-03-08,EPL,West Ham,Leeds,1597.95,1472.8,80.21,76.87,0.727015,H,H,1.0
2021-03-08,LaLiga,Betis,Alaves,1546.65,1393.81,77.56,79.4,0.756259,H,H,1.0
2021-03-08,SerieA,Inter,Atalanta,1767.06,1641.11,84.96,81.56,0.727219,H,H,1.0
2021-03-08,EPL,Chelsea,Everton,1590.98,1571.25,76.51,79.89,0.596069,H,H,1.0
2021-03-10,Ligue1,Marseille,Rennes,1512.68,1491.95,77.36,78.28,0.59752,H,H,1.0
2021-03-10,LaLiga,Ath Madrid,Ath Bilbao,1741.47,1486.72,84.95,77.84,0.845936,H,H,1.0
2021-03-10,EPL,Man City,Southampton,1745.73,1447.51,81.4,76.97,0.875145,H,H,1.0
2021-03-10,Bundesliga,Bielefeld,Werder Bremen,1366.83,1474.77,83.34,81.26,0.41996,A,A,1.0
2021-03-12,LaLiga,Levante,Valencia,1516.14,1476.17,78.48,77.72,0.623131,H,H,1.0
2021-03-12,SerieA,Atalanta,Spezia,1631.25,1404.28,80.57,79.5,0.824318,H,H,1.0
2021-03-12,SerieA,Lazio,Crotone,1584.48,1296.79,79.27,83.58,0.867486,H,H,1.0
2021-03-12,Bundesliga,Augsburg,M'gladbach,1412.78,1501.84,80.65,80.42,0.445759,H,A,0.0
2021-03-12,EPL,Newcastle,Aston Villa,1391.24,1519.04,78.42,77.93,0.392989,D,A,
2021-03-12,Ligue1,Reims,Lyon,1482.86,1675.31,76.47,79.09,0.311023,D,A,
2021-03-13,Bundesliga,Dortmund,Hertha,1543.92,1382.66,82.02,83.38,0.764165,H,H,1.0
2021-03-13,Bundesliga,Werder Bremen,Bayern Munich,1489.7,1719.92,79.92,87.13,0.268954,A,A,1.0
2021-03-13,SerieA,Sassuolo,Verona,1497.15,1512.98,81.05,77.8,0.547589,H,H,1.0
2021-03-13,SerieA,Benevento,Fiorentina,1422.58,1397.89,77.52,79.28,0.602763,A,H,0.0
2021-03-13,SerieA,Genoa,Udinese,1445.16,1488.67,79.61,79.27,0.50906,D,H,
2021-03-13,Ligue1,Marseille,Brest,1525.78,1464.36,76.34,76.66,0.650949,H,H,1.0
2021-03-13,Ligue1,Angers,St Etienne,1499.83,1444.43,75.41,75.18,0.643404,A,H,0.0
2021-03-13,Bundesliga,Wolfsburg,Schalke 04,1638.39,1256.42,81.43,87.26,0.916557,H,H,1.0
2021-03-13,Bundesliga,Mainz,Freiburg,1359.16,1525.25,86.85,79.13,0.343409,H,A,0.0
2021-03-13,Bundesliga,Union Berlin,FC Koln,1524.44,1417.78,79.62,82.81,0.705202,H,H,1.0
2021-03-13,EPL,Fulham,Man City,1432.3,1750.33,79.39,81.14,0.183297,A,A,1.0
2021-03-13,EPL,Everton,Burnley,1557.27,1445.1,78.66,77.81,0.712248,A,H,0.0
2021-03-13,LaLiga,Getafe,Ath Madrid,1412.12,1747.59,77.35,84.34,0.169744,D,A,
2021-03-13,EPL,Leeds,Chelsea,1463.95,1603.85,76.17,75.55,0.376781,D,A,
2021-03-13,EPL,Crystal Palace,West Brom,1452.51,1312.44,75.99,81.36,0.742571,H,H,1.0
2021-03-13,LaLiga,Real Madrid,Elche,1677.11,1410.6,81.89,79.03,0.85411,H,H,1.0
2021-03-13,LaLiga,Osasuna,Valladolid,1443.27,1408.85,78.07,78.76,0.61572,D,H,
2021-03-13,LaLiga,Alaves,Cadiz,1385.39,1446.41,78.64,77.67,0.484603,D,A,
2021-03-14,Bundesliga,Leverkusen,Bielefeld,1560.33,1351.15,81.06,81.83,0.809079,A,H,0.0
2021-03-14,SerieA,Milan,Napoli,1675.98,1591.13,84.87,81.37,0.679529,A,H,0.0
2021-03-14,SerieA,Torino,Inter,1394.25,1777.72,82.89,83.73,0.135262,A,A,1.0
2021-03-14,SerieA,Parma,Roma,1319.64,1637.83,81.25,80.72,0.18309,H,A,0.0
2021-03-14,SerieA,Bologna,Sampdoria,1435.02,1468.03,78.12,78.8,0.523703,H,H,1.0
2021-03-14,LaLiga,Celta,Ath Bilbao,1493.83,1481.53,77.44,77.57,0.586197,D,H,
2021-03-14,LaLiga,Granada,Sociedad,1457.36,1612.46,77.91,78.51,0.357316,H,A,0.0
2021-03-14,SerieA,Cagliari,Juventus,1377.25,1671.89,78.52,81.39,0.203667,A,A,1.0
2021-03-14,LaLiga,Sevilla,Betis,1606.82,1554.7,79.13,76.91,0.639008,H,H,1.0
2021-03-14,EPL,Man United,West Ham,1657.64,1607.55,79.29,79.29,0.63616,H,H,1.0
2021-03-14,EPL,Leicester,Sheffield United,1624.59,1266.66,77.16,87.8,0.905688,H,H,1.0
2021-03-14,Bundesliga,Stuttgart,Hoffenheim,1508.95,1489.29,80.22,80.2,0.595954,H,H,1.0
2021-03-14,Bundesliga,RB Leipzig,Ein Frankfurt,1694.18,1627.41,84.65,81.44,0.65719,D,H,
2021-03-14,Ligue1,Nimes,Montpellier,1376.44,1511.43,77.04,76.81,0.383356,D,A,
2021-03-14,Ligue1,Dijon,Bordeaux,1299.91,1441.06,80.69,75.55,0.375147,A,A,1.0
2021-03-14,EPL,Arsenal,Tottenham,1520.63,1545.94,76.82,78.32,0.534426,H,H,1.0
2021-03-14,Ligue1,Lorient,Nice,1415.26,1451.67,78.61,76.29,0.518997,D,H,
2021-03-14,Ligue1,Lens,Metz,1550.63,1510.04,75.41,75.47,0.624144,D,H,
2021-03-14,Ligue1,Monaco,Lille,1634.55,1698.98,77.39,80.85,0.479899,D,A,
2021-03-14,Ligue1,Paris SG,Nantes,1660.85,1412.48,79.19,75.8,0.841562,A,H,0.0
2021-03-14,EPL,Southampton,Brighton,1443.38,1415.9,76.89,79.25,0.606475,A,H,0.0
2021-03-14,Ligue1,Rennes,Strasbourg,1478.55,1482.83,77.19,78.47,0.563505,H,H,1.0
2021-03-14,LaLiga,Eibar,Villarreal,1384.1,1526.55,77.27,78.31,0.373679,A,A,1.0
2021-03-15,EPL,Wolves,Liverpool,1491.18,1530.5,75.82,78.96,0.514902,A,H,0.0
2021-03-15,LaLiga,Barcelona,Huesca,1693.39,1376.49,79.23,78.64,0.885863,H,H,1.0
2021-03-17,SerieA,Torino,Sassuolo,1389.13,1513.2,82.51,79.68,0.398103,H,A,0.0
2021-03-17,LaLiga,Sevilla,Elche,1619.11,1405.55,78.04,78.75,0.813351,H,H,1.0
2021-03-19,Bundesliga,Bielefeld,RB Leipzig,1380.88,1688.11,81.18,83.2,0.19284,A,A,1.0
2021-03-19,EPL,Fulham,Leeds,1425.94,1467.85,78.9,75.26,0.51131,A,H,0.0
2021-03-19,LaLiga,Betis,Levante,1543.06,1528.76,75.99,77.41,0.588897,H,H,1.0
2021-03-19,SerieA,Parma,Genoa,1349.28,1444.85,80.66,78.35,0.436695,A,A,1.0
2021-03-19,Ligue1,St Etienne,Monaco,1464.35,1635.2,74.37,76.3,0.337127,A,A,1.0
2021-03-20,LaLiga,Ath Bilbao,Eibar,1484.35,1371.95,76.51,76.29,0.712707,D,H,
2021-03-20,Bundesliga,Bayern Munich,Stuttgart,1730.91,1523.02,85.75,78.98,0.808459,H,H,1.0
2021-03-20,Bundesliga,Ein Frankfurt,Union Berlin,1633.02,1534.6,80.24,78.68,0.69613,H,H,1.0
2021-03-20,Bundesliga,FC Koln,Dortmund,1406.83,1552.56,81.65,81.15,0.369653,D,A,
2021-03-20,Bundesliga,Werder Bremen,Wolfsburg,1480.37,1641.46,79.06,81.45,0.349974,A,A,1.0
2021-03-20,LaLiga,Valladolid,Sevilla,1412.75,1625.39,77.65,77.61,0.287195,D,A,
2021-03-20,Bundesliga,Schalke 04,M'gladbach,1252.93,1482.49,87.09,79.12,0.268448,A,A,1.0
2021-03-20,LaLiga,Huesca,Osasuna,1372.56,1439.43,78.55,77.02,0.476424,D,A,
2021-03-20,Ligue1,Metz,Rennes,1513.91,1492.68,74.61,76.13,0.598336,A,H,0.0
2021-03-20,Ligue1,Nice,Marseille,1452.27,1536.9,75.28,75.47,0.451685,H,A,0.0
2021-03-20,EPL,Brighton,Newcastle,1436.59,1394.82,78.09,77.33,0.625523,H,H,1.0
2021-03-20,SerieA,Spezia,Cagliari,1398.15,1370.35,79.04,77.98,0.607015,H,H,1.0
2021-03-20,SerieA,Crotone,Bologna,1291.7,1450.78,83.18,76.97,0.352066,A,A,1.0
2021-03-20,LaLiga,Celta,Real Madrid,1491.02,1682.52,76.39,81.48,0.312477,A,A,1.0
2021-03-21,Ligue1,Strasbourg,Lens,1468.24,1546.77,77.32,74.56,0.460126,A,A,1.0
2021-03-21,LaLiga,Valencia,Granada,1463.78,1478.6,76.71,76.92,0.549026,H,H,1.0
2021-03-21,Ligue1,Dijon,Reims,1286.66,1488.91,79.45,75.69,0.29898,A,A,1.0
2021-03-21,Ligue1,Montpellier,Bordeaux,1507.67,1452.75,75.85,74.7,0.642844,H,H,1.0
2021-03-21,Ligue1,Lyon,Paris SG,1668.85,1631.58,78.12,78.83,0.619481,A,H,0.0
2021-03-21,Ligue1,Lille,Nimes,1698.26,1380.21,79.48,76.06,0.886907,A,H,0.0
2021-03-21,Ligue1,Nantes,Lorient,1439.31,1414.62,75.6,77.42,0.60289,D,H,
2021-03-21,LaLiga,Getafe,Elche,1423.01,1399.16,77.03,78.27,0.601708,D,H,
2021-03-21,LaLiga,Sociedad,Barcelona,1590.9,1697.38,77.47,79.12,0.421816,A,A,1.0
2021-03-21,Ligue1,Brest,Angers,1453.15,1479.79,75.77,74.59,0.532674,D,H,
2021-03-21,LaLiga,Ath Madrid,Alaves,1734.62,1385.91,83.67,77.45,0.90281,H,H,1.0
2021-03-21,LaLiga,Villarreal,Cadiz,1539.02,1445.91,77.25,76.56,0.690085,H,H,1.0
2021-03-21,Bundesliga,Hoffenheim,Mainz,1475.24,1385.77,78.96,85.21,0.684598,A,H,0.0
2021-03-21,SerieA,Verona,Atalanta,1498.14,1637.53,76.7,80.06,0.37784,A,A,1.0
2021-03-21,SerieA,Juventus,Benevento,1679.28,1402.9,80.69,76.49,0.861261,A,H,0.0
2021-03-21,SerieA,Sampdoria,Torino,1452.01,1411.22,77.6,81.1,0.623897,H,H,1.0
2021-03-21,SerieA,Udinese,Lazio,1488.98,1589.09,78.03,79.06,0.430507,A,A,1.0
2021-03-21,SerieA,Roma,Napoli,1608.58,1615.43,80.16,80.24,0.559888,A,H,0.0
2021-03-21,EPL,Aston Villa,Tottenham,1515.51,1530.44,76.88,77.16,0.548864,A,H,0.0
2021-03-21,SerieA,Fiorentina,Milan,1418.45,1649.59,78.12,83.46,0.267379,A,A,1.0
2021-03-21,Bundesliga,Hertha,Leverkusen,1373.75,1531.16,82.42,80.45,0.354554,H,A,0.0
2021-03-21,Bundesliga,Freiburg,Augsburg,1503.05,1432.24,78.1,79.33,0.662485,H,H,1.0
2021-03-21,EPL,West Ham,Arsenal,1595.13,1535.57,78.19,75.78,0.648672,D,H,
2021-04-02,LaLiga,Levante,Huesca,1515.35,1373.34,76.36,77.37,0.745245,A,H,0.0
2021-04-03,Ligue1,Lens,Lyon,1560.74,1648.3,73.68,77.07,0.447686,D,A,
2021-04-03,Ligue1,Paris SG,Lille,1652.49,1667.0,77.73,79.37,0.549364,A,H,0.0
2021-04-03,Ligue1,Monaco,Metz,1645.95,1495.68,75.46,73.77,0.754444,H,H,1.0
2021-04-03,Bundesliga,Wolfsburg,FC Koln,1654.03,1411.52,80.22,80.36,0.836388,H,H,1.0
2021-04-03,Bundesliga,RB Leipzig,Bayern Munich,1695.41,1738.62,82.46,84.87,0.509436,A,H,0.0
2021-04-03,SerieA,Cagliari,Verona,1357.36,1486.04,76.92,75.76,0.391653,A,A,1.0
2021-04-03,SerieA,Lazio,Spezia,1603.67,1411.48,77.87,77.9,0.794686,H,H,1.0
2021-04-03,SerieA,Torino,Juventus,1397.83,1648.16,79.83,80.37,0.246493,D,A,
2021-04-03,SerieA,Genoa,Fiorentina,1459.38,1409.55,77.21,77.37,0.636009,D,H,
2021-04-03,SerieA,Milan,Sampdoria,1659.69,1464.31,82.35,76.6,0.797794,D,H,
2021-04-03,SerieA,Atalanta,Udinese,1650.67,1474.75,78.87,76.92,0.779601,H,H,1.0
2021-04-03,SerieA,Benevento,Parma,1430.87,1333.92,76.35,79.34,0.694302,D,H,
2021-04-03,SerieA,Bologna,Inter,1462.14,1782.94,76.07,83.3,0.181376,A,A,1.0
2021-04-03,LaLiga,Osasuna,Getafe,1438.67,1419.73,75.95,76.03,0.595272,D,H,
2021-04-03,SerieA,Sassuolo,Roma,1492.55,1589.14,78.5,78.88,0.435326,D,A,
2021-04-03,Bundesliga,Augsburg,Hoffenheim,1420.69,1452.08,78.28,78.01,0.525965,H,H,1.0
2021-04-03,SerieA,Napoli,Crotone,1634.9,1278.53,78.95,81.8,0.905867,H,H,1.0
2021-04-03,LaLiga,Real Madrid,Eibar,1693.78,1378.75,80.35,75.58,0.885271,H,H,1.0
2021-04-03,LaLiga,Granada,Villarreal,1464.08,1549.14,75.87,76.41,0.451123,A,A,1.0
2021-04-03,Bundesliga,M'gladbach,Freiburg,1491.66,1514.26,78.31,77.14,0.538226,H,H,1.0
2021-04-03,Bundesliga,Dortmund,Ein Frankfurt,1547.93,1643.67,79.9,79.22,0.436505,A,A,1.0
2021-04-03,Bundesliga,Leverkusen,Schalke 04,1508.56,1241.91,79.29,85.72,0.853068,H,H,1.0
2021-04-03,EPL,Arsenal,Liverpool,1540.23,1547.91,74.95,77.73,0.558849,A,H,0.0
2021-04-03,Bundesliga,Mainz,Bielefeld,1412.64,1373.92,83.79,80.55,0.621241,D,H,
2021-04-03,EPL,Chelsea,West Brom,1600.0,1303.15,74.68,80.43,0.873757,A,H,0.0
2021-04-03,EPL,Leeds,Sheffield United,1483.63,1262.69,74.32,87.52,0.817985,H,H,1.0
2021-04-03,EPL,Leicester,Man City,1627.71,1756.96,77.25,80.56,0.391277,A,A,1.0
2021-04-04,LaLiga,Sevilla,Ath Madrid,1618.37,1738.41,76.81,83.51,0.403789,H,A,0.0
2021-04-04,EPL,Aston Villa,Fulham,1497.87,1408.66,75.83,77.68,0.685256,H,H,1.0
2021-04-04,LaLiga,Cadiz,Valencia,1435.96,1478.22,75.77,75.68,0.510822,H,H,1.0
2021-04-04,EPL,Southampton,Burnley,1423.87,1468.68,75.91,77.0,0.50725,H,H,1.0
2021-04-04,Bundesliga,Union Berlin,Hertha,1524.34,1397.43,77.77,81.1,0.728345,D,H,
2021-04-04,Bundesliga,Stuttgart,Werder Bremen,1516.42,1468.5,78.48,78.01,0.633477,H,H,1.0
2021-04-04,LaLiga,Alaves,Celta,1382.63,1481.07,77.5,75.61,0.432626,A,A,1.0
2021-04-04,EPL,Man United,Brighton,1670.06,1449.02,78.19,77.05,0.819883,H,H,1.0
2021-04-04,EPL,Newcastle,Tottenham,1382.62,1548.22,76.35,76.09,0.343702,D,A,
2021-04-04,LaLiga,Elche,Betis,1402.55,1556.0,77.18,75.05,0.359098,D,A,
2021-04-04,Ligue1,Bordeaux,Strasbourg,1441.82,1453.26,73.93,76.23,0.553725,A,H,0.0
2021-04-04,Ligue1,Angers,Montpellier,1480.78,1518.93,73.7,75.0,0.516588,D,H,
2021-04-04,Ligue1,Marseille,Dijon,1519.85,1276.35,74.52,78.49,0.837459,H,H,1.0
2021-04-04,Ligue1,Nimes,St Etienne,1408.84,1454.12,76.08,73.66,0.506622,A,H,0.0
2021-04-04,Ligue1,Reims,Rennes,1498.3,1511.63,74.98,75.19,0.551154,D,H,
2021-04-04,Ligue1,Nantes,Nice,1436.1,1469.24,74.7,74.35,0.523597,A,H,0.0
2021-04-04,Ligue1,Lorient,Brest,1417.99,1452.13,76.39,74.79,0.522193,H,H,1.0
2021-04-05,EPL,Wolves,West Ham,1475.07,1590.17,74.84,77.19,0.409993,A,A,1.0
2021-04-05,EPL,Everton,Crystal Palace,1533.18,1460.67,77.8,75.39,0.665051,D,H,
2021-04-05,LaLiga,Barcelona,Valladolid,1711.69,1419.78,77.94,76.86,0.871262,H,H,1.0
2021-04-07,LaLiga,Sociedad,Ath Bilbao,1577.15,1477.52,76.42,75.78,0.69793,D,H,
2021-04-07,SerieA,Juventus,Napoli,1639.21,1638.17,79.55,78.98,0.570768,H,H,1.0
2021-04-07,SerieA,Inter,Sassuolo,1789.82,1494.71,82.62,77.35,0.873172,H,H,1.0
2021-04-09,LaLiga,Huesca,Elche,1397.87,1407.14,76.69,76.23,0.556728,H,H,1.0
2021-04-09,Bundesliga,Bielefeld,Freiburg,1378.15,1499.33,79.34,76.08,0.401727,H,A,0.0
2021-04-09,EPL,Fulham,Wolves,1398.28,1462.52,76.8,73.98,0.48005,A,A,1.0
2021-04-09,Ligue1,Metz,Lille,1488.29,1685.75,73.33,78.14,0.304932,A,A,1.0
2021-04-10,Bundesliga,Stuttgart,Dortmund,1528.7,1532.86,77.43,78.65,0.563665,A,H,0.0
2021-04-10,EPL,Man City,Leeds,1770.71,1489.17,79.31,74.1,0.865041,A,H,0.0
2021-04-10,Bundesliga,Hertha,M'gladbach,1405.64,1507.03,80.13,77.15,0.428656,D,A,
2021-04-10,EPL,Liverpool,Aston Villa,1566.29,1507.78,76.63,75.08,0.647401,H,H,1.0
2021-04-10,EPL,Crystal Palace,Chelsea,1465.79,1572.82,74.62,74.68,0.420819,A,A,1.0
2021-04-10,Bundesliga,Bayern Munich,Union Berlin,1758.25,1516.79,83.18,77.02,0.836143,D,H,
2021-04-10,Bundesliga,Werder Bremen,RB Leipzig,1456.36,1676.84,76.99,80.98,0.278796,A,A,1.0
2021-04-10,Ligue1,Montpellier,Marseille,1519.44,1524.87,74.07,74.36,0.562096,D,H,
2021-04-10,Bundesliga,Ein Frankfurt,Wolfsburg,1658.5,1659.84,78.02,79.79,0.567467,H,H,1.0
2021-04-10,LaLiga,Eibar,Levante,1375.07,1491.45,75.6,75.74,0.408168,A,A,1.0
2021-04-10,LaLiga,Ath Bilbao,Alaves,1483.75,1368.48,75.06,76.42,0.715968,D,H,
2021-04-10,LaLiga,Getafe,Cadiz,1422.74,1451.27,75.09,74.79,0.530017,A,H,0.0
2021-04-10,SerieA,Spezia,Crotone,1404.61,1275.03,77.39,81.73,0.731181,H,H,1.0
2021-04-10,Ligue1,Strasbourg,Paris SG,1470.83,1634.49,75.23,76.63,0.346207,A,A,1.0
2021-04-10,SerieA,Parma,Milan,1340.61,1648.6,78.38,81.6,0.191907,A,A,1.0
2021-04-10,SerieA,Udinese,Torino,1467.56,1406.67,76.4,79.04,0.65003,A,H,0.0
2021-04-10,LaLiga,Real Madrid,Barcelona,1697.91,1716.05,80.19,77.79,0.544391,H,H,1.0
2021-04-11,Ligue1,St Etienne,Bordeaux,1469.15,1425.26,72.83,73.1,0.628667,H,H,1.0
2021-04-11,Ligue1,Monaco,Dijon,1653.67,1270.81,74.92,78.14,0.918226,H,H,1.0
2021-04-11,Ligue1,Lyon,Angers,1646.6,1480.29,76.01,72.87,0.770861,H,H,1.0
2021-04-11,SerieA,Juventus,Genoa,1653.91,1454.95,78.32,76.26,0.801054,H,H,1.0
2021-04-11,LaLiga,Villarreal,Osasuna,1563.49,1435.67,75.4,75.02,0.730228,A,H,0.0
2021-04-11,LaLiga,Valencia,Sociedad,1462.94,1570.81,74.7,75.65,0.419734,D,A,
2021-04-11,LaLiga,Valladolid,Granada,1415.54,1449.92,76.75,74.9,0.521846,A,H,0.0
2021-04-11,EPL,Burnley,Newcastle,1452.78,1387.6,75.93,75.49,0.655832,A,H,0.0
2021-04-11,EPL,West Ham,Leicester,1603.49,1615.03,76.16,76.25,0.55359,H,H,1.0
2021-04-11,EPL,Tottenham,Man United,1543.27,1676.15,75.25,77.77,0.386227,A,A,1.0
2021-04-11,EPL,Sheffield United,Arsenal,1255.13,1523.1,86.59,74.05,0.227686,A,A,1.0
2021-04-11,Ligue1,Nice,Reims,1485.08,1496.73,73.48,74.07,0.553511,D,H,
2021-04-11,Ligue1,Lens,Lorient,1562.29,1433.19,72.87,75.36,0.731594,H,H,1.0
2021-04-11,SerieA,Sampdoria,Napoli,1473.9,1623.67,76.17,77.8,0.364116,A,A,1.0
2021-04-11,Bundesliga,FC Koln,Mainz,1405.69,1408.06,79.93,82.32,0.565929,A,H,0.0
2021-04-11,Bundesliga,Schalke 04,Augsburg,1236.01,1436.44,85.12,77.13,0.301303,H,A,0.0
2021-04-11,LaLiga,Betis,Ath Madrid,1551.66,1715.97,74.25,82.0,0.345968,D,A,
2021-04-11,Ligue1,Brest,Nimes,1437.53,1392.84,73.89,75.07,0.629545,D,H,
2021-04-11,Ligue1,Rennes,Nantes,1513.21,1420.13,74.27,73.8,0.690395,H,H,1.0
2021-04-11,SerieA,Inter,Cagliari,1794.62,1344.72,82.29,75.94,0.942544,H,H,1.0
2021-04-11,SerieA,Verona,Lazio,1498.32,1610.54,74.86,77.35,0.413907,A,A,1.0
2021-04-11,SerieA,Roma,Bologna,1586.96,1456.35,77.71,75.76,0.733191,H,H,1.0
2021-04-11,SerieA,Fiorentina,Atalanta,1413.99,1658.21,76.4,78.23,0.252543,A,A,1.0
2021-04-12,Bundesliga,Hoffenheim,Leverkusen,1436.43,1513.66,76.88,79.0,0.462068,D,A,
2021-04-12,LaLiga,Celta,Sevilla,1494.56,1637.45,74.68,75.83,0.372872,A,A,1.0
2021-04-12,EPL,West Brom,Southampton,1334.66,1439.33,80.2,74.92,0.424048,H,A,0.0
2021-04-12,EPL,Brighton,Everton,1443.09,1527.72,76.69,76.86,0.451736,D,A,
2021-04-12,SerieA,Benevento,Sassuolo,1424.68,1490.47,75.59,77.24,0.477937,A,A,1.0
2021-04-16,Bundesliga,RB Leipzig,Hoffenheim,1686.79,1437.65,79.99,75.83,0.842136,D,H,
2021-04-16,EPL,Everton,Tottenham,1526.17,1531.32,75.81,74.4,0.562491,D,H,
2021-04-16,Ligue1,Lille,Montpellier,1695.93,1517.57,77.25,73.23,0.78252,D,H,
2021-04-17,SerieA,Crotone,Udinese,1265.26,1446.85,80.73,75.53,0.323739,A,A,1.0
2021-04-17,SerieA,Cagliari,Parma,1342.83,1334.12,76.27,77.9,0.581295,H,H,1.0
2021-04-17,Ligue1,Marseille,Lorient,1526.75,1424.79,73.5,74.75,0.700812,H,H,1.0
2021-04-17,Ligue1,Angers,Rennes,1473.53,1522.62,72.53,73.62,0.501276,A,H,0.0
2021-04-17,Bundesliga,Leverkusen,FC Koln,1512.37,1386.18,77.79,78.68,0.727911,H,H,1.0
2021-04-17,Bundesliga,Wolfsburg,Bayern Munich,1644.93,1745.42,78.54,82.6,0.430172,A,A,1.0
2021-04-17,Bundesliga,Union Berlin,Stuttgart,1527.77,1510.35,76.74,76.36,0.5932,H,H,1.0
2021-04-17,Bundesliga,Freiburg,Schalke 04,1480.48,1263.42,75.14,83.76,0.815435,H,H,1.0
2021-04-17,Bundesliga,Augsburg,Bielefeld,1413.85,1398.61,76.33,78.16,0.590138,D,H,
2021-04-17,EPL,Wolves,Sheffield United,1476.89,1245.82,73.14,85.44,0.826576,H,H,1.0
2021-04-17,EPL,Newcastle,West Ham,1408.07,1617.6,74.69,75.17,0.290446,H,A,0.0
2021-04-17,SerieA,Sassuolo,Fiorentina,1505.99,1405.88,76.15,75.79,0.698487,H,H,1.0
2021-04-17,SerieA,Sampdoria,Verona,1462.37,1485.65,75.29,74.0,0.537365,H,H,1.0
2021-04-17,Bundesliga,M'gladbach,Ein Frankfurt,1504.73,1672.77,76.11,76.91,0.34071,H,A,0.0
2021-04-18,Bundesliga,Dortmund,Werder Bremen,1551.77,1447.32,77.48,76.27,0.703526,H,H,1.0
2021-04-18,EPL,Arsenal,Fulham,1530.02,1382.84,73.67,75.74,0.750932,D,H,
2021-04-18,EPL,Man United,Burnley,1688.87,1432.08,76.73,75.1,0.847864,H,H,1.0
2021-04-18,LaLiga,Ath Madrid,Eibar,1710.32,1362.33,80.72,74.68,0.902846,H,H,1.0
2021-04-18,Ligue1,Bordeaux,Monaco,1414.35,1656.25,72.4,75.14,0.254534,A,A,1.0
2021-04-18,SerieA,Napoli,Inter,1635.68,1796.81,76.8,82.47,0.35004,D,A,
2021-04-18,SerieA,Torino,Roma,1428.79,1595.8,77.98,76.96,0.342011,H,A,0.0
2021-04-18,SerieA,Lazio,Benevento,1624.03,1409.79,76.3,74.63,0.814589,H,H,1.0
2021-04-18,SerieA,Bologna,Spezia,1447.92,1413.42,75.14,76.67,0.61601,H,H,1.0
2021-04-18,LaLiga,Levante,Villarreal,1504.24,1540.62,74.82,74.79,0.519063,A,H,0.0
2021-04-18,LaLiga,Getafe,Real Madrid,1406.41,1713.75,74.16,78.89,0.192004,D,A,
2021-04-18,LaLiga,Cadiz,Celta,1467.47,1483.17,73.88,73.88,0.547921,D,H,
2021-04-18,LaLiga,Betis,Valencia,1556.3,1465.39,73.54,73.84,0.687776,D,H,
2021-04-18,SerieA,Atalanta,Juventus,1666.69,1660.65,77.51,77.81,0.577661,H,H,1.0
2021-04-18,LaLiga,Sociedad,Sevilla,1568.29,1649.18,74.72,74.95,0.45686,A,A,1.0
2021-04-18,LaLiga,Alaves,Huesca,1375.42,1412.07,75.71,75.66,0.518677,H,H,1.0
2021-04-18,SerieA,Milan,Genoa,1655.61,1448.55,80.95,75.86,0.808245,H,H,1.0
2021-04-18,Ligue1,Brest,Lens,1433.65,1570.17,73.14,72.41,0.380983,D,A,
2021-04-18,Ligue1,Dijon,Nice,1268.02,1483.49,78.27,72.68,0.283299,H,A,0.0
2021-04-18,Ligue1,Nantes,Lyon,1410.83,1653.92,73.18,75.5,0.253332,A,A,1.0
2021-04-18,LaLiga,Osasuna,Elche,1458.32,1393.1,74.43,75.24,0.655909,H,H,1.0
2021-04-18,Ligue1,Reims,Metz,1498.34,1479.27,73.23,72.76,0.595666,D,H,
2021-04-18,Ligue1,Nimes,Strasbourg,1396.85,1460.09,74.24,74.44,0.481454,D,A,
2021-04-18,Ligue1,Paris SG,St Etienne,1645.6,1480.0,75.74,72.15,0.770266,H,H,1.0
2021-04-19,EPL,Leeds,Liverpool,1515.64,1577.62,74.08,75.73,0.483248,D,A,
2021-04-20,SerieA,Verona,Fiorentina,1471.79,1396.37,73.15,75.07,0.668692,A,H,0.0
2021-04-20,Bundesliga,Ein Frankfurt,Augsburg,1651.45,1410.99,76.02,75.37,0.835641,H,H,1.0
2021-04-20,Bundesliga,Bayern Munich,Leverkusen,1761.23,1521.39,81.13,77.03,0.834897,H,H,1.0
2021-04-20,EPL,Chelsea,Brighton,1585.66,1444.64,73.82,75.66,0.744451,D,H,
2021-04-20,Bundesliga,FC Koln,RB Leipzig,1376.96,1674.66,77.86,79.6,0.200616,H,A,0.0
2021-04-20,Bundesliga,Bielefeld,Schalke 04,1401.61,1256.35,77.06,83.03,0.747792,H,H,1.0
2021-04-21,LaLiga,Cadiz,Real Madrid,1466.04,1703.13,73.05,78.38,0.260166,A,A,1.0
2021-04-21,SerieA,Bologna,Torino,1459.77,1450.61,74.29,77.02,0.581955,D,H,
2021-04-21,SerieA,Milan,Sassuolo,1662.53,1515.58,80.33,75.41,0.750749,A,H,0.0
2021-04-21,SerieA,Crotone,Sampdoria,1253.78,1476.7,79.61,74.35,0.275116,A,A,1.0
2021-04-21,SerieA,Juventus,Parma,1646.75,1320.31,76.72,76.81,0.891422,H,H,1.0
2021-04-21,LaLiga,Elche,Valladolid,1382.42,1398.79,74.45,75.7,0.546923,D,H,
2021-04-21,Bundesliga,Werder Bremen,Mainz,1437.86,1428.72,75.53,80.87,0.581702,A,H,0.0
2021-04-21,Bundesliga,Stuttgart,Wolfsburg,1497.41,1630.58,75.4,77.4,0.385811,A,A,1.0
2021-04-21,Bundesliga,Hoffenheim,M'gladbach,1448.55,1525.62,75.63,75.28,0.462176,H,A,0.0
2021-04-21,Bundesliga,Dortmund,Union Berlin,1561.52,1540.83,76.66,75.75,0.597651,H,H,1.0
2021-04-21,SerieA,Genoa,Benevento,1442.43,1404.05,75.51,74.36,0.621316,D,H,
2021-04-21,EPL,Aston Villa,Man City,1496.89,1740.4,74.29,79.07,0.25342,A,A,1.0
2021-04-21,EPL,Tottenham,Southampton,1533.21,1421.72,73.54,74.05,0.71196,H,H,1.0
2021-04-21,LaLiga,Alaves,Villarreal,1390.47,1556.49,74.73,73.88,0.342937,H,A,0.0
2021-04-21,LaLiga,Osasuna,Valencia,1468.79,1471.04,73.7,73.21,0.566536,H,H,1.0
2021-04-21,SerieA,Spezia,Inter,1401.09,1791.26,75.72,81.15,0.130531,D,A,
2021-04-21,SerieA,Udinese,Cagliari,1456.97,1356.1,74.78,75.3,0.69945,A,H,0.0
2021-04-21,LaLiga,Levante,Sevilla,1488.36,1663.21,73.91,74.04,0.331892,A,A,1.0
2021-04-21,LaLiga,Betis,Ath Bilbao,1550.71,1477.06,72.93,74.43,0.666571,D,H,
2021-04-22,LaLiga,Ath Madrid,Huesca,1713.86,1397.04,80.66,74.69,0.886417,H,H,1.0
2021-04-22,SerieA,Napoli,Lazio,1640.49,1630.02,75.91,75.95,0.583802,H,H,1.0
2021-04-22,SerieA,Roma,Atalanta,1574.53,1680.48,76.07,76.45,0.422381,D,A,
2021-04-22,LaLiga,Granada,Eibar,1465.9,1359.27,73.99,74.82,0.706253,H,H,1.0
2021-04-22,LaLiga,Sociedad,Celta,1554.35,1484.6,73.83,73.04,0.661846,H,H,1.0
2021-04-22,LaLiga,Barcelona,Getafe,1701.1,1415.8,76.68,73.9,0.867516,H,H,1.0
2021-04-22,EPL,Leicester,West Brom,1600.88,1354.75,75.26,78.92,0.839371,H,H,1.0
2021-04-23,Ligue1,Reims,Marseille,1495.52,1535.66,72.48,72.93,0.513817,A,H,0.0
2021-04-23,Bundesliga,Augsburg,FC Koln,1405.79,1403.67,75.16,77.37,0.572333,A,H,0.0
2021-04-23,EPL,Arsenal,Everton,1522.49,1524.21,73.22,74.85,0.567189,A,H,0.0
2021-04-24,SerieA,Sassuolo,Sampdoria,1539.03,1485.08,74.87,73.79,0.641669,H,H,1.0
2021-04-24,SerieA,Genoa,Spezia,1438.64,1412.88,74.64,75.65,0.604451,H,H,1.0
2021-04-24,Bundesliga,Union Berlin,Werder Bremen,1528.22,1419.8,74.83,74.62,0.708357,H,H,1.0
2021-04-24,Bundesliga,Wolfsburg,Dortmund,1643.18,1574.42,76.39,75.68,0.660322,A,H,0.0
2021-04-24,Bundesliga,Leverkusen,Ein Frankfurt,1515.95,1656.73,76.74,75.77,0.375631,H,A,0.0
2021-04-24,SerieA,Parma,Crotone,1316.72,1244.22,76.82,78.72,0.66466,A,H,0.0
2021-04-24,Bundesliga,Mainz,Bayern Munich,1449.34,1767.24,79.55,80.64,0.183322,H,A,0.0
2021-04-24,Ligue1,St Etienne,Brest,1473.34,1437.16,71.85,72.43,0.618576,A,H,0.0
2021-04-24,LaLiga,Real Madrid,Betis,1711.89,1545.83,77.61,72.31,0.770694,D,H,
2021-04-24,EPL,Sheffield United,Brighton,1238.93,1452.37,84.69,75.08,0.285931,H,A,0.0
2021-04-24,EPL,West Ham,Chelsea,1595.53,1578.3,74.51,73.35,0.593128,A,H,0.0
2021-04-24,EPL,Liverpool,Newcastle,1577.09,1429.87,74.75,74.06,0.751233,D,H,
2021-04-24,Ligue1,Metz,Paris SG,1482.05,1652.9,72.04,75.24,0.33701,A,A,1.0
2021-04-24,LaLiga,Valencia,Alaves,1458.29,1410.62,72.44,73.98,0.633515,D,H,
2021-04-24,Bundesliga,Freiburg,Hoffenheim,1486.23,1465.33,74.87,74.67,0.597999,D,H,
2021-04-24,LaLiga,Elche,Levante,1381.0,1478.39,73.58,73.23,0.433962,H,A,0.0
2021-04-24,LaLiga,Valladolid,Cadiz,1400.26,1458.38,74.74,72.61,0.488615,D,A,
2021-04-25,SerieA,Inter,Verona,1777.71,1452.09,80.87,72.53,0.891594,H,H,1.0
2021-04-25,SerieA,Cagliari,Roma,1377.91,1576.98,74.61,75.11,0.302646,H,A,0.0
2021-04-25,SerieA,Atalanta,Bologna,1678.01,1457.3,75.46,73.46,0.820189,H,H,1.0
2021-04-25,Ligue1,Lyon,Lille,1661.89,1686.61,74.93,76.71,0.535289,A,H,0.0
2021-04-25,SerieA,Benevento,Udinese,1407.72,1435.45,73.57,74.12,0.531157,A,H,0.0
2021-04-25,EPL,Wolves,Burnley,1482.02,1427.29,73.0,74.95,0.642566,A,H,0.0
2021-04-25,EPL,Leeds,Man United,1516.14,1693.86,73.22,76.51,0.328619,D,A,
2021-04-25,EPL,Aston Villa,West Brom,1489.18,1349.22,73.8,78.56,0.742887,D,H,
2021-04-25,SerieA,Fiorentina,Juventus,1417.09,1650.33,74.31,76.74,0.264081,D,A,
2021-04-25,Ligue1,Angers,Monaco,1459.05,1664.19,71.78,74.59,0.295459,A,A,1.0
2021-04-25,Ligue1,Rennes,Dijon,1537.51,1292.12,72.78,77.43,0.839063,H,H,1.0
2021-04-25,LaLiga,Ath Bilbao,Ath Madrid,1482.14,1717.98,73.71,80.49,0.261824,H,A,0.0
2021-04-25,Bundesliga,RB Leipzig,Stuttgart,1646.76,1485.43,79.01,74.53,0.765641,H,H,1.0
2021-04-25,Ligue1,Strasbourg,Nantes,1459.53,1403.33,73.56,72.75,0.644667,A,H,0.0
2021-04-25,Ligue1,Lorient,Bordeaux,1415.58,1406.95,74.1,72.01,0.581516,H,H,1.0
2021-04-25,Ligue1,Lens,Nimes,1566.74,1397.4,71.75,73.37,0.773762,H,H,1.0
2021-04-25,Ligue1,Nice,Montpellier,1462.64,1525.95,72.19,72.92,0.481353,H,A,0.0
2021-04-25,Bundesliga,M'gladbach,Bielefeld,1508.98,1409.81,74.34,76.42,0.697315,H,H,1.0
2021-04-25,LaLiga,Villarreal,Barcelona,1536.78,1705.46,73.19,76.56,0.339877,A,A,1.0
2021-04-25,LaLiga,Celta,Osasuna,1474.66,1481.7,72.41,72.89,0.559943,H,H,1.0
2021-04-25,LaLiga,Sevilla,Granada,1673.22,1474.76,73.36,73.4,0.801062,H,H,1.0
2021-04-25,LaLiga,Huesca,Getafe,1393.47,1411.74,74.75,73.89,0.54434,A,H,0.0
2021-04-26,LaLiga,Eibar,Sociedad,1350.21,1564.49,74.18,73.14,0.284717,A,A,1.0
2021-04-26,EPL,Leicester,Crystal Palace,1605.93,1452.97,75.07,73.76,0.757237,H,H,1.0
2021-04-26,SerieA,Torino,Napoli,1453.27,1653.58,75.98,74.97,0.301166,A,A,1.0
2021-04-26,SerieA,Lazio,Milan,1616.92,1635.97,75.01,79.49,0.543069,H,H,1.0
2021-04-28,LaLiga,Ath Bilbao,Valladolid,1504.22,1400.61,73.24,73.82,0.702861,D,H,
2021-04-29,LaLiga,Barcelona,Granada,1716.36,1468.8,75.69,73.13,0.841385,A,H,0.0
2021-04-30,LaLiga,Celta,Levante,1487.34,1461.73,71.68,72.46,0.604484,H,H,1.0
2021-04-30,Ligue1,Marseille,Strasbourg,1550.67,1440.34,72.14,72.86,0.710787,D,H,
2021-04-30,EPL,Southampton,Leicester,1413.01,1613.5,73.47,74.56,0.300905,D,A,
2021-05-01,SerieA,Verona,Spezia,1448.86,1400.5,72.68,74.75,0.634342,D,H,
2021-05-01,SerieA,Crotone,Inter,1266.68,1781.67,77.71,80.72,0.069595,A,A,1.0
2021-05-01,Ligue1,Paris SG,Lens,1663.37,1573.22,74.46,71.47,0.687148,H,H,1.0
2021-05-01,Ligue1,Lille,Nice,1703.77,1477.5,75.67,71.47,0.825053,H,H,1.0
2021-05-01,SerieA,Milan,Benevento,1620.32,1391.97,78.24,72.75,0.826528,H,H,1.0
2021-05-01,LaLiga,Eibar,Alaves,1341.57,1414.64,73.6,73.23,0.467695,H,A,0.0
2021-05-01,LaLiga,Elche,Ath Madrid,1397.81,1691.73,72.78,79.59,0.204015,A,A,1.0
2021-05-01,LaLiga,Huesca,Sociedad,1376.83,1572.91,73.85,72.62,0.30589,H,A,0.0
2021-05-01,LaLiga,Real Madrid,Osasuna,1702.88,1468.86,77.01,72.13,0.831144,H,H,1.0
2021-05-01,EPL,Crystal Palace,Man City,1445.66,1749.08,73.33,78.29,0.195322,A,A,1.0
2021-05-01,EPL,Brighton,Leeds,1430.41,1521.2,74.46,72.6,0.443044,H,A,0.0
2021-05-01,EPL,Chelsea,Fulham,1595.81,1390.8,72.59,75.18,0.806567,H,H,1.0
2021-05-01,EPL,Everton,Aston Villa,1541.61,1481.89,73.96,73.33,0.649117,A,H,0.0
2021-05-02,SerieA,Udinese,Juventus,1451.44,1642.67,73.26,76.06,0.312102,A,A,1.0
2021-05-02,SerieA,Sampdoria,Roma,1474.36,1555.34,73.08,74.42,0.45672,H,A,0.0
2021-05-02,SerieA,Sassuolo,Atalanta,1550.05,1683.71,74.08,75.17,0.384994,D,A,
2021-05-02,SerieA,Napoli,Cagliari,1662.89,1399.27,74.3,73.96,0.852905,D,H,
2021-05-02,EPL,Newcastle,Arsenal,1437.49,1505.81,73.59,72.45,0.474316,A,A,1.0
2021-05-02,SerieA,Lazio,Genoa,1630.92,1450.7,74.1,73.81,0.784203,H,H,1.0
2021-05-02,LaLiga,Valencia,Barcelona,1454.43,1689.48,71.79,75.49,0.261942,A,A,1.0
2021-05-02,LaLiga,Granada,Cadiz,1493.91,1458.05,73.04,71.85,0.618193,A,H,0.0
2021-05-02,LaLiga,Villarreal,Getafe,1526.77,1428.01,72.55,73.05,0.697245,H,H,1.0
2021-05-02,LaLiga,Valladolid,Betis,1406.71,1553.65,73.23,72.0,0.367257,D,A,
2021-05-02,SerieA,Bologna,Fiorentina,1451.89,1424.27,73.27,73.79,0.60707,D,H,
2021-05-02,Ligue1,Brest,Nantes,1455.04,1422.11,71.76,72.1,0.614273,A,H,0.0
2021-05-02,Ligue1,Bordeaux,Rennes,1395.02,1542.27,71.33,72.7,0.366915,H,A,0.0
2021-05-02,Ligue1,Lorient,Angers,1428.19,1450.63,73.27,71.31,0.538603,H,H,1.0
2021-05-02,EPL,Tottenham,Sheffield United,1541.81,1266.74,72.99,83.4,0.859231,H,H,1.0
2021-05-02,Ligue1,Montpellier,St Etienne,1510.81,1455.74,72.13,71.22,0.643352,A,H,0.0
2021-05-02,Ligue1,Monaco,Lyon,1673.24,1645.49,73.95,74.02,0.607245,A,H,0.0
2021-05-02,Ligue1,Dijon,Metz,1286.78,1472.41,77.14,71.48,0.318341,A,A,1.0
2021-05-02,Ligue1,Nimes,Reims,1390.64,1480.7,73.01,71.73,0.444032,D,A,
2021-05-03,Bundesliga,Mainz,Hertha,1477.8,1408.12,79.06,78.86,0.661127,D,H,
2021-05-03,SerieA,Torino,Parma,1443.72,1295.31,75.25,75.95,0.752192,H,H,1.0
2021-05-03,LaLiga,Sevilla,Ath Bilbao,1679.18,1498.21,73.1,72.68,0.78508,A,H,0.0
2021-05-03,EPL,Burnley,West Ham,1447.11,1577.48,74.15,73.67,0.389239,A,A,1.0
2021-05-03,EPL,West Brom,Wolves,1357.49,1463.19,77.8,72.34,0.422495,D,A,
2021-05-06,Bundesliga,Hertha,Freiburg,1413.57,1483.23,77.85,74.01,0.472489,H,A,0.0
2021-05-07,Ligue1,Lens,Lille,1564.37,1709.36,70.99,75.39,0.370109,A,A,1.0
2021-05-07,EPL,Leicester,Newcastle,1607.4,1423.4,73.92,72.77,0.787926,A,H,0.0
2021-05-07,LaLiga,Sociedad,Elche,1552.7,1391.82,72.08,72.53,0.765488,H,H,1.0
2021-05-07,Bundesliga,Stuttgart,Augsburg,1478.23,1388.15,74.09,74.26,0.686724,H,H,1.0
2021-05-08,SerieA,Spezia,Napoli,1404.63,1652.0,73.95,74.21,0.248641,A,A,1.0
2021-05-08,LaLiga,Ath Bilbao,Osasuna,1521.29,1463.93,72.4,72.04,0.646212,D,H,
2021-05-08,LaLiga,Cadiz,Huesca,1475.63,1397.71,71.22,73.23,0.671999,H,H,1.0
2021-05-08,LaLiga,Alaves,Levante,1398.99,1450.3,72.44,71.77,0.498164,D,A,
2021-05-08,SerieA,Inter,Sampdoria,1784.2,1490.27,80.86,72.3,0.873211,H,H,1.0
2021-05-08,EPL,Man City,Chelsea,1755.68,1601.48,77.79,72.39,0.758709,A,H,0.0
2021-05-08,Bundesliga,Dortmund,RB Leipzig,1595.13,1654.81,74.88,78.31,0.48648,H,A,0.0
2021-05-08,Bundesliga,Hoffenheim,Schalke 04,1468.33,1246.9,73.82,82.01,0.819366,H,H,1.0
2021-05-08,Bundesliga,Werder Bremen,Leverkusen,1410.85,1536.02,74.0,75.79,0.396349,D,A,
2021-05-08,Bundesliga,Wolfsburg,Union Berlin,1622.09,1537.22,75.53,74.19,0.680431,H,H,1.0
2021-05-08,Bundesliga,Bayern Munich,M'gladbach,1737.99,1518.18,80.09,73.71,0.819405,H,H,1.0
2021-05-08,SerieA,Fiorentina,Lazio,1427.47,1637.5,73.02,73.74,0.28968,H,A,0.0
2021-05-08,EPL,Leeds,Tottenham,1505.09,1545.98,71.86,72.99,0.512761,H,H,1.0
2021-05-08,EPL,Sheffield United,Crystal Palace,1261.38,1439.83,82.96,73.09,0.327327,A,A,1.0
2021-05-08,SerieA,Udinese,Bologna,1442.21,1448.73,72.68,72.53,0.56068,D,H,
2021-05-08,EPL,Liverpool,Southampton,1569.33,1418.94,74.24,72.89,0.754709,H,H,1.0
2021-05-08,LaLiga,Barcelona,Ath Madrid,1697.71,1698.84,74.89,78.99,0.567803,D,H,
2021-05-08,Ligue1,Lyon,Lorient,1663.74,1441.8,73.23,72.47,0.82136,H,H,1.0
2021-05-08,Ligue1,Nantes,Bordeaux,1439.72,1412.8,71.45,70.76,0.606353,H,H,1.0
2021-05-09,SerieA,Benevento,Cagliari,1386.83,1410.06,72.62,73.88,0.537441,A,H,0.0
2021-05-09,Ligue1,Strasbourg,Montpellier,1446.53,1492.33,72.34,71.52,0.505895,A,H,0.0
2021-05-09,Ligue1,Nice,Brest,1472.49,1437.6,71.38,71.13,0.61697,H,H,1.0
2021-05-09,Ligue1,Metz,Nimes,1481.4,1392.28,70.99,72.24,0.685799,A,H,0.0
2021-05-09,Bundesliga,FC Koln,Freiburg,1422.34,1467.45,76.31,73.17,0.506851,A,H,0.0
2021-05-09,Bundesliga,Ein Frankfurt,Mainz,1637.15,1472.32,74.9,78.03,0.768593,D,H,
2021-05-09,Bundesliga,Hertha,Bielefeld,1430.97,1400.11,76.71,75.65,0.611256,D,H,
2021-05-09,LaLiga,Getafe,Eibar,1419.09,1357.37,72.49,72.77,0.651718,A,H,0.0
2021-05-09,LaLiga,Valencia,Valladolid,1446.95,1410.63,71.42,72.53,0.618755,H,H,1.0
2021-05-09,Ligue1,Angers,Dijon,1437.72,1276.38,70.65,76.27,0.76538,H,H,1.0
2021-05-09,Ligue1,St Etienne,Marseille,1473.77,1544.59,70.67,71.67,0.470804,H,A,0.0
2021-05-09,SerieA,Genoa,Sassuolo,1444.17,1553.51,73.46,73.3,0.417585,A,A,1.0
2021-05-09,Ligue1,Rennes,Paris SG,1523.82,1672.94,72.04,73.79,0.364582,D,A,
2021-05-09,SerieA,Parma,Atalanta,1287.43,1680.14,75.38,74.31,0.127847,A,A,1.0
2021-05-09,SerieA,Verona,Torino,1444.96,1451.46,72.03,74.72,0.560602,D,H,
2021-05-09,SerieA,Roma,Crotone,1538.86,1264.33,73.55,77.93,0.859789,H,H,1.0
2021-05-09,SerieA,Juventus,Milan,1652.58,1626.21,75.29,77.84,0.605103,A,H,0.0
2021-05-09,LaLiga,Villarreal,Celta,1535.58,1498.54,72.02,71.05,0.619815,A,H,0.0
2021-05-09,LaLiga,Real Madrid,Sevilla,1708.45,1655.85,76.69,72.79,0.64003,D,H,
2021-05-09,EPL,Wolves,Brighton,1460.98,1447.32,71.64,73.59,0.588272,H,H,1.0
2021-05-09,EPL,Aston Villa,Man United,1501.09,1688.35,72.66,75.67,0.316855,A,A,1.0
2021-05-09,EPL,West Ham,Everton,1589.08,1522.08,72.91,73.25,0.658356,A,H,0.0
2021-05-09,EPL,Arsenal,West Brom,1519.49,1360.04,71.71,76.7,0.763404,H,H,1.0
2021-05-09,Ligue1,Reims,Monaco,1479.11,1655.03,71.05,73.17,0.330479,A,A,1.0
2021-05-10,LaLiga,Betis,Granada,1549.86,1475.76,71.39,72.33,0.667359,H,H,1.0
2021-05-10,EPL,Fulham,Burnley,1384.74,1435.37,74.84,73.36,0.499118,A,A,1.0
2021-05-11,LaLiga,Osasuna,Cadiz,1468.12,1484.83,71.44,70.72,0.546606,H,H,1.0
2021-05-11,EPL,Southampton,Crystal Palace,1411.71,1449.44,72.5,72.49,0.517204,H,H,1.0
2021-05-11,LaLiga,Levante,Barcelona,1450.24,1695.63,71.06,74.01,0.250686,D,A,
2021-05-11,LaLiga,Elche,Alaves,1384.96,1399.04,72.19,71.68,0.550236,A,H,0.0
2021-05-11,SerieA,Napoli,Udinese,1659.57,1440.45,73.73,71.93,0.81911,H,H,1.0
2021-05-11,EPL,Man United,Leicester,1698.31,1583.47,74.91,73.58,0.715862,A,H,0.0
2021-05-12,LaLiga,Huesca,Ath Bilbao,1388.01,1517.06,72.6,71.77,0.390869,H,A,0.0
2021-05-12,LaLiga,Ath Madrid,Sociedad,1701.14,1559.48,77.79,71.76,0.745689,H,H,1.0
2021-05-12,EPL,Chelsea,Arsenal,1623.46,1526.23,72.04,71.41,0.695628,A,H,0.0
2021-05-12,SerieA,Torino,Milan,1453.32,1646.19,73.83,76.79,0.310227,A,A,1.0
2021-05-12,SerieA,Sassuolo,Juventus,1565.83,1633.85,72.53,74.42,0.47478,A,A,1.0
2021-05-12,SerieA,Lazio,Parma,1616.17,1283.37,73.17,75.33,0.895029,H,H,1.0
2021-05-12,SerieA,Cagliari,Fiorentina,1426.14,1448.4,73.04,72.49,0.538836,D,H,
2021-05-12,SerieA,Atalanta,Benevento,1684.1,1371.27,74.31,71.87,0.884556,H,H,1.0
2021-05-12,LaLiga,Celta,Getafe,1515.81,1400.2,70.47,71.88,0.716961,H,H,1.0
2021-05-12,SerieA,Sampdoria,Spezia,1486.53,1397.11,72.38,73.49,0.686025,D,H,
2021-05-12,LaLiga,Sevilla,Valencia,1659.91,1457.68,72.14,70.82,0.804812,H,H,1.0
2021-05-12,SerieA,Inter,Roma,1788.82,1543.1,80.6,73.52,0.83994,H,H,1.0
2021-05-12,Bundesliga,Schalke 04,Hertha,1240.25,1427.39,81.39,75.74,0.316997,A,A,1.0
2021-05-12,SerieA,Bologna,Genoa,1450.48,1431.81,71.8,72.68,0.595133,A,H,0.0
2021-05-13,LaLiga,Valladolid,Villarreal,1399.58,1517.85,71.85,71.38,0.405337,A,A,1.0
2021-05-13,LaLiga,Eibar,Betis,1376.4,1559.23,72.14,70.87,0.321691,D,A,
2021-05-13,LaLiga,Granada,Real Madrid,1466.15,1703.95,71.75,75.77,0.259015,A,A,1.0
2021-05-13,SerieA,Crotone,Verona,1259.6,1443.23,77.72,71.33,0.320769,H,A,0.0
2021-05-13,EPL,Aston Villa,Everton,1491.87,1541.54,72.09,72.59,0.500464,D,H,
2021-05-13,EPL,Man United,Liverpool,1676.16,1576.82,74.29,73.77,0.697845,A,H,0.0
2021-05-14,EPL,Newcastle,Man City,1446.59,1730.36,72.49,77.13,0.212976,A,A,1.0
2021-05-15,SerieA,Genoa,Atalanta,1449.11,1687.69,71.97,74.37,0.257976,A,A,1.0
2021-05-15,EPL,Brighton,West Ham,1435.08,1569.79,72.8,72.28,0.383358,D,A,
2021-05-15,Bundesliga,Augsburg,Werder Bremen,1378.64,1413.96,73.6,73.21,0.520561,H,H,1.0
2021-05-15,Bundesliga,Bielefeld,Hoffenheim,1403.58,1473.78,74.76,73.62,0.471728,D,A,
2021-05-15,Bundesliga,Hertha,FC Koln,1437.35,1406.23,74.99,75.28,0.611636,D,H,
2021-05-15,Bundesliga,Leverkusen,Union Berlin,1532.76,1527.54,74.88,73.53,0.576777,D,H,
2021-05-15,SerieA,Spezia,Torino,1402.65,1444.02,72.88,73.21,0.512098,H,H,1.0
2021-05-15,Bundesliga,Schalke 04,Ein Frankfurt,1228.82,1628.83,80.24,74.44,0.123378,H,A,0.0
2021-05-15,EPL,Southampton,Fulham,1425.65,1369.44,71.75,73.93,0.644557,H,H,1.0
2021-05-15,EPL,Burnley,Leeds,1450.08,1518.92,72.55,71.16,0.47358,A,A,1.0
2021-05-15,Bundesliga,Freiburg,Bayern Munich,1482.3,1744.4,72.37,79.57,0.234372,D,A,
2021-05-15,Bundesliga,M'gladbach,Stuttgart,1512.71,1487.69,73.5,73.44,0.603614,A,H,0.0
2021-05-15,SerieA,Juventus,Inter,1648.25,1794.58,73.53,80.16,0.368789,H,A,0.0
2021-05-15,SerieA,Roma,Lazio,1538.25,1619.33,73.41,73.32,0.456552,H,A,0.0
2021-05-16,SerieA,Fiorentina,Napoli,1449.52,1665.06,71.75,73.52,0.283329,A,A,1.0
2021-05-16,EPL,West Brom,Liverpool,1352.37,1597.75,76.12,73.17,0.250577,A,A,1.0
2021-05-16,EPL,Tottenham,Wolves,1531.73,1472.61,72.2,70.99,0.648573,H,H,1.0
2021-05-16,LaLiga,Alaves,Granada,1414.6,1458.76,71.0,71.38,0.508203,H,H,1.0
2021-05-16,LaLiga,Ath Bilbao,Real Madrid,1499.77,1712.14,71.14,75.17,0.28717,A,A,1.0
2021-05-16,LaLiga,Ath Madrid,Osasuna,1709.62,1480.87,77.08,70.77,0.827156,H,H,1.0
2021-05-16,Bundesliga,RB Leipzig,Wolfsburg,1637.7,1632.11,77.14,74.78,0.57722,D,H,
2021-05-16,Bundesliga,Mainz,Dortmund,1481.35,1610.83,77.39,73.97,0.390454,A,A,1.0
2021-05-16,LaLiga,Barcelona,Celta,1688.05,1523.62,73.54,70.11,0.769396,A,H,0.0
2021-05-16,LaLiga,Betis,Huesca,1554.28,1405.69,70.4,71.91,0.752964,H,H,1.0
2021-05-16,LaLiga,Getafe,Levante,1392.1,1457.24,71.43,70.76,0.478751,H,A,0.0
2021-05-16,LaLiga,Valencia,Eibar,1452.2,1381.53,70.69,71.59,0.663153,H,H,1.0
2021-05-16,LaLiga,Villarreal,Sevilla,1529.23,1665.59,70.75,71.95,0.381163,H,A,0.0
2021-05-16,SerieA,Milan,Cagliari,1656.22,1425.0,75.97,72.26,0.828897,D,H,
2021-05-16,SerieA,Parma,Sassuolo,1280.03,1552.12,75.41,71.78,0.223301,A,A,1.0
2021-05-16,SerieA,Udinese,Sampdoria,1435.21,1481.15,71.8,71.83,0.505706,A,H,0.0
2021-05-16,EPL,Crystal Palace,Aston Villa,1435.5,1491.86,71.74,71.37,0.491072,H,A,0.0
2021-05-16,SerieA,Benevento,Crotone,1367.91,1282.1,72.01,76.81,0.681255,D,H,
2021-05-16,LaLiga,Cadiz,Elche,1472.32,1369.19,70.1,71.47,0.702596,A,H,0.0
2021-05-16,EPL,Everton,Sheffield United,1541.56,1249.14,71.83,81.66,0.870804,A,H,0.0
2021-05-16,LaLiga,Sociedad,Valladolid,1552.2,1388.04,71.41,71.19,0.768968,H,H,1.0
2021-05-16,Ligue1,Lorient,Metz,1436.55,1462.26,72.33,70.53,0.534068,H,H,1.0
2021-05-16,Ligue1,Paris SG,Reims,1668.88,1469.89,73.05,70.55,0.801969,H,H,1.0
2021-05-16,Ligue1,Nimes,Lyon,1412.09,1669.09,71.7,73.05,0.238523,A,A,1.0
2021-05-16,Ligue1,Nice,Strasbourg,1483.27,1431.97,70.78,71.6,0.638442,A,H,0.0
2021-05-16,Ligue1,Montpellier,Brest,1506.57,1426.89,70.84,70.55,0.674465,D,H,
2021-05-16,Ligue1,Monaco,Rennes,1664.78,1527.69,72.54,71.42,0.74084,H,H,1.0
2021-05-16,Ligue1,Marseille,Angers,1529.62,1444.23,70.97,70.42,0.681491,H,H,1.0
2021-05-16,Ligue1,Lille,St Etienne,1720.89,1488.34,74.53,70.04,0.830297,D,H,
2021-05-16,Ligue1,Dijon,Nantes,1268.85,1450.81,75.72,70.83,0.322762,A,A,1.0
2021-05-16,Ligue1,Bordeaux,Lens,1401.91,1554.09,70.18,70.44,0.360306,H,A,0.0
2021-05-17,SerieA,Verona,Bologna,1424.2,1433.59,70.84,71.15,0.556762,D,H,
2021-05-18,EPL,Southampton,Leeds,1435.74,1532.12,71.17,70.5,0.435222,A,A,1.0
2021-05-18,EPL,Brighton,Man City,1438.48,1737.35,72.11,76.62,0.199081,H,A,0.0
2021-05-18,SerieA,Lazio,Torino,1603.3,1429.67,72.52,72.41,0.778095,D,H,
2021-05-18,EPL,Chelsea,Leicester,1603.48,1604.85,71.53,73.04,0.567756,H,H,1.0
2021-05-18,EPL,Man United,Fulham,1654.94,1358.76,73.66,73.2,0.874472,D,H,
2021-05-19,EPL,Everton,Wolves,1516.45,1462.82,71.92,70.46,0.641574,H,H,1.0
2021-05-19,EPL,Newcastle,Sheffield United,1440.38,1281.54,72.23,81.36,0.762057,H,H,1.0
2021-05-19,EPL,Tottenham,Aston Villa,1541.84,1477.58,71.59,70.69,0.655152,A,H,0.0
2021-05-19,EPL,Crystal Palace,Arsenal,1449.91,1545.88,71.03,70.94,0.435824,A,A,1.0
2021-05-19,EPL,Burnley,Liverpool,1436.37,1605.19,71.8,72.75,0.339302,A,A,1.0
2021-05-19,EPL,West Brom,West Ham,1344.36,1566.44,75.53,71.62,0.275692,A,A,1.0
2021-05-21,LaLiga,Levante,Cadiz,1442.85,1453.15,70.12,69.73,0.555559,D,H,
2021-05-22,Bundesliga,Ein Frankfurt,Freiburg,1601.75,1490.0,74.46,72.05,0.712524,H,H,1.0
2021-05-22,Bundesliga,Bayern Munich,Augsburg,1735.1,1392.88,78.83,72.78,0.900242,H,H,1.0
2021-05-22,Bundesliga,Dortmund,Leverkusen,1622.53,1530.4,73.2,74.0,0.689218,H,H,1.0
2021-05-22,Bundesliga,FC Koln,Schalke 04,1409.69,1260.28,74.42,80.03,0.752611,H,H,1.0
2021-05-22,LaLiga,Elche,Ath Bilbao,1389.1,1491.73,71.01,70.73,0.426638,H,A,0.0
2021-05-22,Bundesliga,Stuttgart,Bielefeld,1505.57,1404.45,72.69,73.86,0.699934,A,H,0.0
2021-05-22,Bundesliga,Union Berlin,RB Leipzig,1529.81,1635.2,72.74,76.09,0.423139,H,A,0.0
2021-05-22,Bundesliga,Werder Bremen,M'gladbach,1399.87,1494.8,72.41,72.75,0.437331,A,A,1.0
2021-05-22,LaLiga,Eibar,Barcelona,1371.98,1664.92,71.04,73.15,0.203878,A,A,1.0
2021-05-22,Bundesliga,Hoffenheim,Hertha,1472.94,1433.92,72.8,74.15,0.622188,H,H,1.0
2021-05-22,LaLiga,Celta,Betis,1544.68,1561.09,69.9,70.13,0.547042,A,H,0.0
2021-05-22,Bundesliga,Wolfsburg,Mainz,1634.46,1468.59,73.91,76.37,0.769894,A,H,0.0
2021-05-22,SerieA,Sampdoria,Parma,1495.51,1272.99,71.13,74.95,0.821443,H,H,1.0
2021-05-22,LaLiga,Huesca,Valencia,1398.59,1461.52,71.56,70.2,0.48185,D,A,
2021-05-22,LaLiga,Osasuna,Sociedad,1476.01,1558.77,70.72,71.14,0.454143,A,A,1.0
2021-05-22,LaLiga,Real Madrid,Villarreal,1721.08,1546.34,74.52,70.19,0.779494,H,H,1.0
2021-05-22,LaLiga,Valladolid,Ath Madrid,1381.52,1715.34,70.93,76.74,0.16975,A,A,1.0
2021-05-22,SerieA,Crotone,Fiorentina,1287.99,1441.44,75.97,71.31,0.358745,D,A,
2021-05-22,SerieA,Cagliari,Genoa,1434.57,1441.7,72.15,71.59,0.559872,A,H,0.0
2021-05-23,EPL,Man City,Everton,1711.24,1526.7,76.19,71.32,0.788652,H,H,1.0
2021-05-23,Ligue1,Metz,Marseille,1449.48,1538.51,69.91,70.5,0.445394,D,A,
2021-05-23,Ligue1,Nantes,Montpellier,1459.77,1501.72,70.36,70.36,0.5113,A,H,0.0
2021-05-23,Ligue1,Reims,Bordeaux,1464.37,1419.36,70.43,69.69,0.630415,A,H,0.0
2021-05-23,Ligue1,Rennes,Nimes,1520.34,1405.27,71.07,71.39,0.716418,H,H,1.0
2021-05-23,EPL,Sheffield United,Burnley,1272.94,1426.72,80.5,71.24,0.358323,H,A,0.0
2021-05-23,Ligue1,Strasbourg,Lorient,1450.06,1449.97,71.01,71.59,0.569834,D,H,
2021-05-23,Ligue1,Lens,Monaco,1536.52,1672.35,69.93,72.12,0.381864,D,A,
2021-05-23,EPL,West Ham,Southampton,1574.28,1423.58,71.22,70.52,0.755366,H,H,1.0
2021-05-23,EPL,Wolves,Man United,1452.97,1643.54,69.95,73.69,0.312611,A,A,1.0
2021-05-23,EPL,Liverpool,Crystal Palace,1615.09,1437.78,72.13,70.4,0.78194,H,H,1.0
2021-05-23,SerieA,Spezia,Roma,1416.87,1554.31,72.1,72.61,0.379779,D,A,
2021-05-23,SerieA,Torino,Benevento,1437.79,1362.73,72.11,71.49,0.668641,D,H,
2021-05-23,Ligue1,St Etienne,Dijon,1497.4,1258.67,70.04,74.94,0.834372,A,H,0.0
2021-05-23,Ligue1,Brest,Paris SG,1431.71,1674.77,70.09,72.81,0.252967,A,A,1.0
2021-05-23,Ligue1,Lyon,Nice,1676.15,1465.58,72.67,70.25,0.812144,A,H,0.0
2021-05-23,SerieA,Sassuolo,Lazio,1558.53,1595.16,71.52,72.22,0.518743,H,H,1.0
2021-05-23,EPL,Leicester,Tottenham,1592.18,1523.27,72.27,71.03,0.660992,A,H,0.0
2021-05-23,EPL,Leeds,West Brom,1544.07,1335.68,69.9,74.88,0.809548,H,H,1.0
2021-05-23,EPL,Fulham,Newcastle,1370.02,1447.24,73.25,71.9,0.461888,A,A,1.0
2021-05-23,EPL,Aston Villa,Chelsea,1495.7,1615.66,70.19,70.87,0.403025,H,A,0.0
2021-05-23,Ligue1,Angers,Lille,1435.47,1710.64,69.98,74.33,0.220705,A,A,1.0
2021-05-23,LaLiga,Granada,Getafe,1444.95,1406.75,70.71,70.75,0.621376,D,H,
2021-05-23,EPL,Arsenal,Brighton,1557.98,1461.65,70.32,71.91,0.694501,H,H,1.0
2021-05-23,SerieA,Napoli,Verona,1673.52,1422.63,72.98,70.22,0.844305,D,H,
2021-05-23,LaLiga,Sevilla,Alaves,1647.91,1428.27,71.31,70.35,0.819785,H,H,1.0
2021-05-23,SerieA,Bologna,Juventus,1435.17,1666.93,70.5,72.83,0.265143,A,A,1.0
2021-05-23,SerieA,Atalanta,Milan,1695.57,1645.64,73.85,75.7,0.636294,A,H,0.0
2021-05-23,SerieA,Inter,Udinese,1772.5,1420.87,78.97,71.1,0.905104,H,H,1.0
2021-08-06,Ligue1,Monaco,Nantes,1668.96,1445.79,73.34,71.67,0.822488,D,H,
2021-08-07,Ligue1,Troyes,Paris SG,1500.0,1682.21,200.0,74.27,0.322836,A,A,1.0
2021-08-07,Ligue1,Lyon,Brest,1652.18,1424.79,74.35,71.76,0.825911,D,H,
2021-08-08,Ligue1,Montpellier,Marseille,1515.69,1537.02,71.72,71.86,0.540153,A,H,0.0
2021-08-08,Ligue1,Rennes,Lens,1528.3,1539.71,72.62,71.4,0.553943,D,H,
2021-08-08,Ligue1,Bordeaux,Clermont,1436.33,1500.0,71.2,200.0,0.483394,A,A,1.0
2021-08-08,Ligue1,Nice,Reims,1488.0,1447.06,72.13,71.87,0.624904,D,H,
2021-08-08,Ligue1,St Etienne,Lorient,1474.46,1451.94,72.02,72.86,0.60031,D,H,
2021-08-08,Ligue1,Strasbourg,Angers,1448.11,1429.44,72.34,71.78,0.595187,A,H,0.0
2021-08-08,Ligue1,Metz,Lille,1450.95,1717.39,71.33,75.79,0.229455,D,A,
2021-08-13,EPL,Brentford,Arsenal,1500.0,1566.36,200.0,72.0,0.477065,H,A,0.0
2021-08-13,LaLiga,Valencia,Getafe,1461.03,1410.11,71.73,72.28,0.637888,H,H,1.0
2021-08-13,Ligue1,Lorient,Monaco,1454.87,1659.27,72.14,73.16,0.29614,H,A,0.0
2021-08-13,Bundesliga,M'gladbach,Bayern Munich,1507.52,1738.58,74.06,80.7,0.267043,D,A,
2021-08-14,Ligue1,Paris SG,Strasbourg,1691.36,1430.96,73.89,71.65,0.850977,H,H,1.0
2021-08-14,EPL,Chelsea,Crystal Palace,1599.09,1431.74,72.38,72.32,0.771962,H,H,1.0
2021-08-14,EPL,Burnley,Brighton,1408.85,1452.9,72.79,73.48,0.508344,A,H,0.0
2021-08-14,EPL,Man United,Leeds,1652.91,1549.27,75.09,71.96,0.703124,H,H,1.0
2021-08-14,Ligue1,Lille,Nice,1708.76,1484.42,75.29,71.49,0.823479,A,H,0.0
2021-08-14,Bundesliga,Dortmund,Ein Frankfurt,1631.71,1610.55,74.68,75.88,0.598274,H,H,1.0
2021-08-14,Bundesliga,Wolfsburg,Bochum,1611.18,1500.0,75.55,200.0,0.686406,H,H,1.0
2021-08-14,Bundesliga,Union Berlin,Leverkusen,1546.55,1521.03,74.09,75.4,0.604155,D,H,
2021-08-14,Bundesliga,Stuttgart,Greuther Furth,1485.15,1500.0,74.24,200.0,0.5426,H,H,1.0
2021-08-14,Bundesliga,Bielefeld,Freiburg,1425.52,1481.73,75.3,73.68,0.491292,D,A,
2021-08-14,EPL,Everton,Southampton,1520.69,1416.8,73.2,72.36,0.703376,H,H,1.0
2021-08-14,EPL,Watford,Aston Villa,1500.0,1511.96,200.0,71.77,0.553172,H,H,1.0
2021-08-14,EPL,Norwich,Liverpool,1500.0,1621.42,200.0,73.92,0.401252,A,A,1.0
2021-08-14,Bundesliga,Augsburg,Hoffenheim,1389.89,1483.95,75.02,74.19,0.438585,A,A,1.0
2021-08-14,EPL,Leicester,Wolves,1573.11,1444.49,73.75,71.69,0.731566,H,H,1.0
2021-08-14,LaLiga,Cadiz,Levante,1454.64,1441.34,71.36,71.72,0.5879,D,H,
2021-08-14,LaLiga,Mallorca,Betis,1500.0,1575.96,200.0,71.7,0.463631,D,A,
2021-08-14,LaLiga,Alaves,Real Madrid,1423.26,1727.88,72.4,76.13,0.193926,A,A,1.0
2021-08-14,LaLiga,Osasuna,Espanol,1463.48,1500.0,72.24,200.0,0.516371,D,H,
2021-08-15,Ligue1,Angers,Lyon,1446.33,1642.13,71.13,74.14,0.306412,H,A,0.0
2021-08-15,Ligue1,Brest,Rennes,1434.16,1526.73,71.67,71.87,0.440546,D,A,
2021-08-15,Ligue1,Clermont,Troyes,1582.3,1443.11,174.6,177.35,0.72093,H,H,1.0
2021-08-15,LaLiga,Barcelona,Sociedad,1670.99,1571.44,74.96,72.63,0.698227,H,H,1.0
2021-08-15,Ligue1,Nantes,Metz,1455.04,1458.6,71.57,71.07,0.564832,H,H,1.0
2021-08-15,LaLiga,Sevilla,Vallecano,1653.05,1500.0,73.31,200.0,0.728458,H,H,1.0
2021-08-15,Ligue1,Marseille,Bordeaux,1552.37,1424.52,71.16,70.88,0.73082,D,H,
2021-08-15,EPL,Newcastle,West Ham,1460.37,1581.19,73.31,73.02,0.401995,A,A,1.0
2021-08-15,Bundesliga,Mainz,RB Leipzig,1493.41,1616.93,77.84,77.14,0.398657,H,A,0.0
2021-08-15,Ligue1,Reims,Montpellier,1450.61,1500.4,71.24,71.03,0.5003,D,H,
2021-08-15,Ligue1,Lens,St Etienne,1541.22,1471.6,70.74,71.35,0.661863,D,H,
2021-08-15,LaLiga,Celta,Ath Madrid,1529.91,1720.88,71.52,78.43,0.312709,A,A,1.0
2021-08-15,EPL,Tottenham,Man City,1541.72,1718.04,72.65,77.71,0.330474,H,A,0.0
2021-08-15,Bundesliga,FC Koln,Hertha,1417.24,1422.51,75.99,75.44,0.562273,H,H,1.0
2021-08-16,LaLiga,Villarreal,Granada,1540.27,1441.6,72.2,72.31,0.697233,D,H,
2021-08-16,LaLiga,Elche,Ath Bilbao,1405.06,1475.89,72.57,72.31,0.470806,D,A,
2021-08-20,LaLiga,Betis,Cadiz,1575.18,1452.17,71.36,70.73,0.725471,D,H,
2021-08-20,Bundesliga,RB Leipzig,Stuttgart,1597.46,1497.24,76.13,73.76,0.698876,H,H,1.0
2021-08-20,Ligue1,Brest,Paris SG,1435.84,1695.91,70.99,73.81,0.235515,A,A,1.0
2021-08-21,EPL,Brighton,Watford,1467.95,1576.65,72.66,174.82,0.426668,H,A,0.0
2021-08-21,LaLiga,Espanol,Villarreal,1503.23,1534.58,174.63,71.69,0.526146,D,H,
2021-08-21,LaLiga,Granada,Valencia,1447.3,1471.31,71.8,71.13,0.53643,D,H,
2021-08-21,LaLiga,Ath Bilbao,Barcelona,1475.05,1680.33,71.57,74.28,0.295256,D,A,
2021-08-21,SerieA,Torino,Atalanta,1432.94,1676.53,73.79,75.32,0.252779,A,A,1.0
2021-08-21,SerieA,Empoli,Lazio,1500.0,1581.36,200.0,73.73,0.456173,A,A,1.0
2021-08-21,EPL,Leeds,Everton,1540.76,1529.48,71.48,72.65,0.585108,D,H,
2021-08-21,EPL,Crystal Palace,Brentford,1425.11,1589.5,72.01,174.64,0.359867,D,A,
2021-08-21,EPL,Aston Villa,Newcastle,1500.71,1448.5,71.43,72.55,0.639533,H,H,1.0
2021-08-21,EPL,Liverpool,Burnley,1632.29,1394.07,73.49,72.02,0.834436,H,H,1.0
2021-08-21,SerieA,Verona,Sassuolo,1432.14,1572.08,72.54,73.1,0.376526,A,A,1.0
2021-08-21,Ligue1,Monaco,Lens,1638.44,1536.74,72.61,70.24,0.701056,A,H,0.0
2021-08-21,Bundesliga,Bochum,Mainz,1448.5,1513.24,178.56,76.78,0.479401,H,A,0.0
2021-08-21,EPL,Man City,Norwich,1695.88,1430.76,76.78,175.47,0.829883,H,H,1.0
2021-08-21,Bundesliga,Ein Frankfurt,Augsburg,1597.91,1376.39,74.95,74.11,0.820754,D,H,
2021-08-21,Bundesliga,Freiburg,Dortmund,1481.48,1643.97,72.85,73.84,0.347402,H,A,0.0
2021-08-21,Bundesliga,Greuther Furth,Bielefeld,1422.75,1425.79,174.86,74.35,0.565394,D,H,
2021-08-21,Ligue1,St Etienne,Lille,1476.16,1682.74,70.82,75.02,0.293831,D,A,
2021-08-21,Bundesliga,Hertha,Wolfsburg,1408.91,1619.8,74.51,75.16,0.288878,A,A,1.0
2021-08-21,LaLiga,Alaves,Mallorca,1417.61,1506.23,72.2,174.7,0.451543,A,A,1.0
2021-08-21,SerieA,Inter,Genoa,1775.82,1457.5,81.01,73.2,0.887478,H,H,1.0
2021-08-21,Bundesliga,Leverkusen,M'gladbach,1524.27,1514.54,74.52,73.54,0.582933,H,H,1.0
2021-08-22,SerieA,Roma,Fiorentina,1550.82,1437.49,74.18,73.07,0.714204,H,H,1.0
2021-08-22,EPL,Southampton,Man United,1408.2,1662.13,71.86,74.42,0.241865,D,A,
2021-08-22,EPL,Wolves,Tottenham,1436.84,1561.15,71.29,72.06,0.397235,A,A,1.0
2021-08-22,EPL,Arsenal,Chelsea,1553.39,1605.73,71.65,72.07,0.496713,A,A,1.0
2021-08-22,Ligue1,Bordeaux,Angers,1430.97,1465.75,70.53,70.68,0.521364,D,H,
2021-08-22,LaLiga,Ath Madrid,Elche,1731.39,1405.9,77.49,71.81,0.891626,H,H,1.0
2021-08-22,SerieA,Napoli,Venezia,1663.24,1500.0,75.13,200.0,0.738147,H,H,1.0
2021-08-22,SerieA,Udinese,Juventus,1418.14,1674.72,73.63,74.62,0.239179,D,A,
2021-08-22,SerieA,Bologna,Salernitana,1427.85,1500.0,72.49,200.0,0.473109,H,A,0.0
2021-08-22,Bundesliga,Hoffenheim,Union Berlin,1497.17,1543.42,73.35,73.3,0.505251,D,H,
2021-08-22,LaLiga,Sociedad,Vallecano,1562.65,1455.7,72.1,180.46,0.686534,H,H,1.0
2021-08-22,Ligue1,Metz,Reims,1446.48,1450.61,70.44,70.57,0.564068,D,H,
2021-08-22,Ligue1,Lyon,Clermont,1621.08,1619.39,73.5,162.76,0.565706,D,H,
2021-08-22,Ligue1,Strasbourg,Troyes,1426.67,1405.0,71.66,164.89,0.590374,D,H,
2021-08-22,Ligue1,Rennes,Nantes,1525.04,1467.33,71.18,70.9,0.646783,H,H,1.0
2021-08-22,LaLiga,Levante,Real Madrid,1443.83,1734.11,71.06,75.75,0.206719,D,A,
2021-08-22,Ligue1,Montpellier,Lorient,1500.41,1475.13,70.37,71.65,0.604091,H,H,1.0
2021-08-22,Bundesliga,Bayern Munich,FC Koln,1730.24,1431.03,79.76,75.02,0.876049,H,H,1.0
2021-08-23,SerieA,Sampdoria,Milan,1500.55,1665.62,73.38,77.03,0.344469,A,A,1.0
2021-08-23,SerieA,Cagliari,Spezia,1418.53,1420.32,73.76,73.75,0.567148,D,H,
2021-08-23,LaLiga,Osasuna,Celta,1463.07,1521.09,71.86,71.04,0.48874,D,A,
2021-08-23,LaLiga,Getafe,Sevilla,1399.68,1660.1,71.65,73.12,0.235064,A,A,1.0
2021-08-23,EPL,West Ham,Leicester,1592.97,1581.19,72.29,73.23,0.585745,H,H,1.0
2021-08-27,SerieA,Udinese,Venezia,1425.97,1457.35,73.22,180.99,0.523223,H,H,1.0
2021-08-27,LaLiga,Valencia,Alaves,1472.32,1405.9,70.48,71.76,0.657782,H,H,1.0
2021-08-27,SerieA,Verona,Inter,1421.24,1779.94,71.87,80.84,0.151703,A,A,1.0
2021-08-27,Bundesliga,Dortmund,Hoffenheim,1624.39,1497.01,73.13,72.54,0.730084,H,H,1.0
2021-08-27,Ligue1,Nantes,Lyon,1457.5,1619.29,70.37,72.95,0.348215,A,A,1.0
2021-08-27,LaLiga,Mallorca,Espanol,1568.13,1499.61,157.27,157.08,0.648075,H,H,1.0
2021-08-28,EPL,Norwich,Leicester,1408.18,1568.98,166.03,72.47,0.349412,A,A,1.0
2021-08-28,EPL,Newcastle,Southampton,1438.04,1415.6,71.91,71.53,0.600279,D,H,
2021-08-28,EPL,Brighton,Everton,1483.0,1531.95,72.21,71.93,0.501475,A,H,0.0
2021-08-28,EPL,Aston Villa,Brentford,1510.86,1567.61,70.86,158.54,0.491321,D,A,
2021-08-28,EPL,Man City,Arsenal,1700.91,1539.36,76.67,70.95,0.766391,H,H,1.0
2021-08-28,SerieA,Atalanta,Bologna,1684.44,1441.16,74.76,72.1,0.838312,D,H,
2021-08-28,SerieA,Lazio,Spezia,1593.41,1422.32,73.28,72.94,0.775552,H,H,1.0
2021-08-28,SerieA,Fiorentina,Torino,1429.06,1425.33,72.55,73.32,0.574743,H,H,1.0
2021-08-28,SerieA,Juventus,Empoli,1666.68,1421.87,74.15,174.8,0.815173,A,H,0.0
2021-08-28,LaLiga,Betis,Real Madrid,1568.81,1724.74,70.96,75.34,0.355932,A,A,1.0
2021-08-28,LaLiga,Celta,Ath Bilbao,1520.78,1480.86,70.38,71.12,0.623615,A,H,0.0
2021-08-28,LaLiga,Elche,Sevilla,1402.74,1667.08,71.99,72.74,0.231082,D,A,
2021-08-28,LaLiga,Sociedad,Levante,1570.73,1452.08,71.84,70.89,0.720538,H,H,1.0
2021-08-28,Ligue1,Marseille,St Etienne,1545.87,1481.89,70.79,70.42,0.654831,H,H,1.0
2021-08-28,Ligue1,Nice,Bordeaux,1507.91,1430.38,71.4,69.91,0.671871,H,H,1.0
2021-08-28,Bundesliga,Augsburg,Leverkusen,1386.19,1536.96,73.89,73.66,0.362429,A,A,1.0
2021-08-28,Bundesliga,Bielefeld,Ein Frankfurt,1427.4,1587.88,73.79,74.69,0.350053,D,A,
2021-08-28,Bundesliga,FC Koln,Bochum,1427.11,1523.03,75.01,159.99,0.441356,H,A,0.0
2021-08-28,Bundesliga,Mainz,Greuther Furth,1498.21,1413.66,76.07,157.52,0.666593,H,H,1.0
2021-08-28,Bundesliga,Stuttgart,Freiburg,1488.21,1500.55,73.16,72.21,0.552634,A,H,0.0
2021-08-28,Bundesliga,Bayern Munich,Hertha,1734.63,1400.08,79.57,73.9,0.896152,H,H,1.0
2021-08-28,EPL,West Ham,Crystal Palace,1604.88,1428.73,71.59,71.66,0.780634,D,H,
2021-08-28,EPL,Liverpool,Chelsea,1637.29,1619.92,73.35,71.34,0.593437,D,H,
2021-08-29,EPL,Tottenham,Watford,1572.51,1495.62,71.39,157.6,0.657749,H,H,1.0
2021-08-29,Bundesliga,Union Berlin,M'gladbach,1543.57,1502.17,72.49,72.76,0.62543,H,H,1.0
2021-08-29,Bundesliga,Wolfsburg,RB Leipzig,1628.78,1607.05,74.51,75.39,0.599067,H,H,1.0
2021-08-29,EPL,Burnley,Leeds,1389.26,1538.37,71.95,70.84,0.364331,D,A,
2021-08-29,EPL,Wolves,Man United,1425.7,1654.2,70.68,73.95,0.268872,A,A,1.0
2021-08-29,LaLiga,Barcelona,Getafe,1674.08,1392.97,73.66,71.35,0.865178,H,H,1.0
2021-08-29,LaLiga,Vallecano,Granada,1411.42,1446.27,164.11,71.1,0.521254,H,H,1.0
2021-08-29,Ligue1,Troyes,Monaco,1417.6,1617.98,150.42,72.08,0.300733,A,A,1.0
2021-08-29,Ligue1,Angers,Rennes,1466.34,1534.94,70.05,70.63,0.473904,H,A,0.0
2021-08-29,Ligue1,Clermont,Metz,1628.29,1444.72,148.6,69.84,0.787959,D,H,
2021-08-29,Ligue1,Lens,Lorient,1555.93,1463.92,69.86,71.01,0.689431,D,H,
2021-08-29,Ligue1,Reims,Paris SG,1452.37,1703.03,69.97,73.39,0.245091,A,A,1.0
2021-08-29,SerieA,Salernitana,Roma,1409.09,1559.5,174.69,73.6,0.362886,A,A,1.0
2021-08-29,SerieA,Milan,Cagliari,1676.8,1416.53,76.12,72.95,0.850694,H,H,1.0
2021-08-29,LaLiga,Cadiz,Osasuna,1458.44,1463.39,70.37,71.15,0.562904,A,H,0.0
2021-08-29,SerieA,Genoa,Napoli,1454.09,1670.37,73.31,74.87,0.282669,A,A,1.0
2021-08-29,LaLiga,Ath Madrid,Villarreal,1735.04,1535.18,77.47,71.27,0.802637,D,H,
2021-08-29,SerieA,Sassuolo,Sampdoria,1583.15,1490.37,72.39,72.71,0.690159,D,H,
2021-08-29,Ligue1,Strasbourg,Brest,1424.33,1429.23,71.24,70.73,0.562982,H,H,1.0
2021-08-29,Ligue1,Lille,Montpellier,1676.33,1511.24,74.36,69.82,0.770086,H,H,1.0
2021-09-10,Ligue1,Lorient,Lille,1469.22,1683.39,70.55,73.93,0.284951,H,A,0.0
2021-09-11,EPL,Arsenal,Norwich,1532.8,1362.89,70.7,151.99,0.757715,H,H,1.0
2021-09-11,SerieA,Atalanta,Fiorentina,1673.88,1441.36,74.58,71.83,0.83,A,H,0.0
2021-09-11,EPL,Brentford,Brighton,1566.49,1468.62,145.1,71.48,0.696377,A,H,0.0
2021-09-11,EPL,Man United,Newcastle,1662.33,1435.18,73.42,71.25,0.825791,H,H,1.0
2021-09-11,EPL,Southampton,West Ham,1418.43,1596.86,70.9,71.35,0.327169,D,A,
2021-09-11,EPL,Watford,Wolves,1456.35,1418.24,145.8,70.34,0.621283,A,H,0.0
2021-09-11,EPL,Chelsea,Aston Villa,1622.54,1511.08,70.72,70.44,0.712397,H,H,1.0
2021-09-11,EPL,Crystal Palace,Tottenham,1436.77,1581.41,71.41,71.06,0.370177,H,A,0.0
2021-09-11,EPL,Leicester,Man City,1578.57,1708.51,72.07,76.1,0.390006,A,A,1.0
2021-09-11,SerieA,Napoli,Juventus,1679.1,1644.16,74.25,74.09,0.616807,H,H,1.0
2021-09-11,Ligue1,Monaco,Marseille,1626.37,1555.45,71.73,70.28,0.663601,A,H,0.0
2021-09-11,LaLiga,Levante,Vallecano,1444.28,1471.36,70.51,149.32,0.529774,D,H,
2021-09-11,LaLiga,Ath Bilbao,Mallorca,1498.29,1607.29,70.55,146.95,0.423663,H,A,0.0
2021-09-11,Bundesliga,RB Leipzig,Bayern Munich,1594.59,1738.31,74.49,79.5,0.37212,A,A,1.0
2021-09-11,Bundesliga,Union Berlin,Augsburg,1554.41,1375.32,71.83,73.16,0.783234,D,H,
2021-09-11,Bundesliga,Leverkusen,Dortmund,1547.77,1632.38,72.95,72.65,0.451612,A,A,1.0
2021-09-11,Bundesliga,Hoffenheim,Mainz,1489.14,1507.99,72.09,75.48,0.543484,A,H,0.0
2021-09-11,Bundesliga,Greuther Furth,Wolfsburg,1375.49,1640.96,145.95,73.68,0.230093,A,A,1.0
2021-09-11,Bundesliga,Freiburg,FC Koln,1516.39,1442.97,71.5,74.36,0.666293,D,H,
2021-09-11,SerieA,Empoli,Venezia,1549.48,1387.9,164.74,161.66,0.747179,A,H,0.0
2021-09-11,Ligue1,Paris SG,Clermont,1710.34,1596.15,72.97,140.94,0.703248,H,H,1.0
2021-09-12,LaLiga,Real Madrid,Celta,1735.82,1503.69,74.51,69.85,0.829994,H,H,1.0
2021-09-12,LaLiga,Espanol,Ath Madrid,1460.55,1724.97,146.8,77.0,0.23165,A,A,1.0
2021-09-12,EPL,Leeds,Liverpool,1534.61,1634.52,70.3,72.59,0.430454,A,A,1.0
2021-09-12,Bundesliga,M'gladbach,Bielefeld,1491.25,1431.89,72.08,73.09,0.64869,H,H,1.0
2021-09-12,SerieA,Milan,Lazio,1681.63,1600.11,75.94,72.93,0.676467,H,H,1.0
2021-09-12,SerieA,Torino,Salernitana,1412.78,1358.13,72.55,158.28,0.631414,H,H,1.0
2021-09-12,Bundesliga,Ein Frankfurt,Stuttgart,1583.28,1471.97,73.93,72.38,0.711984,D,H,
2021-09-12,Ligue1,Nantes,Nice,1447.97,1517.17,69.89,70.89,0.473059,A,A,1.0
2021-09-12,Ligue1,Rennes,Reims,1520.45,1445.69,70.0,69.73,0.668459,A,H,0.0
2021-09-12,Ligue1,Metz,Troyes,1451.61,1384.26,69.79,140.57,0.649513,A,H,0.0
2021-09-12,Ligue1,Brest,Angers,1417.17,1480.6,70.12,69.46,0.481142,D,A,
2021-09-12,Ligue1,Bordeaux,Lens,1421.49,1550.79,69.49,69.47,0.390356,A,A,1.0
2021-09-12,Ligue1,Montpellier,St Etienne,1504.98,1472.4,69.63,69.94,0.613972,H,H,1.0
2021-09-12,SerieA,Sampdoria,Inter,1495.92,1785.4,72.16,80.44,0.208219,D,A,
2021-09-12,SerieA,Cagliari,Genoa,1412.07,1445.7,72.9,72.79,0.522936,A,H,0.0
2021-09-12,SerieA,Spezia,Udinese,1415.68,1438.56,72.61,72.73,0.537964,A,H,0.0
2021-09-12,Bundesliga,Bochum,Hertha,1455.28,1396.88,146.47,74.03,0.647362,A,H,0.0
2021-09-12,LaLiga,Cadiz,Sociedad,1443.05,1578.73,69.78,71.4,0.382008,A,A,1.0
2021-09-12,SerieA,Roma,Sassuolo,1569.63,1577.64,73.14,71.86,0.558648,H,H,1.0
2021-09-12,Ligue1,Lyon,Strasbourg,1629.51,1436.56,72.3,70.6,0.796519,H,H,1.0
2021-09-12,LaLiga,Osasuna,Valencia,1479.11,1481.73,70.51,70.0,0.566171,A,H,0.0
2021-09-13,SerieA,Bologna,Verona,1450.98,1416.87,72.04,71.87,0.615872,H,H,1.0
2021-09-13,EPL,Everton,Burnley,1546.22,1393.14,71.21,71.33,0.757712,H,H,1.0
2021-09-13,LaLiga,Getafe,Elche,1389.1,1410.49,71.43,71.69,0.540067,A,H,0.0
2021-09-13,LaLiga,Granada,Betis,1434.01,1558.92,70.68,70.43,0.396316,A,A,1.0
2021-09-17,SerieA,Sassuolo,Torino,1565.11,1422.64,71.17,72.11,0.746498,A,H,0.0
2021-09-17,Ligue1,Strasbourg,Metz,1430.89,1435.12,70.45,69.48,0.563964,H,H,1.0
2021-09-17,EPL,Newcastle,Leeds,1430.22,1522.87,71.18,69.72,0.440362,D,A,
2021-09-17,LaLiga,Celta,Cadiz,1499.02,1432.75,69.86,69.28,0.657843,A,H,0.0
2021-09-17,Bundesliga,Hertha,Greuther Furth,1414.85,1350.82,73.48,138.32,0.645904,H,H,1.0
2021-09-18,SerieA,Genoa,Fiorentina,1460.92,1465.28,72.02,71.75,0.563684,A,H,0.0
2021-09-18,Bundesliga,Bayern Munich,Bochum,1751.1,1387.53,78.36,136.66,0.898813,H,H,1.0
2021-09-18,Bundesliga,Augsburg,M'gladbach,1383.76,1501.32,72.84,71.49,0.406299,H,A,0.0
2021-09-18,SerieA,Salernitana,Atalanta,1315.46,1648.11,145.91,74.38,0.170294,A,A,1.0
2021-09-18,SerieA,Inter,Bologna,1774.94,1461.97,79.76,71.39,0.884703,H,H,1.0
2021-09-18,Ligue1,Lens,Lille,1561.23,1661.76,68.98,73.36,0.429651,H,A,0.0
2021-09-18,Bundesliga,Bielefeld,Hoffenheim,1421.55,1473.64,72.42,71.38,0.497069,D,A,
2021-09-18,Ligue1,St Etienne,Bordeaux,1461.95,1411.04,69.42,68.99,0.638171,A,H,0.0
2021-09-18,LaLiga,Elche,Levante,1425.77,1443.52,71.0,70.09,0.545183,D,H,
2021-09-18,EPL,Aston Villa,Everton,1503.15,1553.06,70.07,70.92,0.500126,H,H,1.0
2021-09-18,EPL,Man City,Southampton,1720.86,1423.24,75.17,70.42,0.875761,D,H,
2021-09-18,EPL,Liverpool,Crystal Palace,1647.01,1454.51,71.85,70.82,0.796077,H,H,1.0
2021-09-18,EPL,Burnley,Arsenal,1386.27,1539.06,71.03,70.58,0.359534,A,A,1.0
2021-09-18,Bundesliga,FC Koln,RB Leipzig,1448.04,1583.3,73.65,73.72,0.382755,D,A,
2021-09-18,Bundesliga,Mainz,Freiburg,1524.94,1511.7,74.53,70.97,0.587861,D,H,
2021-09-18,EPL,Wolves,Brentford,1433.93,1493.99,69.98,136.19,0.486715,A,A,1.0
2021-09-18,LaLiga,Vallecano,Getafe,1474.8,1373.93,138.03,70.76,0.700019,H,H,1.0
2021-09-18,LaLiga,Ath Madrid,Ath Bilbao,1732.5,1513.08,76.54,70.14,0.819625,D,H,
2021-09-18,LaLiga,Alaves,Osasuna,1396.16,1463.56,71.2,69.91,0.475573,A,A,1.0
2021-09-18,EPL,Norwich,Watford,1336.85,1391.99,143.46,135.79,0.493215,A,A,1.0
2021-09-19,SerieA,Verona,Roma,1405.93,1582.6,71.23,72.36,0.329448,H,A,0.0
2021-09-19,SerieA,Lazio,Cagliari,1590.62,1396.82,72.34,72.12,0.797073,D,H,
2021-09-19,LaLiga,Sociedad,Sevilla,1589.49,1659.16,70.8,72.4,0.472431,D,A,
2021-09-19,EPL,Brighton,Leicester,1486.73,1567.44,71.14,71.42,0.457005,H,A,0.0
2021-09-19,EPL,West Ham,Man United,1591.98,1667.58,70.84,73.25,0.46419,A,A,1.0
2021-09-19,EPL,Tottenham,Chelsea,1563.84,1630.53,70.49,70.33,0.476569,A,A,1.0
2021-09-19,Ligue1,Troyes,Montpellier,1448.77,1515.35,131.96,69.14,0.476708,D,A,
2021-09-19,LaLiga,Mallorca,Villarreal,1546.45,1543.71,136.4,71.12,0.573499,D,H,
2021-09-19,Ligue1,Paris SG,Lyon,1718.56,1635.44,72.58,72.07,0.678521,H,H,1.0
2021-09-19,Bundesliga,Stuttgart,Leverkusen,1478.1,1534.57,71.9,72.18,0.490925,A,A,1.0
2021-09-19,Bundesliga,Dortmund,Union Berlin,1645.48,1546.28,71.9,71.58,0.697943,H,H,1.0
2021-09-19,Bundesliga,Wolfsburg,Ein Frankfurt,1647.86,1576.88,73.4,73.35,0.663347,D,H,
2021-09-19,SerieA,Venezia,Spezia,1476.38,1400.1,152.44,71.86,0.670115,A,H,0.0
2021-09-19,SerieA,Empoli,Sampdoria,1457.61,1504.35,154.94,71.93,0.504582,A,H,0.0
2021-09-19,Ligue1,Marseille,Rennes,1573.6,1502.27,69.82,69.57,0.664194,H,H,1.0
2021-09-19,Ligue1,Nice,Monaco,1530.29,1607.48,70.24,71.18,0.461906,D,A,
2021-09-19,Ligue1,Angers,Nantes,1480.09,1435.2,68.91,69.31,0.630292,A,H,0.0
2021-09-19,Ligue1,Clermont,Brest,1567.87,1417.68,133.07,69.52,0.75497,D,H,
2021-09-19,Ligue1,Reims,Lorient,1463.73,1488.96,69.31,70.19,0.534738,D,H,
2021-09-19,SerieA,Juventus,Milan,1632.62,1691.87,73.31,75.15,0.487043,D,A,
2021-09-19,LaLiga,Betis,Espanol,1569.79,1435.51,69.88,139.03,0.725225,D,H,
2021-09-19,LaLiga,Valencia,Real Madrid,1497.06,1741.1,69.43,74.31,0.252158,A,A,1.0
2021-09-20,SerieA,Udinese,Napoli,1454.19,1690.69,71.97,73.46,0.260078,A,A,1.0
2021-09-20,LaLiga,Barcelona,Granada,1678.19,1423.07,73.65,70.1,0.847419,D,H,
2021-09-21,SerieA,Atalanta,Sassuolo,1653.46,1544.08,74.24,70.84,0.709949,H,H,1.0
2021-09-21,SerieA,Fiorentina,Inter,1481.26,1779.04,71.07,79.62,0.200549,A,A,1.0
2021-09-21,LaLiga,Getafe,Ath Madrid,1365.79,1722.07,70.45,76.2,0.152685,A,A,1.0
2021-09-21,SerieA,Bologna,Genoa,1458.64,1444.82,71.55,71.32,0.588629,D,H,
2021-09-21,LaLiga,Ath Bilbao,Vallecano,1521.84,1503.45,70.09,130.39,0.589958,A,H,0.0
2021-09-21,LaLiga,Levante,Celta,1444.74,1481.21,69.5,69.41,0.519018,A,H,0.0
2021-09-22,Ligue1,Nantes,Brest,1452.01,1423.89,68.85,69.38,0.608066,H,H,1.0
2021-09-22,Ligue1,Metz,Paris SG,1423.47,1727.91,68.95,72.01,0.193433,A,A,1.0
2021-09-22,Ligue1,Lyon,Troyes,1626.22,1450.78,71.53,124.07,0.769849,H,H,1.0
2021-09-22,SerieA,Salernitana,Verona,1296.82,1424.75,139.8,70.73,0.39228,D,A,
2021-09-22,SerieA,Spezia,Juventus,1417.52,1633.0,71.48,72.51,0.283273,A,A,1.0
2021-09-22,SerieA,Cagliari,Empoli,1405.43,1400.22,71.9,142.36,0.571906,A,H,0.0
2021-09-22,SerieA,Milan,Venezia,1691.47,1400.85,74.21,141.71,0.856711,H,H,1.0
2021-09-22,Ligue1,Montpellier,Bordeaux,1514.8,1427.91,68.75,68.57,0.683517,D,H,
2021-09-22,LaLiga,Real Madrid,Mallorca,1748.8,1539.7,73.81,127.88,0.799311,H,H,1.0
2021-09-22,LaLiga,Sevilla,Valencia,1658.37,1490.3,71.65,69.21,0.773133,H,H,1.0
2021-09-22,LaLiga,Villarreal,Elche,1545.54,1424.51,70.64,70.35,0.723288,H,H,1.0
2021-09-22,Ligue1,Rennes,Clermont,1493.24,1544.74,69.15,127.02,0.497997,H,A,0.0
2021-09-22,Ligue1,Angers,Marseille,1463.47,1582.69,68.48,69.39,0.403929,D,A,
2021-09-22,Ligue1,Lens,Strasbourg,1576.23,1442.85,68.49,69.85,0.737038,A,H,0.0
2021-09-22,LaLiga,Espanol,Alaves,1458.75,1382.87,131.81,70.53,0.66977,H,H,1.0
2021-09-22,Ligue1,Lorient,Nice,1489.91,1531.33,69.59,69.65,0.512054,H,H,1.0
2021-09-22,Ligue1,Lille,Reims,1644.86,1462.81,72.57,68.78,0.78669,H,H,1.0
2021-09-22,Ligue1,Monaco,St Etienne,1606.42,1444.88,70.52,68.97,0.766659,H,H,1.0
2021-09-23,SerieA,Torino,Lazio,1444.21,1581.96,71.73,72.11,0.379327,D,A,
2021-09-23,LaLiga,Granada,Sociedad,1432.64,1590.25,70.16,70.16,0.353282,A,A,1.0
2021-09-23,LaLiga,Osasuna,Betis,1476.4,1564.03,69.33,69.69,0.447319,A,A,1.0
2021-09-23,LaLiga,Cadiz,Barcelona,1450.29,1667.63,68.87,73.56,0.281291,D,A,
2021-09-23,SerieA,Roma,Udinese,1563.2,1446.72,71.78,71.58,0.717996,H,H,1.0
2021-09-23,SerieA,Sampdoria,Napoli,1517.64,1698.46,71.44,72.99,0.324393,A,A,1.0
2021-09-24,Bundesliga,Greuther Furth,Bayern Munich,1318.04,1754.38,130.1,78.43,0.103576,A,A,1.0
2021-09-25,Bundesliga,Ein Frankfurt,FC Koln,1581.72,1451.53,72.7,72.9,0.733129,D,H,
2021-09-25,Bundesliga,Hoffenheim,Wolfsburg,1473.56,1643.01,70.71,72.74,0.338494,H,A,0.0
2021-09-25,Bundesliga,RB Leipzig,Hertha,1579.8,1424.78,72.96,72.95,0.759467,H,H,1.0
2021-09-25,Bundesliga,Leverkusen,Mainz,1548.64,1522.26,71.44,73.68,0.605425,H,H,1.0
2021-09-25,Bundesliga,M'gladbach,Dortmund,1484.61,1654.12,70.85,71.41,0.338281,H,A,0.0
2021-09-25,Ligue1,St Etienne,Nice,1438.67,1518.24,68.81,69.08,0.458527,A,A,1.0
2021-09-25,Ligue1,Strasbourg,Lille,1462.92,1651.13,69.57,72.29,0.315297,A,A,1.0
2021-09-25,Ligue1,Lyon,Lorient,1632.49,1502.98,71.34,69.03,0.732906,D,H,
2021-09-25,Ligue1,Paris SG,Montpellier,1733.51,1509.97,71.83,68.41,0.823291,H,H,1.0
2021-09-25,EPL,Man United,Aston Villa,1681.26,1516.7,72.45,69.47,0.769611,A,H,0.0
2021-09-25,EPL,Everton,Norwich,1539.19,1289.72,70.27,134.45,0.829994,H,H,1.0
2021-09-25,EPL,Leeds,West Ham,1521.27,1579.16,69.17,70.21,0.488924,A,A,1.0
2021-09-25,EPL,Leicester,Burnley,1552.18,1376.24,70.75,70.48,0.780611,D,H,
2021-09-25,EPL,Watford,Newcastle,1434.51,1431.89,128.28,70.53,0.57336,D,H,
2021-09-25,EPL,Brentford,Liverpool,1538.39,1652.88,127.52,71.64,0.410467,D,A,
2021-09-25,Bundesliga,Union Berlin,Bielefeld,1537.7,1421.64,71.11,71.67,0.717512,H,H,1.0
2021-09-25,SerieA,Inter,Atalanta,1786.02,1662.3,79.02,73.64,0.725877,D,H,
2021-09-25,EPL,Chelsea,Man City,1643.55,1708.94,69.73,75.15,0.478463,A,A,1.0
2021-09-25,LaLiga,Alaves,Ath Madrid,1374.0,1726.99,70.18,76.0,0.155051,H,A,0.0
2021-09-25,LaLiga,Valencia,Ath Bilbao,1484.21,1506.61,69.06,69.67,0.538715,D,H,
2021-09-25,LaLiga,Sevilla,Espanol,1664.87,1487.66,71.38,124.83,0.771354,H,H,1.0
2021-09-25,LaLiga,Real Madrid,Villarreal,1754.6,1553.22,73.61,70.28,0.80414,D,H,
2021-09-25,SerieA,Genoa,Verona,1447.31,1422.12,70.69,70.31,0.604063,D,H,
2021-09-25,SerieA,Spezia,Milan,1409.5,1695.62,71.06,74.23,0.210321,A,A,1.0
2021-09-26,EPL,Arsenal,Tottenham,1548.97,1550.77,70.06,69.87,0.567317,H,H,1.0
2021-09-26,SerieA,Juventus,Sampdoria,1641.24,1508.49,72.02,70.93,0.73621,H,H,1.0
2021-09-26,SerieA,Empoli,Bologna,1457.25,1456.14,132.72,70.91,0.571274,H,H,1.0
2021-09-26,SerieA,Napoli,Cagliari,1708.0,1390.14,72.38,71.4,0.887476,H,H,1.0
2021-09-26,SerieA,Lazio,Roma,1578.5,1571.26,71.47,71.34,0.579654,H,H,1.0
2021-09-26,EPL,Southampton,Wolves,1433.7,1421.49,70.58,69.54,0.586552,A,H,0.0
2021-09-26,Ligue1,Bordeaux,Rennes,1432.71,1505.91,68.24,68.74,0.467433,D,A,
2021-09-26,Ligue1,Brest,Metz,1413.42,1418.32,68.89,68.92,0.563076,A,H,0.0
2021-09-26,Ligue1,Reims,Nantes,1457.15,1462.32,68.69,68.4,0.562716,H,H,1.0
2021-09-26,Ligue1,Troyes,Angers,1433.11,1465.97,119.6,68.04,0.524094,D,H,
2021-09-26,Ligue1,Clermont,Monaco,1504.1,1612.9,119.98,70.28,0.418159,A,A,1.0
2021-09-26,Ligue1,Marseille,Lens,1580.12,1556.92,68.88,68.28,0.601529,A,H,0.0
2021-09-26,Bundesliga,Freiburg,Augsburg,1514.13,1401.09,70.37,72.11,0.713994,H,H,1.0
2021-09-26,Bundesliga,Bochum,Stuttgart,1378.49,1464.14,133.87,71.19,0.45012,D,A,
2021-09-26,LaLiga,Mallorca,Osasuna,1523.49,1464.5,123.49,68.8,0.648622,A,H,0.0
2021-09-26,LaLiga,Barcelona,Levante,1661.05,1430.87,73.01,68.95,0.828574,H,H,1.0
2021-09-26,LaLiga,Sociedad,Elche,1599.89,1416.89,69.68,70.01,0.787392,H,H,1.0
2021-09-26,LaLiga,Vallecano,Cadiz,1554.06,1456.06,123.04,68.6,0.696873,H,H,1.0
2021-09-26,LaLiga,Betis,Getafe,1576.05,1361.54,69.14,70.5,0.815461,H,H,1.0
2021-09-26,SerieA,Udinese,Fiorentina,1438.7,1475.63,71.16,70.92,0.518345,A,H,0.0
2021-09-26,SerieA,Sassuolo,Salernitana,1536.0,1307.17,70.45,130.85,0.814926,H,H,1.0
2021-09-27,LaLiga,Celta,Granada,1495.04,1423.0,68.86,69.68,0.665063,H,H,1.0
2021-09-27,EPL,Crystal Palace,Brighton,1448.79,1501.88,70.67,70.49,0.495659,D,A,
2021-09-27,SerieA,Venezia,Torino,1387.22,1447.63,137.28,71.11,0.485385,D,A,
2021-10-01,SerieA,Cagliari,Venezia,1386.9,1388.57,71.57,128.43,0.564057,D,H,
2021-10-01,LaLiga,Ath Bilbao,Alaves,1507.65,1397.32,69.11,70.22,0.711114,H,H,1.0
2021-10-01,Bundesliga,FC Koln,Greuther Furth,1458.4,1308.65,72.44,127.41,0.743835,H,H,1.0
2021-10-01,Ligue1,Lens,Reims,1572.5,1468.59,67.86,68.2,0.703891,H,H,1.0
2021-10-02,SerieA,Torino,Juventus,1447.27,1648.84,70.61,71.62,0.299258,A,A,1.0
2021-10-02,SerieA,Salernitana,Genoa,1291.66,1444.43,126.44,70.12,0.359512,H,A,0.0
2021-10-02,SerieA,Sassuolo,Inter,1540.89,1778.29,70.46,78.17,0.2598,A,A,1.0
2021-10-02,Bundesliga,Dortmund,Augsburg,1635.45,1392.85,70.88,71.65,0.837866,H,H,1.0
2021-10-02,LaLiga,Mallorca,Levante,1473.05,1426.28,117.59,68.99,0.632782,H,H,1.0
2021-10-02,Bundesliga,Stuttgart,Hoffenheim,1462.9,1491.85,70.68,70.22,0.529528,H,H,1.0
2021-10-02,LaLiga,Osasuna,Vallecano,1480.64,1577.65,68.5,117.64,0.43696,H,A,0.0
2021-10-02,Bundesliga,Hertha,Freiburg,1417.68,1521.99,72.56,70.01,0.424286,A,A,1.0
2021-10-02,LaLiga,Cadiz,Valencia,1448.25,1483.19,68.38,68.54,0.52116,D,H,
2021-10-02,Ligue1,Nice,Brest,1530.36,1398.61,68.57,68.4,0.735444,H,H,1.0
2021-10-02,Ligue1,Montpellier,Strasbourg,1505.3,1454.45,68.45,69.19,0.638084,D,H,
2021-10-02,EPL,Man United,Everton,1658.76,1543.64,72.12,70.34,0.716593,D,H,
2021-10-02,EPL,Burnley,Norwich,1384.03,1274.83,70.29,130.01,0.699962,D,H,
2021-10-02,EPL,Chelsea,Southampton,1630.73,1417.55,69.17,69.99,0.814411,H,H,1.0
2021-10-02,LaLiga,Ath Madrid,Barcelona,1699.69,1666.17,75.8,72.87,0.615008,H,H,1.0
2021-10-02,EPL,Wolves,Newcastle,1437.18,1433.72,69.03,70.07,0.574554,H,H,1.0
2021-10-02,EPL,Brighton,Arsenal,1501.76,1560.72,69.87,69.49,0.487416,D,A,
2021-10-02,Bundesliga,Wolfsburg,M'gladbach,1623.68,1503.0,72.12,70.35,0.722905,A,H,0.0
2021-10-02,Bundesliga,RB Leipzig,Bochum,1586.91,1382.92,72.58,125.72,0.795429,H,H,1.0
2021-10-02,EPL,Leeds,Watford,1508.33,1428.46,68.64,121.18,0.667692,H,H,1.0
2021-10-03,Ligue1,St Etienne,Lyon,1426.64,1625.89,68.31,70.97,0.301914,D,A,
2021-10-03,Ligue1,Lille,Marseille,1660.24,1564.28,71.74,68.42,0.694467,H,H,1.0
2021-10-03,Ligue1,Monaco,Bordeaux,1623.95,1433.55,69.82,67.77,0.794605,H,H,1.0
2021-10-03,Ligue1,Lorient,Clermont,1509.16,1473.44,68.78,114.24,0.61393,D,H,
2021-10-03,Ligue1,Angers,Metz,1466.54,1433.14,67.68,68.42,0.615185,H,H,1.0
2021-10-03,SerieA,Roma,Empoli,1559.46,1494.79,70.7,124.86,0.648782,H,H,1.0
2021-10-03,SerieA,Fiorentina,Napoli,1490.0,1711.32,70.27,72.52,0.276667,A,A,1.0
2021-10-03,SerieA,Verona,Spezia,1424.96,1403.58,69.76,70.87,0.598903,H,H,1.0
2021-10-03,SerieA,Sampdoria,Udinese,1501.1,1424.24,70.59,70.5,0.670997,D,H,
2021-10-03,SerieA,Bologna,Lazio,1444.75,1590.33,70.43,70.82,0.368932,H,A,0.0
2021-10-03,EPL,Liverpool,Man City,1650.58,1723.75,71.12,74.2,0.467599,D,A,
2021-10-03,EPL,Tottenham,Aston Villa,1539.08,1537.43,69.32,69.3,0.572101,H,H,1.0
2021-10-03,EPL,Crystal Palace,Leicester,1448.91,1544.33,70.03,70.55,0.436552,D,A,
2021-10-03,SerieA,Atalanta,Milan,1669.02,1702.05,73.12,73.88,0.523755,A,H,0.0
2021-10-03,Ligue1,Rennes,Paris SG,1505.05,1738.62,68.24,71.71,0.263013,H,A,0.0
2021-10-03,Ligue1,Nantes,Troyes,1450.97,1431.36,67.93,113.75,0.593119,H,H,1.0
2021-10-03,LaLiga,Espanol,Real Madrid,1469.92,1745.41,120.29,73.34,0.220252,H,A,0.0
2021-10-03,Bundesliga,Mainz,Union Berlin,1510.49,1545.63,72.91,70.71,0.520849,A,H,0.0
2021-10-03,Bundesliga,Bayern Munich,Ein Frankfurt,1758.1,1574.9,78.42,72.25,0.787251,A,H,0.0
2021-10-03,Bundesliga,Bielefeld,Leverkusen,1413.59,1559.73,71.24,70.83,0.368195,A,A,1.0
2021-10-03,LaLiga,Elche,Celta,1411.06,1503.87,69.86,68.48,0.440093,H,A,0.0
2021-10-03,LaLiga,Granada,Sevilla,1413.97,1671.07,69.25,71.2,0.238153,H,A,0.0
2021-10-03,LaLiga,Villarreal,Betis,1561.6,1581.0,70.17,69.12,0.542901,H,H,1.0
2021-10-03,EPL,West Ham,Brentford,1592.47,1545.7,69.6,120.64,0.627204,A,H,0.0
2021-10-03,LaLiga,Getafe,Sociedad,1356.4,1605.66,70.42,69.55,0.245995,D,A,
2021-10-15,Ligue1,Paris SG,Angers,1717.52,1476.35,71.33,67.31,0.837413,H,H,1.0
2021-10-15,Bundesliga,Hoffenheim,FC Koln,1479.04,1465.51,69.62,72.15,0.588187,H,H,1.0
2021-10-16,SerieA,Spezia,Salernitana,1392.45,1343.52,70.28,120.04,0.629989,H,H,1.0
2021-10-16,Bundesliga,M'gladbach,Stuttgart,1522.87,1475.87,70.01,70.05,0.632995,D,H,
2021-10-16,Bundesliga,Union Berlin,Wolfsburg,1559.98,1602.81,70.08,71.68,0.510054,H,H,1.0
2021-10-16,Bundesliga,Greuther Furth,Bochum,1288.07,1366.86,122.14,121.49,0.461411,A,A,1.0
2021-10-16,Bundesliga,Freiburg,RB Leipzig,1533.48,1592.64,69.45,72.42,0.487148,D,A,
2021-10-16,SerieA,Lazio,Inter,1572.83,1787.0,70.27,77.42,0.285416,H,A,0.0
2021-10-16,SerieA,Milan,Verona,1717.72,1435.76,73.04,69.24,0.866037,H,H,1.0
2021-10-16,Bundesliga,Ein Frankfurt,Hertha,1597.67,1405.38,72.0,71.83,0.795734,A,H,0.0
2021-10-16,Bundesliga,Dortmund,Mainz,1640.02,1495.27,70.86,72.12,0.748913,H,H,1.0
2021-10-16,EPL,Watford,Liverpool,1403.92,1651.49,115.83,70.47,0.247902,A,A,1.0
2021-10-16,EPL,Aston Villa,Wolves,1526.04,1448.41,68.79,68.53,0.672147,A,H,0.0
2021-10-16,EPL,Leicester,Man United,1542.59,1652.51,69.94,71.66,0.416699,H,A,0.0
2021-10-16,EPL,Man City,Burnley,1722.77,1378.81,73.33,70.02,0.901482,H,H,1.0
2021-10-16,EPL,Norwich,Brighton,1292.89,1502.1,123.76,69.29,0.290058,D,A,
2021-10-16,EPL,Southampton,Leeds,1412.45,1516.67,69.93,68.38,0.424331,H,A,0.0
2021-10-16,LaLiga,Sociedad,Mallorca,1598.81,1499.16,69.33,112.43,0.6924,H,H,1.0
2021-10-16,LaLiga,Levante,Getafe,1416.82,1363.43,68.64,70.15,0.641282,D,H,
2021-10-16,EPL,Brentford,Chelsea,1592.78,1635.72,115.06,69.14,0.509928,A,H,0.0
2021-10-16,Ligue1,Clermont,Lille,1481.41,1668.97,109.46,71.25,0.315968,H,A,0.0
2021-10-16,Ligue1,Lyon,Monaco,1620.34,1629.57,70.53,69.7,0.557044,H,H,1.0
2021-10-17,Ligue1,Marseille,Lorient,1556.31,1506.27,68.12,68.43,0.637099,H,H,1.0
2021-10-17,EPL,Everton,West Ham,1549.59,1576.31,69.98,69.23,0.532671,A,H,0.0
2021-10-17,EPL,Newcastle,Tottenham,1422.16,1550.47,69.5,68.8,0.391642,A,A,1.0
2021-10-17,Bundesliga,Leverkusen,Bayern Munich,1569.94,1731.33,70.28,77.84,0.349211,A,A,1.0
2021-10-17,Bundesliga,Augsburg,Bielefeld,1388.18,1403.26,71.6,70.67,0.548884,D,H,
2021-10-17,Ligue1,Bordeaux,Nantes,1428.25,1461.04,67.75,67.61,0.524198,D,H,
2021-10-17,SerieA,Juventus,Roma,1657.35,1568.75,71.15,70.3,0.685397,H,H,1.0
2021-10-17,Ligue1,Brest,Reims,1391.69,1460.9,68.19,67.93,0.473002,D,A,
2021-10-17,LaLiga,Barcelona,Valencia,1654.94,1483.74,72.17,68.04,0.776366,H,H,1.0
2021-10-17,LaLiga,Villarreal,Osasuna,1574.04,1494.73,69.58,68.13,0.674264,A,H,0.0
2021-10-17,Ligue1,Montpellier,Lens,1501.71,1580.11,68.06,67.61,0.460122,H,A,0.0
2021-10-17,SerieA,Cagliari,Sampdoria,1385.18,1496.38,71.04,70.12,0.414862,H,A,0.0
2021-10-17,SerieA,Empoli,Atalanta,1467.48,1653.66,118.83,72.33,0.317768,A,A,1.0
2021-10-17,SerieA,Genoa,Sassuolo,1427.97,1533.74,69.73,70.16,0.422283,D,A,
2021-10-17,SerieA,Udinese,Bologna,1428.95,1462.07,70.03,69.91,0.523687,D,H,
2021-10-17,Ligue1,Troyes,Nice,1404.43,1537.31,108.94,68.35,0.385495,H,A,0.0
2021-10-17,SerieA,Napoli,Torino,1719.38,1438.99,72.06,70.2,0.864875,H,H,1.0
2021-10-17,Ligue1,Metz,Rennes,1423.13,1524.21,68.0,68.05,0.428639,A,A,1.0
2021-10-17,Ligue1,Strasbourg,St Etienne,1458.12,1431.78,68.75,68.03,0.605765,H,H,1.0
2021-10-17,LaLiga,Vallecano,Elche,1537.61,1426.19,112.17,69.3,0.712493,H,H,1.0
2021-10-17,LaLiga,Celta,Sevilla,1489.31,1649.52,68.01,70.92,0.35003,A,A,1.0
2021-10-18,EPL,Arsenal,Crystal Palace,1560.38,1450.63,68.94,69.47,0.710547,D,H,
2021-10-18,LaLiga,Espanol,Cadiz,1529.0,1447.7,116.25,67.9,0.676753,H,H,1.0
2021-10-18,SerieA,Venezia,Fiorentina,1394.14,1482.41,121.3,69.94,0.446433,H,A,0.0
2021-10-18,LaLiga,Alaves,Betis,1389.4,1568.92,69.86,68.6,0.325526,A,A,1.0
2021-10-22,SerieA,Torino,Genoa,1435.23,1430.06,70.32,69.19,0.57694,H,H,1.0
2021-10-22,Bundesliga,Mainz,Augsburg,1488.02,1386.8,71.75,70.92,0.7004,H,H,1.0
2021-10-22,Ligue1,St Etienne,Angers,1421.64,1472.18,67.62,67.44,0.499243,D,A,
2021-10-22,EPL,Arsenal,Aston Villa,1554.8,1508.34,68.64,68.43,0.632425,H,H,1.0
2021-10-22,SerieA,Sampdoria,Spezia,1480.48,1402.17,69.56,69.87,0.672857,H,H,1.0
2021-10-22,LaLiga,Osasuna,Granada,1512.16,1434.38,67.81,69.07,0.672279,D,H,
2021-10-23,EPL,Southampton,Burnley,1428.04,1376.07,69.37,70.3,0.639434,D,H,
2021-10-23,SerieA,Sassuolo,Venezia,1531.63,1435.46,69.59,115.26,0.68787,H,H,1.0
2021-10-23,Bundesliga,Bayern Munich,Hoffenheim,1742.9,1490.08,76.85,69.1,0.845888,H,H,1.0
2021-10-23,Bundesliga,Bielefeld,Dortmund,1404.61,1647.04,70.05,70.56,0.253326,A,A,1.0
2021-10-23,Bundesliga,RB Leipzig,Greuther Furth,1592.27,1254.45,71.67,116.47,0.890319,H,H,1.0
2021-10-23,Bundesliga,Wolfsburg,Freiburg,1588.94,1533.82,70.98,68.91,0.643635,A,H,0.0
2021-10-23,Bundesliga,Hertha,M'gladbach,1428.29,1519.26,71.63,69.52,0.44267,H,A,0.0
2021-10-23,LaLiga,Elche,Espanol,1418.58,1551.65,69.05,111.57,0.389187,D,A,
2021-10-23,EPL,Brighton,Man City,1496.96,1725.76,69.06,73.5,0.26848,A,A,1.0
2021-10-23,Ligue1,Lille,Brest,1650.45,1392.39,70.83,67.72,0.849894,D,H,
2021-10-23,Ligue1,Nantes,Clermont,1461.65,1524.31,67.18,105.69,0.482734,H,A,0.0
2021-10-23,LaLiga,Ath Bilbao,Villarreal,1515.33,1555.89,68.81,69.18,0.513276,H,H,1.0
2021-10-23,SerieA,Salernitana,Empoli,1316.64,1444.36,114.56,113.88,0.39634,A,A,1.0
2021-10-23,EPL,Chelsea,Norwich,1648.73,1309.43,68.71,118.4,0.890683,H,H,1.0
2021-10-23,EPL,Crystal Palace,Newcastle,1456.29,1411.67,69.14,69.01,0.62996,D,H,
2021-10-23,EPL,Everton,Watford,1535.17,1386.48,69.4,111.93,0.74607,A,H,0.0
2021-10-23,EPL,Leeds,Wolves,1501.75,1465.99,67.93,68.19,0.618344,D,H,
2021-10-23,SerieA,Bologna,Milan,1462.71,1721.74,69.33,73.05,0.236465,A,A,1.0
2021-10-23,LaLiga,Valencia,Mallorca,1477.93,1479.25,67.96,108.41,0.565861,D,H,
2021-10-23,LaLiga,Cadiz,Alaves,1439.54,1380.57,67.67,69.44,0.648532,A,H,0.0
2021-10-24,LaLiga,Sevilla,Levante,1659.27,1413.12,70.39,68.24,0.841061,H,H,1.0
2021-10-24,Ligue1,Rennes,Strasbourg,1535.23,1468.47,67.61,68.3,0.658557,H,H,1.0
2021-10-24,Ligue1,Monaco,Montpellier,1617.67,1515.6,69.15,67.6,0.70181,H,H,1.0
2021-10-24,LaLiga,Barcelona,Real Madrid,1661.44,1723.28,71.88,73.06,0.483408,A,A,1.0
2021-10-24,Ligue1,Reims,Troyes,1460.21,1442.42,67.48,104.83,0.591528,A,H,0.0
2021-10-24,Ligue1,Lorient,Bordeaux,1496.82,1427.63,68.03,67.31,0.661719,D,H,
2021-10-24,Ligue1,Lens,Metz,1566.4,1412.12,67.18,67.56,0.759474,H,H,1.0
2021-10-24,Ligue1,Nice,Lyon,1521.94,1632.51,68.0,69.92,0.415715,H,A,0.0
2021-10-24,EPL,Man United,Liverpool,1635.98,1658.31,71.0,70.25,0.53879,A,H,0.0
2021-10-24,EPL,West Ham,Tottenham,1590.44,1560.76,68.7,68.35,0.610226,H,H,1.0
2021-10-24,EPL,Brentford,Leicester,1558.17,1558.36,109.88,69.4,0.569549,A,H,0.0
2021-10-24,Ligue1,Marseille,Paris SG,1565.68,1722.17,67.75,71.29,0.354836,D,A,
2021-10-24,LaLiga,Betis,Vallecano,1577.44,1556.57,68.26,108.29,0.595282,H,H,1.0
2021-10-24,Bundesliga,Stuttgart,Union Berlin,1479.49,1573.26,69.56,69.49,0.438791,D,A,
2021-10-24,SerieA,Atalanta,Udinese,1662.69,1428.3,71.87,69.45,0.831833,D,H,
2021-10-24,Bundesliga,Bochum,Ein Frankfurt,1400.14,1574.65,115.92,71.78,0.332071,H,A,0.0
2021-10-24,Bundesliga,FC Koln,Leverkusen,1453.7,1560.43,71.46,69.81,0.420956,D,A,
2021-10-24,SerieA,Fiorentina,Cagliari,1468.12,1401.48,69.48,70.42,0.658188,H,H,1.0
2021-10-24,SerieA,Verona,Lazio,1432.13,1592.36,69.4,69.92,0.349909,H,A,0.0
2021-10-24,SerieA,Roma,Napoli,1560.12,1723.33,69.88,72.1,0.34632,D,A,
2021-10-24,SerieA,Inter,Juventus,1763.39,1666.18,76.63,70.68,0.695693,D,H,
2021-10-24,LaLiga,Ath Madrid,Sociedad,1711.8,1606.76,74.89,69.05,0.705118,D,H,
2021-10-25,LaLiga,Getafe,Celta,1367.29,1480.31,69.66,67.67,0.412239,A,A,1.0
2021-10-26,SerieA,Spezia,Genoa,1393.3,1418.84,69.44,68.69,0.534337,D,H,
2021-10-26,SerieA,Venezia,Salernitana,1414.36,1290.66,110.86,110.05,0.719911,A,H,0.0
2021-10-26,SerieA,Milan,Torino,1728.74,1446.8,72.67,69.74,0.865955,H,H,1.0
2021-10-26,LaLiga,Espanol,Ath Bilbao,1544.25,1528.1,107.13,68.3,0.591972,D,H,
2021-10-26,LaLiga,Villarreal,Cadiz,1542.99,1423.01,68.64,67.34,0.722496,D,H,
2021-10-26,LaLiga,Alaves,Elche,1397.95,1421.42,69.0,68.67,0.537239,H,H,1.0
2021-10-27,SerieA,Juventus,Sassuolo,1671.56,1539.73,70.26,69.3,0.735416,A,H,0.0
2021-10-27,SerieA,Cagliari,Roma,1392.09,1564.28,69.94,69.43,0.334719,A,A,1.0
2021-10-27,SerieA,Empoli,Inter,1470.05,1757.07,109.46,75.83,0.209736,A,A,1.0
2021-10-27,SerieA,Lazio,Fiorentina,1574.72,1477.27,69.46,69.06,0.696167,H,H,1.0
2021-10-27,LaLiga,Real Madrid,Osasuna,1737.45,1507.74,72.27,67.51,0.828408,D,H,
2021-10-27,LaLiga,Betis,Valencia,1587.6,1476.29,67.9,67.6,0.712569,H,H,1.0
2021-10-27,LaLiga,Mallorca,Sevilla,1483.41,1663.7,104.22,70.4,0.324763,D,A,
2021-10-27,SerieA,Sampdoria,Atalanta,1489.28,1653.07,69.16,71.79,0.34554,A,A,1.0
2021-10-27,SerieA,Udinese,Verona,1437.28,1449.51,69.47,68.97,0.552907,D,H,
2021-10-27,LaLiga,Vallecano,Barcelona,1532.03,1647.71,104.2,71.17,0.408835,H,A,0.0
2021-10-27,Ligue1,Nice,Marseille,1536.94,1569.39,67.58,67.41,0.524681,D,H,
2021-10-28,SerieA,Napoli,Bologna,1718.91,1456.37,71.51,69.15,0.852868,H,H,1.0
2021-10-28,LaLiga,Celta,Sociedad,1490.8,1612.17,67.27,68.74,0.400978,A,A,1.0
2021-10-28,LaLiga,Granada,Getafe,1438.95,1356.2,68.69,69.13,0.678403,D,H,
2021-10-28,LaLiga,Levante,Ath Madrid,1408.94,1705.44,68.35,74.23,0.20082,D,A,
2021-10-29,Bundesliga,Hoffenheim,Hertha,1485.92,1444.06,69.19,70.94,0.626186,H,H,1.0
2021-10-29,Ligue1,Paris SG,Lille,1718.07,1640.56,70.73,70.86,0.671748,H,H,1.0
2021-10-30,EPL,Leicester,Arsenal,1573.02,1564.43,68.96,68.23,0.58167,A,H,0.0
2021-10-30,LaLiga,Barcelona,Alaves,1631.66,1410.16,70.62,68.48,0.821603,D,H,
2021-10-30,LaLiga,Valencia,Villarreal,1468.95,1537.13,67.38,68.39,0.474452,H,A,0.0
2021-10-30,LaLiga,Elche,Real Madrid,1409.33,1727.82,68.17,72.16,0.181442,A,A,1.0
2021-10-30,Bundesliga,Bielefeld,Mainz,1397.68,1496.56,69.78,71.28,0.431808,A,A,1.0
2021-10-30,Bundesliga,Ein Frankfurt,RB Leipzig,1556.46,1595.33,71.32,71.89,0.515608,D,H,
2021-10-30,Bundesliga,Union Berlin,Bayern Munich,1571.62,1747.98,68.96,76.61,0.330308,A,A,1.0
2021-10-30,Bundesliga,Leverkusen,Wolfsburg,1558.3,1570.99,69.27,70.43,0.552219,A,H,0.0
2021-10-30,Bundesliga,Freiburg,Greuther Furth,1550.77,1246.93,68.5,114.7,0.871471,H,H,1.0
2021-10-30,Bundesliga,Dortmund,FC Koln,1654.06,1455.93,70.27,70.8,0.801174,H,H,1.0
2021-10-30,LaLiga,Sevilla,Osasuna,1659.13,1516.15,70.01,67.6,0.747657,H,H,1.0
2021-10-30,Ligue1,Lyon,Lens,1616.69,1572.49,69.37,67.09,0.629562,H,H,1.0
2021-10-30,EPL,Burnley,Brentford,1379.89,1522.53,69.79,105.5,0.376211,H,A,0.0
2021-10-30,Ligue1,Metz,St Etienne,1405.96,1421.66,67.45,67.19,0.548122,D,H,
2021-10-30,EPL,Liverpool,Brighton,1672.99,1489.83,69.66,68.81,0.787726,D,H,
2021-10-30,EPL,Man City,Crystal Palace,1733.79,1452.84,73.0,68.69,0.865454,A,H,0.0
2021-10-30,EPL,Newcastle,Chelsea,1415.11,1651.53,68.57,69.02,0.259555,A,A,1.0
2021-10-30,EPL,Watford,Southampton,1436.3,1424.32,108.46,68.93,0.586273,A,H,0.0
2021-10-30,SerieA,Atalanta,Lazio,1662.92,1582.88,71.21,69.1,0.675064,D,H,
2021-10-30,SerieA,Verona,Juventus,1450.9,1651.33,68.46,69.95,0.300406,H,A,0.0
2021-10-30,EPL,Tottenham,Man United,1550.64,1621.0,67.93,70.35,0.471439,A,A,1.0
2021-10-30,SerieA,Torino,Sampdoria,1443.12,1480.11,69.88,68.75,0.518283,H,H,1.0
2021-10-31,Bundesliga,Augsburg,Stuttgart,1378.44,1481.12,70.49,69.02,0.426479,H,A,0.0
2021-10-31,Bundesliga,M'gladbach,Bochum,1504.38,1446.54,68.98,111.24,0.642303,H,H,1.0
2021-10-31,SerieA,Roma,Milan,1573.24,1732.73,69.02,72.7,0.351122,A,A,1.0
2021-10-31,SerieA,Salernitana,Napoli,1335.18,1723.14,106.73,71.53,0.130425,A,A,1.0
2021-10-31,SerieA,Sassuolo,Empoli,1559.43,1456.7,69.05,106.66,0.696938,A,H,0.0
2021-10-31,Ligue1,Bordeaux,Reims,1431.72,1445.64,67.02,67.16,0.550607,H,H,1.0
2021-10-31,Ligue1,Strasbourg,Lorient,1459.6,1492.65,67.95,67.7,0.523838,H,H,1.0
2021-10-31,SerieA,Inter,Udinese,1763.76,1435.87,75.45,68.93,0.893314,H,H,1.0
2021-10-31,LaLiga,Cadiz,Mallorca,1428.65,1493.45,67.16,100.97,0.47973,D,A,
2021-10-31,LaLiga,Ath Madrid,Betis,1696.22,1595.01,73.92,67.67,0.700789,H,H,1.0
2021-10-31,LaLiga,Getafe,Espanol,1360.95,1538.74,68.76,103.17,0.332009,H,A,0.0
2021-10-31,LaLiga,Sociedad,Ath Bilbao,1622.69,1530.34,68.28,67.94,0.690194,D,H,
2021-10-31,Ligue1,Clermont,Marseille,1494.12,1570.01,101.76,66.99,0.463624,A,A,1.0
2021-10-31,Ligue1,Brest,Monaco,1401.43,1625.62,67.88,68.82,0.272968,H,A,0.0
2021-10-31,Ligue1,Troyes,Rennes,1476.64,1543.93,101.15,67.3,0.475685,D,A,
2021-10-31,Ligue1,Angers,Nice,1472.16,1536.31,67.02,67.15,0.480093,A,A,1.0
2021-10-31,SerieA,Genoa,Venezia,1419.74,1369.19,68.19,107.45,0.633627,D,H,
2021-10-31,SerieA,Fiorentina,Spezia,1469.2,1392.38,68.73,68.9,0.671108,H,H,1.0
2021-10-31,Ligue1,Montpellier,Nantes,1507.98,1474.26,67.36,66.84,0.615724,H,H,1.0
2021-10-31,EPL,Aston Villa,West Ham,1498.77,1600.66,68.03,68.25,0.427539,A,A,1.0
2021-10-31,EPL,Norwich,Leeds,1301.74,1498.71,116.52,67.54,0.30423,A,A,1.0
2021-11-01,LaLiga,Levante,Granada,1416.77,1434.27,68.32,68.35,0.545577,A,H,0.0
2021-11-01,EPL,Wolves,Everton,1469.05,1515.77,67.78,69.24,0.504611,H,H,1.0
2021-11-01,LaLiga,Vallecano,Celta,1565.63,1480.71,100.6,66.9,0.681294,D,H,
2021-11-01,SerieA,Bologna,Cagliari,1452.4,1383.0,69.26,69.5,0.661774,H,H,1.0
2021-11-05,LaLiga,Ath Bilbao,Cadiz,1535.24,1429.15,67.66,66.82,0.706617,A,H,0.0
2021-11-05,EPL,Southampton,Aston Villa,1439.23,1487.78,68.52,67.59,0.502041,H,H,1.0
2021-11-05,Ligue1,Lens,Troyes,1563.2,1477.95,66.77,97.77,0.677787,H,H,1.0
2021-11-05,Bundesliga,Mainz,M'gladbach,1508.67,1513.53,70.63,68.64,0.563136,D,H,
2021-11-05,SerieA,Empoli,Genoa,1498.86,1416.38,103.31,67.88,0.678193,D,H,
2021-11-06,SerieA,Cagliari,Atalanta,1373.93,1658.0,69.08,70.71,0.211698,A,A,1.0
2021-11-06,LaLiga,Espanol,Granada,1500.92,1448.41,100.01,67.88,0.64034,H,H,1.0
2021-11-06,LaLiga,Celta,Barcelona,1485.03,1622.66,66.71,70.55,0.379364,D,A,
2021-11-06,LaLiga,Alaves,Levante,1418.63,1402.64,68.51,67.85,0.59179,H,H,1.0
2021-11-06,LaLiga,Real Madrid,Vallecano,1733.1,1555.87,72.01,97.76,0.777177,H,H,1.0
2021-11-06,EPL,Brighton,Newcastle,1497.47,1408.29,68.72,68.36,0.686317,D,H,
2021-11-06,EPL,Crystal Palace,Wolves,1475.84,1481.68,68.87,67.34,0.56184,H,H,1.0
2021-11-06,SerieA,Juventus,Fiorentina,1632.27,1477.85,69.58,68.37,0.759511,H,H,1.0
2021-11-06,EPL,Chelsea,Burnley,1658.44,1396.27,68.79,69.37,0.852576,D,H,
2021-11-06,Bundesliga,Stuttgart,Bielefeld,1466.0,1386.06,68.52,69.23,0.674934,A,H,0.0
2021-11-06,SerieA,Spezia,Torino,1383.7,1456.13,68.53,69.3,0.46851,H,A,0.0
2021-11-06,EPL,Man United,Man City,1633.9,1707.84,69.74,73.01,0.466493,A,A,1.0
2021-11-06,Ligue1,Bordeaux,Paris SG,1442.95,1727.17,66.63,70.25,0.211489,A,A,1.0
2021-11-06,Ligue1,Lille,Angers,1631.43,1460.17,70.38,66.62,0.776633,D,H,
2021-11-06,EPL,Brentford,Norwich,1485.94,1280.28,101.87,111.96,0.800071,A,H,0.0
2021-11-06,Bundesliga,RB Leipzig,Dortmund,1595.78,1659.56,71.18,70.15,0.480645,H,A,0.0
2021-11-06,Bundesliga,Wolfsburg,Augsburg,1586.13,1394.2,69.83,69.9,0.795693,H,H,1.0
2021-11-06,Bundesliga,Bayern Munich,Freiburg,1758.61,1554.06,75.75,68.74,0.807161,H,H,1.0
2021-11-06,Bundesliga,Bochum,Hoffenheim,1423.81,1495.84,107.01,68.74,0.469071,H,A,0.0
2021-11-07,LaLiga,Mallorca,Elche,1492.33,1404.59,97.61,68.21,0.684592,D,H,
2021-11-07,LaLiga,Osasuna,Sociedad,1509.68,1617.75,67.47,67.98,0.419039,A,A,1.0
2021-11-07,LaLiga,Betis,Sevilla,1587.36,1666.03,67.43,69.75,0.459802,A,A,1.0
2021-11-07,EPL,Arsenal,Watford,1579.46,1400.43,67.79,104.31,0.777577,H,H,1.0
2021-11-07,SerieA,Venezia,Roma,1377.52,1563.97,103.63,68.61,0.317019,H,A,0.0
2021-11-07,LaLiga,Valencia,Ath Madrid,1482.21,1705.27,66.96,73.3,0.274816,D,A,
2021-11-07,LaLiga,Villarreal,Getafe,1523.49,1378.07,67.91,68.45,0.750126,H,H,1.0
2021-11-07,Ligue1,Lorient,Brest,1480.52,1420.16,67.26,67.68,0.650482,A,H,0.0
2021-11-07,SerieA,Lazio,Salernitana,1587.52,1327.09,68.73,105.1,0.844903,H,H,1.0
2021-11-07,Bundesliga,Greuther Furth,Ein Frankfurt,1238.34,1556.02,112.7,70.65,0.181892,A,A,1.0
2021-11-07,EPL,Everton,Tottenham,1502.61,1538.58,68.7,67.48,0.519733,D,H,
2021-11-07,Ligue1,Marseille,Metz,1581.32,1404.74,66.66,67.04,0.781723,D,H,
2021-11-07,Ligue1,Nantes,Strasbourg,1464.69,1471.81,66.51,67.49,0.560053,D,H,
2021-11-07,EPL,Leeds,Leicester,1506.34,1557.68,67.36,68.47,0.498124,D,A,
2021-11-07,EPL,West Ham,Liverpool,1611.71,1665.17,67.8,69.53,0.495147,H,A,0.0
2021-11-07,Ligue1,Reims,Monaco,1434.36,1606.38,66.77,68.57,0.334846,D,A,
2021-11-07,Ligue1,St Etienne,Clermont,1422.87,1468.89,66.79,98.32,0.505467,H,H,1.0
2021-11-07,Ligue1,Nice,Montpellier,1548.36,1517.7,66.75,67.01,0.611628,A,H,0.0
2021-11-07,Ligue1,Rennes,Lyon,1543.35,1626.59,66.94,68.91,0.4534,H,A,0.0
2021-11-07,SerieA,Milan,Inter,1742.97,1767.18,72.06,75.5,0.53603,D,H,
2021-11-07,SerieA,Napoli,Verona,1726.96,1469.17,71.63,68.17,0.849634,D,H,
2021-11-07,SerieA,Udinese,Sassuolo,1432.98,1541.45,69.21,68.78,0.418532,H,A,0.0
2021-11-07,SerieA,Sampdoria,Bologna,1467.5,1461.42,68.25,68.85,0.578201,A,H,0.0
2021-11-07,Bundesliga,FC Koln,Union Berlin,1450.35,1562.93,70.66,68.59,0.412898,D,A,
2021-11-07,Bundesliga,Hertha,Leverkusen,1433.65,1543.64,70.38,68.74,0.416434,D,A,
2021-11-19,Ligue1,Monaco,Lille,1602.05,1623.76,68.21,70.18,0.539653,D,H,
2021-11-19,Bundesliga,Augsburg,Bayern Munich,1388.61,1764.78,69.78,75.39,0.138711,H,A,0.0
2021-11-19,LaLiga,Levante,Ath Bilbao,1392.19,1517.15,67.44,67.42,0.396051,D,A,
2021-11-20,EPL,Liverpool,Arsenal,1651.65,1585.04,68.97,67.77,0.658422,H,H,1.0
2021-11-20,EPL,Leicester,Chelsea,1557.63,1649.02,67.98,68.92,0.442062,A,A,1.0
2021-11-20,EPL,Aston Villa,Brighton,1475.15,1492.56,67.16,68.39,0.545699,H,H,1.0
2021-11-20,EPL,Burnley,Crystal Palace,1405.84,1487.37,69.47,68.37,0.455773,D,A,
2021-11-20,EPL,Newcastle,Brentford,1413.14,1442.56,68.05,99.97,0.528192,D,H,
2021-11-20,EPL,Norwich,Southampton,1332.68,1452.2,109.21,68.03,0.403435,H,A,0.0
2021-11-20,Ligue1,Paris SG,Nantes,1733.01,1463.21,70.1,66.16,0.858344,H,H,1.0
2021-11-20,Ligue1,Rennes,Montpellier,1556.97,1533.01,66.56,66.67,0.602655,H,H,1.0
2021-11-20,EPL,Wolves,West Ham,1470.63,1624.59,66.94,67.36,0.357735,H,A,0.0
2021-11-20,EPL,Watford,Man United,1387.81,1621.38,101.87,69.18,0.262673,H,A,0.0
2021-11-20,LaLiga,Sevilla,Alaves,1678.42,1429.27,69.18,68.06,0.843331,D,H,
2021-11-20,Bundesliga,Hoffenheim,RB Leipzig,1482.36,1610.28,68.32,70.51,0.392275,H,A,0.0
2021-11-20,SerieA,Fiorentina,Milan,1471.55,1741.94,68.22,71.35,0.224902,H,A,0.0
2021-11-20,SerieA,Lazio,Juventus,1591.54,1638.78,68.87,69.37,0.503868,A,H,0.0
2021-11-20,SerieA,Atalanta,Spezia,1663.91,1397.53,70.53,68.04,0.855724,H,H,1.0
2021-11-20,Bundesliga,Bielefeld,Wolfsburg,1404.06,1591.71,68.85,69.72,0.315683,D,A,
2021-11-20,Bundesliga,Leverkusen,Bochum,1541.46,1455.45,68.27,102.93,0.677919,H,H,1.0
2021-11-20,LaLiga,Celta,Villarreal,1488.01,1529.94,66.4,67.76,0.511355,D,H,
2021-11-20,LaLiga,Ath Madrid,Osasuna,1698.53,1499.08,72.79,67.07,0.802895,H,H,1.0
2021-11-20,LaLiga,Barcelona,Espanol,1619.32,1519.98,70.0,97.04,0.694577,H,H,1.0
2021-11-20,Bundesliga,Union Berlin,Hertha,1560.66,1435.94,68.14,69.8,0.727502,H,H,1.0
2021-11-20,Bundesliga,M'gladbach,Greuther Furth,1515.17,1225.99,68.17,109.92,0.863363,H,H,1.0
2021-11-20,Bundesliga,Dortmund,Stuttgart,1645.45,1448.36,69.56,68.18,0.800624,H,H,1.0
2021-11-21,Ligue1,Metz,Bordeaux,1411.87,1437.67,67.01,66.65,0.534019,D,H,
2021-11-21,SerieA,Genoa,Roma,1420.73,1546.65,67.63,68.33,0.394816,A,A,1.0
2021-11-21,SerieA,Inter,Napoli,1768.3,1716.87,74.54,71.63,0.638616,H,H,1.0
2021-11-21,Bundesliga,Freiburg,Ein Frankfurt,1548.93,1561.15,68.72,70.6,0.552857,A,H,0.0
2021-11-21,Bundesliga,Mainz,FC Koln,1506.93,1452.76,70.02,70.07,0.642299,D,H,
2021-11-21,SerieA,Salernitana,Sampdoria,1318.17,1452.55,103.33,67.8,0.383465,A,A,1.0
2021-11-21,SerieA,Bologna,Venezia,1476.62,1416.31,68.37,100.49,0.646801,A,H,0.0
2021-11-21,LaLiga,Sociedad,Valencia,1628.51,1487.84,67.56,66.81,0.7453,D,H,
2021-11-21,Ligue1,Strasbourg,Reims,1473.33,1438.47,67.08,66.51,0.617273,D,H,
2021-11-21,SerieA,Sassuolo,Cagliari,1526.19,1368.27,68.31,68.98,0.763005,D,H,
2021-11-21,EPL,Tottenham,Leeds,1539.08,1506.39,67.06,66.94,0.614343,H,H,1.0
2021-11-21,EPL,Man City,Everton,1721.51,1502.09,72.23,68.19,0.819919,H,H,1.0
2021-11-21,Ligue1,Troyes,St Etienne,1461.7,1434.87,95.21,66.46,0.606527,A,H,0.0
2021-11-21,Ligue1,Clermont,Nice,1443.64,1533.16,95.24,66.42,0.444568,A,A,1.0
2021-11-21,Ligue1,Brest,Lens,1436.77,1571.06,67.35,66.58,0.383495,H,A,0.0
2021-11-21,LaLiga,Getafe,Cadiz,1371.52,1446.8,68.28,66.63,0.464463,H,A,0.0
2021-11-21,LaLiga,Granada,Real Madrid,1439.32,1739.41,67.57,71.77,0.197228,A,A,1.0
2021-11-21,LaLiga,Elche,Betis,1409.18,1575.76,67.94,67.02,0.341548,A,A,1.0
2021-11-21,Ligue1,Angers,Lorient,1467.05,1464.11,66.6,66.95,0.57397,H,H,1.0
2021-11-22,SerieA,Verona,Empoli,1478.32,1488.79,68.31,100.17,0.553991,H,H,1.0
2021-11-22,SerieA,Torino,Udinese,1441.99,1448.42,68.76,68.7,0.560963,H,H,1.0
2021-11-22,LaLiga,Vallecano,Mallorca,1544.61,1482.94,95.85,95.08,0.649175,H,H,1.0
2021-11-26,SerieA,Cagliari,Salernitana,1375.28,1296.63,68.81,99.9,0.669498,D,H,
2021-11-26,Bundesliga,Stuttgart,Mainz,1443.15,1503.06,68.16,69.54,0.486073,H,A,0.0
2021-11-26,Ligue1,Lens,Angers,1555.82,1477.58,66.28,66.26,0.673134,D,H,
2021-11-26,LaLiga,Ath Bilbao,Granada,1514.52,1434.26,67.05,67.59,0.675499,D,H,
2021-11-27,SerieA,Sampdoria,Verona,1462.18,1489.6,67.48,67.9,0.531725,H,H,1.0
2021-11-27,SerieA,Venezia,Inter,1451.09,1779.34,97.51,73.76,0.173709,A,A,1.0
2021-11-27,SerieA,Juventus,Atalanta,1652.21,1667.96,68.82,70.6,0.547945,A,H,0.0
2021-11-27,SerieA,Empoli,Fiorentina,1465.28,1491.75,96.94,68.13,0.533054,H,H,1.0
2021-11-27,EPL,Brighton,Leeds,1480.76,1496.76,67.92,66.61,0.54774,D,H,
2021-11-27,EPL,Liverpool,Southampton,1660.69,1437.42,68.57,67.69,0.823178,H,H,1.0
2021-11-27,EPL,Crystal Palace,Aston Villa,1486.23,1486.54,67.9,66.77,0.569503,A,H,0.0
2021-11-27,EPL,Arsenal,Newcastle,1576.3,1412.43,67.45,67.65,0.769183,H,H,1.0
2021-11-27,LaLiga,Alaves,Celta,1438.24,1487.74,68.18,66.04,0.500709,A,H,0.0
2021-11-27,LaLiga,Valencia,Vallecano,1493.98,1561.5,66.71,93.46,0.475853,D,A,
2021-11-27,LaLiga,Mallorca,Getafe,1466.31,1385.38,92.76,67.8,0.676302,D,H,
2021-11-27,LaLiga,Villarreal,Barcelona,1530.23,1627.47,67.31,69.66,0.434006,A,A,1.0
2021-11-27,EPL,Norwich,Wolves,1369.69,1486.69,104.99,66.64,0.406766,D,A,
2021-11-27,Bundesliga,Wolfsburg,Dortmund,1586.72,1650.86,69.32,69.47,0.480139,A,A,1.0
2021-11-27,Ligue1,Lille,Nantes,1624.84,1459.69,69.58,66.41,0.770634,D,H,
2021-11-27,Bundesliga,Bayern Munich,Bielefeld,1737.31,1408.92,75.29,68.51,0.89364,H,H,1.0
2021-11-27,Bundesliga,Bochum,Freiburg,1437.64,1534.47,99.86,68.23,0.434501,H,A,0.0
2021-11-27,Bundesliga,FC Koln,M'gladbach,1456.63,1518.65,69.58,68.39,0.483105,H,A,0.0
2021-11-27,Bundesliga,Greuther Furth,Hoffenheim,1217.5,1498.09,108.09,67.9,0.214566,A,A,1.0
2021-11-27,Bundesliga,Hertha,Augsburg,1428.54,1412.18,69.5,69.91,0.592171,D,H,
2021-11-27,Ligue1,Nice,Metz,1543.9,1411.02,66.13,66.62,0.736915,A,H,0.0
2021-11-28,Ligue1,Reims,Clermont,1441.36,1422.19,66.21,92.54,0.594365,H,H,1.0
2021-11-28,Ligue1,Montpellier,Lyon,1523.16,1612.19,66.34,68.4,0.445324,A,A,1.0
2021-11-28,Ligue1,Marseille,Troyes,1574.27,1432.4,66.65,92.61,0.74263,H,H,1.0
2021-11-28,EPL,Man City,West Ham,1726.78,1608.34,72.08,67.03,0.720788,H,H,1.0
2021-11-28,Ligue1,Monaco,Strasbourg,1601.02,1470.39,67.75,66.74,0.734436,D,H,
2021-11-28,Bundesliga,RB Leipzig,Leverkusen,1593.55,1549.61,69.95,68.01,0.629155,A,H,0.0
2021-11-28,SerieA,Udinese,Genoa,1436.93,1410.68,68.22,67.25,0.605694,D,H,
2021-11-28,SerieA,Milan,Sassuolo,1719.89,1519.32,71.09,68.17,0.803728,A,H,0.0
2021-11-28,SerieA,Spezia,Bologna,1393.75,1460.2,68.21,68.05,0.476881,A,A,1.0
2021-11-28,Bundesliga,Ein Frankfurt,Union Berlin,1576.39,1567.73,69.99,67.93,0.581777,H,H,1.0
2021-11-28,Ligue1,Lorient,Rennes,1453.48,1566.79,66.58,66.24,0.411768,A,A,1.0
2021-11-28,SerieA,Napoli,Lazio,1706.65,1578.3,71.04,68.36,0.731708,H,H,1.0
2021-11-28,EPL,Chelsea,Man United,1660.67,1602.3,68.42,68.98,0.647798,D,H,
2021-11-28,SerieA,Roma,Torino,1556.89,1453.5,67.91,68.27,0.70328,H,H,1.0
2021-11-28,EPL,Leicester,Watford,1546.29,1428.66,67.54,99.27,0.715109,H,H,1.0
2021-11-28,EPL,Brentford,Everton,1444.09,1497.37,96.73,68.23,0.495377,H,A,0.0
2021-11-28,Ligue1,St Etienne,Paris SG,1449.46,1736.94,66.19,70.19,0.208447,A,A,1.0
2021-11-28,Ligue1,Bordeaux,Brest,1438.51,1452.35,66.28,66.99,0.550729,A,H,0.0
2021-11-28,LaLiga,Betis,Levante,1584.32,1394.82,66.74,67.07,0.793874,H,H,1.0
2021-11-28,LaLiga,Espanol,Sociedad,1504.79,1622.23,94.65,67.41,0.40621,H,A,0.0
2021-11-28,LaLiga,Cadiz,Ath Madrid,1433.57,1704.37,66.26,72.55,0.224678,A,A,1.0
2021-11-28,LaLiga,Real Madrid,Sevilla,1745.08,1669.15,71.59,69.25,0.669961,H,H,1.0
2021-11-29,LaLiga,Osasuna,Elche,1494.08,1400.39,67.11,67.61,0.691839,D,H,
2021-11-30,SerieA,Fiorentina,Sampdoria,1479.95,1474.03,67.72,67.06,0.578072,H,H,1.0
2021-11-30,SerieA,Atalanta,Venezia,1683.05,1442.12,69.98,96.0,0.832303,H,H,1.0
2021-11-30,SerieA,Verona,Cagliari,1477.6,1370.91,67.45,68.49,0.707113,D,H,
2021-11-30,SerieA,Salernitana,Juventus,1305.82,1637.84,97.09,68.32,0.169872,A,A,1.0
2021-11-30,EPL,Leeds,Crystal Palace,1497.93,1471.63,66.25,67.47,0.605753,H,H,1.0
2021-11-30,EPL,Newcastle,Norwich,1406.5,1375.07,67.57,101.28,0.609744,D,H,
2021-12-01,Ligue1,Rennes,Lille,1576.87,1617.5,65.93,69.4,0.513166,A,H,0.0
2021-12-01,Ligue1,Brest,St Etienne,1466.11,1444.33,66.6,66.24,0.599743,H,H,1.0
2021-12-01,Ligue1,Angers,Monaco,1481.83,1595.0,66.04,67.57,0.412045,A,A,1.0
2021-12-01,EPL,Everton,Liverpool,1484.61,1665.38,67.81,68.6,0.32398,A,A,1.0
2021-12-01,SerieA,Sassuolo,Napoli,1540.28,1714.19,68.16,70.68,0.332703,D,A,
2021-12-01,Ligue1,Metz,Montpellier,1429.38,1512.25,66.51,66.0,0.453842,A,A,1.0
2021-12-01,EPL,Southampton,Leicester,1432.85,1553.39,67.76,67.38,0.402009,D,A,
2021-12-01,Ligue1,Nantes,Marseille,1466.38,1580.58,66.39,66.59,0.410583,A,A,1.0
2021-12-01,Ligue1,Paris SG,Nice,1742.68,1525.8,70.04,66.04,0.818114,D,H,
2021-12-01,Ligue1,Troyes,Lorient,1420.62,1443.29,90.86,66.25,0.538407,H,H,1.0
2021-12-01,SerieA,Genoa,Milan,1413.34,1697.13,66.89,70.95,0.212,A,A,1.0
2021-12-01,LaLiga,Real Madrid,Ath Bilbao,1754.45,1510.11,71.06,66.8,0.839905,H,H,1.0
2021-12-01,Ligue1,Lyon,Reims,1623.76,1451.1,67.92,65.94,0.778089,A,H,0.0
2021-12-01,Ligue1,Strasbourg,Bordeaux,1476.24,1425.03,66.62,65.94,0.638826,H,H,1.0
2021-12-01,Ligue1,Clermont,Lens,1403.69,1551.56,90.19,66.06,0.365536,D,A,
2021-12-01,EPL,West Ham,Brighton,1601.32,1479.54,66.87,67.47,0.724501,D,H,
2021-12-01,EPL,Wolves,Burnley,1484.51,1407.03,66.37,68.92,0.671929,D,H,
2021-12-01,EPL,Aston Villa,Man City,1500.67,1734.84,66.41,71.63,0.262349,A,A,1.0
2021-12-01,SerieA,Bologna,Roma,1472.45,1564.53,67.59,67.65,0.441063,H,A,0.0
2021-12-01,SerieA,Inter,Spezia,1784.64,1381.44,73.6,67.73,0.927613,H,H,1.0
2021-12-01,EPL,Watford,Chelsea,1413.89,1656.82,96.78,68.04,0.252454,A,A,1.0
2021-12-02,EPL,Tottenham,Brentford,1548.75,1469.09,66.72,93.84,0.671576,H,H,1.0
2021-12-02,EPL,Man United,Arsenal,1606.21,1582.2,68.56,67.37,0.602679,H,H,1.0
2021-12-02,SerieA,Lazio,Udinese,1571.3,1434.19,68.14,67.8,0.74134,D,H,
2021-12-02,SerieA,Torino,Empoli,1445.78,1488.52,68.0,94.04,0.510013,D,H,
2021-12-03,Bundesliga,Union Berlin,RB Leipzig,1557.02,1576.48,67.51,69.45,0.542813,H,H,1.0
2021-12-03,LaLiga,Granada,Alaves,1438.74,1425.31,67.3,67.71,0.588309,H,H,1.0
2021-12-04,Ligue1,Marseille,Brest,1590.73,1476.02,66.25,66.28,0.716638,A,H,0.0
2021-12-04,Ligue1,Lille,Troyes,1631.2,1441.02,68.85,88.58,0.791005,H,H,1.0
2021-12-04,Bundesliga,Dortmund,Bayern Munich,1663.69,1740.71,68.92,75.36,0.46225,A,A,1.0
2021-12-04,Bundesliga,Mainz,Wolfsburg,1489.3,1573.96,68.98,68.78,0.45143,H,A,0.0
2021-12-04,Ligue1,Lens,Paris SG,1548.39,1733.9,65.83,69.99,0.318314,D,A,
2021-12-04,Bundesliga,Leverkusen,Greuther Furth,1565.78,1204.1,67.63,105.33,0.904438,H,H,1.0
2021-12-04,EPL,West Ham,Chelsea,1595.69,1663.34,66.72,67.91,0.475191,H,A,0.0
2021-12-04,Bundesliga,Bielefeld,FC Koln,1406.07,1470.48,68.8,69.02,0.47976,D,A,
2021-12-04,EPL,Newcastle,Burnley,1403.78,1411.58,67.25,68.55,0.559059,H,H,1.0
2021-12-04,EPL,Southampton,Brighton,1435.35,1485.27,67.36,67.29,0.500115,D,H,
2021-12-04,EPL,Wolves,Liverpool,1480.28,1673.87,66.15,68.26,0.308356,A,A,1.0
2021-12-04,EPL,Watford,Man City,1401.15,1742.32,94.7,71.25,0.163169,A,A,1.0
2021-12-04,LaLiga,Sevilla,Villarreal,1660.36,1519.31,68.87,66.92,0.745698,H,H,1.0
2021-12-04,LaLiga,Barcelona,Betis,1639.14,1589.49,69.11,66.76,0.636723,A,H,0.0
2021-12-04,Bundesliga,Hoffenheim,Ein Frankfurt,1503.66,1587.73,67.88,69.43,0.452258,H,A,0.0
2021-12-04,LaLiga,Sociedad,Real Madrid,1607.55,1759.0,67.08,71.04,0.361307,A,A,1.0
2021-12-04,LaLiga,Ath Madrid,Mallorca,1710.95,1458.16,72.24,90.65,0.842248,A,H,0.0
2021-12-04,SerieA,Roma,Inter,1550.31,1786.87,67.23,73.9,0.260087,A,A,1.0
2021-12-04,SerieA,Napoli,Atalanta,1709.54,1687.58,70.2,70.01,0.599743,A,H,0.0
2021-12-04,SerieA,Milan,Salernitana,1703.09,1297.08,70.75,95.64,0.924966,H,H,1.0
2021-12-04,Bundesliga,Augsburg,Bochum,1414.67,1467.38,69.37,96.68,0.496276,A,A,1.0
2021-12-05,Ligue1,Bordeaux,Lyon,1416.25,1603.58,65.69,67.85,0.315865,D,A,
2021-12-05,Ligue1,Nice,Strasbourg,1533.61,1485.2,66.16,66.33,0.635154,A,H,0.0
2021-12-05,Ligue1,Reims,Angers,1470.14,1471.81,65.96,65.74,0.567673,A,H,0.0
2021-12-05,Ligue1,Montpellier,Clermont,1523.27,1409.57,65.67,88.15,0.712483,H,H,1.0
2021-12-05,Ligue1,Monaco,Metz,1605.47,1418.19,67.17,66.15,0.79195,H,H,1.0
2021-12-05,Ligue1,Lorient,Nantes,1432.18,1456.29,65.94,66.06,0.536398,A,H,0.0
2021-12-05,Ligue1,St Etienne,Rennes,1434.53,1564.45,65.93,65.6,0.389257,A,A,1.0
2021-12-05,SerieA,Juventus,Genoa,1642.34,1408.01,68.4,66.89,0.832162,H,H,1.0
2021-12-05,SerieA,Venezia,Verona,1433.9,1472.34,94.68,67.24,0.516264,A,H,0.0
2021-12-05,SerieA,Spezia,Sassuolo,1379.53,1544.6,68.19,67.83,0.343542,D,A,
2021-12-05,SerieA,Bologna,Fiorentina,1486.65,1490.71,67.17,67.3,0.564286,A,H,0.0
2021-12-05,EPL,Tottenham,Norwich,1556.76,1381.17,66.52,98.07,0.775553,H,H,1.0
2021-12-05,EPL,Aston Villa,Leicester,1494.2,1550.91,66.31,67.0,0.490544,H,A,0.0
2021-12-05,SerieA,Sampdoria,Lazio,1463.47,1565.02,66.69,67.96,0.42798,A,A,1.0
2021-12-05,EPL,Man United,Crystal Palace,1616.59,1461.64,68.12,67.09,0.76023,H,H,1.0
2021-12-05,EPL,Leeds,Brentford,1507.59,1453.72,65.95,91.62,0.639718,D,H,
2021-12-05,LaLiga,Celta,Valencia,1499.9,1494.57,65.71,66.38,0.577287,A,H,0.0
2021-12-05,LaLiga,Levante,Osasuna,1389.6,1489.25,67.07,66.88,0.430564,D,A,
2021-12-05,Bundesliga,Stuttgart,Hertha,1456.39,1426.07,67.69,68.99,0.611022,D,H,
2021-12-05,Bundesliga,M'gladbach,Freiburg,1505.25,1520.24,67.91,67.84,0.549097,A,H,0.0
2021-12-05,LaLiga,Elche,Cadiz,1405.29,1428.04,67.35,66.27,0.538304,H,H,1.0
2021-12-05,LaLiga,Vallecano,Espanol,1560.35,1533.13,90.91,92.08,0.605083,H,H,1.0
2021-12-06,EPL,Everton,Arsenal,1476.3,1572.16,67.51,67.0,0.435799,H,A,0.0
2021-12-06,LaLiga,Getafe,Ath Bilbao,1389.75,1506.07,67.54,66.96,0.407712,D,A,
2021-12-06,SerieA,Cagliari,Torino,1376.34,1445.53,68.22,67.59,0.473024,D,A,
2021-12-06,SerieA,Empoli,Udinese,1489.0,1440.4,91.44,67.63,0.635279,H,H,1.0
2021-12-10,LaLiga,Mallorca,Celta,1496.34,1485.98,89.72,65.42,0.584241,D,H,
2021-12-10,Bundesliga,FC Koln,Augsburg,1469.95,1401.71,68.5,68.88,0.66036,A,H,0.0
2021-12-10,Ligue1,Nantes,Lens,1469.35,1552.79,65.73,65.66,0.453019,H,A,0.0
2021-12-10,SerieA,Genoa,Sampdoria,1403.77,1452.87,67.02,66.34,0.501262,A,H,0.0
2021-12-10,EPL,Brentford,Watford,1460.13,1393.15,89.48,93.46,0.656021,H,H,1.0
2021-12-11,Ligue1,Brest,Montpellier,1493.67,1530.13,66.14,65.59,0.519078,A,H,0.0
2021-12-11,SerieA,Fiorentina,Salernitana,1504.93,1293.43,66.91,95.28,0.808597,H,H,1.0
2021-12-11,Bundesliga,Bochum,Dortmund,1491.92,1651.57,93.8,68.42,0.350504,D,A,
2021-12-11,Bundesliga,Freiburg,Hoffenheim,1534.27,1517.66,67.4,67.44,0.592654,A,H,0.0
2021-12-11,LaLiga,Ath Bilbao,Sevilla,1503.76,1667.11,66.6,68.65,0.345807,A,A,1.0
2021-12-11,LaLiga,Valencia,Elche,1508.76,1416.94,66.04,66.93,0.689669,H,H,1.0
2021-12-11,LaLiga,Alaves,Getafe,1414.81,1392.09,67.3,67.15,0.60095,D,H,
2021-12-11,LaLiga,Espanol,Levante,1515.48,1391.34,89.89,66.69,0.72725,H,H,1.0
2021-12-11,SerieA,Venezia,Juventus,1409.29,1646.77,92.01,68.47,0.258345,D,A,
2021-12-11,SerieA,Udinese,Milan,1431.21,1705.18,67.32,71.13,0.221384,D,A,
2021-12-11,Ligue1,Reims,St Etienne,1456.36,1425.07,65.64,65.66,0.612563,H,H,1.0
2021-12-11,Bundesliga,RB Leipzig,M'gladbach,1564.26,1491.18,68.9,67.47,0.666592,H,H,1.0
2021-12-11,Bundesliga,Bayern Munich,Mainz,1755.09,1503.77,74.4,68.47,0.844884,H,H,1.0
2021-12-11,Bundesliga,Hertha,Bielefeld,1429.01,1406.6,68.52,68.29,0.60045,H,H,1.0
2021-12-11,Bundesliga,Wolfsburg,Stuttgart,1559.57,1453.56,68.28,67.31,0.706467,A,H,0.0
2021-12-11,EPL,Norwich,Man United,1369.77,1622.83,96.12,67.99,0.241839,A,A,1.0
2021-12-11,EPL,Liverpool,Aston Villa,1681.89,1506.68,67.96,65.96,0.780558,H,H,1.0
2021-12-11,EPL,Chelsea,Leeds,1649.89,1504.25,67.46,65.74,0.750724,H,H,1.0
2021-12-11,EPL,Arsenal,Southampton,1558.07,1435.35,66.62,66.94,0.72563,H,H,1.0
2021-12-11,EPL,Man City,Wolves,1747.0,1472.73,71.23,65.98,0.861407,H,H,1.0
2021-12-12,EPL,Leicester,Newcastle,1538.18,1414.87,66.61,66.86,0.726306,H,H,1.0
2021-12-12,EPL,Crystal Palace,Everton,1455.57,1490.61,67.01,67.11,0.521057,H,H,1.0
2021-12-12,Ligue1,Paris SG,Monaco,1728.94,1610.76,69.57,67.17,0.720483,H,H,1.0
2021-12-12,LaLiga,Real Madrid,Ath Madrid,1769.1,1686.65,70.48,72.21,0.677683,H,H,1.0
2021-12-12,LaLiga,Betis,Sociedad,1605.3,1598.51,66.46,66.77,0.579285,H,H,1.0
2021-12-12,LaLiga,Osasuna,Barcelona,1487.52,1622.23,66.51,68.68,0.38309,D,A,
2021-12-12,LaLiga,Villarreal,Vallecano,1512.92,1577.57,66.81,88.84,0.479712,H,A,0.0
2021-12-12,Bundesliga,Greuther Furth,Union Berlin,1198.61,1568.58,104.34,67.09,0.141663,H,A,0.0
2021-12-12,Bundesliga,Ein Frankfurt,Leverkusen,1573.1,1568.19,68.89,68.02,0.576629,H,H,1.0
2021-12-12,Ligue1,Strasbourg,Marseille,1500.81,1573.08,66.06,66.11,0.468673,A,A,1.0
2021-12-12,EPL,Burnley,West Ham,1400.08,1608.69,68.07,66.34,0.290404,D,A,
2021-12-12,Ligue1,Rennes,Nice,1573.82,1518.08,65.34,65.9,0.644697,A,H,0.0
2021-12-12,SerieA,Inter,Cagliari,1794.73,1377.04,73.39,67.74,0.932898,H,H,1.0
2021-12-12,SerieA,Sassuolo,Lazio,1540.59,1576.01,67.5,67.53,0.520505,H,H,1.0
2021-12-12,SerieA,Napoli,Empoli,1693.19,1505.37,69.65,89.3,0.788707,A,H,0.0
2021-12-12,SerieA,Verona,Atalanta,1485.06,1703.84,66.87,69.48,0.279122,A,A,1.0
2021-12-12,Ligue1,Troyes,Bordeaux,1432.18,1420.7,87.41,65.53,0.58577,A,H,0.0
2021-12-12,Ligue1,Lille,Lyon,1636.68,1598.84,68.79,67.56,0.621148,D,H,
2021-12-12,SerieA,Torino,Bologna,1444.85,1472.48,67.16,66.78,0.53145,H,H,1.0
2021-12-12,Ligue1,Angers,Clermont,1485.51,1397.56,65.44,86.59,0.682595,A,H,0.0
2021-12-12,Ligue1,Metz,Lorient,1413.06,1419.16,66.19,65.62,0.561529,H,H,1.0
2021-12-13,SerieA,Roma,Spezia,1543.75,1383.59,67.1,67.84,0.765434,H,H,1.0
2021-12-13,LaLiga,Cadiz,Granada,1416.74,1449.11,65.92,66.92,0.524794,D,H,
2021-12-14,Bundesliga,Bielefeld,Bochum,1396.25,1498.96,67.87,91.49,0.427668,H,A,0.0
2021-12-14,Bundesliga,Mainz,Hertha,1499.65,1439.43,68.58,68.08,0.650263,H,H,1.0
2021-12-14,Bundesliga,Wolfsburg,FC Koln,1541.17,1452.71,68.02,68.14,0.685483,A,H,0.0
2021-12-14,EPL,Norwich,Aston Villa,1357.7,1501.29,94.16,65.98,0.371145,A,A,1.0
2021-12-14,Bundesliga,Stuttgart,Bayern Munich,1471.45,1759.9,67.1,74.26,0.208159,A,A,1.0
2021-12-14,EPL,Man City,Leeds,1750.97,1498.18,71.29,65.71,0.846352,H,H,1.0
2021-12-15,Bundesliga,Dortmund,Greuther Furth,1647.82,1249.59,68.09,102.71,0.920794,H,H,1.0
2021-12-15,Bundesliga,Leverkusen,Hoffenheim,1557.32,1532.66,67.59,67.05,0.603564,D,H,
2021-12-15,Bundesliga,Union Berlin,Freiburg,1547.5,1519.29,67.31,67.02,0.608342,D,H,
2021-12-15,EPL,Arsenal,West Ham,1564.9,1603.53,66.49,66.19,0.516005,H,H,1.0
2021-12-15,EPL,Crystal Palace,Southampton,1467.54,1428.45,66.61,66.78,0.622852,D,H,
2021-12-15,Bundesliga,M'gladbach,Ein Frankfurt,1482.71,1584.25,67.18,68.4,0.42803,A,A,1.0
2021-12-15,EPL,Brighton,Wolves,1485.27,1469.3,66.87,66.24,0.591853,A,H,0.0
2021-12-15,Bundesliga,Augsburg,RB Leipzig,1419.14,1573.07,68.49,68.52,0.357868,D,A,
2021-12-16,EPL,Chelsea,Everton,1656.26,1478.61,67.33,66.7,0.782801,D,H,
2021-12-16,EPL,Liverpool,Newcastle,1687.59,1408.01,67.89,66.71,0.864838,H,H,1.0
2021-12-17,SerieA,Salernitana,Inter,1284.18,1796.78,93.8,73.73,0.069598,A,A,1.0
2021-12-17,SerieA,Lazio,Genoa,1563.86,1391.23,67.1,66.62,0.77796,H,H,1.0
2021-12-17,Bundesliga,Bayern Munich,Wolfsburg,1766.27,1523.49,73.91,67.72,0.838593,H,H,1.0
2021-12-17,LaLiga,Celta,Espanol,1487.93,1527.45,65.18,88.25,0.514524,H,H,1.0
2021-12-18,Bundesliga,RB Leipzig,Bielefeld,1569.36,1410.66,68.13,67.48,0.764002,A,H,0.0
2021-12-18,Bundesliga,Bochum,Union Berlin,1473.28,1544.76,89.2,66.95,0.469794,A,A,1.0
2021-12-18,Bundesliga,Ein Frankfurt,Mainz,1595.37,1508.81,67.94,68.2,0.68316,H,H,1.0
2021-12-18,Bundesliga,Greuther Furth,Augsburg,1245.23,1422.85,102.06,68.1,0.327825,D,A,
2021-12-18,Bundesliga,Hoffenheim,M'gladbach,1535.25,1471.97,66.7,66.79,0.654284,D,H,
2021-12-18,EPL,Leeds,Arsenal,1494.41,1576.82,65.93,66.12,0.45449,A,A,1.0
2021-12-18,LaLiga,Vallecano,Alaves,1555.52,1412.26,86.74,66.93,0.748035,H,H,1.0
2021-12-18,LaLiga,Barcelona,Elche,1619.16,1409.16,68.24,66.71,0.812175,H,H,1.0
2021-12-18,Bundesliga,Hertha,Dortmund,1430.4,1649.85,67.73,68.52,0.278252,H,A,0.0
2021-12-18,SerieA,Atalanta,Roma,1711.36,1549.68,69.17,67.03,0.767067,A,H,0.0
2021-12-18,SerieA,Bologna,Juventus,1460.85,1640.63,66.4,68.3,0.325161,A,A,1.0
2021-12-18,SerieA,Cagliari,Udinese,1375.27,1438.29,68.22,67.28,0.481685,A,A,1.0
2021-12-18,LaLiga,Sevilla,Ath Madrid,1676.18,1677.36,68.27,71.65,0.568081,H,H,1.0
2021-12-18,LaLiga,Sociedad,Villarreal,1588.05,1525.65,66.41,66.46,0.653195,A,H,0.0
2021-12-19,SerieA,Sampdoria,Venezia,1465.16,1420.37,65.98,90.28,0.628203,D,H,
2021-12-19,SerieA,Milan,Napoli,1697.28,1672.06,70.9,69.55,0.604149,A,H,0.0
2021-12-19,SerieA,Torino,Verona,1456.6,1478.07,66.75,66.71,0.540082,H,H,1.0
2021-12-19,SerieA,Fiorentina,Sassuolo,1509.67,1552.73,67.0,67.08,0.509759,D,H,
2021-12-19,SerieA,Spezia,Empoli,1377.53,1539.9,67.73,88.07,0.34911,D,A,
2021-12-19,Bundesliga,Freiburg,Leverkusen,1522.0,1554.68,66.67,67.21,0.524353,H,H,1.0
2021-12-19,LaLiga,Ath Bilbao,Betis,1495.2,1615.66,66.34,66.13,0.402045,H,A,0.0
2021-12-19,Bundesliga,FC Koln,Stuttgart,1470.45,1466.2,67.84,67.11,0.575784,H,H,1.0
2021-12-19,EPL,Tottenham,Liverpool,1562.22,1691.11,66.54,68.09,0.390815,D,A,
2021-12-19,LaLiga,Real Madrid,Cadiz,1777.97,1416.14,70.04,65.59,0.910595,D,H,
2021-12-19,LaLiga,Getafe,Osasuna,1394.62,1490.4,66.79,66.21,0.435885,H,A,0.0
2021-12-19,EPL,Newcastle,Man City,1404.59,1755.37,66.95,71.29,0.155944,A,A,1.0
2021-12-19,EPL,Wolves,Chelsea,1483.78,1649.05,65.92,67.29,0.34324,D,A,
2021-12-19,LaLiga,Granada,Mallorca,1449.73,1492.7,66.53,87.61,0.50975,H,H,1.0
2021-12-20,LaLiga,Levante,Valencia,1384.57,1516.34,66.58,65.87,0.3868,A,A,1.0
2021-12-21,SerieA,Genoa,Atalanta,1385.69,1690.79,66.61,69.0,0.192397,D,A,
2021-12-21,LaLiga,Villarreal,Alaves,1541.78,1405.94,66.21,66.85,0.740096,H,H,1.0
2021-12-21,LaLiga,Sevilla,Barcelona,1687.33,1624.09,67.82,68.25,0.654106,D,H,
2021-12-21,SerieA,Juventus,Cagliari,1649.09,1362.82,67.97,67.75,0.869034,H,H,1.0
2021-12-22,Ligue1,Nice,Lens,1533.75,1539.63,65.67,65.36,0.561853,H,H,1.0
2021-12-22,Ligue1,St Etienne,Nantes,1415.73,1482.54,65.4,65.42,0.476338,A,A,1.0
2021-12-22,Ligue1,Marseille,Reims,1584.5,1465.69,65.77,65.39,0.721414,D,H,
2021-12-22,Ligue1,Troyes,Brest,1408.04,1481.01,85.51,65.79,0.467685,D,A,
2021-12-22,Ligue1,Lyon,Metz,1601.92,1423.78,67.2,65.86,0.783382,D,H,
2021-12-22,Ligue1,Lorient,Paris SG,1408.62,1736.49,65.32,69.26,0.17333,D,A,
2021-12-22,Ligue1,Bordeaux,Lille,1434.52,1633.5,65.29,68.35,0.301932,A,A,1.0
2021-12-22,Ligue1,Monaco,Rennes,1603.7,1558.4,66.99,65.14,0.631159,H,H,1.0
2021-12-22,Ligue1,Montpellier,Angers,1542.59,1469.34,65.28,65.31,0.667009,H,H,1.0
2021-12-22,SerieA,Napoli,Spezia,1688.24,1381.33,69.05,67.43,0.881741,A,H,0.0
2021-12-22,SerieA,Empoli,Milan,1533.48,1680.49,86.28,70.31,0.367024,A,A,1.0
2021-12-22,SerieA,Verona,Fiorentina,1466.67,1509.42,66.34,66.6,0.510207,D,H,
2021-12-22,SerieA,Roma,Sampdoria,1569.02,1462.09,66.97,65.76,0.707714,D,H,
2021-12-22,SerieA,Inter,Torino,1798.97,1468.02,74.04,66.38,0.895278,H,H,1.0
2021-12-22,SerieA,Venezia,Lazio,1426.09,1569.48,88.23,67.06,0.371491,A,A,1.0
2021-12-22,LaLiga,Granada,Ath Madrid,1461.65,1665.13,66.2,70.97,0.29694,H,A,0.0
2021-12-22,SerieA,Sassuolo,Bologna,1552.98,1452.83,66.67,66.18,0.699694,A,H,0.0
2021-12-22,LaLiga,Ath Bilbao,Real Madrid,1509.89,1766.52,66.03,70.35,0.238512,A,A,1.0
2021-12-26,EPL,Brighton,Brentford,1470.52,1474.73,66.52,87.67,0.563148,H,H,1.0
2021-12-26,EPL,Norwich,Arsenal,1340.11,1587.9,91.73,65.79,0.247023,A,A,1.0
2021-12-26,EPL,Tottenham,Crystal Palace,1564.92,1464.5,66.23,66.31,0.700005,H,H,1.0
2021-12-26,EPL,West Ham,Southampton,1591.71,1431.51,65.84,66.47,0.765656,A,H,0.0
2021-12-26,EPL,Man City,Leicester,1759.81,1544.99,71.28,66.47,0.816319,H,H,1.0
2021-12-26,EPL,Aston Villa,Chelsea,1510.21,1645.08,65.76,66.99,0.382751,A,A,1.0
2021-12-27,EPL,Newcastle,Man United,1400.65,1629.08,67.12,67.88,0.268138,D,A,
2021-12-28,EPL,Crystal Palace,Norwich,1457.11,1328.81,66.14,90.08,0.728459,H,H,1.0
2021-12-28,EPL,Southampton,Tottenham,1450.55,1572.29,66.43,66.06,0.400309,D,A,
2021-12-28,EPL,Watford,West Ham,1377.3,1573.02,91.29,65.83,0.305529,A,A,1.0
2021-12-28,EPL,Leicester,Liverpool,1540.4,1688.3,66.57,67.68,0.365646,H,A,0.0
2021-12-29,EPL,Chelsea,Brighton,1654.66,1481.14,66.66,66.21,0.778893,D,H,
2021-12-29,EPL,Brentford,Man City,1456.69,1765.05,85.72,71.16,0.189889,A,A,1.0
2021-12-30,EPL,Man United,Burnley,1623.1,1405.51,67.69,67.82,0.818444,H,H,1.0
2021-12-31,LaLiga,Valencia,Espanol,1525.72,1507.12,65.6,86.2,0.594085,A,H,0.0
2022-01-01,EPL,Arsenal,Man City,1593.9,1770.44,65.77,71.05,0.329466,A,A,1.0
2022-01-01,EPL,Watford,Tottenham,1363.55,1569.86,89.38,65.76,0.293001,A,A,1.0
2022-01-01,EPL,Crystal Palace,West Ham,1463.67,1580.39,66.06,65.71,0.407087,A,A,1.0
2022-01-02,EPL,Brentford,Aston Villa,1449.01,1500.96,84.83,65.51,0.497258,H,A,0.0
2022-01-02,EPL,Everton,Brighton,1485.69,1488.02,66.7,66.21,0.566733,A,H,0.0
2022-01-02,EPL,Leeds,Burnley,1483.39,1400.81,65.61,67.87,0.678331,H,H,1.0
2022-01-02,EPL,Chelsea,Liverpool,1647.68,1672.1,66.64,67.33,0.535947,D,H,
2022-01-02,LaLiga,Mallorca,Barcelona,1472.46,1628.08,85.62,67.89,0.355632,A,A,1.0
2022-01-02,LaLiga,Betis,Celta,1601.07,1499.28,65.83,64.93,0.701781,A,H,0.0
2022-01-02,LaLiga,Alaves,Sociedad,1399.43,1571.95,66.73,66.16,0.333975,D,A,
2022-01-02,LaLiga,Elche,Granada,1404.44,1478.87,66.78,66.04,0.465654,D,A,
2022-01-02,LaLiga,Ath Madrid,Vallecano,1645.4,1565.87,70.54,85.44,0.67253,H,H,1.0
2022-01-02,LaLiga,Getafe,Real Madrid,1408.64,1773.1,66.42,70.11,0.14592,H,A,0.0
2022-01-03,LaLiga,Villarreal,Levante,1548.18,1375.0,66.12,66.27,0.778549,H,H,1.0
2022-01-03,LaLiga,Cadiz,Sevilla,1426.19,1683.39,66.04,67.49,0.237531,A,A,1.0
2022-01-03,EPL,Man United,Wolves,1627.79,1487.59,67.74,65.71,0.744935,A,H,0.0
2022-01-03,LaLiga,Osasuna,Ath Bilbao,1476.61,1504.05,65.88,66.0,0.531738,A,H,0.0
2022-01-06,SerieA,Juventus,Napoli,1652.52,1664.42,68.18,69.27,0.553342,D,H,
2022-01-06,SerieA,Milan,Roma,1690.46,1563.8,69.82,66.78,0.730048,H,H,1.0
2022-01-06,SerieA,Sassuolo,Genoa,1535.56,1393.38,66.48,66.67,0.746932,D,H,
2022-01-06,SerieA,Lazio,Empoli,1578.71,1518.73,66.77,84.6,0.648276,D,H,
2022-01-06,SerieA,Sampdoria,Cagliari,1467.12,1359.42,65.63,67.97,0.708355,A,H,0.0
2022-01-06,SerieA,Spezia,Verona,1404.06,1466.42,67.71,65.99,0.482592,A,A,1.0
2022-01-07,Bundesliga,Bayern Munich,M'gladbach,1771.22,1475.82,73.77,66.52,0.874945,A,H,0.0
2022-01-07,Ligue1,Bordeaux,Marseille,1427.3,1579.12,65.17,65.67,0.360363,A,A,1.0
2022-01-08,Ligue1,Lens,Rennes,1529.17,1549.64,65.08,64.93,0.541519,H,H,1.0
2022-01-08,LaLiga,Granada,Barcelona,1478.03,1637.15,65.71,67.56,0.351115,D,A,
2022-01-08,LaLiga,Sociedad,Celta,1567.89,1515.9,65.94,64.84,0.639926,H,H,1.0
2022-01-08,LaLiga,Levante,Mallorca,1369.52,1458.33,66.27,84.02,0.446234,H,A,0.0
2022-01-08,Bundesliga,Ein Frankfurt,Dortmund,1603.53,1630.92,67.65,68.28,0.531761,A,H,0.0
2022-01-08,LaLiga,Real Madrid,Valencia,1749.39,1511.63,70.18,65.36,0.835067,H,H,1.0
2022-01-08,Bundesliga,Freiburg,Bielefeld,1533.77,1430.18,66.3,67.39,0.703617,D,H,
2022-01-08,Bundesliga,Leverkusen,Union Berlin,1542.73,1556.31,66.8,66.59,0.551096,D,H,
2022-01-08,Bundesliga,Hoffenheim,Augsburg,1531.42,1418.62,66.44,67.83,0.714263,H,H,1.0
2022-01-08,Bundesliga,Greuther Furth,Stuttgart,1254.73,1455.56,99.02,66.73,0.299552,D,A,
2022-01-08,Bundesliga,RB Leipzig,Mainz,1549.47,1500.59,68.01,67.89,0.635632,H,H,1.0
2022-01-09,SerieA,Roma,Juventus,1557.05,1651.14,66.64,67.73,0.438285,A,A,1.0
2022-01-09,SerieA,Genoa,Spezia,1399.54,1391.76,66.58,67.27,0.580618,A,H,0.0
2022-01-09,SerieA,Udinese,Atalanta,1450.41,1682.54,66.87,68.96,0.264208,A,A,1.0
2022-01-09,SerieA,Napoli,Sampdoria,1665.84,1450.02,68.75,65.51,0.8173,H,H,1.0
2022-01-09,SerieA,Venezia,Milan,1410.5,1697.81,86.35,69.52,0.208496,A,A,1.0
2022-01-09,SerieA,Empoli,Sassuolo,1524.56,1529.43,83.09,66.4,0.563218,A,H,0.0
2022-01-09,Bundesliga,Hertha,FC Koln,1448.91,1481.31,67.52,67.41,0.524756,A,H,0.0
2022-01-09,LaLiga,Villarreal,Ath Madrid,1553.63,1654.34,66.13,70.11,0.42924,D,A,
2022-01-09,LaLiga,Alaves,Ath Bilbao,1403.56,1516.97,66.47,65.67,0.411597,D,A,
2022-01-09,LaLiga,Sevilla,Getafe,1689.46,1429.96,67.39,66.64,0.851075,H,H,1.0
2022-01-09,LaLiga,Vallecano,Betis,1552.98,1584.0,83.94,65.68,0.526717,D,H,
2022-01-09,SerieA,Inter,Lazio,1802.21,1575.06,74.16,66.52,0.826494,H,H,1.0
2022-01-09,Bundesliga,Bochum,Wolfsburg,1453.22,1519.3,87.07,67.84,0.477397,H,A,0.0
2022-01-09,Ligue1,Lyon,Paris SG,1594.71,1727.64,67.17,69.27,0.385513,D,A,
2022-01-09,SerieA,Verona,Salernitana,1478.13,1280.77,65.65,93.53,0.796579,A,H,0.0
2022-01-09,LaLiga,Osasuna,Cadiz,1463.74,1420.36,65.55,66.02,0.628573,H,H,1.0
2022-01-09,Ligue1,Brest,Nice,1480.25,1544.3,65.51,65.37,0.480217,A,A,1.0
2022-01-09,Ligue1,Clermont,Reims,1425.47,1471.01,85.03,65.3,0.506284,D,H,
2022-01-09,Ligue1,Metz,Strasbourg,1430.7,1489.4,65.9,65.72,0.48774,A,A,1.0
2022-01-09,Ligue1,Nantes,Monaco,1493.92,1612.94,65.12,66.67,0.404032,D,A,
2022-01-10,LaLiga,Espanol,Elche,1531.04,1405.3,84.43,66.4,0.729073,A,H,0.0
2022-01-10,SerieA,Torino,Fiorentina,1465.38,1509.68,66.74,66.23,0.508026,H,H,1.0
2022-01-11,EPL,Southampton,Brentford,1453.01,1468.58,66.11,83.09,0.547766,H,H,1.0
2022-01-11,SerieA,Cagliari,Bologna,1377.73,1470.01,67.72,66.02,0.440738,H,A,0.0
2022-01-12,EPL,West Ham,Norwich,1590.21,1317.0,65.43,88.45,0.85709,H,H,1.0
2022-01-14,EPL,Brighton,Crystal Palace,1501.87,1453.75,65.88,65.76,0.634821,D,H,
2022-01-14,Ligue1,Nice,Nantes,1555.76,1496.2,65.07,64.88,0.649702,H,H,1.0
2022-01-14,Bundesliga,Dortmund,Freiburg,1644.67,1528.76,67.8,66.14,0.718035,H,H,1.0
2022-01-15,SerieA,Juventus,Udinese,1662.32,1443.79,67.3,66.74,0.819392,H,H,1.0
2022-01-15,Ligue1,St Etienne,Lens,1404.35,1540.02,65.1,64.8,0.381533,A,A,1.0
2022-01-15,Ligue1,Paris SG,Brest,1724.58,1468.74,68.8,65.2,0.848644,H,H,1.0
2022-01-15,Bundesliga,M'gladbach,Leverkusen,1497.68,1541.46,66.81,66.42,0.508758,A,H,0.0
2022-01-15,Bundesliga,Union Berlin,Hoffenheim,1557.58,1538.48,66.23,66.29,0.59609,H,H,1.0
2022-01-15,Bundesliga,Mainz,Bochum,1491.24,1474.54,67.53,85.15,0.591615,H,H,1.0
2022-01-15,Bundesliga,Stuttgart,RB Leipzig,1450.79,1558.85,66.58,67.64,0.419024,A,A,1.0
2022-01-15,SerieA,Salernitana,Lazio,1319.05,1570.72,92.07,66.65,0.243098,A,A,1.0
2022-01-15,EPL,Aston Villa,Man United,1489.07,1608.61,65.23,67.59,0.403384,D,A,
2022-01-15,EPL,Wolves,Southampton,1505.66,1463.91,65.66,65.81,0.626448,H,H,1.0
2022-01-15,EPL,Norwich,Everton,1310.95,1471.64,87.74,66.34,0.348994,H,A,0.0
2022-01-15,EPL,Newcastle,Watford,1406.5,1350.85,66.97,87.68,0.642423,D,H,
2022-01-15,EPL,Man City,Chelsea,1779.67,1646.8,70.54,66.27,0.736946,H,H,1.0
2022-01-15,Bundesliga,Wolfsburg,Hertha,1506.12,1435.62,67.43,67.1,0.663397,D,H,
2022-01-15,Bundesliga,FC Koln,Bayern Munich,1494.56,1744.38,66.99,73.79,0.246023,A,A,1.0
2022-01-15,SerieA,Sampdoria,Torino,1445.58,1477.58,65.65,66.36,0.525321,A,H,0.0
2022-01-16,Ligue1,Reims,Metz,1471.16,1418.88,65.04,65.57,0.640236,A,H,0.0
2022-01-16,Ligue1,Monaco,Clermont,1610.56,1425.23,66.33,83.27,0.787464,H,H,1.0
2022-01-16,Ligue1,Strasbourg,Montpellier,1501.16,1550.55,65.41,65.11,0.500868,H,H,1.0
2022-01-16,Ligue1,Troyes,Lyon,1409.32,1597.59,83.73,66.83,0.314617,A,A,1.0
2022-01-16,Ligue1,Marseille,Lille,1587.82,1641.37,65.44,68.06,0.495003,D,A,
2022-01-16,EPL,West Ham,Leeds,1593.63,1491.14,65.71,65.44,0.702543,A,H,0.0
2022-01-16,EPL,Liverpool,Brentford,1673.0,1451.66,66.91,81.53,0.819382,H,H,1.0
2022-01-16,LaLiga,Elche,Villarreal,1423.06,1555.36,66.3,65.81,0.386098,H,A,0.0
2022-01-16,Ligue1,Rennes,Bordeaux,1538.83,1418.73,64.67,64.97,0.722925,H,H,1.0
2022-01-16,Bundesliga,Bielefeld,Greuther Furth,1435.36,1265.23,67.16,96.44,0.770598,D,H,
2022-01-16,Ligue1,Lorient,Angers,1416.5,1461.38,65.5,65.14,0.507222,D,H,
2022-01-16,SerieA,Sassuolo,Verona,1543.1,1459.12,66.08,65.76,0.680259,A,H,0.0
2022-01-16,SerieA,Venezia,Empoli,1401.97,1503.47,85.31,81.54,0.428733,D,A,
2022-01-16,SerieA,Roma,Cagliari,1546.21,1392.0,66.29,67.29,0.759439,H,H,1.0
2022-01-16,SerieA,Atalanta,Inter,1689.56,1807.55,68.72,73.95,0.405877,D,A,
2022-01-16,Bundesliga,Augsburg,Ein Frankfurt,1411.26,1590.01,67.6,67.22,0.326334,D,A,
2022-01-17,SerieA,Bologna,Napoli,1456.42,1670.71,65.7,68.75,0.284154,A,A,1.0
2022-01-17,SerieA,Milan,Spezia,1703.46,1406.39,69.42,66.89,0.875925,A,H,0.0
2022-01-17,SerieA,Fiorentina,Genoa,1497.65,1385.2,65.88,66.24,0.714053,H,H,1.0
2022-01-18,EPL,Brighton,Chelsea,1498.6,1640.31,65.64,66.18,0.373637,D,A,
2022-01-18,LaLiga,Betis,Alaves,1584.62,1405.74,65.4,66.14,0.784058,H,H,1.0
2022-01-18,LaLiga,Cadiz,Espanol,1411.31,1502.61,65.75,83.2,0.442787,D,A,
2022-01-19,EPL,Leicester,Tottenham,1556.09,1576.93,66.29,65.66,0.540985,A,H,0.0
2022-01-19,EPL,Brentford,Man United,1445.09,1606.14,80.93,67.2,0.348593,A,A,1.0
2022-01-19,LaLiga,Celta,Osasuna,1507.41,1472.67,64.66,65.32,0.617201,H,H,1.0
2022-01-19,LaLiga,Valencia,Sevilla,1507.63,1693.29,65.56,67.56,0.317876,D,A,
2022-01-19,Ligue1,Montpellier,Troyes,1538.72,1397.29,64.83,82.39,0.74386,A,H,0.0
2022-01-19,Ligue1,Lille,Lorient,1641.24,1416.33,67.59,65.19,0.824871,H,H,1.0
2022-01-19,Ligue1,Clermont,Strasbourg,1417.2,1513.09,82.41,65.11,0.435684,A,A,1.0
2022-01-20,LaLiga,Getafe,Granada,1426.21,1481.63,66.84,65.49,0.492369,H,A,0.0
2022-01-21,Ligue1,Lyon,St Etienne,1605.4,1395.3,66.62,64.88,0.812528,H,H,1.0
2022-01-21,EPL,Watford,Norwich,1356.86,1338.06,85.9,85.97,0.594369,A,H,0.0
2022-01-21,LaLiga,Espanol,Betis,1500.44,1589.84,81.63,65.46,0.444713,A,A,1.0
2022-01-21,SerieA,Verona,Bologna,1475.61,1449.55,65.59,65.59,0.605548,H,H,1.0
2022-01-21,Bundesliga,Ein Frankfurt,Bielefeld,1585.63,1428.64,66.95,67.14,0.762305,A,H,0.0
2022-01-22,LaLiga,Ath Madrid,Valencia,1652.41,1512.01,69.53,65.39,0.745196,H,H,1.0
2022-01-22,LaLiga,Sevilla,Celta,1688.63,1516.38,67.29,64.46,0.777893,D,H,
2022-01-22,LaLiga,Villarreal,Mallorca,1540.5,1437.14,65.55,82.38,0.701427,H,H,1.0
2022-01-22,Bundesliga,Bochum,FC Koln,1458.57,1488.39,83.47,66.91,0.52838,D,H,
2022-01-22,Bundesliga,M'gladbach,Union Berlin,1485.04,1567.46,66.42,65.92,0.454449,A,A,1.0
2022-01-22,Bundesliga,Leverkusen,Augsburg,1553.96,1415.69,66.06,67.31,0.742661,H,H,1.0
2022-01-22,EPL,Leeds,Newcastle,1508.03,1402.99,65.32,66.7,0.705406,A,H,0.0
2022-01-22,Bundesliga,Greuther Furth,Mainz,1279.1,1501.48,94.57,67.17,0.274781,H,A,0.0
2022-01-22,SerieA,Genoa,Udinese,1378.16,1439.25,66.1,66.84,0.484403,D,A,
2022-01-22,SerieA,Inter,Venezia,1804.71,1404.74,73.14,83.63,0.92439,H,H,1.0
2022-01-22,Ligue1,Brest,Lille,1465.09,1645.76,65.45,67.67,0.323994,H,A,0.0
2022-01-22,Ligue1,Lens,Marseille,1549.0,1587.94,64.6,65.14,0.515582,A,H,0.0
2022-01-22,EPL,Brentford,Wolves,1432.62,1514.67,79.71,65.41,0.454967,A,A,1.0
2022-01-22,Bundesliga,Hoffenheim,Dortmund,1528.58,1651.93,65.97,67.58,0.39823,A,A,1.0
2022-01-22,EPL,Everton,Aston Villa,1455.91,1491.37,66.12,64.99,0.520484,A,H,0.0
2022-01-22,SerieA,Lazio,Atalanta,1576.77,1692.02,66.6,68.27,0.409246,D,A,
2022-01-22,EPL,Man United,West Ham,1614.88,1576.6,66.92,65.58,0.621874,H,H,1.0
2022-01-22,LaLiga,Levante,Cadiz,1382.92,1412.68,65.96,65.47,0.528487,A,H,0.0
2022-01-22,EPL,Southampton,Man City,1454.86,1786.97,65.55,70.22,0.170077,D,A,
2022-01-22,Bundesliga,Freiburg,Stuttgart,1521.84,1440.45,66.01,66.24,0.677033,H,H,1.0
2022-01-23,LaLiga,Alaves,Barcelona,1400.41,1633.35,66.16,67.23,0.263107,A,A,1.0
2022-01-23,LaLiga,Sociedad,Getafe,1576.65,1438.85,65.69,66.45,0.742271,D,H,
2022-01-23,LaLiga,Vallecano,Ath Bilbao,1551.96,1514.85,82.29,65.39,0.620344,A,H,0.0
2022-01-23,Ligue1,Angers,Troyes,1461.55,1425.16,64.86,81.37,0.618106,H,H,1.0
2022-01-23,Ligue1,Metz,Nice,1434.3,1564.08,65.34,64.89,0.389408,A,A,1.0
2022-01-23,Bundesliga,Hertha,Bayern Munich,1439.72,1751.8,66.82,73.34,0.187036,A,A,1.0
2022-01-23,EPL,Chelsea,Tottenham,1637.22,1589.95,65.91,65.35,0.633728,H,H,1.0
2022-01-23,EPL,Leicester,Brighton,1542.83,1501.64,65.94,65.39,0.625739,D,H,
2022-01-23,EPL,Crystal Palace,Liverpool,1457.01,1677.53,65.52,67.02,0.276856,A,A,1.0
2022-01-23,SerieA,Milan,Juventus,1679.56,1666.94,69.61,67.37,0.587232,D,H,
2022-01-23,SerieA,Empoli,Roma,1500.93,1552.16,80.18,66.24,0.498274,A,A,1.0
2022-01-23,SerieA,Torino,Sassuolo,1490.48,1526.46,66.0,65.89,0.519741,D,H,
2022-01-23,SerieA,Spezia,Sampdoria,1428.59,1432.94,67.16,65.34,0.563971,H,H,1.0
2022-01-23,SerieA,Napoli,Salernitana,1678.2,1307.85,68.47,90.42,0.910995,H,H,1.0
2022-01-23,SerieA,Cagliari,Fiorentina,1385.89,1504.62,67.2,65.75,0.404368,D,A,
2022-01-23,LaLiga,Real Madrid,Elche,1753.97,1438.13,70.18,66.0,0.887078,D,H,
2022-01-23,Ligue1,Clermont,Rennes,1401.12,1545.36,80.91,64.63,0.370185,H,A,0.0
2022-01-23,Ligue1,Nantes,Lorient,1487.93,1412.11,64.71,65.37,0.670217,H,H,1.0
2022-01-23,Ligue1,Montpellier,Monaco,1521.31,1615.77,64.84,66.38,0.437715,H,A,0.0
2022-01-23,Ligue1,Paris SG,Reims,1728.63,1455.99,68.9,64.85,0.860467,H,H,1.0
2022-01-23,EPL,Arsenal,Burnley,1585.94,1392.54,65.59,67.57,0.797381,D,H,
2022-01-23,Bundesliga,RB Leipzig,Wolfsburg,1569.52,1501.98,67.23,67.13,0.659659,H,H,1.0
2022-01-23,Ligue1,Bordeaux,Strasbourg,1412.15,1523.32,64.91,64.87,0.414629,H,A,0.0
2022-01-23,LaLiga,Granada,Osasuna,1469.48,1463.53,65.19,65.08,0.578211,A,H,0.0
2022-01-26,Ligue1,Angers,St Etienne,1470.45,1390.83,64.67,65.03,0.674977,A,H,0.0
2022-02-01,Ligue1,Lyon,Marseille,1610.11,1600.17,66.7,64.86,0.58369,H,H,1.0
2022-02-04,Bundesliga,Hertha,Bochum,1435.03,1457.5,66.9,81.86,0.538266,D,H,
2022-02-04,LaLiga,Getafe,Levante,1444.86,1370.09,66.36,65.63,0.668885,H,H,1.0
2022-02-04,Ligue1,Marseille,Angers,1590.38,1454.6,64.62,64.55,0.740328,H,H,1.0
2022-02-05,Ligue1,Monaco,Lyon,1601.94,1620.44,66.03,66.35,0.544249,H,H,1.0
2022-02-05,LaLiga,Mallorca,Cadiz,1426.12,1425.33,81.2,65.17,0.571102,H,H,1.0
2022-02-05,SerieA,Fiorentina,Lazio,1502.31,1579.01,65.47,66.27,0.462465,A,A,1.0
2022-02-05,SerieA,Inter,Milan,1806.98,1677.22,73.44,69.09,0.733174,A,H,0.0
2022-02-05,SerieA,Roma,Genoa,1564.23,1378.54,65.91,65.75,0.790531,D,H,
2022-02-05,Ligue1,St Etienne,Montpellier,1406.85,1534.52,64.89,64.59,0.392223,H,A,0.0
2022-02-05,EPL,Burnley,Watford,1400.19,1333.45,67.56,84.21,0.656845,D,H,
2022-02-05,Bundesliga,Augsburg,Union Berlin,1409.16,1578.48,67.18,65.6,0.337945,H,A,0.0
2022-02-05,Bundesliga,Bielefeld,M'gladbach,1447.95,1473.86,67.06,66.07,0.533875,D,H,
2022-02-05,Bundesliga,FC Koln,Freiburg,1489.08,1529.72,66.55,65.81,0.513191,H,H,1.0
2022-02-05,Bundesliga,Mainz,Hoffenheim,1483.61,1518.91,67.03,65.69,0.520702,H,H,1.0
2022-02-05,Bundesliga,Stuttgart,Ein Frankfurt,1432.51,1566.43,66.03,66.88,0.38401,A,A,1.0
2022-02-05,Bundesliga,Bayern Munich,RB Leipzig,1757.41,1578.1,73.12,66.94,0.784343,H,H,1.0
2022-02-05,LaLiga,Osasuna,Sevilla,1477.22,1681.55,64.83,67.24,0.295503,D,A,
2022-02-05,LaLiga,Celta,Vallecano,1522.89,1529.08,64.55,80.89,0.560763,H,H,1.0
2022-02-05,LaLiga,Elche,Alaves,1447.69,1393.95,66.35,66.07,0.642097,H,H,1.0
2022-02-06,Bundesliga,Dortmund,Leverkusen,1662.06,1560.27,67.2,65.99,0.701657,A,H,0.0
2022-02-06,Bundesliga,Wolfsburg,Greuther Furth,1493.41,1314.06,66.85,92.54,0.78019,H,H,1.0
2022-02-06,SerieA,Juventus,Verona,1669.13,1485.09,66.99,65.32,0.789048,H,H,1.0
2022-02-06,SerieA,Udinese,Torino,1438.86,1490.0,66.45,65.67,0.498393,H,A,0.0
2022-02-06,Ligue1,Strasbourg,Nantes,1509.53,1495.68,64.63,64.57,0.589057,H,H,1.0
2022-02-06,Ligue1,Reims,Bordeaux,1452.64,1425.95,65.14,64.67,0.606457,H,H,1.0
2022-02-06,Ligue1,Nice,Clermont,1573.26,1423.64,64.68,79.64,0.752881,A,H,0.0
2022-02-06,Ligue1,Lorient,Lens,1404.21,1536.96,65.2,64.35,0.385384,H,A,0.0
2022-02-06,Ligue1,Lille,Paris SG,1628.46,1732.38,67.38,69.05,0.424778,A,A,1.0
2022-02-06,LaLiga,Valencia,Sociedad,1505.88,1570.77,65.36,65.64,0.479037,D,A,
2022-02-06,Ligue1,Rennes,Brest,1530.8,1481.3,64.47,65.29,0.636643,H,H,1.0
2022-02-06,LaLiga,Betis,Villarreal,1600.38,1547.62,65.19,65.44,0.640882,A,H,0.0
2022-02-06,LaLiga,Barcelona,Ath Madrid,1640.02,1659.31,67.09,69.28,0.543057,H,H,1.0
2022-02-06,SerieA,Atalanta,Cagliari,1689.67,1388.29,67.83,66.83,0.878537,A,H,0.0
2022-02-06,SerieA,Bologna,Empoli,1440.06,1483.49,65.33,78.83,0.509178,D,H,
2022-02-06,SerieA,Sampdoria,Sassuolo,1422.55,1526.93,65.07,65.56,0.423966,H,A,0.0
2022-02-06,SerieA,Venezia,Napoli,1401.83,1680.54,83.64,68.85,0.216497,A,A,1.0
2022-02-06,LaLiga,Real Madrid,Granada,1743.17,1455.74,70.39,64.93,0.870166,H,H,1.0
2022-02-06,Ligue1,Troyes,Metz,1411.41,1424.99,80.05,65.1,0.551144,D,H,
2022-02-07,SerieA,Salernitana,Spezia,1303.93,1439.55,90.1,66.77,0.381747,D,A,
2022-02-07,LaLiga,Ath Bilbao,Espanol,1529.49,1484.32,65.18,80.19,0.6297,H,H,1.0
2022-02-08,EPL,Newcastle,Everton,1420.58,1443.21,66.52,65.78,0.538483,H,H,1.0
2022-02-08,EPL,West Ham,Watford,1567.51,1339.56,65.33,82.76,0.824556,H,H,1.0
2022-02-08,EPL,Burnley,Man United,1396.25,1624.33,67.27,66.59,0.268356,D,A,
2022-02-09,EPL,Man City,Brentford,1777.79,1416.85,70.2,78.42,0.908507,H,H,1.0
2022-02-09,EPL,Norwich,Crystal Palace,1361.51,1450.33,84.28,65.43,0.445515,D,A,
2022-02-09,EPL,Tottenham,Southampton,1581.19,1462.87,65.13,65.73,0.720817,A,H,0.0
2022-02-09,EPL,Aston Villa,Leeds,1503.65,1491.14,64.71,65.21,0.587185,D,H,
2022-02-10,EPL,Liverpool,Leicester,1684.49,1539.78,66.85,65.68,0.749753,H,H,1.0
2022-02-10,EPL,Wolves,Arsenal,1525.45,1578.72,65.14,65.67,0.495389,A,A,1.0
2022-02-11,Ligue1,Paris SG,Rennes,1743.61,1539.27,68.55,64.3,0.807614,H,H,1.0
2022-02-11,Bundesliga,RB Leipzig,FC Koln,1572.66,1501.1,66.93,66.18,0.664823,H,H,1.0
2022-02-11,LaLiga,Sevilla,Elche,1676.36,1456.49,67.02,66.09,0.820599,H,H,1.0
2022-02-12,EPL,Man United,Southampton,1618.57,1480.38,66.47,65.63,0.742802,D,H,
2022-02-12,EPL,Brentford,Crystal Palace,1413.72,1449.06,78.47,65.17,0.52065,D,H,
2022-02-12,EPL,Everton,Leeds,1432.07,1493.22,65.46,64.95,0.484298,H,A,0.0
2022-02-12,EPL,Watford,Brighton,1333.0,1504.65,82.13,65.17,0.334969,A,A,1.0
2022-02-12,LaLiga,Cadiz,Celta,1415.23,1533.03,64.93,64.34,0.40555,D,A,
2022-02-12,LaLiga,Villarreal,Real Madrid,1562.99,1746.81,65.22,70.52,0.320447,D,A,
2022-02-12,LaLiga,Vallecano,Osasuna,1513.45,1482.05,79.51,64.75,0.612767,A,H,0.0
2022-02-12,LaLiga,Ath Madrid,Getafe,1647.15,1453.02,68.75,66.13,0.798243,H,H,1.0
2022-02-12,Bundesliga,Leverkusen,Stuttgart,1577.39,1423.16,65.84,65.75,0.759665,H,H,1.0
2022-02-12,Bundesliga,Bochum,Bayern Munich,1458.91,1763.84,80.39,72.8,0.193124,H,A,0.0
2022-02-12,Ligue1,Lyon,Nice,1609.25,1555.66,66.0,64.71,0.642018,H,H,1.0
2022-02-12,SerieA,Lazio,Bologna,1590.34,1439.84,65.92,65.05,0.755896,H,H,1.0
2022-02-12,SerieA,Napoli,Inter,1686.29,1785.04,68.76,72.95,0.432074,D,A,
2022-02-12,SerieA,Torino,Venezia,1477.93,1393.5,65.35,82.72,0.678849,A,H,0.0
2022-02-12,EPL,Norwich,Man City,1363.61,1780.33,82.62,70.51,0.113036,A,A,1.0
2022-02-12,Bundesliga,M'gladbach,Augsburg,1474.68,1425.85,65.74,66.89,0.635647,H,H,1.0
2022-02-12,Bundesliga,Greuther Furth,Hertha,1304.0,1434.09,91.03,66.54,0.389108,H,A,0.0
2022-02-12,Bundesliga,Freiburg,Mainz,1517.96,1495.6,65.49,66.63,0.600486,D,H,
2022-02-12,Bundesliga,Ein Frankfurt,Wolfsburg,1576.01,1498.84,66.55,66.86,0.671754,A,H,0.0
2022-02-12,Ligue1,Montpellier,Lille,1520.31,1617.75,64.39,66.98,0.433627,A,A,1.0
2022-02-13,SerieA,Milan,Sampdoria,1696.68,1436.18,68.84,64.81,0.852043,H,H,1.0
2022-02-13,SerieA,Empoli,Cagliari,1483.8,1410.56,77.6,67.12,0.666822,D,H,
2022-02-13,SerieA,Genoa,Salernitana,1385.63,1309.09,65.81,88.03,0.668534,D,H,
2022-02-13,LaLiga,Levante,Betis,1362.1,1585.13,65.44,64.99,0.27379,A,A,1.0
2022-02-13,SerieA,Sassuolo,Roma,1513.1,1557.11,65.28,65.96,0.508433,D,H,
2022-02-13,LaLiga,Alaves,Valencia,1385.21,1506.38,65.83,65.07,0.401016,H,A,0.0
2022-02-13,SerieA,Atalanta,Juventus,1666.73,1674.47,68.09,66.99,0.559212,D,H,
2022-02-13,Bundesliga,Union Berlin,Dortmund,1562.54,1644.32,65.41,66.98,0.455375,A,A,1.0
2022-02-13,Bundesliga,Hoffenheim,Bielefeld,1507.37,1447.1,65.37,66.66,0.650459,H,H,1.0
2022-02-13,LaLiga,Espanol,Barcelona,1471.34,1651.44,78.98,66.69,0.324606,D,A,
2022-02-13,LaLiga,Sociedad,Granada,1570.26,1452.61,65.32,65.26,0.720114,H,H,1.0
2022-02-13,SerieA,Verona,Udinese,1480.01,1451.2,65.4,66.08,0.609206,H,H,1.0
2022-02-13,EPL,Burnley,Liverpool,1402.12,1690.78,67.11,66.75,0.206857,A,A,1.0
2022-02-13,Ligue1,Lens,Bordeaux,1522.7,1416.73,64.17,64.46,0.706738,H,H,1.0
2022-02-13,EPL,Tottenham,Wolves,1564.0,1513.71,65.06,64.86,0.637717,A,H,0.0
2022-02-13,Ligue1,Metz,Marseille,1426.18,1596.49,64.85,64.61,0.336608,A,A,1.0
2022-02-13,Ligue1,Nantes,Reims,1486.08,1461.99,64.36,64.91,0.602938,H,H,1.0
2022-02-13,Ligue1,Clermont,St Etienne,1450.1,1421.19,78.83,64.67,0.60945,A,H,0.0
2022-02-13,Ligue1,Brest,Troyes,1472.63,1409.62,65.07,78.73,0.65274,H,H,1.0
2022-02-13,Ligue1,Monaco,Lorient,1613.03,1418.84,65.7,64.97,0.79846,D,H,
2022-02-13,Ligue1,Angers,Strasbourg,1448.5,1519.14,64.55,64.41,0.470922,A,A,1.0
2022-02-13,EPL,Newcastle,Aston Villa,1431.97,1501.6,66.15,64.49,0.472342,H,A,0.0
2022-02-13,EPL,Leicester,West Ham,1533.7,1571.71,65.64,65.52,0.516896,D,H,
2022-02-14,LaLiga,Mallorca,Ath Bilbao,1441.52,1538.21,79.81,64.99,0.434568,H,A,0.0
2022-02-14,SerieA,Spezia,Fiorentina,1436.7,1491.24,66.49,65.18,0.493599,A,A,1.0
2022-02-15,EPL,Man United,Brighton,1612.54,1512.58,66.37,65.02,0.699608,H,H,1.0
2022-02-16,LaLiga,Ath Madrid,Levante,1652.51,1355.51,68.69,65.36,0.876086,A,H,0.0
2022-02-18,LaLiga,Elche,Vallecano,1452.06,1492.25,66.21,78.32,0.513696,H,H,1.0
2022-02-18,Ligue1,Lille,Metz,1628.59,1418.23,66.6,64.7,0.81277,D,H,
2022-02-18,Bundesliga,Mainz,Leverkusen,1498.1,1583.26,66.3,65.82,0.450626,H,A,0.0
2022-02-18,SerieA,Juventus,Torino,1675.95,1461.85,66.61,65.22,0.81588,D,H,
2022-02-19,LaLiga,Granada,Villarreal,1445.91,1567.26,65.18,65.08,0.400776,A,A,1.0
2022-02-19,Bundesliga,Augsburg,Freiburg,1416.75,1515.55,66.58,65.23,0.43166,A,A,1.0
2022-02-19,Bundesliga,Bielefeld,Union Berlin,1438.42,1551.67,66.39,65.12,0.411796,H,A,0.0
2022-02-19,Bundesliga,FC Koln,Ein Frankfurt,1492.88,1559.38,65.95,66.32,0.47679,H,A,0.0
2022-02-19,Bundesliga,Stuttgart,Bochum,1417.31,1487.72,65.73,79.79,0.47156,D,A,
2022-02-19,Bundesliga,Wolfsburg,Hoffenheim,1515.63,1515.74,66.61,65.18,0.569848,A,H,0.0
2022-02-19,LaLiga,Osasuna,Ath Madrid,1496.28,1629.07,64.56,68.9,0.385665,A,A,1.0
2022-02-19,LaLiga,Cadiz,Getafe,1417.46,1448.04,64.7,66.19,0.52732,D,H,
2022-02-19,Ligue1,Nantes,Paris SG,1495.3,1748.71,64.16,68.52,0.241551,H,A,0.0
2022-02-19,Ligue1,Lens,Lyon,1529.5,1617.98,64.12,65.75,0.445999,D,A,
2022-02-19,EPL,Brighton,Burnley,1505.45,1396.88,64.92,67.12,0.709465,A,H,0.0
2022-02-19,EPL,West Ham,Newcastle,1572.11,1444.85,65.21,65.81,0.730827,D,H,
2022-02-19,EPL,Arsenal,Brentford,1590.65,1413.03,65.35,77.26,0.781188,H,H,1.0
2022-02-19,SerieA,Sampdoria,Empoli,1432.65,1478.28,65.09,76.66,0.506102,H,H,1.0
2022-02-19,SerieA,Roma,Verona,1557.31,1489.35,65.63,65.15,0.660378,D,H,
2022-02-19,SerieA,Salernitana,Milan,1316.27,1700.65,86.3,68.96,0.132351,D,A,
2022-02-19,EPL,Man City,Tottenham,1783.53,1548.87,70.71,64.86,0.832714,A,H,0.0
2022-02-19,EPL,Southampton,Everton,1486.25,1444.42,65.58,65.16,0.62661,H,H,1.0
2022-02-19,EPL,Liverpool,Norwich,1695.97,1359.3,66.77,82.38,0.895996,H,H,1.0
2022-02-19,EPL,Crystal Palace,Chelsea,1449.54,1646.11,64.91,65.65,0.304494,A,A,1.0
2022-02-19,LaLiga,Real Madrid,Alaves,1741.82,1399.71,70.06,65.54,0.90113,H,H,1.0
2022-02-19,EPL,Aston Villa,Watford,1489.33,1320.65,64.25,80.85,0.771943,A,H,0.0
2022-02-20,LaLiga,Betis,Mallorca,1591.63,1461.18,64.94,78.53,0.732617,H,H,1.0
2022-02-20,LaLiga,Ath Bilbao,Sociedad,1525.0,1576.98,64.75,65.24,0.497212,H,A,0.0
2022-02-20,Ligue1,Marseille,Clermont,1604.38,1429.36,64.47,77.68,0.778619,A,H,0.0
2022-02-20,Ligue1,Bordeaux,Monaco,1409.87,1605.74,64.4,65.78,0.305345,D,A,
2022-02-20,SerieA,Fiorentina,Atalanta,1502.95,1665.21,64.89,67.64,0.347104,H,A,0.0
2022-02-20,Ligue1,Rennes,Troyes,1534.75,1397.86,64.47,77.67,0.739736,H,H,1.0
2022-02-20,Ligue1,Reims,Brest,1452.62,1480.8,64.68,64.91,0.530722,D,H,
2022-02-20,SerieA,Udinese,Lazio,1441.67,1596.31,65.79,65.88,0.356718,D,A,
2022-02-20,Ligue1,Lorient,Montpellier,1425.96,1510.26,65.08,64.17,0.451781,A,A,1.0
2022-02-20,Ligue1,Nice,Angers,1547.26,1437.52,64.54,64.3,0.711151,H,H,1.0
2022-02-20,Ligue1,St Etienne,Strasbourg,1435.32,1530.08,64.48,64.17,0.437207,D,A,
2022-02-20,LaLiga,Valencia,Barcelona,1492.2,1647.15,64.83,66.47,0.356373,A,A,1.0
2022-02-20,SerieA,Inter,Sassuolo,1783.05,1512.9,72.18,64.99,0.858751,A,H,0.0
2022-02-20,SerieA,Venezia,Genoa,1418.96,1381.61,81.44,65.64,0.620638,D,H,
2022-02-20,EPL,Leeds,Man United,1481.06,1619.96,64.68,66.2,0.377338,A,A,1.0
2022-02-20,EPL,Wolves,Leicester,1528.74,1533.3,64.67,65.33,0.563695,H,H,1.0
2022-02-20,LaLiga,Espanol,Sevilla,1477.35,1680.91,77.96,67.11,0.296376,D,A,
2022-02-20,Bundesliga,Hertha,RB Leipzig,1419.3,1581.06,66.26,66.66,0.347649,A,A,1.0
2022-02-20,Bundesliga,Dortmund,M'gladbach,1655.7,1483.48,66.59,65.5,0.777719,H,H,1.0
2022-02-20,Bundesliga,Bayern Munich,Greuther Furth,1740.16,1331.16,72.59,88.85,0.927104,H,H,1.0
2022-02-21,LaLiga,Celta,Levante,1530.84,1376.76,64.14,65.69,0.759517,D,H,
2022-02-21,SerieA,Bologna,Spezia,1434.02,1424.54,65.06,66.12,0.583003,H,H,1.0
2022-02-21,SerieA,Cagliari,Napoli,1414.7,1688.07,66.86,68.28,0.221553,D,A,
2022-02-23,EPL,Liverpool,Leeds,1698.58,1472.21,67.14,64.49,0.826151,H,H,1.0
2022-02-23,EPL,Burnley,Tottenham,1414.79,1568.66,66.92,65.08,0.35766,H,A,0.0
2022-02-23,EPL,Watford,Crystal Palace,1348.65,1442.34,80.05,64.8,0.43872,A,A,1.0
2022-02-24,EPL,Arsenal,Wolves,1595.89,1538.95,65.42,64.44,0.646358,H,H,1.0
2022-02-25,Bundesliga,Hoffenheim,Stuttgart,1529.26,1417.99,64.91,65.44,0.712783,H,H,1.0
2022-02-25,SerieA,Milan,Udinese,1690.97,1445.14,69.14,65.56,0.841204,D,H,
2022-02-25,SerieA,Genoa,Inter,1384.45,1757.82,65.42,72.19,0.140106,D,A,
2022-02-25,LaLiga,Levante,Elche,1383.08,1463.85,65.67,65.88,0.456757,H,A,0.0
2022-02-25,Ligue1,Montpellier,Rennes,1520.68,1540.8,63.96,64.48,0.542022,A,H,0.0
2022-02-25,EPL,Southampton,Norwich,1495.24,1355.42,65.34,82.21,0.74217,H,H,1.0
2022-02-26,Bundesliga,M'gladbach,Wolfsburg,1478.1,1501.53,65.54,66.25,0.537361,D,H,
2022-02-26,EPL,Brentford,Newcastle,1405.83,1450.48,76.71,65.72,0.507541,A,H,0.0
2022-02-26,EPL,Brighton,Aston Villa,1488.66,1471.51,64.84,64.35,0.593563,A,H,0.0
2022-02-26,EPL,Everton,Man City,1435.54,1760.08,64.95,70.68,0.176241,A,A,1.0
2022-02-26,Bundesliga,Freiburg,Hertha,1525.81,1410.77,64.96,66.02,0.717052,H,H,1.0
2022-02-26,Bundesliga,Greuther Furth,FC Koln,1328.04,1505.58,88.73,65.62,0.327668,D,A,
2022-02-26,Ligue1,Strasbourg,Nice,1528.63,1554.03,63.97,64.48,0.534628,D,H,
2022-02-26,Ligue1,Paris SG,St Etienne,1728.7,1436.78,68.36,64.26,0.873092,H,H,1.0
2022-02-26,Bundesliga,Ein Frankfurt,Bayern Munich,1546.55,1742.31,65.96,72.93,0.306306,A,A,1.0
2022-02-26,Bundesliga,Union Berlin,Mainz,1537.72,1511.56,64.87,65.96,0.605661,H,H,1.0
2022-02-26,Bundesliga,Leverkusen,Bielefeld,1569.98,1452.89,65.5,66.06,0.719382,H,H,1.0
2022-02-26,EPL,Leeds,Tottenham,1468.11,1553.43,64.7,64.89,0.450373,A,A,1.0
2022-02-26,EPL,Crystal Palace,Burnley,1452.56,1430.86,64.57,66.62,0.599597,D,H,
2022-02-26,EPL,Man United,Watford,1629.21,1333.31,65.91,78.74,0.873443,D,H,
2022-02-26,LaLiga,Vallecano,Real Madrid,1475.96,1744.58,77.12,70.34,0.226493,A,A,1.0
2022-02-26,SerieA,Salernitana,Bologna,1331.48,1443.89,85.76,64.81,0.41292,D,A,
2022-02-26,SerieA,Empoli,Juventus,1462.38,1668.02,75.58,66.7,0.293891,A,A,1.0
2022-02-26,SerieA,Sassuolo,Fiorentina,1533.4,1518.35,65.27,64.73,0.590691,H,H,1.0
2022-02-26,LaLiga,Mallorca,Valencia,1452.14,1483.81,77.72,64.65,0.52582,A,H,0.0
2022-02-26,LaLiga,Ath Madrid,Celta,1639.25,1524.81,68.44,64.2,0.716574,H,H,1.0
2022-02-26,LaLiga,Getafe,Alaves,1448.71,1397.28,65.85,65.95,0.6391,D,H,
2022-02-27,LaLiga,Villarreal,Espanol,1576.76,1484.16,64.84,77.1,0.689407,H,H,1.0
2022-02-27,EPL,West Ham,Wolves,1566.59,1530.72,65.16,64.29,0.618774,H,H,1.0
2022-02-27,LaLiga,Sociedad,Osasuna,1565.02,1487.29,64.95,64.37,0.672691,H,H,1.0
2022-02-27,Ligue1,Brest,Lorient,1481.52,1415.26,64.65,64.81,0.658263,A,H,0.0
2022-02-27,Bundesliga,Bochum,RB Leipzig,1486.72,1589.69,78.48,66.39,0.425966,A,A,1.0
2022-02-27,Ligue1,Angers,Lens,1430.79,1530.74,64.26,63.91,0.430008,A,A,1.0
2022-02-27,Ligue1,Monaco,Reims,1601.01,1451.9,65.63,64.43,0.754531,A,H,0.0
2022-02-27,Ligue1,Clermont,Bordeaux,1455.53,1414.41,77.1,64.32,0.625728,D,H,
2022-02-27,LaLiga,Barcelona,Ath Bilbao,1655.95,1536.79,66.2,64.49,0.721919,H,H,1.0
2022-02-27,Bundesliga,Augsburg,Dortmund,1406.08,1661.26,66.23,66.58,0.239468,D,A,
2022-02-27,LaLiga,Sevilla,Betis,1675.85,1597.93,66.91,64.91,0.672885,H,H,1.0
2022-02-27,Ligue1,Lyon,Lille,1616.68,1620.75,65.44,66.68,0.564304,A,H,0.0
2022-02-27,Ligue1,Troyes,Marseille,1389.23,1586.24,76.94,64.57,0.303853,D,A,
2022-02-27,Ligue1,Metz,Nantes,1425.64,1512.89,64.86,64.22,0.447659,D,A,
2022-02-27,SerieA,Torino,Cagliari,1469.45,1421.7,65.37,66.83,0.634241,A,H,0.0
2022-02-27,SerieA,Verona,Venezia,1493.17,1414.59,64.98,80.11,0.672015,H,H,1.0
2022-02-27,SerieA,Spezia,Roma,1414.36,1553.44,65.81,65.43,0.377044,A,A,1.0
2022-02-27,SerieA,Lazio,Napoli,1592.83,1680.77,65.65,68.19,0.446836,A,A,1.0
2022-02-28,LaLiga,Granada,Cadiz,1436.38,1416.82,64.93,64.44,0.596844,D,H,
2022-02-28,SerieA,Atalanta,Sampdoria,1648.52,1444.25,67.31,64.82,0.807472,H,H,1.0
2022-03-01,EPL,Burnley,Leicester,1433.33,1522.89,66.29,65.05,0.444488,A,A,1.0
2022-03-02,LaLiga,Mallorca,Sociedad,1434.75,1572.77,76.57,64.8,0.378414,A,A,1.0
2022-03-04,Ligue1,Lorient,Lyon,1430.77,1603.18,64.65,65.16,0.33402,A,A,1.0
2022-03-04,Bundesliga,Bielefeld,Augsburg,1446.01,1412.51,65.94,66.19,0.615489,A,H,0.0
2022-03-04,LaLiga,Alaves,Sevilla,1400.67,1684.05,65.71,66.66,0.211758,D,A,
2022-03-04,SerieA,Inter,Salernitana,1747.21,1334.94,72.21,84.01,0.928986,H,H,1.0
2022-03-05,Ligue1,Lens,Brest,1540.59,1466.08,63.72,64.5,0.66867,A,H,0.0
2022-03-05,Ligue1,Nice,Paris SG,1554.84,1732.07,64.24,68.58,0.328355,H,A,0.0
2022-03-05,LaLiga,Espanol,Getafe,1474.03,1445.33,76.25,65.61,0.609087,H,H,1.0
2022-03-05,LaLiga,Osasuna,Villarreal,1479.67,1584.04,64.26,64.75,0.423953,H,A,0.0
2022-03-05,LaLiga,Valencia,Granada,1496.0,1434.1,64.42,64.7,0.652711,H,H,1.0
2022-03-05,LaLiga,Real Madrid,Sociedad,1750.84,1581.63,70.14,64.62,0.774886,H,H,1.0
2022-03-05,SerieA,Cagliari,Lazio,1437.53,1582.1,66.53,65.35,0.369803,A,A,1.0
2022-03-05,EPL,Aston Villa,Southampton,1485.28,1501.37,64.15,65.32,0.547643,H,H,1.0
2022-03-05,Bundesliga,Hertha,Ein Frankfurt,1403.84,1539.11,65.89,65.81,0.38214,A,A,1.0
2022-03-05,Bundesliga,RB Leipzig,Freiburg,1600.09,1532.52,66.07,64.89,0.659899,D,H,
2022-03-05,Bundesliga,Bochum,Greuther Furth,1472.38,1335.38,77.31,86.95,0.738405,H,H,1.0
2022-03-05,Bundesliga,Bayern Munich,Leverkusen,1751.32,1576.75,72.36,65.41,0.780019,D,H,
2022-03-05,Bundesliga,Wolfsburg,Union Berlin,1502.44,1547.01,65.91,64.65,0.507654,H,H,1.0
2022-03-05,Bundesliga,Stuttgart,M'gladbach,1411.08,1477.21,65.34,65.24,0.477289,H,A,0.0
2022-03-05,EPL,Wolves,Crystal Palace,1521.88,1450.24,64.11,64.37,0.665093,A,H,0.0
2022-03-05,EPL,Liverpool,West Ham,1703.02,1575.65,67.24,64.93,0.731051,H,H,1.0
2022-03-05,EPL,Norwich,Brentford,1345.93,1389.46,81.2,75.64,0.509046,A,H,0.0
2022-03-05,EPL,Newcastle,Brighton,1462.62,1474.68,65.42,64.61,0.553286,H,H,1.0
2022-03-05,SerieA,Roma,Atalanta,1562.47,1653.45,65.19,67.34,0.442594,H,A,0.0
2022-03-05,SerieA,Udinese,Sampdoria,1453.43,1439.67,65.77,64.97,0.588904,H,H,1.0
2022-03-05,EPL,Burnley,Chelsea,1422.44,1653.48,65.94,65.51,0.264961,A,A,1.0
2022-03-05,EPL,Leicester,Leeds,1533.4,1457.56,64.79,64.45,0.67033,H,H,1.0
2022-03-06,EPL,Watford,Arsenal,1346.36,1604.37,78.58,65.21,0.2364,A,A,1.0
2022-03-06,LaLiga,Cadiz,Vallecano,1419.07,1468.51,64.24,76.55,0.500789,H,H,1.0
2022-03-06,SerieA,Venezia,Sassuolo,1403.11,1543.16,79.01,65.02,0.375738,A,A,1.0
2022-03-06,Bundesliga,FC Koln,Hoffenheim,1501.55,1536.07,65.47,64.84,0.521808,A,H,0.0
2022-03-06,SerieA,Juventus,Spezia,1675.33,1405.23,66.53,65.55,0.858642,H,H,1.0
2022-03-06,EPL,Man City,Man United,1765.01,1620.06,70.62,66.23,0.749926,H,H,1.0
2022-03-06,LaLiga,Elche,Barcelona,1450.7,1662.8,65.56,66.07,0.28633,A,A,1.0
2022-03-06,LaLiga,Betis,Ath Madrid,1590.19,1646.68,64.77,68.18,0.490878,A,A,1.0
2022-03-06,SerieA,Genoa,Empoli,1393.17,1453.1,65.69,74.88,0.486101,D,A,
2022-03-06,SerieA,Bologna,Torino,1441.9,1454.29,64.61,65.15,0.552802,D,H,
2022-03-06,SerieA,Fiorentina,Verona,1508.75,1500.86,64.5,64.85,0.580876,D,H,
2022-03-06,LaLiga,Celta,Mallorca,1518.23,1422.56,64.17,75.61,0.693264,H,H,1.0
2022-03-06,Ligue1,Marseille,Monaco,1581.71,1582.7,64.5,65.6,0.568611,A,H,0.0
2022-03-06,Ligue1,Lille,Clermont,1634.74,1451.43,66.32,76.1,0.786764,H,H,1.0
2022-03-06,SerieA,Napoli,Milan,1692.32,1681.76,67.73,69.21,0.584321,A,H,0.0
2022-03-06,Ligue1,Reims,Strasbourg,1469.57,1527.84,64.46,63.76,0.488339,D,A,
2022-03-06,Ligue1,Nantes,Montpellier,1511.68,1508.25,64.0,63.75,0.574799,H,H,1.0
2022-03-06,Ligue1,Bordeaux,Troyes,1417.28,1395.64,64.17,76.12,0.598904,A,H,0.0
2022-03-06,Ligue1,St Etienne,Metz,1433.78,1426.87,64.61,64.61,0.579553,H,H,1.0
2022-03-06,Ligue1,Rennes,Angers,1553.42,1420.84,64.25,64.04,0.736914,H,H,1.0
2022-03-07,LaLiga,Ath Bilbao,Levante,1530.28,1396.16,64.45,65.37,0.73842,H,H,1.0
2022-03-07,EPL,Tottenham,Everton,1564.04,1431.34,64.63,65.13,0.736902,H,H,1.0
2022-03-10,EPL,Norwich,Chelsea,1327.78,1659.88,79.8,65.45,0.169396,A,A,1.0
2022-03-10,EPL,Southampton,Newcastle,1490.58,1473.31,65.03,65.13,0.593682,A,H,0.0
2022-03-10,EPL,Wolves,Watford,1506.51,1338.28,64.0,77.87,0.771983,H,H,1.0
2022-03-10,EPL,Leeds,Aston Villa,1449.87,1495.7,64.33,63.94,0.505868,A,H,0.0
2022-03-11,Ligue1,Lille,St Etienne,1639.99,1443.61,66.36,64.39,0.800523,D,H,
2022-03-11,LaLiga,Ath Madrid,Cadiz,1659.37,1430.52,67.71,64.03,0.828217,H,H,1.0
2022-03-12,SerieA,Salernitana,Sassuolo,1332.18,1552.0,84.04,64.83,0.27738,D,A,
2022-03-12,Ligue1,Troyes,Nantes,1414.74,1521.45,75.15,63.81,0.420683,H,A,0.0
2022-03-12,SerieA,Spezia,Cagliari,1401.77,1428.38,65.82,66.24,0.532897,H,H,1.0
2022-03-12,Bundesliga,M'gladbach,Hertha,1464.78,1394.57,64.95,65.62,0.663168,H,H,1.0
2022-03-12,EPL,Brighton,Liverpool,1464.25,1709.84,64.37,67.08,0.249511,A,A,1.0
2022-03-12,EPL,Brentford,Burnley,1405.29,1415.96,74.68,65.86,0.555177,H,H,1.0
2022-03-12,EPL,Man United,Tottenham,1613.89,1570.23,66.17,64.62,0.629055,H,H,1.0
2022-03-12,Ligue1,Montpellier,Nice,1498.56,1570.38,63.57,64.14,0.469265,D,A,
2022-03-12,SerieA,Sampdoria,Juventus,1429.96,1678.88,64.73,66.75,0.245974,A,A,1.0
2022-03-12,Bundesliga,Union Berlin,Stuttgart,1535.51,1423.55,64.4,65.04,0.713628,D,H,
2022-03-12,LaLiga,Getafe,Valencia,1435.97,1504.09,65.36,64.28,0.47448,D,A,
2022-03-12,Bundesliga,Hoffenheim,Bayern Munich,1548.33,1743.13,64.58,72.07,0.307351,D,A,
2022-03-12,Bundesliga,Freiburg,Wolfsburg,1536.3,1514.38,64.74,65.58,0.599963,H,H,1.0
2022-03-12,SerieA,Milan,Empoli,1697.28,1452.67,68.7,73.94,0.839037,H,H,1.0
2022-03-12,LaLiga,Villarreal,Celta,1570.52,1525.29,64.51,64.11,0.631155,H,H,1.0
2022-03-12,LaLiga,Granada,Elche,1425.94,1443.78,64.54,65.45,0.545184,A,H,0.0
2022-03-12,LaLiga,Levante,Espanol,1389.87,1486.51,65.32,75.29,0.435075,D,A,
2022-03-13,SerieA,Fiorentina,Bologna,1506.86,1440.66,64.29,64.37,0.658217,H,H,1.0
2022-03-13,Ligue1,Clermont,Lorient,1444.6,1422.93,75.64,64.51,0.599686,A,H,0.0
2022-03-13,Ligue1,Metz,Lens,1417.04,1525.32,64.38,63.64,0.418528,D,A,
2022-03-13,Ligue1,Strasbourg,Monaco,1527.57,1596.38,63.56,65.31,0.473526,H,A,0.0
2022-03-13,Ligue1,Lyon,Rennes,1611.14,1559.55,64.99,64.25,0.639452,A,H,0.0
2022-03-13,Bundesliga,Leverkusen,FC Koln,1583.45,1489.05,65.46,65.17,0.692964,A,H,0.0
2022-03-13,Ligue1,Angers,Reims,1414.75,1469.84,64.06,64.22,0.49282,A,A,1.0
2022-03-13,Bundesliga,Dortmund,Bielefeld,1654.76,1431.06,66.52,65.67,0.823813,H,H,1.0
2022-03-13,Bundesliga,Ein Frankfurt,Bochum,1548.36,1480.91,65.55,76.64,0.658579,H,H,1.0
2022-03-13,Bundesliga,Greuther Furth,RB Leipzig,1324.72,1596.18,85.62,65.85,0.22307,A,A,1.0
2022-03-13,EPL,Arsenal,Leicester,1610.03,1541.17,65.24,64.65,0.661568,H,H,1.0
2022-03-13,EPL,West Ham,Aston Villa,1569.27,1507.29,64.89,63.73,0.652902,H,H,1.0
2022-03-13,EPL,Southampton,Watford,1476.53,1330.68,64.79,77.25,0.749318,A,H,0.0
2022-03-13,EPL,Leeds,Norwich,1438.14,1321.77,64.1,79.34,0.71681,H,H,1.0
2022-03-13,EPL,Everton,Wolves,1425.06,1511.75,65.1,64.11,0.448436,A,A,1.0
2022-03-13,Ligue1,Paris SG,Bordeaux,1714.42,1403.56,68.22,64.0,0.8845,H,H,1.0
2022-03-13,Ligue1,Brest,Marseille,1481.72,1568.47,64.37,64.27,0.448364,A,A,1.0
2022-03-13,EPL,Chelsea,Newcastle,1664.0,1487.4,65.63,64.89,0.782043,H,H,1.0
2022-03-13,SerieA,Verona,Napoli,1502.77,1677.43,64.61,67.32,0.331414,A,A,1.0
2022-03-13,LaLiga,Barcelona,Osasuna,1669.81,1493.0,65.94,64.05,0.782362,H,H,1.0
2022-03-13,LaLiga,Sociedad,Alaves,1576.32,1407.69,64.69,65.76,0.774169,H,H,1.0
2022-03-13,LaLiga,Betis,Ath Bilbao,1578.7,1536.4,64.52,64.45,0.627273,H,H,1.0
2022-03-13,LaLiga,Vallecano,Sevilla,1452.46,1676.83,75.49,66.66,0.272499,D,A,
2022-03-13,SerieA,Atalanta,Genoa,1639.37,1393.5,66.94,65.39,0.841257,D,H,
2022-03-13,SerieA,Udinese,Roma,1463.36,1575.7,65.48,64.92,0.41303,D,A,
2022-03-13,SerieA,Torino,Inter,1455.54,1749.29,64.88,72.57,0.203055,D,A,
2022-03-14,LaLiga,Mallorca,Real Madrid,1412.9,1757.05,74.86,69.94,0.160706,A,A,1.0
2022-03-14,EPL,Crystal Palace,Man City,1465.72,1771.97,64.24,70.33,0.191592,D,A,
2022-03-14,SerieA,Lazio,Venezia,1590.93,1390.26,65.13,77.87,0.802316,H,H,1.0
2022-03-16,Bundesliga,Mainz,Dortmund,1501.98,1659.17,65.68,66.64,0.353495,A,A,1.0
2022-03-16,EPL,Brighton,Tottenham,1458.42,1561.55,64.4,64.44,0.425644,A,A,1.0
2022-03-16,EPL,Arsenal,Liverpool,1618.11,1716.14,65.06,66.97,0.432801,A,A,1.0
2022-03-17,EPL,Everton,Newcastle,1414.43,1482.21,64.83,64.96,0.474948,H,A,0.0
2022-03-18,SerieA,Genoa,Torino,1401.77,1462.58,65.61,65.0,0.48476,H,A,0.0
2022-03-18,Ligue1,St Etienne,Troyes,1450.66,1432.75,64.53,74.23,0.593992,D,H,
2022-03-18,Bundesliga,Bochum,M'gladbach,1469.9,1472.75,75.74,64.79,0.566084,A,H,0.0
2022-03-18,EPL,Wolves,Leeds,1522.07,1444.63,63.9,64.09,0.672362,A,H,0.0
2022-03-18,LaLiga,Ath Bilbao,Getafe,1527.72,1436.58,64.28,65.06,0.689041,D,H,
2022-03-18,SerieA,Sassuolo,Spezia,1546.87,1413.06,64.79,65.5,0.73806,H,H,1.0
2022-03-19,Bundesliga,Bayern Munich,Union Berlin,1737.54,1530.52,71.54,64.35,0.809939,H,H,1.0
2022-03-19,EPL,Aston Villa,Arsenal,1499.37,1607.88,63.62,64.8,0.418262,A,A,1.0
2022-03-19,LaLiga,Alaves,Granada,1402.18,1413.23,65.78,64.3,0.554701,A,H,0.0
2022-03-19,Bundesliga,Mainz,Bielefeld,1493.45,1426.76,65.46,65.82,0.658699,H,H,1.0
2022-03-19,LaLiga,Elche,Valencia,1456.84,1503.5,65.16,64.05,0.50471,A,H,0.0
2022-03-19,Ligue1,Lens,Clermont,1523.47,1425.72,63.47,74.71,0.695836,H,H,1.0
2022-03-19,Ligue1,Nantes,Lille,1508.33,1632.52,63.65,66.41,0.397018,A,A,1.0
2022-03-19,Bundesliga,Stuttgart,Augsburg,1428.63,1427.57,64.96,65.9,0.571437,H,H,1.0
2022-03-19,SerieA,Inter,Fiorentina,1740.5,1514.8,72.32,64.16,0.825656,D,H,
2022-03-19,SerieA,Cagliari,Milan,1416.95,1701.55,65.89,68.79,0.210925,A,A,1.0
2022-03-19,Bundesliga,Greuther Furth,Freiburg,1315.74,1545.68,84.53,64.52,0.266044,D,A,
2022-03-19,Bundesliga,Hertha,Hoffenheim,1386.44,1552.83,65.43,64.49,0.34156,H,A,0.0
2022-03-19,LaLiga,Vallecano,Ath Madrid,1459.64,1663.82,74.85,67.79,0.295735,A,A,1.0
2022-03-19,SerieA,Napoli,Udinese,1685.83,1465.45,67.03,65.21,0.821143,H,H,1.0
2022-03-19,LaLiga,Osasuna,Levante,1487.94,1391.41,64.17,65.06,0.695533,H,H,1.0
2022-03-20,EPL,Leicester,Brentford,1533.23,1418.93,64.51,73.78,0.715213,H,H,1.0
2022-03-20,SerieA,Roma,Lazio,1573.65,1595.64,64.68,65.25,0.539391,H,H,1.0
2022-03-20,SerieA,Juventus,Salernitana,1685.04,1340.79,66.67,82.81,0.899794,H,H,1.0
2022-03-20,SerieA,Bologna,Atalanta,1432.71,1630.71,64.23,67.09,0.302957,A,A,1.0
2022-03-20,EPL,Tottenham,West Ham,1571.45,1577.48,64.22,64.72,0.56168,H,H,1.0
2022-03-20,LaLiga,Celta,Betis,1516.78,1587.4,63.96,64.34,0.470957,D,A,
2022-03-20,Bundesliga,Wolfsburg,Leverkusen,1504.76,1566.79,65.31,65.32,0.483059,A,A,1.0
2022-03-20,SerieA,Venezia,Sampdoria,1383.66,1424.16,77.38,64.75,0.513388,A,H,0.0
2022-03-20,SerieA,Empoli,Verona,1447.76,1495.01,73.8,64.48,0.503877,D,H,
2022-03-20,Ligue1,Monaco,Paris SG,1583.82,1717.48,65.02,68.48,0.384473,H,A,0.0
2022-03-20,Ligue1,Angers,Brest,1403.42,1471.31,63.84,64.15,0.474789,H,A,0.0
2022-03-20,Ligue1,Bordeaux,Montpellier,1400.85,1499.26,64.4,63.39,0.432126,A,A,1.0
2022-03-20,Ligue1,Lorient,Strasbourg,1436.81,1539.49,64.32,63.37,0.426212,D,A,
2022-03-20,Ligue1,Rennes,Metz,1574.36,1418.94,64.1,64.17,0.761106,H,H,1.0
2022-03-20,Ligue1,Reims,Lyon,1481.22,1595.99,63.99,64.8,0.409702,D,A,
2022-03-20,Ligue1,Marseille,Nice,1578.84,1569.67,64.05,63.92,0.582686,H,H,1.0
2022-03-20,LaLiga,Espanol,Mallorca,1484.48,1407.87,74.35,74.68,0.670221,H,H,1.0
2022-03-20,Bundesliga,RB Leipzig,Ein Frankfurt,1601.63,1556.52,65.88,65.36,0.630903,D,H,
2022-03-20,LaLiga,Sevilla,Sociedad,1671.22,1581.66,66.54,64.76,0.68717,D,H,
2022-03-20,LaLiga,Cadiz,Villarreal,1426.51,1579.13,64.26,64.34,0.359217,H,A,0.0
2022-03-20,Bundesliga,FC Koln,Dortmund,1505.58,1667.94,65.04,66.36,0.346844,D,A,
2022-03-20,LaLiga,Real Madrid,Barcelona,1761.47,1675.15,69.97,65.96,0.683102,A,H,0.0
2022-04-01,Bundesliga,Union Berlin,FC Koln,1526.05,1509.21,64.52,64.87,0.593124,H,H,1.0
2022-04-02,LaLiga,Getafe,Mallorca,1441.08,1397.76,64.94,73.96,0.627843,H,H,1.0
2022-04-02,SerieA,Spezia,Venezia,1406.74,1366.83,65.44,76.25,0.623178,H,H,1.0
2022-04-02,SerieA,Lazio,Sassuolo,1584.68,1553.06,64.97,64.77,0.613062,H,H,1.0
2022-04-02,Bundesliga,Bielefeld,Stuttgart,1418.48,1438.74,65.61,64.71,0.541824,D,H,
2022-04-02,Bundesliga,Ein Frankfurt,Greuther Furth,1559.65,1324.9,65.14,83.32,0.82987,D,H,
2022-04-02,Bundesliga,Freiburg,Bayern Munich,1540.33,1743.0,64.52,71.39,0.297941,A,A,1.0
2022-04-02,Bundesliga,Leverkusen,Hertha,1578.3,1402.24,65.03,65.23,0.78147,H,H,1.0
2022-04-02,Bundesliga,Dortmund,RB Leipzig,1664.16,1598.45,66.11,65.63,0.65748,A,H,0.0
2022-04-02,LaLiga,Ath Madrid,Alaves,1671.4,1388.77,67.55,65.46,0.867004,H,H,1.0
2022-04-02,Ligue1,Nice,Rennes,1560.11,1579.91,63.74,64.17,0.542479,D,H,
2022-04-02,LaLiga,Celta,Real Madrid,1517.45,1742.85,63.75,69.56,0.271705,A,A,1.0
2022-04-02,LaLiga,Levante,Villarreal,1384.16,1564.24,64.94,64.18,0.324379,H,A,0.0
2022-04-02,Bundesliga,Hoffenheim,Bochum,1537.46,1452.06,64.35,74.77,0.680995,A,H,0.0
2022-04-02,SerieA,Salernitana,Torino,1337.02,1450.42,82.66,64.72,0.411573,A,A,1.0
2022-04-02,Ligue1,Lille,Bordeaux,1642.3,1390.8,66.1,64.18,0.845618,D,H,
2022-04-02,EPL,Chelsea,Brentford,1669.3,1410.36,65.67,73.21,0.849701,A,H,0.0
2022-04-02,EPL,Man United,Leicester,1622.98,1539.86,65.89,64.47,0.679337,D,H,
2022-04-02,EPL,Liverpool,Watford,1726.96,1355.51,66.59,76.58,0.913522,H,H,1.0
2022-04-02,EPL,Brighton,Norwich,1448.53,1312.02,64.18,78.42,0.739214,D,H,
2022-04-02,EPL,Burnley,Man City,1405.24,1763.37,65.56,70.23,0.150429,A,A,1.0
2022-04-02,EPL,Wolves,Aston Villa,1506.63,1489.87,63.81,63.46,0.593086,H,H,1.0
2022-04-02,EPL,Leeds,Southampton,1460.17,1458.93,63.99,64.81,0.571728,D,H,
2022-04-03,Ligue1,St Etienne,Marseille,1448.48,1588.44,64.34,63.86,0.375763,A,A,1.0
2022-04-03,Ligue1,Strasbourg,Lens,1537.83,1530.33,63.22,63.46,0.580416,H,H,1.0
2022-04-03,Ligue1,Clermont,Nantes,1416.36,1499.31,74.03,63.5,0.453644,A,A,1.0
2022-04-03,EPL,Tottenham,Newcastle,1581.58,1469.83,64.01,64.69,0.71343,H,H,1.0
2022-04-03,EPL,West Ham,Everton,1567.2,1426.77,64.48,64.56,0.745337,H,H,1.0
2022-04-03,Ligue1,Metz,Monaco,1413.38,1598.36,64.23,64.8,0.318411,A,A,1.0
2022-04-03,LaLiga,Ath Bilbao,Elche,1523.32,1444.86,64.2,64.87,0.673559,H,H,1.0
2022-04-03,Bundesliga,Augsburg,Wolfsburg,1417.17,1493.25,65.6,65.01,0.463312,H,A,0.0
2022-04-03,Bundesliga,M'gladbach,Mainz,1485.94,1501.64,64.56,65.27,0.548196,D,H,
2022-04-03,Ligue1,Paris SG,Lorient,1701.4,1438.52,68.05,64.11,0.853828,H,H,1.0
2022-04-03,Ligue1,Lyon,Angers,1593.87,1415.42,64.57,63.64,0.783985,H,H,1.0
2022-04-03,Ligue1,Troyes,Reims,1435.62,1483.3,73.39,63.81,0.503281,H,H,1.0
2022-04-03,SerieA,Atalanta,Napoli,1638.34,1690.37,66.87,67.12,0.497147,A,A,1.0
2022-04-03,SerieA,Udinese,Cagliari,1461.14,1411.8,65.38,65.94,0.636391,H,H,1.0
2022-04-03,SerieA,Fiorentina,Empoli,1522.34,1447.64,64.38,72.94,0.668041,H,H,1.0
2022-04-03,SerieA,Juventus,Inter,1687.55,1730.93,67.05,72.19,0.509292,A,H,0.0
2022-04-03,LaLiga,Betis,Osasuna,1586.73,1495.0,64.1,64.1,0.689867,H,H,1.0
2022-04-03,LaLiga,Granada,Vallecano,1426.07,1450.48,64.09,74.18,0.535783,D,H,
2022-04-03,LaLiga,Valencia,Cadiz,1515.09,1441.37,63.83,64.11,0.667718,D,H,
2022-04-03,LaLiga,Barcelona,Sevilla,1691.76,1666.57,65.78,66.33,0.60432,H,H,1.0
2022-04-03,SerieA,Sampdoria,Roma,1436.1,1584.43,64.51,64.43,0.364805,A,A,1.0
2022-04-03,Ligue1,Montpellier,Brest,1509.0,1459.2,63.23,63.92,0.637148,A,H,0.0
2022-04-04,EPL,Crystal Palace,Arsenal,1472.91,1617.71,64.42,64.57,0.369438,H,A,0.0
2022-04-04,SerieA,Verona,Genoa,1495.1,1414.15,64.25,65.29,0.676585,H,H,1.0
2022-04-04,SerieA,Milan,Bologna,1707.15,1425.69,68.7,64.17,0.866419,D,H,
2022-04-04,LaLiga,Sociedad,Espanol,1586.06,1494.5,64.65,73.65,0.688584,H,H,1.0
2022-04-06,EPL,Burnley,Everton,1401.59,1420.78,65.8,64.57,0.543324,H,H,1.0
2022-04-06,Bundesliga,Augsburg,Mainz,1430.07,1502.79,65.29,64.98,0.468028,H,A,0.0
2022-04-08,LaLiga,Sevilla,Granada,1656.86,1425.25,66.02,63.88,0.830438,H,H,1.0
2022-04-08,EPL,Newcastle,Wolves,1463.08,1515.93,64.63,63.64,0.495974,H,A,0.0
2022-04-08,Bundesliga,Stuttgart,Dortmund,1439.72,1648.08,64.46,65.88,0.290633,A,A,1.0
2022-04-08,Ligue1,Lorient,St Etienne,1435.09,1439.75,64.41,64.16,0.563595,H,H,1.0
2022-04-09,Bundesliga,Bayern Munich,Augsburg,1751.43,1442.74,70.93,65.0,0.88311,H,H,1.0
2022-04-09,Ligue1,Clermont,Paris SG,1402.65,1705.24,73.17,68.21,0.194492,A,A,1.0
2022-04-09,Bundesliga,Greuther Furth,M'gladbach,1337.72,1484.82,82.69,64.33,0.366411,A,A,1.0
2022-04-09,Bundesliga,FC Koln,Mainz,1499.62,1490.23,64.64,64.71,0.58295,H,H,1.0
2022-04-09,LaLiga,Cadiz,Betis,1445.25,1593.9,64.01,64.03,0.364354,A,A,1.0
2022-04-09,LaLiga,Mallorca,Ath Madrid,1386.54,1674.85,73.19,67.77,0.207329,H,A,0.0
2022-04-09,LaLiga,Villarreal,Ath Bilbao,1548.6,1530.89,64.08,64.1,0.59435,D,H,
2022-04-09,Bundesliga,Hertha,Union Berlin,1396.99,1535.54,65.29,64.31,0.377676,A,A,1.0
2022-04-09,Bundesliga,Wolfsburg,Bielefeld,1480.57,1417.48,64.75,65.3,0.654186,H,H,1.0
2022-04-09,Ligue1,Reims,Rennes,1472.03,1580.89,63.62,63.95,0.417732,A,A,1.0
2022-04-09,LaLiga,Real Madrid,Getafe,1750.19,1449.82,69.26,64.75,0.878208,H,H,1.0
2022-04-09,EPL,Watford,Leeds,1352.69,1458.52,76.72,63.8,0.421891,A,A,1.0
2022-04-09,EPL,Everton,Man United,1410.13,1618.61,64.33,65.71,0.290472,H,A,0.0
2022-04-09,EPL,Aston Villa,Tottenham,1480.67,1588.19,63.31,63.98,0.419573,A,A,1.0
2022-04-09,SerieA,Cagliari,Juventus,1402.95,1674.85,65.69,66.66,0.222755,A,A,1.0
2022-04-09,SerieA,Inter,Verona,1745.56,1502.6,71.45,64.15,0.839232,H,H,1.0
2022-04-09,SerieA,Empoli,Spezia,1437.88,1415.71,72.31,65.22,0.600328,D,H,
2022-04-09,EPL,Southampton,Chelsea,1460.62,1648.6,64.57,65.91,0.314862,A,A,1.0
2022-04-09,EPL,Arsenal,Brighton,1602.97,1443.02,64.39,64.21,0.765704,A,H,0.0
2022-04-10,SerieA,Napoli,Fiorentina,1702.83,1530.03,66.72,64.27,0.778446,A,H,0.0
2022-04-10,SerieA,Sassuolo,Atalanta,1543.96,1625.97,64.57,66.48,0.455053,H,A,0.0
2022-04-10,SerieA,Venezia,Udinese,1354.81,1469.84,75.32,65.16,0.409365,A,A,1.0
2022-04-10,SerieA,Roma,Salernitana,1592.93,1321.73,64.27,81.17,0.856987,H,H,1.0
2022-04-10,SerieA,Torino,Milan,1459.98,1697.34,64.52,68.88,0.258527,D,A,
2022-04-10,Ligue1,Bordeaux,Metz,1398.89,1405.99,64.46,64.14,0.560197,H,H,1.0
2022-04-10,Ligue1,Angers,Lille,1410.46,1633.73,63.77,66.3,0.273673,D,A,
2022-04-10,Ligue1,Brest,Nantes,1473.84,1509.51,63.79,63.33,0.520199,D,H,
2022-04-10,Ligue1,Monaco,Troyes,1605.87,1450.38,64.68,72.56,0.76001,H,H,1.0
2022-04-10,Ligue1,Lens,Nice,1520.84,1559.14,63.3,63.55,0.516499,H,H,1.0
2022-04-10,Ligue1,Strasbourg,Lyon,1547.25,1598.96,63.07,64.66,0.49758,D,A,
2022-04-10,Ligue1,Marseille,Montpellier,1597.05,1494.67,63.72,63.13,0.702671,H,H,1.0
2022-04-10,EPL,Man City,Liverpool,1767.54,1729.13,70.28,67.02,0.62194,D,H,
2022-04-10,EPL,Norwich,Burnley,1320.22,1412.63,77.64,65.48,0.440529,H,A,0.0
2022-04-10,EPL,Leicester,Crystal Palace,1544.04,1487.59,64.36,64.25,0.645759,H,H,1.0
2022-04-10,EPL,Brentford,West Ham,1436.01,1573.17,73.15,64.49,0.379537,H,A,0.0
2022-04-10,LaLiga,Osasuna,Alaves,1487.82,1385.53,64.03,65.76,0.702279,H,H,1.0
2022-04-10,LaLiga,Espanol,Celta,1485.16,1511.23,73.02,63.77,0.533702,H,H,1.0
2022-04-10,LaLiga,Elche,Sociedad,1437.14,1593.33,64.73,64.55,0.354609,A,A,1.0
2022-04-10,LaLiga,Levante,Barcelona,1400.17,1701.32,64.8,65.51,0.195369,A,A,1.0
2022-04-10,SerieA,Genoa,Lazio,1406.41,1593.82,65.13,64.75,0.31544,A,A,1.0
2022-04-10,Bundesliga,Bochum,Leverkusen,1473.16,1583.52,74.05,65.09,0.41574,D,A,
2022-04-10,Bundesliga,Ein Frankfurt,Freiburg,1551.81,1533.38,65.35,64.46,0.595297,A,H,0.0
2022-04-10,Bundesliga,RB Leipzig,Hoffenheim,1614.31,1521.7,65.42,64.27,0.690901,H,H,1.0
2022-04-11,LaLiga,Vallecano,Valencia,1451.57,1511.25,73.3,63.74,0.48636,D,A,
2022-04-11,SerieA,Bologna,Sampdoria,1434.25,1427.58,64.51,64.34,0.57923,H,H,1.0
2022-04-15,LaLiga,Sociedad,Betis,1601.62,1602.29,64.39,63.89,0.569137,D,H,
2022-04-15,SerieA,Spezia,Inter,1418.07,1750.19,64.99,71.41,0.170255,A,A,1.0
2022-04-15,SerieA,Milan,Genoa,1690.91,1398.9,68.66,65.0,0.873046,H,H,1.0
2022-04-15,Ligue1,Rennes,Monaco,1590.48,1611.51,63.76,64.72,0.540743,A,H,0.0
2022-04-16,EPL,Southampton,Arsenal,1453.24,1585.03,64.47,64.45,0.386685,H,A,0.0
2022-04-16,Bundesliga,Augsburg,Hertha,1439.92,1387.98,65.37,65.06,0.639847,A,H,0.0
2022-04-16,Bundesliga,Dortmund,Wolfsburg,1655.16,1488.7,65.74,64.59,0.772182,H,H,1.0
2022-04-16,Bundesliga,M'gladbach,FC Koln,1493.26,1509.38,64.19,64.41,0.547635,A,H,0.0
2022-04-16,Bundesliga,Mainz,Stuttgart,1480.45,1432.93,64.49,64.4,0.634134,D,H,
2022-04-16,EPL,Watford,Brentford,1339.05,1454.37,75.68,72.42,0.409405,A,A,1.0
2022-04-16,LaLiga,Getafe,Villarreal,1446.91,1546.43,65.11,63.9,0.430607,A,A,1.0
2022-04-16,LaLiga,Valencia,Osasuna,1510.94,1494.69,63.55,63.98,0.592359,A,H,0.0
2022-04-16,LaLiga,Alaves,Vallecano,1378.3,1451.98,65.62,72.48,0.466847,H,A,0.0
2022-04-16,LaLiga,Elche,Mallorca,1428.81,1410.25,64.56,72.9,0.594956,H,H,1.0
2022-04-16,EPL,Tottenham,Brighton,1597.83,1460.87,63.79,64.28,0.74164,A,H,0.0
2022-04-16,Bundesliga,Freiburg,Bochum,1547.23,1475.7,64.25,73.22,0.664057,H,H,1.0
2022-04-16,EPL,Man United,Norwich,1601.4,1338.68,65.58,76.52,0.851861,H,H,1.0
2022-04-16,SerieA,Lazio,Torino,1601.25,1465.64,64.63,64.53,0.740152,D,H,
2022-04-16,SerieA,Juventus,Bologna,1680.42,1444.06,66.64,64.29,0.834128,D,H,
2022-04-16,SerieA,Udinese,Empoli,1479.51,1434.98,64.92,71.62,0.629633,H,H,1.0
2022-04-16,SerieA,Sampdoria,Salernitana,1417.82,1316.56,64.13,80.81,0.699191,A,H,0.0
2022-04-16,SerieA,Cagliari,Sassuolo,1397.54,1556.67,65.72,64.33,0.350804,H,A,0.0
2022-04-16,Ligue1,St Etienne,Brest,1429.68,1473.38,63.96,63.59,0.508893,H,H,1.0
2022-04-16,Ligue1,Lille,Lens,1628.13,1531.71,66.17,63.12,0.695603,A,H,0.0
2022-04-16,SerieA,Fiorentina,Venezia,1548.19,1342.03,64.37,74.4,0.807693,H,H,1.0
2022-04-17,EPL,Newcastle,Leicester,1474.86,1552.28,64.37,64.21,0.461409,H,A,0.0
2022-04-17,EPL,West Ham,Burnley,1558.79,1399.34,64.32,65.21,0.765069,D,H,
2022-04-17,Ligue1,Lyon,Bordeaux,1598.91,1409.12,64.41,64.23,0.79454,H,H,1.0
2022-04-17,Ligue1,Nantes,Angers,1509.97,1415.65,63.16,63.78,0.693018,D,H,
2022-04-17,Ligue1,Montpellier,Reims,1487.99,1462.54,63.13,63.45,0.60486,D,H,
2022-04-17,Ligue1,Paris SG,Marseille,1710.33,1603.86,68.2,63.68,0.707421,H,H,1.0
2022-04-17,LaLiga,Sevilla,Real Madrid,1661.05,1753.5,66.18,69.46,0.440618,A,A,1.0
2022-04-17,LaLiga,Ath Bilbao,Celta,1533.06,1500.66,63.91,63.58,0.614191,A,H,0.0
2022-04-17,LaLiga,Ath Madrid,Espanol,1654.47,1498.89,67.75,72.22,0.760151,H,H,1.0
2022-04-17,Bundesliga,Bielefeld,Bayern Munich,1409.21,1754.77,65.11,71.1,0.159812,A,A,1.0
2022-04-17,Bundesliga,Hoffenheim,Greuther Furth,1514.52,1324.07,64.19,81.28,0.792537,D,H,
2022-04-17,Bundesliga,Union Berlin,Ein Frankfurt,1544.3,1537.58,64.14,65.09,0.57926,H,H,1.0
2022-04-17,Bundesliga,Leverkusen,RB Leipzig,1581.55,1621.74,64.86,65.28,0.513816,A,H,0.0
2022-04-17,Ligue1,Metz,Clermont,1395.86,1396.83,63.93,72.92,0.568301,D,H,
2022-04-17,Ligue1,Nice,Lorient,1548.19,1445.23,63.36,64.19,0.703232,H,H,1.0
2022-04-17,LaLiga,Granada,Levante,1421.32,1395.52,64.13,64.94,0.605231,A,H,0.0
2022-04-17,Ligue1,Troyes,Strasbourg,1443.36,1547.3,72.19,62.91,0.424453,D,A,
2022-04-18,SerieA,Napoli,Roma,1683.3,1596.25,66.7,64.59,0.684131,D,H,
2022-04-18,SerieA,Atalanta,Verona,1612.53,1498.83,66.12,64.41,0.715704,A,H,0.0
2022-04-18,LaLiga,Barcelona,Cadiz,1706.06,1436.86,65.61,63.87,0.85825,A,H,0.0
2022-04-19,LaLiga,Villarreal,Valencia,1556.28,1497.51,63.71,63.39,0.648818,H,H,1.0
2022-04-19,LaLiga,Mallorca,Alaves,1398.37,1391.07,72.16,65.32,0.580061,H,H,1.0
2022-04-19,EPL,Liverpool,Man United,1732.17,1604.99,66.7,65.83,0.730744,H,H,1.0
2022-04-19,LaLiga,Betis,Elche,1603.87,1438.22,63.7,64.36,0.77141,A,H,0.0
2022-04-20,EPL,Everton,Leicester,1426.65,1539.84,64.28,63.99,0.411808,D,A,
2022-04-20,Ligue1,Strasbourg,Rennes,1545.64,1578.15,62.79,63.57,0.524648,H,H,1.0
2022-04-20,Ligue1,Marseille,Nantes,1597.17,1505.63,63.67,63.14,0.689742,H,H,1.0
2022-04-20,Ligue1,Lens,Montpellier,1547.32,1485.64,63.12,63.01,0.652579,H,H,1.0
2022-04-20,LaLiga,Celta,Getafe,1514.61,1436.69,63.44,64.84,0.672873,A,H,0.0
2022-04-20,LaLiga,Ath Madrid,Granada,1660.62,1407.36,67.64,63.95,0.846946,D,H,
2022-04-20,EPL,Man City,Brighton,1764.2,1478.17,69.75,64.29,0.869361,H,H,1.0
2022-04-20,EPL,Newcastle,Crystal Palace,1487.36,1479.38,64.14,64.11,0.581044,H,H,1.0
2022-04-20,Ligue1,Lorient,Metz,1438.35,1394.3,64.13,63.75,0.629633,H,H,1.0
2022-04-20,Ligue1,Bordeaux,St Etienne,1404.32,1440.94,64.36,63.74,0.518863,D,H,
2022-04-20,EPL,Chelsea,Arsenal,1656.27,1570.75,65.73,64.26,0.682306,A,H,0.0
2022-04-20,Ligue1,Monaco,Nice,1624.19,1554.9,64.47,63.35,0.662216,H,H,1.0
2022-04-20,Ligue1,Reims,Lille,1464.91,1611.03,63.31,66.0,0.367825,H,A,0.0
2022-04-20,LaLiga,Osasuna,Real Madrid,1508.3,1765.29,63.8,68.92,0.237938,A,A,1.0
2022-04-20,SerieA,Udinese,Salernitana,1488.22,1341.71,64.73,79.73,0.749638,A,H,0.0
2022-04-20,Ligue1,Angers,Paris SG,1420.07,1717.95,63.73,67.93,0.198637,A,A,1.0
2022-04-20,Ligue1,Brest,Lyon,1462.24,1603.73,63.4,64.53,0.373797,H,A,0.0
2022-04-20,Ligue1,Troyes,Clermont,1445.54,1398.85,71.47,72.15,0.632398,A,H,0.0
2022-04-21,EPL,Burnley,Southampton,1405.71,1467.53,65.23,64.28,0.483328,H,A,0.0
2022-04-21,LaLiga,Sociedad,Barcelona,1600.02,1685.05,64.17,65.88,0.450812,A,A,1.0
2022-04-21,LaLiga,Cadiz,Ath Bilbao,1456.79,1518.97,64.19,63.75,0.482819,A,A,1.0
2022-04-21,LaLiga,Levante,Sevilla,1409.82,1650.31,64.71,65.85,0.25477,A,A,1.0
2022-04-21,LaLiga,Espanol,Vallecano,1491.93,1436.52,71.87,71.72,0.643748,A,H,0.0
2022-04-22,Bundesliga,Wolfsburg,Mainz,1483.33,1477.32,64.65,64.32,0.578332,H,H,1.0
2022-04-23,Ligue1,Lyon,Montpellier,1589.1,1477.87,64.35,62.95,0.713029,H,H,1.0
2022-04-23,Bundesliga,Freiburg,M'gladbach,1554.98,1480.62,64.14,63.97,0.668534,D,H,
2022-04-23,Bundesliga,Greuther Furth,Leverkusen,1334.87,1569.46,80.56,64.59,0.260969,A,A,1.0
2022-04-23,Ligue1,Paris SG,Lens,1723.1,1555.11,67.92,63.04,0.773904,D,H,
2022-04-23,SerieA,Verona,Sampdoria,1515.53,1401.81,64.37,64.09,0.715769,D,H,
2022-04-23,SerieA,Inter,Roma,1755.05,1600.56,71.34,64.48,0.760099,H,H,1.0
2022-04-23,EPL,Norwich,Newcastle,1333.87,1497.02,76.33,63.94,0.345625,A,A,1.0
2022-04-23,EPL,Man City,Watford,1767.8,1326.22,69.9,74.76,0.940103,H,H,1.0
2022-04-23,EPL,Leicester,Aston Villa,1537.82,1471.22,63.81,63.16,0.658829,D,H,
2022-04-23,EPL,Arsenal,Man United,1586.58,1598.43,64.17,65.75,0.553538,H,H,1.0
2022-04-23,Bundesliga,Ein Frankfurt,Hoffenheim,1527.61,1507.77,64.84,64.34,0.597216,D,H,
2022-04-23,Bundesliga,FC Koln,Bielefeld,1522.1,1405.38,64.18,65.34,0.719047,H,H,1.0
2022-04-23,Ligue1,St Etienne,Monaco,1441.37,1632.08,63.54,64.33,0.311395,A,A,1.0
2022-04-23,SerieA,Venezia,Atalanta,1336.12,1594.96,74.1,65.99,0.235658,A,A,1.0
2022-04-23,SerieA,Torino,Spezia,1471.28,1414.01,64.52,65.19,0.646721,H,H,1.0
2022-04-23,EPL,Brentford,Tottenham,1466.16,1580.79,71.73,63.83,0.409843,D,A,
2022-04-23,Bundesliga,RB Leipzig,Union Berlin,1633.97,1554.0,64.99,63.95,0.675518,A,H,0.0
2022-04-23,Bundesliga,Bayern Munich,Dortmund,1759.29,1660.72,71.08,65.75,0.697879,H,H,1.0
2022-04-24,EPL,Brighton,Southampton,1475.08,1455.59,64.64,64.05,0.596768,D,H,
2022-04-24,Bundesliga,Hertha,Stuttgart,1403.15,1436.05,64.87,64.24,0.524094,H,H,1.0
2022-04-24,EPL,Liverpool,Everton,1738.89,1428.69,66.57,64.08,0.884105,H,H,1.0
2022-04-24,Bundesliga,Bochum,Augsburg,1465.75,1424.6,72.56,65.16,0.625704,A,H,0.0
2022-04-24,LaLiga,Barcelona,Vallecano,1695.98,1454.8,65.55,71.13,0.836853,A,H,0.0
2022-04-24,EPL,Burnley,Wolves,1417.99,1504.49,64.94,63.45,0.448697,H,A,0.0
2022-04-24,SerieA,Salernitana,Fiorentina,1368.1,1552.68,78.91,64.54,0.318881,H,A,0.0
2022-04-24,Ligue1,Rennes,Lorient,1567.37,1446.9,63.38,63.98,0.723461,H,H,1.0
2022-04-24,Ligue1,Lille,Strasbourg,1595.61,1556.17,65.74,62.65,0.623626,H,H,1.0
2022-04-24,Ligue1,Nice,Troyes,1547.27,1427.7,63.28,70.89,0.72158,H,H,1.0
2022-04-24,Ligue1,Clermont,Angers,1417.01,1415.51,71.52,63.91,0.572136,D,H,
2022-04-24,Ligue1,Nantes,Bordeaux,1498.65,1403.88,63.12,64.13,0.693517,H,H,1.0
2022-04-24,SerieA,Bologna,Udinese,1451.88,1470.68,64.53,64.76,0.543874,D,H,
2022-04-24,EPL,Chelsea,West Ham,1639.73,1552.6,65.56,64.38,0.684258,H,H,1.0
2022-04-24,Ligue1,Metz,Brest,1385.84,1476.38,63.62,63.28,0.443049,A,A,1.0
2022-04-24,Ligue1,Reims,Marseille,1479.14,1604.26,63.21,63.62,0.395595,A,A,1.0
2022-04-24,SerieA,Lazio,Milan,1595.6,1694.3,64.63,68.86,0.431949,A,A,1.0
2022-04-24,SerieA,Genoa,Cagliari,1395.84,1413.24,65.33,65.49,0.5458,H,H,1.0
2022-04-24,SerieA,Empoli,Napoli,1424.47,1678.71,71.0,66.47,0.240417,H,A,0.0
2022-04-25,SerieA,Sassuolo,Juventus,1541.6,1672.02,64.19,66.78,0.388676,A,A,1.0
2022-04-25,EPL,Crystal Palace,Leeds,1469.73,1468.09,63.91,63.64,0.572326,D,H,
2022-04-27,SerieA,Bologna,Inter,1450.86,1761.87,64.29,71.03,0.187595,H,A,0.0
2022-04-27,SerieA,Atalanta,Torino,1600.73,1479.53,65.97,64.37,0.724243,D,H,
2022-04-27,SerieA,Fiorentina,Udinese,1536.92,1471.71,64.44,64.5,0.656945,A,H,0.0
2022-04-28,EPL,Man United,Chelsea,1587.65,1647.35,65.44,65.4,0.486335,D,A,
2022-04-29,Bundesliga,Union Berlin,Greuther Furth,1569.53,1325.54,63.86,79.63,0.837636,D,H,
2022-04-29,Ligue1,Strasbourg,Paris SG,1547.86,1715.99,62.58,67.83,0.339663,D,A,
2022-04-29,LaLiga,Sevilla,Cadiz,1656.52,1445.64,65.79,63.96,0.813319,D,H,
2022-04-30,Ligue1,Lens,Nantes,1561.25,1505.54,63.19,63.1,0.644897,D,H,
2022-04-30,SerieA,Spezia,Lazio,1405.6,1585.52,65.0,64.4,0.324588,A,A,1.0
2022-04-30,SerieA,Sampdoria,Genoa,1406.8,1406.67,64.06,65.04,0.570192,H,H,1.0
2022-04-30,SerieA,Napoli,Sassuolo,1659.91,1532.63,66.42,64.02,0.731073,H,H,1.0
2022-04-30,EPL,Newcastle,Liverpool,1504.93,1741.82,63.84,66.88,0.258769,A,A,1.0
2022-04-30,EPL,Aston Villa,Norwich,1474.79,1322.77,63.1,75.44,0.75601,H,H,1.0
2022-04-30,EPL,Southampton,Crystal Palace,1457.81,1468.07,63.87,63.72,0.555827,A,H,0.0
2022-04-30,EPL,Watford,Burnley,1324.33,1431.01,75.1,64.68,0.420776,A,A,1.0
2022-04-30,EPL,Wolves,Brighton,1492.04,1472.81,63.28,64.42,0.596388,A,H,0.0
2022-04-30,SerieA,Cagliari,Verona,1402.36,1510.5,65.2,64.33,0.418751,A,A,1.0
2022-04-30,EPL,Leeds,Man City,1469.73,1769.46,63.46,70.36,0.197342,A,A,1.0
2022-04-30,Bundesliga,Hoffenheim,Freiburg,1510.03,1551.09,64.14,64.04,0.512609,A,H,0.0
2022-04-30,Bundesliga,Stuttgart,Wolfsburg,1425.06,1493.2,64.01,64.42,0.474435,D,A,
2022-04-30,Bundesliga,Mainz,Bayern Munich,1467.55,1767.78,64.11,70.63,0.196927,H,A,0.0
2022-04-30,Bundesliga,Dortmund,Bochum,1653.4,1447.53,65.61,71.88,0.807838,A,H,0.0
2022-04-30,Bundesliga,Bielefeld,Hertha,1398.63,1414.35,65.25,64.6,0.548179,D,H,
2022-04-30,Bundesliga,Augsburg,FC Koln,1439.4,1528.62,64.95,64.16,0.444914,A,A,1.0
2022-04-30,LaLiga,Alaves,Villarreal,1381.08,1564.3,65.06,63.6,0.320452,H,A,0.0
2022-04-30,LaLiga,Real Madrid,Espanol,1771.62,1473.57,68.75,71.28,0.875894,H,H,1.0
2022-04-30,LaLiga,Valencia,Levante,1489.57,1403.81,63.3,64.71,0.682549,D,H,
2022-04-30,LaLiga,Ath Bilbao,Ath Madrid,1529.97,1651.63,63.55,67.78,0.400528,H,A,0.0
2022-04-30,Ligue1,Rennes,St Etienne,1573.65,1434.29,63.4,63.5,0.74432,H,H,1.0
2022-05-01,SerieA,Empoli,Torino,1445.86,1484.75,70.72,64.34,0.515659,A,H,0.0
2022-05-01,SerieA,Juventus,Venezia,1681.69,1328.92,66.45,73.66,0.905312,H,H,1.0
2022-05-01,LaLiga,Elche,Osasuna,1456.29,1502.84,64.43,63.88,0.50487,D,H,
2022-05-01,EPL,Everton,Chelsea,1425.97,1647.02,64.48,65.1,0.276023,H,A,0.0
2022-05-01,LaLiga,Vallecano,Sociedad,1478.67,1589.63,71.1,63.96,0.414861,D,A,
2022-05-01,LaLiga,Barcelona,Mallorca,1675.66,1410.46,65.76,71.45,0.854398,H,H,1.0
2022-05-01,EPL,Tottenham,Leicester,1578.75,1534.18,63.66,63.71,0.630315,H,H,1.0
2022-05-01,EPL,West Ham,Arsenal,1545.24,1596.87,64.28,63.96,0.497707,A,A,1.0
2022-05-01,SerieA,Udinese,Inter,1487.06,1738.8,64.36,70.91,0.243609,A,A,1.0
2022-05-01,SerieA,Roma,Bologna,1594.93,1469.83,64.53,64.47,0.728597,D,H,
2022-05-01,LaLiga,Granada,Celta,1415.41,1499.36,64.24,63.38,0.452237,D,A,
2022-05-01,SerieA,Milan,Fiorentina,1705.68,1521.6,68.36,64.31,0.789228,H,H,1.0
2022-05-01,Ligue1,Montpellier,Metz,1471.44,1375.78,62.97,63.43,0.694662,D,H,
2022-05-01,Ligue1,Troyes,Lille,1419.92,1604.72,70.5,65.48,0.318702,H,A,0.0
2022-05-01,Ligue1,Marseille,Lyon,1613.25,1595.8,63.47,64.3,0.593983,A,H,0.0
2022-05-01,Ligue1,Bordeaux,Nice,1396.79,1553.54,64.06,63.32,0.353776,A,A,1.0
2022-05-01,Ligue1,Brest,Clermont,1486.34,1414.97,63.12,70.85,0.664111,H,H,1.0
2022-05-01,Ligue1,Monaco,Angers,1639.33,1417.14,64.24,63.73,0.822842,H,H,1.0
2022-05-01,Ligue1,Lorient,Reims,1440.52,1470.26,63.97,63.08,0.528555,A,H,0.0
2022-05-02,Bundesliga,M'gladbach,RB Leipzig,1484.5,1617.95,63.88,64.85,0.384498,H,A,0.0
2022-05-02,Bundesliga,Leverkusen,Ein Frankfurt,1575.59,1525.32,64.6,64.61,0.637706,H,H,1.0
2022-05-02,SerieA,Atalanta,Salernitana,1595.25,1391.41,65.86,77.91,0.805098,D,H,
2022-05-02,LaLiga,Getafe,Betis,1452.59,1586.16,64.7,63.8,0.384266,D,A,
2022-05-02,EPL,Man United,Brentford,1587.97,1468.73,65.14,71.06,0.721193,H,H,1.0
2022-05-05,SerieA,Salernitana,Venezia,1401.78,1326.04,77.43,73.85,0.66924,H,H,1.0
2022-05-06,Ligue1,Lille,Monaco,1588.4,1643.48,65.33,64.45,0.492837,A,A,1.0
2022-05-06,SerieA,Genoa,Juventus,1396.49,1684.07,64.78,66.86,0.207873,H,A,0.0
2022-05-06,SerieA,Inter,Empoli,1745.63,1431.58,70.62,70.07,0.885507,H,H,1.0
2022-05-06,LaLiga,Levante,Sociedad,1408.11,1587.69,64.59,63.78,0.324956,H,A,0.0
2022-05-06,Bundesliga,Bochum,Bielefeld,1470.97,1397.49,71.71,64.97,0.667336,H,H,1.0
2022-05-07,SerieA,Lazio,Sampdoria,1593.09,1416.69,64.29,63.86,0.78199,H,H,1.0
2022-05-07,EPL,Chelsea,Wolves,1629.75,1478.63,65.04,63.14,0.756789,D,H,
2022-05-07,EPL,Brighton,Man United,1486.7,1594.6,64.22,65.07,0.419106,H,A,0.0
2022-05-07,EPL,Liverpool,Tottenham,1748.32,1587.17,66.76,63.54,0.767008,D,H,
2022-05-07,Ligue1,Brest,Strasbourg,1493.85,1551.39,63.07,62.55,0.489359,A,A,1.0
2022-05-07,EPL,Brentford,Southampton,1460.9,1445.1,70.66,63.67,0.591772,H,H,1.0
2022-05-07,EPL,Burnley,Aston Villa,1440.81,1480.25,64.46,63.21,0.514901,A,H,0.0
2022-05-07,EPL,Crystal Palace,Watford,1480.73,1311.27,63.53,74.19,0.773756,H,H,1.0
2022-05-07,LaLiga,Cadiz,Elche,1452.9,1456.18,64.16,64.19,0.565514,H,H,1.0
2022-05-07,Bundesliga,Hertha,Mainz,1415.48,1486.18,64.36,64.28,0.470838,A,A,1.0
2022-05-07,Bundesliga,Hoffenheim,Leverkusen,1498.21,1584.07,63.92,64.42,0.44962,A,A,1.0
2022-05-07,Bundesliga,Greuther Furth,Dortmund,1337.58,1633.81,79.23,65.73,0.1998,A,A,1.0
2022-05-07,Bundesliga,Freiburg,Union Berlin,1562.86,1561.78,63.82,64.14,0.571546,A,H,0.0
2022-05-07,Bundesliga,FC Koln,Wolfsburg,1538.88,1492.61,63.94,64.18,0.632511,A,H,0.0
2022-05-07,SerieA,Torino,Napoli,1496.66,1666.57,64.12,66.3,0.337266,A,A,1.0
2022-05-07,LaLiga,Mallorca,Granada,1406.29,1416.51,71.48,64.02,0.555865,A,H,0.0
2022-05-07,LaLiga,Ath Bilbao,Valencia,1543.54,1485.45,63.41,63.26,0.647947,D,H,
2022-05-07,SerieA,Sassuolo,Udinese,1526.41,1481.38,64.02,64.41,0.630867,D,H,
2022-05-07,LaLiga,Celta,Alaves,1498.29,1397.24,63.21,64.92,0.700902,H,H,1.0
2022-05-07,LaLiga,Betis,Barcelona,1583.52,1679.22,63.65,66.0,0.43598,A,A,1.0
2022-05-08,Ligue1,Lorient,Marseille,1428.39,1599.82,63.76,63.32,0.335077,A,A,1.0
2022-05-08,Ligue1,Reims,Lens,1482.06,1557.99,62.92,63.1,0.46348,A,A,1.0
2022-05-08,Ligue1,Clermont,Montpellier,1405.61,1467.09,70.34,62.97,0.483809,H,A,0.0
2022-05-08,EPL,Man City,Newcastle,1774.93,1498.98,70.24,63.88,0.862816,H,H,1.0
2022-05-08,Ligue1,Metz,Lyon,1380.2,1609.57,63.4,64.1,0.266624,H,A,0.0
2022-05-08,LaLiga,Ath Madrid,Real Madrid,1636.27,1774.93,67.38,68.97,0.377873,H,A,0.0
2022-05-08,Ligue1,Angers,Bordeaux,1413.06,1388.63,63.96,63.92,0.603454,H,H,1.0
2022-05-08,Ligue1,Paris SG,Troyes,1711.85,1438.76,67.5,70.05,0.860029,D,H,
2022-05-08,EPL,Leicester,Everton,1525.75,1442.93,63.58,64.45,0.678978,A,H,0.0
2022-05-08,EPL,Norwich,West Ham,1315.1,1533.72,74.9,64.05,0.278643,A,A,1.0
2022-05-08,Bundesliga,Ein Frankfurt,M'gladbach,1516.84,1498.59,64.44,63.72,0.595086,D,H,
2022-05-08,EPL,Arsenal,Leeds,1608.28,1465.24,63.74,63.66,0.748229,H,H,1.0
2022-05-08,LaLiga,Espanol,Osasuna,1470.03,1502.95,71.4,63.67,0.524073,D,H,
2022-05-08,LaLiga,Villarreal,Sevilla,1548.83,1648.84,63.54,65.91,0.430018,D,A,
2022-05-08,LaLiga,Getafe,Vallecano,1455.31,1481.05,64.5,70.47,0.534016,D,H,
2022-05-08,SerieA,Verona,Milan,1520.2,1711.22,64.12,68.29,0.311448,A,A,1.0
2022-05-08,SerieA,Salernitana,Cagliari,1412.64,1392.4,76.52,64.94,0.597724,D,H,
2022-05-08,SerieA,Venezia,Bologna,1316.12,1475.18,73.18,64.45,0.350908,H,A,0.0
2022-05-08,SerieA,Spezia,Atalanta,1397.9,1587.83,64.85,65.97,0.312509,A,A,1.0
2022-05-08,Bundesliga,RB Leipzig,Augsburg,1603.44,1428.89,64.64,64.69,0.780088,H,H,1.0
2022-05-08,Bundesliga,Bayern Munich,Stuttgart,1745.24,1425.64,70.5,63.8,0.889464,D,H,
2022-05-09,SerieA,Fiorentina,Roma,1516.66,1589.56,64.43,64.5,0.467754,H,A,0.0
2022-05-10,LaLiga,Granada,Ath Bilbao,1429.22,1540.19,63.82,63.31,0.414812,H,A,0.0
2022-05-10,EPL,Aston Villa,Liverpool,1491.79,1741.61,63.04,66.71,0.245024,A,A,1.0
2022-05-10,LaLiga,Valencia,Betis,1488.78,1573.62,63.17,63.48,0.451009,A,A,1.0
2022-05-10,LaLiga,Barcelona,Celta,1689.83,1505.02,65.68,63.21,0.790053,H,H,1.0
2022-05-11,LaLiga,Elche,Ath Madrid,1446.14,1651.99,63.98,67.03,0.293705,A,A,1.0
2022-05-11,EPL,Wolves,Man City,1484.42,1778.76,63.24,70.34,0.202177,A,A,1.0
2022-05-11,LaLiga,Alaves,Espanol,1390.15,1469.35,64.82,70.71,0.459099,H,A,0.0
2022-05-11,LaLiga,Osasuna,Getafe,1503.49,1454.52,63.49,64.27,0.636041,D,H,
2022-05-11,LaLiga,Sevilla,Mallorca,1647.14,1390.57,65.59,70.79,0.848364,D,H,
2022-05-11,EPL,Leicester,Norwich,1510.3,1306.43,63.52,74.27,0.805713,H,H,1.0
2022-05-11,EPL,Leeds,Chelsea,1459.47,1623.62,63.71,65.04,0.344458,A,A,1.0
2022-05-11,EPL,Watford,Everton,1304.37,1458.79,73.78,64.35,0.35688,D,A,
2022-05-11,Ligue1,Nantes,Rennes,1508.78,1579.46,63.02,63.46,0.470868,H,A,0.0
2022-05-11,Ligue1,Nice,St Etienne,1561.52,1428.46,63.23,63.56,0.737492,H,H,1.0
2022-05-12,EPL,Tottenham,Arsenal,1593.25,1614.06,63.64,63.8,0.541079,H,H,1.0
2022-05-12,LaLiga,Real Madrid,Levante,1758.49,1423.94,68.52,64.47,0.897401,H,H,1.0
2022-05-12,LaLiga,Vallecano,Villarreal,1481.99,1550.42,69.85,63.37,0.474025,A,A,1.0
2022-05-12,LaLiga,Sociedad,Cadiz,1572.24,1462.93,63.7,63.95,0.710699,H,H,1.0
2022-05-14,Ligue1,Monaco,Brest,1654.93,1482.91,64.21,62.91,0.777874,H,H,1.0
2022-05-14,Ligue1,Nice,Lille,1567.45,1576.65,63.28,65.03,0.557262,A,H,0.0
2022-05-14,Ligue1,Rennes,Marseille,1567.5,1607.38,63.28,63.25,0.514264,H,H,1.0
2022-05-14,Ligue1,St Etienne,Reims,1422.47,1471.76,63.6,62.78,0.501008,A,H,0.0
2022-05-14,Ligue1,Strasbourg,Clermont,1562.15,1419.77,62.42,69.72,0.746731,H,H,1.0
2022-05-14,Ligue1,Montpellier,Paris SG,1455.64,1702.58,62.82,67.7,0.248175,A,A,1.0
2022-05-14,Ligue1,Metz,Angers,1396.85,1422.16,63.44,63.79,0.534774,H,H,1.0
2022-05-14,Bundesliga,Bielefeld,RB Leipzig,1389.63,1608.63,64.82,64.72,0.278282,D,A,
2022-05-14,Ligue1,Troyes,Lens,1448.75,1568.36,70.16,62.94,0.40301,A,A,1.0
2022-05-14,Ligue1,Bordeaux,Lorient,1379.54,1420.72,63.76,63.67,0.512427,D,H,
2022-05-14,SerieA,Roma,Venezia,1577.17,1335.36,64.26,72.5,0.837125,D,H,
2022-05-14,SerieA,Verona,Torino,1513.02,1488.88,64.05,64.0,0.603064,A,H,0.0
2022-05-14,SerieA,Udinese,Spezia,1484.43,1390.52,64.24,64.74,0.692423,A,H,0.0
2022-05-14,SerieA,Empoli,Salernitana,1428.4,1409.49,70.28,75.52,0.595257,D,H,
2022-05-14,Ligue1,Lyon,Nantes,1592.56,1520.59,64.11,62.87,0.665649,H,H,1.0
2022-05-14,Bundesliga,Augsburg,Greuther Furth,1423.69,1330.62,64.77,78.64,0.689779,H,H,1.0
2022-05-14,LaLiga,Espanol,Valencia,1454.37,1478.67,70.07,63.02,0.536193,D,H,
2022-05-14,Bundesliga,Dortmund,Hertha,1638.7,1404.56,65.82,64.13,0.832405,H,H,1.0
2022-05-14,Bundesliga,Mainz,Ein Frankfurt,1497.08,1514.62,64.05,64.24,0.545639,D,H,
2022-05-14,Bundesliga,M'gladbach,Hoffenheim,1500.76,1487.92,63.56,63.72,0.587726,H,H,1.0
2022-05-14,Bundesliga,Stuttgart,FC Koln,1434.65,1524.35,64.22,63.8,0.444229,H,A,0.0
2022-05-14,Bundesliga,Union Berlin,Bochum,1574.96,1480.46,63.93,71.16,0.692396,H,H,1.0
2022-05-14,Bundesliga,Wolfsburg,Bayern Munich,1507.24,1734.26,64.03,70.7,0.270067,D,A,
2022-05-14,Bundesliga,Leverkusen,Freiburg,1594.52,1549.81,64.19,63.64,0.630512,H,H,1.0
2022-05-15,SerieA,Bologna,Sassuolo,1460.15,1523.4,64.31,63.88,0.481319,A,A,1.0
2022-05-15,SerieA,Napoli,Genoa,1674.87,1415.28,66.07,64.89,0.851392,H,H,1.0
2022-05-15,SerieA,Milan,Atalanta,1719.33,1595.45,67.99,65.79,0.72707,H,H,1.0
2022-05-15,SerieA,Cagliari,Inter,1394.67,1748.86,64.72,70.81,0.153371,A,A,1.0
2022-05-15,EPL,Tottenham,Burnley,1603.67,1428.83,63.45,64.22,0.780441,H,H,1.0
2022-05-15,EPL,Leeds,Brighton,1451.62,1500.12,63.61,64.02,0.50211,D,H,
2022-05-15,EPL,Watford,Leicester,1308.68,1514.72,73.04,63.72,0.29309,A,A,1.0
2022-05-15,EPL,West Ham,Man City,1540.16,1784.35,64.05,70.21,0.251406,D,A,
2022-05-15,EPL,Aston Villa,Crystal Palace,1486.29,1485.86,63.15,63.66,0.570652,D,H,
2022-05-15,EPL,Everton,Brentford,1455.5,1472.21,64.21,70.07,0.546636,A,H,0.0
2022-05-15,LaLiga,Villarreal,Sociedad,1561.06,1578.86,63.21,63.69,0.545296,A,H,0.0
2022-05-15,LaLiga,Ath Bilbao,Osasuna,1527.02,1500.41,63.17,63.38,0.606431,H,H,1.0
2022-05-15,LaLiga,Mallorca,Vallecano,1400.44,1469.16,70.82,69.26,0.473717,H,A,0.0
2022-05-15,LaLiga,Levante,Alaves,1421.5,1402.82,64.9,64.57,0.595631,H,H,1.0
2022-05-15,LaLiga,Ath Madrid,Sevilla,1659.38,1638.66,66.83,65.83,0.598316,D,H,
2022-05-15,LaLiga,Betis,Granada,1583.82,1442.6,63.3,63.65,0.7463,H,H,1.0
2022-05-15,LaLiga,Cadiz,Real Madrid,1456.26,1761.23,63.92,68.82,0.19249,D,A,
2022-05-15,EPL,Wolves,Norwich,1479.85,1300.48,63.44,73.98,0.783363,D,H,
2022-05-15,LaLiga,Celta,Elche,1500.27,1439.38,63.38,63.94,0.651478,H,H,1.0
2022-05-15,LaLiga,Getafe,Barcelona,1457.68,1694.95,64.11,65.74,0.258207,D,A,
2022-05-16,EPL,Newcastle,Arsenal,1495.78,1603.58,64.22,63.6,0.41918,H,A,0.0
2022-05-16,SerieA,Juventus,Lazio,1664.09,1598.19,66.87,64.39,0.657838,D,H,
2022-05-16,SerieA,Sampdoria,Fiorentina,1411.65,1529.03,63.98,64.19,0.406112,H,A,0.0
2022-05-17,EPL,Southampton,Liverpool,1435.84,1747.74,63.52,66.63,0.186181,A,A,1.0
2022-05-19,EPL,Chelsea,Leicester,1631.79,1521.42,64.87,63.71,0.711954,D,H,
2022-05-19,EPL,Aston Villa,Burnley,1484.7,1423.7,63.0,64.32,0.651594,D,H,
2022-05-19,EPL,Everton,Crystal Palace,1442.92,1487.47,64.0,63.48,0.507692,H,H,1.0
2022-05-20,SerieA,Torino,Roma,1502.74,1569.3,63.83,64.51,0.476667,A,A,1.0
2022-05-20,LaLiga,Vallecano,Levante,1455.2,1431.04,68.73,64.67,0.603048,A,H,0.0
2022-05-20,LaLiga,Real Madrid,Betis,1753.0,1589.57,68.79,63.37,0.769322,D,H,
2022-05-21,LaLiga,Valencia,Celta,1479.48,1508.14,62.87,63.29,0.530065,H,H,1.0
2022-05-21,SerieA,Atalanta,Empoli,1588.82,1425.81,65.7,69.73,0.768026,A,H,0.0
2022-05-21,SerieA,Fiorentina,Juventus,1515.31,1660.14,64.0,66.59,0.369559,H,A,0.0
2022-05-21,SerieA,Lazio,Verona,1601.85,1499.14,64.26,63.88,0.70299,D,H,
2022-05-21,Ligue1,Angers,Montpellier,1411.54,1450.11,63.59,62.93,0.516124,H,H,1.0
2022-05-21,Ligue1,Clermont,Lyon,1412.9,1600.29,69.46,64.0,0.315386,A,A,1.0
2022-05-21,Ligue1,Lens,Monaco,1577.31,1660.12,62.83,64.31,0.453864,D,A,
2022-05-21,Ligue1,Lorient,Troyes,1421.01,1437.73,63.47,69.6,0.546627,D,H,
2022-05-21,Ligue1,Marseille,Strasbourg,1596.48,1567.72,63.08,62.54,0.609375,H,H,1.0
2022-05-21,Ligue1,Nantes,St Etienne,1513.14,1411.1,62.83,63.4,0.702244,D,H,
2022-05-21,Ligue1,Paris SG,Metz,1708.96,1407.36,67.56,63.27,0.879147,H,H,1.0
2022-05-21,Ligue1,Reims,Nice,1482.85,1554.93,62.63,63.13,0.468871,A,A,1.0
2022-05-21,SerieA,Genoa,Bologna,1411.72,1449.0,65.16,64.08,0.51793,A,H,0.0
2022-05-21,Ligue1,Brest,Bordeaux,1477.93,1379.25,63.07,63.55,0.698242,A,H,0.0
2022-05-21,Ligue1,Lille,Rennes,1589.84,1578.41,64.77,63.11,0.585818,D,H,
2022-05-22,SerieA,Venezia,Cagliari,1345.37,1391.04,72.41,64.98,0.506111,D,H,
2022-05-22,LaLiga,Granada,Espanol,1436.79,1453.38,63.7,69.48,0.546809,D,H,
2022-05-22,LaLiga,Osasuna,Mallorca,1491.52,1415.02,63.24,70.18,0.670581,A,H,0.0
2022-05-22,LaLiga,Barcelona,Villarreal,1689.06,1548.83,65.68,63.05,0.74531,A,H,0.0
2022-05-22,LaLiga,Sevilla,Ath Bilbao,1641.04,1535.84,65.55,63.05,0.705996,H,H,1.0
2022-05-22,LaLiga,Sociedad,Ath Madrid,1591.27,1656.93,63.5,66.49,0.477971,A,A,1.0
2022-05-22,EPL,Burnley,Newcastle,1427.23,1509.21,64.18,64.02,0.455016,A,A,1.0
2022-05-22,SerieA,Salernitana,Udinese,1412.48,1468.36,74.61,64.16,0.491721,A,A,1.0
2022-05-22,SerieA,Sassuolo,Milan,1534.4,1726.4,63.67,67.78,0.310217,A,A,1.0
2022-05-22,LaLiga,Alaves,Cadiz,1393.38,1463.37,64.36,64.11,0.471843,A,A,1.0
2022-05-22,SerieA,Inter,Sampdoria,1753.17,1425.29,70.83,63.81,0.893973,H,H,1.0
2022-05-22,EPL,Norwich,Tottenham,1309.19,1608.68,73.61,63.59,0.196584,A,A,1.0
2022-05-22,EPL,Man City,Aston Villa,1777.47,1481.32,69.93,62.94,0.875886,H,H,1.0
2022-05-22,EPL,Liverpool,Wolves,1752.4,1473.42,66.71,63.59,0.864869,H,H,1.0
2022-05-22,EPL,Leicester,Southampton,1526.26,1431.58,63.69,63.74,0.693456,H,H,1.0
2022-05-22,EPL,Crystal Palace,Man United,1476.34,1580.84,63.3,64.82,0.423787,H,A,0.0
2022-05-22,EPL,Arsenal,Everton,1590.4,1454.22,63.43,63.78,0.740855,H,H,1.0
2022-05-22,EPL,Brentford,Leeds,1487.1,1451.57,69.48,63.42,0.618376,A,H,0.0
2022-05-22,EPL,Brighton,West Ham,1500.17,1545.89,63.8,64.09,0.506027,H,H,1.0
2022-05-22,SerieA,Spezia,Napoli,1406.84,1678.56,64.64,66.29,0.222877,A,A,1.0
2022-05-22,LaLiga,Elche,Getafe,1431.37,1463.28,63.82,64.13,0.525488,H,H,1.0
2022-05-22,EPL,Chelsea,Watford,1626.77,1299.99,64.79,72.49,0.89223,H,H,1.0
2022-08-05,EPL,Crystal Palace,Arsenal,1489.3,1596.29,65.26,65.59,0.42038,A,A,1.0
2022-08-05,Ligue1,Lyon,Ajaccio,1607.55,1500.0,66.04,200.0,0.682591,H,H,1.0
2022-08-05,Bundesliga,Ein Frankfurt,Bayern Munich,1515.68,1727.82,66.32,72.45,0.28708,A,A,1.0
2022-08-06,Bundesliga,Augsburg,Freiburg,1430.94,1541.4,66.99,65.86,0.415648,A,A,1.0
2022-08-06,EPL,Bournemouth,Aston Villa,1500.0,1478.5,200.0,65.48,0.599407,H,H,1.0
2022-08-06,EPL,Newcastle,Nott'm Forest,1519.66,1500.0,65.92,200.0,0.583844,H,H,1.0
2022-08-06,Ligue1,Clermont,Paris SG,1404.41,1712.1,71.07,69.85,0.190276,A,A,1.0
2022-08-06,Bundesliga,M'gladbach,Hoffenheim,1510.11,1478.52,65.75,65.9,0.612946,H,H,1.0
2022-08-06,Bundesliga,Union Berlin,Hertha,1582.01,1400.64,66.22,66.68,0.786339,H,H,1.0
2022-08-06,Bundesliga,Wolfsburg,Werder Bremen,1512.54,1387.26,66.37,82.06,0.726389,D,H,
2022-08-06,Bundesliga,Dortmund,Leverkusen,1642.81,1603.07,68.26,66.36,0.623757,H,H,1.0
2022-08-06,EPL,Tottenham,Southampton,1613.2,1424.56,65.9,65.81,0.793257,H,H,1.0
2022-08-06,EPL,Leeds,Wolves,1465.49,1470.3,65.44,66.06,0.563301,H,H,1.0
2022-08-06,EPL,Everton,Chelsea,1448.27,1629.34,65.94,67.27,0.323467,A,A,1.0
2022-08-06,Ligue1,Strasbourg,Monaco,1559.12,1659.05,64.65,66.21,0.430138,A,A,1.0
2022-08-06,Bundesliga,Bochum,Mainz,1471.81,1496.03,72.81,66.18,0.536254,A,H,0.0
2022-08-06,EPL,Fulham,Liverpool,1356.41,1755.82,82.71,68.97,0.122946,D,A,
2022-08-07,Ligue1,Rennes,Lorient,1580.33,1419.96,65.18,65.49,0.765967,A,H,0.0
2022-08-07,Ligue1,Montpellier,Troyes,1439.35,1438.99,64.99,71.05,0.570237,H,H,1.0
2022-08-07,Ligue1,Lille,Auxerre,1587.82,1500.0,66.68,200.0,0.661464,H,H,1.0
2022-08-07,EPL,Leicester,Brentford,1533.27,1470.49,65.8,70.98,0.653243,D,H,
2022-08-07,EPL,Man United,Brighton,1567.27,1511.44,66.7,65.75,0.644827,A,H,0.0
2022-08-07,EPL,West Ham,Man City,1534.53,1780.92,66.01,72.06,0.249354,A,A,1.0
2022-08-07,Ligue1,Marseille,Reims,1605.22,1472.51,65.16,64.71,0.736968,H,H,1.0
2022-08-07,Ligue1,Angers,Nantes,1422.52,1508.63,65.59,65.05,0.449282,D,A,
2022-08-07,Ligue1,Toulouse,Nice,1500.0,1565.43,200.0,65.17,0.478269,D,A,
2022-08-07,Bundesliga,Stuttgart,RB Leipzig,1447.49,1603.41,66.36,67.0,0.355177,D,A,
2022-08-07,Bundesliga,FC Koln,Schalke 04,1511.67,1251.61,65.99,88.74,0.84787,H,H,1.0
2022-08-07,Ligue1,Lens,Brest,1578.33,1462.26,64.91,65.26,0.718317,H,H,1.0
2022-08-12,Ligue1,Nantes,Lille,1507.43,1595.14,64.78,66.69,0.447108,D,A,
2022-08-12,LaLiga,Osasuna,Sevilla,1476.47,1648.14,65.5,67.65,0.335196,H,A,0.0
2022-08-12,Bundesliga,Freiburg,Dortmund,1551.46,1652.57,65.56,67.86,0.428587,A,A,1.0
2022-08-13,Bundesliga,Hertha,Ein Frankfurt,1395.29,1508.62,66.69,66.18,0.411733,D,A,
2022-08-13,Bundesliga,Hoffenheim,Bochum,1469.13,1456.14,65.62,72.03,0.58746,H,H,1.0
2022-08-13,Bundesliga,Leverkusen,Augsburg,1593.82,1420.55,66.08,66.62,0.778591,A,H,0.0
2022-08-13,Bundesliga,Werder Bremen,Stuttgart,1395.71,1451.05,81.0,66.1,0.492474,D,A,
2022-08-13,Bundesliga,Schalke 04,M'gladbach,1245.14,1519.46,87.95,65.49,0.220238,D,A,
2022-08-13,EPL,Aston Villa,Everton,1469.87,1440.4,65.49,65.75,0.610121,H,H,1.0
2022-08-13,EPL,Arsenal,Leicester,1606.4,1529.56,65.3,65.59,0.671461,H,H,1.0
2022-08-13,EPL,Brighton,Newcastle,1527.03,1528.45,65.53,65.9,0.568008,D,H,
2022-08-13,EPL,Wolves,Fulham,1459.67,1370.81,65.74,82.39,0.684241,D,H,
2022-08-13,EPL,Southampton,Leeds,1419.51,1475.93,65.87,65.15,0.490946,D,A,
2022-08-13,Ligue1,Paris SG,Montpellier,1717.31,1449.47,69.78,64.74,0.857195,H,H,1.0
2022-08-13,Ligue1,Monaco,Rennes,1669.58,1561.98,65.89,65.2,0.708557,D,H,
2022-08-13,LaLiga,Celta,Espanol,1497.57,1454.64,65.48,71.07,0.62758,D,H,
2022-08-13,LaLiga,Valladolid,Villarreal,1376.75,1565.56,81.52,65.46,0.313804,A,A,1.0
2022-08-13,LaLiga,Barcelona,Vallecano,1670.94,1439.35,67.88,70.48,0.829471,D,H,
2022-08-13,EPL,Man City,Bournemouth,1788.11,1569.34,71.69,175.25,0.794472,H,H,1.0
2022-08-13,SerieA,Monza,Torino,1500.0,1491.85,200.0,66.0,0.581178,A,H,0.0
2022-08-13,SerieA,Lecce,Inter,1500.0,1756.19,200.0,73.13,0.239361,A,A,1.0
2022-08-13,Bundesliga,RB Leipzig,FC Koln,1599.78,1515.36,66.7,66.22,0.680745,D,H,
2022-08-13,SerieA,Sampdoria,Atalanta,1422.81,1570.18,66.54,67.98,0.36635,A,A,1.0
2022-08-13,SerieA,Milan,Udinese,1734.36,1479.62,69.69,66.25,0.847701,H,H,1.0
2022-08-13,EPL,Brentford,Man United,1474.79,1551.24,70.45,66.42,0.462816,H,A,0.0
2022-08-14,Ligue1,Nice,Strasbourg,1565.04,1549.06,65.17,64.41,0.591968,D,H,
2022-08-14,Bundesliga,Bayern Munich,Wolfsburg,1736.17,1507.0,71.96,66.26,0.828158,H,H,1.0
2022-08-14,Bundesliga,Mainz,Union Berlin,1509.07,1587.29,65.85,66.24,0.460339,D,A,
2022-08-14,EPL,Chelsea,Tottenham,1637.52,1618.26,67.0,65.96,0.596335,D,H,
2022-08-14,SerieA,Salernitana,Roma,1397.42,1580.41,75.72,66.64,0.321053,A,A,1.0
2022-08-14,SerieA,Spezia,Empoli,1401.58,1446.75,67.02,71.72,0.50677,H,H,1.0
2022-08-14,Ligue1,Ajaccio,Lens,1447.83,1585.01,178.2,64.84,0.379531,D,A,
2022-08-14,EPL,Nott'm Forest,West Ham,1430.27,1528.44,175.22,65.97,0.432561,H,A,0.0
2022-08-14,Ligue1,Brest,Marseille,1455.51,1611.51,65.18,65.12,0.354904,D,A,
2022-08-14,LaLiga,Almeria,Real Madrid,1500.0,1745.84,200.0,70.87,0.249767,A,A,1.0
2022-08-14,Ligue1,Reims,Clermont,1466.3,1399.03,64.7,70.94,0.658943,A,H,0.0
2022-08-14,LaLiga,Cadiz,Sociedad,1474.23,1580.48,66.22,65.67,0.421404,A,A,1.0
2022-08-14,LaLiga,Valencia,Girona,1489.91,1500.0,65.12,200.0,0.548339,H,H,1.0
2022-08-14,Ligue1,Auxerre,Angers,1444.15,1423.74,177.39,65.28,0.597938,D,H,
2022-08-14,SerieA,Lazio,Bologna,1597.13,1460.9,66.55,66.22,0.740602,H,H,1.0
2022-08-14,SerieA,Fiorentina,Cremonese,1529.78,1500.0,66.22,200.0,0.595744,H,H,1.0
2022-08-14,Ligue1,Troyes,Toulouse,1426.98,1503.73,70.41,174.44,0.466379,A,A,1.0
2022-08-15,SerieA,Juventus,Sassuolo,1644.5,1527.34,68.6,66.0,0.719475,H,H,1.0
2022-08-15,SerieA,Verona,Napoli,1503.8,1684.07,66.23,68.57,0.32459,A,A,1.0
2022-08-15,LaLiga,Ath Bilbao,Mallorca,1529.25,1433.44,65.45,71.9,0.693882,D,H,
2022-08-15,LaLiga,Getafe,Ath Madrid,1452.35,1668.72,66.27,68.4,0.281727,A,A,1.0
2022-08-15,LaLiga,Betis,Elche,1595.66,1442.21,65.92,65.99,0.758832,H,H,1.0
2022-08-15,EPL,Liverpool,Crystal Palace,1745.83,1479.29,69.19,64.99,0.85626,D,H,
2022-08-19,Ligue1,Lyon,Troyes,1614.29,1415.45,66.11,70.07,0.80191,H,H,1.0
2022-08-19,Bundesliga,M'gladbach,Hertha,1512.88,1397.48,65.55,66.34,0.717427,H,H,1.0
2022-08-19,LaLiga,Sevilla,Valladolid,1631.15,1365.33,67.34,80.35,0.853414,D,H,
2022-08-19,LaLiga,Espanol,Vallecano,1458.23,1448.56,70.49,70.46,0.583016,A,H,0.0
2022-08-20,EPL,Leicester,Southampton,1521.64,1419.73,65.41,65.54,0.701862,A,H,0.0
2022-08-20,LaLiga,Mallorca,Betis,1439.03,1601.55,71.39,65.89,0.346594,A,A,1.0
2022-08-20,LaLiga,Osasuna,Cadiz,1492.44,1463.91,65.32,65.9,0.60884,H,H,1.0
2022-08-20,EPL,Bournemouth,Arsenal,1541.95,1614.26,164.14,65.14,0.468604,A,A,1.0
2022-08-20,EPL,Tottenham,Wolves,1620.6,1455.25,65.67,65.59,0.77094,H,H,1.0
2022-08-20,EPL,Crystal Palace,Aston Villa,1487.81,1479.22,65.27,65.24,0.581828,H,H,1.0
2022-08-20,EPL,Everton,Nott'm Forest,1430.98,1509.7,65.48,157.63,0.463096,D,A,
2022-08-20,EPL,Fulham,Brentford,1377.72,1489.54,81.16,69.83,0.414002,H,A,0.0
2022-08-20,Ligue1,Monaco,Lens,1664.49,1582.74,65.75,64.84,0.677622,A,H,0.0
2022-08-20,Ligue1,Marseille,Nantes,1608.06,1508.67,64.93,64.53,0.698985,H,H,1.0
2022-08-20,LaLiga,Celta,Real Madrid,1494.52,1752.62,65.25,70.77,0.237076,A,A,1.0
2022-08-20,SerieA,Torino,Lazio,1503.91,1603.58,65.97,66.44,0.430509,D,A,
2022-08-20,SerieA,Inter,Spezia,1763.13,1413.87,72.95,66.63,0.904532,H,H,1.0
2022-08-20,SerieA,Sassuolo,Lecce,1520.48,1456.22,65.88,180.61,0.63891,H,H,1.0
2022-08-20,Bundesliga,Augsburg,Mainz,1440.01,1510.03,66.61,65.53,0.471828,A,A,1.0
2022-08-20,Bundesliga,Union Berlin,RB Leipzig,1586.32,1595.28,65.9,66.47,0.557533,H,H,1.0
2022-08-20,Bundesliga,Wolfsburg,Schalke 04,1502.72,1257.0,66.41,86.73,0.837708,D,H,
2022-08-20,Bundesliga,Stuttgart,Freiburg,1450.88,1541.18,65.78,65.28,0.443442,A,A,1.0
2022-08-20,Bundesliga,Leverkusen,Hoffenheim,1574.67,1479.02,66.09,65.35,0.694441,A,H,0.0
2022-08-20,Bundesliga,Dortmund,Werder Bremen,1663.55,1395.98,67.43,79.59,0.854757,A,H,0.0
2022-08-20,SerieA,Udinese,Salernitana,1475.83,1387.27,66.46,74.94,0.684809,D,H,
2022-08-21,SerieA,Empoli,Fiorentina,1432.75,1538.39,71.01,66.19,0.422272,D,A,
2022-08-21,SerieA,Atalanta,Milan,1579.61,1738.54,67.61,69.76,0.351552,D,A,
2022-08-21,SerieA,Bologna,Verona,1454.51,1495.84,66.13,66.02,0.512209,D,H,
2022-08-21,LaLiga,Ath Bilbao,Valencia,1524.61,1499.22,65.32,65.13,0.604676,H,H,1.0
2022-08-21,SerieA,Napoli,Monza,1692.58,1399.74,68.22,174.98,0.848814,H,H,1.0
2022-08-21,LaLiga,Sociedad,Barcelona,1590.63,1662.39,65.38,67.96,0.469418,A,A,1.0
2022-08-21,Bundesliga,Ein Frankfurt,FC Koln,1506.47,1519.8,65.87,66.02,0.551467,D,H,
2022-08-21,Ligue1,Lille,Paris SG,1593.83,1721.24,66.32,69.88,0.392924,A,A,1.0
2022-08-21,Ligue1,Rennes,Ajaccio,1566.96,1465.3,65.1,160.4,0.685247,H,H,1.0
2022-08-21,Ligue1,Toulouse,Lorient,1567.74,1438.48,156.96,65.5,0.73308,D,H,
2022-08-21,Ligue1,Montpellier,Auxerre,1446.06,1430.1,65.03,159.5,0.583879,A,H,0.0
2022-08-21,Ligue1,Clermont,Nice,1417.47,1562.86,70.42,64.92,0.368704,H,A,0.0
2022-08-21,Ligue1,Angers,Brest,1425.61,1458.96,65.25,64.98,0.523438,A,H,0.0
2022-08-21,LaLiga,Ath Madrid,Villarreal,1676.08,1573.07,68.15,65.33,0.703173,A,H,0.0
2022-08-21,Ligue1,Strasbourg,Reims,1551.2,1450.88,64.21,64.55,0.700087,D,H,
2022-08-21,EPL,Newcastle,Man City,1530.1,1793.42,65.59,71.67,0.231937,D,A,
2022-08-21,EPL,West Ham,Brighton,1516.21,1525.4,65.87,65.24,0.557254,A,H,0.0
2022-08-21,EPL,Leeds,Chelsea,1475.72,1635.11,64.87,66.65,0.350673,H,A,0.0
2022-08-21,Bundesliga,Bochum,Bayern Munich,1444.32,1741.17,71.34,71.86,0.200144,A,A,1.0
2022-08-22,EPL,Man United,Liverpool,1538.07,1736.18,66.07,69.31,0.303081,H,A,0.0
2022-08-22,SerieA,Sampdoria,Juventus,1413.76,1651.89,66.26,68.34,0.257627,D,A,
2022-08-22,LaLiga,Elche,Almeria,1436.29,1454.52,65.96,180.06,0.539618,D,H,
2022-08-22,SerieA,Roma,Cremonese,1588.36,1432.44,66.43,175.47,0.737999,H,H,1.0
2022-08-22,LaLiga,Girona,Getafe,1423.64,1445.41,174.67,66.14,0.539669,H,H,1.0
2022-08-26,Bundesliga,Freiburg,Bochum,1551.74,1438.63,65.0,71.17,0.7142,H,H,1.0
2022-08-26,Ligue1,Ajaccio,Lille,1428.22,1584.2,148.48,66.03,0.355002,A,A,1.0
2022-08-26,SerieA,Monza,Udinese,1379.94,1471.28,166.55,66.26,0.442032,A,A,1.0
2022-08-26,LaLiga,Girona,Celta,1487.6,1488.85,157.05,65.27,0.56827,A,H,0.0
2022-08-26,LaLiga,Betis,Osasuna,1609.96,1501.77,65.67,65.07,0.709259,H,H,1.0
2022-08-26,SerieA,Lazio,Inter,1601.87,1766.01,66.1,73.14,0.345244,H,A,0.0
2022-08-27,SerieA,Cremonese,Torino,1397.18,1505.6,161.95,65.65,0.418434,A,A,1.0
2022-08-27,Bundesliga,Hertha,Dortmund,1390.5,1641.74,66.2,67.62,0.243678,A,A,1.0
2022-08-27,Bundesliga,Hoffenheim,Augsburg,1495.66,1428.34,65.22,66.24,0.659459,H,H,1.0
2022-08-27,Bundesliga,Mainz,Leverkusen,1521.33,1557.66,65.23,65.92,0.519247,A,H,0.0
2022-08-27,Bundesliga,RB Leipzig,Wolfsburg,1584.38,1494.41,66.12,66.59,0.687463,H,H,1.0
2022-08-27,Bundesliga,Schalke 04,Union Berlin,1271.2,1597.03,85.97,65.58,0.174434,A,A,1.0
2022-08-27,Bundesliga,Bayern Munich,M'gladbach,1746.93,1519.7,71.66,65.45,0.826715,D,H,
2022-08-27,Ligue1,Lens,Rennes,1598.73,1573.81,64.71,65.13,0.604045,H,H,1.0
2022-08-27,Ligue1,Auxerre,Strasbourg,1501.38,1546.56,146.15,64.15,0.5068,H,H,1.0
2022-08-27,EPL,Arsenal,Fulham,1624.44,1398.69,65.05,79.8,0.823284,H,H,1.0
2022-08-27,EPL,Man City,Crystal Palace,1785.7,1497.77,71.37,65.01,0.870475,H,H,1.0
2022-08-27,EPL,Liverpool,Bournemouth,1717.5,1483.09,68.96,149.27,0.814507,H,H,1.0
2022-08-27,EPL,Chelsea,Leicester,1618.98,1504.78,66.37,65.28,0.716165,H,H,1.0
2022-08-27,EPL,Brighton,Leeds,1538.65,1491.03,64.97,64.7,0.634249,H,H,1.0
2022-08-27,EPL,Brentford,Everton,1473.87,1431.79,69.31,65.37,0.626915,D,H,
2022-08-27,EPL,Southampton,Man United,1436.65,1555.09,65.42,65.91,0.404772,A,A,1.0
2022-08-27,LaLiga,Almeria,Sevilla,1461.03,1622.16,160.93,67.53,0.348535,H,A,0.0
2022-08-27,LaLiga,Vallecano,Mallorca,1464.55,1429.23,69.87,70.84,0.617562,A,H,0.0
2022-08-27,LaLiga,Elche,Sociedad,1435.43,1579.44,65.87,65.09,0.37053,A,A,1.0
2022-08-27,SerieA,Spezia,Sassuolo,1411.44,1528.3,67.02,65.86,0.406915,D,A,
2022-08-27,SerieA,Milan,Bologna,1734.52,1454.21,69.3,65.79,0.865442,H,H,1.0
2022-08-27,SerieA,Juventus,Roma,1645.54,1594.19,68.15,66.51,0.638958,D,H,
2022-08-28,Ligue1,Nantes,Toulouse,1501.62,1539.57,64.45,146.45,0.515726,H,H,1.0
2022-08-28,Ligue1,Brest,Montpellier,1471.32,1433.4,64.71,64.96,0.621446,A,H,0.0
2022-08-28,Ligue1,Lorient,Clermont,1443.26,1434.86,65.55,69.89,0.58132,H,H,1.0
2022-08-28,EPL,Aston Villa,West Ham,1469.27,1502.71,64.98,65.56,0.523316,A,H,0.0
2022-08-28,Ligue1,Reims,Lyon,1455.57,1619.17,64.47,66.18,0.345259,D,A,
2022-08-28,Ligue1,Paris SG,Monaco,1731.88,1648.07,69.35,65.57,0.680071,D,H,
2022-08-28,EPL,Nott'm Forest,Tottenham,1504.96,1626.17,144.39,65.68,0.400996,A,A,1.0
2022-08-28,EPL,Wolves,Newcastle,1449.7,1536.58,65.61,65.61,0.448228,D,A,
2022-08-28,Ligue1,Troyes,Angers,1410.01,1413.15,69.96,64.96,0.565657,H,H,1.0
2022-08-28,Ligue1,Nice,Marseille,1548.01,1615.2,64.73,64.83,0.475791,A,A,1.0
2022-08-28,SerieA,Fiorentina,Napoli,1536.5,1696.14,65.88,68.48,0.350524,D,A,
2022-08-28,Bundesliga,Werder Bremen,Ein Frankfurt,1426.29,1505.22,79.28,65.55,0.459325,A,A,1.0
2022-08-28,LaLiga,Espanol,Real Madrid,1442.22,1759.24,69.91,70.51,0.182426,A,A,1.0
2022-08-28,LaLiga,Barcelona,Valladolid,1674.45,1378.13,67.5,80.0,0.873498,H,H,1.0
2022-08-28,LaLiga,Getafe,Villarreal,1435.22,1589.89,66.02,65.22,0.356627,D,A,
2022-08-28,SerieA,Salernitana,Sampdoria,1393.03,1419.73,74.22,66.18,0.532775,H,H,1.0
2022-08-28,SerieA,Verona,Atalanta,1496.14,1583.38,65.68,67.28,0.447774,A,A,1.0
2022-08-28,SerieA,Lecce,Empoli,1404.78,1434.92,162.81,70.38,0.527863,D,H,
2022-08-28,Bundesliga,FC Koln,Stuttgart,1521.05,1440.16,65.69,65.47,0.676493,D,H,
2022-08-29,LaLiga,Valencia,Ath Madrid,1489.84,1657.82,64.89,67.88,0.339859,A,A,1.0
2022-08-29,LaLiga,Cadiz,Ath Bilbao,1454.42,1534.04,65.62,65.07,0.458349,A,A,1.0
2022-08-30,SerieA,Roma,Monza,1597.61,1323.0,66.23,151.21,0.843521,H,H,1.0
2022-08-30,EPL,Crystal Palace,Brentford,1494.65,1470.48,65.33,68.84,0.602792,D,H,
2022-08-30,EPL,Southampton,Chelsea,1426.97,1626.0,65.16,66.23,0.30164,H,A,0.0
2022-08-30,EPL,Leeds,Everton,1482.44,1434.81,64.52,65.14,0.634224,D,H,
2022-08-30,EPL,Fulham,Brighton,1392.51,1547.3,79.31,64.77,0.356432,H,A,0.0
2022-08-30,SerieA,Inter,Cremonese,1746.61,1345.58,72.48,147.92,0.912951,H,H,1.0
2022-08-30,SerieA,Sassuolo,Milan,1526.05,1738.18,65.58,69.45,0.286714,D,A,
2022-08-31,SerieA,Napoli,Lecce,1692.23,1401.33,68.1,148.35,0.85513,D,H,
2022-08-31,Ligue1,Monaco,Troyes,1652.39,1421.8,65.41,69.39,0.82884,A,H,0.0
2022-08-31,Ligue1,Lyon,Auxerre,1615.37,1552.39,65.94,135.42,0.645081,H,H,1.0
2022-08-31,Ligue1,Angers,Reims,1402.93,1459.18,64.71,64.33,0.491188,A,A,1.0
2022-08-31,Ligue1,Lens,Lorient,1608.01,1453.28,64.5,65.27,0.760247,H,H,1.0
2022-08-31,SerieA,Juventus,Spezia,1641.94,1413.77,67.77,66.66,0.827299,H,H,1.0
2022-08-31,SerieA,Empoli,Verona,1435.56,1485.36,70.0,65.38,0.50027,D,H,
2022-08-31,Ligue1,Lille,Nice,1592.47,1536.86,65.92,64.47,0.644653,A,H,0.0
2022-08-31,Ligue1,Montpellier,Ajaccio,1448.09,1390.05,64.75,138.14,0.638674,H,H,1.0
2022-08-31,SerieA,Sampdoria,Lazio,1408.38,1617.8,65.84,65.88,0.289395,D,A,
2022-08-31,Ligue1,Marseille,Clermont,1626.38,1423.52,64.56,69.34,0.805583,H,H,1.0
2022-08-31,Ligue1,Toulouse,Paris SG,1489.43,1727.05,135.66,68.97,0.258262,A,A,1.0
2022-08-31,EPL,Liverpool,Newcastle,1722.1,1535.33,69.06,65.31,0.791601,H,H,1.0
2022-08-31,Ligue1,Rennes,Brest,1564.41,1456.74,64.9,64.52,0.708719,H,H,1.0
2022-08-31,EPL,West Ham,Tottenham,1515.27,1635.34,65.25,65.55,0.402533,D,A,
2022-08-31,EPL,Man City,Nott'm Forest,1789.43,1464.12,71.46,134.42,0.879443,H,H,1.0
2022-08-31,Ligue1,Strasbourg,Nantes,1535.97,1512.09,64.07,64.36,0.60269,D,H,
2022-08-31,EPL,Bournemouth,Wolves,1463.84,1450.94,142.73,65.31,0.587715,D,H,
2022-08-31,EPL,Arsenal,Aston Villa,1628.64,1456.92,65.24,64.7,0.777344,H,H,1.0
2022-08-31,SerieA,Udinese,Fiorentina,1481.25,1540.13,66.13,65.65,0.487487,H,A,0.0
2022-09-01,SerieA,Bologna,Salernitana,1450.9,1407.19,66.07,73.34,0.628408,D,H,
2022-09-01,EPL,Leicester,Man United,1497.99,1564.91,65.2,65.62,0.476166,A,A,1.0
2022-09-01,SerieA,Atalanta,Torino,1594.67,1514.97,66.87,65.55,0.675017,H,H,1.0
2022-09-02,LaLiga,Celta,Cadiz,1501.16,1443.4,65.17,65.31,0.647346,H,H,1.0
2022-09-02,Bundesliga,Dortmund,Hoffenheim,1647.99,1503.78,67.5,65.05,0.749299,H,H,1.0
2022-09-03,LaLiga,Mallorca,Girona,1446.37,1421.09,70.27,144.09,0.59726,D,H,
2022-09-03,LaLiga,Real Madrid,Betis,1764.32,1617.0,70.44,65.55,0.752516,H,H,1.0
2022-09-03,LaLiga,Sociedad,Ath Madrid,1588.23,1666.55,64.88,67.55,0.460225,D,A,
2022-09-03,EPL,Newcastle,Crystal Palace,1530.31,1492.2,65.39,65.08,0.621687,D,H,
2022-09-03,SerieA,Milan,Inter,1732.42,1749.02,69.13,72.8,0.5467,H,H,1.0
2022-09-03,SerieA,Lazio,Napoli,1612.67,1683.59,65.75,68.35,0.470616,A,A,1.0
2022-09-03,LaLiga,Sevilla,Barcelona,1607.29,1677.69,67.38,67.76,0.471334,A,A,1.0
2022-09-03,EPL,Nott'm Forest,Bournemouth,1453.64,1455.09,131.24,133.01,0.564013,A,H,0.0
2022-09-03,EPL,Everton,Liverpool,1438.0,1727.69,64.94,68.96,0.206222,D,A,
2022-09-03,EPL,Brentford,Leeds,1473.19,1479.31,68.38,64.35,0.561564,H,H,1.0
2022-09-03,EPL,Chelsea,West Ham,1608.82,1517.59,66.05,65.0,0.689162,H,H,1.0
2022-09-03,EPL,Tottenham,Fulham,1633.0,1414.69,65.28,78.19,0.817428,H,H,1.0
2022-09-03,SerieA,Fiorentina,Juventus,1527.8,1646.42,65.34,67.85,0.404645,D,A,
2022-09-03,EPL,Wolves,Southampton,1452.76,1443.62,65.18,65.04,0.582596,H,H,1.0
2022-09-03,Ligue1,Lyon,Angers,1623.5,1391.42,65.83,64.45,0.830736,H,H,1.0
2022-09-03,Ligue1,Auxerre,Marseille,1520.64,1630.96,127.62,64.72,0.415782,A,A,1.0
2022-09-03,Bundesliga,Wolfsburg,FC Koln,1486.65,1516.78,66.38,65.51,0.527973,A,H,0.0
2022-09-03,Bundesliga,Union Berlin,Bayern Munich,1601.3,1737.5,65.75,71.57,0.381334,D,A,
2022-09-03,Bundesliga,Stuttgart,Schalke 04,1444.4,1264.07,65.3,85.15,0.782445,D,H,
2022-09-03,Bundesliga,Leverkusen,Freiburg,1570.25,1558.51,65.59,64.93,0.586162,A,H,0.0
2022-09-03,EPL,Aston Villa,Man City,1451.65,1792.71,64.78,71.67,0.163318,D,A,
2022-09-03,Bundesliga,Bochum,Werder Bremen,1430.59,1410.53,70.75,78.02,0.596629,A,H,0.0
2022-09-03,Bundesliga,Ein Frankfurt,RB Leipzig,1516.15,1592.03,65.27,65.94,0.463616,H,A,0.0
2022-09-03,Ligue1,Nantes,Paris SG,1514.48,1733.83,64.16,68.83,0.278406,A,A,1.0
2022-09-04,Bundesliga,Augsburg,Hertha,1419.98,1384.5,66.0,66.15,0.618125,A,H,0.0
2022-09-04,Bundesliga,M'gladbach,Mainz,1527.58,1508.99,65.62,64.94,0.595484,A,H,0.0
2022-09-04,Ligue1,Brest,Strasbourg,1449.91,1533.61,64.46,63.89,0.452617,D,A,
2022-09-04,SerieA,Cremonese,Sassuolo,1336.9,1531.19,144.9,65.47,0.307198,D,A,
2022-09-04,SerieA,Spezia,Bologna,1409.43,1447.78,66.78,65.81,0.516408,D,H,
2022-09-04,SerieA,Verona,Sampdoria,1485.37,1413.5,65.09,65.72,0.665247,H,H,1.0
2022-09-04,SerieA,Udinese,Roma,1493.74,1601.21,65.78,66.51,0.419789,H,A,0.0
2022-09-04,Ligue1,Montpellier,Lille,1456.07,1576.79,64.7,65.68,0.401669,A,A,1.0
2022-09-04,Ligue1,Clermont,Toulouse,1418.28,1465.26,69.28,129.02,0.504019,H,H,1.0
2022-09-04,LaLiga,Ath Bilbao,Espanol,1544.89,1437.22,64.8,69.86,0.708087,A,H,0.0
2022-09-04,Ligue1,Nice,Monaco,1551.88,1632.35,64.32,65.59,0.457183,A,A,1.0
2022-09-04,Ligue1,Troyes,Rennes,1444.31,1571.31,69.4,64.81,0.393143,D,A,
2022-09-04,Ligue1,Reims,Lens,1470.56,1613.64,64.1,64.54,0.371696,D,A,
2022-09-04,LaLiga,Osasuna,Vallecano,1494.85,1447.86,64.98,69.37,0.63303,H,H,1.0
2022-09-04,Ligue1,Ajaccio,Lorient,1356.59,1447.52,129.79,65.28,0.442573,A,A,1.0
2022-09-04,EPL,Brighton,Leicester,1532.33,1486.68,64.61,64.91,0.631654,H,H,1.0
2022-09-04,LaLiga,Valencia,Getafe,1481.82,1438.72,64.73,65.78,0.628236,H,H,1.0
2022-09-04,LaLiga,Villarreal,Elche,1586.48,1426.44,65.02,65.61,0.765608,H,H,1.0
2022-09-04,EPL,Man United,Arsenal,1576.36,1633.99,65.31,65.29,0.489246,H,A,0.0
2022-09-05,SerieA,Salernitana,Empoli,1411.02,1435.55,72.61,69.4,0.535741,D,H,
2022-09-05,SerieA,Monza,Atalanta,1306.52,1602.8,145.38,66.63,0.199888,A,A,1.0
2022-09-05,LaLiga,Valladolid,Almeria,1373.67,1541.37,79.78,148.01,0.35132,H,A,0.0
2022-09-05,SerieA,Torino,Lecce,1507.14,1444.26,65.38,143.23,0.643718,H,H,1.0
2022-09-07,Ligue1,Lorient,Lyon,1457.58,1627.66,65.11,65.99,0.337034,H,A,0.0
2022-09-09,LaLiga,Girona,Valladolid,1431.65,1394.71,134.28,78.9,0.619042,H,H,1.0
2022-09-09,Ligue1,Lens,Troyes,1610.65,1447.17,64.36,68.9,0.768609,H,H,1.0
2022-09-09,Bundesliga,Werder Bremen,Augsburg,1430.38,1404.94,76.93,65.73,0.604704,A,H,0.0
2022-09-10,Bundesliga,Hertha,Leverkusen,1399.61,1556.16,65.87,65.31,0.354212,D,A,
2022-09-10,Bundesliga,RB Leipzig,Dortmund,1579.01,1654.4,65.61,67.37,0.464334,H,A,0.0
2022-09-10,Bundesliga,Hoffenheim,Mainz,1497.8,1523.04,65.04,64.71,0.53484,H,H,1.0
2022-09-10,Bundesliga,Ein Frankfurt,Wolfsburg,1528.92,1473.68,64.98,66.03,0.644029,A,H,0.0
2022-09-10,Bundesliga,Bayern Munich,Stuttgart,1734.13,1437.69,70.95,65.38,0.875733,D,H,
2022-09-10,Bundesliga,Schalke 04,Bochum,1275.47,1414.17,84.15,70.18,0.377923,H,A,0.0
2022-09-10,SerieA,Sampdoria,Milan,1405.4,1744.39,65.52,68.62,0.164454,A,A,1.0
2022-09-10,Ligue1,Marseille,Lille,1640.31,1586.47,64.59,65.41,0.642277,H,H,1.0
2022-09-10,SerieA,Napoli,Spezia,1695.81,1409.03,67.87,66.4,0.869551,H,H,1.0
2022-09-10,Ligue1,Paris SG,Brest,1741.19,1451.02,68.56,64.22,0.872001,H,H,1.0
2022-09-10,LaLiga,Vallecano,Valencia,1438.05,1490.55,68.91,64.54,0.496476,H,A,0.0
2022-09-10,LaLiga,Espanol,Sevilla,1456.52,1595.4,69.51,66.96,0.377439,A,A,1.0
2022-09-10,LaLiga,Cadiz,Barcelona,1434.97,1689.71,65.11,67.32,0.240019,A,A,1.0
2022-09-10,SerieA,Inter,Torino,1735.79,1515.1,72.03,65.31,0.821389,H,H,1.0
2022-09-10,LaLiga,Ath Madrid,Celta,1665.54,1509.55,67.12,64.98,0.761578,H,H,1.0
2022-09-11,LaLiga,Getafe,Sociedad,1429.72,1589.16,65.53,64.62,0.350425,H,A,0.0
2022-09-11,SerieA,Atalanta,Cremonese,1607.83,1356.97,66.74,135.91,0.830659,D,H,
2022-09-11,Ligue1,Strasbourg,Clermont,1532.53,1430.81,63.69,68.87,0.701241,D,H,
2022-09-11,Ligue1,Ajaccio,Nice,1319.26,1541.3,122.33,64.09,0.274788,A,A,1.0
2022-09-11,Ligue1,Angers,Montpellier,1387.43,1446.66,64.67,64.48,0.486993,H,A,0.0
2022-09-11,Ligue1,Lorient,Nantes,1473.34,1508.04,64.95,64.15,0.521566,H,H,1.0
2022-09-11,Ligue1,Toulouse,Reims,1424.02,1473.52,121.64,63.94,0.500709,H,H,1.0
2022-09-11,Ligue1,Rennes,Auxerre,1568.81,1486.52,64.6,120.64,0.670659,H,H,1.0
2022-09-11,LaLiga,Betis,Villarreal,1611.02,1592.07,65.52,65.05,0.59597,H,H,1.0
2022-09-11,Ligue1,Monaco,Lyon,1643.33,1611.49,65.28,65.77,0.613299,H,H,1.0
2022-09-11,SerieA,Lecce,Monza,1409.23,1284.94,134.01,138.48,0.714738,D,H,
2022-09-11,SerieA,Sassuolo,Udinese,1527.15,1507.76,65.45,65.49,0.596547,A,H,0.0
2022-09-11,SerieA,Lazio,Verona,1601.34,1493.32,65.43,64.92,0.709077,H,H,1.0
2022-09-11,Bundesliga,Freiburg,M'gladbach,1572.33,1513.24,64.69,65.35,0.649054,D,H,
2022-09-11,SerieA,Juventus,Salernitana,1643.97,1409.99,67.44,71.85,0.831156,D,H,
2022-09-11,LaLiga,Real Madrid,Mallorca,1771.19,1443.88,70.16,69.88,0.892874,H,H,1.0
2022-09-11,LaLiga,Elche,Ath Bilbao,1420.75,1528.22,65.61,64.73,0.419697,A,A,1.0
2022-09-11,SerieA,Bologna,Fiorentina,1448.18,1530.08,65.49,65.09,0.455166,H,A,0.0
2022-09-11,Bundesliga,FC Koln,Union Berlin,1529.43,1604.16,65.21,65.5,0.465208,A,A,1.0
2022-09-12,SerieA,Empoli,Roma,1436.5,1586.89,68.86,66.17,0.362263,A,A,1.0
2022-09-12,LaLiga,Almeria,Osasuna,1471.27,1503.51,138.12,64.79,0.525008,A,H,0.0
2022-09-16,EPL,Nott'm Forest,Fulham,1407.34,1408.54,124.41,77.75,0.567768,A,H,0.0
2022-09-16,Ligue1,Auxerre,Lorient,1462.38,1484.63,115.36,64.67,0.539041,A,H,0.0
2022-09-16,EPL,Aston Villa,Southampton,1459.64,1433.74,65.01,64.79,0.605386,H,H,1.0
2022-09-16,Bundesliga,Mainz,Hertha,1512.15,1403.15,64.46,65.64,0.710135,D,H,
2022-09-16,SerieA,Salernitana,Lecce,1419.61,1390.68,71.77,128.03,0.603705,A,H,0.0
2022-09-16,LaLiga,Valladolid,Cadiz,1382.25,1429.24,77.96,65.13,0.504249,A,H,0.0
2022-09-17,Bundesliga,Leverkusen,Werder Bremen,1552.68,1410.74,65.11,75.91,0.745382,D,H,
2022-09-17,Bundesliga,Augsburg,Bayern Munich,1419.42,1723.43,65.47,71.08,0.193667,H,A,0.0
2022-09-17,LaLiga,Barcelona,Elche,1695.82,1410.65,67.22,65.33,0.868662,H,H,1.0
2022-09-17,Bundesliga,Stuttgart,Ein Frankfurt,1446.78,1513.68,65.71,64.8,0.476201,A,A,1.0
2022-09-17,LaLiga,Valencia,Celta,1478.84,1503.87,64.3,65.0,0.535138,H,H,1.0
2022-09-17,LaLiga,Ath Bilbao,Vallecano,1538.06,1451.33,64.49,68.38,0.683341,H,H,1.0
2022-09-17,Ligue1,Montpellier,Strasbourg,1434.72,1527.94,64.24,63.67,0.439333,H,A,0.0
2022-09-17,Ligue1,Lille,Toulouse,1577.9,1461.55,65.19,115.43,0.710775,H,H,1.0
2022-09-17,LaLiga,Mallorca,Almeria,1440.92,1421.97,70.13,129.04,0.590802,H,H,1.0
2022-09-17,Bundesliga,M'gladbach,RB Leipzig,1516.81,1591.87,65.15,65.31,0.464738,H,A,0.0
2022-09-17,Bundesliga,Dortmund,Schalke 04,1640.87,1299.32,66.95,82.61,0.898459,H,H,1.0
2022-09-17,EPL,Wolves,Man City,1462.68,1782.95,64.93,71.61,0.179892,A,A,1.0
2022-09-17,EPL,Newcastle,Bournemouth,1527.4,1502.58,65.15,125.87,0.598671,D,H,
2022-09-17,EPL,Tottenham,Leicester,1637.37,1477.98,65.44,64.72,0.765071,H,H,1.0
2022-09-17,SerieA,Torino,Sassuolo,1510.78,1512.87,65.47,65.18,0.567121,A,H,0.0
2022-09-17,SerieA,Spezia,Sampdoria,1405.76,1401.41,66.67,65.72,0.575978,H,H,1.0
2022-09-17,SerieA,Bologna,Empoli,1461.23,1426.94,65.19,68.44,0.616371,A,H,0.0
2022-09-18,Bundesliga,Bochum,FC Koln,1397.4,1518.37,69.68,64.93,0.401273,D,A,
2022-09-18,Ligue1,Clermont,Troyes,1436.16,1441.02,68.55,68.75,0.563126,A,H,0.0
2022-09-18,Ligue1,Marseille,Rennes,1648.68,1576.19,64.43,64.56,0.666141,D,H,
2022-09-18,Ligue1,Nice,Angers,1547.57,1399.43,64.15,64.42,0.753521,A,H,0.0
2022-09-18,Ligue1,Nantes,Lens,1497.01,1616.05,63.92,64.43,0.403877,D,A,
2022-09-18,Ligue1,Lyon,Paris SG,1602.14,1744.61,65.51,68.76,0.372838,A,A,1.0
2022-09-18,EPL,Brentford,Arsenal,1484.6,1621.83,67.91,65.0,0.379466,A,A,1.0
2022-09-18,LaLiga,Ath Madrid,Real Madrid,1671.58,1774.17,67.04,70.39,0.426672,A,A,1.0
2022-09-18,LaLiga,Sociedad,Espanol,1573.95,1446.4,64.46,69.02,0.730747,H,H,1.0
2022-09-18,LaLiga,Betis,Girona,1620.71,1465.69,65.26,126.51,0.749364,H,H,1.0
2022-09-18,LaLiga,Osasuna,Getafe,1515.05,1445.34,64.66,65.31,0.66256,A,H,0.0
2022-09-18,Bundesliga,Hoffenheim,Freiburg,1508.8,1568.83,64.77,64.53,0.485862,D,A,
2022-09-18,EPL,Everton,West Ham,1444.99,1510.21,65.05,64.88,0.478557,H,A,0.0
2022-09-18,SerieA,Udinese,Inter,1522.07,1741.0,65.23,71.9,0.279268,H,A,0.0
2022-09-18,SerieA,Cremonese,Lazio,1390.45,1608.34,131.33,65.32,0.27963,A,A,1.0
2022-09-18,SerieA,Fiorentina,Verona,1517.18,1486.43,64.81,64.84,0.611896,H,H,1.0
2022-09-18,SerieA,Monza,Juventus,1304.79,1635.49,131.81,67.54,0.170798,H,A,0.0
2022-09-18,Ligue1,Brest,Ajaccio,1448.0,1297.93,64.58,117.3,0.746366,A,H,0.0
2022-09-18,SerieA,Roma,Atalanta,1595.75,1600.0,65.91,66.95,0.564041,A,H,0.0
2022-09-18,SerieA,Milan,Napoli,1748.75,1699.21,68.69,68.09,0.636466,A,H,0.0
2022-09-18,Bundesliga,Union Berlin,Wolfsburg,1615.31,1489.4,65.2,65.78,0.729336,H,H,1.0
2022-09-18,LaLiga,Villarreal,Sevilla,1582.5,1604.83,64.81,66.64,0.53889,D,H,
2022-09-18,Ligue1,Reims,Monaco,1462.59,1652.55,63.83,65.05,0.312374,A,A,1.0
2022-09-30,Bundesliga,Bayern Munich,Leverkusen,1700.53,1546.86,70.94,65.1,0.759184,H,H,1.0
2022-09-30,LaLiga,Ath Bilbao,Almeria,1545.44,1388.2,64.4,121.93,0.752616,H,H,1.0
2022-09-30,Ligue1,Angers,Marseille,1417.09,1644.81,64.45,64.3,0.268475,A,A,1.0
2022-10-01,Ligue1,Strasbourg,Rennes,1515.19,1580.08,63.49,64.43,0.479027,A,A,1.0
2022-10-01,EPL,Arsenal,Tottenham,1630.8,1643.04,64.79,65.45,0.553003,H,H,1.0
2022-10-01,EPL,Bournemouth,Brentford,1510.91,1474.84,119.27,67.52,0.618803,D,H,
2022-10-01,EPL,Crystal Palace,Chelsea,1495.08,1616.42,64.87,65.87,0.400842,A,A,1.0
2022-10-01,EPL,Fulham,Newcastle,1426.38,1525.17,76.8,65.02,0.431673,A,A,1.0
2022-10-01,EPL,Liverpool,Brighton,1719.82,1540.96,68.88,64.44,0.784266,D,H,
2022-10-01,EPL,Southampton,Everton,1424.46,1457.32,64.58,64.77,0.524135,A,H,0.0
2022-10-01,EPL,West Ham,Wolves,1497.94,1458.4,64.61,65.11,0.623579,H,H,1.0
2022-10-01,SerieA,Napoli,Torino,1715.62,1497.2,67.71,65.19,0.819526,H,H,1.0
2022-10-01,SerieA,Inter,Roma,1720.23,1582.08,71.45,65.6,0.74276,A,H,0.0
2022-10-01,SerieA,Empoli,Milan,1443.02,1732.06,68.02,68.27,0.206721,A,A,1.0
2022-10-01,Bundesliga,Wolfsburg,Stuttgart,1482.81,1435.3,65.69,65.39,0.634044,H,H,1.0
2022-10-01,Bundesliga,Werder Bremen,M'gladbach,1418.63,1529.51,75.31,64.87,0.41503,H,A,0.0
2022-10-01,Bundesliga,FC Koln,Dortmund,1516.06,1643.43,64.7,67.32,0.392799,H,A,0.0
2022-10-01,Bundesliga,Ein Frankfurt,Union Berlin,1524.86,1621.78,64.54,65.14,0.434256,H,A,0.0
2022-10-01,Bundesliga,RB Leipzig,Bochum,1579.12,1400.06,65.02,69.16,0.783793,H,H,1.0
2022-10-01,LaLiga,Getafe,Valladolid,1461.2,1365.5,65.13,76.78,0.693147,A,H,0.0
2022-10-01,Ligue1,Paris SG,Nice,1754.41,1530.06,68.33,64.19,0.82455,H,H,1.0
2022-10-01,Bundesliga,Freiburg,Mainz,1568.5,1507.24,64.28,64.4,0.651928,H,H,1.0
2022-10-01,LaLiga,Mallorca,Barcelona,1451.51,1699.19,69.71,67.46,0.247367,A,A,1.0
2022-10-01,LaLiga,Cadiz,Villarreal,1441.09,1581.59,64.86,64.55,0.375114,D,A,
2022-10-01,LaLiga,Sevilla,Ath Madrid,1605.79,1660.93,66.27,66.67,0.492765,A,A,1.0
2022-10-02,Bundesliga,Schalke 04,Augsburg,1295.52,1438.9,82.46,65.59,0.371396,A,A,1.0
2022-10-02,LaLiga,Espanol,Valencia,1439.23,1489.6,68.77,64.07,0.499479,D,A,
2022-10-02,LaLiga,Celta,Betis,1492.89,1626.43,64.73,65.32,0.384406,H,A,0.0
2022-10-02,SerieA,Juventus,Bologna,1615.64,1446.6,67.68,64.97,0.774682,H,H,1.0
2022-10-02,SerieA,Atalanta,Fiorentina,1614.09,1526.31,66.57,64.6,0.685021,H,H,1.0
2022-10-02,Ligue1,Lorient,Lille,1496.72,1584.54,64.51,65.17,0.446895,H,A,0.0
2022-10-02,SerieA,Lecce,Cremonese,1440.86,1365.83,121.17,124.98,0.661283,D,H,
2022-10-02,SerieA,Lazio,Spezia,1614.93,1416.27,65.32,66.32,0.802298,H,H,1.0
2022-10-02,LaLiga,Girona,Sociedad,1445.8,1580.24,121.4,64.45,0.383143,A,A,1.0
2022-10-02,LaLiga,Real Madrid,Osasuna,1785.87,1499.5,69.8,64.52,0.869546,D,H,
2022-10-02,EPL,Leeds,Aston Villa,1469.16,1468.97,64.13,64.78,0.570275,D,H,
2022-10-02,EPL,Man City,Man United,1788.1,1588.53,71.5,65.01,0.803294,H,H,1.0
2022-10-02,SerieA,Sassuolo,Salernitana,1526.34,1403.26,64.92,71.26,0.725474,H,H,1.0
2022-10-02,SerieA,Sampdoria,Monza,1391.18,1380.44,65.42,127.32,0.580344,A,H,0.0
2022-10-02,Bundesliga,Hertha,Hoffenheim,1408.24,1509.13,65.52,64.5,0.428735,D,A,
2022-10-02,Ligue1,Ajaccio,Clermont,1352.56,1421.48,113.24,68.08,0.473412,A,A,1.0
2022-10-02,Ligue1,Auxerre,Brest,1425.5,1431.17,110.14,64.66,0.562181,D,H,
2022-10-02,Ligue1,Toulouse,Montpellier,1441.94,1447.68,111.2,64.02,0.562088,H,H,1.0
2022-10-02,Ligue1,Troyes,Reims,1455.78,1455.43,68.26,63.77,0.570545,D,H,
2022-10-02,Ligue1,Lens,Lyon,1613.81,1593.2,64.23,65.28,0.598209,H,H,1.0
2022-10-02,Ligue1,Monaco,Nantes,1659.98,1499.22,64.92,63.75,0.766589,H,H,1.0
2022-10-03,SerieA,Verona,Udinese,1477.29,1539.24,64.63,65.16,0.483166,A,A,1.0
2022-10-03,EPL,Leicester,Nott'm Forest,1472.42,1363.16,64.76,117.99,0.702357,H,H,1.0
2022-10-03,LaLiga,Vallecano,Elche,1443.07,1407.46,68.06,65.63,0.618318,H,H,1.0
2022-10-07,Bundesliga,Hoffenheim,Werder Bremen,1507.47,1436.88,64.28,74.38,0.66276,A,H,0.0
2022-10-07,Ligue1,Lyon,Toulouse,1583.62,1470.01,65.02,106.6,0.70933,D,H,
2022-10-07,LaLiga,Osasuna,Valencia,1508.22,1489.59,64.86,63.85,0.595608,A,H,0.0
2022-10-08,Ligue1,Reims,Paris SG,1457.03,1759.04,63.59,68.37,0.195029,D,A,
2022-10-08,Ligue1,Marseille,Ajaccio,1651.07,1321.31,64.29,108.32,0.887685,A,H,0.0
2022-10-08,EPL,Bournemouth,Leicester,1502.26,1479.15,113.79,64.75,0.601618,H,H,1.0
2022-10-08,LaLiga,Almeria,Vallecano,1369.76,1452.91,117.42,67.66,0.453492,H,A,0.0
2022-10-08,LaLiga,Ath Madrid,Girona,1673.13,1416.94,66.29,115.57,0.839535,H,H,1.0
2022-10-08,LaLiga,Sevilla,Ath Bilbao,1593.73,1550.97,65.92,64.5,0.627881,D,H,
2022-10-08,LaLiga,Getafe,Real Madrid,1444.8,1775.68,65.03,69.95,0.171022,A,A,1.0
2022-10-08,SerieA,Sassuolo,Inter,1532.82,1699.07,64.87,71.09,0.342364,A,A,1.0
2022-10-08,EPL,Chelsea,Wolves,1626.14,1449.46,65.59,64.89,0.782115,H,H,1.0
2022-10-08,SerieA,Milan,Juventus,1737.47,1621.45,68.23,67.6,0.717976,H,H,1.0
2022-10-08,EPL,Man City,Southampton,1793.74,1412.23,71.32,64.33,0.919368,H,H,1.0
2022-10-08,EPL,Newcastle,Brentford,1535.31,1477.61,64.78,67.25,0.647093,H,H,1.0
2022-10-08,EPL,Brighton,Tottenham,1547.6,1632.34,64.54,65.16,0.451196,A,A,1.0
2022-10-08,Bundesliga,Dortmund,Bayern Munich,1628.08,1707.31,66.96,70.65,0.45904,D,A,
2022-10-08,Bundesliga,Mainz,RB Leipzig,1499.13,1584.27,64.26,65.09,0.450636,D,A,
2022-10-08,Bundesliga,Leverkusen,Schalke 04,1541.1,1281.77,65.11,81.07,0.848712,H,H,1.0
2022-10-08,Bundesliga,Bochum,Ein Frankfurt,1394.27,1538.05,69.04,64.31,0.370762,H,A,0.0
2022-10-08,Bundesliga,Augsburg,Wolfsburg,1447.77,1491.65,65.38,65.45,0.508622,D,H,
2022-10-08,SerieA,Bologna,Sampdoria,1441.23,1377.99,65.02,65.26,0.654366,D,H,
2022-10-09,SerieA,Torino,Empoli,1492.85,1437.64,65.35,67.98,0.643827,D,H,
2022-10-09,Bundesliga,Hertha,Freiburg,1409.95,1576.58,65.23,64.14,0.341216,D,A,
2022-10-09,Ligue1,Lille,Lens,1571.4,1623.1,64.9,64.04,0.49761,H,A,0.0
2022-10-09,Ligue1,Rennes,Nantes,1591.21,1493.85,64.19,63.84,0.696651,H,H,1.0
2022-10-09,Ligue1,Clermont,Auxerre,1433.26,1421.59,67.7,105.69,0.583363,H,H,1.0
2022-10-09,SerieA,Roma,Lecce,1599.98,1429.2,65.56,116.23,0.76716,H,H,1.0
2022-10-09,SerieA,Cremonese,Napoli,1378.25,1720.3,119.49,67.77,0.161983,A,A,1.0
2022-10-09,SerieA,Udinese,Atalanta,1550.7,1621.91,64.87,66.35,0.470177,D,A,
2022-10-09,Ligue1,Montpellier,Monaco,1437.93,1665.53,63.9,64.95,0.26868,A,A,1.0
2022-10-09,Ligue1,Angers,Strasbourg,1410.8,1504.37,64.43,63.3,0.43884,A,A,1.0
2022-10-09,Ligue1,Brest,Lorient,1432.52,1509.6,64.49,64.28,0.461895,A,A,1.0
2022-10-09,SerieA,Salernitana,Verona,1395.51,1466.0,70.86,64.38,0.471141,H,A,0.0
2022-10-09,SerieA,Monza,Spezia,1428.21,1411.36,120.39,66.38,0.593048,H,H,1.0
2022-10-09,Ligue1,Nice,Troyes,1525.95,1453.95,64.41,67.8,0.665205,H,H,1.0
2022-10-09,Bundesliga,Stuttgart,Union Berlin,1426.54,1608.35,65.17,64.87,0.322315,A,A,1.0
2022-10-09,Bundesliga,M'gladbach,FC Koln,1515.83,1530.28,64.65,64.5,0.54996,H,H,1.0
2022-10-09,LaLiga,Barcelona,Celta,1705.5,1507.33,67.34,64.53,0.802107,H,H,1.0
2022-10-09,LaLiga,Valladolid,Betis,1388.09,1611.72,75.97,65.08,0.273118,D,A,
2022-10-09,EPL,Everton,Man United,1469.62,1583.82,64.51,65.14,0.410501,A,A,1.0
2022-10-09,EPL,Arsenal,Liverpool,1641.29,1712.23,64.54,68.77,0.470591,H,A,0.0
2022-10-09,EPL,West Ham,Fulham,1506.75,1412.42,64.43,75.75,0.691644,H,H,1.0
2022-10-09,LaLiga,Sociedad,Villarreal,1588.88,1578.67,64.35,64.37,0.584088,H,H,1.0
2022-10-09,LaLiga,Cadiz,Espanol,1444.04,1439.25,64.66,68.25,0.576461,D,H,
2022-10-09,EPL,Crystal Palace,Leeds,1485.65,1467.54,64.64,63.93,0.594889,H,H,1.0
2022-10-10,SerieA,Fiorentina,Lazio,1518.92,1619.7,64.5,65.43,0.428944,A,A,1.0
2022-10-10,EPL,Nott'm Forest,Aston Villa,1342.19,1470.63,113.37,64.54,0.391182,D,A,
2022-10-10,LaLiga,Elche,Mallorca,1398.28,1444.79,65.38,69.47,0.504901,D,H,
2022-10-14,EPL,Brentford,Brighton,1468.7,1537.08,66.94,64.3,0.474105,H,A,0.0
2022-10-14,Ligue1,Strasbourg,Lille,1514.24,1583.24,63.14,64.63,0.473233,A,A,1.0
2022-10-14,LaLiga,Vallecano,Getafe,1439.6,1440.72,67.33,65.22,0.568454,D,H,
2022-10-14,Bundesliga,Schalke 04,Hoffenheim,1276.31,1492.18,80.66,64.17,0.281779,A,A,1.0
2022-10-15,Bundesliga,Werder Bremen,Mainz,1457.19,1500.27,73.65,64.04,0.509754,A,H,0.0
2022-10-15,Bundesliga,Wolfsburg,M'gladbach,1491.86,1526.36,65.15,64.4,0.521837,D,H,
2022-10-15,LaLiga,Girona,Cadiz,1406.06,1442.25,112.98,64.43,0.519461,D,H,
2022-10-15,LaLiga,Valencia,Elche,1503.21,1398.16,63.68,65.09,0.70559,D,H,
2022-10-15,LaLiga,Mallorca,Sevilla,1444.92,1590.62,68.91,65.66,0.368347,A,A,1.0
2022-10-15,SerieA,Empoli,Monza,1441.36,1458.32,67.62,114.6,0.544558,H,H,1.0
2022-10-15,SerieA,Torino,Juventus,1489.42,1614.24,65.14,67.39,0.396238,A,A,1.0
2022-10-15,SerieA,Atalanta,Sassuolo,1621.17,1524.77,66.0,64.72,0.695406,H,H,1.0
2022-10-15,Bundesliga,RB Leipzig,Hertha,1583.1,1413.74,64.82,65.05,0.774982,H,H,1.0
2022-10-15,LaLiga,Ath Bilbao,Ath Madrid,1553.95,1676.96,64.32,66.52,0.398611,A,A,1.0
2022-10-15,EPL,Fulham,Bournemouth,1402.68,1528.93,74.99,108.97,0.397754,D,A,
2022-10-15,EPL,Wolves,Nott'm Forest,1444.28,1349.43,64.96,108.64,0.687462,H,H,1.0
2022-10-15,EPL,Tottenham,Everton,1643.05,1460.06,64.88,64.3,0.788206,H,H,1.0
2022-10-15,Ligue1,Lens,Montpellier,1611.56,1431.74,63.82,63.91,0.785253,H,H,1.0
2022-10-15,Ligue1,Lorient,Reims,1520.28,1464.01,64.05,63.78,0.645563,D,H,
2022-10-15,Bundesliga,Ein Frankfurt,Leverkusen,1523.5,1544.71,64.15,65.38,0.540475,H,H,1.0
2022-10-15,Bundesliga,Stuttgart,Bochum,1418.86,1410.96,65.02,68.59,0.580703,H,H,1.0
2022-10-15,EPL,Leicester,Crystal Palace,1470.06,1495.13,64.61,64.42,0.535088,D,H,
2022-10-16,Ligue1,Rennes,Lyon,1598.25,1578.8,64.12,64.99,0.596656,H,H,1.0
2022-10-16,Ligue1,Troyes,Ajaccio,1445.36,1379.04,67.48,106.95,0.653416,D,H,
2022-10-16,Ligue1,Auxerre,Nice,1397.4,1533.74,101.87,64.29,0.380606,D,A,
2022-10-16,EPL,Liverpool,Man City,1698.32,1796.08,68.26,71.64,0.433385,H,A,0.0
2022-10-16,Ligue1,Toulouse,Angers,1482.99,1400.59,103.34,64.2,0.678478,H,H,1.0
2022-10-16,LaLiga,Betis,Almeria,1606.39,1408.3,65.03,111.93,0.793428,H,H,1.0
2022-10-16,LaLiga,Espanol,Valladolid,1441.23,1395.34,67.8,75.29,0.631088,H,H,1.0
2022-10-16,LaLiga,Real Madrid,Barcelona,1780.37,1710.56,69.94,67.36,0.662497,H,H,1.0
2022-10-16,Ligue1,Nantes,Brest,1486.89,1421.77,63.79,64.25,0.656856,H,H,1.0
2022-10-16,Bundesliga,Union Berlin,Dortmund,1615.97,1629.1,64.74,66.57,0.551731,H,H,1.0
2022-10-16,EPL,Aston Villa,Chelsea,1468.27,1631.43,64.42,65.63,0.345767,A,A,1.0
2022-10-16,SerieA,Inter,Salernitana,1708.67,1410.21,70.56,70.21,0.876301,H,H,1.0
2022-10-16,SerieA,Lazio,Udinese,1629.96,1551.4,65.15,64.61,0.673697,D,H,
2022-10-16,SerieA,Spezia,Cremonese,1401.69,1365.9,66.16,116.4,0.613775,D,H,
2022-10-16,Ligue1,Paris SG,Marseille,1750.98,1630.82,68.35,64.73,0.723016,H,H,1.0
2022-10-16,SerieA,Napoli,Bologna,1724.56,1437.57,67.91,64.85,0.869901,H,H,1.0
2022-10-16,SerieA,Verona,Milan,1453.78,1744.81,64.15,67.99,0.20485,A,A,1.0
2022-10-16,Ligue1,Monaco,Clermont,1671.92,1443.58,64.91,67.37,0.827331,D,H,
2022-10-16,EPL,Leeds,Arsenal,1458.25,1653.6,63.75,64.3,0.305806,A,A,1.0
2022-10-16,LaLiga,Celta,Sociedad,1502.67,1598.53,64.67,64.14,0.435677,A,A,1.0
2022-10-16,EPL,Man United,Newcastle,1593.57,1543.6,64.89,64.61,0.637315,D,H,
2022-10-16,Bundesliga,Bayern Munich,Freiburg,1706.18,1572.91,70.02,64.03,0.737657,H,H,1.0
2022-10-16,Bundesliga,FC Koln,Augsburg,1519.8,1447.56,64.26,65.08,0.665763,H,H,1.0
2022-10-16,EPL,Southampton,West Ham,1410.31,1513.9,64.84,64.35,0.425007,D,A,
2022-10-17,SerieA,Lecce,Fiorentina,1413.24,1508.94,112.55,64.28,0.435912,D,A,
2022-10-17,LaLiga,Villarreal,Osasuna,1569.02,1494.18,64.16,64.63,0.669059,H,H,1.0
2022-10-17,SerieA,Sampdoria,Roma,1381.68,1605.39,65.07,65.63,0.273094,A,A,1.0
2022-10-18,LaLiga,Sevilla,Valencia,1599.49,1498.51,65.42,63.66,0.70097,D,H,
2022-10-18,LaLiga,Getafe,Ath Bilbao,1442.34,1544.71,64.96,64.13,0.426674,D,A,
2022-10-18,LaLiga,Ath Madrid,Vallecano,1686.81,1437.87,66.19,66.93,0.843341,D,H,
2022-10-18,EPL,Brighton,Nott'm Forest,1524.93,1330.38,64.07,104.99,0.791753,D,H,
2022-10-18,EPL,Crystal Palace,Wolves,1495.95,1451.44,64.19,64.91,0.630137,H,H,1.0
2022-10-19,LaLiga,Elche,Real Madrid,1403.06,1789.55,64.99,69.49,0.131074,A,A,1.0
2022-10-19,LaLiga,Sociedad,Mallorca,1608.57,1435.19,63.93,68.47,0.778437,H,H,1.0
2022-10-19,LaLiga,Valladolid,Celta,1383.85,1492.46,74.44,64.43,0.418109,H,A,0.0
2022-10-19,EPL,Newcastle,Everton,1546.82,1455.1,64.44,64.42,0.689812,H,H,1.0
2022-10-19,EPL,Liverpool,West Ham,1712.95,1512.16,67.81,64.14,0.804498,H,H,1.0
2022-10-19,EPL,Brentford,Chelsea,1481.84,1639.78,66.54,65.42,0.352432,D,A,
2022-10-19,EPL,Bournemouth,Southampton,1522.46,1412.07,104.86,64.6,0.71186,A,H,0.0
2022-10-19,EPL,Man United,Tottenham,1590.33,1648.09,64.7,64.97,0.489054,H,A,0.0
2022-10-19,LaLiga,Cadiz,Betis,1442.67,1611.15,64.27,65.18,0.338974,D,A,
2022-10-20,LaLiga,Osasuna,Espanol,1486.42,1450.63,64.5,67.44,0.618439,H,H,1.0
2022-10-20,LaLiga,Barcelona,Villarreal,1702.03,1576.67,67.06,64.05,0.728926,H,H,1.0
2022-10-20,LaLiga,Almeria,Girona,1395.04,1404.78,108.99,108.07,0.554583,H,H,1.0
2022-10-20,EPL,Fulham,Aston Villa,1405.74,1460.22,74.22,64.28,0.493682,H,A,0.0
2022-10-20,EPL,Leicester,Leeds,1469.24,1451.25,64.36,63.71,0.594737,H,H,1.0
2022-10-21,SerieA,Juventus,Empoli,1624.27,1452.51,67.02,67.28,0.777021,H,H,1.0
2022-10-21,Bundesliga,Mainz,FC Koln,1511.91,1527.55,63.84,64.15,0.548308,H,H,1.0
2022-10-21,Ligue1,Ajaccio,Paris SG,1388.53,1758.22,103.29,68.11,0.142002,A,A,1.0
2022-10-22,SerieA,Salernitana,Spezia,1406.77,1399.01,70.38,65.96,0.580645,H,H,1.0
2022-10-22,EPL,Everton,Crystal Palace,1447.86,1504.5,64.33,64.03,0.490645,H,A,0.0
2022-10-22,EPL,Man City,Brighton,1780.02,1518.35,70.96,64.25,0.852951,H,H,1.0
2022-10-22,EPL,Chelsea,Man United,1636.24,1602.29,65.22,64.44,0.616204,D,H,
2022-10-22,LaLiga,Valencia,Mallorca,1503.09,1429.36,63.63,68.37,0.667309,A,H,0.0
2022-10-22,LaLiga,Valladolid,Sociedad,1401.62,1613.69,73.58,64.04,0.286134,H,A,0.0
2022-10-22,LaLiga,Vallecano,Cadiz,1446.58,1446.41,67.09,64.15,0.570284,H,H,1.0
2022-10-22,SerieA,Milan,Monza,1750.13,1427.69,67.95,109.52,0.883403,H,H,1.0
2022-10-22,Bundesliga,M'gladbach,Ein Frankfurt,1526.87,1534.08,64.17,63.93,0.560049,A,H,0.0
2022-10-22,Bundesliga,Leverkusen,Wolfsburg,1533.73,1491.34,65.08,64.87,0.627364,D,H,
2022-10-22,Bundesliga,Hoffenheim,Bayern Munich,1498.7,1713.37,64.16,69.73,0.283833,A,A,1.0
2022-10-22,Bundesliga,Freiburg,Werder Bremen,1566.85,1441.95,64.05,72.8,0.727298,H,H,1.0
2022-10-22,Bundesliga,Dortmund,Stuttgart,1618.02,1428.76,66.21,64.78,0.793978,H,H,1.0
2022-10-22,Bundesliga,Augsburg,RB Leipzig,1439.62,1588.44,64.92,64.88,0.364207,D,A,
2022-10-22,Ligue1,Marseille,Lens,1624.29,1616.52,64.68,63.95,0.580772,A,H,0.0
2022-10-22,Ligue1,Montpellier,Lyon,1426.77,1569.26,64.04,64.76,0.372504,A,A,1.0
2022-10-22,EPL,Nott'm Forest,Liverpool,1348.14,1718.02,102.63,67.81,0.141835,H,A,0.0
2022-10-22,LaLiga,Real Madrid,Sevilla,1793.11,1594.66,69.65,65.29,0.802257,H,H,1.0
2022-10-22,SerieA,Fiorentina,Inter,1507.56,1712.14,64.14,70.71,0.295619,A,A,1.0
2022-10-23,LaLiga,Espanol,Elche,1440.95,1399.92,67.08,65.31,0.625531,D,H,
2022-10-23,Bundesliga,Hertha,Schalke 04,1408.36,1266.22,65.1,79.65,0.745037,H,H,1.0
2022-10-23,Bundesliga,Bochum,Union Berlin,1400.0,1626.47,68.12,64.49,0.269883,H,A,0.0
2022-10-23,SerieA,Roma,Napoli,1612.01,1727.97,65.54,68.13,0.408267,A,A,1.0
2022-10-23,EPL,Southampton,Arsenal,1428.16,1660.72,64.59,64.22,0.263133,D,A,
2022-10-23,EPL,Leeds,Fulham,1442.02,1421.1,63.55,73.33,0.598123,A,H,0.0
2022-10-23,EPL,Aston Villa,Brentford,1448.58,1485.49,64.06,66.27,0.518431,H,H,1.0
2022-10-23,SerieA,Atalanta,Lazio,1628.62,1625.82,65.83,64.99,0.573863,A,H,0.0
2022-10-23,SerieA,Bologna,Lecce,1434.45,1417.43,65.17,107.77,0.590254,H,H,1.0
2022-10-23,EPL,Tottenham,Newcastle,1636.04,1554.06,64.7,64.34,0.677949,A,H,0.0
2022-10-23,SerieA,Udinese,Torino,1555.47,1480.02,64.48,64.91,0.669807,A,H,0.0
2022-10-23,LaLiga,Villarreal,Almeria,1570.4,1421.77,64.06,104.98,0.747405,H,H,1.0
2022-10-23,LaLiga,Girona,Osasuna,1378.48,1495.3,104.18,64.31,0.406872,D,A,
2022-10-23,LaLiga,Betis,Ath Madrid,1607.31,1678.29,65.01,66.39,0.470485,A,A,1.0
2022-10-23,Ligue1,Lille,Monaco,1594.31,1664.11,64.38,65.11,0.472126,H,A,0.0
2022-10-23,Ligue1,Nice,Nantes,1531.12,1494.74,64.17,63.69,0.619499,D,H,
2022-10-23,Ligue1,Troyes,Lorient,1441.58,1516.93,67.24,63.92,0.464311,D,A,
2022-10-23,Ligue1,Toulouse,Strasbourg,1501.19,1503.65,100.18,62.98,0.566689,D,H,
2022-10-23,Ligue1,Reims,Auxerre,1467.34,1403.95,63.66,98.6,0.650887,H,H,1.0
2022-10-23,Ligue1,Clermont,Brest,1451.99,1413.81,67.46,64.12,0.621853,A,H,0.0
2022-10-23,Ligue1,Angers,Rennes,1393.24,1607.55,64.16,63.94,0.283551,A,A,1.0
2022-10-23,LaLiga,Barcelona,Ath Bilbao,1708.87,1543.02,66.91,63.93,0.771658,H,H,1.0
2022-10-23,EPL,Wolves,Leicester,1442.71,1478.65,64.71,64.16,0.519816,A,H,0.0
2022-10-24,SerieA,Cremonese,Sampdoria,1374.18,1375.17,111.31,65.02,0.56863,A,H,0.0
2022-10-24,SerieA,Sassuolo,Verona,1517.6,1449.02,64.63,64.29,0.661246,H,H,1.0
2022-10-24,EPL,West Ham,Bournemouth,1507.6,1480.89,64.31,101.76,0.603528,H,H,1.0
2022-10-24,LaLiga,Celta,Getafe,1479.03,1444.07,64.23,64.71,0.617526,D,H,
2022-10-28,Ligue1,Lens,Toulouse,1629.83,1497.65,63.77,96.95,0.731516,H,H,1.0
2022-10-28,LaLiga,Mallorca,Espanol,1446.8,1437.8,68.02,66.75,0.582307,D,H,
2022-10-28,Bundesliga,Werder Bremen,Hertha,1433.94,1414.39,72.32,65.09,0.596776,H,H,1.0
2022-10-29,EPL,Newcastle,Aston Villa,1569.83,1459.64,64.24,63.84,0.711725,H,H,1.0
2022-10-29,LaLiga,Almeria,Celta,1407.28,1476.31,102.19,64.06,0.473187,H,A,0.0
2022-10-29,LaLiga,Cadiz,Ath Madrid,1436.51,1689.86,63.95,66.03,0.241281,H,A,0.0
2022-10-29,LaLiga,Sevilla,Vallecano,1589.89,1457.37,65.4,66.71,0.736511,A,H,0.0
2022-10-29,LaLiga,Valencia,Barcelona,1487.93,1714.63,63.55,66.86,0.269924,A,A,1.0
2022-10-29,Ligue1,Paris SG,Troyes,1762.0,1442.48,68.29,66.82,0.88903,H,H,1.0
2022-10-29,EPL,Bournemouth,Tottenham,1459.38,1620.09,98.45,64.57,0.348791,A,A,1.0
2022-10-29,EPL,Liverpool,Leeds,1696.45,1428.54,68.0,63.41,0.857425,A,H,0.0
2022-10-29,EPL,Brentford,Wolves,1473.69,1430.53,65.92,64.45,0.628402,D,H,
2022-10-29,EPL,Brighton,Chelsea,1514.89,1633.48,64.55,64.98,0.404514,H,A,0.0
2022-10-29,EPL,Fulham,Everton,1438.89,1459.67,72.56,64.09,0.541115,D,H,
2022-10-29,EPL,Crystal Palace,Southampton,1492.8,1433.73,63.81,64.57,0.649099,H,H,1.0
2022-10-29,Ligue1,Strasbourg,Marseille,1505.06,1610.68,62.89,64.45,0.42221,D,A,
2022-10-29,Bundesliga,RB Leipzig,Leverkusen,1585.24,1530.71,64.69,64.87,0.643216,H,H,1.0
2022-10-29,Bundesliga,Bayern Munich,Mainz,1721.06,1522.23,69.39,63.64,0.802823,H,H,1.0
2022-10-29,Bundesliga,Stuttgart,Augsburg,1423.87,1442.83,64.89,64.73,0.543641,H,H,1.0
2022-10-29,Bundesliga,Wolfsburg,Bochum,1494.34,1418.99,64.67,67.91,0.669382,H,H,1.0
2022-10-29,Bundesliga,Ein Frankfurt,Dortmund,1546.92,1623.12,63.74,66.26,0.463169,A,A,1.0
2022-10-29,SerieA,Inter,Sampdoria,1720.36,1388.09,70.3,64.84,0.896171,H,H,1.0
2022-10-29,SerieA,Lecce,Juventus,1392.78,1629.9,103.71,66.98,0.25853,A,A,1.0
2022-10-29,SerieA,Napoli,Sassuolo,1738.51,1525.55,67.7,64.48,0.815026,H,H,1.0
2022-10-29,EPL,Leicester,Man City,1490.63,1784.2,63.94,71.0,0.202977,A,A,1.0
2022-10-30,SerieA,Lazio,Salernitana,1639.38,1418.28,64.74,69.79,0.821073,A,H,0.0
2022-10-30,SerieA,Torino,Milan,1495.87,1753.08,64.76,68.26,0.237616,H,A,0.0
2022-10-30,SerieA,Empoli,Atalanta,1446.84,1614.72,67.23,65.53,0.339752,A,A,1.0
2022-10-30,LaLiga,Osasuna,Valladolid,1493.27,1423.09,64.17,73.01,0.662395,H,H,1.0
2022-10-30,LaLiga,Real Madrid,Girona,1798.51,1383.79,69.56,100.55,0.927473,D,H,
2022-10-30,Ligue1,Lyon,Lille,1578.02,1606.55,64.56,64.14,0.530232,H,H,1.0
2022-10-30,Ligue1,Lorient,Nice,1516.11,1528.36,63.72,64.01,0.553045,A,H,0.0
2022-10-30,Ligue1,Rennes,Montpellier,1614.08,1418.2,63.92,63.89,0.800141,H,H,1.0
2022-10-30,Ligue1,Nantes,Clermont,1497.46,1436.2,63.55,67.1,0.651679,D,H,
2022-10-30,Ligue1,Monaco,Angers,1651.6,1386.66,64.83,64.13,0.855261,H,H,1.0
2022-10-30,Ligue1,Brest,Reims,1428.12,1475.1,63.96,63.61,0.504266,D,H,
2022-10-30,Ligue1,Auxerre,Ajaccio,1386.06,1380.26,95.82,101.72,0.575826,H,H,1.0
2022-10-30,LaLiga,Ath Bilbao,Villarreal,1537.74,1576.08,64.03,64.14,0.516446,H,H,1.0
2022-10-30,LaLiga,Sociedad,Betis,1597.31,1596.2,64.02,64.74,0.571552,A,H,0.0
2022-10-30,EPL,Man United,West Ham,1604.99,1516.54,64.26,64.17,0.685891,H,H,1.0
2022-10-30,EPL,Arsenal,Nott'm Forest,1655.21,1397.51,64.23,101.1,0.843771,H,H,1.0
2022-10-30,Bundesliga,FC Koln,Hoffenheim,1517.13,1492.14,63.93,64.14,0.604208,D,H,
2022-10-30,Bundesliga,Schalke 04,Freiburg,1257.37,1573.12,78.81,64.05,0.182553,A,A,1.0
2022-10-30,Bundesliga,Union Berlin,M'gladbach,1609.4,1513.94,64.48,63.96,0.694364,H,H,1.0
2022-10-30,SerieA,Spezia,Fiorentina,1388.85,1500.74,65.66,64.09,0.413596,A,A,1.0
2022-10-30,SerieA,Cremonese,Udinese,1337.67,1539.83,106.72,64.36,0.297713,D,A,
2022-10-31,SerieA,Monza,Bologna,1420.5,1443.88,108.02,64.99,0.53746,A,H,0.0
2022-10-31,SerieA,Verona,Roma,1441.15,1602.22,64.17,65.27,0.3484,A,A,1.0
2022-10-31,LaLiga,Elche,Getafe,1402.91,1446.83,65.09,64.5,0.508575,A,H,0.0
2022-11-04,LaLiga,Girona,Ath Bilbao,1408.09,1548.85,100.07,63.81,0.374703,H,A,0.0
2022-11-04,Ligue1,Troyes,Auxerre,1439.66,1406.27,67.15,93.26,0.613082,D,H,
2022-11-04,Bundesliga,M'gladbach,Stuttgart,1506.9,1434.61,63.9,64.62,0.66588,H,H,1.0
2022-11-04,SerieA,Udinese,Lecce,1535.4,1377.94,64.34,100.95,0.757182,D,H,
2022-11-05,LaLiga,Barcelona,Almeria,1721.4,1436.21,66.71,98.68,0.863101,H,H,1.0
2022-11-05,LaLiga,Celta,Osasuna,1464.55,1501.04,63.9,64.07,0.519039,A,H,0.0
2022-11-05,LaLiga,Valladolid,Elche,1413.14,1390.87,72.36,64.8,0.600489,H,H,1.0
2022-11-05,Ligue1,Ajaccio,Strasbourg,1357.62,1506.79,98.51,62.77,0.363579,H,A,0.0
2022-11-05,LaLiga,Getafe,Cadiz,1458.67,1454.03,64.26,64.01,0.576457,D,H,
2022-11-05,Ligue1,Angers,Lens,1383.27,1635.85,64.43,63.82,0.241789,A,A,1.0
2022-11-05,Bundesliga,Hoffenheim,RB Leipzig,1494.54,1593.61,63.96,64.52,0.431263,A,A,1.0
2022-11-05,Bundesliga,Dortmund,Bochum,1634.47,1410.48,65.91,67.59,0.823772,H,H,1.0
2022-11-05,EPL,Nott'm Forest,Brentford,1389.13,1470.57,99.58,65.66,0.455824,D,A,
2022-11-05,Bundesliga,Augsburg,Ein Frankfurt,1432.13,1536.38,64.47,63.54,0.424065,A,A,1.0
2022-11-05,EPL,Wolves,Brighton,1433.52,1528.79,64.28,64.34,0.436517,A,A,1.0
2022-11-05,SerieA,Milan,Spezia,1733.12,1378.88,68.12,65.37,0.907079,H,H,1.0
2022-11-05,SerieA,Atalanta,Napoli,1622.89,1743.3,65.34,67.73,0.40222,A,A,1.0
2022-11-05,SerieA,Salernitana,Cremonese,1440.83,1349.85,69.76,103.35,0.683762,D,H,
2022-11-05,SerieA,Empoli,Sassuolo,1438.26,1521.18,66.94,64.66,0.453715,H,A,0.0
2022-11-05,EPL,Everton,Leicester,1460.6,1485.95,63.89,64.1,0.534707,A,H,0.0
2022-11-05,EPL,Man City,Fulham,1789.92,1437.69,70.83,71.79,0.905299,H,H,1.0
2022-11-05,Bundesliga,Werder Bremen,Schalke 04,1445.6,1251.05,71.62,78.33,0.796756,H,H,1.0
2022-11-05,Bundesliga,Mainz,Wolfsburg,1517.7,1502.09,63.83,64.54,0.591458,A,H,0.0
2022-11-05,Bundesliga,Hertha,Bayern Munich,1404.86,1726.41,64.86,69.32,0.178487,A,A,1.0
2022-11-05,EPL,Leeds,Bournemouth,1448.13,1441.37,63.75,95.67,0.577531,H,H,1.0
2022-11-06,EPL,Chelsea,Arsenal,1619.4,1658.77,64.75,64.53,0.51497,A,H,0.0
2022-11-06,EPL,Southampton,Newcastle,1425.51,1576.54,64.42,64.2,0.361276,A,A,1.0
2022-11-06,Bundesliga,Freiburg,FC Koln,1577.38,1514.74,64.26,63.76,0.653741,H,H,1.0
2022-11-06,Ligue1,Lille,Rennes,1595.73,1618.71,63.92,64.08,0.538026,D,H,
2022-11-06,EPL,West Ham,Crystal Palace,1509.26,1500.83,64.09,63.7,0.581689,A,H,0.0
2022-11-06,EPL,Tottenham,Liverpool,1628.14,1673.97,64.46,68.17,0.505872,A,H,0.0
2022-11-06,Ligue1,Lorient,Paris SG,1503.52,1764.94,63.53,68.57,0.233404,A,A,1.0
2022-11-06,EPL,Aston Villa,Man United,1453.02,1612.29,63.82,64.17,0.350606,H,A,0.0
2022-11-06,SerieA,Monza,Verona,1387.86,1433.1,103.8,64.04,0.506714,H,H,1.0
2022-11-06,SerieA,Juventus,Inter,1636.37,1723.28,66.9,70.54,0.448354,H,A,0.0
2022-11-06,SerieA,Roma,Lazio,1610.54,1619.92,65.08,64.93,0.557002,A,H,0.0
2022-11-06,SerieA,Sampdoria,Fiorentina,1385.59,1510.26,65.25,63.9,0.396211,A,A,1.0
2022-11-06,SerieA,Bologna,Torino,1456.13,1513.87,64.79,64.8,0.489089,H,A,0.0
2022-11-06,Ligue1,Clermont,Montpellier,1440.02,1413.57,66.8,64.05,0.606172,D,H,
2022-11-06,Bundesliga,Leverkusen,Union Berlin,1522.29,1616.55,64.69,64.39,0.437912,H,A,0.0
2022-11-06,Ligue1,Reims,Nantes,1475.2,1494.02,63.41,63.46,0.543872,H,H,1.0
2022-11-06,LaLiga,Betis,Sevilla,1609.61,1572.18,64.5,65.35,0.620777,D,H,
2022-11-06,LaLiga,Villarreal,Mallorca,1564.93,1444.68,63.92,67.59,0.722775,A,H,0.0
2022-11-06,LaLiga,Sociedad,Valencia,1584.18,1481.79,63.83,63.58,0.702645,D,H,
2022-11-06,LaLiga,Ath Madrid,Espanol,1671.21,1439.84,65.99,66.4,0.829896,D,H,
2022-11-06,Ligue1,Marseille,Lyon,1608.87,1588.98,64.23,64.32,0.597292,H,H,1.0
2022-11-06,Ligue1,Toulouse,Monaco,1484.3,1655.06,94.77,65.11,0.336096,A,A,1.0
2022-11-06,Ligue1,Nice,Brest,1541.06,1428.03,63.8,63.75,0.715017,H,H,1.0
2022-11-07,LaLiga,Vallecano,Real Madrid,1475.78,1787.03,66.59,69.98,0.187233,H,A,0.0
2022-11-08,LaLiga,Osasuna,Barcelona,1512.98,1724.77,63.85,66.98,0.286796,A,A,1.0
2022-11-08,LaLiga,Elche,Girona,1381.5,1441.29,64.59,97.01,0.486548,A,A,1.0
2022-11-08,SerieA,Napoli,Empoli,1753.57,1451.9,67.33,66.55,0.878754,H,H,1.0
2022-11-08,SerieA,Spezia,Udinese,1376.61,1529.55,65.81,64.43,0.358804,D,A,
2022-11-08,SerieA,Cremonese,Milan,1360.49,1735.58,100.27,68.48,0.1384,D,A,
2022-11-08,Bundesliga,Wolfsburg,Dortmund,1515.9,1638.79,64.32,66.05,0.398744,H,A,0.0
2022-11-08,Bundesliga,Bayern Munich,Werder Bremen,1731.23,1451.39,69.31,71.43,0.864327,H,H,1.0
2022-11-08,Bundesliga,Bochum,M'gladbach,1405.94,1514.57,67.67,63.8,0.418042,H,A,0.0
2022-11-08,Bundesliga,Stuttgart,Hertha,1426.78,1400.62,64.49,65.05,0.605716,H,H,1.0
2022-11-08,LaLiga,Ath Bilbao,Valladolid,1535.0,1424.71,63.72,71.66,0.71089,H,H,1.0
2022-11-09,Bundesliga,Union Berlin,Augsburg,1603.5,1422.25,64.17,64.25,0.786562,D,H,
2022-11-09,Bundesliga,Schalke 04,Mainz,1244.18,1504.18,77.8,63.66,0.234167,H,A,0.0
2022-11-09,Bundesliga,RB Leipzig,Freiburg,1603.67,1585.42,64.29,64.13,0.595074,H,H,1.0
2022-11-09,SerieA,Torino,Sampdoria,1501.88,1376.14,64.53,65.01,0.729235,H,H,1.0
2022-11-09,SerieA,Inter,Bologna,1708.08,1468.13,69.92,64.53,0.836879,H,H,1.0
2022-11-09,SerieA,Fiorentina,Salernitana,1519.34,1435.98,63.74,69.43,0.679104,H,H,1.0
2022-11-09,SerieA,Sassuolo,Roma,1508.42,1597.35,64.42,64.81,0.445344,D,A,
2022-11-09,SerieA,Lecce,Atalanta,1392.37,1613.3,98.61,65.09,0.276156,H,A,0.0
2022-11-09,Bundesliga,FC Koln,Leverkusen,1506.83,1535.46,63.66,64.45,0.530098,A,H,0.0
2022-11-09,LaLiga,Almeria,Getafe,1429.17,1456.9,97.5,64.05,0.531372,H,H,1.0
2022-11-09,LaLiga,Espanol,Villarreal,1448.07,1548.32,66.54,63.91,0.429602,A,A,1.0
2022-11-09,LaLiga,Sevilla,Sociedad,1575.07,1579.53,65.12,63.79,0.563879,A,H,0.0
2022-11-09,Bundesliga,Ein Frankfurt,Hoffenheim,1545.99,1484.66,63.38,63.76,0.652068,H,H,1.0
2022-11-09,LaLiga,Mallorca,Ath Madrid,1463.21,1663.08,67.39,66.15,0.300629,H,A,0.0
2022-11-10,SerieA,Lazio,Monza,1633.05,1415.73,64.67,100.08,0.812548,H,H,1.0
2022-11-10,LaLiga,Vallecano,Celta,1496.08,1452.67,66.68,63.69,0.628794,D,H,
2022-11-10,LaLiga,Valencia,Betis,1486.4,1606.8,63.55,64.31,0.402023,H,A,0.0
2022-11-10,LaLiga,Real Madrid,Cadiz,1764.64,1455.78,69.92,63.82,0.883356,H,H,1.0
2022-11-10,SerieA,Verona,Juventus,1422.09,1650.08,63.88,66.52,0.268443,A,A,1.0
2022-11-11,Bundesliga,M'gladbach,Dortmund,1501.32,1624.13,63.63,65.76,0.398842,H,A,0.0
2022-11-11,Ligue1,Lyon,Nice,1579.64,1547.6,64.12,63.79,0.613687,D,H,
2022-11-11,SerieA,Empoli,Cremonese,1448.85,1380.4,66.85,98.93,0.657125,H,H,1.0
2022-11-12,SerieA,Sampdoria,Lecce,1369.7,1430.14,64.96,96.2,0.485637,A,A,1.0
2022-11-12,EPL,West Ham,Leicester,1495.86,1498.26,63.9,63.88,0.566736,A,H,0.0
2022-11-12,Ligue1,Rennes,Toulouse,1619.59,1468.12,63.87,92.41,0.75266,H,H,1.0
2022-11-12,Ligue1,Lens,Clermont,1641.42,1437.38,63.89,66.46,0.807038,H,H,1.0
2022-11-12,SerieA,Napoli,Udinese,1756.69,1526.26,67.61,64.27,0.829446,H,H,1.0
2022-11-12,EPL,Tottenham,Leeds,1616.4,1457.55,64.22,63.62,0.76467,H,H,1.0
2022-11-12,SerieA,Bologna,Sassuolo,1464.26,1509.69,64.77,64.19,0.506452,H,H,1.0
2022-11-12,Bundesliga,Leverkusen,Stuttgart,1547.79,1435.96,64.21,64.29,0.713561,H,H,1.0
2022-11-12,Bundesliga,Hertha,FC Koln,1391.28,1494.79,64.81,63.47,0.42508,H,A,0.0
2022-11-12,Bundesliga,Werder Bremen,RB Leipzig,1447.5,1613.05,71.5,64.1,0.342579,A,A,1.0
2022-11-12,Bundesliga,Schalke 04,Bayern Munich,1269.9,1734.9,77.15,69.46,0.088432,A,A,1.0
2022-11-12,EPL,Nott'm Forest,Crystal Palace,1391.44,1514.07,96.39,63.53,0.398953,H,A,0.0
2022-11-12,Bundesliga,Augsburg,Bochum,1428.95,1420.79,64.37,67.25,0.581134,A,H,0.0
2022-11-12,EPL,Wolves,Arsenal,1423.41,1670.77,64.06,64.28,0.247282,A,A,1.0
2022-11-12,EPL,Newcastle,Chelsea,1584.9,1607.32,64.05,64.49,0.538801,H,H,1.0
2022-11-12,EPL,Bournemouth,Everton,1420.87,1448.37,92.96,63.69,0.531692,H,H,1.0
2022-11-12,EPL,Man City,Brentford,1792.6,1469.55,71.1,65.41,0.891157,A,H,0.0
2022-11-12,EPL,Liverpool,Southampton,1687.04,1417.1,67.69,64.26,0.858705,H,H,1.0
2022-11-12,Bundesliga,Hoffenheim,Wolfsburg,1476.7,1529.83,63.65,64.13,0.495588,A,A,1.0
2022-11-13,SerieA,Milan,Fiorentina,1726.37,1526.65,68.66,63.68,0.80361,H,H,1.0
2022-11-13,Ligue1,Monaco,Marseille,1662.96,1618.18,64.98,64.04,0.630563,A,H,0.0
2022-11-13,Ligue1,Strasbourg,Lorient,1493.1,1498.21,62.74,63.63,0.562984,D,H,
2022-11-13,Ligue1,Nantes,Ajaccio,1483.71,1390.49,63.28,95.66,0.687592,D,H,
2022-11-13,Ligue1,Paris SG,Auxerre,1771.09,1411.63,68.43,90.89,0.905912,H,H,1.0
2022-11-13,Ligue1,Montpellier,Reims,1416.01,1485.49,63.88,63.24,0.472542,D,A,
2022-11-13,SerieA,Verona,Spezia,1415.91,1380.03,63.9,65.57,0.618691,A,H,0.0
2022-11-13,Bundesliga,Freiburg,Union Berlin,1576.08,1596.82,63.94,64.28,0.541164,H,H,1.0
2022-11-13,Ligue1,Lille,Angers,1594.86,1377.6,63.72,64.47,0.818647,H,H,1.0
2022-11-13,EPL,Fulham,Man United,1434.93,1597.26,72.04,64.04,0.346679,A,A,1.0
2022-11-13,EPL,Brighton,Aston Villa,1538.91,1467.88,64.12,63.71,0.664376,A,H,0.0
2022-11-13,SerieA,Juventus,Lazio,1656.75,1637.38,66.4,64.87,0.596553,H,H,1.0
2022-11-13,SerieA,Atalanta,Inter,1596.59,1712.58,65.06,69.94,0.408328,A,A,1.0
2022-11-13,SerieA,Monza,Salernitana,1405.85,1427.37,98.3,69.03,0.539945,H,H,1.0
2022-11-13,SerieA,Roma,Torino,1596.06,1508.23,64.56,64.51,0.6851,D,H,
2022-11-13,Bundesliga,Mainz,Ein Frankfurt,1486.83,1553.85,63.76,63.29,0.476001,D,A,
2022-11-13,Ligue1,Brest,Troyes,1421.49,1436.87,63.74,66.85,0.548587,H,H,1.0
2022-12-26,EPL,Southampton,Brighton,1413.77,1523.55,65.79,65.21,0.416549,A,A,1.0
2022-12-26,EPL,Aston Villa,Liverpool,1483.05,1690.71,64.83,69.04,0.291827,A,A,1.0
2022-12-26,EPL,Leicester,Newcastle,1511.23,1595.49,64.93,65.07,0.45186,A,A,1.0
2022-12-26,EPL,Everton,Wolves,1437.91,1417.68,64.78,65.34,0.597695,A,H,0.0
2022-12-26,EPL,Crystal Palace,Fulham,1500.81,1424.96,64.66,72.51,0.669525,A,H,0.0
2022-12-26,EPL,Brentford,Tottenham,1491.2,1621.89,66.99,65.51,0.388226,D,A,
2022-12-26,EPL,Arsenal,West Ham,1676.54,1482.89,65.54,64.94,0.797982,H,H,1.0
2022-12-27,EPL,Man United,Nott'm Forest,1605.23,1421.18,65.16,94.51,0.784229,H,H,1.0
2022-12-27,EPL,Chelsea,Bournemouth,1596.58,1442.49,65.5,91.35,0.755543,H,H,1.0
2022-12-28,EPL,Leeds,Man City,1452.16,1767.07,65.0,72.45,0.184495,A,A,1.0
2022-12-28,Ligue1,Paris SG,Strasbourg,1773.55,1491.7,69.96,63.9,0.86671,H,H,1.0
2022-12-28,Ligue1,Brest,Lyon,1431.76,1577.02,64.82,65.26,0.368899,A,A,1.0
2022-12-28,Ligue1,Clermont,Lille,1432.57,1599.04,67.77,65.19,0.341514,A,A,1.0
2022-12-28,Ligue1,Auxerre,Monaco,1407.45,1648.03,91.39,66.02,0.254685,A,A,1.0
2022-12-28,Ligue1,Troyes,Nantes,1425.62,1479.57,67.68,64.56,0.494428,D,A,
2022-12-28,Ligue1,Ajaccio,Angers,1399.92,1373.33,94.2,65.9,0.606244,H,H,1.0
2022-12-29,Ligue1,Lorient,Montpellier,1499.64,1416.64,64.75,64.97,0.679145,A,H,0.0
2022-12-29,Ligue1,Nice,Lens,1550.2,1645.88,64.99,65.39,0.43599,D,A,
2022-12-29,Ligue1,Marseille,Toulouse,1632.69,1456.84,65.18,91.66,0.777017,H,H,1.0
2022-12-29,Ligue1,Reims,Rennes,1484.87,1625.17,64.37,65.27,0.375427,H,A,0.0
2022-12-29,LaLiga,Girona,Vallecano,1465.56,1492.88,95.05,67.69,0.53186,D,H,
2022-12-29,LaLiga,Betis,Ath Bilbao,1592.93,1541.58,65.48,65.14,0.639064,D,H,
2022-12-29,LaLiga,Ath Madrid,Elche,1645.94,1370.41,67.34,65.81,0.862277,H,H,1.0
2022-12-30,EPL,West Ham,Brentford,1478.07,1493.99,65.05,66.65,0.547827,A,H,0.0
2022-12-30,EPL,Liverpool,Leicester,1698.47,1500.58,68.73,64.67,0.80184,H,H,1.0
2022-12-30,LaLiga,Cadiz,Almeria,1453.06,1452.79,65.62,95.49,0.568792,D,H,
2022-12-30,LaLiga,Getafe,Mallorca,1446.36,1480.98,65.31,68.52,0.521623,H,H,1.0
2022-12-30,LaLiga,Celta,Sevilla,1455.6,1561.69,64.97,66.25,0.42166,D,A,
2022-12-30,LaLiga,Valladolid,Real Madrid,1416.46,1767.87,72.52,71.39,0.155495,A,A,1.0
2022-12-31,LaLiga,Barcelona,Espanol,1731.98,1437.45,68.21,67.6,0.874259,D,H,
2022-12-31,LaLiga,Sociedad,Osasuna,1592.39,1506.4,65.06,65.31,0.682764,H,H,1.0
2022-12-31,LaLiga,Villarreal,Valencia,1558.14,1499.96,65.18,64.84,0.647935,H,H,1.0
2022-12-31,EPL,Newcastle,Leeds,1606.19,1447.77,64.8,65.17,0.764035,D,H,
2022-12-31,EPL,Man City,Everton,1772.48,1423.87,72.28,64.56,0.904464,D,H,
2022-12-31,EPL,Brighton,Arsenal,1533.45,1681.45,64.96,65.63,0.36534,A,A,1.0
2022-12-31,EPL,Fulham,Southampton,1444.5,1403.7,71.92,65.5,0.625222,H,H,1.0
2022-12-31,EPL,Wolves,Man United,1431.96,1610.3,65.08,65.26,0.326636,A,A,1.0
2022-12-31,EPL,Bournemouth,Crystal Palace,1431.57,1485.17,89.77,64.54,0.494921,A,A,1.0
2023-01-01,Ligue1,Lyon,Clermont,1585.82,1423.81,65.05,67.45,0.767344,A,H,0.0
2023-01-01,Ligue1,Toulouse,Ajaccio,1446.81,1418.58,90.19,91.71,0.606451,H,H,1.0
2023-01-01,Ligue1,Angers,Lorient,1363.91,1483.65,65.67,64.62,0.402934,A,A,1.0
2023-01-01,Ligue1,Lens,Paris SG,1644.35,1777.25,65.1,70.09,0.385606,H,A,0.0
2023-01-01,Ligue1,Monaco,Brest,1654.25,1423.07,65.98,64.63,0.829994,H,H,1.0
2023-01-01,Ligue1,Nantes,Auxerre,1479.44,1395.89,64.31,89.73,0.676861,H,H,1.0
2023-01-01,EPL,Tottenham,Aston Villa,1619.21,1476.17,65.26,64.76,0.748094,A,H,0.0
2023-01-01,EPL,Nott'm Forest,Chelsea,1410.92,1602.38,92.89,65.51,0.310616,D,A,
2023-01-02,Ligue1,Strasbourg,Troyes,1488.59,1425.76,64.25,67.23,0.653665,A,H,0.0
2023-01-02,Ligue1,Lille,Reims,1607.17,1499.39,65.02,64.2,0.708887,D,H,
2023-01-02,Ligue1,Montpellier,Marseille,1432.73,1637.94,64.83,65.26,0.294239,A,A,1.0
2023-01-02,Ligue1,Rennes,Nice,1610.27,1551.71,65.04,64.73,0.648425,H,H,1.0
2023-01-02,EPL,Brentford,Liverpool,1507.56,1703.74,66.28,68.68,0.305305,H,A,0.0
2023-01-03,EPL,Man United,Bournemouth,1618.1,1410.16,65.1,87.57,0.806996,H,H,1.0
2023-01-03,EPL,Leicester,Fulham,1495.89,1455.24,64.8,71.28,0.624563,A,H,0.0
2023-01-03,EPL,Everton,Brighton,1433.44,1524.82,65.01,64.76,0.441938,A,A,1.0
2023-01-03,EPL,Arsenal,Newcastle,1690.26,1599.93,65.39,64.83,0.688085,D,H,
2023-01-04,SerieA,Sassuolo,Sampdoria,1498.3,1358.5,65.44,66.2,0.744457,A,H,0.0
2023-01-04,SerieA,Salernitana,Milan,1415.46,1731.59,69.93,69.97,0.183096,A,A,1.0
2023-01-04,SerieA,Udinese,Empoli,1522.26,1457.21,65.97,68.08,0.656415,D,H,
2023-01-04,SerieA,Torino,Verona,1512.56,1401.74,65.85,65.2,0.712289,D,H,
2023-01-04,SerieA,Lecce,Lazio,1453.99,1627.88,94.38,66.08,0.332248,H,A,0.0
2023-01-04,SerieA,Roma,Bologna,1591.73,1475.85,65.9,65.97,0.718011,H,H,1.0
2023-01-04,SerieA,Cremonese,Juventus,1362.74,1666.69,97.17,67.49,0.193194,A,A,1.0
2023-01-04,SerieA,Spezia,Atalanta,1394.93,1586.95,66.75,66.26,0.310021,D,A,
2023-01-04,SerieA,Inter,Napoli,1723.66,1761.1,70.73,69.1,0.51765,H,H,1.0
2023-01-04,SerieA,Fiorentina,Monza,1522.13,1429.32,65.31,96.25,0.687015,D,H,
2023-01-04,EPL,Crystal Palace,Tottenham,1496.51,1601.26,64.33,65.24,0.423455,A,A,1.0
2023-01-04,EPL,Aston Villa,Wolves,1493.85,1424.19,64.76,64.93,0.66254,D,H,
2023-01-04,EPL,Leeds,West Ham,1454.09,1465.12,65.18,64.78,0.554719,D,H,
2023-01-04,EPL,Southampton,Nott'm Forest,1394.73,1419.73,65.27,90.81,0.534516,A,H,0.0
2023-01-05,EPL,Chelsea,Man City,1597.99,1760.49,65.4,72.5,0.347262,A,A,1.0
2023-01-06,LaLiga,Elche,Celta,1367.02,1457.45,66.07,64.72,0.443251,A,A,1.0
2023-01-06,LaLiga,Valencia,Cadiz,1491.66,1451.44,64.66,65.37,0.624461,A,H,0.0
2023-01-07,SerieA,Fiorentina,Sassuolo,1517.75,1480.36,65.22,65.41,0.620709,H,H,1.0
2023-01-07,LaLiga,Espanol,Girona,1447.14,1464.03,67.84,92.35,0.545603,D,H,
2023-01-07,LaLiga,Villarreal,Real Madrid,1566.53,1772.32,64.99,71.38,0.29429,H,A,0.0
2023-01-07,SerieA,Monza,Inter,1438.81,1736.99,93.87,70.1,0.198687,D,A,
2023-01-07,SerieA,Juventus,Udinese,1671.66,1518.46,67.53,65.74,0.758611,H,H,1.0
2023-01-07,LaLiga,Mallorca,Valladolid,1468.5,1411.88,68.02,72.46,0.645233,H,H,1.0
2023-01-08,SerieA,Spezia,Lecce,1399.67,1485.88,66.53,92.08,0.450143,D,A,
2023-01-08,SerieA,Salernitana,Torino,1410.44,1507.39,69.88,65.72,0.434235,D,A,
2023-01-08,SerieA,Milan,Roma,1736.62,1598.6,69.92,65.78,0.742589,D,H,
2023-01-08,SerieA,Sampdoria,Napoli,1376.84,1748.36,66.12,68.57,0.140822,A,A,1.0
2023-01-08,SerieA,Lazio,Empoli,1611.97,1461.26,65.9,67.73,0.755768,D,H,
2023-01-08,LaLiga,Sevilla,Getafe,1559.77,1457.74,65.93,65.02,0.702048,H,H,1.0
2023-01-08,LaLiga,Ath Madrid,Barcelona,1649.48,1722.12,67.56,68.44,0.468209,A,A,1.0
2023-01-08,LaLiga,Vallecano,Betis,1493.66,1589.59,67.31,65.26,0.435637,A,A,1.0
2023-01-08,LaLiga,Almeria,Sociedad,1456.21,1599.92,92.79,64.93,0.370893,A,A,1.0
2023-01-09,SerieA,Bologna,Atalanta,1468.96,1582.28,65.85,66.07,0.411749,A,A,1.0
2023-01-09,LaLiga,Ath Bilbao,Osasuna,1544.89,1498.81,64.94,65.16,0.63219,D,H,
2023-01-09,SerieA,Verona,Cremonese,1406.81,1352.83,65.11,95.5,0.639424,H,H,1.0
2023-01-11,Ligue1,Troyes,Marseille,1442.29,1644.98,66.93,65.15,0.297175,A,A,1.0
2023-01-11,Ligue1,Strasbourg,Lens,1473.46,1658.88,64.12,64.88,0.317881,D,A,
2023-01-11,Ligue1,Paris SG,Angers,1760.48,1354.2,69.55,65.39,0.929024,H,H,1.0
2023-01-11,Ligue1,Nice,Montpellier,1543.45,1425.78,64.57,64.75,0.720194,H,H,1.0
2023-01-11,Ligue1,Lorient,Monaco,1493.07,1658.45,64.41,66.14,0.342992,D,A,
2023-01-11,Ligue1,Clermont,Rennes,1443.45,1618.61,67.36,64.86,0.330551,H,A,0.0
2023-01-11,Ligue1,Nantes,Lyon,1486.83,1567.52,64.24,65.08,0.456848,D,A,
2023-01-11,Ligue1,Ajaccio,Reims,1401.12,1504.23,89.55,64.16,0.425657,A,A,1.0
2023-01-11,Ligue1,Auxerre,Toulouse,1381.95,1463.73,87.88,88.17,0.456077,A,A,1.0
2023-01-11,Ligue1,Brest,Lille,1419.04,1602.2,64.84,64.93,0.320659,D,A,
2023-01-12,EPL,Fulham,Chelsea,1472.84,1589.71,70.68,65.21,0.406872,H,A,0.0
2023-01-13,EPL,Aston Villa,Leeds,1490.03,1452.79,64.61,64.91,0.62054,H,H,1.0
2023-01-13,SerieA,Napoli,Juventus,1752.1,1677.84,68.73,67.42,0.668065,H,H,1.0
2023-01-13,LaLiga,Celta,Villarreal,1467.83,1583.22,64.47,64.91,0.40886,D,A,
2023-01-14,LaLiga,Girona,Sevilla,1466.14,1567.03,89.94,65.78,0.428793,H,A,0.0
2023-01-14,Ligue1,Marseille,Lorient,1652.07,1496.73,65.04,64.28,0.761003,H,H,1.0
2023-01-14,LaLiga,Sociedad,Ath Bilbao,1608.57,1541.76,64.76,64.74,0.658957,H,H,1.0
2023-01-14,EPL,Man United,Man City,1622.66,1770.58,65.25,71.87,0.36597,H,A,0.0
2023-01-14,EPL,Brighton,Liverpool,1535.19,1685.44,64.52,68.36,0.362625,H,A,0.0
2023-01-14,EPL,Everton,Southampton,1422.99,1382.23,64.75,65.02,0.625207,A,H,0.0
2023-01-14,EPL,Nott'm Forest,Leicester,1443.37,1481.25,88.53,64.61,0.51709,H,H,1.0
2023-01-14,EPL,Wolves,West Ham,1428.04,1466.4,64.77,64.53,0.516402,H,H,1.0
2023-01-14,EPL,Brentford,Bournemouth,1524.64,1402.16,66.1,86.56,0.722596,H,H,1.0
2023-01-14,LaLiga,Osasuna,Mallorca,1501.95,1477.62,64.95,67.67,0.603093,H,H,1.0
2023-01-14,LaLiga,Valladolid,Vallecano,1401.6,1482.67,71.82,66.91,0.45637,A,A,1.0
2023-01-14,SerieA,Cremonese,Monza,1335.4,1453.27,92.98,92.4,0.407363,A,A,1.0
2023-01-14,SerieA,Lecce,Milan,1483.58,1729.99,89.69,69.65,0.248995,D,A,
2023-01-14,SerieA,Inter,Verona,1728.95,1415.19,70.01,64.96,0.886031,H,H,1.0
2023-01-14,Ligue1,Lyon,Strasbourg,1566.5,1477.67,64.81,64.04,0.686357,A,H,0.0
2023-01-14,Ligue1,Lens,Auxerre,1654.57,1363.26,64.76,85.97,0.869375,H,H,1.0
2023-01-15,EPL,Chelsea,Crystal Palace,1575.65,1486.7,64.97,64.12,0.686508,H,H,1.0
2023-01-15,SerieA,Sassuolo,Lazio,1471.28,1605.73,65.17,65.87,0.383239,A,A,1.0
2023-01-15,SerieA,Torino,Spezia,1505.81,1400.87,65.43,66.22,0.705336,A,H,0.0
2023-01-15,SerieA,Udinese,Bologna,1512.58,1458.99,65.72,65.56,0.641946,A,H,0.0
2023-01-15,SerieA,Atalanta,Salernitana,1592.31,1412.22,65.76,69.32,0.784754,H,H,1.0
2023-01-15,EPL,Newcastle,Fulham,1604.37,1489.27,64.72,70.09,0.716619,H,H,1.0
2023-01-15,EPL,Tottenham,Arsenal,1611.34,1685.74,64.97,65.25,0.465663,A,A,1.0
2023-01-15,LaLiga,Almeria,Ath Madrid,1439.08,1637.61,90.49,67.13,0.302331,D,A,
2023-01-15,Ligue1,Lille,Troyes,1597.96,1434.83,64.8,66.73,0.768568,H,H,1.0
2023-01-15,Ligue1,Angers,Clermont,1352.45,1460.43,65.91,67.08,0.419108,A,A,1.0
2023-01-15,Ligue1,Montpellier,Nantes,1419.18,1487.82,64.69,64.02,0.473728,A,A,1.0
2023-01-15,Ligue1,Reims,Nice,1513.91,1550.02,63.99,64.52,0.519577,D,H,
2023-01-15,Ligue1,Toulouse,Brest,1482.53,1423.28,86.23,64.71,0.64932,D,H,
2023-01-15,Ligue1,Monaco,Ajaccio,1654.6,1382.76,65.9,87.43,0.856335,H,H,1.0
2023-01-15,SerieA,Roma,Fiorentina,1604.48,1526.78,65.72,64.99,0.672589,H,H,1.0
2023-01-15,Ligue1,Rennes,Paris SG,1602.83,1762.44,64.72,69.97,0.350703,H,A,0.0
2023-01-15,LaLiga,Getafe,Espanol,1450.66,1445.99,64.92,67.45,0.57633,A,H,0.0
2023-01-16,SerieA,Empoli,Sampdoria,1467.85,1373.35,67.6,66.37,0.692943,H,H,1.0
2023-01-16,LaLiga,Cadiz,Elche,1466.38,1356.21,65.14,65.74,0.711479,D,H,
2023-01-18,EPL,Crystal Palace,Man United,1479.45,1637.72,64.04,65.05,0.351971,D,A,
2023-01-19,EPL,Man City,Tottenham,1752.42,1600.35,71.25,64.7,0.757578,H,H,1.0
2023-01-20,LaLiga,Mallorca,Celta,1467.49,1469.95,67.28,64.27,0.566638,H,H,1.0
2023-01-20,Bundesliga,RB Leipzig,Bayern Munich,1620.94,1737.34,65.91,71.56,0.407886,D,A,
2023-01-21,EPL,Bournemouth,Nott'm Forest,1390.94,1463.73,85.17,86.46,0.468419,D,A,
2023-01-21,LaLiga,Vallecano,Sociedad,1494.01,1616.6,66.53,64.61,0.399066,A,A,1.0
2023-01-21,LaLiga,Espanol,Betis,1460.6,1599.95,67.04,64.99,0.376669,H,A,0.0
2023-01-21,LaLiga,Ath Madrid,Valladolid,1632.79,1388.6,66.94,71.12,0.839151,H,H,1.0
2023-01-21,LaLiga,Sevilla,Cadiz,1553.49,1461.34,65.51,65.05,0.690271,H,H,1.0
2023-01-21,SerieA,Verona,Lecce,1412.44,1494.55,65.33,88.19,0.455622,H,A,0.0
2023-01-21,SerieA,Salernitana,Napoli,1406.42,1760.83,69.19,68.36,0.152844,A,A,1.0
2023-01-21,SerieA,Fiorentina,Torino,1519.02,1488.86,64.84,65.31,0.611073,A,H,0.0
2023-01-21,Bundesliga,Ein Frankfurt,Schalke 04,1553.31,1266.93,65.07,78.87,0.867428,H,H,1.0
2023-01-21,EPL,Liverpool,Chelsea,1668.83,1583.09,67.97,64.84,0.682513,D,H,
2023-01-21,Bundesliga,FC Koln,Werder Bremen,1481.8,1437.77,65.27,72.7,0.628873,H,H,1.0
2023-01-21,Bundesliga,Wolfsburg,Freiburg,1541.25,1586.59,65.86,65.66,0.506563,H,H,1.0
2023-01-21,Bundesliga,Union Berlin,Hoffenheim,1586.2,1465.44,65.98,65.42,0.723607,H,H,1.0
2023-01-21,Bundesliga,Stuttgart,Mainz,1429.29,1487.38,66.18,65.49,0.488612,D,A,
2023-01-21,Bundesliga,Bochum,Hertha,1435.45,1404.81,68.74,66.5,0.61164,H,H,1.0
2023-01-21,EPL,Crystal Palace,Newcastle,1482.85,1611.03,63.91,64.67,0.39154,D,A,
2023-01-21,EPL,West Ham,Everton,1455.13,1408.3,64.29,64.56,0.633218,H,H,1.0
2023-01-21,EPL,Southampton,Aston Villa,1397.04,1498.91,64.81,64.42,0.427383,A,A,1.0
2023-01-21,EPL,Leicester,Brighton,1470.14,1550.04,64.4,64.35,0.457943,D,A,
2023-01-22,Bundesliga,M'gladbach,Leverkusen,1514.97,1554.44,65.5,66.14,0.51482,A,H,0.0
2023-01-22,Bundesliga,Dortmund,Augsburg,1609.58,1415.48,67.44,66.13,0.798215,H,H,1.0
2023-01-22,LaLiga,Elche,Osasuna,1361.35,1511.31,65.62,64.73,0.362702,D,A,
2023-01-22,LaLiga,Ath Bilbao,Real Madrid,1533.74,1752.28,64.59,70.93,0.27959,A,A,1.0
2023-01-22,LaLiga,Barcelona,Getafe,1734.28,1437.09,67.95,64.68,0.876292,H,H,1.0
2023-01-22,LaLiga,Villarreal,Girona,1581.07,1490.95,64.67,87.79,0.685039,H,H,1.0
2023-01-22,EPL,Leeds,Brentford,1443.84,1531.35,64.7,66.01,0.447361,D,A,
2023-01-22,EPL,Man City,Wolves,1759.3,1439.39,70.94,64.51,0.889544,H,H,1.0
2023-01-22,EPL,Arsenal,Man United,1696.82,1634.2,64.96,64.86,0.653616,H,H,1.0
2023-01-22,SerieA,Sampdoria,Udinese,1365.78,1497.06,66.18,65.49,0.387437,A,A,1.0
2023-01-22,SerieA,Monza,Sassuolo,1471.55,1462.17,90.16,64.94,0.58292,D,H,
2023-01-22,SerieA,Juventus,Atalanta,1669.43,1597.55,67.13,65.81,0.665244,D,H,
2023-01-22,SerieA,Spezia,Roma,1418.22,1612.4,66.06,65.53,0.30734,A,A,1.0
2023-01-23,EPL,Fulham,Tottenham,1481.51,1594.62,69.74,64.73,0.411965,A,A,1.0
2023-01-23,LaLiga,Valencia,Almeria,1477.03,1447.83,64.47,88.66,0.607989,D,H,
2023-01-23,SerieA,Inter,Empoli,1732.12,1475.69,70.21,67.35,0.848768,A,H,0.0
2023-01-23,SerieA,Bologna,Cremonese,1474.43,1316.9,65.33,90.69,0.759156,D,H,
2023-01-24,Bundesliga,Bayern Munich,FC Koln,1734.72,1490.61,70.91,65.06,0.839975,D,H,
2023-01-24,Bundesliga,Schalke 04,RB Leipzig,1262.38,1623.17,78.67,65.62,0.147862,A,A,1.0
2023-01-24,Bundesliga,Hoffenheim,Stuttgart,1458.79,1429.57,65.34,65.83,0.609782,D,H,
2023-01-24,Bundesliga,Hertha,Wolfsburg,1395.23,1553.19,66.19,65.53,0.352413,A,A,1.0
2023-01-24,SerieA,Lazio,Milan,1615.02,1723.37,65.6,69.43,0.418724,H,A,0.0
2023-01-25,Bundesliga,Freiburg,Ein Frankfurt,1574.72,1556.48,65.34,65.39,0.594992,D,H,
2023-01-25,Bundesliga,Werder Bremen,Union Berlin,1426.94,1592.96,72.02,65.86,0.342151,A,A,1.0
2023-01-25,Bundesliga,Leverkusen,Bochum,1567.0,1445.65,65.8,68.29,0.723923,H,H,1.0
2023-01-25,Bundesliga,Augsburg,M'gladbach,1410.5,1502.64,66.2,65.19,0.440893,H,A,0.0
2023-01-25,Bundesliga,Mainz,Dortmund,1487.1,1614.75,65.19,67.44,0.39244,A,A,1.0
2023-01-27,Ligue1,Lorient,Rennes,1491.15,1618.04,64.33,64.56,0.393262,H,A,0.0
2023-01-27,SerieA,Bologna,Spezia,1468.31,1410.7,65.36,65.88,0.647094,H,H,1.0
2023-01-27,SerieA,Lecce,Salernitana,1471.74,1402.3,86.17,69.28,0.661839,A,H,0.0
2023-01-27,LaLiga,Almeria,Espanol,1452.49,1476.24,86.7,66.71,0.536884,H,H,1.0
2023-01-27,Bundesliga,RB Leipzig,Stuttgart,1626.8,1432.23,65.87,65.56,0.798721,H,H,1.0
2023-01-28,Bundesliga,Freiburg,Augsburg,1572.45,1424.17,65.09,65.86,0.753478,H,H,1.0
2023-01-28,LaLiga,Cadiz,Mallorca,1453.98,1478.42,64.93,66.88,0.535914,H,H,1.0
2023-01-28,LaLiga,Girona,Barcelona,1477.89,1737.53,86.13,68.19,0.235146,A,A,1.0
2023-01-28,LaLiga,Sevilla,Elche,1560.95,1364.66,65.37,65.39,0.800305,H,H,1.0
2023-01-28,LaLiga,Getafe,Betis,1434.14,1585.22,65.03,64.78,0.361241,A,A,1.0
2023-01-28,Ligue1,Troyes,Lens,1429.03,1657.65,66.68,65.1,0.267582,D,A,
2023-01-28,SerieA,Empoli,Torino,1497.42,1503.45,67.51,65.07,0.56165,D,H,
2023-01-28,SerieA,Cremonese,Inter,1328.69,1708.53,89.17,70.27,0.135499,A,A,1.0
2023-01-28,Ligue1,Marseille,Monaco,1657.77,1658.09,65.06,66.16,0.569527,D,H,
2023-01-28,SerieA,Atalanta,Sampdoria,1601.55,1356.3,65.61,65.89,0.840723,H,H,1.0
2023-01-28,Bundesliga,Hertha,Union Berlin,1386.6,1601.25,65.94,65.65,0.283352,A,A,1.0
2023-01-28,Bundesliga,Hoffenheim,M'gladbach,1456.17,1489.36,65.1,64.92,0.523673,A,H,0.0
2023-01-28,Bundesliga,Bayern Munich,Ein Frankfurt,1725.08,1558.75,70.9,65.13,0.771983,D,H,
2023-01-28,Bundesliga,Mainz,Bochum,1477.78,1438.45,64.96,68.06,0.623081,H,H,1.0
2023-01-28,Bundesliga,Werder Bremen,Wolfsburg,1417.1,1561.66,71.43,65.32,0.369817,H,A,0.0
2023-01-29,Ligue1,Brest,Angers,1426.68,1342.29,64.58,65.61,0.680783,H,H,1.0
2023-01-29,Ligue1,Clermont,Nantes,1470.94,1498.7,66.7,63.8,0.531327,D,H,
2023-01-29,Ligue1,Strasbourg,Toulouse,1493.5,1476.51,63.96,84.58,0.592056,A,H,0.0
2023-01-29,Ligue1,Ajaccio,Lyon,1376.81,1550.3,86.77,64.69,0.332633,A,A,1.0
2023-01-29,Ligue1,Paris SG,Reims,1744.75,1513.46,69.49,63.77,0.830198,D,H,
2023-01-29,LaLiga,Valladolid,Valencia,1384.04,1474.56,71.1,64.31,0.443114,H,A,0.0
2023-01-29,SerieA,Napoli,Roma,1764.86,1619.81,68.48,65.39,0.750149,H,H,1.0
2023-01-29,LaLiga,Celta,Ath Bilbao,1459.94,1527.2,64.05,64.55,0.475684,H,A,0.0
2023-01-29,LaLiga,Real Madrid,Sociedad,1760.1,1625.93,70.54,64.4,0.738607,D,H,
2023-01-29,Bundesliga,Schalke 04,FC Koln,1257.26,1498.73,78.37,65.29,0.253648,D,A,
2023-01-29,Bundesliga,Leverkusen,Dortmund,1573.71,1624.7,65.7,67.07,0.498604,A,A,1.0
2023-01-29,Ligue1,Nice,Lille,1550.47,1603.44,64.28,64.85,0.495827,H,A,0.0
2023-01-29,Ligue1,Auxerre,Montpellier,1358.02,1408.08,85.47,64.44,0.499911,A,A,1.0
2023-01-29,SerieA,Milan,Sassuolo,1707.81,1464.06,68.91,64.74,0.839747,A,H,0.0
2023-01-29,SerieA,Juventus,Monza,1665.26,1467.93,66.85,88.0,0.797588,A,H,0.0
2023-01-29,SerieA,Lazio,Fiorentina,1628.96,1504.63,65.32,64.63,0.727714,D,H,
2023-01-29,LaLiga,Osasuna,Ath Madrid,1508.09,1636.85,64.55,67.09,0.390919,A,A,1.0
2023-01-30,LaLiga,Villarreal,Vallecano,1588.36,1484.14,64.59,66.21,0.704484,A,H,0.0
2023-01-30,SerieA,Udinese,Verona,1506.35,1425.23,65.24,65.08,0.676827,D,H,
2023-02-01,Ligue1,Montpellier,Paris SG,1419.54,1735.75,64.23,69.5,0.182953,A,A,1.0
2023-02-01,Ligue1,Lille,Clermont,1591.58,1470.16,64.58,66.32,0.724242,D,H,
2023-02-01,Ligue1,Nantes,Marseille,1499.41,1656.13,63.6,64.8,0.353948,A,A,1.0
2023-02-01,Ligue1,Reims,Lorient,1521.05,1505.23,64.02,64.14,0.591776,H,H,1.0
2023-02-01,Ligue1,Toulouse,Troyes,1499.53,1434.83,82.94,66.55,0.65611,H,H,1.0
2023-02-01,Ligue1,Lens,Nice,1652.11,1562.14,65.05,64.05,0.687751,A,H,0.0
2023-02-01,Ligue1,Lyon,Brest,1558.05,1434.16,64.58,64.47,0.727242,D,H,
2023-02-01,Ligue1,Monaco,Auxerre,1659.79,1338.28,65.84,83.67,0.887647,H,H,1.0
2023-02-01,Ligue1,Angers,Ajaccio,1334.59,1363.22,65.44,85.13,0.529652,A,H,0.0
2023-02-01,LaLiga,Betis,Barcelona,1593.72,1743.65,64.6,68.08,0.363026,A,A,1.0
2023-02-01,Ligue1,Rennes,Strasbourg,1603.87,1480.1,64.36,63.81,0.727184,H,H,1.0
2023-02-02,LaLiga,Real Madrid,Valencia,1753.47,1461.71,70.22,64.1,0.873007,H,H,1.0
2023-02-03,LaLiga,Ath Bilbao,Cadiz,1514.97,1464.91,64.3,64.66,0.637434,H,H,1.0
2023-02-03,EPL,Chelsea,Fulham,1587.38,1470.39,64.72,69.2,0.718879,D,H,
2023-02-03,Bundesliga,Augsburg,Leverkusen,1418.15,1561.71,65.82,65.38,0.371148,H,A,0.0
2023-02-04,SerieA,Sassuolo,Atalanta,1483.99,1605.44,64.98,65.81,0.400679,H,A,0.0
2023-02-04,EPL,Brentford,Southampton,1530.06,1386.99,65.69,64.57,0.748158,H,H,1.0
2023-02-04,EPL,Aston Villa,Leicester,1508.84,1471.12,64.2,64.16,0.621241,A,H,0.0
2023-02-04,EPL,Man United,Crystal Palace,1626.03,1485.34,64.7,63.75,0.745715,H,H,1.0
2023-02-04,EPL,Wolves,Liverpool,1436.76,1664.12,64.91,67.67,0.269294,H,A,0.0
2023-02-04,EPL,Newcastle,West Ham,1608.49,1463.64,64.46,64.13,0.750094,D,H,
2023-02-04,EPL,Brighton,Bournemouth,1549.06,1392.16,64.13,83.48,0.759747,H,H,1.0
2023-02-04,Ligue1,Paris SG,Toulouse,1740.71,1512.42,69.47,81.58,0.825031,H,H,1.0
2023-02-04,Ligue1,Troyes,Lyon,1426.37,1552.71,66.32,64.55,0.394008,A,A,1.0
2023-02-04,Ligue1,Rennes,Lille,1610.24,1586.31,64.34,64.54,0.602736,A,H,0.0
2023-02-04,EPL,Everton,Arsenal,1399.73,1705.02,64.38,64.79,0.191631,H,A,0.0
2023-02-04,SerieA,Roma,Empoli,1613.79,1495.85,65.37,67.1,0.720217,H,H,1.0
2023-02-04,LaLiga,Espanol,Osasuna,1464.91,1498.97,66.37,64.35,0.522451,D,H,
2023-02-04,SerieA,Cremonese,Lecce,1322.73,1445.12,88.47,84.57,0.40072,A,A,1.0
2023-02-04,Bundesliga,Bochum,Hoffenheim,1428.73,1443.77,67.66,64.82,0.549121,H,H,1.0
2023-02-04,Bundesliga,Dortmund,Freiburg,1637.19,1578.34,66.67,65.08,0.648767,H,H,1.0
2023-02-04,Bundesliga,Ein Frankfurt,Hertha,1565.22,1379.68,65.17,65.82,0.790382,H,H,1.0
2023-02-04,Bundesliga,FC Koln,RB Leipzig,1492.91,1631.73,65.27,65.94,0.377431,D,A,
2023-02-04,Bundesliga,Union Berlin,Mainz,1608.11,1486.68,65.55,64.75,0.72445,H,H,1.0
2023-02-04,Bundesliga,M'gladbach,Schalke 04,1501.71,1265.63,64.66,77.61,0.83188,D,H,
2023-02-04,LaLiga,Ath Madrid,Getafe,1646.67,1425.57,66.74,64.84,0.821788,D,H,
2023-02-04,LaLiga,Elche,Villarreal,1359.83,1571.84,65.49,64.52,0.28626,H,A,0.0
2023-02-04,LaLiga,Betis,Celta,1585.24,1471.99,64.43,63.84,0.715257,A,H,0.0
2023-02-05,SerieA,Torino,Udinese,1504.91,1502.13,64.81,65.09,0.573837,H,H,1.0
2023-02-05,SerieA,Fiorentina,Bologna,1509.99,1476.75,64.6,65.16,0.615204,A,H,0.0
2023-02-05,SerieA,Inter,Milan,1712.33,1685.28,70.39,68.98,0.606661,H,H,1.0
2023-02-05,Bundesliga,Stuttgart,Werder Bremen,1427.34,1434.93,65.65,70.83,0.559279,A,H,0.0
2023-02-05,Bundesliga,Wolfsburg,Bayern Munich,1546.68,1717.43,65.11,70.65,0.336651,A,A,1.0
2023-02-05,SerieA,Spezia,Napoli,1402.13,1771.43,65.65,68.3,0.142298,A,A,1.0
2023-02-05,EPL,Tottenham,Man City,1604.27,1762.45,64.51,71.13,0.352636,H,A,0.0
2023-02-05,EPL,Nott'm Forest,Leeds,1462.47,1445.07,84.65,64.46,0.593903,H,H,1.0
2023-02-05,Ligue1,Clermont,Monaco,1475.71,1662.53,66.2,66.2,0.316312,A,A,1.0
2023-02-05,Ligue1,Auxerre,Reims,1333.98,1530.44,83.4,63.84,0.30443,D,A,
2023-02-05,Ligue1,Ajaccio,Nantes,1383.99,1491.36,83.38,63.5,0.419756,A,A,1.0
2023-02-05,Ligue1,Strasbourg,Montpellier,1473.83,1415.27,63.82,64.42,0.648457,H,H,1.0
2023-02-05,Ligue1,Brest,Lens,1439.48,1635.76,64.44,64.92,0.304765,D,A,
2023-02-05,Ligue1,Marseille,Nice,1664.47,1578.0,64.63,63.98,0.683489,A,H,0.0
2023-02-05,LaLiga,Mallorca,Real Madrid,1466.86,1757.02,66.49,70.37,0.205997,H,A,0.0
2023-02-05,LaLiga,Girona,Valencia,1468.34,1458.73,84.96,64.46,0.583258,H,H,1.0
2023-02-05,Ligue1,Lorient,Angers,1495.81,1322.08,63.95,65.17,0.779224,D,H,
2023-02-05,LaLiga,Sociedad,Valladolid,1631.47,1399.62,64.41,70.44,0.829677,A,H,0.0
2023-02-05,LaLiga,Barcelona,Sevilla,1753.03,1565.78,67.7,65.46,0.792023,H,H,1.0
2023-02-06,SerieA,Verona,Lazio,1429.43,1623.5,64.94,65.25,0.307445,D,A,
2023-02-06,SerieA,Monza,Sampdoria,1502.0,1352.38,86.91,66.08,0.754846,D,H,
2023-02-06,LaLiga,Vallecano,Almeria,1501.48,1471.25,66.05,84.81,0.609685,H,H,1.0
2023-02-07,SerieA,Salernitana,Juventus,1419.69,1645.47,68.9,66.9,0.270952,A,A,1.0
2023-02-08,EPL,Man United,Leeds,1632.03,1435.71,64.7,64.28,0.800485,D,H,
2023-02-10,SerieA,Milan,Torino,1674.9,1514.92,68.52,64.57,0.765688,H,H,1.0
2023-02-10,LaLiga,Cadiz,Girona,1456.4,1484.63,64.49,83.27,0.530252,H,H,1.0
2023-02-10,Ligue1,Nice,Ajaccio,1593.74,1368.13,63.9,81.82,0.822824,H,H,1.0
2023-02-10,Bundesliga,Schalke 04,Wolfsburg,1276.87,1538.7,77.27,64.95,0.232486,D,A,
2023-02-11,Bundesliga,Bayern Munich,Bochum,1726.76,1440.22,70.16,67.23,0.86928,H,H,1.0
2023-02-11,Bundesliga,RB Leipzig,Union Berlin,1628.75,1614.77,65.67,65.46,0.589189,A,H,0.0
2023-02-11,Bundesliga,Werder Bremen,Dortmund,1450.46,1645.91,70.2,66.39,0.305916,A,A,1.0
2023-02-11,Bundesliga,Mainz,Augsburg,1480.17,1433.39,64.71,65.57,0.633071,H,H,1.0
2023-02-11,Ligue1,Clermont,Marseille,1467.94,1648.42,66.0,64.52,0.323919,A,A,1.0
2023-02-11,Ligue1,Monaco,Paris SG,1670.29,1745.42,66.01,69.48,0.464748,H,A,0.0
2023-02-11,EPL,Bournemouth,Newcastle,1383.06,1602.62,82.46,64.48,0.277624,D,A,
2023-02-11,EPL,Southampton,Wolves,1381.07,1454.06,64.58,64.88,0.467626,A,A,1.0
2023-02-11,EPL,Leicester,Tottenham,1485.47,1619.33,64.0,64.37,0.383918,H,A,0.0
2023-02-11,EPL,Fulham,Nott'm Forest,1476.27,1478.25,68.9,83.01,0.566427,H,H,1.0
2023-02-11,EPL,West Ham,Chelsea,1469.45,1582.24,64.17,64.67,0.412395,D,A,
2023-02-11,EPL,Crystal Palace,Brighton,1479.5,1554.57,63.79,64.2,0.464703,D,A,
2023-02-11,LaLiga,Valencia,Ath Bilbao,1449.13,1523.38,64.27,64.15,0.46586,A,A,1.0
2023-02-11,LaLiga,Sevilla,Mallorca,1560.74,1486.6,65.54,66.53,0.668007,H,H,1.0
2023-02-11,LaLiga,Almeria,Betis,1456.08,1568.51,83.19,64.38,0.412873,A,A,1.0
2023-02-11,SerieA,Empoli,Spezia,1488.8,1398.65,66.92,65.91,0.687753,D,H,
2023-02-11,SerieA,Lecce,Roma,1460.44,1620.51,83.02,65.28,0.349683,D,A,
2023-02-11,SerieA,Lazio,Atalanta,1618.89,1590.93,65.12,65.53,0.608114,A,H,0.0
2023-02-11,Bundesliga,Hoffenheim,Leverkusen,1433.19,1546.66,64.57,65.16,0.411485,A,A,1.0
2023-02-11,Bundesliga,Freiburg,Stuttgart,1570.0,1413.93,64.9,65.35,0.761612,H,H,1.0
2023-02-11,EPL,Arsenal,Brentford,1685.79,1536.18,64.94,65.64,0.754894,D,H,
2023-02-12,Bundesliga,FC Koln,Ein Frankfurt,1495.83,1570.25,65.05,65.26,0.465645,H,A,0.0
2023-02-12,Ligue1,Toulouse,Rennes,1506.04,1596.25,81.01,64.15,0.443536,H,A,0.0
2023-02-12,Bundesliga,Hertha,M'gladbach,1374.55,1493.9,65.87,64.88,0.403485,H,A,0.0
2023-02-12,Ligue1,Angers,Auxerre,1328.79,1341.42,65.23,82.12,0.551857,D,H,
2023-02-12,SerieA,Bologna,Monza,1491.38,1491.47,64.93,85.63,0.568859,A,H,0.0
2023-02-12,Ligue1,Montpellier,Brest,1407.08,1444.04,64.27,64.36,0.518372,H,H,1.0
2023-02-12,LaLiga,Villarreal,Barcelona,1555.12,1758.39,64.47,67.67,0.29679,A,A,1.0
2023-02-12,LaLiga,Valladolid,Osasuna,1422.85,1499.49,70.41,64.12,0.462496,D,A,
2023-02-12,LaLiga,Celta,Ath Madrid,1488.42,1638.56,63.82,66.84,0.36264,A,A,1.0
2023-02-12,Ligue1,Reims,Troyes,1526.06,1416.69,63.81,66.01,0.710516,H,H,1.0
2023-02-12,EPL,Leeds,Man United,1442.74,1624.91,64.42,64.83,0.321865,A,A,1.0
2023-02-12,SerieA,Juventus,Fiorentina,1652.27,1495.6,66.76,64.4,0.762342,H,H,1.0
2023-02-12,SerieA,Napoli,Cremonese,1775.18,1306.03,68.46,86.57,0.946933,H,H,1.0
2023-02-12,SerieA,Udinese,Sassuolo,1492.03,1498.14,64.83,64.75,0.561556,D,H,
2023-02-12,EPL,Man City,Aston Villa,1744.25,1494.47,70.58,64.04,0.844368,H,H,1.0
2023-02-12,Ligue1,Lyon,Lens,1561.9,1631.13,64.35,64.82,0.472923,H,A,0.0
2023-02-12,Ligue1,Nantes,Lorient,1500.77,1489.35,63.36,64.06,0.58576,H,H,1.0
2023-02-12,Ligue1,Lille,Strasbourg,1600.39,1481.88,64.34,63.7,0.721273,H,H,1.0
2023-02-12,LaLiga,Getafe,Vallecano,1433.23,1510.87,65.02,65.79,0.461138,D,A,
2023-02-13,SerieA,Verona,Salernitana,1433.99,1412.5,64.82,68.64,0.599187,H,H,1.0
2023-02-13,SerieA,Sampdoria,Inter,1358.48,1723.12,66.06,69.83,0.145752,D,A,
2023-02-13,EPL,Liverpool,Everton,1645.35,1418.72,67.49,64.55,0.826351,H,H,1.0
2023-02-13,LaLiga,Espanol,Sociedad,1464.35,1612.0,66.01,64.63,0.365722,A,A,1.0
2023-02-15,EPL,Arsenal,Man City,1679.73,1748.62,64.95,70.59,0.473497,A,A,1.0
2023-02-15,LaLiga,Real Madrid,Elche,1734.95,1377.04,70.22,65.38,0.908807,H,H,1.0
2023-02-17,Bundesliga,Augsburg,Hoffenheim,1424.56,1423.58,65.34,64.35,0.571392,H,H,1.0
2023-02-17,Ligue1,Auxerre,Lyon,1343.34,1574.12,80.64,64.11,0.265077,H,A,0.0
2023-02-17,LaLiga,Girona,Almeria,1466.98,1440.56,81.67,81.65,0.604878,H,H,1.0
2023-02-17,SerieA,Sassuolo,Napoli,1499.59,1776.58,64.5,68.99,0.218153,A,A,1.0
2023-02-18,Ligue1,Strasbourg,Angers,1475.5,1327.57,63.7,64.97,0.753221,H,H,1.0
2023-02-18,Ligue1,Nice,Reims,1597.8,1532.69,64.14,63.79,0.656882,D,H,
2023-02-18,Bundesliga,M'gladbach,Bayern Munich,1479.85,1730.39,64.66,70.29,0.244763,H,A,0.0
2023-02-18,Bundesliga,Stuttgart,FC Koln,1408.19,1508.47,65.36,64.77,0.429595,H,A,0.0
2023-02-18,EPL,Newcastle,Liverpool,1597.53,1649.82,64.46,67.57,0.496789,A,A,1.0
2023-02-18,EPL,Wolves,Bournemouth,1465.07,1391.36,64.61,81.34,0.66587,A,H,0.0
2023-02-18,EPL,Nott'm Forest,Man City,1462.09,1761.69,81.47,69.96,0.197397,D,A,
2023-02-18,EPL,Everton,Leeds,1414.61,1435.23,64.76,64.32,0.541329,H,H,1.0
2023-02-18,EPL,Chelsea,Southampton,1580.18,1370.15,64.45,64.34,0.81254,A,H,0.0
2023-02-18,EPL,Brighton,Fulham,1553.76,1487.57,63.98,68.43,0.657823,A,H,0.0
2023-02-18,EPL,Brentford,Crystal Palace,1542.37,1480.31,65.62,63.59,0.653025,D,H,
2023-02-18,EPL,Aston Villa,Arsenal,1490.83,1668.61,64.32,64.68,0.327284,A,A,1.0
2023-02-18,LaLiga,Osasuna,Real Madrid,1498.64,1737.51,63.91,70.52,0.257123,A,A,1.0
2023-02-18,LaLiga,Mallorca,Villarreal,1478.38,1548.19,66.29,64.4,0.472095,H,A,0.0
2023-02-18,LaLiga,Betis,Valladolid,1578.01,1423.88,64.2,69.79,0.759014,H,H,1.0
2023-02-18,Bundesliga,Bochum,Freiburg,1436.87,1575.67,67.48,64.93,0.377385,A,A,1.0
2023-02-18,SerieA,Inter,Udinese,1713.35,1490.59,69.92,64.58,0.823198,H,H,1.0
2023-02-18,SerieA,Monza,Milan,1514.07,1681.08,83.86,68.38,0.341136,A,A,1.0
2023-02-18,LaLiga,Sociedad,Celta,1620.56,1480.13,64.45,63.7,0.745445,D,H,
2023-02-18,Bundesliga,Wolfsburg,RB Leipzig,1532.43,1614.55,64.99,65.39,0.454861,A,A,1.0
2023-02-18,SerieA,Sampdoria,Bologna,1367.23,1478.14,66.29,64.71,0.41496,A,A,1.0
2023-02-18,Bundesliga,Ein Frankfurt,Werder Bremen,1557.53,1442.07,64.97,69.8,0.717063,H,H,1.0
2023-02-19,Ligue1,Lorient,Ajaccio,1479.81,1361.64,63.87,81.22,0.718577,H,H,1.0
2023-02-19,Bundesliga,Leverkusen,Mainz,1556.44,1488.78,64.9,64.53,0.660048,A,H,0.0
2023-02-19,Bundesliga,Dortmund,Hertha,1653.46,1389.02,66.21,65.58,0.854716,H,H,1.0
2023-02-19,Ligue1,Rennes,Clermont,1583.58,1460.03,63.96,65.8,0.726691,H,H,1.0
2023-02-19,Bundesliga,Union Berlin,Schalke 04,1628.88,1285.73,65.19,76.66,0.900159,D,H,
2023-02-19,LaLiga,Barcelona,Cadiz,1765.99,1467.2,67.43,64.27,0.877319,H,H,1.0
2023-02-19,LaLiga,Ath Madrid,Ath Bilbao,1647.61,1534.12,66.54,63.93,0.715519,H,H,1.0
2023-02-19,LaLiga,Vallecano,Sevilla,1509.93,1568.73,65.47,65.36,0.487606,D,A,
2023-02-19,LaLiga,Elche,Espanol,1374.8,1455.44,65.83,65.75,0.456949,A,A,1.0
2023-02-19,Ligue1,Lens,Nantes,1618.74,1510.1,64.55,63.21,0.709998,H,H,1.0
2023-02-19,Ligue1,Brest,Monaco,1432.87,1683.27,64.12,65.68,0.244289,A,A,1.0
2023-02-19,Ligue1,Toulouse,Marseille,1525.94,1655.99,79.62,64.4,0.389004,A,A,1.0
2023-02-19,SerieA,Roma,Verona,1617.0,1443.4,65.11,64.6,0.779186,H,H,1.0
2023-02-19,SerieA,Spezia,Juventus,1403.22,1658.23,65.74,66.69,0.239659,A,A,1.0
2023-02-19,SerieA,Salernitana,Lazio,1402.0,1604.46,68.19,64.89,0.297426,A,A,1.0
2023-02-19,SerieA,Fiorentina,Empoli,1490.04,1484.09,64.45,66.69,0.57812,D,H,
2023-02-19,SerieA,Atalanta,Lecce,1605.54,1466.08,65.27,81.63,0.741871,A,H,0.0
2023-02-19,EPL,Man United,Leicester,1632.51,1499.63,64.7,63.84,0.737256,H,H,1.0
2023-02-19,EPL,Tottenham,West Ham,1605.01,1471.47,64.18,63.97,0.737967,H,H,1.0
2023-02-19,Ligue1,Troyes,Montpellier,1409.61,1418.22,65.87,64.04,0.558113,A,H,0.0
2023-02-19,Ligue1,Paris SG,Lille,1731.09,1606.89,68.92,64.31,0.727605,H,H,1.0
2023-02-20,LaLiga,Getafe,Valencia,1434.15,1438.36,64.75,64.04,0.564218,H,H,1.0
2023-02-20,SerieA,Torino,Cremonese,1509.41,1303.87,64.62,86.69,0.805069,D,H,
2023-02-24,LaLiga,Elche,Betis,1363.75,1583.61,65.51,64.26,0.277274,A,A,1.0
2023-02-24,Ligue1,Lille,Brest,1600.54,1427.2,64.29,64.17,0.778991,H,H,1.0
2023-02-24,Bundesliga,Mainz,M'gladbach,1504.21,1497.6,64.39,64.69,0.579134,H,H,1.0
2023-02-24,EPL,Fulham,Wolves,1504.77,1449.63,68.06,64.5,0.644036,D,H,
2023-02-25,SerieA,Empoli,Napoli,1486.03,1782.4,66.34,68.87,0.200126,A,A,1.0
2023-02-25,SerieA,Lecce,Sassuolo,1493.38,1494.47,80.66,64.6,0.568516,A,H,0.0
2023-02-25,EPL,Everton,Aston Villa,1425.38,1483.22,64.5,64.21,0.488934,A,A,1.0
2023-02-25,EPL,Leeds,Southampton,1424.61,1389.22,64.09,64.51,0.618112,H,H,1.0
2023-02-25,EPL,Leicester,Arsenal,1493.59,1676.3,63.87,64.55,0.32117,A,A,1.0
2023-02-25,EPL,Crystal Palace,Liverpool,1483.78,1662.44,63.5,67.13,0.326429,D,A,
2023-02-25,EPL,Bournemouth,Man City,1415.53,1753.5,80.13,69.87,0.165425,A,A,1.0
2023-02-25,Ligue1,Angers,Lyon,1321.7,1557.31,64.98,64.13,0.259796,A,A,1.0
2023-02-25,LaLiga,Cadiz,Vallecano,1464.31,1510.23,64.64,65.17,0.505752,H,H,1.0
2023-02-25,LaLiga,Espanol,Mallorca,1466.46,1491.33,65.44,65.94,0.53535,H,H,1.0
2023-02-25,Bundesliga,Schalke 04,Stuttgart,1299.06,1421.81,76.72,65.08,0.398881,H,A,0.0
2023-02-25,Bundesliga,Werder Bremen,Bochum,1434.39,1427.28,69.46,67.12,0.579697,H,H,1.0
2023-02-25,Bundesliga,RB Leipzig,Ein Frankfurt,1625.42,1564.23,65.1,64.9,0.651783,H,H,1.0
2023-02-25,Bundesliga,Hoffenheim,Dortmund,1413.64,1657.07,64.14,66.43,0.251711,A,A,1.0
2023-02-25,Bundesliga,Hertha,Augsburg,1385.47,1434.8,65.83,65.06,0.500949,H,H,1.0
2023-02-25,Bundesliga,FC Koln,Wolfsburg,1495.08,1521.69,64.53,64.72,0.532926,A,H,0.0
2023-02-25,EPL,West Ham,Nott'm Forest,1465.41,1473.19,63.99,80.78,0.558594,H,H,1.0
2023-02-25,Ligue1,Montpellier,Lens,1431.03,1625.55,63.84,64.49,0.306823,D,A,
2023-02-25,LaLiga,Real Madrid,Ath Madrid,1744.63,1654.68,70.21,66.38,0.687468,D,H,
2023-02-25,LaLiga,Valencia,Sociedad,1428.34,1614.81,63.84,64.46,0.316564,H,A,0.0
2023-02-26,Ligue1,Nantes,Rennes,1503.56,1589.88,63.22,63.96,0.448964,A,A,1.0
2023-02-26,Ligue1,Marseille,Paris SG,1664.97,1738.33,64.23,68.66,0.467206,A,A,1.0
2023-02-26,Bundesliga,Bayern Munich,Union Berlin,1709.49,1619.24,70.03,65.62,0.687907,H,H,1.0
2023-02-26,Bundesliga,Freiburg,Leverkusen,1584.57,1540.83,64.72,64.74,0.629141,D,H,
2023-02-26,Ligue1,Monaco,Nice,1689.2,1594.17,65.65,64.02,0.693844,A,H,0.0
2023-02-26,LaLiga,Ath Bilbao,Girona,1527.57,1481.19,63.91,80.34,0.631256,A,H,0.0
2023-02-26,LaLiga,Celta,Valladolid,1485.75,1417.32,63.74,69.57,0.660546,H,H,1.0
2023-02-26,Ligue1,Lorient,Auxerre,1486.21,1369.67,63.88,79.69,0.716961,A,H,0.0
2023-02-26,Ligue1,Reims,Toulouse,1536.28,1512.45,63.68,78.41,0.601674,H,H,1.0
2023-02-26,EPL,Tottenham,Chelsea,1611.1,1561.05,64.19,64.62,0.637424,H,H,1.0
2023-02-26,Ligue1,Clermont,Strasbourg,1453.38,1481.15,65.71,63.77,0.531312,D,H,
2023-02-26,LaLiga,Almeria,Barcelona,1426.36,1769.16,80.32,67.69,0.161387,H,A,0.0
2023-02-26,Ligue1,Ajaccio,Troyes,1351.52,1396.08,80.18,65.55,0.507656,H,H,1.0
2023-02-26,SerieA,Bologna,Inter,1487.86,1718.22,64.48,69.89,0.266285,H,A,0.0
2023-02-26,LaLiga,Sevilla,Osasuna,1568.43,1492.73,65.06,63.95,0.670213,A,H,0.0
2023-02-26,SerieA,Salernitana,Monza,1394.27,1501.03,67.91,82.44,0.421627,H,A,0.0
2023-02-26,SerieA,Udinese,Spezia,1486.4,1397.39,64.78,65.72,0.686397,D,H,
2023-02-26,SerieA,Milan,Atalanta,1689.91,1587.93,68.04,65.26,0.701963,H,H,1.0
2023-02-27,LaLiga,Villarreal,Getafe,1535.95,1444.37,64.16,64.5,0.689639,H,H,1.0
2023-02-27,SerieA,Lazio,Sampdoria,1611.5,1357.04,64.8,65.97,0.847533,H,H,1.0
2023-02-27,SerieA,Verona,Fiorentina,1438.19,1488.22,64.68,64.24,0.499955,A,A,1.0
2023-02-28,SerieA,Juventus,Torino,1664.22,1502.3,66.63,64.79,0.767621,H,H,1.0
2023-02-28,SerieA,Cremonese,Roma,1316.66,1622.29,85.72,65.17,0.191385,H,A,0.0
2023-03-01,EPL,Liverpool,Wolves,1658.05,1452.98,66.86,64.34,0.808241,H,H,1.0
2023-03-01,EPL,Arsenal,Everton,1683.82,1413.99,64.44,64.26,0.858631,H,H,1.0
2023-03-03,LaLiga,Sociedad,Cadiz,1598.83,1475.86,64.36,64.39,0.726224,D,H,
2023-03-03,SerieA,Napoli,Lazio,1787.73,1615.13,68.81,65.06,0.778149,A,H,0.0
2023-03-03,Ligue1,Nice,Auxerre,1610.16,1394.82,63.96,78.75,0.81485,D,H,
2023-03-03,Bundesliga,Dortmund,RB Leipzig,1663.31,1633.69,66.35,64.92,0.610382,H,H,1.0
2023-03-04,LaLiga,Getafe,Girona,1437.11,1503.53,64.41,79.11,0.477101,H,A,0.0
2023-03-04,Bundesliga,M'gladbach,Freiburg,1487.74,1581.54,64.46,64.53,0.438565,D,A,
2023-03-04,Bundesliga,Union Berlin,FC Koln,1611.71,1482.66,65.46,64.29,0.733004,D,H,
2023-03-04,Bundesliga,Stuttgart,Bayern Munich,1407.69,1718.01,64.86,69.62,0.18797,A,A,1.0
2023-03-04,LaLiga,Mallorca,Elche,1480.05,1357.06,65.61,65.42,0.726122,A,H,0.0
2023-03-04,LaLiga,Almeria,Villarreal,1456.47,1543.14,79.88,64.09,0.448469,A,A,1.0
2023-03-04,Bundesliga,Mainz,Hoffenheim,1513.99,1407.8,64.18,64.17,0.707023,H,H,1.0
2023-03-04,LaLiga,Ath Madrid,Sevilla,1659.29,1552.51,66.18,64.9,0.70764,H,H,1.0
2023-03-04,Ligue1,Lens,Lille,1621.03,1605.71,64.4,64.39,0.591066,D,H,
2023-03-04,Ligue1,Paris SG,Nantes,1750.57,1493.49,68.16,63.06,0.849835,H,H,1.0
2023-03-04,EPL,Southampton,Leicester,1380.31,1486.22,64.32,63.79,0.421794,H,A,0.0
2023-03-04,EPL,Wolves,Tottenham,1448.48,1619.49,64.51,64.05,0.33568,H,A,0.0
2023-03-04,Bundesliga,Augsburg,Werder Bremen,1422.99,1445.63,64.79,68.94,0.538386,H,H,1.0
2023-03-04,EPL,Chelsea,Leeds,1552.56,1433.41,64.44,63.92,0.721965,H,H,1.0
2023-03-04,EPL,Brighton,West Ham,1538.66,1475.44,63.87,63.81,0.654483,H,H,1.0
2023-03-04,Bundesliga,Bochum,Schalke 04,1416.75,1318.49,66.75,75.72,0.696323,A,H,0.0
2023-03-04,EPL,Arsenal,Bournemouth,1687.16,1409.63,64.75,79.68,0.861511,H,H,1.0
2023-03-04,SerieA,Monza,Empoli,1479.66,1481.07,80.97,66.4,0.568001,H,H,1.0
2023-03-04,SerieA,Atalanta,Udinese,1580.81,1482.01,65.15,64.66,0.69827,D,H,
2023-03-04,SerieA,Fiorentina,Milan,1499.77,1697.62,64.01,67.77,0.303208,H,A,0.0
2023-03-04,EPL,Man City,Newcastle,1758.06,1586.0,69.89,64.22,0.777733,H,H,1.0
2023-03-04,EPL,Aston Villa,Crystal Palace,1494.51,1487.71,63.98,63.44,0.579453,H,H,1.0
2023-03-05,LaLiga,Barcelona,Valencia,1747.7,1444.02,67.81,63.77,0.880327,H,H,1.0
2023-03-05,LaLiga,Vallecano,Ath Bilbao,1498.49,1513.24,64.88,63.79,0.54956,D,H,
2023-03-05,LaLiga,Betis,Real Madrid,1590.06,1739.49,64.24,69.79,0.363817,D,A,
2023-03-05,EPL,Nott'm Forest,Everton,1457.51,1410.66,79.41,64.57,0.633238,D,H,
2023-03-05,EPL,Liverpool,Man United,1662.9,1638.71,66.92,64.68,0.603087,H,H,1.0
2023-03-05,LaLiga,Valladolid,Espanol,1408.18,1477.57,69.13,65.14,0.472696,H,A,0.0
2023-03-05,SerieA,Roma,Juventus,1603.21,1670.03,65.31,66.58,0.476333,H,A,0.0
2023-03-05,Ligue1,Lyon,Lorient,1563.34,1469.88,64.15,63.88,0.691973,D,H,
2023-03-05,SerieA,Inter,Lecce,1698.16,1473.21,69.59,79.31,0.822716,H,H,1.0
2023-03-05,SerieA,Sampdoria,Salernitana,1353.28,1408.95,66.18,67.51,0.492027,D,A,
2023-03-05,SerieA,Spezia,Verona,1401.91,1426.48,65.56,64.43,0.535787,D,H,
2023-03-05,Bundesliga,Wolfsburg,Ein Frankfurt,1534.18,1556.0,64.47,64.73,0.539635,D,H,
2023-03-05,Bundesliga,Leverkusen,Hertha,1543.87,1397.54,64.55,65.51,0.751475,H,H,1.0
2023-03-05,Ligue1,Troyes,Monaco,1384.38,1672.41,65.27,65.5,0.20726,D,A,
2023-03-05,Ligue1,Montpellier,Angers,1435.47,1315.51,63.79,64.95,0.722756,H,H,1.0
2023-03-05,Ligue1,Reims,Ajaccio,1545.27,1368.76,63.55,78.84,0.779865,H,H,1.0
2023-03-05,Ligue1,Rennes,Marseille,1600.17,1654.21,63.75,64.01,0.494312,A,A,1.0
2023-03-05,Ligue1,Strasbourg,Brest,1481.87,1422.05,63.57,64.27,0.650077,A,H,0.0
2023-03-05,Ligue1,Toulouse,Clermont,1499.06,1452.63,77.28,65.39,0.632638,A,H,0.0
2023-03-06,LaLiga,Osasuna,Celta,1508.13,1493.49,63.86,63.65,0.590195,D,H,
2023-03-06,SerieA,Torino,Bologna,1496.79,1505.01,64.83,64.47,0.558647,H,H,1.0
2023-03-06,SerieA,Sassuolo,Cremonese,1507.59,1349.45,64.39,84.81,0.760792,H,H,1.0
2023-03-06,EPL,Brentford,Fulham,1538.68,1501.05,65.41,67.7,0.620858,H,H,1.0
2023-03-10,Ligue1,Lille,Lyon,1607.83,1558.9,64.18,64.08,0.636007,D,H,
2023-03-10,LaLiga,Cadiz,Getafe,1481.15,1449.14,64.37,64.19,0.613621,D,H,
2023-03-10,SerieA,Spezia,Inter,1401.05,1702.95,65.25,69.59,0.1953,H,A,0.0
2023-03-10,Bundesliga,FC Koln,Bochum,1488.08,1399.49,64.29,66.56,0.685809,A,H,0.0
2023-03-11,Ligue1,Auxerre,Rennes,1405.78,1588.91,78.27,63.55,0.320556,D,A,
2023-03-11,Ligue1,Brest,Paris SG,1437.14,1754.52,64.13,68.29,0.181794,A,A,1.0
2023-03-11,SerieA,Bologna,Lazio,1494.73,1633.68,64.24,65.12,0.377212,D,A,
2023-03-11,Bundesliga,Schalke 04,Dortmund,1340.57,1672.9,74.98,66.05,0.169291,D,A,
2023-03-11,SerieA,Napoli,Atalanta,1767.03,1576.08,68.69,65.03,0.795503,H,H,1.0
2023-03-11,SerieA,Empoli,Udinese,1470.54,1486.67,66.08,64.57,0.54761,A,H,0.0
2023-03-11,Bundesliga,RB Leipzig,M'gladbach,1624.5,1489.17,64.7,64.23,0.739885,H,H,1.0
2023-03-11,Bundesliga,Hertha,Mainz,1391.54,1520.78,65.48,64.13,0.39007,D,A,
2023-03-11,EPL,Leeds,Brighton,1427.0,1546.59,63.92,63.76,0.403094,D,A,
2023-03-11,Bundesliga,Bayern Munich,Augsburg,1723.12,1433.8,69.57,64.53,0.871417,H,H,1.0
2023-03-11,LaLiga,Real Madrid,Espanol,1735.79,1465.1,69.3,64.87,0.859132,H,H,1.0
2023-03-11,LaLiga,Elche,Valladolid,1374.53,1422.17,65.34,68.6,0.503321,D,H,
2023-03-11,EPL,Crystal Palace,Man City,1478.21,1764.15,63.28,69.71,0.209806,A,A,1.0
2023-03-11,EPL,Tottenham,Nott'm Forest,1604.17,1452.91,63.94,78.26,0.754807,H,H,1.0
2023-03-11,EPL,Leicester,Chelsea,1473.02,1559.06,63.61,64.41,0.449356,A,A,1.0
2023-03-11,EPL,Everton,Brentford,1413.72,1547.74,64.42,65.17,0.383751,H,A,0.0
2023-03-11,EPL,Bournemouth,Liverpool,1404.78,1672.82,79.4,66.57,0.226535,H,A,0.0
2023-03-11,LaLiga,Celta,Vallecano,1495.54,1497.33,63.49,64.62,0.56755,H,H,1.0
2023-03-11,LaLiga,Valencia,Osasuna,1441.23,1506.07,64.17,63.68,0.479082,H,A,0.0
2023-03-11,Bundesliga,Ein Frankfurt,Stuttgart,1556.93,1403.22,64.48,65.01,0.759233,D,H,
2023-03-12,LaLiga,Villarreal,Betis,1553.37,1593.2,63.9,64.09,0.514339,D,H,
2023-03-12,LaLiga,Ath Bilbao,Barcelona,1514.37,1750.83,63.6,68.07,0.259387,A,A,1.0
2023-03-12,SerieA,Roma,Sassuolo,1615.68,1513.12,65.02,64.46,0.70274,A,H,0.0
2023-03-12,Ligue1,Monaco,Reims,1665.31,1550.25,65.58,63.69,0.717343,A,H,0.0
2023-03-12,SerieA,Juventus,Sampdoria,1657.09,1353.48,66.21,65.83,0.880011,H,H,1.0
2023-03-12,Ligue1,Nantes,Nice,1490.08,1602.92,63.39,64.17,0.412298,D,A,
2023-03-12,SerieA,Lecce,Torino,1467.07,1507.17,78.84,64.58,0.513947,A,H,0.0
2023-03-12,SerieA,Cremonese,Fiorentina,1340.11,1515.81,83.71,63.96,0.329793,A,A,1.0
2023-03-12,LaLiga,Mallorca,Sociedad,1462.48,1593.55,65.52,64.34,0.387643,D,A,
2023-03-12,Ligue1,Lorient,Troyes,1474.29,1391.43,63.82,65.35,0.678939,H,H,1.0
2023-03-12,Ligue1,Angers,Toulouse,1308.93,1478.31,64.89,76.28,0.338963,A,A,1.0
2023-03-12,Ligue1,Ajaccio,Montpellier,1361.25,1441.83,78.19,63.79,0.456974,A,A,1.0
2023-03-12,Ligue1,Clermont,Lens,1467.63,1618.91,65.19,64.19,0.360939,A,A,1.0
2023-03-12,LaLiga,Sevilla,Almeria,1545.58,1440.85,64.82,78.57,0.703544,H,H,1.0
2023-03-12,Bundesliga,Wolfsburg,Union Berlin,1533.26,1606.09,64.23,65.4,0.467868,D,A,
2023-03-12,Bundesliga,Freiburg,Hoffenheim,1580.1,1401.01,64.3,64.12,0.784533,H,H,1.0
2023-03-12,SerieA,Verona,Monza,1427.31,1495.08,64.19,79.59,0.475235,D,A,
2023-03-12,Ligue1,Marseille,Strasbourg,1665.56,1467.09,63.79,63.47,0.802519,D,H,
2023-03-12,Bundesliga,Werder Bremen,Leverkusen,1433.45,1549.71,68.42,64.57,0.407662,A,A,1.0
2023-03-12,EPL,Newcastle,Wolves,1580.82,1464.01,64.32,64.38,0.719256,H,H,1.0
2023-03-12,EPL,Fulham,Arsenal,1491.37,1690.43,67.32,65.06,0.301459,A,A,1.0
2023-03-12,EPL,Man United,Southampton,1629.42,1393.72,64.47,64.11,0.833629,D,H,
2023-03-12,EPL,West Ham,Aston Villa,1467.53,1504.17,63.7,63.79,0.518831,D,H,
2023-03-13,LaLiga,Girona,Ath Madrid,1485.65,1666.47,77.85,66.03,0.32364,A,A,1.0
2023-03-13,SerieA,Milan,Salernitana,1679.7,1408.75,67.51,67.08,0.859004,D,H,
2023-03-15,EPL,Southampton,Brentford,1401.51,1533.08,64.36,64.95,0.387012,A,A,1.0
2023-03-15,EPL,Brighton,Crystal Palace,1544.38,1473.47,63.6,63.45,0.664257,H,H,1.0
2023-03-17,SerieA,Sassuolo,Spezia,1529.54,1420.38,64.39,65.37,0.710358,H,H,1.0
2023-03-17,EPL,Nott'm Forest,Newcastle,1444.66,1587.36,77.55,64.28,0.372181,A,A,1.0
2023-03-17,Ligue1,Lyon,Nantes,1562.03,1492.06,63.93,63.24,0.663095,D,H,
2023-03-17,SerieA,Atalanta,Empoli,1571.19,1457.19,65.14,65.75,0.715884,H,H,1.0
2023-03-17,Bundesliga,M'gladbach,Werder Bremen,1483.11,1422.83,64.24,67.97,0.650346,D,H,
2023-03-17,LaLiga,Valladolid,Ath Bilbao,1422.26,1508.46,68.1,63.64,0.449108,A,A,1.0
2023-03-18,Bundesliga,Dortmund,FC Koln,1664.81,1472.16,66.21,64.2,0.797167,H,H,1.0
2023-03-18,LaLiga,Ath Madrid,Valencia,1674.35,1453.25,65.85,63.94,0.821919,H,H,1.0
2023-03-18,LaLiga,Espanol,Celta,1461.72,1505.31,65.16,63.32,0.509041,A,H,0.0
2023-03-18,LaLiga,Vallecano,Girona,1487.21,1474.86,64.39,76.92,0.586298,D,H,
2023-03-18,LaLiga,Almeria,Cadiz,1430.83,1478.51,77.66,64.18,0.503274,D,H,
2023-03-18,EPL,Chelsea,Everton,1569.51,1428.05,64.18,64.23,0.746471,D,H,
2023-03-18,EPL,Brentford,Leicester,1542.23,1462.82,64.73,63.43,0.674861,D,H,
2023-03-18,Bundesliga,Augsburg,Schalke 04,1430.75,1350.98,64.88,74.75,0.674111,D,H,
2023-03-18,Bundesliga,Bochum,RB Leipzig,1416.52,1630.64,66.34,64.69,0.283844,H,A,0.0
2023-03-18,Bundesliga,Hoffenheim,Hertha,1395.99,1394.17,64.24,65.22,0.572513,H,H,1.0
2023-03-18,EPL,Aston Villa,Bournemouth,1504.6,1431.76,63.59,78.69,0.665085,H,H,1.0
2023-03-18,Bundesliga,Stuttgart,Wolfsburg,1409.4,1534.0,65.03,64.01,0.396322,A,A,1.0
2023-03-18,EPL,Wolves,Leeds,1457.46,1429.23,64.34,63.74,0.60859,A,H,0.0
2023-03-18,EPL,Southampton,Tottenham,1392.53,1609.78,64.18,64.01,0.280186,D,A,
2023-03-18,Ligue1,Lens,Angers,1627.26,1300.98,64.05,64.75,0.892995,H,H,1.0
2023-03-18,Ligue1,Toulouse,Lille,1489.15,1604.68,75.42,64.03,0.408612,A,A,1.0
2023-03-18,SerieA,Monza,Cremonese,1494.21,1327.5,78.3,82.32,0.769762,D,H,
2023-03-18,SerieA,Salernitana,Bologna,1417.9,1497.58,67.29,64.08,0.45824,D,A,
2023-03-18,SerieA,Udinese,Milan,1499.43,1670.43,64.33,67.71,0.336045,H,A,0.0
2023-03-19,LaLiga,Getafe,Sevilla,1451.77,1552.52,64.01,64.75,0.428934,H,A,0.0
2023-03-19,Ligue1,Ajaccio,Monaco,1345.95,1647.96,77.01,65.47,0.194609,A,A,1.0
2023-03-19,Bundesliga,Union Berlin,Ein Frankfurt,1605.32,1550.85,65.1,64.52,0.643176,H,H,1.0
2023-03-19,Bundesliga,Leverkusen,Bayern Munich,1559.22,1726.65,64.36,69.73,0.340735,H,A,0.0
2023-03-19,Bundesliga,Mainz,Freiburg,1518.25,1585.15,63.96,64.4,0.476197,D,A,
2023-03-19,Ligue1,Strasbourg,Auxerre,1474.01,1411.84,63.66,77.31,0.651836,H,H,1.0
2023-03-19,Ligue1,Troyes,Brest,1383.73,1432.91,65.19,64.34,0.501162,D,H,
2023-03-19,Ligue1,Paris SG,Rennes,1759.29,1584.91,68.31,63.51,0.780093,A,H,0.0
2023-03-19,Ligue1,Reims,Marseille,1566.65,1658.57,63.68,63.97,0.441143,A,A,1.0
2023-03-19,SerieA,Inter,Juventus,1681.02,1660.08,69.51,66.53,0.598573,A,H,0.0
2023-03-19,SerieA,Lazio,Roma,1630.76,1598.98,64.9,64.92,0.613272,H,H,1.0
2023-03-19,SerieA,Torino,Napoli,1519.06,1772.46,64.35,68.62,0.241571,A,A,1.0
2023-03-19,SerieA,Fiorentina,Lecce,1523.35,1449.62,63.88,77.6,0.666323,H,H,1.0
2023-03-19,SerieA,Sampdoria,Verona,1350.52,1427.88,66.16,63.99,0.461485,H,A,0.0
2023-03-19,LaLiga,Betis,Mallorca,1593.53,1465.18,63.87,65.27,0.732102,H,H,1.0
2023-03-19,LaLiga,Osasuna,Villarreal,1494.23,1553.04,63.48,63.69,0.487566,A,A,1.0
2023-03-19,LaLiga,Sociedad,Elche,1590.95,1374.45,64.16,65.05,0.817929,H,H,1.0
2023-03-19,EPL,Arsenal,Crystal Palace,1697.6,1465.86,64.95,63.37,0.830616,H,H,1.0
2023-03-19,LaLiga,Barcelona,Real Madrid,1757.56,1739.62,67.89,69.43,0.59435,H,H,1.0
2023-03-19,Ligue1,Montpellier,Clermont,1452.17,1459.03,63.61,64.98,0.560497,H,H,1.0
2023-03-19,Ligue1,Nice,Lorient,1600.9,1481.65,63.98,63.75,0.722104,D,H,
2023-03-31,Bundesliga,Ein Frankfurt,Bochum,1542.52,1434.22,64.36,66.2,0.709259,D,H,
2023-03-31,LaLiga,Mallorca,Osasuna,1458.76,1483.2,65.21,63.3,0.535993,D,H,
2023-03-31,Ligue1,Marseille,Montpellier,1668.69,1462.14,63.76,63.43,0.809661,D,H,
2023-04-01,LaLiga,Ath Bilbao,Getafe,1518.64,1464.88,63.46,63.82,0.64231,D,H,
2023-04-01,LaLiga,Cadiz,Sevilla,1478.58,1539.12,63.97,64.51,0.485147,A,A,1.0
2023-04-01,Ligue1,Rennes,Lens,1602.67,1629.77,63.64,64.48,0.532238,A,H,0.0
2023-04-01,SerieA,Cremonese,Atalanta,1337.52,1577.96,81.45,65.06,0.25472,A,A,1.0
2023-04-01,LaLiga,Elche,Barcelona,1370.09,1767.95,65.21,67.48,0.12368,A,A,1.0
2023-04-01,LaLiga,Girona,Espanol,1477.68,1449.63,75.88,64.87,0.608274,H,H,1.0
2023-04-01,SerieA,Juventus,Verona,1674.83,1415.54,66.21,63.78,0.851321,H,H,1.0
2023-04-01,SerieA,Inter,Fiorentina,1664.97,1530.94,69.0,63.81,0.738515,A,H,0.0
2023-04-01,Ligue1,Auxerre,Troyes,1400.43,1383.71,76.35,64.9,0.592954,H,H,1.0
2023-04-01,Bundesliga,Freiburg,Hertha,1584.59,1384.0,64.16,64.96,0.804209,D,H,
2023-04-01,EPL,Crystal Palace,Leicester,1461.98,1466.78,63.64,63.37,0.563433,H,H,1.0
2023-04-01,EPL,Brighton,Brentford,1552.02,1538.11,63.52,64.6,0.589138,D,H,
2023-04-01,EPL,Bournemouth,Fulham,1420.41,1483.72,77.67,67.09,0.481283,H,A,0.0
2023-04-01,EPL,Arsenal,Leeds,1701.66,1443.11,65.15,63.59,0.850822,H,H,1.0
2023-04-01,EPL,Nott'm Forest,Wolves,1432.36,1443.33,76.52,64.15,0.55483,D,H,
2023-04-01,EPL,Man City,Liverpool,1769.86,1653.74,69.58,66.56,0.718213,H,H,1.0
2023-04-01,EPL,Chelsea,Aston Villa,1563.77,1512.15,64.2,63.53,0.639566,A,H,0.0
2023-04-01,Bundesliga,RB Leipzig,Mainz,1613.8,1518.8,64.63,63.75,0.693836,A,H,0.0
2023-04-01,Bundesliga,Schalke 04,Leverkusen,1356.39,1574.51,74.02,64.24,0.279233,A,A,1.0
2023-04-01,Bundesliga,Union Berlin,Stuttgart,1613.8,1400.02,64.91,64.79,0.815679,H,H,1.0
2023-04-01,Bundesliga,Bayern Munich,Dortmund,1708.78,1669.84,69.29,66.26,0.62271,H,H,1.0
2023-04-01,Bundesliga,Wolfsburg,Augsburg,1543.11,1426.66,63.84,64.75,0.718807,D,H,
2023-04-02,SerieA,Spezia,Salernitana,1413.42,1418.95,65.26,66.88,0.562285,D,H,
2023-04-02,EPL,West Ham,Southampton,1467.1,1397.63,63.51,64.15,0.662372,H,H,1.0
2023-04-02,EPL,Newcastle,Man United,1595.94,1621.54,64.13,64.7,0.534348,H,H,1.0
2023-04-02,Ligue1,Lille,Lorient,1614.03,1486.74,63.86,63.75,0.731114,H,H,1.0
2023-04-02,LaLiga,Celta,Almeria,1516.76,1430.72,63.15,76.51,0.681567,D,H,
2023-04-02,LaLiga,Real Madrid,Valladolid,1728.77,1410.66,68.92,67.64,0.888134,H,H,1.0
2023-04-02,LaLiga,Villarreal,Sociedad,1564.13,1595.2,63.49,64.35,0.526677,H,H,1.0
2023-04-02,SerieA,Bologna,Udinese,1496.62,1514.84,63.87,64.21,0.544691,H,H,1.0
2023-04-02,SerieA,Napoli,Milan,1778.83,1653.42,68.46,67.39,0.728584,A,H,0.0
2023-04-02,SerieA,Roma,Sampdoria,1589.85,1363.68,64.7,65.82,0.825805,H,H,1.0
2023-04-02,SerieA,Monza,Lazio,1485.15,1639.88,77.67,64.68,0.356506,A,A,1.0
2023-04-02,LaLiga,Ath Madrid,Betis,1678.72,1599.69,65.99,63.88,0.674353,H,H,1.0
2023-04-02,Ligue1,Angers,Nice,1298.42,1595.77,65.15,63.97,0.19855,D,A,
2023-04-02,Bundesliga,FC Koln,M'gladbach,1467.43,1479.64,64.34,64.11,0.553089,D,H,
2023-04-02,Ligue1,Monaco,Strasbourg,1652.69,1481.88,65.59,63.57,0.776603,H,H,1.0
2023-04-02,Bundesliga,Werder Bremen,Hoffenheim,1426.72,1405.87,67.62,64.03,0.598602,A,H,0.0
2023-04-02,Ligue1,Brest,Toulouse,1432.94,1476.36,64.1,74.49,0.509215,H,H,1.0
2023-04-02,Ligue1,Clermont,Ajaccio,1448.65,1339.52,64.72,76.57,0.708906,H,H,1.0
2023-04-02,Ligue1,Paris SG,Lyon,1738.81,1558.28,68.22,63.83,0.785933,A,H,0.0
2023-04-02,Ligue1,Nantes,Reims,1495.73,1556.61,63.17,63.5,0.484655,A,A,1.0
2023-04-03,EPL,Everton,Tottenham,1433.79,1604.71,64.26,63.99,0.33579,D,A,
2023-04-03,SerieA,Sassuolo,Torino,1536.3,1513.42,64.34,64.4,0.601338,D,H,
2023-04-03,SerieA,Empoli,Lecce,1450.29,1438.6,65.63,76.66,0.585419,H,H,1.0
2023-04-03,LaLiga,Valencia,Vallecano,1449.11,1485.22,64.16,64.2,0.519577,D,H,
2023-04-04,EPL,Leeds,Nott'm Forest,1439.67,1430.6,63.9,75.48,0.581918,H,H,1.0
2023-04-04,EPL,Bournemouth,Brighton,1437.52,1550.0,76.52,63.36,0.412745,A,A,1.0
2023-04-04,EPL,Chelsea,Liverpool,1548.97,1646.74,64.06,66.41,0.433124,D,A,
2023-04-04,EPL,Leicester,Aston Villa,1456.94,1526.65,63.21,63.42,0.472215,A,A,1.0
2023-04-05,EPL,West Ham,Newcastle,1474.76,1606.67,63.43,63.91,0.386489,A,A,1.0
2023-04-05,EPL,Man United,Brentford,1610.63,1540.2,64.45,64.38,0.663568,H,H,1.0
2023-04-07,SerieA,Lecce,Napoli,1425.25,1759.74,75.64,68.23,0.167905,A,A,1.0
2023-04-07,SerieA,Milan,Empoli,1671.93,1460.2,67.22,65.37,0.813851,D,H,
2023-04-07,LaLiga,Sevilla,Celta,1550.42,1512.71,64.26,63.13,0.621297,D,H,
2023-04-07,Ligue1,Lens,Strasbourg,1642.16,1476.76,64.23,63.69,0.771244,H,H,1.0
2023-04-07,SerieA,Salernitana,Inter,1420.5,1645.27,66.5,68.76,0.272316,D,A,
2023-04-08,SerieA,Atalanta,Bologna,1584.02,1507.03,65.05,63.67,0.671849,A,H,0.0
2023-04-08,SerieA,Udinese,Monza,1504.32,1473.33,63.99,76.66,0.61135,D,H,
2023-04-08,SerieA,Fiorentina,Spezia,1547.85,1411.94,63.84,64.99,0.740412,D,H,
2023-04-08,SerieA,Lazio,Juventus,1648.21,1678.53,64.53,66.42,0.52768,H,H,1.0
2023-04-08,SerieA,Verona,Sassuolo,1412.09,1533.95,64.09,64.15,0.400033,H,A,0.0
2023-04-08,SerieA,Torino,Roma,1515.78,1593.98,64.2,64.9,0.460325,A,A,1.0
2023-04-08,SerieA,Sampdoria,Cremonese,1359.41,1328.22,65.97,80.49,0.611305,A,H,0.0
2023-04-08,LaLiga,Espanol,Ath Bilbao,1440.45,1515.42,64.67,63.36,0.46483,A,A,1.0
2023-04-08,EPL,Wolves,Chelsea,1444.57,1550.5,63.96,63.86,0.421758,H,A,0.0
2023-04-08,Bundesliga,Augsburg,FC Koln,1431.83,1466.19,64.7,64.12,0.522029,A,H,0.0
2023-04-08,Bundesliga,Freiburg,Bayern Munich,1577.5,1718.85,64.33,68.82,0.374312,A,A,1.0
2023-04-08,Bundesliga,Leverkusen,Ein Frankfurt,1580.99,1537.64,64.22,64.31,0.628666,H,H,1.0
2023-04-08,Bundesliga,Mainz,Werder Bremen,1534.67,1411.46,63.7,67.22,0.726144,D,H,
2023-04-08,Bundesliga,Hertha,RB Leipzig,1391.27,1597.49,65.08,64.53,0.292973,A,A,1.0
2023-04-08,LaLiga,Osasuna,Elche,1484.01,1367.1,63.13,65.54,0.719241,H,H,1.0
2023-04-08,LaLiga,Sociedad,Getafe,1584.22,1468.14,64.12,63.69,0.718507,H,H,1.0
2023-04-08,EPL,Southampton,Man City,1389.82,1777.47,64.03,69.26,0.130294,A,A,1.0
2023-04-08,LaLiga,Real Madrid,Villarreal,1731.79,1574.83,69.18,63.31,0.762779,A,H,0.0
2023-04-08,Ligue1,Nice,Paris SG,1588.78,1718.22,64.13,68.14,0.390095,A,A,1.0
2023-04-08,EPL,Man United,Everton,1618.48,1437.6,64.32,64.14,0.786223,H,H,1.0
2023-04-08,EPL,Aston Villa,Nott'm Forest,1537.31,1417.52,63.24,74.54,0.72135,H,H,1.0
2023-04-08,EPL,Brentford,Newcastle,1532.36,1615.53,64.25,63.75,0.453349,A,A,1.0
2023-04-08,EPL,Fulham,West Ham,1470.82,1466.02,66.71,63.3,0.576706,A,H,0.0
2023-04-08,EPL,Leicester,Bournemouth,1446.35,1424.24,63.04,75.51,0.599572,A,H,0.0
2023-04-08,EPL,Tottenham,Brighton,1600.93,1559.25,63.89,63.23,0.626544,H,H,1.0
2023-04-08,Ligue1,Angers,Lille,1305.67,1620.22,65.26,63.87,0.183542,H,A,0.0
2023-04-08,Bundesliga,Dortmund,Union Berlin,1660.59,1618.2,65.98,65.07,0.62735,H,H,1.0
2023-04-09,LaLiga,Betis,Cadiz,1592.22,1467.46,63.8,63.76,0.728302,A,H,0.0
2023-04-09,Ligue1,Lorient,Marseille,1480.57,1661.54,63.77,63.96,0.32325,D,A,
2023-04-09,Bundesliga,Hoffenheim,Schalke 04,1419.61,1347.89,63.86,73.44,0.664265,H,H,1.0
2023-04-09,Bundesliga,Bochum,Stuttgart,1439.37,1395.63,66.05,64.96,0.629129,A,H,0.0
2023-04-09,Bundesliga,M'gladbach,Wolfsburg,1480.86,1538.08,63.9,63.83,0.489817,H,A,0.0
2023-04-09,Ligue1,Lyon,Rennes,1576.36,1590.58,63.96,63.45,0.550305,H,H,1.0
2023-04-09,Ligue1,Ajaccio,Auxerre,1330.14,1413.46,75.81,75.36,0.453494,A,A,1.0
2023-04-09,Ligue1,Montpellier,Toulouse,1469.21,1461.37,63.64,73.58,0.580359,A,H,0.0
2023-04-09,Ligue1,Reims,Brest,1567.58,1444.16,63.31,63.89,0.726781,D,H,
2023-04-09,EPL,Leeds,Crystal Palace,1449.17,1471.9,63.73,63.45,0.538395,A,H,0.0
2023-04-09,Ligue1,Troyes,Clermont,1374.16,1455.45,64.69,64.66,0.455998,A,A,1.0
2023-04-09,LaLiga,Almeria,Valencia,1436.64,1448.66,75.68,63.93,0.553358,H,H,1.0
2023-04-09,LaLiga,Valladolid,Mallorca,1407.76,1457.9,67.93,64.93,0.499795,D,A,
2023-04-09,LaLiga,Vallecano,Ath Madrid,1485.67,1686.67,63.97,65.78,0.299248,A,A,1.0
2023-04-09,Ligue1,Nantes,Monaco,1484.87,1658.11,63.0,65.62,0.333027,D,A,
2023-04-09,EPL,Liverpool,Arsenal,1645.09,1705.26,66.06,65.41,0.485683,D,A,
2023-04-10,LaLiga,Barcelona,Girona,1771.14,1490.09,67.74,74.94,0.864591,D,H,
2023-04-14,SerieA,Cremonese,Empoli,1349.87,1467.78,79.22,65.51,0.40548,H,A,0.0
2023-04-14,Ligue1,Toulouse,Lyon,1478.73,1586.68,72.77,63.76,0.418982,A,A,1.0
2023-04-14,LaLiga,Vallecano,Osasuna,1478.78,1490.32,63.93,63.16,0.554054,H,H,1.0
2023-04-14,Bundesliga,Schalke 04,Hertha,1337.89,1384.29,72.77,64.99,0.505067,H,H,1.0
2023-04-14,SerieA,Spezia,Lazio,1417.67,1659.2,64.96,64.29,0.253454,A,A,1.0
2023-04-15,EPL,Southampton,Crystal Palace,1386.78,1484.07,64.39,63.28,0.433676,A,A,1.0
2023-04-15,EPL,Tottenham,Bournemouth,1609.49,1443.09,63.74,74.59,0.770689,A,H,0.0
2023-04-15,Bundesliga,Bayern Munich,Hoffenheim,1728.71,1427.26,68.38,63.77,0.87899,D,H,
2023-04-15,Bundesliga,FC Koln,Mainz,1478.21,1529.5,63.9,63.72,0.49818,D,A,
2023-04-15,Bundesliga,RB Leipzig,Augsburg,1604.36,1419.6,64.47,64.44,0.789844,H,H,1.0
2023-04-15,Bundesliga,Stuttgart,Dortmund,1410.49,1669.67,64.76,65.72,0.23528,D,A,
2023-04-15,Bundesliga,Ein Frankfurt,M'gladbach,1529.03,1492.54,64.14,63.69,0.619637,D,H,
2023-04-15,Ligue1,Paris SG,Lens,1728.3,1647.5,67.73,64.31,0.676505,H,H,1.0
2023-04-15,SerieA,Napoli,Verona,1764.16,1425.91,68.3,63.9,0.899375,D,H,
2023-04-15,SerieA,Bologna,Milan,1522.34,1663.92,63.59,67.28,0.373889,D,A,
2023-04-15,SerieA,Inter,Monza,1639.24,1476.96,68.51,75.68,0.766418,A,H,0.0
2023-04-15,EPL,Chelsea,Brighton,1537.28,1550.85,63.67,63.13,0.551217,A,H,0.0
2023-04-15,EPL,Everton,Fulham,1432.62,1456.49,64.26,66.35,0.536732,A,H,0.0
2023-04-15,EPL,Aston Villa,Newcastle,1543.56,1625.86,63.28,63.56,0.454557,H,A,0.0
2023-04-15,EPL,Wolves,Brentford,1457.83,1521.88,63.77,64.03,0.480208,H,A,0.0
2023-04-15,EPL,Man City,Leicester,1781.0,1433.05,69.43,62.94,0.904337,H,H,1.0
2023-04-15,LaLiga,Villarreal,Valladolid,1592.06,1407.76,63.42,67.47,0.788991,A,H,0.0
2023-04-15,Ligue1,Rennes,Reims,1580.42,1562.44,63.28,63.34,0.594752,H,H,1.0
2023-04-15,LaLiga,Ath Bilbao,Sociedad,1525.88,1590.74,63.19,64.09,0.479058,H,A,0.0
2023-04-15,LaLiga,Betis,Espanol,1575.49,1429.56,63.81,64.41,0.751194,H,H,1.0
2023-04-15,LaLiga,Cadiz,Real Madrid,1484.17,1711.3,63.77,68.99,0.269718,A,A,1.0
2023-04-16,LaLiga,Valencia,Sevilla,1438.49,1547.61,63.75,64.09,0.417396,A,A,1.0
2023-04-16,LaLiga,Girona,Elche,1501.63,1360.32,74.88,65.45,0.746163,H,H,1.0
2023-04-16,SerieA,Torino,Salernitana,1505.15,1426.15,63.98,66.38,0.674076,D,H,
2023-04-16,SerieA,Sassuolo,Juventus,1520.1,1666.91,63.96,66.06,0.366938,H,A,0.0
2023-04-16,SerieA,Roma,Udinese,1604.83,1501.78,64.63,63.84,0.703382,H,H,1.0
2023-04-16,LaLiga,Ath Madrid,Almeria,1693.94,1450.7,65.64,74.7,0.837878,H,H,1.0
2023-04-16,Ligue1,Strasbourg,Ajaccio,1471.51,1315.92,63.8,74.84,0.759775,H,H,1.0
2023-04-16,Ligue1,Clermont,Angers,1466.12,1325.37,64.42,65.41,0.745571,H,H,1.0
2023-04-16,Ligue1,Brest,Nice,1449.39,1579.8,63.9,63.96,0.388489,H,A,0.0
2023-04-16,Ligue1,Auxerre,Nantes,1427.52,1488.6,74.42,62.96,0.484362,H,A,0.0
2023-04-16,Ligue1,Lille,Montpellier,1601.32,1456.1,64.08,63.48,0.750571,H,H,1.0
2023-04-16,SerieA,Lecce,Sampdoria,1419.88,1344.68,75.39,65.71,0.669413,D,H,
2023-04-16,LaLiga,Getafe,Barcelona,1461.7,1761.71,63.69,67.95,0.19673,D,A,
2023-04-16,Ligue1,Marseille,Troyes,1657.48,1363.48,63.87,64.44,0.874355,H,H,1.0
2023-04-16,Bundesliga,Werder Bremen,Freiburg,1417.21,1568.83,67.05,64.16,0.360493,A,A,1.0
2023-04-16,Bundesliga,Wolfsburg,Leverkusen,1526.43,1589.58,63.62,64.06,0.481457,D,A,
2023-04-16,Bundesliga,Union Berlin,Bochum,1609.37,1424.02,64.86,65.78,0.790208,D,H,
2023-04-16,EPL,West Ham,Arsenal,1478.97,1704.92,63.15,65.11,0.270543,D,A,
2023-04-16,EPL,Nott'm Forest,Man United,1408.96,1623.48,73.94,64.43,0.283359,A,A,1.0
2023-04-16,Ligue1,Monaco,Lorient,1654.07,1484.62,65.42,63.69,0.775259,H,H,1.0
2023-04-17,SerieA,Fiorentina,Atalanta,1542.32,1568.06,63.87,64.9,0.534148,D,H,
2023-04-17,EPL,Leeds,Liverpool,1436.91,1645.44,63.54,65.72,0.290414,A,A,1.0
2023-04-17,LaLiga,Celta,Mallorca,1515.43,1457.9,63.02,64.66,0.647107,A,H,0.0
2023-04-21,Bundesliga,Augsburg,Stuttgart,1414.66,1416.76,64.56,64.8,0.567115,D,H,
2023-04-21,SerieA,Verona,Bologna,1435.21,1525.2,64.36,63.47,0.443817,H,A,0.0
2023-04-21,LaLiga,Espanol,Cadiz,1423.74,1478.0,64.44,63.79,0.493992,D,A,
2023-04-21,Ligue1,Angers,Paris SG,1319.24,1736.6,65.37,67.43,0.112262,A,A,1.0
2023-04-21,EPL,Arsenal,Southampton,1699.43,1376.7,65.05,64.17,0.891139,D,H,
2023-04-22,Bundesliga,Hertha,Werder Bremen,1372.67,1408.15,64.72,66.74,0.520425,A,H,0.0
2023-04-22,Bundesliga,Bochum,Wolfsburg,1431.12,1526.85,65.84,63.43,0.435832,A,A,1.0
2023-04-22,LaLiga,Osasuna,Betis,1480.34,1581.21,63.0,63.86,0.428731,H,A,0.0
2023-04-22,LaLiga,Almeria,Ath Bilbao,1445.67,1537.55,74.52,63.02,0.441164,A,A,1.0
2023-04-22,LaLiga,Sociedad,Vallecano,1578.75,1489.0,63.87,63.73,0.687502,H,H,1.0
2023-04-22,LaLiga,Valladolid,Girona,1428.03,1509.53,67.45,74.33,0.455991,H,A,0.0
2023-04-22,LaLiga,Real Madrid,Celta,1718.47,1500.97,68.73,62.95,0.819067,H,H,1.0
2023-04-22,EPL,Brentford,Aston Villa,1509.93,1555.82,63.81,63.11,0.505805,D,H,
2023-04-22,Bundesliga,Mainz,Bayern Munich,1529.46,1718.64,63.52,68.61,0.313705,H,A,0.0
2023-04-22,Bundesliga,Dortmund,Ein Frankfurt,1663.22,1526.26,65.71,63.98,0.741675,H,H,1.0
2023-04-22,Bundesliga,Hoffenheim,FC Koln,1436.02,1478.25,64.16,63.69,0.510959,A,H,0.0
2023-04-22,EPL,Liverpool,Nott'm Forest,1652.49,1400.36,65.6,73.36,0.844734,H,H,1.0
2023-04-22,EPL,Fulham,Leeds,1469.68,1430.3,65.99,63.53,0.623481,H,H,1.0
2023-04-22,SerieA,Lazio,Torino,1665.11,1501.15,64.31,63.89,0.769784,A,H,0.0
2023-04-22,EPL,Crystal Palace,Everton,1493.81,1420.23,63.12,64.04,0.667559,D,H,
2023-04-22,SerieA,Salernitana,Sassuolo,1430.45,1534.63,66.16,63.82,0.424165,H,A,0.0
2023-04-22,SerieA,Sampdoria,Spezia,1348.73,1411.64,65.53,64.95,0.481816,D,A,
2023-04-22,Ligue1,Auxerre,Lille,1443.25,1607.11,73.51,64.12,0.344732,D,A,
2023-04-22,Ligue1,Lens,Monaco,1639.98,1659.51,64.21,65.45,0.542839,H,H,1.0
2023-04-22,EPL,Leicester,Wolves,1430.87,1469.68,63.44,63.57,0.515777,H,H,1.0
2023-04-23,SerieA,Milan,Lecce,1660.73,1414.57,66.93,74.6,0.840097,H,H,1.0
2023-04-23,SerieA,Udinese,Cremonese,1494.97,1370.27,63.81,78.02,0.726353,H,H,1.0
2023-04-23,SerieA,Monza,Fiorentina,1501.35,1541.54,75.16,63.67,0.513835,H,H,1.0
2023-04-23,Bundesliga,M'gladbach,Union Berlin,1495.26,1602.47,63.55,64.95,0.420057,A,A,1.0
2023-04-23,Bundesliga,Leverkusen,RB Leipzig,1589.16,1609.3,63.84,64.58,0.541993,H,H,1.0
2023-04-23,Bundesliga,Freiburg,Schalke 04,1577.15,1352.35,64.02,71.98,0.82378,H,H,1.0
2023-04-23,SerieA,Juventus,Napoli,1651.44,1753.55,65.8,68.62,0.427253,A,A,1.0
2023-04-23,Ligue1,Reims,Strasbourg,1553.31,1477.0,63.2,63.88,0.670973,A,H,0.0
2023-04-23,EPL,Newcastle,Tottenham,1613.5,1591.89,63.38,63.85,0.599648,H,H,1.0
2023-04-23,Ligue1,Nantes,Troyes,1477.21,1360.51,62.82,64.79,0.719085,D,H,
2023-04-23,Ligue1,Nice,Clermont,1565.76,1472.08,63.8,64.43,0.692182,A,H,0.0
2023-04-23,Ligue1,Montpellier,Rennes,1450.42,1589.54,63.55,63.14,0.376826,H,A,0.0
2023-04-23,Ligue1,Lyon,Marseille,1596.19,1660.4,63.59,64.24,0.479971,A,A,1.0
2023-04-23,SerieA,Empoli,Inter,1453.66,1619.18,65.26,68.38,0.343021,A,A,1.0
2023-04-23,LaLiga,Elche,Valencia,1354.2,1428.98,65.42,63.57,0.465109,A,A,1.0
2023-04-23,LaLiga,Barcelona,Ath Madrid,1753.8,1697.88,67.94,65.84,0.644929,H,H,1.0
2023-04-23,LaLiga,Mallorca,Getafe,1473.1,1468.66,64.5,63.87,0.576181,H,H,1.0
2023-04-23,LaLiga,Sevilla,Villarreal,1557.22,1574.11,63.89,63.58,0.546568,H,H,1.0
2023-04-23,EPL,Bournemouth,West Ham,1467.04,1484.14,74.14,63.19,0.546298,A,H,0.0
2023-04-23,Ligue1,Ajaccio,Brest,1308.47,1463.4,74.34,63.74,0.356172,D,A,
2023-04-23,Ligue1,Lorient,Toulouse,1479.45,1466.46,63.81,72.02,0.587462,A,H,0.0
2023-04-24,SerieA,Atalanta,Roma,1568.86,1611.8,64.63,64.55,0.509951,H,H,1.0
2023-04-25,LaLiga,Girona,Real Madrid,1493.0,1723.3,73.45,68.74,0.2662,H,A,0.0
2023-04-25,LaLiga,Betis,Sociedad,1568.14,1585.92,63.67,63.8,0.545313,D,H,
2023-04-25,EPL,Leeds,Leicester,1421.77,1441.8,63.41,63.26,0.542181,D,H,
2023-04-25,EPL,Aston Villa,Fulham,1555.95,1478.86,62.95,65.72,0.671766,H,H,1.0
2023-04-25,EPL,Wolves,Crystal Palace,1458.71,1490.05,63.38,63.07,0.526299,H,H,1.0
2023-04-25,LaLiga,Cadiz,Osasuna,1477.86,1493.07,63.58,62.87,0.548935,A,H,0.0
2023-04-26,EPL,West Ham,Liverpool,1496.3,1656.26,63.05,65.82,0.349865,A,A,1.0
2023-04-26,EPL,Chelsea,Brentford,1524.74,1509.8,63.49,63.61,0.590592,A,H,0.0
2023-04-26,EPL,Nott'm Forest,Brighton,1395.7,1563.19,73.27,62.97,0.340022,H,A,0.0
2023-04-26,EPL,Man City,Arsenal,1783.62,1689.98,69.74,65.44,0.692021,H,H,1.0
2023-04-26,LaLiga,Vallecano,Barcelona,1481.86,1762.93,63.67,67.58,0.214061,H,A,0.0
2023-04-26,LaLiga,Celta,Elche,1496.88,1343.07,63.2,65.12,0.759317,H,H,1.0
2023-04-26,LaLiga,Getafe,Almeria,1458.96,1432.17,63.69,73.62,0.605988,A,H,0.0
2023-04-26,LaLiga,Ath Madrid,Mallorca,1689.27,1482.97,65.61,64.28,0.809321,H,H,1.0
2023-04-27,LaLiga,Valencia,Valladolid,1439.51,1441.73,63.39,67.04,0.566855,H,H,1.0
2023-04-27,LaLiga,Villarreal,Espanol,1563.83,1423.88,63.39,64.2,0.744876,H,H,1.0
2023-04-27,LaLiga,Ath Bilbao,Sevilla,1547.34,1567.6,62.89,63.69,0.54185,A,H,0.0
2023-04-27,EPL,Tottenham,Man United,1582.73,1630.09,63.69,64.39,0.50371,D,H,
2023-04-27,EPL,Everton,Newcastle,1424.09,1622.53,63.93,63.24,0.302007,A,A,1.0
2023-04-27,EPL,Southampton,Bournemouth,1385.9,1450.49,64.59,73.27,0.47956,A,A,1.0
2023-04-28,SerieA,Lecce,Udinese,1409.62,1501.2,74.44,63.83,0.441616,H,A,0.0
2023-04-28,Ligue1,Strasbourg,Lyon,1492.41,1585.31,63.79,63.4,0.439775,A,A,1.0
2023-04-28,Bundesliga,Bochum,Dortmund,1420.55,1669.5,65.53,65.65,0.245798,D,A,
2023-04-28,LaLiga,Osasuna,Sociedad,1505.26,1586.96,62.73,63.61,0.455403,A,A,1.0
2023-04-28,SerieA,Spezia,Monza,1411.21,1516.45,64.68,74.2,0.423226,A,A,1.0
2023-04-29,Bundesliga,Schalke 04,Werder Bremen,1347.25,1421.07,71.87,66.35,0.466502,H,A,0.0
2023-04-29,Bundesliga,Union Berlin,Leverkusen,1612.39,1599.62,64.71,63.64,0.587634,D,H,
2023-04-29,Bundesliga,RB Leipzig,Hoffenheim,1598.61,1424.24,64.34,63.94,0.780018,H,H,1.0
2023-04-29,Bundesliga,Stuttgart,M'gladbach,1418.33,1485.74,64.55,63.39,0.475458,H,A,0.0
2023-04-29,Bundesliga,Ein Frankfurt,Augsburg,1520.29,1413.09,64.0,64.33,0.708195,D,H,
2023-04-29,Ligue1,Lille,Ajaccio,1603.57,1312.87,64.01,73.57,0.871002,H,H,1.0
2023-04-29,LaLiga,Barcelona,Betis,1742.69,1567.11,67.54,63.48,0.781252,H,H,1.0
2023-04-29,LaLiga,Real Madrid,Almeria,1704.0,1450.33,68.51,72.84,0.845947,H,H,1.0
2023-04-29,Bundesliga,FC Koln,Freiburg,1489.87,1581.24,63.49,64.24,0.441936,A,A,1.0
2023-04-29,EPL,Crystal Palace,West Ham,1479.47,1488.48,62.91,62.98,0.557599,H,H,1.0
2023-04-29,LaLiga,Elche,Vallecano,1337.32,1499.87,65.12,63.81,0.346378,H,A,0.0
2023-04-29,EPL,Brighton,Wolves,1548.55,1469.39,62.93,63.2,0.674593,H,H,1.0
2023-04-29,SerieA,Roma,Milan,1600.38,1664.76,64.3,67.09,0.479765,D,A,
2023-04-29,SerieA,Torino,Atalanta,1518.92,1580.32,63.98,64.38,0.483941,A,A,1.0
2023-04-29,EPL,Brentford,Nott'm Forest,1523.22,1415.33,63.45,72.6,0.707991,H,H,1.0
2023-04-30,SerieA,Sassuolo,Empoli,1521.5,1445.49,63.65,65.08,0.670479,H,H,1.0
2023-04-30,SerieA,Napoli,Salernitana,1764.72,1444.53,68.15,65.83,0.889531,D,H,
2023-04-30,LaLiga,Cadiz,Valencia,1465.4,1449.26,63.4,63.23,0.59226,H,H,1.0
2023-04-30,LaLiga,Villarreal,Celta,1569.63,1502.32,63.46,63.3,0.659721,H,H,1.0
2023-04-30,LaLiga,Espanol,Getafe,1417.94,1445.25,64.22,63.55,0.531971,H,H,1.0
2023-04-30,LaLiga,Valladolid,Ath Madrid,1430.87,1693.92,66.66,65.73,0.231377,A,A,1.0
2023-04-30,Ligue1,Marseille,Auxerre,1671.5,1447.89,64.01,72.82,0.822671,H,H,1.0
2023-04-30,Ligue1,Paris SG,Lorient,1739.49,1466.1,67.73,63.64,0.861135,A,H,0.0
2023-04-30,Ligue1,Troyes,Nice,1365.7,1549.9,64.73,63.75,0.319262,A,A,1.0
2023-04-30,Ligue1,Clermont,Reims,1488.25,1538.21,64.35,63.15,0.50005,H,H,1.0
2023-04-30,Ligue1,Rennes,Angers,1575.57,1316.51,63.04,65.74,0.850885,H,H,1.0
2023-04-30,SerieA,Cremonese,Verona,1361.13,1448.12,77.22,64.13,0.448024,D,A,
2023-04-30,EPL,Bournemouth,Leeds,1464.68,1420.82,72.45,63.23,0.629426,H,H,1.0
2023-04-30,SerieA,Bologna,Juventus,1512.64,1641.13,63.29,65.5,0.391169,D,A,
2023-04-30,Bundesliga,Wolfsburg,Mainz,1536.68,1545.02,63.26,63.48,0.558513,H,H,1.0
2023-04-30,Bundesliga,Bayern Munich,Hertha,1700.57,1360.49,68.28,64.47,0.900245,H,H,1.0
2023-04-30,EPL,Fulham,Man City,1470.91,1791.97,65.53,69.35,0.178889,A,A,1.0
2023-04-30,EPL,Man United,Aston Villa,1630.18,1563.27,64.15,62.91,0.659253,H,H,1.0
2023-04-30,Ligue1,Monaco,Montpellier,1648.56,1464.56,65.16,63.42,0.789265,A,H,0.0
2023-04-30,SerieA,Fiorentina,Sampdoria,1530.57,1349.17,63.49,65.22,0.786571,H,H,1.0
2023-04-30,EPL,Newcastle,Southampton,1629.34,1374.76,63.22,64.35,0.847849,H,H,1.0
2023-04-30,EPL,Liverpool,Tottenham,1664.75,1582.64,65.6,63.49,0.678198,H,H,1.0
2023-04-30,SerieA,Inter,Lazio,1628.12,1647.11,68.02,64.38,0.54361,H,H,1.0
2023-05-01,LaLiga,Mallorca,Ath Bilbao,1478.51,1535.3,64.45,62.74,0.490411,D,A,
2023-05-01,EPL,Leicester,Everton,1442.75,1417.14,63.09,63.88,0.605057,D,H,
2023-05-01,LaLiga,Sevilla,Girona,1579.93,1514.97,63.5,72.96,0.655818,A,H,0.0
2023-05-02,LaLiga,Barcelona,Osasuna,1748.31,1495.19,67.49,62.59,0.847025,H,H,1.0
2023-05-02,LaLiga,Sociedad,Real Madrid,1597.3,1708.07,63.42,68.62,0.415366,H,A,0.0
2023-05-02,Ligue1,Toulouse,Lens,1483.34,1650.53,71.33,63.99,0.340486,A,A,1.0
2023-05-02,LaLiga,Almeria,Elche,1445.76,1352.87,72.78,64.94,0.691172,H,H,1.0
2023-05-02,EPL,Arsenal,Chelsea,1682.59,1511.37,65.31,63.33,0.777031,H,H,1.0
2023-05-03,LaLiga,Getafe,Celta,1434.65,1494.64,63.36,63.23,0.485903,H,A,0.0
2023-05-03,EPL,Man City,West Ham,1796.8,1478.62,69.34,62.83,0.888798,H,H,1.0
2023-05-03,EPL,Liverpool,Fulham,1672.52,1466.57,65.42,65.69,0.808825,H,H,1.0
2023-05-03,SerieA,Monza,Roma,1529.28,1600.84,73.35,64.07,0.469627,D,A,
2023-05-03,SerieA,Milan,Cremonese,1664.25,1362.83,66.69,76.12,0.877225,D,H,
2023-05-03,SerieA,Lazio,Sassuolo,1636.54,1529.0,64.15,63.57,0.708673,H,H,1.0
2023-05-03,SerieA,Sampdoria,Torino,1344.04,1507.82,65.29,63.77,0.344799,A,A,1.0
2023-05-03,SerieA,Salernitana,Fiorentina,1454.12,1535.44,66.19,63.64,0.455942,D,A,
2023-05-03,SerieA,Juventus,Lecce,1638.51,1426.66,65.24,73.55,0.812736,H,H,1.0
2023-05-03,SerieA,Atalanta,Spezia,1591.55,1401.36,64.14,64.46,0.794879,H,H,1.0
2023-05-03,LaLiga,Valencia,Villarreal,1440.1,1577.34,63.09,63.38,0.379343,D,A,
2023-05-03,LaLiga,Ath Madrid,Cadiz,1699.55,1474.61,65.73,63.25,0.825164,H,H,1.0
2023-05-03,SerieA,Verona,Inter,1446.94,1639.87,63.94,67.56,0.309069,A,A,1.0
2023-05-03,Ligue1,Brest,Nantes,1460.16,1472.33,63.63,62.86,0.553192,H,H,1.0
2023-05-04,SerieA,Udinese,Napoli,1488.54,1754.44,63.65,68.43,0.2289,D,A,
2023-05-04,LaLiga,Vallecano,Valladolid,1484.92,1425.09,63.71,66.61,0.649893,H,H,1.0
2023-05-04,SerieA,Empoli,Bologna,1437.66,1515.08,64.92,63.17,0.461377,H,A,0.0
2023-05-04,LaLiga,Sevilla,Espanol,1565.14,1428.76,63.42,63.99,0.741053,H,H,1.0
2023-05-04,LaLiga,Girona,Mallorca,1534.34,1478.73,72.3,64.2,0.644676,H,H,1.0
2023-05-04,EPL,Brighton,Man United,1555.82,1638.07,62.9,64.03,0.454648,H,A,0.0
2023-05-04,LaLiga,Ath Bilbao,Betis,1535.09,1562.11,62.6,63.62,0.532367,A,H,0.0
2023-05-05,Bundesliga,Leverkusen,FC Koln,1601.61,1479.88,63.48,63.32,0.724958,A,H,0.0
2023-05-05,Bundesliga,Mainz,Schalke 04,1535.03,1362.46,63.31,71.15,0.777255,A,H,0.0
2023-05-06,Bundesliga,Werder Bremen,Bayern Munich,1408.03,1703.22,66.01,68.61,0.201148,A,A,1.0
2023-05-06,SerieA,Milan,Lazio,1654.78,1643.3,66.98,64.11,0.585849,H,H,1.0
2023-05-06,Bundesliga,M'gladbach,Bochum,1473.93,1426.7,63.21,65.51,0.633659,H,H,1.0
2023-05-06,SerieA,Roma,Inter,1600.15,1647.75,63.87,67.3,0.503377,A,H,0.0
2023-05-06,Ligue1,Lens,Marseille,1658.35,1675.6,63.89,64.24,0.546051,H,H,1.0
2023-05-06,Bundesliga,Hertha,Stuttgart,1358.11,1430.57,64.91,64.3,0.468367,H,A,0.0
2023-05-06,Bundesliga,Freiburg,RB Leipzig,1591.46,1603.76,64.02,64.43,0.552954,A,H,0.0
2023-05-06,Bundesliga,Augsburg,Union Berlin,1417.95,1610.34,64.27,64.48,0.309379,H,A,0.0
2023-05-06,Ligue1,Nice,Rennes,1557.2,1578.94,63.68,63.37,0.539783,H,H,1.0
2023-05-06,SerieA,Cremonese,Spezia,1375.16,1396.53,76.07,64.59,0.540279,H,H,1.0
2023-05-06,EPL,Liverpool,Brentford,1677.15,1529.81,65.54,63.45,0.752805,H,H,1.0
2023-05-06,EPL,Wolves,Aston Villa,1462.06,1555.67,63.15,62.86,0.438761,H,A,0.0
2023-05-06,EPL,Tottenham,Crystal Palace,1575.34,1489.31,63.43,62.77,0.683077,H,H,1.0
2023-05-06,EPL,Man City,Leeds,1799.84,1412.51,69.58,63.14,0.921896,H,H,1.0
2023-05-06,EPL,Bournemouth,Chelsea,1475.46,1506.3,71.78,63.47,0.526996,A,H,0.0
2023-05-06,Bundesliga,Hoffenheim,Ein Frankfurt,1419.15,1515.49,64.05,63.97,0.435012,H,A,0.0
2023-05-06,Ligue1,Reims,Lille,1527.03,1606.56,62.98,64.37,0.458452,H,A,0.0
2023-05-07,Bundesliga,Dortmund,Wolfsburg,1663.33,1546.6,65.63,63.11,0.719315,H,H,1.0
2023-05-07,SerieA,Lecce,Verona,1421.02,1439.84,73.32,63.88,0.543867,A,H,0.0
2023-05-07,SerieA,Atalanta,Juventus,1596.33,1643.0,64.28,65.39,0.504686,A,H,0.0
2023-05-07,SerieA,Napoli,Fiorentina,1747.29,1534.44,68.31,63.45,0.81507,H,H,1.0
2023-05-07,Ligue1,Troyes,Paris SG,1358.18,1717.08,64.61,67.92,0.149538,A,A,1.0
2023-05-07,EPL,Newcastle,Arsenal,1632.81,1687.96,63.54,65.35,0.492739,A,A,1.0
2023-05-07,EPL,West Ham,Man United,1476.09,1625.53,63.29,63.82,0.363317,H,A,0.0
2023-05-07,Ligue1,Angers,Monaco,1312.86,1629.61,65.98,65.24,0.181884,A,A,1.0
2023-05-07,Ligue1,Ajaccio,Toulouse,1308.97,1473.72,73.59,70.78,0.344232,D,A,
2023-05-07,Ligue1,Auxerre,Clermont,1442.65,1499.84,72.66,64.11,0.489856,D,A,
2023-05-07,SerieA,Torino,Monza,1515.7,1530.18,63.66,72.53,0.549655,D,H,
2023-05-07,Ligue1,Nantes,Strasbourg,1462.41,1482.37,62.72,63.6,0.542272,A,H,0.0
2023-05-07,Ligue1,Lorient,Brest,1485.93,1470.31,63.98,63.45,0.591527,H,H,1.0
2023-05-07,Ligue1,Lyon,Montpellier,1595.23,1482.55,63.24,63.58,0.714629,H,H,1.0
2023-05-08,SerieA,Empoli,Salernitana,1450.36,1455.2,64.65,65.85,0.563277,H,H,1.0
2023-05-08,SerieA,Udinese,Sampdoria,1494.74,1335.79,63.76,65.1,0.764569,H,H,1.0
2023-05-08,SerieA,Sassuolo,Bologna,1522.36,1503.03,63.56,63.01,0.596614,D,H,
2023-05-08,EPL,Nott'm Forest,Southampton,1406.8,1371.18,72.08,64.63,0.618417,H,H,1.0
2023-05-08,EPL,Brighton,Everton,1567.94,1419.55,62.75,63.72,0.75387,A,H,0.0
2023-05-08,EPL,Fulham,Leicester,1461.9,1440.4,65.8,62.97,0.599558,H,H,1.0
2023-05-12,Bundesliga,FC Koln,Hertha,1496.29,1370.64,63.34,64.64,0.72919,H,H,1.0
2023-05-12,SerieA,Lazio,Lecce,1633.77,1404.9,63.92,72.5,0.826987,D,H,
2023-05-12,LaLiga,Mallorca,Cadiz,1470.53,1470.63,64.07,63.51,0.569935,H,H,1.0
2023-05-12,Ligue1,Lens,Reims,1668.74,1539.09,63.68,62.83,0.73384,H,H,1.0
2023-05-13,SerieA,Salernitana,Atalanta,1444.63,1584.66,65.54,64.05,0.37569,H,A,0.0
2023-05-13,SerieA,Spezia,Milan,1385.87,1665.15,64.36,66.62,0.215634,H,A,0.0
2023-05-13,Ligue1,Paris SG,Ajaccio,1720.97,1313.62,68.07,72.9,0.928574,H,H,1.0
2023-05-13,Ligue1,Strasbourg,Nice,1494.68,1567.67,63.41,63.49,0.467618,H,A,0.0
2023-05-13,SerieA,Inter,Sassuolo,1660.46,1520.17,66.88,63.4,0.745328,H,H,1.0
2023-05-13,Bundesliga,Bochum,Augsburg,1417.9,1433.99,65.28,64.19,0.54766,H,H,1.0
2023-05-13,LaLiga,Sociedad,Girona,1610.46,1544.64,63.27,71.67,0.657045,D,H,
2023-05-13,LaLiga,Osasuna,Almeria,1491.77,1454.84,62.93,72.21,0.619579,H,H,1.0
2023-05-13,LaLiga,Villarreal,Ath Bilbao,1574.62,1523.37,63.25,62.47,0.639158,H,H,1.0
2023-05-13,LaLiga,Real Madrid,Getafe,1692.74,1446.23,68.15,63.18,0.842047,H,H,1.0
2023-05-13,EPL,Leeds,Newcastle,1410.72,1621.66,63.69,63.35,0.287351,D,A,
2023-05-13,EPL,Aston Villa,Tottenham,1543.21,1582.53,62.73,63.38,0.515064,H,H,1.0
2023-05-13,EPL,Chelsea,Nott'm Forest,1518.15,1417.78,63.29,71.42,0.699344,D,H,
2023-05-13,EPL,Crystal Palace,Bournemouth,1482.27,1460.44,62.75,71.06,0.599493,H,H,1.0
2023-05-13,EPL,Man United,Wolves,1610.95,1474.64,63.69,63.0,0.741102,H,H,1.0
2023-05-13,Bundesliga,Bayern Munich,Schalke 04,1708.54,1384.55,68.56,70.91,0.890935,H,H,1.0
2023-05-13,EPL,Southampton,Fulham,1362.28,1471.61,64.44,65.51,0.417177,A,A,1.0
2023-05-13,Bundesliga,Dortmund,M'gladbach,1670.13,1482.15,65.52,63.12,0.793024,H,H,1.0
2023-05-13,Bundesliga,Wolfsburg,Hoffenheim,1540.29,1432.14,63.13,63.85,0.709356,H,H,1.0
2023-05-13,Bundesliga,Union Berlin,Freiburg,1594.19,1578.76,64.39,63.82,0.591255,H,H,1.0
2023-05-13,Bundesliga,Ein Frankfurt,Mainz,1502.53,1517.46,63.77,63.45,0.549314,H,H,1.0
2023-05-14,EPL,Everton,Man City,1436.87,1802.0,63.78,69.96,0.145426,A,A,1.0
2023-05-14,EPL,Arsenal,Brighton,1699.72,1551.13,65.05,62.87,0.754199,A,H,0.0
2023-05-14,SerieA,Verona,Torino,1452.2,1514.58,63.69,63.49,0.482545,A,A,1.0
2023-05-14,Bundesliga,RB Leipzig,Werder Bremen,1616.61,1403.09,64.2,66.08,0.815279,H,H,1.0
2023-05-14,Bundesliga,Stuttgart,Leverkusen,1418.27,1585.11,64.07,63.5,0.340887,D,A,
2023-05-14,EPL,Brentford,West Ham,1524.18,1490.44,63.53,63.19,0.616017,H,H,1.0
2023-05-14,SerieA,Fiorentina,Udinese,1530.21,1500.15,63.67,63.84,0.611039,H,H,1.0
2023-05-14,Ligue1,Marseille,Angers,1665.11,1308.38,64.01,66.1,0.908167,H,H,1.0
2023-05-14,SerieA,Bologna,Roma,1505.18,1588.67,62.89,63.66,0.452905,D,A,
2023-05-14,SerieA,Monza,Napoli,1531.63,1752.16,71.77,68.32,0.27701,H,A,0.0
2023-05-14,LaLiga,Valladolid,Sevilla,1416.4,1571.02,66.34,63.47,0.35654,A,A,1.0
2023-05-14,LaLiga,Elche,Ath Madrid,1345.57,1703.83,64.83,65.88,0.1497,H,A,0.0
2023-05-14,LaLiga,Celta,Valencia,1483.11,1442.8,63.06,62.98,0.624748,A,H,0.0
2023-05-14,Ligue1,Monaco,Lille,1633.99,1593.99,65.39,64.14,0.624265,D,H,
2023-05-14,Ligue1,Toulouse,Nantes,1469.41,1450.43,70.28,62.58,0.596165,D,H,
2023-05-14,LaLiga,Espanol,Barcelona,1422.77,1752.26,64.02,67.64,0.171779,A,A,1.0
2023-05-14,Ligue1,Montpellier,Lorient,1476.04,1495.31,63.58,63.8,0.543227,D,H,
2023-05-14,Ligue1,Clermont,Lyon,1499.61,1601.67,63.9,63.25,0.427073,H,A,0.0
2023-05-14,SerieA,Juventus,Cremonese,1655.06,1389.77,65.09,75.06,0.853906,H,H,1.0
2023-05-14,Ligue1,Rennes,Troyes,1568.57,1354.64,63.2,64.89,0.815793,H,H,1.0
2023-05-14,Ligue1,Brest,Auxerre,1461.08,1442.95,63.3,71.88,0.594449,H,H,1.0
2023-05-15,SerieA,Sampdoria,Empoli,1330.17,1460.58,65.12,64.42,0.38853,D,A,
2023-05-15,EPL,Leicester,Liverpool,1431.48,1683.14,62.86,65.51,0.242958,A,A,1.0
2023-05-15,LaLiga,Betis,Vallecano,1574.21,1492.89,63.43,63.6,0.677203,H,H,1.0
2023-05-18,EPL,Newcastle,Brighton,1616.84,1567.98,63.36,62.97,0.636006,H,H,1.0
2023-05-19,Ligue1,Lyon,Monaco,1588.8,1631.01,63.1,65.16,0.510975,H,H,1.0
2023-05-19,Bundesliga,Freiburg,Wolfsburg,1569.42,1546.83,63.65,63.14,0.601016,H,H,1.0
2023-05-19,SerieA,Sassuolo,Monza,1514.38,1552.33,63.47,71.34,0.516906,A,H,0.0
2023-05-19,LaLiga,Cadiz,Valladolid,1460.9,1407.62,63.34,66.07,0.641498,H,H,1.0
2023-05-20,EPL,Wolves,Everton,1468.82,1433.51,63.07,64.11,0.618046,D,H,
2023-05-20,Bundesliga,Werder Bremen,FC Koln,1398.53,1502.43,66.19,63.38,0.424538,D,A,
2023-05-20,Bundesliga,Bayern Munich,RB Leipzig,1711.44,1620.93,68.84,64.39,0.688361,A,H,0.0
2023-05-20,LaLiga,Almeria,Mallorca,1443.87,1480.43,71.54,63.87,0.518946,H,H,1.0
2023-05-20,LaLiga,Ath Bilbao,Celta,1515.43,1469.13,62.42,62.96,0.632651,H,H,1.0
2023-05-20,EPL,Nott'm Forest,Arsenal,1423.47,1681.71,70.95,65.05,0.236139,H,A,0.0
2023-05-20,LaLiga,Getafe,Elche,1442.63,1365.87,63.48,65.1,0.671418,D,H,
2023-05-20,EPL,Tottenham,Brentford,1571.59,1532.89,63.2,63.39,0.622591,A,H,0.0
2023-05-20,EPL,Bournemouth,Man United,1449.23,1616.89,70.45,63.73,0.339879,A,A,1.0
2023-05-20,EPL,Fulham,Crystal Palace,1481.62,1491.1,65.24,62.66,0.556944,D,H,
2023-05-20,EPL,Liverpool,Aston Villa,1689.02,1553.93,65.5,62.59,0.739819,D,H,
2023-05-20,LaLiga,Girona,Villarreal,1549.14,1582.74,71.1,63.16,0.523119,A,H,0.0
2023-05-20,LaLiga,Barcelona,Sociedad,1756.7,1606.94,67.72,63.21,0.755361,A,H,0.0
2023-05-20,Bundesliga,Schalke 04,Ein Frankfurt,1381.46,1512.81,71.11,63.58,0.38721,D,A,
2023-05-20,Bundesliga,Hertha,Bochum,1364.26,1428.67,64.61,65.0,0.4797,D,A,
2023-05-20,Ligue1,Nantes,Montpellier,1452.52,1475.06,62.49,63.39,0.538676,A,H,0.0
2023-05-20,SerieA,Cremonese,Bologna,1385.19,1506.23,74.93,62.74,0.401059,A,A,1.0
2023-05-20,SerieA,Atalanta,Verona,1570.3,1441.23,63.89,63.49,0.733117,H,H,1.0
2023-05-20,SerieA,Milan,Sampdoria,1645.51,1332.81,66.62,64.89,0.885434,H,H,1.0
2023-05-20,Ligue1,Lille,Marseille,1596.85,1667.26,63.98,64.5,0.471256,H,A,0.0
2023-05-20,Bundesliga,Hoffenheim,Union Berlin,1425.46,1603.69,63.82,64.18,0.326673,H,A,0.0
2023-05-21,EPL,West Ham,Leeds,1481.82,1415.58,63.07,63.68,0.658324,H,H,1.0
2023-05-21,LaLiga,Ath Madrid,Osasuna,1682.88,1500.2,66.11,62.84,0.788105,H,H,1.0
2023-05-21,LaLiga,Valencia,Real Madrid,1456.75,1696.9,62.88,68.26,0.255447,H,A,0.0
2023-05-21,LaLiga,Sevilla,Betis,1579.1,1581.52,63.37,63.37,0.566722,D,H,
2023-05-21,Ligue1,Ajaccio,Rennes,1311.48,1572.75,73.23,63.43,0.232857,A,A,1.0
2023-05-21,Ligue1,Brest,Clermont,1470.16,1512.74,63.17,63.71,0.510472,H,H,1.0
2023-05-21,Ligue1,Nice,Toulouse,1555.63,1466.77,63.31,69.71,0.685773,D,H,
2023-05-21,Ligue1,Reims,Angers,1533.14,1306.09,62.9,66.52,0.826415,D,H,
2023-05-21,Ligue1,Troyes,Strasbourg,1350.24,1506.7,65.05,63.24,0.354156,D,A,
2023-05-21,LaLiga,Vallecano,Espanol,1485.54,1418.78,63.54,64.25,0.658943,A,H,0.0
2023-05-21,Ligue1,Auxerre,Paris SG,1431.36,1722.85,71.2,68.53,0.2045,A,A,1.0
2023-05-21,SerieA,Udinese,Lazio,1491.25,1626.21,63.69,64.16,0.382422,A,A,1.0
2023-05-21,SerieA,Napoli,Inter,1733.36,1666.86,68.09,66.76,0.65837,H,H,1.0
2023-05-21,SerieA,Torino,Fiorentina,1525.49,1539.06,63.3,63.53,0.551212,D,H,
2023-05-21,SerieA,Lecce,Spezia,1414.6,1404.23,72.37,64.46,0.584302,D,H,
2023-05-21,Bundesliga,Leverkusen,M'gladbach,1581.5,1477.47,63.41,63.3,0.704606,D,H,
2023-05-21,Bundesliga,Augsburg,Dortmund,1423.56,1675.16,63.98,65.6,0.243028,A,A,1.0
2023-05-21,Bundesliga,Mainz,Stuttgart,1507.28,1421.94,63.28,63.95,0.682111,A,H,0.0
2023-05-21,EPL,Brighton,Southampton,1559.85,1352.58,62.89,64.23,0.810178,H,H,1.0
2023-05-21,Ligue1,Lorient,Lens,1496.3,1674.84,63.6,63.71,0.326241,A,A,1.0
2023-05-21,EPL,Man City,Chelsea,1806.0,1513.67,70.04,63.29,0.873476,H,H,1.0
2023-05-22,SerieA,Roma,Salernitana,1587.6,1459.64,63.47,65.3,0.731664,D,H,
2023-05-22,SerieA,Empoli,Juventus,1457.98,1658.56,64.23,65.36,0.299708,H,A,0.0
2023-05-22,EPL,Newcastle,Leicester,1625.06,1426.05,63.25,62.97,0.803077,D,H,
2023-05-23,LaLiga,Celta,Girona,1460.93,1534.5,62.87,70.42,0.466952,D,A,
2023-05-23,LaLiga,Sociedad,Almeria,1623.96,1457.49,63.3,70.84,0.77132,H,H,1.0
2023-05-23,LaLiga,Valladolid,Barcelona,1398.86,1737.22,65.82,67.59,0.164787,H,A,0.0
2023-05-24,EPL,Brighton,Man City,1564.12,1809.52,63.12,70.2,0.250135,D,A,
2023-05-24,LaLiga,Elche,Sevilla,1369.96,1577.59,64.94,63.21,0.291172,D,A,
2023-05-24,LaLiga,Real Madrid,Vallecano,1677.4,1470.58,68.07,63.45,0.80989,H,H,1.0
2023-05-24,LaLiga,Villarreal,Cadiz,1594.4,1468.97,63.0,63.24,0.729105,H,H,1.0
2023-05-24,LaLiga,Betis,Getafe,1583.02,1438.75,63.21,63.42,0.749579,A,H,0.0
2023-05-24,LaLiga,Espanol,Ath Madrid,1434.07,1688.11,64.12,66.14,0.240578,D,A,
2023-05-25,LaLiga,Osasuna,Ath Bilbao,1495.45,1523.49,63.02,62.36,0.530951,H,H,1.0
2023-05-25,LaLiga,Mallorca,Valencia,1469.48,1473.36,63.67,62.97,0.56472,H,H,1.0
2023-05-25,EPL,Man United,Chelsea,1624.63,1510.76,63.64,63.68,0.715985,H,H,1.0
2023-05-26,SerieA,Sampdoria,Sassuolo,1330.06,1502.76,65.27,63.3,0.333484,D,A,
2023-05-27,Bundesliga,RB Leipzig,Schalke 04,1636.93,1384.62,64.3,70.51,0.845301,H,H,1.0
2023-05-27,Ligue1,Angers,Troyes,1314.29,1353.7,66.64,64.86,0.514914,H,H,1.0
2023-05-27,Ligue1,Clermont,Lorient,1501.59,1488.87,63.51,63.53,0.587574,H,H,1.0
2023-05-27,Ligue1,Lens,Ajaccio,1682.29,1304.51,63.63,72.84,0.91677,H,H,1.0
2023-05-27,Ligue1,Lille,Nantes,1608.98,1440.7,63.77,62.37,0.77427,H,H,1.0
2023-05-27,Ligue1,Lyon,Reims,1599.72,1525.8,62.94,63.17,0.668057,H,H,1.0
2023-05-27,Ligue1,Marseille,Brest,1654.95,1481.13,64.25,63.0,0.779611,A,H,0.0
2023-05-27,Ligue1,Montpellier,Nice,1487.21,1551.45,63.22,63.28,0.479929,A,A,1.0
2023-05-27,Ligue1,Rennes,Monaco,1578.05,1619.4,63.55,64.87,0.512194,H,H,1.0
2023-05-27,Ligue1,Strasbourg,Paris SG,1503.42,1728.25,63.15,68.47,0.272213,D,A,
2023-05-27,Ligue1,Toulouse,Auxerre,1471.83,1425.56,69.31,71.02,0.63196,D,H,
2023-05-27,LaLiga,Sevilla,Real Madrid,1572.89,1682.37,63.21,68.08,0.417103,A,A,1.0
2023-05-27,Bundesliga,Bochum,Leverkusen,1428.19,1576.86,64.72,63.4,0.364284,H,A,0.0
2023-05-27,Bundesliga,Wolfsburg,Hertha,1537.89,1364.74,63.02,64.36,0.778781,A,H,0.0
2023-05-27,Bundesliga,Ein Frankfurt,Freiburg,1510.27,1578.49,63.44,63.49,0.474313,H,A,0.0
2023-05-27,Bundesliga,FC Koln,Bayern Munich,1500.73,1693.23,63.23,68.5,0.309695,A,A,1.0
2023-05-27,Bundesliga,M'gladbach,Augsburg,1482.09,1417.94,63.29,64.04,0.655646,H,H,1.0
2023-05-27,Bundesliga,Stuttgart,Hoffenheim,1437.65,1440.89,63.88,63.74,0.565579,D,H,
2023-05-27,Bundesliga,Dortmund,Mainz,1681.05,1491.89,65.58,63.24,0.794096,D,H,
2023-05-27,Bundesliga,Union Berlin,Werder Bremen,1588.09,1400.38,64.08,65.86,0.792396,H,H,1.0
2023-05-27,SerieA,Salernitana,Udinese,1465.21,1482.54,65.24,63.54,0.545963,H,H,1.0
2023-05-27,SerieA,Spezia,Torino,1406.17,1524.34,64.26,63.14,0.404976,A,A,1.0
2023-05-27,SerieA,Fiorentina,Roma,1540.22,1582.33,63.35,63.51,0.511133,H,H,1.0
2023-05-27,SerieA,Inter,Atalanta,1658.36,1576.45,66.5,63.91,0.677911,H,H,1.0
2023-05-28,EPL,Aston Villa,Brighton,1559.23,1569.73,62.68,63.22,0.555504,H,H,1.0
2023-05-28,LaLiga,Ath Madrid,Sociedad,1681.71,1629.13,66.1,63.43,0.640814,H,H,1.0
2023-05-28,LaLiga,Barcelona,Mallorca,1715.64,1479.38,67.7,63.49,0.834157,H,H,1.0
2023-05-28,LaLiga,Cadiz,Celta,1462.85,1461.66,63.28,62.73,0.571752,H,H,1.0
2023-05-28,LaLiga,Getafe,Osasuna,1455.8,1505.91,63.49,62.87,0.499837,H,A,0.0
2023-05-28,LaLiga,Girona,Betis,1533.58,1566.08,69.8,63.29,0.524672,A,H,0.0
2023-05-28,LaLiga,Valencia,Espanol,1463.66,1440.09,62.83,64.18,0.602284,D,H,
2023-05-28,LaLiga,Vallecano,Villarreal,1466.23,1600.48,63.66,63.05,0.3833,H,A,0.0
2023-05-28,EPL,Arsenal,Wolves,1663.56,1466.18,65.08,62.97,0.801616,H,H,1.0
2023-05-28,LaLiga,Ath Bilbao,Elche,1513.23,1374.91,62.25,64.85,0.743036,A,H,0.0
2023-05-28,SerieA,Lazio,Cremonese,1635.05,1372.78,63.99,74.05,0.851942,H,H,1.0
2023-05-28,SerieA,Monza,Lecce,1566.9,1412.15,70.65,71.65,0.759375,A,H,0.0
2023-05-28,SerieA,Juventus,Milan,1641.74,1648.4,65.24,66.94,0.560707,A,H,0.0
2023-05-28,SerieA,Verona,Empoli,1435.15,1474.24,63.52,64.17,0.515385,D,H,
2023-05-28,EPL,Brentford,Man City,1546.96,1802.6,63.27,69.92,0.239461,H,A,0.0
2023-05-28,EPL,Chelsea,Newcastle,1504.27,1618.18,63.67,63.45,0.410797,D,A,
2023-05-28,EPL,Crystal Palace,Nott'm Forest,1492.35,1444.98,62.53,70.68,0.633417,D,H,
2023-05-28,EPL,Everton,Bournemouth,1436.23,1439.85,63.94,69.96,0.564801,H,H,1.0
2023-05-28,EPL,Leeds,Tottenham,1407.79,1557.6,63.58,63.09,0.362761,A,A,1.0
2023-05-28,EPL,Leicester,West Ham,1432.88,1489.47,63.18,63.01,0.4907,H,A,0.0
2023-05-28,EPL,Man United,Fulham,1631.12,1480.26,63.63,64.96,0.756291,H,H,1.0
2023-05-28,SerieA,Bologna,Napoli,1515.06,1742.19,62.65,67.74,0.269564,D,A,
2023-05-28,EPL,Southampton,Liverpool,1348.14,1683.22,64.4,65.44,0.167039,D,A,
2023-05-28,LaLiga,Almeria,Valladolid,1451.08,1419.33,70.6,66.0,0.613155,D,H,
2023-06-02,SerieA,Sassuolo,Fiorentina,1499.01,1551.23,63.23,63.17,0.496863,A,A,1.0
2023-06-03,Ligue1,Reims,Montpellier,1518.34,1476.45,63.12,63.05,0.626845,A,H,0.0
2023-06-03,Ligue1,Paris SG,Clermont,1722.24,1510.93,68.24,63.35,0.813771,A,H,0.0
2023-06-03,Ligue1,Auxerre,Lens,1429.24,1684.21,70.46,64.16,0.239364,A,A,1.0
2023-06-03,Ligue1,Nice,Lyon,1562.23,1607.13,63.11,62.9,0.507197,H,H,1.0
2023-06-03,Ligue1,Nantes,Angers,1435.71,1326.3,62.54,66.27,0.710544,H,H,1.0
2023-06-03,Ligue1,Monaco,Toulouse,1607.91,1468.32,64.6,68.86,0.743882,A,H,0.0
2023-06-03,Ligue1,Lorient,Strasbourg,1479.52,1508.54,63.38,63.2,0.529574,H,H,1.0
2023-06-03,Ligue1,Brest,Rennes,1498.66,1589.09,63.16,63.36,0.443203,A,A,1.0
2023-06-03,Ligue1,Troyes,Lille,1342.31,1614.18,64.59,63.87,0.222401,D,A,
2023-06-03,Ligue1,Ajaccio,Marseille,1302.03,1636.72,73.11,64.35,0.167186,H,A,0.0
2023-06-03,SerieA,Torino,Inter,1533.41,1666.34,63.01,66.27,0.385288,A,A,1.0
2023-06-03,SerieA,Cremonese,Salernitana,1368.25,1476.02,73.96,64.95,0.41929,H,A,0.0
2023-06-03,SerieA,Empoli,Lazio,1474.59,1638.48,63.94,64.3,0.344716,A,A,1.0
2023-06-04,LaLiga,Mallorca,Vallecano,1475.57,1480.27,63.76,63.52,0.563565,H,H,1.0
2023-06-04,LaLiga,Valladolid,Getafe,1422.07,1467.11,65.73,63.3,0.506998,D,H,
2023-06-04,LaLiga,Espanol,Almeria,1442.46,1447.96,64.0,70.03,0.562188,D,H,
2023-06-04,SerieA,Udinese,Juventus,1472.26,1628.42,63.36,64.96,0.354686,A,A,1.0
2023-06-04,LaLiga,Elche,Cadiz,1392.56,1472.49,64.84,63.13,0.457874,D,A,
2023-06-04,LaLiga,Celta,Barcelona,1452.19,1719.95,62.61,67.8,0.226973,H,A,0.0
2023-06-04,LaLiga,Betis,Valencia,1577.83,1461.39,63.12,62.73,0.71903,D,H,
2023-06-04,LaLiga,Villarreal,Ath Madrid,1586.69,1690.5,62.95,65.84,0.424779,D,A,
2023-06-04,LaLiga,Sociedad,Sevilla,1621.01,1563.55,63.33,63.08,0.647148,H,H,1.0
2023-06-04,LaLiga,Real Madrid,Ath Bilbao,1693.14,1496.94,67.64,62.36,0.80063,D,H,
2023-06-04,LaLiga,Osasuna,Girona,1494.81,1519.39,62.72,69.22,0.535667,H,H,1.0
2023-06-04,SerieA,Milan,Verona,1662.41,1434.8,66.56,63.34,0.82731,H,H,1.0
2023-06-04,SerieA,Lecce,Bologna,1433.86,1520.17,71.34,62.73,0.448943,A,A,1.0
2023-06-04,SerieA,Atalanta,Monza,1569.05,1545.78,63.83,70.39,0.601483,H,H,1.0
2023-06-04,SerieA,Napoli,Sampdoria,1736.23,1334.04,67.55,65.09,0.92752,H,H,1.0
2023-06-04,SerieA,Roma,Spezia,1571.27,1396.79,63.32,64.06,0.780109,H,H,1.0
2023-08-11,LaLiga,Almeria,Vallecano,1449.66,1470.39,71.2,65.26,0.54115,A,H,0.0
2023-08-11,Ligue1,Nice,Lille,1573.26,1607.77,64.9,65.9,0.521802,D,H,
2023-08-11,EPL,Burnley,Man City,1416.73,1781.73,75.52,71.61,0.145771,A,A,1.0
2023-08-11,LaLiga,Sevilla,Valencia,1555.65,1466.26,64.92,64.7,0.686969,A,H,0.0
2023-08-12,LaLiga,Sociedad,Girona,1628.97,1507.03,65.17,70.47,0.724301,D,H,
2023-08-12,EPL,Sheffield United,Crystal Palace,1295.6,1489.43,96.05,64.63,0.307669,A,A,1.0
2023-08-12,EPL,Everton,Fulham,1446.17,1474.46,65.87,67.05,0.530525,A,H,0.0
2023-08-12,EPL,Brighton,Luton,1559.75,1500.0,65.2,200.0,0.630278,H,H,1.0
2023-08-12,EPL,Arsenal,Nott'm Forest,1668.32,1448.71,67.26,72.06,0.819501,H,H,1.0
2023-08-12,LaLiga,Las Palmas,Mallorca,1500.0,1485.53,200.0,65.51,0.589851,D,H,
2023-08-12,LaLiga,Ath Bilbao,Real Madrid,1503.56,1685.37,64.55,69.45,0.322786,A,A,1.0
2023-08-12,Ligue1,Paris SG,Lorient,1700.85,1490.13,70.07,65.17,0.813021,D,H,
2023-08-12,Ligue1,Marseille,Reims,1617.28,1504.29,66.51,64.99,0.714815,H,H,1.0
2023-08-12,EPL,Newcastle,Aston Villa,1616.16,1569.05,65.42,64.71,0.63358,H,H,1.0
2023-08-12,EPL,Bournemouth,West Ham,1428.03,1478.11,71.34,65.0,0.499887,D,A,
2023-08-13,LaLiga,Celta,Osasuna,1469.33,1505.04,64.75,64.58,0.520131,A,H,0.0
2023-08-13,LaLiga,Villarreal,Betis,1588.36,1572.9,64.8,65.12,0.591231,A,H,0.0
2023-08-13,LaLiga,Getafe,Barcelona,1467.27,1699.92,65.1,69.55,0.263725,D,A,
2023-08-13,Ligue1,Strasbourg,Lyon,1497.99,1596.18,65.03,64.76,0.432481,H,A,0.0
2023-08-13,EPL,Brentford,Tottenham,1564.13,1565.73,65.54,65.18,0.567785,D,H,
2023-08-13,Ligue1,Brest,Lens,1488.73,1689.78,65.01,66.19,0.299243,H,A,0.0
2023-08-13,Ligue1,Clermont,Monaco,1529.42,1590.45,65.57,66.56,0.484476,A,A,1.0
2023-08-13,Ligue1,Rennes,Metz,1599.08,1404.59,65.19,75.35,0.797192,H,H,1.0
2023-08-13,Ligue1,Montpellier,Le Havre,1490.47,1500.0,64.96,200.0,0.54901,D,H,
2023-08-13,EPL,Chelsea,Liverpool,1506.3,1675.12,65.66,67.72,0.338775,D,A,
2023-08-13,Ligue1,Nantes,Toulouse,1442.1,1488.1,64.6,70.49,0.505622,A,H,0.0
2023-08-14,LaLiga,Ath Madrid,Granada,1688.67,1435.73,67.47,75.22,0.845042,H,H,1.0
2023-08-14,LaLiga,Cadiz,Alaves,1471.54,1382.43,64.97,75.73,0.685383,H,H,1.0
2023-08-14,EPL,Man United,Wolves,1636.7,1461.71,65.88,65.37,0.780423,H,H,1.0
2023-08-18,Bundesliga,Werder Bremen,Bayern Munich,1395.29,1701.34,68.16,70.35,0.191781,A,A,1.0
2023-08-18,LaLiga,Valencia,Las Palmas,1482.42,1484.47,64.59,175.1,0.560017,H,H,1.0
2023-08-18,EPL,Nott'm Forest,Sheffield United,1443.47,1280.37,71.93,93.69,0.764196,H,H,1.0
2023-08-18,LaLiga,Mallorca,Villarreal,1487.15,1574.47,65.51,64.57,0.447584,A,A,1.0
2023-08-18,Ligue1,Metz,Marseille,1398.21,1624.36,74.97,66.35,0.270475,D,A,
2023-08-19,LaLiga,Almeria,Real Madrid,1434.48,1694.04,70.53,69.06,0.235353,A,A,1.0
2023-08-19,Ligue1,Lyon,Montpellier,1582.87,1489.46,64.51,64.97,0.69179,A,H,0.0
2023-08-19,Ligue1,Toulouse,Paris SG,1502.01,1692.21,69.86,70.0,0.312638,D,A,
2023-08-19,LaLiga,Sociedad,Celta,1623.63,1457.13,65.11,64.49,0.772236,D,H,
2023-08-19,LaLiga,Osasuna,Ath Bilbao,1517.17,1496.02,64.33,64.44,0.598998,A,H,0.0
2023-08-19,EPL,Liverpool,Bournemouth,1670.99,1428.04,67.4,70.65,0.838284,H,H,1.0
2023-08-19,EPL,Wolves,Brighton,1456.42,1567.4,65.42,65.25,0.414894,A,A,1.0
2023-08-19,Bundesliga,Dortmund,FC Koln,1673.9,1493.77,67.92,65.56,0.785317,H,H,1.0
2023-08-19,Bundesliga,Wolfsburg,Heidenheim,1520.36,1500.0,65.53,200.0,0.584666,H,H,1.0
2023-08-19,Bundesliga,Stuttgart,Bochum,1436.15,1443.14,66.02,66.85,0.560258,H,H,1.0
2023-08-19,Bundesliga,Leverkusen,RB Leipzig,1562.5,1640.55,65.65,66.89,0.4606,H,A,0.0
2023-08-19,Bundesliga,Hoffenheim,Freiburg,1442.38,1566.61,65.9,65.66,0.39693,A,A,1.0
2023-08-19,Bundesliga,Augsburg,M'gladbach,1410.0,1489.86,66.25,65.57,0.458038,D,A,
2023-08-19,EPL,Fulham,Brentford,1487.74,1562.5,66.65,65.25,0.465162,A,A,1.0
2023-08-19,SerieA,Empoli,Verona,1466.67,1430.86,65.97,65.71,0.61859,A,H,0.0
2023-08-19,SerieA,Inter,Monza,1675.8,1534.83,68.05,71.77,0.744955,H,H,1.0
2023-08-19,EPL,Tottenham,Man United,1567.34,1642.08,64.91,65.91,0.465212,H,A,0.0
2023-08-19,EPL,Man City,Newcastle,1785.93,1624.94,71.63,65.2,0.766622,H,H,1.0
2023-08-19,SerieA,Frosinone,Napoli,1500.0,1738.12,200.0,70.0,0.257853,A,A,1.0
2023-08-19,SerieA,Genoa,Fiorentina,1399.42,1562.36,76.49,65.2,0.346007,A,A,1.0
2023-08-20,Ligue1,Le Havre,Brest,1509.77,1505.37,174.67,64.91,0.576087,A,H,0.0
2023-08-20,Bundesliga,Ein Frankfurt,Darmstadt,1522.14,1500.0,65.64,200.0,0.586768,H,H,1.0
2023-08-20,Bundesliga,Union Berlin,Mainz,1592.91,1498.55,66.56,65.8,0.692849,H,H,1.0
2023-08-20,EPL,West Ham,Chelsea,1478.11,1510.18,64.73,65.46,0.52524,H,H,1.0
2023-08-20,LaLiga,Girona,Getafe,1513.27,1472.89,70.12,65.06,0.624691,H,H,1.0
2023-08-20,LaLiga,Barcelona,Cadiz,1693.51,1478.95,69.28,64.86,0.816324,H,H,1.0
2023-08-20,LaLiga,Betis,Ath Madrid,1586.93,1692.64,64.87,67.62,0.422245,D,A,
2023-08-20,Ligue1,Lorient,Nice,1497.61,1572.74,65.31,64.63,0.464631,D,A,
2023-08-20,SerieA,Udinese,Juventus,1464.25,1636.81,65.43,66.89,0.334005,A,A,1.0
2023-08-20,SerieA,Sassuolo,Atalanta,1487.85,1578.13,65.29,65.82,0.44351,A,A,1.0
2023-08-20,SerieA,Roma,Salernitana,1576.26,1462.4,65.61,66.86,0.7156,D,H,
2023-08-20,EPL,Aston Villa,Everton,1560.45,1433.34,64.53,65.55,0.730694,H,H,1.0
2023-08-20,Ligue1,Lens,Rennes,1672.56,1603.92,66.02,65.3,0.661208,D,H,
2023-08-20,Ligue1,Monaco,Strasbourg,1602.41,1511.42,66.19,64.77,0.688909,H,H,1.0
2023-08-20,Ligue1,Reims,Clermont,1497.52,1517.8,64.91,65.26,0.541775,H,H,1.0
2023-08-20,SerieA,Lecce,Lazio,1421.21,1646.48,72.61,66.32,0.271441,H,A,0.0
2023-08-20,Ligue1,Lille,Nantes,1608.3,1430.34,65.57,64.35,0.783419,H,H,1.0
2023-08-21,EPL,Crystal Palace,Arsenal,1496.58,1672.92,64.57,67.34,0.329341,A,A,1.0
2023-08-21,LaLiga,Granada,Vallecano,1430.85,1483.22,75.05,64.98,0.496662,A,A,1.0
2023-08-21,LaLiga,Alaves,Sevilla,1372.51,1539.39,74.96,64.8,0.340959,H,A,0.0
2023-08-21,SerieA,Bologna,Milan,1530.05,1666.74,64.82,68.77,0.380471,A,A,1.0
2023-08-21,SerieA,Torino,Cagliari,1524.82,1391.18,65.13,76.4,0.736405,D,H,
2023-08-25,LaLiga,Celta,Real Madrid,1463.52,1700.32,64.56,68.89,0.259136,A,A,1.0
2023-08-25,LaLiga,Las Palmas,Sociedad,1423.92,1617.11,157.51,65.15,0.308487,D,A,
2023-08-25,Ligue1,Nantes,Monaco,1425.26,1610.06,64.45,66.0,0.318769,D,A,
2023-08-25,Bundesliga,RB Leipzig,Stuttgart,1627.11,1446.84,66.5,65.7,0.785433,H,H,1.0
2023-08-25,EPL,Chelsea,Luton,1498.82,1438.64,65.16,176.33,0.634937,H,H,1.0
2023-08-26,EPL,Arsenal,Fulham,1681.26,1476.22,67.06,66.28,0.807939,D,H,
2023-08-26,SerieA,Frosinone,Atalanta,1453.22,1588.86,179.68,65.51,0.381631,H,A,0.0
2023-08-26,SerieA,Milan,Torino,1676.75,1519.22,68.33,65.1,0.763134,H,H,1.0
2023-08-26,SerieA,Verona,Roma,1445.79,1571.05,65.46,65.51,0.395518,H,A,0.0
2023-08-26,EPL,Bournemouth,Tottenham,1423.51,1579.93,70.65,64.65,0.354313,A,A,1.0
2023-08-26,EPL,Brentford,Crystal Palace,1573.56,1488.88,64.97,64.45,0.681252,D,H,
2023-08-26,Ligue1,Marseille,Brest,1618.74,1517.4,66.24,64.87,0.70126,H,H,1.0
2023-08-26,Bundesliga,Darmstadt,Union Berlin,1430.8,1600.53,175.27,66.36,0.3375,A,A,1.0
2023-08-26,Bundesliga,FC Koln,Wolfsburg,1488.56,1529.03,65.61,65.53,0.51343,A,H,0.0
2023-08-26,Bundesliga,Freiburg,Werder Bremen,1576.17,1390.29,65.39,68.16,0.790368,H,H,1.0
2023-08-26,Bundesliga,Heidenheim,Hoffenheim,1430.41,1432.75,175.23,65.61,0.566743,A,H,0.0
2023-08-26,Bundesliga,M'gladbach,Leverkusen,1488.85,1575.47,65.27,65.34,0.448577,A,A,1.0
2023-08-26,Ligue1,Paris SG,Lens,1687.11,1668.62,69.6,65.8,0.595298,H,H,1.0
2023-08-26,Bundesliga,Bochum,Dortmund,1432.19,1679.47,66.48,67.86,0.247838,D,A,
2023-08-26,EPL,Everton,Wolves,1426.83,1446.49,65.48,65.15,0.542651,A,H,0.0
2023-08-26,SerieA,Monza,Empoli,1527.53,1451.62,71.4,65.7,0.670289,H,H,1.0
2023-08-26,EPL,Brighton,West Ham,1577.28,1489.23,64.99,64.47,0.685361,A,H,0.0
2023-08-26,LaLiga,Sevilla,Girona,1523.98,1523.52,64.65,69.6,0.570444,A,H,0.0
2023-08-26,LaLiga,Granada,Mallorca,1415.48,1476.42,74.1,65.21,0.484586,H,A,0.0
2023-08-26,LaLiga,Cadiz,Almeria,1474.57,1427.94,65.03,70.29,0.632484,D,H,
2023-08-26,EPL,Man United,Nott'm Forest,1629.11,1450.15,65.58,71.65,0.783332,H,H,1.0
2023-08-27,Ligue1,Montpellier,Reims,1505.87,1508.31,64.85,64.65,0.566647,A,H,0.0
2023-08-27,Bundesliga,Mainz,Ein Frankfurt,1491.09,1530.8,65.64,65.64,0.514503,D,H,
2023-08-27,Ligue1,Strasbourg,Toulouse,1504.09,1507.1,64.66,69.47,0.565657,H,H,1.0
2023-08-27,LaLiga,Ath Bilbao,Betis,1509.96,1588.75,64.24,64.63,0.459498,H,A,0.0
2023-08-27,LaLiga,Valencia,Osasuna,1491.64,1503.28,64.56,64.13,0.55389,A,H,0.0
2023-08-27,LaLiga,Villarreal,Barcelona,1584.91,1698.48,64.33,69.25,0.41159,A,A,1.0
2023-08-27,Ligue1,Nice,Lyon,1571.92,1566.68,64.39,64.42,0.577258,D,H,
2023-08-27,EPL,Newcastle,Liverpool,1619.35,1675.13,65.23,67.53,0.491862,A,A,1.0
2023-08-27,EPL,Burnley,Aston Villa,1412.08,1566.76,75.38,64.51,0.356557,A,A,1.0
2023-08-27,EPL,Sheffield United,Man City,1269.34,1792.62,92.0,71.33,0.065546,A,A,1.0
2023-08-27,Bundesliga,Bayern Munich,Augsburg,1706.65,1411.03,70.25,65.91,0.875164,H,H,1.0
2023-08-27,SerieA,Napoli,Sassuolo,1744.92,1477.29,69.93,65.01,0.857016,H,H,1.0
2023-08-27,Ligue1,Rennes,Le Havre,1607.77,1429.42,65.12,157.28,0.764253,D,H,
2023-08-27,Ligue1,Clermont,Metz,1506.9,1405.36,64.97,74.36,0.700357,A,H,0.0
2023-08-27,Ligue1,Lorient,Lille,1498.46,1613.56,65.02,65.62,0.409294,H,A,0.0
2023-08-27,SerieA,Fiorentina,Lecce,1570.57,1442.57,65.03,72.14,0.730827,D,H,
2023-08-27,SerieA,Juventus,Bologna,1645.17,1521.12,66.63,64.62,0.727403,D,H,
2023-08-27,SerieA,Lazio,Genoa,1628.59,1388.28,66.21,75.6,0.835491,A,H,0.0
2023-08-28,LaLiga,Getafe,Alaves,1464.01,1392.95,64.85,74.17,0.663369,H,H,1.0
2023-08-28,LaLiga,Vallecano,Ath Madrid,1494.87,1690.65,64.72,67.21,0.305605,A,A,1.0
2023-08-28,SerieA,Cagliari,Inter,1398.87,1682.4,75.73,67.89,0.211795,A,A,1.0
2023-08-28,SerieA,Salernitana,Udinese,1467.81,1456.25,66.69,65.25,0.58589,D,H,
2023-09-01,LaLiga,Cadiz,Villarreal,1471.44,1575.39,64.83,64.14,0.424506,H,A,0.0
2023-09-01,EPL,Luton,West Ham,1388.47,1505.25,159.57,64.37,0.406948,A,A,1.0
2023-09-01,LaLiga,Almeria,Celta,1431.59,1457.45,69.77,64.56,0.533986,A,H,0.0
2023-09-01,Ligue1,Nantes,Marseille,1429.49,1626.1,64.35,66.07,0.304501,D,A,
2023-09-01,SerieA,Roma,Milan,1556.55,1682.96,65.25,68.19,0.394155,A,A,1.0
2023-09-01,SerieA,Sassuolo,Verona,1473.85,1460.27,65.29,65.2,0.588648,H,H,1.0
2023-09-01,Bundesliga,Dortmund,Heidenheim,1672.95,1351.06,67.72,157.62,0.871531,D,H,
2023-09-02,EPL,Brentford,Bournemouth,1569.26,1413.68,64.83,70.12,0.760449,D,H,
2023-09-02,LaLiga,Real Madrid,Getafe,1707.19,1471.91,68.66,64.71,0.833222,H,H,1.0
2023-09-02,LaLiga,Alaves,Valencia,1382.74,1478.72,73.45,64.32,0.435528,H,A,0.0
2023-09-02,LaLiga,Betis,Vallecano,1576.12,1487.68,64.38,64.63,0.685818,H,H,1.0
2023-09-02,Ligue1,Monaco,Lens,1605.62,1658.85,65.81,65.52,0.495453,H,A,0.0
2023-09-02,Ligue1,Brest,Rennes,1510.33,1601.98,64.78,65.27,0.441587,D,A,
2023-09-02,EPL,Brighton,Newcastle,1561.02,1607.68,64.86,64.94,0.504713,H,H,1.0
2023-09-02,EPL,Man City,Fulham,1794.56,1483.85,71.73,66.36,0.884099,H,H,1.0
2023-09-02,EPL,Chelsea,Nott'm Forest,1506.6,1443.95,65.16,71.4,0.653048,A,H,0.0
2023-09-02,EPL,Burnley,Tottenham,1400.91,1588.22,74.54,64.49,0.315534,A,A,1.0
2023-09-02,LaLiga,Sociedad,Granada,1613.26,1431.05,65.16,73.22,0.786172,H,H,1.0
2023-09-02,EPL,Sheffield United,Everton,1266.24,1413.83,91.83,65.18,0.365826,D,A,
2023-09-02,SerieA,Napoli,Lazio,1748.88,1607.98,70.03,66.39,0.745603,A,H,0.0
2023-09-02,SerieA,Atalanta,Monza,1575.88,1536.86,65.48,70.87,0.622443,H,H,1.0
2023-09-02,Bundesliga,M'gladbach,Bayern Munich,1478.17,1710.14,64.99,70.4,0.264585,A,A,1.0
2023-09-02,Bundesliga,Werder Bremen,Mainz,1384.82,1490.74,68.11,65.33,0.421836,H,A,0.0
2023-09-02,Bundesliga,Stuttgart,Freiburg,1441.61,1581.22,65.75,65.46,0.376354,H,A,0.0
2023-09-02,Bundesliga,Leverkusen,Darmstadt,1586.17,1382.71,65.06,159.05,0.786261,H,H,1.0
2023-09-02,Bundesliga,Hoffenheim,Wolfsburg,1444.85,1541.34,65.54,65.22,0.434859,H,A,0.0
2023-09-02,Bundesliga,Augsburg,Bochum,1407.94,1438.45,66.22,66.41,0.527422,D,H,
2023-09-02,SerieA,Bologna,Cagliari,1526.45,1392.12,64.58,75.29,0.737319,H,H,1.0
2023-09-02,SerieA,Udinese,Frosinone,1458.29,1544.06,64.99,161.44,0.454317,D,A,
2023-09-03,SerieA,Empoli,Juventus,1443.66,1639.5,65.52,66.49,0.305467,A,A,1.0
2023-09-03,SerieA,Torino,Genoa,1513.55,1415.06,65.12,75.36,0.696646,H,H,1.0
2023-09-03,SerieA,Inter,Fiorentina,1687.89,1565.1,67.85,64.99,0.725942,H,H,1.0
2023-09-03,Ligue1,Lyon,Paris SG,1568.48,1697.99,64.21,69.07,0.390054,A,A,1.0
2023-09-03,Ligue1,Nice,Strasbourg,1570.12,1514.22,64.17,64.43,0.645029,H,H,1.0
2023-09-03,Ligue1,Metz,Reims,1426.85,1521.57,73.72,64.41,0.437285,D,A,
2023-09-03,Bundesliga,Union Berlin,RB Leipzig,1608.36,1632.45,66.31,66.51,0.536412,A,H,0.0
2023-09-03,Ligue1,Le Havre,Lorient,1464.46,1512.43,148.03,64.78,0.502872,H,H,1.0
2023-09-03,Ligue1,Toulouse,Clermont,1495.46,1490.38,68.93,64.89,0.577027,D,H,
2023-09-03,Bundesliga,Ein Frankfurt,FC Koln,1531.14,1476.22,65.32,65.3,0.643689,D,H,
2023-09-03,EPL,Arsenal,Man United,1673.45,1634.35,67.1,65.63,0.62296,H,H,1.0
2023-09-03,EPL,Crystal Palace,Wolves,1493.11,1459.36,64.34,64.87,0.615905,H,H,1.0
2023-09-03,Ligue1,Lille,Montpellier,1599.34,1492.54,65.34,64.6,0.707702,H,H,1.0
2023-09-03,SerieA,Lecce,Salernitana,1449.29,1465.68,71.71,66.34,0.547193,H,H,1.0
2023-09-03,EPL,Liverpool,Aston Villa,1687.61,1575.05,67.09,64.36,0.714398,H,H,1.0
2023-09-03,LaLiga,Mallorca,Ath Bilbao,1464.24,1522.45,64.94,64.01,0.48842,D,A,
2023-09-03,LaLiga,Girona,Las Palmas,1538.86,1446.94,69.05,146.0,0.677276,H,H,1.0
2023-09-03,LaLiga,Osasuna,Barcelona,1516.04,1709.44,63.92,68.74,0.308639,A,A,1.0
2023-09-15,LaLiga,Vallecano,Alaves,1480.31,1399.54,64.52,72.64,0.675577,H,H,1.0
2023-09-15,Bundesliga,Bayern Munich,Leverkusen,1717.44,1590.85,70.08,65.26,0.730158,D,H,
2023-09-15,Ligue1,Paris SG,Nice,1708.33,1578.33,68.6,64.03,0.734078,A,H,0.0
2023-09-16,Bundesliga,Mainz,Stuttgart,1476.98,1456.69,65.06,65.49,0.597762,A,H,0.0
2023-09-16,Bundesliga,RB Leipzig,Augsburg,1645.67,1407.27,66.15,65.87,0.835492,H,H,1.0
2023-09-16,Bundesliga,Wolfsburg,Union Berlin,1527.9,1595.21,64.95,65.96,0.475631,H,A,0.0
2023-09-16,Bundesliga,Bochum,Ein Frankfurt,1439.12,1527.71,66.05,65.12,0.445828,D,A,
2023-09-16,EPL,Wolves,Liverpool,1450.31,1694.82,64.66,66.9,0.250617,A,A,1.0
2023-09-16,SerieA,Juventus,Lazio,1647.06,1626.39,66.29,66.3,0.598236,H,H,1.0
2023-09-16,SerieA,Inter,Milan,1694.96,1693.16,67.64,67.77,0.572371,H,H,1.0
2023-09-16,SerieA,Genoa,Napoli,1405.56,1728.44,74.65,69.75,0.177454,D,A,
2023-09-16,Ligue1,Rennes,Lille,1600.58,1606.35,65.0,65.23,0.56201,D,H,
2023-09-16,Ligue1,Lens,Metz,1646.76,1428.73,65.21,72.89,0.818054,A,H,0.0
2023-09-16,Bundesliga,FC Koln,Hoffenheim,1479.65,1458.41,65.1,65.25,0.599072,A,H,0.0
2023-09-16,EPL,Aston Villa,Crystal Palace,1568.39,1502.03,64.32,64.16,0.658451,H,H,1.0
2023-09-16,Bundesliga,Freiburg,Dortmund,1566.27,1664.09,65.22,68.04,0.433134,A,A,1.0
2023-09-16,EPL,Man United,Brighton,1625.27,1572.67,65.39,64.6,0.640739,A,H,0.0
2023-09-16,EPL,Newcastle,Brentford,1596.0,1563.1,64.66,64.86,0.614762,H,H,1.0
2023-09-16,EPL,Fulham,Luton,1480.94,1339.42,66.68,146.2,0.73108,H,H,1.0
2023-09-16,LaLiga,Barcelona,Betis,1717.58,1583.44,68.41,64.29,0.738575,H,H,1.0
2023-09-16,LaLiga,Celta,Mallorca,1469.86,1464.51,64.32,64.67,0.5774,A,H,0.0
2023-09-16,EPL,West Ham,Man City,1514.07,1797.93,64.34,71.87,0.212066,A,A,1.0
2023-09-16,LaLiga,Ath Bilbao,Cadiz,1522.19,1484.98,63.8,64.59,0.620519,H,H,1.0
2023-09-16,EPL,Tottenham,Sheffield United,1595.58,1272.31,64.4,89.64,0.887621,H,H,1.0
2023-09-16,LaLiga,Valencia,Ath Madrid,1465.72,1698.38,64.11,66.97,0.263377,H,A,0.0
2023-09-17,SerieA,Cagliari,Udinese,1383.9,1459.27,74.7,64.91,0.464289,D,A,
2023-09-17,SerieA,Frosinone,Sassuolo,1537.91,1483.66,147.32,65.03,0.642844,H,H,1.0
2023-09-17,LaLiga,Getafe,Osasuna,1467.94,1508.96,64.93,63.86,0.512663,H,H,1.0
2023-09-17,Bundesliga,Heidenheim,Werder Bremen,1401.93,1399.74,152.19,67.67,0.572916,H,H,1.0
2023-09-17,Ligue1,Clermont,Nantes,1492.18,1434.04,64.65,64.27,0.64793,A,H,0.0
2023-09-17,SerieA,Monza,Lecce,1526.35,1462.15,70.3,71.01,0.655052,D,H,
2023-09-17,SerieA,Fiorentina,Atalanta,1558.59,1584.9,64.93,65.25,0.533332,H,H,1.0
2023-09-17,SerieA,Roma,Empoli,1547.18,1436.31,65.01,65.38,0.712329,H,H,1.0
2023-09-17,EPL,Everton,Arsenal,1410.76,1682.92,65.01,66.77,0.22251,A,A,1.0
2023-09-17,EPL,Bournemouth,Chelsea,1420.87,1491.12,69.88,64.98,0.471493,D,A,
2023-09-17,Ligue1,Lorient,Monaco,1501.59,1617.82,64.67,65.48,0.407749,D,A,
2023-09-17,Bundesliga,Darmstadt,M'gladbach,1358.12,1471.9,150.21,64.96,0.411067,D,A,
2023-09-17,Ligue1,Reims,Brest,1520.13,1511.71,64.2,64.53,0.58163,A,H,0.0
2023-09-17,Ligue1,Marseille,Toulouse,1621.3,1493.43,65.9,68.43,0.731175,D,H,
2023-09-17,Ligue1,Lyon,Le Havre,1559.48,1517.0,64.03,136.9,0.619704,D,H,
2023-09-17,LaLiga,Villarreal,Almeria,1562.13,1417.18,63.94,69.19,0.74953,H,H,1.0
2023-09-17,LaLiga,Sevilla,Las Palmas,1510.68,1414.27,64.42,136.79,0.684182,H,H,1.0
2023-09-17,LaLiga,Real Madrid,Sociedad,1711.63,1618.36,68.72,65.24,0.691601,H,H,1.0
2023-09-17,Ligue1,Strasbourg,Montpellier,1505.95,1485.67,64.28,64.54,0.597805,D,H,
2023-09-18,SerieA,Verona,Bologna,1450.49,1532.59,64.95,64.58,0.454879,D,A,
2023-09-18,SerieA,Salernitana,Torino,1454.6,1520.73,66.0,65.02,0.477275,A,A,1.0
2023-09-18,EPL,Nott'm Forest,Burnley,1462.44,1391.21,70.84,73.84,0.663618,D,H,
2023-09-18,LaLiga,Granada,Girona,1424.68,1546.85,72.9,68.84,0.399902,A,A,1.0
2023-09-22,LaLiga,Alaves,Ath Bilbao,1390.07,1530.86,72.05,63.65,0.374659,A,A,1.0
2023-09-22,Bundesliga,Stuttgart,Darmstadt,1471.03,1367.8,65.23,138.94,0.691479,H,H,1.0
2023-09-22,Ligue1,Monaco,Nice,1615.6,1595.26,65.21,64.05,0.597929,A,H,0.0
2023-09-22,SerieA,Lecce,Genoa,1466.48,1415.6,70.49,74.4,0.637649,H,H,1.0
2023-09-22,SerieA,Salernitana,Frosinone,1443.0,1575.8,65.67,137.18,0.392452,D,A,
2023-09-23,Bundesliga,M'gladbach,RB Leipzig,1470.1,1649.75,64.87,66.31,0.325126,A,A,1.0
2023-09-23,Bundesliga,Dortmund,Wolfsburg,1675.25,1540.26,67.6,64.68,0.739452,H,H,1.0
2023-09-23,LaLiga,Barcelona,Celta,1724.44,1456.48,68.21,64.11,0.857362,H,H,1.0
2023-09-23,Bundesliga,Augsburg,Mainz,1403.23,1462.82,66.05,64.82,0.486479,H,A,0.0
2023-09-23,Bundesliga,Union Berlin,Hoffenheim,1582.48,1472.68,65.63,65.0,0.71114,A,H,0.0
2023-09-23,LaLiga,Osasuna,Sevilla,1497.83,1517.6,63.65,64.44,0.54252,D,H,
2023-09-23,LaLiga,Girona,Mallorca,1557.35,1478.03,68.38,64.43,0.674648,H,H,1.0
2023-09-23,Bundesliga,Bayern Munich,Bochum,1711.13,1440.44,69.76,65.73,0.859016,H,H,1.0
2023-09-23,EPL,Man City,Nott'm Forest,1804.04,1457.9,71.62,70.35,0.90252,H,H,1.0
2023-09-23,LaLiga,Almeria,Valencia,1410.47,1482.77,68.97,64.13,0.46859,D,A,
2023-09-23,EPL,Luton,Wolves,1312.22,1444.4,137.94,64.67,0.386176,D,A,
2023-09-23,Ligue1,Nantes,Lorient,1449.07,1503.75,64.13,64.45,0.4934,H,A,0.0
2023-09-23,Ligue1,Brest,Lyon,1525.27,1556.9,64.31,63.99,0.525896,H,H,1.0
2023-09-23,SerieA,Milan,Verona,1682.24,1451.56,67.35,64.68,0.82959,H,H,1.0
2023-09-23,SerieA,Sassuolo,Juventus,1475.57,1656.91,64.98,65.98,0.322998,H,A,0.0
2023-09-23,SerieA,Lazio,Monza,1616.53,1522.11,65.99,69.82,0.692464,D,H,
2023-09-23,Bundesliga,Werder Bremen,FC Koln,1389.54,1465.45,67.43,64.86,0.463541,H,A,0.0
2023-09-23,EPL,Crystal Palace,Fulham,1494.13,1487.19,64.04,66.68,0.579487,D,H,
2023-09-23,EPL,Burnley,Man United,1396.14,1609.92,73.15,65.17,0.284289,A,A,1.0
2023-09-23,EPL,Brentford,Everton,1554.02,1405.45,64.65,65.07,0.753888,A,H,0.0
2023-09-24,Ligue1,Paris SG,Marseille,1688.98,1615.67,68.37,65.82,0.667035,H,H,1.0
2023-09-24,Ligue1,Metz,Strasbourg,1453.14,1503.68,72.71,64.08,0.499234,A,A,1.0
2023-09-24,Bundesliga,Leverkusen,Heidenheim,1596.33,1449.32,65.2,140.41,0.738058,H,H,1.0
2023-09-24,Ligue1,Lens,Toulouse,1627.16,1499.5,65.37,68.21,0.730967,H,H,1.0
2023-09-24,Ligue1,Montpellier,Rennes,1487.95,1599.12,64.33,64.74,0.414622,D,A,
2023-09-24,Bundesliga,Ein Frankfurt,Freiburg,1526.43,1555.99,64.85,64.96,0.528774,D,H,
2023-09-24,SerieA,Empoli,Inter,1429.4,1705.83,65.28,67.23,0.218442,A,A,1.0
2023-09-24,Ligue1,Le Havre,Clermont,1528.89,1476.99,128.58,64.49,0.63985,H,H,1.0
2023-09-24,SerieA,Atalanta,Cagliari,1573.8,1384.99,64.96,73.78,0.792242,H,H,1.0
2023-09-24,SerieA,Torino,Roma,1532.01,1554.01,64.75,64.93,0.539375,D,H,
2023-09-24,SerieA,Udinese,Fiorentina,1458.44,1569.59,64.66,64.67,0.414643,A,A,1.0
2023-09-24,LaLiga,Sociedad,Getafe,1611.0,1479.44,65.11,64.66,0.735715,H,H,1.0
2023-09-24,LaLiga,Vallecano,Villarreal,1487.86,1567.89,64.42,63.99,0.457743,D,A,
2023-09-24,LaLiga,Betis,Cadiz,1577.35,1476.11,64.3,64.39,0.701192,D,H,
2023-09-24,LaLiga,Las Palmas,Granada,1385.58,1412.97,129.24,72.17,0.531685,H,H,1.0
2023-09-24,LaLiga,Ath Madrid,Real Madrid,1679.81,1719.77,66.84,68.39,0.514118,H,H,1.0
2023-09-24,EPL,Arsenal,Tottenham,1688.5,1598.19,66.74,64.81,0.688075,D,H,
2023-09-24,SerieA,Bologna,Napoli,1531.53,1719.68,64.34,69.73,0.315087,D,A,
2023-09-24,EPL,Chelsea,Aston Villa,1490.45,1576.33,64.72,64.19,0.449577,A,A,1.0
2023-09-24,EPL,Liverpool,West Ham,1701.12,1509.12,66.8,64.46,0.796537,H,H,1.0
2023-09-24,EPL,Sheffield United,Newcastle,1267.45,1605.02,89.14,64.46,0.164952,A,A,1.0
2023-09-24,EPL,Brighton,Bournemouth,1587.66,1421.65,64.43,69.3,0.771085,H,H,1.0
2023-09-26,LaLiga,Sevilla,Almeria,1518.59,1411.3,64.2,68.45,0.707812,H,H,1.0
2023-09-26,LaLiga,Mallorca,Barcelona,1470.45,1728.2,64.32,68.37,0.237093,D,A,
2023-09-26,Ligue1,Lille,Reims,1607.83,1506.69,64.96,64.0,0.701111,A,H,0.0
2023-09-26,SerieA,Juventus,Lecce,1640.39,1476.42,65.79,69.98,0.768955,H,H,1.0
2023-09-27,LaLiga,Valencia,Sociedad,1482.06,1617.31,63.91,65.07,0.382108,A,A,1.0
2023-09-27,LaLiga,Ath Bilbao,Getafe,1539.36,1473.21,63.53,64.64,0.658126,D,H,
2023-09-27,LaLiga,Real Madrid,Las Palmas,1707.15,1424.61,67.91,121.88,0.856352,H,H,1.0
2023-09-27,LaLiga,Villarreal,Girona,1566.92,1565.84,63.78,68.05,0.571364,A,H,0.0
2023-09-27,LaLiga,Cadiz,Vallecano,1480.8,1488.84,64.32,64.18,0.5589,D,H,
2023-09-27,SerieA,Verona,Atalanta,1447.51,1578.73,64.89,65.06,0.387491,A,A,1.0
2023-09-27,SerieA,Lazio,Torino,1611.84,1531.08,65.83,64.49,0.676431,H,H,1.0
2023-09-27,SerieA,Napoli,Udinese,1714.65,1448.74,69.33,64.43,0.855904,H,H,1.0
2023-09-27,SerieA,Empoli,Salernitana,1424.15,1445.43,65.33,65.53,0.540372,H,H,1.0
2023-09-27,SerieA,Cagliari,Milan,1378.71,1686.61,73.45,67.45,0.189739,A,A,1.0
2023-09-27,SerieA,Inter,Sassuolo,1711.39,1491.61,67.2,64.84,0.820704,A,H,0.0
2023-09-28,SerieA,Monza,Bologna,1527.35,1535.82,69.44,64.25,0.558286,D,H,
2023-09-28,LaLiga,Osasuna,Ath Madrid,1496.86,1691.88,63.47,66.45,0.306446,A,A,1.0
2023-09-28,LaLiga,Granada,Betis,1400.14,1572.67,71.59,64.23,0.333787,D,A,
2023-09-28,LaLiga,Celta,Alaves,1453.14,1379.29,64.42,71.4,0.667141,D,H,
2023-09-28,SerieA,Genoa,Roma,1404.58,1554.94,73.63,64.66,0.36217,H,A,0.0
2023-09-28,SerieA,Frosinone,Fiorentina,1565.1,1579.3,128.71,64.44,0.550305,D,H,
2023-09-29,LaLiga,Barcelona,Sevilla,1721.28,1525.35,68.22,64.16,0.800145,H,H,1.0
2023-09-29,Ligue1,Strasbourg,Lens,1515.11,1633.61,63.87,65.31,0.404648,A,A,1.0
2023-09-29,Bundesliga,Hoffenheim,Dortmund,1489.57,1681.93,64.92,67.44,0.309735,A,A,1.0
2023-09-30,Ligue1,Clermont,Paris SG,1468.86,1697.66,64.42,68.02,0.267751,D,A,
2023-09-30,Ligue1,Monaco,Marseille,1601.37,1607.6,64.97,65.62,0.561356,H,H,1.0
2023-09-30,EPL,Wolves,Man City,1442.06,1806.87,64.59,71.86,0.145938,H,A,0.0
2023-09-30,SerieA,Salernitana,Inter,1434.41,1690.45,65.23,67.27,0.238689,A,A,1.0
2023-09-30,EPL,Aston Villa,Brighton,1586.71,1593.01,63.97,64.5,0.561292,H,H,1.0
2023-09-30,EPL,Bournemouth,Arsenal,1415.49,1683.81,69.13,66.52,0.226248,A,A,1.0
2023-09-30,EPL,Everton,Luton,1423.45,1322.96,65.07,129.32,0.690285,A,H,0.0
2023-09-30,EPL,Man United,Crystal Palace,1616.7,1492.3,65.1,63.85,0.727886,A,H,0.0
2023-09-30,EPL,Newcastle,Burnley,1608.94,1387.68,64.71,72.62,0.820774,H,H,1.0
2023-09-30,EPL,West Ham,Sheffield United,1504.34,1260.21,64.59,88.2,0.836232,H,H,1.0
2023-09-30,EPL,Tottenham,Liverpool,1602.62,1706.25,64.7,66.83,0.425071,H,A,0.0
2023-09-30,SerieA,Milan,Lazio,1691.48,1619.7,67.49,65.64,0.665133,H,H,1.0
2023-09-30,SerieA,Lecce,Napoli,1470.1,1718.57,69.77,69.44,0.246808,A,A,1.0
2023-09-30,LaLiga,Vallecano,Mallorca,1490.2,1476.58,63.97,64.38,0.588748,D,H,
2023-09-30,Bundesliga,Heidenheim,Union Berlin,1424.54,1565.28,133.2,65.51,0.374875,H,A,0.0
2023-09-30,Bundesliga,Mainz,Leverkusen,1450.76,1602.2,64.56,65.27,0.36082,A,A,1.0
2023-09-30,Bundesliga,Wolfsburg,Ein Frankfurt,1534.12,1525.75,64.67,64.58,0.581552,H,H,1.0
2023-09-30,Bundesliga,RB Leipzig,Bayern Munich,1657.76,1715.01,66.1,69.87,0.489811,D,A,
2023-09-30,Bundesliga,FC Koln,Stuttgart,1452.85,1477.94,64.6,65.21,0.535052,A,H,0.0
2023-09-30,LaLiga,Getafe,Villarreal,1476.92,1553.92,64.49,63.6,0.461994,D,A,
2023-09-30,Bundesliga,Bochum,M'gladbach,1436.98,1462.43,65.99,64.74,0.534548,A,H,0.0
2023-09-30,LaLiga,Girona,Real Madrid,1580.58,1710.73,67.6,68.13,0.389133,A,A,1.0
2023-09-30,LaLiga,Sociedad,Ath Bilbao,1626.37,1535.77,64.84,63.44,0.688571,H,H,1.0
2023-10-01,Bundesliga,Darmstadt,Werder Bremen,1339.05,1403.12,131.15,67.01,0.480206,H,A,0.0
2023-10-01,Bundesliga,Freiburg,Augsburg,1556.67,1415.73,64.68,65.71,0.745736,H,H,1.0
2023-10-01,SerieA,Bologna,Empoli,1537.16,1435.11,64.04,65.05,0.702079,H,H,1.0
2023-10-01,SerieA,Udinese,Genoa,1445.33,1423.69,64.73,72.89,0.599115,D,H,
2023-10-01,SerieA,Atalanta,Juventus,1587.91,1646.01,64.84,65.79,0.488592,D,A,
2023-10-01,SerieA,Roma,Frosinone,1540.09,1560.92,64.49,121.41,0.539093,H,H,1.0
2023-10-01,LaLiga,Alaves,Osasuna,1384.04,1489.92,70.86,63.43,0.421818,A,A,1.0
2023-10-01,LaLiga,Betis,Valencia,1568.85,1473.3,64.12,63.76,0.694491,H,H,1.0
2023-10-01,Ligue1,Lorient,Montpellier,1491.97,1489.93,64.21,64.12,0.572855,A,H,0.0
2023-10-01,Ligue1,Toulouse,Metz,1492.5,1438.57,68.0,71.92,0.641809,H,H,1.0
2023-10-01,Ligue1,Nice,Brest,1609.0,1536.26,63.87,64.08,0.666507,D,H,
2023-10-01,Ligue1,Le Havre,Lille,1559.02,1591.19,121.79,64.85,0.525107,A,H,0.0
2023-10-01,EPL,Nott'm Forest,Brentford,1455.17,1536.25,70.62,64.67,0.456298,D,A,
2023-10-01,LaLiga,Ath Madrid,Cadiz,1699.46,1479.44,66.26,64.1,0.821005,H,H,1.0
2023-10-01,Ligue1,Reims,Lyon,1522.86,1546.02,63.95,63.78,0.537784,H,H,1.0
2023-10-01,Ligue1,Rennes,Nantes,1597.12,1460.73,64.51,63.9,0.741062,H,H,1.0
2023-10-01,LaLiga,Almeria,Granada,1403.66,1404.87,68.17,71.04,0.568064,D,H,
2023-10-02,SerieA,Torino,Verona,1523.52,1438.37,64.38,64.67,0.68181,D,H,
2023-10-02,SerieA,Fiorentina,Cagliari,1580.35,1372.99,64.32,73.21,0.808927,H,H,1.0
2023-10-02,EPL,Fulham,Chelsea,1489.16,1479.91,66.33,64.47,0.582767,A,H,0.0
2023-10-02,LaLiga,Las Palmas,Celta,1413.97,1449.25,119.1,64.31,0.520732,H,H,1.0
2023-10-02,SerieA,Sassuolo,Monza,1511.13,1525.79,65.02,68.9,0.549522,A,H,0.0
2023-10-03,EPL,Luton,Burnley,1382.7,1382.41,123.02,72.46,0.570059,A,H,0.0
2023-10-06,Ligue1,Strasbourg,Nantes,1505.85,1454.76,63.7,63.93,0.638833,A,H,0.0
2023-10-06,SerieA,Empoli,Udinese,1428.03,1443.01,64.94,64.52,0.549204,D,H,
2023-10-06,SerieA,Lecce,Sassuolo,1463.39,1498.17,69.54,64.76,0.521443,D,H,
2023-10-06,Bundesliga,M'gladbach,Mainz,1474.95,1442.33,64.48,64.4,0.614434,D,H,
2023-10-06,LaLiga,Ath Bilbao,Almeria,1528.71,1401.9,63.4,67.72,0.730081,H,H,1.0
2023-10-07,Bundesliga,Augsburg,Darmstadt,1409.55,1383.6,65.66,123.38,0.600387,A,H,0.0
2023-10-07,Bundesliga,RB Leipzig,Bochum,1658.0,1423.98,65.76,65.66,0.832099,D,H,
2023-10-07,Bundesliga,Stuttgart,Wolfsburg,1490.66,1543.92,64.93,64.44,0.495402,H,A,0.0
2023-10-07,Bundesliga,Werder Bremen,Hoffenheim,1390.84,1482.24,66.74,64.8,0.441903,A,A,1.0
2023-10-07,EPL,Crystal Palace,Nott'm Forest,1509.03,1456.38,63.85,69.99,0.640342,D,H,
2023-10-07,EPL,Man United,Brentford,1599.33,1535.23,65.04,64.43,0.655539,H,H,1.0
2023-10-07,EPL,Fulham,Sheffield United,1474.85,1253.33,66.0,87.36,0.818494,H,H,1.0
2023-10-07,EPL,Everton,Bournemouth,1407.9,1409.43,65.05,68.98,0.567718,H,H,1.0
2023-10-07,EPL,Burnley,Chelsea,1398.11,1493.46,71.86,64.25,0.436395,A,A,1.0
2023-10-07,EPL,Luton,Tottenham,1339.08,1616.08,116.78,64.47,0.217521,A,A,1.0
2023-10-07,LaLiga,Sevilla,Vallecano,1520.69,1488.16,64.31,63.79,0.614348,D,H,
2023-10-07,Bundesliga,Dortmund,Union Berlin,1689.8,1551.27,67.18,65.38,0.743199,H,H,1.0
2023-10-07,Ligue1,Metz,Nice,1428.33,1605.18,71.31,63.78,0.328343,A,A,1.0
2023-10-07,SerieA,Inter,Bologna,1696.51,1544.04,67.18,63.99,0.758082,D,H,
2023-10-07,SerieA,Juventus,Torino,1645.74,1519.29,65.47,64.28,0.730118,H,H,1.0
2023-10-07,SerieA,Genoa,Milan,1426.61,1700.0,72.15,67.19,0.221381,A,A,1.0
2023-10-07,Ligue1,Reims,Monaco,1533.45,1611.72,63.74,64.71,0.460234,A,A,1.0
2023-10-07,LaLiga,Real Madrid,Osasuna,1720.77,1499.41,67.72,63.28,0.822223,H,H,1.0
2023-10-07,LaLiga,Cadiz,Girona,1475.26,1570.68,64.31,67.23,0.436416,A,A,1.0
2023-10-07,LaLiga,Mallorca,Valencia,1478.64,1466.3,64.18,63.71,0.587041,D,H,
2023-10-08,LaLiga,Alaves,Betis,1372.3,1575.92,70.24,64.05,0.295967,D,A,
2023-10-08,Ligue1,Marseille,Le Havre,1597.05,1519.47,65.32,115.58,0.665852,H,H,1.0
2023-10-08,Ligue1,Brest,Toulouse,1540.1,1501.69,63.97,67.64,0.621887,D,H,
2023-10-08,Ligue1,Lyon,Lorient,1535.48,1478.73,63.58,64.0,0.646154,D,H,
2023-10-08,SerieA,Napoli,Fiorentina,1725.22,1584.8,69.23,64.49,0.745328,A,H,0.0
2023-10-08,LaLiga,Granada,Barcelona,1406.77,1726.52,70.4,68.19,0.179805,D,A,
2023-10-08,LaLiga,Celta,Getafe,1438.61,1477.81,64.17,64.24,0.515224,D,H,
2023-10-08,Bundesliga,Leverkusen,FC Koln,1610.82,1440.36,65.06,64.35,0.776151,H,H,1.0
2023-10-08,EPL,Wolves,Aston Villa,1462.23,1596.77,64.88,63.77,0.38297,D,A,
2023-10-08,EPL,Brighton,Liverpool,1582.79,1691.93,64.27,66.46,0.417492,D,A,
2023-10-08,SerieA,Cagliari,Roma,1367.29,1550.34,72.98,64.35,0.320726,A,A,1.0
2023-10-08,SerieA,Lazio,Atalanta,1611.63,1588.18,65.45,64.57,0.602088,H,H,1.0
2023-10-08,SerieA,Frosinone,Verona,1526.52,1442.65,115.29,64.56,0.680251,H,H,1.0
2023-10-08,SerieA,Monza,Salernitana,1540.28,1428.69,68.38,65.24,0.713174,H,H,1.0
2023-10-08,LaLiga,Ath Madrid,Sociedad,1703.91,1633.73,66.37,64.73,0.66321,H,H,1.0
2023-10-08,LaLiga,Villarreal,Las Palmas,1553.06,1448.67,63.42,113.3,0.697687,A,H,0.0
2023-10-08,Bundesliga,Bayern Munich,Freiburg,1714.73,1562.66,69.29,64.69,0.757576,H,H,1.0
2023-10-08,Ligue1,Rennes,Paris SG,1603.19,1691.62,64.5,67.82,0.446148,A,A,1.0
2023-10-08,Ligue1,Lens,Lille,1643.27,1602.96,65.05,64.69,0.624625,D,H,
2023-10-08,EPL,Arsenal,Man City,1689.45,1781.96,66.5,71.86,0.440626,H,A,0.0
2023-10-08,Bundesliga,Ein Frankfurt,Heidenheim,1515.98,1480.06,64.36,125.52,0.612892,H,H,1.0
2023-10-08,EPL,West Ham,Newcastle,1508.15,1613.18,64.84,64.9,0.42306,D,A,
2023-10-20,LaLiga,Osasuna,Granada,1495.36,1415.69,63.53,70.34,0.674486,H,H,1.0
2023-10-20,Bundesliga,Dortmund,Werder Bremen,1696.31,1379.87,67.05,66.37,0.887367,H,H,1.0
2023-10-20,Ligue1,Le Havre,Lens,1496.74,1640.32,110.94,64.84,0.371078,D,A,
2023-10-21,Bundesliga,Darmstadt,RB Leipzig,1430.46,1649.87,117.19,65.93,0.277978,A,A,1.0
2023-10-21,SerieA,Verona,Napoli,1435.3,1705.21,64.51,68.99,0.225026,A,A,1.0
2023-10-21,EPL,Sheffield United,Man United,1245.83,1607.5,86.43,64.86,0.147133,A,A,1.0
2023-10-21,Bundesliga,Freiburg,Bochum,1556.94,1432.09,64.71,65.84,0.728145,H,H,1.0
2023-10-21,LaLiga,Celta,Ath Madrid,1438.26,1712.21,63.94,66.13,0.220681,A,A,1.0
2023-10-21,SerieA,Sassuolo,Lazio,1498.67,1621.16,64.5,65.19,0.399237,A,A,1.0
2023-10-21,EPL,Chelsea,Arsenal,1503.52,1703.19,64.05,66.16,0.300868,D,A,
2023-10-21,Bundesliga,Hoffenheim,Ein Frankfurt,1492.62,1524.53,64.56,64.28,0.525482,A,H,0.0
2023-10-21,LaLiga,Sociedad,Mallorca,1625.82,1476.63,64.58,63.98,0.754666,H,H,1.0
2023-10-21,Bundesliga,Wolfsburg,Leverkusen,1532.19,1616.17,64.2,65.11,0.452262,A,A,1.0
2023-10-21,EPL,Liverpool,Everton,1689.89,1418.1,66.12,64.8,0.85989,H,H,1.0
2023-10-21,EPL,Bournemouth,Wolves,1398.01,1464.99,68.48,64.67,0.47607,A,A,1.0
2023-10-21,EPL,Brentford,Burnley,1527.2,1385.65,64.29,71.15,0.745658,H,H,1.0
2023-10-21,EPL,Man City,Brighton,1766.0,1584.7,71.16,64.07,0.786638,H,H,1.0
2023-10-21,EPL,Newcastle,Crystal Palace,1611.36,1505.82,64.65,63.73,0.706322,H,H,1.0
2023-10-21,EPL,Nott'm Forest,Luton,1460.21,1323.38,69.5,113.11,0.733457,D,H,
2023-10-21,Bundesliga,Union Berlin,Stuttgart,1545.09,1502.55,65.35,64.65,0.627569,A,H,0.0
2023-10-21,SerieA,Torino,Inter,1513.0,1689.96,64.26,67.09,0.328541,A,A,1.0
2023-10-21,LaLiga,Sevilla,Real Madrid,1518.04,1725.38,64.13,67.78,0.292041,D,A,
2023-10-21,Ligue1,Paris SG,Strasbourg,1703.04,1491.28,67.38,63.58,0.814121,H,H,1.0
2023-10-21,Ligue1,Nice,Marseille,1612.68,1604.73,63.7,65.22,0.58095,H,H,1.0
2023-10-21,Bundesliga,Mainz,Bayern Munich,1444.99,1721.26,64.21,69.08,0.218866,A,A,1.0
2023-10-21,LaLiga,Getafe,Betis,1478.16,1571.24,64.01,64.01,0.439544,D,A,
2023-10-22,SerieA,Salernitana,Cagliari,1421.83,1357.81,65.15,72.37,0.654687,D,H,
2023-10-22,SerieA,Bologna,Frosinone,1549.99,1548.63,64.05,110.74,0.56929,H,H,1.0
2023-10-22,LaLiga,Barcelona,Ath Bilbao,1718.16,1534.82,68.23,63.44,0.788644,H,H,1.0
2023-10-22,Bundesliga,Heidenheim,Augsburg,1449.58,1395.75,119.07,65.49,0.642261,A,H,0.0
2023-10-22,LaLiga,Girona,Almeria,1581.67,1394.97,66.83,67.53,0.791224,H,H,1.0
2023-10-22,LaLiga,Las Palmas,Vallecano,1496.11,1490.77,109.19,63.64,0.577426,A,H,0.0
2023-10-22,Bundesliga,FC Koln,M'gladbach,1435.12,1472.28,64.44,64.29,0.51809,H,H,1.0
2023-10-22,SerieA,Atalanta,Genoa,1578.89,1420.17,64.37,71.87,0.763393,H,H,1.0
2023-10-22,LaLiga,Villarreal,Alaves,1537.84,1377.92,63.46,69.85,0.764906,D,H,
2023-10-22,SerieA,Milan,Juventus,1705.62,1652.25,67.15,65.39,0.641673,A,H,0.0
2023-10-22,SerieA,Roma,Monza,1557.79,1547.78,64.26,68.12,0.583613,H,H,1.0
2023-10-22,Ligue1,Monaco,Metz,1622.51,1419.05,64.45,70.79,0.805891,H,H,1.0
2023-10-22,Ligue1,Toulouse,Reims,1504.81,1522.97,67.27,63.55,0.544798,D,H,
2023-10-22,Ligue1,Nantes,Montpellier,1469.43,1503.14,63.79,63.92,0.522968,H,H,1.0
2023-10-22,Ligue1,Lille,Brest,1605.89,1537.31,64.5,63.82,0.661284,H,H,1.0
2023-10-22,Ligue1,Lorient,Rennes,1482.1,1592.82,63.87,64.27,0.4152,H,A,0.0
2023-10-22,EPL,Aston Villa,West Ham,1594.1,1509.96,63.63,64.6,0.680575,H,H,1.0
2023-10-22,Ligue1,Lyon,Clermont,1532.15,1474.28,63.48,64.41,0.647571,A,H,0.0
2023-10-23,LaLiga,Valencia,Cadiz,1468.28,1465.17,63.54,64.09,0.574353,H,H,1.0
2023-10-23,SerieA,Fiorentina,Empoli,1602.23,1426.86,64.51,64.68,0.780878,A,H,0.0
2023-10-23,SerieA,Udinese,Lecce,1444.16,1462.82,64.28,68.97,0.543948,D,H,
2023-10-23,EPL,Tottenham,Fulham,1621.19,1479.25,64.6,66.15,0.746743,H,H,1.0
2023-10-27,EPL,Crystal Palace,Tottenham,1499.1,1627.15,63.7,64.61,0.391718,A,A,1.0
2023-10-27,LaLiga,Girona,Celta,1586.92,1433.16,66.84,64.05,0.759413,H,H,1.0
2023-10-27,Bundesliga,Bochum,Mainz,1425.47,1439.9,65.74,64.32,0.549994,D,H,
2023-10-27,Ligue1,Clermont,Nice,1489.37,1622.22,64.26,63.53,0.385214,A,A,1.0
2023-10-27,SerieA,Genoa,Salernitana,1413.37,1418.17,71.54,64.98,0.563372,H,H,1.0
2023-10-28,Bundesliga,Bayern Munich,Darmstadt,1727.11,1410.54,68.95,112.79,0.879394,H,H,1.0
2023-10-28,Bundesliga,Stuttgart,Hoffenheim,1517.25,1480.36,64.47,64.31,0.62013,A,H,0.0
2023-10-28,Bundesliga,Werder Bremen,Union Berlin,1377.04,1530.08,66.7,65.12,0.358734,H,A,0.0
2023-10-28,Bundesliga,RB Leipzig,FC Koln,1656.57,1446.32,65.88,64.19,0.812748,H,H,1.0
2023-10-28,LaLiga,Almeria,Las Palmas,1389.61,1460.25,67.51,104.9,0.471847,A,A,1.0
2023-10-28,LaLiga,Barcelona,Real Madrid,1723.7,1720.02,68.16,67.54,0.574964,A,H,0.0
2023-10-28,LaLiga,Mallorca,Getafe,1470.96,1479.55,64.04,63.81,0.558144,D,H,
2023-10-28,LaLiga,Cadiz,Sevilla,1455.36,1522.84,63.89,64.09,0.475368,D,A,
2023-10-28,Bundesliga,Augsburg,Wolfsburg,1410.38,1521.76,65.36,63.98,0.414296,H,A,0.0
2023-10-28,Bundesliga,M'gladbach,Heidenheim,1461.13,1402.75,64.06,113.74,0.642638,H,H,1.0
2023-10-28,SerieA,Juventus,Verona,1667.59,1430.02,65.18,64.59,0.835026,H,H,1.0
2023-10-28,Ligue1,Lens,Nantes,1637.49,1480.32,64.71,63.59,0.762969,H,H,1.0
2023-10-28,SerieA,Lecce,Torino,1463.98,1505.39,68.46,64.16,0.512113,A,H,0.0
2023-10-28,SerieA,Sassuolo,Bologna,1489.37,1559.55,64.3,63.93,0.47156,D,A,
2023-10-28,Ligue1,Reims,Lorient,1523.98,1495.48,63.37,63.69,0.608963,H,H,1.0
2023-10-28,EPL,Wolves,Newcastle,1476.11,1618.27,64.42,64.57,0.372915,D,A,
2023-10-28,EPL,Bournemouth,Burnley,1385.6,1378.48,67.98,70.82,0.579518,H,H,1.0
2023-10-28,EPL,Chelsea,Brentford,1508.11,1533.11,64.0,64.32,0.535195,A,H,0.0
2023-10-28,EPL,Arsenal,Sheffield United,1698.29,1239.73,65.99,85.77,0.943996,H,H,1.0
2023-10-29,Ligue1,Montpellier,Toulouse,1492.21,1503.68,63.71,66.86,0.554028,H,H,1.0
2023-10-29,Bundesliga,Leverkusen,Freiburg,1626.89,1563.35,64.84,64.68,0.654811,H,H,1.0
2023-10-29,Bundesliga,Ein Frankfurt,Dortmund,1536.68,1699.19,64.05,67.36,0.346758,D,A,
2023-10-29,SerieA,Napoli,Milan,1711.21,1689.46,68.85,66.84,0.599657,D,H,
2023-10-29,SerieA,Inter,Roma,1698.22,1567.4,66.82,64.06,0.734979,H,H,1.0
2023-10-29,LaLiga,Ath Madrid,Alaves,1717.65,1385.19,66.14,69.63,0.895648,H,H,1.0
2023-10-29,LaLiga,Ath Bilbao,Valencia,1530.0,1477.93,63.6,63.37,0.64015,D,H,
2023-10-29,Ligue1,Rennes,Strasbourg,1579.28,1487.01,64.07,63.79,0.69054,D,H,
2023-10-29,LaLiga,Betis,Osasuna,1569.85,1502.73,63.81,63.47,0.659469,H,H,1.0
2023-10-29,Ligue1,Brest,Paris SG,1529.55,1707.81,63.72,67.43,0.326956,A,A,1.0
2023-10-29,LaLiga,Vallecano,Sociedad,1503.39,1631.59,63.54,64.6,0.391504,D,A,
2023-10-29,Ligue1,Lille,Monaco,1613.8,1627.06,64.36,64.61,0.551616,H,H,1.0
2023-10-29,EPL,Man United,Man City,1611.05,1772.06,65.14,70.95,0.349005,A,A,1.0
2023-10-29,EPL,Liverpool,Nott'm Forest,1693.37,1454.14,66.37,69.3,0.83563,H,H,1.0
2023-10-29,EPL,Brighton,Fulham,1579.74,1473.02,64.2,66.08,0.70743,D,H,
2023-10-29,EPL,Aston Villa,Luton,1601.38,1339.58,63.57,109.39,0.844954,H,H,1.0
2023-10-29,EPL,West Ham,Everton,1502.47,1414.76,64.48,65.09,0.684897,A,H,0.0
2023-10-29,Ligue1,Metz,Le Havre,1413.61,1505.01,70.66,106.62,0.443807,D,A,
2023-10-29,SerieA,Cagliari,Frosinone,1362.32,1521.38,71.75,106.23,0.355512,H,A,0.0
2023-10-29,SerieA,Monza,Udinese,1537.03,1443.14,67.68,64.06,0.692464,D,H,
2023-10-30,LaLiga,Granada,Villarreal,1406.73,1531.82,69.88,63.56,0.395632,A,A,1.0
2023-10-30,SerieA,Empoli,Atalanta,1445.33,1584.4,64.76,64.43,0.376996,A,A,1.0
2023-10-30,SerieA,Lazio,Fiorentina,1630.66,1583.85,64.94,64.59,0.633182,H,H,1.0
2023-11-03,SerieA,Bologna,Lazio,1558.9,1639.33,63.72,64.75,0.457211,H,A,0.0
2023-11-03,Bundesliga,Darmstadt,Bochum,1402.71,1424.26,111.03,65.43,0.539995,A,H,0.0
2023-11-03,LaLiga,Las Palmas,Ath Madrid,1487.34,1720.25,101.07,66.52,0.263043,H,A,0.0
2023-11-03,Ligue1,Paris SG,Montpellier,1716.12,1502.35,67.14,63.53,0.815842,H,H,1.0
2023-11-04,Bundesliga,Hoffenheim,Leverkusen,1494.74,1635.03,64.13,64.68,0.375396,A,A,1.0
2023-11-04,LaLiga,Sociedad,Barcelona,1629.05,1708.86,64.4,67.72,0.458163,A,A,1.0
2023-11-04,EPL,Newcastle,Arsenal,1615.3,1699.67,64.39,66.56,0.451762,H,A,0.0
2023-11-04,EPL,Man City,Bournemouth,1781.8,1396.38,70.41,67.56,0.920618,H,H,1.0
2023-11-04,EPL,Everton,Brighton,1431.06,1574.93,64.96,64.15,0.37063,D,A,
2023-11-04,EPL,Burnley,Crystal Palace,1366.82,1490.18,70.21,63.55,0.397967,A,A,1.0
2023-11-04,EPL,Brentford,West Ham,1545.51,1486.47,64.09,64.38,0.649084,H,H,1.0
2023-11-04,EPL,Fulham,Man United,1478.11,1602.78,65.93,64.96,0.396287,A,A,1.0
2023-11-04,Ligue1,Marseille,Lille,1594.76,1624.2,64.96,64.13,0.528952,D,H,
2023-11-04,Ligue1,Lorient,Lens,1486.57,1643.1,63.54,64.74,0.354187,D,A,
2023-11-04,SerieA,Milan,Udinese,1691.94,1447.57,66.5,64.0,0.840318,A,H,0.0
2023-11-04,SerieA,Atalanta,Inter,1593.18,1704.87,64.25,66.69,0.414,A,A,1.0
2023-11-04,SerieA,Salernitana,Napoli,1407.89,1708.59,64.73,68.38,0.196191,A,A,1.0
2023-11-04,Bundesliga,Mainz,RB Leipzig,1441.05,1661.17,64.1,65.99,0.277184,H,A,0.0
2023-11-04,LaLiga,Celta,Sevilla,1427.58,1522.28,64.11,63.87,0.43729,D,A,
2023-11-04,LaLiga,Betis,Mallorca,1577.65,1469.62,63.71,63.83,0.709213,H,H,1.0
2023-11-04,EPL,Sheffield United,Wolves,1237.49,1479.07,85.89,64.25,0.253397,H,A,0.0
2023-11-04,Bundesliga,Freiburg,M'gladbach,1555.25,1469.06,64.52,64.0,0.683152,D,H,
2023-11-04,Bundesliga,Dortmund,Bayern Munich,1695.3,1730.24,67.05,69.21,0.521152,A,H,0.0
2023-11-04,Bundesliga,Union Berlin,Ein Frankfurt,1514.86,1540.21,64.92,63.93,0.534714,A,H,0.0
2023-11-04,Bundesliga,FC Koln,Augsburg,1441.94,1424.38,64.38,65.09,0.594085,D,H,
2023-11-04,LaLiga,Osasuna,Girona,1495.01,1592.97,63.39,66.77,0.43288,A,A,1.0
2023-11-05,SerieA,Fiorentina,Juventus,1575.27,1671.57,64.42,65.39,0.435128,A,A,1.0
2023-11-05,Ligue1,Strasbourg,Clermont,1491.38,1480.45,63.74,64.08,0.585095,D,H,
2023-11-05,Ligue1,Toulouse,Le Havre,1492.57,1501.58,66.48,102.65,0.555843,A,H,0.0
2023-11-05,EPL,Nott'm Forest,Aston Villa,1449.7,1604.82,69.34,63.9,0.355932,H,A,0.0
2023-11-05,EPL,Luton,Liverpool,1330.04,1697.46,107.33,66.53,0.143341,D,A,
2023-11-05,LaLiga,Alaves,Almeria,1382.33,1377.99,69.9,67.16,0.575888,H,H,1.0
2023-11-05,Ligue1,Monaco,Brest,1616.58,1522.09,64.37,63.65,0.693232,H,H,1.0
2023-11-05,Ligue1,Nice,Rennes,1630.95,1574.87,63.4,64.0,0.645293,H,H,1.0
2023-11-05,SerieA,Roma,Lecce,1561.27,1450.64,64.07,67.96,0.711744,H,H,1.0
2023-11-05,SerieA,Cagliari,Genoa,1380.16,1425.74,71.24,70.86,0.506213,H,H,1.0
2023-11-05,SerieA,Verona,Monza,1426.11,1532.09,64.82,67.42,0.421866,A,A,1.0
2023-11-05,Bundesliga,Heidenheim,Stuttgart,1379.1,1502.8,109.17,64.28,0.397551,H,A,0.0
2023-11-05,Bundesliga,Wolfsburg,Werder Bremen,1508.32,1392.99,63.8,66.41,0.717331,D,H,
2023-11-05,LaLiga,Valencia,Granada,1481.09,1396.0,63.27,69.35,0.681243,H,H,1.0
2023-11-05,LaLiga,Villarreal,Ath Bilbao,1540.78,1526.81,63.42,63.48,0.589276,A,H,0.0
2023-11-05,LaLiga,Real Madrid,Vallecano,1734.6,1505.85,67.14,63.4,0.828223,D,H,
2023-11-05,Ligue1,Lyon,Metz,1517.48,1415.12,63.38,70.12,0.701852,D,H,
2023-11-05,Ligue1,Nantes,Reims,1474.89,1532.8,63.68,63.23,0.488837,A,A,1.0
2023-11-06,LaLiga,Getafe,Cadiz,1480.88,1455.93,63.62,63.68,0.604176,H,H,1.0
2023-11-06,SerieA,Torino,Sassuolo,1517.16,1490.02,63.94,64.07,0.607104,H,H,1.0
2023-11-06,SerieA,Frosinone,Empoli,1483.05,1436.47,102.62,64.56,0.632894,H,H,1.0
2023-11-06,EPL,Tottenham,Chelsea,1636.31,1495.83,64.41,63.78,0.745487,A,H,0.0
2023-11-10,Ligue1,Montpellier,Nice,1498.12,1638.97,63.75,63.3,0.374556,D,A,
2023-11-10,Bundesliga,M'gladbach,Wolfsburg,1473.27,1503.34,63.92,63.79,0.528089,H,H,1.0
2023-11-10,LaLiga,Ath Bilbao,Celta,1540.14,1429.03,63.33,63.9,0.712789,H,H,1.0
2023-11-10,SerieA,Sassuolo,Salernitana,1480.97,1403.25,63.9,64.87,0.672639,D,H,
2023-11-10,SerieA,Genoa,Verona,1412.07,1416.21,70.22,64.58,0.56429,H,H,1.0
2023-11-11,LaLiga,Almeria,Sociedad,1367.36,1618.44,66.78,64.17,0.243387,A,A,1.0
2023-11-11,LaLiga,Granada,Getafe,1387.46,1489.87,68.96,63.47,0.426591,D,A,
2023-11-11,LaLiga,Osasuna,Las Palmas,1485.26,1527.63,63.23,98.53,0.510477,D,H,
2023-11-11,LaLiga,Real Madrid,Valencia,1726.23,1488.26,67.24,63.23,0.835521,H,H,1.0
2023-11-11,SerieA,Monza,Torino,1542.77,1526.18,67.02,63.77,0.592846,D,H,
2023-11-11,SerieA,Juventus,Cagliari,1681.97,1393.97,65.11,70.57,0.86974,H,H,1.0
2023-11-11,SerieA,Lecce,Milan,1443.19,1670.87,67.72,66.67,0.268821,D,A,
2023-11-11,EPL,Bournemouth,Newcastle,1394.31,1628.01,67.99,64.16,0.26188,H,A,0.0
2023-11-11,Ligue1,Le Havre,Monaco,1532.44,1623.73,99.13,64.29,0.442028,D,A,
2023-11-11,EPL,Crystal Palace,Everton,1499.18,1434.12,63.41,64.76,0.656741,A,H,0.0
2023-11-11,EPL,Man United,Luton,1612.14,1352.38,64.74,105.47,0.844337,H,H,1.0
2023-11-11,EPL,Wolves,Tottenham,1462.0,1618.86,64.29,64.42,0.35374,H,A,0.0
2023-11-11,Bundesliga,Darmstadt,Mainz,1368.24,1457.78,106.42,64.08,0.444471,D,A,
2023-11-11,Bundesliga,Stuttgart,Dortmund,1489.39,1682.28,64.16,66.65,0.309016,H,A,0.0
2023-11-11,Bundesliga,Bochum,FC Koln,1436.7,1439.76,65.22,64.18,0.565813,D,H,
2023-11-11,EPL,Arsenal,Burnley,1686.11,1355.93,66.2,69.65,0.894442,H,H,1.0
2023-11-11,Ligue1,Reims,Paris SG,1543.77,1720.81,63.06,67.21,0.328454,A,A,1.0
2023-11-11,Bundesliga,Bayern Munich,Heidenheim,1744.08,1416.54,68.67,104.96,0.887146,H,H,1.0
2023-11-11,Bundesliga,Augsburg,Hoffenheim,1426.61,1486.08,64.84,63.98,0.486648,D,A,
2023-11-11,LaLiga,Vallecano,Girona,1513.33,1603.74,63.65,66.4,0.443333,A,A,1.0
2023-11-12,SerieA,Napoli,Empoli,1713.74,1428.04,68.36,64.44,0.869126,A,H,0.0
2023-11-12,SerieA,Fiorentina,Bologna,1565.17,1571.25,64.19,63.52,0.561637,H,H,1.0
2023-11-12,SerieA,Lazio,Roma,1626.59,1567.92,64.49,64.04,0.648631,D,H,
2023-11-12,SerieA,Inter,Frosinone,1715.15,1503.47,66.34,99.32,0.807932,H,H,1.0
2023-11-12,Bundesliga,Leverkusen,Union Berlin,1643.84,1502.25,64.48,64.65,0.74656,H,H,1.0
2023-11-12,Bundesliga,RB Leipzig,Freiburg,1643.47,1550.96,65.88,64.41,0.69077,H,H,1.0
2023-11-12,Bundesliga,Werder Bremen,Ein Frankfurt,1398.38,1552.45,66.27,63.72,0.357282,D,A,
2023-11-12,SerieA,Udinese,Atalanta,1467.11,1583.61,64.26,64.05,0.4073,D,A,
2023-11-12,LaLiga,Barcelona,Alaves,1720.55,1393.81,67.28,69.34,0.892642,H,H,1.0
2023-11-12,LaLiga,Ath Madrid,Villarreal,1702.54,1527.46,66.45,63.27,0.780797,H,H,1.0
2023-11-12,LaLiga,Sevilla,Betis,1520.84,1584.3,63.67,63.68,0.481022,D,A,
2023-11-12,EPL,Chelsea,Man City,1512.96,1784.04,63.83,70.76,0.224142,D,A,
2023-11-12,EPL,West Ham,Nott'm Forest,1478.3,1466.95,64.24,68.9,0.585411,H,H,1.0
2023-11-12,EPL,Liverpool,Brentford,1688.97,1553.61,66.77,63.96,0.739948,H,H,1.0
2023-11-12,EPL,Brighton,Sheffield United,1571.94,1267.65,64.0,84.63,0.877573,D,H,
2023-11-12,EPL,Aston Villa,Fulham,1590.1,1468.48,63.78,65.64,0.724551,H,H,1.0
2023-11-12,Ligue1,Lille,Toulouse,1624.87,1479.24,63.91,66.19,0.750652,D,H,
2023-11-12,Ligue1,Metz,Nantes,1420.68,1463.77,69.74,63.48,0.50974,H,H,1.0
2023-11-12,Ligue1,Clermont,Lorient,1482.41,1489.88,63.89,63.44,0.559717,H,H,1.0
2023-11-12,Ligue1,Lens,Marseille,1639.66,1594.07,64.57,64.69,0.631586,H,H,1.0
2023-11-12,Ligue1,Rennes,Lyon,1566.71,1512.93,63.87,63.37,0.642375,A,H,0.0
2023-11-24,Bundesliga,FC Koln,Bayern Munich,1441.27,1747.01,63.97,68.96,0.191841,A,A,1.0
2023-11-24,Ligue1,Paris SG,Monaco,1729.1,1622.46,66.93,64.12,0.707569,H,H,1.0
2023-11-24,LaLiga,Alaves,Granada,1390.89,1389.4,69.6,68.46,0.571906,H,H,1.0
2023-11-25,Ligue1,Strasbourg,Marseille,1489.44,1585.43,63.57,64.5,0.435522,D,A,
2023-11-25,Bundesliga,Ein Frankfurt,Stuttgart,1549.2,1505.37,63.6,64.09,0.629316,A,H,0.0
2023-11-25,EPL,Newcastle,Chelsea,1610.92,1519.29,64.17,63.94,0.689754,H,H,1.0
2023-11-25,EPL,Nott'm Forest,Brighton,1456.01,1563.24,68.41,64.39,0.420001,A,A,1.0
2023-11-25,EPL,Sheffield United,Bournemouth,1282.9,1413.45,84.25,67.81,0.388568,A,A,1.0
2023-11-25,EPL,Brentford,Arsenal,1547.61,1688.74,63.99,66.57,0.37442,A,A,1.0
2023-11-25,Bundesliga,Wolfsburg,RB Leipzig,1492.57,1651.0,63.59,65.71,0.351832,H,A,0.0
2023-11-25,Bundesliga,Werder Bremen,Leverkusen,1401.89,1649.78,66.0,64.5,0.246748,A,A,1.0
2023-11-25,Bundesliga,Union Berlin,Augsburg,1496.28,1426.93,64.66,64.58,0.662188,D,H,
2023-11-25,Bundesliga,Freiburg,Darmstadt,1543.75,1371.53,64.33,102.43,0.771454,D,H,
2023-11-25,EPL,Man City,Liverpool,1776.27,1695.49,70.54,66.65,0.676232,D,H,
2023-11-25,SerieA,Milan,Fiorentina,1665.11,1575.29,66.54,63.98,0.687566,H,H,1.0
2023-11-25,SerieA,Atalanta,Napoli,1581.48,1690.7,63.87,68.56,0.417477,A,A,1.0
2023-11-25,SerieA,Salernitana,Lazio,1407.33,1623.12,64.73,64.34,0.2819,H,A,0.0
2023-11-25,EPL,Luton,Crystal Palace,1343.39,1484.33,103.67,63.33,0.37443,H,A,0.0
2023-11-25,EPL,Burnley,West Ham,1353.04,1487.86,69.91,64.04,0.382604,A,A,1.0
2023-11-25,Ligue1,Clermont,Lens,1492.49,1648.28,63.7,64.39,0.355112,A,A,1.0
2023-11-25,LaLiga,Ath Madrid,Mallorca,1708.01,1462.94,66.44,63.8,0.840871,H,H,1.0
2023-11-25,LaLiga,Getafe,Almeria,1488.22,1361.25,63.31,66.7,0.730398,H,H,1.0
2023-11-25,LaLiga,Valencia,Celta,1484.51,1422.41,63.52,63.88,0.653037,D,H,
2023-11-25,LaLiga,Vallecano,Barcelona,1503.26,1723.31,63.47,67.61,0.277464,D,A,
2023-11-25,Bundesliga,Dortmund,M'gladbach,1665.06,1484.08,66.44,63.71,0.786383,H,H,1.0
2023-11-26,Bundesliga,Heidenheim,Bochum,1410.07,1435.13,103.75,64.94,0.535087,D,H,
2023-11-26,Bundesliga,Hoffenheim,Mainz,1485.77,1456.58,63.76,63.94,0.609872,D,H,
2023-11-26,SerieA,Frosinone,Genoa,1493.49,1423.98,97.55,69.63,0.661892,H,H,1.0
2023-11-26,EPL,Everton,Man United,1449.59,1615.73,64.6,65.02,0.341913,A,A,1.0
2023-11-26,EPL,Tottenham,Aston Villa,1603.8,1596.42,64.27,63.79,0.58024,A,H,0.0
2023-11-26,Ligue1,Montpellier,Brest,1500.99,1515.09,63.61,63.61,0.550464,A,H,0.0
2023-11-26,Ligue1,Nantes,Le Havre,1452.73,1535.45,63.3,96.0,0.455083,D,A,
2023-11-26,SerieA,Juventus,Inter,1685.1,1719.8,65.43,66.45,0.521532,D,H,
2023-11-26,SerieA,Roma,Udinese,1571.34,1469.26,63.91,64.07,0.702226,H,H,1.0
2023-11-26,SerieA,Empoli,Sassuolo,1448.55,1477.01,64.78,63.81,0.530339,A,H,0.0
2023-11-26,SerieA,Cagliari,Monza,1390.32,1540.45,70.69,66.66,0.362649,D,A,
2023-11-26,Ligue1,Rennes,Reims,1551.98,1536.43,63.74,63.02,0.591459,H,H,1.0
2023-11-26,Ligue1,Lyon,Lille,1527.44,1619.09,63.27,63.96,0.441519,A,A,1.0
2023-11-26,LaLiga,Betis,Las Palmas,1583.87,1528.19,63.49,95.42,0.641586,H,H,1.0
2023-11-26,LaLiga,Cadiz,Real Madrid,1446.91,1730.44,63.53,67.36,0.211722,A,A,1.0
2023-11-26,LaLiga,Sociedad,Sevilla,1624.1,1521.27,64.22,63.47,0.703158,H,H,1.0
2023-11-26,LaLiga,Villarreal,Osasuna,1522.49,1485.03,63.42,63.11,0.620957,H,H,1.0
2023-11-26,Ligue1,Lorient,Metz,1479.93,1433.91,63.27,69.15,0.63179,A,H,0.0
2023-11-26,Ligue1,Nice,Toulouse,1636.14,1485.43,63.19,66.13,0.755984,H,H,1.0
2023-11-27,SerieA,Bologna,Torino,1561.33,1528.29,63.35,63.61,0.615042,H,H,1.0
2023-11-27,SerieA,Verona,Lecce,1406.07,1449.13,64.35,67.53,0.509757,D,H,
2023-11-27,LaLiga,Girona,Ath Bilbao,1614.65,1546.64,66.05,63.33,0.660604,D,H,
2023-11-27,EPL,Fulham,Wolves,1461.81,1477.0,65.55,64.14,0.548936,H,H,1.0
2023-11-29,LaLiga,Mallorca,Cadiz,1459.25,1442.08,64.08,63.68,0.593638,D,H,
2023-11-29,Ligue1,Montpellier,Clermont,1488.49,1484.39,63.43,63.59,0.575731,D,H,
2023-12-01,SerieA,Monza,Juventus,1537.06,1684.59,66.37,65.13,0.365907,A,A,1.0
2023-12-01,Ligue1,Reims,Strasbourg,1527.31,1490.9,62.9,63.39,0.61955,H,H,1.0
2023-12-01,Bundesliga,Darmstadt,FC Koln,1387.22,1436.83,100.08,64.15,0.500551,A,H,0.0
2023-12-01,LaLiga,Las Palmas,Getafe,1510.88,1494.32,92.92,63.35,0.592829,H,H,1.0
2023-12-02,Bundesliga,M'gladbach,Hoffenheim,1479.17,1483.27,63.85,63.61,0.564391,H,H,1.0
2023-12-02,SerieA,Genoa,Empoli,1414.98,1436.09,69.24,64.52,0.540634,D,H,
2023-12-02,EPL,Arsenal,Wolves,1698.01,1466.61,66.27,63.93,0.830272,H,H,1.0
2023-12-02,EPL,Brentford,Luton,1539.01,1378.84,63.84,100.22,0.760043,H,H,1.0
2023-12-02,EPL,Burnley,Sheffield United,1342.65,1267.95,69.39,82.68,0.666927,H,H,1.0
2023-12-02,EPL,Nott'm Forest,Everton,1445.07,1441.58,67.95,64.46,0.574858,A,H,0.0
2023-12-02,EPL,Newcastle,Man United,1618.11,1623.84,64.1,64.85,0.562081,H,H,1.0
2023-12-02,Bundesliga,Bochum,Wolfsburg,1435.91,1507.3,64.74,63.49,0.46987,H,A,0.0
2023-12-02,Ligue1,Nantes,Nice,1453.72,1641.65,63.18,63.29,0.314655,H,A,0.0
2023-12-02,Ligue1,Lens,Lyon,1656.55,1517.51,64.24,63.11,0.744018,H,H,1.0
2023-12-02,LaLiga,Osasuna,Sociedad,1476.54,1630.99,63.0,64.16,0.356827,D,A,
2023-12-02,LaLiga,Real Madrid,Granada,1735.84,1378.27,67.34,68.0,0.908325,H,H,1.0
2023-12-02,LaLiga,Ath Bilbao,Vallecano,1550.26,1508.31,63.26,63.49,0.626877,H,H,1.0
2023-12-02,LaLiga,Girona,Valencia,1610.72,1481.04,65.82,63.42,0.733807,H,H,1.0
2023-12-02,SerieA,Lazio,Cagliari,1606.38,1394.13,64.3,70.15,0.813596,H,H,1.0
2023-12-02,SerieA,Milan,Frosinone,1672.86,1510.61,66.33,94.93,0.763124,H,H,1.0
2023-12-02,Bundesliga,Stuttgart,Werder Bremen,1519.89,1395.84,63.94,65.96,0.727243,H,H,1.0
2023-12-02,Bundesliga,RB Leipzig,Heidenheim,1635.31,1408.09,65.48,100.06,0.820682,H,H,1.0
2023-12-03,SerieA,Fiorentina,Salernitana,1568.1,1424.27,63.91,64.67,0.74894,H,H,1.0
2023-12-03,SerieA,Udinese,Verona,1462.37,1405.84,64.01,64.12,0.645869,D,H,
2023-12-03,EPL,Chelsea,Brighton,1512.15,1572.98,63.88,64.18,0.484742,H,A,0.0
2023-12-03,SerieA,Lecce,Bologna,1449.38,1570.01,67.1,63.22,0.401642,D,A,
2023-12-03,Bundesliga,Augsburg,Ein Frankfurt,1430.72,1534.9,64.44,63.48,0.424161,H,A,0.0
2023-12-03,EPL,Man City,Tottenham,1771.39,1590.37,70.07,64.06,0.786376,D,H,
2023-12-03,EPL,West Ham,Crystal Palace,1496.65,1470.72,63.89,63.26,0.605518,D,H,
2023-12-03,Ligue1,Marseille,Rennes,1583.93,1561.3,64.27,63.58,0.601043,H,H,1.0
2023-12-03,Ligue1,Lille,Metz,1629.22,1450.75,63.76,68.7,0.783298,H,H,1.0
2023-12-03,Ligue1,Toulouse,Lorient,1479.42,1465.76,66.08,63.17,0.588881,D,H,
2023-12-03,Ligue1,Monaco,Montpellier,1615.69,1486.78,64.08,63.27,0.732969,H,H,1.0
2023-12-03,Ligue1,Brest,Clermont,1527.58,1486.11,63.42,63.42,0.626263,H,H,1.0
2023-12-03,Ligue1,Le Havre,Paris SG,1533.19,1736.45,93.2,66.73,0.296697,A,A,1.0
2023-12-03,EPL,Liverpool,Fulham,1699.85,1472.64,66.42,65.25,0.826719,H,H,1.0
2023-12-03,SerieA,Sassuolo,Roma,1489.11,1578.19,63.61,63.87,0.445097,A,A,1.0
2023-12-03,SerieA,Napoli,Inter,1701.62,1720.33,68.09,66.09,0.543948,A,H,0.0
2023-12-03,EPL,Bournemouth,Aston Villa,1423.31,1609.66,67.44,63.61,0.316616,D,A,
2023-12-03,LaLiga,Almeria,Betis,1354.52,1591.81,66.56,63.42,0.257893,D,A,
2023-12-03,LaLiga,Barcelona,Ath Madrid,1717.59,1711.99,67.4,66.61,0.577654,H,H,1.0
2023-12-03,LaLiga,Sevilla,Villarreal,1514.53,1531.06,63.46,63.3,0.547089,D,H,
2023-12-03,LaLiga,Mallorca,Alaves,1457.1,1402.38,63.9,69.06,0.643102,D,H,
2023-12-03,Bundesliga,Leverkusen,Dortmund,1655.58,1670.39,64.52,66.46,0.54939,D,H,
2023-12-03,Bundesliga,Mainz,Freiburg,1459.1,1537.58,63.78,64.44,0.459941,A,A,1.0
2023-12-04,SerieA,Torino,Atalanta,1519.54,1571.95,63.46,63.69,0.496596,H,A,0.0
2023-12-04,LaLiga,Celta,Cadiz,1425.92,1444.21,63.76,63.52,0.544622,D,H,
2023-12-05,EPL,Wolves,Burnley,1462.66,1351.48,64.17,69.0,0.712261,H,H,1.0
2023-12-05,EPL,Luton,Arsenal,1366.17,1702.24,97.96,66.41,0.166406,A,A,1.0
2023-12-06,EPL,Brighton,Brentford,1561.09,1544.4,63.96,63.95,0.592964,H,H,1.0
2023-12-06,Ligue1,Marseille,Lyon,1593.17,1511.75,64.08,63.19,0.677382,H,H,1.0
2023-12-06,EPL,Fulham,Nott'm Forest,1468.46,1430.3,65.43,67.51,0.62158,H,H,1.0
2023-12-06,EPL,Sheffield United,Liverpool,1255.6,1704.17,81.38,66.55,0.095796,A,A,1.0
2023-12-06,EPL,Aston Villa,Man City,1605.5,1763.5,63.56,69.91,0.352764,H,A,0.0
2023-12-06,EPL,Man United,Chelsea,1613.53,1523.94,64.6,63.67,0.687327,H,H,1.0
2023-12-06,EPL,Crystal Palace,Bournemouth,1473.09,1427.98,63.13,67.17,0.630759,A,H,0.0
2023-12-07,EPL,Tottenham,West Ham,1596.98,1494.23,64.19,63.72,0.703046,A,H,0.0
2023-12-07,Ligue1,Brest,Strasbourg,1536.04,1482.31,63.3,63.27,0.642317,D,H,
2023-12-07,EPL,Everton,Newcastle,1454.92,1628.19,64.24,63.89,0.33283,H,A,0.0
2023-12-08,LaLiga,Getafe,Valencia,1485.28,1474.99,63.24,63.46,0.584248,H,H,1.0
2023-12-08,Ligue1,Montpellier,Lens,1480.74,1662.51,63.31,64.26,0.322297,D,A,
2023-12-08,Bundesliga,Hoffenheim,Bochum,1473.38,1448.35,63.43,64.48,0.604228,H,H,1.0
2023-12-08,SerieA,Juventus,Napoli,1693.28,1687.6,64.92,67.63,0.577707,H,H,1.0
2023-12-09,EPL,Crystal Palace,Liverpool,1458.98,1706.62,63.04,66.94,0.247342,A,A,1.0
2023-12-09,LaLiga,Alaves,Las Palmas,1406.19,1529.71,68.63,90.51,0.399692,A,A,1.0
2023-12-09,EPL,Aston Villa,Arsenal,1620.15,1706.43,63.46,66.58,0.4491,H,A,0.0
2023-12-09,EPL,Wolves,Nott'm Forest,1469.32,1420.68,64.14,67.15,0.635371,D,H,
2023-12-09,Ligue1,Rennes,Monaco,1552.25,1621.88,63.43,64.08,0.47234,A,A,1.0
2023-12-09,Ligue1,Paris SG,Nantes,1743.8,1469.14,66.58,63.15,0.86205,H,H,1.0
2023-12-09,EPL,Sheffield United,Brentford,1252.04,1535.06,81.3,63.78,0.211699,H,A,0.0
2023-12-09,EPL,Man United,Bournemouth,1620.87,1443.9,64.5,66.84,0.78213,A,H,0.0
2023-12-09,EPL,Brighton,Burnley,1570.43,1343.83,63.78,68.7,0.825731,D,H,
2023-12-09,Bundesliga,Dortmund,RB Leipzig,1671.6,1639.55,66.1,65.67,0.613582,A,H,0.0
2023-12-09,Bundesliga,Wolfsburg,Freiburg,1495.32,1548.27,63.31,64.2,0.495834,A,A,1.0
2023-12-09,Bundesliga,Union Berlin,M'gladbach,1492.47,1489.13,64.51,63.66,0.574682,H,H,1.0
2023-12-09,Bundesliga,Heidenheim,Darmstadt,1398.64,1360.77,98.36,96.8,0.618579,H,H,1.0
2023-12-09,LaLiga,Mallorca,Sevilla,1453.82,1513.47,63.78,63.28,0.486399,H,A,0.0
2023-12-09,Bundesliga,Ein Frankfurt,Bayern Munich,1521.88,1752.13,63.32,68.93,0.266266,H,A,0.0
2023-12-09,SerieA,Inter,Udinese,1733.57,1459.01,65.76,63.88,0.861883,H,H,1.0
2023-12-09,LaLiga,Betis,Real Madrid,1586.33,1738.21,63.48,67.72,0.360461,D,A,
2023-12-09,LaLiga,Villarreal,Sociedad,1532.12,1627.68,63.13,64.02,0.436097,A,A,1.0
2023-12-09,SerieA,Verona,Lazio,1409.21,1610.73,63.98,64.49,0.298483,D,A,
2023-12-09,Bundesliga,Werder Bremen,Augsburg,1389.17,1444.12,65.85,64.22,0.493014,H,A,0.0
2023-12-09,SerieA,Atalanta,Milan,1560.5,1678.61,63.49,66.33,0.405245,H,A,0.0
2023-12-10,SerieA,Frosinone,Torino,1499.27,1530.91,93.13,63.28,0.525872,D,H,
2023-12-10,EPL,Tottenham,Newcastle,1580.66,1612.87,64.13,63.79,0.525072,H,H,1.0
2023-12-10,EPL,Luton,Man City,1357.45,1745.87,96.47,69.43,0.129829,A,A,1.0
2023-12-10,EPL,Fulham,West Ham,1477.52,1510.31,65.19,63.69,0.524246,H,H,1.0
2023-12-10,LaLiga,Ath Madrid,Almeria,1701.55,1360.56,66.27,66.46,0.900454,H,H,1.0
2023-12-10,EPL,Everton,Chelsea,1470.4,1516.8,64.13,63.61,0.505085,H,H,1.0
2023-12-10,Ligue1,Nice,Reims,1626.17,1535.78,63.25,62.8,0.688389,H,H,1.0
2023-12-10,Ligue1,Strasbourg,Le Havre,1485.51,1519.31,63.17,91.16,0.522386,H,H,1.0
2023-12-10,Ligue1,Metz,Brest,1445.02,1532.83,68.6,63.21,0.446851,A,A,1.0
2023-12-10,Ligue1,Lyon,Toulouse,1504.49,1477.25,63.15,65.77,0.607118,H,H,1.0
2023-12-10,Ligue1,Lorient,Marseille,1467.74,1600.62,63.04,63.99,0.385195,A,A,1.0
2023-12-10,LaLiga,Barcelona,Girona,1728.27,1617.22,67.01,65.74,0.712503,A,H,0.0
2023-12-10,SerieA,Roma,Fiorentina,1588.37,1573.89,63.67,63.96,0.589959,D,H,
2023-12-10,SerieA,Salernitana,Bologna,1418.35,1567.81,64.68,63.09,0.363223,A,A,1.0
2023-12-10,SerieA,Monza,Genoa,1528.05,1413.9,66.09,68.7,0.715701,H,H,1.0
2023-12-10,Bundesliga,FC Koln,Mainz,1448.08,1448.62,63.98,63.58,0.569323,D,H,
2023-12-10,Bundesliga,Stuttgart,Leverkusen,1526.17,1654.43,63.94,64.29,0.391414,D,A,
2023-12-10,Ligue1,Clermont,Lille,1477.66,1634.2,63.3,63.89,0.354103,D,A,
2023-12-10,LaLiga,Cadiz,Osasuna,1445.22,1479.74,63.34,62.93,0.521831,D,H,
2023-12-11,LaLiga,Vallecano,Celta,1499.86,1424.91,63.37,63.57,0.66931,D,H,
2023-12-11,SerieA,Empoli,Lecce,1437.03,1451.85,64.29,66.73,0.549369,D,H,
2023-12-11,SerieA,Cagliari,Sassuolo,1388.99,1479.01,70.08,63.43,0.443781,H,A,0.0
2023-12-11,LaLiga,Granada,Ath Bilbao,1375.86,1558.65,68.37,63.15,0.32093,D,A,
2023-12-15,EPL,Nott'm Forest,Tottenham,1424.1,1591.61,66.83,63.91,0.34008,A,A,1.0
2023-12-15,Bundesliga,M'gladbach,Werder Bremen,1479.46,1401.45,63.49,65.52,0.672932,D,H,
2023-12-15,LaLiga,Osasuna,Vallecano,1480.23,1496.03,62.77,63.31,0.548101,H,H,1.0
2023-12-15,Ligue1,Monaco,Lyon,1632.75,1513.28,63.86,63.03,0.72244,A,H,0.0
2023-12-15,SerieA,Genoa,Juventus,1406.4,1703.22,68.43,64.68,0.199124,D,A,
2023-12-16,EPL,Chelsea,Sheffield United,1505.57,1280.88,63.42,80.54,0.822293,H,H,1.0
2023-12-16,EPL,Burnley,Everton,1352.53,1481.81,68.73,63.9,0.390018,A,A,1.0
2023-12-16,Ligue1,Lens,Reims,1658.38,1528.84,64.16,62.79,0.733719,H,H,1.0
2023-12-16,Ligue1,Le Havre,Nice,1498.06,1633.21,88.83,63.22,0.382115,H,A,0.0
2023-12-16,SerieA,Torino,Empoli,1531.47,1435.89,63.15,64.06,0.694492,H,H,1.0
2023-12-16,SerieA,Napoli,Cagliari,1676.85,1404.15,67.22,69.49,0.859849,H,H,1.0
2023-12-16,SerieA,Lecce,Frosinone,1453.08,1498.07,66.36,90.6,0.506935,H,H,1.0
2023-12-16,LaLiga,Celta,Granada,1428.76,1380.54,63.49,68.03,0.63475,H,H,1.0
2023-12-16,LaLiga,Ath Bilbao,Ath Madrid,1554.65,1704.04,63.11,66.66,0.363612,H,A,0.0
2023-12-16,EPL,Newcastle,Fulham,1602.04,1488.82,63.59,64.91,0.715089,H,H,1.0
2023-12-16,Bundesliga,Augsburg,Dortmund,1432.43,1656.63,63.99,65.81,0.272574,D,A,
2023-12-16,Bundesliga,Bochum,Union Berlin,1439.12,1502.39,64.28,64.29,0.481304,H,A,0.0
2023-12-16,Bundesliga,Darmstadt,Wolfsburg,1342.15,1484.17,94.23,63.13,0.372993,A,A,1.0
2023-12-16,Bundesliga,Mainz,Heidenheim,1450.19,1417.83,63.41,95.63,0.611508,A,H,0.0
2023-12-16,Bundesliga,RB Leipzig,Hoffenheim,1654.34,1482.32,65.41,63.29,0.777825,H,H,1.0
2023-12-16,LaLiga,Sevilla,Getafe,1501.93,1494.62,63.1,63.1,0.580166,A,H,0.0
2023-12-16,LaLiga,Valencia,Barcelona,1465.59,1710.34,63.3,66.82,0.250354,D,A,
2023-12-16,EPL,Man City,Crystal Palace,1749.46,1453.43,69.61,63.14,0.875781,D,H,
2023-12-17,EPL,Arsenal,Brighton,1692.79,1562.92,66.21,64.02,0.73394,H,H,1.0
2023-12-17,Ligue1,Lille,Paris SG,1630.85,1747.27,63.77,66.81,0.407561,D,A,
2023-12-17,Ligue1,Marseille,Clermont,1609.48,1480.95,63.82,63.21,0.732557,H,H,1.0
2023-12-17,Ligue1,Toulouse,Rennes,1467.75,1541.59,65.49,63.25,0.46641,D,A,
2023-12-17,Ligue1,Metz,Montpellier,1433.32,1484.75,68.11,63.26,0.497978,A,A,1.0
2023-12-17,EPL,Liverpool,Man United,1712.84,1602.49,66.85,64.59,0.711819,D,H,
2023-12-17,EPL,West Ham,Wolves,1499.5,1466.2,63.49,63.99,0.615369,H,H,1.0
2023-12-17,EPL,Brentford,Aston Villa,1517.16,1632.58,63.93,63.29,0.408733,A,A,1.0
2023-12-17,LaLiga,Las Palmas,Cadiz,1547.19,1444.73,88.37,63.16,0.702771,D,H,
2023-12-17,Ligue1,Nantes,Brest,1466.0,1542.82,63.51,63.06,0.462217,A,A,1.0
2023-12-17,Bundesliga,Bayern Munich,Stuttgart,1732.58,1528.66,68.68,63.77,0.807309,H,H,1.0
2023-12-17,LaLiga,Almeria,Mallorca,1358.05,1465.54,66.84,63.57,0.419605,D,A,
2023-12-17,LaLiga,Sociedad,Betis,1637.7,1589.48,63.81,63.38,0.635127,D,H,
2023-12-17,Ligue1,Lorient,Strasbourg,1459.14,1496.01,62.93,63.05,0.518518,A,H,0.0
2023-12-17,LaLiga,Real Madrid,Villarreal,1734.62,1522.36,67.37,62.98,0.814639,H,H,1.0
2023-12-17,Bundesliga,Freiburg,FC Koln,1559.72,1446.48,63.97,63.79,0.715246,H,H,1.0
2023-12-17,Bundesliga,Leverkusen,Ein Frankfurt,1651.91,1538.45,64.1,63.37,0.715551,H,H,1.0
2023-12-17,SerieA,Fiorentina,Verona,1575.95,1413.85,63.78,63.93,0.767911,H,H,1.0
2023-12-17,SerieA,Udinese,Sassuolo,1455.8,1466.5,64.22,63.27,0.55522,D,H,
2023-12-17,SerieA,Bologna,Roma,1575.94,1586.33,63.0,63.5,0.555656,H,H,1.0
2023-12-17,SerieA,Lazio,Inter,1606.02,1736.96,64.41,66.03,0.387919,A,A,1.0
2023-12-17,SerieA,Milan,Monza,1663.98,1535.0,66.01,65.97,0.732708,H,H,1.0
2023-12-18,LaLiga,Girona,Alaves,1634.49,1395.9,65.62,68.22,0.835296,H,H,1.0
2023-12-18,SerieA,Atalanta,Salernitana,1573.94,1409.82,63.35,64.5,0.769866,H,H,1.0
2023-12-19,Bundesliga,Werder Bremen,RB Leipzig,1405.62,1659.71,65.34,65.45,0.240431,D,A,
2023-12-19,Bundesliga,Hoffenheim,Darmstadt,1477.27,1324.41,63.43,91.78,0.754204,D,H,
2023-12-19,Bundesliga,Dortmund,Mainz,1651.08,1436.68,65.72,63.33,0.816405,D,H,
2023-12-19,LaLiga,Granada,Sevilla,1371.12,1488.95,67.65,62.96,0.405433,A,A,1.0
2023-12-19,LaLiga,Ath Madrid,Getafe,1688.21,1507.6,66.36,62.96,0.786135,D,H,
2023-12-19,LaLiga,Vallecano,Valencia,1485.86,1471.23,63.14,63.38,0.590177,A,H,0.0
2023-12-20,Bundesliga,Ein Frankfurt,M'gladbach,1532.0,1475.54,63.37,63.42,0.645835,H,H,1.0
2023-12-20,LaLiga,Barcelona,Almeria,1704.06,1360.06,66.72,66.48,0.901962,H,H,1.0
2023-12-20,Ligue1,Brest,Lorient,1553.14,1447.6,62.9,62.78,0.70643,H,H,1.0
2023-12-20,Ligue1,Clermont,Rennes,1474.91,1540.84,63.26,63.08,0.477539,A,A,1.0
2023-12-20,Ligue1,Lyon,Nantes,1529.49,1455.54,63.06,63.32,0.668086,H,H,1.0
2023-12-20,Ligue1,Montpellier,Marseille,1495.91,1615.63,63.09,63.84,0.402906,D,A,
2023-12-20,Ligue1,Nice,Lens,1619.6,1664.57,63.14,64.16,0.5071,H,H,1.0
2023-12-20,Ligue1,Paris SG,Metz,1744.96,1420.46,66.46,67.63,0.891658,H,H,1.0
2023-12-20,Bundesliga,Heidenheim,Freiburg,1447.81,1566.29,93.0,63.95,0.40459,H,A,0.0
2023-12-20,Ligue1,Reims,Le Havre,1522.9,1524.37,62.86,86.86,0.566929,H,H,1.0
2023-12-20,Ligue1,Toulouse,Monaco,1468.55,1616.12,65.19,63.86,0.365755,A,A,1.0
2023-12-20,Bundesliga,Wolfsburg,Bayern Munich,1492.41,1737.7,63.07,68.65,0.250038,A,A,1.0
2023-12-20,Bundesliga,Stuttgart,Augsburg,1524.21,1437.67,63.96,63.99,0.683578,H,H,1.0
2023-12-20,LaLiga,Villarreal,Celta,1518.17,1437.02,63.22,63.38,0.677036,H,H,1.0
2023-12-20,Bundesliga,Leverkusen,Bochum,1658.5,1451.13,64.07,64.05,0.810284,H,H,1.0
2023-12-20,Bundesliga,Union Berlin,FC Koln,1490.39,1439.95,64.06,63.77,0.637992,H,H,1.0
2023-12-20,Ligue1,Strasbourg,Lille,1507.58,1632.95,62.89,63.6,0.395253,H,A,0.0
2023-12-20,LaLiga,Ath Bilbao,Las Palmas,1568.89,1538.58,63.03,86.73,0.60962,H,H,1.0
2023-12-21,LaLiga,Cadiz,Sociedad,1449.14,1634.61,63.18,63.68,0.317704,D,A,
2023-12-21,LaLiga,Alaves,Real Madrid,1391.58,1739.38,68.3,67.42,0.15758,A,A,1.0
2023-12-21,LaLiga,Mallorca,Osasuna,1463.72,1490.23,63.41,62.64,0.533108,H,H,1.0
2023-12-21,LaLiga,Betis,Girona,1592.53,1638.5,63.27,65.81,0.505681,D,H,
2023-12-21,EPL,Crystal Palace,Brighton,1461.94,1556.77,63.54,64.03,0.43711,D,A,
2023-12-22,EPL,Aston Villa,Sheffield United,1641.78,1274.56,63.15,80.0,0.911155,D,H,
2023-12-22,SerieA,Empoli,Lazio,1428.83,1597.0,64.0,64.23,0.339275,A,A,1.0
2023-12-22,SerieA,Sassuolo,Genoa,1467.74,1414.34,63.11,68.39,0.641456,A,H,0.0
2023-12-22,SerieA,Monza,Fiorentina,1528.47,1581.29,65.88,63.87,0.496016,A,A,1.0
2023-12-22,SerieA,Salernitana,Milan,1404.41,1670.52,64.56,65.92,0.228342,D,A,
2023-12-23,LaLiga,Ath Madrid,Sevilla,1681.1,1497.96,66.37,62.85,0.788533,H,H,1.0
2023-12-23,SerieA,Frosinone,Juventus,1476.4,1696.12,88.33,64.81,0.277485,A,A,1.0
2023-12-23,SerieA,Bologna,Atalanta,1585.85,1579.17,62.86,63.46,0.579288,H,H,1.0
2023-12-23,SerieA,Torino,Udinese,1538.34,1454.52,63.13,64.0,0.680243,D,H,
2023-12-23,SerieA,Inter,Lecce,1746.42,1464.98,65.74,66.04,0.86615,H,H,1.0
2023-12-23,SerieA,Verona,Cagliari,1408.49,1400.33,64.02,69.61,0.581005,H,H,1.0
2023-12-23,SerieA,Roma,Napoli,1576.27,1680.43,63.33,67.43,0.424368,H,A,0.0
2023-12-23,EPL,West Ham,Man United,1508.21,1607.45,63.36,64.53,0.431017,H,A,0.0
2023-12-23,EPL,Nott'm Forest,Bournemouth,1415.6,1463.6,66.55,66.83,0.502814,A,H,0.0
2023-12-23,EPL,Tottenham,Everton,1599.41,1490.73,63.8,63.75,0.709984,H,H,1.0
2023-12-23,EPL,Luton,Newcastle,1350.8,1608.54,95.44,63.59,0.23646,H,A,0.0
2023-12-23,EPL,Fulham,Burnley,1482.07,1342.27,64.83,68.28,0.744174,A,H,0.0
2023-12-23,EPL,Liverpool,Arsenal,1707.53,1699.35,66.66,66.11,0.581219,D,H,
2023-12-24,EPL,Wolves,Chelsea,1457.36,1509.59,63.83,63.67,0.496852,H,A,0.0
2023-12-26,EPL,Man United,Aston Villa,1594.18,1632.47,64.3,63.68,0.516501,H,H,1.0
2023-12-26,EPL,Bournemouth,Fulham,1476.1,1464.47,66.44,64.83,0.586004,H,H,1.0
2023-12-26,EPL,Newcastle,Nott'm Forest,1591.58,1403.2,63.7,66.18,0.792972,A,H,0.0
2023-12-26,EPL,Sheffield United,Luton,1289.5,1388.52,80.03,93.56,0.432785,A,A,1.0
2023-12-26,EPL,Burnley,Liverpool,1361.74,1705.52,68.09,66.32,0.16045,A,A,1.0
2023-12-27,EPL,Everton,Man City,1484.08,1739.13,63.73,69.79,0.24005,A,A,1.0
2023-12-27,EPL,Brentford,Wolves,1507.79,1468.85,63.75,63.62,0.622892,A,H,0.0
2023-12-27,EPL,Chelsea,Crystal Palace,1498.15,1463.36,63.48,63.36,0.617393,H,H,1.0
2023-12-28,EPL,Brighton,Tottenham,1555.32,1606.07,63.83,63.78,0.498949,H,A,0.0
2023-12-28,EPL,Arsenal,West Ham,1701.33,1521.03,65.8,63.2,0.785809,A,H,0.0
2023-12-29,SerieA,Napoli,Monza,1665.83,1516.45,67.02,65.55,0.754674,D,H,
2023-12-29,SerieA,Genoa,Inter,1431.09,1749.7,68.0,66.03,0.180436,D,A,
2023-12-29,SerieA,Lazio,Frosinone,1604.86,1464.62,64.1,86.78,0.741893,H,H,1.0
2023-12-29,SerieA,Fiorentina,Torino,1592.62,1534.29,63.66,63.1,0.648273,H,H,1.0
2023-12-30,SerieA,Cagliari,Empoli,1389.06,1421.02,69.07,63.89,0.525426,D,H,
2023-12-30,SerieA,Udinese,Bologna,1458.68,1595.19,63.91,62.73,0.380265,H,A,0.0
2023-12-30,SerieA,Juventus,Roma,1702.66,1589.2,64.78,63.18,0.715562,H,H,1.0
2023-12-30,SerieA,Milan,Sassuolo,1663.86,1453.41,65.92,63.03,0.813085,H,H,1.0
2023-12-30,SerieA,Atalanta,Lecce,1569.65,1461.66,63.3,66.32,0.708885,H,H,1.0
2023-12-30,EPL,Man City,Sheffield United,1745.66,1274.67,69.56,78.81,0.948311,H,H,1.0
2023-12-30,SerieA,Verona,Salernitana,1418.08,1410.8,63.83,64.63,0.58006,A,H,0.0
2023-12-30,EPL,Crystal Palace,Brentford,1454.73,1493.57,63.24,63.61,0.515739,H,H,1.0
2023-12-30,EPL,Aston Villa,Burnley,1621.49,1357.54,63.48,68.2,0.854001,H,H,1.0
2023-12-30,EPL,Luton,Chelsea,1408.53,1506.81,91.11,63.35,0.432293,A,A,1.0
2023-12-30,EPL,Wolves,Everton,1483.01,1478.59,63.49,63.81,0.576169,H,H,1.0
2023-12-30,EPL,Nott'm Forest,Man United,1422.83,1605.37,66.23,64.07,0.321325,H,A,0.0
2023-12-31,EPL,Fulham,Arsenal,1454.74,1682.11,64.6,65.84,0.269056,H,A,0.0
2023-12-31,EPL,Tottenham,Bournemouth,1594.64,1486.3,63.58,66.11,0.709312,H,H,1.0
2024-01-01,EPL,Liverpool,Newcastle,1709.52,1573.36,66.49,63.86,0.740822,H,H,1.0
2024-01-02,EPL,West Ham,Brighton,1538.8,1566.76,63.36,63.62,0.53104,D,H,
2024-01-02,LaLiga,Valencia,Villarreal,1484.55,1525.45,63.23,63.17,0.512843,H,H,1.0
2024-01-02,LaLiga,Sociedad,Alaves,1630.44,1387.43,63.62,68.41,0.838665,D,H,
2024-01-02,LaLiga,Getafe,Vallecano,1514.01,1472.63,63.13,63.01,0.626167,A,H,0.0
2024-01-03,LaLiga,Granada,Cadiz,1360.77,1453.24,67.25,63.14,0.440349,H,A,0.0
2024-01-03,LaLiga,Celta,Betis,1429.71,1592.41,63.33,63.1,0.346122,H,A,0.0
2024-01-03,LaLiga,Real Madrid,Mallorca,1743.43,1474.26,67.56,63.23,0.858314,H,H,1.0
2024-01-03,LaLiga,Girona,Ath Madrid,1638.64,1686.36,65.49,66.39,0.503208,H,H,1.0
2024-01-04,LaLiga,Las Palmas,Barcelona,1522.76,1706.55,84.93,67.1,0.320115,A,A,1.0
2024-01-04,LaLiga,Sevilla,Ath Bilbao,1493.22,1577.48,63.03,62.95,0.451809,A,A,1.0
2024-01-04,LaLiga,Osasuna,Almeria,1479.94,1357.59,62.5,66.87,0.725224,H,H,1.0
2024-01-05,SerieA,Bologna,Genoa,1581.47,1439.43,62.65,68.04,0.746611,D,H,
2024-01-06,SerieA,Sassuolo,Fiorentina,1449.18,1600.64,63.26,63.55,0.360661,H,A,0.0
2024-01-06,SerieA,Lecce,Cagliari,1454.48,1388.39,66.16,68.54,0.657688,D,H,
2024-01-06,SerieA,Inter,Verona,1741.84,1404.83,66.15,63.65,0.898776,H,H,1.0
2024-01-06,SerieA,Frosinone,Monza,1454.12,1522.6,85.46,65.53,0.47399,A,A,1.0
2024-01-07,SerieA,Torino,Napoli,1526.41,1659.4,63.02,66.93,0.385248,H,A,0.0
2024-01-07,SerieA,Udinese,Lazio,1472.9,1610.76,63.76,64.15,0.378581,A,A,1.0
2024-01-07,SerieA,Salernitana,Juventus,1424.38,1709.38,64.4,64.71,0.209966,A,A,1.0
2024-01-07,SerieA,Empoli,Milan,1421.6,1668.46,63.69,66.03,0.248028,A,A,1.0
2024-01-07,SerieA,Roma,Atalanta,1582.79,1576.23,63.19,63.31,0.579141,D,H,
2024-01-12,Bundesliga,Bayern Munich,Hoffenheim,1744.3,1471.6,68.46,63.54,0.860678,H,H,1.0
2024-01-12,LaLiga,Sevilla,Alaves,1483.14,1396.41,62.88,68.5,0.683328,A,H,0.0
2024-01-12,Ligue1,Marseille,Strasbourg,1613.41,1521.03,63.67,62.78,0.690783,D,H,
2024-01-12,EPL,Burnley,Luton,1353.71,1389.28,68.35,88.83,0.519975,D,H,
2024-01-13,Bundesliga,Darmstadt,Dortmund,1336.27,1643.34,90.16,65.85,0.190234,A,A,1.0
2024-01-13,Bundesliga,RB Leipzig,Ein Frankfurt,1653.45,1540.0,65.44,63.28,0.71554,A,H,0.0
2024-01-13,SerieA,Monza,Inter,1533.82,1744.37,65.25,66.54,0.288174,A,A,1.0
2024-01-13,SerieA,Verona,Empoli,1402.48,1415.92,64.11,63.75,0.551393,H,H,1.0
2024-01-13,Bundesliga,FC Koln,Heidenheim,1431.68,1475.37,63.65,90.59,0.508722,D,H,
2024-01-13,Bundesliga,Mainz,Wolfsburg,1443.87,1486.8,63.56,63.16,0.509975,D,H,
2024-01-13,Bundesliga,Freiburg,Union Berlin,1552.95,1498.73,63.81,63.91,0.642904,D,H,
2024-01-13,Bundesliga,Augsburg,Leverkusen,1430.38,1662.92,63.92,64.25,0.263167,A,A,1.0
2024-01-13,EPL,Newcastle,Man City,1567.4,1747.08,63.89,70.07,0.325484,A,A,1.0
2024-01-13,SerieA,Genoa,Torino,1445.86,1540.11,67.87,62.92,0.437871,D,A,
2024-01-13,EPL,Chelsea,Fulham,1516.4,1471.92,63.22,64.57,0.630139,H,H,1.0
2024-01-13,SerieA,Napoli,Salernitana,1644.01,1419.45,66.59,64.51,0.824679,H,H,1.0
2024-01-13,Ligue1,Monaco,Reims,1624.5,1532.37,63.72,62.76,0.690485,A,H,0.0
2024-01-13,Ligue1,Rennes,Nice,1551.51,1630.63,62.92,62.98,0.458991,H,A,0.0
2024-01-13,LaLiga,Betis,Granada,1577.75,1374.88,63.03,66.85,0.805953,H,H,1.0
2024-01-13,LaLiga,Ath Bilbao,Sociedad,1587.53,1622.66,62.8,63.89,0.520959,H,H,1.0
2024-01-13,LaLiga,Mallorca,Celta,1471.03,1444.47,63.58,63.24,0.606371,D,H,
2024-01-13,LaLiga,Las Palmas,Villarreal,1510.2,1514.53,83.49,63.01,0.56409,H,H,1.0
2024-01-14,Bundesliga,Bochum,Werder Bremen,1446.71,1411.86,64.23,65.34,0.617333,D,H,
2024-01-14,Bundesliga,M'gladbach,Stuttgart,1467.53,1531.5,63.33,63.89,0.480302,H,A,0.0
2024-01-14,EPL,Everton,Aston Villa,1468.9,1624.83,63.63,63.81,0.354888,D,A,
2024-01-14,EPL,Man United,Tottenham,1589.73,1601.26,63.98,63.57,0.554059,D,H,
2024-01-14,LaLiga,Cadiz,Valencia,1440.74,1495.48,62.99,63.06,0.493311,A,A,1.0
2024-01-14,SerieA,Lazio,Lecce,1619.5,1450.63,63.99,65.93,0.77439,H,H,1.0
2024-01-14,Ligue1,Lens,Paris SG,1653.2,1747.69,63.93,66.81,0.437696,A,A,1.0
2024-01-14,Ligue1,Le Havre,Lyon,1506.76,1536.93,84.98,63.02,0.527958,H,H,1.0
2024-01-14,Ligue1,Nantes,Clermont,1448.04,1464.18,63.26,63.09,0.547638,A,H,0.0
2024-01-14,LaLiga,Almeria,Girona,1350.7,1650.53,66.71,65.18,0.196497,D,A,
2024-01-14,Ligue1,Brest,Montpellier,1559.71,1498.08,62.92,62.97,0.652516,H,H,1.0
2024-01-14,Ligue1,Lille,Lorient,1619.21,1441.07,63.45,62.8,0.783799,H,H,1.0
2024-01-14,SerieA,Cagliari,Bologna,1392.52,1576.01,68.16,62.75,0.320033,H,A,0.0
2024-01-14,SerieA,Fiorentina,Udinese,1586.12,1464.26,63.44,63.61,0.725061,D,H,
2024-01-14,SerieA,Milan,Roma,1674.55,1581.02,65.97,63.05,0.692143,H,H,1.0
2024-01-14,Ligue1,Metz,Toulouse,1417.65,1459.84,67.94,64.98,0.511008,A,H,0.0
2024-01-15,SerieA,Atalanta,Frosinone,1578.01,1435.42,63.15,83.67,0.744879,H,H,1.0
2024-01-16,SerieA,Juventus,Sassuolo,1714.35,1463.58,64.82,63.17,0.845224,H,H,1.0
2024-01-19,LaLiga,Alaves,Cadiz,1414.35,1429.75,68.16,62.83,0.548674,H,H,1.0
2024-01-20,SerieA,Udinese,Milan,1469.4,1682.07,63.63,65.8,0.285649,A,A,1.0
2024-01-20,SerieA,Roma,Verona,1574.12,1412.82,63.03,63.9,0.767116,H,H,1.0
2024-01-20,Bundesliga,RB Leipzig,Leverkusen,1636.21,1669.05,65.34,64.26,0.524178,A,H,0.0
2024-01-20,Bundesliga,FC Koln,Dortmund,1431.48,1648.02,63.49,65.97,0.281244,A,A,1.0
2024-01-20,Bundesliga,Freiburg,Hoffenheim,1549.68,1468.39,63.69,63.88,0.677154,H,H,1.0
2024-01-20,Bundesliga,Darmstadt,Ein Frankfurt,1327.79,1556.15,88.98,63.29,0.267636,D,A,
2024-01-20,Bundesliga,Bochum,Stuttgart,1444.0,1519.61,64.06,63.68,0.463938,H,A,0.0
2024-01-20,Bundesliga,Heidenheim,Wolfsburg,1475.76,1487.03,88.31,62.99,0.554446,D,H,
2024-01-20,EPL,Brentford,Nott'm Forest,1482.57,1439.52,63.42,66.02,0.628152,H,H,1.0
2024-01-20,EPL,Arsenal,Crystal Palace,1664.29,1465.59,65.75,63.07,0.802778,H,H,1.0
2024-01-20,LaLiga,Villarreal,Mallorca,1504.92,1468.61,62.89,63.43,0.619415,D,H,
2024-01-20,LaLiga,Vallecano,Las Palmas,1486.62,1526.7,62.91,81.89,0.513816,A,H,0.0
2024-01-20,LaLiga,Valencia,Ath Bilbao,1506.5,1598.14,62.89,62.65,0.441491,H,A,0.0
2024-01-20,LaLiga,Celta,Sociedad,1446.86,1611.7,63.11,63.68,0.343448,A,A,1.0
2024-01-21,SerieA,Lecce,Juventus,1445.1,1718.05,65.93,65.06,0.221509,A,A,1.0
2024-01-21,SerieA,Salernitana,Genoa,1415.3,1447.45,64.72,67.43,0.525104,A,H,0.0
2024-01-21,Bundesliga,Bayern Munich,Werder Bremen,1748.0,1414.67,68.62,65.11,0.896689,A,H,0.0
2024-01-21,Bundesliga,M'gladbach,Augsburg,1479.22,1424.31,63.15,63.94,0.643782,A,H,0.0
2024-01-21,EPL,Bournemouth,Liverpool,1479.17,1715.96,65.96,66.39,0.258812,A,A,1.0
2024-01-21,LaLiga,Osasuna,Getafe,1486.0,1499.97,62.57,63.02,0.550659,H,H,1.0
2024-01-21,SerieA,Empoli,Monza,1405.69,1526.93,63.56,65.16,0.400936,H,A,0.0
2024-01-21,LaLiga,Real Madrid,Almeria,1747.1,1358.32,67.75,66.76,0.922081,H,H,1.0
2024-01-21,SerieA,Frosinone,Cagliari,1425.72,1410.19,82.57,67.84,0.591155,H,H,1.0
2024-01-21,LaLiga,Betis,Barcelona,1582.12,1714.56,63.24,66.87,0.385988,A,A,1.0
2024-01-21,LaLiga,Girona,Sevilla,1643.24,1467.95,65.3,62.86,0.781058,H,H,1.0
2024-01-21,EPL,Sheffield United,West Ham,1272.88,1538.1,79.11,63.18,0.228871,D,A,
2024-01-22,EPL,Brighton,Wolves,1567.47,1492.6,63.43,63.33,0.669226,D,H,
2024-01-22,LaLiga,Granada,Ath Madrid,1369.99,1674.15,66.9,66.03,0.192795,A,A,1.0
2024-01-24,Bundesliga,Bayern Munich,Union Berlin,1723.99,1502.01,68.92,63.79,0.822667,H,H,1.0
2024-01-26,Bundesliga,Ein Frankfurt,Mainz,1551.07,1443.65,63.36,63.37,0.708558,H,H,1.0
2024-01-26,LaLiga,Almeria,Alaves,1356.34,1426.03,67.22,67.7,0.472325,A,A,1.0
2024-01-26,SerieA,Cagliari,Torino,1399.81,1538.74,67.46,62.78,0.377062,A,A,1.0
2024-01-26,Ligue1,Lyon,Rennes,1526.54,1563.54,62.89,62.77,0.518344,A,H,0.0
2024-01-27,Ligue1,Marseille,Monaco,1609.05,1608.69,63.62,63.67,0.570557,D,H,
2024-01-27,SerieA,Atalanta,Udinese,1583.69,1462.89,63.25,63.62,0.72387,H,H,1.0
2024-01-27,LaLiga,Mallorca,Betis,1471.31,1573.46,63.31,63.12,0.426944,A,A,1.0
2024-01-27,Ligue1,Nice,Metz,1618.58,1404.53,62.83,67.48,0.815516,H,H,1.0
2024-01-27,LaLiga,Las Palmas,Real Madrid,1545.46,1749.14,80.4,68.18,0.296369,A,A,1.0
2024-01-27,LaLiga,Sociedad,Vallecano,1619.53,1475.34,63.58,62.79,0.74957,D,H,
2024-01-27,SerieA,Juventus,Empoli,1723.35,1419.27,65.12,63.41,0.880602,D,H,
2024-01-27,SerieA,Milan,Bologna,1689.02,1560.96,65.68,62.74,0.732084,D,H,
2024-01-27,Bundesliga,Leverkusen,M'gladbach,1681.16,1464.77,64.03,63.07,0.818112,D,H,
2024-01-27,Bundesliga,Wolfsburg,FC Koln,1488.2,1425.09,62.88,63.5,0.654358,D,H,
2024-01-27,LaLiga,Barcelona,Villarreal,1724.19,1502.26,66.54,62.8,0.822763,A,H,0.0
2024-01-27,Bundesliga,Stuttgart,RB Leipzig,1507.42,1623.7,63.48,65.05,0.407662,H,A,0.0
2024-01-27,Bundesliga,Augsburg,Bayern Munich,1439.11,1728.74,63.81,68.93,0.206265,A,A,1.0
2024-01-27,Bundesliga,Hoffenheim,Heidenheim,1460.97,1473.47,63.8,86.28,0.551861,D,H,
2024-01-27,Bundesliga,Werder Bremen,Freiburg,1436.31,1557.05,65.52,63.62,0.401508,H,A,0.0
2024-01-28,LaLiga,Sevilla,Osasuna,1463.04,1495.89,63.03,62.45,0.524191,D,H,
2024-01-28,LaLiga,Cadiz,Ath Bilbao,1419.76,1585.82,62.7,62.53,0.341805,D,A,
2024-01-28,LaLiga,Celta,Girona,1439.16,1648.52,63.05,65.35,0.289404,A,A,1.0
2024-01-28,Ligue1,Montpellier,Lille,1490.32,1624.14,62.9,63.59,0.383904,D,A,
2024-01-28,SerieA,Genoa,Lecce,1460.74,1439.67,67.0,65.95,0.598801,H,H,1.0
2024-01-28,SerieA,Monza,Sassuolo,1512.68,1460.06,64.91,63.48,0.640866,H,H,1.0
2024-01-28,SerieA,Lazio,Napoli,1624.72,1648.41,64.08,66.71,0.536984,D,H,
2024-01-28,LaLiga,Ath Madrid,Valencia,1678.9,1518.92,66.12,62.75,0.765933,H,H,1.0
2024-01-28,Ligue1,Reims,Nantes,1547.71,1435.74,62.76,63.09,0.71387,D,H,
2024-01-28,Ligue1,Lorient,Le Havre,1436.23,1525.22,62.97,83.23,0.44596,D,A,
2024-01-28,Ligue1,Clermont,Strasbourg,1476.42,1525.27,62.94,62.77,0.501622,D,H,
2024-01-28,SerieA,Fiorentina,Inter,1581.0,1751.52,63.46,66.37,0.336511,A,A,1.0
2024-01-28,SerieA,Verona,Frosinone,1407.44,1440.85,63.98,81.1,0.523101,D,H,
2024-01-28,Ligue1,Toulouse,Lens,1471.88,1643.19,64.71,63.73,0.335269,A,A,1.0
2024-01-28,Ligue1,Paris SG,Brest,1758.58,1567.45,66.44,62.86,0.795958,D,H,
2024-01-28,Bundesliga,Union Berlin,Darmstadt,1497.91,1337.81,64.01,87.43,0.76231,H,H,1.0
2024-01-28,Bundesliga,Dortmund,Bochum,1654.89,1456.33,65.84,63.85,0.802554,H,H,1.0
2024-01-29,SerieA,Salernitana,Roma,1403.02,1579.36,64.46,63.16,0.32892,A,A,1.0
2024-01-29,LaLiga,Getafe,Granada,1489.95,1365.13,62.87,66.95,0.727975,H,H,1.0
2024-01-30,EPL,Crystal Palace,Sheffield United,1461.14,1282.29,63.27,78.4,0.782173,H,H,1.0
2024-01-30,EPL,Nott'm Forest,Arsenal,1430.45,1669.11,65.75,65.83,0.256722,A,A,1.0
2024-01-30,EPL,Fulham,Everton,1463.26,1472.21,64.39,63.52,0.557659,D,H,
2024-01-30,EPL,Luton,Brighton,1390.14,1563.63,86.74,63.36,0.332485,H,A,0.0
2024-01-30,EPL,Aston Villa,Newcastle,1621.51,1559.95,63.69,63.81,0.652352,A,H,0.0
2024-01-31,LaLiga,Ath Madrid,Vallecano,1684.67,1480.91,66.1,62.89,0.8073,H,H,1.0
2024-01-31,LaLiga,Barcelona,Osasuna,1703.56,1496.42,66.65,62.33,0.810322,H,H,1.0
2024-01-31,EPL,Liverpool,Chelsea,1722.37,1524.71,66.29,63.12,0.801848,H,H,1.0
2024-01-31,EPL,Tottenham,Brentford,1602.48,1490.97,63.39,63.3,0.713313,H,H,1.0
2024-01-31,EPL,Man City,Burnley,1755.96,1353.2,69.63,67.9,0.927428,H,H,1.0
2024-02-01,LaLiga,Getafe,Real Madrid,1496.01,1756.81,62.93,67.92,0.233943,A,A,1.0
2024-02-01,EPL,West Ham,Bournemouth,1532.08,1472.84,63.32,65.89,0.649194,D,H,
2024-02-01,EPL,Wolves,Man United,1496.43,1588.49,63.27,63.78,0.440949,A,A,1.0
2024-02-02,Ligue1,Strasbourg,Paris SG,1525.31,1751.2,62.63,66.47,0.270772,A,A,1.0
2024-02-02,Bundesliga,Heidenheim,Dortmund,1475.59,1659.73,84.43,65.93,0.319561,D,A,
2024-02-02,SerieA,Lecce,Fiorentina,1429.93,1573.39,65.66,63.39,0.371117,H,A,0.0
2024-02-02,LaLiga,Ath Bilbao,Mallorca,1582.33,1461.7,62.49,63.15,0.723732,H,H,1.0
2024-02-03,EPL,Everton,Tottenham,1473.51,1608.98,63.35,63.39,0.381698,D,A,
2024-02-03,EPL,Brighton,Crystal Palace,1548.84,1466.03,63.32,63.43,0.679057,H,H,1.0
2024-02-03,EPL,Burnley,Fulham,1351.28,1461.92,68.35,64.16,0.415312,D,A,
2024-02-03,EPL,Newcastle,Luton,1574.89,1417.42,63.7,85.1,0.760055,D,H,
2024-02-03,SerieA,Empoli,Genoa,1428.01,1470.78,63.82,66.64,0.51017,D,H,
2024-02-03,SerieA,Udinese,Monza,1456.58,1521.17,63.63,64.73,0.479441,D,A,
2024-02-03,SerieA,Frosinone,Milan,1441.69,1683.38,79.68,65.6,0.253449,A,A,1.0
2024-02-03,EPL,Sheffield United,Aston Villa,1274.93,1606.63,77.79,63.59,0.169446,A,A,1.0
2024-02-03,SerieA,Bologna,Sassuolo,1566.12,1451.92,62.81,63.38,0.716391,H,H,1.0
2024-02-03,Bundesliga,Bayern Munich,M'gladbach,1734.24,1471.96,68.84,63.31,0.85351,H,H,1.0
2024-02-03,LaLiga,Alaves,Barcelona,1438.05,1708.33,67.26,66.72,0.224347,A,A,1.0
2024-02-03,LaLiga,Girona,Sociedad,1655.47,1613.83,65.25,63.64,0.626471,D,H,
2024-02-03,Bundesliga,Bochum,Augsburg,1451.76,1434.36,64.02,63.96,0.593926,D,H,
2024-02-03,Ligue1,Nantes,Lens,1440.55,1650.85,63.11,63.64,0.288127,A,A,1.0
2024-02-03,LaLiga,Granada,Las Palmas,1358.29,1534.95,66.79,79.37,0.330248,D,A,
2024-02-03,Ligue1,Rennes,Montpellier,1575.02,1492.9,62.63,62.81,0.678274,H,H,1.0
2024-02-03,Bundesliga,FC Koln,Ein Frankfurt,1428.6,1557.67,63.41,63.35,0.390257,H,A,0.0
2024-02-03,Bundesliga,Mainz,Werder Bremen,1437.04,1450.69,63.36,65.25,0.551057,A,H,0.0
2024-02-03,Bundesliga,Freiburg,Stuttgart,1543.47,1520.81,63.46,63.33,0.6011,A,H,0.0
2024-02-03,Bundesliga,Darmstadt,Leverkusen,1328.01,1673.75,86.16,64.23,0.158673,A,A,1.0
2024-02-03,LaLiga,Valencia,Almeria,1513.69,1344.47,62.89,66.81,0.774604,H,H,1.0
2024-02-04,Ligue1,Reims,Toulouse,1542.95,1463.99,62.79,64.56,0.674199,A,H,0.0
2024-02-04,Bundesliga,Wolfsburg,Hoffenheim,1484.76,1459.81,62.83,63.64,0.604184,D,H,
2024-02-04,Ligue1,Lyon,Marseille,1515.02,1607.45,62.74,63.44,0.440434,H,A,0.0
2024-02-04,Bundesliga,RB Leipzig,Union Berlin,1609.66,1503.32,64.8,64.11,0.707208,H,H,1.0
2024-02-04,LaLiga,Real Madrid,Ath Madrid,1762.86,1689.44,67.81,66.18,0.667145,D,H,
2024-02-04,LaLiga,Betis,Getafe,1583.02,1490.78,62.98,63.06,0.690588,D,H,
2024-02-04,LaLiga,Villarreal,Cadiz,1520.68,1423.27,63.06,62.65,0.696831,D,H,
2024-02-04,Ligue1,Brest,Nice,1574.07,1622.71,63.05,63.08,0.501925,D,H,
2024-02-04,EPL,Man United,West Ham,1598.55,1528.72,63.59,63.24,0.662917,H,H,1.0
2024-02-04,EPL,Chelsea,Wolves,1520.22,1486.52,63.32,63.11,0.615965,A,H,0.0
2024-02-04,SerieA,Napoli,Verona,1649.33,1406.91,66.33,63.79,0.838864,H,H,1.0
2024-02-04,SerieA,Atalanta,Lazio,1589.92,1623.88,63.28,63.87,0.522621,H,H,1.0
2024-02-04,SerieA,Inter,Juventus,1759.82,1714.14,66.13,65.47,0.631643,H,H,1.0
2024-02-04,SerieA,Torino,Salernitana,1547.09,1395.34,62.7,64.34,0.757292,D,H,
2024-02-04,Ligue1,Monaco,Le Havre,1610.3,1523.16,63.49,81.65,0.682268,D,H,
2024-02-04,EPL,Bournemouth,Nott'm Forest,1476.48,1424.21,65.66,65.7,0.640225,D,H,
2024-02-04,LaLiga,Osasuna,Celta,1492.22,1432.67,62.58,63.06,0.649851,A,H,0.0
2024-02-04,Ligue1,Metz,Lorient,1399.8,1437.42,67.53,62.85,0.517469,A,H,0.0
2024-02-04,EPL,Arsenal,Liverpool,1675.37,1727.29,65.77,66.35,0.49729,H,A,0.0
2024-02-04,Ligue1,Lille,Clermont,1621.5,1476.38,63.45,62.78,0.750548,H,H,1.0
2024-02-05,EPL,Brentford,Man City,1484.48,1757.96,63.31,70.04,0.221697,A,A,1.0
2024-02-05,SerieA,Roma,Cagliari,1586.75,1390.23,63.11,67.09,0.800271,H,H,1.0
2024-02-05,LaLiga,Vallecano,Sevilla,1476.57,1462.5,63.11,62.87,0.589452,A,H,0.0
2024-02-07,Bundesliga,Mainz,Union Berlin,1424.64,1496.55,63.2,64.06,0.469142,D,A,
2024-02-09,Bundesliga,Dortmund,Freiburg,1655.44,1529.87,65.76,63.32,0.72926,H,H,1.0
2024-02-09,LaLiga,Cadiz,Betis,1427.63,1578.75,62.67,62.96,0.361054,A,A,1.0
2024-02-09,Ligue1,Marseille,Metz,1594.8,1386.65,63.27,67.09,0.810529,D,H,
2024-02-09,SerieA,Salernitana,Empoli,1401.36,1427.78,64.38,63.62,0.533223,A,H,0.0
2024-02-10,Bundesliga,Leverkusen,Bayern Munich,1677.5,1738.17,64.5,68.97,0.484994,H,A,0.0
2024-02-10,SerieA,Sassuolo,Torino,1445.49,1541.36,63.39,62.82,0.435619,D,A,
2024-02-10,SerieA,Roma,Inter,1591.26,1768.83,63.31,65.86,0.327653,A,A,1.0
2024-02-10,Bundesliga,Ein Frankfurt,Bochum,1543.91,1449.6,63.22,63.84,0.693001,D,H,
2024-02-10,Bundesliga,M'gladbach,Darmstadt,1468.61,1321.47,63.64,85.43,0.749369,D,H,
2024-02-10,Bundesliga,Union Berlin,Wolfsburg,1495.84,1482.45,63.84,62.72,0.588526,H,H,1.0
2024-02-10,Bundesliga,Werder Bremen,Heidenheim,1463.81,1482.6,64.97,83.03,0.543326,A,H,0.0
2024-02-10,SerieA,Cagliari,Lazio,1385.16,1612.96,67.12,63.66,0.268314,A,A,1.0
2024-02-10,Bundesliga,Augsburg,RB Leipzig,1436.52,1616.58,63.79,64.72,0.324458,D,A,
2024-02-10,EPL,Fulham,Bournemouth,1459.98,1473.1,63.97,65.43,0.551784,H,H,1.0
2024-02-10,EPL,Luton,Sheffield United,1427.89,1269.19,83.98,77.43,0.76254,A,H,0.0
2024-02-10,EPL,Tottenham,Brighton,1606.31,1556.09,63.26,63.28,0.637757,H,H,1.0
2024-02-10,EPL,Wolves,Brentford,1500.31,1479.47,63.0,63.45,0.598638,A,H,0.0
2024-02-10,EPL,Nott'm Forest,Newcastle,1427.59,1569.0,65.47,63.8,0.373848,A,A,1.0
2024-02-10,EPL,Liverpool,Burnley,1714.96,1353.49,65.99,67.9,0.91015,H,H,1.0
2024-02-10,Ligue1,Paris SG,Lille,1757.92,1627.19,66.35,63.52,0.734944,H,H,1.0
2024-02-10,Ligue1,Lens,Strasbourg,1657.43,1519.31,63.63,62.7,0.743086,H,H,1.0
2024-02-10,LaLiga,Alaves,Villarreal,1432.35,1516.26,67.2,63.06,0.452289,D,A,
2024-02-10,LaLiga,Sociedad,Osasuna,1616.7,1477.88,63.51,62.53,0.743863,A,H,0.0
2024-02-10,EPL,Man City,Everton,1764.04,1476.18,69.85,63.23,0.870668,H,H,1.0
2024-02-10,LaLiga,Real Madrid,Girona,1758.57,1652.45,67.49,65.02,0.706851,H,H,1.0
2024-02-10,LaLiga,Las Palmas,Valencia,1529.04,1518.74,78.31,63.04,0.584291,H,H,1.0
2024-02-11,Ligue1,Nice,Monaco,1622.75,1606.21,62.92,63.46,0.592789,A,H,0.0
2024-02-11,EPL,Aston Villa,Man United,1610.54,1606.22,63.85,63.5,0.576029,A,H,0.0
2024-02-11,SerieA,Bologna,Lecce,1572.44,1445.11,62.84,65.42,0.730949,H,H,1.0
2024-02-11,SerieA,Fiorentina,Frosinone,1559.2,1432.81,63.27,78.84,0.728105,H,H,1.0
2024-02-11,SerieA,Genoa,Atalanta,1471.04,1600.65,66.26,63.11,0.38951,A,A,1.0
2024-02-11,EPL,West Ham,Arsenal,1521.13,1687.5,63.17,65.45,0.341662,A,A,1.0
2024-02-11,SerieA,Monza,Verona,1520.69,1403.18,64.47,64.06,0.720095,D,H,
2024-02-11,SerieA,Milan,Napoli,1689.51,1653.35,65.57,66.5,0.618997,H,H,1.0
2024-02-11,Ligue1,Le Havre,Rennes,1529.89,1582.14,80.46,62.62,0.496827,A,A,1.0
2024-02-11,LaLiga,Sevilla,Ath Madrid,1475.6,1693.53,62.75,65.96,0.279655,H,A,0.0
2024-02-11,Ligue1,Toulouse,Nantes,1479.8,1434.07,64.44,63.12,0.631894,A,H,0.0
2024-02-11,Ligue1,Lorient,Reims,1448.87,1527.97,62.71,62.77,0.459014,H,A,0.0
2024-02-11,Bundesliga,Hoffenheim,FC Koln,1462.18,1442.37,63.49,63.27,0.597236,D,H,
2024-02-11,Bundesliga,Stuttgart,Mainz,1534.36,1425.33,63.2,63.03,0.71047,H,H,1.0
2024-02-11,LaLiga,Getafe,Celta,1495.05,1447.23,63.04,62.99,0.634648,H,H,1.0
2024-02-11,LaLiga,Mallorca,Vallecano,1455.48,1463.37,63.18,62.98,0.559137,H,H,1.0
2024-02-11,Ligue1,Montpellier,Lyon,1485.74,1527.4,62.78,62.61,0.511768,A,H,0.0
2024-02-11,LaLiga,Barcelona,Granada,1713.95,1362.49,66.69,66.56,0.905605,D,H,
2024-02-11,Ligue1,Clermont,Brest,1470.82,1574.03,62.88,62.89,0.425463,D,A,
2024-02-12,SerieA,Juventus,Udinese,1705.3,1457.05,65.24,63.43,0.84332,A,H,0.0
2024-02-12,EPL,Crystal Palace,Chelsea,1458.76,1506.34,63.37,63.2,0.503417,A,H,0.0
2024-02-12,LaLiga,Almeria,Ath Bilbao,1338.81,1588.43,66.77,62.56,0.244697,D,A,
2024-02-14,SerieA,Bologna,Fiorentina,1578.44,1565.29,62.91,63.33,0.588165,H,H,1.0
2024-02-16,Ligue1,Lyon,Nice,1538.68,1609.56,62.48,62.8,0.470566,H,A,0.0
2024-02-16,Bundesliga,FC Koln,Werder Bremen,1444.56,1451.14,63.14,64.73,0.560902,A,H,0.0
2024-02-16,SerieA,Torino,Lecce,1539.93,1438.64,62.69,65.35,0.701153,H,H,1.0
2024-02-16,SerieA,Inter,Salernitana,1776.8,1388.98,65.67,64.15,0.921983,H,H,1.0
2024-02-16,LaLiga,Villarreal,Getafe,1515.2,1503.23,62.91,62.95,0.58658,D,H,
2024-02-17,Ligue1,Nantes,Paris SG,1448.22,1764.48,63.02,66.24,0.182438,A,A,1.0
2024-02-17,Ligue1,Lille,Le Havre,1621.15,1512.35,63.56,79.08,0.708192,H,H,1.0
2024-02-17,SerieA,Verona,Juventus,1408.27,1684.91,64.04,65.47,0.218003,D,A,
2024-02-17,SerieA,Atalanta,Sassuolo,1609.36,1446.94,62.99,63.22,0.768328,H,H,1.0
2024-02-17,LaLiga,Celta,Barcelona,1439.07,1703.67,62.9,67.08,0.230008,A,A,1.0
2024-02-17,LaLiga,Osasuna,Cadiz,1494.34,1419.65,62.63,62.6,0.669085,H,H,1.0
2024-02-17,LaLiga,Ath Madrid,Las Palmas,1675.89,1543.02,65.84,77.16,0.735458,H,H,1.0
2024-02-17,Bundesliga,Darmstadt,Stuttgart,1331.59,1540.89,84.23,63.2,0.289232,A,A,1.0
2024-02-17,Bundesliga,Heidenheim,Leverkusen,1502.95,1689.45,81.46,64.26,0.316494,A,A,1.0
2024-02-17,EPL,Man City,Chelsea,1767.62,1517.62,70.0,63.03,0.844668,D,H,
2024-02-17,EPL,Tottenham,Wolves,1614.47,1486.96,63.17,62.88,0.731467,A,H,0.0
2024-02-17,EPL,Nott'm Forest,West Ham,1418.62,1513.46,65.23,63.1,0.437059,H,A,0.0
2024-02-17,EPL,Newcastle,Bournemouth,1577.55,1462.37,63.66,65.14,0.717307,D,H,
2024-02-17,LaLiga,Valencia,Sevilla,1509.52,1491.6,62.92,62.8,0.594701,D,H,
2024-02-17,EPL,Burnley,Arsenal,1351.13,1695.71,68.28,65.25,0.159699,A,A,1.0
2024-02-17,EPL,Fulham,Aston Villa,1470.25,1597.36,63.77,63.66,0.392913,A,A,1.0
2024-02-17,Bundesliga,Hoffenheim,Union Berlin,1459.98,1505.25,63.34,63.67,0.506663,A,H,0.0
2024-02-17,Bundesliga,Mainz,Augsburg,1418.83,1440.54,63.05,63.71,0.539831,H,H,1.0
2024-02-17,Bundesliga,Wolfsburg,Dortmund,1473.35,1662.03,62.61,65.67,0.313985,D,A,
2024-02-17,Bundesliga,RB Leipzig,M'gladbach,1612.44,1462.98,64.59,63.72,0.754989,H,H,1.0
2024-02-17,EPL,Brentford,Liverpool,1493.01,1717.19,63.31,66.42,0.272678,A,A,1.0
2024-02-17,SerieA,Napoli,Genoa,1643.94,1461.47,66.2,65.96,0.787481,D,H,
2024-02-18,Ligue1,Montpellier,Metz,1474.4,1394.56,62.64,67.15,0.675026,H,H,1.0
2024-02-18,Ligue1,Rennes,Clermont,1592.97,1472.47,62.5,62.76,0.723627,H,H,1.0
2024-02-18,Ligue1,Reims,Lens,1515.99,1663.31,62.63,63.67,0.366072,D,A,
2024-02-18,Ligue1,Brest,Marseille,1572.37,1587.75,62.76,63.49,0.548683,H,H,1.0
2024-02-18,Ligue1,Monaco,Toulouse,1619.62,1465.07,63.31,64.27,0.760193,A,H,0.0
2024-02-18,Ligue1,Strasbourg,Lorient,1513.59,1460.83,62.79,62.57,0.641124,A,H,0.0
2024-02-18,LaLiga,Betis,Alaves,1586.81,1433.55,62.88,66.8,0.758528,D,H,
2024-02-18,Bundesliga,Freiburg,Ein Frankfurt,1523.74,1539.57,63.35,63.2,0.548074,D,H,
2024-02-18,Bundesliga,Bochum,Bayern Munich,1454.04,1724.57,63.79,68.44,0.224337,H,A,0.0
2024-02-18,LaLiga,Mallorca,Sociedad,1465.36,1599.73,63.03,63.56,0.38318,A,A,1.0
2024-02-18,LaLiga,Vallecano,Real Madrid,1453.55,1766.05,62.84,67.27,0.185763,D,A,
2024-02-18,SerieA,Lazio,Bologna,1619.09,1587.6,63.69,62.78,0.613031,A,H,0.0
2024-02-18,SerieA,Empoli,Fiorentina,1439.88,1556.01,63.43,63.18,0.407751,D,A,
2024-02-18,SerieA,Udinese,Cagliari,1476.35,1378.37,63.73,66.96,0.697032,D,H,
2024-02-18,EPL,Luton,Man United,1398.56,1619.26,82.96,63.34,0.276202,A,A,1.0
2024-02-18,EPL,Sheffield United,Brighton,1294.19,1547.93,76.82,63.18,0.240502,A,A,1.0
2024-02-18,SerieA,Frosinone,Roma,1423.54,1583.87,78.0,63.25,0.349175,A,A,1.0
2024-02-18,SerieA,Monza,Milan,1515.54,1698.67,64.43,65.33,0.320734,H,A,0.0
2024-02-18,LaLiga,Granada,Almeria,1372.73,1345.22,66.96,66.69,0.607419,D,H,
2024-02-19,LaLiga,Ath Bilbao,Girona,1582.79,1645.49,62.68,64.93,0.482112,H,A,0.0
2024-02-19,EPL,Everton,Crystal Palace,1473.22,1447.41,63.62,63.19,0.605363,D,H,
2024-02-20,EPL,Man City,Brentford,1758.08,1486.85,70.04,63.34,0.859707,H,H,1.0
2024-02-21,EPL,Liverpool,Luton,1723.94,1388.12,66.3,81.81,0.895639,H,H,1.0
2024-02-22,SerieA,Torino,Lazio,1546.56,1605.12,62.71,63.54,0.487922,A,A,1.0
2024-02-23,Bundesliga,Leverkusen,Mainz,1696.77,1429.11,64.18,62.9,0.857322,H,H,1.0
2024-02-23,SerieA,Bologna,Verona,1601.19,1414.81,62.69,64.15,0.791397,H,H,1.0
2024-02-23,LaLiga,Sociedad,Villarreal,1608.43,1513.27,63.42,62.78,0.694124,A,H,0.0
2024-02-23,Ligue1,Metz,Lyon,1386.37,1550.3,66.88,62.35,0.344487,A,A,1.0
2024-02-24,SerieA,Sassuolo,Empoli,1441.7,1441.96,63.34,63.28,0.569716,A,H,0.0
2024-02-24,SerieA,Salernitana,Monza,1387.14,1531.38,64.67,64.32,0.370163,A,A,1.0
2024-02-24,SerieA,Genoa,Udinese,1468.52,1471.85,66.0,63.69,0.565463,H,H,1.0
2024-02-24,LaLiga,Almeria,Ath Madrid,1347.89,1682.29,66.36,65.78,0.167618,D,A,
2024-02-24,LaLiga,Alaves,Mallorca,1440.06,1456.8,66.72,62.92,0.546798,D,H,
2024-02-24,LaLiga,Barcelona,Getafe,1709.49,1505.15,67.02,62.82,0.807803,H,H,1.0
2024-02-24,Bundesliga,M'gladbach,Bochum,1457.36,1471.85,63.79,63.9,0.549909,H,H,1.0
2024-02-24,Bundesliga,Stuttgart,FC Koln,1547.38,1432.01,63.23,62.99,0.717776,D,H,
2024-02-24,Bundesliga,Union Berlin,Heidenheim,1516.77,1491.44,63.47,80.28,0.603531,D,H,
2024-02-24,Bundesliga,Werder Bremen,Darmstadt,1464.31,1320.36,64.48,82.94,0.746437,D,H,
2024-02-24,Bundesliga,Bayern Munich,RB Leipzig,1704.12,1618.21,68.33,64.61,0.682741,H,H,1.0
2024-02-24,EPL,Brighton,Everton,1553.36,1470.82,63.29,63.47,0.678722,D,H,
2024-02-24,EPL,Aston Villa,Nott'm Forest,1606.3,1432.02,63.51,64.95,0.779795,H,H,1.0
2024-02-24,EPL,Bournemouth,Man City,1467.56,1761.97,65.06,70.14,0.202084,A,A,1.0
2024-02-24,Ligue1,Lorient,Nantes,1474.97,1444.11,62.52,63.27,0.612155,A,H,0.0
2024-02-24,Ligue1,Strasbourg,Brest,1499.35,1582.36,62.72,62.63,0.453545,A,A,1.0
2024-02-24,EPL,Man United,Fulham,1625.49,1461.28,63.38,63.61,0.770073,A,H,0.0
2024-02-24,EPL,Arsenal,Newcastle,1699.57,1572.58,65.47,63.66,0.730792,H,H,1.0
2024-02-24,EPL,Crystal Palace,Burnley,1449.78,1346.92,63.07,68.37,0.702635,H,H,1.0
2024-02-25,SerieA,Lecce,Inter,1431.46,1778.72,65.23,66.15,0.157806,A,A,1.0
2024-02-25,EPL,Wolves,Sheffield United,1503.31,1286.31,62.94,76.2,0.816669,H,H,1.0
2024-02-25,SerieA,Cagliari,Napoli,1383.33,1636.84,66.74,66.22,0.241147,D,A,
2024-02-25,LaLiga,Cadiz,Celta,1412.33,1433.92,62.58,63.04,0.540005,D,H,
2024-02-25,Ligue1,Paris SG,Rennes,1769.0,1599.07,66.35,62.57,0.77587,D,H,
2024-02-25,Ligue1,Toulouse,Lille,1482.82,1627.73,64.32,63.56,0.369227,H,A,0.0
2024-02-25,Ligue1,Nice,Clermont,1597.82,1466.32,62.66,62.81,0.73588,D,H,
2024-02-25,Ligue1,Le Havre,Reims,1502.36,1518.95,78.15,62.56,0.547017,A,H,0.0
2024-02-25,Ligue1,Lens,Monaco,1660.25,1602.38,63.55,63.41,0.647659,A,H,0.0
2024-02-25,SerieA,Juventus,Frosinone,1678.07,1411.86,65.52,76.98,0.854237,H,H,1.0
2024-02-25,Bundesliga,Ein Frankfurt,Wolfsburg,1540.64,1477.46,63.04,62.61,0.654541,D,H,
2024-02-25,Ligue1,Marseille,Montpellier,1577.54,1481.58,63.31,62.62,0.695108,H,H,1.0
2024-02-25,Bundesliga,Augsburg,Freiburg,1430.06,1522.66,63.51,63.18,0.440178,H,A,0.0
2024-02-25,LaLiga,Betis,Ath Bilbao,1581.03,1594.22,63.0,62.55,0.551783,H,H,1.0
2024-02-25,LaLiga,Las Palmas,Osasuna,1534.35,1501.67,76.45,62.61,0.614641,D,H,
2024-02-25,LaLiga,Real Madrid,Sevilla,1757.99,1493.7,67.32,62.68,0.855008,H,H,1.0
2024-02-25,Bundesliga,Dortmund,Hoffenheim,1657.52,1448.57,65.51,63.16,0.811769,A,H,0.0
2024-02-25,SerieA,Milan,Atalanta,1682.39,1614.57,65.17,63.12,0.660389,D,H,
2024-02-26,EPL,West Ham,Brentford,1500.88,1483.63,62.96,63.69,0.593745,H,H,1.0
2024-02-26,LaLiga,Girona,Vallecano,1633.26,1460.59,64.66,63.08,0.77849,H,H,1.0
2024-02-26,SerieA,Fiorentina,Lazio,1553.94,1616.18,63.04,63.35,0.482747,H,A,0.0
2024-02-26,SerieA,Roma,Torino,1591.69,1535.78,63.18,62.57,0.6452,H,H,1.0
2024-02-28,SerieA,Inter,Atalanta,1782.63,1618.16,66.34,63.06,0.770402,H,H,1.0
2024-02-28,SerieA,Sassuolo,Napoli,1428.86,1630.45,63.18,66.18,0.298594,A,A,1.0
2024-03-01,SerieA,Lazio,Milan,1604.52,1678.57,63.17,64.99,0.46616,A,A,1.0
2024-03-01,Ligue1,Monaco,Paris SG,1617.03,1762.15,63.32,66.33,0.36917,D,A,
2024-03-01,LaLiga,Celta,Almeria,1434.81,1356.17,62.88,66.51,0.67361,H,H,1.0
2024-03-01,Bundesliga,Freiburg,Bayern Munich,1510.11,1712.4,63.03,68.01,0.297989,D,A,
2024-03-02,SerieA,Monza,Roma,1539.97,1599.67,64.16,63.1,0.486321,A,A,1.0
2024-03-02,LaLiga,Sevilla,Sociedad,1490.44,1592.68,63.04,63.39,0.42683,H,A,0.0
2024-03-02,EPL,Nott'm Forest,Liverpool,1426.77,1726.53,65.02,66.67,0.196779,A,A,1.0
2024-03-02,LaLiga,Vallecano,Cadiz,1455.59,1411.45,63.23,62.45,0.62985,D,H,
2024-03-02,EPL,Tottenham,Crystal Palace,1597.97,1456.43,63.21,63.07,0.746709,H,H,1.0
2024-03-02,EPL,Luton,Aston Villa,1384.28,1611.33,81.67,63.65,0.269139,A,A,1.0
2024-03-02,EPL,Newcastle,Wolves,1566.42,1507.41,63.68,63.19,0.649147,H,H,1.0
2024-03-02,SerieA,Torino,Fiorentina,1527.95,1565.49,62.51,62.88,0.517587,D,H,
2024-03-02,EPL,Everton,West Ham,1474.88,1509.93,63.41,62.84,0.521081,A,H,0.0
2024-03-02,SerieA,Udinese,Salernitana,1461.97,1378.46,63.51,64.49,0.679823,D,H,
2024-03-02,Bundesliga,Wolfsburg,Stuttgart,1480.87,1542.46,62.57,63.25,0.483649,A,A,1.0
2024-03-02,Bundesliga,Union Berlin,Dortmund,1514.45,1637.79,63.35,65.63,0.398132,A,A,1.0
2024-03-02,Bundesliga,Mainz,M'gladbach,1425.88,1467.63,63.25,63.6,0.511642,D,H,
2024-03-02,Bundesliga,Heidenheim,Ein Frankfurt,1495.13,1537.18,79.01,62.97,0.511216,A,H,0.0
2024-03-02,Bundesliga,Darmstadt,Augsburg,1329.78,1442.74,81.9,63.34,0.412098,A,A,1.0
2024-03-02,Bundesliga,Bochum,RB Leipzig,1461.55,1610.78,63.7,64.51,0.363639,A,A,1.0
2024-03-02,Ligue1,Clermont,Marseille,1471.58,1584.44,62.88,63.28,0.412239,A,A,1.0
2024-03-02,LaLiga,Valencia,Real Madrid,1507.41,1761.72,62.8,67.5,0.240487,D,A,
2024-03-02,Ligue1,Reims,Lille,1530.86,1613.41,62.46,63.44,0.454208,A,A,1.0
2024-03-02,LaLiga,Getafe,Las Palmas,1500.84,1530.67,63.05,75.48,0.528202,D,H,
2024-03-02,EPL,Brentford,Chelsea,1474.38,1525.37,63.53,63.35,0.498593,D,A,
2024-03-02,EPL,Fulham,Brighton,1478.93,1549.32,63.72,63.24,0.47125,H,A,0.0
2024-03-03,SerieA,Napoli,Juventus,1637.79,1681.6,66.01,65.78,0.508719,H,H,1.0
2024-03-03,SerieA,Atalanta,Bologna,1612.99,1605.84,63.19,62.88,0.579955,A,H,0.0
2024-03-03,SerieA,Frosinone,Lecce,1407.08,1427.66,76.78,65.45,0.541364,D,H,
2024-03-03,SerieA,Empoli,Cagliari,1454.77,1389.82,63.13,66.67,0.656427,A,H,0.0
2024-03-03,SerieA,Verona,Sassuolo,1409.95,1422.15,64.28,63.18,0.553139,H,H,1.0
2024-03-03,Ligue1,Nantes,Metz,1457.89,1377.74,63.14,66.59,0.675464,A,H,0.0
2024-03-03,Ligue1,Rennes,Lorient,1605.18,1461.5,62.74,62.44,0.749062,A,H,0.0
2024-03-03,LaLiga,Ath Madrid,Betis,1674.15,1591.03,65.95,62.85,0.679502,H,H,1.0
2024-03-03,LaLiga,Mallorca,Girona,1457.84,1638.5,62.78,64.73,0.323706,H,A,0.0
2024-03-03,LaLiga,Ath Bilbao,Barcelona,1584.36,1714.37,62.42,67.07,0.389245,D,A,
2024-03-03,Ligue1,Lyon,Lens,1557.84,1645.54,62.33,63.44,0.447013,A,A,1.0
2024-03-03,Bundesliga,Hoffenheim,Werder Bremen,1466.95,1458.6,63.39,64.52,0.581529,H,H,1.0
2024-03-03,Bundesliga,FC Koln,Leverkusen,1436.89,1700.12,63.02,64.49,0.231036,A,A,1.0
2024-03-03,Ligue1,Montpellier,Strasbourg,1474.83,1489.32,62.64,62.59,0.549949,D,H,
2024-03-03,Ligue1,Brest,Le Havre,1592.36,1484.06,62.5,76.98,0.707908,H,H,1.0
2024-03-03,Ligue1,Toulouse,Nice,1497.47,1592.58,64.16,62.74,0.436676,H,A,0.0
2024-03-03,EPL,Burnley,Bournemouth,1339.16,1462.74,68.09,65.17,0.397765,A,A,1.0
2024-03-03,EPL,Man City,Man United,1767.54,1607.98,70.01,63.49,0.765406,H,H,1.0
2024-03-03,LaLiga,Villarreal,Granada,1528.71,1370.04,62.79,66.61,0.764092,H,H,1.0
2024-03-04,SerieA,Inter,Genoa,1788.33,1479.1,66.32,65.68,0.883335,H,H,1.0
2024-03-04,EPL,Sheffield United,Arsenal,1280.42,1706.07,75.86,65.4,0.107428,A,A,1.0
2024-03-04,LaLiga,Osasuna,Alaves,1504.15,1438.9,62.54,66.34,0.656837,H,H,1.0
2024-03-08,Ligue1,Nice,Montpellier,1580.13,1473.72,62.61,62.51,0.707465,A,H,0.0
2024-03-08,Bundesliga,Stuttgart,Union Berlin,1553.33,1505.49,63.07,63.21,0.634645,H,H,1.0
2024-03-08,LaLiga,Barcelona,Mallorca,1711.58,1472.86,66.72,62.76,0.836166,H,H,1.0
2024-03-08,SerieA,Napoli,Torino,1649.73,1527.57,65.68,62.38,0.725555,D,H,
2024-03-09,SerieA,Cagliari,Salernitana,1406.16,1382.67,66.4,64.38,0.602169,H,H,1.0
2024-03-09,Bundesliga,Bayern Munich,Mainz,1707.15,1425.62,67.74,63.08,0.866608,H,H,1.0
2024-03-09,Bundesliga,Augsburg,Heidenheim,1451.94,1477.69,63.22,77.75,0.533827,H,H,1.0
2024-03-09,LaLiga,Valencia,Getafe,1513.2,1500.21,62.92,62.91,0.587961,H,H,1.0
2024-03-09,Bundesliga,Werder Bremen,Dortmund,1448.84,1647.38,64.29,65.36,0.302112,A,A,1.0
2024-03-09,EPL,Wolves,Fulham,1499.52,1490.97,63.11,63.52,0.581861,H,H,1.0
2024-03-09,SerieA,Genoa,Monza,1476.23,1528.75,66.02,63.93,0.49645,A,A,1.0
2024-03-09,SerieA,Bologna,Inter,1618.73,1791.25,62.75,66.64,0.334031,A,A,1.0
2024-03-09,EPL,Man United,Everton,1602.62,1463.12,63.6,63.23,0.744511,H,H,1.0
2024-03-09,EPL,Bournemouth,Sheffield United,1472.18,1276.93,64.93,75.89,0.797789,D,H,
2024-03-09,SerieA,Sassuolo,Frosinone,1412.13,1405.74,63.02,75.71,0.57826,H,H,1.0
2024-03-09,EPL,Arsenal,Brentford,1708.7,1474.41,65.79,63.34,0.832638,H,H,1.0
2024-03-09,EPL,Crystal Palace,Luton,1450.73,1374.41,63.15,80.63,0.669174,D,H,
2024-03-09,Bundesliga,RB Leipzig,Darmstadt,1619.27,1314.72,64.34,80.47,0.878413,H,H,1.0
2024-03-09,Ligue1,Lorient,Lyon,1478.05,1548.08,62.55,62.22,0.471753,A,A,1.0
2024-03-09,Ligue1,Lens,Brest,1655.65,1598.75,63.27,62.55,0.646468,H,H,1.0
2024-03-09,Bundesliga,M'gladbach,FC Koln,1467.89,1431.7,63.4,63.15,0.619278,D,H,
2024-03-09,LaLiga,Cadiz,Ath Madrid,1414.3,1681.97,62.39,65.76,0.22678,H,A,0.0
2024-03-09,LaLiga,Granada,Sociedad,1364.15,1579.75,66.56,63.23,0.281993,A,A,1.0
2024-03-09,LaLiga,Girona,Osasuna,1622.56,1511.7,64.61,62.5,0.712649,H,H,1.0
2024-03-10,LaLiga,Real Madrid,Celta,1755.05,1442.08,67.39,62.85,0.885856,H,H,1.0
2024-03-10,Ligue1,Metz,Clermont,1394.54,1462.42,66.36,62.76,0.474784,H,A,0.0
2024-03-10,Ligue1,Strasbourg,Monaco,1490.42,1619.98,62.46,63.21,0.389596,A,A,1.0
2024-03-10,Ligue1,Lille,Rennes,1623.68,1588.48,63.26,62.84,0.617976,D,H,
2024-03-10,Ligue1,Marseille,Nantes,1593.71,1442.74,63.14,63.1,0.75664,H,H,1.0
2024-03-10,LaLiga,Alaves,Vallecano,1430.44,1452.67,66.09,63.13,0.53911,H,H,1.0
2024-03-10,LaLiga,Betis,Villarreal,1583.89,1533.97,62.83,62.92,0.637388,A,H,0.0
2024-03-10,Ligue1,Le Havre,Toulouse,1474.54,1510.48,76.18,63.95,0.519827,H,H,1.0
2024-03-10,EPL,Aston Villa,Tottenham,1617.47,1603.7,63.68,63.29,0.589024,A,H,0.0
2024-03-10,EPL,Brighton,Nott'm Forest,1537.46,1422.07,63.07,65.14,0.717544,H,H,1.0
2024-03-10,EPL,West Ham,Burnley,1521.49,1328.89,62.69,67.67,0.796633,D,H,
2024-03-10,EPL,Liverpool,Man City,1731.46,1773.98,66.72,69.79,0.510505,D,H,
2024-03-10,Bundesliga,Leverkusen,Wolfsburg,1705.55,1470.23,64.55,62.44,0.833562,H,H,1.0
2024-03-10,Bundesliga,Ein Frankfurt,Hoffenheim,1548.45,1476.38,62.84,63.23,0.665733,H,H,1.0
2024-03-10,LaLiga,Las Palmas,Ath Bilbao,1531.56,1586.78,74.5,62.35,0.492626,A,A,1.0
2024-03-10,Ligue1,Paris SG,Reims,1758.92,1520.9,66.05,62.34,0.835682,D,H,
2024-03-10,Bundesliga,Bochum,Freiburg,1453.26,1514.63,63.58,63.03,0.483964,A,A,1.0
2024-03-10,SerieA,Fiorentina,Roma,1565.88,1610.53,62.73,62.93,0.50754,D,H,
2024-03-10,SerieA,Lecce,Verona,1428.63,1420.3,65.17,64.05,0.581532,A,H,0.0
2024-03-10,SerieA,Juventus,Atalanta,1669.74,1599.97,65.45,63.05,0.662853,D,H,
2024-03-10,SerieA,Milan,Empoli,1689.59,1440.07,64.72,63.06,0.844308,H,H,1.0
2024-03-11,SerieA,Lazio,Udinese,1594.09,1457.89,63.01,63.45,0.740922,A,H,0.0
2024-03-11,EPL,Chelsea,Newcastle,1525.34,1574.43,63.17,63.57,0.50129,H,H,1.0
2024-03-11,LaLiga,Almeria,Sevilla,1348.09,1503.24,66.28,62.9,0.355806,D,A,
2024-03-13,EPL,Bournemouth,Luton,1465.13,1380.51,65.06,79.48,0.679481,H,H,1.0
2024-03-15,Bundesliga,FC Koln,RB Leipzig,1434.37,1622.11,63.04,64.72,0.315041,A,A,1.0
2024-03-15,Ligue1,Toulouse,Lyon,1499.55,1558.35,63.75,62.11,0.487579,A,A,1.0
2024-03-15,SerieA,Empoli,Bologna,1436.54,1611.33,63.38,62.72,0.330806,A,A,1.0
2024-03-15,LaLiga,Sociedad,Cadiz,1586.11,1431.35,63.25,62.55,0.760628,H,H,1.0
2024-03-16,Ligue1,Nantes,Strasbourg,1437.26,1481.87,63.2,62.38,0.50761,A,H,0.0
2024-03-16,SerieA,Frosinone,Lazio,1392.46,1577.45,74.75,63.08,0.318225,A,A,1.0
2024-03-16,LaLiga,Ath Bilbao,Alaves,1597.47,1441.69,62.24,65.75,0.761264,H,H,1.0
2024-03-16,SerieA,Salernitana,Lecce,1373.43,1414.81,64.18,64.91,0.512153,A,H,0.0
2024-03-16,Ligue1,Lens,Nice,1663.61,1564.45,63.18,62.64,0.698925,A,H,0.0
2024-03-16,Bundesliga,Wolfsburg,Augsburg,1466.53,1462.3,62.75,63.07,0.57593,A,H,0.0
2024-03-16,Bundesliga,Hoffenheim,Stuttgart,1468.85,1561.51,63.17,62.98,0.440095,A,A,1.0
2024-03-16,LaLiga,Getafe,Girona,1491.05,1629.32,62.78,64.54,0.378052,H,A,0.0
2024-03-16,EPL,Fulham,Tottenham,1481.49,1616.95,63.36,63.14,0.381706,H,A,0.0
2024-03-16,EPL,Luton,Nott'm Forest,1369.45,1415.33,78.44,65.06,0.505807,D,H,
2024-03-16,Bundesliga,Union Berlin,Werder Bremen,1497.27,1441.81,63.11,64.23,0.644479,H,H,1.0
2024-03-16,Bundesliga,Mainz,Bochum,1422.58,1442.28,63.46,63.39,0.542645,H,H,1.0
2024-03-16,Bundesliga,Heidenheim,M'gladbach,1462.26,1465.2,76.6,63.28,0.56602,D,H,
2024-03-16,Bundesliga,Darmstadt,Bayern Munich,1310.39,1710.62,80.27,67.95,0.1223,A,A,1.0
2024-03-16,LaLiga,Mallorca,Granada,1469.18,1357.14,63.06,66.4,0.713558,H,H,1.0
2024-03-16,EPL,Burnley,Brentford,1336.57,1470.58,67.65,63.61,0.383662,H,A,0.0
2024-03-16,LaLiga,Osasuna,Real Madrid,1505.36,1758.01,62.55,67.69,0.242226,A,A,1.0
2024-03-16,SerieA,Udinese,Torino,1474.75,1532.52,63.5,62.46,0.489045,A,A,1.0
2024-03-16,SerieA,Monza,Cagliari,1540.11,1415.96,63.72,66.08,0.727335,H,H,1.0
2024-03-17,Ligue1,Brest,Lille,1590.96,1621.02,62.5,63.14,0.528103,D,H,
2024-03-17,Ligue1,Rennes,Marseille,1591.1,1599.2,62.74,63.23,0.558838,H,H,1.0
2024-03-17,LaLiga,Villarreal,Valencia,1548.18,1522.37,62.84,62.8,0.605397,H,H,1.0
2024-03-17,Ligue1,Reims,Metz,1528.31,1407.45,62.66,66.0,0.723654,H,H,1.0
2024-03-17,Ligue1,Clermont,Le Havre,1450.82,1489.84,62.62,75.15,0.515363,H,H,1.0
2024-03-17,Ligue1,Monaco,Lorient,1628.73,1467.67,63.09,62.42,0.767066,D,H,
2024-03-17,Ligue1,Montpellier,Paris SG,1489.35,1750.61,62.55,66.22,0.233241,A,A,1.0
2024-03-17,SerieA,Inter,Napoli,1799.55,1644.25,66.39,65.58,0.760789,D,H,
2024-03-17,SerieA,Verona,Milan,1433.66,1693.3,63.86,64.97,0.234712,A,A,1.0
2024-03-17,LaLiga,Vallecano,Betis,1442.37,1569.73,62.97,62.75,0.392523,H,A,0.0
2024-03-17,LaLiga,Ath Madrid,Barcelona,1663.07,1715.71,65.77,66.86,0.496289,A,A,1.0
2024-03-17,SerieA,Juventus,Genoa,1665.83,1464.15,65.26,65.68,0.805067,D,H,
2024-03-17,EPL,West Ham,Aston Villa,1514.89,1604.06,62.9,63.52,0.444961,D,A,
2024-03-17,LaLiga,Sevilla,Celta,1500.04,1439.49,62.83,63.3,0.651113,A,H,0.0
2024-03-17,Bundesliga,Freiburg,Leverkusen,1525.42,1709.49,62.87,64.78,0.319528,A,A,1.0
2024-03-17,SerieA,Roma,Sassuolo,1610.7,1421.48,62.78,62.9,0.794202,H,H,1.0
2024-03-17,LaLiga,Las Palmas,Almeria,1516.5,1351.63,73.58,66.02,0.770398,A,H,0.0
2024-03-17,Bundesliga,Dortmund,Ein Frankfurt,1654.63,1555.89,65.23,62.8,0.698399,H,H,1.0
2024-03-29,Ligue1,Lille,Lens,1621.65,1647.87,62.98,63.17,0.533504,H,H,1.0
2024-03-29,LaLiga,Cadiz,Granada,1426.04,1350.05,62.69,66.25,0.670343,H,H,1.0
2024-03-30,EPL,Newcastle,West Ham,1563.12,1516.11,63.38,62.76,0.633598,H,H,1.0
2024-03-30,EPL,Bournemouth,Everton,1472.67,1457.34,64.94,63.3,0.591144,H,H,1.0
2024-03-30,EPL,Chelsea,Burnley,1536.51,1352.31,63.0,67.27,0.788921,D,H,
2024-03-30,EPL,Nott'm Forest,Crystal Palace,1415.46,1446.97,64.8,63.12,0.52607,D,H,
2024-03-30,EPL,Sheffield United,Fulham,1286.55,1495.45,75.49,63.24,0.289703,D,A,
2024-03-30,EPL,Tottenham,Luton,1603.08,1369.25,63.03,77.23,0.830177,H,H,1.0
2024-03-30,EPL,Aston Villa,Wolves,1602.81,1508.88,63.34,62.98,0.692637,H,H,1.0
2024-03-30,EPL,Brentford,Man United,1456.61,1608.47,63.48,63.65,0.360152,D,A,
2024-03-30,Ligue1,Metz,Monaco,1400.69,1622.71,65.88,63.21,0.27471,A,A,1.0
2024-03-30,Ligue1,Lyon,Reims,1568.93,1534.44,62.01,62.72,0.617044,D,H,
2024-03-30,SerieA,Fiorentina,Milan,1565.71,1698.89,62.59,65.0,0.384863,A,A,1.0
2024-03-30,SerieA,Lazio,Juventus,1584.57,1658.48,63.06,65.38,0.466358,H,A,0.0
2024-03-30,SerieA,Torino,Monza,1543.24,1546.35,62.33,63.74,0.565755,H,H,1.0
2024-03-30,Bundesliga,Bayern Munich,Dortmund,1713.85,1661.85,68.2,65.11,0.639919,A,H,0.0
2024-03-30,Bundesliga,Werder Bremen,Wolfsburg,1433.57,1453.78,64.08,62.63,0.541959,A,H,0.0
2024-03-30,Bundesliga,RB Leipzig,Mainz,1629.53,1432.92,64.6,63.28,0.800879,D,H,
2024-03-30,Bundesliga,M'gladbach,Freiburg,1466.65,1518.3,63.14,62.85,0.497671,A,A,1.0
2024-03-30,Bundesliga,Leverkusen,Hoffenheim,1717.02,1458.99,64.65,63.02,0.85053,H,H,1.0
2024-03-30,Bundesliga,Ein Frankfurt,Union Berlin,1549.18,1505.24,62.81,63.03,0.629538,D,H,
2024-03-30,SerieA,Napoli,Atalanta,1650.57,1603.61,65.57,62.99,0.633506,A,H,0.0
2024-03-30,LaLiga,Getafe,Sevilla,1504.83,1485.56,62.7,62.77,0.59654,A,H,0.0
2024-03-30,LaLiga,Almeria,Osasuna,1370.43,1500.0,66.01,62.68,0.389534,A,A,1.0
2024-03-30,LaLiga,Valencia,Mallorca,1513.61,1475.6,62.69,63.09,0.621708,D,H,
2024-03-30,LaLiga,Barcelona,Las Palmas,1728.07,1493.25,66.47,73.19,0.831604,H,H,1.0
2024-03-30,SerieA,Genoa,Frosinone,1471.59,1382.62,65.78,74.03,0.685423,D,H,
2024-03-31,EPL,Man City,Arsenal,1774.27,1712.81,69.21,65.96,0.65203,D,H,
2024-03-31,Ligue1,Clermont,Toulouse,1461.42,1488.43,62.51,63.55,0.532382,A,H,0.0
2024-03-31,Ligue1,Le Havre,Montpellier,1474.79,1484.19,74.19,62.7,0.557054,A,H,0.0
2024-03-31,Ligue1,Marseille,Paris SG,1589.3,1756.37,63.07,66.19,0.340849,A,A,1.0
2024-03-31,LaLiga,Real Madrid,Ath Bilbao,1764.23,1602.71,67.56,62.4,0.76753,H,H,1.0
2024-03-31,EPL,Liverpool,Brighton,1731.2,1543.8,66.35,63.1,0.792491,H,H,1.0
2024-03-31,Ligue1,Nice,Nantes,1579.94,1425.87,62.66,63.03,0.759856,A,H,0.0
2024-03-31,Ligue1,Lorient,Brest,1473.57,1590.34,62.57,62.38,0.40684,A,A,1.0
2024-03-31,Bundesliga,Stuttgart,Heidenheim,1571.32,1460.13,62.84,75.56,0.711414,D,H,
2024-03-31,Bundesliga,Augsburg,FC Koln,1475.18,1427.32,62.93,63.01,0.634686,D,H,
2024-03-31,LaLiga,Alaves,Sociedad,1435.87,1591.53,65.73,63.35,0.355191,A,A,1.0
2024-03-31,LaLiga,Girona,Betis,1614.78,1556.27,64.36,62.65,0.648545,H,H,1.0
2024-03-31,Bundesliga,Bochum,Darmstadt,1431.97,1305.98,63.22,80.05,0.727485,D,H,
2024-03-31,LaLiga,Celta,Vallecano,1454.18,1455.92,63.21,62.86,0.567685,D,H,
2024-03-31,Ligue1,Strasbourg,Rennes,1492.97,1600.86,62.26,62.61,0.419008,H,A,0.0
2024-04-01,SerieA,Bologna,Salernitana,1618.67,1361.62,62.69,63.96,0.849695,H,H,1.0
2024-04-01,SerieA,Sassuolo,Udinese,1416.85,1463.68,63.09,63.31,0.504466,D,H,
2024-04-01,SerieA,Lecce,Roma,1426.88,1615.31,64.64,62.97,0.314017,D,A,
2024-04-01,SerieA,Inter,Empoli,1793.09,1429.05,66.34,63.31,0.911868,H,H,1.0
2024-04-01,LaLiga,Villarreal,Ath Madrid,1556.95,1651.1,62.74,65.45,0.438107,A,A,1.0
2024-04-01,SerieA,Cagliari,Verona,1409.27,1428.25,65.97,63.94,0.543633,D,H,
2024-04-02,EPL,West Ham,Tottenham,1507.98,1606.89,62.68,63.32,0.431433,D,A,
2024-04-02,EPL,Newcastle,Everton,1571.4,1448.14,63.27,63.16,0.726689,D,H,
2024-04-02,EPL,Nott'm Forest,Fulham,1414.85,1490.77,64.54,63.25,0.46349,H,A,0.0
2024-04-02,EPL,Burnley,Wolves,1359.7,1502.0,67.25,62.97,0.372618,D,A,
2024-04-02,EPL,Bournemouth,Crystal Palace,1482.33,1447.55,64.7,62.95,0.617406,H,H,1.0
2024-04-03,EPL,Brentford,Brighton,1459.78,1539.11,63.37,63.28,0.45872,D,A,
2024-04-03,EPL,Man City,Aston Villa,1770.21,1609.77,68.78,63.31,0.766329,H,H,1.0
2024-04-03,EPL,Arsenal,Luton,1716.5,1363.66,65.73,76.9,0.904894,H,H,1.0
2024-04-04,LaLiga,Granada,Valencia,1341.94,1510.92,66.02,62.61,0.338105,A,A,1.0
2024-04-04,EPL,Chelsea,Man United,1530.02,1605.28,63.18,63.53,0.464423,H,A,0.0
2024-04-04,EPL,Liverpool,Sheffield United,1736.36,1293.19,66.38,74.79,0.940598,H,H,1.0
2024-04-05,SerieA,Salernitana,Sassuolo,1358.12,1416.75,64.25,62.93,0.487823,D,A,
2024-04-05,Bundesliga,Ein Frankfurt,Werder Bremen,1546.3,1421.09,62.72,63.87,0.728788,D,H,
2024-04-05,Ligue1,Lille,Marseille,1632.04,1581.67,62.83,63.01,0.637969,H,H,1.0
2024-04-06,EPL,Crystal Palace,Man City,1439.03,1776.43,62.85,68.63,0.165689,A,A,1.0
2024-04-06,SerieA,Milan,Lecce,1708.01,1431.25,64.78,64.53,0.863267,H,H,1.0
2024-04-06,EPL,Aston Villa,Brentford,1604.46,1460.71,63.42,63.2,0.749049,D,H,
2024-04-06,EPL,Everton,Burnley,1453.25,1362.92,63.2,66.91,0.687872,H,H,1.0
2024-04-06,SerieA,Roma,Lazio,1611.15,1596.47,62.95,62.91,0.590286,H,H,1.0
2024-04-06,SerieA,Empoli,Torino,1427.02,1552.73,63.83,62.23,0.394718,H,A,0.0
2024-04-06,Ligue1,Lens,Le Havre,1637.42,1457.88,63.0,73.31,0.783629,D,H,
2024-04-06,Bundesliga,Heidenheim,Bayern Munich,1466.87,1697.25,74.87,67.82,0.265981,H,A,0.0
2024-04-06,Ligue1,Paris SG,Clermont,1764.73,1449.73,65.95,62.38,0.887063,D,H,
2024-04-06,Bundesliga,Freiburg,RB Leipzig,1529.35,1622.41,62.7,64.74,0.439592,A,A,1.0
2024-04-06,Bundesliga,Dortmund,Stuttgart,1677.01,1566.64,64.91,62.88,0.712044,A,H,0.0
2024-04-06,Bundesliga,Union Berlin,Leverkusen,1508.14,1720.58,62.94,64.92,0.285806,A,A,1.0
2024-04-06,Bundesliga,Mainz,Darmstadt,1439.75,1314.09,63.48,79.12,0.727251,H,H,1.0
2024-04-06,Bundesliga,FC Koln,Bochum,1430.33,1426.89,62.92,63.27,0.57484,H,H,1.0
2024-04-06,EPL,Fulham,Newcastle,1478.73,1566.27,63.09,63.3,0.447227,A,A,1.0
2024-04-06,EPL,Luton,Bournemouth,1360.53,1491.31,76.98,64.5,0.388035,H,A,0.0
2024-04-06,EPL,Wolves,West Ham,1499.17,1509.5,62.88,62.56,0.55577,A,H,0.0
2024-04-06,EPL,Brighton,Arsenal,1538.18,1718.83,63.12,66.16,0.323874,A,A,1.0
2024-04-07,Bundesliga,Wolfsburg,M'gladbach,1465.72,1455.51,62.5,62.97,0.584152,A,H,0.0
2024-04-07,Ligue1,Brest,Metz,1599.25,1393.98,62.29,65.78,0.808213,H,H,1.0
2024-04-07,Ligue1,Reims,Nice,1537.03,1563.03,62.63,62.79,0.533829,D,H,
2024-04-07,Ligue1,Monaco,Rennes,1628.91,1588.04,63.25,62.5,0.625523,H,H,1.0
2024-04-07,Ligue1,Toulouse,Strasbourg,1500.5,1505.65,63.36,62.17,0.562993,D,H,
2024-04-07,Ligue1,Nantes,Lyon,1442.97,1566.39,63.13,61.96,0.397782,A,A,1.0
2024-04-07,Ligue1,Montpellier,Lorient,1496.4,1464.6,62.58,62.47,0.61346,H,H,1.0
2024-04-07,Bundesliga,Hoffenheim,Augsburg,1455.6,1472.17,63.35,62.85,0.547036,H,H,1.0
2024-04-07,SerieA,Frosinone,Bologna,1388.27,1622.04,73.37,63.03,0.261668,D,A,
2024-04-07,SerieA,Cagliari,Atalanta,1408.21,1617.74,65.64,62.91,0.28894,H,A,0.0
2024-04-07,SerieA,Verona,Genoa,1429.25,1467.12,63.74,65.62,0.517086,A,H,0.0
2024-04-07,EPL,Man United,Liverpool,1593.15,1737.85,63.35,66.92,0.369758,D,A,
2024-04-07,EPL,Sheffield United,Chelsea,1291.33,1542.02,75.14,63.01,0.243636,D,A,
2024-04-07,EPL,Tottenham,Nott'm Forest,1605.34,1427.37,63.16,64.3,0.783442,H,H,1.0
2024-04-07,SerieA,Juventus,Fiorentina,1645.72,1557.23,65.08,62.51,0.686102,H,H,1.0
2024-04-07,SerieA,Monza,Napoli,1536.45,1635.3,63.55,65.34,0.431591,A,A,1.0
2024-04-08,SerieA,Udinese,Inter,1463.79,1795.3,63.13,66.76,0.170039,A,A,1.0
2024-04-12,SerieA,Lazio,Salernitana,1587.35,1358.4,62.79,64.02,0.828299,H,H,1.0
2024-04-12,LaLiga,Betis,Celta,1548.49,1452.66,62.6,63.06,0.694912,H,H,1.0
2024-04-12,Ligue1,Metz,Lens,1389.29,1631.07,65.88,63.17,0.253048,H,A,0.0
2024-04-12,Bundesliga,Augsburg,Union Berlin,1462.12,1501.75,62.71,62.97,0.514631,H,H,1.0
2024-04-13,Ligue1,Strasbourg,Reims,1507.02,1536.29,62.07,62.49,0.529231,H,H,1.0
2024-04-13,SerieA,Lecce,Empoli,1428.01,1440.88,64.85,63.66,0.552186,H,H,1.0
2024-04-13,LaLiga,Cadiz,Barcelona,1433.33,1732.26,62.66,66.62,0.197509,A,A,1.0
2024-04-13,SerieA,Bologna,Monza,1616.75,1526.67,63.1,63.39,0.687941,D,H,
2024-04-13,SerieA,Torino,Juventus,1539.53,1653.19,62.16,64.95,0.411222,D,A,
2024-04-13,Ligue1,Rennes,Toulouse,1579.8,1499.08,62.44,63.2,0.676512,A,H,0.0
2024-04-13,EPL,Bournemouth,Man United,1477.18,1596.08,64.32,63.24,0.403984,D,A,
2024-04-13,LaLiga,Ath Madrid,Girona,1661.6,1622.96,65.16,64.21,0.622458,H,H,1.0
2024-04-13,EPL,Man City,Luton,1780.82,1380.45,68.69,75.97,0.925554,H,H,1.0
2024-04-13,EPL,Nott'm Forest,Wolves,1422.3,1486.82,64.4,62.74,0.47952,D,A,
2024-04-13,Bundesliga,Bochum,Heidenheim,1417.33,1489.67,63.12,74.29,0.468744,D,A,
2024-04-13,Bundesliga,Bayern Munich,FC Koln,1678.47,1439.79,67.64,62.79,0.83613,H,H,1.0
2024-04-13,EPL,Newcastle,Tottenham,1576.33,1610.24,63.13,63.32,0.522691,H,H,1.0
2024-04-13,Bundesliga,M'gladbach,Dortmund,1468.54,1660.11,62.84,64.84,0.310401,A,A,1.0
2024-04-13,Bundesliga,RB Leipzig,Wolfsburg,1632.73,1452.88,64.49,62.4,0.785485,H,H,1.0
2024-04-13,EPL,Brentford,Sheffield United,1466.34,1299.38,63.28,74.61,0.771236,H,H,1.0
2024-04-13,EPL,Burnley,Brighton,1355.1,1530.92,66.68,63.08,0.329562,D,A,
2024-04-13,LaLiga,Mallorca,Real Madrid,1478.32,1770.21,62.98,67.47,0.203991,A,A,1.0
2024-04-13,LaLiga,Vallecano,Getafe,1457.42,1491.64,62.73,62.59,0.522265,D,H,
2024-04-13,Bundesliga,Stuttgart,Ein Frankfurt,1582.52,1541.21,62.91,62.79,0.626087,H,H,1.0
2024-04-13,Bundesliga,Mainz,Hoffenheim,1445.89,1465.81,63.52,63.18,0.542352,H,H,1.0
2024-04-14,SerieA,Sassuolo,Milan,1416.48,1711.27,62.78,65.09,0.201009,D,A,
2024-04-14,Bundesliga,Darmstadt,Freiburg,1304.74,1519.64,78.26,62.58,0.282708,A,A,1.0
2024-04-14,Bundesliga,Leverkusen,Werder Bremen,1727.36,1426.37,64.84,63.87,0.878702,H,H,1.0
2024-04-14,SerieA,Napoli,Frosinone,1645.61,1395.42,65.06,72.88,0.843378,D,H,
2024-04-14,Ligue1,Clermont,Montpellier,1458.33,1504.93,62.84,62.5,0.504809,D,H,
2024-04-14,Ligue1,Le Havre,Nantes,1466.45,1434.05,72.98,63.01,0.614231,A,H,0.0
2024-04-14,SerieA,Inter,Cagliari,1799.58,1425.44,66.89,65.52,0.916094,D,H,
2024-04-14,LaLiga,Las Palmas,Sevilla,1488.21,1498.79,73.05,62.66,0.555422,A,H,0.0
2024-04-14,LaLiga,Granada,Alaves,1333.68,1427.27,65.8,65.5,0.438885,H,A,0.0
2024-04-14,LaLiga,Ath Bilbao,Villarreal,1597.58,1547.27,62.55,62.61,0.637915,D,H,
2024-04-14,LaLiga,Sociedad,Almeria,1599.55,1360.93,63.26,65.73,0.83568,D,H,
2024-04-14,EPL,West Ham,Fulham,1521.73,1468.73,62.44,62.94,0.641393,A,H,0.0
2024-04-14,EPL,Liverpool,Crystal Palace,1734.58,1435.31,66.6,63.15,0.877758,A,H,0.0
2024-04-14,Ligue1,Lyon,Brest,1575.0,1603.48,61.9,62.54,0.530339,H,H,1.0
2024-04-14,EPL,Arsenal,Aston Villa,1726.77,1598.8,65.95,63.49,0.731904,A,H,0.0
2024-04-15,LaLiga,Osasuna,Valencia,1508.61,1518.39,62.59,62.58,0.556526,A,H,0.0
2024-04-15,SerieA,Fiorentina,Genoa,1550.31,1479.56,62.51,65.3,0.663877,D,H,
2024-04-15,SerieA,Atalanta,Verona,1601.87,1417.49,62.93,63.54,0.789615,D,H,
2024-04-15,EPL,Chelsea,Everton,1536.34,1460.27,63.12,63.18,0.670741,H,H,1.0
2024-04-19,SerieA,Genoa,Lazio,1483.49,1591.21,65.12,63.07,0.419271,A,A,1.0
2024-04-19,SerieA,Cagliari,Juventus,1435.64,1651.09,65.99,64.7,0.282327,D,A,
2024-04-19,Bundesliga,Ein Frankfurt,Augsburg,1532.91,1472.85,62.7,62.57,0.650551,H,H,1.0
2024-04-19,LaLiga,Ath Bilbao,Granada,1594.54,1347.24,62.49,65.49,0.842314,D,H,
2024-04-19,Ligue1,Nice,Lorient,1563.78,1456.11,62.65,62.4,0.70896,H,H,1.0
2024-04-20,LaLiga,Valencia,Betis,1530.64,1555.25,62.46,62.61,0.53579,A,H,0.0
2024-04-20,EPL,Wolves,Arsenal,1486.37,1708.86,62.6,65.85,0.274496,A,A,1.0
2024-04-20,LaLiga,Girona,Cadiz,1614.23,1428.93,64.04,62.88,0.790555,H,H,1.0
2024-04-20,LaLiga,Vallecano,Osasuna,1456.93,1496.34,62.59,62.47,0.514942,H,H,1.0
2024-04-20,LaLiga,Celta,Las Palmas,1445.81,1471.84,63.04,72.26,0.533572,H,H,1.0
2024-04-20,SerieA,Empoli,Napoli,1430.7,1637.39,63.48,65.3,0.29251,H,A,0.0
2024-04-20,SerieA,Verona,Udinese,1424.12,1459.94,63.69,63.41,0.520002,H,H,1.0
2024-04-20,Bundesliga,Wolfsburg,Bochum,1448.13,1418.02,62.59,62.97,0.61117,H,H,1.0
2024-04-20,Bundesliga,Hoffenheim,M'gladbach,1455.55,1461.63,63.02,62.84,0.561672,H,H,1.0
2024-04-20,Bundesliga,Heidenheim,RB Leipzig,1488.71,1637.78,73.39,64.59,0.363852,A,A,1.0
2024-04-20,Bundesliga,FC Koln,Darmstadt,1436.1,1295.18,63.09,77.4,0.74409,A,H,0.0
2024-04-20,Ligue1,Nantes,Rennes,1447.67,1564.92,62.91,62.43,0.406188,A,A,1.0
2024-04-20,Ligue1,Lens,Clermont,1614.24,1458.23,63.25,62.7,0.761899,H,H,1.0
2024-04-20,Bundesliga,Union Berlin,Bayern Munich,1490.94,1682.71,62.81,67.75,0.310478,A,A,1.0
2024-04-20,EPL,Sheffield United,Burnley,1292.33,1359.35,74.17,66.43,0.476055,A,A,1.0
2024-04-20,EPL,Luton,Brentford,1378.05,1471.49,76.2,63.41,0.43901,A,A,1.0
2024-04-21,Bundesliga,Freiburg,Mainz,1525.88,1456.26,62.64,63.33,0.66265,D,H,
2024-04-21,Bundesliga,Dortmund,Leverkusen,1667.45,1730.27,64.72,65.2,0.481945,D,A,
2024-04-21,EPL,Aston Villa,Bournemouth,1615.43,1479.41,63.52,64.12,0.740649,H,H,1.0
2024-04-21,EPL,Crystal Palace,West Ham,1455.27,1507.64,63.56,62.39,0.49666,H,A,0.0
2024-04-21,EPL,Fulham,Liverpool,1483.05,1712.42,62.86,66.89,0.266974,A,A,1.0
2024-04-21,LaLiga,Getafe,Sociedad,1492.13,1591.91,62.46,63.54,0.430232,D,A,
2024-04-21,LaLiga,Almeria,Villarreal,1369.17,1550.32,65.91,62.55,0.322888,A,A,1.0
2024-04-21,LaLiga,Alaves,Ath Madrid,1413.83,1670.58,65.21,64.93,0.237638,H,A,0.0
2024-04-21,LaLiga,Real Madrid,Barcelona,1775.43,1737.2,67.46,66.67,0.621733,H,H,1.0
2024-04-21,SerieA,Salernitana,Fiorentina,1354.4,1546.7,64.25,62.49,0.309281,A,A,1.0
2024-04-21,EPL,Everton,Nott'm Forest,1452.86,1422.78,63.12,64.16,0.611052,H,H,1.0
2024-04-21,SerieA,Monza,Atalanta,1530.93,1595.36,63.35,63.11,0.479646,A,A,1.0
2024-04-21,Ligue1,Le Havre,Metz,1448.35,1407.56,72.25,65.82,0.625182,A,H,0.0
2024-04-21,Ligue1,Lille,Strasbourg,1640.09,1517.23,62.75,61.97,0.726388,H,H,1.0
2024-04-21,SerieA,Sassuolo,Lecce,1423.17,1438.55,62.99,64.59,0.548649,A,H,0.0
2024-04-21,SerieA,Torino,Frosinone,1541.46,1405.71,62.08,72.81,0.739201,D,H,
2024-04-21,Ligue1,Paris SG,Lyon,1755.12,1585.13,66.3,61.81,0.77603,H,H,1.0
2024-04-21,Bundesliga,Werder Bremen,Stuttgart,1423.54,1590.85,64.26,62.82,0.340232,H,A,0.0
2024-04-21,Ligue1,Toulouse,Marseille,1514.32,1573.58,63.15,62.93,0.486935,D,A,
2024-04-21,Ligue1,Brest,Monaco,1593.15,1637.33,62.41,63.13,0.508201,A,H,0.0
2024-04-21,Ligue1,Reims,Montpellier,1525.95,1505.03,62.37,62.37,0.598794,A,H,0.0
2024-04-22,LaLiga,Sevilla,Mallorca,1510.96,1473.74,62.55,63.18,0.620649,H,H,1.0
2024-04-22,SerieA,Roma,Bologna,1620.28,1612.53,62.83,63.08,0.580785,A,H,0.0
2024-04-22,SerieA,Milan,Inter,1704.09,1788.96,65.19,67.32,0.451087,A,A,1.0
2024-04-23,EPL,Arsenal,Chelsea,1715.55,1543.73,65.75,63.07,0.777655,H,H,1.0
2024-04-24,EPL,Everton,Liverpool,1461.57,1719.12,63.01,66.75,0.237075,H,A,0.0
2024-04-24,Ligue1,Monaco,Lille,1648.71,1646.19,62.97,62.81,0.573594,H,H,1.0
2024-04-24,EPL,Wolves,Bournemouth,1480.29,1473.39,62.67,64.14,0.579569,A,H,0.0
2024-04-24,EPL,Crystal Palace,Newcastle,1466.68,1587.02,63.36,62.97,0.402027,H,A,0.0
2024-04-24,EPL,Man United,Sheffield United,1593.93,1277.93,63.11,73.29,0.886158,H,H,1.0
2024-04-24,Ligue1,Marseille,Nice,1573.29,1570.23,62.77,62.68,0.574328,D,H,
2024-04-24,Ligue1,Lorient,Paris SG,1449.7,1760.68,62.44,66.29,0.18692,A,A,1.0
2024-04-25,EPL,Brighton,Man City,1527.11,1782.81,63.03,69.11,0.239289,A,A,1.0
2024-04-25,SerieA,Udinese,Roma,1449.11,1607.4,63.23,62.7,0.35175,A,A,1.0
2024-04-26,SerieA,Frosinone,Salernitana,1412.83,1347.21,72.36,64.17,0.657491,H,H,1.0
2024-04-26,Ligue1,Montpellier,Nantes,1518.15,1438.63,62.28,62.79,0.675072,D,H,
2024-04-26,Bundesliga,Bochum,Hoffenheim,1409.34,1465.33,62.87,62.87,0.491548,H,A,0.0
2024-04-26,LaLiga,Sociedad,Real Madrid,1590.33,1785.02,63.37,67.1,0.306896,A,A,1.0
2024-04-27,SerieA,Lazio,Verona,1600.57,1435.04,62.93,63.49,0.771402,H,H,1.0
2024-04-27,SerieA,Juventus,Milan,1645.97,1693.39,64.65,64.92,0.503641,D,H,
2024-04-27,SerieA,Lecce,Monza,1451.38,1520.13,64.35,63.17,0.473566,D,A,
2024-04-27,LaLiga,Alaves,Celta,1432.11,1456.17,65.22,62.9,0.536553,H,H,1.0
2024-04-27,LaLiga,Las Palmas,Girona,1458.39,1619.1,71.51,64.18,0.348761,A,A,1.0
2024-04-27,LaLiga,Almeria,Getafe,1361.29,1493.66,65.72,62.35,0.385769,A,A,1.0
2024-04-27,LaLiga,Ath Madrid,Ath Bilbao,1652.45,1586.92,64.96,62.82,0.657503,H,H,1.0
2024-04-27,EPL,West Ham,Liverpool,1496.62,1699.95,62.27,66.69,0.296605,D,A,
2024-04-27,EPL,Everton,Brentford,1478.7,1481.33,63.13,63.26,0.566434,H,H,1.0
2024-04-27,Bundesliga,Leverkusen,Stuttgart,1729.84,1576.19,64.91,62.77,0.759457,D,H,
2024-04-27,Bundesliga,RB Leipzig,Dortmund,1646.27,1667.87,64.42,64.46,0.539949,H,H,1.0
2024-04-27,Bundesliga,Freiburg,Wolfsburg,1522.28,1456.71,62.6,62.5,0.657594,A,H,0.0
2024-04-27,EPL,Fulham,Crystal Palace,1477.09,1480.17,62.93,63.22,0.565821,D,H,
2024-04-27,Ligue1,Paris SG,Le Havre,1765.32,1430.3,66.38,71.6,0.896718,D,H,
2024-04-27,Bundesliga,Augsburg,Werder Bremen,1465.13,1438.86,62.52,64.13,0.605934,A,H,0.0
2024-04-27,Bundesliga,Bayern Munich,Ein Frankfurt,1690.68,1540.66,67.47,62.65,0.755713,H,H,1.0
2024-04-27,EPL,Aston Villa,Chelsea,1621.34,1538.71,63.57,63.22,0.678866,D,H,
2024-04-27,EPL,Man United,Burnley,1596.5,1371.0,63.55,66.08,0.825229,D,H,
2024-04-27,EPL,Wolves,Luton,1467.5,1364.04,62.55,75.18,0.702507,H,H,1.0
2024-04-27,EPL,Newcastle,Sheffield United,1573.69,1274.51,62.85,73.39,0.876276,H,H,1.0
2024-04-28,Bundesliga,M'gladbach,Union Berlin,1451.9,1484.05,62.7,62.81,0.525179,D,H,
2024-04-28,SerieA,Atalanta,Empoli,1606.09,1446.77,62.95,63.47,0.765169,H,H,1.0
2024-04-28,Ligue1,Metz,Lille,1422.63,1636.73,65.58,62.68,0.283643,A,A,1.0
2024-04-28,Ligue1,Clermont,Reims,1452.92,1512.83,62.83,62.28,0.486015,H,A,0.0
2024-04-28,Ligue1,Lorient,Toulouse,1445.56,1514.61,62.7,62.99,0.47314,A,A,1.0
2024-04-28,Ligue1,Strasbourg,Nice,1511.27,1571.88,62.07,62.57,0.485038,A,A,1.0
2024-04-28,Ligue1,Rennes,Brest,1573.83,1582.02,62.34,62.29,0.55876,A,H,0.0
2024-04-28,Bundesliga,Mainz,FC Koln,1459.93,1419.5,63.26,63.18,0.624903,D,H,
2024-04-28,Bundesliga,Darmstadt,Heidenheim,1319.95,1477.87,76.7,72.67,0.353116,A,A,1.0
2024-04-28,Ligue1,Lyon,Monaco,1580.27,1658.22,62.01,62.83,0.460635,H,A,0.0
2024-04-28,EPL,Tottenham,Arsenal,1599.5,1720.98,63.14,65.77,0.400646,A,A,1.0
2024-04-28,SerieA,Bologna,Udinese,1625.52,1441.19,62.94,63.14,0.789614,D,H,
2024-04-28,SerieA,Napoli,Roma,1620.42,1615.19,65.19,62.65,0.577335,D,H,
2024-04-28,SerieA,Fiorentina,Sassuolo,1553.52,1410.95,62.5,62.84,0.74784,H,H,1.0
2024-04-28,Ligue1,Marseille,Lens,1571.64,1619.64,62.65,63.35,0.502827,H,H,1.0
2024-04-28,EPL,Bournemouth,Brighton,1486.77,1521.75,63.94,63.15,0.52118,H,H,1.0
2024-04-28,SerieA,Inter,Torino,1800.34,1536.27,66.91,62.2,0.854915,H,H,1.0
2024-04-28,EPL,Nott'm Forest,Man City,1413.79,1789.2,63.98,68.93,0.138246,A,A,1.0
2024-04-28,LaLiga,Cadiz,Mallorca,1424.23,1465.22,63.07,63.07,0.512707,D,H,
2024-04-28,LaLiga,Granada,Osasuna,1355.6,1485.7,65.7,62.34,0.388806,H,A,0.0
2024-04-28,LaLiga,Villarreal,Vallecano,1557.44,1467.61,62.54,62.45,0.687736,H,H,1.0
2024-04-28,LaLiga,Betis,Sevilla,1567.06,1519.32,62.48,62.47,0.634568,D,H,
2024-04-29,SerieA,Genoa,Cagliari,1473.54,1440.97,64.86,65.87,0.61426,H,H,1.0
2024-04-29,LaLiga,Barcelona,Valencia,1727.82,1518.89,66.36,62.33,0.811867,H,H,1.0
2024-05-02,EPL,Chelsea,Tottenham,1542.74,1590.54,63.18,63.02,0.503112,H,H,1.0
2024-05-03,Bundesliga,Hoffenheim,RB Leipzig,1454.04,1656.96,62.72,64.19,0.29681,D,A,
2024-05-03,EPL,Luton,Everton,1354.77,1488.4,74.49,62.98,0.384118,D,A,
2024-05-03,Ligue1,Lens,Lorient,1608.44,1435.11,63.17,62.56,0.779194,H,H,1.0
2024-05-03,Ligue1,Toulouse,Montpellier,1525.16,1514.31,62.83,62.28,0.585062,A,H,0.0
2024-05-03,LaLiga,Getafe,Ath Bilbao,1502.1,1579.31,62.28,62.77,0.461669,A,A,1.0
2024-05-03,SerieA,Torino,Bologna,1533.06,1619.01,62.58,63.12,0.449449,D,A,
2024-05-04,EPL,Brentford,Fulham,1471.59,1475.63,63.1,62.79,0.564506,D,H,
2024-05-04,EPL,Burnley,Newcastle,1379.05,1576.46,66.22,63.27,0.303231,A,A,1.0
2024-05-04,Ligue1,Brest,Nantes,1594.22,1442.52,62.18,62.76,0.75744,D,H,
2024-05-04,Ligue1,Metz,Rennes,1415.77,1561.61,65.47,62.23,0.367895,A,A,1.0
2024-05-04,Ligue1,Monaco,Clermont,1646.24,1464.32,62.69,62.68,0.78741,H,H,1.0
2024-05-04,Ligue1,Le Havre,Strasbourg,1441.84,1500.76,71.8,61.96,0.487403,H,A,0.0
2024-05-04,EPL,Man City,Wolves,1792.9,1474.03,69.08,62.6,0.889212,H,H,1.0
2024-05-04,Bundesliga,FC Koln,Freiburg,1422.3,1507.75,63.07,62.56,0.45013,D,A,
2024-05-04,Bundesliga,Werder Bremen,M'gladbach,1452.86,1451.35,63.95,62.56,0.5722,D,H,
2024-05-04,Bundesliga,Stuttgart,Bayern Munich,1581.97,1696.94,62.89,67.36,0.409573,H,A,0.0
2024-05-04,Bundesliga,Dortmund,Augsburg,1657.17,1451.81,64.23,62.44,0.808754,H,H,1.0
2024-05-04,SerieA,Sassuolo,Inter,1405.31,1804.03,62.94,67.11,0.123105,H,A,0.0
2024-05-04,EPL,Sheffield United,Nott'm Forest,1270.79,1410.58,73.43,64.32,0.376032,A,A,1.0
2024-05-04,EPL,Arsenal,Bournemouth,1730.67,1497.74,65.49,63.73,0.831509,H,H,1.0
2024-05-04,Bundesliga,Wolfsburg,Darmstadt,1471.2,1308.57,62.47,75.79,0.766747,H,H,1.0
2024-05-04,LaLiga,Sociedad,Las Palmas,1583.4,1448.49,63.34,70.94,0.738548,H,H,1.0
2024-05-04,LaLiga,Real Madrid,Cadiz,1792.76,1423.95,66.87,62.9,0.914059,H,H,1.0
2024-05-04,SerieA,Monza,Lazio,1519.54,1605.7,63.01,63.07,0.449142,D,A,
2024-05-04,LaLiga,Girona,Barcelona,1627.15,1732.51,64.05,66.44,0.422662,H,A,0.0
2024-05-04,LaLiga,Mallorca,Ath Madrid,1465.51,1660.56,62.9,64.79,0.306208,A,A,1.0
2024-05-05,Bundesliga,Heidenheim,Mainz,1488.14,1457.12,72.04,63.15,0.612367,D,H,
2024-05-05,LaLiga,Vallecano,Almeria,1460.73,1351.96,62.46,65.45,0.709896,A,H,0.0
2024-05-05,SerieA,Roma,Juventus,1616.89,1645.89,62.54,64.39,0.529581,D,H,
2024-05-05,SerieA,Milan,Genoa,1693.47,1482.62,64.65,64.65,0.813202,D,H,
2024-05-05,EPL,Chelsea,West Ham,1553.88,1501.07,63.01,62.32,0.641193,H,H,1.0
2024-05-05,EPL,Brighton,Aston Villa,1511.03,1617.27,62.99,63.51,0.421316,H,A,0.0
2024-05-05,LaLiga,Sevilla,Granada,1522.28,1370.38,62.41,65.44,0.757309,H,H,1.0
2024-05-05,EPL,Liverpool,Tottenham,1694.86,1579.45,66.49,62.86,0.717839,H,H,1.0
2024-05-05,LaLiga,Valencia,Alaves,1514.73,1443.14,62.59,64.94,0.664963,A,H,0.0
2024-05-05,LaLiga,Celta,Villarreal,1445.88,1564.34,62.75,62.55,0.404544,H,A,0.0
2024-05-05,LaLiga,Osasuna,Betis,1472.35,1564.1,62.27,62.42,0.441338,A,A,1.0
2024-05-05,SerieA,Verona,Fiorentina,1429.82,1559.1,63.6,62.61,0.389925,H,A,0.0
2024-05-05,SerieA,Empoli,Frosinone,1441.41,1422.77,63.57,71.74,0.595144,D,H,
2024-05-05,SerieA,Cagliari,Lecce,1431.61,1451.99,65.59,64.11,0.541676,D,H,
2024-05-05,Bundesliga,Ein Frankfurt,Leverkusen,1535.23,1723.66,62.77,64.93,0.31421,A,A,1.0
2024-05-05,Bundesliga,Union Berlin,Bochum,1484.6,1420.63,62.66,62.72,0.655532,A,H,0.0
2024-05-06,SerieA,Salernitana,Atalanta,1339.31,1611.36,64.05,63.07,0.22212,A,A,1.0
2024-05-06,SerieA,Udinese,Napoli,1447.74,1618.58,63.31,64.93,0.335978,D,A,
2024-05-06,EPL,Crystal Palace,Man United,1481.65,1589.05,63.06,63.79,0.419739,H,A,0.0
2024-05-06,Ligue1,Lille,Lyon,1643.03,1591.94,62.73,61.92,0.63899,A,H,0.0
2024-05-10,LaLiga,Alaves,Girona,1458.9,1640.41,64.78,63.86,0.322585,D,A,
2024-05-10,SerieA,Frosinone,Inter,1425.5,1781.54,71.08,67.38,0.151513,A,A,1.0
2024-05-10,Ligue1,Brest,Reims,1588.57,1501.62,62.33,62.17,0.684272,D,H,
2024-05-10,Ligue1,Nice,Le Havre,1582.56,1456.46,62.44,71.08,0.728855,H,H,1.0
2024-05-10,Bundesliga,Augsburg,Stuttgart,1447.56,1595.07,62.69,62.78,0.365759,A,A,1.0
2024-05-11,LaLiga,Ath Bilbao,Osasuna,1589.54,1462.72,62.63,62.17,0.730782,D,H,
2024-05-11,LaLiga,Mallorca,Las Palmas,1458.68,1441.16,62.9,70.59,0.593691,H,H,1.0
2024-05-11,LaLiga,Villarreal,Sevilla,1551.23,1527.63,62.45,62.55,0.602419,H,H,1.0
2024-05-11,Bundesliga,Freiburg,Heidenheim,1506.65,1484.91,62.44,71.38,0.599363,D,H,
2024-05-11,Bundesliga,M'gladbach,Ein Frankfurt,1452.93,1528.25,62.45,62.76,0.464332,D,A,
2024-05-11,Bundesliga,RB Leipzig,Werder Bremen,1652.23,1451.2,64.13,63.76,0.80477,D,H,
2024-05-11,Bundesliga,Mainz,Dortmund,1459.61,1661.65,63.05,64.4,0.297871,H,A,0.0
2024-05-11,LaLiga,Granada,Real Madrid,1364.52,1794.96,65.42,67.29,0.105112,A,A,1.0
2024-05-11,Bundesliga,FC Koln,Union Berlin,1423.42,1470.09,62.92,62.62,0.504694,H,H,1.0
2024-05-11,EPL,Bournemouth,Brentford,1493.85,1470.14,63.98,62.96,0.602537,A,H,0.0
2024-05-11,SerieA,Napoli,Bologna,1614.69,1617.87,64.77,62.96,0.565689,A,H,0.0
2024-05-11,EPL,Tottenham,Burnley,1573.16,1371.59,62.9,66.04,0.804923,H,H,1.0
2024-05-11,EPL,Newcastle,Brighton,1583.3,1523.93,63.25,62.85,0.649637,D,H,
2024-05-11,EPL,Nott'm Forest,Chelsea,1419.27,1561.9,64.16,62.93,0.372177,A,A,1.0
2024-05-11,EPL,Fulham,Man City,1477.06,1795.91,62.66,69.33,0.180717,A,A,1.0
2024-05-11,EPL,West Ham,Luton,1493.22,1358.32,62.27,73.66,0.738157,H,H,1.0
2024-05-11,EPL,Wolves,Crystal Palace,1471.53,1494.61,63.06,62.92,0.537919,A,H,0.0
2024-05-11,EPL,Everton,Sheffield United,1485.85,1259.58,62.89,72.69,0.824864,H,H,1.0
2024-05-11,SerieA,Milan,Cagliari,1686.05,1430.61,64.81,65.29,0.84835,H,H,1.0
2024-05-12,Ligue1,Rennes,Lens,1569.64,1613.43,62.19,63.31,0.508749,D,H,
2024-05-12,LaLiga,Betis,Almeria,1573.77,1369.08,62.31,65.34,0.807769,H,H,1.0
2024-05-12,Ligue1,Nantes,Lille,1448.27,1628.86,62.88,62.66,0.323601,A,A,1.0
2024-05-12,LaLiga,Valencia,Vallecano,1500.05,1445.1,62.56,62.51,0.643964,D,H,
2024-05-12,Ligue1,Marseille,Lorient,1582.6,1430.2,62.51,62.73,0.758176,H,H,1.0
2024-05-12,Ligue1,Clermont,Lyon,1459.58,1605.76,62.86,61.89,0.36743,A,A,1.0
2024-05-12,LaLiga,Ath Madrid,Celta,1667.79,1459.07,64.68,62.64,0.811645,H,H,1.0
2024-05-12,Ligue1,Strasbourg,Metz,1489.75,1406.93,61.88,65.24,0.678894,H,H,1.0
2024-05-12,Ligue1,Paris SG,Toulouse,1755.39,1512.16,66.75,62.71,0.839633,A,H,0.0
2024-05-12,Ligue1,Montpellier,Monaco,1527.09,1650.99,62.2,62.87,0.397195,A,A,1.0
2024-05-12,LaLiga,Cadiz,Getafe,1421.99,1492.02,63.43,62.17,0.471741,H,A,0.0
2024-05-12,SerieA,Atalanta,Roma,1616.37,1616.24,63.22,62.41,0.570302,H,H,1.0
2024-05-12,EPL,Man United,Arsenal,1575.79,1734.77,63.61,65.67,0.351116,A,A,1.0
2024-05-12,Bundesliga,Bayern Munich,Wolfsburg,1681.98,1476.32,66.97,62.63,0.808994,H,H,1.0
2024-05-12,Bundesliga,Bochum,Leverkusen,1435.17,1731.11,62.67,64.8,0.199935,A,A,1.0
2024-05-12,Bundesliga,Darmstadt,Hoffenheim,1301.17,1458.55,75.26,62.74,0.352919,A,A,1.0
2024-05-12,SerieA,Juventus,Salernitana,1646.57,1334.15,64.15,64.15,0.885373,D,H,
2024-05-12,SerieA,Verona,Torino,1443.69,1534.17,63.45,62.45,0.443102,A,A,1.0
2024-05-12,SerieA,Genoa,Sassuolo,1490.04,1425.13,64.81,63.35,0.656676,H,H,1.0
2024-05-12,SerieA,Lazio,Empoli,1604.56,1439.26,62.92,63.42,0.771183,H,H,1.0
2024-05-13,SerieA,Fiorentina,Monza,1545.65,1520.67,62.52,62.86,0.604263,H,H,1.0
2024-05-13,EPL,Aston Villa,Liverpool,1604.16,1701.87,63.35,66.34,0.433215,D,A,
2024-05-13,SerieA,Lecce,Udinese,1452.95,1451.44,63.9,63.24,0.572163,A,H,0.0
2024-05-13,LaLiga,Barcelona,Sociedad,1718.28,1589.3,66.1,63.4,0.733031,H,H,1.0
2024-05-14,LaLiga,Osasuna,Mallorca,1467.77,1467.67,62.26,62.79,0.570232,D,H,
2024-05-14,LaLiga,Real Madrid,Alaves,1797.66,1463.09,67.62,64.65,0.897394,H,H,1.0
2024-05-14,EPL,Tottenham,Man City,1577.54,1800.79,63.12,69.31,0.27408,A,A,1.0
2024-05-14,LaLiga,Girona,Villarreal,1636.34,1559.96,63.78,62.36,0.671207,A,H,0.0
2024-05-15,LaLiga,Getafe,Ath Madrid,1480.54,1672.26,62.06,64.84,0.310227,A,A,1.0
2024-05-15,LaLiga,Celta,Ath Bilbao,1454.86,1584.41,62.89,62.7,0.389572,H,A,0.0
2024-05-15,LaLiga,Vallecano,Granada,1448.27,1361.96,62.46,65.82,0.683113,H,H,1.0
2024-05-15,LaLiga,Sevilla,Cadiz,1518.88,1433.92,62.46,63.25,0.681713,A,H,0.0
2024-05-15,EPL,Brighton,Chelsea,1527.26,1570.19,62.79,62.84,0.509975,A,H,0.0
2024-05-15,Ligue1,Reims,Marseille,1505.64,1587.96,62.18,62.64,0.454503,H,A,0.0
2024-05-15,Ligue1,Nice,Paris SG,1588.51,1734.17,62.52,66.91,0.368493,A,A,1.0
2024-05-15,EPL,Man United,Newcastle,1567.81,1579.93,63.51,63.17,0.553244,H,H,1.0
2024-05-16,LaLiga,Sociedad,Valencia,1583.24,1496.88,63.43,62.51,0.683508,H,H,1.0
2024-05-16,LaLiga,Las Palmas,Betis,1429.93,1578.01,70.0,62.56,0.364989,D,A,
2024-05-16,LaLiga,Almeria,Barcelona,1364.44,1724.84,65.46,66.0,0.148191,A,A,1.0
2024-05-17,SerieA,Fiorentina,Napoli,1554.35,1601.4,62.44,64.52,0.504168,D,H,
2024-05-18,Bundesliga,Heidenheim,FC Koln,1487.73,1434.44,70.74,62.77,0.641791,H,H,1.0
2024-05-18,Bundesliga,Ein Frankfurt,RB Leipzig,1527.46,1645.13,62.62,64.29,0.405725,D,A,
2024-05-18,SerieA,Lecce,Atalanta,1439.84,1626.02,63.71,63.07,0.316763,A,A,1.0
2024-05-18,Bundesliga,Dortmund,Darmstadt,1645.25,1290.13,64.33,74.43,0.906323,H,H,1.0
2024-05-18,Bundesliga,Wolfsburg,Mainz,1472.05,1475.35,62.87,63.05,0.565521,A,H,0.0
2024-05-18,Bundesliga,Werder Bremen,Bochum,1458.23,1430.71,63.94,62.89,0.607681,H,H,1.0
2024-05-18,Bundesliga,Union Berlin,Freiburg,1459.18,1504.48,62.48,62.36,0.506625,H,H,1.0
2024-05-18,Bundesliga,Stuttgart,M'gladbach,1603.19,1453.72,62.7,62.33,0.755177,H,H,1.0
2024-05-18,Bundesliga,Leverkusen,Augsburg,1735.86,1439.47,64.92,62.62,0.87607,H,H,1.0
2024-05-18,Bundesliga,Hoffenheim,Bayern Munich,1466.35,1686.83,62.7,67.02,0.276897,H,A,0.0
2024-05-18,LaLiga,Alaves,Getafe,1460.63,1473.8,65.07,62.09,0.551818,H,H,1.0
2024-05-18,SerieA,Torino,Milan,1543.89,1689.67,62.34,65.07,0.368191,H,A,0.0
2024-05-19,SerieA,Udinese,Empoli,1464.29,1434.05,63.09,63.54,0.611301,D,H,
2024-05-19,SerieA,Monza,Frosinone,1511.87,1421.19,62.75,71.09,0.687829,A,H,0.0
2024-05-19,SerieA,Sassuolo,Cagliari,1417.37,1426.94,63.27,65.53,0.556725,A,H,0.0
2024-05-19,SerieA,Inter,Lazio,1785.44,1609.7,67.54,63.06,0.781458,D,H,
2024-05-19,SerieA,Roma,Genoa,1606.83,1498.14,62.3,64.65,0.709889,H,H,1.0
2024-05-19,LaLiga,Villarreal,Real Madrid,1574.68,1800.33,62.36,67.95,0.271232,D,A,
2024-05-19,EPL,Luton,Fulham,1350.45,1473.03,73.16,62.93,0.398974,A,A,1.0
2024-05-19,LaLiga,Betis,Sociedad,1575.06,1590.42,62.5,63.38,0.548723,A,H,0.0
2024-05-19,Ligue1,Toulouse,Brest,1530.93,1584.53,63.03,62.34,0.494926,A,A,1.0
2024-05-19,Ligue1,Reims,Rennes,1517.51,1569.44,62.08,62.08,0.497267,H,A,0.0
2024-05-19,Ligue1,Monaco,Nantes,1659.82,1441.05,62.76,62.85,0.820136,H,H,1.0
2024-05-19,Ligue1,Metz,Paris SG,1399.25,1743.39,65.08,66.59,0.160217,A,A,1.0
2024-05-19,Ligue1,Lyon,Strasbourg,1613.7,1496.68,61.87,61.91,0.719783,H,H,1.0
2024-05-19,EPL,Sheffield United,Tottenham,1254.42,1571.39,72.55,63.16,0.181409,A,A,1.0
2024-05-19,EPL,Man City,West Ham,1808.13,1498.93,69.02,62.39,0.883745,H,H,1.0
2024-05-19,Ligue1,Lorient,Clermont,1424.81,1451.4,62.85,62.78,0.532988,H,H,1.0
2024-05-19,EPL,Liverpool,Wolves,1700.23,1459.52,66.0,62.9,0.837683,H,H,1.0
2024-05-19,EPL,Crystal Palace,Aston Villa,1506.58,1605.67,62.77,63.19,0.431174,H,A,0.0
2024-05-19,EPL,Chelsea,Bournemouth,1581.5,1480.0,62.69,63.81,0.701569,H,H,1.0
2024-05-19,EPL,Burnley,Nott'm Forest,1366.79,1410.67,66.12,64.0,0.50863,A,H,0.0
2024-05-19,EPL,Brighton,Man United,1515.96,1577.93,62.65,63.33,0.483124,A,A,1.0
2024-05-19,EPL,Brentford,Newcastle,1483.57,1569.92,62.84,63.01,0.448872,A,A,1.0
2024-05-19,EPL,Arsenal,Everton,1743.25,1489.77,65.45,63.17,0.84721,H,H,1.0
2024-05-19,Ligue1,Le Havre,Marseille,1448.84,1575.92,70.7,62.51,0.392875,A,A,1.0
2024-05-19,LaLiga,Cadiz,Las Palmas,1449.3,1433.62,63.21,69.5,0.591279,D,H,
2024-05-19,Ligue1,Lens,Montpellier,1613.63,1518.44,63.13,62.12,0.69424,D,H,
2024-05-19,Ligue1,Lille,Nice,1636.02,1580.41,62.64,62.46,0.644821,D,H,
2024-05-19,LaLiga,Valencia,Girona,1489.9,1620.96,62.51,63.7,0.387607,A,A,1.0
2024-05-19,LaLiga,Ath Bilbao,Sevilla,1570.91,1503.87,62.61,62.46,0.659455,H,H,1.0
2024-05-19,LaLiga,Ath Madrid,Osasuna,1679.6,1466.23,64.73,62.16,0.815682,A,H,0.0
2024-05-19,LaLiga,Barcelona,Vallecano,1728.5,1455.24,66.23,62.47,0.861204,H,H,1.0
2024-05-19,LaLiga,Mallorca,Almeria,1469.23,1360.83,62.66,65.7,0.709428,D,H,
2024-05-19,LaLiga,Granada,Celta,1354.26,1468.45,65.64,62.78,0.410382,A,A,1.0
2024-05-20,SerieA,Bologna,Juventus,1630.46,1637.52,62.82,64.55,0.560252,D,H,
2024-05-20,SerieA,Salernitana,Verona,1343.21,1433.67,64.55,63.28,0.443158,A,A,1.0
2024-05-23,SerieA,Cagliari,Fiorentina,1440.31,1554.26,65.23,62.31,0.410679,A,A,1.0
2024-05-24,LaLiga,Girona,Granada,1629.8,1344.36,63.55,65.35,0.868834,H,H,1.0
2024-05-24,SerieA,Genoa,Bologna,1491.31,1629.13,64.58,62.69,0.378531,H,A,0.0
2024-05-25,SerieA,Juventus,Monza,1638.92,1496.66,64.31,62.76,0.747524,H,H,1.0
2024-05-25,LaLiga,Osasuna,Villarreal,1484.16,1579.7,62.44,62.44,0.436057,D,A,
2024-05-25,LaLiga,Sociedad,Ath Madrid,1602.8,1660.2,63.21,64.89,0.48957,A,A,1.0
2024-05-25,LaLiga,Almeria,Cadiz,1365.93,1447.26,65.58,63.08,0.455899,H,A,0.0
2024-05-25,SerieA,Milan,Salernitana,1674.66,1332.86,64.87,64.31,0.901124,D,H,
2024-05-25,LaLiga,Vallecano,Ath Bilbao,1452.14,1578.43,62.85,62.57,0.393942,A,A,1.0
2024-05-25,LaLiga,Real Madrid,Betis,1794.38,1563.01,67.75,62.38,0.830457,D,H,
2024-05-26,SerieA,Frosinone,Udinese,1440.58,1461.8,70.62,62.97,0.54052,A,H,0.0
2024-05-26,SerieA,Empoli,Roma,1436.58,1613.19,63.4,62.35,0.328503,H,A,0.0
2024-05-26,SerieA,Verona,Inter,1443.63,1778.2,63.12,67.49,0.167731,D,A,
2024-05-26,SerieA,Napoli,Lecce,1601.5,1432.6,64.27,63.65,0.774716,D,H,
2024-05-26,SerieA,Atalanta,Torino,1633.13,1557.71,63.04,62.29,0.670018,H,H,1.0
2024-05-26,SerieA,Lazio,Sassuolo,1616.02,1404.87,63.22,63.12,0.813661,D,H,
2024-05-26,LaLiga,Getafe,Mallorca,1464.09,1464.59,62.0,62.7,0.569405,A,H,0.0
2024-05-26,LaLiga,Las Palmas,Alaves,1436.08,1471.26,68.98,64.8,0.520873,D,H,
2024-05-26,LaLiga,Sevilla,Barcelona,1496.37,1731.97,62.43,66.47,0.260121,A,A,1.0
2024-05-26,LaLiga,Celta,Valencia,1477.53,1481.38,62.67,62.43,0.564793,D,H,
2024-06-02,SerieA,Atalanta,Fiorentina,1640.52,1563.23,62.99,62.23,0.672355,A,H,0.0
2024-08-15,LaLiga,Ath Bilbao,Getafe,1587.11,1451.76,64.8,64.23,0.739905,D,H,
2024-08-15,LaLiga,Betis,Girona,1570.3,1632.82,65.0,66.22,0.482379,D,A,
2024-08-16,EPL,Man United,Fulham,1588.81,1481.88,65.65,65.34,0.70776,H,H,1.0
2024-08-16,Ligue1,Le Havre,Paris SG,1437.94,1747.41,72.38,69.12,0.188625,A,A,1.0
2024-08-16,LaLiga,Las Palmas,Sevilla,1435.52,1490.65,70.58,64.85,0.492782,D,A,
2024-08-16,LaLiga,Celta,Alaves,1476.1,1471.75,64.86,66.8,0.575929,H,H,1.0
2024-08-17,LaLiga,Valencia,Barcelona,1482.8,1738.42,64.67,68.59,0.239285,A,A,1.0
2024-08-17,Ligue1,Reims,Lille,1528.41,1632.82,64.54,65.13,0.423919,A,A,1.0
2024-08-17,EPL,West Ham,Aston Villa,1496.33,1592.9,65.37,65.57,0.43475,A,A,1.0
2024-08-17,EPL,Nott'm Forest,Bournemouth,1422.32,1473.15,66.28,66.27,0.498834,D,A,
2024-08-17,EPL,Newcastle,Southampton,1579.94,1355.98,65.39,76.11,0.822438,H,H,1.0
2024-08-17,EPL,Everton,Brighton,1486.3,1505.31,66.0,65.06,0.543566,A,H,0.0
2024-08-17,SerieA,Empoli,Monza,1451.79,1491.03,65.66,65.23,0.515156,D,H,
2024-08-17,EPL,Arsenal,Wolves,1746.97,1455.85,68.11,65.73,0.872391,H,H,1.0
2024-08-17,EPL,Ipswich,Liverpool,1500.0,1704.24,200.0,68.59,0.29576,A,A,1.0
2024-08-17,SerieA,Genoa,Inter,1505.86,1769.62,66.73,69.78,0.231228,D,A,
2024-08-17,SerieA,Parma,Fiorentina,1267.41,1577.93,99.29,64.39,0.187055,D,A,
2024-08-17,LaLiga,Osasuna,Leganes,1485.56,1500.0,64.71,200.0,0.543098,D,H,
2024-08-17,SerieA,Milan,Torino,1665.01,1550.48,67.58,64.64,0.716626,D,H,
2024-08-17,Ligue1,Brest,Marseille,1595.34,1584.54,64.78,64.98,0.584874,A,H,0.0
2024-08-17,Ligue1,Monaco,St Etienne,1663.86,1415.69,65.55,83.54,0.840114,H,H,1.0
2024-08-18,SerieA,Verona,Napoli,1451.15,1595.08,65.74,66.67,0.370752,H,A,0.0
2024-08-18,SerieA,Cagliari,Roma,1430.52,1598.46,67.34,64.73,0.339612,D,A,
2024-08-18,Ligue1,Montpellier,Strasbourg,1522.67,1490.6,64.75,64.59,0.613682,D,H,
2024-08-18,Ligue1,Toulouse,Nantes,1519.89,1437.01,65.43,65.65,0.67892,D,H,
2024-08-18,Ligue1,Rennes,Lyon,1558.54,1619.77,64.57,64.55,0.484165,H,A,0.0
2024-08-18,LaLiga,Sociedad,Vallecano,1591.83,1443.38,65.43,65.15,0.753744,A,H,0.0
2024-08-18,Ligue1,Auxerre,Nice,1422.59,1583.6,80.79,65.0,0.348456,H,A,0.0
2024-08-18,LaLiga,Mallorca,Real Madrid,1477.19,1785.8,64.95,70.05,0.189509,D,A,
2024-08-18,Ligue1,Angers,Lens,1319.17,1609.26,77.25,65.67,0.205376,A,A,1.0
2024-08-18,EPL,Chelsea,Man City,1588.13,1811.28,65.27,71.58,0.274481,A,A,1.0
2024-08-18,SerieA,Bologna,Udinese,1615.39,1473.78,65.04,65.2,0.746518,D,H,
2024-08-18,SerieA,Lazio,Venezia,1608.89,1345.19,65.79,89.98,0.850225,H,H,1.0
2024-08-18,EPL,Brentford,Crystal Palace,1473.6,1519.18,65.27,65.21,0.50624,H,H,1.0
2024-08-19,LaLiga,Villarreal,Ath Madrid,1578.3,1671.74,64.78,66.98,0.43916,D,A,
2024-08-19,LaLiga,Valladolid,Espanol,1421.9,1441.03,76.65,75.28,0.543103,H,H,1.0
2024-08-19,EPL,Leicester,Tottenham,1444.29,1575.51,74.79,65.97,0.387555,D,A,
2024-08-19,SerieA,Lecce,Atalanta,1438.89,1625.47,66.12,65.15,0.316494,A,A,1.0
2024-08-19,SerieA,Juventus,Como,1644.82,1500.0,66.7,200.0,0.720483,H,H,1.0
2024-08-23,LaLiga,Celta,Valencia,1486.07,1477.16,64.62,64.71,0.582295,H,H,1.0
2024-08-23,LaLiga,Sevilla,Villarreal,1490.48,1579.73,64.59,64.53,0.444889,A,A,1.0
2024-08-23,Bundesliga,M'gladbach,Leverkusen,1448.32,1738.84,65.2,67.89,0.205306,A,A,1.0
2024-08-23,Ligue1,Paris SG,Montpellier,1752.47,1520.0,69.09,64.54,0.831035,H,H,1.0
2024-08-24,Ligue1,Lille,Angers,1642.88,1312.35,64.86,76.74,0.893622,H,H,1.0
2024-08-24,Ligue1,St Etienne,Le Havre,1409.6,1432.41,82.96,72.19,0.538067,A,H,0.0
2024-08-24,Ligue1,Lyon,Monaco,1607.75,1667.71,64.3,65.77,0.485973,A,A,1.0
2024-08-24,Bundesliga,RB Leipzig,Bochum,1642.94,1421.99,66.8,65.54,0.821572,H,H,1.0
2024-08-24,LaLiga,Osasuna,Mallorca,1484.68,1484.58,64.73,65.1,0.570145,H,H,1.0
2024-08-24,Bundesliga,Mainz,Union Berlin,1487.99,1470.01,65.66,65.13,0.594648,D,H,
2024-08-24,Bundesliga,Hoffenheim,Holstein Kiel,1482.38,1500.0,65.51,200.0,0.539261,H,H,1.0
2024-08-24,Bundesliga,Freiburg,Stuttgart,1493.69,1608.64,65.01,65.57,0.409501,H,A,0.0
2024-08-24,Bundesliga,Augsburg,Werder Bremen,1436.69,1467.23,65.79,66.49,0.527363,D,H,
2024-08-24,EPL,Aston Villa,Arsenal,1603.34,1750.33,65.27,68.33,0.366882,A,A,1.0
2024-08-24,EPL,Tottenham,Everton,1572.81,1473.08,65.7,65.67,0.699258,H,H,1.0
2024-08-24,EPL,Southampton,Nott'm Forest,1350.28,1422.35,75.8,65.93,0.468947,A,A,1.0
2024-08-24,EPL,Man City,Ipswich,1819.1,1447.22,71.17,178.11,0.892266,H,H,1.0
2024-08-24,EPL,Fulham,Leicester,1474.87,1447.76,65.23,73.94,0.606389,H,H,1.0
2024-08-24,EPL,Crystal Palace,West Ham,1507.45,1485.95,64.92,65.09,0.599427,A,H,0.0
2024-08-24,EPL,Brighton,Man United,1518.16,1595.88,64.79,65.53,0.461025,H,A,0.0
2024-08-24,Bundesliga,Dortmund,Ein Frankfurt,1647.45,1529.54,67.47,65.29,0.720406,H,H,1.0
2024-08-24,LaLiga,Barcelona,Ath Bilbao,1744.73,1581.44,68.43,64.78,0.768996,H,H,1.0
2024-08-24,SerieA,Udinese,Lazio,1479.68,1612.51,65.17,66.04,0.385416,H,A,0.0
2024-08-24,LaLiga,Espanol,Sociedad,1426.91,1573.65,74.35,65.41,0.366959,A,A,1.0
2024-08-24,LaLiga,Getafe,Vallecano,1457.34,1461.41,64.24,65.14,0.564375,D,H,
2024-08-24,SerieA,Inter,Lecce,1762.28,1431.14,69.58,65.93,0.895435,H,H,1.0
2024-08-24,SerieA,Parma,Milan,1284.2,1659.47,97.51,67.37,0.138117,H,A,0.0
2024-08-24,SerieA,Monza,Genoa,1491.39,1512.57,64.94,66.68,0.54048,A,H,0.0
2024-08-25,Ligue1,Strasbourg,Rennes,1493.26,1570.57,64.39,64.32,0.461557,H,A,0.0
2024-08-25,SerieA,Roma,Empoli,1594.7,1451.42,64.58,65.34,0.748272,A,H,0.0
2024-08-25,EPL,Bournemouth,Newcastle,1473.12,1584.21,65.92,65.56,0.414775,D,A,
2024-08-25,EPL,Wolves,Chelsea,1452.72,1581.57,66.03,65.21,0.390664,A,A,1.0
2024-08-25,EPL,Liverpool,Brentford,1711.57,1485.36,68.53,64.98,0.825953,H,H,1.0
2024-08-25,Ligue1,Marseille,Reims,1598.36,1518.53,64.73,64.32,0.675297,D,H,
2024-08-25,Ligue1,Nice,Toulouse,1568.36,1515.59,64.84,65.27,0.640898,D,H,
2024-08-25,Ligue1,Nantes,Auxerre,1441.33,1445.85,65.47,79.57,0.563132,H,H,1.0
2024-08-25,Ligue1,Lens,Brest,1614.27,1581.61,65.74,64.54,0.614471,H,H,1.0
2024-08-25,LaLiga,Ath Madrid,Girona,1670.21,1632.39,66.6,65.87,0.621251,H,H,1.0
2024-08-25,LaLiga,Alaves,Betis,1461.2,1570.72,66.43,64.72,0.416875,D,A,
2024-08-25,LaLiga,Leganes,Las Palmas,1508.59,1435.72,174.6,69.95,0.666069,H,H,1.0
2024-08-25,LaLiga,Real Madrid,Valladolid,1777.21,1436.53,69.97,75.62,0.899059,H,H,1.0
2024-08-25,Bundesliga,St Pauli,Heidenheim,1500.0,1497.69,200.0,72.7,0.572825,A,H,0.0
2024-08-25,SerieA,Napoli,Bologna,1579.45,1609.52,66.37,65.02,0.528069,H,H,1.0
2024-08-25,Bundesliga,Wolfsburg,Bayern Munich,1459.49,1668.57,65.52,69.48,0.290232,A,A,1.0
2024-08-25,SerieA,Fiorentina,Venezia,1570.9,1338.66,64.58,89.15,0.826825,D,H,
2024-08-25,SerieA,Torino,Atalanta,1555.56,1633.01,64.58,65.01,0.461383,H,A,0.0
2024-08-26,SerieA,Cagliari,Como,1434.58,1454.36,67.04,179.94,0.537696,D,H,
2024-08-26,SerieA,Verona,Juventus,1466.35,1650.88,65.49,66.79,0.319163,A,A,1.0
2024-08-26,LaLiga,Villarreal,Celta,1590.1,1495.84,64.29,64.39,0.692875,H,H,1.0
2024-08-27,LaLiga,Mallorca,Sevilla,1474.39,1480.09,64.84,64.35,0.562144,D,H,
2024-08-27,LaLiga,Vallecano,Barcelona,1462.94,1750.8,64.87,68.3,0.207808,A,A,1.0
2024-08-28,LaLiga,Sociedad,Alaves,1582.41,1463.25,65.19,66.1,0.721723,A,H,0.0
2024-08-28,LaLiga,Ath Madrid,Espanol,1679.59,1415.71,66.29,73.56,0.853148,D,H,
2024-08-28,LaLiga,Valladolid,Leganes,1433.31,1555.85,75.71,158.69,0.407828,D,A,
2024-08-28,LaLiga,Ath Bilbao,Valencia,1575.96,1467.37,64.83,64.47,0.709798,H,H,1.0
2024-08-29,LaLiga,Girona,Osasuna,1623.2,1494.76,65.61,64.49,0.732303,H,H,1.0
2024-08-29,LaLiga,Las Palmas,Real Madrid,1427.16,1779.99,69.72,70.24,0.154268,D,A,
2024-08-30,Ligue1,Lyon,Strasbourg,1596.5,1505.75,64.07,64.15,0.688674,H,H,1.0
2024-08-30,SerieA,Inter,Atalanta,1765.15,1620.28,69.84,64.74,0.750035,H,H,1.0
2024-08-30,Bundesliga,Union Berlin,St Pauli,1472.25,1401.53,64.88,175.06,0.647361,H,H,1.0
2024-08-30,SerieA,Venezia,Torino,1353.17,1568.13,88.18,64.33,0.28285,A,A,1.0
2024-08-31,SerieA,Bologna,Empoli,1598.37,1469.43,64.75,65.32,0.732758,D,H,
2024-08-31,SerieA,Lecce,Cagliari,1428.54,1433.74,66.31,66.89,0.562736,H,H,1.0
2024-08-31,SerieA,Lazio,Milan,1597.53,1637.94,65.75,67.59,0.513481,D,H,
2024-08-31,SerieA,Napoli,Parma,1591.05,1329.22,66.01,96.34,0.847686,H,H,1.0
2024-08-31,Bundesliga,Leverkusen,RB Leipzig,1744.16,1647.44,67.86,66.89,0.695545,A,H,0.0
2024-08-31,Bundesliga,Werder Bremen,Dortmund,1467.91,1654.58,66.13,67.28,0.316606,D,A,
2024-08-31,Bundesliga,Bochum,M'gladbach,1417.65,1443.4,65.7,65.3,0.534118,A,H,0.0
2024-08-31,Bundesliga,Ein Frankfurt,Hoffenheim,1522.84,1491.99,65.21,65.49,0.611991,H,H,1.0
2024-08-31,Bundesliga,Holstein Kiel,Wolfsburg,1421.92,1452.51,174.59,65.41,0.527325,A,H,0.0
2024-08-31,Bundesliga,Stuttgart,Mainz,1594.45,1485.71,65.29,65.38,0.709865,D,H,
2024-08-31,EPL,West Ham,Man City,1500.16,1821.85,64.85,71.48,0.17869,A,A,1.0
2024-08-31,EPL,Brentford,Southampton,1481.19,1335.49,65.17,74.8,0.749516,H,H,1.0
2024-08-31,EPL,Leicester,Aston Villa,1435.91,1594.61,73.14,65.06,0.351421,A,A,1.0
2024-08-31,Ligue1,Toulouse,Marseille,1518.96,1594.23,65.06,64.6,0.464429,A,A,1.0
2024-08-31,Ligue1,Montpellier,Nantes,1516.0,1451.7,64.76,65.21,0.655725,A,H,0.0
2024-08-31,Ligue1,Brest,St Etienne,1572.61,1389.59,64.35,81.41,0.785621,H,H,1.0
2024-08-31,LaLiga,Valencia,Villarreal,1460.58,1597.24,64.41,64.22,0.380173,D,A,
2024-08-31,LaLiga,Leganes,Mallorca,1543.94,1472.93,145.78,64.59,0.66427,A,H,0.0
2024-08-31,EPL,Nott'm Forest,Wolves,1433.66,1443.2,65.62,65.74,0.556753,D,H,
2024-08-31,LaLiga,Espanol,Vallecano,1426.49,1458.0,73.5,64.98,0.526037,H,H,1.0
2024-08-31,LaLiga,Barcelona,Valladolid,1756.25,1435.97,68.24,75.03,0.888299,H,H,1.0
2024-08-31,EPL,Arsenal,Brighton,1759.87,1530.81,67.93,64.53,0.828312,D,H,
2024-08-31,EPL,Everton,Bournemouth,1465.8,1475.19,65.53,65.62,0.55697,A,H,0.0
2024-08-31,EPL,Ipswich,Fulham,1433.04,1484.19,171.8,65.0,0.498381,D,A,
2024-08-31,LaLiga,Ath Bilbao,Ath Madrid,1582.82,1670.83,64.75,66.52,0.446686,A,A,1.0
2024-09-01,LaLiga,Real Madrid,Betis,1770.39,1568.77,70.28,64.49,0.805186,H,H,1.0
2024-09-01,EPL,Man United,Liverpool,1582.95,1716.18,65.22,68.56,0.385055,A,A,1.0
2024-09-01,EPL,Newcastle,Tottenham,1582.16,1580.09,65.28,65.56,0.572839,H,H,1.0
2024-09-01,EPL,Chelsea,Crystal Palace,1590.87,1493.31,64.97,64.69,0.696794,D,H,
2024-09-01,LaLiga,Getafe,Sociedad,1455.85,1565.16,64.02,65.12,0.417182,D,A,
2024-09-01,LaLiga,Sevilla,Girona,1481.53,1629.69,64.13,65.54,0.365122,A,A,1.0
2024-09-01,SerieA,Fiorentina,Monza,1563.29,1478.66,64.81,64.68,0.681179,D,H,
2024-09-01,SerieA,Genoa,Verona,1525.97,1458.68,66.31,65.33,0.659521,A,H,0.0
2024-09-01,Bundesliga,Bayern Munich,Freiburg,1676.38,1507.66,69.14,64.77,0.774393,H,H,1.0
2024-09-01,SerieA,Udinese,Como,1494.29,1460.55,64.94,160.86,0.605717,H,H,1.0
2024-09-01,Ligue1,Monaco,Lens,1679.45,1623.59,65.45,65.48,0.644885,D,H,
2024-09-01,Ligue1,Angers,Nice,1308.87,1565.04,76.76,64.66,0.238202,A,A,1.0
2024-09-01,Ligue1,Le Havre,Auxerre,1447.71,1430.77,71.49,78.3,0.592413,H,H,1.0
2024-09-01,Ligue1,Reims,Rennes,1522.6,1558.1,64.21,64.09,0.520442,H,H,1.0
2024-09-01,Ligue1,Lille,Paris SG,1645.41,1757.03,65.28,69.12,0.414248,A,A,1.0
2024-09-01,LaLiga,Osasuna,Celta,1488.49,1488.68,64.47,64.31,0.569775,H,H,1.0
2024-09-01,Bundesliga,Heidenheim,Augsburg,1512.01,1436.02,72.32,65.47,0.670417,H,H,1.0
2024-09-01,SerieA,Juventus,Roma,1658.85,1577.1,66.55,64.59,0.677634,D,H,
2024-09-01,LaLiga,Alaves,Las Palmas,1480.96,1436.61,65.98,69.78,0.629537,H,H,1.0
2024-09-13,LaLiga,Betis,Leganes,1564.18,1474.45,64.64,136.2,0.676629,H,H,1.0
2024-09-13,Bundesliga,Dortmund,Heidenheim,1649.94,1521.57,67.02,71.74,0.731285,H,H,1.0
2024-09-13,Ligue1,St Etienne,Lille,1381.82,1635.57,80.65,65.02,0.240731,H,A,0.0
2024-09-14,Ligue1,Paris SG,Brest,1768.01,1577.57,68.62,64.47,0.795107,H,H,1.0
2024-09-14,LaLiga,Mallorca,Villarreal,1487.15,1594.47,64.57,64.05,0.419865,A,A,1.0
2024-09-14,LaLiga,Espanol,Alaves,1440.6,1489.95,72.66,65.72,0.500914,H,H,1.0
2024-09-14,LaLiga,Sevilla,Getafe,1473.11,1457.76,63.98,63.83,0.591144,H,H,1.0
2024-09-14,LaLiga,Sociedad,Real Madrid,1563.2,1775.8,64.86,70.17,0.286254,A,A,1.0
2024-09-14,SerieA,Milan,Venezia,1638.29,1341.2,67.15,86.62,0.872862,H,H,1.0
2024-09-14,SerieA,Empoli,Juventus,1475.02,1654.44,65.26,66.32,0.325404,D,A,
2024-09-14,SerieA,Como,Bologna,1413.47,1592.88,147.43,64.72,0.325264,D,A,
2024-09-14,Ligue1,Auxerre,Monaco,1417.15,1675.97,77.18,65.24,0.235578,A,A,1.0
2024-09-14,Ligue1,Marseille,Nice,1605.07,1570.65,64.35,64.71,0.616806,H,H,1.0
2024-09-14,EPL,Man City,Brentford,1826.96,1487.14,71.37,65.16,0.90002,H,H,1.0
2024-09-14,Bundesliga,M'gladbach,Stuttgart,1456.12,1589.42,65.01,65.19,0.384712,A,A,1.0
2024-09-14,Bundesliga,RB Leipzig,Union Berlin,1664.84,1479.73,66.68,64.9,0.790107,D,H,
2024-09-14,EPL,Bournemouth,Chelsea,1488.58,1586.2,65.32,64.86,0.433285,A,A,1.0
2024-09-14,EPL,Aston Villa,Everton,1602.92,1452.45,64.89,65.24,0.755852,H,H,1.0
2024-09-14,Bundesliga,Freiburg,Bochum,1502.31,1404.77,64.83,65.38,0.696685,H,H,1.0
2024-09-14,EPL,Liverpool,Nott'm Forest,1726.25,1432.29,68.13,65.32,0.874213,A,H,0.0
2024-09-14,Bundesliga,Hoffenheim,Leverkusen,1482.68,1726.26,65.24,67.59,0.251695,A,A,1.0
2024-09-14,EPL,Crystal Palace,Leicester,1497.93,1425.51,64.6,72.45,0.665259,D,H,
2024-09-14,EPL,Brighton,Ipswich,1538.54,1433.26,64.74,154.85,0.690451,D,H,
2024-09-14,EPL,Southampton,Man United,1327.75,1573.8,74.27,65.0,0.248748,A,A,1.0
2024-09-14,Bundesliga,Wolfsburg,Ein Frankfurt,1463.78,1532.07,65.34,64.97,0.474247,A,A,1.0
2024-09-14,Bundesliga,Holstein Kiel,Bayern Munich,1348.73,1682.43,156.92,68.99,0.168637,A,A,1.0
2024-09-14,EPL,Fulham,West Ham,1484.16,1495.92,64.94,65.03,0.553692,D,H,
2024-09-15,SerieA,Atalanta,Fiorentina,1614.38,1559.02,64.75,64.68,0.644308,H,H,1.0
2024-09-15,SerieA,Genoa,Roma,1509.75,1581.26,66.07,64.47,0.469709,D,A,
2024-09-15,Bundesliga,Augsburg,St Pauli,1428.12,1353.69,65.3,158.89,0.654659,H,H,1.0
2024-09-15,LaLiga,Ath Madrid,Valencia,1681.85,1463.37,66.16,64.23,0.819711,H,H,1.0
2024-09-15,LaLiga,Girona,Barcelona,1638.47,1759.18,65.31,68.52,0.401848,A,A,1.0
2024-09-15,LaLiga,Las Palmas,Ath Bilbao,1426.6,1572.36,69.29,64.5,0.368185,A,A,1.0
2024-09-15,Ligue1,Lens,Lyon,1627.06,1603.7,65.26,64.0,0.60202,D,H,
2024-09-15,LaLiga,Celta,Valladolid,1478.71,1432.46,64.09,75.08,0.631572,H,H,1.0
2024-09-15,Bundesliga,Mainz,Werder Bremen,1490.75,1472.4,65.28,65.94,0.595107,A,H,0.0
2024-09-15,SerieA,Monza,Inter,1482.91,1771.98,64.56,69.59,0.206891,D,A,
2024-09-15,SerieA,Cagliari,Napoli,1422.84,1594.73,66.52,66.25,0.334787,A,A,1.0
2024-09-15,Ligue1,Toulouse,Le Havre,1507.96,1459.14,64.79,70.87,0.635292,H,H,1.0
2024-09-15,Ligue1,Strasbourg,Angers,1498.55,1301.08,64.07,76.16,0.799739,D,H,
2024-09-15,Ligue1,Nantes,Reims,1467.33,1533.68,65.02,63.98,0.476967,A,A,1.0
2024-09-15,Ligue1,Rennes,Montpellier,1547.06,1500.57,63.87,64.6,0.632774,H,H,1.0
2024-09-15,SerieA,Torino,Lecce,1574.69,1439.26,64.32,65.97,0.739767,D,H,
2024-09-15,EPL,Wolves,Newcastle,1444.57,1592.33,65.44,65.01,0.365589,A,A,1.0
2024-09-15,EPL,Tottenham,Arsenal,1569.83,1751.31,65.27,68.0,0.323052,A,A,1.0
2024-09-16,SerieA,Lazio,Verona,1597.2,1474.44,65.43,65.15,0.725894,H,H,1.0
2024-09-16,SerieA,Parma,Udinese,1321.72,1502.8,95.14,64.89,0.323212,A,A,1.0
2024-09-16,LaLiga,Vallecano,Osasuna,1446.87,1498.5,64.72,64.25,0.4977,H,A,0.0
2024-09-17,LaLiga,Mallorca,Sociedad,1477.35,1556.45,64.34,64.79,0.459074,H,A,0.0
2024-09-18,LaLiga,Betis,Getafe,1571.32,1448.41,64.63,63.66,0.726238,H,H,1.0
2024-09-19,LaLiga,Leganes,Ath Bilbao,1445.28,1580.93,128.64,64.33,0.38152,A,A,1.0
2024-09-20,LaLiga,Alaves,Sevilla,1477.97,1482.49,65.41,63.79,0.563797,H,H,1.0
2024-09-20,SerieA,Verona,Torino,1467.9,1569.1,65.08,64.32,0.428301,A,A,1.0
2024-09-20,SerieA,Cagliari,Empoli,1414.56,1479.18,66.27,65.1,0.4794,A,A,1.0
2024-09-20,Ligue1,Nice,St Etienne,1561.66,1409.07,64.51,79.8,0.75593,H,H,1.0
2024-09-20,Bundesliga,Augsburg,Mainz,1435.69,1476.57,65.27,65.02,0.512845,A,H,0.0
2024-09-21,LaLiga,Valladolid,Sociedad,1421.03,1543.74,74.24,64.53,0.398909,D,A,
2024-09-21,LaLiga,Osasuna,Las Palmas,1486.9,1416.76,64.01,68.83,0.662756,H,H,1.0
2024-09-21,LaLiga,Valencia,Girona,1459.15,1628.9,64.43,65.06,0.337349,H,A,0.0
2024-09-21,LaLiga,Real Madrid,Espanol,1783.65,1455.13,69.81,71.88,0.893249,H,H,1.0
2024-09-21,Bundesliga,Union Berlin,Hoffenheim,1486.63,1476.65,65.0,65.22,0.583726,H,H,1.0
2024-09-21,EPL,Aston Villa,Wolves,1608.72,1435.8,64.9,65.21,0.778436,H,H,1.0
2024-09-21,Bundesliga,Ein Frankfurt,M'gladbach,1543.26,1447.01,64.7,64.79,0.695215,H,H,1.0
2024-09-21,Bundesliga,Werder Bremen,Bayern Munich,1486.85,1687.06,65.64,69.1,0.300564,A,A,1.0
2024-09-21,Bundesliga,Heidenheim,Freiburg,1513.89,1509.47,71.33,64.73,0.576114,A,H,0.0
2024-09-21,EPL,West Ham,Chelsea,1497.19,1596.39,64.77,64.61,0.431069,A,A,1.0
2024-09-21,Ligue1,Reims,Paris SG,1544.61,1773.44,63.77,68.55,0.267779,D,A,
2024-09-21,Ligue1,Rennes,Lens,1555.48,1624.63,63.73,65.01,0.473029,D,A,
2024-09-21,Ligue1,Lille,Strasbourg,1617.71,1491.62,65.04,64.24,0.729716,D,H,
2024-09-21,Bundesliga,Bochum,Holstein Kiel,1397.49,1327.6,65.25,149.3,0.651064,D,H,
2024-09-21,SerieA,Venezia,Genoa,1336.02,1510.49,86.12,65.73,0.331504,H,A,0.0
2024-09-21,SerieA,Lecce,Parma,1445.14,1306.03,65.9,92.79,0.739671,D,H,
2024-09-21,SerieA,Juventus,Napoli,1650.14,1602.95,66.1,66.02,0.633572,D,H,
2024-09-21,EPL,Fulham,Newcastle,1482.89,1600.99,64.68,64.81,0.405172,H,A,0.0
2024-09-21,EPL,Leicester,Everton,1430.34,1446.59,71.85,65.23,0.547422,D,H,
2024-09-21,EPL,Liverpool,Bournemouth,1703.22,1478.25,68.35,65.04,0.824943,H,H,1.0
2024-09-21,EPL,Southampton,Ipswich,1320.11,1457.39,73.78,144.16,0.387732,D,A,
2024-09-21,EPL,Crystal Palace,Man United,1494.08,1579.72,64.47,65.0,0.449938,D,A,
2024-09-21,EPL,Tottenham,Brentford,1562.13,1484.71,65.12,65.58,0.672182,H,H,1.0
2024-09-22,SerieA,Roma,Udinese,1580.55,1510.36,64.23,64.79,0.663227,H,H,1.0
2024-09-22,Bundesliga,Leverkusen,Wolfsburg,1732.71,1452.47,67.45,65.04,0.865502,H,H,1.0
2024-09-22,Ligue1,Lyon,Marseille,1606.04,1613.97,63.83,64.17,0.559044,A,H,0.0
2024-09-22,Ligue1,Brest,Toulouse,1572.75,1516.51,64.6,64.61,0.645448,H,H,1.0
2024-09-22,Ligue1,Angers,Nantes,1310.84,1456.06,75.74,64.74,0.368907,D,A,
2024-09-22,Ligue1,Monaco,Le Havre,1681.62,1448.99,65.26,70.31,0.83032,H,H,1.0
2024-09-22,LaLiga,Vallecano,Ath Madrid,1458.64,1686.32,64.46,66.28,0.268763,D,A,
2024-09-22,LaLiga,Villarreal,Barcelona,1604.12,1769.67,63.85,68.07,0.342951,A,A,1.0
2024-09-22,LaLiga,Ath Bilbao,Celta,1589.47,1487.15,64.25,63.95,0.702512,H,H,1.0
2024-09-22,Bundesliga,Stuttgart,Dortmund,1598.57,1656.68,64.96,66.88,0.488584,H,A,0.0
2024-09-22,LaLiga,Getafe,Leganes,1442.15,1413.42,63.67,121.68,0.604148,D,H,
2024-09-22,SerieA,Fiorentina,Lazio,1550.67,1603.8,64.51,65.36,0.495587,H,A,0.0
2024-09-22,SerieA,Monza,Bologna,1489.81,1589.33,64.68,64.71,0.430637,A,A,1.0
2024-09-22,SerieA,Inter,Milan,1763.98,1641.49,69.47,67.43,0.725303,A,H,0.0
2024-09-22,Bundesliga,St Pauli,RB Leipzig,1313.49,1657.56,146.68,66.69,0.16028,D,A,
2024-09-22,Ligue1,Montpellier,Auxerre,1491.98,1409.37,64.42,76.57,0.67738,H,H,1.0
2024-09-22,EPL,Man City,Arsenal,1829.85,1759.64,71.6,67.69,0.662964,D,H,
2024-09-22,EPL,Brighton,Nott'm Forest,1534.41,1453.48,64.79,65.64,0.676532,D,H,
2024-09-23,LaLiga,Betis,Mallorca,1577.76,1489.88,64.59,64.11,0.685195,A,H,0.0
2024-09-24,SerieA,Atalanta,Como,1622.74,1432.15,64.58,137.68,0.780587,A,H,0.0
2024-09-24,LaLiga,Sevilla,Valladolid,1472.55,1424.11,63.61,73.41,0.634572,H,H,1.0
2024-09-24,LaLiga,Valencia,Osasuna,1474.59,1494.64,64.3,63.91,0.542136,D,H,
2024-09-24,LaLiga,Real Madrid,Alaves,1786.59,1488.41,70.06,65.12,0.876836,H,H,1.0
2024-09-25,LaLiga,Barcelona,Getafe,1778.54,1439.89,67.72,63.61,0.899621,H,H,1.0
2024-09-25,LaLiga,Girona,Vallecano,1613.16,1464.05,64.89,64.44,0.754534,D,H,
2024-09-26,LaLiga,Las Palmas,Betis,1407.86,1561.69,68.44,64.48,0.357661,D,A,
2024-09-26,LaLiga,Celta,Ath Madrid,1480.29,1680.61,63.91,66.17,0.300105,A,A,1.0
2024-09-26,LaLiga,Espanol,Villarreal,1452.02,1596.28,72.06,63.75,0.370094,A,A,1.0
2024-09-27,LaLiga,Valladolid,Mallorca,1413.24,1505.73,72.69,64.03,0.440364,A,A,1.0
2024-09-27,SerieA,Milan,Lecce,1659.92,1439.4,67.25,65.86,0.821177,H,H,1.0
2024-09-27,Bundesliga,Dortmund,Bochum,1643.94,1394.15,66.48,65.21,0.844211,H,H,1.0
2024-09-27,Ligue1,Paris SG,Rennes,1767.31,1556.09,68.32,63.54,0.813671,H,H,1.0
2024-09-27,Ligue1,Auxerre,Brest,1398.98,1581.05,75.72,64.44,0.321944,H,A,0.0
2024-09-28,SerieA,Genoa,Juventus,1494.59,1646.88,65.56,65.84,0.359767,A,A,1.0
2024-09-28,EPL,Brentford,West Ham,1476.81,1487.07,65.4,64.52,0.555795,D,H,
2024-09-28,EPL,Chelsea,Brighton,1606.47,1530.25,64.38,64.66,0.670781,H,H,1.0
2024-09-28,SerieA,Bologna,Atalanta,1599.42,1605.48,64.47,64.75,0.561632,D,H,
2024-09-28,Bundesliga,Freiburg,St Pauli,1522.92,1351.36,64.5,140.7,0.762164,A,H,0.0
2024-09-28,EPL,Newcastle,Man City,1587.0,1825.22,64.58,71.04,0.257896,D,A,
2024-09-28,EPL,Everton,Crystal Palace,1447.71,1495.25,64.96,64.23,0.503471,H,H,1.0
2024-09-28,LaLiga,Getafe,Alaves,1437.56,1485.43,64.07,65.46,0.502998,H,H,1.0
2024-09-28,LaLiga,Vallecano,Leganes,1470.01,1421.68,64.47,115.76,0.629793,D,H,
2024-09-28,LaLiga,Sociedad,Valencia,1541.41,1473.61,64.34,64.07,0.660269,H,H,1.0
2024-09-28,LaLiga,Osasuna,Barcelona,1495.61,1781.16,63.7,68.06,0.209922,H,A,0.0
2024-09-28,EPL,Arsenal,Leicester,1763.78,1428.99,67.38,71.14,0.896662,H,H,1.0
2024-09-28,EPL,Nott'm Forest,Fulham,1457.75,1496.83,65.46,64.46,0.515388,A,H,0.0
2024-09-28,SerieA,Udinese,Inter,1502.43,1744.44,64.64,69.18,0.25358,A,A,1.0
2024-09-28,Ligue1,Lens,Nice,1623.99,1567.34,64.73,64.56,0.645991,D,H,
2024-09-28,EPL,Wolves,Liverpool,1430.48,1707.84,65.26,68.39,0.217722,A,A,1.0
2024-09-28,Ligue1,Le Havre,Lille,1444.29,1612.23,70.29,64.99,0.339624,A,A,1.0
2024-09-28,Ligue1,Monaco,Montpellier,1685.71,1499.44,65.45,64.33,0.791261,H,H,1.0
2024-09-28,Bundesliga,Bayern Munich,Leverkusen,1695.06,1736.18,68.77,67.67,0.512492,D,H,
2024-09-28,Bundesliga,RB Leipzig,Augsburg,1650.03,1423.48,66.9,64.98,0.826229,H,H,1.0
2024-09-28,Bundesliga,Wolfsburg,Stuttgart,1449.23,1610.62,65.35,64.69,0.347934,D,A,
2024-09-28,Bundesliga,Mainz,Heidenheim,1488.69,1497.66,64.75,70.68,0.557357,A,H,0.0
2024-09-28,Bundesliga,M'gladbach,Union Berlin,1439.82,1496.46,64.69,64.75,0.490638,H,A,0.0
2024-09-29,LaLiga,Celta,Girona,1473.4,1607.12,63.86,64.9,0.384142,D,A,
2024-09-29,Ligue1,Strasbourg,Marseille,1496.96,1626.87,64.23,63.96,0.389172,H,A,0.0
2024-09-29,Ligue1,Nantes,St Etienne,1453.02,1400.56,64.57,79.0,0.639242,D,H,
2024-09-29,Ligue1,Angers,Reims,1314.98,1549.93,74.85,63.79,0.26048,A,A,1.0
2024-09-29,Ligue1,Toulouse,Lyon,1508.21,1593.27,64.45,63.63,0.450703,A,A,1.0
2024-09-29,LaLiga,Ath Bilbao,Sevilla,1596.38,1480.81,64.19,63.5,0.717956,D,H,
2024-09-29,LaLiga,Betis,Espanol,1558.38,1441.37,64.33,71.42,0.718617,H,H,1.0
2024-09-29,LaLiga,Ath Madrid,Real Madrid,1687.97,1790.02,66.0,70.22,0.427418,D,A,
2024-09-29,Bundesliga,Holstein Kiel,Ein Frankfurt,1345.33,1550.43,139.01,64.6,0.29429,A,A,1.0
2024-09-29,EPL,Ipswich,Aston Villa,1445.23,1613.99,134.51,64.96,0.338598,D,A,
2024-09-29,SerieA,Napoli,Monza,1606.2,1479.72,65.77,64.44,0.730134,H,H,1.0
2024-09-29,SerieA,Empoli,Fiorentina,1490.53,1562.41,64.82,64.27,0.469186,D,A,
2024-09-29,SerieA,Roma,Venezia,1588.36,1362.94,64.11,84.54,0.822192,H,H,1.0
2024-09-29,SerieA,Como,Verona,1509.96,1457.75,131.72,64.82,0.640222,H,H,1.0
2024-09-29,EPL,Man United,Tottenham,1578.54,1569.92,64.73,64.97,0.581869,A,H,0.0
2024-09-29,Bundesliga,Hoffenheim,Werder Bremen,1466.74,1479.6,64.96,65.51,0.552146,A,H,0.0
2024-09-29,SerieA,Torino,Lazio,1579.02,1591.76,64.11,65.06,0.552323,A,H,0.0
2024-09-30,SerieA,Parma,Cagliari,1317.4,1402.82,91.01,65.92,0.45028,A,A,1.0
2024-09-30,LaLiga,Villarreal,Las Palmas,1604.7,1411.58,63.63,68.05,0.797053,H,H,1.0
2024-09-30,EPL,Bournemouth,Southampton,1474.05,1323.26,65.23,73.2,0.755069,H,H,1.0
2024-10-04,LaLiga,Leganes,Valencia,1431.05,1465.78,110.84,63.95,0.521524,D,H,
2024-10-04,SerieA,Verona,Venezia,1449.56,1356.03,64.74,83.8,0.689656,H,H,1.0
2024-10-04,SerieA,Napoli,Como,1612.77,1541.36,65.68,124.42,0.657015,H,H,1.0
2024-10-04,Ligue1,Marseille,Angers,1612.85,1306.87,63.79,74.28,0.880221,D,H,
2024-10-04,Bundesliga,Augsburg,M'gladbach,1419.32,1451.74,65.17,64.43,0.524755,H,H,1.0
2024-10-05,LaLiga,Getafe,Osasuna,1448.97,1513.73,63.85,63.85,0.479197,D,A,
2024-10-05,LaLiga,Espanol,Mallorca,1433.4,1515.8,70.99,63.84,0.454427,H,A,0.0
2024-10-05,LaLiga,Valladolid,Vallecano,1400.39,1467.11,71.92,64.38,0.476442,A,A,1.0
2024-10-05,LaLiga,Real Madrid,Villarreal,1788.03,1609.35,69.64,63.8,0.784178,H,H,1.0
2024-10-05,Ligue1,Lille,Toulouse,1620.27,1497.72,64.83,64.22,0.725766,H,H,1.0
2024-10-05,Ligue1,St Etienne,Auxerre,1405.37,1420.45,77.89,74.93,0.548739,H,H,1.0
2024-10-05,LaLiga,Las Palmas,Celta,1406.3,1476.05,68.02,63.71,0.472169,A,A,1.0
2024-10-05,Ligue1,Rennes,Monaco,1551.81,1690.76,63.75,65.52,0.377239,A,A,1.0
2024-10-05,EPL,West Ham,Ipswich,1488.37,1459.89,64.29,126.94,0.603243,H,H,1.0
2024-10-05,EPL,Arsenal,Southampton,1766.44,1315.98,67.72,72.78,0.943052,H,H,1.0
2024-10-05,EPL,Crystal Palace,Liverpool,1483.78,1713.55,64.0,68.3,0.26671,A,A,1.0
2024-10-05,Bundesliga,St Pauli,Mainz,1429.99,1475.66,133.93,64.51,0.506097,A,H,0.0
2024-10-05,Bundesliga,Werder Bremen,Freiburg,1492.84,1506.18,65.21,64.65,0.551498,A,H,0.0
2024-10-05,Bundesliga,Union Berlin,Dortmund,1484.52,1647.84,64.49,66.67,0.345651,H,A,0.0
2024-10-05,Bundesliga,Leverkusen,Holstein Kiel,1736.5,1316.75,67.23,131.24,0.923878,D,H,
2024-10-05,Bundesliga,Bochum,Wolfsburg,1390.39,1452.87,65.44,65.15,0.48242,A,A,1.0
2024-10-05,SerieA,Udinese,Lecce,1496.47,1435.01,64.65,66.0,0.652034,H,H,1.0
2024-10-05,SerieA,Inter,Torino,1751.22,1566.31,68.95,63.9,0.79006,H,H,1.0
2024-10-05,SerieA,Atalanta,Genoa,1606.92,1485.93,64.5,65.33,0.723881,H,H,1.0
2024-10-05,EPL,Man City,Fulham,1818.37,1508.81,70.7,64.22,0.883718,H,H,1.0
2024-10-05,EPL,Brentford,Wolves,1475.47,1425.26,65.11,65.32,0.63758,H,H,1.0
2024-10-05,EPL,Leicester,Bournemouth,1426.04,1479.89,71.36,65.23,0.494574,H,A,0.0
2024-10-05,EPL,Everton,Newcastle,1459.43,1592.67,64.69,64.58,0.384748,D,A,
2024-10-06,LaLiga,Alaves,Barcelona,1473.53,1760.53,65.16,68.01,0.208565,A,A,1.0
2024-10-06,Bundesliga,Stuttgart,Hoffenheim,1607.06,1453.72,64.53,64.7,0.758887,D,H,
2024-10-06,Bundesliga,Ein Frankfurt,Bayern Munich,1557.17,1694.73,64.62,68.26,0.379274,D,A,
2024-10-06,Bundesliga,Heidenheim,RB Leipzig,1513.09,1654.43,70.05,67.0,0.374194,A,A,1.0
2024-10-06,SerieA,Bologna,Parma,1597.99,1297.43,64.24,88.72,0.874619,D,H,
2024-10-06,LaLiga,Sevilla,Betis,1485.76,1564.91,63.5,64.3,0.458985,H,A,0.0
2024-10-06,LaLiga,Sociedad,Ath Madrid,1549.31,1689.73,64.21,65.69,0.375295,D,A,
2024-10-06,SerieA,Fiorentina,Milan,1561.7,1664.49,64.04,67.32,0.426246,H,A,0.0
2024-10-06,Ligue1,Lyon,Nantes,1603.5,1449.79,63.45,64.41,0.759307,H,H,1.0
2024-10-06,SerieA,Monza,Roma,1473.41,1592.45,64.43,64.34,0.403857,D,A,
2024-10-06,SerieA,Juventus,Cagliari,1655.6,1413.57,65.6,65.64,0.838315,D,H,
2024-10-06,SerieA,Lazio,Empoli,1604.84,1491.26,64.79,64.56,0.71555,H,H,1.0
2024-10-06,Ligue1,Brest,Le Havre,1565.37,1434.95,64.34,69.81,0.733798,H,H,1.0
2024-10-06,LaLiga,Girona,Ath Bilbao,1604.38,1591.32,64.69,64.16,0.588001,H,H,1.0
2024-10-06,Ligue1,Strasbourg,Lens,1511.1,1620.56,64.05,64.56,0.416945,D,A,
2024-10-06,Ligue1,Nice,Paris SG,1570.75,1772.22,64.4,68.32,0.298987,D,A,
2024-10-06,EPL,Aston Villa,Man United,1610.59,1564.89,64.9,64.5,0.631753,D,H,
2024-10-06,EPL,Chelsea,Nott'm Forest,1614.14,1445.4,64.26,65.16,0.774347,D,H,
2024-10-06,EPL,Brighton,Tottenham,1522.52,1583.67,64.52,64.72,0.4843,H,A,0.0
2024-10-06,Ligue1,Reims,Montpellier,1555.9,1494.55,63.83,64.45,0.65203,H,H,1.0
2024-10-18,Bundesliga,Dortmund,St Pauli,1631.57,1384.94,66.39,125.63,0.830068,H,H,1.0
2024-10-18,LaLiga,Alaves,Valladolid,1468.53,1386.77,65.25,71.2,0.676962,A,H,0.0
2024-10-18,Ligue1,Monaco,Lille,1699.83,1626.76,65.28,64.78,0.666839,D,H,
2024-10-19,LaLiga,Osasuna,Betis,1513.26,1552.38,63.64,64.07,0.515328,A,H,0.0
2024-10-19,LaLiga,Girona,Sociedad,1614.04,1552.19,64.46,64.04,0.652699,A,H,0.0
2024-10-19,LaLiga,Celta,Real Madrid,1486.77,1793.91,63.51,69.49,0.190701,A,A,1.0
2024-10-19,LaLiga,Ath Bilbao,Espanol,1581.81,1448.63,63.96,70.34,0.736754,H,H,1.0
2024-10-19,SerieA,Juventus,Lazio,1647.35,1611.56,65.79,64.72,0.618629,H,H,1.0
2024-10-19,SerieA,Milan,Udinese,1649.99,1504.62,66.93,64.49,0.750596,H,H,1.0
2024-10-19,SerieA,Genoa,Bologna,1479.31,1589.32,65.26,64.61,0.416188,D,A,
2024-10-19,SerieA,Como,Parma,1514.83,1314.01,118.49,88.15,0.800663,D,H,
2024-10-19,EPL,Tottenham,West Ham,1571.58,1497.1,64.46,64.2,0.668667,H,H,1.0
2024-10-19,EPL,Fulham,Aston Villa,1506.06,1607.48,64.61,64.71,0.428011,A,A,1.0
2024-10-19,EPL,Ipswich,Everton,1428.02,1462.13,120.2,64.49,0.522394,A,H,0.0
2024-10-19,EPL,Man United,Brentford,1567.96,1484.08,64.33,64.91,0.680229,H,H,1.0
2024-10-19,EPL,Newcastle,Brighton,1589.98,1534.54,64.39,64.28,0.644445,A,H,0.0
2024-10-19,EPL,Bournemouth,Arsenal,1467.92,1767.93,64.95,68.24,0.196777,H,A,0.0
2024-10-19,Bundesliga,Mainz,RB Leipzig,1486.77,1663.78,64.39,66.68,0.328428,A,A,1.0
2024-10-19,Bundesliga,Bayern Munich,Stuttgart,1691.59,1600.97,67.85,64.57,0.688479,H,H,1.0
2024-10-19,Bundesliga,M'gladbach,Heidenheim,1440.71,1502.9,64.19,69.54,0.482867,H,A,0.0
2024-10-19,Bundesliga,Leverkusen,Ein Frankfurt,1726.17,1559.99,67.72,64.43,0.771922,H,H,1.0
2024-10-19,Ligue1,Paris SG,Strasbourg,1766.96,1513.01,68.04,63.85,0.847462,H,H,1.0
2024-10-19,Ligue1,St Etienne,Lens,1420.26,1618.62,76.76,64.34,0.30222,A,A,1.0
2024-10-19,Ligue1,Brest,Rennes,1571.56,1543.21,64.34,63.61,0.608763,D,H,
2024-10-19,EPL,Southampton,Leicester,1314.28,1440.27,73.19,70.67,0.394886,A,A,1.0
2024-10-19,Bundesliga,Freiburg,Augsburg,1519.07,1430.6,64.4,64.88,0.685839,H,H,1.0
2024-10-19,Bundesliga,Hoffenheim,Bochum,1459.84,1378.85,64.73,65.14,0.676645,H,H,1.0
2024-10-20,LaLiga,Barcelona,Sevilla,1765.95,1498.0,67.96,63.32,0.857467,H,H,1.0
2024-10-20,LaLiga,Villarreal,Getafe,1604.37,1449.45,63.93,63.64,0.760659,D,H,
2024-10-20,LaLiga,Ath Madrid,Leganes,1686.72,1429.68,65.44,106.22,0.842224,H,H,1.0
2024-10-20,Ligue1,Auxerre,Reims,1406.63,1563.87,74.03,63.71,0.353181,H,A,0.0
2024-10-20,Ligue1,Nantes,Nice,1444.15,1575.43,64.45,64.33,0.38736,D,A,
2024-10-20,Ligue1,Toulouse,Angers,1491.35,1318.76,64.2,74.32,0.776794,D,H,
2024-10-20,Ligue1,Montpellier,Marseille,1486.44,1604.07,64.3,64.19,0.405761,A,A,1.0
2024-10-20,Ligue1,Le Havre,Lyon,1427.72,1608.98,69.52,63.54,0.322847,A,A,1.0
2024-10-20,LaLiga,Mallorca,Vallecano,1503.39,1478.11,63.65,64.15,0.604591,H,H,1.0
2024-10-20,SerieA,Lecce,Fiorentina,1426.52,1574.87,65.76,63.84,0.364747,A,A,1.0
2024-10-20,EPL,Wolves,Man City,1416.6,1821.66,65.11,70.88,0.119823,A,A,1.0
2024-10-20,EPL,Liverpool,Chelsea,1720.52,1607.73,68.09,64.35,0.714656,H,H,1.0
2024-10-20,Bundesliga,Wolfsburg,Werder Bremen,1464.31,1479.73,64.86,64.94,0.548591,A,H,0.0
2024-10-20,Bundesliga,Holstein Kiel,Union Berlin,1357.67,1499.78,129.47,64.35,0.372973,A,A,1.0
2024-10-20,SerieA,Roma,Inter,1590.22,1756.84,64.14,68.85,0.341679,A,A,1.0
2024-10-20,SerieA,Cagliari,Torino,1421.83,1561.45,65.83,64.03,0.376232,H,A,0.0
2024-10-20,SerieA,Venezia,Atalanta,1344.21,1613.39,82.47,64.47,0.225118,A,A,1.0
2024-10-20,SerieA,Empoli,Napoli,1484.58,1620.66,64.5,65.57,0.381041,A,A,1.0
2024-10-21,EPL,Nott'm Forest,Crystal Palace,1451.99,1477.63,65.2,64.01,0.534294,H,H,1.0
2024-10-21,LaLiga,Valencia,Las Palmas,1466.23,1394.14,63.81,67.56,0.665345,A,H,0.0
2024-10-21,SerieA,Verona,Monza,1456.78,1475.64,64.66,64.22,0.543797,A,H,0.0
2024-10-25,Bundesliga,Mainz,M'gladbach,1479.13,1452.6,64.27,63.97,0.606285,D,H,
2024-10-25,LaLiga,Espanol,Sevilla,1441.37,1494.73,70.02,63.66,0.495257,A,A,1.0
2024-10-25,EPL,Leicester,Nott'm Forest,1451.16,1463.06,70.1,64.92,0.553493,A,H,0.0
2024-10-25,SerieA,Udinese,Cagliari,1498.77,1436.96,64.51,65.57,0.652517,H,H,1.0
2024-10-25,SerieA,Torino,Como,1547.11,1492.78,63.88,115.02,0.637418,H,H,1.0
2024-10-25,Ligue1,Rennes,Le Havre,1545.68,1419.01,63.47,69.12,0.729752,H,H,1.0
2024-10-26,Bundesliga,RB Leipzig,Freiburg,1671.95,1526.4,66.44,64.31,0.750814,H,H,1.0
2024-10-26,Bundesliga,Stuttgart,Holstein Kiel,1593.68,1326.14,64.47,122.43,0.846029,H,H,1.0
2024-10-26,EPL,Everton,Fulham,1473.74,1496.06,64.34,64.38,0.538948,D,H,
2024-10-26,EPL,Man City,Southampton,1825.05,1302.64,71.03,72.45,0.961256,H,H,1.0
2024-10-26,Bundesliga,Augsburg,Dortmund,1423.17,1635.6,64.76,66.6,0.286016,H,A,0.0
2024-10-26,EPL,Brighton,Wolves,1549.49,1413.71,64.13,65.46,0.740206,D,H,
2024-10-26,Bundesliga,Werder Bremen,Leverkusen,1492.66,1732.05,64.67,67.63,0.256176,D,A,
2024-10-26,EPL,Brentford,Ipswich,1476.51,1389.58,64.78,114.23,0.677227,H,H,1.0
2024-10-26,Bundesliga,St Pauli,Wolfsburg,1371.66,1451.4,122.03,64.6,0.458174,D,A,
2024-10-26,LaLiga,Valladolid,Villarreal,1405.85,1598.35,70.7,63.99,0.309199,A,A,1.0
2024-10-26,LaLiga,Real Madrid,Barcelona,1799.07,1769.68,69.43,68.13,0.609849,A,H,0.0
2024-10-26,LaLiga,Las Palmas,Girona,1411.13,1598.81,67.25,64.32,0.315069,H,A,0.0
2024-10-26,LaLiga,Vallecano,Alaves,1468.98,1452.42,63.97,65.1,0.592724,H,H,1.0
2024-10-26,EPL,Aston Villa,Bournemouth,1617.52,1487.06,64.47,65.08,0.73445,D,H,
2024-10-26,Ligue1,Reims,Brest,1549.22,1569.04,63.61,64.15,0.542462,A,H,0.0
2024-10-26,Ligue1,Lens,Lille,1625.64,1630.69,64.28,64.64,0.563036,A,H,0.0
2024-10-26,SerieA,Napoli,Lecce,1629.83,1417.69,65.32,65.52,0.814179,H,H,1.0
2024-10-26,SerieA,Atalanta,Verona,1618.68,1444.06,64.56,64.41,0.7802,H,H,1.0
2024-10-26,Ligue1,Angers,St Etienne,1327.34,1410.43,73.91,75.95,0.453831,H,A,0.0
2024-10-27,Ligue1,Lyon,Auxerre,1616.31,1426.23,63.48,73.28,0.793492,D,H,
2024-10-27,Ligue1,Montpellier,Toulouse,1477.03,1484.93,64.1,64.3,0.559082,A,H,0.0
2024-10-27,Ligue1,Nice,Monaco,1572.82,1695.84,64.15,65.11,0.398517,H,A,0.0
2024-10-27,SerieA,Lazio,Genoa,1602.61,1481.3,64.52,64.99,0.724282,H,H,1.0
2024-10-27,LaLiga,Betis,Ath Madrid,1564.24,1690.43,63.84,65.69,0.39427,H,A,0.0
2024-10-27,LaLiga,Sociedad,Osasuna,1567.23,1501.55,63.92,63.45,0.657639,A,H,0.0
2024-10-27,SerieA,Parma,Empoli,1326.06,1475.7,87.15,64.32,0.363088,D,A,
2024-10-27,LaLiga,Getafe,Valencia,1455.42,1451.03,63.72,63.72,0.576123,D,H,
2024-10-27,LaLiga,Leganes,Celta,1420.44,1482.42,104.35,63.72,0.483111,H,A,0.0
2024-10-27,Bundesliga,Heidenheim,Hoffenheim,1489.02,1467.44,68.97,64.6,0.599566,D,H,
2024-10-27,Ligue1,Strasbourg,Nantes,1509.46,1446.78,64.15,64.26,0.653757,H,H,1.0
2024-10-27,SerieA,Fiorentina,Roma,1583.21,1582.35,63.71,64.02,0.571249,H,H,1.0
2024-10-27,SerieA,Inter,Juventus,1765.86,1656.58,68.46,65.53,0.71047,D,H,
2024-10-27,SerieA,Monza,Venezia,1488.2,1335.76,64.0,81.58,0.755494,D,H,
2024-10-27,Bundesliga,Union Berlin,Ein Frankfurt,1508.13,1554.64,64.28,64.51,0.504922,D,H,
2024-10-27,Ligue1,Marseille,Paris SG,1613.45,1770.96,64.0,68.17,0.353224,A,A,1.0
2024-10-27,Bundesliga,Bochum,Bayern Munich,1371.15,1699.61,64.99,67.56,0.172596,A,A,1.0
2024-10-27,EPL,Chelsea,Newcastle,1601.08,1574.98,64.3,64.23,0.605694,H,H,1.0
2024-10-27,EPL,Arsenal,Liverpool,1746.84,1727.92,68.22,67.84,0.595766,D,H,
2024-10-27,EPL,West Ham,Man United,1489.42,1575.4,64.09,64.23,0.449442,H,A,0.0
2024-10-27,EPL,Crystal Palace,Tottenham,1466.95,1579.32,63.8,64.33,0.412951,H,A,0.0
2024-10-28,LaLiga,Mallorca,Ath Bilbao,1512.39,1587.87,63.5,63.99,0.464123,D,A,
2024-10-29,SerieA,Milan,Napoli,1656.27,1634.32,66.83,65.46,0.600017,A,H,0.0
2024-10-29,SerieA,Lecce,Verona,1413.18,1438.9,65.65,64.5,0.534173,H,H,1.0
2024-10-29,SerieA,Cagliari,Bologna,1428.59,1587.36,65.36,64.39,0.351267,A,A,1.0
2024-10-30,SerieA,Venezia,Udinese,1345.24,1506.88,80.66,64.36,0.347584,H,A,0.0
2024-10-30,SerieA,Atalanta,Monza,1623.86,1482.36,64.64,64.07,0.746545,H,H,1.0
2024-10-30,SerieA,Juventus,Parma,1661.64,1331.69,65.42,85.38,0.891972,D,H,
2024-10-30,SerieA,Empoli,Inter,1472.62,1760.34,64.19,68.19,0.207921,A,A,1.0
2024-10-31,SerieA,Genoa,Fiorentina,1474.75,1592.97,64.93,63.53,0.404921,A,A,1.0
2024-10-31,SerieA,Roma,Torino,1572.49,1555.1,63.82,63.82,0.593927,H,H,1.0
2024-10-31,SerieA,Como,Lazio,1468.3,1609.07,110.25,64.49,0.374747,A,A,1.0
2024-11-01,LaLiga,Alaves,Mallorca,1442.76,1513.2,64.85,63.31,0.471199,H,A,0.0
2024-11-01,Ligue1,Lille,Lyon,1643.86,1609.64,64.4,63.65,0.616609,D,H,
2024-11-01,Ligue1,Monaco,Angers,1681.56,1343.66,64.87,73.07,0.898003,A,H,0.0
2024-11-01,Bundesliga,Leverkusen,Stuttgart,1725.78,1597.14,67.48,64.79,0.732484,D,H,
2024-11-02,Ligue1,Paris SG,Lens,1780.11,1612.61,67.8,64.06,0.77328,H,H,1.0
2024-11-02,EPL,Wolves,Crystal Palace,1419.51,1480.35,65.41,63.62,0.484723,D,A,
2024-11-02,EPL,Newcastle,Arsenal,1565.86,1744.37,64.05,67.79,0.326686,H,A,0.0
2024-11-02,Ligue1,St Etienne,Strasbourg,1393.23,1517.47,74.97,64.02,0.396801,H,A,0.0
2024-11-02,EPL,Bournemouth,Man City,1492.65,1826.16,65.03,71.57,0.169177,H,A,0.0
2024-11-02,EPL,Ipswich,Leicester,1368.08,1436.08,109.85,69.51,0.474729,D,A,
2024-11-02,EPL,Liverpool,Brighton,1730.37,1543.92,67.44,64.15,0.791467,H,H,1.0
2024-11-02,Ligue1,Brest,Nice,1581.55,1586.69,63.93,63.97,0.562927,A,H,0.0
2024-11-02,EPL,Nott'm Forest,West Ham,1476.06,1502.09,64.67,63.88,0.533751,H,H,1.0
2024-11-02,SerieA,Bologna,Lecce,1595.54,1424.39,64.24,65.34,0.776693,H,H,1.0
2024-11-02,SerieA,Udinese,Juventus,1491.9,1652.21,64.24,65.81,0.349433,A,A,1.0
2024-11-02,SerieA,Monza,Milan,1476.48,1641.32,64.11,66.48,0.343703,A,A,1.0
2024-11-02,Bundesliga,Bayern Munich,Union Berlin,1704.06,1508.02,67.65,64.04,0.800263,H,H,1.0
2024-11-02,LaLiga,Osasuna,Valladolid,1516.45,1397.25,63.36,70.25,0.721249,H,H,1.0
2024-11-02,LaLiga,Girona,Leganes,1582.91,1449.93,64.23,100.56,0.731731,H,H,1.0
2024-11-02,Bundesliga,Ein Frankfurt,Bochum,1554.75,1367.02,64.26,65.18,0.79251,H,H,1.0
2024-11-02,Bundesliga,Hoffenheim,St Pauli,1469.76,1374.83,64.4,115.81,0.686344,A,H,0.0
2024-11-02,Bundesliga,Holstein Kiel,Heidenheim,1314.64,1486.39,119.41,68.49,0.335184,H,A,0.0
2024-11-02,Bundesliga,Wolfsburg,Augsburg,1450.51,1440.0,64.46,64.7,0.584484,D,H,
2024-11-02,Bundesliga,Dortmund,RB Leipzig,1617.82,1678.14,66.44,66.36,0.485476,H,A,0.0
2024-11-02,EPL,Southampton,Everton,1301.49,1472.83,72.96,64.11,0.335256,H,A,0.0
2024-11-03,EPL,Tottenham,Aston Villa,1565.7,1612.02,64.13,64.46,0.505177,H,H,1.0
2024-11-03,EPL,Man United,Chelsea,1562.67,1610.23,64.01,64.12,0.503453,D,H,
2024-11-03,Bundesliga,M'gladbach,Werder Bremen,1455.04,1498.4,63.8,64.67,0.509354,H,H,1.0
2024-11-03,Ligue1,Toulouse,Reims,1497.89,1536.91,64.08,63.43,0.515475,H,H,1.0
2024-11-03,Ligue1,Auxerre,Rennes,1435.09,1551.81,72.99,63.5,0.406975,H,A,0.0
2024-11-03,Ligue1,Le Havre,Montpellier,1411.8,1464.16,68.85,63.89,0.496678,H,A,0.0
2024-11-03,Ligue1,Nantes,Marseille,1438.75,1605.34,64.13,63.87,0.341236,A,A,1.0
2024-11-03,SerieA,Napoli,Atalanta,1648.68,1629.84,65.2,64.64,0.595852,A,H,0.0
2024-11-03,SerieA,Torino,Fiorentina,1545.82,1602.15,63.65,63.38,0.491072,A,A,1.0
2024-11-03,SerieA,Verona,Roma,1428.06,1581.77,64.25,63.65,0.35774,H,A,0.0
2024-11-03,SerieA,Inter,Venezia,1765.77,1368.47,68.13,79.46,0.923911,H,H,1.0
2024-11-03,LaLiga,Ath Madrid,Las Palmas,1675.8,1428.47,65.42,67.0,0.842134,H,H,1.0
2024-11-03,LaLiga,Barcelona,Espanol,1785.4,1427.9,67.72,69.42,0.908114,H,H,1.0
2024-11-03,LaLiga,Sevilla,Sociedad,1505.94,1552.12,63.47,63.81,0.50539,A,H,0.0
2024-11-03,LaLiga,Ath Bilbao,Betis,1587.04,1578.08,63.77,63.68,0.582418,D,H,
2024-11-03,Bundesliga,Freiburg,Mainz,1520.58,1476.67,64.34,64.09,0.629433,D,H,
2024-11-04,SerieA,Empoli,Como,1467.78,1444.56,64.32,106.0,0.598565,H,H,1.0
2024-11-04,SerieA,Lazio,Cagliari,1617.61,1420.18,64.37,65.16,0.801361,H,H,1.0
2024-11-04,SerieA,Parma,Genoa,1347.8,1465.18,85.08,64.7,0.406133,A,A,1.0
2024-11-04,LaLiga,Celta,Getafe,1471.01,1453.68,63.58,63.54,0.593851,H,H,1.0
2024-11-04,EPL,Fulham,Brentford,1496.96,1483.83,64.14,64.72,0.588064,H,H,1.0
2024-11-07,SerieA,Genoa,Como,1474.6,1421.11,64.5,102.19,0.638008,D,H,
2024-11-08,Bundesliga,Union Berlin,Freiburg,1503.37,1517.58,64.2,64.17,0.550308,D,H,
2024-11-08,Ligue1,Marseille,Auxerre,1613.17,1452.55,63.77,72.23,0.76526,A,H,0.0
2024-11-08,SerieA,Lecce,Empoli,1419.01,1476.8,65.38,64.19,0.489017,D,A,
2024-11-08,LaLiga,Vallecano,Las Palmas,1478.33,1424.46,63.79,67.15,0.642165,A,H,0.0
2024-11-09,Ligue1,Strasbourg,Monaco,1503.71,1660.1,63.86,65.29,0.35442,A,A,1.0
2024-11-09,Ligue1,Lens,Nantes,1607.35,1430.86,64.15,64.0,0.782055,H,H,1.0
2024-11-09,Ligue1,Angers,Paris SG,1370.85,1785.97,73.24,67.71,0.113556,A,A,1.0
2024-11-09,Bundesliga,Werder Bremen,Holstein Kiel,1486.92,1363.43,64.42,114.22,0.718876,H,H,1.0
2024-11-09,SerieA,Juventus,Torino,1660.68,1534.66,65.58,63.45,0.729741,H,H,1.0
2024-11-09,SerieA,Cagliari,Milan,1415.41,1649.82,65.27,66.23,0.26137,D,A,
2024-11-09,SerieA,Venezia,Parma,1365.81,1331.87,79.58,83.4,0.614698,A,H,0.0
2024-11-09,LaLiga,Leganes,Sevilla,1435.69,1494.52,98.06,63.28,0.487533,H,A,0.0
2024-11-09,LaLiga,Villarreal,Alaves,1605.47,1455.21,63.93,64.58,0.75571,H,H,1.0
2024-11-09,LaLiga,Real Madrid,Osasuna,1782.76,1522.74,68.94,63.39,0.8519,H,H,1.0
2024-11-09,Bundesliga,RB Leipzig,M'gladbach,1665.52,1466.23,66.0,63.59,0.803237,D,H,
2024-11-09,EPL,Brentford,Bournemouth,1474.17,1512.5,64.5,65.24,0.51643,H,H,1.0
2024-11-09,Bundesliga,Bochum,Leverkusen,1362.04,1719.85,65.27,67.3,0.150231,D,A,
2024-11-09,EPL,West Ham,Everton,1491.43,1457.58,63.67,64.01,0.616102,D,H,
2024-11-09,EPL,Crystal Palace,Fulham,1480.0,1506.46,63.43,63.95,0.533153,A,H,0.0
2024-11-09,EPL,Brighton,Man City,1539.05,1802.19,64.28,71.5,0.232099,H,A,0.0
2024-11-09,EPL,Liverpool,Aston Villa,1735.72,1600.51,67.41,64.21,0.739745,H,H,1.0
2024-11-09,Bundesliga,Mainz,Dortmund,1479.65,1630.48,63.93,66.08,0.361684,H,A,0.0
2024-11-09,EPL,Wolves,Southampton,1419.88,1321.1,65.11,72.32,0.697359,H,H,1.0
2024-11-09,Bundesliga,St Pauli,Bayern Munich,1423.29,1709.21,111.3,67.64,0.20952,A,A,1.0
2024-11-10,EPL,Chelsea,Arsenal,1610.3,1727.06,63.89,67.48,0.40715,D,A,
2024-11-10,LaLiga,Betis,Celta,1579.95,1480.23,63.51,63.42,0.699504,D,H,
2024-11-10,LaLiga,Mallorca,Ath Madrid,1501.31,1679.63,63.14,65.64,0.326696,A,A,1.0
2024-11-10,LaLiga,Getafe,Girona,1444.48,1588.98,63.38,64.27,0.369808,A,A,1.0
2024-11-10,LaLiga,Sociedad,Barcelona,1563.66,1787.8,63.6,68.09,0.27293,H,A,0.0
2024-11-10,Bundesliga,Heidenheim,Wolfsburg,1469.9,1448.55,68.22,64.24,0.599279,A,H,0.0
2024-11-10,Bundesliga,Stuttgart,Ein Frankfurt,1602.62,1559.6,64.76,64.38,0.628229,A,H,0.0
2024-11-10,Bundesliga,Augsburg,Hoffenheim,1441.98,1454.39,64.47,64.38,0.552807,D,H,
2024-11-10,EPL,Nott'm Forest,Newcastle,1486.97,1581.36,64.41,63.96,0.437727,A,A,1.0
2024-11-10,EPL,Man United,Leicester,1562.59,1435.44,63.79,69.04,0.730297,H,H,1.0
2024-11-10,LaLiga,Valladolid,Ath Bilbao,1389.58,1585.16,69.9,63.6,0.305454,D,A,
2024-11-10,EPL,Tottenham,Ipswich,1577.09,1369.66,63.9,105.4,0.803034,A,H,0.0
2024-11-10,Ligue1,Lyon,St Etienne,1612.29,1411.9,63.51,74.09,0.802674,H,H,1.0
2024-11-10,SerieA,Fiorentina,Verona,1613.21,1442.96,63.2,64.1,0.775992,H,H,1.0
2024-11-10,SerieA,Roma,Bologna,1567.15,1600.75,63.53,64.33,0.523118,A,H,0.0
2024-11-10,SerieA,Monza,Lazio,1468.56,1622.27,63.99,64.52,0.357805,A,A,1.0
2024-11-10,SerieA,Inter,Napoli,1767.77,1634.5,68.57,64.95,0.737542,D,H,
2024-11-10,Ligue1,Nice,Lille,1599.61,1641.14,63.77,64.21,0.511933,D,H,
2024-11-10,Ligue1,Le Havre,Reims,1425.06,1525.98,68.33,63.24,0.428641,A,A,1.0
2024-11-10,SerieA,Atalanta,Udinese,1643.78,1483.81,64.43,64.1,0.765735,H,H,1.0
2024-11-10,Ligue1,Rennes,Toulouse,1538.47,1509.04,63.36,63.86,0.610198,A,H,0.0
2024-11-10,Ligue1,Montpellier,Brest,1452.68,1568.65,63.69,63.73,0.408001,H,A,0.0
2024-11-22,Ligue1,Paris SG,Toulouse,1788.94,1523.01,68.0,63.7,0.856011,H,H,1.0
2024-11-22,Ligue1,Monaco,Brest,1668.56,1555.15,65.09,63.56,0.715467,H,H,1.0
2024-11-22,Bundesliga,Bayern Munich,Augsburg,1714.61,1440.75,67.65,64.24,0.86137,H,H,1.0
2024-11-22,LaLiga,Getafe,Valladolid,1436.13,1394.89,63.27,69.51,0.625485,H,H,1.0
2024-11-23,SerieA,Parma,Atalanta,1354.92,1649.27,81.94,64.48,0.20132,A,A,1.0
2024-11-23,Bundesliga,Leverkusen,Heidenheim,1710.86,1454.36,67.47,67.79,0.848756,H,H,1.0
2024-11-23,Bundesliga,Hoffenheim,RB Leipzig,1455.62,1658.05,64.15,66.08,0.297595,H,A,0.0
2024-11-23,Bundesliga,Dortmund,Freiburg,1614.87,1518.74,65.82,63.95,0.695175,H,H,1.0
2024-11-23,SerieA,Verona,Inter,1437.75,1761.51,64.2,68.35,0.17652,A,A,1.0
2024-11-23,SerieA,Milan,Juventus,1643.94,1667.22,66.14,65.5,0.537565,D,H,
2024-11-23,Bundesliga,Stuttgart,Bochum,1587.85,1370.49,64.56,65.52,0.81859,H,H,1.0
2024-11-23,Bundesliga,Wolfsburg,Union Berlin,1462.37,1502.21,64.06,63.98,0.51433,H,H,1.0
2024-11-23,LaLiga,Ath Madrid,Alaves,1687.53,1449.46,65.45,64.61,0.835411,H,H,1.0
2024-11-23,LaLiga,Girona,Espanol,1597.56,1425.39,64.1,69.74,0.777069,H,H,1.0
2024-11-23,Ligue1,Reims,Lyon,1535.59,1616.78,63.1,63.71,0.456111,D,A,
2024-11-23,Ligue1,St Etienne,Montpellier,1405.89,1466.16,73.79,63.52,0.485521,H,A,0.0
2024-11-23,Ligue1,Lens,Marseille,1612.42,1595.66,64.26,63.86,0.593074,A,H,0.0
2024-11-23,EPL,Leicester,Chelsea,1428.26,1612.43,68.78,63.72,0.319301,A,A,1.0
2024-11-23,EPL,Arsenal,Nott'm Forest,1724.7,1476.8,67.09,64.19,0.842949,H,H,1.0
2024-11-23,EPL,Aston Villa,Crystal Palace,1594.46,1467.97,64.23,63.25,0.730291,D,H,
2024-11-23,EPL,Bournemouth,Brighton,1501.0,1556.91,64.95,64.36,0.491669,A,A,1.0
2024-11-23,EPL,Everton,Brentford,1460.25,1485.42,63.84,64.25,0.534958,D,H,
2024-11-23,EPL,Fulham,Wolves,1518.68,1427.05,63.74,65.0,0.689648,A,H,0.0
2024-11-23,EPL,Man City,Tottenham,1780.2,1559.07,71.21,64.11,0.82192,A,H,0.0
2024-11-23,LaLiga,Valencia,Betis,1452.76,1575.42,63.54,63.48,0.398915,H,A,0.0
2024-11-23,Bundesliga,Ein Frankfurt,Werder Bremen,1574.21,1493.24,64.21,64.44,0.676701,H,H,1.0
2024-11-23,LaLiga,Celta,Barcelona,1484.75,1768.88,63.4,67.88,0.211231,D,A,
2024-11-23,LaLiga,Las Palmas,Mallorca,1440.65,1493.98,66.84,63.1,0.495303,A,A,1.0
2024-11-24,EPL,Southampton,Liverpool,1312.33,1742.36,71.79,67.26,0.105323,A,A,1.0
2024-11-24,Ligue1,Lille,Rennes,1641.42,1524.71,63.98,63.23,0.719284,H,H,1.0
2024-11-24,Ligue1,Auxerre,Angers,1474.91,1367.41,71.9,73.34,0.707448,H,H,1.0
2024-11-24,Ligue1,Nantes,Le Havre,1425.8,1413.92,64.12,67.87,0.586196,A,H,0.0
2024-11-24,Ligue1,Nice,Strasbourg,1599.34,1495.59,63.57,63.73,0.704212,H,H,1.0
2024-11-24,LaLiga,Ath Bilbao,Sociedad,1580.76,1580.22,63.56,63.62,0.570825,H,H,1.0
2024-11-24,LaLiga,Osasuna,Villarreal,1519.34,1611.11,63.71,63.99,0.441368,D,A,
2024-11-24,SerieA,Napoli,Roma,1640.13,1555.31,64.92,63.34,0.681531,H,H,1.0
2024-11-24,SerieA,Lazio,Bologna,1630.63,1612.87,64.36,64.09,0.59441,H,H,1.0
2024-11-24,SerieA,Como,Fiorentina,1428.94,1618.28,98.97,63.33,0.31295,A,A,1.0
2024-11-24,SerieA,Genoa,Cagliari,1471.47,1421.13,64.39,65.23,0.637754,D,H,
2024-11-24,LaLiga,Leganes,Real Madrid,1461.79,1786.75,95.0,69.05,0.17565,A,A,1.0
2024-11-24,EPL,Ipswich,Man United,1418.27,1568.77,103.12,63.81,0.361932,D,A,
2024-11-24,Bundesliga,Holstein Kiel,Mainz,1344.72,1494.29,110.21,63.8,0.363135,A,A,1.0
2024-11-24,Bundesliga,M'gladbach,St Pauli,1473.17,1409.46,63.78,108.29,0.649995,H,H,1.0
2024-11-24,SerieA,Torino,Monza,1528.52,1460.33,63.48,63.86,0.660784,D,H,
2024-11-24,LaLiga,Sevilla,Vallecano,1483.29,1463.67,63.16,63.67,0.596969,H,H,1.0
2024-11-25,SerieA,Empoli,Udinese,1476.55,1478.37,63.97,64.17,0.567522,D,H,
2024-11-25,SerieA,Venezia,Lecce,1344.77,1419.27,78.43,65.07,0.465513,A,A,1.0
2024-11-25,EPL,Newcastle,West Ham,1591.39,1488.79,63.76,63.53,0.702895,A,H,0.0
2024-11-29,EPL,Brighton,Southampton,1568.3,1309.26,64.12,71.98,0.849967,D,H,
2024-11-29,SerieA,Cagliari,Verona,1424.41,1433.63,65.02,64.41,0.557255,H,H,1.0
2024-11-29,Bundesliga,St Pauli,Holstein Kiel,1388.24,1321.69,104.44,106.02,0.65382,H,H,1.0
2024-11-29,Ligue1,Reims,Lens,1536.57,1598.69,62.94,64.06,0.482905,A,A,1.0
2024-11-29,LaLiga,Mallorca,Valencia,1505.03,1466.39,62.94,63.39,0.622507,H,H,1.0
2024-11-30,Ligue1,Rennes,St Etienne,1518.37,1421.33,63.25,72.93,0.69522,H,H,1.0
2024-11-30,Ligue1,Brest,Strasbourg,1548.67,1488.82,63.56,63.7,0.650172,H,H,1.0
2024-11-30,Ligue1,Paris SG,Nantes,1792.71,1412.32,68.16,63.93,0.91894,D,H,
2024-11-30,EPL,Brentford,Leicester,1486.23,1419.83,64.02,68.43,0.65809,H,H,1.0
2024-11-30,LaLiga,Alaves,Leganes,1445.55,1453.13,64.84,93.64,0.558259,D,H,
2024-11-30,Bundesliga,Augsburg,Bochum,1437.49,1366.08,64.56,65.66,0.664669,H,H,1.0
2024-11-30,EPL,West Ham,Arsenal,1504.78,1728.7,63.51,67.24,0.273067,A,A,1.0
2024-11-30,EPL,Wolves,Bournemouth,1443.44,1489.4,64.88,64.68,0.50569,A,H,0.0
2024-11-30,EPL,Nott'm Forest,Ipswich,1473.12,1426.03,64.46,99.78,0.630134,H,H,1.0
2024-11-30,SerieA,Como,Monza,1412.56,1464.02,96.3,63.75,0.497951,D,A,
2024-11-30,SerieA,Milan,Empoli,1643.02,1475.0,65.8,63.77,0.773832,H,H,1.0
2024-11-30,LaLiga,Barcelona,Las Palmas,1761.37,1428.31,67.83,66.44,0.896378,A,H,0.0
2024-11-30,SerieA,Bologna,Venezia,1603.53,1329.11,63.91,77.23,0.859821,H,H,1.0
2024-11-30,Bundesliga,RB Leipzig,Wolfsburg,1640.82,1473.54,65.92,63.84,0.773097,A,H,0.0
2024-11-30,Bundesliga,Union Berlin,Leverkusen,1491.07,1714.76,63.76,67.63,0.273379,A,A,1.0
2024-11-30,LaLiga,Valladolid,Ath Madrid,1384.83,1691.53,69.02,65.65,0.190524,A,A,1.0
2024-11-30,EPL,Crystal Palace,Newcastle,1473.17,1575.29,63.29,63.72,0.427011,D,A,
2024-11-30,Bundesliga,Dortmund,Bayern Munich,1622.29,1718.21,65.66,67.84,0.435746,D,A,
2024-11-30,LaLiga,Espanol,Celta,1419.33,1491.32,69.57,63.56,0.469015,H,A,0.0
2024-11-30,Bundesliga,Freiburg,M'gladbach,1511.72,1480.91,63.89,63.73,0.612054,H,H,1.0
2024-11-30,Bundesliga,Werder Bremen,Stuttgart,1485.69,1592.14,64.33,64.75,0.421088,D,A,
2024-12-01,EPL,Liverpool,Man City,1745.08,1756.76,67.59,71.11,0.553587,H,H,1.0
2024-12-01,SerieA,Parma,Lazio,1347.43,1640.05,81.19,64.15,0.202856,H,A,0.0
2024-12-01,SerieA,Udinese,Genoa,1479.93,1468.27,63.96,64.23,0.586087,A,H,0.0
2024-12-01,EPL,Chelsea,Aston Villa,1619.72,1589.1,63.66,64.22,0.611755,H,H,1.0
2024-12-01,EPL,Man United,Everton,1565.79,1459.45,63.73,63.64,0.707264,H,H,1.0
2024-12-01,EPL,Tottenham,Fulham,1578.14,1502.91,64.33,63.69,0.669647,D,H,
2024-12-01,SerieA,Torino,Napoli,1524.87,1647.67,63.4,64.79,0.398797,A,A,1.0
2024-12-01,SerieA,Lecce,Juventus,1430.21,1668.12,64.82,65.2,0.257445,D,A,
2024-12-01,Ligue1,Le Havre,Angers,1428.96,1358.72,67.44,72.78,0.662495,A,H,0.0
2024-12-01,Bundesliga,Heidenheim,Ein Frankfurt,1450.44,1581.7,67.94,64.11,0.387361,A,A,1.0
2024-12-01,LaLiga,Real Madrid,Getafe,1791.49,1444.53,69.08,63.16,0.903828,H,H,1.0
2024-12-01,LaLiga,Vallecano,Ath Bilbao,1454.49,1590.49,63.51,63.39,0.380996,A,A,1.0
2024-12-01,LaLiga,Sociedad,Betis,1570.47,1561.81,63.44,63.33,0.582009,H,H,1.0
2024-12-01,LaLiga,Villarreal,Girona,1609.76,1602.72,63.79,64.21,0.579746,D,H,
2024-12-01,Ligue1,Marseille,Monaco,1609.22,1675.35,63.69,65.01,0.477289,H,A,0.0
2024-12-01,Ligue1,Toulouse,Auxerre,1519.68,1483.28,64.03,71.43,0.61894,H,H,1.0
2024-12-01,Ligue1,Lyon,Nice,1615.78,1606.08,63.51,63.55,0.583441,H,H,1.0
2024-12-01,Bundesliga,Mainz,Hoffenheim,1502.41,1471.87,63.74,64.09,0.611664,H,H,1.0
2024-12-01,Ligue1,Montpellier,Lille,1454.59,1647.9,63.35,63.96,0.30821,D,A,
2024-12-02,SerieA,Roma,Atalanta,1548.12,1654.02,63.3,64.63,0.421836,A,A,1.0
2024-12-02,LaLiga,Sevilla,Osasuna,1492.33,1520.68,63.03,63.52,0.530505,D,H,
2024-12-03,LaLiga,Mallorca,Barcelona,1513.44,1737.92,62.84,68.15,0.27256,A,A,1.0
2024-12-03,EPL,Leicester,West Ham,1410.9,1498.58,68.06,63.53,0.447051,H,A,0.0
2024-12-03,EPL,Ipswich,Crystal Palace,1406.67,1474.81,96.79,63.13,0.474421,A,A,1.0
2024-12-04,EPL,Aston Villa,Brentford,1580.12,1494.08,64.04,63.91,0.682969,H,H,1.0
2024-12-04,LaLiga,Ath Bilbao,Real Madrid,1599.1,1794.1,63.26,69.39,0.306791,H,A,0.0
2024-12-04,EPL,Arsenal,Man United,1735.62,1572.49,67.07,63.71,0.768976,H,H,1.0
2024-12-04,EPL,Southampton,Chelsea,1319.51,1628.55,71.97,63.51,0.188204,A,A,1.0
2024-12-04,EPL,Man City,Nott'm Forest,1744.29,1481.52,70.46,64.34,0.853716,H,H,1.0
2024-12-04,EPL,Everton,Wolves,1452.77,1431.53,63.62,64.61,0.599095,H,H,1.0
2024-12-04,EPL,Newcastle,Liverpool,1573.62,1756.39,63.54,67.18,0.321377,D,A,
2024-12-05,EPL,Fulham,Brighton,1506.78,1560.16,63.61,64.41,0.495246,H,A,0.0
2024-12-05,EPL,Bournemouth,Tottenham,1501.23,1574.2,64.42,64.21,0.467661,H,A,0.0
2024-12-06,LaLiga,Celta,Mallorca,1479.33,1507.37,63.38,62.9,0.530951,H,H,1.0
2024-12-06,Bundesliga,Stuttgart,Union Berlin,1590.29,1484.81,64.51,63.77,0.706239,H,H,1.0
2024-12-06,SerieA,Inter,Parma,1766.15,1376.56,68.39,80.48,0.920693,H,H,1.0
2024-12-06,SerieA,Atalanta,Milan,1663.89,1648.54,64.4,65.81,0.591028,H,H,1.0
2024-12-06,Ligue1,Lille,Brest,1643.48,1556.62,63.9,63.46,0.684024,H,H,1.0
2024-12-06,Ligue1,Auxerre,Paris SG,1472.51,1781.6,70.82,68.56,0.188875,D,A,
2024-12-07,Bundesliga,Leverkusen,St Pauli,1721.76,1407.6,67.44,101.27,0.880345,H,H,1.0
2024-12-07,SerieA,Genoa,Torino,1481.82,1515.87,64.03,63.26,0.522489,D,H,
2024-12-07,SerieA,Juventus,Bologna,1662.31,1606.76,65.17,64.24,0.644592,D,H,
2024-12-07,SerieA,Roma,Lecce,1538.63,1435.95,63.15,64.81,0.702846,H,H,1.0
2024-12-07,Bundesliga,Bayern Munich,Heidenheim,1716.57,1440.47,67.41,67.54,0.862412,H,H,1.0
2024-12-07,Bundesliga,Bochum,Werder Bremen,1357.98,1487.52,65.47,64.12,0.389682,A,A,1.0
2024-12-07,Bundesliga,Holstein Kiel,RB Leipzig,1301.76,1621.87,102.67,65.92,0.179181,A,A,1.0
2024-12-07,EPL,Aston Villa,Southampton,1587.44,1314.04,63.96,71.8,0.859976,H,H,1.0
2024-12-07,LaLiga,Betis,Barcelona,1552.4,1745.0,63.18,67.93,0.309499,D,A,
2024-12-07,LaLiga,Valencia,Vallecano,1457.86,1445.86,63.27,63.38,0.586602,A,H,0.0
2024-12-07,LaLiga,Girona,Real Madrid,1604.57,1775.44,64.0,69.02,0.336329,A,A,1.0
2024-12-07,EPL,Man United,Nott'm Forest,1567.19,1478.06,63.81,64.63,0.686655,A,H,0.0
2024-12-07,Ligue1,Monaco,Toulouse,1662.99,1528.41,64.73,63.88,0.739115,H,H,1.0
2024-12-07,Ligue1,Nice,Le Havre,1596.63,1412.21,63.39,67.15,0.78915,H,H,1.0
2024-12-07,Ligue1,Angers,Lyon,1378.15,1625.22,72.16,63.35,0.247471,A,A,1.0
2024-12-07,Bundesliga,Ein Frankfurt,Augsburg,1590.62,1445.33,63.94,64.42,0.75052,D,H,
2024-12-07,EPL,Crystal Palace,Man City,1485.19,1748.39,63.01,70.52,0.231897,D,A,
2024-12-07,EPL,Brentford,Newcastle,1486.8,1577.68,63.84,63.48,0.442581,H,A,0.0
2024-12-07,LaLiga,Las Palmas,Valladolid,1450.82,1379.72,66.81,68.99,0.663958,H,H,1.0
2024-12-07,Bundesliga,M'gladbach,Dortmund,1472.06,1623.83,63.58,65.36,0.3604,D,A,
2024-12-08,EPL,Leicester,Brighton,1425.16,1548.43,67.6,64.17,0.398131,D,A,
2024-12-08,LaLiga,Ath Bilbao,Villarreal,1614.68,1607.94,63.24,63.61,0.579366,H,H,1.0
2024-12-08,LaLiga,Leganes,Sociedad,1455.92,1579.92,91.1,63.29,0.397082,A,A,1.0
2024-12-08,LaLiga,Osasuna,Alaves,1521.37,1444.21,63.34,64.63,0.671955,D,H,
2024-12-08,LaLiga,Ath Madrid,Sevilla,1696.17,1491.65,65.76,62.87,0.807966,H,H,1.0
2024-12-08,Ligue1,St Etienne,Marseille,1412.36,1621.1,72.36,63.49,0.289911,A,A,1.0
2024-12-08,Ligue1,Strasbourg,Reims,1480.84,1525.83,63.59,62.78,0.507071,D,H,
2024-12-08,Ligue1,Nantes,Rennes,1422.1,1525.21,64.45,63.24,0.425628,H,A,0.0
2024-12-08,Ligue1,Lens,Montpellier,1609.8,1458.92,63.84,63.32,0.756519,H,H,1.0
2024-12-08,EPL,Tottenham,Chelsea,1561.91,1632.86,63.99,63.72,0.470471,A,A,1.0
2024-12-08,EPL,Ipswich,Bournemouth,1383.07,1513.6,93.88,64.18,0.388348,A,A,1.0
2024-12-08,Bundesliga,Hoffenheim,Freiburg,1462.92,1520.61,63.92,63.73,0.489153,D,A,
2024-12-08,SerieA,Napoli,Lazio,1657.05,1621.73,64.57,64.31,0.618035,A,H,0.0
2024-12-08,SerieA,Fiorentina,Cagliari,1625.28,1434.88,63.34,64.75,0.795026,H,H,1.0
2024-12-08,SerieA,Verona,Empoli,1423.35,1469.79,64.18,63.87,0.505008,A,H,0.0
2024-12-08,EPL,Fulham,Arsenal,1518.23,1741.48,63.41,67.0,0.273794,D,A,
2024-12-08,SerieA,Venezia,Como,1324.48,1412.67,77.05,93.44,0.447514,D,A,
2024-12-08,Bundesliga,Wolfsburg,Mainz,1491.34,1511.27,63.94,63.59,0.542321,H,H,1.0
2024-12-09,EPL,West Ham,Wolves,1486.09,1422.15,63.36,64.4,0.655342,H,H,1.0
2024-12-09,LaLiga,Getafe,Espanol,1442.32,1433.59,63.65,69.01,0.581815,H,H,1.0
2024-12-09,SerieA,Monza,Udinese,1463.97,1466.49,63.6,63.77,0.566583,A,H,0.0
2024-12-13,Ligue1,Toulouse,St Etienne,1522.4,1403.91,63.9,71.85,0.720231,H,H,1.0
2024-12-13,Bundesliga,Freiburg,Wolfsburg,1520.36,1501.83,63.53,63.73,0.595484,H,H,1.0
2024-12-13,SerieA,Empoli,Torino,1481.34,1516.38,63.66,63.08,0.521101,A,H,0.0
2024-12-13,LaLiga,Valladolid,Valencia,1370.82,1444.68,68.6,63.12,0.466392,H,A,0.0
2024-12-14,LaLiga,Sevilla,Celta,1487.33,1489.91,63.1,63.2,0.566518,H,H,1.0
2024-12-14,Bundesliga,St Pauli,Werder Bremen,1401.16,1496.5,100.15,63.95,0.436403,A,A,1.0
2024-12-14,LaLiga,Espanol,Osasuna,1422.53,1517.49,68.51,63.28,0.436904,D,A,
2024-12-14,SerieA,Juventus,Venezia,1658.87,1326.16,64.97,76.04,0.894881,D,H,
2024-12-14,SerieA,Udinese,Napoli,1479.41,1642.6,63.59,64.38,0.345609,A,A,1.0
2024-12-14,SerieA,Cagliari,Atalanta,1430.02,1673.39,64.86,64.19,0.251488,A,A,1.0
2024-12-14,LaLiga,Mallorca,Girona,1496.95,1596.84,62.75,63.9,0.430091,H,A,0.0
2024-12-14,LaLiga,Vallecano,Real Madrid,1459.09,1784.36,63.23,68.63,0.175333,D,A,
2024-12-14,Bundesliga,Union Berlin,Bochum,1478.08,1348.63,63.74,65.21,0.733321,A,H,0.0
2024-12-14,EPL,Arsenal,Everton,1735.76,1461.87,66.84,63.47,0.861491,D,H,
2024-12-14,EPL,Liverpool,Fulham,1751.87,1523.36,66.91,63.44,0.828022,D,H,
2024-12-14,EPL,Newcastle,Leicester,1565.07,1427.76,63.31,67.21,0.741647,H,H,1.0
2024-12-14,EPL,Wolves,Ipswich,1414.13,1364.76,64.25,91.43,0.633986,A,H,0.0
2024-12-14,EPL,Nott'm Forest,Aston Villa,1494.19,1590.68,64.52,64.29,0.43482,H,A,0.0
2024-12-14,Ligue1,Marseille,Lille,1627.68,1650.74,63.49,63.82,0.537924,D,H,
2024-12-14,Ligue1,Auxerre,Lens,1481.26,1615.41,70.71,63.9,0.383491,D,A,
2024-12-14,Ligue1,Reims,Monaco,1525.99,1669.15,62.64,64.71,0.371601,D,A,
2024-12-14,Bundesliga,Augsburg,Leverkusen,1451.2,1724.77,64.45,67.74,0.221286,A,A,1.0
2024-12-14,Bundesliga,Mainz,Bayern Munich,1500.89,1720.11,63.4,67.62,0.2784,H,A,0.0
2024-12-14,Bundesliga,M'gladbach,Holstein Kiel,1475.23,1291.52,63.47,100.72,0.782699,H,H,1.0
2024-12-15,LaLiga,Alaves,Ath Bilbao,1448.25,1624.13,64.5,63.09,0.329484,D,A,
2024-12-15,LaLiga,Villarreal,Betis,1598.39,1556.67,63.44,63.16,0.626601,A,H,0.0
2024-12-15,Ligue1,Montpellier,Nice,1453.4,1601.42,63.41,63.55,0.365135,D,A,
2024-12-15,Ligue1,Brest,Nantes,1549.45,1435.47,63.41,64.22,0.716042,H,H,1.0
2024-12-15,Ligue1,Le Havre,Strasbourg,1406.86,1480.68,67.14,63.4,0.466441,A,A,1.0
2024-12-15,LaLiga,Barcelona,Leganes,1740.07,1438.21,67.64,88.89,0.875379,A,H,0.0
2024-12-15,LaLiga,Sociedad,Las Palmas,1588.73,1459.19,63.19,66.55,0.733251,D,H,
2024-12-15,LaLiga,Ath Madrid,Getafe,1700.88,1451.8,65.86,63.49,0.843924,H,H,1.0
2024-12-15,SerieA,Bologna,Fiorentina,1610.11,1629.94,64.1,63.51,0.542461,H,H,1.0
2024-12-15,Bundesliga,Dortmund,Hoffenheim,1620.49,1463.17,65.15,63.71,0.763099,D,H,
2024-12-15,Bundesliga,Heidenheim,Stuttgart,1436.91,1597.17,67.75,64.44,0.34937,A,A,1.0
2024-12-15,SerieA,Milan,Genoa,1638.65,1481.31,65.52,63.81,0.763108,D,H,
2024-12-15,SerieA,Como,Roma,1410.21,1545.31,90.96,63.14,0.382167,H,A,0.0
2024-12-15,SerieA,Parma,Verona,1373.72,1411.69,80.56,63.95,0.516954,A,H,0.0
2024-12-15,Ligue1,Rennes,Angers,1512.31,1370.95,63.09,71.78,0.745364,H,H,1.0
2024-12-15,SerieA,Lecce,Monza,1428.93,1451.11,64.71,63.42,0.539163,H,H,1.0
2024-12-15,EPL,Southampton,Tottenham,1310.0,1551.11,71.83,63.77,0.253832,A,A,1.0
2024-12-15,EPL,Chelsea,Brentford,1643.57,1499.54,63.52,63.64,0.749294,H,H,1.0
2024-12-15,EPL,Man City,Man United,1740.89,1551.45,70.28,63.74,0.794278,A,H,0.0
2024-12-15,EPL,Brighton,Crystal Palace,1546.08,1491.2,63.99,63.15,0.643826,A,H,0.0
2024-12-15,Bundesliga,RB Leipzig,Ein Frankfurt,1626.31,1584.84,66.07,63.99,0.626213,H,H,1.0
2024-12-15,Ligue1,Paris SG,Lyon,1773.4,1630.83,68.55,63.44,0.747761,H,H,1.0
2024-12-16,EPL,Bournemouth,West Ham,1522.44,1493.88,64.05,63.27,0.609073,D,H,
2024-12-16,SerieA,Lazio,Inter,1636.07,1768.25,64.13,68.8,0.386466,A,A,1.0
2024-12-18,LaLiga,Villarreal,Vallecano,1584.21,1466.45,63.32,63.49,0.720441,D,H,
2024-12-18,Ligue1,Monaco,Paris SG,1666.13,1780.05,64.52,68.36,0.411064,A,A,1.0
2024-12-18,LaLiga,Espanol,Valencia,1424.18,1432.78,68.02,62.96,0.558154,D,H,
2024-12-20,SerieA,Verona,Milan,1423.41,1632.27,63.76,65.51,0.290006,A,A,1.0
2024-12-20,Bundesliga,Bayern Munich,RB Leipzig,1701.59,1635.44,67.42,65.8,0.658022,H,H,1.0
2024-12-20,LaLiga,Girona,Valladolid,1583.78,1384.79,63.71,68.09,0.80234,H,H,1.0
2024-12-21,Bundesliga,Stuttgart,St Pauli,1605.31,1378.04,64.3,96.92,0.821353,A,H,0.0
2024-12-21,SerieA,Torino,Bologna,1528.02,1620.65,62.92,63.88,0.440167,A,A,1.0
2024-12-21,SerieA,Genoa,Napoli,1487.35,1650.65,63.89,64.24,0.345463,A,A,1.0
2024-12-21,Bundesliga,Ein Frankfurt,Mainz,1576.25,1517.23,63.84,63.42,0.649139,A,H,0.0
2024-12-21,SerieA,Lecce,Lazio,1439.74,1627.17,64.46,63.96,0.315325,A,A,1.0
2024-12-21,LaLiga,Barcelona,Ath Madrid,1717.7,1704.72,67.91,66.07,0.587789,A,H,0.0
2024-12-21,Bundesliga,Hoffenheim,M'gladbach,1469.2,1480.06,63.79,63.64,0.554993,A,H,0.0
2024-12-21,Bundesliga,Holstein Kiel,Augsburg,1279.94,1446.02,98.61,64.53,0.341953,H,A,0.0
2024-12-21,LaLiga,Getafe,Mallorca,1448.21,1509.56,63.78,62.63,0.483988,A,A,1.0
2024-12-21,LaLiga,Celta,Sociedad,1480.18,1583.47,63.04,63.24,0.425371,H,A,0.0
2024-12-21,LaLiga,Osasuna,Ath Bilbao,1516.08,1620.31,63.12,63.05,0.424056,A,A,1.0
2024-12-21,EPL,Crystal Palace,Arsenal,1505.64,1726.59,63.06,67.07,0.276381,A,A,1.0
2024-12-21,EPL,West Ham,Brighton,1496.33,1531.27,63.15,63.86,0.521233,D,H,
2024-12-21,EPL,Aston Villa,Man City,1577.6,1718.85,64.07,70.13,0.374559,H,A,0.0
2024-12-21,Bundesliga,Leverkusen,Freiburg,1730.47,1529.53,67.67,63.38,0.804735,H,H,1.0
2024-12-21,EPL,Ipswich,Newcastle,1393.37,1570.91,89.28,63.37,0.327447,A,A,1.0
2024-12-21,Bundesliga,Werder Bremen,Union Berlin,1506.29,1461.27,63.81,63.77,0.630903,H,H,1.0
2024-12-21,EPL,Brentford,Nott'm Forest,1493.8,1507.37,63.7,64.29,0.551182,A,H,0.0
2024-12-22,Bundesliga,Bochum,Heidenheim,1366.21,1427.96,65.16,67.41,0.483463,H,A,0.0
2024-12-22,LaLiga,Valencia,Alaves,1434.07,1452.24,62.82,64.37,0.544755,D,H,
2024-12-22,LaLiga,Leganes,Villarreal,1476.78,1579.22,88.31,63.34,0.426547,A,A,1.0
2024-12-22,LaLiga,Real Madrid,Sevilla,1775.71,1497.03,68.65,62.95,0.864758,H,H,1.0
2024-12-22,LaLiga,Betis,Vallecano,1570.73,1471.47,63.05,63.5,0.698945,D,H,
2024-12-22,Bundesliga,Wolfsburg,Dortmund,1492.61,1614.18,63.57,65.16,0.400476,A,A,1.0
2024-12-22,LaLiga,Las Palmas,Espanol,1465.01,1422.68,66.43,67.57,0.62708,H,H,1.0
2024-12-22,EPL,Tottenham,Liverpool,1556.94,1743.55,63.82,67.02,0.316653,A,A,1.0
2024-12-22,EPL,Fulham,Southampton,1530.84,1302.68,63.7,71.46,0.826577,D,H,
2024-12-22,EPL,Leicester,Wolves,1421.21,1399.71,67.07,64.14,0.599489,A,H,0.0
2024-12-22,EPL,Man United,Bournemouth,1569.66,1519.93,63.9,63.88,0.637057,A,H,0.0
2024-12-22,EPL,Everton,Chelsea,1470.15,1649.29,63.82,63.58,0.325481,D,A,
2024-12-22,SerieA,Atalanta,Empoli,1679.24,1469.49,64.22,63.47,0.812413,H,H,1.0
2024-12-22,SerieA,Monza,Juventus,1440.72,1649.43,63.25,65.38,0.290173,A,A,1.0
2024-12-22,SerieA,Roma,Parma,1531.77,1355.44,63.07,79.18,0.779647,H,H,1.0
2024-12-22,SerieA,Venezia,Cagliari,1339.1,1424.05,76.09,64.86,0.450885,H,A,0.0
2024-12-23,SerieA,Fiorentina,Udinese,1619.59,1471.56,63.33,63.49,0.753526,A,H,0.0
2024-12-23,SerieA,Inter,Como,1778.42,1437.7,68.35,88.8,0.897046,H,H,1.0
2024-12-26,EPL,Liverpool,Leicester,1751.51,1406.16,66.78,66.71,0.902598,H,H,1.0
2024-12-26,EPL,Man City,Everton,1701.74,1474.15,69.61,63.74,0.827239,D,H,
2024-12-26,EPL,Wolves,Man United,1413.51,1555.04,63.95,63.77,0.373689,H,A,0.0
2024-12-26,EPL,Southampton,West Ham,1312.1,1495.85,71.37,62.98,0.319733,A,A,1.0
2024-12-26,EPL,Nott'm Forest,Tottenham,1520.14,1549.69,64.07,63.76,0.528811,H,H,1.0
2024-12-26,EPL,Newcastle,Aston Villa,1578.25,1591.96,63.34,63.92,0.551011,H,H,1.0
2024-12-26,EPL,Bournemouth,Crystal Palace,1534.54,1499.44,63.75,63.1,0.617818,D,H,
2024-12-26,EPL,Chelsea,Fulham,1645.32,1523.35,63.51,63.94,0.725159,A,H,0.0
2024-12-27,EPL,Arsenal,Ipswich,1733.55,1379.25,66.89,87.44,0.904013,H,H,1.0
2024-12-27,EPL,Brighton,Brentford,1531.75,1481.26,63.65,63.51,0.638091,D,H,
2024-12-28,SerieA,Lazio,Atalanta,1634.43,1683.63,63.89,64.4,0.501137,D,H,
2024-12-28,SerieA,Cagliari,Inter,1411.23,1781.11,64.62,68.67,0.141956,A,A,1.0
2024-12-28,SerieA,Parma,Monza,1347.85,1434.17,78.51,63.26,0.448931,H,A,0.0
2024-12-28,SerieA,Empoli,Genoa,1465.2,1479.43,63.68,63.78,0.550284,A,H,0.0
2024-12-29,EPL,Leicester,Man City,1403.69,1692.8,67.09,69.6,0.206857,A,A,1.0
2024-12-29,SerieA,Milan,Roma,1639.27,1536.69,65.4,63.23,0.7029,D,H,
2024-12-29,EPL,Crystal Palace,Southampton,1502.08,1303.04,62.99,70.86,0.801971,H,H,1.0
2024-12-29,EPL,Everton,Nott'm Forest,1481.66,1530.98,63.98,63.85,0.500969,A,H,0.0
2024-12-29,SerieA,Juventus,Fiorentina,1656.4,1602.49,65.27,63.41,0.642533,D,H,
2024-12-29,SerieA,Napoli,Venezia,1658.66,1356.55,64.11,75.08,0.877795,H,H,1.0
2024-12-29,SerieA,Udinese,Torino,1488.74,1518.23,63.56,62.78,0.528909,D,H,
2024-12-29,EPL,Fulham,Bournemouth,1540.08,1531.85,63.94,63.6,0.581412,D,H,
2024-12-29,EPL,West Ham,Liverpool,1502.99,1753.98,62.96,67.16,0.243867,A,A,1.0
2024-12-29,EPL,Tottenham,Wolves,1538.95,1427.9,63.56,63.81,0.712728,D,H,
2024-12-30,SerieA,Como,Lecce,1433.31,1432.37,88.41,64.36,0.57134,H,H,1.0
2024-12-30,EPL,Ipswich,Chelsea,1375.26,1628.81,87.16,63.53,0.240748,H,A,0.0
2024-12-30,SerieA,Bologna,Verona,1630.72,1416.77,63.68,63.74,0.815967,A,H,0.0
2024-12-30,EPL,Aston Villa,Brighton,1581.67,1528.61,63.72,63.53,0.641434,D,H,
2024-12-30,EPL,Man United,Newcastle,1540.74,1588.36,63.63,63.17,0.50335,A,H,0.0
2025-01-01,EPL,Brentford,Arsenal,1484.39,1735.96,63.4,67.29,0.24328,A,A,1.0
2025-01-03,Ligue1,Nice,Rennes,1598.36,1518.02,63.43,63.18,0.676051,H,H,1.0
2025-01-03,LaLiga,Valencia,Real Madrid,1433.08,1779.32,62.68,68.82,0.15895,A,A,1.0
2025-01-04,EPL,Southampton,Brentford,1297.48,1478.87,70.71,63.49,0.322694,A,A,1.0
2025-01-04,Ligue1,Lille,Nantes,1651.61,1428.87,63.62,64.18,0.823233,D,H,
2025-01-04,EPL,Brighton,Arsenal,1531.82,1742.15,63.42,67.18,0.288504,D,A,
2025-01-04,EPL,Aston Villa,Leicester,1578.44,1398.46,63.6,67.1,0.784968,H,H,1.0
2025-01-04,EPL,Bournemouth,Everton,1533.69,1470.17,63.43,63.76,0.654865,H,H,1.0
2025-01-04,Ligue1,Lyon,Montpellier,1625.09,1456.45,63.5,63.3,0.774513,H,H,1.0
2025-01-04,EPL,Man City,West Ham,1698.41,1497.53,69.48,63.07,0.804726,H,H,1.0
2025-01-04,SerieA,Verona,Udinese,1435.6,1488.08,63.95,63.37,0.496493,D,A,
2025-01-04,SerieA,Fiorentina,Napoli,1605.71,1661.5,63.31,64.49,0.491828,A,A,1.0
2025-01-04,SerieA,Venezia,Empoli,1352.71,1452.68,75.07,63.49,0.429966,D,A,
2025-01-04,EPL,Crystal Palace,Chelsea,1506.52,1611.83,63.2,63.63,0.422603,D,A,
2025-01-04,Ligue1,St Etienne,Reims,1395.89,1528.82,71.41,62.57,0.385032,H,A,0.0
2025-01-04,EPL,Tottenham,Newcastle,1534.1,1599.63,63.55,63.0,0.478099,A,A,1.0
2025-01-05,Ligue1,Angers,Brest,1363.66,1555.89,71.41,63.42,0.309456,H,A,0.0
2025-01-05,Ligue1,Lens,Toulouse,1612.76,1528.81,63.75,63.9,0.680427,A,H,0.0
2025-01-05,EPL,Fulham,Ipswich,1538.21,1406.86,63.75,85.88,0.732469,D,H,
2025-01-05,Ligue1,Marseille,Le Havre,1626.83,1395.13,63.31,66.73,0.830103,H,H,1.0
2025-01-05,EPL,Liverpool,Man United,1760.16,1529.3,67.05,63.43,0.8299,D,H,
2025-01-05,SerieA,Roma,Lazio,1541.26,1634.41,63.22,63.68,0.439429,H,A,0.0
2025-01-05,SerieA,Torino,Parma,1518.87,1366.44,62.64,77.31,0.756154,D,H,
2025-01-05,SerieA,Lecce,Genoa,1422.55,1491.98,64.18,63.58,0.472624,D,A,
2025-01-05,SerieA,Monza,Cagliari,1421.92,1407.87,63.11,64.91,0.589317,A,H,0.0
2025-01-05,Ligue1,Strasbourg,Auxerre,1491.18,1484.49,63.22,70.13,0.57896,H,H,1.0
2025-01-06,EPL,Wolves,Nott'm Forest,1432.78,1542.42,63.79,63.64,0.416651,A,A,1.0
2025-01-10,Ligue1,Nantes,Monaco,1436.44,1656.57,64.39,64.31,0.276964,D,A,
2025-01-10,Ligue1,Auxerre,Lille,1473.01,1644.18,69.56,63.85,0.335454,D,A,
2025-01-10,Bundesliga,Dortmund,Leverkusen,1623.7,1735.52,64.92,67.67,0.413894,A,A,1.0
2025-01-10,SerieA,Lazio,Como,1621.65,1451.36,63.5,86.4,0.772588,D,H,
2025-01-10,LaLiga,Vallecano,Celta,1475.99,1493.02,63.47,62.9,0.546408,H,H,1.0
2025-01-11,LaLiga,Valladolid,Betis,1379.64,1566.27,68.08,63.05,0.316212,H,A,0.0
2025-01-11,LaLiga,Alaves,Girona,1453.28,1588.32,64.14,63.89,0.382306,A,A,1.0
2025-01-11,LaLiga,Espanol,Leganes,1413.19,1458.85,67.21,86.3,0.506026,D,H,
2025-01-11,Bundesliga,St Pauli,Ein Frankfurt,1420.52,1561.38,95.44,63.72,0.374575,A,A,1.0
2025-01-11,LaLiga,Sevilla,Valencia,1493.96,1429.53,63.32,63.0,0.656092,D,H,
2025-01-11,Bundesliga,Heidenheim,Union Berlin,1414.9,1452.84,66.98,63.63,0.517001,H,H,1.0
2025-01-11,Bundesliga,Hoffenheim,Wolfsburg,1456.53,1483.53,63.6,63.42,0.53241,A,H,0.0
2025-01-11,Bundesliga,Mainz,Bochum,1531.91,1378.45,63.33,64.88,0.758998,H,H,1.0
2025-01-11,Bundesliga,M'gladbach,Bayern Munich,1492.67,1710.26,63.46,67.11,0.280173,A,A,1.0
2025-01-11,Ligue1,Brest,Lyon,1540.33,1630.24,63.39,63.62,0.443937,H,A,0.0
2025-01-11,Bundesliga,Freiburg,Holstein Kiel,1525.08,1314.03,63.57,95.85,0.808089,H,H,1.0
2025-01-11,Ligue1,Reims,Nice,1515.35,1605.71,62.49,63.37,0.443309,A,A,1.0
2025-01-11,SerieA,Milan,Cagliari,1634.39,1421.78,65.28,64.67,0.814693,D,H,
2025-01-11,SerieA,Torino,Juventus,1513.23,1652.99,62.77,65.06,0.376121,D,A,
2025-01-11,SerieA,Udinese,Atalanta,1488.0,1683.65,63.19,64.16,0.30543,D,A,
2025-01-11,SerieA,Empoli,Lecce,1451.12,1423.19,63.34,63.95,0.60818,A,H,0.0
2025-01-11,Ligue1,Rennes,Marseille,1510.73,1630.69,63.13,63.57,0.402568,A,A,1.0
2025-01-12,Ligue1,Le Havre,Lens,1390.86,1597.2,66.86,63.68,0.292738,A,A,1.0
2025-01-12,SerieA,Napoli,Verona,1672.96,1435.68,64.24,63.73,0.834921,H,H,1.0
2025-01-12,Ligue1,Montpellier,Angers,1451.33,1383.26,63.42,70.92,0.659955,A,H,0.0
2025-01-12,LaLiga,Ath Madrid,Osasuna,1719.02,1506.58,65.76,62.98,0.814788,H,H,1.0
2025-01-12,Ligue1,Paris SG,St Etienne,1790.73,1413.29,67.91,70.79,0.916883,H,H,1.0
2025-01-12,Ligue1,Toulouse,Strasbourg,1544.45,1500.59,63.83,63.08,0.629426,A,H,0.0
2025-01-12,Bundesliga,RB Leipzig,Werder Bremen,1627.15,1514.73,65.59,63.67,0.714315,H,H,1.0
2025-01-12,Bundesliga,Augsburg,Stuttgart,1431.1,1586.49,64.43,64.53,0.355636,A,A,1.0
2025-01-12,SerieA,Bologna,Roma,1611.93,1553.83,63.89,63.06,0.647972,D,H,
2025-01-12,SerieA,Venezia,Inter,1354.88,1784.89,74.15,68.82,0.105543,A,A,1.0
2025-01-12,SerieA,Genoa,Parma,1491.36,1375.01,63.39,76.66,0.717167,H,H,1.0
2025-01-12,LaLiga,Las Palmas,Getafe,1474.19,1437.17,66.14,63.57,0.620358,A,H,0.0
2025-01-13,LaLiga,Sociedad,Villarreal,1570.56,1588.69,63.09,63.21,0.544847,H,H,1.0
2025-01-13,SerieA,Monza,Fiorentina,1408.74,1594.65,62.98,63.13,0.317105,H,A,0.0
2025-01-14,SerieA,Como,Milan,1462.68,1626.79,85.25,65.42,0.34453,A,A,1.0
2025-01-14,SerieA,Atalanta,Juventus,1679.14,1650.05,64.09,64.84,0.609676,D,H,
2025-01-14,EPL,Brentford,Man City,1486.18,1703.72,63.44,69.41,0.280525,D,A,
2025-01-14,EPL,Chelsea,Bournemouth,1610.07,1541.51,63.46,63.35,0.661308,D,H,
2025-01-14,EPL,Nott'm Forest,Liverpool,1551.9,1751.76,63.48,67.16,0.300751,D,A,
2025-01-14,EPL,West Ham,Fulham,1493.11,1532.95,63.28,63.8,0.514324,H,H,1.0
2025-01-14,Bundesliga,Leverkusen,Mainz,1746.07,1537.38,67.26,63.43,0.81151,H,H,1.0
2025-01-14,Bundesliga,Wolfsburg,M'gladbach,1495.54,1486.31,63.24,63.47,0.58279,H,H,1.0
2025-01-14,Bundesliga,Holstein Kiel,Dortmund,1304.67,1613.96,94.32,64.68,0.188149,H,A,0.0
2025-01-14,Bundesliga,Ein Frankfurt,Freiburg,1569.79,1529.38,63.63,63.8,0.624835,H,H,1.0
2025-01-15,SerieA,Inter,Bologna,1787.73,1608.53,69.1,63.77,0.784683,D,H,
2025-01-15,Bundesliga,Bochum,St Pauli,1372.72,1402.29,64.9,92.87,0.528172,H,H,1.0
2025-01-15,Bundesliga,Bayern Munich,Hoffenheim,1717.33,1444.45,66.93,63.41,0.860822,H,H,1.0
2025-01-15,Bundesliga,Stuttgart,RB Leipzig,1594.8,1634.06,64.37,65.48,0.515122,H,H,1.0
2025-01-15,Bundesliga,Union Berlin,Augsburg,1441.89,1422.81,63.44,64.28,0.596201,A,H,0.0
2025-01-15,Bundesliga,Werder Bremen,Heidenheim,1508.2,1426.98,63.66,66.58,0.676789,D,H,
2025-01-15,EPL,Newcastle,Wolves,1610.29,1423.27,62.84,63.61,0.792065,H,H,1.0
2025-01-15,EPL,Everton,Aston Villa,1462.28,1583.36,63.66,63.74,0.401058,A,A,1.0
2025-01-15,EPL,Leicester,Crystal Palace,1393.01,1508.26,67.07,63.05,0.408959,A,A,1.0
2025-01-15,EPL,Arsenal,Tottenham,1736.78,1523.27,66.98,63.36,0.815647,H,H,1.0
2025-01-16,EPL,Man United,Southampton,1536.83,1288.5,63.69,70.24,0.842399,H,H,1.0
2025-01-16,EPL,Ipswich,Brighton,1416.37,1536.61,84.57,63.42,0.402184,A,A,1.0
2025-01-17,Bundesliga,Ein Frankfurt,Dortmund,1578.33,1595.24,63.49,64.86,0.546503,H,H,1.0
2025-01-17,LaLiga,Espanol,Valladolid,1413.04,1397.36,66.83,67.77,0.591368,H,H,1.0
2025-01-17,Ligue1,Lille,Nice,1640.43,1615.7,63.76,63.2,0.603901,H,H,1.0
2025-01-17,Ligue1,Montpellier,Monaco,1436.45,1651.37,63.35,64.28,0.282888,H,A,0.0
2025-01-17,SerieA,Roma,Genoa,1557.14,1497.72,62.99,63.41,0.649652,H,H,1.0
2025-01-18,LaLiga,Leganes,Ath Madrid,1459.09,1723.56,84.44,65.88,0.229977,H,A,0.0
2025-01-18,LaLiga,Girona,Sevilla,1597.08,1490.43,63.74,63.24,0.707675,A,H,0.0
2025-01-18,Ligue1,Lyon,Toulouse,1617.61,1530.04,63.44,63.69,0.684875,D,H,
2025-01-18,EPL,Newcastle,Bournemouth,1614.95,1545.15,63.03,63.27,0.662871,A,H,0.0
2025-01-18,EPL,Brentford,Liverpool,1491.15,1746.71,63.45,66.94,0.239123,A,A,1.0
2025-01-18,EPL,West Ham,Crystal Palace,1504.02,1517.38,63.1,62.93,0.551529,A,H,0.0
2025-01-18,EPL,Arsenal,Aston Villa,1741.46,1592.51,67.05,63.58,0.754475,D,H,
2025-01-18,Ligue1,Rennes,Brest,1501.71,1552.87,63.0,63.22,0.498362,A,A,1.0
2025-01-18,Ligue1,Lens,Paris SG,1603.89,1792.91,63.66,68.31,0.313863,A,A,1.0
2025-01-18,LaLiga,Betis,Alaves,1551.0,1444.45,63.02,63.97,0.707468,A,H,0.0
2025-01-18,LaLiga,Getafe,Barcelona,1451.23,1702.62,63.44,67.49,0.243503,D,A,
2025-01-18,EPL,Leicester,Fulham,1382.74,1521.87,66.7,63.59,0.376857,A,A,1.0
2025-01-18,Bundesliga,Holstein Kiel,Hoffenheim,1344.17,1441.25,92.88,63.76,0.43397,A,A,1.0
2025-01-18,Bundesliga,Bayern Munich,Wolfsburg,1720.88,1504.91,67.15,63.09,0.817755,H,H,1.0
2025-01-18,Bundesliga,Bochum,RB Leipzig,1383.62,1622.45,64.68,65.17,0.25646,D,A,
2025-01-18,Bundesliga,Heidenheim,St Pauli,1431.38,1380.59,66.35,90.38,0.635918,A,H,0.0
2025-01-18,SerieA,Juventus,Milan,1652.63,1634.99,64.63,65.25,0.59418,H,H,1.0
2025-01-18,Bundesliga,Stuttgart,Freiburg,1606.04,1520.8,64.13,63.65,0.682019,H,H,1.0
2025-01-18,Bundesliga,Leverkusen,M'gladbach,1750.89,1476.87,67.31,63.31,0.861598,H,H,1.0
2025-01-18,SerieA,Bologna,Monza,1615.05,1424.02,63.9,62.96,0.795854,H,H,1.0
2025-01-18,SerieA,Atalanta,Napoli,1676.61,1676.83,63.92,64.48,0.569729,A,H,0.0
2025-01-19,EPL,Everton,Tottenham,1453.16,1519.06,63.5,63.59,0.477578,H,A,0.0
2025-01-19,EPL,Man United,Brighton,1540.45,1545.6,63.98,63.31,0.562951,A,H,0.0
2025-01-19,EPL,Nott'm Forest,Southampton,1556.41,1284.13,63.46,70.26,0.859448,H,H,1.0
2025-01-19,LaLiga,Real Madrid,Las Palmas,1783.56,1459.01,68.9,65.86,0.891916,H,H,1.0
2025-01-19,LaLiga,Valencia,Sociedad,1433.02,1580.74,62.94,62.93,0.365485,H,A,0.0
2025-01-19,LaLiga,Osasuna,Vallecano,1502.4,1486.25,63.22,63.29,0.592266,D,H,
2025-01-19,Bundesliga,Werder Bremen,Augsburg,1504.17,1436.63,63.6,64.08,0.659952,A,H,0.0
2025-01-19,SerieA,Verona,Lazio,1431.86,1615.52,63.99,63.63,0.319909,A,A,1.0
2025-01-19,SerieA,Inter,Empoli,1780.09,1437.41,68.98,63.21,0.901701,H,H,1.0
2025-01-19,EPL,Ipswich,Man City,1400.76,1697.79,82.93,69.1,0.199567,A,A,1.0
2025-01-19,SerieA,Parma,Venezia,1365.86,1351.61,75.92,74.26,0.589042,D,H,
2025-01-19,SerieA,Cagliari,Lecce,1429.24,1437.15,64.84,63.78,0.55909,H,H,1.0
2025-01-19,SerieA,Fiorentina,Torino,1579.3,1515.97,63.1,62.68,0.654719,D,H,
2025-01-19,Ligue1,St Etienne,Nantes,1410.93,1441.65,71.11,64.36,0.527164,D,H,
2025-01-19,Ligue1,Angers,Auxerre,1401.73,1477.44,70.4,69.13,0.463923,H,A,0.0
2025-01-19,Ligue1,Reims,Le Havre,1505.62,1383.52,62.38,66.67,0.724964,D,H,
2025-01-19,Ligue1,Marseille,Strasbourg,1639.83,1514.68,63.42,62.99,0.728828,D,H,
2025-01-19,LaLiga,Celta,Ath Bilbao,1482.93,1629.78,62.76,62.91,0.366625,A,A,1.0
2025-01-19,Bundesliga,Union Berlin,Mainz,1428.42,1533.07,63.29,63.64,0.423516,H,A,0.0
2025-01-20,EPL,Chelsea,Wolves,1606.42,1418.5,63.38,63.76,0.792877,H,H,1.0
2025-01-20,LaLiga,Villarreal,Mallorca,1578.48,1520.23,63.05,62.49,0.648231,H,H,1.0
2025-01-20,SerieA,Como,Udinese,1449.08,1492.38,83.7,63.17,0.509443,H,H,1.0
2025-01-24,Ligue1,Auxerre,St Etienne,1463.27,1410.17,68.61,70.44,0.640874,D,H,
2025-01-24,LaLiga,Las Palmas,Osasuna,1456.33,1500.33,66.23,63.08,0.50847,D,H,
2025-01-24,SerieA,Torino,Cagliari,1519.4,1439.62,62.64,64.59,0.675214,H,H,1.0
2025-01-24,Bundesliga,Wolfsburg,Holstein Kiel,1500.78,1324.14,63.33,90.43,0.777995,D,H,
2025-01-25,Bundesliga,Freiburg,Bayern Munich,1513.55,1725.52,63.59,67.22,0.286611,A,A,1.0
2025-01-25,Bundesliga,M'gladbach,Bochum,1473.7,1389.36,63.67,64.67,0.680818,H,H,1.0
2025-01-25,LaLiga,Ath Madrid,Villarreal,1705.04,1586.36,65.89,62.97,0.72155,D,H,
2025-01-25,Bundesliga,RB Leipzig,Leverkusen,1616.62,1754.45,65.14,67.51,0.378865,D,A,
2025-01-25,LaLiga,Mallorca,Betis,1512.48,1535.14,62.45,63.03,0.538506,A,H,0.0
2025-01-25,Bundesliga,Mainz,Stuttgart,1519.96,1613.4,63.47,64.04,0.439055,H,A,0.0
2025-01-25,SerieA,Empoli,Bologna,1435.16,1619.78,63.69,64.05,0.318773,D,A,
2025-01-25,EPL,Liverpool,Ipswich,1752.73,1393.18,66.86,82.15,0.907315,H,H,1.0
2025-01-25,SerieA,Como,Atalanta,1467.72,1663.57,82.06,63.72,0.305146,A,A,1.0
2025-01-25,Bundesliga,Dortmund,Werder Bremen,1584.56,1489.16,64.6,63.51,0.694345,D,H,
2025-01-25,Bundesliga,Augsburg,Heidenheim,1451.86,1416.0,63.97,66.11,0.618636,H,H,1.0
2025-01-25,EPL,Man City,Chelsea,1703.14,1611.14,69.04,63.54,0.690255,H,H,1.0
2025-01-25,EPL,Wolves,Arsenal,1413.73,1735.02,63.91,66.95,0.178342,A,A,1.0
2025-01-25,EPL,Southampton,Newcastle,1280.23,1600.11,70.36,62.97,0.178958,A,A,1.0
2025-01-25,LaLiga,Sevilla,Espanol,1506.4,1423.2,63.24,66.48,0.679227,D,H,
2025-01-25,EPL,Brighton,Everton,1558.26,1464.97,63.15,63.32,0.691825,A,H,0.0
2025-01-25,EPL,Bournemouth,Nott'm Forest,1560.1,1559.63,63.21,63.8,0.570715,H,H,1.0
2025-01-25,Ligue1,Monaco,Rennes,1634.66,1490.6,64.25,62.84,0.749419,H,H,1.0
2025-01-25,Ligue1,Strasbourg,Lille,1519.81,1649.47,63.04,63.6,0.389479,H,A,0.0
2025-01-25,Ligue1,Paris SG,Reims,1801.09,1500.67,68.0,62.45,0.878537,D,H,
2025-01-25,SerieA,Napoli,Juventus,1690.1,1662.12,64.26,64.41,0.608213,H,H,1.0
2025-01-25,LaLiga,Valladolid,Real Madrid,1386.92,1786.47,67.36,69.17,0.122886,A,A,1.0
2025-01-26,Bundesliga,Hoffenheim,Ein Frankfurt,1450.98,1588.58,63.62,63.32,0.378869,D,A,
2025-01-26,Bundesliga,St Pauli,Union Berlin,1408.64,1441.39,88.34,63.14,0.524327,H,H,1.0
2025-01-26,SerieA,Milan,Parma,1625.33,1363.06,65.0,74.97,0.851792,H,H,1.0
2025-01-26,LaLiga,Sociedad,Getafe,1566.59,1457.06,62.85,63.53,0.710999,A,H,0.0
2025-01-26,Ligue1,Nice,Marseille,1606.81,1634.63,63.08,63.44,0.531252,H,H,1.0
2025-01-26,Ligue1,Toulouse,Montpellier,1534.26,1452.69,63.63,63.36,0.677543,A,H,0.0
2025-01-26,Ligue1,Nantes,Lyon,1442.27,1613.42,64.13,63.39,0.335437,D,A,
2025-01-26,Ligue1,Lens,Angers,1596.74,1416.41,63.61,69.79,0.784912,H,H,1.0
2025-01-26,Ligue1,Le Havre,Brest,1389.15,1564.06,66.52,63.05,0.330698,A,A,1.0
2025-01-26,EPL,Crystal Palace,Brentford,1529.65,1485.71,62.78,63.55,0.629504,A,H,0.0
2025-01-26,EPL,Tottenham,Leicester,1507.21,1373.37,63.4,66.39,0.737989,A,H,0.0
2025-01-26,EPL,Aston Villa,West Ham,1598.3,1491.69,63.65,62.95,0.70767,D,H,
2025-01-26,LaLiga,Vallecano,Girona,1488.33,1580.87,63.15,63.71,0.440279,H,A,0.0
2025-01-26,SerieA,Udinese,Roma,1481.54,1564.97,63.03,62.92,0.452955,A,A,1.0
2025-01-26,EPL,Fulham,Man United,1530.42,1527.53,63.46,63.78,0.574058,A,H,0.0
2025-01-26,SerieA,Lazio,Fiorentina,1622.82,1575.83,63.57,63.03,0.633541,A,H,0.0
2025-01-26,LaLiga,Ath Bilbao,Leganes,1637.95,1489.27,62.82,83.4,0.751312,D,H,
2025-01-26,LaLiga,Barcelona,Valencia,1696.03,1447.17,67.37,62.85,0.843853,H,H,1.0
2025-01-26,SerieA,Lecce,Inter,1427.1,1782.75,63.59,69.29,0.152072,A,A,1.0
2025-01-27,SerieA,Genoa,Monza,1489.79,1419.43,63.32,63.15,0.663601,H,H,1.0
2025-01-27,SerieA,Venezia,Verona,1354.3,1424.49,73.43,63.91,0.471549,D,A,
2025-01-27,LaLiga,Alaves,Celta,1460.78,1474.8,63.93,62.68,0.550605,D,H,
2025-01-31,LaLiga,Leganes,Vallecano,1499.01,1500.86,82.35,63.0,0.567526,A,H,0.0
2025-01-31,Bundesliga,Werder Bremen,Mainz,1493.57,1532.64,63.48,63.3,0.515414,H,H,1.0
2025-01-31,Ligue1,Montpellier,Lens,1468.02,1601.66,63.31,63.75,0.384165,A,A,1.0
2025-01-31,SerieA,Parma,Lecce,1358.43,1423.6,74.84,63.9,0.478606,A,A,1.0
2025-02-01,LaLiga,Villarreal,Valladolid,1591.31,1383.76,63.01,67.63,0.809928,H,H,1.0
2025-02-01,LaLiga,Ath Madrid,Mallorca,1699.63,1500.67,65.78,62.33,0.803112,H,H,1.0
2025-02-01,Ligue1,Brest,Paris SG,1571.46,1791.13,63.0,68.24,0.277961,A,A,1.0
2025-02-01,LaLiga,Espanol,Real Madrid,1427.65,1789.8,66.26,69.37,0.147442,H,A,0.0
2025-02-01,LaLiga,Getafe,Sevilla,1473.25,1502.37,63.51,63.2,0.52943,D,H,
2025-02-01,SerieA,Udinese,Venezia,1471.43,1355.14,62.88,72.6,0.717639,H,H,1.0
2025-02-01,SerieA,Monza,Verona,1411.87,1423.85,63.09,63.71,0.553428,A,H,0.0
2025-02-01,Ligue1,Lille,St Etienne,1635.59,1414.05,63.45,69.93,0.82142,H,H,1.0
2025-02-01,SerieA,Atalanta,Torino,1670.51,1526.58,63.7,62.62,0.749315,D,H,
2025-02-01,EPL,Wolves,Aston Villa,1409.59,1593.56,64.13,63.63,0.319538,H,A,0.0
2025-02-01,EPL,Newcastle,Fulham,1604.16,1517.44,63.23,63.3,0.683859,A,H,0.0
2025-02-01,EPL,Ipswich,Southampton,1389.75,1275.24,82.08,70.29,0.715905,A,H,0.0
2025-02-01,EPL,Everton,Leicester,1480.61,1391.68,63.29,66.28,0.68625,H,H,1.0
2025-02-01,EPL,Nott'm Forest,Brighton,1549.82,1542.7,63.62,63.13,0.57991,H,H,1.0
2025-02-01,Bundesliga,Union Berlin,RB Leipzig,1430.91,1619.49,63.01,64.92,0.314037,D,A,
2025-02-01,Bundesliga,Stuttgart,M'gladbach,1600.5,1480.98,63.84,63.6,0.72242,A,H,0.0
2025-02-01,EPL,Bournemouth,Liverpool,1569.73,1755.07,63.06,67.26,0.318237,A,A,1.0
2025-02-01,Bundesliga,Heidenheim,Dortmund,1406.68,1580.0,65.83,64.5,0.332816,A,A,1.0
2025-02-01,Bundesliga,Bochum,Freiburg,1381.86,1507.02,64.55,63.59,0.39553,A,A,1.0
2025-02-01,Bundesliga,Bayern Munich,Holstein Kiel,1732.78,1336.78,67.02,89.05,0.922056,H,H,1.0
2025-02-01,Ligue1,Monaco,Auxerre,1640.51,1459.58,64.27,68.21,0.785702,H,H,1.0
2025-02-01,SerieA,Bologna,Como,1615.59,1456.46,63.96,80.87,0.762436,H,H,1.0
2025-02-01,Bundesliga,St Pauli,Augsburg,1428.63,1460.61,86.28,63.81,0.52539,D,H,
2025-02-02,LaLiga,Betis,Ath Bilbao,1547.16,1632.41,62.88,62.94,0.450416,D,A,
2025-02-02,SerieA,Milan,Inter,1628.86,1786.86,65.27,69.37,0.35271,D,A,
2025-02-02,SerieA,Roma,Napoli,1575.05,1699.18,62.77,64.07,0.396955,D,A,
2025-02-02,EPL,Brentford,Tottenham,1500.01,1490.48,63.42,63.45,0.583199,A,H,0.0
2025-02-02,EPL,Man United,Crystal Palace,1540.63,1515.69,63.6,62.7,0.604233,A,H,0.0
2025-02-02,EPL,Arsenal,Man City,1739.53,1711.39,67.04,68.69,0.608147,H,H,1.0
2025-02-02,Ligue1,Toulouse,Nice,1518.81,1617.28,63.56,62.92,0.432019,D,A,
2025-02-02,Ligue1,Angers,Le Havre,1410.55,1380.95,69.63,66.28,0.610257,D,H,
2025-02-02,LaLiga,Osasuna,Sociedad,1500.52,1550.73,62.92,62.87,0.499701,H,A,0.0
2025-02-02,Ligue1,Reims,Nantes,1509.08,1446.08,62.89,64.02,0.654181,A,H,0.0
2025-02-02,LaLiga,Barcelona,Alaves,1700.05,1459.62,67.52,63.73,0.837357,H,H,1.0
2025-02-02,SerieA,Juventus,Empoli,1653.01,1439.29,64.21,63.63,0.815784,H,H,1.0
2025-02-02,SerieA,Fiorentina,Genoa,1589.99,1497.39,62.94,63.25,0.691011,H,H,1.0
2025-02-02,Bundesliga,Ein Frankfurt,Wolfsburg,1585.85,1494.58,63.2,63.49,0.689366,D,H,
2025-02-02,LaLiga,Valencia,Celta,1443.64,1475.92,63.17,62.55,0.524999,H,H,1.0
2025-02-02,Ligue1,Rennes,Strasbourg,1485.0,1533.45,62.94,62.92,0.50219,H,H,1.0
2025-02-02,Ligue1,Marseille,Lyon,1624.04,1609.7,63.26,63.32,0.589792,H,H,1.0
2025-02-02,Bundesliga,Leverkusen,Hoffenheim,1751.36,1453.74,67.15,63.48,0.876716,H,H,1.0
2025-02-03,SerieA,Cagliari,Lazio,1432.0,1608.42,64.46,63.45,0.328847,A,A,1.0
2025-02-03,LaLiga,Girona,Las Palmas,1568.12,1456.13,63.53,65.88,0.713567,H,H,1.0
2025-02-03,EPL,Chelsea,West Ham,1604.1,1496.33,63.5,62.96,0.709009,H,H,1.0
2025-02-06,SerieA,Fiorentina,Inter,1596.9,1782.91,62.93,68.93,0.3176,H,A,0.0
2025-02-07,Ligue1,Paris SG,Monaco,1798.37,1645.51,68.0,64.39,0.75844,H,H,1.0
2025-02-07,Bundesliga,Bayern Munich,Werder Bremen,1734.74,1504.53,67.48,63.29,0.829413,H,H,1.0
2025-02-07,Ligue1,Nantes,Brest,1461.16,1565.24,63.89,63.05,0.424267,A,A,1.0
2025-02-07,SerieA,Como,Juventus,1447.97,1657.32,80.03,64.4,0.289308,A,A,1.0
2025-02-07,LaLiga,Vallecano,Valladolid,1513.34,1378.87,62.88,67.66,0.738512,H,H,1.0
2025-02-08,SerieA,Torino,Genoa,1532.11,1490.42,62.72,63.22,0.626566,D,H,
2025-02-08,Bundesliga,Wolfsburg,Leverkusen,1498.89,1754.53,63.45,67.41,0.239111,D,A,
2025-02-08,LaLiga,Real Madrid,Ath Madrid,1766.61,1704.45,69.47,65.87,0.652934,D,H,
2025-02-08,Bundesliga,Mainz,Augsburg,1521.75,1461.18,63.12,63.64,0.651105,D,H,
2025-02-08,Bundesliga,Hoffenheim,Union Berlin,1450.89,1435.07,63.87,62.99,0.591832,A,H,0.0
2025-02-08,SerieA,Empoli,Milan,1435.06,1632.37,63.84,65.07,0.303547,A,A,1.0
2025-02-08,Bundesliga,M'gladbach,Ein Frankfurt,1497.47,1581.58,63.61,63.17,0.452018,D,A,
2025-02-08,LaLiga,Celta,Betis,1465.47,1548.26,62.42,62.73,0.453853,H,A,0.0
2025-02-08,SerieA,Verona,Atalanta,1436.45,1664.79,63.52,63.75,0.267717,A,A,1.0
2025-02-08,Bundesliga,Freiburg,Heidenheim,1516.0,1398.59,63.44,65.63,0.719791,H,H,1.0
2025-02-08,LaLiga,Ath Bilbao,Girona,1631.31,1574.63,62.79,63.53,0.646105,H,H,1.0
2025-02-08,LaLiga,Las Palmas,Villarreal,1449.15,1595.59,65.75,63.24,0.367188,A,A,1.0
2025-02-08,Ligue1,Nice,Lens,1615.77,1610.42,62.79,63.6,0.577448,H,H,1.0
2025-02-08,Ligue1,Lille,Le Havre,1639.67,1383.64,63.69,65.99,0.848669,A,H,0.0
2025-02-08,Ligue1,St Etienne,Rennes,1409.15,1496.08,69.89,62.79,0.448074,A,A,1.0
2025-02-08,Bundesliga,Dortmund,Stuttgart,1587.77,1583.89,64.38,63.83,0.575426,A,H,0.0
2025-02-09,SerieA,Lazio,Monza,1615.87,1399.5,63.38,62.94,0.818122,H,H,1.0
2025-02-09,SerieA,Cagliari,Parma,1424.32,1343.68,64.34,73.91,0.675281,H,H,1.0
2025-02-09,SerieA,Venezia,Roma,1346.89,1577.33,72.11,62.67,0.265274,A,A,1.0
2025-02-09,SerieA,Lecce,Bologna,1434.49,1621.03,63.71,64.05,0.316429,D,A,
2025-02-09,SerieA,Napoli,Udinese,1696.8,1477.7,63.89,62.92,0.820401,D,H,
2025-02-09,LaLiga,Alaves,Getafe,1455.86,1472.58,64.0,63.33,0.546808,A,H,0.0
2025-02-09,Ligue1,Strasbourg,Montpellier,1522.38,1459.36,62.77,63.19,0.654273,H,H,1.0
2025-02-09,Ligue1,Angers,Marseille,1407.58,1633.27,69.13,63.12,0.270594,A,A,1.0
2025-02-09,Bundesliga,RB Leipzig,St Pauli,1615.08,1427.61,64.8,84.41,0.789252,H,H,1.0
2025-02-09,Bundesliga,Holstein Kiel,Bochum,1333.44,1372.62,88.87,64.35,0.515253,D,H,
2025-02-09,Ligue1,Auxerre,Toulouse,1453.99,1520.35,68.14,63.39,0.476923,D,A,
2025-02-09,LaLiga,Sevilla,Barcelona,1503.03,1704.25,63.03,67.63,0.299199,A,A,1.0
2025-02-09,LaLiga,Valencia,Leganes,1454.29,1478.06,63.0,80.86,0.536493,H,H,1.0
2025-02-09,Ligue1,Lyon,Reims,1600.46,1494.51,63.17,62.83,0.706902,H,H,1.0
2025-02-09,LaLiga,Sociedad,Espanol,1539.62,1448.84,62.72,66.48,0.688469,H,H,1.0
2025-02-10,SerieA,Inter,Fiorentina,1764.78,1612.09,68.57,62.91,0.758447,H,H,1.0
2025-02-10,LaLiga,Mallorca,Osasuna,1496.32,1511.64,62.56,62.76,0.548783,D,H,
2025-02-12,EPL,Everton,Liverpool,1487.69,1763.12,63.25,67.0,0.219374,D,A,
2025-02-14,SerieA,Bologna,Torino,1616.79,1529.31,63.96,62.64,0.684863,H,H,1.0
2025-02-14,Ligue1,Brest,Auxerre,1574.72,1454.58,62.91,67.67,0.722627,D,H,
2025-02-14,Bundesliga,Augsburg,RB Leipzig,1464.62,1620.02,63.54,64.91,0.355663,D,A,
2025-02-14,EPL,Brighton,Chelsea,1533.3,1610.72,62.99,63.49,0.461391,H,A,0.0
2025-02-14,LaLiga,Girona,Getafe,1566.6,1484.89,63.42,63.16,0.677739,A,H,0.0
2025-02-15,Ligue1,Marseille,St Etienne,1639.35,1397.0,63.17,69.31,0.838026,H,H,1.0
2025-02-15,Ligue1,Monaco,Nantes,1639.85,1451.44,64.43,63.7,0.793343,H,H,1.0
2025-02-15,EPL,Leicester,Arsenal,1383.95,1749.34,66.08,66.69,0.14478,A,A,1.0
2025-02-15,EPL,Fulham,Nott'm Forest,1532.89,1559.37,63.26,63.45,0.533137,H,H,1.0
2025-02-15,EPL,Man City,Newcastle,1701.12,1588.74,68.24,63.19,0.714314,H,H,1.0
2025-02-15,EPL,Southampton,Bournemouth,1294.71,1562.61,69.95,63.03,0.226187,A,A,1.0
2025-02-15,EPL,West Ham,Brentford,1489.82,1486.83,62.98,63.27,0.574206,A,H,0.0
2025-02-15,EPL,Crystal Palace,Everton,1529.04,1494.04,62.6,63.4,0.617683,A,H,0.0
2025-02-15,EPL,Aston Villa,Ipswich,1578.05,1363.37,63.57,80.97,0.813915,D,H,
2025-02-15,Ligue1,Toulouse,Paris SG,1519.84,1804.65,63.22,67.86,0.21059,A,A,1.0
2025-02-15,LaLiga,Villarreal,Valencia,1603.84,1464.51,63.14,62.87,0.744373,D,H,
2025-02-15,SerieA,Atalanta,Cagliari,1670.94,1431.83,63.77,64.24,0.836262,D,H,
2025-02-15,Bundesliga,Leverkusen,Bayern Munich,1747.84,1739.14,67.31,67.57,0.58186,D,H,
2025-02-15,Bundesliga,Union Berlin,M'gladbach,1448.27,1498.56,62.87,63.42,0.499583,A,A,1.0
2025-02-15,Bundesliga,Stuttgart,Wolfsburg,1597.03,1504.82,63.65,63.55,0.69051,A,H,0.0
2025-02-15,Bundesliga,St Pauli,Freiburg,1419.45,1522.36,83.49,63.45,0.425906,A,A,1.0
2025-02-15,Bundesliga,Bochum,Dortmund,1372.96,1574.41,64.15,64.16,0.298533,H,A,0.0
2025-02-15,SerieA,Lazio,Napoli,1620.03,1689.37,63.61,64.11,0.472758,D,A,
2025-02-15,LaLiga,Leganes,Alaves,1461.56,1443.3,79.46,63.79,0.595107,D,H,
2025-02-15,LaLiga,Osasuna,Real Madrid,1512.73,1762.5,62.62,69.03,0.245389,D,A,
2025-02-15,LaLiga,Ath Madrid,Celta,1708.15,1477.44,65.65,62.3,0.829937,D,H,
2025-02-15,SerieA,Milan,Verona,1639.59,1430.35,64.96,63.55,0.81197,H,H,1.0
2025-02-16,LaLiga,Espanol,Ath Bilbao,1441.12,1639.17,66.27,62.73,0.302418,D,A,
2025-02-16,LaLiga,Valladolid,Sevilla,1372.16,1496.34,67.49,63.03,0.396826,A,A,1.0
2025-02-16,LaLiga,Mallorca,Las Palmas,1495.25,1440.25,62.44,65.5,0.643762,H,H,1.0
2025-02-16,LaLiga,Betis,Sociedad,1536.18,1546.53,62.6,62.72,0.555736,H,H,1.0
2025-02-16,EPL,Tottenham,Man United,1503.66,1526.9,63.29,63.45,0.537686,H,H,1.0
2025-02-16,SerieA,Parma,Roma,1333.89,1583.22,73.23,62.75,0.245024,A,A,1.0
2025-02-16,SerieA,Udinese,Empoli,1484.91,1428.09,63.17,63.79,0.646264,H,H,1.0
2025-02-16,SerieA,Monza,Lecce,1395.4,1438.68,63.19,63.64,0.509475,D,H,
2025-02-16,SerieA,Juventus,Inter,1664.05,1771.16,64.36,68.4,0.420377,H,A,0.0
2025-02-16,EPL,Liverpool,Wolves,1756.0,1425.34,66.97,64.04,0.895421,H,H,1.0
2025-02-16,Bundesliga,Heidenheim,Mainz,1391.81,1518.36,65.53,63.05,0.393628,A,A,1.0
2025-02-16,Bundesliga,Ein Frankfurt,Holstein Kiel,1580.51,1332.79,63.01,86.76,0.839202,H,H,1.0
2025-02-16,Bundesliga,Werder Bremen,Hoffenheim,1500.63,1437.34,63.56,63.7,0.654583,A,H,0.0
2025-02-16,Ligue1,Montpellier,Lyon,1451.59,1607.07,63.11,63.18,0.355411,A,A,1.0
2025-02-16,Ligue1,Le Havre,Nice,1404.64,1625.13,66.21,62.66,0.27636,A,A,1.0
2025-02-16,Ligue1,Lens,Strasbourg,1600.83,1530.05,63.43,62.71,0.664154,A,H,0.0
2025-02-16,Ligue1,Reims,Angers,1487.98,1400.34,62.85,68.86,0.684395,A,H,0.0
2025-02-16,Ligue1,Rennes,Lille,1505.97,1620.08,62.66,64.0,0.410554,A,A,1.0
2025-02-16,SerieA,Fiorentina,Como,1606.67,1437.77,63.02,79.04,0.772457,A,H,0.0
2025-02-17,SerieA,Genoa,Venezia,1493.27,1339.19,63.11,71.68,0.758681,H,H,1.0
2025-02-17,LaLiga,Barcelona,Vallecano,1711.91,1519.17,67.38,62.96,0.797411,H,H,1.0
2025-02-19,EPL,Aston Villa,Liverpool,1570.93,1758.68,63.79,67.31,0.315301,D,A,
2025-02-21,EPL,Leicester,Brentford,1380.37,1499.74,66.32,63.12,0.403336,A,A,1.0
2025-02-21,LaLiga,Celta,Osasuna,1484.72,1518.36,62.6,62.74,0.52307,H,H,1.0
2025-02-21,Bundesliga,Freiburg,Werder Bremen,1531.88,1485.76,63.31,63.46,0.632374,H,H,1.0
2025-02-21,Ligue1,Rennes,Reims,1496.91,1472.78,62.55,62.84,0.603116,H,H,1.0
2025-02-21,SerieA,Lecce,Udinese,1438.9,1492.85,63.45,63.09,0.494417,A,A,1.0
2025-02-22,Bundesliga,Holstein Kiel,Leverkusen,1326.23,1745.78,86.01,66.92,0.110971,A,A,1.0
2025-02-22,Ligue1,St Etienne,Angers,1392.63,1418.49,69.36,68.51,0.533892,D,H,
2025-02-22,Ligue1,Auxerre,Marseille,1460.32,1643.02,67.46,63.46,0.321069,H,A,0.0
2025-02-22,EPL,Everton,Man United,1508.0,1516.45,63.28,63.27,0.558354,D,H,
2025-02-22,EPL,Arsenal,West Ham,1752.99,1477.02,66.9,62.84,0.862971,A,H,0.0
2025-02-22,EPL,Bournemouth,Wolves,1567.71,1422.89,63.18,64.48,0.750021,A,H,0.0
2025-02-22,EPL,Fulham,Crystal Palace,1543.38,1515.42,63.09,62.52,0.608301,A,H,0.0
2025-02-22,EPL,Ipswich,Tottenham,1374.91,1514.06,80.38,63.12,0.376801,A,A,1.0
2025-02-22,Ligue1,Lille,Monaco,1629.52,1644.71,63.81,64.55,0.548917,H,H,1.0
2025-02-22,SerieA,Parma,Bologna,1326.55,1624.05,72.8,63.89,0.198406,H,A,0.0
2025-02-22,SerieA,Venezia,Lazio,1332.29,1620.65,71.35,63.42,0.206673,D,A,
2025-02-22,Bundesliga,Mainz,St Pauli,1527.15,1403.32,62.94,81.91,0.724808,H,H,1.0
2025-02-22,SerieA,Torino,Milan,1522.33,1644.09,62.64,65.11,0.400223,H,A,0.0
2025-02-22,Bundesliga,Dortmund,Union Berlin,1558.15,1437.18,64.1,62.72,0.724173,H,H,1.0
2025-02-22,LaLiga,Alaves,Espanol,1445.43,1445.99,63.64,66.09,0.56918,A,H,0.0
2025-02-22,LaLiga,Vallecano,Villarreal,1514.61,1598.33,63.16,63.21,0.452569,A,A,1.0
2025-02-22,LaLiga,Valencia,Ath Madrid,1469.97,1700.08,62.95,65.81,0.266029,A,A,1.0
2025-02-22,LaLiga,Las Palmas,Barcelona,1431.69,1717.1,65.29,67.38,0.209958,A,A,1.0
2025-02-22,EPL,Southampton,Brighton,1288.5,1545.3,69.75,62.84,0.237319,A,A,1.0
2025-02-22,EPL,Aston Villa,Chelsea,1575.15,1598.53,63.73,63.31,0.537484,H,H,1.0
2025-02-22,Bundesliga,Wolfsburg,Bochum,1520.53,1389.21,63.5,64.09,0.735516,D,H,
2025-02-22,Bundesliga,M'gladbach,Augsburg,1509.84,1467.89,63.24,63.43,0.626886,A,H,0.0
2025-02-22,SerieA,Inter,Genoa,1756.06,1498.68,67.94,63.22,0.850033,H,H,1.0
2025-02-23,Bundesliga,Bayern Munich,Ein Frankfurt,1741.22,1584.09,67.17,63.33,0.762958,H,H,1.0
2025-02-23,Bundesliga,Hoffenheim,Stuttgart,1452.28,1581.27,63.6,63.6,0.390374,D,A,
2025-02-23,EPL,Newcastle,Nott'm Forest,1582.31,1548.82,63.21,63.27,0.615667,H,H,1.0
2025-02-23,EPL,Man City,Liverpool,1708.57,1753.98,67.99,67.05,0.506456,A,H,0.0
2025-02-23,Bundesliga,RB Leipzig,Heidenheim,1616.6,1382.34,64.73,65.27,0.832341,D,H,
2025-02-23,Ligue1,Strasbourg,Brest,1544.78,1569.75,62.68,62.95,0.535259,D,H,
2025-02-23,LaLiga,Sociedad,Leganes,1536.7,1458.28,62.59,78.24,0.672051,H,H,1.0
2025-02-23,LaLiga,Getafe,Betis,1500.12,1545.97,63.11,62.47,0.505863,A,H,0.0
2025-02-23,Ligue1,Nantes,Lens,1446.68,1585.78,63.86,63.35,0.376879,H,A,0.0
2025-02-23,LaLiga,Real Madrid,Girona,1755.67,1551.24,68.83,63.37,0.807814,H,H,1.0
2025-02-23,Ligue1,Le Havre,Toulouse,1397.83,1515.08,66.08,63.39,0.406246,A,A,1.0
2025-02-23,SerieA,Como,Napoli,1464.62,1688.74,78.35,63.89,0.272433,H,A,0.0
2025-02-23,SerieA,Verona,Fiorentina,1426.04,1589.46,63.75,63.17,0.345206,H,A,0.0
2025-02-23,SerieA,Empoli,Atalanta,1420.0,1663.16,63.67,64.03,0.251686,A,A,1.0
2025-02-23,SerieA,Cagliari,Juventus,1439.72,1677.47,64.49,64.15,0.25749,A,A,1.0
2025-02-23,LaLiga,Ath Bilbao,Valladolid,1634.79,1362.07,62.74,67.1,0.860203,H,H,1.0
2025-02-23,Ligue1,Nice,Montpellier,1631.27,1443.62,62.72,63.03,0.792729,H,H,1.0
2025-02-23,Ligue1,Lyon,Paris SG,1615.05,1810.1,63.09,67.82,0.30656,A,A,1.0
2025-02-24,LaLiga,Sevilla,Mallorca,1505.19,1503.06,62.92,62.4,0.573058,D,H,
2025-02-24,SerieA,Roma,Monza,1588.68,1395.19,62.86,63.02,0.798093,H,H,1.0
2025-02-25,EPL,Wolves,Fulham,1440.5,1529.76,64.5,62.97,0.444825,A,A,1.0
2025-02-25,EPL,Chelsea,Southampton,1588.13,1282.02,63.14,69.54,0.880981,H,H,1.0
2025-02-25,EPL,Brighton,Bournemouth,1550.61,1550.78,62.96,63.26,0.569842,H,H,1.0
2025-02-25,EPL,Crystal Palace,Aston Villa,1528.8,1585.69,62.43,63.53,0.490288,H,A,0.0
2025-02-26,EPL,Liverpool,Newcastle,1766.64,1590.94,66.65,63.09,0.781414,H,H,1.0
2025-02-26,EPL,Brentford,Everton,1508.76,1506.69,62.99,63.11,0.572956,D,H,
2025-02-26,EPL,Man United,Ipswich,1517.77,1361.6,63.11,79.13,0.759704,H,H,1.0
2025-02-26,EPL,Nott'm Forest,Arsenal,1540.17,1731.03,63.15,67.13,0.311511,D,A,
2025-02-26,EPL,Tottenham,Man City,1522.44,1695.57,63.04,67.52,0.333356,A,A,1.0
2025-02-27,SerieA,Bologna,Milan,1605.63,1629.84,64.06,64.86,0.536294,H,H,1.0
2025-02-27,EPL,West Ham,Leicester,1496.42,1370.45,63.22,66.0,0.729378,H,H,1.0
2025-02-28,Bundesliga,Stuttgart,Bayern Munich,1578.78,1747.24,63.45,67.08,0.339182,A,A,1.0
2025-02-28,Ligue1,Monaco,Reims,1634.19,1463.97,64.31,62.73,0.776137,H,H,1.0
2025-02-28,LaLiga,Valladolid,Las Palmas,1358.51,1426.64,67.31,65.37,0.474485,D,A,
2025-02-28,SerieA,Fiorentina,Lecce,1574.75,1427.73,63.1,63.26,0.752495,H,H,1.0
2025-03-01,LaLiga,Girona,Celta,1546.85,1495.23,63.57,62.47,0.639648,D,H,
2025-03-01,SerieA,Atalanta,Venezia,1668.99,1340.67,64.07,71.15,0.89324,D,H,
2025-03-01,SerieA,Napoli,Inter,1672.18,1759.98,63.9,68.08,0.447027,D,A,
2025-03-01,SerieA,Udinese,Parma,1503.9,1350.36,62.92,72.56,0.758005,H,H,1.0
2025-03-01,Bundesliga,Ein Frankfurt,Leverkusen,1578.71,1748.64,63.43,67.25,0.33734,A,A,1.0
2025-03-01,Bundesliga,Werder Bremen,Wolfsburg,1477.43,1515.16,63.35,63.54,0.517301,A,H,0.0
2025-03-01,Bundesliga,St Pauli,Dortmund,1393.26,1564.55,80.85,64.09,0.335334,A,A,1.0
2025-03-01,Bundesliga,RB Leipzig,Mainz,1608.7,1533.23,64.94,63.0,0.67001,A,H,0.0
2025-03-01,Ligue1,Paris SG,Lille,1817.98,1639.81,67.54,63.61,0.783714,H,H,1.0
2025-03-01,Bundesliga,Heidenheim,M'gladbach,1390.38,1495.74,65.46,63.13,0.422503,A,A,1.0
2025-03-01,Ligue1,Lens,Le Havre,1571.73,1387.91,63.23,65.77,0.788775,A,H,0.0
2025-03-01,LaLiga,Ath Madrid,Ath Bilbao,1706.56,1637.93,65.73,63.11,0.661408,H,H,1.0
2025-03-01,LaLiga,Betis,Real Madrid,1557.07,1760.8,62.34,68.79,0.296379,H,A,0.0
2025-03-01,LaLiga,Vallecano,Sevilla,1504.47,1503.56,63.0,62.78,0.571367,D,H,
2025-03-01,Bundesliga,Bochum,Hoffenheim,1394.68,1454.77,64.1,63.45,0.485764,A,A,1.0
2025-03-01,Ligue1,St Etienne,Nice,1391.72,1635.9,68.82,62.92,0.250466,A,A,1.0
2025-03-02,SerieA,Bologna,Cagliari,1616.29,1433.68,63.84,64.49,0.787814,H,H,1.0
2025-03-02,SerieA,Genoa,Empoli,1495.26,1414.23,63.54,63.73,0.676833,D,H,
2025-03-02,SerieA,Roma,Como,1593.21,1489.29,63.06,77.53,0.702737,H,H,1.0
2025-03-02,SerieA,Milan,Lazio,1618.92,1614.01,64.6,63.59,0.576846,A,H,0.0
2025-03-02,SerieA,Monza,Torino,1390.63,1535.55,63.21,62.54,0.369129,A,A,1.0
2025-03-02,Bundesliga,Augsburg,Freiburg,1482.08,1540.17,63.31,63.2,0.48859,D,A,
2025-03-02,Ligue1,Montpellier,Rennes,1438.94,1505.65,63.21,62.46,0.476434,A,A,1.0
2025-03-02,LaLiga,Osasuna,Valencia,1507.81,1464.02,62.6,63.02,0.629347,D,H,
2025-03-02,LaLiga,Mallorca,Alaves,1504.66,1432.51,62.29,63.46,0.665812,D,H,
2025-03-02,LaLiga,Barcelona,Sociedad,1722.46,1543.88,67.36,62.58,0.784253,H,H,1.0
2025-03-02,LaLiga,Leganes,Getafe,1447.28,1488.8,77.26,62.94,0.51196,H,H,1.0
2025-03-02,Ligue1,Lyon,Brest,1608.19,1570.53,63.08,62.8,0.621245,H,H,1.0
2025-03-02,Ligue1,Angers,Toulouse,1419.37,1524.23,68.02,63.25,0.423202,A,A,1.0
2025-03-02,Ligue1,Auxerre,Strasbourg,1477.61,1544.0,67.18,62.54,0.476884,A,A,1.0
2025-03-02,Ligue1,Marseille,Nantes,1627.66,1460.96,63.41,63.71,0.772542,H,H,1.0
2025-03-02,Bundesliga,Union Berlin,Holstein Kiel,1431.04,1321.65,62.77,85.64,0.707945,A,H,0.0
2025-03-03,SerieA,Juventus,Verona,1683.45,1441.01,64.17,63.65,0.838908,H,H,1.0
2025-03-07,Bundesliga,M'gladbach,Mainz,1505.19,1548.2,62.99,62.96,0.509863,A,H,0.0
2025-03-07,SerieA,Cagliari,Genoa,1428.69,1491.24,64.59,63.48,0.482306,D,A,
2025-03-07,Ligue1,Toulouse,Monaco,1533.72,1639.43,63.1,64.4,0.422097,D,A,
2025-03-08,Ligue1,Rennes,Paris SG,1516.1,1823.54,62.34,67.49,0.190147,A,A,1.0
2025-03-08,Ligue1,Lille,Montpellier,1634.85,1428.25,63.75,63.04,0.809754,H,H,1.0
2025-03-08,Ligue1,Marseille,Lens,1632.84,1553.86,63.53,63.39,0.674341,A,H,0.0
2025-03-08,Bundesliga,Leverkusen,Werder Bremen,1757.16,1465.79,66.95,63.17,0.872893,A,H,0.0
2025-03-08,SerieA,Como,Venezia,1479.48,1351.99,76.68,71.36,0.730364,D,H,
2025-03-08,SerieA,Inter,Monza,1758.61,1382.33,67.62,63.11,0.917291,H,H,1.0
2025-03-08,LaLiga,Celta,Leganes,1498.29,1463.25,62.42,76.14,0.616768,H,H,1.0
2025-03-08,SerieA,Lecce,Milan,1422.12,1605.44,63.34,64.37,0.320413,A,A,1.0
2025-03-08,LaLiga,Valencia,Valladolid,1466.91,1359.16,62.92,66.9,0.70854,H,H,1.0
2025-03-08,Bundesliga,Wolfsburg,St Pauli,1526.88,1381.26,63.35,79.66,0.74871,D,H,
2025-03-08,LaLiga,Alaves,Villarreal,1436.28,1608.48,63.39,63.05,0.334081,H,A,0.0
2025-03-08,SerieA,Parma,Torino,1343.28,1543.69,72.18,62.47,0.299591,D,A,
2025-03-08,EPL,Brentford,Aston Villa,1507.14,1574.14,62.85,63.34,0.476031,A,A,1.0
2025-03-08,EPL,Liverpool,Southampton,1772.12,1278.78,66.64,69.74,0.954947,H,H,1.0
2025-03-08,EPL,Crystal Palace,Ipswich,1539.97,1353.35,62.3,78.38,0.789484,H,H,1.0
2025-03-08,EPL,Brighton,Fulham,1560.19,1539.66,62.83,62.83,0.598245,H,H,1.0
2025-03-08,Bundesliga,Holstein Kiel,Stuttgart,1350.13,1571.11,84.24,63.38,0.275898,D,A,
2025-03-08,Bundesliga,Dortmund,Augsburg,1572.24,1482.33,64.0,63.14,0.687765,A,H,0.0
2025-03-08,EPL,Nott'm Forest,Man City,1544.4,1704.06,63.13,67.22,0.350385,H,A,0.0
2025-03-08,Bundesliga,Freiburg,RB Leipzig,1539.91,1592.83,63.03,64.79,0.49589,D,A,
2025-03-08,Bundesliga,Bayern Munich,Bochum,1755.77,1383.49,66.8,63.88,0.915474,A,H,0.0
2025-03-08,EPL,Wolves,Everton,1430.13,1508.32,64.26,62.97,0.460297,D,A,
2025-03-09,SerieA,Juventus,Atalanta,1687.23,1659.8,64.42,64.5,0.607458,A,H,0.0
2025-03-09,Ligue1,Brest,Angers,1562.13,1408.46,62.71,67.58,0.758837,H,H,1.0
2025-03-09,SerieA,Empoli,Roma,1418.28,1599.82,63.65,63.08,0.322461,A,A,1.0
2025-03-09,SerieA,Napoli,Fiorentina,1673.39,1580.33,63.71,63.19,0.691569,H,H,1.0
2025-03-09,SerieA,Verona,Bologna,1437.29,1621.19,63.92,63.97,0.319661,A,A,1.0
2025-03-09,Bundesliga,Ein Frankfurt,Union Berlin,1571.08,1415.53,63.35,62.82,0.761415,A,H,0.0
2025-03-09,Bundesliga,Hoffenheim,Heidenheim,1465.74,1380.24,63.27,65.18,0.682175,D,H,
2025-03-09,Ligue1,Nantes,Strasbourg,1455.73,1554.46,63.81,62.42,0.431644,A,A,1.0
2025-03-09,Ligue1,Le Havre,St Etienne,1407.21,1385.07,65.83,68.61,0.60007,D,H,
2025-03-09,EPL,Tottenham,Bournemouth,1514.99,1541.11,62.99,63.11,0.533648,D,H,
2025-03-09,Ligue1,Nice,Lyon,1641.51,1616.67,63.02,62.97,0.604079,A,H,0.0
2025-03-09,EPL,Man United,Arsenal,1523.13,1726.26,63.23,66.89,0.296862,D,A,
2025-03-09,LaLiga,Ath Bilbao,Mallorca,1630.34,1501.03,63.05,62.28,0.733524,D,H,
2025-03-09,LaLiga,Sociedad,Sevilla,1539.08,1505.14,62.77,62.66,0.616304,A,H,0.0
2025-03-09,LaLiga,Betis,Las Palmas,1572.47,1426.03,62.39,65.07,0.751649,H,H,1.0
2025-03-09,Ligue1,Reims,Auxerre,1458.97,1465.61,62.88,66.77,0.560745,A,H,0.0
2025-03-09,LaLiga,Real Madrid,Vallecano,1742.15,1502.88,68.48,62.86,0.836576,H,H,1.0
2025-03-09,LaLiga,Getafe,Ath Madrid,1478.04,1714.76,62.81,65.52,0.258774,H,A,0.0
2025-03-09,EPL,Chelsea,Leicester,1590.83,1363.83,63.56,65.9,0.826469,H,H,1.0
2025-03-10,EPL,West Ham,Newcastle,1502.53,1586.01,63.26,63.25,0.452897,A,A,1.0
2025-03-10,SerieA,Lazio,Udinese,1627.1,1509.3,63.42,63.04,0.720545,D,H,
2025-03-10,LaLiga,Espanol,Girona,1459.89,1543.68,65.77,63.46,0.452476,D,A,
2025-03-14,Ligue1,Nice,Auxerre,1628.02,1479.56,62.9,66.4,0.753591,D,H,
2025-03-14,Bundesliga,St Pauli,Hoffenheim,1390.06,1461.63,78.84,63.23,0.469606,H,A,0.0
2025-03-14,SerieA,Genoa,Lecce,1490.84,1414.88,63.29,63.3,0.670588,H,H,1.0
2025-03-14,LaLiga,Las Palmas,Alaves,1420.1,1451.35,65.07,63.32,0.526433,D,H,
2025-03-15,LaLiga,Girona,Valencia,1542.6,1473.41,63.29,62.94,0.662138,D,H,
2025-03-15,LaLiga,Villarreal,Real Madrid,1593.57,1746.48,63.0,68.55,0.35919,A,A,1.0
2025-03-15,LaLiga,Mallorca,Espanol,1506.16,1461.04,62.37,65.45,0.63091,H,H,1.0
2025-03-15,LaLiga,Valladolid,Celta,1351.85,1506.63,66.7,62.36,0.356243,A,A,1.0
2025-03-15,SerieA,Torino,Empoli,1539.32,1410.92,62.51,63.58,0.732363,H,H,1.0
2025-03-15,SerieA,Udinese,Verona,1514.25,1429.94,63.07,63.84,0.680856,A,H,0.0
2025-03-15,Bundesliga,Augsburg,Wolfsburg,1497.79,1521.3,63.11,63.44,0.537304,H,H,1.0
2025-03-15,Bundesliga,Mainz,Freiburg,1559.56,1540.0,62.81,62.87,0.596921,D,H,
2025-03-15,Bundesliga,Union Berlin,Bayern Munich,1432.55,1732.43,62.94,67.23,0.196744,D,A,
2025-03-15,Bundesliga,Werder Bremen,M'gladbach,1485.63,1493.83,63.56,62.83,0.558723,A,H,0.0
2025-03-15,EPL,Everton,West Ham,1507.44,1492.35,62.82,63.09,0.590828,D,H,
2025-03-15,EPL,Ipswich,Nott'm Forest,1346.23,1558.94,77.8,63.05,0.285279,A,A,1.0
2025-03-15,EPL,Man City,Brighton,1687.63,1569.11,66.91,62.72,0.721404,D,H,
2025-03-15,SerieA,Monza,Parma,1380.43,1349.1,63.65,71.67,0.612196,D,H,
2025-03-15,EPL,Bournemouth,Brentford,1541.86,1496.57,62.95,62.71,0.631345,A,H,0.0
2025-03-15,Ligue1,Angers,Monaco,1402.28,1637.61,67.46,64.18,0.260112,A,A,1.0
2025-03-15,Ligue1,Nantes,Lille,1445.87,1639.24,63.62,63.94,0.308134,H,A,0.0
2025-03-15,EPL,Southampton,Wolves,1277.53,1431.05,70.28,64.03,0.358024,A,A,1.0
2025-03-15,Bundesliga,RB Leipzig,Dortmund,1592.73,1556.38,64.52,63.93,0.61943,H,H,1.0
2025-03-15,SerieA,Milan,Como,1612.9,1472.01,64.27,75.99,0.744256,H,H,1.0
2025-03-15,Ligue1,Lens,Rennes,1569.13,1511.91,63.33,62.59,0.646887,H,H,1.0
2025-03-16,LaLiga,Ath Madrid,Barcelona,1696.82,1727.98,65.47,67.32,0.526483,A,H,0.0
2025-03-16,LaLiga,Vallecano,Sociedad,1499.2,1525.41,63.16,62.67,0.533526,D,H,
2025-03-16,LaLiga,Osasuna,Getafe,1504.95,1494.56,62.53,62.89,0.584416,A,H,0.0
2025-03-16,LaLiga,Sevilla,Ath Bilbao,1518.76,1625.09,62.57,63.1,0.421183,A,A,1.0
2025-03-16,LaLiga,Leganes,Betis,1451.05,1577.94,75.19,62.51,0.393134,A,A,1.0
2025-03-16,SerieA,Venezia,Napoli,1358.47,1680.45,70.98,63.66,0.177314,D,A,
2025-03-16,SerieA,Bologna,Lazio,1628.55,1622.09,63.89,63.43,0.578987,H,H,1.0
2025-03-16,SerieA,Roma,Cagliari,1607.05,1429.1,63.04,64.34,0.783411,H,H,1.0
2025-03-16,Bundesliga,Bochum,Ein Frankfurt,1404.86,1553.78,64.39,63.45,0.363955,A,A,1.0
2025-03-16,Ligue1,Lyon,Le Havre,1630.14,1404.79,62.86,65.55,0.825176,H,H,1.0
2025-03-16,SerieA,Fiorentina,Juventus,1573.38,1673.09,63.17,64.23,0.430359,H,A,0.0
2025-03-16,SerieA,Atalanta,Inter,1673.97,1760.78,64.3,68.04,0.448405,A,A,1.0
2025-03-16,Ligue1,Paris SG,Marseille,1828.41,1617.52,67.52,63.46,0.813403,H,H,1.0
2025-03-16,Ligue1,Strasbourg,Toulouse,1563.91,1535.46,62.31,62.96,0.608937,H,H,1.0
2025-03-16,Ligue1,Montpellier,St Etienne,1423.95,1387.69,63.26,68.16,0.619007,A,H,0.0
2025-03-16,EPL,Arsenal,Chelsea,1721.15,1594.81,66.68,63.8,0.730055,H,H,1.0
2025-03-16,EPL,Fulham,Tottenham,1530.74,1514.24,62.72,62.84,0.59276,H,H,1.0
2025-03-16,EPL,Leicester,Man United,1359.56,1527.7,66.05,63.23,0.33922,A,A,1.0
2025-03-16,Ligue1,Brest,Reims,1567.49,1446.53,62.84,62.75,0.724148,D,H,
2025-03-16,Bundesliga,Stuttgart,Leverkusen,1566.16,1734.9,63.42,67.21,0.338834,A,A,1.0
2025-03-16,Bundesliga,Heidenheim,Holstein Kiel,1384.6,1358.85,65.04,83.01,0.603881,H,H,1.0
2025-03-27,LaLiga,Barcelona,Osasuna,1741.26,1492.1,66.9,62.42,0.844133,H,H,1.0
2025-03-28,Bundesliga,Leverkusen,Bochum,1743.46,1396.38,66.92,64.23,0.903757,H,H,1.0
2025-03-28,Ligue1,Strasbourg,Lyon,1572.46,1634.07,62.24,63.13,0.483636,H,A,0.0
2025-03-29,Ligue1,Monaco,Nice,1643.66,1622.35,64.19,63.01,0.59929,H,H,1.0
2025-03-29,Ligue1,St Etienne,Paris SG,1403.74,1833.22,67.75,67.56,0.105654,A,A,1.0
2025-03-29,Bundesliga,Hoffenheim,Augsburg,1449.85,1508.13,63.08,62.95,0.488316,D,A,
2025-03-29,LaLiga,Alaves,Vallecano,1451.94,1498.45,63.14,63.0,0.504932,A,H,0.0
2025-03-29,LaLiga,Real Madrid,Leganes,1755.89,1438.79,68.15,74.3,0.886628,H,H,1.0
2025-03-29,Ligue1,Reims,Marseille,1451.52,1613.25,62.8,63.67,0.347422,H,A,0.0
2025-03-29,Bundesliga,Bayern Munich,St Pauli,1724.67,1408.09,67.25,77.6,0.885845,H,H,1.0
2025-03-29,LaLiga,Espanol,Ath Madrid,1452.18,1684.23,65.22,65.17,0.263811,D,A,
2025-03-29,Bundesliga,Holstein Kiel,Werder Bremen,1344.06,1472.96,81.52,63.39,0.390483,A,A,1.0
2025-03-29,Bundesliga,M'gladbach,RB Leipzig,1506.22,1601.61,62.7,64.33,0.436345,H,A,0.0
2025-03-29,LaLiga,Sociedad,Valladolid,1526.15,1342.97,62.54,66.41,0.788081,H,H,1.0
2025-03-29,Bundesliga,Ein Frankfurt,Stuttgart,1562.02,1558.51,63.34,63.34,0.574924,H,H,1.0
2025-03-29,SerieA,Lecce,Roma,1407.45,1611.93,63.24,63.2,0.294858,A,A,1.0
2025-03-29,SerieA,Juventus,Genoa,1659.92,1498.27,64.01,63.23,0.767549,H,H,1.0
2025-03-29,SerieA,Venezia,Bologna,1367.62,1638.19,70.9,63.7,0.223649,A,A,1.0
2025-03-29,SerieA,Como,Empoli,1463.87,1404.81,75.37,63.61,0.649171,D,H,
2025-03-29,Bundesliga,Wolfsburg,Heidenheim,1510.85,1393.87,63.26,64.83,0.7194,A,H,0.0
2025-03-30,Bundesliga,Freiburg,Union Berlin,1542.16,1439.36,62.75,63.16,0.703168,A,H,0.0
2025-03-30,Bundesliga,Dortmund,Mainz,1547.65,1557.41,63.77,62.7,0.556562,H,H,1.0
2025-03-30,LaLiga,Betis,Sevilla,1586.54,1509.49,62.44,62.46,0.672035,H,H,1.0
2025-03-30,LaLiga,Valencia,Mallorca,1477.03,1514.24,62.89,62.32,0.518051,H,H,1.0
2025-03-30,LaLiga,Ath Bilbao,Osasuna,1634.51,1488.63,62.96,62.76,0.751362,D,H,
2025-03-30,LaLiga,Barcelona,Girona,1745.22,1538.95,67.07,63.22,0.809447,H,H,1.0
2025-03-30,LaLiga,Getafe,Villarreal,1507.56,1585.57,62.76,62.92,0.460552,A,A,1.0
2025-03-30,Ligue1,Toulouse,Brest,1526.74,1562.48,62.85,62.89,0.520111,A,H,0.0
2025-03-30,Ligue1,Angers,Rennes,1395.64,1504.11,67.31,62.54,0.418201,A,A,1.0
2025-03-30,SerieA,Napoli,Milan,1673.07,1618.82,63.89,64.3,0.642914,H,H,1.0
2025-03-30,Ligue1,Lille,Lens,1623.31,1577.1,63.88,63.24,0.632514,H,H,1.0
2025-03-30,Ligue1,Le Havre,Nantes,1400.54,1461.64,65.71,63.57,0.48434,H,A,0.0
2025-03-30,SerieA,Cagliari,Monza,1424.03,1377.89,64.44,63.51,0.632393,H,H,1.0
2025-03-30,Ligue1,Auxerre,Montpellier,1485.87,1410.06,66.33,63.15,0.670422,H,H,1.0
2025-03-30,SerieA,Fiorentina,Atalanta,1586.14,1663.61,63.02,64.08,0.46135,H,A,0.0
2025-03-30,SerieA,Inter,Udinese,1772.32,1498.98,67.58,63.04,0.861181,H,H,1.0
2025-03-31,LaLiga,Celta,Las Palmas,1514.43,1419.47,62.32,64.79,0.693672,D,H,
2025-03-31,SerieA,Lazio,Torino,1612.58,1545.23,63.28,62.58,0.659832,D,H,
2025-03-31,SerieA,Verona,Parma,1445.57,1352.31,63.77,71.03,0.69094,D,H,
2025-04-01,EPL,Arsenal,Fulham,1727.9,1539.75,66.55,62.61,0.793244,H,H,1.0
2025-04-01,EPL,Nott'm Forest,Man United,1565.33,1535.33,63.09,63.16,0.610998,H,H,1.0
2025-04-01,EPL,Wolves,West Ham,1439.28,1494.38,63.9,62.96,0.492792,H,A,0.0
2025-04-02,EPL,Bournemouth,Ipswich,1527.78,1336.69,62.86,76.97,0.793832,A,H,0.0
2025-04-02,EPL,Man City,Leicester,1682.07,1351.27,66.74,65.82,0.895269,H,H,1.0
2025-04-02,EPL,Newcastle,Brentford,1596.18,1510.55,63.08,62.63,0.682601,H,H,1.0
2025-04-02,EPL,Southampton,Crystal Palace,1267.7,1544.56,69.77,62.52,0.217389,D,A,
2025-04-02,EPL,Liverpool,Everton,1773.26,1505.42,67.23,62.71,0.857471,H,H,1.0
2025-04-02,EPL,Brighton,Aston Villa,1574.01,1584.86,62.77,63.17,0.55502,A,H,0.0
2025-04-03,EPL,Chelsea,Tottenham,1588.61,1505.2,63.82,62.72,0.67988,H,H,1.0
2025-04-04,Ligue1,Nice,Nantes,1613.41,1449.97,62.89,63.38,0.769332,A,H,0.0
2025-04-04,SerieA,Genoa,Udinese,1493.01,1495.83,63.35,63.4,0.566172,H,H,1.0
2025-04-04,Bundesliga,Augsburg,Bayern Munich,1507.87,1727.58,62.8,67.56,0.277837,A,A,1.0
2025-04-04,LaLiga,Vallecano,Espanol,1509.7,1457.83,62.84,65.17,0.63974,A,H,0.0
2025-04-05,LaLiga,Barcelona,Betis,1750.07,1593.76,67.11,62.42,0.762237,D,H,
2025-04-05,LaLiga,Mallorca,Celta,1503.71,1510.19,62.2,62.34,0.561138,A,H,0.0
2025-04-05,Ligue1,Paris SG,Angers,1835.96,1385.06,67.89,66.91,0.943774,H,H,1.0
2025-04-05,Ligue1,Brest,Monaco,1574.04,1652.92,62.73,64.0,0.459352,H,A,0.0
2025-04-05,Ligue1,Lyon,Lille,1622.51,1631.74,62.96,63.74,0.55725,H,H,1.0
2025-04-05,EPL,Aston Villa,Nott'm Forest,1597.3,1574.04,63.01,62.98,0.601943,H,H,1.0
2025-04-05,EPL,West Ham,Bournemouth,1483.1,1510.13,62.8,63.06,0.532372,D,H,
2025-04-05,EPL,Ipswich,Wolves,1362.98,1450.89,76.49,63.69,0.446725,A,A,1.0
2025-04-05,EPL,Crystal Palace,Brighton,1538.34,1561.72,62.7,62.64,0.537503,H,H,1.0
2025-04-05,Bundesliga,Bochum,Stuttgart,1394.11,1548.93,64.69,63.19,0.35626,A,A,1.0
2025-04-05,EPL,Everton,Arsenal,1502.22,1733.07,63.07,66.57,0.265303,D,A,
2025-04-05,Bundesliga,Heidenheim,Leverkusen,1410.9,1745.92,64.77,67.3,0.167356,A,A,1.0
2025-04-05,Bundesliga,Mainz,Holstein Kiel,1547.61,1329.9,62.57,80.16,0.816604,D,H,
2025-04-05,Bundesliga,RB Leipzig,Hoffenheim,1588.53,1450.11,64.11,62.92,0.743384,H,H,1.0
2025-04-05,Bundesliga,Werder Bremen,Ein Frankfurt,1481.7,1571.59,63.28,63.18,0.443951,H,A,0.0
2025-04-05,SerieA,Monza,Como,1369.56,1459.19,63.4,74.54,0.44472,A,A,1.0
2025-04-05,SerieA,Parma,Inter,1357.69,1775.92,70.56,67.77,0.111819,D,A,
2025-04-05,SerieA,Milan,Fiorentina,1610.53,1598.15,64.15,62.87,0.587133,D,H,
2025-04-05,LaLiga,Girona,Alaves,1534.62,1440.64,63.43,62.98,0.692694,A,H,0.0
2025-04-05,Bundesliga,Freiburg,Dortmund,1526.52,1557.77,62.77,63.58,0.52642,A,H,0.0
2025-04-05,LaLiga,Real Madrid,Valencia,1758.86,1487.74,68.42,62.73,0.859716,A,H,0.0
2025-04-06,Ligue1,Marseille,Toulouse,1598.36,1515.19,63.57,62.71,0.679573,H,H,1.0
2025-04-06,SerieA,Roma,Juventus,1618.58,1665.31,63.19,64.09,0.504612,D,H,
2025-04-06,EPL,Brentford,Chelsea,1503.53,1595.96,62.62,63.74,0.440434,D,A,
2025-04-06,EPL,Fulham,Liverpool,1535.14,1776.92,62.81,67.43,0.253597,H,A,0.0
2025-04-06,Ligue1,Lens,St Etienne,1568.83,1400.98,63.14,68.07,0.773079,H,H,1.0
2025-04-06,EPL,Man United,Man City,1526.61,1684.72,63.04,67.09,0.35235,D,A,
2025-04-06,SerieA,Atalanta,Lazio,1651.21,1608.97,63.86,63.2,0.627281,A,H,0.0
2025-04-06,SerieA,Torino,Verona,1548.76,1441.22,62.55,63.72,0.70866,D,H,
2025-04-06,SerieA,Empoli,Cagliari,1408.15,1432.6,63.52,64.27,0.535973,D,H,
2025-04-06,SerieA,Lecce,Venezia,1400.8,1361.32,63.23,70.66,0.62307,D,H,
2025-04-06,EPL,Tottenham,Southampton,1498.1,1275.43,62.71,69.61,0.822389,H,H,1.0
2025-04-06,Ligue1,Rennes,Auxerre,1513.29,1494.0,62.44,66.1,0.596374,A,H,0.0
2025-04-06,LaLiga,Valladolid,Getafe,1337.71,1497.36,66.43,62.62,0.34998,A,A,1.0
2025-04-06,LaLiga,Las Palmas,Sociedad,1424.06,1530.85,64.68,62.73,0.420525,A,A,1.0
2025-04-06,Bundesliga,St Pauli,M'gladbach,1404.28,1518.67,77.55,62.57,0.410092,D,A,
2025-04-06,Bundesliga,Union Berlin,Wolfsburg,1455.19,1494.6,63.15,63.28,0.514933,H,H,1.0
2025-04-06,LaLiga,Villarreal,Ath Bilbao,1595.81,1628.87,62.77,63.05,0.523891,D,H,
2025-04-06,Ligue1,Reims,Strasbourg,1466.02,1583.71,62.75,62.12,0.405571,A,A,1.0
2025-04-06,LaLiga,Sevilla,Ath Madrid,1502.27,1678.58,62.44,65.13,0.32914,A,A,1.0
2025-04-06,Ligue1,Montpellier,Le Havre,1402.66,1412.98,63.1,65.39,0.55569,A,H,0.0
2025-04-07,LaLiga,Leganes,Osasuna,1435.29,1494.23,74.37,62.86,0.487384,D,A,
2025-04-07,EPL,Leicester,Newcastle,1348.68,1603.3,66.2,63.05,0.239577,A,A,1.0
2025-04-07,SerieA,Bologna,Napoli,1643.33,1681.26,63.82,63.76,0.517008,D,H,
2025-04-11,LaLiga,Valencia,Sevilla,1506.98,1495.04,63.1,62.43,0.586561,H,H,1.0
2025-04-11,Ligue1,Lens,Reims,1573.95,1457.03,63.27,62.64,0.719581,A,H,0.0
2025-04-11,Bundesliga,Wolfsburg,RB Leipzig,1483.7,1594.49,63.1,64.13,0.415103,A,A,1.0
2025-04-11,SerieA,Udinese,Milan,1486.04,1608.52,63.23,63.95,0.399178,A,A,1.0
2025-04-12,EPL,Southampton,Aston Villa,1270.6,1606.19,69.59,62.89,0.166291,A,A,1.0
2025-04-12,EPL,Arsenal,Brentford,1727.21,1504.84,66.45,62.5,0.823164,D,H,
2025-04-12,Bundesliga,Holstein Kiel,St Pauli,1341.32,1407.24,79.61,76.46,0.477752,A,A,1.0
2025-04-12,Bundesliga,Leverkusen,Union Berlin,1750.2,1466.05,67.41,62.98,0.868319,D,H,
2025-04-12,Bundesliga,Hoffenheim,Mainz,1444.37,1540.64,63.0,62.84,0.435068,H,A,0.0
2025-04-12,Bundesliga,Bochum,Augsburg,1385.74,1501.7,64.52,62.85,0.407973,A,A,1.0
2025-04-12,Bundesliga,M'gladbach,Freiburg,1516.73,1514.87,62.49,62.63,0.572681,A,H,0.0
2025-04-12,EPL,Nott'm Forest,Everton,1565.16,1507.49,62.86,63.13,0.647421,A,H,0.0
2025-04-12,LaLiga,Leganes,Barcelona,1435.68,1743.42,73.46,67.03,0.189819,A,A,1.0
2025-04-12,EPL,Man City,Crystal Palace,1681.0,1548.56,66.78,62.57,0.736929,H,H,1.0
2025-04-12,Bundesliga,Bayern Munich,Dortmund,1734.69,1569.71,67.36,63.39,0.770858,D,H,
2025-04-12,LaLiga,Celta,Espanol,1522.46,1473.08,62.24,64.97,0.636522,A,H,0.0
2025-04-12,SerieA,Venezia,Monza,1364.75,1359.59,70.1,63.24,0.577194,H,H,1.0
2025-04-12,SerieA,Inter,Cagliari,1765.83,1433.43,68.07,64.04,0.896336,H,H,1.0
2025-04-12,SerieA,Juventus,Lecce,1665.41,1398.04,63.87,63.13,0.857092,H,H,1.0
2025-04-12,Ligue1,Strasbourg,Nice,1592.53,1596.16,62.05,63.02,0.565056,D,H,
2025-04-12,Ligue1,Toulouse,Lille,1508.09,1621.65,62.69,63.55,0.411282,A,A,1.0
2025-04-12,LaLiga,Sociedad,Mallorca,1540.14,1491.49,62.61,62.1,0.6358,A,H,0.0
2025-04-12,LaLiga,Getafe,Las Palmas,1505.09,1414.19,62.57,64.45,0.68882,A,H,0.0
2025-04-12,EPL,Brighton,Leicester,1551.52,1342.76,62.5,66.16,0.811187,D,H,
2025-04-12,Ligue1,Monaco,Marseille,1640.5,1605.65,63.79,63.5,0.617463,H,H,1.0
2025-04-13,Ligue1,St Etienne,Brest,1395.08,1585.99,67.97,62.6,0.310974,D,A,
2025-04-13,Ligue1,Angers,Montpellier,1383.62,1390.25,67.46,62.95,0.560899,H,H,1.0
2025-04-13,Ligue1,Auxerre,Lyon,1508.59,1632.36,65.8,62.82,0.397353,A,A,1.0
2025-04-13,SerieA,Atalanta,Bologna,1636.83,1642.94,63.72,63.61,0.561604,H,H,1.0
2025-04-13,SerieA,Fiorentina,Parma,1600.09,1368.63,62.75,70.76,0.829319,D,H,
2025-04-13,SerieA,Verona,Genoa,1446.0,1502.78,63.69,63.18,0.490437,D,A,
2025-04-13,SerieA,Como,Torino,1472.79,1544.15,73.64,62.58,0.469892,H,A,0.0
2025-04-13,SerieA,Lazio,Roma,1623.06,1618.47,63.1,63.02,0.576426,D,H,
2025-04-13,Bundesliga,Ein Frankfurt,Heidenheim,1559.13,1406.92,63.02,64.99,0.757675,H,H,1.0
2025-04-13,Bundesliga,Stuttgart,Werder Bremen,1556.93,1494.2,63.1,63.11,0.653913,A,H,0.0
2025-04-13,EPL,Chelsea,Ipswich,1594.6,1348.63,63.55,75.45,0.83982,D,H,
2025-04-13,EPL,Liverpool,West Ham,1757.83,1482.38,67.29,62.66,0.862647,H,H,1.0
2025-04-13,EPL,Wolves,Tottenham,1460.98,1502.05,63.52,62.98,0.512596,H,H,1.0
2025-04-13,Ligue1,Le Havre,Rennes,1426.27,1500.23,65.1,62.35,0.46623,A,A,1.0
2025-04-13,LaLiga,Osasuna,Girona,1493.96,1518.9,62.72,63.4,0.535293,H,H,1.0
2025-04-13,LaLiga,Alaves,Real Madrid,1456.13,1736.03,62.97,68.58,0.215326,A,A,1.0
2025-04-13,LaLiga,Betis,Villarreal,1599.52,1595.29,62.57,62.63,0.575962,A,H,0.0
2025-04-13,LaLiga,Ath Bilbao,Vallecano,1629.41,1495.49,62.89,62.77,0.738521,H,H,1.0
2025-04-13,EPL,Newcastle,Man United,1608.7,1529.9,63.16,62.97,0.67415,H,H,1.0
2025-04-14,EPL,Bournemouth,Fulham,1510.85,1551.77,62.91,62.91,0.512805,H,H,1.0
2025-04-14,LaLiga,Ath Madrid,Valladolid,1686.42,1329.06,64.96,66.17,0.908456,H,H,1.0
2025-04-14,SerieA,Napoli,Empoli,1681.65,1407.34,63.56,63.33,0.861796,H,H,1.0
2025-04-16,EPL,Newcastle,Crystal Palace,1616.02,1542.74,63.11,62.65,0.667315,H,H,1.0
2025-04-18,Ligue1,Rennes,Nantes,1510.41,1467.48,62.24,63.49,0.628185,H,H,1.0
2025-04-18,LaLiga,Espanol,Getafe,1488.16,1489.88,64.77,62.58,0.56774,H,H,1.0
2025-04-19,LaLiga,Vallecano,Valencia,1489.66,1516.23,62.85,62.96,0.533014,D,H,
2025-04-19,SerieA,Monza,Napoli,1350.13,1684.84,63.1,63.91,0.167114,A,A,1.0
2025-04-19,SerieA,Lecce,Como,1394.79,1488.65,63.48,72.8,0.438803,A,A,1.0
2025-04-19,Ligue1,Marseille,Montpellier,1596.99,1380.5,63.37,62.82,0.818236,H,H,1.0
2025-04-19,Ligue1,Monaco,Strasbourg,1649.24,1591.12,63.64,61.96,0.648107,D,H,
2025-04-19,Ligue1,Paris SG,Le Havre,1837.44,1415.21,68.41,64.82,0.934785,H,H,1.0
2025-04-19,LaLiga,Las Palmas,Ath Madrid,1430.31,1688.63,64.35,65.42,0.236105,H,A,0.0
2025-04-19,LaLiga,Barcelona,Celta,1748.23,1508.58,67.09,62.19,0.836961,H,H,1.0
2025-04-19,LaLiga,Mallorca,Leganes,1505.32,1429.95,62.07,73.22,0.668844,D,H,
2025-04-19,SerieA,Roma,Verona,1620.18,1446.22,62.88,63.49,0.779682,H,H,1.0
2025-04-19,EPL,Brentford,Brighton,1512.0,1544.62,62.78,62.76,0.524518,H,H,1.0
2025-04-19,EPL,Aston Villa,Newcastle,1609.94,1623.49,63.18,63.05,0.551257,H,H,1.0
2025-04-19,Bundesliga,Heidenheim,Bayern Munich,1401.15,1727.77,65.0,67.28,0.174048,A,A,1.0
2025-04-19,Bundesliga,Mainz,Wolfsburg,1528.09,1474.42,62.71,62.97,0.642275,D,H,
2025-04-19,Bundesliga,RB Leipzig,Holstein Kiel,1604.07,1324.92,63.94,78.34,0.862799,D,H,
2025-04-19,Bundesliga,Werder Bremen,Bochum,1508.87,1376.22,63.04,64.3,0.73696,H,H,1.0
2025-04-19,Bundesliga,Freiburg,Hoffenheim,1527.5,1456.97,62.51,62.86,0.663842,H,H,1.0
2025-04-19,EPL,Crystal Palace,Bournemouth,1535.37,1521.68,62.62,62.76,0.588938,D,H,
2025-04-19,EPL,Everton,Man City,1522.02,1687.6,63.05,66.65,0.342781,A,A,1.0
2025-04-19,EPL,West Ham,Southampton,1479.29,1266.06,63.04,69.6,0.814518,D,H,
2025-04-19,Bundesliga,Union Berlin,Stuttgart,1474.36,1542.27,63.37,63.03,0.474751,D,A,
2025-04-20,EPL,Ipswich,Arsenal,1359.54,1719.13,75.24,66.56,0.148853,A,A,1.0
2025-04-20,EPL,Leicester,Liverpool,1350.49,1761.36,66.25,67.5,0.115959,A,A,1.0
2025-04-20,LaLiga,Valladolid,Osasuna,1326.77,1504.23,66.59,62.59,0.32747,A,A,1.0
2025-04-20,LaLiga,Villarreal,Sociedad,1607.99,1526.1,62.51,62.55,0.67803,D,H,
2025-04-20,LaLiga,Sevilla,Alaves,1485.97,1451.31,62.33,63.14,0.617241,D,H,
2025-04-20,SerieA,Milan,Atalanta,1617.68,1646.82,63.78,63.53,0.5294,A,H,0.0
2025-04-20,SerieA,Bologna,Inter,1632.99,1768.56,63.43,68.38,0.381919,H,A,0.0
2025-04-20,SerieA,Empoli,Venezia,1404.18,1376.28,63.69,69.53,0.60775,D,H,
2025-04-20,LaLiga,Real Madrid,Ath Bilbao,1741.71,1635.26,68.49,62.96,0.707478,H,H,1.0
2025-04-20,EPL,Man United,Wolves,1522.62,1472.02,62.93,63.33,0.638243,A,H,0.0
2025-04-20,EPL,Fulham,Chelsea,1540.94,1586.84,62.76,63.84,0.505778,A,H,0.0
2025-04-20,Ligue1,Nice,Angers,1597.62,1394.76,62.88,67.04,0.805916,H,H,1.0
2025-04-20,Bundesliga,St Pauli,Leverkusen,1422.42,1740.69,75.44,67.63,0.180959,D,A,
2025-04-20,Bundesliga,Dortmund,M'gladbach,1575.85,1504.15,63.51,62.38,0.665357,H,H,1.0
2025-04-20,Bundesliga,Augsburg,Ein Frankfurt,1510.75,1564.57,62.73,63.13,0.494612,D,A,
2025-04-20,Ligue1,Lille,Auxerre,1630.98,1498.96,63.39,65.51,0.73611,H,H,1.0
2025-04-20,Ligue1,Brest,Lens,1581.83,1557.67,62.61,63.29,0.603134,A,H,0.0
2025-04-20,Ligue1,St Etienne,Lyon,1399.97,1641.17,67.68,62.71,0.253605,H,A,0.0
2025-04-20,Ligue1,Reims,Toulouse,1472.99,1499.0,62.69,62.58,0.533819,H,H,1.0
2025-04-21,EPL,Tottenham,Nott'm Forest,1491.2,1550.75,62.82,62.8,0.486529,A,A,1.0
2025-04-21,LaLiga,Girona,Betis,1508.41,1586.84,63.22,62.45,0.459962,A,A,1.0
2025-04-22,Ligue1,Nantes,Paris SG,1459.05,1839.19,63.37,68.87,0.1351,D,A,
2025-04-22,EPL,Man City,Aston Villa,1696.12,1620.0,66.39,63.02,0.670815,H,H,1.0
2025-04-22,LaLiga,Valencia,Espanol,1516.97,1498.32,62.81,64.52,0.595588,D,H,
2025-04-22,LaLiga,Barcelona,Mallorca,1752.39,1501.67,67.22,62.08,0.84533,H,H,1.0
2025-04-23,LaLiga,Alaves,Sociedad,1453.94,1530.03,63.02,62.54,0.463237,H,A,0.0
2025-04-23,LaLiga,Celta,Villarreal,1504.98,1604.07,62.52,62.5,0.431144,H,A,0.0
2025-04-23,LaLiga,Ath Bilbao,Las Palmas,1628.72,1448.17,62.98,64.41,0.785876,H,H,1.0
2025-04-23,LaLiga,Getafe,Real Madrid,1480.37,1749.39,62.46,68.2,0.225782,A,A,1.0
2025-04-23,SerieA,Cagliari,Fiorentina,1430.99,1592.74,64.48,63.04,0.347341,A,A,1.0
2025-04-23,SerieA,Torino,Udinese,1532.56,1477.07,62.46,63.1,0.644608,H,H,1.0
2025-04-23,SerieA,Parma,Juventus,1377.96,1668.74,70.72,64.18,0.204548,H,A,0.0
2025-04-23,SerieA,Genoa,Lazio,1502.57,1621.35,63.01,62.95,0.404132,A,A,1.0
2025-04-23,EPL,Arsenal,Crystal Palace,1722.87,1533.41,66.77,62.51,0.794476,D,H,
2025-04-24,LaLiga,Betis,Valladolid,1596.92,1318.63,62.33,66.35,0.864039,H,H,1.0
2025-04-24,LaLiga,Leganes,Girona,1435.0,1498.09,72.57,63.06,0.481545,D,A,
2025-04-24,LaLiga,Ath Madrid,Vallecano,1670.18,1488.93,65.42,62.7,0.786778,H,H,1.0
2025-04-24,LaLiga,Osasuna,Sevilla,1511.46,1483.4,62.57,62.26,0.608451,H,H,1.0
2025-04-25,Ligue1,Paris SG,Nice,1829.35,1601.97,69.04,63.1,0.827163,A,H,0.0
2025-04-25,Bundesliga,Stuttgart,Heidenheim,1541.71,1396.99,62.87,65.19,0.749819,A,H,0.0
2025-04-26,Bundesliga,Bayern Munich,Mainz,1732.21,1524.94,67.38,62.65,0.810386,H,H,1.0
2025-04-26,EPL,Chelsea,Everton,1598.4,1514.36,63.63,62.99,0.680631,H,H,1.0
2025-04-26,EPL,Brighton,West Ham,1534.09,1472.21,62.61,63.28,0.652809,H,H,1.0
2025-04-26,EPL,Newcastle,Ipswich,1613.47,1354.81,62.9,75.09,0.849201,H,H,1.0
2025-04-26,EPL,Southampton,Fulham,1274.67,1529.75,69.56,62.62,0.239048,A,A,1.0
2025-04-26,EPL,Wolves,Leicester,1486.42,1347.59,63.23,66.58,0.743359,H,H,1.0
2025-04-26,Bundesliga,Hoffenheim,Dortmund,1449.48,1583.46,62.81,63.43,0.383693,A,A,1.0
2025-04-26,Bundesliga,Ein Frankfurt,RB Leipzig,1564.45,1595.69,62.96,64.28,0.526425,H,H,1.0
2025-04-26,Bundesliga,Wolfsburg,Freiburg,1477.59,1534.91,62.89,62.48,0.489672,A,A,1.0
2025-04-26,Bundesliga,Leverkusen,Augsburg,1732.53,1510.87,67.69,62.59,0.822565,H,H,1.0
2025-04-26,Bundesliga,Holstein Kiel,M'gladbach,1337.49,1496.8,78.13,62.36,0.350401,H,A,0.0
2025-04-26,Ligue1,Lyon,Rennes,1624.61,1518.53,62.81,62.19,0.707132,H,H,1.0
2025-04-26,Ligue1,Le Havre,Monaco,1413.63,1645.87,65.38,63.53,0.263408,D,A,
2025-04-26,Ligue1,Strasbourg,St Etienne,1594.32,1419.18,61.94,67.52,0.780267,H,H,1.0
2025-04-27,Bundesliga,Werder Bremen,St Pauli,1514.78,1432.56,63.11,75.14,0.677078,D,H,
2025-04-27,LaLiga,Villarreal,Espanol,1591.56,1500.56,62.39,64.31,0.688968,H,H,1.0
2025-04-27,Bundesliga,Bochum,Union Berlin,1370.08,1474.93,64.3,63.19,0.423215,D,A,
2025-04-27,EPL,Bournemouth,Man United,1523.65,1508.39,62.64,62.86,0.591078,D,H,
2025-04-27,EPL,Liverpool,Tottenham,1764.36,1480.41,67.78,62.67,0.868232,H,H,1.0
2025-04-27,Ligue1,Nantes,Toulouse,1467.38,1488.73,63.73,62.45,0.54036,D,H,
2025-04-27,SerieA,Napoli,Torino,1688.72,1540.37,64.16,62.41,0.753987,H,H,1.0
2025-04-27,SerieA,Atalanta,Lecce,1658.8,1384.92,63.34,63.32,0.861506,D,H,
2025-04-27,SerieA,Juventus,Monza,1650.27,1346.34,64.32,63.38,0.880522,H,H,1.0
2025-04-27,Ligue1,Marseille,Brest,1601.14,1568.53,63.6,62.51,0.614539,H,H,1.0
2025-04-27,SerieA,Inter,Roma,1752.45,1625.12,67.96,63.04,0.731242,A,H,0.0
2025-04-27,SerieA,Fiorentina,Empoli,1600.51,1401.73,62.97,63.54,0.802789,H,H,1.0
2025-04-27,SerieA,Venezia,Milan,1379.19,1605.61,69.02,63.58,0.269831,A,A,1.0
2025-04-27,Ligue1,Angers,Lille,1389.85,1636.96,67.08,63.43,0.247431,A,A,1.0
2025-04-27,Ligue1,Lens,Auxerre,1571.26,1492.58,63.16,65.45,0.673755,A,H,0.0
2025-04-27,Ligue1,Montpellier,Reims,1376.41,1483.29,63.07,62.55,0.420398,D,A,
2025-04-27,SerieA,Como,Genoa,1501.49,1493.54,72.03,62.89,0.581056,H,H,1.0
2025-04-28,SerieA,Lazio,Parma,1630.36,1400.3,62.83,70.55,0.828238,D,H,
2025-04-28,SerieA,Verona,Cagliari,1441.19,1422.88,63.62,64.33,0.59514,A,H,0.0
2025-04-28,SerieA,Udinese,Bologna,1469.1,1646.92,63.02,63.31,0.327092,D,A,
2025-05-01,EPL,Nott'm Forest,Brentford,1561.53,1522.53,62.65,62.64,0.623038,A,H,0.0
2025-05-02,Bundesliga,Heidenheim,Bochum,1414.97,1371.86,65.17,64.09,0.628375,D,H,
2025-05-02,EPL,Man City,Wolves,1704.25,1492.21,66.15,63.3,0.814398,H,H,1.0
2025-05-02,SerieA,Torino,Venezia,1534.94,1371.99,62.54,68.76,0.76811,D,H,
2025-05-02,LaLiga,Vallecano,Getafe,1484.17,1475.38,62.88,62.63,0.582222,H,H,1.0
2025-05-02,Ligue1,Nice,Reims,1620.63,1481.54,63.37,62.44,0.744165,H,H,1.0
2025-05-03,EPL,Arsenal,Bournemouth,1715.46,1521.64,66.78,62.54,0.798457,A,H,0.0
2025-05-03,LaLiga,Villarreal,Osasuna,1598.4,1520.09,62.41,62.48,0.673593,H,H,1.0
2025-05-03,LaLiga,Las Palmas,Valencia,1443.14,1514.85,64.52,62.7,0.469401,A,A,1.0
2025-05-03,LaLiga,Valladolid,Barcelona,1315.24,1756.35,66.6,67.37,0.099602,A,A,1.0
2025-05-03,Ligue1,Strasbourg,Paris SG,1599.1,1807.09,62.15,69.05,0.291445,H,A,0.0
2025-05-03,Ligue1,St Etienne,Monaco,1413.55,1640.48,67.47,63.57,0.269262,A,A,1.0
2025-05-03,SerieA,Inter,Verona,1733.5,1427.67,67.75,63.46,0.881634,H,H,1.0
2025-05-03,SerieA,Parma,Como,1409.54,1513.52,70.51,71.33,0.424812,A,A,1.0
2025-05-03,Ligue1,Toulouse,Rennes,1489.61,1512.12,62.34,62.24,0.538737,H,H,1.0
2025-05-03,SerieA,Lecce,Napoli,1393.19,1694.44,63.67,64.2,0.195103,A,A,1.0
2025-05-03,Bundesliga,RB Leipzig,Bayern Munich,1584.73,1737.08,64.05,67.41,0.359825,D,A,
2025-05-03,Bundesliga,St Pauli,Stuttgart,1438.13,1524.95,74.39,62.97,0.448229,A,A,1.0
2025-05-03,Bundesliga,Union Berlin,Werder Bremen,1473.21,1510.84,63.05,63.08,0.517455,D,H,
2025-05-03,Bundesliga,Dortmund,Wolfsburg,1592.13,1466.71,63.3,62.74,0.729162,H,H,1.0
2025-05-03,EPL,Aston Villa,Fulham,1612.64,1535.07,62.98,62.75,0.672657,H,H,1.0
2025-05-03,LaLiga,Alaves,Ath Madrid,1465.92,1675.34,62.87,65.48,0.289349,D,A,
2025-05-03,EPL,Everton,Ipswich,1507.21,1350.09,62.96,74.95,0.761319,D,H,
2025-05-03,EPL,Leicester,Southampton,1341.2,1268.18,66.48,69.34,0.666328,H,H,1.0
2025-05-03,Bundesliga,M'gladbach,Hoffenheim,1482.73,1440.96,62.34,62.72,0.626698,D,H,
2025-05-03,SerieA,Cagliari,Udinese,1436.69,1472.97,64.12,62.97,0.519349,A,H,0.0
2025-05-04,Ligue1,Brest,Montpellier,1560.05,1378.19,62.43,62.93,0.787317,H,H,1.0
2025-05-04,SerieA,Empoli,Lazio,1397.21,1623.01,63.72,63.12,0.270463,A,A,1.0
2025-05-04,SerieA,Monza,Atalanta,1343.59,1650.52,63.79,63.7,0.190051,A,A,1.0
2025-05-04,SerieA,Roma,Fiorentina,1641.49,1604.95,63.09,63.18,0.619737,H,H,1.0
2025-05-04,SerieA,Bologna,Juventus,1643.02,1653.09,63.25,64.7,0.556042,D,H,
2025-05-04,Ligue1,Nantes,Angers,1466.46,1383.58,63.53,66.97,0.678787,A,H,0.0
2025-05-04,Ligue1,Auxerre,Le Havre,1508.79,1419.33,65.28,65.32,0.686993,A,H,0.0
2025-05-04,LaLiga,Real Madrid,Celta,1755.28,1517.49,68.1,62.4,0.835502,H,H,1.0
2025-05-04,LaLiga,Sevilla,Leganes,1474.85,1435.54,62.19,71.8,0.622757,D,H,
2025-05-04,LaLiga,Espanol,Betis,1493.32,1599.94,64.22,62.73,0.42076,A,A,1.0
2025-05-04,EPL,Brentford,Man United,1536.3,1510.41,62.56,62.74,0.605501,H,H,1.0
2025-05-04,EPL,Brighton,Newcastle,1541.76,1616.85,62.57,63.24,0.464668,D,A,
2025-05-04,EPL,West Ham,Tottenham,1464.39,1477.45,63.19,63.07,0.551942,D,H,
2025-05-04,Bundesliga,Mainz,Ein Frankfurt,1520.71,1574.99,62.89,62.81,0.493957,D,A,
2025-05-04,LaLiga,Sociedad,Ath Bilbao,1518.23,1633.53,62.41,63.14,0.40888,D,A,
2025-05-04,Bundesliga,Freiburg,Leverkusen,1545.66,1737.13,62.35,67.75,0.310843,D,A,
2025-05-04,EPL,Chelsea,Liverpool,1605.69,1767.8,63.56,68.0,0.347322,H,A,0.0
2025-05-04,Ligue1,Lille,Marseille,1642.59,1609.9,63.51,63.46,0.614584,D,H,
2025-05-04,Ligue1,Lyon,Lens,1631.14,1556.13,62.83,63.11,0.669431,A,H,0.0
2025-05-04,Bundesliga,Augsburg,Holstein Kiel,1506.91,1359.3,62.87,77.1,0.751187,A,H,0.0
2025-05-05,SerieA,Genoa,Milan,1484.27,1611.76,62.77,63.61,0.392396,A,A,1.0
2025-05-05,LaLiga,Girona,Mallorca,1497.68,1498.26,62.91,62.43,0.569316,H,H,1.0
2025-05-05,EPL,Crystal Palace,Nott'm Forest,1539.92,1547.76,62.72,62.57,0.559237,D,H,
2025-05-09,LaLiga,Las Palmas,Vallecano,1432.2,1493.46,64.27,62.76,0.48411,A,A,1.0
2025-05-09,Bundesliga,Wolfsburg,Hoffenheim,1460.68,1443.77,62.8,62.64,0.593338,D,H,
2025-05-09,SerieA,Milan,Bologna,1620.68,1641.76,63.46,63.09,0.540719,H,H,1.0
2025-05-10,Ligue1,Angers,Strasbourg,1400.64,1614.52,66.72,62.21,0.283844,H,A,0.0
2025-05-10,EPL,Fulham,Everton,1527.8,1501.39,62.72,63.09,0.606181,A,H,0.0
2025-05-10,EPL,Wolves,Brighton,1487.99,1542.54,63.52,62.44,0.49357,A,A,1.0
2025-05-10,Ligue1,Le Havre,Marseille,1435.78,1612.49,65.18,63.32,0.328472,A,A,1.0
2025-05-10,EPL,Ipswich,Brentford,1358.32,1544.99,74.45,62.47,0.316105,A,A,1.0
2025-05-10,EPL,Southampton,Man City,1259.26,1708.85,68.93,66.26,0.095265,D,A,
2025-05-10,EPL,Bournemouth,Aston Villa,1539.34,1619.96,62.76,62.94,0.456889,A,A,1.0
2025-05-10,Ligue1,Brest,Lille,1564.76,1639.99,62.63,63.37,0.46446,H,A,0.0
2025-05-10,Ligue1,Toulouse,Lens,1499.7,1571.16,62.22,63.06,0.469754,D,A,
2025-05-10,Bundesliga,Bayern Munich,M'gladbach,1733.51,1479.95,67.08,62.28,0.847388,H,H,1.0
2025-05-10,Ligue1,Reims,St Etienne,1475.89,1406.67,62.55,67.29,0.661752,A,H,0.0
2025-05-10,SerieA,Empoli,Parma,1391.01,1397.88,63.74,69.92,0.560297,H,H,1.0
2025-05-10,SerieA,Lazio,Juventus,1629.1,1654.41,63.16,64.45,0.534757,D,H,
2025-05-10,SerieA,Como,Cagliari,1525.44,1424.72,70.68,63.9,0.700631,H,H,1.0
2025-05-10,LaLiga,Valencia,Getafe,1525.21,1466.16,62.56,62.52,0.649243,H,H,1.0
2025-05-10,LaLiga,Celta,Sevilla,1513.83,1472.19,62.72,62.15,0.626571,H,H,1.0
2025-05-10,LaLiga,Girona,Villarreal,1507.26,1605.57,62.77,62.4,0.432222,A,A,1.0
2025-05-10,LaLiga,Mallorca,Valladolid,1488.81,1312.73,62.33,66.98,0.78126,H,H,1.0
2025-05-10,Ligue1,Rennes,Nice,1502.07,1626.44,62.13,63.43,0.396584,H,A,0.0
2025-05-10,LaLiga,Ath Madrid,Sociedad,1670.26,1520.22,65.37,62.32,0.755764,H,H,1.0
2025-05-10,Bundesliga,Holstein Kiel,Freiburg,1384.14,1549.8,76.45,62.37,0.342293,A,A,1.0
2025-05-10,Bundesliga,Union Berlin,Heidenheim,1472.82,1411.92,62.88,64.96,0.651414,A,H,0.0
2025-05-10,Bundesliga,Werder Bremen,RB Leipzig,1511.23,1587.95,62.92,63.91,0.462379,D,A,
2025-05-10,Ligue1,Monaco,Lyon,1646.63,1616.24,63.6,62.8,0.61154,H,H,1.0
2025-05-10,Ligue1,Montpellier,Paris SG,1373.41,1788.16,63.1,68.74,0.113912,A,A,1.0
2025-05-10,Bundesliga,Bochum,Mainz,1374.82,1520.84,63.94,62.74,0.367695,A,A,1.0
2025-05-10,Ligue1,Auxerre,Nantes,1492.36,1451.06,65.14,63.48,0.626028,D,H,
2025-05-11,Bundesliga,Leverkusen,Dortmund,1732.25,1598.27,67.47,63.34,0.738529,A,H,0.0
2025-05-11,Bundesliga,Ein Frankfurt,St Pauli,1574.85,1424.46,62.66,73.5,0.754617,D,H,
2025-05-11,Bundesliga,Stuttgart,Augsburg,1534.87,1490.25,62.84,62.98,0.630443,H,H,1.0
2025-05-11,EPL,Tottenham,Crystal Palace,1478.61,1538.61,62.92,62.59,0.485884,A,A,1.0
2025-05-11,LaLiga,Leganes,Espanol,1439.07,1483.58,71.16,64.01,0.507738,H,H,1.0
2025-05-11,SerieA,Napoli,Genoa,1699.0,1475.57,64.36,62.67,0.824007,D,H,
2025-05-11,SerieA,Torino,Inter,1529.02,1736.59,62.69,68.02,0.291804,A,A,1.0
2025-05-11,LaLiga,Ath Bilbao,Alaves,1631.49,1470.61,63.01,62.89,0.766816,H,H,1.0
2025-05-11,LaLiga,Barcelona,Real Madrid,1758.92,1759.6,67.73,68.18,0.568934,H,H,1.0
2025-05-11,EPL,Nott'm Forest,Leicester,1549.06,1349.43,62.45,66.24,0.803169,D,H,
2025-05-11,LaLiga,Betis,Osasuna,1609.24,1512.9,62.61,62.46,0.695581,D,H,
2025-05-11,SerieA,Udinese,Monza,1484.53,1339.2,62.82,63.98,0.750618,A,H,0.0
2025-05-11,EPL,Newcastle,Chelsea,1616.05,1620.48,63.07,63.47,0.563934,H,H,1.0
2025-05-11,EPL,Man United,West Ham,1501.67,1463.22,62.64,63.03,0.622287,A,H,0.0
2025-05-11,EPL,Liverpool,Arsenal,1750.94,1695.34,67.64,66.81,0.644435,D,H,
2025-05-11,SerieA,Verona,Lecce,1424.94,1388.71,63.87,63.85,0.619281,D,H,
2025-05-12,SerieA,Venezia,Fiorentina,1379.14,1596.41,68.61,63.06,0.280055,H,A,0.0
2025-05-12,SerieA,Atalanta,Roma,1654.9,1650.0,63.89,62.98,0.576862,H,H,1.0
2025-05-13,LaLiga,Valladolid,Girona,1307.21,1497.68,66.95,62.65,0.311496,A,A,1.0
2025-05-13,LaLiga,Sociedad,Celta,1514.85,1522.1,62.45,62.64,0.560043,A,H,0.0
2025-05-13,LaLiga,Sevilla,Las Palmas,1464.06,1420.99,62.1,64.04,0.628324,H,H,1.0
2025-05-14,LaLiga,Alaves,Valencia,1465.38,1532.95,63.02,62.51,0.475226,H,A,0.0
2025-05-14,LaLiga,Villarreal,Leganes,1615.04,1452.87,62.29,70.48,0.767082,H,H,1.0
2025-05-14,LaLiga,Real Madrid,Mallorca,1748.47,1493.63,67.73,62.52,0.848294,H,H,1.0
2025-05-15,LaLiga,Vallecano,Betis,1504.16,1604.91,62.62,62.62,0.428853,D,A,
2025-05-15,LaLiga,Espanol,Barcelona,1472.33,1769.91,63.81,67.3,0.198811,A,A,1.0
2025-05-15,LaLiga,Osasuna,Ath Madrid,1517.21,1676.15,62.48,65.36,0.351142,H,A,0.0
2025-05-15,LaLiga,Getafe,Ath Bilbao,1458.43,1636.73,62.47,63.13,0.326478,A,A,1.0
2025-05-16,EPL,Chelsea,Man United,1610.62,1487.93,63.3,62.56,0.726132,H,H,1.0
2025-05-16,EPL,Aston Villa,Tottenham,1630.13,1467.8,62.79,62.76,0.768298,H,H,1.0
2025-05-17,Ligue1,Paris SG,Auxerre,1791.2,1489.37,68.99,64.92,0.879069,H,H,1.0
2025-05-17,Ligue1,Lens,Monaco,1570.48,1655.46,62.9,63.45,0.450821,H,A,0.0
2025-05-17,Ligue1,Lille,Reims,1627.92,1461.33,63.19,62.52,0.772583,H,H,1.0
2025-05-17,Ligue1,Lyon,Angers,1607.63,1418.56,62.7,66.55,0.793552,H,H,1.0
2025-05-17,Ligue1,Marseille,Rennes,1619.91,1515.18,63.26,62.07,0.705552,H,H,1.0
2025-05-17,Ligue1,Nantes,Montpellier,1453.91,1370.83,63.35,63.54,0.679393,H,H,1.0
2025-05-17,Ligue1,Nice,Brest,1612.79,1576.56,63.29,62.5,0.619368,H,H,1.0
2025-05-17,Ligue1,Strasbourg,Le Havre,1598.89,1427.95,62.28,65.02,0.776536,A,H,0.0
2025-05-17,SerieA,Genoa,Atalanta,1482.81,1664.59,62.94,63.7,0.322222,A,A,1.0
2025-05-17,Ligue1,St Etienne,Toulouse,1423.46,1500.36,66.99,62.11,0.462088,A,A,1.0
2025-05-17,Bundesliga,Augsburg,Union Berlin,1482.0,1458.33,62.89,62.83,0.602505,A,H,0.0
2025-05-17,Bundesliga,Dortmund,Holstein Kiel,1614.96,1373.11,63.39,75.56,0.836677,H,H,1.0
2025-05-17,Bundesliga,Freiburg,Ein Frankfurt,1557.27,1569.23,62.36,62.78,0.553493,A,H,0.0
2025-05-17,Bundesliga,Heidenheim,Werder Bremen,1427.35,1512.06,64.78,62.77,0.451169,A,A,1.0
2025-05-17,Bundesliga,Hoffenheim,Bayern Munich,1445.83,1737.41,62.53,67.24,0.204238,A,A,1.0
2025-05-17,Bundesliga,Mainz,Leverkusen,1528.99,1713.37,62.67,67.31,0.319409,D,A,
2025-05-17,Bundesliga,M'gladbach,Wolfsburg,1476.57,1458.61,62.63,62.69,0.594758,A,H,0.0
2025-05-17,Bundesliga,St Pauli,Bochum,1432.18,1366.37,73.06,63.8,0.657779,A,H,0.0
2025-05-17,Bundesliga,RB Leipzig,Stuttgart,1587.09,1543.09,63.7,62.75,0.629646,A,H,0.0
2025-05-18,LaLiga,Celta,Vallecano,1534.46,1505.73,62.51,62.5,0.609337,A,H,0.0
2025-05-18,EPL,Leicester,Ipswich,1356.97,1348.61,66.31,73.75,0.581061,H,H,1.0
2025-05-18,EPL,Arsenal,Newcastle,1698.93,1625.79,66.52,62.92,0.667101,H,H,1.0
2025-05-18,LaLiga,Barcelona,Villarreal,1774.98,1620.14,67.32,62.46,0.76072,A,H,0.0
2025-05-18,LaLiga,Osasuna,Espanol,1531.47,1467.75,62.44,63.98,0.6551,H,H,1.0
2025-05-18,LaLiga,Mallorca,Getafe,1490.24,1451.25,62.86,62.46,0.623047,A,H,0.0
2025-05-18,LaLiga,Valladolid,Alaves,1299.38,1477.09,66.71,62.86,0.327179,A,A,1.0
2025-05-18,LaLiga,Valencia,Ath Bilbao,1521.42,1644.07,62.38,63.08,0.398901,A,A,1.0
2025-05-18,LaLiga,Las Palmas,Leganes,1412.42,1446.41,63.89,70.24,0.52248,A,H,0.0
2025-05-18,EPL,Brentford,Fulham,1551.93,1514.38,62.48,62.63,0.621131,A,H,0.0
2025-05-18,SerieA,Cagliari,Venezia,1417.85,1398.12,63.86,68.35,0.596825,H,H,1.0
2025-05-18,EPL,Everton,Southampton,1514.96,1270.19,62.97,69.26,0.839865,H,H,1.0
2025-05-18,LaLiga,Sociedad,Girona,1502.56,1504.58,62.34,62.65,0.567312,H,H,1.0
2025-05-18,SerieA,Fiorentina,Bologna,1580.31,1631.5,63.1,62.93,0.498322,H,A,0.0
2025-05-18,SerieA,Inter,Lazio,1744.14,1628.32,67.76,63.0,0.718287,D,H,
2025-05-18,SerieA,Juventus,Udinese,1655.22,1467.77,64.21,62.92,0.792556,H,H,1.0
2025-05-18,SerieA,Lecce,Torino,1391.44,1522.56,63.7,62.72,0.387467,H,A,0.0
2025-05-18,SerieA,Monza,Empoli,1356.58,1400.99,64.03,63.56,0.507883,A,H,0.0
2025-05-18,SerieA,Parma,Napoli,1385.96,1691.37,69.35,64.56,0.191486,D,A,
2025-05-18,SerieA,Roma,Milan,1640.57,1631.06,62.85,63.28,0.583186,H,H,1.0
2025-05-18,SerieA,Verona,Como,1422.21,1533.78,63.72,70.26,0.414367,D,A,
2025-05-18,LaLiga,Ath Madrid,Betis,1660.59,1603.34,65.15,62.5,0.646927,H,H,1.0
2025-05-18,EPL,West Ham,Nott'm Forest,1477.14,1542.35,62.93,62.69,0.478543,A,A,1.0
2025-05-18,LaLiga,Sevilla,Real Madrid,1472.13,1752.42,62.05,67.87,0.214854,A,A,1.0
2025-05-19,EPL,Brighton,Liverpool,1553.36,1747.25,62.32,67.3,0.307878,H,A,0.0
2025-05-20,EPL,Man City,Bournemouth,1698.74,1529.22,66.66,62.62,0.775462,H,H,1.0
2025-05-20,EPL,Crystal Palace,Wolves,1549.31,1476.81,62.45,63.33,0.666266,H,H,1.0
2025-05-23,SerieA,Como,Inter,1531.42,1738.52,69.68,67.54,0.292303,A,A,1.0
2025-05-23,SerieA,Napoli,Cagliari,1684.13,1427.05,64.72,63.69,0.849751,H,H,1.0
2025-05-23,LaLiga,Betis,Valencia,1595.57,1512.68,62.46,62.29,0.679276,D,H,
2025-05-24,LaLiga,Real Madrid,Sociedad,1757.98,1512.02,67.81,62.23,0.841761,H,H,1.0
2025-05-24,LaLiga,Espanol,Las Palmas,1459.81,1400.52,63.86,63.69,0.649463,H,H,1.0
2025-05-24,LaLiga,Leganes,Valladolid,1460.7,1291.22,69.63,66.47,0.77491,H,H,1.0
2025-05-24,SerieA,Bologna,Genoa,1620.34,1475.61,62.77,62.91,0.750117,A,H,0.0
2025-05-24,SerieA,Milan,Monza,1621.68,1344.91,63.13,63.81,0.863376,H,H,1.0
2025-05-24,LaLiga,Alaves,Osasuna,1484.38,1539.05,62.83,62.41,0.493405,D,A,
2025-05-24,LaLiga,Getafe,Celta,1464.94,1521.05,62.39,62.42,0.491368,A,A,1.0
2025-05-24,LaLiga,Vallecano,Mallorca,1519.14,1476.38,62.41,62.77,0.628005,D,H,
2025-05-25,LaLiga,Girona,Ath Madrid,1495.03,1669.0,62.53,64.96,0.332042,A,A,1.0
2025-05-25,SerieA,Udinese,Fiorentina,1463.11,1591.52,63.1,62.93,0.391111,A,A,1.0
2025-05-25,EPL,Newcastle,Everton,1618.37,1518.56,62.88,63.28,0.699622,A,H,0.0
2025-05-25,EPL,Tottenham,Brighton,1462.62,1568.5,62.9,62.34,0.421764,A,A,1.0
2025-05-25,EPL,Southampton,Arsenal,1265.88,1707.18,69.31,66.27,0.099363,A,A,1.0
2025-05-25,EPL,Nott'm Forest,Chelsea,1552.92,1616.82,62.55,63.33,0.48039,A,A,1.0
2025-05-25,SerieA,Venezia,Juventus,1387.64,1660.07,67.9,64.34,0.221921,A,A,1.0
2025-05-25,EPL,Man United,Aston Villa,1481.86,1635.31,62.62,62.93,0.358023,H,A,0.0
2025-05-25,EPL,Liverpool,Crystal Palace,1729.67,1556.65,67.05,62.43,0.778906,D,H,
2025-05-25,EPL,Ipswich,West Ham,1336.07,1466.49,72.94,62.78,0.388402,A,A,1.0
2025-05-25,EPL,Fulham,Man City,1528.1,1704.37,62.55,66.63,0.329343,A,A,1.0
2025-05-25,EPL,Bournemouth,Leicester,1524.22,1367.2,62.78,65.99,0.762498,H,H,1.0
2025-05-25,LaLiga,Ath Bilbao,Barcelona,1652.99,1755.57,62.95,67.22,0.426534,A,A,1.0
2025-05-25,SerieA,Atalanta,Parma,1671.96,1394.31,63.63,69.29,0.863193,A,H,0.0
2025-05-25,SerieA,Empoli,Verona,1412.49,1424.15,63.37,63.55,0.553885,A,H,0.0
2025-05-25,SerieA,Lazio,Lecce,1633.19,1405.4,63.03,63.55,0.827428,A,H,0.0
2025-05-25,SerieA,Torino,Roma,1509.0,1649.82,62.63,62.72,0.374547,A,A,1.0
2025-05-25,EPL,Wolves,Brentford,1469.27,1538.27,63.26,62.41,0.473193,D,A,
2025-05-25,LaLiga,Villarreal,Sevilla,1636.91,1467.45,62.59,62.26,0.775454,H,H,1.0
