match_date,season,league,home_team,away_team,h2h_home_wins,h2h_away_wins,h2h_draws,h2h_home_win_rate,h2h_goal_diff_avg,h2h_meetings,h2h_dominance,revenge_factor,post_loss_bounce,post_loss_bounce_away,season_position_proxy,is_early_season,home_unbeaten_run,away_unbeaten_run,actual_result
2020-08-21,2020-21,Ligue1,Bordeaux,Nantes,0,0,0,0.45,0.0,0,0.0,0,0,0,0,1,0,0,0.5
2020-08-22,2020-21,Ligue1,Dijon,Angers,0,0,0,0.45,0.0,0,0.0,0,0,0,0,1,0,0,0.0
2020-08-22,2020-21,Ligue1,Lille,Rennes,0,0,0,0.45,0.0,0,0.0,0,0,0,0,1,0,0,0.5
2020-08-23,2020-21,Ligue1,Monaco,Reims,0,0,0,0.45,0.0,0,0.0,0,0,0,0,1,0,0,0.5
2020-08-23,2020-21,Ligue1,Lorient,Strasbourg,0,0,0,0.45,0.0,0,0.0,0,0,0,0,1,0,0,1.0
2020-08-23,2020-21,Ligue1,Nimes,Brest,0,0,0,0.45,0.0,0,0.0,0,0,0,0,1,0,0,1.0
2020-08-23,2020-21,Ligue1,Nice,Lens,0,0,0,0.45,0.0,0,0.0,0,0,0,0,1,0,0,1.0
2020-08-28,2020-21,Ligue1,Lyon,Dijon,0,0,0,0.45,0.0,0,0.0,0,0,1,0,1,0,0,1.0
2020-08-29,2020-21,Ligue1,Rennes,Montpellier,0,0,0,0.45,0.0,0,0.0,0,0,0,1,1,1,0,1.0
2020-08-29,2020-21,Ligue1,Strasbourg,Nice,0,0,0,0.45,0.0,0,0.0,0,1,0,1,1,0,1,0.0
2020-08-30,2020-21,Ligue1,Brest,Marseille,0,0,0,0.45,0.0,0,0.0,0,1,0,1,1,0,0,0.0
2020-08-30,2020-21,Ligue1,Angers,Bordeaux,0,0,0,0.45,0.0,0,0.0,0,0,0,1,1,1,1,0.0
2020-08-30,2020-21,Ligue1,Metz,Monaco,0,0,0,0.45,0.0,0,0.0,0,0,0,0,1,0,1,0.0
2020-08-30,2020-21,Ligue1,Nantes,Nimes,0,0,0,0.45,0.0,0,0.0,0,0,0,1,1,1,1,1.0
2020-08-30,2020-21,Ligue1,St Etienne,Lorient,0,0,0,0.45,0.0,0,0.0,0,0,0,0,1,0,1,1.0
2020-08-30,2020-21,Ligue1,Reims,Lille,0,0,0,0.45,0.0,0,0.0,0,0,0,1,1,1,1,0.0
2020-09-10,2020-21,Ligue1,Lens,Paris SG,0,0,0,0.45,0.0,0,0.0,0,1,0,1,1,0,0,1.0
2020-09-11,2020-21,Ligue1,Bordeaux,Lyon,0,0,0,0.45,0.0,0,0.0,0,0,0,2,1,2,1,0.5
2020-09-12,2020-21,LaLiga,Granada,Ath Bilbao,0,0,0,0.45,0.0,0,0.0,0,0,0,0,1,0,0,1.0
2020-09-12,2020-21,Ligue1,Montpellier,Nice,0,0,0,0.45,0.0,0,0.0,0,1,0,1,1,0,2,1.0
2020-09-12,2020-21,Ligue1,St Etienne,Strasbourg,0,0,0,0.45,0.0,0,0.0,0,0,1,1,1,1,0,1.0
2020-09-12,2020-21,LaLiga,Eibar,Celta,0,0,0,0.45,0.0,0,0.0,0,0,0,0,1,0,0,0.5
2020-09-12,2020-21,LaLiga,Cadiz,Osasuna,0,0,0,0.45,0.0,0,0.0,0,0,0,0,1,0,0,0.0
2020-09-12,2020-21,EPL,Fulham,Arsenal,0,0,0,0.45,0.0,0,0.0,0,0,0,0,1,0,0,0.0
2020-09-12,2020-21,EPL,Crystal Palace,Southampton,0,0,0,0.45,0.0,0,0.0,0,0,0,0,1,0,0,1.0
2020-09-12,2020-21,EPL,Liverpool,Leeds,0,0,0,0.45,0.0,0,0.0,0,0,0,0,1,0,0,1.0
2020-09-12,2020-21,EPL,West Ham,Newcastle,0,0,0,0.45,0.0,0,0.0,0,0,0,0,1,0,0,0.0
2020-09-13,2020-21,Ligue1,Lorient,Lens,0,0,0,0.45,0.0,0,0.0,0,1,0,2,1,0,1,0.0
2020-09-13,2020-21,Ligue1,Nimes,Rennes,0,0,0,0.45,0.0,0,0.0,0,1,0,2,1,0,2,0.0
2020-09-13,2020-21,Ligue1,Dijon,Brest,0,0,0,0.45,0.0,0,0.0,0,1,1,2,1,0,0,0.0
2020-09-13,2020-21,Ligue1,Angers,Reims,0,0,0,0.45,0.0,0,0.0,0,1,1,2,1,0,0,1.0
2020-09-13,2020-21,Ligue1,Lille,Metz,0,0,0,0.45,0.0,0,0.0,0,0,1,2,1,2,0,1.0
2020-09-13,2020-21,EPL,West Brom,Leicester,0,0,0,0.45,0.0,0,0.0,0,0,0,0,1,0,0,0.0
2020-09-13,2020-21,LaLiga,Valencia,Levante,0,0,0,0.45,0.0,0,0.0,0,0,0,0,1,0,0,1.0
2020-09-13,2020-21,LaLiga,Villarreal,Huesca,0,0,0,0.45,0.0,0,0.0,0,0,0,0,1,0,0,0.5
2020-09-13,2020-21,LaLiga,Valladolid,Sociedad,0,0,0,0.45,0.0,0,0.0,0,0,0,0,1,0,0,0.5
2020-09-13,2020-21,LaLiga,Alaves,Betis,0,0,0,0.45,0.0,0,0.0,0,0,0,0,1,0,0,0.0
2020-09-13,2020-21,EPL,Tottenham,Everton,0,0,0,0.45,0.0,0,0.0,0,0,0,0,1,0,0,0.0
2020-09-13,2020-21,Ligue1,Monaco,Nantes,0,0,0,0.45,0.0,0,0.0,0,0,0,2,1,2,2,1.0
2020-09-13,2020-21,Ligue1,Paris SG,Marseille,0,0,0,0.45,0.0,0,0.0,0,1,0,1,1,0,1,0.0
2020-09-14,2020-21,EPL,Brighton,Chelsea,0,0,0,0.45,0.0,0,0.0,0,0,0,0,1,0,0,0.0
2020-09-14,2020-21,EPL,Sheffield United,Wolves,0,0,0,0.45,0.0,0,0.0,0,0,0,0,1,0,0,0.0
2020-09-15,2020-21,Ligue1,Montpellier,Lyon,0,0,0,0.45,0.0,0,0.0,0,0,0,2,1,1,2,1.0
2020-09-16,2020-21,Ligue1,Paris SG,Metz,0,0,0,0.45,0.0,0,0.0,0,1,1,2,1,0,0,1.0
2020-09-17,2020-21,Ligue1,Marseille,St Etienne,0,0,0,0.45,0.0,0,0.0,0,0,0,2,1,2,2,0.0
2020-09-18,2020-21,Ligue1,Lyon,Nimes,0,0,0,0.45,0.0,0,0.0,0,1,1,3,1,0,0,0.5
2020-09-18,2020-21,Bundesliga,Bayern Munich,Schalke 04,0,0,0,0.45,0.0,0,0.0,0,0,0,0,1,0,0,1.0
2020-09-19,2020-21,Bundesliga,Union Berlin,Augsburg,0,0,0,0.45,0.0,0,0.0,0,0,0,0,1,0,0,0.0
2020-09-19,2020-21,EPL,Man United,Crystal Palace,0,0,0,0.45,0.0,0,0.0,0,0,0,0,1,0,1,0.0
2020-09-19,2020-21,EPL,Leeds,Fulham,0,0,0,0.45,0.0,0,0.0,0,1,1,1,1,0,0,1.0
2020-09-19,2020-21,EPL,Everton,West Brom,0,0,0,0.45,0.0,0,0.0,0,0,1,1,1,1,0,1.0
2020-09-19,2020-21,Bundesliga,Dortmund,M'gladbach,0,0,0,0.45,0.0,0,0.0,0,0,0,0,1,0,0,1.0
2020-09-19,2020-21,SerieA,Verona,Roma,0,0,0,0.45,0.0,0,0.0,0,0,0,0,1,0,0,0.5
2020-09-19,2020-21,SerieA,Fiorentina,Torino,0,0,0,0.45,0.0,0,0.0,0,0,0,0,1,0,0,1.0
2020-09-19,2020-21,LaLiga,Villarreal,Eibar,0,0,0,0.45,0.0,0,0.0,0,0,0,1,1,1,1,1.0
2020-09-19,2020-21,LaLiga,Celta,Valencia,0,0,0,0.45,0.0,0,0.0,0,0,0,1,1,1,1,1.0
2020-09-19,2020-21,LaLiga,Getafe,Osasuna,0,0,0,0.45,0.0,0,0.0,0,0,0,0,1,0,1,1.0
2020-09-19,2020-21,Bundesliga,Ein Frankfurt,Bielefeld,0,0,0,0.45,0.0,0,0.0,0,0,0,0,1,0,0,0.5
2020-09-19,2020-21,Bundesliga,FC Koln,Hoffenheim,0,0,0,0.45,0.0,0,0.0,0,0,0,0,1,0,0,0.0
2020-09-19,2020-21,Bundesliga,Stuttgart,Freiburg,0,0,0,0.45,0.0,0,0.0,0,0,0,0,1,0,0,0.0
2020-09-19,2020-21,Ligue1,Rennes,Monaco,0,0,0,0.45,0.0,0,0.0,0,0,0,3,1,3,3,1.0
2020-09-19,2020-21,EPL,Arsenal,West Ham,0,0,0,0.45,0.0,0,0.0,0,0,1,1,1,1,0,1.0
2020-09-19,2020-21,Ligue1,Lens,Bordeaux,0,0,0,0.45,0.0,0,0.0,0,0,0,3,1,2,3,1.0
2020-09-19,2020-21,Bundesliga,Werder Bremen,Hertha,0,0,0,0.45,0.0,0,0.0,0,0,0,0,1,0,0,0.0
2020-09-20,2020-21,Ligue1,Metz,Reims,0,0,0,0.45,0.0,0,0.0,0,1,1,3,1,0,0,1.0
2020-09-20,2020-21,Ligue1,Brest,Lorient,0,0,0,0.45,0.0,0,0.0,0,0,1,3,1,1,0,1.0
2020-09-20,2020-21,SerieA,Parma,Napoli,0,0,0,0.45,0.0,0,0.0,0,0,0,0,1,0,0,0.0
2020-09-20,2020-21,Ligue1,Nice,Paris SG,0,0,0,0.45,0.0,0,0.0,0,1,0,3,1,0,1,0.0
2020-09-20,2020-21,SerieA,Genoa,Crotone,0,0,0,0.45,0.0,0,0.0,0,0,0,0,1,0,0,1.0
2020-09-20,2020-21,SerieA,Sassuolo,Cagliari,0,0,0,0.45,0.0,0,0.0,0,0,0,0,1,0,0,0.5
2020-09-20,2020-21,SerieA,Juventus,Sampdoria,0,0,0,0.45,0.0,0,0.0,0,0,0,0,1,0,0,1.0
2020-09-20,2020-21,EPL,Southampton,Tottenham,0,0,0,0.45,0.0,0,0.0,0,1,1,1,1,0,0,0.0
2020-09-20,2020-21,EPL,Leicester,Burnley,0,0,0,0.45,0.0,0,0.0,0,0,0,1,1,1,0,1.0
2020-09-20,2020-21,EPL,Chelsea,Liverpool,0,0,0,0.45,0.0,0,0.0,0,0,0,1,1,1,1,0.0
2020-09-20,2020-21,Ligue1,Montpellier,Angers,0,0,0,0.45,0.0,0,0.0,0,0,0,3,1,2,1,1.0
2020-09-20,2020-21,Bundesliga,Wolfsburg,Leverkusen,0,0,0,0.45,0.0,0,0.0,0,0,0,0,1,0,0,0.5
2020-09-20,2020-21,Bundesliga,RB Leipzig,Mainz,0,0,0,0.45,0.0,0,0.0,0,0,0,0,1,0,0,1.0
2020-09-20,2020-21,Ligue1,Strasbourg,Dijon,0,0,0,0.45,0.0,0,0.0,0,1,1,3,1,0,0,1.0
2020-09-20,2020-21,Ligue1,Nantes,St Etienne,0,0,0,0.45,0.0,0,0.0,0,1,0,3,1,0,3,0.5
2020-09-20,2020-21,Ligue1,Marseille,Lille,0,0,0,0.45,0.0,0,0.0,0,1,0,3,1,0,3,0.5
2020-09-20,2020-21,EPL,Newcastle,Brighton,0,0,0,0.45,0.0,0,0.0,0,0,1,1,1,1,0,0.0
2020-09-20,2020-21,LaLiga,Granada,Alaves,0,0,0,0.45,0.0,0,0.0,0,0,1,1,1,1,0,1.0
2020-09-20,2020-21,LaLiga,Sociedad,Real Madrid,0,0,0,0.45,0.0,0,0.0,0,0,0,1,1,1,0,0.5
2020-09-20,2020-21,LaLiga,Huesca,Cadiz,0,0,0,0.45,0.0,0,0.0,0,0,1,1,1,1,0,0.0
2020-09-20,2020-21,LaLiga,Betis,Valladolid,0,0,0,0.45,0.0,0,0.0,0,0,0,1,1,1,1,1.0
2020-09-21,2020-21,SerieA,Milan,Bologna,0,0,0,0.45,0.0,0,0.0,0,0,0,0,1,0,0,1.0
2020-09-21,2020-21,EPL,Wolves,Man City,0,0,0,0.45,0.0,0,0.0,0,0,0,1,1,1,0,0.0
2020-09-21,2020-21,EPL,Aston Villa,Sheffield United,0,0,0,0.45,0.0,0,0.0,0,0,1,0,1,0,0,1.0
2020-09-25,2020-21,Ligue1,Lille,Nantes,0,0,0,0.45,0.0,0,0.0,0,0,0,4,1,4,1,1.0
2020-09-25,2020-21,Bundesliga,Hertha,Ein Frankfurt,0,0,0,0.45,0.0,0,0.0,0,0,0,1,1,1,1,0.0
2020-09-26,2020-21,Ligue1,St Etienne,Rennes,0,0,0,0.45,0.0,0,0.0,0,0,0,4,1,4,4,0.0
2020-09-26,2020-21,Ligue1,Marseille,Metz,0,0,0,0.45,0.0,0,0.0,0,0,0,4,1,1,1,0.5
2020-09-26,2020-21,SerieA,Torino,Atalanta,0,0,0,0.45,0.0,0,0.0,0,1,0,1,1,0,0,0.0
2020-09-26,2020-21,SerieA,Inter,Fiorentina,0,0,0,0.45,0.0,0,0.0,0,0,0,0,1,0,1,1.0
2020-09-26,2020-21,Bundesliga,Schalke 04,Werder Bremen,0,0,0,0.45,0.0,0,0.0,0,1,1,1,1,0,0,0.0
2020-09-26,2020-21,Bundesliga,M'gladbach,Union Berlin,0,0,0,0.45,0.0,0,0.0,0,1,1,1,1,0,0,0.5
2020-09-26,2020-21,Bundesliga,Leverkusen,RB Leipzig,0,0,0,0.45,0.0,0,0.0,0,0,0,1,1,1,1,0.5
2020-09-26,2020-21,Bundesliga,Bielefeld,FC Koln,0,0,0,0.45,0.0,0,0.0,0,0,1,1,1,1,0,1.0
2020-09-26,2020-21,SerieA,Sampdoria,Benevento,0,0,0,0.45,0.0,0,0.0,0,1,0,1,1,0,0,0.0
2020-09-26,2020-21,EPL,Brighton,Man United,0,0,0,0.45,0.0,0,0.0,0,0,1,2,1,1,0,0.0
2020-09-26,2020-21,EPL,Crystal Palace,Everton,0,0,0,0.45,0.0,0,0.0,0,0,0,2,1,2,2,0.0
2020-09-26,2020-21,Bundesliga,Mainz,Stuttgart,0,0,0,0.45,0.0,0,0.0,0,1,1,1,1,0,0,0.0
2020-09-26,2020-21,EPL,Burnley,Southampton,0,0,0,0.45,0.0,0,0.0,0,1,1,1,1,0,0,0.0
2020-09-26,2020-21,LaLiga,Alaves,Getafe,0,0,0,0.45,0.0,0,0.0,0,1,0,2,1,0,1,0.5
2020-09-26,2020-21,EPL,West Brom,Chelsea,0,0,0,0.45,0.0,0,0.0,0,1,1,2,1,0,0,0.5
2020-09-26,2020-21,LaLiga,Elche,Sociedad,0,0,0,0.45,0.0,0,0.0,0,0,0,0,1,0,2,0.0
2020-09-26,2020-21,LaLiga,Betis,Real Madrid,0,0,0,0.45,0.0,0,0.0,0,0,0,2,1,2,1,0.0
2020-09-26,2020-21,Bundesliga,Augsburg,Dortmund,0,0,0,0.45,0.0,0,0.0,0,0,0,1,1,1,1,1.0
2020-09-26,2020-21,LaLiga,Valencia,Huesca,0,0,0,0.45,0.0,0,0.0,0,1,1,2,1,0,0,0.5
2020-09-26,2020-21,SerieA,Cagliari,Lazio,0,0,0,0.45,0.0,0,0.0,0,0,0,1,1,1,0,0.0
2020-09-27,2020-21,Ligue1,Bordeaux,Nice,0,0,0,0.45,0.0,0,0.0,0,1,1,4,1,0,0,0.5
2020-09-27,2020-21,Ligue1,Angers,Brest,0,0,0,0.45,0.0,0,0.0,0,1,0,4,1,0,2,1.0
2020-09-27,2020-21,Ligue1,Dijon,Montpellier,0,0,0,0.45,0.0,0,0.0,0,1,0,4,1,0,3,0.5
2020-09-27,2020-21,Ligue1,Monaco,Strasbourg,0,0,0,0.45,0.0,0,0.0,0,1,0,4,1,0,1,1.0
2020-09-27,2020-21,Ligue1,Reims,Paris SG,0,0,0,0.45,0.0,0,0.0,0,1,0,4,1,0,2,0.0
2020-09-27,2020-21,Bundesliga,Freiburg,Wolfsburg,0,0,0,0.45,0.0,0,0.0,0,0,0,1,1,1,1,0.5
2020-09-27,2020-21,Bundesliga,Hoffenheim,Bayern Munich,0,0,0,0.45,0.0,0,0.0,0,0,0,1,1,1,1,1.0
2020-09-27,2020-21,EPL,Man City,Leicester,0,0,0,0.45,0.0,0,0.0,0,0,0,1,1,1,2,0.0
2020-09-27,2020-21,SerieA,Napoli,Genoa,0,0,0,0.45,0.0,0,0.0,0,0,0,1,1,1,1,1.0
2020-09-27,2020-21,EPL,West Ham,Wolves,0,0,0,0.45,0.0,0,0.0,0,1,1,2,1,0,0,1.0
2020-09-27,2020-21,SerieA,Spezia,Sassuolo,0,0,0,0.45,0.0,0,0.0,0,0,0,0,1,0,1,0.0
2020-09-27,2020-21,LaLiga,Barcelona,Villarreal,0,0,0,0.45,0.0,0,0.0,0,0,0,0,1,0,2,1.0
2020-09-27,2020-21,LaLiga,Valladolid,Celta,0,0,0,0.45,0.0,0,0.0,0,1,0,2,1,0,2,0.5
2020-09-27,2020-21,LaLiga,Cadiz,Sevilla,0,0,0,0.45,0.0,0,0.0,0,0,0,2,1,1,0,0.0
2020-09-27,2020-21,LaLiga,Ath Madrid,Granada,0,0,0,0.45,0.0,0,0.0,0,0,0,0,1,0,2,1.0
2020-09-27,2020-21,LaLiga,Eibar,Ath Bilbao,0,0,0,0.45,0.0,0,0.0,0,1,1,2,1,0,0,0.0
2020-09-27,2020-21,LaLiga,Osasuna,Levante,0,0,0,0.45,0.0,0,0.0,0,1,1,2,1,0,0,0.0
2020-09-27,2020-21,EPL,Sheffield United,Leeds,0,0,0,0.45,0.0,0,0.0,0,1,0,2,1,0,1,0.0
2020-09-27,2020-21,Ligue1,Lorient,Lyon,0,0,0,0.45,0.0,0,0.0,0,1,0,4,1,0,1,0.5
2020-09-27,2020-21,Ligue1,Nimes,Lens,0,0,0,0.45,0.0,0,0.0,0,0,0,4,1,1,3,0.5
2020-09-27,2020-21,SerieA,Verona,Udinese,0,0,0,0.45,0.0,0,0.0,0,0,0,1,1,1,0,1.0
2020-09-27,2020-21,EPL,Tottenham,Newcastle,0,0,0,0.45,0.0,0,0.0,0,0,1,2,1,1,0,0.5
2020-09-27,2020-21,SerieA,Roma,Juventus,0,0,0,0.45,0.0,0,0.0,0,0,0,1,1,1,1,0.5
2020-09-27,2020-21,SerieA,Crotone,Milan,0,0,0,0.45,0.0,0,0.0,0,1,0,1,1,0,1,0.0
2020-09-28,2020-21,EPL,Liverpool,Arsenal,0,0,0,0.45,0.0,0,0.0,0,0,0,2,1,2,2,1.0
2020-09-28,2020-21,EPL,Fulham,Aston Villa,0,0,0,0.45,0.0,0,0.0,0,1,0,2,1,0,1,0.0
2020-09-28,2020-21,SerieA,Bologna,Parma,0,0,0,0.45,0.0,0,0.0,0,1,1,1,1,0,0,1.0
2020-09-29,2020-21,LaLiga,Sociedad,Valencia,0,0,0,0.45,0.0,0,0.0,0,0,0,3,1,3,1,0.0
2020-09-29,2020-21,LaLiga,Getafe,Betis,0,0,0,0.45,0.0,0,0.0,0,0,1,2,1,2,0,1.0
2020-09-30,2020-21,LaLiga,Huesca,Ath Madrid,0,0,0,0.45,0.0,0,0.0,0,0,0,3,1,1,1,0.5
2020-09-30,2020-21,LaLiga,Real Madrid,Valladolid,0,0,0,0.45,0.0,0,0.0,0,0,0,2,1,2,1,1.0
2020-09-30,2020-21,LaLiga,Eibar,Elche,0,0,0,0.45,0.0,0,0.0,0,1,1,3,1,0,0,0.0
2020-09-30,2020-21,SerieA,Benevento,Inter,0,0,0,0.45,0.0,0,0.0,0,0,0,1,1,1,1,0.0
2020-09-30,2020-21,SerieA,Udinese,Spezia,0,0,0,0.45,0.0,0,0.0,0,1,1,1,1,0,0,0.0
2020-09-30,2020-21,SerieA,Lazio,Atalanta,0,0,0,0.45,0.0,0,0.0,0,0,0,1,1,1,1,0.0
2020-09-30,2020-21,LaLiga,Villarreal,Alaves,0,0,0,0.45,0.0,0,0.0,0,1,0,3,1,0,1,1.0
2020-10-01,2020-21,LaLiga,Ath Bilbao,Cadiz,0,0,0,0.45,0.0,0,0.0,0,0,1,2,1,1,0,0.0
2020-10-01,2020-21,LaLiga,Sevilla,Levante,0,0,0,0.45,0.0,0,0.0,0,0,0,1,1,1,1,1.0
2020-10-01,2020-21,LaLiga,Celta,Barcelona,0,0,0,0.45,0.0,0,0.0,0,0,0,3,1,3,1,0.0
2020-10-02,2020-21,Bundesliga,Union Berlin,Mainz,0,0,0,0.45,0.0,0,0.0,0,0,1,2,1,1,0,1.0
2020-10-02,2020-21,Ligue1,Paris SG,Angers,0,0,0,0.45,0.0,0,0.0,0,0,0,5,0,3,1,1.0
2020-10-02,2020-21,SerieA,Fiorentina,Sampdoria,0,0,0,0.45,0.0,0,0.0,0,1,1,2,1,0,0,0.0
2020-10-03,2020-21,LaLiga,Sociedad,Getafe,0,0,0,0.45,0.0,0,0.0,0,1,0,4,1,0,3,1.0
2020-10-03,2020-21,LaLiga,Valencia,Betis,0,0,0,0.45,0.0,0,0.0,0,0,1,4,1,2,0,0.0
2020-10-03,2020-21,LaLiga,Elche,Huesca,0,0,0,0.45,0.0,0,0.0,0,0,0,2,1,1,2,0.5
2020-10-03,2020-21,SerieA,Udinese,Roma,0,0,0,0.45,0.0,0,0.0,0,1,0,2,1,0,2,0.0
2020-10-03,2020-21,LaLiga,Valladolid,Eibar,0,0,0,0.45,0.0,0,0.0,0,1,1,4,1,0,0,0.0
2020-10-03,2020-21,Bundesliga,RB Leipzig,Schalke 04,0,0,0,0.45,0.0,0,0.0,0,0,1,2,1,2,0,1.0
2020-10-03,2020-21,Bundesliga,Werder Bremen,Bielefeld,0,0,0,0.45,0.0,0,0.0,0,0,0,2,1,1,2,1.0
2020-10-03,2020-21,Bundesliga,FC Koln,M'gladbach,0,0,0,0.45,0.0,0,0.0,0,1,0,2,1,0,1,0.0
2020-10-03,2020-21,Bundesliga,Ein Frankfurt,Hoffenheim,0,0,0,0.45,0.0,0,0.0,0,0,0,2,1,2,2,1.0
2020-10-03,2020-21,SerieA,Sassuolo,Crotone,0,0,0,0.45,0.0,0,0.0,0,0,1,2,1,2,0,1.0
2020-10-03,2020-21,LaLiga,Ath Madrid,Villarreal,0,0,0,0.45,0.0,0,0.0,0,0,0,2,1,2,1,0.5
2020-10-03,2020-21,Bundesliga,Stuttgart,Leverkusen,0,0,0,0.45,0.0,0,0.0,0,0,0,2,1,1,2,0.5
2020-10-03,2020-21,Bundesliga,Dortmund,Freiburg,0,0,0,0.45,0.0,0,0.0,0,1,0,2,1,0,2,1.0
2020-10-03,2020-21,Ligue1,Nice,Nantes,0,0,0,0.45,0.0,0,0.0,0,0,1,5,0,1,0,1.0
2020-10-03,2020-21,Ligue1,Lens,St Etienne,0,0,0,0.45,0.0,0,0.0,0,0,1,5,0,4,0,1.0
2020-10-03,2020-21,EPL,Chelsea,Crystal Palace,0,0,0,0.45,0.0,0,0.0,0,0,1,3,1,1,0,1.0
2020-10-03,2020-21,EPL,Everton,Brighton,0,0,0,0.45,0.0,0,0.0,0,0,1,3,1,3,0,1.0
2020-10-03,2020-21,EPL,Leeds,Man City,0,0,0,0.45,0.0,0,0.0,0,0,1,3,1,2,0,0.5
2020-10-03,2020-21,EPL,Newcastle,Burnley,0,0,0,0.45,0.0,0,0.0,0,0,1,3,1,1,0,1.0
2020-10-04,2020-21,LaLiga,Levante,Real Madrid,0,0,0,0.45,0.0,0,0.0,0,1,0,3,1,0,3,0.0
2020-10-04,2020-21,LaLiga,Alaves,Ath Bilbao,0,0,0,0.45,0.0,0,0.0,0,1,1,4,1,0,0,1.0
2020-10-04,2020-21,LaLiga,Osasuna,Celta,0,0,0,0.45,0.0,0,0.0,0,1,1,3,1,0,0,1.0
2020-10-04,2020-21,EPL,Leicester,West Ham,0,0,0,0.45,0.0,0,0.0,0,0,0,3,1,3,1,0.0
2020-10-04,2020-21,EPL,Southampton,West Brom,0,0,0,0.45,0.0,0,0.0,0,0,0,3,1,1,1,1.0
2020-10-04,2020-21,EPL,Arsenal,Sheffield United,0,0,0,0.45,0.0,0,0.0,0,1,1,3,1,0,0,1.0
2020-10-04,2020-21,EPL,Wolves,Fulham,0,0,0,0.45,0.0,0,0.0,0,1,1,3,1,0,0,1.0
2020-10-04,2020-21,EPL,Man United,Tottenham,0,0,0,0.45,0.0,0,0.0,0,0,0,2,1,1,2,0.0
2020-10-04,2020-21,EPL,Aston Villa,Liverpool,0,0,0,0.45,0.0,0,0.0,0,0,0,2,1,2,3,1.0
2020-10-04,2020-21,SerieA,Benevento,Bologna,0,0,0,0.45,0.0,0,0.0,0,1,0,2,1,0,1,1.0
2020-10-04,2020-21,Bundesliga,Bayern Munich,Hertha,0,0,0,0.45,0.0,0,0.0,0,1,1,2,1,0,0,1.0
2020-10-04,2020-21,Bundesliga,Wolfsburg,Augsburg,0,0,0,0.45,0.0,0,0.0,0,0,0,2,1,2,2,0.5
2020-10-04,2020-21,SerieA,Milan,Spezia,0,0,0,0.45,0.0,0,0.0,0,0,0,2,1,2,1,1.0
2020-10-04,2020-21,SerieA,Parma,Verona,0,0,0,0.45,0.0,0,0.0,0,1,0,2,1,0,2,1.0
2020-10-04,2020-21,SerieA,Lazio,Inter,0,0,0,0.45,0.0,0,0.0,0,1,0,2,1,0,2,0.5
2020-10-04,2020-21,LaLiga,Cadiz,Granada,0,0,0,0.45,0.0,0,0.0,0,0,1,4,1,1,0,0.5
2020-10-04,2020-21,LaLiga,Barcelona,Sevilla,0,0,0,0.45,0.0,0,0.0,0,0,0,2,1,2,2,0.5
2020-10-04,2020-21,SerieA,Atalanta,Cagliari,0,0,0,0.45,0.0,0,0.0,0,0,1,2,1,2,0,1.0
2020-10-04,2020-21,Ligue1,Strasbourg,Lille,0,0,0,0.45,0.0,0,0.0,0,1,0,5,0,0,5,0.0
2020-10-04,2020-21,Ligue1,Rennes,Reims,0,0,0,0.45,0.0,0,0.0,0,0,1,5,0,5,0,0.5
2020-10-04,2020-21,Ligue1,Metz,Lorient,0,0,0,0.45,0.0,0,0.0,0,0,0,5,0,2,1,1.0
2020-10-04,2020-21,Ligue1,Lyon,Marseille,0,0,0,0.45,0.0,0,0.0,0,0,0,5,0,2,2,0.5
2020-10-04,2020-21,Ligue1,Bordeaux,Dijon,0,0,0,0.45,0.0,0,0.0,0,0,0,5,0,1,1,1.0
2020-10-04,2020-21,Ligue1,Brest,Monaco,0,0,0,0.45,0.0,0,0.0,0,1,0,5,0,0,1,1.0
2020-10-04,2020-21,Ligue1,Montpellier,Nimes,0,0,0,0.45,0.0,0,0.0,0,0,0,5,0,4,2,0.0
2020-10-16,2020-21,Ligue1,Dijon,Rennes,0,0,0,0.45,0.0,0,0.0,0,1,0,6,0,0,6,0.5
2020-10-16,2020-21,Ligue1,Nimes,Paris SG,0,0,0,0.45,0.0,0,0.0,0,0,0,6,0,3,4,0.0
2020-10-17,2020-21,Bundesliga,Bielefeld,Bayern Munich,0,0,0,0.45,0.0,0,0.0,0,1,0,3,1,0,1,0.0
2020-10-17,2020-21,Bundesliga,Mainz,Leverkusen,0,0,0,0.45,0.0,0,0.0,0,1,0,3,1,0,3,0.0
2020-10-17,2020-21,LaLiga,Granada,Sevilla,0,0,0,0.45,0.0,0,0.0,0,0,0,4,1,1,3,1.0
2020-10-17,2020-21,Bundesliga,Hertha,Stuttgart,0,0,0,0.45,0.0,0,0.0,0,1,0,3,1,0,2,0.0
2020-10-17,2020-21,Bundesliga,Freiburg,Werder Bremen,0,0,0,0.45,0.0,0,0.0,0,1,0,3,1,0,2,0.5
2020-10-17,2020-21,Bundesliga,Augsburg,RB Leipzig,0,0,0,0.45,0.0,0,0.0,0,0,0,3,1,3,3,0.0
2020-10-17,2020-21,SerieA,Napoli,Atalanta,0,0,0,0.45,0.0,0,0.0,0,0,0,2,1,2,3,1.0
2020-10-17,2020-21,Ligue1,Reims,Lorient,0,0,0,0.45,0.0,0,0.0,0,0,1,6,0,1,0,0.0
2020-10-17,2020-21,Ligue1,Marseille,Bordeaux,0,0,0,0.45,0.0,0,0.0,0,0,0,6,0,3,2,1.0
2020-10-17,2020-21,SerieA,Crotone,Juventus,0,0,0,0.45,0.0,0,0.0,0,1,0,3,1,0,2,0.5
2020-10-17,2020-21,SerieA,Sampdoria,Lazio,0,0,0,0.45,0.0,0,0.0,0,0,0,3,1,1,1,1.0
2020-10-17,2020-21,SerieA,Inter,Milan,0,0,0,0.45,0.0,0,0.0,0,0,0,3,1,3,3,0.0
2020-10-17,2020-21,Bundesliga,M'gladbach,Wolfsburg,0,0,0,0.45,0.0,0,0.0,0,0,0,3,1,2,3,0.5
2020-10-17,2020-21,LaLiga,Celta,Ath Madrid,0,0,0,0.45,0.0,0,0.0,0,1,0,5,0,0,3,0.0
2020-10-17,2020-21,Bundesliga,Hoffenheim,Dortmund,0,0,0,0.45,0.0,0,0.0,0,1,0,3,1,0,1,0.0
2020-10-17,2020-21,EPL,Everton,Liverpool,0,0,0,0.45,0.0,0,0.0,0,0,1,4,1,4,0,0.5
2020-10-17,2020-21,LaLiga,Real Madrid,Cadiz,0,0,0,0.45,0.0,0,0.0,0,0,0,4,1,4,2,0.0
2020-10-17,2020-21,LaLiga,Getafe,Barcelona,0,0,0,0.45,0.0,0,0.0,0,1,0,4,1,0,3,1.0
2020-10-17,2020-21,EPL,Chelsea,Southampton,0,0,0,0.45,0.0,0,0.0,0,0,0,4,1,2,2,0.5
2020-10-17,2020-21,EPL,Man City,Arsenal,0,0,0,0.45,0.0,0,0.0,0,0,0,3,1,1,1,1.0
2020-10-17,2020-21,EPL,Newcastle,Man United,0,0,0,0.45,0.0,0,0.0,0,0,1,4,1,2,0,0.0
2020-10-18,2020-21,Ligue1,Angers,Metz,0,0,0,0.45,0.0,0,0.0,0,1,0,6,0,0,3,0.5
2020-10-18,2020-21,Ligue1,Monaco,Montpellier,0,0,0,0.45,0.0,0,0.0,0,1,1,6,0,0,0,0.5
2020-10-18,2020-21,SerieA,Bologna,Sassuolo,0,0,0,0.45,0.0,0,0.0,0,1,0,3,1,0,3,0.0
2020-10-18,2020-21,SerieA,Spezia,Fiorentina,0,0,0,0.45,0.0,0,0.0,0,1,1,3,1,0,0,0.5
2020-10-18,2020-21,Ligue1,St Etienne,Nice,0,0,0,0.45,0.0,0,0.0,0,1,0,6,0,0,2,0.0
2020-10-18,2020-21,Ligue1,Lille,Lens,0,0,0,0.45,0.0,0,0.0,0,0,0,6,0,6,5,1.0
2020-10-18,2020-21,SerieA,Torino,Cagliari,0,0,0,0.45,0.0,0,0.0,0,1,1,2,1,0,0,0.0
2020-10-18,2020-21,LaLiga,Betis,Sociedad,0,0,0,0.45,0.0,0,0.0,0,0,0,5,0,1,1,0.0
2020-10-18,2020-21,SerieA,Udinese,Parma,0,0,0,0.45,0.0,0,0.0,0,1,0,3,1,0,1,1.0
2020-10-18,2020-21,Ligue1,Strasbourg,Lyon,0,0,0,0.45,0.0,0,0.0,0,1,0,6,0,0,3,0.0
2020-10-18,2020-21,LaLiga,Huesca,Valladolid,0,0,0,0.45,0.0,0,0.0,0,0,1,5,0,3,0,0.5
2020-10-18,2020-21,Ligue1,Nantes,Brest,0,0,0,0.45,0.0,0,0.0,0,1,0,6,0,0,1,1.0
2020-10-18,2020-21,LaLiga,Villarreal,Valencia,0,0,0,0.45,0.0,0,0.0,0,0,1,5,0,2,0,1.0
2020-10-18,2020-21,SerieA,Roma,Benevento,0,0,0,0.45,0.0,0,0.0,0,0,0,3,1,3,1,1.0
2020-10-18,2020-21,EPL,Sheffield United,Fulham,0,0,0,0.45,0.0,0,0.0,0,1,1,4,1,0,0,0.5
2020-10-18,2020-21,EPL,Crystal Palace,Brighton,0,0,0,0.45,0.0,0,0.0,0,1,1,4,1,0,0,0.5
2020-10-18,2020-21,EPL,Tottenham,West Ham,0,0,0,0.45,0.0,0,0.0,0,0,0,4,1,3,2,0.5
2020-10-18,2020-21,EPL,Leicester,Aston Villa,0,0,0,0.45,0.0,0,0.0,0,1,0,4,1,0,3,0.0
2020-10-18,2020-21,Bundesliga,FC Koln,Ein Frankfurt,0,0,0,0.45,0.0,0,0.0,0,1,0,3,1,0,3,0.5
2020-10-18,2020-21,Bundesliga,Schalke 04,Union Berlin,0,0,0,0.45,0.0,0,0.0,0,1,0,3,1,0,2,0.5
2020-10-18,2020-21,LaLiga,Ath Bilbao,Levante,0,0,0,0.45,0.0,0,0.0,0,1,1,4,1,0,0,1.0
2020-10-18,2020-21,LaLiga,Eibar,Osasuna,0,0,0,0.45,0.0,0,0.0,0,0,0,5,0,1,1,0.5
2020-10-18,2020-21,LaLiga,Alaves,Elche,0,0,0,0.45,0.0,0,0.0,0,0,0,5,0,1,2,0.0
2020-10-19,2020-21,SerieA,Verona,Genoa,0,0,0,0.45,0.0,0,0.0,0,1,1,3,1,0,0,0.5
2020-10-19,2020-21,EPL,West Brom,Burnley,0,0,0,0.45,0.0,0,0.0,0,1,1,4,1,0,0,0.5
2020-10-19,2020-21,EPL,Leeds,Wolves,0,0,0,0.45,0.0,0,0.0,0,0,0,4,1,3,1,0.0
2020-10-23,2020-21,Ligue1,Rennes,Angers,0,0,0,0.45,0.0,0,0.0,0,0,0,7,0,7,1,0.0
2020-10-23,2020-21,LaLiga,Elche,Valencia,0,0,0,0.45,0.0,0,0.0,0,0,1,4,1,3,0,1.0
2020-10-23,2020-21,Bundesliga,Stuttgart,FC Koln,0,0,0,0.45,0.0,0,0.0,0,0,0,4,1,3,1,0.5
2020-10-23,2020-21,SerieA,Sassuolo,Torino,0,0,0,0.45,0.0,0,0.0,0,0,1,4,1,4,0,0.5
2020-10-23,2020-21,EPL,Aston Villa,Leeds,0,0,0,0.45,0.0,0,0.0,0,0,1,4,1,4,0,0.0
2020-10-24,2020-21,SerieA,Atalanta,Sampdoria,0,0,0,0.45,0.0,0,0.0,0,1,0,4,1,0,2,0.0
2020-10-24,2020-21,SerieA,Genoa,Inter,0,0,0,0.45,0.0,0,0.0,0,0,1,3,1,1,0,0.0
2020-10-24,2020-21,SerieA,Lazio,Bologna,0,0,0,0.45,0.0,0,0.0,0,1,1,4,1,0,0,1.0
2020-10-24,2020-21,EPL,Liverpool,Sheffield United,0,0,0,0.45,0.0,0,0.0,0,0,0,5,0,1,1,1.0
2020-10-24,2020-21,LaLiga,Ath Madrid,Betis,0,0,0,0.45,0.0,0,0.0,0,0,1,4,1,4,0,1.0
2020-10-24,2020-21,LaLiga,Sevilla,Eibar,0,0,0,0.45,0.0,0,0.0,0,1,0,4,1,0,2,0.0
2020-10-24,2020-21,EPL,Man United,Chelsea,0,0,0,0.45,0.0,0,0.0,0,0,0,4,1,1,3,0.5
2020-10-24,2020-21,EPL,Fulham,Crystal Palace,0,0,0,0.45,0.0,0,0.0,0,0,0,5,0,1,1,0.0
2020-10-24,2020-21,EPL,West Ham,Man City,0,0,0,0.45,0.0,0,0.0,0,0,0,5,0,3,2,0.5
2020-10-24,2020-21,LaLiga,Barcelona,Real Madrid,0,0,0,0.45,0.0,0,0.0,0,1,1,4,1,0,0,0.0
2020-10-24,2020-21,Bundesliga,RB Leipzig,Hertha,0,0,0,0.45,0.0,0,0.0,0,0,1,4,1,4,0,1.0
2020-10-24,2020-21,Bundesliga,Union Berlin,Freiburg,0,0,0,0.45,0.0,0,0.0,0,0,0,4,1,3,1,0.5
2020-10-24,2020-21,Ligue1,Paris SG,Dijon,0,0,0,0.45,0.0,0,0.0,0,0,0,7,0,5,1,1.0
2020-10-24,2020-21,LaLiga,Osasuna,Ath Bilbao,0,0,0,0.45,0.0,0,0.0,0,0,0,5,0,2,1,1.0
2020-10-24,2020-21,Bundesliga,Bayern Munich,Ein Frankfurt,0,0,0,0.45,0.0,0,0.0,0,0,0,4,1,2,4,1.0
2020-10-24,2020-21,Bundesliga,Mainz,M'gladbach,0,0,0,0.45,0.0,0,0.0,0,1,0,4,1,0,3,0.0
2020-10-24,2020-21,Bundesliga,Dortmund,Schalke 04,0,0,0,0.45,0.0,0,0.0,0,0,0,4,1,2,1,1.0
2020-10-24,2020-21,Ligue1,Lorient,Marseille,0,0,0,0.45,0.0,0,0.0,0,0,0,7,0,1,4,0.0
2020-10-25,2020-21,Ligue1,Metz,St Etienne,0,0,0,0.45,0.0,0,0.0,0,0,1,7,0,4,0,1.0
2020-10-25,2020-21,SerieA,Fiorentina,Udinese,0,0,0,0.45,0.0,0,0.0,0,0,0,4,1,1,1,1.0
2020-10-25,2020-21,SerieA,Parma,Spezia,0,0,0,0.45,0.0,0,0.0,0,1,0,4,1,0,1,0.5
2020-10-25,2020-21,SerieA,Benevento,Napoli,0,0,0,0.45,0.0,0,0.0,0,1,0,4,1,0,3,0.0
2020-10-25,2020-21,SerieA,Cagliari,Crotone,0,0,0,0.45,0.0,0,0.0,0,0,0,4,1,1,1,1.0
2020-10-25,2020-21,LaLiga,Cadiz,Villarreal,0,0,0,0.45,0.0,0,0.0,0,0,0,6,0,3,3,0.5
2020-10-25,2020-21,Ligue1,Bordeaux,Nimes,0,0,0,0.45,0.0,0,0.0,0,1,1,7,0,0,0,1.0
2020-10-25,2020-21,Ligue1,Brest,Strasbourg,0,0,0,0.45,0.0,0,0.0,0,1,1,7,0,0,0,0.0
2020-10-25,2020-21,Ligue1,Montpellier,Reims,0,0,0,0.45,0.0,0,0.0,0,0,1,7,0,1,0,0.0
2020-10-25,2020-21,Ligue1,Nice,Lille,0,0,0,0.45,0.0,0,0.0,0,0,0,7,0,3,7,0.5
2020-10-25,2020-21,Ligue1,Lyon,Monaco,0,0,0,0.45,0.0,0,0.0,0,0,0,7,0,4,1,1.0
2020-10-25,2020-21,EPL,Southampton,Everton,0,0,0,0.45,0.0,0,0.0,0,0,0,5,0,3,5,1.0
2020-10-25,2020-21,LaLiga,Getafe,Granada,0,0,0,0.45,0.0,0,0.0,0,0,0,5,0,1,2,0.0
2020-10-25,2020-21,SerieA,Juventus,Verona,0,0,0,0.45,0.0,0,0.0,0,0,0,3,1,3,1,0.5
2020-10-25,2020-21,LaLiga,Sociedad,Huesca,0,0,0,0.45,0.0,0,0.0,0,0,0,6,0,2,4,1.0
2020-10-25,2020-21,EPL,Wolves,Newcastle,0,0,0,0.45,0.0,0,0.0,0,0,1,5,0,2,0,0.5
2020-10-25,2020-21,EPL,Arsenal,Leicester,0,0,0,0.45,0.0,0,0.0,0,1,1,5,0,0,0,0.0
2020-10-25,2020-21,Bundesliga,Wolfsburg,Bielefeld,0,0,0,0.45,0.0,0,0.0,0,0,1,4,1,4,0,1.0
2020-10-25,2020-21,Bundesliga,Werder Bremen,Hoffenheim,0,0,0,0.45,0.0,0,0.0,0,0,1,4,1,3,0,0.5
2020-10-25,2020-21,LaLiga,Valladolid,Alaves,0,0,0,0.45,0.0,0,0.0,0,0,1,6,0,1,0,0.0
2020-10-26,2020-21,LaLiga,Levante,Celta,0,0,0,0.45,0.0,0,0.0,0,1,1,5,0,0,0,0.5
2020-10-26,2020-21,Bundesliga,Leverkusen,Augsburg,0,0,0,0.45,0.0,0,0.0,0,0,1,4,1,4,0,1.0
2020-10-26,2020-21,SerieA,Milan,Roma,0,0,0,0.45,0.0,0,0.0,0,0,0,4,1,4,4,0.5
2020-10-26,2020-21,EPL,Burnley,Tottenham,0,0,0,0.45,0.0,0,0.0,0,0,0,4,1,1,4,0.0
2020-10-26,2020-21,EPL,Brighton,West Brom,0,0,0,0.45,0.0,0,0.0,0,0,0,5,0,1,1,0.5
2020-10-30,2020-21,Bundesliga,Schalke 04,Stuttgart,0,0,0,0.45,0.0,0,0.0,0,1,0,5,0,0,4,0.5
2020-10-30,2020-21,LaLiga,Eibar,Cadiz,0,0,0,0.45,0.0,0,0.0,0,0,0,7,0,3,4,0.0
2020-10-30,2020-21,EPL,Wolves,Crystal Palace,0,0,0,0.45,0.0,0,0.0,0,0,0,6,0,3,2,1.0
2020-10-31,2020-21,EPL,Sheffield United,Man City,0,0,0,0.45,0.0,0,0.0,0,1,0,6,0,0,3,0.0
2020-10-31,2020-21,SerieA,Inter,Parma,0,0,0,0.45,0.0,0,0.0,0,0,0,5,0,1,1,0.5
2020-10-31,2020-21,SerieA,Bologna,Cagliari,0,0,0,0.45,0.0,0,0.0,0,1,0,5,0,0,2,1.0
2020-10-31,2020-21,EPL,Burnley,Chelsea,0,0,0,0.45,0.0,0,0.0,0,1,0,5,0,0,4,0.0
2020-10-31,2020-21,EPL,Liverpool,West Ham,0,0,0,0.45,0.0,0,0.0,0,0,0,6,0,2,4,1.0
2020-10-31,2020-21,SerieA,Crotone,Atalanta,0,0,0,0.45,0.0,0,0.0,0,1,1,5,0,0,0,0.0
2020-10-31,2020-21,LaLiga,Ath Bilbao,Sevilla,0,0,0,0.45,0.0,0,0.0,0,1,1,6,0,0,0,1.0
2020-10-31,2020-21,Ligue1,Nantes,Paris SG,0,0,0,0.45,0.0,0,0.0,0,0,0,7,0,1,6,0.0
2020-10-31,2020-21,Bundesliga,M'gladbach,RB Leipzig,0,0,0,0.45,0.0,0,0.0,0,0,0,5,0,4,5,1.0
2020-10-31,2020-21,Bundesliga,FC Koln,Bayern Munich,0,0,0,0.45,0.0,0,0.0,0,0,0,5,0,2,3,0.0
2020-10-31,2020-21,Bundesliga,Ein Frankfurt,Werder Bremen,0,0,0,0.45,0.0,0,0.0,0,1,0,5,0,0,4,0.5
2020-10-31,2020-21,Bundesliga,Bielefeld,Dortmund,0,0,0,0.45,0.0,0,0.0,0,1,0,5,0,0,3,0.0
2020-10-31,2020-21,Bundesliga,Augsburg,Mainz,0,0,0,0.45,0.0,0,0.0,0,1,1,5,0,0,0,1.0
2020-10-31,2020-21,LaLiga,Alaves,Barcelona,0,0,0,0.45,0.0,0,0.0,0,0,1,7,0,1,0,0.5
2020-10-31,2020-21,LaLiga,Osasuna,Ath Madrid,0,0,0,0.45,0.0,0,0.0,0,0,0,6,0,3,5,0.0
2020-10-31,2020-21,LaLiga,Real Madrid,Huesca,0,0,0,0.45,0.0,0,0.0,0,0,1,6,0,1,0,1.0
2020-10-31,2020-21,Ligue1,Rennes,Brest,0,0,0,0.45,0.0,0,0.0,0,1,1,8,0,0,0,1.0
2020-11-01,2020-21,EPL,Newcastle,Everton,0,0,0,0.45,0.0,0,0.0,0,0,1,6,0,1,0,1.0
2020-11-01,2020-21,Bundesliga,Hertha,Wolfsburg,0,0,0,0.45,0.0,0,0.0,0,1,0,5,0,0,5,0.5
2020-11-01,2020-21,Bundesliga,Freiburg,Leverkusen,0,0,0,0.45,0.0,0,0.0,0,0,0,5,0,2,5,0.0
2020-11-01,2020-21,EPL,Aston Villa,Southampton,0,0,0,0.45,0.0,0,0.0,0,1,0,5,0,0,4,0.0
2020-11-01,2020-21,EPL,Man United,Arsenal,0,0,0,0.45,0.0,0,0.0,0,0,1,5,0,2,0,0.0
2020-11-01,2020-21,Ligue1,Nimes,Metz,0,0,0,0.45,0.0,0,0.0,0,1,0,8,0,0,5,0.0
2020-11-01,2020-21,LaLiga,Betis,Elche,0,0,0,0.45,0.0,0,0.0,0,1,0,7,0,0,4,1.0
2020-11-01,2020-21,LaLiga,Celta,Sociedad,0,0,0,0.45,0.0,0,0.0,0,0,0,7,0,1,3,0.0
2020-11-01,2020-21,LaLiga,Granada,Levante,0,0,0,0.45,0.0,0,0.0,0,0,0,6,0,3,1,0.5
2020-11-01,2020-21,LaLiga,Valencia,Getafe,0,0,0,0.45,0.0,0,0.0,0,1,1,7,0,0,0,0.5
2020-11-01,2020-21,Ligue1,Lille,Lyon,0,0,0,0.45,0.0,0,0.0,0,0,0,8,0,8,5,0.5
2020-11-01,2020-21,Ligue1,Monaco,Bordeaux,0,0,0,0.45,0.0,0,0.0,0,1,0,8,0,0,1,1.0
2020-11-01,2020-21,Ligue1,Reims,Strasbourg,0,0,0,0.45,0.0,0,0.0,0,0,0,8,0,1,1,1.0
2020-11-01,2020-21,EPL,Tottenham,Brighton,0,0,0,0.45,0.0,0,0.0,0,0,0,6,0,5,2,1.0
2020-11-01,2020-21,Ligue1,Dijon,Lorient,0,0,0,0.45,0.0,0,0.0,0,1,1,8,0,0,0,0.5
2020-11-01,2020-21,Ligue1,Angers,Nice,0,0,0,0.45,0.0,0,0.0,0,0,0,8,0,2,4,0.0
2020-11-01,2020-21,Ligue1,St Etienne,Montpellier,0,0,0,0.45,0.0,0,0.0,0,1,1,8,0,0,0,0.0
2020-11-01,2020-21,SerieA,Udinese,Milan,0,0,0,0.45,0.0,0,0.0,0,1,0,5,0,0,5,0.0
2020-11-01,2020-21,SerieA,Torino,Lazio,0,0,0,0.45,0.0,0,0.0,0,0,0,4,1,1,1,0.0
2020-11-01,2020-21,SerieA,Napoli,Sassuolo,0,0,0,0.45,0.0,0,0.0,0,0,0,4,1,4,5,0.0
2020-11-01,2020-21,SerieA,Roma,Fiorentina,0,0,0,0.45,0.0,0,0.0,0,0,0,5,0,5,2,1.0
2020-11-01,2020-21,SerieA,Sampdoria,Genoa,0,0,0,0.45,0.0,0,0.0,0,0,1,5,0,3,0,0.5
2020-11-01,2020-21,SerieA,Spezia,Juventus,0,0,0,0.45,0.0,0,0.0,0,0,0,5,0,2,4,0.0
2020-11-02,2020-21,Bundesliga,Hoffenheim,Union Berlin,0,0,0,0.45,0.0,0,0.0,0,0,0,5,0,1,4,0.0
2020-11-02,2020-21,SerieA,Verona,Benevento,0,0,0,0.45,0.0,0,0.0,0,0,1,5,0,2,0,1.0
2020-11-02,2020-21,EPL,Leeds,Leicester,0,0,0,0.45,0.0,0,0.0,0,0,0,6,0,1,1,0.0
2020-11-02,2020-21,EPL,Fulham,West Brom,0,0,0,0.45,0.0,0,0.0,0,1,0,6,0,0,2,1.0
2020-11-02,2020-21,LaLiga,Villarreal,Valladolid,0,0,0,0.45,0.0,0,0.0,0,0,1,7,0,4,0,1.0
2020-11-04,2020-21,SerieA,Genoa,Torino,0,0,0,0.45,0.0,0,0.0,0,0,1,5,0,1,0,0.0
2020-11-06,2020-21,EPL,Southampton,Newcastle,0,0,0,0.45,0.0,0,0.0,0,0,0,7,0,5,2,1.0
2020-11-06,2020-21,EPL,Brighton,Burnley,0,0,0,0.45,0.0,0,0.0,0,1,1,7,0,0,0,0.5
2020-11-06,2020-21,Ligue1,Strasbourg,Marseille,0,0,0,0.45,0.0,0,0.0,0,1,0,9,0,0,5,0.0
2020-11-06,2020-21,SerieA,Sassuolo,Udinese,0,0,0,0.45,0.0,0,0.0,0,0,1,6,0,6,0,0.5
2020-11-06,2020-21,Bundesliga,Werder Bremen,FC Koln,0,0,0,0.45,0.0,0,0.0,0,0,1,6,0,5,0,0.5
2020-11-06,2020-21,LaLiga,Elche,Celta,0,0,0,0.45,0.0,0,0.0,0,1,1,6,0,0,0,0.5
2020-11-07,2020-21,EPL,Chelsea,Sheffield United,0,0,0,0.45,0.0,0,0.0,0,0,1,7,0,5,0,1.0
2020-11-07,2020-21,EPL,Crystal Palace,Leeds,0,0,0,0.45,0.0,0,0.0,0,1,1,7,0,0,0,1.0
2020-11-07,2020-21,EPL,Everton,Man United,0,0,0,0.45,0.0,0,0.0,0,1,1,7,0,0,0,0.0
2020-11-07,2020-21,EPL,West Ham,Fulham,0,0,0,0.45,0.0,0,0.0,0,1,0,7,0,0,1,1.0
2020-11-07,2020-21,Bundesliga,Mainz,Schalke 04,0,0,0,0.45,0.0,0,0.0,0,1,0,6,0,0,1,0.5
2020-11-07,2020-21,Ligue1,Paris SG,Rennes,0,0,0,0.45,0.0,0,0.0,0,0,0,9,0,7,1,1.0
2020-11-07,2020-21,Ligue1,Bordeaux,Montpellier,0,0,0,0.45,0.0,0,0.0,0,1,0,9,0,0,1,0.0
2020-11-07,2020-21,SerieA,Cagliari,Sampdoria,0,0,0,0.45,0.0,0,0.0,0,1,0,6,0,0,4,1.0
2020-11-07,2020-21,SerieA,Benevento,Spezia,0,0,0,0.45,0.0,0,0.0,0,1,1,6,0,0,0,0.0
2020-11-07,2020-21,LaLiga,Huesca,Eibar,0,0,0,0.45,0.0,0,0.0,0,1,1,8,0,0,0,0.5
2020-11-07,2020-21,LaLiga,Barcelona,Betis,0,0,0,0.45,0.0,0,0.0,0,0,0,6,0,1,1,1.0
2020-11-07,2020-21,LaLiga,Sevilla,Osasuna,0,0,0,0.45,0.0,0,0.0,0,1,1,6,0,0,0,1.0
2020-11-07,2020-21,LaLiga,Ath Madrid,Cadiz,0,0,0,0.45,0.0,0,0.0,0,0,0,6,0,6,5,1.0
2020-11-07,2020-21,Bundesliga,Augsburg,Hertha,0,0,0,0.45,0.0,0,0.0,0,0,0,6,0,1,1,0.0
2020-11-07,2020-21,SerieA,Parma,Fiorentina,0,0,0,0.45,0.0,0,0.0,0,0,1,6,0,2,0,0.5
2020-11-07,2020-21,Bundesliga,Dortmund,Bayern Munich,0,0,0,0.45,0.0,0,0.0,0,0,0,6,0,4,4,0.0
2020-11-07,2020-21,Bundesliga,Union Berlin,Bielefeld,0,0,0,0.45,0.0,0,0.0,0,0,1,6,0,5,0,1.0
2020-11-07,2020-21,Bundesliga,Stuttgart,Ein Frankfurt,0,0,0,0.45,0.0,0,0.0,0,0,0,6,0,5,1,0.5
2020-11-07,2020-21,Bundesliga,RB Leipzig,Freiburg,0,0,0,0.45,0.0,0,0.0,0,1,1,6,0,0,0,1.0
2020-11-08,2020-21,LaLiga,Getafe,Villarreal,0,0,0,0.45,0.0,0,0.0,0,0,0,7,0,1,5,0.0
2020-11-08,2020-21,LaLiga,Valladolid,Ath Bilbao,0,0,0,0.45,0.0,0,0.0,0,1,0,8,0,0,1,1.0
2020-11-08,2020-21,LaLiga,Valencia,Real Madrid,0,0,0,0.45,0.0,0,0.0,0,0,0,8,0,1,2,1.0
2020-11-08,2020-21,Bundesliga,Leverkusen,M'gladbach,0,0,0,0.45,0.0,0,0.0,0,0,0,6,0,6,5,1.0
2020-11-08,2020-21,Bundesliga,Wolfsburg,Hoffenheim,0,0,0,0.45,0.0,0,0.0,0,0,1,6,0,6,0,1.0
2020-11-08,2020-21,LaLiga,Levante,Alaves,0,0,0,0.45,0.0,0,0.0,0,0,0,7,0,2,2,0.5
2020-11-08,2020-21,LaLiga,Sociedad,Granada,0,0,0,0.45,0.0,0,0.0,0,0,0,8,0,4,4,1.0
2020-11-08,2020-21,Ligue1,Lens,Reims,0,0,0,0.45,0.0,0,0.0,0,1,0,7,0,0,2,0.5
2020-11-08,2020-21,EPL,West Brom,Tottenham,0,0,0,0.45,0.0,0,0.0,0,1,0,7,0,0,6,0.0
2020-11-08,2020-21,Ligue1,Lorient,Nantes,0,0,0,0.45,0.0,0,0.0,0,0,1,9,0,1,0,0.0
2020-11-08,2020-21,Ligue1,Metz,Dijon,0,0,0,0.45,0.0,0,0.0,0,0,0,9,0,6,1,0.5
2020-11-08,2020-21,Ligue1,Nimes,Angers,0,0,0,0.45,0.0,0,0.0,0,1,1,9,0,0,0,0.0
2020-11-08,2020-21,Ligue1,Nice,Monaco,0,0,0,0.45,0.0,0,0.0,0,0,0,9,0,5,1,0.0
2020-11-08,2020-21,Ligue1,Lyon,St Etienne,0,0,0,0.45,0.0,0,0.0,0,0,1,9,0,6,0,1.0
2020-11-08,2020-21,SerieA,Atalanta,Inter,0,0,0,0.45,0.0,0,0.0,0,0,0,6,0,1,2,0.5
2020-11-08,2020-21,SerieA,Genoa,Roma,0,0,0,0.45,0.0,0,0.0,0,1,0,6,0,0,6,0.0
2020-11-08,2020-21,SerieA,Torino,Crotone,0,0,0,0.45,0.0,0,0.0,0,0,1,6,0,1,0,0.5
2020-11-08,2020-21,SerieA,Bologna,Napoli,0,0,0,0.45,0.0,0,0.0,0,0,1,6,0,1,0,0.0
2020-11-08,2020-21,SerieA,Milan,Verona,0,0,0,0.45,0.0,0,0.0,0,0,0,6,0,6,3,0.5
2020-11-08,2020-21,Ligue1,Brest,Lille,0,0,0,0.45,0.0,0,0.0,0,1,0,9,0,0,9,1.0
2020-11-08,2020-21,SerieA,Lazio,Juventus,0,0,0,0.45,0.0,0,0.0,0,0,0,6,0,2,5,0.5
2020-11-08,2020-21,EPL,Leicester,Wolves,0,0,0,0.45,0.0,0,0.0,0,0,0,7,0,2,4,1.0
2020-11-08,2020-21,EPL,Man City,Liverpool,0,0,0,0.45,0.0,0,0.0,0,0,0,6,0,4,3,0.5
2020-11-08,2020-21,EPL,Arsenal,Aston Villa,0,0,0,0.45,0.0,0,0.0,0,0,1,7,0,1,0,0.0
2020-11-20,2020-21,Ligue1,Rennes,Bordeaux,0,0,0,0.45,0.0,0,0.0,0,1,1,10,0,0,0,0.0
2020-11-20,2020-21,Ligue1,Monaco,Paris SG,0,0,0,0.45,0.0,0,0.0,0,0,0,10,0,2,8,1.0
2020-11-20,2020-21,LaLiga,Osasuna,Huesca,0,0,0,0.45,0.0,0,0.0,0,1,0,8,0,0,1,0.5
2020-11-21,2020-21,Bundesliga,Schalke 04,Wolfsburg,0,0,0,0.45,0.0,0,0.0,0,0,0,7,0,2,7,0.0
2020-11-21,2020-21,Bundesliga,Hertha,Dortmund,0,0,0,0.45,0.0,0,0.0,0,0,1,7,0,2,0,0.0
2020-11-21,2020-21,Bundesliga,Ein Frankfurt,RB Leipzig,0,0,0,0.45,0.0,0,0.0,0,0,0,7,0,2,1,0.5
2020-11-21,2020-21,SerieA,Crotone,Lazio,0,0,0,0.45,0.0,0,0.0,0,0,0,7,0,1,3,0.0
2020-11-21,2020-21,Bundesliga,M'gladbach,Augsburg,0,0,0,0.45,0.0,0,0.0,0,1,1,7,0,0,0,0.5
2020-11-21,2020-21,Bundesliga,Hoffenheim,Stuttgart,0,0,0,0.45,0.0,0,0.0,0,1,0,7,0,0,6,0.5
2020-11-21,2020-21,Bundesliga,Bielefeld,Leverkusen,0,0,0,0.45,0.0,0,0.0,0,1,0,7,0,0,7,0.0
2020-11-21,2020-21,Bundesliga,Bayern Munich,Werder Bremen,0,0,0,0.45,0.0,0,0.0,0,0,0,7,0,5,6,0.5
2020-11-21,2020-21,EPL,Man United,West Brom,0,0,0,0.45,0.0,0,0.0,0,0,1,7,0,1,0,1.0
2020-11-21,2020-21,EPL,Tottenham,Man City,0,0,0,0.45,0.0,0,0.0,0,0,0,8,0,7,5,1.0
2020-11-21,2020-21,LaLiga,Ath Madrid,Barcelona,0,0,0,0.45,0.0,0,0.0,0,0,0,7,0,7,2,1.0
2020-11-21,2020-21,LaLiga,Villarreal,Real Madrid,0,0,0,0.45,0.0,0,0.0,0,0,1,9,0,6,0,0.5
2020-11-21,2020-21,LaLiga,Levante,Elche,0,0,0,0.45,0.0,0,0.0,0,0,0,8,0,3,1,0.5
2020-11-21,2020-21,Ligue1,Brest,St Etienne,0,0,0,0.45,0.0,0,0.0,0,0,1,10,0,1,0,1.0
2020-11-21,2020-21,EPL,Aston Villa,Brighton,0,0,0,0.45,0.0,0,0.0,0,0,0,7,0,1,1,0.0
2020-11-21,2020-21,EPL,Newcastle,Chelsea,0,0,0,0.45,0.0,0,0.0,0,1,0,8,0,0,6,0.0
2020-11-21,2020-21,SerieA,Juventus,Cagliari,0,0,0,0.45,0.0,0,0.0,0,0,0,6,0,6,1,1.0
2020-11-21,2020-21,SerieA,Spezia,Atalanta,0,0,0,0.45,0.0,0,0.0,0,0,0,7,0,1,2,0.5
2020-11-21,2020-21,LaLiga,Sevilla,Celta,0,0,0,0.45,0.0,0,0.0,0,0,0,7,0,1,1,1.0
2020-11-22,2020-21,LaLiga,Eibar,Getafe,0,0,0,0.45,0.0,0,0.0,0,0,1,9,0,1,0,0.5
2020-11-22,2020-21,LaLiga,Cadiz,Sociedad,0,0,0,0.45,0.0,0,0.0,0,1,0,9,0,0,5,0.0
2020-11-22,2020-21,LaLiga,Granada,Valladolid,0,0,0,0.45,0.0,0,0.0,0,1,0,8,0,0,1,0.0
2020-11-22,2020-21,LaLiga,Alaves,Valencia,0,0,0,0.45,0.0,0,0.0,0,0,0,9,0,3,2,0.5
2020-11-22,2020-21,EPL,Sheffield United,West Ham,0,0,0,0.45,0.0,0,0.0,0,1,0,8,0,0,1,0.0
2020-11-22,2020-21,EPL,Fulham,Everton,0,0,0,0.45,0.0,0,0.0,0,1,1,8,0,0,0,0.0
2020-11-22,2020-21,SerieA,Fiorentina,Benevento,0,0,0,0.45,0.0,0,0.0,0,0,1,7,0,1,0,0.0
2020-11-22,2020-21,EPL,Liverpool,Leicester,0,0,0,0.45,0.0,0,0.0,0,0,0,8,0,4,3,1.0
2020-11-22,2020-21,EPL,Leeds,Arsenal,0,0,0,0.45,0.0,0,0.0,0,1,1,8,0,0,0,0.5
2020-11-22,2020-21,Bundesliga,FC Koln,Union Berlin,0,0,0,0.45,0.0,0,0.0,0,0,0,7,0,1,6,0.0
2020-11-22,2020-21,Ligue1,Nantes,Metz,0,0,0,0.45,0.0,0,0.0,0,0,0,9,0,1,7,0.5
2020-11-22,2020-21,Ligue1,Dijon,Lens,0,0,0,0.45,0.0,0,0.0,0,0,0,10,0,2,1,0.0
2020-11-22,2020-21,Ligue1,Montpellier,Strasbourg,0,0,0,0.45,0.0,0,0.0,0,0,1,10,0,2,0,1.0
2020-11-22,2020-21,Ligue1,Reims,Nimes,0,0,0,0.45,0.0,0,0.0,0,0,1,10,0,3,0,0.0
2020-11-22,2020-21,Ligue1,Angers,Lyon,0,0,0,0.45,0.0,0,0.0,0,0,0,10,0,1,7,0.0
2020-11-22,2020-21,Ligue1,Lille,Lorient,0,0,0,0.45,0.0,0,0.0,0,1,1,10,0,0,0,1.0
2020-11-22,2020-21,SerieA,Napoli,Milan,0,0,0,0.45,0.0,0,0.0,0,0,0,6,0,1,7,0.0
2020-11-22,2020-21,SerieA,Verona,Sassuolo,0,0,0,0.45,0.0,0,0.0,0,0,0,7,0,4,7,0.0
2020-11-22,2020-21,SerieA,Udinese,Genoa,0,0,0,0.45,0.0,0,0.0,0,0,1,7,0,1,0,1.0
2020-11-22,2020-21,SerieA,Sampdoria,Bologna,0,0,0,0.45,0.0,0,0.0,0,1,1,7,0,0,0,0.0
2020-11-22,2020-21,SerieA,Roma,Parma,0,0,0,0.45,0.0,0,0.0,0,0,0,7,0,7,3,1.0
2020-11-22,2020-21,SerieA,Inter,Torino,0,0,0,0.45,0.0,0,0.0,0,0,0,7,0,3,2,1.0
2020-11-22,2020-21,Bundesliga,Freiburg,Mainz,0,0,0,0.45,0.0,0,0.0,0,1,0,7,0,0,1,0.0
2020-11-23,2020-21,EPL,Burnley,Crystal Palace,0,0,0,0.45,0.0,0,0.0,0,0,0,7,0,1,1,1.0
2020-11-23,2020-21,LaLiga,Ath Bilbao,Betis,0,0,0,0.45,0.0,0,0.0,0,1,1,8,0,0,0,1.0
2020-11-23,2020-21,EPL,Wolves,Southampton,0,0,0,0.45,0.0,0,0.0,0,1,0,8,0,0,6,0.5
2020-11-25,2020-21,Ligue1,Lens,Nantes,0,0,0,0.45,0.0,0,0.0,0,0,0,9,0,2,2,0.5
2020-11-27,2020-21,LaLiga,Valladolid,Levante,0,0,0,0.45,0.0,0,0.0,0,0,0,10,0,2,4,0.5
2020-11-27,2020-21,Bundesliga,Wolfsburg,Werder Bremen,0,0,0,0.45,0.0,0,0.0,0,0,0,8,0,8,7,1.0
2020-11-27,2020-21,Ligue1,Strasbourg,Rennes,0,0,0,0.45,0.0,0,0.0,0,1,1,11,0,0,0,0.5
2020-11-27,2020-21,EPL,Crystal Palace,Newcastle,0,0,0,0.45,0.0,0,0.0,0,1,1,9,0,0,0,0.0
2020-11-28,2020-21,Bundesliga,Union Berlin,Ein Frankfurt,0,0,0,0.45,0.0,0,0.0,0,0,0,8,0,7,3,0.5
2020-11-28,2020-21,Bundesliga,M'gladbach,Schalke 04,0,0,0,0.45,0.0,0,0.0,0,0,1,8,0,1,0,1.0
2020-11-28,2020-21,LaLiga,Valencia,Ath Madrid,0,0,0,0.45,0.0,0,0.0,0,0,0,10,0,3,8,0.0
2020-11-28,2020-21,LaLiga,Huesca,Sevilla,0,0,0,0.45,0.0,0,0.0,0,0,0,10,0,2,2,0.0
2020-11-28,2020-21,EPL,Brighton,Liverpool,0,0,0,0.45,0.0,0,0.0,0,0,0,9,0,2,5,0.5
2020-11-28,2020-21,EPL,Man City,Burnley,0,0,0,0.45,0.0,0,0.0,0,1,0,8,0,0,2,1.0
2020-11-28,2020-21,EPL,Everton,Leeds,0,0,0,0.45,0.0,0,0.0,0,0,0,9,0,1,1,0.0
2020-11-28,2020-21,EPL,West Brom,Sheffield United,0,0,0,0.45,0.0,0,0.0,0,1,1,9,0,0,0,1.0
2020-11-28,2020-21,LaLiga,Elche,Cadiz,0,0,0,0.45,0.0,0,0.0,0,0,1,8,0,2,0,0.5
2020-11-28,2020-21,Ligue1,Paris SG,Bordeaux,0,0,0,0.45,0.0,0,0.0,0,1,0,11,0,0,1,0.5
2020-11-28,2020-21,Ligue1,Marseille,Nantes,0,0,0,0.45,0.0,0,0.0,0,0,0,9,0,6,3,1.0
2020-11-28,2020-21,Bundesliga,Augsburg,Freiburg,0,0,0,0.45,0.0,0,0.0,0,0,1,8,0,1,0,0.5
2020-11-28,2020-21,SerieA,Benevento,Juventus,0,0,0,0.45,0.0,0,0.0,0,0,0,8,0,1,7,0.5
2020-11-28,2020-21,SerieA,Sassuolo,Inter,0,0,0,0.45,0.0,0,0.0,0,0,0,8,0,8,4,0.0
2020-11-28,2020-21,Bundesliga,Dortmund,FC Koln,0,0,0,0.45,0.0,0,0.0,0,0,1,8,0,1,0,0.0
2020-11-28,2020-21,Bundesliga,RB Leipzig,Bielefeld,0,0,0,0.45,0.0,0,0.0,0,0,1,8,0,2,0,1.0
2020-11-28,2020-21,Bundesliga,Stuttgart,Bayern Munich,0,0,0,0.45,0.0,0,0.0,0,0,0,8,0,7,6,0.0
2020-11-28,2020-21,LaLiga,Real Madrid,Alaves,0,0,0,0.45,0.0,0,0.0,0,0,0,9,0,1,4,0.0
2020-11-28,2020-21,SerieA,Atalanta,Verona,0,0,0,0.45,0.0,0,0.0,0,0,1,8,0,3,0,0.0
2020-11-29,2020-21,Ligue1,Lyon,Reims,0,0,0,0.45,0.0,0,0.0,0,0,1,11,0,8,0,1.0
2020-11-29,2020-21,Ligue1,Lorient,Montpellier,0,0,0,0.45,0.0,0,0.0,0,1,0,11,0,0,3,0.0
2020-11-29,2020-21,Ligue1,Metz,Brest,0,0,0,0.45,0.0,0,0.0,0,0,0,11,0,8,2,0.0
2020-11-29,2020-21,Ligue1,Monaco,Nimes,0,0,0,0.45,0.0,0,0.0,0,0,0,11,0,3,1,1.0
2020-11-29,2020-21,Ligue1,Nice,Dijon,0,0,0,0.45,0.0,0,0.0,0,1,1,10,0,0,0,0.0
2020-11-29,2020-21,Ligue1,St Etienne,Lille,0,0,0,0.45,0.0,0,0.0,0,1,0,11,0,0,1,0.5
2020-11-29,2020-21,Ligue1,Lens,Angers,0,0,0,0.45,0.0,0,0.0,0,0,1,10,0,3,0,0.0
2020-11-29,2020-21,SerieA,Napoli,Roma,0,0,0,0.45,0.0,0,0.0,0,1,0,7,0,0,8,1.0
2020-11-29,2020-21,LaLiga,Getafe,Ath Bilbao,0,0,0,0.45,0.0,0,0.0,0,0,0,9,0,1,1,0.5
2020-11-29,2020-21,LaLiga,Celta,Granada,0,0,0,0.45,0.0,0,0.0,0,1,1,10,0,0,0,1.0
2020-11-29,2020-21,LaLiga,Sociedad,Villarreal,0,0,0,0.45,0.0,0,0.0,0,0,0,10,0,6,7,0.5
2020-11-29,2020-21,EPL,Chelsea,Tottenham,0,0,0,0.45,0.0,0,0.0,0,0,0,9,0,7,8,0.5
2020-11-29,2020-21,EPL,Southampton,Man United,0,0,0,0.45,0.0,0,0.0,0,0,0,9,0,7,2,0.0
2020-11-29,2020-21,LaLiga,Barcelona,Osasuna,0,0,0,0.45,0.0,0,0.0,0,1,0,8,0,0,1,1.0
2020-11-29,2020-21,EPL,Arsenal,Wolves,0,0,0,0.45,0.0,0,0.0,0,0,0,9,0,1,1,0.0
2020-11-29,2020-21,SerieA,Cagliari,Spezia,0,0,0,0.45,0.0,0,0.0,0,1,0,8,0,0,2,0.5
2020-11-29,2020-21,SerieA,Milan,Fiorentina,0,0,0,0.45,0.0,0,0.0,0,0,1,8,0,8,0,1.0
2020-11-29,2020-21,SerieA,Bologna,Crotone,0,0,0,0.45,0.0,0,0.0,0,0,1,8,0,1,0,1.0
2020-11-29,2020-21,SerieA,Lazio,Udinese,0,0,0,0.45,0.0,0,0.0,0,0,0,8,0,4,2,0.0
2020-11-29,2020-21,Bundesliga,Leverkusen,Hertha,0,0,0,0.45,0.0,0,0.0,0,0,1,8,0,8,0,0.5
2020-11-29,2020-21,Bundesliga,Mainz,Hoffenheim,0,0,0,0.45,0.0,0,0.0,0,0,0,8,0,2,1,0.5
2020-11-30,2020-21,EPL,West Ham,Aston Villa,0,0,0,0.45,0.0,0,0.0,0,0,1,9,0,2,0,1.0
2020-11-30,2020-21,EPL,Leicester,Fulham,0,0,0,0.45,0.0,0,0.0,0,1,1,9,0,0,0,0.0
2020-11-30,2020-21,SerieA,Torino,Sampdoria,0,0,0,0.45,0.0,0,0.0,0,1,1,8,0,0,0,0.5
2020-11-30,2020-21,LaLiga,Betis,Eibar,0,0,0,0.45,0.0,0,0.0,0,1,0,10,0,0,2,0.0
2020-11-30,2020-21,SerieA,Genoa,Parma,0,0,0,0.45,0.0,0,0.0,0,1,1,8,0,0,0,0.0
2020-12-04,2020-21,LaLiga,Ath Bilbao,Celta,0,0,0,0.45,0.0,0,0.0,0,0,0,10,0,2,1,0.0
2020-12-04,2020-21,Ligue1,Nimes,Marseille,0,0,0,0.45,0.0,0,0.0,0,1,0,12,0,0,7,0.0
2020-12-04,2020-21,Bundesliga,Hertha,Union Berlin,0,0,0,0.45,0.0,0,0.0,0,0,0,9,0,1,8,1.0
2020-12-05,2020-21,SerieA,Spezia,Lazio,0,0,0,0.45,0.0,0,0.0,0,0,1,9,0,3,0,0.0
2020-12-05,2020-21,EPL,Burnley,Everton,0,0,0,0.45,0.0,0,0.0,0,1,1,9,0,0,0,0.5
2020-12-05,2020-21,EPL,Man City,Fulham,0,0,0,0.45,0.0,0,0.0,0,0,0,9,0,1,1,1.0
2020-12-05,2020-21,EPL,West Ham,Man United,0,0,0,0.45,0.0,0,0.0,0,0,0,10,0,3,3,0.0
2020-12-05,2020-21,SerieA,Inter,Bologna,0,0,0,0.45,0.0,0,0.0,0,0,0,9,0,5,2,1.0
2020-12-05,2020-21,Bundesliga,Bayern Munich,RB Leipzig,0,0,0,0.45,0.0,0,0.0,0,0,0,9,0,7,3,0.5
2020-12-05,2020-21,Bundesliga,Freiburg,M'gladbach,0,0,0,0.45,0.0,0,0.0,0,0,0,9,0,1,2,0.5
2020-12-05,2020-21,Bundesliga,FC Koln,Wolfsburg,0,0,0,0.45,0.0,0,0.0,0,0,0,9,0,1,9,0.5
2020-12-05,2020-21,Bundesliga,Ein Frankfurt,Dortmund,0,0,0,0.45,0.0,0,0.0,0,0,1,9,0,4,0,0.5
2020-12-05,2020-21,EPL,Chelsea,Leeds,0,0,0,0.45,0.0,0,0.0,0,0,0,10,0,8,2,1.0
2020-12-05,2020-21,Bundesliga,Bielefeld,Mainz,0,0,0,0.45,0.0,0,0.0,0,1,0,9,0,0,3,1.0
2020-12-05,2020-21,SerieA,Juventus,Torino,0,0,0,0.45,0.0,0,0.0,0,0,0,8,0,8,1,1.0
2020-12-05,2020-21,Ligue1,Montpellier,Paris SG,0,0,0,0.45,0.0,0,0.0,0,0,0,12,0,4,1,0.0
2020-12-05,2020-21,LaLiga,Cadiz,Barcelona,0,0,0,0.45,0.0,0,0.0,0,0,0,11,0,1,1,1.0
2020-12-05,2020-21,Ligue1,Rennes,Lens,0,0,0,0.45,0.0,0,0.0,0,0,1,12,0,1,0,0.0
2020-12-05,2020-21,LaLiga,Sevilla,Real Madrid,0,0,0,0.45,0.0,0,0.0,0,0,1,9,0,3,0,0.0
2020-12-05,2020-21,LaLiga,Levante,Getafe,0,0,0,0.45,0.0,0,0.0,0,0,0,10,0,5,2,1.0
2020-12-05,2020-21,LaLiga,Ath Madrid,Valladolid,0,0,0,0.45,0.0,0,0.0,0,0,0,9,0,9,3,1.0
2020-12-06,2020-21,SerieA,Crotone,Napoli,0,0,0,0.45,0.0,0,0.0,0,1,0,9,0,0,1,0.0
2020-12-06,2020-21,SerieA,Roma,Sassuolo,0,0,0,0.45,0.0,0,0.0,0,1,1,9,0,0,0,0.5
2020-12-06,2020-21,SerieA,Parma,Benevento,0,0,0,0.45,0.0,0,0.0,0,0,0,9,0,1,2,0.5
2020-12-06,2020-21,SerieA,Verona,Cagliari,0,0,0,0.45,0.0,0,0.0,0,0,0,9,0,1,1,0.5
2020-12-06,2020-21,LaLiga,Granada,Huesca,0,0,0,0.45,0.0,0,0.0,0,1,1,10,0,0,0,0.5
2020-12-06,2020-21,LaLiga,Osasuna,Betis,0,0,0,0.45,0.0,0,0.0,0,1,1,10,0,0,0,0.0
2020-12-06,2020-21,LaLiga,Villarreal,Elche,0,0,0,0.45,0.0,0,0.0,0,0,0,11,0,8,3,0.5
2020-12-06,2020-21,LaLiga,Alaves,Sociedad,0,0,0,0.45,0.0,0,0.0,0,0,0,11,0,5,7,0.5
2020-12-06,2020-21,Ligue1,Metz,Lyon,0,0,0,0.45,0.0,0,0.0,0,1,0,12,0,0,9,0.0
2020-12-06,2020-21,Ligue1,Reims,Nice,0,0,0,0.45,0.0,0,0.0,0,1,1,12,0,0,0,0.5
2020-12-06,2020-21,SerieA,Sampdoria,Milan,0,0,0,0.45,0.0,0,0.0,0,0,0,9,0,1,9,0.0
2020-12-06,2020-21,Bundesliga,Schalke 04,Leverkusen,0,0,0,0.45,0.0,0,0.0,0,1,0,9,0,0,9,0.0
2020-12-06,2020-21,Bundesliga,Werder Bremen,Stuttgart,0,0,0,0.45,0.0,0,0.0,0,1,1,9,0,0,0,0.0
2020-12-06,2020-21,EPL,Liverpool,Wolves,0,0,0,0.45,0.0,0,0.0,0,0,0,10,0,6,2,1.0
2020-12-06,2020-21,Ligue1,Dijon,St Etienne,0,0,0,0.45,0.0,0,0.0,0,0,0,12,0,1,1,0.5
2020-12-06,2020-21,EPL,Tottenham,Arsenal,0,0,0,0.45,0.0,0,0.0,0,0,1,10,0,9,0,1.0
2020-12-06,2020-21,EPL,Sheffield United,Leicester,0,0,0,0.45,0.0,0,0.0,0,1,1,10,0,0,0,0.0
2020-12-06,2020-21,Ligue1,Bordeaux,Brest,0,0,0,0.45,0.0,0,0.0,0,0,0,12,0,2,3,1.0
2020-12-06,2020-21,EPL,West Brom,Crystal Palace,0,0,0,0.45,0.0,0,0.0,0,0,1,10,0,1,0,0.0
2020-12-06,2020-21,Ligue1,Angers,Lorient,0,0,0,0.45,0.0,0,0.0,0,0,1,12,0,1,0,1.0
2020-12-06,2020-21,Ligue1,Lille,Monaco,0,0,0,0.45,0.0,0,0.0,0,0,0,12,0,2,4,1.0
2020-12-06,2020-21,Ligue1,Nantes,Strasbourg,0,0,0,0.45,0.0,0,0.0,0,1,0,12,0,0,1,0.0
2020-12-07,2020-21,LaLiga,Eibar,Valencia,0,0,0,0.45,0.0,0,0.0,0,0,1,11,0,3,0,0.5
2020-12-07,2020-21,SerieA,Fiorentina,Genoa,0,0,0,0.45,0.0,0,0.0,0,1,1,9,0,0,0,0.5
2020-12-07,2020-21,Bundesliga,Hoffenheim,Augsburg,0,0,0,0.45,0.0,0,0.0,0,0,0,9,0,2,2,1.0
2020-12-07,2020-21,EPL,Brighton,Southampton,0,0,0,0.45,0.0,0,0.0,0,0,1,10,0,3,0,0.0
2020-12-11,2020-21,Ligue1,St Etienne,Angers,0,0,0,0.45,0.0,0,0.0,0,0,0,13,0,2,2,0.5
2020-12-11,2020-21,EPL,Leeds,West Ham,0,0,0,0.45,0.0,0,0.0,0,1,1,11,0,0,0,0.0
2020-12-11,2020-21,LaLiga,Valladolid,Osasuna,0,0,0,0.45,0.0,0,0.0,0,1,1,12,0,0,0,1.0
2020-12-11,2020-21,SerieA,Sassuolo,Benevento,0,0,0,0.45,0.0,0,0.0,0,0,0,10,0,1,3,1.0
2020-12-11,2020-21,Bundesliga,Wolfsburg,Ein Frankfurt,0,0,0,0.45,0.0,0,0.0,0,0,0,10,0,10,5,1.0
2020-12-12,2020-21,Bundesliga,Dortmund,Stuttgart,0,0,0,0.45,0.0,0,0.0,0,0,0,10,0,1,1,0.0
2020-12-12,2020-21,Bundesliga,Freiburg,Bielefeld,0,0,0,0.45,0.0,0,0.0,0,0,0,10,0,2,1,1.0
2020-12-12,2020-21,EPL,Man United,Man City,0,0,0,0.45,0.0,0,0.0,0,0,0,10,0,4,2,0.5
2020-12-12,2020-21,EPL,Everton,Chelsea,0,0,0,0.45,0.0,0,0.0,0,0,0,11,0,1,9,1.0
2020-12-12,2020-21,Ligue1,Lens,Montpellier,0,0,0,0.45,0.0,0,0.0,0,0,1,12,0,1,0,0.0
2020-12-12,2020-21,Ligue1,Marseille,Monaco,0,0,0,0.45,0.0,0,0.0,0,0,1,11,0,8,0,1.0
2020-12-12,2020-21,Bundesliga,Union Berlin,Bayern Munich,0,0,0,0.45,0.0,0,0.0,0,1,0,10,0,0,8,0.5
2020-12-12,2020-21,Bundesliga,M'gladbach,Hertha,0,0,0,0.45,0.0,0,0.0,0,0,0,10,0,3,2,0.5
2020-12-12,2020-21,Bundesliga,Mainz,FC Koln,0,0,0,0.45,0.0,0,0.0,0,1,0,10,0,0,2,0.0
2020-12-12,2020-21,EPL,Wolves,Aston Villa,0,0,0,0.45,0.0,0,0.0,0,1,1,11,0,0,0,0.0
2020-12-12,2020-21,EPL,Newcastle,West Brom,0,0,0,0.45,0.0,0,0.0,0,0,1,10,0,1,0,1.0
2020-12-12,2020-21,Bundesliga,RB Leipzig,Werder Bremen,0,0,0,0.45,0.0,0,0.0,0,0,1,10,0,4,0,1.0
2020-12-12,2020-21,SerieA,Torino,Udinese,0,0,0,0.45,0.0,0,0.0,0,1,0,10,0,0,3,0.0
2020-12-12,2020-21,LaLiga,Real Madrid,Ath Madrid,0,0,0,0.45,0.0,0,0.0,0,0,0,11,0,1,10,1.0
2020-12-12,2020-21,LaLiga,Huesca,Alaves,0,0,0,0.45,0.0,0,0.0,0,0,0,12,0,1,6,1.0
2020-12-12,2020-21,SerieA,Crotone,Spezia,0,0,0,0.45,0.0,0,0.0,0,1,1,10,0,0,0,1.0
2020-12-12,2020-21,LaLiga,Valencia,Ath Bilbao,0,0,0,0.45,0.0,0,0.0,0,0,1,12,0,1,0,0.5
2020-12-12,2020-21,LaLiga,Getafe,Sevilla,0,0,0,0.45,0.0,0,0.0,0,1,1,11,0,0,0,0.0
2020-12-12,2020-21,SerieA,Lazio,Verona,0,0,0,0.45,0.0,0,0.0,0,0,0,10,0,1,2,0.0
2020-12-13,2020-21,SerieA,Napoli,Sampdoria,0,0,0,0.45,0.0,0,0.0,0,0,1,9,0,2,0,1.0
2020-12-13,2020-21,EPL,Leicester,Brighton,0,0,0,0.45,0.0,0,0.0,0,0,1,11,0,1,0,1.0
2020-12-13,2020-21,EPL,Arsenal,Burnley,0,0,0,0.45,0.0,0,0.0,0,1,0,11,0,0,1,0.0
2020-12-13,2020-21,EPL,Fulham,Liverpool,0,0,0,0.45,0.0,0,0.0,0,1,0,11,0,0,7,0.5
2020-12-13,2020-21,EPL,Crystal Palace,Tottenham,0,0,0,0.45,0.0,0,0.0,0,0,0,11,0,1,10,0.5
2020-12-13,2020-21,EPL,Southampton,Sheffield United,0,0,0,0.45,0.0,0,0.0,0,0,1,11,0,1,0,1.0
2020-12-13,2020-21,Bundesliga,Leverkusen,Hoffenheim,0,0,0,0.45,0.0,0,0.0,0,0,0,10,0,10,3,1.0
2020-12-13,2020-21,Bundesliga,Augsburg,Schalke 04,0,0,0,0.45,0.0,0,0.0,0,1,1,10,0,0,0,0.5
2020-12-13,2020-21,LaLiga,Barcelona,Levante,0,0,0,0.45,0.0,0,0.0,0,1,0,10,0,0,6,1.0
2020-12-13,2020-21,LaLiga,Elche,Granada,0,0,0,0.45,0.0,0,0.0,0,0,0,10,0,4,1,0.0
2020-12-13,2020-21,LaLiga,Betis,Villarreal,0,0,0,0.45,0.0,0,0.0,0,0,0,12,0,1,9,0.5
2020-12-13,2020-21,SerieA,Bologna,Roma,0,0,0,0.45,0.0,0,0.0,0,1,0,10,0,0,1,0.0
2020-12-13,2020-21,LaLiga,Sociedad,Eibar,0,0,0,0.45,0.0,0,0.0,0,0,0,12,0,8,4,0.5
2020-12-13,2020-21,SerieA,Cagliari,Inter,0,0,0,0.45,0.0,0,0.0,0,0,0,10,0,2,6,0.0
2020-12-13,2020-21,SerieA,Atalanta,Fiorentina,0,0,0,0.45,0.0,0,0.0,0,1,0,9,0,0,1,1.0
2020-12-13,2020-21,Ligue1,Nice,Rennes,0,0,0,0.45,0.0,0,0.0,0,0,1,12,0,1,0,0.0
2020-12-13,2020-21,Ligue1,Brest,Reims,0,0,0,0.45,0.0,0,0.0,0,1,0,13,0,0,1,1.0
2020-12-13,2020-21,Ligue1,Lorient,Nimes,0,0,0,0.45,0.0,0,0.0,0,1,1,13,0,0,0,1.0
2020-12-13,2020-21,Ligue1,Nantes,Dijon,0,0,0,0.45,0.0,0,0.0,0,1,0,13,0,0,2,0.5
2020-12-13,2020-21,Ligue1,Strasbourg,Metz,0,0,0,0.45,0.0,0,0.0,0,0,1,13,0,2,0,0.5
2020-12-13,2020-21,Ligue1,Lille,Bordeaux,0,0,0,0.45,0.0,0,0.0,0,0,0,13,0,3,3,1.0
2020-12-13,2020-21,SerieA,Milan,Parma,0,0,0,0.45,0.0,0,0.0,0,0,0,10,0,10,2,0.5
2020-12-13,2020-21,SerieA,Genoa,Juventus,0,0,0,0.45,0.0,0,0.0,0,0,0,10,0,1,9,0.0
2020-12-13,2020-21,Ligue1,Paris SG,Lyon,0,0,0,0.45,0.0,0,0.0,0,0,0,13,0,2,10,0.0
2020-12-14,2020-21,LaLiga,Celta,Cadiz,0,0,0,0.45,0.0,0,0.0,0,0,0,12,0,2,2,1.0
2020-12-15,2020-21,LaLiga,Real Madrid,Ath Bilbao,0,0,0,0.45,0.0,0,0.0,0,0,0,12,0,2,1,1.0
2020-12-15,2020-21,EPL,Man City,West Brom,0,0,0,0.45,0.0,0,0.0,0,0,1,11,0,3,0,0.5
2020-12-15,2020-21,EPL,Wolves,Chelsea,0,0,0,0.45,0.0,0,0.0,0,1,1,12,0,0,0,1.0
2020-12-15,2020-21,Bundesliga,Hertha,Mainz,0,0,0,0.45,0.0,0,0.0,0,0,1,11,0,3,0,0.5
2020-12-15,2020-21,Bundesliga,Werder Bremen,Dortmund,0,0,0,0.45,0.0,0,0.0,0,1,1,11,0,0,0,0.0
2020-12-15,2020-21,Bundesliga,Stuttgart,Union Berlin,0,0,0,0.45,0.0,0,0.0,0,0,0,11,0,2,1,0.5
2020-12-15,2020-21,Bundesliga,Ein Frankfurt,M'gladbach,0,0,0,0.45,0.0,0,0.0,0,1,0,11,0,0,4,0.5
2020-12-15,2020-21,SerieA,Benevento,Lazio,0,0,0,0.45,0.0,0,0.0,0,1,1,11,0,0,0,0.5
2020-12-15,2020-21,SerieA,Udinese,Crotone,0,0,0,0.45,0.0,0,0.0,0,0,0,10,0,4,1,0.5
2020-12-16,2020-21,Bundesliga,Schalke 04,Freiburg,0,0,0,0.45,0.0,0,0.0,0,0,0,11,0,1,3,0.0
2020-12-16,2020-21,SerieA,Spezia,Bologna,0,0,0,0.45,0.0,0,0.0,0,1,1,11,0,0,0,0.5
2020-12-16,2020-21,Ligue1,Rennes,Marseille,0,0,0,0.45,0.0,0,0.0,0,0,0,14,0,1,9,1.0
2020-12-16,2020-21,Ligue1,Paris SG,Lorient,0,0,0,0.45,0.0,0,0.0,0,1,0,14,0,0,1,1.0
2020-12-16,2020-21,Ligue1,Monaco,Lens,0,0,0,0.45,0.0,0,0.0,0,1,1,14,0,0,0,0.0
2020-12-16,2020-21,Ligue1,Lyon,Brest,0,0,0,0.45,0.0,0,0.0,0,0,0,14,0,11,1,0.5
2020-12-16,2020-21,Ligue1,Bordeaux,St Etienne,0,0,0,0.45,0.0,0,0.0,0,1,0,14,0,0,3,0.0
2020-12-16,2020-21,Ligue1,Reims,Nantes,0,0,0,0.45,0.0,0,0.0,0,1,0,14,0,0,1,1.0
2020-12-16,2020-21,Ligue1,Nimes,Nice,0,0,0,0.45,0.0,0,0.0,0,1,1,14,0,0,0,0.0
2020-12-16,2020-21,Ligue1,Montpellier,Metz,0,0,0,0.45,0.0,0,0.0,0,0,0,14,0,1,1,0.0
2020-12-16,2020-21,Ligue1,Dijon,Lille,0,0,0,0.45,0.0,0,0.0,0,0,0,14,0,3,4,0.0
2020-12-16,2020-21,Ligue1,Angers,Strasbourg,0,0,0,0.45,0.0,0,0.0,0,0,0,14,0,3,3,0.0
2020-12-16,2020-21,Bundesliga,FC Koln,Leverkusen,0,0,0,0.45,0.0,0,0.0,0,0,0,11,0,3,11,0.0
2020-12-16,2020-21,SerieA,Juventus,Atalanta,0,0,0,0.45,0.0,0,0.0,0,0,0,10,0,10,1,0.5
2020-12-16,2020-21,LaLiga,Barcelona,Sociedad,0,0,0,0.45,0.0,0,0.0,0,0,0,11,0,1,9,1.0
2020-12-16,2020-21,SerieA,Fiorentina,Sassuolo,0,0,0,0.45,0.0,0,0.0,0,1,0,11,0,0,2,0.5
2020-12-16,2020-21,SerieA,Genoa,Milan,0,0,0,0.45,0.0,0,0.0,0,1,0,11,0,0,11,0.5
2020-12-16,2020-21,SerieA,Inter,Napoli,0,0,0,0.45,0.0,0,0.0,0,0,0,11,0,7,3,1.0
2020-12-16,2020-21,SerieA,Verona,Sampdoria,0,0,0,0.45,0.0,0,0.0,0,0,1,11,0,3,0,0.0
2020-12-16,2020-21,Bundesliga,Bayern Munich,Wolfsburg,0,0,0,0.45,0.0,0,0.0,0,0,0,11,0,9,11,1.0
2020-12-16,2020-21,Bundesliga,Bielefeld,Augsburg,0,0,0,0.45,0.0,0,0.0,0,1,0,11,0,0,1,0.0
2020-12-16,2020-21,Bundesliga,Hoffenheim,RB Leipzig,0,0,0,0.45,0.0,0,0.0,0,1,0,11,0,0,5,0.0
2020-12-16,2020-21,EPL,Leeds,Newcastle,0,0,0,0.45,0.0,0,0.0,0,1,0,12,0,0,2,1.0
2020-12-16,2020-21,EPL,Arsenal,Southampton,0,0,0,0.45,0.0,0,0.0,0,1,0,12,0,0,2,0.5
2020-12-16,2020-21,EPL,West Ham,Crystal Palace,0,0,0,0.45,0.0,0,0.0,0,0,0,12,0,1,2,0.5
2020-12-16,2020-21,SerieA,Parma,Cagliari,0,0,0,0.45,0.0,0,0.0,0,0,1,11,0,3,0,0.5
2020-12-16,2020-21,EPL,Fulham,Brighton,0,0,0,0.45,0.0,0,0.0,0,0,1,12,0,1,0,0.5
2020-12-16,2020-21,EPL,Leicester,Everton,0,0,0,0.45,0.0,0,0.0,0,0,0,12,0,2,2,0.0
2020-12-16,2020-21,EPL,Liverpool,Tottenham,0,0,0,0.45,0.0,0,0.0,0,0,0,12,0,8,11,1.0
2020-12-17,2020-21,EPL,Aston Villa,Burnley,0,0,0,0.45,0.0,0,0.0,0,0,0,10,0,1,2,0.5
2020-12-17,2020-21,EPL,Sheffield United,Man United,0,0,0,0.45,0.0,0,0.0,0,1,0,12,0,0,5,0.0
2020-12-17,2020-21,SerieA,Roma,Torino,0,0,0,0.45,0.0,0,0.0,0,0,1,11,0,2,0,1.0
2020-12-18,2020-21,Bundesliga,Union Berlin,Dortmund,0,0,0,0.45,0.0,0,0.0,0,0,0,12,0,2,1,1.0
2020-12-18,2020-21,LaLiga,Ath Bilbao,Huesca,0,0,0,0.45,0.0,0,0.0,0,1,0,13,0,0,2,1.0
2020-12-19,2020-21,LaLiga,Levante,Sociedad,0,0,0,0.45,0.0,0,0.0,0,1,1,12,0,0,0,1.0
2020-12-19,2020-21,LaLiga,Barcelona,Valencia,0,0,0,0.45,0.0,0,0.0,0,0,0,12,0,2,2,0.5
2020-12-19,2020-21,LaLiga,Ath Madrid,Elche,0,0,0,0.45,0.0,0,0.0,0,1,1,11,0,0,0,1.0
2020-12-19,2020-21,Bundesliga,Mainz,Werder Bremen,0,0,0,0.45,0.0,0,0.0,0,0,1,12,0,1,0,0.0
2020-12-19,2020-21,Bundesliga,M'gladbach,Hoffenheim,0,0,0,0.45,0.0,0,0.0,0,0,1,12,0,5,0,0.0
2020-12-19,2020-21,Bundesliga,Augsburg,Ein Frankfurt,0,0,0,0.45,0.0,0,0.0,0,0,0,12,0,2,1,0.0
2020-12-19,2020-21,SerieA,Parma,Juventus,0,0,0,0.45,0.0,0,0.0,0,0,0,12,0,4,11,0.0
2020-12-19,2020-21,SerieA,Sampdoria,Crotone,0,0,0,0.45,0.0,0,0.0,0,0,0,12,0,1,2,1.0
2020-12-19,2020-21,SerieA,Fiorentina,Verona,0,0,0,0.45,0.0,0,0.0,0,0,1,12,0,1,0,0.5
2020-12-19,2020-21,Bundesliga,RB Leipzig,FC Koln,0,0,0,0.45,0.0,0,0.0,0,0,1,12,0,6,0,0.5
2020-12-19,2020-21,LaLiga,Osasuna,Villarreal,0,0,0,0.45,0.0,0,0.0,0,1,0,12,0,0,10,0.0
2020-12-19,2020-21,Bundesliga,Schalke 04,Bielefeld,0,0,0,0.45,0.0,0,0.0,0,1,1,12,0,0,0,0.0
2020-12-19,2020-21,Bundesliga,Leverkusen,Bayern Munich,0,0,0,0.45,0.0,0,0.0,0,0,0,12,0,12,10,0.0
2020-12-19,2020-21,Ligue1,Nice,Lyon,0,0,0,0.45,0.0,0,0.0,0,0,0,14,0,1,12,0.0
2020-12-19,2020-21,Ligue1,Marseille,Reims,0,0,0,0.45,0.0,0,0.0,0,1,0,13,0,0,1,0.5
2020-12-19,2020-21,Ligue1,Metz,Lens,0,0,0,0.45,0.0,0,0.0,0,0,0,15,0,2,1,1.0
2020-12-19,2020-21,EPL,Newcastle,Fulham,0,0,0,0.45,0.0,0,0.0,0,1,0,12,0,0,2,0.5
2020-12-19,2020-21,EPL,Everton,Arsenal,0,0,0,0.45,0.0,0,0.0,0,0,0,13,0,3,1,1.0
2020-12-19,2020-21,EPL,Southampton,Man City,0,0,0,0.45,0.0,0,0.0,0,0,0,13,0,3,4,0.0
2020-12-19,2020-21,EPL,Crystal Palace,Liverpool,0,0,0,0.45,0.0,0,0.0,0,0,0,13,0,3,9,0.0
2020-12-19,2020-21,LaLiga,Sevilla,Valladolid,0,0,0,0.45,0.0,0,0.0,0,0,0,11,0,1,1,0.5
2020-12-20,2020-21,Ligue1,St Etienne,Nimes,0,0,0,0.45,0.0,0,0.0,0,0,1,15,0,4,0,0.5
2020-12-20,2020-21,Ligue1,Lorient,Rennes,0,0,0,0.45,0.0,0,0.0,0,1,0,15,0,0,2,0.0
2020-12-20,2020-21,Ligue1,Nantes,Angers,0,0,0,0.45,0.0,0,0.0,0,1,1,15,0,0,0,0.5
2020-12-20,2020-21,Ligue1,Dijon,Monaco,0,0,0,0.45,0.0,0,0.0,0,1,1,15,0,0,0,0.0
2020-12-20,2020-21,Ligue1,Brest,Montpellier,0,0,0,0.45,0.0,0,0.0,0,0,1,15,0,2,0,0.5
2020-12-20,2020-21,Ligue1,Strasbourg,Bordeaux,0,0,0,0.45,0.0,0,0.0,0,0,1,15,0,4,0,0.0
2020-12-20,2020-21,LaLiga,Eibar,Real Madrid,0,0,0,0.45,0.0,0,0.0,0,0,0,13,0,5,3,0.0
2020-12-20,2020-21,SerieA,Benevento,Genoa,0,0,0,0.45,0.0,0,0.0,0,0,0,12,0,1,1,1.0
2020-12-20,2020-21,Bundesliga,Freiburg,Hertha,0,0,0,0.45,0.0,0,0.0,0,0,0,12,0,4,4,1.0
2020-12-20,2020-21,Bundesliga,Wolfsburg,Stuttgart,0,0,0,0.45,0.0,0,0.0,0,1,0,12,0,0,3,1.0
2020-12-20,2020-21,EPL,West Brom,Aston Villa,0,0,0,0.45,0.0,0,0.0,0,0,0,13,0,1,2,0.0
2020-12-20,2020-21,EPL,Man United,Leeds,0,0,0,0.45,0.0,0,0.0,0,0,0,12,0,6,1,1.0
2020-12-20,2020-21,EPL,Tottenham,Leicester,0,0,0,0.45,0.0,0,0.0,0,1,1,13,0,0,0,0.0
2020-12-20,2020-21,EPL,Brighton,Sheffield United,0,0,0,0.45,0.0,0,0.0,0,0,1,13,0,1,0,0.5
2020-12-20,2020-21,SerieA,Inter,Spezia,0,0,0,0.45,0.0,0,0.0,0,0,0,12,0,8,1,1.0
2020-12-20,2020-21,SerieA,Sassuolo,Milan,0,0,0,0.45,0.0,0,0.0,0,0,0,12,0,3,12,0.0
2020-12-20,2020-21,SerieA,Atalanta,Roma,0,0,0,0.45,0.0,0,0.0,0,0,0,11,0,2,3,1.0
2020-12-20,2020-21,SerieA,Torino,Bologna,0,0,0,0.45,0.0,0,0.0,0,1,0,12,0,0,1,0.5
2020-12-20,2020-21,SerieA,Lazio,Napoli,0,0,0,0.45,0.0,0,0.0,0,0,1,12,0,1,0,1.0
2020-12-20,2020-21,LaLiga,Cadiz,Getafe,0,0,0,0.45,0.0,0,0.0,0,1,1,13,0,0,0,0.0
2020-12-20,2020-21,LaLiga,Granada,Betis,0,0,0,0.45,0.0,0,0.0,0,0,0,12,0,2,2,1.0
2020-12-20,2020-21,LaLiga,Celta,Alaves,0,0,0,0.45,0.0,0,0.0,0,0,1,13,0,3,0,1.0
2020-12-20,2020-21,SerieA,Cagliari,Udinese,0,0,0,0.45,0.0,0,0.0,0,0,0,12,0,1,5,0.5
2020-12-20,2020-21,Ligue1,Lille,Paris SG,0,0,0,0.45,0.0,0,0.0,0,0,0,15,0,5,1,0.5
2020-12-21,2020-21,EPL,Burnley,Wolves,0,0,0,0.45,0.0,0,0.0,0,0,0,12,0,3,1,1.0
2020-12-21,2020-21,EPL,Chelsea,West Ham,0,0,0,0.45,0.0,0,0.0,0,1,0,13,0,0,2,1.0
2020-12-22,2020-21,SerieA,Juventus,Fiorentina,0,0,0,0.45,0.0,0,0.0,0,0,0,12,0,12,2,0.0
2020-12-22,2020-21,LaLiga,Villarreal,Ath Bilbao,0,0,0,0.45,0.0,0,0.0,0,0,0,14,0,11,1,0.5
2020-12-22,2020-21,LaLiga,Valladolid,Barcelona,0,0,0,0.45,0.0,0,0.0,0,0,0,14,0,2,3,0.0
2020-12-22,2020-21,LaLiga,Huesca,Levante,0,0,0,0.45,0.0,0,0.0,0,1,0,14,0,0,1,0.5
2020-12-22,2020-21,LaLiga,Valencia,Sevilla,0,0,0,0.45,0.0,0,0.0,0,0,0,14,0,3,2,0.0
2020-12-22,2020-21,LaLiga,Elche,Osasuna,0,0,0,0.45,0.0,0,0.0,0,1,1,12,0,0,0,0.5
2020-12-22,2020-21,SerieA,Crotone,Parma,0,0,0,0.45,0.0,0,0.0,0,1,1,13,0,0,0,1.0
2020-12-22,2020-21,LaLiga,Sociedad,Ath Madrid,0,0,0,0.45,0.0,0,0.0,0,1,0,15,0,0,1,0.0
2020-12-23,2020-21,Ligue1,Rennes,Metz,0,0,0,0.45,0.0,0,0.0,0,0,0,16,0,3,3,1.0
2020-12-23,2020-21,Ligue1,Angers,Marseille,0,0,0,0.45,0.0,0,0.0,0,0,0,16,0,1,1,1.0
2020-12-23,2020-21,Ligue1,Lyon,Nantes,0,0,0,0.45,0.0,0,0.0,0,0,0,16,0,13,1,1.0
2020-12-23,2020-21,Ligue1,Monaco,St Etienne,0,0,0,0.45,0.0,0,0.0,0,0,0,16,0,1,5,0.5
2020-12-23,2020-21,Ligue1,Montpellier,Lille,0,0,0,0.45,0.0,0,0.0,0,0,0,16,0,1,6,0.0
2020-12-23,2020-21,SerieA,Udinese,Benevento,0,0,0,0.45,0.0,0,0.0,0,0,0,12,0,6,2,0.0
2020-12-23,2020-21,SerieA,Spezia,Genoa,0,0,0,0.45,0.0,0,0.0,0,1,1,13,0,0,0,0.0
2020-12-23,2020-21,SerieA,Sampdoria,Sassuolo,0,0,0,0.45,0.0,0,0.0,0,0,1,13,0,2,0,0.0
2020-12-23,2020-21,SerieA,Roma,Cagliari,0,0,0,0.45,0.0,0,0.0,0,1,0,13,0,0,2,1.0
2020-12-23,2020-21,SerieA,Napoli,Torino,0,0,0,0.45,0.0,0,0.0,0,1,0,12,0,0,1,0.5
2020-12-23,2020-21,SerieA,Milan,Lazio,0,0,0,0.45,0.0,0,0.0,0,0,0,13,0,13,2,1.0
2020-12-23,2020-21,SerieA,Bologna,Atalanta,0,0,0,0.45,0.0,0,0.0,0,0,0,13,0,2,3,0.5
2020-12-23,2020-21,SerieA,Verona,Inter,0,0,0,0.45,0.0,0,0.0,0,0,0,13,0,1,9,0.0
2020-12-23,2020-21,LaLiga,Getafe,Celta,0,0,0,0.45,0.0,0,0.0,0,0,0,13,0,1,4,0.5
2020-12-23,2020-21,LaLiga,Betis,Cadiz,0,0,0,0.45,0.0,0,0.0,0,1,1,14,0,0,0,1.0
2020-12-23,2020-21,Ligue1,Nimes,Dijon,0,0,0,0.45,0.0,0,0.0,0,0,1,16,0,1,0,0.0
2020-12-23,2020-21,Ligue1,Nice,Lorient,0,0,0,0.45,0.0,0,0.0,0,1,1,15,0,0,0,0.5
2020-12-23,2020-21,Ligue1,Lens,Brest,0,0,0,0.45,0.0,0,0.0,0,1,0,15,0,0,3,1.0
2020-12-23,2020-21,Ligue1,Bordeaux,Reims,0,0,0,0.45,0.0,0,0.0,0,0,0,16,0,1,2,0.0
2020-12-23,2020-21,Ligue1,Paris SG,Strasbourg,0,0,0,0.45,0.0,0,0.0,0,0,1,16,0,2,0,1.0
2020-12-23,2020-21,LaLiga,Alaves,Eibar,0,0,0,0.45,0.0,0,0.0,0,1,1,14,0,0,0,1.0
2020-12-23,2020-21,LaLiga,Real Madrid,Granada,0,0,0,0.45,0.0,0,0.0,0,0,0,14,0,4,3,1.0
2020-12-26,2020-21,EPL,Leicester,Man United,0,0,0,0.45,0.0,0,0.0,0,0,0,14,0,1,7,0.5
2020-12-26,2020-21,EPL,Sheffield United,Everton,0,0,0,0.45,0.0,0,0.0,0,0,0,14,0,1,4,0.0
2020-12-26,2020-21,EPL,Man City,Newcastle,0,0,0,0.45,0.0,0,0.0,0,0,0,13,0,5,1,1.0
2020-12-26,2020-21,EPL,Arsenal,Chelsea,0,0,0,0.45,0.0,0,0.0,0,1,0,14,0,0,1,1.0
2020-12-26,2020-21,EPL,Aston Villa,Crystal Palace,0,0,0,0.45,0.0,0,0.0,0,0,1,12,0,3,0,1.0
2020-12-26,2020-21,EPL,Fulham,Southampton,0,0,0,0.45,0.0,0,0.0,0,0,1,14,0,3,0,0.5
2020-12-27,2020-21,EPL,Wolves,Tottenham,0,0,0,0.45,0.0,0,0.0,0,1,1,14,0,0,0,0.5
2020-12-27,2020-21,EPL,West Ham,Brighton,0,0,0,0.45,0.0,0,0.0,0,1,0,14,0,0,2,0.5
2020-12-27,2020-21,EPL,Liverpool,West Brom,0,0,0,0.45,0.0,0,0.0,0,0,1,14,0,10,0,0.5
2020-12-27,2020-21,EPL,Leeds,Burnley,0,0,0,0.45,0.0,0,0.0,0,1,0,14,0,0,4,1.0
2020-12-28,2020-21,EPL,Crystal Palace,Leicester,0,0,0,0.45,0.0,0,0.0,0,1,0,15,0,0,2,0.5
2020-12-28,2020-21,EPL,Chelsea,Aston Villa,0,0,0,0.45,0.0,0,0.0,0,1,0,15,0,0,4,0.5
2020-12-29,2020-21,EPL,Man United,Wolves,0,0,0,0.45,0.0,0,0.0,0,0,0,14,0,8,1,1.0
2020-12-29,2020-21,EPL,West Brom,Leeds,0,0,0,0.45,0.0,0,0.0,0,0,0,15,0,1,1,0.0
2020-12-29,2020-21,EPL,Southampton,West Ham,0,0,0,0.45,0.0,0,0.0,0,0,0,15,0,1,1,0.5
2020-12-29,2020-21,LaLiga,Sevilla,Villarreal,0,0,0,0.45,0.0,0,0.0,0,0,0,13,0,3,12,1.0
2020-12-29,2020-21,LaLiga,Barcelona,Eibar,0,0,0,0.45,0.0,0,0.0,0,0,1,14,0,4,0,0.5
2020-12-29,2020-21,EPL,Burnley,Sheffield United,0,0,0,0.45,0.0,0,0.0,0,1,1,14,0,0,0,1.0
2020-12-29,2020-21,EPL,Brighton,Arsenal,0,0,0,0.45,0.0,0,0.0,0,0,0,15,0,3,1,0.0
2020-12-29,2020-21,LaLiga,Cadiz,Valladolid,0,0,0,0.45,0.0,0,0.0,0,1,1,15,0,0,0,0.5
2020-12-29,2020-21,LaLiga,Levante,Betis,0,0,0,0.45,0.0,0,0.0,0,0,0,14,0,2,1,1.0
2020-12-30,2020-21,LaLiga,Elche,Real Madrid,0,0,0,0.45,0.0,0,0.0,0,0,0,13,0,1,5,0.5
2020-12-30,2020-21,LaLiga,Celta,Huesca,0,0,0,0.45,0.0,0,0.0,0,0,0,15,0,5,1,1.0
2020-12-30,2020-21,LaLiga,Ath Madrid,Getafe,0,0,0,0.45,0.0,0,0.0,0,0,0,13,0,2,2,1.0
2020-12-30,2020-21,EPL,Newcastle,Liverpool,0,0,0,0.45,0.0,0,0.0,0,1,0,14,0,0,11,0.5
2020-12-30,2020-21,LaLiga,Granada,Valencia,0,0,0,0.45,0.0,0,0.0,0,1,1,14,0,0,0,1.0
2020-12-31,2020-21,LaLiga,Osasuna,Alaves,0,0,0,0.45,0.0,0,0.0,0,0,0,14,0,1,1,0.5
2020-12-31,2020-21,LaLiga,Ath Bilbao,Sociedad,0,0,0,0.45,0.0,0,0.0,0,0,1,15,0,2,0,0.0
2021-01-01,2020-21,EPL,Man United,Aston Villa,0,0,0,0.45,0.0,0,0.0,0,0,0,15,0,9,5,1.0
2021-01-01,2020-21,EPL,Everton,West Ham,0,0,0,0.45,0.0,0,0.0,0,0,0,15,0,5,2,0.0
2021-01-02,2020-21,Bundesliga,Bielefeld,M'gladbach,0,0,0,0.45,0.0,0,0.0,0,0,1,13,0,1,0,0.0
2021-01-02,2020-21,Bundesliga,Stuttgart,RB Leipzig,0,0,0,0.45,0.0,0,0.0,0,1,0,13,0,0,7,0.0
2021-01-02,2020-21,LaLiga,Villarreal,Levante,0,0,0,0.45,0.0,0,0.0,0,1,0,16,0,0,3,1.0
2021-01-02,2020-21,LaLiga,Betis,Sevilla,0,0,0,0.45,0.0,0,0.0,0,1,0,16,0,0,4,0.5
2021-01-02,2020-21,LaLiga,Getafe,Valladolid,0,0,0,0.45,0.0,0,0.0,0,1,0,15,0,0,1,0.0
2021-01-02,2020-21,LaLiga,Real Madrid,Celta,0,0,0,0.45,0.0,0,0.0,0,0,0,16,0,6,6,1.0
2021-01-02,2020-21,Bundesliga,Hertha,Schalke 04,0,0,0,0.45,0.0,0,0.0,0,1,1,13,0,0,0,1.0
2021-01-02,2020-21,EPL,Crystal Palace,Sheffield United,0,0,0,0.45,0.0,0,0.0,0,0,1,16,0,1,0,1.0
2021-01-02,2020-21,EPL,Tottenham,Leeds,0,0,0,0.45,0.0,0,0.0,0,0,0,15,0,1,2,1.0
2021-01-02,2020-21,EPL,West Brom,Arsenal,0,0,0,0.45,0.0,0,0.0,0,1,0,16,0,0,2,0.0
2021-01-02,2020-21,Bundesliga,Ein Frankfurt,Leverkusen,0,0,0,0.45,0.0,0,0.0,0,0,1,13,0,2,0,1.0
2021-01-02,2020-21,Bundesliga,FC Koln,Augsburg,0,0,0,0.45,0.0,0,0.0,0,0,1,13,0,1,0,0.0
2021-01-02,2020-21,Bundesliga,Werder Bremen,Union Berlin,0,0,0,0.45,0.0,0,0.0,0,0,0,13,0,1,3,0.0
2021-01-02,2020-21,Bundesliga,Hoffenheim,Freiburg,0,0,0,0.45,0.0,0,0.0,0,0,0,13,0,1,5,0.0
2021-01-02,2020-21,EPL,Brighton,Wolves,0,0,0,0.45,0.0,0,0.0,0,1,1,16,0,0,0,0.5
2021-01-03,2020-21,Bundesliga,Dortmund,Wolfsburg,0,0,0,0.45,0.0,0,0.0,0,1,0,13,0,0,1,1.0
2021-01-03,2020-21,Bundesliga,Bayern Munich,Mainz,0,0,0,0.45,0.0,0,0.0,0,0,1,13,0,11,0,1.0
2021-01-03,2020-21,SerieA,Parma,Torino,0,0,0,0.45,0.0,0,0.0,0,1,0,14,0,0,2,0.0
2021-01-03,2020-21,LaLiga,Ath Bilbao,Elche,0,0,0,0.45,0.0,0,0.0,0,1,0,16,0,0,2,1.0
2021-01-03,2020-21,LaLiga,Alaves,Ath Madrid,0,0,0,0.45,0.0,0,0.0,0,0,0,16,0,2,3,0.0
2021-01-03,2020-21,LaLiga,Eibar,Granada,0,0,0,0.45,0.0,0,0.0,0,0,0,16,0,1,1,1.0
2021-01-03,2020-21,SerieA,Inter,Crotone,0,0,0,0.45,0.0,0,0.0,0,0,0,14,0,10,1,1.0
2021-01-03,2020-21,SerieA,Atalanta,Sassuolo,0,0,0,0.45,0.0,0,0.0,0,0,0,13,0,4,1,1.0
2021-01-03,2020-21,SerieA,Cagliari,Napoli,0,0,0,0.45,0.0,0,0.0,0,1,0,14,0,0,1,0.0
2021-01-03,2020-21,SerieA,Genoa,Lazio,0,0,0,0.45,0.0,0,0.0,0,0,1,14,0,1,0,0.5
2021-01-03,2020-21,EPL,Chelsea,Man City,0,0,0,0.45,0.0,0,0.0,0,0,0,16,0,1,6,0.0
2021-01-03,2020-21,EPL,Newcastle,Leicester,0,0,0,0.45,0.0,0,0.0,0,0,0,15,0,1,3,0.0
2021-01-03,2020-21,SerieA,Spezia,Verona,0,0,0,0.45,0.0,0,0.0,0,1,1,14,0,0,0,0.0
2021-01-03,2020-21,SerieA,Benevento,Milan,0,0,0,0.45,0.0,0,0.0,0,0,0,14,0,3,14,0.0
2021-01-03,2020-21,SerieA,Juventus,Udinese,0,0,0,0.45,0.0,0,0.0,0,1,1,13,0,0,0,1.0
2021-01-03,2020-21,LaLiga,Sociedad,Osasuna,0,0,0,0.45,0.0,0,0.0,0,0,0,17,0,1,2,0.5
2021-01-03,2020-21,LaLiga,Huesca,Barcelona,0,0,0,0.45,0.0,0,0.0,0,1,0,16,0,0,5,0.0
2021-01-03,2020-21,SerieA,Fiorentina,Bologna,0,0,0,0.45,0.0,0,0.0,0,0,0,14,0,3,3,0.5
2021-01-03,2020-21,SerieA,Roma,Sampdoria,0,0,0,0.45,0.0,0,0.0,0,0,1,14,0,1,0,1.0
2021-01-04,2020-21,EPL,Southampton,Liverpool,0,0,0,0.45,0.0,0,0.0,0,0,0,16,0,2,12,1.0
2021-01-04,2020-21,LaLiga,Valencia,Cadiz,0,0,0,0.45,0.0,0,0.0,0,1,0,16,0,0,1,0.5
2021-01-06,2020-21,LaLiga,Ath Bilbao,Barcelona,0,0,0,0.45,0.0,0,0.0,0,0,0,17,0,1,6,0.0
2021-01-06,2020-21,SerieA,Torino,Verona,0,0,0,0.45,0.0,0,0.0,0,0,0,15,0,3,1,0.5
2021-01-06,2020-21,Ligue1,Reims,Dijon,0,0,0,0.45,0.0,0,0.0,0,0,0,17,0,3,1,0.5
2021-01-06,2020-21,SerieA,Milan,Juventus,0,0,0,0.45,0.0,0,0.0,0,0,0,15,0,15,1,0.0
2021-01-06,2020-21,SerieA,Napoli,Spezia,0,0,0,0.45,0.0,0,0.0,0,0,1,14,0,2,0,0.0
2021-01-06,2020-21,SerieA,Sassuolo,Genoa,0,0,0,0.45,0.0,0,0.0,0,1,0,15,0,0,2,1.0
2021-01-06,2020-21,SerieA,Sampdoria,Inter,0,0,0,0.45,0.0,0,0.0,0,1,0,15,0,0,11,1.0
2021-01-06,2020-21,SerieA,Lazio,Fiorentina,0,0,0,0.45,0.0,0,0.0,0,0,0,15,0,1,4,1.0
2021-01-06,2020-21,SerieA,Crotone,Roma,0,0,0,0.45,0.0,0,0.0,0,1,0,15,0,0,2,0.0
2021-01-06,2020-21,Ligue1,St Etienne,Paris SG,0,0,0,0.45,0.0,0,0.0,0,0,0,17,0,6,3,0.5
2021-01-06,2020-21,SerieA,Atalanta,Parma,0,0,0,0.45,0.0,0,0.0,0,0,1,14,0,5,0,1.0
2021-01-06,2020-21,SerieA,Cagliari,Benevento,0,0,0,0.45,0.0,0,0.0,0,1,1,15,0,0,0,0.0
2021-01-06,2020-21,SerieA,Bologna,Udinese,0,0,0,0.45,0.0,0,0.0,0,0,1,15,0,4,0,0.5
2021-01-06,2020-21,Ligue1,Lorient,Monaco,0,0,0,0.45,0.0,0,0.0,0,0,0,17,0,1,2,0.0
2021-01-06,2020-21,Ligue1,Metz,Bordeaux,0,0,0,0.45,0.0,0,0.0,0,1,1,17,0,0,0,0.5
2021-01-06,2020-21,Ligue1,Nantes,Rennes,0,0,0,0.45,0.0,0,0.0,0,1,0,17,0,0,4,0.5
2021-01-06,2020-21,Ligue1,Strasbourg,Nimes,0,0,0,0.45,0.0,0,0.0,0,1,1,17,0,0,0,1.0
2021-01-06,2020-21,Ligue1,Lille,Angers,0,0,0,0.45,0.0,0,0.0,0,0,0,17,0,7,2,0.0
2021-01-06,2020-21,Ligue1,Lyon,Lens,0,0,0,0.45,0.0,0,0.0,0,0,0,17,0,14,1,1.0
2021-01-06,2020-21,Ligue1,Marseille,Montpellier,0,0,0,0.45,0.0,0,0.0,0,1,1,15,0,0,0,1.0
2021-01-06,2020-21,Ligue1,Brest,Nice,0,0,0,0.45,0.0,0,0.0,0,1,0,17,0,0,1,1.0
2021-01-08,2020-21,Bundesliga,M'gladbach,Bayern Munich,0,0,0,0.45,0.0,0,0.0,0,0,0,14,0,1,12,1.0
2021-01-08,2020-21,LaLiga,Celta,Villarreal,0,0,0,0.45,0.0,0,0.0,0,1,0,17,0,0,1,0.0
2021-01-09,2020-21,Bundesliga,Freiburg,FC Koln,0,0,0,0.45,0.0,0,0.0,0,0,1,14,0,6,0,1.0
2021-01-09,2020-21,Bundesliga,Leverkusen,Werder Bremen,0,0,0,0.45,0.0,0,0.0,0,1,1,14,0,0,0,0.5
2021-01-09,2020-21,Bundesliga,Mainz,Ein Frankfurt,0,0,0,0.45,0.0,0,0.0,0,1,0,14,0,0,3,0.0
2021-01-09,2020-21,Bundesliga,Schalke 04,Hoffenheim,0,0,0,0.45,0.0,0,0.0,0,1,1,14,0,0,0,1.0
2021-01-09,2020-21,Bundesliga,Union Berlin,Wolfsburg,0,0,0,0.45,0.0,0,0.0,0,0,1,14,0,4,0,0.5
2021-01-09,2020-21,Bundesliga,RB Leipzig,Dortmund,0,0,0,0.45,0.0,0,0.0,0,0,0,14,0,8,1,0.0
2021-01-09,2020-21,Ligue1,Bordeaux,Lorient,0,0,0,0.45,0.0,0,0.0,0,0,1,18,0,1,0,1.0
2021-01-09,2020-21,Ligue1,Nimes,Lille,0,0,0,0.45,0.0,0,0.0,0,1,1,18,0,0,0,0.0
2021-01-09,2020-21,Ligue1,Paris SG,Brest,0,0,0,0.45,0.0,0,0.0,0,0,0,18,0,4,1,1.0
2021-01-09,2020-21,Ligue1,Montpellier,Nantes,0,0,0,0.45,0.0,0,0.0,0,1,0,18,0,0,1,0.5
2021-01-09,2020-21,Ligue1,Monaco,Angers,0,0,0,0.45,0.0,0,0.0,0,0,0,18,0,3,3,1.0
2021-01-09,2020-21,LaLiga,Osasuna,Real Madrid,0,0,0,0.45,0.0,0,0.0,0,0,0,16,0,3,7,0.5
2021-01-09,2020-21,LaLiga,Granada,Barcelona,0,0,0,0.45,0.0,0,0.0,0,1,0,16,0,0,7,0.0
2021-01-09,2020-21,LaLiga,Sevilla,Sociedad,0,0,0,0.45,0.0,0,0.0,0,0,0,15,0,5,2,1.0
2021-01-09,2020-21,Ligue1,Reims,St Etienne,0,0,0,0.45,0.0,0,0.0,0,0,0,18,0,4,7,1.0
2021-01-09,2020-21,Ligue1,Lens,Strasbourg,0,0,0,0.45,0.0,0,0.0,0,1,0,17,0,0,1,0.0
2021-01-09,2020-21,Ligue1,Metz,Nice,0,0,0,0.45,0.0,0,0.0,0,0,1,18,0,1,0,0.5
2021-01-09,2020-21,SerieA,Benevento,Atalanta,0,0,0,0.45,0.0,0,0.0,0,0,0,16,0,1,6,0.0
2021-01-09,2020-21,SerieA,Genoa,Bologna,0,0,0,0.45,0.0,0,0.0,0,1,0,16,0,0,5,1.0
2021-01-09,2020-21,SerieA,Milan,Torino,0,0,0,0.45,0.0,0,0.0,0,1,0,16,0,0,4,1.0
2021-01-09,2020-21,Ligue1,Rennes,Lyon,0,0,0,0.45,0.0,0,0.0,0,0,0,18,0,5,15,0.5
2021-01-09,2020-21,Ligue1,Dijon,Marseille,0,0,0,0.45,0.0,0,0.0,0,0,0,18,0,2,1,0.5
2021-01-10,2020-21,Bundesliga,Augsburg,Stuttgart,0,0,0,0.45,0.0,0,0.0,0,0,1,14,0,1,0,0.0
2021-01-10,2020-21,SerieA,Roma,Inter,0,0,0,0.45,0.0,0,0.0,0,0,1,16,0,3,0,0.5
2021-01-10,2020-21,SerieA,Parma,Lazio,0,0,0,0.45,0.0,0,0.0,0,1,0,16,0,0,2,0.0
2021-01-10,2020-21,SerieA,Udinese,Napoli,0,0,0,0.45,0.0,0,0.0,0,0,1,15,0,1,0,0.0
2021-01-10,2020-21,SerieA,Juventus,Sassuolo,0,0,0,0.45,0.0,0,0.0,0,0,0,15,0,2,1,1.0
2021-01-10,2020-21,LaLiga,Valladolid,Valencia,0,0,0,0.45,0.0,0,0.0,0,0,0,17,0,2,1,0.0
2021-01-10,2020-21,Bundesliga,Bielefeld,Hertha,0,0,0,0.45,0.0,0,0.0,0,1,0,14,0,0,1,1.0
2021-01-10,2020-21,SerieA,Fiorentina,Cagliari,0,0,0,0.45,0.0,0,0.0,0,1,1,16,0,0,0,1.0
2021-01-10,2020-21,LaLiga,Levante,Eibar,0,0,0,0.45,0.0,0,0.0,0,1,0,16,0,0,2,1.0
2021-01-10,2020-21,SerieA,Verona,Crotone,0,0,0,0.45,0.0,0,0.0,0,0,1,16,0,2,0,1.0
2021-01-10,2020-21,LaLiga,Cadiz,Alaves,0,0,0,0.45,0.0,0,0.0,0,0,1,17,0,2,0,1.0
2021-01-11,2020-21,LaLiga,Huesca,Betis,0,0,0,0.45,0.0,0,0.0,0,1,0,17,0,0,1,0.0
2021-01-11,2020-21,SerieA,Spezia,Sampdoria,0,0,0,0.45,0.0,0,0.0,0,0,0,16,0,1,1,1.0
2021-01-11,2020-21,LaLiga,Elche,Getafe,0,0,0,0.45,0.0,0,0.0,0,1,1,15,0,0,0,0.0
2021-01-12,2020-21,EPL,Wolves,Everton,0,0,0,0.45,0.0,0,0.0,0,0,1,17,0,1,0,0.0
2021-01-12,2020-21,LaLiga,Granada,Osasuna,0,0,0,0.45,0.0,0,0.0,0,1,0,17,0,0,4,1.0
2021-01-12,2020-21,LaLiga,Ath Madrid,Sevilla,0,0,0,0.45,0.0,0,0.0,0,0,0,15,0,4,6,1.0
2021-01-12,2020-21,EPL,Sheffield United,Newcastle,0,0,0,0.45,0.0,0,0.0,0,1,1,17,0,0,0,1.0
2021-01-12,2020-21,EPL,Burnley,Man United,0,0,0,0.45,0.0,0,0.0,0,0,0,15,0,1,10,0.0
2021-01-13,2020-21,EPL,Tottenham,Fulham,0,0,0,0.45,0.0,0,0.0,0,0,0,16,0,2,4,0.5
2021-01-13,2020-21,EPL,Man City,Brighton,0,0,0,0.45,0.0,0,0.0,0,0,0,15,0,7,1,1.0
2021-01-14,2020-21,EPL,Arsenal,Crystal Palace,0,0,0,0.45,0.0,0,0.0,0,0,0,17,0,3,2,0.5
2021-01-15,2020-21,Ligue1,Montpellier,Monaco,0,0,1,0.0,0.0,1,-0.45,0,0,0,19,0,1,4,0.0
2021-01-15,2020-21,Bundesliga,Union Berlin,Leverkusen,0,0,0,0.45,0.0,0,0.0,0,0,0,15,0,5,1,1.0
2021-01-15,2020-21,SerieA,Lazio,Roma,0,0,0,0.45,0.0,0,0.0,0,0,0,17,0,3,4,1.0
2021-01-16,2020-21,SerieA,Bologna,Verona,0,0,0,0.45,0.0,0,0.0,0,1,0,17,0,0,3,1.0
2021-01-16,2020-21,SerieA,Sampdoria,Udinese,0,0,0,0.45,0.0,0,0.0,0,1,1,17,0,0,0,1.0
2021-01-16,2020-21,Ligue1,Marseille,Nimes,1,0,0,1.0,2.0,1,0.55,0,0,1,17,0,2,0,0.0
2021-01-16,2020-21,Ligue1,Angers,Paris SG,0,1,0,0.0,-5.0,1,-0.45,1,1,0,19,0,0,5,0.0
2021-01-16,2020-21,SerieA,Torino,Spezia,0,0,0,0.45,0.0,0,0.0,0,1,0,17,0,0,2,0.5
2021-01-16,2020-21,EPL,Leicester,Southampton,0,0,0,0.45,0.0,0,0.0,0,0,0,17,0,4,3,1.0
2021-01-16,2020-21,Bundesliga,Dortmund,Mainz,0,0,0,0.45,0.0,0,0.0,0,0,1,15,0,2,0,0.5
2021-01-16,2020-21,EPL,Fulham,Chelsea,0,0,0,0.45,0.0,0,0.0,0,0,1,16,0,5,0,0.0
2021-01-16,2020-21,EPL,West Ham,Burnley,0,0,0,0.45,0.0,0,0.0,0,0,1,17,0,3,0,1.0
2021-01-16,2020-21,EPL,Leeds,Brighton,0,0,0,0.45,0.0,0,0.0,0,1,1,17,0,0,0,0.0
2021-01-16,2020-21,Bundesliga,Stuttgart,M'gladbach,0,0,0,0.45,0.0,0,0.0,0,0,0,15,0,1,2,0.5
2021-01-16,2020-21,EPL,Wolves,West Brom,0,0,0,0.45,0.0,0,0.0,0,1,1,18,0,0,0,0.0
2021-01-16,2020-21,Bundesliga,Wolfsburg,RB Leipzig,0,0,0,0.45,0.0,0,0.0,0,0,1,15,0,1,0,0.5
2021-01-16,2020-21,Bundesliga,Werder Bremen,Augsburg,0,0,0,0.45,0.0,0,0.0,0,0,1,15,0,1,0,1.0
2021-01-16,2020-21,Bundesliga,Hoffenheim,Bielefeld,0,0,0,0.45,0.0,0,0.0,0,1,0,15,0,0,1,0.5
2021-01-16,2020-21,Bundesliga,FC Koln,Hertha,0,0,0,0.45,0.0,0,0.0,0,1,1,15,0,0,0,0.5
2021-01-17,2020-21,EPL,Man City,Crystal Palace,0,0,0,0.45,0.0,0,0.0,0,0,0,16,0,8,3,1.0
2021-01-17,2020-21,EPL,Sheffield United,Tottenham,0,0,0,0.45,0.0,0,0.0,0,0,0,18,0,1,3,0.0
2021-01-17,2020-21,Ligue1,Brest,Rennes,0,1,0,0.0,-1.0,1,-0.45,1,1,0,19,0,0,6,0.0
2021-01-17,2020-21,Ligue1,Nantes,Lens,0,0,1,0.0,0.0,1,-0.45,0,0,1,19,0,2,0,0.5
2021-01-17,2020-21,Ligue1,Nice,Bordeaux,0,0,1,0.0,0.0,1,-0.45,0,0,0,18,0,1,2,0.0
2021-01-17,2020-21,Ligue1,Lyon,Metz,1,0,0,1.0,2.0,1,0.55,0,0,0,19,0,15,2,0.0
2021-01-17,2020-21,EPL,Liverpool,Man United,0,0,0,0.45,0.0,0,0.0,0,1,0,17,0,0,11,0.5
2021-01-17,2020-21,Ligue1,Lille,Reims,1,0,0,1.0,1.0,1,0.55,0,0,0,19,0,1,5,1.0
2021-01-17,2020-21,Bundesliga,Ein Frankfurt,Schalke 04,0,0,0,0.45,0.0,0,0.0,0,0,0,15,0,4,1,1.0
2021-01-17,2020-21,SerieA,Inter,Juventus,0,0,0,0.45,0.0,0,0.0,0,0,0,17,0,1,3,1.0
2021-01-17,2020-21,SerieA,Atalanta,Genoa,0,0,0,0.45,0.0,0,0.0,0,0,0,16,0,7,1,0.5
2021-01-17,2020-21,SerieA,Sassuolo,Parma,0,0,0,0.45,0.0,0,0.0,0,1,1,17,0,0,0,0.5
2021-01-17,2020-21,Bundesliga,Bayern Munich,Freiburg,0,0,0,0.45,0.0,0,0.0,0,1,0,15,0,0,7,1.0
2021-01-17,2020-21,SerieA,Napoli,Fiorentina,0,0,0,0.45,0.0,0,0.0,0,0,0,16,0,1,1,1.0
2021-01-17,2020-21,SerieA,Crotone,Benevento,0,0,0,0.45,0.0,0,0.0,0,1,1,17,0,0,0,1.0
2021-01-17,2020-21,Ligue1,Strasbourg,St Etienne,0,1,0,0.0,-2.0,1,-0.45,1,0,1,19,0,2,0,1.0
2021-01-18,2020-21,SerieA,Cagliari,Milan,0,0,0,0.45,0.0,0,0.0,0,1,0,17,0,0,1,0.0
2021-01-18,2020-21,EPL,Arsenal,Newcastle,0,0,0,0.45,0.0,0,0.0,0,0,1,18,0,4,0,1.0
2021-01-19,2020-21,Bundesliga,M'gladbach,Werder Bremen,0,0,0,0.45,0.0,0,0.0,0,0,0,16,0,3,2,1.0
2021-01-19,2020-21,Bundesliga,Hertha,Hoffenheim,0,0,0,0.45,0.0,0,0.0,0,0,0,16,0,1,1,0.0
2021-01-19,2020-21,Bundesliga,Leverkusen,Dortmund,0,0,0,0.45,0.0,0,0.0,0,1,0,16,0,0,3,1.0
2021-01-19,2020-21,LaLiga,Alaves,Sevilla,0,0,0,0.45,0.0,0,0.0,0,1,1,18,0,0,0,0.0
2021-01-19,2020-21,LaLiga,Valladolid,Elche,0,0,0,0.45,0.0,0,0.0,0,1,1,18,0,0,0,0.5
2021-01-19,2020-21,LaLiga,Cadiz,Levante,0,0,0,0.45,0.0,0,0.0,0,0,0,18,0,3,1,0.5
2021-01-19,2020-21,EPL,Leicester,Chelsea,0,0,0,0.45,0.0,0,0.0,0,0,0,18,0,5,1,1.0
2021-01-19,2020-21,EPL,West Ham,West Brom,0,0,0,0.45,0.0,0,0.0,0,0,0,18,0,4,1,1.0
2021-01-19,2020-21,Bundesliga,Mainz,Wolfsburg,0,0,0,0.45,0.0,0,0.0,0,0,0,16,0,1,2,0.0
2021-01-20,2020-21,Bundesliga,Bielefeld,Stuttgart,0,0,0,0.45,0.0,0,0.0,0,0,0,16,0,2,2,1.0
2021-01-20,2020-21,SerieA,Udinese,Atalanta,0,0,0,0.45,0.0,0,0.0,0,1,0,17,0,0,8,0.5
2021-01-20,2020-21,Bundesliga,Freiburg,Ein Frankfurt,0,0,0,0.45,0.0,0,0.0,0,1,0,16,0,0,5,0.5
2021-01-20,2020-21,EPL,Man City,Aston Villa,0,0,0,0.45,0.0,0,0.0,0,0,1,17,0,9,0,1.0
2021-01-20,2020-21,EPL,Fulham,Man United,0,0,0,0.45,0.0,0,0.0,0,1,0,17,0,0,12,0.0
2021-01-20,2020-21,Bundesliga,Augsburg,Bayern Munich,0,0,0,0.45,0.0,0,0.0,0,1,0,16,0,0,1,0.0
2021-01-20,2020-21,Bundesliga,RB Leipzig,Union Berlin,0,0,0,0.45,0.0,0,0.0,0,0,0,16,0,1,6,1.0
2021-01-20,2020-21,Bundesliga,Schalke 04,FC Koln,0,0,0,0.45,0.0,0,0.0,0,1,0,16,0,0,1,0.0
2021-01-20,2020-21,Ligue1,Marseille,Lens,0,0,0,0.45,0.0,0,0.0,0,1,0,18,0,0,1,0.0
2021-01-20,2020-21,LaLiga,Villarreal,Granada,0,0,0,0.45,0.0,0,0.0,0,0,0,18,0,2,1,0.5
2021-01-20,2020-21,LaLiga,Betis,Celta,0,0,0,0.45,0.0,0,0.0,0,0,1,18,0,2,0,1.0
2021-01-20,2020-21,LaLiga,Getafe,Huesca,0,0,0,0.45,0.0,0,0.0,0,0,1,17,0,1,0,1.0
2021-01-21,2020-21,LaLiga,Valencia,Osasuna,0,0,0,0.45,0.0,0,0.0,0,0,1,18,0,2,0,0.5
2021-01-21,2020-21,LaLiga,Eibar,Ath Madrid,0,0,0,0.45,0.0,0,0.0,0,1,0,18,0,0,5,0.0
2021-01-21,2020-21,EPL,Liverpool,Burnley,0,0,0,0.45,0.0,0,0.0,0,0,1,18,0,1,0,0.0
2021-01-22,2020-21,Ligue1,Paris SG,Montpellier,1,0,0,1.0,2.0,1,0.55,0,0,1,20,0,6,0,1.0
2021-01-22,2020-21,LaLiga,Levante,Valladolid,0,0,1,0.0,0.0,1,-0.45,0,0,0,18,0,2,1,0.5
2021-01-22,2020-21,Bundesliga,M'gladbach,Dortmund,0,1,0,0.0,-3.0,1,-0.45,1,0,1,17,0,4,0,1.0
2021-01-22,2020-21,SerieA,Benevento,Torino,0,0,0,0.45,0.0,0,0.0,0,1,0,18,0,0,1,0.5
2021-01-23,2020-21,Ligue1,Monaco,Marseille,0,1,0,0.0,-1.0,1,-0.45,1,0,1,20,0,5,0,1.0
2021-01-23,2020-21,Ligue1,Lens,Nice,0,1,0,0.0,-1.0,1,-0.45,1,0,1,20,0,2,0,0.0
2021-01-23,2020-21,LaLiga,Huesca,Villarreal,0,0,1,0.0,0.0,1,-0.45,0,1,0,19,0,0,3,0.5
2021-01-23,2020-21,SerieA,Fiorentina,Crotone,0,0,0,0.45,0.0,0,0.0,0,1,0,18,0,0,1,1.0
2021-01-23,2020-21,LaLiga,Sevilla,Cadiz,1,0,0,1.0,2.0,1,0.55,0,0,0,18,0,1,4,1.0
2021-01-23,2020-21,LaLiga,Sociedad,Betis,1,0,0,1.0,3.0,1,0.55,0,1,0,19,0,0,3,0.5
2021-01-23,2020-21,LaLiga,Alaves,Real Madrid,1,0,0,1.0,1.0,1,0.55,0,1,0,19,0,0,8,0.0
2021-01-23,2020-21,SerieA,Milan,Atalanta,0,0,0,0.45,0.0,0,0.0,0,0,0,18,0,2,9,0.0
2021-01-23,2020-21,SerieA,Udinese,Inter,0,0,0,0.45,0.0,0,0.0,0,0,0,18,0,1,2,0.5
2021-01-23,2020-21,Bundesliga,Freiburg,Stuttgart,1,0,0,1.0,1.0,1,0.55,0,0,1,17,0,1,0,1.0
2021-01-23,2020-21,Bundesliga,Augsburg,Union Berlin,1,0,0,1.0,2.0,1,0.55,0,1,1,17,0,0,0,1.0
2021-01-23,2020-21,Bundesliga,Hertha,Werder Bremen,1,0,0,1.0,3.0,1,0.55,0,1,1,17,0,0,0,0.0
2021-01-23,2020-21,Bundesliga,Bielefeld,Ein Frankfurt,0,0,1,0.0,0.0,1,-0.45,0,0,0,17,0,3,6,0.0
2021-01-23,2020-21,Bundesliga,Mainz,RB Leipzig,0,1,0,0.0,-2.0,1,-0.45,1,1,0,17,0,0,2,1.0
2021-01-23,2020-21,EPL,Aston Villa,Newcastle,0,0,0,0.45,0.0,0,0.0,0,1,1,16,0,0,0,1.0
2021-01-23,2020-21,Bundesliga,Leverkusen,Wolfsburg,0,0,1,0.0,0.0,1,-0.45,0,0,0,17,0,1,3,0.0
2021-01-23,2020-21,SerieA,Roma,Spezia,0,0,0,0.45,0.0,0,0.0,0,1,0,18,0,0,3,1.0
2021-01-24,2020-21,LaLiga,Ath Madrid,Valencia,1,0,0,1.0,1.0,1,0.55,0,0,0,17,0,6,3,1.0
2021-01-24,2020-21,LaLiga,Celta,Eibar,0,0,1,0.0,0.0,1,-0.45,0,1,1,19,0,0,0,0.5
2021-01-24,2020-21,LaLiga,Elche,Barcelona,0,0,0,0.45,0.0,0,0.0,0,0,0,17,0,1,8,0.0
2021-01-24,2020-21,LaLiga,Osasuna,Granada,0,1,0,0.0,-2.0,1,-0.45,1,0,0,19,0,1,2,1.0
2021-01-24,2020-21,Ligue1,Bordeaux,Angers,1,0,0,1.0,2.0,1,0.55,0,0,1,20,0,3,0,1.0
2021-01-24,2020-21,Bundesliga,Hoffenheim,FC Koln,1,0,0,1.0,1.0,1,0.55,0,0,0,17,0,2,2,1.0
2021-01-24,2020-21,Ligue1,Metz,Nantes,0,0,1,0.0,0.0,1,-0.45,0,0,0,20,0,3,3,1.0
2021-01-24,2020-21,Ligue1,Reims,Brest,0,1,0,0.0,-1.0,1,-0.45,1,1,1,20,0,0,0,1.0
2021-01-24,2020-21,Ligue1,Rennes,Lille,0,0,1,0.0,0.0,1,-0.45,0,0,0,20,0,7,2,0.0
2021-01-24,2020-21,Ligue1,St Etienne,Lyon,0,1,0,0.0,-1.0,1,-0.45,1,1,1,20,0,0,0,0.0
2021-01-24,2020-21,SerieA,Parma,Sampdoria,0,0,0,0.45,0.0,0,0.0,0,0,0,18,0,1,1,0.0
2021-01-24,2020-21,SerieA,Lazio,Sassuolo,0,0,0,0.45,0.0,0,0.0,0,0,0,18,0,4,1,1.0
2021-01-24,2020-21,SerieA,Verona,Napoli,0,0,0,0.45,0.0,0,0.0,0,1,0,18,0,0,2,1.0
2021-01-24,2020-21,SerieA,Genoa,Cagliari,0,0,0,0.45,0.0,0,0.0,0,0,1,18,0,2,0,1.0
2021-01-24,2020-21,SerieA,Juventus,Bologna,0,0,0,0.45,0.0,0,0.0,0,1,0,17,0,0,1,1.0
2021-01-24,2020-21,Ligue1,Dijon,Strasbourg,0,1,0,0.0,-1.0,1,-0.45,1,0,0,19,0,3,3,0.5
2021-01-24,2020-21,Bundesliga,Schalke 04,Bayern Munich,0,1,0,0.0,-8.0,1,-0.45,1,1,0,17,0,0,2,0.0
2021-01-25,2020-21,LaLiga,Ath Bilbao,Getafe,0,0,1,0.0,0.0,1,-0.45,0,1,0,18,0,0,2,1.0
2021-01-26,2020-21,EPL,West Brom,Man City,0,0,1,0.0,0.0,1,-0.45,0,1,0,19,0,0,10,0.0
2021-01-26,2020-21,EPL,Southampton,Arsenal,0,0,1,0.0,0.0,1,-0.45,0,1,0,18,0,0,5,0.0
2021-01-26,2020-21,EPL,Newcastle,Leeds,0,1,0,0.0,-3.0,1,-0.45,1,1,1,19,0,0,0,0.0
2021-01-26,2020-21,EPL,Crystal Palace,West Ham,0,0,1,0.0,0.0,1,-0.45,0,1,0,19,0,0,5,0.0
2021-01-27,2020-21,Ligue1,Lorient,Dijon,0,0,1,0.0,0.0,1,-0.45,0,1,0,19,0,0,4,1.0
2021-01-27,2020-21,EPL,Everton,Leicester,1,0,0,1.0,2.0,1,0.55,0,0,0,17,0,1,6,0.5
2021-01-27,2020-21,EPL,Burnley,Aston Villa,0,0,1,0.0,0.0,1,-0.45,0,0,0,18,0,1,1,1.0
2021-01-27,2020-21,EPL,Chelsea,Wolves,0,1,0,0.0,-1.0,1,-0.45,1,1,1,19,0,0,0,0.5
2021-01-27,2020-21,EPL,Brighton,Fulham,0,0,1,0.0,0.0,1,-0.45,0,0,1,19,0,1,0,0.5
2021-01-27,2020-21,EPL,Man United,Sheffield United,1,0,0,1.0,1.0,1,0.55,0,0,1,19,0,13,0,0.0
2021-01-28,2020-21,EPL,Tottenham,Liverpool,0,1,0,0.0,-1.0,1,-0.45,1,0,1,18,0,4,0,0.0
2021-01-29,2020-21,Bundesliga,Stuttgart,Mainz,1,0,0,1.0,3.0,1,0.55,0,1,0,18,0,0,1,1.0
2021-01-29,2020-21,Ligue1,Lyon,Bordeaux,0,0,1,0.0,0.0,1,-0.45,0,0,0,21,0,1,4,1.0
2021-01-29,2020-21,SerieA,Torino,Fiorentina,0,1,0,0.0,-1.0,1,-0.45,1,0,0,19,0,2,1,0.5
2021-01-29,2020-21,LaLiga,Valladolid,Huesca,0,0,1,0.0,0.0,1,-0.45,0,0,0,20,0,2,1,0.0
2021-01-30,2020-21,EPL,Man City,Sheffield United,1,0,0,1.0,1.0,1,0.55,0,0,0,19,0,11,1,1.0
2021-01-30,2020-21,EPL,Crystal Palace,Wolves,0,1,0,0.0,-2.0,1,-0.45,1,1,0,20,0,0,1,1.0
2021-01-30,2020-21,EPL,Everton,Newcastle,0,1,0,0.0,-1.0,1,-0.45,1,0,1,18,0,2,0,0.0
2021-01-30,2020-21,LaLiga,Eibar,Sevilla,1,0,0,1.0,1.0,1,0.55,0,0,0,20,0,1,2,0.0
2021-01-30,2020-21,EPL,Arsenal,Man United,1,0,0,1.0,1.0,1,0.55,0,0,1,20,0,6,0,0.5
2021-01-30,2020-21,EPL,Southampton,Aston Villa,1,0,0,1.0,1.0,1,0.55,0,1,1,19,0,0,0,0.0
2021-01-30,2020-21,LaLiga,Real Madrid,Levante,1,0,0,1.0,2.0,1,0.55,0,0,0,19,0,9,3,0.0
2021-01-30,2020-21,EPL,West Brom,Fulham,0,1,0,0.0,-2.0,1,-0.45,1,1,0,20,0,0,1,0.5
2021-01-30,2020-21,LaLiga,Villarreal,Sociedad,0,0,1,0.0,0.0,1,-0.45,0,0,0,20,0,4,1,0.5
2021-01-30,2020-21,Bundesliga,Bayern Munich,Hoffenheim,0,1,0,0.0,-3.0,1,-0.45,1,0,0,18,0,3,3,1.0
2021-01-30,2020-21,Bundesliga,Ein Frankfurt,Hertha,1,0,0,1.0,2.0,1,0.55,0,0,1,18,0,7,0,1.0
2021-01-30,2020-21,Bundesliga,Dortmund,Augsburg,0,1,0,0.0,-2.0,1,-0.45,1,1,0,18,0,0,1,1.0
2021-01-30,2020-21,SerieA,Inter,Benevento,1,0,0,1.0,3.0,1,0.55,0,0,0,19,0,3,1,1.0
2021-01-30,2020-21,SerieA,Sampdoria,Juventus,0,1,0,0.0,-3.0,1,-0.45,1,0,0,19,0,2,1,0.0
2021-01-30,2020-21,SerieA,Bologna,Milan,0,1,0,0.0,-2.0,1,-0.45,1,1,1,19,0,0,0,0.0
2021-01-30,2020-21,Ligue1,Montpellier,Lens,1,0,0,1.0,1.0,1,0.55,0,1,1,21,0,0,0,0.0
2021-01-30,2020-21,LaLiga,Valencia,Elche,0,1,0,0.0,-1.0,1,-0.45,1,1,1,20,0,0,0,1.0
2021-01-30,2020-21,Bundesliga,RB Leipzig,Leverkusen,0,0,1,0.0,0.0,1,-0.45,0,1,1,18,0,0,0,1.0
2021-01-30,2020-21,Bundesliga,Werder Bremen,Schalke 04,1,0,0,1.0,2.0,1,0.55,0,0,1,18,0,1,0,0.5
2021-01-30,2020-21,Bundesliga,Union Berlin,M'gladbach,0,0,1,0.0,0.0,1,-0.45,0,1,0,18,0,0,5,0.5
2021-01-31,2020-21,Bundesliga,FC Koln,Bielefeld,0,1,0,0.0,-1.0,1,-0.45,1,1,1,18,0,0,0,1.0
2021-01-31,2020-21,SerieA,Atalanta,Lazio,1,0,0,1.0,3.0,1,0.55,0,0,0,19,0,10,5,0.0
2021-01-31,2020-21,SerieA,Cagliari,Sassuolo,0,0,1,0.0,0.0,1,-0.45,0,1,1,19,0,0,0,0.5
2021-01-31,2020-21,SerieA,Crotone,Genoa,0,1,0,0.0,-3.0,1,-0.45,1,1,0,19,0,0,3,0.0
2021-01-31,2020-21,SerieA,Napoli,Parma,1,0,0,1.0,2.0,1,0.55,0,1,1,18,0,0,0,1.0
2021-01-31,2020-21,EPL,Chelsea,Burnley,1,0,0,1.0,3.0,1,0.55,0,0,0,20,0,1,2,1.0
2021-01-31,2020-21,EPL,Leicester,Leeds,1,0,0,1.0,3.0,1,0.55,0,0,0,20,0,7,1,0.0
2021-01-31,2020-21,EPL,West Ham,Liverpool,0,1,0,0.0,-1.0,1,-0.45,1,0,0,20,0,6,1,0.0
2021-01-31,2020-21,SerieA,Roma,Verona,0,0,1,0.0,0.0,1,-0.45,0,0,0,19,0,1,1,1.0
2021-01-31,2020-21,Bundesliga,Wolfsburg,Freiburg,0,0,1,0.0,0.0,1,-0.45,0,0,0,18,0,4,2,1.0
2021-01-31,2020-21,SerieA,Spezia,Udinese,1,0,0,1.0,2.0,1,0.55,0,1,0,19,0,0,2,0.0
2021-01-31,2020-21,EPL,Brighton,Tottenham,0,1,0,0.0,-1.0,1,-0.45,1,0,1,20,0,2,0,1.0
2021-01-31,2020-21,Ligue1,Lille,Dijon,1,0,0,1.0,2.0,1,0.55,0,0,1,21,0,3,0,1.0
2021-01-31,2020-21,Ligue1,Nantes,Monaco,0,1,0,0.0,-1.0,1,-0.45,1,1,0,21,0,0,6,0.0
2021-01-31,2020-21,LaLiga,Getafe,Alaves,0,0,1,0.0,0.0,1,-0.45,0,1,1,19,0,0,0,0.5
2021-01-31,2020-21,LaLiga,Barcelona,Ath Bilbao,1,0,0,1.0,1.0,1,0.55,0,0,0,19,0,9,1,1.0
2021-01-31,2020-21,LaLiga,Granada,Celta,0,1,0,0.0,-2.0,1,-0.45,1,1,0,20,0,0,1,0.5
2021-01-31,2020-21,Ligue1,Strasbourg,Reims,0,1,0,0.0,-1.0,1,-0.45,1,0,0,21,0,4,1,0.0
2021-01-31,2020-21,LaLiga,Cadiz,Ath Madrid,0,1,0,0.0,-4.0,1,-0.45,1,1,0,20,0,0,7,0.0
2021-01-31,2020-21,Ligue1,Lorient,Paris SG,0,1,0,0.0,-2.0,1,-0.45,1,0,0,20,0,1,7,1.0
2021-01-31,2020-21,Ligue1,Brest,Metz,1,0,0,1.0,2.0,1,0.55,0,1,0,21,0,0,4,0.0
2021-01-31,2020-21,Ligue1,Angers,Nimes,1,0,0,1.0,4.0,1,0.55,0,1,0,21,0,0,1,1.0
2021-01-31,2020-21,Ligue1,Nice,St Etienne,1,0,0,1.0,2.0,1,0.55,0,0,1,20,0,1,0,0.0
2021-02-01,2020-21,LaLiga,Betis,Osasuna,1,0,0,1.0,2.0,1,0.55,0,0,0,20,0,4,2,1.0
2021-02-02,2020-21,EPL,Wolves,Arsenal,1,0,0,1.0,1.0,1,0.55,0,1,0,21,0,0,7,1.0
2021-02-02,2020-21,EPL,Sheffield United,West Brom,0,1,0,0.0,-1.0,1,-0.45,1,1,0,21,0,0,1,1.0
2021-02-02,2020-21,EPL,Newcastle,Crystal Palace,1,0,0,1.0,2.0,1,0.55,0,0,0,21,0,1,1,0.0
2021-02-02,2020-21,EPL,Man United,Southampton,1,0,0,1.0,1.0,1,0.55,0,0,1,21,0,1,0,1.0
2021-02-03,2020-21,Ligue1,Strasbourg,Brest,1,0,0,1.0,3.0,1,0.55,0,1,1,22,0,0,0,0.5
2021-02-03,2020-21,Ligue1,Bordeaux,Lille,0,1,0,0.0,-1.0,1,-0.45,1,1,0,22,0,0,4,0.0
2021-02-03,2020-21,Ligue1,Metz,Montpellier,1,0,0,1.0,2.0,1,0.55,0,0,1,22,0,5,0,0.5
2021-02-03,2020-21,Ligue1,Reims,Angers,0,1,0,0.0,-1.0,1,-0.45,1,0,0,22,0,2,1,0.5
2021-02-03,2020-21,Ligue1,Rennes,Lorient,1,0,0,1.0,3.0,1,0.55,0,1,0,21,0,0,2,0.5
2021-02-03,2020-21,Ligue1,Dijon,Lyon,0,1,0,0.0,-3.0,1,-0.45,1,1,0,22,0,0,2,0.0
2021-02-03,2020-21,EPL,Liverpool,Brighton,0,0,1,0.0,0.0,1,-0.45,0,0,0,21,0,2,3,0.0
2021-02-03,2020-21,Ligue1,Monaco,Nice,1,0,0,1.0,1.0,1,0.55,0,0,1,22,0,7,0,1.0
2021-02-03,2020-21,Ligue1,Lens,Marseille,1,0,0,1.0,1.0,1,0.55,0,0,1,22,0,1,0,0.5
2021-02-03,2020-21,EPL,Aston Villa,West Ham,0,1,0,0.0,-1.0,1,-0.45,1,0,1,19,0,1,0,0.0
2021-02-03,2020-21,EPL,Fulham,Leicester,1,0,0,1.0,1.0,1,0.55,0,0,1,20,0,2,0,0.0
2021-02-03,2020-21,EPL,Burnley,Man City,0,1,0,0.0,-5.0,1,-0.45,1,1,0,20,0,0,12,0.0
2021-02-03,2020-21,EPL,Leeds,Everton,1,0,0,1.0,1.0,1,0.55,0,0,1,20,0,2,0,0.0
2021-02-03,2020-21,Ligue1,St Etienne,Nantes,0,0,1,0.0,0.0,1,-0.45,0,0,1,22,0,1,0,0.5
2021-02-03,2020-21,Ligue1,Paris SG,Nimes,1,0,0,1.0,4.0,1,0.55,0,1,1,22,0,0,0,1.0
2021-02-04,2020-21,EPL,Tottenham,Chelsea,0,0,1,0.0,0.0,1,-0.45,0,1,0,20,0,0,2,0.0
2021-02-05,2020-21,LaLiga,Alaves,Valladolid,1,0,0,1.0,2.0,1,0.55,0,0,1,21,0,1,0,1.0
2021-02-05,2020-21,SerieA,Fiorentina,Inter,0,1,0,0.0,-1.0,1,-0.45,1,0,0,20,0,2,4,0.0
2021-02-05,2020-21,Bundesliga,Hertha,Bayern Munich,0,1,0,0.0,-1.0,1,-0.45,1,1,0,19,0,0,4,0.0
2021-02-06,2020-21,EPL,Burnley,Brighton,0,0,1,0.0,0.0,1,-0.45,0,1,0,21,0,0,4,0.5
2021-02-06,2020-21,EPL,Newcastle,Southampton,0,1,0,0.0,-2.0,1,-0.45,1,1,1,22,0,0,0,1.0
2021-02-06,2020-21,EPL,Fulham,West Ham,0,1,0,0.0,-1.0,1,-0.45,1,1,0,21,0,0,1,0.5
2021-02-06,2020-21,EPL,Man United,Everton,1,0,0,1.0,2.0,1,0.55,0,0,0,22,0,2,1,0.5
2021-02-06,2020-21,SerieA,Atalanta,Torino,1,0,0,1.0,2.0,1,0.55,0,1,0,20,0,0,3,0.5
2021-02-06,2020-21,SerieA,Sassuolo,Spezia,1,0,0,1.0,3.0,1,0.55,0,0,1,20,0,1,0,0.0
2021-02-06,2020-21,LaLiga,Sevilla,Getafe,1,0,0,1.0,1.0,1,0.55,0,0,0,20,0,3,1,1.0
2021-02-06,2020-21,SerieA,Genoa,Napoli,0,1,0,0.0,-6.0,1,-0.45,1,0,0,20,0,4,1,1.0
2021-02-06,2020-21,SerieA,Juventus,Roma,0,0,1,0.0,0.0,1,-0.45,0,0,0,19,0,2,2,1.0
2021-02-06,2020-21,LaLiga,Huesca,Real Madrid,0,1,0,0.0,-3.0,1,-0.45,1,0,1,21,0,2,0,0.0
2021-02-06,2020-21,LaLiga,Elche,Villarreal,0,0,1,0.0,0.0,1,-0.45,0,1,0,19,0,0,5,0.5
2021-02-06,2020-21,Bundesliga,M'gladbach,FC Koln,1,0,0,1.0,2.0,1,0.55,0,0,0,19,0,6,1,0.0
2021-02-06,2020-21,Bundesliga,Schalke 04,RB Leipzig,0,1,0,0.0,-4.0,1,-0.45,1,0,0,19,0,1,1,0.0
2021-02-06,2020-21,Bundesliga,Mainz,Union Berlin,0,1,0,0.0,-4.0,1,-0.45,1,1,0,19,0,0,1,1.0
2021-02-06,2020-21,Bundesliga,Leverkusen,Stuttgart,0,0,1,0.0,0.0,1,-0.45,0,1,0,19,0,0,1,1.0
2021-02-06,2020-21,Bundesliga,Freiburg,Dortmund,0,1,0,0.0,-4.0,1,-0.45,1,1,0,19,0,0,1,1.0
2021-02-06,2020-21,Bundesliga,Augsburg,Wolfsburg,0,0,1,0.0,0.0,1,-0.45,0,1,0,19,0,0,5,0.0
2021-02-06,2020-21,LaLiga,Levante,Granada,0,0,1,0.0,0.0,1,-0.45,0,0,0,20,0,4,1,0.5
2021-02-06,2020-21,Ligue1,Lens,Rennes,1,0,0,1.0,2.0,1,0.55,0,0,0,23,0,2,1,0.5
2021-02-06,2020-21,Ligue1,Lyon,Strasbourg,1,0,0,1.0,1.0,1,0.55,0,0,0,23,0,3,1,1.0
2021-02-06,2020-21,Ligue1,Lorient,Reims,1,0,0,1.0,2.0,1,0.55,0,0,0,22,0,3,3,1.0
2021-02-06,2020-21,EPL,Aston Villa,Arsenal,1,0,0,1.0,3.0,1,0.55,0,1,1,20,0,0,0,1.0
2021-02-07,2020-21,LaLiga,Betis,Barcelona,0,1,0,0.0,-3.0,1,-0.45,1,0,0,21,0,5,10,0.0
2021-02-07,2020-21,LaLiga,Osasuna,Eibar,0,0,1,0.0,0.0,1,-0.45,0,1,1,21,0,0,0,1.0
2021-02-07,2020-21,SerieA,Lazio,Cagliari,1,0,0,1.0,2.0,1,0.55,0,0,0,20,0,6,1,1.0
2021-02-07,2020-21,SerieA,Parma,Bologna,0,1,0,0.0,-3.0,1,-0.45,1,1,1,20,0,0,0,0.0
2021-02-07,2020-21,EPL,Sheffield United,Chelsea,0,1,0,0.0,-3.0,1,-0.45,1,0,0,22,0,1,3,0.0
2021-02-07,2020-21,SerieA,Milan,Crotone,1,0,0,1.0,2.0,1,0.55,0,0,1,20,0,1,0,1.0
2021-02-07,2020-21,EPL,Liverpool,Man City,0,0,1,0.0,0.0,1,-0.45,0,1,0,22,0,0,13,0.0
2021-02-07,2020-21,EPL,Wolves,Leicester,0,1,0,0.0,-1.0,1,-0.45,1,0,0,22,0,1,1,0.5
2021-02-07,2020-21,EPL,Tottenham,West Brom,1,0,0,1.0,1.0,1,0.55,0,1,1,21,0,0,0,1.0
2021-02-07,2020-21,Ligue1,Brest,Bordeaux,0,1,0,0.0,-1.0,1,-0.45,1,0,1,23,0,1,0,1.0
2021-02-07,2020-21,Ligue1,Montpellier,Dijon,0,0,1,0.0,0.0,1,-0.45,0,0,1,23,0,1,0,1.0
2021-02-07,2020-21,Ligue1,Nice,Angers,1,0,0,1.0,3.0,1,0.55,0,1,0,22,0,0,2,1.0
2021-02-07,2020-21,Ligue1,Nimes,Monaco,0,1,0,0.0,-3.0,1,-0.45,1,1,0,22,0,0,8,0.0
2021-02-07,2020-21,Ligue1,St Etienne,Metz,0,1,0,0.0,-2.0,1,-0.45,1,0,0,23,0,2,6,1.0
2021-02-07,2020-21,Ligue1,Nantes,Lille,0,1,0,0.0,-2.0,1,-0.45,1,0,0,23,0,1,5,0.0
2021-02-07,2020-21,SerieA,Udinese,Verona,0,1,0,0.0,-1.0,1,-0.45,1,0,1,20,0,3,0,1.0
2021-02-07,2020-21,Ligue1,Marseille,Paris SG,1,0,0,1.0,1.0,1,0.55,0,0,0,21,0,1,1,0.0
2021-02-07,2020-21,LaLiga,Sociedad,Cadiz,1,0,0,1.0,1.0,1,0.55,0,0,1,21,0,2,0,1.0
2021-02-07,2020-21,Bundesliga,Hoffenheim,Ein Frankfurt,0,1,0,0.0,-1.0,1,-0.45,1,1,0,19,0,0,8,0.0
2021-02-07,2020-21,SerieA,Benevento,Sampdoria,1,0,0,1.0,1.0,1,0.55,0,1,1,20,0,0,0,0.5
2021-02-07,2020-21,LaLiga,Ath Bilbao,Valencia,0,0,1,0.0,0.0,1,-0.45,0,1,0,20,0,0,1,0.5
2021-02-08,2020-21,EPL,Leeds,Crystal Palace,0,1,0,0.0,-3.0,1,-0.45,1,1,0,21,0,0,2,1.0
2021-02-08,2020-21,LaLiga,Ath Madrid,Celta,1,0,0,1.0,2.0,1,0.55,0,0,0,19,0,8,2,0.5
2021-02-09,2020-21,LaLiga,Real Madrid,Getafe,0,0,0,0.45,0.0,0,0.0,0,0,1,21,0,1,0,1.0
2021-02-12,2020-21,LaLiga,Celta,Elche,0,0,1,0.0,0.0,1,-0.45,0,0,0,22,0,3,1,1.0
2021-02-12,2020-21,Bundesliga,RB Leipzig,Augsburg,1,0,0,1.0,2.0,1,0.55,0,0,1,20,0,2,0,1.0
2021-02-12,2020-21,SerieA,Bologna,Benevento,0,1,0,0.0,-1.0,1,-0.45,1,0,0,21,0,1,1,0.5
2021-02-13,2020-21,LaLiga,Granada,Ath Madrid,0,1,0,0.0,-5.0,1,-0.45,1,0,0,22,0,2,9,0.0
2021-02-13,2020-21,LaLiga,Sevilla,Huesca,1,0,0,1.0,1.0,1,0.55,0,0,1,21,0,4,0,1.0
2021-02-13,2020-21,SerieA,Napoli,Juventus,0,0,0,0.45,0.0,0,0.0,0,1,0,20,0,0,3,1.0
2021-02-13,2020-21,SerieA,Torino,Genoa,1,0,0,1.0,1.0,1,0.55,0,0,0,21,0,4,5,0.5
2021-02-13,2020-21,Ligue1,Lyon,Montpellier,0,1,0,0.0,-1.0,1,-0.45,1,0,0,24,0,4,2,0.0
2021-02-13,2020-21,Ligue1,Reims,Lens,0,0,1,0.0,0.0,1,-0.45,0,1,0,24,0,0,3,0.5
2021-02-13,2020-21,Ligue1,Paris SG,Nice,1,0,0,1.0,3.0,1,0.55,0,0,0,24,0,2,1,1.0
2021-02-13,2020-21,SerieA,Spezia,Milan,0,1,0,0.0,-3.0,1,-0.45,1,0,0,21,0,1,2,1.0
2021-02-13,2020-21,LaLiga,Eibar,Valladolid,1,0,0,1.0,1.0,1,0.55,0,1,1,22,0,0,0,0.5
2021-02-13,2020-21,LaLiga,Barcelona,Alaves,0,0,1,0.0,0.0,1,-0.45,0,0,0,21,0,11,2,1.0
2021-02-13,2020-21,Bundesliga,Dortmund,Hoffenheim,1,0,0,1.0,1.0,1,0.55,0,1,1,20,0,0,0,0.5
2021-02-13,2020-21,Bundesliga,Leverkusen,Mainz,1,0,0,1.0,1.0,1,0.55,0,0,0,20,0,1,1,0.5
2021-02-13,2020-21,EPL,Man City,Tottenham,0,1,0,0.0,-2.0,1,-0.45,1,0,0,22,0,14,1,1.0
2021-02-13,2020-21,EPL,Crystal Palace,Burnley,0,1,0,0.0,-1.0,1,-0.45,1,1,0,23,0,0,1,0.0
2021-02-13,2020-21,EPL,Leicester,Liverpool,0,1,0,0.0,-3.0,1,-0.45,1,0,1,23,0,2,0,1.0
2021-02-13,2020-21,EPL,Brighton,Aston Villa,1,0,0,1.0,1.0,1,0.55,0,0,0,23,0,5,1,0.5
2021-02-13,2020-21,Bundesliga,Union Berlin,Schalke 04,0,0,1,0.0,0.0,1,-0.45,0,1,1,20,0,0,0,0.5
2021-02-13,2020-21,Bundesliga,Werder Bremen,Freiburg,0,0,1,0.0,0.0,1,-0.45,0,0,0,19,0,2,1,0.5
2021-02-13,2020-21,Bundesliga,Stuttgart,Hertha,1,0,0,1.0,2.0,1,0.55,0,1,1,20,0,0,0,0.5
2021-02-14,2020-21,Bundesliga,Ein Frankfurt,FC Koln,0,0,1,0.0,0.0,1,-0.45,0,0,0,20,0,9,2,1.0
2021-02-14,2020-21,SerieA,Crotone,Sassuolo,0,1,0,0.0,-3.0,1,-0.45,1,1,1,21,0,0,0,0.0
2021-02-14,2020-21,EPL,Southampton,Wolves,0,0,1,0.0,0.0,1,-0.45,0,1,0,22,0,0,2,0.0
2021-02-14,2020-21,EPL,West Brom,Man United,0,1,0,0.0,-1.0,1,-0.45,1,1,0,23,0,0,3,0.5
2021-02-14,2020-21,EPL,Arsenal,Leeds,0,0,1,0.0,0.0,1,-0.45,0,1,0,23,0,0,1,1.0
2021-02-14,2020-21,EPL,Everton,Fulham,1,0,0,1.0,1.0,1,0.55,0,0,0,21,0,2,1,0.0
2021-02-14,2020-21,SerieA,Roma,Udinese,1,0,0,1.0,1.0,1,0.55,0,1,0,21,0,0,4,1.0
2021-02-14,2020-21,SerieA,Sampdoria,Fiorentina,1,0,0,1.0,1.0,1,0.55,0,0,1,21,0,1,0,1.0
2021-02-14,2020-21,Bundesliga,Wolfsburg,M'gladbach,0,0,1,0.0,0.0,1,-0.45,0,0,1,20,0,6,0,0.5
2021-02-14,2020-21,SerieA,Inter,Lazio,0,0,1,0.0,0.0,1,-0.45,0,0,0,21,0,5,7,1.0
2021-02-14,2020-21,LaLiga,Real Madrid,Valencia,0,1,0,0.0,-3.0,1,-0.45,1,0,0,22,0,2,2,1.0
2021-02-14,2020-21,SerieA,Cagliari,Atalanta,0,1,0,0.0,-3.0,1,-0.45,1,1,0,21,0,0,1,0.0
2021-02-14,2020-21,Ligue1,Bordeaux,Marseille,0,1,0,0.0,-2.0,1,-0.45,1,1,1,24,0,0,0,0.5
2021-02-14,2020-21,Ligue1,Lille,Brest,0,1,0,0.0,-1.0,1,-0.45,1,0,0,24,0,6,2,0.5
2021-02-14,2020-21,Ligue1,Rennes,St Etienne,1,0,0,1.0,3.0,1,0.55,0,0,0,23,0,2,3,0.0
2021-02-14,2020-21,Ligue1,Metz,Strasbourg,0,0,1,0.0,0.0,1,-0.45,0,1,1,24,0,0,0,0.0
2021-02-14,2020-21,Ligue1,Dijon,Nimes,1,0,0,1.0,2.0,1,0.55,0,1,1,24,0,0,0,0.0
2021-02-14,2020-21,LaLiga,Villarreal,Betis,0,0,1,0.0,0.0,1,-0.45,0,0,1,22,0,6,0,0.0
2021-02-14,2020-21,LaLiga,Levante,Osasuna,1,0,0,1.0,2.0,1,0.55,0,0,0,21,0,5,1,0.0
2021-02-14,2020-21,Ligue1,Angers,Nantes,0,0,1,0.0,0.0,1,-0.45,0,1,1,24,0,0,0,0.0
2021-02-14,2020-21,Ligue1,Monaco,Lorient,1,0,0,1.0,3.0,1,0.55,0,0,0,24,0,9,4,0.5
2021-02-14,2020-21,LaLiga,Getafe,Sociedad,0,1,0,0.0,-3.0,1,-0.45,1,1,0,22,0,0,3,0.0
2021-02-15,2020-21,Bundesliga,Bayern Munich,Bielefeld,1,0,0,1.0,3.0,1,0.55,0,0,1,20,0,5,0,0.5
2021-02-15,2020-21,EPL,Chelsea,Newcastle,1,0,0,1.0,2.0,1,0.55,0,0,0,23,0,4,1,1.0
2021-02-15,2020-21,EPL,West Ham,Sheffield United,1,0,0,1.0,1.0,1,0.55,0,0,1,23,0,2,0,1.0
2021-02-15,2020-21,SerieA,Verona,Parma,0,1,0,0.0,-1.0,1,-0.45,1,1,1,21,0,0,0,1.0
2021-02-15,2020-21,LaLiga,Cadiz,Ath Bilbao,1,0,0,1.0,1.0,1,0.55,0,1,0,22,0,0,1,0.0
2021-02-17,2020-21,EPL,Everton,Man City,0,0,0,0.45,0.0,0,0.0,0,1,0,22,0,0,15,0.0
2021-02-17,2020-21,EPL,Burnley,Fulham,0,0,0,0.45,0.0,0,0.0,0,0,0,23,0,2,2,0.5
2021-02-17,2020-21,Ligue1,Marseille,Nice,0,0,0,0.45,0.0,0,0.0,0,0,1,23,0,1,0,1.0
2021-02-17,2020-21,LaLiga,Levante,Ath Madrid,0,0,0,0.45,0.0,0,0.0,0,1,0,22,0,0,10,0.5
2021-02-19,2020-21,Ligue1,Brest,Lyon,0,0,1,0.0,0.0,1,-0.45,0,0,1,25,0,3,0,0.0
2021-02-19,2020-21,SerieA,Cagliari,Torino,1,0,0,1.0,1.0,1,0.55,0,1,0,22,0,0,5,0.0
2021-02-19,2020-21,SerieA,Fiorentina,Spezia,0,0,1,0.0,0.0,1,-0.45,0,1,0,22,0,0,2,1.0
2021-02-19,2020-21,Bundesliga,Bielefeld,Wolfsburg,0,1,0,0.0,-1.0,1,-0.45,1,0,0,20,0,1,7,0.0
2021-02-19,2020-21,LaLiga,Betis,Getafe,0,1,0,0.0,-3.0,1,-0.45,1,0,1,23,0,1,0,1.0
2021-02-19,2020-21,EPL,Wolves,Leeds,1,0,0,1.0,1.0,1,0.55,0,0,1,24,0,3,0,1.0
2021-02-20,2020-21,EPL,Fulham,Sheffield United,0,0,1,0.0,0.0,1,-0.45,0,0,1,24,0,3,0,1.0
2021-02-20,2020-21,EPL,Liverpool,Everton,0,0,1,0.0,0.0,1,-0.45,0,1,1,24,0,0,0,0.0
2021-02-20,2020-21,LaLiga,Valladolid,Real Madrid,0,1,0,0.0,-1.0,1,-0.45,1,0,0,23,0,1,3,0.0
2021-02-20,2020-21,EPL,Burnley,West Brom,0,0,1,0.0,0.0,1,-0.45,0,0,0,24,0,3,1,0.5
2021-02-20,2020-21,LaLiga,Ath Madrid,Levante,0,0,1,0.0,0.0,1,-0.45,0,0,0,22,0,11,1,0.0
2021-02-20,2020-21,EPL,Southampton,Chelsea,0,0,1,0.0,0.0,1,-0.45,0,1,0,23,0,0,5,0.5
2021-02-20,2020-21,Ligue1,St Etienne,Reims,0,1,0,0.0,-2.0,1,-0.45,1,0,0,25,0,4,1,0.5
2021-02-20,2020-21,Ligue1,Nantes,Marseille,0,1,0,0.0,-2.0,1,-0.45,1,0,0,25,0,1,2,0.5
2021-02-20,2020-21,LaLiga,Valencia,Celta,0,1,0,0.0,-1.0,1,-0.45,1,1,0,23,0,0,4,1.0
2021-02-20,2020-21,LaLiga,Elche,Eibar,1,0,0,1.0,1.0,1,0.55,0,1,0,21,0,0,1,1.0
2021-02-20,2020-21,Bundesliga,FC Koln,Stuttgart,0,0,1,0.0,0.0,1,-0.45,0,1,0,21,0,0,1,0.0
2021-02-20,2020-21,SerieA,Sassuolo,Bologna,1,0,0,1.0,1.0,1,0.55,0,0,0,22,0,1,2,0.5
2021-02-20,2020-21,SerieA,Genoa,Verona,0,0,1,0.0,0.0,1,-0.45,0,0,0,22,0,6,1,0.5
2021-02-20,2020-21,SerieA,Lazio,Sampdoria,0,1,0,0.0,-3.0,1,-0.45,1,1,0,22,0,0,2,1.0
2021-02-20,2020-21,Bundesliga,Ein Frankfurt,Bayern Munich,0,1,0,0.0,-5.0,1,-0.45,1,0,0,21,0,10,6,1.0
2021-02-20,2020-21,Bundesliga,Schalke 04,Dortmund,0,1,0,0.0,-3.0,1,-0.45,1,0,0,21,0,1,1,0.0
2021-02-20,2020-21,Bundesliga,M'gladbach,Mainz,1,0,0,1.0,1.0,1,0.55,0,0,0,21,0,1,2,0.0
2021-02-20,2020-21,Bundesliga,Freiburg,Union Berlin,0,0,1,0.0,0.0,1,-0.45,0,0,0,21,0,2,1,0.0
2021-02-21,2020-21,Bundesliga,Hertha,RB Leipzig,0,1,0,0.0,-1.0,1,-0.45,1,0,0,21,0,1,3,0.0
2021-02-21,2020-21,EPL,Arsenal,Man City,0,1,0,0.0,-1.0,1,-0.45,1,0,0,24,0,1,15,0.0
2021-02-21,2020-21,LaLiga,Ath Bilbao,Villarreal,0,0,1,0.0,0.0,1,-0.45,0,0,1,22,0,2,0,0.5
2021-02-21,2020-21,LaLiga,Huesca,Granada,0,0,1,0.0,0.0,1,-0.45,0,1,1,23,0,0,0,1.0
2021-02-21,2020-21,LaLiga,Sociedad,Alaves,0,0,1,0.0,0.0,1,-0.45,0,0,1,23,0,4,0,1.0
2021-02-21,2020-21,LaLiga,Barcelona,Cadiz,0,1,0,0.0,-1.0,1,-0.45,1,0,1,22,0,12,0,0.5
2021-02-21,2020-21,EPL,Man United,Newcastle,1,0,0,1.0,3.0,1,0.55,0,0,1,24,0,4,0,1.0
2021-02-21,2020-21,EPL,Aston Villa,Leicester,1,0,0,1.0,1.0,1,0.55,0,0,0,22,0,2,3,0.0
2021-02-21,2020-21,Ligue1,Montpellier,Rennes,0,1,0,0.0,-1.0,1,-0.45,1,0,1,25,0,3,0,1.0
2021-02-21,2020-21,Bundesliga,Augsburg,Leverkusen,0,1,0,0.0,-2.0,1,-0.45,1,1,0,21,0,0,2,0.5
2021-02-21,2020-21,Ligue1,Lens,Dijon,1,0,0,1.0,1.0,1,0.55,0,0,1,25,0,4,0,1.0
2021-02-21,2020-21,SerieA,Benevento,Roma,0,1,0,0.0,-3.0,1,-0.45,1,0,0,22,0,2,1,0.5
2021-02-21,2020-21,SerieA,Milan,Inter,1,0,0,1.0,1.0,1,0.55,0,1,0,22,0,0,6,0.0
2021-02-21,2020-21,SerieA,Atalanta,Napoli,0,1,0,0.0,-3.0,1,-0.45,1,0,0,22,0,2,1,1.0
2021-02-21,2020-21,Ligue1,Nice,Metz,0,0,1,0.0,0.0,1,-0.45,0,1,1,25,0,0,0,0.0
2021-02-21,2020-21,Bundesliga,Hoffenheim,Werder Bremen,0,0,1,0.0,0.0,1,-0.45,0,0,0,21,0,1,3,1.0
2021-02-21,2020-21,EPL,West Ham,Tottenham,0,0,1,0.0,0.0,1,-0.45,0,0,1,24,0,3,0,1.0
2021-02-21,2020-21,Ligue1,Nimes,Bordeaux,0,1,0,0.0,-2.0,1,-0.45,1,0,0,24,0,1,1,1.0
2021-02-21,2020-21,Ligue1,Strasbourg,Angers,1,0,0,1.0,2.0,1,0.55,0,0,1,25,0,1,0,0.5
2021-02-21,2020-21,Ligue1,Lorient,Lille,0,1,0,0.0,-4.0,1,-0.45,1,0,0,24,0,5,7,0.0
2021-02-21,2020-21,Ligue1,Paris SG,Monaco,0,1,0,0.0,-1.0,1,-0.45,1,0,0,25,0,3,10,0.0
2021-02-21,2020-21,SerieA,Parma,Udinese,0,1,0,0.0,-1.0,1,-0.45,1,1,1,22,0,0,0,0.5
2021-02-22,2020-21,LaLiga,Osasuna,Sevilla,0,1,0,0.0,-1.0,1,-0.45,1,0,0,23,0,2,5,0.0
2021-02-22,2020-21,EPL,Brighton,Crystal Palace,0,0,1,0.0,0.0,1,-0.45,0,0,1,24,0,6,0,0.0
2021-02-22,2020-21,SerieA,Juventus,Crotone,0,0,1,0.0,0.0,1,-0.45,0,1,1,21,0,0,0,1.0
2021-02-23,2020-21,EPL,Leeds,Southampton,0,0,0,0.45,0.0,0,0.0,0,1,0,24,0,0,1,1.0
2021-02-24,2020-21,Ligue1,Nimes,Lorient,0,1,0,0.0,-3.0,1,-0.45,1,0,1,25,0,2,0,1.0
2021-02-24,2020-21,LaLiga,Barcelona,Elche,1,0,0,1.0,2.0,1,0.55,0,0,0,23,0,13,1,1.0
2021-02-26,2020-21,Ligue1,Rennes,Nice,1,0,0,1.0,1.0,1,0.55,0,1,1,25,0,0,0,0.0
2021-02-26,2020-21,Bundesliga,Werder Bremen,Ein Frankfurt,0,0,1,0.0,0.0,1,-0.45,0,1,0,21,0,0,11,1.0
2021-02-26,2020-21,LaLiga,Levante,Ath Bilbao,0,1,0,0.0,-2.0,1,-0.45,1,0,0,24,0,2,3,0.5
2021-02-27,2020-21,EPL,West Brom,Brighton,0,0,1,0.0,0.0,1,-0.45,0,0,1,25,0,2,0,1.0
2021-02-27,2020-21,EPL,Newcastle,Wolves,0,0,1,0.0,0.0,1,-0.45,0,1,0,25,0,0,4,0.5
2021-02-27,2020-21,SerieA,Bologna,Lazio,0,1,0,0.0,-1.0,1,-0.45,1,0,0,23,0,3,1,1.0
2021-02-27,2020-21,Ligue1,Bordeaux,Metz,0,0,1,0.0,0.0,1,-0.45,0,1,0,26,0,0,1,0.0
2021-02-27,2020-21,Ligue1,Dijon,Paris SG,0,1,0,0.0,-4.0,1,-0.45,1,1,1,26,0,0,0,0.0
2021-02-27,2020-21,SerieA,Verona,Juventus,0,0,1,0.0,0.0,1,-0.45,0,0,0,23,0,2,1,0.5
2021-02-27,2020-21,LaLiga,Getafe,Valencia,0,0,1,0.0,0.0,1,-0.45,0,1,0,24,0,0,1,1.0
2021-02-27,2020-21,EPL,Leeds,Aston Villa,1,0,0,1.0,3.0,1,0.55,0,0,1,25,0,1,0,0.0
2021-02-27,2020-21,EPL,Man City,West Ham,0,0,1,0.0,0.0,1,-0.45,0,0,0,25,0,15,4,1.0
2021-02-27,2020-21,LaLiga,Alaves,Osasuna,0,0,1,0.0,0.0,1,-0.45,0,1,1,24,0,0,0,0.0
2021-02-27,2020-21,Bundesliga,Dortmund,Bielefeld,1,0,0,1.0,2.0,1,0.55,0,0,1,22,0,2,0,1.0
2021-02-27,2020-21,LaLiga,Eibar,Huesca,0,0,1,0.0,0.0,1,-0.45,0,1,0,24,0,0,1,0.5
2021-02-27,2020-21,SerieA,Spezia,Parma,0,0,1,0.0,0.0,1,-0.45,0,1,0,23,0,0,1,0.5
2021-02-27,2020-21,Bundesliga,RB Leipzig,M'gladbach,0,1,0,0.0,-1.0,1,-0.45,1,0,1,22,0,4,0,1.0
2021-02-27,2020-21,Bundesliga,Bayern Munich,FC Koln,1,0,0,1.0,1.0,1,0.55,0,1,1,22,0,0,0,1.0
2021-02-27,2020-21,LaLiga,Sevilla,Barcelona,0,0,1,0.0,0.0,1,-0.45,0,0,0,23,0,6,14,0.0
2021-02-27,2020-21,Bundesliga,Stuttgart,Schalke 04,0,0,1,0.0,0.0,1,-0.45,0,0,1,22,0,2,0,1.0
2021-02-27,2020-21,Bundesliga,Wolfsburg,Hertha,0,0,1,0.0,0.0,1,-0.45,0,0,1,22,0,8,0,1.0
2021-02-28,2020-21,SerieA,Roma,Milan,0,0,1,0.0,0.0,1,-0.45,0,0,1,23,0,2,0,0.0
2021-02-28,2020-21,Ligue1,Marseille,Lyon,0,0,1,0.0,0.0,1,-0.45,0,0,0,25,0,3,1,0.5
2021-02-28,2020-21,Bundesliga,Leverkusen,Freiburg,1,0,0,1.0,2.0,1,0.55,0,0,1,22,0,3,0,0.0
2021-02-28,2020-21,Bundesliga,Mainz,Augsburg,0,1,0,0.0,-2.0,1,-0.45,1,0,0,22,0,3,1,0.0
2021-02-28,2020-21,Bundesliga,Union Berlin,Hoffenheim,1,0,0,1.0,2.0,1,0.55,0,0,0,22,0,2,2,0.5
2021-02-28,2020-21,LaLiga,Celta,Valladolid,0,0,1,0.0,0.0,1,-0.45,0,1,1,24,0,0,0,0.5
2021-02-28,2020-21,Ligue1,Angers,Lens,1,0,0,1.0,2.0,1,0.55,0,0,0,26,0,1,5,0.5
2021-02-28,2020-21,Ligue1,Lorient,St Etienne,0,1,0,0.0,-2.0,1,-0.45,1,1,0,26,0,0,5,1.0
2021-02-28,2020-21,Ligue1,Nimes,Nantes,0,1,0,0.0,-1.0,1,-0.45,1,0,0,26,0,3,2,0.5
2021-02-28,2020-21,Ligue1,Reims,Montpellier,1,0,0,1.0,4.0,1,0.55,0,0,0,26,0,2,4,0.5
2021-02-28,2020-21,Ligue1,Lille,Strasbourg,1,0,0,1.0,3.0,1,0.55,0,0,0,26,0,8,2,0.5
2021-02-28,2020-21,Ligue1,Monaco,Brest,0,1,0,0.0,-1.0,1,-0.45,1,0,1,26,0,11,0,1.0
2021-02-28,2020-21,SerieA,Udinese,Fiorentina,0,1,0,0.0,-1.0,1,-0.45,1,0,0,23,0,1,1,1.0
2021-02-28,2020-21,SerieA,Napoli,Benevento,1,0,0,1.0,1.0,1,0.55,0,1,0,22,0,0,3,1.0
2021-02-28,2020-21,SerieA,Crotone,Cagliari,0,1,0,0.0,-2.0,1,-0.45,1,1,1,23,0,0,0,0.0
2021-02-28,2020-21,SerieA,Sampdoria,Atalanta,1,0,0,1.0,2.0,1,0.55,0,1,0,23,0,0,3,0.0
2021-02-28,2020-21,LaLiga,Cadiz,Betis,0,1,0,0.0,-1.0,1,-0.45,1,0,0,24,0,1,2,0.0
2021-02-28,2020-21,LaLiga,Granada,Elche,1,0,0,1.0,1.0,1,0.55,0,1,1,24,0,0,0,1.0
2021-02-28,2020-21,LaLiga,Villarreal,Ath Madrid,0,0,1,0.0,0.0,1,-0.45,0,0,1,24,0,1,0,0.0
2021-02-28,2020-21,EPL,Tottenham,Burnley,1,0,0,1.0,1.0,1,0.55,0,1,0,24,0,0,4,1.0
2021-02-28,2020-21,EPL,Leicester,Arsenal,1,0,0,1.0,1.0,1,0.55,0,0,1,25,0,4,0,0.0
2021-02-28,2020-21,EPL,Crystal Palace,Fulham,1,0,0,1.0,1.0,1,0.55,0,0,0,25,0,1,4,0.5
2021-02-28,2020-21,SerieA,Inter,Genoa,1,0,0,1.0,2.0,1,0.55,0,0,0,23,0,7,7,1.0
2021-02-28,2020-21,EPL,Sheffield United,Liverpool,0,1,0,0.0,-1.0,1,-0.45,1,1,1,25,0,0,0,0.0
2021-02-28,2020-21,EPL,Chelsea,Man United,0,0,1,0.0,0.0,1,-0.45,0,0,0,25,0,6,5,0.5
2021-03-01,2020-21,LaLiga,Real Madrid,Sociedad,0,0,1,0.0,0.0,1,-0.45,0,0,0,24,0,4,5,0.5
2021-03-01,2020-21,EPL,Everton,Southampton,0,1,0,0.0,-2.0,1,-0.45,1,0,1,24,0,1,0,1.0
2021-03-02,2020-21,SerieA,Juventus,Spezia,1,0,0,1.0,3.0,1,0.55,0,0,0,23,0,2,1,1.0
2021-03-02,2020-21,EPL,Man City,Wolves,1,0,0,1.0,2.0,1,0.55,0,0,0,26,0,15,5,1.0
2021-03-03,2020-21,Ligue1,Nice,Nimes,1,0,0,1.0,2.0,1,0.55,0,0,0,27,0,1,4,1.0
2021-03-03,2020-21,Ligue1,St Etienne,Lens,0,1,0,0.0,-2.0,1,-0.45,1,1,0,27,0,0,6,0.0
2021-03-03,2020-21,Ligue1,Lille,Marseille,0,0,1,0.0,0.0,1,-0.45,0,0,0,27,0,9,4,1.0
2021-03-03,2020-21,Ligue1,Nantes,Reims,0,1,0,0.0,-1.0,1,-0.45,1,0,0,27,0,3,3,0.0
2021-03-03,2020-21,Ligue1,Montpellier,Lorient,1,0,0,1.0,1.0,1,0.55,0,0,0,27,0,5,1,0.5
2021-03-03,2020-21,SerieA,Genoa,Sampdoria,0,0,1,0.0,0.0,1,-0.45,0,1,1,24,0,0,0,0.5
2021-03-03,2020-21,Ligue1,Strasbourg,Monaco,0,1,0,0.0,-1.0,1,-0.45,1,0,0,27,0,3,12,1.0
2021-03-03,2020-21,Ligue1,Bordeaux,Paris SG,0,0,1,0.0,0.0,1,-0.45,0,1,0,27,0,0,1,0.0
2021-03-03,2020-21,Ligue1,Metz,Angers,0,0,1,0.0,0.0,1,-0.45,0,0,0,27,0,2,2,0.0
2021-03-03,2020-21,SerieA,Cagliari,Bologna,0,1,0,0.0,-1.0,1,-0.45,1,0,0,24,0,1,4,1.0
2021-03-03,2020-21,Ligue1,Brest,Dijon,1,0,0,1.0,2.0,1,0.55,0,1,1,27,0,0,0,1.0
2021-03-03,2020-21,SerieA,Fiorentina,Roma,0,1,0,0.0,-2.0,1,-0.45,1,1,1,24,0,0,0,0.0
2021-03-03,2020-21,EPL,Burnley,Leicester,0,1,0,0.0,-2.0,1,-0.45,1,1,1,26,0,0,0,0.5
2021-03-03,2020-21,EPL,Sheffield United,Aston Villa,0,1,0,0.0,-1.0,1,-0.45,1,1,0,26,0,0,1,1.0
2021-03-03,2020-21,EPL,Crystal Palace,Man United,1,0,0,1.0,2.0,1,0.55,0,0,0,26,0,2,6,0.5
2021-03-03,2020-21,SerieA,Benevento,Verona,0,1,0,0.0,-2.0,1,-0.45,1,1,0,24,0,0,3,0.0
2021-03-03,2020-21,SerieA,Milan,Udinese,1,0,0,1.0,1.0,1,0.55,0,0,0,24,0,1,2,0.5
2021-03-03,2020-21,SerieA,Sassuolo,Napoli,1,0,0,1.0,2.0,1,0.55,0,0,0,23,0,2,1,0.5
2021-03-03,2020-21,SerieA,Atalanta,Crotone,1,0,0,1.0,1.0,1,0.55,0,0,1,24,0,4,0,1.0
2021-03-03,2020-21,Ligue1,Lyon,Rennes,0,0,1,0.0,0.0,1,-0.45,0,0,1,27,0,2,0,1.0
2021-03-04,2020-21,EPL,West Brom,Everton,0,1,0,0.0,-3.0,1,-0.45,1,0,0,26,0,3,2,0.0
2021-03-04,2020-21,SerieA,Parma,Inter,0,0,1,0.0,0.0,1,-0.45,0,0,0,24,0,2,8,0.0
2021-03-04,2020-21,EPL,Liverpool,Chelsea,1,0,0,1.0,2.0,1,0.55,0,0,0,26,0,1,7,0.0
2021-03-04,2020-21,EPL,Fulham,Tottenham,0,0,1,0.0,0.0,1,-0.45,0,0,0,26,0,5,1,0.0
2021-03-05,2020-21,Bundesliga,Schalke 04,Mainz,0,0,1,0.0,0.0,1,-0.45,0,1,1,23,0,0,0,0.5
2021-03-05,2020-21,LaLiga,Valencia,Villarreal,0,1,0,0.0,-1.0,1,-0.45,1,1,1,25,0,0,0,1.0
2021-03-06,2020-21,LaLiga,Osasuna,Barcelona,0,1,0,0.0,-4.0,1,-0.45,1,0,0,25,0,1,15,0.0
2021-03-06,2020-21,SerieA,Juventus,Lazio,0,0,1,0.0,0.0,1,-0.45,0,0,1,24,0,3,0,1.0
2021-03-06,2020-21,Bundesliga,Hoffenheim,Wolfsburg,0,1,0,0.0,-1.0,1,-0.45,1,0,0,23,0,3,9,1.0
2021-03-06,2020-21,Bundesliga,Hertha,Augsburg,1,0,0,1.0,3.0,1,0.55,0,1,0,23,0,0,2,1.0
2021-03-06,2020-21,Bundesliga,Freiburg,RB Leipzig,0,1,0,0.0,-3.0,1,-0.45,1,0,0,23,0,1,5,0.0
2021-03-06,2020-21,Bundesliga,Ein Frankfurt,Stuttgart,0,0,1,0.0,0.0,1,-0.45,0,1,0,23,0,0,3,0.5
2021-03-06,2020-21,LaLiga,Cadiz,Eibar,1,0,0,1.0,2.0,1,0.55,0,1,0,25,0,0,1,1.0
2021-03-06,2020-21,LaLiga,Elche,Sevilla,0,0,0,0.45,0.0,0,0.0,0,1,1,24,0,0,0,1.0
2021-03-06,2020-21,LaLiga,Valladolid,Getafe,1,0,0,1.0,1.0,1,0.55,0,0,0,25,0,1,1,1.0
2021-03-06,2020-21,SerieA,Udinese,Sassuolo,0,0,1,0.0,0.0,1,-0.45,0,0,0,25,0,3,3,1.0
2021-03-06,2020-21,SerieA,Spezia,Benevento,1,0,0,1.0,3.0,1,0.55,0,1,1,25,0,0,0,0.5
2021-03-06,2020-21,Bundesliga,Bayern Munich,Dortmund,1,0,0,1.0,1.0,1,0.55,0,0,0,23,0,1,3,1.0
2021-03-06,2020-21,Bundesliga,M'gladbach,Leverkusen,0,1,0,0.0,-1.0,1,-0.45,1,1,1,23,0,0,0,0.0
2021-03-06,2020-21,EPL,Aston Villa,Wolves,1,0,0,1.0,1.0,1,0.55,0,1,1,25,0,0,0,0.5
2021-03-06,2020-21,EPL,Sheffield United,Southampton,0,1,0,0.0,-3.0,1,-0.45,1,0,1,27,0,1,0,0.0
2021-03-06,2020-21,EPL,Burnley,Arsenal,1,0,0,1.0,1.0,1,0.55,0,0,0,27,0,1,1,0.5
2021-03-06,2020-21,EPL,Brighton,Leicester,0,1,0,0.0,-3.0,1,-0.45,1,1,0,26,0,0,1,0.0
2021-03-07,2020-21,EPL,Liverpool,Fulham,0,0,1,0.0,0.0,1,-0.45,0,1,1,27,0,0,0,0.0
2021-03-07,2020-21,LaLiga,Ath Bilbao,Granada,0,1,0,0.0,-2.0,1,-0.45,1,0,0,24,0,4,1,1.0
2021-03-07,2020-21,LaLiga,Sociedad,Levante,0,1,0,0.0,-1.0,1,-0.45,1,0,0,25,0,6,3,1.0
2021-03-07,2020-21,LaLiga,Ath Madrid,Real Madrid,0,1,0,0.0,-2.0,1,-0.45,1,0,0,24,0,1,5,0.5
2021-03-07,2020-21,LaLiga,Huesca,Celta,0,1,0,0.0,-1.0,1,-0.45,1,0,0,25,0,2,1,0.0
2021-03-07,2020-21,SerieA,Roma,Genoa,1,0,0,1.0,2.0,1,0.55,0,0,0,25,0,1,1,1.0
2021-03-07,2020-21,EPL,Man City,Man United,0,0,1,0.0,0.0,1,-0.45,0,0,0,27,0,15,7,0.0
2021-03-07,2020-21,EPL,West Brom,Newcastle,0,1,0,0.0,-1.0,1,-0.45,1,1,0,27,0,0,1,0.5
2021-03-07,2020-21,SerieA,Crotone,Torino,0,0,1,0.0,0.0,1,-0.45,0,1,0,25,0,0,6,1.0
2021-03-07,2020-21,SerieA,Fiorentina,Parma,0,0,1,0.0,0.0,1,-0.45,0,1,1,25,0,0,0,0.5
2021-03-07,2020-21,SerieA,Verona,Milan,0,0,1,0.0,0.0,1,-0.45,0,0,0,25,0,4,2,0.0
2021-03-07,2020-21,SerieA,Sampdoria,Cagliari,0,1,0,0.0,-2.0,1,-0.45,1,0,0,25,0,1,2,0.5
2021-03-07,2020-21,Bundesliga,FC Koln,Werder Bremen,0,0,1,0.0,0.0,1,-0.45,0,1,0,23,0,0,1,0.5
2021-03-07,2020-21,Bundesliga,Bielefeld,Union Berlin,0,1,0,0.0,-5.0,1,-0.45,1,1,0,22,0,0,3,0.5
2021-03-07,2020-21,SerieA,Napoli,Bologna,1,0,0,1.0,1.0,1,0.55,0,0,1,24,0,2,0,1.0
2021-03-07,2020-21,EPL,Tottenham,Crystal Palace,0,0,1,0.0,0.0,1,-0.45,0,0,0,26,0,2,3,1.0
2021-03-08,2020-21,EPL,West Ham,Leeds,1,0,0,1.0,1.0,1,0.55,0,1,1,26,0,0,0,1.0
2021-03-08,2020-21,LaLiga,Betis,Alaves,1,0,0,1.0,1.0,1,0.55,0,0,1,25,0,3,0,1.0
2021-03-08,2020-21,SerieA,Inter,Atalanta,0,0,1,0.0,0.0,1,-0.45,0,0,0,25,0,9,5,1.0
2021-03-08,2020-21,EPL,Chelsea,Everton,0,1,0,0.0,-1.0,1,-0.45,1,0,0,27,0,8,3,1.0
2021-03-10,2020-21,Ligue1,Marseille,Rennes,0,1,0,0.0,-1.0,1,-0.45,1,1,1,27,0,0,0,1.0
2021-03-10,2020-21,LaLiga,Ath Madrid,Ath Bilbao,0,0,0,0.45,0.0,0,0.0,0,0,0,25,0,2,5,1.0
2021-03-10,2020-21,EPL,Man City,Southampton,1,0,0,1.0,1.0,1,0.55,0,1,0,28,0,0,1,1.0
2021-03-10,2020-21,Bundesliga,Bielefeld,Werder Bremen,0,1,0,0.0,-1.0,1,-0.45,1,0,0,23,0,1,2,0.0
2021-03-12,2020-21,LaLiga,Levante,Valencia,0,1,0,0.0,-2.0,1,-0.45,1,1,0,26,0,0,1,1.0
2021-03-12,2020-21,SerieA,Atalanta,Spezia,0,0,1,0.0,0.0,1,-0.45,0,1,0,26,0,0,1,1.0
2021-03-12,2020-21,SerieA,Lazio,Crotone,1,0,0,1.0,2.0,1,0.55,0,1,0,25,0,0,1,1.0
2021-03-12,2020-21,Bundesliga,Augsburg,M'gladbach,0,0,1,0.0,0.0,1,-0.45,0,1,1,24,0,0,0,1.0
2021-03-12,2020-21,EPL,Newcastle,Aston Villa,0,1,0,0.0,-2.0,1,-0.45,1,0,0,27,0,2,1,0.5
2021-03-12,2020-21,Ligue1,Reims,Lyon,0,1,0,0.0,-3.0,1,-0.45,1,0,0,28,0,4,3,0.5
2021-03-13,2020-21,Bundesliga,Dortmund,Hertha,1,0,0,1.0,3.0,1,0.55,0,1,0,24,0,0,1,1.0
2021-03-13,2020-21,Bundesliga,Werder Bremen,Bayern Munich,0,0,1,0.0,0.0,1,-0.45,0,0,0,24,0,3,2,0.0
2021-03-13,2020-21,SerieA,Sassuolo,Verona,1,0,0,1.0,2.0,1,0.55,0,1,1,25,0,0,0,1.0
2021-03-13,2020-21,SerieA,Benevento,Fiorentina,1,0,0,1.0,1.0,1,0.55,0,0,0,26,0,1,1,0.0
2021-03-13,2020-21,SerieA,Genoa,Udinese,0,1,0,0.0,-1.0,1,-0.45,1,1,0,26,0,0,4,0.5
2021-03-13,2020-21,Ligue1,Marseille,Brest,1,0,0,1.0,1.0,1,0.55,0,0,0,28,0,1,1,1.0
2021-03-13,2020-21,Ligue1,Angers,St Etienne,0,0,1,0.0,0.0,1,-0.45,0,0,1,28,0,3,0,0.0
2021-03-13,2020-21,Bundesliga,Wolfsburg,Schalke 04,1,0,0,1.0,2.0,1,0.55,0,1,0,24,0,0,1,1.0
2021-03-13,2020-21,Bundesliga,Mainz,Freiburg,1,0,0,1.0,2.0,1,0.55,0,0,1,24,0,1,0,1.0
2021-03-13,2020-21,Bundesliga,Union Berlin,FC Koln,1,0,0,1.0,1.0,1,0.55,0,0,0,24,0,4,1,1.0
2021-03-13,2020-21,EPL,Fulham,Man City,0,1,0,0.0,-2.0,1,-0.45,1,0,0,28,0,1,1,0.0
2021-03-13,2020-21,EPL,Everton,Burnley,0,0,1,0.0,0.0,1,-0.45,0,1,0,27,0,0,2,0.0
2021-03-13,2020-21,LaLiga,Getafe,Ath Madrid,0,1,0,0.0,-1.0,1,-0.45,1,1,0,26,0,0,3,0.5
2021-03-13,2020-21,EPL,Leeds,Chelsea,0,1,0,0.0,-2.0,1,-0.45,1,1,0,27,0,0,9,0.5
2021-03-13,2020-21,EPL,Crystal Palace,West Brom,1,0,0,1.0,4.0,1,0.55,0,1,0,28,0,0,1,1.0
2021-03-13,2020-21,LaLiga,Real Madrid,Elche,0,0,1,0.0,0.0,1,-0.45,0,0,0,26,0,6,1,1.0
2021-03-13,2020-21,LaLiga,Osasuna,Valladolid,0,1,0,0.0,-1.0,1,-0.45,1,1,0,26,0,0,2,0.5
2021-03-13,2020-21,LaLiga,Alaves,Cadiz,0,1,0,0.0,-2.0,1,-0.45,1,1,0,26,0,0,1,0.5
2021-03-14,2020-21,Bundesliga,Leverkusen,Bielefeld,1,0,0,1.0,1.0,1,0.55,0,0,1,24,0,1,0,0.0
2021-03-14,2020-21,SerieA,Milan,Napoli,1,0,0,1.0,2.0,1,0.55,0,0,0,26,0,3,3,0.0
2021-03-14,2020-21,SerieA,Torino,Inter,0,1,0,0.0,-2.0,1,-0.45,1,1,0,24,0,0,10,0.0
2021-03-14,2020-21,SerieA,Parma,Roma,0,1,0,0.0,-3.0,1,-0.45,1,0,0,26,0,1,2,1.0
2021-03-14,2020-21,SerieA,Bologna,Sampdoria,1,0,0,1.0,1.0,1,0.55,0,1,0,26,0,0,2,1.0
2021-03-14,2020-21,LaLiga,Celta,Ath Bilbao,1,0,0,1.0,2.0,1,0.55,0,0,1,26,0,2,0,0.5
2021-03-14,2020-21,LaLiga,Granada,Sociedad,0,1,0,0.0,-2.0,1,-0.45,1,1,0,26,0,0,7,1.0
2021-03-14,2020-21,SerieA,Cagliari,Juventus,0,1,0,0.0,-2.0,1,-0.45,1,0,0,26,0,3,4,0.0
2021-03-14,2020-21,LaLiga,Sevilla,Betis,0,0,1,0.0,0.0,1,-0.45,0,1,0,25,0,0,4,1.0
2021-03-14,2020-21,EPL,Man United,West Ham,1,0,0,1.0,2.0,1,0.55,0,0,0,28,0,8,1,1.0
2021-03-14,2020-21,EPL,Leicester,Sheffield United,1,0,0,1.0,1.0,1,0.55,0,0,1,28,0,2,0,1.0
2021-03-14,2020-21,Bundesliga,Stuttgart,Hoffenheim,0,0,1,0.0,0.0,1,-0.45,0,0,0,24,0,4,4,1.0
2021-03-14,2020-21,Bundesliga,RB Leipzig,Ein Frankfurt,0,0,1,0.0,0.0,1,-0.45,0,0,0,24,0,6,1,0.5
2021-03-14,2020-21,Ligue1,Nimes,Montpellier,1,0,0,1.0,1.0,1,0.55,0,1,0,28,0,0,6,0.5
2021-03-14,2020-21,Ligue1,Dijon,Bordeaux,0,1,0,0.0,-3.0,1,-0.45,1,1,1,28,0,0,0,0.0
2021-03-14,2020-21,EPL,Arsenal,Tottenham,0,1,0,0.0,-2.0,1,-0.45,1,0,0,27,0,2,3,1.0
2021-03-14,2020-21,Ligue1,Lorient,Nice,0,0,1,0.0,0.0,1,-0.45,0,0,0,28,0,2,2,0.5
2021-03-14,2020-21,Ligue1,Lens,Metz,0,1,0,0.0,-2.0,1,-0.45,1,0,1,28,0,7,0,0.5
2021-03-14,2020-21,Ligue1,Monaco,Lille,0,1,0,0.0,-1.0,1,-0.45,1,1,0,28,0,0,10,0.5
2021-03-14,2020-21,Ligue1,Paris SG,Nantes,1,0,0,1.0,3.0,1,0.55,0,0,1,28,0,2,0,0.0
2021-03-14,2020-21,EPL,Southampton,Brighton,1,0,0,1.0,1.0,1,0.55,0,1,1,28,0,0,0,0.0
2021-03-14,2020-21,Ligue1,Rennes,Strasbourg,0,0,1,0.0,0.0,1,-0.45,0,1,0,28,0,0,4,1.0
2021-03-14,2020-21,LaLiga,Eibar,Villarreal,0,1,0,0.0,-1.0,1,-0.45,1,1,1,26,0,0,0,0.0
2021-03-15,2020-21,EPL,Wolves,Liverpool,0,1,0,0.0,-4.0,1,-0.45,1,0,1,28,0,1,0,0.0
2021-03-15,2020-21,LaLiga,Barcelona,Huesca,1,0,0,1.0,1.0,1,0.55,0,0,1,26,0,15,0,1.0
2021-03-17,2020-21,SerieA,Torino,Sassuolo,0,0,1,0.0,0.0,1,-0.45,0,1,0,25,0,0,1,1.0
2021-03-17,2020-21,LaLiga,Sevilla,Elche,0,1,0,0.0,-1.0,1,-0.45,1,0,1,26,0,1,0,1.0
2021-03-19,2020-21,Bundesliga,Bielefeld,RB Leipzig,0,1,0,0.0,-1.0,1,-0.45,1,0,0,25,0,1,7,0.0
2021-03-19,2020-21,EPL,Fulham,Leeds,0,1,0,0.0,-1.0,1,-0.45,1,1,0,29,0,0,1,0.0
2021-03-19,2020-21,LaLiga,Betis,Levante,0,1,0,0.0,-1.0,1,-0.45,1,1,0,27,0,0,1,1.0
2021-03-19,2020-21,SerieA,Parma,Genoa,1,0,0,1.0,1.0,1,0.55,0,0,0,27,0,2,1,0.0
2021-03-19,2020-21,Ligue1,St Etienne,Monaco,0,0,1,0.0,0.0,1,-0.45,0,0,0,29,0,1,1,0.0
2021-03-20,2020-21,LaLiga,Ath Bilbao,Eibar,1,0,0,1.0,1.0,1,0.55,0,0,1,27,0,1,0,0.5
2021-03-20,2020-21,Bundesliga,Bayern Munich,Stuttgart,1,0,0,1.0,2.0,1,0.55,0,0,0,25,0,3,5,1.0
2021-03-20,2020-21,Bundesliga,Ein Frankfurt,Union Berlin,0,0,1,0.0,0.0,1,-0.45,0,0,0,25,0,2,5,1.0
2021-03-20,2020-21,Bundesliga,FC Koln,Dortmund,1,0,0,1.0,1.0,1,0.55,0,1,0,25,0,0,1,0.5
2021-03-20,2020-21,Bundesliga,Werder Bremen,Wolfsburg,0,1,0,0.0,-2.0,1,-0.45,1,1,0,25,0,0,1,0.0
2021-03-20,2020-21,LaLiga,Valladolid,Sevilla,0,0,1,0.0,0.0,1,-0.45,0,0,0,27,0,3,2,0.5
2021-03-20,2020-21,Bundesliga,Schalke 04,M'gladbach,0,1,0,0.0,-3.0,1,-0.45,1,1,1,25,0,0,0,0.0
2021-03-20,2020-21,LaLiga,Huesca,Osasuna,0,0,1,0.0,0.0,1,-0.45,0,1,0,27,0,0,1,0.5
2021-03-20,2020-21,Ligue1,Metz,Rennes,0,1,0,0.0,-1.0,1,-0.45,1,0,0,29,0,1,1,0.0
2021-03-20,2020-21,Ligue1,Nice,Marseille,0,1,0,0.0,-1.0,1,-0.45,1,0,0,29,0,3,2,1.0
2021-03-20,2020-21,EPL,Brighton,Newcastle,1,0,0,1.0,3.0,1,0.55,0,0,0,28,0,1,3,1.0
2021-03-20,2020-21,SerieA,Spezia,Cagliari,0,0,1,0.0,0.0,1,-0.45,0,1,1,27,0,0,0,1.0
2021-03-20,2020-21,SerieA,Crotone,Bologna,0,1,0,0.0,-1.0,1,-0.45,1,1,0,27,0,0,1,0.0
2021-03-20,2020-21,LaLiga,Celta,Real Madrid,0,1,0,0.0,-2.0,1,-0.45,1,0,0,27,0,3,7,0.0
2021-03-21,2020-21,Ligue1,Strasbourg,Lens,1,0,0,1.0,1.0,1,0.55,0,1,0,29,0,0,8,0.0
2021-03-21,2020-21,LaLiga,Valencia,Granada,0,1,0,0.0,-1.0,1,-0.45,1,1,0,27,0,0,1,1.0
2021-03-21,2020-21,Ligue1,Dijon,Reims,0,0,1,0.0,0.0,1,-0.45,0,1,0,29,0,0,5,0.0
2021-03-21,2020-21,Ligue1,Montpellier,Bordeaux,1,0,0,1.0,2.0,1,0.55,0,0,0,29,0,7,1,1.0
2021-03-21,2020-21,Ligue1,Lyon,Paris SG,1,0,0,1.0,1.0,1,0.55,0,0,1,29,0,4,0,0.0
2021-03-21,2020-21,Ligue1,Lille,Nimes,1,0,0,1.0,1.0,1,0.55,0,0,0,29,0,11,1,0.0
2021-03-21,2020-21,Ligue1,Nantes,Lorient,1,0,0,1.0,2.0,1,0.55,0,0,0,29,0,1,3,0.5
2021-03-21,2020-21,LaLiga,Getafe,Elche,1,0,0,1.0,2.0,1,0.55,0,0,1,27,0,1,0,0.5
2021-03-21,2020-21,LaLiga,Sociedad,Barcelona,0,1,0,0.0,-1.0,1,-0.45,1,1,0,27,0,0,15,0.0
2021-03-21,2020-21,Ligue1,Brest,Angers,0,1,0,0.0,-1.0,1,-0.45,1,1,1,29,0,0,0,0.5
2021-03-21,2020-21,LaLiga,Ath Madrid,Alaves,1,0,0,1.0,1.0,1,0.55,0,0,0,27,0,4,1,1.0
2021-03-21,2020-21,LaLiga,Villarreal,Cadiz,0,0,1,0.0,0.0,1,-0.45,0,0,0,27,0,1,2,1.0
2021-03-21,2020-21,Bundesliga,Hoffenheim,Mainz,0,0,1,0.0,0.0,1,-0.45,0,1,0,25,0,0,2,0.0
2021-03-21,2020-21,SerieA,Verona,Atalanta,1,0,0,1.0,2.0,1,0.55,0,1,0,27,0,0,1,0.0
2021-03-21,2020-21,SerieA,Juventus,Benevento,0,0,1,0.0,0.0,1,-0.45,0,0,1,26,0,5,0,0.0
2021-03-21,2020-21,SerieA,Sampdoria,Torino,0,0,1,0.0,0.0,1,-0.45,0,1,0,27,0,0,1,1.0
2021-03-21,2020-21,SerieA,Udinese,Lazio,1,0,0,1.0,2.0,1,0.55,0,0,0,27,0,5,1,0.0
2021-03-21,2020-21,SerieA,Roma,Napoli,0,1,0,0.0,-4.0,1,-0.45,1,1,0,27,0,0,4,0.0
2021-03-21,2020-21,EPL,Aston Villa,Tottenham,0,0,0,0.45,0.0,0,0.0,0,0,1,27,0,2,0,0.0
2021-03-21,2020-21,SerieA,Fiorentina,Milan,0,1,0,0.0,-2.0,1,-0.45,1,0,1,27,0,2,0,0.0
2021-03-21,2020-21,Bundesliga,Hertha,Leverkusen,0,0,1,0.0,0.0,1,-0.45,0,1,1,25,0,0,0,1.0
2021-03-21,2020-21,Bundesliga,Freiburg,Augsburg,0,0,1,0.0,0.0,1,-0.45,0,1,0,25,0,0,1,1.0
2021-03-21,2020-21,EPL,West Ham,Arsenal,0,1,0,0.0,-1.0,1,-0.45,1,1,0,28,0,0,3,0.5
2021-04-02,2020-21,LaLiga,Levante,Huesca,0,0,1,0.0,0.0,1,-0.45,0,1,0,28,0,0,1,0.0
2021-04-03,2020-21,Ligue1,Lens,Lyon,0,1,0,0.0,-1.0,1,-0.45,1,0,1,30,0,9,0,0.5
2021-04-03,2020-21,Ligue1,Paris SG,Lille,0,0,1,0.0,0.0,1,-0.45,0,0,1,30,0,1,0,0.0
2021-04-03,2020-21,Ligue1,Monaco,Metz,1,0,0,1.0,1.0,1,0.55,0,0,1,30,0,2,0,1.0
2021-04-03,2020-21,Bundesliga,Wolfsburg,FC Koln,0,0,1,0.0,0.0,1,-0.45,0,0,0,26,0,2,1,1.0
2021-04-03,2020-21,Bundesliga,RB Leipzig,Bayern Munich,0,0,1,0.0,0.0,1,-0.45,0,0,0,26,0,8,4,0.0
2021-04-03,2020-21,SerieA,Cagliari,Verona,0,0,1,0.0,0.0,1,-0.45,0,1,1,28,0,0,0,0.0
2021-04-03,2020-21,SerieA,Lazio,Spezia,1,0,0,1.0,1.0,1,0.55,0,0,0,27,0,2,1,1.0
2021-04-03,2020-21,SerieA,Torino,Juventus,0,1,0,0.0,-1.0,1,-0.45,1,1,1,27,0,0,0,0.5
2021-04-03,2020-21,SerieA,Genoa,Fiorentina,0,0,1,0.0,0.0,1,-0.45,0,0,1,28,0,2,0,0.5
2021-04-03,2020-21,SerieA,Milan,Sampdoria,1,0,0,1.0,1.0,1,0.55,0,0,0,28,0,1,1,0.5
2021-04-03,2020-21,SerieA,Atalanta,Udinese,0,0,1,0.0,0.0,1,-0.45,0,0,1,28,0,2,0,1.0
2021-04-03,2020-21,SerieA,Benevento,Parma,0,0,1,0.0,0.0,1,-0.45,0,0,1,28,0,1,0,0.5
2021-04-03,2020-21,SerieA,Bologna,Inter,0,1,0,0.0,-2.0,1,-0.45,1,0,0,28,0,2,11,0.0
2021-04-03,2020-21,LaLiga,Osasuna,Getafe,0,1,0,0.0,-1.0,1,-0.45,1,0,0,28,0,2,2,0.5
2021-04-03,2020-21,SerieA,Sassuolo,Roma,0,0,1,0.0,0.0,1,-0.45,0,1,1,27,0,0,0,0.5
2021-04-03,2020-21,Bundesliga,Augsburg,Hoffenheim,0,1,0,0.0,-2.0,1,-0.45,1,1,1,26,0,0,0,1.0
2021-04-03,2020-21,SerieA,Napoli,Crotone,1,0,0,1.0,4.0,1,0.55,0,0,1,27,0,5,0,1.0
2021-04-03,2020-21,LaLiga,Real Madrid,Eibar,1,0,0,1.0,2.0,1,0.55,0,0,0,28,0,8,1,1.0
2021-04-03,2020-21,LaLiga,Granada,Villarreal,0,0,1,0.0,0.0,1,-0.45,0,1,0,28,0,0,2,0.0
2021-04-03,2020-21,Bundesliga,M'gladbach,Freiburg,0,0,1,0.0,0.0,1,-0.45,0,0,0,26,0,1,1,1.0
2021-04-03,2020-21,Bundesliga,Dortmund,Ein Frankfurt,0,0,1,0.0,0.0,1,-0.45,0,0,0,26,0,2,3,0.0
2021-04-03,2020-21,Bundesliga,Leverkusen,Schalke 04,1,0,0,1.0,3.0,1,0.55,0,1,1,26,0,0,0,1.0
2021-04-03,2020-21,EPL,Arsenal,Liverpool,0,1,0,0.0,-2.0,1,-0.45,1,0,0,29,0,4,1,0.0
2021-04-03,2020-21,Bundesliga,Mainz,Bielefeld,0,1,0,0.0,-1.0,1,-0.45,1,0,1,26,0,3,0,0.5
2021-04-03,2020-21,EPL,Chelsea,West Brom,0,0,1,0.0,0.0,1,-0.45,0,0,1,29,0,10,0,0.0
2021-04-03,2020-21,EPL,Leeds,Sheffield United,1,0,0,1.0,1.0,1,0.55,0,0,1,29,0,2,0,1.0
2021-04-03,2020-21,EPL,Leicester,Man City,1,0,0,1.0,3.0,1,0.55,0,0,0,29,0,3,2,0.0
2021-04-04,2020-21,LaLiga,Sevilla,Ath Madrid,0,1,0,0.0,-2.0,1,-0.45,1,0,0,28,0,3,5,1.0
2021-04-04,2020-21,EPL,Aston Villa,Fulham,1,0,0,1.0,3.0,1,0.55,0,1,1,28,0,0,0,1.0
2021-04-04,2020-21,LaLiga,Cadiz,Valencia,0,0,1,0.0,0.0,1,-0.45,0,1,0,28,0,0,1,1.0
2021-04-04,2020-21,EPL,Southampton,Burnley,1,0,0,1.0,1.0,1,0.55,0,1,0,29,0,0,3,1.0
2021-04-04,2020-21,Bundesliga,Union Berlin,Hertha,0,1,0,0.0,-2.0,1,-0.45,1,1,0,26,0,0,1,0.5
2021-04-04,2020-21,Bundesliga,Stuttgart,Werder Bremen,1,0,0,1.0,1.0,1,0.55,0,1,1,26,0,0,0,1.0
2021-04-04,2020-21,LaLiga,Alaves,Celta,0,1,0,0.0,-2.0,1,-0.45,1,1,1,28,0,0,0,0.0
2021-04-04,2020-21,EPL,Man United,Brighton,1,0,0,1.0,1.0,1,0.55,0,0,0,29,0,9,2,1.0
2021-04-04,2020-21,EPL,Newcastle,Tottenham,0,0,1,0.0,0.0,1,-0.45,0,1,0,29,0,0,1,0.5
2021-04-04,2020-21,LaLiga,Elche,Betis,0,1,0,0.0,-2.0,1,-0.45,1,0,0,28,0,1,1,0.5
2021-04-04,2020-21,Ligue1,Bordeaux,Strasbourg,1,0,0,1.0,2.0,1,0.55,0,1,1,30,0,0,0,0.0
2021-04-04,2020-21,Ligue1,Angers,Montpellier,0,1,0,0.0,-3.0,1,-0.45,1,0,0,30,0,1,8,0.5
2021-04-04,2020-21,Ligue1,Marseille,Dijon,0,0,1,0.0,0.0,1,-0.45,0,1,1,30,0,0,0,1.0
2021-04-04,2020-21,Ligue1,Nimes,St Etienne,0,0,1,0.0,0.0,1,-0.45,0,0,1,30,0,2,0,0.0
2021-04-04,2020-21,Ligue1,Reims,Rennes,0,0,1,0.0,0.0,1,-0.45,0,0,0,30,0,6,2,0.5
2021-04-04,2020-21,Ligue1,Nantes,Nice,0,1,0,0.0,-1.0,1,-0.45,1,0,0,30,0,2,4,0.0
2021-04-04,2020-21,Ligue1,Lorient,Brest,0,1,0,0.0,-1.0,1,-0.45,1,0,0,30,0,4,1,1.0
2021-04-05,2020-21,EPL,Wolves,West Ham,0,1,0,0.0,-4.0,1,-0.45,1,1,0,29,0,0,1,0.0
2021-04-05,2020-21,EPL,Everton,Crystal Palace,1,0,0,1.0,1.0,1,0.55,0,1,0,28,0,0,1,0.5
2021-04-05,2020-21,LaLiga,Barcelona,Valladolid,1,0,0,1.0,3.0,1,0.55,0,0,0,28,0,15,4,1.0
2021-04-07,2020-21,LaLiga,Sociedad,Ath Bilbao,1,0,0,1.0,1.0,1,0.55,0,1,0,28,0,0,2,0.5
2021-04-07,2020-21,SerieA,Juventus,Napoli,0,1,0,0.0,-1.0,1,-0.45,1,0,0,28,0,1,6,1.0
2021-04-07,2020-21,SerieA,Inter,Sassuolo,1,0,0,1.0,3.0,1,0.55,0,0,0,28,0,12,1,1.0
2021-04-09,2020-21,LaLiga,Huesca,Elche,0,0,1,0.0,0.0,1,-0.45,0,0,0,29,0,2,2,1.0
2021-04-09,2020-21,Bundesliga,Bielefeld,Freiburg,0,1,0,0.0,-2.0,1,-0.45,1,0,1,27,0,1,0,1.0
2021-04-09,2020-21,EPL,Fulham,Wolves,0,1,0,0.0,-1.0,1,-0.45,1,1,1,31,0,0,0,0.0
2021-04-09,2020-21,Ligue1,Metz,Lille,0,1,0,0.0,-1.0,1,-0.45,1,1,0,31,0,0,1,0.0
2021-04-10,2020-21,Bundesliga,Stuttgart,Dortmund,1,0,0,1.0,4.0,1,0.55,0,0,1,27,0,1,0,0.0
2021-04-10,2020-21,EPL,Man City,Leeds,0,0,1,0.0,0.0,1,-0.45,0,0,0,31,0,3,3,0.0
2021-04-10,2020-21,Bundesliga,Hertha,M'gladbach,0,0,1,0.0,0.0,1,-0.45,0,0,0,27,0,2,2,0.5
2021-04-10,2020-21,EPL,Liverpool,Aston Villa,0,1,0,0.0,-5.0,1,-0.45,1,0,0,30,0,2,1,1.0
2021-04-10,2020-21,EPL,Crystal Palace,Chelsea,0,1,0,0.0,-4.0,1,-0.45,1,0,1,30,0,2,0,0.0
2021-04-10,2020-21,Bundesliga,Bayern Munich,Union Berlin,0,0,1,0.0,0.0,1,-0.45,0,0,0,27,0,5,1,0.5
2021-04-10,2020-21,Bundesliga,Werder Bremen,RB Leipzig,0,1,0,0.0,-2.0,1,-0.45,1,1,1,27,0,0,0,0.0
2021-04-10,2020-21,Ligue1,Montpellier,Marseille,0,1,0,0.0,-2.0,1,-0.45,1,0,0,31,0,9,1,0.5
2021-04-10,2020-21,Bundesliga,Ein Frankfurt,Wolfsburg,0,1,0,0.0,-1.0,1,-0.45,1,0,0,27,0,4,3,1.0
2021-04-10,2020-21,LaLiga,Eibar,Levante,0,1,0,0.0,-1.0,1,-0.45,1,1,1,29,0,0,0,0.0
2021-04-10,2020-21,LaLiga,Ath Bilbao,Alaves,0,1,0,0.0,-1.0,1,-0.45,1,0,1,29,0,3,0,0.5
2021-04-10,2020-21,LaLiga,Getafe,Cadiz,1,0,0,1.0,2.0,1,0.55,0,0,0,29,0,3,1,0.0
2021-04-10,2020-21,SerieA,Spezia,Crotone,0,1,0,0.0,-3.0,1,-0.45,1,1,1,29,0,0,0,1.0
2021-04-10,2020-21,Ligue1,Strasbourg,Paris SG,0,1,0,0.0,-4.0,1,-0.45,1,0,1,31,0,1,0,0.0
2021-04-10,2020-21,SerieA,Parma,Milan,0,0,1,0.0,0.0,1,-0.45,0,0,0,29,0,1,2,0.0
2021-04-10,2020-21,SerieA,Udinese,Torino,1,0,0,1.0,1.0,1,0.55,0,1,0,29,0,0,1,0.0
2021-04-10,2020-21,LaLiga,Real Madrid,Barcelona,1,0,0,1.0,2.0,1,0.55,0,0,0,29,0,9,15,1.0
2021-04-11,2020-21,Ligue1,St Etienne,Bordeaux,1,0,0,1.0,1.0,1,0.55,0,0,1,31,0,1,0,1.0
2021-04-11,2020-21,Ligue1,Monaco,Dijon,1,0,0,1.0,1.0,1,0.55,0,0,1,31,0,3,0,1.0
2021-04-11,2020-21,Ligue1,Lyon,Angers,1,0,0,1.0,1.0,1,0.55,0,0,0,31,0,1,2,1.0
2021-04-11,2020-21,SerieA,Juventus,Genoa,1,0,0,1.0,2.0,1,0.55,0,0,0,29,0,2,3,1.0
2021-04-11,2020-21,LaLiga,Villarreal,Osasuna,1,0,0,1.0,2.0,1,0.55,0,0,0,29,0,3,3,0.0
2021-04-11,2020-21,LaLiga,Valencia,Sociedad,1,0,0,1.0,1.0,1,0.55,0,1,0,29,0,0,1,0.5
2021-04-11,2020-21,LaLiga,Valladolid,Granada,1,0,0,1.0,2.0,1,0.55,0,1,1,29,0,0,0,0.0
2021-04-11,2020-21,EPL,Burnley,Newcastle,0,1,0,0.0,-2.0,1,-0.45,1,1,0,30,0,0,1,0.0
2021-04-11,2020-21,EPL,West Ham,Leicester,1,0,0,1.0,3.0,1,0.55,0,0,1,30,0,2,0,1.0
2021-04-11,2020-21,EPL,Tottenham,Man United,1,0,0,1.0,5.0,1,0.55,0,0,0,30,0,2,10,0.0
2021-04-11,2020-21,EPL,Sheffield United,Arsenal,0,1,0,0.0,-1.0,1,-0.45,1,1,1,30,0,0,0,0.0
2021-04-11,2020-21,Ligue1,Nice,Reims,0,0,1,0.0,0.0,1,-0.45,0,0,0,31,0,5,7,0.5
2021-04-11,2020-21,Ligue1,Lens,Lorient,1,0,0,1.0,1.0,1,0.55,0,0,0,31,0,10,5,1.0
2021-04-11,2020-21,SerieA,Sampdoria,Napoli,0,1,0,0.0,-1.0,1,-0.45,1,0,1,29,0,2,0,0.0
2021-04-11,2020-21,Bundesliga,FC Koln,Mainz,1,0,0,1.0,1.0,1,0.55,0,1,0,27,0,0,4,0.0
2021-04-11,2020-21,Bundesliga,Schalke 04,Augsburg,0,0,1,0.0,0.0,1,-0.45,0,1,0,27,0,0,1,1.0
2021-04-11,2020-21,LaLiga,Betis,Ath Madrid,0,1,0,0.0,-2.0,1,-0.45,1,0,1,29,0,2,0,0.5
2021-04-11,2020-21,Ligue1,Brest,Nimes,0,1,0,0.0,-4.0,1,-0.45,1,1,1,31,0,0,0,0.5
2021-04-11,2020-21,Ligue1,Rennes,Nantes,0,0,1,0.0,0.0,1,-0.45,0,0,1,31,0,3,0,1.0
2021-04-11,2020-21,SerieA,Inter,Cagliari,1,0,0,1.0,2.0,1,0.55,0,0,1,29,0,13,0,1.0
2021-04-11,2020-21,SerieA,Verona,Lazio,1,0,0,1.0,1.0,1,0.55,0,0,0,29,0,1,3,0.0
2021-04-11,2020-21,SerieA,Roma,Bologna,1,0,0,1.0,4.0,1,0.55,0,0,1,29,0,1,0,1.0
2021-04-11,2020-21,SerieA,Fiorentina,Atalanta,0,1,0,0.0,-3.0,1,-0.45,1,0,0,29,0,1,3,0.0
2021-04-12,2020-21,Bundesliga,Hoffenheim,Leverkusen,0,1,0,0.0,-3.0,1,-0.45,1,1,0,27,0,0,1,0.5
2021-04-12,2020-21,LaLiga,Celta,Sevilla,0,1,0,0.0,-2.0,1,-0.45,1,0,0,29,0,1,4,0.0
2021-04-12,2020-21,EPL,West Brom,Southampton,0,1,0,0.0,-2.0,1,-0.45,1,0,0,30,0,1,1,1.0
2021-04-12,2020-21,EPL,Brighton,Everton,0,1,0,0.0,-2.0,1,-0.45,1,1,0,30,0,0,1,0.5
2021-04-12,2020-21,SerieA,Benevento,Sassuolo,0,1,0,0.0,-1.0,1,-0.45,1,0,1,29,0,2,0,0.0
2021-04-16,2020-21,Bundesliga,RB Leipzig,Hoffenheim,1,0,0,1.0,1.0,1,0.55,0,0,0,28,0,1,1,0.5
2021-04-16,2020-21,EPL,Everton,Tottenham,1,0,0,1.0,1.0,1,0.55,0,0,1,30,0,2,0,0.5
2021-04-16,2020-21,Ligue1,Lille,Montpellier,1,0,0,1.0,1.0,1,0.55,0,0,0,32,0,2,10,0.5
2021-04-17,2020-21,SerieA,Crotone,Udinese,0,0,1,0.0,0.0,1,-0.45,0,1,1,30,0,0,0,0.0
2021-04-17,2020-21,SerieA,Cagliari,Parma,0,0,1,0.0,0.0,1,-0.45,0,1,1,30,0,0,0,1.0
2021-04-17,2020-21,Ligue1,Marseille,Lorient,1,0,0,1.0,1.0,1,0.55,0,0,1,32,0,2,0,1.0
2021-04-17,2020-21,Ligue1,Angers,Rennes,1,0,0,1.0,1.0,1,0.55,0,1,0,32,0,0,4,0.0
2021-04-17,2020-21,Bundesliga,Leverkusen,FC Koln,1,0,0,1.0,4.0,1,0.55,0,0,1,28,0,2,0,1.0
2021-04-17,2020-21,Bundesliga,Wolfsburg,Bayern Munich,0,1,0,0.0,-1.0,1,-0.45,1,1,0,28,0,0,6,0.0
2021-04-17,2020-21,Bundesliga,Union Berlin,Stuttgart,0,0,1,0.0,0.0,1,-0.45,0,0,1,28,0,2,0,1.0
2021-04-17,2020-21,Bundesliga,Freiburg,Schalke 04,1,0,0,1.0,2.0,1,0.55,0,1,0,28,0,0,1,1.0
2021-04-17,2020-21,Bundesliga,Augsburg,Bielefeld,1,0,0,1.0,1.0,1,0.55,0,1,0,28,0,0,2,0.5
2021-04-17,2020-21,EPL,Wolves,Sheffield United,1,0,0,1.0,2.0,1,0.55,0,0,1,31,0,1,0,1.0
2021-04-17,2020-21,EPL,Newcastle,West Ham,1,0,0,1.0,2.0,1,0.55,0,0,0,31,0,2,3,1.0
2021-04-17,2020-21,SerieA,Sassuolo,Fiorentina,0,0,1,0.0,0.0,1,-0.45,0,0,1,30,0,1,0,1.0
2021-04-17,2020-21,SerieA,Sampdoria,Verona,1,0,0,1.0,1.0,1,0.55,0,1,1,30,0,0,0,1.0
2021-04-17,2020-21,Bundesliga,M'gladbach,Ein Frankfurt,0,0,1,0.0,0.0,1,-0.45,0,0,0,28,0,3,5,1.0
2021-04-18,2020-21,Bundesliga,Dortmund,Werder Bremen,1,0,0,1.0,1.0,1,0.55,0,0,1,28,0,1,0,1.0
2021-04-18,2020-21,EPL,Arsenal,Fulham,1,0,0,1.0,3.0,1,0.55,0,0,1,31,0,1,0,0.5
2021-04-18,2020-21,EPL,Man United,Burnley,1,0,0,1.0,1.0,1,0.55,0,0,1,31,0,11,0,1.0
2021-04-18,2020-21,LaLiga,Ath Madrid,Eibar,1,0,0,1.0,1.0,1,0.55,0,0,1,30,0,1,0,1.0
2021-04-18,2020-21,Ligue1,Bordeaux,Monaco,0,1,0,0.0,-4.0,1,-0.45,1,1,0,32,0,0,4,0.0
2021-04-18,2020-21,SerieA,Napoli,Inter,0,1,0,0.0,-1.0,1,-0.45,1,0,0,30,0,1,14,0.5
2021-04-18,2020-21,SerieA,Torino,Roma,0,1,0,0.0,-2.0,1,-0.45,1,0,0,29,0,2,2,1.0
2021-04-18,2020-21,SerieA,Lazio,Benevento,0,0,1,0.0,0.0,1,-0.45,0,0,1,29,0,4,0,1.0
2021-04-18,2020-21,SerieA,Bologna,Spezia,0,0,1,0.0,0.0,1,-0.45,0,1,0,30,0,0,1,1.0
2021-04-18,2020-21,LaLiga,Levante,Villarreal,0,1,0,0.0,-1.0,1,-0.45,1,0,1,30,0,1,0,0.0
2021-04-18,2020-21,LaLiga,Getafe,Real Madrid,0,1,0,0.0,-2.0,1,-0.45,1,1,0,30,0,0,10,0.5
2021-04-18,2020-21,LaLiga,Cadiz,Celta,0,1,0,0.0,-4.0,1,-0.45,1,0,1,30,0,2,0,0.5
2021-04-18,2020-21,LaLiga,Betis,Valencia,1,0,0,1.0,2.0,1,0.55,0,0,0,30,0,3,1,0.5
2021-04-18,2020-21,SerieA,Atalanta,Juventus,0,0,1,0.0,0.0,1,-0.45,0,0,0,30,0,4,3,1.0
2021-04-18,2020-21,LaLiga,Sociedad,Sevilla,0,1,0,0.0,-1.0,1,-0.45,1,0,0,30,0,2,5,0.0
2021-04-18,2020-21,LaLiga,Alaves,Huesca,0,1,0,0.0,-1.0,1,-0.45,1,0,0,30,0,1,3,1.0
2021-04-18,2020-21,SerieA,Milan,Genoa,0,0,1,0.0,0.0,1,-0.45,0,0,1,30,0,3,0,1.0
2021-04-18,2020-21,Ligue1,Brest,Lens,0,1,0,0.0,-1.0,1,-0.45,1,0,0,32,0,1,11,0.5
2021-04-18,2020-21,Ligue1,Dijon,Nice,1,0,0,1.0,2.0,1,0.55,0,1,0,32,0,0,6,1.0
2021-04-18,2020-21,Ligue1,Nantes,Lyon,0,1,0,0.0,-3.0,1,-0.45,1,1,0,32,0,0,2,0.0
2021-04-18,2020-21,LaLiga,Osasuna,Elche,0,0,1,0.0,0.0,1,-0.45,0,0,1,30,0,4,0,1.0
2021-04-18,2020-21,Ligue1,Reims,Metz,0,1,0,0.0,-1.0,1,-0.45,1,0,1,32,0,8,0,0.5
2021-04-18,2020-21,Ligue1,Nimes,Strasbourg,0,1,0,0.0,-5.0,1,-0.45,1,0,1,32,0,1,0,0.5
2021-04-18,2020-21,Ligue1,Paris SG,St Etienne,0,0,1,0.0,0.0,1,-0.45,0,0,0,32,0,1,2,1.0
2021-04-19,2020-21,EPL,Leeds,Liverpool,0,1,0,0.0,-1.0,1,-0.45,1,0,0,31,0,4,3,0.5
2021-04-20,2020-21,SerieA,Verona,Fiorentina,0,0,1,0.0,0.0,1,-0.45,0,1,1,31,0,0,0,0.0
2021-04-20,2020-21,Bundesliga,Ein Frankfurt,Augsburg,1,0,0,1.0,2.0,1,0.55,0,1,0,29,0,0,1,1.0
2021-04-20,2020-21,Bundesliga,Bayern Munich,Leverkusen,1,0,0,1.0,1.0,1,0.55,0,0,0,29,0,7,3,1.0
2021-04-20,2020-21,EPL,Chelsea,Brighton,1,0,0,1.0,2.0,1,0.55,0,0,0,31,0,1,1,0.5
2021-04-20,2020-21,Bundesliga,FC Koln,RB Leipzig,0,0,1,0.0,0.0,1,-0.45,0,1,0,29,0,0,2,1.0
2021-04-20,2020-21,Bundesliga,Bielefeld,Schalke 04,1,0,0,1.0,1.0,1,0.55,0,0,1,29,0,3,0,1.0
2021-04-21,2020-21,LaLiga,Cadiz,Real Madrid,1,0,0,1.0,1.0,1,0.55,0,0,0,31,0,3,11,0.0
2021-04-21,2020-21,SerieA,Bologna,Torino,0,0,1,0.0,0.0,1,-0.45,0,0,0,31,0,1,3,0.5
2021-04-21,2020-21,SerieA,Milan,Sassuolo,1,0,0,1.0,1.0,1,0.55,0,0,0,31,0,4,2,0.0
2021-04-21,2020-21,SerieA,Crotone,Sampdoria,0,1,0,0.0,-2.0,1,-0.45,1,1,0,31,0,0,1,0.0
2021-04-21,2020-21,SerieA,Juventus,Parma,1,0,0,1.0,4.0,1,0.55,0,1,1,31,0,0,0,1.0
2021-04-21,2020-21,LaLiga,Elche,Valladolid,0,0,1,0.0,0.0,1,-0.45,0,1,1,31,0,0,0,0.5
2021-04-21,2020-21,Bundesliga,Werder Bremen,Mainz,1,0,0,1.0,1.0,1,0.55,0,1,0,29,0,0,5,0.0
2021-04-21,2020-21,Bundesliga,Stuttgart,Wolfsburg,0,1,0,0.0,-1.0,1,-0.45,1,1,1,29,0,0,0,0.0
2021-04-21,2020-21,Bundesliga,Hoffenheim,M'gladbach,1,0,0,1.0,1.0,1,0.55,0,0,0,29,0,2,4,1.0
2021-04-21,2020-21,Bundesliga,Dortmund,Union Berlin,0,1,0,0.0,-1.0,1,-0.45,1,0,0,29,0,2,3,1.0
2021-04-21,2020-21,SerieA,Genoa,Benevento,0,1,0,0.0,-2.0,1,-0.45,1,1,1,31,0,0,0,0.5
2021-04-21,2020-21,EPL,Aston Villa,Man City,0,1,0,0.0,-2.0,1,-0.45,1,1,1,30,0,0,0,0.0
2021-04-21,2020-21,EPL,Tottenham,Southampton,1,0,0,1.0,3.0,1,0.55,0,0,1,32,0,1,0,1.0
2021-04-21,2020-21,LaLiga,Alaves,Villarreal,0,1,0,0.0,-2.0,1,-0.45,1,0,0,31,0,2,1,1.0
2021-04-21,2020-21,LaLiga,Osasuna,Valencia,0,0,1,0.0,0.0,1,-0.45,0,0,0,31,0,5,2,1.0
2021-04-21,2020-21,SerieA,Spezia,Inter,0,1,0,0.0,-1.0,1,-0.45,1,1,0,31,0,0,15,0.5
2021-04-21,2020-21,SerieA,Udinese,Cagliari,0,0,1,0.0,0.0,1,-0.45,0,0,0,31,0,1,1,0.0
2021-04-21,2020-21,LaLiga,Levante,Sevilla,0,1,0,0.0,-1.0,1,-0.45,1,1,0,31,0,0,6,0.0
2021-04-21,2020-21,LaLiga,Betis,Ath Bilbao,0,1,0,0.0,-4.0,1,-0.45,1,0,0,31,0,4,4,0.5
2021-04-22,2020-21,LaLiga,Ath Madrid,Huesca,0,0,1,0.0,0.0,1,-0.45,0,0,1,31,0,2,0,1.0
2021-04-22,2020-21,SerieA,Napoli,Lazio,0,1,0,0.0,-2.0,1,-0.45,1,0,0,31,0,2,5,1.0
2021-04-22,2020-21,SerieA,Roma,Atalanta,0,1,0,0.0,-3.0,1,-0.45,1,1,0,31,0,0,5,0.5
2021-04-22,2020-21,LaLiga,Granada,Eibar,0,1,0,0.0,-2.0,1,-0.45,1,0,1,30,0,1,0,1.0
2021-04-22,2020-21,LaLiga,Sociedad,Celta,1,0,0,1.0,3.0,1,0.55,0,1,0,31,0,0,1,1.0
2021-04-22,2020-21,LaLiga,Barcelona,Getafe,0,1,0,0.0,-1.0,1,-0.45,1,1,0,30,0,0,1,1.0
2021-04-22,2020-21,EPL,Leicester,West Brom,1,0,0,1.0,3.0,1,0.55,0,1,0,31,0,0,2,1.0
2021-04-23,2020-21,Ligue1,Reims,Marseille,0,0,1,0.0,0.0,1,-0.45,0,0,0,33,0,9,3,0.0
2021-04-23,2020-21,Bundesliga,Augsburg,FC Koln,1,0,0,1.0,1.0,1,0.55,0,1,0,30,0,0,1,0.0
2021-04-23,2020-21,EPL,Arsenal,Everton,0,1,0,0.0,-1.0,1,-0.45,1,0,0,32,0,2,3,0.0
2021-04-24,2020-21,SerieA,Sassuolo,Sampdoria,1,0,0,1.0,1.0,1,0.55,0,0,0,32,0,3,2,1.0
2021-04-24,2020-21,SerieA,Genoa,Spezia,1,0,0,1.0,1.0,1,0.55,0,0,0,32,0,1,1,1.0
2021-04-24,2020-21,Bundesliga,Union Berlin,Werder Bremen,1,0,0,1.0,2.0,1,0.55,0,1,1,30,0,0,0,1.0
2021-04-24,2020-21,Bundesliga,Wolfsburg,Dortmund,0,1,0,0.0,-2.0,1,-0.45,1,0,0,30,0,1,3,0.0
2021-04-24,2020-21,Bundesliga,Leverkusen,Ein Frankfurt,0,1,0,0.0,-1.0,1,-0.45,1,1,0,30,0,0,1,1.0
2021-04-24,2020-21,SerieA,Parma,Crotone,0,1,0,0.0,-1.0,1,-0.45,1,1,1,32,0,0,0,0.0
2021-04-24,2020-21,Bundesliga,Mainz,Bayern Munich,0,1,0,0.0,-3.0,1,-0.45,1,0,0,29,0,6,8,1.0
2021-04-24,2020-21,Ligue1,St Etienne,Brest,0,1,0,0.0,-3.0,1,-0.45,1,1,0,33,0,0,2,0.0
2021-04-24,2020-21,LaLiga,Real Madrid,Betis,1,0,0,1.0,1.0,1,0.55,0,0,0,32,0,12,5,0.5
2021-04-24,2020-21,EPL,Sheffield United,Brighton,0,0,1,0.0,0.0,1,-0.45,0,1,0,32,0,0,2,1.0
2021-04-24,2020-21,EPL,West Ham,Chelsea,0,1,0,0.0,-3.0,1,-0.45,1,1,0,32,0,0,2,0.0
2021-04-24,2020-21,EPL,Liverpool,Newcastle,0,0,1,0.0,0.0,1,-0.45,0,0,0,32,0,4,3,0.5
2021-04-24,2020-21,Ligue1,Metz,Paris SG,0,1,0,0.0,-1.0,1,-0.45,1,0,0,33,0,1,2,0.0
2021-04-24,2020-21,LaLiga,Valencia,Alaves,0,0,1,0.0,0.0,1,-0.45,0,1,0,32,0,0,3,0.5
2021-04-24,2020-21,Bundesliga,Freiburg,Hoffenheim,1,0,0,1.0,2.0,1,0.55,0,0,0,29,0,1,3,0.5
2021-04-24,2020-21,LaLiga,Elche,Levante,0,0,1,0.0,0.0,1,-0.45,0,0,1,32,0,1,0,1.0
2021-04-24,2020-21,LaLiga,Valladolid,Cadiz,0,0,1,0.0,0.0,1,-0.45,0,0,1,31,0,1,0,0.5
2021-04-25,2020-21,SerieA,Inter,Verona,1,0,0,1.0,1.0,1,0.55,0,0,1,32,0,15,0,1.0
2021-04-25,2020-21,SerieA,Cagliari,Roma,0,1,0,0.0,-1.0,1,-0.45,1,0,0,32,0,2,1,1.0
2021-04-25,2020-21,SerieA,Atalanta,Bologna,0,0,1,0.0,0.0,1,-0.45,0,0,0,32,0,6,2,1.0
2021-04-25,2020-21,Ligue1,Lyon,Lille,0,0,1,0.0,0.0,1,-0.45,0,0,0,33,0,3,3,0.0
2021-04-25,2020-21,SerieA,Benevento,Udinese,1,0,0,1.0,2.0,1,0.55,0,0,1,32,0,1,0,0.0
2021-04-25,2020-21,EPL,Wolves,Burnley,0,1,0,0.0,-1.0,1,-0.45,1,0,1,32,0,2,0,0.0
2021-04-25,2020-21,EPL,Leeds,Man United,0,1,0,0.0,-4.0,1,-0.45,1,0,0,32,0,5,12,0.5
2021-04-25,2020-21,EPL,Aston Villa,West Brom,1,0,0,1.0,3.0,1,0.55,0,1,1,31,0,0,0,0.5
2021-04-25,2020-21,SerieA,Fiorentina,Juventus,1,0,0,1.0,3.0,1,0.55,0,0,0,32,0,1,1,0.5
2021-04-25,2020-21,Ligue1,Angers,Monaco,0,1,0,0.0,-3.0,1,-0.45,1,1,0,33,0,0,5,0.0
2021-04-25,2020-21,Ligue1,Rennes,Dijon,0,0,1,0.0,0.0,1,-0.45,0,0,0,33,0,5,1,1.0
2021-04-25,2020-21,LaLiga,Ath Bilbao,Ath Madrid,0,1,0,0.0,-1.0,1,-0.45,1,0,0,31,0,5,3,1.0
2021-04-25,2020-21,Bundesliga,RB Leipzig,Stuttgart,1,0,0,1.0,1.0,1,0.55,0,1,1,30,0,0,0,1.0
2021-04-25,2020-21,Ligue1,Strasbourg,Nantes,1,0,0,1.0,4.0,1,0.55,0,0,1,33,0,1,0,0.0
2021-04-25,2020-21,Ligue1,Lorient,Bordeaux,0,1,0,0.0,-1.0,1,-0.45,1,1,1,33,0,0,0,1.0
2021-04-25,2020-21,Ligue1,Lens,Nimes,0,0,1,0.0,0.0,1,-0.45,0,0,0,33,0,12,2,1.0
2021-04-25,2020-21,Ligue1,Nice,Montpellier,0,1,0,0.0,-2.0,1,-0.45,1,1,0,33,0,0,11,1.0
2021-04-25,2020-21,Bundesliga,M'gladbach,Bielefeld,1,0,0,1.0,1.0,1,0.55,0,1,0,30,0,0,4,1.0
2021-04-25,2020-21,LaLiga,Villarreal,Barcelona,0,1,0,0.0,-4.0,1,-0.45,1,1,0,32,0,0,1,0.0
2021-04-25,2020-21,LaLiga,Celta,Osasuna,0,1,0,0.0,-2.0,1,-0.45,1,1,0,32,0,0,6,1.0
2021-04-25,2020-21,LaLiga,Sevilla,Granada,0,1,0,0.0,-1.0,1,-0.45,1,0,0,32,0,7,2,1.0
2021-04-25,2020-21,LaLiga,Huesca,Getafe,0,1,0,0.0,-1.0,1,-0.45,1,1,1,32,0,0,0,0.0
2021-04-26,2020-21,LaLiga,Eibar,Sociedad,0,0,1,0.0,0.0,1,-0.45,0,1,0,32,0,0,1,0.0
2021-04-26,2020-21,EPL,Leicester,Crystal Palace,0,0,1,0.0,0.0,1,-0.45,0,0,1,32,0,1,0,1.0
2021-04-26,2020-21,SerieA,Torino,Napoli,0,0,1,0.0,0.0,1,-0.45,0,0,0,31,0,4,3,0.0
2021-04-26,2020-21,SerieA,Lazio,Milan,0,1,0,0.0,-1.0,1,-0.45,1,1,1,31,0,0,0,1.0
2021-04-28,2020-21,LaLiga,Ath Bilbao,Valladolid,0,1,0,0.0,-1.0,1,-0.45,1,0,0,32,0,6,2,0.5
2021-04-29,2020-21,LaLiga,Barcelona,Granada,1,0,0,1.0,4.0,1,0.55,0,0,1,32,0,2,0,0.0
2021-04-30,2020-21,LaLiga,Celta,Levante,0,0,1,0.0,0.0,1,-0.45,0,0,1,33,0,1,0,1.0
2021-04-30,2020-21,Ligue1,Marseille,Strasbourg,1,0,0,1.0,1.0,1,0.55,0,0,1,34,0,4,0,0.5
2021-04-30,2020-21,EPL,Southampton,Leicester,0,1,0,0.0,-2.0,1,-0.45,1,1,0,32,0,0,2,0.5
2021-05-01,2020-21,SerieA,Verona,Spezia,1,0,0,1.0,1.0,1,0.55,0,1,1,33,0,0,0,0.5
2021-05-01,2020-21,SerieA,Crotone,Inter,0,1,0,0.0,-4.0,1,-0.45,1,0,0,33,0,1,15,0.0
2021-05-01,2020-21,Ligue1,Paris SG,Lens,0,1,0,0.0,-1.0,1,-0.45,1,0,0,34,0,3,13,1.0
2021-05-01,2020-21,Ligue1,Lille,Nice,0,0,1,0.0,0.0,1,-0.45,0,0,0,34,0,4,1,1.0
2021-05-01,2020-21,SerieA,Milan,Benevento,1,0,0,1.0,2.0,1,0.55,0,1,1,33,0,0,0,1.0
2021-05-01,2020-21,LaLiga,Eibar,Alaves,0,1,0,0.0,-1.0,1,-0.45,1,1,0,33,0,0,4,1.0
2021-05-01,2020-21,LaLiga,Elche,Ath Madrid,0,1,0,0.0,-2.0,1,-0.45,1,0,1,33,0,2,0,0.0
2021-05-01,2020-21,LaLiga,Huesca,Sociedad,0,1,0,0.0,-3.0,1,-0.45,1,1,0,33,0,0,2,1.0
2021-05-01,2020-21,LaLiga,Real Madrid,Osasuna,0,0,1,0.0,0.0,1,-0.45,0,0,1,33,0,13,0,1.0
2021-05-01,2020-21,EPL,Crystal Palace,Man City,0,1,0,0.0,-4.0,1,-0.45,1,1,0,32,0,0,1,0.0
2021-05-01,2020-21,EPL,Brighton,Leeds,1,0,0,1.0,1.0,1,0.55,0,1,0,33,0,0,6,1.0
2021-05-01,2020-21,EPL,Chelsea,Fulham,1,0,0,1.0,1.0,1,0.55,0,0,0,33,0,3,1,1.0
2021-05-01,2020-21,EPL,Everton,Aston Villa,0,0,0,0.45,0.0,0,0.0,0,0,0,32,0,4,1,0.0
2021-05-02,2020-21,SerieA,Udinese,Juventus,0,1,0,0.0,-3.0,1,-0.45,1,0,0,33,0,1,2,0.0
2021-05-02,2020-21,SerieA,Sampdoria,Roma,0,1,0,0.0,-1.0,1,-0.45,1,1,1,33,0,0,0,1.0
2021-05-02,2020-21,SerieA,Sassuolo,Atalanta,0,1,0,0.0,-4.0,1,-0.45,1,0,0,33,0,4,7,0.5
2021-05-02,2020-21,SerieA,Napoli,Cagliari,1,0,0,1.0,3.0,1,0.55,0,0,0,33,0,4,3,0.5
2021-05-02,2020-21,EPL,Newcastle,Arsenal,0,1,0,0.0,-3.0,1,-0.45,1,0,1,33,0,4,0,0.0
2021-05-02,2020-21,SerieA,Lazio,Genoa,0,0,1,0.0,0.0,1,-0.45,0,0,0,32,0,1,2,1.0
2021-05-02,2020-21,LaLiga,Valencia,Barcelona,0,0,1,0.0,0.0,1,-0.45,0,0,1,33,0,1,0,0.0
2021-05-02,2020-21,LaLiga,Granada,Cadiz,0,0,1,0.0,0.0,1,-0.45,0,0,0,33,0,1,1,0.0
2021-05-02,2020-21,LaLiga,Villarreal,Getafe,1,0,0,1.0,2.0,1,0.55,0,1,0,33,0,0,1,1.0
2021-05-02,2020-21,LaLiga,Valladolid,Betis,0,1,0,0.0,-2.0,1,-0.45,1,0,0,33,0,3,6,0.5
2021-05-02,2020-21,SerieA,Bologna,Fiorentina,0,0,1,0.0,0.0,1,-0.45,0,1,0,33,0,0,2,0.5
2021-05-02,2020-21,Ligue1,Brest,Nantes,0,1,0,0.0,-2.0,1,-0.45,1,0,0,34,0,3,1,0.0
2021-05-02,2020-21,Ligue1,Bordeaux,Rennes,1,0,0,1.0,1.0,1,0.55,0,1,0,34,0,0,6,1.0
2021-05-02,2020-21,Ligue1,Lorient,Angers,0,1,0,0.0,-2.0,1,-0.45,1,0,1,34,0,1,0,1.0
2021-05-02,2020-21,EPL,Tottenham,Sheffield United,1,0,0,1.0,2.0,1,0.55,0,0,0,33,0,2,1,1.0
2021-05-02,2020-21,Ligue1,Montpellier,St Etienne,1,0,0,1.0,1.0,1,0.55,0,1,1,34,0,0,0,0.0
2021-05-02,2020-21,Ligue1,Monaco,Lyon,0,1,0,0.0,-3.0,1,-0.45,1,0,1,34,0,6,0,0.0
2021-05-02,2020-21,Ligue1,Dijon,Metz,0,0,1,0.0,0.0,1,-0.45,0,1,1,34,0,0,0,0.0
2021-05-02,2020-21,Ligue1,Nimes,Reims,1,0,0,1.0,1.0,1,0.55,0,1,1,34,0,0,0,0.5
2021-05-03,2020-21,Bundesliga,Mainz,Hertha,0,0,1,0.0,0.0,1,-0.45,0,0,0,30,0,7,3,0.5
2021-05-03,2020-21,SerieA,Torino,Parma,1,0,0,1.0,3.0,1,0.55,0,1,1,32,0,0,0,1.0
2021-05-03,2020-21,LaLiga,Sevilla,Ath Bilbao,0,1,0,0.0,-1.0,1,-0.45,1,0,0,33,0,8,7,0.0
2021-05-03,2020-21,EPL,Burnley,West Ham,0,1,0,0.0,-1.0,1,-0.45,1,0,1,33,0,1,0,0.0
2021-05-03,2020-21,EPL,West Brom,Wolves,1,0,0,1.0,1.0,1,0.55,0,0,1,33,0,1,0,0.5
2021-05-06,2020-21,Bundesliga,Hertha,Freiburg,0,1,0,0.0,-3.0,1,-0.45,1,0,0,29,0,4,2,1.0
2021-05-07,2020-21,Ligue1,Lens,Lille,0,1,0,0.0,-4.0,1,-0.45,1,1,0,35,0,0,5,0.0
2021-05-07,2020-21,EPL,Leicester,Newcastle,1,0,0,1.0,1.0,1,0.55,0,0,1,34,0,3,0,0.0
2021-05-07,2020-21,LaLiga,Sociedad,Elche,1,0,0,1.0,3.0,1,0.55,0,1,1,34,0,0,0,1.0
2021-05-07,2020-21,Bundesliga,Stuttgart,Augsburg,1,0,0,1.0,3.0,1,0.55,0,1,1,31,0,0,0,1.0
2021-05-08,2020-21,SerieA,Spezia,Napoli,1,0,0,1.0,1.0,1,0.55,0,0,0,34,0,1,5,0.0
2021-05-08,2020-21,LaLiga,Ath Bilbao,Osasuna,0,1,0,0.0,-1.0,1,-0.45,1,0,1,34,0,8,0,0.5
2021-05-08,2020-21,LaLiga,Cadiz,Huesca,1,0,0,1.0,2.0,1,0.55,0,0,0,34,0,2,1,1.0
2021-05-08,2020-21,LaLiga,Alaves,Levante,0,0,1,0.0,0.0,1,-0.45,0,1,1,34,0,0,0,0.5
2021-05-08,2020-21,SerieA,Inter,Sampdoria,0,1,0,0.0,-1.0,1,-0.45,1,0,0,34,0,15,1,1.0
2021-05-08,2020-21,EPL,Man City,Chelsea,1,0,0,1.0,2.0,1,0.55,0,0,0,34,0,2,4,0.0
2021-05-08,2020-21,Bundesliga,Dortmund,RB Leipzig,1,0,0,1.0,2.0,1,0.55,0,0,0,31,0,4,1,1.0
2021-05-08,2020-21,Bundesliga,Hoffenheim,Schalke 04,0,1,0,0.0,-4.0,1,-0.45,1,0,1,31,0,4,0,1.0
2021-05-08,2020-21,Bundesliga,Werder Bremen,Leverkusen,0,0,1,0.0,0.0,1,-0.45,0,1,0,31,0,0,1,0.5
2021-05-08,2020-21,Bundesliga,Wolfsburg,Union Berlin,0,0,1,0.0,0.0,1,-0.45,0,1,0,31,0,0,1,1.0
2021-05-08,2020-21,Bundesliga,Bayern Munich,M'gladbach,0,1,0,0.0,-1.0,1,-0.45,1,1,0,31,0,0,1,1.0
2021-05-08,2020-21,SerieA,Fiorentina,Lazio,0,1,0,0.0,-1.0,1,-0.45,1,0,0,34,0,3,2,1.0
2021-05-08,2020-21,EPL,Leeds,Tottenham,0,1,0,0.0,-3.0,1,-0.45,1,1,0,34,0,0,3,1.0
2021-05-08,2020-21,EPL,Sheffield United,Crystal Palace,0,1,0,0.0,-2.0,1,-0.45,1,1,1,34,0,0,0,0.0
2021-05-08,2020-21,SerieA,Udinese,Bologna,0,0,1,0.0,0.0,1,-0.45,0,1,0,34,0,0,1,0.5
2021-05-08,2020-21,EPL,Liverpool,Southampton,0,1,0,0.0,-1.0,1,-0.45,1,0,0,33,0,5,1,1.0
2021-05-08,2020-21,LaLiga,Barcelona,Ath Madrid,0,1,0,0.0,-1.0,1,-0.45,1,0,0,34,0,1,1,0.5
2021-05-08,2020-21,Ligue1,Lyon,Lorient,0,0,1,0.0,0.0,1,-0.45,0,0,0,35,0,1,2,1.0
2021-05-08,2020-21,Ligue1,Nantes,Bordeaux,0,0,1,0.0,0.0,1,-0.45,0,0,0,35,0,2,1,1.0
2021-05-09,2020-21,SerieA,Benevento,Cagliari,1,0,0,1.0,1.0,1,0.55,0,1,0,34,0,0,4,0.0
2021-05-09,2020-21,Ligue1,Strasbourg,Montpellier,0,1,0,0.0,-1.0,1,-0.45,1,0,1,35,0,1,0,0.0
2021-05-09,2020-21,Ligue1,Nice,Brest,0,1,0,0.0,-2.0,1,-0.45,1,1,1,35,0,0,0,1.0
2021-05-09,2020-21,Ligue1,Metz,Nimes,1,0,0,1.0,1.0,1,0.55,0,0,0,35,0,1,1,0.0
2021-05-09,2020-21,Bundesliga,FC Koln,Freiburg,0,1,0,0.0,-5.0,1,-0.45,1,0,1,31,0,2,0,0.0
2021-05-09,2020-21,Bundesliga,Ein Frankfurt,Mainz,1,0,0,1.0,2.0,1,0.55,0,1,0,31,0,0,8,0.5
2021-05-09,2020-21,Bundesliga,Hertha,Bielefeld,0,1,0,0.0,-1.0,1,-0.45,1,0,1,30,0,5,0,0.5
2021-05-09,2020-21,LaLiga,Getafe,Eibar,0,0,1,0.0,0.0,1,-0.45,0,1,0,34,0,0,1,0.0
2021-05-09,2020-21,LaLiga,Valencia,Valladolid,1,0,0,1.0,1.0,1,0.55,0,1,0,34,0,0,4,1.0
2021-05-09,2020-21,Ligue1,Angers,Dijon,1,0,0,1.0,1.0,1,0.55,0,1,1,35,0,0,0,1.0
2021-05-09,2020-21,Ligue1,St Etienne,Marseille,1,0,0,1.0,2.0,1,0.55,0,0,0,35,0,1,5,1.0
2021-05-09,2020-21,SerieA,Genoa,Sassuolo,0,1,0,0.0,-1.0,1,-0.45,1,1,0,34,0,0,5,0.0
2021-05-09,2020-21,Ligue1,Rennes,Paris SG,0,1,0,0.0,-3.0,1,-0.45,1,1,0,35,0,0,4,0.5
2021-05-09,2020-21,SerieA,Parma,Atalanta,0,1,0,0.0,-3.0,1,-0.45,1,1,0,34,0,0,8,0.0
2021-05-09,2020-21,SerieA,Verona,Torino,0,0,1,0.0,0.0,1,-0.45,0,0,0,34,0,1,1,0.5
2021-05-09,2020-21,SerieA,Roma,Crotone,1,0,0,1.0,2.0,1,0.55,0,1,1,34,0,0,0,1.0
2021-05-09,2020-21,SerieA,Juventus,Milan,1,0,0,1.0,2.0,1,0.55,0,0,0,34,0,3,1,0.0
2021-05-09,2020-21,LaLiga,Villarreal,Celta,1,0,0,1.0,4.0,1,0.55,0,0,0,34,0,1,2,0.0
2021-05-09,2020-21,LaLiga,Real Madrid,Sevilla,1,0,0,1.0,1.0,1,0.55,0,0,1,34,0,14,0,0.5
2021-05-09,2020-21,EPL,Wolves,Brighton,0,0,1,0.0,0.0,1,-0.45,0,0,0,34,0,1,1,1.0
2021-05-09,2020-21,EPL,Aston Villa,Man United,0,1,0,0.0,-1.0,1,-0.45,1,0,0,33,0,2,13,0.0
2021-05-09,2020-21,EPL,West Ham,Everton,1,0,0,1.0,1.0,1,0.55,0,0,1,34,0,1,0,0.0
2021-05-09,2020-21,EPL,Arsenal,West Brom,1,0,0,1.0,4.0,1,0.55,0,0,0,34,0,1,2,1.0
2021-05-09,2020-21,Ligue1,Reims,Monaco,0,0,1,0.0,0.0,1,-0.45,0,0,1,35,0,1,0,0.0
2021-05-10,2020-21,LaLiga,Betis,Granada,0,1,0,0.0,-2.0,1,-0.45,1,0,1,34,0,7,0,1.0
2021-05-10,2020-21,EPL,Fulham,Burnley,0,0,1,0.0,0.0,1,-0.45,0,1,1,34,0,0,0,0.0
2021-05-11,2020-21,LaLiga,Osasuna,Cadiz,1,0,0,1.0,2.0,1,0.55,0,0,0,35,0,1,3,1.0
2021-05-11,2020-21,EPL,Southampton,Crystal Palace,0,1,0,0.0,-1.0,1,-0.45,1,1,0,34,0,0,1,1.0
2021-05-11,2020-21,LaLiga,Levante,Barcelona,0,1,0,0.0,-1.0,1,-0.45,1,0,0,35,0,1,2,0.5
2021-05-11,2020-21,LaLiga,Elche,Alaves,1,0,0,1.0,2.0,1,0.55,0,1,0,35,0,0,1,0.0
2021-05-11,2020-21,SerieA,Napoli,Udinese,1,0,0,1.0,1.0,1,0.55,0,0,0,35,0,6,1,1.0
2021-05-11,2020-21,EPL,Man United,Leicester,0,0,1,0.0,0.0,1,-0.45,0,0,1,34,0,14,0,0.0
2021-05-12,2020-21,LaLiga,Huesca,Ath Bilbao,0,1,0,0.0,-2.0,1,-0.45,1,1,0,35,0,0,9,1.0
2021-05-12,2020-21,LaLiga,Ath Madrid,Sociedad,1,0,0,1.0,2.0,1,0.55,0,0,0,35,0,2,1,1.0
2021-05-12,2020-21,EPL,Chelsea,Arsenal,0,1,0,0.0,-2.0,1,-0.45,1,0,0,35,0,5,2,0.0
2021-05-12,2020-21,SerieA,Torino,Milan,0,1,0,0.0,-2.0,1,-0.45,1,0,0,34,0,2,2,0.0
2021-05-12,2020-21,SerieA,Sassuolo,Juventus,0,1,0,0.0,-2.0,1,-0.45,1,0,1,35,0,6,0,0.0
2021-05-12,2020-21,SerieA,Lazio,Parma,1,0,0,1.0,2.0,1,0.55,0,1,1,34,0,0,0,1.0
2021-05-12,2020-21,SerieA,Cagliari,Fiorentina,0,1,0,0.0,-1.0,1,-0.45,1,0,0,35,0,5,4,0.5
2021-05-12,2020-21,SerieA,Atalanta,Benevento,1,0,0,1.0,3.0,1,0.55,0,0,1,35,0,9,0,1.0
2021-05-12,2020-21,LaLiga,Celta,Getafe,0,0,1,0.0,0.0,1,-0.45,0,0,1,35,0,3,0,1.0
2021-05-12,2020-21,SerieA,Sampdoria,Spezia,0,1,0,0.0,-1.0,1,-0.45,1,1,1,35,0,0,0,0.5
2021-05-12,2020-21,LaLiga,Sevilla,Valencia,1,0,0,1.0,1.0,1,0.55,0,0,0,35,0,1,1,1.0
2021-05-12,2020-21,SerieA,Inter,Roma,0,0,1,0.0,0.0,1,-0.45,0,0,0,35,0,15,1,1.0
2021-05-12,2020-21,Bundesliga,Schalke 04,Hertha,0,1,0,0.0,-3.0,1,-0.45,1,1,0,31,0,0,6,0.0
2021-05-12,2020-21,SerieA,Bologna,Genoa,0,1,0,0.0,-2.0,1,-0.45,1,0,1,35,0,2,0,0.0
2021-05-13,2020-21,LaLiga,Valladolid,Villarreal,0,1,0,0.0,-2.0,1,-0.45,1,1,1,35,0,0,0,0.0
2021-05-13,2020-21,LaLiga,Eibar,Betis,1,0,0,1.0,2.0,1,0.55,0,0,0,35,0,2,8,0.5
2021-05-13,2020-21,LaLiga,Granada,Real Madrid,0,1,0,0.0,-2.0,1,-0.45,1,1,0,35,0,0,15,0.0
2021-05-13,2020-21,SerieA,Crotone,Verona,0,1,0,0.0,-1.0,1,-0.45,1,1,0,35,0,0,2,1.0
2021-05-13,2020-21,EPL,Aston Villa,Everton,1,0,0,1.0,1.0,1,0.55,0,1,0,34,0,0,1,0.5
2021-05-13,2020-21,EPL,Man United,Liverpool,0,0,1,0.0,0.0,1,-0.45,0,1,0,35,0,0,6,0.0
2021-05-14,2020-21,EPL,Newcastle,Man City,0,1,0,0.0,-2.0,1,-0.45,1,0,1,35,0,1,0,0.0
2021-05-15,2020-21,SerieA,Genoa,Atalanta,0,0,1,0.0,0.0,1,-0.45,0,0,0,36,0,1,10,0.0
2021-05-15,2020-21,EPL,Brighton,West Ham,0,0,1,0.0,0.0,1,-0.45,0,1,1,35,0,0,0,0.5
2021-05-15,2020-21,Bundesliga,Augsburg,Werder Bremen,0,1,0,0.0,-2.0,1,-0.45,1,1,0,32,0,0,1,1.0
2021-05-15,2020-21,Bundesliga,Bielefeld,Hoffenheim,0,0,1,0.0,0.0,1,-0.45,0,0,0,32,0,1,5,0.5
2021-05-15,2020-21,Bundesliga,Hertha,FC Koln,0,0,1,0.0,0.0,1,-0.45,0,0,1,32,0,7,0,0.5
2021-05-15,2020-21,Bundesliga,Leverkusen,Union Berlin,0,1,0,0.0,-1.0,1,-0.45,1,0,1,32,0,2,0,0.5
2021-05-15,2020-21,SerieA,Spezia,Torino,0,0,1,0.0,0.0,1,-0.45,0,0,1,36,0,1,0,1.0
2021-05-15,2020-21,Bundesliga,Schalke 04,Ein Frankfurt,0,1,0,0.0,-2.0,1,-0.45,1,1,0,32,0,0,1,1.0
2021-05-15,2020-21,EPL,Southampton,Fulham,0,0,1,0.0,0.0,1,-0.45,0,0,1,35,0,1,0,1.0
2021-05-15,2020-21,EPL,Burnley,Leeds,0,1,0,0.0,-1.0,1,-0.45,1,0,0,35,0,1,1,0.0
2021-05-15,2020-21,Bundesliga,Freiburg,Bayern Munich,0,1,0,0.0,-1.0,1,-0.45,1,0,0,32,0,1,1,0.5
2021-05-15,2020-21,Bundesliga,M'gladbach,Stuttgart,0,0,1,0.0,0.0,1,-0.45,0,1,0,32,0,0,1,0.0
2021-05-15,2020-21,SerieA,Juventus,Inter,0,1,0,0.0,-2.0,1,-0.45,1,0,0,36,0,1,15,1.0
2021-05-15,2020-21,SerieA,Roma,Lazio,0,1,0,0.0,-3.0,1,-0.45,1,1,0,36,0,0,1,1.0
2021-05-16,2020-21,SerieA,Fiorentina,Napoli,0,1,0,0.0,-6.0,1,-0.45,1,0,0,36,0,5,7,0.0
2021-05-16,2020-21,EPL,West Brom,Liverpool,0,0,1,0.0,0.0,1,-0.45,0,1,0,35,0,0,7,0.0
2021-05-16,2020-21,EPL,Tottenham,Wolves,0,0,1,0.0,0.0,1,-0.45,0,1,0,35,0,0,2,1.0
2021-05-16,2020-21,LaLiga,Alaves,Granada,0,1,0,0.0,-1.0,1,-0.45,1,0,1,36,0,2,0,1.0
2021-05-16,2020-21,LaLiga,Ath Bilbao,Real Madrid,0,1,0,0.0,-2.0,1,-0.45,1,1,0,36,0,0,15,0.0
2021-05-16,2020-21,LaLiga,Ath Madrid,Osasuna,1,0,0,1.0,2.0,1,0.55,0,0,0,36,0,3,2,1.0
2021-05-16,2020-21,Bundesliga,RB Leipzig,Wolfsburg,0,0,1,0.0,0.0,1,-0.45,0,1,0,32,0,0,1,0.5
2021-05-16,2020-21,Bundesliga,Mainz,Dortmund,0,0,1,0.0,0.0,1,-0.45,0,0,0,32,0,9,5,0.0
2021-05-16,2020-21,LaLiga,Barcelona,Celta,1,0,0,1.0,3.0,1,0.55,0,0,0,36,0,3,4,0.0
2021-05-16,2020-21,LaLiga,Betis,Huesca,1,0,0,1.0,2.0,1,0.55,0,0,0,36,0,9,1,1.0
2021-05-16,2020-21,LaLiga,Getafe,Levante,0,1,0,0.0,-3.0,1,-0.45,1,1,0,36,0,0,2,1.0
2021-05-16,2020-21,LaLiga,Valencia,Eibar,0,0,1,0.0,0.0,1,-0.45,0,1,0,36,0,0,3,1.0
2021-05-16,2020-21,LaLiga,Villarreal,Sevilla,0,1,0,0.0,-2.0,1,-0.45,1,0,0,36,0,1,2,1.0
2021-05-16,2020-21,SerieA,Milan,Cagliari,1,0,0,1.0,2.0,1,0.55,0,0,0,36,0,3,6,0.5
2021-05-16,2020-21,SerieA,Parma,Sassuolo,0,0,1,0.0,0.0,1,-0.45,0,1,1,36,0,0,0,0.0
2021-05-16,2020-21,SerieA,Udinese,Sampdoria,0,1,0,0.0,-1.0,1,-0.45,1,1,0,36,0,0,1,0.0
2021-05-16,2020-21,EPL,Crystal Palace,Aston Villa,0,1,0,0.0,-3.0,1,-0.45,1,1,0,35,0,0,1,1.0
2021-05-16,2020-21,SerieA,Benevento,Crotone,0,1,0,0.0,-3.0,1,-0.45,1,1,0,36,0,0,1,0.5
2021-05-16,2020-21,LaLiga,Cadiz,Elche,0,0,1,0.0,0.0,1,-0.45,0,1,1,36,0,0,0,0.0
2021-05-16,2020-21,EPL,Everton,Sheffield United,1,0,0,1.0,1.0,1,0.55,0,0,1,35,0,2,0,0.0
2021-05-16,2020-21,LaLiga,Sociedad,Valladolid,0,0,1,0.0,0.0,1,-0.45,0,1,1,36,0,0,0,1.0
2021-05-16,2020-21,Ligue1,Lorient,Metz,0,1,0,0.0,-2.0,1,-0.45,1,1,1,36,0,0,0,1.0
2021-05-16,2020-21,Ligue1,Paris SG,Reims,1,0,0,1.0,2.0,1,0.55,0,0,1,36,0,5,0,1.0
2021-05-16,2020-21,Ligue1,Nimes,Lyon,0,0,1,0.0,0.0,1,-0.45,0,0,0,36,0,2,2,0.0
2021-05-16,2020-21,Ligue1,Nice,Strasbourg,1,0,0,1.0,2.0,1,0.55,0,0,1,36,0,1,0,0.0
2021-05-16,2020-21,Ligue1,Montpellier,Brest,0,0,1,0.0,0.0,1,-0.45,0,0,1,36,0,1,0,0.5
2021-05-16,2020-21,Ligue1,Monaco,Rennes,0,1,0,0.0,-1.0,1,-0.45,1,0,0,36,0,1,1,1.0
2021-05-16,2020-21,Ligue1,Marseille,Angers,0,1,0,0.0,-1.0,1,-0.45,1,1,0,36,0,0,1,1.0
2021-05-16,2020-21,Ligue1,Lille,St Etienne,0,0,1,0.0,0.0,1,-0.45,0,0,0,36,0,6,2,0.5
2021-05-16,2020-21,Ligue1,Dijon,Nantes,0,0,1,0.0,0.0,1,-0.45,0,1,0,36,0,0,3,0.0
2021-05-16,2020-21,Ligue1,Bordeaux,Lens,0,1,0,0.0,-1.0,1,-0.45,1,1,1,36,0,0,0,1.0
2021-05-17,2020-21,SerieA,Verona,Bologna,0,1,0,0.0,-1.0,1,-0.45,1,1,1,36,0,0,0,0.5
2021-05-18,2020-21,EPL,Southampton,Leeds,0,1,0,0.0,-3.0,1,-0.45,1,0,0,36,0,2,2,0.0
2021-05-18,2020-21,EPL,Brighton,Man City,0,1,0,0.0,-1.0,1,-0.45,1,0,0,36,0,1,1,1.0
2021-05-18,2020-21,SerieA,Lazio,Torino,1,0,0,1.0,1.0,1,0.55,0,1,1,36,0,0,0,0.5
2021-05-18,2020-21,EPL,Chelsea,Leicester,0,1,0,0.0,-2.0,1,-0.45,1,1,0,36,0,0,1,1.0
2021-05-18,2020-21,EPL,Man United,Fulham,1,0,0,1.0,1.0,1,0.55,0,1,1,36,0,0,0,0.5
2021-05-19,2020-21,EPL,Everton,Wolves,1,0,0,1.0,1.0,1,0.55,0,1,1,36,0,0,0,1.0
2021-05-19,2020-21,EPL,Newcastle,Sheffield United,0,1,0,0.0,-1.0,1,-0.45,1,1,0,36,0,0,1,1.0
2021-05-19,2020-21,EPL,Tottenham,Aston Villa,1,0,0,1.0,2.0,1,0.55,0,0,1,36,0,1,0,0.0
2021-05-19,2020-21,EPL,Crystal Palace,Arsenal,0,0,1,0.0,0.0,1,-0.45,0,0,0,36,0,1,3,0.0
2021-05-19,2020-21,EPL,Burnley,Liverpool,1,0,0,1.0,1.0,1,0.55,0,1,0,36,0,0,8,0.0
2021-05-19,2020-21,EPL,West Brom,West Ham,0,1,0,0.0,-1.0,1,-0.45,1,1,0,36,0,0,1,0.0
2021-05-21,2020-21,LaLiga,Levante,Cadiz,0,0,1,0.0,0.0,1,-0.45,0,1,1,37,0,0,0,0.5
2021-05-22,2020-21,Bundesliga,Ein Frankfurt,Freiburg,0,0,1,0.0,0.0,1,-0.45,0,1,0,33,0,0,2,1.0
2021-05-22,2020-21,Bundesliga,Bayern Munich,Augsburg,1,0,0,1.0,1.0,1,0.55,0,0,0,33,0,2,1,1.0
2021-05-22,2020-21,Bundesliga,Dortmund,Leverkusen,0,1,0,0.0,-1.0,1,-0.45,1,0,0,33,0,6,3,1.0
2021-05-22,2020-21,Bundesliga,FC Koln,Schalke 04,1,0,0,1.0,1.0,1,0.55,0,0,0,33,0,1,1,1.0
2021-05-22,2020-21,LaLiga,Elche,Ath Bilbao,0,1,0,0.0,-1.0,1,-0.45,1,0,1,37,0,1,0,1.0
2021-05-22,2020-21,Bundesliga,Stuttgart,Bielefeld,0,1,0,0.0,-3.0,1,-0.45,1,0,0,33,0,2,2,0.0
2021-05-22,2020-21,Bundesliga,Union Berlin,RB Leipzig,0,1,0,0.0,-1.0,1,-0.45,1,0,0,33,0,1,1,1.0
2021-05-22,2020-21,Bundesliga,Werder Bremen,M'gladbach,0,1,0,0.0,-1.0,1,-0.45,1,1,1,33,0,0,0,0.0
2021-05-22,2020-21,LaLiga,Eibar,Barcelona,0,0,1,0.0,0.0,1,-0.45,0,1,1,37,0,0,0,0.0
2021-05-22,2020-21,Bundesliga,Hoffenheim,Hertha,1,0,0,1.0,3.0,1,0.55,0,0,0,33,0,6,8,1.0
2021-05-22,2020-21,LaLiga,Celta,Betis,0,1,0,0.0,-1.0,1,-0.45,1,0,0,37,0,5,10,0.0
2021-05-22,2020-21,Bundesliga,Wolfsburg,Mainz,1,0,0,1.0,2.0,1,0.55,0,0,1,33,0,2,0,0.0
2021-05-22,2020-21,SerieA,Sampdoria,Parma,1,0,0,1.0,2.0,1,0.55,0,0,1,37,0,2,0,1.0
2021-05-22,2020-21,LaLiga,Huesca,Valencia,0,0,1,0.0,0.0,1,-0.45,0,1,0,37,0,0,1,0.5
2021-05-22,2020-21,LaLiga,Osasuna,Sociedad,0,0,1,0.0,0.0,1,-0.45,0,1,0,37,0,0,1,0.0
2021-05-22,2020-21,LaLiga,Real Madrid,Villarreal,0,0,1,0.0,0.0,1,-0.45,0,0,0,37,0,15,2,1.0
2021-05-22,2020-21,LaLiga,Valladolid,Ath Madrid,0,1,0,0.0,-2.0,1,-0.45,1,1,0,37,0,0,4,0.0
2021-05-22,2020-21,SerieA,Crotone,Fiorentina,0,1,0,0.0,-1.0,1,-0.45,1,0,1,37,0,2,0,0.5
2021-05-22,2020-21,SerieA,Cagliari,Genoa,0,1,0,0.0,-1.0,1,-0.45,1,0,1,37,0,7,0,0.0
2021-05-23,2020-21,EPL,Man City,Everton,1,0,0,1.0,2.0,1,0.55,0,1,0,37,0,0,1,1.0
2021-05-23,2020-21,Ligue1,Metz,Marseille,0,0,1,0.0,0.0,1,-0.45,0,1,0,37,0,0,1,0.5
2021-05-23,2020-21,Ligue1,Nantes,Montpellier,0,0,1,0.0,0.0,1,-0.45,0,0,0,37,0,4,2,0.0
2021-05-23,2020-21,Ligue1,Reims,Bordeaux,1,0,0,1.0,2.0,1,0.55,0,1,0,37,0,0,1,0.0
2021-05-23,2020-21,Ligue1,Rennes,Nimes,1,0,0,1.0,2.0,1,0.55,0,1,1,37,0,0,0,1.0
2021-05-23,2020-21,EPL,Sheffield United,Burnley,0,1,0,0.0,-1.0,1,-0.45,1,1,1,37,0,0,0,1.0
2021-05-23,2020-21,Ligue1,Strasbourg,Lorient,0,1,0,0.0,-2.0,1,-0.45,1,0,0,37,0,1,1,0.5
2021-05-23,2020-21,Ligue1,Lens,Monaco,1,0,0,1.0,3.0,1,0.55,0,1,0,37,0,0,2,0.5
2021-05-23,2020-21,EPL,West Ham,Southampton,0,0,1,0.0,0.0,1,-0.45,0,0,1,37,0,2,0,1.0
2021-05-23,2020-21,EPL,Wolves,Man United,0,1,0,0.0,-1.0,1,-0.45,1,1,0,37,0,0,1,0.0
2021-05-23,2020-21,EPL,Liverpool,Crystal Palace,1,0,0,1.0,7.0,1,0.55,0,0,1,37,0,9,0,1.0
2021-05-23,2020-21,SerieA,Spezia,Roma,0,1,0,0.0,-1.0,1,-0.45,1,0,0,37,0,2,1,0.5
2021-05-23,2020-21,SerieA,Torino,Benevento,0,0,1,0.0,0.0,1,-0.45,0,0,0,37,0,1,1,0.5
2021-05-23,2020-21,Ligue1,St Etienne,Dijon,0,0,1,0.0,0.0,1,-0.45,0,0,1,37,0,3,0,0.0
2021-05-23,2020-21,Ligue1,Brest,Paris SG,0,1,0,0.0,-3.0,1,-0.45,1,0,0,37,0,1,6,0.0
2021-05-23,2020-21,Ligue1,Lyon,Nice,1,0,0,1.0,3.0,1,0.55,0,0,1,37,0,3,0,0.0
2021-05-23,2020-21,SerieA,Sassuolo,Lazio,0,1,0,0.0,-1.0,1,-0.45,1,0,0,37,0,1,1,1.0
2021-05-23,2020-21,EPL,Leicester,Tottenham,1,0,0,1.0,2.0,1,0.55,0,1,1,37,0,0,0,0.0
2021-05-23,2020-21,EPL,Leeds,West Brom,1,0,0,1.0,5.0,1,0.55,0,0,1,37,0,3,0,1.0
2021-05-23,2020-21,EPL,Fulham,Newcastle,0,0,1,0.0,0.0,1,-0.45,0,0,0,37,0,1,1,0.0
2021-05-23,2020-21,EPL,Aston Villa,Chelsea,0,0,1,0.0,0.0,1,-0.45,0,0,0,37,0,1,1,1.0
2021-05-23,2020-21,Ligue1,Angers,Lille,1,0,0,1.0,1.0,1,0.55,0,1,0,37,0,0,7,0.0
2021-05-23,2020-21,LaLiga,Granada,Getafe,1,0,0,1.0,1.0,1,0.55,0,1,0,37,0,0,1,0.5
2021-05-23,2020-21,EPL,Arsenal,Brighton,1,0,0,1.0,1.0,1,0.55,0,0,0,37,0,4,2,1.0
2021-05-23,2020-21,SerieA,Napoli,Verona,0,1,0,0.0,-2.0,1,-0.45,1,0,0,37,0,8,1,0.5
2021-05-23,2020-21,LaLiga,Sevilla,Alaves,1,0,0,1.0,1.0,1,0.55,0,1,0,37,0,0,3,1.0
2021-05-23,2020-21,SerieA,Bologna,Juventus,0,1,0,0.0,-2.0,1,-0.45,1,0,0,37,0,1,2,0.0
2021-05-23,2020-21,SerieA,Atalanta,Milan,1,0,0,1.0,3.0,1,0.55,0,0,0,37,0,11,4,0.0
2021-05-23,2020-21,SerieA,Inter,Udinese,0,0,1,0.0,0.0,1,-0.45,0,1,1,37,0,0,0,1.0
2021-08-06,2021-22,Ligue1,Monaco,Nantes,2,0,0,1.0,1.0,2,0.55,0,0,1,0,1,3,0,0.5
2021-08-07,2021-22,Ligue1,Troyes,Paris SG,0,0,0,0.45,0.0,0,0.0,0,0,0,0,1,0,7,0.0
2021-08-07,2021-22,Ligue1,Lyon,Brest,1,0,1,0.5,0.5,2,0.05,0,1,1,0,1,0,0,0.5
2021-08-08,2021-22,Ligue1,Montpellier,Marseille,0,1,1,0.0,-1.0,2,-0.45,0,0,0,0,1,3,2,0.0
2021-08-08,2021-22,Ligue1,Rennes,Lens,0,1,1,0.0,-1.0,2,-0.45,0,0,0,0,1,1,1,0.5
2021-08-08,2021-22,Ligue1,Bordeaux,Clermont,0,0,0,0.45,0.0,0,0.0,0,0,0,0,1,2,0,0.0
2021-08-08,2021-22,Ligue1,Nice,Reims,0,0,2,0.0,0.0,2,-0.45,0,0,1,0,1,1,0,0.5
2021-08-08,2021-22,Ligue1,St Etienne,Lorient,1,1,0,0.5,0.5,2,0.05,1,1,0,0,1,0,2,0.5
2021-08-08,2021-22,Ligue1,Strasbourg,Angers,1,0,1,0.5,1.0,2,0.05,0,0,1,0,1,2,0,0.0
2021-08-08,2021-22,Ligue1,Metz,Lille,0,2,0,0.0,-1.5,2,-0.45,1,0,0,0,1,1,8,0.5
2021-08-13,2021-22,EPL,Brentford,Arsenal,0,0,0,0.45,0.0,0,0.0,0,0,0,0,1,0,5,1.0
2021-08-13,2021-22,LaLiga,Valencia,Getafe,0,1,1,0.0,-1.5,2,-0.45,1,0,0,0,1,2,2,1.0
2021-08-13,2021-22,Ligue1,Lorient,Monaco,0,1,1,0.0,-1.5,2,-0.45,0,0,0,1,1,3,4,1.0
2021-08-13,2021-22,Bundesliga,M'gladbach,Bayern Munich,1,1,0,0.5,-2.5,2,0.05,1,0,0,0,1,1,3,0.5
2021-08-14,2021-22,Ligue1,Paris SG,Strasbourg,2,0,0,1.0,3.5,2,0.55,0,0,1,1,1,8,0,1.0
2021-08-14,2021-22,EPL,Chelsea,Crystal Palace,2,0,0,1.0,3.5,2,0.55,0,1,1,0,1,0,0,1.0
2021-08-14,2021-22,EPL,Burnley,Brighton,0,0,2,0.0,0.0,2,-0.45,0,1,1,0,1,0,0,0.0
2021-08-14,2021-22,EPL,Man United,Leeds,1,0,1,0.5,2.0,2,0.05,0,0,0,0,1,2,4,1.0
2021-08-14,2021-22,Ligue1,Lille,Nice,1,0,1,0.5,1.0,2,0.05,0,0,0,1,1,9,2,0.0
2021-08-14,2021-22,Bundesliga,Dortmund,Ein Frankfurt,0,1,1,0.0,-0.5,2,-0.45,1,0,0,0,1,7,1,1.0
2021-08-14,2021-22,Bundesliga,Wolfsburg,Bochum,0,0,0,0.45,0.0,0,0.0,0,1,0,0,1,0,0,1.0
2021-08-14,2021-22,Bundesliga,Union Berlin,Leverkusen,1,0,1,0.5,0.5,2,0.05,0,0,1,0,1,2,0,0.5
2021-08-14,2021-22,Bundesliga,Stuttgart,Greuther Furth,0,0,0,0.45,0.0,0,0.0,0,1,0,0,1,0,0,1.0
2021-08-14,2021-22,Bundesliga,Bielefeld,Freiburg,1,1,0,0.5,-0.5,2,0.05,0,0,1,0,1,3,0,0.5
2021-08-14,2021-22,EPL,Everton,Southampton,1,1,0,0.5,-0.5,2,0.05,0,1,1,0,1,0,0,1.0
2021-08-14,2021-22,EPL,Watford,Aston Villa,0,0,0,0.45,0.0,0,0.0,0,0,0,0,1,0,2,1.0
2021-08-14,2021-22,EPL,Norwich,Liverpool,0,0,0,0.45,0.0,0,0.0,0,0,0,0,1,0,10,0.0
2021-08-14,2021-22,Bundesliga,Augsburg,Hoffenheim,1,1,0,0.5,-0.5,2,0.05,0,1,0,0,1,0,7,0.0
2021-08-14,2021-22,EPL,Leicester,Wolves,1,0,1,0.5,0.5,2,0.05,0,1,1,0,1,0,0,1.0
2021-08-14,2021-22,LaLiga,Cadiz,Levante,0,0,2,0.0,0.0,2,-0.45,0,0,0,0,1,1,1,0.5
2021-08-14,2021-22,LaLiga,Mallorca,Betis,0,0,0,0.45,0.0,0,0.0,0,0,0,0,1,0,11,0.5
2021-08-14,2021-22,LaLiga,Alaves,Real Madrid,1,1,0,0.5,-1.0,2,0.05,1,1,0,0,1,0,15,0.0
2021-08-14,2021-22,LaLiga,Osasuna,Espanol,0,0,0,0.45,0.0,0,0.0,0,1,0,0,1,0,0,0.5
2021-08-15,2021-22,Ligue1,Angers,Lyon,0,2,0,0.0,-2.0,2,-0.45,1,0,0,1,1,1,1,1.0
2021-08-15,2021-22,Ligue1,Brest,Rennes,0,2,0,0.0,-1.0,2,-0.45,1,0,0,1,1,1,2,0.5
2021-08-15,2021-22,Ligue1,Clermont,Troyes,0,0,0,0.45,0.0,0,0.0,0,0,1,1,1,1,0,1.0
2021-08-15,2021-22,LaLiga,Barcelona,Sociedad,2,0,0,1.0,3.0,2,0.55,0,0,0,0,1,1,2,1.0
2021-08-15,2021-22,Ligue1,Nantes,Metz,0,1,1,0.0,-1.0,2,-0.45,1,0,0,1,1,1,2,1.0
2021-08-15,2021-22,LaLiga,Sevilla,Vallecano,0,0,0,0.45,0.0,0,0.0,0,0,0,0,1,1,0,1.0
2021-08-15,2021-22,Ligue1,Marseille,Bordeaux,1,0,1,0.5,1.0,2,0.05,0,0,1,1,1,3,0,0.5
2021-08-15,2021-22,EPL,Newcastle,West Ham,2,0,0,1.0,1.5,2,0.55,0,0,0,0,1,2,3,0.0
2021-08-15,2021-22,Bundesliga,Mainz,RB Leipzig,1,1,0,0.5,-0.5,2,0.05,0,0,1,0,1,1,0,1.0
2021-08-15,2021-22,Ligue1,Reims,Montpellier,1,0,1,0.5,2.0,2,0.05,0,0,1,1,1,1,0,0.5
2021-08-15,2021-22,Ligue1,Lens,St Etienne,2,0,0,1.0,1.5,2,0.55,0,0,0,1,1,2,1,0.5
2021-08-15,2021-22,LaLiga,Celta,Ath Madrid,0,1,1,0.0,-1.0,2,-0.45,0,1,0,0,1,0,5,0.0
2021-08-15,2021-22,EPL,Tottenham,Man City,1,1,0,0.5,-0.5,2,0.05,1,0,0,0,1,1,1,1.0
2021-08-15,2021-22,Bundesliga,FC Koln,Hertha,0,0,2,0.0,0.0,2,-0.45,0,0,1,0,1,2,0,1.0
2021-08-16,2021-22,LaLiga,Villarreal,Granada,1,0,1,0.5,1.5,2,0.05,0,1,0,0,1,0,1,0.5
2021-08-16,2021-22,LaLiga,Elche,Ath Bilbao,1,1,0,0.5,0.5,2,0.05,0,0,1,0,1,2,0,0.5
2021-08-20,2021-22,LaLiga,Betis,Cadiz,2,0,0,1.0,1.0,2,0.55,0,0,0,1,1,12,2,0.5
2021-08-20,2021-22,Bundesliga,RB Leipzig,Stuttgart,2,0,0,1.0,1.5,2,0.55,0,1,0,1,1,0,1,1.0
2021-08-20,2021-22,Ligue1,Brest,Paris SG,0,2,0,0.0,-2.5,2,-0.45,1,0,0,2,1,2,9,0.0
2021-08-21,2021-22,EPL,Brighton,Watford,0,0,0,0.45,0.0,0,0.0,0,0,0,1,1,1,1,1.0
2021-08-21,2021-22,LaLiga,Espanol,Villarreal,0,0,0,0.45,0.0,0,0.0,0,0,0,1,1,1,1,0.5
2021-08-21,2021-22,LaLiga,Granada,Valencia,1,1,0,0.5,0.0,2,0.05,1,0,0,1,1,2,3,0.5
2021-08-21,2021-22,LaLiga,Ath Bilbao,Barcelona,0,2,0,0.0,-1.0,2,-0.45,1,0,0,1,1,1,2,0.5
2021-08-21,2021-22,SerieA,Torino,Atalanta,0,1,1,0.0,-1.0,2,-0.45,0,0,1,0,1,2,0,0.0
2021-08-21,2021-22,SerieA,Empoli,Lazio,0,0,0,0.45,0.0,0,0.0,0,0,1,0,1,0,0,0.0
2021-08-21,2021-22,EPL,Leeds,Everton,1,1,0,0.5,0.0,2,0.05,1,1,0,1,1,0,1,0.5
2021-08-21,2021-22,EPL,Crystal Palace,Brentford,0,0,0,0.45,0.0,0,0.0,0,1,0,1,1,0,1,0.5
2021-08-21,2021-22,EPL,Aston Villa,Newcastle,1,0,1,0.5,1.0,2,0.05,0,1,1,1,1,0,0,1.0
2021-08-21,2021-22,EPL,Liverpool,Burnley,1,1,0,0.5,1.0,2,0.05,0,0,1,1,1,11,0,1.0
2021-08-21,2021-22,SerieA,Verona,Sassuolo,0,2,0,0.0,-1.5,2,-0.45,1,0,0,0,1,2,2,0.0
2021-08-21,2021-22,Ligue1,Monaco,Lens,0,1,1,0.0,-1.5,2,-0.45,0,1,0,2,1,0,3,0.0
2021-08-21,2021-22,Bundesliga,Bochum,Mainz,0,0,0,0.45,0.0,0,0.0,0,1,0,1,1,0,2,1.0
2021-08-21,2021-22,EPL,Man City,Norwich,0,0,0,0.45,0.0,0,0.0,0,1,1,1,1,0,0,1.0
2021-08-21,2021-22,Bundesliga,Ein Frankfurt,Augsburg,2,0,0,1.0,2.0,2,0.55,0,1,1,1,1,0,0,0.5
2021-08-21,2021-22,Bundesliga,Freiburg,Dortmund,1,1,0,0.5,-1.5,2,0.05,0,0,0,1,1,1,8,1.0
2021-08-21,2021-22,Bundesliga,Greuther Furth,Bielefeld,0,0,0,0.45,0.0,0,0.0,0,1,0,1,1,0,4,0.5
2021-08-21,2021-22,Ligue1,St Etienne,Lille,0,0,2,0.0,0.0,2,-0.45,0,0,1,2,1,2,0,0.5
2021-08-21,2021-22,Bundesliga,Hertha,Wolfsburg,0,1,1,0.0,-1.0,2,-0.45,1,1,0,1,1,0,1,0.0
2021-08-21,2021-22,LaLiga,Alaves,Mallorca,0,0,0,0.45,0.0,0,0.0,0,1,0,1,1,0,1,0.0
2021-08-21,2021-22,SerieA,Inter,Genoa,2,0,0,1.0,2.5,2,0.55,0,0,0,0,1,1,1,1.0
2021-08-21,2021-22,Bundesliga,Leverkusen,M'gladbach,2,0,0,1.0,1.0,2,0.55,0,0,0,1,1,1,2,1.0
2021-08-22,2021-22,SerieA,Roma,Fiorentina,2,0,0,1.0,1.5,2,0.55,0,0,0,0,1,2,1,1.0
2021-08-22,2021-22,EPL,Southampton,Man United,0,2,0,0.0,-5.0,2,-0.45,1,1,0,1,1,0,3,0.5
2021-08-22,2021-22,EPL,Wolves,Tottenham,0,1,1,0.0,-1.0,2,-0.45,1,1,0,1,1,0,2,0.0
2021-08-22,2021-22,EPL,Arsenal,Chelsea,2,0,0,1.0,1.5,2,0.55,0,1,0,1,1,0,1,0.0
2021-08-22,2021-22,Ligue1,Bordeaux,Angers,2,0,0,1.0,1.5,2,0.55,0,0,0,2,1,1,2,0.5
2021-08-22,2021-22,LaLiga,Ath Madrid,Elche,2,0,0,1.0,1.5,2,0.55,0,0,0,1,1,6,3,1.0
2021-08-22,2021-22,SerieA,Napoli,Venezia,0,0,0,0.45,0.0,0,0.0,0,0,0,0,1,9,0,1.0
2021-08-22,2021-22,SerieA,Udinese,Juventus,0,2,0,0.0,-2.0,2,-0.45,1,1,0,0,1,0,3,0.5
2021-08-22,2021-22,SerieA,Bologna,Salernitana,0,0,0,0.45,0.0,0,0.0,0,1,0,0,1,0,0,1.0
2021-08-22,2021-22,Bundesliga,Hoffenheim,Union Berlin,0,1,1,0.0,-1.0,2,-0.45,0,0,0,1,1,8,3,0.5
2021-08-22,2021-22,LaLiga,Sociedad,Vallecano,0,0,0,0.45,0.0,0,0.0,0,1,1,1,1,0,0,1.0
2021-08-22,2021-22,Ligue1,Metz,Reims,1,0,1,0.5,0.5,2,0.05,0,1,0,2,1,0,2,0.5
2021-08-22,2021-22,Ligue1,Lyon,Clermont,0,0,0,0.45,0.0,0,0.0,0,1,0,2,1,0,2,0.5
2021-08-22,2021-22,Ligue1,Strasbourg,Troyes,0,0,0,0.45,0.0,0,0.0,0,1,1,2,1,0,0,0.5
2021-08-22,2021-22,Ligue1,Rennes,Nantes,1,0,1,0.5,0.5,2,0.05,0,0,0,2,1,3,2,1.0
2021-08-22,2021-22,LaLiga,Levante,Real Madrid,1,1,0,0.5,-0.5,2,0.05,0,0,0,1,1,2,15,0.5
2021-08-22,2021-22,Ligue1,Montpellier,Lorient,1,0,1,0.5,0.5,2,0.05,0,0,0,2,1,1,4,1.0
2021-08-22,2021-22,Bundesliga,Bayern Munich,FC Koln,2,0,0,1.0,2.5,2,0.55,0,0,0,1,1,4,3,1.0
2021-08-23,2021-22,SerieA,Sampdoria,Milan,0,1,1,0.0,-0.5,2,-0.45,0,0,0,0,1,3,5,0.0
2021-08-23,2021-22,SerieA,Cagliari,Spezia,0,1,1,0.0,-0.5,2,-0.45,1,1,0,0,1,0,3,0.5
2021-08-23,2021-22,LaLiga,Osasuna,Celta,1,1,0,0.5,0.5,2,0.05,1,0,1,1,1,1,0,0.5
2021-08-23,2021-22,LaLiga,Getafe,Sevilla,0,2,0,0.0,-2.0,2,-0.45,1,1,0,1,1,0,2,0.0
2021-08-23,2021-22,EPL,West Ham,Leicester,2,0,0,1.0,2.0,2,0.55,0,0,0,1,1,4,1,1.0
2021-08-27,2021-22,SerieA,Udinese,Venezia,0,0,0,0.45,0.0,0,0.0,0,0,1,1,1,1,0,1.0
2021-08-27,2021-22,LaLiga,Valencia,Alaves,0,0,2,0.0,0.0,2,-0.45,0,0,1,2,1,4,0,1.0
2021-08-27,2021-22,SerieA,Verona,Inter,0,2,0,0.0,-1.0,2,-0.45,1,1,0,1,1,0,2,0.0
2021-08-27,2021-22,Bundesliga,Dortmund,Hoffenheim,1,0,1,0.5,0.5,2,0.05,0,1,0,2,1,0,9,1.0
2021-08-27,2021-22,Ligue1,Nantes,Lyon,0,2,0,0.0,-2.0,2,-0.45,1,1,0,3,1,0,1,0.0
2021-08-27,2021-22,LaLiga,Mallorca,Espanol,0,0,0,0.45,0.0,0,0.0,0,0,0,2,1,2,2,1.0
2021-08-28,2021-22,EPL,Norwich,Leicester,0,0,0,0.45,0.0,0,0.0,0,1,1,2,1,0,0,0.0
2021-08-28,2021-22,EPL,Newcastle,Southampton,1,1,0,0.5,-0.5,2,0.05,0,1,0,2,1,0,1,0.5
2021-08-28,2021-22,EPL,Brighton,Everton,0,1,1,0.0,-1.0,2,-0.45,0,0,0,2,1,2,2,0.0
2021-08-28,2021-22,EPL,Aston Villa,Brentford,0,0,0,0.45,0.0,0,0.0,0,0,0,2,1,1,2,0.5
2021-08-28,2021-22,EPL,Man City,Arsenal,2,0,0,1.0,1.0,2,0.55,0,0,1,2,1,1,0,1.0
2021-08-28,2021-22,SerieA,Atalanta,Bologna,1,0,1,0.5,2.5,2,0.05,0,0,0,1,1,1,1,0.5
2021-08-28,2021-22,SerieA,Lazio,Spezia,2,0,0,1.0,1.0,2,0.55,0,0,0,1,1,1,4,1.0
2021-08-28,2021-22,SerieA,Fiorentina,Torino,1,0,1,0.5,0.5,2,0.05,0,1,1,1,1,0,0,1.0
2021-08-28,2021-22,SerieA,Juventus,Empoli,0,0,0,0.45,0.0,0,0.0,0,0,1,1,1,4,0,0.0
2021-08-28,2021-22,LaLiga,Betis,Real Madrid,0,1,1,0.0,-0.5,2,-0.45,0,0,0,2,1,13,15,0.0
2021-08-28,2021-22,LaLiga,Celta,Ath Bilbao,1,0,1,0.5,1.0,2,0.05,0,0,0,2,1,1,2,0.0
2021-08-28,2021-22,LaLiga,Elche,Sevilla,1,1,0,0.5,-0.5,2,0.05,1,1,0,2,1,0,3,0.5
2021-08-28,2021-22,LaLiga,Sociedad,Levante,1,1,0,0.5,0.0,2,0.05,0,0,0,2,1,1,3,1.0
2021-08-28,2021-22,Ligue1,Marseille,St Etienne,0,2,0,0.0,-1.5,2,-0.45,1,0,0,2,1,4,3,1.0
2021-08-28,2021-22,Ligue1,Nice,Bordeaux,0,1,1,0.0,-1.5,2,-0.45,1,0,0,2,1,3,2,1.0
2021-08-28,2021-22,Bundesliga,Augsburg,Leverkusen,0,1,1,0.0,-1.0,2,-0.45,0,0,0,2,1,1,2,0.0
2021-08-28,2021-22,Bundesliga,Bielefeld,Ein Frankfurt,0,1,1,0.0,-2.0,2,-0.45,1,0,0,2,1,5,1,0.5
2021-08-28,2021-22,Bundesliga,FC Koln,Bochum,0,0,0,0.45,0.0,0,0.0,0,1,0,2,1,0,1,1.0
2021-08-28,2021-22,Bundesliga,Mainz,Greuther Furth,0,0,0,0.45,0.0,0,0.0,0,1,0,2,1,0,1,1.0
2021-08-28,2021-22,Bundesliga,Stuttgart,Freiburg,0,2,0,0.0,-1.0,2,-0.45,1,1,0,2,1,0,2,0.0
2021-08-28,2021-22,Bundesliga,Bayern Munich,Hertha,2,0,0,1.0,1.0,2,0.55,0,0,1,2,1,5,0,1.0
2021-08-28,2021-22,EPL,West Ham,Crystal Palace,1,0,1,0.5,0.5,2,0.05,0,0,0,2,1,5,1,0.5
2021-08-28,2021-22,EPL,Liverpool,Chelsea,1,1,0,0.5,0.5,2,0.05,1,0,0,2,1,12,2,0.5
2021-08-29,2021-22,EPL,Tottenham,Watford,0,0,0,0.45,0.0,0,0.0,0,0,1,2,1,3,0,1.0
2021-08-29,2021-22,Bundesliga,Union Berlin,M'gladbach,0,0,2,0.0,0.0,2,-0.45,0,0,1,2,1,4,0,1.0
2021-08-29,2021-22,Bundesliga,Wolfsburg,RB Leipzig,0,0,2,0.0,0.0,2,-0.45,0,0,0,2,1,2,1,1.0
2021-08-29,2021-22,EPL,Burnley,Leeds,0,2,0,0.0,-2.5,2,-0.45,1,1,0,2,1,0,1,0.5
2021-08-29,2021-22,EPL,Wolves,Man United,0,2,0,0.0,-1.0,2,-0.45,1,1,0,2,1,0,4,0.0
2021-08-29,2021-22,LaLiga,Barcelona,Getafe,1,1,0,0.5,1.0,2,0.05,0,0,1,2,1,3,0,1.0
2021-08-29,2021-22,LaLiga,Vallecano,Granada,0,0,0,0.45,0.0,0,0.0,0,1,0,2,1,0,3,1.0
2021-08-29,2021-22,Ligue1,Troyes,Monaco,0,0,0,0.45,0.0,0,0.0,0,0,1,3,1,1,0,0.0
2021-08-29,2021-22,Ligue1,Angers,Rennes,1,1,0,0.5,-1.0,2,0.05,1,0,0,3,1,3,4,1.0
2021-08-29,2021-22,Ligue1,Clermont,Metz,0,0,0,0.45,0.0,0,0.0,0,0,0,3,1,3,1,0.5
2021-08-29,2021-22,Ligue1,Lens,Lorient,2,0,0,1.0,2.0,2,0.55,0,0,1,3,1,4,0,0.5
2021-08-29,2021-22,Ligue1,Reims,Paris SG,0,2,0,0.0,-3.0,2,-0.45,1,0,0,3,1,3,10,0.0
2021-08-29,2021-22,SerieA,Salernitana,Roma,0,0,0,0.45,0.0,0,0.0,0,1,0,1,1,0,3,0.0
2021-08-29,2021-22,SerieA,Milan,Cagliari,1,0,1,0.5,1.0,2,0.05,0,0,0,1,1,6,1,1.0
2021-08-29,2021-22,LaLiga,Cadiz,Osasuna,0,2,0,0.0,-1.5,2,-0.45,1,0,0,2,1,3,2,0.0
2021-08-29,2021-22,SerieA,Genoa,Napoli,1,1,0,0.5,-2.5,2,0.05,0,1,0,1,1,0,10,0.0
2021-08-29,2021-22,LaLiga,Ath Madrid,Villarreal,1,0,1,0.5,1.0,2,0.05,0,0,0,2,1,7,2,0.5
2021-08-29,2021-22,SerieA,Sassuolo,Sampdoria,2,0,0,1.0,1.0,2,0.55,0,0,1,1,1,3,0,0.5
2021-08-29,2021-22,Ligue1,Strasbourg,Brest,1,0,1,0.5,1.5,2,0.05,0,0,1,3,1,1,0,1.0
2021-08-29,2021-22,Ligue1,Lille,Montpellier,1,0,1,0.5,0.5,2,0.05,0,0,0,3,1,1,2,1.0
2021-09-10,2021-22,Ligue1,Lorient,Lille,0,2,0,0.0,-3.5,2,-0.45,1,0,0,4,1,1,2,1.0
2021-09-11,2021-22,EPL,Arsenal,Norwich,0,0,0,0.45,0.0,0,0.0,0,1,1,3,1,0,0,1.0
2021-09-11,2021-22,SerieA,Atalanta,Fiorentina,2,0,0,1.0,2.0,2,0.55,0,0,0,2,1,2,1,0.0
2021-09-11,2021-22,EPL,Brentford,Brighton,0,0,0,0.45,0.0,0,0.0,0,0,1,3,1,3,0,0.0
2021-09-11,2021-22,EPL,Man United,Newcastle,2,0,0,1.0,2.5,2,0.55,0,0,0,3,1,5,1,1.0
2021-09-11,2021-22,EPL,Southampton,West Ham,0,1,1,0.0,-1.5,2,-0.45,1,0,0,3,1,2,6,0.5
2021-09-11,2021-22,EPL,Watford,Wolves,0,0,0,0.45,0.0,0,0.0,0,1,1,3,1,0,0,0.0
2021-09-11,2021-22,EPL,Chelsea,Aston Villa,0,1,1,0.0,-0.5,2,-0.45,1,0,0,3,1,3,2,1.0
2021-09-11,2021-22,EPL,Crystal Palace,Tottenham,0,1,1,0.0,-1.5,2,-0.45,1,0,0,3,1,2,4,1.0
2021-09-11,2021-22,EPL,Leicester,Man City,1,1,0,0.5,0.5,2,0.05,1,0,0,3,1,1,2,0.0
2021-09-11,2021-22,SerieA,Napoli,Juventus,1,1,0,0.5,0.0,2,0.05,1,0,1,2,1,11,0,1.0
2021-09-11,2021-22,Ligue1,Monaco,Marseille,1,1,0,0.5,0.5,2,0.05,0,0,0,4,1,1,5,0.0
2021-09-11,2021-22,LaLiga,Levante,Vallecano,0,0,0,0.45,0.0,0,0.0,0,1,0,3,1,0,1,0.5
2021-09-11,2021-22,LaLiga,Ath Bilbao,Mallorca,0,0,0,0.45,0.0,0,0.0,0,0,0,3,1,3,3,1.0
2021-09-11,2021-22,Bundesliga,RB Leipzig,Bayern Munich,0,1,1,0.0,-0.5,2,-0.45,1,1,0,3,1,0,6,0.0
2021-09-11,2021-22,Bundesliga,Union Berlin,Augsburg,0,2,0,0.0,-1.5,2,-0.45,1,0,1,3,1,5,0,0.5
2021-09-11,2021-22,Bundesliga,Leverkusen,Dortmund,1,1,0,0.5,-0.5,2,0.05,1,0,0,3,1,3,1,0.0
2021-09-11,2021-22,Bundesliga,Hoffenheim,Mainz,0,1,1,0.0,-0.5,2,-0.45,1,1,0,3,1,0,1,0.0
2021-09-11,2021-22,Bundesliga,Greuther Furth,Wolfsburg,0,0,0,0.45,0.0,0,0.0,0,1,0,3,1,0,3,0.0
2021-09-11,2021-22,Bundesliga,Freiburg,FC Koln,2,0,0,1.0,4.0,2,0.55,0,0,0,3,1,3,1,0.5
2021-09-11,2021-22,SerieA,Empoli,Venezia,0,0,0,0.45,0.0,0,0.0,0,0,1,2,1,1,0,0.0
2021-09-11,2021-22,Ligue1,Paris SG,Clermont,0,0,0,0.45,0.0,0,0.0,0,0,0,4,1,11,4,1.0
2021-09-12,2021-22,LaLiga,Real Madrid,Celta,2,0,0,1.0,2.0,2,0.55,0,0,1,3,1,15,0,1.0
2021-09-12,2021-22,LaLiga,Espanol,Ath Madrid,0,0,0,0.45,0.0,0,0.0,0,1,0,3,1,0,8,0.0
2021-09-12,2021-22,EPL,Leeds,Liverpool,0,1,1,0.0,-0.5,2,-0.45,0,0,0,3,1,2,13,0.0
2021-09-12,2021-22,Bundesliga,M'gladbach,Bielefeld,2,0,0,1.0,3.0,2,0.55,0,1,0,3,1,0,6,1.0
2021-09-12,2021-22,SerieA,Milan,Lazio,1,1,0,0.5,-1.0,2,0.05,1,0,0,2,1,7,2,1.0
2021-09-12,2021-22,SerieA,Torino,Salernitana,0,0,0,0.45,0.0,0,0.0,0,1,1,2,1,0,0,1.0
2021-09-12,2021-22,Bundesliga,Ein Frankfurt,Stuttgart,0,0,2,0.0,0.0,2,-0.45,0,0,1,3,1,2,0,0.5
2021-09-12,2021-22,Ligue1,Nantes,Nice,0,2,0,0.0,-1.0,2,-0.45,1,1,0,4,1,0,4,0.0
2021-09-12,2021-22,Ligue1,Rennes,Reims,0,0,2,0.0,0.0,2,-0.45,0,1,1,4,1,0,0,0.0
2021-09-12,2021-22,Ligue1,Metz,Troyes,0,0,0,0.45,0.0,0,0.0,0,0,1,4,1,2,0,0.0
2021-09-12,2021-22,Ligue1,Brest,Angers,0,1,1,0.0,-0.5,2,-0.45,0,1,0,4,1,0,4,0.5
2021-09-12,2021-22,Ligue1,Bordeaux,Lens,1,1,0,0.5,1.0,2,0.05,0,1,0,4,1,0,5,0.0
2021-09-12,2021-22,Ligue1,Montpellier,St Etienne,1,1,0,0.5,0.0,2,0.05,1,1,1,4,1,0,0,1.0
2021-09-12,2021-22,SerieA,Sampdoria,Inter,1,1,0,0.5,-1.5,2,0.05,1,0,0,2,1,1,3,0.5
2021-09-12,2021-22,SerieA,Cagliari,Genoa,0,2,0,0.0,-1.0,2,-0.45,1,1,1,2,1,0,0,0.0
2021-09-12,2021-22,SerieA,Spezia,Udinese,1,1,0,0.5,0.5,2,0.05,1,1,0,2,1,0,2,0.0
2021-09-12,2021-22,Bundesliga,Bochum,Hertha,0,0,0,0.45,0.0,0,0.0,0,1,1,3,1,0,0,0.0
2021-09-12,2021-22,LaLiga,Cadiz,Sociedad,0,2,0,0.0,-2.0,2,-0.45,1,1,0,3,1,0,2,0.0
2021-09-12,2021-22,SerieA,Roma,Sassuolo,0,0,2,0.0,0.0,2,-0.45,0,0,0,2,1,4,4,1.0
2021-09-12,2021-22,Ligue1,Lyon,Strasbourg,2,0,0,1.0,2.0,2,0.55,0,0,0,4,1,2,2,1.0
2021-09-12,2021-22,LaLiga,Osasuna,Valencia,1,0,1,0.5,1.0,2,0.05,0,0,0,3,1,3,5,0.0
2021-09-13,2021-22,SerieA,Bologna,Verona,1,0,1,0.5,0.5,2,0.05,0,0,1,2,1,2,0,1.0
2021-09-13,2021-22,EPL,Everton,Burnley,0,1,1,0.0,-0.5,2,-0.45,1,0,0,3,1,3,1,1.0
2021-09-13,2021-22,LaLiga,Getafe,Elche,1,0,1,0.5,1.0,2,0.05,0,1,0,3,1,0,1,0.0
2021-09-13,2021-22,LaLiga,Granada,Betis,1,1,0,0.5,0.5,2,0.05,1,1,1,3,1,0,0,0.0
2021-09-17,2021-22,SerieA,Sassuolo,Torino,0,1,1,0.0,-0.5,2,-0.45,1,1,0,3,1,0,1,0.0
2021-09-17,2021-22,Ligue1,Strasbourg,Metz,1,0,1,0.5,0.5,2,0.05,0,1,1,5,0,0,0,1.0
2021-09-17,2021-22,EPL,Newcastle,Leeds,0,2,0,0.0,-2.0,2,-0.45,1,1,1,4,1,0,0,0.5
2021-09-17,2021-22,LaLiga,Celta,Cadiz,1,0,1,0.5,2.0,2,0.05,0,1,1,4,1,0,0,0.0
2021-09-17,2021-22,Bundesliga,Hertha,Greuther Furth,0,0,0,0.45,0.0,0,0.0,0,0,1,4,1,1,0,1.0
2021-09-18,2021-22,SerieA,Genoa,Fiorentina,0,0,2,0.0,0.0,2,-0.45,0,0,0,3,1,1,2,0.0
2021-09-18,2021-22,Bundesliga,Bayern Munich,Bochum,0,0,0,0.45,0.0,0,0.0,0,0,1,4,1,7,0,1.0
2021-09-18,2021-22,Bundesliga,Augsburg,M'gladbach,1,0,1,0.5,1.0,2,0.05,0,0,0,4,1,1,1,1.0
2021-09-18,2021-22,SerieA,Salernitana,Atalanta,0,0,0,0.45,0.0,0,0.0,0,1,1,3,1,0,0,0.0
2021-09-18,2021-22,SerieA,Inter,Bologna,2,0,0,1.0,1.5,2,0.55,0,0,0,3,1,4,3,1.0
2021-09-18,2021-22,Ligue1,Lens,Lille,0,2,0,0.0,-3.5,2,-0.45,1,0,1,5,0,6,0,1.0
2021-09-18,2021-22,Bundesliga,Bielefeld,Hoffenheim,0,0,2,0.0,0.0,2,-0.45,0,1,1,4,1,0,0,0.5
2021-09-18,2021-22,Ligue1,St Etienne,Bordeaux,2,0,0,1.0,2.0,2,0.55,0,1,1,5,0,0,0,0.0
2021-09-18,2021-22,LaLiga,Elche,Levante,1,0,1,0.5,0.5,2,0.05,0,0,0,4,1,2,1,0.5
2021-09-18,2021-22,EPL,Aston Villa,Everton,1,0,1,0.5,0.5,2,0.05,0,1,0,4,1,0,4,1.0
2021-09-18,2021-22,EPL,Man City,Southampton,2,0,0,1.0,2.0,2,0.55,0,0,0,4,1,3,3,0.5
2021-09-18,2021-22,EPL,Liverpool,Crystal Palace,2,0,0,1.0,4.5,2,0.55,0,0,0,4,1,14,3,1.0
2021-09-18,2021-22,EPL,Burnley,Arsenal,1,0,1,0.5,0.5,2,0.05,0,1,0,4,1,0,1,0.0
2021-09-18,2021-22,Bundesliga,FC Koln,RB Leipzig,1,0,1,0.5,0.5,2,0.05,0,0,1,4,1,2,0,0.5
2021-09-18,2021-22,Bundesliga,Mainz,Freiburg,2,0,0,1.0,1.5,2,0.55,0,0,0,4,1,2,4,0.5
2021-09-18,2021-22,EPL,Wolves,Brentford,0,0,0,0.45,0.0,0,0.0,0,0,1,4,1,1,0,0.0
2021-09-18,2021-22,LaLiga,Vallecano,Getafe,0,0,0,0.45,0.0,0,0.0,0,0,1,4,1,2,0,1.0
2021-09-18,2021-22,LaLiga,Ath Madrid,Ath Bilbao,1,1,0,0.5,0.0,2,0.05,1,0,0,4,1,9,4,0.5
2021-09-18,2021-22,LaLiga,Alaves,Osasuna,0,1,1,0.0,-0.5,2,-0.45,1,1,1,3,1,0,0,0.0
2021-09-18,2021-22,EPL,Norwich,Watford,0,0,0,0.45,0.0,0,0.0,0,1,1,4,1,0,0,0.0
2021-09-19,2021-22,SerieA,Verona,Roma,0,1,1,0.0,-1.0,2,-0.45,1,1,0,3,1,0,5,1.0
2021-09-19,2021-22,SerieA,Lazio,Cagliari,2,0,0,1.0,1.5,2,0.55,0,1,1,3,1,0,0,0.5
2021-09-19,2021-22,LaLiga,Sociedad,Sevilla,0,2,0,0.0,-1.0,2,-0.45,1,0,0,4,1,3,4,0.5
2021-09-19,2021-22,EPL,Brighton,Leicester,0,2,0,0.0,-2.0,2,-0.45,1,0,1,4,1,1,0,1.0
2021-09-19,2021-22,EPL,West Ham,Man United,0,2,0,0.0,-1.5,2,-0.45,1,0,0,4,1,7,6,0.0
2021-09-19,2021-22,EPL,Tottenham,Chelsea,0,1,1,0.0,-0.5,2,-0.45,1,1,0,4,1,0,4,0.0
2021-09-19,2021-22,Ligue1,Troyes,Montpellier,0,0,0,0.45,0.0,0,0.0,0,0,0,5,0,1,1,0.5
2021-09-19,2021-22,LaLiga,Mallorca,Villarreal,0,0,0,0.45,0.0,0,0.0,0,1,0,4,1,0,3,0.5
2021-09-19,2021-22,Ligue1,Paris SG,Lyon,1,1,0,0.5,0.5,2,0.05,0,0,0,5,0,12,3,1.0
2021-09-19,2021-22,Bundesliga,Stuttgart,Leverkusen,0,1,1,0.0,-1.5,2,-0.45,1,0,1,4,1,1,0,0.0
2021-09-19,2021-22,Bundesliga,Dortmund,Union Berlin,1,1,0,0.5,0.5,2,0.05,0,0,0,4,1,2,6,1.0
2021-09-19,2021-22,Bundesliga,Wolfsburg,Ein Frankfurt,1,1,0,0.5,0.0,2,0.05,1,0,0,4,1,4,3,0.5
2021-09-19,2021-22,SerieA,Venezia,Spezia,0,0,0,0.45,0.0,0,0.0,0,0,1,3,1,1,0,0.0
2021-09-19,2021-22,SerieA,Empoli,Sampdoria,0,0,0,0.45,0.0,0,0.0,0,1,0,3,1,0,2,0.0
2021-09-19,2021-22,Ligue1,Marseille,Rennes,1,1,0,0.5,0.0,2,0.05,0,0,1,4,1,6,0,1.0
2021-09-19,2021-22,Ligue1,Nice,Monaco,0,2,0,0.0,-1.0,2,-0.45,1,0,1,4,1,5,0,0.5
2021-09-19,2021-22,Ligue1,Angers,Nantes,0,1,1,0.0,-1.0,2,-0.45,1,0,1,5,0,5,0,0.0
2021-09-19,2021-22,Ligue1,Clermont,Brest,0,0,0,0.45,0.0,0,0.0,0,1,0,5,0,0,1,0.5
2021-09-19,2021-22,Ligue1,Reims,Lorient,0,2,0,0.0,-1.5,2,-0.45,1,0,0,5,0,1,2,0.5
2021-09-19,2021-22,SerieA,Juventus,Milan,1,1,0,0.5,-0.5,2,0.05,1,1,0,3,1,0,8,0.5
2021-09-19,2021-22,LaLiga,Betis,Espanol,0,0,0,0.45,0.0,0,0.0,0,0,1,4,1,1,0,0.5
2021-09-19,2021-22,LaLiga,Valencia,Real Madrid,1,1,0,0.5,0.5,2,0.05,1,0,0,4,1,6,15,0.0
2021-09-20,2021-22,SerieA,Udinese,Napoli,0,2,0,0.0,-2.5,2,-0.45,1,0,0,3,1,3,12,0.0
2021-09-20,2021-22,LaLiga,Barcelona,Granada,1,1,0,0.5,1.5,2,0.05,1,0,1,3,1,4,0,0.5
2021-09-21,2021-22,SerieA,Atalanta,Sassuolo,1,0,1,0.5,2.0,2,0.05,0,0,1,4,1,1,0,1.0
2021-09-21,2021-22,SerieA,Fiorentina,Inter,0,2,0,0.0,-1.5,2,-0.45,1,0,0,4,1,3,5,0.0
2021-09-21,2021-22,LaLiga,Getafe,Ath Madrid,0,1,1,0.0,-0.5,2,-0.45,0,1,0,5,0,0,10,0.0
2021-09-21,2021-22,SerieA,Bologna,Genoa,0,2,0,0.0,-2.0,2,-0.45,1,1,1,4,1,0,0,0.5
2021-09-21,2021-22,LaLiga,Ath Bilbao,Vallecano,0,0,0,0.45,0.0,0,0.0,0,0,0,5,0,5,3,0.0
2021-09-21,2021-22,LaLiga,Levante,Celta,0,1,1,0.0,-1.0,2,-0.45,1,0,1,5,0,2,0,0.0
2021-09-22,2021-22,Ligue1,Nantes,Brest,2,0,0,1.0,2.5,2,0.55,0,0,0,6,0,1,2,1.0
2021-09-22,2021-22,Ligue1,Metz,Paris SG,0,2,0,0.0,-1.5,2,-0.45,1,1,0,6,0,0,13,0.0
2021-09-22,2021-22,Ligue1,Lyon,Troyes,0,0,0,0.45,0.0,0,0.0,0,1,0,6,0,0,2,1.0
2021-09-22,2021-22,SerieA,Salernitana,Verona,0,0,0,0.45,0.0,0,0.0,0,1,0,4,1,0,1,0.5
2021-09-22,2021-22,SerieA,Spezia,Juventus,0,2,0,0.0,-3.0,2,-0.45,1,0,0,4,1,1,1,0.0
2021-09-22,2021-22,SerieA,Cagliari,Empoli,0,0,0,0.45,0.0,0,0.0,0,0,1,4,1,1,0,0.0
2021-09-22,2021-22,SerieA,Milan,Venezia,0,0,0,0.45,0.0,0,0.0,0,0,1,4,1,9,0,1.0
2021-09-22,2021-22,Ligue1,Montpellier,Bordeaux,2,0,0,1.0,2.0,2,0.55,0,0,0,6,0,2,1,0.5
2021-09-22,2021-22,LaLiga,Real Madrid,Mallorca,0,0,0,0.45,0.0,0,0.0,0,0,0,5,0,15,1,1.0
2021-09-22,2021-22,LaLiga,Sevilla,Valencia,2,0,0,1.0,1.0,2,0.55,0,0,1,4,1,5,0,1.0
2021-09-22,2021-22,LaLiga,Villarreal,Elche,0,0,2,0.0,0.0,2,-0.45,0,0,0,4,1,4,3,1.0
2021-09-22,2021-22,Ligue1,Rennes,Clermont,0,0,0,0.45,0.0,0,0.0,0,1,0,6,0,0,1,1.0
2021-09-22,2021-22,Ligue1,Angers,Marseille,1,1,0,0.5,0.0,2,0.05,1,1,0,6,0,0,7,0.5
2021-09-22,2021-22,Ligue1,Lens,Strasbourg,1,1,0,0.5,0.0,2,0.05,0,0,0,6,0,7,1,0.0
2021-09-22,2021-22,LaLiga,Espanol,Alaves,0,0,0,0.45,0.0,0,0.0,0,0,1,5,0,1,0,1.0
2021-09-22,2021-22,Ligue1,Lorient,Nice,0,0,2,0.0,0.0,2,-0.45,0,0,0,6,0,3,6,1.0
2021-09-22,2021-22,Ligue1,Lille,Reims,2,0,0,1.0,1.0,2,0.55,0,1,0,6,0,0,2,1.0
2021-09-22,2021-22,Ligue1,Monaco,St Etienne,1,0,1,0.5,2.0,2,0.05,0,0,1,6,0,1,0,1.0
2021-09-23,2021-22,SerieA,Torino,Lazio,0,1,1,0.0,-0.5,2,-0.45,0,0,0,4,1,2,1,0.5
2021-09-23,2021-22,LaLiga,Granada,Sociedad,1,1,0,0.5,-0.5,2,0.05,0,0,0,5,0,1,4,0.0
2021-09-23,2021-22,LaLiga,Osasuna,Betis,0,2,0,0.0,-1.5,2,-0.45,1,0,0,5,0,1,2,0.0
2021-09-23,2021-22,LaLiga,Cadiz,Barcelona,1,0,1,0.5,0.5,2,0.05,0,0,0,5,0,1,5,0.5
2021-09-23,2021-22,SerieA,Roma,Udinese,2,0,0,1.0,2.0,2,0.55,0,1,1,4,1,0,0,1.0
2021-09-23,2021-22,SerieA,Sampdoria,Napoli,0,2,0,0.0,-1.5,2,-0.45,1,0,0,4,1,3,13,0.0
2021-09-24,2021-22,Bundesliga,Greuther Furth,Bayern Munich,0,0,0,0.45,0.0,0,0.0,0,1,0,5,0,0,8,0.0
2021-09-25,2021-22,Bundesliga,Ein Frankfurt,FC Koln,1,0,1,0.5,1.0,2,0.05,0,0,0,5,0,4,3,0.5
2021-09-25,2021-22,Bundesliga,Hoffenheim,Wolfsburg,1,1,0,0.5,0.0,2,0.05,0,0,0,5,0,1,5,1.0
2021-09-25,2021-22,Bundesliga,RB Leipzig,Hertha,2,0,0,1.0,2.0,2,0.55,0,0,0,5,0,1,2,1.0
2021-09-25,2021-22,Bundesliga,Leverkusen,Mainz,1,0,1,0.5,0.5,2,0.05,0,0,0,5,0,1,3,1.0
2021-09-25,2021-22,Bundesliga,M'gladbach,Dortmund,1,1,0,0.5,-0.5,2,0.05,0,1,0,5,0,0,3,1.0
2021-09-25,2021-22,Ligue1,St Etienne,Nice,1,1,0,0.5,-0.5,2,0.05,0,1,1,7,0,0,0,0.0
2021-09-25,2021-22,Ligue1,Strasbourg,Lille,0,1,1,0.0,-1.5,2,-0.45,0,0,0,7,0,2,1,0.0
2021-09-25,2021-22,Ligue1,Lyon,Lorient,1,0,1,0.5,1.5,2,0.05,0,0,0,7,0,1,4,0.5
2021-09-25,2021-22,Ligue1,Paris SG,Montpellier,2,0,0,1.0,3.0,2,0.55,0,0,0,7,0,14,3,1.0
2021-09-25,2021-22,EPL,Man United,Aston Villa,2,0,0,1.0,1.5,2,0.55,0,0,0,5,0,7,1,0.0
2021-09-25,2021-22,EPL,Everton,Norwich,0,0,0,0.45,0.0,0,0.0,0,1,1,5,0,0,0,1.0
2021-09-25,2021-22,EPL,Leeds,West Ham,0,2,0,0.0,-1.5,2,-0.45,1,0,1,5,0,1,0,0.0
2021-09-25,2021-22,EPL,Leicester,Burnley,1,0,1,0.5,1.0,2,0.05,0,1,1,5,0,0,0,0.5
2021-09-25,2021-22,EPL,Watford,Newcastle,0,0,0,0.45,0.0,0,0.0,0,0,0,5,0,1,1,0.5
2021-09-25,2021-22,EPL,Brentford,Liverpool,0,0,0,0.45,0.0,0,0.0,0,0,0,5,0,1,15,0.5
2021-09-25,2021-22,Bundesliga,Union Berlin,Bielefeld,1,0,1,0.5,2.5,2,0.05,0,1,0,5,0,0,1,1.0
2021-09-25,2021-22,SerieA,Inter,Atalanta,1,0,1,0.5,0.5,2,0.05,0,0,0,5,0,6,2,0.5
2021-09-25,2021-22,EPL,Chelsea,Man City,1,1,0,0.5,-0.5,2,0.05,0,0,0,5,0,5,4,0.0
2021-09-25,2021-22,LaLiga,Alaves,Ath Madrid,0,2,0,0.0,-1.0,2,-0.45,1,1,0,5,0,0,11,1.0
2021-09-25,2021-22,LaLiga,Valencia,Ath Bilbao,0,0,2,0.0,0.0,2,-0.45,0,1,1,6,0,0,0,0.5
2021-09-25,2021-22,LaLiga,Sevilla,Espanol,0,0,0,0.45,0.0,0,0.0,0,0,0,5,0,6,2,1.0
2021-09-25,2021-22,LaLiga,Real Madrid,Villarreal,1,0,1,0.5,0.5,2,0.05,0,0,0,6,0,15,5,0.5
2021-09-25,2021-22,SerieA,Genoa,Verona,0,0,2,0.0,0.0,2,-0.45,0,0,0,5,0,1,2,0.5
2021-09-25,2021-22,SerieA,Spezia,Milan,1,1,0,0.5,-0.5,2,0.05,0,1,0,5,0,0,10,0.0
2021-09-26,2021-22,EPL,Arsenal,Tottenham,1,1,0,0.5,-0.5,2,0.05,0,0,1,5,0,2,0,1.0
2021-09-26,2021-22,SerieA,Juventus,Sampdoria,2,0,0,1.0,2.5,2,0.55,0,0,1,5,0,2,0,1.0
2021-09-26,2021-22,SerieA,Empoli,Bologna,0,0,0,0.45,0.0,0,0.0,0,0,0,5,0,1,1,1.0
2021-09-26,2021-22,SerieA,Napoli,Cagliari,1,0,1,0.5,1.5,2,0.05,0,0,1,5,0,14,0,1.0
2021-09-26,2021-22,SerieA,Lazio,Roma,1,1,0,0.5,0.5,2,0.05,1,0,0,5,0,2,1,1.0
2021-09-26,2021-22,EPL,Southampton,Wolves,0,1,1,0.0,-0.5,2,-0.45,1,0,1,5,0,4,0,0.0
2021-09-26,2021-22,Ligue1,Bordeaux,Rennes,2,0,0,1.0,1.0,2,0.55,0,0,0,7,0,2,1,0.5
2021-09-26,2021-22,Ligue1,Brest,Metz,1,1,0,0.5,0.0,2,0.05,1,1,1,7,0,0,0,0.0
2021-09-26,2021-22,Ligue1,Reims,Nantes,2,0,0,1.0,1.0,2,0.55,0,1,0,7,0,0,2,1.0
2021-09-26,2021-22,Ligue1,Troyes,Angers,0,0,0,0.45,0.0,0,0.0,0,1,0,7,0,0,1,0.5
2021-09-26,2021-22,Ligue1,Clermont,Monaco,0,0,0,0.45,0.0,0,0.0,0,1,0,7,0,0,2,0.0
2021-09-26,2021-22,Ligue1,Marseille,Lens,0,1,1,0.0,-0.5,2,-0.45,0,0,1,6,0,8,0,0.0
2021-09-26,2021-22,Bundesliga,Freiburg,Augsburg,1,0,1,0.5,1.0,2,0.05,0,0,0,5,0,5,2,1.0
2021-09-26,2021-22,Bundesliga,Bochum,Stuttgart,0,0,0,0.45,0.0,0,0.0,0,1,1,5,0,0,0,0.5
2021-09-26,2021-22,LaLiga,Mallorca,Osasuna,0,0,0,0.45,0.0,0,0.0,0,1,1,6,0,0,0,0.0
2021-09-26,2021-22,LaLiga,Barcelona,Levante,1,0,1,0.5,0.5,2,0.05,0,0,1,5,0,6,0,1.0
2021-09-26,2021-22,LaLiga,Sociedad,Elche,2,0,0,1.0,2.5,2,0.55,0,0,1,6,0,5,0,1.0
2021-09-26,2021-22,LaLiga,Vallecano,Cadiz,0,0,0,0.45,0.0,0,0.0,0,0,0,6,0,4,2,1.0
2021-09-26,2021-22,LaLiga,Betis,Getafe,1,1,0,0.5,-1.0,2,0.05,0,0,1,6,0,3,0,1.0
2021-09-26,2021-22,SerieA,Udinese,Fiorentina,1,1,0,0.5,0.0,2,0.05,0,1,1,5,0,0,0,0.0
2021-09-26,2021-22,SerieA,Sassuolo,Salernitana,0,0,0,0.45,0.0,0,0.0,0,1,0,5,0,0,1,1.0
2021-09-27,2021-22,LaLiga,Celta,Granada,1,0,1,0.5,1.0,2,0.05,0,0,1,6,0,1,0,1.0
2021-09-27,2021-22,EPL,Crystal Palace,Brighton,1,0,1,0.5,0.5,2,0.05,0,1,0,5,0,0,2,0.5
2021-09-27,2021-22,SerieA,Venezia,Torino,0,0,0,0.45,0.0,0,0.0,0,1,0,5,0,0,3,0.5
2021-10-01,2021-22,SerieA,Cagliari,Venezia,0,0,0,0.45,0.0,0,0.0,0,1,0,6,0,0,1,0.5
2021-10-01,2021-22,LaLiga,Ath Bilbao,Alaves,0,1,1,0.0,-0.5,2,-0.45,0,0,0,7,0,1,1,1.0
2021-10-01,2021-22,Bundesliga,FC Koln,Greuther Furth,0,0,0,0.45,0.0,0,0.0,0,0,1,6,0,4,0,1.0
2021-10-01,2021-22,Ligue1,Lens,Reims,0,0,2,0.0,0.0,2,-0.45,0,0,0,8,0,1,1,1.0
2021-10-02,2021-22,SerieA,Torino,Juventus,0,1,1,0.0,-0.5,2,-0.45,0,0,0,6,0,4,3,0.0
2021-10-02,2021-22,SerieA,Salernitana,Genoa,0,0,0,0.45,0.0,0,0.0,0,1,0,6,0,0,2,1.0
2021-10-02,2021-22,SerieA,Sassuolo,Inter,0,2,0,0.0,-2.0,2,-0.45,1,0,0,6,0,1,7,0.0
2021-10-02,2021-22,Bundesliga,Dortmund,Augsburg,1,1,0,0.5,0.0,2,0.05,0,1,1,6,0,0,0,1.0
2021-10-02,2021-22,LaLiga,Mallorca,Levante,0,0,0,0.45,0.0,0,0.0,0,1,1,7,0,0,0,1.0
2021-10-02,2021-22,Bundesliga,Stuttgart,Hoffenheim,1,0,1,0.5,1.0,2,0.05,0,0,0,6,0,1,2,1.0
2021-10-02,2021-22,LaLiga,Osasuna,Vallecano,0,0,0,0.45,0.0,0,0.0,0,0,0,7,0,1,5,1.0
2021-10-02,2021-22,Bundesliga,Hertha,Freiburg,1,1,0,0.5,0.0,2,0.05,0,1,0,6,0,0,6,0.0
2021-10-02,2021-22,LaLiga,Cadiz,Valencia,1,0,1,0.5,0.5,2,0.05,0,1,0,7,0,0,1,0.5
2021-10-02,2021-22,Ligue1,Nice,Brest,1,1,0,0.5,-0.5,2,0.05,0,0,1,7,0,1,0,1.0
2021-10-02,2021-22,Ligue1,Montpellier,Strasbourg,2,0,0,1.0,1.0,2,0.55,0,1,1,8,0,0,0,0.5
2021-10-02,2021-22,EPL,Man United,Everton,1,0,1,0.5,1.0,2,0.05,0,1,0,6,0,0,1,0.5
2021-10-02,2021-22,EPL,Burnley,Norwich,0,0,0,0.45,0.0,0,0.0,0,0,1,6,0,1,0,0.5
2021-10-02,2021-22,EPL,Chelsea,Southampton,0,0,2,0.0,0.0,2,-0.45,0,1,1,6,0,0,0,1.0
2021-10-02,2021-22,LaLiga,Ath Madrid,Barcelona,1,0,1,0.5,0.5,2,0.05,0,1,0,7,0,0,7,1.0
2021-10-02,2021-22,EPL,Wolves,Newcastle,0,0,2,0.0,0.0,2,-0.45,0,0,0,6,0,1,2,1.0
2021-10-02,2021-22,EPL,Brighton,Arsenal,0,2,0,0.0,-1.5,2,-0.45,1,0,0,6,0,3,3,0.5
2021-10-02,2021-22,Bundesliga,Wolfsburg,M'gladbach,0,0,2,0.0,0.0,2,-0.45,0,1,0,6,0,0,1,0.0
2021-10-02,2021-22,Bundesliga,RB Leipzig,Bochum,0,0,0,0.45,0.0,0,0.0,0,0,0,6,0,2,1,1.0
2021-10-02,2021-22,EPL,Leeds,Watford,0,0,0,0.45,0.0,0,0.0,0,1,0,6,0,0,2,1.0
2021-10-03,2021-22,Ligue1,St Etienne,Lyon,0,2,0,0.0,-3.0,2,-0.45,1,1,0,8,0,0,2,0.5
2021-10-03,2021-22,Ligue1,Lille,Marseille,1,0,1,0.5,1.0,2,0.05,0,0,1,8,0,2,0,1.0
2021-10-03,2021-22,Ligue1,Monaco,Bordeaux,2,0,0,1.0,3.5,2,0.55,0,0,0,8,0,3,3,1.0
2021-10-03,2021-22,Ligue1,Lorient,Clermont,0,0,0,0.45,0.0,0,0.0,0,0,1,8,0,5,0,0.5
2021-10-03,2021-22,Ligue1,Angers,Metz,1,0,1,0.5,0.5,2,0.05,0,0,0,8,0,2,1,1.0
2021-10-03,2021-22,SerieA,Roma,Empoli,0,0,0,0.45,0.0,0,0.0,0,1,0,6,0,0,2,1.0
2021-10-03,2021-22,SerieA,Fiorentina,Napoli,0,2,0,0.0,-4.0,2,-0.45,1,0,0,6,0,1,15,0.0
2021-10-03,2021-22,SerieA,Verona,Spezia,1,0,1,0.5,0.5,2,0.05,0,0,1,6,0,3,0,1.0
2021-10-03,2021-22,SerieA,Sampdoria,Udinese,2,0,0,1.0,1.0,2,0.55,0,1,1,6,0,0,0,0.5
2021-10-03,2021-22,SerieA,Bologna,Lazio,1,1,0,0.5,0.5,2,0.05,0,1,0,6,0,0,3,1.0
2021-10-03,2021-22,EPL,Liverpool,Man City,0,1,1,0.0,-1.5,2,-0.45,1,0,0,6,0,15,5,0.5
2021-10-03,2021-22,EPL,Tottenham,Aston Villa,1,1,0,0.5,0.5,2,0.05,1,1,0,6,0,0,2,1.0
2021-10-03,2021-22,EPL,Crystal Palace,Leicester,0,1,1,0.0,-0.5,2,-0.45,1,0,0,6,0,1,1,0.5
2021-10-03,2021-22,SerieA,Atalanta,Milan,1,1,0,0.5,0.5,2,0.05,1,0,0,6,0,3,11,0.0
2021-10-03,2021-22,Ligue1,Rennes,Paris SG,0,1,1,0.0,-1.5,2,-0.45,0,0,0,8,0,2,15,1.0
2021-10-03,2021-22,Ligue1,Nantes,Troyes,0,0,0,0.45,0.0,0,0.0,0,1,0,8,0,0,1,1.0
2021-10-03,2021-22,LaLiga,Espanol,Real Madrid,0,0,0,0.45,0.0,0,0.0,0,1,0,7,0,0,15,1.0
2021-10-03,2021-22,Bundesliga,Mainz,Union Berlin,1,1,0,0.5,-1.5,2,0.05,0,1,0,6,0,0,1,0.0
2021-10-03,2021-22,Bundesliga,Bayern Munich,Ein Frankfurt,1,1,0,0.5,2.0,2,0.05,1,0,0,6,0,9,5,0.0
2021-10-03,2021-22,Bundesliga,Bielefeld,Leverkusen,1,1,0,0.5,0.0,2,0.05,0,1,0,6,0,0,2,0.0
2021-10-03,2021-22,LaLiga,Elche,Celta,0,1,1,0.0,-1.0,2,-0.45,1,1,0,7,0,0,2,1.0
2021-10-03,2021-22,LaLiga,Granada,Sevilla,1,1,0,0.5,0.0,2,0.05,1,1,0,7,0,0,7,1.0
2021-10-03,2021-22,LaLiga,Villarreal,Betis,0,1,1,0.0,-0.5,2,-0.45,1,0,0,6,0,6,4,1.0
2021-10-03,2021-22,EPL,West Ham,Brentford,0,0,0,0.45,0.0,0,0.0,0,0,0,6,0,1,2,0.0
2021-10-03,2021-22,LaLiga,Getafe,Sociedad,0,2,0,0.0,-2.0,2,-0.45,1,1,0,7,0,0,6,0.5
2021-10-15,2021-22,Ligue1,Paris SG,Angers,2,0,0,1.0,3.0,2,0.55,0,1,0,9,0,0,3,1.0
2021-10-15,2021-22,Bundesliga,Hoffenheim,FC Koln,2,0,0,1.0,2.0,2,0.55,0,1,0,7,0,0,5,1.0
2021-10-16,2021-22,SerieA,Spezia,Salernitana,0,0,0,0.45,0.0,0,0.0,0,1,0,7,0,0,1,1.0
2021-10-16,2021-22,Bundesliga,M'gladbach,Stuttgart,0,1,1,0.0,-0.5,2,-0.45,1,0,0,7,0,2,2,0.5
2021-10-16,2021-22,Bundesliga,Union Berlin,Wolfsburg,0,1,1,0.0,-1.5,2,-0.45,1,0,1,7,0,2,0,1.0
2021-10-16,2021-22,Bundesliga,Greuther Furth,Bochum,0,0,0,0.45,0.0,0,0.0,0,1,1,7,0,0,0,0.0
2021-10-16,2021-22,Bundesliga,Freiburg,RB Leipzig,0,2,0,0.0,-3.0,2,-0.45,1,0,0,7,0,7,3,0.5
2021-10-16,2021-22,SerieA,Lazio,Inter,0,1,1,0.0,-1.0,2,-0.45,1,1,0,7,0,0,8,1.0
2021-10-16,2021-22,SerieA,Milan,Verona,1,0,1,0.5,1.0,2,0.05,0,0,0,7,0,12,4,1.0
2021-10-16,2021-22,Bundesliga,Ein Frankfurt,Hertha,2,0,0,1.0,2.0,2,0.55,0,0,1,7,0,6,0,0.0
2021-10-16,2021-22,Bundesliga,Dortmund,Mainz,1,0,1,0.5,1.0,2,0.05,0,0,1,7,0,1,0,1.0
2021-10-16,2021-22,EPL,Watford,Liverpool,0,0,0,0.45,0.0,0,0.0,0,1,0,7,0,0,15,0.0
2021-10-16,2021-22,EPL,Aston Villa,Wolves,1,0,1,0.5,0.5,2,0.05,0,1,0,7,0,0,2,0.0
2021-10-16,2021-22,EPL,Leicester,Man United,1,0,1,0.5,0.5,2,0.05,0,0,0,7,0,2,1,1.0
2021-10-16,2021-22,EPL,Man City,Burnley,2,0,0,1.0,3.5,2,0.55,0,0,0,7,0,6,2,1.0
2021-10-16,2021-22,EPL,Norwich,Brighton,0,0,0,0.45,0.0,0,0.0,0,0,0,7,0,1,4,0.5
2021-10-16,2021-22,EPL,Southampton,Leeds,0,2,0,0.0,-2.5,2,-0.45,1,1,0,7,0,0,1,1.0
2021-10-16,2021-22,LaLiga,Sociedad,Mallorca,0,0,0,0.45,0.0,0,0.0,0,0,0,8,0,7,1,1.0
2021-10-16,2021-22,LaLiga,Levante,Getafe,1,1,0,0.5,1.0,2,0.05,1,1,0,8,0,0,1,0.5
2021-10-16,2021-22,EPL,Brentford,Chelsea,0,0,0,0.45,0.0,0,0.0,0,0,0,7,0,3,1,0.0
2021-10-16,2021-22,Ligue1,Clermont,Lille,0,0,0,0.45,0.0,0,0.0,0,0,0,9,0,1,3,1.0
2021-10-16,2021-22,Ligue1,Lyon,Monaco,2,0,0,1.0,2.0,2,0.55,0,0,0,9,0,3,4,1.0
2021-10-17,2021-22,Ligue1,Marseille,Lorient,2,0,0,1.0,1.0,2,0.55,0,1,0,8,0,0,6,1.0
2021-10-17,2021-22,EPL,Everton,West Ham,1,1,0,0.5,0.0,2,0.05,0,0,1,7,0,2,0,0.0
2021-10-17,2021-22,EPL,Newcastle,Tottenham,0,0,2,0.0,0.0,2,-0.45,0,1,0,7,0,0,1,0.0
2021-10-17,2021-22,Bundesliga,Leverkusen,Bayern Munich,0,2,0,0.0,-1.5,2,-0.45,1,0,1,7,0,3,0,0.0
2021-10-17,2021-22,Bundesliga,Augsburg,Bielefeld,1,0,1,0.5,0.5,2,0.05,0,1,1,7,0,0,0,0.5
2021-10-17,2021-22,Ligue1,Bordeaux,Nantes,0,1,1,0.0,-1.5,2,-0.45,1,1,0,9,0,0,1,0.5
2021-10-17,2021-22,SerieA,Juventus,Roma,1,0,1,0.5,1.0,2,0.05,0,0,0,7,0,4,1,1.0
2021-10-17,2021-22,Ligue1,Brest,Reims,1,1,0,0.5,0.0,2,0.05,1,1,1,9,0,0,0,0.5
2021-10-17,2021-22,LaLiga,Barcelona,Valencia,1,0,1,0.5,0.5,2,0.05,0,1,0,7,0,0,2,1.0
2021-10-17,2021-22,LaLiga,Villarreal,Osasuna,1,1,0,0.5,0.5,2,0.05,1,0,0,7,0,7,2,0.0
2021-10-17,2021-22,Ligue1,Montpellier,Lens,1,1,0,0.5,0.0,2,0.05,1,0,0,9,0,1,2,1.0
2021-10-17,2021-22,SerieA,Cagliari,Sampdoria,1,0,1,0.5,1.0,2,0.05,0,0,0,7,0,1,1,1.0
2021-10-17,2021-22,SerieA,Empoli,Atalanta,0,0,0,0.45,0.0,0,0.0,0,1,1,7,0,0,0,0.0
2021-10-17,2021-22,SerieA,Genoa,Sassuolo,0,2,0,0.0,-1.0,2,-0.45,1,1,1,7,0,0,0,0.5
2021-10-17,2021-22,SerieA,Udinese,Bologna,0,0,2,0.0,0.0,2,-0.45,0,0,0,7,0,1,1,0.5
2021-10-17,2021-22,Ligue1,Troyes,Nice,0,0,0,0.45,0.0,0,0.0,0,1,0,9,0,0,2,1.0
2021-10-17,2021-22,SerieA,Napoli,Torino,1,0,1,0.5,1.0,2,0.05,0,0,1,7,0,15,0,1.0
2021-10-17,2021-22,Ligue1,Metz,Rennes,0,2,0,0.0,-1.5,2,-0.45,1,1,0,9,0,0,3,0.0
2021-10-17,2021-22,Ligue1,Strasbourg,St Etienne,1,1,0,0.5,-0.5,2,0.05,0,0,0,9,0,1,1,1.0
2021-10-17,2021-22,LaLiga,Vallecano,Elche,0,0,0,0.45,0.0,0,0.0,0,1,0,8,0,0,1,1.0
2021-10-17,2021-22,LaLiga,Celta,Sevilla,0,2,0,0.0,-1.5,2,-0.45,1,1,1,8,0,0,0,0.0
2021-10-18,2021-22,EPL,Arsenal,Crystal Palace,1,0,1,0.5,1.0,2,0.05,0,0,0,7,0,4,2,0.5
2021-10-18,2021-22,LaLiga,Espanol,Cadiz,0,0,0,0.45,0.0,0,0.0,0,0,0,8,0,1,1,1.0
2021-10-18,2021-22,SerieA,Venezia,Fiorentina,0,0,0,0.45,0.0,0,0.0,0,0,1,7,0,2,0,1.0
2021-10-18,2021-22,LaLiga,Alaves,Betis,0,2,0,0.0,-1.0,2,-0.45,1,1,1,7,0,0,0,0.0
2021-10-22,2021-22,SerieA,Torino,Genoa,1,0,1,0.5,0.5,2,0.05,0,1,0,8,0,0,1,1.0
2021-10-22,2021-22,Bundesliga,Mainz,Augsburg,0,2,0,0.0,-1.5,2,-0.45,1,1,0,8,0,0,1,1.0
2021-10-22,2021-22,Ligue1,St Etienne,Angers,1,0,1,0.5,0.5,2,0.05,0,1,1,10,0,0,0,0.5
2021-10-22,2021-22,EPL,Arsenal,Aston Villa,0,2,0,0.0,-2.0,2,-0.45,1,0,1,8,0,5,0,1.0
2021-10-22,2021-22,SerieA,Sampdoria,Spezia,0,1,1,0.0,-0.5,2,-0.45,0,1,0,8,0,0,1,1.0
2021-10-22,2021-22,LaLiga,Osasuna,Granada,1,1,0,0.5,0.0,2,0.05,0,0,0,9,0,3,1,0.5
2021-10-23,2021-22,EPL,Southampton,Burnley,2,0,0,1.0,1.0,2,0.55,0,0,1,8,0,1,0,0.5
2021-10-23,2021-22,SerieA,Sassuolo,Venezia,0,0,0,0.45,0.0,0,0.0,0,0,0,8,0,1,3,1.0
2021-10-23,2021-22,Bundesliga,Bayern Munich,Hoffenheim,1,1,0,0.5,0.0,2,0.05,0,0,0,8,0,1,1,1.0
2021-10-23,2021-22,Bundesliga,Bielefeld,Dortmund,0,2,0,0.0,-2.5,2,-0.45,1,0,0,8,0,1,2,0.0
2021-10-23,2021-22,Bundesliga,RB Leipzig,Greuther Furth,0,0,0,0.45,0.0,0,0.0,0,0,1,8,0,4,0,1.0
2021-10-23,2021-22,Bundesliga,Wolfsburg,Freiburg,1,0,1,0.5,1.5,2,0.05,0,1,0,8,0,0,8,0.0
2021-10-23,2021-22,Bundesliga,Hertha,M'gladbach,0,0,2,0.0,0.0,2,-0.45,0,0,0,8,0,1,3,1.0
2021-10-23,2021-22,LaLiga,Elche,Espanol,0,0,0,0.45,0.0,0,0.0,0,1,0,9,0,0,2,0.5
2021-10-23,2021-22,EPL,Brighton,Man City,1,1,0,0.5,0.0,2,0.05,0,0,0,8,0,5,7,0.0
2021-10-23,2021-22,Ligue1,Lille,Brest,0,1,1,0.0,-0.5,2,-0.45,0,1,0,10,0,0,1,0.5
2021-10-23,2021-22,Ligue1,Nantes,Clermont,0,0,0,0.45,0.0,0,0.0,0,0,0,10,0,2,2,1.0
2021-10-23,2021-22,LaLiga,Ath Bilbao,Villarreal,0,0,2,0.0,0.0,2,-0.45,0,0,1,8,0,2,0,1.0
2021-10-23,2021-22,SerieA,Salernitana,Empoli,0,0,0,0.45,0.0,0,0.0,0,1,1,8,0,0,0,0.0
2021-10-23,2021-22,EPL,Chelsea,Norwich,0,0,0,0.45,0.0,0,0.0,0,0,0,8,0,2,2,1.0
2021-10-23,2021-22,EPL,Crystal Palace,Newcastle,1,1,0,0.5,-0.5,2,0.05,0,0,1,8,0,3,0,0.5
2021-10-23,2021-22,EPL,Everton,Watford,0,0,0,0.45,0.0,0,0.0,0,1,1,8,0,0,0,0.0
2021-10-23,2021-22,EPL,Leeds,Wolves,0,2,0,0.0,-1.0,2,-0.45,1,1,0,8,0,0,3,0.5
2021-10-23,2021-22,SerieA,Bologna,Milan,0,2,0,0.0,-1.5,2,-0.45,1,0,0,8,0,2,13,0.0
2021-10-23,2021-22,LaLiga,Valencia,Mallorca,0,0,0,0.45,0.0,0,0.0,0,1,1,9,0,0,0,0.5
2021-10-23,2021-22,LaLiga,Cadiz,Alaves,1,0,1,0.5,1.0,2,0.05,0,1,1,9,0,0,0,0.0
2021-10-24,2021-22,LaLiga,Sevilla,Levante,2,0,0,1.0,1.0,2,0.55,0,0,0,8,0,1,1,1.0
2021-10-24,2021-22,Ligue1,Rennes,Strasbourg,1,0,1,0.5,0.5,2,0.05,0,0,0,10,0,4,2,1.0
2021-10-24,2021-22,Ligue1,Monaco,Montpellier,1,0,1,0.5,0.5,2,0.05,0,1,0,10,0,0,2,1.0
2021-10-24,2021-22,LaLiga,Barcelona,Real Madrid,0,2,0,0.0,-1.5,2,-0.45,1,0,1,8,0,1,0,0.0
2021-10-24,2021-22,Ligue1,Reims,Troyes,0,0,0,0.45,0.0,0,0.0,0,0,0,10,0,1,1,0.0
2021-10-24,2021-22,Ligue1,Lorient,Bordeaux,1,1,0,0.5,1.0,2,0.05,0,1,0,10,0,0,1,0.5
2021-10-24,2021-22,Ligue1,Lens,Metz,0,1,1,0.0,-1.0,2,-0.45,0,1,1,10,0,0,0,1.0
2021-10-24,2021-22,Ligue1,Nice,Lyon,1,1,0,0.5,-1.0,2,0.05,0,1,0,9,0,0,4,1.0
2021-10-24,2021-22,EPL,Man United,Liverpool,0,1,1,0.0,-1.0,2,-0.45,1,1,0,8,0,0,15,0.0
2021-10-24,2021-22,EPL,West Ham,Tottenham,1,0,1,0.5,0.5,2,0.05,0,0,0,8,0,1,2,1.0
2021-10-24,2021-22,EPL,Brentford,Leicester,0,0,0,0.45,0.0,0,0.0,0,1,0,8,0,0,3,0.0
2021-10-24,2021-22,Ligue1,Marseille,Paris SG,1,1,0,0.5,-0.5,2,0.05,1,0,0,9,0,1,1,0.5
2021-10-24,2021-22,LaLiga,Betis,Vallecano,0,0,0,0.45,0.0,0,0.0,0,0,0,9,0,1,1,1.0
2021-10-24,2021-22,Bundesliga,Stuttgart,Union Berlin,0,1,1,0.0,-0.5,2,-0.45,1,0,0,8,0,3,3,0.5
2021-10-24,2021-22,SerieA,Atalanta,Udinese,1,0,1,0.5,0.5,2,0.05,0,0,0,8,0,1,2,0.5
2021-10-24,2021-22,Bundesliga,Bochum,Ein Frankfurt,0,0,0,0.45,0.0,0,0.0,0,0,1,8,0,1,0,1.0
2021-10-24,2021-22,Bundesliga,FC Koln,Leverkusen,0,2,0,0.0,-3.5,2,-0.45,1,1,1,8,0,0,0,0.5
2021-10-24,2021-22,SerieA,Fiorentina,Cagliari,1,0,1,0.5,0.5,2,0.05,0,1,0,8,0,0,2,1.0
2021-10-24,2021-22,SerieA,Verona,Lazio,1,1,0,0.5,0.0,2,0.05,1,1,0,8,0,0,1,1.0
2021-10-24,2021-22,SerieA,Roma,Napoli,0,2,0,0.0,-3.0,2,-0.45,1,1,0,8,0,0,15,0.5
2021-10-24,2021-22,SerieA,Inter,Juventus,1,1,0,0.5,0.5,2,0.05,1,1,0,8,0,0,5,0.5
2021-10-24,2021-22,LaLiga,Ath Madrid,Sociedad,2,0,0,1.0,1.5,2,0.55,0,0,0,8,0,1,8,0.5
2021-10-25,2021-22,LaLiga,Getafe,Celta,0,1,1,0.0,-0.5,2,-0.45,1,0,1,9,0,2,0,0.0
2021-10-26,2021-22,SerieA,Spezia,Genoa,0,2,0,0.0,-1.5,2,-0.45,1,1,1,9,0,0,0,0.5
2021-10-26,2021-22,SerieA,Venezia,Salernitana,0,0,0,0.45,0.0,0,0.0,0,1,1,9,0,0,0,0.0
2021-10-26,2021-22,SerieA,Milan,Torino,2,0,0,1.0,4.5,2,0.55,0,0,0,9,0,14,1,1.0
2021-10-26,2021-22,LaLiga,Espanol,Ath Bilbao,0,0,0,0.45,0.0,0,0.0,0,0,0,10,0,3,3,0.5
2021-10-26,2021-22,LaLiga,Villarreal,Cadiz,1,0,1,0.5,0.5,2,0.05,0,1,1,9,0,0,0,0.5
2021-10-26,2021-22,LaLiga,Alaves,Elche,1,1,0,0.5,0.0,2,0.05,0,0,0,9,0,1,1,1.0
2021-10-27,2021-22,SerieA,Juventus,Sassuolo,2,0,0,1.0,2.0,2,0.55,0,0,0,9,0,6,2,0.0
2021-10-27,2021-22,SerieA,Cagliari,Roma,1,1,0,0.5,0.0,2,0.05,0,1,0,9,0,0,1,0.0
2021-10-27,2021-22,SerieA,Empoli,Inter,0,0,0,0.45,0.0,0,0.0,0,0,0,9,0,1,1,0.0
2021-10-27,2021-22,SerieA,Lazio,Fiorentina,1,1,0,0.5,-0.5,2,0.05,1,1,0,9,0,0,1,1.0
2021-10-27,2021-22,LaLiga,Real Madrid,Osasuna,1,0,1,0.5,1.0,2,0.05,0,0,0,9,0,1,4,0.5
2021-10-27,2021-22,LaLiga,Betis,Valencia,1,0,1,0.5,1.0,2,0.05,0,0,0,10,0,2,1,1.0
2021-10-27,2021-22,LaLiga,Mallorca,Sevilla,0,0,0,0.45,0.0,0,0.0,0,0,0,10,0,1,2,0.5
2021-10-27,2021-22,SerieA,Sampdoria,Atalanta,1,1,0,0.5,0.0,2,0.05,1,0,0,9,0,1,2,0.0
2021-10-27,2021-22,SerieA,Udinese,Verona,1,1,0,0.5,0.5,2,0.05,0,0,0,9,0,3,1,0.5
2021-10-27,2021-22,LaLiga,Vallecano,Barcelona,0,0,0,0.45,0.0,0,0.0,0,1,1,10,0,0,0,1.0
2021-10-27,2021-22,Ligue1,Nice,Marseille,1,1,0,0.5,1.0,2,0.05,0,0,0,10,0,1,2,0.5
2021-10-28,2021-22,SerieA,Napoli,Bologna,2,0,0,1.0,1.5,2,0.55,0,0,1,9,0,15,0,1.0
2021-10-28,2021-22,LaLiga,Celta,Sociedad,0,2,0,0.0,-2.0,2,-0.45,1,0,0,10,0,1,9,0.0
2021-10-28,2021-22,LaLiga,Granada,Getafe,1,0,1,0.5,0.5,2,0.05,0,0,1,9,0,2,0,0.5
2021-10-28,2021-22,LaLiga,Levante,Ath Madrid,1,0,1,0.5,1.0,2,0.05,0,1,0,10,0,0,2,0.5
2021-10-29,2021-22,Bundesliga,Hoffenheim,Hertha,2,0,0,1.0,2.0,2,0.55,0,1,0,9,0,0,2,1.0
2021-10-29,2021-22,Ligue1,Paris SG,Lille,0,1,1,0.0,-0.5,2,-0.45,1,0,0,11,0,2,1,1.0
2021-10-30,2021-22,EPL,Leicester,Arsenal,1,1,0,0.5,-0.5,2,0.05,1,0,0,9,0,4,6,0.0
2021-10-30,2021-22,LaLiga,Barcelona,Alaves,1,0,1,0.5,2.0,2,0.05,0,1,0,10,0,0,2,0.5
2021-10-30,2021-22,LaLiga,Valencia,Villarreal,1,1,0,0.5,0.0,2,0.05,0,1,0,11,0,0,1,1.0
2021-10-30,2021-22,LaLiga,Elche,Real Madrid,0,1,1,0.0,-0.5,2,-0.45,1,1,0,11,0,0,2,0.0
2021-10-30,2021-22,Bundesliga,Bielefeld,Mainz,1,0,1,0.5,0.5,2,0.05,0,1,0,9,0,0,1,0.0
2021-10-30,2021-22,Bundesliga,Ein Frankfurt,RB Leipzig,0,0,2,0.0,0.0,2,-0.45,0,1,0,9,0,0,5,0.5
2021-10-30,2021-22,Bundesliga,Union Berlin,Bayern Munich,0,0,2,0.0,0.0,2,-0.45,0,0,0,9,0,4,2,0.0
2021-10-30,2021-22,Bundesliga,Leverkusen,Wolfsburg,0,1,1,0.0,-0.5,2,-0.45,1,0,1,9,0,1,0,0.0
2021-10-30,2021-22,Bundesliga,Freiburg,Greuther Furth,0,0,0,0.45,0.0,0,0.0,0,0,1,9,0,9,0,1.0
2021-10-30,2021-22,Bundesliga,Dortmund,FC Koln,0,1,1,0.0,-0.5,2,-0.45,0,0,0,9,0,3,1,1.0
2021-10-30,2021-22,LaLiga,Sevilla,Osasuna,2,0,0,1.0,1.5,2,0.55,0,0,0,10,0,3,5,1.0
2021-10-30,2021-22,Ligue1,Lyon,Lens,1,0,1,0.5,0.5,2,0.05,0,1,0,11,0,0,1,1.0
2021-10-30,2021-22,EPL,Burnley,Brentford,0,0,0,0.45,0.0,0,0.0,0,0,1,9,0,1,0,1.0
2021-10-30,2021-22,Ligue1,Metz,St Etienne,1,1,0,0.5,0.5,2,0.05,1,1,0,11,0,0,1,0.5
2021-10-30,2021-22,EPL,Liverpool,Brighton,0,1,1,0.0,-0.5,2,-0.45,1,0,1,9,0,15,0,0.5
2021-10-30,2021-22,EPL,Man City,Crystal Palace,2,0,0,1.0,3.0,2,0.55,0,0,0,9,0,8,4,0.0
2021-10-30,2021-22,EPL,Newcastle,Chelsea,0,2,0,0.0,-2.0,2,-0.45,1,0,0,9,0,1,3,0.0
2021-10-30,2021-22,EPL,Watford,Southampton,0,0,0,0.45,0.0,0,0.0,0,0,0,9,0,1,2,0.0
2021-10-30,2021-22,SerieA,Atalanta,Lazio,1,1,0,0.5,0.5,2,0.05,1,0,0,10,0,3,1,0.5
2021-10-30,2021-22,SerieA,Verona,Juventus,0,0,2,0.0,0.0,2,-0.45,0,0,1,10,0,2,0,1.0
2021-10-30,2021-22,EPL,Tottenham,Man United,1,1,0,0.5,1.5,2,0.05,1,1,1,9,0,0,0,0.0
2021-10-30,2021-22,SerieA,Torino,Sampdoria,0,1,1,0.0,-0.5,2,-0.45,1,1,1,10,0,0,0,1.0
2021-10-31,2021-22,Bundesliga,Augsburg,Stuttgart,0,2,0,0.0,-2.0,2,-0.45,1,1,0,9,0,0,4,1.0
2021-10-31,2021-22,Bundesliga,M'gladbach,Bochum,0,0,0,0.45,0.0,0,0.0,0,1,0,9,0,0,2,1.0
2021-10-31,2021-22,SerieA,Roma,Milan,0,1,1,0.0,-0.5,2,-0.45,1,0,0,10,0,2,15,0.0
2021-10-31,2021-22,SerieA,Salernitana,Napoli,0,0,0,0.45,0.0,0,0.0,0,0,0,10,0,1,15,0.0
2021-10-31,2021-22,SerieA,Sassuolo,Empoli,0,0,0,0.45,0.0,0,0.0,0,0,1,10,0,3,0,0.0
2021-10-31,2021-22,Ligue1,Bordeaux,Reims,1,1,0,0.5,-0.5,2,0.05,0,0,1,11,0,2,0,1.0
2021-10-31,2021-22,Ligue1,Strasbourg,Lorient,0,1,1,0.0,-1.0,2,-0.45,0,1,0,11,0,0,1,1.0
2021-10-31,2021-22,SerieA,Inter,Udinese,1,0,1,0.5,2.0,2,0.05,0,0,0,10,0,2,4,1.0
2021-10-31,2021-22,LaLiga,Cadiz,Mallorca,0,0,0,0.45,0.0,0,0.0,0,0,0,11,0,1,2,0.5
2021-10-31,2021-22,LaLiga,Ath Madrid,Betis,1,0,1,0.5,1.0,2,0.05,0,0,0,10,0,3,3,1.0
2021-10-31,2021-22,LaLiga,Getafe,Espanol,0,0,0,0.45,0.0,0,0.0,0,0,0,11,0,1,4,1.0
2021-10-31,2021-22,LaLiga,Sociedad,Ath Bilbao,1,0,1,0.5,0.5,2,0.05,0,0,0,11,0,10,4,0.5
2021-10-31,2021-22,Ligue1,Clermont,Marseille,0,0,0,0.45,0.0,0,0.0,0,1,0,11,0,0,3,0.0
2021-10-31,2021-22,Ligue1,Brest,Monaco,1,1,0,0.5,-0.5,2,0.05,1,0,0,11,0,2,1,1.0
2021-10-31,2021-22,Ligue1,Troyes,Rennes,0,0,0,0.45,0.0,0,0.0,0,0,0,11,0,2,5,0.5
2021-10-31,2021-22,Ligue1,Angers,Nice,0,2,0,0.0,-3.0,2,-0.45,1,0,0,11,0,1,2,0.0
2021-10-31,2021-22,SerieA,Genoa,Venezia,0,0,0,0.45,0.0,0,0.0,0,0,1,10,0,1,0,0.5
2021-10-31,2021-22,SerieA,Fiorentina,Spezia,1,0,1,0.5,1.5,2,0.05,0,1,0,10,0,0,1,1.0
2021-10-31,2021-22,Ligue1,Montpellier,Nantes,1,0,1,0.5,0.5,2,0.05,0,1,0,11,0,0,3,1.0
2021-10-31,2021-22,EPL,Aston Villa,West Ham,0,2,0,0.0,-1.5,2,-0.45,1,1,0,9,0,0,2,0.0
2021-10-31,2021-22,EPL,Norwich,Leeds,0,0,0,0.45,0.0,0,0.0,0,1,0,9,0,0,1,0.0
2021-11-01,2021-22,LaLiga,Levante,Granada,0,0,2,0.0,0.0,2,-0.45,0,0,0,11,0,1,3,0.0
2021-11-01,2021-22,EPL,Wolves,Everton,0,2,0,0.0,-1.0,2,-0.45,1,0,1,9,0,4,0,1.0
2021-11-01,2021-22,LaLiga,Vallecano,Celta,0,0,0,0.45,0.0,0,0.0,0,0,1,11,0,1,0,0.5
2021-11-01,2021-22,SerieA,Bologna,Cagliari,1,1,0,0.5,0.0,2,0.05,1,1,1,10,0,0,0,1.0
2021-11-05,2021-22,LaLiga,Ath Bilbao,Cadiz,1,1,0,0.5,1.5,2,0.05,0,0,0,11,0,5,2,0.0
2021-11-05,2021-22,EPL,Southampton,Aston Villa,1,1,0,0.5,0.0,2,0.05,1,0,1,10,0,3,0,1.0
2021-11-05,2021-22,Ligue1,Lens,Troyes,0,0,0,0.45,0.0,0,0.0,0,1,0,12,0,0,3,1.0
2021-11-05,2021-22,Bundesliga,Mainz,M'gladbach,1,1,0,0.5,0.0,2,0.05,0,0,0,10,0,2,1,0.5
2021-11-05,2021-22,SerieA,Empoli,Genoa,0,0,0,0.45,0.0,0,0.0,0,0,0,11,0,1,2,0.5
2021-11-06,2021-22,SerieA,Cagliari,Atalanta,0,2,0,0.0,-2.0,2,-0.45,1,1,0,11,0,0,4,0.0
2021-11-06,2021-22,LaLiga,Espanol,Granada,0,0,0,0.45,0.0,0,0.0,0,1,0,12,0,0,4,1.0
2021-11-06,2021-22,LaLiga,Celta,Barcelona,1,1,0,0.5,-1.0,2,0.05,0,0,0,12,0,1,1,0.5
2021-11-06,2021-22,LaLiga,Alaves,Levante,0,0,2,0.0,0.0,2,-0.45,0,0,1,11,0,3,0,1.0
2021-11-06,2021-22,LaLiga,Real Madrid,Vallecano,0,0,0,0.45,0.0,0,0.0,0,0,0,11,0,3,2,1.0
2021-11-06,2021-22,EPL,Brighton,Newcastle,2,0,0,1.0,3.0,2,0.55,0,0,1,10,0,1,0,0.5
2021-11-06,2021-22,EPL,Crystal Palace,Wolves,1,1,0,0.5,-0.5,2,0.05,0,0,0,10,0,5,5,1.0
2021-11-06,2021-22,SerieA,Juventus,Fiorentina,0,1,1,0.0,-1.5,2,-0.45,0,1,0,11,0,0,1,1.0
2021-11-06,2021-22,EPL,Chelsea,Burnley,2,0,0,1.0,2.5,2,0.55,0,0,0,10,0,4,2,0.5
2021-11-06,2021-22,Bundesliga,Stuttgart,Bielefeld,0,2,0,0.0,-2.5,2,-0.45,1,1,1,10,0,0,0,0.0
2021-11-06,2021-22,SerieA,Spezia,Torino,1,0,1,0.5,1.5,2,0.05,0,1,0,11,0,0,1,1.0
2021-11-06,2021-22,EPL,Man United,Man City,1,0,1,0.5,1.0,2,0.05,0,0,1,10,0,1,0,0.0
2021-11-06,2021-22,Ligue1,Bordeaux,Paris SG,0,1,1,0.0,-0.5,2,-0.45,1,0,0,12,0,3,3,0.0
2021-11-06,2021-22,Ligue1,Lille,Angers,1,1,0,0.5,0.0,2,0.05,0,1,1,12,0,0,0,0.5
2021-11-06,2021-22,EPL,Brentford,Norwich,0,0,0,0.45,0.0,0,0.0,0,1,1,10,0,0,0,0.0
2021-11-06,2021-22,Bundesliga,RB Leipzig,Dortmund,0,2,0,0.0,-1.5,2,-0.45,1,0,0,10,0,6,4,1.0
2021-11-06,2021-22,Bundesliga,Wolfsburg,Augsburg,1,0,1,0.5,1.0,2,0.05,0,0,0,10,0,1,1,1.0
2021-11-06,2021-22,Bundesliga,Bayern Munich,Freiburg,1,0,1,0.5,0.5,2,0.05,0,0,0,10,0,3,10,1.0
2021-11-06,2021-22,Bundesliga,Bochum,Hoffenheim,0,0,0,0.45,0.0,0,0.0,0,1,0,10,0,0,1,1.0
2021-11-07,2021-22,LaLiga,Mallorca,Elche,0,0,0,0.45,0.0,0,0.0,0,0,1,12,0,3,0,0.5
2021-11-07,2021-22,LaLiga,Osasuna,Sociedad,0,1,1,0.0,-0.5,2,-0.45,1,1,0,12,0,0,11,0.0
2021-11-07,2021-22,LaLiga,Betis,Sevilla,0,1,1,0.0,-0.5,2,-0.45,1,1,0,12,0,0,4,0.0
2021-11-07,2021-22,EPL,Arsenal,Watford,0,0,0,0.45,0.0,0,0.0,0,0,1,10,0,7,0,1.0
2021-11-07,2021-22,SerieA,Venezia,Roma,0,0,0,0.45,0.0,0,0.0,0,0,1,11,0,1,0,1.0
2021-11-07,2021-22,LaLiga,Valencia,Ath Madrid,0,2,0,0.0,-1.5,2,-0.45,1,0,0,12,0,1,4,0.5
2021-11-07,2021-22,LaLiga,Villarreal,Getafe,2,0,0,1.0,1.5,2,0.55,0,1,0,11,0,0,2,1.0
2021-11-07,2021-22,Ligue1,Lorient,Brest,1,1,0,0.5,0.0,2,0.05,0,1,0,12,0,0,3,0.0
2021-11-07,2021-22,SerieA,Lazio,Salernitana,0,0,0,0.45,0.0,0,0.0,0,0,1,11,0,2,0,1.0
2021-11-07,2021-22,Bundesliga,Greuther Furth,Ein Frankfurt,0,0,0,0.45,0.0,0,0.0,0,1,0,10,0,0,1,0.0
2021-11-07,2021-22,EPL,Everton,Tottenham,1,0,1,0.5,0.5,2,0.05,0,1,1,10,0,0,0,0.5
2021-11-07,2021-22,Ligue1,Marseille,Metz,0,0,2,0.0,0.0,2,-0.45,0,0,0,12,0,4,1,0.5
2021-11-07,2021-22,Ligue1,Nantes,Strasbourg,1,1,0,0.5,-1.5,2,0.05,0,1,0,12,0,0,1,0.5
2021-11-07,2021-22,EPL,Leeds,Leicester,1,1,0,0.5,-0.5,2,0.05,0,0,1,10,0,2,0,0.5
2021-11-07,2021-22,EPL,West Ham,Liverpool,0,2,0,0.0,-1.5,2,-0.45,1,0,0,10,0,3,15,1.0
2021-11-07,2021-22,Ligue1,Reims,Monaco,0,1,1,0.0,-0.5,2,-0.45,1,1,1,12,0,0,0,0.5
2021-11-07,2021-22,Ligue1,St Etienne,Clermont,0,0,0,0.45,0.0,0,0.0,0,0,1,12,0,2,0,1.0
2021-11-07,2021-22,Ligue1,Nice,Montpellier,1,1,0,0.5,0.0,2,0.05,0,0,0,12,0,3,1,0.0
2021-11-07,2021-22,Ligue1,Rennes,Lyon,0,1,1,0.0,-0.5,2,-0.45,1,0,0,12,0,6,1,1.0
2021-11-07,2021-22,SerieA,Milan,Inter,1,1,0,0.5,-1.0,2,0.05,1,0,0,11,0,15,3,0.5
2021-11-07,2021-22,SerieA,Napoli,Verona,0,1,1,0.0,-1.0,2,-0.45,0,0,0,11,0,15,3,0.5
2021-11-07,2021-22,SerieA,Udinese,Sassuolo,1,0,1,0.5,1.0,2,0.05,0,1,1,11,0,0,0,1.0
2021-11-07,2021-22,SerieA,Sampdoria,Bologna,0,2,0,0.0,-1.5,2,-0.45,1,1,0,11,0,0,1,0.0
2021-11-07,2021-22,Bundesliga,FC Koln,Union Berlin,0,2,0,0.0,-1.0,2,-0.45,1,1,1,10,0,0,0,0.5
2021-11-07,2021-22,Bundesliga,Hertha,Leverkusen,1,0,1,0.5,1.5,2,0.05,0,1,1,10,0,0,0,0.5
2021-11-19,2021-22,Ligue1,Monaco,Lille,0,1,1,0.0,-0.5,2,-0.45,0,0,0,13,0,1,1,0.5
2021-11-19,2021-22,Bundesliga,Augsburg,Bayern Munich,0,2,0,0.0,-2.0,2,-0.45,1,1,0,11,0,0,4,1.0
2021-11-19,2021-22,LaLiga,Levante,Ath Bilbao,0,1,1,0.0,-1.0,2,-0.45,0,1,1,13,0,0,0,0.5
2021-11-20,2021-22,EPL,Liverpool,Arsenal,2,0,0,1.0,2.5,2,0.55,0,1,0,11,0,0,8,1.0
2021-11-20,2021-22,EPL,Leicester,Chelsea,1,1,0,0.5,0.5,2,0.05,1,0,0,11,0,1,5,0.0
2021-11-20,2021-22,EPL,Aston Villa,Brighton,0,1,1,0.0,-0.5,2,-0.45,0,1,0,11,0,0,2,1.0
2021-11-20,2021-22,EPL,Burnley,Crystal Palace,2,0,0,1.0,2.0,2,0.55,0,0,0,11,0,3,6,0.5
2021-11-20,2021-22,EPL,Newcastle,Brentford,0,0,0,0.45,0.0,0,0.0,0,0,1,11,0,1,0,0.5
2021-11-20,2021-22,EPL,Norwich,Southampton,0,0,0,0.45,0.0,0,0.0,0,0,0,11,0,1,4,1.0
2021-11-20,2021-22,Ligue1,Paris SG,Nantes,1,1,0,0.5,1.0,2,0.05,1,0,0,13,0,4,1,1.0
2021-11-20,2021-22,Ligue1,Rennes,Montpellier,1,1,0,0.5,0.0,2,0.05,1,0,0,13,0,7,2,1.0
2021-11-20,2021-22,EPL,Wolves,West Ham,0,2,0,0.0,-2.5,2,-0.45,1,1,0,11,0,0,4,1.0
2021-11-20,2021-22,EPL,Watford,Man United,0,0,0,0.45,0.0,0,0.0,0,1,1,11,0,0,0,1.0
2021-11-20,2021-22,LaLiga,Sevilla,Alaves,2,0,0,1.0,1.0,2,0.55,0,0,0,12,0,5,4,0.5
2021-11-20,2021-22,Bundesliga,Hoffenheim,RB Leipzig,0,1,1,0.0,-0.5,2,-0.45,0,1,0,11,0,0,7,1.0
2021-11-20,2021-22,SerieA,Fiorentina,Milan,0,2,0,0.0,-1.5,2,-0.45,1,1,0,12,0,0,15,1.0
2021-11-20,2021-22,SerieA,Lazio,Juventus,0,1,1,0.0,-1.0,2,-0.45,1,0,0,12,0,3,1,0.0
2021-11-20,2021-22,SerieA,Atalanta,Spezia,1,0,1,0.5,1.0,2,0.05,0,0,0,12,0,5,1,1.0
2021-11-20,2021-22,Bundesliga,Bielefeld,Wolfsburg,0,2,0,0.0,-2.0,2,-0.45,1,0,0,11,0,1,2,0.5
2021-11-20,2021-22,Bundesliga,Leverkusen,Bochum,0,0,0,0.45,0.0,0,0.0,0,0,0,11,0,1,1,1.0
2021-11-20,2021-22,LaLiga,Celta,Villarreal,1,1,0,0.5,-1.0,2,0.05,0,0,0,13,0,2,1,0.5
2021-11-20,2021-22,LaLiga,Ath Madrid,Osasuna,2,0,0,1.0,1.5,2,0.55,0,0,1,12,0,5,0,1.0
2021-11-20,2021-22,LaLiga,Barcelona,Espanol,0,0,0,0.45,0.0,0,0.0,0,0,0,12,0,2,1,1.0
2021-11-20,2021-22,Bundesliga,Union Berlin,Hertha,0,1,1,0.0,-1.0,2,-0.45,0,0,0,11,0,1,1,1.0
2021-11-20,2021-22,Bundesliga,M'gladbach,Greuther Furth,0,0,0,0.45,0.0,0,0.0,0,0,1,11,0,2,0,1.0
2021-11-20,2021-22,Bundesliga,Dortmund,Stuttgart,1,1,0,0.5,-1.5,2,0.05,0,1,1,11,0,0,0,1.0
2021-11-21,2021-22,Ligue1,Metz,Bordeaux,1,0,1,0.5,0.5,2,0.05,0,0,1,13,0,2,0,0.5
2021-11-21,2021-22,SerieA,Genoa,Roma,0,2,0,0.0,-1.5,2,-0.45,1,0,1,12,0,3,0,0.0
2021-11-21,2021-22,SerieA,Inter,Napoli,1,0,1,0.5,0.5,2,0.05,0,0,0,12,0,4,15,1.0
2021-11-21,2021-22,Bundesliga,Freiburg,Ein Frankfurt,0,1,1,0.0,-1.0,2,-0.45,1,1,0,11,0,0,2,0.0
2021-11-21,2021-22,Bundesliga,Mainz,FC Koln,1,1,0,0.5,0.0,2,0.05,0,0,0,11,0,3,1,0.5
2021-11-21,2021-22,SerieA,Salernitana,Sampdoria,0,0,0,0.45,0.0,0,0.0,0,1,1,12,0,0,0,0.0
2021-11-21,2021-22,SerieA,Bologna,Venezia,0,0,0,0.45,0.0,0,0.0,0,0,0,12,0,2,2,0.0
2021-11-21,2021-22,LaLiga,Sociedad,Valencia,0,1,1,0.0,-0.5,2,-0.45,0,0,0,13,0,12,2,0.5
2021-11-21,2021-22,Ligue1,Strasbourg,Reims,0,2,0,0.0,-1.0,2,-0.45,1,0,0,13,0,2,1,0.5
2021-11-21,2021-22,SerieA,Sassuolo,Cagliari,0,0,2,0.0,0.0,2,-0.45,0,1,1,12,0,0,0,0.5
2021-11-21,2021-22,EPL,Tottenham,Leeds,1,1,0,0.5,0.5,2,0.05,1,0,0,11,0,1,3,1.0
2021-11-21,2021-22,EPL,Man City,Everton,2,0,0,1.0,3.5,2,0.55,0,0,0,11,0,1,1,1.0
2021-11-21,2021-22,Ligue1,Troyes,St Etienne,0,0,0,0.45,0.0,0,0.0,0,1,0,13,0,0,3,0.0
2021-11-21,2021-22,Ligue1,Clermont,Nice,0,0,0,0.45,0.0,0,0.0,0,1,1,13,0,0,0,0.0
2021-11-21,2021-22,Ligue1,Brest,Lens,0,1,1,0.0,-0.5,2,-0.45,0,0,0,13,0,4,1,1.0
2021-11-21,2021-22,LaLiga,Getafe,Cadiz,1,1,0,0.5,0.5,2,0.05,1,1,0,13,0,0,3,1.0
2021-11-21,2021-22,LaLiga,Granada,Real Madrid,0,2,0,0.0,-2.5,2,-0.45,1,1,0,12,0,0,4,0.0
2021-11-21,2021-22,LaLiga,Elche,Betis,0,1,1,0.0,-1.0,2,-0.45,0,0,1,13,0,1,0,0.0
2021-11-21,2021-22,Ligue1,Angers,Lorient,1,1,0,0.5,0.0,2,0.05,1,0,1,13,0,1,0,1.0
2021-11-22,2021-22,SerieA,Verona,Empoli,0,0,0,0.45,0.0,0,0.0,0,0,0,12,0,4,2,1.0
2021-11-22,2021-22,SerieA,Torino,Udinese,1,1,0,0.5,0.0,2,0.05,0,1,0,12,0,0,1,1.0
2021-11-22,2021-22,LaLiga,Vallecano,Mallorca,0,0,0,0.45,0.0,0,0.0,0,1,0,13,0,0,4,1.0
2021-11-26,2021-22,SerieA,Cagliari,Salernitana,0,0,0,0.45,0.0,0,0.0,0,0,1,13,0,1,0,0.5
2021-11-26,2021-22,Bundesliga,Stuttgart,Mainz,2,0,0,1.0,2.5,2,0.55,0,1,0,12,0,0,4,1.0
2021-11-26,2021-22,Ligue1,Lens,Angers,0,1,1,0.0,-1.0,2,-0.45,0,1,0,14,0,0,2,0.5
2021-11-26,2021-22,LaLiga,Ath Bilbao,Granada,1,1,0,0.5,-0.5,2,0.05,0,0,1,13,0,1,0,0.5
2021-11-27,2021-22,SerieA,Sampdoria,Verona,2,0,0,1.0,1.5,2,0.55,0,0,0,13,0,1,5,1.0
2021-11-27,2021-22,SerieA,Venezia,Inter,0,0,0,0.45,0.0,0,0.0,0,0,0,13,0,3,5,0.0
2021-11-27,2021-22,SerieA,Juventus,Atalanta,0,1,1,0.0,-0.5,2,-0.45,1,0,0,13,0,2,6,0.0
2021-11-27,2021-22,SerieA,Empoli,Fiorentina,0,0,0,0.45,0.0,0,0.0,0,1,0,13,0,0,1,1.0
2021-11-27,2021-22,EPL,Brighton,Leeds,2,0,0,1.0,1.5,2,0.55,0,1,1,12,0,0,0,0.5
2021-11-27,2021-22,EPL,Liverpool,Southampton,1,1,0,0.5,0.5,2,0.05,0,0,1,12,0,1,0,1.0
2021-11-27,2021-22,EPL,Crystal Palace,Aston Villa,1,1,0,0.5,-1.0,2,0.05,0,0,0,12,0,7,1,0.0
2021-11-27,2021-22,EPL,Arsenal,Newcastle,2,0,0,1.0,2.5,2,0.55,0,1,0,12,0,0,2,1.0
2021-11-27,2021-22,LaLiga,Alaves,Celta,0,2,0,0.0,-2.0,2,-0.45,1,0,0,13,0,5,3,0.0
2021-11-27,2021-22,LaLiga,Valencia,Vallecano,0,0,0,0.45,0.0,0,0.0,0,0,0,14,0,3,1,0.5
2021-11-27,2021-22,LaLiga,Mallorca,Getafe,0,0,0,0.45,0.0,0,0.0,0,1,0,14,0,0,1,0.5
2021-11-27,2021-22,LaLiga,Villarreal,Barcelona,0,2,0,0.0,-2.5,2,-0.45,1,0,0,13,0,2,3,0.0
2021-11-27,2021-22,EPL,Norwich,Wolves,0,0,0,0.45,0.0,0,0.0,0,0,0,12,0,2,1,0.5
2021-11-27,2021-22,Bundesliga,Wolfsburg,Dortmund,0,2,0,0.0,-2.0,2,-0.45,1,0,0,12,0,3,1,0.0
2021-11-27,2021-22,Ligue1,Lille,Nantes,2,0,0,1.0,2.0,2,0.55,0,0,1,14,0,2,0,0.5
2021-11-27,2021-22,Bundesliga,Bayern Munich,Bielefeld,1,0,1,0.5,1.5,2,0.05,0,1,0,12,0,0,2,1.0
2021-11-27,2021-22,Bundesliga,Bochum,Freiburg,0,0,0,0.45,0.0,0,0.0,0,1,1,12,0,0,0,1.0
2021-11-27,2021-22,Bundesliga,FC Koln,M'gladbach,1,1,0,0.5,-0.5,2,0.05,0,0,0,12,0,2,3,1.0
2021-11-27,2021-22,Bundesliga,Greuther Furth,Hoffenheim,0,0,0,0.45,0.0,0,0.0,0,1,0,12,0,0,1,0.0
2021-11-27,2021-22,Bundesliga,Hertha,Augsburg,2,0,0,1.0,2.0,2,0.55,0,1,0,12,0,0,1,0.5
2021-11-27,2021-22,Ligue1,Nice,Metz,0,1,1,0.0,-0.5,2,-0.45,1,0,0,14,0,1,3,0.0
2021-11-28,2021-22,Ligue1,Reims,Clermont,0,0,0,0.45,0.0,0,0.0,0,0,1,14,0,2,0,1.0
2021-11-28,2021-22,Ligue1,Montpellier,Lyon,2,0,0,1.0,1.0,2,0.55,0,1,1,14,0,0,0,0.0
2021-11-28,2021-22,Ligue1,Marseille,Troyes,0,0,0,0.45,0.0,0,0.0,0,0,1,13,0,5,0,1.0
2021-11-28,2021-22,EPL,Man City,West Ham,1,0,1,0.5,0.5,2,0.05,0,0,1,12,0,2,0,1.0
2021-11-28,2021-22,Ligue1,Monaco,Strasbourg,1,1,0,0.5,0.0,2,0.05,1,0,0,14,0,2,3,0.5
2021-11-28,2021-22,Bundesliga,RB Leipzig,Leverkusen,1,0,1,0.5,0.5,2,0.05,0,1,0,12,0,0,2,0.0
2021-11-28,2021-22,SerieA,Udinese,Genoa,1,0,1,0.5,0.5,2,0.05,0,1,1,13,0,0,0,0.5
2021-11-28,2021-22,SerieA,Milan,Sassuolo,1,1,0,0.5,0.0,2,0.05,1,1,0,13,0,0,1,0.0
2021-11-28,2021-22,SerieA,Spezia,Bologna,0,1,1,0.0,-1.5,2,-0.45,1,1,1,13,0,0,0,0.0
2021-11-28,2021-22,Bundesliga,Ein Frankfurt,Union Berlin,1,0,1,0.5,1.5,2,0.05,0,0,0,12,0,3,2,1.0
2021-11-28,2021-22,Ligue1,Lorient,Rennes,0,1,1,0.0,-1.5,2,-0.45,0,1,0,14,0,0,8,0.0
2021-11-28,2021-22,SerieA,Napoli,Lazio,1,1,0,0.5,0.5,2,0.05,0,1,1,13,0,0,0,1.0
2021-11-28,2021-22,EPL,Chelsea,Man United,0,0,2,0.0,0.0,2,-0.45,0,0,1,12,0,6,0,0.5
2021-11-28,2021-22,SerieA,Roma,Torino,1,1,0,0.5,0.0,2,0.05,1,0,0,13,0,1,1,1.0
2021-11-28,2021-22,EPL,Leicester,Watford,0,0,0,0.45,0.0,0,0.0,0,1,0,12,0,0,1,1.0
2021-11-28,2021-22,EPL,Brentford,Everton,0,0,0,0.45,0.0,0,0.0,0,0,1,12,0,1,0,1.0
2021-11-28,2021-22,Ligue1,St Etienne,Paris SG,0,1,1,0.0,-0.5,2,-0.45,1,0,0,14,0,4,5,0.0
2021-11-28,2021-22,Ligue1,Bordeaux,Brest,1,1,0,0.5,0.0,2,0.05,1,0,0,14,0,1,5,0.0
2021-11-28,2021-22,LaLiga,Betis,Levante,1,1,0,0.5,0.5,2,0.05,0,0,0,14,0,1,1,1.0
2021-11-28,2021-22,LaLiga,Espanol,Sociedad,0,0,0,0.45,0.0,0,0.0,0,1,0,14,0,0,13,1.0
2021-11-28,2021-22,LaLiga,Cadiz,Ath Madrid,0,2,0,0.0,-3.0,2,-0.45,1,1,0,14,0,0,6,0.0
2021-11-28,2021-22,LaLiga,Real Madrid,Sevilla,1,0,1,0.5,0.5,2,0.05,0,0,0,13,0,5,6,1.0
2021-11-29,2021-22,LaLiga,Osasuna,Elche,1,0,1,0.5,1.0,2,0.05,0,1,1,14,0,0,0,0.5
2021-11-30,2021-22,SerieA,Fiorentina,Sampdoria,0,2,0,0.0,-1.0,2,-0.45,1,1,0,14,0,0,2,1.0
2021-11-30,2021-22,SerieA,Atalanta,Venezia,0,0,0,0.45,0.0,0,0.0,0,0,1,14,0,7,0,1.0
2021-11-30,2021-22,SerieA,Verona,Cagliari,1,0,1,0.5,1.0,2,0.05,0,1,0,14,0,0,2,0.5
2021-11-30,2021-22,SerieA,Salernitana,Juventus,0,0,0,0.45,0.0,0,0.0,0,0,1,14,0,1,0,0.0
2021-11-30,2021-22,EPL,Leeds,Crystal Palace,1,1,0,0.5,-0.5,2,0.05,0,0,1,13,0,1,0,1.0
2021-11-30,2021-22,EPL,Newcastle,Norwich,0,0,0,0.45,0.0,0,0.0,0,1,0,13,0,0,3,0.5
2021-12-01,2021-22,Ligue1,Rennes,Lille,0,1,1,0.0,-0.5,2,-0.45,1,0,0,15,0,9,3,0.0
2021-12-01,2021-22,Ligue1,Brest,St Etienne,2,0,0,1.0,2.0,2,0.55,0,0,1,15,0,6,0,1.0
2021-12-01,2021-22,Ligue1,Angers,Monaco,0,2,0,0.0,-2.0,2,-0.45,1,0,0,15,0,3,3,0.0
2021-12-01,2021-22,EPL,Everton,Liverpool,1,0,1,0.5,1.0,2,0.05,0,1,0,13,0,0,2,0.0
2021-12-01,2021-22,SerieA,Sassuolo,Napoli,1,0,1,0.5,1.0,2,0.05,0,0,0,14,0,2,1,0.5
2021-12-01,2021-22,Ligue1,Metz,Montpellier,1,0,1,0.5,1.0,2,0.05,0,0,1,15,0,4,0,0.0
2021-12-01,2021-22,EPL,Southampton,Leicester,0,1,1,0.0,-1.0,2,-0.45,0,1,0,13,0,0,1,0.5
2021-12-01,2021-22,Ligue1,Nantes,Marseille,0,1,1,0.0,-1.0,2,-0.45,0,0,0,15,0,1,6,0.0
2021-12-01,2021-22,Ligue1,Paris SG,Nice,2,0,0,1.0,2.0,2,0.55,0,0,1,15,0,6,0,0.5
2021-12-01,2021-22,Ligue1,Troyes,Lorient,0,0,0,0.45,0.0,0,0.0,0,1,1,15,0,0,0,1.0
2021-12-01,2021-22,SerieA,Genoa,Milan,0,1,1,0.0,-0.5,2,-0.45,1,0,1,14,0,1,0,0.0
2021-12-01,2021-22,LaLiga,Real Madrid,Ath Bilbao,2,0,0,1.0,1.5,2,0.55,0,0,0,14,0,6,2,1.0
2021-12-01,2021-22,Ligue1,Lyon,Reims,1,0,1,0.5,1.5,2,0.05,0,0,0,14,0,1,3,0.0
2021-12-01,2021-22,Ligue1,Strasbourg,Bordeaux,1,1,0,0.5,-0.5,2,0.05,0,0,1,15,0,4,0,1.0
2021-12-01,2021-22,Ligue1,Clermont,Lens,0,0,0,0.45,0.0,0,0.0,0,1,0,15,0,0,1,0.5
2021-12-01,2021-22,EPL,West Ham,Brighton,0,0,2,0.0,0.0,2,-0.45,0,1,0,13,0,0,1,0.5
2021-12-01,2021-22,EPL,Wolves,Burnley,0,2,0,0.0,-2.5,2,-0.45,1,0,0,13,0,2,4,0.5
2021-12-01,2021-22,EPL,Aston Villa,Man City,0,2,0,0.0,-1.5,2,-0.45,1,0,0,13,0,2,3,0.0
2021-12-01,2021-22,SerieA,Bologna,Roma,0,2,0,0.0,-2.5,2,-0.45,1,0,0,14,0,1,2,1.0
2021-12-01,2021-22,SerieA,Inter,Spezia,1,0,1,0.5,0.5,2,0.05,0,0,1,14,0,6,0,1.0
2021-12-01,2021-22,EPL,Watford,Chelsea,0,0,0,0.45,0.0,0,0.0,0,1,0,13,0,0,7,0.0
2021-12-02,2021-22,EPL,Tottenham,Brentford,0,0,0,0.45,0.0,0,0.0,0,0,0,12,0,2,2,1.0
2021-12-02,2021-22,EPL,Man United,Arsenal,0,1,1,0.0,-0.5,2,-0.45,0,0,0,13,0,1,1,1.0
2021-12-02,2021-22,SerieA,Lazio,Udinese,1,1,0,0.5,-0.5,2,0.05,0,1,0,14,0,0,1,0.5
2021-12-02,2021-22,SerieA,Torino,Empoli,0,0,0,0.45,0.0,0,0.0,0,1,0,14,0,0,1,0.5
2021-12-03,2021-22,Bundesliga,Union Berlin,RB Leipzig,1,1,0,0.5,0.0,2,0.05,0,1,1,13,0,0,0,1.0
2021-12-03,2021-22,LaLiga,Granada,Alaves,1,1,0,0.5,-0.5,2,0.05,1,0,1,14,0,1,0,1.0
2021-12-04,2021-22,Ligue1,Marseille,Brest,2,0,0,1.0,1.5,2,0.55,0,0,0,15,0,7,7,0.0
2021-12-04,2021-22,Ligue1,Lille,Troyes,0,0,0,0.45,0.0,0,0.0,0,0,0,16,0,4,1,1.0
2021-12-04,2021-22,Bundesliga,Dortmund,Bayern Munich,0,2,0,0.0,-1.5,2,-0.45,1,0,0,13,0,2,1,0.0
2021-12-04,2021-22,Bundesliga,Mainz,Wolfsburg,1,1,0,0.5,-0.5,2,0.05,0,1,1,13,0,0,0,1.0
2021-12-04,2021-22,Ligue1,Lens,Paris SG,1,1,0,0.5,0.0,2,0.05,1,0,0,16,0,2,7,0.5
2021-12-04,2021-22,Bundesliga,Leverkusen,Greuther Furth,0,0,0,0.45,0.0,0,0.0,0,0,1,13,0,3,0,1.0
2021-12-04,2021-22,EPL,West Ham,Chelsea,0,2,0,0.0,-2.0,2,-0.45,1,0,0,14,0,1,8,1.0
2021-12-04,2021-22,Bundesliga,Bielefeld,FC Koln,1,1,0,0.5,-0.5,2,0.05,1,1,0,13,0,0,3,0.5
2021-12-04,2021-22,EPL,Newcastle,Burnley,2,0,0,1.0,1.5,2,0.55,0,0,0,14,0,1,5,1.0
2021-12-04,2021-22,EPL,Southampton,Brighton,1,1,0,0.5,0.0,2,0.05,1,0,0,14,0,1,2,0.5
2021-12-04,2021-22,EPL,Wolves,Liverpool,0,2,0,0.0,-2.5,2,-0.45,1,0,0,14,0,3,3,0.0
2021-12-04,2021-22,EPL,Watford,Man City,0,0,0,0.45,0.0,0,0.0,0,1,0,14,0,0,4,0.0
2021-12-04,2021-22,LaLiga,Sevilla,Villarreal,1,1,0,0.5,-1.0,2,0.05,1,1,1,14,0,0,0,1.0
2021-12-04,2021-22,LaLiga,Barcelona,Betis,2,0,0,1.0,2.0,2,0.55,0,0,0,14,0,4,2,0.0
2021-12-04,2021-22,Bundesliga,Hoffenheim,Ein Frankfurt,0,2,0,0.0,-1.5,2,-0.45,1,0,0,13,0,2,4,1.0
2021-12-04,2021-22,LaLiga,Sociedad,Real Madrid,0,0,2,0.0,0.0,2,-0.45,0,1,0,15,0,0,7,0.0
2021-12-04,2021-22,LaLiga,Ath Madrid,Mallorca,0,0,0,0.45,0.0,0,0.0,0,0,0,14,0,7,1,0.0
2021-12-04,2021-22,SerieA,Roma,Inter,0,1,1,0.0,-1.0,2,-0.45,1,1,0,15,0,0,7,0.0
2021-12-04,2021-22,SerieA,Napoli,Atalanta,1,1,0,0.5,0.5,2,0.05,1,0,0,15,0,2,8,0.0
2021-12-04,2021-22,SerieA,Milan,Salernitana,0,0,0,0.45,0.0,0,0.0,0,0,1,15,0,1,0,1.0
2021-12-04,2021-22,Bundesliga,Augsburg,Bochum,0,0,0,0.45,0.0,0,0.0,0,0,0,13,0,2,1,0.0
2021-12-05,2021-22,Ligue1,Bordeaux,Lyon,0,1,1,0.0,-0.5,2,-0.45,1,1,1,16,0,0,0,0.5
2021-12-05,2021-22,Ligue1,Nice,Strasbourg,1,1,0,0.5,0.0,2,0.05,1,0,0,16,0,1,5,0.0
2021-12-05,2021-22,Ligue1,Reims,Angers,0,1,1,0.0,-0.5,2,-0.45,0,0,1,16,0,4,0,0.0
2021-12-05,2021-22,Ligue1,Montpellier,Clermont,0,0,0,0.45,0.0,0,0.0,0,0,0,16,0,1,1,1.0
2021-12-05,2021-22,Ligue1,Monaco,Metz,2,0,0,1.0,2.5,2,0.55,0,0,1,16,0,4,0,1.0
2021-12-05,2021-22,Ligue1,Lorient,Nantes,0,1,1,0.0,-1.0,2,-0.45,0,1,1,16,0,0,0,0.0
2021-12-05,2021-22,Ligue1,St Etienne,Rennes,1,1,0,0.5,-0.5,2,0.05,0,1,1,16,0,0,0,0.0
2021-12-05,2021-22,SerieA,Juventus,Genoa,2,0,0,1.0,2.0,2,0.55,0,0,1,15,0,1,0,1.0
2021-12-05,2021-22,SerieA,Venezia,Verona,0,0,0,0.45,0.0,0,0.0,0,1,0,15,0,0,1,0.0
2021-12-05,2021-22,SerieA,Spezia,Sassuolo,1,1,0,0.5,-1.0,2,0.05,0,1,0,15,0,0,3,0.5
2021-12-05,2021-22,SerieA,Bologna,Fiorentina,0,0,2,0.0,0.0,2,-0.45,0,0,0,15,0,2,1,0.0
2021-12-05,2021-22,EPL,Tottenham,Norwich,0,0,0,0.45,0.0,0,0.0,0,0,0,13,0,3,4,1.0
2021-12-05,2021-22,EPL,Aston Villa,Leicester,1,1,0,0.5,0.0,2,0.05,1,1,0,14,0,0,2,1.0
2021-12-05,2021-22,SerieA,Sampdoria,Lazio,1,1,0,0.5,1.0,2,0.05,1,1,0,15,0,0,1,0.0
2021-12-05,2021-22,EPL,Man United,Crystal Palace,0,1,1,0.0,-1.0,2,-0.45,0,0,1,14,0,2,0,1.0
2021-12-05,2021-22,EPL,Leeds,Brentford,0,0,0,0.45,0.0,0,0.0,0,0,1,14,0,2,0,0.5
2021-12-05,2021-22,LaLiga,Celta,Valencia,1,1,0,0.5,-0.5,2,0.05,1,0,0,15,0,4,4,0.0
2021-12-05,2021-22,LaLiga,Levante,Osasuna,1,1,0,0.5,0.5,2,0.05,1,1,0,15,0,0,1,0.5
2021-12-05,2021-22,Bundesliga,Stuttgart,Hertha,1,0,1,0.5,1.0,2,0.05,0,0,0,13,0,1,1,0.5
2021-12-05,2021-22,Bundesliga,M'gladbach,Freiburg,1,0,1,0.5,0.5,2,0.05,0,1,1,13,0,0,0,0.0
2021-12-05,2021-22,LaLiga,Elche,Cadiz,1,0,1,0.5,1.0,2,0.05,0,0,1,15,0,1,0,1.0
2021-12-05,2021-22,LaLiga,Vallecano,Espanol,0,0,0,0.45,0.0,0,0.0,0,0,0,15,0,2,1,1.0
2021-12-06,2021-22,EPL,Everton,Arsenal,2,0,0,1.0,1.0,2,0.55,0,1,1,14,0,0,0,1.0
2021-12-06,2021-22,LaLiga,Getafe,Ath Bilbao,0,1,1,0.0,-2.0,2,-0.45,1,0,1,15,0,2,0,0.5
2021-12-06,2021-22,SerieA,Cagliari,Torino,1,1,0,0.5,0.0,2,0.05,1,0,0,15,0,3,1,0.5
2021-12-06,2021-22,SerieA,Empoli,Udinese,0,0,0,0.45,0.0,0,0.0,0,0,0,15,0,2,2,1.0
2021-12-10,2021-22,LaLiga,Mallorca,Celta,0,0,0,0.45,0.0,0,0.0,0,0,1,16,0,2,0,0.5
2021-12-10,2021-22,Bundesliga,FC Koln,Augsburg,1,1,0,0.5,0.0,2,0.05,0,0,1,14,0,4,0,0.0
2021-12-10,2021-22,Ligue1,Nantes,Lens,0,0,2,0.0,0.0,2,-0.45,0,0,0,17,0,1,3,1.0
2021-12-10,2021-22,SerieA,Genoa,Sampdoria,0,0,2,0.0,0.0,2,-0.45,0,1,1,16,0,0,0,0.0
2021-12-10,2021-22,EPL,Brentford,Watford,0,0,0,0.45,0.0,0,0.0,0,0,1,15,0,1,0,1.0
2021-12-11,2021-22,Ligue1,Brest,Montpellier,0,0,2,0.0,0.0,2,-0.45,0,0,0,17,0,8,2,0.0
2021-12-11,2021-22,SerieA,Fiorentina,Salernitana,0,0,0,0.45,0.0,0,0.0,0,0,1,16,0,2,0,1.0
2021-12-11,2021-22,Bundesliga,Bochum,Dortmund,0,0,0,0.45,0.0,0,0.0,0,0,1,14,0,2,0,0.5
2021-12-11,2021-22,Bundesliga,Freiburg,Hoffenheim,1,0,1,0.5,1.0,2,0.05,0,0,0,14,0,1,3,0.0
2021-12-11,2021-22,LaLiga,Ath Bilbao,Sevilla,2,0,0,1.0,1.0,2,0.55,0,0,0,16,0,1,1,0.0
2021-12-11,2021-22,LaLiga,Valencia,Elche,1,1,0,0.5,0.0,2,0.05,0,0,0,16,0,5,2,1.0
2021-12-11,2021-22,LaLiga,Alaves,Getafe,0,0,2,0.0,0.0,2,-0.45,0,1,0,15,0,0,3,0.5
2021-12-11,2021-22,LaLiga,Espanol,Levante,0,0,0,0.45,0.0,0,0.0,0,1,0,16,0,0,1,1.0
2021-12-11,2021-22,SerieA,Venezia,Juventus,0,0,0,0.45,0.0,0,0.0,0,1,0,16,0,0,2,0.5
2021-12-11,2021-22,SerieA,Udinese,Milan,0,1,1,0.0,-0.5,2,-0.45,0,1,0,16,0,0,2,0.5
2021-12-11,2021-22,Ligue1,Reims,St Etienne,1,0,1,0.5,1.0,2,0.05,0,1,1,17,0,0,0,1.0
2021-12-11,2021-22,Bundesliga,RB Leipzig,M'gladbach,1,1,0,0.5,0.0,2,0.05,0,1,1,14,0,0,0,1.0
2021-12-11,2021-22,Bundesliga,Bayern Munich,Mainz,1,1,0,0.5,1.0,2,0.05,1,0,0,14,0,2,1,1.0
2021-12-11,2021-22,Bundesliga,Hertha,Bielefeld,0,1,1,0.0,-0.5,2,-0.45,0,0,0,14,0,2,1,1.0
2021-12-11,2021-22,Bundesliga,Wolfsburg,Stuttgart,2,0,0,1.0,1.5,2,0.55,0,1,0,14,0,0,2,0.0
2021-12-11,2021-22,EPL,Norwich,Man United,0,0,0,0.45,0.0,0,0.0,0,1,0,15,0,0,3,0.0
2021-12-11,2021-22,EPL,Liverpool,Aston Villa,1,1,0,0.5,-2.0,2,0.05,0,0,0,15,0,4,1,1.0
2021-12-11,2021-22,EPL,Chelsea,Leeds,1,0,1,0.5,1.0,2,0.05,0,1,0,15,0,0,3,1.0
2021-12-11,2021-22,EPL,Arsenal,Southampton,1,0,1,0.5,1.0,2,0.05,0,1,0,15,0,0,2,1.0
2021-12-11,2021-22,EPL,Man City,Wolves,2,0,0,1.0,2.5,2,0.55,0,0,1,15,0,5,0,1.0
2021-12-12,2021-22,EPL,Leicester,Newcastle,1,1,0,0.5,-0.5,2,0.05,1,1,0,15,0,0,2,1.0
2021-12-12,2021-22,EPL,Crystal Palace,Everton,0,1,1,0.0,-0.5,2,-0.45,0,1,0,15,0,0,1,1.0
2021-12-12,2021-22,Ligue1,Paris SG,Monaco,0,2,0,0.0,-1.5,2,-0.45,1,0,0,17,0,8,5,1.0
2021-12-12,2021-22,LaLiga,Real Madrid,Ath Madrid,1,0,1,0.5,1.0,2,0.05,0,0,1,16,0,8,0,1.0
2021-12-12,2021-22,LaLiga,Betis,Sociedad,0,1,1,0.0,-1.5,2,-0.45,0,0,1,16,0,3,0,1.0
2021-12-12,2021-22,LaLiga,Osasuna,Barcelona,0,2,0,0.0,-3.0,2,-0.45,1,0,1,16,0,2,0,0.5
2021-12-12,2021-22,LaLiga,Villarreal,Vallecano,0,0,0,0.45,0.0,0,0.0,0,1,0,15,0,0,3,1.0
2021-12-12,2021-22,Bundesliga,Greuther Furth,Union Berlin,0,0,0,0.45,0.0,0,0.0,0,1,0,14,0,0,1,1.0
2021-12-12,2021-22,Bundesliga,Ein Frankfurt,Leverkusen,1,1,0,0.5,-0.5,2,0.05,1,1,0,14,0,0,4,1.0
2021-12-12,2021-22,Ligue1,Strasbourg,Marseille,0,1,1,0.0,-0.5,2,-0.45,0,0,1,17,0,6,0,0.0
2021-12-12,2021-22,EPL,Burnley,West Ham,0,2,0,0.0,-1.0,2,-0.45,1,1,0,14,0,0,2,0.5
2021-12-12,2021-22,Ligue1,Rennes,Nice,1,1,0,0.5,0.0,2,0.05,1,0,1,17,0,1,0,0.0
2021-12-12,2021-22,SerieA,Inter,Cagliari,2,0,0,1.0,1.5,2,0.55,0,0,0,16,0,8,4,1.0
2021-12-12,2021-22,SerieA,Sassuolo,Lazio,1,1,0,0.5,0.5,2,0.05,0,0,0,16,0,4,2,1.0
2021-12-12,2021-22,SerieA,Napoli,Empoli,0,0,0,0.45,0.0,0,0.0,0,1,0,16,0,0,3,0.0
2021-12-12,2021-22,SerieA,Verona,Atalanta,1,1,0,0.5,0.0,2,0.05,1,0,0,16,0,2,9,0.0
2021-12-12,2021-22,Ligue1,Troyes,Bordeaux,0,0,0,0.45,0.0,0,0.0,0,1,0,17,0,0,1,0.0
2021-12-12,2021-22,Ligue1,Lille,Lyon,1,0,1,0.5,0.5,2,0.05,0,0,0,17,0,5,1,0.5
2021-12-12,2021-22,SerieA,Torino,Bologna,0,0,2,0.0,0.0,2,-0.45,0,0,1,16,0,2,0,1.0
2021-12-12,2021-22,Ligue1,Angers,Clermont,0,0,0,0.45,0.0,0,0.0,0,0,1,17,0,1,0,0.0
2021-12-12,2021-22,Ligue1,Metz,Lorient,1,1,0,0.5,0.5,2,0.05,1,1,1,17,0,0,0,1.0
2021-12-13,2021-22,SerieA,Roma,Spezia,1,0,1,0.5,0.5,2,0.05,0,1,0,16,0,0,1,1.0
2021-12-13,2021-22,LaLiga,Cadiz,Granada,1,0,1,0.5,0.5,2,0.05,0,1,0,16,0,0,2,0.5
2021-12-14,2021-22,Bundesliga,Bielefeld,Bochum,0,0,0,0.45,0.0,0,0.0,0,1,0,15,0,0,3,1.0
2021-12-14,2021-22,Bundesliga,Mainz,Hertha,0,0,2,0.0,0.0,2,-0.45,0,1,0,15,0,0,3,1.0
2021-12-14,2021-22,Bundesliga,Wolfsburg,FC Koln,1,0,1,0.5,0.5,2,0.05,0,1,1,15,0,0,0,0.0
2021-12-14,2021-22,EPL,Norwich,Aston Villa,0,0,0,0.45,0.0,0,0.0,0,1,1,16,0,0,0,0.0
2021-12-14,2021-22,Bundesliga,Stuttgart,Bayern Munich,0,2,0,0.0,-3.0,2,-0.45,1,0,0,15,0,3,3,0.0
2021-12-14,2021-22,EPL,Man City,Leeds,0,1,1,0.0,-0.5,2,-0.45,1,0,1,16,0,6,0,1.0
2021-12-15,2021-22,Bundesliga,Dortmund,Greuther Furth,0,0,0,0.45,0.0,0,0.0,0,0,0,15,0,1,1,1.0
2021-12-15,2021-22,Bundesliga,Leverkusen,Hoffenheim,1,0,1,0.5,1.5,2,0.05,0,1,0,15,0,0,4,0.5
2021-12-15,2021-22,Bundesliga,Union Berlin,Freiburg,1,0,1,0.5,0.5,2,0.05,0,1,1,15,0,0,0,0.5
2021-12-15,2021-22,EPL,Arsenal,West Ham,1,0,1,0.5,0.5,2,0.05,0,0,0,16,0,1,3,1.0
2021-12-15,2021-22,EPL,Crystal Palace,Southampton,1,1,0,0.5,-0.5,2,0.05,1,0,1,16,0,1,0,0.5
2021-12-15,2021-22,Bundesliga,M'gladbach,Ein Frankfurt,1,0,1,0.5,2.0,2,0.05,0,1,0,15,0,0,1,0.0
2021-12-15,2021-22,EPL,Brighton,Wolves,0,1,1,0.0,-0.5,2,-0.45,1,0,1,15,0,3,0,0.0
2021-12-15,2021-22,Bundesliga,Augsburg,RB Leipzig,0,2,0,0.0,-1.5,2,-0.45,1,0,0,15,0,1,1,0.5
2021-12-16,2021-22,EPL,Chelsea,Everton,1,1,0,0.5,0.5,2,0.05,0,0,1,16,0,1,0,0.5
2021-12-16,2021-22,EPL,Liverpool,Newcastle,0,0,2,0.0,0.0,2,-0.45,0,0,1,16,0,5,0,1.0
2021-12-17,2021-22,SerieA,Salernitana,Inter,0,0,0,0.45,0.0,0,0.0,0,1,0,17,0,0,9,0.0
2021-12-17,2021-22,SerieA,Lazio,Genoa,1,0,1,0.5,0.5,2,0.05,0,1,1,17,0,0,0,1.0
2021-12-17,2021-22,Bundesliga,Bayern Munich,Wolfsburg,2,0,0,1.0,1.0,2,0.55,0,0,1,16,0,4,0,1.0
2021-12-17,2021-22,LaLiga,Celta,Espanol,0,0,0,0.45,0.0,0,0.0,0,0,0,17,0,1,1,1.0
2021-12-18,2021-22,Bundesliga,RB Leipzig,Bielefeld,2,0,0,1.0,1.0,2,0.55,0,0,0,16,0,2,1,0.0
2021-12-18,2021-22,Bundesliga,Bochum,Union Berlin,0,0,0,0.45,0.0,0,0.0,0,1,0,16,0,0,1,0.0
2021-12-18,2021-22,Bundesliga,Ein Frankfurt,Mainz,1,0,1,0.5,1.0,2,0.05,0,0,0,16,0,2,1,1.0
2021-12-18,2021-22,Bundesliga,Greuther Furth,Augsburg,0,0,0,0.45,0.0,0,0.0,0,1,0,16,0,0,2,0.5
2021-12-18,2021-22,Bundesliga,Hoffenheim,M'gladbach,2,0,0,1.0,1.0,2,0.55,0,0,1,16,0,5,0,0.5
2021-12-18,2021-22,EPL,Leeds,Arsenal,0,1,1,0.0,-1.0,2,-0.45,1,1,0,17,0,0,2,0.0
2021-12-18,2021-22,LaLiga,Vallecano,Alaves,0,0,0,0.45,0.0,0,0.0,0,1,0,17,0,0,1,1.0
2021-12-18,2021-22,LaLiga,Barcelona,Elche,2,0,0,1.0,2.5,2,0.55,0,0,1,16,0,1,0,1.0
2021-12-18,2021-22,Bundesliga,Hertha,Dortmund,0,2,0,0.0,-2.5,2,-0.45,1,1,0,16,0,0,2,1.0
2021-12-18,2021-22,SerieA,Atalanta,Roma,1,0,1,0.5,1.5,2,0.05,0,0,0,17,0,10,1,0.0
2021-12-18,2021-22,SerieA,Bologna,Juventus,0,2,0,0.0,-2.5,2,-0.45,1,1,0,17,0,0,3,0.0
2021-12-18,2021-22,SerieA,Cagliari,Udinese,1,0,1,0.5,0.5,2,0.05,0,1,0,17,0,0,1,0.0
2021-12-18,2021-22,LaLiga,Sevilla,Ath Madrid,1,1,0,0.5,-0.5,2,0.05,0,0,1,16,0,2,0,1.0
2021-12-18,2021-22,LaLiga,Sociedad,Villarreal,0,0,2,0.0,0.0,2,-0.45,0,1,0,17,0,0,1,0.0
2021-12-19,2021-22,SerieA,Sampdoria,Venezia,0,0,0,0.45,0.0,0,0.0,0,0,0,17,0,1,1,0.5
2021-12-19,2021-22,SerieA,Milan,Napoli,1,1,0,0.5,0.5,2,0.05,1,0,1,17,0,3,0,0.0
2021-12-19,2021-22,SerieA,Torino,Verona,0,0,2,0.0,0.0,2,-0.45,0,0,1,17,0,3,0,1.0
2021-12-19,2021-22,SerieA,Fiorentina,Sassuolo,0,1,1,0.0,-1.0,2,-0.45,1,0,0,17,0,3,5,0.5
2021-12-19,2021-22,SerieA,Spezia,Empoli,0,0,0,0.45,0.0,0,0.0,0,1,0,17,0,0,4,0.5
2021-12-19,2021-22,Bundesliga,Freiburg,Leverkusen,1,1,0,0.5,-0.5,2,0.05,0,0,0,16,0,1,1,1.0
2021-12-19,2021-22,LaLiga,Ath Bilbao,Betis,1,0,1,0.5,2.0,2,0.05,0,1,0,17,0,0,4,1.0
2021-12-19,2021-22,Bundesliga,FC Koln,Stuttgart,0,1,1,0.0,-0.5,2,-0.45,1,0,1,16,0,1,0,1.0
2021-12-19,2021-22,EPL,Tottenham,Liverpool,0,2,0,0.0,-1.5,2,-0.45,1,0,0,14,0,4,6,0.5
2021-12-19,2021-22,LaLiga,Real Madrid,Cadiz,1,1,0,0.5,1.0,2,0.05,0,0,0,17,0,9,1,0.5
2021-12-19,2021-22,LaLiga,Getafe,Osasuna,1,0,1,0.5,0.5,2,0.05,0,0,0,17,0,4,3,1.0
2021-12-19,2021-22,EPL,Newcastle,Man City,0,2,0,0.0,-1.5,2,-0.45,1,1,0,17,0,0,7,0.0
2021-12-19,2021-22,EPL,Wolves,Chelsea,1,0,1,0.5,0.5,2,0.05,0,0,0,17,0,1,2,0.5
2021-12-19,2021-22,LaLiga,Granada,Mallorca,0,0,0,0.45,0.0,0,0.0,0,0,0,16,0,3,3,1.0
2021-12-20,2021-22,LaLiga,Levante,Valencia,1,1,0,0.5,-0.5,2,0.05,0,1,0,17,0,0,6,0.0
2021-12-21,2021-22,SerieA,Genoa,Atalanta,0,1,1,0.0,-0.5,2,-0.45,1,1,1,18,0,0,0,0.5
2021-12-21,2021-22,LaLiga,Villarreal,Alaves,1,1,0,0.5,0.5,2,0.05,1,0,1,17,0,2,0,1.0
2021-12-21,2021-22,LaLiga,Sevilla,Barcelona,0,1,1,0.0,-1.0,2,-0.45,1,0,0,17,0,3,2,0.5
2021-12-21,2021-22,SerieA,Juventus,Cagliari,2,0,0,1.0,2.0,2,0.55,0,0,1,18,0,4,0,1.0
2021-12-22,2021-22,Ligue1,Nice,Lens,2,0,0,1.0,1.0,2,0.55,0,0,1,18,0,1,0,1.0
2021-12-22,2021-22,Ligue1,St Etienne,Nantes,0,0,2,0.0,0.0,2,-0.45,0,1,0,18,0,0,2,0.0
2021-12-22,2021-22,Ligue1,Marseille,Reims,1,0,1,0.5,1.0,2,0.05,0,0,0,17,0,1,1,0.5
2021-12-22,2021-22,Ligue1,Troyes,Brest,0,0,0,0.45,0.0,0,0.0,0,1,1,18,0,0,0,0.5
2021-12-22,2021-22,Ligue1,Lyon,Metz,1,1,0,0.5,0.5,2,0.05,1,0,0,17,0,2,1,0.5
2021-12-22,2021-22,Ligue1,Lorient,Paris SG,1,1,0,0.5,-0.5,2,0.05,0,1,0,18,0,0,9,0.5
2021-12-22,2021-22,Ligue1,Bordeaux,Lille,0,2,0,0.0,-2.0,2,-0.45,1,0,0,18,0,2,6,0.0
2021-12-22,2021-22,Ligue1,Monaco,Rennes,1,1,0,0.5,0.0,2,0.05,0,1,1,18,0,0,0,1.0
2021-12-22,2021-22,Ligue1,Montpellier,Angers,1,0,1,0.5,1.5,2,0.05,0,0,1,18,0,3,0,1.0
2021-12-22,2021-22,SerieA,Napoli,Spezia,1,1,0,0.5,1.0,2,0.05,0,0,0,18,0,1,1,0.0
2021-12-22,2021-22,SerieA,Empoli,Milan,0,0,0,0.45,0.0,0,0.0,0,0,1,18,0,5,0,0.0
2021-12-22,2021-22,SerieA,Verona,Fiorentina,0,1,1,0.0,-0.5,2,-0.45,1,1,0,18,0,0,4,0.5
2021-12-22,2021-22,SerieA,Roma,Sampdoria,1,1,0,0.5,-0.5,2,0.05,1,0,0,18,0,2,2,0.5
2021-12-22,2021-22,SerieA,Inter,Torino,2,0,0,1.0,1.5,2,0.55,0,0,0,18,0,10,4,1.0
2021-12-22,2021-22,SerieA,Venezia,Lazio,0,0,0,0.45,0.0,0,0.0,0,0,0,18,0,2,1,0.0
2021-12-22,2021-22,LaLiga,Granada,Ath Madrid,0,2,0,0.0,-3.0,2,-0.45,1,0,1,17,0,4,0,1.0
2021-12-22,2021-22,SerieA,Sassuolo,Bologna,1,0,1,0.5,0.5,2,0.05,0,0,1,18,0,6,0,0.0
2021-12-22,2021-22,LaLiga,Ath Bilbao,Real Madrid,0,3,0,0.0,-1.333333,3,-0.45,1,0,0,18,0,1,10,0.0
2021-12-26,2021-22,EPL,Brighton,Brentford,1,0,0,1.0,1.0,1,0.55,0,1,0,16,0,0,2,1.0
2021-12-26,2021-22,EPL,Norwich,Arsenal,0,1,0,0.0,-1.0,1,-0.45,1,1,0,17,0,0,3,0.0
2021-12-26,2021-22,EPL,Tottenham,Crystal Palace,1,1,1,0.333333,0.0,3,-0.116667,1,0,0,15,0,5,2,1.0
2021-12-26,2021-22,EPL,West Ham,Southampton,1,0,2,0.333333,1.0,3,-0.116667,0,1,0,17,0,0,1,0.0
2021-12-26,2021-22,EPL,Man City,Leicester,2,1,0,0.666667,0.0,3,0.216667,0,0,0,18,0,8,1,1.0
2021-12-26,2021-22,EPL,Aston Villa,Chelsea,1,1,1,0.333333,-0.666667,3,-0.116667,1,0,0,17,0,1,3,0.0
2021-12-27,2021-22,EPL,Newcastle,Man United,0,3,0,0.0,-2.666667,3,-0.45,1,1,0,18,0,0,4,0.5
2021-12-28,2021-22,EPL,Crystal Palace,Norwich,0,0,0,0.45,0.0,0,0.0,0,1,1,18,0,0,0,1.0
2021-12-28,2021-22,EPL,Southampton,Tottenham,0,2,0,0.0,-2.0,2,-0.45,1,0,0,18,0,2,6,0.5
2021-12-28,2021-22,EPL,Watford,West Ham,0,0,0,0.45,0.0,0,0.0,0,1,1,16,0,0,0,0.0
2021-12-28,2021-22,EPL,Leicester,Liverpool,1,1,0,0.5,-0.5,2,0.05,0,1,0,17,0,0,7,1.0
2021-12-29,2021-22,EPL,Chelsea,Brighton,1,0,1,0.5,1.0,2,0.05,0,0,0,19,0,4,1,0.5
2021-12-29,2021-22,EPL,Brentford,Man City,0,0,0,0.45,0.0,0,0.0,0,1,0,17,0,0,9,0.0
2021-12-30,2021-22,EPL,Man United,Burnley,2,0,0,1.0,1.5,2,0.55,0,0,0,17,0,5,1,1.0
2021-12-31,2021-22,LaLiga,Valencia,Espanol,0,0,0,0.45,0.0,0,0.0,0,0,1,18,0,7,0,0.0
2022-01-01,2021-22,EPL,Arsenal,Man City,0,3,0,0.0,-2.333333,3,-0.45,1,0,0,19,0,4,10,0.0
2022-01-01,2021-22,EPL,Watford,Tottenham,0,1,0,0.0,-1.0,1,-0.45,1,1,0,17,0,0,7,0.0
2022-01-01,2021-22,EPL,Crystal Palace,West Ham,0,1,2,0.0,-0.333333,3,-0.45,0,0,0,19,0,1,1,0.0
2022-01-02,2021-22,EPL,Brentford,Aston Villa,0,0,1,0.0,0.0,1,-0.45,0,1,1,18,0,0,0,1.0
2022-01-02,2021-22,EPL,Everton,Brighton,2,0,1,0.666667,1.333333,3,0.216667,0,0,0,17,0,1,2,0.0
2022-01-02,2021-22,EPL,Leeds,Burnley,2,0,1,0.666667,1.666667,3,0.216667,0,1,1,18,0,0,0,1.0
2022-01-02,2021-22,EPL,Chelsea,Liverpool,1,1,1,0.333333,-0.333333,3,-0.116667,0,0,1,20,0,5,0,0.5
2022-01-02,2021-22,LaLiga,Mallorca,Barcelona,0,0,0,0.45,0.0,0,0.0,0,1,0,18,0,0,3,0.0
2022-01-02,2021-22,LaLiga,Betis,Celta,2,0,0,1.0,1.0,2,0.55,0,1,0,18,0,0,2,0.0
2022-01-02,2021-22,LaLiga,Alaves,Sociedad,0,1,1,0.0,-2.0,2,-0.45,1,1,1,18,0,0,0,0.5
2022-01-02,2021-22,LaLiga,Elche,Granada,0,2,0,0.0,-1.0,2,-0.45,1,1,0,18,0,0,5,0.5
2022-01-02,2021-22,LaLiga,Ath Madrid,Vallecano,0,0,0,0.45,0.0,0,0.0,0,1,0,18,0,0,1,1.0
2022-01-02,2021-22,LaLiga,Getafe,Real Madrid,0,1,1,0.0,-1.0,2,-0.45,0,0,0,18,0,5,11,1.0
2022-01-03,2021-22,LaLiga,Villarreal,Levante,2,0,0,1.0,2.5,2,0.55,0,0,1,18,0,3,0,1.0
2022-01-03,2021-22,LaLiga,Cadiz,Sevilla,0,2,0,0.0,-2.5,2,-0.45,1,0,0,18,0,2,4,0.0
2022-01-03,2021-22,EPL,Man United,Wolves,3,0,0,1.0,1.0,3,0.55,0,0,0,18,0,6,2,0.0
2022-01-03,2021-22,LaLiga,Osasuna,Ath Bilbao,1,0,1,0.5,0.5,2,0.05,0,1,1,18,0,0,0,0.0
2022-01-06,2021-22,SerieA,Juventus,Napoli,1,2,0,0.333333,-0.333333,3,-0.116667,1,0,1,19,0,5,0,0.5
2022-01-06,2021-22,SerieA,Milan,Roma,2,0,1,0.666667,0.666667,3,0.216667,0,0,0,19,0,1,3,1.0
2022-01-06,2021-22,SerieA,Sassuolo,Genoa,2,0,1,0.666667,0.666667,3,0.216667,0,1,0,19,0,0,1,0.5
2022-01-06,2021-22,SerieA,Lazio,Empoli,1,0,0,1.0,2.0,1,0.55,0,0,1,19,0,2,0,0.5
2022-01-06,2021-22,SerieA,Sampdoria,Cagliari,0,2,1,0.0,-1.333333,3,-0.45,1,0,1,19,0,3,0,0.0
2022-01-06,2021-22,SerieA,Spezia,Verona,0,2,1,0.0,-1.666667,3,-0.45,1,0,0,19,0,2,1,0.0
2022-01-07,2021-22,Bundesliga,Bayern Munich,M'gladbach,1,1,1,0.333333,1.666667,3,-0.116667,0,0,0,17,0,5,1,0.0
2022-01-07,2021-22,Ligue1,Bordeaux,Marseille,0,1,2,0.0,-0.666667,3,-0.45,0,1,0,19,0,0,2,0.0
2022-01-08,2021-22,Ligue1,Lens,Rennes,1,0,2,0.333333,0.666667,3,-0.116667,0,1,1,19,0,0,0,1.0
2022-01-08,2021-22,LaLiga,Granada,Barcelona,1,1,1,0.333333,-1.0,3,-0.116667,0,0,0,19,0,6,4,0.5
2022-01-08,2021-22,LaLiga,Sociedad,Celta,3,0,0,1.0,2.0,3,0.55,0,0,0,19,0,1,3,1.0
2022-01-08,2021-22,LaLiga,Levante,Mallorca,0,1,0,0.0,-1.0,1,-0.45,1,1,1,19,0,0,0,1.0
2022-01-08,2021-22,Bundesliga,Ein Frankfurt,Dortmund,1,1,1,0.333333,-0.666667,3,-0.116667,1,0,1,17,0,3,0,0.0
2022-01-08,2021-22,LaLiga,Real Madrid,Valencia,2,1,0,0.666667,0.0,3,0.216667,0,1,1,20,0,0,0,1.0
2022-01-08,2021-22,Bundesliga,Freiburg,Bielefeld,1,1,1,0.333333,0.333333,3,-0.116667,0,0,0,17,0,2,2,0.5
2022-01-08,2021-22,Bundesliga,Leverkusen,Union Berlin,0,1,2,0.0,-0.333333,3,-0.45,0,1,0,17,0,0,2,0.5
2022-01-08,2021-22,Bundesliga,Hoffenheim,Augsburg,2,1,0,0.666667,1.666667,3,0.216667,0,0,0,17,0,6,3,1.0
2022-01-08,2021-22,Bundesliga,Greuther Furth,Stuttgart,0,1,0,0.0,-4.0,1,-0.45,1,0,1,17,0,1,0,0.5
2022-01-08,2021-22,Bundesliga,RB Leipzig,Mainz,1,2,0,0.333333,0.0,3,-0.116667,1,1,1,17,0,0,0,1.0
2022-01-09,2021-22,SerieA,Roma,Juventus,0,2,1,0.0,-1.0,3,-0.45,1,1,0,20,0,0,6,0.0
2022-01-09,2021-22,SerieA,Genoa,Spezia,2,0,1,0.666667,1.0,3,0.216667,0,0,1,20,0,2,0,0.0
2022-01-09,2021-22,SerieA,Udinese,Atalanta,0,1,2,0.0,-0.333333,3,-0.45,0,0,0,18,0,2,1,0.0
2022-01-09,2021-22,SerieA,Napoli,Sampdoria,3,0,0,1.0,2.333333,3,0.55,0,0,1,20,0,1,0,1.0
2022-01-09,2021-22,SerieA,Venezia,Milan,0,1,0,0.0,-2.0,1,-0.45,1,1,0,19,0,0,2,0.0
2022-01-09,2021-22,SerieA,Empoli,Sassuolo,1,0,0,1.0,1.0,1,0.55,0,0,0,20,0,1,1,0.0
2022-01-09,2021-22,Bundesliga,Hertha,FC Koln,0,1,2,0.0,-0.666667,3,-0.45,1,0,0,17,0,1,2,0.0
2022-01-09,2021-22,LaLiga,Villarreal,Ath Madrid,0,1,2,0.0,-0.666667,3,-0.45,0,0,0,19,0,4,1,0.5
2022-01-09,2021-22,LaLiga,Alaves,Ath Bilbao,1,1,1,0.333333,0.0,3,-0.116667,1,0,0,19,0,1,1,0.5
2022-01-09,2021-22,LaLiga,Sevilla,Getafe,3,0,0,1.0,1.666667,3,0.55,0,0,0,19,0,5,6,1.0
2022-01-09,2021-22,LaLiga,Vallecano,Betis,0,1,0,0.0,-1.0,1,-0.45,1,1,1,19,0,0,0,0.5
2022-01-09,2021-22,SerieA,Inter,Lazio,1,1,1,0.333333,0.0,3,-0.116667,1,0,0,19,0,11,3,1.0
2022-01-09,2021-22,Bundesliga,Bochum,Wolfsburg,0,1,0,0.0,-1.0,1,-0.45,1,1,1,17,0,0,0,1.0
2022-01-09,2021-22,Ligue1,Lyon,Paris SG,1,2,0,0.333333,-0.666667,3,-0.116667,1,0,0,18,0,3,10,0.5
2022-01-09,2021-22,SerieA,Verona,Salernitana,0,0,1,0.0,0.0,1,-0.45,0,0,1,20,0,2,0,0.0
2022-01-09,2021-22,LaLiga,Osasuna,Cadiz,3,0,0,1.0,1.333333,3,0.55,0,1,1,19,0,0,0,1.0
2022-01-09,2021-22,Ligue1,Brest,Nice,1,2,0,0.333333,0.0,3,-0.116667,1,0,0,19,0,1,2,0.0
2022-01-09,2021-22,Ligue1,Clermont,Reims,0,1,0,0.0,-1.0,1,-0.45,1,0,0,18,0,1,2,0.5
2022-01-09,2021-22,Ligue1,Metz,Strasbourg,0,2,1,0.0,-1.333333,3,-0.45,1,0,1,19,0,2,0,0.0
2022-01-09,2021-22,Ligue1,Nantes,Monaco,0,2,1,0.0,-0.666667,3,-0.45,0,0,0,19,0,3,1,0.5
2022-01-10,2021-22,LaLiga,Espanol,Elche,0,0,1,0.0,0.0,1,-0.45,0,0,0,19,0,1,1,0.0
2022-01-10,2021-22,SerieA,Torino,Fiorentina,0,2,1,0.0,-0.666667,3,-0.45,1,1,0,19,0,0,5,1.0
2022-01-11,2021-22,EPL,Southampton,Brentford,0,0,0,0.45,0.0,0,0.0,0,0,0,19,0,3,1,1.0
2022-01-11,2021-22,SerieA,Cagliari,Bologna,1,2,0,0.333333,-0.666667,3,-0.116667,1,0,0,20,0,1,1,1.0
2022-01-12,2021-22,EPL,West Ham,Norwich,0,0,0,0.45,0.0,0,0.0,0,0,1,20,0,2,0,1.0
2022-01-14,2021-22,EPL,Brighton,Crystal Palace,0,1,2,0.0,-0.333333,3,-0.45,0,0,1,19,0,3,0,0.5
2022-01-14,2021-22,Ligue1,Nice,Nantes,3,0,0,1.0,1.333333,3,0.55,0,0,0,20,0,3,4,1.0
2022-01-14,2021-22,Bundesliga,Dortmund,Freiburg,1,2,0,0.333333,0.666667,3,-0.116667,1,0,0,18,0,1,3,1.0
2022-01-15,2021-22,SerieA,Juventus,Udinese,2,0,1,0.666667,1.333333,3,0.216667,0,0,1,21,0,7,0,1.0
2022-01-15,2021-22,Ligue1,St Etienne,Lens,0,2,1,0.0,-1.0,3,-0.45,0,1,0,19,0,0,1,0.0
2022-01-15,2021-22,Ligue1,Paris SG,Brest,3,0,0,1.0,2.333333,3,0.55,0,0,1,20,0,11,0,1.0
2022-01-15,2021-22,Bundesliga,M'gladbach,Leverkusen,0,3,0,0.0,-2.0,3,-0.45,1,0,0,18,0,2,1,0.0
2022-01-15,2021-22,Bundesliga,Union Berlin,Hoffenheim,1,0,2,0.333333,0.666667,3,-0.116667,0,0,0,18,0,3,7,1.0
2022-01-15,2021-22,Bundesliga,Mainz,Bochum,0,1,0,0.0,-2.0,1,-0.45,1,1,0,18,0,0,1,1.0
2022-01-15,2021-22,Bundesliga,Stuttgart,RB Leipzig,0,3,0,0.0,-2.333333,3,-0.45,1,0,0,18,0,1,1,0.0
2022-01-15,2021-22,SerieA,Salernitana,Lazio,0,1,0,0.0,-3.0,1,-0.45,1,0,1,19,0,1,0,0.0
2022-01-15,2021-22,EPL,Aston Villa,Man United,1,2,0,0.333333,-0.666667,3,-0.116667,0,1,1,19,0,0,0,0.5
2022-01-15,2021-22,EPL,Wolves,Southampton,2,0,1,0.666667,0.666667,3,0.216667,0,0,0,19,0,3,4,1.0
2022-01-15,2021-22,EPL,Norwich,Everton,0,1,0,0.0,-2.0,1,-0.45,1,1,1,20,0,0,0,1.0
2022-01-15,2021-22,EPL,Newcastle,Watford,0,0,1,0.0,0.0,1,-0.45,0,0,1,19,0,1,0,0.5
2022-01-15,2021-22,EPL,Man City,Chelsea,2,1,0,0.666667,0.666667,3,0.216667,0,0,0,21,0,11,6,1.0
2022-01-15,2021-22,Bundesliga,Wolfsburg,Hertha,2,0,1,0.666667,1.0,3,0.216667,0,1,1,18,0,0,0,0.5
2022-01-15,2021-22,Bundesliga,FC Koln,Bayern Munich,0,3,0,0.0,-2.0,3,-0.45,1,0,1,18,0,3,0,0.0
2022-01-15,2021-22,SerieA,Sampdoria,Torino,1,1,1,0.333333,-0.666667,3,-0.116667,1,1,0,21,0,0,1,0.0
2022-01-16,2021-22,Ligue1,Reims,Metz,0,1,2,0.0,-0.333333,3,-0.45,0,0,1,20,0,3,0,0.0
2022-01-16,2021-22,Ligue1,Monaco,Clermont,1,0,0,1.0,2.0,1,0.55,0,0,0,20,0,2,2,1.0
2022-01-16,2021-22,Ligue1,Strasbourg,Montpellier,0,2,1,0.0,-0.666667,3,-0.45,0,0,0,19,0,1,4,1.0
2022-01-16,2021-22,Ligue1,Troyes,Lyon,0,1,0,0.0,-2.0,1,-0.45,1,0,0,19,0,1,4,0.0
2022-01-16,2021-22,Ligue1,Marseille,Lille,0,2,1,0.0,-1.333333,3,-0.45,1,0,0,19,0,3,7,0.5
2022-01-16,2021-22,EPL,West Ham,Leeds,3,0,0,1.0,1.333333,3,0.55,0,0,0,21,0,3,1,0.0
2022-01-16,2021-22,EPL,Liverpool,Brentford,0,0,1,0.0,0.0,1,-0.45,0,0,1,20,0,1,0,1.0
2022-01-16,2021-22,LaLiga,Elche,Villarreal,0,1,2,0.0,-1.0,3,-0.45,1,0,0,20,0,2,5,1.0
2022-01-16,2021-22,Ligue1,Rennes,Bordeaux,0,2,1,0.0,-0.666667,3,-0.45,0,1,1,20,0,0,0,1.0
2022-01-16,2021-22,Bundesliga,Bielefeld,Greuther Furth,0,0,1,0.0,0.0,1,-0.45,0,0,0,18,0,3,2,0.5
2022-01-16,2021-22,Ligue1,Lorient,Angers,1,2,0,0.333333,-0.333333,3,-0.116667,1,0,1,19,0,1,0,0.5
2022-01-16,2021-22,SerieA,Sassuolo,Verona,3,0,0,1.0,1.333333,3,0.55,0,0,1,21,0,2,0,0.0
2022-01-16,2021-22,SerieA,Venezia,Empoli,1,0,0,1.0,1.0,1,0.55,0,1,1,20,0,0,0,0.5
2022-01-16,2021-22,SerieA,Roma,Cagliari,2,1,0,0.666667,0.333333,3,0.216667,0,1,0,21,0,0,2,1.0
2022-01-16,2021-22,SerieA,Atalanta,Inter,0,1,2,0.0,-0.333333,3,-0.45,0,0,0,20,0,2,12,0.5
2022-01-16,2021-22,Bundesliga,Augsburg,Ein Frankfurt,0,2,1,0.0,-1.333333,3,-0.45,0,1,1,18,0,0,0,0.5
2022-01-17,2021-22,SerieA,Bologna,Napoli,0,3,0,0.0,-2.0,3,-0.45,1,1,0,20,0,0,2,0.0
2022-01-17,2021-22,SerieA,Milan,Spezia,2,1,0,0.666667,0.666667,3,0.216667,0,0,0,21,0,3,1,0.0
2022-01-17,2021-22,SerieA,Fiorentina,Genoa,1,0,2,0.333333,0.333333,3,-0.116667,0,1,1,20,0,0,0,1.0
2022-01-18,2021-22,EPL,Brighton,Chelsea,0,1,2,0.0,-0.666667,3,-0.45,0,0,1,20,0,4,0,0.5
2022-01-18,2021-22,LaLiga,Betis,Alaves,3,0,0,1.0,1.0,3,0.55,0,0,0,20,0,1,2,1.0
2022-01-18,2021-22,LaLiga,Cadiz,Espanol,0,1,0,0.0,-2.0,1,-0.45,1,1,1,20,0,0,0,0.5
2022-01-19,2021-22,EPL,Leicester,Tottenham,1,1,0,0.5,0.0,2,0.05,1,0,0,18,0,1,8,0.0
2022-01-19,2021-22,EPL,Brentford,Man United,0,0,0,0.45,0.0,0,0.0,0,1,0,21,0,0,1,0.0
2022-01-19,2021-22,LaLiga,Celta,Osasuna,1,1,1,0.333333,-0.333333,3,-0.116667,0,1,0,20,0,0,1,1.0
2022-01-19,2021-22,LaLiga,Valencia,Sevilla,0,3,0,0.0,-1.333333,3,-0.45,1,1,0,20,0,0,6,0.5
2022-01-19,2021-22,Ligue1,Montpellier,Troyes,0,0,1,0.0,0.0,1,-0.45,0,1,1,20,0,0,0,0.0
2022-01-19,2021-22,Ligue1,Lille,Lorient,2,1,0,0.666667,2.0,3,0.216667,1,0,0,20,0,8,2,1.0
2022-01-19,2021-22,Ligue1,Clermont,Strasbourg,0,0,0,0.45,0.0,0,0.0,0,1,0,20,0,0,2,0.0
2022-01-20,2021-22,LaLiga,Getafe,Granada,0,1,2,0.0,-0.333333,3,-0.45,0,1,0,20,0,0,7,1.0
2022-01-21,2021-22,Ligue1,Lyon,St Etienne,2,0,1,0.666667,2.0,3,0.216667,0,0,1,20,0,5,0,1.0
2022-01-21,2021-22,EPL,Watford,Norwich,1,0,0,1.0,2.0,1,0.55,0,0,0,19,0,1,1,0.0
2022-01-21,2021-22,LaLiga,Espanol,Betis,0,0,1,0.0,0.0,1,-0.45,0,0,0,21,0,1,2,0.0
2022-01-21,2021-22,SerieA,Verona,Bologna,0,2,1,0.0,-0.666667,3,-0.45,1,0,1,22,0,1,0,1.0
2022-01-21,2021-22,Bundesliga,Ein Frankfurt,Bielefeld,1,0,2,0.333333,1.333333,3,-0.116667,0,0,0,19,0,1,4,0.0
2022-01-22,2021-22,LaLiga,Ath Madrid,Valencia,2,0,1,0.666667,1.0,3,0.216667,0,0,0,20,0,2,1,1.0
2022-01-22,2021-22,LaLiga,Sevilla,Celta,3,0,0,1.0,1.333333,3,0.55,0,0,0,21,0,7,1,0.5
2022-01-22,2021-22,LaLiga,Villarreal,Mallorca,0,0,1,0.0,0.0,1,-0.45,0,1,1,21,0,0,0,1.0
2022-01-22,2021-22,Bundesliga,Bochum,FC Koln,0,1,0,0.0,-1.0,1,-0.45,1,1,1,19,0,0,0,0.5
2022-01-22,2021-22,Bundesliga,M'gladbach,Union Berlin,0,1,2,0.0,-0.333333,3,-0.45,1,1,0,19,0,0,4,0.0
2022-01-22,2021-22,Bundesliga,Leverkusen,Augsburg,2,0,1,0.666667,1.666667,3,0.216667,0,0,0,19,0,2,1,1.0
2022-01-22,2021-22,EPL,Leeds,Newcastle,2,0,1,0.666667,1.333333,3,0.216667,0,0,0,20,0,2,2,0.0
2022-01-22,2021-22,Bundesliga,Greuther Furth,Mainz,0,1,0,0.0,-3.0,1,-0.45,1,0,0,19,0,3,1,1.0
2022-01-22,2021-22,SerieA,Genoa,Udinese,0,1,2,0.0,-0.333333,3,-0.45,0,1,1,22,0,0,0,0.5
2022-01-22,2021-22,SerieA,Inter,Venezia,1,0,0,1.0,2.0,1,0.55,0,0,0,21,0,13,1,1.0
2022-01-22,2021-22,Ligue1,Brest,Lille,1,0,2,0.333333,0.333333,3,-0.116667,0,1,0,21,0,0,9,1.0
2022-01-22,2021-22,Ligue1,Lens,Marseille,2,0,1,0.666667,0.666667,3,0.216667,0,0,0,21,0,2,4,0.0
2022-01-22,2021-22,EPL,Brentford,Wolves,1,0,0,1.0,2.0,1,0.55,0,1,0,22,0,0,4,0.0
2022-01-22,2021-22,Bundesliga,Hoffenheim,Dortmund,0,2,1,0.0,-0.666667,3,-0.45,1,1,0,19,0,0,2,0.0
2022-01-22,2021-22,EPL,Everton,Aston Villa,0,2,1,0.0,-1.333333,3,-0.45,1,1,0,19,0,0,1,0.0
2022-01-22,2021-22,SerieA,Lazio,Atalanta,1,1,1,0.333333,-0.333333,3,-0.116667,0,0,0,22,0,1,3,0.5
2022-01-22,2021-22,EPL,Man United,West Ham,3,0,0,1.0,1.333333,3,0.55,0,0,1,21,0,2,0,1.0
2022-01-22,2021-22,LaLiga,Levante,Cadiz,0,0,3,0.0,0.0,3,-0.45,0,0,0,20,0,1,1,0.0
2022-01-22,2021-22,EPL,Southampton,Man City,0,2,1,0.0,-1.333333,3,-0.45,0,1,0,21,0,0,12,0.5
2022-01-22,2021-22,Bundesliga,Freiburg,Stuttgart,3,0,0,1.0,1.0,3,0.55,0,1,1,19,0,0,0,1.0
2022-01-23,2021-22,LaLiga,Alaves,Barcelona,0,1,2,0.0,-1.333333,3,-0.45,0,1,0,21,0,0,5,0.0
2022-01-23,2021-22,LaLiga,Sociedad,Getafe,2,0,1,0.666667,1.333333,3,0.216667,0,0,0,20,0,2,1,0.5
2022-01-23,2021-22,LaLiga,Vallecano,Ath Bilbao,1,0,0,1.0,1.0,1,0.55,0,0,0,20,0,1,2,0.0
2022-01-23,2021-22,Ligue1,Angers,Troyes,0,0,1,0.0,0.0,1,-0.45,0,0,0,20,0,1,1,1.0
2022-01-23,2021-22,Ligue1,Metz,Nice,2,0,1,0.666667,0.666667,3,0.216667,0,0,0,21,0,1,4,0.0
2022-01-23,2021-22,Bundesliga,Hertha,Bayern Munich,0,3,0,0.0,-2.333333,3,-0.45,1,0,0,19,0,1,1,0.0
2022-01-23,2021-22,EPL,Chelsea,Tottenham,2,0,1,0.666667,1.333333,3,0.216667,0,0,0,23,0,1,9,1.0
2022-01-23,2021-22,EPL,Leicester,Brighton,2,1,0,0.666667,1.0,3,0.216667,1,1,0,19,0,0,5,0.5
2022-01-23,2021-22,EPL,Crystal Palace,Liverpool,0,3,0,0.0,-4.0,3,-0.45,1,0,0,21,0,1,2,0.0
2022-01-23,2021-22,SerieA,Milan,Juventus,1,1,1,0.333333,0.333333,3,-0.116667,0,1,0,22,0,0,8,0.5
2022-01-23,2021-22,SerieA,Empoli,Roma,0,1,0,0.0,-2.0,1,-0.45,1,0,0,22,0,1,1,0.0
2022-01-23,2021-22,SerieA,Torino,Sassuolo,2,0,1,0.666667,0.666667,3,0.216667,0,0,1,21,0,2,0,0.5
2022-01-23,2021-22,SerieA,Spezia,Sampdoria,1,1,1,0.333333,0.0,3,-0.116667,1,0,1,22,0,2,0,1.0
2022-01-23,2021-22,SerieA,Napoli,Salernitana,1,0,0,1.0,1.0,1,0.55,0,0,1,22,0,3,0,1.0
2022-01-23,2021-22,SerieA,Cagliari,Fiorentina,0,2,1,0.0,-1.333333,3,-0.45,1,1,0,22,0,0,1,0.5
2022-01-23,2021-22,LaLiga,Real Madrid,Elche,2,0,1,0.666667,0.666667,3,0.216667,0,0,0,21,0,1,3,0.5
2022-01-23,2021-22,Ligue1,Clermont,Rennes,0,1,0,0.0,-6.0,1,-0.45,1,1,0,21,0,0,1,1.0
2022-01-23,2021-22,Ligue1,Nantes,Lorient,2,0,1,0.666667,1.0,3,0.216667,0,1,1,21,0,0,0,1.0
2022-01-23,2021-22,Ligue1,Montpellier,Monaco,0,2,1,0.0,-1.0,3,-0.45,1,1,0,21,0,0,3,1.0
2022-01-23,2021-22,Ligue1,Paris SG,Reims,3,0,0,1.0,2.666667,3,0.55,0,0,1,21,0,12,0,1.0
2022-01-23,2021-22,EPL,Arsenal,Burnley,1,1,1,0.333333,0.0,3,-0.116667,0,1,1,20,0,0,0,0.5
2022-01-23,2021-22,Bundesliga,RB Leipzig,Wolfsburg,0,1,2,0.0,-0.333333,3,-0.45,1,0,0,19,0,2,1,1.0
2022-01-23,2021-22,Ligue1,Bordeaux,Strasbourg,1,2,0,0.333333,-0.666667,3,-0.116667,1,1,0,21,0,0,3,1.0
2022-01-23,2021-22,LaLiga,Granada,Osasuna,1,1,1,0.333333,0.0,3,-0.116667,0,1,1,21,0,0,0,0.0
2022-01-26,2021-22,Ligue1,Angers,St Etienne,0,1,2,0.0,-0.333333,3,-0.45,0,0,1,21,0,2,0,0.0
2022-02-01,2021-22,Ligue1,Lyon,Marseille,0,0,2,0.0,0.0,2,-0.45,0,0,0,21,0,6,5,1.0
2022-02-04,2021-22,Bundesliga,Hertha,Bochum,1,0,0,1.0,2.0,1,0.55,0,1,0,20,0,0,1,0.5
2022-02-04,2021-22,LaLiga,Getafe,Levante,1,1,1,0.333333,-0.666667,3,-0.116667,0,0,1,22,0,2,0,1.0
2022-02-04,2021-22,Ligue1,Marseille,Angers,1,1,1,0.333333,0.0,3,-0.116667,0,1,1,22,0,0,0,1.0
2022-02-05,2021-22,Ligue1,Monaco,Lyon,0,3,0,0.0,-2.0,3,-0.45,1,1,0,22,0,0,7,1.0
2022-02-05,2021-22,LaLiga,Mallorca,Cadiz,0,0,1,0.0,0.0,1,-0.45,0,1,0,21,0,0,2,1.0
2022-02-05,2021-22,SerieA,Fiorentina,Lazio,1,2,0,0.333333,0.0,3,-0.116667,1,0,0,22,0,2,2,0.0
2022-02-05,2021-22,SerieA,Inter,Milan,1,1,1,0.333333,0.666667,3,-0.116667,0,0,0,22,0,14,1,0.0
2022-02-05,2021-22,SerieA,Roma,Genoa,3,0,0,1.0,1.666667,3,0.55,0,0,0,23,0,2,1,0.5
2022-02-05,2021-22,Ligue1,St Etienne,Montpellier,1,2,0,0.333333,-0.666667,3,-0.116667,1,0,0,22,0,1,1,1.0
2022-02-05,2021-22,EPL,Burnley,Watford,0,0,0,0.45,0.0,0,0.0,0,0,1,18,0,1,0,0.5
2022-02-05,2021-22,Bundesliga,Augsburg,Union Berlin,2,0,1,0.666667,1.0,3,0.216667,0,1,0,20,0,0,5,1.0
2022-02-05,2021-22,Bundesliga,Bielefeld,M'gladbach,0,3,0,0.0,-2.666667,3,-0.45,1,0,1,20,0,5,0,0.5
2022-02-05,2021-22,Bundesliga,FC Koln,Freiburg,0,2,1,0.0,-2.666667,3,-0.45,0,0,0,20,0,1,1,1.0
2022-02-05,2021-22,Bundesliga,Mainz,Hoffenheim,2,0,1,0.666667,1.0,3,0.216667,0,1,1,20,0,0,0,1.0
2022-02-05,2021-22,Bundesliga,Stuttgart,Ein Frankfurt,0,0,3,0.0,0.0,3,-0.45,0,1,1,20,0,0,0,0.0
2022-02-05,2021-22,Bundesliga,Bayern Munich,RB Leipzig,2,0,1,0.666667,1.333333,3,0.216667,0,0,0,20,0,2,3,1.0
2022-02-05,2021-22,LaLiga,Osasuna,Sevilla,0,3,0,0.0,-1.666667,3,-0.45,1,0,0,22,0,1,8,0.5
2022-02-05,2021-22,LaLiga,Celta,Vallecano,0,0,1,0.0,0.0,1,-0.45,0,0,1,22,0,2,0,1.0
2022-02-05,2021-22,LaLiga,Elche,Alaves,1,2,0,0.333333,-0.333333,3,-0.116667,1,0,1,22,0,4,0,1.0
2022-02-06,2021-22,Bundesliga,Dortmund,Leverkusen,2,1,0,0.666667,0.666667,3,0.216667,0,0,0,20,0,3,3,0.0
2022-02-06,2021-22,Bundesliga,Wolfsburg,Greuther Furth,1,0,0,1.0,2.0,1,0.55,0,1,0,20,0,0,4,1.0
2022-02-06,2021-22,SerieA,Juventus,Verona,0,1,2,0.0,-0.333333,3,-0.45,1,0,0,23,0,9,2,1.0
2022-02-06,2021-22,SerieA,Udinese,Torino,1,2,0,0.333333,-0.333333,3,-0.116667,1,0,0,21,0,1,3,1.0
2022-02-06,2021-22,Ligue1,Strasbourg,Nantes,1,1,1,0.333333,1.0,3,-0.116667,0,1,0,22,0,0,1,1.0
2022-02-06,2021-22,Ligue1,Reims,Bordeaux,1,2,0,0.333333,0.0,3,-0.116667,1,1,0,22,0,0,1,1.0
2022-02-06,2021-22,Ligue1,Nice,Clermont,1,0,0,1.0,1.0,1,0.55,0,0,0,22,0,5,1,0.0
2022-02-06,2021-22,Ligue1,Lorient,Lens,0,2,1,0.0,-1.333333,3,-0.45,0,1,1,22,0,0,0,1.0
2022-02-06,2021-22,Ligue1,Lille,Paris SG,1,1,1,0.333333,0.0,3,-0.116667,1,1,0,22,0,0,13,0.0
2022-02-06,2021-22,LaLiga,Valencia,Sociedad,1,0,2,0.333333,0.333333,3,-0.116667,0,1,0,22,0,0,3,0.5
2022-02-06,2021-22,Ligue1,Rennes,Brest,2,0,1,0.666667,0.666667,3,0.216667,0,1,0,22,0,0,1,1.0
2022-02-06,2021-22,LaLiga,Betis,Villarreal,1,1,1,0.333333,-0.333333,3,-0.116667,1,0,0,22,0,3,1,0.0
2022-02-06,2021-22,LaLiga,Barcelona,Ath Madrid,0,2,1,0.0,-1.0,3,-0.45,1,0,0,21,0,6,3,1.0
2022-02-06,2021-22,SerieA,Atalanta,Cagliari,3,0,0,1.0,1.666667,3,0.55,0,0,0,22,0,4,1,0.0
2022-02-06,2021-22,SerieA,Bologna,Empoli,0,1,0,0.0,-2.0,1,-0.45,1,1,1,22,0,0,0,0.5
2022-02-06,2021-22,SerieA,Sampdoria,Sassuolo,0,2,1,0.0,-0.666667,3,-0.45,0,1,0,23,0,0,1,1.0
2022-02-06,2021-22,SerieA,Venezia,Napoli,0,1,0,0.0,-2.0,1,-0.45,1,1,0,22,0,0,4,0.0
2022-02-06,2021-22,LaLiga,Real Madrid,Granada,3,0,0,1.0,2.666667,3,0.55,0,0,1,22,0,2,0,1.0
2022-02-06,2021-22,Ligue1,Troyes,Metz,1,0,0,1.0,2.0,1,0.55,0,1,1,22,0,0,0,0.5
2022-02-07,2021-22,SerieA,Salernitana,Spezia,0,1,0,0.0,-1.0,1,-0.45,1,1,0,21,0,0,3,0.5
2022-02-07,2021-22,LaLiga,Ath Bilbao,Espanol,0,0,1,0.0,0.0,1,-0.45,0,0,1,22,0,3,0,1.0
2022-02-08,2021-22,EPL,Newcastle,Everton,2,0,0,1.0,1.5,2,0.55,0,0,1,21,0,3,0,1.0
2022-02-08,2021-22,EPL,West Ham,Watford,1,0,0,1.0,3.0,1,0.55,0,1,0,23,0,0,1,1.0
2022-02-08,2021-22,EPL,Burnley,Man United,0,3,0,0.0,-1.666667,3,-0.45,1,0,0,19,0,2,3,0.5
2022-02-09,2021-22,EPL,Man City,Brentford,1,0,0,1.0,1.0,1,0.55,0,0,1,23,0,13,0,1.0
2022-02-09,2021-22,EPL,Norwich,Crystal Palace,0,1,0,0.0,-3.0,1,-0.45,1,0,1,22,0,2,0,0.5
2022-02-09,2021-22,EPL,Tottenham,Southampton,2,0,1,0.666667,1.333333,3,0.216667,0,1,0,20,0,0,1,0.0
2022-02-09,2021-22,EPL,Aston Villa,Leeds,1,1,0,0.5,-1.0,2,0.05,0,0,1,21,0,2,0,0.5
2022-02-10,2021-22,EPL,Liverpool,Leicester,1,2,0,0.333333,0.0,3,-0.116667,1,0,0,22,0,3,1,1.0
2022-02-10,2021-22,EPL,Wolves,Arsenal,2,0,0,1.0,1.0,2,0.55,0,0,0,21,0,5,1,0.0
2022-02-11,2021-22,Ligue1,Paris SG,Rennes,1,1,1,0.333333,0.333333,3,-0.116667,1,0,0,23,0,14,1,1.0
2022-02-11,2021-22,Bundesliga,RB Leipzig,FC Koln,0,1,2,0.0,-0.333333,3,-0.45,0,1,0,21,0,0,2,1.0
2022-02-11,2021-22,LaLiga,Sevilla,Elche,1,1,1,0.333333,0.333333,3,-0.116667,0,0,0,23,0,9,5,1.0
2022-02-12,2021-22,EPL,Man United,Southampton,2,0,1,0.666667,3.333333,3,0.216667,0,0,0,23,0,4,2,0.5
2022-02-12,2021-22,EPL,Brentford,Crystal Palace,0,0,1,0.0,0.0,1,-0.45,0,1,0,24,0,0,1,0.5
2022-02-12,2021-22,EPL,Everton,Leeds,1,1,1,0.333333,0.0,3,-0.116667,0,1,0,21,0,0,1,1.0
2022-02-12,2021-22,EPL,Watford,Brighton,0,1,0,0.0,-2.0,1,-0.45,1,1,0,22,0,0,6,0.0
2022-02-12,2021-22,LaLiga,Cadiz,Celta,1,1,1,0.333333,-1.0,3,-0.116667,0,1,0,23,0,0,3,0.5
2022-02-12,2021-22,LaLiga,Villarreal,Real Madrid,0,1,2,0.0,-0.333333,3,-0.45,0,0,0,23,0,2,3,0.5
2022-02-12,2021-22,LaLiga,Vallecano,Osasuna,0,1,0,0.0,-1.0,1,-0.45,1,1,0,22,0,0,2,0.0
2022-02-12,2021-22,LaLiga,Ath Madrid,Getafe,2,0,1,0.666667,0.666667,3,0.216667,0,1,0,22,0,0,3,1.0
2022-02-12,2021-22,Bundesliga,Leverkusen,Stuttgart,2,0,1,0.666667,1.666667,3,0.216667,0,0,1,21,0,4,0,1.0
2022-02-12,2021-22,Bundesliga,Bochum,Bayern Munich,0,1,0,0.0,-7.0,1,-0.45,1,0,0,21,0,2,3,1.0
2022-02-12,2021-22,Ligue1,Lyon,Nice,1,2,0,0.333333,0.333333,3,-0.116667,1,1,1,23,0,0,0,1.0
2022-02-12,2021-22,SerieA,Lazio,Bologna,1,2,0,0.333333,-1.333333,3,-0.116667,1,0,0,24,0,3,1,1.0
2022-02-12,2021-22,SerieA,Napoli,Inter,0,2,1,0.0,-0.666667,3,-0.45,1,0,1,24,0,5,0,0.5
2022-02-12,2021-22,SerieA,Torino,Venezia,0,0,1,0.0,0.0,1,-0.45,0,1,1,23,0,0,0,0.0
2022-02-12,2021-22,EPL,Norwich,Man City,0,1,0,0.0,-5.0,1,-0.45,1,0,0,23,0,3,14,0.0
2022-02-12,2021-22,Bundesliga,M'gladbach,Augsburg,0,2,1,0.0,-1.0,3,-0.45,1,0,0,21,0,1,1,1.0
2022-02-12,2021-22,Bundesliga,Greuther Furth,Hertha,0,1,0,0.0,-1.0,1,-0.45,1,1,0,21,0,0,1,1.0
2022-02-12,2021-22,Bundesliga,Freiburg,Mainz,0,2,1,0.0,-1.0,3,-0.45,0,1,0,21,0,0,1,0.5
2022-02-12,2021-22,Bundesliga,Ein Frankfurt,Wolfsburg,1,1,1,0.333333,0.0,3,-0.116667,0,0,0,21,0,1,1,0.0
2022-02-12,2021-22,Ligue1,Montpellier,Lille,0,2,1,0.0,-0.666667,3,-0.45,1,1,1,23,0,0,0,0.0
2022-02-13,2021-22,SerieA,Milan,Sampdoria,2,0,1,0.666667,0.666667,3,0.216667,0,0,0,24,0,2,1,1.0
2022-02-13,2021-22,SerieA,Empoli,Cagliari,1,0,0,1.0,2.0,1,0.55,0,0,0,24,0,1,2,0.5
2022-02-13,2021-22,SerieA,Genoa,Salernitana,0,1,0,0.0,-1.0,1,-0.45,1,0,0,24,0,2,1,0.5
2022-02-13,2021-22,LaLiga,Levante,Betis,1,2,0,0.333333,-1.0,3,-0.116667,1,1,1,22,0,0,0,0.0
2022-02-13,2021-22,SerieA,Sassuolo,Roma,0,1,2,0.0,-0.333333,3,-0.45,1,1,0,24,0,0,3,0.5
2022-02-13,2021-22,LaLiga,Alaves,Valencia,0,1,2,0.0,-1.0,3,-0.45,1,1,0,23,0,0,1,1.0
2022-02-13,2021-22,SerieA,Atalanta,Juventus,2,0,1,0.666667,0.666667,3,0.216667,0,1,0,23,0,0,10,0.5
2022-02-13,2021-22,Bundesliga,Union Berlin,Dortmund,1,2,0,0.333333,-1.0,3,-0.116667,1,1,1,21,0,0,0,0.0
2022-02-13,2021-22,Bundesliga,Hoffenheim,Bielefeld,0,0,3,0.0,0.0,3,-0.45,0,1,0,21,0,0,6,1.0
2022-02-13,2021-22,LaLiga,Espanol,Barcelona,0,1,0,0.0,-1.0,1,-0.45,1,1,0,23,0,0,7,0.5
2022-02-13,2021-22,LaLiga,Sociedad,Granada,2,1,0,0.666667,0.666667,3,0.216667,0,0,1,22,0,4,0,1.0
2022-02-13,2021-22,SerieA,Verona,Udinese,1,1,1,0.333333,-0.333333,3,-0.116667,0,1,0,24,0,0,2,1.0
2022-02-13,2021-22,EPL,Burnley,Liverpool,1,2,0,0.333333,-1.333333,3,-0.116667,1,0,0,20,0,3,4,0.0
2022-02-13,2021-22,Ligue1,Lens,Bordeaux,2,1,0,0.666667,-0.333333,3,0.216667,0,1,1,23,0,0,0,1.0
2022-02-13,2021-22,EPL,Tottenham,Wolves,2,0,1,0.666667,1.0,3,0.216667,0,1,1,21,0,0,0,0.0
2022-02-13,2021-22,Ligue1,Metz,Marseille,0,0,3,0.0,0.0,3,-0.45,0,0,0,23,0,1,1,0.0
2022-02-13,2021-22,Ligue1,Nantes,Reims,0,3,0,0.0,-1.333333,3,-0.45,1,1,0,23,0,0,1,1.0
2022-02-13,2021-22,Ligue1,Clermont,St Etienne,0,1,0,0.0,-1.0,1,-0.45,1,0,0,23,0,2,2,0.0
2022-02-13,2021-22,Ligue1,Brest,Troyes,0,0,1,0.0,0.0,1,-0.45,0,1,0,23,0,0,1,1.0
2022-02-13,2021-22,Ligue1,Monaco,Lorient,1,1,1,0.333333,0.666667,3,-0.116667,1,0,0,23,0,1,1,0.5
2022-02-13,2021-22,Ligue1,Angers,Strasbourg,1,1,1,0.333333,0.0,3,-0.116667,0,1,0,23,0,0,1,0.0
2022-02-13,2021-22,EPL,Newcastle,Aston Villa,0,2,1,0.0,-1.333333,3,-0.45,1,0,0,22,0,4,3,1.0
2022-02-13,2021-22,EPL,Leicester,West Ham,0,3,0,0.0,-2.333333,3,-0.45,1,1,0,21,0,0,1,0.5
2022-02-14,2021-22,LaLiga,Mallorca,Ath Bilbao,0,1,0,0.0,-2.0,1,-0.45,1,0,0,22,0,1,4,1.0
2022-02-14,2021-22,SerieA,Spezia,Fiorentina,0,2,1,0.0,-2.0,3,-0.45,1,0,1,24,0,4,0,0.0
2022-02-15,2021-22,EPL,Man United,Brighton,2,0,0,1.0,1.0,2,0.55,0,0,0,24,0,5,7,1.0
2022-02-16,2021-22,LaLiga,Ath Madrid,Levante,0,1,2,0.0,-0.666667,3,-0.45,0,0,1,23,0,1,0,0.0
2022-02-18,2021-22,LaLiga,Elche,Vallecano,0,1,0,0.0,-1.0,1,-0.45,1,1,1,24,0,0,0,1.0
2022-02-18,2021-22,Ligue1,Lille,Metz,2,0,1,0.666667,1.0,3,0.216667,0,0,1,24,0,1,0,0.5
2022-02-18,2021-22,Bundesliga,Mainz,Leverkusen,0,2,1,0.0,-0.666667,3,-0.45,1,0,0,22,0,2,5,1.0
2022-02-18,2021-22,SerieA,Juventus,Torino,2,0,1,0.666667,0.666667,3,0.216667,0,0,1,25,0,11,0,0.5
2022-02-19,2021-22,LaLiga,Granada,Villarreal,0,1,2,0.0,-1.0,3,-0.45,0,1,0,24,0,0,3,0.0
2022-02-19,2021-22,Bundesliga,Augsburg,Freiburg,0,2,1,0.0,-1.666667,3,-0.45,1,1,0,22,0,0,1,0.0
2022-02-19,2021-22,Bundesliga,Bielefeld,Union Berlin,0,2,1,0.0,-2.0,3,-0.45,1,1,1,22,0,0,0,1.0
2022-02-19,2021-22,Bundesliga,FC Koln,Ein Frankfurt,0,1,2,0.0,-0.666667,3,-0.45,0,1,1,22,0,0,0,1.0
2022-02-19,2021-22,Bundesliga,Stuttgart,Bochum,0,0,1,0.0,0.0,1,-0.45,0,1,0,22,0,0,3,0.5
2022-02-19,2021-22,Bundesliga,Wolfsburg,Hoffenheim,1,2,0,0.333333,-0.666667,3,-0.116667,1,0,0,22,0,2,1,0.0
2022-02-19,2021-22,LaLiga,Osasuna,Ath Madrid,0,3,0,0.0,-1.333333,3,-0.45,1,0,1,24,0,3,0,0.0
2022-02-19,2021-22,LaLiga,Cadiz,Getafe,1,2,0,0.333333,-1.666667,3,-0.116667,1,0,1,24,0,1,0,0.5
2022-02-19,2021-22,Ligue1,Nantes,Paris SG,1,2,0,0.333333,-1.333333,3,-0.116667,1,0,0,24,0,1,15,1.0
2022-02-19,2021-22,Ligue1,Lens,Lyon,0,2,1,0.0,-0.666667,3,-0.45,1,0,0,24,0,1,1,0.5
2022-02-19,2021-22,EPL,Brighton,Burnley,1,0,2,0.333333,0.333333,3,-0.116667,0,1,1,24,0,0,0,0.0
2022-02-19,2021-22,EPL,West Ham,Newcastle,1,2,0,0.333333,-0.333333,3,-0.116667,0,0,0,25,0,2,5,0.5
2022-02-19,2021-22,EPL,Arsenal,Brentford,0,1,0,0.0,-2.0,1,-0.45,1,0,0,22,0,2,1,1.0
2022-02-19,2021-22,SerieA,Sampdoria,Empoli,1,0,0,1.0,3.0,1,0.55,0,1,0,25,0,0,2,1.0
2022-02-19,2021-22,SerieA,Roma,Verona,1,1,1,0.333333,0.333333,3,-0.116667,1,0,0,25,0,4,1,0.5
2022-02-19,2021-22,SerieA,Salernitana,Milan,0,1,0,0.0,-2.0,1,-0.45,1,0,0,23,0,2,3,0.5
2022-02-19,2021-22,EPL,Man City,Tottenham,1,2,0,0.333333,0.0,3,-0.116667,1,0,1,25,0,15,0,0.0
2022-02-19,2021-22,EPL,Southampton,Everton,1,2,0,0.333333,-0.333333,3,-0.116667,1,0,0,24,0,3,1,1.0
2022-02-19,2021-22,EPL,Liverpool,Norwich,1,0,0,1.0,3.0,1,0.55,0,0,1,24,0,5,0,1.0
2022-02-19,2021-22,EPL,Crystal Palace,Chelsea,0,3,0,0.0,-3.333333,3,-0.45,1,0,0,24,0,2,2,0.0
2022-02-19,2021-22,LaLiga,Real Madrid,Alaves,2,1,0,0.666667,1.666667,3,0.216667,0,0,0,24,0,4,1,1.0
2022-02-19,2021-22,EPL,Aston Villa,Watford,0,1,0,0.0,-1.0,1,-0.45,1,1,1,23,0,0,0,0.0
2022-02-20,2021-22,LaLiga,Betis,Mallorca,0,0,1,0.0,0.0,1,-0.45,0,0,0,24,0,1,2,1.0
2022-02-20,2021-22,LaLiga,Ath Bilbao,Sociedad,0,1,2,0.0,-0.333333,3,-0.45,0,1,0,24,0,0,5,1.0
2022-02-20,2021-22,Ligue1,Marseille,Clermont,1,0,0,1.0,1.0,1,0.55,0,0,1,24,0,2,0,0.0
2022-02-20,2021-22,Ligue1,Bordeaux,Monaco,0,3,0,0.0,-3.333333,3,-0.45,1,1,0,24,0,0,2,0.5
2022-02-20,2021-22,SerieA,Fiorentina,Atalanta,1,2,0,0.333333,-1.0,3,-0.116667,0,0,0,24,0,1,1,1.0
2022-02-20,2021-22,Ligue1,Rennes,Troyes,0,0,1,0.0,0.0,1,-0.45,0,1,1,24,0,0,0,1.0
2022-02-20,2021-22,Ligue1,Reims,Brest,1,1,1,0.333333,0.0,3,-0.116667,0,1,0,24,0,0,1,0.5
2022-02-20,2021-22,SerieA,Udinese,Lazio,1,1,1,0.333333,0.333333,3,-0.116667,0,1,0,23,0,0,4,0.5
2022-02-20,2021-22,Ligue1,Lorient,Montpellier,0,2,1,0.0,-1.0,3,-0.45,1,0,1,24,0,2,0,0.0
2022-02-20,2021-22,Ligue1,Nice,Angers,3,0,0,1.0,2.333333,3,0.55,0,1,1,24,0,0,0,1.0
2022-02-20,2021-22,Ligue1,St Etienne,Strasbourg,1,2,0,0.333333,-1.0,3,-0.116667,1,0,0,24,0,3,2,0.5
2022-02-20,2021-22,LaLiga,Valencia,Barcelona,0,2,1,0.0,-1.0,3,-0.45,1,1,0,24,0,0,8,0.0
2022-02-20,2021-22,SerieA,Inter,Sassuolo,3,0,0,1.0,1.666667,3,0.55,0,0,0,24,0,1,1,0.0
2022-02-20,2021-22,SerieA,Venezia,Genoa,0,0,1,0.0,0.0,1,-0.45,0,0,0,24,0,1,3,0.5
2022-02-20,2021-22,EPL,Leeds,Man United,0,2,1,0.0,-2.666667,3,-0.45,1,1,0,23,0,0,6,0.0
2022-02-20,2021-22,EPL,Wolves,Leicester,0,2,1,0.0,-0.666667,3,-0.45,1,0,0,23,0,1,1,1.0
2022-02-20,2021-22,LaLiga,Espanol,Sevilla,0,1,0,0.0,-2.0,1,-0.45,1,0,0,24,0,1,10,0.5
2022-02-20,2021-22,Bundesliga,Hertha,RB Leipzig,0,3,0,0.0,-3.333333,3,-0.45,1,1,0,22,0,0,1,0.0
2022-02-20,2021-22,Bundesliga,Dortmund,M'gladbach,1,2,0,0.333333,0.0,3,-0.116667,1,0,0,22,0,1,2,1.0
2022-02-20,2021-22,Bundesliga,Bayern Munich,Greuther Furth,1,0,0,1.0,2.0,1,0.55,0,1,0,22,0,0,1,1.0
2022-02-21,2021-22,LaLiga,Celta,Levante,2,0,1,0.666667,1.333333,3,0.216667,0,0,0,24,0,4,1,0.5
2022-02-21,2021-22,SerieA,Bologna,Spezia,2,0,1,0.666667,1.333333,3,0.216667,0,1,1,24,0,0,0,1.0
2022-02-21,2021-22,SerieA,Cagliari,Napoli,0,2,1,0.0,-1.666667,3,-0.45,1,0,0,25,0,3,6,0.5
2022-02-23,2021-22,EPL,Liverpool,Leeds,2,0,1,0.666667,1.333333,3,0.216667,0,0,1,25,0,6,0,1.0
2022-02-23,2021-22,EPL,Burnley,Tottenham,0,2,0,0.0,-2.5,2,-0.45,1,0,0,22,0,1,1,1.0
2022-02-23,2021-22,EPL,Watford,Crystal Palace,0,0,0,0.45,0.0,0,0.0,0,0,1,24,0,1,0,0.0
2022-02-24,2021-22,EPL,Arsenal,Wolves,1,2,0,0.333333,-0.333333,3,-0.116667,0,0,0,23,0,3,2,1.0
2022-02-25,2021-22,Bundesliga,Hoffenheim,Stuttgart,0,2,1,0.0,-1.333333,3,-0.45,1,0,0,23,0,2,1,1.0
2022-02-25,2021-22,SerieA,Milan,Udinese,1,0,2,0.333333,0.333333,3,-0.116667,0,0,0,26,0,4,1,0.5
2022-02-25,2021-22,SerieA,Genoa,Inter,0,3,0,0.0,-3.0,3,-0.45,1,0,1,26,0,4,0,0.5
2022-02-25,2021-22,LaLiga,Levante,Elche,0,1,2,0.0,-0.333333,3,-0.45,0,0,0,25,0,2,1,1.0
2022-02-25,2021-22,Ligue1,Montpellier,Rennes,1,2,0,0.333333,-0.666667,3,-0.116667,1,0,0,25,0,1,1,0.0
2022-02-25,2021-22,EPL,Southampton,Norwich,0,1,0,0.0,-1.0,1,-0.45,1,0,1,25,0,4,0,1.0
2022-02-26,2021-22,Bundesliga,M'gladbach,Wolfsburg,1,0,2,0.333333,0.666667,3,-0.116667,0,1,1,23,0,0,0,0.5
2022-02-26,2021-22,EPL,Brentford,Newcastle,0,0,1,0.0,0.0,1,-0.45,0,1,0,26,0,0,6,0.0
2022-02-26,2021-22,EPL,Brighton,Aston Villa,1,1,1,0.333333,-0.333333,3,-0.116667,1,1,1,25,0,0,0,0.0
2022-02-26,2021-22,EPL,Everton,Man City,0,3,0,0.0,-3.333333,3,-0.45,1,1,1,23,0,0,0,0.0
2022-02-26,2021-22,Bundesliga,Freiburg,Hertha,2,1,0,0.666667,0.333333,3,0.216667,0,0,1,23,0,2,0,1.0
2022-02-26,2021-22,Bundesliga,Greuther Furth,FC Koln,0,1,0,0.0,-2.0,1,-0.45,1,1,0,23,0,0,1,0.5
2022-02-26,2021-22,Ligue1,Strasbourg,Nice,2,1,0,0.666667,1.0,3,0.216667,0,0,0,25,0,3,1,0.5
2022-02-26,2021-22,Ligue1,Paris SG,St Etienne,2,0,1,0.666667,1.0,3,0.216667,0,1,0,25,0,0,4,1.0
2022-02-26,2021-22,Bundesliga,Ein Frankfurt,Bayern Munich,2,1,0,0.666667,-1.0,3,0.216667,0,1,0,23,0,0,1,0.0
2022-02-26,2021-22,Bundesliga,Union Berlin,Mainz,2,1,0,0.666667,1.333333,3,0.216667,0,1,0,23,0,0,3,1.0
2022-02-26,2021-22,Bundesliga,Leverkusen,Bielefeld,2,1,0,0.666667,1.333333,3,0.216667,0,1,0,23,0,0,1,1.0
2022-02-26,2021-22,EPL,Leeds,Tottenham,1,2,0,0.333333,-0.666667,3,-0.116667,1,1,1,25,0,0,0,0.0
2022-02-26,2021-22,EPL,Crystal Palace,Burnley,0,2,1,0.0,-1.333333,3,-0.45,0,0,0,26,0,1,2,0.5
2022-02-26,2021-22,EPL,Man United,Watford,0,1,0,0.0,-3.0,1,-0.45,1,0,1,26,0,7,0,0.5
2022-02-26,2021-22,LaLiga,Vallecano,Real Madrid,0,1,0,0.0,-1.0,1,-0.45,1,1,0,24,0,0,5,0.0
2022-02-26,2021-22,SerieA,Salernitana,Bologna,0,1,0,0.0,-1.0,1,-0.45,1,0,0,24,0,3,1,0.5
2022-02-26,2021-22,SerieA,Empoli,Juventus,1,0,0,1.0,1.0,1,0.55,0,1,0,26,0,0,12,0.0
2022-02-26,2021-22,SerieA,Sassuolo,Fiorentina,1,0,2,0.333333,0.666667,3,-0.116667,0,0,0,26,0,2,2,1.0
2022-02-26,2021-22,LaLiga,Mallorca,Valencia,0,0,1,0.0,0.0,1,-0.45,0,1,1,24,0,0,0,0.0
2022-02-26,2021-22,LaLiga,Ath Madrid,Celta,2,0,1,0.666667,1.0,3,0.216667,0,0,0,25,0,1,5,1.0
2022-02-26,2021-22,LaLiga,Getafe,Alaves,0,0,3,0.0,0.0,3,-0.45,0,0,1,25,0,1,0,0.5
2022-02-27,2021-22,LaLiga,Villarreal,Espanol,0,0,1,0.0,0.0,1,-0.45,0,0,0,25,0,4,2,1.0
2022-02-27,2021-22,EPL,West Ham,Wolves,2,1,0,0.666667,1.333333,3,0.216667,1,0,1,26,0,3,0,1.0
2022-02-27,2021-22,LaLiga,Sociedad,Osasuna,2,0,1,0.666667,1.0,3,0.216667,0,1,1,24,0,0,0,1.0
2022-02-27,2021-22,Ligue1,Brest,Lorient,2,1,0,0.666667,0.333333,3,0.216667,0,0,1,25,0,2,0,0.0
2022-02-27,2021-22,Bundesliga,Bochum,RB Leipzig,0,1,0,0.0,-3.0,1,-0.45,1,0,0,23,0,4,2,0.0
2022-02-27,2021-22,Ligue1,Angers,Lens,1,0,2,0.333333,0.666667,3,-0.116667,0,1,0,25,0,0,2,0.0
2022-02-27,2021-22,Ligue1,Monaco,Reims,1,0,2,0.333333,0.333333,3,-0.116667,0,0,0,25,0,3,1,0.0
2022-02-27,2021-22,Ligue1,Clermont,Bordeaux,1,0,0,1.0,2.0,1,0.55,0,0,0,25,0,1,1,0.5
2022-02-27,2021-22,LaLiga,Barcelona,Ath Bilbao,2,0,1,0.666667,0.666667,3,0.216667,0,0,0,24,0,9,1,1.0
2022-02-27,2021-22,Bundesliga,Augsburg,Dortmund,1,2,0,0.333333,-0.333333,3,-0.116667,1,1,0,23,0,0,2,0.5
2022-02-27,2021-22,LaLiga,Sevilla,Betis,2,0,1,0.666667,1.0,3,0.216667,0,0,0,25,0,11,2,1.0
2022-02-27,2021-22,Ligue1,Lyon,Lille,0,1,2,0.0,-0.333333,3,-0.45,0,0,0,25,0,2,2,0.0
2022-02-27,2021-22,Ligue1,Troyes,Marseille,0,1,0,0.0,-1.0,1,-0.45,1,1,1,25,0,0,0,0.5
2022-02-27,2021-22,Ligue1,Metz,Nantes,1,1,1,0.333333,0.0,3,-0.116667,1,0,0,25,0,1,2,0.5
2022-02-27,2021-22,SerieA,Torino,Cagliari,1,1,1,0.333333,0.0,3,-0.116667,0,0,0,25,0,1,4,0.0
2022-02-27,2021-22,SerieA,Verona,Venezia,1,0,0,1.0,1.0,1,0.55,0,0,0,26,0,2,2,1.0
2022-02-27,2021-22,SerieA,Spezia,Roma,0,2,1,0.0,-1.0,3,-0.45,1,1,0,26,0,0,5,0.0
2022-02-27,2021-22,SerieA,Lazio,Napoli,1,2,0,0.333333,-1.666667,3,-0.116667,1,0,0,26,0,5,7,0.0
2022-02-28,2021-22,LaLiga,Granada,Cadiz,0,1,2,0.0,-0.333333,3,-0.45,0,1,0,25,0,0,2,0.5
2022-02-28,2021-22,SerieA,Atalanta,Sampdoria,2,1,0,0.666667,0.666667,3,0.216667,0,1,0,25,0,0,1,1.0
2022-03-01,2021-22,EPL,Burnley,Leicester,0,1,2,0.0,-0.666667,3,-0.45,0,0,1,24,0,3,0,0.0
2022-03-02,2021-22,LaLiga,Mallorca,Sociedad,0,1,0,0.0,-1.0,1,-0.45,1,1,0,25,0,0,1,0.0
2022-03-04,2021-22,Ligue1,Lorient,Lyon,0,1,2,0.0,-1.0,3,-0.45,0,0,1,26,0,1,0,0.0
2022-03-04,2021-22,Bundesliga,Bielefeld,Augsburg,0,1,2,0.0,-0.333333,3,-0.45,0,1,0,24,0,0,1,0.0
2022-03-04,2021-22,LaLiga,Alaves,Sevilla,0,2,1,0.0,-0.666667,3,-0.45,0,0,0,26,0,1,12,0.5
2022-03-04,2021-22,SerieA,Inter,Salernitana,1,0,0,1.0,5.0,1,0.55,0,0,0,26,0,1,4,1.0
2022-03-05,2021-22,Ligue1,Lens,Brest,1,1,1,0.333333,-1.0,3,-0.116667,1,0,1,26,0,3,0,0.0
2022-03-05,2021-22,Ligue1,Nice,Paris SG,0,2,1,0.0,-1.333333,3,-0.45,0,0,0,26,0,2,1,1.0
2022-03-05,2021-22,LaLiga,Espanol,Getafe,0,1,0,0.0,-1.0,1,-0.45,1,1,0,26,0,0,2,1.0
2022-03-05,2021-22,LaLiga,Osasuna,Villarreal,2,1,0,0.666667,0.0,3,0.216667,0,1,0,26,0,0,5,1.0
2022-03-05,2021-22,LaLiga,Valencia,Granada,1,1,1,0.333333,0.0,3,-0.116667,0,0,0,26,0,1,1,1.0
2022-03-05,2021-22,LaLiga,Real Madrid,Sociedad,1,0,2,0.333333,0.666667,3,-0.116667,0,0,0,26,0,6,2,1.0
2022-03-05,2021-22,SerieA,Cagliari,Lazio,0,2,1,0.0,-1.0,3,-0.45,0,0,1,27,0,5,0,0.0
2022-03-05,2021-22,EPL,Aston Villa,Southampton,1,2,0,0.333333,-0.333333,3,-0.116667,1,0,0,25,0,1,5,1.0
2022-03-05,2021-22,Bundesliga,Hertha,Ein Frankfurt,1,2,0,0.333333,-1.0,3,-0.116667,0,1,1,24,0,0,0,0.0
2022-03-05,2021-22,Bundesliga,RB Leipzig,Freiburg,2,0,1,0.666667,2.0,3,0.216667,0,0,0,24,0,3,3,0.5
2022-03-05,2021-22,Bundesliga,Bochum,Greuther Furth,1,0,0,1.0,1.0,1,0.55,0,1,0,24,0,0,1,1.0
2022-03-05,2021-22,Bundesliga,Bayern Munich,Leverkusen,3,0,0,1.0,2.333333,3,0.55,0,0,0,24,0,2,1,0.5
2022-03-05,2021-22,Bundesliga,Wolfsburg,Union Berlin,1,1,1,0.333333,0.333333,3,-0.116667,1,0,0,24,0,1,1,1.0
2022-03-05,2021-22,Bundesliga,Stuttgart,M'gladbach,1,0,2,0.333333,0.333333,3,-0.116667,0,1,0,24,0,0,1,1.0
2022-03-05,2021-22,EPL,Wolves,Crystal Palace,1,2,0,0.333333,-0.333333,3,-0.116667,1,1,0,26,0,0,2,0.0
2022-03-05,2021-22,EPL,Liverpool,West Ham,2,1,0,0.666667,0.666667,3,0.216667,1,0,0,26,0,7,4,1.0
2022-03-05,2021-22,EPL,Norwich,Brentford,1,0,0,1.0,1.0,1,0.55,0,1,1,26,0,0,0,0.0
2022-03-05,2021-22,EPL,Newcastle,Brighton,0,2,1,0.0,-2.0,3,-0.45,0,0,1,25,0,7,0,1.0
2022-03-05,2021-22,SerieA,Roma,Atalanta,1,1,1,0.333333,0.0,3,-0.116667,0,0,0,27,0,6,1,1.0
2022-03-05,2021-22,SerieA,Udinese,Sampdoria,0,2,1,0.0,-0.666667,3,-0.45,0,0,1,25,0,2,0,1.0
2022-03-05,2021-22,EPL,Burnley,Chelsea,0,2,1,0.0,-1.666667,3,-0.45,0,1,0,25,0,0,3,0.0
2022-03-05,2021-22,EPL,Leicester,Leeds,1,1,1,0.333333,0.333333,3,-0.116667,0,0,1,24,0,1,0,1.0
2022-03-06,2021-22,EPL,Watford,Arsenal,0,1,0,0.0,-1.0,1,-0.45,1,0,0,26,0,1,4,0.0
2022-03-06,2021-22,LaLiga,Cadiz,Vallecano,0,1,0,0.0,-2.0,1,-0.45,1,0,1,26,0,3,0,1.0
2022-03-06,2021-22,SerieA,Venezia,Sassuolo,0,1,0,0.0,-2.0,1,-0.45,1,1,0,26,0,0,3,0.0
2022-03-06,2021-22,Bundesliga,FC Koln,Hoffenheim,0,3,0,0.0,-3.0,3,-0.45,1,0,0,24,0,2,3,0.0
2022-03-06,2021-22,SerieA,Juventus,Spezia,3,0,0,1.0,2.333333,3,0.55,0,0,1,27,0,13,0,1.0
2022-03-06,2021-22,EPL,Man City,Man United,1,1,1,0.333333,0.0,3,-0.116667,0,0,0,27,0,1,8,1.0
2022-03-06,2021-22,LaLiga,Elche,Barcelona,0,3,0,0.0,-2.0,3,-0.45,1,1,0,26,0,0,10,0.0
2022-03-06,2021-22,LaLiga,Betis,Ath Madrid,0,2,1,0.0,-1.666667,3,-0.45,1,1,0,26,0,0,2,0.0
2022-03-06,2021-22,SerieA,Genoa,Empoli,0,0,1,0.0,0.0,1,-0.45,0,0,1,27,0,5,0,0.5
2022-03-06,2021-22,SerieA,Bologna,Torino,0,1,2,0.0,-0.333333,3,-0.45,1,0,1,26,0,2,0,0.5
2022-03-06,2021-22,SerieA,Fiorentina,Verona,1,0,2,0.333333,0.333333,3,-0.116667,0,1,0,26,0,0,3,0.5
2022-03-06,2021-22,LaLiga,Celta,Mallorca,0,0,1,0.0,0.0,1,-0.45,0,1,1,26,0,0,0,1.0
2022-03-06,2021-22,Ligue1,Marseille,Monaco,2,1,0,0.666667,0.333333,3,0.216667,0,0,1,26,0,1,0,0.0
2022-03-06,2021-22,Ligue1,Lille,Clermont,0,1,0,0.0,-1.0,1,-0.45,1,0,0,26,0,3,2,1.0
2022-03-06,2021-22,SerieA,Napoli,Milan,2,1,0,0.666667,0.0,3,0.216667,0,0,0,27,0,8,5,0.0
2022-03-06,2021-22,Ligue1,Reims,Strasbourg,2,0,1,0.666667,0.666667,3,0.216667,0,0,0,26,0,2,4,0.5
2022-03-06,2021-22,Ligue1,Nantes,Montpellier,0,2,1,0.0,-1.0,3,-0.45,1,0,1,26,0,3,0,1.0
2022-03-06,2021-22,Ligue1,Bordeaux,Troyes,1,0,0,1.0,1.0,1,0.55,0,0,0,26,0,2,1,0.0
2022-03-06,2021-22,Ligue1,St Etienne,Metz,1,1,1,0.333333,-0.333333,3,-0.116667,0,1,0,26,0,0,2,1.0
2022-03-06,2021-22,Ligue1,Rennes,Angers,1,2,0,0.333333,0.0,3,-0.116667,1,0,1,26,0,2,0,1.0
2022-03-07,2021-22,LaLiga,Ath Bilbao,Levante,1,0,2,0.333333,0.666667,3,-0.116667,0,1,0,26,0,0,3,1.0
2022-03-07,2021-22,EPL,Tottenham,Everton,0,1,2,0.0,-0.333333,3,-0.45,0,0,1,25,0,1,0,1.0
2022-03-10,2021-22,EPL,Norwich,Chelsea,0,1,0,0.0,-7.0,1,-0.45,1,1,0,27,0,0,4,0.0
2022-03-10,2021-22,EPL,Southampton,Newcastle,1,1,1,0.333333,0.333333,3,-0.116667,0,1,0,27,0,0,8,0.0
2022-03-10,2021-22,EPL,Wolves,Watford,1,0,0,1.0,2.0,1,0.55,0,1,1,27,0,0,0,1.0
2022-03-10,2021-22,EPL,Leeds,Aston Villa,1,1,1,0.333333,0.666667,3,-0.116667,0,1,0,27,0,0,2,0.0
2022-03-11,2021-22,Ligue1,Lille,St Etienne,0,0,3,0.0,0.0,3,-0.45,0,0,0,27,0,4,1,0.5
2022-03-11,2021-22,LaLiga,Ath Madrid,Cadiz,3,0,0,1.0,3.0,3,0.55,0,0,0,27,0,3,4,1.0
2022-03-12,2021-22,SerieA,Salernitana,Sassuolo,0,1,0,0.0,-1.0,1,-0.45,1,1,0,26,0,0,4,0.5
2022-03-12,2021-22,Ligue1,Troyes,Nantes,0,1,0,0.0,-2.0,1,-0.45,1,0,0,27,0,2,4,1.0
2022-03-12,2021-22,SerieA,Spezia,Cagliari,1,0,2,0.333333,0.333333,3,-0.116667,0,1,1,28,0,0,0,1.0
2022-03-12,2021-22,Bundesliga,M'gladbach,Hertha,0,1,2,0.0,-0.333333,3,-0.45,1,1,1,25,0,0,0,1.0
2022-03-12,2021-22,EPL,Brighton,Liverpool,1,0,2,0.333333,0.333333,3,-0.116667,0,1,0,27,0,0,8,0.0
2022-03-12,2021-22,EPL,Brentford,Burnley,0,1,0,0.0,-2.0,1,-0.45,1,0,1,28,0,1,0,1.0
2022-03-12,2021-22,EPL,Man United,Tottenham,2,1,0,0.666667,0.0,3,0.216667,0,1,0,28,0,0,2,1.0
2022-03-12,2021-22,Ligue1,Montpellier,Nice,2,1,0,0.666667,0.333333,3,0.216667,0,1,0,27,0,0,3,0.5
2022-03-12,2021-22,SerieA,Sampdoria,Juventus,0,3,0,0.0,-2.0,3,-0.45,1,1,0,28,0,0,14,0.0
2022-03-12,2021-22,Bundesliga,Union Berlin,Stuttgart,1,0,2,0.333333,0.333333,3,-0.116667,0,1,0,25,0,0,1,0.5
2022-03-12,2021-22,LaLiga,Getafe,Valencia,1,1,1,0.333333,0.666667,3,-0.116667,1,1,0,27,0,0,2,0.5
2022-03-12,2021-22,Bundesliga,Hoffenheim,Bayern Munich,1,2,0,0.333333,-1.333333,3,-0.116667,1,0,0,25,0,4,3,0.5
2022-03-12,2021-22,Bundesliga,Freiburg,Wolfsburg,1,1,1,0.333333,-0.333333,3,-0.116667,0,0,0,25,0,4,2,1.0
2022-03-12,2021-22,SerieA,Milan,Empoli,1,0,0,1.0,2.0,1,0.55,0,0,0,28,0,6,1,1.0
2022-03-12,2021-22,LaLiga,Villarreal,Celta,1,1,1,0.333333,0.666667,3,-0.116667,0,1,0,27,0,0,1,1.0
2022-03-12,2021-22,LaLiga,Granada,Elche,2,0,1,0.666667,0.666667,3,0.216667,0,1,1,27,0,0,0,0.0
2022-03-12,2021-22,LaLiga,Levante,Espanol,0,1,0,0.0,-1.0,1,-0.45,1,1,0,27,0,0,1,0.5
2022-03-13,2021-22,SerieA,Fiorentina,Bologna,1,0,2,0.333333,0.333333,3,-0.116667,0,0,0,27,0,1,3,1.0
2022-03-13,2021-22,Ligue1,Clermont,Lorient,0,0,1,0.0,0.0,1,-0.45,0,1,1,27,0,0,0,0.0
2022-03-13,2021-22,Ligue1,Metz,Lens,1,1,1,0.333333,-0.333333,3,-0.116667,1,1,1,27,0,0,0,0.5
2022-03-13,2021-22,Ligue1,Strasbourg,Monaco,1,1,1,0.333333,0.0,3,-0.116667,0,0,0,27,0,5,1,1.0
2022-03-13,2021-22,Ligue1,Lyon,Rennes,1,1,1,0.333333,-0.666667,3,-0.116667,1,0,0,27,0,1,3,0.0
2022-03-13,2021-22,Bundesliga,Leverkusen,FC Koln,2,0,1,0.666667,2.333333,3,0.216667,0,0,1,25,0,2,0,0.0
2022-03-13,2021-22,Ligue1,Angers,Reims,2,0,1,0.666667,0.666667,3,0.216667,0,1,0,27,0,0,3,0.0
2022-03-13,2021-22,Bundesliga,Dortmund,Bielefeld,3,0,0,1.0,2.333333,3,0.55,0,0,1,24,0,3,0,1.0
2022-03-13,2021-22,Bundesliga,Ein Frankfurt,Bochum,0,1,0,0.0,-2.0,1,-0.45,1,0,0,25,0,1,1,1.0
2022-03-13,2021-22,Bundesliga,Greuther Furth,RB Leipzig,0,1,0,0.0,-3.0,1,-0.45,1,1,0,25,0,0,4,0.0
2022-03-13,2021-22,EPL,Arsenal,Leicester,2,1,0,0.666667,1.0,3,0.216667,0,0,0,25,0,5,2,1.0
2022-03-13,2021-22,EPL,West Ham,Aston Villa,3,0,0,1.0,2.0,3,0.55,0,1,0,28,0,0,3,1.0
2022-03-13,2021-22,EPL,Southampton,Watford,1,0,0,1.0,1.0,1,0.55,0,1,1,28,0,0,0,0.0
2022-03-13,2021-22,EPL,Leeds,Norwich,1,0,0,1.0,1.0,1,0.55,0,1,1,28,0,0,0,1.0
2022-03-13,2021-22,EPL,Everton,Wolves,2,1,0,0.666667,0.333333,3,0.216667,1,1,0,25,0,0,1,0.0
2022-03-13,2021-22,Ligue1,Paris SG,Bordeaux,2,0,1,0.666667,0.666667,3,0.216667,0,1,1,27,0,0,0,1.0
2022-03-13,2021-22,Ligue1,Brest,Marseille,1,2,0,0.333333,-0.666667,3,-0.116667,0,0,1,27,0,1,0,0.0
2022-03-13,2021-22,EPL,Chelsea,Newcastle,3,0,0,1.0,2.333333,3,0.55,0,0,0,27,0,5,9,1.0
2022-03-13,2021-22,SerieA,Verona,Napoli,1,0,2,0.333333,0.666667,3,-0.116667,0,0,1,28,0,4,0,0.0
2022-03-13,2021-22,LaLiga,Barcelona,Osasuna,2,0,1,0.666667,2.0,3,0.216667,0,0,0,26,0,11,1,1.0
2022-03-13,2021-22,LaLiga,Sociedad,Alaves,1,0,2,0.333333,1.333333,3,-0.116667,0,1,0,27,0,0,2,1.0
2022-03-13,2021-22,LaLiga,Betis,Ath Bilbao,0,2,1,0.0,-1.666667,3,-0.45,1,1,0,27,0,0,1,1.0
2022-03-13,2021-22,LaLiga,Vallecano,Sevilla,0,1,0,0.0,-3.0,1,-0.45,1,1,0,26,0,0,13,0.5
2022-03-13,2021-22,SerieA,Atalanta,Genoa,1,0,2,0.333333,0.333333,3,-0.116667,0,1,0,27,0,0,6,0.5
2022-03-13,2021-22,SerieA,Udinese,Roma,0,3,0,0.0,-1.666667,3,-0.45,1,0,0,26,0,3,7,0.5
2022-03-13,2021-22,SerieA,Torino,Inter,0,3,0,0.0,-1.333333,3,-0.45,1,0,0,27,0,1,2,0.5
2022-03-14,2021-22,LaLiga,Mallorca,Real Madrid,0,1,0,0.0,-5.0,1,-0.45,1,1,0,27,0,0,7,0.0
2022-03-14,2021-22,EPL,Crystal Palace,Man City,1,2,0,0.333333,-1.333333,3,-0.116667,0,0,0,28,0,3,2,0.5
2022-03-14,2021-22,SerieA,Lazio,Venezia,1,0,0,1.0,2.0,1,0.55,0,0,1,28,0,1,0,1.0
2022-03-16,2021-22,Bundesliga,Mainz,Dortmund,0,2,1,0.0,-1.333333,3,-0.45,1,1,0,24,0,0,4,0.0
2022-03-16,2021-22,EPL,Brighton,Tottenham,1,1,0,0.5,0.0,2,0.05,0,1,1,28,0,0,0,0.0
2022-03-16,2021-22,EPL,Arsenal,Liverpool,0,3,0,0.0,-3.0,3,-0.45,1,0,0,26,0,6,9,0.0
2022-03-17,2021-22,EPL,Everton,Newcastle,0,3,0,0.0,-1.666667,3,-0.45,1,1,1,26,0,0,0,1.0
2022-03-18,2021-22,SerieA,Genoa,Torino,0,2,1,0.0,-0.666667,3,-0.45,1,0,0,29,0,7,2,1.0
2022-03-18,2021-22,Ligue1,St Etienne,Troyes,1,0,0,1.0,1.0,1,0.55,0,0,0,28,0,2,3,0.5
2022-03-18,2021-22,Bundesliga,Bochum,M'gladbach,0,1,0,0.0,-1.0,1,-0.45,1,1,0,26,0,0,1,0.0
2022-03-18,2021-22,EPL,Wolves,Leeds,2,0,1,0.666667,0.666667,3,0.216667,0,0,0,29,0,2,1,0.0
2022-03-18,2021-22,LaLiga,Ath Bilbao,Getafe,1,0,2,0.333333,1.333333,3,-0.116667,0,1,0,28,0,0,1,0.5
2022-03-18,2021-22,SerieA,Sassuolo,Spezia,1,1,1,0.333333,0.666667,3,-0.116667,0,0,0,29,0,5,1,1.0
2022-03-19,2021-22,Bundesliga,Bayern Munich,Union Berlin,1,0,2,0.333333,1.0,3,-0.116667,0,0,0,26,0,4,1,1.0
2022-03-19,2021-22,EPL,Aston Villa,Arsenal,2,1,0,0.666667,0.666667,3,0.216667,1,1,1,28,0,0,0,0.0
2022-03-19,2021-22,LaLiga,Alaves,Granada,1,2,0,0.333333,0.0,3,-0.116667,1,1,1,28,0,0,0,0.0
2022-03-19,2021-22,Bundesliga,Mainz,Bielefeld,1,1,1,0.333333,0.0,3,-0.116667,0,1,1,25,0,0,0,1.0
2022-03-19,2021-22,LaLiga,Elche,Valencia,1,2,0,0.333333,-0.333333,3,-0.116667,1,0,0,28,0,1,3,0.0
2022-03-19,2021-22,Ligue1,Lens,Clermont,0,0,1,0.0,0.0,1,-0.45,0,0,1,28,0,1,0,1.0
2022-03-19,2021-22,Ligue1,Nantes,Lille,0,2,1,0.0,-1.333333,3,-0.45,0,1,0,28,0,0,5,0.0
2022-03-19,2021-22,Bundesliga,Stuttgart,Augsburg,2,1,0,0.666667,0.333333,3,0.216667,1,0,0,26,0,2,2,1.0
2022-03-19,2021-22,SerieA,Inter,Fiorentina,3,0,0,1.0,1.666667,3,0.55,0,0,0,28,0,3,2,0.5
2022-03-19,2021-22,SerieA,Cagliari,Milan,0,2,1,0.0,-1.666667,3,-0.45,1,1,0,29,0,0,7,0.0
2022-03-19,2021-22,Bundesliga,Greuther Furth,Freiburg,0,1,0,0.0,-2.0,1,-0.45,1,1,0,26,0,0,5,0.5
2022-03-19,2021-22,Bundesliga,Hertha,Hoffenheim,0,3,0,0.0,-2.0,3,-0.45,1,1,0,26,0,0,5,1.0
2022-03-19,2021-22,LaLiga,Vallecano,Ath Madrid,0,1,0,0.0,-2.0,1,-0.45,1,0,0,27,0,1,4,0.0
2022-03-19,2021-22,SerieA,Napoli,Udinese,3,0,0,1.0,3.0,3,0.55,0,0,0,29,0,1,4,1.0
2022-03-19,2021-22,LaLiga,Osasuna,Levante,1,1,1,0.333333,-0.333333,3,-0.116667,0,1,0,28,0,0,1,1.0
2022-03-20,2021-22,EPL,Leicester,Brentford,1,0,0,1.0,1.0,1,0.55,0,1,0,26,0,0,2,1.0
2022-03-20,2021-22,SerieA,Roma,Lazio,1,2,0,0.333333,-0.666667,3,-0.116667,1,0,0,29,0,8,2,1.0
2022-03-20,2021-22,SerieA,Juventus,Salernitana,1,0,0,1.0,2.0,1,0.55,0,0,0,29,0,15,1,1.0
2022-03-20,2021-22,SerieA,Bologna,Atalanta,0,1,2,0.0,-1.666667,3,-0.45,0,1,0,28,0,0,1,0.0
2022-03-20,2021-22,EPL,Tottenham,West Ham,0,2,1,0.0,-0.666667,3,-0.45,1,0,0,28,0,1,1,1.0
2022-03-20,2021-22,LaLiga,Celta,Betis,1,2,0,0.333333,0.0,3,-0.116667,0,1,0,28,0,0,1,0.5
2022-03-20,2021-22,Bundesliga,Wolfsburg,Leverkusen,2,0,1,0.666667,1.0,3,0.216667,0,1,1,26,0,0,0,0.0
2022-03-20,2021-22,SerieA,Venezia,Sampdoria,0,0,1,0.0,0.0,1,-0.45,0,1,1,28,0,0,0,0.0
2022-03-20,2021-22,SerieA,Empoli,Verona,0,1,0,0.0,-1.0,1,-0.45,1,1,1,29,0,0,0,0.5
2022-03-20,2021-22,Ligue1,Monaco,Paris SG,2,1,0,0.666667,0.333333,3,0.216667,1,1,0,28,0,0,1,1.0
2022-03-20,2021-22,Ligue1,Angers,Brest,1,0,2,0.333333,0.333333,3,-0.116667,0,1,1,28,0,0,0,1.0
2022-03-20,2021-22,Ligue1,Bordeaux,Montpellier,0,2,1,0.0,-1.333333,3,-0.45,0,1,0,28,0,0,1,0.0
2022-03-20,2021-22,Ligue1,Lorient,Strasbourg,1,1,1,0.333333,-0.666667,3,-0.116667,1,0,0,28,0,1,6,0.5
2022-03-20,2021-22,Ligue1,Rennes,Metz,3,0,0,1.0,2.0,3,0.55,0,0,0,28,0,4,1,1.0
2022-03-20,2021-22,Ligue1,Reims,Lyon,1,1,1,0.333333,-0.666667,3,-0.116667,0,0,1,28,0,4,0,0.5
2022-03-20,2021-22,Ligue1,Marseille,Nice,1,1,1,0.333333,-0.666667,3,-0.116667,0,0,0,28,0,1,4,1.0
2022-03-20,2021-22,LaLiga,Espanol,Mallorca,0,1,0,0.0,-1.0,1,-0.45,1,0,1,28,0,2,0,1.0
2022-03-20,2021-22,Bundesliga,RB Leipzig,Ein Frankfurt,0,0,3,0.0,0.0,3,-0.45,0,0,0,26,0,5,2,0.5
2022-03-20,2021-22,LaLiga,Sevilla,Sociedad,2,0,1,0.666667,0.666667,3,0.216667,0,0,0,28,0,14,1,0.5
2022-03-20,2021-22,LaLiga,Cadiz,Villarreal,0,1,2,0.0,-0.333333,3,-0.45,0,1,0,28,0,0,1,1.0
2022-03-20,2021-22,Bundesliga,FC Koln,Dortmund,1,1,1,0.333333,-0.333333,3,-0.116667,1,0,0,26,0,1,5,0.5
2022-03-20,2021-22,LaLiga,Real Madrid,Barcelona,3,0,0,1.0,1.333333,3,0.55,0,0,0,28,0,8,12,0.0
2022-04-01,2021-22,Bundesliga,Union Berlin,FC Koln,2,0,1,0.666667,0.666667,3,0.216667,0,1,0,27,0,0,2,1.0
2022-04-02,2021-22,LaLiga,Getafe,Mallorca,0,0,1,0.0,0.0,1,-0.45,0,0,1,29,0,2,0,1.0
2022-04-02,2021-22,SerieA,Spezia,Venezia,1,0,0,1.0,1.0,1,0.55,0,1,1,30,0,0,0,1.0
2022-04-02,2021-22,SerieA,Lazio,Sassuolo,1,2,0,0.333333,-0.666667,3,-0.116667,1,1,0,30,0,0,6,1.0
2022-04-02,2021-22,Bundesliga,Bielefeld,Stuttgart,3,0,0,1.0,2.0,3,0.55,0,1,0,27,0,0,3,0.5
2022-04-02,2021-22,Bundesliga,Ein Frankfurt,Greuther Furth,1,0,0,1.0,1.0,1,0.55,0,0,0,27,0,3,1,0.5
2022-04-02,2021-22,Bundesliga,Freiburg,Bayern Munich,0,2,1,0.0,-0.666667,3,-0.45,1,0,0,27,0,6,5,0.0
2022-04-02,2021-22,Bundesliga,Leverkusen,Hertha,0,1,2,0.0,-1.0,3,-0.45,0,0,0,27,0,1,1,1.0
2022-04-02,2021-22,Bundesliga,Dortmund,RB Leipzig,2,1,0,0.666667,0.666667,3,0.216667,1,0,0,27,0,6,6,0.0
2022-04-02,2021-22,LaLiga,Ath Madrid,Alaves,2,1,0,0.666667,0.333333,3,0.216667,1,0,1,29,0,5,0,1.0
2022-04-02,2021-22,Ligue1,Nice,Rennes,2,1,0,0.666667,0.333333,3,0.216667,0,1,0,29,0,0,5,0.5
2022-04-02,2021-22,LaLiga,Celta,Real Madrid,0,3,0,0.0,-2.333333,3,-0.45,1,0,1,29,0,1,0,0.0
2022-04-02,2021-22,LaLiga,Levante,Villarreal,0,3,0,0.0,-3.333333,3,-0.45,1,1,1,29,0,0,0,1.0
2022-04-02,2021-22,Bundesliga,Hoffenheim,Bochum,0,1,0,0.0,-2.0,1,-0.45,1,1,1,27,0,0,0,0.0
2022-04-02,2021-22,SerieA,Salernitana,Torino,0,1,0,0.0,-4.0,1,-0.45,1,1,1,28,0,0,0,0.0
2022-04-02,2021-22,Ligue1,Lille,Bordeaux,3,0,0,1.0,1.666667,3,0.55,0,0,1,29,0,6,0,0.5
2022-04-02,2021-22,EPL,Chelsea,Brentford,1,0,0,1.0,1.0,1,0.55,0,0,1,28,0,6,0,0.0
2022-04-02,2021-22,EPL,Man United,Leicester,0,2,1,0.0,-1.0,3,-0.45,1,0,0,29,0,1,1,0.5
2022-04-02,2021-22,EPL,Liverpool,Watford,1,0,0,1.0,5.0,1,0.55,0,0,0,29,0,10,1,1.0
2022-04-02,2021-22,EPL,Brighton,Norwich,0,0,1,0.0,0.0,1,-0.45,0,1,1,29,0,0,0,0.5
2022-04-02,2021-22,EPL,Burnley,Man City,0,3,0,0.0,-3.0,3,-0.45,1,1,0,27,0,0,3,0.0
2022-04-02,2021-22,EPL,Wolves,Aston Villa,1,1,1,0.333333,0.0,3,-0.116667,0,1,1,30,0,0,0,1.0
2022-04-02,2021-22,EPL,Leeds,Southampton,2,1,0,0.666667,1.333333,3,0.216667,1,0,1,30,0,2,0,0.5
2022-04-03,2021-22,Ligue1,St Etienne,Marseille,2,1,0,0.666667,0.333333,3,0.216667,1,0,0,29,0,3,2,0.0
2022-04-03,2021-22,Ligue1,Strasbourg,Lens,2,1,0,0.666667,0.333333,3,0.216667,0,0,0,29,0,7,2,1.0
2022-04-03,2021-22,Ligue1,Clermont,Nantes,0,1,0,0.0,-1.0,1,-0.45,1,1,1,29,0,0,0,0.0
2022-04-03,2021-22,EPL,Tottenham,Newcastle,1,0,2,0.333333,0.333333,3,-0.116667,0,0,1,29,0,2,0,1.0
2022-04-03,2021-22,EPL,West Ham,Everton,2,1,0,0.666667,0.333333,3,0.216667,0,1,0,30,0,0,1,1.0
2022-04-03,2021-22,Ligue1,Metz,Monaco,0,3,0,0.0,-3.0,3,-0.45,1,1,0,29,0,0,1,0.0
2022-04-03,2021-22,LaLiga,Ath Bilbao,Elche,1,1,1,0.333333,-0.333333,3,-0.116667,0,0,1,29,0,1,0,1.0
2022-04-03,2021-22,Bundesliga,Augsburg,Wolfsburg,0,2,1,0.0,-1.0,3,-0.45,1,1,1,26,0,0,0,1.0
2022-04-03,2021-22,Bundesliga,M'gladbach,Mainz,1,1,1,0.333333,0.0,3,-0.116667,0,0,0,27,0,2,1,0.5
2022-04-03,2021-22,Ligue1,Paris SG,Lorient,1,1,1,0.333333,0.333333,3,-0.116667,0,1,0,29,0,0,2,1.0
2022-04-03,2021-22,Ligue1,Lyon,Angers,2,1,0,0.666667,0.333333,3,0.216667,1,0,0,29,0,1,1,1.0
2022-04-03,2021-22,Ligue1,Troyes,Reims,1,0,0,1.0,1.0,1,0.55,0,0,0,29,0,4,5,1.0
2022-04-03,2021-22,SerieA,Atalanta,Napoli,2,1,0,0.666667,0.0,3,0.216667,0,0,0,29,0,2,2,0.0
2022-04-03,2021-22,SerieA,Udinese,Cagliari,1,1,1,0.333333,1.0,3,-0.116667,0,1,1,28,0,0,0,1.0
2022-04-03,2021-22,SerieA,Fiorentina,Empoli,0,1,0,0.0,-1.0,1,-0.45,1,0,0,29,0,3,1,1.0
2022-04-03,2021-22,SerieA,Juventus,Inter,1,1,1,0.333333,-0.333333,3,-0.116667,0,0,0,30,0,15,4,0.0
2022-04-03,2021-22,LaLiga,Betis,Osasuna,3,0,0,1.0,1.666667,3,0.55,0,0,0,29,0,2,1,1.0
2022-04-03,2021-22,LaLiga,Granada,Vallecano,0,1,0,0.0,-4.0,1,-0.45,1,0,1,29,0,1,0,0.5
2022-04-03,2021-22,LaLiga,Valencia,Cadiz,0,1,2,0.0,-0.333333,3,-0.45,0,0,0,29,0,4,1,0.5
2022-04-03,2021-22,LaLiga,Barcelona,Sevilla,1,0,2,0.333333,0.666667,3,-0.116667,0,0,0,28,0,13,15,1.0
2022-04-03,2021-22,SerieA,Sampdoria,Roma,1,1,1,0.333333,0.333333,3,-0.116667,0,0,0,30,0,1,9,0.0
2022-04-03,2021-22,Ligue1,Montpellier,Brest,1,0,2,0.333333,1.333333,3,-0.116667,0,0,1,29,0,2,0,0.0
2022-04-04,2021-22,EPL,Crystal Palace,Arsenal,0,1,2,0.0,-0.666667,3,-0.45,0,0,0,29,0,4,1,1.0
2022-04-04,2021-22,SerieA,Verona,Genoa,0,0,3,0.0,0.0,3,-0.45,0,0,0,30,0,1,8,1.0
2022-04-04,2021-22,SerieA,Milan,Bologna,3,0,0,1.0,1.666667,3,0.55,0,0,1,30,0,8,0,0.5
2022-04-04,2021-22,LaLiga,Sociedad,Espanol,0,1,0,0.0,-1.0,1,-0.45,1,0,0,29,0,2,3,1.0
2022-04-06,2021-22,EPL,Burnley,Everton,1,1,1,0.333333,-0.333333,3,-0.116667,1,1,1,28,0,0,0,1.0
2022-04-06,2021-22,Bundesliga,Augsburg,Mainz,2,1,0,0.666667,0.0,3,0.216667,1,0,0,27,0,1,2,1.0
2022-04-08,2021-22,LaLiga,Sevilla,Granada,1,2,0,0.333333,-0.333333,3,-0.116667,1,1,0,30,0,0,2,1.0
2022-04-08,2021-22,EPL,Newcastle,Wolves,0,1,2,0.0,-0.333333,3,-0.45,1,1,0,30,0,0,1,1.0
2022-04-08,2021-22,Bundesliga,Stuttgart,Dortmund,1,2,0,0.333333,0.666667,3,-0.116667,1,0,1,28,0,4,0,0.0
2022-04-08,2021-22,Ligue1,Lorient,St Etienne,1,1,1,0.333333,-0.333333,3,-0.116667,0,1,1,30,0,0,0,1.0
2022-04-09,2021-22,Bundesliga,Bayern Munich,Augsburg,2,1,0,0.666667,1.0,3,0.216667,1,0,0,28,0,6,2,1.0
2022-04-09,2021-22,Ligue1,Clermont,Paris SG,0,1,0,0.0,-4.0,1,-0.45,1,1,0,30,0,0,1,0.0
2022-04-09,2021-22,Bundesliga,Greuther Furth,M'gladbach,0,1,0,0.0,-4.0,1,-0.45,1,0,0,28,0,2,3,0.0
2022-04-09,2021-22,Bundesliga,FC Koln,Mainz,1,1,1,0.333333,0.0,3,-0.116667,0,1,1,28,0,0,0,1.0
2022-04-09,2021-22,LaLiga,Cadiz,Betis,0,2,1,0.0,-0.666667,3,-0.45,0,0,0,30,0,2,3,0.0
2022-04-09,2021-22,LaLiga,Mallorca,Ath Madrid,1,0,0,1.0,1.0,1,0.55,0,1,0,30,0,0,6,1.0
2022-04-09,2021-22,LaLiga,Villarreal,Ath Bilbao,0,1,2,0.0,-0.333333,3,-0.45,1,1,0,30,0,0,2,0.5
2022-04-09,2021-22,Bundesliga,Hertha,Union Berlin,1,1,1,0.333333,0.0,3,-0.116667,1,1,0,28,0,0,1,0.0
2022-04-09,2021-22,Bundesliga,Wolfsburg,Bielefeld,2,0,1,0.666667,1.333333,3,0.216667,0,1,0,28,0,0,1,1.0
2022-04-09,2021-22,Ligue1,Reims,Rennes,1,0,2,0.333333,0.666667,3,-0.116667,0,1,0,30,0,0,6,0.0
2022-04-09,2021-22,LaLiga,Real Madrid,Getafe,1,1,1,0.333333,0.333333,3,-0.116667,1,0,0,30,0,1,3,1.0
2022-04-09,2021-22,EPL,Watford,Leeds,0,1,0,0.0,-1.0,1,-0.45,1,1,0,30,0,0,3,0.0
2022-04-09,2021-22,EPL,Everton,Man United,0,1,2,0.0,-0.666667,3,-0.45,0,1,0,29,0,0,2,1.0
2022-04-09,2021-22,EPL,Aston Villa,Tottenham,1,2,0,0.333333,-0.666667,3,-0.116667,1,1,0,30,0,0,3,0.0
2022-04-09,2021-22,SerieA,Cagliari,Juventus,0,3,0,0.0,-2.0,3,-0.45,1,1,1,31,0,0,0,0.0
2022-04-09,2021-22,SerieA,Inter,Verona,3,0,0,1.0,1.333333,3,0.55,0,0,0,30,0,5,2,1.0
2022-04-09,2021-22,SerieA,Empoli,Spezia,0,0,1,0.0,0.0,1,-0.45,0,1,0,31,0,0,1,0.5
2022-04-09,2021-22,EPL,Southampton,Chelsea,0,1,2,0.0,-0.666667,3,-0.45,1,0,1,30,0,1,0,0.0
2022-04-09,2021-22,EPL,Arsenal,Brighton,2,0,1,0.666667,1.0,3,0.216667,0,1,0,29,0,0,1,0.0
2022-04-10,2021-22,SerieA,Napoli,Fiorentina,3,0,0,1.0,3.0,3,0.55,0,0,0,31,0,3,4,0.0
2022-04-10,2021-22,SerieA,Sassuolo,Atalanta,0,2,1,0.0,-1.666667,3,-0.45,1,1,1,31,0,0,0,1.0
2022-04-10,2021-22,SerieA,Venezia,Udinese,0,1,0,0.0,-3.0,1,-0.45,1,1,0,30,0,0,1,0.0
2022-04-10,2021-22,SerieA,Roma,Salernitana,1,0,0,1.0,4.0,1,0.55,0,0,1,31,0,10,0,1.0
2022-04-10,2021-22,SerieA,Torino,Milan,0,3,0,0.0,-3.333333,3,-0.45,1,0,0,30,0,1,9,0.5
2022-04-10,2021-22,Ligue1,Bordeaux,Metz,0,1,2,0.0,-0.333333,3,-0.45,0,0,1,30,0,1,0,1.0
2022-04-10,2021-22,Ligue1,Angers,Lille,1,1,1,0.333333,0.0,3,-0.116667,0,1,0,30,0,0,7,0.5
2022-04-10,2021-22,Ligue1,Brest,Nantes,0,3,0,0.0,-2.333333,3,-0.45,1,0,0,30,0,1,1,0.5
2022-04-10,2021-22,Ligue1,Monaco,Troyes,1,0,0,1.0,1.0,1,0.55,0,0,0,30,0,2,5,1.0
2022-04-10,2021-22,Ligue1,Lens,Nice,0,3,0,0.0,-1.0,3,-0.45,1,1,0,30,0,0,1,1.0
2022-04-10,2021-22,Ligue1,Strasbourg,Lyon,0,3,0,0.0,-2.0,3,-0.45,1,0,0,30,0,8,2,0.5
2022-04-10,2021-22,Ligue1,Marseille,Montpellier,2,0,1,0.666667,1.0,3,0.216667,0,0,1,30,0,3,0,1.0
2022-04-10,2021-22,EPL,Man City,Liverpool,1,0,2,0.333333,1.0,3,-0.116667,0,0,0,30,0,4,11,0.5
2022-04-10,2021-22,EPL,Norwich,Burnley,0,0,1,0.0,0.0,1,-0.45,0,0,0,30,0,1,1,1.0
2022-04-10,2021-22,EPL,Leicester,Crystal Palace,1,0,2,0.333333,0.333333,3,-0.116667,0,0,0,28,0,2,5,1.0
2022-04-10,2021-22,EPL,Brentford,West Ham,1,0,0,1.0,1.0,1,0.55,0,0,0,31,0,1,1,1.0
2022-04-10,2021-22,LaLiga,Osasuna,Alaves,2,0,1,0.666667,1.0,3,0.216667,0,1,1,30,0,0,0,1.0
2022-04-10,2021-22,LaLiga,Espanol,Celta,0,1,0,0.0,-2.0,1,-0.45,1,1,1,30,0,0,0,1.0
2022-04-10,2021-22,LaLiga,Elche,Sociedad,0,3,0,0.0,-2.0,3,-0.45,1,1,0,30,0,0,3,0.0
2022-04-10,2021-22,LaLiga,Levante,Barcelona,0,2,1,0.0,-1.333333,3,-0.45,1,0,0,30,0,1,14,0.0
2022-04-10,2021-22,SerieA,Genoa,Lazio,0,2,1,0.0,-1.0,3,-0.45,1,1,0,31,0,0,1,0.0
2022-04-10,2021-22,Bundesliga,Bochum,Leverkusen,0,1,0,0.0,-1.0,1,-0.45,1,0,0,28,0,1,2,0.5
2022-04-10,2021-22,Bundesliga,Ein Frankfurt,Freiburg,2,0,1,0.666667,1.333333,3,0.216667,0,0,1,28,0,4,0,0.0
2022-04-10,2021-22,Bundesliga,RB Leipzig,Hoffenheim,1,1,1,0.333333,-0.333333,3,-0.116667,1,0,1,28,0,7,0,1.0
2022-04-11,2021-22,LaLiga,Vallecano,Valencia,0,0,1,0.0,0.0,1,-0.45,0,0,0,29,0,1,5,0.5
2022-04-11,2021-22,SerieA,Bologna,Sampdoria,3,0,0,1.0,1.333333,3,0.55,0,0,1,30,0,1,0,1.0
2022-04-15,2021-22,LaLiga,Sociedad,Betis,1,1,1,0.333333,-0.333333,3,-0.116667,1,0,0,31,0,4,4,0.5
2022-04-15,2021-22,SerieA,Spezia,Inter,0,2,1,0.0,-1.0,3,-0.45,1,0,0,32,0,2,6,0.0
2022-04-15,2021-22,SerieA,Milan,Genoa,2,0,1,0.666667,1.333333,3,0.216667,0,0,1,32,0,10,0,1.0
2022-04-15,2021-22,Ligue1,Rennes,Monaco,1,2,0,0.333333,-0.333333,3,-0.116667,1,0,0,31,0,7,3,0.0
2022-04-16,2021-22,EPL,Southampton,Arsenal,0,2,1,0.0,-1.666667,3,-0.45,1,1,1,31,0,0,0,1.0
2022-04-16,2021-22,Bundesliga,Augsburg,Hertha,0,2,1,0.0,-1.333333,3,-0.45,0,1,1,29,0,0,0,0.0
2022-04-16,2021-22,Bundesliga,Dortmund,Wolfsburg,3,0,0,1.0,2.0,3,0.55,0,0,0,29,0,1,1,1.0
2022-04-16,2021-22,Bundesliga,M'gladbach,FC Koln,1,2,0,0.333333,-0.666667,3,-0.116667,1,0,0,29,0,4,1,0.0
2022-04-16,2021-22,Bundesliga,Mainz,Stuttgart,0,3,0,0.0,-2.0,3,-0.45,1,1,1,29,0,0,0,0.5
2022-04-16,2021-22,EPL,Watford,Brentford,0,1,0,0.0,-1.0,1,-0.45,1,1,0,31,0,0,2,0.0
2022-04-16,2021-22,LaLiga,Getafe,Villarreal,0,3,0,0.0,-1.333333,3,-0.45,1,1,0,31,0,0,1,0.0
2022-04-16,2021-22,LaLiga,Valencia,Osasuna,1,1,1,0.333333,0.333333,3,-0.116667,0,0,0,31,0,6,1,0.0
2022-04-16,2021-22,LaLiga,Alaves,Vallecano,0,1,0,0.0,-2.0,1,-0.45,1,1,0,31,0,0,2,1.0
2022-04-16,2021-22,LaLiga,Elche,Mallorca,0,0,1,0.0,0.0,1,-0.45,0,1,0,31,0,0,1,1.0
2022-04-16,2021-22,EPL,Tottenham,Brighton,2,1,0,0.666667,0.666667,3,0.216667,0,0,0,31,0,4,2,0.0
2022-04-16,2021-22,Bundesliga,Freiburg,Bochum,0,1,0,0.0,-1.0,1,-0.45,1,0,0,29,0,1,2,1.0
2022-04-16,2021-22,EPL,Man United,Norwich,1,0,0,1.0,1.0,1,0.55,0,1,0,31,0,0,2,1.0
2022-04-16,2021-22,SerieA,Lazio,Torino,1,0,2,0.333333,0.333333,3,-0.116667,0,0,0,32,0,2,2,0.5
2022-04-16,2021-22,SerieA,Juventus,Bologna,3,0,0,1.0,2.333333,3,0.55,0,0,0,32,0,1,2,0.5
2022-04-16,2021-22,SerieA,Udinese,Empoli,0,1,0,0.0,-2.0,1,-0.45,1,0,0,30,0,2,1,1.0
2022-04-16,2021-22,SerieA,Sampdoria,Salernitana,1,0,0,1.0,2.0,1,0.55,0,1,1,32,0,0,0,0.0
2022-04-16,2021-22,SerieA,Cagliari,Sassuolo,0,0,3,0.0,0.0,3,-0.45,0,1,0,32,0,0,1,1.0
2022-04-16,2021-22,Ligue1,St Etienne,Brest,0,3,0,0.0,-1.666667,3,-0.45,1,1,0,31,0,0,2,1.0
2022-04-16,2021-22,Ligue1,Lille,Lens,2,1,0,0.666667,2.0,3,0.216667,1,0,0,31,0,8,1,0.0
2022-04-16,2021-22,SerieA,Fiorentina,Venezia,0,1,0,0.0,-1.0,1,-0.45,1,0,1,31,0,5,0,1.0
2022-04-17,2021-22,EPL,Newcastle,Leicester,1,2,0,0.333333,-1.0,3,-0.116667,1,0,0,31,0,1,3,1.0
2022-04-17,2021-22,EPL,West Ham,Burnley,2,0,1,0.666667,0.666667,3,0.216667,0,1,1,32,0,0,0,0.5
2022-04-17,2021-22,Ligue1,Lyon,Bordeaux,1,0,2,0.333333,0.333333,3,-0.116667,0,0,0,31,0,3,2,1.0
2022-04-17,2021-22,Ligue1,Nantes,Angers,2,0,1,0.666667,1.666667,3,0.216667,0,0,0,31,0,2,1,0.5
2022-04-17,2021-22,Ligue1,Montpellier,Reims,0,1,2,0.0,-1.333333,3,-0.45,0,1,1,31,0,0,0,0.5
2022-04-17,2021-22,Ligue1,Paris SG,Marseille,1,1,1,0.333333,0.333333,3,-0.116667,0,0,0,31,0,2,4,1.0
2022-04-17,2021-22,LaLiga,Sevilla,Real Madrid,0,2,1,0.0,-0.666667,3,-0.45,1,0,0,31,0,1,2,0.0
2022-04-17,2021-22,LaLiga,Ath Bilbao,Celta,1,1,1,0.333333,-0.333333,3,-0.116667,0,0,1,31,0,3,0,0.0
2022-04-17,2021-22,LaLiga,Ath Madrid,Espanol,1,0,0,1.0,1.0,1,0.55,0,1,0,31,0,0,1,1.0
2022-04-17,2021-22,Bundesliga,Bielefeld,Bayern Munich,0,2,1,0.0,-1.333333,3,-0.45,1,1,0,29,0,0,7,0.0
2022-04-17,2021-22,Bundesliga,Hoffenheim,Greuther Furth,1,0,0,1.0,3.0,1,0.55,0,1,1,29,0,0,0,0.5
2022-04-17,2021-22,Bundesliga,Union Berlin,Ein Frankfurt,0,2,1,0.0,-1.333333,3,-0.45,1,0,1,29,0,2,0,1.0
2022-04-17,2021-22,Bundesliga,Leverkusen,RB Leipzig,1,1,1,0.333333,0.333333,3,-0.116667,0,0,0,29,0,3,8,0.0
2022-04-17,2021-22,Ligue1,Metz,Clermont,0,0,1,0.0,0.0,1,-0.45,0,1,1,31,0,0,0,0.5
2022-04-17,2021-22,Ligue1,Nice,Lorient,0,1,2,0.0,-0.333333,3,-0.45,1,1,0,31,0,0,1,1.0
2022-04-17,2021-22,LaLiga,Granada,Levante,1,0,2,0.333333,1.0,3,-0.116667,0,1,1,31,0,0,0,0.0
2022-04-17,2021-22,Ligue1,Troyes,Strasbourg,0,0,1,0.0,0.0,1,-0.45,0,1,0,31,0,0,9,0.5
2022-04-18,2021-22,SerieA,Napoli,Roma,2,0,1,0.666667,2.0,3,0.216667,0,1,0,32,0,0,11,0.5
2022-04-18,2021-22,SerieA,Atalanta,Verona,2,1,0,0.666667,0.333333,3,0.216667,0,1,1,31,0,0,0,0.0
2022-04-18,2021-22,LaLiga,Barcelona,Cadiz,0,1,2,0.0,-0.333333,3,-0.45,0,0,1,30,0,15,0,0.0
2022-04-19,2021-22,LaLiga,Villarreal,Valencia,1,2,0,0.333333,-0.666667,3,-0.116667,1,0,1,32,0,2,0,1.0
2022-04-19,2021-22,LaLiga,Mallorca,Alaves,1,0,0,1.0,1.0,1,0.55,0,1,0,32,0,0,1,1.0
2022-04-19,2021-22,EPL,Liverpool,Man United,2,0,1,0.666667,2.333333,3,0.216667,0,0,0,31,0,12,1,1.0
2022-04-19,2021-22,LaLiga,Betis,Elche,2,0,1,0.666667,1.666667,3,0.216667,0,0,0,32,0,5,1,0.0
2022-04-20,2021-22,EPL,Everton,Leicester,1,0,1,0.5,1.0,2,0.05,0,0,1,30,0,1,0,0.5
2022-04-20,2021-22,Ligue1,Strasbourg,Rennes,0,2,1,0.0,-0.666667,3,-0.45,1,0,1,32,0,10,0,1.0
2022-04-20,2021-22,Ligue1,Marseille,Nantes,2,0,1,0.666667,1.0,3,0.216667,0,1,0,32,0,0,3,1.0
2022-04-20,2021-22,Ligue1,Lens,Montpellier,1,2,0,0.333333,-0.333333,3,-0.116667,1,0,0,32,0,2,1,1.0
2022-04-20,2021-22,LaLiga,Celta,Getafe,2,0,1,0.666667,1.333333,3,0.216667,0,0,1,32,0,1,0,0.0
2022-04-20,2021-22,LaLiga,Ath Madrid,Granada,2,1,0,0.666667,1.666667,3,0.216667,1,0,1,32,0,1,0,0.5
2022-04-20,2021-22,EPL,Man City,Brighton,2,1,0,0.666667,1.0,3,0.216667,0,0,0,31,0,5,3,1.0
2022-04-20,2021-22,EPL,Newcastle,Crystal Palace,1,1,1,0.333333,0.333333,3,-0.116667,0,0,1,32,0,2,0,1.0
2022-04-20,2021-22,Ligue1,Lorient,Metz,1,2,0,0.333333,-1.333333,3,-0.116667,1,1,0,32,0,0,1,1.0
2022-04-20,2021-22,Ligue1,Bordeaux,St Etienne,1,2,0,0.333333,-1.0,3,-0.116667,0,1,0,32,0,0,1,0.5
2022-04-20,2021-22,EPL,Chelsea,Arsenal,1,2,0,0.333333,-0.333333,3,-0.116667,0,0,1,30,0,1,0,0.0
2022-04-20,2021-22,Ligue1,Monaco,Nice,2,0,1,0.666667,0.666667,3,0.216667,0,0,0,32,0,4,1,1.0
2022-04-20,2021-22,Ligue1,Reims,Lille,0,3,0,0.0,-1.0,3,-0.45,1,0,1,32,0,1,0,1.0
2022-04-20,2021-22,LaLiga,Osasuna,Real Madrid,0,1,2,0.0,-0.666667,3,-0.45,0,0,0,32,0,2,3,0.0
2022-04-20,2021-22,SerieA,Udinese,Salernitana,0,0,0,0.45,0.0,0,0.0,0,0,0,31,0,3,1,0.0
2022-04-20,2021-22,Ligue1,Angers,Paris SG,0,3,0,0.0,-2.333333,3,-0.45,1,0,0,32,0,2,3,0.0
2022-04-20,2021-22,Ligue1,Brest,Lyon,0,1,2,0.0,-0.333333,3,-0.45,0,1,0,32,0,0,4,1.0
2022-04-20,2021-22,Ligue1,Troyes,Clermont,0,1,0,0.0,-2.0,1,-0.45,1,0,0,32,0,1,1,0.0
2022-04-21,2021-22,EPL,Burnley,Southampton,0,2,1,0.0,-0.666667,3,-0.45,0,0,0,31,0,1,1,1.0
2022-04-21,2021-22,LaLiga,Sociedad,Barcelona,0,3,0,0.0,-2.666667,3,-0.45,1,0,1,32,0,5,0,0.0
2022-04-21,2021-22,LaLiga,Cadiz,Ath Bilbao,2,1,0,0.666667,-0.666667,3,0.216667,0,0,1,32,0,1,0,0.0
2022-04-21,2021-22,LaLiga,Levante,Sevilla,0,3,0,0.0,-1.333333,3,-0.45,1,0,1,32,0,1,0,0.0
2022-04-21,2021-22,LaLiga,Espanol,Vallecano,0,1,0,0.0,-1.0,1,-0.45,1,1,1,32,0,0,0,0.0
2022-04-22,2021-22,Bundesliga,Wolfsburg,Mainz,1,2,0,0.333333,-0.666667,3,-0.116667,1,1,0,30,0,0,1,1.0
2022-04-23,2021-22,Ligue1,Lyon,Montpellier,1,2,0,0.333333,-0.333333,3,-0.116667,0,1,1,33,0,0,0,1.0
2022-04-23,2021-22,Bundesliga,Freiburg,M'gladbach,1,1,1,0.333333,1.666667,3,-0.116667,0,0,1,30,0,2,0,0.5
2022-04-23,2021-22,Bundesliga,Greuther Furth,Leverkusen,0,1,0,0.0,-6.0,1,-0.45,1,0,1,30,0,1,0,0.0
2022-04-23,2021-22,Ligue1,Paris SG,Lens,1,1,1,0.333333,0.0,3,-0.116667,0,0,0,33,0,4,3,0.5
2022-04-23,2021-22,SerieA,Verona,Sampdoria,0,3,0,0.0,-1.666667,3,-0.45,1,0,1,33,0,1,0,0.5
2022-04-23,2021-22,SerieA,Inter,Roma,2,0,1,0.666667,1.666667,3,0.216667,0,0,0,32,0,7,12,1.0
2022-04-23,2021-22,EPL,Norwich,Newcastle,0,0,1,0.0,0.0,1,-0.45,0,1,0,32,0,0,3,0.0
2022-04-23,2021-22,EPL,Man City,Watford,1,0,0,1.0,2.0,1,0.55,0,0,1,32,0,6,0,1.0
2022-04-23,2021-22,EPL,Leicester,Aston Villa,1,2,0,0.333333,-0.333333,3,-0.116667,1,0,1,31,0,1,0,0.5
2022-04-23,2021-22,EPL,Arsenal,Man United,1,1,1,0.333333,0.0,3,-0.116667,1,0,1,32,0,1,0,1.0
2022-04-23,2021-22,Bundesliga,Ein Frankfurt,Hoffenheim,2,1,0,0.666667,0.666667,3,0.216667,1,1,0,30,0,0,1,0.5
2022-04-23,2021-22,Bundesliga,FC Koln,Bielefeld,1,1,1,0.333333,0.333333,3,-0.116667,0,0,1,30,0,2,0,1.0
2022-04-23,2021-22,Ligue1,St Etienne,Monaco,0,2,1,0.0,-2.0,3,-0.45,1,0,0,33,0,2,5,0.0
2022-04-23,2021-22,SerieA,Venezia,Atalanta,0,1,0,0.0,-4.0,1,-0.45,1,1,1,32,0,0,0,0.0
2022-04-23,2021-22,SerieA,Torino,Spezia,0,2,1,0.0,-1.333333,3,-0.45,1,0,1,32,0,3,0,1.0
2022-04-23,2021-22,EPL,Brentford,Tottenham,0,1,0,0.0,-2.0,1,-0.45,1,0,1,33,0,3,0,0.5
2022-04-23,2021-22,Bundesliga,RB Leipzig,Union Berlin,1,2,0,0.333333,-0.333333,3,-0.116667,1,0,0,30,0,9,3,0.0
2022-04-23,2021-22,Bundesliga,Bayern Munich,Dortmund,3,0,0,1.0,1.333333,3,0.55,0,0,0,30,0,8,2,1.0
2022-04-24,2021-22,EPL,Brighton,Southampton,1,1,1,0.333333,0.0,3,-0.116667,0,1,1,33,0,0,0,0.5
2022-04-24,2021-22,Bundesliga,Hertha,Stuttgart,0,1,2,0.0,-0.666667,3,-0.45,0,0,0,30,0,1,1,1.0
2022-04-24,2021-22,EPL,Liverpool,Everton,1,1,1,0.333333,0.333333,3,-0.116667,0,0,0,32,0,13,2,1.0
2022-04-24,2021-22,Bundesliga,Bochum,Augsburg,1,0,0,1.0,1.0,1,0.55,0,1,1,30,0,0,0,0.0
2022-04-24,2021-22,LaLiga,Barcelona,Vallecano,0,1,0,0.0,-1.0,1,-0.45,1,0,0,32,0,1,1,0.0
2022-04-24,2021-22,EPL,Burnley,Wolves,2,0,1,0.666667,1.666667,3,0.216667,0,0,1,32,0,2,0,1.0
2022-04-24,2021-22,SerieA,Salernitana,Fiorentina,0,1,0,0.0,-4.0,1,-0.45,1,0,0,32,0,2,6,1.0
2022-04-24,2021-22,Ligue1,Rennes,Lorient,2,0,1,0.666667,1.666667,3,0.216667,0,1,0,33,0,0,1,1.0
2022-04-24,2021-22,Ligue1,Lille,Strasbourg,2,0,1,0.666667,1.333333,3,0.216667,0,1,0,33,0,0,11,1.0
2022-04-24,2021-22,Ligue1,Nice,Troyes,0,1,0,0.0,-1.0,1,-0.45,1,1,1,33,0,0,0,1.0
2022-04-24,2021-22,Ligue1,Clermont,Angers,1,0,0,1.0,1.0,1,0.55,0,0,1,33,0,2,0,0.5
2022-04-24,2021-22,Ligue1,Nantes,Bordeaux,1,0,2,0.333333,1.0,3,-0.116667,0,1,0,33,0,0,1,1.0
2022-04-24,2021-22,SerieA,Bologna,Udinese,0,0,3,0.0,0.0,3,-0.45,0,0,1,32,0,3,0,0.5
2022-04-24,2021-22,EPL,Chelsea,West Ham,2,1,0,0.666667,1.0,3,0.216667,1,1,0,31,0,0,1,1.0
2022-04-24,2021-22,Ligue1,Metz,Brest,2,1,0,0.666667,0.333333,3,0.216667,0,1,0,33,0,0,1,0.0
2022-04-24,2021-22,Ligue1,Reims,Marseille,0,1,2,0.0,-0.666667,3,-0.45,0,0,0,33,0,2,1,0.0
2022-04-24,2021-22,SerieA,Lazio,Milan,1,2,0,0.333333,0.0,3,-0.116667,1,0,0,33,0,3,11,0.0
2022-04-24,2021-22,SerieA,Genoa,Cagliari,3,0,0,1.0,1.0,3,0.55,0,1,0,33,0,0,1,1.0
2022-04-24,2021-22,SerieA,Empoli,Napoli,1,0,0,1.0,1.0,1,0.55,0,1,0,33,0,0,1,1.0
2022-04-25,2021-22,SerieA,Sassuolo,Juventus,1,2,0,0.333333,-1.0,3,-0.116667,0,1,0,33,0,0,2,0.0
2022-04-25,2021-22,EPL,Crystal Palace,Leeds,1,2,0,0.333333,0.0,3,-0.116667,1,1,0,32,0,0,4,0.5
2022-04-27,2021-22,SerieA,Bologna,Inter,0,3,0,0.0,-2.666667,3,-0.45,1,0,0,33,0,4,8,1.0
2022-04-27,2021-22,SerieA,Atalanta,Torino,2,0,1,0.666667,1.0,3,0.216667,0,0,0,33,0,1,4,0.5
2022-04-27,2021-22,SerieA,Fiorentina,Udinese,2,1,0,0.666667,0.333333,3,0.216667,0,1,0,33,0,0,1,0.0
2022-04-28,2021-22,EPL,Man United,Chelsea,0,0,3,0.0,0.0,3,-0.45,0,1,0,34,0,0,1,0.5
2022-04-29,2021-22,Bundesliga,Union Berlin,Greuther Furth,0,1,0,0.0,-1.0,1,-0.45,1,0,1,31,0,4,0,0.5
2022-04-29,2021-22,Ligue1,Strasbourg,Paris SG,0,3,0,0.0,-3.0,3,-0.45,1,1,0,34,0,0,5,0.5
2022-04-29,2021-22,LaLiga,Sevilla,Cadiz,3,0,0,1.0,2.0,3,0.55,0,0,1,33,0,1,0,0.5
2022-04-30,2021-22,Ligue1,Lens,Nantes,0,1,2,0.0,-0.333333,3,-0.45,1,0,0,34,0,4,1,0.5
2022-04-30,2021-22,SerieA,Spezia,Lazio,0,3,0,0.0,-2.333333,3,-0.45,1,1,1,34,0,0,0,0.0
2022-04-30,2021-22,SerieA,Sampdoria,Genoa,1,0,2,0.333333,0.666667,3,-0.116667,0,0,0,34,0,1,1,1.0
2022-04-30,2021-22,SerieA,Napoli,Sassuolo,0,1,2,0.0,-0.666667,3,-0.45,0,1,1,34,0,0,0,1.0
2022-04-30,2021-22,EPL,Newcastle,Liverpool,0,1,2,0.0,-0.666667,3,-0.45,1,0,0,34,0,4,14,0.0
2022-04-30,2021-22,EPL,Aston Villa,Norwich,1,0,0,1.0,2.0,1,0.55,0,0,1,32,0,1,0,1.0
2022-04-30,2021-22,EPL,Southampton,Crystal Palace,1,1,1,0.333333,0.333333,3,-0.116667,0,0,0,34,0,1,1,0.0
2022-04-30,2021-22,EPL,Watford,Burnley,0,0,1,0.0,0.0,1,-0.45,0,1,0,33,0,0,3,0.0
2022-04-30,2021-22,EPL,Wolves,Brighton,2,0,1,0.666667,0.666667,3,0.216667,0,1,0,33,0,0,1,0.0
2022-04-30,2021-22,SerieA,Cagliari,Verona,0,1,2,0.0,-0.666667,3,-0.45,0,1,0,34,0,0,2,0.0
2022-04-30,2021-22,EPL,Leeds,Man City,1,1,1,0.333333,-2.0,3,-0.116667,1,0,0,33,0,5,7,0.0
2022-04-30,2021-22,Bundesliga,Hoffenheim,Freiburg,1,1,1,0.333333,-0.333333,3,-0.116667,0,0,0,31,0,2,3,0.0
2022-04-30,2021-22,Bundesliga,Stuttgart,Wolfsburg,1,2,0,0.333333,-0.333333,3,-0.116667,0,1,0,31,0,0,1,0.5
2022-04-30,2021-22,Bundesliga,Mainz,Bayern Munich,1,2,0,0.333333,-1.0,3,-0.116667,1,1,0,31,0,0,9,1.0
2022-04-30,2021-22,Bundesliga,Dortmund,Bochum,0,0,1,0.0,0.0,1,-0.45,0,1,1,31,0,0,0,0.0
2022-04-30,2021-22,Bundesliga,Bielefeld,Hertha,1,1,1,0.333333,-0.333333,3,-0.116667,1,1,0,31,0,0,2,0.5
2022-04-30,2021-22,Bundesliga,Augsburg,FC Koln,2,1,0,0.666667,0.666667,3,0.216667,0,0,0,31,0,1,3,0.0
2022-04-30,2021-22,LaLiga,Alaves,Villarreal,1,2,0,0.333333,-1.333333,3,-0.116667,1,1,0,33,0,0,3,1.0
2022-04-30,2021-22,LaLiga,Real Madrid,Espanol,0,1,0,0.0,-1.0,1,-0.45,1,0,1,33,0,4,0,1.0
2022-04-30,2021-22,LaLiga,Valencia,Levante,2,1,0,0.666667,0.666667,3,0.216667,0,1,1,33,0,0,0,0.5
2022-04-30,2021-22,LaLiga,Ath Bilbao,Ath Madrid,1,1,1,0.333333,0.0,3,-0.116667,0,0,0,33,0,1,2,1.0
2022-04-30,2021-22,Ligue1,Rennes,St Etienne,2,1,0,0.666667,2.0,3,0.216667,0,0,1,34,0,1,0,1.0
2022-05-01,2021-22,SerieA,Empoli,Torino,0,0,1,0.0,0.0,1,-0.45,0,0,0,34,0,1,5,0.0
2022-05-01,2021-22,SerieA,Juventus,Venezia,0,0,1,0.0,0.0,1,-0.45,0,0,1,34,0,3,0,1.0
2022-05-01,2021-22,LaLiga,Elche,Osasuna,0,1,2,0.0,-0.666667,3,-0.45,0,0,1,33,0,2,0,0.5
2022-05-01,2021-22,EPL,Everton,Chelsea,1,1,1,0.333333,-0.333333,3,-0.116667,0,1,0,32,0,0,2,1.0
2022-05-01,2021-22,LaLiga,Vallecano,Sociedad,0,1,0,0.0,-1.0,1,-0.45,1,0,1,33,0,2,0,0.5
2022-05-01,2021-22,LaLiga,Barcelona,Mallorca,1,0,0,1.0,1.0,1,0.55,0,1,0,33,0,0,1,1.0
2022-05-01,2021-22,EPL,Tottenham,Leicester,2,1,0,0.666667,0.333333,3,0.216667,0,0,0,33,0,1,2,1.0
2022-05-01,2021-22,EPL,West Ham,Arsenal,0,2,1,0.0,-1.0,3,-0.45,1,1,0,34,0,0,2,0.0
2022-05-01,2021-22,SerieA,Udinese,Inter,0,2,1,0.0,-2.0,3,-0.45,1,0,1,34,0,2,0,0.0
2022-05-01,2021-22,SerieA,Roma,Bologna,2,1,0,0.666667,1.333333,3,0.216667,1,1,0,34,0,0,5,0.5
2022-05-01,2021-22,LaLiga,Granada,Celta,0,2,1,0.0,-1.0,3,-0.45,1,0,1,33,0,1,0,0.5
2022-05-01,2021-22,SerieA,Milan,Fiorentina,2,1,0,0.666667,0.666667,3,0.216667,1,0,1,34,0,12,0,1.0
2022-05-01,2021-22,Ligue1,Montpellier,Metz,1,1,1,0.333333,0.0,3,-0.116667,0,1,1,34,0,0,0,0.5
2022-05-01,2021-22,Ligue1,Troyes,Lille,0,1,0,0.0,-1.0,1,-0.45,1,1,0,34,0,0,1,1.0
2022-05-01,2021-22,Ligue1,Marseille,Lyon,0,1,2,0.0,-0.333333,3,-0.45,1,0,0,34,0,2,1,0.0
2022-05-01,2021-22,Ligue1,Bordeaux,Nice,1,1,1,0.333333,-0.333333,3,-0.116667,1,1,0,34,0,0,1,0.0
2022-05-01,2021-22,Ligue1,Brest,Clermont,0,0,1,0.0,0.0,1,-0.45,0,0,0,34,0,2,3,1.0
2022-05-01,2021-22,Ligue1,Monaco,Angers,3,0,0,1.0,2.0,3,0.55,0,0,0,34,0,6,1,1.0
2022-05-01,2021-22,Ligue1,Lorient,Reims,2,0,1,0.666667,1.0,3,0.216667,0,1,1,34,0,0,0,0.0
2022-05-02,2021-22,Bundesliga,M'gladbach,RB Leipzig,1,2,0,0.333333,-1.0,3,-0.116667,1,0,1,31,0,1,0,1.0
2022-05-02,2021-22,Bundesliga,Leverkusen,Ein Frankfurt,1,2,0,0.333333,-0.666667,3,-0.116667,1,0,0,31,0,1,1,1.0
2022-05-02,2021-22,SerieA,Atalanta,Salernitana,1,0,0,1.0,1.0,1,0.55,0,0,0,34,0,2,3,0.5
2022-05-02,2021-22,LaLiga,Getafe,Betis,1,2,0,0.333333,0.0,3,-0.116667,1,0,1,33,0,1,0,0.5
2022-05-02,2021-22,EPL,Man United,Brentford,1,0,0,1.0,2.0,1,0.55,0,0,0,35,0,1,4,1.0
2022-05-05,2021-22,SerieA,Salernitana,Venezia,1,0,0,1.0,1.0,1,0.55,0,0,1,34,0,4,0,1.0
2022-05-06,2021-22,Ligue1,Lille,Monaco,1,0,2,0.333333,0.333333,3,-0.116667,0,1,0,35,0,0,7,0.0
2022-05-06,2021-22,SerieA,Genoa,Juventus,0,3,0,0.0,-2.0,3,-0.45,1,1,0,35,0,0,4,1.0
2022-05-06,2021-22,SerieA,Inter,Empoli,1,0,0,1.0,2.0,1,0.55,0,0,1,35,0,1,0,1.0
2022-05-06,2021-22,LaLiga,Levante,Sociedad,1,2,0,0.333333,-0.333333,3,-0.116667,1,0,0,34,0,1,1,1.0
2022-05-06,2021-22,Bundesliga,Bochum,Bielefeld,0,1,0,0.0,-2.0,1,-0.45,1,0,0,32,0,1,1,1.0
2022-05-07,2021-22,SerieA,Lazio,Sampdoria,2,1,0,0.666667,0.0,3,0.216667,0,0,0,35,0,1,2,1.0
2022-05-07,2021-22,EPL,Chelsea,Wolves,0,1,2,0.0,-0.333333,3,-0.45,0,1,1,34,0,0,0,0.5
2022-05-07,2021-22,EPL,Brighton,Man United,0,3,0,0.0,-1.333333,3,-0.45,1,0,0,35,0,2,2,1.0
2022-05-07,2021-22,EPL,Liverpool,Tottenham,2,0,1,0.666667,1.0,3,0.216667,0,0,0,34,0,15,2,0.5
2022-05-07,2021-22,Ligue1,Brest,Strasbourg,0,2,1,0.0,-1.666667,3,-0.45,1,0,0,35,0,3,1,0.0
2022-05-07,2021-22,EPL,Brentford,Southampton,0,1,0,0.0,-3.0,1,-0.45,1,1,1,35,0,0,0,1.0
2022-05-07,2021-22,EPL,Burnley,Aston Villa,1,0,1,0.5,0.5,2,0.05,0,0,0,34,0,4,2,0.0
2022-05-07,2021-22,EPL,Crystal Palace,Watford,1,0,0,1.0,3.0,1,0.55,0,0,1,34,0,2,0,1.0
2022-05-07,2021-22,LaLiga,Cadiz,Elche,0,2,1,0.0,-1.333333,3,-0.45,1,0,0,34,0,1,3,1.0
2022-05-07,2021-22,Bundesliga,Hertha,Mainz,0,1,2,0.0,-1.333333,3,-0.45,1,0,0,32,0,3,1,0.0
2022-05-07,2021-22,Bundesliga,Hoffenheim,Leverkusen,0,1,2,0.0,-1.0,3,-0.45,0,1,0,32,0,0,2,0.0
2022-05-07,2021-22,Bundesliga,Greuther Furth,Dortmund,0,1,0,0.0,-3.0,1,-0.45,1,0,1,32,0,1,0,0.0
2022-05-07,2021-22,Bundesliga,Freiburg,Union Berlin,0,1,2,0.0,-0.333333,3,-0.45,0,0,0,32,0,4,5,0.0
2022-05-07,2021-22,Bundesliga,FC Koln,Wolfsburg,1,1,1,0.333333,0.0,3,-0.116667,0,0,0,32,0,4,2,0.0
2022-05-07,2021-22,SerieA,Torino,Napoli,0,2,1,0.0,-1.0,3,-0.45,1,0,0,35,0,6,1,0.0
2022-05-07,2021-22,LaLiga,Mallorca,Granada,0,1,0,0.0,-3.0,1,-0.45,1,1,0,34,0,0,2,0.0
2022-05-07,2021-22,LaLiga,Ath Bilbao,Valencia,0,0,3,0.0,0.0,3,-0.45,0,0,0,34,0,2,1,0.5
2022-05-07,2021-22,SerieA,Sassuolo,Udinese,0,2,1,0.0,-1.0,3,-0.45,1,1,1,35,0,0,0,0.5
2022-05-07,2021-22,LaLiga,Celta,Alaves,3,0,0,1.0,1.666667,3,0.55,0,0,0,34,0,1,1,1.0
2022-05-07,2021-22,LaLiga,Betis,Barcelona,1,2,0,0.333333,-1.0,3,-0.116667,0,0,0,34,0,1,1,0.0
2022-05-08,2021-22,Ligue1,Lorient,Marseille,0,3,0,0.0,-1.666667,3,-0.45,1,1,1,35,0,0,0,0.0
2022-05-08,2021-22,Ligue1,Reims,Lens,0,1,2,0.0,-0.666667,3,-0.45,1,0,0,35,0,1,5,0.0
2022-05-08,2021-22,Ligue1,Clermont,Montpellier,0,1,0,0.0,-1.0,1,-0.45,1,1,0,35,0,0,1,1.0
2022-05-08,2021-22,EPL,Man City,Newcastle,3,0,0,1.0,2.333333,3,0.55,0,0,1,34,0,8,0,1.0
2022-05-08,2021-22,Ligue1,Metz,Lyon,1,1,1,0.333333,-0.333333,3,-0.116667,0,0,0,35,0,1,2,1.0
2022-05-08,2021-22,LaLiga,Ath Madrid,Real Madrid,0,2,1,0.0,-1.333333,3,-0.45,1,1,0,34,0,0,5,1.0
2022-05-08,2021-22,Ligue1,Angers,Bordeaux,0,2,1,0.0,-1.0,3,-0.45,0,1,1,35,0,0,0,1.0
2022-05-08,2021-22,Ligue1,Paris SG,Troyes,1,0,0,1.0,1.0,1,0.55,0,0,0,35,0,6,1,0.5
2022-05-08,2021-22,EPL,Leicester,Everton,0,1,2,0.0,-0.666667,3,-0.45,0,1,0,33,0,0,1,0.0
2022-05-08,2021-22,EPL,Norwich,West Ham,0,1,0,0.0,-2.0,1,-0.45,1,1,1,34,0,0,0,0.0
2022-05-08,2021-22,Bundesliga,Ein Frankfurt,M'gladbach,1,1,1,0.333333,-1.0,3,-0.116667,0,1,0,32,0,0,2,0.5
2022-05-08,2021-22,EPL,Arsenal,Leeds,2,0,1,0.666667,1.666667,3,0.216667,0,0,1,34,0,3,0,1.0
2022-05-08,2021-22,LaLiga,Espanol,Osasuna,0,0,1,0.0,0.0,1,-0.45,0,1,0,34,0,0,1,0.5
2022-05-08,2021-22,LaLiga,Villarreal,Sevilla,1,2,0,0.333333,0.333333,3,-0.116667,1,1,0,34,0,0,2,0.5
2022-05-08,2021-22,LaLiga,Getafe,Vallecano,0,1,0,0.0,-3.0,1,-0.45,1,0,0,34,0,2,3,0.5
2022-05-08,2021-22,SerieA,Verona,Milan,0,2,1,0.0,-1.0,3,-0.45,1,0,0,35,0,3,13,0.0
2022-05-08,2021-22,SerieA,Salernitana,Cagliari,0,0,1,0.0,0.0,1,-0.45,0,0,1,35,0,5,0,0.5
2022-05-08,2021-22,SerieA,Venezia,Bologna,1,0,0,1.0,1.0,1,0.55,0,1,0,35,0,0,6,1.0
2022-05-08,2021-22,SerieA,Spezia,Atalanta,0,2,1,0.0,-1.666667,3,-0.45,1,1,0,35,0,0,3,0.0
2022-05-08,2021-22,Bundesliga,RB Leipzig,Augsburg,2,0,1,0.666667,1.0,3,0.216667,0,1,1,32,0,0,0,1.0
2022-05-08,2021-22,Bundesliga,Bayern Munich,Stuttgart,3,0,0,1.0,3.666667,3,0.55,0,1,0,32,0,0,1,0.5
2022-05-09,2021-22,SerieA,Fiorentina,Roma,0,3,0,0.0,-1.666667,3,-0.45,1,1,0,35,0,0,1,1.0
2022-05-10,2021-22,LaLiga,Granada,Ath Bilbao,1,1,1,0.333333,0.333333,3,-0.116667,0,0,0,35,0,3,3,1.0
2022-05-10,2021-22,EPL,Aston Villa,Liverpool,1,2,0,0.333333,1.0,3,-0.116667,1,0,0,34,0,3,15,0.0
2022-05-10,2021-22,LaLiga,Valencia,Betis,0,2,1,0.0,-1.666667,3,-0.45,1,0,1,35,0,2,0,0.0
2022-05-10,2021-22,LaLiga,Barcelona,Celta,1,1,1,0.333333,0.666667,3,-0.116667,0,0,0,35,0,2,2,1.0
2022-05-11,2021-22,LaLiga,Elche,Ath Madrid,0,3,0,0.0,-1.333333,3,-0.45,1,1,0,35,0,0,1,0.0
2022-05-11,2021-22,EPL,Wolves,Man City,0,3,0,0.0,-2.0,3,-0.45,1,0,0,35,0,1,9,0.0
2022-05-11,2021-22,LaLiga,Alaves,Espanol,0,1,0,0.0,-1.0,1,-0.45,1,1,0,35,0,0,1,1.0
2022-05-11,2021-22,LaLiga,Osasuna,Getafe,0,2,1,0.0,-0.666667,3,-0.45,1,0,0,35,0,2,3,0.5
2022-05-11,2021-22,LaLiga,Sevilla,Mallorca,0,0,1,0.0,0.0,1,-0.45,0,0,1,35,0,3,0,0.5
2022-05-11,2021-22,EPL,Leicester,Norwich,1,0,0,1.0,1.0,1,0.55,0,1,1,34,0,0,0,1.0
2022-05-11,2021-22,EPL,Leeds,Chelsea,0,2,1,0.0,-1.0,3,-0.45,1,1,0,35,0,0,1,0.0
2022-05-11,2021-22,EPL,Watford,Everton,1,0,0,1.0,3.0,1,0.55,0,1,0,35,0,0,2,0.5
2022-05-11,2021-22,Ligue1,Nantes,Rennes,0,2,1,0.0,-0.666667,3,-0.45,1,0,0,35,0,2,2,1.0
2022-05-11,2021-22,Ligue1,Nice,St Etienne,2,1,0,0.666667,1.333333,3,0.216667,0,0,1,35,0,2,0,1.0
2022-05-12,2021-22,EPL,Tottenham,Arsenal,1,2,0,0.333333,-0.333333,3,-0.116667,1,0,0,35,0,3,4,1.0
2022-05-12,2021-22,LaLiga,Real Madrid,Levante,1,1,1,0.333333,0.333333,3,-0.116667,0,1,0,35,0,0,2,1.0
2022-05-12,2021-22,LaLiga,Vallecano,Villarreal,0,1,0,0.0,-2.0,1,-0.45,1,0,0,35,0,4,1,0.0
2022-05-12,2021-22,LaLiga,Sociedad,Cadiz,3,0,0,1.0,2.0,3,0.55,0,1,0,35,0,0,2,1.0
2022-05-14,2021-22,Ligue1,Monaco,Brest,1,2,0,0.333333,-0.333333,3,-0.116667,1,0,1,36,0,8,0,1.0
2022-05-14,2021-22,Ligue1,Nice,Lille,1,1,1,0.333333,0.666667,3,-0.116667,0,0,1,36,0,3,0,0.0
2022-05-14,2021-22,Ligue1,Rennes,Marseille,1,2,0,0.333333,-0.666667,3,-0.116667,1,1,0,36,0,0,1,1.0
2022-05-14,2021-22,Ligue1,St Etienne,Reims,0,2,1,0.0,-1.333333,3,-0.45,1,1,1,36,0,0,0,0.0
2022-05-14,2021-22,Ligue1,Strasbourg,Clermont,1,0,0,1.0,2.0,1,0.55,0,0,0,36,0,2,1,1.0
2022-05-14,2021-22,Ligue1,Montpellier,Paris SG,0,3,0,0.0,-2.666667,3,-0.45,1,1,0,36,0,0,7,0.0
2022-05-14,2021-22,Ligue1,Metz,Angers,0,2,1,0.0,-0.666667,3,-0.45,1,0,0,36,0,2,1,1.0
2022-05-14,2021-22,Bundesliga,Bielefeld,RB Leipzig,1,2,0,0.333333,0.0,3,-0.116667,0,1,0,33,0,0,1,0.5
2022-05-14,2021-22,Ligue1,Troyes,Lens,0,1,0,0.0,-4.0,1,-0.45,1,0,0,36,0,2,6,0.0
2022-05-14,2021-22,Ligue1,Bordeaux,Lorient,1,1,1,0.333333,-0.666667,3,-0.116667,0,1,1,36,0,0,0,0.5
2022-05-14,2021-22,SerieA,Roma,Venezia,0,1,0,0.0,-1.0,1,-0.45,1,1,0,36,0,0,1,0.5
2022-05-14,2021-22,SerieA,Verona,Torino,0,1,2,0.0,-0.333333,3,-0.45,1,1,1,36,0,0,0,0.0
2022-05-14,2021-22,SerieA,Udinese,Spezia,2,1,0,0.666667,0.0,3,0.216667,0,0,1,36,0,1,0,0.0
2022-05-14,2021-22,SerieA,Empoli,Salernitana,1,0,0,1.0,2.0,1,0.55,0,1,0,36,0,0,6,0.5
2022-05-14,2021-22,Ligue1,Lyon,Nantes,3,0,0,1.0,1.666667,3,0.55,0,1,0,36,0,0,3,1.0
2022-05-14,2021-22,Bundesliga,Augsburg,Greuther Furth,0,0,1,0.0,0.0,1,-0.45,0,1,1,33,0,0,0,1.0
2022-05-14,2021-22,LaLiga,Espanol,Valencia,1,0,0,1.0,1.0,1,0.55,0,1,1,36,0,0,0,0.5
2022-05-14,2021-22,Bundesliga,Dortmund,Hertha,2,1,0,0.666667,1.333333,3,0.216667,1,0,1,33,0,1,0,1.0
2022-05-14,2021-22,Bundesliga,Mainz,Ein Frankfurt,0,2,1,0.0,-1.0,3,-0.45,1,0,0,33,0,2,1,0.5
2022-05-14,2021-22,Bundesliga,M'gladbach,Hoffenheim,0,2,1,0.0,-0.666667,3,-0.45,0,0,1,33,0,3,0,1.0
2022-05-14,2021-22,Bundesliga,Stuttgart,FC Koln,1,1,1,0.333333,0.0,3,-0.116667,1,0,1,33,0,2,0,1.0
2022-05-14,2021-22,Bundesliga,Union Berlin,Bochum,1,0,0,1.0,1.0,1,0.55,0,0,0,33,0,6,2,1.0
2022-05-14,2021-22,Bundesliga,Wolfsburg,Bayern Munich,0,3,0,0.0,-2.0,3,-0.45,1,0,0,33,0,3,1,0.5
2022-05-14,2021-22,Bundesliga,Leverkusen,Freiburg,1,2,0,0.333333,0.0,3,-0.116667,1,0,1,33,0,3,0,1.0
2022-05-15,2021-22,SerieA,Bologna,Sassuolo,1,1,1,0.333333,0.666667,3,-0.116667,0,1,0,36,0,0,1,0.0
2022-05-15,2021-22,SerieA,Napoli,Genoa,2,1,0,0.666667,2.0,3,0.216667,0,0,0,36,0,2,1,1.0
2022-05-15,2021-22,SerieA,Milan,Atalanta,2,1,0,0.666667,0.0,3,0.216667,0,0,0,36,0,14,4,1.0
2022-05-15,2021-22,SerieA,Cagliari,Inter,0,3,0,0.0,-2.333333,3,-0.45,1,0,0,36,0,1,2,0.0
2022-05-15,2021-22,EPL,Tottenham,Burnley,2,1,0,0.666667,1.333333,3,0.216667,1,0,1,36,0,4,0,1.0
2022-05-15,2021-22,EPL,Leeds,Brighton,0,2,1,0.0,-1.0,3,-0.45,0,1,0,36,0,0,3,0.5
2022-05-15,2021-22,EPL,Watford,Leicester,0,1,0,0.0,-2.0,1,-0.45,1,0,0,36,0,1,1,0.0
2022-05-15,2021-22,EPL,West Ham,Man City,0,2,1,0.0,-0.666667,3,-0.45,1,0,0,36,0,1,10,0.5
2022-05-15,2021-22,EPL,Aston Villa,Crystal Palace,2,1,0,0.666667,1.0,3,0.216667,0,1,0,35,0,0,3,0.5
2022-05-15,2021-22,EPL,Everton,Brentford,0,1,0,0.0,-1.0,1,-0.45,1,0,0,35,0,3,1,0.0
2022-05-15,2021-22,LaLiga,Villarreal,Sociedad,1,0,2,0.333333,0.666667,3,-0.116667,0,0,0,36,0,2,1,0.0
2022-05-15,2021-22,LaLiga,Ath Bilbao,Osasuna,1,1,1,0.333333,0.333333,3,-0.116667,0,1,0,36,0,0,3,1.0
2022-05-15,2021-22,LaLiga,Mallorca,Vallecano,0,1,0,0.0,-2.0,1,-0.45,1,0,1,36,0,1,0,1.0
2022-05-15,2021-22,LaLiga,Levante,Alaves,0,1,2,0.0,-0.333333,3,-0.45,1,1,0,36,0,0,1,1.0
2022-05-15,2021-22,LaLiga,Ath Madrid,Sevilla,1,2,0,0.333333,0.0,3,-0.116667,1,0,0,36,0,2,4,0.5
2022-05-15,2021-22,LaLiga,Betis,Granada,2,1,0,0.666667,0.0,3,0.216667,0,0,0,36,0,1,4,1.0
2022-05-15,2021-22,LaLiga,Cadiz,Real Madrid,1,1,1,0.333333,-0.666667,3,-0.116667,0,1,0,36,0,0,1,0.5
2022-05-15,2021-22,EPL,Wolves,Norwich,0,0,1,0.0,0.0,1,-0.45,0,1,1,36,0,0,0,0.5
2022-05-15,2021-22,LaLiga,Celta,Elche,1,1,1,0.333333,0.333333,3,-0.116667,1,1,1,36,0,0,0,1.0
2022-05-15,2021-22,LaLiga,Getafe,Barcelona,1,2,0,0.333333,-1.0,3,-0.116667,1,0,0,36,0,4,3,0.5
2022-05-16,2021-22,EPL,Newcastle,Arsenal,0,3,0,0.0,-2.333333,3,-0.45,1,1,1,36,0,0,0,1.0
2022-05-16,2021-22,SerieA,Juventus,Lazio,2,0,1,0.666667,1.333333,3,0.216667,0,1,0,36,0,0,2,0.5
2022-05-16,2021-22,SerieA,Sampdoria,Fiorentina,2,1,0,0.666667,0.0,3,0.216667,1,1,0,36,0,0,1,1.0
2022-05-17,2021-22,EPL,Southampton,Liverpool,1,2,0,0.333333,-1.666667,3,-0.116667,1,1,0,36,0,0,15,0.0
2022-05-19,2021-22,EPL,Chelsea,Leicester,2,1,0,0.666667,0.666667,3,0.216667,0,0,0,36,0,2,2,0.5
2022-05-19,2021-22,EPL,Aston Villa,Burnley,1,1,1,0.333333,0.333333,3,-0.116667,0,0,1,36,0,1,0,0.5
2022-05-19,2021-22,EPL,Everton,Crystal Palace,1,1,1,0.333333,-0.333333,3,-0.116667,1,1,0,36,0,0,4,1.0
2022-05-20,2021-22,SerieA,Torino,Roma,1,2,0,0.333333,-0.333333,3,-0.116667,1,0,0,37,0,1,1,0.0
2022-05-20,2021-22,LaLiga,Vallecano,Levante,0,0,1,0.0,0.0,1,-0.45,0,1,0,37,0,0,1,0.0
2022-05-20,2021-22,LaLiga,Real Madrid,Betis,2,0,1,0.666667,0.666667,3,0.216667,0,0,0,37,0,2,2,0.5
2022-05-21,2021-22,LaLiga,Valencia,Celta,2,1,0,0.666667,0.666667,3,0.216667,0,0,0,37,0,1,1,1.0
2022-05-21,2021-22,SerieA,Atalanta,Empoli,1,0,0,1.0,3.0,1,0.55,0,1,0,37,0,0,1,0.0
2022-05-21,2021-22,SerieA,Fiorentina,Juventus,1,1,1,0.333333,0.666667,3,-0.116667,1,1,0,37,0,0,1,1.0
2022-05-21,2021-22,SerieA,Lazio,Verona,1,2,0,0.333333,-1.0,3,-0.116667,1,0,1,37,0,3,0,0.5
2022-05-21,2021-22,Ligue1,Angers,Montpellier,0,2,1,0.0,-2.0,3,-0.45,1,1,1,37,0,0,0,1.0
2022-05-21,2021-22,Ligue1,Clermont,Lyon,0,0,1,0.0,0.0,1,-0.45,0,1,0,37,0,0,1,0.0
2022-05-21,2021-22,Ligue1,Lens,Monaco,2,0,1,0.666667,1.666667,3,0.216667,0,0,0,37,0,7,9,0.5
2022-05-21,2021-22,Ligue1,Lorient,Troyes,0,1,0,0.0,-2.0,1,-0.45,1,0,1,37,0,1,0,0.5
2022-05-21,2021-22,Ligue1,Marseille,Strasbourg,2,0,1,0.666667,1.0,3,0.216667,0,1,0,37,0,0,3,1.0
2022-05-21,2021-22,Ligue1,Nantes,St Etienne,1,0,2,0.333333,0.333333,3,-0.116667,0,1,1,37,0,0,0,0.5
2022-05-21,2021-22,Ligue1,Paris SG,Metz,3,0,0,1.0,1.333333,3,0.55,0,0,0,37,0,8,3,1.0
2022-05-21,2021-22,Ligue1,Reims,Nice,0,0,3,0.0,0.0,3,-0.45,0,0,1,37,0,1,0,0.0
2022-05-21,2021-22,SerieA,Genoa,Bologna,2,0,1,0.666667,1.333333,3,0.216667,0,1,1,37,0,0,0,0.0
2022-05-21,2021-22,Ligue1,Brest,Bordeaux,2,1,0,0.666667,0.333333,3,0.216667,0,1,0,37,0,0,1,0.0
2022-05-21,2021-22,Ligue1,Lille,Rennes,2,0,1,0.666667,0.666667,3,0.216667,0,0,0,37,0,1,1,0.5
2022-05-22,2021-22,SerieA,Venezia,Cagliari,0,0,1,0.0,0.0,1,-0.45,0,0,1,37,0,2,0,0.5
2022-05-22,2021-22,LaLiga,Granada,Espanol,0,1,0,0.0,-2.0,1,-0.45,1,1,0,37,0,0,1,0.5
2022-05-22,2021-22,LaLiga,Osasuna,Mallorca,1,0,0,1.0,1.0,1,0.55,0,1,0,37,0,0,2,0.0
2022-05-22,2021-22,LaLiga,Barcelona,Villarreal,3,0,0,1.0,2.333333,3,0.55,0,0,1,37,0,4,0,0.0
2022-05-22,2021-22,LaLiga,Sevilla,Ath Bilbao,1,2,0,0.333333,-0.333333,3,-0.116667,0,0,0,37,0,5,1,1.0
2022-05-22,2021-22,LaLiga,Sociedad,Ath Madrid,0,2,1,0.0,-1.0,3,-0.45,0,0,0,37,0,2,3,0.0
2022-05-22,2021-22,EPL,Burnley,Newcastle,0,3,0,0.0,-1.333333,3,-0.45,1,0,0,37,0,1,1,0.0
2022-05-22,2021-22,SerieA,Salernitana,Udinese,1,0,0,1.0,1.0,1,0.55,0,0,1,37,0,7,0,0.0
2022-05-22,2021-22,SerieA,Sassuolo,Milan,2,1,0,0.666667,0.666667,3,0.216667,0,0,0,37,0,2,15,0.0
2022-05-22,2021-22,LaLiga,Alaves,Cadiz,1,1,1,0.333333,0.0,3,-0.116667,0,1,0,37,0,0,1,0.0
2022-05-22,2021-22,SerieA,Inter,Sampdoria,1,1,1,0.333333,1.0,3,-0.116667,0,0,0,37,0,3,1,1.0
2022-05-22,2021-22,EPL,Norwich,Tottenham,0,1,0,0.0,-3.0,1,-0.45,1,0,0,37,0,1,5,0.0
2022-05-22,2021-22,EPL,Man City,Aston Villa,3,0,0,1.0,1.333333,3,0.55,0,0,0,37,0,11,2,1.0
2022-05-22,2021-22,EPL,Liverpool,Wolves,3,0,0,1.0,2.0,3,0.55,0,0,0,37,0,15,1,1.0
2022-05-22,2021-22,EPL,Leicester,Southampton,1,0,2,0.333333,0.666667,3,-0.116667,0,0,1,37,0,3,0,1.0
2022-05-22,2021-22,EPL,Crystal Palace,Man United,1,1,1,0.333333,0.333333,3,-0.116667,1,1,1,37,0,0,0,1.0
2022-05-22,2021-22,EPL,Arsenal,Everton,0,3,0,0.0,-1.0,3,-0.45,1,1,0,37,0,0,1,1.0
2022-05-22,2021-22,EPL,Brentford,Leeds,0,0,1,0.0,0.0,1,-0.45,0,0,0,37,0,2,1,0.0
2022-05-22,2021-22,EPL,Brighton,West Ham,0,0,3,0.0,0.0,3,-0.45,0,0,0,37,0,4,2,1.0
2022-05-22,2021-22,SerieA,Spezia,Napoli,2,1,0,0.666667,-0.333333,3,0.216667,0,0,0,37,0,1,3,0.0
2022-05-22,2021-22,LaLiga,Elche,Getafe,1,1,1,0.333333,-0.333333,3,-0.116667,0,1,0,37,0,0,5,1.0
2022-05-22,2021-22,EPL,Chelsea,Watford,1,0,0,1.0,1.0,1,0.55,0,0,1,37,0,3,0,1.0
2022-08-05,2022-23,EPL,Crystal Palace,Arsenal,1,1,2,0.25,0.25,4,-0.2,0,0,0,0,1,1,1,0.0
2022-08-05,2022-23,Ligue1,Lyon,Ajaccio,0,0,0,0.45,0.0,0,0.0,0,0,0,0,1,2,0,1.0
2022-08-05,2022-23,Bundesliga,Ein Frankfurt,Bayern Munich,2,2,0,0.5,-1.0,4,0.05,1,0,0,0,1,2,2,0.0
2022-08-06,2022-23,Bundesliga,Augsburg,Freiburg,0,3,1,0.0,-1.5,4,-0.45,1,0,1,0,1,1,0,0.0
2022-08-06,2022-23,EPL,Bournemouth,Aston Villa,0,0,0,0.45,0.0,0,0.0,0,0,1,0,1,0,0,1.0
2022-08-06,2022-23,EPL,Newcastle,Nott'm Forest,0,0,0,0.45,0.0,0,0.0,0,0,0,0,1,2,0,1.0
2022-08-06,2022-23,Ligue1,Clermont,Paris SG,0,2,0,0.0,-4.5,2,-0.45,1,1,0,0,1,0,9,0.0
2022-08-06,2022-23,Bundesliga,M'gladbach,Hoffenheim,1,2,1,0.25,0.5,4,-0.2,0,0,1,0,1,4,0,1.0
2022-08-06,2022-23,Bundesliga,Union Berlin,Hertha,2,1,1,0.5,0.75,4,0.05,0,0,1,0,1,7,0,1.0
2022-08-06,2022-23,Bundesliga,Wolfsburg,Werder Bremen,2,0,0,1.0,1.5,2,0.55,0,0,1,0,1,4,0,0.5
2022-08-06,2022-23,Bundesliga,Dortmund,Leverkusen,2,2,0,0.5,-0.25,4,0.05,1,0,0,0,1,2,4,1.0
2022-08-06,2022-23,EPL,Tottenham,Southampton,2,1,1,0.5,0.75,4,0.05,1,0,1,0,1,6,0,1.0
2022-08-06,2022-23,EPL,Leeds,Wolves,1,2,1,0.25,-0.25,4,-0.2,0,0,1,0,1,2,0,1.0
2022-08-06,2022-23,EPL,Everton,Chelsea,2,1,1,0.5,0.0,4,0.05,0,1,0,0,1,0,4,0.0
2022-08-06,2022-23,Ligue1,Strasbourg,Monaco,2,1,1,0.5,0.25,4,0.05,0,1,0,0,1,0,10,0.0
2022-08-06,2022-23,Bundesliga,Bochum,Mainz,1,1,0,0.5,0.5,2,0.05,1,1,0,0,1,0,3,0.0
2022-08-06,2022-23,EPL,Fulham,Liverpool,1,0,1,0.5,0.5,2,0.05,0,1,0,0,1,0,15,0.5
2022-08-07,2022-23,Ligue1,Rennes,Lorient,3,0,1,0.75,2.5,4,0.3,0,0,0,0,1,2,2,0.0
2022-08-07,2022-23,Ligue1,Montpellier,Troyes,0,1,1,0.0,-0.5,2,-0.45,1,1,0,0,1,0,1,1.0
2022-08-07,2022-23,Ligue1,Lille,Auxerre,0,0,0,0.45,0.0,0,0.0,0,0,0,0,1,2,0,1.0
2022-08-07,2022-23,EPL,Leicester,Brentford,2,0,0,1.0,1.0,2,0.55,0,0,1,0,1,4,0,0.5
2022-08-07,2022-23,EPL,Man United,Brighton,3,1,0,0.75,0.0,4,0.3,1,1,0,0,1,0,5,0.0
2022-08-07,2022-23,EPL,West Ham,Man City,0,2,2,0.0,-0.5,4,-0.45,0,1,0,0,1,0,12,0.0
2022-08-07,2022-23,Ligue1,Marseille,Reims,2,0,2,0.5,0.75,4,0.05,0,0,1,0,1,1,0,1.0
2022-08-07,2022-23,Ligue1,Angers,Nantes,0,2,2,0.0,-1.25,4,-0.45,0,0,0,0,1,1,1,0.5
2022-08-07,2022-23,Ligue1,Toulouse,Nice,0,0,0,0.45,0.0,0,0.0,0,0,0,0,1,0,1,0.5
2022-08-07,2022-23,Bundesliga,Stuttgart,RB Leipzig,0,4,0,0.0,-2.25,4,-0.45,1,0,0,0,1,3,2,0.5
2022-08-07,2022-23,Bundesliga,FC Koln,Schalke 04,2,0,0,1.0,1.0,2,0.55,0,1,1,0,1,0,0,1.0
2022-08-07,2022-23,Ligue1,Lens,Brest,1,2,1,0.25,-1.0,4,-0.2,1,0,1,0,1,8,0,1.0
2022-08-12,2022-23,Ligue1,Nantes,Lille,0,3,1,0.0,-1.25,4,-0.45,1,0,0,1,1,2,3,0.5
2022-08-12,2022-23,LaLiga,Osasuna,Sevilla,0,3,1,0.0,-1.25,4,-0.45,0,1,0,0,1,0,6,1.0
2022-08-12,2022-23,Bundesliga,Freiburg,Dortmund,2,2,0,0.5,-1.5,4,0.05,1,0,0,1,1,1,3,0.0
2022-08-13,2022-23,Bundesliga,Hertha,Ein Frankfurt,1,3,0,0.25,-1.5,4,-0.2,1,1,1,1,1,0,0,0.5
2022-08-13,2022-23,Bundesliga,Hoffenheim,Bochum,0,2,0,0.0,-1.5,2,-0.45,1,1,1,1,1,0,0,1.0
2022-08-13,2022-23,Bundesliga,Leverkusen,Augsburg,3,0,1,0.75,2.25,4,0.3,0,1,1,1,1,0,0,0.0
2022-08-13,2022-23,Bundesliga,Werder Bremen,Stuttgart,0,2,0,0.0,-1.0,2,-0.45,1,0,0,1,1,1,4,0.5
2022-08-13,2022-23,Bundesliga,Schalke 04,M'gladbach,0,2,0,0.0,-3.0,2,-0.45,1,1,0,1,1,0,5,0.5
2022-08-13,2022-23,EPL,Aston Villa,Everton,3,0,1,0.75,1.25,4,0.3,0,1,1,1,1,0,0,1.0
2022-08-13,2022-23,EPL,Arsenal,Leicester,3,1,0,0.75,1.25,4,0.3,0,0,0,1,1,2,5,1.0
2022-08-13,2022-23,EPL,Brighton,Newcastle,2,1,1,0.5,1.25,4,0.05,1,0,0,1,1,6,3,0.5
2022-08-13,2022-23,EPL,Wolves,Fulham,2,0,0,1.0,1.0,2,0.55,0,1,0,1,1,0,1,0.5
2022-08-13,2022-23,EPL,Southampton,Leeds,1,2,1,0.25,-1.0,4,-0.2,0,1,0,1,1,0,3,0.5
2022-08-13,2022-23,Ligue1,Paris SG,Montpellier,4,0,0,1.0,3.0,4,0.55,0,0,0,1,1,10,1,1.0
2022-08-13,2022-23,Ligue1,Monaco,Rennes,3,1,0,0.75,0.5,4,0.3,0,0,1,1,1,11,0,0.5
2022-08-13,2022-23,LaLiga,Celta,Espanol,1,1,0,0.5,0.5,2,0.05,1,1,0,0,1,0,2,0.5
2022-08-13,2022-23,LaLiga,Valladolid,Villarreal,0,2,0,0.0,-2.0,2,-0.45,1,1,0,0,1,0,1,0.0
2022-08-13,2022-23,LaLiga,Barcelona,Vallecano,0,2,0,0.0,-1.0,2,-0.45,1,1,1,0,1,0,0,0.5
2022-08-13,2022-23,EPL,Man City,Bournemouth,0,0,0,0.45,0.0,0,0.0,0,0,0,1,1,13,1,1.0
2022-08-13,2022-23,SerieA,Monza,Torino,0,0,0,0.45,0.0,0,0.0,0,0,1,0,1,0,0,0.0
2022-08-13,2022-23,SerieA,Lecce,Inter,0,0,0,0.45,0.0,0,0.0,0,0,0,0,1,0,4,0.0
2022-08-13,2022-23,Bundesliga,RB Leipzig,FC Koln,1,1,2,0.25,0.25,4,-0.2,0,0,0,1,1,3,1,0.5
2022-08-13,2022-23,SerieA,Sampdoria,Atalanta,1,3,0,0.25,-1.5,4,-0.2,1,1,1,0,1,0,0,0.0
2022-08-13,2022-23,SerieA,Milan,Udinese,1,0,3,0.25,0.25,4,-0.2,0,0,0,0,1,15,1,1.0
2022-08-13,2022-23,EPL,Brentford,Man United,0,2,0,0.0,-2.5,2,-0.45,1,0,1,1,1,1,0,1.0
2022-08-14,2022-23,Ligue1,Nice,Strasbourg,1,2,1,0.25,-0.75,4,-0.2,0,0,1,1,1,2,0,0.5
2022-08-14,2022-23,Bundesliga,Bayern Munich,Wolfsburg,3,0,1,0.75,1.5,4,0.3,0,0,0,1,1,3,5,1.0
2022-08-14,2022-23,Bundesliga,Mainz,Union Berlin,1,3,0,0.25,-1.5,4,-0.2,1,0,0,1,1,4,8,0.5
2022-08-14,2022-23,EPL,Chelsea,Tottenham,3,0,1,0.75,1.5,4,0.3,0,0,0,1,1,5,7,0.5
2022-08-14,2022-23,SerieA,Salernitana,Roma,0,2,0,0.0,-2.5,2,-0.45,1,1,0,0,1,0,2,0.0
2022-08-14,2022-23,SerieA,Spezia,Empoli,0,0,2,0.0,0.0,2,-0.45,0,1,0,0,1,0,2,1.0
2022-08-14,2022-23,Ligue1,Ajaccio,Lens,0,0,0,0.45,0.0,0,0.0,0,1,0,1,1,0,9,0.5
2022-08-14,2022-23,EPL,Nott'm Forest,West Ham,0,0,0,0.45,0.0,0,0.0,0,1,1,1,1,0,0,1.0
2022-08-14,2022-23,Ligue1,Brest,Marseille,1,3,0,0.25,-1.25,4,-0.2,1,1,0,1,1,0,2,0.5
2022-08-14,2022-23,LaLiga,Almeria,Real Madrid,0,0,0,0.45,0.0,0,0.0,0,0,0,0,1,0,3,0.0
2022-08-14,2022-23,Ligue1,Reims,Clermont,1,0,1,0.5,0.5,2,0.05,0,1,1,1,1,0,0,0.0
2022-08-14,2022-23,LaLiga,Cadiz,Sociedad,0,4,0,0.0,-2.25,4,-0.45,1,0,1,0,1,2,0,0.0
2022-08-14,2022-23,LaLiga,Valencia,Girona,0,0,0,0.45,0.0,0,0.0,0,0,0,0,1,2,0,1.0
2022-08-14,2022-23,Ligue1,Auxerre,Angers,0,0,0,0.45,0.0,0,0.0,0,1,0,1,1,0,2,0.5
2022-08-14,2022-23,SerieA,Lazio,Bologna,2,2,0,0.5,-0.25,4,0.05,0,0,0,0,1,4,1,1.0
2022-08-14,2022-23,SerieA,Fiorentina,Cremonese,0,0,0,0.45,0.0,0,0.0,0,0,0,0,1,1,0,1.0
2022-08-14,2022-23,Ligue1,Troyes,Toulouse,0,0,0,0.45,0.0,0,0.0,0,1,0,1,1,0,1,0.0
2022-08-15,2022-23,SerieA,Juventus,Sassuolo,3,1,0,0.75,1.0,4,0.3,0,1,1,0,1,0,0,1.0
2022-08-15,2022-23,SerieA,Verona,Napoli,1,1,2,0.25,0.25,4,-0.2,1,0,0,0,1,1,4,0.0
2022-08-15,2022-23,LaLiga,Ath Bilbao,Mallorca,1,1,0,0.5,0.5,2,0.05,1,1,0,0,1,0,3,0.5
2022-08-15,2022-23,LaLiga,Getafe,Ath Madrid,0,3,1,0.0,-0.75,4,-0.45,1,1,0,0,1,0,4,0.0
2022-08-15,2022-23,LaLiga,Betis,Elche,2,1,1,0.5,1.0,4,0.05,1,0,0,0,1,3,1,1.0
2022-08-15,2022-23,EPL,Liverpool,Crystal Palace,4,0,0,1.0,3.5,4,0.55,0,0,1,1,1,15,0,0.5
2022-08-19,2022-23,Ligue1,Lyon,Troyes,2,0,0,1.0,1.5,2,0.55,0,0,1,1,1,3,0,1.0
2022-08-19,2022-23,Bundesliga,M'gladbach,Hertha,1,1,2,0.25,0.25,4,-0.2,0,0,0,2,1,6,1,1.0
2022-08-19,2022-23,LaLiga,Sevilla,Valladolid,0,0,2,0.0,0.0,2,-0.45,0,1,1,1,1,0,0,0.5
2022-08-19,2022-23,LaLiga,Espanol,Vallecano,0,2,0,0.0,-1.0,2,-0.45,1,0,0,1,1,3,1,0.0
2022-08-20,2022-23,EPL,Leicester,Southampton,2,0,2,0.5,1.25,4,0.05,0,1,0,2,1,0,1,0.0
2022-08-20,2022-23,LaLiga,Mallorca,Betis,0,1,1,0.0,-0.5,2,-0.45,1,0,0,1,1,4,4,0.0
2022-08-20,2022-23,LaLiga,Osasuna,Cadiz,4,0,0,1.0,1.5,4,0.55,0,0,1,1,1,1,0,1.0
2022-08-20,2022-23,EPL,Bournemouth,Arsenal,0,0,0,0.45,0.0,0,0.0,0,1,0,2,1,0,3,0.0
2022-08-20,2022-23,EPL,Tottenham,Wolves,2,1,1,0.5,0.25,4,0.05,1,0,0,2,1,8,1,1.0
2022-08-20,2022-23,EPL,Crystal Palace,Aston Villa,1,2,1,0.25,-0.75,4,-0.2,0,0,0,2,1,1,1,1.0
2022-08-20,2022-23,EPL,Everton,Nott'm Forest,0,0,0,0.45,0.0,0,0.0,0,1,0,2,1,0,1,0.5
2022-08-20,2022-23,EPL,Fulham,Brentford,0,0,0,0.45,0.0,0,0.0,0,0,0,2,1,2,2,1.0
2022-08-20,2022-23,Ligue1,Monaco,Lens,0,2,2,0.0,-1.25,4,-0.45,0,0,0,2,1,12,10,0.0
2022-08-20,2022-23,Ligue1,Marseille,Nantes,3,0,1,0.75,1.0,4,0.3,0,0,0,2,1,3,3,1.0
2022-08-20,2022-23,LaLiga,Celta,Real Madrid,0,4,0,0.0,-2.0,4,-0.45,1,0,0,1,1,1,4,0.0
2022-08-20,2022-23,SerieA,Torino,Lazio,0,1,3,0.0,-0.25,4,-0.45,0,0,0,1,1,1,5,0.5
2022-08-20,2022-23,SerieA,Inter,Spezia,3,0,1,0.75,1.25,4,0.3,0,0,0,1,1,5,1,1.0
2022-08-20,2022-23,SerieA,Sassuolo,Lecce,0,0,0,0.45,0.0,0,0.0,0,1,1,1,1,0,0,1.0
2022-08-20,2022-23,Bundesliga,Augsburg,Mainz,3,1,0,0.75,0.25,4,0.3,0,0,0,2,1,1,5,0.0
2022-08-20,2022-23,Bundesliga,Union Berlin,RB Leipzig,3,1,0,0.75,0.5,4,0.3,0,0,0,2,1,9,4,1.0
2022-08-20,2022-23,Bundesliga,Wolfsburg,Schalke 04,2,0,0,1.0,3.5,2,0.55,0,1,0,2,1,0,1,0.5
2022-08-20,2022-23,Bundesliga,Stuttgart,Freiburg,0,4,0,0.0,-1.25,4,-0.45,1,0,1,2,1,5,0,0.0
2022-08-20,2022-23,Bundesliga,Leverkusen,Hoffenheim,2,0,2,0.5,1.25,4,0.05,0,1,0,2,1,0,1,0.0
2022-08-20,2022-23,Bundesliga,Dortmund,Werder Bremen,2,0,0,1.0,2.0,2,0.55,0,0,0,2,1,4,2,0.0
2022-08-20,2022-23,SerieA,Udinese,Salernitana,1,1,0,0.5,1.5,2,0.05,0,1,1,1,1,0,0,0.5
2022-08-21,2022-23,SerieA,Empoli,Fiorentina,1,1,0,0.5,0.0,2,0.05,1,1,0,1,1,0,2,0.5
2022-08-21,2022-23,SerieA,Atalanta,Milan,1,3,0,0.25,-0.5,4,-0.2,1,0,0,1,1,1,15,0.5
2022-08-21,2022-23,SerieA,Bologna,Verona,2,1,1,0.5,0.25,4,0.05,1,1,1,1,1,0,0,0.5
2022-08-21,2022-23,LaLiga,Ath Bilbao,Valencia,0,0,4,0.0,0.0,4,-0.45,0,0,0,1,1,1,3,1.0
2022-08-21,2022-23,SerieA,Napoli,Monza,0,0,0,0.45,0.0,0,0.0,0,0,1,1,1,5,0,1.0
2022-08-21,2022-23,LaLiga,Sociedad,Barcelona,0,4,0,0.0,-2.25,4,-0.45,1,0,0,1,1,1,1,0.0
2022-08-21,2022-23,Bundesliga,Ein Frankfurt,FC Koln,1,1,2,0.25,0.25,4,-0.2,1,0,0,2,1,1,2,0.5
2022-08-21,2022-23,Ligue1,Lille,Paris SG,1,2,1,0.25,-1.0,4,-0.2,1,0,0,2,1,4,11,0.0
2022-08-21,2022-23,Ligue1,Rennes,Ajaccio,0,0,0,0.45,0.0,0,0.0,0,0,0,2,1,1,1,1.0
2022-08-21,2022-23,Ligue1,Toulouse,Lorient,0,0,0,0.45,0.0,0,0.0,0,0,0,2,1,2,3,0.5
2022-08-21,2022-23,Ligue1,Montpellier,Auxerre,0,0,0,0.45,0.0,0,0.0,0,1,0,2,1,0,1,0.0
2022-08-21,2022-23,Ligue1,Clermont,Nice,1,1,0,0.5,0.0,2,0.05,0,0,0,2,1,1,3,1.0
2022-08-21,2022-23,Ligue1,Angers,Brest,2,0,2,0.5,0.5,4,0.05,0,0,0,2,1,3,1,0.0
2022-08-21,2022-23,LaLiga,Ath Madrid,Villarreal,1,0,3,0.25,0.5,4,-0.2,0,0,0,1,1,5,2,0.0
2022-08-21,2022-23,Ligue1,Strasbourg,Reims,0,2,2,0.0,-0.5,4,-0.45,0,0,1,2,1,1,0,0.5
2022-08-21,2022-23,EPL,Newcastle,Man City,0,4,0,0.0,-3.0,4,-0.45,1,0,0,2,1,4,14,0.5
2022-08-21,2022-23,EPL,West Ham,Brighton,0,1,3,0.0,-0.5,4,-0.45,1,1,0,2,1,0,7,0.0
2022-08-21,2022-23,EPL,Leeds,Chelsea,0,3,1,0.0,-1.5,4,-0.45,1,0,0,2,1,4,6,1.0
2022-08-21,2022-23,Bundesliga,Bochum,Bayern Munich,1,1,0,0.5,-2.5,2,0.05,0,1,0,2,1,0,4,0.0
2022-08-22,2022-23,EPL,Man United,Liverpool,0,3,1,0.0,-2.75,4,-0.45,1,1,0,2,1,0,15,1.0
2022-08-22,2022-23,SerieA,Sampdoria,Juventus,0,4,0,0.0,-2.0,4,-0.45,1,1,0,1,1,0,1,0.5
2022-08-22,2022-23,LaLiga,Elche,Almeria,0,0,0,0.45,0.0,0,0.0,0,1,1,1,1,0,0,0.5
2022-08-22,2022-23,SerieA,Roma,Cremonese,0,0,0,0.45,0.0,0,0.0,0,0,1,1,1,3,0,1.0
2022-08-22,2022-23,LaLiga,Girona,Getafe,0,0,0,0.45,0.0,0,0.0,0,1,1,1,1,0,0,1.0
2022-08-26,2022-23,Bundesliga,Freiburg,Bochum,1,1,0,0.5,1.0,2,0.05,0,0,1,3,1,1,0,1.0
2022-08-26,2022-23,Ligue1,Ajaccio,Lille,0,0,0,0.45,0.0,0,0.0,0,1,1,3,1,0,0,0.0
2022-08-26,2022-23,SerieA,Monza,Udinese,0,0,0,0.45,0.0,0,0.0,0,1,0,2,1,0,1,0.0
2022-08-26,2022-23,LaLiga,Girona,Celta,0,0,0,0.45,0.0,0,0.0,0,0,1,2,1,1,0,0.0
2022-08-26,2022-23,LaLiga,Betis,Osasuna,4,0,0,1.0,2.0,4,0.55,0,0,0,2,1,5,2,1.0
2022-08-26,2022-23,SerieA,Lazio,Inter,1,2,1,0.25,-0.25,4,-0.2,1,0,0,2,1,6,6,1.0
2022-08-27,2022-23,SerieA,Cremonese,Torino,0,0,0,0.45,0.0,0,0.0,0,1,0,2,1,0,2,0.0
2022-08-27,2022-23,Bundesliga,Hertha,Dortmund,1,3,0,0.25,-1.25,4,-0.2,1,1,1,3,1,0,0,0.0
2022-08-27,2022-23,Bundesliga,Hoffenheim,Augsburg,3,1,0,0.75,1.75,4,0.3,0,0,1,3,1,2,0,1.0
2022-08-27,2022-23,Bundesliga,Mainz,Leverkusen,1,2,1,0.25,-0.25,4,-0.2,0,0,1,3,1,6,0,0.0
2022-08-27,2022-23,Bundesliga,RB Leipzig,Wolfsburg,1,1,2,0.25,0.25,4,-0.2,0,1,0,3,1,0,1,1.0
2022-08-27,2022-23,Bundesliga,Schalke 04,Union Berlin,0,0,2,0.0,0.0,2,-0.45,0,0,0,3,1,2,10,0.0
2022-08-27,2022-23,Bundesliga,Bayern Munich,M'gladbach,1,2,1,0.25,1.0,4,-0.2,1,0,0,3,1,5,7,0.5
2022-08-27,2022-23,Ligue1,Lens,Rennes,2,0,2,0.5,0.75,4,0.05,0,0,0,3,1,11,2,1.0
2022-08-27,2022-23,Ligue1,Auxerre,Strasbourg,0,0,0,0.45,0.0,0,0.0,0,0,0,3,1,2,2,1.0
2022-08-27,2022-23,EPL,Arsenal,Fulham,1,0,1,0.5,1.5,2,0.05,0,0,0,3,1,4,3,1.0
2022-08-27,2022-23,EPL,Man City,Crystal Palace,2,1,1,0.5,1.0,4,0.05,0,0,0,3,1,15,2,1.0
2022-08-27,2022-23,EPL,Liverpool,Bournemouth,0,0,0,0.45,0.0,0,0.0,0,1,1,3,1,0,0,1.0
2022-08-27,2022-23,EPL,Chelsea,Leicester,2,1,1,0.5,0.5,4,0.05,0,1,1,3,1,0,0,1.0
2022-08-27,2022-23,EPL,Brighton,Leeds,2,0,2,0.5,0.75,4,0.05,0,0,0,3,1,8,5,1.0
2022-08-27,2022-23,EPL,Brentford,Everton,2,0,0,1.0,1.0,2,0.55,0,1,0,3,1,0,1,0.5
2022-08-27,2022-23,EPL,Southampton,Man United,0,2,2,0.0,-2.5,4,-0.45,0,0,0,3,1,2,1,0.0
2022-08-27,2022-23,LaLiga,Almeria,Sevilla,0,0,0,0.45,0.0,0,0.0,0,0,0,2,1,1,1,1.0
2022-08-27,2022-23,LaLiga,Vallecano,Mallorca,1,1,0,0.5,0.5,2,0.05,1,0,1,2,1,2,0,0.0
2022-08-27,2022-23,LaLiga,Elche,Sociedad,0,4,0,0.0,-1.75,4,-0.45,1,0,1,2,1,1,0,0.0
2022-08-27,2022-23,SerieA,Spezia,Sassuolo,1,2,1,0.25,-1.25,4,-0.2,1,1,0,2,1,0,1,0.5
2022-08-27,2022-23,SerieA,Milan,Bologna,3,0,1,0.75,1.25,4,0.3,0,0,0,2,1,15,1,1.0
2022-08-27,2022-23,SerieA,Juventus,Roma,3,0,1,0.75,1.0,4,0.3,0,0,0,2,1,2,4,0.5
2022-08-28,2022-23,Ligue1,Nantes,Toulouse,0,0,0,0.45,0.0,0,0.0,0,1,0,3,1,0,3,1.0
2022-08-28,2022-23,Ligue1,Brest,Montpellier,1,1,2,0.25,-0.75,4,-0.2,0,0,1,3,1,2,0,0.0
2022-08-28,2022-23,Ligue1,Lorient,Clermont,1,0,1,0.5,1.0,2,0.05,0,0,0,2,1,4,2,1.0
2022-08-28,2022-23,EPL,Aston Villa,West Ham,0,4,0,0.0,-1.75,4,-0.45,1,1,1,3,1,0,0,0.0
2022-08-28,2022-23,Ligue1,Reims,Lyon,1,1,2,0.25,-0.5,4,-0.2,0,0,0,3,1,1,4,0.5
2022-08-28,2022-23,Ligue1,Paris SG,Monaco,1,3,0,0.25,-1.0,4,-0.2,1,0,1,3,1,12,0,0.5
2022-08-28,2022-23,EPL,Nott'm Forest,Tottenham,0,0,0,0.45,0.0,0,0.0,0,0,0,3,1,2,9,0.0
2022-08-28,2022-23,EPL,Wolves,Newcastle,1,1,2,0.25,0.0,4,-0.2,1,1,0,3,1,0,5,0.5
2022-08-28,2022-23,Ligue1,Troyes,Angers,0,1,1,0.0,-0.5,2,-0.45,1,1,1,3,1,0,0,1.0
2022-08-28,2022-23,Ligue1,Nice,Marseille,1,2,1,0.25,0.25,4,-0.2,1,1,0,3,1,0,4,0.0
2022-08-28,2022-23,SerieA,Fiorentina,Napoli,1,3,0,0.25,-2.0,4,-0.2,0,0,0,2,1,3,6,0.5
2022-08-28,2022-23,Bundesliga,Werder Bremen,Ein Frankfurt,1,0,1,0.5,0.5,2,0.05,0,0,0,3,1,3,2,0.0
2022-08-28,2022-23,LaLiga,Espanol,Real Madrid,1,1,0,0.5,-1.5,2,0.05,1,1,0,2,1,0,5,0.0
2022-08-28,2022-23,LaLiga,Barcelona,Valladolid,2,0,0,1.0,2.0,2,0.55,0,0,0,2,1,2,1,1.0
2022-08-28,2022-23,LaLiga,Getafe,Villarreal,0,4,0,0.0,-1.25,4,-0.45,1,1,0,2,1,0,3,0.5
2022-08-28,2022-23,SerieA,Salernitana,Sampdoria,1,1,0,0.5,-0.5,2,0.05,0,0,0,2,1,1,1,1.0
2022-08-28,2022-23,SerieA,Verona,Atalanta,2,2,0,0.5,0.0,4,0.05,0,0,0,2,1,1,2,0.0
2022-08-28,2022-23,SerieA,Lecce,Empoli,0,0,0,0.45,0.0,0,0.0,0,1,0,2,1,0,1,0.5
2022-08-28,2022-23,Bundesliga,FC Koln,Stuttgart,1,2,1,0.25,-0.25,4,-0.2,1,0,1,3,1,3,0,0.5
2022-08-29,2022-23,LaLiga,Valencia,Ath Madrid,0,3,1,0.0,-1.0,4,-0.45,1,1,1,2,1,0,0,0.0
2022-08-29,2022-23,LaLiga,Cadiz,Ath Bilbao,2,2,0,0.5,-0.75,4,0.05,1,1,0,2,1,0,2,0.0
2022-08-30,2022-23,SerieA,Roma,Monza,0,0,0,0.45,0.0,0,0.0,0,0,1,3,1,5,0,1.0
2022-08-30,2022-23,EPL,Crystal Palace,Brentford,0,0,2,0.0,0.0,2,-0.45,0,1,0,4,1,0,1,0.5
2022-08-30,2022-23,EPL,Southampton,Chelsea,0,2,2,0.0,-2.0,4,-0.45,1,1,0,4,1,0,1,1.0
2022-08-30,2022-23,EPL,Leeds,Everton,1,2,1,0.25,-0.75,4,-0.2,1,1,0,4,1,0,2,0.5
2022-08-30,2022-23,EPL,Fulham,Brighton,0,0,2,0.0,0.0,2,-0.45,0,1,0,4,1,0,9,1.0
2022-08-30,2022-23,SerieA,Inter,Cremonese,0,0,0,0.45,0.0,0,0.0,0,1,1,3,1,0,0,1.0
2022-08-30,2022-23,SerieA,Sassuolo,Milan,2,2,0,0.5,-0.25,4,0.05,1,0,0,3,1,2,15,0.5
2022-08-31,2022-23,SerieA,Napoli,Lecce,0,0,0,0.45,0.0,0,0.0,0,0,0,3,1,7,1,0.5
2022-08-31,2022-23,Ligue1,Monaco,Troyes,2,0,0,1.0,1.0,2,0.55,0,0,0,4,1,1,1,0.0
2022-08-31,2022-23,Ligue1,Lyon,Auxerre,0,0,0,0.45,0.0,0,0.0,0,0,0,3,1,5,3,1.0
2022-08-31,2022-23,Ligue1,Angers,Reims,2,1,1,0.5,0.25,4,0.05,1,1,0,4,1,0,2,0.0
2022-08-31,2022-23,Ligue1,Lens,Lorient,2,1,1,0.5,0.5,4,0.05,1,0,0,4,1,12,5,1.0
2022-08-31,2022-23,SerieA,Juventus,Spezia,4,0,0,1.0,2.0,4,0.55,0,0,0,3,1,3,1,1.0
2022-08-31,2022-23,SerieA,Empoli,Verona,0,1,1,0.0,-0.5,2,-0.45,0,0,1,3,1,2,0,0.5
2022-08-31,2022-23,Ligue1,Lille,Nice,2,1,1,0.5,0.0,4,0.05,0,0,1,4,1,1,0,0.0
2022-08-31,2022-23,Ligue1,Montpellier,Ajaccio,0,0,0,0.45,0.0,0,0.0,0,0,1,4,1,1,0,1.0
2022-08-31,2022-23,SerieA,Sampdoria,Lazio,1,3,0,0.25,-0.5,4,-0.2,1,1,0,3,1,0,7,0.5
2022-08-31,2022-23,Ligue1,Marseille,Clermont,1,1,0,0.5,-0.5,2,0.05,1,0,1,4,1,5,0,1.0
2022-08-31,2022-23,Ligue1,Toulouse,Paris SG,0,0,0,0.45,0.0,0,0.0,0,1,0,4,1,0,13,0.0
2022-08-31,2022-23,EPL,Liverpool,Newcastle,2,0,2,0.5,0.75,4,0.05,0,0,0,4,1,1,6,1.0
2022-08-31,2022-23,Ligue1,Rennes,Brest,3,0,1,0.75,1.0,4,0.3,0,1,1,4,1,0,0,1.0
2022-08-31,2022-23,EPL,West Ham,Tottenham,2,1,1,0.5,0.0,4,0.05,1,0,0,4,1,1,10,0.5
2022-08-31,2022-23,EPL,Man City,Nott'm Forest,0,0,0,0.45,0.0,0,0.0,0,0,1,4,1,15,0,1.0
2022-08-31,2022-23,Ligue1,Strasbourg,Nantes,2,1,1,0.5,1.0,4,0.05,0,1,0,4,1,0,1,0.5
2022-08-31,2022-23,EPL,Bournemouth,Wolves,0,0,0,0.45,0.0,0,0.0,0,1,0,4,1,0,1,0.5
2022-08-31,2022-23,EPL,Arsenal,Aston Villa,2,2,0,0.5,-0.25,4,0.05,0,0,1,4,1,5,0,1.0
2022-08-31,2022-23,SerieA,Udinese,Fiorentina,2,2,0,0.5,0.75,4,0.05,0,0,0,3,1,2,4,1.0
2022-09-01,2022-23,SerieA,Bologna,Salernitana,1,0,1,0.5,0.5,2,0.05,0,1,0,3,1,0,2,0.5
2022-09-01,2022-23,EPL,Leicester,Man United,2,0,2,0.5,0.75,4,0.05,0,1,0,4,1,0,2,0.0
2022-09-01,2022-23,SerieA,Atalanta,Torino,2,0,2,0.5,0.75,4,0.05,0,0,0,3,1,3,3,1.0
2022-09-02,2022-23,LaLiga,Celta,Cadiz,1,1,2,0.25,0.75,4,-0.2,0,0,1,3,1,1,0,1.0
2022-09-02,2022-23,Bundesliga,Dortmund,Hoffenheim,3,0,1,0.75,0.75,4,0.3,0,0,0,4,1,1,3,1.0
2022-09-03,2022-23,LaLiga,Mallorca,Girona,0,0,0,0.45,0.0,0,0.0,0,0,1,3,1,1,0,0.5
2022-09-03,2022-23,LaLiga,Real Madrid,Betis,2,0,2,0.5,0.5,4,0.05,0,0,0,3,1,6,6,1.0
2022-09-03,2022-23,LaLiga,Sociedad,Ath Madrid,0,3,1,0.0,-1.0,4,-0.45,1,0,0,3,1,1,1,0.5
2022-09-03,2022-23,EPL,Newcastle,Crystal Palace,2,1,1,0.5,0.5,4,0.05,0,1,0,5,0,0,1,0.5
2022-09-03,2022-23,SerieA,Milan,Inter,2,1,1,0.5,-0.25,4,0.05,0,0,0,4,1,15,1,1.0
2022-09-03,2022-23,SerieA,Lazio,Napoli,1,3,0,0.25,-1.5,4,-0.2,1,0,0,4,1,8,8,0.0
2022-09-03,2022-23,LaLiga,Sevilla,Barcelona,0,2,2,0.0,-0.75,4,-0.45,1,1,0,3,1,0,3,0.0
2022-09-03,2022-23,EPL,Nott'm Forest,Bournemouth,0,0,0,0.45,0.0,0,0.0,0,1,0,5,0,0,1,0.0
2022-09-03,2022-23,EPL,Everton,Liverpool,1,2,1,0.25,-0.75,4,-0.2,1,0,0,5,0,3,2,0.5
2022-09-03,2022-23,EPL,Brentford,Leeds,0,1,1,0.0,-0.5,2,-0.45,1,0,0,5,0,2,1,1.0
2022-09-03,2022-23,EPL,Chelsea,West Ham,3,1,0,0.75,1.0,4,0.3,0,1,0,5,0,0,2,1.0
2022-09-03,2022-23,EPL,Tottenham,Fulham,1,0,1,0.5,0.5,2,0.05,0,0,0,5,0,11,1,1.0
2022-09-03,2022-23,SerieA,Fiorentina,Juventus,2,1,1,0.5,1.0,4,0.05,0,1,0,4,1,0,4,0.5
2022-09-03,2022-23,EPL,Wolves,Southampton,3,0,1,0.75,1.0,4,0.3,0,0,0,5,0,2,1,1.0
2022-09-03,2022-23,Ligue1,Lyon,Angers,3,1,0,0.75,0.5,4,0.3,0,0,1,4,1,6,0,1.0
2022-09-03,2022-23,Ligue1,Auxerre,Marseille,0,0,0,0.45,0.0,0,0.0,0,1,0,5,0,0,6,0.0
2022-09-03,2022-23,Bundesliga,Wolfsburg,FC Koln,2,1,1,0.5,0.25,4,0.05,0,1,0,4,1,0,4,0.0
2022-09-03,2022-23,Bundesliga,Union Berlin,Bayern Munich,0,2,2,0.0,-1.75,4,-0.45,1,0,0,4,1,11,6,0.5
2022-09-03,2022-23,Bundesliga,Stuttgart,Schalke 04,1,0,1,0.5,2.0,2,0.05,0,0,1,4,1,1,0,0.5
2022-09-03,2022-23,Bundesliga,Leverkusen,Freiburg,2,2,0,0.5,0.25,4,0.05,0,0,0,4,1,1,2,0.0
2022-09-03,2022-23,EPL,Aston Villa,Man City,0,4,0,0.0,-1.25,4,-0.45,1,1,0,5,0,0,15,0.5
2022-09-03,2022-23,Bundesliga,Bochum,Werder Bremen,0,0,0,0.45,0.0,0,0.0,0,1,1,4,1,0,0,0.0
2022-09-03,2022-23,Bundesliga,Ein Frankfurt,RB Leipzig,0,0,4,0.0,0.0,4,-0.45,0,0,0,4,1,3,1,1.0
2022-09-03,2022-23,Ligue1,Nantes,Paris SG,2,2,0,0.5,-0.5,4,0.05,0,0,0,5,0,2,14,0.0
2022-09-04,2022-23,Bundesliga,Augsburg,Hertha,0,3,1,0.0,-1.25,4,-0.45,1,1,1,4,1,0,0,0.0
2022-09-04,2022-23,Bundesliga,M'gladbach,Mainz,1,1,2,0.25,0.0,4,-0.2,0,0,1,4,1,8,0,0.0
2022-09-04,2022-23,Ligue1,Brest,Strasbourg,0,3,1,0.0,-1.5,4,-0.45,1,1,0,5,0,0,1,0.5
2022-09-04,2022-23,SerieA,Cremonese,Sassuolo,0,0,0,0.45,0.0,0,0.0,0,1,0,4,1,0,3,0.5
2022-09-04,2022-23,SerieA,Spezia,Bologna,0,3,1,0.0,-1.25,4,-0.45,1,1,0,4,1,0,1,0.5
2022-09-04,2022-23,SerieA,Verona,Sampdoria,0,3,1,0.0,-1.25,4,-0.45,0,0,0,4,1,1,1,1.0
2022-09-04,2022-23,SerieA,Udinese,Roma,0,3,1,0.0,-1.25,4,-0.45,0,0,0,4,1,3,6,1.0
2022-09-04,2022-23,Ligue1,Montpellier,Lille,0,3,1,0.0,-0.75,4,-0.45,1,0,1,5,0,2,0,0.0
2022-09-04,2022-23,Ligue1,Clermont,Toulouse,0,0,0,0.45,0.0,0,0.0,0,1,1,5,0,0,0,1.0
2022-09-04,2022-23,LaLiga,Ath Bilbao,Espanol,1,0,1,0.5,0.5,2,0.05,0,0,1,3,1,3,0,0.0
2022-09-04,2022-23,Ligue1,Nice,Monaco,0,3,1,0.0,-0.75,4,-0.45,1,0,1,5,0,1,0,0.0
2022-09-04,2022-23,Ligue1,Troyes,Rennes,0,1,1,0.0,-1.5,2,-0.45,1,0,0,5,0,2,1,0.5
2022-09-04,2022-23,Ligue1,Reims,Lens,0,2,2,0.0,-0.75,4,-0.45,1,0,0,5,0,3,13,0.5
2022-09-04,2022-23,LaLiga,Osasuna,Vallecano,2,0,0,1.0,2.0,2,0.55,0,1,1,3,1,0,0,1.0
2022-09-04,2022-23,Ligue1,Ajaccio,Lorient,0,0,0,0.45,0.0,0,0.0,0,1,1,5,0,0,0,0.0
2022-09-04,2022-23,EPL,Brighton,Leicester,1,2,1,0.25,-0.75,4,-0.2,0,1,1,5,0,0,0,1.0
2022-09-04,2022-23,LaLiga,Valencia,Getafe,1,1,2,0.25,-0.5,4,-0.2,0,1,0,3,1,0,1,1.0
2022-09-04,2022-23,LaLiga,Villarreal,Elche,1,1,2,0.25,0.5,4,-0.2,1,0,1,3,1,4,0,1.0
2022-09-04,2022-23,EPL,Man United,Arsenal,1,2,1,0.25,-0.5,4,-0.2,1,0,0,5,0,3,6,1.0
2022-09-05,2022-23,SerieA,Salernitana,Empoli,0,1,1,0.0,-1.0,2,-0.45,0,0,0,4,1,3,3,0.5
2022-09-05,2022-23,SerieA,Monza,Atalanta,0,0,0,0.45,0.0,0,0.0,0,1,0,4,1,0,4,0.0
2022-09-05,2022-23,LaLiga,Valladolid,Almeria,0,0,0,0.45,0.0,0,0.0,0,1,0,3,1,0,2,1.0
2022-09-05,2022-23,SerieA,Torino,Lecce,0,0,0,0.45,0.0,0,0.0,0,1,0,4,1,0,2,1.0
2022-09-07,2022-23,Ligue1,Lorient,Lyon,0,2,2,0.0,-1.5,4,-0.45,1,0,0,5,0,1,7,1.0
2022-09-09,2022-23,LaLiga,Girona,Valladolid,0,0,0,0.45,0.0,0,0.0,0,0,0,4,1,1,1,1.0
2022-09-09,2022-23,Ligue1,Lens,Troyes,2,0,0,1.0,3.0,2,0.55,0,0,0,6,0,14,3,1.0
2022-09-09,2022-23,Bundesliga,Werder Bremen,Augsburg,1,1,0,0.5,0.0,2,0.05,1,0,1,5,0,1,0,0.0
2022-09-10,2022-23,Bundesliga,Hertha,Leverkusen,1,1,2,0.25,0.5,4,-0.2,1,0,1,5,0,1,0,0.5
2022-09-10,2022-23,Bundesliga,RB Leipzig,Dortmund,2,2,0,0.5,0.25,4,0.05,0,1,0,5,0,0,2,1.0
2022-09-10,2022-23,Bundesliga,Hoffenheim,Mainz,0,3,1,0.0,-1.25,4,-0.45,1,1,0,5,0,0,1,1.0
2022-09-10,2022-23,Bundesliga,Ein Frankfurt,Wolfsburg,1,2,1,0.25,-0.5,4,-0.2,1,0,1,5,0,4,0,0.0
2022-09-10,2022-23,Bundesliga,Bayern Munich,Stuttgart,3,0,1,0.75,2.75,4,0.3,0,0,0,5,0,7,2,0.5
2022-09-10,2022-23,Bundesliga,Schalke 04,Bochum,0,0,0,0.45,0.0,0,0.0,0,0,1,5,0,1,0,1.0
2022-09-10,2022-23,SerieA,Sampdoria,Milan,0,3,1,0.0,-0.75,4,-0.45,1,1,0,5,0,0,15,0.0
2022-09-10,2022-23,Ligue1,Marseille,Lille,0,2,2,0.0,-1.0,4,-0.45,0,0,0,6,0,7,1,1.0
2022-09-10,2022-23,SerieA,Napoli,Spezia,2,2,0,0.5,1.0,4,0.05,0,0,0,5,0,9,1,1.0
2022-09-10,2022-23,Ligue1,Paris SG,Brest,4,0,0,1.0,2.25,4,0.55,0,0,0,6,0,15,1,1.0
2022-09-10,2022-23,LaLiga,Vallecano,Valencia,0,0,2,0.0,0.0,2,-0.45,0,1,0,4,1,0,1,1.0
2022-09-10,2022-23,LaLiga,Espanol,Sevilla,0,1,1,0.0,-1.0,2,-0.45,0,0,1,4,1,1,0,0.0
2022-09-10,2022-23,LaLiga,Cadiz,Barcelona,2,0,2,0.5,0.5,4,0.05,0,1,0,4,1,0,4,0.0
2022-09-10,2022-23,SerieA,Inter,Torino,3,0,1,0.75,1.0,4,0.3,0,1,0,5,0,0,1,1.0
2022-09-10,2022-23,LaLiga,Ath Madrid,Celta,3,0,1,0.75,1.25,4,0.3,0,0,0,4,1,2,2,1.0
2022-09-11,2022-23,LaLiga,Getafe,Sociedad,0,2,2,0.0,-1.0,4,-0.45,0,1,0,4,1,0,2,1.0
2022-09-11,2022-23,SerieA,Atalanta,Cremonese,0,0,0,0.45,0.0,0,0.0,0,0,0,5,0,5,1,0.5
2022-09-11,2022-23,Ligue1,Strasbourg,Clermont,2,0,0,1.0,1.5,2,0.55,0,0,0,6,0,2,1,0.5
2022-09-11,2022-23,Ligue1,Ajaccio,Nice,0,0,0,0.45,0.0,0,0.0,0,1,1,6,0,0,0,0.0
2022-09-11,2022-23,Ligue1,Angers,Montpellier,1,2,1,0.25,-1.0,4,-0.2,0,1,1,6,0,0,0,1.0
2022-09-11,2022-23,Ligue1,Lorient,Nantes,0,3,1,0.0,-1.25,4,-0.45,1,0,1,6,0,2,0,1.0
2022-09-11,2022-23,Ligue1,Toulouse,Reims,0,0,0,0.45,0.0,0,0.0,0,1,0,6,0,0,4,1.0
2022-09-11,2022-23,Ligue1,Rennes,Auxerre,0,0,0,0.45,0.0,0,0.0,0,0,1,6,0,2,0,1.0
2022-09-11,2022-23,LaLiga,Betis,Villarreal,1,2,1,0.25,-0.75,4,-0.2,1,1,0,4,1,0,5,1.0
2022-09-11,2022-23,Ligue1,Monaco,Lyon,1,3,0,0.25,-1.0,4,-0.2,0,0,1,6,0,1,0,1.0
2022-09-11,2022-23,SerieA,Lecce,Monza,0,0,0,0.45,0.0,0,0.0,0,1,1,5,0,0,0,0.5
2022-09-11,2022-23,SerieA,Sassuolo,Udinese,0,2,2,0.0,-0.75,4,-0.45,0,0,0,5,0,4,4,0.0
2022-09-11,2022-23,SerieA,Lazio,Verona,1,2,1,0.25,-0.75,4,-0.2,0,1,0,5,0,0,2,1.0
2022-09-11,2022-23,Bundesliga,Freiburg,M'gladbach,1,1,2,0.25,1.25,4,-0.2,0,0,1,5,0,3,0,0.5
2022-09-11,2022-23,SerieA,Juventus,Salernitana,2,0,0,1.0,2.0,2,0.55,0,0,0,5,0,5,4,0.5
2022-09-11,2022-23,LaLiga,Real Madrid,Mallorca,2,0,0,1.0,4.0,2,0.55,0,0,0,4,1,7,2,1.0
2022-09-11,2022-23,LaLiga,Elche,Ath Bilbao,1,2,1,0.25,0.0,4,-0.2,1,1,1,4,1,0,0,0.0
2022-09-11,2022-23,SerieA,Bologna,Fiorentina,0,2,2,0.0,-0.5,4,-0.45,1,0,0,5,0,2,1,1.0
2022-09-11,2022-23,Bundesliga,FC Koln,Union Berlin,0,3,1,0.0,-0.75,4,-0.45,1,0,0,5,0,5,12,0.0
2022-09-12,2022-23,SerieA,Empoli,Roma,0,2,0,0.0,-2.0,2,-0.45,1,0,1,5,0,4,0,0.0
2022-09-12,2022-23,LaLiga,Almeria,Osasuna,0,0,0,0.45,0.0,0,0.0,0,1,0,4,1,0,1,0.0
2022-09-16,2022-23,EPL,Nott'm Forest,Fulham,0,0,0,0.45,0.0,0,0.0,0,1,1,6,0,0,0,0.0
2022-09-16,2022-23,Ligue1,Auxerre,Lorient,0,0,0,0.45,0.0,0,0.0,0,1,0,7,0,0,3,0.0
2022-09-16,2022-23,EPL,Aston Villa,Southampton,2,2,0,0.5,0.75,4,0.05,0,0,1,6,0,1,0,1.0
2022-09-16,2022-23,Bundesliga,Mainz,Hertha,2,0,2,0.5,1.25,4,0.05,0,1,0,6,0,0,2,0.5
2022-09-16,2022-23,SerieA,Salernitana,Lecce,0,0,0,0.45,0.0,0,0.0,0,0,0,6,0,5,1,0.0
2022-09-16,2022-23,LaLiga,Valladolid,Cadiz,0,0,2,0.0,0.0,2,-0.45,0,1,1,5,0,0,0,0.0
2022-09-17,2022-23,Bundesliga,Leverkusen,Werder Bremen,0,0,2,0.0,0.0,2,-0.45,0,0,1,6,0,1,0,0.5
2022-09-17,2022-23,Bundesliga,Augsburg,Bayern Munich,1,3,0,0.25,-1.0,4,-0.2,1,0,0,6,0,1,8,1.0
2022-09-17,2022-23,LaLiga,Barcelona,Elche,4,0,0,1.0,1.75,4,0.55,0,0,1,5,0,5,0,1.0
2022-09-17,2022-23,Bundesliga,Stuttgart,Ein Frankfurt,0,1,3,0.0,-0.25,4,-0.45,1,0,1,6,0,3,0,0.0
2022-09-17,2022-23,LaLiga,Valencia,Celta,3,1,0,0.75,1.0,4,0.3,0,1,1,5,0,0,0,1.0
2022-09-17,2022-23,LaLiga,Ath Bilbao,Vallecano,1,1,0,0.5,0.0,2,0.05,0,0,0,5,0,1,1,1.0
2022-09-17,2022-23,Ligue1,Montpellier,Strasbourg,2,1,1,0.5,0.0,4,0.05,1,1,0,7,0,0,3,1.0
2022-09-17,2022-23,Ligue1,Lille,Toulouse,0,0,0,0.45,0.0,0,0.0,0,1,0,7,0,0,1,1.0
2022-09-17,2022-23,LaLiga,Mallorca,Almeria,0,0,0,0.45,0.0,0,0.0,0,1,1,5,0,0,0,1.0
2022-09-17,2022-23,Bundesliga,M'gladbach,RB Leipzig,2,2,0,0.5,-0.25,4,0.05,0,0,0,6,0,1,1,1.0
2022-09-17,2022-23,Bundesliga,Dortmund,Schalke 04,2,0,0,1.0,3.5,2,0.55,0,1,0,6,0,0,2,1.0
2022-09-17,2022-23,EPL,Wolves,Man City,0,4,0,0.0,-2.5,4,-0.45,1,0,0,6,0,3,15,0.0
2022-09-17,2022-23,EPL,Newcastle,Bournemouth,0,0,0,0.45,0.0,0,0.0,0,0,0,6,0,1,2,0.5
2022-09-17,2022-23,EPL,Tottenham,Leicester,3,1,0,0.75,0.75,4,0.3,0,0,1,6,0,12,0,1.0
2022-09-17,2022-23,SerieA,Torino,Sassuolo,2,0,2,0.5,0.5,4,0.05,0,1,1,6,0,0,0,0.0
2022-09-17,2022-23,SerieA,Spezia,Sampdoria,2,1,1,0.5,0.25,4,0.05,0,1,1,6,0,0,0,1.0
2022-09-17,2022-23,SerieA,Bologna,Empoli,0,1,1,0.0,-1.0,2,-0.45,0,0,1,6,0,3,0,0.0
2022-09-18,2022-23,Bundesliga,Bochum,FC Koln,0,1,1,0.0,-0.5,2,-0.45,0,1,1,6,0,0,0,0.5
2022-09-18,2022-23,Ligue1,Clermont,Troyes,2,0,0,1.0,1.5,2,0.55,0,0,1,7,0,2,0,0.0
2022-09-18,2022-23,Ligue1,Marseille,Rennes,2,2,0,0.5,0.0,4,0.05,1,0,0,7,0,8,3,0.5
2022-09-18,2022-23,Ligue1,Nice,Angers,4,0,0,1.0,2.0,4,0.55,0,0,0,7,0,1,1,0.0
2022-09-18,2022-23,Ligue1,Nantes,Lens,1,0,3,0.25,0.25,4,-0.2,0,1,0,7,0,0,15,0.5
2022-09-18,2022-23,Ligue1,Lyon,Paris SG,1,2,1,0.25,-0.5,4,-0.2,0,1,0,7,0,0,15,0.0
2022-09-18,2022-23,EPL,Brentford,Arsenal,1,1,0,0.5,0.5,2,0.05,1,0,1,6,0,3,0,0.0
2022-09-18,2022-23,LaLiga,Ath Madrid,Real Madrid,1,2,1,0.25,-0.75,4,-0.2,0,0,0,5,0,3,8,0.0
2022-09-18,2022-23,LaLiga,Sociedad,Espanol,1,1,0,0.5,0.0,2,0.05,0,1,1,5,0,0,0,1.0
2022-09-18,2022-23,LaLiga,Betis,Girona,0,0,0,0.45,0.0,0,0.0,0,0,0,5,0,1,2,1.0
2022-09-18,2022-23,LaLiga,Osasuna,Getafe,0,2,2,0.0,-0.5,4,-0.45,0,0,0,5,0,2,1,0.0
2022-09-18,2022-23,Bundesliga,Hoffenheim,Freiburg,1,2,1,0.25,-0.5,4,-0.2,1,0,0,6,0,1,4,0.5
2022-09-18,2022-23,EPL,Everton,West Ham,1,3,0,0.25,-0.5,4,-0.2,1,0,1,6,0,4,0,1.0
2022-09-18,2022-23,SerieA,Udinese,Inter,0,3,1,0.0,-1.75,4,-0.45,1,0,0,6,0,5,1,1.0
2022-09-18,2022-23,SerieA,Cremonese,Lazio,0,0,0,0.45,0.0,0,0.0,0,0,0,6,0,2,1,0.0
2022-09-18,2022-23,SerieA,Fiorentina,Verona,1,0,3,0.25,0.25,4,-0.2,0,1,1,6,0,0,0,1.0
2022-09-18,2022-23,SerieA,Monza,Juventus,0,0,0,0.45,0.0,0,0.0,0,0,0,6,0,1,6,1.0
2022-09-18,2022-23,Ligue1,Brest,Ajaccio,0,0,0,0.45,0.0,0,0.0,0,1,1,7,0,0,0,0.0
2022-09-18,2022-23,SerieA,Roma,Atalanta,2,1,1,0.5,0.25,4,0.05,0,0,0,6,0,1,6,0.0
2022-09-18,2022-23,SerieA,Milan,Napoli,2,2,0,0.5,0.25,4,0.05,0,0,0,6,0,15,10,0.0
2022-09-18,2022-23,Bundesliga,Union Berlin,Wolfsburg,1,2,1,0.25,-0.5,4,-0.2,1,0,0,6,0,13,1,1.0
2022-09-18,2022-23,LaLiga,Villarreal,Sevilla,1,2,1,0.25,0.25,4,-0.2,0,1,0,5,0,0,1,0.5
2022-09-18,2022-23,Ligue1,Reims,Monaco,1,1,2,0.25,0.0,4,-0.2,0,1,0,7,0,0,2,0.0
2022-09-30,2022-23,Bundesliga,Bayern Munich,Leverkusen,3,0,1,0.75,1.75,4,0.3,0,1,0,7,0,0,2,1.0
2022-09-30,2022-23,LaLiga,Ath Bilbao,Almeria,0,0,0,0.45,0.0,0,0.0,0,0,1,6,0,2,0,1.0
2022-09-30,2022-23,Ligue1,Angers,Marseille,1,2,1,0.25,-0.75,4,-0.2,1,0,0,8,0,2,9,0.0
2022-10-01,2022-23,Ligue1,Strasbourg,Rennes,1,2,1,0.25,-0.25,4,-0.2,0,1,0,8,0,0,4,0.0
2022-10-01,2022-23,EPL,Arsenal,Tottenham,2,2,0,0.5,-0.5,4,0.05,1,0,0,7,0,1,13,1.0
2022-10-01,2022-23,EPL,Bournemouth,Brentford,0,0,0,0.45,0.0,0,0.0,0,0,1,7,0,3,0,0.5
2022-10-01,2022-23,EPL,Crystal Palace,Chelsea,0,4,0,0.0,-2.75,4,-0.45,1,0,0,6,0,2,1,0.0
2022-10-01,2022-23,EPL,Fulham,Newcastle,0,1,1,0.0,-1.0,2,-0.45,1,0,0,7,0,1,2,0.0
2022-10-01,2022-23,EPL,Liverpool,Brighton,1,1,2,0.25,0.25,4,-0.2,0,0,0,6,0,3,1,0.5
2022-10-01,2022-23,EPL,Southampton,Everton,2,2,0,0.5,0.25,4,0.05,0,1,0,7,0,0,5,0.0
2022-10-01,2022-23,EPL,West Ham,Wolves,3,1,0,0.75,1.25,4,0.3,0,1,1,7,0,0,0,1.0
2022-10-01,2022-23,SerieA,Napoli,Torino,3,0,1,0.75,1.0,4,0.3,0,0,1,7,0,11,0,1.0
2022-10-01,2022-23,SerieA,Inter,Roma,3,0,1,0.75,1.75,4,0.3,0,1,1,7,0,0,0,0.0
2022-10-01,2022-23,SerieA,Empoli,Milan,0,2,0,0.0,-1.5,2,-0.45,1,0,1,7,0,1,0,0.0
2022-10-01,2022-23,Bundesliga,Wolfsburg,Stuttgart,2,1,1,0.5,0.25,4,0.05,0,1,1,7,0,0,0,1.0
2022-10-01,2022-23,Bundesliga,Werder Bremen,M'gladbach,0,2,0,0.0,-1.5,2,-0.45,1,0,0,7,0,1,2,1.0
2022-10-01,2022-23,Bundesliga,FC Koln,Dortmund,1,1,2,0.25,-0.25,4,-0.2,0,0,0,7,0,1,1,1.0
2022-10-01,2022-23,Bundesliga,Ein Frankfurt,Union Berlin,2,1,1,0.5,0.5,4,0.05,1,0,0,7,0,1,14,1.0
2022-10-01,2022-23,Bundesliga,RB Leipzig,Bochum,2,0,0,1.0,2.0,2,0.55,0,1,0,7,0,0,1,1.0
2022-10-01,2022-23,LaLiga,Getafe,Valladolid,0,2,0,0.0,-1.0,2,-0.45,1,0,1,6,0,2,0,0.0
2022-10-01,2022-23,Ligue1,Paris SG,Nice,2,1,1,0.5,0.75,4,0.05,1,0,1,8,0,15,0,1.0
2022-10-01,2022-23,Bundesliga,Freiburg,Mainz,0,2,2,0.0,-0.75,4,-0.45,0,0,0,7,0,5,1,1.0
2022-10-01,2022-23,LaLiga,Mallorca,Barcelona,0,2,0,0.0,-1.0,2,-0.45,1,0,0,6,0,1,6,0.0
2022-10-01,2022-23,LaLiga,Cadiz,Villarreal,1,1,2,0.25,0.0,4,-0.2,0,0,0,6,0,1,1,0.5
2022-10-01,2022-23,LaLiga,Sevilla,Ath Madrid,2,1,1,0.5,0.0,4,0.05,0,0,1,6,0,2,0,0.0
2022-10-02,2022-23,Bundesliga,Schalke 04,Augsburg,1,0,1,0.5,0.5,2,0.05,0,1,0,7,0,0,2,0.0
2022-10-02,2022-23,LaLiga,Espanol,Valencia,1,0,1,0.5,0.5,2,0.05,0,1,0,6,0,0,1,0.5
2022-10-02,2022-23,LaLiga,Celta,Betis,1,2,1,0.25,0.0,4,-0.2,0,1,0,6,0,0,2,1.0
2022-10-02,2022-23,SerieA,Juventus,Bologna,3,0,1,0.75,1.75,4,0.3,0,1,1,7,0,0,0,1.0
2022-10-02,2022-23,SerieA,Atalanta,Fiorentina,2,2,0,0.5,0.5,4,0.05,1,0,0,7,0,7,1,1.0
2022-10-02,2022-23,Ligue1,Lorient,Lille,1,3,0,0.25,-2.0,4,-0.2,1,0,0,8,0,4,1,1.0
2022-10-02,2022-23,SerieA,Lecce,Cremonese,0,0,0,0.45,0.0,0,0.0,0,0,1,7,0,2,0,0.5
2022-10-02,2022-23,SerieA,Lazio,Spezia,4,0,0,1.0,2.0,4,0.55,0,0,0,7,0,2,1,1.0
2022-10-02,2022-23,LaLiga,Girona,Sociedad,0,0,0,0.45,0.0,0,0.0,0,1,0,6,0,0,1,0.0
2022-10-02,2022-23,LaLiga,Real Madrid,Osasuna,2,0,2,0.5,1.0,4,0.05,0,0,1,6,0,9,0,0.5
2022-10-02,2022-23,EPL,Leeds,Aston Villa,1,2,1,0.25,-0.25,4,-0.2,1,1,0,6,0,0,2,0.5
2022-10-02,2022-23,EPL,Man City,Man United,2,1,1,0.5,0.75,4,0.05,0,0,0,7,0,15,4,1.0
2022-10-02,2022-23,SerieA,Sassuolo,Salernitana,1,0,1,0.5,0.5,2,0.05,0,0,1,7,0,1,0,1.0
2022-10-02,2022-23,SerieA,Sampdoria,Monza,0,0,0,0.45,0.0,0,0.0,0,1,0,7,0,0,2,0.0
2022-10-02,2022-23,Bundesliga,Hertha,Hoffenheim,1,3,0,0.25,-0.75,4,-0.2,0,0,0,7,0,3,2,0.5
2022-10-02,2022-23,Ligue1,Ajaccio,Clermont,0,0,0,0.45,0.0,0,0.0,0,0,1,8,0,1,0,0.0
2022-10-02,2022-23,Ligue1,Auxerre,Brest,0,0,0,0.45,0.0,0,0.0,0,1,1,8,0,0,0,0.5
2022-10-02,2022-23,Ligue1,Toulouse,Montpellier,0,0,0,0.45,0.0,0,0.0,0,1,0,8,0,0,1,1.0
2022-10-02,2022-23,Ligue1,Troyes,Reims,2,0,0,1.0,1.0,2,0.55,0,0,1,8,0,1,0,0.5
2022-10-02,2022-23,Ligue1,Lens,Lyon,0,2,2,0.0,-0.5,4,-0.45,0,0,1,8,0,15,0,1.0
2022-10-02,2022-23,Ligue1,Monaco,Nantes,2,0,2,0.5,0.5,4,0.05,0,0,0,8,0,3,1,1.0
2022-10-03,2022-23,SerieA,Verona,Udinese,2,1,1,0.5,0.75,4,0.05,0,1,0,7,0,0,6,0.0
2022-10-03,2022-23,EPL,Leicester,Nott'm Forest,0,0,0,0.45,0.0,0,0.0,0,1,1,7,0,0,0,1.0
2022-10-03,2022-23,LaLiga,Vallecano,Elche,1,1,0,0.5,0.0,2,0.05,1,1,1,6,0,0,0,1.0
2022-10-07,2022-23,Bundesliga,Hoffenheim,Werder Bremen,1,0,1,0.5,2.0,2,0.05,0,0,0,8,0,3,2,0.0
2022-10-07,2022-23,Ligue1,Lyon,Toulouse,0,0,0,0.45,0.0,0,0.0,0,1,0,9,0,0,1,0.5
2022-10-07,2022-23,LaLiga,Osasuna,Valencia,2,1,1,0.5,0.0,4,0.05,0,0,0,7,0,1,2,0.0
2022-10-08,2022-23,Ligue1,Reims,Paris SG,0,4,0,0.0,-3.0,4,-0.45,1,0,0,9,0,1,15,0.5
2022-10-08,2022-23,Ligue1,Marseille,Ajaccio,0,0,0,0.45,0.0,0,0.0,0,0,1,9,0,10,0,0.0
2022-10-08,2022-23,EPL,Bournemouth,Leicester,0,0,0,0.45,0.0,0,0.0,0,0,0,8,0,4,1,1.0
2022-10-08,2022-23,LaLiga,Almeria,Vallecano,0,0,0,0.45,0.0,0,0.0,0,1,0,7,0,0,1,1.0
2022-10-08,2022-23,LaLiga,Ath Madrid,Girona,0,0,0,0.45,0.0,0,0.0,0,0,1,7,0,1,0,1.0
2022-10-08,2022-23,LaLiga,Sevilla,Ath Bilbao,2,2,0,0.5,0.0,4,0.05,0,1,0,7,0,0,3,0.5
2022-10-08,2022-23,LaLiga,Getafe,Real Madrid,1,2,1,0.25,-0.75,4,-0.2,1,1,0,7,0,0,10,0.0
2022-10-08,2022-23,SerieA,Sassuolo,Inter,1,3,0,0.25,-0.75,4,-0.2,0,0,1,8,0,2,0,0.0
2022-10-08,2022-23,EPL,Chelsea,Wolves,0,1,3,0.0,-0.25,4,-0.45,0,0,1,7,0,2,0,1.0
2022-10-08,2022-23,SerieA,Milan,Juventus,1,1,2,0.25,0.25,4,-0.2,0,0,0,8,0,1,1,1.0
2022-10-08,2022-23,EPL,Man City,Southampton,2,0,2,0.5,1.0,4,0.05,0,0,1,8,0,15,0,1.0
2022-10-08,2022-23,EPL,Newcastle,Brentford,1,0,1,0.5,1.0,2,0.05,0,0,0,8,0,3,1,1.0
2022-10-08,2022-23,EPL,Brighton,Tottenham,2,2,0,0.5,-0.25,4,0.05,0,0,1,7,0,2,0,0.0
2022-10-08,2022-23,Bundesliga,Dortmund,Bayern Munich,0,4,0,0.0,-1.5,4,-0.45,1,1,0,8,0,0,1,0.5
2022-10-08,2022-23,Bundesliga,Mainz,RB Leipzig,2,2,0,0.5,-0.75,4,0.05,1,1,0,8,0,0,1,0.5
2022-10-08,2022-23,Bundesliga,Leverkusen,Schalke 04,2,0,0,1.0,2.0,2,0.55,0,1,1,8,0,0,0,1.0
2022-10-08,2022-23,Bundesliga,Bochum,Ein Frankfurt,1,1,0,0.5,0.5,2,0.05,1,1,0,8,0,0,2,1.0
2022-10-08,2022-23,Bundesliga,Augsburg,Wolfsburg,1,2,1,0.25,0.0,4,-0.2,0,0,0,8,0,3,1,0.5
2022-10-08,2022-23,SerieA,Bologna,Sampdoria,4,0,0,1.0,1.5,4,0.55,0,1,1,8,0,0,0,0.5
2022-10-09,2022-23,SerieA,Torino,Empoli,1,0,1,0.5,1.0,2,0.05,0,1,1,8,0,0,0,0.5
2022-10-09,2022-23,Bundesliga,Hertha,Freiburg,1,3,0,0.25,-1.0,4,-0.2,1,0,0,8,0,4,6,0.5
2022-10-09,2022-23,Ligue1,Lille,Lens,2,2,0,0.5,1.25,4,0.05,1,1,0,9,0,0,15,1.0
2022-10-09,2022-23,Ligue1,Rennes,Nantes,2,1,1,0.5,0.25,4,0.05,1,0,1,9,0,5,0,1.0
2022-10-09,2022-23,Ligue1,Clermont,Auxerre,0,0,0,0.45,0.0,0,0.0,0,0,0,9,0,1,1,1.0
2022-10-09,2022-23,SerieA,Roma,Lecce,0,0,0,0.45,0.0,0,0.0,0,0,0,8,0,1,3,1.0
2022-10-09,2022-23,SerieA,Cremonese,Napoli,0,0,0,0.45,0.0,0,0.0,0,0,0,8,0,1,12,0.0
2022-10-09,2022-23,SerieA,Udinese,Atalanta,0,2,2,0.0,-1.25,4,-0.45,1,0,0,8,0,7,8,0.5
2022-10-09,2022-23,Ligue1,Montpellier,Monaco,1,2,1,0.25,-0.5,4,-0.2,0,1,0,9,0,0,4,0.0
2022-10-09,2022-23,Ligue1,Angers,Strasbourg,1,2,1,0.25,-0.25,4,-0.2,1,1,1,9,0,0,0,0.0
2022-10-09,2022-23,Ligue1,Brest,Lorient,2,2,0,0.5,0.0,4,0.05,1,0,0,9,0,1,5,0.0
2022-10-09,2022-23,SerieA,Salernitana,Verona,1,0,1,0.5,0.5,2,0.05,0,1,1,8,0,0,0,1.0
2022-10-09,2022-23,SerieA,Monza,Spezia,0,0,0,0.45,0.0,0,0.0,0,0,1,8,0,3,0,1.0
2022-10-09,2022-23,Ligue1,Nice,Troyes,1,1,0,0.5,0.0,2,0.05,0,1,0,9,0,0,2,1.0
2022-10-09,2022-23,Bundesliga,Stuttgart,Union Berlin,0,1,3,0.0,-0.25,4,-0.45,0,1,1,8,0,0,0,0.0
2022-10-09,2022-23,Bundesliga,M'gladbach,FC Koln,1,3,0,0.25,-1.0,4,-0.2,1,1,0,8,0,0,2,1.0
2022-10-09,2022-23,LaLiga,Barcelona,Celta,2,1,1,0.5,1.0,4,0.05,0,0,0,7,0,7,1,1.0
2022-10-09,2022-23,LaLiga,Valladolid,Betis,0,1,1,0.0,-1.0,2,-0.45,0,0,1,7,0,1,0,0.5
2022-10-09,2022-23,EPL,Everton,Man United,1,1,2,0.25,-0.25,4,-0.2,0,0,1,8,0,6,0,0.0
2022-10-09,2022-23,EPL,Arsenal,Liverpool,0,4,0,0.0,-2.75,4,-0.45,1,0,0,8,0,2,4,1.0
2022-10-09,2022-23,EPL,West Ham,Fulham,1,0,1,0.5,0.5,2,0.05,0,0,1,8,0,1,0,1.0
2022-10-09,2022-23,LaLiga,Sociedad,Villarreal,1,1,2,0.25,-0.25,4,-0.2,0,0,0,7,0,2,2,1.0
2022-10-09,2022-23,LaLiga,Cadiz,Espanol,0,1,1,0.0,-1.0,2,-0.45,0,0,0,7,0,2,1,0.5
2022-10-09,2022-23,EPL,Crystal Palace,Leeds,1,2,1,0.25,0.0,4,-0.2,0,1,0,7,0,0,1,1.0
2022-10-10,2022-23,SerieA,Fiorentina,Lazio,1,3,0,0.25,-0.75,4,-0.2,1,1,0,8,0,0,3,0.0
2022-10-10,2022-23,EPL,Nott'm Forest,Aston Villa,0,0,0,0.45,0.0,0,0.0,0,1,0,8,0,0,3,0.5
2022-10-10,2022-23,LaLiga,Elche,Mallorca,1,0,1,0.5,1.5,2,0.05,0,1,1,7,0,0,0,0.5
2022-10-14,2022-23,EPL,Brentford,Brighton,0,2,0,0.0,-1.5,2,-0.45,1,1,1,9,0,0,0,1.0
2022-10-14,2022-23,Ligue1,Strasbourg,Lille,0,3,1,0.0,-1.25,4,-0.45,1,0,0,10,0,1,1,0.0
2022-10-14,2022-23,LaLiga,Vallecano,Getafe,1,0,1,0.5,1.5,2,0.05,0,1,1,8,0,0,0,0.5
2022-10-14,2022-23,Bundesliga,Schalke 04,Hoffenheim,1,1,0,0.5,1.0,2,0.05,1,1,1,9,0,0,0,0.0
2022-10-15,2022-23,Bundesliga,Werder Bremen,Mainz,1,1,0,0.5,0.0,2,0.05,1,0,0,9,0,3,1,0.0
2022-10-15,2022-23,Bundesliga,Wolfsburg,M'gladbach,0,1,3,0.0,-0.5,4,-0.45,0,0,0,9,0,2,1,0.5
2022-10-15,2022-23,LaLiga,Girona,Cadiz,0,0,0,0.45,0.0,0,0.0,0,1,0,8,0,0,3,0.5
2022-10-15,2022-23,LaLiga,Valencia,Elche,3,1,0,0.75,0.5,4,0.3,0,0,0,8,0,3,1,0.5
2022-10-15,2022-23,LaLiga,Mallorca,Sevilla,0,0,2,0.0,0.0,2,-0.45,0,0,0,8,0,1,1,0.0
2022-10-15,2022-23,SerieA,Empoli,Monza,0,0,0,0.45,0.0,0,0.0,0,0,0,9,0,1,4,1.0
2022-10-15,2022-23,SerieA,Torino,Juventus,0,2,2,0.0,-0.5,4,-0.45,0,0,1,9,0,1,0,0.0
2022-10-15,2022-23,SerieA,Atalanta,Sassuolo,2,1,1,0.5,1.0,4,0.05,1,0,1,9,0,9,0,1.0
2022-10-15,2022-23,Bundesliga,RB Leipzig,Hertha,4,0,0,1.0,3.75,4,0.55,0,0,0,9,0,2,5,1.0
2022-10-15,2022-23,LaLiga,Ath Bilbao,Ath Madrid,2,1,1,0.5,0.5,4,0.05,0,0,0,8,0,4,2,0.0
2022-10-15,2022-23,EPL,Fulham,Bournemouth,0,0,0,0.45,0.0,0,0.0,0,1,0,9,0,0,5,0.5
2022-10-15,2022-23,EPL,Wolves,Nott'm Forest,0,0,0,0.45,0.0,0,0.0,0,1,0,9,0,0,1,1.0
2022-10-15,2022-23,EPL,Tottenham,Everton,1,1,2,0.25,1.0,4,-0.2,0,0,1,9,0,1,0,1.0
2022-10-15,2022-23,Ligue1,Lens,Montpellier,2,2,0,0.5,0.25,4,0.05,0,1,1,10,0,0,0,1.0
2022-10-15,2022-23,Ligue1,Lorient,Reims,2,1,1,0.5,0.5,4,0.05,1,0,0,10,0,6,2,0.5
2022-10-15,2022-23,Bundesliga,Ein Frankfurt,Leverkusen,2,2,0,0.5,0.0,4,0.05,1,1,0,9,0,0,1,1.0
2022-10-15,2022-23,Bundesliga,Stuttgart,Bochum,0,0,2,0.0,0.0,2,-0.45,0,1,0,9,0,0,1,1.0
2022-10-15,2022-23,EPL,Leicester,Crystal Palace,2,0,2,0.5,0.5,4,0.05,0,1,0,9,0,0,1,0.5
2022-10-16,2022-23,Ligue1,Rennes,Lyon,2,1,1,0.5,1.0,4,0.05,0,0,0,10,0,6,1,1.0
2022-10-16,2022-23,Ligue1,Troyes,Ajaccio,0,0,0,0.45,0.0,0,0.0,0,1,0,10,0,0,1,0.5
2022-10-16,2022-23,Ligue1,Auxerre,Nice,0,0,0,0.45,0.0,0,0.0,0,1,0,10,0,0,1,0.5
2022-10-16,2022-23,EPL,Liverpool,Man City,0,1,3,0.0,-0.75,4,-0.45,0,1,0,8,0,0,15,1.0
2022-10-16,2022-23,Ligue1,Toulouse,Angers,0,0,0,0.45,0.0,0,0.0,0,0,1,10,0,2,0,1.0
2022-10-16,2022-23,LaLiga,Betis,Almeria,0,0,0,0.45,0.0,0,0.0,0,0,0,8,0,1,1,1.0
2022-10-16,2022-23,LaLiga,Espanol,Valladolid,0,0,0,0.45,0.0,0,0.0,0,0,0,8,0,2,2,1.0
2022-10-16,2022-23,LaLiga,Real Madrid,Barcelona,3,1,0,0.75,0.0,4,0.3,1,0,0,8,0,11,8,1.0
2022-10-16,2022-23,Ligue1,Nantes,Brest,3,0,1,0.75,1.75,4,0.3,0,1,1,10,0,0,0,1.0
2022-10-16,2022-23,Bundesliga,Union Berlin,Dortmund,1,3,0,0.25,-1.5,4,-0.2,1,0,0,9,0,1,1,1.0
2022-10-16,2022-23,EPL,Aston Villa,Chelsea,1,2,1,0.25,-1.0,4,-0.2,1,0,0,9,0,4,3,0.0
2022-10-16,2022-23,SerieA,Inter,Salernitana,2,0,0,1.0,5.0,2,0.55,0,0,0,9,0,1,1,1.0
2022-10-16,2022-23,SerieA,Lazio,Udinese,1,1,2,0.25,-0.25,4,-0.2,0,0,0,9,0,4,8,0.5
2022-10-16,2022-23,SerieA,Spezia,Cremonese,0,0,0,0.45,0.0,0,0.0,0,1,1,9,0,0,0,0.5
2022-10-16,2022-23,Ligue1,Paris SG,Marseille,2,1,1,0.5,0.5,4,0.05,0,0,1,10,0,15,0,1.0
2022-10-16,2022-23,SerieA,Napoli,Bologna,4,0,0,1.0,2.0,4,0.55,0,0,0,9,0,13,1,1.0
2022-10-16,2022-23,SerieA,Verona,Milan,0,3,1,0.0,-1.25,4,-0.45,1,1,0,9,0,0,2,0.0
2022-10-16,2022-23,Ligue1,Monaco,Clermont,2,0,0,1.0,3.0,2,0.55,0,0,0,10,0,5,2,0.5
2022-10-16,2022-23,EPL,Leeds,Arsenal,0,3,1,0.0,-1.5,4,-0.45,1,1,0,8,0,0,3,0.0
2022-10-16,2022-23,LaLiga,Celta,Sociedad,0,4,0,0.0,-1.75,4,-0.45,1,1,0,8,0,0,3,0.0
2022-10-16,2022-23,EPL,Man United,Newcastle,3,0,1,0.75,2.0,4,0.3,0,0,0,8,0,1,4,0.5
2022-10-16,2022-23,Bundesliga,Bayern Munich,Freiburg,3,0,1,0.75,1.25,4,0.3,0,0,0,9,0,2,7,1.0
2022-10-16,2022-23,Bundesliga,FC Koln,Augsburg,2,2,0,0.5,0.25,4,0.05,0,1,0,9,0,0,4,1.0
2022-10-16,2022-23,EPL,Southampton,West Ham,1,1,2,0.25,-0.5,4,-0.2,0,1,0,9,0,0,2,0.5
2022-10-17,2022-23,SerieA,Lecce,Fiorentina,0,0,0,0.45,0.0,0,0.0,0,1,1,9,0,0,0,0.5
2022-10-17,2022-23,LaLiga,Villarreal,Osasuna,1,3,0,0.25,-0.25,4,-0.2,1,1,1,8,0,0,0,1.0
2022-10-17,2022-23,SerieA,Sampdoria,Roma,1,2,1,0.25,0.0,4,-0.2,1,0,0,9,0,1,2,0.0
2022-10-18,2022-23,LaLiga,Sevilla,Valencia,3,0,1,0.75,1.0,4,0.3,0,0,0,9,0,2,4,0.5
2022-10-18,2022-23,LaLiga,Getafe,Ath Bilbao,0,1,3,0.0,-1.0,4,-0.45,0,0,1,9,0,1,0,0.5
2022-10-18,2022-23,LaLiga,Ath Madrid,Vallecano,2,0,0,1.0,1.5,2,0.55,0,0,0,9,0,3,1,0.5
2022-10-18,2022-23,EPL,Brighton,Nott'm Forest,0,0,0,0.45,0.0,0,0.0,0,1,1,9,0,0,0,0.5
2022-10-18,2022-23,EPL,Crystal Palace,Wolves,3,1,0,0.75,0.75,4,0.3,0,0,0,9,0,2,1,1.0
2022-10-19,2022-23,LaLiga,Elche,Real Madrid,0,2,2,0.0,-0.5,4,-0.45,0,0,0,9,0,2,12,0.0
2022-10-19,2022-23,LaLiga,Sociedad,Mallorca,2,0,0,1.0,1.5,2,0.55,0,0,1,9,0,4,0,1.0
2022-10-19,2022-23,LaLiga,Valladolid,Celta,0,0,2,0.0,0.0,2,-0.45,0,1,1,9,0,0,0,1.0
2022-10-19,2022-23,EPL,Newcastle,Everton,3,1,0,0.75,1.0,4,0.3,1,0,1,10,0,5,0,1.0
2022-10-19,2022-23,EPL,Liverpool,West Ham,3,1,0,0.75,0.75,4,0.3,0,0,0,9,0,1,3,1.0
2022-10-19,2022-23,EPL,Brentford,Chelsea,1,1,0,0.5,1.0,2,0.05,0,0,0,10,0,1,4,0.5
2022-10-19,2022-23,EPL,Bournemouth,Southampton,0,0,0,0.45,0.0,0,0.0,0,0,0,10,0,6,1,0.0
2022-10-19,2022-23,EPL,Man United,Tottenham,3,1,0,0.75,0.25,4,0.3,0,0,0,9,0,2,2,1.0
2022-10-19,2022-23,LaLiga,Cadiz,Betis,0,3,1,0.0,-0.75,4,-0.45,1,0,0,9,0,4,2,0.5
2022-10-20,2022-23,LaLiga,Osasuna,Espanol,0,0,2,0.0,0.0,2,-0.45,0,1,0,9,0,0,3,1.0
2022-10-20,2022-23,LaLiga,Barcelona,Villarreal,3,1,0,0.75,1.25,4,0.3,1,1,0,9,0,0,1,1.0
2022-10-20,2022-23,LaLiga,Almeria,Girona,0,0,0,0.45,0.0,0,0.0,0,1,0,9,0,0,1,1.0
2022-10-20,2022-23,EPL,Fulham,Aston Villa,0,2,0,0.0,-2.5,2,-0.45,1,0,1,10,0,1,0,1.0
2022-10-20,2022-23,EPL,Leicester,Leeds,2,1,1,0.5,0.5,4,0.05,0,0,1,10,0,1,0,1.0
2022-10-21,2022-23,SerieA,Juventus,Empoli,1,1,0,0.5,0.0,2,0.05,0,0,0,10,0,1,2,1.0
2022-10-21,2022-23,Bundesliga,Mainz,FC Koln,1,2,1,0.25,-0.25,4,-0.2,1,0,0,10,0,2,1,1.0
2022-10-21,2022-23,Ligue1,Ajaccio,Paris SG,0,0,0,0.45,0.0,0,0.0,0,0,0,11,0,2,15,0.0
2022-10-22,2022-23,SerieA,Salernitana,Spezia,0,1,1,0.0,-0.5,2,-0.45,0,1,0,10,0,0,1,1.0
2022-10-22,2022-23,EPL,Everton,Crystal Palace,2,1,1,0.5,0.0,4,0.05,0,1,0,11,0,0,3,1.0
2022-10-22,2022-23,EPL,Man City,Brighton,3,1,0,0.75,1.5,4,0.3,0,1,0,10,0,0,1,1.0
2022-10-22,2022-23,EPL,Chelsea,Man United,0,0,4,0.0,0.0,4,-0.45,0,0,0,10,0,5,3,0.5
2022-10-22,2022-23,LaLiga,Valencia,Mallorca,1,0,1,0.5,0.5,2,0.05,0,0,1,10,0,5,0,0.0
2022-10-22,2022-23,LaLiga,Valladolid,Sociedad,0,1,1,0.0,-1.5,2,-0.45,1,0,0,10,0,1,5,1.0
2022-10-22,2022-23,LaLiga,Vallecano,Cadiz,1,1,0,0.5,0.0,2,0.05,1,0,0,10,0,2,5,1.0
2022-10-22,2022-23,SerieA,Milan,Monza,0,0,0,0.45,0.0,0,0.0,0,0,1,10,0,3,0,1.0
2022-10-22,2022-23,Bundesliga,M'gladbach,Ein Frankfurt,1,1,2,0.25,0.75,4,-0.2,0,0,0,10,0,2,1,0.0
2022-10-22,2022-23,Bundesliga,Leverkusen,Wolfsburg,1,2,1,0.25,-0.25,4,-0.2,0,1,0,10,0,0,3,0.5
2022-10-22,2022-23,Bundesliga,Hoffenheim,Bayern Munich,1,2,1,0.25,-1.0,4,-0.2,0,0,0,10,0,1,3,0.0
2022-10-22,2022-23,Bundesliga,Freiburg,Werder Bremen,0,0,2,0.0,0.0,2,-0.45,0,1,1,10,0,0,0,1.0
2022-10-22,2022-23,Bundesliga,Dortmund,Stuttgart,3,1,0,0.75,0.0,4,0.3,0,1,0,10,0,0,1,1.0
2022-10-22,2022-23,Bundesliga,Augsburg,RB Leipzig,0,3,1,0.0,-1.75,4,-0.45,1,1,0,10,0,0,3,0.5
2022-10-22,2022-23,Ligue1,Marseille,Lens,1,2,1,0.25,0.0,4,-0.2,0,1,0,11,0,0,1,0.0
2022-10-22,2022-23,Ligue1,Montpellier,Lyon,2,2,0,0.5,-0.5,4,0.05,1,1,1,11,0,0,0,0.0
2022-10-22,2022-23,EPL,Nott'm Forest,Liverpool,0,0,0,0.45,0.0,0,0.0,0,0,0,11,0,1,2,1.0
2022-10-22,2022-23,LaLiga,Real Madrid,Sevilla,3,0,1,0.75,0.75,4,0.3,0,0,0,10,0,13,3,1.0
2022-10-22,2022-23,SerieA,Fiorentina,Inter,0,3,1,0.0,-1.25,4,-0.45,0,0,0,10,0,1,2,0.0
2022-10-23,2022-23,LaLiga,Espanol,Elche,0,1,1,0.0,-0.5,2,-0.45,1,1,1,10,0,0,0,0.5
2022-10-23,2022-23,Bundesliga,Hertha,Schalke 04,2,0,0,1.0,2.0,2,0.55,0,1,1,10,0,0,0,1.0
2022-10-23,2022-23,Bundesliga,Bochum,Union Berlin,0,2,0,0.0,-1.0,2,-0.45,1,1,0,10,0,0,2,1.0
2022-10-23,2022-23,SerieA,Roma,Napoli,0,2,2,0.0,-1.5,4,-0.45,0,0,0,10,0,3,14,0.0
2022-10-23,2022-23,EPL,Southampton,Arsenal,1,2,1,0.25,-1.0,4,-0.2,0,0,0,11,0,2,4,0.5
2022-10-23,2022-23,EPL,Leeds,Fulham,2,0,0,1.0,1.0,2,0.55,0,1,0,10,0,0,2,0.0
2022-10-23,2022-23,EPL,Aston Villa,Brentford,0,1,1,0.0,-0.5,2,-0.45,1,1,0,11,0,0,2,1.0
2022-10-23,2022-23,SerieA,Atalanta,Lazio,1,1,2,0.25,0.25,4,-0.2,0,0,0,10,0,10,5,0.0
2022-10-23,2022-23,SerieA,Bologna,Lecce,0,0,0,0.45,0.0,0,0.0,0,1,0,10,0,0,1,1.0
2022-10-23,2022-23,EPL,Tottenham,Newcastle,2,0,2,0.5,1.25,4,0.05,0,1,0,11,0,0,6,0.0
2022-10-23,2022-23,SerieA,Udinese,Torino,2,2,0,0.5,0.25,4,0.05,0,0,1,10,0,9,0,0.0
2022-10-23,2022-23,LaLiga,Villarreal,Almeria,0,0,0,0.45,0.0,0,0.0,0,1,0,10,0,0,1,1.0
2022-10-23,2022-23,LaLiga,Girona,Osasuna,0,0,0,0.45,0.0,0,0.0,0,1,0,10,0,0,1,0.5
2022-10-23,2022-23,LaLiga,Betis,Ath Madrid,0,3,1,0.0,-1.75,4,-0.45,1,0,0,10,0,3,4,0.0
2022-10-23,2022-23,Ligue1,Lille,Monaco,1,1,2,0.25,0.0,4,-0.2,1,0,0,11,0,2,6,1.0
2022-10-23,2022-23,Ligue1,Nice,Nantes,4,0,0,1.0,1.25,4,0.55,0,0,0,11,0,2,1,0.5
2022-10-23,2022-23,Ligue1,Troyes,Lorient,1,0,1,0.5,1.0,2,0.05,0,0,0,11,0,1,7,0.5
2022-10-23,2022-23,Ligue1,Toulouse,Strasbourg,0,0,0,0.45,0.0,0,0.0,0,0,1,11,0,3,0,0.5
2022-10-23,2022-23,Ligue1,Reims,Auxerre,0,0,0,0.45,0.0,0,0.0,0,0,0,11,0,3,1,1.0
2022-10-23,2022-23,Ligue1,Clermont,Brest,0,1,1,0.0,-1.0,2,-0.45,1,0,1,11,0,3,0,0.0
2022-10-23,2022-23,Ligue1,Angers,Rennes,2,2,0,0.5,-0.5,4,0.05,1,1,0,11,0,0,7,0.0
2022-10-23,2022-23,LaLiga,Barcelona,Ath Bilbao,3,0,1,0.75,1.5,4,0.3,0,0,0,10,0,1,1,1.0
2022-10-23,2022-23,EPL,Wolves,Leicester,1,2,1,0.25,-0.25,4,-0.2,0,1,0,11,0,0,2,0.0
2022-10-24,2022-23,SerieA,Cremonese,Sampdoria,0,0,0,0.45,0.0,0,0.0,0,0,1,10,0,1,0,0.0
2022-10-24,2022-23,SerieA,Sassuolo,Verona,3,1,0,0.75,0.5,4,0.3,1,1,1,10,0,0,0,1.0
2022-10-24,2022-23,EPL,West Ham,Bournemouth,0,0,0,0.45,0.0,0,0.0,0,1,1,11,0,0,0,1.0
2022-10-24,2022-23,LaLiga,Celta,Getafe,2,1,1,0.5,0.5,4,0.05,1,1,0,10,0,0,2,0.5
2022-10-28,2022-23,Ligue1,Lens,Toulouse,0,0,0,0.45,0.0,0,0.0,0,0,0,12,0,2,4,1.0
2022-10-28,2022-23,LaLiga,Mallorca,Espanol,1,1,0,0.5,0.0,2,0.05,1,0,0,11,0,1,1,0.5
2022-10-28,2022-23,Bundesliga,Werder Bremen,Hertha,1,1,0,0.5,0.0,2,0.05,0,1,0,11,0,0,1,1.0
2022-10-29,2022-23,EPL,Newcastle,Aston Villa,1,2,1,0.25,-0.75,4,-0.2,0,0,0,12,0,7,1,1.0
2022-10-29,2022-23,LaLiga,Almeria,Celta,0,0,0,0.45,0.0,0,0.0,0,1,0,11,0,0,1,1.0
2022-10-29,2022-23,LaLiga,Cadiz,Ath Madrid,0,4,0,0.0,-2.5,4,-0.45,1,1,0,11,0,0,5,1.0
2022-10-29,2022-23,LaLiga,Sevilla,Vallecano,1,0,1,0.5,1.5,2,0.05,0,1,0,11,0,0,3,0.0
2022-10-29,2022-23,LaLiga,Valencia,Barcelona,0,3,1,0.0,-1.5,4,-0.45,1,1,0,11,0,0,2,0.0
2022-10-29,2022-23,Ligue1,Paris SG,Troyes,1,0,1,0.5,0.5,2,0.05,0,0,0,12,0,15,2,1.0
2022-10-29,2022-23,EPL,Bournemouth,Tottenham,0,0,0,0.45,0.0,0,0.0,0,1,1,12,0,0,0,0.0
2022-10-29,2022-23,EPL,Liverpool,Leeds,3,0,1,0.75,2.5,4,0.3,0,1,1,11,0,0,0,0.0
2022-10-29,2022-23,EPL,Brentford,Wolves,1,1,0,0.5,0.5,2,0.05,1,1,1,12,0,0,0,0.5
2022-10-29,2022-23,EPL,Brighton,Chelsea,0,1,3,0.0,-0.5,4,-0.45,0,1,0,11,0,0,6,1.0
2022-10-29,2022-23,EPL,Fulham,Everton,1,1,0,0.5,0.5,2,0.05,0,0,0,12,0,3,1,0.5
2022-10-29,2022-23,EPL,Crystal Palace,Southampton,2,1,1,0.5,0.0,4,0.05,0,1,0,11,0,0,3,1.0
2022-10-29,2022-23,Ligue1,Strasbourg,Marseille,0,3,1,0.0,-1.75,4,-0.45,1,0,1,12,0,1,0,0.5
2022-10-29,2022-23,Bundesliga,RB Leipzig,Leverkusen,2,1,1,0.5,0.0,4,0.05,0,0,0,11,0,4,1,1.0
2022-10-29,2022-23,Bundesliga,Bayern Munich,Mainz,2,2,0,0.5,0.25,4,0.05,1,0,0,11,0,4,3,1.0
2022-10-29,2022-23,Bundesliga,Stuttgart,Augsburg,3,1,0,0.75,0.5,4,0.3,0,1,0,11,0,0,1,1.0
2022-10-29,2022-23,Bundesliga,Wolfsburg,Bochum,1,1,0,0.5,0.0,2,0.05,1,0,0,11,0,4,1,1.0
2022-10-29,2022-23,Bundesliga,Ein Frankfurt,Dortmund,1,2,1,0.25,-0.75,4,-0.2,1,0,0,11,0,2,1,0.0
2022-10-29,2022-23,SerieA,Inter,Sampdoria,2,1,1,0.5,1.5,4,0.05,0,0,0,11,0,3,1,1.0
2022-10-29,2022-23,SerieA,Lecce,Juventus,0,0,0,0.45,0.0,0,0.0,0,1,0,11,0,0,2,0.0
2022-10-29,2022-23,SerieA,Napoli,Sassuolo,1,1,2,0.25,0.75,4,-0.2,0,0,0,11,0,15,1,1.0
2022-10-29,2022-23,EPL,Leicester,Man City,1,3,0,0.25,-0.75,4,-0.2,1,0,0,12,0,3,1,0.0
2022-10-30,2022-23,SerieA,Lazio,Salernitana,2,0,0,1.0,3.0,2,0.55,0,0,0,11,0,6,1,0.0
2022-10-30,2022-23,SerieA,Torino,Milan,0,3,1,0.0,-2.5,4,-0.45,0,0,0,11,0,1,4,1.0
2022-10-30,2022-23,SerieA,Empoli,Atalanta,1,1,0,0.5,-1.0,2,0.05,0,1,1,11,0,0,0,0.0
2022-10-30,2022-23,LaLiga,Osasuna,Valladolid,0,1,1,0.0,-0.5,2,-0.45,0,0,0,11,0,2,2,1.0
2022-10-30,2022-23,LaLiga,Real Madrid,Girona,0,0,0,0.45,0.0,0,0.0,0,0,0,11,0,14,1,0.5
2022-10-30,2022-23,Ligue1,Lyon,Lille,0,2,2,0.0,-0.5,4,-0.45,1,0,0,12,0,1,3,1.0
2022-10-30,2022-23,Ligue1,Lorient,Nice,1,1,2,0.25,0.0,4,-0.2,1,0,0,12,0,8,3,0.0
2022-10-30,2022-23,Ligue1,Rennes,Montpellier,3,1,0,0.75,1.0,4,0.3,0,0,1,12,0,8,0,1.0
2022-10-30,2022-23,Ligue1,Nantes,Clermont,2,0,0,1.0,1.0,2,0.55,0,0,1,12,0,2,0,0.5
2022-10-30,2022-23,Ligue1,Monaco,Angers,4,0,0,1.0,2.0,4,0.55,0,1,1,12,0,0,0,1.0
2022-10-30,2022-23,Ligue1,Brest,Reims,1,1,2,0.25,0.0,4,-0.2,0,0,0,12,0,1,4,0.5
2022-10-30,2022-23,Ligue1,Auxerre,Ajaccio,0,0,0,0.45,0.0,0,0.0,0,1,1,12,0,0,0,1.0
2022-10-30,2022-23,LaLiga,Ath Bilbao,Villarreal,1,0,3,0.25,0.25,4,-0.2,0,1,0,11,0,0,1,1.0
2022-10-30,2022-23,LaLiga,Sociedad,Betis,1,1,2,0.25,-0.25,4,-0.2,0,1,1,11,0,0,0,0.0
2022-10-30,2022-23,EPL,Man United,West Ham,4,0,0,1.0,1.25,4,0.55,0,0,0,11,0,4,1,1.0
2022-10-30,2022-23,EPL,Arsenal,Nott'm Forest,0,0,0,0.45,0.0,0,0.0,0,0,0,11,0,5,2,1.0
2022-10-30,2022-23,Bundesliga,FC Koln,Hoffenheim,0,4,0,0.0,-2.5,4,-0.45,1,1,1,11,0,0,0,0.5
2022-10-30,2022-23,Bundesliga,Schalke 04,Freiburg,0,2,0,0.0,-3.0,2,-0.45,1,1,0,11,0,0,1,0.0
2022-10-30,2022-23,Bundesliga,Union Berlin,M'gladbach,2,0,2,0.5,0.5,4,0.05,0,1,1,11,0,0,0,1.0
2022-10-30,2022-23,SerieA,Spezia,Fiorentina,0,3,1,0.0,-1.75,4,-0.45,1,1,1,11,0,0,0,0.0
2022-10-30,2022-23,SerieA,Cremonese,Udinese,0,0,0,0.45,0.0,0,0.0,0,1,1,11,0,0,0,0.5
2022-10-31,2022-23,SerieA,Monza,Bologna,0,0,0,0.45,0.0,0,0.0,0,1,0,11,0,0,1,0.0
2022-10-31,2022-23,SerieA,Verona,Roma,1,1,2,0.25,-0.25,4,-0.2,0,1,1,11,0,0,0,0.0
2022-10-31,2022-23,LaLiga,Elche,Getafe,2,1,1,0.5,0.25,4,0.05,0,0,0,11,0,1,3,0.0
2022-11-04,2022-23,LaLiga,Girona,Ath Bilbao,0,0,0,0.45,0.0,0,0.0,0,0,0,12,0,2,1,1.0
2022-11-04,2022-23,Ligue1,Troyes,Auxerre,0,0,0,0.45,0.0,0,0.0,0,1,0,13,0,0,1,0.5
2022-11-04,2022-23,Bundesliga,M'gladbach,Stuttgart,0,2,2,0.0,-0.5,4,-0.45,1,1,0,12,0,0,1,1.0
2022-11-04,2022-23,SerieA,Udinese,Lecce,0,0,0,0.45,0.0,0,0.0,0,0,1,12,0,1,0,0.5
2022-11-05,2022-23,LaLiga,Barcelona,Almeria,0,0,0,0.45,0.0,0,0.0,0,0,0,12,0,3,1,1.0
2022-11-05,2022-23,LaLiga,Celta,Osasuna,2,1,1,0.5,0.25,4,0.05,0,1,0,12,0,0,3,0.0
2022-11-05,2022-23,LaLiga,Valladolid,Elche,0,0,2,0.0,0.0,2,-0.45,0,1,1,12,0,0,0,1.0
2022-11-05,2022-23,Ligue1,Ajaccio,Strasbourg,0,0,0,0.45,0.0,0,0.0,0,1,0,13,0,0,2,1.0
2022-11-05,2022-23,LaLiga,Getafe,Cadiz,2,1,1,0.5,1.25,4,0.05,0,0,0,12,0,4,1,0.5
2022-11-05,2022-23,Ligue1,Angers,Lens,1,1,2,0.25,0.25,4,-0.2,1,1,0,13,0,0,3,0.0
2022-11-05,2022-23,Bundesliga,Hoffenheim,RB Leipzig,1,2,1,0.25,-0.5,4,-0.2,1,0,0,12,0,1,5,0.0
2022-11-05,2022-23,Bundesliga,Dortmund,Bochum,0,1,1,0.0,-0.5,2,-0.45,1,0,1,12,0,2,0,1.0
2022-11-05,2022-23,EPL,Nott'm Forest,Brentford,0,0,0,0.45,0.0,0,0.0,0,1,0,13,0,0,1,0.5
2022-11-05,2022-23,Bundesliga,Augsburg,Ein Frankfurt,0,2,2,0.0,-1.0,4,-0.45,0,1,1,12,0,0,0,0.0
2022-11-05,2022-23,EPL,Wolves,Brighton,2,1,1,0.5,-0.25,4,0.05,1,0,0,13,0,1,1,0.0
2022-11-05,2022-23,SerieA,Milan,Spezia,2,2,0,0.5,0.25,4,0.05,1,1,1,12,0,0,0,1.0
2022-11-05,2022-23,SerieA,Atalanta,Napoli,2,2,0,0.5,-0.5,4,0.05,1,0,0,12,0,1,15,0.0
2022-11-05,2022-23,SerieA,Salernitana,Cremonese,0,0,0,0.45,0.0,0,0.0,0,0,0,12,0,2,1,0.5
2022-11-05,2022-23,SerieA,Empoli,Sassuolo,1,1,0,0.5,-1.5,2,0.05,1,1,1,12,0,0,0,1.0
2022-11-05,2022-23,EPL,Everton,Leicester,2,0,2,0.5,0.75,4,0.05,0,0,1,13,0,2,0,0.0
2022-11-05,2022-23,EPL,Man City,Fulham,2,0,0,1.0,2.5,2,0.55,0,0,0,12,0,2,4,1.0
2022-11-05,2022-23,Bundesliga,Werder Bremen,Schalke 04,1,0,1,0.5,1.0,2,0.05,0,0,1,12,0,1,0,1.0
2022-11-05,2022-23,Bundesliga,Mainz,Wolfsburg,2,2,0,0.5,-0.75,4,0.05,1,1,0,12,0,0,5,0.0
2022-11-05,2022-23,Bundesliga,Hertha,Bayern Munich,0,4,0,0.0,-2.5,4,-0.45,1,1,0,12,0,0,5,0.0
2022-11-05,2022-23,EPL,Leeds,Bournemouth,0,0,0,0.45,0.0,0,0.0,0,0,1,12,0,1,0,1.0
2022-11-06,2022-23,EPL,Chelsea,Arsenal,1,3,0,0.25,-0.75,4,-0.2,1,1,0,12,0,0,6,0.0
2022-11-06,2022-23,EPL,Southampton,Newcastle,1,2,1,0.25,0.0,4,-0.2,1,1,0,13,0,0,8,0.0
2022-11-06,2022-23,Bundesliga,Freiburg,FC Koln,2,1,1,0.5,1.75,4,0.05,1,0,0,12,0,2,1,1.0
2022-11-06,2022-23,Ligue1,Lille,Rennes,2,0,2,0.5,0.5,4,0.05,0,1,0,13,0,0,9,0.5
2022-11-06,2022-23,EPL,West Ham,Crystal Palace,2,0,2,0.5,0.5,4,0.05,0,1,0,13,0,0,1,0.0
2022-11-06,2022-23,EPL,Tottenham,Liverpool,0,2,2,0.0,-0.75,4,-0.45,0,0,1,13,0,1,0,0.0
2022-11-06,2022-23,Ligue1,Lorient,Paris SG,1,2,1,0.25,-1.25,4,-0.2,1,1,0,13,0,0,15,0.0
2022-11-06,2022-23,EPL,Aston Villa,Man United,1,2,1,0.25,-0.5,4,-0.2,0,1,0,13,0,0,5,1.0
2022-11-06,2022-23,SerieA,Monza,Verona,0,0,0,0.45,0.0,0,0.0,0,1,1,12,0,0,0,1.0
2022-11-06,2022-23,SerieA,Juventus,Inter,1,2,1,0.25,-0.5,4,-0.2,1,0,0,12,0,3,4,1.0
2022-11-06,2022-23,SerieA,Roma,Lazio,2,2,0,0.5,0.25,4,0.05,0,0,1,12,0,1,0,0.0
2022-11-06,2022-23,SerieA,Sampdoria,Fiorentina,3,1,0,0.75,0.75,4,0.3,0,1,0,12,0,0,1,0.0
2022-11-06,2022-23,SerieA,Bologna,Torino,0,1,3,0.0,-0.25,4,-0.45,0,0,0,12,0,2,2,1.0
2022-11-06,2022-23,Ligue1,Clermont,Montpellier,1,1,0,0.5,0.0,2,0.05,0,0,1,13,0,1,0,0.5
2022-11-06,2022-23,Bundesliga,Leverkusen,Union Berlin,0,1,3,0.0,-0.25,4,-0.45,0,1,0,12,0,0,1,1.0
2022-11-06,2022-23,Ligue1,Reims,Nantes,3,1,0,0.75,0.75,4,0.3,1,0,0,13,0,5,3,1.0
2022-11-06,2022-23,LaLiga,Betis,Sevilla,0,3,1,0.0,-1.0,4,-0.45,1,0,1,12,0,1,0,0.5
2022-11-06,2022-23,LaLiga,Villarreal,Mallorca,1,0,1,0.5,1.5,2,0.05,0,1,0,12,0,0,2,0.0
2022-11-06,2022-23,LaLiga,Sociedad,Valencia,0,1,3,0.0,-0.25,4,-0.45,0,1,1,12,0,0,0,0.5
2022-11-06,2022-23,LaLiga,Ath Madrid,Espanol,2,0,0,1.0,1.0,2,0.55,0,1,0,12,0,0,2,0.5
2022-11-06,2022-23,Ligue1,Marseille,Lyon,0,2,2,0.0,-1.0,4,-0.45,1,0,0,13,0,1,2,1.0
2022-11-06,2022-23,Ligue1,Toulouse,Monaco,0,0,0,0.45,0.0,0,0.0,0,1,0,13,0,0,1,0.0
2022-11-06,2022-23,Ligue1,Nice,Brest,3,1,0,0.75,0.75,4,0.3,0,0,0,13,0,4,2,1.0
2022-11-07,2022-23,LaLiga,Vallecano,Real Madrid,0,2,0,0.0,-1.0,2,-0.45,1,0,0,12,0,4,15,1.0
2022-11-08,2022-23,LaLiga,Osasuna,Barcelona,0,3,1,0.0,-2.5,4,-0.45,1,0,0,13,0,4,4,0.0
2022-11-08,2022-23,LaLiga,Elche,Girona,0,0,0,0.45,0.0,0,0.0,0,1,0,13,0,0,3,0.0
2022-11-08,2022-23,SerieA,Napoli,Empoli,0,2,0,0.0,-1.0,2,-0.45,1,0,0,13,0,15,1,1.0
2022-11-08,2022-23,SerieA,Spezia,Udinese,2,2,0,0.5,0.25,4,0.05,0,1,0,13,0,0,2,0.5
2022-11-08,2022-23,SerieA,Cremonese,Milan,0,0,0,0.45,0.0,0,0.0,0,0,0,13,0,2,1,0.5
2022-11-08,2022-23,Bundesliga,Wolfsburg,Dortmund,0,4,0,0.0,-2.75,4,-0.45,1,0,0,13,0,6,3,1.0
2022-11-08,2022-23,Bundesliga,Bayern Munich,Werder Bremen,1,0,1,0.5,1.0,2,0.05,0,0,0,13,0,6,2,1.0
2022-11-08,2022-23,Bundesliga,Bochum,M'gladbach,0,2,0,0.0,-1.5,2,-0.45,1,1,0,13,0,0,1,1.0
2022-11-08,2022-23,Bundesliga,Stuttgart,Hertha,1,1,2,0.25,0.0,4,-0.2,1,1,1,13,0,0,0,1.0
2022-11-08,2022-23,LaLiga,Ath Bilbao,Valladolid,0,1,1,0.0,-0.5,2,-0.45,0,1,0,13,0,0,1,1.0
2022-11-09,2022-23,Bundesliga,Union Berlin,Augsburg,0,3,1,0.0,-1.25,4,-0.45,1,1,1,13,0,0,0,0.5
2022-11-09,2022-23,Bundesliga,Schalke 04,Mainz,0,0,2,0.0,0.0,2,-0.45,0,1,1,13,0,0,0,1.0
2022-11-09,2022-23,Bundesliga,RB Leipzig,Freiburg,2,0,2,0.5,1.5,4,0.05,0,0,0,13,0,6,3,1.0
2022-11-09,2022-23,SerieA,Torino,Sampdoria,2,1,1,0.5,0.75,4,0.05,0,1,1,13,0,0,0,1.0
2022-11-09,2022-23,SerieA,Inter,Bologna,3,1,0,0.75,1.75,4,0.3,1,1,0,13,0,0,3,1.0
2022-11-09,2022-23,SerieA,Fiorentina,Salernitana,1,1,0,0.5,1.5,2,0.05,1,0,0,13,0,2,3,1.0
2022-11-09,2022-23,SerieA,Sassuolo,Roma,0,1,3,0.0,-0.25,4,-0.45,0,1,1,13,0,0,0,0.5
2022-11-09,2022-23,SerieA,Lecce,Atalanta,0,0,0,0.45,0.0,0,0.0,0,0,1,13,0,1,0,1.0
2022-11-09,2022-23,Bundesliga,FC Koln,Leverkusen,1,2,1,0.25,-1.5,4,-0.2,0,1,0,13,0,0,1,0.0
2022-11-09,2022-23,LaLiga,Almeria,Getafe,0,0,0,0.45,0.0,0,0.0,0,1,0,13,0,0,5,1.0
2022-11-09,2022-23,LaLiga,Espanol,Villarreal,0,1,1,0.0,-2.0,2,-0.45,1,0,1,13,0,3,0,0.0
2022-11-09,2022-23,LaLiga,Sevilla,Sociedad,2,0,2,0.5,0.5,4,0.05,0,0,0,13,0,1,1,0.0
2022-11-09,2022-23,Bundesliga,Ein Frankfurt,Hoffenheim,2,1,1,0.5,0.5,4,0.05,0,0,1,13,0,1,0,1.0
2022-11-09,2022-23,LaLiga,Mallorca,Ath Madrid,2,0,0,1.0,1.0,2,0.55,0,0,0,13,0,3,1,1.0
2022-11-10,2022-23,SerieA,Lazio,Monza,0,0,0,0.45,0.0,0,0.0,0,0,0,13,0,1,1,1.0
2022-11-10,2022-23,LaLiga,Vallecano,Celta,0,1,1,0.0,-1.0,2,-0.45,1,0,1,13,0,5,0,0.5
2022-11-10,2022-23,LaLiga,Valencia,Betis,0,3,1,0.0,-2.0,4,-0.45,1,0,0,13,0,1,2,1.0
2022-11-10,2022-23,LaLiga,Real Madrid,Cadiz,1,1,2,0.25,0.5,4,-0.2,0,1,0,13,0,0,2,1.0
2022-11-10,2022-23,SerieA,Verona,Juventus,1,1,2,0.25,-0.25,4,-0.2,1,1,0,13,0,0,4,0.0
2022-11-11,2022-23,Bundesliga,M'gladbach,Dortmund,2,2,0,0.5,-1.5,4,0.05,1,1,1,14,0,0,0,1.0
2022-11-11,2022-23,Ligue1,Lyon,Nice,2,2,0,0.5,0.75,4,0.05,0,1,0,14,0,0,5,0.5
2022-11-11,2022-23,SerieA,Empoli,Cremonese,0,0,0,0.45,0.0,0,0.0,0,1,0,14,0,0,3,1.0
2022-11-12,2022-23,SerieA,Sampdoria,Lecce,0,0,0,0.45,0.0,0,0.0,0,1,0,14,0,0,2,0.0
2022-11-12,2022-23,EPL,West Ham,Leicester,3,0,1,0.75,1.75,4,0.3,0,1,0,14,0,0,1,0.0
2022-11-12,2022-23,Ligue1,Rennes,Toulouse,0,0,0,0.45,0.0,0,0.0,0,0,1,14,0,10,0,1.0
2022-11-12,2022-23,Ligue1,Lens,Clermont,1,0,1,0.5,1.0,2,0.05,0,0,0,14,0,4,2,1.0
2022-11-12,2022-23,SerieA,Napoli,Udinese,4,0,0,1.0,2.5,4,0.55,0,0,0,14,0,15,3,1.0
2022-11-12,2022-23,EPL,Tottenham,Leeds,3,1,0,0.75,1.5,4,0.3,0,1,0,14,0,0,2,1.0
2022-11-12,2022-23,SerieA,Bologna,Sassuolo,1,2,1,0.25,0.0,4,-0.2,1,1,0,14,0,0,1,1.0
2022-11-12,2022-23,Bundesliga,Leverkusen,Stuttgart,3,0,1,0.75,1.75,4,0.3,0,0,0,14,0,2,1,1.0
2022-11-12,2022-23,Bundesliga,Hertha,FC Koln,0,2,2,0.0,-1.0,4,-0.45,1,1,1,14,0,0,0,1.0
2022-11-12,2022-23,Bundesliga,Werder Bremen,RB Leipzig,0,2,0,0.0,-2.5,2,-0.45,1,1,0,14,0,0,7,0.0
2022-11-12,2022-23,Bundesliga,Schalke 04,Bayern Munich,0,2,0,0.0,-6.0,2,-0.45,1,0,0,14,0,1,7,0.0
2022-11-12,2022-23,EPL,Nott'm Forest,Crystal Palace,0,0,0,0.45,0.0,0,0.0,0,0,0,14,0,1,2,1.0
2022-11-12,2022-23,Bundesliga,Augsburg,Bochum,1,1,0,0.5,0.5,2,0.05,0,0,0,14,0,1,1,0.0
2022-11-12,2022-23,EPL,Wolves,Arsenal,2,2,0,0.5,0.0,4,0.05,1,1,0,14,0,0,7,0.0
2022-11-12,2022-23,EPL,Newcastle,Chelsea,0,4,0,0.0,-2.0,4,-0.45,1,0,1,14,0,9,0,1.0
2022-11-12,2022-23,EPL,Bournemouth,Everton,0,0,0,0.45,0.0,0,0.0,0,1,1,14,0,0,0,1.0
2022-11-12,2022-23,EPL,Man City,Brentford,2,0,0,1.0,1.5,2,0.55,0,0,0,13,0,3,2,0.0
2022-11-12,2022-23,EPL,Liverpool,Southampton,3,1,0,0.75,1.5,4,0.3,0,0,1,13,0,1,0,1.0
2022-11-12,2022-23,Bundesliga,Hoffenheim,Wolfsburg,3,1,0,0.75,0.75,4,0.3,0,1,0,14,0,0,7,0.0
2022-11-13,2022-23,SerieA,Milan,Fiorentina,3,1,0,0.75,0.75,4,0.3,0,0,0,14,0,2,3,1.0
2022-11-13,2022-23,Ligue1,Monaco,Marseille,2,2,0,0.5,0.0,4,0.05,0,0,0,14,0,2,2,0.0
2022-11-13,2022-23,Ligue1,Strasbourg,Lorient,1,1,2,0.25,0.5,4,-0.2,0,1,1,14,0,0,0,0.5
2022-11-13,2022-23,Ligue1,Nantes,Ajaccio,0,0,0,0.45,0.0,0,0.0,0,1,0,14,0,0,1,0.5
2022-11-13,2022-23,Ligue1,Paris SG,Auxerre,0,0,0,0.45,0.0,0,0.0,0,0,0,14,0,15,2,1.0
2022-11-13,2022-23,Ligue1,Montpellier,Reims,0,1,3,0.0,-1.0,4,-0.45,0,0,0,14,0,1,6,0.5
2022-11-13,2022-23,SerieA,Verona,Spezia,3,0,1,0.75,1.5,4,0.3,0,1,0,14,0,0,1,0.0
2022-11-13,2022-23,Bundesliga,Freiburg,Union Berlin,0,2,2,0.0,-1.0,4,-0.45,1,1,0,14,0,0,1,1.0
2022-11-13,2022-23,Ligue1,Lille,Angers,1,1,2,0.25,0.0,4,-0.2,0,0,1,14,0,1,0,1.0
2022-11-13,2022-23,EPL,Fulham,Man United,0,1,1,0.0,-0.5,2,-0.45,0,1,1,14,0,0,0,0.0
2022-11-13,2022-23,EPL,Brighton,Aston Villa,1,2,1,0.25,-0.75,4,-0.2,1,0,0,13,0,2,1,0.0
2022-11-13,2022-23,SerieA,Juventus,Lazio,2,0,2,0.5,1.0,4,0.05,0,0,0,14,0,5,2,1.0
2022-11-13,2022-23,SerieA,Atalanta,Inter,0,1,3,0.0,-0.25,4,-0.45,0,1,0,14,0,0,1,0.0
2022-11-13,2022-23,SerieA,Monza,Salernitana,0,0,0,0.45,0.0,0,0.0,0,1,1,14,0,0,0,1.0
2022-11-13,2022-23,SerieA,Roma,Torino,3,1,0,0.75,1.0,4,0.3,0,0,0,14,0,1,1,0.5
2022-11-13,2022-23,Bundesliga,Mainz,Ein Frankfurt,0,2,2,0.0,-0.75,4,-0.45,0,1,0,14,0,0,2,0.5
2022-11-13,2022-23,Ligue1,Brest,Troyes,1,0,1,0.5,2.0,2,0.05,0,1,0,14,0,0,1,1.0
2022-12-26,2022-23,EPL,Southampton,Brighton,1,1,2,0.25,0.0,4,-0.2,0,1,1,15,0,0,0,0.0
2022-12-26,2022-23,EPL,Aston Villa,Liverpool,1,3,0,0.25,0.5,4,-0.2,1,0,0,15,0,2,2,0.0
2022-12-26,2022-23,EPL,Leicester,Newcastle,2,2,0,0.5,0.5,4,0.05,1,0,0,15,0,2,10,0.0
2022-12-26,2022-23,EPL,Everton,Wolves,2,2,0,0.5,0.0,4,0.05,1,1,1,15,0,0,0,0.0
2022-12-26,2022-23,EPL,Crystal Palace,Fulham,1,0,1,0.5,0.5,2,0.05,0,1,1,14,0,0,0,0.0
2022-12-26,2022-23,EPL,Brentford,Tottenham,0,1,1,0.0,-1.0,2,-0.45,0,0,0,15,0,3,1,0.5
2022-12-26,2022-23,EPL,Arsenal,West Ham,3,0,1,0.75,1.0,4,0.3,0,0,1,14,0,8,0,1.0
2022-12-27,2022-23,EPL,Man United,Nott'm Forest,0,0,0,0.45,0.0,0,0.0,0,0,0,14,0,1,2,1.0
2022-12-27,2022-23,EPL,Chelsea,Bournemouth,0,0,0,0.45,0.0,0,0.0,0,1,0,14,0,0,1,1.0
2022-12-28,2022-23,EPL,Leeds,Man City,1,2,1,0.25,-2.5,4,-0.2,1,1,1,14,0,0,0,0.0
2022-12-28,2022-23,Ligue1,Paris SG,Strasbourg,3,0,1,0.75,2.25,4,0.3,0,0,0,15,0,15,1,1.0
2022-12-28,2022-23,Ligue1,Brest,Lyon,1,1,2,0.25,0.0,4,-0.2,0,0,0,15,0,1,1,0.0
2022-12-28,2022-23,Ligue1,Clermont,Lille,1,1,0,0.5,-1.5,2,0.05,1,1,0,15,0,0,2,0.0
2022-12-28,2022-23,Ligue1,Auxerre,Monaco,0,0,0,0.45,0.0,0,0.0,0,1,1,15,0,0,0,0.0
2022-12-28,2022-23,Ligue1,Troyes,Nantes,1,1,0,0.5,-0.5,2,0.05,0,1,0,15,0,0,1,0.5
2022-12-28,2022-23,Ligue1,Ajaccio,Angers,0,0,0,0.45,0.0,0,0.0,0,0,1,15,0,2,0,1.0
2022-12-29,2022-23,Ligue1,Lorient,Montpellier,0,3,1,0.0,-1.0,4,-0.45,1,0,0,15,0,1,2,0.0
2022-12-29,2022-23,Ligue1,Nice,Lens,3,1,0,0.75,0.0,4,0.3,1,0,0,15,0,6,5,0.5
2022-12-29,2022-23,Ligue1,Marseille,Toulouse,0,0,0,0.45,0.0,0,0.0,0,0,1,15,0,3,0,1.0
2022-12-29,2022-23,Ligue1,Reims,Rennes,1,1,2,0.25,0.25,4,-0.2,1,0,0,15,0,7,11,1.0
2022-12-29,2022-23,LaLiga,Girona,Vallecano,0,0,0,0.45,0.0,0,0.0,0,0,0,14,0,4,6,0.5
2022-12-29,2022-23,LaLiga,Betis,Ath Bilbao,1,2,1,0.25,-1.0,4,-0.2,0,1,0,14,0,0,1,0.5
2022-12-29,2022-23,LaLiga,Ath Madrid,Elche,4,0,0,1.0,1.5,4,0.55,0,1,1,14,0,0,0,1.0
2022-12-30,2022-23,EPL,West Ham,Brentford,0,2,0,0.0,-1.5,2,-0.45,1,1,0,16,0,0,4,0.0
2022-12-30,2022-23,EPL,Liverpool,Leicester,2,2,0,0.5,0.5,4,0.05,0,0,1,15,0,3,0,1.0
2022-12-30,2022-23,LaLiga,Cadiz,Almeria,0,0,0,0.45,0.0,0,0.0,0,1,0,14,0,0,1,0.5
2022-12-30,2022-23,LaLiga,Getafe,Mallorca,1,0,1,0.5,0.5,2,0.05,0,1,0,14,0,0,4,1.0
2022-12-30,2022-23,LaLiga,Celta,Sevilla,0,3,1,0.0,-1.0,4,-0.45,0,0,1,14,0,1,0,0.5
2022-12-30,2022-23,LaLiga,Valladolid,Real Madrid,0,2,0,0.0,-1.0,2,-0.45,1,1,0,14,0,0,1,0.0
2022-12-31,2022-23,LaLiga,Barcelona,Espanol,1,0,1,0.5,0.5,2,0.05,0,0,1,14,0,5,0,0.5
2022-12-31,2022-23,LaLiga,Sociedad,Osasuna,3,0,1,0.75,1.0,4,0.3,0,0,1,14,0,2,0,1.0
2022-12-31,2022-23,LaLiga,Villarreal,Valencia,2,2,0,0.5,0.0,4,0.05,0,0,0,14,0,1,2,1.0
2022-12-31,2022-23,EPL,Newcastle,Leeds,1,2,1,0.25,-0.75,4,-0.2,0,0,1,16,0,11,0,0.5
2022-12-31,2022-23,EPL,Man City,Everton,4,0,0,1.0,2.75,4,0.55,0,0,1,15,0,1,0,0.5
2022-12-31,2022-23,EPL,Brighton,Arsenal,1,2,1,0.25,-0.5,4,-0.2,0,0,0,15,0,1,9,0.0
2022-12-31,2022-23,EPL,Fulham,Southampton,0,1,1,0.0,-1.0,2,-0.45,1,0,1,16,0,1,0,1.0
2022-12-31,2022-23,EPL,Wolves,Man United,1,3,0,0.25,-0.5,4,-0.2,0,0,0,16,0,1,2,0.0
2022-12-31,2022-23,EPL,Bournemouth,Crystal Palace,0,0,0,0.45,0.0,0,0.0,0,1,1,16,0,0,0,0.0
2023-01-01,2022-23,Ligue1,Lyon,Clermont,1,0,1,0.5,0.5,2,0.05,0,0,1,16,0,2,0,0.0
2023-01-01,2022-23,Ligue1,Toulouse,Ajaccio,0,0,0,0.45,0.0,0,0.0,0,1,0,16,0,0,3,1.0
2023-01-01,2022-23,Ligue1,Angers,Lorient,2,1,1,0.5,0.25,4,0.05,0,1,1,16,0,0,0,0.0
2023-01-01,2022-23,Ligue1,Lens,Paris SG,1,1,2,0.25,0.0,4,-0.2,0,0,0,16,0,6,15,1.0
2023-01-01,2022-23,Ligue1,Monaco,Brest,2,2,0,0.5,0.25,4,0.05,0,0,1,16,0,1,0,1.0
2023-01-01,2022-23,Ligue1,Nantes,Auxerre,0,0,0,0.45,0.0,0,0.0,0,0,1,16,0,2,0,1.0
2023-01-01,2022-23,EPL,Tottenham,Aston Villa,3,1,0,0.75,1.5,4,0.3,0,0,1,16,0,2,0,0.0
2023-01-01,2022-23,EPL,Nott'm Forest,Chelsea,0,0,0,0.45,0.0,0,0.0,0,1,0,16,0,0,1,0.5
2023-01-02,2022-23,Ligue1,Strasbourg,Troyes,0,0,2,0.0,0.0,2,-0.45,0,1,0,16,0,0,1,0.0
2023-01-02,2022-23,Ligue1,Lille,Reims,3,1,0,0.75,0.5,4,0.3,1,0,0,16,0,3,8,0.5
2023-01-02,2022-23,Ligue1,Montpellier,Marseille,0,3,1,0.0,-1.25,4,-0.45,1,0,0,16,0,3,4,0.0
2023-01-02,2022-23,Ligue1,Rennes,Nice,1,2,1,0.25,-0.25,4,-0.2,0,1,0,16,0,0,7,1.0
2023-01-02,2022-23,EPL,Brentford,Liverpool,0,1,1,0.0,-1.5,2,-0.45,1,0,0,17,0,5,4,1.0
2023-01-03,2022-23,EPL,Man United,Bournemouth,0,0,0,0.45,0.0,0,0.0,0,0,1,16,0,3,0,1.0
2023-01-03,2022-23,EPL,Leicester,Fulham,1,1,0,0.5,0.5,2,0.05,0,1,0,17,0,0,2,0.0
2023-01-03,2022-23,EPL,Everton,Brighton,2,1,1,0.5,0.75,4,0.05,1,0,1,17,0,1,0,0.0
2023-01-03,2022-23,EPL,Arsenal,Newcastle,3,1,0,0.75,1.25,4,0.3,1,0,0,16,0,10,12,0.5
2023-01-04,2022-23,SerieA,Sassuolo,Sampdoria,2,1,1,0.5,-0.5,4,0.05,1,1,1,15,0,0,0,0.0
2023-01-04,2022-23,SerieA,Salernitana,Milan,0,1,1,0.0,-1.0,2,-0.45,0,1,0,15,0,0,3,0.0
2023-01-04,2022-23,SerieA,Udinese,Empoli,1,1,0,0.5,0.5,2,0.05,0,1,0,15,0,0,1,0.5
2023-01-04,2022-23,SerieA,Torino,Verona,2,0,2,0.5,0.5,4,0.05,0,0,1,15,0,2,0,0.5
2023-01-04,2022-23,SerieA,Lecce,Lazio,0,0,0,0.45,0.0,0,0.0,0,0,1,15,0,3,0,1.0
2023-01-04,2022-23,SerieA,Roma,Bologna,2,1,1,0.5,1.0,4,0.05,0,0,0,15,0,2,1,1.0
2023-01-04,2022-23,SerieA,Cremonese,Juventus,0,0,0,0.45,0.0,0,0.0,0,1,0,15,0,0,6,0.0
2023-01-04,2022-23,SerieA,Spezia,Atalanta,0,3,1,0.0,-1.75,4,-0.45,1,0,1,15,0,2,0,0.5
2023-01-04,2022-23,SerieA,Inter,Napoli,2,0,2,0.5,0.5,4,0.05,0,0,0,15,0,2,15,1.0
2023-01-04,2022-23,SerieA,Fiorentina,Monza,0,0,0,0.45,0.0,0,0.0,0,1,0,15,0,0,1,0.5
2023-01-04,2022-23,EPL,Crystal Palace,Tottenham,1,2,1,0.25,-0.75,4,-0.2,1,0,1,16,0,1,0,0.0
2023-01-04,2022-23,EPL,Aston Villa,Wolves,1,2,1,0.25,-0.25,4,-0.2,1,0,1,17,0,1,0,0.5
2023-01-04,2022-23,EPL,Leeds,West Ham,1,3,0,0.25,-0.75,4,-0.2,0,0,1,16,0,1,0,0.5
2023-01-04,2022-23,EPL,Southampton,Nott'm Forest,0,0,0,0.45,0.0,0,0.0,0,1,0,17,0,0,1,0.0
2023-01-05,2022-23,EPL,Chelsea,Man City,1,3,0,0.25,-0.75,4,-0.2,1,0,0,16,0,2,2,0.0
2023-01-06,2022-23,LaLiga,Elche,Celta,1,2,1,0.25,-0.5,4,-0.2,1,1,0,15,0,0,2,0.0
2023-01-06,2022-23,LaLiga,Valencia,Cadiz,0,1,3,0.0,-0.25,4,-0.45,0,1,0,15,0,0,1,0.0
2023-01-07,2022-23,SerieA,Fiorentina,Sassuolo,0,2,2,0.0,-0.75,4,-0.45,1,0,1,16,0,1,0,1.0
2023-01-07,2022-23,LaLiga,Espanol,Girona,0,0,0,0.45,0.0,0,0.0,0,0,0,15,0,1,5,0.5
2023-01-07,2022-23,LaLiga,Villarreal,Real Madrid,0,1,3,0.0,-0.25,4,-0.45,0,0,0,15,0,2,2,1.0
2023-01-07,2022-23,SerieA,Monza,Inter,0,0,0,0.45,0.0,0,0.0,0,0,0,16,0,2,3,0.5
2023-01-07,2022-23,SerieA,Juventus,Udinese,3,0,1,0.75,1.5,4,0.3,0,0,0,16,0,7,1,1.0
2023-01-07,2022-23,LaLiga,Mallorca,Valladolid,0,0,0,0.45,0.0,0,0.0,0,1,1,15,0,0,0,1.0
2023-01-08,2022-23,SerieA,Spezia,Lecce,0,0,0,0.45,0.0,0,0.0,0,0,0,16,0,3,4,0.5
2023-01-08,2022-23,SerieA,Salernitana,Torino,0,2,0,0.0,-2.5,2,-0.45,1,1,0,16,0,0,3,0.5
2023-01-08,2022-23,SerieA,Milan,Roma,3,0,1,0.75,1.0,4,0.3,0,0,0,16,0,4,3,0.5
2023-01-08,2022-23,SerieA,Sampdoria,Napoli,0,4,0,0.0,-2.0,4,-0.45,1,0,1,16,0,1,0,0.0
2023-01-08,2022-23,SerieA,Lazio,Empoli,1,0,1,0.5,1.0,2,0.05,0,1,0,16,0,0,2,0.5
2023-01-08,2022-23,LaLiga,Sevilla,Getafe,4,0,0,1.0,1.5,4,0.55,0,0,0,15,0,1,1,1.0
2023-01-08,2022-23,LaLiga,Ath Madrid,Barcelona,2,1,1,0.5,0.25,4,0.05,1,0,0,15,0,1,6,0.0
2023-01-08,2022-23,LaLiga,Vallecano,Betis,0,1,1,0.0,-0.5,2,-0.45,0,0,0,15,0,7,1,0.0
2023-01-08,2022-23,LaLiga,Almeria,Sociedad,0,0,0,0.45,0.0,0,0.0,0,0,0,15,0,2,3,0.0
2023-01-09,2022-23,SerieA,Bologna,Atalanta,0,2,2,0.0,-1.5,4,-0.45,1,1,0,16,0,0,1,0.0
2023-01-09,2022-23,LaLiga,Ath Bilbao,Osasuna,2,1,1,0.5,0.75,4,0.05,0,0,1,15,0,2,0,0.5
2023-01-09,2022-23,SerieA,Verona,Cremonese,0,0,0,0.45,0.0,0,0.0,0,0,1,16,0,1,0,1.0
2023-01-11,2022-23,Ligue1,Troyes,Marseille,0,1,1,0.0,-0.5,2,-0.45,0,0,0,17,0,2,5,0.0
2023-01-11,2022-23,Ligue1,Strasbourg,Lens,3,1,0,0.75,0.5,4,0.3,0,1,0,17,0,0,7,0.5
2023-01-11,2022-23,Ligue1,Paris SG,Angers,4,0,0,1.0,2.5,4,0.55,0,1,1,17,0,0,0,1.0
2023-01-11,2022-23,Ligue1,Nice,Montpellier,1,2,1,0.25,-0.25,4,-0.2,0,1,1,17,0,0,0,1.0
2023-01-11,2022-23,Ligue1,Lorient,Monaco,1,1,2,0.25,-0.5,4,-0.2,0,0,0,17,0,1,2,0.5
2023-01-11,2022-23,Ligue1,Clermont,Rennes,1,1,0,0.5,-2.5,2,0.05,0,0,0,17,0,1,1,1.0
2023-01-11,2022-23,Ligue1,Nantes,Lyon,0,4,0,0.0,-1.5,4,-0.45,1,0,1,17,0,3,0,0.5
2023-01-11,2022-23,Ligue1,Ajaccio,Reims,0,0,0,0.45,0.0,0,0.0,0,1,0,17,0,0,9,0.0
2023-01-11,2022-23,Ligue1,Auxerre,Toulouse,0,0,0,0.45,0.0,0,0.0,0,1,0,17,0,0,1,0.0
2023-01-11,2022-23,Ligue1,Brest,Lille,2,0,2,0.5,0.75,4,0.05,0,1,0,17,0,0,4,0.5
2023-01-12,2022-23,EPL,Fulham,Chelsea,0,2,0,0.0,-1.5,2,-0.45,1,0,1,18,0,3,0,1.0
2023-01-13,2022-23,EPL,Aston Villa,Leeds,2,1,2,0.4,0.2,5,-0.05,0,0,0,18,0,2,2,1.0
2023-01-13,2022-23,SerieA,Napoli,Juventus,2,1,1,0.5,0.25,4,0.05,0,0,0,17,0,1,8,1.0
2023-01-13,2022-23,LaLiga,Celta,Villarreal,1,2,1,0.25,-0.75,4,-0.2,1,0,0,16,0,3,3,0.5
2023-01-14,2022-23,LaLiga,Girona,Sevilla,0,0,0,0.45,0.0,0,0.0,0,0,0,16,0,6,2,1.0
2023-01-14,2022-23,Ligue1,Marseille,Lorient,4,0,0,1.0,2.0,4,0.55,0,0,0,18,0,6,2,1.0
2023-01-14,2022-23,LaLiga,Sociedad,Ath Bilbao,1,1,2,0.25,-0.75,4,-0.2,1,0,0,16,0,4,3,1.0
2023-01-14,2022-23,EPL,Man United,Man City,1,3,1,0.2,-1.2,5,-0.25,1,0,0,17,0,4,3,1.0
2023-01-14,2022-23,EPL,Brighton,Liverpool,1,1,3,0.2,-0.2,5,-0.25,0,0,1,17,0,1,0,1.0
2023-01-14,2022-23,EPL,Everton,Southampton,3,2,0,0.6,0.0,5,0.15,0,1,1,18,0,0,0,0.0
2023-01-14,2022-23,EPL,Nott'm Forest,Leicester,0,1,0,0.0,-4.0,1,-0.45,1,0,1,18,0,2,0,1.0
2023-01-14,2022-23,EPL,Wolves,West Ham,1,4,0,0.2,-1.4,5,-0.25,1,0,0,18,0,1,1,1.0
2023-01-14,2022-23,EPL,Brentford,Bournemouth,0,0,1,0.0,0.0,1,-0.45,0,0,1,18,0,6,0,1.0
2023-01-14,2022-23,LaLiga,Osasuna,Mallorca,1,1,0,0.5,-0.5,2,0.05,1,0,0,16,0,1,1,1.0
2023-01-14,2022-23,LaLiga,Valladolid,Vallecano,0,0,0,0.45,0.0,0,0.0,0,1,1,16,0,0,0,0.0
2023-01-14,2022-23,SerieA,Cremonese,Monza,0,0,0,0.45,0.0,0,0.0,0,1,0,17,0,0,3,0.0
2023-01-14,2022-23,SerieA,Lecce,Milan,0,0,0,0.45,0.0,0,0.0,0,0,0,17,0,5,5,0.5
2023-01-14,2022-23,SerieA,Inter,Verona,4,0,0,1.0,1.5,4,0.55,0,0,0,17,0,4,2,1.0
2023-01-14,2022-23,Ligue1,Lyon,Strasbourg,3,0,1,0.75,1.5,4,0.3,0,0,0,18,0,1,1,0.0
2023-01-14,2022-23,Ligue1,Lens,Auxerre,0,0,0,0.45,0.0,0,0.0,0,0,1,18,0,8,0,1.0
2023-01-15,2022-23,EPL,Chelsea,Crystal Palace,5,0,0,1.0,2.4,5,0.55,0,1,1,18,0,0,0,1.0
2023-01-15,2022-23,SerieA,Sassuolo,Lazio,2,2,0,0.5,0.25,4,0.05,1,1,0,17,0,0,1,0.0
2023-01-15,2022-23,SerieA,Torino,Spezia,1,2,1,0.25,-0.75,4,-0.2,0,0,0,17,0,4,4,0.0
2023-01-15,2022-23,SerieA,Udinese,Bologna,0,0,4,0.0,0.0,4,-0.45,0,1,1,17,0,0,0,0.0
2023-01-15,2022-23,SerieA,Atalanta,Salernitana,1,0,1,0.5,0.5,2,0.05,0,0,0,17,0,2,1,1.0
2023-01-15,2022-23,EPL,Newcastle,Fulham,2,0,1,0.666667,1.666667,3,0.216667,0,0,0,18,0,13,4,1.0
2023-01-15,2022-23,EPL,Tottenham,Arsenal,2,3,0,0.4,0.0,5,-0.05,1,0,0,18,0,1,11,0.0
2023-01-15,2022-23,LaLiga,Almeria,Ath Madrid,0,0,0,0.45,0.0,0,0.0,0,1,1,16,0,0,0,0.5
2023-01-15,2022-23,Ligue1,Lille,Troyes,1,1,0,0.5,-1.0,2,0.05,1,0,1,18,0,5,0,1.0
2023-01-15,2022-23,Ligue1,Angers,Clermont,0,1,1,0.0,-0.5,2,-0.45,0,1,0,18,0,0,2,0.0
2023-01-15,2022-23,Ligue1,Montpellier,Nantes,2,1,1,0.5,0.25,4,0.05,1,1,0,18,0,0,4,0.0
2023-01-15,2022-23,Ligue1,Reims,Nice,0,1,3,0.0,-0.25,4,-0.45,1,0,0,18,0,10,1,0.5
2023-01-15,2022-23,Ligue1,Toulouse,Brest,0,0,0,0.45,0.0,0,0.0,0,0,0,18,0,2,1,0.5
2023-01-15,2022-23,Ligue1,Monaco,Ajaccio,0,0,0,0.45,0.0,0,0.0,0,0,1,18,0,3,0,1.0
2023-01-15,2022-23,SerieA,Roma,Fiorentina,3,1,0,0.75,0.75,4,0.3,1,0,0,17,0,4,2,1.0
2023-01-15,2022-23,Ligue1,Rennes,Paris SG,1,2,1,0.25,-0.5,4,-0.2,1,1,0,18,0,0,1,1.0
2023-01-15,2022-23,LaLiga,Getafe,Espanol,1,1,0,0.5,-0.5,2,0.05,1,1,0,16,0,0,2,0.0
2023-01-16,2022-23,SerieA,Empoli,Sampdoria,0,2,0,0.0,-2.5,2,-0.45,1,0,1,17,0,3,0,1.0
2023-01-16,2022-23,LaLiga,Cadiz,Elche,1,2,1,0.25,-0.25,4,-0.2,0,0,1,16,0,2,0,0.5
2023-01-18,2022-23,EPL,Crystal Palace,Man United,2,1,1,0.5,0.5,4,0.05,0,1,0,18,0,0,5,0.5
2023-01-19,2022-23,EPL,Man City,Tottenham,1,3,0,0.25,-0.25,4,-0.2,1,1,1,18,0,0,0,1.0
2023-01-20,2022-23,LaLiga,Mallorca,Celta,0,1,1,0.0,-0.5,2,-0.45,1,1,0,17,0,0,4,1.0
2023-01-20,2022-23,Bundesliga,RB Leipzig,Bayern Munich,0,3,1,0.0,-1.25,4,-0.45,1,0,0,15,0,8,8,0.5
2023-01-21,2022-23,EPL,Bournemouth,Nott'm Forest,1,0,0,1.0,1.0,1,0.55,0,1,0,19,0,0,3,0.5
2023-01-21,2022-23,LaLiga,Vallecano,Sociedad,0,1,1,0.0,-0.5,2,-0.45,0,0,0,17,0,1,5,0.0
2023-01-21,2022-23,LaLiga,Espanol,Betis,0,1,1,0.0,-1.5,2,-0.45,1,0,0,17,0,3,2,1.0
2023-01-21,2022-23,LaLiga,Ath Madrid,Valladolid,2,0,0,1.0,1.5,2,0.55,0,0,1,17,0,1,0,1.0
2023-01-21,2022-23,LaLiga,Sevilla,Cadiz,3,0,1,0.75,1.5,4,0.3,0,1,0,17,0,0,3,1.0
2023-01-21,2022-23,SerieA,Verona,Lecce,0,0,0,0.45,0.0,0,0.0,0,1,0,18,0,0,6,1.0
2023-01-21,2022-23,SerieA,Salernitana,Napoli,0,2,0,0.0,-2.0,2,-0.45,1,1,0,18,0,0,2,0.0
2023-01-21,2022-23,SerieA,Fiorentina,Torino,2,1,1,0.5,-0.5,4,0.05,1,1,1,18,0,0,0,0.0
2023-01-21,2022-23,Bundesliga,Ein Frankfurt,Schalke 04,1,1,0,0.5,0.5,2,0.05,1,0,1,15,0,3,0,1.0
2023-01-21,2022-23,EPL,Liverpool,Chelsea,1,1,2,0.25,0.25,4,-0.2,0,1,0,18,0,0,1,0.5
2023-01-21,2022-23,Bundesliga,FC Koln,Werder Bremen,0,0,2,0.0,0.0,2,-0.45,0,1,1,15,0,0,0,1.0
2023-01-21,2022-23,Bundesliga,Wolfsburg,Freiburg,1,2,1,0.25,0.0,4,-0.2,1,0,0,15,0,8,1,1.0
2023-01-21,2022-23,Bundesliga,Union Berlin,Hoffenheim,2,0,2,0.5,0.75,4,0.05,0,1,1,15,0,0,0,1.0
2023-01-21,2022-23,Bundesliga,Stuttgart,Mainz,3,0,1,0.75,1.5,4,0.3,0,1,0,15,0,0,1,0.5
2023-01-21,2022-23,Bundesliga,Bochum,Hertha,0,1,1,0.0,-1.0,2,-0.45,0,0,0,15,0,2,1,1.0
2023-01-21,2022-23,EPL,Crystal Palace,Newcastle,1,2,2,0.2,-0.4,5,-0.25,0,0,0,19,0,1,14,0.5
2023-01-21,2022-23,EPL,West Ham,Everton,3,2,0,0.6,0.2,5,0.15,1,1,1,19,0,0,0,1.0
2023-01-21,2022-23,EPL,Southampton,Aston Villa,2,3,0,0.4,-0.8,5,-0.05,1,0,0,19,0,1,3,0.0
2023-01-21,2022-23,EPL,Leicester,Brighton,2,2,1,0.4,0.0,5,-0.05,1,1,0,19,0,0,2,0.5
2023-01-22,2022-23,Bundesliga,M'gladbach,Leverkusen,0,4,0,0.0,-1.75,4,-0.45,1,0,0,15,0,1,3,0.0
2023-01-22,2022-23,Bundesliga,Dortmund,Augsburg,2,1,1,0.5,0.25,4,0.05,0,1,1,15,0,0,0,1.0
2023-01-22,2022-23,LaLiga,Elche,Osasuna,0,1,3,0.0,-0.5,4,-0.45,0,0,0,17,0,1,2,0.5
2023-01-22,2022-23,LaLiga,Ath Bilbao,Real Madrid,0,4,0,0.0,-1.25,4,-0.45,1,1,1,17,0,0,0,0.0
2023-01-22,2022-23,LaLiga,Barcelona,Getafe,2,1,1,0.5,0.75,4,0.05,0,0,1,16,0,7,0,1.0
2023-01-22,2022-23,LaLiga,Villarreal,Girona,0,0,0,0.45,0.0,0,0.0,0,0,0,17,0,4,7,1.0
2023-01-22,2022-23,EPL,Leeds,Brentford,1,1,1,0.333333,-0.666667,3,-0.116667,1,1,0,18,0,0,7,0.5
2023-01-22,2022-23,EPL,Man City,Wolves,5,0,0,1.0,2.6,5,0.55,0,0,0,19,0,1,2,1.0
2023-01-22,2022-23,EPL,Arsenal,Man United,2,2,1,0.4,0.0,5,-0.05,1,0,0,18,0,12,6,1.0
2023-01-22,2022-23,SerieA,Sampdoria,Udinese,2,1,1,0.5,0.25,4,0.05,1,1,1,18,0,0,0,0.0
2023-01-22,2022-23,SerieA,Monza,Sassuolo,0,0,0,0.45,0.0,0,0.0,0,0,1,18,0,4,0,0.5
2023-01-22,2022-23,SerieA,Juventus,Atalanta,0,2,2,0.0,-0.5,4,-0.45,0,1,0,18,0,0,3,0.5
2023-01-22,2022-23,SerieA,Spezia,Roma,0,3,1,0.0,-1.0,4,-0.45,1,0,0,18,0,5,5,0.0
2023-01-23,2022-23,EPL,Fulham,Tottenham,0,2,1,0.0,-0.666667,3,-0.45,1,1,1,20,0,0,0,0.0
2023-01-23,2022-23,LaLiga,Valencia,Almeria,0,0,0,0.45,0.0,0,0.0,0,1,0,16,0,0,1,0.5
2023-01-23,2022-23,SerieA,Inter,Empoli,2,0,0,1.0,2.0,2,0.55,0,0,0,18,0,5,4,0.0
2023-01-23,2022-23,SerieA,Bologna,Cremonese,0,0,0,0.45,0.0,0,0.0,0,0,1,18,0,1,0,0.5
2023-01-24,2022-23,Bundesliga,Bayern Munich,FC Koln,4,0,0,1.0,2.5,4,0.55,0,0,0,16,0,9,1,0.5
2023-01-24,2022-23,Bundesliga,Schalke 04,RB Leipzig,0,2,0,0.0,-3.5,2,-0.45,1,1,0,16,0,0,9,0.0
2023-01-24,2022-23,Bundesliga,Hoffenheim,Stuttgart,1,2,1,0.25,-0.75,4,-0.2,0,1,0,16,0,0,1,0.5
2023-01-24,2022-23,Bundesliga,Hertha,Wolfsburg,0,2,2,0.0,-0.75,4,-0.45,0,1,0,16,0,0,9,0.0
2023-01-24,2022-23,SerieA,Lazio,Milan,1,3,0,0.25,-0.25,4,-0.2,1,0,0,18,0,2,6,1.0
2023-01-25,2022-23,Bundesliga,Freiburg,Ein Frankfurt,1,2,1,0.25,-0.75,4,-0.2,0,1,0,16,0,0,4,0.5
2023-01-25,2022-23,Bundesliga,Werder Bremen,Union Berlin,0,2,0,0.0,-2.0,2,-0.45,1,1,0,16,0,0,1,0.0
2023-01-25,2022-23,Bundesliga,Leverkusen,Bochum,1,0,1,0.5,0.5,2,0.05,0,0,0,16,0,4,3,1.0
2023-01-25,2022-23,Bundesliga,Augsburg,M'gladbach,2,1,1,0.5,0.5,4,0.05,1,1,1,16,0,0,0,1.0
2023-01-25,2022-23,Bundesliga,Mainz,Dortmund,0,3,1,0.0,-1.25,4,-0.45,1,0,0,16,0,2,1,0.0
2023-01-27,2022-23,Ligue1,Lorient,Rennes,1,3,1,0.2,-1.8,5,-0.25,0,1,0,19,0,0,1,1.0
2023-01-27,2022-23,SerieA,Bologna,Spezia,3,0,2,0.6,1.0,5,0.15,0,0,1,19,0,2,0,1.0
2023-01-27,2022-23,SerieA,Lecce,Salernitana,1,0,0,1.0,1.0,1,0.55,0,1,1,19,0,0,0,0.0
2023-01-27,2022-23,LaLiga,Almeria,Espanol,0,0,0,0.45,0.0,0,0.0,0,0,0,18,0,2,4,1.0
2023-01-27,2022-23,Bundesliga,RB Leipzig,Stuttgart,4,0,1,0.8,1.8,5,0.35,0,0,0,17,0,10,2,1.0
2023-01-28,2022-23,Bundesliga,Freiburg,Augsburg,4,0,1,0.8,2.0,5,0.35,0,0,0,17,0,1,1,1.0
2023-01-28,2022-23,LaLiga,Cadiz,Mallorca,0,1,1,0.0,-0.5,2,-0.45,1,1,0,18,0,0,1,1.0
2023-01-28,2022-23,LaLiga,Girona,Barcelona,0,0,0,0.45,0.0,0,0.0,0,1,0,18,0,0,8,0.0
2023-01-28,2022-23,LaLiga,Sevilla,Elche,2,1,1,0.5,0.75,4,0.05,0,0,0,18,0,1,2,1.0
2023-01-28,2022-23,LaLiga,Getafe,Betis,1,2,1,0.25,0.0,4,-0.2,0,1,1,18,0,0,0,0.0
2023-01-28,2022-23,Ligue1,Troyes,Lens,0,3,0,0.0,-2.333333,3,-0.45,1,1,0,19,0,0,9,0.5
2023-01-28,2022-23,SerieA,Empoli,Torino,0,1,2,0.0,-0.666667,3,-0.45,0,0,0,19,0,5,1,0.5
2023-01-28,2022-23,SerieA,Cremonese,Inter,0,1,0,0.0,-2.0,1,-0.45,1,0,1,19,0,1,0,0.0
2023-01-28,2022-23,Ligue1,Marseille,Monaco,3,2,0,0.6,0.2,5,0.15,0,0,0,19,0,7,4,0.5
2023-01-28,2022-23,SerieA,Atalanta,Sampdoria,4,1,0,0.8,1.6,5,0.35,0,0,1,19,0,4,0,1.0
2023-01-28,2022-23,Bundesliga,Hertha,Union Berlin,1,3,1,0.2,-1.0,5,-0.25,1,1,0,17,0,0,2,0.0
2023-01-28,2022-23,Bundesliga,Hoffenheim,M'gladbach,2,2,1,0.4,-0.8,5,-0.05,1,0,1,17,0,1,0,0.0
2023-01-28,2022-23,Bundesliga,Bayern Munich,Ein Frankfurt,3,2,0,0.6,1.8,5,0.15,0,0,0,17,0,10,5,0.5
2023-01-28,2022-23,Bundesliga,Mainz,Bochum,2,1,0,0.666667,0.0,3,0.216667,0,1,1,17,0,0,0,1.0
2023-01-28,2022-23,Bundesliga,Werder Bremen,Wolfsburg,0,2,1,0.0,-1.0,3,-0.45,0,1,0,17,0,0,10,1.0
2023-01-29,2022-23,Ligue1,Brest,Angers,1,2,2,0.2,0.0,5,-0.25,0,0,1,19,0,2,0,1.0
2023-01-29,2022-23,Ligue1,Clermont,Nantes,0,2,1,0.0,-0.666667,3,-0.45,0,0,0,19,0,3,5,0.5
2023-01-29,2022-23,Ligue1,Strasbourg,Toulouse,0,0,1,0.0,0.0,1,-0.45,0,0,0,19,0,2,3,0.0
2023-01-29,2022-23,Ligue1,Ajaccio,Lyon,0,1,0,0.0,-1.0,1,-0.45,1,1,1,19,0,0,0,0.0
2023-01-29,2022-23,Ligue1,Paris SG,Reims,4,0,1,0.8,2.4,5,0.35,0,1,0,19,0,0,11,0.5
2023-01-29,2022-23,LaLiga,Valladolid,Valencia,0,2,0,0.0,-2.0,2,-0.45,1,1,0,18,0,0,1,1.0
2023-01-29,2022-23,SerieA,Napoli,Roma,3,0,2,0.6,1.4,5,0.15,0,0,0,19,0,3,6,1.0
2023-01-29,2022-23,LaLiga,Celta,Ath Bilbao,2,1,1,0.5,0.75,4,0.05,0,1,1,18,0,0,0,1.0
2023-01-29,2022-23,LaLiga,Real Madrid,Sociedad,2,0,2,0.5,1.25,4,0.05,0,0,0,17,0,1,6,0.5
2023-01-29,2022-23,Bundesliga,Schalke 04,FC Koln,0,3,0,0.0,-1.333333,3,-0.45,1,1,0,17,0,0,2,0.5
2023-01-29,2022-23,Bundesliga,Leverkusen,Dortmund,2,3,0,0.4,0.0,5,-0.05,1,0,0,17,0,5,2,0.0
2023-01-29,2022-23,Ligue1,Nice,Lille,2,2,1,0.4,0.2,5,-0.05,0,0,0,19,0,2,6,1.0
2023-01-29,2022-23,Ligue1,Auxerre,Montpellier,1,0,0,1.0,1.0,1,0.55,0,1,1,19,0,0,0,0.0
2023-01-29,2022-23,SerieA,Milan,Sassuolo,2,2,1,0.4,0.2,5,-0.05,0,1,0,19,0,0,1,0.0
2023-01-29,2022-23,SerieA,Juventus,Monza,0,1,0,0.0,-1.0,1,-0.45,1,0,0,19,0,1,5,0.0
2023-01-29,2022-23,SerieA,Lazio,Fiorentina,4,1,0,0.8,1.4,5,0.35,0,0,1,19,0,3,0,0.5
2023-01-29,2022-23,LaLiga,Osasuna,Ath Madrid,0,4,0,0.0,-1.75,4,-0.45,1,0,0,18,0,3,2,0.0
2023-01-30,2022-23,LaLiga,Villarreal,Vallecano,2,0,0,1.0,3.0,2,0.55,0,0,1,18,0,5,0,0.0
2023-01-30,2022-23,SerieA,Udinese,Verona,2,2,1,0.4,-0.4,5,-0.05,0,0,0,19,0,1,1,0.5
2023-02-01,2022-23,Ligue1,Montpellier,Paris SG,0,5,0,0.0,-3.0,5,-0.45,1,0,0,20,0,1,1,0.0
2023-02-01,2022-23,Ligue1,Lille,Clermont,2,1,0,0.666667,1.666667,3,0.216667,0,1,0,20,0,0,4,0.5
2023-02-01,2022-23,Ligue1,Nantes,Marseille,0,4,1,0.0,-1.0,5,-0.45,1,0,0,20,0,6,8,0.0
2023-02-01,2022-23,Ligue1,Reims,Lorient,1,2,2,0.2,-0.4,5,-0.25,0,0,0,20,0,12,1,1.0
2023-02-01,2022-23,Ligue1,Toulouse,Troyes,1,0,0,1.0,3.0,1,0.55,0,0,0,20,0,4,1,1.0
2023-02-01,2022-23,Ligue1,Lens,Nice,1,3,1,0.2,0.0,5,-0.25,0,0,0,20,0,10,3,0.0
2023-02-01,2022-23,Ligue1,Lyon,Brest,2,1,2,0.4,0.4,5,-0.05,0,0,0,20,0,1,3,0.5
2023-02-01,2022-23,Ligue1,Monaco,Auxerre,1,0,0,1.0,1.0,1,0.55,0,0,1,20,0,5,0,1.0
2023-02-01,2022-23,Ligue1,Angers,Ajaccio,0,1,0,0.0,-1.0,1,-0.45,1,1,1,20,0,0,0,0.0
2023-02-01,2022-23,LaLiga,Betis,Barcelona,1,3,0,0.25,-1.0,4,-0.2,1,0,0,18,0,1,9,0.0
2023-02-01,2022-23,Ligue1,Rennes,Strasbourg,3,1,1,0.6,0.6,5,0.15,0,1,1,20,0,0,0,1.0
2023-02-02,2022-23,LaLiga,Real Madrid,Valencia,3,1,0,0.75,0.75,4,0.3,0,0,1,18,0,2,0,1.0
2023-02-03,2022-23,LaLiga,Ath Bilbao,Cadiz,3,2,0,0.6,1.4,5,0.15,0,1,0,19,0,0,1,1.0
2023-02-03,2022-23,EPL,Chelsea,Fulham,2,1,0,0.666667,0.666667,3,0.216667,1,0,1,20,0,2,0,0.5
2023-02-03,2022-23,Bundesliga,Augsburg,Leverkusen,1,3,1,0.2,-1.6,5,-0.25,0,1,1,18,0,0,0,1.0
2023-02-04,2022-23,SerieA,Sassuolo,Atalanta,1,3,1,0.2,-1.0,5,-0.25,1,0,0,20,0,2,5,1.0
2023-02-04,2022-23,EPL,Brentford,Southampton,1,1,0,0.5,0.0,2,0.05,0,0,1,20,0,8,0,1.0
2023-02-04,2022-23,EPL,Aston Villa,Leicester,2,1,1,0.5,0.25,4,0.05,0,0,0,20,0,4,1,0.0
2023-02-04,2022-23,EPL,Man United,Crystal Palace,1,2,2,0.2,-0.4,5,-0.25,0,1,0,20,0,0,2,1.0
2023-02-04,2022-23,EPL,Wolves,Liverpool,0,4,0,0.0,-2.0,4,-0.45,1,1,0,20,0,0,1,1.0
2023-02-04,2022-23,EPL,Newcastle,West Ham,2,1,1,0.5,0.25,4,0.05,0,0,0,20,0,15,1,0.5
2023-02-04,2022-23,EPL,Brighton,Bournemouth,0,0,0,0.45,0.0,0,0.0,0,0,0,19,0,3,1,1.0
2023-02-04,2022-23,Ligue1,Paris SG,Toulouse,1,0,0,1.0,3.0,1,0.55,0,0,0,21,0,2,5,1.0
2023-02-04,2022-23,Ligue1,Troyes,Lyon,0,3,0,0.0,-2.0,3,-0.45,1,1,0,21,0,0,2,0.0
2023-02-04,2022-23,Ligue1,Rennes,Lille,0,2,3,0.0,-0.4,5,-0.45,0,0,0,21,0,1,1,0.0
2023-02-04,2022-23,EPL,Everton,Arsenal,3,1,0,0.75,-0.25,4,0.3,1,1,0,20,0,0,13,1.0
2023-02-04,2022-23,SerieA,Roma,Empoli,3,0,0,1.0,1.666667,3,0.55,0,1,0,20,0,0,6,1.0
2023-02-04,2022-23,LaLiga,Espanol,Osasuna,0,1,2,0.0,-0.333333,3,-0.45,1,1,1,19,0,0,0,0.5
2023-02-04,2022-23,SerieA,Cremonese,Lecce,0,0,1,0.0,0.0,1,-0.45,0,1,1,20,0,0,0,0.0
2023-02-04,2022-23,Bundesliga,Bochum,Hoffenheim,2,1,0,0.666667,0.666667,3,0.216667,1,1,1,18,0,0,0,1.0
2023-02-04,2022-23,Bundesliga,Dortmund,Freiburg,3,2,0,0.6,1.6,5,0.15,0,0,0,18,0,3,2,1.0
2023-02-04,2022-23,Bundesliga,Ein Frankfurt,Hertha,3,1,1,0.6,1.2,5,0.15,0,0,1,18,0,6,0,1.0
2023-02-04,2022-23,Bundesliga,FC Koln,RB Leipzig,1,1,3,0.2,-0.2,5,-0.25,0,0,0,18,0,3,11,0.5
2023-02-04,2022-23,Bundesliga,Union Berlin,Mainz,3,1,1,0.6,1.2,5,0.15,0,0,0,18,0,3,1,1.0
2023-02-04,2022-23,Bundesliga,M'gladbach,Schalke 04,2,0,1,0.666667,2.0,3,0.216667,0,0,0,18,0,1,1,0.5
2023-02-04,2022-23,LaLiga,Ath Madrid,Getafe,4,0,1,0.8,1.2,5,0.35,0,0,1,19,0,3,0,0.5
2023-02-04,2022-23,LaLiga,Elche,Villarreal,1,2,2,0.2,-1.2,5,-0.25,1,1,1,19,0,0,0,1.0
2023-02-04,2022-23,LaLiga,Betis,Celta,2,2,1,0.4,-0.2,5,-0.05,1,1,0,19,0,0,1,0.0
2023-02-05,2022-23,SerieA,Torino,Udinese,3,2,0,0.6,0.0,5,0.15,0,0,0,20,0,2,2,1.0
2023-02-05,2022-23,SerieA,Fiorentina,Bologna,2,1,2,0.4,0.2,5,-0.05,1,0,0,20,0,1,3,0.0
2023-02-05,2022-23,SerieA,Inter,Milan,1,3,1,0.2,0.0,5,-0.25,1,0,1,20,0,1,0,1.0
2023-02-05,2022-23,Bundesliga,Stuttgart,Werder Bremen,2,0,1,0.666667,0.666667,3,0.216667,0,1,0,18,0,0,1,0.0
2023-02-05,2022-23,Bundesliga,Wolfsburg,Bayern Munich,0,4,1,0.0,-1.6,5,-0.45,1,1,0,18,0,0,11,0.0
2023-02-05,2022-23,SerieA,Spezia,Napoli,2,3,0,0.4,-1.0,5,-0.05,1,1,0,20,0,0,4,0.0
2023-02-05,2022-23,EPL,Tottenham,Man City,3,2,0,0.6,-0.2,5,0.15,1,0,0,21,0,1,2,1.0
2023-02-05,2022-23,EPL,Nott'm Forest,Leeds,0,0,0,0.45,0.0,0,0.0,0,0,0,20,0,4,1,1.0
2023-02-05,2022-23,Ligue1,Clermont,Monaco,0,2,1,0.0,-2.0,3,-0.45,0,0,0,21,0,5,6,0.0
2023-02-05,2022-23,Ligue1,Auxerre,Reims,0,1,0,0.0,-1.0,1,-0.45,1,1,0,21,0,0,13,0.5
2023-02-05,2022-23,Ligue1,Ajaccio,Nantes,0,0,1,0.0,0.0,1,-0.45,0,0,1,21,0,1,0,0.0
2023-02-05,2022-23,Ligue1,Strasbourg,Montpellier,1,3,1,0.2,-0.2,5,-0.25,1,1,1,21,0,0,0,1.0
2023-02-05,2022-23,Ligue1,Brest,Lens,2,2,1,0.4,0.6,5,-0.05,1,0,1,21,0,4,0,0.5
2023-02-05,2022-23,Ligue1,Marseille,Nice,3,1,1,0.6,0.4,5,0.15,0,0,0,21,0,9,4,0.0
2023-02-05,2022-23,LaLiga,Mallorca,Real Madrid,0,3,0,0.0,-3.666667,3,-0.45,1,1,0,19,0,0,3,1.0
2023-02-05,2022-23,LaLiga,Girona,Valencia,0,1,0,0.0,-1.0,1,-0.45,1,1,1,19,0,0,0,1.0
2023-02-05,2022-23,Ligue1,Lorient,Angers,2,2,1,0.4,0.0,5,-0.05,0,1,1,21,0,0,0,0.5
2023-02-05,2022-23,LaLiga,Sociedad,Valladolid,1,1,1,0.333333,0.666667,3,-0.116667,1,0,0,19,0,7,1,0.0
2023-02-05,2022-23,LaLiga,Barcelona,Sevilla,3,0,2,0.6,1.2,5,0.15,0,0,0,19,0,10,2,1.0
2023-02-06,2022-23,SerieA,Verona,Lazio,2,2,1,0.4,0.2,5,-0.05,1,0,0,20,0,2,4,0.5
2023-02-06,2022-23,SerieA,Monza,Sampdoria,1,0,0,1.0,3.0,1,0.55,0,0,1,20,0,6,0,0.5
2023-02-06,2022-23,LaLiga,Vallecano,Almeria,0,1,0,0.0,-2.0,1,-0.45,1,0,0,19,0,1,3,1.0
2023-02-07,2022-23,SerieA,Salernitana,Juventus,0,2,1,0.0,-1.333333,3,-0.45,0,0,1,20,0,1,0,0.0
2023-02-08,2022-23,EPL,Man United,Leeds,3,0,1,0.75,2.5,4,0.3,0,0,1,21,0,1,0,0.5
2023-02-10,2022-23,SerieA,Milan,Torino,3,1,1,0.6,1.8,5,0.15,1,1,0,21,0,0,3,1.0
2023-02-10,2022-23,LaLiga,Cadiz,Girona,0,0,1,0.0,0.0,1,-0.45,0,1,0,20,0,0,1,1.0
2023-02-10,2022-23,Ligue1,Nice,Ajaccio,1,0,0,1.0,1.0,1,0.55,0,0,1,22,0,5,0,1.0
2023-02-10,2022-23,Bundesliga,Schalke 04,Wolfsburg,0,2,1,0.0,-2.333333,3,-0.45,0,0,1,19,0,2,0,0.5
2023-02-11,2022-23,Bundesliga,Bayern Munich,Bochum,2,1,0,0.666667,4.0,3,0.216667,0,0,0,19,0,12,1,1.0
2023-02-11,2022-23,Bundesliga,RB Leipzig,Union Berlin,1,4,0,0.2,-0.6,5,-0.25,1,0,0,19,0,12,4,0.0
2023-02-11,2022-23,Bundesliga,Werder Bremen,Dortmund,1,2,0,0.333333,-1.0,3,-0.116667,0,0,0,19,0,2,4,0.0
2023-02-11,2022-23,Bundesliga,Mainz,Augsburg,2,3,0,0.4,0.0,5,-0.05,0,1,0,19,0,0,1,1.0
2023-02-11,2022-23,Ligue1,Clermont,Marseille,1,2,0,0.333333,0.0,3,-0.116667,1,1,1,22,0,0,0,0.0
2023-02-11,2022-23,Ligue1,Monaco,Paris SG,3,1,1,0.6,0.8,5,0.15,0,0,0,22,0,7,3,1.0
2023-02-11,2022-23,EPL,Bournemouth,Newcastle,0,0,1,0.0,0.0,1,-0.45,0,1,0,21,0,0,15,0.5
2023-02-11,2022-23,EPL,Southampton,Wolves,0,4,1,0.0,-1.0,5,-0.45,1,1,0,21,0,0,1,0.0
2023-02-11,2022-23,EPL,Leicester,Tottenham,1,4,0,0.2,-1.4,5,-0.25,1,0,0,21,0,2,2,1.0
2023-02-11,2022-23,EPL,Fulham,Nott'm Forest,1,0,0,1.0,1.0,1,0.55,0,0,0,22,0,1,5,1.0
2023-02-11,2022-23,EPL,West Ham,Chelsea,1,4,0,0.2,-1.0,5,-0.25,1,0,0,21,0,2,3,0.5
2023-02-11,2022-23,EPL,Crystal Palace,Brighton,1,0,3,0.25,0.25,4,-0.2,0,1,0,21,0,0,4,0.5
2023-02-11,2022-23,LaLiga,Valencia,Ath Bilbao,0,1,4,0.0,-0.2,5,-0.45,1,1,0,20,0,0,1,0.0
2023-02-11,2022-23,LaLiga,Sevilla,Mallorca,1,0,2,0.333333,0.333333,3,-0.116667,0,1,0,20,0,0,1,1.0
2023-02-11,2022-23,LaLiga,Almeria,Betis,0,1,0,0.0,-2.0,1,-0.45,1,1,1,20,0,0,0,0.0
2023-02-11,2022-23,SerieA,Empoli,Spezia,0,1,2,0.0,-0.333333,3,-0.45,1,1,1,21,0,0,0,0.5
2023-02-11,2022-23,SerieA,Lecce,Roma,0,1,0,0.0,-1.0,1,-0.45,1,0,0,21,0,1,1,0.5
2023-02-11,2022-23,SerieA,Lazio,Atalanta,2,1,2,0.4,0.2,5,-0.05,0,0,1,21,0,5,0,0.0
2023-02-11,2022-23,Bundesliga,Hoffenheim,Leverkusen,1,2,2,0.2,-0.4,5,-0.25,0,1,1,19,0,0,0,0.0
2023-02-11,2022-23,Bundesliga,Freiburg,Stuttgart,5,0,0,1.0,1.2,5,0.55,0,1,1,19,0,0,0,1.0
2023-02-11,2022-23,EPL,Arsenal,Brentford,2,1,0,0.666667,0.666667,3,0.216667,0,1,0,20,0,0,9,0.5
2023-02-12,2022-23,Bundesliga,FC Koln,Ein Frankfurt,1,1,3,0.2,-0.2,5,-0.25,0,0,0,19,0,4,7,1.0
2023-02-12,2022-23,Ligue1,Toulouse,Rennes,0,1,0,0.0,-1.0,1,-0.45,1,1,1,22,0,0,0,1.0
2023-02-12,2022-23,Bundesliga,Hertha,M'gladbach,1,2,2,0.2,-0.4,5,-0.25,1,1,0,19,0,0,2,1.0
2023-02-12,2022-23,Ligue1,Angers,Auxerre,0,0,1,0.0,0.0,1,-0.45,0,0,0,22,0,1,1,0.5
2023-02-12,2022-23,SerieA,Bologna,Monza,1,0,0,1.0,1.0,1,0.55,0,0,0,21,0,4,7,0.0
2023-02-12,2022-23,Ligue1,Montpellier,Brest,2,1,2,0.4,2.0,5,-0.05,0,1,0,22,0,0,5,1.0
2023-02-12,2022-23,LaLiga,Villarreal,Barcelona,1,4,0,0.2,-1.6,5,-0.25,1,1,0,20,0,0,11,0.0
2023-02-12,2022-23,LaLiga,Valladolid,Osasuna,1,1,1,0.333333,-0.333333,3,-0.116667,1,0,0,20,0,2,1,0.5
2023-02-12,2022-23,LaLiga,Celta,Ath Madrid,0,4,1,0.0,-1.6,5,-0.45,1,0,0,20,0,2,4,0.0
2023-02-12,2022-23,Ligue1,Reims,Troyes,0,2,1,0.0,-0.666667,3,-0.45,0,0,1,22,0,14,0,1.0
2023-02-12,2022-23,EPL,Leeds,Man United,0,3,2,0.0,-2.0,5,-0.45,0,0,0,21,0,1,2,0.0
2023-02-12,2022-23,SerieA,Juventus,Fiorentina,1,2,2,0.2,-0.8,5,-0.25,0,0,1,21,0,1,0,1.0
2023-02-12,2022-23,SerieA,Napoli,Cremonese,1,0,0,1.0,3.0,1,0.55,0,0,1,21,0,5,0,1.0
2023-02-12,2022-23,SerieA,Udinese,Sassuolo,3,0,2,0.6,1.0,5,0.15,0,1,0,21,0,0,3,0.5
2023-02-12,2022-23,EPL,Man City,Aston Villa,4,0,1,0.8,1.0,5,0.35,0,1,1,21,0,0,0,1.0
2023-02-12,2022-23,Ligue1,Lyon,Lens,2,1,2,0.4,0.2,5,-0.05,1,0,0,22,0,3,1,1.0
2023-02-12,2022-23,Ligue1,Nantes,Lorient,3,1,1,0.6,0.8,5,0.15,1,0,0,22,0,1,1,1.0
2023-02-12,2022-23,Ligue1,Lille,Strasbourg,4,0,1,0.8,1.6,5,0.35,0,0,0,22,0,2,1,1.0
2023-02-12,2022-23,LaLiga,Getafe,Vallecano,0,1,2,0.0,-1.0,3,-0.45,0,0,0,20,0,1,2,0.5
2023-02-13,2022-23,SerieA,Verona,Salernitana,0,2,1,0.0,-0.666667,3,-0.45,1,0,1,21,0,3,0,1.0
2023-02-13,2022-23,SerieA,Sampdoria,Inter,1,3,1,0.2,-1.8,5,-0.25,1,0,0,21,0,1,2,0.5
2023-02-13,2022-23,EPL,Liverpool,Everton,2,1,2,0.4,0.6,5,-0.05,0,1,0,20,0,0,1,1.0
2023-02-13,2022-23,LaLiga,Espanol,Sociedad,1,2,0,0.333333,-0.333333,3,-0.116667,1,0,1,20,0,1,0,0.0
2023-02-15,2022-23,EPL,Arsenal,Man City,0,4,0,0.0,-2.0,4,-0.45,1,0,0,21,0,1,1,0.0
2023-02-15,2022-23,LaLiga,Real Madrid,Elche,3,0,2,0.6,1.0,5,0.15,0,1,0,20,0,0,1,1.0
2023-02-17,2022-23,Bundesliga,Augsburg,Hoffenheim,1,4,0,0.2,-1.6,5,-0.25,1,1,1,20,0,0,0,1.0
2023-02-17,2022-23,Ligue1,Auxerre,Lyon,0,1,0,0.0,-1.0,1,-0.45,1,0,0,23,0,2,4,1.0
2023-02-17,2022-23,LaLiga,Girona,Almeria,0,1,0,0.0,-1.0,1,-0.45,1,1,1,21,0,0,0,1.0
2023-02-17,2022-23,SerieA,Sassuolo,Napoli,1,2,2,0.2,-1.4,5,-0.25,1,0,0,22,0,4,6,0.0
2023-02-18,2022-23,Ligue1,Strasbourg,Angers,3,1,1,0.6,0.4,5,0.15,0,1,0,23,0,0,2,1.0
2023-02-18,2022-23,Ligue1,Nice,Reims,1,0,4,0.2,0.2,5,-0.25,0,0,0,23,0,6,15,0.5
2023-02-18,2022-23,Bundesliga,M'gladbach,Bayern Munich,2,1,2,0.4,-0.8,5,-0.05,0,1,0,20,0,0,13,1.0
2023-02-18,2022-23,Bundesliga,Stuttgart,FC Koln,2,1,2,0.4,0.2,5,-0.05,0,1,0,20,0,0,5,1.0
2023-02-18,2022-23,EPL,Newcastle,Liverpool,0,3,2,0.0,-0.8,5,-0.45,1,0,0,22,0,15,1,0.0
2023-02-18,2022-23,EPL,Wolves,Bournemouth,0,0,1,0.0,0.0,1,-0.45,0,0,0,22,0,2,1,0.0
2023-02-18,2022-23,EPL,Nott'm Forest,Man City,0,1,0,0.0,-6.0,1,-0.45,1,1,0,22,0,0,2,0.5
2023-02-18,2022-23,EPL,Everton,Leeds,2,1,2,0.4,0.6,5,-0.05,0,1,1,22,0,0,0,1.0
2023-02-18,2022-23,EPL,Chelsea,Southampton,2,1,2,0.4,1.4,5,-0.05,1,0,1,22,0,4,0,0.0
2023-02-18,2022-23,EPL,Brighton,Fulham,0,1,2,0.0,-0.333333,3,-0.45,1,0,0,21,0,5,2,0.0
2023-02-18,2022-23,EPL,Brentford,Crystal Palace,0,0,3,0.0,0.0,3,-0.45,0,0,0,22,0,10,1,0.5
2023-02-18,2022-23,EPL,Aston Villa,Arsenal,2,3,0,0.4,0.0,5,-0.05,1,1,1,22,0,0,0,0.0
2023-02-18,2022-23,LaLiga,Osasuna,Real Madrid,0,2,3,0.0,-0.8,5,-0.45,0,0,0,21,0,2,1,0.0
2023-02-18,2022-23,LaLiga,Mallorca,Villarreal,1,1,1,0.333333,-0.333333,3,-0.116667,0,1,1,21,0,0,0,1.0
2023-02-18,2022-23,LaLiga,Betis,Valladolid,1,0,2,0.333333,0.666667,3,-0.116667,0,0,0,21,0,1,3,1.0
2023-02-18,2022-23,Bundesliga,Bochum,Freiburg,1,2,0,0.333333,-1.0,3,-0.116667,1,1,0,20,0,0,1,0.0
2023-02-18,2022-23,SerieA,Inter,Udinese,3,1,1,0.6,1.0,5,0.15,1,0,0,22,0,3,1,1.0
2023-02-18,2022-23,SerieA,Monza,Milan,0,1,0,0.0,-3.0,1,-0.45,1,0,0,22,0,8,1,0.0
2023-02-18,2022-23,LaLiga,Sociedad,Celta,5,0,0,1.0,1.6,5,0.55,0,0,1,21,0,1,0,0.5
2023-02-18,2022-23,Bundesliga,Wolfsburg,RB Leipzig,1,2,2,0.2,-0.6,5,-0.25,1,0,1,20,0,1,0,0.0
2023-02-18,2022-23,SerieA,Sampdoria,Bologna,0,4,1,0.0,-1.2,5,-0.45,0,0,1,22,0,2,0,0.0
2023-02-18,2022-23,Bundesliga,Ein Frankfurt,Werder Bremen,1,1,1,0.333333,0.0,3,-0.116667,0,1,1,20,0,0,0,1.0
2023-02-19,2022-23,Ligue1,Lorient,Ajaccio,1,0,0,1.0,1.0,1,0.55,0,1,1,23,0,0,0,1.0
2023-02-19,2022-23,Bundesliga,Leverkusen,Mainz,3,1,1,0.6,0.8,5,0.15,0,0,0,20,0,1,1,0.0
2023-02-19,2022-23,Bundesliga,Dortmund,Hertha,4,1,0,0.8,1.2,5,0.35,0,0,0,20,0,5,1,1.0
2023-02-19,2022-23,Ligue1,Rennes,Clermont,1,2,0,0.333333,1.333333,3,-0.116667,1,1,1,23,0,0,0,1.0
2023-02-19,2022-23,Bundesliga,Union Berlin,Schalke 04,1,0,2,0.333333,1.666667,3,-0.116667,0,0,0,20,0,5,3,0.5
2023-02-19,2022-23,LaLiga,Barcelona,Cadiz,1,2,2,0.2,0.4,5,-0.25,0,0,0,21,0,12,1,1.0
2023-02-19,2022-23,LaLiga,Ath Madrid,Ath Bilbao,2,2,1,0.4,-0.2,5,-0.05,0,0,0,21,0,5,2,1.0
2023-02-19,2022-23,LaLiga,Vallecano,Sevilla,1,1,1,0.333333,-0.666667,3,-0.116667,0,0,0,21,0,3,1,0.5
2023-02-19,2022-23,LaLiga,Elche,Espanol,1,0,2,0.333333,0.333333,3,-0.116667,0,1,1,21,0,0,0,0.0
2023-02-19,2022-23,Ligue1,Lens,Nantes,0,1,4,0.0,-0.2,5,-0.45,0,1,0,23,0,0,2,1.0
2023-02-19,2022-23,Ligue1,Brest,Monaco,2,3,0,0.4,-0.4,5,-0.05,1,1,0,23,0,0,8,0.0
2023-02-19,2022-23,Ligue1,Toulouse,Marseille,0,1,0,0.0,-5.0,1,-0.45,1,0,0,23,0,1,1,0.0
2023-02-19,2022-23,SerieA,Roma,Verona,2,1,2,0.4,0.6,5,-0.05,0,0,0,22,0,2,4,1.0
2023-02-19,2022-23,SerieA,Spezia,Juventus,0,5,0,0.0,-2.0,5,-0.45,1,0,0,22,0,1,2,0.0
2023-02-19,2022-23,SerieA,Salernitana,Lazio,1,2,0,0.333333,-1.333333,3,-0.116667,0,1,1,22,0,0,0,0.0
2023-02-19,2022-23,SerieA,Fiorentina,Empoli,1,1,1,0.333333,0.0,3,-0.116667,0,1,0,22,0,0,1,0.5
2023-02-19,2022-23,SerieA,Atalanta,Lecce,0,1,0,0.0,-1.0,1,-0.45,1,0,0,22,0,1,2,0.0
2023-02-19,2022-23,EPL,Man United,Leicester,1,2,2,0.2,-0.4,5,-0.25,0,0,0,23,0,3,3,1.0
2023-02-19,2022-23,EPL,Tottenham,West Ham,1,2,2,0.2,0.0,5,-0.25,0,1,0,23,0,0,3,1.0
2023-02-19,2022-23,Ligue1,Troyes,Montpellier,1,1,1,0.333333,0.0,3,-0.116667,1,1,0,23,0,0,1,0.0
2023-02-19,2022-23,Ligue1,Paris SG,Lille,3,1,1,0.6,2.0,5,0.15,0,1,0,23,0,0,3,1.0
2023-02-20,2022-23,LaLiga,Getafe,Valencia,1,2,2,0.2,-0.4,5,-0.25,1,0,1,21,0,2,0,1.0
2023-02-20,2022-23,SerieA,Torino,Cremonese,1,0,0,1.0,1.0,1,0.55,0,1,1,22,0,0,0,0.5
2023-02-24,2022-23,LaLiga,Elche,Betis,1,3,1,0.2,-1.4,5,-0.25,1,1,0,22,0,0,2,0.0
2023-02-24,2022-23,Ligue1,Lille,Brest,0,2,3,0.0,-0.6,5,-0.45,0,1,1,24,0,0,0,1.0
2023-02-24,2022-23,Bundesliga,Mainz,M'gladbach,2,1,2,0.4,0.2,5,-0.05,0,0,0,21,0,2,1,1.0
2023-02-24,2022-23,EPL,Fulham,Wolves,0,2,1,0.0,-0.666667,3,-0.45,0,0,1,24,0,3,0,0.5
2023-02-25,2022-23,SerieA,Empoli,Napoli,2,1,0,0.666667,0.0,3,0.216667,1,0,0,23,0,2,7,0.0
2023-02-25,2022-23,SerieA,Lecce,Sassuolo,0,1,0,0.0,-1.0,1,-0.45,1,0,1,23,0,3,0,0.0
2023-02-25,2022-23,EPL,Everton,Aston Villa,0,4,1,0.0,-1.2,5,-0.45,1,0,1,23,0,1,0,0.0
2023-02-25,2022-23,EPL,Leeds,Southampton,2,1,2,0.4,0.8,5,-0.05,0,1,0,23,0,0,1,1.0
2023-02-25,2022-23,EPL,Leicester,Arsenal,1,4,0,0.2,-1.4,5,-0.25,1,1,0,23,0,0,1,0.0
2023-02-25,2022-23,EPL,Crystal Palace,Liverpool,0,4,1,0.0,-2.8,5,-0.45,0,0,0,23,0,2,2,0.5
2023-02-25,2022-23,EPL,Bournemouth,Man City,0,1,0,0.0,-4.0,1,-0.45,1,0,0,23,0,2,3,0.0
2023-02-25,2022-23,Ligue1,Angers,Lyon,1,4,0,0.2,-1.4,5,-0.25,1,1,1,24,0,0,0,0.0
2023-02-25,2022-23,LaLiga,Cadiz,Vallecano,1,2,0,0.333333,-1.333333,3,-0.116667,1,1,0,22,0,0,4,1.0
2023-02-25,2022-23,LaLiga,Espanol,Mallorca,1,1,1,0.333333,0.0,3,-0.116667,0,0,0,22,0,1,1,1.0
2023-02-25,2022-23,Bundesliga,Schalke 04,Stuttgart,0,1,2,0.0,-1.333333,3,-0.45,0,0,0,21,0,4,1,1.0
2023-02-25,2022-23,Bundesliga,Werder Bremen,Bochum,1,0,0,1.0,2.0,1,0.55,0,1,1,21,0,0,0,1.0
2023-02-25,2022-23,Bundesliga,RB Leipzig,Ein Frankfurt,0,1,4,0.0,-0.8,5,-0.45,1,0,0,21,0,1,1,1.0
2023-02-25,2022-23,Bundesliga,Hoffenheim,Dortmund,0,4,1,0.0,-0.8,5,-0.45,1,1,0,21,0,0,6,0.0
2023-02-25,2022-23,Bundesliga,Hertha,Augsburg,4,0,1,0.8,1.4,5,0.35,0,1,0,21,0,0,1,1.0
2023-02-25,2022-23,Bundesliga,FC Koln,Wolfsburg,2,2,1,0.4,0.2,5,-0.05,0,1,1,21,0,0,0,0.0
2023-02-25,2022-23,EPL,West Ham,Nott'm Forest,0,1,0,0.0,-1.0,1,-0.45,1,1,0,23,0,0,1,1.0
2023-02-25,2022-23,Ligue1,Montpellier,Lens,2,3,0,0.4,-0.4,5,-0.05,1,0,0,24,0,2,1,0.5
2023-02-25,2022-23,LaLiga,Real Madrid,Ath Madrid,3,1,1,0.6,0.8,5,0.15,0,0,0,22,0,2,6,0.5
2023-02-25,2022-23,LaLiga,Valencia,Sociedad,1,0,4,0.2,0.2,5,-0.25,0,1,0,22,0,0,2,1.0
2023-02-26,2022-23,Ligue1,Nantes,Rennes,1,3,1,0.2,-0.8,5,-0.25,1,1,0,24,0,0,1,0.0
2023-02-26,2022-23,Ligue1,Marseille,Paris SG,1,3,1,0.2,-0.6,5,-0.25,1,0,0,24,0,2,1,0.0
2023-02-26,2022-23,Bundesliga,Bayern Munich,Union Berlin,2,0,3,0.4,1.4,5,-0.05,0,1,0,21,0,0,6,1.0
2023-02-26,2022-23,Bundesliga,Freiburg,Leverkusen,3,2,0,0.6,0.0,5,0.15,0,0,1,21,0,2,0,0.5
2023-02-26,2022-23,Ligue1,Monaco,Nice,4,0,1,0.8,0.8,5,0.35,0,0,0,24,0,9,7,0.0
2023-02-26,2022-23,LaLiga,Ath Bilbao,Girona,0,1,0,0.0,-1.0,1,-0.45,1,1,0,22,0,0,1,0.0
2023-02-26,2022-23,LaLiga,Celta,Valladolid,0,1,2,0.0,-1.0,3,-0.45,1,0,1,22,0,1,0,1.0
2023-02-26,2022-23,Ligue1,Lorient,Auxerre,1,0,0,1.0,2.0,1,0.55,0,0,0,24,0,1,3,0.0
2023-02-26,2022-23,Ligue1,Reims,Toulouse,0,1,0,0.0,-1.0,1,-0.45,1,0,1,24,0,15,0,1.0
2023-02-26,2022-23,EPL,Tottenham,Chelsea,0,3,2,0.0,-1.2,5,-0.45,0,0,1,24,0,1,0,1.0
2023-02-26,2022-23,Ligue1,Clermont,Strasbourg,0,2,1,0.0,-1.0,3,-0.45,0,1,0,24,0,0,1,0.5
2023-02-26,2022-23,LaLiga,Almeria,Barcelona,0,1,0,0.0,-2.0,1,-0.45,1,1,0,22,0,0,13,1.0
2023-02-26,2022-23,Ligue1,Ajaccio,Troyes,0,0,1,0.0,0.0,1,-0.45,0,1,1,24,0,0,0,1.0
2023-02-26,2022-23,SerieA,Bologna,Inter,1,4,0,0.2,-2.4,5,-0.25,1,0,0,23,0,1,4,1.0
2023-02-26,2022-23,LaLiga,Sevilla,Osasuna,3,1,1,0.6,0.8,5,0.15,1,0,1,22,0,2,0,0.0
2023-02-26,2022-23,SerieA,Salernitana,Monza,0,1,0,0.0,-3.0,1,-0.45,1,1,1,23,0,0,0,1.0
2023-02-26,2022-23,SerieA,Udinese,Spezia,2,2,1,0.4,-0.2,5,-0.05,0,1,1,23,0,0,0,0.5
2023-02-26,2022-23,SerieA,Milan,Atalanta,3,1,1,0.6,0.4,5,0.15,0,0,1,23,0,2,0,1.0
2023-02-27,2022-23,LaLiga,Villarreal,Getafe,4,0,1,0.8,1.0,5,0.35,0,1,0,22,0,0,3,1.0
2023-02-27,2022-23,SerieA,Lazio,Sampdoria,3,1,1,0.6,0.4,5,0.15,0,0,1,23,0,1,0,1.0
2023-02-27,2022-23,SerieA,Verona,Fiorentina,0,2,3,0.0,-0.6,5,-0.45,1,1,0,23,0,0,1,0.0
2023-02-28,2022-23,SerieA,Juventus,Torino,3,0,2,0.6,0.6,5,0.15,0,0,0,23,0,3,1,1.0
2023-02-28,2022-23,SerieA,Cremonese,Roma,0,1,0,0.0,-1.0,1,-0.45,1,0,0,23,0,1,3,1.0
2023-03-01,2022-23,EPL,Liverpool,Wolves,4,1,0,0.8,1.0,5,0.35,1,0,0,23,0,3,1,1.0
2023-03-01,2022-23,EPL,Arsenal,Everton,1,4,0,0.2,0.0,5,-0.25,1,0,1,24,0,2,0,1.0
2023-03-03,2022-23,LaLiga,Sociedad,Cadiz,5,0,0,1.0,2.0,5,0.55,0,1,0,23,0,0,1,0.5
2023-03-03,2022-23,SerieA,Napoli,Lazio,4,1,0,0.8,1.4,5,0.35,0,0,0,24,0,8,2,0.0
2023-03-03,2022-23,Ligue1,Nice,Auxerre,0,0,1,0.0,0.0,1,-0.45,0,0,0,25,0,8,4,0.5
2023-03-03,2022-23,Bundesliga,Dortmund,RB Leipzig,2,3,0,0.4,-0.8,5,-0.05,1,0,0,22,0,7,2,1.0
2023-03-04,2022-23,LaLiga,Getafe,Girona,0,1,0,0.0,-2.0,1,-0.45,1,1,0,23,0,0,2,1.0
2023-03-04,2022-23,Bundesliga,M'gladbach,Freiburg,1,1,3,0.2,-1.0,5,-0.25,0,1,0,22,0,0,3,0.5
2023-03-04,2022-23,Bundesliga,Union Berlin,FC Koln,4,0,1,0.8,0.8,5,0.35,0,1,1,22,0,0,0,0.5
2023-03-04,2022-23,Bundesliga,Stuttgart,Bayern Munich,0,3,2,0.0,-2.2,5,-0.45,0,1,0,22,0,0,1,0.0
2023-03-04,2022-23,LaLiga,Mallorca,Elche,0,1,2,0.0,-1.0,3,-0.45,0,1,1,23,0,0,0,0.0
2023-03-04,2022-23,LaLiga,Almeria,Villarreal,0,1,0,0.0,-1.0,1,-0.45,1,0,0,23,0,1,1,0.0
2023-03-04,2022-23,Bundesliga,Mainz,Hoffenheim,3,1,1,0.6,0.4,5,0.15,1,0,1,22,0,3,0,1.0
2023-03-04,2022-23,LaLiga,Ath Madrid,Sevilla,2,2,1,0.4,0.4,5,-0.05,0,0,1,23,0,7,0,1.0
2023-03-04,2022-23,Ligue1,Lens,Lille,2,3,0,0.4,-1.2,5,-0.05,1,0,0,25,0,2,1,0.5
2023-03-04,2022-23,Ligue1,Paris SG,Nantes,3,2,0,0.6,1.0,5,0.15,0,0,1,25,0,2,0,1.0
2023-03-04,2022-23,EPL,Southampton,Leicester,1,2,2,0.2,-0.8,5,-0.25,0,1,1,24,0,0,0,1.0
2023-03-04,2022-23,EPL,Wolves,Tottenham,1,3,1,0.2,-0.4,5,-0.25,1,1,0,25,0,0,2,1.0
2023-03-04,2022-23,Bundesliga,Augsburg,Werder Bremen,2,1,0,0.666667,0.333333,3,0.216667,0,1,0,22,0,0,1,1.0
2023-03-04,2022-23,EPL,Chelsea,Leeds,3,1,1,0.6,0.6,5,0.15,1,1,0,24,0,0,1,1.0
2023-03-04,2022-23,EPL,Brighton,West Ham,2,0,3,0.4,0.8,5,-0.05,0,1,0,22,0,0,1,1.0
2023-03-04,2022-23,Bundesliga,Bochum,Schalke 04,0,1,0,0.0,-2.0,1,-0.45,1,1,0,22,0,0,5,0.0
2023-03-04,2022-23,EPL,Arsenal,Bournemouth,1,0,0,1.0,3.0,1,0.55,0,0,1,25,0,3,0,1.0
2023-03-04,2022-23,SerieA,Monza,Empoli,0,1,0,0.0,-1.0,1,-0.45,1,1,1,24,0,0,0,1.0
2023-03-04,2022-23,SerieA,Atalanta,Udinese,2,0,3,0.4,1.0,5,-0.05,0,1,0,24,0,0,1,0.5
2023-03-04,2022-23,SerieA,Fiorentina,Milan,1,4,0,0.2,-0.8,5,-0.25,1,0,0,24,0,2,3,1.0
2023-03-04,2022-23,EPL,Man City,Newcastle,4,0,1,0.8,2.4,5,0.35,0,0,1,25,0,4,0,1.0
2023-03-04,2022-23,EPL,Aston Villa,Crystal Palace,2,2,1,0.4,0.2,5,-0.05,1,0,0,24,0,1,3,1.0
2023-03-05,2022-23,LaLiga,Barcelona,Valencia,4,0,1,0.8,1.4,5,0.35,0,1,0,23,0,0,1,1.0
2023-03-05,2022-23,LaLiga,Vallecano,Ath Bilbao,1,2,0,0.333333,-0.333333,3,-0.116667,1,1,1,23,0,0,0,0.5
2023-03-05,2022-23,LaLiga,Betis,Real Madrid,0,3,2,0.0,-0.6,5,-0.45,1,0,0,23,0,3,3,0.5
2023-03-05,2022-23,EPL,Nott'm Forest,Everton,0,0,1,0.0,0.0,1,-0.45,0,1,1,24,0,0,0,0.5
2023-03-05,2022-23,EPL,Liverpool,Man United,3,1,1,0.6,2.0,5,0.15,1,0,0,24,0,4,4,1.0
2023-03-05,2022-23,LaLiga,Valladolid,Espanol,0,1,0,0.0,-1.0,1,-0.45,1,1,0,23,0,0,2,1.0
2023-03-05,2022-23,SerieA,Roma,Juventus,0,3,2,0.0,-0.8,5,-0.45,0,1,0,24,0,0,4,1.0
2023-03-05,2022-23,Ligue1,Lyon,Lorient,2,1,2,0.4,0.8,5,-0.05,1,0,1,25,0,1,0,0.5
2023-03-05,2022-23,SerieA,Inter,Lecce,1,0,0,1.0,1.0,1,0.55,0,1,1,24,0,0,0,1.0
2023-03-05,2022-23,SerieA,Sampdoria,Salernitana,1,2,0,0.333333,-1.0,3,-0.116667,1,1,0,24,0,0,1,0.5
2023-03-05,2022-23,SerieA,Spezia,Verona,1,3,1,0.2,-1.0,5,-0.25,0,0,1,24,0,1,0,0.5
2023-03-05,2022-23,Bundesliga,Wolfsburg,Ein Frankfurt,3,1,1,0.6,0.6,5,0.15,0,0,1,22,0,1,0,0.5
2023-03-05,2022-23,Bundesliga,Leverkusen,Hertha,1,1,3,0.2,-0.4,5,-0.25,0,0,0,22,0,1,1,1.0
2023-03-05,2022-23,Ligue1,Troyes,Monaco,1,2,0,0.333333,0.0,3,-0.116667,0,1,1,25,0,0,0,0.5
2023-03-05,2022-23,Ligue1,Montpellier,Angers,2,2,1,0.4,0.6,5,-0.05,1,0,1,25,0,3,0,1.0
2023-03-05,2022-23,Ligue1,Reims,Ajaccio,1,0,0,1.0,1.0,1,0.55,0,0,0,25,0,15,1,1.0
2023-03-05,2022-23,Ligue1,Rennes,Marseille,2,2,1,0.4,0.0,5,-0.05,0,0,1,25,0,2,0,0.0
2023-03-05,2022-23,Ligue1,Strasbourg,Brest,3,0,2,0.6,1.2,5,0.15,0,0,1,25,0,2,0,0.0
2023-03-05,2022-23,Ligue1,Toulouse,Clermont,0,1,0,0.0,-2.0,1,-0.45,1,1,0,25,0,0,1,0.0
2023-03-06,2022-23,LaLiga,Osasuna,Celta,2,2,1,0.4,0.0,5,-0.05,0,0,0,23,0,1,2,0.5
2023-03-06,2022-23,SerieA,Torino,Bologna,1,1,3,0.2,0.0,5,-0.25,1,1,0,24,0,0,2,1.0
2023-03-06,2022-23,SerieA,Sassuolo,Cremonese,0,0,1,0.0,0.0,1,-0.45,0,0,0,24,0,1,2,1.0
2023-03-06,2022-23,EPL,Brentford,Fulham,0,1,0,0.0,-1.0,1,-0.45,1,0,0,23,0,11,4,1.0
2023-03-10,2022-23,Ligue1,Lille,Lyon,2,1,2,0.4,0.2,5,-0.05,1,0,0,26,0,2,2,0.5
2023-03-10,2022-23,LaLiga,Cadiz,Getafe,1,2,2,0.2,-1.0,5,-0.25,0,0,0,24,0,2,1,0.5
2023-03-10,2022-23,SerieA,Spezia,Inter,0,4,1,0.0,-1.6,5,-0.45,1,0,0,25,0,2,1,1.0
2023-03-10,2022-23,Bundesliga,FC Koln,Bochum,1,0,2,0.333333,0.333333,3,-0.116667,0,0,1,23,0,1,0,0.0
2023-03-11,2022-23,Ligue1,Auxerre,Rennes,0,1,0,0.0,-5.0,1,-0.45,1,0,1,26,0,5,0,0.5
2023-03-11,2022-23,Ligue1,Brest,Paris SG,0,5,0,0.0,-2.0,5,-0.45,1,0,0,26,0,1,3,0.0
2023-03-11,2022-23,SerieA,Bologna,Lazio,2,3,0,0.4,0.0,5,-0.05,1,1,0,25,0,0,3,0.5
2023-03-11,2022-23,Bundesliga,Schalke 04,Dortmund,0,3,0,0.0,-2.666667,3,-0.45,1,0,0,23,0,6,8,0.5
2023-03-11,2022-23,SerieA,Napoli,Atalanta,3,2,0,0.6,0.6,5,0.15,0,1,0,25,0,0,1,1.0
2023-03-11,2022-23,SerieA,Empoli,Udinese,1,1,1,0.333333,-0.333333,3,-0.116667,0,1,0,25,0,0,2,0.0
2023-03-11,2022-23,Bundesliga,RB Leipzig,M'gladbach,2,3,0,0.4,-0.4,5,-0.05,1,1,0,23,0,0,1,1.0
2023-03-11,2022-23,Bundesliga,Hertha,Mainz,0,2,3,0.0,-1.0,5,-0.45,0,1,0,23,0,0,4,0.5
2023-03-11,2022-23,EPL,Leeds,Brighton,0,3,2,0.0,-0.8,5,-0.45,1,1,0,25,0,0,1,0.5
2023-03-11,2022-23,Bundesliga,Bayern Munich,Augsburg,3,2,0,0.6,0.6,5,0.15,1,0,0,23,0,2,1,1.0
2023-03-11,2022-23,LaLiga,Real Madrid,Espanol,2,1,0,0.666667,1.666667,3,0.216667,0,0,1,24,0,4,0,1.0
2023-03-11,2022-23,LaLiga,Elche,Valladolid,0,1,2,0.0,-0.333333,3,-0.45,1,0,0,24,0,1,1,0.5
2023-03-11,2022-23,EPL,Crystal Palace,Man City,1,3,1,0.2,-1.2,5,-0.25,1,1,0,25,0,0,5,0.0
2023-03-11,2022-23,EPL,Tottenham,Nott'm Forest,1,0,0,1.0,2.0,1,0.55,0,1,0,26,0,0,1,1.0
2023-03-11,2022-23,EPL,Leicester,Chelsea,1,3,1,0.2,-0.6,5,-0.25,1,1,0,25,0,0,1,0.0
2023-03-11,2022-23,EPL,Everton,Brentford,0,2,1,0.0,-0.666667,3,-0.45,0,0,0,26,0,1,12,1.0
2023-03-11,2022-23,EPL,Bournemouth,Liverpool,0,1,0,0.0,-9.0,1,-0.45,1,1,0,25,0,0,5,1.0
2023-03-11,2022-23,LaLiga,Celta,Vallecano,1,0,2,0.333333,0.666667,3,-0.116667,0,0,0,24,0,3,1,1.0
2023-03-11,2022-23,LaLiga,Valencia,Osasuna,2,2,1,0.4,0.2,5,-0.05,0,1,0,24,0,0,2,1.0
2023-03-11,2022-23,Bundesliga,Ein Frankfurt,Stuttgart,2,0,3,0.4,0.6,5,-0.05,0,0,1,23,0,1,0,0.5
2023-03-12,2022-23,LaLiga,Villarreal,Betis,2,2,1,0.4,0.4,5,-0.05,1,0,0,24,0,2,4,0.5
2023-03-12,2022-23,LaLiga,Ath Bilbao,Barcelona,0,4,1,0.0,-2.0,5,-0.45,1,0,0,24,0,1,1,0.0
2023-03-12,2022-23,SerieA,Roma,Sassuolo,1,0,4,0.2,0.2,5,-0.25,0,0,0,25,0,1,2,0.0
2023-03-12,2022-23,Ligue1,Monaco,Reims,2,1,2,0.4,0.6,5,-0.05,0,0,0,26,0,1,15,0.0
2023-03-12,2022-23,SerieA,Juventus,Sampdoria,4,0,1,0.8,1.6,5,0.35,0,1,0,25,0,0,1,1.0
2023-03-12,2022-23,Ligue1,Nantes,Nice,0,4,1,0.0,-1.0,5,-0.45,0,1,0,26,0,0,9,0.5
2023-03-12,2022-23,SerieA,Lecce,Torino,0,1,0,0.0,-1.0,1,-0.45,1,1,0,25,0,0,1,0.0
2023-03-12,2022-23,SerieA,Cremonese,Fiorentina,0,1,0,0.0,-1.0,1,-0.45,1,1,0,25,0,0,3,0.0
2023-03-12,2022-23,LaLiga,Mallorca,Sociedad,0,3,0,0.0,-1.333333,3,-0.45,1,1,0,24,0,0,1,0.5
2023-03-12,2022-23,Ligue1,Lorient,Troyes,0,1,2,0.0,-0.666667,3,-0.45,0,0,0,26,0,1,1,1.0
2023-03-12,2022-23,Ligue1,Angers,Toulouse,0,1,0,0.0,-1.0,1,-0.45,1,1,1,26,0,0,0,0.0
2023-03-12,2022-23,Ligue1,Ajaccio,Montpellier,0,1,0,0.0,-2.0,1,-0.45,1,1,0,26,0,0,4,0.0
2023-03-12,2022-23,Ligue1,Clermont,Lens,0,2,1,0.0,-1.0,3,-0.45,1,0,0,26,0,2,3,0.0
2023-03-12,2022-23,LaLiga,Sevilla,Almeria,0,1,0,0.0,-1.0,1,-0.45,1,1,1,24,0,0,0,1.0
2023-03-12,2022-23,Bundesliga,Wolfsburg,Union Berlin,2,2,1,0.4,0.0,5,-0.05,1,0,0,23,0,2,1,0.5
2023-03-12,2022-23,Bundesliga,Freiburg,Hoffenheim,2,1,2,0.4,0.4,5,-0.05,0,0,1,23,0,4,0,1.0
2023-03-12,2022-23,SerieA,Verona,Monza,0,1,0,0.0,-2.0,1,-0.45,1,0,0,25,0,1,1,0.5
2023-03-12,2022-23,Ligue1,Marseille,Strasbourg,3,0,2,0.6,1.4,5,0.15,0,0,1,26,0,1,0,0.5
2023-03-12,2022-23,Bundesliga,Werder Bremen,Leverkusen,0,0,3,0.0,0.0,3,-0.45,0,1,0,23,0,0,2,0.0
2023-03-12,2022-23,EPL,Newcastle,Wolves,1,1,3,0.2,0.0,5,-0.25,0,1,0,24,0,0,1,1.0
2023-03-12,2022-23,EPL,Fulham,Arsenal,0,2,1,0.0,-1.333333,3,-0.45,1,1,0,26,0,0,4,0.0
2023-03-12,2022-23,EPL,Man United,Southampton,3,0,2,0.6,2.2,5,0.15,0,1,0,25,0,0,1,0.5
2023-03-12,2022-23,EPL,West Ham,Aston Villa,5,0,0,1.0,1.6,5,0.55,0,1,0,25,0,0,2,0.5
2023-03-13,2022-23,LaLiga,Girona,Ath Madrid,0,1,0,0.0,-1.0,1,-0.45,1,1,0,24,0,0,8,0.0
2023-03-13,2022-23,SerieA,Milan,Salernitana,2,0,1,0.666667,1.0,3,0.216667,0,1,0,25,0,0,2,0.5
2023-03-15,2022-23,EPL,Southampton,Brentford,1,2,0,0.333333,-1.0,3,-0.116667,1,0,1,26,0,2,0,0.0
2023-03-15,2022-23,EPL,Brighton,Crystal Palace,0,1,4,0.0,-0.2,5,-0.45,0,0,1,24,0,2,0,1.0
2023-03-17,2022-23,SerieA,Sassuolo,Spezia,2,1,2,0.4,1.0,5,-0.05,0,0,0,26,0,3,3,1.0
2023-03-17,2022-23,EPL,Nott'm Forest,Newcastle,0,1,0,0.0,-2.0,1,-0.45,1,1,0,26,0,0,1,0.0
2023-03-17,2022-23,Ligue1,Lyon,Nantes,4,0,1,0.8,1.2,5,0.35,0,0,0,27,0,3,1,0.5
2023-03-17,2022-23,SerieA,Atalanta,Empoli,2,1,0,0.666667,1.333333,3,0.216667,0,1,1,26,0,0,0,1.0
2023-03-17,2022-23,Bundesliga,M'gladbach,Werder Bremen,2,1,0,0.666667,-0.333333,3,0.216667,1,1,1,24,0,0,0,0.5
2023-03-17,2022-23,LaLiga,Valladolid,Ath Bilbao,1,1,1,0.333333,-0.666667,3,-0.116667,1,0,1,25,0,2,0,0.0
2023-03-18,2022-23,Bundesliga,Dortmund,FC Koln,1,2,2,0.2,0.0,5,-0.25,1,0,1,24,0,9,0,1.0
2023-03-18,2022-23,LaLiga,Ath Madrid,Valencia,4,0,1,0.8,1.0,5,0.35,0,0,0,25,0,9,1,1.0
2023-03-18,2022-23,LaLiga,Espanol,Celta,1,1,1,0.333333,-0.333333,3,-0.116667,0,1,0,25,0,0,4,0.0
2023-03-18,2022-23,LaLiga,Vallecano,Girona,0,0,1,0.0,0.0,1,-0.45,0,1,1,25,0,0,0,0.5
2023-03-18,2022-23,LaLiga,Almeria,Cadiz,0,0,1,0.0,0.0,1,-0.45,0,1,0,25,0,0,3,0.5
2023-03-18,2022-23,EPL,Chelsea,Everton,2,2,1,0.4,0.2,5,-0.05,0,0,0,26,0,2,2,0.5
2023-03-18,2022-23,EPL,Brentford,Leicester,0,2,1,0.0,-0.666667,3,-0.45,0,0,1,26,0,1,0,0.5
2023-03-18,2022-23,Bundesliga,Augsburg,Schalke 04,1,1,1,0.333333,0.0,3,-0.116667,0,1,0,24,0,0,7,0.5
2023-03-18,2022-23,Bundesliga,Bochum,RB Leipzig,0,3,0,0.0,-2.666667,3,-0.45,1,0,0,24,0,1,1,1.0
2023-03-18,2022-23,Bundesliga,Hoffenheim,Hertha,3,1,1,0.6,0.6,5,0.15,0,1,0,24,0,0,1,1.0
2023-03-18,2022-23,EPL,Aston Villa,Bournemouth,0,1,0,0.0,-2.0,1,-0.45,1,0,0,26,0,3,1,1.0
2023-03-18,2022-23,Bundesliga,Stuttgart,Wolfsburg,1,3,1,0.2,-0.4,5,-0.25,1,0,0,24,0,1,3,0.0
2023-03-18,2022-23,EPL,Wolves,Leeds,2,2,1,0.4,0.0,5,-0.05,1,1,0,27,0,0,1,0.0
2023-03-18,2022-23,EPL,Southampton,Tottenham,1,3,1,0.2,-1.2,5,-0.25,1,1,0,27,0,0,1,0.5
2023-03-18,2022-23,Ligue1,Lens,Angers,2,1,2,0.4,0.0,5,-0.05,0,0,1,27,0,4,0,1.0
2023-03-18,2022-23,Ligue1,Toulouse,Lille,0,1,0,0.0,-1.0,1,-0.45,1,0,0,27,0,1,3,0.0
2023-03-18,2022-23,SerieA,Monza,Cremonese,1,0,0,1.0,1.0,1,0.55,0,0,1,26,0,2,0,0.5
2023-03-18,2022-23,SerieA,Salernitana,Bologna,0,1,2,0.0,-0.333333,3,-0.45,0,0,0,26,0,3,1,0.5
2023-03-18,2022-23,SerieA,Udinese,Milan,0,2,3,0.0,-0.6,5,-0.45,1,0,0,26,0,3,1,1.0
2023-03-19,2022-23,LaLiga,Getafe,Sevilla,0,5,0,0.0,-1.4,5,-0.45,1,0,0,25,0,2,1,1.0
2023-03-19,2022-23,Ligue1,Ajaccio,Monaco,0,1,0,0.0,-6.0,1,-0.45,1,1,1,27,0,0,0,0.0
2023-03-19,2022-23,Bundesliga,Union Berlin,Ein Frankfurt,1,3,1,0.2,-0.8,5,-0.25,1,0,0,24,0,2,2,1.0
2023-03-19,2022-23,Bundesliga,Leverkusen,Bayern Munich,0,4,1,0.0,-2.2,5,-0.45,1,0,0,24,0,3,3,1.0
2023-03-19,2022-23,Bundesliga,Mainz,Freiburg,2,1,2,0.4,0.4,5,-0.05,1,0,0,24,0,5,5,0.5
2023-03-19,2022-23,Ligue1,Strasbourg,Auxerre,0,1,0,0.0,-1.0,1,-0.45,1,0,0,27,0,1,6,1.0
2023-03-19,2022-23,Ligue1,Troyes,Brest,0,2,1,0.0,-1.666667,3,-0.45,1,1,1,27,0,0,0,0.5
2023-03-19,2022-23,Ligue1,Paris SG,Rennes,2,2,1,0.4,0.2,5,-0.05,1,0,0,27,0,4,1,0.0
2023-03-19,2022-23,Ligue1,Reims,Marseille,0,3,2,0.0,-1.2,5,-0.45,1,0,0,27,0,15,2,0.0
2023-03-19,2022-23,SerieA,Inter,Juventus,2,2,1,0.4,0.0,5,-0.05,1,1,0,26,0,0,1,0.0
2023-03-19,2022-23,SerieA,Lazio,Roma,3,2,0,0.6,0.0,5,0.15,0,0,1,26,0,4,0,1.0
2023-03-19,2022-23,SerieA,Torino,Napoli,0,4,1,0.0,-1.2,5,-0.45,1,0,0,26,0,2,1,0.0
2023-03-19,2022-23,SerieA,Fiorentina,Lecce,0,0,1,0.0,0.0,1,-0.45,0,0,1,26,0,4,0,1.0
2023-03-19,2022-23,SerieA,Sampdoria,Verona,3,1,1,0.6,0.8,5,0.15,1,1,0,26,0,0,2,1.0
2023-03-19,2022-23,LaLiga,Betis,Mallorca,2,0,1,0.666667,0.666667,3,0.216667,0,0,0,25,0,5,1,1.0
2023-03-19,2022-23,LaLiga,Osasuna,Villarreal,3,2,0,0.6,-0.2,5,0.15,1,1,0,25,0,0,3,0.0
2023-03-19,2022-23,LaLiga,Sociedad,Elche,5,0,0,1.0,1.6,5,0.55,0,0,0,25,0,2,2,1.0
2023-03-19,2022-23,EPL,Arsenal,Crystal Palace,2,1,2,0.4,0.2,5,-0.05,0,0,1,27,0,5,0,1.0
2023-03-19,2022-23,LaLiga,Barcelona,Real Madrid,1,4,0,0.2,-0.4,5,-0.25,1,0,0,25,0,2,5,1.0
2023-03-19,2022-23,Ligue1,Montpellier,Clermont,1,1,1,0.333333,0.0,3,-0.116667,0,0,1,27,0,5,0,1.0
2023-03-19,2022-23,Ligue1,Nice,Lorient,2,1,2,0.4,0.2,5,-0.05,0,0,0,27,0,10,2,0.5
2023-03-31,2022-23,Bundesliga,Ein Frankfurt,Bochum,1,2,0,0.333333,-1.333333,3,-0.116667,1,1,0,25,0,0,2,0.5
2023-03-31,2022-23,LaLiga,Mallorca,Osasuna,1,2,0,0.333333,0.0,3,-0.116667,1,1,1,26,0,0,0,0.5
2023-03-31,2022-23,Ligue1,Marseille,Montpellier,4,0,1,0.8,1.2,5,0.35,0,0,0,28,0,3,6,0.5
2023-04-01,2022-23,LaLiga,Ath Bilbao,Getafe,1,0,4,0.2,0.8,5,-0.25,0,0,0,26,0,1,3,0.5
2023-04-01,2022-23,LaLiga,Cadiz,Sevilla,0,4,1,0.0,-1.4,5,-0.45,1,0,1,26,0,4,0,0.0
2023-04-01,2022-23,Ligue1,Rennes,Lens,0,3,2,0.0,-0.8,5,-0.45,1,0,0,28,0,2,5,0.0
2023-04-01,2022-23,SerieA,Cremonese,Atalanta,0,0,1,0.0,0.0,1,-0.45,0,0,0,27,0,1,1,0.0
2023-04-01,2022-23,LaLiga,Elche,Barcelona,0,5,0,0.0,-2.0,5,-0.45,1,1,0,26,0,0,3,0.0
2023-04-01,2022-23,LaLiga,Girona,Espanol,0,0,1,0.0,0.0,1,-0.45,0,0,1,26,0,1,0,1.0
2023-04-01,2022-23,SerieA,Juventus,Verona,2,1,2,0.4,0.4,5,-0.05,0,0,1,27,0,2,0,1.0
2023-04-01,2022-23,SerieA,Inter,Fiorentina,4,0,1,0.8,1.2,5,0.35,0,1,0,27,0,0,5,0.0
2023-04-01,2022-23,Ligue1,Auxerre,Troyes,0,0,1,0.0,0.0,1,-0.45,0,1,0,28,0,0,1,1.0
2023-04-01,2022-23,Bundesliga,Freiburg,Hertha,3,1,1,0.6,0.8,5,0.15,0,0,1,25,0,6,0,0.5
2023-04-01,2022-23,EPL,Crystal Palace,Leicester,0,2,3,0.0,-0.4,5,-0.45,0,1,0,28,0,0,1,1.0
2023-04-01,2022-23,EPL,Brighton,Brentford,2,1,0,0.666667,0.333333,3,0.216667,1,0,0,25,0,3,2,0.5
2023-04-01,2022-23,EPL,Bournemouth,Fulham,0,0,1,0.0,0.0,1,-0.45,0,1,1,27,0,0,0,1.0
2023-04-01,2022-23,EPL,Arsenal,Leeds,4,0,1,0.8,1.4,5,0.35,0,0,0,28,0,6,2,1.0
2023-04-01,2022-23,EPL,Nott'm Forest,Wolves,0,1,0,0.0,-1.0,1,-0.45,1,1,1,27,0,0,0,0.5
2023-04-01,2022-23,EPL,Man City,Liverpool,1,1,3,0.2,0.4,5,-0.25,1,0,1,27,0,6,0,1.0
2023-04-01,2022-23,EPL,Chelsea,Aston Villa,3,1,1,0.6,1.2,5,0.15,0,0,0,27,0,3,4,0.0
2023-04-01,2022-23,Bundesliga,RB Leipzig,Mainz,2,2,1,0.4,0.6,5,-0.05,0,1,0,25,0,0,6,0.0
2023-04-01,2022-23,Bundesliga,Schalke 04,Leverkusen,0,3,0,0.0,-2.666667,3,-0.45,1,0,0,25,0,8,4,0.0
2023-04-01,2022-23,Bundesliga,Union Berlin,Stuttgart,2,0,3,0.4,0.4,5,-0.05,0,0,1,25,0,3,0,1.0
2023-04-01,2022-23,Bundesliga,Bayern Munich,Dortmund,4,0,1,0.8,1.2,5,0.35,0,1,0,25,0,0,10,1.0
2023-04-01,2022-23,Bundesliga,Wolfsburg,Augsburg,2,1,2,0.4,0.0,5,-0.05,0,0,0,25,0,4,1,0.5
2023-04-02,2022-23,SerieA,Spezia,Salernitana,1,1,1,0.333333,0.0,3,-0.116667,1,1,0,27,0,0,4,0.5
2023-04-02,2022-23,EPL,West Ham,Southampton,1,1,3,0.2,0.4,5,-0.25,0,0,0,26,0,1,1,1.0
2023-04-02,2022-23,EPL,Newcastle,Man United,0,3,2,0.0,-1.6,5,-0.45,0,0,0,26,0,2,1,1.0
2023-04-02,2022-23,Ligue1,Lille,Lorient,3,2,0,0.6,1.4,5,0.15,1,0,0,28,0,4,3,1.0
2023-04-02,2022-23,LaLiga,Celta,Almeria,0,1,0,0.0,-2.0,1,-0.45,1,0,0,26,0,5,1,0.5
2023-04-02,2022-23,LaLiga,Real Madrid,Valladolid,3,0,0,1.0,1.333333,3,0.55,0,1,1,26,0,0,0,1.0
2023-04-02,2022-23,LaLiga,Villarreal,Sociedad,1,2,2,0.2,0.0,5,-0.25,1,0,0,26,0,4,3,1.0
2023-04-02,2022-23,SerieA,Bologna,Udinese,1,0,4,0.2,0.2,5,-0.25,0,0,0,27,0,2,4,1.0
2023-04-02,2022-23,SerieA,Napoli,Milan,3,2,0,0.6,0.0,5,0.15,0,0,1,27,0,2,0,0.0
2023-04-02,2022-23,SerieA,Roma,Sampdoria,3,1,1,0.6,0.2,5,0.15,0,1,0,27,0,0,1,1.0
2023-04-02,2022-23,SerieA,Monza,Lazio,0,1,0,0.0,-1.0,1,-0.45,1,0,0,27,0,3,5,0.0
2023-04-02,2022-23,LaLiga,Ath Madrid,Betis,4,0,1,0.8,1.6,5,0.35,0,0,0,26,0,10,6,1.0
2023-04-02,2022-23,Ligue1,Angers,Nice,1,4,0,0.2,-1.4,5,-0.25,0,1,0,28,0,0,11,0.5
2023-04-02,2022-23,Bundesliga,FC Koln,M'gladbach,3,2,0,0.6,0.2,5,0.15,1,1,0,25,0,0,1,0.5
2023-04-02,2022-23,Ligue1,Monaco,Strasbourg,2,2,1,0.4,0.0,5,-0.05,0,0,0,28,0,1,2,1.0
2023-04-02,2022-23,Bundesliga,Werder Bremen,Hoffenheim,1,1,1,0.333333,-1.0,3,-0.116667,0,0,0,25,0,1,1,0.0
2023-04-02,2022-23,Ligue1,Brest,Toulouse,0,0,1,0.0,0.0,1,-0.45,0,0,1,28,0,1,0,1.0
2023-04-02,2022-23,Ligue1,Clermont,Ajaccio,1,0,0,1.0,2.0,1,0.55,0,1,1,28,0,0,0,1.0
2023-04-02,2022-23,Ligue1,Paris SG,Lyon,3,1,1,0.6,0.6,5,0.15,0,1,0,28,0,0,4,0.0
2023-04-02,2022-23,Ligue1,Nantes,Reims,1,4,0,0.2,-0.8,5,-0.25,1,0,1,28,0,2,0,0.0
2023-04-03,2022-23,EPL,Everton,Tottenham,1,2,2,0.2,-1.2,5,-0.25,1,0,0,28,0,3,2,0.5
2023-04-03,2022-23,SerieA,Sassuolo,Torino,1,2,2,0.2,-0.2,5,-0.25,0,0,1,27,0,4,0,0.5
2023-04-03,2022-23,SerieA,Empoli,Lecce,0,0,1,0.0,0.0,1,-0.45,0,1,1,27,0,0,0,1.0
2023-04-03,2022-23,LaLiga,Valencia,Vallecano,0,1,2,0.0,-0.333333,3,-0.45,1,1,0,26,0,0,1,0.5
2023-04-04,2022-23,EPL,Leeds,Nott'm Forest,0,1,0,0.0,-1.0,1,-0.45,1,1,0,28,0,0,1,1.0
2023-04-04,2022-23,EPL,Bournemouth,Brighton,0,1,0,0.0,-1.0,1,-0.45,1,0,0,28,0,1,4,0.0
2023-04-04,2022-23,EPL,Chelsea,Liverpool,1,1,3,0.2,-0.2,5,-0.25,0,1,1,28,0,0,0,0.5
2023-04-04,2022-23,EPL,Leicester,Aston Villa,2,2,1,0.4,0.2,5,-0.05,0,1,0,28,0,0,5,0.0
2023-04-05,2022-23,EPL,West Ham,Newcastle,1,2,2,0.2,-0.2,5,-0.25,0,0,0,27,0,2,3,0.0
2023-04-05,2022-23,EPL,Man United,Brentford,2,1,0,0.666667,0.333333,3,0.216667,1,1,0,27,0,0,3,1.0
2023-04-07,2022-23,SerieA,Lecce,Napoli,0,0,1,0.0,0.0,1,-0.45,0,1,1,28,0,0,0,0.0
2023-04-07,2022-23,SerieA,Milan,Empoli,3,0,0,1.0,1.666667,3,0.55,0,0,0,28,0,1,1,0.5
2023-04-07,2022-23,LaLiga,Sevilla,Celta,3,0,2,0.6,0.8,5,0.15,0,0,0,27,0,1,6,0.5
2023-04-07,2022-23,Ligue1,Lens,Strasbourg,1,3,1,0.2,-0.4,5,-0.25,0,0,1,29,0,6,0,1.0
2023-04-07,2022-23,SerieA,Salernitana,Inter,0,3,0,0.0,-4.0,3,-0.45,1,0,1,28,0,5,0,0.5
2023-04-08,2022-23,SerieA,Atalanta,Bologna,3,0,2,0.6,1.4,5,0.15,0,0,0,28,0,2,3,0.0
2023-04-08,2022-23,SerieA,Udinese,Monza,1,0,0,1.0,1.0,1,0.55,0,1,1,28,0,0,0,0.5
2023-04-08,2022-23,SerieA,Fiorentina,Spezia,4,0,1,0.8,1.6,5,0.35,0,0,0,28,0,6,1,0.5
2023-04-08,2022-23,SerieA,Lazio,Juventus,0,3,2,0.0,-1.4,5,-0.45,1,0,0,28,0,6,3,1.0
2023-04-08,2022-23,SerieA,Verona,Sassuolo,1,4,0,0.2,-0.6,5,-0.25,1,1,0,28,0,0,5,1.0
2023-04-08,2022-23,SerieA,Torino,Roma,1,3,1,0.2,-0.8,5,-0.25,0,0,0,28,0,1,1,0.0
2023-04-08,2022-23,SerieA,Sampdoria,Cremonese,1,0,0,1.0,1.0,1,0.55,0,1,1,28,0,0,0,0.0
2023-04-08,2022-23,LaLiga,Espanol,Ath Bilbao,1,1,1,0.333333,0.0,3,-0.116667,0,1,0,27,0,0,2,0.0
2023-04-08,2022-23,EPL,Wolves,Chelsea,1,1,3,0.2,-0.4,5,-0.25,1,0,0,29,0,1,1,1.0
2023-04-08,2022-23,Bundesliga,Augsburg,FC Koln,2,3,0,0.4,-0.4,5,-0.05,1,0,0,26,0,2,1,0.0
2023-04-08,2022-23,Bundesliga,Freiburg,Bayern Munich,0,4,1,0.0,-2.0,5,-0.45,1,0,0,26,0,7,1,0.0
2023-04-08,2022-23,Bundesliga,Leverkusen,Ein Frankfurt,2,3,0,0.4,-0.8,5,-0.05,1,0,0,26,0,5,1,1.0
2023-04-08,2022-23,Bundesliga,Mainz,Werder Bremen,2,1,0,0.666667,0.666667,3,0.216667,0,0,1,26,0,7,0,0.5
2023-04-08,2022-23,Bundesliga,Hertha,RB Leipzig,0,5,0,0.0,-3.2,5,-0.45,1,0,1,26,0,1,0,0.0
2023-04-08,2022-23,LaLiga,Osasuna,Elche,1,0,4,0.2,0.4,5,-0.25,0,0,1,27,0,1,0,1.0
2023-04-08,2022-23,LaLiga,Sociedad,Getafe,2,1,2,0.4,0.6,5,-0.05,1,1,0,27,0,0,4,1.0
2023-04-08,2022-23,EPL,Southampton,Man City,0,3,2,0.0,-1.6,5,-0.45,1,1,0,29,0,0,7,0.0
2023-04-08,2022-23,LaLiga,Real Madrid,Villarreal,1,1,3,0.2,0.0,5,-0.25,1,0,0,27,0,1,5,0.0
2023-04-08,2022-23,Ligue1,Nice,Paris SG,1,3,1,0.2,-0.8,5,-0.25,1,0,1,29,0,12,0,0.0
2023-04-08,2022-23,EPL,Man United,Everton,2,1,2,0.4,0.4,5,-0.05,0,0,0,28,0,1,4,1.0
2023-04-08,2022-23,EPL,Aston Villa,Nott'm Forest,0,0,1,0.0,0.0,1,-0.45,0,0,1,29,0,6,0,1.0
2023-04-08,2022-23,EPL,Brentford,Newcastle,0,2,1,0.0,-2.0,3,-0.45,1,1,0,29,0,0,4,0.0
2023-04-08,2022-23,EPL,Fulham,West Ham,0,2,1,0.0,-1.0,3,-0.45,1,1,1,28,0,0,0,0.0
2023-04-08,2022-23,EPL,Leicester,Bournemouth,0,1,0,0.0,-1.0,1,-0.45,1,1,1,29,0,0,0,0.0
2023-04-08,2022-23,EPL,Tottenham,Brighton,3,2,0,0.6,0.4,5,0.15,0,0,0,29,0,3,5,1.0
2023-04-08,2022-23,Ligue1,Angers,Lille,1,2,2,0.2,-0.2,5,-0.25,1,0,0,29,0,1,5,1.0
2023-04-08,2022-23,Bundesliga,Dortmund,Union Berlin,3,2,0,0.6,0.8,5,0.15,1,1,0,26,0,0,4,1.0
2023-04-09,2022-23,LaLiga,Betis,Cadiz,3,0,2,0.6,0.6,5,0.15,0,1,1,27,0,0,0,0.0
2023-04-09,2022-23,Ligue1,Lorient,Marseille,0,5,0,0.0,-2.0,5,-0.45,1,1,0,29,0,0,4,0.5
2023-04-09,2022-23,Bundesliga,Hoffenheim,Schalke 04,2,1,0,0.666667,0.333333,3,0.216667,0,0,1,26,0,2,0,1.0
2023-04-09,2022-23,Bundesliga,Bochum,Stuttgart,0,1,2,0.0,-1.0,3,-0.45,1,0,1,26,0,3,0,0.0
2023-04-09,2022-23,Bundesliga,M'gladbach,Wolfsburg,1,0,4,0.2,0.4,5,-0.25,0,0,0,26,0,2,5,1.0
2023-04-09,2022-23,Ligue1,Lyon,Rennes,1,3,1,0.2,-1.0,5,-0.25,1,0,1,29,0,5,0,1.0
2023-04-09,2022-23,Ligue1,Ajaccio,Auxerre,0,1,0,0.0,-1.0,1,-0.45,1,1,0,29,0,0,1,0.0
2023-04-09,2022-23,Ligue1,Montpellier,Toulouse,0,1,0,0.0,-2.0,1,-0.45,1,0,1,29,0,7,0,0.0
2023-04-09,2022-23,Ligue1,Reims,Brest,1,1,3,0.2,0.0,5,-0.25,0,0,0,29,0,1,2,0.5
2023-04-09,2022-23,EPL,Leeds,Crystal Palace,2,2,1,0.4,-0.2,5,-0.05,1,0,0,29,0,1,1,0.0
2023-04-09,2022-23,Ligue1,Troyes,Clermont,1,2,0,0.333333,-0.333333,3,-0.116667,0,1,0,29,0,0,1,0.0
2023-04-09,2022-23,LaLiga,Almeria,Valencia,0,0,1,0.0,0.0,1,-0.45,0,0,0,27,0,2,1,1.0
2023-04-09,2022-23,LaLiga,Valladolid,Mallorca,0,1,0,0.0,-1.0,1,-0.45,1,1,0,27,0,0,1,0.5
2023-04-09,2022-23,LaLiga,Vallecano,Ath Madrid,0,2,1,0.0,-1.0,3,-0.45,0,0,0,27,0,2,11,0.0
2023-04-09,2022-23,Ligue1,Nantes,Monaco,0,3,2,0.0,-1.0,5,-0.45,1,1,0,29,0,0,2,0.5
2023-04-09,2022-23,EPL,Liverpool,Arsenal,4,1,0,0.8,2.0,5,0.35,1,0,0,28,0,1,7,0.5
2023-04-10,2022-23,LaLiga,Barcelona,Girona,1,0,0,1.0,1.0,1,0.55,0,0,0,27,0,4,2,0.5
2023-04-14,2022-23,SerieA,Cremonese,Empoli,0,1,0,0.0,-2.0,1,-0.45,1,0,0,29,0,1,2,1.0
2023-04-14,2022-23,Ligue1,Toulouse,Lyon,0,0,1,0.0,0.0,1,-0.45,0,0,0,30,0,1,6,0.0
2023-04-14,2022-23,LaLiga,Vallecano,Osasuna,0,3,0,0.0,-1.666667,3,-0.45,1,1,0,28,0,0,2,1.0
2023-04-14,2022-23,Bundesliga,Schalke 04,Hertha,0,3,0,0.0,-1.666667,3,-0.45,1,1,1,27,0,0,0,1.0
2023-04-14,2022-23,SerieA,Spezia,Lazio,0,5,0,0.0,-2.4,5,-0.45,1,0,0,29,0,2,7,0.0
2023-04-15,2022-23,EPL,Southampton,Crystal Palace,1,3,1,0.2,-0.2,5,-0.25,1,1,0,30,0,0,2,0.0
2023-04-15,2022-23,EPL,Tottenham,Bournemouth,1,0,0,1.0,1.0,1,0.55,0,0,0,30,0,4,1,0.0
2023-04-15,2022-23,Bundesliga,Bayern Munich,Hoffenheim,3,1,1,0.6,1.2,5,0.15,0,0,0,27,0,2,3,0.5
2023-04-15,2022-23,Bundesliga,FC Koln,Mainz,2,2,1,0.4,-0.8,5,-0.05,1,0,0,27,0,2,8,0.5
2023-04-15,2022-23,Bundesliga,RB Leipzig,Augsburg,3,0,2,0.6,1.4,5,0.15,0,0,1,27,0,1,0,1.0
2023-04-15,2022-23,Bundesliga,Stuttgart,Dortmund,1,4,0,0.2,-1.0,5,-0.25,1,0,0,27,0,1,1,0.5
2023-04-15,2022-23,Bundesliga,Ein Frankfurt,M'gladbach,2,1,2,0.4,-0.2,5,-0.05,0,1,0,27,0,0,3,0.5
2023-04-15,2022-23,Ligue1,Paris SG,Lens,1,2,2,0.2,-0.4,5,-0.25,1,0,0,30,0,1,7,1.0
2023-04-15,2022-23,SerieA,Napoli,Verona,2,1,2,0.4,0.4,5,-0.05,0,0,0,29,0,1,1,0.5
2023-04-15,2022-23,SerieA,Bologna,Milan,0,4,1,0.0,-1.4,5,-0.45,1,0,0,29,0,4,2,0.5
2023-04-15,2022-23,SerieA,Inter,Monza,0,0,1,0.0,0.0,1,-0.45,0,0,0,29,0,1,1,0.0
2023-04-15,2022-23,EPL,Chelsea,Brighton,1,1,3,0.2,-0.2,5,-0.25,1,1,1,30,0,0,0,0.0
2023-04-15,2022-23,EPL,Everton,Fulham,1,1,1,0.333333,-0.333333,3,-0.116667,0,1,1,30,0,0,0,0.0
2023-04-15,2022-23,EPL,Aston Villa,Newcastle,2,2,1,0.4,-0.2,5,-0.05,1,0,0,30,0,7,5,1.0
2023-04-15,2022-23,EPL,Wolves,Brentford,1,1,1,0.333333,-0.333333,3,-0.116667,0,0,1,30,0,2,0,1.0
2023-04-15,2022-23,EPL,Man City,Leicester,4,1,0,0.8,0.8,5,0.35,0,0,1,29,0,8,0,1.0
2023-04-15,2022-23,LaLiga,Villarreal,Valladolid,3,0,0,1.0,2.333333,3,0.55,0,0,0,28,0,6,1,0.0
2023-04-15,2022-23,Ligue1,Rennes,Reims,1,2,2,0.2,-0.6,5,-0.25,1,1,0,30,0,0,2,1.0
2023-04-15,2022-23,LaLiga,Ath Bilbao,Sociedad,1,2,2,0.2,0.2,5,-0.25,1,0,0,28,0,3,1,1.0
2023-04-15,2022-23,LaLiga,Betis,Espanol,1,1,1,0.333333,0.666667,3,-0.116667,1,1,1,28,0,0,0,1.0
2023-04-15,2022-23,LaLiga,Cadiz,Real Madrid,1,2,2,0.2,-0.6,5,-0.25,1,0,1,28,0,1,0,0.0
2023-04-16,2022-23,LaLiga,Valencia,Sevilla,0,3,2,0.0,-0.8,5,-0.45,0,1,0,28,0,0,2,0.0
2023-04-16,2022-23,LaLiga,Girona,Elche,1,0,0,1.0,1.0,1,0.55,0,0,1,28,0,3,0,1.0
2023-04-16,2022-23,SerieA,Torino,Salernitana,2,0,1,0.666667,1.666667,3,0.216667,0,1,0,29,0,0,6,0.5
2023-04-16,2022-23,SerieA,Sassuolo,Juventus,1,4,0,0.2,-1.4,5,-0.25,1,1,1,29,0,0,0,1.0
2023-04-16,2022-23,SerieA,Roma,Udinese,3,1,1,0.6,0.2,5,0.15,1,0,0,29,0,2,1,1.0
2023-04-16,2022-23,LaLiga,Ath Madrid,Almeria,0,0,1,0.0,0.0,1,-0.45,0,0,0,28,0,12,3,1.0
2023-04-16,2022-23,Ligue1,Strasbourg,Ajaccio,0,1,0,0.0,-2.0,1,-0.45,1,1,1,30,0,0,0,1.0
2023-04-16,2022-23,Ligue1,Clermont,Angers,2,0,1,0.666667,0.666667,3,0.216667,0,0,0,30,0,2,2,1.0
2023-04-16,2022-23,Ligue1,Brest,Nice,1,4,0,0.2,-0.8,5,-0.25,1,0,1,30,0,3,0,1.0
2023-04-16,2022-23,Ligue1,Auxerre,Nantes,0,1,0,0.0,-1.0,1,-0.45,1,0,0,30,0,2,1,1.0
2023-04-16,2022-23,Ligue1,Lille,Montpellier,4,0,1,0.8,1.0,5,0.35,0,1,1,30,0,0,0,1.0
2023-04-16,2022-23,SerieA,Lecce,Sampdoria,1,0,0,1.0,2.0,1,0.55,0,1,1,29,0,0,0,0.5
2023-04-16,2022-23,LaLiga,Getafe,Barcelona,1,3,1,0.2,-0.8,5,-0.25,1,1,0,28,0,0,5,0.5
2023-04-16,2022-23,Ligue1,Marseille,Troyes,2,0,1,0.666667,1.0,3,0.216667,0,0,1,30,0,5,0,1.0
2023-04-16,2022-23,Bundesliga,Werder Bremen,Freiburg,0,1,2,0.0,-0.666667,3,-0.45,1,0,1,27,0,1,0,0.0
2023-04-16,2022-23,Bundesliga,Wolfsburg,Leverkusen,2,1,2,0.4,0.2,5,-0.05,0,1,0,27,0,0,6,0.5
2023-04-16,2022-23,Bundesliga,Union Berlin,Bochum,2,1,0,0.666667,0.333333,3,0.216667,1,1,1,27,0,0,0,0.5
2023-04-16,2022-23,EPL,West Ham,Arsenal,0,4,1,0.0,-1.2,5,-0.45,1,0,0,29,0,1,8,0.5
2023-04-16,2022-23,EPL,Nott'm Forest,Man United,0,1,0,0.0,-3.0,1,-0.45,1,1,0,30,0,0,2,0.0
2023-04-16,2022-23,Ligue1,Monaco,Lorient,1,1,3,0.2,0.4,5,-0.25,0,0,0,30,0,3,1,1.0
2023-04-17,2022-23,SerieA,Fiorentina,Atalanta,2,3,0,0.4,-0.6,5,-0.05,1,0,1,29,0,7,0,0.5
2023-04-17,2022-23,EPL,Leeds,Liverpool,1,3,1,0.2,-1.8,5,-0.25,0,1,0,30,0,0,2,0.0
2023-04-17,2022-23,LaLiga,Celta,Mallorca,1,1,1,0.333333,0.0,3,-0.116667,1,0,0,28,0,7,2,0.0
2023-04-21,2022-23,Bundesliga,Augsburg,Stuttgart,1,4,0,0.2,-0.6,5,-0.25,1,1,0,28,0,0,2,0.5
2023-04-21,2022-23,SerieA,Verona,Bologna,1,2,2,0.2,-0.2,5,-0.25,0,0,0,30,0,2,5,1.0
2023-04-21,2022-23,LaLiga,Espanol,Cadiz,1,0,2,0.333333,0.666667,3,-0.116667,0,1,1,29,0,0,0,0.5
2023-04-21,2022-23,Ligue1,Angers,Paris SG,0,5,0,0.0,-2.4,5,-0.45,1,1,0,31,0,0,2,0.0
2023-04-21,2022-23,EPL,Arsenal,Southampton,2,1,2,0.4,0.8,5,-0.05,0,0,1,31,0,9,0,0.5
2023-04-22,2022-23,Bundesliga,Hertha,Werder Bremen,1,2,0,0.333333,-0.333333,3,-0.116667,1,1,1,28,0,0,0,0.0
2023-04-22,2022-23,Bundesliga,Bochum,Wolfsburg,1,2,0,0.333333,-1.333333,3,-0.116667,1,0,0,28,0,1,1,0.0
2023-04-22,2022-23,LaLiga,Osasuna,Betis,0,5,0,0.0,-1.8,5,-0.45,1,1,0,29,0,0,1,1.0
2023-04-22,2022-23,LaLiga,Almeria,Ath Bilbao,0,1,0,0.0,-4.0,1,-0.45,1,1,0,29,0,0,4,0.0
2023-04-22,2022-23,LaLiga,Sociedad,Vallecano,2,0,1,0.666667,1.0,3,0.216667,0,1,0,29,0,0,1,1.0
2023-04-22,2022-23,LaLiga,Valladolid,Girona,0,1,0,0.0,-1.0,1,-0.45,1,0,0,29,0,2,4,1.0
2023-04-22,2022-23,LaLiga,Real Madrid,Celta,5,0,0,1.0,2.2,5,0.55,0,0,1,29,0,1,0,1.0
2023-04-22,2022-23,EPL,Brentford,Aston Villa,1,1,1,0.333333,-1.0,3,-0.116667,1,1,0,31,0,0,8,0.5
2023-04-22,2022-23,Bundesliga,Mainz,Bayern Munich,2,3,0,0.4,-1.0,5,-0.05,1,0,0,28,0,9,3,1.0
2023-04-22,2022-23,Bundesliga,Dortmund,Ein Frankfurt,3,1,1,0.6,0.8,5,0.15,0,0,0,28,0,2,1,1.0
2023-04-22,2022-23,Bundesliga,Hoffenheim,FC Koln,4,0,1,0.8,2.0,5,0.35,0,0,0,28,0,4,3,0.0
2023-04-22,2022-23,EPL,Liverpool,Nott'm Forest,0,1,0,0.0,-1.0,1,-0.45,1,0,1,30,0,3,0,1.0
2023-04-22,2022-23,EPL,Fulham,Leeds,1,2,0,0.333333,-0.333333,3,-0.116667,0,0,1,30,0,1,0,1.0
2023-04-22,2022-23,SerieA,Lazio,Torino,1,0,4,0.2,0.2,5,-0.25,0,0,0,30,0,8,1,0.0
2023-04-22,2022-23,EPL,Crystal Palace,Everton,1,3,1,0.2,-0.6,5,-0.25,1,0,1,31,0,3,0,0.5
2023-04-22,2022-23,SerieA,Salernitana,Sassuolo,0,2,1,0.0,-2.0,3,-0.45,1,0,0,30,0,7,1,1.0
2023-04-22,2022-23,SerieA,Sampdoria,Spezia,1,3,1,0.2,-0.4,5,-0.25,1,0,1,30,0,1,0,0.5
2023-04-22,2022-23,Ligue1,Auxerre,Lille,0,1,0,0.0,-3.0,1,-0.45,1,0,0,31,0,3,1,0.5
2023-04-22,2022-23,Ligue1,Lens,Monaco,3,0,2,0.6,1.6,5,0.15,0,1,0,31,0,0,4,1.0
2023-04-22,2022-23,EPL,Leicester,Wolves,3,1,1,0.6,1.0,5,0.15,0,1,0,31,0,0,3,1.0
2023-04-23,2022-23,SerieA,Milan,Lecce,0,0,1,0.0,0.0,1,-0.45,0,0,0,30,0,3,1,1.0
2023-04-23,2022-23,SerieA,Udinese,Cremonese,0,0,1,0.0,0.0,1,-0.45,0,1,0,30,0,0,2,1.0
2023-04-23,2022-23,SerieA,Monza,Fiorentina,0,0,1,0.0,0.0,1,-0.45,0,0,0,30,0,2,8,1.0
2023-04-23,2022-23,Bundesliga,M'gladbach,Union Berlin,0,3,2,0.0,-0.6,5,-0.45,1,0,0,28,0,4,1,0.0
2023-04-23,2022-23,Bundesliga,Leverkusen,RB Leipzig,1,3,1,0.2,-0.4,5,-0.25,1,0,0,28,0,7,2,1.0
2023-04-23,2022-23,Bundesliga,Freiburg,Schalke 04,3,0,0,1.0,2.666667,3,0.55,0,0,0,28,0,1,1,1.0
2023-04-23,2022-23,SerieA,Juventus,Napoli,1,3,1,0.2,-1.0,5,-0.25,1,1,0,30,0,0,2,0.0
2023-04-23,2022-23,Ligue1,Reims,Strasbourg,2,0,3,0.4,0.4,5,-0.05,0,1,0,31,0,0,1,0.0
2023-04-23,2022-23,EPL,Newcastle,Tottenham,1,2,2,0.2,-0.8,5,-0.25,0,1,1,30,0,0,0,1.0
2023-04-23,2022-23,Ligue1,Nantes,Troyes,1,1,1,0.333333,0.333333,3,-0.116667,0,1,1,31,0,0,0,0.5
2023-04-23,2022-23,Ligue1,Nice,Clermont,1,2,0,0.333333,-0.333333,3,-0.116667,1,1,0,31,0,0,3,0.0
2023-04-23,2022-23,Ligue1,Montpellier,Rennes,1,4,0,0.2,-1.4,5,-0.25,1,1,0,31,0,0,1,1.0
2023-04-23,2022-23,Ligue1,Lyon,Marseille,2,1,2,0.4,0.6,5,-0.05,1,0,0,31,0,7,6,0.0
2023-04-23,2022-23,SerieA,Empoli,Inter,1,2,0,0.333333,-1.0,3,-0.116667,0,1,1,30,0,0,0,0.0
2023-04-23,2022-23,LaLiga,Elche,Valencia,1,3,1,0.2,-0.4,5,-0.25,0,1,1,29,0,0,0,0.0
2023-04-23,2022-23,LaLiga,Barcelona,Ath Madrid,2,2,1,0.4,0.0,5,-0.05,0,0,0,29,0,6,13,1.0
2023-04-23,2022-23,LaLiga,Mallorca,Getafe,0,2,1,0.0,-1.0,3,-0.45,1,0,0,29,0,3,1,1.0
2023-04-23,2022-23,LaLiga,Sevilla,Villarreal,2,1,2,0.4,-0.2,5,-0.05,0,0,1,29,0,3,0,1.0
2023-04-23,2022-23,EPL,Bournemouth,West Ham,0,1,0,0.0,-2.0,1,-0.45,1,0,0,31,0,2,2,0.0
2023-04-23,2022-23,Ligue1,Ajaccio,Brest,1,0,0,1.0,1.0,1,0.55,0,1,0,31,0,0,4,0.5
2023-04-23,2022-23,Ligue1,Lorient,Toulouse,0,0,1,0.0,0.0,1,-0.45,0,1,1,31,0,0,0,0.0
2023-04-24,2022-23,SerieA,Atalanta,Roma,2,2,1,0.4,0.0,5,-0.05,0,0,0,30,0,1,3,1.0
2023-04-25,2022-23,LaLiga,Girona,Real Madrid,0,0,1,0.0,0.0,1,-0.45,0,1,0,30,0,0,2,1.0
2023-04-25,2022-23,LaLiga,Betis,Sociedad,2,1,2,0.4,0.6,5,-0.05,0,1,0,30,0,0,1,0.5
2023-04-25,2022-23,EPL,Leeds,Leicester,1,3,1,0.2,-0.8,5,-0.25,1,1,0,32,0,0,1,0.5
2023-04-25,2022-23,EPL,Aston Villa,Fulham,2,1,0,0.666667,0.666667,3,0.216667,1,0,0,32,0,9,2,1.0
2023-04-25,2022-23,EPL,Wolves,Crystal Palace,1,4,0,0.2,-0.8,5,-0.25,1,1,0,32,0,0,4,1.0
2023-04-25,2022-23,LaLiga,Cadiz,Osasuna,0,5,0,0.0,-1.6,5,-0.45,1,0,0,30,0,1,1,0.0
2023-04-26,2022-23,EPL,West Ham,Liverpool,1,4,0,0.2,-0.8,5,-0.25,1,0,0,31,0,3,4,0.0
2023-04-26,2022-23,EPL,Chelsea,Brentford,1,1,1,0.333333,-0.666667,3,-0.116667,0,1,0,31,0,0,1,0.0
2023-04-26,2022-23,EPL,Nott'm Forest,Brighton,0,0,1,0.0,0.0,1,-0.45,0,1,0,32,0,0,1,1.0
2023-04-26,2022-23,EPL,Man City,Arsenal,5,0,0,1.0,2.0,5,0.55,0,0,0,30,0,9,10,1.0
2023-04-26,2022-23,LaLiga,Vallecano,Barcelona,2,0,1,0.666667,0.666667,3,0.216667,0,1,0,30,0,0,7,1.0
2023-04-26,2022-23,LaLiga,Celta,Elche,3,1,1,0.6,0.6,5,0.15,0,1,1,30,0,0,0,1.0
2023-04-26,2022-23,LaLiga,Getafe,Almeria,0,1,0,0.0,-1.0,1,-0.45,1,1,1,30,0,0,0,0.0
2023-04-26,2022-23,LaLiga,Ath Madrid,Mallorca,0,3,0,0.0,-1.0,3,-0.45,1,1,0,30,0,0,4,1.0
2023-04-27,2022-23,LaLiga,Valencia,Valladolid,2,1,0,0.666667,1.0,3,0.216667,1,0,0,30,0,1,3,1.0
2023-04-27,2022-23,LaLiga,Villarreal,Espanol,2,0,1,0.666667,1.666667,3,0.216667,0,1,0,30,0,0,1,1.0
2023-04-27,2022-23,LaLiga,Ath Bilbao,Sevilla,2,2,1,0.4,0.0,5,-0.05,0,0,0,30,0,5,4,0.0
2023-04-27,2022-23,EPL,Tottenham,Man United,1,4,0,0.2,-0.6,5,-0.25,1,1,0,32,0,0,3,0.5
2023-04-27,2022-23,EPL,Everton,Newcastle,1,4,0,0.2,-1.0,5,-0.25,1,0,0,32,0,1,1,0.0
2023-04-27,2022-23,EPL,Southampton,Bournemouth,1,0,0,1.0,1.0,1,0.55,0,0,1,32,0,1,0,0.0
2023-04-28,2022-23,SerieA,Lecce,Udinese,0,0,1,0.0,0.0,1,-0.45,0,1,0,31,0,0,1,1.0
2023-04-28,2022-23,Ligue1,Strasbourg,Lyon,1,3,1,0.2,-1.0,5,-0.25,0,0,1,32,0,2,0,0.0
2023-04-28,2022-23,Bundesliga,Bochum,Dortmund,1,1,1,0.333333,-0.666667,3,-0.116667,1,1,0,29,0,0,3,0.5
2023-04-28,2022-23,LaLiga,Osasuna,Sociedad,0,4,1,0.0,-1.2,5,-0.45,1,0,0,31,0,2,2,0.0
2023-04-28,2022-23,SerieA,Spezia,Monza,0,1,0,0.0,-2.0,1,-0.45,1,0,0,31,0,1,3,0.0
2023-04-29,2022-23,Bundesliga,Schalke 04,Werder Bremen,0,2,1,0.0,-1.0,3,-0.45,1,1,0,29,0,0,1,1.0
2023-04-29,2022-23,Bundesliga,Union Berlin,Leverkusen,1,1,3,0.2,-0.8,5,-0.25,1,0,0,29,0,2,8,0.5
2023-04-29,2022-23,Bundesliga,RB Leipzig,Hoffenheim,3,1,1,0.6,0.8,5,0.15,0,1,1,29,0,0,0,1.0
2023-04-29,2022-23,Bundesliga,Stuttgart,M'gladbach,2,1,2,0.4,0.0,5,-0.05,1,0,1,29,0,3,0,1.0
2023-04-29,2022-23,Bundesliga,Ein Frankfurt,Augsburg,3,0,2,0.6,1.0,5,0.15,0,1,0,29,0,0,1,0.5
2023-04-29,2022-23,Ligue1,Lille,Ajaccio,1,0,0,1.0,2.0,1,0.55,0,0,0,32,0,2,1,1.0
2023-04-29,2022-23,LaLiga,Barcelona,Betis,4,1,0,0.8,1.0,5,0.35,0,1,0,31,0,0,1,1.0
2023-04-29,2022-23,LaLiga,Real Madrid,Almeria,1,0,0,1.0,1.0,1,0.55,0,1,0,31,0,0,1,1.0
2023-04-29,2022-23,Bundesliga,FC Koln,Freiburg,1,3,1,0.2,-1.8,5,-0.25,1,0,0,29,0,4,2,0.0
2023-04-29,2022-23,EPL,Crystal Palace,West Ham,1,2,2,0.2,-0.2,5,-0.25,0,1,1,33,0,0,0,1.0
2023-04-29,2022-23,LaLiga,Elche,Vallecano,1,2,0,0.333333,-0.333333,3,-0.116667,1,1,0,31,0,0,1,1.0
2023-04-29,2022-23,EPL,Brighton,Wolves,2,2,1,0.4,0.4,5,-0.05,0,1,0,30,0,0,1,1.0
2023-04-29,2022-23,SerieA,Roma,Milan,0,3,2,0.0,-0.8,5,-0.45,0,1,0,31,0,0,4,0.5
2023-04-29,2022-23,SerieA,Torino,Atalanta,0,3,2,0.0,-1.0,5,-0.45,1,0,0,31,0,2,2,0.0
2023-04-29,2022-23,EPL,Brentford,Nott'm Forest,0,0,1,0.0,0.0,1,-0.45,0,0,0,33,0,2,1,1.0
2023-04-30,2022-23,SerieA,Sassuolo,Empoli,1,2,0,0.333333,0.666667,3,-0.116667,1,1,1,31,0,0,0,1.0
2023-04-30,2022-23,SerieA,Napoli,Salernitana,3,0,0,1.0,2.0,3,0.55,0,0,0,31,0,3,8,0.5
2023-04-30,2022-23,LaLiga,Cadiz,Valencia,2,0,3,0.4,0.4,5,-0.05,0,1,0,31,0,0,2,1.0
2023-04-30,2022-23,LaLiga,Villarreal,Celta,2,1,2,0.4,0.6,5,-0.05,0,0,0,31,0,1,1,1.0
2023-04-30,2022-23,LaLiga,Espanol,Getafe,2,1,0,0.666667,0.666667,3,0.216667,0,1,1,31,0,0,0,1.0
2023-04-30,2022-23,LaLiga,Valladolid,Ath Madrid,0,3,0,0.0,-2.0,3,-0.45,1,1,0,31,0,0,1,0.0
2023-04-30,2022-23,Ligue1,Marseille,Auxerre,1,0,0,1.0,2.0,1,0.55,0,0,0,32,0,7,4,1.0
2023-04-30,2022-23,Ligue1,Paris SG,Lorient,3,1,1,0.6,1.2,5,0.15,0,0,1,32,0,3,0,0.0
2023-04-30,2022-23,Ligue1,Troyes,Nice,1,2,0,0.333333,-0.333333,3,-0.116667,1,0,1,32,0,1,0,0.0
2023-04-30,2022-23,Ligue1,Clermont,Reims,1,1,1,0.333333,0.333333,3,-0.116667,0,0,1,32,0,4,0,1.0
2023-04-30,2022-23,Ligue1,Rennes,Angers,3,2,0,0.6,0.6,5,0.15,0,1,1,32,0,0,0,1.0
2023-04-30,2022-23,SerieA,Cremonese,Verona,0,1,0,0.0,-2.0,1,-0.45,1,1,0,31,0,0,3,0.5
2023-04-30,2022-23,EPL,Bournemouth,Leeds,0,1,0,0.0,-1.0,1,-0.45,1,0,0,33,0,1,1,1.0
2023-04-30,2022-23,SerieA,Bologna,Juventus,0,4,1,0.0,-2.0,5,-0.45,1,1,1,31,0,0,0,0.5
2023-04-30,2022-23,Bundesliga,Wolfsburg,Mainz,3,2,0,0.6,1.2,5,0.15,0,0,0,29,0,2,10,1.0
2023-04-30,2022-23,Bundesliga,Bayern Munich,Hertha,5,0,0,1.0,2.2,5,0.55,0,1,1,29,0,0,0,1.0
2023-04-30,2022-23,EPL,Fulham,Man City,0,3,0,0.0,-2.0,3,-0.45,1,1,0,32,0,0,10,0.0
2023-04-30,2022-23,EPL,Man United,Aston Villa,2,2,1,0.4,0.0,5,-0.05,1,0,0,31,0,4,10,1.0
2023-04-30,2022-23,Ligue1,Monaco,Montpellier,3,1,1,0.6,0.8,5,0.15,0,1,0,32,0,0,1,0.0
2023-04-30,2022-23,SerieA,Fiorentina,Sampdoria,2,3,0,0.4,-0.2,5,-0.05,0,1,0,31,0,0,2,1.0
2023-04-30,2022-23,EPL,Newcastle,Southampton,3,1,1,0.6,0.6,5,0.15,0,0,1,32,0,2,0,1.0
2023-04-30,2022-23,EPL,Liverpool,Tottenham,3,0,2,0.6,0.8,5,0.15,0,0,0,32,0,5,1,1.0
2023-04-30,2022-23,SerieA,Inter,Lazio,2,2,1,0.4,-0.2,5,-0.05,1,0,1,31,0,1,0,1.0
2023-05-01,2022-23,LaLiga,Mallorca,Ath Bilbao,1,1,1,0.333333,-0.333333,3,-0.116667,0,1,1,31,0,0,0,0.5
2023-05-01,2022-23,EPL,Leicester,Everton,1,2,2,0.2,-0.2,5,-0.25,0,0,1,33,0,2,0,0.5
2023-05-01,2022-23,LaLiga,Sevilla,Girona,0,1,0,0.0,-1.0,1,-0.45,1,0,0,31,0,5,1,0.0
2023-05-02,2022-23,LaLiga,Barcelona,Osasuna,4,0,1,0.8,2.2,5,0.35,0,0,1,32,0,1,0,1.0
2023-05-02,2022-23,LaLiga,Sociedad,Real Madrid,0,2,3,0.0,-1.0,5,-0.45,0,0,0,32,0,3,1,1.0
2023-05-02,2022-23,Ligue1,Toulouse,Lens,0,1,0,0.0,-3.0,1,-0.45,1,0,0,32,0,1,1,0.0
2023-05-02,2022-23,LaLiga,Almeria,Elche,0,0,1,0.0,0.0,1,-0.45,0,1,0,32,0,0,1,1.0
2023-05-02,2022-23,EPL,Arsenal,Chelsea,4,1,0,0.8,0.8,5,0.35,0,1,1,33,0,0,0,1.0
2023-05-03,2022-23,LaLiga,Getafe,Celta,1,2,2,0.2,-0.4,5,-0.25,0,1,1,32,0,0,0,1.0
2023-05-03,2022-23,EPL,Man City,West Ham,3,0,2,0.6,0.8,5,0.15,0,0,1,32,0,11,0,1.0
2023-05-03,2022-23,EPL,Liverpool,Fulham,0,1,2,0.0,-0.333333,3,-0.45,0,0,1,33,0,6,0,1.0
2023-05-03,2022-23,SerieA,Monza,Roma,0,1,0,0.0,-3.0,1,-0.45,1,0,0,32,0,4,1,0.5
2023-05-03,2022-23,SerieA,Milan,Cremonese,0,0,1,0.0,0.0,1,-0.45,0,0,0,32,0,5,1,0.5
2023-05-03,2022-23,SerieA,Lazio,Sassuolo,3,2,0,0.6,0.2,5,0.15,0,1,0,32,0,0,1,1.0
2023-05-03,2022-23,SerieA,Sampdoria,Torino,1,3,1,0.2,-1.0,5,-0.25,1,1,1,32,0,0,0,0.0
2023-05-03,2022-23,SerieA,Salernitana,Fiorentina,1,2,0,0.333333,-1.333333,3,-0.116667,1,0,0,32,0,9,1,0.5
2023-05-03,2022-23,SerieA,Juventus,Lecce,1,0,0,1.0,1.0,1,0.55,0,0,0,32,0,1,1,1.0
2023-05-03,2022-23,SerieA,Atalanta,Spezia,3,0,2,0.6,1.4,5,0.15,0,0,1,32,0,3,0,1.0
2023-05-03,2022-23,LaLiga,Valencia,Villarreal,2,3,0,0.4,-0.2,5,-0.05,1,1,0,32,0,0,2,0.5
2023-05-03,2022-23,LaLiga,Ath Madrid,Cadiz,4,1,0,0.8,1.8,5,0.35,1,0,0,32,0,2,1,1.0
2023-05-03,2022-23,SerieA,Verona,Inter,0,5,0,0.0,-1.4,5,-0.45,1,0,0,32,0,4,2,0.0
2023-05-03,2022-23,Ligue1,Brest,Nantes,0,4,1,0.0,-2.0,5,-0.45,1,0,0,32,0,5,1,1.0
2023-05-04,2022-23,SerieA,Udinese,Napoli,0,5,0,0.0,-2.2,5,-0.45,1,1,0,32,0,0,4,0.5
2023-05-04,2022-23,LaLiga,Vallecano,Valladolid,1,0,0,1.0,1.0,1,0.55,0,1,1,32,0,0,0,1.0
2023-05-04,2022-23,SerieA,Empoli,Bologna,2,0,1,0.666667,1.0,3,0.216667,0,1,0,32,0,0,1,1.0
2023-05-04,2022-23,LaLiga,Sevilla,Espanol,2,0,1,0.666667,1.0,3,0.216667,0,1,0,32,0,0,1,1.0
2023-05-04,2022-23,LaLiga,Girona,Mallorca,0,0,1,0.0,0.0,1,-0.45,0,0,0,32,0,2,1,1.0
2023-05-04,2022-23,EPL,Brighton,Man United,2,3,0,0.4,0.2,5,-0.05,0,0,0,31,0,1,5,1.0
2023-05-04,2022-23,LaLiga,Ath Bilbao,Betis,2,1,2,0.4,0.8,5,-0.05,0,0,1,32,0,1,0,0.0
2023-05-05,2022-23,Bundesliga,Leverkusen,FC Koln,3,1,1,0.6,1.4,5,0.15,0,0,1,30,0,9,0,0.0
2023-05-05,2022-23,Bundesliga,Mainz,Schalke 04,0,1,2,0.0,-0.333333,3,-0.45,1,1,0,30,0,0,1,0.0
2023-05-06,2022-23,Bundesliga,Werder Bremen,Bayern Munich,0,2,1,0.0,-2.333333,3,-0.45,1,1,0,30,0,0,1,0.0
2023-05-06,2022-23,SerieA,Milan,Lazio,3,2,0,0.6,-0.6,5,0.15,1,0,0,33,0,6,1,1.0
2023-05-06,2022-23,Bundesliga,M'gladbach,Bochum,2,1,0,0.666667,0.666667,3,0.216667,1,1,0,30,0,0,1,1.0
2023-05-06,2022-23,SerieA,Roma,Inter,1,3,1,0.2,-1.2,5,-0.25,0,0,0,33,0,2,3,0.0
2023-05-06,2022-23,Ligue1,Lens,Marseille,3,1,1,0.6,0.2,5,0.15,0,0,0,33,0,2,8,1.0
2023-05-06,2022-23,Bundesliga,Hertha,Stuttgart,1,2,2,0.2,-0.2,5,-0.25,1,1,0,30,0,0,4,1.0
2023-05-06,2022-23,Bundesliga,Freiburg,RB Leipzig,0,3,2,0.0,-1.6,5,-0.45,1,0,0,30,0,3,1,0.0
2023-05-06,2022-23,Bundesliga,Augsburg,Union Berlin,3,0,2,0.6,1.0,5,0.15,0,0,0,30,0,2,3,1.0
2023-05-06,2022-23,Ligue1,Nice,Rennes,2,2,1,0.4,0.0,5,-0.05,1,0,0,33,0,1,1,1.0
2023-05-06,2022-23,SerieA,Cremonese,Spezia,0,0,1,0.0,0.0,1,-0.45,0,0,1,33,0,2,0,1.0
2023-05-06,2022-23,EPL,Liverpool,Brentford,1,1,1,0.333333,0.333333,3,-0.116667,1,0,0,34,0,7,3,1.0
2023-05-06,2022-23,EPL,Wolves,Aston Villa,2,1,2,0.4,0.2,5,-0.05,0,1,1,34,0,0,0,1.0
2023-05-06,2022-23,EPL,Tottenham,Crystal Palace,3,1,1,0.6,1.4,5,0.15,0,1,0,34,0,0,1,1.0
2023-05-06,2022-23,EPL,Man City,Leeds,3,1,1,0.6,2.4,5,0.15,0,0,1,33,0,12,0,1.0
2023-05-06,2022-23,EPL,Bournemouth,Chelsea,0,1,0,0.0,-2.0,1,-0.45,1,0,1,34,0,2,0,0.0
2023-05-06,2022-23,Bundesliga,Hoffenheim,Ein Frankfurt,1,3,1,0.2,-0.8,5,-0.25,1,1,0,30,0,0,1,1.0
2023-05-06,2022-23,Ligue1,Reims,Lille,1,3,1,0.2,-0.4,5,-0.25,0,1,0,33,0,0,3,1.0
2023-05-07,2022-23,Bundesliga,Dortmund,Wolfsburg,4,1,0,0.8,1.8,5,0.35,1,0,0,30,0,4,3,1.0
2023-05-07,2022-23,SerieA,Lecce,Verona,0,1,0,0.0,-2.0,1,-0.45,1,1,1,33,0,0,0,0.0
2023-05-07,2022-23,SerieA,Atalanta,Juventus,2,0,3,0.4,0.4,5,-0.05,0,0,0,33,0,4,2,0.0
2023-05-07,2022-23,SerieA,Napoli,Fiorentina,3,1,1,0.6,1.6,5,0.15,0,0,0,33,0,5,2,1.0
2023-05-07,2022-23,Ligue1,Troyes,Paris SG,0,2,1,0.0,-0.666667,3,-0.45,1,1,1,33,0,0,0,0.0
2023-05-07,2022-23,EPL,Newcastle,Arsenal,1,3,1,0.2,-1.0,5,-0.25,0,0,0,33,0,3,1,0.0
2023-05-07,2022-23,EPL,West Ham,Man United,0,5,0,0.0,-1.2,5,-0.45,1,1,1,34,0,0,0,1.0
2023-05-07,2022-23,Ligue1,Angers,Monaco,0,5,0,0.0,-2.0,5,-0.45,1,1,1,33,0,0,0,0.0
2023-05-07,2022-23,Ligue1,Ajaccio,Toulouse,0,1,0,0.0,-2.0,1,-0.45,1,1,1,33,0,0,0,0.5
2023-05-07,2022-23,Ligue1,Auxerre,Clermont,0,1,0,0.0,-1.0,1,-0.45,1,1,0,33,0,0,5,0.5
2023-05-07,2022-23,SerieA,Torino,Monza,1,0,0,1.0,1.0,1,0.55,0,0,0,33,0,1,5,0.5
2023-05-07,2022-23,Ligue1,Nantes,Strasbourg,1,2,2,0.2,-0.8,5,-0.25,0,1,1,33,0,0,0,0.0
2023-05-07,2022-23,Ligue1,Lorient,Brest,3,2,0,0.6,0.2,5,0.15,0,0,0,33,0,1,6,1.0
2023-05-07,2022-23,Ligue1,Lyon,Montpellier,3,2,0,0.6,0.6,5,0.15,0,0,0,33,0,1,2,1.0
2023-05-08,2022-23,SerieA,Empoli,Salernitana,1,0,2,0.333333,0.666667,3,-0.116667,0,0,0,33,0,1,10,1.0
2023-05-08,2022-23,SerieA,Udinese,Sampdoria,2,2,1,0.4,0.0,5,-0.05,0,0,1,33,0,1,0,1.0
2023-05-08,2022-23,SerieA,Sassuolo,Bologna,2,2,1,0.4,-0.6,5,-0.05,1,1,1,33,0,0,0,0.5
2023-05-08,2022-23,EPL,Nott'm Forest,Southampton,1,0,0,1.0,1.0,1,0.55,0,1,1,34,0,0,0,1.0
2023-05-08,2022-23,EPL,Brighton,Everton,2,2,1,0.4,0.0,5,-0.05,0,0,0,32,0,2,1,0.0
2023-05-08,2022-23,EPL,Fulham,Leicester,2,1,0,0.666667,0.0,3,0.216667,0,1,0,34,0,0,3,1.0
2023-05-12,2022-23,Bundesliga,FC Koln,Hertha,2,1,2,0.4,0.4,5,-0.05,1,0,0,31,0,1,1,1.0
2023-05-12,2022-23,SerieA,Lazio,Lecce,0,1,0,0.0,-1.0,1,-0.45,1,1,1,34,0,0,0,0.5
2023-05-12,2022-23,LaLiga,Mallorca,Cadiz,1,1,1,0.333333,-0.333333,3,-0.116667,1,1,1,33,0,0,0,1.0
2023-05-12,2022-23,Ligue1,Lens,Reims,2,0,3,0.4,0.6,5,-0.05,0,0,0,34,0,3,1,1.0
2023-05-13,2022-23,SerieA,Salernitana,Atalanta,0,2,1,0.0,-2.333333,3,-0.45,1,1,1,34,0,0,0,1.0
2023-05-13,2022-23,SerieA,Spezia,Milan,2,3,0,0.4,-0.4,5,-0.05,1,1,0,34,0,0,7,1.0
2023-05-13,2022-23,Ligue1,Paris SG,Ajaccio,1,0,0,1.0,3.0,1,0.55,0,0,0,34,0,1,1,1.0
2023-05-13,2022-23,Ligue1,Strasbourg,Nice,2,1,2,0.4,0.6,5,-0.05,0,0,0,34,0,1,2,1.0
2023-05-13,2022-23,SerieA,Inter,Sassuolo,4,1,0,0.8,0.8,5,0.35,0,0,0,34,0,4,1,1.0
2023-05-13,2022-23,Bundesliga,Bochum,Augsburg,2,1,0,0.666667,0.0,3,0.216667,0,1,0,31,0,0,3,1.0
2023-05-13,2022-23,LaLiga,Sociedad,Girona,1,0,0,1.0,2.0,1,0.55,0,0,0,33,0,4,3,0.5
2023-05-13,2022-23,LaLiga,Osasuna,Almeria,1,0,0,1.0,1.0,1,0.55,0,1,0,33,0,0,1,1.0
2023-05-13,2022-23,LaLiga,Villarreal,Ath Bilbao,0,2,3,0.0,-0.4,5,-0.45,1,0,1,33,0,3,0,1.0
2023-05-13,2022-23,LaLiga,Real Madrid,Getafe,3,1,1,0.6,0.8,5,0.15,0,1,0,33,0,0,1,1.0
2023-05-13,2022-23,EPL,Leeds,Newcastle,2,1,2,0.4,0.6,5,-0.05,0,1,1,35,0,0,0,0.5
2023-05-13,2022-23,EPL,Aston Villa,Tottenham,2,3,0,0.4,-0.8,5,-0.05,0,1,0,35,0,0,1,1.0
2023-05-13,2022-23,EPL,Chelsea,Nott'm Forest,0,0,1,0.0,0.0,1,-0.45,0,0,0,34,0,1,1,0.5
2023-05-13,2022-23,EPL,Crystal Palace,Bournemouth,1,0,0,1.0,2.0,1,0.55,0,1,1,35,0,0,0,1.0
2023-05-13,2022-23,EPL,Man United,Wolves,4,1,0,0.8,0.6,5,0.35,0,1,0,34,0,0,1,1.0
2023-05-13,2022-23,Bundesliga,Bayern Munich,Schalke 04,3,0,0,1.0,4.666667,3,0.55,0,0,0,31,0,2,2,1.0
2023-05-13,2022-23,EPL,Southampton,Fulham,1,1,1,0.333333,0.333333,3,-0.116667,1,1,0,35,0,0,1,0.0
2023-05-13,2022-23,Bundesliga,Dortmund,M'gladbach,2,3,0,0.4,0.8,5,-0.05,1,0,0,31,0,5,1,1.0
2023-05-13,2022-23,Bundesliga,Wolfsburg,Hoffenheim,2,3,0,0.4,-0.4,5,-0.05,0,1,0,31,0,0,1,1.0
2023-05-13,2022-23,Bundesliga,Union Berlin,Freiburg,2,1,2,0.4,0.2,5,-0.05,1,1,1,31,0,0,0,1.0
2023-05-13,2022-23,Bundesliga,Ein Frankfurt,Mainz,2,0,3,0.4,0.6,5,-0.05,0,1,1,31,0,0,0,1.0
2023-05-14,2022-23,EPL,Everton,Man City,0,4,1,0.0,-2.2,5,-0.45,0,0,0,35,0,2,13,0.0
2023-05-14,2022-23,EPL,Arsenal,Brighton,3,1,1,0.6,0.8,5,0.15,0,0,1,35,0,2,0,0.0
2023-05-14,2022-23,SerieA,Verona,Torino,0,2,3,0.0,-0.4,5,-0.45,0,0,0,34,0,1,2,0.0
2023-05-14,2022-23,Bundesliga,RB Leipzig,Werder Bremen,3,0,0,1.0,2.0,3,0.55,0,0,1,31,0,2,0,1.0
2023-05-14,2022-23,Bundesliga,Stuttgart,Leverkusen,0,4,1,0.0,-1.8,5,-0.45,1,1,1,31,0,0,0,0.5
2023-05-14,2022-23,EPL,Brentford,West Ham,3,0,0,1.0,1.666667,3,0.55,0,1,0,35,0,0,1,1.0
2023-05-14,2022-23,SerieA,Fiorentina,Udinese,2,3,0,0.4,-0.8,5,-0.05,1,1,0,34,0,0,2,1.0
2023-05-14,2022-23,Ligue1,Marseille,Angers,3,1,1,0.6,1.2,5,0.15,0,1,1,34,0,0,0,1.0
2023-05-14,2022-23,SerieA,Bologna,Roma,1,3,1,0.2,-1.0,5,-0.25,1,0,1,34,0,1,0,0.5
2023-05-14,2022-23,SerieA,Monza,Napoli,0,1,0,0.0,-4.0,1,-0.45,1,0,0,34,0,6,6,1.0
2023-05-14,2022-23,LaLiga,Valladolid,Sevilla,0,0,3,0.0,0.0,3,-0.45,0,1,0,33,0,0,1,0.0
2023-05-14,2022-23,LaLiga,Elche,Ath Madrid,0,5,0,0.0,-1.6,5,-0.45,1,1,0,33,0,0,3,1.0
2023-05-14,2022-23,LaLiga,Celta,Valencia,1,4,0,0.2,-1.4,5,-0.25,1,1,0,33,0,0,1,0.0
2023-05-14,2022-23,Ligue1,Monaco,Lille,1,2,2,0.2,-0.2,5,-0.25,1,0,1,34,0,1,0,0.5
2023-05-14,2022-23,Ligue1,Toulouse,Nantes,0,1,0,0.0,-2.0,1,-0.45,1,0,1,34,0,1,0,0.5
2023-05-14,2022-23,LaLiga,Espanol,Barcelona,0,1,2,0.0,-0.333333,3,-0.45,0,1,0,33,0,0,2,0.0
2023-05-14,2022-23,Ligue1,Montpellier,Lorient,4,0,1,0.8,1.2,5,0.35,0,1,0,34,0,0,2,0.5
2023-05-14,2022-23,Ligue1,Clermont,Lyon,1,1,1,0.333333,0.0,3,-0.116667,0,0,0,34,0,6,2,1.0
2023-05-14,2022-23,SerieA,Juventus,Cremonese,1,0,0,1.0,1.0,1,0.55,0,0,0,34,0,3,3,1.0
2023-05-14,2022-23,Ligue1,Rennes,Troyes,1,0,2,0.333333,1.0,3,-0.116667,0,1,1,34,0,0,0,1.0
2023-05-14,2022-23,Ligue1,Brest,Auxerre,0,0,1,0.0,0.0,1,-0.45,0,1,0,34,0,0,1,1.0
2023-05-15,2022-23,SerieA,Sampdoria,Empoli,2,1,0,0.666667,1.333333,3,0.216667,1,1,0,34,0,0,2,0.5
2023-05-15,2022-23,EPL,Leicester,Liverpool,2,3,0,0.4,-0.6,5,-0.05,1,1,0,35,0,0,8,0.0
2023-05-15,2022-23,LaLiga,Betis,Vallecano,2,0,1,0.666667,0.666667,3,0.216667,0,0,0,33,0,1,1,1.0
2023-05-18,2022-23,EPL,Newcastle,Brighton,1,2,2,0.2,-1.0,5,-0.25,0,0,0,35,0,1,1,1.0
2023-05-19,2022-23,Ligue1,Lyon,Monaco,3,2,0,0.6,0.6,5,0.15,1,1,0,35,0,0,2,1.0
2023-05-19,2022-23,Bundesliga,Freiburg,Wolfsburg,2,2,1,0.4,-1.2,5,-0.05,1,1,0,32,0,0,1,1.0
2023-05-19,2022-23,SerieA,Sassuolo,Monza,0,0,1,0.0,0.0,1,-0.45,0,1,0,35,0,0,7,0.0
2023-05-19,2022-23,LaLiga,Cadiz,Valladolid,1,0,2,0.333333,0.333333,3,-0.116667,0,1,1,34,0,0,0,1.0
2023-05-20,2022-23,EPL,Wolves,Everton,3,2,0,0.6,0.2,5,0.15,0,1,1,36,0,0,0,0.5
2023-05-20,2022-23,Bundesliga,Werder Bremen,FC Koln,0,1,2,0.0,-2.0,3,-0.45,1,1,0,32,0,0,2,0.5
2023-05-20,2022-23,Bundesliga,Bayern Munich,RB Leipzig,3,0,2,0.6,1.0,5,0.15,0,0,0,32,0,3,3,0.0
2023-05-20,2022-23,LaLiga,Almeria,Mallorca,0,1,0,0.0,-1.0,1,-0.45,1,1,0,34,0,0,1,1.0
2023-05-20,2022-23,LaLiga,Ath Bilbao,Celta,1,3,1,0.2,-0.8,5,-0.25,1,1,1,34,0,0,0,1.0
2023-05-20,2022-23,EPL,Nott'm Forest,Arsenal,0,1,0,0.0,-5.0,1,-0.45,1,0,1,36,0,2,0,1.0
2023-05-20,2022-23,LaLiga,Getafe,Elche,2,2,1,0.4,0.0,5,-0.05,0,1,0,34,0,0,1,0.5
2023-05-20,2022-23,EPL,Tottenham,Brentford,1,0,2,0.333333,0.666667,3,-0.116667,0,1,0,36,0,0,1,0.0
2023-05-20,2022-23,EPL,Bournemouth,Man United,0,1,0,0.0,-3.0,1,-0.45,1,1,0,36,0,0,1,0.0
2023-05-20,2022-23,EPL,Fulham,Crystal Palace,1,1,1,0.333333,0.666667,3,-0.116667,0,0,0,36,0,2,1,0.5
2023-05-20,2022-23,EPL,Liverpool,Aston Villa,4,1,0,0.8,0.0,5,0.35,0,0,0,36,0,9,1,0.5
2023-05-20,2022-23,LaLiga,Girona,Villarreal,0,1,0,0.0,-1.0,1,-0.45,1,0,0,34,0,4,4,0.0
2023-05-20,2022-23,LaLiga,Barcelona,Sociedad,5,0,0,1.0,2.4,5,0.55,0,0,0,34,0,3,5,0.0
2023-05-20,2022-23,Bundesliga,Schalke 04,Ein Frankfurt,1,2,0,0.333333,-1.333333,3,-0.116667,1,1,0,32,0,0,1,0.5
2023-05-20,2022-23,Bundesliga,Hertha,Bochum,1,1,1,0.333333,0.0,3,-0.116667,1,1,0,32,0,0,1,0.5
2023-05-20,2022-23,Ligue1,Nantes,Montpellier,2,2,1,0.4,0.4,5,-0.05,0,0,0,35,0,1,1,0.0
2023-05-20,2022-23,SerieA,Cremonese,Bologna,0,0,1,0.0,0.0,1,-0.45,0,1,0,35,0,0,2,0.0
2023-05-20,2022-23,SerieA,Atalanta,Verona,3,2,0,0.6,0.2,5,0.15,0,1,1,35,0,0,0,1.0
2023-05-20,2022-23,SerieA,Milan,Sampdoria,4,0,1,0.8,0.8,5,0.35,0,1,0,35,0,0,1,1.0
2023-05-20,2022-23,Ligue1,Lille,Marseille,2,1,2,0.4,0.6,5,-0.05,1,0,0,35,0,1,1,1.0
2023-05-20,2022-23,Bundesliga,Hoffenheim,Union Berlin,0,3,2,0.0,-1.0,5,-0.45,1,1,0,32,0,0,1,1.0
2023-05-21,2022-23,EPL,West Ham,Leeds,3,1,1,0.6,0.6,5,0.15,0,1,0,36,0,0,1,1.0
2023-05-21,2022-23,LaLiga,Ath Madrid,Osasuna,5,0,0,1.0,1.6,5,0.55,0,1,0,34,0,0,1,1.0
2023-05-21,2022-23,LaLiga,Valencia,Real Madrid,1,4,0,0.2,-1.0,5,-0.25,1,0,0,34,0,2,1,1.0
2023-05-21,2022-23,LaLiga,Sevilla,Betis,3,0,2,0.6,0.8,5,0.15,0,0,0,34,0,2,2,0.5
2023-05-21,2022-23,Ligue1,Ajaccio,Rennes,0,1,0,0.0,-1.0,1,-0.45,1,1,0,35,0,0,1,0.0
2023-05-21,2022-23,Ligue1,Brest,Clermont,2,0,1,0.666667,1.333333,3,0.216667,0,0,0,35,0,1,7,1.0
2023-05-21,2022-23,Ligue1,Nice,Toulouse,0,0,1,0.0,0.0,1,-0.45,0,1,0,35,0,0,2,0.5
2023-05-21,2022-23,Ligue1,Reims,Angers,2,2,1,0.4,0.2,5,-0.05,0,1,1,35,0,0,0,0.5
2023-05-21,2022-23,Ligue1,Troyes,Strasbourg,1,0,2,0.333333,0.333333,3,-0.116667,0,1,0,35,0,0,2,0.5
2023-05-21,2022-23,LaLiga,Vallecano,Espanol,3,0,0,1.0,1.333333,3,0.55,0,1,1,34,0,0,0,0.0
2023-05-21,2022-23,Ligue1,Auxerre,Paris SG,0,1,0,0.0,-5.0,1,-0.45,1,1,0,35,0,0,2,0.0
2023-05-21,2022-23,SerieA,Udinese,Lazio,1,1,3,0.2,0.2,5,-0.25,0,1,0,35,0,0,1,0.0
2023-05-21,2022-23,SerieA,Napoli,Inter,0,3,2,0.0,-0.6,5,-0.45,1,1,0,35,0,0,5,1.0
2023-05-21,2022-23,SerieA,Torino,Fiorentina,2,2,1,0.4,0.6,5,-0.05,0,0,0,35,0,3,1,0.5
2023-05-21,2022-23,SerieA,Lecce,Spezia,0,0,1,0.0,0.0,1,-0.45,0,0,0,35,0,1,1,0.5
2023-05-21,2022-23,Bundesliga,Leverkusen,M'gladbach,5,0,0,1.0,1.6,5,0.55,0,0,1,32,0,1,0,0.5
2023-05-21,2022-23,Bundesliga,Augsburg,Dortmund,1,3,1,0.2,-0.4,5,-0.25,1,1,0,32,0,0,6,0.0
2023-05-21,2022-23,Bundesliga,Mainz,Stuttgart,0,3,2,0.0,-1.2,5,-0.45,0,1,0,32,0,0,1,0.0
2023-05-21,2022-23,EPL,Brighton,Southampton,2,1,2,0.4,0.4,5,-0.05,0,1,1,35,0,0,0,1.0
2023-05-21,2022-23,Ligue1,Lorient,Lens,1,3,1,0.2,-1.0,5,-0.25,1,0,0,35,0,3,4,0.0
2023-05-21,2022-23,EPL,Man City,Chelsea,4,1,0,0.8,0.8,5,0.35,0,0,0,35,0,14,2,1.0
2023-05-22,2022-23,SerieA,Roma,Salernitana,3,0,0,1.0,2.0,3,0.55,0,0,0,35,0,1,1,0.5
2023-05-22,2022-23,SerieA,Empoli,Juventus,1,2,0,0.333333,-1.333333,3,-0.116667,1,0,0,35,0,3,4,1.0
2023-05-22,2022-23,EPL,Newcastle,Leicester,3,2,0,0.6,0.2,5,0.15,0,0,1,36,0,2,0,0.5
2023-05-23,2022-23,LaLiga,Celta,Girona,1,0,0,1.0,1.0,1,0.55,0,1,1,35,0,0,0,0.5
2023-05-23,2022-23,LaLiga,Sociedad,Almeria,1,0,0,1.0,2.0,1,0.55,0,0,0,35,0,6,1,1.0
2023-05-23,2022-23,LaLiga,Valladolid,Barcelona,0,3,0,0.0,-2.666667,3,-0.45,1,1,1,35,0,0,0,1.0
2023-05-24,2022-23,EPL,Brighton,Man City,1,4,0,0.2,-1.6,5,-0.25,1,0,0,36,0,1,15,0.5
2023-05-24,2022-23,LaLiga,Elche,Sevilla,1,3,1,0.2,-1.2,5,-0.25,1,0,0,35,0,2,3,0.5
2023-05-24,2022-23,LaLiga,Real Madrid,Vallecano,2,1,0,0.666667,0.333333,3,0.216667,1,1,1,35,0,0,0,1.0
2023-05-24,2022-23,LaLiga,Villarreal,Cadiz,1,1,3,0.2,0.0,5,-0.25,0,0,0,35,0,5,1,1.0
2023-05-24,2022-23,LaLiga,Betis,Getafe,3,1,1,0.6,0.2,5,0.15,0,0,0,35,0,3,1,0.0
2023-05-24,2022-23,LaLiga,Espanol,Ath Madrid,0,2,1,0.0,-0.666667,3,-0.45,0,0,0,35,0,1,1,0.5
2023-05-25,2022-23,LaLiga,Osasuna,Ath Bilbao,1,2,2,0.2,-0.6,5,-0.25,0,1,0,35,0,0,1,1.0
2023-05-25,2022-23,LaLiga,Mallorca,Valencia,1,1,1,0.333333,0.0,3,-0.116667,0,1,0,35,0,0,3,1.0
2023-05-25,2022-23,EPL,Man United,Chelsea,0,0,5,0.0,0.0,5,-0.45,0,0,1,36,0,2,0,1.0
2023-05-26,2022-23,SerieA,Sampdoria,Sassuolo,2,2,1,0.4,0.6,5,-0.05,0,1,1,36,0,0,0,0.5
2023-05-27,2022-23,Bundesliga,RB Leipzig,Schalke 04,3,0,0,1.0,4.0,3,0.55,0,0,0,33,0,4,1,1.0
2023-05-27,2022-23,Ligue1,Angers,Troyes,1,1,1,0.333333,-0.333333,3,-0.116667,1,0,0,36,0,1,1,1.0
2023-05-27,2022-23,Ligue1,Clermont,Lorient,0,2,1,0.0,-1.0,3,-0.45,1,1,1,36,0,0,0,1.0
2023-05-27,2022-23,Ligue1,Lens,Ajaccio,0,0,1,0.0,0.0,1,-0.45,0,0,1,36,0,5,0,1.0
2023-05-27,2022-23,Ligue1,Lille,Nantes,3,0,2,0.6,1.0,5,0.15,0,0,1,36,0,2,0,1.0
2023-05-27,2022-23,Ligue1,Lyon,Reims,1,1,3,0.2,0.4,5,-0.25,0,0,0,36,0,1,1,1.0
2023-05-27,2022-23,Ligue1,Marseille,Brest,3,1,1,0.6,1.0,5,0.15,0,1,0,36,0,0,2,0.0
2023-05-27,2022-23,Ligue1,Montpellier,Nice,2,2,1,0.4,-0.8,5,-0.05,1,0,0,36,0,2,1,0.0
2023-05-27,2022-23,Ligue1,Rennes,Monaco,1,3,1,0.2,-0.4,5,-0.25,0,0,1,36,0,2,0,1.0
2023-05-27,2022-23,Ligue1,Strasbourg,Paris SG,0,4,1,0.0,-2.0,5,-0.45,1,0,0,36,0,3,3,0.5
2023-05-27,2022-23,Ligue1,Toulouse,Auxerre,1,0,0,1.0,5.0,1,0.55,0,0,1,36,0,3,0,0.5
2023-05-27,2022-23,LaLiga,Sevilla,Real Madrid,0,4,1,0.0,-1.0,5,-0.45,1,0,0,36,0,4,1,0.0
2023-05-27,2022-23,Bundesliga,Bochum,Leverkusen,0,2,1,0.0,-1.0,3,-0.45,1,0,0,33,0,2,2,1.0
2023-05-27,2022-23,Bundesliga,Wolfsburg,Hertha,3,0,2,0.6,1.6,5,0.15,0,1,0,33,0,0,1,0.0
2023-05-27,2022-23,Bundesliga,Ein Frankfurt,Freiburg,2,1,2,0.4,0.6,5,-0.05,0,0,0,33,0,2,1,1.0
2023-05-27,2022-23,Bundesliga,FC Koln,Bayern Munich,0,4,1,0.0,-2.0,5,-0.45,0,0,1,33,0,3,0,0.0
2023-05-27,2022-23,Bundesliga,M'gladbach,Augsburg,1,3,1,0.2,-0.6,5,-0.25,1,0,1,33,0,1,0,1.0
2023-05-27,2022-23,Bundesliga,Stuttgart,Hoffenheim,2,1,2,0.4,0.6,5,-0.05,0,0,0,33,0,2,1,0.5
2023-05-27,2022-23,Bundesliga,Dortmund,Mainz,4,0,1,0.8,1.2,5,0.35,0,0,1,33,0,7,0,0.5
2023-05-27,2022-23,Bundesliga,Union Berlin,Werder Bremen,3,0,0,1.0,1.666667,3,0.55,0,1,0,33,0,0,1,1.0
2023-05-27,2022-23,SerieA,Salernitana,Udinese,1,1,1,0.333333,-1.0,3,-0.116667,0,0,1,36,0,2,0,1.0
2023-05-27,2022-23,SerieA,Spezia,Torino,3,1,1,0.6,0.8,5,0.15,0,0,0,36,0,2,4,0.0
2023-05-27,2022-23,SerieA,Fiorentina,Roma,1,4,0,0.2,-1.0,5,-0.25,1,0,0,36,0,2,2,1.0
2023-05-27,2022-23,SerieA,Inter,Atalanta,2,0,3,0.4,0.4,5,-0.05,0,1,0,36,0,0,1,1.0
2023-05-28,2022-23,EPL,Aston Villa,Brighton,3,1,1,0.6,0.8,5,0.15,0,0,0,37,0,2,2,1.0
2023-05-28,2022-23,LaLiga,Ath Madrid,Sociedad,3,0,2,0.6,0.8,5,0.15,0,0,0,36,0,2,7,1.0
2023-05-28,2022-23,LaLiga,Barcelona,Mallorca,3,0,0,1.0,1.0,3,0.55,0,1,0,36,0,0,1,1.0
2023-05-28,2022-23,LaLiga,Cadiz,Celta,1,2,2,0.2,-1.2,5,-0.25,1,1,0,36,0,0,1,1.0
2023-05-28,2022-23,LaLiga,Getafe,Osasuna,3,0,2,0.6,0.8,5,0.15,0,0,0,36,0,2,1,1.0
2023-05-28,2022-23,LaLiga,Girona,Betis,0,1,0,0.0,-1.0,1,-0.45,1,0,1,36,0,1,0,0.0
2023-05-28,2022-23,LaLiga,Valencia,Espanol,0,1,2,0.0,-0.333333,3,-0.45,0,1,0,36,0,0,2,0.5
2023-05-28,2022-23,LaLiga,Vallecano,Villarreal,1,2,0,0.333333,-1.666667,3,-0.116667,0,1,0,36,0,0,6,1.0
2023-05-28,2022-23,EPL,Arsenal,Wolves,3,2,0,0.6,0.4,5,0.15,0,1,0,37,0,0,1,1.0
2023-05-28,2022-23,LaLiga,Ath Bilbao,Elche,3,1,1,0.6,0.6,5,0.15,0,1,0,36,0,0,3,0.0
2023-05-28,2022-23,SerieA,Lazio,Cremonese,1,0,0,1.0,4.0,1,0.55,0,0,1,36,0,2,0,1.0
2023-05-28,2022-23,SerieA,Monza,Lecce,0,0,1,0.0,0.0,1,-0.45,0,0,0,36,0,8,2,0.0
2023-05-28,2022-23,SerieA,Juventus,Milan,1,2,2,0.2,-0.6,5,-0.25,1,1,0,36,0,0,1,0.0
2023-05-28,2022-23,SerieA,Verona,Empoli,1,0,2,0.333333,0.333333,3,-0.116667,0,1,0,36,0,0,4,0.5
2023-05-28,2022-23,EPL,Brentford,Man City,1,2,0,0.333333,-0.666667,3,-0.116667,0,0,0,37,0,2,15,1.0
2023-05-28,2022-23,EPL,Chelsea,Newcastle,4,1,0,0.8,1.4,5,0.35,1,1,0,37,0,0,3,0.5
2023-05-28,2022-23,EPL,Crystal Palace,Nott'm Forest,0,1,0,0.0,-1.0,1,-0.45,1,0,0,37,0,2,3,0.5
2023-05-28,2022-23,EPL,Everton,Bournemouth,0,1,0,0.0,-3.0,1,-0.45,1,0,1,37,0,1,0,1.0
2023-05-28,2022-23,EPL,Leeds,Tottenham,1,4,0,0.2,-1.4,5,-0.25,1,1,1,37,0,0,0,0.0
2023-05-28,2022-23,EPL,Leicester,West Ham,1,3,1,0.2,-1.0,5,-0.25,0,0,0,37,0,1,1,1.0
2023-05-28,2022-23,EPL,Man United,Fulham,2,0,1,0.666667,0.666667,3,0.216667,0,0,0,37,0,3,3,1.0
2023-05-28,2022-23,SerieA,Bologna,Napoli,0,5,0,0.0,-1.8,5,-0.45,1,0,0,36,0,3,1,0.5
2023-05-28,2022-23,EPL,Southampton,Liverpool,1,4,0,0.2,-1.6,5,-0.25,1,1,0,37,0,0,10,0.5
2023-05-28,2022-23,LaLiga,Almeria,Valladolid,0,1,0,0.0,-1.0,1,-0.45,1,1,0,36,0,0,1,0.5
2023-06-02,2022-23,SerieA,Sassuolo,Fiorentina,2,1,2,0.4,0.4,5,-0.05,1,0,0,37,0,1,3,0.0
2023-06-03,2022-23,Ligue1,Reims,Montpellier,1,0,4,0.2,0.8,5,-0.25,0,1,1,37,0,0,0,0.0
2023-06-03,2022-23,Ligue1,Paris SG,Clermont,3,0,0,1.0,4.666667,3,0.55,0,0,0,37,0,4,1,0.0
2023-06-03,2022-23,Ligue1,Auxerre,Lens,0,1,0,0.0,-1.0,1,-0.45,1,0,0,37,0,1,6,0.0
2023-06-03,2022-23,Ligue1,Nice,Lyon,2,2,1,0.4,-0.6,5,-0.05,0,0,0,37,0,2,2,1.0
2023-06-03,2022-23,Ligue1,Nantes,Angers,2,0,3,0.4,1.0,5,-0.05,0,1,0,37,0,0,2,1.0
2023-06-03,2022-23,Ligue1,Monaco,Toulouse,1,0,0,1.0,2.0,1,0.55,0,1,0,37,0,0,4,0.0
2023-06-03,2022-23,Ligue1,Lorient,Strasbourg,1,1,3,0.2,-0.4,5,-0.25,0,1,0,37,0,0,4,1.0
2023-06-03,2022-23,Ligue1,Brest,Rennes,0,4,1,0.0,-1.2,5,-0.45,1,0,0,37,0,3,3,0.0
2023-06-03,2022-23,Ligue1,Troyes,Lille,1,2,0,0.333333,-0.666667,3,-0.116667,1,1,0,37,0,0,3,0.5
2023-06-03,2022-23,Ligue1,Ajaccio,Marseille,1,0,0,1.0,1.0,1,0.55,0,1,1,37,0,0,0,1.0
2023-06-03,2022-23,SerieA,Torino,Inter,0,4,1,0.0,-1.0,5,-0.45,1,0,0,37,0,5,1,0.0
2023-06-03,2022-23,SerieA,Cremonese,Salernitana,0,0,1,0.0,0.0,1,-0.45,0,1,0,37,0,0,3,1.0
2023-06-03,2022-23,SerieA,Empoli,Lazio,0,1,2,0.0,-0.666667,3,-0.45,0,0,0,37,0,5,3,0.0
2023-06-04,2022-23,LaLiga,Mallorca,Vallecano,2,1,0,0.666667,0.333333,3,0.216667,0,1,0,37,0,0,1,1.0
2023-06-04,2022-23,LaLiga,Valladolid,Getafe,3,0,0,1.0,1.0,3,0.55,0,0,0,37,0,2,3,0.5
2023-06-04,2022-23,LaLiga,Espanol,Almeria,0,1,0,0.0,-2.0,1,-0.45,1,0,0,37,0,3,1,0.5
2023-06-04,2022-23,SerieA,Udinese,Juventus,0,4,1,0.0,-1.4,5,-0.45,1,1,1,37,0,0,0,0.0
2023-06-04,2022-23,LaLiga,Elche,Cadiz,2,1,2,0.4,0.2,5,-0.05,0,0,0,37,0,4,1,0.5
2023-06-04,2022-23,LaLiga,Celta,Barcelona,1,3,1,0.2,-1.0,5,-0.25,1,1,0,37,0,0,1,1.0
2023-06-04,2022-23,LaLiga,Betis,Valencia,3,1,1,0.6,1.0,5,0.15,1,0,0,37,0,1,1,0.5
2023-06-04,2022-23,LaLiga,Villarreal,Ath Madrid,1,1,3,0.2,0.0,5,-0.25,0,1,0,37,0,0,3,0.5
2023-06-04,2022-23,LaLiga,Sociedad,Sevilla,1,2,2,0.2,-0.2,5,-0.25,0,1,1,37,0,0,0,1.0
2023-06-04,2022-23,LaLiga,Real Madrid,Ath Bilbao,5,0,0,1.0,1.4,5,0.55,0,0,1,37,0,2,0,0.5
2023-06-04,2022-23,LaLiga,Osasuna,Girona,0,0,1,0.0,0.0,1,-0.45,0,1,1,37,0,0,0,1.0
2023-06-04,2022-23,SerieA,Milan,Verona,4,0,1,0.8,1.2,5,0.35,0,0,0,37,0,2,1,1.0
2023-06-04,2022-23,SerieA,Lecce,Bologna,0,1,0,0.0,-2.0,1,-0.45,1,0,0,37,0,3,4,0.0
2023-06-04,2022-23,SerieA,Atalanta,Monza,1,0,0,1.0,2.0,1,0.55,0,1,1,37,0,0,0,1.0
2023-06-04,2022-23,SerieA,Napoli,Sampdoria,5,0,0,1.0,2.0,5,0.55,0,0,0,37,0,2,1,1.0
2023-06-04,2022-23,SerieA,Roma,Spezia,4,0,1,0.8,1.2,5,0.35,0,1,1,37,0,0,0,1.0
2023-08-11,2023-24,LaLiga,Almeria,Vallecano,1,1,0,0.5,0.0,2,0.05,1,0,1,0,1,2,0,0.0
2023-08-11,2023-24,Ligue1,Nice,Lille,3,2,1,0.5,0.333333,6,0.05,0,0,0,0,1,3,4,0.5
2023-08-11,2023-24,EPL,Burnley,Man City,0,4,0,0.0,-2.75,4,-0.45,1,1,1,0,1,0,0,0.0
2023-08-11,2023-24,LaLiga,Sevilla,Valencia,4,0,2,0.666667,1.0,6,0.216667,0,1,0,0,1,0,2,0.0
2023-08-12,2023-24,LaLiga,Sociedad,Girona,1,0,1,0.5,1.0,2,0.05,0,0,1,0,1,1,0,0.5
2023-08-12,2023-24,EPL,Sheffield United,Crystal Palace,0,2,0,0.0,-2.0,2,-0.45,1,0,0,0,1,1,3,0.0
2023-08-12,2023-24,EPL,Everton,Fulham,1,2,1,0.25,-0.75,4,-0.2,1,0,1,0,1,2,0,0.0
2023-08-12,2023-24,EPL,Brighton,Luton,0,0,0,0.45,0.0,0,0.0,0,1,0,0,1,0,0,1.0
2023-08-12,2023-24,EPL,Arsenal,Nott'm Forest,1,1,0,0.5,2.0,2,0.05,1,0,0,0,1,1,4,1.0
2023-08-12,2023-24,LaLiga,Las Palmas,Mallorca,0,0,0,0.45,0.0,0,0.0,0,0,0,0,1,0,1,0.5
2023-08-12,2023-24,LaLiga,Ath Bilbao,Real Madrid,0,5,1,0.0,-1.166667,6,-0.45,0,0,0,0,1,1,3,0.0
2023-08-12,2023-24,Ligue1,Paris SG,Lorient,3,2,1,0.5,0.666667,6,0.05,1,1,0,0,1,0,1,0.5
2023-08-12,2023-24,Ligue1,Marseille,Reims,4,0,2,0.666667,1.166667,6,0.216667,0,1,1,0,1,0,0,1.0
2023-08-12,2023-24,EPL,Newcastle,Aston Villa,2,3,1,0.333333,-0.333333,6,-0.116667,1,0,0,0,1,4,3,1.0
2023-08-12,2023-24,EPL,Bournemouth,West Ham,0,2,0,0.0,-3.0,2,-0.45,1,1,1,0,1,0,0,0.5
2023-08-13,2023-24,LaLiga,Celta,Osasuna,2,2,2,0.333333,0.0,6,-0.116667,0,0,0,0,1,1,1,0.0
2023-08-13,2023-24,LaLiga,Villarreal,Betis,2,2,2,0.333333,0.333333,6,-0.116667,0,0,0,0,1,1,2,0.0
2023-08-13,2023-24,LaLiga,Getafe,Barcelona,1,3,2,0.166667,-0.666667,6,-0.283333,0,0,1,0,1,4,0,0.5
2023-08-13,2023-24,Ligue1,Strasbourg,Lyon,1,4,1,0.166667,-1.0,6,-0.283333,1,1,1,0,1,0,0,1.0
2023-08-13,2023-24,EPL,Brentford,Tottenham,1,1,2,0.25,0.0,4,-0.2,0,0,0,0,1,3,1,0.5
2023-08-13,2023-24,Ligue1,Brest,Lens,2,2,2,0.333333,0.5,6,-0.116667,0,1,0,0,1,0,7,1.0
2023-08-13,2023-24,Ligue1,Clermont,Monaco,0,3,1,0.0,-2.0,4,-0.45,1,0,1,0,1,2,0,0.0
2023-08-13,2023-24,Ligue1,Rennes,Metz,4,0,0,1.0,2.75,4,0.55,0,0,1,0,1,4,0,1.0
2023-08-13,2023-24,Ligue1,Montpellier,Le Havre,0,0,0,0.45,0.0,0,0.0,0,0,0,0,1,1,0,0.5
2023-08-13,2023-24,EPL,Chelsea,Liverpool,1,1,4,0.166667,-0.166667,6,-0.283333,0,0,0,0,1,1,11,0.5
2023-08-13,2023-24,Ligue1,Nantes,Toulouse,1,0,1,0.5,1.0,2,0.05,0,0,0,0,1,1,5,0.0
2023-08-14,2023-24,LaLiga,Ath Madrid,Granada,2,1,1,0.5,1.25,4,0.05,0,0,0,0,1,4,1,1.0
2023-08-14,2023-24,LaLiga,Cadiz,Alaves,2,1,1,0.5,0.25,4,0.05,0,0,1,0,1,2,0,1.0
2023-08-14,2023-24,EPL,Man United,Wolves,5,1,0,0.833333,0.833333,6,0.383333,0,0,1,0,1,4,0,1.0
2023-08-18,2023-24,Bundesliga,Werder Bremen,Bayern Munich,0,3,1,0.0,-2.0,4,-0.45,1,1,0,0,1,0,1,0.0
2023-08-18,2023-24,LaLiga,Valencia,Las Palmas,0,0,0,0.45,0.0,0,0.0,0,0,0,1,1,3,1,1.0
2023-08-18,2023-24,EPL,Nott'm Forest,Sheffield United,0,0,0,0.45,0.0,0,0.0,0,1,1,1,1,0,0,1.0
2023-08-18,2023-24,LaLiga,Mallorca,Villarreal,2,1,1,0.5,0.25,4,0.05,0,0,1,1,1,2,0,0.0
2023-08-18,2023-24,Ligue1,Metz,Marseille,0,1,3,0.0,-0.25,4,-0.45,1,1,0,1,1,0,1,0.5
2023-08-19,2023-24,LaLiga,Almeria,Real Madrid,0,2,0,0.0,-1.5,2,-0.45,1,1,0,1,1,0,4,0.0
2023-08-19,2023-24,Ligue1,Lyon,Montpellier,4,2,0,0.666667,0.666667,6,0.216667,0,1,0,1,1,0,2,0.0
2023-08-19,2023-24,Ligue1,Toulouse,Paris SG,0,2,0,0.0,-2.0,2,-0.45,1,0,0,1,1,6,1,0.5
2023-08-19,2023-24,LaLiga,Sociedad,Celta,5,0,1,0.833333,1.333333,6,0.383333,0,0,1,1,1,2,0,0.5
2023-08-19,2023-24,LaLiga,Osasuna,Ath Bilbao,2,2,2,0.333333,-0.166667,6,-0.116667,0,0,1,1,1,2,0,0.0
2023-08-19,2023-24,EPL,Liverpool,Bournemouth,1,1,0,0.5,4.0,2,0.05,1,0,0,1,1,12,1,1.0
2023-08-19,2023-24,EPL,Wolves,Brighton,2,3,1,0.333333,-1.333333,6,-0.116667,1,1,0,1,1,0,1,0.0
2023-08-19,2023-24,Bundesliga,Dortmund,FC Koln,2,2,2,0.333333,0.833333,6,-0.116667,0,0,1,0,1,8,0,1.0
2023-08-19,2023-24,Bundesliga,Wolfsburg,Heidenheim,0,0,0,0.45,0.0,0,0.0,0,1,0,0,1,0,0,1.0
2023-08-19,2023-24,Bundesliga,Stuttgart,Bochum,2,0,2,0.5,1.0,4,0.05,0,0,0,0,1,3,3,1.0
2023-08-19,2023-24,Bundesliga,Leverkusen,RB Leipzig,2,3,1,0.333333,0.0,6,-0.116667,0,1,0,0,1,0,5,1.0
2023-08-19,2023-24,Bundesliga,Hoffenheim,Freiburg,1,3,2,0.166667,-0.5,6,-0.283333,1,0,1,0,1,2,0,0.0
2023-08-19,2023-24,Bundesliga,Augsburg,M'gladbach,3,2,1,0.5,0.166667,6,0.05,1,1,0,0,1,0,2,0.5
2023-08-19,2023-24,EPL,Fulham,Brentford,1,1,0,0.5,0.0,2,0.05,1,0,0,1,1,1,4,0.0
2023-08-19,2023-24,SerieA,Empoli,Verona,0,1,3,0.0,-0.25,4,-0.45,0,1,1,0,1,0,0,0.0
2023-08-19,2023-24,SerieA,Inter,Monza,0,1,1,0.0,-0.5,2,-0.45,1,0,1,0,1,2,0,1.0
2023-08-19,2023-24,EPL,Tottenham,Man United,1,4,1,0.166667,-0.5,6,-0.283333,0,0,0,1,1,2,5,1.0
2023-08-19,2023-24,EPL,Man City,Newcastle,5,0,1,0.833333,2.333333,6,0.383333,0,0,0,1,1,1,5,1.0
2023-08-19,2023-24,SerieA,Frosinone,Napoli,0,0,0,0.45,0.0,0,0.0,0,0,0,0,1,0,3,0.0
2023-08-19,2023-24,SerieA,Genoa,Fiorentina,0,2,2,0.0,-1.75,4,-0.45,1,1,0,0,1,0,4,0.0
2023-08-20,2023-24,Ligue1,Le Havre,Brest,0,0,0,0.45,0.0,0,0.0,0,0,0,1,1,1,1,0.0
2023-08-20,2023-24,Bundesliga,Ein Frankfurt,Darmstadt,0,0,0,0.45,0.0,0,0.0,0,0,0,0,1,3,0,1.0
2023-08-20,2023-24,Bundesliga,Union Berlin,Mainz,4,1,1,0.666667,1.166667,6,0.216667,0,0,0,0,1,1,1,1.0
2023-08-20,2023-24,EPL,West Ham,Chelsea,1,4,1,0.166667,-0.833333,6,-0.283333,0,0,0,1,1,1,2,1.0
2023-08-20,2023-24,LaLiga,Girona,Getafe,1,1,0,0.5,0.5,2,0.05,1,0,0,1,1,1,5,1.0
2023-08-20,2023-24,LaLiga,Barcelona,Cadiz,2,2,2,0.333333,0.666667,6,-0.116667,0,0,0,1,1,1,3,1.0
2023-08-20,2023-24,LaLiga,Betis,Ath Madrid,0,5,1,0.0,-1.5,6,-0.45,1,0,0,1,1,3,5,0.5
2023-08-20,2023-24,Ligue1,Lorient,Nice,1,2,3,0.166667,-0.166667,6,-0.283333,0,0,0,1,1,2,4,0.5
2023-08-20,2023-24,SerieA,Udinese,Juventus,0,5,1,0.0,-1.333333,6,-0.45,1,1,0,0,1,0,1,0.0
2023-08-20,2023-24,SerieA,Sassuolo,Atalanta,2,3,1,0.333333,-0.666667,6,-0.116667,0,1,0,0,1,0,1,0.0
2023-08-20,2023-24,SerieA,Roma,Salernitana,3,0,1,0.75,1.5,4,0.3,0,0,1,0,1,1,0,0.5
2023-08-20,2023-24,EPL,Aston Villa,Everton,5,0,1,0.833333,1.333333,6,0.383333,0,1,1,1,1,0,0,1.0
2023-08-20,2023-24,Ligue1,Lens,Rennes,4,0,2,0.666667,0.833333,6,0.216667,0,1,0,1,1,0,5,0.5
2023-08-20,2023-24,Ligue1,Monaco,Strasbourg,3,2,1,0.5,0.166667,6,0.05,0,0,0,1,1,1,1,1.0
2023-08-20,2023-24,Ligue1,Reims,Clermont,1,2,1,0.25,-0.5,4,-0.2,1,1,1,1,1,0,0,1.0
2023-08-20,2023-24,SerieA,Lecce,Lazio,1,0,1,0.5,0.5,2,0.05,0,1,0,0,1,0,4,1.0
2023-08-20,2023-24,Ligue1,Lille,Nantes,4,0,2,0.666667,1.0,6,0.216667,0,0,1,1,1,5,0,1.0
2023-08-21,2023-24,EPL,Crystal Palace,Arsenal,1,3,2,0.166667,-0.666667,6,-0.283333,1,0,0,1,1,4,2,0.0
2023-08-21,2023-24,LaLiga,Granada,Vallecano,0,1,1,0.0,-2.0,2,-0.45,0,1,0,1,1,0,1,0.0
2023-08-21,2023-24,LaLiga,Alaves,Sevilla,0,2,2,0.0,-0.5,4,-0.45,0,1,1,1,1,0,0,1.0
2023-08-21,2023-24,SerieA,Bologna,Milan,0,4,2,0.0,-1.166667,6,-0.45,0,0,0,0,1,5,3,0.0
2023-08-21,2023-24,SerieA,Torino,Cagliari,1,2,1,0.25,-0.25,4,-0.2,1,1,0,0,1,0,1,0.5
2023-08-25,2023-24,LaLiga,Celta,Real Madrid,0,6,0,0.0,-2.166667,6,-0.45,1,0,0,2,1,1,5,0.0
2023-08-25,2023-24,LaLiga,Las Palmas,Sociedad,0,0,0,0.45,0.0,0,0.0,0,1,0,2,1,0,3,0.5
2023-08-25,2023-24,Ligue1,Nantes,Monaco,0,3,3,0.0,-0.833333,6,-0.45,0,1,0,2,1,0,2,0.5
2023-08-25,2023-24,Bundesliga,RB Leipzig,Stuttgart,5,0,1,0.833333,1.666667,6,0.383333,0,1,0,1,1,0,4,1.0
2023-08-25,2023-24,EPL,Chelsea,Luton,0,0,0,0.45,0.0,0,0.0,0,1,1,2,1,0,0,1.0
2023-08-26,2023-24,EPL,Arsenal,Fulham,3,0,1,0.75,1.75,4,0.3,0,0,1,2,1,3,0,0.5
2023-08-26,2023-24,SerieA,Frosinone,Atalanta,0,0,0,0.45,0.0,0,0.0,0,1,0,1,1,0,2,1.0
2023-08-26,2023-24,SerieA,Milan,Torino,4,1,1,0.666667,1.666667,6,0.216667,0,0,0,1,1,4,1,1.0
2023-08-26,2023-24,SerieA,Verona,Roma,1,3,2,0.166667,-0.666667,6,-0.283333,1,0,0,1,1,1,2,1.0
2023-08-26,2023-24,EPL,Bournemouth,Tottenham,1,1,0,0.5,0.0,2,0.05,0,1,0,2,1,0,3,0.0
2023-08-26,2023-24,EPL,Brentford,Crystal Palace,0,0,4,0.0,0.0,4,-0.45,0,0,1,2,1,5,0,0.5
2023-08-26,2023-24,Ligue1,Marseille,Brest,3,2,1,0.5,0.666667,6,0.05,1,0,0,2,1,2,2,1.0
2023-08-26,2023-24,Bundesliga,Darmstadt,Union Berlin,0,0,0,0.45,0.0,0,0.0,0,1,0,1,1,0,2,0.0
2023-08-26,2023-24,Bundesliga,FC Koln,Wolfsburg,2,3,1,0.333333,-0.166667,6,-0.116667,1,1,0,1,1,0,1,0.0
2023-08-26,2023-24,Bundesliga,Freiburg,Werder Bremen,2,0,2,0.5,0.75,4,0.05,0,0,1,1,1,1,0,1.0
2023-08-26,2023-24,Bundesliga,Heidenheim,Hoffenheim,0,0,0,0.45,0.0,0,0.0,0,1,1,1,1,0,0,0.0
2023-08-26,2023-24,Bundesliga,M'gladbach,Leverkusen,0,5,1,0.0,-1.333333,6,-0.45,0,0,0,1,1,3,1,0.0
2023-08-26,2023-24,Ligue1,Paris SG,Lens,2,2,2,0.333333,0.0,6,-0.116667,0,0,0,2,1,2,1,1.0
2023-08-26,2023-24,Bundesliga,Bochum,Dortmund,1,1,2,0.25,-0.5,4,-0.2,0,1,0,1,1,0,9,0.5
2023-08-26,2023-24,EPL,Everton,Wolves,2,3,1,0.333333,-0.166667,6,-0.116667,0,1,1,2,1,0,0,0.0
2023-08-26,2023-24,SerieA,Monza,Empoli,1,1,0,0.5,0.0,2,0.05,0,1,1,1,1,0,0,1.0
2023-08-26,2023-24,EPL,Brighton,West Ham,3,0,3,0.5,1.333333,6,0.05,0,0,0,2,1,2,2,0.0
2023-08-26,2023-24,LaLiga,Sevilla,Girona,0,2,0,0.0,-1.5,2,-0.45,1,1,0,2,1,0,2,0.0
2023-08-26,2023-24,LaLiga,Granada,Mallorca,2,0,0,1.0,3.5,2,0.55,0,1,1,2,1,0,0,1.0
2023-08-26,2023-24,LaLiga,Cadiz,Almeria,0,0,2,0.0,0.0,2,-0.45,0,1,1,2,1,0,0,0.5
2023-08-26,2023-24,EPL,Man United,Nott'm Forest,2,0,0,1.0,2.5,2,0.55,0,1,0,2,1,0,1,1.0
2023-08-27,2023-24,Ligue1,Montpellier,Reims,1,1,4,0.166667,-0.333333,6,-0.283333,0,0,0,2,1,3,1,0.0
2023-08-27,2023-24,Bundesliga,Mainz,Ein Frankfurt,0,3,3,0.0,-1.0,6,-0.45,1,1,0,1,1,0,4,0.5
2023-08-27,2023-24,Ligue1,Strasbourg,Toulouse,0,1,1,0.0,-0.5,2,-0.45,1,1,0,2,1,0,7,1.0
2023-08-27,2023-24,LaLiga,Ath Bilbao,Betis,2,2,2,0.333333,0.5,6,-0.116667,1,0,0,2,1,1,4,1.0
2023-08-27,2023-24,LaLiga,Valencia,Osasuna,3,2,1,0.5,0.333333,6,0.05,0,0,1,2,1,4,0,0.0
2023-08-27,2023-24,LaLiga,Villarreal,Barcelona,1,5,0,0.166667,-1.5,6,-0.283333,1,0,0,2,1,1,2,0.0
2023-08-27,2023-24,Ligue1,Nice,Lyon,3,2,1,0.5,-0.166667,6,0.05,0,0,1,2,1,5,0,0.5
2023-08-27,2023-24,EPL,Newcastle,Liverpool,0,4,2,0.0,-1.0,6,-0.45,1,1,0,2,1,0,13,0.0
2023-08-27,2023-24,EPL,Burnley,Aston Villa,1,1,2,0.25,-0.25,4,-0.2,0,1,0,1,1,0,1,0.0
2023-08-27,2023-24,EPL,Sheffield United,Man City,0,2,0,0.0,-1.0,2,-0.45,1,1,0,2,1,0,2,0.0
2023-08-27,2023-24,Bundesliga,Bayern Munich,Augsburg,4,2,0,0.666667,0.833333,6,0.216667,0,0,0,1,1,2,1,1.0
2023-08-27,2023-24,SerieA,Napoli,Sassuolo,3,1,2,0.5,1.5,6,0.05,0,0,1,1,1,4,0,1.0
2023-08-27,2023-24,Ligue1,Rennes,Le Havre,0,0,0,0.45,0.0,0,0.0,0,0,1,2,1,6,0,0.5
2023-08-27,2023-24,Ligue1,Clermont,Metz,0,0,2,0.0,0.0,2,-0.45,0,1,0,2,1,0,1,0.0
2023-08-27,2023-24,Ligue1,Lorient,Lille,2,4,0,0.333333,-1.5,6,-0.116667,1,0,0,2,1,3,6,1.0
2023-08-27,2023-24,SerieA,Fiorentina,Lecce,1,0,1,0.5,0.5,2,0.05,0,0,0,1,1,5,1,0.5
2023-08-27,2023-24,SerieA,Juventus,Bologna,4,0,2,0.666667,1.666667,6,0.216667,0,0,1,1,1,2,0,0.5
2023-08-27,2023-24,SerieA,Lazio,Genoa,3,0,1,0.75,1.5,4,0.3,0,1,1,1,1,0,0,0.0
2023-08-28,2023-24,LaLiga,Getafe,Alaves,0,0,4,0.0,0.0,4,-0.45,0,1,0,2,1,0,1,1.0
2023-08-28,2023-24,LaLiga,Vallecano,Ath Madrid,0,3,1,0.0,-1.0,4,-0.45,1,0,0,2,1,2,6,0.0
2023-08-28,2023-24,SerieA,Cagliari,Inter,0,4,0,0.0,-2.25,4,-0.45,1,0,0,1,1,2,3,0.0
2023-08-28,2023-24,SerieA,Salernitana,Udinese,2,1,1,0.5,-0.5,4,0.05,0,0,1,1,1,1,0,0.5
2023-09-01,2023-24,LaLiga,Cadiz,Villarreal,1,2,3,0.166667,-0.333333,6,-0.283333,1,0,1,3,1,1,0,1.0
2023-09-01,2023-24,EPL,Luton,West Ham,0,0,0,0.45,0.0,0,0.0,0,1,0,2,1,0,3,0.0
2023-09-01,2023-24,LaLiga,Almeria,Celta,1,0,1,0.5,1.0,2,0.05,0,0,1,3,1,1,0,0.0
2023-09-01,2023-24,Ligue1,Nantes,Marseille,0,5,1,0.0,-1.166667,6,-0.45,1,0,0,3,1,1,3,0.5
2023-09-01,2023-24,SerieA,Roma,Milan,0,3,3,0.0,-0.666667,6,-0.45,0,1,0,2,1,0,5,0.0
2023-09-01,2023-24,SerieA,Sassuolo,Verona,4,2,0,0.666667,0.333333,6,0.216667,1,1,0,2,1,0,2,1.0
2023-09-01,2023-24,Bundesliga,Dortmund,Heidenheim,0,0,0,0.45,0.0,0,0.0,0,0,1,2,1,10,0,0.5
2023-09-02,2023-24,EPL,Brentford,Bournemouth,1,0,1,0.5,1.0,2,0.05,0,0,1,3,1,6,0,0.5
2023-09-02,2023-24,LaLiga,Real Madrid,Getafe,4,1,1,0.666667,0.833333,6,0.216667,0,0,0,3,1,6,1,1.0
2023-09-02,2023-24,LaLiga,Alaves,Valencia,1,1,2,0.25,-0.5,4,-0.2,0,1,1,3,1,0,0,1.0
2023-09-02,2023-24,LaLiga,Betis,Vallecano,3,0,1,0.75,1.0,4,0.3,0,1,1,3,1,0,0,1.0
2023-09-02,2023-24,Ligue1,Monaco,Lens,0,4,2,0.0,-1.833333,6,-0.45,1,0,1,3,1,3,0,1.0
2023-09-02,2023-24,Ligue1,Brest,Rennes,0,5,1,0.0,-1.166667,6,-0.45,1,1,0,3,1,0,7,0.5
2023-09-02,2023-24,EPL,Brighton,Newcastle,2,2,2,0.333333,0.333333,6,-0.116667,1,1,1,3,1,0,0,1.0
2023-09-02,2023-24,EPL,Man City,Fulham,4,0,0,1.0,1.75,4,0.55,0,0,0,3,1,3,1,1.0
2023-09-02,2023-24,EPL,Chelsea,Nott'm Forest,0,0,2,0.0,0.0,2,-0.45,0,0,1,3,1,1,0,0.0
2023-09-02,2023-24,EPL,Burnley,Tottenham,1,3,0,0.25,-1.25,4,-0.2,1,1,0,2,1,0,4,0.0
2023-09-02,2023-24,LaLiga,Sociedad,Granada,3,1,0,0.75,1.0,4,0.3,0,0,0,3,1,4,1,1.0
2023-09-02,2023-24,EPL,Sheffield United,Everton,1,1,0,0.5,0.0,2,0.05,0,1,1,3,1,0,0,0.5
2023-09-02,2023-24,SerieA,Napoli,Lazio,4,2,0,0.666667,1.0,6,0.216667,1,0,1,2,1,5,0,0.0
2023-09-02,2023-24,SerieA,Atalanta,Monza,2,0,0,1.0,2.5,2,0.55,0,1,0,2,1,0,1,1.0
2023-09-02,2023-24,Bundesliga,M'gladbach,Bayern Munich,3,1,2,0.5,-0.5,6,0.05,0,1,0,2,1,0,3,0.0
2023-09-02,2023-24,Bundesliga,Werder Bremen,Mainz,1,2,1,0.25,-0.5,4,-0.2,0,1,0,2,1,0,1,1.0
2023-09-02,2023-24,Bundesliga,Stuttgart,Freiburg,0,6,0,0.0,-1.166667,6,-0.45,1,1,0,2,1,0,2,1.0
2023-09-02,2023-24,Bundesliga,Leverkusen,Darmstadt,0,0,0,0.45,0.0,0,0.0,0,0,1,2,1,2,0,1.0
2023-09-02,2023-24,Bundesliga,Hoffenheim,Wolfsburg,3,3,0,0.5,0.166667,6,0.05,1,0,0,2,1,1,2,1.0
2023-09-02,2023-24,Bundesliga,Augsburg,Bochum,1,3,0,0.25,-0.25,4,-0.2,1,1,0,2,1,0,1,0.5
2023-09-02,2023-24,SerieA,Bologna,Cagliari,2,2,0,0.5,0.25,4,0.05,1,0,1,2,1,1,0,1.0
2023-09-02,2023-24,SerieA,Udinese,Frosinone,0,0,0,0.45,0.0,0,0.0,0,0,0,2,1,1,1,0.5
2023-09-03,2023-24,SerieA,Empoli,Juventus,2,2,0,0.5,-0.25,4,0.05,0,1,0,2,1,0,3,0.0
2023-09-03,2023-24,SerieA,Torino,Genoa,2,1,1,0.5,0.25,4,0.05,1,1,0,2,1,0,1,1.0
2023-09-03,2023-24,SerieA,Inter,Fiorentina,4,1,1,0.666667,0.833333,6,0.216667,1,0,0,2,1,4,6,1.0
2023-09-03,2023-24,Ligue1,Lyon,Paris SG,2,3,1,0.333333,-0.333333,6,-0.116667,0,0,0,3,1,1,3,0.0
2023-09-03,2023-24,Ligue1,Nice,Strasbourg,1,3,2,0.166667,-0.833333,6,-0.283333,1,0,0,3,1,6,1,1.0
2023-09-03,2023-24,Ligue1,Metz,Reims,2,0,2,0.5,0.5,4,0.05,0,0,0,3,1,2,2,0.5
2023-09-03,2023-24,Bundesliga,Union Berlin,RB Leipzig,5,1,0,0.833333,0.666667,6,0.383333,0,0,0,2,1,3,1,0.0
2023-09-03,2023-24,Ligue1,Le Havre,Lorient,0,0,0,0.45,0.0,0,0.0,0,0,0,3,1,1,4,1.0
2023-09-03,2023-24,Ligue1,Toulouse,Clermont,0,2,0,0.0,-1.5,2,-0.45,1,1,1,3,1,0,0,0.5
2023-09-03,2023-24,Bundesliga,Ein Frankfurt,FC Koln,1,2,3,0.166667,-0.333333,6,-0.283333,1,0,1,2,1,5,0,0.5
2023-09-03,2023-24,EPL,Arsenal,Man United,3,2,1,0.5,0.166667,6,0.05,0,0,0,3,1,4,1,1.0
2023-09-03,2023-24,EPL,Crystal Palace,Wolves,4,2,0,0.666667,0.333333,6,0.216667,1,0,0,3,1,1,1,1.0
2023-09-03,2023-24,Ligue1,Lille,Montpellier,5,0,1,0.833333,1.0,6,0.383333,0,1,1,3,1,0,0,1.0
2023-09-03,2023-24,SerieA,Lecce,Salernitana,1,1,0,0.5,0.0,2,0.05,1,0,0,2,1,2,2,1.0
2023-09-03,2023-24,EPL,Liverpool,Aston Villa,4,1,1,0.666667,0.0,6,0.216667,0,0,0,3,1,14,2,1.0
2023-09-03,2023-24,LaLiga,Mallorca,Ath Bilbao,1,1,2,0.25,-0.25,4,-0.2,0,1,0,3,1,0,2,0.5
2023-09-03,2023-24,LaLiga,Girona,Las Palmas,0,0,0,0.45,0.0,0,0.0,0,0,0,3,1,3,1,1.0
2023-09-03,2023-24,LaLiga,Osasuna,Barcelona,0,5,1,0.0,-2.0,6,-0.45,1,0,0,3,1,1,3,0.0
2023-09-15,2023-24,LaLiga,Vallecano,Alaves,1,1,0,0.5,0.5,2,0.05,1,1,0,4,1,0,1,1.0
2023-09-15,2023-24,Bundesliga,Bayern Munich,Leverkusen,4,1,1,0.666667,1.666667,6,0.216667,1,0,0,3,1,4,3,0.5
2023-09-15,2023-24,Ligue1,Paris SG,Nice,4,1,1,0.666667,1.0,6,0.216667,0,0,0,4,1,4,7,0.0
2023-09-16,2023-24,Bundesliga,Mainz,Stuttgart,0,4,2,0.0,-1.5,6,-0.45,1,1,0,3,1,0,1,0.0
2023-09-16,2023-24,Bundesliga,RB Leipzig,Augsburg,4,0,2,0.666667,1.333333,6,0.216667,0,0,0,3,1,2,1,1.0
2023-09-16,2023-24,Bundesliga,Wolfsburg,Union Berlin,2,2,2,0.333333,0.0,6,-0.116667,0,1,1,3,1,0,0,1.0
2023-09-16,2023-24,Bundesliga,Bochum,Ein Frankfurt,2,1,1,0.5,1.0,4,0.05,0,0,0,3,1,2,6,0.5
2023-09-16,2023-24,EPL,Wolves,Liverpool,1,5,0,0.166667,-1.166667,6,-0.283333,1,1,0,4,1,0,15,0.0
2023-09-16,2023-24,SerieA,Juventus,Lazio,3,1,2,0.5,1.0,6,0.05,1,0,0,3,1,4,1,1.0
2023-09-16,2023-24,SerieA,Inter,Milan,2,3,1,0.333333,0.166667,6,-0.116667,0,0,0,3,1,5,6,1.0
2023-09-16,2023-24,SerieA,Genoa,Napoli,1,3,0,0.25,-2.25,4,-0.2,1,1,1,3,1,0,0,0.5
2023-09-16,2023-24,Ligue1,Rennes,Lille,0,3,3,0.0,-0.666667,6,-0.45,1,0,0,4,1,8,1,0.5
2023-09-16,2023-24,Ligue1,Lens,Metz,1,1,2,0.25,0.25,4,-0.2,0,1,0,4,1,0,3,0.0
2023-09-16,2023-24,Bundesliga,FC Koln,Hoffenheim,1,4,1,0.166667,-1.333333,6,-0.283333,0,0,0,3,1,1,2,0.0
2023-09-16,2023-24,EPL,Aston Villa,Crystal Palace,3,2,1,0.5,0.333333,6,0.05,0,1,0,4,1,0,2,1.0
2023-09-16,2023-24,Bundesliga,Freiburg,Dortmund,2,4,0,0.333333,-2.0,6,-0.116667,1,1,0,3,1,0,11,0.0
2023-09-16,2023-24,EPL,Man United,Brighton,3,3,0,0.5,-0.333333,6,0.05,1,1,0,4,1,0,1,0.0
2023-09-16,2023-24,EPL,Newcastle,Brentford,3,0,1,0.75,1.75,4,0.3,0,1,0,4,1,0,7,1.0
2023-09-16,2023-24,EPL,Fulham,Luton,0,0,0,0.45,0.0,0,0.0,0,1,1,4,1,0,0,1.0
2023-09-16,2023-24,LaLiga,Barcelona,Betis,5,1,0,0.833333,1.5,6,0.383333,0,0,0,4,1,4,1,1.0
2023-09-16,2023-24,LaLiga,Celta,Mallorca,1,2,1,0.25,-0.25,4,-0.2,1,0,0,4,1,1,1,0.0
2023-09-16,2023-24,EPL,West Ham,Man City,0,4,2,0.0,-1.166667,6,-0.45,1,0,0,4,1,4,4,0.0
2023-09-16,2023-24,LaLiga,Ath Bilbao,Cadiz,4,2,0,0.666667,1.666667,6,0.216667,0,0,0,4,1,3,2,1.0
2023-09-16,2023-24,EPL,Tottenham,Sheffield United,2,0,0,1.0,3.0,2,0.55,0,0,0,4,1,5,1,1.0
2023-09-16,2023-24,LaLiga,Valencia,Ath Madrid,0,5,1,0.0,-1.333333,6,-0.45,1,1,0,4,1,0,7,1.0
2023-09-17,2023-24,SerieA,Cagliari,Udinese,1,2,1,0.25,-1.75,4,-0.2,1,1,0,3,1,0,2,0.5
2023-09-17,2023-24,SerieA,Frosinone,Sassuolo,0,0,0,0.45,0.0,0,0.0,0,0,0,3,1,2,1,1.0
2023-09-17,2023-24,LaLiga,Getafe,Osasuna,4,0,2,0.666667,0.833333,6,0.216667,0,1,1,4,1,0,0,1.0
2023-09-17,2023-24,Bundesliga,Heidenheim,Werder Bremen,0,0,0,0.45,0.0,0,0.0,0,0,0,3,1,1,1,1.0
2023-09-17,2023-24,Ligue1,Clermont,Nantes,0,2,2,0.0,-0.5,4,-0.45,0,0,0,4,1,1,2,0.0
2023-09-17,2023-24,SerieA,Monza,Lecce,0,1,1,0.0,-0.5,2,-0.45,1,1,0,3,1,0,3,0.5
2023-09-17,2023-24,SerieA,Fiorentina,Atalanta,2,3,1,0.333333,-0.5,6,-0.116667,0,1,0,3,1,0,1,1.0
2023-09-17,2023-24,SerieA,Roma,Empoli,4,0,0,1.0,1.75,4,0.55,0,1,1,3,1,0,0,1.0
2023-09-17,2023-24,EPL,Everton,Arsenal,4,2,0,0.666667,-0.666667,6,0.216667,1,0,0,4,1,1,5,0.0
2023-09-17,2023-24,EPL,Bournemouth,Chelsea,0,2,0,0.0,-2.0,2,-0.45,1,0,1,4,1,1,0,0.5
2023-09-17,2023-24,Ligue1,Lorient,Monaco,1,2,3,0.166667,-0.666667,6,-0.283333,1,1,0,4,1,0,4,0.5
2023-09-17,2023-24,Bundesliga,Darmstadt,M'gladbach,0,0,0,0.45,0.0,0,0.0,0,1,1,3,1,0,0,0.5
2023-09-17,2023-24,Ligue1,Reims,Brest,1,1,4,0.166667,0.0,6,-0.283333,0,0,0,4,1,3,1,0.0
2023-09-17,2023-24,Ligue1,Marseille,Toulouse,2,0,0,1.0,3.0,2,0.55,0,0,0,4,1,4,1,0.5
2023-09-17,2023-24,Ligue1,Lyon,Le Havre,0,0,0,0.45,0.0,0,0.0,0,1,0,4,1,0,2,0.5
2023-09-17,2023-24,LaLiga,Villarreal,Almeria,2,0,0,1.0,1.5,2,0.55,0,1,1,4,1,0,0,1.0
2023-09-17,2023-24,LaLiga,Sevilla,Las Palmas,0,0,0,0.45,0.0,0,0.0,0,1,1,3,1,0,0,1.0
2023-09-17,2023-24,LaLiga,Real Madrid,Sociedad,2,1,3,0.333333,0.5,6,-0.116667,1,0,0,4,1,7,5,1.0
2023-09-17,2023-24,Ligue1,Strasbourg,Montpellier,2,3,1,0.333333,0.166667,6,-0.116667,0,1,1,4,1,0,0,0.5
2023-09-18,2023-24,SerieA,Verona,Bologna,2,2,2,0.333333,0.0,6,-0.116667,0,1,0,3,1,0,2,0.5
2023-09-18,2023-24,SerieA,Salernitana,Torino,0,2,2,0.0,-1.25,4,-0.45,0,1,0,3,1,0,1,0.0
2023-09-18,2023-24,EPL,Nott'm Forest,Burnley,0,0,0,0.45,0.0,0,0.0,0,0,1,4,1,1,0,0.5
2023-09-18,2023-24,LaLiga,Granada,Girona,0,0,0,0.45,0.0,0,0.0,0,1,0,4,1,0,4,0.0
2023-09-22,2023-24,LaLiga,Alaves,Ath Bilbao,1,1,2,0.25,0.0,4,-0.2,0,1,0,5,0,0,4,0.0
2023-09-22,2023-24,Bundesliga,Stuttgart,Darmstadt,0,0,0,0.45,0.0,0,0.0,0,0,0,4,1,2,1,1.0
2023-09-22,2023-24,Ligue1,Monaco,Nice,4,1,1,0.666667,0.166667,6,0.216667,1,0,0,5,0,5,8,0.0
2023-09-22,2023-24,SerieA,Lecce,Genoa,0,0,0,0.45,0.0,0,0.0,0,0,0,4,1,4,1,1.0
2023-09-22,2023-24,SerieA,Salernitana,Frosinone,0,0,0,0.45,0.0,0,0.0,0,1,0,4,1,0,3,0.5
2023-09-23,2023-24,Bundesliga,M'gladbach,RB Leipzig,3,3,0,0.5,-0.166667,6,0.05,1,0,0,4,1,1,3,0.0
2023-09-23,2023-24,Bundesliga,Dortmund,Wolfsburg,5,1,0,0.833333,2.5,6,0.383333,0,0,0,4,1,12,1,1.0
2023-09-23,2023-24,LaLiga,Barcelona,Celta,3,2,1,0.5,0.666667,6,0.05,1,0,1,5,0,5,0,1.0
2023-09-23,2023-24,Bundesliga,Augsburg,Mainz,3,3,0,0.5,-0.333333,6,0.05,1,1,1,4,1,0,0,1.0
2023-09-23,2023-24,Bundesliga,Union Berlin,Hoffenheim,3,1,2,0.5,0.5,6,0.05,1,1,0,4,1,0,3,0.0
2023-09-23,2023-24,LaLiga,Osasuna,Sevilla,2,3,1,0.333333,-0.5,6,-0.116667,0,1,0,5,0,0,1,0.5
2023-09-23,2023-24,LaLiga,Girona,Mallorca,1,0,1,0.5,0.5,2,0.05,0,0,0,5,0,5,2,1.0
2023-09-23,2023-24,Bundesliga,Bayern Munich,Bochum,3,1,0,0.75,3.75,4,0.3,0,0,0,4,1,5,3,1.0
2023-09-23,2023-24,EPL,Man City,Nott'm Forest,1,0,1,0.5,3.0,2,0.05,0,0,0,5,0,5,2,1.0
2023-09-23,2023-24,LaLiga,Almeria,Valencia,1,0,1,0.5,0.5,2,0.05,0,1,0,5,0,0,1,0.5
2023-09-23,2023-24,EPL,Luton,Wolves,0,0,0,0.45,0.0,0,0.0,0,1,1,4,1,0,0,0.5
2023-09-23,2023-24,Ligue1,Nantes,Lorient,4,1,1,0.666667,0.833333,6,0.216667,0,0,0,5,0,3,1,1.0
2023-09-23,2023-24,Ligue1,Brest,Lyon,1,2,3,0.166667,-0.333333,6,-0.283333,0,0,0,5,0,2,1,1.0
2023-09-23,2023-24,SerieA,Milan,Verona,5,0,1,0.833333,1.333333,6,0.383333,0,1,0,4,1,0,1,1.0
2023-09-23,2023-24,SerieA,Sassuolo,Juventus,2,4,0,0.333333,-1.0,6,-0.116667,0,1,0,4,1,0,5,1.0
2023-09-23,2023-24,SerieA,Lazio,Monza,2,0,0,1.0,1.5,2,0.55,0,1,0,4,1,0,1,0.5
2023-09-23,2023-24,Bundesliga,Werder Bremen,FC Koln,0,1,3,0.0,-1.5,4,-0.45,0,1,1,4,1,0,0,1.0
2023-09-23,2023-24,EPL,Crystal Palace,Fulham,1,1,2,0.25,-0.5,4,-0.2,0,1,0,5,0,0,1,0.5
2023-09-23,2023-24,EPL,Burnley,Man United,0,3,1,0.0,-1.25,4,-0.45,0,0,1,4,1,1,0,0.0
2023-09-23,2023-24,EPL,Brentford,Everton,2,1,1,0.5,0.25,4,0.05,1,1,1,5,0,0,0,0.0
2023-09-24,2023-24,Ligue1,Paris SG,Marseille,4,1,1,0.666667,1.0,6,0.216667,0,1,0,5,0,0,5,1.0
2023-09-24,2023-24,Ligue1,Metz,Strasbourg,0,3,1,0.0,-1.5,4,-0.45,1,0,0,5,0,4,1,0.0
2023-09-24,2023-24,Bundesliga,Leverkusen,Heidenheim,0,0,0,0.45,0.0,0,0.0,0,0,0,4,1,4,2,1.0
2023-09-24,2023-24,Ligue1,Lens,Toulouse,2,0,0,1.0,2.0,2,0.55,0,1,0,5,0,0,2,1.0
2023-09-24,2023-24,Ligue1,Montpellier,Rennes,2,4,0,0.333333,-1.0,6,-0.116667,0,0,0,5,0,1,9,0.5
2023-09-24,2023-24,Bundesliga,Ein Frankfurt,Freiburg,3,1,2,0.5,0.666667,6,0.05,0,0,1,4,1,7,0,0.5
2023-09-24,2023-24,SerieA,Empoli,Inter,1,3,0,0.25,-1.5,4,-0.2,1,1,0,4,1,0,6,0.0
2023-09-24,2023-24,Ligue1,Le Havre,Clermont,0,0,0,0.45,0.0,0,0.0,0,0,1,5,0,3,0,1.0
2023-09-24,2023-24,SerieA,Atalanta,Cagliari,3,1,0,0.75,1.0,4,0.3,1,1,0,4,1,0,1,1.0
2023-09-24,2023-24,SerieA,Torino,Roma,1,4,1,0.166667,-0.833333,6,-0.283333,1,0,0,4,1,2,1,0.5
2023-09-24,2023-24,SerieA,Udinese,Fiorentina,3,3,0,0.5,0.333333,6,0.05,1,0,0,4,1,3,1,0.0
2023-09-24,2023-24,LaLiga,Sociedad,Getafe,3,1,2,0.5,0.833333,6,0.05,0,1,0,5,0,0,1,1.0
2023-09-24,2023-24,LaLiga,Vallecano,Villarreal,2,2,0,0.5,-1.0,4,0.05,0,0,0,5,0,1,1,0.5
2023-09-24,2023-24,LaLiga,Betis,Cadiz,3,1,2,0.5,0.166667,6,0.05,1,1,1,5,0,0,0,0.5
2023-09-24,2023-24,LaLiga,Las Palmas,Granada,0,0,0,0.45,0.0,0,0.0,0,1,1,5,0,0,0,1.0
2023-09-24,2023-24,LaLiga,Ath Madrid,Real Madrid,1,3,2,0.166667,-0.666667,6,-0.283333,0,1,0,4,1,0,8,1.0
2023-09-24,2023-24,EPL,Arsenal,Tottenham,4,2,0,0.666667,0.333333,6,0.216667,0,0,0,5,0,6,6,0.5
2023-09-24,2023-24,SerieA,Bologna,Napoli,0,5,1,0.0,-1.5,6,-0.45,0,0,0,4,1,3,1,0.5
2023-09-24,2023-24,EPL,Chelsea,Aston Villa,3,2,1,0.5,0.666667,6,0.05,1,0,0,5,0,1,1,0.0
2023-09-24,2023-24,EPL,Liverpool,West Ham,5,1,0,0.833333,0.833333,6,0.383333,0,0,1,5,0,15,0,1.0
2023-09-24,2023-24,EPL,Sheffield United,Newcastle,1,1,0,0.5,0.0,2,0.05,1,1,0,5,0,0,1,0.0
2023-09-24,2023-24,EPL,Brighton,Bournemouth,2,0,0,1.0,1.5,2,0.55,0,0,0,5,0,2,2,1.0
2023-09-26,2023-24,LaLiga,Sevilla,Almeria,1,1,0,0.5,0.0,2,0.05,0,0,0,5,0,2,1,1.0
2023-09-26,2023-24,LaLiga,Mallorca,Barcelona,0,4,0,0.0,-1.5,4,-0.45,1,1,0,6,0,0,6,0.5
2023-09-26,2023-24,Ligue1,Lille,Reims,3,2,1,0.5,0.166667,6,0.05,1,0,1,5,0,2,0,0.0
2023-09-26,2023-24,SerieA,Juventus,Lecce,2,0,0,1.0,1.0,2,0.55,0,1,0,5,0,0,5,1.0
2023-09-27,2023-24,LaLiga,Valencia,Sociedad,2,0,4,0.333333,0.333333,6,-0.116667,0,0,0,6,0,2,1,0.0
2023-09-27,2023-24,LaLiga,Ath Bilbao,Getafe,1,0,5,0.166667,0.666667,6,-0.283333,0,0,1,6,0,5,0,0.5
2023-09-27,2023-24,LaLiga,Real Madrid,Las Palmas,0,0,0,0.45,0.0,0,0.0,0,1,0,6,0,0,1,1.0
2023-09-27,2023-24,LaLiga,Villarreal,Girona,2,0,0,1.0,1.0,2,0.55,0,0,0,6,0,2,6,0.0
2023-09-27,2023-24,LaLiga,Cadiz,Vallecano,2,2,0,0.5,-0.75,4,0.05,0,0,0,6,0,1,2,0.5
2023-09-27,2023-24,SerieA,Verona,Atalanta,2,4,0,0.333333,-0.5,6,-0.116667,1,1,0,5,0,0,1,0.0
2023-09-27,2023-24,SerieA,Lazio,Torino,1,1,4,0.166667,0.0,6,-0.283333,1,0,0,5,0,1,3,1.0
2023-09-27,2023-24,SerieA,Napoli,Udinese,5,0,1,0.833333,1.833333,6,0.383333,0,0,1,5,0,2,0,1.0
2023-09-27,2023-24,SerieA,Empoli,Salernitana,2,0,2,0.5,0.75,4,0.05,0,1,0,5,0,0,1,1.0
2023-09-27,2023-24,SerieA,Cagliari,Milan,0,3,1,0.0,-1.5,4,-0.45,1,1,0,5,0,0,1,0.0
2023-09-27,2023-24,SerieA,Inter,Sassuolo,5,1,0,0.833333,1.0,6,0.383333,0,0,0,5,0,7,1,0.0
2023-09-28,2023-24,SerieA,Monza,Bologna,1,1,0,0.5,0.0,2,0.05,0,0,0,5,0,2,4,0.5
2023-09-28,2023-24,LaLiga,Osasuna,Ath Madrid,0,6,0,0.0,-1.833333,6,-0.45,1,0,0,6,0,1,1,0.0
2023-09-28,2023-24,LaLiga,Granada,Betis,1,3,0,0.25,-0.5,4,-0.2,1,1,0,6,0,0,1,0.5
2023-09-28,2023-24,LaLiga,Celta,Alaves,4,0,0,1.0,2.25,4,0.55,0,1,1,6,0,0,0,0.5
2023-09-28,2023-24,SerieA,Genoa,Roma,0,3,1,0.0,-1.25,4,-0.45,0,1,0,5,0,0,2,1.0
2023-09-28,2023-24,SerieA,Frosinone,Fiorentina,0,0,0,0.45,0.0,0,0.0,0,0,0,5,0,4,2,0.5
2023-09-29,2023-24,LaLiga,Barcelona,Sevilla,4,0,2,0.666667,1.5,6,0.216667,0,0,0,7,0,7,3,1.0
2023-09-29,2023-24,Ligue1,Strasbourg,Lens,3,2,1,0.5,0.166667,6,0.05,1,0,0,6,0,2,1,0.0
2023-09-29,2023-24,Bundesliga,Hoffenheim,Dortmund,0,5,1,0.0,-0.833333,6,-0.45,1,0,0,5,0,4,13,0.0
2023-09-30,2023-24,Ligue1,Clermont,Paris SG,1,3,0,0.25,-3.25,4,-0.2,0,1,0,6,0,0,1,0.5
2023-09-30,2023-24,Ligue1,Monaco,Marseille,2,3,1,0.333333,-0.166667,6,-0.116667,0,1,1,6,0,0,0,1.0
2023-09-30,2023-24,EPL,Wolves,Man City,0,6,0,0.0,-2.666667,6,-0.45,1,0,0,6,0,1,6,1.0
2023-09-30,2023-24,SerieA,Salernitana,Inter,0,3,1,0.0,-3.0,4,-0.45,0,1,1,6,0,0,0,0.0
2023-09-30,2023-24,EPL,Aston Villa,Brighton,4,1,1,0.666667,0.833333,6,0.216667,0,0,0,6,0,2,3,1.0
2023-09-30,2023-24,EPL,Bournemouth,Arsenal,0,2,0,0.0,-2.0,2,-0.45,1,1,0,6,0,0,7,0.0
2023-09-30,2023-24,EPL,Everton,Luton,0,0,0,0.45,0.0,0,0.0,0,0,0,6,0,1,1,0.0
2023-09-30,2023-24,EPL,Man United,Crystal Palace,2,2,2,0.333333,-0.166667,6,-0.116667,0,0,0,6,0,1,1,0.0
2023-09-30,2023-24,EPL,Newcastle,Burnley,4,0,0,1.0,1.25,4,0.55,0,0,1,6,0,2,0,1.0
2023-09-30,2023-24,EPL,West Ham,Sheffield United,2,0,0,1.0,2.0,2,0.55,0,1,1,6,0,0,0,1.0
2023-09-30,2023-24,EPL,Tottenham,Liverpool,0,4,2,0.0,-0.833333,6,-0.45,1,0,0,6,0,7,15,1.0
2023-09-30,2023-24,SerieA,Milan,Lazio,4,2,0,0.666667,-0.166667,6,0.216667,0,0,0,6,0,2,2,1.0
2023-09-30,2023-24,SerieA,Lecce,Napoli,0,1,1,0.0,-0.5,2,-0.45,1,1,0,6,0,0,3,0.0
2023-09-30,2023-24,LaLiga,Vallecano,Mallorca,1,3,0,0.25,-1.0,4,-0.2,1,0,0,7,0,3,1,0.5
2023-09-30,2023-24,Bundesliga,Heidenheim,Union Berlin,0,0,0,0.45,0.0,0,0.0,0,1,1,5,0,0,0,1.0
2023-09-30,2023-24,Bundesliga,Mainz,Leverkusen,2,3,1,0.333333,-0.5,6,-0.116667,0,1,0,5,0,0,5,0.0
2023-09-30,2023-24,Bundesliga,Wolfsburg,Ein Frankfurt,3,1,2,0.5,0.5,6,0.05,0,1,0,5,0,0,8,1.0
2023-09-30,2023-24,Bundesliga,RB Leipzig,Bayern Munich,1,3,2,0.166667,-0.5,6,-0.283333,0,0,0,5,0,4,6,0.5
2023-09-30,2023-24,Bundesliga,FC Koln,Stuttgart,1,3,2,0.166667,-0.666667,6,-0.283333,1,1,0,5,0,0,3,0.0
2023-09-30,2023-24,LaLiga,Getafe,Villarreal,0,5,1,0.0,-1.0,6,-0.45,1,0,1,7,0,1,0,0.5
2023-09-30,2023-24,Bundesliga,Bochum,M'gladbach,1,3,0,0.25,-1.0,4,-0.2,1,1,1,5,0,0,0,0.0
2023-09-30,2023-24,LaLiga,Girona,Real Madrid,1,0,1,0.5,1.0,2,0.05,0,0,0,7,0,7,1,0.0
2023-09-30,2023-24,LaLiga,Sociedad,Ath Bilbao,2,2,2,0.333333,-0.5,6,-0.116667,1,0,0,7,0,2,6,1.0
2023-10-01,2023-24,Bundesliga,Darmstadt,Werder Bremen,0,0,0,0.45,0.0,0,0.0,0,1,0,5,0,0,1,1.0
2023-10-01,2023-24,Bundesliga,Freiburg,Augsburg,5,0,1,0.833333,2.0,6,0.383333,0,0,0,5,0,1,1,1.0
2023-10-01,2023-24,SerieA,Bologna,Empoli,0,3,1,0.0,-1.25,4,-0.45,1,0,0,6,0,5,1,1.0
2023-10-01,2023-24,SerieA,Udinese,Genoa,1,0,3,0.25,0.25,4,-0.2,0,1,0,6,0,0,1,0.5
2023-10-01,2023-24,SerieA,Atalanta,Juventus,2,1,3,0.333333,0.0,6,-0.116667,1,0,0,6,0,2,1,0.5
2023-10-01,2023-24,SerieA,Roma,Frosinone,0,0,0,0.45,0.0,0,0.0,0,1,0,6,0,0,5,1.0
2023-10-01,2023-24,LaLiga,Alaves,Osasuna,0,3,1,0.0,-1.0,4,-0.45,1,0,1,7,0,1,0,0.0
2023-10-01,2023-24,LaLiga,Betis,Valencia,3,1,2,0.5,0.833333,6,0.05,0,0,1,7,0,2,0,1.0
2023-10-01,2023-24,Ligue1,Lorient,Montpellier,0,4,2,0.0,-1.0,6,-0.45,0,1,0,6,0,0,2,0.0
2023-10-01,2023-24,Ligue1,Toulouse,Metz,0,0,0,0.45,0.0,0,0.0,0,1,1,6,0,0,0,1.0
2023-10-01,2023-24,Ligue1,Nice,Brest,4,2,0,0.666667,0.5,6,0.216667,1,0,0,6,0,9,3,0.5
2023-10-01,2023-24,Ligue1,Le Havre,Lille,0,0,0,0.45,0.0,0,0.0,0,0,1,6,0,4,0,0.0
2023-10-01,2023-24,EPL,Nott'm Forest,Brentford,0,1,1,0.0,-0.5,2,-0.45,1,1,1,6,0,0,0,0.5
2023-10-01,2023-24,LaLiga,Ath Madrid,Cadiz,5,1,0,0.833333,2.166667,6,0.383333,0,0,0,6,0,2,2,1.0
2023-10-01,2023-24,Ligue1,Reims,Lyon,1,2,3,0.166667,-0.833333,6,-0.283333,1,0,1,6,0,1,0,1.0
2023-10-01,2023-24,Ligue1,Rennes,Nantes,4,1,1,0.666667,0.833333,6,0.216667,0,0,0,6,0,10,4,1.0
2023-10-01,2023-24,LaLiga,Almeria,Granada,0,0,0,0.45,0.0,0,0.0,0,1,0,7,0,0,1,0.5
2023-10-02,2023-24,SerieA,Torino,Verona,3,0,3,0.5,0.5,6,0.05,0,1,1,6,0,0,0,0.5
2023-10-02,2023-24,SerieA,Fiorentina,Cagliari,2,0,2,0.5,1.0,4,0.05,0,0,1,6,0,3,0,1.0
2023-10-02,2023-24,EPL,Fulham,Chelsea,1,2,1,0.25,-0.5,4,-0.2,0,0,1,6,0,2,0,0.0
2023-10-02,2023-24,LaLiga,Las Palmas,Celta,0,0,0,0.45,0.0,0,0.0,0,1,0,7,0,0,1,1.0
2023-10-02,2023-24,SerieA,Sassuolo,Monza,0,1,1,0.0,-0.5,2,-0.45,1,0,0,6,0,2,3,0.0
2023-10-03,2023-24,EPL,Luton,Burnley,0,0,0,0.45,0.0,0,0.0,0,0,1,6,0,2,0,0.0
2023-10-06,2023-24,Ligue1,Strasbourg,Nantes,3,1,2,0.5,1.0,6,0.05,0,1,1,7,0,0,0,0.0
2023-10-06,2023-24,SerieA,Empoli,Udinese,1,2,1,0.25,-0.5,4,-0.2,1,1,0,7,0,0,1,0.5
2023-10-06,2023-24,SerieA,Lecce,Sassuolo,0,2,0,0.0,-1.0,2,-0.45,1,1,1,7,0,0,0,0.5
2023-10-06,2023-24,Bundesliga,M'gladbach,Mainz,1,3,2,0.166667,-0.833333,6,-0.283333,1,0,1,6,0,1,0,0.5
2023-10-06,2023-24,LaLiga,Ath Bilbao,Almeria,2,0,0,1.0,2.5,2,0.55,0,1,0,8,0,0,1,1.0
2023-10-07,2023-24,Bundesliga,Augsburg,Darmstadt,0,0,0,0.45,0.0,0,0.0,0,1,0,6,0,0,1,0.0
2023-10-07,2023-24,Bundesliga,RB Leipzig,Bochum,3,1,0,0.75,1.75,4,0.3,1,0,1,6,0,5,0,0.5
2023-10-07,2023-24,Bundesliga,Stuttgart,Wolfsburg,1,4,1,0.166667,-0.5,6,-0.283333,1,0,0,6,0,4,1,1.0
2023-10-07,2023-24,Bundesliga,Werder Bremen,Hoffenheim,1,2,1,0.25,-1.0,4,-0.2,1,1,1,6,0,0,0,0.0
2023-10-07,2023-24,EPL,Crystal Palace,Nott'm Forest,0,1,1,0.0,-0.5,2,-0.45,0,0,0,7,0,2,1,0.5
2023-10-07,2023-24,EPL,Man United,Brentford,3,1,0,0.75,0.5,4,0.3,0,1,0,7,0,0,1,1.0
2023-10-07,2023-24,EPL,Fulham,Sheffield United,1,0,1,0.5,0.5,2,0.05,0,1,1,7,0,0,0,1.0
2023-10-07,2023-24,EPL,Everton,Bournemouth,1,1,0,0.5,-1.0,2,0.05,0,1,1,7,0,0,0,1.0
2023-10-07,2023-24,EPL,Burnley,Chelsea,0,3,1,0.0,-2.25,4,-0.45,1,0,0,7,0,1,1,0.0
2023-10-07,2023-24,EPL,Luton,Tottenham,0,0,0,0.45,0.0,0,0.0,0,1,0,7,0,0,8,0.0
2023-10-07,2023-24,LaLiga,Sevilla,Vallecano,1,1,2,0.25,0.5,4,-0.2,0,1,0,7,0,0,4,0.5
2023-10-07,2023-24,Bundesliga,Dortmund,Union Berlin,4,2,0,0.666667,0.833333,6,0.216667,0,0,1,6,0,14,0,1.0
2023-10-07,2023-24,Ligue1,Metz,Nice,2,1,1,0.5,0.0,4,0.05,1,1,0,7,0,0,10,0.0
2023-10-07,2023-24,SerieA,Inter,Bologna,4,2,0,0.666667,1.833333,6,0.216667,1,0,0,7,0,1,6,0.5
2023-10-07,2023-24,SerieA,Juventus,Torino,4,0,2,0.666667,0.833333,6,0.216667,0,0,0,7,0,2,1,1.0
2023-10-07,2023-24,SerieA,Genoa,Milan,0,3,1,0.0,-1.5,4,-0.45,1,0,0,7,0,2,3,0.0
2023-10-07,2023-24,Ligue1,Reims,Monaco,2,2,2,0.333333,-0.333333,6,-0.116667,0,0,0,7,0,2,1,0.0
2023-10-07,2023-24,LaLiga,Real Madrid,Osasuna,3,0,3,0.5,1.0,6,0.05,0,0,0,8,0,2,1,1.0
2023-10-07,2023-24,LaLiga,Cadiz,Girona,1,0,1,0.5,1.0,2,0.05,0,1,1,8,0,0,0,0.0
2023-10-07,2023-24,LaLiga,Mallorca,Valencia,2,1,1,0.5,0.25,4,0.05,0,0,1,8,0,2,0,0.5
2023-10-08,2023-24,LaLiga,Alaves,Betis,0,4,0,0.0,-1.75,4,-0.45,1,1,0,8,0,0,3,0.5
2023-10-08,2023-24,Ligue1,Marseille,Le Havre,0,0,0,0.45,0.0,0,0.0,0,1,1,7,0,0,0,1.0
2023-10-08,2023-24,Ligue1,Brest,Toulouse,1,0,1,0.5,1.0,2,0.05,0,0,0,7,0,4,1,0.5
2023-10-08,2023-24,Ligue1,Lyon,Lorient,2,1,3,0.333333,0.666667,6,-0.116667,0,1,1,7,0,0,0,0.5
2023-10-08,2023-24,SerieA,Napoli,Fiorentina,4,1,1,0.666667,1.5,6,0.216667,0,0,0,7,0,4,4,0.0
2023-10-08,2023-24,LaLiga,Granada,Barcelona,1,1,2,0.25,-0.75,4,-0.2,0,0,0,8,0,2,8,0.5
2023-10-08,2023-24,LaLiga,Celta,Getafe,2,2,2,0.333333,0.166667,6,-0.116667,1,1,0,8,0,0,2,0.5
2023-10-08,2023-24,Bundesliga,Leverkusen,FC Koln,3,2,1,0.5,1.0,6,0.05,1,0,1,6,0,6,0,1.0
2023-10-08,2023-24,EPL,Wolves,Aston Villa,3,1,2,0.5,0.333333,6,0.05,0,0,0,7,0,2,3,0.5
2023-10-08,2023-24,EPL,Brighton,Liverpool,2,1,3,0.333333,0.333333,6,-0.116667,0,1,1,7,0,0,0,0.5
2023-10-08,2023-24,SerieA,Cagliari,Roma,1,3,0,0.25,-0.5,4,-0.2,1,1,0,7,0,0,1,0.0
2023-10-08,2023-24,SerieA,Lazio,Atalanta,2,2,2,0.333333,-0.166667,6,-0.116667,1,1,0,7,0,0,3,1.0
2023-10-08,2023-24,SerieA,Frosinone,Verona,0,0,0,0.45,0.0,0,0.0,0,1,0,7,0,0,1,1.0
2023-10-08,2023-24,SerieA,Monza,Salernitana,1,1,0,0.5,0.0,2,0.05,1,0,1,7,0,4,0,1.0
2023-10-08,2023-24,LaLiga,Ath Madrid,Sociedad,4,0,2,0.666667,0.833333,6,0.216667,0,0,0,7,0,3,3,1.0
2023-10-08,2023-24,LaLiga,Villarreal,Las Palmas,0,0,0,0.45,0.0,0,0.0,0,0,0,8,0,1,1,0.0
2023-10-08,2023-24,Bundesliga,Bayern Munich,Freiburg,5,0,1,0.833333,1.833333,6,0.383333,0,0,0,6,0,7,2,1.0
2023-10-08,2023-24,Ligue1,Rennes,Paris SG,3,2,1,0.5,0.166667,6,0.05,0,0,0,7,0,11,2,0.0
2023-10-08,2023-24,Ligue1,Lens,Lille,2,3,1,0.333333,-1.0,6,-0.116667,0,0,0,7,0,2,1,0.5
2023-10-08,2023-24,EPL,Arsenal,Man City,0,6,0,0.0,-2.166667,6,-0.45,1,0,1,7,0,8,0,1.0
2023-10-08,2023-24,Bundesliga,Ein Frankfurt,Heidenheim,0,0,0,0.45,0.0,0,0.0,0,1,0,6,0,0,1,1.0
2023-10-08,2023-24,EPL,West Ham,Newcastle,1,3,2,0.166667,-0.833333,6,-0.283333,1,0,0,7,0,1,3,0.5
2023-10-20,2023-24,LaLiga,Osasuna,Granada,2,1,1,0.5,0.5,4,0.05,0,1,0,9,0,0,3,1.0
2023-10-20,2023-24,Bundesliga,Dortmund,Werder Bremen,3,1,0,0.75,1.25,4,0.3,0,0,1,7,0,15,0,1.0
2023-10-20,2023-24,Ligue1,Le Havre,Lens,0,0,0,0.45,0.0,0,0.0,0,1,0,8,0,0,3,0.5
2023-10-21,2023-24,Bundesliga,Darmstadt,RB Leipzig,0,0,0,0.45,0.0,0,0.0,0,0,0,7,0,2,6,0.0
2023-10-21,2023-24,SerieA,Verona,Napoli,1,2,3,0.166667,-0.333333,6,-0.283333,0,1,1,8,0,0,0,0.0
2023-10-21,2023-24,EPL,Sheffield United,Man United,1,1,0,0.5,0.0,2,0.05,0,1,0,8,0,0,1,0.0
2023-10-21,2023-24,Bundesliga,Freiburg,Bochum,3,1,0,0.75,1.25,4,0.3,0,1,0,7,0,0,1,1.0
2023-10-21,2023-24,LaLiga,Celta,Ath Madrid,0,5,1,0.0,-1.5,6,-0.45,1,0,0,9,0,1,4,0.0
2023-10-21,2023-24,SerieA,Sassuolo,Lazio,2,4,0,0.333333,-0.5,6,-0.116667,1,0,0,8,0,1,1,0.0
2023-10-21,2023-24,EPL,Chelsea,Arsenal,1,5,0,0.166667,-1.0,6,-0.283333,1,0,0,8,0,2,9,0.5
2023-10-21,2023-24,Bundesliga,Hoffenheim,Ein Frankfurt,2,3,1,0.333333,-0.333333,6,-0.116667,0,0,0,7,0,1,1,0.0
2023-10-21,2023-24,LaLiga,Sociedad,Mallorca,3,0,1,0.75,1.0,4,0.3,0,1,0,9,0,0,3,1.0
2023-10-21,2023-24,Bundesliga,Wolfsburg,Leverkusen,2,1,3,0.333333,0.166667,6,-0.116667,0,1,0,7,0,0,7,0.0
2023-10-21,2023-24,EPL,Liverpool,Everton,3,1,2,0.5,0.833333,6,0.05,0,0,0,8,0,1,1,1.0
2023-10-21,2023-24,EPL,Bournemouth,Wolves,1,0,1,0.5,0.5,2,0.05,0,1,0,8,0,0,3,0.0
2023-10-21,2023-24,EPL,Brentford,Burnley,1,1,0,0.5,0.0,2,0.05,0,1,1,8,0,0,0,1.0
2023-10-21,2023-24,EPL,Man City,Brighton,4,1,1,0.666667,1.333333,6,0.216667,0,1,0,8,0,0,1,1.0
2023-10-21,2023-24,EPL,Newcastle,Crystal Palace,2,1,3,0.333333,0.333333,6,-0.116667,0,0,0,8,0,4,3,1.0
2023-10-21,2023-24,EPL,Nott'm Forest,Luton,0,0,0,0.45,0.0,0,0.0,0,0,1,8,0,2,0,0.5
2023-10-21,2023-24,Bundesliga,Union Berlin,Stuttgart,3,0,3,0.5,0.833333,6,0.05,0,1,0,7,0,0,5,0.0
2023-10-21,2023-24,SerieA,Torino,Inter,0,5,1,0.0,-1.0,6,-0.45,1,1,0,8,0,0,2,0.0
2023-10-21,2023-24,LaLiga,Sevilla,Real Madrid,0,5,1,0.0,-1.0,6,-0.45,1,0,0,8,0,1,3,0.5
2023-10-21,2023-24,Ligue1,Paris SG,Strasbourg,4,0,2,0.666667,1.666667,6,0.216667,0,0,1,8,0,3,0,1.0
2023-10-21,2023-24,Ligue1,Nice,Marseille,2,3,1,0.333333,0.0,6,-0.116667,0,0,0,8,0,11,1,1.0
2023-10-21,2023-24,Bundesliga,Mainz,Bayern Munich,3,3,0,0.5,-0.5,6,0.05,0,0,0,7,0,1,8,0.0
2023-10-21,2023-24,LaLiga,Getafe,Betis,2,3,1,0.333333,0.0,6,-0.116667,0,0,0,9,0,3,4,0.5
2023-10-22,2023-24,SerieA,Salernitana,Cagliari,0,0,2,0.0,0.0,2,-0.45,0,1,1,8,0,0,0,0.5
2023-10-22,2023-24,SerieA,Bologna,Frosinone,0,0,0,0.45,0.0,0,0.0,0,0,0,8,0,7,1,1.0
2023-10-22,2023-24,LaLiga,Barcelona,Ath Bilbao,5,0,1,0.833333,1.833333,6,0.383333,0,0,0,9,0,9,1,1.0
2023-10-22,2023-24,Bundesliga,Heidenheim,Augsburg,0,0,0,0.45,0.0,0,0.0,0,1,1,7,0,0,0,0.0
2023-10-22,2023-24,LaLiga,Girona,Almeria,1,1,0,0.5,1.5,2,0.05,0,0,1,9,0,1,0,1.0
2023-10-22,2023-24,LaLiga,Las Palmas,Vallecano,0,0,0,0.45,0.0,0,0.0,0,0,0,9,0,2,5,0.0
2023-10-22,2023-24,Bundesliga,FC Koln,M'gladbach,3,2,1,0.5,0.166667,6,0.05,0,1,0,7,0,0,2,1.0
2023-10-22,2023-24,SerieA,Atalanta,Genoa,1,0,3,0.25,0.25,4,-0.2,0,1,1,8,0,0,0,1.0
2023-10-22,2023-24,LaLiga,Villarreal,Alaves,2,2,0,0.5,0.75,4,0.05,1,1,0,9,0,0,1,0.5
2023-10-22,2023-24,SerieA,Milan,Juventus,3,1,2,0.5,0.666667,6,0.05,0,0,0,8,0,4,3,0.0
2023-10-22,2023-24,SerieA,Roma,Monza,1,0,1,0.5,1.5,2,0.05,0,0,0,8,0,2,5,1.0
2023-10-22,2023-24,Ligue1,Monaco,Metz,4,0,0,1.0,2.5,4,0.55,0,0,1,8,0,2,0,1.0
2023-10-22,2023-24,Ligue1,Toulouse,Reims,1,1,0,0.5,-1.0,2,0.05,1,0,1,8,0,2,0,0.5
2023-10-22,2023-24,Ligue1,Nantes,Montpellier,2,3,1,0.333333,-0.166667,6,-0.116667,1,0,0,8,0,1,3,1.0
2023-10-22,2023-24,Ligue1,Lille,Brest,1,2,3,0.166667,-0.333333,6,-0.283333,0,0,0,8,0,2,5,1.0
2023-10-22,2023-24,Ligue1,Lorient,Rennes,2,3,1,0.333333,-1.333333,6,-0.116667,0,0,1,8,0,1,0,1.0
2023-10-22,2023-24,EPL,Aston Villa,West Ham,0,5,1,0.0,-1.333333,6,-0.45,0,0,0,8,0,4,2,1.0
2023-10-22,2023-24,Ligue1,Lyon,Clermont,1,2,1,0.25,-0.25,4,-0.2,1,0,0,8,0,1,1,0.0
2023-10-23,2023-24,LaLiga,Valencia,Cadiz,0,3,3,0.0,-0.5,6,-0.45,1,0,1,9,0,1,0,1.0
2023-10-23,2023-24,SerieA,Fiorentina,Empoli,1,1,2,0.25,0.0,4,-0.2,0,0,0,8,0,5,1,0.0
2023-10-23,2023-24,SerieA,Udinese,Lecce,0,1,1,0.0,-0.5,2,-0.45,1,0,0,8,0,2,1,0.5
2023-10-23,2023-24,EPL,Tottenham,Fulham,3,0,1,0.75,0.75,4,0.3,0,0,0,8,0,9,1,1.0
2023-10-27,2023-24,EPL,Crystal Palace,Tottenham,1,4,1,0.166667,-1.333333,6,-0.283333,1,1,0,9,0,0,10,0.0
2023-10-27,2023-24,LaLiga,Girona,Celta,0,1,1,0.0,-0.5,2,-0.45,0,0,1,10,0,2,0,1.0
2023-10-27,2023-24,Bundesliga,Bochum,Mainz,1,3,0,0.25,-0.75,4,-0.2,1,1,1,8,0,0,0,0.5
2023-10-27,2023-24,Ligue1,Clermont,Nice,3,1,0,0.75,0.5,4,0.3,0,0,0,8,0,2,12,0.0
2023-10-27,2023-24,SerieA,Genoa,Salernitana,0,1,1,0.0,-0.5,2,-0.45,0,1,0,9,0,0,1,1.0
2023-10-28,2023-24,Bundesliga,Bayern Munich,Darmstadt,0,0,0,0.45,0.0,0,0.0,0,0,1,8,0,9,0,1.0
2023-10-28,2023-24,Bundesliga,Stuttgart,Hoffenheim,2,1,3,0.333333,0.5,6,-0.116667,0,0,1,8,0,6,0,0.0
2023-10-28,2023-24,Bundesliga,Werder Bremen,Union Berlin,0,4,0,0.0,-1.5,4,-0.45,1,1,1,8,0,0,0,1.0
2023-10-28,2023-24,Bundesliga,RB Leipzig,FC Koln,1,1,4,0.166667,0.166667,6,-0.283333,0,0,0,8,0,7,1,1.0
2023-10-28,2023-24,LaLiga,Almeria,Las Palmas,0,0,0,0.45,0.0,0,0.0,0,1,1,10,0,0,0,0.0
2023-10-28,2023-24,LaLiga,Barcelona,Real Madrid,2,4,0,0.333333,-0.166667,6,-0.116667,0,0,0,10,0,10,4,0.0
2023-10-28,2023-24,LaLiga,Mallorca,Getafe,1,2,1,0.25,-0.25,4,-0.2,0,1,0,10,0,0,4,0.5
2023-10-28,2023-24,LaLiga,Cadiz,Sevilla,0,5,1,0.0,-1.5,6,-0.45,1,1,0,10,0,0,2,0.5
2023-10-28,2023-24,Bundesliga,Augsburg,Wolfsburg,1,2,3,0.166667,0.0,6,-0.283333,0,0,1,8,0,1,0,1.0
2023-10-28,2023-24,Bundesliga,M'gladbach,Heidenheim,0,0,0,0.45,0.0,0,0.0,0,1,1,8,0,0,0,1.0
2023-10-28,2023-24,SerieA,Juventus,Verona,3,1,2,0.5,0.5,6,0.05,0,0,1,9,0,4,0,1.0
2023-10-28,2023-24,Ligue1,Lens,Nantes,1,1,4,0.166667,0.166667,6,-0.283333,0,0,0,9,0,4,2,1.0
2023-10-28,2023-24,SerieA,Lecce,Torino,0,2,0,0.0,-1.5,2,-0.45,1,0,1,9,0,2,0,0.0
2023-10-28,2023-24,SerieA,Sassuolo,Bologna,2,2,2,0.333333,-0.5,6,-0.116667,0,1,0,9,0,0,8,0.5
2023-10-28,2023-24,Ligue1,Reims,Lorient,2,2,2,0.333333,0.0,6,-0.116667,0,0,0,9,0,1,2,1.0
2023-10-28,2023-24,EPL,Wolves,Newcastle,1,2,3,0.166667,-0.166667,6,-0.283333,1,0,0,9,0,4,5,0.5
2023-10-28,2023-24,EPL,Bournemouth,Burnley,0,0,0,0.45,0.0,0,0.0,0,1,1,9,0,0,0,1.0
2023-10-28,2023-24,EPL,Chelsea,Brentford,1,2,1,0.25,-1.0,4,-0.2,1,0,0,9,0,3,1,0.0
2023-10-28,2023-24,EPL,Arsenal,Sheffield United,2,0,0,1.0,2.0,2,0.55,0,0,1,9,0,10,0,1.0
2023-10-29,2023-24,Ligue1,Montpellier,Toulouse,0,2,0,0.0,-1.5,2,-0.45,1,1,0,8,0,0,3,1.0
2023-10-29,2023-24,Bundesliga,Leverkusen,Freiburg,2,3,1,0.333333,0.0,6,-0.116667,0,0,0,8,0,8,1,1.0
2023-10-29,2023-24,Bundesliga,Ein Frankfurt,Dortmund,1,4,1,0.166667,-1.333333,6,-0.283333,1,0,0,8,0,2,15,0.5
2023-10-29,2023-24,SerieA,Napoli,Milan,3,3,0,0.5,-0.666667,6,0.05,1,0,1,9,0,1,0,0.5
2023-10-29,2023-24,SerieA,Inter,Roma,4,1,1,0.666667,1.333333,6,0.216667,0,0,0,9,0,3,3,1.0
2023-10-29,2023-24,LaLiga,Ath Madrid,Alaves,3,1,0,0.75,1.0,4,0.3,0,0,0,9,0,5,2,1.0
2023-10-29,2023-24,LaLiga,Ath Bilbao,Valencia,2,0,4,0.333333,0.333333,6,-0.116667,0,1,0,10,0,0,2,0.5
2023-10-29,2023-24,Ligue1,Rennes,Strasbourg,4,1,1,0.666667,1.0,6,0.216667,0,1,1,9,0,0,0,0.5
2023-10-29,2023-24,LaLiga,Betis,Osasuna,5,1,0,0.833333,1.333333,6,0.383333,1,0,0,10,0,5,1,1.0
2023-10-29,2023-24,Ligue1,Brest,Paris SG,0,6,0,0.0,-1.833333,6,-0.45,1,1,0,9,0,0,4,0.0
2023-10-29,2023-24,LaLiga,Vallecano,Sociedad,0,3,1,0.0,-1.0,4,-0.45,1,0,0,10,0,6,1,0.5
2023-10-29,2023-24,Ligue1,Lille,Monaco,2,1,3,0.333333,0.166667,6,-0.116667,0,0,0,9,0,3,3,1.0
2023-10-29,2023-24,EPL,Man United,Man City,2,3,1,0.333333,-0.833333,6,-0.116667,0,0,0,9,0,2,1,0.0
2023-10-29,2023-24,EPL,Liverpool,Nott'm Forest,1,1,0,0.5,0.0,2,0.05,0,0,0,9,0,2,3,1.0
2023-10-29,2023-24,EPL,Brighton,Fulham,0,2,2,0.0,-0.5,4,-0.45,1,1,1,9,0,0,0,0.5
2023-10-29,2023-24,EPL,Aston Villa,Luton,0,0,0,0.45,0.0,0,0.0,0,0,0,9,0,5,1,1.0
2023-10-29,2023-24,EPL,West Ham,Everton,4,2,0,0.666667,0.5,6,0.216667,0,1,1,9,0,0,0,0.0
2023-10-29,2023-24,Ligue1,Metz,Le Havre,0,0,0,0.45,0.0,0,0.0,0,1,0,9,0,0,1,0.5
2023-10-29,2023-24,SerieA,Cagliari,Frosinone,0,0,0,0.45,0.0,0,0.0,0,0,1,9,0,1,0,1.0
2023-10-29,2023-24,SerieA,Monza,Udinese,0,1,1,0.0,-0.5,2,-0.45,0,1,0,9,0,0,3,0.5
2023-10-30,2023-24,LaLiga,Granada,Villarreal,0,2,2,0.0,-1.5,4,-0.45,1,1,0,10,0,0,1,0.0
2023-10-30,2023-24,SerieA,Empoli,Atalanta,1,3,0,0.25,-1.25,4,-0.2,1,0,0,9,0,2,1,0.0
2023-10-30,2023-24,SerieA,Lazio,Fiorentina,4,1,1,0.666667,1.166667,6,0.216667,0,0,1,9,0,2,0,1.0
2023-11-03,2023-24,SerieA,Bologna,Lazio,2,3,1,0.333333,0.0,6,-0.116667,0,0,0,10,0,9,3,1.0
2023-11-03,2023-24,Bundesliga,Darmstadt,Bochum,0,0,0,0.45,0.0,0,0.0,0,1,0,9,0,0,1,0.0
2023-11-03,2023-24,LaLiga,Las Palmas,Ath Madrid,0,0,0,0.45,0.0,0,0.0,0,0,0,11,0,1,6,1.0
2023-11-03,2023-24,Ligue1,Paris SG,Montpellier,6,0,0,1.0,2.833333,6,0.55,0,0,0,10,0,5,1,1.0
2023-11-04,2023-24,Bundesliga,Hoffenheim,Leverkusen,1,3,2,0.166667,-0.666667,6,-0.283333,1,0,0,9,0,1,9,0.0
2023-11-04,2023-24,LaLiga,Sociedad,Barcelona,1,5,0,0.166667,-1.833333,6,-0.283333,0,0,1,11,0,2,0,0.0
2023-11-04,2023-24,EPL,Newcastle,Arsenal,1,4,1,0.166667,-1.166667,6,-0.283333,1,0,0,10,0,6,11,1.0
2023-11-04,2023-24,EPL,Man City,Bournemouth,2,0,0,1.0,3.5,2,0.55,0,0,0,10,0,2,1,1.0
2023-11-04,2023-24,EPL,Everton,Brighton,3,2,1,0.5,0.666667,6,0.05,0,0,0,10,0,1,1,0.5
2023-11-04,2023-24,EPL,Burnley,Crystal Palace,2,0,2,0.5,1.0,4,0.05,0,1,1,10,0,0,0,0.0
2023-11-04,2023-24,EPL,Brentford,West Ham,4,0,0,1.0,1.75,4,0.55,0,0,1,10,0,2,0,1.0
2023-11-04,2023-24,EPL,Fulham,Man United,0,3,1,0.0,-0.75,4,-0.45,1,0,1,10,0,1,0,0.0
2023-11-04,2023-24,Ligue1,Marseille,Lille,1,3,2,0.166667,-0.666667,6,-0.283333,1,1,0,9,0,0,4,0.5
2023-11-04,2023-24,Ligue1,Lorient,Lens,1,4,1,0.166667,-1.166667,6,-0.283333,1,1,0,10,0,0,5,0.5
2023-11-04,2023-24,SerieA,Milan,Udinese,2,1,3,0.333333,0.166667,6,-0.116667,1,0,0,10,0,1,4,0.0
2023-11-04,2023-24,SerieA,Atalanta,Inter,0,3,3,0.0,-0.5,6,-0.45,1,0,0,10,0,2,4,0.0
2023-11-04,2023-24,SerieA,Salernitana,Napoli,0,3,1,0.0,-1.5,4,-0.45,0,1,0,10,0,0,2,0.0
2023-11-04,2023-24,Bundesliga,Mainz,RB Leipzig,3,2,1,0.5,0.0,6,0.05,0,0,0,9,0,1,8,1.0
2023-11-04,2023-24,LaLiga,Celta,Sevilla,0,3,3,0.0,-0.666667,6,-0.45,0,1,0,11,0,0,3,0.5
2023-11-04,2023-24,LaLiga,Betis,Mallorca,3,0,1,0.75,0.75,4,0.3,0,0,0,11,0,6,1,1.0
2023-11-04,2023-24,EPL,Sheffield United,Wolves,0,2,0,0.0,-1.5,2,-0.45,1,1,0,10,0,0,5,1.0
2023-11-04,2023-24,Bundesliga,Freiburg,M'gladbach,1,1,4,0.166667,0.833333,6,-0.283333,0,1,0,9,0,0,1,0.5
2023-11-04,2023-24,Bundesliga,Dortmund,Bayern Munich,0,5,1,0.0,-1.333333,6,-0.45,1,0,0,9,0,15,10,0.0
2023-11-04,2023-24,Bundesliga,Union Berlin,Ein Frankfurt,2,3,1,0.333333,-0.333333,6,-0.116667,0,1,0,9,0,0,3,0.0
2023-11-04,2023-24,Bundesliga,FC Koln,Augsburg,4,2,0,0.666667,0.666667,6,0.216667,0,1,0,9,0,0,2,0.5
2023-11-04,2023-24,LaLiga,Osasuna,Girona,1,0,1,0.5,0.5,2,0.05,0,1,0,11,0,0,3,0.0
2023-11-05,2023-24,SerieA,Fiorentina,Juventus,2,2,2,0.333333,0.5,6,-0.116667,1,1,0,10,0,0,5,0.0
2023-11-05,2023-24,Ligue1,Strasbourg,Clermont,2,0,2,0.5,0.75,4,0.05,0,0,1,10,0,1,0,0.5
2023-11-05,2023-24,Ligue1,Toulouse,Le Havre,0,0,0,0.45,0.0,0,0.0,0,1,0,10,0,0,2,0.0
2023-11-05,2023-24,EPL,Nott'm Forest,Aston Villa,0,1,1,0.0,-1.0,2,-0.45,1,1,0,10,0,0,6,1.0
2023-11-05,2023-24,EPL,Luton,Liverpool,0,0,0,0.45,0.0,0,0.0,0,1,0,10,0,0,3,0.5
2023-11-05,2023-24,LaLiga,Alaves,Almeria,0,0,0,0.45,0.0,0,0.0,0,1,1,11,0,0,0,1.0
2023-11-05,2023-24,Ligue1,Monaco,Brest,4,2,0,0.666667,0.5,6,0.216667,0,1,1,10,0,0,0,1.0
2023-11-05,2023-24,Ligue1,Nice,Rennes,3,2,1,0.5,0.166667,6,0.05,0,0,0,10,0,13,1,1.0
2023-11-05,2023-24,SerieA,Roma,Lecce,1,0,1,0.5,0.5,2,0.05,0,1,1,10,0,0,0,1.0
2023-11-05,2023-24,SerieA,Cagliari,Genoa,0,4,0,0.0,-1.0,4,-0.45,1,0,0,10,0,2,1,1.0
2023-11-05,2023-24,SerieA,Verona,Monza,0,1,1,0.0,-1.0,2,-0.45,0,1,0,10,0,0,1,0.0
2023-11-05,2023-24,Bundesliga,Heidenheim,Stuttgart,0,0,0,0.45,0.0,0,0.0,0,1,1,9,0,0,0,1.0
2023-11-05,2023-24,Bundesliga,Wolfsburg,Werder Bremen,2,1,1,0.5,0.5,4,0.05,1,1,0,9,0,0,1,0.5
2023-11-05,2023-24,LaLiga,Valencia,Granada,2,1,1,0.5,0.5,4,0.05,0,0,1,11,0,3,0,1.0
2023-11-05,2023-24,LaLiga,Villarreal,Ath Bilbao,1,2,3,0.166667,0.333333,6,-0.283333,0,0,0,11,0,2,1,0.0
2023-11-05,2023-24,LaLiga,Real Madrid,Vallecano,3,1,0,0.75,0.5,4,0.3,0,0,0,11,0,5,7,0.5
2023-11-05,2023-24,Ligue1,Lyon,Metz,1,2,1,0.25,0.0,4,-0.2,1,1,0,9,0,0,1,0.5
2023-11-05,2023-24,Ligue1,Nantes,Reims,1,5,0,0.166667,-1.166667,6,-0.283333,1,1,0,10,0,0,2,0.0
2023-11-06,2023-24,LaLiga,Getafe,Cadiz,2,1,3,0.333333,0.833333,6,-0.116667,0,0,0,11,0,5,1,1.0
2023-11-06,2023-24,SerieA,Torino,Sassuolo,2,1,3,0.333333,0.166667,6,-0.116667,0,0,0,10,0,1,1,1.0
2023-11-06,2023-24,SerieA,Frosinone,Empoli,0,0,0,0.45,0.0,0,0.0,0,1,1,10,0,0,0,1.0
2023-11-06,2023-24,EPL,Tottenham,Chelsea,1,3,2,0.166667,-0.666667,6,-0.283333,0,0,1,10,0,11,0,0.0
2023-11-10,2023-24,Ligue1,Montpellier,Nice,2,3,1,0.333333,-0.833333,6,-0.116667,1,1,0,10,0,0,14,0.5
2023-11-10,2023-24,Bundesliga,M'gladbach,Wolfsburg,2,0,4,0.333333,0.666667,6,-0.116667,0,0,0,10,0,2,1,1.0
2023-11-10,2023-24,LaLiga,Ath Bilbao,Celta,2,3,1,0.333333,-0.5,6,-0.116667,0,0,0,12,0,2,1,1.0
2023-11-10,2023-24,SerieA,Sassuolo,Salernitana,2,1,1,0.5,0.75,4,0.05,1,1,1,11,0,0,0,0.5
2023-11-10,2023-24,SerieA,Genoa,Verona,0,1,3,0.0,-0.25,4,-0.45,1,1,1,11,0,0,0,1.0
2023-11-11,2023-24,LaLiga,Almeria,Sociedad,0,2,0,0.0,-1.5,2,-0.45,1,1,1,12,0,0,0,0.0
2023-11-11,2023-24,LaLiga,Granada,Getafe,1,1,2,0.25,-0.25,4,-0.2,1,1,0,12,0,0,6,0.5
2023-11-11,2023-24,LaLiga,Osasuna,Las Palmas,0,0,0,0.45,0.0,0,0.0,0,1,0,12,0,0,2,0.5
2023-11-11,2023-24,LaLiga,Real Madrid,Valencia,4,2,0,0.666667,0.666667,6,0.216667,1,0,0,12,0,6,4,1.0
2023-11-11,2023-24,SerieA,Monza,Torino,0,1,1,0.0,-0.5,2,-0.45,0,0,0,11,0,2,2,0.5
2023-11-11,2023-24,SerieA,Juventus,Cagliari,4,0,0,1.0,1.75,4,0.55,0,0,0,11,0,6,3,1.0
2023-11-11,2023-24,SerieA,Lecce,Milan,0,1,1,0.0,-1.0,2,-0.45,1,1,1,11,0,0,0,0.5
2023-11-11,2023-24,EPL,Bournemouth,Newcastle,0,0,2,0.0,0.0,2,-0.45,0,1,0,11,0,0,7,1.0
2023-11-11,2023-24,Ligue1,Le Havre,Monaco,0,0,0,0.45,0.0,0,0.0,0,0,0,11,0,3,1,0.5
2023-11-11,2023-24,EPL,Crystal Palace,Everton,1,3,2,0.166667,-0.5,6,-0.283333,0,0,0,11,0,1,2,0.0
2023-11-11,2023-24,EPL,Man United,Luton,0,0,0,0.45,0.0,0,0.0,0,0,0,11,0,1,1,1.0
2023-11-11,2023-24,EPL,Wolves,Tottenham,2,3,1,0.333333,-0.166667,6,-0.116667,0,1,1,11,0,0,0,1.0
2023-11-11,2023-24,Bundesliga,Darmstadt,Mainz,0,0,0,0.45,0.0,0,0.0,0,1,0,10,0,0,2,0.5
2023-11-11,2023-24,Bundesliga,Stuttgart,Dortmund,1,4,1,0.166667,-0.833333,6,-0.283333,0,1,1,10,0,0,0,1.0
2023-11-11,2023-24,Bundesliga,Bochum,FC Koln,1,1,2,0.25,0.25,4,-0.2,0,0,0,10,0,2,1,0.5
2023-11-11,2023-24,EPL,Arsenal,Burnley,1,1,2,0.25,0.0,4,-0.2,0,1,1,11,0,0,0,1.0
2023-11-11,2023-24,Ligue1,Reims,Paris SG,0,4,2,0.0,-2.0,6,-0.45,0,0,0,11,0,3,6,0.0
2023-11-11,2023-24,Bundesliga,Bayern Munich,Heidenheim,0,0,0,0.45,0.0,0,0.0,0,0,0,10,0,11,1,1.0
2023-11-11,2023-24,Bundesliga,Augsburg,Hoffenheim,2,4,0,0.333333,-1.166667,6,-0.116667,0,0,1,10,0,3,0,0.5
2023-11-11,2023-24,LaLiga,Vallecano,Girona,0,0,2,0.0,0.0,2,-0.45,0,0,0,12,0,8,4,0.0
2023-11-12,2023-24,SerieA,Napoli,Empoli,2,2,0,0.5,0.5,4,0.05,0,0,1,11,0,3,0,0.0
2023-11-12,2023-24,SerieA,Fiorentina,Bologna,2,2,2,0.333333,0.0,6,-0.116667,1,1,0,11,0,0,10,1.0
2023-11-12,2023-24,SerieA,Lazio,Roma,4,2,0,0.666667,0.166667,6,0.216667,0,1,0,11,0,0,1,0.5
2023-11-12,2023-24,SerieA,Inter,Frosinone,0,0,0,0.45,0.0,0,0.0,0,0,0,11,0,5,1,1.0
2023-11-12,2023-24,Bundesliga,Leverkusen,Union Berlin,1,1,4,0.166667,0.666667,6,-0.283333,0,0,1,10,0,10,0,1.0
2023-11-12,2023-24,Bundesliga,RB Leipzig,Freiburg,4,0,2,0.666667,1.5,6,0.216667,0,1,0,10,0,0,1,1.0
2023-11-12,2023-24,Bundesliga,Werder Bremen,Ein Frankfurt,1,2,1,0.25,-0.5,4,-0.2,1,0,0,10,0,2,4,0.5
2023-11-12,2023-24,SerieA,Udinese,Atalanta,0,2,4,0.0,-0.833333,6,-0.45,0,0,1,11,0,5,0,0.5
2023-11-12,2023-24,LaLiga,Barcelona,Alaves,2,0,2,0.5,1.25,4,0.05,0,0,0,12,0,1,1,1.0
2023-11-12,2023-24,LaLiga,Ath Madrid,Villarreal,1,1,4,0.166667,0.0,6,-0.283333,0,1,1,11,0,0,0,1.0
2023-11-12,2023-24,LaLiga,Sevilla,Betis,3,0,3,0.5,0.666667,6,0.05,0,0,0,11,0,4,7,0.5
2023-11-12,2023-24,EPL,Chelsea,Man City,1,5,0,0.166667,-0.833333,6,-0.283333,1,0,0,11,0,1,3,0.5
2023-11-12,2023-24,EPL,West Ham,Nott'm Forest,1,1,0,0.5,1.5,2,0.05,0,1,0,11,0,0,1,1.0
2023-11-12,2023-24,EPL,Liverpool,Brentford,2,1,1,0.5,0.5,4,0.05,0,0,0,11,0,4,3,1.0
2023-11-12,2023-24,EPL,Brighton,Sheffield United,0,1,1,0.0,-0.5,2,-0.45,1,0,0,11,0,2,1,0.5
2023-11-12,2023-24,EPL,Aston Villa,Fulham,3,1,0,0.75,0.75,4,0.3,0,1,1,11,0,0,0,1.0
2023-11-12,2023-24,Ligue1,Lille,Toulouse,2,0,0,1.0,1.5,2,0.55,0,0,1,11,0,5,0,0.5
2023-11-12,2023-24,Ligue1,Metz,Nantes,1,1,2,0.25,0.0,4,-0.2,0,0,1,11,0,2,0,1.0
2023-11-12,2023-24,Ligue1,Clermont,Lorient,1,2,1,0.25,-0.25,4,-0.2,0,0,0,10,0,1,1,1.0
2023-11-12,2023-24,Ligue1,Lens,Marseille,4,1,1,0.666667,0.333333,6,0.216667,0,0,0,11,0,6,1,1.0
2023-11-12,2023-24,Ligue1,Rennes,Lyon,3,2,1,0.5,0.5,6,0.05,1,1,0,11,0,0,1,0.0
2023-11-24,2023-24,Bundesliga,FC Koln,Bayern Munich,0,5,1,0.0,-1.833333,6,-0.45,1,0,0,11,0,2,12,0.0
2023-11-24,2023-24,Ligue1,Paris SG,Monaco,1,4,1,0.166667,-1.0,6,-0.283333,1,0,0,12,0,7,2,1.0
2023-11-24,2023-24,LaLiga,Alaves,Granada,1,3,0,0.25,-0.25,4,-0.2,1,1,0,13,0,0,1,1.0
2023-11-25,2023-24,Ligue1,Strasbourg,Marseille,0,3,3,0.0,-1.166667,6,-0.45,0,0,1,11,0,2,0,0.5
2023-11-25,2023-24,Bundesliga,Ein Frankfurt,Stuttgart,2,0,4,0.333333,0.5,6,-0.116667,0,0,0,11,0,5,1,0.0
2023-11-25,2023-24,EPL,Newcastle,Chelsea,1,4,1,0.166667,-1.166667,6,-0.283333,0,1,0,12,0,0,2,1.0
2023-11-25,2023-24,EPL,Nott'm Forest,Brighton,1,0,1,0.5,1.0,2,0.05,0,1,0,12,0,0,3,0.0
2023-11-25,2023-24,EPL,Sheffield United,Bournemouth,0,0,0,0.45,0.0,0,0.0,0,0,0,12,0,2,1,0.0
2023-11-25,2023-24,EPL,Brentford,Arsenal,1,2,1,0.25,-0.5,4,-0.2,0,1,0,12,0,0,1,0.0
2023-11-25,2023-24,Bundesliga,Wolfsburg,RB Leipzig,1,3,2,0.166667,-1.0,6,-0.283333,1,1,0,11,0,0,1,1.0
2023-11-25,2023-24,Bundesliga,Werder Bremen,Leverkusen,0,1,3,0.0,-0.25,4,-0.45,1,0,0,11,0,3,11,0.0
2023-11-25,2023-24,Bundesliga,Union Berlin,Augsburg,0,4,2,0.0,-1.0,6,-0.45,1,1,0,11,0,0,4,0.5
2023-11-25,2023-24,Bundesliga,Freiburg,Darmstadt,0,0,0,0.45,0.0,0,0.0,0,1,0,11,0,0,1,0.5
2023-11-25,2023-24,EPL,Man City,Liverpool,2,1,3,0.333333,0.833333,6,-0.116667,0,0,0,12,0,4,5,0.5
2023-11-25,2023-24,SerieA,Milan,Fiorentina,4,2,0,0.666667,0.5,6,0.216667,1,0,0,12,0,1,1,1.0
2023-11-25,2023-24,SerieA,Atalanta,Napoli,2,4,0,0.333333,-0.833333,6,-0.116667,1,0,1,12,0,1,0,0.0
2023-11-25,2023-24,SerieA,Salernitana,Lazio,1,3,0,0.25,-1.5,4,-0.2,1,0,0,12,0,1,1,1.0
2023-11-25,2023-24,EPL,Luton,Crystal Palace,0,0,0,0.45,0.0,0,0.0,0,1,1,12,0,0,0,1.0
2023-11-25,2023-24,EPL,Burnley,West Ham,0,2,2,0.0,-0.5,4,-0.45,0,1,0,12,0,0,1,0.0
2023-11-25,2023-24,Ligue1,Clermont,Lens,0,3,1,0.0,-1.75,4,-0.45,1,0,0,11,0,2,7,0.0
2023-11-25,2023-24,LaLiga,Ath Madrid,Mallorca,1,3,0,0.25,-0.25,4,-0.2,0,0,1,12,0,1,0,1.0
2023-11-25,2023-24,LaLiga,Getafe,Almeria,0,2,0,0.0,-1.0,2,-0.45,1,0,1,13,0,7,0,1.0
2023-11-25,2023-24,LaLiga,Valencia,Celta,5,1,0,0.833333,1.333333,6,0.383333,0,1,1,13,0,0,0,0.5
2023-11-25,2023-24,LaLiga,Vallecano,Barcelona,3,0,1,0.75,0.75,4,0.3,0,1,0,13,0,0,2,0.5
2023-11-25,2023-24,Bundesliga,Dortmund,M'gladbach,3,3,0,0.5,1.166667,6,0.05,0,1,0,11,0,0,3,1.0
2023-11-26,2023-24,Bundesliga,Heidenheim,Bochum,0,0,0,0.45,0.0,0,0.0,0,1,0,11,0,0,3,0.5
2023-11-26,2023-24,Bundesliga,Hoffenheim,Mainz,1,4,1,0.166667,-0.5,6,-0.283333,1,0,0,11,0,1,3,0.5
2023-11-26,2023-24,SerieA,Frosinone,Genoa,0,0,0,0.45,0.0,0,0.0,0,1,0,12,0,0,1,1.0
2023-11-26,2023-24,EPL,Everton,Man United,1,3,2,0.166667,-0.666667,6,-0.283333,1,0,0,12,0,3,2,0.0
2023-11-26,2023-24,EPL,Tottenham,Aston Villa,3,3,0,0.5,0.5,6,0.05,1,1,0,12,0,0,1,0.0
2023-11-26,2023-24,Ligue1,Montpellier,Brest,3,1,2,0.5,2.166667,6,0.05,0,0,1,11,0,1,0,0.0
2023-11-26,2023-24,Ligue1,Nantes,Le Havre,0,0,0,0.45,0.0,0,0.0,0,1,0,12,0,0,4,0.5
2023-11-26,2023-24,SerieA,Juventus,Inter,3,2,1,0.5,0.166667,6,0.05,0,0,0,12,0,7,6,0.5
2023-11-26,2023-24,SerieA,Roma,Udinese,4,1,1,0.666667,0.666667,6,0.216667,0,0,0,12,0,2,6,1.0
2023-11-26,2023-24,SerieA,Empoli,Sassuolo,2,2,0,0.5,-0.75,4,0.05,1,0,0,12,0,1,1,0.0
2023-11-26,2023-24,SerieA,Cagliari,Monza,0,0,0,0.45,0.0,0,0.0,0,1,0,12,0,0,3,0.5
2023-11-26,2023-24,Ligue1,Rennes,Reims,2,2,2,0.333333,0.0,6,-0.116667,0,1,1,12,0,0,0,1.0
2023-11-26,2023-24,Ligue1,Lyon,Lille,1,2,3,0.166667,-0.166667,6,-0.283333,0,0,0,11,0,2,6,0.0
2023-11-26,2023-24,LaLiga,Betis,Las Palmas,0,0,0,0.45,0.0,0,0.0,0,0,0,13,0,8,3,1.0
2023-11-26,2023-24,LaLiga,Cadiz,Real Madrid,1,3,2,0.166667,-0.833333,6,-0.283333,1,1,0,12,0,0,7,0.0
2023-11-26,2023-24,LaLiga,Sociedad,Sevilla,2,2,2,0.333333,0.0,6,-0.116667,0,0,0,13,0,1,5,1.0
2023-11-26,2023-24,LaLiga,Villarreal,Osasuna,3,3,0,0.5,0.666667,6,0.05,0,1,0,13,0,0,1,1.0
2023-11-26,2023-24,Ligue1,Lorient,Metz,2,2,0,0.5,-0.75,4,0.05,0,1,0,12,0,0,3,0.0
2023-11-26,2023-24,Ligue1,Nice,Toulouse,0,0,2,0.0,0.0,2,-0.45,0,0,0,12,0,15,1,1.0
2023-11-27,2023-24,SerieA,Bologna,Torino,1,2,3,0.166667,-0.166667,6,-0.283333,1,1,0,12,0,0,3,1.0
2023-11-27,2023-24,SerieA,Verona,Lecce,2,0,0,1.0,1.5,2,0.55,0,1,0,12,0,0,1,0.5
2023-11-27,2023-24,LaLiga,Girona,Ath Bilbao,2,0,0,1.0,1.0,2,0.55,0,0,0,13,0,5,3,0.5
2023-11-27,2023-24,EPL,Fulham,Wolves,0,2,2,0.0,-0.5,4,-0.45,0,1,0,12,0,0,1,1.0
2023-11-29,2023-24,LaLiga,Mallorca,Cadiz,2,1,1,0.5,0.0,4,0.05,0,1,1,13,0,0,0,0.5
2023-11-29,2023-24,Ligue1,Montpellier,Clermont,2,1,1,0.5,0.25,4,0.05,0,1,1,12,0,0,0,0.5
2023-12-01,2023-24,SerieA,Monza,Juventus,2,0,0,1.0,1.5,2,0.55,0,0,0,13,0,4,8,0.0
2023-12-01,2023-24,Ligue1,Reims,Strasbourg,2,1,3,0.333333,0.0,6,-0.116667,1,1,0,13,0,0,3,1.0
2023-12-01,2023-24,Bundesliga,Darmstadt,FC Koln,0,0,0,0.45,0.0,0,0.0,0,0,1,12,0,2,0,0.0
2023-12-01,2023-24,LaLiga,Las Palmas,Getafe,0,0,0,0.45,0.0,0,0.0,0,1,0,14,0,0,8,1.0
2023-12-02,2023-24,Bundesliga,M'gladbach,Hoffenheim,3,2,1,0.5,1.166667,6,0.05,0,1,0,12,0,0,2,1.0
2023-12-02,2023-24,SerieA,Genoa,Empoli,0,0,2,0.0,0.0,2,-0.45,0,1,1,13,0,0,0,0.5
2023-12-02,2023-24,EPL,Arsenal,Wolves,4,2,0,0.666667,1.166667,6,0.216667,0,0,1,13,0,2,0,1.0
2023-12-02,2023-24,EPL,Brentford,Luton,0,0,0,0.45,0.0,0,0.0,0,1,0,13,0,0,1,1.0
2023-12-02,2023-24,EPL,Burnley,Sheffield United,1,1,0,0.5,0.0,2,0.05,1,1,1,13,0,0,0,1.0
2023-12-02,2023-24,EPL,Nott'm Forest,Everton,0,0,2,0.0,0.0,2,-0.45,0,1,1,13,0,0,0,0.0
2023-12-02,2023-24,EPL,Newcastle,Man United,1,3,2,0.166667,-1.0,6,-0.283333,0,0,0,13,0,1,3,1.0
2023-12-02,2023-24,Bundesliga,Bochum,Wolfsburg,1,3,0,0.25,-2.0,4,-0.2,1,0,0,12,0,4,1,1.0
2023-12-02,2023-24,Ligue1,Nantes,Nice,0,4,2,0.0,-0.833333,6,-0.45,0,0,0,13,0,1,15,1.0
2023-12-02,2023-24,Ligue1,Lens,Lyon,1,3,2,0.166667,-0.333333,6,-0.283333,1,0,1,13,0,8,0,1.0
2023-12-02,2023-24,LaLiga,Osasuna,Sociedad,0,5,1,0.0,-1.333333,6,-0.45,1,1,0,14,0,0,2,0.5
2023-12-02,2023-24,LaLiga,Real Madrid,Granada,4,0,0,1.0,2.25,4,0.55,0,0,1,14,0,8,0,1.0
2023-12-02,2023-24,LaLiga,Ath Bilbao,Vallecano,2,1,1,0.5,0.25,4,0.05,0,0,0,14,0,4,1,1.0
2023-12-02,2023-24,LaLiga,Girona,Valencia,1,1,0,0.5,0.0,2,0.05,0,0,0,14,0,6,1,1.0
2023-12-02,2023-24,SerieA,Lazio,Cagliari,3,0,1,0.75,1.5,4,0.3,0,1,0,13,0,0,1,1.0
2023-12-02,2023-24,SerieA,Milan,Frosinone,0,0,0,0.45,0.0,0,0.0,0,0,0,13,0,2,1,1.0
2023-12-02,2023-24,Bundesliga,Stuttgart,Werder Bremen,2,1,1,0.5,0.0,4,0.05,1,0,1,12,0,2,0,1.0
2023-12-02,2023-24,Bundesliga,RB Leipzig,Heidenheim,0,0,0,0.45,0.0,0,0.0,0,1,0,12,0,0,1,1.0
2023-12-03,2023-24,SerieA,Fiorentina,Salernitana,2,1,1,0.5,1.0,4,0.05,0,1,0,13,0,0,2,1.0
2023-12-03,2023-24,SerieA,Udinese,Verona,2,2,2,0.333333,-0.333333,6,-0.116667,0,1,0,13,0,0,1,0.5
2023-12-03,2023-24,EPL,Chelsea,Brighton,1,2,3,0.166667,-0.333333,6,-0.283333,1,1,0,13,0,0,4,1.0
2023-12-03,2023-24,SerieA,Lecce,Bologna,0,2,0,0.0,-1.5,2,-0.45,1,0,0,13,0,2,1,0.5
2023-12-03,2023-24,Bundesliga,Augsburg,Ein Frankfurt,0,3,3,0.0,-0.833333,6,-0.45,0,0,1,12,0,5,0,1.0
2023-12-03,2023-24,EPL,Man City,Tottenham,2,4,0,0.333333,0.0,6,-0.116667,1,0,1,13,0,5,0,0.5
2023-12-03,2023-24,EPL,West Ham,Crystal Palace,2,2,2,0.333333,0.0,6,-0.116667,1,0,1,13,0,2,0,0.5
2023-12-03,2023-24,Ligue1,Marseille,Rennes,3,2,1,0.5,0.166667,6,0.05,0,0,0,12,0,1,1,1.0
2023-12-03,2023-24,Ligue1,Lille,Metz,2,0,2,0.5,0.75,4,0.05,0,0,0,13,0,7,4,1.0
2023-12-03,2023-24,Ligue1,Toulouse,Lorient,1,0,1,0.5,0.5,2,0.05,0,1,1,13,0,0,0,0.5
2023-12-03,2023-24,Ligue1,Monaco,Montpellier,3,2,1,0.5,0.0,6,0.05,1,1,0,13,0,0,1,1.0
2023-12-03,2023-24,Ligue1,Brest,Clermont,3,0,1,0.75,1.25,4,0.3,0,0,0,12,0,1,1,1.0
2023-12-03,2023-24,Ligue1,Le Havre,Paris SG,0,0,0,0.45,0.0,0,0.0,0,0,0,13,0,5,8,0.0
2023-12-03,2023-24,EPL,Liverpool,Fulham,1,1,2,0.25,0.0,4,-0.2,0,0,0,13,0,6,1,1.0
2023-12-03,2023-24,SerieA,Sassuolo,Roma,1,1,4,0.166667,0.0,6,-0.283333,0,0,0,13,0,2,3,0.0
2023-12-03,2023-24,SerieA,Napoli,Inter,1,3,2,0.166667,-0.166667,6,-0.283333,0,0,0,13,0,1,7,0.0
2023-12-03,2023-24,EPL,Bournemouth,Aston Villa,1,1,0,0.5,-0.5,2,0.05,1,0,0,13,0,2,2,0.5
2023-12-03,2023-24,LaLiga,Almeria,Betis,0,2,0,0.0,-1.5,2,-0.45,1,1,0,14,0,0,9,0.5
2023-12-03,2023-24,LaLiga,Barcelona,Ath Madrid,3,2,1,0.5,0.166667,6,0.05,0,0,0,14,0,3,2,1.0
2023-12-03,2023-24,LaLiga,Sevilla,Villarreal,3,1,2,0.5,0.0,6,0.05,0,1,0,13,0,0,1,0.5
2023-12-03,2023-24,LaLiga,Mallorca,Alaves,2,0,0,1.0,1.0,2,0.55,0,0,0,14,0,1,1,0.5
2023-12-03,2023-24,Bundesliga,Leverkusen,Dortmund,2,4,0,0.333333,-0.333333,6,-0.116667,1,0,0,12,0,12,1,0.5
2023-12-03,2023-24,Bundesliga,Mainz,Freiburg,2,1,3,0.333333,0.333333,6,-0.116667,0,0,0,12,0,4,1,0.0
2023-12-04,2023-24,SerieA,Torino,Atalanta,0,4,2,0.0,-1.0,6,-0.45,1,1,1,13,0,0,0,1.0
2023-12-04,2023-24,LaLiga,Celta,Cadiz,2,2,2,0.333333,0.833333,6,-0.116667,1,0,0,14,0,1,1,0.5
2023-12-05,2023-24,EPL,Wolves,Burnley,0,3,1,0.0,-1.5,4,-0.45,1,1,0,14,0,0,1,1.0
2023-12-05,2023-24,EPL,Luton,Arsenal,0,0,0,0.45,0.0,0,0.0,0,1,0,14,0,0,3,0.0
2023-12-06,2023-24,EPL,Brighton,Brentford,2,1,1,0.5,0.25,4,0.05,0,1,0,14,0,0,1,1.0
2023-12-06,2023-24,Ligue1,Marseille,Lyon,2,2,2,0.333333,-0.333333,6,-0.116667,0,0,1,13,0,2,0,1.0
2023-12-06,2023-24,EPL,Fulham,Nott'm Forest,2,0,0,1.0,1.5,2,0.55,0,1,1,14,0,0,0,1.0
2023-12-06,2023-24,EPL,Sheffield United,Liverpool,0,2,0,0.0,-1.5,2,-0.45,1,1,0,14,0,0,7,0.0
2023-12-06,2023-24,EPL,Aston Villa,Man City,0,5,1,0.0,-1.166667,6,-0.45,1,0,0,14,0,3,6,1.0
2023-12-06,2023-24,EPL,Man United,Chelsea,1,0,5,0.166667,0.5,6,-0.283333,0,1,0,14,0,0,1,1.0
2023-12-06,2023-24,EPL,Crystal Palace,Bournemouth,2,0,0,1.0,2.0,2,0.55,0,0,0,14,0,1,3,0.0
2023-12-07,2023-24,EPL,Tottenham,West Ham,2,2,2,0.333333,0.333333,6,-0.116667,0,0,0,14,0,1,3,0.0
2023-12-07,2023-24,Ligue1,Brest,Strasbourg,1,3,2,0.166667,-0.833333,6,-0.283333,0,0,1,13,0,2,0,0.5
2023-12-07,2023-24,EPL,Everton,Newcastle,1,5,0,0.166667,-1.333333,6,-0.283333,1,0,0,14,0,1,2,1.0
2023-12-08,2023-24,LaLiga,Getafe,Valencia,2,2,2,0.333333,-0.166667,6,-0.116667,0,1,1,15,0,0,0,1.0
2023-12-08,2023-24,Ligue1,Montpellier,Lens,2,3,1,0.333333,-0.333333,6,-0.116667,0,1,0,14,0,0,9,0.5
2023-12-08,2023-24,Bundesliga,Hoffenheim,Bochum,1,3,0,0.25,-1.25,4,-0.2,1,1,0,13,0,0,5,1.0
2023-12-08,2023-24,SerieA,Juventus,Napoli,1,4,1,0.166667,-1.0,6,-0.283333,1,0,1,14,0,9,0,1.0
2023-12-09,2023-24,EPL,Crystal Palace,Liverpool,0,4,2,0.0,-2.333333,6,-0.45,0,1,0,15,0,0,8,0.0
2023-12-09,2023-24,LaLiga,Alaves,Las Palmas,0,0,0,0.45,0.0,0,0.0,0,0,0,15,0,2,1,0.0
2023-12-09,2023-24,EPL,Aston Villa,Arsenal,2,4,0,0.333333,-0.333333,6,-0.116667,1,0,0,15,0,4,4,1.0
2023-12-09,2023-24,EPL,Wolves,Nott'm Forest,1,0,1,0.5,0.5,2,0.05,0,0,1,15,0,1,0,0.5
2023-12-09,2023-24,Ligue1,Rennes,Monaco,2,3,1,0.333333,0.0,6,-0.116667,0,1,0,14,0,0,1,0.0
2023-12-09,2023-24,Ligue1,Paris SG,Nantes,4,2,0,0.666667,1.166667,6,0.216667,0,0,0,14,0,9,2,1.0
2023-12-09,2023-24,EPL,Sheffield United,Brentford,0,0,0,0.45,0.0,0,0.0,0,1,1,15,0,0,0,1.0
2023-12-09,2023-24,EPL,Man United,Bournemouth,2,0,0,1.0,2.0,2,0.55,0,0,0,15,0,1,4,0.0
2023-12-09,2023-24,EPL,Brighton,Burnley,1,1,2,0.25,-0.5,4,-0.2,1,0,1,15,0,1,0,0.5
2023-12-09,2023-24,Bundesliga,Dortmund,RB Leipzig,3,3,0,0.5,-0.5,6,0.05,0,0,0,13,0,2,1,0.0
2023-12-09,2023-24,Bundesliga,Wolfsburg,Freiburg,2,3,1,0.333333,0.666667,6,-0.116667,1,1,0,13,0,0,2,0.0
2023-12-09,2023-24,Bundesliga,Union Berlin,M'gladbach,4,0,2,0.666667,0.666667,6,0.216667,0,0,0,12,0,1,1,1.0
2023-12-09,2023-24,Bundesliga,Heidenheim,Darmstadt,0,0,0,0.45,0.0,0,0.0,0,1,1,13,0,0,0,1.0
2023-12-09,2023-24,LaLiga,Mallorca,Sevilla,0,2,2,0.0,-0.75,4,-0.45,1,0,0,15,0,2,1,1.0
2023-12-09,2023-24,Bundesliga,Ein Frankfurt,Bayern Munich,2,3,1,0.333333,-1.5,6,-0.116667,0,1,0,13,0,0,13,1.0
2023-12-09,2023-24,SerieA,Inter,Udinese,4,1,1,0.666667,1.166667,6,0.216667,0,0,0,14,0,8,1,1.0
2023-12-09,2023-24,LaLiga,Betis,Real Madrid,0,3,3,0.0,-0.5,6,-0.45,0,0,0,15,0,10,9,0.5
2023-12-09,2023-24,LaLiga,Villarreal,Sociedad,2,2,2,0.333333,0.333333,6,-0.116667,0,0,0,15,0,2,3,0.0
2023-12-09,2023-24,SerieA,Verona,Lazio,2,2,2,0.333333,0.166667,6,-0.116667,0,0,0,14,0,2,1,0.5
2023-12-09,2023-24,Bundesliga,Werder Bremen,Augsburg,1,3,0,0.25,-0.5,4,-0.2,1,1,0,13,0,0,6,1.0
2023-12-09,2023-24,SerieA,Atalanta,Milan,1,4,1,0.166667,-0.666667,6,-0.283333,1,1,0,14,0,0,3,1.0
2023-12-10,2023-24,SerieA,Frosinone,Torino,0,0,0,0.45,0.0,0,0.0,0,1,0,14,0,0,1,0.5
2023-12-10,2023-24,EPL,Tottenham,Newcastle,2,2,2,0.333333,-0.166667,6,-0.116667,1,1,1,15,0,0,0,1.0
2023-12-10,2023-24,EPL,Luton,Man City,0,0,0,0.45,0.0,0,0.0,0,1,1,15,0,0,0,0.0
2023-12-10,2023-24,EPL,Fulham,West Ham,0,3,1,0.0,-1.0,4,-0.45,1,0,0,15,0,1,4,1.0
2023-12-10,2023-24,LaLiga,Ath Madrid,Almeria,1,0,1,0.5,0.5,2,0.05,0,1,0,14,0,0,1,1.0
2023-12-10,2023-24,EPL,Everton,Chelsea,2,2,2,0.333333,-0.166667,6,-0.116667,0,0,1,15,0,2,0,1.0
2023-12-10,2023-24,Ligue1,Nice,Reims,1,0,5,0.166667,0.166667,6,-0.283333,0,1,0,14,0,0,1,1.0
2023-12-10,2023-24,Ligue1,Strasbourg,Le Havre,0,0,0,0.45,0.0,0,0.0,0,0,1,14,0,1,0,1.0
2023-12-10,2023-24,Ligue1,Metz,Brest,2,2,0,0.5,0.0,4,0.05,1,1,0,14,0,0,3,0.0
2023-12-10,2023-24,Ligue1,Lyon,Toulouse,1,0,1,0.5,0.5,2,0.05,0,1,0,14,0,0,1,1.0
2023-12-10,2023-24,Ligue1,Lorient,Marseille,0,5,1,0.0,-1.666667,6,-0.45,0,0,0,14,0,1,3,0.0
2023-12-10,2023-24,LaLiga,Barcelona,Girona,1,0,1,0.5,0.5,2,0.05,0,0,0,15,0,4,7,0.0
2023-12-10,2023-24,SerieA,Roma,Fiorentina,4,2,0,0.666667,0.666667,6,0.216667,1,0,0,14,0,4,1,0.5
2023-12-10,2023-24,SerieA,Salernitana,Bologna,0,1,3,0.0,-0.25,4,-0.45,0,1,0,14,0,0,2,0.0
2023-12-10,2023-24,SerieA,Monza,Genoa,0,0,0,0.45,0.0,0,0.0,0,1,0,14,0,0,1,1.0
2023-12-10,2023-24,Bundesliga,FC Koln,Mainz,2,2,2,0.333333,-0.666667,6,-0.116667,0,0,1,13,0,1,0,0.5
2023-12-10,2023-24,Bundesliga,Stuttgart,Leverkusen,0,4,2,0.0,-1.5,6,-0.45,0,0,0,13,0,3,13,0.5
2023-12-10,2023-24,Ligue1,Clermont,Lille,1,2,1,0.25,-1.25,4,-0.2,0,1,0,14,0,0,8,0.5
2023-12-10,2023-24,LaLiga,Cadiz,Osasuna,0,6,0,0.0,-1.5,6,-0.45,1,0,0,15,0,2,1,0.5
2023-12-11,2023-24,LaLiga,Vallecano,Celta,0,2,2,0.0,-1.25,4,-0.45,1,1,0,15,0,0,2,0.5
2023-12-11,2023-24,SerieA,Empoli,Lecce,1,0,1,0.5,0.5,2,0.05,0,0,0,14,0,1,3,0.5
2023-12-11,2023-24,SerieA,Cagliari,Sassuolo,1,0,3,0.25,0.25,4,-0.2,0,1,1,14,0,0,0,1.0
2023-12-11,2023-24,LaLiga,Granada,Ath Bilbao,2,1,1,0.5,0.5,4,0.05,0,1,0,15,0,0,5,0.5
2023-12-15,2023-24,EPL,Nott'm Forest,Tottenham,0,2,0,0.0,-2.0,2,-0.45,1,0,0,16,0,1,1,0.0
2023-12-15,2023-24,Bundesliga,M'gladbach,Werder Bremen,2,1,1,0.5,-0.25,4,0.05,0,1,0,14,0,0,1,0.5
2023-12-15,2023-24,LaLiga,Osasuna,Vallecano,3,1,0,0.75,1.0,4,0.3,1,0,0,16,0,2,1,1.0
2023-12-15,2023-24,Ligue1,Monaco,Lyon,2,4,0,0.333333,-0.833333,6,-0.116667,1,0,0,15,0,2,1,0.0
2023-12-15,2023-24,SerieA,Genoa,Juventus,1,3,0,0.25,-1.25,4,-0.2,0,1,0,15,0,0,10,0.5
2023-12-16,2023-24,EPL,Chelsea,Sheffield United,2,0,0,1.0,2.0,2,0.55,0,1,0,16,0,0,1,1.0
2023-12-16,2023-24,EPL,Burnley,Everton,2,1,1,0.5,0.0,4,0.05,0,0,0,16,0,1,3,0.0
2023-12-16,2023-24,Ligue1,Lens,Reims,3,0,3,0.5,0.666667,6,0.05,0,0,1,15,0,10,0,1.0
2023-12-16,2023-24,Ligue1,Le Havre,Nice,0,0,0,0.45,0.0,0,0.0,0,1,0,15,0,0,1,1.0
2023-12-16,2023-24,SerieA,Torino,Empoli,1,0,3,0.25,0.5,4,-0.2,0,0,0,15,0,2,2,1.0
2023-12-16,2023-24,SerieA,Napoli,Cagliari,2,0,2,0.5,1.25,4,0.05,0,1,0,15,0,0,1,1.0
2023-12-16,2023-24,SerieA,Lecce,Frosinone,0,0,0,0.45,0.0,0,0.0,0,0,0,15,0,4,1,1.0
2023-12-16,2023-24,LaLiga,Celta,Granada,2,0,2,0.5,0.75,4,0.05,0,0,0,16,0,3,1,1.0
2023-12-16,2023-24,LaLiga,Ath Bilbao,Ath Madrid,2,3,1,0.333333,0.0,6,-0.116667,1,0,0,16,0,6,1,1.0
2023-12-16,2023-24,EPL,Newcastle,Fulham,3,0,1,0.75,1.5,4,0.3,0,1,0,16,0,0,2,1.0
2023-12-16,2023-24,Bundesliga,Augsburg,Dortmund,1,4,1,0.166667,-0.833333,6,-0.283333,1,1,1,14,0,0,0,0.5
2023-12-16,2023-24,Bundesliga,Bochum,Union Berlin,1,2,1,0.25,-0.25,4,-0.2,0,1,0,14,0,0,2,1.0
2023-12-16,2023-24,Bundesliga,Darmstadt,Wolfsburg,0,0,0,0.45,0.0,0,0.0,0,1,1,14,0,0,0,0.0
2023-12-16,2023-24,Bundesliga,Mainz,Heidenheim,0,0,0,0.45,0.0,0,0.0,0,0,0,14,0,1,1,0.0
2023-12-16,2023-24,Bundesliga,RB Leipzig,Hoffenheim,4,1,1,0.666667,0.833333,6,0.216667,0,0,0,14,0,2,1,1.0
2023-12-16,2023-24,LaLiga,Sevilla,Getafe,5,1,0,0.833333,0.833333,6,0.383333,1,1,0,15,0,0,1,0.0
2023-12-16,2023-24,LaLiga,Valencia,Barcelona,0,5,1,0.0,-1.333333,6,-0.45,1,1,1,16,0,0,0,0.5
2023-12-16,2023-24,EPL,Man City,Crystal Palace,4,1,1,0.666667,1.166667,6,0.216667,0,0,1,16,0,1,0,0.5
2023-12-17,2023-24,EPL,Arsenal,Brighton,3,2,1,0.5,0.166667,6,0.05,1,1,0,16,0,0,2,1.0
2023-12-17,2023-24,Ligue1,Lille,Paris SG,1,4,1,0.166667,-1.833333,6,-0.283333,1,0,0,15,0,9,10,0.5
2023-12-17,2023-24,Ligue1,Marseille,Clermont,3,1,0,0.75,0.5,4,0.3,0,0,0,15,0,4,1,1.0
2023-12-17,2023-24,Ligue1,Toulouse,Rennes,1,1,0,0.5,0.5,2,0.05,0,1,1,15,0,0,0,0.5
2023-12-17,2023-24,Ligue1,Metz,Montpellier,1,1,2,0.25,0.0,4,-0.2,0,1,0,15,0,0,1,0.0
2023-12-17,2023-24,EPL,Liverpool,Man United,4,1,1,0.666667,2.833333,6,0.216667,0,0,1,16,0,9,0,0.5
2023-12-17,2023-24,EPL,West Ham,Wolves,4,2,0,0.666667,1.0,6,0.216667,1,1,0,16,0,0,2,1.0
2023-12-17,2023-24,EPL,Brentford,Aston Villa,1,1,2,0.25,-0.75,4,-0.2,0,1,0,16,0,0,5,0.0
2023-12-17,2023-24,LaLiga,Las Palmas,Cadiz,0,0,0,0.45,0.0,0,0.0,0,0,0,16,0,2,3,0.5
2023-12-17,2023-24,Ligue1,Nantes,Brest,4,1,1,0.666667,1.333333,6,0.216667,1,1,0,15,0,0,4,0.0
2023-12-17,2023-24,Bundesliga,Bayern Munich,Stuttgart,4,0,2,0.666667,2.0,6,0.216667,0,1,0,13,0,0,4,1.0
2023-12-17,2023-24,LaLiga,Almeria,Mallorca,1,1,0,0.5,1.0,2,0.05,0,1,0,16,0,0,3,0.5
2023-12-17,2023-24,LaLiga,Sociedad,Betis,1,2,3,0.166667,-0.5,6,-0.283333,0,0,0,16,0,4,11,0.5
2023-12-17,2023-24,Ligue1,Lorient,Strasbourg,2,1,3,0.333333,-0.166667,6,-0.116667,0,1,0,15,0,0,2,0.0
2023-12-17,2023-24,LaLiga,Real Madrid,Villarreal,1,2,3,0.166667,-0.166667,6,-0.283333,1,0,1,16,0,10,0,1.0
2023-12-17,2023-24,Bundesliga,Freiburg,FC Koln,4,1,1,0.666667,1.666667,6,0.216667,0,0,0,14,0,3,2,1.0
2023-12-17,2023-24,Bundesliga,Leverkusen,Ein Frankfurt,3,3,0,0.5,-0.333333,6,0.05,0,0,0,14,0,14,1,1.0
2023-12-17,2023-24,SerieA,Fiorentina,Verona,3,0,3,0.5,1.0,6,0.05,0,0,0,15,0,2,3,1.0
2023-12-17,2023-24,SerieA,Udinese,Sassuolo,3,0,3,0.5,0.833333,6,0.05,0,1,1,15,0,0,0,0.5
2023-12-17,2023-24,SerieA,Bologna,Roma,1,3,2,0.166667,-0.833333,6,-0.283333,0,0,0,15,0,3,5,1.0
2023-12-17,2023-24,SerieA,Lazio,Inter,2,3,1,0.333333,-0.166667,6,-0.116667,1,0,0,15,0,2,9,0.0
2023-12-17,2023-24,SerieA,Milan,Monza,2,0,0,1.0,2.0,2,0.55,0,1,0,15,0,0,1,1.0
2023-12-18,2023-24,LaLiga,Girona,Alaves,0,0,0,0.45,0.0,0,0.0,0,0,1,16,0,8,0,1.0
2023-12-18,2023-24,SerieA,Atalanta,Salernitana,2,1,1,0.5,1.5,4,0.05,1,0,1,15,0,1,0,1.0
2023-12-19,2023-24,Bundesliga,Werder Bremen,RB Leipzig,0,4,0,0.0,-1.75,4,-0.45,1,0,0,15,0,2,3,0.5
2023-12-19,2023-24,Bundesliga,Hoffenheim,Darmstadt,0,0,0,0.45,0.0,0,0.0,0,1,1,15,0,0,0,0.5
2023-12-19,2023-24,Bundesliga,Dortmund,Mainz,4,0,2,0.666667,1.0,6,0.216667,0,0,1,15,0,1,0,0.5
2023-12-19,2023-24,LaLiga,Granada,Sevilla,2,2,0,0.5,-0.25,4,0.05,1,1,1,17,0,0,0,0.0
2023-12-19,2023-24,LaLiga,Ath Madrid,Getafe,4,0,2,0.666667,1.0,6,0.216667,0,1,0,16,0,0,2,0.5
2023-12-19,2023-24,LaLiga,Vallecano,Valencia,1,0,3,0.25,0.25,4,-0.2,0,1,0,17,0,0,1,0.0
2023-12-20,2023-24,Bundesliga,Ein Frankfurt,M'gladbach,2,1,3,0.333333,-0.166667,6,-0.116667,0,1,0,15,0,0,1,1.0
2023-12-20,2023-24,LaLiga,Barcelona,Almeria,1,1,0,0.5,0.5,2,0.05,1,0,0,17,0,1,1,1.0
2023-12-20,2023-24,Ligue1,Brest,Lorient,2,4,0,0.333333,-0.333333,6,-0.116667,1,0,1,16,0,5,0,1.0
2023-12-20,2023-24,Ligue1,Clermont,Rennes,2,2,0,0.5,-1.5,4,0.05,1,1,0,16,0,0,1,0.0
2023-12-20,2023-24,Ligue1,Lyon,Nantes,4,0,2,0.666667,1.0,6,0.216667,0,0,1,16,0,2,0,1.0
2023-12-20,2023-24,Ligue1,Montpellier,Marseille,0,4,2,0.0,-1.0,6,-0.45,0,0,0,16,0,2,5,0.5
2023-12-20,2023-24,Ligue1,Nice,Lens,4,1,1,0.666667,0.166667,6,0.216667,0,1,0,16,0,0,11,1.0
2023-12-20,2023-24,Ligue1,Paris SG,Metz,4,0,0,1.0,2.25,4,0.55,0,0,1,16,0,11,0,1.0
2023-12-20,2023-24,Bundesliga,Heidenheim,Freiburg,0,0,0,0.45,0.0,0,0.0,0,0,0,15,0,2,4,1.0
2023-12-20,2023-24,Ligue1,Reims,Le Havre,0,0,0,0.45,0.0,0,0.0,0,1,0,16,0,0,1,1.0
2023-12-20,2023-24,Ligue1,Toulouse,Monaco,1,1,0,0.5,-0.5,2,0.05,0,0,1,16,0,1,0,0.0
2023-12-20,2023-24,Bundesliga,Wolfsburg,Bayern Munich,0,5,1,0.0,-1.666667,6,-0.45,1,0,0,15,0,1,1,0.0
2023-12-20,2023-24,Bundesliga,Stuttgart,Augsburg,4,1,1,0.666667,0.5,6,0.216667,0,1,0,15,0,0,1,1.0
2023-12-20,2023-24,LaLiga,Villarreal,Celta,3,1,2,0.5,0.833333,6,0.05,0,1,0,17,0,0,4,1.0
2023-12-20,2023-24,Bundesliga,Leverkusen,Bochum,2,1,1,0.5,0.0,4,0.05,1,0,0,15,0,15,1,1.0
2023-12-20,2023-24,Bundesliga,Union Berlin,FC Koln,4,0,2,0.666667,0.666667,6,0.216667,0,1,1,14,0,0,0,1.0
2023-12-20,2023-24,Ligue1,Strasbourg,Lille,0,5,1,0.0,-1.666667,6,-0.45,1,0,0,16,0,3,10,1.0
2023-12-20,2023-24,LaLiga,Ath Bilbao,Las Palmas,0,0,0,0.45,0.0,0,0.0,0,0,0,17,0,7,3,1.0
2023-12-21,2023-24,LaLiga,Cadiz,Sociedad,0,5,1,0.0,-1.666667,6,-0.45,0,0,0,17,0,4,5,0.5
2023-12-21,2023-24,LaLiga,Alaves,Real Madrid,1,3,0,0.25,-2.0,4,-0.2,1,1,0,17,0,0,11,0.0
2023-12-21,2023-24,LaLiga,Mallorca,Osasuna,1,2,1,0.25,0.0,4,-0.2,0,0,0,17,0,4,3,1.0
2023-12-21,2023-24,LaLiga,Betis,Girona,2,0,0,1.0,1.0,2,0.55,0,0,0,17,0,12,9,0.5
2023-12-21,2023-24,EPL,Crystal Palace,Brighton,1,1,4,0.166667,0.0,6,-0.283333,1,0,1,17,0,1,0,0.5
2023-12-22,2023-24,EPL,Aston Villa,Sheffield United,1,1,0,0.5,0.0,2,0.05,1,0,1,17,0,6,0,0.5
2023-12-22,2023-24,SerieA,Empoli,Lazio,0,2,2,0.0,-1.0,4,-0.45,1,1,1,16,0,0,0,0.0
2023-12-22,2023-24,SerieA,Sassuolo,Genoa,2,0,2,0.5,0.5,4,0.05,0,0,0,16,0,1,1,0.0
2023-12-22,2023-24,SerieA,Monza,Fiorentina,1,0,1,0.5,0.5,2,0.05,0,1,0,16,0,0,3,0.0
2023-12-22,2023-24,SerieA,Salernitana,Milan,0,2,2,0.0,-0.75,4,-0.45,0,1,0,16,0,0,1,0.5
2023-12-23,2023-24,LaLiga,Ath Madrid,Sevilla,3,2,1,0.5,1.166667,6,0.05,0,0,0,17,0,1,1,1.0
2023-12-23,2023-24,SerieA,Frosinone,Juventus,0,0,0,0.45,0.0,0,0.0,0,1,0,16,0,0,11,0.0
2023-12-23,2023-24,SerieA,Bologna,Atalanta,1,3,2,0.166667,-0.833333,6,-0.283333,0,0,0,16,0,4,2,1.0
2023-12-23,2023-24,SerieA,Torino,Udinese,4,2,0,0.666667,0.166667,6,0.216667,0,0,0,16,0,3,1,0.5
2023-12-23,2023-24,SerieA,Inter,Lecce,2,0,0,1.0,1.5,2,0.55,0,0,0,16,0,10,5,1.0
2023-12-23,2023-24,SerieA,Verona,Cagliari,2,0,2,0.5,0.75,4,0.05,0,1,1,16,0,0,0,1.0
2023-12-23,2023-24,SerieA,Roma,Napoli,0,4,2,0.0,-1.333333,6,-0.45,1,1,0,16,0,0,1,1.0
2023-12-23,2023-24,EPL,West Ham,Man United,1,5,0,0.166667,-0.833333,6,-0.283333,0,0,0,17,0,1,1,1.0
2023-12-23,2023-24,EPL,Nott'm Forest,Bournemouth,0,1,1,0.0,-0.5,2,-0.45,0,1,0,17,0,0,5,0.0
2023-12-23,2023-24,EPL,Tottenham,Everton,2,1,3,0.333333,1.0,6,-0.116667,0,0,0,17,0,2,4,1.0
2023-12-23,2023-24,EPL,Luton,Newcastle,0,0,0,0.45,0.0,0,0.0,0,1,0,16,0,0,1,1.0
2023-12-23,2023-24,EPL,Fulham,Burnley,0,1,1,0.0,-1.0,2,-0.45,1,1,1,17,0,0,0,0.0
2023-12-23,2023-24,EPL,Liverpool,Arsenal,4,1,1,0.666667,1.666667,6,0.216667,0,0,0,17,0,10,1,0.5
2023-12-24,2023-24,EPL,Wolves,Chelsea,2,1,3,0.333333,-0.166667,6,-0.116667,0,1,0,17,0,0,1,1.0
2023-12-26,2023-24,EPL,Man United,Aston Villa,3,2,1,0.5,0.166667,6,0.05,0,1,0,18,0,0,7,1.0
2023-12-26,2023-24,EPL,Bournemouth,Fulham,1,0,1,0.5,0.5,2,0.05,0,0,1,17,0,6,0,1.0
2023-12-26,2023-24,EPL,Newcastle,Nott'm Forest,2,0,0,1.0,1.5,2,0.55,0,1,1,18,0,0,0,0.0
2023-12-26,2023-24,EPL,Sheffield United,Luton,0,0,0,0.45,0.0,0,0.0,0,0,0,18,0,1,1,0.0
2023-12-26,2023-24,EPL,Burnley,Liverpool,1,3,0,0.25,-1.25,4,-0.2,1,0,0,18,0,1,11,0.0
2023-12-27,2023-24,EPL,Everton,Man City,0,5,1,0.0,-2.333333,6,-0.45,1,1,0,18,0,0,2,0.0
2023-12-27,2023-24,EPL,Brentford,Wolves,1,2,1,0.25,-0.25,4,-0.2,1,1,0,17,0,0,1,0.0
2023-12-27,2023-24,EPL,Chelsea,Crystal Palace,6,0,0,1.0,2.166667,6,0.55,0,1,0,18,0,0,2,1.0
2023-12-28,2023-24,EPL,Brighton,Tottenham,2,4,0,0.333333,-0.5,6,-0.116667,1,0,0,18,0,1,3,1.0
2023-12-28,2023-24,EPL,Arsenal,West Ham,4,0,2,0.666667,1.0,6,0.216667,0,0,0,18,0,2,2,0.0
2023-12-29,2023-24,SerieA,Napoli,Monza,1,1,0,0.5,1.0,2,0.05,1,1,1,17,0,0,0,0.5
2023-12-29,2023-24,SerieA,Genoa,Inter,0,3,1,0.0,-2.25,4,-0.45,0,0,0,17,0,2,11,0.5
2023-12-29,2023-24,SerieA,Lazio,Frosinone,0,0,0,0.45,0.0,0,0.0,0,0,1,17,0,1,0,1.0
2023-12-29,2023-24,SerieA,Fiorentina,Torino,2,2,2,0.333333,-0.5,6,-0.116667,0,0,0,17,0,4,4,1.0
2023-12-30,2023-24,SerieA,Cagliari,Empoli,0,1,1,0.0,-1.0,2,-0.45,0,1,1,17,0,0,0,0.5
2023-12-30,2023-24,SerieA,Udinese,Bologna,0,2,4,0.0,-0.666667,6,-0.45,1,0,0,17,0,2,5,1.0
2023-12-30,2023-24,SerieA,Juventus,Roma,3,1,2,0.5,0.5,6,0.05,1,0,0,17,0,12,1,1.0
2023-12-30,2023-24,SerieA,Milan,Sassuolo,2,3,1,0.333333,-0.333333,6,-0.116667,1,0,1,17,0,2,0,1.0
2023-12-30,2023-24,SerieA,Atalanta,Lecce,0,2,0,0.0,-1.0,2,-0.45,1,1,1,17,0,0,0,1.0
2023-12-30,2023-24,EPL,Man City,Sheffield United,3,0,0,1.0,1.0,3,0.55,0,0,1,18,0,3,0,1.0
2023-12-30,2023-24,SerieA,Verona,Salernitana,1,2,1,0.25,-0.25,4,-0.2,0,0,0,17,0,1,1,0.0
2023-12-30,2023-24,EPL,Crystal Palace,Brentford,0,0,5,0.0,0.0,5,-0.45,0,1,1,19,0,0,0,1.0
2023-12-30,2023-24,EPL,Aston Villa,Burnley,2,1,2,0.4,0.6,5,-0.05,0,1,1,19,0,0,0,1.0
2023-12-30,2023-24,EPL,Luton,Chelsea,0,1,0,0.0,-3.0,1,-0.45,1,0,0,18,0,2,1,0.0
2023-12-30,2023-24,EPL,Wolves,Everton,4,2,1,0.571429,0.285714,7,0.121429,0,0,1,19,0,2,0,1.0
2023-12-30,2023-24,EPL,Nott'm Forest,Man United,0,3,0,0.0,-2.0,3,-0.45,1,0,0,19,0,1,1,1.0
2023-12-31,2023-24,EPL,Fulham,Arsenal,0,3,2,0.0,-1.4,5,-0.45,0,1,1,19,0,0,0,1.0
2023-12-31,2023-24,EPL,Tottenham,Bournemouth,2,1,0,0.666667,0.666667,3,0.216667,0,1,0,19,0,0,7,1.0
2024-01-01,2023-24,EPL,Liverpool,Newcastle,5,0,2,0.714286,1.0,7,0.264286,0,0,1,19,0,12,0,1.0
2024-01-02,2023-24,EPL,West Ham,Brighton,1,3,3,0.142857,-0.857143,7,-0.307143,0,0,0,19,0,3,2,0.5
2024-01-02,2023-24,LaLiga,Valencia,Villarreal,2,3,1,0.333333,-0.166667,6,-0.116667,0,0,0,18,0,2,1,1.0
2024-01-02,2023-24,LaLiga,Sociedad,Alaves,2,0,2,0.5,1.25,4,0.05,0,0,1,18,0,6,0,0.5
2024-01-02,2023-24,LaLiga,Getafe,Vallecano,0,1,3,0.0,-0.75,4,-0.45,0,0,1,18,0,3,0,0.0
2024-01-03,2023-24,LaLiga,Granada,Cadiz,0,1,3,0.0,-0.25,4,-0.45,0,1,0,18,0,0,5,1.0
2024-01-03,2023-24,LaLiga,Celta,Betis,3,2,1,0.5,0.333333,6,0.05,0,1,0,18,0,0,13,1.0
2024-01-03,2023-24,LaLiga,Real Madrid,Mallorca,3,1,0,0.75,2.5,4,0.3,1,0,0,18,0,12,5,1.0
2024-01-03,2023-24,LaLiga,Girona,Ath Madrid,0,2,0,0.0,-1.0,2,-0.45,1,0,0,18,0,10,2,1.0
2024-01-04,2023-24,LaLiga,Las Palmas,Barcelona,0,0,0,0.45,0.0,0,0.0,0,1,0,18,0,0,2,0.0
2024-01-04,2023-24,LaLiga,Sevilla,Ath Bilbao,3,2,1,0.5,0.166667,6,0.05,0,1,0,18,0,0,8,0.0
2024-01-04,2023-24,LaLiga,Osasuna,Almeria,2,0,0,1.0,1.5,2,0.55,0,1,1,18,0,0,0,1.0
2024-01-05,2023-24,SerieA,Bologna,Genoa,1,2,1,0.25,-0.75,4,-0.2,0,1,0,18,0,0,3,0.5
2024-01-06,2023-24,SerieA,Sassuolo,Fiorentina,2,2,2,0.333333,0.0,6,-0.116667,1,1,0,18,0,0,5,1.0
2024-01-06,2023-24,SerieA,Lecce,Cagliari,0,0,0,0.45,0.0,0,0.0,0,1,0,18,0,0,1,0.5
2024-01-06,2023-24,SerieA,Inter,Verona,6,0,0,1.0,2.166667,6,0.55,0,0,1,18,0,12,0,1.0
2024-01-06,2023-24,SerieA,Frosinone,Monza,0,0,0,0.45,0.0,0,0.0,0,1,0,18,0,0,1,0.0
2024-01-07,2023-24,SerieA,Torino,Napoli,0,5,1,0.0,-1.666667,6,-0.45,1,1,0,18,0,0,1,1.0
2024-01-07,2023-24,SerieA,Udinese,Lazio,1,2,3,0.166667,0.0,6,-0.283333,1,0,0,18,0,3,2,0.0
2024-01-07,2023-24,SerieA,Salernitana,Juventus,0,3,1,0.0,-1.75,4,-0.45,1,0,0,18,0,2,13,0.0
2024-01-07,2023-24,SerieA,Empoli,Milan,0,3,1,0.0,-1.25,4,-0.45,0,0,0,18,0,1,3,0.0
2024-01-07,2023-24,SerieA,Roma,Atalanta,2,3,1,0.333333,-0.333333,6,-0.116667,1,1,0,18,0,0,1,0.5
2024-01-12,2023-24,Bundesliga,Bayern Munich,Hoffenheim,3,1,2,0.5,1.0,6,0.05,0,0,0,15,0,2,1,1.0
2024-01-12,2023-24,LaLiga,Sevilla,Alaves,2,1,2,0.4,0.2,5,-0.05,1,1,0,19,0,0,1,0.0
2024-01-12,2023-24,Ligue1,Marseille,Strasbourg,3,0,4,0.428571,1.0,7,-0.021429,0,0,0,17,0,6,4,0.5
2024-01-12,2023-24,EPL,Burnley,Luton,1,0,0,1.0,1.0,1,0.55,0,1,1,20,0,0,0,0.5
2024-01-13,2023-24,Bundesliga,Darmstadt,Dortmund,0,0,0,0.45,0.0,0,0.0,0,0,0,16,0,1,2,0.0
2024-01-13,2023-24,Bundesliga,RB Leipzig,Ein Frankfurt,1,1,4,0.166667,-0.5,6,-0.283333,0,0,0,16,0,4,1,0.0
2024-01-13,2023-24,SerieA,Monza,Inter,1,1,1,0.333333,-0.333333,3,-0.116667,1,0,0,19,0,2,13,0.0
2024-01-13,2023-24,SerieA,Verona,Empoli,2,0,3,0.4,0.4,5,-0.05,0,1,1,19,0,0,0,1.0
2024-01-13,2023-24,Bundesliga,FC Koln,Heidenheim,0,0,0,0.45,0.0,0,0.0,0,1,0,16,0,0,3,0.5
2024-01-13,2023-24,Bundesliga,Mainz,Wolfsburg,2,4,0,0.333333,-1.5,6,-0.116667,1,0,1,16,0,1,0,0.5
2024-01-13,2023-24,Bundesliga,Freiburg,Union Berlin,1,3,2,0.166667,-0.5,6,-0.283333,1,1,0,16,0,0,1,0.5
2024-01-13,2023-24,Bundesliga,Augsburg,Leverkusen,2,3,1,0.333333,-1.166667,6,-0.116667,0,1,0,16,0,0,15,0.0
2024-01-13,2023-24,EPL,Newcastle,Man City,0,6,1,0.0,-2.142857,7,-0.45,1,1,0,20,0,0,4,0.0
2024-01-13,2023-24,SerieA,Genoa,Torino,1,3,1,0.2,-0.4,5,-0.25,1,0,0,19,0,4,1,0.5
2024-01-13,2023-24,EPL,Chelsea,Fulham,3,1,1,0.6,0.8,5,0.15,0,0,0,20,0,2,1,1.0
2024-01-13,2023-24,SerieA,Napoli,Salernitana,4,0,1,0.8,1.6,5,0.35,0,1,1,19,0,0,0,1.0
2024-01-13,2023-24,Ligue1,Monaco,Reims,3,2,2,0.428571,0.571429,7,-0.021429,0,0,0,17,0,1,1,0.0
2024-01-13,2023-24,Ligue1,Rennes,Nice,2,4,1,0.285714,-0.428571,7,-0.164286,1,0,0,17,0,2,1,1.0
2024-01-13,2023-24,LaLiga,Betis,Granada,3,1,1,0.6,0.4,5,0.15,0,1,0,19,0,0,1,1.0
2024-01-13,2023-24,LaLiga,Ath Bilbao,Sociedad,2,3,2,0.285714,0.0,7,-0.164286,1,0,0,19,0,9,7,1.0
2024-01-13,2023-24,LaLiga,Mallorca,Celta,3,1,1,0.6,0.4,5,0.15,0,1,0,19,0,0,1,0.5
2024-01-13,2023-24,LaLiga,Las Palmas,Villarreal,1,0,0,1.0,1.0,1,0.55,0,1,1,19,0,0,0,1.0
2024-01-14,2023-24,Bundesliga,Bochum,Werder Bremen,0,2,0,0.0,-2.5,2,-0.45,1,1,0,16,0,0,3,0.5
2024-01-14,2023-24,Bundesliga,M'gladbach,Stuttgart,1,3,2,0.166667,-0.166667,6,-0.283333,1,1,0,16,0,0,1,1.0
2024-01-14,2023-24,EPL,Everton,Aston Villa,0,6,1,0.0,-1.714286,7,-0.45,1,1,0,20,0,0,1,0.5
2024-01-14,2023-24,EPL,Man United,Tottenham,4,2,1,0.571429,0.142857,7,0.121429,1,1,0,20,0,0,1,0.5
2024-01-14,2023-24,LaLiga,Cadiz,Valencia,3,1,3,0.428571,0.142857,7,-0.021429,1,1,0,19,0,0,3,0.0
2024-01-14,2023-24,SerieA,Lazio,Lecce,0,2,1,0.0,-0.666667,3,-0.45,1,0,0,19,0,3,1,1.0
2024-01-14,2023-24,Ligue1,Lens,Paris SG,2,3,2,0.285714,-0.285714,7,-0.164286,1,1,0,17,0,0,12,0.0
2024-01-14,2023-24,Ligue1,Le Havre,Lyon,0,0,1,0.0,0.0,1,-0.45,0,1,0,17,0,0,3,1.0
2024-01-14,2023-24,Ligue1,Nantes,Clermont,3,0,2,0.6,0.6,5,0.15,0,1,1,17,0,0,0,0.0
2024-01-14,2023-24,LaLiga,Almeria,Girona,1,2,0,0.333333,-2.0,3,-0.116667,1,1,0,19,0,0,11,0.5
2024-01-14,2023-24,Ligue1,Brest,Montpellier,2,3,2,0.285714,-1.571429,7,-0.164286,0,0,0,17,0,6,3,1.0
2024-01-14,2023-24,Ligue1,Lille,Lorient,4,3,0,0.571429,0.857143,7,0.121429,1,1,1,17,0,0,0,1.0
2024-01-14,2023-24,SerieA,Cagliari,Bologna,2,3,0,0.4,-0.4,5,-0.05,1,0,0,19,0,2,1,1.0
2024-01-14,2023-24,SerieA,Fiorentina,Udinese,4,3,0,0.571429,0.0,7,0.121429,0,1,1,19,0,0,0,0.5
2024-01-14,2023-24,SerieA,Milan,Roma,4,0,3,0.571429,0.714286,7,0.121429,0,0,0,19,0,4,1,1.0
2024-01-14,2023-24,Ligue1,Metz,Toulouse,0,1,0,0.0,-3.0,1,-0.45,1,1,1,17,0,0,0,0.0
2024-01-15,2023-24,SerieA,Atalanta,Frosinone,0,1,0,0.0,-1.0,1,-0.45,1,0,1,19,0,2,0,1.0
2024-01-16,2023-24,SerieA,Juventus,Sassuolo,4,3,0,0.571429,0.571429,7,0.121429,1,0,0,19,0,14,1,1.0
2024-01-19,2023-24,LaLiga,Alaves,Cadiz,1,3,1,0.2,-0.4,5,-0.25,1,0,1,20,0,2,0,1.0
2024-01-20,2023-24,SerieA,Udinese,Milan,2,2,3,0.285714,0.0,7,-0.164286,0,0,0,20,0,1,5,0.0
2024-01-20,2023-24,SerieA,Roma,Verona,3,2,2,0.428571,0.428571,7,-0.021429,1,1,0,20,0,0,1,1.0
2024-01-20,2023-24,Bundesliga,RB Leipzig,Leverkusen,3,3,1,0.428571,-0.142857,7,-0.021429,1,1,0,17,0,0,15,0.0
2024-01-20,2023-24,Bundesliga,FC Koln,Dortmund,2,3,2,0.285714,-0.857143,7,-0.164286,1,0,0,17,0,1,3,0.0
2024-01-20,2023-24,Bundesliga,Freiburg,Hoffenheim,4,1,2,0.571429,0.571429,7,0.121429,0,0,1,17,0,1,0,1.0
2024-01-20,2023-24,Bundesliga,Darmstadt,Ein Frankfurt,0,1,0,0.0,-1.0,1,-0.45,1,1,0,17,0,0,2,0.5
2024-01-20,2023-24,Bundesliga,Bochum,Stuttgart,0,3,2,0.0,-1.8,5,-0.45,1,0,1,17,0,1,0,1.0
2024-01-20,2023-24,Bundesliga,Heidenheim,Wolfsburg,0,1,0,0.0,-2.0,1,-0.45,1,0,0,17,0,4,1,0.5
2024-01-20,2023-24,EPL,Brentford,Nott'm Forest,1,0,2,0.333333,0.333333,3,-0.116667,0,1,0,19,0,0,2,1.0
2024-01-20,2023-24,EPL,Arsenal,Crystal Palace,4,1,2,0.571429,0.714286,7,0.121429,0,1,0,20,0,0,1,1.0
2024-01-20,2023-24,LaLiga,Villarreal,Mallorca,2,2,1,0.4,0.0,5,-0.05,0,1,0,20,0,0,1,0.5
2024-01-20,2023-24,LaLiga,Vallecano,Las Palmas,1,0,0,1.0,1.0,1,0.55,0,0,0,19,0,1,1,0.0
2024-01-20,2023-24,LaLiga,Valencia,Ath Bilbao,0,2,5,0.0,-0.285714,7,-0.45,0,0,0,20,0,4,10,1.0
2024-01-20,2023-24,LaLiga,Celta,Sociedad,0,5,2,0.0,-1.142857,7,-0.45,0,0,1,20,0,2,0,0.0
2024-01-21,2023-24,SerieA,Lecce,Juventus,0,3,0,0.0,-1.0,3,-0.45,1,1,0,20,0,0,15,0.0
2024-01-21,2023-24,SerieA,Salernitana,Genoa,1,1,1,0.333333,0.0,3,-0.116667,1,1,0,20,0,0,5,0.0
2024-01-21,2023-24,Bundesliga,Bayern Munich,Werder Bremen,4,0,1,0.8,2.4,5,0.35,0,0,0,16,0,3,4,0.0
2024-01-21,2023-24,Bundesliga,M'gladbach,Augsburg,2,3,2,0.285714,-0.142857,7,-0.164286,0,0,1,17,0,1,0,0.0
2024-01-21,2023-24,EPL,Bournemouth,Liverpool,1,2,0,0.333333,-3.333333,3,-0.116667,1,1,0,19,0,0,13,0.0
2024-01-21,2023-24,LaLiga,Osasuna,Getafe,0,5,2,0.0,-0.857143,7,-0.45,1,0,1,19,0,1,0,1.0
2024-01-21,2023-24,SerieA,Empoli,Monza,1,2,0,0.333333,-0.666667,3,-0.116667,1,1,1,20,0,0,0,1.0
2024-01-21,2023-24,LaLiga,Real Madrid,Almeria,3,0,0,1.0,1.666667,3,0.55,0,0,0,19,0,13,1,1.0
2024-01-21,2023-24,SerieA,Frosinone,Cagliari,0,1,0,0.0,-1.0,1,-0.45,1,1,0,20,0,0,3,1.0
2024-01-21,2023-24,LaLiga,Betis,Barcelona,1,6,0,0.142857,-2.0,7,-0.307143,1,0,0,20,0,1,3,0.0
2024-01-21,2023-24,LaLiga,Girona,Sevilla,3,0,0,1.0,1.333333,3,0.55,0,0,1,20,0,12,0,1.0
2024-01-21,2023-24,EPL,Sheffield United,West Ham,0,3,0,0.0,-2.0,3,-0.45,1,1,0,20,0,0,4,0.5
2024-01-22,2023-24,EPL,Brighton,Wolves,4,2,1,0.571429,1.571429,7,0.121429,0,0,0,20,0,3,3,0.5
2024-01-22,2023-24,LaLiga,Granada,Ath Madrid,1,3,1,0.2,-1.4,5,-0.25,1,1,1,20,0,0,0,0.0
2024-01-24,2023-24,Bundesliga,Bayern Munich,Union Berlin,3,0,3,0.5,1.666667,6,0.05,0,1,0,17,0,0,2,1.0
2024-01-26,2023-24,Bundesliga,Ein Frankfurt,Mainz,3,0,4,0.428571,0.857143,7,-0.021429,0,0,0,18,0,3,2,1.0
2024-01-26,2023-24,LaLiga,Almeria,Alaves,0,1,0,0.0,-1.0,1,-0.45,1,1,0,21,0,0,3,0.0
2024-01-26,2023-24,SerieA,Cagliari,Torino,2,1,2,0.4,0.2,5,-0.05,0,1,0,21,0,0,2,0.0
2024-01-26,2023-24,Ligue1,Lyon,Rennes,3,3,1,0.428571,-0.285714,7,-0.021429,0,1,0,18,0,0,3,0.0
2024-01-27,2023-24,Ligue1,Marseille,Monaco,3,3,1,0.428571,0.0,7,-0.021429,1,0,1,18,0,7,0,0.5
2024-01-27,2023-24,SerieA,Atalanta,Udinese,2,0,5,0.285714,0.714286,7,-0.164286,0,0,1,20,0,3,0,1.0
2024-01-27,2023-24,LaLiga,Mallorca,Betis,0,4,1,0.0,-1.0,5,-0.45,1,0,1,21,0,2,0,0.0
2024-01-27,2023-24,Ligue1,Nice,Metz,2,2,1,0.4,0.2,5,-0.05,0,1,1,18,0,0,0,1.0
2024-01-27,2023-24,LaLiga,Las Palmas,Real Madrid,0,1,0,0.0,-2.0,1,-0.45,1,0,0,21,0,2,14,0.0
2024-01-27,2023-24,LaLiga,Sociedad,Vallecano,3,0,2,0.6,0.8,5,0.15,0,0,1,21,0,1,0,0.5
2024-01-27,2023-24,SerieA,Juventus,Empoli,3,2,0,0.6,0.6,5,0.15,0,0,0,21,0,15,1,0.5
2024-01-27,2023-24,SerieA,Milan,Bologna,5,0,2,0.714286,1.285714,7,0.264286,0,0,1,21,0,6,0,0.5
2024-01-27,2023-24,Bundesliga,Leverkusen,M'gladbach,6,0,1,0.857143,1.571429,7,0.407143,0,0,1,18,0,15,0,0.5
2024-01-27,2023-24,Bundesliga,Wolfsburg,FC Koln,4,2,1,0.571429,0.285714,7,0.121429,0,0,1,18,0,2,0,0.5
2024-01-27,2023-24,LaLiga,Barcelona,Villarreal,6,1,0,0.857143,1.428571,7,0.407143,0,0,0,20,0,4,1,0.0
2024-01-27,2023-24,Bundesliga,Stuttgart,RB Leipzig,0,6,1,0.0,-2.0,7,-0.45,1,1,1,18,0,0,0,1.0
2024-01-27,2023-24,Bundesliga,Augsburg,Bayern Munich,2,5,0,0.285714,-1.0,7,-0.164286,1,0,0,18,0,1,1,0.0
2024-01-27,2023-24,Bundesliga,Hoffenheim,Heidenheim,1,0,0,1.0,1.0,1,0.55,0,1,0,18,0,0,5,0.5
2024-01-27,2023-24,Bundesliga,Werder Bremen,Freiburg,0,3,2,0.0,-0.8,5,-0.45,1,0,0,18,0,5,2,1.0
2024-01-28,2023-24,LaLiga,Sevilla,Osasuna,3,2,2,0.428571,0.428571,7,-0.021429,0,1,0,21,0,0,2,0.5
2024-01-28,2023-24,LaLiga,Cadiz,Ath Bilbao,2,5,0,0.285714,-1.857143,7,-0.164286,1,1,1,21,0,0,0,0.5
2024-01-28,2023-24,LaLiga,Celta,Girona,1,1,1,0.333333,0.0,3,-0.116667,1,1,0,21,0,0,13,0.0
2024-01-28,2023-24,Ligue1,Montpellier,Lille,0,6,1,0.0,-1.0,7,-0.45,1,1,0,18,0,0,1,0.5
2024-01-28,2023-24,SerieA,Genoa,Lecce,0,1,0,0.0,-1.0,1,-0.45,1,0,1,21,0,6,0,1.0
2024-01-28,2023-24,SerieA,Monza,Sassuolo,2,0,1,0.666667,0.666667,3,0.216667,0,1,1,21,0,0,0,1.0
2024-01-28,2023-24,SerieA,Lazio,Napoli,3,4,0,0.428571,-0.714286,7,-0.021429,0,0,0,20,0,4,1,0.5
2024-01-28,2023-24,LaLiga,Ath Madrid,Valencia,5,1,1,0.714286,0.714286,7,0.264286,1,0,0,20,0,1,5,1.0
2024-01-28,2023-24,Ligue1,Reims,Nantes,6,1,0,0.857143,1.142857,7,0.407143,0,0,1,18,0,2,0,0.5
2024-01-28,2023-24,Ligue1,Lorient,Le Havre,0,1,0,0.0,-3.0,1,-0.45,1,1,0,18,0,0,1,0.5
2024-01-28,2023-24,Ligue1,Clermont,Strasbourg,0,2,3,0.0,-0.6,5,-0.45,0,0,0,18,0,1,5,0.5
2024-01-28,2023-24,SerieA,Fiorentina,Inter,1,5,1,0.142857,-1.285714,7,-0.307143,1,0,0,20,0,1,14,0.0
2024-01-28,2023-24,SerieA,Verona,Frosinone,0,1,0,0.0,-1.0,1,-0.45,1,1,0,21,0,0,1,0.5
2024-01-28,2023-24,Ligue1,Toulouse,Lens,0,3,0,0.0,-1.666667,3,-0.45,1,0,1,18,0,1,0,0.0
2024-01-28,2023-24,Ligue1,Paris SG,Brest,7,0,0,1.0,1.714286,7,0.55,0,0,0,18,0,13,7,0.5
2024-01-28,2023-24,Bundesliga,Union Berlin,Darmstadt,1,0,0,1.0,3.0,1,0.55,0,1,0,17,0,0,1,1.0
2024-01-28,2023-24,Bundesliga,Dortmund,Bochum,1,1,3,0.2,0.4,5,-0.25,0,0,0,18,0,4,2,1.0
2024-01-29,2023-24,SerieA,Salernitana,Roma,0,3,2,0.0,-1.2,5,-0.45,0,1,0,21,0,0,1,0.0
2024-01-29,2023-24,LaLiga,Getafe,Granada,1,1,3,0.2,0.2,5,-0.25,0,1,1,20,0,0,0,1.0
2024-01-30,2023-24,EPL,Crystal Palace,Sheffield United,3,0,0,1.0,1.666667,3,0.55,0,1,0,21,0,0,1,1.0
2024-01-30,2023-24,EPL,Nott'm Forest,Arsenal,1,2,0,0.333333,-1.666667,3,-0.116667,1,1,0,21,0,0,1,0.0
2024-01-30,2023-24,EPL,Fulham,Everton,3,1,1,0.6,0.8,5,0.15,0,1,0,21,0,0,1,0.5
2024-01-30,2023-24,EPL,Luton,Brighton,0,1,0,0.0,-3.0,1,-0.45,1,0,0,20,0,1,4,1.0
2024-01-30,2023-24,EPL,Aston Villa,Newcastle,3,3,1,0.428571,-0.285714,7,-0.021429,1,0,1,21,0,2,0,0.0
2024-01-31,2023-24,LaLiga,Ath Madrid,Vallecano,4,0,1,0.8,2.2,5,0.35,0,0,0,21,0,2,1,1.0
2024-01-31,2023-24,LaLiga,Barcelona,Osasuna,6,0,1,0.857143,1.857143,7,0.407143,0,1,0,21,0,0,3,1.0
2024-01-31,2023-24,EPL,Liverpool,Chelsea,1,1,5,0.142857,0.142857,7,-0.307143,0,0,0,21,0,14,3,1.0
2024-01-31,2023-24,EPL,Tottenham,Brentford,1,1,3,0.2,0.0,5,-0.25,0,0,0,21,0,2,1,1.0
2024-01-31,2023-24,EPL,Man City,Burnley,5,0,0,1.0,2.8,5,0.55,0,0,0,20,0,5,1,1.0
2024-02-01,2023-24,LaLiga,Getafe,Real Madrid,1,5,1,0.142857,-0.857143,7,-0.307143,1,0,0,21,0,1,15,0.0
2024-02-01,2023-24,EPL,West Ham,Bournemouth,2,0,1,0.666667,2.0,3,0.216667,0,0,1,21,0,5,0,0.5
2024-02-01,2023-24,EPL,Wolves,Man United,1,6,0,0.142857,-0.857143,7,-0.307143,1,0,0,21,0,4,1,0.0
2024-02-02,2023-24,Ligue1,Strasbourg,Paris SG,0,5,2,0.0,-1.857143,7,-0.45,1,0,0,19,0,6,14,0.0
2024-02-02,2023-24,Bundesliga,Heidenheim,Dortmund,0,0,1,0.0,0.0,1,-0.45,0,0,0,19,0,6,5,0.5
2024-02-02,2023-24,SerieA,Lecce,Fiorentina,0,1,2,0.0,-0.333333,3,-0.45,0,1,1,22,0,0,0,1.0
2024-02-02,2023-24,LaLiga,Ath Bilbao,Mallorca,1,1,3,0.2,0.2,5,-0.25,0,0,1,22,0,1,0,1.0
2024-02-03,2023-24,EPL,Everton,Tottenham,1,3,3,0.142857,-1.0,7,-0.307143,1,0,0,22,0,2,3,0.5
2024-02-03,2023-24,EPL,Brighton,Crystal Palace,1,1,5,0.142857,0.0,7,-0.307143,0,1,0,22,0,0,1,1.0
2024-02-03,2023-24,EPL,Burnley,Fulham,2,0,1,0.666667,1.333333,3,0.216667,0,1,0,22,0,0,1,0.5
2024-02-03,2023-24,EPL,Newcastle,Luton,0,1,0,0.0,-1.0,1,-0.45,1,0,0,22,0,1,2,0.5
2024-02-03,2023-24,SerieA,Empoli,Genoa,0,0,3,0.0,0.0,3,-0.45,0,0,0,22,0,2,7,0.5
2024-02-03,2023-24,SerieA,Udinese,Monza,1,0,2,0.333333,0.333333,3,-0.116667,0,1,0,22,0,0,1,0.5
2024-02-03,2023-24,SerieA,Frosinone,Milan,0,1,0,0.0,-2.0,1,-0.45,1,0,0,22,0,2,7,0.0
2024-02-03,2023-24,EPL,Sheffield United,Aston Villa,1,1,1,0.333333,0.0,3,-0.116667,0,1,1,22,0,0,0,0.0
2024-02-03,2023-24,SerieA,Bologna,Sassuolo,2,2,3,0.285714,0.428571,7,-0.164286,0,0,1,21,0,1,0,1.0
2024-02-03,2023-24,Bundesliga,Bayern Munich,M'gladbach,2,3,2,0.285714,0.571429,7,-0.164286,0,0,0,19,0,2,1,1.0
2024-02-03,2023-24,LaLiga,Alaves,Barcelona,0,3,2,0.0,-1.2,5,-0.45,1,0,0,22,0,4,1,0.0
2024-02-03,2023-24,LaLiga,Girona,Sociedad,0,1,2,0.0,-0.666667,3,-0.45,0,0,0,22,0,14,2,0.5
2024-02-03,2023-24,Bundesliga,Bochum,Augsburg,3,1,1,0.6,0.2,5,0.15,0,1,1,19,0,0,0,0.5
2024-02-03,2023-24,Ligue1,Nantes,Lens,1,2,4,0.142857,-0.714286,7,-0.307143,1,0,0,19,0,1,1,0.0
2024-02-03,2023-24,LaLiga,Granada,Las Palmas,0,1,0,0.0,-1.0,1,-0.45,1,1,1,22,0,0,0,0.5
2024-02-03,2023-24,Ligue1,Rennes,Montpellier,4,2,1,0.571429,0.857143,7,0.121429,0,0,0,19,0,4,1,1.0
2024-02-03,2023-24,Bundesliga,FC Koln,Ein Frankfurt,2,1,4,0.285714,0.285714,7,-0.164286,0,0,0,19,0,1,4,1.0
2024-02-03,2023-24,Bundesliga,Mainz,Werder Bremen,2,2,1,0.4,-0.4,5,-0.05,1,1,0,18,0,0,6,0.0
2024-02-03,2023-24,Bundesliga,Freiburg,Stuttgart,6,1,0,0.857143,0.285714,7,0.407143,1,1,0,19,0,0,1,0.0
2024-02-03,2023-24,Bundesliga,Darmstadt,Leverkusen,0,1,0,0.0,-4.0,1,-0.45,1,1,0,19,0,0,15,0.0
2024-02-03,2023-24,LaLiga,Valencia,Almeria,0,1,2,0.0,-0.333333,3,-0.45,0,1,1,22,0,0,0,1.0
2024-02-04,2023-24,Ligue1,Reims,Toulouse,1,1,1,0.333333,0.666667,3,-0.116667,0,0,1,19,0,3,0,0.0
2024-02-04,2023-24,Bundesliga,Wolfsburg,Hoffenheim,3,4,0,0.428571,-0.428571,7,-0.021429,1,0,0,19,0,3,1,0.5
2024-02-04,2023-24,Ligue1,Lyon,Marseille,2,3,2,0.285714,-0.142857,7,-0.164286,1,1,0,19,0,0,8,1.0
2024-02-04,2023-24,Bundesliga,RB Leipzig,Union Berlin,2,5,0,0.285714,-0.142857,7,-0.164286,0,1,0,19,0,0,1,1.0
2024-02-04,2023-24,LaLiga,Real Madrid,Ath Madrid,3,2,2,0.428571,0.285714,7,-0.021429,1,0,0,22,0,15,3,0.5
2024-02-04,2023-24,LaLiga,Betis,Getafe,3,2,2,0.428571,0.0,7,-0.021429,0,0,1,22,0,1,0,0.5
2024-02-04,2023-24,LaLiga,Villarreal,Cadiz,2,2,3,0.285714,0.0,7,-0.164286,1,0,0,22,0,2,1,0.5
2024-02-04,2023-24,Ligue1,Brest,Nice,2,4,1,0.285714,-0.428571,7,-0.164286,0,0,0,19,0,8,1,0.5
2024-02-04,2023-24,EPL,Man United,West Ham,5,2,0,0.714286,0.428571,7,0.264286,1,0,0,22,0,2,6,1.0
2024-02-04,2023-24,EPL,Chelsea,Wolves,1,3,3,0.142857,0.0,7,-0.307143,1,1,1,22,0,0,0,0.0
2024-02-04,2023-24,SerieA,Napoli,Verona,3,1,3,0.428571,0.571429,7,-0.021429,0,0,0,21,0,2,1,1.0
2024-02-04,2023-24,SerieA,Atalanta,Lazio,2,3,2,0.285714,0.0,7,-0.164286,1,0,0,21,0,4,5,1.0
2024-02-04,2023-24,SerieA,Inter,Juventus,2,3,2,0.285714,-0.142857,7,-0.164286,0,0,0,21,0,15,15,1.0
2024-02-04,2023-24,SerieA,Torino,Salernitana,3,0,2,0.6,1.6,5,0.15,0,0,1,21,0,3,0,0.5
2024-02-04,2023-24,Ligue1,Monaco,Le Havre,0,0,1,0.0,0.0,1,-0.45,0,0,0,19,0,1,2,0.5
2024-02-04,2023-24,EPL,Bournemouth,Nott'm Forest,2,0,1,0.666667,0.666667,3,0.216667,0,0,1,21,0,1,0,0.5
2024-02-04,2023-24,LaLiga,Osasuna,Celta,3,2,2,0.428571,0.285714,7,-0.021429,0,1,1,22,0,0,0,0.0
2024-02-04,2023-24,Ligue1,Metz,Lorient,3,2,0,0.6,0.8,5,0.15,0,1,0,19,0,0,1,0.0
2024-02-04,2023-24,EPL,Arsenal,Liverpool,1,4,2,0.142857,-1.428571,7,-0.307143,0,0,0,22,0,2,15,1.0
2024-02-04,2023-24,Ligue1,Lille,Clermont,2,1,2,0.4,1.0,5,-0.05,0,0,0,19,0,2,2,1.0
2024-02-05,2023-24,EPL,Brentford,Man City,2,2,0,0.5,-0.25,4,0.05,0,1,0,21,0,0,6,0.0
2024-02-05,2023-24,SerieA,Roma,Cagliari,4,1,0,0.8,1.0,5,0.35,0,0,1,22,0,2,0,1.0
2024-02-05,2023-24,LaLiga,Vallecano,Sevilla,1,1,3,0.2,-0.4,5,-0.25,0,1,0,22,0,0,1,0.0
2024-02-07,2023-24,Bundesliga,Mainz,Union Berlin,1,5,1,0.142857,-1.428571,7,-0.307143,1,1,1,19,0,0,0,0.5
2024-02-09,2023-24,Bundesliga,Dortmund,Freiburg,5,2,0,0.714286,2.0,7,0.264286,0,0,1,20,0,6,0,1.0
2024-02-09,2023-24,LaLiga,Cadiz,Betis,1,3,3,0.142857,-0.142857,7,-0.307143,0,0,0,23,0,2,2,0.0
2024-02-09,2023-24,Ligue1,Marseille,Metz,1,0,4,0.2,0.2,5,-0.25,0,1,1,20,0,0,0,0.5
2024-02-09,2023-24,SerieA,Salernitana,Empoli,0,3,2,0.0,-0.8,5,-0.45,1,0,0,23,0,1,3,0.0
2024-02-10,2023-24,Bundesliga,Leverkusen,Bayern Munich,1,4,2,0.142857,-1.428571,7,-0.307143,0,0,0,20,0,15,3,1.0
2024-02-10,2023-24,SerieA,Sassuolo,Torino,1,3,3,0.142857,-0.285714,7,-0.307143,1,1,0,22,0,0,4,0.5
2024-02-10,2023-24,SerieA,Roma,Inter,1,5,1,0.142857,-1.285714,7,-0.307143,1,0,0,23,0,3,15,0.0
2024-02-10,2023-24,Bundesliga,Ein Frankfurt,Bochum,1,2,2,0.2,-0.8,5,-0.25,0,1,0,20,0,0,1,0.5
2024-02-10,2023-24,Bundesliga,M'gladbach,Darmstadt,0,0,1,0.0,0.0,1,-0.45,0,1,1,20,0,0,0,0.5
2024-02-10,2023-24,Bundesliga,Union Berlin,Wolfsburg,2,3,2,0.285714,-0.142857,7,-0.164286,1,0,0,20,0,1,4,1.0
2024-02-10,2023-24,Bundesliga,Werder Bremen,Heidenheim,0,1,0,0.0,-2.0,1,-0.45,1,0,0,20,0,7,7,0.0
2024-02-10,2023-24,SerieA,Cagliari,Lazio,0,4,1,0.0,-1.4,5,-0.45,1,1,1,23,0,0,0,0.0
2024-02-10,2023-24,Bundesliga,Augsburg,RB Leipzig,0,5,2,0.0,-1.571429,7,-0.45,1,0,0,20,0,1,1,0.5
2024-02-10,2023-24,EPL,Fulham,Bournemouth,0,2,1,0.0,-1.333333,3,-0.45,1,0,0,23,0,2,2,1.0
2024-02-10,2023-24,EPL,Luton,Sheffield United,1,0,0,1.0,1.0,1,0.55,0,0,1,22,0,3,0,0.0
2024-02-10,2023-24,EPL,Tottenham,Brighton,4,3,0,0.571429,0.142857,7,0.121429,1,0,0,23,0,4,1,1.0
2024-02-10,2023-24,EPL,Wolves,Brentford,3,1,1,0.6,0.8,5,0.15,0,0,1,23,0,1,0,0.0
2024-02-10,2023-24,EPL,Nott'm Forest,Newcastle,1,2,0,0.333333,-0.333333,3,-0.116667,0,0,0,23,0,1,2,0.0
2024-02-10,2023-24,EPL,Liverpool,Burnley,4,1,0,0.8,1.4,5,0.35,0,1,0,23,0,0,1,1.0
2024-02-10,2023-24,Ligue1,Paris SG,Lille,4,1,2,0.571429,1.571429,7,0.121429,0,0,0,20,0,15,3,1.0
2024-02-10,2023-24,Ligue1,Lens,Strasbourg,3,3,1,0.428571,0.0,7,-0.021429,0,0,1,20,0,2,0,1.0
2024-02-10,2023-24,LaLiga,Alaves,Villarreal,2,2,1,0.4,-0.6,5,-0.05,0,1,0,23,0,0,3,0.5
2024-02-10,2023-24,LaLiga,Sociedad,Osasuna,5,0,2,0.714286,1.142857,7,0.264286,0,0,1,23,0,3,0,0.0
2024-02-10,2023-24,EPL,Man City,Everton,6,0,1,0.857143,2.285714,7,0.407143,0,0,0,22,0,7,3,1.0
2024-02-10,2023-24,LaLiga,Real Madrid,Girona,1,1,1,0.333333,0.333333,3,-0.116667,0,0,0,23,0,15,15,1.0
2024-02-10,2023-24,LaLiga,Las Palmas,Valencia,0,1,0,0.0,-1.0,1,-0.45,1,0,0,23,0,1,1,1.0
2024-02-11,2023-24,Ligue1,Nice,Monaco,2,4,1,0.285714,0.0,7,-0.164286,0,0,0,20,0,2,2,0.0
2024-02-11,2023-24,EPL,Aston Villa,Man United,2,4,1,0.285714,-0.285714,7,-0.164286,1,0,0,23,0,1,3,0.0
2024-02-11,2023-24,SerieA,Bologna,Lecce,2,0,1,0.666667,1.0,3,0.216667,0,0,0,22,0,2,1,1.0
2024-02-11,2023-24,SerieA,Fiorentina,Frosinone,0,0,1,0.0,0.0,1,-0.45,0,1,1,22,0,0,0,1.0
2024-02-11,2023-24,SerieA,Genoa,Atalanta,0,2,3,0.0,-0.6,5,-0.45,1,0,0,23,0,8,5,0.0
2024-02-11,2023-24,EPL,West Ham,Arsenal,1,4,2,0.142857,-0.571429,7,-0.307143,0,1,0,23,0,0,3,0.0
2024-02-11,2023-24,SerieA,Monza,Verona,2,0,1,0.666667,1.333333,3,0.216667,0,0,1,23,0,2,0,0.5
2024-02-11,2023-24,SerieA,Milan,Napoli,3,3,1,0.428571,0.571429,7,-0.021429,0,0,0,23,0,8,3,1.0
2024-02-11,2023-24,Ligue1,Le Havre,Rennes,0,0,1,0.0,0.0,1,-0.45,0,0,0,20,0,3,5,0.0
2024-02-11,2023-24,LaLiga,Sevilla,Ath Madrid,2,4,1,0.285714,-1.142857,7,-0.164286,1,0,0,23,0,2,4,1.0
2024-02-11,2023-24,Ligue1,Toulouse,Nantes,1,1,1,0.333333,-0.333333,3,-0.116667,0,0,1,20,0,1,0,0.0
2024-02-11,2023-24,Ligue1,Lorient,Reims,2,3,2,0.285714,-0.142857,7,-0.164286,1,0,1,20,0,2,0,1.0
2024-02-11,2023-24,Bundesliga,Hoffenheim,FC Koln,5,1,1,0.714286,1.428571,7,0.264286,0,0,0,20,0,2,2,0.5
2024-02-11,2023-24,Bundesliga,Stuttgart,Mainz,5,0,2,0.714286,1.571429,7,0.264286,0,0,0,20,0,2,1,1.0
2024-02-11,2023-24,LaLiga,Getafe,Celta,2,2,3,0.285714,-0.142857,7,-0.164286,0,0,0,23,0,1,1,1.0
2024-02-11,2023-24,LaLiga,Mallorca,Vallecano,3,1,1,0.6,0.8,5,0.15,0,1,1,23,0,0,0,1.0
2024-02-11,2023-24,Ligue1,Montpellier,Lyon,3,4,0,0.428571,-0.142857,7,-0.021429,0,1,0,20,0,0,1,0.0
2024-02-11,2023-24,LaLiga,Barcelona,Granada,1,1,3,0.2,0.6,5,-0.25,0,0,0,23,0,2,1,0.5
2024-02-11,2023-24,Ligue1,Clermont,Brest,0,4,1,0.0,-1.6,5,-0.45,1,1,0,20,0,0,9,0.5
2024-02-12,2023-24,SerieA,Juventus,Udinese,6,0,1,0.857143,1.571429,7,0.407143,0,1,0,23,0,0,1,0.0
2024-02-12,2023-24,EPL,Crystal Palace,Chelsea,0,7,0,0.0,-2.0,7,-0.45,1,1,1,23,0,0,0,0.0
2024-02-12,2023-24,LaLiga,Almeria,Ath Bilbao,0,3,0,0.0,-2.666667,3,-0.45,1,1,0,23,0,0,2,0.5
2024-02-14,2023-24,SerieA,Bologna,Fiorentina,2,3,2,0.285714,-0.142857,7,-0.164286,1,0,0,23,0,3,1,1.0
2024-02-16,2023-24,Ligue1,Lyon,Nice,2,3,2,0.285714,0.142857,7,-0.164286,0,0,1,21,0,2,0,1.0
2024-02-16,2023-24,Bundesliga,FC Koln,Werder Bremen,1,1,3,0.2,1.0,5,-0.25,1,0,1,21,0,3,0,0.0
2024-02-16,2023-24,SerieA,Torino,Lecce,3,0,0,1.0,1.333333,3,0.55,0,0,1,23,0,5,0,1.0
2024-02-16,2023-24,SerieA,Inter,Salernitana,4,0,1,0.8,3.2,5,0.35,0,0,1,23,0,15,0,1.0
2024-02-16,2023-24,LaLiga,Villarreal,Getafe,5,0,2,0.714286,0.857143,7,0.264286,0,0,0,24,0,4,2,0.5
2024-02-17,2023-24,Ligue1,Nantes,Paris SG,2,5,0,0.285714,-1.142857,7,-0.164286,1,0,0,21,0,1,15,0.0
2024-02-17,2023-24,Ligue1,Lille,Le Havre,1,0,0,1.0,2.0,1,0.55,0,1,1,21,0,0,0,1.0
2024-02-17,2023-24,SerieA,Verona,Juventus,1,4,2,0.142857,-0.571429,7,-0.307143,1,0,1,24,0,1,0,0.5
2024-02-17,2023-24,SerieA,Atalanta,Sassuolo,4,2,1,0.571429,0.857143,7,0.121429,0,0,0,23,0,6,1,1.0
2024-02-17,2023-24,LaLiga,Celta,Barcelona,2,4,1,0.285714,-0.714286,7,-0.164286,1,1,0,24,0,0,3,0.0
2024-02-17,2023-24,LaLiga,Osasuna,Cadiz,6,0,1,0.857143,1.285714,7,0.407143,0,0,1,24,0,1,0,1.0
2024-02-17,2023-24,LaLiga,Ath Madrid,Las Palmas,0,1,0,0.0,-1.0,1,-0.45,1,1,0,24,0,0,2,1.0
2024-02-17,2023-24,Bundesliga,Darmstadt,Stuttgart,0,1,0,0.0,-2.0,1,-0.45,1,0,0,21,0,1,3,0.0
2024-02-17,2023-24,Bundesliga,Heidenheim,Leverkusen,0,1,0,0.0,-3.0,1,-0.45,1,0,0,21,0,8,15,0.0
2024-02-17,2023-24,EPL,Man City,Chelsea,5,1,1,0.714286,0.714286,7,0.264286,0,0,0,23,0,8,1,0.5
2024-02-17,2023-24,EPL,Tottenham,Wolves,3,3,1,0.428571,0.0,7,-0.021429,1,0,1,24,0,5,0,0.0
2024-02-17,2023-24,EPL,Nott'm Forest,West Ham,1,2,0,0.333333,-1.333333,3,-0.116667,1,1,1,24,0,0,0,1.0
2024-02-17,2023-24,EPL,Newcastle,Bournemouth,0,1,2,0.0,-0.666667,3,-0.45,1,0,1,24,0,3,0,0.5
2024-02-17,2023-24,LaLiga,Valencia,Sevilla,1,4,2,0.142857,-0.714286,7,-0.307143,0,1,0,24,0,0,3,0.5
2024-02-17,2023-24,EPL,Burnley,Arsenal,1,2,2,0.2,-0.4,5,-0.25,1,1,0,24,0,0,4,0.0
2024-02-17,2023-24,EPL,Fulham,Aston Villa,1,4,0,0.2,-1.0,5,-0.25,1,0,1,24,0,3,0,0.0
2024-02-17,2023-24,Bundesliga,Hoffenheim,Union Berlin,2,3,2,0.285714,-0.142857,7,-0.164286,0,0,0,21,0,3,2,0.0
2024-02-17,2023-24,Bundesliga,Mainz,Augsburg,3,4,0,0.428571,0.142857,7,-0.021429,1,1,0,21,0,0,2,1.0
2024-02-17,2023-24,Bundesliga,Wolfsburg,Dortmund,1,6,0,0.142857,-2.285714,7,-0.307143,1,1,0,21,0,0,7,0.5
2024-02-17,2023-24,Bundesliga,RB Leipzig,M'gladbach,4,3,0,0.571429,0.285714,7,0.121429,0,0,0,21,0,2,1,1.0
2024-02-17,2023-24,EPL,Brentford,Liverpool,1,3,1,0.2,-1.0,5,-0.25,1,0,0,23,0,1,1,0.0
2024-02-17,2023-24,SerieA,Napoli,Genoa,3,1,1,0.6,1.8,5,0.15,0,1,1,23,0,0,0,0.5
2024-02-18,2023-24,Ligue1,Montpellier,Metz,2,1,2,0.4,0.2,5,-0.05,0,1,0,21,0,0,1,1.0
2024-02-18,2023-24,Ligue1,Rennes,Clermont,3,2,0,0.6,1.6,5,0.15,0,0,0,21,0,6,1,1.0
2024-02-18,2023-24,Ligue1,Reims,Lens,0,4,3,0.0,-0.857143,7,-0.45,1,1,0,21,0,0,3,0.5
2024-02-18,2023-24,Ligue1,Brest,Marseille,2,4,1,0.285714,-0.857143,7,-0.164286,1,0,0,21,0,10,1,1.0
2024-02-18,2023-24,Ligue1,Monaco,Toulouse,2,1,0,0.666667,0.666667,3,0.216667,0,0,1,21,0,3,0,0.0
2024-02-18,2023-24,Ligue1,Strasbourg,Lorient,2,2,3,0.285714,0.285714,7,-0.164286,0,1,0,21,0,0,3,0.0
2024-02-18,2023-24,LaLiga,Betis,Alaves,4,0,1,0.8,1.4,5,0.35,0,0,0,24,0,3,1,0.5
2024-02-18,2023-24,Bundesliga,Freiburg,Ein Frankfurt,1,3,3,0.142857,-0.571429,7,-0.307143,0,1,0,21,0,0,1,0.5
2024-02-18,2023-24,Bundesliga,Bochum,Bayern Munich,1,4,0,0.2,-4.4,5,-0.25,1,0,1,21,0,2,0,1.0
2024-02-18,2023-24,LaLiga,Mallorca,Sociedad,0,4,1,0.0,-1.0,5,-0.45,1,0,1,24,0,1,0,0.0
2024-02-18,2023-24,LaLiga,Vallecano,Real Madrid,1,3,1,0.2,-0.4,5,-0.25,0,1,0,24,0,0,15,0.5
2024-02-18,2023-24,SerieA,Lazio,Bologna,3,3,1,0.428571,-0.142857,7,-0.021429,1,0,0,23,0,1,4,0.0
2024-02-18,2023-24,SerieA,Empoli,Fiorentina,2,1,2,0.4,0.4,5,-0.05,0,0,1,24,0,4,0,0.5
2024-02-18,2023-24,SerieA,Udinese,Cagliari,2,1,2,0.4,1.4,5,-0.05,0,0,1,24,0,2,0,0.5
2024-02-18,2023-24,EPL,Luton,Man United,0,1,0,0.0,-1.0,1,-0.45,1,1,0,23,0,0,4,0.0
2024-02-18,2023-24,EPL,Sheffield United,Brighton,1,0,2,0.333333,0.333333,3,-0.116667,0,0,1,24,0,1,0,0.0
2024-02-18,2023-24,SerieA,Frosinone,Roma,0,1,0,0.0,-2.0,1,-0.45,1,1,1,24,0,0,0,0.0
2024-02-18,2023-24,SerieA,Monza,Milan,0,3,0,0.0,-2.333333,3,-0.45,1,0,0,24,0,3,9,1.0
2024-02-18,2023-24,LaLiga,Granada,Almeria,0,0,1,0.0,0.0,1,-0.45,0,0,0,24,0,2,1,0.5
2024-02-19,2023-24,LaLiga,Ath Bilbao,Girona,0,2,1,0.0,-0.666667,3,-0.45,0,0,1,24,0,3,0,1.0
2024-02-19,2023-24,EPL,Everton,Crystal Palace,4,1,2,0.571429,0.571429,7,0.121429,0,1,1,24,0,0,0,0.5
2024-02-20,2023-24,EPL,Man City,Brentford,3,2,0,0.6,0.6,5,0.15,0,0,1,24,0,9,0,1.0
2024-02-21,2023-24,EPL,Liverpool,Luton,0,0,1,0.0,0.0,1,-0.45,0,0,1,25,0,2,0,1.0
2024-02-22,2023-24,SerieA,Torino,Lazio,1,2,4,0.142857,-0.285714,7,-0.307143,1,0,1,24,0,6,0,0.0
2024-02-23,2023-24,Bundesliga,Leverkusen,Mainz,4,2,1,0.571429,0.857143,7,0.121429,0,0,0,22,0,15,1,1.0
2024-02-23,2023-24,SerieA,Bologna,Verona,2,2,3,0.285714,0.0,7,-0.164286,0,0,0,25,0,5,2,1.0
2024-02-23,2023-24,LaLiga,Sociedad,Villarreal,3,2,2,0.428571,0.142857,7,-0.021429,0,0,0,25,0,1,5,0.0
2024-02-23,2023-24,Ligue1,Metz,Lyon,2,1,2,0.4,0.0,5,-0.05,0,1,0,22,0,0,3,0.0
2024-02-24,2023-24,SerieA,Sassuolo,Empoli,3,2,0,0.6,0.8,5,0.15,0,1,0,24,0,0,5,0.0
2024-02-24,2023-24,SerieA,Salernitana,Monza,1,2,0,0.333333,-1.0,3,-0.116667,1,1,0,25,0,0,4,0.0
2024-02-24,2023-24,SerieA,Genoa,Udinese,0,1,4,0.0,-0.2,5,-0.45,0,0,0,25,0,1,3,1.0
2024-02-24,2023-24,LaLiga,Almeria,Ath Madrid,0,2,1,0.0,-0.666667,3,-0.45,1,0,0,25,0,2,1,0.5
2024-02-24,2023-24,LaLiga,Alaves,Mallorca,0,2,1,0.0,-0.666667,3,-0.45,0,0,1,25,0,2,0,0.5
2024-02-24,2023-24,LaLiga,Barcelona,Getafe,3,1,3,0.428571,0.571429,7,-0.021429,0,0,0,25,0,4,3,1.0
2024-02-24,2023-24,Bundesliga,M'gladbach,Bochum,4,1,0,0.8,1.2,5,0.35,0,1,0,22,0,0,3,1.0
2024-02-24,2023-24,Bundesliga,Stuttgart,FC Koln,4,1,2,0.571429,0.857143,7,0.121429,0,0,1,22,0,4,0,0.5
2024-02-24,2023-24,Bundesliga,Union Berlin,Heidenheim,0,1,0,0.0,-1.0,1,-0.45,1,0,1,22,0,3,0,0.5
2024-02-24,2023-24,Bundesliga,Werder Bremen,Darmstadt,0,1,0,0.0,-2.0,1,-0.45,1,0,1,22,0,1,0,0.5
2024-02-24,2023-24,Bundesliga,Bayern Munich,RB Leipzig,3,1,3,0.428571,0.428571,7,-0.021429,0,1,0,22,0,0,3,1.0
2024-02-24,2023-24,EPL,Brighton,Everton,2,3,2,0.285714,-0.571429,7,-0.164286,0,0,0,25,0,1,1,0.5
2024-02-24,2023-24,EPL,Aston Villa,Nott'm Forest,1,1,1,0.333333,0.0,3,-0.116667,1,0,0,25,0,1,1,1.0
2024-02-24,2023-24,EPL,Bournemouth,Man City,0,3,0,0.0,-4.0,3,-0.45,1,0,0,24,0,1,10,0.0
2024-02-24,2023-24,Ligue1,Lorient,Nantes,1,5,1,0.142857,-1.0,7,-0.307143,1,0,1,22,0,4,0,0.0
2024-02-24,2023-24,Ligue1,Strasbourg,Brest,3,1,3,0.428571,0.714286,7,-0.021429,0,1,0,22,0,0,11,0.0
2024-02-24,2023-24,EPL,Man United,Fulham,4,0,1,0.8,0.8,5,0.35,0,0,1,25,0,5,0,0.0
2024-02-24,2023-24,EPL,Arsenal,Newcastle,4,2,1,0.571429,0.857143,7,0.121429,1,0,0,25,0,5,4,1.0
2024-02-24,2023-24,EPL,Crystal Palace,Burnley,1,2,2,0.2,-0.4,5,-0.25,0,0,1,25,0,1,0,1.0
2024-02-25,2023-24,SerieA,Lecce,Inter,0,3,0,0.0,-1.666667,3,-0.45,1,1,0,25,0,0,15,0.0
2024-02-25,2023-24,EPL,Wolves,Sheffield United,2,1,0,0.666667,0.666667,3,0.216667,1,0,1,25,0,1,0,1.0
2024-02-25,2023-24,SerieA,Cagliari,Napoli,0,3,2,0.0,-1.2,5,-0.45,1,0,0,25,0,1,1,0.5
2024-02-25,2023-24,LaLiga,Cadiz,Celta,2,2,3,0.285714,-0.714286,7,-0.164286,0,1,1,25,0,0,0,0.5
2024-02-25,2023-24,Ligue1,Paris SG,Rennes,3,3,1,0.428571,0.142857,7,-0.021429,0,0,0,22,0,15,7,0.5
2024-02-25,2023-24,Ligue1,Toulouse,Lille,0,2,1,0.0,-1.0,3,-0.45,0,0,0,22,0,1,1,1.0
2024-02-25,2023-24,Ligue1,Nice,Clermont,2,3,0,0.4,-0.2,5,-0.05,0,1,1,22,0,0,0,0.5
2024-02-25,2023-24,Ligue1,Le Havre,Reims,0,1,0,0.0,-1.0,1,-0.45,1,1,0,22,0,0,1,0.0
2024-02-25,2023-24,Ligue1,Lens,Monaco,4,1,2,0.571429,1.142857,7,0.121429,1,0,1,22,0,4,0,0.0
2024-02-25,2023-24,SerieA,Juventus,Frosinone,1,0,0,1.0,1.0,1,0.55,0,0,1,25,0,1,0,1.0
2024-02-25,2023-24,Bundesliga,Ein Frankfurt,Wolfsburg,1,4,2,0.142857,-0.714286,7,-0.307143,1,0,0,22,0,2,1,0.5
2024-02-25,2023-24,Ligue1,Marseille,Montpellier,4,0,3,0.571429,0.857143,7,0.121429,0,1,0,22,0,0,1,1.0
2024-02-25,2023-24,Bundesliga,Augsburg,Freiburg,0,6,1,0.0,-2.0,7,-0.45,1,1,0,22,0,0,1,1.0
2024-02-25,2023-24,LaLiga,Betis,Ath Bilbao,2,3,2,0.285714,-0.714286,7,-0.164286,1,0,0,25,0,4,4,1.0
2024-02-25,2023-24,LaLiga,Las Palmas,Osasuna,0,0,1,0.0,0.0,1,-0.45,0,1,0,25,0,0,2,0.5
2024-02-25,2023-24,LaLiga,Real Madrid,Sevilla,5,0,2,0.714286,0.857143,7,0.264286,0,0,0,25,0,15,4,1.0
2024-02-25,2023-24,Bundesliga,Dortmund,Hoffenheim,6,0,1,0.857143,1.0,7,0.407143,0,0,1,22,0,8,0,0.0
2024-02-25,2023-24,SerieA,Milan,Atalanta,4,2,1,0.571429,0.428571,7,0.121429,1,1,0,25,0,0,7,0.5
2024-02-26,2023-24,EPL,West Ham,Brentford,0,5,0,0.0,-1.6,5,-0.45,1,1,1,25,0,0,0,1.0
2024-02-26,2023-24,LaLiga,Girona,Vallecano,1,0,2,0.333333,0.333333,3,-0.116667,0,1,0,25,0,0,1,1.0
2024-02-26,2023-24,SerieA,Fiorentina,Lazio,1,5,1,0.142857,-1.142857,7,-0.307143,1,0,0,25,0,1,1,1.0
2024-02-26,2023-24,SerieA,Roma,Torino,4,1,2,0.571429,0.714286,7,0.121429,0,0,1,25,0,1,0,1.0
2024-02-28,2023-24,SerieA,Inter,Atalanta,4,0,3,0.571429,0.571429,7,0.121429,0,0,0,25,0,15,8,1.0
2024-02-28,2023-24,SerieA,Sassuolo,Napoli,1,4,2,0.142857,-1.571429,7,-0.307143,1,1,0,25,0,0,2,0.0
2024-03-01,2023-24,SerieA,Lazio,Milan,2,5,0,0.285714,-0.142857,7,-0.164286,1,1,0,26,0,0,1,0.0
2024-03-01,2023-24,Ligue1,Monaco,Paris SG,4,2,1,0.571429,0.428571,7,0.121429,1,0,0,23,0,1,15,0.5
2024-03-01,2023-24,LaLiga,Celta,Almeria,1,1,1,0.333333,-0.333333,3,-0.116667,0,0,0,26,0,1,3,1.0
2024-03-01,2023-24,Bundesliga,Freiburg,Bayern Munich,0,6,1,0.0,-2.0,7,-0.45,1,1,0,23,0,0,1,0.5
2024-03-02,2023-24,SerieA,Monza,Roma,0,2,1,0.0,-1.333333,3,-0.45,1,0,0,26,0,5,2,0.0
2024-03-02,2023-24,LaLiga,Sevilla,Sociedad,2,3,2,0.285714,-0.142857,7,-0.164286,1,1,1,26,0,0,0,1.0
2024-03-02,2023-24,EPL,Nott'm Forest,Liverpool,1,2,0,0.333333,-1.0,3,-0.116667,1,1,0,26,0,0,3,0.0
2024-03-02,2023-24,LaLiga,Vallecano,Cadiz,2,2,1,0.4,0.6,5,-0.05,0,1,0,26,0,0,1,0.5
2024-03-02,2023-24,EPL,Tottenham,Crystal Palace,5,1,1,0.714286,1.285714,7,0.264286,0,1,0,25,0,0,2,1.0
2024-03-02,2023-24,EPL,Luton,Aston Villa,0,1,0,0.0,-2.0,1,-0.45,1,1,0,25,0,0,2,0.0
2024-03-02,2023-24,EPL,Newcastle,Wolves,2,1,4,0.285714,0.142857,7,-0.164286,0,1,0,26,0,0,2,1.0
2024-03-02,2023-24,SerieA,Torino,Fiorentina,2,3,2,0.285714,0.285714,7,-0.164286,1,1,0,26,0,0,2,0.5
2024-03-02,2023-24,EPL,Everton,West Ham,3,4,0,0.428571,-0.285714,7,-0.021429,0,0,0,26,0,2,1,0.0
2024-03-02,2023-24,SerieA,Udinese,Salernitana,1,2,2,0.2,0.4,5,-0.25,0,1,1,26,0,0,0,0.5
2024-03-02,2023-24,Bundesliga,Wolfsburg,Stuttgart,4,2,1,0.571429,0.142857,7,0.121429,1,0,0,23,0,2,5,0.0
2024-03-02,2023-24,Bundesliga,Union Berlin,Dortmund,2,5,0,0.285714,-1.0,7,-0.164286,1,0,1,23,0,4,0,0.0
2024-03-02,2023-24,Bundesliga,Mainz,M'gladbach,3,1,3,0.428571,0.714286,7,-0.021429,0,1,0,23,0,0,1,0.5
2024-03-02,2023-24,Bundesliga,Heidenheim,Ein Frankfurt,0,1,0,0.0,-2.0,1,-0.45,1,0,0,23,0,1,3,0.0
2024-03-02,2023-24,Bundesliga,Darmstadt,Augsburg,1,0,0,1.0,1.0,1,0.55,0,0,0,23,0,1,1,0.0
2024-03-02,2023-24,Bundesliga,Bochum,RB Leipzig,1,3,1,0.2,-1.4,5,-0.25,0,1,1,23,0,0,0,0.0
2024-03-02,2023-24,Ligue1,Clermont,Marseille,1,4,0,0.2,-0.6,5,-0.25,1,0,0,23,0,1,1,0.0
2024-03-02,2023-24,LaLiga,Valencia,Real Madrid,2,5,0,0.285714,-1.142857,7,-0.164286,1,0,0,25,0,1,15,0.5
2024-03-02,2023-24,Ligue1,Reims,Lille,3,3,1,0.428571,0.0,7,-0.021429,0,0,1,23,0,2,0,0.0
2024-03-02,2023-24,LaLiga,Getafe,Las Palmas,0,1,0,0.0,-2.0,1,-0.45,1,1,0,26,0,0,1,0.5
2024-03-02,2023-24,EPL,Brentford,Chelsea,3,1,1,0.6,1.2,5,0.15,0,1,0,26,0,0,2,0.5
2024-03-02,2023-24,EPL,Fulham,Brighton,2,0,3,0.4,0.4,5,-0.05,0,0,0,26,0,1,2,1.0
2024-03-03,2023-24,SerieA,Napoli,Juventus,4,2,1,0.571429,0.714286,7,0.121429,1,0,0,26,0,3,2,1.0
2024-03-03,2023-24,SerieA,Atalanta,Bologna,3,2,2,0.428571,0.571429,7,-0.021429,1,1,0,26,0,0,6,0.0
2024-03-03,2023-24,SerieA,Frosinone,Lecce,0,1,0,0.0,-1.0,1,-0.45,1,1,1,26,0,0,0,0.5
2024-03-03,2023-24,SerieA,Empoli,Cagliari,1,0,2,0.333333,0.666667,3,-0.116667,0,0,0,26,0,6,2,0.0
2024-03-03,2023-24,SerieA,Verona,Sassuolo,2,5,0,0.285714,-0.571429,7,-0.164286,1,1,1,26,0,0,0,1.0
2024-03-03,2023-24,Ligue1,Nantes,Metz,1,2,2,0.2,-0.4,5,-0.25,1,0,1,23,0,1,0,0.0
2024-03-03,2023-24,Ligue1,Rennes,Lorient,3,3,1,0.428571,1.0,7,-0.021429,1,0,1,23,0,8,0,0.0
2024-03-03,2023-24,LaLiga,Ath Madrid,Betis,5,0,2,0.714286,1.285714,7,0.264286,0,0,0,26,0,2,5,1.0
2024-03-03,2023-24,LaLiga,Mallorca,Girona,0,2,1,0.0,-1.0,3,-0.45,1,0,0,26,0,1,1,1.0
2024-03-03,2023-24,LaLiga,Ath Bilbao,Barcelona,0,6,1,0.0,-1.714286,7,-0.45,1,1,0,26,0,0,5,0.5
2024-03-03,2023-24,Ligue1,Lyon,Lens,3,2,2,0.428571,0.142857,7,-0.021429,1,0,1,23,0,4,0,0.0
2024-03-03,2023-24,Bundesliga,Hoffenheim,Werder Bremen,3,1,1,0.6,1.0,5,0.15,0,0,0,23,0,1,2,1.0
2024-03-03,2023-24,Bundesliga,FC Koln,Leverkusen,2,4,1,0.285714,-1.285714,7,-0.164286,1,0,0,23,0,1,15,0.0
2024-03-03,2023-24,Ligue1,Montpellier,Strasbourg,3,2,2,0.428571,-0.142857,7,-0.021429,0,1,1,23,0,0,0,0.5
2024-03-03,2023-24,Ligue1,Brest,Le Havre,1,0,0,1.0,1.0,1,0.55,0,0,1,23,0,12,0,1.0
2024-03-03,2023-24,Ligue1,Toulouse,Nice,0,1,2,0.0,-0.333333,3,-0.45,1,0,0,23,0,2,1,1.0
2024-03-03,2023-24,EPL,Burnley,Bournemouth,0,1,0,0.0,-1.0,1,-0.45,1,1,1,26,0,0,0,0.0
2024-03-03,2023-24,EPL,Man City,Man United,4,2,1,0.571429,1.142857,7,0.121429,0,0,1,26,0,11,0,1.0
2024-03-03,2023-24,LaLiga,Villarreal,Granada,3,0,2,0.6,1.4,5,0.15,0,0,0,26,0,6,3,1.0
2024-03-04,2023-24,SerieA,Inter,Genoa,3,0,2,0.6,1.8,5,0.15,0,0,0,26,0,15,2,1.0
2024-03-04,2023-24,EPL,Sheffield United,Arsenal,0,3,0,0.0,-3.0,3,-0.45,1,1,0,26,0,0,6,0.0
2024-03-04,2023-24,LaLiga,Osasuna,Alaves,4,0,1,0.8,1.2,5,0.35,0,0,0,26,0,3,3,1.0
2024-03-08,2023-24,Ligue1,Nice,Montpellier,3,2,2,0.428571,0.714286,7,-0.021429,0,1,0,24,0,0,1,0.0
2024-03-08,2023-24,Bundesliga,Stuttgart,Union Berlin,1,3,3,0.142857,-0.285714,7,-0.307143,0,0,1,24,0,6,0,1.0
2024-03-08,2023-24,LaLiga,Barcelona,Mallorca,4,0,1,0.8,1.2,5,0.35,0,0,0,27,0,6,2,1.0
2024-03-08,2023-24,SerieA,Napoli,Torino,5,1,1,0.714286,1.0,7,0.264286,1,0,0,27,0,4,1,0.5
2024-03-09,2023-24,SerieA,Cagliari,Salernitana,0,0,3,0.0,0.0,3,-0.45,0,0,0,27,0,3,1,1.0
2024-03-09,2023-24,Bundesliga,Bayern Munich,Mainz,4,3,0,0.571429,0.714286,7,0.121429,0,0,0,24,0,2,1,1.0
2024-03-09,2023-24,Bundesliga,Augsburg,Heidenheim,1,0,0,1.0,3.0,1,0.55,0,0,1,24,0,2,0,1.0
2024-03-09,2023-24,LaLiga,Valencia,Getafe,2,3,2,0.285714,0.0,7,-0.164286,1,0,0,26,0,2,1,1.0
2024-03-09,2023-24,Bundesliga,Werder Bremen,Dortmund,1,4,0,0.2,-1.2,5,-0.25,1,1,0,24,0,0,1,0.0
2024-03-09,2023-24,EPL,Wolves,Fulham,2,1,2,0.4,0.2,5,-0.05,1,1,0,27,0,0,2,1.0
2024-03-09,2023-24,SerieA,Genoa,Monza,0,1,0,0.0,-1.0,1,-0.45,1,1,1,27,0,0,0,0.0
2024-03-09,2023-24,SerieA,Bologna,Inter,2,4,1,0.285714,-1.571429,7,-0.164286,0,0,0,27,0,7,15,0.0
2024-03-09,2023-24,EPL,Man United,Everton,4,1,2,0.571429,1.0,7,0.121429,0,1,1,27,0,0,0,1.0
2024-03-09,2023-24,EPL,Bournemouth,Sheffield United,1,0,0,1.0,2.0,1,0.55,0,0,1,26,0,1,0,0.5
2024-03-09,2023-24,SerieA,Sassuolo,Frosinone,0,1,0,0.0,-2.0,1,-0.45,1,1,0,27,0,0,1,1.0
2024-03-09,2023-24,EPL,Arsenal,Brentford,3,1,1,0.6,0.6,5,0.15,0,0,0,27,0,7,1,1.0
2024-03-09,2023-24,EPL,Crystal Palace,Luton,0,1,0,0.0,-1.0,1,-0.45,1,1,1,27,0,0,0,0.5
2024-03-09,2023-24,Bundesliga,RB Leipzig,Darmstadt,1,0,0,1.0,2.0,1,0.55,0,0,1,24,0,1,0,1.0
2024-03-09,2023-24,Ligue1,Lorient,Lyon,1,2,4,0.142857,-0.571429,7,-0.307143,0,0,1,24,0,1,0,0.0
2024-03-09,2023-24,Ligue1,Lens,Brest,2,3,2,0.285714,-0.571429,7,-0.164286,1,0,0,24,0,1,13,1.0
2024-03-09,2023-24,Bundesliga,M'gladbach,FC Koln,2,4,1,0.285714,-0.428571,7,-0.164286,1,0,1,24,0,2,0,0.5
2024-03-09,2023-24,LaLiga,Cadiz,Ath Madrid,1,6,0,0.142857,-2.0,7,-0.307143,1,0,0,27,0,2,3,1.0
2024-03-09,2023-24,LaLiga,Granada,Sociedad,1,4,0,0.2,-1.2,5,-0.25,1,1,1,26,0,0,0,0.0
2024-03-09,2023-24,LaLiga,Girona,Osasuna,1,1,1,0.333333,0.333333,3,-0.116667,0,1,0,27,0,0,4,1.0
2024-03-10,2023-24,LaLiga,Real Madrid,Celta,7,0,0,1.0,2.0,7,0.55,0,0,0,27,0,15,2,1.0
2024-03-10,2023-24,Ligue1,Metz,Clermont,1,0,2,0.333333,0.333333,3,-0.116667,0,0,1,24,0,1,0,1.0
2024-03-10,2023-24,Ligue1,Strasbourg,Monaco,2,4,1,0.285714,-0.571429,7,-0.164286,1,0,0,24,0,1,2,0.0
2024-03-10,2023-24,Ligue1,Lille,Rennes,3,0,4,0.428571,0.571429,7,-0.021429,0,0,1,24,0,1,0,0.5
2024-03-10,2023-24,Ligue1,Marseille,Nantes,5,0,2,0.714286,1.0,7,0.264286,0,0,1,24,0,2,0,1.0
2024-03-10,2023-24,LaLiga,Alaves,Vallecano,1,2,0,0.333333,-1.0,3,-0.116667,1,1,0,27,0,0,1,1.0
2024-03-10,2023-24,LaLiga,Betis,Villarreal,3,2,2,0.428571,-0.142857,7,-0.021429,0,1,0,27,0,0,7,0.0
2024-03-10,2023-24,Ligue1,Le Havre,Toulouse,1,0,0,1.0,1.0,1,0.55,0,1,0,24,0,0,3,1.0
2024-03-10,2023-24,EPL,Aston Villa,Tottenham,4,3,0,0.571429,-0.285714,7,0.121429,0,0,0,27,0,3,1,0.0
2024-03-10,2023-24,EPL,Brighton,Nott'm Forest,1,1,1,0.333333,-0.333333,3,-0.116667,0,1,1,27,0,0,0,1.0
2024-03-10,2023-24,EPL,West Ham,Burnley,3,0,2,0.6,0.6,5,0.15,0,0,1,27,0,2,0,0.5
2024-03-10,2023-24,EPL,Liverpool,Man City,1,2,4,0.142857,-0.714286,7,-0.307143,0,0,0,27,0,4,12,0.5
2024-03-10,2023-24,Bundesliga,Leverkusen,Wolfsburg,2,2,3,0.285714,0.0,7,-0.164286,0,0,1,24,0,15,0,1.0
2024-03-10,2023-24,Bundesliga,Ein Frankfurt,Hoffenheim,4,2,1,0.571429,0.571429,7,0.121429,0,0,0,24,0,4,2,1.0
2024-03-10,2023-24,LaLiga,Las Palmas,Ath Bilbao,0,1,0,0.0,-1.0,1,-0.45,1,0,0,27,0,2,1,0.0
2024-03-10,2023-24,Ligue1,Paris SG,Reims,5,0,2,0.714286,2.142857,7,0.264286,0,0,1,24,0,15,0,0.5
2024-03-10,2023-24,Bundesliga,Bochum,Freiburg,1,4,0,0.2,-1.2,5,-0.25,1,1,0,24,0,0,1,0.0
2024-03-10,2023-24,SerieA,Fiorentina,Roma,2,4,1,0.285714,-0.571429,7,-0.164286,0,0,0,27,0,3,3,0.5
2024-03-10,2023-24,SerieA,Lecce,Verona,0,2,1,0.0,-1.0,3,-0.45,0,0,0,27,0,1,1,0.0
2024-03-10,2023-24,SerieA,Juventus,Atalanta,1,2,4,0.142857,0.0,7,-0.307143,0,1,1,27,0,0,0,0.5
2024-03-10,2023-24,SerieA,Milan,Empoli,4,0,1,0.8,1.6,5,0.35,0,0,1,27,0,2,0,1.0
2024-03-11,2023-24,SerieA,Lazio,Udinese,3,1,3,0.428571,0.142857,7,-0.021429,0,1,0,27,0,0,1,0.0
2024-03-11,2023-24,EPL,Chelsea,Newcastle,4,2,1,0.571429,0.571429,7,0.121429,1,0,0,26,0,3,1,1.0
2024-03-11,2023-24,LaLiga,Almeria,Sevilla,1,2,0,0.333333,-1.333333,3,-0.116667,1,1,0,27,0,0,1,0.5
2024-03-13,2023-24,EPL,Bournemouth,Luton,0,0,0,0.45,0.0,0,0.0,0,0,0,27,0,2,1,1.0
2024-03-15,2023-24,Bundesliga,FC Koln,RB Leipzig,1,2,4,0.142857,-1.0,7,-0.307143,1,0,0,25,0,1,2,0.0
2024-03-15,2023-24,Ligue1,Toulouse,Lyon,0,2,1,0.0,-1.333333,3,-0.45,1,1,0,25,0,0,1,0.0
2024-03-15,2023-24,SerieA,Empoli,Bologna,3,1,1,0.6,0.4,5,0.15,1,1,1,28,0,0,0,0.0
2024-03-15,2023-24,LaLiga,Sociedad,Cadiz,5,0,2,0.714286,1.428571,7,0.264286,0,0,0,28,0,1,3,1.0
2024-03-16,2023-24,Ligue1,Nantes,Strasbourg,2,3,2,0.285714,-0.714286,7,-0.164286,0,1,1,25,0,0,0,0.0
2024-03-16,2023-24,SerieA,Frosinone,Lazio,0,1,0,0.0,-2.0,1,-0.45,1,1,1,28,0,0,0,0.0
2024-03-16,2023-24,LaLiga,Ath Bilbao,Alaves,2,1,2,0.4,0.4,5,-0.05,0,0,0,28,0,2,1,1.0
2024-03-16,2023-24,SerieA,Salernitana,Lecce,1,2,0,0.333333,-0.666667,3,-0.116667,1,1,1,28,0,0,0,0.0
2024-03-16,2023-24,Ligue1,Lens,Nice,1,5,1,0.142857,-0.428571,7,-0.307143,1,0,1,25,0,2,0,0.0
2024-03-16,2023-24,Bundesliga,Wolfsburg,Augsburg,2,2,3,0.285714,-0.142857,7,-0.164286,1,1,0,25,0,0,3,0.0
2024-03-16,2023-24,Bundesliga,Hoffenheim,Stuttgart,2,2,3,0.285714,-0.285714,7,-0.164286,0,1,0,25,0,0,7,0.0
2024-03-16,2023-24,LaLiga,Getafe,Girona,1,2,0,0.333333,-1.333333,3,-0.116667,1,1,0,28,0,0,1,1.0
2024-03-16,2023-24,EPL,Fulham,Tottenham,0,4,1,0.0,-1.0,5,-0.45,1,1,0,28,0,0,2,1.0
2024-03-16,2023-24,EPL,Luton,Nott'm Forest,0,0,1,0.0,0.0,1,-0.45,0,1,1,28,0,0,0,0.5
2024-03-16,2023-24,Bundesliga,Union Berlin,Werder Bremen,4,1,0,0.8,0.8,5,0.35,1,1,1,25,0,0,0,1.0
2024-03-16,2023-24,Bundesliga,Mainz,Bochum,3,1,1,0.6,0.6,5,0.15,0,1,1,25,0,0,0,1.0
2024-03-16,2023-24,Bundesliga,Heidenheim,M'gladbach,0,1,0,0.0,-1.0,1,-0.45,1,1,0,25,0,0,3,0.5
2024-03-16,2023-24,Bundesliga,Darmstadt,Bayern Munich,0,1,0,0.0,-8.0,1,-0.45,1,1,0,25,0,0,3,0.0
2024-03-16,2023-24,LaLiga,Mallorca,Granada,0,3,0,0.0,-2.666667,3,-0.45,1,1,1,28,0,0,0,1.0
2024-03-16,2023-24,EPL,Burnley,Brentford,1,2,0,0.333333,-1.0,3,-0.116667,1,0,1,28,0,1,0,1.0
2024-03-16,2023-24,LaLiga,Osasuna,Real Madrid,0,4,3,0.0,-1.428571,7,-0.45,1,1,0,28,0,0,15,0.0
2024-03-16,2023-24,SerieA,Udinese,Torino,2,4,1,0.285714,-0.142857,7,-0.164286,0,0,0,28,0,2,2,0.0
2024-03-16,2023-24,SerieA,Monza,Cagliari,0,0,1,0.0,0.0,1,-0.45,0,0,0,28,0,1,4,1.0
2024-03-17,2023-24,Ligue1,Brest,Lille,2,2,3,0.285714,0.142857,7,-0.164286,1,1,0,25,0,0,2,0.5
2024-03-17,2023-24,Ligue1,Rennes,Marseille,2,4,1,0.285714,-0.428571,7,-0.164286,1,0,0,25,0,1,3,1.0
2024-03-17,2023-24,LaLiga,Villarreal,Valencia,3,3,1,0.428571,-0.142857,7,-0.021429,1,0,0,28,0,8,3,1.0
2024-03-17,2023-24,Ligue1,Reims,Metz,0,2,3,0.0,-0.4,5,-0.45,0,0,0,25,0,1,2,1.0
2024-03-17,2023-24,Ligue1,Clermont,Le Havre,0,1,0,0.0,-1.0,1,-0.45,1,1,0,25,0,0,1,1.0
2024-03-17,2023-24,Ligue1,Monaco,Lorient,2,1,4,0.285714,0.571429,7,-0.164286,0,0,1,25,0,3,0,0.5
2024-03-17,2023-24,Ligue1,Montpellier,Paris SG,0,7,0,0.0,-2.857143,7,-0.45,1,0,0,25,0,2,15,0.0
2024-03-17,2023-24,SerieA,Inter,Napoli,4,1,2,0.571429,0.571429,7,0.121429,0,0,0,28,0,15,5,0.5
2024-03-17,2023-24,SerieA,Verona,Milan,0,6,1,0.0,-1.285714,7,-0.45,1,0,0,28,0,2,3,0.0
2024-03-17,2023-24,LaLiga,Vallecano,Betis,0,4,1,0.0,-1.0,5,-0.45,1,1,1,28,0,0,0,1.0
2024-03-17,2023-24,LaLiga,Ath Madrid,Barcelona,2,4,1,0.285714,-0.285714,7,-0.164286,1,1,0,28,0,0,7,0.0
2024-03-17,2023-24,SerieA,Juventus,Genoa,3,1,1,0.6,1.0,5,0.15,0,0,1,28,0,1,0,0.5
2024-03-17,2023-24,EPL,West Ham,Aston Villa,5,1,1,0.714286,0.714286,7,0.264286,1,0,1,28,0,3,0,0.5
2024-03-17,2023-24,LaLiga,Sevilla,Celta,3,0,4,0.428571,0.571429,7,-0.021429,0,0,1,28,0,2,0,0.0
2024-03-17,2023-24,Bundesliga,Freiburg,Leverkusen,3,3,1,0.428571,-0.142857,7,-0.021429,1,0,0,25,0,2,15,0.0
2024-03-17,2023-24,SerieA,Roma,Sassuolo,2,1,4,0.285714,0.142857,7,-0.164286,0,0,0,28,0,4,1,1.0
2024-03-17,2023-24,LaLiga,Las Palmas,Almeria,1,0,0,1.0,1.0,1,0.55,0,1,0,28,0,0,1,0.0
2024-03-17,2023-24,Bundesliga,Dortmund,Ein Frankfurt,4,1,2,0.571429,1.142857,7,0.121429,0,0,0,25,0,2,5,1.0
2024-03-29,2023-24,Ligue1,Lille,Lens,3,2,2,0.428571,0.857143,7,-0.021429,0,0,1,26,0,3,0,1.0
2024-03-29,2023-24,LaLiga,Cadiz,Granada,1,1,3,0.2,-0.2,5,-0.25,1,1,1,29,0,0,0,1.0
2024-03-30,2023-24,EPL,Newcastle,West Ham,3,1,3,0.428571,0.714286,7,-0.021429,0,1,0,28,0,0,4,1.0
2024-03-30,2023-24,EPL,Bournemouth,Everton,1,2,0,0.333333,-0.333333,3,-0.116667,1,0,1,28,0,3,0,1.0
2024-03-30,2023-24,EPL,Chelsea,Burnley,4,0,1,0.8,2.4,5,0.35,0,0,0,27,0,4,2,0.5
2024-03-30,2023-24,EPL,Nott'm Forest,Crystal Palace,1,0,2,0.333333,0.333333,3,-0.116667,0,0,0,29,0,1,1,0.5
2024-03-30,2023-24,EPL,Sheffield United,Fulham,0,2,1,0.0,-1.0,3,-0.45,1,0,0,28,0,1,1,0.5
2024-03-30,2023-24,EPL,Tottenham,Luton,1,0,0,1.0,1.0,1,0.55,0,1,0,28,0,0,1,1.0
2024-03-30,2023-24,EPL,Aston Villa,Wolves,1,3,3,0.142857,-0.285714,7,-0.307143,0,0,0,29,0,1,1,1.0
2024-03-30,2023-24,EPL,Brentford,Man United,1,4,0,0.2,-0.6,5,-0.25,1,1,0,29,0,0,1,0.5
2024-03-30,2023-24,Ligue1,Metz,Monaco,0,5,0,0.0,-2.2,5,-0.45,1,1,0,26,0,0,4,0.0
2024-03-30,2023-24,Ligue1,Lyon,Reims,2,2,3,0.285714,0.428571,7,-0.164286,1,0,0,26,0,2,2,0.5
2024-03-30,2023-24,SerieA,Fiorentina,Milan,2,5,0,0.285714,-0.571429,7,-0.164286,1,0,0,28,0,4,4,0.0
2024-03-30,2023-24,SerieA,Lazio,Juventus,1,4,2,0.142857,-1.142857,7,-0.307143,1,0,0,29,0,1,2,1.0
2024-03-30,2023-24,SerieA,Torino,Monza,1,0,2,0.333333,0.333333,3,-0.116667,0,0,0,29,0,3,2,1.0
2024-03-30,2023-24,Bundesliga,Bayern Munich,Dortmund,6,0,1,0.857143,1.714286,7,0.407143,0,0,0,26,0,4,3,0.0
2024-03-30,2023-24,Bundesliga,Werder Bremen,Wolfsburg,1,2,2,0.2,-0.4,5,-0.25,0,1,1,26,0,0,0,0.0
2024-03-30,2023-24,Bundesliga,RB Leipzig,Mainz,2,4,1,0.285714,-0.285714,7,-0.164286,1,0,0,26,0,3,1,0.5
2024-03-30,2023-24,Bundesliga,M'gladbach,Freiburg,1,1,5,0.142857,-0.714286,7,-0.307143,0,0,1,26,0,4,0,0.0
2024-03-30,2023-24,Bundesliga,Leverkusen,Hoffenheim,4,1,2,0.571429,0.714286,7,0.121429,0,0,1,26,0,15,0,1.0
2024-03-30,2023-24,Bundesliga,Ein Frankfurt,Union Berlin,4,2,1,0.571429,0.714286,7,0.121429,0,1,0,26,0,0,1,0.5
2024-03-30,2023-24,SerieA,Napoli,Atalanta,5,2,0,0.714286,0.857143,7,0.264286,0,0,0,29,0,6,1,0.0
2024-03-30,2023-24,LaLiga,Getafe,Sevilla,2,5,0,0.285714,-0.285714,7,-0.164286,0,0,1,29,0,1,0,0.0
2024-03-30,2023-24,LaLiga,Almeria,Osasuna,0,3,0,0.0,-1.333333,3,-0.45,1,0,1,29,0,2,0,0.0
2024-03-30,2023-24,LaLiga,Valencia,Mallorca,1,2,2,0.2,-0.2,5,-0.25,0,1,0,28,0,0,1,0.5
2024-03-30,2023-24,LaLiga,Barcelona,Las Palmas,1,0,0,1.0,1.0,1,0.55,0,0,1,29,0,8,0,1.0
2024-03-30,2023-24,SerieA,Genoa,Frosinone,0,1,0,0.0,-1.0,1,-0.45,1,0,1,29,0,1,0,0.5
2024-03-31,2023-24,EPL,Man City,Arsenal,6,1,0,0.857143,1.714286,7,0.407143,1,0,0,28,0,13,8,0.5
2024-03-31,2023-24,Ligue1,Clermont,Toulouse,2,0,1,0.666667,1.0,3,0.216667,0,0,1,26,0,1,0,0.0
2024-03-31,2023-24,Ligue1,Le Havre,Montpellier,0,0,1,0.0,0.0,1,-0.45,0,1,1,26,0,0,0,0.0
2024-03-31,2023-24,Ligue1,Marseille,Paris SG,1,5,1,0.142857,-1.428571,7,-0.307143,1,1,0,26,0,0,15,0.0
2024-03-31,2023-24,LaLiga,Real Madrid,Ath Bilbao,6,0,1,0.857143,1.285714,7,0.407143,0,0,0,29,0,15,3,1.0
2024-03-31,2023-24,EPL,Liverpool,Brighton,1,2,4,0.142857,-0.285714,7,-0.307143,0,0,0,28,0,5,1,1.0
2024-03-31,2023-24,Ligue1,Nice,Nantes,4,1,2,0.571429,0.571429,7,0.121429,1,0,1,26,0,1,0,0.0
2024-03-31,2023-24,Ligue1,Lorient,Brest,4,3,0,0.571429,-0.285714,7,0.121429,1,0,0,26,0,1,1,0.0
2024-03-31,2023-24,Bundesliga,Stuttgart,Heidenheim,0,1,0,0.0,-2.0,1,-0.45,1,0,0,26,0,8,1,0.5
2024-03-31,2023-24,Bundesliga,Augsburg,FC Koln,2,4,1,0.285714,-0.571429,7,-0.164286,0,0,1,26,0,4,0,0.5
2024-03-31,2023-24,LaLiga,Alaves,Sociedad,0,2,3,0.0,-1.0,5,-0.45,0,1,0,29,0,0,2,0.0
2024-03-31,2023-24,LaLiga,Girona,Betis,0,2,1,0.0,-0.666667,3,-0.45,0,1,1,29,0,0,0,1.0
2024-03-31,2023-24,Bundesliga,Bochum,Darmstadt,1,0,0,1.0,1.0,1,0.55,0,1,1,26,0,0,0,0.5
2024-03-31,2023-24,LaLiga,Celta,Vallecano,2,0,3,0.4,1.0,5,-0.05,0,0,0,29,0,1,1,0.5
2024-03-31,2023-24,Ligue1,Strasbourg,Rennes,1,4,2,0.142857,-0.857143,7,-0.307143,0,0,0,26,0,1,2,1.0
2024-04-01,2023-24,SerieA,Bologna,Salernitana,2,0,3,0.4,0.4,5,-0.05,0,0,1,29,0,1,0,1.0
2024-04-01,2023-24,SerieA,Sassuolo,Udinese,0,3,4,0.0,-0.714286,7,-0.45,0,1,1,29,0,0,0,0.5
2024-04-01,2023-24,SerieA,Lecce,Roma,0,2,1,0.0,-0.666667,3,-0.45,1,0,0,29,0,1,5,0.5
2024-04-01,2023-24,SerieA,Inter,Empoli,4,1,0,0.8,1.4,5,0.35,0,0,1,29,0,15,0,1.0
2024-04-01,2023-24,LaLiga,Villarreal,Ath Madrid,1,2,4,0.142857,-0.285714,7,-0.307143,1,0,1,29,0,9,0,0.0
2024-04-01,2023-24,SerieA,Cagliari,Verona,0,3,2,0.0,-1.0,5,-0.45,1,1,1,29,0,0,0,0.5
2024-04-02,2023-24,EPL,West Ham,Tottenham,3,2,2,0.428571,-0.142857,7,-0.021429,0,1,0,30,0,0,1,0.5
2024-04-02,2023-24,EPL,Newcastle,Everton,5,2,0,0.714286,0.714286,7,0.264286,1,0,1,29,0,1,0,0.5
2024-04-02,2023-24,EPL,Nott'm Forest,Fulham,0,3,0,0.0,-2.666667,3,-0.45,1,0,0,30,0,2,2,1.0
2024-04-02,2023-24,EPL,Burnley,Wolves,3,1,1,0.6,1.0,5,0.15,1,0,1,30,0,3,0,0.5
2024-04-02,2023-24,EPL,Bournemouth,Crystal Palace,1,2,0,0.333333,-0.666667,3,-0.116667,0,0,0,29,0,4,2,1.0
2024-04-03,2023-24,EPL,Brentford,Brighton,1,3,1,0.2,-0.4,5,-0.25,1,0,1,30,0,1,0,0.5
2024-04-03,2023-24,EPL,Man City,Aston Villa,5,1,1,0.714286,0.857143,7,0.264286,1,0,0,29,0,14,2,1.0
2024-04-03,2023-24,EPL,Arsenal,Luton,1,0,0,1.0,1.0,1,0.55,0,0,1,29,0,9,0,1.0
2024-04-04,2023-24,LaLiga,Granada,Valencia,1,3,1,0.2,-0.6,5,-0.25,1,1,0,29,0,0,1,0.0
2024-04-04,2023-24,EPL,Chelsea,Man United,0,2,5,0.0,-0.571429,7,-0.45,1,0,0,28,0,5,2,1.0
2024-04-04,2023-24,EPL,Liverpool,Sheffield United,3,0,0,1.0,1.666667,3,0.55,0,0,0,29,0,6,2,1.0
2024-04-05,2023-24,SerieA,Salernitana,Sassuolo,1,2,2,0.2,-0.6,5,-0.25,0,1,0,30,0,0,1,0.5
2024-04-05,2023-24,Bundesliga,Ein Frankfurt,Werder Bremen,2,1,2,0.4,0.4,5,-0.05,0,0,1,27,0,1,0,0.5
2024-04-05,2023-24,Ligue1,Lille,Marseille,3,1,3,0.428571,0.571429,7,-0.021429,0,0,1,27,0,4,0,1.0
2024-04-06,2023-24,EPL,Crystal Palace,Man City,1,4,2,0.142857,-1.0,7,-0.307143,0,1,0,30,0,0,15,0.0
2024-04-06,2023-24,SerieA,Milan,Lecce,1,0,2,0.333333,0.666667,3,-0.116667,0,0,0,30,0,5,2,1.0
2024-04-06,2023-24,EPL,Aston Villa,Brentford,2,1,2,0.4,0.8,5,-0.05,0,1,0,31,0,0,2,0.5
2024-04-06,2023-24,EPL,Everton,Burnley,2,2,1,0.4,0.4,5,-0.05,0,0,0,30,0,1,4,1.0
2024-04-06,2023-24,SerieA,Roma,Lazio,2,4,1,0.285714,-0.142857,7,-0.164286,0,0,0,30,0,6,2,1.0
2024-04-06,2023-24,SerieA,Empoli,Torino,0,2,3,0.0,-0.6,5,-0.45,1,1,0,30,0,0,4,1.0
2024-04-06,2023-24,Ligue1,Lens,Le Havre,0,0,1,0.0,0.0,1,-0.45,0,1,1,27,0,0,0,0.5
2024-04-06,2023-24,Bundesliga,Heidenheim,Bayern Munich,0,1,0,0.0,-2.0,1,-0.45,1,0,1,27,0,2,0,1.0
2024-04-06,2023-24,Ligue1,Paris SG,Clermont,3,1,1,0.6,2.6,5,0.15,0,0,1,27,0,15,0,0.5
2024-04-06,2023-24,Bundesliga,Freiburg,RB Leipzig,0,5,2,0.0,-1.571429,7,-0.45,1,0,0,27,0,1,4,0.0
2024-04-06,2023-24,Bundesliga,Dortmund,Stuttgart,4,2,1,0.571429,0.571429,7,0.121429,1,0,0,27,0,4,9,0.0
2024-04-06,2023-24,Bundesliga,Union Berlin,Leverkusen,1,2,4,0.142857,-1.142857,7,-0.307143,1,0,0,27,0,2,15,0.0
2024-04-06,2023-24,Bundesliga,Mainz,Darmstadt,0,0,1,0.0,0.0,1,-0.45,0,0,0,27,0,2,1,1.0
2024-04-06,2023-24,Bundesliga,FC Koln,Bochum,1,1,3,0.2,-0.2,5,-0.25,0,0,0,27,0,1,1,1.0
2024-04-06,2023-24,EPL,Fulham,Newcastle,0,4,1,0.0,-1.8,5,-0.45,1,1,0,31,0,0,2,0.0
2024-04-06,2023-24,EPL,Luton,Bournemouth,0,1,0,0.0,-1.0,1,-0.45,1,1,0,31,0,0,5,1.0
2024-04-06,2023-24,EPL,Wolves,West Ham,2,5,0,0.285714,-1.285714,7,-0.164286,1,0,0,30,0,1,1,0.0
2024-04-06,2023-24,EPL,Brighton,Arsenal,2,4,1,0.285714,-0.428571,7,-0.164286,1,0,0,30,0,1,10,0.0
2024-04-07,2023-24,Bundesliga,Wolfsburg,M'gladbach,0,3,4,0.0,-1.142857,7,-0.45,1,0,1,27,0,1,0,0.0
2024-04-07,2023-24,Ligue1,Brest,Metz,3,2,0,0.6,0.2,5,0.15,0,0,1,27,0,2,0,1.0
2024-04-07,2023-24,Ligue1,Reims,Nice,0,2,5,0.0,-0.285714,7,-0.45,1,0,1,27,0,3,0,0.5
2024-04-07,2023-24,Ligue1,Monaco,Rennes,4,2,1,0.571429,0.142857,7,0.121429,0,0,1,27,0,5,0,1.0
2024-04-07,2023-24,Ligue1,Toulouse,Strasbourg,1,1,1,0.333333,-0.333333,3,-0.116667,1,0,0,27,0,1,2,0.5
2024-04-07,2023-24,Ligue1,Nantes,Lyon,0,5,2,0.0,-1.0,7,-0.45,1,0,0,27,0,1,3,0.0
2024-04-07,2023-24,Ligue1,Montpellier,Lorient,5,0,2,0.714286,1.285714,7,0.264286,0,0,1,27,0,1,0,1.0
2024-04-07,2023-24,Bundesliga,Hoffenheim,Augsburg,4,2,1,0.571429,1.0,7,0.121429,0,1,0,27,0,0,5,1.0
2024-04-07,2023-24,SerieA,Frosinone,Bologna,0,1,0,0.0,-1.0,1,-0.45,1,0,0,30,0,1,2,0.5
2024-04-07,2023-24,SerieA,Cagliari,Atalanta,1,4,0,0.2,-1.2,5,-0.25,1,0,0,30,0,1,2,1.0
2024-04-07,2023-24,SerieA,Verona,Genoa,1,1,3,0.2,0.0,5,-0.25,1,0,0,30,0,1,2,0.0
2024-04-07,2023-24,EPL,Man United,Liverpool,1,4,2,0.142857,-2.428571,7,-0.307143,0,1,0,30,0,0,7,0.5
2024-04-07,2023-24,EPL,Sheffield United,Chelsea,0,3,0,0.0,-2.0,3,-0.45,1,1,0,30,0,0,6,0.5
2024-04-07,2023-24,EPL,Tottenham,Nott'm Forest,3,0,0,1.0,2.0,3,0.55,0,0,0,30,0,2,3,1.0
2024-04-07,2023-24,SerieA,Juventus,Fiorentina,3,2,2,0.428571,-0.285714,7,-0.021429,0,1,1,30,0,0,0,1.0
2024-04-07,2023-24,SerieA,Monza,Napoli,1,1,1,0.333333,-0.666667,3,-0.116667,0,1,1,30,0,0,0,0.0
2024-04-08,2023-24,SerieA,Udinese,Inter,1,5,1,0.142857,-1.571429,7,-0.307143,1,0,0,30,0,1,15,0.0
2024-04-12,2023-24,SerieA,Lazio,Salernitana,3,2,0,0.6,1.0,5,0.15,1,1,0,31,0,0,1,1.0
2024-04-12,2023-24,LaLiga,Betis,Celta,2,4,1,0.285714,-0.428571,7,-0.164286,1,1,0,30,0,0,2,1.0
2024-04-12,2023-24,Ligue1,Metz,Lens,2,1,2,0.4,0.0,5,-0.05,0,1,0,28,0,0,1,1.0
2024-04-12,2023-24,Bundesliga,Augsburg,Union Berlin,4,0,3,0.571429,0.857143,7,0.121429,0,1,1,28,0,0,0,1.0
2024-04-13,2023-24,Ligue1,Strasbourg,Reims,1,3,3,0.142857,-0.142857,7,-0.307143,1,0,0,28,0,3,4,1.0
2024-04-13,2023-24,SerieA,Lecce,Empoli,0,1,2,0.0,-0.333333,3,-0.45,0,1,0,31,0,0,1,1.0
2024-04-13,2023-24,LaLiga,Cadiz,Barcelona,2,3,2,0.285714,-0.857143,7,-0.164286,1,0,0,30,0,1,9,0.0
2024-04-13,2023-24,SerieA,Bologna,Monza,1,1,1,0.333333,0.0,3,-0.116667,0,0,1,31,0,3,0,0.5
2024-04-13,2023-24,SerieA,Torino,Juventus,0,5,2,0.0,-1.0,7,-0.45,1,1,0,31,0,0,1,0.5
2024-04-13,2023-24,Ligue1,Rennes,Toulouse,1,1,1,0.333333,-0.333333,3,-0.116667,0,1,0,28,0,0,2,0.0
2024-04-13,2023-24,EPL,Bournemouth,Man United,1,2,0,0.333333,-0.333333,3,-0.116667,0,1,0,31,0,0,1,0.5
2024-04-13,2023-24,LaLiga,Ath Madrid,Girona,2,1,0,0.666667,0.333333,3,0.216667,1,0,0,30,0,1,1,1.0
2024-04-13,2023-24,EPL,Man City,Luton,1,0,0,1.0,1.0,1,0.55,0,0,0,31,0,15,1,1.0
2024-04-13,2023-24,EPL,Nott'm Forest,Wolves,0,1,2,0.0,-0.333333,3,-0.45,0,1,1,32,0,0,0,0.5
2024-04-13,2023-24,Bundesliga,Bochum,Heidenheim,0,0,1,0.0,0.0,1,-0.45,0,1,0,28,0,0,3,0.5
2024-04-13,2023-24,Bundesliga,Bayern Munich,FC Koln,6,0,1,0.857143,1.714286,7,0.407143,0,1,0,28,0,0,2,1.0
2024-04-13,2023-24,EPL,Newcastle,Tottenham,2,3,2,0.285714,-0.285714,7,-0.164286,1,0,0,31,0,3,3,1.0
2024-04-13,2023-24,Bundesliga,M'gladbach,Dortmund,3,4,0,0.428571,-1.285714,7,-0.021429,1,0,1,28,0,1,0,0.0
2024-04-13,2023-24,Bundesliga,RB Leipzig,Wolfsburg,3,2,2,0.428571,0.714286,7,-0.021429,1,0,1,28,0,5,0,1.0
2024-04-13,2023-24,EPL,Brentford,Sheffield United,0,1,0,0.0,-1.0,1,-0.45,1,0,0,32,0,3,1,1.0
2024-04-13,2023-24,EPL,Burnley,Brighton,1,1,3,0.2,0.4,5,-0.25,0,1,1,32,0,0,0,0.5
2024-04-13,2023-24,LaLiga,Mallorca,Real Madrid,1,4,0,0.2,-2.2,5,-0.25,1,0,0,30,0,2,15,0.0
2024-04-13,2023-24,LaLiga,Vallecano,Getafe,2,0,3,0.4,1.0,5,-0.05,0,0,1,30,0,2,0,0.5
2024-04-13,2023-24,Bundesliga,Stuttgart,Ein Frankfurt,1,2,4,0.142857,-0.285714,7,-0.307143,0,0,0,28,0,10,2,1.0
2024-04-13,2023-24,Bundesliga,Mainz,Hoffenheim,4,1,2,0.571429,0.428571,7,0.121429,0,0,0,28,0,3,1,1.0
2024-04-14,2023-24,SerieA,Sassuolo,Milan,3,3,1,0.428571,0.142857,7,-0.021429,1,0,0,31,0,2,6,0.5
2024-04-14,2023-24,Bundesliga,Darmstadt,Freiburg,0,0,1,0.0,0.0,1,-0.45,0,1,1,28,0,0,0,0.0
2024-04-14,2023-24,Bundesliga,Leverkusen,Werder Bremen,2,0,3,0.4,0.8,5,-0.05,0,0,0,28,0,15,1,1.0
2024-04-14,2023-24,SerieA,Napoli,Frosinone,1,0,0,1.0,2.0,1,0.55,0,0,0,31,0,1,2,0.5
2024-04-14,2023-24,Ligue1,Clermont,Montpellier,1,2,2,0.2,-0.2,5,-0.25,0,0,0,28,0,1,2,0.5
2024-04-14,2023-24,Ligue1,Le Havre,Nantes,0,0,1,0.0,0.0,1,-0.45,0,0,1,28,0,1,0,0.0
2024-04-14,2023-24,SerieA,Inter,Cagliari,5,0,0,1.0,2.2,5,0.55,0,0,0,31,0,15,2,0.5
2024-04-14,2023-24,LaLiga,Las Palmas,Sevilla,0,1,0,0.0,-1.0,1,-0.45,1,1,0,30,0,0,1,0.0
2024-04-14,2023-24,LaLiga,Granada,Alaves,3,2,0,0.6,-0.2,5,0.15,1,1,1,30,0,0,0,1.0
2024-04-14,2023-24,LaLiga,Ath Bilbao,Villarreal,3,1,3,0.428571,-0.142857,7,-0.021429,0,1,1,30,0,0,0,0.5
2024-04-14,2023-24,LaLiga,Sociedad,Almeria,3,0,0,1.0,1.666667,3,0.55,0,0,1,30,0,3,0,0.5
2024-04-14,2023-24,EPL,West Ham,Fulham,3,1,1,0.6,-0.2,5,0.15,1,0,1,32,0,2,0,0.0
2024-04-14,2023-24,EPL,Liverpool,Crystal Palace,5,0,2,0.714286,2.142857,7,0.264286,0,0,1,31,0,8,0,0.0
2024-04-14,2023-24,Ligue1,Lyon,Brest,2,2,3,0.285714,0.142857,7,-0.164286,1,0,0,28,0,4,3,1.0
2024-04-14,2023-24,EPL,Arsenal,Aston Villa,4,3,0,0.571429,0.142857,7,0.121429,1,0,0,31,0,11,1,0.0
2024-04-15,2023-24,LaLiga,Osasuna,Valencia,3,3,1,0.428571,-0.142857,7,-0.021429,0,0,0,30,0,1,2,0.0
2024-04-15,2023-24,SerieA,Fiorentina,Genoa,3,0,2,0.6,2.0,5,0.15,0,1,0,30,0,0,3,0.5
2024-04-15,2023-24,SerieA,Atalanta,Verona,5,2,0,0.714286,0.571429,7,0.264286,0,1,1,30,0,0,0,0.5
2024-04-15,2023-24,EPL,Chelsea,Everton,2,3,2,0.285714,-0.142857,7,-0.164286,1,0,0,30,0,7,2,1.0
2024-04-19,2023-24,SerieA,Genoa,Lazio,1,3,1,0.2,-1.0,5,-0.25,0,0,0,32,0,4,1,0.0
2024-04-19,2023-24,SerieA,Cagliari,Juventus,0,5,0,0.0,-1.6,5,-0.45,1,0,0,32,0,3,2,0.5
2024-04-19,2023-24,Bundesliga,Ein Frankfurt,Augsburg,3,1,3,0.428571,0.571429,7,-0.021429,1,1,0,29,0,0,1,1.0
2024-04-19,2023-24,LaLiga,Ath Bilbao,Granada,1,2,2,0.2,-0.4,5,-0.25,0,0,0,31,0,1,1,0.5
2024-04-19,2023-24,Ligue1,Nice,Lorient,2,1,4,0.285714,0.142857,7,-0.164286,0,0,1,28,0,1,0,1.0
2024-04-20,2023-24,LaLiga,Valencia,Betis,1,4,2,0.142857,-1.142857,7,-0.307143,1,0,0,31,0,3,1,0.0
2024-04-20,2023-24,EPL,Wolves,Arsenal,2,5,0,0.285714,-1.142857,7,-0.164286,1,0,1,32,0,1,0,0.0
2024-04-20,2023-24,LaLiga,Girona,Cadiz,1,1,1,0.333333,-0.333333,3,-0.116667,0,1,1,31,0,0,0,1.0
2024-04-20,2023-24,LaLiga,Vallecano,Osasuna,1,4,0,0.2,-1.0,5,-0.25,1,0,1,31,0,3,0,1.0
2024-04-20,2023-24,LaLiga,Celta,Las Palmas,0,1,0,0.0,-1.0,1,-0.45,1,1,1,31,0,0,0,1.0
2024-04-20,2023-24,SerieA,Empoli,Napoli,3,2,0,0.6,-0.2,5,0.15,0,1,0,32,0,0,2,1.0
2024-04-20,2023-24,SerieA,Verona,Udinese,2,2,3,0.285714,0.285714,7,-0.164286,0,0,1,32,0,1,0,1.0
2024-04-20,2023-24,Bundesliga,Wolfsburg,Bochum,3,2,0,0.6,1.2,5,0.15,1,1,0,29,0,0,1,1.0
2024-04-20,2023-24,Bundesliga,Hoffenheim,M'gladbach,2,4,1,0.285714,-1.142857,7,-0.164286,1,1,1,29,0,0,0,1.0
2024-04-20,2023-24,Bundesliga,Heidenheim,RB Leipzig,0,1,0,0.0,-1.0,1,-0.45,1,0,0,29,0,4,6,0.0
2024-04-20,2023-24,Bundesliga,FC Koln,Darmstadt,1,0,0,1.0,1.0,1,0.55,0,1,1,29,0,0,0,0.0
2024-04-20,2023-24,Ligue1,Nantes,Rennes,1,5,1,0.142857,-1.0,7,-0.307143,1,0,1,29,0,1,0,0.0
2024-04-20,2023-24,Ligue1,Lens,Clermont,4,0,1,0.8,2.0,5,0.35,0,1,0,29,0,0,2,1.0
2024-04-20,2023-24,Bundesliga,Union Berlin,Bayern Munich,0,4,3,0.0,-1.571429,7,-0.45,1,1,0,29,0,0,1,0.0
2024-04-20,2023-24,EPL,Sheffield United,Burnley,1,2,0,0.333333,-1.666667,3,-0.116667,1,1,0,32,0,0,1,0.0
2024-04-20,2023-24,EPL,Luton,Brentford,0,1,0,0.0,-2.0,1,-0.45,1,1,0,33,0,0,4,0.0
2024-04-21,2023-24,Bundesliga,Freiburg,Mainz,2,2,3,0.285714,-0.142857,7,-0.164286,0,0,0,29,0,1,4,0.5
2024-04-21,2023-24,Bundesliga,Dortmund,Leverkusen,4,2,1,0.571429,0.285714,7,0.121429,0,0,0,29,0,1,15,0.5
2024-04-21,2023-24,EPL,Aston Villa,Bournemouth,1,1,1,0.333333,0.333333,3,-0.116667,0,0,0,33,0,2,1,1.0
2024-04-21,2023-24,EPL,Crystal Palace,West Ham,2,2,3,0.285714,0.0,7,-0.164286,0,0,1,32,0,1,0,1.0
2024-04-21,2023-24,EPL,Fulham,Liverpool,1,2,2,0.2,-0.2,5,-0.25,1,0,1,33,0,1,0,0.0
2024-04-21,2023-24,LaLiga,Getafe,Sociedad,1,4,2,0.142857,-0.857143,7,-0.307143,1,0,0,31,0,1,4,0.5
2024-04-21,2023-24,LaLiga,Almeria,Villarreal,0,3,0,0.0,-1.333333,3,-0.45,1,0,0,31,0,1,1,0.0
2024-04-21,2023-24,LaLiga,Alaves,Ath Madrid,1,4,0,0.2,-1.0,5,-0.25,1,1,0,31,0,0,2,1.0
2024-04-21,2023-24,LaLiga,Real Madrid,Barcelona,5,2,0,0.714286,0.285714,7,0.264286,0,0,0,31,0,15,10,1.0
2024-04-21,2023-24,SerieA,Salernitana,Fiorentina,1,3,1,0.2,-1.4,5,-0.25,1,1,0,32,0,0,1,0.0
2024-04-21,2023-24,EPL,Everton,Nott'm Forest,1,0,2,0.333333,0.333333,3,-0.116667,0,1,0,32,0,0,1,1.0
2024-04-21,2023-24,SerieA,Monza,Atalanta,0,3,0,0.0,-2.666667,3,-0.45,1,0,0,32,0,1,1,0.0
2024-04-21,2023-24,Ligue1,Le Havre,Metz,0,0,1,0.0,0.0,1,-0.45,0,1,0,29,0,0,1,0.0
2024-04-21,2023-24,Ligue1,Lille,Strasbourg,5,1,1,0.714286,1.285714,7,0.264286,1,0,0,28,0,5,4,1.0
2024-04-21,2023-24,SerieA,Sassuolo,Lecce,2,0,1,0.666667,0.666667,3,0.216667,0,0,0,32,0,3,1,0.0
2024-04-21,2023-24,SerieA,Torino,Frosinone,0,0,1,0.0,0.0,1,-0.45,0,0,0,32,0,1,3,0.5
2024-04-21,2023-24,Ligue1,Paris SG,Lyon,4,2,1,0.571429,0.714286,7,0.121429,0,0,0,28,0,15,5,1.0
2024-04-21,2023-24,Bundesliga,Werder Bremen,Stuttgart,1,3,1,0.2,-0.4,5,-0.25,1,1,0,29,0,0,11,1.0
2024-04-21,2023-24,Ligue1,Toulouse,Marseille,0,2,1,0.0,-2.0,3,-0.45,0,0,1,29,0,3,0,0.5
2024-04-21,2023-24,Ligue1,Brest,Monaco,2,5,0,0.285714,-0.714286,7,-0.164286,1,1,0,29,0,0,6,0.0
2024-04-21,2023-24,Ligue1,Reims,Montpellier,2,1,4,0.285714,0.571429,7,-0.164286,0,1,0,29,0,0,3,0.0
2024-04-22,2023-24,LaLiga,Sevilla,Mallorca,2,1,2,0.4,0.4,5,-0.05,1,0,1,31,0,2,0,1.0
2024-04-22,2023-24,SerieA,Roma,Bologna,3,2,2,0.428571,0.428571,7,-0.021429,1,0,0,31,0,7,4,0.0
2024-04-22,2023-24,SerieA,Milan,Inter,3,3,1,0.428571,-0.714286,7,-0.021429,1,0,0,32,0,7,15,0.0
2024-04-23,2023-24,EPL,Arsenal,Chelsea,5,1,1,0.714286,0.857143,7,0.264286,0,0,0,33,0,1,8,1.0
2024-04-24,2023-24,EPL,Everton,Liverpool,1,4,2,0.142857,-1.0,7,-0.307143,1,0,0,33,0,1,1,1.0
2024-04-24,2023-24,Ligue1,Monaco,Lille,1,3,3,0.142857,-0.428571,7,-0.307143,1,0,0,29,0,7,6,1.0
2024-04-24,2023-24,EPL,Wolves,Bournemouth,1,1,1,0.333333,0.0,3,-0.116667,0,1,1,33,0,0,0,0.0
2024-04-24,2023-24,EPL,Crystal Palace,Newcastle,1,3,3,0.142857,-0.857143,7,-0.307143,1,0,0,33,0,2,4,1.0
2024-04-24,2023-24,EPL,Man United,Sheffield United,2,1,0,0.666667,0.333333,3,0.216667,0,0,1,32,0,2,0,1.0
2024-04-24,2023-24,Ligue1,Marseille,Nice,3,3,1,0.428571,-0.142857,7,-0.021429,1,0,0,29,0,1,2,0.5
2024-04-24,2023-24,Ligue1,Lorient,Paris SG,2,3,2,0.285714,-0.571429,7,-0.164286,0,1,0,29,0,0,15,0.0
2024-04-25,2023-24,EPL,Brighton,Man City,1,5,1,0.142857,-1.285714,7,-0.307143,1,0,0,32,0,1,15,0.0
2024-04-25,2023-24,SerieA,Udinese,Roma,1,5,1,0.142857,-0.857143,7,-0.307143,1,1,1,32,0,0,0,0.0
2024-04-26,2023-24,SerieA,Frosinone,Salernitana,0,0,1,0.0,0.0,1,-0.45,0,0,1,33,0,4,0,1.0
2024-04-26,2023-24,Ligue1,Montpellier,Nantes,3,3,1,0.428571,-0.142857,7,-0.021429,1,0,1,30,0,4,0,0.5
2024-04-26,2023-24,Bundesliga,Bochum,Hoffenheim,3,2,0,0.6,0.6,5,0.15,1,1,0,30,0,0,1,1.0
2024-04-26,2023-24,LaLiga,Sociedad,Real Madrid,1,3,3,0.142857,-0.571429,7,-0.307143,1,0,0,32,0,5,15,0.0
2024-04-27,2023-24,SerieA,Lazio,Verona,2,2,3,0.285714,-0.142857,7,-0.164286,0,0,0,33,0,2,2,1.0
2024-04-27,2023-24,SerieA,Juventus,Milan,2,3,2,0.285714,-0.428571,7,-0.164286,0,0,1,33,0,3,0,0.5
2024-04-27,2023-24,SerieA,Lecce,Monza,1,0,2,0.333333,0.333333,3,-0.116667,0,0,1,33,0,2,0,0.5
2024-04-27,2023-24,LaLiga,Alaves,Celta,0,4,1,0.0,-1.8,5,-0.45,0,0,0,32,0,1,1,1.0
2024-04-27,2023-24,LaLiga,Las Palmas,Girona,0,1,0,0.0,-1.0,1,-0.45,1,1,0,32,0,0,1,0.0
2024-04-27,2023-24,LaLiga,Almeria,Getafe,2,1,0,0.666667,0.333333,3,0.216667,1,1,0,32,0,0,2,0.0
2024-04-27,2023-24,LaLiga,Ath Madrid,Ath Bilbao,3,3,1,0.428571,-0.285714,7,-0.021429,1,1,0,32,0,0,2,1.0
2024-04-27,2023-24,EPL,West Ham,Liverpool,1,6,0,0.142857,-1.0,7,-0.307143,1,1,1,34,0,0,0,0.5
2024-04-27,2023-24,EPL,Everton,Brentford,2,2,1,0.4,0.2,5,-0.05,0,0,0,34,0,2,5,1.0
2024-04-27,2023-24,Bundesliga,Leverkusen,Stuttgart,4,0,3,0.571429,1.285714,7,0.121429,0,0,1,30,0,15,0,0.5
2024-04-27,2023-24,Bundesliga,RB Leipzig,Dortmund,4,3,0,0.571429,0.571429,7,0.121429,0,0,0,30,0,7,2,1.0
2024-04-27,2023-24,Bundesliga,Freiburg,Wolfsburg,4,2,1,0.571429,-0.428571,7,0.121429,0,0,0,30,0,2,1,0.0
2024-04-27,2023-24,EPL,Fulham,Crystal Palace,1,1,3,0.2,0.4,5,-0.25,0,1,0,34,0,0,3,0.5
2024-04-27,2023-24,Ligue1,Paris SG,Le Havre,1,0,0,1.0,2.0,1,0.55,0,0,1,30,0,15,0,0.5
2024-04-27,2023-24,Bundesliga,Augsburg,Werder Bremen,3,2,0,0.6,0.0,5,0.15,1,1,0,30,0,0,1,0.0
2024-04-27,2023-24,Bundesliga,Bayern Munich,Ein Frankfurt,3,3,1,0.428571,0.714286,7,-0.021429,1,0,0,30,0,2,1,1.0
2024-04-27,2023-24,EPL,Aston Villa,Chelsea,3,3,1,0.428571,-0.428571,7,-0.021429,0,0,1,34,0,3,0,0.5
2024-04-27,2023-24,EPL,Man United,Burnley,4,0,1,0.8,1.2,5,0.35,0,0,0,33,0,3,2,0.5
2024-04-27,2023-24,EPL,Wolves,Luton,0,0,1,0.0,0.0,1,-0.45,0,1,1,34,0,0,0,1.0
2024-04-27,2023-24,EPL,Newcastle,Sheffield United,2,1,0,0.666667,2.666667,3,0.216667,0,1,1,33,0,0,0,1.0
2024-04-28,2023-24,Bundesliga,M'gladbach,Union Berlin,0,5,2,0.0,-0.857143,7,-0.45,1,1,1,30,0,0,0,0.5
2024-04-28,2023-24,SerieA,Atalanta,Empoli,4,1,0,0.8,1.6,5,0.35,0,0,0,32,0,2,1,1.0
2024-04-28,2023-24,Ligue1,Metz,Lille,0,3,2,0.0,-1.0,5,-0.45,1,0,1,30,0,2,0,0.0
2024-04-28,2023-24,Ligue1,Clermont,Reims,2,2,1,0.4,0.0,5,-0.05,1,1,1,30,0,0,0,1.0
2024-04-28,2023-24,Ligue1,Lorient,Toulouse,0,1,2,0.0,-0.333333,3,-0.45,0,1,0,30,0,0,4,0.0
2024-04-28,2023-24,Ligue1,Strasbourg,Nice,3,2,2,0.428571,0.428571,7,-0.021429,1,1,0,30,0,0,3,0.0
2024-04-28,2023-24,Ligue1,Rennes,Brest,5,0,2,0.714286,1.0,7,0.264286,0,0,1,30,0,1,0,0.0
2024-04-28,2023-24,Bundesliga,Mainz,FC Koln,2,2,3,0.285714,0.571429,7,-0.164286,0,0,1,30,0,5,0,0.5
2024-04-28,2023-24,Bundesliga,Darmstadt,Heidenheim,0,1,0,0.0,-1.0,1,-0.45,1,0,1,30,0,1,0,0.0
2024-04-28,2023-24,Ligue1,Lyon,Monaco,5,2,0,0.714286,0.857143,7,0.264286,0,1,0,30,0,0,8,1.0
2024-04-28,2023-24,EPL,Tottenham,Arsenal,2,4,1,0.285714,-0.285714,7,-0.164286,0,1,0,32,0,0,2,0.0
2024-04-28,2023-24,SerieA,Bologna,Udinese,2,1,4,0.285714,0.142857,7,-0.164286,1,0,1,33,0,5,0,0.5
2024-04-28,2023-24,SerieA,Napoli,Roma,4,1,2,0.571429,0.857143,7,0.121429,1,1,0,33,0,0,1,0.5
2024-04-28,2023-24,SerieA,Fiorentina,Sassuolo,2,3,2,0.285714,-0.142857,7,-0.164286,1,0,1,32,0,2,0,1.0
2024-04-28,2023-24,Ligue1,Marseille,Lens,1,5,1,0.142857,-0.428571,7,-0.307143,1,0,0,30,0,2,1,1.0
2024-04-28,2023-24,EPL,Bournemouth,Brighton,0,3,0,0.0,-1.666667,3,-0.45,1,0,1,34,0,1,0,1.0
2024-04-28,2023-24,SerieA,Inter,Torino,6,0,1,0.857143,1.285714,7,0.407143,0,0,0,33,0,15,2,1.0
2024-04-28,2023-24,EPL,Nott'm Forest,Man City,0,2,1,0.0,-2.666667,3,-0.45,1,1,0,34,0,0,15,0.0
2024-04-28,2023-24,LaLiga,Cadiz,Mallorca,1,2,2,0.2,0.0,5,-0.25,0,1,1,32,0,0,0,0.5
2024-04-28,2023-24,LaLiga,Granada,Osasuna,1,3,1,0.2,-0.8,5,-0.25,1,0,1,32,0,2,0,1.0
2024-04-28,2023-24,LaLiga,Villarreal,Vallecano,2,2,1,0.4,0.8,5,-0.05,0,0,0,32,0,2,4,1.0
2024-04-28,2023-24,LaLiga,Betis,Sevilla,0,3,4,0.0,-0.571429,7,-0.45,0,0,0,32,0,2,3,0.5
2024-04-29,2023-24,SerieA,Genoa,Cagliari,4,1,0,0.8,0.6,5,0.35,1,1,0,33,0,0,4,1.0
2024-04-29,2023-24,LaLiga,Barcelona,Valencia,5,0,2,0.714286,1.142857,7,0.264286,0,1,1,32,0,0,0,1.0
2024-05-02,2023-24,EPL,Chelsea,Tottenham,4,1,2,0.571429,1.0,7,0.121429,0,0,1,33,0,1,0,1.0
2024-05-03,2023-24,Bundesliga,Hoffenheim,RB Leipzig,1,5,1,0.142857,-1.0,7,-0.307143,1,1,0,31,0,0,8,0.5
2024-05-03,2023-24,EPL,Luton,Everton,1,0,0,1.0,1.0,1,0.55,0,1,0,35,0,0,3,0.5
2024-05-03,2023-24,Ligue1,Lens,Lorient,4,1,2,0.571429,1.0,7,0.121429,0,1,1,31,0,0,0,1.0
2024-05-03,2023-24,Ligue1,Toulouse,Montpellier,2,1,0,0.666667,0.0,3,0.216667,1,0,0,31,0,5,5,0.0
2024-05-03,2023-24,LaLiga,Getafe,Ath Bilbao,0,1,6,0.0,-0.571429,7,-0.45,0,0,1,33,0,3,0,0.0
2024-05-03,2023-24,SerieA,Torino,Bologna,2,2,3,0.285714,-0.142857,7,-0.164286,1,1,0,34,0,0,6,0.5
2024-05-04,2023-24,EPL,Brentford,Fulham,2,1,0,0.666667,1.0,3,0.216667,0,1,0,35,0,0,1,0.5
2024-05-04,2023-24,EPL,Burnley,Newcastle,0,5,0,0.0,-1.4,5,-0.45,1,0,0,35,0,3,1,0.0
2024-05-04,2023-24,Ligue1,Brest,Nantes,2,4,1,0.285714,-0.857143,7,-0.164286,0,0,0,31,0,1,1,0.5
2024-05-04,2023-24,Ligue1,Metz,Rennes,0,5,0,0.0,-3.0,5,-0.45,1,1,1,31,0,0,0,0.0
2024-05-04,2023-24,Ligue1,Monaco,Clermont,4,0,1,0.8,2.0,5,0.35,0,1,0,31,0,0,1,1.0
2024-05-04,2023-24,Ligue1,Le Havre,Strasbourg,0,1,0,0.0,-1.0,1,-0.45,1,0,1,31,0,1,0,1.0
2024-05-04,2023-24,EPL,Man City,Wolves,6,1,0,0.857143,2.142857,7,0.407143,1,0,0,34,0,15,1,1.0
2024-05-04,2023-24,Bundesliga,FC Koln,Freiburg,1,5,1,0.142857,-1.714286,7,-0.307143,1,0,1,31,0,1,0,0.5
2024-05-04,2023-24,Bundesliga,Werder Bremen,M'gladbach,1,2,2,0.2,0.2,5,-0.25,0,0,0,31,0,2,1,0.5
2024-05-04,2023-24,Bundesliga,Stuttgart,Bayern Munich,0,5,2,0.0,-2.142857,7,-0.45,1,0,0,31,0,1,3,1.0
2024-05-04,2023-24,Bundesliga,Dortmund,Augsburg,4,1,2,0.571429,0.714286,7,0.121429,0,1,1,31,0,0,0,1.0
2024-05-04,2023-24,SerieA,Sassuolo,Inter,2,5,0,0.285714,-0.714286,7,-0.164286,0,1,0,34,0,0,15,1.0
2024-05-04,2023-24,EPL,Sheffield United,Nott'm Forest,0,1,0,0.0,-1.0,1,-0.45,1,1,1,35,0,0,0,0.0
2024-05-04,2023-24,EPL,Arsenal,Bournemouth,3,0,0,1.0,2.666667,3,0.55,0,0,0,35,0,3,2,1.0
2024-05-04,2023-24,Bundesliga,Wolfsburg,Darmstadt,1,0,0,1.0,1.0,1,0.55,0,0,1,31,0,2,0,1.0
2024-05-04,2023-24,LaLiga,Sociedad,Las Palmas,0,0,1,0.0,0.0,1,-0.45,0,1,1,33,0,0,0,1.0
2024-05-04,2023-24,LaLiga,Real Madrid,Cadiz,4,1,2,0.571429,1.142857,7,0.121429,0,0,0,33,0,15,1,1.0
2024-05-04,2023-24,SerieA,Monza,Lazio,0,2,1,0.0,-1.0,3,-0.45,0,0,0,34,0,1,3,0.5
2024-05-04,2023-24,LaLiga,Girona,Barcelona,1,1,1,0.333333,0.333333,3,-0.116667,0,0,0,33,0,2,1,1.0
2024-05-04,2023-24,LaLiga,Mallorca,Ath Madrid,3,2,0,0.6,0.0,5,0.15,1,0,0,33,0,1,1,0.0
2024-05-05,2023-24,Bundesliga,Heidenheim,Mainz,1,0,0,1.0,1.0,1,0.55,0,0,0,31,0,1,6,0.5
2024-05-05,2023-24,LaLiga,Vallecano,Almeria,2,1,0,0.666667,0.666667,3,0.216667,0,1,1,33,0,0,0,0.0
2024-05-05,2023-24,SerieA,Roma,Juventus,1,4,2,0.142857,-0.571429,7,-0.307143,1,0,0,34,0,2,4,0.5
2024-05-05,2023-24,SerieA,Milan,Genoa,4,0,1,0.8,1.4,5,0.35,0,0,0,34,0,1,1,0.5
2024-05-05,2023-24,EPL,Chelsea,West Ham,4,2,1,0.571429,0.428571,7,0.121429,1,0,0,34,0,2,1,1.0
2024-05-05,2023-24,EPL,Brighton,Aston Villa,1,5,1,0.142857,-1.428571,7,-0.307143,1,1,0,34,0,0,4,1.0
2024-05-05,2023-24,LaLiga,Sevilla,Granada,3,2,0,0.6,0.8,5,0.15,0,0,0,33,0,4,3,1.0
2024-05-05,2023-24,EPL,Liverpool,Tottenham,4,1,2,0.571429,0.571429,7,0.121429,1,0,1,35,0,1,0,1.0
2024-05-05,2023-24,LaLiga,Valencia,Alaves,1,2,2,0.2,0.2,5,-0.25,1,1,0,33,0,0,2,0.0
2024-05-05,2023-24,LaLiga,Celta,Villarreal,1,4,2,0.142857,-0.857143,7,-0.307143,1,1,0,33,0,0,3,1.0
2024-05-05,2023-24,LaLiga,Osasuna,Betis,1,6,0,0.142857,-1.285714,7,-0.307143,1,1,0,33,0,0,3,0.0
2024-05-05,2023-24,SerieA,Verona,Fiorentina,0,4,3,0.0,-1.0,7,-0.45,1,1,0,34,0,0,3,1.0
2024-05-05,2023-24,SerieA,Empoli,Frosinone,0,1,0,0.0,-1.0,1,-0.45,1,1,0,34,0,0,5,0.5
2024-05-05,2023-24,SerieA,Cagliari,Lecce,0,0,1,0.0,0.0,1,-0.45,0,1,0,34,0,0,3,0.5
2024-05-05,2023-24,Bundesliga,Ein Frankfurt,Leverkusen,3,4,0,0.428571,-0.142857,7,-0.021429,1,1,0,31,0,0,15,0.0
2024-05-05,2023-24,Bundesliga,Union Berlin,Bochum,2,2,1,0.4,-0.4,5,-0.05,1,0,0,31,0,1,1,0.0
2024-05-06,2023-24,SerieA,Salernitana,Atalanta,1,3,1,0.2,-1.8,5,-0.25,1,1,0,34,0,0,3,0.0
2024-05-06,2023-24,SerieA,Udinese,Napoli,0,6,1,0.0,-2.0,7,-0.45,1,0,0,34,0,1,1,0.5
2024-05-06,2023-24,EPL,Crystal Palace,Man United,3,2,2,0.428571,0.285714,7,-0.021429,0,0,0,35,0,4,4,1.0
2024-05-06,2023-24,Ligue1,Lille,Lyon,3,1,3,0.428571,0.428571,7,-0.021429,0,0,0,31,0,1,1,0.0
2024-05-10,2023-24,LaLiga,Alaves,Girona,0,1,0,0.0,-3.0,1,-0.45,1,0,0,34,0,3,3,0.5
2024-05-10,2023-24,SerieA,Frosinone,Inter,0,1,0,0.0,-2.0,1,-0.45,1,0,1,35,0,6,0,0.0
2024-05-10,2023-24,Ligue1,Brest,Reims,2,1,4,0.285714,0.142857,7,-0.164286,0,0,1,32,0,2,0,0.5
2024-05-10,2023-24,Ligue1,Nice,Le Havre,0,1,0,0.0,-2.0,1,-0.45,1,0,0,31,0,4,2,1.0
2024-05-10,2023-24,Bundesliga,Augsburg,Stuttgart,1,5,1,0.142857,-0.857143,7,-0.307143,1,1,0,32,0,0,2,0.0
2024-05-11,2023-24,LaLiga,Ath Bilbao,Osasuna,3,2,2,0.428571,0.428571,7,-0.021429,0,0,1,34,0,1,0,0.5
2024-05-11,2023-24,LaLiga,Mallorca,Las Palmas,0,0,1,0.0,0.0,1,-0.45,0,1,1,34,0,0,0,1.0
2024-05-11,2023-24,LaLiga,Villarreal,Sevilla,1,3,3,0.142857,0.0,7,-0.307143,0,1,0,34,0,0,5,1.0
2024-05-11,2023-24,Bundesliga,Freiburg,Heidenheim,0,1,0,0.0,-1.0,1,-0.45,1,0,0,32,0,1,2,0.5
2024-05-11,2023-24,Bundesliga,M'gladbach,Ein Frankfurt,1,3,3,0.142857,0.0,7,-0.307143,1,0,1,32,0,2,0,0.5
2024-05-11,2023-24,Bundesliga,RB Leipzig,Werder Bremen,4,0,1,0.8,1.4,5,0.35,0,0,0,32,0,9,3,0.5
2024-05-11,2023-24,Bundesliga,Mainz,Dortmund,0,4,3,0.0,-0.857143,7,-0.45,0,0,0,32,0,7,1,1.0
2024-05-11,2023-24,LaLiga,Granada,Real Madrid,0,5,0,0.0,-2.2,5,-0.45,1,1,0,34,0,0,15,0.0
2024-05-11,2023-24,Bundesliga,FC Koln,Union Berlin,0,5,2,0.0,-0.857143,7,-0.45,1,0,1,32,0,2,0,1.0
2024-05-11,2023-24,EPL,Bournemouth,Brentford,0,1,2,0.0,-0.666667,3,-0.45,0,1,0,36,0,0,1,0.0
2024-05-11,2023-24,SerieA,Napoli,Bologna,5,0,2,0.714286,1.285714,7,0.264286,0,0,0,35,0,2,7,0.0
2024-05-11,2023-24,EPL,Tottenham,Burnley,4,1,0,0.8,1.6,5,0.35,0,1,1,35,0,0,0,1.0
2024-05-11,2023-24,EPL,Newcastle,Brighton,2,3,2,0.285714,-0.571429,7,-0.164286,1,0,0,35,0,2,1,0.5
2024-05-11,2023-24,EPL,Nott'm Forest,Chelsea,1,0,2,0.333333,0.333333,3,-0.116667,0,0,0,36,0,1,3,0.0
2024-05-11,2023-24,EPL,Fulham,Man City,0,5,0,0.0,-2.2,5,-0.45,1,0,0,36,0,2,15,0.0
2024-05-11,2023-24,EPL,West Ham,Luton,1,0,0,1.0,1.0,1,0.55,0,1,0,36,0,0,1,1.0
2024-05-11,2023-24,EPL,Wolves,Crystal Palace,2,5,0,0.285714,-0.428571,7,-0.164286,1,1,0,36,0,0,5,0.0
2024-05-11,2023-24,EPL,Everton,Sheffield United,1,1,1,0.333333,0.0,3,-0.116667,0,0,1,36,0,4,0,1.0
2024-05-11,2023-24,SerieA,Milan,Cagliari,4,0,1,0.8,1.6,5,0.35,0,0,0,35,0,2,1,1.0
2024-05-12,2023-24,Ligue1,Rennes,Lens,0,4,3,0.0,-0.714286,7,-0.45,0,0,0,32,0,1,1,0.5
2024-05-12,2023-24,LaLiga,Betis,Almeria,2,0,1,0.666667,1.0,3,0.216667,0,0,0,34,0,4,1,1.0
2024-05-12,2023-24,Ligue1,Nantes,Lille,0,5,2,0.0,-1.142857,7,-0.45,1,0,1,32,0,2,0,0.0
2024-05-12,2023-24,LaLiga,Valencia,Vallecano,1,1,3,0.2,0.0,5,-0.25,0,1,1,34,0,0,0,0.5
2024-05-12,2023-24,Ligue1,Marseille,Lorient,6,0,1,0.857143,1.714286,7,0.407143,0,0,1,31,0,3,0,1.0
2024-05-12,2023-24,Ligue1,Clermont,Lyon,3,1,1,0.6,0.4,5,0.15,0,1,0,32,0,0,2,0.0
2024-05-12,2023-24,LaLiga,Ath Madrid,Celta,6,0,1,0.857143,1.714286,7,0.407143,0,0,0,34,0,2,1,1.0
2024-05-12,2023-24,Ligue1,Strasbourg,Metz,4,0,1,0.8,1.4,5,0.35,0,1,1,32,0,0,0,1.0
2024-05-12,2023-24,Ligue1,Paris SG,Toulouse,2,0,1,0.666667,1.333333,3,0.216667,0,0,1,31,0,15,0,0.0
2024-05-12,2023-24,Ligue1,Montpellier,Monaco,2,4,1,0.285714,-0.285714,7,-0.164286,1,0,0,32,0,6,1,0.0
2024-05-12,2023-24,LaLiga,Cadiz,Getafe,1,3,3,0.142857,-0.857143,7,-0.307143,1,1,1,34,0,0,0,1.0
2024-05-12,2023-24,SerieA,Atalanta,Roma,3,2,2,0.428571,0.285714,7,-0.021429,0,0,0,34,0,4,3,1.0
2024-05-12,2023-24,EPL,Man United,Arsenal,2,4,1,0.285714,-0.428571,7,-0.164286,1,1,0,35,0,0,4,0.0
2024-05-12,2023-24,Bundesliga,Bayern Munich,Wolfsburg,6,0,1,0.857143,1.571429,7,0.407143,0,1,0,32,0,0,3,1.0
2024-05-12,2023-24,Bundesliga,Bochum,Leverkusen,1,3,1,0.2,-0.8,5,-0.25,1,0,0,32,0,2,15,0.0
2024-05-12,2023-24,Bundesliga,Darmstadt,Hoffenheim,0,0,1,0.0,0.0,1,-0.45,0,1,0,32,0,0,1,0.0
2024-05-12,2023-24,SerieA,Juventus,Salernitana,4,0,1,0.8,1.6,5,0.35,0,0,1,35,0,5,0,0.5
2024-05-12,2023-24,SerieA,Verona,Torino,0,3,4,0.0,-0.428571,7,-0.45,0,0,0,35,0,1,1,0.0
2024-05-12,2023-24,SerieA,Genoa,Sassuolo,1,2,2,0.2,-0.2,5,-0.25,0,0,0,35,0,2,1,1.0
2024-05-12,2023-24,SerieA,Lazio,Empoli,3,0,2,0.6,1.2,5,0.15,0,0,0,35,0,4,1,1.0
2024-05-13,2023-24,SerieA,Fiorentina,Monza,1,1,1,0.333333,0.0,3,-0.116667,0,1,0,34,0,0,2,1.0
2024-05-13,2023-24,EPL,Aston Villa,Liverpool,1,5,1,0.142857,-0.428571,7,-0.307143,1,1,0,36,0,0,2,0.5
2024-05-13,2023-24,SerieA,Lecce,Udinese,1,0,2,0.333333,0.333333,3,-0.116667,0,0,0,35,0,4,2,0.0
2024-05-13,2023-24,LaLiga,Barcelona,Sociedad,6,1,0,0.857143,1.714286,7,0.407143,0,1,0,34,0,0,1,1.0
2024-05-14,2023-24,LaLiga,Osasuna,Mallorca,2,2,1,0.4,-0.2,5,-0.05,1,0,0,35,0,1,1,0.5
2024-05-14,2023-24,LaLiga,Real Madrid,Alaves,4,1,0,0.8,1.8,5,0.35,0,0,0,35,0,15,4,1.0
2024-05-14,2023-24,EPL,Tottenham,Man City,4,2,1,0.571429,0.0,7,0.121429,0,0,0,36,0,1,15,0.0
2024-05-14,2023-24,LaLiga,Girona,Villarreal,1,2,0,0.333333,-0.333333,3,-0.116667,0,0,0,35,0,4,1,0.0
2024-05-15,2023-24,LaLiga,Getafe,Ath Madrid,0,4,3,0.0,-0.857143,7,-0.45,0,1,0,35,0,0,3,0.0
2024-05-15,2023-24,LaLiga,Celta,Ath Bilbao,3,3,1,0.428571,0.285714,7,-0.021429,1,1,0,35,0,0,2,1.0
2024-05-15,2023-24,LaLiga,Vallecano,Granada,2,0,1,0.666667,2.0,3,0.216667,0,0,1,35,0,1,0,1.0
2024-05-15,2023-24,LaLiga,Sevilla,Cadiz,5,0,2,0.714286,1.285714,7,0.264286,0,1,0,35,0,0,1,0.0
2024-05-15,2023-24,EPL,Brighton,Chelsea,2,2,3,0.285714,0.142857,7,-0.164286,1,0,0,36,0,2,4,0.0
2024-05-15,2023-24,Ligue1,Reims,Marseille,0,5,2,0.0,-1.142857,7,-0.45,1,0,0,32,0,1,4,1.0
2024-05-15,2023-24,Ligue1,Nice,Paris SG,2,4,1,0.285714,-0.714286,7,-0.164286,0,0,1,32,0,5,0,0.0
2024-05-15,2023-24,EPL,Man United,Newcastle,3,2,2,0.428571,0.714286,7,-0.021429,1,1,0,36,0,0,3,1.0
2024-05-16,2023-24,LaLiga,Sociedad,Valencia,1,2,4,0.142857,-0.142857,7,-0.307143,0,1,0,35,0,0,1,1.0
2024-05-16,2023-24,LaLiga,Las Palmas,Betis,0,1,0,0.0,-1.0,1,-0.45,1,1,0,35,0,0,5,0.5
2024-05-16,2023-24,LaLiga,Almeria,Barcelona,1,2,0,0.333333,-0.666667,3,-0.116667,1,1,0,35,0,0,1,0.0
2024-05-17,2023-24,SerieA,Fiorentina,Napoli,2,4,1,0.285714,-1.0,7,-0.164286,0,0,1,35,0,1,0,0.5
2024-05-18,2023-24,Bundesliga,Heidenheim,FC Koln,0,0,1,0.0,0.0,1,-0.45,0,0,0,33,0,3,3,1.0
2024-05-18,2023-24,Bundesliga,Ein Frankfurt,RB Leipzig,2,1,4,0.285714,0.571429,7,-0.164286,0,0,0,33,0,1,10,0.5
2024-05-18,2023-24,SerieA,Lecce,Atalanta,2,1,0,0.666667,0.333333,3,0.216667,1,1,0,36,0,0,5,0.0
2024-05-18,2023-24,Bundesliga,Dortmund,Darmstadt,1,0,0,1.0,3.0,1,0.55,0,1,1,33,0,0,0,1.0
2024-05-18,2023-24,Bundesliga,Wolfsburg,Mainz,4,2,1,0.571429,1.285714,7,0.121429,0,1,0,33,0,0,8,0.0
2024-05-18,2023-24,Bundesliga,Werder Bremen,Bochum,2,0,1,0.666667,1.666667,3,0.216667,0,0,1,33,0,4,0,1.0
2024-05-18,2023-24,Bundesliga,Union Berlin,Freiburg,3,1,3,0.428571,0.428571,7,-0.021429,0,1,0,33,0,0,2,1.0
2024-05-18,2023-24,Bundesliga,Stuttgart,M'gladbach,3,2,2,0.428571,-0.142857,7,-0.021429,1,0,0,33,0,3,3,1.0
2024-05-18,2023-24,Bundesliga,Leverkusen,Augsburg,4,2,1,0.571429,1.142857,7,0.121429,0,0,1,33,0,15,0,1.0
2024-05-18,2023-24,Bundesliga,Hoffenheim,Bayern Munich,1,4,2,0.142857,-1.285714,7,-0.307143,1,0,0,33,0,2,1,1.0
2024-05-18,2023-24,LaLiga,Alaves,Getafe,0,1,4,0.0,-0.2,5,-0.45,1,1,1,36,0,0,0,1.0
2024-05-18,2023-24,SerieA,Torino,Milan,1,5,1,0.142857,-1.857143,7,-0.307143,1,0,0,36,0,2,3,1.0
2024-05-19,2023-24,SerieA,Udinese,Empoli,2,1,2,0.4,0.4,5,-0.05,0,0,1,36,0,3,0,0.5
2024-05-19,2023-24,SerieA,Monza,Frosinone,1,0,0,1.0,1.0,1,0.55,0,1,1,36,0,0,0,0.0
2024-05-19,2023-24,SerieA,Sassuolo,Cagliari,0,2,3,0.0,-0.4,5,-0.45,1,1,1,36,0,0,0,0.0
2024-05-19,2023-24,SerieA,Inter,Lazio,4,2,1,0.571429,0.428571,7,0.121429,0,0,0,36,0,1,5,0.5
2024-05-19,2023-24,SerieA,Roma,Genoa,3,1,1,0.6,0.4,5,0.15,1,1,0,36,0,0,3,1.0
2024-05-19,2023-24,LaLiga,Villarreal,Real Madrid,2,2,3,0.285714,-0.285714,7,-0.164286,1,0,0,36,0,2,15,0.5
2024-05-19,2023-24,EPL,Luton,Fulham,0,1,0,0.0,-1.0,1,-0.45,1,1,1,37,0,0,0,0.0
2024-05-19,2023-24,LaLiga,Betis,Sociedad,2,1,4,0.285714,0.428571,7,-0.164286,0,0,0,36,0,6,1,0.0
2024-05-19,2023-24,Ligue1,Toulouse,Brest,0,1,2,0.0,-0.666667,3,-0.45,0,0,0,33,0,1,3,0.0
2024-05-19,2023-24,Ligue1,Reims,Rennes,2,3,2,0.285714,-0.285714,7,-0.164286,1,0,0,33,0,2,2,1.0
2024-05-19,2023-24,Ligue1,Monaco,Nantes,3,0,4,0.428571,0.714286,7,-0.021429,0,0,1,33,0,2,0,1.0
2024-05-19,2023-24,Ligue1,Metz,Paris SG,0,5,0,0.0,-2.2,5,-0.45,1,1,0,33,0,0,1,0.0
2024-05-19,2023-24,Ligue1,Lyon,Strasbourg,4,2,1,0.571429,0.714286,7,0.121429,1,0,0,33,0,3,1,1.0
2024-05-19,2023-24,EPL,Sheffield United,Tottenham,0,3,0,0.0,-2.333333,3,-0.45,1,1,1,37,0,0,0,0.0
2024-05-19,2023-24,EPL,Man City,West Ham,5,0,2,0.714286,1.285714,7,0.264286,0,0,0,37,0,15,1,1.0
2024-05-19,2023-24,Ligue1,Lorient,Clermont,2,2,1,0.4,0.0,5,-0.05,1,1,1,33,0,0,0,1.0
2024-05-19,2023-24,EPL,Liverpool,Wolves,6,1,0,0.857143,1.285714,7,0.407143,0,0,1,37,0,3,0,1.0
2024-05-19,2023-24,EPL,Crystal Palace,Aston Villa,2,4,1,0.285714,-0.571429,7,-0.164286,1,0,0,37,0,6,1,1.0
2024-05-19,2023-24,EPL,Chelsea,Bournemouth,2,0,1,0.666667,1.333333,3,0.216667,0,0,1,37,0,5,0,1.0
2024-05-19,2023-24,EPL,Burnley,Nott'm Forest,0,0,1,0.0,0.0,1,-0.45,0,1,1,37,0,0,0,0.0
2024-05-19,2023-24,EPL,Brighton,Man United,4,3,0,0.571429,0.571429,7,0.121429,0,1,0,37,0,0,1,0.0
2024-05-19,2023-24,EPL,Brentford,Newcastle,0,4,1,0.0,-1.6,5,-0.45,1,0,1,37,0,2,0,0.0
2024-05-19,2023-24,EPL,Arsenal,Everton,3,4,0,0.428571,0.714286,7,-0.021429,0,0,0,37,0,5,5,1.0
2024-05-19,2023-24,Ligue1,Le Havre,Marseille,0,1,0,0.0,-3.0,1,-0.45,1,1,1,33,0,0,0,0.0
2024-05-19,2023-24,LaLiga,Cadiz,Las Palmas,0,0,1,0.0,0.0,1,-0.45,0,0,0,36,0,2,1,0.5
2024-05-19,2023-24,Ligue1,Lens,Montpellier,3,2,2,0.428571,0.285714,7,-0.021429,0,0,1,33,0,2,0,0.5
2024-05-19,2023-24,Ligue1,Lille,Nice,2,3,2,0.285714,-0.285714,7,-0.164286,0,0,1,33,0,1,0,0.5
2024-05-19,2023-24,LaLiga,Valencia,Girona,1,2,0,0.333333,-0.333333,3,-0.116667,1,1,1,36,0,0,0,0.0
2024-05-19,2023-24,LaLiga,Ath Bilbao,Sevilla,3,3,1,0.428571,0.142857,7,-0.021429,0,1,1,36,0,0,0,1.0
2024-05-19,2023-24,LaLiga,Ath Madrid,Osasuna,7,0,0,1.0,1.857143,7,0.55,0,0,0,36,0,4,2,0.0
2024-05-19,2023-24,LaLiga,Barcelona,Vallecano,0,3,2,0.0,-0.6,5,-0.45,0,0,0,36,0,2,2,1.0
2024-05-19,2023-24,LaLiga,Mallorca,Almeria,1,1,1,0.333333,-0.666667,3,-0.116667,0,0,1,36,0,2,0,0.5
2024-05-19,2023-24,LaLiga,Granada,Celta,0,3,2,0.0,-0.8,5,-0.45,1,1,0,36,0,0,1,0.0
2024-05-20,2023-24,SerieA,Bologna,Juventus,0,4,3,0.0,-1.428571,7,-0.45,0,0,0,36,0,8,6,0.5
2024-05-20,2023-24,SerieA,Salernitana,Verona,3,1,1,0.6,0.4,5,0.15,0,0,1,36,0,1,0,0.0
2024-05-23,2023-24,SerieA,Cagliari,Fiorentina,0,3,2,0.0,-1.4,5,-0.45,1,0,0,37,0,1,2,0.0
2024-05-24,2023-24,LaLiga,Girona,Granada,1,0,0,1.0,2.0,1,0.55,0,0,1,37,0,1,0,1.0
2024-05-24,2023-24,SerieA,Genoa,Bologna,2,1,2,0.4,0.6,5,-0.05,0,1,0,37,0,0,9,1.0
2024-05-25,2023-24,SerieA,Juventus,Monza,1,2,0,0.333333,-0.666667,3,-0.116667,0,0,1,37,0,7,0,1.0
2024-05-25,2023-24,LaLiga,Osasuna,Villarreal,3,4,0,0.428571,-0.857143,7,-0.021429,1,0,0,37,0,3,3,0.5
2024-05-25,2023-24,LaLiga,Sociedad,Ath Madrid,0,5,2,0.0,-0.857143,7,-0.45,1,0,1,37,0,2,0,0.0
2024-05-25,2023-24,LaLiga,Almeria,Cadiz,0,0,3,0.0,0.0,3,-0.45,0,0,0,37,0,1,3,1.0
2024-05-25,2023-24,SerieA,Milan,Salernitana,2,0,3,0.4,0.6,5,-0.05,0,1,1,37,0,0,0,0.5
2024-05-25,2023-24,LaLiga,Vallecano,Ath Bilbao,1,3,1,0.2,-1.0,5,-0.25,1,1,0,37,0,0,1,0.0
2024-05-25,2023-24,LaLiga,Real Madrid,Betis,3,0,4,0.428571,0.428571,7,-0.021429,0,0,1,37,0,15,0,0.5
2024-05-26,2023-24,SerieA,Frosinone,Udinese,0,0,1,0.0,0.0,1,-0.45,0,0,0,37,0,1,4,0.0
2024-05-26,2023-24,SerieA,Empoli,Roma,0,5,0,0.0,-2.8,5,-0.45,1,0,0,37,0,1,1,1.0
2024-05-26,2023-24,SerieA,Verona,Inter,0,7,0,0.0,-2.0,7,-0.45,1,0,0,37,0,1,2,0.5
2024-05-26,2023-24,SerieA,Napoli,Lecce,2,0,1,0.666667,1.666667,3,0.216667,0,0,1,37,0,1,0,0.5
2024-05-26,2023-24,SerieA,Atalanta,Torino,4,1,2,0.571429,0.428571,7,0.121429,1,0,0,36,0,6,3,1.0
2024-05-26,2023-24,SerieA,Lazio,Sassuolo,5,2,0,0.714286,0.714286,7,0.264286,0,0,1,37,0,6,0,0.5
2024-05-26,2023-24,LaLiga,Getafe,Mallorca,2,1,2,0.4,0.2,5,-0.05,0,1,0,37,0,0,3,0.0
2024-05-26,2023-24,LaLiga,Las Palmas,Alaves,1,0,0,1.0,1.0,1,0.55,0,0,0,37,0,2,1,0.5
2024-05-26,2023-24,LaLiga,Sevilla,Barcelona,0,5,2,0.0,-1.428571,7,-0.45,1,1,0,37,0,0,3,0.0
2024-05-26,2023-24,LaLiga,Celta,Valencia,1,5,1,0.142857,-1.142857,7,-0.307143,0,0,1,37,0,2,0,0.5
2024-06-02,2023-24,SerieA,Atalanta,Fiorentina,3,3,1,0.428571,0.285714,7,-0.021429,1,0,0,37,0,7,3,0.0
2024-08-15,2024-25,LaLiga,Ath Bilbao,Getafe,2,0,6,0.25,0.75,8,-0.2,0,0,1,0,1,2,0,0.5
2024-08-15,2024-25,LaLiga,Betis,Girona,2,1,1,0.5,0.25,4,0.05,1,0,0,0,1,1,2,0.5
2024-08-16,2024-25,EPL,Man United,Fulham,4,1,1,0.666667,0.5,6,0.216667,1,0,0,0,1,2,1,1.0
2024-08-16,2024-25,Ligue1,Le Havre,Paris SG,0,1,1,0.0,-1.0,2,-0.45,0,1,0,0,1,0,2,0.0
2024-08-16,2024-25,LaLiga,Las Palmas,Sevilla,0,2,0,0.0,-1.5,2,-0.45,1,0,1,0,1,3,0,0.5
2024-08-16,2024-25,LaLiga,Celta,Alaves,4,1,1,0.666667,1.0,6,0.216667,1,0,0,0,1,3,2,1.0
2024-08-17,2024-25,LaLiga,Valencia,Barcelona,0,6,2,0.0,-1.25,8,-0.45,1,0,0,0,1,1,4,0.0
2024-08-17,2024-25,Ligue1,Reims,Lille,3,4,1,0.375,-0.125,8,-0.075,1,0,0,0,1,3,2,0.0
2024-08-17,2024-25,EPL,West Ham,Aston Villa,5,1,2,0.625,0.625,8,0.175,0,1,1,0,1,0,0,0.0
2024-08-17,2024-25,EPL,Nott'm Forest,Bournemouth,0,2,2,0.0,-0.5,4,-0.45,0,0,1,0,1,1,0,0.5
2024-08-17,2024-25,EPL,Newcastle,Southampton,4,1,1,0.666667,0.833333,6,0.216667,0,0,0,0,1,1,1,1.0
2024-08-17,2024-25,EPL,Everton,Brighton,3,2,3,0.375,0.5,8,-0.075,0,1,1,0,1,0,0,0.0
2024-08-17,2024-25,SerieA,Empoli,Monza,2,2,0,0.5,0.25,4,0.05,0,0,1,0,1,2,0,0.5
2024-08-17,2024-25,EPL,Arsenal,Wolves,6,2,0,0.75,1.25,8,0.3,0,0,1,0,1,6,0,1.0
2024-08-17,2024-25,EPL,Ipswich,Liverpool,0,0,0,0.45,0.0,0,0.0,0,0,0,0,1,0,4,0.0
2024-08-17,2024-25,SerieA,Genoa,Inter,0,4,2,0.0,-1.666667,6,-0.45,1,0,0,0,1,1,3,0.5
2024-08-17,2024-25,SerieA,Parma,Fiorentina,0,0,2,0.0,0.0,2,-0.45,0,1,0,0,1,0,4,0.5
2024-08-17,2024-25,LaLiga,Osasuna,Leganes,0,0,0,0.45,0.0,0,0.0,0,0,0,0,1,4,0,0.5
2024-08-17,2024-25,SerieA,Milan,Torino,5,2,1,0.625,1.375,8,0.175,1,0,1,0,1,1,0,0.5
2024-08-17,2024-25,Ligue1,Brest,Marseille,3,4,1,0.375,-0.625,8,-0.075,0,0,0,0,1,4,1,0.0
2024-08-17,2024-25,Ligue1,Monaco,St Etienne,3,0,1,0.75,2.25,4,0.3,0,0,0,0,1,3,1,1.0
2024-08-18,2024-25,SerieA,Verona,Napoli,1,4,3,0.125,-0.625,8,-0.325,1,0,0,0,1,2,2,1.0
2024-08-18,2024-25,SerieA,Cagliari,Roma,1,5,0,0.166667,-1.5,6,-0.283333,1,1,1,0,1,0,0,0.5
2024-08-18,2024-25,Ligue1,Montpellier,Strasbourg,3,2,3,0.375,-0.125,8,-0.075,0,0,1,0,1,1,0,0.5
2024-08-18,2024-25,Ligue1,Toulouse,Nantes,1,2,1,0.25,-0.5,4,-0.2,1,1,1,0,1,0,0,0.5
2024-08-18,2024-25,Ligue1,Rennes,Lyon,4,3,1,0.5,0.375,8,0.05,0,1,0,0,1,0,4,1.0
2024-08-18,2024-25,LaLiga,Sociedad,Vallecano,3,0,3,0.5,0.666667,6,0.05,0,1,1,0,1,0,0,0.0
2024-08-18,2024-25,Ligue1,Auxerre,Nice,0,0,2,0.0,0.0,2,-0.45,0,1,0,0,1,0,1,1.0
2024-08-18,2024-25,LaLiga,Mallorca,Real Madrid,1,5,0,0.166667,-2.0,6,-0.283333,1,0,0,0,1,4,15,0.5
2024-08-18,2024-25,Ligue1,Angers,Lens,1,3,2,0.166667,-0.5,6,-0.283333,1,1,0,0,1,0,3,0.0
2024-08-18,2024-25,EPL,Chelsea,Man City,1,5,2,0.125,-0.625,8,-0.325,0,0,0,0,1,6,15,0.0
2024-08-18,2024-25,SerieA,Bologna,Udinese,2,1,5,0.25,0.125,8,-0.2,0,1,0,0,1,0,5,0.5
2024-08-18,2024-25,SerieA,Lazio,Venezia,2,0,0,1.0,1.5,2,0.55,0,0,0,0,1,7,3,1.0
2024-08-18,2024-25,EPL,Brentford,Crystal Palace,0,1,5,0.0,-0.333333,6,-0.45,1,1,0,0,1,0,7,1.0
2024-08-19,2024-25,LaLiga,Villarreal,Ath Madrid,1,3,4,0.125,-0.375,8,-0.325,1,0,0,0,1,4,1,0.5
2024-08-19,2024-25,LaLiga,Valladolid,Espanol,1,1,0,0.5,0.0,2,0.05,0,0,0,0,1,3,4,1.0
2024-08-19,2024-25,EPL,Leicester,Tottenham,2,4,0,0.333333,-0.666667,6,-0.116667,0,0,0,0,1,2,1,0.5
2024-08-19,2024-25,SerieA,Lecce,Atalanta,2,2,0,0.5,-0.25,4,0.05,1,0,1,0,1,1,0,0.0
2024-08-19,2024-25,SerieA,Juventus,Como,0,0,0,0.45,0.0,0,0.0,0,0,0,0,1,8,0,1.0
2024-08-23,2024-25,LaLiga,Celta,Valencia,1,5,2,0.125,-1.0,8,-0.325,0,0,1,1,1,4,0,1.0
2024-08-23,2024-25,LaLiga,Sevilla,Villarreal,3,2,3,0.375,-0.125,8,-0.075,1,0,0,1,1,1,5,0.0
2024-08-23,2024-25,Bundesliga,M'gladbach,Leverkusen,0,6,2,0.0,-1.375,8,-0.45,0,1,0,0,1,0,15,0.0
2024-08-23,2024-25,Ligue1,Paris SG,Montpellier,8,0,0,1.0,3.0,8,0.55,0,0,0,1,1,3,2,1.0
2024-08-24,2024-25,Ligue1,Lille,Angers,2,2,2,0.333333,0.0,6,-0.116667,1,0,1,1,1,3,0,1.0
2024-08-24,2024-25,Ligue1,St Etienne,Le Havre,0,0,0,0.45,0.0,0,0.0,0,1,1,1,1,0,0,0.0
2024-08-24,2024-25,Ligue1,Lyon,Monaco,6,2,0,0.75,0.875,8,0.3,0,1,0,1,1,0,4,0.0
2024-08-24,2024-25,Bundesliga,RB Leipzig,Bochum,4,1,1,0.666667,1.666667,6,0.216667,0,0,1,0,1,11,0,1.0
2024-08-24,2024-25,LaLiga,Osasuna,Mallorca,2,2,2,0.333333,-0.166667,6,-0.116667,0,0,0,1,1,5,5,1.0
2024-08-24,2024-25,Bundesliga,Mainz,Union Berlin,1,5,2,0.125,-1.25,8,-0.325,0,0,0,0,1,9,1,0.5
2024-08-24,2024-25,Bundesliga,Hoffenheim,Holstein Kiel,0,0,0,0.45,0.0,0,0.0,0,0,0,0,1,3,0,1.0
2024-08-24,2024-25,Bundesliga,Freiburg,Stuttgart,6,2,0,0.75,0.0,8,0.3,1,1,0,0,1,0,4,1.0
2024-08-24,2024-25,Bundesliga,Augsburg,Werder Bremen,3,3,0,0.5,-0.5,6,0.05,1,1,0,0,1,0,5,0.5
2024-08-24,2024-25,EPL,Aston Villa,Arsenal,4,4,0,0.5,0.125,8,0.05,0,0,0,1,1,1,7,0.0
2024-08-24,2024-25,EPL,Tottenham,Everton,3,1,4,0.375,0.875,8,-0.075,0,0,1,1,1,2,0,1.0
2024-08-24,2024-25,EPL,Southampton,Nott'm Forest,0,2,0,0.0,-1.0,2,-0.45,1,1,0,1,1,0,2,0.0
2024-08-24,2024-25,EPL,Man City,Ipswich,0,0,0,0.45,0.0,0,0.0,0,0,1,1,1,15,0,1.0
2024-08-24,2024-25,EPL,Fulham,Leicester,3,1,0,0.75,0.5,4,0.3,0,1,0,1,1,0,3,1.0
2024-08-24,2024-25,EPL,Crystal Palace,West Ham,3,2,3,0.375,0.375,8,-0.075,0,1,1,1,1,0,0,0.0
2024-08-24,2024-25,EPL,Brighton,Man United,4,4,0,0.5,0.25,8,0.05,1,0,0,1,1,1,3,1.0
2024-08-24,2024-25,Bundesliga,Dortmund,Ein Frankfurt,5,1,2,0.625,1.25,8,0.175,0,0,0,0,1,1,2,1.0
2024-08-24,2024-25,LaLiga,Barcelona,Ath Bilbao,6,0,2,0.75,1.5,8,0.3,0,0,0,1,1,5,3,1.0
2024-08-24,2024-25,SerieA,Udinese,Lazio,2,3,3,0.25,0.0,8,-0.2,0,0,0,1,1,6,8,1.0
2024-08-24,2024-25,LaLiga,Espanol,Sociedad,1,3,0,0.25,-0.5,4,-0.2,1,1,1,1,1,0,0,0.0
2024-08-24,2024-25,LaLiga,Getafe,Vallecano,0,2,4,0.0,-0.833333,6,-0.45,0,0,0,1,1,1,1,0.5
2024-08-24,2024-25,SerieA,Inter,Lecce,4,0,0,1.0,2.25,4,0.55,0,0,1,1,1,4,0,1.0
2024-08-24,2024-25,SerieA,Parma,Milan,0,1,1,0.0,-1.0,2,-0.45,1,0,0,1,1,1,2,1.0
2024-08-24,2024-25,SerieA,Monza,Genoa,2,0,0,1.0,1.0,2,0.55,0,0,0,1,1,1,2,0.0
2024-08-25,2024-25,Ligue1,Strasbourg,Rennes,2,4,2,0.25,-0.5,8,-0.2,0,0,0,1,1,1,1,1.0
2024-08-25,2024-25,SerieA,Roma,Empoli,5,1,0,0.833333,2.166667,6,0.383333,1,0,0,1,1,1,3,0.0
2024-08-25,2024-25,EPL,Bournemouth,Newcastle,1,0,3,0.25,0.5,4,-0.2,0,0,0,1,1,1,2,0.5
2024-08-25,2024-25,EPL,Wolves,Chelsea,4,1,3,0.5,0.25,8,0.05,0,1,1,1,1,0,0,0.0
2024-08-25,2024-25,EPL,Liverpool,Brentford,4,1,1,0.666667,1.333333,6,0.216667,0,0,0,1,1,5,1,1.0
2024-08-25,2024-25,Ligue1,Marseille,Reims,5,1,2,0.625,0.875,8,0.175,1,0,1,1,1,2,0,0.5
2024-08-25,2024-25,Ligue1,Nice,Toulouse,1,1,2,0.25,0.0,4,-0.2,1,1,0,1,1,0,1,0.5
2024-08-25,2024-25,Ligue1,Nantes,Auxerre,1,1,0,0.5,0.0,2,0.05,1,0,0,1,1,1,1,1.0
2024-08-25,2024-25,Ligue1,Lens,Brest,3,3,2,0.375,-0.375,8,-0.075,0,0,1,1,1,4,0,1.0
2024-08-25,2024-25,LaLiga,Ath Madrid,Girona,3,1,0,0.75,0.75,4,0.3,0,0,0,1,1,2,3,1.0
2024-08-25,2024-25,LaLiga,Alaves,Betis,0,4,2,0.0,-1.166667,6,-0.45,0,1,0,1,1,0,2,0.5
2024-08-25,2024-25,LaLiga,Leganes,Las Palmas,0,0,0,0.45,0.0,0,0.0,0,0,0,1,1,1,4,1.0
2024-08-25,2024-25,LaLiga,Real Madrid,Valladolid,4,0,0,1.0,2.5,4,0.55,0,0,0,1,1,15,4,1.0
2024-08-25,2024-25,Bundesliga,St Pauli,Heidenheim,0,0,0,0.45,0.0,0,0.0,0,0,0,0,1,0,4,0.0
2024-08-25,2024-25,SerieA,Napoli,Bologna,5,1,2,0.625,0.875,8,0.175,1,1,0,1,1,0,1,1.0
2024-08-25,2024-25,Bundesliga,Wolfsburg,Bayern Munich,0,7,1,0.0,-1.625,8,-0.45,1,1,1,0,1,0,0,0.0
2024-08-25,2024-25,SerieA,Fiorentina,Venezia,1,1,0,0.5,0.0,2,0.05,0,0,1,1,1,5,0,0.5
2024-08-25,2024-25,SerieA,Torino,Atalanta,1,5,2,0.125,-0.75,8,-0.325,1,0,0,1,1,1,1,1.0
2024-08-26,2024-25,SerieA,Cagliari,Como,0,0,0,0.45,0.0,0,0.0,0,0,1,1,1,1,0,0.5
2024-08-26,2024-25,SerieA,Verona,Juventus,1,4,3,0.125,-0.5,8,-0.325,0,0,0,1,1,3,9,0.0
2024-08-26,2024-25,LaLiga,Villarreal,Celta,4,2,2,0.5,0.625,8,0.05,1,0,0,2,1,6,5,1.0
2024-08-27,2024-25,LaLiga,Mallorca,Sevilla,1,3,2,0.166667,-0.5,6,-0.283333,1,1,1,2,1,0,0,0.5
2024-08-27,2024-25,LaLiga,Vallecano,Barcelona,3,1,2,0.5,0.0,6,0.05,1,0,0,2,1,2,6,0.0
2024-08-28,2024-25,LaLiga,Sociedad,Alaves,3,0,3,0.5,1.0,6,0.05,0,0,0,2,1,1,1,0.0
2024-08-28,2024-25,LaLiga,Ath Madrid,Espanol,2,0,2,0.5,0.5,4,0.05,0,0,1,2,1,3,0,0.5
2024-08-28,2024-25,LaLiga,Valladolid,Leganes,0,0,0,0.45,0.0,0,0.0,0,1,0,2,1,0,2,0.5
2024-08-28,2024-25,LaLiga,Ath Bilbao,Valencia,2,1,5,0.25,0.125,8,-0.2,1,1,1,2,1,0,0,1.0
2024-08-29,2024-25,LaLiga,Girona,Osasuna,2,1,1,0.5,0.75,4,0.05,0,1,0,2,1,0,6,1.0
2024-08-29,2024-25,LaLiga,Las Palmas,Real Madrid,0,2,0,0.0,-1.5,2,-0.45,1,1,0,2,1,0,15,0.5
2024-08-30,2024-25,Ligue1,Lyon,Strasbourg,5,2,1,0.625,0.75,8,0.175,0,1,0,2,1,0,2,1.0
2024-08-30,2024-25,SerieA,Inter,Atalanta,5,0,3,0.625,1.0,8,0.175,0,0,1,2,1,5,0,1.0
2024-08-30,2024-25,Bundesliga,Union Berlin,St Pauli,0,0,0,0.45,0.0,0,0.0,0,0,1,1,1,2,0,1.0
2024-08-30,2024-25,SerieA,Venezia,Torino,1,0,1,0.5,0.5,2,0.05,0,0,0,2,1,1,2,0.0
2024-08-31,2024-25,SerieA,Bologna,Empoli,2,3,1,0.333333,-0.166667,6,-0.116667,0,1,0,2,1,0,4,0.5
2024-08-31,2024-25,SerieA,Lecce,Cagliari,0,0,2,0.0,0.0,2,-0.45,0,1,0,2,1,0,2,1.0
2024-08-31,2024-25,SerieA,Lazio,Milan,2,6,0,0.25,-0.25,8,-0.2,1,1,1,2,1,0,0,0.5
2024-08-31,2024-25,SerieA,Napoli,Parma,2,0,0,1.0,2.0,2,0.55,0,0,0,2,1,1,2,1.0
2024-08-31,2024-25,Bundesliga,Leverkusen,RB Leipzig,4,3,1,0.5,0.25,8,0.05,0,0,0,1,1,15,12,0.0
2024-08-31,2024-25,Bundesliga,Werder Bremen,Dortmund,1,5,0,0.166667,-1.166667,6,-0.283333,1,0,0,1,1,6,2,0.5
2024-08-31,2024-25,Bundesliga,Bochum,M'gladbach,1,5,0,0.166667,-1.5,6,-0.283333,1,1,1,1,1,0,0,0.0
2024-08-31,2024-25,Bundesliga,Ein Frankfurt,Hoffenheim,5,2,1,0.625,0.75,8,0.175,0,1,0,1,1,0,4,1.0
2024-08-31,2024-25,Bundesliga,Holstein Kiel,Wolfsburg,0,0,0,0.45,0.0,0,0.0,0,1,1,1,1,0,0,0.0
2024-08-31,2024-25,Bundesliga,Stuttgart,Mainz,6,0,2,0.75,1.625,8,0.3,0,1,0,1,1,0,10,0.5
2024-08-31,2024-25,EPL,West Ham,Man City,0,6,2,0.0,-1.375,8,-0.45,1,0,0,2,1,1,15,0.0
2024-08-31,2024-25,EPL,Brentford,Southampton,3,1,0,0.75,1.25,4,0.3,0,1,1,2,1,0,0,1.0
2024-08-31,2024-25,EPL,Leicester,Aston Villa,2,3,1,0.333333,0.0,6,-0.116667,1,1,1,2,1,0,0,0.0
2024-08-31,2024-25,Ligue1,Toulouse,Marseille,0,2,2,0.0,-1.5,4,-0.45,0,0,0,2,1,2,3,0.0
2024-08-31,2024-25,Ligue1,Montpellier,Nantes,3,3,2,0.375,-0.125,8,-0.075,0,1,0,2,1,0,2,0.0
2024-08-31,2024-25,Ligue1,Brest,St Etienne,3,1,0,0.75,1.0,4,0.3,1,1,1,2,1,0,0,1.0
2024-08-31,2024-25,LaLiga,Valencia,Villarreal,3,4,1,0.375,0.0,8,-0.075,1,1,0,3,1,0,7,0.5
2024-08-31,2024-25,LaLiga,Leganes,Mallorca,0,0,0,0.45,0.0,0,0.0,0,0,0,3,1,3,1,0.0
2024-08-31,2024-25,EPL,Nott'm Forest,Wolves,0,1,3,0.0,-0.25,4,-0.45,0,0,1,2,1,3,0,0.5
2024-08-31,2024-25,LaLiga,Espanol,Vallecano,1,3,0,0.25,-0.75,4,-0.2,0,0,1,3,1,1,0,1.0
2024-08-31,2024-25,LaLiga,Barcelona,Valladolid,3,1,0,0.75,1.5,4,0.3,1,0,0,3,1,7,1,1.0
2024-08-31,2024-25,EPL,Arsenal,Brighton,5,2,1,0.625,0.75,8,0.175,0,0,0,2,1,8,2,0.5
2024-08-31,2024-25,EPL,Everton,Bournemouth,2,2,0,0.5,0.0,4,0.05,1,1,0,2,1,0,2,0.0
2024-08-31,2024-25,EPL,Ipswich,Fulham,0,0,0,0.45,0.0,0,0.0,0,1,0,2,1,0,1,0.5
2024-08-31,2024-25,LaLiga,Ath Bilbao,Ath Madrid,3,4,1,0.375,0.0,8,-0.075,1,0,0,3,1,1,4,0.0
2024-09-01,2024-25,LaLiga,Real Madrid,Betis,3,0,5,0.375,0.375,8,-0.075,0,0,0,3,1,15,3,1.0
2024-09-01,2024-25,EPL,Man United,Liverpool,1,4,3,0.125,-2.125,8,-0.325,0,1,0,2,1,0,6,0.0
2024-09-01,2024-25,EPL,Newcastle,Tottenham,3,3,2,0.375,0.25,8,-0.075,0,0,0,2,1,3,3,1.0
2024-09-01,2024-25,EPL,Chelsea,Crystal Palace,8,0,0,1.0,2.0,8,0.55,0,0,1,2,1,1,0,0.5
2024-09-01,2024-25,LaLiga,Getafe,Sociedad,1,4,3,0.125,-0.75,8,-0.325,0,0,1,2,1,2,0,0.5
2024-09-01,2024-25,LaLiga,Sevilla,Girona,0,4,0,0.0,-2.0,4,-0.45,1,0,0,3,1,1,1,0.0
2024-09-01,2024-25,SerieA,Fiorentina,Monza,2,1,1,0.5,0.25,4,0.05,0,0,1,2,1,6,0,0.5
2024-09-01,2024-25,SerieA,Genoa,Verona,2,1,3,0.333333,0.166667,6,-0.116667,0,0,1,2,1,3,0,0.0
2024-09-01,2024-25,Bundesliga,Bayern Munich,Freiburg,6,0,2,0.75,1.75,8,0.3,0,0,0,1,1,1,1,1.0
2024-09-01,2024-25,SerieA,Udinese,Como,0,0,0,0.45,0.0,0,0.0,0,0,0,2,1,7,1,1.0
2024-09-01,2024-25,Ligue1,Monaco,Lens,2,4,2,0.25,-0.875,8,-0.2,0,0,0,2,1,5,5,0.5
2024-09-01,2024-25,Ligue1,Angers,Nice,1,4,1,0.166667,-1.166667,6,-0.283333,0,1,0,2,1,0,1,0.0
2024-09-01,2024-25,Ligue1,Le Havre,Auxerre,0,0,0,0.45,0.0,0,0.0,0,0,1,2,1,1,0,1.0
2024-09-01,2024-25,Ligue1,Reims,Rennes,3,3,2,0.375,-0.125,8,-0.075,0,0,1,2,1,1,0,1.0
2024-09-01,2024-25,Ligue1,Lille,Paris SG,1,5,2,0.125,-1.625,8,-0.325,1,0,0,2,1,4,4,0.0
2024-09-01,2024-25,LaLiga,Osasuna,Celta,3,3,2,0.375,-0.125,8,-0.075,1,1,1,3,1,0,0,1.0
2024-09-01,2024-25,Bundesliga,Heidenheim,Augsburg,0,2,0,0.0,-2.0,2,-0.45,1,0,0,1,1,5,1,1.0
2024-09-01,2024-25,SerieA,Juventus,Roma,4,1,3,0.5,0.5,8,0.05,0,0,1,2,1,10,0,0.5
2024-09-01,2024-25,LaLiga,Alaves,Las Palmas,0,1,1,0.0,-0.5,2,-0.45,0,0,0,3,1,2,1,1.0
2024-09-13,2024-25,LaLiga,Betis,Leganes,0,0,0,0.45,0.0,0,0.0,0,1,1,3,1,0,0,1.0
2024-09-13,2024-25,Bundesliga,Dortmund,Heidenheim,0,0,2,0.0,0.0,2,-0.45,0,0,0,2,1,3,6,1.0
2024-09-13,2024-25,Ligue1,St Etienne,Lille,0,0,4,0.0,0.0,4,-0.45,0,1,1,3,1,0,0,1.0
2024-09-14,2024-25,Ligue1,Paris SG,Brest,7,0,1,0.875,1.5,8,0.425,0,0,0,3,1,5,1,1.0
2024-09-14,2024-25,LaLiga,Mallorca,Villarreal,2,2,2,0.333333,0.0,6,-0.116667,0,0,0,4,1,2,8,0.0
2024-09-14,2024-25,LaLiga,Espanol,Alaves,1,1,0,0.5,0.0,2,0.05,1,0,0,4,1,2,3,1.0
2024-09-14,2024-25,LaLiga,Sevilla,Getafe,6,2,0,0.75,0.375,8,0.3,0,1,0,4,1,0,3,1.0
2024-09-14,2024-25,LaLiga,Sociedad,Real Madrid,1,4,3,0.125,-0.625,8,-0.325,1,0,0,4,1,1,15,0.0
2024-09-14,2024-25,SerieA,Milan,Venezia,2,0,0,1.0,2.5,2,0.55,0,0,1,3,1,1,0,1.0
2024-09-14,2024-25,SerieA,Empoli,Juventus,2,3,1,0.333333,-0.5,6,-0.116667,0,0,0,3,1,5,11,0.5
2024-09-14,2024-25,SerieA,Como,Bologna,0,0,0,0.45,0.0,0,0.0,0,1,0,3,1,0,1,0.5
2024-09-14,2024-25,Ligue1,Auxerre,Monaco,0,2,0,0.0,-1.0,2,-0.45,1,1,0,3,1,0,6,0.0
2024-09-14,2024-25,Ligue1,Marseille,Nice,3,3,2,0.375,-0.125,8,-0.075,0,0,0,3,1,4,2,1.0
2024-09-14,2024-25,EPL,Man City,Brentford,4,2,0,0.666667,0.666667,6,0.216667,0,0,0,3,1,15,1,1.0
2024-09-14,2024-25,Bundesliga,M'gladbach,Stuttgart,2,4,2,0.25,-0.375,8,-0.2,1,0,0,2,1,1,1,0.0
2024-09-14,2024-25,Bundesliga,RB Leipzig,Union Berlin,3,5,0,0.375,0.125,8,-0.075,0,0,0,2,1,13,3,0.5
2024-09-14,2024-25,EPL,Bournemouth,Chelsea,0,3,1,0.0,-1.25,4,-0.45,1,0,0,3,1,3,2,0.0
2024-09-14,2024-25,EPL,Aston Villa,Everton,6,0,2,0.75,1.5,8,0.3,0,0,1,3,1,1,0,1.0
2024-09-14,2024-25,Bundesliga,Freiburg,Bochum,5,1,0,0.833333,1.166667,6,0.383333,0,1,1,2,1,0,0,1.0
2024-09-14,2024-25,EPL,Liverpool,Nott'm Forest,3,1,0,0.75,1.0,4,0.3,0,0,0,3,1,7,4,0.0
2024-09-14,2024-25,Bundesliga,Hoffenheim,Leverkusen,1,5,2,0.125,-0.75,8,-0.325,1,1,1,2,1,0,0,0.0
2024-09-14,2024-25,EPL,Crystal Palace,Leicester,1,2,3,0.166667,-0.166667,6,-0.283333,0,0,1,3,1,1,0,0.5
2024-09-14,2024-25,EPL,Brighton,Ipswich,0,0,0,0.45,0.0,0,0.0,0,0,0,3,1,3,1,0.5
2024-09-14,2024-25,EPL,Southampton,Man United,0,3,3,0.0,-1.833333,6,-0.45,0,1,1,3,1,0,0,0.0
2024-09-14,2024-25,Bundesliga,Wolfsburg,Ein Frankfurt,4,1,3,0.5,0.625,8,0.05,0,0,0,2,1,1,1,0.0
2024-09-14,2024-25,Bundesliga,Holstein Kiel,Bayern Munich,0,0,0,0.45,0.0,0,0.0,0,1,0,2,1,0,2,0.0
2024-09-14,2024-25,EPL,Fulham,West Ham,2,3,1,0.333333,0.5,6,-0.116667,0,0,1,3,1,2,0,0.5
2024-09-15,2024-25,SerieA,Atalanta,Fiorentina,3,4,1,0.375,0.125,8,-0.075,1,1,0,3,1,0,7,1.0
2024-09-15,2024-25,SerieA,Genoa,Roma,1,4,1,0.166667,-0.5,6,-0.283333,1,1,0,3,1,0,1,0.5
2024-09-15,2024-25,Bundesliga,Augsburg,St Pauli,0,0,0,0.45,0.0,0,0.0,0,1,1,2,1,0,0,1.0
2024-09-15,2024-25,LaLiga,Ath Madrid,Valencia,6,1,1,0.75,0.875,8,0.3,0,0,0,4,1,5,1,1.0
2024-09-15,2024-25,LaLiga,Girona,Barcelona,2,1,1,0.5,0.75,4,0.05,0,0,0,4,1,2,8,0.0
2024-09-15,2024-25,LaLiga,Las Palmas,Ath Bilbao,0,2,0,0.0,-1.5,2,-0.45,1,1,1,4,1,0,0,0.0
2024-09-15,2024-25,Ligue1,Lens,Lyon,3,3,2,0.375,0.25,8,-0.075,0,0,0,3,1,6,1,0.5
2024-09-15,2024-25,LaLiga,Celta,Valladolid,1,1,2,0.25,0.0,4,-0.2,0,1,1,4,1,0,0,1.0
2024-09-15,2024-25,Bundesliga,Mainz,Werder Bremen,2,3,1,0.333333,-0.5,6,-0.116667,1,0,0,2,1,11,7,0.0
2024-09-15,2024-25,SerieA,Monza,Inter,1,2,1,0.25,-1.25,4,-0.2,1,0,0,3,1,1,6,0.5
2024-09-15,2024-25,SerieA,Cagliari,Napoli,0,3,3,0.0,-1.0,6,-0.45,0,1,0,3,1,0,2,0.0
2024-09-15,2024-25,Ligue1,Toulouse,Le Havre,0,2,0,0.0,-1.0,2,-0.45,1,1,0,3,1,0,2,1.0
2024-09-15,2024-25,Ligue1,Strasbourg,Angers,4,1,1,0.666667,0.5,6,0.216667,0,1,1,3,1,0,0,0.5
2024-09-15,2024-25,Ligue1,Nantes,Reims,1,6,1,0.125,-1.0,8,-0.325,0,0,0,3,1,3,2,0.0
2024-09-15,2024-25,Ligue1,Rennes,Montpellier,5,2,1,0.625,0.875,8,0.175,0,1,1,3,1,0,0,1.0
2024-09-15,2024-25,SerieA,Torino,Lecce,4,0,0,1.0,1.5,4,0.55,0,0,0,3,1,3,1,0.5
2024-09-15,2024-25,EPL,Wolves,Newcastle,1,3,4,0.125,-0.5,8,-0.325,1,0,0,3,1,1,4,0.0
2024-09-15,2024-25,EPL,Tottenham,Arsenal,2,5,1,0.25,-0.375,8,-0.2,1,1,0,3,1,0,9,0.0
2024-09-16,2024-25,SerieA,Lazio,Verona,3,2,3,0.375,0.0,8,-0.075,0,0,0,3,1,1,1,1.0
2024-09-16,2024-25,SerieA,Parma,Udinese,0,1,1,0.0,-0.5,2,-0.45,0,1,0,3,1,0,8,0.0
2024-09-16,2024-25,LaLiga,Vallecano,Osasuna,2,4,0,0.333333,-0.666667,6,-0.116667,0,1,0,4,1,0,1,1.0
2024-09-17,2024-25,LaLiga,Mallorca,Sociedad,0,5,1,0.0,-1.0,6,-0.45,1,1,1,5,0,0,0,1.0
2024-09-18,2024-25,LaLiga,Betis,Getafe,3,2,3,0.375,0.0,8,-0.075,0,0,1,4,1,1,0,1.0
2024-09-19,2024-25,LaLiga,Leganes,Ath Bilbao,0,0,0,0.45,0.0,0,0.0,0,1,0,5,0,0,1,0.0
2024-09-20,2024-25,LaLiga,Alaves,Sevilla,2,2,2,0.333333,0.0,6,-0.116667,0,1,0,5,0,0,1,1.0
2024-09-20,2024-25,SerieA,Verona,Torino,0,4,4,0.0,-0.5,8,-0.45,1,1,0,4,1,0,4,0.0
2024-09-20,2024-25,SerieA,Cagliari,Empoli,1,1,2,0.25,-0.25,4,-0.2,0,1,0,4,1,0,6,0.0
2024-09-20,2024-25,Ligue1,Nice,St Etienne,3,1,0,0.75,1.5,4,0.3,0,1,0,4,1,0,1,1.0
2024-09-20,2024-25,Bundesliga,Augsburg,Mainz,4,4,0,0.5,-0.25,8,0.05,1,0,1,3,1,1,0,0.0
2024-09-21,2024-25,LaLiga,Valladolid,Sociedad,2,1,1,0.5,-0.25,4,0.05,0,1,1,5,0,0,0,0.5
2024-09-21,2024-25,LaLiga,Osasuna,Las Palmas,0,0,2,0.0,0.0,2,-0.45,0,1,1,5,0,0,0,1.0
2024-09-21,2024-25,LaLiga,Valencia,Girona,1,3,0,0.25,-0.75,4,-0.2,1,1,1,5,0,0,0,1.0
2024-09-21,2024-25,LaLiga,Real Madrid,Espanol,3,1,0,0.75,1.75,4,0.3,0,0,0,5,0,15,3,1.0
2024-09-21,2024-25,Bundesliga,Union Berlin,Hoffenheim,4,2,2,0.5,0.25,8,0.05,0,0,1,3,1,4,0,1.0
2024-09-21,2024-25,EPL,Aston Villa,Wolves,2,3,3,0.25,0.0,8,-0.2,0,0,1,4,1,2,0,1.0
2024-09-21,2024-25,Bundesliga,Ein Frankfurt,M'gladbach,3,1,4,0.375,0.0,8,-0.075,0,0,1,3,1,2,0,1.0
2024-09-21,2024-25,Bundesliga,Werder Bremen,Bayern Munich,1,4,1,0.166667,-1.833333,6,-0.283333,0,0,0,3,1,8,3,0.0
2024-09-21,2024-25,Bundesliga,Heidenheim,Freiburg,1,0,1,0.5,0.5,2,0.05,0,1,0,3,1,0,1,0.0
2024-09-21,2024-25,EPL,West Ham,Chelsea,2,5,1,0.25,-1.0,8,-0.2,1,0,0,4,1,1,3,0.0
2024-09-21,2024-25,Ligue1,Reims,Paris SG,0,5,3,0.0,-1.875,8,-0.45,0,0,0,4,1,3,6,0.5
2024-09-21,2024-25,Ligue1,Rennes,Lens,0,4,4,0.0,-0.625,8,-0.45,0,0,0,4,1,1,7,0.5
2024-09-21,2024-25,Ligue1,Lille,Strasbourg,6,1,1,0.75,1.25,8,0.3,0,1,0,4,1,0,1,0.5
2024-09-21,2024-25,Bundesliga,Bochum,Holstein Kiel,0,0,0,0.45,0.0,0,0.0,0,1,1,3,1,0,0,0.5
2024-09-21,2024-25,SerieA,Venezia,Genoa,0,0,2,0.0,0.0,2,-0.45,0,1,0,4,1,0,1,1.0
2024-09-21,2024-25,SerieA,Lecce,Parma,0,0,0,0.45,0.0,0,0.0,0,0,1,4,1,2,0,0.5
2024-09-21,2024-25,SerieA,Juventus,Napoli,2,5,1,0.25,-0.75,8,-0.2,1,0,0,4,1,12,3,0.5
2024-09-21,2024-25,EPL,Fulham,Newcastle,0,5,1,0.0,-1.666667,6,-0.45,1,0,0,4,1,3,5,1.0
2024-09-21,2024-25,EPL,Leicester,Everton,1,2,3,0.166667,-0.166667,6,-0.283333,0,0,1,4,1,1,0,0.5
2024-09-21,2024-25,EPL,Liverpool,Bournemouth,3,1,0,0.75,3.5,4,0.3,0,1,1,4,1,0,0,1.0
2024-09-21,2024-25,EPL,Southampton,Ipswich,0,0,0,0.45,0.0,0,0.0,0,1,0,4,1,0,2,0.5
2024-09-21,2024-25,EPL,Crystal Palace,Man United,4,2,2,0.5,0.75,8,0.05,0,0,0,4,1,2,1,0.5
2024-09-21,2024-25,EPL,Tottenham,Brentford,2,1,3,0.333333,0.166667,6,-0.116667,0,1,1,4,1,0,0,1.0
2024-09-22,2024-25,SerieA,Roma,Udinese,6,1,1,0.75,0.875,8,0.3,0,0,0,4,1,2,9,1.0
2024-09-22,2024-25,Bundesliga,Leverkusen,Wolfsburg,3,2,3,0.375,0.25,8,-0.075,0,0,1,3,1,1,0,1.0
2024-09-22,2024-25,Ligue1,Lyon,Marseille,3,3,2,0.375,0.0,8,-0.075,0,0,0,4,1,2,5,0.0
2024-09-22,2024-25,Ligue1,Brest,Toulouse,2,0,2,0.5,1.25,4,0.05,0,1,0,4,1,0,1,1.0
2024-09-22,2024-25,Ligue1,Angers,Nantes,0,3,3,0.0,-1.0,6,-0.45,1,0,1,4,1,1,0,0.5
2024-09-22,2024-25,Ligue1,Monaco,Le Havre,0,0,2,0.0,0.0,2,-0.45,0,0,1,4,1,7,0,1.0
2024-09-22,2024-25,LaLiga,Vallecano,Ath Madrid,0,5,1,0.0,-2.0,6,-0.45,1,0,0,5,0,1,6,0.5
2024-09-22,2024-25,LaLiga,Villarreal,Barcelona,2,6,0,0.25,-1.0,8,-0.2,0,0,0,5,0,9,9,0.0
2024-09-22,2024-25,LaLiga,Ath Bilbao,Celta,3,4,1,0.375,-0.375,8,-0.075,1,0,0,6,0,2,1,1.0
2024-09-22,2024-25,Bundesliga,Stuttgart,Dortmund,3,4,1,0.375,-0.375,8,-0.075,0,0,0,3,1,2,4,1.0
2024-09-22,2024-25,LaLiga,Getafe,Leganes,0,0,0,0.45,0.0,0,0.0,0,1,1,5,0,0,0,0.5
2024-09-22,2024-25,SerieA,Fiorentina,Lazio,2,5,1,0.25,-0.875,8,-0.2,0,1,0,4,1,0,2,1.0
2024-09-22,2024-25,SerieA,Monza,Bologna,1,1,2,0.25,0.0,4,-0.2,0,0,0,4,1,2,2,0.0
2024-09-22,2024-25,SerieA,Inter,Milan,4,3,1,0.5,0.75,8,0.05,0,0,0,4,1,7,2,0.0
2024-09-22,2024-25,Bundesliga,St Pauli,RB Leipzig,0,0,0,0.45,0.0,0,0.0,0,1,0,3,1,0,14,0.5
2024-09-22,2024-25,Ligue1,Montpellier,Auxerre,1,1,0,0.5,0.5,2,0.05,0,1,1,4,1,0,0,1.0
2024-09-22,2024-25,EPL,Man City,Arsenal,6,1,1,0.75,1.5,8,0.3,0,0,0,4,1,15,10,0.5
2024-09-22,2024-25,EPL,Brighton,Nott'm Forest,2,1,1,0.5,0.0,4,0.05,0,0,0,4,1,4,5,0.5
2024-09-23,2024-25,LaLiga,Betis,Mallorca,5,0,1,0.833333,1.0,6,0.383333,0,0,0,5,0,2,1,0.0
2024-09-24,2024-25,SerieA,Atalanta,Como,0,0,0,0.45,0.0,0,0.0,0,0,0,4,1,1,1,0.0
2024-09-24,2024-25,LaLiga,Sevilla,Valladolid,1,0,3,0.25,0.75,4,-0.2,0,1,0,6,0,0,1,1.0
2024-09-24,2024-25,LaLiga,Valencia,Osasuna,4,3,1,0.5,0.25,8,0.05,0,0,0,6,0,1,1,0.5
2024-09-24,2024-25,LaLiga,Real Madrid,Alaves,5,1,0,0.833333,2.333333,6,0.383333,0,0,0,6,0,15,1,1.0
2024-09-25,2024-25,LaLiga,Barcelona,Getafe,4,1,3,0.5,1.0,8,0.05,0,0,0,6,0,10,1,1.0
2024-09-25,2024-25,LaLiga,Girona,Vallecano,2,0,2,0.5,1.0,4,0.05,0,1,0,6,0,0,2,0.5
2024-09-26,2024-25,LaLiga,Las Palmas,Betis,0,1,1,0.0,-0.5,2,-0.45,0,1,1,6,0,0,0,0.5
2024-09-26,2024-25,LaLiga,Celta,Ath Madrid,0,7,1,0.0,-1.625,8,-0.45,1,1,0,6,0,0,7,0.0
2024-09-26,2024-25,LaLiga,Espanol,Villarreal,0,3,1,0.0,-1.75,4,-0.45,1,1,1,6,0,0,0,0.0
2024-09-27,2024-25,LaLiga,Valladolid,Mallorca,0,1,1,0.0,-0.5,2,-0.45,0,1,0,7,0,0,2,0.0
2024-09-27,2024-25,SerieA,Milan,Lecce,2,0,2,0.5,1.25,4,0.05,0,0,0,5,0,3,3,1.0
2024-09-27,2024-25,Bundesliga,Dortmund,Bochum,2,1,3,0.333333,0.666667,6,-0.116667,0,1,0,4,1,0,1,1.0
2024-09-27,2024-25,Ligue1,Paris SG,Rennes,3,3,2,0.375,0.125,8,-0.075,0,0,0,5,0,7,2,1.0
2024-09-27,2024-25,Ligue1,Auxerre,Brest,0,1,1,0.0,-0.5,2,-0.45,1,1,0,5,0,0,1,1.0
2024-09-28,2024-25,SerieA,Genoa,Juventus,1,3,2,0.166667,-0.833333,6,-0.283333,0,1,0,5,0,0,13,0.0
2024-09-28,2024-25,EPL,Brentford,West Ham,5,1,0,0.833333,1.0,6,0.383333,1,1,1,5,0,0,0,0.5
2024-09-28,2024-25,EPL,Chelsea,Brighton,3,2,3,0.375,0.0,8,-0.075,0,0,0,5,0,4,5,1.0
2024-09-28,2024-25,SerieA,Bologna,Atalanta,3,3,2,0.375,-0.375,8,-0.075,0,0,1,5,0,3,0,0.5
2024-09-28,2024-25,Bundesliga,Freiburg,St Pauli,0,0,0,0.45,0.0,0,0.0,0,0,0,4,1,2,1,0.0
2024-09-28,2024-25,EPL,Newcastle,Man City,0,7,1,0.0,-2.0,8,-0.45,1,1,0,5,0,0,15,0.5
2024-09-28,2024-25,EPL,Everton,Crystal Palace,4,1,3,0.5,0.5,8,0.05,0,0,0,5,0,1,3,1.0
2024-09-28,2024-25,LaLiga,Getafe,Alaves,1,1,4,0.166667,0.0,6,-0.283333,1,1,1,7,0,0,0,1.0
2024-09-28,2024-25,LaLiga,Vallecano,Leganes,0,0,0,0.45,0.0,0,0.0,0,0,0,7,0,3,1,0.5
2024-09-28,2024-25,LaLiga,Sociedad,Valencia,2,2,4,0.25,0.0,8,-0.2,0,0,0,7,0,1,2,1.0
2024-09-28,2024-25,LaLiga,Osasuna,Barcelona,0,7,1,0.0,-1.75,8,-0.45,1,0,0,7,0,2,11,1.0
2024-09-28,2024-25,EPL,Arsenal,Leicester,5,1,0,0.833333,1.333333,6,0.383333,0,0,0,5,0,11,2,1.0
2024-09-28,2024-25,EPL,Nott'm Forest,Fulham,1,3,0,0.25,-1.5,4,-0.2,0,0,0,5,0,6,4,0.0
2024-09-28,2024-25,SerieA,Udinese,Inter,1,6,1,0.125,-1.5,8,-0.325,1,1,1,5,0,0,0,0.0
2024-09-28,2024-25,Ligue1,Lens,Nice,1,6,1,0.125,-0.625,8,-0.325,1,0,0,5,0,8,1,0.5
2024-09-28,2024-25,EPL,Wolves,Liverpool,1,7,0,0.125,-1.375,8,-0.325,1,1,0,5,0,0,1,0.0
2024-09-28,2024-25,Ligue1,Le Havre,Lille,0,2,0,0.0,-2.5,2,-0.45,1,1,0,5,0,0,1,0.0
2024-09-28,2024-25,Ligue1,Monaco,Montpellier,5,2,1,0.625,0.5,8,0.175,0,0,0,5,0,8,1,1.0
2024-09-28,2024-25,Bundesliga,Bayern Munich,Leverkusen,4,2,2,0.5,0.875,8,0.05,1,0,0,4,1,4,2,0.5
2024-09-28,2024-25,Bundesliga,RB Leipzig,Augsburg,5,0,3,0.625,1.375,8,0.175,0,0,1,4,1,15,0,1.0
2024-09-28,2024-25,Bundesliga,Wolfsburg,Stuttgart,4,3,1,0.5,0.0,8,0.05,1,1,0,4,1,0,3,0.5
2024-09-28,2024-25,Bundesliga,Mainz,Heidenheim,0,1,1,0.0,-0.5,2,-0.45,0,0,1,4,1,1,0,0.0
2024-09-28,2024-25,Bundesliga,M'gladbach,Union Berlin,0,5,3,0.0,-0.75,8,-0.45,0,1,0,4,1,0,5,1.0
2024-09-29,2024-25,LaLiga,Celta,Girona,1,2,1,0.25,-0.25,4,-0.2,1,1,0,7,0,0,1,0.5
2024-09-29,2024-25,Ligue1,Strasbourg,Marseille,0,3,5,0.0,-0.875,8,-0.45,0,0,0,5,0,2,6,1.0
2024-09-29,2024-25,Ligue1,Nantes,St Etienne,1,0,3,0.25,0.25,4,-0.2,0,0,1,5,0,1,0,0.5
2024-09-29,2024-25,Ligue1,Angers,Reims,2,2,2,0.333333,-0.166667,6,-0.116667,0,0,0,5,0,2,4,0.0
2024-09-29,2024-25,Ligue1,Toulouse,Lyon,0,3,1,0.0,-1.25,4,-0.45,1,1,1,5,0,0,0,0.0
2024-09-29,2024-25,LaLiga,Ath Bilbao,Sevilla,4,3,1,0.5,0.375,8,0.05,0,0,0,7,0,3,1,0.5
2024-09-29,2024-25,LaLiga,Betis,Espanol,2,1,1,0.5,1.0,4,0.05,0,0,1,7,0,1,0,1.0
2024-09-29,2024-25,LaLiga,Ath Madrid,Real Madrid,2,3,3,0.25,-0.25,8,-0.2,0,0,0,7,0,8,15,0.5
2024-09-29,2024-25,Bundesliga,Holstein Kiel,Ein Frankfurt,0,0,0,0.45,0.0,0,0.0,0,0,0,4,1,1,3,0.0
2024-09-29,2024-25,EPL,Ipswich,Aston Villa,0,0,0,0.45,0.0,0,0.0,0,0,0,5,0,3,3,0.5
2024-09-29,2024-25,SerieA,Napoli,Monza,2,1,1,0.5,1.0,4,0.05,0,0,1,5,0,4,0,1.0
2024-09-29,2024-25,SerieA,Empoli,Fiorentina,2,1,3,0.333333,0.333333,6,-0.116667,0,0,0,5,0,7,1,0.5
2024-09-29,2024-25,SerieA,Roma,Venezia,0,1,1,0.0,-0.5,2,-0.45,0,0,0,5,0,3,1,1.0
2024-09-29,2024-25,SerieA,Como,Verona,0,0,0,0.45,0.0,0,0.0,0,0,1,5,0,2,0,1.0
2024-09-29,2024-25,EPL,Man United,Tottenham,4,2,2,0.5,0.125,8,0.05,0,0,0,5,0,2,1,0.0
2024-09-29,2024-25,Bundesliga,Hoffenheim,Werder Bremen,4,1,1,0.666667,1.0,6,0.216667,0,1,1,4,1,0,0,0.0
2024-09-29,2024-25,SerieA,Torino,Lazio,1,3,4,0.125,-0.5,8,-0.325,1,0,1,5,0,5,0,0.0
2024-09-30,2024-25,SerieA,Parma,Cagliari,0,1,1,0.0,-0.5,2,-0.45,1,0,1,5,0,1,0,0.0
2024-09-30,2024-25,LaLiga,Villarreal,Las Palmas,0,2,0,0.0,-2.0,2,-0.45,1,0,0,7,0,1,1,1.0
2024-09-30,2024-25,EPL,Bournemouth,Southampton,1,1,0,0.5,0.0,2,0.05,0,1,0,5,0,0,1,1.0
2024-10-04,2024-25,LaLiga,Leganes,Valencia,0,0,0,0.45,0.0,0,0.0,0,0,1,8,0,2,0,0.5
2024-10-04,2024-25,SerieA,Verona,Venezia,2,0,0,1.0,1.5,2,0.55,0,1,1,6,0,0,0,1.0
2024-10-04,2024-25,SerieA,Napoli,Como,0,0,0,0.45,0.0,0,0.0,0,0,0,6,0,5,3,1.0
2024-10-04,2024-25,Ligue1,Marseille,Angers,4,1,1,0.666667,1.333333,6,0.216667,0,1,1,6,0,0,0,0.5
2024-10-04,2024-25,Bundesliga,Augsburg,M'gladbach,4,2,2,0.5,0.25,8,0.05,0,1,0,5,0,0,1,1.0
2024-10-05,2024-25,LaLiga,Getafe,Osasuna,5,1,2,0.625,0.625,8,0.175,1,0,0,8,0,1,3,0.5
2024-10-05,2024-25,LaLiga,Espanol,Mallorca,2,1,1,0.5,0.25,4,0.05,0,1,0,8,0,0,3,1.0
2024-10-05,2024-25,LaLiga,Valladolid,Vallecano,0,2,0,0.0,-1.0,2,-0.45,1,1,0,8,0,0,4,0.0
2024-10-05,2024-25,LaLiga,Real Madrid,Villarreal,2,2,4,0.25,0.25,8,-0.2,0,0,0,8,0,15,2,1.0
2024-10-05,2024-25,Ligue1,Lille,Toulouse,2,1,1,0.5,0.25,4,0.05,1,0,1,6,0,2,0,1.0
2024-10-05,2024-25,Ligue1,St Etienne,Auxerre,0,0,0,0.45,0.0,0,0.0,0,0,0,6,0,1,1,1.0
2024-10-05,2024-25,LaLiga,Las Palmas,Celta,1,1,0,0.5,-1.0,2,0.05,1,1,0,8,0,0,1,0.0
2024-10-05,2024-25,Ligue1,Rennes,Monaco,2,5,1,0.25,-0.25,8,-0.2,1,1,0,6,0,0,9,0.0
2024-10-05,2024-25,EPL,West Ham,Ipswich,0,0,0,0.45,0.0,0,0.0,0,0,0,6,0,1,4,1.0
2024-10-05,2024-25,EPL,Arsenal,Southampton,2,1,3,0.333333,0.666667,6,-0.116667,0,0,1,6,0,12,0,1.0
2024-10-05,2024-25,EPL,Crystal Palace,Liverpool,1,5,2,0.125,-1.75,8,-0.325,0,1,0,6,0,0,2,0.0
2024-10-05,2024-25,Bundesliga,St Pauli,Mainz,0,0,0,0.45,0.0,0,0.0,0,0,1,5,0,2,0,0.0
2024-10-05,2024-25,Bundesliga,Werder Bremen,Freiburg,1,3,2,0.166667,-0.333333,6,-0.283333,0,0,1,5,0,1,0,0.0
2024-10-05,2024-25,Bundesliga,Union Berlin,Dortmund,2,6,0,0.25,-1.125,8,-0.2,1,1,0,5,0,0,1,1.0
2024-10-05,2024-25,Bundesliga,Leverkusen,Holstein Kiel,0,0,0,0.45,0.0,0,0.0,0,0,1,5,0,3,0,0.5
2024-10-05,2024-25,Bundesliga,Bochum,Wolfsburg,2,4,0,0.333333,-1.166667,6,-0.116667,1,1,0,5,0,0,1,0.0
2024-10-05,2024-25,SerieA,Udinese,Lecce,1,1,2,0.25,0.25,4,-0.2,0,1,1,6,0,0,0,1.0
2024-10-05,2024-25,SerieA,Inter,Torino,7,0,1,0.875,1.375,8,0.425,0,0,1,6,0,1,0,1.0
2024-10-05,2024-25,SerieA,Atalanta,Genoa,3,0,3,0.5,1.0,6,0.05,0,0,1,6,0,1,0,1.0
2024-10-05,2024-25,EPL,Man City,Fulham,6,0,0,1.0,2.5,6,0.55,0,0,0,6,0,15,5,1.0
2024-10-05,2024-25,EPL,Brentford,Wolves,2,3,1,0.333333,-0.333333,6,-0.116667,0,0,1,6,0,1,0,1.0
2024-10-05,2024-25,EPL,Leicester,Bournemouth,0,2,0,0.0,-1.0,2,-0.45,1,1,0,6,0,0,1,1.0
2024-10-05,2024-25,EPL,Everton,Newcastle,2,5,1,0.25,-0.625,8,-0.2,0,0,0,6,0,2,1,0.5
2024-10-06,2024-25,LaLiga,Alaves,Barcelona,0,4,2,0.0,-1.333333,6,-0.45,1,1,1,8,0,0,0,0.0
2024-10-06,2024-25,Bundesliga,Stuttgart,Hoffenheim,3,2,3,0.375,0.625,8,-0.075,0,0,1,5,0,4,0,0.5
2024-10-06,2024-25,Bundesliga,Ein Frankfurt,Bayern Munich,3,4,1,0.375,-0.75,8,-0.075,1,0,0,5,0,4,5,0.5
2024-10-06,2024-25,Bundesliga,Heidenheim,RB Leipzig,0,2,0,0.0,-1.0,2,-0.45,1,0,0,5,0,1,15,0.0
2024-10-06,2024-25,SerieA,Bologna,Parma,2,0,0,1.0,3.0,2,0.55,0,0,1,6,0,4,0,0.5
2024-10-06,2024-25,LaLiga,Sevilla,Betis,3,0,5,0.375,0.5,8,-0.075,0,0,0,8,0,2,2,1.0
2024-10-06,2024-25,LaLiga,Sociedad,Ath Madrid,0,6,2,0.0,-1.0,8,-0.45,1,0,0,8,0,2,9,0.5
2024-10-06,2024-25,SerieA,Fiorentina,Milan,2,6,0,0.25,-0.625,8,-0.2,1,0,0,6,0,2,4,1.0
2024-10-06,2024-25,Ligue1,Lyon,Nantes,6,0,2,0.75,1.125,8,0.3,0,0,0,6,0,1,2,1.0
2024-10-06,2024-25,SerieA,Monza,Roma,0,3,1,0.0,-1.75,4,-0.45,1,1,0,6,0,0,4,0.5
2024-10-06,2024-25,SerieA,Juventus,Cagliari,5,0,1,0.833333,1.333333,6,0.383333,0,0,0,6,0,14,1,0.5
2024-10-06,2024-25,SerieA,Lazio,Empoli,4,0,2,0.666667,1.333333,6,0.216667,0,0,0,6,0,1,8,1.0
2024-10-06,2024-25,Ligue1,Brest,Le Havre,2,0,0,1.0,1.0,2,0.55,0,1,1,6,0,0,0,1.0
2024-10-06,2024-25,LaLiga,Girona,Ath Bilbao,2,1,1,0.5,0.25,4,0.05,1,0,0,8,0,2,4,1.0
2024-10-06,2024-25,Ligue1,Strasbourg,Lens,3,4,1,0.375,-0.25,8,-0.075,1,0,0,6,0,3,9,0.5
2024-10-06,2024-25,Ligue1,Nice,Paris SG,2,5,1,0.25,-0.75,8,-0.2,1,0,0,6,0,2,8,0.5
2024-10-06,2024-25,EPL,Aston Villa,Man United,2,5,1,0.25,-0.375,8,-0.2,1,0,1,6,0,4,0,0.5
2024-10-06,2024-25,EPL,Chelsea,Nott'm Forest,1,1,2,0.25,0.0,4,-0.2,0,0,1,6,0,5,0,0.5
2024-10-06,2024-25,EPL,Brighton,Tottenham,3,5,0,0.375,-0.25,8,-0.075,1,1,0,6,0,0,2,1.0
2024-10-06,2024-25,Ligue1,Reims,Montpellier,2,2,4,0.25,0.375,8,-0.2,1,0,1,6,0,5,0,1.0
2024-10-18,2024-25,Bundesliga,Dortmund,St Pauli,0,0,0,0.45,0.0,0,0.0,0,1,1,6,0,0,0,1.0
2024-10-18,2024-25,LaLiga,Alaves,Valladolid,2,0,0,1.0,1.5,2,0.55,0,1,1,9,0,0,0,0.0
2024-10-18,2024-25,Ligue1,Monaco,Lille,2,3,3,0.25,-0.25,8,-0.2,0,0,0,7,0,10,3,0.5
2024-10-19,2024-25,LaLiga,Osasuna,Betis,1,7,0,0.125,-1.375,8,-0.325,1,0,1,9,0,4,0,0.0
2024-10-19,2024-25,LaLiga,Girona,Sociedad,0,1,3,0.0,-0.5,4,-0.45,0,0,0,9,0,3,3,0.0
2024-10-19,2024-25,LaLiga,Celta,Real Madrid,0,8,0,0.0,-2.25,8,-0.45,1,0,0,9,0,2,15,0.0
2024-10-19,2024-25,LaLiga,Ath Bilbao,Espanol,2,1,1,0.5,0.25,4,0.05,0,1,0,9,0,0,1,1.0
2024-10-19,2024-25,SerieA,Juventus,Lazio,4,2,2,0.5,0.875,8,0.05,1,0,0,7,0,15,2,1.0
2024-10-19,2024-25,SerieA,Milan,Udinese,3,2,3,0.375,0.125,8,-0.075,0,1,0,7,0,0,1,1.0
2024-10-19,2024-25,SerieA,Genoa,Bologna,3,1,2,0.5,0.833333,6,0.05,0,1,0,7,0,0,5,0.5
2024-10-19,2024-25,SerieA,Como,Parma,0,0,0,0.45,0.0,0,0.0,0,1,0,7,0,0,1,0.5
2024-10-19,2024-25,EPL,Tottenham,West Ham,2,3,3,0.25,0.125,8,-0.2,0,1,0,7,0,0,2,1.0
2024-10-19,2024-25,EPL,Fulham,Aston Villa,1,5,0,0.166667,-1.0,6,-0.283333,1,1,0,7,0,0,5,0.0
2024-10-19,2024-25,EPL,Ipswich,Everton,0,0,0,0.45,0.0,0,0.0,0,1,0,7,0,0,3,0.0
2024-10-19,2024-25,EPL,Man United,Brentford,4,1,1,0.666667,0.5,6,0.216667,0,0,0,7,0,1,2,1.0
2024-10-19,2024-25,EPL,Newcastle,Brighton,2,3,3,0.25,-0.5,8,-0.2,0,0,0,7,0,2,1,0.0
2024-10-19,2024-25,EPL,Bournemouth,Arsenal,0,4,0,0.0,-2.75,4,-0.45,1,1,0,7,0,0,13,1.0
2024-10-19,2024-25,Bundesliga,Mainz,RB Leipzig,4,2,2,0.5,0.25,8,0.05,0,0,0,6,0,1,15,0.0
2024-10-19,2024-25,Bundesliga,Bayern Munich,Stuttgart,5,1,2,0.625,1.625,8,0.175,1,0,0,6,0,6,5,1.0
2024-10-19,2024-25,Bundesliga,M'gladbach,Heidenheim,1,0,1,0.5,0.5,2,0.05,0,1,1,6,0,0,0,1.0
2024-10-19,2024-25,Bundesliga,Leverkusen,Ein Frankfurt,5,3,0,0.625,0.625,8,0.175,0,0,0,6,0,4,5,1.0
2024-10-19,2024-25,Ligue1,Paris SG,Strasbourg,6,0,2,0.75,1.75,8,0.3,0,0,0,7,0,9,4,1.0
2024-10-19,2024-25,Ligue1,St Etienne,Lens,0,3,1,0.0,-1.0,4,-0.45,1,0,0,7,0,2,10,0.0
2024-10-19,2024-25,Ligue1,Brest,Rennes,1,5,2,0.125,-0.75,8,-0.325,0,0,1,7,0,1,0,0.5
2024-10-19,2024-25,EPL,Southampton,Leicester,2,2,2,0.333333,-0.5,6,-0.116667,0,1,0,7,0,0,1,0.0
2024-10-19,2024-25,Bundesliga,Freiburg,Augsburg,6,1,1,0.75,1.625,8,0.3,1,0,0,6,0,1,1,1.0
2024-10-19,2024-25,Bundesliga,Hoffenheim,Bochum,2,4,0,0.333333,-0.666667,6,-0.116667,1,0,1,6,0,1,0,1.0
2024-10-20,2024-25,LaLiga,Barcelona,Sevilla,6,0,2,0.75,1.375,8,0.3,0,0,0,9,0,1,3,1.0
2024-10-20,2024-25,LaLiga,Villarreal,Getafe,5,0,3,0.625,0.75,8,0.175,0,1,0,9,0,0,2,0.5
2024-10-20,2024-25,LaLiga,Ath Madrid,Leganes,0,0,0,0.45,0.0,0,0.0,0,0,0,9,0,10,3,1.0
2024-10-20,2024-25,Ligue1,Auxerre,Reims,0,1,1,0.0,-0.5,2,-0.45,0,1,0,7,0,0,6,1.0
2024-10-20,2024-25,Ligue1,Nantes,Nice,2,4,2,0.25,-0.375,8,-0.2,0,1,0,7,0,0,3,0.5
2024-10-20,2024-25,Ligue1,Toulouse,Angers,2,0,0,1.0,1.5,2,0.55,0,1,0,7,0,0,1,0.5
2024-10-20,2024-25,Ligue1,Montpellier,Marseille,0,5,3,0.0,-1.125,8,-0.45,1,1,0,7,0,0,1,0.0
2024-10-20,2024-25,Ligue1,Le Havre,Lyon,1,0,1,0.5,1.0,2,0.05,0,1,0,7,0,0,2,0.0
2024-10-20,2024-25,LaLiga,Mallorca,Vallecano,4,1,1,0.666667,0.833333,6,0.216667,0,1,0,9,0,0,5,1.0
2024-10-20,2024-25,SerieA,Lecce,Fiorentina,1,1,2,0.25,0.0,4,-0.2,0,1,0,7,0,0,3,0.0
2024-10-20,2024-25,EPL,Wolves,Man City,1,7,0,0.125,-2.375,8,-0.325,1,1,0,7,0,0,15,0.0
2024-10-20,2024-25,EPL,Liverpool,Chelsea,2,1,5,0.25,0.5,8,-0.2,0,0,0,7,0,3,6,1.0
2024-10-20,2024-25,Bundesliga,Wolfsburg,Werder Bremen,3,1,2,0.5,0.666667,6,0.05,0,0,1,6,0,2,0,0.0
2024-10-20,2024-25,Bundesliga,Holstein Kiel,Union Berlin,0,0,0,0.45,0.0,0,0.0,0,0,0,6,0,1,1,0.0
2024-10-20,2024-25,SerieA,Roma,Inter,1,6,1,0.125,-1.375,8,-0.325,1,0,0,7,0,5,2,0.0
2024-10-20,2024-25,SerieA,Cagliari,Torino,2,2,2,0.333333,0.0,6,-0.116667,1,0,1,7,0,2,0,1.0
2024-10-20,2024-25,SerieA,Venezia,Atalanta,0,2,0,0.0,-3.0,2,-0.45,1,1,0,7,0,0,2,0.0
2024-10-20,2024-25,SerieA,Empoli,Napoli,4,2,0,0.666667,0.0,6,0.216667,0,1,0,7,0,0,6,0.0
2024-10-21,2024-25,EPL,Nott'm Forest,Crystal Palace,1,0,3,0.25,0.25,4,-0.2,0,0,1,7,0,1,0,1.0
2024-10-21,2024-25,LaLiga,Valencia,Las Palmas,1,1,0,0.5,-0.5,2,0.05,1,0,1,9,0,1,0,0.0
2024-10-21,2024-25,SerieA,Verona,Monza,0,2,2,0.0,-1.0,4,-0.45,0,0,0,7,0,1,1,0.0
2024-10-25,2024-25,Bundesliga,Mainz,M'gladbach,3,1,4,0.375,0.625,8,-0.075,0,1,0,7,0,0,1,0.5
2024-10-25,2024-25,LaLiga,Espanol,Sevilla,0,3,1,0.0,-1.0,4,-0.45,1,1,1,10,0,0,0,0.0
2024-10-25,2024-25,EPL,Leicester,Nott'm Forest,1,1,0,0.5,1.0,2,0.05,1,0,0,8,0,2,2,0.0
2024-10-25,2024-25,SerieA,Udinese,Cagliari,2,1,3,0.333333,1.166667,6,-0.116667,0,1,0,8,0,0,3,1.0
2024-10-25,2024-25,SerieA,Torino,Como,0,0,0,0.45,0.0,0,0.0,0,1,0,8,0,0,1,1.0
2024-10-25,2024-25,Ligue1,Rennes,Le Havre,1,0,1,0.5,0.5,2,0.05,0,0,1,8,0,1,0,1.0
2024-10-26,2024-25,Bundesliga,RB Leipzig,Freiburg,6,0,2,0.75,1.75,8,0.3,0,0,0,7,0,15,2,1.0
2024-10-26,2024-25,Bundesliga,Stuttgart,Holstein Kiel,0,0,0,0.45,0.0,0,0.0,0,1,1,7,0,0,0,1.0
2024-10-26,2024-25,EPL,Everton,Fulham,1,3,2,0.166667,-0.666667,6,-0.283333,0,0,1,8,0,4,0,0.5
2024-10-26,2024-25,EPL,Man City,Southampton,4,0,2,0.666667,1.833333,6,0.216667,0,0,1,8,0,15,0,1.0
2024-10-26,2024-25,Bundesliga,Augsburg,Dortmund,1,5,2,0.125,-1.125,8,-0.325,1,1,0,7,0,0,1,1.0
2024-10-26,2024-25,EPL,Brighton,Wolves,4,2,2,0.5,1.375,8,0.05,0,0,1,8,0,2,0,0.5
2024-10-26,2024-25,Bundesliga,Werder Bremen,Leverkusen,0,3,3,0.0,-1.5,6,-0.45,1,0,0,7,0,1,5,0.5
2024-10-26,2024-25,EPL,Brentford,Ipswich,0,0,0,0.45,0.0,0,0.0,0,1,1,8,0,0,0,1.0
2024-10-26,2024-25,Bundesliga,St Pauli,Wolfsburg,0,0,0,0.45,0.0,0,0.0,0,1,1,7,0,0,0,0.5
2024-10-26,2024-25,LaLiga,Valladolid,Villarreal,1,3,0,0.25,-1.5,4,-0.2,0,0,0,10,0,1,1,0.0
2024-10-26,2024-25,LaLiga,Real Madrid,Barcelona,6,2,0,0.75,0.375,8,0.3,0,0,0,10,0,15,2,0.0
2024-10-26,2024-25,LaLiga,Las Palmas,Girona,0,2,0,0.0,-1.5,2,-0.45,1,0,1,10,0,1,0,1.0
2024-10-26,2024-25,LaLiga,Vallecano,Alaves,2,2,0,0.5,0.5,4,0.05,1,1,1,10,0,0,0,1.0
2024-10-26,2024-25,EPL,Aston Villa,Bournemouth,2,1,1,0.5,0.75,4,0.05,0,0,0,8,0,6,1,0.5
2024-10-26,2024-25,Ligue1,Reims,Brest,1,2,5,0.125,-0.125,8,-0.325,0,1,0,8,0,0,2,0.0
2024-10-26,2024-25,Ligue1,Lens,Lille,2,4,2,0.25,-0.875,8,-0.2,1,0,0,8,0,11,4,0.0
2024-10-26,2024-25,SerieA,Napoli,Lecce,2,0,2,0.5,1.25,4,0.05,0,0,1,8,0,7,0,1.0
2024-10-26,2024-25,SerieA,Atalanta,Verona,5,2,1,0.625,0.5,8,0.175,0,0,1,8,0,3,0,1.0
2024-10-26,2024-25,Ligue1,Angers,St Etienne,0,2,2,0.0,-0.5,4,-0.45,1,0,1,8,0,2,0,1.0
2024-10-27,2024-25,Ligue1,Lyon,Auxerre,1,1,0,0.5,0.0,2,0.05,1,0,0,8,0,3,1,0.5
2024-10-27,2024-25,Ligue1,Montpellier,Toulouse,2,2,0,0.5,0.25,4,0.05,0,1,0,8,0,0,1,0.0
2024-10-27,2024-25,Ligue1,Nice,Monaco,2,5,1,0.25,-0.125,8,-0.2,1,0,0,8,0,4,11,1.0
2024-10-27,2024-25,SerieA,Lazio,Genoa,4,1,1,0.666667,1.0,6,0.216667,0,1,0,8,0,0,1,1.0
2024-10-27,2024-25,LaLiga,Betis,Ath Madrid,0,6,2,0.0,-1.25,8,-0.45,1,0,0,10,0,1,11,1.0
2024-10-27,2024-25,LaLiga,Sociedad,Osasuna,5,1,2,0.625,0.875,8,0.175,1,0,1,10,0,4,0,0.0
2024-10-27,2024-25,SerieA,Parma,Empoli,0,0,0,0.45,0.0,0,0.0,0,0,1,8,0,2,0,0.5
2024-10-27,2024-25,LaLiga,Getafe,Valencia,3,3,2,0.375,-0.125,8,-0.075,1,0,1,10,0,3,0,0.5
2024-10-27,2024-25,LaLiga,Leganes,Celta,0,0,0,0.45,0.0,0,0.0,0,1,1,10,0,0,0,1.0
2024-10-27,2024-25,Bundesliga,Heidenheim,Hoffenheim,0,1,1,0.0,-0.5,2,-0.45,0,1,0,7,0,0,2,0.5
2024-10-27,2024-25,Ligue1,Strasbourg,Nantes,4,2,2,0.5,0.875,8,0.05,0,1,0,8,0,0,1,1.0
2024-10-27,2024-25,SerieA,Fiorentina,Roma,2,4,2,0.25,-0.5,8,-0.2,0,0,1,8,0,4,0,1.0
2024-10-27,2024-25,SerieA,Inter,Juventus,3,3,2,0.375,0.0,8,-0.075,0,0,0,8,0,3,15,0.5
2024-10-27,2024-25,SerieA,Monza,Venezia,0,0,0,0.45,0.0,0,0.0,0,0,1,8,0,2,0,0.5
2024-10-27,2024-25,Bundesliga,Union Berlin,Ein Frankfurt,2,4,2,0.25,-0.625,8,-0.2,0,0,1,7,0,2,0,0.5
2024-10-27,2024-25,Ligue1,Marseille,Paris SG,1,6,1,0.125,-1.5,8,-0.325,1,0,0,8,0,2,10,0.0
2024-10-27,2024-25,Bundesliga,Bochum,Bayern Munich,2,4,0,0.333333,-3.5,6,-0.116667,0,1,0,7,0,0,7,0.0
2024-10-27,2024-25,EPL,Chelsea,Newcastle,5,2,1,0.625,0.625,8,0.175,0,1,1,8,0,0,0,1.0
2024-10-27,2024-25,EPL,Arsenal,Liverpool,2,4,2,0.25,-1.0,8,-0.2,0,1,0,8,0,0,4,0.5
2024-10-27,2024-25,EPL,West Ham,Man United,2,6,0,0.25,-0.75,8,-0.2,1,1,0,8,0,0,2,1.0
2024-10-27,2024-25,EPL,Crystal Palace,Tottenham,1,6,1,0.125,-1.375,8,-0.325,1,1,0,8,0,0,1,1.0
2024-10-28,2024-25,LaLiga,Mallorca,Ath Bilbao,1,2,3,0.166667,-0.833333,6,-0.283333,1,0,0,10,0,1,1,0.5
2024-10-29,2024-25,SerieA,Milan,Napoli,4,3,1,0.5,0.625,8,0.05,0,0,0,8,0,1,8,0.0
2024-10-29,2024-25,SerieA,Lecce,Verona,0,3,1,0.0,-1.0,4,-0.45,1,1,1,9,0,0,0,1.0
2024-10-29,2024-25,SerieA,Cagliari,Bologna,3,3,0,0.5,-0.166667,6,0.05,0,1,0,9,0,0,6,0.0
2024-10-30,2024-25,SerieA,Venezia,Udinese,0,2,0,0.0,-2.0,2,-0.45,1,0,0,9,0,1,1,1.0
2024-10-30,2024-25,SerieA,Atalanta,Monza,4,0,0,1.0,2.25,4,0.55,0,0,0,9,0,4,3,1.0
2024-10-30,2024-25,SerieA,Juventus,Parma,2,0,0,1.0,3.0,2,0.55,0,0,0,9,0,15,3,0.5
2024-10-30,2024-25,SerieA,Empoli,Inter,1,5,0,0.166667,-1.5,6,-0.283333,1,0,0,9,0,1,4,0.0
2024-10-31,2024-25,SerieA,Genoa,Fiorentina,0,3,3,0.0,-1.666667,6,-0.45,0,1,0,9,0,0,5,0.0
2024-10-31,2024-25,SerieA,Roma,Torino,5,1,2,0.625,0.75,8,0.175,0,1,0,9,0,0,1,1.0
2024-10-31,2024-25,SerieA,Como,Lazio,0,0,0,0.45,0.0,0,0.0,0,1,0,9,0,0,1,0.0
2024-11-01,2024-25,LaLiga,Alaves,Mallorca,0,2,2,0.0,-0.5,4,-0.45,0,1,0,11,0,0,2,1.0
2024-11-01,2024-25,Ligue1,Lille,Lyon,3,2,3,0.375,0.25,8,-0.075,1,0,0,9,0,5,4,0.5
2024-11-01,2024-25,Ligue1,Monaco,Angers,6,0,0,1.0,1.833333,6,0.55,0,1,0,9,0,0,3,0.0
2024-11-01,2024-25,Bundesliga,Leverkusen,Stuttgart,4,0,4,0.5,1.125,8,0.05,0,0,0,8,0,6,1,0.5
2024-11-02,2024-25,Ligue1,Paris SG,Lens,4,2,2,0.5,0.5,8,0.05,0,0,1,9,0,11,0,1.0
2024-11-02,2024-25,EPL,Wolves,Crystal Palace,2,6,0,0.25,-0.625,8,-0.2,1,0,0,9,0,1,1,0.5
2024-11-02,2024-25,EPL,Newcastle,Arsenal,2,5,1,0.25,-1.125,8,-0.2,1,1,0,9,0,0,1,1.0
2024-11-02,2024-25,Ligue1,St Etienne,Strasbourg,1,2,1,0.25,-0.75,4,-0.2,0,1,0,9,0,0,1,1.0
2024-11-02,2024-25,EPL,Bournemouth,Man City,0,4,0,0.0,-3.25,4,-0.45,1,0,0,9,0,2,15,1.0
2024-11-02,2024-25,EPL,Ipswich,Leicester,0,0,0,0.45,0.0,0,0.0,0,1,1,9,0,0,0,0.5
2024-11-02,2024-25,EPL,Liverpool,Brighton,2,2,4,0.25,-0.125,8,-0.2,0,0,0,9,0,5,3,1.0
2024-11-02,2024-25,Ligue1,Brest,Nice,2,4,2,0.25,-0.375,8,-0.2,0,0,0,9,0,3,5,0.0
2024-11-02,2024-25,EPL,Nott'm Forest,West Ham,2,2,0,0.5,-0.5,4,0.05,0,0,0,9,0,3,1,1.0
2024-11-02,2024-25,SerieA,Bologna,Lecce,3,0,1,0.75,1.75,4,0.3,0,0,0,9,0,7,1,1.0
2024-11-02,2024-25,SerieA,Udinese,Juventus,1,6,1,0.125,-1.25,8,-0.325,0,1,0,10,0,0,15,0.0
2024-11-02,2024-25,SerieA,Monza,Milan,1,3,0,0.25,-1.25,4,-0.2,0,1,1,10,0,0,0,0.0
2024-11-02,2024-25,Bundesliga,Bayern Munich,Union Berlin,5,0,3,0.625,1.875,8,0.175,0,0,0,8,0,8,3,1.0
2024-11-02,2024-25,LaLiga,Osasuna,Valladolid,1,1,2,0.25,0.25,4,-0.2,0,0,1,11,0,1,0,1.0
2024-11-02,2024-25,LaLiga,Girona,Leganes,0,0,0,0.45,0.0,0,0.0,0,1,0,11,0,0,1,1.0
2024-11-02,2024-25,Bundesliga,Ein Frankfurt,Bochum,1,2,3,0.166667,-0.666667,6,-0.283333,0,0,1,8,0,1,0,1.0
2024-11-02,2024-25,Bundesliga,Hoffenheim,St Pauli,0,0,0,0.45,0.0,0,0.0,0,0,0,8,0,3,1,0.0
2024-11-02,2024-25,Bundesliga,Holstein Kiel,Heidenheim,0,0,0,0.45,0.0,0,0.0,0,1,0,8,0,0,1,1.0
2024-11-02,2024-25,Bundesliga,Wolfsburg,Augsburg,2,3,3,0.25,-0.375,8,-0.2,1,0,0,8,0,1,1,0.5
2024-11-02,2024-25,Bundesliga,Dortmund,RB Leipzig,3,5,0,0.375,-0.875,8,-0.075,1,1,0,8,0,0,15,1.0
2024-11-02,2024-25,EPL,Southampton,Everton,3,3,0,0.5,0.166667,6,0.05,0,1,0,9,0,0,5,1.0
2024-11-03,2024-25,EPL,Tottenham,Aston Villa,4,4,0,0.5,0.75,8,0.05,0,1,0,9,0,0,7,1.0
2024-11-03,2024-25,EPL,Man United,Chelsea,2,1,5,0.25,0.375,8,-0.2,1,1,0,9,0,0,1,0.5
2024-11-03,2024-25,Bundesliga,M'gladbach,Werder Bremen,2,1,3,0.333333,-0.166667,6,-0.116667,0,0,0,8,0,2,2,1.0
2024-11-03,2024-25,Ligue1,Toulouse,Reims,2,1,1,0.5,-0.25,4,0.05,0,0,1,9,0,2,0,1.0
2024-11-03,2024-25,Ligue1,Auxerre,Rennes,0,1,1,0.0,-2.5,2,-0.45,0,0,0,9,0,2,2,1.0
2024-11-03,2024-25,Ligue1,Le Havre,Montpellier,0,1,1,0.0,-1.0,2,-0.45,1,1,1,9,0,0,0,1.0
2024-11-03,2024-25,Ligue1,Nantes,Marseille,0,6,2,0.0,-1.125,8,-0.45,1,1,1,9,0,0,0,0.0
2024-11-03,2024-25,SerieA,Napoli,Atalanta,5,3,0,0.625,0.375,8,0.175,1,0,0,10,0,9,5,0.0
2024-11-03,2024-25,SerieA,Torino,Fiorentina,2,3,3,0.25,0.25,8,-0.2,0,1,0,10,0,0,6,0.0
2024-11-03,2024-25,SerieA,Verona,Roma,2,4,2,0.25,-0.5,8,-0.2,1,1,0,10,0,0,1,1.0
2024-11-03,2024-25,SerieA,Inter,Venezia,2,0,0,1.0,1.5,2,0.55,0,0,0,10,0,5,2,1.0
2024-11-03,2024-25,LaLiga,Ath Madrid,Las Palmas,1,1,0,0.5,2.0,2,0.05,0,1,0,11,0,0,2,1.0
2024-11-03,2024-25,LaLiga,Barcelona,Espanol,2,0,2,0.5,0.75,4,0.05,0,0,1,11,0,3,0,1.0
2024-11-03,2024-25,LaLiga,Sevilla,Sociedad,3,3,2,0.375,0.0,8,-0.075,0,0,1,11,0,1,0,0.0
2024-11-03,2024-25,LaLiga,Ath Bilbao,Betis,3,3,2,0.375,0.375,8,-0.075,1,0,0,11,0,2,2,0.5
2024-11-03,2024-25,Bundesliga,Freiburg,Mainz,2,2,4,0.25,-0.125,8,-0.2,0,1,0,8,0,0,1,0.5
2024-11-04,2024-25,SerieA,Empoli,Como,0,0,0,0.45,0.0,0,0.0,0,1,1,10,0,0,0,1.0
2024-11-04,2024-25,SerieA,Lazio,Cagliari,5,0,1,0.833333,1.5,6,0.383333,0,0,1,10,0,2,0,1.0
2024-11-04,2024-25,SerieA,Parma,Genoa,1,1,0,0.5,0.0,2,0.05,1,0,1,10,0,4,0,0.0
2024-11-04,2024-25,LaLiga,Celta,Getafe,2,3,3,0.25,0.0,8,-0.2,1,1,0,11,0,0,4,1.0
2024-11-04,2024-25,EPL,Fulham,Brentford,1,2,1,0.25,-0.75,4,-0.2,0,0,0,9,0,1,1,1.0
2024-11-07,2024-25,SerieA,Genoa,Como,0,0,0,0.45,0.0,0,0.0,0,0,1,11,0,1,0,0.5
2024-11-08,2024-25,Bundesliga,Union Berlin,Freiburg,4,1,3,0.5,0.5,8,0.05,0,1,0,9,0,0,1,0.5
2024-11-08,2024-25,Ligue1,Marseille,Auxerre,2,0,0,1.0,1.5,2,0.55,0,0,0,10,0,1,3,0.0
2024-11-08,2024-25,SerieA,Lecce,Empoli,1,1,2,0.25,0.0,4,-0.2,0,1,0,11,0,0,1,0.5
2024-11-08,2024-25,LaLiga,Vallecano,Las Palmas,1,1,0,0.5,-0.5,2,0.05,1,0,1,11,0,1,0,0.0
2024-11-09,2024-25,Ligue1,Strasbourg,Monaco,2,5,1,0.25,-0.625,8,-0.2,1,1,1,10,0,0,0,0.0
2024-11-09,2024-25,Ligue1,Lens,Nantes,3,1,4,0.375,0.75,8,-0.075,0,1,1,10,0,0,0,1.0
2024-11-09,2024-25,Ligue1,Angers,Paris SG,0,6,0,0.0,-2.166667,6,-0.45,1,0,0,10,0,4,12,0.0
2024-11-09,2024-25,Bundesliga,Werder Bremen,Holstein Kiel,0,0,0,0.45,0.0,0,0.0,0,1,0,9,0,0,1,1.0
2024-11-09,2024-25,SerieA,Juventus,Torino,5,0,3,0.625,0.875,8,0.175,0,0,1,11,0,15,0,1.0
2024-11-09,2024-25,SerieA,Cagliari,Milan,0,5,1,0.0,-2.0,6,-0.45,1,1,0,11,0,0,1,0.5
2024-11-09,2024-25,SerieA,Venezia,Parma,0,0,0,0.45,0.0,0,0.0,0,1,1,11,0,0,0,0.0
2024-11-09,2024-25,LaLiga,Leganes,Sevilla,0,0,0,0.45,0.0,0,0.0,0,1,1,12,0,0,0,1.0
2024-11-09,2024-25,LaLiga,Villarreal,Alaves,2,2,2,0.333333,0.5,6,-0.116667,0,0,0,11,0,2,1,1.0
2024-11-09,2024-25,LaLiga,Real Madrid,Osasuna,5,0,3,0.625,1.5,8,0.175,0,1,0,11,0,0,2,1.0
2024-11-09,2024-25,Bundesliga,RB Leipzig,M'gladbach,5,3,0,0.625,0.5,8,0.175,0,1,0,9,0,0,3,0.5
2024-11-09,2024-25,EPL,Brentford,Bournemouth,2,0,2,0.5,0.75,4,0.05,0,1,0,10,0,0,3,1.0
2024-11-09,2024-25,Bundesliga,Bochum,Leverkusen,1,4,1,0.166667,-1.5,6,-0.283333,1,1,0,9,0,0,7,0.5
2024-11-09,2024-25,EPL,West Ham,Everton,5,3,0,0.625,0.5,8,0.175,0,1,1,10,0,0,0,0.5
2024-11-09,2024-25,EPL,Crystal Palace,Fulham,1,1,4,0.166667,-0.333333,6,-0.283333,0,0,0,10,0,2,2,0.0
2024-11-09,2024-25,EPL,Brighton,Man City,1,6,1,0.125,-1.625,8,-0.325,1,1,1,10,0,0,0,1.0
2024-11-09,2024-25,EPL,Liverpool,Aston Villa,5,1,2,0.625,0.375,8,0.175,0,0,1,10,0,6,0,1.0
2024-11-09,2024-25,Bundesliga,Mainz,Dortmund,1,4,3,0.125,-0.375,8,-0.325,0,0,0,9,0,2,1,1.0
2024-11-09,2024-25,EPL,Wolves,Southampton,5,0,1,0.833333,1.0,6,0.383333,0,0,0,10,0,2,1,1.0
2024-11-09,2024-25,Bundesliga,St Pauli,Bayern Munich,0,0,0,0.45,0.0,0,0.0,0,0,0,9,0,2,9,0.0
2024-11-10,2024-25,EPL,Chelsea,Arsenal,1,6,1,0.125,-1.375,8,-0.325,1,0,1,10,0,2,0,0.5
2024-11-10,2024-25,LaLiga,Betis,Celta,3,4,1,0.375,-0.25,8,-0.075,0,0,0,12,0,3,1,0.5
2024-11-10,2024-25,LaLiga,Mallorca,Ath Madrid,3,3,0,0.5,-0.166667,6,0.05,1,1,0,12,0,0,1,0.0
2024-11-10,2024-25,LaLiga,Getafe,Girona,2,2,0,0.5,-0.75,4,0.05,0,1,0,12,0,0,1,0.0
2024-11-10,2024-25,LaLiga,Sociedad,Barcelona,1,7,0,0.125,-1.75,8,-0.325,1,0,0,12,0,1,4,1.0
2024-11-10,2024-25,Bundesliga,Heidenheim,Wolfsburg,0,1,1,0.0,-1.0,2,-0.45,0,1,0,9,0,0,2,0.0
2024-11-10,2024-25,Bundesliga,Stuttgart,Ein Frankfurt,2,2,4,0.25,0.125,8,-0.2,0,0,0,9,0,2,2,0.0
2024-11-10,2024-25,Bundesliga,Augsburg,Hoffenheim,2,5,1,0.25,-1.125,8,-0.2,1,0,1,9,0,2,0,0.5
2024-11-10,2024-25,EPL,Nott'm Forest,Newcastle,1,3,0,0.25,-0.5,4,-0.2,1,0,0,10,0,4,1,0.0
2024-11-10,2024-25,EPL,Man United,Leicester,2,2,2,0.333333,0.166667,6,-0.116667,0,0,0,10,0,1,1,1.0
2024-11-10,2024-25,LaLiga,Valladolid,Ath Bilbao,1,2,1,0.25,-1.0,4,-0.2,1,1,0,12,0,0,3,0.5
2024-11-10,2024-25,EPL,Tottenham,Ipswich,0,0,0,0.45,0.0,0,0.0,0,0,0,10,0,1,1,0.0
2024-11-10,2024-25,Ligue1,Lyon,St Etienne,3,0,1,0.75,1.75,4,0.3,0,0,0,10,0,5,1,1.0
2024-11-10,2024-25,SerieA,Fiorentina,Verona,4,1,3,0.5,0.75,8,0.05,1,0,0,11,0,7,1,1.0
2024-11-10,2024-25,SerieA,Roma,Bologna,3,3,2,0.375,0.125,8,-0.075,1,1,0,11,0,0,8,0.0
2024-11-10,2024-25,SerieA,Monza,Lazio,0,2,2,0.0,-0.75,4,-0.45,0,1,0,11,0,0,3,0.0
2024-11-10,2024-25,SerieA,Inter,Napoli,4,1,3,0.5,0.5,8,0.05,0,0,1,11,0,6,0,0.5
2024-11-10,2024-25,Ligue1,Nice,Lille,3,2,3,0.375,0.25,8,-0.075,0,0,0,10,0,6,6,0.5
2024-11-10,2024-25,Ligue1,Le Havre,Reims,0,2,0,0.0,-1.0,2,-0.45,1,0,1,10,0,1,0,0.0
2024-11-10,2024-25,SerieA,Atalanta,Udinese,3,0,5,0.375,0.875,8,-0.075,0,0,1,11,0,6,0,1.0
2024-11-10,2024-25,Ligue1,Rennes,Toulouse,1,2,1,0.25,-0.5,4,-0.2,1,1,0,10,0,0,3,0.0
2024-11-10,2024-25,Ligue1,Montpellier,Brest,3,3,2,0.375,1.125,8,-0.075,1,1,1,10,0,0,0,1.0
2024-11-22,2024-25,Ligue1,Paris SG,Toulouse,2,1,1,0.5,0.5,4,0.05,1,0,0,11,0,13,4,1.0
2024-11-22,2024-25,Ligue1,Monaco,Brest,6,2,0,0.75,0.875,8,0.3,0,0,1,11,0,1,0,1.0
2024-11-22,2024-25,Bundesliga,Bayern Munich,Augsburg,6,2,0,0.75,1.0,8,0.3,0,0,0,10,0,10,3,1.0
2024-11-22,2024-25,LaLiga,Getafe,Valladolid,0,3,1,0.0,-0.75,4,-0.45,0,1,0,13,0,0,1,1.0
2024-11-23,2024-25,SerieA,Parma,Atalanta,0,2,0,0.0,-3.0,2,-0.45,1,0,0,12,0,1,7,0.0
2024-11-23,2024-25,Bundesliga,Leverkusen,Heidenheim,2,0,0,1.0,2.0,2,0.55,0,0,1,10,0,8,0,1.0
2024-11-23,2024-25,Bundesliga,Hoffenheim,RB Leipzig,1,5,2,0.125,-0.875,8,-0.325,0,0,0,10,0,1,1,1.0
2024-11-23,2024-25,Bundesliga,Dortmund,Freiburg,6,2,0,0.75,2.125,8,0.3,0,1,0,10,0,0,2,1.0
2024-11-23,2024-25,SerieA,Verona,Inter,0,7,1,0.0,-1.75,8,-0.45,0,1,0,12,0,0,7,0.0
2024-11-23,2024-25,SerieA,Milan,Juventus,3,2,3,0.375,0.375,8,-0.075,0,0,0,11,0,2,15,0.5
2024-11-23,2024-25,Bundesliga,Stuttgart,Bochum,3,1,2,0.5,1.333333,6,0.05,1,1,0,10,0,0,1,1.0
2024-11-23,2024-25,Bundesliga,Wolfsburg,Union Berlin,3,3,2,0.375,0.0,8,-0.075,1,0,0,10,0,3,1,1.0
2024-11-23,2024-25,LaLiga,Ath Madrid,Alaves,4,2,0,0.666667,0.5,6,0.216667,1,0,1,13,0,2,0,1.0
2024-11-23,2024-25,LaLiga,Girona,Espanol,1,0,1,0.5,0.5,2,0.05,0,0,1,13,0,2,0,1.0
2024-11-23,2024-25,Ligue1,Reims,Lyon,2,2,4,0.25,-0.375,8,-0.2,0,0,0,11,0,1,6,0.5
2024-11-23,2024-25,Ligue1,St Etienne,Montpellier,2,2,0,0.5,0.0,4,0.05,0,1,0,11,0,0,1,1.0
2024-11-23,2024-25,Ligue1,Lens,Marseille,5,2,1,0.625,0.25,8,0.175,1,0,1,11,0,1,0,0.0
2024-11-23,2024-25,EPL,Leicester,Chelsea,1,4,1,0.166667,-0.833333,6,-0.283333,1,1,0,11,0,0,3,0.0
2024-11-23,2024-25,EPL,Arsenal,Nott'm Forest,3,1,0,0.75,1.5,4,0.3,0,0,1,11,0,1,0,1.0
2024-11-23,2024-25,EPL,Aston Villa,Crystal Palace,4,3,1,0.5,-0.125,8,0.05,1,1,1,11,0,0,0,0.5
2024-11-23,2024-25,EPL,Bournemouth,Brighton,1,3,0,0.25,-0.5,4,-0.2,0,1,0,11,0,0,1,0.0
2024-11-23,2024-25,EPL,Everton,Brentford,3,2,1,0.5,0.333333,6,0.05,0,0,0,11,0,1,1,0.5
2024-11-23,2024-25,EPL,Fulham,Wolves,1,3,2,0.166667,-0.333333,6,-0.283333,1,0,0,11,0,3,3,0.0
2024-11-23,2024-25,EPL,Man City,Tottenham,3,4,1,0.375,0.25,8,-0.075,0,1,1,11,0,0,0,0.0
2024-11-23,2024-25,LaLiga,Valencia,Betis,1,5,2,0.125,-1.125,8,-0.325,1,0,0,11,0,1,4,1.0
2024-11-23,2024-25,Bundesliga,Ein Frankfurt,Werder Bremen,2,1,3,0.333333,0.333333,6,-0.116667,0,0,0,10,0,3,1,1.0
2024-11-23,2024-25,LaLiga,Celta,Barcelona,2,5,1,0.25,-0.75,8,-0.2,1,0,1,13,0,2,0,0.5
2024-11-23,2024-25,LaLiga,Las Palmas,Mallorca,0,1,1,0.0,-0.5,2,-0.45,1,0,1,13,0,1,0,0.0
2024-11-24,2024-25,EPL,Southampton,Liverpool,1,4,1,0.166667,-1.333333,6,-0.283333,0,1,0,11,0,0,7,0.0
2024-11-24,2024-25,Ligue1,Lille,Rennes,3,0,5,0.375,0.5,8,-0.075,0,0,1,11,0,7,0,1.0
2024-11-24,2024-25,Ligue1,Auxerre,Angers,0,0,2,0.0,0.0,2,-0.45,0,0,1,11,0,4,0,1.0
2024-11-24,2024-25,Ligue1,Nantes,Le Havre,1,0,1,0.5,0.5,2,0.05,0,1,1,11,0,0,0,0.0
2024-11-24,2024-25,Ligue1,Nice,Strasbourg,3,3,2,0.375,-0.125,8,-0.075,0,0,1,11,0,7,0,1.0
2024-11-24,2024-25,LaLiga,Ath Bilbao,Sociedad,3,3,2,0.375,0.125,8,-0.075,0,0,0,13,0,4,2,1.0
2024-11-24,2024-25,LaLiga,Osasuna,Villarreal,3,4,1,0.375,-0.75,8,-0.075,0,1,0,13,0,0,3,0.5
2024-11-24,2024-25,SerieA,Napoli,Roma,4,1,3,0.5,0.75,8,0.05,0,0,1,12,0,1,0,1.0
2024-11-24,2024-25,SerieA,Lazio,Bologna,3,4,1,0.375,-0.25,8,-0.075,1,0,0,12,0,4,9,1.0
2024-11-24,2024-25,SerieA,Como,Fiorentina,0,0,0,0.45,0.0,0,0.0,0,0,0,12,0,1,8,0.0
2024-11-24,2024-25,SerieA,Genoa,Cagliari,5,1,0,0.833333,1.0,6,0.383333,0,0,0,12,0,2,1,0.5
2024-11-24,2024-25,LaLiga,Leganes,Real Madrid,0,0,0,0.45,0.0,0,0.0,0,0,0,13,0,1,1,0.0
2024-11-24,2024-25,EPL,Ipswich,Man United,0,0,0,0.45,0.0,0,0.0,0,0,0,11,0,2,2,0.5
2024-11-24,2024-25,Bundesliga,Holstein Kiel,Mainz,0,0,0,0.45,0.0,0,0.0,0,1,0,10,0,0,3,0.0
2024-11-24,2024-25,Bundesliga,M'gladbach,St Pauli,0,0,0,0.45,0.0,0,0.0,0,0,1,10,0,4,0,1.0
2024-11-24,2024-25,SerieA,Torino,Monza,2,0,2,0.5,0.5,4,0.05,0,1,1,12,0,0,0,0.5
2024-11-24,2024-25,LaLiga,Sevilla,Vallecano,2,1,3,0.333333,0.5,6,-0.116667,0,1,1,13,0,0,0,1.0
2024-11-25,2024-25,SerieA,Empoli,Udinese,1,2,3,0.166667,-0.333333,6,-0.283333,0,0,1,12,0,2,0,0.5
2024-11-25,2024-25,SerieA,Venezia,Lecce,0,0,0,0.45,0.0,0,0.0,0,1,0,12,0,0,1,0.0
2024-11-25,2024-25,EPL,Newcastle,West Ham,4,1,3,0.5,0.75,8,0.05,0,0,0,11,0,2,1,0.0
2024-11-29,2024-25,EPL,Brighton,Southampton,3,1,2,0.5,0.666667,6,0.05,0,0,1,12,0,2,0,0.5
2024-11-29,2024-25,SerieA,Cagliari,Verona,0,3,3,0.0,-0.833333,6,-0.45,0,0,1,13,0,2,0,1.0
2024-11-29,2024-25,Bundesliga,St Pauli,Holstein Kiel,0,0,0,0.45,0.0,0,0.0,0,1,1,11,0,0,0,1.0
2024-11-29,2024-25,Ligue1,Reims,Lens,0,4,4,0.0,-0.75,8,-0.45,0,0,1,12,0,2,0,0.0
2024-11-29,2024-25,LaLiga,Mallorca,Valencia,2,1,3,0.333333,0.166667,6,-0.116667,0,0,0,14,0,1,2,1.0
2024-11-30,2024-25,Ligue1,Rennes,St Etienne,3,1,0,0.75,2.0,4,0.3,0,1,0,12,0,0,1,1.0
2024-11-30,2024-25,Ligue1,Brest,Strasbourg,2,3,3,0.25,-0.25,8,-0.2,0,1,1,12,0,0,0,1.0
2024-11-30,2024-25,Ligue1,Paris SG,Nantes,6,2,0,0.75,1.25,8,0.3,0,0,1,12,0,14,0,0.5
2024-11-30,2024-25,EPL,Brentford,Leicester,0,2,2,0.0,-0.5,4,-0.45,0,0,1,12,0,2,0,1.0
2024-11-30,2024-25,LaLiga,Alaves,Leganes,0,0,0,0.45,0.0,0,0.0,0,1,1,14,0,0,0,0.5
2024-11-30,2024-25,Bundesliga,Augsburg,Bochum,1,3,2,0.166667,-0.166667,6,-0.283333,0,1,1,11,0,0,0,1.0
2024-11-30,2024-25,EPL,West Ham,Arsenal,1,5,2,0.125,-1.25,8,-0.325,1,0,0,12,0,2,2,0.0
2024-11-30,2024-25,EPL,Wolves,Bournemouth,1,2,1,0.25,-0.25,4,-0.2,1,0,1,12,0,4,0,0.0
2024-11-30,2024-25,EPL,Nott'm Forest,Ipswich,0,0,0,0.45,0.0,0,0.0,0,1,0,12,0,0,3,1.0
2024-11-30,2024-25,SerieA,Como,Monza,0,0,0,0.45,0.0,0,0.0,0,1,0,13,0,0,1,0.5
2024-11-30,2024-25,SerieA,Milan,Empoli,5,0,1,0.833333,1.5,6,0.383333,0,0,0,12,0,3,3,1.0
2024-11-30,2024-25,LaLiga,Barcelona,Las Palmas,2,0,0,1.0,1.0,2,0.55,0,0,1,14,0,1,0,0.0
2024-11-30,2024-25,SerieA,Bologna,Venezia,0,2,0,0.0,-1.0,2,-0.45,1,1,1,12,0,0,0,1.0
2024-11-30,2024-25,Bundesliga,RB Leipzig,Wolfsburg,4,2,2,0.5,1.0,8,0.05,0,1,0,11,0,0,4,0.0
2024-11-30,2024-25,Bundesliga,Union Berlin,Leverkusen,1,3,4,0.125,-1.125,8,-0.325,1,1,0,11,0,0,9,0.0
2024-11-30,2024-25,LaLiga,Valladolid,Ath Madrid,0,4,0,0.0,-2.25,4,-0.45,1,1,0,14,0,0,3,0.0
2024-11-30,2024-25,EPL,Crystal Palace,Newcastle,2,3,3,0.25,-0.5,8,-0.2,0,0,1,12,0,1,0,0.5
2024-11-30,2024-25,Bundesliga,Dortmund,Bayern Munich,1,6,1,0.125,-1.25,8,-0.325,0,0,0,11,0,1,11,0.5
2024-11-30,2024-25,LaLiga,Espanol,Celta,1,2,1,0.25,-0.75,4,-0.2,1,1,0,13,0,0,3,1.0
2024-11-30,2024-25,Bundesliga,Freiburg,M'gladbach,2,1,5,0.25,1.0,8,-0.2,0,1,0,11,0,0,5,1.0
2024-11-30,2024-25,Bundesliga,Werder Bremen,Stuttgart,2,3,1,0.333333,-0.166667,6,-0.116667,0,1,0,11,0,0,1,0.5
2024-12-01,2024-25,EPL,Liverpool,Man City,1,2,5,0.125,-0.625,8,-0.325,0,0,1,12,0,8,0,1.0
2024-12-01,2024-25,SerieA,Parma,Lazio,0,2,0,0.0,-1.5,2,-0.45,1,1,0,13,0,0,5,1.0
2024-12-01,2024-25,SerieA,Udinese,Genoa,1,1,4,0.166667,-0.166667,6,-0.283333,1,0,0,13,0,1,3,0.0
2024-12-01,2024-25,EPL,Chelsea,Aston Villa,3,3,2,0.375,0.375,8,-0.075,0,0,0,12,0,4,1,1.0
2024-12-01,2024-25,EPL,Man United,Everton,5,1,2,0.625,1.125,8,0.175,0,0,0,12,0,3,2,1.0
2024-12-01,2024-25,EPL,Tottenham,Fulham,4,1,1,0.666667,0.333333,6,0.216667,1,0,1,12,0,1,0,0.5
2024-12-01,2024-25,SerieA,Torino,Napoli,1,5,2,0.125,-0.875,8,-0.325,0,0,0,13,0,1,2,0.0
2024-12-01,2024-25,SerieA,Lecce,Juventus,0,4,0,0.0,-1.5,4,-0.45,1,0,0,13,0,2,15,0.5
2024-12-01,2024-25,Ligue1,Le Havre,Angers,0,0,0,0.45,0.0,0,0.0,0,0,1,12,0,1,0,0.0
2024-12-01,2024-25,Bundesliga,Heidenheim,Ein Frankfurt,0,2,0,0.0,-1.5,2,-0.45,1,1,0,11,0,0,4,0.0
2024-12-01,2024-25,LaLiga,Real Madrid,Getafe,6,1,1,0.75,1.0,8,0.3,0,0,0,13,0,2,1,1.0
2024-12-01,2024-25,LaLiga,Vallecano,Ath Bilbao,1,4,1,0.166667,-1.0,6,-0.283333,1,1,0,13,0,0,5,0.0
2024-12-01,2024-25,LaLiga,Sociedad,Betis,2,2,4,0.25,-0.125,8,-0.2,0,1,1,14,0,0,0,1.0
2024-12-01,2024-25,LaLiga,Villarreal,Girona,3,1,0,0.75,0.5,4,0.3,0,0,0,13,0,4,3,0.5
2024-12-01,2024-25,Ligue1,Marseille,Monaco,3,3,2,0.375,0.0,8,-0.075,0,0,0,12,0,1,2,1.0
2024-12-01,2024-25,Ligue1,Toulouse,Auxerre,1,0,1,0.5,2.5,2,0.05,0,1,0,12,0,0,5,1.0
2024-12-01,2024-25,Ligue1,Lyon,Nice,3,3,2,0.375,0.25,8,-0.075,0,0,0,12,0,7,8,1.0
2024-12-01,2024-25,Bundesliga,Mainz,Hoffenheim,5,1,2,0.625,0.75,8,0.175,0,0,0,11,0,4,2,1.0
2024-12-01,2024-25,Ligue1,Montpellier,Lille,0,6,2,0.0,-0.875,8,-0.45,0,1,0,12,0,0,8,0.5
2024-12-02,2024-25,SerieA,Roma,Atalanta,2,4,2,0.25,-0.375,8,-0.2,1,1,0,13,0,0,8,0.0
2024-12-02,2024-25,LaLiga,Sevilla,Osasuna,3,2,3,0.375,0.375,8,-0.075,0,0,0,14,0,1,1,0.5
2024-12-03,2024-25,LaLiga,Mallorca,Barcelona,0,5,1,0.0,-1.166667,6,-0.45,1,0,1,15,0,2,0,0.0
2024-12-03,2024-25,EPL,Leicester,West Ham,2,3,1,0.333333,-0.666667,6,-0.116667,0,1,1,13,0,0,0,1.0
2024-12-03,2024-25,EPL,Ipswich,Crystal Palace,0,0,0,0.45,0.0,0,0.0,0,1,0,13,0,0,2,0.0
2024-12-04,2024-25,EPL,Aston Villa,Brentford,2,1,3,0.333333,0.666667,6,-0.116667,0,1,0,13,0,0,3,1.0
2024-12-04,2024-25,LaLiga,Ath Bilbao,Real Madrid,0,7,1,0.0,-1.375,8,-0.45,1,0,0,15,0,6,3,1.0
2024-12-04,2024-25,EPL,Arsenal,Man United,5,2,1,0.625,0.5,8,0.175,0,0,0,13,0,3,4,1.0
2024-12-04,2024-25,EPL,Southampton,Chelsea,2,2,2,0.333333,-1.0,6,-0.116667,0,0,0,13,0,1,5,0.0
2024-12-04,2024-25,EPL,Man City,Nott'm Forest,3,0,1,0.75,2.5,4,0.3,0,1,0,13,0,0,1,1.0
2024-12-04,2024-25,EPL,Everton,Wolves,2,5,1,0.25,-0.625,8,-0.2,1,1,1,13,0,0,0,1.0
2024-12-04,2024-25,EPL,Newcastle,Liverpool,0,6,2,0.0,-1.125,8,-0.45,1,0,0,13,0,1,9,0.5
2024-12-05,2024-25,EPL,Fulham,Brighton,3,0,3,0.5,0.833333,6,0.05,0,0,0,13,0,1,3,1.0
2024-12-05,2024-25,EPL,Bournemouth,Tottenham,1,3,0,0.25,-1.0,4,-0.2,1,0,0,13,0,1,2,1.0
2024-12-06,2024-25,LaLiga,Celta,Mallorca,1,3,2,0.166667,-0.333333,6,-0.283333,0,1,1,15,0,0,0,1.0
2024-12-06,2024-25,Bundesliga,Stuttgart,Union Berlin,2,3,3,0.25,0.0,8,-0.2,0,0,1,12,0,2,0,1.0
2024-12-06,2024-25,SerieA,Inter,Parma,1,0,1,0.5,0.5,2,0.05,0,0,0,13,0,8,1,1.0
2024-12-06,2024-25,SerieA,Atalanta,Milan,2,4,2,0.25,-0.375,8,-0.2,0,0,0,14,0,9,4,1.0
2024-12-06,2024-25,Ligue1,Lille,Brest,2,2,4,0.25,-0.125,8,-0.2,0,0,0,13,0,9,1,1.0
2024-12-06,2024-25,Ligue1,Auxerre,Paris SG,0,2,0,0.0,-3.0,2,-0.45,1,1,0,13,0,0,15,0.5
2024-12-07,2024-25,Bundesliga,Leverkusen,St Pauli,0,0,0,0.45,0.0,0,0.0,0,0,0,12,0,10,1,1.0
2024-12-07,2024-25,SerieA,Genoa,Torino,1,3,2,0.166667,-0.333333,6,-0.283333,0,0,1,14,0,4,0,0.5
2024-12-07,2024-25,SerieA,Juventus,Bologna,4,0,4,0.5,1.25,8,0.05,0,0,0,14,0,15,1,0.5
2024-12-07,2024-25,SerieA,Roma,Lecce,2,0,2,0.5,0.5,4,0.05,0,1,0,14,0,0,3,1.0
2024-12-07,2024-25,Bundesliga,Bayern Munich,Heidenheim,1,1,0,0.5,0.5,2,0.05,1,0,1,12,0,12,0,1.0
2024-12-07,2024-25,Bundesliga,Bochum,Werder Bremen,0,3,1,0.0,-2.0,4,-0.45,1,1,0,12,0,0,1,0.0
2024-12-07,2024-25,Bundesliga,Holstein Kiel,RB Leipzig,0,0,0,0.45,0.0,0,0.0,0,1,1,12,0,0,0,0.0
2024-12-07,2024-25,EPL,Aston Villa,Southampton,4,2,0,0.666667,0.833333,6,0.216667,0,0,1,14,0,1,0,1.0
2024-12-07,2024-25,LaLiga,Betis,Barcelona,1,7,0,0.125,-2.0,8,-0.325,1,1,0,15,0,0,1,0.5
2024-12-07,2024-25,LaLiga,Valencia,Vallecano,1,1,4,0.166667,0.0,6,-0.283333,0,1,1,13,0,0,0,0.0
2024-12-07,2024-25,LaLiga,Girona,Real Madrid,1,2,1,0.25,-1.25,4,-0.2,1,0,1,15,0,4,0,0.0
2024-12-07,2024-25,EPL,Man United,Nott'm Forest,3,1,0,0.75,1.25,4,0.3,1,1,1,14,0,0,0,0.0
2024-12-07,2024-25,Ligue1,Monaco,Toulouse,2,2,0,0.5,0.25,4,0.05,1,1,0,13,0,0,1,1.0
2024-12-07,2024-25,Ligue1,Nice,Le Havre,1,1,0,0.5,-0.5,2,0.05,0,1,1,13,0,0,0,1.0
2024-12-07,2024-25,Ligue1,Angers,Lyon,1,5,0,0.166667,-1.5,6,-0.283333,1,0,0,13,0,1,8,0.0
2024-12-07,2024-25,Bundesliga,Ein Frankfurt,Augsburg,4,1,3,0.5,0.75,8,0.05,0,0,0,12,0,5,1,0.5
2024-12-07,2024-25,EPL,Crystal Palace,Man City,1,5,2,0.125,-1.125,8,-0.325,1,0,0,14,0,3,1,0.5
2024-12-07,2024-25,EPL,Brentford,Newcastle,0,5,1,0.0,-1.666667,6,-0.45,1,1,0,14,0,0,2,1.0
2024-12-07,2024-25,LaLiga,Las Palmas,Valladolid,0,0,0,0.45,0.0,0,0.0,0,0,1,15,0,1,0,1.0
2024-12-07,2024-25,Bundesliga,M'gladbach,Dortmund,3,5,0,0.375,-1.25,8,-0.075,1,1,0,12,0,0,2,0.5
2024-12-08,2024-25,EPL,Leicester,Brighton,2,2,2,0.333333,0.0,6,-0.116667,0,0,1,14,0,1,0,0.5
2024-12-08,2024-25,LaLiga,Ath Bilbao,Villarreal,3,1,4,0.375,-0.125,8,-0.075,0,0,0,16,0,7,5,1.0
2024-12-08,2024-25,LaLiga,Leganes,Sociedad,0,0,0,0.45,0.0,0,0.0,0,0,0,15,0,1,1,0.0
2024-12-08,2024-25,LaLiga,Osasuna,Alaves,5,0,1,0.833333,1.166667,6,0.383333,0,0,0,15,0,2,1,0.5
2024-12-08,2024-25,LaLiga,Ath Madrid,Sevilla,4,3,1,0.5,0.875,8,0.05,1,0,0,15,0,4,2,1.0
2024-12-08,2024-25,Ligue1,St Etienne,Marseille,2,2,0,0.5,-0.25,4,0.05,1,1,0,13,0,0,2,0.0
2024-12-08,2024-25,Ligue1,Strasbourg,Reims,2,3,3,0.25,0.125,8,-0.2,0,1,1,13,0,0,0,0.5
2024-12-08,2024-25,Ligue1,Nantes,Rennes,1,6,1,0.125,-1.25,8,-0.325,1,0,0,13,0,1,1,1.0
2024-12-08,2024-25,Ligue1,Lens,Montpellier,3,2,3,0.375,0.25,8,-0.075,0,0,0,13,0,1,1,1.0
2024-12-08,2024-25,EPL,Tottenham,Chelsea,1,5,2,0.125,-1.125,8,-0.325,1,1,0,14,0,0,6,0.0
2024-12-08,2024-25,EPL,Ipswich,Bournemouth,0,0,0,0.45,0.0,0,0.0,0,1,0,14,0,0,2,0.0
2024-12-08,2024-25,Bundesliga,Hoffenheim,Freiburg,1,5,2,0.125,-0.625,8,-0.325,1,1,0,12,0,0,1,0.5
2024-12-08,2024-25,SerieA,Napoli,Lazio,4,3,1,0.5,0.625,8,0.05,0,0,1,14,0,3,0,0.0
2024-12-08,2024-25,SerieA,Fiorentina,Cagliari,4,0,2,0.666667,1.333333,6,0.216667,0,0,0,13,0,9,3,1.0
2024-12-08,2024-25,SerieA,Verona,Empoli,3,0,3,0.5,0.5,6,0.05,0,1,1,14,0,0,0,0.0
2024-12-08,2024-25,EPL,Fulham,Arsenal,1,3,2,0.166667,-1.0,6,-0.283333,0,0,0,14,0,2,4,0.5
2024-12-08,2024-25,SerieA,Venezia,Como,0,0,0,0.45,0.0,0,0.0,0,1,0,14,0,0,1,0.5
2024-12-08,2024-25,Bundesliga,Wolfsburg,Mainz,4,3,1,0.5,0.875,8,0.05,1,0,0,12,0,5,5,1.0
2024-12-09,2024-25,EPL,West Ham,Wolves,6,2,0,0.75,1.25,8,0.3,0,1,1,14,0,0,0,1.0
2024-12-09,2024-25,LaLiga,Getafe,Espanol,1,3,0,0.25,-0.75,4,-0.2,1,1,0,15,0,0,1,1.0
2024-12-09,2024-25,SerieA,Monza,Udinese,0,1,3,0.0,-0.25,4,-0.45,0,0,1,14,0,2,0,0.0
2024-12-13,2024-25,Ligue1,Toulouse,St Etienne,0,0,0,0.45,0.0,0,0.0,0,1,1,14,0,0,0,1.0
2024-12-13,2024-25,Bundesliga,Freiburg,Wolfsburg,4,3,1,0.5,-0.5,8,0.05,1,0,0,13,0,2,6,1.0
2024-12-13,2024-25,SerieA,Empoli,Torino,1,2,3,0.166667,-0.333333,6,-0.283333,0,0,0,15,0,1,1,0.0
2024-12-13,2024-25,LaLiga,Valladolid,Valencia,1,3,0,0.25,-1.0,4,-0.2,1,1,1,16,0,0,0,1.0
2024-12-14,2024-25,LaLiga,Sevilla,Celta,3,1,4,0.375,0.375,8,-0.075,1,1,0,16,0,0,1,1.0
2024-12-14,2024-25,Bundesliga,St Pauli,Werder Bremen,0,0,0,0.45,0.0,0,0.0,0,1,0,13,0,0,2,0.0
2024-12-14,2024-25,LaLiga,Espanol,Osasuna,0,1,3,0.0,-0.25,4,-0.45,0,1,0,15,0,0,3,0.5
2024-12-14,2024-25,SerieA,Juventus,Venezia,1,0,1,0.5,0.5,2,0.05,0,0,0,15,0,15,1,0.5
2024-12-14,2024-25,SerieA,Udinese,Napoli,0,6,2,0.0,-1.75,8,-0.45,0,0,1,15,0,1,0,0.0
2024-12-14,2024-25,SerieA,Cagliari,Atalanta,2,4,0,0.333333,-0.833333,6,-0.116667,0,1,0,15,0,0,10,0.0
2024-12-14,2024-25,LaLiga,Mallorca,Girona,1,2,1,0.25,-0.5,4,-0.2,0,1,1,17,0,0,0,1.0
2024-12-14,2024-25,LaLiga,Vallecano,Real Madrid,1,3,2,0.166667,-0.333333,6,-0.283333,0,0,0,15,0,1,1,0.5
2024-12-14,2024-25,Bundesliga,Union Berlin,Bochum,2,3,1,0.333333,-0.5,6,-0.116667,1,1,1,13,0,0,0,0.0
2024-12-14,2024-25,EPL,Arsenal,Everton,4,4,0,0.5,0.75,8,0.05,0,0,0,15,0,5,1,0.5
2024-12-14,2024-25,EPL,Liverpool,Fulham,3,1,2,0.5,0.5,6,0.05,0,0,0,14,0,10,3,0.5
2024-12-14,2024-25,EPL,Newcastle,Leicester,3,2,1,0.5,0.166667,6,0.05,0,1,0,15,0,0,2,1.0
2024-12-14,2024-25,EPL,Wolves,Ipswich,0,0,0,0.45,0.0,0,0.0,0,1,1,15,0,0,0,0.0
2024-12-14,2024-25,EPL,Nott'm Forest,Aston Villa,1,2,1,0.25,-0.5,4,-0.2,1,0,0,15,0,1,2,1.0
2024-12-14,2024-25,Ligue1,Marseille,Lille,1,4,3,0.125,-0.75,8,-0.325,1,0,0,14,0,3,10,0.5
2024-12-14,2024-25,Ligue1,Auxerre,Lens,0,2,0,0.0,-1.5,2,-0.45,1,0,0,14,0,1,2,0.5
2024-12-14,2024-25,Ligue1,Reims,Monaco,3,3,2,0.375,-0.25,8,-0.075,0,0,0,14,0,1,1,0.5
2024-12-14,2024-25,Bundesliga,Augsburg,Leverkusen,2,5,1,0.25,-1.125,8,-0.2,1,0,0,13,0,2,11,0.0
2024-12-14,2024-25,Bundesliga,Mainz,Bayern Munich,3,5,0,0.375,-1.5,8,-0.075,1,1,0,13,0,0,13,1.0
2024-12-14,2024-25,Bundesliga,M'gladbach,Holstein Kiel,0,0,0,0.45,0.0,0,0.0,0,0,1,13,0,1,0,1.0
2024-12-15,2024-25,LaLiga,Alaves,Ath Bilbao,1,3,2,0.166667,-0.666667,6,-0.283333,1,0,0,16,0,2,8,0.5
2024-12-15,2024-25,LaLiga,Villarreal,Betis,3,3,2,0.375,0.25,8,-0.075,0,1,0,15,0,0,1,0.0
2024-12-15,2024-25,Ligue1,Montpellier,Nice,3,3,2,0.375,-0.5,8,-0.075,0,1,0,14,0,0,1,0.5
2024-12-15,2024-25,Ligue1,Brest,Nantes,2,4,2,0.25,-0.75,8,-0.2,0,1,0,14,0,0,2,1.0
2024-12-15,2024-25,Ligue1,Le Havre,Strasbourg,1,1,0,0.5,0.5,2,0.05,0,1,0,14,0,0,1,0.0
2024-12-15,2024-25,LaLiga,Barcelona,Leganes,0,0,0,0.45,0.0,0,0.0,0,0,1,17,0,2,0,0.0
2024-12-15,2024-25,LaLiga,Sociedad,Las Palmas,1,0,1,0.5,1.0,2,0.05,0,0,0,16,0,2,2,0.5
2024-12-15,2024-25,LaLiga,Ath Madrid,Getafe,5,0,3,0.625,1.125,8,0.175,0,0,0,16,0,5,1,1.0
2024-12-15,2024-25,SerieA,Bologna,Fiorentina,3,3,2,0.375,0.125,8,-0.075,0,0,0,14,0,2,10,1.0
2024-12-15,2024-25,Bundesliga,Dortmund,Hoffenheim,6,1,1,0.75,0.75,8,0.3,1,0,0,13,0,3,1,0.5
2024-12-15,2024-25,Bundesliga,Heidenheim,Stuttgart,1,0,1,0.5,1.0,2,0.05,0,1,0,13,0,0,3,0.0
2024-12-15,2024-25,SerieA,Milan,Genoa,4,0,2,0.666667,1.166667,6,0.216667,0,1,0,14,0,0,5,0.5
2024-12-15,2024-25,SerieA,Como,Roma,0,0,0,0.45,0.0,0,0.0,0,0,0,15,0,2,1,1.0
2024-12-15,2024-25,SerieA,Parma,Verona,1,1,0,0.5,0.0,2,0.05,1,1,1,15,0,0,0,0.0
2024-12-15,2024-25,Ligue1,Rennes,Angers,4,2,0,0.666667,0.833333,6,0.216667,0,1,1,14,0,0,0,1.0
2024-12-15,2024-25,SerieA,Lecce,Monza,1,0,3,0.25,0.25,4,-0.2,0,1,1,15,0,0,0,1.0
2024-12-15,2024-25,EPL,Southampton,Tottenham,1,3,2,0.166667,-1.0,6,-0.283333,0,1,1,15,0,0,0,0.0
2024-12-15,2024-25,EPL,Chelsea,Brentford,1,3,2,0.166667,-1.0,6,-0.283333,0,0,0,15,0,7,1,1.0
2024-12-15,2024-25,EPL,Man City,Man United,5,2,1,0.625,1.25,8,0.175,0,0,1,15,0,2,0,0.0
2024-12-15,2024-25,EPL,Brighton,Crystal Palace,2,1,5,0.25,0.375,8,-0.2,0,0,0,15,0,1,4,0.0
2024-12-15,2024-25,Bundesliga,RB Leipzig,Ein Frankfurt,1,2,5,0.125,-0.5,8,-0.325,0,0,0,13,0,1,6,1.0
2024-12-15,2024-25,Ligue1,Paris SG,Lyon,5,2,1,0.625,1.0,8,0.175,0,0,0,14,0,15,9,1.0
2024-12-16,2024-25,EPL,Bournemouth,West Ham,0,2,2,0.0,-1.5,4,-0.45,0,0,0,15,0,3,1,0.5
2024-12-16,2024-25,SerieA,Lazio,Inter,2,4,2,0.25,-0.375,8,-0.2,0,0,0,15,0,1,9,0.0
2024-12-18,2024-25,LaLiga,Villarreal,Vallecano,3,2,1,0.5,1.166667,6,0.05,0,1,0,16,0,0,2,0.5
2024-12-18,2024-25,Ligue1,Monaco,Paris SG,4,2,2,0.5,0.375,8,0.05,0,0,0,15,0,2,15,0.0
2024-12-18,2024-25,LaLiga,Espanol,Valencia,1,0,3,0.25,0.25,4,-0.2,0,0,1,16,0,1,0,0.5
2024-12-20,2024-25,SerieA,Verona,Milan,0,7,1,0.0,-1.375,8,-0.45,1,0,0,16,0,1,1,0.0
2024-12-20,2024-25,Bundesliga,Bayern Munich,RB Leipzig,4,1,3,0.5,0.5,8,0.05,0,1,0,14,0,0,2,1.0
2024-12-20,2024-25,LaLiga,Girona,Valladolid,1,1,0,0.5,0.0,2,0.05,1,1,0,17,0,0,1,1.0
2024-12-21,2024-25,Bundesliga,Stuttgart,St Pauli,0,0,0,0.45,0.0,0,0.0,0,0,1,14,0,4,0,0.0
2024-12-21,2024-25,SerieA,Torino,Bologna,2,2,4,0.25,-0.125,8,-0.2,0,0,0,16,0,2,3,0.0
2024-12-21,2024-25,SerieA,Genoa,Napoli,1,3,2,0.166667,-1.5,6,-0.283333,0,0,0,16,0,6,1,0.0
2024-12-21,2024-25,Bundesliga,Ein Frankfurt,Mainz,4,0,4,0.5,0.875,8,0.05,0,1,0,14,0,0,1,0.0
2024-12-21,2024-25,SerieA,Lecce,Lazio,2,1,1,0.5,0.25,4,0.05,1,0,1,16,0,1,0,0.0
2024-12-21,2024-25,LaLiga,Barcelona,Ath Madrid,5,2,1,0.625,0.625,8,0.175,0,1,0,18,0,0,6,0.0
2024-12-21,2024-25,Bundesliga,Hoffenheim,M'gladbach,3,4,1,0.375,-0.875,8,-0.075,0,0,0,14,0,2,2,0.0
2024-12-21,2024-25,Bundesliga,Holstein Kiel,Augsburg,0,0,0,0.45,0.0,0,0.0,0,1,1,14,0,0,0,1.0
2024-12-21,2024-25,LaLiga,Getafe,Mallorca,2,2,2,0.333333,0.0,6,-0.116667,1,1,0,17,0,0,1,0.0
2024-12-21,2024-25,LaLiga,Celta,Sociedad,0,6,2,0.0,-1.125,8,-0.45,1,1,0,17,0,0,3,1.0
2024-12-21,2024-25,LaLiga,Osasuna,Ath Bilbao,2,3,3,0.25,-0.375,8,-0.2,0,0,0,17,0,4,9,0.0
2024-12-21,2024-25,EPL,Crystal Palace,Arsenal,1,5,2,0.125,-1.25,8,-0.325,1,0,0,16,0,5,6,0.0
2024-12-21,2024-25,EPL,West Ham,Brighton,1,3,4,0.125,-0.75,8,-0.325,0,0,1,16,0,2,0,0.5
2024-12-21,2024-25,EPL,Aston Villa,Man City,1,6,1,0.125,-1.125,8,-0.325,1,1,1,16,0,0,0,1.0
2024-12-21,2024-25,Bundesliga,Leverkusen,Freiburg,4,3,1,0.5,0.25,8,0.05,0,0,0,14,0,12,3,1.0
2024-12-21,2024-25,EPL,Ipswich,Newcastle,0,0,0,0.45,0.0,0,0.0,0,0,0,16,0,1,1,0.0
2024-12-21,2024-25,Bundesliga,Werder Bremen,Union Berlin,1,5,0,0.166667,-0.833333,6,-0.283333,1,0,1,14,0,3,0,1.0
2024-12-21,2024-25,EPL,Brentford,Nott'm Forest,2,0,2,0.5,0.5,4,0.05,0,1,0,16,0,0,2,0.0
2024-12-22,2024-25,Bundesliga,Bochum,Heidenheim,0,0,2,0.0,0.0,2,-0.45,0,0,1,14,0,1,0,1.0
2024-12-22,2024-25,LaLiga,Valencia,Alaves,1,3,2,0.166667,0.0,6,-0.283333,1,0,0,16,0,1,3,0.5
2024-12-22,2024-25,LaLiga,Leganes,Villarreal,0,0,0,0.45,0.0,0,0.0,0,0,0,17,0,1,1,0.0
2024-12-22,2024-25,LaLiga,Real Madrid,Sevilla,6,0,2,0.75,0.875,8,0.3,0,0,0,17,0,2,1,1.0
2024-12-22,2024-25,LaLiga,Betis,Vallecano,4,1,1,0.666667,0.5,6,0.216667,1,0,0,17,0,2,3,0.5
2024-12-22,2024-25,Bundesliga,Wolfsburg,Dortmund,1,6,1,0.125,-2.0,8,-0.325,0,1,0,14,0,0,4,0.0
2024-12-22,2024-25,LaLiga,Las Palmas,Espanol,0,0,0,0.45,0.0,0,0.0,0,0,0,17,0,3,2,1.0
2024-12-22,2024-25,EPL,Tottenham,Liverpool,1,5,2,0.125,-0.75,8,-0.325,1,0,0,16,0,1,11,0.0
2024-12-22,2024-25,EPL,Fulham,Southampton,2,1,1,0.5,0.25,4,0.05,0,0,1,16,0,4,0,0.5
2024-12-22,2024-25,EPL,Leicester,Wolves,4,1,1,0.666667,1.0,6,0.216667,0,1,1,16,0,0,0,0.0
2024-12-22,2024-25,EPL,Man United,Bournemouth,2,1,1,0.5,0.25,4,0.05,0,0,0,16,0,1,4,0.0
2024-12-22,2024-25,EPL,Everton,Chelsea,3,3,2,0.375,-0.625,8,-0.075,1,0,0,15,0,2,8,0.5
2024-12-22,2024-25,SerieA,Atalanta,Empoli,5,1,0,0.833333,1.666667,6,0.383333,0,0,1,16,0,11,0,1.0
2024-12-22,2024-25,SerieA,Monza,Juventus,2,2,0,0.5,0.0,4,0.05,1,1,0,16,0,0,15,0.0
2024-12-22,2024-25,SerieA,Roma,Parma,1,1,0,0.5,0.5,2,0.05,1,1,1,16,0,0,0,1.0
2024-12-22,2024-25,SerieA,Venezia,Cagliari,0,0,2,0.0,0.0,2,-0.45,0,0,1,16,0,2,0,1.0
2024-12-23,2024-25,SerieA,Fiorentina,Udinese,4,3,1,0.5,0.0,8,0.05,0,1,1,15,0,0,0,0.0
2024-12-23,2024-25,SerieA,Inter,Como,0,0,0,0.45,0.0,0,0.0,0,0,0,15,0,10,3,1.0
2024-12-26,2024-25,EPL,Liverpool,Leicester,4,2,0,0.666667,1.0,6,0.216667,0,0,1,16,0,12,0,1.0
2024-12-26,2024-25,EPL,Man City,Everton,7,0,1,0.875,2.25,8,0.425,0,1,0,17,0,0,3,0.5
2024-12-26,2024-25,EPL,Wolves,Man United,1,7,0,0.125,-0.875,8,-0.325,1,0,1,17,0,1,0,1.0
2024-12-26,2024-25,EPL,Southampton,West Ham,1,2,3,0.166667,-0.5,6,-0.283333,1,0,0,17,0,1,3,0.0
2024-12-26,2024-25,EPL,Nott'm Forest,Tottenham,0,4,0,0.0,-2.0,4,-0.45,1,0,1,17,0,3,0,1.0
2024-12-26,2024-25,EPL,Newcastle,Aston Villa,4,3,1,0.5,0.5,8,0.05,0,0,0,17,0,2,1,1.0
2024-12-26,2024-25,EPL,Bournemouth,Crystal Palace,2,2,0,0.5,-0.25,4,0.05,0,0,1,17,0,5,0,0.5
2024-12-26,2024-25,EPL,Chelsea,Fulham,4,1,1,0.666667,0.833333,6,0.216667,0,0,0,17,0,9,5,0.0
2024-12-27,2024-25,EPL,Arsenal,Ipswich,0,0,0,0.45,0.0,0,0.0,0,0,1,17,0,7,0,1.0
2024-12-27,2024-25,EPL,Brighton,Brentford,3,1,2,0.5,0.333333,6,0.05,0,0,1,17,0,1,0,0.5
2024-12-28,2024-25,SerieA,Lazio,Atalanta,3,3,2,0.375,-0.25,8,-0.075,1,0,0,17,0,1,12,0.5
2024-12-28,2024-25,SerieA,Cagliari,Inter,0,5,1,0.0,-1.833333,6,-0.45,0,1,0,17,0,0,11,0.0
2024-12-28,2024-25,SerieA,Parma,Monza,0,0,0,0.45,0.0,0,0.0,0,1,1,17,0,0,0,1.0
2024-12-28,2024-25,SerieA,Empoli,Genoa,0,0,4,0.0,0.0,4,-0.45,0,1,1,17,0,0,0,0.0
2024-12-29,2024-25,EPL,Leicester,Man City,1,5,0,0.166667,-1.0,6,-0.283333,1,1,0,18,0,0,1,0.0
2024-12-29,2024-25,SerieA,Milan,Roma,5,0,3,0.625,0.875,8,0.175,0,0,0,16,0,2,1,0.5
2024-12-29,2024-25,EPL,Crystal Palace,Southampton,4,1,1,0.666667,0.5,6,0.216667,0,0,1,18,0,1,0,1.0
2024-12-29,2024-25,EPL,Everton,Nott'm Forest,2,0,2,0.5,0.75,4,0.05,0,0,0,17,0,4,4,0.0
2024-12-29,2024-25,SerieA,Juventus,Fiorentina,4,2,2,0.5,-0.125,8,0.05,0,0,1,17,0,15,0,0.5
2024-12-29,2024-25,SerieA,Napoli,Venezia,2,0,0,1.0,2.0,2,0.55,0,0,0,17,0,2,3,1.0
2024-12-29,2024-25,SerieA,Udinese,Torino,2,5,1,0.25,-0.375,8,-0.2,1,0,1,17,0,1,0,0.5
2024-12-29,2024-25,EPL,Fulham,Bournemouth,1,2,1,0.25,-0.5,4,-0.2,0,0,0,18,0,6,6,0.5
2024-12-29,2024-25,EPL,West Ham,Liverpool,1,6,1,0.125,-0.875,8,-0.325,0,0,0,18,0,4,13,0.0
2024-12-29,2024-25,EPL,Tottenham,Wolves,3,4,1,0.375,-0.125,8,-0.075,1,1,0,18,0,0,2,0.5
2024-12-30,2024-25,SerieA,Como,Lecce,0,0,0,0.45,0.0,0,0.0,0,1,1,17,0,0,0,1.0
2024-12-30,2024-25,EPL,Ipswich,Chelsea,0,0,0,0.45,0.0,0,0.0,0,1,1,18,0,0,0,1.0
2024-12-30,2024-25,SerieA,Bologna,Verona,3,2,3,0.375,0.25,8,-0.075,0,0,1,16,0,4,0,0.0
2024-12-30,2024-25,EPL,Aston Villa,Brighton,5,2,1,0.625,1.125,8,0.175,1,1,0,18,0,0,2,0.5
2024-12-30,2024-25,EPL,Man United,Newcastle,4,2,2,0.5,0.75,8,0.05,0,1,0,18,0,0,3,0.0
2025-01-01,2024-25,EPL,Brentford,Arsenal,1,4,1,0.166667,-0.666667,6,-0.283333,1,0,0,18,0,1,8,0.0
2025-01-03,2024-25,Ligue1,Nice,Rennes,4,3,1,0.5,0.125,8,0.05,1,0,0,15,0,2,1,1.0
2025-01-03,2024-25,LaLiga,Valencia,Real Madrid,2,5,1,0.25,-1.0,8,-0.2,0,0,0,17,0,2,3,0.0
2025-01-04,2024-25,EPL,Southampton,Brentford,1,4,0,0.2,-1.4,5,-0.25,1,1,1,19,0,0,0,0.0
2025-01-04,2024-25,Ligue1,Lille,Nantes,6,0,2,0.75,1.125,8,0.3,0,0,1,15,0,11,0,0.5
2025-01-04,2024-25,EPL,Brighton,Arsenal,2,5,2,0.222222,-0.666667,9,-0.227778,0,0,0,19,0,3,9,0.5
2025-01-04,2024-25,EPL,Aston Villa,Leicester,4,2,1,0.571429,0.142857,7,0.121429,0,0,1,19,0,1,0,1.0
2025-01-04,2024-25,EPL,Bournemouth,Everton,3,2,0,0.6,0.2,5,0.15,0,0,1,19,0,7,0,1.0
2025-01-04,2024-25,Ligue1,Lyon,Montpellier,5,3,0,0.625,0.25,8,0.175,0,1,0,15,0,0,1,1.0
2025-01-04,2024-25,EPL,Man City,West Ham,7,0,2,0.777778,1.444444,9,0.327778,0,0,1,19,0,2,0,1.0
2025-01-04,2024-25,SerieA,Verona,Udinese,3,2,3,0.375,0.375,8,-0.075,0,0,0,18,0,1,2,0.5
2025-01-04,2024-25,SerieA,Fiorentina,Napoli,2,4,2,0.25,-0.875,8,-0.2,0,0,0,17,0,1,3,0.0
2025-01-04,2024-25,SerieA,Venezia,Empoli,1,0,1,0.5,0.5,2,0.05,0,1,1,18,0,0,0,0.5
2025-01-04,2024-25,EPL,Crystal Palace,Chelsea,0,8,1,0.0,-1.777778,9,-0.45,0,0,1,19,0,2,0,0.5
2025-01-04,2024-25,Ligue1,St Etienne,Reims,0,3,1,0.0,-1.25,4,-0.45,1,1,0,15,0,0,2,1.0
2025-01-04,2024-25,EPL,Tottenham,Newcastle,3,4,2,0.333333,-0.333333,9,-0.116667,1,0,0,19,0,1,4,0.0
2025-01-05,2024-25,Ligue1,Angers,Brest,2,2,2,0.333333,-0.666667,6,-0.116667,1,1,0,15,0,0,1,1.0
2025-01-05,2024-25,Ligue1,Lens,Toulouse,4,0,0,1.0,1.75,4,0.55,0,0,0,15,0,3,1,0.0
2025-01-05,2024-25,EPL,Fulham,Ipswich,0,0,1,0.0,0.0,1,-0.45,0,0,0,19,0,7,1,0.5
2025-01-05,2024-25,Ligue1,Marseille,Le Havre,2,0,0,1.0,2.0,2,0.55,0,0,1,15,0,4,0,1.0
2025-01-05,2024-25,EPL,Liverpool,Man United,5,1,3,0.555556,2.222222,9,0.105556,0,0,1,18,0,14,0,0.5
2025-01-05,2024-25,SerieA,Roma,Lazio,3,4,1,0.375,0.0,8,-0.075,0,0,0,18,0,2,2,1.0
2025-01-05,2024-25,SerieA,Torino,Parma,2,0,0,1.0,2.0,2,0.55,0,0,0,18,0,1,1,0.5
2025-01-05,2024-25,SerieA,Lecce,Genoa,1,1,0,0.5,0.0,2,0.05,1,1,0,18,0,0,1,0.5
2025-01-05,2024-25,SerieA,Monza,Cagliari,1,0,1,0.5,0.5,2,0.05,0,1,1,18,0,0,0,0.0
2025-01-05,2024-25,Ligue1,Strasbourg,Auxerre,1,1,0,0.5,0.5,2,0.05,0,0,0,15,0,2,2,1.0
2025-01-06,2024-25,EPL,Wolves,Nott'm Forest,1,0,4,0.2,0.2,5,-0.25,0,0,0,19,0,3,5,0.0
2025-01-10,2024-25,Ligue1,Nantes,Monaco,0,4,4,0.0,-1.125,8,-0.45,1,0,1,16,0,1,0,0.5
2025-01-10,2024-25,Ligue1,Auxerre,Lille,0,1,1,0.0,-1.5,2,-0.45,0,1,0,16,0,0,12,0.5
2025-01-10,2024-25,Bundesliga,Dortmund,Leverkusen,4,2,2,0.5,0.25,8,0.05,0,0,0,15,0,5,13,0.0
2025-01-10,2024-25,SerieA,Lazio,Como,1,0,0,1.0,4.0,1,0.55,0,1,0,19,0,0,1,0.5
2025-01-10,2024-25,LaLiga,Vallecano,Celta,0,2,4,0.0,-0.833333,6,-0.45,0,0,0,18,0,4,1,1.0
2025-01-11,2024-25,LaLiga,Valladolid,Betis,0,2,2,0.0,-0.75,4,-0.45,1,1,0,18,0,0,3,1.0
2025-01-11,2024-25,LaLiga,Alaves,Girona,0,1,1,0.0,-1.5,2,-0.45,0,0,0,18,0,4,1,0.0
2025-01-11,2024-25,LaLiga,Espanol,Leganes,0,0,0,0.45,0.0,0,0.0,0,1,1,18,0,0,0,0.5
2025-01-11,2024-25,Bundesliga,St Pauli,Ein Frankfurt,0,0,0,0.45,0.0,0,0.0,0,0,1,15,0,1,0,0.0
2025-01-11,2024-25,LaLiga,Sevilla,Valencia,4,1,3,0.5,0.625,8,0.05,0,1,1,18,0,0,0,0.5
2025-01-11,2024-25,Bundesliga,Heidenheim,Union Berlin,1,0,1,0.5,0.5,2,0.05,0,1,1,15,0,0,0,1.0
2025-01-11,2024-25,Bundesliga,Hoffenheim,Wolfsburg,4,3,1,0.5,0.375,8,0.05,0,1,1,15,0,0,0,0.0
2025-01-11,2024-25,Bundesliga,Mainz,Bochum,4,1,1,0.666667,0.833333,6,0.216667,0,0,0,15,0,2,2,1.0
2025-01-11,2024-25,Bundesliga,M'gladbach,Bayern Munich,3,3,2,0.375,-0.75,8,-0.075,1,0,0,15,0,3,1,0.0
2025-01-11,2024-25,Ligue1,Brest,Lyon,2,3,3,0.25,-0.25,8,-0.2,1,1,0,16,0,0,1,1.0
2025-01-11,2024-25,Bundesliga,Freiburg,Holstein Kiel,0,0,0,0.45,0.0,0,0.0,0,1,0,15,0,0,1,1.0
2025-01-11,2024-25,Ligue1,Reims,Nice,0,2,6,0.0,-0.25,8,-0.45,0,1,0,16,0,0,3,0.0
2025-01-11,2024-25,SerieA,Milan,Cagliari,5,0,2,0.714286,1.714286,7,0.264286,0,0,0,17,0,3,1,0.5
2025-01-11,2024-25,SerieA,Torino,Juventus,0,6,3,0.0,-1.0,9,-0.45,1,0,0,19,0,2,15,0.5
2025-01-11,2024-25,SerieA,Udinese,Atalanta,0,4,5,0.0,-0.888889,9,-0.45,1,0,0,19,0,3,13,0.5
2025-01-11,2024-25,SerieA,Empoli,Lecce,1,1,3,0.2,0.0,5,-0.25,0,0,0,19,0,1,1,0.0
2025-01-11,2024-25,Ligue1,Rennes,Marseille,3,4,1,0.375,-0.125,8,-0.075,0,1,0,16,0,0,5,0.0
2025-01-12,2024-25,Ligue1,Le Havre,Lens,0,0,2,0.0,0.0,2,-0.45,0,1,1,16,0,0,0,0.0
2025-01-12,2024-25,SerieA,Napoli,Verona,4,2,3,0.444444,0.222222,9,-0.005556,1,0,0,19,0,4,2,1.0
2025-01-12,2024-25,Ligue1,Montpellier,Angers,3,2,1,0.5,1.333333,6,0.05,0,1,0,16,0,0,1,0.0
2025-01-12,2024-25,LaLiga,Ath Madrid,Osasuna,7,1,0,0.875,1.25,8,0.425,1,0,1,18,0,7,0,1.0
2025-01-12,2024-25,Ligue1,Paris SG,St Etienne,3,0,1,0.75,1.25,4,0.3,0,0,0,16,0,15,1,1.0
2025-01-12,2024-25,Ligue1,Toulouse,Strasbourg,1,1,2,0.25,-0.25,4,-0.2,0,0,0,16,0,2,3,0.0
2025-01-12,2024-25,Bundesliga,RB Leipzig,Werder Bremen,4,0,2,0.666667,1.166667,6,0.216667,0,1,0,15,0,0,4,1.0
2025-01-12,2024-25,Bundesliga,Augsburg,Stuttgart,1,6,1,0.125,-0.875,8,-0.325,1,1,1,15,0,0,0,0.0
2025-01-12,2024-25,SerieA,Bologna,Roma,4,3,2,0.444444,0.0,9,-0.005556,0,1,0,17,0,0,3,0.5
2025-01-12,2024-25,SerieA,Venezia,Inter,0,3,0,0.0,-1.333333,3,-0.45,1,0,0,19,0,1,12,0.0
2025-01-12,2024-25,SerieA,Genoa,Parma,2,1,0,0.666667,0.333333,3,0.216667,0,0,0,19,0,2,2,1.0
2025-01-12,2024-25,LaLiga,Las Palmas,Getafe,1,0,1,0.5,1.0,2,0.05,0,0,1,18,0,4,0,0.0
2025-01-13,2024-25,LaLiga,Sociedad,Villarreal,3,3,2,0.375,-0.125,8,-0.075,1,1,0,18,0,0,2,1.0
2025-01-13,2024-25,SerieA,Monza,Fiorentina,1,2,2,0.2,-0.2,5,-0.25,0,1,1,19,0,0,0,1.0
2025-01-14,2024-25,SerieA,Como,Milan,0,0,0,0.45,0.0,0,0.0,0,0,0,19,0,2,4,0.0
2025-01-14,2024-25,SerieA,Atalanta,Juventus,2,1,5,0.25,0.0,8,-0.2,0,0,0,19,0,14,15,0.5
2025-01-14,2024-25,EPL,Brentford,Man City,2,5,0,0.285714,-0.714286,7,-0.164286,1,0,0,20,0,1,3,0.5
2025-01-14,2024-25,EPL,Chelsea,Bournemouth,4,0,1,0.8,1.2,5,0.35,0,0,0,20,0,1,8,0.5
2025-01-14,2024-25,EPL,Nott'm Forest,Liverpool,2,3,0,0.4,-0.6,5,-0.05,0,0,0,20,0,6,15,0.5
2025-01-14,2024-25,EPL,West Ham,Fulham,3,2,2,0.428571,-0.428571,7,-0.021429,0,1,0,20,0,0,8,1.0
2025-01-14,2024-25,Bundesliga,Leverkusen,Mainz,5,2,1,0.625,0.875,8,0.175,0,0,0,16,0,14,3,1.0
2025-01-14,2024-25,Bundesliga,Wolfsburg,M'gladbach,0,4,4,0.0,-1.25,8,-0.45,1,0,1,16,0,1,0,1.0
2025-01-14,2024-25,Bundesliga,Holstein Kiel,Dortmund,0,0,0,0.45,0.0,0,0.0,0,1,1,16,0,0,0,1.0
2025-01-14,2024-25,Bundesliga,Ein Frankfurt,Freiburg,3,1,4,0.375,0.5,8,-0.075,0,0,0,16,0,1,1,1.0
2025-01-15,2024-25,SerieA,Inter,Bologna,5,2,1,0.625,1.5,8,0.175,0,0,0,18,0,13,1,0.5
2025-01-15,2024-25,Bundesliga,Bochum,St Pauli,0,0,0,0.45,0.0,0,0.0,0,1,1,16,0,0,0,1.0
2025-01-15,2024-25,Bundesliga,Bayern Munich,Hoffenheim,4,2,2,0.5,0.875,8,0.05,1,0,1,16,0,2,0,1.0
2025-01-15,2024-25,Bundesliga,Stuttgart,RB Leipzig,1,6,1,0.125,-1.375,8,-0.325,0,0,0,16,0,1,1,1.0
2025-01-15,2024-25,Bundesliga,Union Berlin,Augsburg,0,5,3,0.0,-1.0,8,-0.45,1,1,1,16,0,0,0,0.0
2025-01-15,2024-25,Bundesliga,Werder Bremen,Heidenheim,0,2,0,0.0,-1.5,2,-0.45,1,1,0,16,0,0,1,0.5
2025-01-15,2024-25,EPL,Newcastle,Wolves,4,1,4,0.444444,0.555556,9,-0.005556,0,0,1,20,0,5,0,1.0
2025-01-15,2024-25,EPL,Everton,Aston Villa,0,7,2,0.0,-1.444444,9,-0.45,1,1,0,19,0,0,2,0.0
2025-01-15,2024-25,EPL,Leicester,Crystal Palace,2,1,4,0.285714,0.142857,7,-0.164286,0,1,0,20,0,0,3,0.0
2025-01-15,2024-25,EPL,Arsenal,Tottenham,6,2,1,0.666667,0.444444,9,0.216667,0,0,1,20,0,10,0,1.0
2025-01-16,2024-25,EPL,Man United,Southampton,4,0,3,0.571429,2.0,7,0.121429,0,0,1,20,0,1,0,1.0
2025-01-16,2024-25,EPL,Ipswich,Brighton,0,0,1,0.0,0.0,1,-0.45,0,0,0,20,0,2,4,0.0
2025-01-17,2024-25,Bundesliga,Ein Frankfurt,Dortmund,1,6,2,0.111111,-1.333333,9,-0.338889,1,0,1,17,0,2,0,1.0
2025-01-17,2024-25,LaLiga,Espanol,Valladolid,1,2,0,0.333333,-0.333333,3,-0.116667,1,0,0,19,0,1,1,1.0
2025-01-17,2024-25,Ligue1,Lille,Nice,2,3,4,0.222222,-0.222222,9,-0.227778,0,0,0,17,0,13,4,1.0
2025-01-17,2024-25,Ligue1,Montpellier,Monaco,2,6,1,0.222222,-0.555556,9,-0.227778,1,1,0,17,0,0,1,1.0
2025-01-17,2024-25,SerieA,Roma,Genoa,4,1,2,0.571429,0.428571,7,0.121429,0,0,0,20,0,4,3,1.0
2025-01-18,2024-25,LaLiga,Leganes,Ath Madrid,0,1,0,0.0,-2.0,1,-0.45,1,0,0,19,0,1,8,1.0
2025-01-18,2024-25,LaLiga,Girona,Sevilla,5,0,0,1.0,2.0,5,0.55,0,0,0,19,0,2,1,0.0
2025-01-18,2024-25,Ligue1,Lyon,Toulouse,4,0,1,0.8,1.2,5,0.35,0,1,1,17,0,0,0,0.5
2025-01-18,2024-25,EPL,Newcastle,Bournemouth,0,1,4,0.0,-0.4,5,-0.45,0,0,0,21,0,6,9,0.0
2025-01-18,2024-25,EPL,Brentford,Liverpool,1,5,1,0.142857,-1.428571,7,-0.307143,1,0,0,21,0,2,15,0.0
2025-01-18,2024-25,EPL,West Ham,Crystal Palace,3,3,3,0.333333,-0.111111,9,-0.116667,0,0,0,21,0,1,4,0.0
2025-01-18,2024-25,EPL,Arsenal,Aston Villa,5,4,0,0.555556,0.111111,9,0.105556,0,0,0,21,0,11,3,0.5
2025-01-18,2024-25,Ligue1,Rennes,Brest,5,1,3,0.555556,0.666667,9,0.105556,0,1,0,17,0,0,1,0.0
2025-01-18,2024-25,Ligue1,Lens,Paris SG,2,5,2,0.222222,-0.555556,9,-0.227778,1,0,0,17,0,1,15,0.0
2025-01-18,2024-25,LaLiga,Betis,Alaves,4,0,3,0.571429,1.0,7,0.121429,0,1,1,19,0,0,0,0.0
2025-01-18,2024-25,LaLiga,Getafe,Barcelona,1,5,3,0.111111,-1.0,9,-0.338889,1,0,1,19,0,1,0,0.5
2025-01-18,2024-25,EPL,Leicester,Fulham,1,4,0,0.2,-0.6,5,-0.25,1,1,1,21,0,0,0,0.0
2025-01-18,2024-25,Bundesliga,Holstein Kiel,Hoffenheim,0,1,0,0.0,-1.0,1,-0.45,1,0,1,17,0,1,0,0.0
2025-01-18,2024-25,Bundesliga,Bayern Munich,Wolfsburg,8,0,1,0.888889,1.555556,9,0.438889,0,0,0,17,0,3,2,1.0
2025-01-18,2024-25,Bundesliga,Bochum,RB Leipzig,1,5,1,0.142857,-1.571429,7,-0.307143,1,0,1,17,0,1,0,0.5
2025-01-18,2024-25,Bundesliga,Heidenheim,St Pauli,1,0,0,1.0,2.0,1,0.55,0,0,1,17,0,2,0,0.0
2025-01-18,2024-25,SerieA,Juventus,Milan,2,3,4,0.222222,-0.333333,9,-0.227778,0,0,0,20,0,15,5,1.0
2025-01-18,2024-25,Bundesliga,Stuttgart,Freiburg,2,7,0,0.222222,-0.222222,9,-0.227778,1,0,1,17,0,2,0,1.0
2025-01-18,2024-25,Bundesliga,Leverkusen,M'gladbach,7,0,2,0.777778,1.333333,9,0.327778,0,0,1,17,0,15,0,1.0
2025-01-18,2024-25,SerieA,Bologna,Monza,2,1,2,0.4,0.2,5,-0.05,0,0,0,19,0,2,1,1.0
2025-01-18,2024-25,SerieA,Atalanta,Napoli,4,5,0,0.444444,0.0,9,-0.005556,0,0,0,20,0,15,5,0.0
2025-01-19,2024-25,EPL,Everton,Tottenham,1,4,4,0.111111,-1.222222,9,-0.338889,1,1,1,20,0,0,0,1.0
2025-01-19,2024-25,EPL,Man United,Brighton,4,5,0,0.444444,-0.333333,9,-0.005556,1,0,0,21,0,2,5,0.0
2025-01-19,2024-25,EPL,Nott'm Forest,Southampton,3,0,0,1.0,1.0,3,0.55,0,0,1,21,0,7,0,1.0
2025-01-19,2024-25,LaLiga,Real Madrid,Las Palmas,2,0,1,0.666667,1.0,3,0.216667,0,0,1,19,0,4,0,1.0
2025-01-19,2024-25,LaLiga,Valencia,Sociedad,2,3,4,0.222222,-0.333333,9,-0.227778,1,0,0,19,0,1,1,1.0
2025-01-19,2024-25,LaLiga,Osasuna,Vallecano,4,3,0,0.571429,0.285714,7,0.121429,1,1,0,19,0,0,5,0.5
2025-01-19,2024-25,Bundesliga,Werder Bremen,Augsburg,3,3,1,0.428571,0.428571,7,-0.021429,0,0,0,17,0,1,1,0.0
2025-01-19,2024-25,SerieA,Verona,Lazio,2,4,3,0.222222,-0.111111,9,-0.227778,1,1,0,20,0,0,1,0.0
2025-01-19,2024-25,SerieA,Inter,Empoli,6,1,0,0.857143,1.714286,7,0.407143,0,0,1,19,0,14,0,1.0
2025-01-19,2024-25,EPL,Ipswich,Man City,0,1,0,0.0,-3.0,1,-0.45,1,1,0,21,0,0,4,0.0
2025-01-19,2024-25,SerieA,Parma,Venezia,1,0,0,1.0,1.0,1,0.55,0,1,1,20,0,0,0,0.5
2025-01-19,2024-25,SerieA,Cagliari,Lecce,0,1,2,0.0,-0.333333,3,-0.45,1,0,0,20,0,2,2,1.0
2025-01-19,2024-25,SerieA,Fiorentina,Torino,4,2,3,0.444444,-0.111111,9,-0.005556,0,1,0,19,0,0,3,0.5
2025-01-19,2024-25,Ligue1,St Etienne,Nantes,0,1,4,0.0,-0.2,5,-0.45,0,1,0,17,0,0,2,0.5
2025-01-19,2024-25,Ligue1,Angers,Auxerre,0,1,2,0.0,-0.333333,3,-0.45,1,0,0,17,0,2,1,1.0
2025-01-19,2024-25,Ligue1,Reims,Le Havre,3,0,0,1.0,1.666667,3,0.55,0,1,1,17,0,0,0,0.5
2025-01-19,2024-25,Ligue1,Marseille,Strasbourg,3,1,5,0.333333,0.666667,9,-0.116667,1,0,0,17,0,6,4,0.5
2025-01-19,2024-25,LaLiga,Celta,Ath Bilbao,4,4,1,0.444444,0.111111,9,-0.005556,1,1,0,19,0,0,10,0.0
2025-01-19,2024-25,Bundesliga,Union Berlin,Mainz,5,1,3,0.555556,1.111111,9,0.105556,0,1,1,17,0,0,0,1.0
2025-01-20,2024-25,EPL,Chelsea,Wolves,2,4,3,0.222222,0.222222,9,-0.227778,0,0,1,21,0,2,0,1.0
2025-01-20,2024-25,LaLiga,Villarreal,Mallorca,3,2,2,0.428571,0.142857,7,-0.021429,0,1,0,19,0,0,2,1.0
2025-01-20,2024-25,SerieA,Como,Udinese,0,1,0,0.0,-1.0,1,-0.45,1,1,0,20,0,0,4,1.0
2025-01-24,2024-25,Ligue1,Auxerre,St Etienne,0,1,0,0.0,-2.0,1,-0.45,1,1,0,18,0,0,1,0.5
2025-01-24,2024-25,LaLiga,Las Palmas,Osasuna,0,1,2,0.0,-0.333333,3,-0.45,1,1,0,20,0,0,1,0.5
2025-01-24,2024-25,SerieA,Torino,Cagliari,2,3,2,0.285714,-0.142857,7,-0.164286,1,0,0,21,0,4,3,1.0
2025-01-24,2024-25,Bundesliga,Wolfsburg,Holstein Kiel,1,0,0,1.0,2.0,1,0.55,0,1,1,18,0,0,0,0.5
2025-01-25,2024-25,Bundesliga,Freiburg,Bayern Munich,0,7,2,0.0,-1.777778,9,-0.45,1,1,0,18,0,0,4,0.0
2025-01-25,2024-25,Bundesliga,M'gladbach,Bochum,6,1,0,0.857143,1.571429,7,0.407143,0,1,0,18,0,0,2,1.0
2025-01-25,2024-25,LaLiga,Ath Madrid,Villarreal,3,1,5,0.333333,0.333333,9,-0.116667,0,1,0,20,0,0,1,0.5
2025-01-25,2024-25,Bundesliga,RB Leipzig,Leverkusen,4,4,1,0.444444,-0.111111,9,-0.005556,0,0,0,18,0,1,15,0.5
2025-01-25,2024-25,LaLiga,Mallorca,Betis,1,5,1,0.142857,-0.714286,7,-0.307143,0,1,1,20,0,0,0,0.0
2025-01-25,2024-25,Bundesliga,Mainz,Stuttgart,0,6,3,0.0,-1.444444,9,-0.45,0,1,0,18,0,0,3,1.0
2025-01-25,2024-25,SerieA,Empoli,Bologna,3,2,2,0.428571,0.142857,7,-0.021429,0,1,0,21,0,0,3,0.5
2025-01-25,2024-25,EPL,Liverpool,Ipswich,1,0,0,1.0,2.0,1,0.55,0,0,1,21,0,15,0,1.0
2025-01-25,2024-25,SerieA,Como,Atalanta,1,0,0,1.0,1.0,1,0.55,0,0,1,21,0,1,0,0.0
2025-01-25,2024-25,Bundesliga,Dortmund,Werder Bremen,5,1,1,0.714286,1.0,7,0.264286,0,1,1,18,0,0,0,0.5
2025-01-25,2024-25,Bundesliga,Augsburg,Heidenheim,2,1,0,0.666667,0.0,3,0.216667,1,0,1,18,0,2,0,1.0
2025-01-25,2024-25,EPL,Man City,Chelsea,6,1,2,0.666667,0.777778,9,0.216667,0,0,0,22,0,5,3,1.0
2025-01-25,2024-25,EPL,Wolves,Arsenal,2,7,0,0.222222,-1.333333,9,-0.227778,1,1,0,22,0,0,12,0.0
2025-01-25,2024-25,EPL,Southampton,Newcastle,1,5,1,0.142857,-0.857143,7,-0.307143,1,1,1,22,0,0,0,0.0
2025-01-25,2024-25,LaLiga,Sevilla,Espanol,4,0,1,0.8,1.2,5,0.35,0,0,0,20,0,2,2,0.5
2025-01-25,2024-25,EPL,Brighton,Everton,3,3,3,0.333333,-0.111111,9,-0.116667,0,0,0,22,0,6,1,0.0
2025-01-25,2024-25,EPL,Bournemouth,Nott'm Forest,2,0,3,0.4,0.4,5,-0.05,0,0,0,22,0,10,8,1.0
2025-01-25,2024-25,Ligue1,Monaco,Rennes,6,2,1,0.666667,0.333333,9,0.216667,0,1,1,18,0,0,0,1.0
2025-01-25,2024-25,Ligue1,Strasbourg,Lille,1,6,2,0.111111,-1.111111,9,-0.338889,0,0,0,18,0,5,14,1.0
2025-01-25,2024-25,Ligue1,Paris SG,Reims,5,0,4,0.555556,1.666667,9,0.105556,0,0,0,18,0,15,1,0.5
2025-01-25,2024-25,SerieA,Napoli,Juventus,5,2,2,0.555556,0.666667,9,0.105556,0,0,0,21,0,6,15,1.0
2025-01-25,2024-25,LaLiga,Valladolid,Real Madrid,0,5,0,0.0,-2.6,5,-0.45,1,1,0,20,0,0,5,0.0
2025-01-26,2024-25,Bundesliga,Hoffenheim,Ein Frankfurt,2,6,1,0.222222,-0.888889,9,-0.227778,1,0,0,18,0,1,3,0.5
2025-01-26,2024-25,Bundesliga,St Pauli,Union Berlin,0,1,0,0.0,-1.0,1,-0.45,1,0,0,18,0,1,1,1.0
2025-01-26,2024-25,SerieA,Milan,Parma,1,1,1,0.333333,0.333333,3,-0.116667,1,1,0,20,0,0,1,1.0
2025-01-26,2024-25,LaLiga,Sociedad,Getafe,4,1,4,0.444444,0.666667,9,-0.005556,0,1,0,20,0,0,2,0.0
2025-01-26,2024-25,Ligue1,Nice,Marseille,3,4,2,0.333333,-0.111111,9,-0.116667,1,1,0,18,0,0,7,1.0
2025-01-26,2024-25,Ligue1,Toulouse,Montpellier,3,2,0,0.6,0.4,5,0.15,0,0,0,18,0,1,1,0.0
2025-01-26,2024-25,Ligue1,Nantes,Lyon,0,7,2,0.0,-1.222222,9,-0.45,1,0,0,18,0,3,1,0.5
2025-01-26,2024-25,Ligue1,Lens,Angers,4,1,2,0.571429,0.571429,7,0.121429,0,1,0,18,0,0,3,1.0
2025-01-26,2024-25,Ligue1,Le Havre,Brest,0,3,0,0.0,-1.333333,3,-0.45,1,0,0,18,0,1,2,0.0
2025-01-26,2024-25,EPL,Crystal Palace,Brentford,1,1,5,0.142857,0.142857,7,-0.307143,1,0,1,22,0,5,0,0.0
2025-01-26,2024-25,EPL,Tottenham,Leicester,4,2,1,0.571429,0.571429,7,0.121429,0,1,1,22,0,0,0,0.0
2025-01-26,2024-25,EPL,Aston Villa,West Ham,2,5,2,0.222222,-0.444444,9,-0.227778,0,0,1,22,0,4,0,0.5
2025-01-26,2024-25,LaLiga,Vallecano,Girona,0,2,3,0.0,-0.8,5,-0.45,0,0,1,20,0,6,0,1.0
2025-01-26,2024-25,SerieA,Udinese,Roma,1,7,1,0.111111,-1.111111,9,-0.338889,1,1,0,21,0,0,5,0.0
2025-01-26,2024-25,EPL,Fulham,Man United,1,5,1,0.142857,-0.571429,7,-0.307143,1,0,1,22,0,1,0,0.0
2025-01-26,2024-25,SerieA,Lazio,Fiorentina,5,3,1,0.555556,0.666667,9,0.105556,1,0,0,21,0,2,1,0.0
2025-01-26,2024-25,LaLiga,Ath Bilbao,Leganes,1,0,0,1.0,2.0,1,0.55,0,0,0,20,0,11,2,0.5
2025-01-26,2024-25,LaLiga,Barcelona,Valencia,7,0,2,0.777778,1.222222,9,0.327778,0,0,0,20,0,1,2,1.0
2025-01-26,2024-25,SerieA,Lecce,Inter,0,5,0,0.0,-2.2,5,-0.45,1,1,0,21,0,0,15,0.0
2025-01-27,2024-25,SerieA,Genoa,Monza,1,2,0,0.333333,-0.333333,3,-0.116667,0,1,1,21,0,0,0,1.0
2025-01-27,2024-25,SerieA,Venezia,Verona,0,3,0,0.0,-1.333333,3,-0.45,1,0,1,21,0,1,0,0.5
2025-01-27,2024-25,LaLiga,Alaves,Celta,1,5,1,0.142857,-1.0,7,-0.307143,1,0,1,20,0,1,0,0.5
2025-01-31,2024-25,LaLiga,Leganes,Vallecano,0,0,1,0.0,0.0,1,-0.45,0,0,0,21,0,3,7,0.0
2025-01-31,2024-25,Bundesliga,Werder Bremen,Mainz,4,2,1,0.571429,0.571429,7,0.121429,0,0,0,19,0,1,1,1.0
2025-01-31,2024-25,Ligue1,Montpellier,Lens,2,4,3,0.222222,-0.444444,9,-0.227778,1,0,0,19,0,2,1,0.0
2025-01-31,2024-25,SerieA,Parma,Lecce,0,0,1,0.0,0.0,1,-0.45,0,1,1,22,0,0,0,0.0
2025-02-01,2024-25,LaLiga,Villarreal,Valladolid,4,1,0,0.8,1.4,5,0.35,0,0,1,21,0,2,0,1.0
2025-02-01,2024-25,LaLiga,Ath Madrid,Mallorca,4,3,0,0.571429,0.285714,7,0.121429,0,0,1,21,0,1,0,1.0
2025-02-01,2024-25,Ligue1,Brest,Paris SG,0,8,1,0.0,-1.555556,9,-0.45,1,0,0,19,0,3,15,0.0
2025-02-01,2024-25,LaLiga,Espanol,Real Madrid,1,4,0,0.2,-2.0,5,-0.25,1,0,0,21,0,3,6,1.0
2025-02-01,2024-25,LaLiga,Getafe,Sevilla,2,7,0,0.222222,-0.444444,9,-0.227778,1,0,0,21,0,3,3,0.5
2025-02-01,2024-25,SerieA,Udinese,Venezia,2,1,0,0.666667,1.0,3,0.216667,1,1,0,22,0,0,2,1.0
2025-02-01,2024-25,SerieA,Monza,Verona,3,0,2,0.6,1.4,5,0.15,0,1,0,22,0,0,1,0.0
2025-02-01,2024-25,Ligue1,Lille,St Etienne,0,1,4,0.0,-0.2,5,-0.45,1,1,0,19,0,0,2,1.0
2025-02-01,2024-25,SerieA,Atalanta,Torino,5,2,2,0.555556,0.555556,9,0.105556,1,0,0,22,0,1,5,0.5
2025-02-01,2024-25,EPL,Wolves,Aston Villa,3,3,3,0.333333,-0.222222,9,-0.116667,1,1,0,23,0,0,5,1.0
2025-02-01,2024-25,EPL,Newcastle,Fulham,5,1,1,0.714286,1.142857,7,0.264286,1,0,1,23,0,1,0,0.0
2025-02-01,2024-25,EPL,Ipswich,Southampton,0,0,1,0.0,0.0,1,-0.45,0,1,1,23,0,0,0,0.0
2025-02-01,2024-25,EPL,Everton,Leicester,2,1,4,0.285714,0.142857,7,-0.164286,0,0,0,22,0,2,1,1.0
2025-02-01,2024-25,EPL,Nott'm Forest,Brighton,1,2,2,0.2,0.0,5,-0.25,0,1,1,23,0,0,0,1.0
2025-02-01,2024-25,Bundesliga,Union Berlin,RB Leipzig,5,3,1,0.555556,-0.111111,9,0.105556,0,1,0,19,0,0,2,0.5
2025-02-01,2024-25,Bundesliga,Stuttgart,M'gladbach,5,2,2,0.555556,0.555556,9,0.105556,0,1,0,19,0,0,1,0.0
2025-02-01,2024-25,EPL,Bournemouth,Liverpool,1,4,0,0.2,-3.4,5,-0.25,1,0,0,23,0,11,15,0.0
2025-02-01,2024-25,Bundesliga,Heidenheim,Dortmund,0,1,2,0.0,-0.666667,3,-0.45,1,1,0,19,0,0,1,0.0
2025-02-01,2024-25,Bundesliga,Bochum,Freiburg,1,6,0,0.142857,-1.142857,7,-0.307143,1,1,1,19,0,0,0,0.0
2025-02-01,2024-25,Bundesliga,Bayern Munich,Holstein Kiel,1,0,0,1.0,5.0,1,0.55,0,0,0,19,0,5,1,1.0
2025-02-01,2024-25,Ligue1,Monaco,Auxerre,3,0,0,1.0,1.666667,3,0.55,0,0,0,19,0,1,1,1.0
2025-02-01,2024-25,SerieA,Bologna,Como,0,0,1,0.0,0.0,1,-0.45,0,0,1,21,0,4,0,1.0
2025-02-01,2024-25,Bundesliga,St Pauli,Augsburg,0,1,0,0.0,-2.0,1,-0.45,1,0,0,19,0,2,3,0.5
2025-02-02,2024-25,LaLiga,Betis,Ath Bilbao,3,3,3,0.333333,-0.333333,9,-0.116667,0,0,0,21,0,1,12,0.5
2025-02-02,2024-25,SerieA,Milan,Inter,4,4,1,0.444444,-0.555556,9,-0.005556,0,0,0,21,0,1,15,0.5
2025-02-02,2024-25,SerieA,Roma,Napoli,1,5,3,0.111111,-0.777778,9,-0.338889,1,0,0,22,0,6,7,0.5
2025-02-02,2024-25,EPL,Brentford,Tottenham,1,3,3,0.142857,-0.428571,7,-0.307143,1,0,1,23,0,1,0,0.0
2025-02-02,2024-25,EPL,Man United,Crystal Palace,2,4,3,0.222222,-0.666667,9,-0.227778,0,0,1,23,0,1,0,0.0
2025-02-02,2024-25,EPL,Arsenal,Man City,1,6,2,0.111111,-1.333333,9,-0.338889,0,0,0,23,0,13,6,1.0
2025-02-02,2024-25,Ligue1,Toulouse,Nice,1,1,3,0.2,0.0,5,-0.25,0,1,0,19,0,0,1,0.5
2025-02-02,2024-25,Ligue1,Angers,Le Havre,1,0,0,1.0,1.0,1,0.55,0,1,1,19,0,0,0,0.5
2025-02-02,2024-25,LaLiga,Osasuna,Sociedad,2,5,2,0.222222,-0.555556,9,-0.227778,0,0,1,21,0,2,0,1.0
2025-02-02,2024-25,Ligue1,Reims,Nantes,7,1,1,0.777778,1.0,9,0.327778,0,0,0,19,0,2,4,0.0
2025-02-02,2024-25,LaLiga,Barcelona,Alaves,5,0,2,0.714286,1.571429,7,0.264286,0,0,0,21,0,2,2,1.0
2025-02-02,2024-25,SerieA,Juventus,Empoli,3,2,2,0.428571,0.428571,7,-0.021429,0,1,0,22,0,0,1,1.0
2025-02-02,2024-25,SerieA,Fiorentina,Genoa,4,0,3,0.571429,1.571429,7,0.121429,0,0,0,21,0,2,1,1.0
2025-02-02,2024-25,Bundesliga,Ein Frankfurt,Wolfsburg,2,4,3,0.222222,-0.444444,9,-0.227778,0,0,0,19,0,4,1,0.5
2025-02-02,2024-25,LaLiga,Valencia,Celta,5,2,2,0.555556,0.666667,9,0.105556,1,1,0,21,0,0,1,1.0
2025-02-02,2024-25,Ligue1,Rennes,Strasbourg,4,3,2,0.444444,0.222222,9,-0.005556,1,1,0,19,0,0,6,1.0
2025-02-02,2024-25,Ligue1,Marseille,Lyon,4,3,2,0.444444,0.111111,9,-0.005556,0,1,0,19,0,0,2,1.0
2025-02-02,2024-25,Bundesliga,Leverkusen,Hoffenheim,6,1,2,0.666667,1.0,9,0.216667,0,0,0,19,0,15,2,1.0
2025-02-03,2024-25,SerieA,Cagliari,Lazio,0,6,1,0.0,-1.428571,7,-0.45,1,1,1,22,0,0,0,0.0
2025-02-03,2024-25,LaLiga,Girona,Las Palmas,2,1,0,0.666667,0.666667,3,0.216667,1,1,0,21,0,0,1,1.0
2025-02-03,2024-25,EPL,Chelsea,West Ham,6,2,1,0.666667,1.222222,9,0.216667,0,1,0,23,0,0,1,1.0
2025-02-06,2024-25,SerieA,Fiorentina,Inter,1,6,1,0.125,-1.25,8,-0.325,1,0,0,22,0,3,15,1.0
2025-02-07,2024-25,Ligue1,Paris SG,Monaco,3,4,2,0.333333,-0.111111,9,-0.116667,0,0,0,20,0,15,2,1.0
2025-02-07,2024-25,Bundesliga,Bayern Munich,Werder Bremen,5,1,1,0.714286,2.285714,7,0.264286,0,0,0,20,0,6,2,1.0
2025-02-07,2024-25,Ligue1,Nantes,Brest,4,3,2,0.444444,0.333333,9,-0.005556,1,0,1,20,0,5,0,0.0
2025-02-07,2024-25,SerieA,Como,Juventus,0,1,0,0.0,-3.0,1,-0.45,1,1,0,23,0,0,1,0.0
2025-02-07,2024-25,LaLiga,Vallecano,Valladolid,3,0,0,1.0,1.0,3,0.55,0,0,1,22,0,8,0,1.0
2025-02-08,2024-25,SerieA,Torino,Genoa,3,1,3,0.428571,0.285714,7,-0.021429,0,0,1,23,0,6,0,0.5
2025-02-08,2024-25,Bundesliga,Wolfsburg,Leverkusen,2,4,3,0.222222,-0.333333,9,-0.227778,1,0,0,20,0,2,15,0.5
2025-02-08,2024-25,LaLiga,Real Madrid,Ath Madrid,3,2,4,0.333333,0.222222,9,-0.116667,0,1,0,22,0,0,2,0.5
2025-02-08,2024-25,Bundesliga,Mainz,Augsburg,5,4,0,0.555556,0.333333,9,0.105556,0,1,0,20,0,0,4,0.5
2025-02-08,2024-25,Bundesliga,Hoffenheim,Union Berlin,2,5,2,0.222222,-0.333333,9,-0.227778,1,1,0,20,0,0,1,0.0
2025-02-08,2024-25,SerieA,Empoli,Milan,0,6,1,0.0,-1.714286,7,-0.45,1,1,0,23,0,0,2,0.0
2025-02-08,2024-25,Bundesliga,M'gladbach,Ein Frankfurt,1,4,4,0.111111,-0.222222,9,-0.338889,1,0,0,20,0,2,5,0.5
2025-02-08,2024-25,LaLiga,Celta,Betis,4,3,2,0.444444,0.222222,9,-0.005556,0,1,0,22,0,0,2,1.0
2025-02-08,2024-25,SerieA,Verona,Atalanta,2,6,1,0.222222,-1.0,9,-0.227778,1,0,0,23,0,2,2,0.0
2025-02-08,2024-25,Bundesliga,Freiburg,Heidenheim,1,1,1,0.333333,0.666667,3,-0.116667,0,0,1,20,0,1,0,1.0
2025-02-08,2024-25,LaLiga,Ath Bilbao,Girona,1,3,1,0.2,-0.4,5,-0.25,1,0,0,22,0,13,1,1.0
2025-02-08,2024-25,LaLiga,Las Palmas,Villarreal,2,1,0,0.666667,0.666667,3,0.216667,1,1,0,22,0,0,3,0.0
2025-02-08,2024-25,Ligue1,Nice,Lens,6,1,2,0.666667,0.555556,9,0.216667,0,0,0,20,0,2,2,1.0
2025-02-08,2024-25,Ligue1,Lille,Le Havre,3,0,0,1.0,2.666667,3,0.55,0,0,0,20,0,1,1,0.0
2025-02-08,2024-25,Ligue1,St Etienne,Rennes,1,4,0,0.2,-2.6,5,-0.25,1,1,0,20,0,0,1,0.0
2025-02-08,2024-25,Bundesliga,Dortmund,Stuttgart,4,4,1,0.444444,-0.111111,9,-0.005556,1,0,1,20,0,2,0,0.0
2025-02-09,2024-25,SerieA,Lazio,Monza,3,0,2,0.6,0.8,5,0.15,0,0,1,23,0,1,0,1.0
2025-02-09,2024-25,SerieA,Cagliari,Parma,2,0,1,0.666667,0.666667,3,0.216667,0,1,1,23,0,0,0,1.0
2025-02-09,2024-25,SerieA,Venezia,Roma,1,1,1,0.333333,0.0,3,-0.116667,1,1,0,23,0,0,7,0.0
2025-02-09,2024-25,SerieA,Lecce,Bologna,0,4,1,0.0,-1.6,5,-0.45,1,0,0,23,0,1,5,0.5
2025-02-09,2024-25,SerieA,Napoli,Udinese,7,0,2,0.777778,1.777778,9,0.327778,0,0,0,23,0,8,1,0.5
2025-02-09,2024-25,LaLiga,Alaves,Getafe,1,2,4,0.142857,-0.285714,7,-0.307143,1,1,0,22,0,0,4,0.0
2025-02-09,2024-25,Ligue1,Strasbourg,Montpellier,2,3,4,0.222222,0.111111,9,-0.227778,0,1,1,20,0,0,0,1.0
2025-02-09,2024-25,Ligue1,Angers,Marseille,1,4,2,0.142857,-1.142857,7,-0.307143,0,0,0,20,0,1,1,0.0
2025-02-09,2024-25,Bundesliga,RB Leipzig,St Pauli,0,0,1,0.0,0.0,1,-0.45,0,0,0,20,0,3,3,1.0
2025-02-09,2024-25,Bundesliga,Holstein Kiel,Bochum,0,0,1,0.0,0.0,1,-0.45,0,1,1,20,0,0,0,0.5
2025-02-09,2024-25,Ligue1,Auxerre,Toulouse,0,2,1,0.0,-2.333333,3,-0.45,1,1,0,20,0,0,1,0.5
2025-02-09,2024-25,LaLiga,Sevilla,Barcelona,0,7,2,0.0,-1.666667,9,-0.45,1,0,0,22,0,4,3,0.0
2025-02-09,2024-25,LaLiga,Valencia,Leganes,0,0,1,0.0,0.0,1,-0.45,0,0,1,22,0,1,0,1.0
2025-02-09,2024-25,Ligue1,Lyon,Reims,2,2,5,0.222222,0.333333,9,-0.227778,0,1,1,20,0,0,0,1.0
2025-02-09,2024-25,LaLiga,Sociedad,Espanol,4,1,0,0.8,0.6,5,0.35,0,1,0,22,0,0,4,1.0
2025-02-10,2024-25,SerieA,Inter,Fiorentina,6,2,1,0.666667,0.777778,9,0.216667,1,1,0,23,0,0,4,1.0
2025-02-10,2024-25,LaLiga,Mallorca,Osasuna,2,3,2,0.285714,0.0,7,-0.164286,1,1,0,22,0,0,3,0.5
2025-02-12,2024-25,EPL,Everton,Liverpool,2,4,2,0.25,-0.625,8,-0.2,0,0,0,23,0,3,15,0.5
2025-02-14,2024-25,SerieA,Bologna,Torino,3,2,4,0.333333,0.333333,9,-0.116667,0,0,0,23,0,6,7,1.0
2025-02-14,2024-25,Ligue1,Brest,Auxerre,1,1,1,0.333333,-0.666667,3,-0.116667,1,0,0,21,0,1,1,0.5
2025-02-14,2024-25,Bundesliga,Augsburg,RB Leipzig,0,6,3,0.0,-1.666667,9,-0.45,1,0,0,21,0,5,4,0.5
2025-02-14,2024-25,EPL,Brighton,Chelsea,2,4,3,0.222222,-0.222222,9,-0.227778,1,1,0,24,0,0,1,1.0
2025-02-14,2024-25,LaLiga,Girona,Getafe,3,2,0,0.6,0.8,5,0.15,0,1,0,23,0,0,5,0.0
2025-02-15,2024-25,Ligue1,Marseille,St Etienne,3,2,0,0.6,0.6,5,0.15,0,0,1,21,0,2,0,1.0
2025-02-15,2024-25,Ligue1,Monaco,Nantes,4,0,5,0.444444,1.0,9,-0.005556,0,1,1,21,0,0,0,1.0
2025-02-15,2024-25,EPL,Leicester,Arsenal,1,6,0,0.142857,-1.428571,7,-0.307143,1,1,0,24,0,0,14,0.0
2025-02-15,2024-25,EPL,Fulham,Nott'm Forest,4,1,0,0.8,1.4,5,0.35,0,0,0,24,0,1,1,1.0
2025-02-15,2024-25,EPL,Man City,Newcastle,7,0,2,0.777778,1.777778,9,0.327778,0,1,1,24,0,0,0,1.0
2025-02-15,2024-25,EPL,Southampton,Bournemouth,1,2,0,0.333333,-0.666667,3,-0.116667,1,0,1,24,0,1,0,0.0
2025-02-15,2024-25,EPL,West Ham,Brentford,1,5,1,0.142857,-0.857143,7,-0.307143,0,1,1,24,0,0,0,0.0
2025-02-15,2024-25,EPL,Crystal Palace,Everton,1,5,3,0.111111,-0.555556,9,-0.338889,1,0,0,24,0,1,4,0.0
2025-02-15,2024-25,EPL,Aston Villa,Ipswich,0,0,1,0.0,0.0,1,-0.45,0,1,1,24,0,0,0,0.5
2025-02-15,2024-25,Ligue1,Toulouse,Paris SG,1,3,1,0.2,-1.0,5,-0.25,1,0,0,21,0,2,15,0.0
2025-02-15,2024-25,LaLiga,Villarreal,Valencia,4,3,2,0.444444,0.0,9,-0.005556,0,0,0,23,0,4,2,0.5
2025-02-15,2024-25,SerieA,Atalanta,Cagliari,5,2,0,0.714286,0.857143,7,0.264286,0,0,0,24,0,3,1,0.5
2025-02-15,2024-25,Bundesliga,Leverkusen,Bayern Munich,2,4,3,0.222222,-0.777778,9,-0.227778,0,0,0,21,0,15,7,0.5
2025-02-15,2024-25,Bundesliga,Union Berlin,M'gladbach,5,1,3,0.555556,0.555556,9,0.105556,1,0,0,21,0,2,3,0.0
2025-02-15,2024-25,Bundesliga,Stuttgart,Wolfsburg,3,4,2,0.333333,0.0,9,-0.116667,0,0,0,21,0,1,3,0.0
2025-02-15,2024-25,Bundesliga,St Pauli,Freiburg,1,0,0,1.0,3.0,1,0.55,0,1,0,21,0,0,2,0.0
2025-02-15,2024-25,Bundesliga,Bochum,Dortmund,1,3,3,0.142857,-0.857143,7,-0.307143,1,0,1,21,0,1,0,1.0
2025-02-15,2024-25,SerieA,Lazio,Napoli,4,4,1,0.444444,-0.444444,9,-0.005556,0,0,0,24,0,2,9,0.5
2025-02-15,2024-25,LaLiga,Leganes,Alaves,0,0,1,0.0,0.0,1,-0.45,0,1,1,23,0,0,0,0.5
2025-02-15,2024-25,LaLiga,Osasuna,Real Madrid,0,6,3,0.0,-1.777778,9,-0.45,1,0,0,23,0,4,1,0.5
2025-02-15,2024-25,LaLiga,Ath Madrid,Celta,8,0,1,0.888889,1.555556,9,0.438889,0,0,0,23,0,3,1,0.5
2025-02-15,2024-25,SerieA,Milan,Verona,8,0,1,0.888889,1.333333,9,0.438889,0,0,1,23,0,3,0,1.0
2025-02-16,2024-25,LaLiga,Espanol,Ath Bilbao,1,3,1,0.2,-0.8,5,-0.25,1,1,0,23,0,0,14,0.5
2025-02-16,2024-25,LaLiga,Valladolid,Sevilla,0,2,3,0.0,-0.8,5,-0.45,1,1,1,23,0,0,0,0.0
2025-02-16,2024-25,LaLiga,Mallorca,Las Palmas,2,0,1,0.666667,0.666667,3,0.216667,0,0,1,23,0,1,0,1.0
2025-02-16,2024-25,LaLiga,Betis,Sociedad,2,3,4,0.222222,-0.111111,9,-0.227778,1,1,0,23,0,0,1,1.0
2025-02-16,2024-25,EPL,Tottenham,Man United,3,4,2,0.333333,0.222222,9,-0.116667,0,0,1,24,0,1,0,1.0
2025-02-16,2024-25,SerieA,Parma,Roma,1,2,0,0.333333,-2.0,3,-0.116667,1,1,0,24,0,0,8,0.0
2025-02-16,2024-25,SerieA,Udinese,Empoli,2,1,4,0.285714,0.285714,7,-0.164286,0,0,1,24,0,2,0,1.0
2025-02-16,2024-25,SerieA,Monza,Lecce,0,2,3,0.0,-0.4,5,-0.45,1,1,0,24,0,0,2,0.5
2025-02-16,2024-25,SerieA,Juventus,Inter,3,3,3,0.333333,0.0,9,-0.116667,0,0,0,24,0,2,1,1.0
2025-02-16,2024-25,EPL,Liverpool,Wolves,8,1,0,0.888889,1.333333,9,0.438889,0,0,0,24,0,15,1,1.0
2025-02-16,2024-25,Bundesliga,Heidenheim,Mainz,2,0,1,0.666667,1.0,3,0.216667,0,1,0,21,0,0,1,0.0
2025-02-16,2024-25,Bundesliga,Ein Frankfurt,Holstein Kiel,1,0,0,1.0,2.0,1,0.55,0,0,0,21,0,6,1,1.0
2025-02-16,2024-25,Bundesliga,Werder Bremen,Hoffenheim,2,4,1,0.285714,-0.714286,7,-0.164286,0,1,1,21,0,0,0,0.0
2025-02-16,2024-25,Ligue1,Montpellier,Lyon,3,6,0,0.333333,-0.333333,9,-0.116667,1,1,0,21,0,0,1,0.0
2025-02-16,2024-25,Ligue1,Le Havre,Nice,1,2,0,0.333333,0.0,3,-0.116667,1,0,0,21,0,2,3,0.0
2025-02-16,2024-25,Ligue1,Lens,Strasbourg,4,3,2,0.444444,0.222222,9,-0.005556,0,1,0,21,0,0,1,0.0
2025-02-16,2024-25,Ligue1,Reims,Angers,3,2,2,0.428571,0.428571,7,-0.021429,0,1,1,21,0,0,0,0.0
2025-02-16,2024-25,Ligue1,Rennes,Lille,0,4,5,0.0,-0.555556,9,-0.45,1,0,1,21,0,2,0,0.0
2025-02-16,2024-25,SerieA,Fiorentina,Como,1,0,0,1.0,2.0,1,0.55,0,1,1,24,0,0,0,0.0
2025-02-17,2024-25,SerieA,Genoa,Venezia,0,1,2,0.0,-0.666667,3,-0.45,1,0,1,24,0,1,0,1.0
2025-02-17,2024-25,LaLiga,Barcelona,Vallecano,2,3,2,0.285714,0.142857,7,-0.164286,0,0,0,23,0,4,9,1.0
2025-02-19,2024-25,EPL,Aston Villa,Liverpool,1,6,2,0.111111,-0.555556,9,-0.338889,1,0,0,25,0,1,15,0.5
2025-02-21,2024-25,EPL,Leicester,Brentford,2,1,2,0.4,-0.2,5,-0.05,1,1,0,25,0,0,1,0.0
2025-02-21,2024-25,LaLiga,Celta,Osasuna,3,4,2,0.333333,0.0,9,-0.116667,1,0,0,24,0,2,5,1.0
2025-02-21,2024-25,Bundesliga,Freiburg,Werder Bremen,4,1,2,0.571429,0.428571,7,0.121429,0,0,1,22,0,3,0,1.0
2025-02-21,2024-25,Ligue1,Rennes,Reims,3,4,2,0.333333,0.0,9,-0.116667,1,1,1,22,0,0,0,1.0
2025-02-21,2024-25,SerieA,Lecce,Udinese,1,2,2,0.2,-0.4,5,-0.25,1,0,0,25,0,3,3,0.0
2025-02-22,2024-25,Bundesliga,Holstein Kiel,Leverkusen,0,0,1,0.0,0.0,1,-0.45,0,1,0,22,0,0,15,0.0
2025-02-22,2024-25,Ligue1,St Etienne,Angers,2,1,2,0.4,0.0,5,-0.05,1,1,0,22,0,0,1,0.5
2025-02-22,2024-25,Ligue1,Auxerre,Marseille,1,2,0,0.333333,-0.333333,3,-0.116667,0,0,0,22,0,2,3,1.0
2025-02-22,2024-25,EPL,Everton,Man United,1,6,2,0.111111,-1.444444,9,-0.338889,1,0,1,25,0,5,0,0.5
2025-02-22,2024-25,EPL,Arsenal,West Ham,6,1,2,0.666667,1.444444,9,0.216667,0,0,1,25,0,15,0,0.0
2025-02-22,2024-25,EPL,Bournemouth,Wolves,3,1,1,0.6,0.6,5,0.15,0,0,1,25,0,1,0,0.0
2025-02-22,2024-25,EPL,Fulham,Crystal Palace,2,1,4,0.285714,0.571429,7,-0.164286,0,0,1,25,0,2,0,0.0
2025-02-22,2024-25,EPL,Ipswich,Tottenham,1,0,0,1.0,1.0,1,0.55,0,0,0,25,0,1,2,0.0
2025-02-22,2024-25,Ligue1,Lille,Monaco,3,2,4,0.333333,0.222222,9,-0.116667,0,0,0,22,0,1,1,1.0
2025-02-22,2024-25,SerieA,Parma,Bologna,0,2,1,0.0,-2.0,3,-0.45,0,1,0,25,0,0,7,1.0
2025-02-22,2024-25,SerieA,Venezia,Lazio,0,3,0,0.0,-1.666667,3,-0.45,1,1,0,25,0,0,3,0.5
2025-02-22,2024-25,Bundesliga,Mainz,St Pauli,1,0,0,1.0,3.0,1,0.55,0,0,1,22,0,2,0,1.0
2025-02-22,2024-25,SerieA,Torino,Milan,2,5,2,0.222222,-1.222222,9,-0.227778,0,1,0,25,0,0,4,1.0
2025-02-22,2024-25,Bundesliga,Dortmund,Union Berlin,6,3,0,0.666667,0.888889,9,0.216667,1,1,1,22,0,0,0,1.0
2025-02-22,2024-25,LaLiga,Alaves,Espanol,1,2,0,0.333333,-0.333333,3,-0.116667,1,0,0,24,0,1,1,0.0
2025-02-22,2024-25,LaLiga,Vallecano,Villarreal,2,3,2,0.285714,-1.0,7,-0.164286,0,1,0,24,0,0,5,0.0
2025-02-22,2024-25,LaLiga,Valencia,Ath Madrid,1,7,1,0.111111,-1.111111,9,-0.338889,1,0,0,24,0,3,4,0.0
2025-02-22,2024-25,LaLiga,Las Palmas,Barcelona,1,2,0,0.333333,-0.333333,3,-0.116667,0,1,0,24,0,0,5,0.0
2025-02-22,2024-25,EPL,Southampton,Brighton,1,3,3,0.142857,-0.571429,7,-0.307143,0,1,0,25,0,0,1,0.0
2025-02-22,2024-25,EPL,Aston Villa,Chelsea,3,4,2,0.333333,-0.666667,9,-0.116667,1,0,1,26,0,2,0,1.0
2025-02-22,2024-25,Bundesliga,Wolfsburg,Bochum,5,2,0,0.714286,1.285714,7,0.264286,0,0,0,22,0,4,2,0.5
2025-02-22,2024-25,Bundesliga,M'gladbach,Augsburg,2,5,2,0.222222,-0.333333,9,-0.227778,1,0,0,22,0,4,6,0.0
2025-02-22,2024-25,SerieA,Inter,Genoa,4,0,3,0.571429,1.428571,7,0.121429,0,1,0,25,0,0,2,1.0
2025-02-23,2024-25,Bundesliga,Bayern Munich,Ein Frankfurt,4,3,2,0.444444,0.666667,9,-0.005556,0,0,0,22,0,8,7,1.0
2025-02-23,2024-25,Bundesliga,Hoffenheim,Stuttgart,2,3,4,0.222222,-0.555556,9,-0.227778,0,0,1,22,0,1,0,0.5
2025-02-23,2024-25,EPL,Newcastle,Nott'm Forest,4,1,0,0.8,0.8,5,0.35,0,1,1,25,0,0,0,1.0
2025-02-23,2024-25,EPL,Man City,Liverpool,2,2,5,0.222222,0.333333,9,-0.227778,1,0,0,25,0,1,15,0.0
2025-02-23,2024-25,Bundesliga,RB Leipzig,Heidenheim,3,0,0,1.0,1.0,3,0.55,0,0,1,22,0,5,0,0.5
2025-02-23,2024-25,Ligue1,Strasbourg,Brest,3,3,3,0.333333,0.0,9,-0.116667,1,0,0,22,0,2,2,0.5
2025-02-23,2024-25,LaLiga,Sociedad,Leganes,1,0,0,1.0,3.0,1,0.55,0,1,0,24,0,0,1,1.0
2025-02-23,2024-25,LaLiga,Getafe,Betis,2,4,3,0.222222,-0.111111,9,-0.227778,1,0,0,24,0,6,1,0.0
2025-02-23,2024-25,Ligue1,Nantes,Lens,1,4,4,0.111111,-0.777778,9,-0.338889,1,1,1,22,0,0,0,1.0
2025-02-23,2024-25,LaLiga,Real Madrid,Girona,3,1,1,0.6,1.6,5,0.15,0,0,1,24,0,2,0,1.0
2025-02-23,2024-25,Ligue1,Le Havre,Toulouse,2,1,0,0.666667,0.0,3,0.216667,1,1,1,22,0,0,0,0.0
2025-02-23,2024-25,SerieA,Como,Napoli,0,1,0,0.0,-2.0,1,-0.45,1,0,0,25,0,1,10,1.0
2025-02-23,2024-25,SerieA,Verona,Fiorentina,1,5,3,0.111111,-0.888889,9,-0.338889,1,1,1,25,0,0,0,1.0
2025-02-23,2024-25,SerieA,Empoli,Atalanta,1,6,0,0.142857,-1.571429,7,-0.307143,1,1,0,25,0,0,4,0.0
2025-02-23,2024-25,SerieA,Cagliari,Juventus,0,5,2,0.0,-1.142857,7,-0.45,0,0,0,25,0,2,3,0.0
2025-02-23,2024-25,LaLiga,Ath Bilbao,Valladolid,2,1,2,0.4,0.8,5,-0.05,0,0,1,24,0,15,0,1.0
2025-02-23,2024-25,Ligue1,Nice,Montpellier,3,3,3,0.333333,0.444444,9,-0.116667,0,0,1,22,0,4,0,1.0
2025-02-23,2024-25,Ligue1,Lyon,Paris SG,2,6,1,0.222222,-1.111111,9,-0.227778,1,0,0,22,0,2,15,0.0
2025-02-24,2024-25,LaLiga,Sevilla,Mallorca,3,1,3,0.428571,0.428571,7,-0.021429,0,0,0,24,0,1,2,0.5
2025-02-24,2024-25,SerieA,Roma,Monza,3,0,2,0.6,1.4,5,0.15,0,0,0,25,0,9,1,1.0
2025-02-25,2024-25,EPL,Wolves,Fulham,4,1,2,0.571429,0.714286,7,0.121429,0,0,1,26,0,1,0,0.0
2025-02-25,2024-25,EPL,Chelsea,Southampton,3,2,2,0.428571,1.428571,7,-0.021429,0,1,1,26,0,0,0,1.0
2025-02-25,2024-25,EPL,Brighton,Bournemouth,4,1,0,0.8,0.6,5,0.35,0,0,1,26,0,2,0,1.0
2025-02-25,2024-25,EPL,Crystal Palace,Aston Villa,3,4,2,0.333333,0.111111,9,-0.116667,0,0,0,26,0,1,3,1.0
2025-02-26,2024-25,EPL,Liverpool,Newcastle,6,0,3,0.666667,1.0,9,0.216667,0,0,0,27,0,15,1,1.0
2025-02-26,2024-25,EPL,Brentford,Everton,2,3,2,0.285714,-0.285714,7,-0.164286,0,0,0,26,0,2,6,0.5
2025-02-26,2024-25,EPL,Man United,Ipswich,0,0,1,0.0,0.0,1,-0.45,0,0,1,26,0,1,0,1.0
2025-02-26,2024-25,EPL,Nott'm Forest,Arsenal,1,4,0,0.2,-1.8,5,-0.25,1,1,1,26,0,0,0,0.5
2025-02-26,2024-25,EPL,Tottenham,Man City,5,3,1,0.555556,0.222222,9,0.105556,0,0,1,26,0,3,0,0.0
2025-02-27,2024-25,SerieA,Bologna,Milan,0,5,3,0.0,-1.125,8,-0.45,0,1,1,25,0,0,0,1.0
2025-02-27,2024-25,EPL,West Ham,Leicester,3,3,1,0.428571,0.285714,7,-0.021429,1,0,1,26,0,1,0,1.0
2025-02-28,2024-25,Bundesliga,Stuttgart,Bayern Munich,1,6,2,0.111111,-1.888889,9,-0.338889,1,0,0,23,0,1,9,0.0
2025-02-28,2024-25,Ligue1,Monaco,Reims,3,3,3,0.333333,0.222222,9,-0.116667,0,1,1,23,0,0,0,1.0
2025-02-28,2024-25,LaLiga,Valladolid,Las Palmas,0,1,0,0.0,-1.0,1,-0.45,1,1,1,25,0,0,0,0.5
2025-02-28,2024-25,SerieA,Fiorentina,Lecce,2,1,2,0.4,1.2,5,-0.05,0,1,1,26,0,0,0,1.0
2025-03-01,2024-25,LaLiga,Girona,Celta,2,1,2,0.4,0.2,5,-0.05,0,1,0,25,0,0,3,0.5
2025-03-01,2024-25,SerieA,Atalanta,Venezia,3,0,0,1.0,2.666667,3,0.55,0,0,0,26,0,5,1,0.5
2025-03-01,2024-25,SerieA,Napoli,Inter,1,4,4,0.111111,-0.444444,9,-0.338889,0,1,0,26,0,0,1,0.5
2025-03-01,2024-25,SerieA,Udinese,Parma,2,0,1,0.666667,0.666667,3,0.216667,0,0,0,26,0,4,1,1.0
2025-03-01,2024-25,Bundesliga,Ein Frankfurt,Leverkusen,3,6,0,0.333333,-0.666667,9,-0.116667,1,1,0,23,0,0,15,0.0
2025-03-01,2024-25,Bundesliga,Werder Bremen,Wolfsburg,2,3,2,0.285714,-0.285714,7,-0.164286,0,1,0,23,0,0,5,0.0
2025-03-01,2024-25,Bundesliga,St Pauli,Dortmund,0,1,0,0.0,-1.0,1,-0.45,1,1,0,23,0,0,1,0.0
2025-03-01,2024-25,Bundesliga,RB Leipzig,Mainz,3,4,2,0.333333,0.0,9,-0.116667,0,0,0,23,0,6,3,0.0
2025-03-01,2024-25,Ligue1,Paris SG,Lille,6,1,2,0.666667,1.666667,9,0.216667,0,0,0,23,0,15,2,1.0
2025-03-01,2024-25,Bundesliga,Heidenheim,M'gladbach,0,2,1,0.0,-0.666667,3,-0.45,1,0,1,23,0,1,0,0.0
2025-03-01,2024-25,Ligue1,Lens,Le Havre,1,0,2,0.333333,0.333333,3,-0.116667,0,1,1,23,0,0,0,0.0
2025-03-01,2024-25,LaLiga,Ath Madrid,Ath Bilbao,5,3,1,0.555556,0.111111,9,0.105556,0,0,0,25,0,5,15,1.0
2025-03-01,2024-25,LaLiga,Betis,Real Madrid,0,4,5,0.0,-0.555556,9,-0.45,1,0,0,25,0,2,3,1.0
2025-03-01,2024-25,LaLiga,Vallecano,Sevilla,1,3,3,0.142857,-0.571429,7,-0.307143,1,1,0,25,0,0,2,0.5
2025-03-01,2024-25,Bundesliga,Bochum,Hoffenheim,4,3,0,0.571429,0.285714,7,0.121429,1,0,0,23,0,3,2,0.0
2025-03-01,2024-25,Ligue1,St Etienne,Nice,1,4,0,0.2,-2.8,5,-0.25,1,0,0,23,0,1,5,0.0
2025-03-02,2024-25,SerieA,Bologna,Cagliari,4,3,0,0.571429,0.428571,7,0.121429,0,0,1,26,0,1,0,1.0
2025-03-02,2024-25,SerieA,Genoa,Empoli,1,0,4,0.2,0.2,5,-0.25,0,1,1,26,0,0,0,0.5
2025-03-02,2024-25,SerieA,Roma,Como,0,1,0,0.0,-2.0,1,-0.45,1,0,0,26,0,10,2,1.0
2025-03-02,2024-25,SerieA,Milan,Lazio,6,2,1,0.666667,0.222222,9,0.216667,0,1,0,26,0,0,4,0.0
2025-03-02,2024-25,SerieA,Monza,Torino,0,2,3,0.0,-0.4,5,-0.45,0,1,0,26,0,0,1,0.0
2025-03-02,2024-25,Bundesliga,Augsburg,Freiburg,1,7,1,0.111111,-1.666667,9,-0.338889,1,0,0,23,0,7,4,0.5
2025-03-02,2024-25,Ligue1,Montpellier,Rennes,2,6,1,0.222222,-1.111111,9,-0.227778,1,1,0,23,0,0,1,0.0
2025-03-02,2024-25,LaLiga,Osasuna,Valencia,3,4,2,0.333333,-0.222222,9,-0.116667,0,1,1,25,0,0,0,0.5
2025-03-02,2024-25,LaLiga,Mallorca,Alaves,2,1,2,0.4,0.2,5,-0.05,1,0,1,25,0,3,0,0.5
2025-03-02,2024-25,LaLiga,Barcelona,Sociedad,7,2,0,0.777778,1.444444,9,0.327778,1,0,0,25,0,6,1,1.0
2025-03-02,2024-25,LaLiga,Leganes,Getafe,0,0,1,0.0,0.0,1,-0.45,0,1,1,25,0,0,0,1.0
2025-03-02,2024-25,Ligue1,Lyon,Brest,3,3,3,0.333333,0.111111,9,-0.116667,1,1,0,23,0,0,3,1.0
2025-03-02,2024-25,Ligue1,Angers,Toulouse,0,2,1,0.0,-1.0,3,-0.45,0,0,0,23,0,2,1,0.0
2025-03-02,2024-25,Ligue1,Auxerre,Strasbourg,1,2,0,0.333333,-1.0,3,-0.116667,1,0,0,23,0,3,3,0.0
2025-03-02,2024-25,Ligue1,Marseille,Nantes,7,0,2,0.777778,1.111111,9,0.327778,0,1,0,23,0,0,1,1.0
2025-03-02,2024-25,Bundesliga,Union Berlin,Holstein Kiel,1,0,0,1.0,2.0,1,0.55,0,1,1,23,0,0,0,0.0
2025-03-03,2024-25,SerieA,Juventus,Verona,5,1,3,0.555556,0.777778,9,0.105556,0,0,0,26,0,4,1,1.0
2025-03-07,2024-25,Bundesliga,M'gladbach,Mainz,1,3,5,0.111111,-0.555556,9,-0.338889,0,0,0,24,0,1,4,0.0
2025-03-07,2024-25,SerieA,Cagliari,Genoa,1,5,1,0.142857,-0.857143,7,-0.307143,0,1,0,27,0,0,1,0.5
2025-03-07,2024-25,Ligue1,Toulouse,Monaco,2,3,0,0.4,-0.6,5,-0.05,1,0,0,24,0,2,1,0.5
2025-03-08,2024-25,Ligue1,Rennes,Paris SG,3,4,2,0.333333,-0.333333,9,-0.116667,1,0,0,24,0,2,15,0.0
2025-03-08,2024-25,Ligue1,Lille,Montpellier,6,0,3,0.666667,0.777778,9,0.216667,0,1,1,24,0,0,0,1.0
2025-03-08,2024-25,Ligue1,Marseille,Lens,3,5,1,0.333333,0.0,9,-0.116667,0,0,1,24,0,1,0,0.0
2025-03-08,2024-25,Bundesliga,Leverkusen,Werder Bremen,3,0,4,0.428571,1.285714,7,-0.021429,0,0,1,24,0,15,0,0.0
2025-03-08,2024-25,SerieA,Como,Venezia,0,0,1,0.0,0.0,1,-0.45,0,1,0,27,0,0,2,0.5
2025-03-08,2024-25,SerieA,Inter,Monza,2,1,2,0.4,1.0,5,-0.05,0,0,1,27,0,2,0,1.0
2025-03-08,2024-25,LaLiga,Celta,Leganes,0,1,0,0.0,-3.0,1,-0.45,1,0,0,26,0,4,1,1.0
2025-03-08,2024-25,SerieA,Lecce,Milan,0,3,2,0.0,-1.6,5,-0.45,1,1,1,27,0,0,0,0.0
2025-03-08,2024-25,LaLiga,Valencia,Valladolid,3,2,0,0.6,0.6,5,0.15,1,0,0,26,0,1,1,1.0
2025-03-08,2024-25,Bundesliga,Wolfsburg,St Pauli,0,0,1,0.0,0.0,1,-0.45,0,0,1,24,0,6,0,0.5
2025-03-08,2024-25,LaLiga,Alaves,Villarreal,2,3,2,0.285714,-0.857143,7,-0.164286,1,0,0,26,0,1,6,1.0
2025-03-08,2024-25,SerieA,Parma,Torino,0,2,1,0.0,-1.333333,3,-0.45,0,1,0,27,0,0,2,0.5
2025-03-08,2024-25,EPL,Brentford,Aston Villa,1,3,3,0.142857,-0.857143,7,-0.307143,1,0,1,27,0,3,0,0.0
2025-03-08,2024-25,EPL,Liverpool,Southampton,5,1,1,0.714286,1.285714,7,0.264286,0,0,1,28,0,15,0,1.0
2025-03-08,2024-25,EPL,Crystal Palace,Ipswich,1,0,0,1.0,1.0,1,0.55,0,0,1,27,0,2,0,1.0
2025-03-08,2024-25,EPL,Brighton,Fulham,0,4,3,0.0,-1.0,7,-0.45,1,0,0,27,0,3,1,1.0
2025-03-08,2024-25,Bundesliga,Holstein Kiel,Stuttgart,0,1,0,0.0,-1.0,1,-0.45,1,0,1,24,0,1,0,0.5
2025-03-08,2024-25,Bundesliga,Dortmund,Augsburg,5,2,2,0.555556,0.888889,9,0.105556,1,0,0,24,0,2,8,0.0
2025-03-08,2024-25,EPL,Nott'm Forest,Man City,0,4,1,0.0,-2.6,5,-0.45,1,0,0,27,0,1,1,1.0
2025-03-08,2024-25,Bundesliga,Freiburg,RB Leipzig,0,7,2,0.0,-1.777778,9,-0.45,1,0,1,24,0,5,0,0.5
2025-03-08,2024-25,Bundesliga,Bayern Munich,Bochum,5,2,0,0.714286,3.714286,7,0.264286,0,0,1,24,0,10,0,0.0
2025-03-08,2024-25,EPL,Wolves,Everton,5,3,1,0.555556,0.111111,9,0.105556,1,1,0,27,0,0,7,0.5
2025-03-09,2024-25,SerieA,Juventus,Atalanta,1,2,6,0.111111,0.0,9,-0.338889,0,0,0,27,0,5,6,0.0
2025-03-09,2024-25,Ligue1,Brest,Angers,2,3,2,0.285714,0.285714,7,-0.164286,1,1,1,24,0,0,0,1.0
2025-03-09,2024-25,SerieA,Empoli,Roma,2,5,0,0.285714,-1.714286,7,-0.164286,0,0,0,27,0,1,11,0.0
2025-03-09,2024-25,SerieA,Napoli,Fiorentina,5,2,2,0.555556,1.111111,9,0.105556,0,0,0,27,0,1,1,1.0
2025-03-09,2024-25,SerieA,Verona,Bologna,3,3,3,0.333333,-0.111111,9,-0.116667,0,1,0,27,0,0,2,0.0
2025-03-09,2024-25,Bundesliga,Ein Frankfurt,Union Berlin,4,2,3,0.444444,0.555556,9,-0.005556,0,1,1,24,0,0,0,0.0
2025-03-09,2024-25,Bundesliga,Hoffenheim,Heidenheim,1,0,2,0.333333,0.333333,3,-0.116667,0,0,1,24,0,3,0,0.5
2025-03-09,2024-25,Ligue1,Nantes,Strasbourg,2,5,2,0.222222,-1.0,9,-0.227778,1,1,0,24,0,0,4,0.0
2025-03-09,2024-25,Ligue1,Le Havre,St Etienne,1,0,0,1.0,2.0,1,0.55,0,0,1,24,0,1,0,0.5
2025-03-09,2024-25,EPL,Tottenham,Bournemouth,3,2,0,0.6,0.6,5,0.15,1,1,1,27,0,0,0,0.5
2025-03-09,2024-25,Ligue1,Nice,Lyon,3,4,2,0.333333,-0.555556,9,-0.116667,1,0,0,24,0,6,1,0.0
2025-03-09,2024-25,EPL,Man United,Arsenal,2,6,1,0.222222,-0.666667,9,-0.227778,1,0,0,27,0,2,1,0.5
2025-03-09,2024-25,LaLiga,Ath Bilbao,Mallorca,2,1,4,0.285714,0.714286,7,-0.164286,0,1,0,26,0,0,4,0.5
2025-03-09,2024-25,LaLiga,Sociedad,Sevilla,4,3,2,0.444444,0.222222,9,-0.005556,0,1,0,26,0,0,3,0.0
2025-03-09,2024-25,LaLiga,Betis,Las Palmas,1,0,2,0.333333,0.333333,3,-0.116667,0,0,0,26,0,3,1,1.0
2025-03-09,2024-25,Ligue1,Reims,Auxerre,1,1,1,0.333333,0.0,3,-0.116667,1,1,1,24,0,0,0,0.0
2025-03-09,2024-25,LaLiga,Real Madrid,Vallecano,3,1,3,0.428571,0.285714,7,-0.021429,0,1,0,26,0,0,1,1.0
2025-03-09,2024-25,LaLiga,Getafe,Ath Madrid,0,6,3,0.0,-1.111111,9,-0.45,1,1,0,26,0,0,6,1.0
2025-03-09,2024-25,EPL,Chelsea,Leicester,5,1,1,0.714286,0.857143,7,0.264286,0,0,1,27,0,1,0,1.0
2025-03-10,2024-25,EPL,West Ham,Newcastle,2,4,3,0.222222,-0.444444,9,-0.227778,0,0,1,27,0,2,0,0.0
2025-03-10,2024-25,SerieA,Lazio,Udinese,3,3,3,0.333333,-0.111111,9,-0.116667,1,0,0,27,0,5,5,0.5
2025-03-10,2024-25,LaLiga,Espanol,Girona,0,2,1,0.0,-1.333333,3,-0.45,1,0,0,25,0,2,1,0.5
2025-03-14,2024-25,Ligue1,Nice,Auxerre,0,1,2,0.0,-0.333333,3,-0.45,1,1,0,25,0,0,1,0.5
2025-03-14,2024-25,Bundesliga,St Pauli,Hoffenheim,1,0,0,1.0,2.0,1,0.55,0,0,0,25,0,1,4,1.0
2025-03-14,2024-25,SerieA,Genoa,Lecce,1,1,1,0.333333,0.0,3,-0.116667,0,0,1,28,0,2,0,1.0
2025-03-14,2024-25,LaLiga,Las Palmas,Alaves,1,1,1,0.333333,-0.333333,3,-0.116667,1,1,0,27,0,0,2,0.5
2025-03-15,2024-25,LaLiga,Girona,Valencia,3,2,0,0.6,0.2,5,0.15,1,0,0,27,0,2,2,0.5
2025-03-15,2024-25,LaLiga,Villarreal,Real Madrid,2,3,4,0.222222,-0.444444,9,-0.227778,1,1,0,26,0,0,1,0.0
2025-03-15,2024-25,LaLiga,Mallorca,Espanol,1,3,1,0.2,-0.4,5,-0.25,1,0,0,27,0,5,3,1.0
2025-03-15,2024-25,LaLiga,Valladolid,Celta,1,2,2,0.2,-0.4,5,-0.25,1,1,0,27,0,0,5,0.0
2025-03-15,2024-25,SerieA,Torino,Empoli,3,1,3,0.428571,0.428571,7,-0.021429,0,0,1,28,0,3,0,1.0
2025-03-15,2024-25,SerieA,Udinese,Verona,2,3,4,0.222222,-0.333333,9,-0.227778,0,0,1,28,0,6,0,0.0
2025-03-15,2024-25,Bundesliga,Augsburg,Wolfsburg,3,2,4,0.333333,0.333333,9,-0.116667,0,0,0,25,0,9,7,1.0
2025-03-15,2024-25,Bundesliga,Mainz,Freiburg,2,2,5,0.222222,0.111111,9,-0.227778,0,0,0,25,0,5,6,0.5
2025-03-15,2024-25,Bundesliga,Union Berlin,Bayern Munich,0,6,3,0.0,-2.0,9,-0.45,1,0,1,25,0,1,0,0.5
2025-03-15,2024-25,Bundesliga,Werder Bremen,M'gladbach,1,3,3,0.142857,-0.285714,7,-0.307143,1,0,1,25,0,1,0,0.0
2025-03-15,2024-25,EPL,Everton,West Ham,3,5,1,0.333333,-0.444444,9,-0.116667,0,0,1,28,0,8,0,0.5
2025-03-15,2024-25,EPL,Ipswich,Nott'm Forest,0,1,0,0.0,-1.0,1,-0.45,1,1,0,28,0,0,2,0.0
2025-03-15,2024-25,EPL,Man City,Brighton,6,2,1,0.666667,1.333333,9,0.216667,1,1,0,28,0,0,4,0.5
2025-03-15,2024-25,SerieA,Monza,Parma,0,1,0,0.0,-1.0,1,-0.45,1,1,0,28,0,0,1,0.5
2025-03-15,2024-25,EPL,Bournemouth,Brentford,0,3,2,0.0,-0.8,5,-0.45,1,0,1,28,0,1,0,0.0
2025-03-15,2024-25,Ligue1,Angers,Monaco,1,6,0,0.142857,-1.428571,7,-0.307143,0,1,0,25,0,0,2,0.0
2025-03-15,2024-25,Ligue1,Nantes,Lille,0,6,3,0.0,-1.0,9,-0.45,0,1,0,25,0,0,1,1.0
2025-03-15,2024-25,EPL,Southampton,Wolves,0,6,1,0.0,-1.142857,7,-0.45,1,1,0,28,0,0,1,0.0
2025-03-15,2024-25,Bundesliga,RB Leipzig,Dortmund,5,4,0,0.555556,0.666667,9,0.105556,1,0,1,25,0,1,0,1.0
2025-03-15,2024-25,SerieA,Milan,Como,1,0,0,1.0,1.0,1,0.55,0,0,0,28,0,1,1,1.0
2025-03-15,2024-25,Ligue1,Lens,Rennes,4,0,5,0.444444,0.555556,9,-0.005556,0,0,1,25,0,1,0,1.0
2025-03-16,2024-25,LaLiga,Ath Madrid,Barcelona,3,5,1,0.333333,-0.444444,9,-0.116667,0,1,0,27,0,0,7,0.0
2025-03-16,2024-25,LaLiga,Vallecano,Sociedad,1,3,3,0.142857,-0.428571,7,-0.307143,0,1,1,27,0,0,0,0.5
2025-03-16,2024-25,LaLiga,Osasuna,Getafe,1,5,3,0.111111,-0.555556,9,-0.338889,0,0,0,26,0,1,1,0.0
2025-03-16,2024-25,LaLiga,Sevilla,Ath Bilbao,3,4,2,0.333333,-0.333333,9,-0.116667,0,0,0,27,0,4,1,0.0
2025-03-16,2024-25,LaLiga,Leganes,Betis,0,1,0,0.0,-2.0,1,-0.45,1,1,0,27,0,0,4,0.0
2025-03-16,2024-25,SerieA,Venezia,Napoli,0,3,0,0.0,-1.666667,3,-0.45,1,0,0,28,0,3,2,0.5
2025-03-16,2024-25,SerieA,Bologna,Lazio,4,4,1,0.444444,-0.111111,9,-0.005556,1,0,0,28,0,3,6,1.0
2025-03-16,2024-25,SerieA,Roma,Cagliari,5,1,1,0.714286,1.285714,7,0.264286,0,0,0,28,0,12,1,1.0
2025-03-16,2024-25,Bundesliga,Bochum,Ein Frankfurt,2,2,3,0.285714,-0.142857,7,-0.164286,1,0,1,25,0,1,0,0.0
2025-03-16,2024-25,Ligue1,Lyon,Le Havre,1,1,1,0.333333,0.666667,3,-0.116667,0,0,0,25,0,2,2,1.0
2025-03-16,2024-25,SerieA,Fiorentina,Juventus,2,4,3,0.222222,0.111111,9,-0.227778,0,1,1,28,0,0,0,1.0
2025-03-16,2024-25,SerieA,Atalanta,Inter,0,6,3,0.0,-1.333333,9,-0.45,1,0,0,28,0,7,3,0.0
2025-03-16,2024-25,Ligue1,Paris SG,Marseille,7,1,1,0.777778,1.666667,9,0.327778,0,0,1,25,0,15,0,1.0
2025-03-16,2024-25,Ligue1,Strasbourg,Toulouse,2,1,2,0.4,0.4,5,-0.05,0,0,0,25,0,5,3,1.0
2025-03-16,2024-25,Ligue1,Montpellier,St Etienne,2,3,0,0.4,-0.2,5,-0.05,1,1,0,25,0,0,1,0.0
2025-03-16,2024-25,EPL,Arsenal,Chelsea,6,1,2,0.666667,1.222222,9,0.216667,0,0,0,28,0,2,2,1.0
2025-03-16,2024-25,EPL,Fulham,Tottenham,1,4,2,0.142857,-0.285714,7,-0.307143,0,1,0,28,0,0,1,1.0
2025-03-16,2024-25,EPL,Leicester,Man United,2,3,2,0.285714,-0.571429,7,-0.164286,1,1,0,28,0,0,3,0.0
2025-03-16,2024-25,Ligue1,Brest,Reims,3,1,5,0.333333,0.222222,9,-0.116667,0,0,1,25,0,1,0,0.5
2025-03-16,2024-25,Bundesliga,Stuttgart,Leverkusen,0,4,5,0.0,-1.0,9,-0.45,0,0,1,25,0,1,0,0.0
2025-03-16,2024-25,Bundesliga,Heidenheim,Holstein Kiel,0,1,0,0.0,-1.0,1,-0.45,1,0,0,25,0,1,2,1.0
2025-03-27,2024-25,LaLiga,Barcelona,Osasuna,7,1,1,0.777778,1.333333,9,0.327778,1,0,1,27,0,8,0,1.0
2025-03-28,2024-25,Bundesliga,Leverkusen,Bochum,4,1,2,0.571429,1.285714,7,0.121429,0,0,1,26,0,1,0,1.0
2025-03-28,2024-25,Ligue1,Strasbourg,Lyon,2,6,1,0.222222,-0.777778,9,-0.227778,1,0,0,26,0,6,3,1.0
2025-03-29,2024-25,Ligue1,Monaco,Nice,5,3,1,0.555556,0.0,9,0.105556,1,0,0,26,0,3,1,1.0
2025-03-29,2024-25,Ligue1,St Etienne,Paris SG,0,4,1,0.0,-1.2,5,-0.45,1,0,0,26,0,2,15,0.0
2025-03-29,2024-25,Bundesliga,Hoffenheim,Augsburg,5,2,2,0.555556,1.0,9,0.105556,0,1,0,26,0,0,10,0.5
2025-03-29,2024-25,LaLiga,Alaves,Vallecano,2,3,0,0.4,-0.6,5,-0.05,1,0,0,28,0,3,1,0.0
2025-03-29,2024-25,LaLiga,Real Madrid,Leganes,1,0,0,1.0,3.0,1,0.55,0,0,1,28,0,2,0,1.0
2025-03-29,2024-25,Ligue1,Reims,Marseille,1,5,3,0.111111,-0.777778,9,-0.338889,0,0,1,26,0,1,0,1.0
2025-03-29,2024-25,Bundesliga,Bayern Munich,St Pauli,1,0,0,1.0,1.0,1,0.55,0,0,0,26,0,1,2,1.0
2025-03-29,2024-25,LaLiga,Espanol,Ath Madrid,0,2,3,0.0,-0.4,5,-0.45,0,1,1,27,0,0,0,0.5
2025-03-29,2024-25,Bundesliga,Holstein Kiel,Werder Bremen,0,1,0,0.0,-1.0,1,-0.45,1,1,1,26,0,0,0,0.0
2025-03-29,2024-25,Bundesliga,M'gladbach,RB Leipzig,3,5,1,0.333333,-0.444444,9,-0.116667,0,0,0,26,0,1,2,1.0
2025-03-29,2024-25,LaLiga,Sociedad,Valladolid,1,2,2,0.2,0.2,5,-0.25,0,0,1,28,0,1,0,1.0
2025-03-29,2024-25,Bundesliga,Ein Frankfurt,Stuttgart,3,2,4,0.333333,0.0,9,-0.116667,0,0,1,26,0,1,0,1.0
2025-03-29,2024-25,SerieA,Lecce,Roma,0,3,2,0.0,-1.0,5,-0.45,1,1,0,29,0,0,13,0.0
2025-03-29,2024-25,SerieA,Juventus,Genoa,4,1,2,0.571429,1.142857,7,0.121429,0,1,0,29,0,0,3,1.0
2025-03-29,2024-25,SerieA,Venezia,Bologna,2,1,0,0.666667,-0.333333,3,0.216667,1,0,0,29,0,4,4,0.0
2025-03-29,2024-25,SerieA,Como,Empoli,0,1,0,0.0,-1.0,1,-0.45,1,1,1,29,0,0,0,0.5
2025-03-29,2024-25,Bundesliga,Wolfsburg,Heidenheim,2,0,1,0.666667,1.333333,3,0.216667,0,1,0,26,0,0,2,0.0
2025-03-30,2024-25,Bundesliga,Freiburg,Union Berlin,1,4,4,0.111111,-0.444444,9,-0.338889,0,0,0,26,0,7,2,0.0
2025-03-30,2024-25,Bundesliga,Dortmund,Mainz,4,2,3,0.444444,0.111111,9,-0.005556,1,1,0,26,0,0,6,1.0
2025-03-30,2024-25,LaLiga,Betis,Sevilla,0,4,5,0.0,-0.555556,9,-0.45,1,0,1,28,0,5,0,1.0
2025-03-30,2024-25,LaLiga,Valencia,Mallorca,1,3,3,0.142857,-0.285714,7,-0.307143,1,0,0,28,0,3,6,1.0
2025-03-30,2024-25,LaLiga,Ath Bilbao,Osasuna,4,2,3,0.444444,0.444444,9,-0.005556,0,0,1,28,0,2,0,0.5
2025-03-30,2024-25,LaLiga,Barcelona,Girona,2,2,1,0.4,0.0,5,-0.05,0,0,0,28,0,9,3,1.0
2025-03-30,2024-25,LaLiga,Getafe,Villarreal,0,5,4,0.0,-0.666667,9,-0.45,0,0,1,28,0,2,0,0.0
2025-03-30,2024-25,Ligue1,Toulouse,Brest,0,3,2,0.0,-1.4,5,-0.45,1,1,0,26,0,0,2,0.0
2025-03-30,2024-25,Ligue1,Angers,Rennes,2,5,0,0.285714,-1.0,7,-0.164286,1,1,1,26,0,0,0,0.0
2025-03-30,2024-25,SerieA,Napoli,Milan,4,4,1,0.444444,-0.333333,9,-0.005556,0,0,0,29,0,3,2,1.0
2025-03-30,2024-25,Ligue1,Lille,Lens,5,2,2,0.555556,1.0,9,0.105556,0,1,0,26,0,0,2,1.0
2025-03-30,2024-25,Ligue1,Le Havre,Nantes,1,1,1,0.333333,0.333333,3,-0.116667,0,1,0,26,0,0,1,1.0
2025-03-30,2024-25,SerieA,Cagliari,Monza,1,1,1,0.333333,0.0,3,-0.116667,0,1,0,29,0,0,1,1.0
2025-03-30,2024-25,Ligue1,Auxerre,Montpellier,1,2,0,0.333333,-0.666667,3,-0.116667,1,0,1,26,0,2,0,1.0
2025-03-30,2024-25,SerieA,Fiorentina,Atalanta,4,4,1,0.444444,-0.222222,9,-0.005556,1,0,1,29,0,1,0,1.0
2025-03-30,2024-25,SerieA,Inter,Udinese,7,1,1,0.777778,1.444444,9,0.327778,0,0,1,29,0,4,0,1.0
2025-03-31,2024-25,LaLiga,Celta,Las Palmas,2,1,0,0.666667,1.0,3,0.216667,0,0,0,28,0,6,1,0.5
2025-03-31,2024-25,SerieA,Lazio,Torino,4,1,4,0.444444,0.555556,9,-0.005556,0,1,0,29,0,0,4,0.5
2025-03-31,2024-25,SerieA,Verona,Parma,2,1,0,0.666667,0.333333,3,0.216667,0,0,0,29,0,1,2,0.5
2025-04-01,2024-25,EPL,Arsenal,Fulham,3,1,3,0.428571,0.857143,7,-0.021429,0,0,0,29,0,3,1,1.0
2025-04-01,2024-25,EPL,Nott'm Forest,Man United,2,3,0,0.4,-0.8,5,-0.05,0,0,0,29,0,3,4,1.0
2025-04-01,2024-25,EPL,Wolves,West Ham,2,7,0,0.222222,-1.222222,9,-0.227778,1,0,0,29,0,2,1,1.0
2025-04-02,2024-25,EPL,Bournemouth,Ipswich,1,0,0,1.0,1.0,1,0.55,0,1,1,29,0,0,0,0.0
2025-04-02,2024-25,EPL,Man City,Leicester,6,1,0,0.857143,1.142857,7,0.407143,0,0,1,29,0,1,0,1.0
2025-04-02,2024-25,EPL,Newcastle,Brentford,5,1,1,0.714286,1.142857,7,0.264286,1,0,0,28,0,1,1,1.0
2025-04-02,2024-25,EPL,Southampton,Crystal Palace,1,5,1,0.142857,-0.571429,7,-0.307143,1,1,0,29,0,0,3,0.5
2025-04-02,2024-25,EPL,Liverpool,Everton,4,2,3,0.444444,0.555556,9,-0.005556,0,0,0,29,0,15,9,1.0
2025-04-02,2024-25,EPL,Brighton,Aston Villa,2,5,2,0.222222,-1.0,9,-0.227778,0,0,0,29,0,5,1,0.0
2025-04-03,2024-25,EPL,Chelsea,Tottenham,6,1,2,0.666667,1.111111,9,0.216667,0,1,1,29,0,0,0,1.0
2025-04-04,2024-25,Ligue1,Nice,Nantes,4,2,3,0.444444,0.333333,9,-0.005556,0,1,1,27,0,0,0,0.0
2025-04-04,2024-25,SerieA,Genoa,Udinese,2,1,4,0.285714,0.428571,7,-0.164286,0,1,1,30,0,0,0,1.0
2025-04-04,2024-25,Bundesliga,Augsburg,Bayern Munich,2,7,0,0.222222,-1.222222,9,-0.227778,1,0,0,27,0,11,2,0.0
2025-04-04,2024-25,LaLiga,Vallecano,Espanol,3,2,0,0.6,0.4,5,0.15,1,0,0,29,0,2,1,0.0
2025-04-05,2024-25,LaLiga,Barcelona,Betis,7,1,1,0.777778,1.777778,9,0.327778,0,0,0,29,0,10,6,0.5
2025-04-05,2024-25,LaLiga,Mallorca,Celta,3,2,2,0.428571,0.0,7,-0.021429,1,1,0,29,0,0,7,0.0
2025-04-05,2024-25,Ligue1,Paris SG,Angers,7,0,0,1.0,2.142857,7,0.55,0,0,1,27,0,15,0,1.0
2025-04-05,2024-25,Ligue1,Brest,Monaco,2,7,0,0.222222,-0.888889,9,-0.227778,1,0,0,27,0,3,4,1.0
2025-04-05,2024-25,Ligue1,Lyon,Lille,2,3,4,0.222222,-0.222222,9,-0.227778,0,1,0,27,0,0,1,1.0
2025-04-05,2024-25,EPL,Aston Villa,Nott'm Forest,2,2,1,0.4,0.2,5,-0.05,1,0,0,30,0,2,4,1.0
2025-04-05,2024-25,EPL,West Ham,Bournemouth,2,0,3,0.4,1.2,5,-0.05,0,1,1,30,0,0,0,0.5
2025-04-05,2024-25,EPL,Ipswich,Wolves,1,0,0,1.0,1.0,1,0.55,0,0,0,30,0,1,3,0.0
2025-04-05,2024-25,EPL,Crystal Palace,Brighton,2,2,5,0.222222,-0.111111,9,-0.227778,0,0,1,29,0,4,0,1.0
2025-04-05,2024-25,Bundesliga,Bochum,Stuttgart,1,4,2,0.142857,-1.428571,7,-0.307143,1,1,1,27,0,0,0,0.0
2025-04-05,2024-25,EPL,Everton,Arsenal,4,4,1,0.444444,-0.666667,9,-0.005556,0,1,0,30,0,0,4,0.5
2025-04-05,2024-25,Bundesliga,Heidenheim,Leverkusen,0,3,0,0.0,-2.333333,3,-0.45,1,0,0,27,0,3,2,0.0
2025-04-05,2024-25,Bundesliga,Mainz,Holstein Kiel,1,0,0,1.0,3.0,1,0.55,0,1,1,27,0,0,0,0.5
2025-04-05,2024-25,Bundesliga,RB Leipzig,Hoffenheim,5,2,2,0.555556,0.666667,9,0.105556,1,1,0,27,0,0,1,1.0
2025-04-05,2024-25,Bundesliga,Werder Bremen,Ein Frankfurt,1,3,3,0.142857,-0.428571,7,-0.307143,1,0,0,27,0,1,2,1.0
2025-04-05,2024-25,SerieA,Monza,Como,0,0,1,0.0,0.0,1,-0.45,0,1,0,30,0,0,1,0.0
2025-04-05,2024-25,SerieA,Parma,Inter,0,2,1,0.0,-1.0,3,-0.45,1,0,0,30,0,3,5,0.5
2025-04-05,2024-25,SerieA,Milan,Fiorentina,6,3,0,0.666667,0.444444,9,0.216667,1,1,0,30,0,0,2,0.5
2025-04-05,2024-25,LaLiga,Girona,Alaves,2,0,1,0.666667,1.333333,3,0.216667,0,1,1,29,0,0,0,0.0
2025-04-05,2024-25,Bundesliga,Freiburg,Dortmund,2,7,0,0.222222,-2.333333,9,-0.227778,1,1,0,27,0,0,1,0.0
2025-04-05,2024-25,LaLiga,Real Madrid,Valencia,6,2,1,0.666667,1.0,9,0.216667,0,0,0,29,0,3,4,0.0
2025-04-06,2024-25,Ligue1,Marseille,Toulouse,3,0,2,0.6,1.6,5,0.15,0,1,1,27,0,0,0,1.0
2025-04-06,2024-25,SerieA,Roma,Juventus,1,4,4,0.111111,-0.444444,9,-0.338889,0,0,0,30,0,14,1,0.5
2025-04-06,2024-25,EPL,Brentford,Chelsea,3,2,2,0.428571,0.714286,7,-0.021429,1,1,0,30,0,0,1,0.5
2025-04-06,2024-25,EPL,Fulham,Liverpool,1,3,3,0.142857,-0.428571,7,-0.307143,0,1,0,30,0,0,15,1.0
2025-04-06,2024-25,Ligue1,Lens,St Etienne,4,0,1,0.8,1.2,5,0.35,0,1,1,27,0,0,0,1.0
2025-04-06,2024-25,EPL,Man United,Man City,3,5,1,0.333333,-1.0,9,-0.116667,0,1,0,30,0,0,2,0.5
2025-04-06,2024-25,SerieA,Atalanta,Lazio,3,3,3,0.333333,0.222222,9,-0.116667,0,1,0,30,0,0,1,0.0
2025-04-06,2024-25,SerieA,Torino,Verona,5,0,4,0.555556,0.555556,9,0.105556,0,0,0,30,0,5,2,0.5
2025-04-06,2024-25,SerieA,Empoli,Cagliari,2,1,2,0.4,0.6,5,-0.05,0,0,0,30,0,1,1,0.5
2025-04-06,2024-25,SerieA,Lecce,Venezia,1,0,0,1.0,1.0,1,0.55,0,1,1,30,0,0,0,0.5
2025-04-06,2024-25,EPL,Tottenham,Southampton,4,1,2,0.571429,1.571429,7,0.121429,0,1,0,30,0,0,1,1.0
2025-04-06,2024-25,Ligue1,Rennes,Auxerre,1,1,1,0.333333,0.333333,3,-0.116667,1,0,0,27,0,1,3,0.0
2025-04-06,2024-25,LaLiga,Valladolid,Getafe,3,1,1,0.6,0.2,5,0.15,1,1,1,29,0,0,0,0.0
2025-04-06,2024-25,LaLiga,Las Palmas,Sociedad,0,1,2,0.0,-0.666667,3,-0.45,0,0,0,29,0,2,2,0.0
2025-04-06,2024-25,Bundesliga,St Pauli,M'gladbach,0,1,0,0.0,-2.0,1,-0.45,1,1,0,27,0,0,2,0.5
2025-04-06,2024-25,Bundesliga,Union Berlin,Wolfsburg,3,4,2,0.333333,-0.111111,9,-0.116667,1,0,1,27,0,3,0,1.0
2025-04-06,2024-25,LaLiga,Villarreal,Ath Bilbao,1,4,4,0.111111,-0.111111,9,-0.338889,1,0,0,28,0,1,3,0.5
2025-04-06,2024-25,Ligue1,Reims,Strasbourg,3,2,4,0.333333,-0.111111,9,-0.116667,0,0,0,27,0,2,7,0.0
2025-04-06,2024-25,LaLiga,Sevilla,Ath Madrid,3,5,1,0.333333,-0.888889,9,-0.116667,1,1,0,29,0,0,1,0.0
2025-04-06,2024-25,Ligue1,Montpellier,Le Havre,1,1,1,0.333333,0.333333,3,-0.116667,1,1,0,27,0,0,1,0.0
2025-04-07,2024-25,LaLiga,Leganes,Osasuna,0,0,1,0.0,0.0,1,-0.45,0,1,0,29,0,0,1,0.5
2025-04-07,2024-25,EPL,Leicester,Newcastle,2,4,1,0.285714,-0.714286,7,-0.164286,1,1,0,30,0,0,2,0.0
2025-04-07,2024-25,SerieA,Bologna,Napoli,1,6,2,0.111111,-1.111111,9,-0.338889,1,0,0,30,0,5,4,0.5
2025-04-11,2024-25,LaLiga,Valencia,Sevilla,1,4,4,0.111111,-0.555556,9,-0.338889,0,0,1,30,0,5,0,1.0
2025-04-11,2024-25,Ligue1,Lens,Reims,5,0,4,0.555556,0.888889,9,0.105556,0,0,1,28,0,1,0,0.0
2025-04-11,2024-25,Bundesliga,Wolfsburg,RB Leipzig,3,4,2,0.333333,-0.444444,9,-0.116667,0,1,0,28,0,0,1,0.0
2025-04-11,2024-25,SerieA,Udinese,Milan,2,4,3,0.222222,-0.222222,9,-0.227778,1,1,0,31,0,0,1,0.0
2025-04-12,2024-25,EPL,Southampton,Aston Villa,2,5,0,0.285714,-0.857143,7,-0.164286,1,1,0,31,0,0,3,0.0
2025-04-12,2024-25,EPL,Arsenal,Brentford,5,1,1,0.714286,0.857143,7,0.264286,0,0,0,31,0,5,1,0.5
2025-04-12,2024-25,Bundesliga,Holstein Kiel,St Pauli,0,1,0,0.0,-2.0,1,-0.45,1,0,0,28,0,1,1,0.0
2025-04-12,2024-25,Bundesliga,Leverkusen,Union Berlin,4,1,4,0.444444,1.111111,9,-0.005556,0,0,0,28,0,3,4,0.5
2025-04-12,2024-25,Bundesliga,Hoffenheim,Mainz,1,6,2,0.111111,-0.888889,9,-0.338889,1,1,0,28,0,0,1,1.0
2025-04-12,2024-25,Bundesliga,Bochum,Augsburg,3,2,2,0.428571,0.0,7,-0.021429,1,1,1,28,0,0,0,0.0
2025-04-12,2024-25,Bundesliga,M'gladbach,Freiburg,1,3,5,0.111111,-1.111111,9,-0.338889,1,0,1,28,0,3,0,0.0
2025-04-12,2024-25,EPL,Nott'm Forest,Everton,1,2,2,0.2,-0.2,5,-0.25,0,1,0,31,0,0,1,0.0
2025-04-12,2024-25,LaLiga,Leganes,Barcelona,1,0,0,1.0,1.0,1,0.55,0,0,0,30,0,1,11,0.0
2025-04-12,2024-25,EPL,Man City,Crystal Palace,5,1,3,0.555556,1.0,9,0.105556,0,0,0,31,0,3,5,1.0
2025-04-12,2024-25,Bundesliga,Bayern Munich,Dortmund,6,1,2,0.666667,1.111111,9,0.216667,0,0,0,28,0,3,2,0.5
2025-04-12,2024-25,LaLiga,Celta,Espanol,2,2,1,0.4,0.2,5,-0.05,1,0,0,30,0,8,2,0.0
2025-04-12,2024-25,SerieA,Venezia,Monza,0,0,1,0.0,0.0,1,-0.45,0,0,1,31,0,1,0,1.0
2025-04-12,2024-25,SerieA,Inter,Cagliari,6,0,1,0.857143,2.0,7,0.407143,0,0,0,31,0,6,2,1.0
2025-04-12,2024-25,SerieA,Juventus,Lecce,4,0,1,0.8,1.2,5,0.35,0,0,0,31,0,2,1,1.0
2025-04-12,2024-25,Ligue1,Strasbourg,Nice,3,4,2,0.333333,0.0,9,-0.116667,1,0,1,28,0,8,0,0.5
2025-04-12,2024-25,Ligue1,Toulouse,Lille,1,3,1,0.2,-0.4,5,-0.25,1,1,1,28,0,0,0,0.0
2025-04-12,2024-25,LaLiga,Sociedad,Mallorca,5,1,1,0.714286,0.714286,7,0.264286,1,0,1,30,0,3,0,0.0
2025-04-12,2024-25,LaLiga,Getafe,Las Palmas,1,1,1,0.333333,-0.333333,3,-0.116667,0,0,1,30,0,1,0,0.0
2025-04-12,2024-25,EPL,Brighton,Leicester,2,2,3,0.285714,0.0,7,-0.164286,0,1,1,31,0,0,0,0.5
2025-04-12,2024-25,Ligue1,Monaco,Marseille,3,4,2,0.333333,-0.111111,9,-0.116667,1,1,0,28,0,0,1,1.0
2025-04-13,2024-25,Ligue1,St Etienne,Brest,1,4,0,0.2,-1.6,5,-0.25,1,1,0,28,0,0,4,0.5
2025-04-13,2024-25,Ligue1,Angers,Montpellier,3,3,1,0.428571,-0.857143,7,-0.021429,0,1,1,28,0,0,0,1.0
2025-04-13,2024-25,Ligue1,Auxerre,Lyon,1,1,1,0.333333,0.0,3,-0.116667,0,0,0,28,0,4,1,0.0
2025-04-13,2024-25,SerieA,Atalanta,Bologna,3,3,3,0.333333,0.333333,9,-0.116667,0,1,0,31,0,0,6,1.0
2025-04-13,2024-25,SerieA,Fiorentina,Parma,0,0,3,0.0,0.0,3,-0.45,0,0,0,31,0,3,4,0.5
2025-04-13,2024-25,SerieA,Verona,Genoa,2,2,3,0.285714,0.142857,7,-0.164286,0,0,0,31,0,3,1,0.5
2025-04-13,2024-25,SerieA,Como,Torino,0,1,0,0.0,-1.0,1,-0.45,1,0,0,31,0,2,6,1.0
2025-04-13,2024-25,SerieA,Lazio,Roma,4,4,1,0.444444,-0.222222,9,-0.005556,1,0,0,31,0,2,15,0.5
2025-04-13,2024-25,Bundesliga,Ein Frankfurt,Heidenheim,3,0,0,1.0,2.333333,3,0.55,0,1,1,28,0,0,0,1.0
2025-04-13,2024-25,Bundesliga,Stuttgart,Werder Bremen,3,2,2,0.428571,0.142857,7,-0.021429,0,0,0,28,0,1,2,0.0
2025-04-13,2024-25,EPL,Chelsea,Ipswich,0,1,0,0.0,-2.0,1,-0.45,1,0,1,31,0,2,0,0.5
2025-04-13,2024-25,EPL,Liverpool,West Ham,7,1,1,0.777778,1.333333,9,0.327778,0,1,0,31,0,0,1,1.0
2025-04-13,2024-25,EPL,Wolves,Tottenham,4,3,2,0.444444,0.111111,9,-0.005556,0,0,0,31,0,4,1,1.0
2025-04-13,2024-25,Ligue1,Le Havre,Rennes,0,2,1,0.0,-0.666667,3,-0.45,1,0,1,28,0,2,0,0.0
2025-04-13,2024-25,LaLiga,Osasuna,Girona,1,3,1,0.2,-1.4,5,-0.25,1,0,1,30,0,2,0,1.0
2025-04-13,2024-25,LaLiga,Alaves,Real Madrid,1,6,0,0.142857,-2.142857,7,-0.307143,1,0,1,30,0,1,0,0.0
2025-04-13,2024-25,LaLiga,Betis,Villarreal,4,3,2,0.444444,-0.111111,9,-0.005556,0,0,0,30,0,7,2,0.0
2025-04-13,2024-25,LaLiga,Ath Bilbao,Vallecano,5,1,1,0.714286,1.0,7,0.264286,0,0,1,30,0,4,0,1.0
2025-04-13,2024-25,EPL,Newcastle,Man United,3,4,2,0.333333,-0.444444,9,-0.116667,0,0,0,30,0,3,1,1.0
2025-04-14,2024-25,EPL,Bournemouth,Fulham,2,1,2,0.4,0.4,5,-0.05,0,0,0,31,0,1,1,1.0
2025-04-14,2024-25,LaLiga,Ath Madrid,Valladolid,5,0,0,1.0,2.8,5,0.55,0,0,1,30,0,2,0,1.0
2025-04-14,2024-25,SerieA,Napoli,Empoli,3,4,0,0.428571,0.142857,7,-0.021429,0,0,0,31,0,5,2,1.0
2025-04-16,2024-25,EPL,Newcastle,Crystal Palace,3,2,4,0.333333,0.444444,9,-0.116667,0,0,1,31,0,4,0,1.0
2025-04-18,2024-25,Ligue1,Rennes,Nantes,6,2,1,0.666667,1.0,9,0.216667,1,0,0,29,0,1,1,1.0
2025-04-18,2024-25,LaLiga,Espanol,Getafe,3,2,0,0.6,0.4,5,0.15,1,0,1,30,0,3,0,1.0
2025-04-19,2024-25,LaLiga,Vallecano,Valencia,2,1,4,0.285714,0.142857,7,-0.164286,0,1,0,31,0,0,6,0.5
2025-04-19,2024-25,SerieA,Monza,Napoli,1,3,1,0.2,-1.2,5,-0.25,1,1,0,32,0,0,6,0.0
2025-04-19,2024-25,SerieA,Lecce,Como,0,1,0,0.0,-2.0,1,-0.45,1,1,0,32,0,0,3,0.0
2025-04-19,2024-25,Ligue1,Marseille,Montpellier,6,0,3,0.666667,1.555556,9,0.216667,0,1,1,29,0,0,0,1.0
2025-04-19,2024-25,Ligue1,Monaco,Strasbourg,6,2,1,0.666667,0.777778,9,0.216667,0,0,0,29,0,1,9,0.5
2025-04-19,2024-25,Ligue1,Paris SG,Le Havre,2,0,1,0.666667,1.666667,3,0.216667,0,0,1,28,0,15,0,1.0
2025-04-19,2024-25,LaLiga,Las Palmas,Ath Madrid,1,2,0,0.333333,-2.0,3,-0.116667,1,0,0,31,0,1,3,1.0
2025-04-19,2024-25,LaLiga,Barcelona,Celta,5,2,2,0.555556,0.666667,9,0.105556,0,0,1,31,0,12,0,1.0
2025-04-19,2024-25,LaLiga,Mallorca,Leganes,1,0,0,1.0,1.0,1,0.55,0,0,1,31,0,1,0,0.5
2025-04-19,2024-25,SerieA,Roma,Verona,4,3,2,0.444444,0.333333,9,-0.005556,1,0,0,32,0,15,4,1.0
2025-04-19,2024-25,EPL,Brentford,Brighton,1,3,3,0.142857,-0.285714,7,-0.307143,0,0,0,32,0,2,1,1.0
2025-04-19,2024-25,EPL,Aston Villa,Newcastle,3,5,1,0.333333,-0.777778,9,-0.116667,1,0,0,32,0,4,5,1.0
2025-04-19,2024-25,Bundesliga,Heidenheim,Bayern Munich,1,2,0,0.333333,-1.0,3,-0.116667,1,1,0,29,0,0,4,0.0
2025-04-19,2024-25,Bundesliga,Mainz,Wolfsburg,3,5,1,0.333333,-0.888889,9,-0.116667,1,1,1,29,0,0,0,0.5
2025-04-19,2024-25,Bundesliga,RB Leipzig,Holstein Kiel,1,0,0,1.0,2.0,1,0.55,0,0,1,29,0,2,0,0.5
2025-04-19,2024-25,Bundesliga,Werder Bremen,Bochum,4,0,1,0.8,1.8,5,0.35,0,0,1,29,0,3,0,1.0
2025-04-19,2024-25,Bundesliga,Freiburg,Hoffenheim,5,1,3,0.555556,0.555556,9,0.105556,0,0,0,29,0,1,1,1.0
2025-04-19,2024-25,EPL,Crystal Palace,Bournemouth,2,2,1,0.4,0.2,5,-0.05,0,1,0,32,0,0,2,0.5
2025-04-19,2024-25,EPL,Everton,Man City,0,7,2,0.0,-2.0,9,-0.45,0,0,0,32,0,2,4,0.0
2025-04-19,2024-25,EPL,West Ham,Southampton,3,1,3,0.428571,0.571429,7,-0.021429,0,1,1,32,0,0,0,0.5
2025-04-19,2024-25,Bundesliga,Union Berlin,Stuttgart,3,3,3,0.333333,-0.111111,9,-0.116667,1,0,1,29,0,5,0,0.5
2025-04-20,2024-25,EPL,Ipswich,Arsenal,0,1,0,0.0,-1.0,1,-0.45,1,0,0,32,0,1,6,0.0
2025-04-20,2024-25,EPL,Leicester,Liverpool,2,5,0,0.285714,-1.142857,7,-0.164286,1,0,0,32,0,1,1,0.0
2025-04-20,2024-25,LaLiga,Valladolid,Osasuna,1,2,2,0.2,-0.4,5,-0.25,1,1,0,31,0,0,3,0.0
2025-04-20,2024-25,LaLiga,Villarreal,Sociedad,3,4,2,0.333333,0.0,9,-0.116667,1,0,1,30,0,3,0,0.5
2025-04-20,2024-25,LaLiga,Sevilla,Alaves,2,3,2,0.285714,-0.142857,7,-0.164286,1,1,1,31,0,0,0,0.5
2025-04-20,2024-25,SerieA,Milan,Atalanta,4,3,2,0.444444,0.222222,9,-0.005556,1,0,0,32,0,2,1,0.0
2025-04-20,2024-25,SerieA,Bologna,Inter,2,5,2,0.222222,-1.333333,9,-0.227778,0,1,0,32,0,0,7,1.0
2025-04-20,2024-25,SerieA,Empoli,Venezia,0,1,2,0.0,-0.333333,3,-0.45,0,1,0,32,0,0,2,0.5
2025-04-20,2024-25,LaLiga,Real Madrid,Ath Bilbao,7,1,1,0.777778,1.111111,9,0.327778,1,0,0,31,0,1,5,1.0
2025-04-20,2024-25,EPL,Man United,Wolves,7,2,0,0.777778,0.555556,9,0.327778,1,1,0,32,0,0,5,0.0
2025-04-20,2024-25,EPL,Fulham,Chelsea,2,4,1,0.285714,-0.571429,7,-0.164286,0,1,0,32,0,0,3,0.0
2025-04-20,2024-25,Ligue1,Nice,Angers,5,1,1,0.714286,1.428571,7,0.264286,0,0,0,29,0,1,1,1.0
2025-04-20,2024-25,Bundesliga,St Pauli,Leverkusen,0,1,0,0.0,-1.0,1,-0.45,1,0,0,29,0,2,4,0.5
2025-04-20,2024-25,Bundesliga,Dortmund,M'gladbach,5,3,1,0.555556,1.111111,9,0.105556,0,0,1,29,0,3,0,1.0
2025-04-20,2024-25,Bundesliga,Augsburg,Ein Frankfurt,1,4,4,0.111111,-0.666667,9,-0.338889,0,0,0,29,0,1,1,0.5
2025-04-20,2024-25,Ligue1,Lille,Auxerre,1,0,2,0.333333,1.0,3,-0.116667,0,0,1,29,0,1,0,1.0
2025-04-20,2024-25,Ligue1,Brest,Lens,3,4,2,0.333333,0.111111,9,-0.116667,1,0,1,29,0,5,0,0.0
2025-04-20,2024-25,Ligue1,St Etienne,Lyon,0,4,1,0.0,-1.6,5,-0.45,1,0,0,29,0,1,2,1.0
2025-04-20,2024-25,Ligue1,Reims,Toulouse,1,3,1,0.2,0.0,5,-0.25,1,0,1,29,0,1,0,1.0
2025-04-21,2024-25,EPL,Tottenham,Nott'm Forest,4,1,0,0.8,1.4,5,0.35,1,1,1,32,0,0,0,0.0
2025-04-21,2024-25,LaLiga,Girona,Betis,1,2,2,0.2,-0.2,5,-0.25,0,1,1,31,0,0,0,0.0
2025-04-22,2024-25,Ligue1,Nantes,Paris SG,2,6,1,0.222222,-1.111111,9,-0.227778,0,1,0,29,0,0,15,0.5
2025-04-22,2024-25,EPL,Man City,Aston Villa,6,2,1,0.666667,0.888889,9,0.216667,1,0,0,33,0,5,5,1.0
2025-04-22,2024-25,LaLiga,Valencia,Espanol,0,1,4,0.0,-0.2,5,-0.45,0,0,0,32,0,7,4,0.5
2025-04-22,2024-25,LaLiga,Barcelona,Mallorca,6,0,1,0.857143,1.571429,7,0.407143,0,0,0,32,0,13,2,1.0
2025-04-23,2024-25,LaLiga,Alaves,Sociedad,1,3,3,0.142857,-0.714286,7,-0.307143,0,0,0,32,0,1,1,1.0
2025-04-23,2024-25,LaLiga,Celta,Villarreal,2,5,2,0.222222,-0.666667,9,-0.227778,1,1,0,32,0,0,4,1.0
2025-04-23,2024-25,LaLiga,Ath Bilbao,Las Palmas,3,0,0,1.0,1.333333,3,0.55,0,1,0,32,0,0,2,1.0
2025-04-23,2024-25,LaLiga,Getafe,Real Madrid,1,7,1,0.111111,-1.111111,9,-0.338889,1,1,0,32,0,0,2,0.0
2025-04-23,2024-25,SerieA,Cagliari,Fiorentina,0,5,2,0.0,-1.285714,7,-0.45,1,1,0,32,0,0,4,0.0
2025-04-23,2024-25,SerieA,Torino,Udinese,5,2,2,0.555556,0.333333,9,0.105556,0,1,1,32,0,0,0,1.0
2025-04-23,2024-25,SerieA,Parma,Juventus,0,2,1,0.0,-2.0,3,-0.45,0,0,0,32,0,5,3,1.0
2025-04-23,2024-25,SerieA,Genoa,Lazio,1,5,1,0.142857,-1.285714,7,-0.307143,1,0,0,32,0,2,3,0.0
2025-04-23,2024-25,EPL,Arsenal,Crystal Palace,6,1,2,0.666667,1.555556,9,0.216667,0,0,0,33,0,7,1,0.5
2025-04-24,2024-25,LaLiga,Betis,Valladolid,2,1,2,0.4,0.4,5,-0.05,1,0,1,32,0,1,0,1.0
2025-04-24,2024-25,LaLiga,Leganes,Girona,0,1,0,0.0,-1.0,1,-0.45,1,0,1,32,0,1,0,0.5
2025-04-24,2024-25,LaLiga,Ath Madrid,Vallecano,5,0,2,0.714286,1.714286,7,0.264286,0,1,0,32,0,0,1,1.0
2025-04-24,2024-25,LaLiga,Osasuna,Sevilla,2,3,4,0.222222,-0.333333,9,-0.227778,0,0,0,32,0,4,1,1.0
2025-04-25,2024-25,Ligue1,Paris SG,Nice,5,2,2,0.555556,0.666667,9,0.105556,0,0,0,30,0,15,2,0.0
2025-04-25,2024-25,Bundesliga,Stuttgart,Heidenheim,1,1,1,0.333333,0.0,3,-0.116667,0,0,1,30,0,1,0,0.0
2025-04-26,2024-25,Bundesliga,Bayern Munich,Mainz,5,4,0,0.555556,1.222222,9,0.105556,1,0,0,30,0,5,1,1.0
2025-04-26,2024-25,EPL,Chelsea,Everton,3,3,3,0.333333,0.555556,9,-0.116667,0,0,1,33,0,4,0,1.0
2025-04-26,2024-25,EPL,Brighton,West Ham,3,1,5,0.333333,0.666667,9,-0.116667,0,1,0,33,0,0,1,1.0
2025-04-26,2024-25,EPL,Newcastle,Ipswich,1,0,0,1.0,4.0,1,0.55,0,1,1,33,0,0,0,1.0
2025-04-26,2024-25,EPL,Southampton,Fulham,1,2,2,0.2,-0.2,5,-0.25,0,0,1,33,0,1,0,0.0
2025-04-26,2024-25,EPL,Wolves,Leicester,2,4,1,0.285714,-0.428571,7,-0.164286,0,0,1,33,0,6,0,1.0
2025-04-26,2024-25,Bundesliga,Hoffenheim,Dortmund,1,6,2,0.111111,-0.666667,9,-0.338889,0,1,0,30,0,0,4,0.0
2025-04-26,2024-25,Bundesliga,Ein Frankfurt,RB Leipzig,2,2,5,0.222222,0.333333,9,-0.227778,1,0,0,30,0,2,3,1.0
2025-04-26,2024-25,Bundesliga,Wolfsburg,Freiburg,3,5,1,0.333333,0.333333,9,-0.116667,1,0,0,30,0,1,2,0.0
2025-04-26,2024-25,Bundesliga,Leverkusen,Augsburg,6,2,1,0.666667,1.222222,9,0.216667,0,0,0,30,0,5,2,1.0
2025-04-26,2024-25,Bundesliga,Holstein Kiel,M'gladbach,0,1,0,0.0,-3.0,1,-0.45,1,0,1,30,0,1,0,1.0
2025-04-26,2024-25,Ligue1,Lyon,Rennes,3,5,1,0.333333,-0.666667,9,-0.116667,1,1,0,30,0,0,2,1.0
2025-04-26,2024-25,Ligue1,Le Havre,Monaco,0,1,2,0.0,-0.666667,3,-0.45,1,1,0,30,0,0,2,0.5
2025-04-26,2024-25,Ligue1,Strasbourg,St Etienne,2,2,1,0.4,0.2,5,-0.05,1,0,0,30,0,10,2,1.0
2025-04-27,2024-25,Bundesliga,Werder Bremen,St Pauli,1,0,0,1.0,2.0,1,0.55,0,0,0,30,0,4,3,0.5
2025-04-27,2024-25,LaLiga,Villarreal,Espanol,4,0,1,0.8,1.6,5,0.35,0,1,0,32,0,0,5,1.0
2025-04-27,2024-25,Bundesliga,Bochum,Union Berlin,4,2,1,0.571429,0.714286,7,0.121429,0,1,0,30,0,0,6,0.5
2025-04-27,2024-25,EPL,Bournemouth,Man United,2,2,1,0.4,0.4,5,-0.05,0,0,1,33,0,3,0,0.5
2025-04-27,2024-25,EPL,Liverpool,Tottenham,6,1,2,0.666667,1.0,9,0.216667,0,0,1,33,0,2,0,1.0
2025-04-27,2024-25,Ligue1,Nantes,Toulouse,2,1,2,0.4,0.4,5,-0.05,0,0,1,30,0,1,0,0.5
2025-04-27,2024-25,SerieA,Napoli,Torino,6,1,2,0.666667,0.888889,9,0.216667,0,0,0,33,0,7,1,1.0
2025-04-27,2024-25,SerieA,Atalanta,Lecce,3,2,0,0.6,1.0,5,0.15,0,0,1,33,0,2,0,0.5
2025-04-27,2024-25,SerieA,Juventus,Monza,3,2,0,0.6,0.2,5,0.15,0,1,1,33,0,0,0,1.0
2025-04-27,2024-25,Ligue1,Marseille,Brest,5,3,1,0.555556,1.0,9,0.105556,0,0,1,30,0,1,0,1.0
2025-04-27,2024-25,SerieA,Inter,Roma,7,1,1,0.777778,1.333333,9,0.327778,0,1,0,33,0,0,15,0.0
2025-04-27,2024-25,SerieA,Fiorentina,Empoli,1,2,4,0.142857,-0.285714,7,-0.307143,0,0,0,33,0,5,1,1.0
2025-04-27,2024-25,SerieA,Venezia,Milan,0,3,0,0.0,-3.0,3,-0.45,1,0,1,33,0,3,0,0.0
2025-04-27,2024-25,Ligue1,Angers,Lille,2,3,2,0.285714,-0.285714,7,-0.164286,1,1,0,30,0,0,2,0.0
2025-04-27,2024-25,Ligue1,Lens,Auxerre,2,0,1,0.666667,1.0,3,0.216667,0,0,1,30,0,1,0,0.0
2025-04-27,2024-25,Ligue1,Montpellier,Reims,2,3,4,0.222222,-0.555556,9,-0.227778,1,1,0,30,0,0,2,0.5
2025-04-27,2024-25,SerieA,Como,Genoa,0,0,1,0.0,0.0,1,-0.45,0,0,1,33,0,4,0,1.0
2025-04-28,2024-25,SerieA,Lazio,Parma,2,1,0,0.666667,0.333333,3,0.216667,1,0,0,33,0,4,6,0.5
2025-04-28,2024-25,SerieA,Verona,Cagliari,3,1,3,0.428571,0.571429,7,-0.021429,1,1,1,33,0,0,0,0.0
2025-04-28,2024-25,SerieA,Udinese,Bologna,1,2,6,0.111111,-0.111111,9,-0.338889,0,1,0,33,0,0,1,0.5
2025-05-01,2024-25,EPL,Nott'm Forest,Brentford,1,2,2,0.2,0.0,5,-0.25,0,0,0,33,0,1,3,0.0
2025-05-02,2024-25,Bundesliga,Heidenheim,Bochum,0,1,2,0.0,-0.666667,3,-0.45,1,0,0,31,0,1,1,0.5
2025-05-02,2024-25,EPL,Man City,Wolves,8,1,0,0.888889,2.222222,9,0.438889,0,0,0,34,0,6,7,1.0
2025-05-02,2024-25,SerieA,Torino,Venezia,1,1,1,0.333333,0.0,3,-0.116667,0,1,1,34,0,0,0,0.5
2025-05-02,2024-25,LaLiga,Vallecano,Getafe,2,0,5,0.285714,0.714286,7,-0.164286,0,1,1,33,0,0,0,1.0
2025-05-02,2024-25,Ligue1,Nice,Reims,3,0,6,0.333333,0.444444,9,-0.116667,0,0,0,31,0,3,3,1.0
2025-05-03,2024-25,EPL,Arsenal,Bournemouth,4,1,0,0.8,1.8,5,0.35,1,0,0,34,0,8,4,0.0
2025-05-03,2024-25,LaLiga,Villarreal,Osasuna,4,3,2,0.444444,0.666667,9,-0.005556,0,0,0,33,0,1,5,1.0
2025-05-03,2024-25,LaLiga,Las Palmas,Valencia,2,1,0,0.666667,0.666667,3,0.216667,0,1,0,33,0,0,8,0.0
2025-05-03,2024-25,LaLiga,Valladolid,Barcelona,1,4,0,0.2,-2.6,5,-0.25,1,1,0,33,0,0,14,0.0
2025-05-03,2024-25,Ligue1,Strasbourg,Paris SG,0,7,2,0.0,-1.777778,9,-0.45,1,0,1,31,0,11,0,1.0
2025-05-03,2024-25,Ligue1,St Etienne,Monaco,0,4,1,0.0,-2.0,5,-0.45,1,1,0,31,0,0,3,0.0
2025-05-03,2024-25,SerieA,Inter,Verona,8,0,1,0.888889,2.111111,9,0.438889,0,1,1,34,0,0,0,1.0
2025-05-03,2024-25,SerieA,Parma,Como,0,0,1,0.0,0.0,1,-0.45,0,0,0,34,0,7,5,0.0
2025-05-03,2024-25,Ligue1,Toulouse,Rennes,3,1,1,0.6,0.8,5,0.15,0,0,1,31,0,1,0,1.0
2025-05-03,2024-25,SerieA,Lecce,Napoli,0,3,2,0.0,-1.2,5,-0.45,1,0,0,34,0,1,8,0.0
2025-05-03,2024-25,Bundesliga,RB Leipzig,Bayern Munich,1,5,3,0.111111,-0.888889,9,-0.338889,1,1,0,31,0,0,6,0.5
2025-05-03,2024-25,Bundesliga,St Pauli,Stuttgart,1,0,0,1.0,1.0,1,0.55,0,0,1,31,0,4,0,0.0
2025-05-03,2024-25,Bundesliga,Union Berlin,Werder Bremen,5,2,0,0.714286,0.285714,7,0.264286,1,0,0,31,0,7,5,0.5
2025-05-03,2024-25,Bundesliga,Dortmund,Wolfsburg,7,1,1,0.777778,2.0,9,0.327778,0,0,1,31,0,5,0,1.0
2025-05-03,2024-25,EPL,Aston Villa,Fulham,6,1,0,0.857143,1.142857,7,0.407143,0,1,0,34,0,0,1,1.0
2025-05-03,2024-25,LaLiga,Alaves,Ath Madrid,2,5,0,0.285714,-0.571429,7,-0.164286,1,0,0,33,0,2,1,0.5
2025-05-03,2024-25,EPL,Everton,Ipswich,1,0,0,1.0,2.0,1,0.55,0,1,1,34,0,0,0,0.5
2025-05-03,2024-25,EPL,Leicester,Southampton,3,2,2,0.428571,0.571429,7,-0.021429,0,1,1,34,0,0,0,1.0
2025-05-03,2024-25,Bundesliga,M'gladbach,Hoffenheim,5,3,1,0.555556,0.888889,9,0.105556,0,1,1,31,0,0,0,0.5
2025-05-03,2024-25,SerieA,Cagliari,Udinese,1,3,3,0.142857,-1.285714,7,-0.307143,1,0,0,34,0,1,1,0.0
2025-05-04,2024-25,Ligue1,Brest,Montpellier,3,4,2,0.333333,-1.222222,9,-0.116667,1,1,0,31,0,0,1,1.0
2025-05-04,2024-25,SerieA,Empoli,Lazio,0,5,2,0.0,-1.285714,7,-0.45,1,1,0,34,0,0,5,0.0
2025-05-04,2024-25,SerieA,Monza,Atalanta,0,5,0,0.0,-2.2,5,-0.45,1,1,0,34,0,0,3,0.0
2025-05-04,2024-25,SerieA,Roma,Fiorentina,4,3,2,0.444444,0.0,9,-0.005556,1,0,0,34,0,15,6,1.0
2025-05-04,2024-25,SerieA,Bologna,Juventus,0,4,5,0.0,-1.111111,9,-0.45,0,0,0,34,0,2,1,0.5
2025-05-04,2024-25,Ligue1,Nantes,Angers,3,0,4,0.428571,0.857143,7,-0.021429,0,0,1,31,0,2,0,0.0
2025-05-04,2024-25,Ligue1,Auxerre,Le Havre,0,1,0,0.0,-2.0,1,-0.45,1,0,0,31,0,1,1,0.0
2025-05-04,2024-25,LaLiga,Real Madrid,Celta,9,0,0,1.0,2.111111,9,0.55,0,0,0,33,0,3,1,1.0
2025-05-04,2024-25,LaLiga,Sevilla,Leganes,0,1,0,0.0,-1.0,1,-0.45,1,1,0,33,0,0,2,0.5
2025-05-04,2024-25,LaLiga,Espanol,Betis,1,3,1,0.2,-1.0,5,-0.25,1,1,0,33,0,0,2,0.0
2025-05-04,2024-25,EPL,Brentford,Man United,1,5,1,0.142857,-0.571429,7,-0.307143,1,0,0,34,0,4,1,1.0
2025-05-04,2024-25,EPL,Brighton,Newcastle,4,2,3,0.444444,0.555556,9,-0.005556,0,0,0,34,0,1,1,0.5
2025-05-04,2024-25,EPL,West Ham,Tottenham,3,3,3,0.333333,-0.444444,9,-0.116667,1,1,1,34,0,0,0,0.5
2025-05-04,2024-25,Bundesliga,Mainz,Ein Frankfurt,1,4,4,0.111111,-0.555556,9,-0.338889,0,1,0,31,0,0,3,0.5
2025-05-04,2024-25,LaLiga,Sociedad,Ath Bilbao,3,4,2,0.333333,-0.222222,9,-0.116667,1,1,0,33,0,0,1,0.5
2025-05-04,2024-25,Bundesliga,Freiburg,Leverkusen,3,5,1,0.333333,-0.666667,9,-0.116667,1,0,0,31,0,3,6,0.5
2025-05-04,2024-25,EPL,Chelsea,Liverpool,1,3,5,0.111111,-0.555556,9,-0.338889,1,0,0,34,0,5,3,1.0
2025-05-04,2024-25,Ligue1,Lille,Marseille,4,1,4,0.444444,0.666667,9,-0.005556,0,0,0,31,0,3,2,0.5
2025-05-04,2024-25,Ligue1,Lyon,Lens,3,3,3,0.333333,-0.222222,9,-0.116667,0,0,1,31,0,1,0,0.0
2025-05-04,2024-25,Bundesliga,Augsburg,Holstein Kiel,0,1,0,0.0,-4.0,1,-0.45,1,1,0,31,0,0,2,0.0
2025-05-05,2024-25,SerieA,Genoa,Milan,0,4,3,0.0,-1.0,7,-0.45,0,1,0,34,0,0,1,0.0
2025-05-05,2024-25,LaLiga,Girona,Mallorca,2,2,1,0.4,0.2,5,-0.05,1,0,1,33,0,1,0,1.0
2025-05-05,2024-25,EPL,Crystal Palace,Nott'm Forest,0,2,3,0.0,-0.4,5,-0.45,1,0,1,34,0,2,0,0.5
2025-05-09,2024-25,LaLiga,Las Palmas,Vallecano,2,1,0,0.666667,1.0,3,0.216667,0,1,0,34,0,0,1,0.0
2025-05-09,2024-25,Bundesliga,Wolfsburg,Hoffenheim,4,4,1,0.444444,-0.222222,9,-0.005556,0,1,0,32,0,0,1,0.5
2025-05-09,2024-25,SerieA,Milan,Bologna,5,1,3,0.555556,0.888889,9,0.105556,1,0,0,35,0,2,3,1.0
2025-05-10,2024-25,Ligue1,Angers,Strasbourg,1,4,2,0.142857,-0.428571,7,-0.307143,0,0,0,32,0,1,12,1.0
2025-05-10,2024-25,EPL,Fulham,Everton,3,1,3,0.428571,0.571429,7,-0.021429,0,1,0,35,0,0,1,0.0
2025-05-10,2024-25,EPL,Wolves,Brighton,2,4,3,0.222222,-1.222222,9,-0.227778,0,1,0,35,0,0,2,0.0
2025-05-10,2024-25,Ligue1,Le Havre,Marseille,0,3,0,0.0,-2.666667,3,-0.45,1,0,0,32,0,2,3,0.0
2025-05-10,2024-25,EPL,Ipswich,Brentford,0,1,0,0.0,-1.0,1,-0.45,1,0,0,35,0,1,5,0.0
2025-05-10,2024-25,EPL,Southampton,Man City,0,5,2,0.0,-1.714286,7,-0.45,1,1,0,35,0,0,7,0.5
2025-05-10,2024-25,EPL,Bournemouth,Aston Villa,1,2,2,0.2,-0.6,5,-0.25,0,0,0,35,0,5,1,0.0
2025-05-10,2024-25,Ligue1,Brest,Lille,2,3,4,0.222222,-0.111111,9,-0.227778,1,0,0,32,0,1,4,1.0
2025-05-10,2024-25,Ligue1,Toulouse,Lens,1,4,0,0.2,-1.2,5,-0.25,0,0,0,32,0,2,1,0.5
2025-05-10,2024-25,Bundesliga,Bayern Munich,M'gladbach,4,3,2,0.444444,0.777778,9,-0.005556,0,0,0,32,0,7,1,1.0
2025-05-10,2024-25,Ligue1,Reims,St Etienne,3,1,1,0.6,0.6,5,0.15,1,1,1,32,0,0,0,0.0
2025-05-10,2024-25,SerieA,Empoli,Parma,0,0,1,0.0,0.0,1,-0.45,0,1,1,35,0,0,0,1.0
2025-05-10,2024-25,SerieA,Lazio,Juventus,2,5,2,0.222222,-0.888889,9,-0.227778,1,0,0,35,0,6,2,0.5
2025-05-10,2024-25,SerieA,Como,Cagliari,0,0,1,0.0,0.0,1,-0.45,0,0,1,35,0,6,0,1.0
2025-05-10,2024-25,LaLiga,Valencia,Getafe,3,3,3,0.333333,0.111111,9,-0.116667,0,0,1,34,0,9,0,1.0
2025-05-10,2024-25,LaLiga,Celta,Sevilla,1,4,4,0.111111,-0.444444,9,-0.338889,1,1,0,34,0,0,1,1.0
2025-05-10,2024-25,LaLiga,Girona,Villarreal,1,3,1,0.2,-0.4,5,-0.25,0,0,0,34,0,2,2,0.0
2025-05-10,2024-25,LaLiga,Mallorca,Valladolid,2,0,1,0.666667,0.666667,3,0.216667,0,1,1,34,0,0,0,1.0
2025-05-10,2024-25,Ligue1,Rennes,Nice,3,5,1,0.333333,-0.222222,9,-0.116667,1,1,0,32,0,0,4,1.0
2025-05-10,2024-25,LaLiga,Ath Madrid,Sociedad,6,0,3,0.666667,0.888889,9,0.216667,0,0,0,34,0,2,1,1.0
2025-05-10,2024-25,Bundesliga,Holstein Kiel,Freiburg,0,1,0,0.0,-1.0,1,-0.45,1,0,0,32,0,3,4,0.0
2025-05-10,2024-25,Bundesliga,Union Berlin,Heidenheim,0,2,1,0.0,-1.0,3,-0.45,1,0,0,32,0,8,2,0.0
2025-05-10,2024-25,Bundesliga,Werder Bremen,RB Leipzig,0,5,2,0.0,-1.285714,7,-0.45,1,0,0,32,0,6,1,0.5
2025-05-10,2024-25,Ligue1,Monaco,Lyon,3,6,0,0.333333,-0.555556,9,-0.116667,0,0,1,32,0,4,0,1.0
2025-05-10,2024-25,Ligue1,Montpellier,Paris SG,0,9,0,0.0,-3.333333,9,-0.45,1,1,1,32,0,0,0,0.0
2025-05-10,2024-25,Bundesliga,Bochum,Mainz,1,5,1,0.142857,-1.0,7,-0.307143,1,0,0,32,0,2,1,0.0
2025-05-10,2024-25,Ligue1,Auxerre,Nantes,1,2,0,0.333333,-0.666667,3,-0.116667,1,1,1,32,0,0,0,0.5
2025-05-11,2024-25,Bundesliga,Leverkusen,Dortmund,3,4,2,0.333333,-0.111111,9,-0.116667,0,0,0,32,0,7,6,0.0
2025-05-11,2024-25,Bundesliga,Ein Frankfurt,St Pauli,1,0,0,1.0,1.0,1,0.55,0,0,1,32,0,4,0,0.5
2025-05-11,2024-25,Bundesliga,Stuttgart,Augsburg,7,1,1,0.777778,0.888889,9,0.327778,0,0,1,32,0,1,0,1.0
2025-05-11,2024-25,EPL,Tottenham,Crystal Palace,6,2,1,0.666667,1.111111,9,0.216667,1,0,0,35,0,1,3,0.0
2025-05-11,2024-25,LaLiga,Leganes,Espanol,0,0,1,0.0,0.0,1,-0.45,0,0,1,34,0,3,0,1.0
2025-05-11,2024-25,SerieA,Napoli,Genoa,4,1,2,0.571429,1.428571,7,0.121429,0,0,1,35,0,9,0,0.5
2025-05-11,2024-25,SerieA,Torino,Inter,0,8,1,0.0,-1.333333,9,-0.45,1,0,0,35,0,1,1,0.0
2025-05-11,2024-25,LaLiga,Ath Bilbao,Alaves,3,1,3,0.428571,0.571429,7,-0.021429,0,0,0,34,0,2,3,1.0
2025-05-11,2024-25,LaLiga,Barcelona,Real Madrid,3,6,0,0.333333,0.111111,9,-0.116667,0,0,0,34,0,15,4,1.0
2025-05-11,2024-25,EPL,Nott'm Forest,Leicester,2,1,0,0.666667,0.0,3,0.216667,0,0,0,35,0,1,1,0.5
2025-05-11,2024-25,LaLiga,Betis,Osasuna,8,1,0,0.888889,1.333333,9,0.438889,0,0,1,34,0,3,0,0.5
2025-05-11,2024-25,SerieA,Udinese,Monza,2,0,3,0.4,0.4,5,-0.05,0,0,1,35,0,2,0,0.0
2025-05-11,2024-25,EPL,Newcastle,Chelsea,2,6,1,0.222222,-0.666667,9,-0.227778,1,0,0,35,0,2,6,1.0
2025-05-11,2024-25,EPL,Man United,West Ham,6,3,0,0.666667,0.555556,9,0.216667,1,1,0,35,0,0,1,0.0
2025-05-11,2024-25,EPL,Liverpool,Arsenal,4,2,3,0.444444,0.888889,9,-0.005556,0,1,1,35,0,0,0,0.5
2025-05-11,2024-25,SerieA,Verona,Lecce,3,1,1,0.6,0.6,5,0.15,1,1,1,35,0,0,0,0.5
2025-05-12,2024-25,SerieA,Venezia,Fiorentina,1,1,1,0.333333,0.0,3,-0.116667,0,0,1,35,0,1,0,1.0
2025-05-12,2024-25,SerieA,Atalanta,Roma,5,2,2,0.555556,0.555556,9,0.105556,0,0,0,35,0,4,15,1.0
2025-05-13,2024-25,LaLiga,Valladolid,Girona,1,2,0,0.333333,-1.0,3,-0.116667,1,1,1,35,0,0,0,0.0
2025-05-13,2024-25,LaLiga,Sociedad,Celta,6,1,2,0.666667,0.777778,9,0.216667,1,1,0,35,0,0,1,0.0
2025-05-13,2024-25,LaLiga,Sevilla,Las Palmas,2,0,1,0.666667,1.0,3,0.216667,0,1,1,35,0,0,0,1.0
2025-05-14,2024-25,LaLiga,Alaves,Valencia,3,1,3,0.428571,0.0,7,-0.021429,0,1,0,35,0,0,10,1.0
2025-05-14,2024-25,LaLiga,Villarreal,Leganes,1,0,0,1.0,3.0,1,0.55,0,0,0,35,0,3,4,1.0
2025-05-14,2024-25,LaLiga,Real Madrid,Mallorca,5,1,1,0.714286,1.714286,7,0.264286,0,1,0,35,0,0,1,1.0
2025-05-15,2024-25,LaLiga,Vallecano,Betis,1,4,2,0.142857,-0.428571,7,-0.307143,0,0,0,35,0,2,4,0.5
2025-05-15,2024-25,LaLiga,Espanol,Barcelona,0,3,2,0.0,-1.0,5,-0.45,1,1,0,35,0,0,15,0.0
2025-05-15,2024-25,LaLiga,Osasuna,Ath Madrid,1,8,0,0.111111,-1.222222,9,-0.338889,1,0,0,35,0,1,3,1.0
2025-05-15,2024-25,LaLiga,Getafe,Ath Bilbao,0,2,7,0.0,-0.666667,9,-0.45,0,1,0,35,0,0,3,0.0
2025-05-16,2024-25,EPL,Chelsea,Man United,1,2,6,0.111111,-0.333333,9,-0.338889,0,1,1,36,0,0,0,1.0
2025-05-16,2024-25,EPL,Aston Villa,Tottenham,4,5,0,0.444444,-1.0,9,-0.005556,1,0,1,36,0,2,0,1.0
2025-05-17,2024-25,Ligue1,Paris SG,Auxerre,2,0,1,0.666667,2.0,3,0.216667,0,0,0,33,0,1,1,1.0
2025-05-17,2024-25,Ligue1,Lens,Monaco,4,2,3,0.444444,0.777778,9,-0.005556,0,0,0,33,0,2,5,1.0
2025-05-17,2024-25,Ligue1,Lille,Reims,5,3,1,0.555556,0.333333,9,0.105556,0,1,1,33,0,0,0,1.0
2025-05-17,2024-25,Ligue1,Lyon,Angers,6,1,0,0.857143,1.714286,7,0.407143,0,1,0,33,0,0,2,1.0
2025-05-17,2024-25,Ligue1,Marseille,Rennes,5,3,1,0.555556,0.222222,9,0.105556,0,0,0,33,0,4,1,1.0
2025-05-17,2024-25,Ligue1,Nantes,Montpellier,4,3,2,0.444444,0.333333,9,-0.005556,0,0,1,33,0,1,0,1.0
2025-05-17,2024-25,Ligue1,Nice,Brest,5,2,2,0.555556,0.444444,9,0.105556,0,1,0,33,0,0,2,1.0
2025-05-17,2024-25,Ligue1,Strasbourg,Le Havre,2,1,0,0.666667,0.666667,3,0.216667,0,1,1,33,0,0,0,0.0
2025-05-17,2024-25,SerieA,Genoa,Atalanta,0,4,3,0.0,-1.428571,7,-0.45,1,0,0,36,0,1,5,0.0
2025-05-17,2024-25,Ligue1,St Etienne,Toulouse,0,1,0,0.0,-1.0,1,-0.45,1,0,0,33,0,1,3,0.0
2025-05-17,2024-25,Bundesliga,Augsburg,Union Berlin,6,0,3,0.666667,1.111111,9,0.216667,0,1,1,33,0,0,0,0.0
2025-05-17,2024-25,Bundesliga,Dortmund,Holstein Kiel,0,1,0,0.0,-2.0,1,-0.45,1,0,1,33,0,7,0,1.0
2025-05-17,2024-25,Bundesliga,Freiburg,Ein Frankfurt,1,4,4,0.111111,-0.777778,9,-0.338889,1,0,0,33,0,5,5,0.0
2025-05-17,2024-25,Bundesliga,Heidenheim,Werder Bremen,2,0,1,0.666667,1.0,3,0.216667,0,0,0,33,0,3,7,0.0
2025-05-17,2024-25,Bundesliga,Hoffenheim,Bayern Munich,2,5,2,0.222222,-1.333333,9,-0.227778,1,0,0,33,0,2,8,0.0
2025-05-17,2024-25,Bundesliga,Mainz,Leverkusen,2,6,1,0.222222,-0.888889,9,-0.227778,1,0,1,33,0,2,0,0.5
2025-05-17,2024-25,Bundesliga,M'gladbach,Wolfsburg,4,1,4,0.444444,0.666667,9,-0.005556,1,1,0,33,0,0,1,0.0
2025-05-17,2024-25,Bundesliga,St Pauli,Bochum,0,1,0,0.0,-1.0,1,-0.45,1,0,1,33,0,1,0,0.0
2025-05-17,2024-25,Bundesliga,RB Leipzig,Stuttgart,6,2,1,0.666667,1.111111,9,0.216667,1,0,0,33,0,2,2,0.0
2025-05-18,2024-25,LaLiga,Celta,Vallecano,2,1,4,0.285714,0.571429,7,-0.164286,1,0,0,36,0,2,3,0.0
2025-05-18,2024-25,EPL,Leicester,Ipswich,0,0,1,0.0,0.0,1,-0.45,0,0,1,36,0,2,0,1.0
2025-05-18,2024-25,EPL,Arsenal,Newcastle,5,3,1,0.555556,0.888889,9,0.105556,1,0,0,36,0,1,3,1.0
2025-05-18,2024-25,LaLiga,Barcelona,Villarreal,7,2,0,0.777778,1.333333,9,0.327778,0,0,0,36,0,15,4,0.0
2025-05-18,2024-25,LaLiga,Osasuna,Espanol,1,0,4,0.2,0.2,5,-0.25,0,0,1,36,0,2,0,1.0
2025-05-18,2024-25,LaLiga,Mallorca,Getafe,3,2,2,0.428571,0.142857,7,-0.021429,0,1,1,36,0,0,0,0.0
2025-05-18,2024-25,LaLiga,Valladolid,Alaves,1,2,0,0.333333,-0.666667,3,-0.116667,0,1,0,36,0,0,1,0.0
2025-05-18,2024-25,LaLiga,Valencia,Ath Bilbao,1,3,5,0.111111,-0.222222,9,-0.338889,1,1,0,36,0,0,4,0.0
2025-05-18,2024-25,LaLiga,Las Palmas,Leganes,0,1,0,0.0,-1.0,1,-0.45,1,1,1,36,0,0,0,0.0
2025-05-18,2024-25,EPL,Brentford,Fulham,2,2,1,0.4,0.4,5,-0.05,1,0,1,36,0,6,0,0.0
2025-05-18,2024-25,SerieA,Cagliari,Venezia,0,1,2,0.0,-0.333333,3,-0.45,1,1,0,36,0,0,2,1.0
2025-05-18,2024-25,EPL,Everton,Southampton,3,4,0,0.428571,-0.285714,7,-0.021429,1,0,0,36,0,2,1,1.0
2025-05-18,2024-25,LaLiga,Sociedad,Girona,2,0,3,0.4,0.6,5,-0.05,0,1,0,36,0,0,1,1.0
2025-05-18,2024-25,SerieA,Fiorentina,Bologna,3,4,2,0.333333,-0.222222,9,-0.116667,1,1,1,36,0,0,0,1.0
2025-05-18,2024-25,SerieA,Inter,Lazio,5,2,2,0.555556,1.0,9,0.105556,0,0,0,36,0,2,7,0.5
2025-05-18,2024-25,SerieA,Juventus,Udinese,7,1,1,0.777778,1.333333,9,0.327778,0,0,1,36,0,3,0,1.0
2025-05-18,2024-25,SerieA,Lecce,Torino,0,4,1,0.0,-1.2,5,-0.45,0,0,1,36,0,1,0,1.0
2025-05-18,2024-25,SerieA,Monza,Empoli,2,2,1,0.4,-0.2,5,-0.05,0,0,0,36,0,1,1,0.0
2025-05-18,2024-25,SerieA,Parma,Napoli,0,3,0,0.0,-1.666667,3,-0.45,1,1,0,36,0,0,10,0.5
2025-05-18,2024-25,SerieA,Roma,Milan,0,5,4,0.0,-0.777778,9,-0.45,0,1,0,36,0,0,3,1.0
2025-05-18,2024-25,SerieA,Verona,Como,0,1,0,0.0,-1.0,1,-0.45,1,0,0,36,0,1,7,0.5
2025-05-18,2024-25,LaLiga,Ath Madrid,Betis,6,1,2,0.666667,1.0,9,0.216667,1,1,0,36,0,0,5,1.0
2025-05-18,2024-25,EPL,West Ham,Nott'm Forest,2,3,0,0.4,-0.2,5,-0.05,1,0,0,36,0,2,2,0.0
2025-05-18,2024-25,LaLiga,Sevilla,Real Madrid,0,7,2,0.0,-1.0,9,-0.45,1,0,0,36,0,1,1,0.0
2025-05-19,2024-25,EPL,Brighton,Liverpool,2,3,4,0.222222,0.0,9,-0.227778,1,0,0,36,0,3,1,1.0
2025-05-20,2024-25,EPL,Man City,Bournemouth,4,1,0,0.8,2.4,5,0.35,1,0,1,36,0,8,0,1.0
2025-05-20,2024-25,EPL,Crystal Palace,Wolves,6,2,1,0.666667,0.555556,9,0.216667,0,0,1,36,0,4,0,1.0
2025-05-23,2024-25,SerieA,Como,Inter,0,1,0,0.0,-2.0,1,-0.45,1,0,0,37,0,8,3,0.0
2025-05-23,2024-25,SerieA,Napoli,Cagliari,4,0,3,0.571429,1.428571,7,0.121429,0,0,0,37,0,11,1,1.0
2025-05-23,2024-25,LaLiga,Betis,Valencia,5,2,2,0.555556,0.777778,9,0.105556,1,1,1,37,0,0,0,0.5
2025-05-24,2024-25,LaLiga,Real Madrid,Sociedad,5,1,3,0.555556,0.777778,9,0.105556,0,0,0,37,0,2,1,1.0
2025-05-24,2024-25,LaLiga,Espanol,Las Palmas,0,1,0,0.0,-1.0,1,-0.45,1,1,1,37,0,0,0,1.0
2025-05-24,2024-25,LaLiga,Leganes,Valladolid,0,0,1,0.0,0.0,1,-0.45,0,0,1,37,0,1,0,1.0
2025-05-24,2024-25,SerieA,Bologna,Genoa,1,3,3,0.142857,-0.714286,7,-0.307143,0,1,1,37,0,0,0,0.0
2025-05-24,2024-25,SerieA,Milan,Monza,4,1,0,0.8,1.2,5,0.35,0,1,1,37,0,0,0,1.0
2025-05-24,2024-25,LaLiga,Alaves,Osasuna,0,5,2,0.0,-1.0,7,-0.45,0,0,0,37,0,2,3,0.5
2025-05-24,2024-25,LaLiga,Getafe,Celta,3,3,3,0.333333,-0.111111,9,-0.116667,1,0,1,37,0,1,0,0.0
2025-05-24,2024-25,LaLiga,Vallecano,Mallorca,1,5,1,0.142857,-0.857143,7,-0.307143,1,0,1,37,0,4,0,0.5
2025-05-25,2024-25,LaLiga,Girona,Ath Madrid,1,4,0,0.2,-1.2,5,-0.25,1,1,0,37,0,0,1,0.0
2025-05-25,2024-25,SerieA,Udinese,Fiorentina,4,4,1,0.444444,0.111111,9,-0.005556,0,1,0,37,0,0,1,0.0
2025-05-25,2024-25,EPL,Newcastle,Everton,5,2,2,0.555556,0.555556,9,0.105556,0,1,0,37,0,0,3,0.0
2025-05-25,2024-25,EPL,Tottenham,Brighton,5,4,0,0.555556,0.111111,9,0.105556,1,1,0,37,0,0,4,0.0
2025-05-25,2024-25,EPL,Southampton,Arsenal,1,3,3,0.142857,-0.857143,7,-0.307143,1,1,0,37,0,0,2,0.0
2025-05-25,2024-25,EPL,Nott'm Forest,Chelsea,1,1,3,0.2,0.0,5,-0.25,0,0,0,37,0,3,1,0.0
2025-05-25,2024-25,SerieA,Venezia,Juventus,0,1,2,0.0,-0.333333,3,-0.45,0,1,0,37,0,0,4,0.0
2025-05-25,2024-25,EPL,Man United,Aston Villa,5,2,2,0.555556,0.333333,9,0.105556,0,1,0,37,0,0,3,1.0
2025-05-25,2024-25,EPL,Liverpool,Crystal Palace,6,1,2,0.666667,1.666667,9,0.216667,0,1,0,37,0,0,5,0.5
2025-05-25,2024-25,EPL,Ipswich,West Ham,0,1,0,0.0,-3.0,1,-0.45,1,1,1,37,0,0,0,0.0
2025-05-25,2024-25,EPL,Fulham,Man City,0,7,0,0.0,-2.285714,7,-0.45,1,0,0,37,0,1,9,0.0
2025-05-25,2024-25,EPL,Bournemouth,Leicester,2,1,0,0.666667,0.333333,3,0.216667,1,1,0,37,0,0,3,1.0
2025-05-25,2024-25,LaLiga,Ath Bilbao,Barcelona,0,7,2,0.0,-1.444444,9,-0.45,1,0,1,37,0,5,0,0.0
2025-05-25,2024-25,SerieA,Atalanta,Parma,3,0,0,1.0,2.666667,3,0.55,0,0,0,37,0,6,1,0.0
2025-05-25,2024-25,SerieA,Empoli,Verona,1,3,3,0.142857,0.0,7,-0.307143,0,0,0,37,0,2,2,0.0
2025-05-25,2024-25,SerieA,Lazio,Lecce,2,2,1,0.4,0.0,5,-0.05,0,0,0,37,0,8,2,0.0
2025-05-25,2024-25,SerieA,Torino,Roma,1,6,2,0.111111,-0.777778,9,-0.338889,1,1,0,37,0,0,1,0.0
2025-05-25,2024-25,EPL,Wolves,Brentford,3,3,1,0.428571,0.0,7,-0.021429,1,1,1,37,0,0,0,0.5
2025-05-25,2024-25,LaLiga,Villarreal,Sevilla,3,3,3,0.333333,0.222222,9,-0.116667,0,0,1,37,0,5,0,1.0
