bet_num,match_date,home_team,away_team,outcome,odds,p_model,kelly_fraction,half_kelly,stake,won,profit,bankroll_after
1,2024-01-21,Mirandes,Levante,A,3.0,0.3763,0.0644,0.0322,32.2,0,-32.2,967.8
2,2024-01-21,Sheffield United,West Ham,A,2.2,0.4943,0.0729,0.0365,35.32,0,-35.32,932.48
3,2024-01-21,Bournemouth,Liverpool,A,1.7,0.6661,0.189,0.0945,88.12,1,61.68,994.16
4,2024-01-22,Leicester,Ipswich,H,1.91,0.6324,0.2284,0.1142,113.53,0,-113.53,880.63
5,2024-01-23,Concarneau,Troyes,A,2.9,0.3638,0.029,0.0145,12.77,0,-12.77,867.86
6,2024-01-23,Dunkerque,Ajaccio,A,2.55,0.402,0.0161,0.0081,7.03,0,-7.03,860.83
7,2024-01-23,Angers,Quevilly Rouen,H,2.05,0.587,0.1936,0.0968,83.33,1,87.49,948.32
8,2024-01-23,Hearts,Dundee,H,1.73,0.6354,0.136,0.068,64.49,1,47.07,995.4
9,2024-01-24,St Johnstone,Aberdeen,H,4.0,0.3233,0.0977,0.0489,48.67,0,-48.67,946.72
10,2024-01-26,Kaiserslautern,Schalke 04,A,2.7,0.4104,0.0635,0.0318,30.11,0,-30.11,916.62
11,2024-01-26,Ein Frankfurt,Mainz,H,2.15,0.582,0.2185,0.1093,100.19,1,115.21,1031.83
12,2024-01-26,Catanzaro,Palermo,A,2.7,0.4193,0.0777,0.0389,40.14,0,-40.14,991.69
13,2024-01-26,Hannover,Nurnberg,A,4.2,0.2777,0.0519,0.026,25.78,0,-25.78,965.91
14,2024-01-27,Quevilly Rouen,Grenoble,A,2.9,0.3811,0.0554,0.0277,26.76,0,-26.76,939.15
15,2024-01-27,Osnabruck,Paderborn,A,2.05,0.531,0.0843,0.0422,39.63,0,-39.63,899.52
16,2024-01-27,Cartagena,Amorebieta,H,1.91,0.5545,0.065,0.0325,29.23,1,26.6,926.12
17,2024-01-27,Livingston,Dundee,H,2.88,0.3813,0.0522,0.0261,24.17,0,-24.17,901.95
18,2024-01-27,Kilmarnock,Hibernian,A,3.8,0.3068,0.0592,0.0296,26.7,0,-26.7,875.25
19,2024-01-27,Hearts,Aberdeen,H,2.15,0.5211,0.1047,0.0523,45.78,1,52.64,927.9
20,2024-01-27,Levante,Tenerife,H,2.25,0.53,0.1539,0.077,71.45,0,-71.45,856.45
21,2024-01-27,Milan,Bologna,H,1.67,0.6453,0.116,0.058,49.67,0,-49.67,806.77
22,2024-01-27,Werder Bremen,Freiburg,A,2.88,0.4174,0.1075,0.0538,43.4,0,-43.4,763.37
23,2024-01-27,Annecy,Pau FC,A,3.5,0.3561,0.0985,0.0492,37.56,0,-37.56,725.81
24,2024-01-27,Juventus,Empoli,H,1.29,0.841,0.2929,0.1465,106.33,0,-106.33,619.48
25,2024-01-27,Paris FC,Dunkerque,H,1.75,0.6762,0.2445,0.1222,75.7,0,-75.7,543.78
26,2024-01-27,Valenciennes,Bastia,A,2.75,0.3988,0.0552,0.0276,15.01,0,-15.01,528.77
27,2024-01-27,Mallorca,Betis,A,3.2,0.375,0.091,0.0455,24.06,1,52.93,581.7
28,2024-01-27,Barcelona,Villarreal,H,1.36,0.7718,0.1378,0.0689,40.08,0,-40.08,541.62
29,2024-01-27,Las Palmas,Real Madrid,D,4.75,0.2917,0.1028,0.0514,27.84,0,-27.84,513.78
30,2024-01-27,St Etienne,Amiens,H,1.95,0.5472,0.0705,0.0352,18.09,0,-18.09,495.7
31,2024-01-27,Hoffenheim,Heidenheim,A,4.33,0.2904,0.0773,0.0386,19.13,0,-19.13,476.56
32,2024-01-27,Hoffenheim,Heidenheim,D,4.5,0.2698,0.0612,0.0306,14.58,1,51.04,527.6
33,2024-01-27,Stuttgart,RB Leipzig,A,2.4,0.4737,0.0977,0.0488,25.75,0,-25.75,501.86
34,2024-01-27,Sudtirol,Cosenza,H,2.6,0.4882,0.1684,0.0842,42.26,0,-42.26,459.6
35,2024-01-27,Bari,Reggiana,H,2.0,0.5989,0.1978,0.0989,45.45,0,-45.45,414.15
36,2024-01-28,Cadiz,Ath Bilbao,H,5.5,0.227,0.0552,0.0276,11.43,0,-11.43,402.72
37,2024-01-28,Celta,Girona,A,2.5,0.4845,0.1409,0.0704,28.35,1,42.53,445.24
38,2024-01-28,Genoa,Lecce,H,2.1,0.5435,0.1285,0.0642,28.58,1,31.44,476.68
39,2024-01-28,QPR,Huddersfield,A,3.8,0.3582,0.129,0.0645,30.75,0,-30.75,445.94
40,2024-01-28,Reims,Nantes,H,1.8,0.5894,0.0762,0.0381,16.99,0,-16.99,428.95
41,2024-01-28,Dortmund,Bochum,H,1.36,0.7571,0.0824,0.0412,17.67,1,6.36,435.31
42,2024-01-28,Burgos,Albacete,H,2.5,0.4366,0.0611,0.0305,13.28,1,19.92,455.23
43,2024-01-31,Sheffield Weds,Watford,A,2.63,0.4326,0.0845,0.0422,19.21,0,-19.21,436.02
44,2024-01-31,Liverpool,Chelsea,H,1.57,0.7474,0.3042,0.1521,66.32,1,37.8,473.82
45,2024-01-31,Ath Madrid,Vallecano,H,1.5,0.7438,0.2314,0.1157,54.82,1,27.41,501.23
46,2024-02-01,West Ham,Bournemouth,H,2.4,0.5472,0.2238,0.1119,56.09,0,-56.09,445.14
47,2024-02-02,Bristol City,Leeds,H,4.75,0.2517,0.0521,0.0261,11.62,0,-11.62,433.52
48,2024-02-02,Palermo,Bari,A,5.25,0.2614,0.0876,0.0438,18.99,0,-18.99,414.53
49,2024-02-03,Leganes,Valladolid,H,2.55,0.425,0.054,0.027,11.19,0,-11.19,403.34
50,2024-02-03,Spezia,Catanzaro,H,2.38,0.4858,0.1132,0.0566,22.83,0,-22.83,380.51
51,2024-02-03,Valencia,Almeria,H,1.65,0.6549,0.124,0.062,23.59,1,15.33,395.85
52,2024-02-03,Concarneau,Valenciennes,H,2.3,0.4638,0.0514,0.0257,10.17,1,13.23,409.07
53,2024-02-03,Freiburg,Stuttgart,H,3.1,0.4333,0.1634,0.0817,33.42,0,-33.42,375.65
54,2024-02-03,Granada,Las Palmas,A,3.3,0.3628,0.0857,0.0429,16.12,0,-16.12,359.54
55,2024-02-03,Motherwell,Kilmarnock,H,3.0,0.4096,0.1143,0.0572,20.57,0,-20.57,338.97
56,2024-02-03,Nurnberg,Osnabruck,H,1.8,0.6131,0.1295,0.0647,21.93,0,-21.93,317.04
57,2024-02-03,Albacete,Cartagena,A,5.25,0.2447,0.067,0.0335,10.62,0,-10.62,306.42
58,2024-02-03,Darmstadt,Leverkusen,D,6.5,0.1969,0.0508,0.0254,7.78,0,-7.78,298.63
59,2024-02-03,Laval,Quevilly Rouen,H,2.25,0.5295,0.153,0.0765,22.85,0,-22.85,275.79
60,2024-02-03,Preston,Ipswich,H,3.6,0.3236,0.0635,0.0317,8.74,1,22.73,298.52
61,2024-02-03,Rotherham,Southampton,D,5.0,0.2619,0.0774,0.0387,11.55,0,-11.55,286.97
62,2024-02-03,Rotherham,Southampton,H,9.5,0.1974,0.103,0.0515,14.78,0,-14.78,272.19
63,2024-02-03,Hertha,Hamburg,H,3.25,0.3586,0.0735,0.0367,9.99,0,-9.99,262.2
64,2024-02-03,Reggiana,FeralpiSalo,H,2.25,0.5265,0.1477,0.0739,19.38,0,-19.38,242.82
65,2024-02-03,Troyes,Bordeaux,H,3.6,0.3577,0.1107,0.0554,13.45,1,34.98,277.8
66,2024-02-03,Huddersfield,Sheffield Weds,H,2.4,0.5242,0.1844,0.0922,25.61,1,35.86,313.66
67,2024-02-03,Nantes,Lens,A,2.2,0.5124,0.106,0.053,16.62,1,19.95,333.61
68,2024-02-04,Amorebieta,Santander,A,2.6,0.4179,0.0541,0.0271,9.04,1,14.47,348.07
69,2024-02-04,Chelsea,Wolves,A,5.5,0.2341,0.064,0.032,11.14,1,50.12,398.19
70,2024-02-04,Napoli,Verona,H,1.4,0.7423,0.0979,0.049,19.51,1,7.8,406.0
71,2024-02-04,Osasuna,Celta,H,2.38,0.4803,0.1036,0.0518,21.03,0,-21.03,384.97
72,2024-02-04,Espanol,Levante,A,4.5,0.2816,0.0764,0.0382,14.71,0,-14.71,370.26
73,2024-02-04,Arsenal,Liverpool,A,3.1,0.3634,0.0603,0.0301,11.14,0,-11.14,359.12
74,2024-02-06,Rangers,Aberdeen,H,1.22,0.8303,0.0591,0.0295,10.59,1,2.33,361.45
75,2024-02-07,St Mirren,Dundee,H,2.3,0.4989,0.1135,0.0568,20.53,1,26.69,388.14
76,2024-02-07,Mainz,Union Berlin,A,3.5,0.3753,0.1254,0.0627,24.34,0,-24.34,363.8
77,2024-02-09,Wehen,Nurnberg,A,3.6,0.3328,0.0762,0.0381,13.86,0,-13.86,349.94
78,2024-02-09,Hamburg,Hannover,H,1.73,0.6076,0.0702,0.0351,12.28,0,-12.28,337.66
79,2024-02-09,Cadiz,Betis,A,2.6,0.4296,0.0731,0.0365,12.32,1,19.72,357.38
80,2024-02-10,Ajaccio,Guingamp,H,2.88,0.402,0.0838,0.0419,14.97,1,28.15,385.53
81,2024-02-10,Werder Bremen,Heidenheim,A,4.33,0.2729,0.0546,0.0273,10.52,1,35.05,420.57
82,2024-02-10,Alaves,Villarreal,A,3.3,0.3777,0.1072,0.0536,22.54,0,-22.54,398.03
83,2024-02-10,Hull,Swansea,A,4.75,0.2585,0.0607,0.0304,12.1,1,45.38,443.41
84,2024-02-10,Sociedad,Osasuna,H,1.85,0.6272,0.1886,0.0943,41.81,0,-41.81,401.59
85,2024-02-10,Bari,Lecco,H,1.91,0.6157,0.1934,0.0967,38.83,1,35.34,436.93
86,2024-02-10,Kaiserslautern,Paderborn,A,3.0,0.4086,0.1129,0.0564,24.64,1,49.29,486.22
87,2024-02-10,Sudtirol,Venezia,H,3.75,0.3705,0.1416,0.0708,34.42,0,-34.42,451.79
88,2024-02-10,Nott'm Forest,Newcastle,A,2.05,0.5222,0.0672,0.0336,15.18,1,15.94,467.73
89,2024-02-10,Blackburn,Stoke,H,2.4,0.4642,0.0814,0.0407,19.04,1,26.65,494.39
90,2024-02-10,Quevilly Rouen,Bastia,A,4.0,0.3605,0.1473,0.0737,36.44,1,109.31,603.69
91,2024-02-10,Valenciennes,Laval,H,3.25,0.3336,0.0374,0.0187,11.29,0,-11.29,592.4
92,2024-02-10,Fortuna Dusseldorf,Elversberg,H,1.8,0.6011,0.1025,0.0513,30.39,0,-30.39,562.01
93,2024-02-10,Catanzaro,Ascoli,A,4.5,0.3123,0.1158,0.0579,32.54,0,-32.54,529.47
94,2024-02-11,Sevilla,Ath Madrid,A,2.05,0.5325,0.0872,0.0436,23.09,0,-23.09,506.39
95,2024-02-11,Monza,Verona,H,2.05,0.5674,0.1554,0.0777,39.35,0,-39.35,467.04
96,2024-02-11,West Ham,Arsenal,H,6.0,0.2229,0.0675,0.0337,15.74,0,-15.74,451.3
97,2024-02-11,Cartagena,Mirandes,A,3.75,0.309,0.0578,0.0289,13.04,0,-13.04,438.26
98,2024-02-11,Montpellier,Lyon,H,3.1,0.3777,0.0814,0.0407,17.84,0,-17.84,420.42
99,2024-02-11,Dundee,St Johnstone,A,4.0,0.3029,0.0706,0.0353,14.84,0,-14.84,405.58
100,2024-02-11,Nice,Monaco,H,2.3,0.4797,0.0795,0.0397,16.1,0,-16.1,389.48
101,2024-02-11,Lorient,Reims,H,3.75,0.321,0.0741,0.037,14.41,1,39.63,429.11
102,2024-02-11,Barcelona,Granada,H,1.22,0.8407,0.1165,0.0582,24.97,0,-24.97,404.14
103,2024-02-12,Juventus,Udinese,H,1.44,0.7759,0.2666,0.1333,53.87,0,-53.87,350.26
104,2024-02-12,Crystal Palace,Chelsea,H,4.2,0.3605,0.1606,0.0803,28.13,0,-28.13,322.14
105,2024-02-12,Valladolid,Albacete,H,2.0,0.5446,0.0891,0.0446,14.37,0,-14.37,307.77
106,2024-02-13,Leicester,Sheffield Weds,H,1.3,0.8437,0.3225,0.1613,49.64,1,14.89,322.66
107,2024-02-13,Swansea,Leeds,H,5.25,0.2514,0.0752,0.0376,12.13,0,-12.13,310.53
108,2024-02-13,Swansea,Leeds,D,4.33,0.2876,0.0737,0.0368,11.43,0,-11.43,299.1
109,2024-02-13,Rotherham,Hull,H,5.0,0.2919,0.1149,0.0574,17.17,0,-17.17,281.94
110,2024-02-14,Rangers,Ross County,H,1.09,0.9201,0.0318,0.0159,4.48,1,0.4,282.34
111,2024-02-14,Huddersfield,Sunderland,H,3.6,0.3307,0.0733,0.0367,10.36,1,26.94,309.28
112,2024-02-14,Preston,Middlesbrough,H,3.25,0.3877,0.1156,0.0578,17.88,1,40.22,349.5
113,2024-02-16,Inter,Salernitana,H,1.14,0.9183,0.3351,0.1675,58.54,1,8.2,357.7
114,2024-02-16,Hertha,Magdeburg,H,2.3,0.5044,0.1231,0.0616,22.03,1,28.64,386.34
115,2024-02-17,Bastia,Rodez,H,2.38,0.4775,0.0989,0.0494,19.09,0,-19.09,367.26
116,2024-02-17,Newcastle,Bournemouth,H,1.83,0.6429,0.2128,0.1064,39.08,0,-39.08,328.18
117,2024-02-17,Guingamp,Caen,A,4.0,0.298,0.064,0.032,10.5,0,-10.5,317.68
118,2024-02-17,Lecco,Cosenza,A,2.8,0.4073,0.078,0.039,12.39,1,22.3,339.98
119,2024-02-17,Burnley,Arsenal,D,5.75,0.2169,0.0521,0.026,8.84,0,-8.84,331.14
120,2024-02-17,Fulham,Aston Villa,A,2.2,0.4797,0.0462,0.0231,7.65,1,9.18,340.32
121,2024-02-17,Andorra,Villarreal B,A,5.0,0.2666,0.0833,0.0416,14.16,0,-14.16,326.16
122,2024-02-17,Bari,FeralpiSalo,H,1.95,0.6213,0.2226,0.1113,36.3,1,34.49,360.65
123,2024-02-17,Heidenheim,Leverkusen,D,5.75,0.2309,0.069,0.0345,12.44,0,-12.44,348.21
124,2024-02-17,Heidenheim,Leverkusen,H,8.0,0.1762,0.0585,0.0293,10.2,0,-10.2,338.0
125,2024-02-17,Darmstadt,Stuttgart,D,4.75,0.2576,0.0597,0.0298,10.07,0,-10.07,327.93
126,2024-02-17,Darmstadt,Stuttgart,H,6.5,0.2348,0.0957,0.0478,15.68,0,-15.68,312.26
127,2024-02-17,Pau FC,Quevilly Rouen,H,2.45,0.5149,0.1803,0.0901,28.13,0,-28.13,284.12
128,2024-02-17,Troyes,Grenoble,H,3.1,0.4018,0.117,0.0585,16.62,1,34.9,319.03
129,2024-02-17,Wolfsburg,Dortmund,A,2.1,0.597,0.2307,0.1153,36.78,0,-36.78,282.24
130,2024-02-17,Preston,Blackburn,H,2.45,0.5058,0.165,0.0825,23.29,0,-23.29,258.96
131,2024-02-17,Millwall,Sheffield Weds,H,2.15,0.5168,0.0967,0.0484,12.53,0,-12.53,246.42
132,2024-02-17,Hoffenheim,Union Berlin,A,3.6,0.3208,0.0596,0.0298,7.34,1,19.09,265.52
133,2024-02-17,Nott'm Forest,West Ham,A,2.9,0.4138,0.1053,0.0526,13.97,0,-13.97,251.55
134,2024-02-17,Bristol City,QPR,H,1.95,0.5534,0.0833,0.0416,10.46,0,-10.46,241.09
135,2024-02-17,Huddersfield,Hull,H,3.2,0.3852,0.1057,0.0529,12.75,0,-12.75,228.33
136,2024-02-17,Leicester,Middlesbrough,H,1.57,0.7373,0.2763,0.1382,31.56,0,-31.56,196.78
137,2024-02-17,Plymouth,Leeds,H,6.5,0.2133,0.0703,0.0351,6.91,0,-6.91,189.87
138,2024-02-17,Parma,Pisa,H,1.8,0.619,0.1428,0.0714,13.56,1,10.85,200.72
139,2024-02-17,Celtic,Kilmarnock,H,1.22,0.8334,0.0763,0.0382,7.67,0,-7.67,193.05
140,2024-02-17,Catanzaro,Sudtirol,A,4.2,0.3329,0.1245,0.0622,12.01,0,-12.01,181.04
141,2024-02-17,Celta,Barcelona,A,1.85,0.5769,0.0791,0.0395,7.15,1,6.08,187.12
142,2024-02-17,Swansea,Ipswich,H,4.2,0.3288,0.119,0.0595,11.13,0,-11.13,175.99
143,2024-02-17,Man City,Chelsea,H,1.33,0.7921,0.162,0.081,14.25,0,-14.25,161.73
144,2024-02-17,Plymouth,Leeds,D,4.75,0.2644,0.0683,0.0341,5.52,0,-5.52,156.22
145,2024-02-18,Vallecano,Real Madrid,A,1.62,0.6854,0.1779,0.0889,13.89,0,-13.89,142.33
146,2024-02-18,Albacete,Santander,A,4.2,0.3015,0.0833,0.0416,5.92,0,-5.92,136.41
147,2024-02-18,Elversberg,Osnabruck,H,1.8,0.6488,0.2097,0.1049,14.31,1,11.45,147.85
148,2024-02-18,Empoli,Fiorentina,H,3.75,0.3083,0.0568,0.0284,4.2,0,-4.2,143.66
149,2024-02-18,Betis,Alaves,H,2.1,0.5809,0.1999,0.1,14.37,0,-14.37,129.29
150,2024-02-18,Reims,Lens,A,2.63,0.4427,0.1009,0.0504,6.52,0,-6.52,122.77
151,2024-02-18,Nurnberg,Kaiserslautern,H,2.45,0.4912,0.1404,0.0702,8.62,0,-8.62,114.16
152,2024-02-19,Ath Bilbao,Girona,A,4.0,0.3019,0.0692,0.0346,3.95,0,-3.95,110.21
153,2024-02-19,Tenerife,Eldense,A,5.0,0.2477,0.0596,0.0298,3.28,0,-3.28,106.92
154,2024-02-19,Everton,Crystal Palace,A,5.25,0.2533,0.0776,0.0388,4.15,0,-4.15,102.77
155,2024-02-20,Cardiff,Blackburn,H,3.0,0.4034,0.1052,0.0526,5.41,0,-5.41,97.37
156,2024-02-23,Leverkusen,Mainz,H,1.22,0.8311,0.0635,0.0318,3.1,1,0.68,98.05
157,2024-02-23,Leeds,Leicester,A,3.5,0.3404,0.0765,0.0382,3.75,0,-3.75,94.3
158,2024-02-23,Bologna,Verona,H,1.55,0.7222,0.2171,0.1086,10.24,1,5.63,99.94
159,2024-02-24,Troyes,Dunkerque,H,2.05,0.5686,0.1578,0.0789,7.88,0,-7.88,92.05
160,2024-02-24,FeralpiSalo,Ascoli,A,2.9,0.4037,0.0899,0.0449,4.13,1,7.85,99.9
161,2024-02-24,Almeria,Ath Madrid,A,1.7,0.6703,0.1993,0.0996,9.95,0,-9.95,89.95
162,2024-02-24,Ternana,Lecco,H,2.0,0.5644,0.1289,0.0644,5.79,0,-5.79,84.16
163,2024-02-24,Cittadella,Catanzaro,H,2.15,0.5042,0.073,0.0365,3.07,0,-3.07,81.09
164,2024-02-24,Man United,Fulham,H,1.57,0.6808,0.1208,0.0604,4.9,0,-4.9,76.19
165,2024-02-24,Aston Villa,Nott'm Forest,H,1.53,0.6994,0.1323,0.0662,5.04,1,2.67,78.86
166,2024-02-24,Barcelona,Getafe,H,1.4,0.7313,0.0596,0.0298,2.35,1,0.94,79.8
167,2024-02-24,Cardiff,Stoke,H,2.75,0.444,0.1262,0.0631,5.04,1,8.81,88.62
168,2024-02-24,QPR,Rotherham,A,6.0,0.2119,0.0543,0.0271,2.4,0,-2.4,86.21
169,2024-02-24,Alaves,Mallorca,A,5.0,0.2666,0.0832,0.0416,3.59,0,-3.59,82.63
170,2024-02-24,Salernitana,Monza,A,2.5,0.4425,0.0708,0.0354,2.93,1,4.39,87.02
171,2024-02-24,Concarneau,Laval,H,2.88,0.4066,0.091,0.0455,3.96,0,-3.96,83.06
172,2024-02-24,Ajaccio,Amiens,H,2.25,0.4709,0.0477,0.0238,1.98,0,-1.98,81.08
173,2024-02-24,Santander,Leganes,A,3.3,0.3431,0.0575,0.0288,2.34,0,-2.34,78.74
174,2024-02-24,Sunderland,Swansea,A,4.75,0.256,0.0576,0.0288,2.27,1,8.5,87.25
175,2024-02-24,Braunschweig,Hertha,A,2.7,0.4369,0.1057,0.0528,4.61,0,-4.61,82.64
176,2024-02-24,Brescia,Reggiana,H,2.2,0.5116,0.1045,0.0523,4.32,0,-4.32,78.32
177,2024-02-24,Magdeburg,Schalke 04,A,3.1,0.3629,0.0596,0.0298,2.33,0,-2.33,75.99
178,2024-02-24,Stuttgart,FC Koln,A,10.0,0.1542,0.0602,0.0301,2.29,0,-2.29,73.7
179,2024-02-24,Quevilly Rouen,Paris FC,A,2.9,0.3959,0.0779,0.0389,2.87,0,-2.87,70.83
180,2024-02-24,Lorient,Nantes,H,2.6,0.4805,0.1559,0.0779,5.52,0,-5.52,65.31
181,2024-02-24,Kaiserslautern,Karlsruhe,A,3.3,0.3658,0.09,0.045,2.94,1,6.76,72.07
182,2024-02-25,Ein Frankfurt,Wolfsburg,H,2.25,0.4904,0.0827,0.0413,2.98,0,-2.98,69.1
183,2024-02-25,Real Madrid,Sevilla,H,1.29,0.7996,0.1084,0.0542,3.75,1,1.09,70.18
184,2024-02-25,Cadiz,Celta,H,3.1,0.3603,0.0556,0.0278,1.95,0,-1.95,68.23
185,2024-02-25,Augsburg,Freiburg,A,3.1,0.4161,0.138,0.069,4.71,0,-4.71,63.52
186,2024-02-25,Betis,Ath Bilbao,H,3.6,0.3943,0.1614,0.0807,5.13,1,13.33,76.85
187,2024-02-25,Milan,Atalanta,H,2.38,0.47,0.086,0.043,3.3,0,-3.3,73.55
188,2024-02-25,Lens,Monaco,H,2.38,0.5496,0.2232,0.1116,8.21,0,-8.21,65.34
189,2024-02-25,Dortmund,Hoffenheim,H,1.5,0.7462,0.2387,0.1193,7.8,0,-7.8,57.55
190,2024-02-26,Fiorentina,Lazio,A,3.5,0.3429,0.0801,0.0401,2.31,0,-2.31,55.24
191,2024-02-26,Girona,Vallecano,H,1.65,0.6534,0.1202,0.0601,3.32,1,2.16,57.4
192,2024-02-27,Ross County,St Mirren,H,3.75,0.3109,0.0603,0.0301,1.73,0,-1.73,55.67
193,2024-02-27,Reggiana,Sudtirol,A,3.4,0.3348,0.0577,0.0288,1.6,0,-1.6,54.06
194,2024-02-27,Catanzaro,Bari,A,3.4,0.3632,0.0979,0.0489,2.64,0,-2.64,51.42
195,2024-02-27,Ascoli,Brescia,A,4.2,0.2912,0.0698,0.0349,1.79,0,-1.79,49.63
196,2024-02-28,Hearts,Hibernian,H,1.91,0.5774,0.1131,0.0565,2.8,0,-2.8,46.82
197,2024-02-28,Venezia,Cittadella,H,1.85,0.5667,0.057,0.0285,1.33,1,1.13,47.96
198,2024-02-28,Celtic,Dundee,H,1.2,0.8842,0.3054,0.1527,7.32,1,1.46,49.42
199,2024-02-28,Spezia,FeralpiSalo,H,1.83,0.5814,0.0772,0.0386,1.91,0,-1.91,47.51
200,2024-02-28,Inter,Atalanta,H,1.62,0.6786,0.1603,0.0801,3.81,1,2.36,49.87
201,2024-03-01,Lazio,Milan,H,3.5,0.3282,0.0594,0.0297,1.48,0,-1.48,48.39
202,2024-03-01,Hertha,Holstein Kiel,H,2.6,0.4638,0.1287,0.0643,3.11,0,-3.11,45.28
203,2024-03-02,Pau FC,Caen,H,2.88,0.3958,0.0745,0.0372,1.68,0,-1.68,43.6
204,2024-03-02,Sudtirol,Lecco,H,2.0,0.593,0.1859,0.093,4.05,1,4.05,47.65
205,2024-03-02,Auxerre,Valenciennes,H,1.3,0.7826,0.0581,0.0291,1.39,0,-1.39,46.26
206,2024-03-02,Annecy,Quevilly Rouen,H,2.8,0.3876,0.0474,0.0237,1.1,0,-1.1,45.17
207,2024-03-02,St Johnstone,Livingston,H,2.38,0.5266,0.1835,0.0917,4.14,0,-4.14,41.03
208,2024-03-02,Wolfsburg,Stuttgart,H,3.3,0.3375,0.0495,0.0248,1.02,0,-1.02,40.01
209,2024-03-02,Nott'm Forest,Liverpool,A,1.53,0.6788,0.0726,0.0363,1.45,1,0.77,40.78
210,2024-03-02,Brentford,Chelsea,H,3.1,0.3882,0.0969,0.0484,1.97,0,-1.97,38.8
211,2024-03-02,Luton,Aston Villa,A,1.73,0.6078,0.0707,0.0353,1.37,1,1.0,39.8
212,2024-03-02,Monza,Roma,H,3.75,0.3192,0.0716,0.0358,1.42,0,-1.42,38.38
213,2024-03-02,Oviedo,Levante,A,4.2,0.2829,0.0588,0.0294,1.13,0,-1.13,37.25
214,2024-03-02,Bastia,Grenoble,H,2.45,0.4351,0.0454,0.0227,0.85,1,1.23,38.48
215,2024-03-02,Vallecano,Cadiz,A,5.25,0.2342,0.054,0.027,1.04,0,-1.04,37.44
216,2024-03-02,Sevilla,Sociedad,A,3.0,0.3821,0.0731,0.0366,1.37,0,-1.37,36.07
217,2024-03-02,Hansa Rostock,Kaiserslautern,H,2.88,0.4169,0.1067,0.0534,1.93,0,-1.93,34.14
218,2024-03-02,Nurnberg,Braunschweig,H,2.4,0.4819,0.1118,0.0559,1.91,1,2.67,36.81
219,2024-03-02,Plymouth,Ipswich,H,4.5,0.2751,0.068,0.034,1.25,0,-1.25,35.56
220,2024-03-02,Mainz,M'gladbach,A,3.75,0.3271,0.0824,0.0412,1.47,0,-1.47,34.1
221,2024-03-02,Preston,Hull,H,2.8,0.4131,0.087,0.0435,1.48,0,-1.48,32.61
222,2024-03-02,Rotherham,Sheffield Weds,H,3.5,0.3345,0.0683,0.0341,1.11,0,-1.11,31.5
223,2024-03-02,Stoke,Middlesbrough,A,2.6,0.4188,0.0556,0.0278,0.88,0,-0.88,30.63
224,2024-03-02,Swansea,Blackburn,H,2.2,0.4943,0.0729,0.0365,1.12,1,1.34,31.97
225,2024-03-02,Leicester,QPR,H,1.36,0.7711,0.1353,0.0676,2.16,0,-2.16,29.81
226,2024-03-03,Atalanta,Bologna,A,4.2,0.2767,0.0506,0.0253,0.75,1,2.41,32.22
227,2024-03-03,Bari,Spezia,H,2.3,0.4725,0.0668,0.0334,1.08,0,-1.08,31.14
228,2024-03-03,Ath Bilbao,Barcelona,A,2.4,0.4514,0.0595,0.0298,0.93,0,-0.93,30.22
229,2024-03-03,Empoli,Cagliari,H,2.15,0.4997,0.0646,0.0323,0.98,0,-0.98,29.24
230,2024-03-03,Man City,Man United,A,11.0,0.1362,0.0498,0.0249,0.73,0,-0.73,28.51
231,2024-03-03,Andorra,Valladolid,A,2.63,0.4266,0.0749,0.0374,1.07,0,-1.07,27.44
232,2024-03-03,Hamburg,Osnabruck,H,1.4,0.7676,0.1865,0.0932,2.56,0,-2.56,24.89
233,2024-03-03,Paderborn,Magdeburg,H,2.2,0.4973,0.0784,0.0392,0.98,0,-0.98,23.91
234,2024-03-03,Nantes,Metz,A,4.75,0.2585,0.0607,0.0304,0.73,1,2.73,26.64
235,2024-03-03,FeralpiSalo,Sampdoria,A,2.7,0.4051,0.0552,0.0276,0.74,1,1.25,27.89
236,2024-03-03,Burnley,Bournemouth,H,3.75,0.3185,0.0706,0.0353,0.98,0,-0.98,26.9
237,2024-03-04,Osasuna,Alaves,H,2.38,0.4856,0.1129,0.0564,1.52,1,2.09,29.0
238,2024-03-04,Inter,Genoa,H,1.3,0.831,0.2677,0.1338,3.88,1,1.16,30.16
239,2024-03-05,Leeds,Stoke,H,1.33,0.765,0.0527,0.0264,0.8,1,0.26,30.42
240,2024-03-08,Braunschweig,Hansa Rostock,A,5.0,0.2537,0.0671,0.0336,1.02,1,4.09,34.51
241,2024-03-08,Barcelona,Mallorca,H,1.44,0.7806,0.282,0.141,4.87,1,2.14,36.65
242,2024-03-08,Stuttgart,Union Berlin,A,7.0,0.2181,0.0878,0.0439,1.61,0,-1.61,35.04
243,2024-03-09,Werder Bremen,Dortmund,A,1.85,0.5776,0.0806,0.0403,1.41,1,1.2,36.24
244,2024-03-09,Lorient,Lyon,H,3.3,0.3549,0.0744,0.0372,1.35,0,-1.35,34.9
245,2024-03-09,Bayern Munich,Mainz,H,1.25,0.8263,0.1317,0.0658,2.3,1,0.57,35.47
246,2024-03-09,Magdeburg,Nurnberg,D,4.33,0.2705,0.0515,0.0257,0.91,0,-0.91,34.56
247,2024-03-09,Cadiz,Ath Madrid,A,1.73,0.6129,0.0826,0.0413,1.43,0,-1.43,33.13
248,2024-03-09,Blackburn,Plymouth,A,4.75,0.3031,0.1173,0.0586,1.94,0,-1.94,31.19
249,2024-03-09,Cardiff,Ipswich,H,4.75,0.2814,0.0898,0.0449,1.4,1,5.25,36.44
250,2024-03-09,Preston,Stoke,H,2.4,0.5599,0.2456,0.1228,4.48,0,-4.48,31.97
251,2024-03-09,Magdeburg,Nurnberg,A,4.5,0.2697,0.0611,0.0305,0.97,1,3.41,35.38
252,2024-03-09,Cremonese,Como,H,2.1,0.5046,0.0542,0.0271,0.96,1,1.05,36.43
253,2024-03-09,Man United,Everton,H,1.83,0.6156,0.1524,0.0762,2.78,1,2.3,38.74
254,2024-03-09,Cosenza,Cittadella,H,2.6,0.4263,0.0677,0.0338,1.31,0,-1.31,37.43
255,2024-03-09,Bordeaux,Quevilly Rouen,H,1.91,0.5716,0.1008,0.0504,1.89,0,-1.89,35.54
256,2024-03-09,Albacete,Oviedo,A,3.4,0.3544,0.0854,0.0427,1.52,1,3.64,39.18
257,2024-03-09,Caen,Paris FC,H,2.38,0.4624,0.0728,0.0364,1.43,0,-1.43,37.76
258,2024-03-09,Spezia,Sudtirol,A,4.2,0.2775,0.0517,0.0258,0.97,0,-0.97,36.78
259,2024-03-09,Troyes,Bastia,H,2.63,0.41,0.048,0.024,0.88,1,1.44,38.22
260,2024-03-09,Concarneau,Guingamp,H,3.4,0.3322,0.054,0.027,1.03,0,-1.03,37.19
261,2024-03-09,Bologna,Inter,A,2.15,0.5277,0.1171,0.0585,2.18,1,2.5,39.69
262,2024-03-09,Dunkerque,Pau FC,A,3.2,0.3709,0.085,0.0425,1.69,0,-1.69,38.01
263,2024-03-10,Paris SG,Reims,H,1.4,0.7654,0.179,0.0895,3.4,0,-3.4,34.6
264,2024-03-10,West Ham,Burnley,H,1.67,0.6457,0.117,0.0585,2.02,0,-2.02,32.58
265,2024-03-10,Aston Villa,Tottenham,H,2.38,0.4752,0.0949,0.0474,1.54,0,-1.54,31.04
266,2024-03-10,Las Palmas,Ath Bilbao,H,4.0,0.3112,0.0816,0.0408,1.27,0,-1.27,29.77
267,2024-03-10,Juventus,Atalanta,H,2.2,0.5573,0.1883,0.0942,2.8,0,-2.8,26.97
268,2024-03-10,Bochum,Freiburg,A,3.0,0.3842,0.0764,0.0382,1.03,1,2.06,29.03
269,2024-03-10,Marseille,Nantes,H,1.5,0.6886,0.0657,0.0328,0.95,1,0.48,29.5
270,2024-03-10,Leverkusen,Wolfsburg,H,1.33,0.7927,0.1646,0.0823,2.43,1,0.8,30.3
271,2024-03-10,Real Madrid,Celta,H,1.3,0.8464,0.3344,0.1672,5.07,1,1.52,31.82
272,2024-03-10,Milan,Empoli,H,1.44,0.7541,0.1951,0.0975,3.1,1,1.37,33.19
273,2024-03-10,Brighton,Nott'm Forest,H,1.8,0.6053,0.112,0.056,1.86,1,1.49,34.67
274,2024-03-11,Lazio,Udinese,H,1.91,0.6179,0.198,0.099,3.43,0,-3.43,31.24
275,2024-03-11,Sampdoria,Ascoli,H,2.15,0.4946,0.0551,0.0275,0.86,1,0.99,32.23
276,2024-03-11,Chelsea,Newcastle,A,3.6,0.3678,0.1247,0.0623,2.01,0,-2.01,30.22
277,2024-03-11,Amorebieta,Leganes,A,2.45,0.4486,0.0684,0.0342,1.03,1,1.5,31.72
278,2024-03-11,Almeria,Sevilla,A,2.38,0.4522,0.0552,0.0276,0.88,0,-0.88,30.85
279,2024-03-13,Levante,Andorra,H,1.91,0.5679,0.0931,0.0466,1.44,0,-1.44,29.41
280,2024-03-13,Bournemouth,Luton,D,4.75,0.2594,0.0619,0.0309,0.91,0,-0.91,28.5
281,2024-03-13,Ross County,Hibernian,H,4.2,0.2889,0.0667,0.0334,0.95,0,-0.95,27.55
282,2024-03-13,Bournemouth,Luton,A,5.75,0.2159,0.0508,0.0254,0.7,0,-0.7,26.85
283,2024-03-15,FC Koln,RB Leipzig,H,6.5,0.1977,0.0518,0.0259,0.7,0,-0.7,26.15
284,2024-03-15,Paderborn,Braunschweig,H,1.85,0.6199,0.1728,0.0864,2.26,0,-2.26,23.89
285,2024-03-15,Palermo,Venezia,H,2.63,0.4194,0.0631,0.0316,0.76,0,-0.76,23.14
286,2024-03-15,Osnabruck,Fortuna Dusseldorf,A,1.95,0.5802,0.1383,0.0691,1.6,1,1.52,24.66
287,2024-03-16,Stoke,Norwich,A,2.8,0.4157,0.0912,0.0456,1.12,1,2.02,26.68
288,2024-03-16,Hannover,Kaiserslautern,H,1.91,0.5523,0.0604,0.0302,0.81,0,-0.81,25.87
289,2024-03-16,Sunderland,QPR,H,2.45,0.4913,0.1405,0.0702,1.82,0,-1.82,24.06
290,2024-03-16,West Brom,Bristol City,H,1.8,0.5956,0.0901,0.0451,1.09,1,0.87,24.93
291,2024-03-16,Laval,Dunkerque,H,1.95,0.566,0.1092,0.0546,1.36,0,-1.36,23.57
292,2024-03-16,Paris FC,Ajaccio,H,2.2,0.4956,0.0752,0.0376,0.89,1,1.06,24.63
293,2024-03-16,Quevilly Rouen,Troyes,A,4.0,0.3326,0.1102,0.0551,1.36,0,-1.36,23.27
294,2024-03-16,Nantes,Strasbourg,A,3.3,0.3559,0.0759,0.0379,0.88,1,2.03,25.3
295,2024-03-16,Lens,Nice,H,2.0,0.5682,0.1364,0.0682,1.73,0,-1.73,23.57
296,2024-03-16,Nurnberg,St Pauli,H,5.0,0.2676,0.0844,0.0422,0.99,0,-0.99,22.58
297,2024-03-16,Rotherham,Huddersfield,H,4.33,0.2841,0.0691,0.0346,0.78,0,-0.78,21.8
298,2024-03-16,Middlesbrough,Blackburn,H,1.91,0.5677,0.0926,0.0463,1.01,0,-1.01,20.79
299,2024-03-16,Brescia,Catanzaro,H,2.5,0.4849,0.1414,0.0707,1.47,0,-1.47,19.32
300,2024-03-16,Sudtirol,Cremonese,H,4.2,0.2921,0.0709,0.0355,0.69,1,2.19,21.51
301,2024-03-16,Hoffenheim,Stuttgart,H,3.8,0.312,0.0663,0.0331,0.71,0,-0.71,20.8
302,2024-03-16,Mainz,Bochum,A,4.33,0.3177,0.1128,0.0564,1.17,0,-1.17,19.63
303,2024-03-16,Monza,Cagliari,H,2.05,0.5595,0.14,0.07,1.37,1,1.44,21.07
304,2024-03-16,Ipswich,Sheffield Weds,H,1.55,0.6779,0.0922,0.0461,0.97,1,0.53,21.61
305,2024-03-16,Salernitana,Lecce,H,2.9,0.3847,0.0609,0.0304,0.66,0,-0.66,20.95
306,2024-03-16,Bari,Sampdoria,H,2.7,0.4249,0.0866,0.0433,0.91,0,-0.91,20.04
307,2024-03-16,Birmingham,Watford,A,3.0,0.385,0.0776,0.0388,0.78,1,1.56,21.6
308,2024-03-16,Motherwell,Aberdeen,H,2.4,0.494,0.1325,0.0663,1.43,0,-1.43,20.17
309,2024-03-16,Como,Pisa,H,2.05,0.5207,0.0642,0.0321,0.65,1,0.68,20.84
310,2024-03-17,Sevilla,Celta,H,2.0,0.5373,0.0747,0.0373,0.78,0,-0.78,20.07
311,2024-03-17,Hertha,Schalke 04,H,2.25,0.4738,0.0528,0.0264,0.53,1,0.66,20.73
312,2024-03-17,Las Palmas,Almeria,H,1.95,0.5969,0.1726,0.0863,1.79,0,-1.79,18.94
313,2024-03-17,Ascoli,Lecco,H,1.91,0.6032,0.1671,0.0835,1.58,1,1.44,20.38
314,2024-03-17,Vallecano,Betis,A,3.0,0.4245,0.1368,0.0684,1.39,0,-1.39,18.99
315,2024-03-17,Inter,Napoli,H,1.57,0.6839,0.1295,0.0647,1.23,0,-1.23,17.76
316,2024-03-17,Juventus,Genoa,H,1.5,0.6814,0.0443,0.0222,0.39,0,-0.39,17.36
317,2024-03-17,Clermont,Le Havre,H,2.6,0.4246,0.0649,0.0324,0.56,1,0.9,18.26
318,2024-03-18,Andorra,Amorebieta,A,5.25,0.2316,0.0508,0.0254,0.46,1,1.97,20.23
319,2024-03-23,Espanol,Tenerife,H,1.95,0.5564,0.0894,0.0447,0.9,0,-0.9,19.33
320,2024-03-23,Villarreal B,Leganes,A,2.5,0.4654,0.1089,0.0545,1.05,1,1.58,20.91
321,2024-03-24,Mirandes,Zaragoza,H,2.45,0.4198,0.0197,0.0099,0.21,0,-0.21,20.7
322,2024-03-24,Levante,Elche,H,2.5,0.4126,0.021,0.0105,0.22,1,0.33,21.03
323,2024-03-25,Albacete,Ferrol,A,4.2,0.2859,0.0628,0.0314,0.66,0,-0.66,20.37
324,2024-03-29,Watford,Leeds,H,6.0,0.2206,0.0647,0.0323,0.66,0,-0.66,19.71
325,2024-03-29,Preston,Rotherham,H,1.53,0.7132,0.172,0.086,1.7,1,0.9,20.61
326,2024-03-29,Hull,Stoke,H,1.95,0.5498,0.076,0.038,0.78,0,-0.78,19.83
327,2024-03-30,Getafe,Sevilla,H,2.55,0.4384,0.0761,0.0381,0.76,0,-0.76,19.07
328,2024-03-30,RB Leipzig,Mainz,H,1.4,0.7576,0.1517,0.0759,1.45,0,-1.45,17.62
329,2024-03-30,Werder Bremen,Wolfsburg,H,2.88,0.3988,0.079,0.0395,0.7,0,-0.7,16.93
330,2024-03-30,Bayern Munich,Dortmund,A,6.0,0.2114,0.0537,0.0269,0.46,1,2.28,19.2
331,2024-03-30,Bayern Munich,Dortmund,D,5.75,0.2369,0.0762,0.0381,0.73,0,-0.73,18.47
332,2024-03-30,Almeria,Osasuna,A,2.8,0.422,0.1009,0.0505,0.93,1,1.68,20.15
333,2024-03-30,Kaiserslautern,Fortuna Dusseldorf,A,2.38,0.4842,0.1104,0.0552,1.11,1,1.54,21.69
334,2024-03-30,Motherwell,St Mirren,H,2.45,0.4455,0.0632,0.0316,0.69,0,-0.69,21.0
335,2024-03-30,Genoa,Frosinone,H,1.95,0.5541,0.0848,0.0424,0.89,0,-0.89,20.11
336,2024-03-30,Andorra,Mirandes,A,4.75,0.3058,0.1206,0.0603,1.21,0,-1.21,18.9
337,2024-03-30,Albacete,Huesca,A,4.0,0.2937,0.0583,0.0291,0.55,0,-0.55,18.35
338,2024-03-30,St Johnstone,Dundee,H,2.7,0.4149,0.0707,0.0354,0.65,0,-0.65,17.7
339,2024-03-30,Rangers,Hibernian,H,1.29,0.807,0.1415,0.0708,1.25,1,0.36,18.06
340,2024-03-30,Napoli,Atalanta,H,2.1,0.5299,0.1026,0.0513,0.93,0,-0.93,17.14
341,2024-03-30,Concarneau,Angers,A,2.45,0.4749,0.1127,0.0563,0.96,1,1.4,18.53
342,2024-03-30,Tottenham,Luton,D,8.0,0.1695,0.0508,0.0254,0.47,0,-0.47,18.06
343,2024-03-30,Nott'm Forest,Crystal Palace,A,3.4,0.3472,0.0751,0.0376,0.68,0,-0.68,17.38
344,2024-03-30,Quevilly Rouen,Caen,A,3.2,0.3742,0.0897,0.0449,0.78,1,1.72,19.1
345,2024-03-30,Metz,Monaco,D,4.2,0.2802,0.0552,0.0276,0.53,0,-0.53,18.57
346,2024-03-30,Troyes,Rodez,H,2.7,0.4124,0.0668,0.0334,0.62,0,-0.62,17.95
347,2024-03-30,Valladolid,Levante,A,4.75,0.2765,0.0835,0.0418,0.75,0,-0.75,17.2
348,2024-03-31,Real Madrid,Ath Bilbao,H,1.53,0.6813,0.0799,0.0399,0.69,1,0.36,17.57
349,2024-03-31,Wehen,Osnabruck,H,2.05,0.539,0.0999,0.0499,0.88,0,-0.88,16.69
350,2024-03-31,Nice,Nantes,H,1.75,0.6569,0.1994,0.0997,1.66,0,-1.66,15.03
351,2024-03-31,Stuttgart,Heidenheim,D,6.0,0.2159,0.059,0.0295,0.44,1,2.22,17.24
352,2024-03-31,Clermont,Toulouse,H,3.1,0.3924,0.103,0.0515,0.89,0,-0.89,16.36
353,2024-03-31,Stuttgart,Heidenheim,A,10.0,0.1638,0.0709,0.0355,0.58,0,-0.58,15.77
354,2024-04-01,Middlesbrough,Sheffield Weds,H,1.8,0.5944,0.0874,0.0437,0.69,1,0.55,16.33
355,2024-04-01,Parma,Catanzaro,H,1.7,0.7154,0.3088,0.1544,2.52,0,-2.52,13.81
356,2024-04-01,Lecco,Cittadella,A,2.4,0.4496,0.0564,0.0282,0.39,0,-0.39,13.42
357,2024-04-01,Modena,Bari,A,4.0,0.2917,0.0557,0.0278,0.37,0,-0.37,13.04
358,2024-04-01,Bologna,Salernitana,H,1.3,0.8018,0.1411,0.0706,0.92,1,0.28,13.32
359,2024-04-01,Birmingham,Preston,A,3.1,0.4058,0.1228,0.0614,0.82,0,-0.82,12.5
360,2024-04-01,Inter,Empoli,H,1.22,0.8998,0.4441,0.222,2.78,1,0.61,13.11
361,2024-04-01,West Brom,Watford,H,1.85,0.5828,0.0921,0.046,0.6,0,-0.6,12.51
362,2024-04-01,Rotherham,Millwall,H,4.33,0.2764,0.0591,0.0296,0.37,1,1.23,13.74
363,2024-04-01,Swansea,QPR,H,2.5,0.4881,0.1469,0.0734,1.01,0,-1.01,12.73
364,2024-04-01,Como,Sudtirol,A,5.75,0.2229,0.0593,0.0297,0.38,0,-0.38,12.36
365,2024-04-02,Burnley,Wolves,A,2.75,0.4182,0.0858,0.0429,0.53,0,-0.53,11.83
366,2024-04-02,Newcastle,Everton,H,2.0,0.6387,0.2775,0.1387,1.64,0,-1.64,10.19
367,2024-04-04,Chelsea,Man United,A,3.4,0.3819,0.1243,0.0622,0.63,0,-0.63,9.55
368,2024-04-05,Ein Frankfurt,Werder Bremen,H,1.75,0.6003,0.0673,0.0336,0.32,0,-0.32,9.23
369,2024-04-05,Paderborn,Hertha,A,3.4,0.3494,0.0784,0.0392,0.36,1,0.87,10.1
370,2024-04-05,Rotherham,Plymouth,H,4.2,0.3285,0.1187,0.0594,0.6,0,-0.6,9.5
371,2024-04-06,Pau FC,Ajaccio,H,2.55,0.4595,0.1108,0.0554,0.53,0,-0.53,8.97
372,2024-04-06,Brescia,Pisa,H,2.7,0.4488,0.1246,0.0623,0.56,1,0.95,9.92
373,2024-04-06,Paris SG,Clermont,H,1.18,0.875,0.1807,0.0903,0.9,0,-0.9,9.03
374,2024-04-06,Bastia,Dunkerque,H,2.05,0.5358,0.0938,0.0469,0.42,0,-0.42,8.6
375,2024-04-06,Cardiff,Hull,H,3.1,0.3842,0.091,0.0455,0.39,0,-0.39,8.21
376,2024-04-06,Leicester,Birmingham,H,1.33,0.7822,0.1224,0.0612,0.5,1,0.17,8.38
377,2024-04-06,Rodez,Quevilly Rouen,H,2.2,0.5362,0.1498,0.0749,0.63,0,-0.63,7.75
378,2024-04-06,Stoke,West Brom,A,2.8,0.4421,0.1321,0.0661,0.51,0,-0.51,7.24
379,2024-04-06,Dortmund,Stuttgart,H,2.25,0.6017,0.283,0.1415,1.02,0,-1.02,6.21
380,2024-04-06,Milan,Lecce,H,1.36,0.7996,0.243,0.1215,0.76,1,0.27,6.49
381,2024-04-06,Freiburg,RB Leipzig,H,4.75,0.2793,0.0871,0.0435,0.28,0,-0.28,6.2
382,2024-04-06,Levante,Zaragoza,H,2.15,0.5392,0.1385,0.0693,0.43,1,0.49,6.7
383,2024-04-06,Eldense,Andorra,H,2.3,0.4912,0.0998,0.0499,0.33,0,-0.33,6.36
384,2024-04-06,Hamburg,Kaiserslautern,H,1.65,0.6596,0.1358,0.0679,0.43,1,0.28,6.64
385,2024-04-06,Sudtirol,Parma,H,4.5,0.2872,0.0835,0.0418,0.28,0,-0.28,6.37
386,2024-04-06,Aston Villa,Brentford,H,1.7,0.6216,0.081,0.0405,0.26,0,-0.26,6.11
387,2024-04-06,Fulham,Newcastle,A,2.8,0.4273,0.1091,0.0546,0.33,1,0.6,6.71
388,2024-04-06,Mainz,Darmstadt,D,5.0,0.2541,0.0676,0.0338,0.23,0,-0.23,6.48
389,2024-04-06,Mainz,Darmstadt,A,7.5,0.203,0.0804,0.0402,0.26,0,-0.26,6.22
390,2024-04-07,Fortuna Dusseldorf,Braunschweig,H,1.7,0.663,0.1817,0.0908,0.56,1,0.4,6.62
391,2024-04-07,Sheffield United,Chelsea,H,7.0,0.1952,0.061,0.0305,0.2,0,-0.2,6.42
392,2024-04-07,Man United,Liverpool,D,4.5,0.2719,0.0639,0.032,0.21,1,0.72,7.13
393,2024-04-07,Man United,Liverpool,H,4.75,0.2515,0.052,0.026,0.19,0,-0.19,6.95
394,2024-04-07,Tenerife,Eibar,A,3.2,0.366,0.0778,0.0389,0.27,0,-0.27,6.68
395,2024-04-07,Wolfsburg,M'gladbach,A,3.8,0.3019,0.0526,0.0263,0.18,1,0.49,7.17
396,2024-04-07,Cartagena,Valladolid,H,3.8,0.3304,0.0912,0.0456,0.33,0,-0.33,6.84
397,2024-04-07,Espanol,Albacete,H,1.8,0.6081,0.1182,0.0591,0.4,1,0.32,7.17
398,2024-04-07,Hoffenheim,Augsburg,D,4.0,0.2976,0.0635,0.0318,0.23,0,-0.23,6.94
399,2024-04-08,Santander,Alcorcon,H,1.75,0.6012,0.0696,0.0348,0.24,0,-0.24,6.7
400,2024-04-08,Udinese,Inter,A,1.5,0.7139,0.1417,0.0708,0.47,1,0.24,6.93
401,2024-04-09,Preston,Huddersfield,H,2.63,0.4871,0.1725,0.0862,0.6,1,0.97,7.91
402,2024-04-09,Plymouth,QPR,H,3.1,0.4184,0.1414,0.0707,0.56,0,-0.56,7.35
403,2024-04-10,Birmingham,Cardiff,A,4.2,0.3371,0.1299,0.065,0.48,1,1.53,8.88
404,2024-04-10,Bristol City,Blackburn,H,2.5,0.4699,0.1165,0.0582,0.52,1,0.78,9.65
405,2024-04-10,West Brom,Rotherham,H,1.25,0.8063,0.0315,0.0158,0.15,1,0.04,9.69
406,2024-04-10,Swansea,Stoke,H,2.4,0.4537,0.0636,0.0318,0.31,1,0.43,10.12
407,2024-04-12,Plymouth,Leicester,H,6.5,0.2033,0.0584,0.0292,0.3,1,1.63,11.75
408,2024-04-12,Hertha,Hansa Rostock,H,1.73,0.614,0.0853,0.0427,0.5,1,0.37,12.12
409,2024-04-12,Betis,Celta,H,2.1,0.5417,0.1251,0.0626,0.76,1,0.83,12.95
410,2024-04-12,Greuther Furth,Kaiserslautern,H,2.75,0.5127,0.2342,0.1171,1.52,1,2.65,15.6
411,2024-04-13,West Brom,Sunderland,H,1.8,0.582,0.0595,0.0298,0.46,0,-0.46,15.14
412,2024-04-13,Quevilly Rouen,Auxerre,A,2.0,0.5163,0.0326,0.0163,0.25,0,-0.25,14.89
413,2024-04-13,Cadiz,Barcelona,A,1.83,0.629,0.1821,0.091,1.36,1,1.12,16.02
414,2024-04-13,Bristol City,Huddersfield,H,2.3,0.5127,0.1378,0.0689,1.1,0,-1.1,14.91
415,2024-04-13,Vallecano,Getafe,A,3.7,0.3311,0.0834,0.0417,0.62,0,-0.62,14.29
416,2024-04-13,Mainz,Hoffenheim,A,3.4,0.3295,0.0502,0.0251,0.36,0,-0.36,13.93
417,2024-04-13,M'gladbach,Dortmund,A,2.0,0.5511,0.1022,0.0511,0.71,1,0.71,14.64
418,2024-04-13,Stuttgart,Ein Frankfurt,A,5.5,0.2392,0.0701,0.035,0.51,0,-0.51,14.13
419,2024-04-13,Celtic,St Mirren,H,1.2,0.847,0.0818,0.0409,0.58,1,0.12,14.25
420,2024-04-13,Hull,QPR,H,2.05,0.5284,0.0793,0.0397,0.57,1,0.59,14.84
421,2024-04-13,Hearts,Livingston,H,1.4,0.7988,0.2957,0.1479,2.2,1,0.88,15.72
422,2024-04-13,Nott'm Forest,Wolves,A,3.5,0.3595,0.1033,0.0516,0.81,0,-0.81,14.91
423,2024-04-13,St Johnstone,Kilmarnock,H,3.8,0.3103,0.064,0.032,0.48,0,-0.48,14.43
424,2024-04-13,Preston,Norwich,H,3.1,0.3962,0.1086,0.0543,0.78,0,-0.78,13.65
425,2024-04-13,Millwall,Cardiff,A,4.75,0.2845,0.0937,0.0468,0.64,0,-0.64,13.01
426,2024-04-13,Motherwell,Hibernian,H,2.7,0.4448,0.1182,0.0591,0.77,0,-0.77,12.24
427,2024-04-13,Holstein Kiel,Osnabruck,H,1.5,0.7109,0.1326,0.0663,0.81,1,0.41,12.65
428,2024-04-13,Newcastle,Tottenham,H,2.7,0.4246,0.0862,0.0431,0.55,1,0.93,13.57
429,2024-04-13,Bournemouth,Man United,A,2.6,0.4796,0.1543,0.0772,1.05,0,-1.05,12.52
430,2024-04-13,Parma,Spezia,H,1.73,0.6446,0.1578,0.0789,0.99,1,0.72,13.25
431,2024-04-13,Troyes,Paris FC,H,3.3,0.3397,0.0526,0.0263,0.35,0,-0.35,12.9
432,2024-04-13,Mallorca,Real Madrid,A,1.75,0.6377,0.1546,0.0773,1.0,1,0.75,13.65
433,2024-04-13,Ajaccio,St Etienne,H,4.0,0.3005,0.0673,0.0337,0.46,1,1.38,15.02
434,2024-04-14,Leverkusen,Werder Bremen,H,1.2,0.8536,0.1219,0.0609,0.92,1,0.18,15.21
435,2024-04-14,West Ham,Fulham,H,2.38,0.4958,0.1305,0.0653,0.99,0,-0.99,14.21
436,2024-04-14,Arsenal,Aston Villa,A,10.0,0.1537,0.0597,0.0298,0.42,1,3.81,18.03
437,2024-04-14,Sassuolo,Milan,A,1.75,0.6591,0.2047,0.1023,1.84,0,-1.84,16.18
438,2024-04-14,Inter,Cagliari,H,1.18,0.8864,0.2555,0.1278,2.07,0,-2.07,14.11
439,2024-04-14,Clermont,Montpellier,H,3.3,0.3483,0.065,0.0325,0.46,0,-0.46,13.66
440,2024-04-14,Le Havre,Nantes,H,2.6,0.4405,0.0909,0.0454,0.62,0,-0.62,13.04
441,2024-04-14,St Pauli,Elversberg,H,1.5,0.6907,0.0722,0.0361,0.47,0,-0.47,12.57
442,2024-04-14,Liverpool,Crystal Palace,H,1.22,0.8591,0.2185,0.1093,1.37,0,-1.37,11.19
443,2024-04-15,Atalanta,Verona,H,1.45,0.7232,0.1081,0.054,0.6,0,-0.6,10.59
444,2024-04-16,Southampton,Preston,A,9.0,0.1672,0.0631,0.0316,0.33,0,-0.33,10.25
445,2024-04-19,Ein Frankfurt,Augsburg,H,2.0,0.5253,0.0505,0.0253,0.26,1,0.26,10.51
446,2024-04-19,Nurnberg,Paderborn,H,3.0,0.3674,0.0511,0.0256,0.27,0,-0.27,10.24
447,2024-04-20,Rotherham,Birmingham,H,5.5,0.3096,0.1562,0.0781,0.8,0,-0.8,9.44
448,2024-04-20,Nantes,Rennes,A,2.4,0.4589,0.0723,0.0362,0.34,1,0.48,9.92
449,2024-04-20,Bari,Pisa,H,2.5,0.4382,0.0637,0.0319,0.32,0,-0.32,9.61
450,2024-04-20,Sudtirol,Cittadella,H,2.7,0.4707,0.1593,0.0797,0.77,0,-0.77,8.84
451,2024-04-20,Heidenheim,RB Leipzig,H,5.75,0.2211,0.0572,0.0286,0.25,0,-0.25,8.59
452,2024-04-20,Heidenheim,RB Leipzig,D,5.25,0.237,0.0575,0.0288,0.25,0,-0.25,8.34
453,2024-04-20,Pau FC,Laval,H,2.55,0.4692,0.1268,0.0634,0.53,1,0.82,9.16
454,2024-04-20,Ascoli,Modena,H,2.88,0.4181,0.1086,0.0543,0.5,0,-0.5,8.66
455,2024-04-20,Cardiff,Southampton,D,4.5,0.2704,0.062,0.031,0.27,0,-0.27,8.39
456,2024-04-20,Concarneau,Quevilly Rouen,H,3.4,0.3639,0.0988,0.0494,0.41,0,-0.41,7.98
457,2024-04-20,Vallecano,Osasuna,A,3.6,0.334,0.0778,0.0389,0.31,0,-0.31,7.67
458,2024-04-20,Amiens,Dunkerque,H,2.05,0.5029,0.0295,0.0147,0.11,0,-0.11,7.56
459,2024-04-20,Stoke,Plymouth,A,4.75,0.2844,0.0936,0.0468,0.35,0,-0.35,7.2
460,2024-04-20,QPR,Preston,A,4.5,0.3553,0.1711,0.0855,0.62,0,-0.62,6.59
461,2024-04-20,Celta,Las Palmas,A,5.0,0.2676,0.0845,0.0422,0.28,0,-0.28,6.31
462,2024-04-20,Santander,Levante,A,3.3,0.343,0.0574,0.0287,0.18,0,-0.18,6.13
463,2024-04-20,Huesca,Zaragoza,H,2.7,0.4319,0.0978,0.0489,0.3,0,-0.3,5.83
464,2024-04-20,Villarreal B,Ferrol,A,3.0,0.366,0.0489,0.0245,0.14,0,-0.14,5.68
465,2024-04-20,Wolves,Arsenal,H,8.5,0.1817,0.0726,0.0363,0.21,0,-0.21,5.48
466,2024-04-20,Cardiff,Southampton,H,8.0,0.2378,0.1289,0.0644,0.35,1,2.47,7.95
467,2024-04-21,Werder Bremen,Stuttgart,D,4.75,0.2552,0.0566,0.0283,0.22,0,-0.22,7.72
468,2024-04-21,Freiburg,Mainz,H,2.6,0.5087,0.2017,0.1008,0.78,0,-0.78,6.94
469,2024-04-21,Alaves,Ath Madrid,A,1.95,0.5705,0.1183,0.0592,0.41,0,-0.41,6.53
470,2024-04-21,Karlsruhe,Hertha,A,3.75,0.3635,0.1321,0.066,0.43,0,-0.43,6.1
471,2024-04-21,Crystal Palace,West Ham,A,3.4,0.3515,0.0813,0.0406,0.25,0,-0.25,5.85
472,2024-04-21,Aston Villa,Bournemouth,H,1.85,0.6334,0.2021,0.1011,0.59,1,0.5,6.36
473,2024-04-21,Espanol,Andorra,H,1.65,0.6285,0.057,0.0285,0.18,0,-0.18,6.18
474,2024-04-22,Middlesbrough,Leeds,H,4.2,0.3034,0.0857,0.0429,0.26,0,-0.26,5.91
475,2024-04-23,Bastia,Concarneau,H,2.3,0.5698,0.2388,0.1194,0.71,1,0.92,6.83
476,2024-04-23,Caen,Annecy,H,2.3,0.4922,0.1015,0.0508,0.35,1,0.45,7.28
477,2024-04-23,Grenoble,St Etienne,H,3.6,0.3097,0.0441,0.0221,0.16,0,-0.16,7.12
478,2024-04-23,Valenciennes,Ajaccio,H,5.0,0.2826,0.1033,0.0516,0.37,1,1.47,8.59
479,2024-04-23,Arsenal,Chelsea,H,1.44,0.7049,0.0341,0.0171,0.15,1,0.06,8.65
480,2024-04-24,Crystal Palace,Newcastle,A,2.4,0.453,0.0623,0.0311,0.27,0,-0.27,8.38
481,2024-04-24,Wolves,Bournemouth,H,2.7,0.44,0.1105,0.0553,0.46,0,-0.46,7.92
482,2024-04-26,St Pauli,Hansa Rostock,H,1.36,0.7598,0.0925,0.0463,0.37,1,0.13,8.05
483,2024-04-26,Montpellier,Nantes,H,1.95,0.569,0.1154,0.0577,0.46,0,-0.46,7.59
484,2024-04-26,Frosinone,Salernitana,A,7.5,0.1838,0.0582,0.0291,0.22,0,-0.22,7.37
485,2024-04-26,Sociedad,Real Madrid,A,2.9,0.4978,0.2335,0.1167,0.86,1,1.63,9.0
486,2024-04-26,Hertha,Hannover,H,2.2,0.5314,0.141,0.0705,0.63,0,-0.63,8.37
487,2024-04-26,Bochum,Hoffenheim,A,2.9,0.3837,0.0594,0.0297,0.25,0,-0.25,8.12
488,2024-04-26,Andorra,Santander,A,3.4,0.3566,0.0885,0.0443,0.36,0,-0.36,7.76
489,2024-04-27,Wolves,Luton,H,1.95,0.593,0.1646,0.0823,0.64,1,0.61,8.36
490,2024-04-27,Paris SG,Le Havre,H,1.33,0.8637,0.4507,0.2254,1.89,0,-1.89,6.48
491,2024-04-27,Brescia,Spezia,H,2.55,0.4324,0.0661,0.0331,0.21,0,-0.21,6.26
492,2024-04-27,Holstein Kiel,Kaiserslautern,H,1.75,0.7193,0.3451,0.1725,1.08,0,-1.08,5.18
493,2024-04-27,Ajaccio,Quevilly Rouen,H,2.6,0.4767,0.1496,0.0748,0.39,0,-0.39,4.8
494,2024-04-27,Millwall,Plymouth,H,2.2,0.5204,0.1208,0.0604,0.29,1,0.35,5.14
495,2024-04-27,Aston Villa,Chelsea,H,2.15,0.5612,0.1795,0.0898,0.46,0,-0.46,4.68
496,2024-04-27,St Johnstone,Hibernian,H,3.8,0.3256,0.0848,0.0424,0.2,0,-0.2,4.48
497,2024-04-27,Las Palmas,Girona,D,3.8,0.3009,0.0512,0.0256,0.11,0,-0.11,4.37
498,2024-04-27,Almeria,Getafe,A,2.63,0.4252,0.0726,0.0363,0.16,1,0.26,4.63
499,2024-04-27,Annecy,Bastia,A,4.33,0.3657,0.1752,0.0876,0.41,0,-0.41,4.22
500,2024-04-27,Man United,Burnley,H,1.5,0.7176,0.1528,0.0764,0.32,0,-0.32,3.9
501,2024-04-27,Lecce,Monza,A,4.0,0.3156,0.0875,0.0437,0.17,0,-0.17,3.73
502,2024-04-27,Southampton,Stoke,H,1.75,0.6567,0.1991,0.0995,0.37,0,-0.37,3.36
503,2024-04-27,Cardiff,Middlesbrough,H,3.6,0.3489,0.0984,0.0492,0.17,0,-0.17,3.19
504,2024-04-27,Lazio,Verona,H,1.62,0.68,0.1639,0.082,0.26,1,0.16,3.36
505,2024-04-27,Parma,Lecco,H,1.36,0.7546,0.0731,0.0365,0.12,1,0.04,3.4
506,2024-04-27,Cosenza,Bari,A,3.8,0.3002,0.0502,0.0251,0.09,0,-0.09,3.31
507,2024-04-27,Blackburn,Coventry,A,3.2,0.3861,0.1071,0.0536,0.18,0,-0.18,3.14
508,2024-04-27,Modena,Sudtirol,A,4.75,0.3157,0.1332,0.0666,0.21,0,-0.21,2.93
509,2024-04-27,Pau FC,Guingamp,H,3.1,0.4078,0.1258,0.0629,0.18,0,-0.18,2.74
510,2024-04-27,Valenciennes,Grenoble,H,3.8,0.3074,0.0601,0.0301,0.08,1,0.23,2.97
511,2024-04-27,RB Leipzig,Dortmund,D,4.33,0.2769,0.0598,0.0299,0.09,0,-0.09,2.89
512,2024-04-27,RB Leipzig,Dortmund,A,4.5,0.311,0.1141,0.0571,0.16,0,-0.16,2.72
513,2024-04-27,Leverkusen,Stuttgart,H,1.75,0.6721,0.2349,0.1174,0.32,0,-0.32,2.4
514,2024-04-27,Hull,Ipswich,H,3.2,0.3732,0.0883,0.0441,0.11,0,-0.11,2.3
515,2024-04-27,Concarneau,Rodez,A,2.55,0.453,0.1001,0.05,0.11,1,0.18,2.47
516,2024-04-27,Freiburg,Wolfsburg,H,2.3,0.5058,0.1257,0.0628,0.16,0,-0.16,2.32
517,2024-04-28,Bologna,Udinese,H,1.6,0.717,0.2454,0.1227,0.28,0,-0.28,2.03
518,2024-04-28,Inter,Torino,H,1.53,0.7707,0.338,0.169,0.34,1,0.18,2.22
519,2024-04-28,Granada,Osasuna,A,3.0,0.3877,0.0816,0.0408,0.09,0,-0.09,2.13
520,2024-04-28,Albacete,Eibar,A,2.88,0.3993,0.0798,0.0399,0.08,0,-0.08,2.04
521,2024-04-28,Mainz,FC Koln,A,6.0,0.2302,0.0763,0.0381,0.08,0,-0.08,1.96
522,2024-04-28,Wehen,Greuther Furth,A,2.9,0.4022,0.0876,0.0438,0.09,1,0.16,2.13
523,2024-04-28,Clermont,Reims,H,3.75,0.3499,0.1135,0.0567,0.12,1,0.33,2.46
524,2024-04-28,Fiorentina,Sassuolo,H,1.7,0.6606,0.1756,0.0878,0.22,1,0.15,2.61
525,2024-04-29,Preston,Leicester,H,6.0,0.2204,0.0645,0.0323,0.08,0,-0.08,2.52
526,2024-04-29,Genoa,Cagliari,H,2.25,0.4922,0.086,0.043,0.11,1,0.14,2.66
527,2024-04-30,Coventry,Ipswich,H,4.33,0.356,0.1627,0.0813,0.22,0,-0.22,2.44
528,2024-04-30,Coventry,Ipswich,D,4.2,0.2854,0.062,0.031,0.08,0,-0.08,2.37
529,2024-05-01,FeralpiSalo,Brescia,A,2.75,0.4043,0.0639,0.032,0.08,0,-0.08,2.29
530,2024-05-01,Sudtirol,Ternana,H,2.2,0.4991,0.0816,0.0408,0.09,1,0.11,2.4
531,2024-05-01,Reggiana,Modena,H,3.0,0.3857,0.0786,0.0393,0.09,1,0.19,2.59
532,2024-05-03,Rodez,Annecy,H,2.25,0.5421,0.1758,0.0879,0.23,0,-0.23,2.37
533,2024-05-03,Grenoble,Concarneau,H,2.15,0.5334,0.1277,0.0638,0.15,1,0.17,2.54
534,2024-05-03,Luton,Everton,A,2.55,0.4378,0.0751,0.0376,0.1,0,-0.1,2.44
535,2024-05-03,Getafe,Ath Bilbao,H,4.0,0.356,0.1414,0.0707,0.17,0,-0.17,2.27
536,2024-05-03,Toulouse,Montpellier,D,3.8,0.3011,0.0516,0.0258,0.06,0,-0.06,2.21
537,2024-05-03,Bastia,Amiens,H,2.4,0.4931,0.1311,0.0655,0.14,0,-0.14,2.07
538,2024-05-04,Coventry,QPR,H,2.2,0.5006,0.0845,0.0422,0.09,0,-0.09,1.98
539,2024-05-04,Brest,Nantes,H,1.73,0.6681,0.2134,0.1067,0.21,0,-0.21,1.77
540,2024-05-04,Real Madrid,Cadiz,H,1.33,0.8967,0.5836,0.2918,0.52,1,0.17,1.94
541,2024-05-04,West Brom,Preston,A,8.0,0.2025,0.0885,0.0443,0.09,0,-0.09,1.85
542,2024-05-04,Stoke,Bristol City,A,3.75,0.323,0.0768,0.0384,0.07,0,-0.07,1.78
543,2024-05-04,Sunderland,Sheffield Weds,H,2.7,0.4221,0.0821,0.0411,0.07,0,-0.07,1.71
544,2024-05-04,Leicester,Blackburn,H,1.7,0.7559,0.4071,0.2036,0.35,0,-0.35,1.36
545,2024-05-04,Leeds,Southampton,A,5.5,0.2286,0.0572,0.0286,0.04,1,0.18,1.54
546,2024-05-04,Birmingham,Norwich,A,2.8,0.43,0.1133,0.0567,0.09,0,-0.09,1.45
547,2024-05-04,Mallorca,Ath Madrid,A,2.15,0.4984,0.0623,0.0311,0.05,1,0.05,1.5
548,2024-05-04,Sheffield United,Nott'm Forest,H,4.75,0.3025,0.1165,0.0583,0.09,0,-0.09,1.41
549,2024-05-04,FC Koln,Freiburg,A,2.88,0.4,0.0808,0.0404,0.06,0,-0.06,1.36
550,2024-05-04,Dortmund,Augsburg,H,1.85,0.7454,0.4459,0.2229,0.3,1,0.26,1.61
551,2024-05-04,Stuttgart,Bayern Munich,A,3.1,0.4802,0.2327,0.1164,0.19,0,-0.19,1.43
552,2024-05-04,Kaiserslautern,Magdeburg,A,3.3,0.3409,0.0544,0.0272,0.04,0,-0.04,1.39
553,2024-05-04,Sassuolo,Inter,A,1.5,0.7853,0.3558,0.1779,0.25,0,-0.25,1.14
554,2024-05-04,Greuther Furth,Braunschweig,H,2.4,0.5383,0.2085,0.1043,0.12,0,-0.12,1.02
555,2024-05-04,Girona,Barcelona,A,2.4,0.4518,0.0603,0.0301,0.03,0,-0.03,0.99
556,2024-05-04,Monza,Lazio,H,4.33,0.2742,0.0562,0.0281,0.03,0,-0.03,0.96
557,2024-05-05,Andorra,Albacete,A,3.75,0.319,0.0713,0.0356,0.03,1,0.09,1.06
558,2024-05-05,Palermo,Ascoli,H,2.3,0.5236,0.1571,0.0785,0.08,0,-0.08,0.97
559,2024-05-05,Pisa,Sudtirol,A,4.5,0.3005,0.1006,0.0503,0.05,0,-0.05,0.92
560,2024-05-05,Elversberg,Hertha,A,2.6,0.4677,0.1351,0.0675,0.06,0,-0.06,0.86
561,2024-05-05,Brighton,Aston Villa,A,2.45,0.4529,0.0755,0.0378,0.03,0,-0.03,0.83
562,2024-05-05,Roma,Juventus,H,2.88,0.3903,0.0661,0.033,0.03,0,-0.03,0.8
563,2024-05-05,Heidenheim,Mainz,H,3.0,0.4532,0.1797,0.0899,0.07,0,-0.07,0.73
564,2024-05-05,Celta,Villarreal,A,2.88,0.4453,0.1503,0.0751,0.05,0,-0.05,0.68
565,2024-05-05,Ein Frankfurt,Leverkusen,A,2.2,0.5497,0.1745,0.0872,0.06,1,0.07,0.75
566,2024-05-05,Parma,Cremonese,H,2.63,0.516,0.2191,0.1096,0.08,0,-0.08,0.66
567,2024-05-06,Crystal Palace,Man United,A,2.8,0.4181,0.0948,0.0474,0.03,0,-0.03,0.63
568,2024-05-10,Spezia,Venezia,A,3.2,0.3741,0.0897,0.0448,0.03,0,-0.03,0.6
569,2024-05-10,Sudtirol,Palermo,H,3.2,0.4403,0.1859,0.093,0.06,0,-0.06,0.55
570,2024-05-10,Dunkerque,Caen,H,3.4,0.3272,0.0469,0.0235,0.01,0,-0.01,0.54
571,2024-05-10,Annecy,Angers,H,3.3,0.3407,0.054,0.027,0.01,0,-0.01,0.52
572,2024-05-10,Paris FC,Guingamp,H,2.38,0.4465,0.0454,0.0227,0.01,1,0.02,0.54
573,2024-05-10,Magdeburg,Greuther Furth,A,3.6,0.3384,0.0839,0.042,0.02,0,-0.02,0.51
574,2024-05-10,Cremonese,Cittadella,H,1.8,0.5803,0.0556,0.0278,0.01,1,0.01,0.53
575,2024-05-10,Paderborn,Hamburg,H,3.6,0.3199,0.0583,0.0291,0.02,1,0.04,0.57
576,2024-05-10,Frosinone,Inter,A,1.73,0.6931,0.2727,0.1364,0.08,1,0.06,0.62
577,2024-05-10,FeralpiSalo,Ternana,D,4.0,0.2934,0.0578,0.0289,0.02,0,-0.02,0.6
578,2024-05-10,FeralpiSalo,Ternana,H,4.2,0.3552,0.1538,0.0769,0.05,0,-0.05,0.56
579,2024-05-10,Catanzaro,Sampdoria,H,3.4,0.3987,0.1481,0.0741,0.04,0,-0.04,0.52
580,2024-05-10,Como,Cosenza,D,6.0,0.2501,0.1001,0.05,0.03,1,0.13,0.65
581,2024-05-10,Bari,Brescia,A,5.5,0.2848,0.1259,0.063,0.04,0,-0.04,0.6
582,2024-05-10,Bari,Brescia,D,4.33,0.3032,0.094,0.047,0.03,0,-0.03,0.58
583,2024-05-10,Valenciennes,Quevilly Rouen,H,3.25,0.3546,0.0678,0.0339,0.02,1,0.04,0.62
584,2024-05-10,Ascoli,Pisa,A,4.75,0.2931,0.1046,0.0523,0.03,0,-0.03,0.59
585,2024-05-11,Schalke 04,Hansa Rostock,H,1.85,0.6075,0.1457,0.0728,0.04,1,0.04,0.62
586,2024-05-11,Hearts,Dundee,H,1.67,0.6582,0.1481,0.0741,0.05,1,0.03,0.66
587,2024-05-11,Hertha,Kaiserslautern,H,2.55,0.5903,0.3259,0.163,0.11,1,0.17,0.82
588,2024-05-11,Mainz,Dortmund,A,3.1,0.5904,0.3954,0.1977,0.16,0,-0.16,0.66
589,2024-05-11,Milan,Cagliari,H,1.4,0.7796,0.2285,0.1143,0.08,1,0.03,0.69
590,2024-05-11,Fulham,Man City,D,7.0,0.2049,0.0723,0.0362,0.02,0,-0.02,0.66
591,2024-05-11,Granada,Real Madrid,A,1.53,0.7561,0.2961,0.148,0.1,1,0.05,0.72
592,2024-05-11,Mallorca,Las Palmas,A,6.5,0.2265,0.0858,0.0429,0.03,0,-0.03,0.69
593,2024-05-11,West Ham,Luton,H,1.8,0.5921,0.0822,0.0411,0.03,1,0.02,0.71
594,2024-05-11,Villarreal,Sevilla,D,4.0,0.2874,0.0499,0.025,0.02,0,-0.02,0.69
595,2024-05-11,Ross County,Motherwell,A,3.1,0.4234,0.1489,0.0744,0.05,1,0.11,0.8
596,2024-05-11,Fulham,Man City,H,13.0,0.1268,0.054,0.027,0.02,0,-0.02,0.78
597,2024-05-12,Clermont,Lyon,H,5.25,0.259,0.0847,0.0423,0.03,0,-0.03,0.74
598,2024-05-12,Paris SG,Toulouse,H,1.4,0.7789,0.226,0.113,0.08,0,-0.08,0.66
599,2024-05-12,Strasbourg,Metz,H,2.2,0.4837,0.0535,0.0268,0.02,1,0.02,0.68
600,2024-05-12,Man United,Arsenal,D,5.5,0.2421,0.0737,0.0369,0.03,0,-0.03,0.66
601,2024-05-12,Man United,Arsenal,H,7.0,0.2329,0.105,0.0525,0.03,0,-0.03,0.62
602,2024-05-12,Darmstadt,Hoffenheim,H,4.75,0.2642,0.068,0.034,0.02,0,-0.02,0.6
603,2024-05-12,Bochum,Leverkusen,A,1.7,0.6726,0.2049,0.1025,0.06,1,0.04,0.64
604,2024-05-12,Valencia,Vallecano,H,2.25,0.4928,0.0871,0.0436,0.03,0,-0.03,0.62
605,2024-05-12,Genoa,Sassuolo,H,2.2,0.565,0.2025,0.1013,0.06,1,0.07,0.69
606,2024-05-12,Albacete,Leganes,A,3.1,0.375,0.0774,0.0387,0.03,0,-0.03,0.66
607,2024-05-12,Lazio,Empoli,H,1.57,0.6867,0.1372,0.0686,0.05,1,0.03,0.69
608,2024-05-12,Cadiz,Getafe,A,3.8,0.3681,0.1424,0.0712,0.05,0,-0.05,0.64
609,2024-05-12,Ath Madrid,Celta,H,1.42,0.7347,0.1031,0.0515,0.03,1,0.01,0.65
610,2024-05-12,Cartagena,Tenerife,H,2.7,0.4105,0.0637,0.0319,0.02,1,0.04,0.69
611,2024-05-13,Fiorentina,Monza,A,5.75,0.2181,0.0535,0.0268,0.02,0,-0.02,0.67
612,2024-05-13,Lecce,Udinese,H,2.63,0.4261,0.074,0.037,0.02,0,-0.02,0.65
613,2024-05-13,Barcelona,Sociedad,H,1.8,0.619,0.1427,0.0714,0.05,1,0.04,0.68
614,2024-05-14,Osasuna,Mallorca,H,2.8,0.4254,0.1062,0.0531,0.04,0,-0.04,0.65
615,2024-05-14,Tottenham,Man City,D,6.0,0.232,0.0784,0.0392,0.03,0,-0.03,0.62
616,2024-05-14,Real Madrid,Alaves,H,1.22,0.8463,0.1476,0.0738,0.05,1,0.01,0.63
617,2024-05-15,St Mirren,Hearts,A,2.63,0.4295,0.0795,0.0397,0.03,0,-0.03,0.61
618,2024-05-15,Nice,Paris SG,A,2.63,0.4181,0.0612,0.0306,0.02,1,0.03,0.64
619,2024-05-15,Celta,Ath Bilbao,A,2.7,0.4116,0.0655,0.0327,0.02,0,-0.02,0.62
620,2024-05-15,Man United,Newcastle,H,2.75,0.4084,0.0703,0.0352,0.02,1,0.04,0.65
621,2024-05-15,Sevilla,Cadiz,H,1.9,0.5819,0.1174,0.0587,0.04,0,-0.04,0.62
622,2024-05-15,Brighton,Chelsea,H,3.3,0.3441,0.059,0.0295,0.02,0,-0.02,0.6
623,2024-05-15,Kilmarnock,Celtic,D,5.75,0.2391,0.0789,0.0394,0.02,0,-0.02,0.57
624,2024-05-15,Hibernian,Motherwell,A,4.0,0.315,0.0866,0.0433,0.02,0,-0.02,0.55
625,2024-05-16,Las Palmas,Betis,D,3.5,0.3202,0.0482,0.0241,0.01,1,0.03,0.58
626,2024-05-16,Almeria,Barcelona,A,1.44,0.7255,0.1015,0.0508,0.03,1,0.01,0.59
627,2024-05-17,Quevilly Rouen,St Etienne,D,4.1,0.2804,0.0483,0.0241,0.01,0,-0.01,0.58
628,2024-05-17,Grenoble,Amiens,D,3.4,0.3249,0.0436,0.0218,0.01,0,-0.01,0.57
629,2024-05-17,Rodez,Ajaccio,A,5.75,0.2163,0.0513,0.0256,0.01,0,-0.01,0.55
630,2024-05-17,Rodez,Ajaccio,D,4.2,0.2732,0.046,0.023,0.01,0,-0.01,0.54
631,2024-05-17,Quevilly Rouen,St Etienne,H,4.75,0.2629,0.0663,0.0332,0.02,1,0.07,0.61
632,2024-05-17,Caen,Valenciennes,D,5.0,0.2377,0.0471,0.0236,0.01,0,-0.01,0.59
633,2024-05-17,Mirandes,Elche,H,3.3,0.3413,0.055,0.0275,0.02,0,-0.02,0.58
634,2024-05-17,Fiorentina,Napoli,A,3.1,0.3545,0.0471,0.0235,0.01,0,-0.01,0.56
635,2024-05-17,Bastia,Paris FC,D,3.9,0.3,0.0586,0.0293,0.02,1,0.05,0.61
636,2024-05-17,Bastia,Paris FC,H,3.6,0.3767,0.137,0.0685,0.04,0,-0.04,0.57
637,2024-05-17,Troyes,Annecy,H,2.45,0.4706,0.1055,0.0527,0.03,0,-0.03,0.54
638,2024-05-18,Andorra,Burgos,A,3.2,0.3542,0.0606,0.0303,0.02,0,-0.02,0.52
639,2024-05-18,Torino,Milan,A,2.6,0.4818,0.1579,0.0789,0.04,0,-0.04,0.48
640,2024-05-18,Alaves,Getafe,A,4.1,0.2867,0.0566,0.0283,0.01,0,-0.01,0.47
641,2024-05-18,Celtic,St Mirren,H,1.22,0.8734,0.2982,0.1491,0.07,1,0.02,0.48
642,2024-05-18,Eldense,Levante,A,2.7,0.4115,0.0654,0.0327,0.02,0,-0.02,0.47
643,2024-05-18,Tenerife,Amorebieta,H,2.1,0.4974,0.0404,0.0202,0.01,0,-0.01,0.46
644,2024-05-18,Heidenheim,FC Koln,H,2.3,0.4742,0.0698,0.0349,0.02,1,0.02,0.48
645,2024-05-18,Hoffenheim,Bayern Munich,A,2.0,0.632,0.264,0.132,0.06,0,-0.06,0.42
646,2024-05-18,Wolfsburg,Mainz,H,3.2,0.4552,0.2075,0.1038,0.04,0,-0.04,0.37
647,2024-05-18,Werder Bremen,Bochum,H,2.38,0.4935,0.1264,0.0632,0.02,1,0.03,0.41
648,2024-05-18,Union Berlin,Freiburg,A,3.5,0.3271,0.0579,0.029,0.01,0,-0.01,0.39
649,2024-05-18,Leverkusen,Augsburg,H,1.3,0.8705,0.4386,0.2193,0.09,1,0.03,0.42
650,2024-05-19,Villarreal,Real Madrid,A,2.05,0.6048,0.2285,0.1142,0.05,0,-0.05,0.37
651,2024-05-19,Inter,Lazio,H,1.62,0.7043,0.2273,0.1137,0.04,0,-0.04,0.33
652,2024-05-19,Fortuna Dusseldorf,Magdeburg,H,1.8,0.6642,0.2444,0.1222,0.04,1,0.03,0.36
653,2024-05-19,Lorient,Clermont,D,4.0,0.3018,0.0691,0.0345,0.01,0,-0.01,0.35
654,2024-05-19,Eibar,Cartagena,A,8.5,0.2148,0.1101,0.055,0.02,0,-0.02,0.33
655,2024-05-19,Lille,Nice,D,4.0,0.3084,0.0779,0.039,0.01,1,0.04,0.37
656,2024-05-19,Metz,Paris SG,A,1.62,0.6824,0.1702,0.0851,0.03,1,0.02,0.39
657,2024-05-19,Barcelona,Vallecano,H,1.25,0.8132,0.0662,0.0331,0.01,1,0.0,0.39
658,2024-05-19,Lorient,Clermont,A,4.75,0.3111,0.1273,0.0637,0.02,0,-0.02,0.37
659,2024-05-19,Eibar,Cartagena,D,5.0,0.2741,0.0926,0.0463,0.02,0,-0.02,0.35
660,2024-05-19,Monza,Frosinone,H,3.0,0.5176,0.2764,0.1382,0.05,0,-0.05,0.3
661,2024-05-19,Monaco,Nantes,H,1.38,0.759,0.1248,0.0624,0.02,1,0.01,0.31
662,2024-05-19,Wehen,St Pauli,A,2.25,0.5869,0.2565,0.1282,0.04,1,0.05,0.36
663,2024-05-19,Osnabruck,Hertha,A,2.0,0.542,0.0841,0.042,0.02,0,-0.02,0.34
664,2024-05-19,Toulouse,Brest,H,4.0,0.3616,0.1488,0.0744,0.03,0,-0.03,0.32
665,2024-05-19,Hansa Rostock,Paderborn,A,2.9,0.4512,0.1624,0.0812,0.03,1,0.05,0.37
666,2024-05-19,Kaiserslautern,Braunschweig,A,4.1,0.2869,0.0569,0.0285,0.01,0,-0.01,0.36
667,2024-05-19,Ath Madrid,Osasuna,H,1.4,0.7695,0.1931,0.0965,0.03,0,-0.03,0.32
668,2024-05-19,Motherwell,St Johnstone,H,2.4,0.5683,0.26,0.13,0.04,0,-0.04,0.28
669,2024-05-19,Burnley,Nott'm Forest,H,3.0,0.398,0.0971,0.0485,0.01,0,-0.01,0.27
670,2024-05-19,Crystal Palace,Aston Villa,A,3.6,0.4168,0.1925,0.0962,0.03,0,-0.03,0.24
671,2024-05-20,Villarreal B,Albacete,D,3.5,0.3233,0.0527,0.0263,0.01,1,0.02,0.26
672,2024-05-20,Villarreal B,Albacete,A,3.1,0.3567,0.0503,0.0252,0.01,0,-0.01,0.25
673,2024-05-20,Salernitana,Verona,H,5.0,0.3114,0.1392,0.0696,0.02,0,-0.02,0.23
674,2024-05-23,Cagliari,Fiorentina,H,4.2,0.2752,0.0487,0.0244,0.01,0,-0.01,0.23
675,2024-05-25,Real Madrid,Betis,H,1.33,0.7705,0.0752,0.0376,0.01,0,-0.01,0.22
676,2024-05-25,Milan,Salernitana,H,1.18,0.8891,0.273,0.1365,0.03,0,-0.03,0.19
677,2024-05-25,Almeria,Cadiz,A,3.5,0.3637,0.1092,0.0546,0.01,0,-0.01,0.18
678,2024-05-25,Almeria,Cadiz,D,3.6,0.3205,0.0591,0.0296,0.01,0,-0.01,0.17
679,2024-05-26,Sevilla,Barcelona,A,1.8,0.579,0.0528,0.0264,0.0,1,0.0,0.18
680,2024-05-26,Oviedo,Andorra,D,4.75,0.2632,0.0667,0.0334,0.01,0,-0.01,0.17
681,2024-05-26,Empoli,Roma,A,3.6,0.5411,0.3646,0.1823,0.03,0,-0.03,0.14
682,2024-05-26,Lazio,Sassuolo,H,1.36,0.7482,0.0487,0.0243,0.0,0,-0.0,0.14
683,2024-05-26,Atalanta,Torino,H,3.3,0.5591,0.3673,0.1837,0.02,1,0.06,0.19
684,2024-05-26,Santander,Zaragoza,H,2.0,0.5309,0.0618,0.0309,0.01,0,-0.01,0.19
685,2024-05-26,Albacete,Mirandes,H,2.63,0.4866,0.1717,0.0858,0.02,0,-0.02,0.17
686,2024-05-26,Verona,Inter,A,1.53,0.7093,0.1609,0.0804,0.01,0,-0.01,0.16
687,2024-05-26,Cartagena,Huesca,H,4.2,0.4518,0.2804,0.1402,0.02,0,-0.02,0.14
688,2024-05-26,Elche,Eldense,D,4.0,0.2886,0.0515,0.0258,0.0,0,-0.0,0.13
689,2024-06-02,Eldense,Sp Gijon,D,4.1,0.3231,0.1047,0.0523,0.01,0,-0.01,0.13
690,2024-06-02,Eldense,Sp Gijon,H,4.75,0.3574,0.1861,0.093,0.01,0,-0.01,0.11
691,2024-06-02,Tenerife,Valladolid,D,3.5,0.3383,0.0736,0.0368,0.0,0,-0.0,0.11
692,2024-06-02,Leganes,Elche,A,7.0,0.2079,0.0759,0.0379,0.0,0,-0.0,0.11
693,2024-06-02,Andorra,Ferrol,D,3.5,0.3157,0.0419,0.021,0.0,0,-0.0,0.1
694,2024-06-02,Villarreal B,Santander,H,4.75,0.316,0.1336,0.0668,0.01,1,0.03,0.13
695,2024-06-02,Huesca,Levante,D,3.3,0.3399,0.0529,0.0265,0.0,1,0.01,0.14
696,2024-08-03,Karlsruhe,Nurnberg,H,1.91,0.6071,0.1754,0.0877,0.01,1,0.01,0.15
697,2024-08-03,Hannover,Regensburg,H,1.65,0.6288,0.0578,0.0289,0.0,1,0.0,0.15
698,2024-08-04,Ulm,Kaiserslautern,H,2.88,0.3842,0.0566,0.0283,0.0,0,-0.0,0.15
699,2024-08-04,Darmstadt,Fortuna Dusseldorf,A,2.38,0.5211,0.1741,0.087,0.01,1,0.02,0.16
700,2024-08-09,Kaiserslautern,Greuther Furth,A,3.1,0.3671,0.0658,0.0329,0.01,0,-0.01,0.16
701,2024-08-09,Preston,Sheffield United,H,3.1,0.3899,0.0993,0.0497,0.01,0,-0.01,0.15
702,2024-08-10,Dundee,Hearts,A,2.2,0.4817,0.0498,0.0249,0.0,0,-0.0,0.15
703,2024-08-10,Ross County,Dundee United,H,2.55,0.4428,0.0834,0.0417,0.01,0,-0.01,0.14
704,2024-08-10,Hull,Bristol City,H,2.63,0.4614,0.131,0.0655,0.01,0,-0.01,0.13
705,2024-08-10,Cardiff,Sunderland,H,2.8,0.4044,0.0735,0.0368,0.0,0,-0.0,0.13
706,2024-08-11,PreuÃen MÃ¼nster,Hannover,A,2.1,0.5648,0.1692,0.0846,0.01,0,-0.01,0.12
707,2024-08-11,Paderborn,Darmstadt,H,1.85,0.5708,0.0658,0.0329,0.0,1,0.0,0.12
708,2024-08-15,Granada,Albacete,D,3.5,0.3308,0.0631,0.0315,0.0,0,-0.0,0.12
709,2024-08-15,Betis,Girona,A,3.0,0.3863,0.0794,0.0397,0.0,0,-0.0,0.11
710,2024-08-16,Amiens,Red Star,H,2.2,0.5466,0.1688,0.0844,0.01,1,0.01,0.12
711,2024-08-16,Coventry,Oxford,D,3.9,0.3237,0.0905,0.0452,0.01,0,-0.01,0.12
712,2024-08-16,Coventry,Oxford,A,4.75,0.2522,0.0528,0.0264,0.0,0,-0.0,0.11
713,2024-08-16,Brescia,Palermo,H,2.8,0.413,0.0869,0.0435,0.0,1,0.01,0.12
714,2024-08-16,Ajaccio,Rodez,A,3.1,0.3585,0.053,0.0265,0.0,0,-0.0,0.12
715,2024-08-16,Mirandes,Cordoba,H,3.0,0.509,0.2635,0.1318,0.02,1,0.03,0.15
716,2024-08-17,West Ham,Aston Villa,A,2.75,0.4396,0.1194,0.0597,0.01,1,0.02,0.17
717,2024-08-17,Brest,Marseille,H,3.0,0.4309,0.1463,0.0732,0.01,0,-0.01,0.15
718,2024-08-17,Watford,Stoke,H,2.63,0.4229,0.0688,0.0344,0.01,1,0.01,0.16
719,2024-08-17,Eibar,Castellon,H,1.8,0.6575,0.2294,0.1147,0.02,1,0.01,0.18
720,2024-08-17,Sudtirol,Modena,H,2.8,0.4409,0.1304,0.0652,0.01,1,0.02,0.2
721,2024-08-17,Ipswich,Liverpool,H,8.5,0.1648,0.0534,0.0267,0.01,0,-0.01,0.19
722,2024-08-17,West Brom,Leeds,H,3.4,0.3309,0.0521,0.0261,0.01,0,-0.01,0.19
723,2024-08-18,Frosinone,Sampdoria,H,2.7,0.4601,0.1425,0.0712,0.01,0,-0.01,0.17
724,2024-08-18,Sp Gijon,Levante,A,4.33,0.2975,0.0865,0.0433,0.01,1,0.03,0.2
725,2024-08-18,Bologna,Udinese,H,1.91,0.6043,0.1695,0.0848,0.02,0,-0.02,0.18
726,2024-08-18,Toulouse,Nantes,H,2.1,0.5185,0.0809,0.0404,0.01,0,-0.01,0.18
727,2024-08-18,Angers,Lens,H,5.75,0.2224,0.0587,0.0293,0.01,0,-0.01,0.17
728,2024-08-18,Santander,Almeria,H,2.6,0.4465,0.1006,0.0503,0.01,0,-0.01,0.16
729,2024-08-19,Leicester,Tottenham,H,5.0,0.2571,0.0713,0.0357,0.01,0,-0.01,0.16
730,2024-08-19,Lecce,Atalanta,A,1.85,0.5703,0.0649,0.0324,0.01,1,0.0,0.16
731,2024-08-23,Laval,Guingamp,H,3.2,0.3462,0.049,0.0245,0.0,0,-0.0,0.16
732,2024-08-23,Sevilla,Villarreal,A,2.8,0.3927,0.0553,0.0277,0.0,1,0.01,0.16
733,2024-08-23,Paris FC,Dunkerque,H,1.65,0.6103,0.0108,0.0054,0.0,1,0.0,0.16
734,2024-08-23,Huesca,La Coruna,H,2.5,0.4766,0.1276,0.0638,0.01,1,0.02,0.18
735,2024-08-23,M'gladbach,Leverkusen,A,1.55,0.6694,0.0683,0.0342,0.01,1,0.0,0.18
736,2024-08-23,Santander,Eibar,A,3.2,0.3896,0.1121,0.0561,0.01,0,-0.01,0.17
737,2024-08-24,Spezia,Frosinone,A,3.0,0.3959,0.0939,0.0469,0.01,0,-0.01,0.17
738,2024-08-24,Hull,Millwall,H,2.2,0.5036,0.09,0.045,0.01,0,-0.01,0.16
739,2024-08-24,Barcelona,Ath Bilbao,H,1.62,0.647,0.0776,0.0388,0.01,1,0.0,0.16
740,2024-08-24,Cremonese,Carrarese,H,1.62,0.6614,0.1152,0.0576,0.01,1,0.01,0.17
741,2024-08-24,Brescia,Cittadella,H,2.55,0.5091,0.1924,0.0962,0.02,0,-0.02,0.15
742,2024-08-24,Ferrol,Granada,H,3.2,0.4728,0.2332,0.1166,0.02,0,-0.02,0.13
743,2024-08-24,Malaga,Mirandes,A,5.25,0.2563,0.0813,0.0406,0.01,0,-0.01,0.13
744,2024-08-24,Crystal Palace,West Ham,H,2.15,0.4914,0.0492,0.0246,0.0,0,-0.0,0.13
745,2024-08-24,Dundee United,St Johnstone,D,3.7,0.3092,0.0534,0.0267,0.0,0,-0.0,0.12
746,2024-08-24,Udinese,Lazio,A,2.35,0.4587,0.0578,0.0289,0.0,0,-0.0,0.12
747,2024-08-24,Norwich,Sheffield United,H,2.7,0.4348,0.1024,0.0512,0.01,0,-0.01,0.11
748,2024-08-24,Dortmund,Ein Frankfurt,H,1.7,0.6661,0.1892,0.0946,0.01,1,0.01,0.12
749,2024-08-24,Middlesbrough,Portsmouth,A,7.0,0.2008,0.0676,0.0338,0.0,0,-0.0,0.12
750,2024-08-24,Middlesbrough,Portsmouth,D,4.33,0.2711,0.0522,0.0261,0.0,1,0.01,0.13
751,2024-08-24,Malaga,Mirandes,D,3.5,0.3326,0.0657,0.0328,0.0,1,0.01,0.14
752,2024-08-25,Nantes,Auxerre,A,3.25,0.3768,0.0998,0.0499,0.01,0,-0.01,0.13
753,2024-08-25,Aberdeen,Kilmarnock,A,5.25,0.2646,0.0915,0.0458,0.01,0,-0.01,0.12
754,2024-08-25,Ath Madrid,Girona,A,5.5,0.2421,0.0737,0.0368,0.0,0,-0.0,0.12
755,2024-08-25,Castellon,Oviedo,A,3.75,0.5062,0.3266,0.1633,0.02,0,-0.02,0.1
756,2024-08-25,Alaves,Betis,A,3.25,0.3847,0.1113,0.0556,0.01,0,-0.01,0.09
757,2024-08-25,Ulm,Fortuna Dusseldorf,A,1.85,0.566,0.0554,0.0277,0.0,1,0.0,0.1
758,2024-08-25,Swansea,Cardiff,H,1.95,0.5466,0.0694,0.0347,0.0,0,-0.0,0.09
759,2024-08-25,Napoli,Bologna,A,4.1,0.3079,0.0846,0.0423,0.0,0,-0.0,0.09
760,2024-08-26,Cordoba,Burgos,A,3.5,0.4181,0.1854,0.0927,0.01,0,-0.01,0.08
761,2024-08-26,Villarreal,Celta,H,1.91,0.5416,0.0378,0.0189,0.0,1,0.0,0.08
762,2024-08-26,Red Star,Ajaccio,A,3.1,0.4073,0.1251,0.0625,0.01,0,-0.01,0.08
763,2024-08-26,Cartagena,Zaragoza,H,3.1,0.3702,0.0702,0.0351,0.0,0,-0.0,0.07
764,2024-08-27,Cittadella,Pisa,H,3.6,0.4051,0.1763,0.0882,0.01,0,-0.01,0.07
765,2024-08-27,Salernitana,Sampdoria,H,2.8,0.4262,0.1074,0.0537,0.0,1,0.01,0.07
766,2024-08-27,Carrarese,Sudtirol,A,2.55,0.4648,0.1195,0.0597,0.0,0,-0.0,0.07
767,2024-08-27,Bari,Sassuolo,A,2.63,0.422,0.0675,0.0337,0.0,0,-0.0,0.07
768,2024-08-27,Frosinone,Modena,H,2.25,0.5609,0.2096,0.1048,0.01,0,-0.01,0.06
769,2024-08-29,Girona,Osasuna,H,1.7,0.6079,0.0477,0.0239,0.0,1,0.0,0.06
770,2024-08-30,Regensburg,Greuther Furth,A,2.5,0.4513,0.0855,0.0428,0.0,1,0.0,0.07
771,2024-08-30,Fortuna Dusseldorf,Hannover,H,2.3,0.5588,0.2194,0.1097,0.01,1,0.01,0.07
772,2024-08-30,Oviedo,Santander,H,2.15,0.5003,0.0658,0.0329,0.0,0,-0.0,0.07
773,2024-08-30,Dunkerque,Rodez,A,2.7,0.3989,0.0453,0.0227,0.0,0,-0.0,0.07
774,2024-08-30,Guingamp,Red Star,H,1.85,0.6015,0.1327,0.0663,0.0,0,-0.0,0.07
775,2024-08-30,Clermont,Paris FC,H,3.25,0.465,0.2272,0.1136,0.01,0,-0.01,0.06
776,2024-08-30,Granada,Huesca,A,4.75,0.2637,0.0673,0.0337,0.0,1,0.01,0.07
777,2024-08-31,Portsmouth,Sunderland,D,3.7,0.3153,0.0617,0.0309,0.0,0,-0.0,0.06
778,2024-08-31,Burnley,Blackburn,H,1.91,0.5844,0.1276,0.0638,0.0,0,-0.0,0.06
779,2024-08-31,Portsmouth,Sunderland,H,3.3,0.3909,0.1261,0.063,0.0,0,-0.0,0.06
780,2024-08-31,Montpellier,Nantes,H,2.25,0.4961,0.093,0.0465,0.0,0,-0.0,0.05
781,2024-08-31,Cardiff,Middlesbrough,H,3.9,0.2986,0.0568,0.0284,0.0,0,-0.0,0.05
782,2024-08-31,Dundee,St Mirren,A,3.4,0.3275,0.0472,0.0236,0.0,0,-0.0,0.05
783,2024-08-31,Pisa,Reggiana,D,3.75,0.3139,0.0644,0.0322,0.0,0,-0.0,0.05
784,2024-08-31,Pisa,Reggiana,A,5.0,0.2619,0.0773,0.0387,0.0,0,-0.0,0.05
785,2024-08-31,Millwall,Sheffield Weds,H,2.38,0.4563,0.0623,0.0311,0.0,1,0.0,0.05
786,2024-08-31,Toulouse,Marseille,D,3.8,0.3042,0.0557,0.0278,0.0,0,-0.0,0.05
787,2024-08-31,Coventry,Norwich,A,4.0,0.3142,0.0857,0.0428,0.0,1,0.01,0.05
788,2024-08-31,Kaiserslautern,Hertha,A,2.88,0.4087,0.0942,0.0471,0.0,1,0.0,0.06
789,2024-08-31,Nurnberg,Magdeburg,H,2.63,0.4194,0.0633,0.0316,0.0,0,-0.0,0.06
790,2024-08-31,Almeria,Sp Gijon,A,5.0,0.2569,0.0712,0.0356,0.0,0,-0.0,0.05
791,2024-08-31,Espanol,Vallecano,H,2.8,0.4103,0.0828,0.0414,0.0,1,0.0,0.06
792,2024-08-31,Leeds,Hull,D,5.25,0.2331,0.0527,0.0263,0.0,0,-0.0,0.06
793,2024-08-31,Leeds,Hull,A,9.0,0.1631,0.0585,0.0293,0.0,0,-0.0,0.06
794,2024-08-31,Plymouth,Stoke,H,3.1,0.376,0.0789,0.0395,0.0,0,-0.0,0.05
795,2024-08-31,Ein Frankfurt,Hoffenheim,D,4.2,0.2838,0.0601,0.03,0.0,0,-0.0,0.05
796,2024-08-31,Holstein Kiel,Wolfsburg,H,3.2,0.3828,0.1023,0.0511,0.0,0,-0.0,0.05
797,2024-08-31,Sassuolo,Cremonese,H,2.3,0.479,0.0782,0.0391,0.0,0,-0.0,0.05
798,2024-08-31,Leicester,Aston Villa,H,4.5,0.2791,0.0732,0.0366,0.0,0,-0.0,0.05
799,2024-08-31,Amiens,Lorient,H,3.7,0.298,0.038,0.019,0.0,1,0.0,0.05
800,2024-09-01,Burgos,Castellon,H,2.5,0.5815,0.3026,0.1513,0.01,0,-0.01,0.04
801,2024-09-01,Sevilla,Girona,A,2.75,0.4533,0.1408,0.0704,0.0,1,0.0,0.05
802,2024-09-01,Genoa,Verona,H,2.0,0.5302,0.0605,0.0302,0.0,0,-0.0,0.04
803,2024-09-01,Kilmarnock,Hibernian,H,2.8,0.4393,0.1278,0.0639,0.0,0,-0.0,0.04
804,2024-09-01,Heidenheim,Augsburg,H,2.38,0.4837,0.1096,0.0548,0.0,1,0.0,0.04
805,2024-09-01,La Coruna,Ferrol,A,4.33,0.2904,0.0773,0.0386,0.0,0,-0.0,0.04
806,2024-09-01,Udinese,Como,H,2.05,0.5215,0.0658,0.0329,0.0,1,0.0,0.04
807,2024-09-01,Bayern Munich,Freiburg,D,8.0,0.1724,0.0542,0.0271,0.0,0,-0.0,0.04
808,2024-09-01,Hearts,Dundee United,H,1.8,0.6444,0.2,0.1,0.0,0,-0.0,0.04
809,2024-09-01,Sheffield United,Watford,A,4.33,0.316,0.1106,0.0553,0.0,0,-0.0,0.04
810,2024-09-01,Frosinone,Juve Stabia,H,1.91,0.5506,0.0567,0.0284,0.0,0,-0.0,0.04
811,2024-09-01,Mirandes,Zaragoza,H,2.88,0.3776,0.0466,0.0233,0.0,0,-0.0,0.03
812,2024-09-02,Elche,Cordoba,H,2.1,0.5664,0.1723,0.0861,0.0,1,0.0,0.04
813,2024-09-07,Huesca,Burgos,H,2.25,0.4794,0.0629,0.0315,0.0,0,-0.0,0.04
814,2024-09-07,Cordoba,Malaga,A,3.75,0.389,0.1668,0.0834,0.0,0,-0.0,0.03
815,2024-09-08,Ferrol,Mirandes,A,4.33,0.2938,0.0818,0.0409,0.0,0,-0.0,0.03
816,2024-09-08,Ferrol,Mirandes,D,3.6,0.3204,0.059,0.0295,0.0,1,0.0,0.03
817,2024-09-09,Albacete,Eibar,A,3.3,0.377,0.1061,0.0531,0.0,1,0.0,0.04
818,2024-09-09,Castellon,Cadiz,A,3.25,0.4014,0.1353,0.0676,0.0,1,0.01,0.04
819,2024-09-13,Hull,Sheffield United,H,3.25,0.3864,0.1137,0.0569,0.0,0,-0.0,0.04
820,2024-09-13,Clermont,Dunkerque,H,1.95,0.6005,0.18,0.09,0.0,0,-0.0,0.04
821,2024-09-13,Lorient,Red Star,H,1.62,0.6307,0.0351,0.0175,0.0,1,0.0,0.04
822,2024-09-13,Cordoba,La Coruna,A,3.1,0.3956,0.1078,0.0539,0.0,0,-0.0,0.04
823,2024-09-13,Rodez,Guingamp,H,2.63,0.4172,0.0597,0.0299,0.0,0,-0.0,0.04
824,2024-09-13,Pau FC,Martigues,H,2.15,0.5502,0.1591,0.0795,0.0,1,0.0,0.04
825,2024-09-13,PreuÃen MÃ¼nster,Paderborn,A,2.05,0.6254,0.2685,0.1343,0.01,0,-0.01,0.03
826,2024-09-13,Cesena,Modena,H,2.2,0.5042,0.0911,0.0456,0.0,0,-0.0,0.03
827,2024-09-14,Holstein Kiel,Bayern Munich,H,11.0,0.179,0.0969,0.0484,0.0,0,-0.0,0.03
828,2024-09-14,Holstein Kiel,Bayern Munich,D,7.0,0.2133,0.0822,0.0411,0.0,0,-0.0,0.03
829,2024-09-14,Brescia,Frosinone,A,3.0,0.3913,0.0869,0.0435,0.0,0,-0.0,0.03
830,2024-09-14,Middlesbrough,Preston,A,7.0,0.192,0.0573,0.0286,0.0,0,-0.0,0.03
831,2024-09-14,Mallorca,Villarreal,A,2.88,0.4046,0.088,0.044,0.0,1,0.0,0.03
832,2024-09-14,Derby,Cardiff,H,2.35,0.4674,0.0729,0.0365,0.0,1,0.0,0.03
833,2024-09-14,Como,Bologna,A,2.45,0.4929,0.1432,0.0716,0.0,0,-0.0,0.03
834,2024-09-14,RB Leipzig,Union Berlin,H,1.48,0.7091,0.1031,0.0516,0.0,0,-0.0,0.03
835,2024-09-14,Watford,Coventry,H,2.6,0.4359,0.0833,0.0417,0.0,0,-0.0,0.03
836,2024-09-14,Swansea,Norwich,A,3.0,0.3635,0.0452,0.0226,0.0,0,-0.0,0.03
837,2024-09-14,Malaga,Huesca,D,3.25,0.3511,0.0627,0.0314,0.0,0,-0.0,0.02
838,2024-09-14,Plymouth,Sunderland,H,4.5,0.2908,0.0882,0.0441,0.0,1,0.0,0.03
839,2024-09-14,Leeds,Burnley,A,4.75,0.2547,0.056,0.028,0.0,1,0.0,0.03
840,2024-09-14,Oxford,Stoke,H,3.1,0.4087,0.1271,0.0636,0.0,1,0.0,0.04
841,2024-09-14,M'gladbach,Stuttgart,A,2.3,0.4868,0.0921,0.046,0.0,1,0.0,0.04
842,2024-09-14,Plymouth,Sunderland,D,3.6,0.3156,0.0524,0.0262,0.0,0,-0.0,0.04
843,2024-09-15,Tottenham,Arsenal,A,2.3,0.5406,0.1873,0.0937,0.0,1,0.0,0.04
844,2024-09-15,Nantes,Reims,A,3.0,0.3776,0.0664,0.0332,0.0,1,0.0,0.04
845,2024-09-15,Torino,Lecce,H,1.8,0.6036,0.1082,0.0541,0.0,0,-0.0,0.04
846,2024-09-15,Salernitana,Pisa,H,2.6,0.4996,0.1869,0.0934,0.0,0,-0.0,0.04
847,2024-09-15,Celta,Valladolid,A,5.5,0.2376,0.0682,0.0341,0.0,0,-0.0,0.04
848,2024-09-15,Girona,Barcelona,H,4.2,0.277,0.0511,0.0256,0.0,0,-0.0,0.04
849,2024-09-16,Vallecano,Osasuna,A,4.0,0.3322,0.1096,0.0548,0.0,0,-0.0,0.03
850,2024-09-16,Almeria,Castellon,H,2.15,0.5678,0.1921,0.096,0.0,0,-0.0,0.03
851,2024-09-17,Mallorca,Sociedad,A,3.0,0.3702,0.0552,0.0276,0.0,0,-0.0,0.03
852,2024-09-18,Betis,Getafe,H,1.91,0.5757,0.1095,0.0548,0.0,1,0.0,0.03
853,2024-09-20,Cagliari,Empoli,A,3.4,0.3371,0.0609,0.0305,0.0,1,0.0,0.03
854,2024-09-20,Bastia,Paris FC,H,3.2,0.3507,0.0556,0.0278,0.0,1,0.0,0.04
855,2024-09-20,Stoke,Hull,A,3.5,0.337,0.0719,0.0359,0.0,1,0.0,0.04
856,2024-09-21,Valencia,Girona,A,2.5,0.4847,0.1412,0.0706,0.0,0,-0.0,0.04
857,2024-09-21,Bochum,Holstein Kiel,A,4.0,0.3279,0.1038,0.0519,0.0,0,-0.0,0.03
858,2024-09-21,Fortuna Dusseldorf,FC Koln,H,3.0,0.5457,0.3186,0.1593,0.01,0,-0.01,0.03
859,2024-09-21,Sheffield United,Derby,A,5.5,0.2267,0.0548,0.0274,0.0,0,-0.0,0.03
860,2024-09-21,Union Berlin,Hoffenheim,A,3.7,0.319,0.0668,0.0334,0.0,0,-0.0,0.03
861,2024-09-21,Pisa,Brescia,A,4.2,0.2884,0.0661,0.033,0.0,0,-0.0,0.03
862,2024-09-21,Werder Bremen,Bayern Munich,H,8.0,0.1721,0.0538,0.0269,0.0,0,-0.0,0.03
863,2024-09-21,Aston Villa,Wolves,H,1.57,0.6824,0.1251,0.0625,0.0,1,0.0,0.03
864,2024-09-21,Coventry,Swansea,A,5.0,0.2633,0.0791,0.0395,0.0,1,0.0,0.03
865,2024-09-21,Metz,Lorient,H,2.45,0.4311,0.0388,0.0194,0.0,0,-0.0,0.03
866,2024-09-21,Bristol City,Oxford,D,3.6,0.3181,0.0558,0.0279,0.0,0,-0.0,0.03
867,2024-09-21,Zaragoza,Levante,A,4.0,0.3338,0.1117,0.0559,0.0,0,-0.0,0.03
868,2024-09-21,La Coruna,Burgos,A,4.2,0.3017,0.0835,0.0417,0.0,1,0.0,0.03
869,2024-09-21,Luton,Sheffield Weds,H,1.9,0.5518,0.0537,0.0269,0.0,1,0.0,0.03
870,2024-09-21,Lille,Strasbourg,H,1.7,0.6171,0.0701,0.0351,0.0,0,-0.0,0.03
871,2024-09-22,Frosinone,Bari,H,2.3,0.5425,0.1905,0.0953,0.0,0,-0.0,0.03
872,2024-09-22,Brest,Toulouse,H,2.15,0.5187,0.1001,0.05,0.0,1,0.0,0.03
873,2024-09-22,Getafe,Leganes,A,4.75,0.2536,0.0546,0.0273,0.0,0,-0.0,0.03
874,2024-09-22,Spezia,Carrarese,H,1.73,0.6214,0.1028,0.0514,0.0,1,0.0,0.03
875,2024-09-22,Leverkusen,Wolfsburg,H,1.3,0.7934,0.1048,0.0524,0.0,1,0.0,0.03
876,2024-09-22,Lyon,Marseille,H,2.9,0.379,0.0522,0.0261,0.0,0,-0.0,0.03
877,2024-09-22,Elche,Mirandes,A,6.0,0.2477,0.0973,0.0486,0.0,0,-0.0,0.03
878,2024-09-22,Montpellier,Auxerre,H,2.3,0.4715,0.065,0.0325,0.0,1,0.0,0.03
879,2024-09-22,Castellon,Santander,A,4.33,0.4079,0.2302,0.1151,0.0,1,0.01,0.04
880,2024-09-22,Almeria,Eibar,A,4.1,0.434,0.2514,0.1257,0.01,0,-0.01,0.04
881,2024-09-23,Huesca,Cordoba,H,2.6,0.5557,0.278,0.139,0.0,1,0.01,0.04
882,2024-09-24,Paris FC,Guingamp,H,2.5,0.4811,0.1352,0.0676,0.0,1,0.0,0.05
883,2024-09-24,Clermont,Red Star,H,2.1,0.6017,0.2396,0.1198,0.01,0,-0.01,0.04
884,2024-09-25,Barcelona,Getafe,H,1.25,0.8424,0.2118,0.1059,0.0,1,0.0,0.04
885,2024-09-25,Girona,Vallecano,H,1.73,0.6253,0.1121,0.0561,0.0,0,-0.0,0.04
886,2024-09-26,Las Palmas,Betis,A,2.38,0.4567,0.0631,0.0315,0.0,0,-0.0,0.04
887,2024-09-27,Cittadella,Frosinone,A,2.88,0.3853,0.0584,0.0292,0.0,1,0.0,0.04
888,2024-09-27,Albacete,La Coruna,H,2.2,0.501,0.0852,0.0426,0.0,0,-0.0,0.04
889,2024-09-27,Bastia,Annecy,H,2.3,0.4784,0.0772,0.0386,0.0,0,-0.0,0.04
890,2024-09-28,Vallecano,Leganes,A,5.0,0.2418,0.0522,0.0261,0.0,0,-0.0,0.04
891,2024-09-28,Bologna,Atalanta,H,3.0,0.424,0.136,0.068,0.0,0,-0.0,0.03
892,2024-09-28,Genoa,Juventus,H,5.5,0.2532,0.0872,0.0436,0.0,0,-0.0,0.03
893,2024-09-28,Carrarese,Reggiana,A,2.7,0.4007,0.0481,0.0241,0.0,0,-0.0,0.03
894,2024-09-28,Portsmouth,Sheffield United,D,3.9,0.3109,0.0733,0.0367,0.0,1,0.0,0.04
895,2024-09-28,Watford,Sunderland,H,2.75,0.4142,0.0794,0.0397,0.0,1,0.0,0.04
896,2024-09-28,Sassuolo,Spezia,H,2.1,0.5227,0.0888,0.0444,0.0,0,-0.0,0.04
897,2024-09-28,Hearts,Ross County,H,1.65,0.6282,0.0563,0.0282,0.0,0,-0.0,0.04
898,2024-09-28,Bayern Munich,Leverkusen,A,4.2,0.3423,0.1368,0.0684,0.0,0,-0.0,0.03
899,2024-09-28,RB Leipzig,Augsburg,H,1.4,0.7468,0.1137,0.0569,0.0,1,0.0,0.03
900,2024-09-28,Wolfsburg,Stuttgart,A,2.05,0.5387,0.0994,0.0497,0.0,0,-0.0,0.03
901,2024-09-28,Wolves,Liverpool,D,5.75,0.217,0.0522,0.0261,0.0,0,-0.0,0.03
902,2024-09-28,Nott'm Forest,Fulham,A,3.0,0.3677,0.0515,0.0257,0.0,1,0.0,0.03
903,2024-09-28,Kilmarnock,Dundee United,H,2.3,0.5288,0.1663,0.0832,0.0,0,-0.0,0.03
904,2024-09-28,Hull,Cardiff,H,1.85,0.587,0.1011,0.0506,0.0,1,0.0,0.03
905,2024-09-29,Ath Madrid,Real Madrid,A,2.5,0.4594,0.099,0.0495,0.0,0,-0.0,0.03
906,2024-09-29,Salernitana,Catanzaro,H,2.2,0.5024,0.0877,0.0438,0.0,0,-0.0,0.03
907,2024-09-29,Toulouse,Lyon,A,2.88,0.4131,0.1009,0.0504,0.0,1,0.0,0.03
908,2024-09-29,Torino,Lazio,H,2.9,0.3838,0.0595,0.0298,0.0,0,-0.0,0.03
909,2024-09-29,FC Koln,Karlsruhe,A,5.25,0.2944,0.1284,0.0642,0.0,0,-0.0,0.03
910,2024-09-29,Man United,Tottenham,H,2.35,0.4539,0.0493,0.0247,0.0,0,-0.0,0.03
911,2024-09-29,Rangers,Hibernian,H,1.36,0.7864,0.193,0.0965,0.0,1,0.0,0.03
912,2024-09-29,Castellon,Tenerife,A,4.75,0.3112,0.1275,0.0638,0.0,0,-0.0,0.03
913,2024-09-29,Cordoba,Ferrol,A,4.2,0.3578,0.1572,0.0786,0.0,0,-0.0,0.02
914,2024-09-29,Celta,Girona,A,3.25,0.4591,0.2187,0.1094,0.0,0,-0.0,0.02
915,2024-09-29,Oviedo,Eibar,A,3.7,0.3249,0.0749,0.0374,0.0,0,-0.0,0.02
916,2024-09-29,Castellon,Tenerife,D,3.5,0.3307,0.063,0.0315,0.0,0,-0.0,0.02
917,2024-09-29,Levante,Almeria,H,2.5,0.5372,0.2287,0.1144,0.0,1,0.0,0.02
918,2024-09-29,Burgos,Granada,H,2.35,0.4769,0.0894,0.0447,0.0,0,-0.0,0.02
919,2024-09-29,Como,Verona,A,3.6,0.3497,0.0996,0.0498,0.0,0,-0.0,0.02
920,2024-10-01,West Brom,Middlesbrough,H,2.4,0.472,0.0949,0.0474,0.0,0,-0.0,0.02
921,2024-10-01,Norwich,Leeds,H,3.9,0.2952,0.0522,0.0261,0.0,0,-0.0,0.02
922,2024-10-02,Stoke,Portsmouth,A,4.33,0.2853,0.0706,0.0353,0.0,0,-0.0,0.02
923,2024-10-04,Huesca,Cadiz,H,3.1,0.3677,0.0666,0.0333,0.0,1,0.0,0.02
924,2024-10-04,Verona,Venezia,H,2.5,0.5142,0.1904,0.0952,0.0,1,0.0,0.02
925,2024-10-04,Sunderland,Leeds,A,2.4,0.4579,0.0707,0.0353,0.0,0,-0.0,0.02
926,2024-10-04,Paderborn,Regensburg,H,1.4,0.7263,0.042,0.021,0.0,1,0.0,0.02
927,2024-10-04,Sampdoria,Juve Stabia,H,1.95,0.5641,0.1053,0.0527,0.0,0,-0.0,0.02
928,2024-10-04,Karlsruhe,Darmstadt,H,1.67,0.647,0.12,0.06,0.0,0,-0.0,0.02
929,2024-10-04,Annecy,Red Star,H,2.05,0.5863,0.1922,0.0961,0.0,1,0.0,0.02
930,2024-10-05,FC Koln,Ulm,D,6.0,0.2312,0.0775,0.0387,0.0,0,-0.0,0.02
931,2024-10-05,Burnley,Preston,H,1.67,0.6297,0.077,0.0385,0.0,0,-0.0,0.02
932,2024-10-05,Udinese,Lecce,H,2.2,0.5132,0.1076,0.0538,0.0,1,0.0,0.02
933,2024-10-05,St Mirren,Dundee United,H,2.3,0.4926,0.1023,0.0511,0.0,0,-0.0,0.02
934,2024-10-05,Almeria,Burgos,A,4.5,0.2719,0.0638,0.0319,0.0,0,-0.0,0.02
935,2024-10-05,Plymouth,Blackburn,H,3.1,0.3793,0.0838,0.0419,0.0,1,0.0,0.02
936,2024-10-05,Watford,Middlesbrough,H,3.5,0.3355,0.0697,0.0348,0.0,1,0.0,0.02
937,2024-10-05,Mirandes,Granada,H,2.88,0.4118,0.0989,0.0494,0.0,0,-0.0,0.02
938,2024-10-05,Valladolid,Vallecano,H,3.1,0.3574,0.0513,0.0257,0.0,0,-0.0,0.02
939,2024-10-05,West Brom,Millwall,H,1.91,0.5565,0.0691,0.0345,0.0,0,-0.0,0.02
940,2024-10-05,Ajaccio,Martigues,H,1.9,0.5558,0.0621,0.0311,0.0,0,-0.0,0.02
941,2024-10-05,Clermont,Guingamp,H,2.6,0.4631,0.1276,0.0638,0.0,1,0.0,0.02
942,2024-10-05,Frosinone,Carrarese,H,1.9,0.6564,0.2746,0.1373,0.0,0,-0.0,0.02
943,2024-10-05,Lille,Toulouse,H,1.73,0.6176,0.0938,0.0469,0.0,1,0.0,0.02
944,2024-10-05,Dundee,Kilmarnock,A,3.0,0.3785,0.0678,0.0339,0.0,1,0.0,0.02
945,2024-10-05,Getafe,Osasuna,A,3.9,0.32,0.0855,0.0428,0.0,0,-0.0,0.02
946,2024-10-05,Rennes,Monaco,A,2.55,0.4507,0.0963,0.0482,0.0,1,0.0,0.02
947,2024-10-05,Union Berlin,Dortmund,A,2.15,0.5341,0.129,0.0645,0.0,0,-0.0,0.02
948,2024-10-05,Nurnberg,PreuÃen MÃ¼nster,H,2.45,0.533,0.2109,0.1055,0.0,1,0.0,0.02
949,2024-10-06,Ein Frankfurt,Bayern Munich,H,5.5,0.2417,0.0732,0.0366,0.0,0,-0.0,0.02
950,2024-10-06,Eldense,Castellon,H,2.6,0.4835,0.1607,0.0803,0.0,0,-0.0,0.02
951,2024-10-06,Albacete,Cordoba,H,2.1,0.5594,0.1589,0.0794,0.0,0,-0.0,0.02
952,2024-10-06,Brest,Le Havre,H,1.8,0.6188,0.1422,0.0711,0.0,1,0.0,0.02
953,2024-10-06,Lyon,Nantes,H,1.75,0.6199,0.1131,0.0566,0.0,1,0.0,0.02
954,2024-10-06,Aston Villa,Man United,H,2.2,0.493,0.0704,0.0352,0.0,0,-0.0,0.02
955,2024-10-06,Fortuna Dusseldorf,Hamburg,H,2.45,0.5343,0.2132,0.1066,0.0,0,-0.0,0.02
956,2024-10-06,Sevilla,Betis,A,3.0,0.3683,0.0525,0.0262,0.0,0,-0.0,0.02
957,2024-10-06,Cremonese,Bari,H,1.9,0.5538,0.0579,0.029,0.0,0,-0.0,0.02
958,2024-10-06,Juventus,Cagliari,H,1.38,0.7521,0.0998,0.0499,0.0,0,-0.0,0.02
959,2024-10-06,Bologna,Parma,H,1.8,0.6349,0.1785,0.0893,0.0,0,-0.0,0.02
960,2024-10-06,Catanzaro,Modena,H,2.7,0.4616,0.145,0.0725,0.0,0,-0.0,0.01
961,2024-10-06,Cosenza,Sudtirol,H,2.55,0.4514,0.0974,0.0487,0.0,0,-0.0,0.01
962,2024-10-06,Aberdeen,Hearts,A,4.75,0.2844,0.0935,0.0468,0.0,0,-0.0,0.01
963,2024-10-12,Cartagena,Ferrol,H,2.55,0.4412,0.0806,0.0403,0.0,0,-0.0,0.01
964,2024-10-13,Granada,Cordoba,H,1.91,0.5754,0.1088,0.0544,0.0,1,0.0,0.01
965,2024-10-13,Elche,La Coruna,H,2.6,0.4666,0.1333,0.0666,0.0,0,-0.0,0.01
966,2024-10-13,Huesca,Albacete,H,2.45,0.4659,0.0976,0.0488,0.0,0,-0.0,0.01
967,2024-10-13,Oviedo,Almeria,H,2.35,0.5111,0.1489,0.0745,0.0,1,0.0,0.01
968,2024-10-14,Sp Gijon,Castellon,H,2.25,0.5355,0.1638,0.0819,0.0,1,0.0,0.01
969,2024-10-18,Cordoba,Cartagena,A,6.25,0.3304,0.2028,0.1014,0.0,0,-0.0,0.01
970,2024-10-18,Hertha,Braunschweig,H,1.85,0.6071,0.145,0.0725,0.0,1,0.0,0.01
971,2024-10-18,Red Star,Caen,A,2.6,0.4111,0.043,0.0215,0.0,0,-0.0,0.01
972,2024-10-18,Alaves,Valladolid,A,5.75,0.222,0.0582,0.0291,0.0,1,0.0,0.02
973,2024-10-18,Alaves,Valladolid,D,3.9,0.2965,0.0538,0.0269,0.0,0,-0.0,0.01
974,2024-10-19,Girona,Sociedad,H,2.4,0.4943,0.1331,0.0666,0.0,0,-0.0,0.01
975,2024-10-19,Castellon,Levante,A,3.4,0.4157,0.1722,0.0861,0.0,0,-0.0,0.01
976,2024-10-19,Sudtirol,Pisa,H,3.1,0.4019,0.1171,0.0585,0.0,0,-0.0,0.01
977,2024-10-19,Celta,Real Madrid,A,1.6,0.6602,0.0938,0.0469,0.0,1,0.0,0.01
978,2024-10-19,Sheffield Weds,Burnley,A,2.6,0.432,0.0769,0.0385,0.0,1,0.0,0.01
979,2024-10-19,Preston,Coventry,H,2.75,0.4082,0.07,0.035,0.0,1,0.0,0.01
980,2024-10-19,Oxford,West Brom,H,3.9,0.3065,0.0674,0.0337,0.0,0,-0.0,0.01
981,2024-10-19,Salernitana,Spezia,H,2.63,0.4052,0.0402,0.0201,0.0,0,-0.0,0.01
982,2024-10-19,Como,Parma,A,3.8,0.3068,0.0592,0.0296,0.0,0,-0.0,0.01
983,2024-10-19,Regensburg,Fortuna Dusseldorf,A,1.75,0.6137,0.0986,0.0493,0.0,1,0.0,0.01
984,2024-10-19,Stoke,Norwich,A,2.63,0.4324,0.0842,0.0421,0.0,0,-0.0,0.01
985,2024-10-19,Southampton,Leicester,A,3.0,0.4253,0.138,0.069,0.0,1,0.0,0.01
986,2024-10-19,Motherwell,Dundee,H,2.05,0.5505,0.1224,0.0612,0.0,0,-0.0,0.01
987,2024-10-19,Bournemouth,Arsenal,A,1.65,0.674,0.1724,0.0862,0.0,0,-0.0,0.01
988,2024-10-19,Bayern Munich,Stuttgart,A,7.5,0.1913,0.0669,0.0334,0.0,0,-0.0,0.01
989,2024-10-19,Ipswich,Everton,A,3.0,0.4008,0.1012,0.0506,0.0,1,0.0,0.01
990,2024-10-19,Bayern Munich,Stuttgart,D,5.25,0.2382,0.059,0.0295,0.0,0,-0.0,0.01
991,2024-10-19,Brest,Rennes,H,2.9,0.4604,0.1764,0.0882,0.0,0,-0.0,0.01
992,2024-10-19,M'gladbach,Heidenheim,A,4.1,0.3157,0.0949,0.0475,0.0,0,-0.0,0.01
993,2024-10-19,PreuÃen MÃ¼nster,Elversberg,A,2.75,0.4889,0.1968,0.0984,0.0,0,-0.0,0.01
994,2024-10-19,Fulham,Aston Villa,A,2.8,0.4055,0.0752,0.0376,0.0,1,0.0,0.01
995,2024-10-20,Reggiana,Frosinone,A,2.88,0.386,0.0595,0.0297,0.0,0,-0.0,0.01
996,2024-10-20,Ulm,Karlsruhe,A,2.05,0.5192,0.0613,0.0306,0.0,1,0.0,0.01
997,2024-10-20,Cagliari,Torino,A,2.7,0.4235,0.0844,0.0422,0.0,0,-0.0,0.01
998,2024-10-20,Elche,Sp Gijon,A,4.1,0.2921,0.0637,0.0319,0.0,0,-0.0,0.01
999,2024-10-20,Carrarese,Mantova,A,3.4,0.3591,0.092,0.046,0.0,0,-0.0,0.01
1000,2024-10-20,Lecce,Fiorentina,A,2.3,0.4714,0.0647,0.0324,0.0,1,0.0,0.01
1001,2024-10-20,Holstein Kiel,Union Berlin,H,3.5,0.3286,0.06,0.03,0.0,0,-0.0,0.01
1002,2024-10-20,Empoli,Napoli,H,6.0,0.238,0.0856,0.0428,0.0,0,-0.0,0.01
1003,2024-10-20,Villarreal,Getafe,H,1.67,0.6178,0.0474,0.0237,0.0,0,-0.0,0.01
1004,2024-10-20,Barcelona,Sevilla,H,1.3,0.7708,0.007,0.0035,0.0,1,0.0,0.01
1005,2024-10-20,Nantes,Nice,A,2.38,0.4544,0.0591,0.0296,0.0,0,-0.0,0.01
1006,2024-10-20,Hull,Sunderland,H,2.88,0.4482,0.1547,0.0773,0.0,0,-0.0,0.01
1007,2024-10-20,Toulouse,Angers,A,6.5,0.1972,0.0512,0.0256,0.0,0,-0.0,0.01
1008,2024-10-20,Montpellier,Marseille,H,4.33,0.2756,0.058,0.029,0.0,0,-0.0,0.01
1009,2024-10-20,Auxerre,Reims,A,2.6,0.414,0.0478,0.0239,0.0,0,-0.0,0.01
1010,2024-10-22,Castellon,Granada,A,3.25,0.3424,0.0501,0.025,0.0,1,0.0,0.01
1011,2024-10-22,Oxford,Derby,H,2.55,0.4433,0.0842,0.0421,0.0,0,-0.0,0.01
1012,2024-10-22,Cardiff,Portsmouth,A,4.2,0.2767,0.0506,0.0253,0.0,0,-0.0,0.01
1013,2024-10-23,Luton,Sunderland,H,2.55,0.4557,0.1045,0.0523,0.0,0,-0.0,0.01
1014,2024-10-23,Middlesbrough,Sheffield United,A,3.4,0.3263,0.0456,0.0228,0.0,0,-0.0,0.01
1015,2024-10-23,Eibar,Cadiz,H,2.3,0.5001,0.1156,0.0578,0.0,1,0.0,0.01
1016,2024-10-23,Millwall,Plymouth,D,4.1,0.284,0.053,0.0265,0.0,0,-0.0,0.01
1017,2024-10-23,Hull,Burnley,A,2.55,0.4217,0.0486,0.0243,0.0,0,-0.0,0.01
1018,2024-10-23,Santander,Cordoba,H,1.85,0.6554,0.2499,0.1249,0.0,1,0.0,0.01
1019,2024-10-24,Levante,La Coruna,H,2.1,0.5177,0.0792,0.0396,0.0,1,0.0,0.01
1020,2024-10-24,Almeria,Albacete,A,4.75,0.2674,0.072,0.036,0.0,0,-0.0,0.01
1021,2024-10-25,Leicester,Nott'm Forest,H,3.0,0.4138,0.1207,0.0604,0.0,0,-0.0,0.01
1022,2024-10-25,Rodez,Lorient,H,3.75,0.3196,0.0722,0.0361,0.0,0,-0.0,0.01
1023,2024-10-25,Clermont,Martigues,H,1.73,0.6145,0.0863,0.0432,0.0,0,-0.0,0.01
1024,2024-10-25,Nurnberg,Regensburg,H,1.67,0.6185,0.0491,0.0246,0.0,1,0.0,0.01
1025,2024-10-25,Spezia,Bari,H,2.0,0.5274,0.0547,0.0274,0.0,0,-0.0,0.01
1026,2024-10-25,Udinese,Cagliari,H,2.2,0.505,0.0925,0.0463,0.0,1,0.0,0.01
1027,2024-10-25,Dunkerque,Red Star,H,2.38,0.5431,0.212,0.106,0.0,1,0.0,0.01
1028,2024-10-25,Torino,Como,H,2.63,0.5557,0.2831,0.1415,0.0,1,0.0,0.01
1029,2024-10-25,Portsmouth,Sheffield Weds,H,3.4,0.3842,0.1276,0.0638,0.0,0,-0.0,0.01
1030,2024-10-25,FC Koln,Paderborn,A,4.5,0.2585,0.0466,0.0233,0.0,1,0.0,0.01
1031,2024-10-26,Coventry,Luton,A,3.2,0.3633,0.074,0.037,0.0,0,-0.0,0.01
1032,2024-10-26,Aston Villa,Bournemouth,H,1.85,0.5725,0.0695,0.0347,0.0,0,-0.0,0.01
1033,2024-10-26,Brighton,Wolves,H,1.62,0.6321,0.0387,0.0194,0.0,0,-0.0,0.01
1034,2024-10-26,Burnley,QPR,H,1.65,0.6543,0.1224,0.0612,0.0,0,-0.0,0.01
1035,2024-10-26,Zaragoza,Castellon,H,1.96,0.5319,0.0442,0.0221,0.0,0,-0.0,0.01
1036,2024-10-26,Cordoba,Eldense,A,4.5,0.3405,0.1521,0.076,0.0,0,-0.0,0.01
1037,2024-10-26,Stuttgart,Holstein Kiel,D,7.5,0.2085,0.0868,0.0434,0.0,0,-0.0,0.01
1038,2024-10-26,Fortuna Dusseldorf,Kaiserslautern,H,1.7,0.6822,0.2283,0.1141,0.0,0,-0.0,0.01
1039,2024-10-26,Sassuolo,Modena,H,1.91,0.6182,0.1987,0.0993,0.0,1,0.0,0.01
1040,2024-10-26,RB Leipzig,Freiburg,H,1.73,0.6681,0.2134,0.1067,0.0,1,0.0,0.01
1041,2024-10-26,Las Palmas,Girona,A,2.45,0.5095,0.1713,0.0857,0.0,0,-0.0,0.01
1042,2024-10-26,Cremonese,Salernitana,H,1.85,0.5772,0.0798,0.0399,0.0,1,0.0,0.01
1043,2024-10-26,Dundee,St Johnstone,A,5.0,0.2539,0.0674,0.0337,0.0,1,0.0,0.01
1044,2024-10-26,Augsburg,Dortmund,A,1.9,0.56,0.071,0.0355,0.0,0,-0.0,0.01
1045,2024-10-27,Parma,Empoli,A,3.5,0.3275,0.0585,0.0292,0.0,0,-0.0,0.01
1046,2024-10-27,Braunschweig,PreuÃen MÃ¼nster,H,2.05,0.5202,0.0633,0.0316,0.0,0,-0.0,0.01
1047,2024-10-27,Hibernian,Hearts,A,3.1,0.3922,0.1027,0.0514,0.0,0,-0.0,0.01
1048,2024-10-27,Monza,Venezia,H,2.15,0.5391,0.1384,0.0692,0.0,0,-0.0,0.01
1049,2024-10-27,Frosinone,Pisa,H,2.63,0.465,0.1368,0.0684,0.0,0,-0.0,0.01
1050,2024-10-27,Norwich,Middlesbrough,H,2.75,0.4462,0.1297,0.0648,0.0,0,-0.0,0.01
1051,2024-10-27,Montpellier,Toulouse,H,3.1,0.3709,0.0714,0.0357,0.0,0,-0.0,0.01
1052,2024-10-27,Huesca,Almeria,H,2.8,0.3998,0.0663,0.0332,0.0,0,-0.0,0.01
1053,2024-10-27,Malaga,Eibar,A,2.9,0.3829,0.0581,0.029,0.0,0,-0.0,0.01
1054,2024-10-27,La Coruna,Santander,A,2.9,0.3892,0.0678,0.0339,0.0,1,0.0,0.01
1055,2024-10-27,Arsenal,Liverpool,H,2.5,0.4443,0.0738,0.0369,0.0,0,-0.0,0.01
1056,2024-10-28,Ferrol,Tenerife,H,2.57,0.4344,0.0741,0.0371,0.0,0,-0.0,0.01
1057,2024-10-29,Guingamp,Ajaccio,A,5.5,0.2349,0.0649,0.0324,0.0,0,-0.0,0.0
1058,2024-10-29,Cagliari,Bologna,A,2.35,0.4814,0.0972,0.0486,0.0,1,0.0,0.01
1059,2024-10-29,Modena,Cremonese,A,2.8,0.431,0.1149,0.0574,0.0,0,-0.0,0.0
1060,2024-10-29,Milan,Napoli,H,2.45,0.4948,0.1464,0.0732,0.0,0,-0.0,0.0
1061,2024-10-29,Juve Stabia,Sassuolo,A,2.3,0.4587,0.0423,0.0212,0.0,0,-0.0,0.0
1062,2024-10-29,Salernitana,Cesena,H,2.55,0.4322,0.0659,0.0329,0.0,0,-0.0,0.0
1063,2024-10-29,Brescia,Spezia,H,3.4,0.3482,0.0766,0.0383,0.0,0,-0.0,0.0
1064,2024-10-30,Sudtirol,Frosinone,A,3.2,0.3608,0.0703,0.0351,0.0,0,-0.0,0.0
1065,2024-10-30,Venezia,Udinese,A,2.65,0.4167,0.0632,0.0316,0.0,0,-0.0,0.0
1066,2024-10-30,Aberdeen,Rangers,A,2.1,0.5216,0.0867,0.0433,0.0,0,-0.0,0.0
1067,2024-10-30,Ross County,Hibernian,H,3.4,0.3402,0.0652,0.0326,0.0,0,-0.0,0.0
1068,2024-10-31,Genoa,Fiorentina,D,3.9,0.3089,0.0706,0.0353,0.0,0,-0.0,0.0
1069,2024-10-31,Como,Lazio,A,2.45,0.5207,0.1902,0.0951,0.0,1,0.0,0.0
1070,2024-10-31,Roma,Torino,D,3.8,0.3025,0.0533,0.0267,0.0,0,-0.0,0.0
1071,2024-11-01,PreuÃen MÃ¼nster,Fortuna Dusseldorf,A,2.1,0.5629,0.1655,0.0828,0.0,0,-0.0,0.0
1072,2024-11-01,Martigues,Red Star,H,3.3,0.4018,0.1417,0.0709,0.0,0,-0.0,0.0
1073,2024-11-01,Annecy,Pau FC,H,2.25,0.4733,0.0519,0.0259,0.0,1,0.0,0.0
1074,2024-11-01,Clermont,Lorient,H,4.0,0.3225,0.0967,0.0484,0.0,1,0.0,0.0
1075,2024-11-02,Eibar,Elche,H,2.45,0.4908,0.1397,0.0698,0.0,0,-0.0,0.0
1076,2024-11-02,Hertha,FC Koln,H,2.9,0.4459,0.1543,0.0771,0.0,0,-0.0,0.0
1077,2024-11-02,Sheffield Weds,Watford,A,3.9,0.3225,0.0889,0.0445,0.0,1,0.0,0.0
1078,2024-11-02,Cardiff,Norwich,A,2.63,0.4572,0.1242,0.0621,0.0,0,-0.0,0.0
1079,2024-11-02,Cartagena,La Coruna,H,3.6,0.3919,0.158,0.079,0.0,0,-0.0,0.0
1080,2024-11-02,Sp Gijon,Cadiz,H,2.38,0.4514,0.0539,0.027,0.0,1,0.0,0.0
1081,2024-11-02,Greuther Furth,Darmstadt,H,2.3,0.4609,0.0462,0.0231,0.0,0,-0.0,0.0
1082,2024-11-02,Leeds,Plymouth,D,8.0,0.1732,0.0551,0.0275,0.0,0,-0.0,0.0
1083,2024-11-02,Newcastle,Arsenal,A,1.95,0.5528,0.082,0.041,0.0,0,-0.0,0.0
1084,2024-11-02,Nott'm Forest,West Ham,A,3.4,0.3351,0.058,0.029,0.0,0,-0.0,0.0
1085,2024-11-02,Spezia,Modena,H,2.15,0.5399,0.1398,0.0699,0.0,1,0.0,0.0
1086,2024-11-02,Ipswich,Leicester,A,3.1,0.3873,0.0956,0.0478,0.0,0,-0.0,0.0
1087,2024-11-02,Carrarese,Juve Stabia,H,2.5,0.4328,0.0547,0.0273,0.0,0,-0.0,0.0
1088,2024-11-02,Bournemouth,Man City,A,1.57,0.6708,0.0933,0.0467,0.0,0,-0.0,0.0
1089,2024-11-02,Bologna,Lecce,H,1.62,0.6927,0.1972,0.0986,0.0,1,0.0,0.0
1090,2024-11-03,Toulouse,Reims,A,3.75,0.3101,0.0592,0.0296,0.0,0,-0.0,0.0
1091,2024-11-03,Auxerre,Rennes,H,3.5,0.328,0.0592,0.0296,0.0,1,0.0,0.0
1092,2024-11-03,Verona,Roma,H,5.0,0.2443,0.0554,0.0277,0.0,1,0.0,0.0
1093,2024-11-03,Le Havre,Montpellier,A,3.2,0.3609,0.0704,0.0352,0.0,0,-0.0,0.0
1094,2024-11-03,Catanzaro,Frosinone,A,3.2,0.3565,0.064,0.032,0.0,0,-0.0,0.0
1095,2024-11-03,Dundee,Kilmarnock,A,2.8,0.3978,0.0633,0.0316,0.0,0,-0.0,0.0
1096,2024-11-03,Paderborn,Braunschweig,H,1.67,0.6414,0.1061,0.053,0.0,0,-0.0,0.0
1097,2024-11-03,Cremonese,Pisa,H,2.1,0.5207,0.085,0.0425,0.0,0,-0.0,0.0
1098,2024-11-04,Lazio,Cagliari,H,1.5,0.728,0.184,0.092,0.0,1,0.0,0.0
1099,2024-11-04,Parma,Genoa,A,4.33,0.3053,0.0967,0.0483,0.0,1,0.0,0.0
1100,2024-11-04,Empoli,Como,H,2.7,0.4944,0.1971,0.0985,0.0,1,0.0,0.0
1101,2024-11-04,Ajaccio,Metz,H,4.33,0.2914,0.0786,0.0393,0.0,0,-0.0,0.0
1102,2024-11-05,QPR,Middlesbrough,H,3.5,0.326,0.0564,0.0282,0.0,0,-0.0,0.0
1103,2024-11-05,Bristol City,Sheffield United,H,3.1,0.3613,0.0572,0.0286,0.0,0,-0.0,0.0
1104,2024-11-05,Swansea,Watford,A,3.9,0.3247,0.0918,0.0459,0.0,0,-0.0,0.0
1105,2024-11-05,Sheffield Weds,Norwich,A,3.2,0.3881,0.11,0.055,0.0,0,-0.0,0.0
1106,2024-11-06,Preston,Sunderland,H,3.3,0.3466,0.0626,0.0313,0.0,0,-0.0,0.0
1107,2024-11-07,Genoa,Como,H,2.88,0.5407,0.2963,0.1482,0.0,0,-0.0,0.0
1108,2024-11-08,Red Star,Troyes,A,3.1,0.3562,0.0497,0.0248,0.0,1,0.0,0.0
1109,2024-11-08,Grenoble,Dunkerque,H,2.63,0.4247,0.0718,0.0359,0.0,0,-0.0,0.0
1110,2024-11-08,Laval,Bastia,H,3.7,0.3697,0.1363,0.0681,0.0,0,-0.0,0.0
1111,2024-11-08,Frosinone,Palermo,H,2.88,0.4601,0.173,0.0865,0.0,0,-0.0,0.0
1112,2024-11-08,Marseille,Auxerre,D,5.0,0.2518,0.0647,0.0323,0.0,0,-0.0,0.0
1113,2024-11-08,Braunschweig,Hamburg,A,2.2,0.5053,0.093,0.0465,0.0,0,-0.0,0.0
1114,2024-11-09,Mirandes,Cadiz,H,3.1,0.3694,0.0691,0.0345,0.0,0,-0.0,0.0
1115,2024-11-09,Darmstadt,Hertha,A,3.0,0.4331,0.1497,0.0749,0.0,0,-0.0,0.0
1116,2024-11-09,Mantova,Cremonese,H,3.8,0.3123,0.0667,0.0334,0.0,1,0.0,0.0
1117,2024-11-09,Huesca,Zaragoza,H,3.1,0.4103,0.1295,0.0647,0.0,0,-0.0,0.0
1118,2024-11-09,Dundee United,Ross County,A,5.0,0.2501,0.0626,0.0313,0.0,0,-0.0,0.0
1119,2024-11-09,FC Koln,Greuther Furth,A,7.0,0.1908,0.0559,0.028,0.0,0,-0.0,0.0
1120,2024-11-09,Middlesbrough,Luton,A,4.33,0.2721,0.0536,0.0268,0.0,0,-0.0,0.0
1121,2024-11-09,Brighton,Man City,A,1.73,0.6309,0.1253,0.0627,0.0,0,-0.0,0.0
1122,2024-11-09,FC Koln,Greuther Furth,D,5.0,0.2385,0.0481,0.0241,0.0,0,-0.0,0.0
1123,2024-11-09,Motherwell,St Johnstone,H,1.85,0.5616,0.0458,0.0229,0.0,1,0.0,0.0
1124,2024-11-09,Lens,Nantes,H,1.6,0.6664,0.1104,0.0552,0.0,1,0.0,0.0
1125,2024-11-09,Hibernian,St Mirren,A,4.5,0.2739,0.0665,0.0332,0.0,1,0.0,0.0
1126,2024-11-09,Angers,Paris SG,H,12.0,0.129,0.0498,0.0249,0.0,0,-0.0,0.0
1127,2024-11-09,RB Leipzig,M'gladbach,H,1.57,0.7059,0.19,0.095,0.0,0,-0.0,0.0
1128,2024-11-09,Fortuna Dusseldorf,Paderborn,H,2.2,0.5068,0.0958,0.0479,0.0,0,-0.0,0.0
1129,2024-11-09,Brescia,Cosenza,H,2.38,0.4748,0.0942,0.0471,0.0,0,-0.0,0.0
1130,2024-11-09,Norwich,Bristol City,H,2.3,0.4693,0.0611,0.0305,0.0,0,-0.0,0.0
1131,2024-11-09,St Pauli,Bayern Munich,D,7.0,0.2366,0.1093,0.0547,0.0,0,-0.0,0.0
1132,2024-11-09,St Pauli,Bayern Munich,H,9.0,0.1592,0.0541,0.0271,0.0,0,-0.0,0.0
1133,2024-11-09,Aberdeen,Dundee,H,1.62,0.6687,0.1343,0.0672,0.0,1,0.0,0.0
1134,2024-11-10,Karlsruhe,PreuÃen MÃ¼nster,H,1.67,0.6285,0.074,0.037,0.0,0,-0.0,0.0
1135,2024-11-10,Chelsea,Arsenal,A,2.55,0.4844,0.1518,0.0759,0.0,0,-0.0,0.0
1136,2024-11-10,Nott'm Forest,Newcastle,A,2.7,0.4117,0.0657,0.0328,0.0,1,0.0,0.0
1137,2024-11-10,Man United,Leicester,D,5.5,0.2265,0.0546,0.0273,0.0,0,-0.0,0.0
1138,2024-11-10,Fiorentina,Verona,H,1.44,0.7237,0.0958,0.0479,0.0,1,0.0,0.0
1139,2024-11-10,Inter,Napoli,H,1.85,0.6755,0.2937,0.1468,0.0,0,-0.0,0.0
1140,2024-11-10,Betis,Celta,H,1.95,0.547,0.0701,0.035,0.0,0,-0.0,0.0
1141,2024-11-10,Burnley,Swansea,H,1.9,0.5705,0.0932,0.0466,0.0,1,0.0,0.0
1142,2024-11-10,Heidenheim,Wolfsburg,H,2.75,0.437,0.1153,0.0576,0.0,0,-0.0,0.0
1143,2024-11-10,Salernitana,Bari,H,2.4,0.4536,0.0633,0.0317,0.0,0,-0.0,0.0
1144,2024-11-10,Getafe,Girona,A,3.0,0.4506,0.1759,0.088,0.0,1,0.0,0.0
1145,2024-11-10,Sheffield United,Sheffield Weds,H,1.85,0.5722,0.069,0.0345,0.0,1,0.0,0.0
1146,2024-11-10,Rangers,Hearts,H,1.4,0.7226,0.0292,0.0146,0.0,1,0.0,0.0
1147,2024-11-11,La Coruna,Eibar,A,4.0,0.3706,0.1608,0.0804,0.0,0,-0.0,0.0
1148,2024-11-16,Castellon,Mirandes,A,4.5,0.2964,0.0954,0.0477,0.0,1,0.0,0.0
1149,2024-11-16,Castellon,Mirandes,D,3.6,0.3144,0.0507,0.0253,0.0,0,-0.0,0.0
1150,2024-11-16,Levante,Elche,H,2.38,0.499,0.1359,0.068,0.0,0,-0.0,0.0
1151,2024-11-17,Cadiz,Cordoba,H,1.95,0.5455,0.0671,0.0336,0.0,1,0.0,0.0
1152,2024-11-22,Getafe,Valladolid,A,6.5,0.2353,0.0963,0.0481,0.0,0,-0.0,0.0
1153,2024-11-22,Clermont,Metz,H,3.6,0.358,0.111,0.0555,0.0,0,-0.0,0.0
1154,2024-11-22,Paris SG,Toulouse,H,1.36,0.7619,0.1004,0.0502,0.0,1,0.0,0.0
1155,2024-11-22,Cosenza,Modena,H,2.8,0.4601,0.1601,0.0801,0.0,0,-0.0,0.0
1156,2024-11-22,Guingamp,Amiens,D,3.6,0.3136,0.0497,0.0248,0.0,0,-0.0,0.0
1157,2024-11-22,Guingamp,Amiens,A,4.5,0.2895,0.0865,0.0433,0.0,0,-0.0,0.0
1158,2024-11-23,Hoffenheim,RB Leipzig,A,2.1,0.5775,0.1935,0.0967,0.0,0,-0.0,0.0
1159,2024-11-23,Girona,Espanol,H,1.67,0.6448,0.1145,0.0573,0.0,1,0.0,0.0
1160,2024-11-23,Fortuna Dusseldorf,Elversberg,H,2.0,0.6246,0.2491,0.1246,0.0,0,-0.0,0.0
1161,2024-11-23,Arsenal,Nott'm Forest,H,1.38,0.7493,0.0897,0.0449,0.0,1,0.0,0.0
1162,2024-11-23,Leicester,Chelsea,H,6.5,0.2384,0.0999,0.05,0.0,0,-0.0,0.0
1163,2024-11-23,Leicester,Chelsea,D,4.75,0.2499,0.0499,0.025,0.0,0,-0.0,0.0
1164,2024-11-23,Ath Madrid,Alaves,H,1.36,0.7497,0.0543,0.0271,0.0,1,0.0,0.0
1165,2024-11-23,Ross County,Motherwell,A,2.63,0.4245,0.0714,0.0357,0.0,0,-0.0,0.0
1166,2024-11-23,Coventry,Sheffield United,A,2.75,0.3948,0.049,0.0245,0.0,0,-0.0,0.0
1167,2024-11-23,Burgos,Eibar,A,3.2,0.4048,0.1342,0.0671,0.0,0,-0.0,0.0
1168,2024-11-23,Cartagena,Almeria,H,4.1,0.2804,0.0482,0.0241,0.0,0,-0.0,0.0
1169,2024-11-23,Cordoba,Zaragoza,A,3.25,0.3993,0.1323,0.0662,0.0,0,-0.0,0.0
1170,2024-11-23,Juve Stabia,Brescia,A,3.25,0.3427,0.0506,0.0253,0.0,0,-0.0,0.0
1171,2024-11-23,Sassuolo,Salernitana,H,1.67,0.6483,0.1233,0.0616,0.0,1,0.0,0.0
1172,2024-11-23,Oxford,Middlesbrough,D,4.2,0.301,0.0825,0.0413,0.0,0,-0.0,0.0
1173,2024-11-23,Oxford,Middlesbrough,H,5.0,0.2719,0.0899,0.045,0.0,0,-0.0,0.0
1174,2024-11-23,Man City,Tottenham,H,1.48,0.7209,0.1393,0.0697,0.0,0,-0.0,0.0
1175,2024-11-23,Cartagena,Almeria,D,3.7,0.3166,0.0635,0.0317,0.0,0,-0.0,0.0
1176,2024-11-24,Genoa,Cagliari,H,2.63,0.5083,0.2066,0.1033,0.0,0,-0.0,0.0
1177,2024-11-24,Como,Fiorentina,A,2.3,0.5402,0.1865,0.0932,0.0,1,0.0,0.0
1178,2024-11-24,Kaiserslautern,Braunschweig,H,2.15,0.4947,0.0553,0.0277,0.0,1,0.0,0.0
1179,2024-11-24,Cremonese,Frosinone,A,5.0,0.252,0.0651,0.0325,0.0,0,-0.0,0.0
1180,2024-11-24,Osasuna,Villarreal,A,2.75,0.4409,0.1214,0.0607,0.0,0,-0.0,0.0
1181,2024-11-24,La Coruna,Sp Gijon,A,3.5,0.33,0.062,0.031,0.0,0,-0.0,0.0
1182,2024-11-24,Huesca,Castellon,H,2.7,0.4788,0.1722,0.0861,0.0,0,-0.0,0.0
1183,2024-11-24,Lille,Rennes,H,1.91,0.6223,0.2072,0.1036,0.0,1,0.0,0.0
1184,2024-11-24,Elche,Oviedo,A,3.75,0.321,0.074,0.037,0.0,0,-0.0,0.0
1185,2024-11-25,Empoli,Udinese,H,2.8,0.4061,0.0761,0.0381,0.0,0,-0.0,0.0
1186,2024-11-26,Burnley,Coventry,H,2.2,0.5985,0.264,0.132,0.0,1,0.0,0.0
1187,2024-11-26,Hibernian,Aberdeen,A,2.75,0.4405,0.1207,0.0604,0.0,0,-0.0,0.0
1188,2024-11-26,Norwich,Plymouth,A,6.5,0.2013,0.056,0.028,0.0,0,-0.0,0.0
1189,2024-11-26,Almeria,Cordoba,H,1.67,0.6304,0.0788,0.0394,0.0,1,0.0,0.0
1190,2024-11-27,Cardiff,QPR,A,3.8,0.2983,0.0476,0.0238,0.0,1,0.0,0.0
1191,2024-11-27,Castellon,Ferrol,D,3.9,0.3026,0.0621,0.031,0.0,1,0.0,0.0
1192,2024-11-27,Castellon,Ferrol,A,5.5,0.2753,0.1142,0.0571,0.0,0,-0.0,0.0
1193,2024-11-29,St Pauli,Holstein Kiel,A,5.25,0.2427,0.0645,0.0322,0.0,0,-0.0,0.0
1194,2024-11-29,Cagliari,Verona,A,4.1,0.2896,0.0605,0.0302,0.0,0,-0.0,0.0
1195,2024-11-29,Reggiana,Sassuolo,H,5.0,0.2507,0.0633,0.0317,0.0,0,-0.0,0.0
1196,2024-11-29,Reggiana,Sassuolo,D,3.7,0.3029,0.0447,0.0224,0.0,0,-0.0,0.0
1197,2024-11-29,Sheffield United,Sunderland,H,2.0,0.5274,0.0547,0.0274,0.0,1,0.0,0.0
1198,2024-11-30,Alaves,Leganes,A,5.0,0.241,0.0512,0.0256,0.0,0,-0.0,0.0
1199,2024-11-30,Oxford,Millwall,D,3.5,0.3359,0.0702,0.0351,0.0,1,0.0,0.0
1200,2024-11-30,Union Berlin,Leverkusen,A,1.75,0.6139,0.0991,0.0495,0.0,1,0.0,0.0
1201,2024-11-30,Brest,Strasbourg,H,2.2,0.5308,0.1398,0.0699,0.0,1,0.0,0.0
1202,2024-11-30,Bologna,Venezia,H,1.65,0.6732,0.1704,0.0852,0.0,1,0.0,0.0
1203,2024-11-30,Paris SG,Nantes,H,1.22,0.8913,0.3972,0.1986,0.0,0,-0.0,0.0
1204,2024-11-30,Rennes,St Etienne,D,4.75,0.2684,0.0733,0.0367,0.0,0,-0.0,0.0
1205,2024-11-30,Kilmarnock,Dundee,H,2.1,0.5172,0.0783,0.0392,0.0,0,-0.0,0.0
1206,2024-11-30,Valladolid,Ath Madrid,D,4.2,0.2824,0.0581,0.029,0.0,0,-0.0,0.0
1207,2024-11-30,Mantova,Modena,H,3.1,0.4442,0.1796,0.0898,0.0,0,-0.0,0.0
1208,2024-11-30,Brescia,Bari,H,2.7,0.4141,0.0694,0.0347,0.0,0,-0.0,0.0
1209,2024-11-30,Celtic,Ross County,H,1.1,0.9096,0.0051,0.0025,0.0,1,0.0,0.0
1210,2024-11-30,Darmstadt,PreuÃen MÃ¼nster,H,1.75,0.5936,0.0516,0.0258,0.0,0,-0.0,0.0
1211,2024-11-30,West Ham,Arsenal,H,7.0,0.1918,0.0571,0.0285,0.0,0,-0.0,0.0
1212,2024-11-30,RB Leipzig,Wolfsburg,H,1.7,0.6797,0.2221,0.1111,0.0,0,-0.0,0.0
1213,2024-11-30,Dortmund,Bayern Munich,H,4.75,0.2513,0.0516,0.0258,0.0,0,-0.0,0.0
1214,2024-11-30,Como,Monza,A,3.9,0.3632,0.1437,0.0718,0.0,0,-0.0,0.0
1215,2024-11-30,Motherwell,Hibernian,H,2.8,0.4958,0.2158,0.1079,0.0,0,-0.0,0.0
1216,2024-12-01,Nurnberg,Fortuna Dusseldorf,A,2.6,0.4689,0.137,0.0685,0.0,0,-0.0,0.0
1217,2024-12-01,Torino,Napoli,H,5.0,0.2802,0.1003,0.0501,0.0,0,-0.0,0.0
1218,2024-12-01,Sociedad,Betis,D,3.6,0.3142,0.0504,0.0252,0.0,0,-0.0,0.0
1219,2024-12-01,Vallecano,Ath Bilbao,A,2.7,0.4481,0.1234,0.0617,0.0,1,0.0,0.0
1220,2024-12-01,Real Madrid,Getafe,H,1.36,0.8467,0.4208,0.2104,0.0,1,0.0,0.0
1221,2024-12-01,Villarreal,Girona,A,4.2,0.3006,0.082,0.041,0.0,0,-0.0,0.0
1222,2024-12-01,Eldense,Ferrol,A,4.75,0.2522,0.0528,0.0264,0.0,0,-0.0,0.0
1223,2024-12-01,Palermo,Spezia,A,3.4,0.3527,0.0831,0.0415,0.0,0,-0.0,0.0
1224,2024-12-01,Sp Gijon,Cordoba,H,1.75,0.6419,0.1644,0.0822,0.0,1,0.0,0.0
1225,2024-12-01,Castellon,Malaga,A,4.1,0.3433,0.1314,0.0657,0.0,0,-0.0,0.0
1226,2024-12-01,Lyon,Nice,D,3.8,0.3,0.05,0.025,0.0,0,-0.0,0.0
1227,2024-12-01,Toulouse,Auxerre,A,5.25,0.2765,0.1063,0.0532,0.0,0,-0.0,0.0
1228,2024-12-01,Frosinone,Cesena,H,2.9,0.4449,0.1527,0.0764,0.0,1,0.0,0.0
1229,2024-12-01,Karlsruhe,Hamburg,H,2.5,0.4403,0.0672,0.0336,0.0,0,-0.0,0.0
1230,2024-12-04,Southampton,Chelsea,H,8.5,0.1769,0.0672,0.0336,0.0,0,-0.0,0.0
1231,2024-12-04,Southampton,Chelsea,D,5.25,0.2423,0.064,0.032,0.0,0,-0.0,0.0
1232,2024-12-04,Ath Bilbao,Real Madrid,A,2.25,0.4857,0.0742,0.0371,0.0,0,-0.0,0.0
1233,2024-12-04,Dundee,Motherwell,A,3.8,0.3457,0.112,0.056,0.0,0,-0.0,0.0
1234,2024-12-06,Celta,Mallorca,A,4.5,0.284,0.0794,0.0397,0.0,0,-0.0,0.0
1235,2024-12-06,Elversberg,Nurnberg,H,2.45,0.4571,0.0827,0.0413,0.0,1,0.0,0.0
1236,2024-12-06,Burnley,Middlesbrough,H,2.45,0.5318,0.2088,0.1044,0.0,0,-0.0,0.0
1237,2024-12-06,Stuttgart,Union Berlin,H,1.8,0.6284,0.1638,0.0819,0.0,1,0.0,0.0
1238,2024-12-06,Juve Stabia,Sudtirol,A,4.33,0.2779,0.061,0.0305,0.0,0,-0.0,0.0
1239,2024-12-06,Auxerre,Paris SG,H,9.0,0.1758,0.0728,0.0364,0.0,0,-0.0,0.0
1240,2024-12-06,Lorient,Troyes,D,4.75,0.249,0.0487,0.0244,0.0,0,-0.0,0.0
1241,2024-12-06,Martigues,Guingamp,D,4.1,0.283,0.0517,0.0258,0.0,0,-0.0,0.0
1242,2024-12-06,Martigues,Guingamp,H,4.75,0.248,0.0474,0.0237,0.0,0,-0.0,0.0
1243,2024-12-06,Auxerre,Paris SG,D,5.75,0.2401,0.0801,0.04,0.0,1,0.0,0.0
1244,2024-12-07,Nice,Le Havre,H,1.6,0.6637,0.1031,0.0516,0.0,1,0.0,0.0
1245,2024-12-07,Ein Frankfurt,Augsburg,H,1.53,0.6687,0.0435,0.0218,0.0,0,-0.0,0.0
1246,2024-12-07,Kaiserslautern,Karlsruhe,A,3.0,0.3905,0.0858,0.0429,0.0,0,-0.0,0.0
1247,2024-12-07,Aberdeen,St Johnstone,H,1.53,0.6846,0.0896,0.0448,0.0,0,-0.0,0.0
1248,2024-12-07,Celtic,Hibernian,H,1.17,0.8994,0.3077,0.1539,0.0,1,0.0,0.0
1249,2024-12-07,Huesca,Eibar,A,3.4,0.3411,0.0666,0.0333,0.0,0,-0.0,0.0
1250,2024-12-07,Granada,Santander,A,3.3,0.3388,0.0513,0.0256,0.0,0,-0.0,0.0
1251,2024-12-07,Millwall,Coventry,H,2.5,0.4652,0.1087,0.0544,0.0,0,-0.0,0.0
1252,2024-12-07,Mantova,Pisa,H,3.2,0.3699,0.0835,0.0417,0.0,0,-0.0,0.0
1253,2024-12-07,Cosenza,Frosinone,A,3.7,0.3247,0.0746,0.0373,0.0,1,0.0,0.0
1254,2024-12-08,Albacete,Castellon,H,2.25,0.4938,0.0889,0.0444,0.0,0,-0.0,0.0
1255,2024-12-08,Leicester,Brighton,H,4.5,0.3004,0.1005,0.0502,0.0,0,-0.0,0.0
1256,2024-12-08,Ferrol,Oviedo,H,3.8,0.3059,0.058,0.029,0.0,0,-0.0,0.0
1257,2024-12-08,Cordoba,Tenerife,A,3.9,0.3279,0.0961,0.048,0.0,0,-0.0,0.0
1258,2024-12-08,Leganes,Sociedad,H,4.75,0.2605,0.0633,0.0316,0.0,0,-0.0,0.0
1259,2024-12-08,Fiorentina,Cagliari,H,1.5,0.7156,0.1469,0.0735,0.0,1,0.0,0.0
1260,2024-12-08,Hamburg,Darmstadt,H,1.95,0.5346,0.0448,0.0224,0.0,0,-0.0,0.0
1261,2024-12-08,Regensburg,FC Koln,D,4.33,0.287,0.0729,0.0365,0.0,0,-0.0,0.0
1262,2024-12-08,Regensburg,FC Koln,H,6.25,0.2124,0.0624,0.0312,0.0,0,-0.0,0.0
1263,2024-12-08,Fortuna Dusseldorf,Braunschweig,H,1.75,0.671,0.2324,0.1162,0.0,1,0.0,0.0
1264,2024-12-09,Cartagena,Sp Gijon,H,4.2,0.2834,0.0595,0.0297,0.0,1,0.0,0.0
1265,2024-12-09,Getafe,Espanol,A,5.75,0.262,0.1067,0.0533,0.0,0,-0.0,0.0
1266,2024-12-09,Monza,Udinese,H,2.7,0.4143,0.0698,0.0349,0.0,0,-0.0,0.0
1267,2024-12-10,Burnley,Derby,H,1.7,0.6968,0.2637,0.1319,0.0,0,-0.0,0.0
1268,2024-12-10,Plymouth,Swansea,H,4.5,0.3043,0.1055,0.0527,0.0,0,-0.0,0.0
1269,2024-12-10,Plymouth,Swansea,D,3.9,0.3107,0.073,0.0365,0.0,0,-0.0,0.0
1270,2024-12-11,West Brom,Coventry,H,2.25,0.5336,0.1604,0.0802,0.0,1,0.0,0.0
1271,2024-12-13,Karlsruhe,Regensburg,H,1.5,0.7471,0.2414,0.1207,0.0,1,0.0,0.0
1272,2024-12-13,Pau FC,Ajaccio,A,5.5,0.2356,0.0657,0.0329,0.0,0,-0.0,0.0
1273,2024-12-13,Toulouse,St Etienne,D,5.0,0.2602,0.0752,0.0376,0.0,0,-0.0,0.0
1274,2024-12-13,Almeria,Mirandes,A,5.75,0.2151,0.0499,0.025,0.0,0,-0.0,0.0
1275,2024-12-13,Toulouse,St Etienne,A,8.5,0.1775,0.0678,0.0339,0.0,0,-0.0,0.0
1276,2024-12-14,Udinese,Napoli,H,5.25,0.2479,0.071,0.0355,0.0,0,-0.0,0.0
1277,2024-12-14,Sudtirol,Mantova,A,4.5,0.2972,0.0964,0.0482,0.0,0,-0.0,0.0
1278,2024-12-14,Newcastle,Leicester,A,8.5,0.1744,0.0643,0.0322,0.0,0,-0.0,0.0
1279,2024-12-14,Newcastle,Leicester,D,6.0,0.2274,0.0728,0.0364,0.0,0,-0.0,0.0
1280,2024-12-14,Nott'm Forest,Aston Villa,A,2.7,0.424,0.0852,0.0426,0.0,0,-0.0,0.0
1281,2024-12-14,Juventus,Venezia,H,1.3,0.7694,0.0007,0.0004,0.0,0,-0.0,0.0
1282,2024-12-14,Reggiana,Modena,H,2.88,0.4179,0.1082,0.0541,0.0,0,-0.0,0.0
1283,2024-12-14,Vallecano,Real Madrid,A,1.57,0.6655,0.0786,0.0393,0.0,0,-0.0,0.0
1284,2024-12-14,Hibernian,Ross County,A,6.25,0.2096,0.0591,0.0295,0.0,0,-0.0,0.0
1285,2024-12-14,Mallorca,Girona,A,3.25,0.4214,0.1642,0.0821,0.0,0,-0.0,0.0
1286,2024-12-14,Auxerre,Lens,D,3.6,0.3176,0.0551,0.0276,0.0,1,0.0,0.0
1287,2024-12-14,Levante,Cordoba,H,1.75,0.6668,0.2225,0.1113,0.0,0,-0.0,0.0
1288,2024-12-14,Castellon,Cartagena,D,4.1,0.3058,0.0818,0.0409,0.0,0,-0.0,0.0
1289,2024-12-14,Castellon,Cartagena,A,7.5,0.2388,0.1216,0.0608,0.0,0,-0.0,0.0
1290,2024-12-14,Schalke 04,Fortuna Dusseldorf,A,2.55,0.4187,0.0437,0.0219,0.0,0,-0.0,0.0
1291,2024-12-14,Eibar,Zaragoza,H,2.4,0.4713,0.0937,0.0468,0.0,1,0.0,0.0
1292,2024-12-14,Oxford,Sheffield Weds,H,3.25,0.3429,0.0508,0.0254,0.0,0,-0.0,0.0
1293,2024-12-14,Coventry,Hull,A,4.75,0.27,0.0753,0.0377,0.0,0,-0.0,0.0
1294,2024-12-15,Man City,Man United,H,1.57,0.7245,0.2412,0.1206,0.0,0,-0.0,0.0
1295,2024-12-15,Salernitana,Juve Stabia,H,2.3,0.4823,0.0841,0.042,0.0,0,-0.0,0.0
1296,2024-12-15,Ath Madrid,Getafe,H,1.4,0.7752,0.2131,0.1065,0.0,1,0.0,0.0
1297,2024-12-15,Brest,Nantes,H,2.05,0.5932,0.2058,0.1029,0.0,1,0.0,0.0
1298,2024-12-15,Bologna,Fiorentina,H,2.7,0.4199,0.0786,0.0393,0.0,1,0.0,0.0
1299,2024-12-15,Montpellier,Nice,A,2.3,0.4766,0.074,0.037,0.0,0,-0.0,0.0
1300,2024-12-16,Bournemouth,West Ham,A,4.75,0.2577,0.0597,0.0299,0.0,0,-0.0,0.0
1301,2024-12-17,Zaragoza,Oviedo,A,3.5,0.3542,0.0959,0.048,0.0,1,0.0,0.0
1302,2024-12-17,Granada,Cartagena,D,5.0,0.2558,0.0698,0.0349,0.0,0,-0.0,0.0
1303,2024-12-17,Granada,Cartagena,A,9.0,0.172,0.0686,0.0343,0.0,0,-0.0,0.0
1304,2024-12-17,Cordoba,Eibar,A,3.7,0.4448,0.2392,0.1196,0.0,0,-0.0,0.0
1305,2024-12-18,Malaga,Eldense,H,2.3,0.4712,0.0644,0.0322,0.0,1,0.0,0.0
1306,2024-12-18,Ferrol,Almeria,H,4.0,0.2886,0.0515,0.0258,0.0,0,-0.0,0.0
1307,2024-12-18,Villarreal,Vallecano,H,1.8,0.5918,0.0815,0.0408,0.0,0,-0.0,0.0
1308,2024-12-18,Monaco,Paris SG,H,4.0,0.3014,0.0685,0.0342,0.0,0,-0.0,0.0
1309,2024-12-18,Mirandes,Sp Gijon,H,2.7,0.407,0.0581,0.0291,0.0,0,-0.0,0.0
1310,2024-12-19,Huesca,Tenerife,H,2.2,0.5367,0.1506,0.0753,0.0,1,0.0,0.0
1311,2024-12-19,Elche,Santander,A,4.2,0.2836,0.0598,0.0299,0.0,0,-0.0,0.0
1312,2024-12-20,Bayern Munich,RB Leipzig,D,7.5,0.2335,0.1156,0.0578,0.0,0,-0.0,0.0
1313,2024-12-20,Bayern Munich,RB Leipzig,A,11.0,0.2043,0.1248,0.0624,0.0,0,-0.0,0.0
1314,2024-12-20,Cartagena,Albacete,H,3.7,0.3134,0.0592,0.0296,0.0,0,-0.0,0.0
1315,2024-12-20,Fortuna Dusseldorf,Magdeburg,H,2.1,0.5966,0.2298,0.1149,0.0,0,-0.0,0.0
1316,2024-12-21,Millwall,Blackburn,D,3.25,0.3491,0.0598,0.0299,0.0,0,-0.0,0.0
1317,2024-12-21,Aberdeen,Hibernian,H,2.15,0.6346,0.3169,0.1585,0.0,0,-0.0,0.0
1318,2024-12-21,Sunderland,Norwich,A,4.33,0.2747,0.0568,0.0284,0.0,0,-0.0,0.0
1319,2024-12-21,Getafe,Mallorca,A,3.9,0.3006,0.0594,0.0297,0.0,1,0.0,0.0
1320,2024-12-21,Portsmouth,Coventry,H,3.9,0.3381,0.1099,0.0549,0.0,1,0.0,0.0
1321,2024-12-21,Ross County,St Mirren,H,3.5,0.3252,0.0553,0.0276,0.0,0,-0.0,0.0
1322,2024-12-21,Aston Villa,Man City,A,2.1,0.5326,0.1076,0.0538,0.0,0,-0.0,0.0
1323,2024-12-21,West Ham,Brighton,H,2.88,0.4075,0.0924,0.0462,0.0,0,-0.0,0.0
1324,2024-12-21,Plymouth,Middlesbrough,D,4.5,0.2649,0.0549,0.0274,0.0,1,0.0,0.0
1325,2024-12-21,Plymouth,Middlesbrough,H,6.0,0.2847,0.1416,0.0708,0.0,0,-0.0,0.0
1326,2024-12-21,Sassuolo,Palermo,H,1.8,0.6325,0.1732,0.0866,0.0,1,0.0,0.0
1327,2024-12-21,Eibar,Granada,H,2.4,0.4706,0.0925,0.0463,0.0,0,-0.0,0.0
1328,2024-12-21,Oviedo,Cordoba,H,1.7,0.6484,0.146,0.073,0.0,0,-0.0,0.0
1329,2024-12-21,Zaragoza,Ferrol,A,6.0,0.2239,0.0686,0.0343,0.0,0,-0.0,0.0
1330,2024-12-21,Leeds,Oxford,A,19.0,0.1009,0.051,0.0255,0.0,0,-0.0,0.0
1331,2024-12-21,Leeds,Oxford,D,7.5,0.1788,0.0524,0.0262,0.0,0,-0.0,0.0
1332,2024-12-21,Genoa,Napoli,H,5.25,0.251,0.0748,0.0374,0.0,0,-0.0,0.0
1333,2024-12-22,West Brom,Bristol City,H,2.1,0.5288,0.1004,0.0502,0.0,1,0.0,0.0
1334,2024-12-22,Leicester,Wolves,H,2.55,0.4382,0.0757,0.0378,0.0,0,-0.0,0.0
1335,2024-12-22,Regensburg,Darmstadt,D,4.2,0.2851,0.0617,0.0308,0.0,0,-0.0,0.0
1336,2024-12-22,Wolfsburg,Dortmund,A,2.2,0.4858,0.0572,0.0286,0.0,1,0.0,0.0
1337,2024-12-22,Real Madrid,Sevilla,H,1.33,0.8031,0.2065,0.1033,0.0,1,0.0,0.0
1338,2024-12-22,Kaiserslautern,FC Koln,H,4.0,0.3023,0.0698,0.0349,0.0,0,-0.0,0.0
1339,2024-12-22,Levante,Huesca,D,3.7,0.3114,0.0563,0.0282,0.0,1,0.0,0.0
1340,2024-12-23,Fiorentina,Udinese,H,1.6,0.649,0.064,0.032,0.0,0,-0.0,0.0
1341,2024-12-26,Hearts,Hibernian,H,2.15,0.517,0.097,0.0485,0.0,0,-0.0,0.0
1342,2024-12-26,Frosinone,Salernitana,H,2.35,0.4985,0.127,0.0635,0.0,1,0.0,0.0
1343,2024-12-26,Oxford,Cardiff,H,2.88,0.3929,0.07,0.035,0.0,1,0.0,0.0
1344,2024-12-26,Stoke,Leeds,H,6.25,0.2036,0.0519,0.026,0.0,0,-0.0,0.0
1345,2024-12-26,Blackburn,Sunderland,H,2.8,0.392,0.0542,0.0271,0.0,0,-0.0,0.0
1346,2024-12-26,Coventry,Plymouth,D,5.75,0.2515,0.0939,0.0469,0.0,0,-0.0,0.0
1347,2024-12-26,Coventry,Plymouth,A,7.5,0.2,0.0769,0.0384,0.0,0,-0.0,0.0
1348,2024-12-26,Brescia,Modena,H,2.7,0.4196,0.0782,0.0391,0.0,0,-0.0,0.0
1349,2024-12-27,Brighton,Brentford,A,4.75,0.2516,0.052,0.026,0.0,0,-0.0,0.0
1350,2024-12-28,Cagliari,Inter,A,1.44,0.7302,0.1172,0.0586,0.0,1,0.0,0.0
1351,2024-12-29,Juve Stabia,Frosinone,A,3.7,0.3484,0.1071,0.0536,0.0,0,-0.0,0.0
1352,2024-12-29,Milan,Roma,H,2.25,0.585,0.2531,0.1265,0.0,0,-0.0,0.0
1353,2024-12-29,Catanzaro,Salernitana,H,2.15,0.5124,0.0885,0.0442,0.0,1,0.0,0.0
1354,2024-12-29,Hibernian,Kilmarnock,A,4.0,0.3073,0.0764,0.0382,0.0,0,-0.0,0.0
1355,2024-12-29,Crystal Palace,Southampton,H,1.57,0.6601,0.0638,0.0319,0.0,1,0.0,0.0
1356,2024-12-29,Celtic,St Johnstone,H,1.11,0.9365,0.3588,0.1794,0.0,1,0.0,0.0
1357,2024-12-29,Middlesbrough,Burnley,A,3.1,0.4024,0.1179,0.0589,0.0,0,-0.0,0.0
1358,2024-12-29,Blackburn,Hull,H,2.0,0.5217,0.0435,0.0217,0.0,0,-0.0,0.0
1359,2024-12-29,Stoke,Sunderland,D,3.6,0.3122,0.0477,0.0239,0.0,0,-0.0,0.0
1360,2024-12-29,Coventry,Millwall,A,4.33,0.2839,0.0689,0.0344,0.0,0,-0.0,0.0
1361,2024-12-29,Cittadella,Palermo,H,3.4,0.3572,0.0894,0.0447,0.0,1,0.0,0.0
1362,2024-12-29,Mantova,Reggiana,H,2.35,0.471,0.0792,0.0396,0.0,0,-0.0,0.0
1363,2024-12-29,Motherwell,Rangers,H,9.0,0.1743,0.0711,0.0355,0.0,0,-0.0,0.0
1364,2024-12-29,Watford,Cardiff,H,1.95,0.5952,0.1692,0.0846,0.0,0,-0.0,0.0
1365,2024-12-30,Como,Lecce,A,5.0,0.2802,0.1003,0.0501,0.0,0,-0.0,0.0
1366,2024-12-30,Bologna,Verona,H,1.5,0.7485,0.2454,0.1227,0.0,0,-0.0,0.0
1367,2025-01-01,Burnley,Stoke,H,1.53,0.6871,0.0969,0.0484,0.0,0,-0.0,0.0
1368,2025-01-03,Nice,Rennes,H,2.2,0.5306,0.1394,0.0697,0.0,1,0.0,0.0
1369,2025-01-03,Amiens,Troyes,H,2.63,0.4347,0.0879,0.044,0.0,0,-0.0,0.0
1370,2025-01-04,Laval,Lorient,H,4.33,0.3015,0.0917,0.0458,0.0,1,0.0,0.0
1371,2025-01-04,Blackburn,Burnley,D,3.4,0.3373,0.0612,0.0306,0.0,0,-0.0,0.0
1372,2025-01-04,Southampton,Brentford,A,2.4,0.5017,0.1459,0.0729,0.0,1,0.0,0.0
1373,2025-01-04,Brighton,Arsenal,A,1.8,0.6122,0.1275,0.0638,0.0,0,-0.0,0.0
1374,2025-01-04,Lille,Nantes,H,1.5,0.7459,0.2377,0.1188,0.0,0,-0.0,0.0
1375,2025-01-04,Venezia,Empoli,A,3.4,0.3686,0.1056,0.0528,0.0,0,-0.0,0.0
1376,2025-01-04,Verona,Udinese,H,3.0,0.3708,0.0562,0.0281,0.0,0,-0.0,0.0
1377,2025-01-04,Norwich,Coventry,H,2.4,0.4872,0.1209,0.0605,0.0,1,0.0,0.0
1378,2025-01-05,Strasbourg,Auxerre,A,4.2,0.3105,0.0951,0.0475,0.0,0,-0.0,0.0
1379,2025-01-05,Angers,Brest,A,2.3,0.4887,0.0954,0.0477,0.0,0,-0.0,0.0
1380,2025-01-05,Monza,Cagliari,H,2.4,0.4529,0.0621,0.0311,0.0,0,-0.0,0.0
1381,2025-01-05,Lecce,Genoa,A,2.9,0.3775,0.0499,0.025,0.0,0,-0.0,0.0
1382,2025-01-05,Liverpool,Man United,H,1.29,0.802,0.1194,0.0597,0.0,0,-0.0,0.0
1383,2025-01-06,QPR,Luton,H,2.4,0.4497,0.0566,0.0283,0.0,1,0.0,0.0
1384,2025-01-10,Auxerre,Lille,H,4.6,0.2611,0.0559,0.028,0.0,0,-0.0,0.0
1385,2025-01-10,Auxerre,Lille,D,3.8,0.3033,0.0545,0.0272,0.0,1,0.0,0.0
1386,2025-01-10,Rodez,Troyes,H,2.35,0.4472,0.0378,0.0189,0.0,1,0.0,0.0
1387,2025-01-10,Dortmund,Leverkusen,A,2.45,0.4674,0.1,0.05,0.0,1,0.0,0.0
1388,2025-01-10,Lazio,Como,H,1.9,0.6587,0.2795,0.1397,0.0,0,-0.0,0.0
1389,2025-01-10,Annecy,Guingamp,H,2.55,0.4683,0.1252,0.0626,0.0,0,-0.0,0.0
1390,2025-01-10,Martigues,Clermont,H,4.75,0.2505,0.0506,0.0253,0.0,0,-0.0,0.0
1391,2025-01-10,Laval,Red Star,H,1.95,0.5627,0.1024,0.0512,0.0,0,-0.0,0.0
1392,2025-01-11,Hibernian,Motherwell,A,5.25,0.2809,0.1117,0.0559,0.0,0,-0.0,0.0
1393,2025-01-11,Rennes,Marseille,A,2.4,0.4552,0.0661,0.0331,0.0,1,0.0,0.0
1394,2025-01-11,Alaves,Girona,A,2.75,0.4437,0.1259,0.0629,0.0,1,0.0,0.0
1395,2025-01-11,Torino,Juventus,H,5.0,0.2455,0.0569,0.0285,0.0,0,-0.0,0.0
1396,2025-01-11,Heidenheim,Union Berlin,H,3.1,0.3827,0.0887,0.0444,0.0,1,0.0,0.0
1397,2025-01-11,Malaga,La Coruna,H,2.5,0.4725,0.1208,0.0604,0.0,0,-0.0,0.0
1398,2025-01-11,M'gladbach,Bayern Munich,H,7.0,0.1861,0.0504,0.0252,0.0,0,-0.0,0.0
1399,2025-01-12,Frosinone,Cremonese,H,3.3,0.395,0.132,0.066,0.0,0,-0.0,0.0
1400,2025-01-12,Las Palmas,Getafe,H,2.45,0.4493,0.0695,0.0347,0.0,0,-0.0,0.0
1401,2025-01-12,RB Leipzig,Werder Bremen,H,1.75,0.5905,0.0444,0.0222,0.0,1,0.0,0.0
1402,2025-01-12,Bologna,Roma,H,2.8,0.5208,0.2546,0.1273,0.0,0,-0.0,0.0
1403,2025-01-12,Brescia,Sampdoria,H,2.63,0.4146,0.0555,0.0278,0.0,0,-0.0,0.0
1404,2025-01-12,Cordoba,Almeria,A,2.5,0.4463,0.0771,0.0386,0.0,1,0.0,0.0
1405,2025-01-13,Sociedad,Villarreal,A,4.0,0.3106,0.0808,0.0404,0.0,0,-0.0,0.0
1406,2025-01-13,Eldense,Eibar,A,3.0,0.4185,0.1278,0.0639,0.0,1,0.0,0.0
1407,2025-01-14,Chelsea,Bournemouth,D,4.75,0.2588,0.0611,0.0305,0.0,1,0.0,0.0
1408,2025-01-14,Chelsea,Bournemouth,A,6.0,0.2253,0.0704,0.0352,0.0,0,-0.0,0.0
1409,2025-01-14,Cardiff,Watford,A,3.2,0.3553,0.0623,0.0311,0.0,0,-0.0,0.0
1410,2025-01-15,Arsenal,Tottenham,H,1.4,0.7456,0.1096,0.0548,0.0,1,0.0,0.0
1411,2025-01-15,Stuttgart,RB Leipzig,A,3.4,0.3408,0.0661,0.033,0.0,0,-0.0,0.0
1412,2025-01-15,Inter,Bologna,H,1.48,0.7173,0.1282,0.0641,0.0,0,-0.0,0.0
1413,2025-01-17,Amiens,Bastia,H,3.2,0.3791,0.0969,0.0485,0.0,1,0.0,0.0
1414,2025-01-17,Fortuna Dusseldorf,Darmstadt,H,2.3,0.5423,0.1902,0.0951,0.0,0,-0.0,0.0
1415,2025-01-17,Burnley,Sunderland,H,2.15,0.5711,0.1982,0.0991,0.0,0,-0.0,0.0
1416,2025-01-17,Cartagena,Oviedo,H,5.5,0.2843,0.1252,0.0626,0.0,0,-0.0,0.0
1417,2025-01-17,Roma,Genoa,A,6.5,0.2001,0.0547,0.0274,0.0,0,-0.0,0.0
1418,2025-01-17,Espanol,Valladolid,A,5.25,0.2458,0.0684,0.0342,0.0,0,-0.0,0.0
1419,2025-01-18,Sheffield United,Norwich,H,2.1,0.5319,0.1064,0.0532,0.0,1,0.0,0.0
1420,2025-01-18,Heidenheim,St Pauli,H,2.38,0.4649,0.0771,0.0385,0.0,0,-0.0,0.0
1421,2025-01-18,Bochum,RB Leipzig,A,2.0,0.6097,0.2195,0.1097,0.0,0,-0.0,0.0
1422,2025-01-18,Leverkusen,M'gladbach,H,1.27,0.8156,0.1325,0.0663,0.0,1,0.0,0.0
1423,2025-01-18,Metz,Paris FC,H,2.4,0.4585,0.0717,0.0358,0.0,1,0.0,0.0
1424,2025-01-18,Bologna,Monza,H,1.6,0.7052,0.2138,0.1069,0.0,1,0.0,0.0
1425,2025-01-18,Portsmouth,Middlesbrough,H,4.5,0.2657,0.0559,0.028,0.0,1,0.0,0.0
1426,2025-01-18,Holstein Kiel,Hoffenheim,H,3.0,0.3865,0.0798,0.0399,0.0,0,-0.0,0.0
1427,2025-01-18,Eldense,Cadiz,A,3.0,0.363,0.0445,0.0223,0.0,1,0.0,0.0
1428,2025-01-18,Lyon,Toulouse,H,1.85,0.5669,0.0575,0.0287,0.0,0,-0.0,0.0
1429,2025-01-18,Rennes,Brest,A,3.9,0.345,0.1191,0.0596,0.0,1,0.0,0.0
1430,2025-01-18,Girona,Sevilla,H,1.91,0.5876,0.1345,0.0672,0.0,0,-0.0,0.0
1431,2025-01-18,Arsenal,Aston Villa,H,1.5,0.6991,0.0974,0.0487,0.0,0,-0.0,0.0
1432,2025-01-18,Modena,Frosinone,A,4.0,0.3164,0.0886,0.0443,0.0,0,-0.0,0.0
1433,2025-01-19,Catanzaro,Pisa,H,3.25,0.3717,0.0925,0.0462,0.0,0,-0.0,0.0
1434,2025-01-19,Nott'm Forest,Southampton,H,1.38,0.7534,0.1043,0.0522,0.0,1,0.0,0.0
1435,2025-01-19,Celta,Ath Bilbao,A,2.6,0.4535,0.1119,0.0559,0.0,1,0.0,0.0
1436,2025-01-19,Sassuolo,Sudtirol,H,1.5,0.6911,0.0734,0.0367,0.0,1,0.0,0.0
1437,2025-01-19,Nurnberg,Karlsruhe,A,2.9,0.4747,0.1983,0.0991,0.0,0,-0.0,0.0
1438,2025-01-19,Union Berlin,Mainz,A,2.88,0.3818,0.0529,0.0265,0.0,0,-0.0,0.0
1439,2025-01-19,Almeria,Huesca,A,6.0,0.2227,0.0673,0.0336,0.0,0,-0.0,0.0
1440,2025-01-19,Inter,Empoli,H,1.25,0.8687,0.3434,0.1717,0.0,1,0.0,0.0
1441,2025-01-19,Parma,Venezia,H,2.15,0.5,0.0653,0.0326,0.0,0,-0.0,0.0
1442,2025-01-19,Burgos,La Coruna,H,2.6,0.4232,0.0627,0.0314,0.0,0,-0.0,0.0
1443,2025-01-20,Troyes,Annecy,A,3.75,0.3226,0.0763,0.0381,0.0,1,0.0,0.0
1444,2025-01-20,Como,Udinese,A,3.4,0.3714,0.1095,0.0547,0.0,0,-0.0,0.0
1445,2025-01-21,Blackburn,Coventry,H,2.55,0.4554,0.104,0.052,0.0,0,-0.0,0.0
1446,2025-01-21,Hull,QPR,A,3.7,0.3106,0.0552,0.0276,0.0,1,0.0,0.0
1447,2025-01-21,Oxford,Luton,H,2.9,0.3994,0.0833,0.0416,0.0,1,0.0,0.0
1448,2025-01-24,Laval,Troyes,H,2.6,0.4898,0.171,0.0855,0.0,1,0.0,0.0
1449,2025-01-24,Elche,Eibar,A,5.25,0.2583,0.0838,0.0419,0.0,0,-0.0,0.0
1450,2025-01-24,Sheffield United,Hull,H,1.73,0.6698,0.2174,0.1087,0.0,0,-0.0,0.0
1451,2025-01-24,Torino,Cagliari,H,2.2,0.5181,0.1166,0.0583,0.0,1,0.0,0.0
1452,2025-01-24,Spezia,Sassuolo,A,3.1,0.3599,0.0551,0.0276,0.0,0,-0.0,0.0
1453,2025-01-25,Monaco,Rennes,H,1.7,0.6389,0.123,0.0615,0.0,1,0.0,0.0
1454,2025-01-25,Schalke 04,Nurnberg,H,2.25,0.5084,0.1151,0.0576,0.0,1,0.0,0.0
1455,2025-01-25,Frosinone,Sudtirol,H,2.2,0.536,0.1493,0.0747,0.0,0,-0.0,0.0
1456,2025-01-25,Strasbourg,Lille,A,2.55,0.4591,0.1101,0.0551,0.0,0,-0.0,0.0
1457,2025-01-25,Cardiff,Derby,H,2.2,0.4807,0.048,0.024,0.0,1,0.0,0.0
1458,2025-01-25,QPR,Sheffield Weds,H,2.5,0.4626,0.1044,0.0522,0.0,0,-0.0,0.0
1459,2025-01-25,Mantova,Sampdoria,H,2.8,0.3972,0.0622,0.0311,0.0,0,-0.0,0.0
1460,2025-01-25,Coventry,Watford,A,4.75,0.2651,0.0691,0.0346,0.0,0,-0.0,0.0
1461,2025-01-25,Wolves,Arsenal,A,1.45,0.716,0.0849,0.0424,0.0,1,0.0,0.0
1462,2025-01-25,Cordoba,Santander,A,2.88,0.4176,0.1078,0.0539,0.0,1,0.0,0.0
1463,2025-01-25,St Johnstone,Motherwell,A,2.7,0.4242,0.0855,0.0428,0.0,0,-0.0,0.0
1464,2025-01-25,Ross County,Hibernian,H,3.8,0.3181,0.0746,0.0373,0.0,0,-0.0,0.0
1465,2025-01-25,Mallorca,Betis,A,3.5,0.3318,0.0645,0.0323,0.0,1,0.0,0.0
1466,2025-01-25,Como,Atalanta,A,1.85,0.564,0.0511,0.0256,0.0,1,0.0,0.0
1467,2025-01-25,Man City,Chelsea,H,2.05,0.5852,0.1901,0.0951,0.0,1,0.0,0.0
1468,2025-01-25,La Coruna,Levante,A,3.3,0.3546,0.074,0.037,0.0,1,0.0,0.0
1469,2025-01-25,Paris SG,Reims,H,1.27,0.8373,0.2346,0.1173,0.0,0,-0.0,0.0
1470,2025-01-26,Vallecano,Girona,A,2.88,0.4116,0.0986,0.0493,0.0,0,-0.0,0.0
1471,2025-01-26,Cremonese,Modena,H,1.8,0.5651,0.0214,0.0107,0.0,0,-0.0,0.0
1472,2025-01-26,Le Havre,Brest,A,2.35,0.5211,0.1664,0.0832,0.0,1,0.0,0.0
1473,2025-01-26,Nantes,Lyon,A,2.1,0.5222,0.0879,0.044,0.0,0,-0.0,0.0
1474,2025-01-26,Pisa,Salernitana,H,1.73,0.6284,0.1193,0.0597,0.0,1,0.0,0.0
1475,2025-01-26,Malaga,Zaragoza,H,2.5,0.4646,0.1077,0.0539,0.0,0,-0.0,0.0
1476,2025-01-26,Oviedo,Castellon,H,1.73,0.6294,0.1218,0.0609,0.0,1,0.0,0.0
1477,2025-01-26,Darmstadt,Paderborn,A,3.2,0.3703,0.0841,0.0421,0.0,1,0.0,0.0
1478,2025-01-27,Burnley,Leeds,H,3.0,0.4354,0.1531,0.0765,0.0,0,-0.0,0.0
1479,2025-01-27,Annecy,Dunkerque,H,2.55,0.4787,0.1424,0.0712,0.0,0,-0.0,0.0
1480,2025-01-27,Genoa,Monza,H,2.25,0.5085,0.1153,0.0576,0.0,1,0.0,0.0
1481,2025-01-31,Palermo,Pisa,A,3.3,0.3388,0.0513,0.0256,0.0,1,0.0,0.0
1482,2025-01-31,Grenoble,Rodez,H,2.9,0.3909,0.0703,0.0351,0.0,1,0.0,0.0
1483,2025-01-31,Leganes,Vallecano,H,3.3,0.3565,0.0768,0.0384,0.0,0,-0.0,0.0
1484,2025-01-31,Elversberg,Karlsruhe,A,3.4,0.4204,0.1789,0.0895,0.0,0,-0.0,0.0
1485,2025-02-01,Modena,Mantova,A,4.75,0.2537,0.0547,0.0273,0.0,0,-0.0,0.0
1486,2025-02-01,St Mirren,St Johnstone,H,1.85,0.5625,0.0477,0.0238,0.0,0,-0.0,0.0
1487,2025-02-01,Hull,Stoke,A,4.0,0.2968,0.0624,0.0312,0.0,1,0.0,0.0
1488,2025-02-01,Kilmarnock,Dundee United,H,2.55,0.4247,0.0536,0.0268,0.0,1,0.0,0.0
1489,2025-02-01,Union Berlin,RB Leipzig,A,2.25,0.5412,0.1742,0.0871,0.0,0,-0.0,0.0
1490,2025-02-01,Bologna,Como,H,1.9,0.6355,0.2306,0.1153,0.0,1,0.0,0.0
1491,2025-02-01,Plymouth,West Brom,H,5.0,0.2458,0.0572,0.0286,0.0,1,0.0,0.0
1492,2025-02-01,Sassuolo,Juve Stabia,H,1.62,0.6614,0.1152,0.0576,0.0,1,0.0,0.0
1493,2025-02-01,Fortuna Dusseldorf,Ulm,H,1.7,0.6432,0.1336,0.0668,0.0,1,0.0,0.0
1494,2025-02-01,Sheffield Weds,Luton,H,2.1,0.531,0.1047,0.0523,0.0,0,-0.0,0.0
1495,2025-02-01,Ath Madrid,Mallorca,H,1.4,0.7242,0.0345,0.0173,0.0,1,0.0,0.0
1496,2025-02-01,Ipswich,Southampton,H,1.95,0.5519,0.0803,0.0401,0.0,0,-0.0,0.0
1497,2025-02-01,Catanzaro,Cesena,H,2.5,0.4324,0.054,0.027,0.0,1,0.0,0.0
1498,2025-02-01,Braunschweig,FC Koln,D,4.0,0.2898,0.0531,0.0265,0.0,0,-0.0,0.0
1499,2025-02-01,Oxford,Bristol City,H,3.1,0.3662,0.0645,0.0322,0.0,0,-0.0,0.0
1500,2025-02-02,Ein Frankfurt,Wolfsburg,H,1.95,0.5747,0.1269,0.0635,0.0,0,-0.0,0.0
1501,2025-02-02,Hamburg,Hannover,H,1.91,0.5517,0.0591,0.0296,0.0,0,-0.0,0.0
1502,2025-02-02,Arsenal,Man City,A,4.0,0.3,0.0667,0.0333,0.0,0,-0.0,0.0
1503,2025-02-02,Leverkusen,Hoffenheim,H,1.25,0.8311,0.1557,0.0779,0.0,1,0.0,0.0
1504,2025-02-02,Eibar,La Coruna,H,2.25,0.4901,0.0822,0.0411,0.0,0,-0.0,0.0
1505,2025-02-02,Tenerife,Albacete,A,3.25,0.3412,0.0484,0.0242,0.0,0,-0.0,0.0
1506,2025-02-02,Reims,Nantes,H,2.15,0.5184,0.0997,0.0498,0.0,0,-0.0,0.0
1507,2025-02-02,Toulouse,Nice,A,2.75,0.394,0.0477,0.0238,0.0,0,-0.0,0.0
1508,2025-02-02,Zaragoza,Cadiz,A,3.75,0.3294,0.0855,0.0428,0.0,0,-0.0,0.0
1509,2025-02-02,Cartagena,Cordoba,H,3.8,0.3701,0.1452,0.0726,0.0,0,-0.0,0.0
1510,2025-02-02,Castellon,Huesca,A,4.0,0.4083,0.2111,0.1055,0.0,1,0.0,0.0
1511,2025-02-03,Chelsea,West Ham,A,8.0,0.1817,0.0649,0.0324,0.0,0,-0.0,0.0
1512,2025-02-06,Fiorentina,Inter,A,2.05,0.5388,0.0997,0.0498,0.0,0,-0.0,0.0
1513,2025-02-07,Grenoble,Red Star,H,2.3,0.5407,0.1874,0.0937,0.0,0,-0.0,0.0
1514,2025-02-07,PreuÃen MÃ¼nster,Hamburg,A,1.95,0.5363,0.0482,0.0241,0.0,1,0.0,0.0
1515,2025-02-07,Brescia,Salernitana,H,2.63,0.4768,0.1558,0.0779,0.0,0,-0.0,0.0
1516,2025-02-07,Nantes,Brest,A,3.1,0.4252,0.1515,0.0757,0.0,1,0.0,0.0
1517,2025-02-07,Greuther Furth,Regensburg,H,1.85,0.6182,0.169,0.0845,0.0,1,0.0,0.0
1518,2025-02-07,Bayern Munich,Werder Bremen,D,11.0,0.1407,0.0547,0.0274,0.0,0,-0.0,0.0
1519,2025-02-07,Como,Juventus,A,2.05,0.5493,0.12,0.06,0.0,1,0.0,0.0
1520,2025-02-08,Sp Gijon,Eibar,A,4.2,0.2806,0.0558,0.0279,0.0,0,-0.0,0.0
1521,2025-02-08,Granada,Mirandes,A,5.0,0.2659,0.0824,0.0412,0.0,0,-0.0,0.0
1522,2025-02-08,Sampdoria,Modena,H,2.55,0.4516,0.0979,0.0489,0.0,1,0.0,0.0
1523,2025-02-08,West Brom,Sheffield Weds,H,2.15,0.4971,0.0599,0.0299,0.0,1,0.0,0.0
1524,2025-02-08,Ferrol,Castellon,H,2.7,0.4626,0.1465,0.0733,0.0,0,-0.0,0.0
1525,2025-02-08,Magdeburg,Nurnberg,H,2.1,0.5151,0.0743,0.0371,0.0,0,-0.0,0.0
1526,2025-02-08,Wolfsburg,Leverkusen,A,1.8,0.6067,0.1152,0.0576,0.0,0,-0.0,0.0
1527,2025-02-08,Darmstadt,Elversberg,A,3.4,0.3452,0.0723,0.0362,0.0,1,0.0,0.0
1528,2025-02-08,Lille,Le Havre,H,1.36,0.7778,0.1607,0.0803,0.0,0,-0.0,0.0
1529,2025-02-08,Celta,Betis,A,3.2,0.3754,0.0914,0.0457,0.0,0,-0.0,0.0
1530,2025-02-08,Norwich,Derby,H,1.7,0.6372,0.119,0.0595,0.0,0,-0.0,0.0
1531,2025-02-09,Napoli,Udinese,H,1.44,0.7368,0.1385,0.0693,0.0,0,-0.0,0.0
1532,2025-02-09,Karlsruhe,Braunschweig,H,1.8,0.6429,0.1965,0.0983,0.0,0,-0.0,0.0
1533,2025-02-09,Valencia,Leganes,A,5.5,0.2471,0.0798,0.0399,0.0,0,-0.0,0.0
1534,2025-02-09,Spezia,Palermo,H,1.9,0.5815,0.1165,0.0582,0.0,0,-0.0,0.0
1535,2025-02-09,Sociedad,Espanol,D,3.9,0.3025,0.062,0.031,0.0,0,-0.0,0.0
1536,2025-02-09,Hannover,Fortuna Dusseldorf,A,3.3,0.3361,0.0475,0.0237,0.0,0,-0.0,0.0
1537,2025-02-09,RB Leipzig,St Pauli,H,1.57,0.6482,0.0311,0.0155,0.0,1,0.0,0.0
1538,2025-02-09,Cordoba,Huesca,A,4.2,0.3973,0.209,0.1045,0.0,1,0.0,0.0
1539,2025-02-09,FC Koln,Schalke 04,H,1.73,0.5951,0.0405,0.0202,0.0,1,0.0,0.0
1540,2025-02-10,Oviedo,Eldense,H,1.62,0.6496,0.0845,0.0422,0.0,0,-0.0,0.0
1541,2025-02-10,Mallorca,Osasuna,A,4.33,0.2889,0.0754,0.0377,0.0,0,-0.0,0.0
1542,2025-02-11,Watford,Leeds,H,10.0,0.2133,0.1259,0.0629,0.0,0,-0.0,0.0
1543,2025-02-11,Watford,Leeds,D,4.75,0.2558,0.0573,0.0287,0.0,0,-0.0,0.0
1544,2025-02-11,Derby,Oxford,A,3.6,0.3269,0.068,0.034,0.0,0,-0.0,0.0
1545,2025-02-11,Coventry,QPR,A,4.33,0.2733,0.0551,0.0276,0.0,0,-0.0,0.0
1546,2025-02-12,Bristol City,Stoke,A,5.0,0.2468,0.0585,0.0293,0.0,0,-0.0,0.0
1547,2025-02-12,Sunderland,Luton,H,1.67,0.6409,0.1048,0.0524,0.0,1,0.0,0.0
1548,2025-02-12,Sheffield United,Middlesbrough,H,2.25,0.5412,0.1742,0.0871,0.0,1,0.0,0.0
1549,2025-02-12,Burnley,Hull,H,1.67,0.6998,0.2517,0.1258,0.0,1,0.0,0.0
1550,2025-02-14,Catanzaro,Cittadella,H,1.95,0.5323,0.04,0.02,0.0,1,0.0,0.0
1551,2025-02-14,Augsburg,RB Leipzig,A,2.4,0.4809,0.1102,0.0551,0.0,0,-0.0,0.0
1552,2025-02-14,QPR,Derby,H,2.05,0.5335,0.0893,0.0446,0.0,1,0.0,0.0
1553,2025-02-14,Brighton,Chelsea,A,2.45,0.4723,0.1083,0.0542,0.0,0,-0.0,0.0
1554,2025-02-14,Magdeburg,FC Koln,A,3.0,0.431,0.1465,0.0733,0.0,0,-0.0,0.0
1555,2025-02-14,Brest,Auxerre,H,2.25,0.5627,0.2129,0.1065,0.0,0,-0.0,0.0
1556,2025-02-14,Pau FC,Rodez,H,2.63,0.4479,0.1093,0.0546,0.0,0,-0.0,0.0
1557,2025-02-14,Clermont,Bastia,H,3.0,0.4108,0.1163,0.0581,0.0,0,-0.0,0.0
1558,2025-02-15,Atalanta,Cagliari,H,1.44,0.7629,0.224,0.112,0.0,0,-0.0,0.0
1559,2025-02-15,Leverkusen,Bayern Munich,H,2.9,0.4079,0.0963,0.0482,0.0,0,-0.0,0.0
1560,2025-02-15,Cartagena,Malaga,H,3.7,0.3131,0.0588,0.0294,0.0,0,-0.0,0.0
1561,2025-02-15,Castellon,Eibar,A,3.8,0.4051,0.1926,0.0963,0.0,0,-0.0,0.0
1562,2025-02-15,Stuttgart,Wolfsburg,H,1.73,0.5999,0.0518,0.0259,0.0,0,-0.0,0.0
1563,2025-02-15,Ath Madrid,Celta,H,1.39,0.7584,0.1388,0.0694,0.0,0,-0.0,0.0
1564,2025-02-15,Oxford,Portsmouth,H,2.35,0.4599,0.0598,0.0299,0.0,0,-0.0,0.0
1565,2025-02-15,Monaco,Nantes,H,1.55,0.7197,0.21,0.105,0.0,1,0.0,0.0
1566,2025-02-15,Celtic,Dundee United,H,1.15,0.881,0.0877,0.0439,0.0,1,0.0,0.0
1567,2025-02-15,Kaiserslautern,Hannover,H,2.8,0.4156,0.0909,0.0454,0.0,0,-0.0,0.0
1568,2025-02-15,Fortuna Dusseldorf,Hertha,H,2.15,0.5876,0.229,0.1145,0.0,1,0.0,0.0
1569,2025-02-15,Man City,Newcastle,H,1.95,0.6264,0.2331,0.1166,0.0,1,0.0,0.0
1570,2025-02-15,Luton,Sheffield United,A,2.15,0.5091,0.0821,0.0411,0.0,1,0.0,0.0
1571,2025-02-15,Leganes,Alaves,H,3.1,0.3863,0.0941,0.0471,0.0,0,-0.0,0.0
1572,2025-02-16,Fiorentina,Como,H,2.0,0.6766,0.3532,0.1766,0.0,0,-0.0,0.0
1573,2025-02-16,Liverpool,Wolves,H,1.15,0.8726,0.0231,0.0115,0.0,1,0.0,0.0
1574,2025-02-16,Rennes,Lille,A,2.7,0.4181,0.0758,0.0379,0.0,1,0.0,0.0
1575,2025-02-16,Frosinone,Reggiana,H,2.63,0.4921,0.1806,0.0903,0.0,0,-0.0,0.0
1576,2025-02-16,Valladolid,Sevilla,H,4.0,0.2951,0.0601,0.0301,0.0,0,-0.0,0.0
1577,2025-02-16,Huesca,Granada,H,2.63,0.4569,0.1237,0.0619,0.0,0,-0.0,0.0
1578,2025-02-16,St Mirren,Hibernian,H,3.25,0.3399,0.0465,0.0233,0.0,0,-0.0,0.0
1579,2025-02-16,Levante,Sp Gijon,H,2.1,0.5119,0.0683,0.0341,0.0,0,-0.0,0.0
1580,2025-02-16,Schalke 04,Karlsruhe,A,3.3,0.3395,0.0523,0.0262,0.0,0,-0.0,0.0
1581,2025-02-17,Genoa,Venezia,H,1.85,0.5859,0.0987,0.0494,0.0,1,0.0,0.0
1582,2025-02-17,Annecy,Caen,H,2.35,0.5859,0.2792,0.1396,0.0,1,0.0,0.0
1583,2025-02-19,Luton,Plymouth,A,4.75,0.2518,0.0523,0.0261,0.0,0,-0.0,0.0
1584,2025-02-21,Celta,Osasuna,A,5.25,0.3072,0.1442,0.0721,0.0,0,-0.0,0.0
1585,2025-02-21,Sampdoria,Sassuolo,A,2.25,0.4675,0.0416,0.0208,0.0,0,-0.0,0.0
1586,2025-02-21,Paris FC,Troyes,H,1.73,0.6036,0.0607,0.0303,0.0,1,0.0,0.0
1587,2025-02-21,Grenoble,Guingamp,H,2.9,0.3786,0.0515,0.0258,0.0,0,-0.0,0.0
1588,2025-02-21,Rodez,Amiens,A,4.75,0.2545,0.0557,0.0278,0.0,0,-0.0,0.0
1589,2025-02-21,Burnley,Sheffield Weds,H,1.77,0.6695,0.2402,0.1201,0.0,1,0.0,0.0
1590,2025-02-21,Malaga,Tenerife,H,2.38,0.5437,0.213,0.1065,0.0,1,0.0,0.0
1591,2025-02-21,Dunkerque,Clermont,A,4.5,0.2856,0.0815,0.0407,0.0,0,-0.0,0.0
1592,2025-02-22,Cittadella,Modena,H,3.0,0.382,0.073,0.0365,0.0,0,-0.0,0.0
1593,2025-02-22,Southampton,Brighton,H,6.0,0.2148,0.0578,0.0289,0.0,0,-0.0,0.0
1594,2025-02-22,Arsenal,West Ham,H,1.27,0.8381,0.2383,0.1192,0.0,0,-0.0,0.0
1595,2025-02-22,Dundee United,Motherwell,A,5.0,0.2497,0.0621,0.0311,0.0,0,-0.0,0.0
1596,2025-02-22,Ferrol,Cordoba,H,3.2,0.3832,0.1028,0.0514,0.0,0,-0.0,0.0
1597,2025-02-22,Alaves,Espanol,A,5.25,0.2622,0.0886,0.0443,0.0,1,0.0,0.0
1598,2025-02-22,Auxerre,Marseille,H,5.5,0.2284,0.0569,0.0284,0.0,1,0.0,0.0
1599,2025-02-22,Auxerre,Marseille,D,4.33,0.2718,0.0531,0.0265,0.0,0,-0.0,0.0
1600,2025-02-22,Valencia,Ath Madrid,A,1.91,0.5498,0.055,0.0275,0.0,1,0.0,0.0
1601,2025-02-22,Ross County,Dundee,H,2.4,0.462,0.0777,0.0389,0.0,1,0.0,0.0
1602,2025-02-22,Karlsruhe,Magdeburg,H,2.88,0.4507,0.1586,0.0793,0.0,1,0.0,0.0
1603,2025-02-22,Las Palmas,Barcelona,D,7.0,0.1885,0.0532,0.0266,0.0,0,-0.0,0.0
1604,2025-02-22,Derby,Millwall,A,3.25,0.361,0.077,0.0385,0.0,1,0.0,0.0
1605,2025-02-22,PreuÃen MÃ¼nster,Regensburg,H,2.15,0.5744,0.2043,0.1021,0.0,1,0.0,0.0
1606,2025-02-23,Cadiz,Castellon,H,2.0,0.5624,0.1249,0.0624,0.0,0,-0.0,0.0
1607,2025-02-23,Greuther Furth,Braunschweig,H,2.15,0.4876,0.042,0.021,0.0,1,0.0,0.0
1608,2025-02-23,La Coruna,Huesca,A,4.1,0.3197,0.1002,0.0501,0.0,0,-0.0,0.0
1609,2025-02-23,Strasbourg,Brest,A,3.6,0.336,0.0806,0.0403,0.0,0,-0.0,0.0
1610,2025-02-23,Como,Napoli,A,2.25,0.5513,0.1923,0.0962,0.0,0,-0.0,0.0
1611,2025-02-23,Man City,Liverpool,H,2.88,0.4179,0.1082,0.0541,0.0,0,-0.0,0.0
1612,2025-02-23,Nice,Montpellier,H,1.38,0.7404,0.0574,0.0287,0.0,1,0.0,0.0
1613,2025-02-23,Cagliari,Juventus,A,1.9,0.5694,0.0911,0.0455,0.0,1,0.0,0.0
1614,2025-02-23,Watford,Luton,H,2.35,0.5036,0.1359,0.068,0.0,1,0.0,0.0
1615,2025-02-23,RB Leipzig,Heidenheim,H,1.33,0.756,0.0165,0.0082,0.0,0,-0.0,0.0
1616,2025-02-24,Sheffield United,Leeds,H,3.9,0.3513,0.1276,0.0638,0.0,0,-0.0,0.0
1617,2025-02-25,Wolves,Fulham,A,2.63,0.4237,0.0702,0.0351,0.0,1,0.0,0.0
1618,2025-02-26,Motherwell,Dundee,H,2.25,0.4761,0.0569,0.0285,0.0,1,0.0,0.0
1619,2025-02-26,Liverpool,Newcastle,H,1.5,0.7115,0.1346,0.0673,0.0,1,0.0,0.0
1620,2025-02-26,Nott'm Forest,Arsenal,A,1.95,0.5637,0.1043,0.0522,0.0,0,-0.0,0.0
1621,2025-02-26,St Johnstone,Ross County,A,3.25,0.3449,0.0538,0.0269,0.0,0,-0.0,0.0
1622,2025-02-28,Valladolid,Las Palmas,H,3.1,0.3688,0.0683,0.0341,0.0,0,-0.0,0.0
1623,2025-02-28,Fiorentina,Lecce,H,1.75,0.6518,0.1874,0.0937,0.0,1,0.0,0.0
1624,2025-02-28,Cartagena,Eibar,H,4.33,0.2699,0.0506,0.0253,0.0,0,-0.0,0.0
1625,2025-02-28,Sudtirol,Spezia,H,4.75,0.2814,0.0897,0.0449,0.0,0,-0.0,0.0
1626,2025-02-28,Fortuna Dusseldorf,Greuther Furth,H,1.9,0.6081,0.1726,0.0863,0.0,0,-0.0,0.0
1627,2025-02-28,Annecy,Paris FC,H,3.8,0.3229,0.0811,0.0405,0.0,0,-0.0,0.0
1628,2025-02-28,Clermont,Caen,H,2.2,0.511,0.1034,0.0517,0.0,0,-0.0,0.0
1629,2025-02-28,Laval,Martigues,H,1.73,0.6099,0.0755,0.0377,0.0,0,-0.0,0.0
1630,2025-03-01,Almeria,Malaga,D,4.75,0.2754,0.0822,0.0411,0.0,1,0.0,0.0
1631,2025-03-01,Luton,Portsmouth,A,3.4,0.3283,0.0485,0.0242,0.0,0,-0.0,0.0
1632,2025-03-01,Middlesbrough,Derby,H,1.65,0.6352,0.074,0.037,0.0,1,0.0,0.0
1633,2025-03-01,Castellon,Burgos,A,4.0,0.2943,0.059,0.0295,0.0,0,-0.0,0.0
1634,2025-03-01,Bochum,Hoffenheim,A,2.8,0.4021,0.0699,0.035,0.0,1,0.0,0.0
1635,2025-03-01,Ross County,Kilmarnock,H,3.2,0.3672,0.0796,0.0398,0.0,1,0.0,0.0
1636,2025-03-01,Sassuolo,Pisa,H,1.95,0.5704,0.1183,0.0591,0.0,1,0.0,0.0
1637,2025-03-01,Cesena,Salernitana,H,2.3,0.5254,0.1604,0.0802,0.0,1,0.0,0.0
1638,2025-03-01,RB Leipzig,Mainz,H,1.95,0.5457,0.0674,0.0337,0.0,0,-0.0,0.0
1639,2025-03-01,Kaiserslautern,Regensburg,H,1.7,0.698,0.2665,0.1332,0.0,1,0.0,0.0
1640,2025-03-01,Amiens,Metz,H,5.0,0.2788,0.0985,0.0492,0.0,0,-0.0,0.0
1641,2025-03-01,Girona,Celta,H,2.2,0.4904,0.0658,0.0329,0.0,0,-0.0,0.0
1642,2025-03-02,Osasuna,Valencia,H,2.3,0.4723,0.0664,0.0332,0.0,0,-0.0,0.0
1643,2025-03-02,Lyon,Brest,A,5.25,0.2313,0.0504,0.0252,0.0,0,-0.0,0.0
1644,2025-03-02,Elversberg,Hertha,H,2.38,0.4509,0.0529,0.0265,0.0,1,0.0,0.0
1645,2025-03-02,Catanzaro,Reggiana,H,2.25,0.5653,0.2175,0.1088,0.0,0,-0.0,0.0
1646,2025-03-02,Roma,Como,H,1.87,0.6203,0.1838,0.0919,0.0,1,0.0,0.0
1647,2025-03-02,Bologna,Cagliari,H,1.57,0.698,0.1682,0.0841,0.0,1,0.0,0.0
1648,2025-03-02,Cordoba,Granada,A,3.0,0.3759,0.0639,0.0319,0.0,0,-0.0,0.0
1649,2025-03-02,Genoa,Empoli,H,1.91,0.5769,0.1119,0.0559,0.0,0,-0.0,0.0
1650,2025-03-02,Mallorca,Alaves,H,2.25,0.4907,0.0832,0.0416,0.0,0,-0.0,0.0
1651,2025-03-02,Eldense,Levante,A,2.63,0.4287,0.0782,0.0391,0.0,1,0.0,0.0
1652,2025-03-03,Ajaccio,Dunkerque,H,3.4,0.3369,0.0606,0.0303,0.0,0,-0.0,0.0
1653,2025-03-03,Mirandes,Tenerife,H,1.85,0.5951,0.1188,0.0594,0.0,1,0.0,0.0
1654,2025-03-03,Juventus,Verona,H,1.3,0.7822,0.0563,0.0281,0.0,1,0.0,0.0
1655,2025-03-04,Cardiff,Burnley,A,1.9,0.5493,0.0485,0.0243,0.0,1,0.0,0.0
1656,2025-03-04,Millwall,Bristol City,H,2.75,0.408,0.0697,0.0349,0.0,0,-0.0,0.0
1657,2025-03-04,Hull,Plymouth,A,5.75,0.2213,0.0573,0.0287,0.0,0,-0.0,0.0
1658,2025-03-07,Cagliari,Genoa,A,3.2,0.356,0.0632,0.0316,0.0,0,-0.0,0.0
1659,2025-03-07,Cosenza,Reggiana,H,2.55,0.4234,0.0514,0.0257,0.0,1,0.0,0.0
1660,2025-03-07,Caen,Laval,A,3.7,0.3461,0.104,0.052,0.0,1,0.0,0.0
1661,2025-03-07,Darmstadt,Karlsruhe,A,3.7,0.424,0.2107,0.1054,0.0,0,-0.0,0.0
1662,2025-03-07,Kaiserslautern,Elversberg,H,2.5,0.4394,0.0657,0.0329,0.0,0,-0.0,0.0
1663,2025-03-07,Red Star,Amiens,A,4.2,0.3582,0.1577,0.0788,0.0,0,-0.0,0.0
1664,2025-03-08,Lille,Montpellier,H,1.37,0.7636,0.1246,0.0623,0.0,1,0.0,0.0
1665,2025-03-08,Inter,Monza,H,1.14,0.8988,0.1757,0.0879,0.0,1,0.0,0.0
1666,2025-03-08,Liverpool,Southampton,H,1.1,0.9395,0.3349,0.1675,0.0,1,0.0,0.0
1667,2025-03-08,Sampdoria,Palermo,H,2.7,0.4202,0.0791,0.0395,0.0,0,-0.0,0.0
1668,2025-03-08,Celta,Leganes,A,7.0,0.2141,0.0831,0.0415,0.0,0,-0.0,0.0
1669,2025-03-08,Alaves,Villarreal,A,2.38,0.4976,0.1336,0.0668,0.0,0,-0.0,0.0
1670,2025-03-08,Valencia,Valladolid,A,9.0,0.1766,0.0736,0.0368,0.0,0,-0.0,0.0
1671,2025-03-08,Como,Venezia,A,6.5,0.218,0.0759,0.0379,0.0,0,-0.0,0.0
1672,2025-03-08,Bayern Munich,Bochum,H,1.11,0.9029,0.0199,0.01,0.0,0,-0.0,0.0
1673,2025-03-08,Greuther Furth,Magdeburg,H,2.7,0.416,0.0724,0.0362,0.0,0,-0.0,0.0
1674,2025-03-08,Leverkusen,Werder Bremen,H,1.27,0.8504,0.2961,0.148,0.0,0,-0.0,0.0
1675,2025-03-08,Sheffield United,Preston,H,1.62,0.6325,0.0397,0.0199,0.0,1,0.0,0.0
1676,2025-03-08,Plymouth,Sheffield Weds,H,3.6,0.3352,0.0795,0.0397,0.0,0,-0.0,0.0
1677,2025-03-08,Burnley,Luton,H,1.62,0.7835,0.4343,0.2172,0.0,1,0.0,0.0
1678,2025-03-08,Crystal Palace,Ipswich,H,1.45,0.7089,0.0619,0.0309,0.0,1,0.0,0.0
1679,2025-03-08,Freiburg,RB Leipzig,A,2.7,0.4015,0.0495,0.0248,0.0,0,-0.0,0.0
1680,2025-03-08,Mantova,Juve Stabia,H,2.7,0.4095,0.0621,0.031,0.0,0,-0.0,0.0
1681,2025-03-08,Wolfsburg,St Pauli,H,1.75,0.606,0.0806,0.0403,0.0,0,-0.0,0.0
1682,2025-03-09,Cittadella,Sudtirol,H,2.7,0.4146,0.0703,0.0352,0.0,0,-0.0,0.0
1683,2025-03-09,Nantes,Strasbourg,A,2.75,0.4055,0.0657,0.0329,0.0,1,0.0,0.0
1684,2025-03-09,Ath Bilbao,Mallorca,H,1.62,0.6367,0.0508,0.0254,0.0,0,-0.0,0.0
1685,2025-03-09,Levante,Cartagena,H,1.33,0.7629,0.0446,0.0223,0.0,1,0.0,0.0
1686,2025-03-09,Tenerife,Huesca,A,3.25,0.3976,0.1299,0.0649,0.0,0,-0.0,0.0
1687,2025-03-09,Ein Frankfurt,Union Berlin,H,1.73,0.6576,0.1885,0.0942,0.0,0,-0.0,0.0
1688,2025-03-09,Getafe,Ath Madrid,A,1.95,0.5468,0.0698,0.0349,0.0,0,-0.0,0.0
1689,2025-03-09,Juventus,Atalanta,H,2.5,0.461,0.1016,0.0508,0.0,0,-0.0,0.0
1690,2025-03-09,Brest,Angers,H,1.73,0.5996,0.051,0.0255,0.0,1,0.0,0.0
1691,2025-03-09,Portsmouth,Leeds,H,7.5,0.2041,0.0816,0.0408,0.0,1,0.0,0.0
1692,2025-03-09,Tottenham,Bournemouth,H,2.7,0.437,0.1059,0.0529,0.0,0,-0.0,0.0
1693,2025-03-09,Sassuolo,Bari,H,1.6,0.651,0.0693,0.0346,0.0,0,-0.0,0.0
1694,2025-03-09,Empoli,Roma,A,2.0,0.5506,0.1011,0.0506,0.0,1,0.0,0.0
1695,2025-03-10,Lazio,Udinese,H,1.73,0.6043,0.0623,0.0312,0.0,0,-0.0,0.0
1696,2025-03-11,Sheffield United,Bristol City,H,2.0,0.5877,0.1755,0.0877,0.0,0,-0.0,0.0
1697,2025-03-11,Burnley,West Brom,H,1.87,0.6149,0.1722,0.0861,0.0,0,-0.0,0.0
1698,2025-03-11,Norwich,Sheffield Weds,H,2.2,0.4878,0.061,0.0305,0.0,0,-0.0,0.0
1699,2025-03-12,Hull,Oxford,A,5.0,0.2561,0.0702,0.0351,0.0,0,-0.0,0.0
1700,2025-03-14,Amiens,Caen,H,3.2,0.4571,0.2103,0.1051,0.0,1,0.0,0.0
1701,2025-03-14,Annecy,Rodez,H,2.88,0.399,0.0793,0.0397,0.0,0,-0.0,0.0
1702,2025-03-14,Ajaccio,Red Star,H,2.6,0.4325,0.0778,0.0389,0.0,1,0.0,0.0
1703,2025-03-14,Oviedo,Elche,A,4.2,0.2781,0.0525,0.0262,0.0,0,-0.0,0.0
1704,2025-03-14,Magdeburg,Hamburg,A,2.7,0.4329,0.0993,0.0497,0.0,1,0.0,0.0
1705,2025-03-14,Genoa,Lecce,H,2.15,0.5493,0.1574,0.0787,0.0,1,0.0,0.0
1706,2025-03-14,St Pauli,Hoffenheim,A,3.3,0.3492,0.0662,0.0331,0.0,0,-0.0,0.0
1707,2025-03-15,Cesena,Spezia,H,4.0,0.3529,0.1372,0.0686,0.0,0,-0.0,0.0
1708,2025-03-15,Cartagena,Burgos,H,4.33,0.2916,0.0788,0.0394,0.0,0,-0.0,0.0
1709,2025-03-15,Bari,Salernitana,H,2.3,0.5163,0.1442,0.0721,0.0,0,-0.0,0.0
1710,2025-03-15,Frosinone,Brescia,H,2.3,0.4854,0.0895,0.0448,0.0,1,0.0,0.0
1711,2025-03-15,Man City,Brighton,H,1.67,0.624,0.0629,0.0314,0.0,0,-0.0,0.0
1712,2025-03-15,Motherwell,St Mirren,H,2.65,0.4538,0.1227,0.0613,0.0,0,-0.0,0.0
1713,2025-03-15,Fortuna Dusseldorf,Regensburg,H,1.6,0.758,0.3547,0.1774,0.0,1,0.0,0.0
1714,2025-03-15,Monza,Parma,H,3.1,0.3956,0.1078,0.0539,0.0,0,-0.0,0.0
1715,2025-03-15,Paderborn,Kaiserslautern,A,4.5,0.2658,0.0561,0.028,0.0,0,-0.0,0.0
1716,2025-03-15,Milan,Como,H,1.8,0.6574,0.2292,0.1146,0.0,1,0.0,0.0
1717,2025-03-15,Swansea,Burnley,A,2.1,0.5142,0.0725,0.0362,0.0,1,0.0,0.0
1718,2025-03-15,Valladolid,Celta,D,3.8,0.2979,0.0471,0.0236,0.0,0,-0.0,0.0
1719,2025-03-15,Valladolid,Celta,H,5.0,0.2697,0.0871,0.0435,0.0,0,-0.0,0.0
1720,2025-03-15,Nantes,Lille,A,2.15,0.5629,0.1829,0.0914,0.0,0,-0.0,0.0
1721,2025-03-15,Villarreal,Real Madrid,A,2.15,0.5079,0.0799,0.04,0.0,1,0.0,0.0
1722,2025-03-15,Torino,Empoli,H,1.8,0.6117,0.1263,0.0632,0.0,1,0.0,0.0
1723,2025-03-15,Plymouth,Derby,H,2.8,0.392,0.0543,0.0271,0.0,0,-0.0,0.0
1724,2025-03-15,West Brom,Hull,H,1.9,0.5557,0.062,0.031,0.0,0,-0.0,0.0
1725,2025-03-15,RB Leipzig,Dortmund,H,2.38,0.4728,0.0907,0.0454,0.0,1,0.0,0.0
1726,2025-03-15,FC Koln,Darmstadt,H,2.0,0.5929,0.1857,0.0929,0.0,1,0.0,0.0
1727,2025-03-16,Brest,Reims,H,1.67,0.6508,0.1297,0.0649,0.0,0,-0.0,0.0
1728,2025-03-16,Paris SG,Marseille,H,1.45,0.7311,0.1336,0.0668,0.0,1,0.0,0.0
1729,2025-03-16,Bochum,Ein Frankfurt,A,2.2,0.4937,0.0719,0.0359,0.0,1,0.0,0.0
1730,2025-03-16,Stuttgart,Leverkusen,A,2.3,0.5045,0.1234,0.0617,0.0,1,0.0,0.0
1731,2025-03-16,Celtic,Rangers,H,1.62,0.656,0.1013,0.0506,0.0,0,-0.0,0.0
1732,2025-03-16,Santander,Tenerife,H,1.75,0.6378,0.1548,0.0774,0.0,1,0.0,0.0
1733,2025-03-16,Lyon,Le Havre,H,1.36,0.7653,0.1135,0.0568,0.0,1,0.0,0.0
1734,2025-03-16,Arsenal,Chelsea,H,1.8,0.6034,0.1076,0.0538,0.0,1,0.0,0.0
1735,2025-03-16,Atalanta,Inter,A,2.8,0.3962,0.0607,0.0304,0.0,1,0.0,0.0
1736,2025-03-16,Karlsruhe,Ulm,H,2.1,0.6075,0.2507,0.1253,0.0,0,-0.0,0.0
1737,2025-03-16,Catanzaro,Cosenza,H,2.0,0.5591,0.1182,0.0591,0.0,1,0.0,0.0
1738,2025-03-16,Roma,Cagliari,H,1.55,0.7222,0.217,0.1085,0.0,1,0.0,0.0
1739,2025-03-16,Sheffield Weds,Sheffield United,A,2.8,0.4268,0.1084,0.0542,0.0,1,0.0,0.0
1740,2025-03-17,Castellon,La Coruna,A,3.2,0.4018,0.13,0.065,0.0,0,-0.0,0.0
1741,2025-03-22,Malaga,Ferrol,H,1.85,0.5623,0.0473,0.0237,0.0,1,0.0,0.0
1742,2025-03-23,Tenerife,Cadiz,A,3.0,0.3803,0.0705,0.0352,0.0,0,-0.0,0.0
1743,2025-03-23,Levante,Castellon,H,1.75,0.6558,0.1968,0.0984,0.0,1,0.0,0.0
1744,2025-03-23,Eibar,Huesca,A,5.25,0.2663,0.0936,0.0468,0.0,0,-0.0,0.0
1745,2025-03-27,Barcelona,Osasuna,H,1.29,0.8064,0.1386,0.0693,0.0,1,0.0,0.0
1746,2025-03-28,Metz,Troyes,H,1.62,0.6431,0.0674,0.0337,0.0,1,0.0,0.0
1747,2025-03-28,Sheffield United,Coventry,H,2.05,0.5776,0.1753,0.0876,0.0,1,0.0,0.0
1748,2025-03-28,Leverkusen,Bochum,H,1.22,0.8798,0.3334,0.1667,0.0,1,0.0,0.0
1749,2025-03-28,Hamburg,Elversberg,H,1.73,0.6129,0.0826,0.0413,0.0,0,-0.0,0.0
1750,2025-03-28,Tenerife,Granada,A,3.0,0.3683,0.0524,0.0262,0.0,0,-0.0,0.0
1751,2025-03-29,Como,Empoli,A,5.25,0.2507,0.0744,0.0372,0.0,0,-0.0,0.0
1752,2025-03-29,Modena,Catanzaro,A,4.0,0.3328,0.1105,0.0552,0.0,0,-0.0,0.0
1753,2025-03-29,Grenoble,Lorient,H,4.33,0.2636,0.0424,0.0212,0.0,0,-0.0,0.0
1754,2025-03-29,Hertha,Karlsruhe,A,4.1,0.3448,0.1334,0.0667,0.0,0,-0.0,0.0
1755,2025-03-29,Guingamp,Laval,A,4.5,0.2655,0.0556,0.0278,0.0,0,-0.0,0.0
1756,2025-03-29,Hannover,Magdeburg,H,2.3,0.531,0.1703,0.0851,0.0,0,-0.0,0.0
1757,2025-03-29,Ein Frankfurt,Stuttgart,H,2.5,0.4286,0.0477,0.0239,0.0,1,0.0,0.0
1758,2025-03-29,Paderborn,FC Koln,A,3.2,0.368,0.0807,0.0404,0.0,1,0.0,0.0
1759,2025-03-29,Kaiserslautern,Fortuna Dusseldorf,A,2.9,0.3896,0.0684,0.0342,0.0,0,-0.0,0.0
1760,2025-03-29,Cartagena,Castellon,H,4.5,0.3346,0.1444,0.0722,0.0,0,-0.0,0.0
1761,2025-03-29,Norwich,West Brom,A,3.3,0.3389,0.0515,0.0257,0.0,0,-0.0,0.0
1762,2025-03-29,Hibernian,St Johnstone,H,1.67,0.6645,0.1636,0.0818,0.0,1,0.0,0.0
1763,2025-03-29,Sassuolo,Reggiana,H,1.62,0.7321,0.3,0.15,0.0,1,0.0,0.0
1764,2025-03-29,Aberdeen,Motherwell,A,5.25,0.2496,0.073,0.0365,0.0,0,-0.0,0.0
1765,2025-03-29,Burnley,Bristol City,H,1.73,0.6544,0.1809,0.0904,0.0,1,0.0,0.0
1766,2025-03-29,Alaves,Vallecano,A,4.1,0.3234,0.1052,0.0526,0.0,1,0.0,0.0
1767,2025-03-29,Almeria,Levante,A,3.8,0.3503,0.1182,0.0591,0.0,0,-0.0,0.0
1768,2025-03-29,Santander,Zaragoza,H,1.85,0.5681,0.06,0.03,0.0,1,0.0,0.0
1769,2025-03-29,Reims,Marseille,H,5.5,0.2299,0.0587,0.0294,0.0,1,0.0,0.0
1770,2025-03-30,Valencia,Mallorca,A,3.75,0.3063,0.054,0.027,0.0,0,-0.0,0.0
1771,2025-03-30,Freiburg,Union Berlin,H,2.0,0.573,0.146,0.073,0.0,0,-0.0,0.0
1772,2025-03-30,Ross County,Dundee United,H,2.88,0.3843,0.0568,0.0284,0.0,0,-0.0,0.0
1773,2025-03-30,Huesca,Sp Gijon,H,2.55,0.4478,0.0915,0.0457,0.0,1,0.0,0.0
1774,2025-03-30,Dortmund,Mainz,A,5.0,0.2873,0.1091,0.0546,0.0,0,-0.0,0.0
1775,2025-03-30,Regensburg,Nurnberg,A,2.1,0.4983,0.0421,0.0211,0.0,0,-0.0,0.0
1776,2025-03-30,Auxerre,Montpellier,H,1.69,0.608,0.0399,0.02,0.0,1,0.0,0.0
1777,2025-03-30,Toulouse,Brest,A,4.1,0.3378,0.1243,0.0621,0.0,1,0.0,0.0
1778,2025-03-30,Inter,Udinese,H,1.4,0.796,0.2861,0.143,0.0,1,0.0,0.0
1779,2025-03-30,Cesena,Juve Stabia,H,2.35,0.4948,0.1206,0.0603,0.0,0,-0.0,0.0
1780,2025-03-31,Verona,Parma,H,2.4,0.4636,0.0805,0.0403,0.0,0,-0.0,0.0
1781,2025-03-31,Paris FC,Caen,H,1.53,0.6924,0.112,0.056,0.0,1,0.0,0.0
1782,2025-04-01,Arsenal,Fulham,H,1.48,0.7215,0.1414,0.0707,0.0,1,0.0,0.0
1783,2025-04-02,Man City,Leicester,H,1.2,0.8573,0.144,0.072,0.0,1,0.0,0.0
1784,2025-04-02,Liverpool,Everton,H,1.36,0.8064,0.2688,0.1344,0.0,1,0.0,0.0
1785,2025-04-02,Derby,Preston,A,3.6,0.3415,0.0883,0.0441,0.0,0,-0.0,0.0
1786,2025-04-04,Castellon,Albacete,A,4.33,0.3796,0.1933,0.0966,0.0,0,-0.0,0.0
1787,2025-04-04,Castellon,Albacete,D,4.0,0.2941,0.0588,0.0294,0.0,1,0.0,0.0
1788,2025-04-04,Vallecano,Espanol,A,6.0,0.2177,0.0613,0.0306,0.0,1,0.0,0.0
1789,2025-04-04,Karlsruhe,Hannover,H,3.2,0.3911,0.1143,0.0571,0.0,1,0.0,0.0
1790,2025-04-04,Annecy,Bastia,H,3.5,0.3637,0.1092,0.0546,0.0,0,-0.0,0.0
1791,2025-04-04,Augsburg,Bayern Munich,H,7.5,0.1804,0.0543,0.0272,0.0,0,-0.0,0.0
1792,2025-04-04,Laval,Grenoble,H,2.25,0.4823,0.0681,0.0341,0.0,0,-0.0,0.0
1793,2025-04-04,Nice,Nantes,H,1.5,0.7014,0.1041,0.052,0.0,0,-0.0,0.0
1794,2025-04-05,Bochum,Stuttgart,A,2.15,0.5332,0.1273,0.0636,0.0,1,0.0,0.0
1795,2025-04-05,Cartagena,Eldense,H,5.25,0.32,0.16,0.08,0.0,0,-0.0,0.0
1796,2025-04-05,Millwall,Portsmouth,H,2.35,0.4647,0.0681,0.0341,0.0,1,0.0,0.0
1797,2025-04-05,Coventry,Burnley,A,2.38,0.4661,0.0792,0.0396,0.0,1,0.0,0.0
1798,2025-04-05,Pisa,Modena,H,1.83,0.5684,0.0484,0.0242,0.0,0,-0.0,0.0
1799,2025-04-05,Juve Stabia,Salernitana,H,2.38,0.4706,0.0869,0.0435,0.0,1,0.0,0.0
1800,2025-04-05,Mainz,Holstein Kiel,H,1.45,0.7063,0.0537,0.0268,0.0,0,-0.0,0.0
1801,2025-04-05,Paris SG,Angers,H,1.14,0.9181,0.3328,0.1664,0.0,1,0.0,0.0
1802,2025-04-05,Rangers,Hibernian,H,1.45,0.7012,0.0371,0.0185,0.0,0,-0.0,0.0
1803,2025-04-05,Sp Gijon,Tenerife,H,2.1,0.5232,0.0897,0.0448,0.0,0,-0.0,0.0
1804,2025-04-05,West Ham,Bournemouth,H,3.0,0.3912,0.0869,0.0434,0.0,0,-0.0,0.0
1805,2025-04-05,Ipswich,Wolves,A,2.63,0.4114,0.0503,0.0252,0.0,1,0.0,0.0
1806,2025-04-05,Preston,Stoke,H,2.35,0.4689,0.0755,0.0378,0.0,0,-0.0,0.0
1807,2025-04-05,Plymouth,Norwich,H,4.33,0.2899,0.0767,0.0383,0.0,1,0.0,0.0
1808,2025-04-05,Monza,Como,H,5.0,0.3476,0.1844,0.0922,0.0,0,-0.0,0.0
1809,2025-04-05,Girona,Alaves,H,2.05,0.5466,0.1149,0.0574,0.0,0,-0.0,0.0
1810,2025-04-05,FC Koln,Hertha,H,2.05,0.6014,0.2219,0.1109,0.0,0,-0.0,0.0
1811,2025-04-05,Darmstadt,Greuther Furth,A,4.2,0.3053,0.0882,0.0441,0.0,0,-0.0,0.0
1812,2025-04-05,Fortuna Dusseldorf,PreuÃen MÃ¼nster,H,1.95,0.5956,0.17,0.085,0.0,1,0.0,0.0
1813,2025-04-05,Real Madrid,Valencia,H,1.3,0.8151,0.1987,0.0993,0.0,0,-0.0,0.0
1814,2025-04-05,Kilmarnock,Motherwell,A,4.75,0.2801,0.0881,0.0441,0.0,0,-0.0,0.0
1815,2025-04-06,St Pauli,M'gladbach,A,2.75,0.3963,0.0514,0.0257,0.0,0,-0.0,0.0
1816,2025-04-06,Magdeburg,Kaiserslautern,D,4.5,0.2701,0.0616,0.0308,0.0,0,-0.0,0.0
1817,2025-04-06,Schalke 04,Ulm,H,1.9,0.5669,0.0856,0.0428,0.0,1,0.0,0.0
1818,2025-04-06,Valladolid,Getafe,H,4.75,0.276,0.083,0.0415,0.0,0,-0.0,0.0
1819,2025-04-06,Fulham,Liverpool,A,1.83,0.5894,0.0948,0.0474,0.0,0,-0.0,0.0
1820,2025-04-06,Sevilla,Ath Madrid,A,2.2,0.4987,0.0809,0.0405,0.0,1,0.0,0.0
1821,2025-04-06,Zaragoza,Mirandes,A,3.3,0.3681,0.0934,0.0467,0.0,0,-0.0,0.0
1822,2025-04-06,Torino,Verona,H,1.8,0.5805,0.0561,0.028,0.0,0,-0.0,0.0
1823,2025-04-06,Palermo,Sassuolo,A,2.63,0.4599,0.1285,0.0643,0.0,0,-0.0,0.0
1824,2025-04-06,Malaga,Cordoba,H,2.3,0.4577,0.0405,0.0203,0.0,0,-0.0,0.0
1825,2025-04-06,Tottenham,Southampton,H,1.38,0.7426,0.0652,0.0326,0.0,1,0.0,0.0
1826,2025-04-07,Bologna,Napoli,H,2.9,0.4012,0.0861,0.043,0.0,0,-0.0,0.0
1827,2025-04-08,Middlesbrough,Leeds,H,4.5,0.2865,0.0826,0.0413,0.0,0,-0.0,0.0
1828,2025-04-08,Preston,Cardiff,H,2.55,0.4786,0.1422,0.0711,0.0,0,-0.0,0.0
1829,2025-04-11,Martigues,Metz,D,5.0,0.2629,0.0786,0.0393,0.0,0,-0.0,0.0
1830,2025-04-11,Martigues,Metz,H,7.0,0.199,0.0655,0.0327,0.0,0,-0.0,0.0
1831,2025-04-11,Cordoba,Levante,A,3.3,0.4214,0.1699,0.085,0.0,0,-0.0,0.0
1832,2025-04-11,Burnley,Norwich,H,1.6,0.7078,0.2207,0.1104,0.0,1,0.0,0.0
1833,2025-04-11,Bari,Palermo,H,2.88,0.4015,0.0831,0.0416,0.0,1,0.0,0.0
1834,2025-04-11,Amiens,Dunkerque,H,3.75,0.3585,0.1252,0.0626,0.0,1,0.0,0.0
1835,2025-04-11,Rodez,Caen,H,1.9,0.5548,0.0602,0.0301,0.0,0,-0.0,0.0
1836,2025-04-11,Hamburg,Braunschweig,H,1.4,0.7519,0.1315,0.0658,0.0,0,-0.0,0.0
1837,2025-04-11,Red Star,Annecy,A,3.7,0.3578,0.12,0.06,0.0,1,0.0,0.0
1838,2025-04-12,Leverkusen,Union Berlin,H,1.33,0.8269,0.3024,0.1512,0.0,0,-0.0,0.0
1839,2025-04-12,Toulouse,Lille,A,2.55,0.4362,0.0724,0.0362,0.0,1,0.0,0.0
1840,2025-04-12,Bochum,Augsburg,A,2.8,0.4108,0.0834,0.0417,0.0,1,0.0,0.0
1841,2025-04-12,Holstein Kiel,St Pauli,H,3.25,0.3592,0.0744,0.0372,0.0,0,-0.0,0.0
1842,2025-04-12,Hoffenheim,Mainz,A,2.55,0.4462,0.089,0.0445,0.0,0,-0.0,0.0
1843,2025-04-12,Celta,Espanol,A,6.0,0.2205,0.0646,0.0323,0.0,1,0.0,0.0
1844,2025-04-12,Grenoble,Paris FC,D,3.9,0.2971,0.0547,0.0274,0.0,0,-0.0,0.0
1845,2025-04-12,Grenoble,Paris FC,H,4.33,0.2801,0.0639,0.0319,0.0,0,-0.0,0.0
1846,2025-04-12,Sampdoria,Cittadella,A,6.0,0.2228,0.0674,0.0337,0.0,0,-0.0,0.0
1847,2025-04-12,Arsenal,Brentford,H,1.6,0.7306,0.2817,0.1408,0.0,0,-0.0,0.0
1848,2025-04-12,Celtic,Kilmarnock,H,1.18,0.8599,0.0813,0.0407,0.0,1,0.0,0.0
1849,2025-04-12,Juventus,Lecce,H,1.33,0.7838,0.1287,0.0643,0.0,1,0.0,0.0
1850,2025-04-12,St Mirren,Ross County,A,5.0,0.2452,0.0565,0.0282,0.0,0,-0.0,0.0
1851,2025-04-12,Inter,Cagliari,H,1.33,0.8625,0.4457,0.2228,0.0,1,0.0,0.0
1852,2025-04-12,Motherwell,Hearts,H,3.9,0.3261,0.0937,0.0469,0.0,0,-0.0,0.0
1853,2025-04-12,Millwall,Middlesbrough,H,2.88,0.4003,0.0812,0.0406,0.0,1,0.0,0.0
1854,2025-04-12,Venezia,Monza,A,5.0,0.2459,0.0574,0.0287,0.0,0,-0.0,0.0
1855,2025-04-12,Oviedo,Ferrol,H,1.45,0.7172,0.0889,0.0444,0.0,1,0.0,0.0
1856,2025-04-12,Tenerife,Burgos,A,4.1,0.2896,0.0604,0.0302,0.0,0,-0.0,0.0
1857,2025-04-13,Liverpool,West Ham,H,1.3,0.8331,0.2767,0.1384,0.0,1,0.0,0.0
1858,2025-04-13,Santander,Castellon,H,2.0,0.5843,0.1686,0.0843,0.0,0,-0.0,0.0
1859,2025-04-13,Wolves,Tottenham,A,3.1,0.3742,0.0762,0.0381,0.0,0,-0.0,0.0
1860,2025-04-13,PreuÃen MÃ¼nster,Karlsruhe,A,3.0,0.4294,0.1442,0.0721,0.0,0,-0.0,0.0
1861,2025-04-13,Paderborn,Fortuna Dusseldorf,A,4.33,0.3493,0.1539,0.077,0.0,1,0.0,0.0
1862,2025-04-13,Mantova,Spezia,H,3.9,0.304,0.0639,0.032,0.0,0,-0.0,0.0
1863,2025-04-13,Lazio,Roma,H,2.8,0.4265,0.1079,0.0539,0.0,0,-0.0,0.0
1864,2025-04-13,Como,Torino,A,4.1,0.3961,0.2012,0.1006,0.0,0,-0.0,0.0
1865,2025-04-13,Ath Bilbao,Vallecano,H,1.75,0.6331,0.144,0.072,0.0,1,0.0,0.0
1866,2025-04-13,Fiorentina,Parma,H,1.73,0.6784,0.2379,0.119,0.0,0,-0.0,0.0
1867,2025-04-13,Ein Frankfurt,Heidenheim,H,1.73,0.6604,0.1952,0.0976,0.0,1,0.0,0.0
1868,2025-04-13,Alaves,Real Madrid,A,1.62,0.6457,0.0742,0.0371,0.0,1,0.0,0.0
1869,2025-04-14,Bastia,Laval,A,6.0,0.2297,0.0756,0.0378,0.0,0,-0.0,0.0
1870,2025-04-14,Napoli,Empoli,H,1.33,0.791,0.1577,0.0788,0.0,1,0.0,0.0
1871,2025-04-18,Amiens,Guingamp,H,4.1,0.3537,0.1453,0.0726,0.0,1,0.0,0.0
1872,2025-04-18,Sheffield United,Cardiff,H,1.57,0.6772,0.111,0.0555,0.0,1,0.0,0.0
1873,2025-04-18,Laval,Rodez,H,2.9,0.4113,0.1015,0.0507,0.0,1,0.0,0.0
1874,2025-04-18,Espanol,Getafe,H,2.88,0.4174,0.1076,0.0538,0.0,1,0.0,0.0
1875,2025-04-18,Caen,Martigues,A,5.75,0.2277,0.0651,0.0325,0.0,1,0.0,0.0
1876,2025-04-18,Castellon,Almeria,A,2.9,0.4236,0.1203,0.0601,0.0,0,-0.0,0.0
1877,2025-04-18,Clermont,Troyes,H,3.2,0.433,0.1752,0.0876,0.0,0,-0.0,0.0
1878,2025-04-19,Paris SG,Le Havre,H,1.13,0.9222,0.3237,0.1618,0.0,1,0.0,0.0
1879,2025-04-19,Werder Bremen,Bochum,H,1.73,0.6611,0.1969,0.0984,0.0,1,0.0,0.0
1880,2025-04-19,Lecce,Como,H,3.75,0.3508,0.1148,0.0574,0.0,0,-0.0,0.0
1881,2025-04-19,Elversberg,Fortuna Dusseldorf,A,4.5,0.3743,0.1955,0.0978,0.0,0,-0.0,0.0
1882,2025-04-19,Metz,Red Star,H,1.48,0.7364,0.1872,0.0936,0.0,0,-0.0,0.0
1883,2025-04-19,West Ham,Southampton,H,1.48,0.6985,0.0704,0.0352,0.0,0,-0.0,0.0
1884,2025-04-19,Barcelona,Celta,H,1.3,0.7853,0.0695,0.0347,0.0,1,0.0,0.0
1885,2025-04-19,Nurnberg,Paderborn,H,3.6,0.3724,0.131,0.0655,0.0,0,-0.0,0.0
1886,2025-04-19,Huesca,Santander,H,2.6,0.4272,0.0692,0.0346,0.0,0,-0.0,0.0
1887,2025-04-19,Levante,Zaragoza,H,1.7,0.6377,0.1201,0.06,0.0,1,0.0,0.0
1888,2025-04-19,Burgos,Cadiz,H,2.6,0.4178,0.054,0.027,0.0,0,-0.0,0.0
1889,2025-04-20,Valladolid,Osasuna,H,4.5,0.262,0.0512,0.0256,0.0,0,-0.0,0.0
1890,2025-04-20,Bologna,Inter,A,2.3,0.4656,0.0545,0.0272,0.0,0,-0.0,0.0
1891,2025-04-20,Reims,Toulouse,H,3.3,0.3919,0.1275,0.0638,0.0,1,0.0,0.0
1892,2025-04-20,Cordoba,Oviedo,A,3.1,0.374,0.0759,0.038,0.0,0,-0.0,0.0
1893,2025-04-20,Dortmund,M'gladbach,D,5.25,0.2333,0.0529,0.0265,0.0,0,-0.0,0.0
1894,2025-04-20,La Coruna,Tenerife,H,2.0,0.5453,0.0906,0.0453,0.0,0,-0.0,0.0
1895,2025-04-20,Karlsruhe,Greuther Furth,H,2.25,0.5022,0.104,0.052,0.0,1,0.0,0.0
1896,2025-04-20,Brest,Lens,H,2.35,0.4569,0.0546,0.0273,0.0,0,-0.0,0.0
1897,2025-04-20,Cartagena,Granada,H,6.0,0.2303,0.0764,0.0382,0.0,0,-0.0,0.0
1898,2025-04-21,Cardiff,Oxford,A,4.5,0.275,0.0678,0.0339,0.0,0,-0.0,0.0
1899,2025-04-21,Annecy,Lorient,H,5.25,0.237,0.0575,0.0288,0.0,0,-0.0,0.0
1900,2025-04-21,Sheffield Weds,Middlesbrough,H,3.3,0.3413,0.0549,0.0275,0.0,1,0.0,0.0
1901,2025-04-21,Plymouth,Coventry,H,4.75,0.2806,0.0887,0.0444,0.0,1,0.0,0.0
1902,2025-04-21,Luton,Bristol City,A,2.8,0.3866,0.0458,0.0229,0.0,0,-0.0,0.0
1903,2025-04-21,Hull,Preston,A,4.0,0.2896,0.0527,0.0264,0.0,0,-0.0,0.0
1904,2025-04-21,West Brom,Derby,H,1.91,0.5653,0.0876,0.0438,0.0,0,-0.0,0.0
1905,2025-04-21,Burnley,Sheffield United,H,1.95,0.561,0.0989,0.0494,0.0,1,0.0,0.0
1906,2025-04-22,Nantes,Paris SG,A,1.4,0.7485,0.1197,0.0598,0.0,0,-0.0,0.0
1907,2025-04-22,Man City,Aston Villa,H,1.8,0.5789,0.0525,0.0262,0.0,1,0.0,0.0
1908,2025-04-23,Alaves,Sociedad,A,3.4,0.3537,0.0844,0.0422,0.0,0,-0.0,0.0
1909,2025-04-23,Arsenal,Crystal Palace,H,1.4,0.7299,0.0546,0.0273,0.0,0,-0.0,0.0
1910,2025-04-23,Torino,Udinese,H,2.4,0.4948,0.134,0.067,0.0,1,0.0,0.0
1911,2025-04-23,Cagliari,Fiorentina,A,2.45,0.4806,0.1224,0.0612,0.0,1,0.0,0.0
1912,2025-04-23,Getafe,Real Madrid,A,1.75,0.6004,0.0677,0.0339,0.0,1,0.0,0.0
1913,2025-04-23,Celta,Villarreal,A,2.8,0.4249,0.1055,0.0527,0.0,0,-0.0,0.0
1914,2025-04-24,Ath Madrid,Vallecano,H,1.53,0.7077,0.1562,0.0781,0.0,1,0.0,0.0
1915,2025-04-24,Osasuna,Sevilla,H,2.5,0.4562,0.0937,0.0469,0.0,1,0.0,0.0
1916,2025-04-25,Bastia,Grenoble,D,4.33,0.2737,0.0556,0.0278,0.0,0,-0.0,0.0
1917,2025-04-25,Laval,Amiens,A,5.75,0.2596,0.1038,0.0519,0.0,0,-0.0,0.0
1918,2025-04-25,Laval,Amiens,D,4.0,0.2974,0.0633,0.0316,0.0,0,-0.0,0.0
1919,2025-04-25,Greuther Furth,Ulm,H,2.1,0.5089,0.0624,0.0312,0.0,0,-0.0,0.0
1920,2025-04-25,Cesena,Sassuolo,A,2.35,0.4587,0.0578,0.0289,0.0,1,0.0,0.0
1921,2025-04-25,Stoke,Sheffield United,A,3.0,0.4282,0.1423,0.0712,0.0,1,0.0,0.0
1922,2025-04-25,Frosinone,Spezia,H,3.6,0.3693,0.1267,0.0634,0.0,0,-0.0,0.0
1923,2025-04-25,Bari,Modena,H,2.3,0.4594,0.0436,0.0218,0.0,0,-0.0,0.0
1924,2025-04-25,Paris SG,Nice,H,1.7,0.7513,0.3961,0.1981,0.0,0,-0.0,0.0
1925,2025-04-26,Pau FC,Metz,H,4.33,0.2675,0.0476,0.0238,0.0,1,0.0,0.0
1926,2025-04-26,Oviedo,Levante,A,3.5,0.32,0.048,0.024,0.0,0,-0.0,0.0
1927,2025-04-26,Fortuna Dusseldorf,Nurnberg,H,1.8,0.5887,0.0745,0.0373,0.0,0,-0.0,0.0
1928,2025-04-26,Hull,Derby,H,2.4,0.4565,0.0683,0.0341,0.0,0,-0.0,0.0
1929,2025-04-26,Middlesbrough,Norwich,A,5.25,0.251,0.0747,0.0374,0.0,0,-0.0,0.0
1930,2025-04-26,Kilmarnock,Ross County,A,5.75,0.2316,0.0699,0.0349,0.0,0,-0.0,0.0
1931,2025-04-26,St Mirren,Rangers,A,1.85,0.6041,0.1384,0.0692,0.0,0,-0.0,0.0
1932,2025-04-26,Leverkusen,Augsburg,H,1.36,0.7623,0.102,0.051,0.0,1,0.0,0.0
1933,2025-04-26,Strasbourg,St Etienne,H,1.62,0.678,0.1587,0.0793,0.0,1,0.0,0.0
1934,2025-04-26,Holstein Kiel,M'gladbach,A,2.15,0.4947,0.0553,0.0277,0.0,0,-0.0,0.0
1935,2025-04-26,Cardiff,West Brom,A,3.2,0.3819,0.101,0.0505,0.0,0,-0.0,0.0
1936,2025-04-26,Blackburn,Watford,A,5.0,0.2511,0.0639,0.032,0.0,0,-0.0,0.0
1937,2025-04-26,Motherwell,St Johnstone,H,2.3,0.5069,0.1276,0.0638,0.0,1,0.0,0.0
1938,2025-04-27,Catanzaro,Palermo,H,2.63,0.4513,0.1146,0.0573,0.0,0,-0.0,0.0
1939,2025-04-27,Atalanta,Lecce,H,1.25,0.8311,0.1555,0.0777,0.0,0,-0.0,0.0
1940,2025-04-27,Bochum,Union Berlin,A,3.1,0.3971,0.11,0.055,0.0,0,-0.0,0.0
1941,2025-04-27,Malaga,Castellon,H,2.88,0.4417,0.1448,0.0724,0.0,1,0.0,0.0
1942,2025-04-27,Fiorentina,Empoli,H,1.83,0.7226,0.3884,0.1942,0.0,1,0.0,0.0
1943,2025-04-27,Inter,Roma,H,1.73,0.6217,0.1034,0.0517,0.0,0,-0.0,0.0
1944,2025-04-27,Werder Bremen,St Pauli,H,1.85,0.5617,0.0462,0.0231,0.0,0,-0.0,0.0
1945,2025-04-27,Marseille,Brest,A,6.0,0.24,0.088,0.044,0.0,0,-0.0,0.0
1946,2025-04-27,Villarreal,Espanol,D,5.0,0.2671,0.0839,0.0419,0.0,0,-0.0,0.0
1947,2025-04-27,Como,Genoa,A,4.75,0.3057,0.1206,0.0603,0.0,0,-0.0,0.0
1948,2025-04-27,Montpellier,Reims,D,3.6,0.3101,0.0448,0.0224,0.0,1,0.0,0.0
1949,2025-04-27,Montpellier,Reims,H,4.5,0.2875,0.0839,0.0419,0.0,0,-0.0,0.0
1950,2025-04-27,Zaragoza,Huesca,A,4.75,0.3517,0.1789,0.0894,0.0,0,-0.0,0.0
1951,2025-04-27,Bournemouth,Man United,A,4.5,0.2761,0.0693,0.0347,0.0,0,-0.0,0.0
1952,2025-04-27,Liverpool,Tottenham,H,1.25,0.8125,0.0624,0.0312,0.0,1,0.0,0.0
1953,2025-04-28,Verona,Cagliari,H,2.5,0.4633,0.1054,0.0527,0.0,0,-0.0,0.0
1954,2025-04-28,Leeds,Bristol City,H,1.6,0.6846,0.1588,0.0794,0.0,1,0.0,0.0
1955,2025-04-28,Lazio,Parma,H,1.53,0.6839,0.0876,0.0438,0.0,0,-0.0,0.0
1956,2025-04-29,Almeria,Ferrol,A,12.0,0.137,0.0585,0.0293,0.0,0,-0.0,0.0
1957,2025-05-01,Sassuolo,Carrarese,H,1.57,0.7037,0.1839,0.0919,0.0,1,0.0,0.0
1958,2025-05-01,Cosenza,Bari,H,3.25,0.3416,0.049,0.0245,0.0,1,0.0,0.0
1959,2025-05-01,Spezia,Salernitana,H,1.95,0.6045,0.1882,0.0941,0.0,1,0.0,0.0
1960,2025-05-01,Modena,Reggiana,H,2.0,0.5321,0.0641,0.0321,0.0,0,-0.0,0.0
1961,2025-05-01,Palermo,Sudtirol,H,2.25,0.5456,0.182,0.091,0.0,0,-0.0,0.0
1962,2025-05-02,Grenoble,Troyes,H,3.2,0.3911,0.1143,0.0571,0.0,1,0.0,0.0
1963,2025-05-02,Man City,Wolves,H,1.4,0.7432,0.1014,0.0507,0.0,1,0.0,0.0
1964,2025-05-02,Cordoba,Cadiz,A,4.2,0.3534,0.1514,0.0757,0.0,0,-0.0,0.0
1965,2025-05-02,Schalke 04,Paderborn,H,3.75,0.3781,0.1519,0.076,0.0,0,-0.0,0.0
1966,2025-05-02,Ajaccio,Lorient,H,6.0,0.2115,0.0538,0.0269,0.0,1,0.0,0.0
1967,2025-05-02,Torino,Venezia,H,2.5,0.6021,0.3368,0.1684,0.0,0,-0.0,0.0
1968,2025-05-02,Amiens,Pau FC,H,3.1,0.3986,0.1123,0.0561,0.0,1,0.0,0.0
1969,2025-05-02,Dunkerque,Laval,A,4.33,0.2858,0.0713,0.0356,0.0,0,-0.0,0.0
1970,2025-05-03,Sunderland,QPR,D,4.1,0.279,0.0464,0.0232,0.0,0,-0.0,0.0
1971,2025-05-03,Sheffield United,Blackburn,H,2.25,0.5861,0.255,0.1275,0.0,0,-0.0,0.0
1972,2025-05-03,Arsenal,Bournemouth,H,2.05,0.7005,0.4152,0.2076,0.0,0,-0.0,0.0
1973,2025-05-03,Plymouth,Leeds,H,9.5,0.1501,0.0501,0.0251,0.0,0,-0.0,0.0
1974,2025-05-03,Leicester,Southampton,H,2.3,0.5098,0.1327,0.0663,0.0,1,0.0,0.0
1975,2025-05-03,Strasbourg,Paris SG,A,2.6,0.5517,0.2715,0.1358,0.0,0,-0.0,0.0
1976,2025-05-03,Burnley,Millwall,H,1.62,0.6961,0.206,0.103,0.0,1,0.0,0.0
1977,2025-05-03,Alaves,Ath Madrid,A,2.15,0.5414,0.1426,0.0713,0.0,0,-0.0,0.0
1978,2025-05-03,Braunschweig,Fortuna Dusseldorf,A,2.45,0.4521,0.0742,0.0371,0.0,0,-0.0,0.0
1979,2025-05-03,Portsmouth,Hull,H,2.8,0.4315,0.1157,0.0578,0.0,0,-0.0,0.0
1980,2025-05-03,Cagliari,Udinese,A,3.5,0.3363,0.0709,0.0354,0.0,1,0.0,0.0
1981,2025-05-03,Parma,Como,H,3.1,0.3698,0.0697,0.0349,0.0,0,-0.0,0.0
1982,2025-05-03,M'gladbach,Hoffenheim,H,2.1,0.4996,0.0446,0.0223,0.0,0,-0.0,0.0
1983,2025-05-03,Watford,Sheffield Weds,H,2.75,0.4064,0.0673,0.0336,0.0,0,-0.0,0.0
1984,2025-05-03,West Brom,Luton,H,3.0,0.4407,0.161,0.0805,0.0,1,0.0,0.0
1985,2025-05-03,Inter,Verona,H,1.3,0.8533,0.3645,0.1822,0.0,1,0.0,0.0
1986,2025-05-03,Swansea,Oxford,D,4.0,0.2982,0.0643,0.0321,0.0,1,0.0,0.0
1987,2025-05-04,Frosinone,Cittadella,H,2.25,0.5495,0.1891,0.0945,0.0,0,-0.0,0.0
1988,2025-05-04,Chelsea,Liverpool,A,3.1,0.4596,0.2022,0.1011,0.0,0,-0.0,0.0
1989,2025-05-04,Brescia,Juve Stabia,H,2.65,0.4132,0.0576,0.0288,0.0,0,-0.0,0.0
1990,2025-05-04,Brentford,Man United,A,4.75,0.2686,0.0736,0.0368,0.0,0,-0.0,0.0
1991,2025-05-04,Cremonese,Sassuolo,A,2.8,0.4099,0.0821,0.041,0.0,0,-0.0,0.0
1992,2025-05-04,Bari,Pisa,H,3.4,0.3247,0.0433,0.0217,0.0,1,0.0,0.0
1993,2025-05-04,Auxerre,Le Havre,H,2.1,0.5971,0.2309,0.1154,0.0,0,-0.0,0.0
1994,2025-05-04,Karlsruhe,Kaiserslautern,H,2.4,0.4967,0.1372,0.0686,0.0,0,-0.0,0.0
1995,2025-05-04,Levante,Tenerife,H,1.66,0.6428,0.1017,0.0508,0.0,0,-0.0,0.0
1996,2025-05-04,Nurnberg,Elversberg,H,3.9,0.3724,0.156,0.078,0.0,0,-0.0,0.0
1997,2025-05-04,Lille,Marseille,H,2.35,0.4858,0.105,0.0525,0.0,0,-0.0,0.0
1998,2025-05-04,Real Madrid,Celta,H,1.33,0.774,0.0892,0.0446,0.0,1,0.0,0.0
1999,2025-05-04,Sociedad,Ath Bilbao,A,3.0,0.3955,0.0933,0.0466,0.0,0,-0.0,0.0
2000,2025-05-04,Freiburg,Leverkusen,A,2.25,0.5731,0.2316,0.1158,0.0,0,-0.0,0.0
2001,2025-05-04,Roma,Fiorentina,A,5.5,0.2272,0.0554,0.0277,0.0,0,-0.0,0.0
2002,2025-05-04,Ferrol,Zaragoza,H,3.5,0.3269,0.0576,0.0288,0.0,0,-0.0,0.0
2003,2025-05-05,Crystal Palace,Nott'm Forest,H,2.25,0.4848,0.0726,0.0363,0.0,0,-0.0,0.0
2004,2025-05-05,Girona,Mallorca,A,4.2,0.2761,0.0499,0.025,0.0,0,-0.0,0.0
2005,2025-05-05,Castellon,Sp Gijon,A,3.9,0.3383,0.1102,0.0551,0.0,0,-0.0,0.0
2006,2025-05-09,Palermo,Frosinone,A,4.5,0.2678,0.0586,0.0293,0.0,0,-0.0,0.0
2007,2025-05-09,Sassuolo,Catanzaro,H,2.15,0.6889,0.4184,0.2092,0.0,0,-0.0,0.0
2008,2025-05-09,Pisa,Sudtirol,H,2.1,0.5653,0.1701,0.0851,0.0,0,-0.0,0.0
2009,2025-05-09,Cadiz,Almeria,H,3.4,0.3941,0.1417,0.0709,0.0,1,0.0,0.0
2010,2025-05-09,Juve Stabia,Reggiana,H,2.38,0.4745,0.0936,0.0468,0.0,0,-0.0,0.0
2011,2025-05-09,Cosenza,Cesena,H,4.0,0.3376,0.1168,0.0584,0.0,0,-0.0,0.0
2012,2025-05-09,PreuÃen MÃ¼nster,Hertha,D,4.0,0.2888,0.0517,0.0259,0.0,0,-0.0,0.0
2013,2025-05-09,Nurnberg,FC Koln,H,5.25,0.2868,0.1189,0.0595,0.0,0,-0.0,0.0
2014,2025-05-09,Nurnberg,FC Koln,D,4.33,0.2813,0.0655,0.0327,0.0,0,-0.0,0.0
2015,2025-05-10,Zaragoza,Cartagena,A,9.5,0.1586,0.0596,0.0298,0.0,0,-0.0,0.0
2016,2025-05-10,Werder Bremen,RB Leipzig,A,2.8,0.4036,0.0723,0.0362,0.0,0,-0.0,0.0
2017,2025-05-10,Toulouse,Lens,A,3.1,0.3798,0.0845,0.0422,0.0,0,-0.0,0.0
2018,2025-05-10,Reims,St Etienne,H,2.1,0.5331,0.1086,0.0543,0.0,0,-0.0,0.0
2019,2025-05-10,Sp Gijon,La Coruna,A,3.6,0.3233,0.0631,0.0315,0.0,0,-0.0,0.0
2020,2025-05-10,Montpellier,Paris SG,A,1.25,0.8201,0.1005,0.0503,0.0,1,0.0,0.0
2021,2025-05-10,Ath Madrid,Sociedad,H,1.67,0.6611,0.1553,0.0776,0.0,1,0.0,0.0
2022,2025-05-10,Mirandes,Castellon,H,1.95,0.5357,0.047,0.0235,0.0,1,0.0,0.0
2023,2025-05-10,Zaragoza,Cartagena,D,5.75,0.2255,0.0624,0.0312,0.0,0,-0.0,0.0
2024,2025-05-10,Brest,Lille,H,4.5,0.3203,0.1262,0.0631,0.0,1,0.0,0.0
2025,2025-05-10,Union Berlin,Heidenheim,H,2.25,0.4978,0.0961,0.048,0.0,0,-0.0,0.0
2026,2025-05-10,Auxerre,Nantes,H,2.8,0.5194,0.2524,0.1262,0.0,0,-0.0,0.0
2027,2025-05-10,Troyes,Amiens,D,4.1,0.3008,0.0752,0.0376,0.0,0,-0.0,0.0
2028,2025-05-10,Rodez,Clermont,H,2.75,0.4591,0.1499,0.075,0.0,0,-0.0,0.0
2029,2025-05-10,Red Star,Dunkerque,H,4.0,0.3055,0.0741,0.037,0.0,0,-0.0,0.0
2030,2025-05-10,Pau FC,Guingamp,H,3.0,0.3619,0.0428,0.0214,0.0,0,-0.0,0.0
2031,2025-05-10,Lorient,Martigues,H,1.57,0.7455,0.299,0.1495,0.0,1,0.0,0.0
2032,2025-05-10,Paderborn,Magdeburg,H,2.05,0.5112,0.0456,0.0228,0.0,1,0.0,0.0
2033,2025-05-10,Laval,Metz,A,2.9,0.3996,0.0836,0.0418,0.0,1,0.0,0.0
2034,2025-05-10,Laval,Metz,D,3.8,0.2969,0.0457,0.0229,0.0,0,-0.0,0.0
2035,2025-05-10,Fortuna Dusseldorf,Schalke 04,H,1.8,0.5833,0.0625,0.0313,0.0,1,0.0,0.0
2036,2025-05-10,Bochum,Mainz,A,2.3,0.4962,0.1087,0.0544,0.0,1,0.0,0.0
2037,2025-05-10,Hearts,Motherwell,A,6.25,0.2144,0.0647,0.0324,0.0,0,-0.0,0.0
2038,2025-05-10,Troyes,Amiens,A,5.5,0.2616,0.0975,0.0488,0.0,0,-0.0,0.0
2039,2025-05-11,Ath Bilbao,Alaves,H,1.8,0.6681,0.2532,0.1266,0.0,1,0.0,0.0
2040,2025-05-11,Eldense,Malaga,A,4.75,0.3528,0.1802,0.0901,0.0,0,-0.0,0.0
2041,2025-05-11,Eldense,Malaga,D,3.75,0.3303,0.0867,0.0434,0.0,0,-0.0,0.0
2042,2025-05-11,Regensburg,Karlsruhe,A,2.05,0.5138,0.0507,0.0253,0.0,0,-0.0,0.0
2043,2025-05-11,Leverkusen,Dortmund,H,2.7,0.6049,0.3725,0.1862,0.0,0,-0.0,0.0
2044,2025-05-11,Rangers,Aberdeen,H,1.62,0.6867,0.1814,0.0907,0.0,1,0.0,0.0
2045,2025-05-11,Stuttgart,Augsburg,A,5.75,0.2213,0.0573,0.0287,0.0,0,-0.0,0.0
2046,2025-05-11,Hannover,Greuther Furth,H,2.0,0.5582,0.1165,0.0582,0.0,0,-0.0,0.0
2047,2025-05-12,Venezia,Fiorentina,A,2.38,0.5354,0.1987,0.0993,0.0,0,-0.0,0.0
2048,2025-05-13,Cittadella,Salernitana,H,3.1,0.3743,0.0764,0.0382,0.0,0,-0.0,0.0
2049,2025-05-13,Sassuolo,Frosinone,H,3.0,0.6903,0.5355,0.2677,0.0,0,-0.0,0.0
2050,2025-05-13,Pisa,Cremonese,H,2.63,0.4189,0.0624,0.0312,0.0,1,0.0,0.0
2051,2025-05-13,Brescia,Reggiana,D,4.2,0.304,0.0865,0.0433,0.0,0,-0.0,0.0
2052,2025-05-13,Brescia,Reggiana,A,7.5,0.2717,0.1597,0.0798,0.0,0,-0.0,0.0
2053,2025-05-13,Mantova,Catanzaro,A,3.7,0.3076,0.0511,0.0256,0.0,0,-0.0,0.0
2054,2025-05-13,Juve Stabia,Sampdoria,H,3.4,0.4262,0.1871,0.0935,0.0,0,-0.0,0.0
2055,2025-05-13,Modena,Cesena,H,2.9,0.4052,0.0921,0.0461,0.0,0,-0.0,0.0
2056,2025-05-13,Sudtirol,Bari,H,2.9,0.4196,0.1142,0.0571,0.0,0,-0.0,0.0
2057,2025-05-14,Rangers,Dundee United,H,1.36,0.7659,0.1157,0.0579,0.0,1,0.0,0.0
2058,2025-05-14,Real Madrid,Mallorca,H,1.38,0.7908,0.2401,0.1201,0.0,1,0.0,0.0
2059,2025-05-14,Aberdeen,Celtic,A,1.57,0.6932,0.1549,0.0774,0.0,1,0.0,0.0
2060,2025-05-14,Dundee,Ross County,A,4.0,0.2845,0.046,0.023,0.0,0,-0.0,0.0
2061,2025-05-14,Hearts,St Johnstone,H,1.67,0.6516,0.1316,0.0658,0.0,1,0.0,0.0
2062,2025-05-14,Alaves,Valencia,A,3.7,0.3473,0.1056,0.0528,0.0,0,-0.0,0.0
2063,2025-05-15,Osasuna,Ath Madrid,A,2.1,0.509,0.0627,0.0314,0.0,0,-0.0,0.0
2064,2025-05-15,Getafe,Ath Bilbao,A,2.63,0.4348,0.088,0.044,0.0,1,0.0,0.0
2065,2025-05-15,Espanol,Barcelona,D,5.75,0.2196,0.0553,0.0277,0.0,0,-0.0,0.0
2066,2025-05-17,Nice,Brest,A,6.5,0.252,0.116,0.058,0.0,0,-0.0,0.0
2067,2025-05-17,Lens,Monaco,D,4.1,0.2945,0.0669,0.0335,0.0,0,-0.0,0.0
2068,2025-05-17,Nice,Brest,D,4.5,0.2651,0.0551,0.0275,0.0,0,-0.0,0.0
2069,2025-05-17,St Etienne,Toulouse,A,3.25,0.395,0.1261,0.0631,0.0,1,0.0,0.0
2070,2025-05-17,St Etienne,Toulouse,D,4.2,0.2772,0.0514,0.0257,0.0,0,-0.0,0.0
2071,2025-05-17,Mainz,Leverkusen,A,3.0,0.5279,0.2918,0.1459,0.0,0,-0.0,0.0
2072,2025-05-17,Celtic,St Mirren,H,1.25,0.8458,0.2288,0.1144,0.0,0,-0.0,0.0
2073,2025-05-17,Strasbourg,Le Havre,H,1.57,0.69,0.1462,0.0731,0.0,0,-0.0,0.0
2074,2025-05-17,Heidenheim,Werder Bremen,A,2.75,0.4088,0.071,0.0355,0.0,1,0.0,0.0
2075,2025-05-17,Dortmund,Holstein Kiel,A,19.0,0.1085,0.059,0.0295,0.0,0,-0.0,0.0
2076,2025-05-17,Dortmund,Holstein Kiel,D,12.0,0.1585,0.082,0.041,0.0,0,-0.0,0.0
2077,2025-05-17,Cartagena,Tenerife,H,4.1,0.3193,0.0997,0.0499,0.0,1,0.0,0.0
2078,2025-05-17,Dundee United,Aberdeen,H,2.88,0.4088,0.0944,0.0472,0.0,1,0.0,0.0
2079,2025-05-17,RB Leipzig,Stuttgart,D,4.2,0.2841,0.0604,0.0302,0.0,0,-0.0,0.0
2080,2025-05-17,La Coruna,Granada,H,2.88,0.439,0.1407,0.0703,0.0,0,-0.0,0.0
2081,2025-05-17,Hoffenheim,Bayern Munich,A,1.5,0.7064,0.1193,0.0596,0.0,1,0.0,0.0
2082,2025-05-18,Greuther Furth,Hamburg,A,2.2,0.5235,0.1264,0.0632,0.0,0,-0.0,0.0
2083,2025-05-18,Fiorentina,Bologna,H,2.75,0.3997,0.0567,0.0283,0.0,1,0.0,0.0
2084,2025-05-18,Everton,Southampton,H,1.4,0.734,0.069,0.0345,0.0,1,0.0,0.0
2085,2025-05-18,Arsenal,Newcastle,H,1.95,0.5586,0.0939,0.047,0.0,1,0.0,0.0
2086,2025-05-18,FC Koln,Kaiserslautern,D,4.75,0.2521,0.0526,0.0263,0.0,0,-0.0,0.0
2087,2025-05-18,Hertha,Hannover,A,3.6,0.3111,0.0462,0.0231,0.0,0,-0.0,0.0
2088,2025-05-18,Castellon,Eldense,A,4.75,0.26,0.0627,0.0313,0.0,0,-0.0,0.0
2089,2025-05-18,Karlsruhe,Paderborn,D,4.5,0.289,0.0858,0.0429,0.0,0,-0.0,0.0
2090,2025-05-18,Magdeburg,Fortuna Dusseldorf,A,2.75,0.3948,0.0489,0.0245,0.0,0,-0.0,0.0
2091,2025-05-18,Schalke 04,Elversberg,H,4.75,0.3389,0.1627,0.0813,0.0,0,-0.0,0.0
2092,2025-05-18,Schalke 04,Elversberg,D,4.2,0.2778,0.0522,0.0261,0.0,0,-0.0,0.0
2093,2025-05-18,Cagliari,Venezia,H,2.6,0.4465,0.1005,0.0502,0.0,1,0.0,0.0
2094,2025-05-18,Karlsruhe,Paderborn,H,4.2,0.3815,0.1882,0.0941,0.0,1,0.0,0.0
2095,2025-05-18,Verona,Como,H,3.5,0.3222,0.0511,0.0256,0.0,0,-0.0,0.0
2096,2025-05-18,Oviedo,Zaragoza,H,1.75,0.5903,0.0439,0.022,0.0,1,0.0,0.0
2097,2025-05-18,Ath Madrid,Betis,H,1.91,0.5514,0.0584,0.0292,0.0,1,0.0,0.0
2098,2025-05-18,Sevilla,Real Madrid,A,1.75,0.5908,0.0453,0.0226,0.0,1,0.0,0.0
2099,2025-05-18,Monza,Empoli,D,3.6,0.3165,0.0536,0.0268,0.0,0,-0.0,0.0
2100,2025-05-18,Monza,Empoli,H,5.0,0.3598,0.1997,0.0998,0.0,0,-0.0,0.0
2101,2025-05-18,Lecce,Torino,A,4.6,0.4343,0.2772,0.1386,0.0,0,-0.0,0.0
2102,2025-05-18,Ulm,PreuÃen MÃ¼nster,D,3.5,0.3204,0.0485,0.0243,0.0,1,0.0,0.0
2103,2025-05-18,Ulm,PreuÃen MÃ¼nster,H,3.7,0.3798,0.1501,0.075,0.0,0,-0.0,0.0
2104,2025-05-18,Ross County,Motherwell,A,3.75,0.391,0.1695,0.0848,0.0,0,-0.0,0.0
2105,2025-05-18,Valladolid,Alaves,H,6.0,0.2498,0.0998,0.0499,0.0,0,-0.0,0.0
2106,2025-05-18,Valencia,Ath Bilbao,A,3.8,0.4219,0.2155,0.1077,0.0,1,0.0,0.0
2107,2025-05-18,Las Palmas,Leganes,H,2.9,0.4127,0.1036,0.0518,0.0,0,-0.0,0.0
2108,2025-05-18,Barcelona,Villarreal,H,1.83,0.6797,0.2937,0.1469,0.0,0,-0.0,0.0
2109,2025-05-18,Braunschweig,Nurnberg,A,4.33,0.3398,0.1416,0.0708,0.0,1,0.0,0.0
2110,2025-05-18,St Johnstone,Dundee,H,3.0,0.3944,0.0917,0.0458,0.0,0,-0.0,0.0
2111,2025-05-19,Brighton,Liverpool,A,2.45,0.5561,0.25,0.125,0.0,0,-0.0,0.0
2112,2025-05-20,Man City,Bournemouth,H,1.55,0.6834,0.1079,0.0539,0.0,1,0.0,0.0
2113,2025-05-20,Crystal Palace,Wolves,H,2.25,0.5557,0.2003,0.1002,0.0,1,0.0,0.0
2114,2025-05-23,Betis,Valencia,H,1.91,0.5462,0.0474,0.0237,0.0,0,-0.0,0.0
2115,2025-05-24,Real Madrid,Sociedad,H,1.42,0.7873,0.2807,0.1404,0.0,1,0.0,0.0
2116,2025-05-24,Espanol,Las Palmas,D,4.75,0.2834,0.0923,0.0462,0.0,0,-0.0,0.0
2117,2025-05-24,Espanol,Las Palmas,A,8.0,0.2106,0.0978,0.0489,0.0,0,-0.0,0.0
2118,2025-05-24,Getafe,Celta,H,4.1,0.3383,0.1249,0.0624,0.0,0,-0.0,0.0
2119,2025-05-24,Getafe,Celta,D,3.75,0.3162,0.0675,0.0337,0.0,0,-0.0,0.0
2120,2025-05-24,Vallecano,Mallorca,D,4.2,0.3023,0.0843,0.0421,0.0,1,0.0,0.0
2121,2025-05-24,Vallecano,Mallorca,A,6.25,0.2329,0.0868,0.0434,0.0,0,-0.0,0.0
2122,2025-05-24,Albacete,Ferrol,H,1.67,0.6168,0.0448,0.0224,0.0,1,0.0,0.0
2123,2025-05-25,Man United,Aston Villa,D,4.2,0.3036,0.086,0.043,0.0,0,-0.0,0.0
2124,2025-05-25,Empoli,Verona,A,4.33,0.2824,0.0669,0.0334,0.0,1,0.0,0.0
2125,2025-05-25,Man United,Aston Villa,H,4.33,0.2943,0.0824,0.0412,0.0,1,0.0,0.0
2126,2025-05-25,Eibar,Cordoba,H,2.3,0.5072,0.1282,0.0641,0.0,1,0.0,0.0
2127,2025-05-25,Sp Gijon,Cartagena,A,13.0,0.145,0.0738,0.0369,0.0,0,-0.0,0.0
2128,2025-05-25,Elche,Malaga,D,5.5,0.2713,0.1094,0.0547,0.0,0,-0.0,0.0
2129,2025-05-25,Elche,Malaga,A,12.0,0.1665,0.0908,0.0454,0.0,0,-0.0,0.0
2130,2025-05-25,Tottenham,Brighton,D,4.33,0.2753,0.0576,0.0288,0.0,0,-0.0,0.0
2131,2025-05-25,Burgos,Levante,H,5.5,0.2917,0.1343,0.0671,0.0,0,-0.0,0.0
2132,2025-05-25,Tottenham,Brighton,H,4.2,0.3283,0.1184,0.0592,0.0,0,-0.0,0.0
2133,2025-05-25,Sp Gijon,Cartagena,D,5.75,0.2238,0.0604,0.0302,0.0,0,-0.0,0.0
2134,2025-05-25,Newcastle,Everton,D,5.5,0.2391,0.07,0.035,0.0,0,-0.0,0.0
2135,2025-05-25,Tenerife,Oviedo,H,5.0,0.2921,0.1151,0.0575,0.0,0,-0.0,0.0
2136,2025-05-25,Lazio,Lecce,H,1.53,0.7507,0.2802,0.1401,0.0,0,-0.0,0.0
2137,2025-05-25,Torino,Roma,H,5.5,0.2741,0.1128,0.0564,0.0,0,-0.0,0.0
2138,2025-05-25,Newcastle,Everton,A,8.5,0.1674,0.0564,0.0282,0.0,1,0.0,0.0
2139,2025-05-25,Atalanta,Parma,H,1.75,0.7782,0.4825,0.2413,0.0,0,-0.0,0.0
2140,2025-05-25,Zaragoza,La Coruna,D,4.33,0.2858,0.0713,0.0356,0.0,0,-0.0,0.0
2141,2025-05-25,Zaragoza,La Coruna,A,5.75,0.3308,0.1899,0.0949,0.0,0,-0.0,0.0
2142,2025-05-25,Torino,Roma,D,4.2,0.2909,0.0693,0.0347,0.0,0,-0.0,0.0
2143,2025-05-31,Ferrol,Sp Gijon,A,2.75,0.4261,0.0982,0.0491,0.0,1,0.0,0.0
2144,2025-06-01,Huesca,Eldense,H,2.15,0.511,0.0858,0.0429,0.0,1,0.0,0.0
2145,2025-06-01,Oviedo,Cadiz,A,6.0,0.2208,0.0649,0.0325,0.0,0,-0.0,0.0
2146,2025-06-01,Cordoba,Albacete,A,5.25,0.3299,0.1723,0.0861,0.0,0,-0.0,0.0
2147,2025-06-01,Santander,Granada,H,2.7,0.4202,0.0792,0.0396,0.0,1,0.0,0.0
2148,2025-06-01,Cartagena,Mirandes,D,6.25,0.2498,0.1069,0.0535,0.0,0,-0.0,0.0
2149,2025-06-01,Levante,Eibar,D,4.33,0.2756,0.058,0.029,0.0,0,-0.0,0.0
2150,2025-06-01,La Coruna,Elche,D,4.33,0.2993,0.0889,0.0445,0.0,0,-0.0,0.0
2151,2025-06-01,Almeria,Tenerife,A,11.0,0.1562,0.0718,0.0359,0.0,0,-0.0,0.0
2152,2025-06-01,Almeria,Tenerife,D,6.5,0.2214,0.0798,0.0399,0.0,0,-0.0,0.0
2153,2025-06-01,Cartagena,Mirandes,H,11.0,0.2166,0.1383,0.0691,0.0,0,-0.0,0.0
2154,2025-06-01,La Coruna,Elche,H,5.5,0.3274,0.1779,0.089,0.0,0,-0.0,0.0
2155,2025-08-01,Schalke 04,Hertha,H,2.9,0.3832,0.0586,0.0293,0.0,1,0.0,0.0
2156,2025-08-02,Elversberg,Nurnberg,H,2.1,0.5285,0.0998,0.0499,0.0,1,0.0,0.0
2157,2025-08-02,Motherwell,Rangers,H,7.0,0.1863,0.0507,0.0253,0.0,0,-0.0,0.0
2158,2025-08-02,Darmstadt,Bochum,A,3.0,0.4164,0.1246,0.0623,0.0,0,-0.0,0.0
2159,2025-08-02,Karlsruhe,PreuÃen MÃ¼nster,H,1.9,0.5589,0.0688,0.0344,0.0,1,0.0,0.0
2160,2025-08-02,Kilmarnock,Livingston,H,2.0,0.593,0.1859,0.093,0.0,0,-0.0,0.0
2161,2025-08-02,Bielefeld,Fortuna Dusseldorf,A,2.88,0.4203,0.112,0.056,0.0,0,-0.0,0.0
2162,2025-08-03,Greuther Furth,Dresden,H,2.2,0.4846,0.0552,0.0276,0.0,1,0.0,0.0
2163,2025-08-03,Dundee,Hibernian,H,4.1,0.2812,0.0494,0.0247,0.0,0,-0.0,0.0
2164,2025-08-03,Falkirk,Dundee United,D,3.8,0.3134,0.0682,0.0341,0.0,1,0.0,0.0
2165,2025-08-03,Falkirk,Dundee United,A,3.8,0.37,0.145,0.0725,0.0,0,-0.0,0.0
2166,2025-08-04,Hearts,Aberdeen,H,2.1,0.5205,0.0845,0.0423,0.0,1,0.0,0.0
2167,2025-08-08,Birmingham,Ipswich,A,2.9,0.4103,0.1,0.05,0.0,0,-0.0,0.0
2168,2025-08-08,Nurnberg,Darmstadt,H,2.88,0.3978,0.0775,0.0387,0.0,0,-0.0,0.0
2169,2025-08-09,Livingston,Falkirk,D,3.4,0.3298,0.0505,0.0253,0.0,0,-0.0,0.0
2170,2025-08-09,Rodez,Nancy,H,2.05,0.5814,0.1827,0.0913,0.0,0,-0.0,0.0
2171,2025-08-09,Laval,St Etienne,H,2.8,0.3733,0.0251,0.0125,0.0,0,-0.0,0.0
2172,2025-08-09,Southampton,Wrexham,A,4.75,0.3384,0.162,0.081,0.0,0,-0.0,0.0
2173,2025-08-09,Norwich,Millwall,A,3.8,0.3153,0.0707,0.0354,0.0,1,0.0,0.0
2174,2025-08-09,Kaiserslautern,Schalke 04,H,2.38,0.4684,0.0832,0.0416,0.0,1,0.0,0.0
2175,2025-08-09,Fortuna Dusseldorf,Hannover,H,2.5,0.4398,0.0664,0.0332,0.0,0,-0.0,0.0
2176,2025-08-09,Southampton,Wrexham,D,3.75,0.3265,0.0817,0.0408,0.0,0,-0.0,0.0
2177,2025-08-10,Dundee United,Hearts,H,4.0,0.3092,0.0789,0.0395,0.0,0,-0.0,0.0
2178,2025-08-10,Bochum,Elversberg,A,3.5,0.3269,0.0576,0.0288,0.0,0,-0.0,0.0
2179,2025-08-10,Leicester,Sheffield Weds,D,8.0,0.2786,0.1756,0.0878,0.0,0,-0.0,0.0
2180,2025-08-10,Leicester,Sheffield Weds,A,17.0,0.2163,0.1673,0.0836,0.0,0,-0.0,0.0
2181,2025-08-10,Hertha,Karlsruhe,A,4.1,0.3491,0.1391,0.0696,0.0,0,-0.0,0.0
2182,2025-08-11,Amiens,Reims,H,4.33,0.2739,0.0559,0.0279,0.0,0,-0.0,0.0
2183,2025-08-15,Villarreal,Oviedo,D,4.75,0.2513,0.0517,0.0259,0.0,0,-0.0,0.0
2184,2025-08-15,Valladolid,Ceuta,A,4.1,0.3653,0.1605,0.0803,0.0,0,-0.0,0.0
2185,2025-08-15,Nancy,Boulogne,A,4.0,0.365,0.1533,0.0767,0.0,0,-0.0,0.0
2186,2025-08-15,Burgos,Cultural Leonesa,A,4.5,0.2978,0.0971,0.0486,0.0,0,-0.0,0.0
2187,2025-08-15,Red Star,Amiens,A,3.6,0.3412,0.0878,0.0439,0.0,1,0.0,0.0
2188,2025-08-16,Sheffield Weds,Stoke,H,3.9,0.4262,0.2283,0.1141,0.0,0,-0.0,0.0
2189,2025-08-16,Santander,Castellon,H,2.25,0.549,0.1882,0.0941,0.0,1,0.0,0.0
2190,2025-08-16,Blackburn,Birmingham,H,3.1,0.5049,0.2692,0.1346,0.0,0,-0.0,0.0
2191,2025-08-16,Swansea,Sheffield United,A,2.63,0.4226,0.0683,0.0342,0.0,0,-0.0,0.0
2192,2025-08-16,Watford,QPR,A,3.6,0.3109,0.0458,0.0229,0.0,0,-0.0,0.0
2193,2025-08-16,Wrexham,West Brom,A,2.55,0.4681,0.1249,0.0624,0.0,1,0.0,0.0
2194,2025-08-16,Granada,La Coruna,H,2.15,0.5184,0.0996,0.0498,0.0,0,-0.0,0.0
2195,2025-08-16,Portsmouth,Norwich,H,2.45,0.4391,0.0523,0.0262,0.0,0,-0.0,0.0
2196,2025-08-16,Nice,Toulouse,H,2.1,0.6035,0.2431,0.1215,0.0,0,-0.0,0.0
2197,2025-08-16,Sunderland,West Ham,A,2.25,0.4867,0.076,0.038,0.0,0,-0.0,0.0
2198,2025-08-16,Valencia,Sociedad,H,2.6,0.4225,0.0616,0.0308,0.0,0,-0.0,0.0
2199,2025-08-16,Annecy,Dunkerque,H,2.8,0.4186,0.0956,0.0478,0.0,0,-0.0,0.0
2200,2025-08-16,Tottenham,Burnley,A,8.5,0.3348,0.2461,0.123,0.0,0,-0.0,0.0
2201,2025-08-16,Tottenham,Burnley,D,4.75,0.2976,0.1103,0.0551,0.0,0,-0.0,0.0
2202,2025-08-17,Man United,Arsenal,A,1.95,0.5311,0.0375,0.0187,0.0,1,0.0,0.0
2203,2025-08-17,Las Palmas,Andorra,D,3.75,0.3169,0.0685,0.0342,0.0,1,0.0,0.0
2204,2025-08-17,Sociedad B,Zaragoza,H,3.2,0.3566,0.0641,0.032,0.0,1,0.0,0.0
2205,2025-08-17,Cadiz,Mirandes,A,5.25,0.3057,0.1423,0.0712,0.0,0,-0.0,0.0
2206,2025-08-18,Sp Gijon,Cordoba,H,2.35,0.4788,0.0928,0.0464,0.0,1,0.0,0.0
2207,2025-08-18,Leeds,Everton,A,3.0,0.3965,0.0947,0.0473,0.0,0,-0.0,0.0
2208,2025-08-22,Amiens,Annecy,H,2.55,0.414,0.0359,0.0179,0.0,0,-0.0,0.0
2209,2025-08-22,Dunkerque,Nancy,H,2.1,0.5561,0.1526,0.0763,0.0,0,-0.0,0.0
2210,2025-08-23,Levante,Barcelona,D,6.0,0.2314,0.0777,0.0389,0.0,0,-0.0,0.0
2211,2025-08-23,Levante,Barcelona,H,11.0,0.1618,0.078,0.039,0.0,0,-0.0,0.0
2212,2025-08-23,Arsenal,Leeds,D,6.25,0.2367,0.0913,0.0456,0.0,0,-0.0,0.0
2213,2025-08-23,Karlsruhe,Braunschweig,H,1.85,0.5703,0.0647,0.0323,0.0,1,0.0,0.0
2214,2025-08-23,Paderborn,Fortuna Dusseldorf,A,4.1,0.285,0.0544,0.0272,0.0,1,0.0,0.0
2215,2025-08-23,Schalke 04,Bochum,A,2.75,0.3974,0.0531,0.0266,0.0,0,-0.0,0.0
2216,2025-08-23,Burnley,Sunderland,H,2.2,0.6346,0.3302,0.1651,0.0,1,0.0,0.0
2217,2025-08-23,Leverkusen,Hoffenheim,H,1.53,0.7599,0.307,0.1535,0.0,0,-0.0,0.0
2218,2025-08-23,Man City,Tottenham,H,1.48,0.7411,0.2017,0.1008,0.0,0,-0.0,0.0
2219,2025-08-23,Empoli,Padova,H,1.9,0.5519,0.054,0.027,0.0,1,0.0,0.0
2220,2025-08-23,Monza,Mantova,D,3.75,0.3021,0.0484,0.0242,0.0,0,-0.0,0.0
2221,2025-08-23,Roma,Bologna,H,2.1,0.5444,0.1303,0.0651,0.0,1,0.0,0.0
2222,2025-08-23,Southampton,Stoke,A,4.5,0.2683,0.0592,0.0296,0.0,1,0.0,0.0
2223,2025-08-23,Marseille,Paris FC,D,5.0,0.2469,0.0586,0.0293,0.0,0,-0.0,0.0
2224,2025-08-23,Birmingham,Oxford,D,4.5,0.2939,0.0922,0.0461,0.0,0,-0.0,0.0
2225,2025-08-23,Birmingham,Oxford,A,6.5,0.2623,0.1282,0.0641,0.0,0,-0.0,0.0
2226,2025-08-23,Preston,Ipswich,H,3.7,0.3541,0.1149,0.0575,0.0,1,0.0,0.0
2227,2025-08-23,Mirandes,Huesca,H,3.2,0.4663,0.2237,0.1118,0.0,0,-0.0,0.0
2228,2025-08-23,Ceuta,Sp Gijon,A,2.88,0.5578,0.3226,0.1613,0.0,1,0.0,0.0
2229,2025-08-23,Wrexham,Sheffield Weds,A,5.75,0.4074,0.2826,0.1413,0.0,0,-0.0,0.0
2230,2025-08-23,Virtus Entella,Juve Stabia,A,3.2,0.3823,0.1015,0.0508,0.0,0,-0.0,0.0
2231,2025-08-24,Cultural Leonesa,Almeria,A,2.2,0.6713,0.3974,0.1987,0.0,1,0.0,0.0
2232,2025-08-24,Oviedo,Real Madrid,D,5.5,0.2542,0.0884,0.0442,0.0,0,-0.0,0.0
2233,2025-08-24,Oviedo,Real Madrid,H,9.5,0.1655,0.0674,0.0337,0.0,0,-0.0,0.0
2234,2025-08-24,Fulham,Man United,H,3.25,0.4435,0.1962,0.0981,0.0,0,-0.0,0.0
2235,2025-08-24,Villarreal,Girona,H,1.53,0.681,0.0792,0.0396,0.0,1,0.0,0.0
2236,2025-08-24,Everton,Brighton,H,3.1,0.3548,0.0476,0.0238,0.0,1,0.0,0.0
2237,2025-08-24,Catanzaro,Sudtirol,H,2.3,0.4923,0.1017,0.0509,0.0,0,-0.0,0.0
2238,2025-08-24,Malaga,Sociedad B,D,3.4,0.3341,0.0567,0.0283,0.0,0,-0.0,0.0
2239,2025-08-24,Bielefeld,Dresden,H,1.9,0.6036,0.1631,0.0816,0.0,0,-0.0,0.0
2240,2025-08-24,Toulouse,Brest,A,3.3,0.3441,0.059,0.0295,0.0,0,-0.0,0.0
2241,2025-08-24,Frosinone,Avellino,H,2.25,0.4871,0.0767,0.0384,0.0,1,0.0,0.0
2242,2025-08-24,Como,Lazio,A,3.0,0.4879,0.2319,0.1159,0.0,0,-0.0,0.0
2243,2025-08-24,Lille,Monaco,H,3.1,0.3985,0.1121,0.056,0.0,1,0.0,0.0
2244,2025-08-24,Strasbourg,Nantes,H,1.75,0.6064,0.0816,0.0408,0.0,1,0.0,0.0
2245,2025-08-24,Cagliari,Fiorentina,A,2.25,0.503,0.1055,0.0527,0.0,0,-0.0,0.0
2246,2025-08-25,Inter,Torino,H,1.42,0.7401,0.1211,0.0606,0.0,1,0.0,0.0
2247,2025-08-27,Celta,Betis,A,3.25,0.3797,0.104,0.052,0.0,0,-0.0,0.0
2248,2025-08-29,Montpellier,Amiens,A,5.5,0.2345,0.0643,0.0322,0.0,0,-0.0,0.0
2249,2025-08-29,Dunkerque,Troyes,H,2.9,0.3952,0.0769,0.0385,0.0,1,0.0,0.0
2250,2025-08-29,Nancy,Pau FC,A,3.6,0.3723,0.1308,0.0654,0.0,0,-0.0,0.0
2251,2025-08-29,Hertha,Elversberg,A,3.2,0.3968,0.1227,0.0613,0.0,1,0.0,0.0
2252,2025-08-29,Leicester,Birmingham,H,2.35,0.5503,0.2172,0.1086,0.0,1,0.0,0.0
2253,2025-08-29,Sp Gijon,Cultural Leonesa,H,1.61,0.6963,0.1984,0.0992,0.0,1,0.0,0.0
2254,2025-08-29,Hamburg,St Pauli,H,2.4,0.4468,0.0517,0.0258,0.0,0,-0.0,0.0
2255,2025-08-29,Red Star,Annecy,A,4.2,0.3657,0.1675,0.0837,0.0,0,-0.0,0.0
2256,2025-08-30,Bochum,PreuÃen MÃ¼nster,H,2.0,0.5316,0.0632,0.0316,0.0,0,-0.0,0.0
2257,2025-08-30,Man United,Burnley,D,5.25,0.2804,0.111,0.0555,0.0,0,-0.0,0.0
2258,2025-08-30,Bologna,Como,H,2.45,0.5227,0.1935,0.0967,0.0,1,0.0,0.0
2259,2025-08-30,Werder Bremen,Leverkusen,A,1.91,0.5536,0.063,0.0315,0.0,0,-0.0,0.0
2260,2025-08-30,Tottenham,Bournemouth,A,4.2,0.3597,0.1596,0.0798,0.0,1,0.0,0.0
2261,2025-08-30,Palermo,Frosinone,A,5.0,0.2695,0.0869,0.0434,0.0,0,-0.0,0.0
2262,2025-08-30,Sunderland,Brentford,A,2.4,0.5215,0.1797,0.0898,0.0,0,-0.0,0.0
2263,2025-08-30,Reims,Le Mans,H,1.8,0.6254,0.1572,0.0786,0.0,1,0.0,0.0
2264,2025-08-30,Man United,Burnley,A,8.0,0.2689,0.1644,0.0822,0.0,0,-0.0,0.0
2265,2025-08-30,QPR,Charlton,H,2.85,0.4402,0.1376,0.0688,0.0,1,0.0,0.0
2266,2025-08-30,Livingston,Hearts,A,2.1,0.5142,0.0725,0.0363,0.0,1,0.0,0.0
2267,2025-08-30,Santander,Ceuta,H,1.51,0.7307,0.2027,0.1013,0.0,1,0.0,0.0
2268,2025-08-30,Parma,Atalanta,A,1.91,0.5999,0.1602,0.0801,0.0,0,-0.0,0.0
2269,2025-08-30,Hoffenheim,Ein Frankfurt,A,2.25,0.5107,0.1193,0.0596,0.0,1,0.0,0.0
2270,2025-08-30,Sheffield Weds,Swansea,H,3.25,0.3754,0.0978,0.0489,0.0,0,-0.0,0.0
2271,2025-08-30,Oxford,Coventry,H,4.5,0.283,0.0781,0.0391,0.0,0,-0.0,0.0
2272,2025-08-30,Valladolid,Cordoba,A,4.0,0.2889,0.0518,0.0259,0.0,0,-0.0,0.0
2273,2025-08-30,Castellon,Zaragoza,A,4.0,0.2987,0.0649,0.0324,0.0,0,-0.0,0.0
2274,2025-08-30,Millwall,Wrexham,H,1.96,0.6174,0.2189,0.1094,0.0,0,-0.0,0.0
2275,2025-08-30,Mantova,Pescara,H,2.2,0.5647,0.202,0.101,0.0,1,0.0,0.0
2276,2025-08-30,Cesena,Virtus Entella,H,1.96,0.6431,0.2713,0.1357,0.0,0,-0.0,0.0
2277,2025-08-30,Toulouse,Paris SG,H,8.5,0.1766,0.0668,0.0334,0.0,0,-0.0,0.0
2278,2025-08-30,Oviedo,Sociedad,H,3.5,0.3301,0.0622,0.0311,0.0,1,0.0,0.0
2279,2025-08-30,Watford,Southampton,H,3.0,0.3962,0.0944,0.0472,0.0,0,-0.0,0.0
2280,2025-08-30,Ipswich,Derby,A,6.5,0.2041,0.0593,0.0297,0.0,0,-0.0,0.0
2281,2025-08-31,Kaiserslautern,Darmstadt,H,2.6,0.4113,0.0433,0.0217,0.0,1,0.0,0.0
2282,2025-08-31,Celta,Villarreal,A,2.5,0.4774,0.1289,0.0645,0.0,0,-0.0,0.0
2283,2025-08-31,Wolfsburg,Mainz,A,3.5,0.3442,0.0819,0.041,0.0,0,-0.0,0.0
2284,2025-08-31,Carrarese,Padova,H,2.15,0.5255,0.1129,0.0565,0.0,0,-0.0,0.0
2285,2025-08-31,Sudtirol,Sampdoria,H,2.45,0.4394,0.0529,0.0264,0.0,1,0.0,0.0
2286,2025-08-31,Bari,Monza,H,3.1,0.4005,0.115,0.0575,0.0,0,-0.0,0.0
2287,2025-08-31,FC Koln,Freiburg,A,2.8,0.4232,0.1028,0.0514,0.0,0,-0.0,0.0
2288,2025-08-31,Inter,Udinese,H,1.3,0.7978,0.124,0.062,0.0,0,-0.0,0.0
2289,2025-08-31,Aberdeen,Falkirk,H,1.92,0.5383,0.0365,0.0183,0.0,0,-0.0,0.0
2290,2025-08-31,Modena,Avellino,H,2.15,0.5132,0.0899,0.045,0.0,0,-0.0,0.0
2291,2025-08-31,Lyon,Marseille,H,2.63,0.4562,0.1225,0.0613,0.0,1,0.0,0.0
2292,2025-08-31,Paris FC,Metz,A,4.33,0.3048,0.096,0.048,0.0,0,-0.0,0.0
2293,2025-08-31,Le Havre,Nice,A,2.05,0.589,0.1977,0.0988,0.0,0,-0.0,0.0
2294,2025-08-31,Granada,Mirandes,A,5.0,0.2909,0.1137,0.0568,0.0,1,0.0,0.0
2295,2025-09-01,Leganes,La Coruna,H,2.05,0.5395,0.1009,0.0504,0.0,0,-0.0,0.0
2296,2025-09-05,Albacete,Mirandes,A,4.33,0.3468,0.1506,0.0753,0.0,1,0.0,0.0
2297,2025-09-06,Malaga,Granada,A,4.33,0.2843,0.0694,0.0347,0.0,0,-0.0,0.0
2298,2025-09-07,Cultural Leonesa,Leganes,A,2.3,0.6143,0.3176,0.1588,0.0,0,-0.0,0.0
2299,2025-09-07,Almeria,Santander,A,4.2,0.2749,0.0483,0.0242,0.0,1,0.0,0.0
2300,2025-09-07,Ceuta,Huesca,A,2.65,0.6307,0.4068,0.2034,0.0,0,-0.0,0.0
2301,2025-09-12,Le Mans,Rodez,A,3.3,0.393,0.1291,0.0646,0.0,1,0.0,0.0
2302,2025-09-12,Paderborn,Bochum,A,3.9,0.3144,0.078,0.039,0.0,0,-0.0,0.0
2303,2025-09-12,Troyes,Nancy,H,2.1,0.4997,0.045,0.0225,0.0,1,0.0,0.0
2304,2025-09-12,Pau FC,Red Star,H,2.8,0.4982,0.2194,0.1097,0.0,0,-0.0,0.0
2305,2025-09-12,Boulogne,Laval,D,3.2,0.3363,0.0346,0.0173,0.0,0,-0.0,0.0
2306,2025-09-12,Ipswich,Sheffield United,A,4.5,0.3587,0.1755,0.0877,0.0,0,-0.0,0.0
2307,2025-09-12,Amiens,Bastia,H,3.5,0.397,0.1558,0.0779,0.0,0,-0.0,0.0
2308,2025-09-12,Sevilla,Elche,A,4.5,0.2722,0.0643,0.0322,0.0,0,-0.0,0.0
2309,2025-09-12,Avellino,Monza,H,3.9,0.2975,0.0553,0.0276,0.0,1,0.0,0.0
2310,2025-09-12,Leverkusen,Ein Frankfurt,H,2.1,0.5271,0.0971,0.0486,0.0,1,0.0,0.0
2311,2025-09-13,Falkirk,St Mirren,A,3.1,0.3963,0.1088,0.0544,0.0,1,0.0,0.0
2312,2025-09-13,Rangers,Hearts,H,1.68,0.6186,0.0576,0.0288,0.0,0,-0.0,0.0
2313,2025-09-13,Stoke,Birmingham,H,3.0,0.4514,0.1771,0.0885,0.0,1,0.0,0.0
2314,2025-09-13,Charlton,Millwall,A,3.1,0.3706,0.0709,0.0354,0.0,0,-0.0,0.0
2315,2025-09-13,Nice,Nantes,H,1.67,0.6302,0.0783,0.0392,0.0,1,0.0,0.0
2316,2025-09-13,Oxford,Leicester,H,4.2,0.288,0.0655,0.0328,0.0,0,-0.0,0.0
2317,2025-09-13,Aberdeen,Livingston,H,1.96,0.5686,0.1192,0.0596,0.0,0,-0.0,0.0
2318,2025-09-13,Crystal Palace,Sunderland,H,1.65,0.653,0.1192,0.0596,0.0,0,-0.0,0.0
2319,2025-09-13,Padova,Frosinone,A,3.3,0.3561,0.0762,0.0381,0.0,1,0.0,0.0
2320,2025-09-13,Karlsruhe,Nurnberg,H,1.91,0.5709,0.0994,0.0497,0.0,1,0.0,0.0
2321,2025-09-13,Dundee,Motherwell,H,3.8,0.3542,0.1235,0.0618,0.0,0,-0.0,0.0
2322,2025-09-13,Mirandes,La Coruna,H,3.25,0.5071,0.288,0.144,0.0,0,-0.0,0.0
2323,2025-09-13,Wrexham,QPR,A,4.0,0.2844,0.0459,0.023,0.0,1,0.0,0.0
2324,2025-09-13,West Ham,Tottenham,H,3.4,0.3997,0.1496,0.0748,0.0,0,-0.0,0.0
2325,2025-09-13,Ath Bilbao,Alaves,H,1.6,0.6533,0.0755,0.0378,0.0,0,-0.0,0.0
2326,2025-09-13,Sheffield Weds,Bristol City,H,3.75,0.3081,0.0565,0.0283,0.0,0,-0.0,0.0
2327,2025-09-13,Union Berlin,Hoffenheim,H,2.6,0.4509,0.1077,0.0539,0.0,0,-0.0,0.0
2328,2025-09-13,Brentford,Chelsea,H,4.5,0.2773,0.0708,0.0354,0.0,0,-0.0,0.0
2329,2025-09-13,Bayern Munich,Hamburg,D,12.0,0.1289,0.0497,0.0248,0.0,0,-0.0,0.0
2330,2025-09-13,Catanzaro,Carrarese,H,2.32,0.4984,0.1184,0.0592,0.0,0,-0.0,0.0
2331,2025-09-13,Pescara,Venezia,D,3.6,0.3136,0.0496,0.0248,0.0,1,0.0,0.0
2332,2025-09-13,Grenoble,Dunkerque,H,2.7,0.3911,0.0329,0.0164,0.0,1,0.0,0.0
2333,2025-09-13,Clermont,St Etienne,H,3.6,0.306,0.0391,0.0196,0.0,0,-0.0,0.0
2334,2025-09-13,Valladolid,Almeria,A,2.65,0.4086,0.0502,0.0251,0.0,0,-0.0,0.0
2335,2025-09-14,Man City,Man United,H,1.75,0.6653,0.2191,0.1096,0.0,1,0.0,0.0
2336,2025-09-14,Rennes,Lyon,A,2.55,0.465,0.1198,0.0599,0.0,0,-0.0,0.0
2337,2025-09-14,Pisa,Udinese,A,2.75,0.4047,0.0646,0.0323,0.0,1,0.0,0.0
2338,2025-09-14,Lille,Toulouse,H,1.75,0.6056,0.0798,0.0399,0.0,1,0.0,0.0
2339,2025-09-14,M'gladbach,Werder Bremen,A,3.4,0.3686,0.1055,0.0528,0.0,1,0.0,0.0
2340,2025-09-14,Burnley,Liverpool,D,5.5,0.2762,0.1153,0.0577,0.0,0,-0.0,0.0
2341,2025-09-14,Burnley,Liverpool,H,8.0,0.196,0.0811,0.0406,0.0,0,-0.0,0.0
2342,2025-09-14,Southampton,Portsmouth,A,4.5,0.2954,0.0941,0.0471,0.0,0,-0.0,0.0
2343,2025-09-14,Santander,Cultural Leonesa,H,1.46,0.7039,0.0602,0.0301,0.0,0,-0.0,0.0
2344,2025-09-14,Atalanta,Lecce,H,1.4,0.7315,0.0603,0.0301,0.0,1,0.0,0.0
2345,2025-09-14,Elversberg,Dresden,H,2.0,0.6708,0.3416,0.1708,0.0,0,-0.0,0.0
2346,2025-09-14,Virtus Entella,Mantova,A,3.6,0.4028,0.173,0.0865,0.0,0,-0.0,0.0
2347,2025-09-14,Brest,Paris FC,H,2.25,0.5188,0.1339,0.0669,0.0,0,-0.0,0.0
2348,2025-09-14,Sudtirol,Palermo,H,3.6,0.3888,0.1537,0.0768,0.0,0,-0.0,0.0
2349,2025-09-14,Empoli,Spezia,H,2.3,0.4624,0.0489,0.0244,0.0,0,-0.0,0.0
2350,2025-09-14,Roma,Torino,H,1.5,0.6926,0.0777,0.0388,0.0,0,-0.0,0.0
2351,2025-09-15,Guingamp,Montpellier,H,2.38,0.4426,0.0387,0.0193,0.0,1,0.0,0.0
2352,2025-09-15,Como,Genoa,A,6.0,0.2651,0.1182,0.0591,0.0,0,-0.0,0.0
2353,2025-09-15,Zaragoza,Albacete,A,3.5,0.3396,0.0755,0.0377,0.0,0,-0.0,0.0
2354,2025-09-19,Dunkerque,Le Mans,H,2.05,0.5589,0.1388,0.0694,0.0,0,-0.0,0.0
2355,2025-09-19,La Coruna,Huesca,A,5.5,0.2587,0.094,0.047,0.0,0,-0.0,0.0
2356,2025-09-19,Betis,Sociedad,H,1.91,0.5512,0.058,0.029,0.0,1,0.0,0.0
2357,2025-09-19,Kaiserslautern,PreuÃen MÃ¼nster,H,2.3,0.5203,0.1513,0.0756,0.0,1,0.0,0.0
2358,2025-09-19,Lyon,Angers,H,1.44,0.7106,0.0528,0.0264,0.0,1,0.0,0.0
2359,2025-09-20,Portsmouth,Sheffield Weds,A,6.0,0.2304,0.0765,0.0383,0.0,1,0.0,0.0
2360,2025-09-20,Andorra,Mirandes,A,4.1,0.3641,0.159,0.0795,0.0,0,-0.0,0.0
2361,2025-09-20,Leganes,Las Palmas,H,2.35,0.501,0.1314,0.0657,0.0,0,-0.0,0.0
2362,2025-09-20,Sheffield United,Charlton,H,1.76,0.5841,0.0368,0.0184,0.0,0,-0.0,0.0
2363,2025-09-20,Man United,Chelsea,A,2.45,0.4413,0.056,0.028,0.0,0,-0.0,0.0
2364,2025-09-20,Nantes,Rennes,H,3.5,0.334,0.0676,0.0338,0.0,0,-0.0,0.0
2365,2025-09-20,Lens,Lille,A,2.9,0.3816,0.0562,0.0281,0.0,0,-0.0,0.0
2366,2025-09-20,Brest,Nice,A,2.6,0.4212,0.0594,0.0297,0.0,0,-0.0,0.0
2367,2025-09-20,Brighton,Tottenham,H,2.25,0.514,0.1253,0.0626,0.0,0,-0.0,0.0
2368,2025-09-20,Burnley,Nott'm Forest,H,3.4,0.3632,0.0978,0.0489,0.0,0,-0.0,0.0
2369,2025-09-20,Troyes,Guingamp,A,3.8,0.3013,0.0518,0.0259,0.0,0,-0.0,0.0
2370,2025-09-20,Dundee,Livingston,H,2.57,0.4863,0.1592,0.0796,0.0,1,0.0,0.0
2371,2025-09-20,Fulham,Brentford,A,3.8,0.3286,0.0889,0.0444,0.0,0,-0.0,0.0
2372,2025-09-20,Valencia,Ath Bilbao,A,2.55,0.4429,0.0834,0.0417,0.0,0,-0.0,0.0
2373,2025-09-20,Werder Bremen,Freiburg,H,2.38,0.4506,0.0526,0.0263,0.0,0,-0.0,0.0
2374,2025-09-20,Girona,Levante,A,4.0,0.3209,0.0945,0.0472,0.0,1,0.0,0.0
2375,2025-09-20,Hull,Southampton,H,3.0,0.3627,0.044,0.022,0.0,1,0.0,0.0
2376,2025-09-20,Braunschweig,Elversberg,A,2.2,0.4823,0.0509,0.0254,0.0,1,0.0,0.0
2377,2025-09-20,QPR,Stoke,H,2.65,0.4081,0.0493,0.0247,0.0,1,0.0,0.0
2378,2025-09-20,Leicester,Coventry,H,2.4,0.4823,0.1125,0.0562,0.0,0,-0.0,0.0
2379,2025-09-20,Birmingham,Swansea,A,4.5,0.3477,0.1614,0.0807,0.0,0,-0.0,0.0
2380,2025-09-20,Cultural Leonesa,Castellon,H,2.82,0.4551,0.1557,0.0779,0.0,0,-0.0,0.0
2381,2025-09-20,St Etienne,Reims,A,3.8,0.3265,0.086,0.043,0.0,0,-0.0,0.0
2382,2025-09-21,Albacete,Valladolid,H,2.85,0.4469,0.1479,0.074,0.0,1,0.0,0.0
2383,2025-09-21,Fortuna Dusseldorf,Darmstadt,H,2.5,0.505,0.1751,0.0875,0.0,0,-0.0,0.0
2384,2025-09-21,Cordoba,Santander,A,3.1,0.4039,0.1201,0.06,0.0,0,-0.0,0.0
2385,2025-09-21,Fiorentina,Como,H,2.6,0.547,0.2639,0.1319,0.0,0,-0.0,0.0
2386,2025-09-21,Torino,Atalanta,A,2.2,0.5279,0.1345,0.0672,0.0,1,0.0,0.0
2387,2025-09-21,Leverkusen,M'gladbach,H,1.57,0.7456,0.2993,0.1497,0.0,0,-0.0,0.0
2388,2025-09-21,Sunderland,Aston Villa,A,2.1,0.513,0.0703,0.0351,0.0,0,-0.0,0.0
2389,2025-09-21,Le Havre,Lorient,A,3.1,0.3738,0.0757,0.0378,0.0,0,-0.0,0.0
2390,2025-09-21,Cremonese,Parma,H,2.55,0.4247,0.0535,0.0268,0.0,0,-0.0,0.0
2391,2025-09-21,Holstein Kiel,Karlsruhe,A,3.6,0.34,0.0862,0.0431,0.0,0,-0.0,0.0
2392,2025-09-21,Paris FC,Strasbourg,A,2.9,0.4239,0.1206,0.0603,0.0,1,0.0,0.0
2393,2025-09-23,Levante,Real Madrid,D,5.75,0.2734,0.1204,0.0602,0.0,0,-0.0,0.0
2394,2025-09-23,Guingamp,Dunkerque,H,2.45,0.4452,0.0626,0.0313,0.0,1,0.0,0.0
2395,2025-09-23,Reims,Clermont,D,4.33,0.2725,0.054,0.027,0.0,0,-0.0,0.0
2396,2025-09-23,Dundee United,Aberdeen,H,2.75,0.4565,0.1459,0.073,0.0,1,0.0,0.0
2397,2025-09-23,Levante,Real Madrid,H,7.5,0.1963,0.0726,0.0363,0.0,0,-0.0,0.0
2398,2025-09-23,Amiens,St Etienne,H,5.0,0.3146,0.1432,0.0716,0.0,0,-0.0,0.0
2399,2025-09-23,Falkirk,Hibernian,A,2.3,0.4857,0.0901,0.045,0.0,0,-0.0,0.0
2400,2025-09-23,Amiens,St Etienne,D,3.9,0.2964,0.0537,0.0269,0.0,0,-0.0,0.0
2401,2025-09-23,Le Mans,Grenoble,A,3.6,0.347,0.0959,0.0479,0.0,0,-0.0,0.0
2402,2025-09-23,Annecy,Nancy,H,2.45,0.5796,0.2897,0.1449,0.0,0,-0.0,0.0
2403,2025-09-23,Sevilla,Villarreal,A,2.3,0.4857,0.09,0.045,0.0,1,0.0,0.0
2404,2025-09-25,Oviedo,Barcelona,H,10.0,0.1447,0.0496,0.0248,0.0,0,-0.0,0.0
2405,2025-09-25,Oviedo,Barcelona,D,5.75,0.215,0.0498,0.0249,0.0,0,-0.0,0.0
2406,2025-09-26,Grenoble,Bastia,H,2.9,0.4111,0.1012,0.0506,0.0,0,-0.0,0.0
2407,2025-09-26,Strasbourg,Marseille,H,3.6,0.3556,0.1078,0.0539,0.0,0,-0.0,0.0
2408,2025-09-26,Nancy,Reims,A,2.1,0.4897,0.0259,0.0129,0.0,1,0.0,0.0
2409,2025-09-26,West Brom,Leicester,A,3.5,0.3591,0.1027,0.0514,0.0,0,-0.0,0.0
2410,2025-09-26,Clermont,Le Mans,H,2.75,0.4888,0.1967,0.0984,0.0,0,-0.0,0.0
2411,2025-09-26,Bayern Munich,Werder Bremen,A,21.0,0.0988,0.0538,0.0269,0.0,0,-0.0,0.0
2412,2025-09-26,Catanzaro,Juve Stabia,H,2.82,0.4376,0.1285,0.0643,0.0,0,-0.0,0.0
2413,2025-09-26,Troyes,Annecy,A,6.25,0.2143,0.0646,0.0323,0.0,0,-0.0,0.0
2414,2025-09-26,Rodez,Pau FC,H,2.4,0.4391,0.0384,0.0192,0.0,0,-0.0,0.0
2415,2025-09-26,Mirandes,Zaragoza,H,2.65,0.5801,0.3256,0.1628,0.0,0,-0.0,0.0
2416,2025-09-27,Tottenham,Wolves,A,6.0,0.2247,0.0696,0.0348,0.0,0,-0.0,0.0
2417,2025-09-27,Man City,Burnley,A,15.0,0.1245,0.062,0.031,0.0,0,-0.0,0.0
2418,2025-09-27,Nott'm Forest,Sunderland,H,1.75,0.6123,0.0954,0.0477,0.0,0,-0.0,0.0
2419,2025-09-27,Cesena,Palermo,H,2.75,0.4307,0.1054,0.0527,0.0,0,-0.0,0.0
2420,2025-09-27,Dunkerque,Amiens,A,4.75,0.2735,0.0798,0.0399,0.0,0,-0.0,0.0
2421,2025-09-27,Toulouse,Nantes,A,5.5,0.2317,0.061,0.0305,0.0,0,-0.0,0.0
2422,2025-09-27,Brentford,Man United,H,3.4,0.4456,0.2146,0.1073,0.0,1,0.0,0.0
2423,2025-09-27,Avellino,Virtus Entella,H,2.57,0.5795,0.3117,0.1559,0.0,1,0.0,0.0
2424,2025-09-27,Ipswich,Portsmouth,A,6.25,0.2225,0.0744,0.0372,0.0,0,-0.0,0.0
2425,2025-09-27,St Pauli,Leverkusen,A,2.2,0.5714,0.2142,0.1071,0.0,1,0.0,0.0
2426,2025-09-27,Man City,Burnley,D,7.5,0.203,0.0804,0.0402,0.0,0,-0.0,0.0
2427,2025-09-27,Como,Cremonese,D,4.33,0.2828,0.0675,0.0337,0.0,1,0.0,0.0
2428,2025-09-27,Laval,Montpellier,H,2.88,0.413,0.1008,0.0504,0.0,0,-0.0,0.0
2429,2025-09-27,Coventry,Birmingham,H,1.96,0.5658,0.1135,0.0567,0.0,1,0.0,0.0
2430,2025-09-27,Southampton,Middlesbrough,A,2.85,0.4105,0.0918,0.0459,0.0,0,-0.0,0.0
2431,2025-09-27,Wrexham,Derby,H,2.05,0.518,0.0589,0.0294,0.0,0,-0.0,0.0
2432,2025-09-27,Juventus,Atalanta,A,4.2,0.2761,0.0498,0.0249,0.0,0,-0.0,0.0
2433,2025-09-27,Como,Cremonese,A,8.0,0.2074,0.0941,0.0471,0.0,0,-0.0,0.0
2434,2025-09-27,Eibar,La Coruna,H,2.55,0.4177,0.042,0.021,0.0,0,-0.0,0.0
2435,2025-09-27,Hearts,Falkirk,H,1.56,0.6563,0.0425,0.0212,0.0,1,0.0,0.0
2436,2025-09-27,Karlsruhe,Magdeburg,H,2.15,0.558,0.1736,0.0868,0.0,1,0.0,0.0
2437,2025-09-27,Wolfsburg,RB Leipzig,A,2.6,0.4332,0.0789,0.0395,0.0,1,0.0,0.0
2438,2025-09-28,Pisa,Fiorentina,A,2.25,0.5149,0.1269,0.0634,0.0,0,-0.0,0.0
2439,2025-09-28,Nice,Paris FC,H,1.85,0.5798,0.0855,0.0428,0.0,0,-0.0,0.0
2440,2025-09-28,Livingston,Rangers,A,1.66,0.6534,0.1282,0.0641,0.0,1,0.0,0.0
2441,2025-09-28,Roma,Verona,H,1.42,0.7344,0.102,0.051,0.0,1,0.0,0.0
2442,2025-09-28,Freiburg,Hoffenheim,H,2.25,0.5588,0.2059,0.1029,0.0,0,-0.0,0.0
2443,2025-09-28,Empoli,Carrarese,H,2.05,0.5429,0.1076,0.0538,0.0,0,-0.0,0.0
2444,2025-09-28,Lecce,Bologna,A,2.05,0.5232,0.0691,0.0346,0.0,0,-0.0,0.0
2445,2025-09-28,Metz,Le Havre,H,2.7,0.4323,0.0983,0.0491,0.0,0,-0.0,0.0
2446,2025-09-28,Milan,Napoli,A,3.2,0.3562,0.0635,0.0318,0.0,0,-0.0,0.0
2447,2025-09-28,Sociedad B,Cordoba,H,3.3,0.347,0.063,0.0315,0.0,0,-0.0,0.0
2448,2025-09-28,Cadiz,Ceuta,H,1.68,0.6036,0.0208,0.0104,0.0,0,-0.0,0.0
2449,2025-09-28,Aston Villa,Fulham,H,2.3,0.489,0.096,0.048,0.0,1,0.0,0.0
2450,2025-09-28,Valladolid,Cultural Leonesa,D,4.5,0.2553,0.0425,0.0213,0.0,0,-0.0,0.0
2451,2025-09-28,Barcelona,Sociedad,H,1.27,0.8119,0.1154,0.0577,0.0,1,0.0,0.0
2452,2025-09-29,Boulogne,Red Star,H,3.25,0.3526,0.0649,0.0325,0.0,0,-0.0,0.0
2453,2025-09-29,Genoa,Lazio,A,2.6,0.4448,0.0978,0.0489,0.0,1,0.0,0.0
2454,2025-09-29,Leganes,Castellon,H,2.1,0.5709,0.1807,0.0904,0.0,0,-0.0,0.0
2455,2025-09-29,Parma,Torino,A,3.4,0.3495,0.0784,0.0392,0.0,0,-0.0,0.0
2456,2025-09-30,Birmingham,Sheffield Weds,D,4.0,0.2977,0.0636,0.0318,0.0,1,0.0,0.0
2457,2025-09-30,Birmingham,Sheffield Weds,A,7.5,0.2908,0.1817,0.0908,0.0,0,-0.0,0.0
2458,2025-09-30,Sheffield United,Southampton,H,2.3,0.5257,0.1608,0.0804,0.0,0,-0.0,0.0
2459,2025-09-30,Bristol City,Ipswich,H,2.7,0.4295,0.0939,0.0469,0.0,0,-0.0,0.0
2460,2025-09-30,Reggiana,Spezia,H,4.2,0.3244,0.1132,0.0566,0.0,0,-0.0,0.0
2461,2025-09-30,Frosinone,Cesena,H,2.55,0.4498,0.0949,0.0475,0.0,1,0.0,0.0
2462,2025-09-30,Virtus Entella,Bari,A,3.4,0.3964,0.1449,0.0725,0.0,0,-0.0,0.0
2463,2025-10-01,Millwall,Coventry,H,3.0,0.3641,0.0461,0.0231,0.0,0,-0.0,0.0
2464,2025-10-01,QPR,Oxford,H,2.01,0.5138,0.0325,0.0162,0.0,0,-0.0,0.0
2465,2025-10-01,Sampdoria,Catanzaro,A,3.4,0.3269,0.0464,0.0232,0.0,0,-0.0,0.0
2466,2025-10-01,Empoli,Monza,H,2.82,0.4958,0.2187,0.1093,0.0,0,-0.0,0.0
2467,2025-10-03,Verona,Sassuolo,A,3.0,0.4059,0.1089,0.0544,0.0,1,0.0,0.0
2468,2025-10-03,Pau FC,Clermont,A,5.0,0.2528,0.066,0.033,0.0,0,-0.0,0.0
2469,2025-10-03,Fortuna Dusseldorf,Nurnberg,H,2.38,0.5733,0.2641,0.1321,0.0,0,-0.0,0.0
2470,2025-10-03,Wrexham,Birmingham,H,3.1,0.5047,0.2688,0.1344,0.0,0,-0.0,0.0
2471,2025-10-03,Guingamp,Nancy,H,2.45,0.6232,0.3634,0.1817,0.0,0,-0.0,0.0
2472,2025-10-03,Annecy,Laval,H,2.6,0.4222,0.0611,0.0305,0.0,0,-0.0,0.0
2473,2025-10-03,Amiens,Boulogne,H,2.7,0.502,0.209,0.1045,0.0,0,-0.0,0.0
2474,2025-10-03,Paris FC,Lorient,A,4.5,0.3324,0.1417,0.0709,0.0,0,-0.0,0.0
2475,2025-10-04,Avellino,Mantova,H,1.96,0.5331,0.0466,0.0233,0.0,0,-0.0,0.0
2476,2025-10-04,Spezia,Palermo,H,2.82,0.4247,0.1086,0.0543,0.0,0,-0.0,0.0
2477,2025-10-04,Werder Bremen,St Pauli,H,2.35,0.5512,0.2188,0.1094,0.0,1,0.0,0.0
2478,2025-10-04,Leeds,Tottenham,H,2.7,0.4406,0.1116,0.0558,0.0,0,-0.0,0.0
2479,2025-10-04,Leverkusen,Union Berlin,H,1.7,0.7257,0.3338,0.1669,0.0,1,0.0,0.0
2480,2025-10-04,Dundee United,Livingston,H,1.91,0.5927,0.1451,0.0726,0.0,0,-0.0,0.0
2481,2025-10-04,Ein Frankfurt,Bayern Munich,H,6.25,0.2167,0.0675,0.0337,0.0,0,-0.0,0.0
2482,2025-10-04,Ein Frankfurt,Bayern Munich,D,5.25,0.232,0.0514,0.0257,0.0,0,-0.0,0.0
2483,2025-10-04,La Coruna,Almeria,A,4.0,0.2889,0.0518,0.0259,0.0,0,-0.0,0.0
2484,2025-10-04,Man United,Sunderland,D,4.75,0.2532,0.0541,0.027,0.0,0,-0.0,0.0
2485,2025-10-04,Monza,Catanzaro,A,4.5,0.2855,0.0814,0.0407,0.0,0,-0.0,0.0
2486,2025-10-04,Red Star,Rodez,A,3.8,0.3096,0.063,0.0315,0.0,0,-0.0,0.0
2487,2025-10-04,Real Madrid,Villarreal,D,5.0,0.2505,0.0631,0.0316,0.0,0,-0.0,0.0
2488,2025-10-04,Atalanta,Como,H,2.2,0.6379,0.3362,0.1681,0.0,0,-0.0,0.0
2489,2025-10-04,Sheffield Weds,Coventry,H,5.5,0.2879,0.1297,0.0648,0.0,0,-0.0,0.0
2490,2025-10-04,Sheffield Weds,Coventry,D,4.5,0.2745,0.0672,0.0336,0.0,0,-0.0,0.0
2491,2025-10-04,Metz,Marseille,H,6.25,0.2072,0.0562,0.0281,0.0,0,-0.0,0.0
2492,2025-10-04,Dresden,Karlsruhe,A,3.0,0.4502,0.1753,0.0876,0.0,0,-0.0,0.0
2493,2025-10-04,Derby,Southampton,H,3.5,0.3569,0.0996,0.0498,0.0,0,-0.0,0.0
2494,2025-10-04,Metz,Marseille,D,5.0,0.2717,0.0896,0.0448,0.0,0,-0.0,0.0
2495,2025-10-04,Kaiserslautern,Bochum,H,2.05,0.506,0.0356,0.0178,0.0,1,0.0,0.0
2496,2025-10-04,Preston,Charlton,H,2.45,0.45,0.0707,0.0354,0.0,1,0.0,0.0
2497,2025-10-04,Millwall,West Brom,H,2.75,0.3932,0.0464,0.0232,0.0,1,0.0,0.0
2498,2025-10-04,Venezia,Frosinone,D,3.75,0.3132,0.0634,0.0317,0.0,0,-0.0,0.0
2499,2025-10-04,Venezia,Frosinone,A,4.75,0.2654,0.0695,0.0348,0.0,0,-0.0,0.0
2500,2025-10-04,Auxerre,Lens,D,3.8,0.3051,0.0569,0.0285,0.0,0,-0.0,0.0
2501,2025-10-05,Napoli,Genoa,H,1.48,0.7402,0.1988,0.0994,0.0,1,0.0,0.0
2502,2025-10-05,Falkirk,Rangers,A,1.71,0.6258,0.0987,0.0493,0.0,0,-0.0,0.0
2503,2025-10-05,Modena,Virtus Entella,H,1.76,0.6271,0.1365,0.0682,0.0,1,0.0,0.0
2504,2025-10-05,Sudtirol,Empoli,A,3.25,0.3556,0.0692,0.0346,0.0,1,0.0,0.0
2505,2025-10-05,Juventus,Milan,H,2.7,0.4589,0.1406,0.0703,0.0,0,-0.0,0.0
2506,2025-10-05,M'gladbach,Freiburg,A,3.0,0.3849,0.0774,0.0387,0.0,0,-0.0,0.0
2507,2025-10-05,Ipswich,Norwich,A,5.75,0.2365,0.0757,0.0379,0.0,0,-0.0,0.0
2508,2025-10-05,Valladolid,Mirandes,A,5.75,0.4193,0.2971,0.1485,0.0,0,-0.0,0.0
2509,2025-10-05,Strasbourg,Angers,H,1.67,0.6385,0.099,0.0495,0.0,1,0.0,0.0
2510,2025-10-05,Las Palmas,Cadiz,A,4.75,0.2917,0.1028,0.0514,0.0,0,-0.0,0.0
2511,2025-10-05,Lyon,Toulouse,H,1.9,0.6335,0.2263,0.1131,0.0,0,-0.0,0.0
2512,2025-10-05,Magdeburg,Elversberg,A,2.5,0.4498,0.083,0.0415,0.0,1,0.0,0.0
2513,2025-10-05,Castellon,Sp Gijon,A,4.0,0.322,0.096,0.048,0.0,0,-0.0,0.0
2514,2025-10-10,Granada,Las Palmas,H,3.0,0.4009,0.1014,0.0507,0.0,0,-0.0,0.0
2515,2025-10-11,Mirandes,Leganes,H,3.2,0.3824,0.1017,0.0508,0.0,0,-0.0,0.0
2516,2025-10-12,Sp Gijon,Santander,A,3.9,0.3766,0.1616,0.0808,0.0,0,-0.0,0.0
2517,2025-10-12,Burgos,Valladolid,H,2.65,0.4791,0.1633,0.0817,0.0,0,-0.0,0.0
2518,2025-10-12,Eibar,Castellon,H,2.2,0.4778,0.0426,0.0213,0.0,0,-0.0,0.0
2519,2025-10-17,Boulogne,Guingamp,A,2.63,0.4087,0.046,0.023,0.0,0,-0.0,0.0
2520,2025-10-17,Middlesbrough,Ipswich,H,2.7,0.4023,0.0508,0.0254,0.0,1,0.0,0.0
2521,2025-10-17,Grenoble,Pau FC,H,3.0,0.3795,0.0692,0.0346,0.0,0,-0.0,0.0
2522,2025-10-17,Andorra,Granada,A,3.3,0.3501,0.0675,0.0337,0.0,0,-0.0,0.0
2523,2025-10-17,Fortuna Dusseldorf,Braunschweig,H,1.85,0.609,0.149,0.0745,0.0,0,-0.0,0.0
2524,2025-10-18,Paderborn,Bielefeld,H,1.75,0.5924,0.0489,0.0245,0.0,1,0.0,0.0
2525,2025-10-18,Kilmarnock,Hearts,H,4.2,0.2998,0.0809,0.0405,0.0,0,-0.0,0.0
2526,2025-10-18,Sunderland,Wolves,A,3.1,0.4107,0.1301,0.0651,0.0,0,-0.0,0.0
2527,2025-10-18,St Mirren,Aberdeen,H,2.32,0.4913,0.106,0.053,0.0,0,-0.0,0.0
2528,2025-10-18,Hibernian,Livingston,H,1.49,0.7125,0.1258,0.0629,0.0,1,0.0,0.0
2529,2025-10-18,PreuÃen MÃ¼nster,Dresden,H,2.3,0.5145,0.141,0.0705,0.0,0,-0.0,0.0
2530,2025-10-18,Laval,Red Star,H,2.5,0.4376,0.0627,0.0314,0.0,0,-0.0,0.0
2531,2025-10-18,Burnley,Leeds,H,3.25,0.383,0.1088,0.0544,0.0,1,0.0,0.0
2532,2025-10-18,Zaragoza,Cultural Leonesa,A,5.5,0.234,0.0637,0.0319,0.0,1,0.0,0.0
2533,2025-10-18,Karlsruhe,Kaiserslautern,H,2.5,0.4641,0.1068,0.0534,0.0,0,-0.0,0.0
2534,2025-10-18,Heidenheim,Werder Bremen,A,2.35,0.4994,0.1286,0.0643,0.0,0,-0.0,0.0
2535,2025-10-18,Birmingham,Hull,A,4.5,0.2951,0.0937,0.0468,0.0,1,0.0,0.0
2536,2025-10-18,Birmingham,Hull,D,3.75,0.3178,0.0698,0.0349,0.0,0,-0.0,0.0
2537,2025-10-18,Reggiana,Bari,H,2.82,0.4272,0.1125,0.0562,0.0,1,0.0,0.0
2538,2025-10-18,Charlton,Sheffield Weds,A,5.25,0.2855,0.1174,0.0587,0.0,0,-0.0,0.0
2539,2025-10-18,Frosinone,Monza,H,2.57,0.4856,0.1579,0.079,0.0,0,-0.0,0.0
2540,2025-10-18,Mainz,Leverkusen,A,2.45,0.5453,0.2317,0.1158,0.0,1,0.0,0.0
2541,2025-10-18,Wolfsburg,Stuttgart,A,2.5,0.4448,0.0747,0.0373,0.0,1,0.0,0.0
2542,2025-10-18,Ceuta,Mirandes,A,4.1,0.322,0.1033,0.0516,0.0,0,-0.0,0.0
2543,2025-10-19,Lorient,Brest,A,3.0,0.3893,0.084,0.042,0.0,0,-0.0,0.0
2544,2025-10-19,Liverpool,Man United,H,1.6,0.7229,0.2611,0.1306,0.0,0,-0.0,0.0
2545,2025-10-19,Milan,Fiorentina,D,4.33,0.2778,0.0609,0.0305,0.0,0,-0.0,0.0
2546,2025-10-19,Elversberg,Greuther Furth,H,1.57,0.6536,0.0459,0.0229,0.0,1,0.0,0.0
2547,2025-10-19,Tottenham,Aston Villa,A,3.5,0.4049,0.1669,0.0834,0.0,1,0.0,0.0
2548,2025-10-19,Catanzaro,Padova,H,2.15,0.5186,0.1001,0.05,0.0,0,-0.0,0.0
2549,2025-10-19,Milan,Fiorentina,A,6.5,0.206,0.0616,0.0308,0.0,0,-0.0,0.0
2550,2025-10-19,Castellon,Albacete,D,4.0,0.2955,0.0606,0.0303,0.0,0,-0.0,0.0
2551,2025-10-19,Levante,Vallecano,H,2.88,0.3821,0.0535,0.0267,0.0,0,-0.0,0.0
2552,2025-10-19,Valladolid,Sp Gijon,A,4.2,0.3071,0.0906,0.0453,0.0,1,0.0,0.0
2553,2025-10-19,Santander,La Coruna,H,2.55,0.4685,0.1257,0.0628,0.0,1,0.0,0.0
2554,2025-10-19,Como,Juventus,A,2.5,0.5051,0.1752,0.0876,0.0,0,-0.0,0.0
2555,2025-10-19,Empoli,Venezia,H,2.75,0.4152,0.081,0.0405,0.0,0,-0.0,0.0
2556,2025-10-19,Castellon,Albacete,A,4.33,0.3264,0.1241,0.0621,0.0,1,0.0,0.0
2557,2025-10-20,Cadiz,Burgos,H,2.1,0.523,0.0894,0.0447,0.0,0,-0.0,0.0
2558,2025-10-20,Nancy,Amiens,A,4.75,0.331,0.1526,0.0763,0.0,1,0.0,0.0
2559,2025-10-20,Cremonese,Udinese,H,3.0,0.3652,0.0477,0.0239,0.0,0,-0.0,0.0
2560,2025-10-20,West Ham,Brentford,A,2.88,0.4337,0.1325,0.0663,0.0,1,0.0,0.0
2561,2025-10-21,Millwall,Stoke,H,2.3,0.4774,0.0755,0.0377,0.0,1,0.0,0.0
2562,2025-10-21,Portsmouth,Coventry,H,4.0,0.2914,0.0552,0.0276,0.0,0,-0.0,0.0
2563,2025-10-21,Preston,Birmingham,H,2.82,0.4775,0.1904,0.0952,0.0,0,-0.0,0.0
2564,2025-10-21,Bristol City,Southampton,H,2.4,0.5093,0.1588,0.0794,0.0,1,0.0,0.0
2565,2025-10-22,Sheffield Weds,Middlesbrough,H,4.75,0.2995,0.1127,0.0564,0.0,0,-0.0,0.0
2566,2025-10-22,Wrexham,Oxford,A,3.75,0.2972,0.0416,0.0208,0.0,0,-0.0,0.0
2567,2025-10-24,Paris FC,Nantes,A,5.0,0.2927,0.1158,0.0579,0.0,1,0.0,0.0
2568,2025-10-24,Modena,Empoli,A,5.0,0.3391,0.1739,0.087,0.0,0,-0.0,0.0
2569,2025-10-24,Milan,Pisa,D,5.5,0.2238,0.0514,0.0257,0.0,1,0.0,0.0
2570,2025-10-24,Red Star,Grenoble,A,4.75,0.2754,0.0822,0.0411,0.0,0,-0.0,0.0
2571,2025-10-24,Leeds,West Ham,A,4.75,0.2503,0.0504,0.0252,0.0,0,-0.0,0.0
2572,2025-10-24,Reims,Troyes,H,2.1,0.5073,0.0593,0.0297,0.0,0,-0.0,0.0
2573,2025-10-24,Werder Bremen,Union Berlin,H,2.25,0.484,0.0711,0.0356,0.0,1,0.0,0.0
2574,2025-10-25,Hull,Charlton,H,2.4,0.4486,0.0547,0.0273,0.0,0,-0.0,0.0
2575,2025-10-25,Cultural Leonesa,Ceuta,A,3.2,0.3563,0.0638,0.0319,0.0,1,0.0,0.0
2576,2025-10-25,Eibar,Leganes,A,3.3,0.329,0.0373,0.0186,0.0,0,-0.0,0.0
2577,2025-10-25,Albacete,Cordoba,H,2.2,0.4845,0.0549,0.0275,0.0,0,-0.0,0.0
2578,2025-10-25,Amiens,Rodez,H,3.0,0.3888,0.0832,0.0416,0.0,1,0.0,0.0
2579,2025-10-25,Sampdoria,Frosinone,A,3.3,0.3541,0.0732,0.0366,0.0,0,-0.0,0.0
2580,2025-10-25,Sheffield Weds,Oxford,H,2.7,0.4119,0.066,0.033,0.0,0,-0.0,0.0
2581,2025-10-25,Mirandes,Santander,H,3.2,0.4135,0.1469,0.0735,0.0,0,-0.0,0.0
2582,2025-10-25,Bielefeld,Elversberg,A,2.25,0.504,0.1072,0.0536,0.0,0,-0.0,0.0
2583,2025-10-25,Monza,Reggiana,A,7.0,0.2417,0.1153,0.0577,0.0,0,-0.0,0.0
2584,2025-10-25,Blackburn,Southampton,H,2.95,0.3824,0.0657,0.0329,0.0,1,0.0,0.0
2585,2025-10-25,Hertha,Fortuna Dusseldorf,A,3.75,0.3203,0.0731,0.0365,0.0,0,-0.0,0.0
2586,2025-10-25,Man United,Brighton,A,3.5,0.3505,0.0907,0.0453,0.0,0,-0.0,0.0
2587,2025-10-25,Ath Bilbao,Getafe,H,1.67,0.6402,0.1031,0.0515,0.0,0,-0.0,0.0
2588,2025-10-25,Girona,Oviedo,A,4.75,0.2563,0.0579,0.029,0.0,0,-0.0,0.0
2589,2025-10-25,Parma,Como,H,3.9,0.3037,0.0637,0.0318,0.0,0,-0.0,0.0
2590,2025-10-25,Brest,Paris SG,H,7.5,0.1752,0.0483,0.0241,0.0,0,-0.0,0.0
2591,2025-10-25,Ein Frankfurt,St Pauli,H,1.67,0.6675,0.1712,0.0856,0.0,1,0.0,0.0
2592,2025-10-25,Catanzaro,Palermo,H,3.4,0.3562,0.088,0.044,0.0,1,0.0,0.0
2593,2025-10-25,Falkirk,Dundee,A,4.75,0.3022,0.1161,0.0581,0.0,0,-0.0,0.0
2594,2025-10-25,Virtus Entella,Pescara,A,4.33,0.2837,0.0686,0.0343,0.0,0,-0.0,0.0
2595,2025-10-25,Bristol City,Birmingham,H,2.15,0.5534,0.165,0.0825,0.0,1,0.0,0.0
2596,2025-10-25,Portsmouth,Stoke,H,2.75,0.3997,0.0567,0.0284,0.0,0,-0.0,0.0
2597,2025-10-25,Ipswich,West Brom,A,4.5,0.3012,0.1015,0.0508,0.0,0,-0.0,0.0
2598,2025-10-25,Montpellier,Nancy,H,1.95,0.5522,0.0807,0.0404,0.0,1,0.0,0.0
2599,2025-10-26,Kaiserslautern,Nurnberg,H,2.0,0.5406,0.0813,0.0406,0.0,0,-0.0,0.0
2600,2025-10-26,Torino,Genoa,H,2.25,0.4732,0.0518,0.0259,0.0,1,0.0,0.0
2601,2025-10-26,Leverkusen,Freiburg,H,1.83,0.6599,0.2502,0.1251,0.0,1,0.0,0.0
2602,2025-10-26,Everton,Tottenham,H,2.35,0.485,0.1036,0.0518,0.0,0,-0.0,0.0
2603,2025-10-26,Braunschweig,Hannover,H,3.8,0.3106,0.0643,0.0322,0.0,0,-0.0,0.0
2604,2025-10-26,Rennes,Nice,A,3.2,0.4089,0.1402,0.0701,0.0,1,0.0,0.0
2605,2025-10-26,Wolves,Burnley,A,4.2,0.375,0.1797,0.0898,0.0,1,0.0,0.0
2606,2025-10-26,Aberdeen,Hibernian,A,2.55,0.4304,0.0629,0.0315,0.0,1,0.0,0.0
2607,2025-10-26,Almeria,Castellon,H,1.86,0.566,0.0613,0.0307,0.0,1,0.0,0.0
2608,2025-10-26,Magdeburg,PreuÃen MÃ¼nster,A,3.6,0.3176,0.0551,0.0276,0.0,0,-0.0,0.0
2609,2025-10-26,Hearts,Celtic,A,2.05,0.522,0.0668,0.0334,0.0,0,-0.0,0.0
2610,2025-10-26,Aston Villa,Man City,H,4.33,0.2807,0.0647,0.0324,0.0,1,0.0,0.0
2611,2025-10-26,Auxerre,Le Havre,H,2.1,0.5088,0.0622,0.0311,0.0,0,-0.0,0.0
2612,2025-10-28,Troyes,Amiens,D,4.75,0.2525,0.0531,0.0266,0.0,0,-0.0,0.0
2613,2025-10-28,Laval,Le Mans,H,2.63,0.4187,0.0621,0.0311,0.0,0,-0.0,0.0
2614,2025-10-28,Nancy,Bastia,A,3.1,0.3779,0.0817,0.0408,0.0,0,-0.0,0.0
2615,2025-10-28,Frosinone,Virtus Entella,H,2.2,0.6331,0.3273,0.1637,0.0,1,0.0,0.0
2616,2025-10-28,Atalanta,Milan,H,2.63,0.4559,0.1221,0.0611,0.0,0,-0.0,0.0
2617,2025-10-28,Clermont,Montpellier,H,3.1,0.3635,0.0604,0.0302,0.0,0,-0.0,0.0
2618,2025-10-28,Dunkerque,Red Star,H,2.55,0.4473,0.0908,0.0454,0.0,1,0.0,0.0
2619,2025-10-28,Reggiana,Modena,H,4.2,0.3523,0.1499,0.0749,0.0,1,0.0,0.0
2620,2025-10-28,Empoli,Sampdoria,H,2.3,0.5453,0.1955,0.0978,0.0,0,-0.0,0.0
2621,2025-10-29,Strasbourg,Auxerre,H,1.75,0.6018,0.0709,0.0355,0.0,1,0.0,0.0
2622,2025-10-29,Kilmarnock,Aberdeen,H,2.65,0.4465,0.111,0.0555,0.0,0,-0.0,0.0
2623,2025-10-29,Paris FC,Lyon,A,2.5,0.4931,0.1551,0.0776,0.0,0,-0.0,0.0
2624,2025-10-29,Roma,Parma,H,1.53,0.7164,0.1814,0.0907,0.0,1,0.0,0.0
2625,2025-10-29,Metz,Lens,D,4.5,0.29,0.0871,0.0435,0.0,0,-0.0,0.0
2626,2025-10-29,Le Havre,Brest,A,2.9,0.4535,0.1658,0.0829,0.0,0,-0.0,0.0
2627,2025-10-29,Lorient,Paris SG,D,6.5,0.2296,0.0896,0.0448,0.0,1,0.0,0.0
2628,2025-10-29,Lorient,Paris SG,H,9.5,0.1562,0.0569,0.0285,0.0,0,-0.0,0.0
2629,2025-10-29,Nice,Lille,H,3.0,0.389,0.0835,0.0418,0.0,1,0.0,0.0
2630,2025-10-29,Metz,Lens,H,6.25,0.223,0.075,0.0375,0.0,1,0.0,0.0
2631,2025-10-30,Pisa,Lazio,A,2.1,0.5075,0.0597,0.0298,0.0,0,-0.0,0.0
2632,2025-10-31,Bastia,Clermont,A,4.75,0.2844,0.0935,0.0468,0.0,0,-0.0,0.0
2633,2025-10-31,Annecy,Boulogne,H,2.15,0.5663,0.1892,0.0946,0.0,0,-0.0,0.0
2634,2025-10-31,Le Mans,Nancy,H,2.0,0.5259,0.0518,0.0259,0.0,1,0.0,0.0
2635,2025-10-31,Elversberg,Hannover,H,2.25,0.5108,0.1195,0.0597,0.0,0,-0.0,0.0
2636,2025-11-01,Monaco,Paris FC,H,1.67,0.6411,0.1053,0.0527,0.0,0,-0.0,0.0
2637,2025-11-01,Napoli,Como,H,1.95,0.6254,0.2311,0.1156,0.0,0,-0.0,0.0
2638,2025-11-01,Cultural Leonesa,Mirandes,A,3.9,0.3976,0.1899,0.095,0.0,0,-0.0,0.0
2639,2025-11-01,Sociedad,Ath Bilbao,A,2.8,0.4223,0.1014,0.0507,0.0,0,-0.0,0.0
2640,2025-11-01,Cremonese,Juventus,H,6.5,0.206,0.0617,0.0308,0.0,0,-0.0,0.0
2641,2025-11-01,Birmingham,Portsmouth,A,4.5,0.2947,0.0932,0.0466,0.0,0,-0.0,0.0
2642,2025-11-01,Bayern Munich,Leverkusen,A,9.5,0.19,0.0948,0.0474,0.0,0,-0.0,0.0
2643,2025-11-01,Virtus Entella,Empoli,A,3.2,0.444,0.1912,0.0956,0.0,0,-0.0,0.0
2644,2025-11-01,Falkirk,Kilmarnock,A,3.25,0.3373,0.0427,0.0214,0.0,0,-0.0,0.0
2645,2025-11-01,Livingston,Hibernian,A,1.86,0.5744,0.0795,0.0398,0.0,0,-0.0,0.0
2646,2025-11-01,Bayern Munich,Leverkusen,D,7.0,0.2275,0.0988,0.0494,0.0,0,-0.0,0.0
2647,2025-11-01,Burnley,Arsenal,D,6.0,0.2944,0.1533,0.0767,0.0,0,-0.0,0.0
2648,2025-11-01,Reims,Dunkerque,H,2.1,0.5442,0.1298,0.0649,0.0,0,-0.0,0.0
2649,2025-11-01,Avellino,Reggiana,A,4.2,0.2824,0.0582,0.0291,0.0,0,-0.0,0.0
2650,2025-11-01,Hertha,Dresden,H,1.95,0.593,0.1645,0.0823,0.0,1,0.0,0.0
2651,2025-11-01,Karlsruhe,Schalke 04,H,2.8,0.4579,0.1568,0.0784,0.0,1,0.0,0.0
2652,2025-11-01,Southampton,Preston,A,4.33,0.3054,0.0968,0.0484,0.0,1,0.0,0.0
2653,2025-11-01,Norwich,Hull,D,3.8,0.3002,0.0503,0.0251,0.0,0,-0.0,0.0
2654,2025-11-01,QPR,Ipswich,H,3.5,0.3771,0.1279,0.064,0.0,0,-0.0,0.0
2655,2025-11-01,Mainz,Werder Bremen,A,3.5,0.3333,0.0667,0.0333,0.0,0,-0.0,0.0
2656,2025-11-01,Heidenheim,Ein Frankfurt,A,1.9,0.599,0.1534,0.0767,0.0,0,-0.0,0.0
2657,2025-11-01,Amiens,Grenoble,H,2.8,0.4245,0.1047,0.0524,0.0,0,-0.0,0.0
2658,2025-11-01,Tottenham,Chelsea,A,2.5,0.4562,0.0936,0.0468,0.0,1,0.0,0.0
2659,2025-11-01,Burnley,Arsenal,H,10.0,0.1995,0.1106,0.0553,0.0,0,-0.0,0.0
2660,2025-11-02,Castellon,Malaga,D,3.9,0.3056,0.0662,0.0331,0.0,0,-0.0,0.0
2661,2025-11-02,Cordoba,Ceuta,A,4.2,0.3244,0.1133,0.0566,0.0,0,-0.0,0.0
2662,2025-11-02,Bochum,Magdeburg,H,2.3,0.4869,0.0922,0.0461,0.0,1,0.0,0.0
2663,2025-11-02,West Ham,Newcastle,H,5.25,0.2335,0.0532,0.0266,0.0,1,0.0,0.0
2664,2025-11-02,Castellon,Malaga,A,4.5,0.3102,0.1131,0.0565,0.0,0,-0.0,0.0
2665,2025-11-02,Wolfsburg,Hoffenheim,H,2.75,0.4092,0.0715,0.0358,0.0,0,-0.0,0.0
2666,2025-11-02,Andorra,Cadiz,A,3.25,0.349,0.0596,0.0298,0.0,0,-0.0,0.0
2667,2025-11-02,Milan,Roma,A,3.7,0.3059,0.0488,0.0244,0.0,0,-0.0,0.0
2668,2025-11-02,Rennes,Strasbourg,A,3.0,0.3849,0.0773,0.0386,0.0,0,-0.0,0.0
2669,2025-11-02,Catanzaro,Venezia,H,3.3,0.3426,0.0568,0.0284,0.0,1,0.0,0.0
2670,2025-11-03,Valladolid,Granada,A,4.2,0.3681,0.1706,0.0853,0.0,0,-0.0,0.0
2671,2025-11-03,Sunderland,Everton,A,2.7,0.4535,0.132,0.066,0.0,0,-0.0,0.0
2672,2025-11-03,Sassuolo,Genoa,H,2.45,0.5017,0.158,0.079,0.0,0,-0.0,0.0
2673,2025-11-04,Oxford,Stoke,H,3.3,0.3582,0.0792,0.0396,0.0,0,-0.0,0.0
2674,2025-11-04,Birmingham,Millwall,A,4.2,0.3584,0.1579,0.0789,0.0,0,-0.0,0.0
2675,2025-11-04,Bristol City,Blackburn,H,2.1,0.5162,0.0764,0.0382,0.0,0,-0.0,0.0
2676,2025-11-05,Sociedad B,Huesca,A,2.45,0.4515,0.0732,0.0366,0.0,0,-0.0,0.0
2677,2025-11-05,Sheffield Weds,Norwich,H,3.3,0.3897,0.1244,0.0622,0.0,0,-0.0,0.0
2678,2025-11-05,QPR,Southampton,H,2.75,0.4615,0.1538,0.0769,0.0,0,-0.0,0.0
2679,2025-11-07,Nancy,Laval,A,3.5,0.3645,0.1103,0.0552,0.0,1,0.0,0.0
2680,2025-11-07,Werder Bremen,Wolfsburg,H,2.15,0.5156,0.0944,0.0472,0.0,1,0.0,0.0
2681,2025-11-07,Paris FC,Rennes,A,3.2,0.3657,0.0774,0.0387,0.0,1,0.0,0.0
2682,2025-11-07,Watford,Bristol City,A,3.6,0.3467,0.0954,0.0477,0.0,0,-0.0,0.0
2683,2025-11-07,Dresden,Nurnberg,A,2.6,0.417,0.0526,0.0263,0.0,1,0.0,0.0
2684,2025-11-07,Mirandes,Sp Gijon,H,2.82,0.4225,0.1051,0.0526,0.0,1,0.0,0.0
2685,2025-11-07,Clermont,Amiens,A,4.5,0.2576,0.0455,0.0227,0.0,0,-0.0,0.0
2686,2025-11-08,Leverkusen,Heidenheim,H,1.4,0.8048,0.3166,0.1583,0.0,1,0.0,0.0
2687,2025-11-08,West Ham,Burnley,A,4.0,0.3547,0.1396,0.0698,0.0,0,-0.0,0.0
2688,2025-11-08,Sunderland,Arsenal,D,5.0,0.2526,0.0658,0.0329,0.0,1,0.0,0.0
2689,2025-11-08,Lecce,Verona,H,2.75,0.4405,0.1207,0.0604,0.0,0,-0.0,0.0
2690,2025-11-08,Southampton,Sheffield Weds,A,6.5,0.2416,0.1037,0.0519,0.0,0,-0.0,0.0
2691,2025-11-08,Southampton,Sheffield Weds,D,4.75,0.2738,0.0801,0.0401,0.0,0,-0.0,0.0
2692,2025-11-08,Swansea,Ipswich,H,3.5,0.3694,0.1172,0.0586,0.0,0,-0.0,0.0
2693,2025-11-08,Hoffenheim,RB Leipzig,A,2.4,0.4891,0.1242,0.0621,0.0,0,-0.0,0.0
2694,2025-11-08,Middlesbrough,Birmingham,H,2.55,0.5001,0.1775,0.0888,0.0,1,0.0,0.0
2695,2025-11-08,Frosinone,Modena,H,2.75,0.4745,0.1742,0.0871,0.0,0,-0.0,0.0
2696,2025-11-08,Reggiana,Virtus Entella,H,2.55,0.5573,0.2717,0.1358,0.0,0,-0.0,0.0
2697,2025-11-08,Espanol,Villarreal,A,2.38,0.485,0.1117,0.0559,0.0,1,0.0,0.0
2698,2025-11-08,La Coruna,Cultural Leonesa,D,4.2,0.2796,0.0544,0.0272,0.0,0,-0.0,0.0
2699,2025-11-08,Guingamp,Pau FC,H,2.1,0.5109,0.0662,0.0331,0.0,0,-0.0,0.0
2700,2025-11-08,Le Havre,Nantes,A,4.5,0.2842,0.0797,0.0398,0.0,0,-0.0,0.0
2701,2025-11-08,Bielefeld,Karlsruhe,A,3.0,0.3826,0.0739,0.0369,0.0,0,-0.0,0.0
2702,2025-11-08,Schalke 04,Elversberg,A,3.2,0.3786,0.0961,0.0481,0.0,0,-0.0,0.0
2703,2025-11-08,Sevilla,Osasuna,A,3.5,0.3259,0.0563,0.0281,0.0,0,-0.0,0.0
2704,2025-11-09,Freiburg,St Pauli,H,1.83,0.6168,0.1552,0.0776,0.0,1,0.0,0.0
2705,2025-11-09,Aston Villa,Bournemouth,H,2.2,0.4839,0.0539,0.0269,0.0,1,0.0,0.0
2706,2025-11-09,Ein Frankfurt,Mainz,H,1.83,0.5766,0.0666,0.0333,0.0,1,0.0,0.0
2707,2025-11-09,Pescara,Monza,D,3.6,0.3235,0.0633,0.0317,0.0,0,-0.0,0.0
2708,2025-11-09,Roma,Udinese,H,1.55,0.6871,0.1183,0.0591,0.0,1,0.0,0.0
2709,2025-11-09,Granada,Zaragoza,H,1.86,0.5901,0.1135,0.0567,0.0,1,0.0,0.0
2710,2025-11-09,Cadiz,Valladolid,H,2.7,0.5412,0.2714,0.1357,0.0,0,-0.0,0.0
2711,2025-11-09,Pescara,Monza,H,5.0,0.246,0.0575,0.0288,0.0,0,-0.0,0.0
2712,2025-11-10,Burgos,Castellon,H,2.4,0.4991,0.1413,0.0707,0.0,0,-0.0,0.0
2713,2025-11-14,Valladolid,Las Palmas,A,3.2,0.3781,0.0955,0.0477,0.0,1,0.0,0.0
2714,2025-11-15,Castellon,Sociedad B,D,4.33,0.2901,0.0769,0.0384,0.0,0,-0.0,0.0
2715,2025-11-15,Castellon,Sociedad B,A,7.0,0.2384,0.1115,0.0557,0.0,0,-0.0,0.0
2716,2025-11-16,Sp Gijon,Eibar,A,3.5,0.3159,0.0423,0.0211,0.0,0,-0.0,0.0
2717,2025-11-16,Zaragoza,Huesca,A,3.4,0.3944,0.1421,0.071,0.0,0,-0.0,0.0
2718,2025-11-16,Almeria,Cadiz,A,5.25,0.2331,0.0527,0.0264,0.0,0,-0.0,0.0
2719,2025-11-16,Mirandes,Burgos,H,3.3,0.4312,0.1839,0.092,0.0,0,-0.0,0.0
2720,2025-11-21,Catanzaro,Pescara,H,1.66,0.6302,0.07,0.035,0.0,0,-0.0,0.0
2721,2025-11-21,Bochum,Dresden,H,1.95,0.6091,0.1975,0.0988,0.0,0,-0.0,0.0
2722,2025-11-21,Nice,Marseille,H,3.8,0.3676,0.1418,0.0709,0.0,0,-0.0,0.0
2723,2025-11-21,Hertha,Braunschweig,H,1.62,0.6292,0.0311,0.0155,0.0,1,0.0,0.0
2724,2025-11-21,Preston,Blackburn,H,2.45,0.4712,0.1065,0.0533,0.0,0,-0.0,0.0
2725,2025-11-21,Pau FC,Le Mans,H,2.5,0.457,0.0951,0.0475,0.0,0,-0.0,0.0
2726,2025-11-21,Laval,Troyes,H,3.3,0.3311,0.0403,0.0201,0.0,0,-0.0,0.0
2727,2025-11-22,Ipswich,Wrexham,A,6.0,0.2387,0.0865,0.0432,0.0,0,-0.0,0.0
2728,2025-11-22,Birmingham,Norwich,A,5.0,0.2621,0.0776,0.0388,0.0,0,-0.0,0.0
2729,2025-11-22,Burnley,Chelsea,D,4.5,0.2955,0.0943,0.0471,0.0,0,-0.0,0.0
2730,2025-11-22,Burnley,Chelsea,H,6.25,0.23,0.0833,0.0417,0.0,0,-0.0,0.0
2731,2025-11-22,Charlton,Southampton,H,2.65,0.4147,0.06,0.03,0.0,0,-0.0,0.0
2732,2025-11-22,Bristol City,Swansea,H,2.1,0.4993,0.0441,0.022,0.0,1,0.0,0.0
2733,2025-11-22,QPR,Hull,A,3.6,0.3201,0.0586,0.0293,0.0,0,-0.0,0.0
2734,2025-11-22,Paderborn,Hannover,H,2.15,0.5033,0.0714,0.0357,0.0,0,-0.0,0.0
2735,2025-11-22,Rangers,Livingston,H,1.24,0.8425,0.1864,0.0932,0.0,1,0.0,0.0
2736,2025-11-22,Kilmarnock,Motherwell,H,2.95,0.3782,0.0593,0.0297,0.0,0,-0.0,0.0
2737,2025-11-22,Padova,Venezia,D,3.5,0.3255,0.0557,0.0279,0.0,0,-0.0,0.0
2738,2025-11-22,Padova,Venezia,H,4.2,0.2908,0.0692,0.0346,0.0,0,-0.0,0.0
2739,2025-11-22,Villarreal,Mallorca,H,1.44,0.7155,0.069,0.0345,0.0,1,0.0,0.0
2740,2025-11-22,Derby,Watford,H,2.45,0.4413,0.056,0.028,0.0,0,-0.0,0.0
2741,2025-11-22,Avellino,Empoli,A,3.6,0.3506,0.1009,0.0504,0.0,1,0.0,0.0
2742,2025-11-22,Virtus Entella,Palermo,A,2.5,0.4231,0.0386,0.0193,0.0,0,-0.0,0.0
2743,2025-11-22,Wolfsburg,Leverkusen,A,2.0,0.5991,0.1983,0.0991,0.0,1,0.0,0.0
2744,2025-11-22,Andorra,Castellon,H,2.65,0.4204,0.0692,0.0346,0.0,0,-0.0,0.0
2745,2025-11-22,Leganes,Almeria,H,2.85,0.4061,0.085,0.0425,0.0,0,-0.0,0.0
2746,2025-11-22,Fulham,Sunderland,H,2.1,0.5508,0.1424,0.0712,0.0,1,0.0,0.0
2747,2025-11-22,Fortuna Dusseldorf,Magdeburg,H,2.25,0.4961,0.0929,0.0465,0.0,1,0.0,0.0
2748,2025-11-22,St Etienne,Nancy,H,1.6,0.6947,0.1857,0.0929,0.0,1,0.0,0.0
2749,2025-11-22,Red Star,Clermont,A,4.75,0.2582,0.0604,0.0302,0.0,0,-0.0,0.0
2750,2025-11-22,Amiens,Guingamp,H,3.8,0.3194,0.0764,0.0382,0.0,0,-0.0,0.0
2751,2025-11-22,Fiorentina,Juventus,H,3.9,0.2947,0.0515,0.0257,0.0,0,-0.0,0.0
2752,2025-11-22,Napoli,Atalanta,H,2.25,0.4873,0.0772,0.0386,0.0,1,0.0,0.0
2753,2025-11-22,Osasuna,Sociedad,H,2.8,0.4131,0.087,0.0435,0.0,0,-0.0,0.0
2754,2025-11-23,Huesca,Sp Gijon,H,2.95,0.4175,0.1188,0.0594,0.0,1,0.0,0.0
2755,2025-11-23,Malaga,Mirandes,A,4.5,0.324,0.1308,0.0654,0.0,0,-0.0,0.0
2756,2025-11-23,RB Leipzig,Werder Bremen,D,5.0,0.2509,0.0636,0.0318,0.0,0,-0.0,0.0
2757,2025-11-23,Lazio,Lecce,H,1.62,0.6451,0.0727,0.0363,0.0,1,0.0,0.0
2758,2025-11-23,Elche,Real Madrid,D,5.25,0.261,0.0871,0.0435,0.0,1,0.0,0.0
2759,2025-11-23,Karlsruhe,Elversberg,H,3.1,0.3837,0.0902,0.0451,0.0,0,-0.0,0.0
2760,2025-11-23,Sheffield Weds,Sheffield United,H,3.8,0.3122,0.0666,0.0333,0.0,0,-0.0,0.0
2761,2025-11-23,Nantes,Lorient,H,2.63,0.423,0.0689,0.0345,0.0,0,-0.0,0.0
2762,2025-11-23,Arsenal,Tottenham,H,1.42,0.7413,0.1253,0.0626,0.0,1,0.0,0.0
2763,2025-11-23,Inter,Milan,H,1.9,0.5562,0.0631,0.0316,0.0,0,-0.0,0.0
2764,2025-11-24,Sassuolo,Pisa,H,2.1,0.5072,0.0593,0.0296,0.0,0,-0.0,0.0
2765,2025-11-24,Torino,Como,H,3.5,0.3912,0.1476,0.0738,0.0,0,-0.0,0.0
2766,2025-11-24,Man United,Everton,D,4.0,0.2893,0.0524,0.0262,0.0,0,-0.0,0.0
2767,2025-11-24,Reims,Montpellier,H,1.95,0.5314,0.0381,0.019,0.0,1,0.0,0.0
2768,2025-11-24,Sociedad B,Valladolid,H,3.9,0.3529,0.1298,0.0649,0.0,1,0.0,0.0
2769,2025-11-25,Southampton,Leicester,A,3.7,0.3593,0.122,0.061,0.0,0,-0.0,0.0
2770,2025-11-25,Norwich,Oxford,A,4.1,0.3053,0.0812,0.0406,0.0,0,-0.0,0.0
2771,2025-11-25,Hull,Ipswich,H,4.5,0.3467,0.16,0.08,0.0,0,-0.0,0.0
2772,2025-11-25,Watford,Preston,A,4.2,0.2815,0.057,0.0285,0.0,0,-0.0,0.0
2773,2025-11-25,Norwich,Oxford,D,3.6,0.309,0.0432,0.0216,0.0,1,0.0,0.0
2774,2025-11-26,West Brom,Birmingham,H,2.65,0.4399,0.1004,0.0502,0.0,0,-0.0,0.0
2775,2025-11-28,Cesena,Modena,H,3.3,0.4412,0.1983,0.0991,0.0,1,0.0,0.0
2776,2025-11-28,Hannover,Karlsruhe,D,4.75,0.2634,0.067,0.0335,0.0,0,-0.0,0.0
2777,2025-11-28,Hannover,Karlsruhe,A,5.75,0.2591,0.1031,0.0516,0.0,0,-0.0,0.0
2778,2025-11-28,Oxford,Ipswich,H,5.5,0.2809,0.1211,0.0606,0.0,1,0.0,0.0
2779,2025-11-28,Oxford,Ipswich,D,3.8,0.3006,0.0508,0.0254,0.0,0,-0.0,0.0
2780,2025-11-29,Leverkusen,Dortmund,H,2.55,0.5177,0.2066,0.1033,0.0,0,-0.0,0.0
2781,2025-11-29,Werder Bremen,FC Koln,H,2.25,0.5226,0.1406,0.0703,0.0,0,-0.0,0.0
2782,2025-11-29,Sunderland,Bournemouth,A,2.3,0.4937,0.1043,0.0522,0.0,0,-0.0,0.0
2783,2025-11-29,Motherwell,Hearts,H,3.6,0.3306,0.0731,0.0365,0.0,0,-0.0,0.0
2784,2025-11-29,Dundee,St Mirren,H,3.5,0.3267,0.0574,0.0287,0.0,1,0.0,0.0
2785,2025-11-29,Venezia,Mantova,D,4.5,0.2585,0.0466,0.0233,0.0,0,-0.0,0.0
2786,2025-11-29,Brentford,Burnley,A,7.0,0.2155,0.0848,0.0424,0.0,0,-0.0,0.0
2787,2025-11-29,Empoli,Bari,H,2.1,0.5406,0.123,0.0615,0.0,1,0.0,0.0
2788,2025-11-29,Catanzaro,Virtus Entella,H,2.45,0.5801,0.2906,0.1453,0.0,1,0.0,0.0
2789,2025-11-29,Millwall,Southampton,H,3.05,0.4291,0.1506,0.0753,0.0,1,0.0,0.0
2790,2025-11-29,Wrexham,Blackburn,H,2.15,0.5326,0.1261,0.063,0.0,0,-0.0,0.0
2791,2025-11-29,Paris FC,Auxerre,A,4.5,0.2853,0.0811,0.0406,0.0,0,-0.0,0.0
2792,2025-11-29,Stoke,Hull,A,5.0,0.2502,0.0627,0.0314,0.0,1,0.0,0.0
2793,2025-11-29,Valladolid,Malaga,A,5.0,0.2928,0.116,0.058,0.0,0,-0.0,0.0
2794,2025-11-29,Marseille,Toulouse,H,1.6,0.6737,0.13,0.065,0.0,0,-0.0,0.0
2795,2025-11-29,Genoa,Verona,H,2.05,0.5136,0.0504,0.0252,0.0,1,0.0,0.0
2796,2025-11-29,Parma,Udinese,H,2.7,0.4036,0.0527,0.0264,0.0,0,-0.0,0.0
2797,2025-11-30,Mirandes,Sociedad B,H,2.05,0.5312,0.0848,0.0424,0.0,1,0.0,0.0
2798,2025-11-30,Dresden,Fortuna Dusseldorf,A,2.8,0.4286,0.1112,0.0556,0.0,0,-0.0,0.0
2799,2025-11-30,Pisa,Inter,D,5.75,0.2292,0.0669,0.0335,0.0,0,-0.0,0.0
2800,2025-11-30,Pisa,Inter,H,8.0,0.1767,0.0591,0.0296,0.0,0,-0.0,0.0
2801,2025-11-30,Aston Villa,Wolves,H,1.5,0.7511,0.2534,0.1267,0.0,1,0.0,0.0
2802,2025-11-30,Crystal Palace,Man United,H,2.3,0.543,0.1914,0.0957,0.0,0,-0.0,0.0
2803,2025-11-30,Castellon,Las Palmas,A,3.4,0.3596,0.0928,0.0464,0.0,0,-0.0,0.0
2804,2025-11-30,Cordoba,Cadiz,A,3.9,0.333,0.1029,0.0515,0.0,1,0.0,0.0
2805,2025-11-30,Ein Frankfurt,Wolfsburg,H,1.73,0.6607,0.196,0.098,0.0,0,-0.0,0.0
2806,2025-11-30,Zaragoza,Leganes,A,2.75,0.4151,0.0808,0.0404,0.0,0,-0.0,0.0
2807,2025-11-30,Juve Stabia,Monza,H,3.5,0.3146,0.0404,0.0202,0.0,0,-0.0,0.0
2808,2025-11-30,Lorient,Nice,A,2.88,0.4032,0.0857,0.0429,0.0,0,-0.0,0.0
2809,2025-11-30,Spezia,Sampdoria,H,2.25,0.5021,0.1038,0.0519,0.0,1,0.0,0.0
2810,2025-11-30,Elversberg,Darmstadt,H,2.15,0.5384,0.1371,0.0685,0.0,0,-0.0,0.0
2811,2025-11-30,Sociedad,Villarreal,A,2.45,0.4963,0.1489,0.0744,0.0,1,0.0,0.0
2812,2025-12-01,Birmingham,Watford,A,4.33,0.2875,0.0735,0.0368,0.0,0,-0.0,0.0
2813,2025-12-02,Blackburn,Ipswich,H,3.9,0.3514,0.1278,0.0639,0.0,0,-0.0,0.0
2814,2025-12-02,Newcastle,Tottenham,H,1.83,0.6243,0.1717,0.0858,0.0,0,-0.0,0.0
2815,2025-12-03,Leeds,Chelsea,D,4.1,0.2887,0.0592,0.0296,0.0,0,-0.0,0.0
2816,2025-12-03,Burnley,Crystal Palace,D,3.8,0.3165,0.0724,0.0362,0.0,0,-0.0,0.0
2817,2025-12-03,Brighton,Aston Villa,A,3.4,0.3442,0.071,0.0355,0.0,1,0.0,0.0
2818,2025-12-03,Burnley,Crystal Palace,H,4.5,0.278,0.0717,0.0358,0.0,0,-0.0,0.0
2819,2025-12-04,Man United,West Ham,D,5.0,0.2543,0.0678,0.0339,0.0,1,0.0,0.0
2820,2025-12-05,Le Mans,Amiens,D,4.5,0.2707,0.0624,0.0312,0.0,0,-0.0,0.0
2821,2025-12-05,Fortuna Dusseldorf,Schalke 04,H,3.25,0.3883,0.1164,0.0582,0.0,0,-0.0,0.0
2822,2025-12-05,Grenoble,Nancy,H,2.8,0.5601,0.3157,0.1579,0.0,1,0.0,0.0
2823,2025-12-05,Clermont,Boulogne,H,2.25,0.4832,0.0698,0.0349,0.0,0,-0.0,0.0
2824,2025-12-05,PreuÃen MÃ¼nster,Hannover,H,4.2,0.2981,0.0788,0.0394,0.0,0,-0.0,0.0
2825,2025-12-05,PreuÃen MÃ¼nster,Hannover,D,4.0,0.3038,0.0718,0.0359,0.0,1,0.0,0.0
2826,2025-12-05,Le Mans,Amiens,A,7.5,0.2232,0.1036,0.0518,0.0,0,-0.0,0.0
2827,2025-12-06,Huesca,Valladolid,H,2.82,0.4706,0.1798,0.0899,0.0,0,-0.0,0.0
2828,2025-12-06,Dundee,Aberdeen,H,3.4,0.3365,0.06,0.03,0.0,0,-0.0,0.0
2829,2025-12-06,Villarreal,Getafe,H,1.62,0.7031,0.2242,0.1121,0.0,1,0.0,0.0
2830,2025-12-06,RB Leipzig,Ein Frankfurt,A,4.2,0.2904,0.0686,0.0343,0.0,0,-0.0,0.0
2831,2025-12-06,Ipswich,Coventry,A,2.95,0.425,0.1301,0.0651,0.0,0,-0.0,0.0
2832,2025-12-06,Kaiserslautern,Dresden,H,1.9,0.6105,0.1776,0.0888,0.0,1,0.0,0.0
2833,2025-12-06,Sociedad B,Sp Gijon,H,3.05,0.3612,0.0496,0.0248,0.0,0,-0.0,0.0
2834,2025-12-06,Tottenham,Brentford,A,3.0,0.3895,0.0843,0.0422,0.0,0,-0.0,0.0
2835,2025-12-06,FC Koln,St Pauli,H,1.95,0.5551,0.0868,0.0434,0.0,0,-0.0,0.0
2836,2025-12-06,Darmstadt,Karlsruhe,A,4.33,0.2769,0.0598,0.0299,0.0,0,-0.0,0.0
2837,2025-12-06,Newcastle,Burnley,D,6.0,0.218,0.0615,0.0308,0.0,0,-0.0,0.0
2838,2025-12-06,Bochum,Bielefeld,H,2.25,0.4994,0.099,0.0495,0.0,1,0.0,0.0
2839,2025-12-06,Augsburg,Leverkusen,A,1.9,0.6052,0.1666,0.0833,0.0,0,-0.0,0.0
2840,2025-12-06,Aston Villa,Arsenal,H,4.2,0.2841,0.0604,0.0302,0.0,1,0.0,0.0
2841,2025-12-06,Motherwell,Livingston,H,1.66,0.6711,0.1728,0.0864,0.0,1,0.0,0.0
2842,2025-12-07,Celtic,Hearts,H,1.53,0.7036,0.1444,0.0722,0.0,0,-0.0,0.0
2843,2025-12-07,Cremonese,Lecce,H,2.4,0.4608,0.0757,0.0379,0.0,1,0.0,0.0
2844,2025-12-07,Nice,Angers,H,1.95,0.6088,0.1971,0.0986,0.0,0,-0.0,0.0
2845,2025-12-07,La Coruna,Castellon,H,2.2,0.5507,0.1764,0.0882,0.0,0,-0.0,0.0
2846,2025-12-07,Napoli,Juventus,H,2.35,0.5046,0.1376,0.0688,0.0,1,0.0,0.0
2847,2025-12-07,Dortmund,Hoffenheim,H,1.62,0.65,0.0854,0.0427,0.0,1,0.0,0.0
2848,2025-12-07,Hamburg,Werder Bremen,A,3.0,0.4177,0.1265,0.0632,0.0,0,-0.0,0.0
2849,2025-12-07,Leganes,Cordoba,H,2.3,0.5194,0.1498,0.0749,0.0,0,-0.0,0.0
2850,2025-12-07,Empoli,Palermo,H,3.05,0.495,0.2487,0.1243,0.0,0,-0.0,0.0
2851,2025-12-08,Las Palmas,Mirandes,A,6.5,0.2168,0.0744,0.0372,0.0,0,-0.0,0.0
2852,2025-12-08,Virtus Entella,Spezia,A,3.2,0.3968,0.1226,0.0613,0.0,1,0.0,0.0
2853,2025-12-08,Bari,Pescara,H,1.91,0.557,0.0701,0.0351,0.0,0,-0.0,0.0
2854,2025-12-08,Frosinone,Juve Stabia,H,2.01,0.5391,0.0828,0.0414,0.0,1,0.0,0.0
2855,2025-12-08,Avellino,Venezia,H,4.5,0.2825,0.0774,0.0387,0.0,0,-0.0,0.0
2856,2025-12-08,Avellino,Venezia,D,3.7,0.3184,0.066,0.033,0.0,1,0.0,0.0
2857,2025-12-08,Modena,Catanzaro,A,5.25,0.2599,0.0857,0.0429,0.0,1,0.0,0.0
2858,2025-12-08,Monza,Sudtirol,A,6.5,0.1922,0.0454,0.0227,0.0,0,-0.0,0.0
2859,2025-12-09,QPR,Birmingham,H,2.85,0.4386,0.1352,0.0676,0.0,1,0.0,0.0
2860,2025-12-09,Preston,Coventry,H,3.75,0.3104,0.0596,0.0298,0.0,0,-0.0,0.0
2861,2025-12-12,Laval,Dunkerque,H,3.2,0.3453,0.0477,0.0239,0.0,0,-0.0,0.0
2862,2025-12-12,Greuther Furth,Hertha,H,3.75,0.3077,0.0559,0.028,0.0,0,-0.0,0.0
2863,2025-12-12,Annecy,Le Mans,H,2.7,0.4423,0.1143,0.0571,0.0,0,-0.0,0.0
2864,2025-12-12,Nancy,Clermont,A,3.7,0.3719,0.1393,0.0696,0.0,0,-0.0,0.0
2865,2025-12-12,Union Berlin,RB Leipzig,A,2.2,0.5038,0.0903,0.0452,0.0,0,-0.0,0.0
2866,2025-12-12,Pau FC,Amiens,A,6.0,0.2144,0.0573,0.0286,0.0,1,0.0,0.0
2867,2025-12-13,Karlsruhe,Paderborn,H,3.5,0.3518,0.0925,0.0463,0.0,0,-0.0,0.0
2868,2025-12-13,Metz,Paris SG,D,6.5,0.206,0.0616,0.0308,0.0,0,-0.0,0.0
2869,2025-12-13,Cordoba,Eibar,A,3.9,0.2923,0.0482,0.0241,0.0,0,-0.0,0.0
2870,2025-12-13,Burnley,Fulham,H,4.0,0.3558,0.1411,0.0706,0.0,0,-0.0,0.0
2871,2025-12-13,Valladolid,Andorra,A,4.75,0.2493,0.0491,0.0245,0.0,1,0.0,0.0
2872,2025-12-13,Zaragoza,Cadiz,A,3.7,0.3869,0.1598,0.0799,0.0,1,0.0,0.0
2873,2025-12-13,Ein Frankfurt,Augsburg,H,1.7,0.6194,0.0756,0.0378,0.0,1,0.0,0.0
2874,2025-12-13,Leverkusen,FC Koln,H,1.55,0.6853,0.113,0.0565,0.0,1,0.0,0.0
2875,2025-12-13,St Etienne,Bastia,H,1.67,0.632,0.0827,0.0413,0.0,0,-0.0,0.0
2876,2025-12-13,Rennes,Brest,A,4.1,0.2978,0.0712,0.0356,0.0,0,-0.0,0.0
2877,2025-12-13,Bielefeld,Kaiserslautern,A,3.25,0.3669,0.0855,0.0427,0.0,0,-0.0,0.0
2878,2025-12-13,Grenoble,Montpellier,H,2.9,0.3921,0.0721,0.036,0.0,0,-0.0,0.0
2879,2025-12-13,Juve Stabia,Empoli,A,3.5,0.3485,0.0879,0.0439,0.0,0,-0.0,0.0
2880,2025-12-13,Leicester,Ipswich,H,3.25,0.412,0.1507,0.0753,0.0,1,0.0,0.0
2881,2025-12-13,Wrexham,Watford,H,2.5,0.4737,0.1228,0.0614,0.0,0,-0.0,0.0
2882,2025-12-13,Birmingham,Charlton,A,5.75,0.2268,0.064,0.032,0.0,0,-0.0,0.0
2883,2025-12-13,Birmingham,Charlton,D,4.0,0.2957,0.061,0.0305,0.0,1,0.0,0.0
2884,2025-12-13,Spezia,Modena,H,3.4,0.4409,0.208,0.104,0.0,0,-0.0,0.0
2885,2025-12-13,St Pauli,Heidenheim,A,4.0,0.2873,0.0498,0.0249,0.0,0,-0.0,0.0
2886,2025-12-13,Livingston,Dundee,A,4.1,0.3382,0.1248,0.0624,0.0,0,-0.0,0.0
2887,2025-12-13,Venezia,Monza,H,2.2,0.4764,0.04,0.02,0.0,1,0.0,0.0
2888,2025-12-13,Red Star,Reims,A,2.35,0.4352,0.0169,0.0084,0.0,0,-0.0,0.0
2889,2025-12-14,Carrarese,Virtus Entella,H,2.55,0.5327,0.2312,0.1156,0.0,1,0.0,0.0
2890,2025-12-14,Udinese,Napoli,A,1.85,0.5869,0.1009,0.0504,0.0,0,-0.0,0.0
2891,2025-12-14,Bologna,Juventus,H,2.88,0.3826,0.0542,0.0271,0.0,0,-0.0,0.0
2892,2025-12-14,Nott'm Forest,Tottenham,H,2.55,0.4452,0.0873,0.0437,0.0,1,0.0,0.0
2893,2025-12-14,Sunderland,Newcastle,A,2.25,0.5332,0.1597,0.0798,0.0,0,-0.0,0.0
2894,2025-12-14,Lens,Nice,A,6.25,0.2023,0.0504,0.0252,0.0,0,-0.0,0.0
2895,2025-12-14,Lyon,Le Havre,H,1.6,0.6669,0.1117,0.0558,0.0,1,0.0,0.0
2896,2025-12-14,Freiburg,Dortmund,A,2.15,0.5049,0.0744,0.0372,0.0,0,-0.0,0.0
2897,2025-12-15,Sheffield Weds,Derby,H,3.2,0.3448,0.047,0.0235,0.0,0,-0.0,0.0
2898,2025-12-15,Rangers,Hibernian,H,1.81,0.5943,0.0934,0.0467,0.0,1,0.0,0.0
2899,2025-12-15,Castellon,Mirandes,D,4.33,0.2781,0.0613,0.0307,0.0,0,-0.0,0.0
2900,2025-12-15,Castellon,Mirandes,A,6.5,0.2756,0.1438,0.0719,0.0,0,-0.0,0.0
2901,2025-12-15,Roma,Como,H,2.1,0.5527,0.146,0.073,0.0,1,0.0,0.0
2902,2025-12-19,Dortmund,M'gladbach,H,1.55,0.7138,0.1935,0.0968,0.0,1,0.0,0.0
2903,2025-12-19,Eibar,Valladolid,H,2.45,0.4641,0.0945,0.0473,0.0,1,0.0,0.0
2904,2025-12-20,Tottenham,Liverpool,A,2.0,0.5638,0.1276,0.0638,0.0,1,0.0,0.0
2905,2025-12-20,Dundee United,Hibernian,H,3.5,0.3197,0.0475,0.0238,0.0,0,-0.0,0.0
2906,2025-12-20,Kilmarnock,Falkirk,H,2.55,0.4418,0.0817,0.0408,0.0,0,-0.0,0.0
2907,2025-12-20,Modena,Venezia,A,3.2,0.3617,0.0716,0.0358,0.0,1,0.0,0.0
2908,2025-12-20,St Mirren,Livingston,H,1.81,0.6168,0.1438,0.0719,0.0,1,0.0,0.0
2909,2025-12-20,Blackburn,Millwall,A,3.4,0.3412,0.0667,0.0334,0.0,0,-0.0,0.0
2910,2025-12-20,Newcastle,Chelsea,H,2.75,0.3987,0.0552,0.0276,0.0,0,-0.0,0.0
2911,2025-12-20,Leganes,Sp Gijon,H,2.15,0.4829,0.0332,0.0166,0.0,0,-0.0,0.0
2912,2025-12-20,Holstein Kiel,Dresden,H,1.91,0.599,0.1583,0.0792,0.0,1,0.0,0.0
2913,2025-12-20,Kaiserslautern,Magdeburg,H,2.15,0.5069,0.0782,0.0391,0.0,0,-0.0,0.0
2914,2025-12-20,Bournemouth,Burnley,A,6.5,0.2074,0.0633,0.0316,0.0,0,-0.0,0.0
2915,2025-12-20,Padova,Sampdoria,H,2.7,0.4257,0.0878,0.0439,0.0,0,-0.0,0.0
2916,2025-12-20,Southampton,Coventry,A,2.57,0.4526,0.104,0.052,0.0,0,-0.0,0.0
2917,2025-12-20,Sheffield United,Birmingham,H,2.25,0.5217,0.139,0.0695,0.0,1,0.0,0.0
2918,2025-12-20,Avellino,Palermo,H,4.33,0.3036,0.0945,0.0472,0.0,0,-0.0,0.0
2919,2025-12-20,RB Leipzig,Leverkusen,A,3.2,0.4249,0.1634,0.0817,0.0,1,0.0,0.0
2920,2025-12-20,Stuttgart,Hoffenheim,H,2.0,0.56,0.1199,0.06,0.0,0,-0.0,0.0
2921,2025-12-20,Hamburg,Ein Frankfurt,A,2.55,0.4742,0.135,0.0675,0.0,0,-0.0,0.0
2922,2025-12-20,Augsburg,Werder Bremen,A,3.1,0.357,0.0508,0.0254,0.0,0,-0.0,0.0
2923,2025-12-20,QPR,Leicester,A,2.85,0.3816,0.0474,0.0237,0.0,0,-0.0,0.0
2924,2025-12-20,Preston,Norwich,H,2.15,0.5259,0.1137,0.0569,0.0,0,-0.0,0.0
2925,2025-12-20,Hull,West Brom,H,2.75,0.4204,0.0891,0.0446,0.0,1,0.0,0.0
2926,2025-12-20,Everton,Arsenal,H,5.75,0.2238,0.0604,0.0302,0.0,0,-0.0,0.0
2927,2025-12-20,Leeds,Crystal Palace,A,2.75,0.418,0.0854,0.0427,0.0,0,-0.0,0.0
2928,2025-12-20,Levante,Sociedad,H,3.4,0.3625,0.0969,0.0484,0.0,0,-0.0,0.0
2929,2025-12-21,Burgos,Zaragoza,H,2.15,0.565,0.1866,0.0933,0.0,0,-0.0,0.0
2930,2025-12-21,Mantova,Empoli,A,2.7,0.3976,0.0433,0.0216,0.0,1,0.0,0.0
2931,2025-12-21,Aston Villa,Man United,H,2.1,0.6092,0.2539,0.1269,0.0,1,0.0,0.0
2932,2025-12-21,Cadiz,Castellon,H,3.25,0.4347,0.1835,0.0917,0.0,1,0.0,0.0
2933,2025-12-21,Mirandes,Cordoba,H,3.3,0.4428,0.2006,0.1003,0.0,0,-0.0,0.0
2934,2025-12-21,Villarreal,Barcelona,D,4.75,0.263,0.0665,0.0332,0.0,0,-0.0,0.0
2935,2025-12-21,Hearts,Rangers,A,3.5,0.3634,0.1088,0.0544,0.0,0,-0.0,0.0
2936,2025-12-21,Virtus Entella,Sudtirol,A,3.5,0.3963,0.1549,0.0774,0.0,0,-0.0,0.0
2937,2025-12-26,West Brom,Bristol City,A,3.5,0.3247,0.0545,0.0273,0.0,1,0.0,0.0
2938,2025-12-26,Birmingham,Derby,A,4.2,0.3071,0.0906,0.0453,0.0,0,-0.0,0.0
2939,2025-12-26,Leicester,Watford,H,2.25,0.5128,0.123,0.0615,0.0,0,-0.0,0.0
2940,2025-12-26,Millwall,Ipswich,H,3.6,0.3534,0.1046,0.0523,0.0,0,-0.0,0.0
2941,2025-12-26,Oxford,Southampton,D,3.8,0.3029,0.054,0.027,0.0,0,-0.0,0.0
2942,2025-12-26,Oxford,Southampton,H,3.9,0.3235,0.0902,0.0451,0.0,1,0.0,0.0
2943,2025-12-26,Norwich,Charlton,A,3.7,0.301,0.0422,0.0211,0.0,0,-0.0,0.0
2944,2025-12-27,Chelsea,Aston Villa,A,4.0,0.2909,0.0546,0.0273,0.0,1,0.0,0.0
2945,2025-12-27,Catanzaro,Cesena,H,2.5,0.4269,0.0449,0.0224,0.0,1,0.0,0.0
2946,2025-12-27,Venezia,Virtus Entella,H,1.41,0.72,0.0371,0.0186,0.0,1,0.0,0.0
2947,2025-12-27,Dundee,Falkirk,H,2.95,0.3643,0.0383,0.0191,0.0,1,0.0,0.0
2948,2025-12-27,Rangers,Motherwell,H,1.71,0.6415,0.1365,0.0682,0.0,1,0.0,0.0
2949,2025-12-27,Chelsea,Aston Villa,D,3.9,0.3053,0.0658,0.0329,0.0,0,-0.0,0.0
2950,2025-12-27,Liverpool,Wolves,H,1.25,0.8471,0.2357,0.1179,0.0,1,0.0,0.0
2951,2025-12-27,Livingston,Celtic,A,1.35,0.7535,0.0491,0.0246,0.0,1,0.0,0.0
2952,2025-12-27,Burnley,Everton,H,4.1,0.301,0.0755,0.0378,0.0,0,-0.0,0.0
2953,2025-12-27,Lecce,Como,H,4.75,0.3013,0.115,0.0575,0.0,0,-0.0,0.0
2954,2025-12-27,Udinese,Lazio,A,2.45,0.448,0.0673,0.0337,0.0,0,-0.0,0.0
2955,2025-12-27,Pisa,Juventus,D,4.5,0.2663,0.0567,0.0284,0.0,0,-0.0,0.0
2956,2025-12-27,Pisa,Juventus,H,7.5,0.2032,0.0807,0.0403,0.0,0,-0.0,0.0
2957,2025-12-28,Milan,Verona,H,1.38,0.758,0.1211,0.0606,0.0,1,0.0,0.0
2958,2025-12-28,Sunderland,Leeds,A,2.88,0.3929,0.0699,0.035,0.0,0,-0.0,0.0
2959,2025-12-28,Crystal Palace,Tottenham,H,2.25,0.5407,0.1733,0.0866,0.0,0,-0.0,0.0
2960,2025-12-29,Roma,Genoa,H,1.6,0.6847,0.1591,0.0795,0.0,1,0.0,0.0
2961,2025-12-29,Leicester,Derby,H,2.05,0.5044,0.0325,0.0162,0.0,1,0.0,0.0
2962,2025-12-29,Middlesbrough,Hull,D,3.9,0.2866,0.0406,0.0203,0.0,0,-0.0,0.0
2963,2025-12-29,Coventry,Ipswich,H,2.3,0.5169,0.1452,0.0726,0.0,0,-0.0,0.0
2964,2025-12-29,Sheffield Weds,Blackburn,H,4.5,0.3183,0.1235,0.0618,0.0,0,-0.0,0.0
2965,2025-12-30,Livingston,Dundee United,A,2.65,0.4337,0.0904,0.0452,0.0,1,0.0,0.0
2966,2025-12-30,Hibernian,Aberdeen,H,1.81,0.5653,0.0287,0.0144,0.0,1,0.0,0.0
2967,2025-12-30,Dundee,Kilmarnock,H,2.7,0.4014,0.0492,0.0246,0.0,1,0.0,0.0
2968,2025-12-30,Burnley,Newcastle,H,5.25,0.2732,0.1021,0.0511,0.0,0,-0.0,0.0
2969,2025-12-30,Burnley,Newcastle,D,4.2,0.2887,0.0664,0.0332,0.0,0,-0.0,0.0
2970,2025-12-30,Arsenal,Aston Villa,D,4.75,0.2545,0.0557,0.0279,0.0,0,-0.0,0.0
2971,2025-12-30,Arsenal,Aston Villa,A,7.0,0.1968,0.0629,0.0315,0.0,0,-0.0,0.0
2972,2025-12-30,Nott'm Forest,Everton,A,3.7,0.3391,0.0943,0.0471,0.0,1,0.0,0.0
2973,2025-12-30,Rangers,St Mirren,H,1.57,0.7113,0.2049,0.1024,0.0,1,0.0,0.0
2974,2026-01-01,Sheffield United,Leicester,A,4.33,0.2867,0.0725,0.0363,0.0,0,-0.0,0.0
2975,2026-01-01,Hull,Stoke,H,2.32,0.4698,0.0681,0.034,0.0,0,-0.0,0.0
2976,2026-01-01,Swansea,West Brom,H,2.7,0.4175,0.0749,0.0374,0.0,1,0.0,0.0
2977,2026-01-01,Watford,Birmingham,H,2.3,0.5122,0.137,0.0685,0.0,1,0.0,0.0
2978,2026-01-01,Liverpool,Leeds,H,1.55,0.685,0.1122,0.0561,0.0,0,-0.0,0.0
2979,2026-01-01,Ipswich,Oxford,A,11.0,0.143,0.0574,0.0287,0.0,0,-0.0,0.0
2980,2026-01-01,Southampton,Millwall,A,4.5,0.3332,0.1427,0.0714,0.0,0,-0.0,0.0
2981,2026-01-01,Brentford,Tottenham,H,2.1,0.5267,0.0963,0.0482,0.0,0,-0.0,0.0
2982,2026-01-02,Eibar,Mirandes,A,7.5,0.2527,0.1378,0.0689,0.0,0,-0.0,0.0
2983,2026-01-02,Toulouse,Lens,A,2.55,0.4261,0.0558,0.0279,0.0,1,0.0,0.0
2984,2026-01-03,Guingamp,Boulogne,H,1.85,0.5613,0.0453,0.0226,0.0,1,0.0,0.0
2985,2026-01-03,Lille,Rennes,H,1.9,0.5908,0.136,0.068,0.0,0,-0.0,0.0
2986,2026-01-03,Reims,Annecy,H,1.75,0.5746,0.0075,0.0037,0.0,1,0.0,0.0
2987,2026-01-03,Elche,Villarreal,A,2.2,0.5043,0.0912,0.0456,0.0,1,0.0,0.0
2988,2026-01-03,Amiens,Nancy,H,3.4,0.4929,0.2817,0.1408,0.0,0,-0.0,0.0
2989,2026-01-03,Hearts,Livingston,H,1.27,0.8402,0.2483,0.1241,0.0,1,0.0,0.0
2990,2026-01-03,Castellon,Huesca,A,6.25,0.2595,0.1185,0.0592,0.0,0,-0.0,0.0
2991,2026-01-03,Castellon,Huesca,D,4.1,0.2808,0.0488,0.0244,0.0,0,-0.0,0.0
2992,2026-01-03,Valladolid,Santander,A,3.2,0.4814,0.2456,0.1228,0.0,0,-0.0,0.0
2993,2026-01-03,Wolves,West Ham,A,2.88,0.3844,0.0569,0.0285,0.0,0,-0.0,0.0
2994,2026-01-03,Aston Villa,Nott'm Forest,H,1.75,0.6713,0.2331,0.1166,0.0,1,0.0,0.0
2995,2026-01-03,Nice,Strasbourg,H,2.7,0.4045,0.0542,0.0271,0.0,0,-0.0,0.0
2996,2026-01-04,Le Havre,Angers,A,3.7,0.3399,0.0955,0.0477,0.0,0,-0.0,0.0
2997,2026-01-04,Sevilla,Levante,A,4.75,0.2511,0.0514,0.0257,0.0,1,0.0,0.0
2998,2026-01-04,Sociedad,Ath Madrid,A,1.91,0.5682,0.0936,0.0468,0.0,0,-0.0,0.0
2999,2026-01-04,La Coruna,Cadiz,A,5.0,0.2956,0.1195,0.0597,0.0,0,-0.0,0.0
3000,2026-01-04,Birmingham,Coventry,A,2.65,0.4529,0.1214,0.0607,0.0,0,-0.0,0.0
3001,2026-01-04,La Coruna,Cadiz,D,3.6,0.3104,0.0452,0.0226,0.0,1,0.0,0.0
3002,2026-01-05,Leicester,West Brom,H,2.5,0.5048,0.1747,0.0874,0.0,1,0.0,0.0
3003,2026-01-06,Pisa,Como,H,5.5,0.2632,0.0995,0.0498,0.0,0,-0.0,0.0
3004,2026-01-06,Rangers,Aberdeen,H,1.49,0.7471,0.2311,0.1155,0.0,1,0.0,0.0
3005,2026-01-07,Lazio,Fiorentina,H,2.4,0.517,0.172,0.086,0.0,0,-0.0,0.0
3006,2026-01-07,Everton,Wolves,H,1.75,0.6471,0.1766,0.0883,0.0,0,-0.0,0.0
3007,2026-01-07,Napoli,Verona,H,1.36,0.8263,0.3437,0.1718,0.0,0,-0.0,0.0
3008,2026-01-07,Parma,Inter,D,5.0,0.2462,0.0577,0.0289,0.0,0,-0.0,0.0
3009,2026-01-07,Torino,Udinese,H,2.3,0.4846,0.0881,0.0441,0.0,0,-0.0,0.0
3010,2026-01-07,Brentford,Sunderland,H,1.85,0.6033,0.1366,0.0683,0.0,1,0.0,0.0
3011,2026-01-07,Burnley,Man United,H,4.75,0.2951,0.1071,0.0536,0.0,0,-0.0,0.0
3012,2026-01-08,Milan,Genoa,H,1.44,0.7459,0.1685,0.0842,0.0,0,-0.0,0.0
3013,2026-01-09,Getafe,Sociedad,H,3.3,0.3965,0.1341,0.0671,0.0,0,-0.0,0.0
3014,2026-01-09,Cadiz,Sp Gijon,H,2.57,0.4802,0.1492,0.0746,0.0,1,0.0,0.0
3015,2026-01-09,Ein Frankfurt,Dortmund,H,3.6,0.3161,0.053,0.0265,0.0,0,-0.0,0.0
3016,2026-01-10,Las Palmas,La Coruna,H,2.05,0.5277,0.0778,0.0389,0.0,0,-0.0,0.0
3017,2026-01-10,Mirandes,Almeria,H,3.5,0.3325,0.0655,0.0328,0.0,0,-0.0,0.0
3018,2026-01-10,Leverkusen,Stuttgart,H,1.95,0.5959,0.1706,0.0853,0.0,0,-0.0,0.0
3019,2026-01-10,Villarreal,Alaves,H,1.45,0.7166,0.0867,0.0433,0.0,1,0.0,0.0
3020,2026-01-10,Santander,Zaragoza,H,1.66,0.6623,0.1507,0.0753,0.0,0,-0.0,0.0
3021,2026-01-10,Como,Bologna,A,4.2,0.2878,0.0652,0.0326,0.0,0,-0.0,0.0
3022,2026-01-10,Livingston,Kilmarnock,A,3.1,0.3744,0.0765,0.0383,0.0,0,-0.0,0.0
3023,2026-01-10,Reggiana,Venezia,H,5.25,0.2543,0.0788,0.0394,0.0,0,-0.0,0.0
3024,2026-01-10,Cesena,Empoli,A,4.2,0.2824,0.0582,0.0291,0.0,1,0.0,0.0
3025,2026-01-10,Carrarese,Bari,A,4.33,0.2751,0.0574,0.0287,0.0,0,-0.0,0.0
3026,2026-01-10,Avellino,Sampdoria,H,3.0,0.4313,0.147,0.0735,0.0,1,0.0,0.0
3027,2026-01-10,Reggiana,Venezia,D,3.9,0.3093,0.0711,0.0355,0.0,0,-0.0,0.0
3028,2026-01-11,Verona,Lazio,A,2.35,0.4984,0.1269,0.0634,0.0,1,0.0,0.0
3029,2026-01-11,Dundee,Hearts,H,8.0,0.2177,0.1059,0.0529,0.0,0,-0.0,0.0
3030,2026-01-11,Malaga,Ceuta,A,3.5,0.3292,0.0609,0.0304,0.0,0,-0.0,0.0
3031,2026-01-11,Granada,Castellon,H,3.0,0.4236,0.1354,0.0677,0.0,0,-0.0,0.0
3032,2026-01-11,Leganes,Valladolid,H,2.35,0.5478,0.2129,0.1064,0.0,1,0.0,0.0
3033,2026-01-11,Padova,Modena,H,4.33,0.366,0.1756,0.0878,0.0,1,0.0,0.0
3034,2026-01-12,Sevilla,Celta,A,2.75,0.4007,0.0582,0.0291,0.0,1,0.0,0.0
3035,2026-01-12,Huesca,Cordoba,H,2.82,0.3903,0.0553,0.0277,0.0,0,-0.0,0.0
3036,2026-01-13,Stuttgart,Ein Frankfurt,A,4.2,0.2775,0.0517,0.0259,0.0,0,-0.0,0.0
3037,2026-01-14,FC Koln,Bayern Munich,D,7.5,0.1918,0.0674,0.0337,0.0,0,-0.0,0.0
3038,2026-01-14,Hearts,St Mirren,H,1.41,0.7105,0.0046,0.0023,0.0,1,0.0,0.0
3039,2026-01-15,Verona,Bologna,A,2.1,0.5028,0.0509,0.0254,0.0,1,0.0,0.0
3040,2026-01-16,Castellon,Leganes,D,4.1,0.2918,0.0633,0.0316,0.0,0,-0.0,0.0
3041,2026-01-16,Castellon,Leganes,A,5.25,0.3027,0.1386,0.0693,0.0,0,-0.0,0.0
3042,2026-01-16,Pisa,Atalanta,H,6.5,0.1981,0.0523,0.0262,0.0,0,-0.0,0.0
3043,2026-01-16,Fortuna Dusseldorf,Bielefeld,H,2.55,0.479,0.1428,0.0714,0.0,1,0.0,0.0
3044,2026-01-17,Leeds,Fulham,A,3.5,0.3528,0.094,0.047,0.0,0,-0.0,0.0
3045,2026-01-17,Wrexham,Norwich,H,2.2,0.6492,0.3568,0.1784,0.0,0,-0.0,0.0
3046,2026-01-17,Napoli,Sassuolo,H,1.48,0.7265,0.1567,0.0783,0.0,1,0.0,0.0
3047,2026-01-17,Angers,Marseille,H,5.75,0.2217,0.0579,0.0289,0.0,0,-0.0,0.0
3048,2026-01-17,PreuÃen MÃ¼nster,Karlsruhe,A,3.8,0.3527,0.1216,0.0608,0.0,1,0.0,0.0
3049,2026-01-17,Preston,Derby,H,2.2,0.4939,0.0722,0.0361,0.0,0,-0.0,0.0
3050,2026-01-17,Sheffield Weds,Portsmouth,H,3.4,0.3428,0.069,0.0345,0.0,0,-0.0,0.0
3051,2026-01-17,Lens,Auxerre,H,1.42,0.7233,0.0645,0.0323,0.0,1,0.0,0.0
3052,2026-01-17,Sunderland,Crystal Palace,A,2.75,0.4575,0.1475,0.0738,0.0,0,-0.0,0.0
3053,2026-01-17,Toulouse,Nice,A,3.9,0.3358,0.1067,0.0534,0.0,0,-0.0,0.0
3054,2026-01-17,Southampton,Hull,A,4.75,0.3038,0.1181,0.059,0.0,1,0.0,0.0
3055,2026-01-17,Swansea,Birmingham,H,2.65,0.45,0.1166,0.0583,0.0,0,-0.0,0.0
3056,2026-01-17,Bari,Juve Stabia,H,3.1,0.3646,0.0621,0.031,0.0,0,-0.0,0.0
3057,2026-01-17,Chelsea,Brentford,D,4.0,0.3003,0.0671,0.0335,0.0,0,-0.0,0.0
3058,2026-01-17,Empoli,Sudtirol,H,2.2,0.5257,0.1304,0.0652,0.0,0,-0.0,0.0
3059,2026-01-17,Zaragoza,Sociedad B,A,5.0,0.2706,0.0882,0.0441,0.0,0,-0.0,0.0
3060,2026-01-17,Cultural Leonesa,Sp Gijon,H,3.2,0.3754,0.0915,0.0458,0.0,0,-0.0,0.0
3061,2026-01-17,Ceuta,Valladolid,H,2.5,0.5504,0.2507,0.1253,0.0,0,-0.0,0.0
3062,2026-01-17,FC Koln,Mainz,A,3.25,0.3408,0.0479,0.0239,0.0,0,-0.0,0.0
3063,2026-01-17,Reggiana,Cesena,H,3.7,0.3274,0.0782,0.0391,0.0,0,-0.0,0.0
3064,2026-01-17,Hoffenheim,Leverkusen,A,2.7,0.5359,0.2629,0.1315,0.0,0,-0.0,0.0
3065,2026-01-17,Betis,Villarreal,A,2.63,0.4271,0.0756,0.0378,0.0,0,-0.0,0.0
3066,2026-01-17,Dresden,Greuther Furth,A,3.75,0.3471,0.1097,0.0548,0.0,0,-0.0,0.0
3067,2026-01-17,Avellino,Carrarese,H,2.65,0.4403,0.1011,0.0506,0.0,0,-0.0,0.0
3068,2026-01-17,Monza,Frosinone,A,4.5,0.3299,0.1385,0.0692,0.0,0,-0.0,0.0
3069,2026-01-17,Padova,Mantova,H,2.25,0.4825,0.0684,0.0342,0.0,0,-0.0,0.0
3070,2026-01-17,Dortmund,St Pauli,H,1.33,0.7994,0.1916,0.0958,0.0,1,0.0,0.0
3071,2026-01-18,Bologna,Fiorentina,H,2.2,0.5163,0.1131,0.0566,0.0,0,-0.0,0.0
3072,2026-01-18,Milan,Lecce,H,1.29,0.814,0.1727,0.0864,0.0,1,0.0,0.0
3073,2026-01-18,Parma,Genoa,H,2.9,0.4049,0.0916,0.0458,0.0,0,-0.0,0.0
3074,2026-01-18,Pescara,Modena,H,5.0,0.3161,0.1451,0.0726,0.0,0,-0.0,0.0
3075,2026-01-18,Cordoba,Malaga,A,4.0,0.2967,0.0622,0.0311,0.0,1,0.0,0.0
3076,2026-01-18,Nantes,Paris FC,H,3.0,0.4274,0.1411,0.0705,0.0,0,-0.0,0.0
3077,2026-01-18,Mirandes,Andorra,H,2.45,0.4505,0.0715,0.0357,0.0,0,-0.0,0.0
3078,2026-01-18,Kaiserslautern,Hannover,H,3.3,0.3848,0.1173,0.0587,0.0,1,0.0,0.0
3079,2026-01-18,Sociedad,Barcelona,A,1.55,0.7089,0.1795,0.0897,0.0,0,-0.0,0.0
3080,2026-01-19,Lazio,Como,H,2.7,0.4935,0.1956,0.0978,0.0,0,-0.0,0.0
3081,2026-01-19,Nancy,Guingamp,A,2.6,0.4315,0.0763,0.0381,0.0,1,0.0,0.0
3082,2026-01-19,Cremonese,Verona,H,2.63,0.4554,0.1213,0.0607,0.0,0,-0.0,0.0
3083,2026-01-20,Sheffield Weds,Birmingham,H,6.5,0.2918,0.1631,0.0815,0.0,0,-0.0,0.0
3084,2026-01-20,Sheffield Weds,Birmingham,D,4.2,0.2755,0.0491,0.0246,0.0,0,-0.0,0.0
3085,2026-01-20,Wrexham,Leicester,H,2.2,0.4786,0.0442,0.0221,0.0,0,-0.0,0.0
3086,2026-01-21,Southampton,Sheffield United,D,3.8,0.3086,0.0617,0.0308,0.0,0,-0.0,0.0
3087,2026-01-23,St Pauli,Hamburg,H,2.88,0.3896,0.0649,0.0324,0.0,0,-0.0,0.0
3088,2026-01-23,Bastia,Montpellier,H,2.8,0.3971,0.0621,0.0311,0.0,0,-0.0,0.0
3089,2026-01-23,Amiens,Laval,H,2.9,0.408,0.0964,0.0482,0.0,0,-0.0,0.0
3090,2026-01-23,Bielefeld,Holstein Kiel,A,3.5,0.3727,0.1218,0.0609,0.0,0,-0.0,0.0
3091,2026-01-23,Derby,West Brom,H,2.55,0.5158,0.2034,0.1017,0.0,0,-0.0,0.0
3092,2026-01-23,Pau FC,Grenoble,A,4.33,0.268,0.0482,0.0241,0.0,0,-0.0,0.0
3093,2026-01-23,Nancy,Rodez,A,3.4,0.3814,0.1236,0.0618,0.0,1,0.0,0.0
3094,2026-01-24,Aberdeen,Livingston,H,1.71,0.6049,0.0484,0.0242,0.0,1,0.0,0.0
3095,2026-01-24,Ein Frankfurt,Hoffenheim,H,2.8,0.5018,0.2249,0.1125,0.0,0,-0.0,0.0
3096,2026-01-24,Hannover,Fortuna Dusseldorf,A,5.0,0.2395,0.0494,0.0247,0.0,0,-0.0,0.0
3097,2026-01-24,Cadiz,Granada,H,2.65,0.4726,0.153,0.0765,0.0,0,-0.0,0.0
3098,2026-01-24,Greuther Furth,Braunschweig,H,2.55,0.4364,0.0728,0.0364,0.0,0,-0.0,0.0
3099,2026-01-24,Birmingham,Stoke,A,4.0,0.2917,0.0557,0.0278,0.0,0,-0.0,0.0
3100,2026-01-24,Birmingham,Stoke,D,3.6,0.3137,0.0497,0.0248,0.0,1,0.0,0.0
3101,2026-01-24,Hull,Swansea,H,2.32,0.4832,0.0918,0.0459,0.0,1,0.0,0.0
3102,2026-01-24,Valladolid,Albacete,A,3.9,0.3389,0.111,0.0555,0.0,1,0.0,0.0
3103,2026-01-24,Sp Gijon,Mirandes,A,5.5,0.2388,0.0696,0.0348,0.0,0,-0.0,0.0
3104,2026-01-24,Mantova,Venezia,H,5.75,0.2167,0.0518,0.0259,0.0,0,-0.0,0.0
3105,2026-01-24,Man City,Wolves,H,1.2,0.8389,0.0335,0.0168,0.0,1,0.0,0.0
3106,2026-01-24,Burnley,Tottenham,H,3.7,0.3633,0.1275,0.0638,0.0,0,-0.0,0.0
3107,2026-01-24,West Ham,Sunderland,H,2.5,0.4334,0.0557,0.0278,0.0,1,0.0,0.0
3108,2026-01-24,Modena,Palermo,A,3.2,0.3463,0.0492,0.0246,0.0,0,-0.0,0.0
3109,2026-01-24,Frosinone,Reggiana,H,1.56,0.6718,0.0856,0.0428,0.0,1,0.0,0.0
3110,2026-01-24,Juve Stabia,Virtus Entella,H,1.96,0.593,0.169,0.0845,0.0,1,0.0,0.0
3111,2026-01-24,Karlsruhe,Hertha,H,3.5,0.406,0.1684,0.0842,0.0,0,-0.0,0.0
3112,2026-01-24,Union Berlin,Dortmund,A,2.05,0.5414,0.1046,0.0523,0.0,1,0.0,0.0
3113,2026-01-24,Leverkusen,Werder Bremen,H,1.62,0.6406,0.0608,0.0304,0.0,1,0.0,0.0
3114,2026-01-25,Newcastle,Aston Villa,A,3.7,0.3271,0.0779,0.0389,0.0,1,0.0,0.0
3115,2026-01-25,Brest,Toulouse,H,2.8,0.4138,0.0881,0.0441,0.0,0,-0.0,0.0
3116,2026-01-25,Arsenal,Man United,H,1.55,0.7105,0.1842,0.0921,0.0,0,-0.0,0.0
3117,2026-01-25,Zaragoza,Castellon,H,3.75,0.3203,0.0731,0.0366,0.0,0,-0.0,0.0
3118,2026-01-25,Paris FC,Angers,A,4.75,0.296,0.1082,0.0541,0.0,0,-0.0,0.0
3119,2026-01-25,Catanzaro,Sampdoria,H,2.25,0.5534,0.1961,0.0981,0.0,0,-0.0,0.0
3120,2026-01-25,Alaves,Betis,A,2.7,0.4283,0.092,0.046,0.0,0,-0.0,0.0
3121,2026-01-25,Freiburg,FC Koln,H,1.9,0.5525,0.0553,0.0276,0.0,1,0.0,0.0
3122,2026-01-25,Sociedad,Celta,A,3.9,0.3889,0.1782,0.0891,0.0,0,-0.0,0.0
3123,2026-01-25,Portsmouth,Southampton,H,3.2,0.3642,0.0752,0.0376,0.0,0,-0.0,0.0
3124,2026-01-25,Andorra,Huesca,A,4.1,0.2892,0.0599,0.0299,0.0,0,-0.0,0.0
3125,2026-01-26,Everton,Leeds,H,2.5,0.5177,0.1962,0.0981,0.0,0,-0.0,0.0
3126,2026-01-26,Norwich,Coventry,A,2.3,0.46,0.0447,0.0223,0.0,0,-0.0,0.0
3127,2026-01-27,Werder Bremen,Hoffenheim,H,3.7,0.3416,0.0978,0.0489,0.0,0,-0.0,0.0
3128,2026-01-30,Bari,Palermo,H,4.5,0.3143,0.1183,0.0592,0.0,0,-0.0,0.0
3129,2026-01-30,Laval,Pau FC,H,3.25,0.3715,0.0921,0.0461,0.0,0,-0.0,0.0
3130,2026-01-30,Lazio,Genoa,H,2.2,0.5541,0.1826,0.0913,0.0,1,0.0,0.0
3131,2026-01-30,Bastia,Nancy,H,2.05,0.5208,0.0645,0.0322,0.0,0,-0.0,0.0
3132,2026-01-30,Rodez,Red Star,H,2.63,0.4147,0.0557,0.0278,0.0,0,-0.0,0.0
3133,2026-01-31,Sampdoria,Spezia,A,3.8,0.313,0.0676,0.0338,0.0,0,-0.0,0.0
3134,2026-01-31,Paris FC,Marseille,A,1.9,0.5819,0.1174,0.0587,0.0,0,-0.0,0.0
3135,2026-01-31,Elche,Barcelona,D,5.75,0.2213,0.0573,0.0287,0.0,0,-0.0,0.0
3136,2026-01-31,Lorient,Nantes,H,1.83,0.5755,0.0641,0.032,0.0,1,0.0,0.0
3137,2026-01-31,Millwall,Sheffield United,H,2.45,0.4479,0.0672,0.0336,0.0,0,-0.0,0.0
3138,2026-01-31,Braunschweig,Karlsruhe,A,3.1,0.395,0.1069,0.0535,0.0,0,-0.0,0.0
3139,2026-01-31,Portsmouth,West Brom,H,3.2,0.4165,0.1512,0.0756,0.0,1,0.0,0.0
3140,2026-01-31,Werder Bremen,M'gladbach,H,2.45,0.4642,0.0946,0.0473,0.0,0,-0.0,0.0
3141,2026-01-31,Albacete,Zaragoza,H,1.91,0.5383,0.0309,0.0155,0.0,1,0.0,0.0
3142,2026-01-31,Virtus Entella,Frosinone,A,2.2,0.5099,0.1014,0.0507,0.0,0,-0.0,0.0
3143,2026-01-31,Oxford,Birmingham,H,3.4,0.3639,0.0989,0.0495,0.0,0,-0.0,0.0
3144,2026-01-31,Avellino,Cesena,H,3.3,0.3396,0.0524,0.0262,0.0,1,0.0,0.0
3145,2026-01-31,Empoli,Modena,H,3.6,0.4765,0.2751,0.1376,0.0,0,-0.0,0.0
3146,2026-01-31,Osasuna,Villarreal,A,2.55,0.4681,0.1249,0.0624,0.0,0,-0.0,0.0
3147,2026-01-31,Stoke,Southampton,H,2.85,0.4151,0.0989,0.0494,0.0,0,-0.0,0.0
3148,2026-01-31,Venezia,Carrarese,D,5.0,0.2426,0.0532,0.0266,0.0,0,-0.0,0.0
3149,2026-01-31,Leicester,Charlton,H,2.1,0.5455,0.1323,0.0662,0.0,0,-0.0,0.0
3150,2026-01-31,Sheffield Weds,Wrexham,H,6.25,0.2096,0.0591,0.0295,0.0,0,-0.0,0.0
3151,2026-01-31,Sheffield Weds,Wrexham,D,4.75,0.2592,0.0617,0.0308,0.0,0,-0.0,0.0
3152,2026-01-31,Cagliari,Verona,H,2.2,0.5151,0.111,0.0555,0.0,1,0.0,0.0
3153,2026-01-31,Ipswich,Preston,A,8.0,0.1732,0.0551,0.0276,0.0,0,-0.0,0.0
3154,2026-01-31,St Mirren,Dundee,A,4.75,0.2522,0.0528,0.0264,0.0,0,-0.0,0.0
3155,2026-01-31,Chelsea,West Ham,H,1.5,0.7038,0.1113,0.0557,0.0,1,0.0,0.0
3156,2026-01-31,Blackburn,Hull,A,3.2,0.3691,0.0823,0.0411,0.0,1,0.0,0.0
3157,2026-01-31,Napoli,Fiorentina,H,1.8,0.6723,0.2627,0.1313,0.0,1,0.0,0.0
3158,2026-02-01,Huesca,Cadiz,A,3.25,0.3435,0.0518,0.0259,0.0,0,-0.0,0.0
3159,2026-02-01,Real Madrid,Vallecano,H,1.25,0.821,0.1051,0.0526,0.0,1,0.0,0.0
3160,2026-02-01,Getafe,Celta,A,2.8,0.4128,0.0866,0.0433,0.0,0,-0.0,0.0
3161,2026-02-01,Nott'm Forest,Crystal Palace,A,3.9,0.3214,0.0874,0.0437,0.0,0,-0.0,0.0
3162,2026-02-01,Man United,Fulham,D,4.5,0.2732,0.0656,0.0328,0.0,0,-0.0,0.0
3163,2026-02-01,Como,Atalanta,A,3.2,0.3709,0.085,0.0425,0.0,0,-0.0,0.0
3164,2026-02-01,Dortmund,Heidenheim,H,1.22,0.8485,0.1599,0.08,0.0,1,0.0,0.0
3165,2026-02-01,Toulouse,Auxerre,H,1.75,0.6106,0.0914,0.0457,0.0,0,-0.0,0.0
3166,2026-02-01,Padova,Monza,D,3.5,0.3255,0.0557,0.0278,0.0,0,-0.0,0.0
3167,2026-02-01,Padova,Monza,H,4.33,0.2859,0.0715,0.0357,0.0,0,-0.0,0.0
3168,2026-02-01,Castellon,Andorra,A,6.5,0.2162,0.0736,0.0368,0.0,0,-0.0,0.0
3169,2026-02-01,Castellon,Andorra,D,4.5,0.2596,0.0481,0.024,0.0,0,-0.0,0.0
3170,2026-02-01,Parma,Juventus,H,7.5,0.1851,0.0597,0.0299,0.0,0,-0.0,0.0
3171,2026-02-01,Aston Villa,Brentford,H,2.1,0.5913,0.2197,0.1099,0.0,0,-0.0,0.0
3172,2026-02-01,Nice,Brest,H,2.1,0.5048,0.0546,0.0273,0.0,0,-0.0,0.0
3173,2026-02-02,Sunderland,Burnley,A,4.75,0.3025,0.1165,0.0583,0.0,0,-0.0,0.0
3174,2026-02-03,Hull,Watford,H,2.15,0.507,0.0783,0.0391,0.0,0,-0.0,0.0
3175,2026-02-03,Blackburn,Sheffield Weds,A,8.5,0.1672,0.0562,0.0281,0.0,0,-0.0,0.0
3176,2026-02-03,Sheffield United,Oxford,A,8.5,0.1735,0.0633,0.0316,0.0,0,-0.0,0.0
3177,2026-02-03,Bologna,Milan,A,2.5,0.4344,0.0573,0.0287,0.0,1,0.0,0.0
3178,2026-02-03,Blackburn,Sheffield Weds,D,5.0,0.2518,0.0648,0.0324,0.0,0,-0.0,0.0
3179,2026-02-04,Rangers,Kilmarnock,H,1.27,0.8393,0.2439,0.1219,0.0,1,0.0,0.0
3180,2026-02-06,Greuther Furth,Magdeburg,H,3.9,0.377,0.1622,0.0811,0.0,0,-0.0,0.0
3181,2026-02-06,Metz,Lille,H,6.0,0.2324,0.0789,0.0394,0.0,0,-0.0,0.0
3182,2026-02-06,Reims,Bastia,H,1.67,0.6258,0.0674,0.0337,0.0,0,-0.0,0.0
3183,2026-02-06,Union Berlin,Ein Frankfurt,A,3.6,0.4206,0.1978,0.0989,0.0,0,-0.0,0.0
3184,2026-02-06,Cesena,Pescara,H,1.66,0.627,0.0618,0.0309,0.0,1,0.0,0.0
3185,2026-02-06,Verona,Pisa,H,2.55,0.4237,0.0518,0.0259,0.0,0,-0.0,0.0
3186,2026-02-07,Birmingham,Leicester,A,4.5,0.2969,0.096,0.048,0.0,0,-0.0,0.0
3187,2026-02-07,Elversberg,Hertha,H,2.1,0.5495,0.1399,0.07,0.0,0,-0.0,0.0
3188,2026-02-07,Spezia,Virtus Entella,H,2.25,0.5609,0.2097,0.1048,0.0,0,-0.0,0.0
3189,2026-02-07,Modena,Sampdoria,A,5.5,0.2202,0.0469,0.0235,0.0,1,0.0,0.0
3190,2026-02-07,Mantova,Bari,A,3.9,0.2946,0.0513,0.0257,0.0,0,-0.0,0.0
3191,2026-02-07,Wrexham,Millwall,H,2.5,0.4437,0.0729,0.0364,0.0,0,-0.0,0.0
3192,2026-02-07,Hull,Bristol City,H,2.3,0.4885,0.0951,0.0475,0.0,0,-0.0,0.0
3193,2026-02-07,Schalke 04,Dresden,H,1.73,0.6158,0.0894,0.0447,0.0,0,-0.0,0.0
3194,2026-02-07,Birmingham,Leicester,D,3.8,0.2956,0.044,0.022,0.0,0,-0.0,0.0
3195,2026-02-07,Frosinone,Venezia,H,3.5,0.3841,0.1377,0.0689,0.0,0,-0.0,0.0
3196,2026-02-07,Le Mans,Laval,H,1.73,0.5836,0.0132,0.0066,0.0,0,-0.0,0.0
3197,2026-02-07,M'gladbach,Leverkusen,A,2.0,0.5736,0.1473,0.0736,0.0,0,-0.0,0.0
3198,2026-02-07,Derby,Ipswich,H,3.6,0.3488,0.0984,0.0492,0.0,0,-0.0,0.0
3199,2026-02-07,Wolfsburg,Dortmund,A,1.73,0.6219,0.104,0.052,0.0,1,0.0,0.0
3200,2026-02-07,Preston,Portsmouth,H,2.32,0.4623,0.055,0.0275,0.0,1,0.0,0.0
3201,2026-02-07,Andorra,Sociedad B,A,4.33,0.2793,0.0628,0.0314,0.0,1,0.0,0.0
3202,2026-02-07,Burnley,West Ham,H,3.3,0.4172,0.1638,0.0819,0.0,0,-0.0,0.0
3203,2026-02-07,Lens,Rennes,H,1.75,0.5988,0.0638,0.0319,0.0,1,0.0,0.0
3204,2026-02-08,Nice,Monaco,H,3.1,0.3939,0.1053,0.0526,0.0,0,-0.0,0.0
3205,2026-02-08,Karlsruhe,Fortuna Dusseldorf,H,2.8,0.4331,0.1182,0.0591,0.0,0,-0.0,0.0
3206,2026-02-09,Villarreal,Espanol,H,1.7,0.6454,0.1387,0.0694,0.0,1,0.0,0.0
3207,2026-02-10,Leicester,Southampton,H,3.1,0.4154,0.137,0.0685,0.0,0,-0.0,0.0
3208,2026-02-10,West Ham,Man United,H,4.5,0.2862,0.0822,0.0411,0.0,0,-0.0,0.0
3209,2026-02-10,Pescara,Catanzaro,A,2.45,0.4381,0.0506,0.0253,0.0,1,0.0,0.0
3210,2026-02-10,Virtus Entella,Cesena,A,2.82,0.4166,0.096,0.048,0.0,0,-0.0,0.0
3211,2026-02-10,Oxford,Norwich,H,3.1,0.3554,0.0485,0.0243,0.0,0,-0.0,0.0
3212,2026-02-10,Venezia,Modena,H,1.68,0.6372,0.1037,0.0519,0.0,0,-0.0,0.0
3213,2026-02-11,Empoli,Juve Stabia,H,2.35,0.4544,0.0503,0.0251,0.0,0,-0.0,0.0
3214,2026-02-11,Aston Villa,Brighton,H,1.91,0.5623,0.0813,0.0407,0.0,1,0.0,0.0
3215,2026-02-11,Bari,Spezia,H,3.0,0.3872,0.0808,0.0404,0.0,0,-0.0,0.0
3216,2026-02-11,Sudtirol,Monza,H,3.6,0.3214,0.0603,0.0302,0.0,0,-0.0,0.0
3217,2026-02-13,Amiens,Dunkerque,H,3.9,0.3055,0.0661,0.033,0.0,0,-0.0,0.0
3218,2026-02-13,Pau FC,Boulogne,H,1.91,0.5528,0.0615,0.0307,0.0,0,-0.0,0.0
3219,2026-02-13,Dortmund,Mainz,H,1.53,0.7166,0.182,0.091,0.0,1,0.0,0.0
3220,2026-02-13,Nurnberg,Karlsruhe,A,4.2,0.3213,0.1093,0.0546,0.0,0,-0.0,0.0
3221,2026-02-13,Nurnberg,Karlsruhe,D,4.0,0.2865,0.0487,0.0244,0.0,0,-0.0,0.0
3222,2026-02-13,Almeria,Andorra,H,1.68,0.6028,0.0188,0.0094,0.0,1,0.0,0.0
3223,2026-02-14,Getafe,Villarreal,A,2.25,0.5342,0.1615,0.0808,0.0,0,-0.0,0.0
3224,2026-02-14,Dresden,Elversberg,A,2.25,0.4905,0.0829,0.0414,0.0,1,0.0,0.0
3225,2026-02-14,Modena,Carrarese,A,5.25,0.2297,0.0485,0.0242,0.0,0,-0.0,0.0
3226,2026-02-14,Palermo,Virtus Entella,H,1.61,0.6928,0.1892,0.0946,0.0,1,0.0,0.0
3227,2026-02-14,Catanzaro,Mantova,H,1.86,0.5948,0.1236,0.0618,0.0,1,0.0,0.0
3228,2026-02-14,Cesena,Venezia,H,3.75,0.2961,0.0401,0.0201,0.0,0,-0.0,0.0
3229,2026-02-14,Ein Frankfurt,M'gladbach,H,1.95,0.5563,0.0893,0.0447,0.0,1,0.0,0.0
3230,2026-02-14,Hoffenheim,Freiburg,A,4.5,0.309,0.1116,0.0558,0.0,0,-0.0,0.0
3231,2026-02-14,Leverkusen,St Pauli,H,1.45,0.7557,0.2127,0.1063,0.0,1,0.0,0.0
3232,2026-02-14,Dundee,Livingston,H,2.05,0.567,0.1546,0.0773,0.0,0,-0.0,0.0
3233,2026-02-14,Grenoble,Reims,H,4.2,0.2851,0.0617,0.0309,0.0,0,-0.0,0.0
3234,2026-02-14,Inter,Juventus,H,1.95,0.5612,0.0993,0.0497,0.0,1,0.0,0.0
3235,2026-02-14,Lazio,Atalanta,H,3.5,0.3458,0.0841,0.042,0.0,0,-0.0,0.0
3236,2026-02-14,Cultural Leonesa,Zaragoza,H,2.35,0.4533,0.0483,0.0242,0.0,0,-0.0,0.0
3237,2026-02-14,Hibernian,St Mirren,H,1.81,0.61,0.1286,0.0643,0.0,1,0.0,0.0
3238,2026-02-14,Real Madrid,Sociedad,H,1.33,0.7812,0.1181,0.059,0.0,1,0.0,0.0
3239,2026-02-14,Preston,Watford,H,3.0,0.4392,0.1588,0.0794,0.0,0,-0.0,0.0
3240,2026-02-14,Sheffield Weds,Millwall,H,9.0,0.1875,0.0859,0.043,0.0,0,-0.0,0.0
3241,2026-02-14,Cordoba,Leganes,A,3.75,0.3034,0.0502,0.0251,0.0,0,-0.0,0.0
3242,2026-02-14,Granada,Valladolid,H,2.1,0.5642,0.168,0.084,0.0,1,0.0,0.0
3243,2026-02-15,Parma,Verona,H,2.3,0.5128,0.138,0.069,0.0,1,0.0,0.0
3244,2026-02-15,Avellino,Pescara,H,2.15,0.5682,0.1928,0.0964,0.0,0,-0.0,0.0
3245,2026-02-15,Torino,Bologna,H,3.3,0.3441,0.059,0.0295,0.0,0,-0.0,0.0
3246,2026-02-15,Vallecano,Ath Madrid,A,1.83,0.5544,0.0176,0.0088,0.0,0,-0.0,0.0
3247,2026-02-15,Mallorca,Betis,A,2.45,0.4391,0.0523,0.0261,0.0,1,0.0,0.0
3248,2026-02-15,Cremonese,Genoa,H,3.2,0.3477,0.0512,0.0256,0.0,0,-0.0,0.0
3249,2026-02-15,Rangers,Hearts,H,1.91,0.5459,0.0469,0.0235,0.0,1,0.0,0.0
3250,2026-02-15,Huesca,Ceuta,A,3.75,0.3291,0.0852,0.0426,0.0,0,-0.0,0.0
3251,2026-02-15,Castellon,La Coruna,A,4.0,0.2876,0.0502,0.0251,0.0,0,-0.0,0.0
3252,2026-02-15,Metz,Auxerre,H,2.88,0.3975,0.077,0.0385,0.0,0,-0.0,0.0
3253,2026-02-15,Holstein Kiel,Schalke 04,H,2.8,0.3958,0.0601,0.03,0.0,0,-0.0,0.0
3254,2026-02-15,Napoli,Roma,H,2.3,0.4741,0.0695,0.0347,0.0,0,-0.0,0.0
3255,2026-02-16,Cagliari,Lecce,H,2.2,0.4998,0.083,0.0415,0.0,0,-0.0,0.0
3256,2026-02-18,Milan,Como,H,2.25,0.5935,0.2682,0.1341,0.0,0,-0.0,0.0
3257,2026-02-20,Blackburn,Preston,A,3.9,0.3299,0.0989,0.0494,0.0,0,-0.0,0.0
3258,2026-02-20,Frosinone,Empoli,H,1.71,0.6024,0.0423,0.0212,0.0,0,-0.0,0.0
3259,2026-02-20,Boulogne,Clermont,H,2.38,0.4536,0.0577,0.0289,0.0,0,-0.0,0.0
3260,2026-02-20,Sassuolo,Verona,H,1.75,0.6037,0.0753,0.0376,0.0,1,0.0,0.0
3261,2026-02-20,Rodez,Montpellier,H,2.75,0.4027,0.0614,0.0307,0.0,1,0.0,0.0
3262,2026-02-20,Greuther Furth,Bielefeld,H,3.8,0.3423,0.1074,0.0537,0.0,1,0.0,0.0
3263,2026-02-20,Dunkerque,Bastia,H,2.0,0.5521,0.1041,0.0521,0.0,0,-0.0,0.0
3264,2026-02-20,Nancy,Grenoble,A,3.5,0.3704,0.1186,0.0593,0.0,0,-0.0,0.0
3265,2026-02-20,Annecy,Red Star,H,2.3,0.4502,0.0273,0.0137,0.0,1,0.0,0.0
3266,2026-02-21,Karlsruhe,Holstein Kiel,H,2.63,0.4193,0.0631,0.0315,0.0,1,0.0,0.0
3267,2026-02-21,Schalke 04,Magdeburg,H,2.2,0.5372,0.1515,0.0758,0.0,1,0.0,0.0
3268,2026-02-21,Venezia,Pescara,H,1.33,0.7838,0.1288,0.0644,0.0,1,0.0,0.0
3269,2026-02-21,Las Palmas,Castellon,H,2.45,0.4284,0.0343,0.0171,0.0,0,-0.0,0.0
3270,2026-02-21,Huesca,Mirandes,A,4.33,0.275,0.0573,0.0287,0.0,1,0.0,0.0
3271,2026-02-21,Wrexham,Ipswich,H,3.3,0.3638,0.0872,0.0436,0.0,1,0.0,0.0
3272,2026-02-21,Virtus Entella,Catanzaro,A,2.85,0.4167,0.1014,0.0507,0.0,1,0.0,0.0
3273,2026-02-21,Aston Villa,Leeds,H,1.85,0.6359,0.2074,0.1037,0.0,0,-0.0,0.0
3274,2026-02-21,Norwich,Birmingham,H,2.5,0.4236,0.0394,0.0197,0.0,0,-0.0,0.0
3275,2026-02-21,Elversberg,Braunschweig,H,1.57,0.6629,0.0715,0.0357,0.0,1,0.0,0.0
3276,2026-02-21,Wolfsburg,Augsburg,A,3.75,0.3169,0.0685,0.0343,0.0,1,0.0,0.0
3277,2026-02-21,RB Leipzig,Dortmund,A,3.1,0.4307,0.1597,0.0798,0.0,0,-0.0,0.0
3278,2026-02-21,Millwall,Portsmouth,H,1.81,0.5638,0.0253,0.0127,0.0,0,-0.0,0.0
3279,2026-02-21,Hearts,Falkirk,H,1.62,0.6344,0.0448,0.0224,0.0,1,0.0,0.0
3280,2026-02-21,Paris SG,Metz,H,1.14,0.8851,0.0643,0.0322,0.0,1,0.0,0.0
3281,2026-02-21,Hull,QPR,H,2.25,0.5021,0.1037,0.0519,0.0,0,-0.0,0.0
3282,2026-02-21,Betis,Vallecano,H,1.9,0.6036,0.1632,0.0816,0.0,0,-0.0,0.0
3283,2026-02-21,Juventus,Como,H,2.0,0.5502,0.1005,0.0502,0.0,0,-0.0,0.0
3284,2026-02-21,Union Berlin,Leverkusen,A,2.38,0.5713,0.2607,0.1303,0.0,0,-0.0,0.0
3285,2026-02-22,Freiburg,M'gladbach,H,1.95,0.5499,0.0762,0.0381,0.0,1,0.0,0.0
3286,2026-02-22,Reggiana,Avellino,H,2.7,0.4354,0.1033,0.0517,0.0,0,-0.0,0.0
3287,2026-02-22,Juve Stabia,Modena,H,3.2,0.4159,0.1504,0.0752,0.0,0,-0.0,0.0
3288,2026-02-22,Sp Gijon,Valladolid,H,1.86,0.5807,0.0932,0.0466,0.0,0,-0.0,0.0
3289,2026-02-22,Livingston,Rangers,A,1.35,0.7466,0.0226,0.0113,0.0,0,-0.0,0.0
3290,2026-02-22,Villarreal,Valencia,H,1.7,0.6531,0.1574,0.0787,0.0,1,0.0,0.0
3291,2026-02-22,Hannover,Dresden,H,1.53,0.6841,0.0879,0.044,0.0,0,-0.0,0.0
3292,2026-02-22,Strasbourg,Lyon,A,2.9,0.4125,0.1033,0.0517,0.0,0,-0.0,0.0
3293,2026-02-22,Paderborn,Hertha,H,2.25,0.4778,0.0601,0.0301,0.0,1,0.0,0.0
3294,2026-02-22,Sheffield United,Sheffield Weds,D,9.0,0.1545,0.0488,0.0244,0.0,0,-0.0,0.0
3295,2026-02-23,Everton,Man United,H,3.7,0.3768,0.146,0.073,0.0,0,-0.0,0.0
3296,2026-02-23,Everton,Man United,D,3.75,0.3085,0.057,0.0285,0.0,0,-0.0,0.0
3297,2026-02-24,Wrexham,Portsmouth,H,2.01,0.5574,0.1192,0.0596,0.0,1,0.0,0.0
3298,2026-02-24,Hull,Derby,H,2.55,0.4404,0.0794,0.0397,0.0,1,0.0,0.0
3299,2026-02-24,Watford,Ipswich,H,3.3,0.3341,0.0446,0.0223,0.0,0,-0.0,0.0
3300,2026-02-25,Millwall,Birmingham,H,2.4,0.4754,0.1007,0.0503,0.0,1,0.0,0.0
3301,2026-02-25,Norwich,Sheffield Weds,A,15.0,0.1187,0.0557,0.0279,0.0,0,-0.0,0.0
3302,2026-02-25,Ceuta,Cordoba,H,2.75,0.392,0.0446,0.0223,0.0,1,0.0,0.0
3303,2026-02-27,Albacete,Almeria,A,2.85,0.3787,0.0429,0.0214,0.0,0,-0.0,0.0
3304,2026-02-27,Strasbourg,Lens,A,3.1,0.3846,0.0916,0.0458,0.0,0,-0.0,0.0
3305,2026-02-27,Laval,Nancy,H,2.63,0.4528,0.1171,0.0585,0.0,0,-0.0,0.0
3306,2026-02-27,Bristol City,Watford,H,2.4,0.4459,0.0502,0.0251,0.0,0,-0.0,0.0
3307,2026-02-27,Wolves,Aston Villa,A,1.85,0.5787,0.0831,0.0416,0.0,0,-0.0,0.0
3308,2026-02-27,Monza,Virtus Entella,H,1.57,0.7186,0.2249,0.1125,0.0,1,0.0,0.0
3309,2026-02-27,Grenoble,Boulogne,H,2.55,0.491,0.1626,0.0813,0.0,0,-0.0,0.0
3310,2026-02-27,Dresden,Darmstadt,A,2.35,0.4657,0.0699,0.035,0.0,0,-0.0,0.0
3311,2026-02-28,Oxford,West Brom,H,3.2,0.3735,0.0888,0.0444,0.0,1,0.0,0.0
3312,2026-02-28,Inter,Genoa,H,1.33,0.8379,0.3465,0.1733,0.0,1,0.0,0.0
3313,2026-02-28,Greuther Furth,Schalke 04,H,4.33,0.3004,0.0903,0.0451,0.0,0,-0.0,0.0
3314,2026-02-28,Liverpool,West Ham,H,1.42,0.7296,0.0857,0.0428,0.0,1,0.0,0.0
3315,2026-02-28,Burnley,Brentford,H,4.5,0.2823,0.0772,0.0386,0.0,0,-0.0,0.0
3316,2026-02-28,Bournemouth,Sunderland,H,1.8,0.5918,0.0816,0.0408,0.0,0,-0.0,0.0
3317,2026-02-28,Hearts,Aberdeen,H,1.41,0.7121,0.0099,0.005,0.0,1,0.0,0.0
3318,2026-02-28,Barcelona,Villarreal,D,6.5,0.2173,0.075,0.0375,0.0,0,-0.0,0.0
3319,2026-02-28,Dortmund,Bayern Munich,D,4.75,0.2519,0.0524,0.0262,0.0,0,-0.0,0.0
3320,2026-02-28,Dortmund,Bayern Munich,H,4.5,0.2655,0.0557,0.0278,0.0,0,-0.0,0.0
3321,2026-02-28,Castellon,Santander,D,4.2,0.2869,0.0641,0.032,0.0,0,-0.0,0.0
3322,2026-02-28,Leicester,Norwich,H,2.4,0.4563,0.0679,0.0339,0.0,0,-0.0,0.0
3323,2026-02-28,Portsmouth,Hull,A,3.5,0.3419,0.0786,0.0393,0.0,1,0.0,0.0
3324,2026-02-28,Leverkusen,Mainz,H,1.7,0.6716,0.2025,0.1012,0.0,0,-0.0,0.0
3325,2026-02-28,Valladolid,Huesca,A,5.0,0.3033,0.1291,0.0646,0.0,0,-0.0,0.0
3326,2026-02-28,Sheffield Weds,Southampton,D,5.25,0.2519,0.0759,0.0379,0.0,0,-0.0,0.0
3327,2026-02-28,Sheffield Weds,Southampton,H,9.5,0.2081,0.1149,0.0574,0.0,0,-0.0,0.0
3328,2026-02-28,Vallecano,Ath Bilbao,A,3.2,0.3509,0.0558,0.0279,0.0,0,-0.0,0.0
3329,2026-02-28,Guingamp,Rodez,A,4.1,0.2845,0.0537,0.0269,0.0,0,-0.0,0.0
3330,2026-02-28,Empoli,Cesena,H,2.35,0.4869,0.1068,0.0534,0.0,0,-0.0,0.0
3331,2026-02-28,Castellon,Santander,A,4.33,0.3001,0.09,0.045,0.0,1,0.0,0.0
3332,2026-03-01,Marseille,Lyon,A,3.8,0.3158,0.0714,0.0357,0.0,0,-0.0,0.0
3333,2026-03-01,Lorient,Auxerre,H,2.05,0.5622,0.1453,0.0726,0.0,0,-0.0,0.0
3334,2026-03-01,Girona,Celta,A,3.0,0.3861,0.0792,0.0396,0.0,1,0.0,0.0
3335,2026-03-01,Sociedad B,La Coruna,H,3.25,0.3565,0.0706,0.0353,0.0,0,-0.0,0.0
3336,2026-03-01,Magdeburg,Karlsruhe,D,4.2,0.2768,0.0509,0.0254,0.0,0,-0.0,0.0
3337,2026-03-01,Magdeburg,Karlsruhe,A,4.1,0.3615,0.1556,0.0778,0.0,1,0.0,0.0
3338,2026-03-01,Paris FC,Nice,A,2.9,0.3989,0.0826,0.0413,0.0,0,-0.0,0.0
3339,2026-03-01,Eibar,Cadiz,A,5.0,0.2356,0.0445,0.0223,0.0,0,-0.0,0.0
3340,2026-03-01,Man United,Crystal Palace,D,4.5,0.2781,0.0718,0.0359,0.0,0,-0.0,0.0
3341,2026-03-01,Stuttgart,Wolfsburg,H,1.5,0.6923,0.077,0.0385,0.0,1,0.0,0.0
3342,2026-03-01,Man United,Crystal Palace,A,5.5,0.2229,0.0502,0.0251,0.0,0,-0.0,0.0
3343,2026-03-01,Betis,Sevilla,H,1.75,0.6259,0.1271,0.0636,0.0,0,-0.0,0.0
3344,2026-03-01,Roma,Juventus,H,2.63,0.4631,0.1336,0.0668,0.0,0,-0.0,0.0
3345,2026-03-01,Torino,Lazio,A,2.7,0.4093,0.0619,0.0309,0.0,0,-0.0,0.0
3346,2026-03-01,Fulham,Tottenham,H,2.1,0.5415,0.1247,0.0623,0.0,1,0.0,0.0
3347,2026-03-02,Real Madrid,Getafe,H,1.3,0.8305,0.2656,0.1328,0.0,0,-0.0,0.0
3348,2026-03-02,Amiens,Troyes,H,4.1,0.276,0.0424,0.0212,0.0,0,-0.0,0.0
3349,2026-03-03,Padova,Spezia,H,2.7,0.4158,0.0721,0.0361,0.0,0,-0.0,0.0
3350,2026-03-03,Ipswich,Hull,A,6.25,0.2112,0.061,0.0305,0.0,0,-0.0,0.0
3351,2026-03-04,Palermo,Mantova,H,1.53,0.6627,0.0263,0.0131,0.0,1,0.0,0.0
3352,2026-03-04,Fulham,West Ham,H,2.0,0.5509,0.1019,0.0509,0.0,0,-0.0,0.0
3353,2026-03-04,Man City,Nott'm Forest,H,1.38,0.7792,0.1981,0.099,0.0,0,-0.0,0.0
3354,2026-03-04,Juve Stabia,Sampdoria,H,2.32,0.4844,0.0939,0.0469,0.0,0,-0.0,0.0
3355,2026-03-04,Hamburg,Leverkusen,A,2.05,0.5335,0.0893,0.0446,0.0,1,0.0,0.0
3356,2026-03-04,Aston Villa,Chelsea,H,2.7,0.4359,0.1041,0.0521,0.0,0,-0.0,0.0
3357,2026-03-04,Frosinone,Pescara,H,1.53,0.7462,0.2674,0.1337,0.0,0,-0.0,0.0
3358,2026-03-05,Tottenham,Crystal Palace,A,3.1,0.3813,0.0867,0.0433,0.0,1,0.0,0.0
3359,2026-03-06,Napoli,Torino,H,1.57,0.742,0.2893,0.1446,0.0,1,0.0,0.0
3360,2026-03-06,Celta,Real Madrid,A,2.3,0.5365,0.1799,0.09,0.0,1,0.0,0.0
3361,2026-03-06,Cadiz,Zaragoza,H,2.2,0.5183,0.1169,0.0584,0.0,0,-0.0,0.0
3362,2026-03-06,Bayern Munich,M'gladbach,H,1.2,0.8716,0.2295,0.1148,0.0,1,0.0,0.0
3363,2026-03-06,Elversberg,Magdeburg,H,1.91,0.671,0.3095,0.1548,0.0,1,0.0,0.0
3364,2026-03-06,Preston,Oxford,H,2.1,0.4974,0.0406,0.0203,0.0,0,-0.0,0.0
3365,2026-03-06,Schalke 04,Bielefeld,H,1.85,0.5774,0.0802,0.0401,0.0,1,0.0,0.0
3366,2026-03-07,Sheffield United,West Brom,H,1.71,0.6025,0.0426,0.0213,0.0,0,-0.0,0.0
3367,2026-03-07,Cagliari,Como,D,4.0,0.3028,0.0705,0.0352,0.0,0,-0.0,0.0
3368,2026-03-07,Cagliari,Como,H,5.75,0.2908,0.1416,0.0708,0.0,0,-0.0,0.0
3369,2026-03-07,Freiburg,Leverkusen,A,2.4,0.4701,0.0916,0.0458,0.0,0,-0.0,0.0
3370,2026-03-07,Atalanta,Udinese,H,1.67,0.675,0.1899,0.095,0.0,0,-0.0,0.0
3371,2026-03-07,Charlton,Birmingham,H,3.5,0.386,0.1404,0.0702,0.0,1,0.0,0.0
3372,2026-03-07,Hull,Millwall,H,3.1,0.3687,0.0681,0.0341,0.0,0,-0.0,0.0
3373,2026-03-07,Levante,Girona,H,2.8,0.3927,0.0554,0.0277,0.0,0,-0.0,0.0
3374,2026-03-07,Sociedad B,Castellon,H,3.8,0.3077,0.0604,0.0302,0.0,1,0.0,0.0
3375,2026-03-07,Modena,Cesena,A,5.25,0.2506,0.0743,0.0371,0.0,0,-0.0,0.0
3376,2026-03-07,Sudtirol,Virtus Entella,H,2.01,0.5856,0.1753,0.0877,0.0,0,-0.0,0.0
3377,2026-03-07,Darmstadt,Holstein Kiel,H,1.95,0.5615,0.1,0.05,0.0,1,0.0,0.0
3378,2026-03-07,Malaga,Valladolid,H,1.96,0.5973,0.1778,0.0889,0.0,0,-0.0,0.0
3379,2026-03-07,FC Koln,Dortmund,A,1.75,0.5926,0.0494,0.0247,0.0,1,0.0,0.0
3380,2026-03-07,Ath Madrid,Sociedad,H,1.62,0.6587,0.1082,0.0541,0.0,1,0.0,0.0
3381,2026-03-07,Toulouse,Marseille,A,2.35,0.466,0.0704,0.0352,0.0,1,0.0,0.0
3382,2026-03-08,Catanzaro,Empoli,H,2.2,0.5127,0.1067,0.0533,0.0,1,0.0,0.0
3383,2026-03-08,Brest,Le Havre,H,1.91,0.5506,0.0567,0.0283,0.0,1,0.0,0.0
3384,2026-03-08,Lyon,Paris FC,H,1.67,0.6481,0.123,0.0615,0.0,0,-0.0,0.0
3385,2026-03-08,Pescara,Bari,A,3.8,0.3276,0.0874,0.0437,0.0,0,-0.0,0.0
3386,2026-03-08,Karlsruhe,Dresden,H,2.5,0.547,0.245,0.1225,0.0,0,-0.0,0.0
3387,2026-03-08,Frosinone,Sampdoria,H,1.79,0.6383,0.1805,0.0902,0.0,1,0.0,0.0
3388,2026-03-08,Getafe,Betis,A,2.8,0.4341,0.1197,0.0598,0.0,0,-0.0,0.0
3389,2026-03-08,St Pauli,Ein Frankfurt,A,2.6,0.4795,0.1542,0.0771,0.0,0,-0.0,0.0
3390,2026-03-08,Bologna,Verona,H,1.55,0.7023,0.1611,0.0805,0.0,0,-0.0,0.0
3391,2026-03-08,Santander,Cordoba,H,1.96,0.5702,0.1225,0.0613,0.0,1,0.0,0.0
3392,2026-03-08,Villarreal,Elche,H,1.5,0.6915,0.0745,0.0372,0.0,1,0.0,0.0
3393,2026-03-09,Lazio,Sassuolo,H,2.15,0.4911,0.0486,0.0243,0.0,1,0.0,0.0
3394,2026-03-10,Millwall,Derby,H,2.05,0.5403,0.1024,0.0512,0.0,1,0.0,0.0
3395,2026-03-10,Sheffield Weds,Watford,H,7.0,0.2297,0.1013,0.0506,0.0,0,-0.0,0.0
3396,2026-03-10,Stoke,Ipswich,D,3.75,0.3041,0.051,0.0255,0.0,1,0.0,0.0
3397,2026-03-10,Stoke,Ipswich,H,4.5,0.2787,0.0726,0.0363,0.0,0,-0.0,0.0
3398,2026-03-11,Birmingham,QPR,A,4.5,0.2717,0.0636,0.0318,0.0,0,-0.0,0.0
3399,2026-03-11,Oxford,Blackburn,H,2.65,0.4158,0.0618,0.0309,0.0,1,0.0,0.0
3400,2026-03-13,Wrexham,Swansea,H,2.2,0.4926,0.0699,0.0349,0.0,1,0.0,0.0
3401,2026-03-13,Alaves,Villarreal,A,2.2,0.5248,0.1287,0.0644,0.0,0,-0.0,0.0
3402,2026-03-13,Marseille,Auxerre,H,1.42,0.7167,0.0422,0.0211,0.0,1,0.0,0.0
3403,2026-03-13,Modena,Spezia,A,5.0,0.2567,0.0709,0.0355,0.0,0,-0.0,0.0
3404,2026-03-13,Magdeburg,Darmstadt,A,2.6,0.467,0.1338,0.0669,0.0,0,-0.0,0.0
3405,2026-03-14,Empoli,Mantova,H,2.01,0.5254,0.0556,0.0278,0.0,0,-0.0,0.0
3406,2026-03-14,Millwall,Blackburn,H,1.66,0.6359,0.0841,0.0421,0.0,0,-0.0,0.0
3407,2026-03-14,Birmingham,Sheffield United,A,3.5,0.3293,0.061,0.0305,0.0,0,-0.0,0.0
3408,2026-03-14,Coventry,Southampton,H,1.71,0.5911,0.0152,0.0076,0.0,0,-0.0,0.0
3409,2026-03-14,Grenoble,St Etienne,H,4.33,0.2657,0.0452,0.0226,0.0,0,-0.0,0.0
3410,2026-03-14,Monza,Palermo,H,2.15,0.4886,0.0439,0.022,0.0,1,0.0,0.0
3411,2026-03-14,Napoli,Lecce,H,1.33,0.7842,0.1302,0.0651,0.0,1,0.0,0.0
3412,2026-03-14,Burnley,Bournemouth,H,4.1,0.2854,0.0549,0.0274,0.0,0,-0.0,0.0
3413,2026-03-14,Sheffield Weds,Ipswich,D,5.75,0.22,0.0558,0.0279,0.0,0,-0.0,0.0
3414,2026-03-14,Middlesbrough,Bristol City,A,6.5,0.1981,0.0523,0.0262,0.0,0,-0.0,0.0
3415,2026-03-14,Grenoble,St Etienne,D,3.5,0.3083,0.0317,0.0158,0.0,1,0.0,0.0
3416,2026-03-14,Sheffield Weds,Ipswich,H,11.0,0.1621,0.0783,0.0392,0.0,0,-0.0,0.0
3417,2026-03-14,Hibernian,Livingston,H,1.39,0.8151,0.341,0.1705,0.0,0,-0.0,0.0
3418,2026-03-14,Cultural Leonesa,Santander,A,2.1,0.5069,0.0586,0.0293,0.0,1,0.0,0.0
3419,2026-03-14,Dortmund,Augsburg,H,1.42,0.7597,0.1874,0.0937,0.0,1,0.0,0.0
3420,2026-03-14,West Ham,Man City,A,1.7,0.6203,0.0778,0.0389,0.0,0,-0.0,0.0
3421,2026-03-14,West Brom,Hull,A,3.25,0.3832,0.109,0.0545,0.0,0,-0.0,0.0
3422,2026-03-14,Real Madrid,Elche,H,1.33,0.8236,0.2891,0.1445,0.0,1,0.0,0.0
3423,2026-03-14,Celtic,Motherwell,H,1.62,0.6363,0.0497,0.0249,0.0,1,0.0,0.0
3424,2026-03-14,Ath Madrid,Getafe,H,1.57,0.702,0.1791,0.0895,0.0,1,0.0,0.0
3425,2026-03-14,Ceuta,La Coruna,H,2.85,0.407,0.0865,0.0432,0.0,0,-0.0,0.0
3426,2026-03-14,Udinese,Juventus,H,5.75,0.2188,0.0543,0.0271,0.0,0,-0.0,0.0
3427,2026-03-14,Ein Frankfurt,Heidenheim,H,1.53,0.7505,0.2797,0.1399,0.0,1,0.0,0.0
3428,2026-03-14,Valladolid,Leganes,A,3.9,0.3755,0.1602,0.0801,0.0,0,-0.0,0.0
3429,2026-03-14,Bielefeld,Paderborn,A,2.5,0.4352,0.0587,0.0293,0.0,0,-0.0,0.0
3430,2026-03-15,Cordoba,Sociedad B,A,5.0,0.2462,0.0578,0.0289,0.0,1,0.0,0.0
3431,2026-03-15,Lazio,Milan,H,4.1,0.2845,0.0537,0.0268,0.0,1,0.0,0.0
3432,2026-03-15,Pisa,Cagliari,A,3.1,0.383,0.0892,0.0446,0.0,0,-0.0,0.0
3433,2026-03-15,Sp Gijon,Castellon,H,2.75,0.4073,0.0687,0.0343,0.0,1,0.0,0.0
3434,2026-03-15,Cordoba,Sociedad B,D,3.9,0.2869,0.0409,0.0205,0.0,0,-0.0,0.0
3435,2026-03-15,Le Havre,Lyon,A,2.0,0.5366,0.0732,0.0366,0.0,0,-0.0,0.0
3436,2026-03-15,Como,Roma,A,3.6,0.3167,0.0539,0.0269,0.0,0,-0.0,0.0
3437,2026-03-15,Sociedad,Osasuna,A,4.33,0.294,0.082,0.041,0.0,0,-0.0,0.0
3438,2026-03-15,Barcelona,Sevilla,H,1.25,0.8474,0.2372,0.1186,0.0,1,0.0,0.0
3439,2026-03-15,Man United,Aston Villa,A,4.5,0.3038,0.1049,0.0524,0.0,0,-0.0,0.0
3440,2026-03-15,Crystal Palace,Leeds,H,2.55,0.495,0.1692,0.0846,0.0,0,-0.0,0.0
3441,2026-03-15,Freiburg,Union Berlin,H,2.15,0.5366,0.1337,0.0668,0.0,0,-0.0,0.0
3442,2026-03-16,Portsmouth,Derby,A,3.4,0.3391,0.0637,0.0318,0.0,1,0.0,0.0
3443,2026-03-17,Reggiana,Monza,H,6.0,0.2247,0.0696,0.0348,0.0,0,-0.0,0.0
3444,2026-03-20,Rodez,Bastia,H,2.5,0.5579,0.2631,0.1315,0.0,0,-0.0,0.0
3445,2026-03-20,Villarreal,Sociedad,H,1.91,0.5992,0.1588,0.0794,0.0,1,0.0,0.0
3446,2026-03-20,Bournemouth,Man United,H,3.2,0.3668,0.079,0.0395,0.0,0,-0.0,0.0
3447,2026-03-20,Boulogne,Nancy,H,2.25,0.5405,0.173,0.0865,0.0,0,-0.0,0.0
3448,2026-03-20,Karlsruhe,Greuther Furth,H,2.15,0.4891,0.0448,0.0224,0.0,1,0.0,0.0
3449,2026-03-21,Bayern Munich,Union Berlin,H,1.17,0.869,0.0984,0.0492,0.0,1,0.0,0.0
3450,2026-03-21,QPR,Portsmouth,H,2.75,0.4583,0.1488,0.0744,0.0,1,0.0,0.0
3451,2026-03-21,Charlton,Norwich,H,3.4,0.3812,0.1234,0.0617,0.0,0,-0.0,0.0
3452,2026-03-21,Bristol City,West Brom,H,2.4,0.4831,0.114,0.057,0.0,0,-0.0,0.0
3453,2026-03-21,Derby,Birmingham,H,2.7,0.4691,0.1569,0.0784,0.0,1,0.0,0.0
3454,2026-03-21,Blackburn,Middlesbrough,H,4.1,0.2993,0.0732,0.0366,0.0,0,-0.0,0.0
3455,2026-03-21,Rangers,Aberdeen,H,1.25,0.8138,0.0688,0.0344,0.0,1,0.0,0.0
3456,2026-03-21,Sheffield United,Wrexham,A,3.9,0.3218,0.088,0.044,0.0,1,0.0,0.0
3457,2026-03-21,Dortmund,Hamburg,H,1.4,0.7585,0.1548,0.0774,0.0,1,0.0,0.0
3458,2026-03-21,Heidenheim,Leverkusen,A,1.57,0.6737,0.1012,0.0506,0.0,0,-0.0,0.0
3459,2026-03-21,Leeds,Brentford,A,2.88,0.4042,0.0873,0.0436,0.0,0,-0.0,0.0
3460,2026-03-21,Auxerre,Brest,A,3.25,0.3794,0.1035,0.0518,0.0,0,-0.0,0.0
3461,2026-03-21,Parma,Cremonese,H,2.05,0.5362,0.0945,0.0472,0.0,0,-0.0,0.0
3462,2026-03-21,Darmstadt,Schalke 04,H,2.6,0.4446,0.0975,0.0488,0.0,0,-0.0,0.0
3463,2026-03-21,Nice,Paris SG,H,8.0,0.1853,0.0689,0.0344,0.0,0,-0.0,0.0
3464,2026-03-21,Elversberg,Bielefeld,H,1.91,0.5912,0.1419,0.071,0.0,1,0.0,0.0
3465,2026-03-21,Kilmarnock,Livingston,H,1.86,0.5547,0.037,0.0185,0.0,1,0.0,0.0
3466,2026-03-21,Motherwell,Hibernian,A,4.0,0.291,0.0547,0.0273,0.0,0,-0.0,0.0
3467,2026-03-21,Paderborn,Dresden,H,1.75,0.5983,0.0626,0.0313,0.0,1,0.0,0.0
3468,2026-03-21,Toulouse,Lorient,A,4.5,0.304,0.1052,0.0526,0.0,0,-0.0,0.0
3469,2026-03-21,Padova,Palermo,H,4.75,0.2744,0.0809,0.0404,0.0,0,-0.0,0.0
3470,2026-03-21,Leganes,Ceuta,A,4.5,0.262,0.0511,0.0256,0.0,0,-0.0,0.0
3471,2026-03-21,Andorra,Eibar,A,3.2,0.3581,0.0663,0.0331,0.0,1,0.0,0.0
3472,2026-03-21,Santander,Albacete,H,1.79,0.5896,0.07,0.035,0.0,0,-0.0,0.0
3473,2026-03-21,Milan,Torino,H,1.4,0.7266,0.0432,0.0216,0.0,1,0.0,0.0
3474,2026-03-21,Everton,Chelsea,H,3.5,0.3306,0.0628,0.0314,0.0,1,0.0,0.0
3475,2026-03-22,Mirandes,Valladolid,H,2.82,0.397,0.0657,0.0328,0.0,1,0.0,0.0
3476,2026-03-22,Empoli,Pescara,H,1.96,0.5361,0.0528,0.0264,0.0,1,0.0,0.0
3477,2026-03-22,Celta,Alaves,H,1.83,0.5763,0.0658,0.0329,0.0,0,-0.0,0.0
3478,2026-03-22,Aston Villa,West Ham,H,1.95,0.6261,0.2324,0.1162,0.0,1,0.0,0.0
3479,2026-03-22,Lyon,Monaco,H,2.75,0.4088,0.071,0.0355,0.0,0,-0.0,0.0
3480,2026-03-22,Virtus Entella,Reggiana,A,4.2,0.3185,0.1055,0.0528,0.0,0,-0.0,0.0
3481,2026-03-22,Burgos,Cordoba,H,2.25,0.5025,0.1044,0.0522,0.0,1,0.0,0.0
3482,2026-03-22,Bari,Carrarese,H,3.0,0.4067,0.11,0.055,0.0,0,-0.0,0.0
3483,2026-03-22,St Pauli,Freiburg,A,2.8,0.4296,0.1128,0.0564,0.0,1,0.0,0.0
3484,2026-03-22,Atalanta,Verona,H,1.38,0.8003,0.2749,0.1375,0.0,1,0.0,0.0
3485,2026-03-22,Roma,Lecce,H,1.53,0.7242,0.204,0.102,0.0,1,0.0,0.0
3486,2026-03-22,PreuÃen MÃ¼nster,Magdeburg,H,3.0,0.4182,0.1273,0.0636,0.0,0,-0.0,0.0
3487,2026-03-22,Barcelona,Vallecano,H,1.25,0.8235,0.1174,0.0587,0.0,1,0.0,0.0
3488,2026-03-22,Bochum,Holstein Kiel,H,2.0,0.5219,0.0438,0.0219,0.0,0,-0.0,0.0
3489,2026-03-22,Mainz,Ein Frankfurt,A,3.25,0.3757,0.0983,0.0491,0.0,0,-0.0,0.0
3490,2026-03-27,Cordoba,Mirandes,D,3.9,0.2896,0.0446,0.0223,0.0,1,0.0,0.0
3491,2026-03-27,Cordoba,Mirandes,A,5.25,0.2543,0.0788,0.0394,0.0,0,-0.0,0.0
3492,2026-03-28,Albacete,Castellon,H,2.7,0.4547,0.134,0.067,0.0,0,-0.0,0.0
3493,2026-03-28,Valladolid,Burgos,A,3.5,0.3787,0.1302,0.0651,0.0,1,0.0,0.0
3494,2026-03-29,Zaragoza,Santander,A,2.35,0.4483,0.0397,0.0198,0.0,0,-0.0,0.0
3495,2026-03-31,Valladolid,Cadiz,D,4.1,0.292,0.0637,0.0318,0.0,0,-0.0,0.0
3496,2026-03-31,Valladolid,Cadiz,A,5.75,0.2981,0.1504,0.0752,0.0,0,-0.0,0.0
3497,2026-03-31,La Coruna,Cordoba,H,1.86,0.5702,0.0704,0.0352,0.0,1,0.0,0.0
3498,2026-04-01,Burgos,Ceuta,A,5.25,0.2291,0.0477,0.0239,0.0,0,-0.0,0.0
3499,2026-04-01,Andorra,Malaga,A,3.0,0.3717,0.0575,0.0288,0.0,0,-0.0,0.0
3500,2026-04-02,Castellon,Almeria,A,3.3,0.3843,0.1166,0.0583,0.0,0,-0.0,0.0
3501,2026-04-03,Norwich,Portsmouth,H,1.91,0.5679,0.0931,0.0465,0.0,0,-0.0,0.0
3502,2026-04-03,Oxford,Hull,A,2.85,0.3827,0.049,0.0245,0.0,0,-0.0,0.0
3503,2026-04-03,West Brom,Wrexham,A,3.5,0.3856,0.1399,0.0699,0.0,0,-0.0,0.0
3504,2026-04-03,Birmingham,Blackburn,A,4.5,0.265,0.0549,0.0275,0.0,1,0.0,0.0
3505,2026-04-03,Annecy,Guingamp,H,2.75,0.4144,0.0798,0.0399,0.0,1,0.0,0.0
3506,2026-04-03,Grenoble,Clermont,H,2.5,0.4504,0.084,0.042,0.0,0,-0.0,0.0
3507,2026-04-03,Middlesbrough,Millwall,D,3.9,0.2901,0.0454,0.0227,0.0,0,-0.0,0.0
3508,2026-04-03,Middlesbrough,Millwall,A,4.5,0.2825,0.0776,0.0388,0.0,1,0.0,0.0
3509,2026-04-04,Kaiserslautern,Fortuna Dusseldorf,H,2.5,0.4586,0.0977,0.0488,0.0,1,0.0,0.0
3510,2026-04-04,Magdeburg,Bochum,A,3.25,0.3852,0.112,0.056,0.0,0,-0.0,0.0
3511,2026-04-04,Mallorca,Real Madrid,A,1.57,0.666,0.08,0.04,0.0,0,-0.0,0.0
3512,2026-04-04,Cadiz,Cordoba,H,3.0,0.4235,0.1352,0.0676,0.0,0,-0.0,0.0
3513,2026-04-04,Bielefeld,Darmstadt,A,2.88,0.4247,0.1187,0.0594,0.0,0,-0.0,0.0
3514,2026-04-04,Hoffenheim,Mainz,A,4.75,0.2794,0.0873,0.0437,0.0,1,0.0,0.0
3515,2026-04-04,Lazio,Parma,H,1.8,0.6072,0.1162,0.0581,0.0,0,-0.0,0.0
3516,2026-04-04,Stuttgart,Dortmund,A,2.8,0.3978,0.0633,0.0317,0.0,1,0.0,0.0
3517,2026-04-04,Leverkusen,Wolfsburg,H,1.4,0.7538,0.1383,0.0692,0.0,1,0.0,0.0
3518,2026-04-04,Brest,Rennes,H,3.1,0.3698,0.0696,0.0348,0.0,0,-0.0,0.0
3519,2026-04-05,Lorient,Paris FC,H,2.25,0.4875,0.0775,0.0388,0.0,0,-0.0,0.0
3520,2026-04-05,Ein Frankfurt,FC Koln,H,2.0,0.5924,0.1849,0.0924,0.0,0,-0.0,0.0
3521,2026-04-05,Frosinone,Padova,H,1.46,0.7187,0.107,0.0535,0.0,1,0.0,0.0
3522,2026-04-05,Andorra,Santander,A,2.7,0.4219,0.0819,0.0409,0.0,0,-0.0,0.0
3523,2026-04-05,Zaragoza,Mirandes,A,4.5,0.286,0.082,0.041,0.0,1,0.0,0.0
3524,2026-04-05,Metz,Nantes,H,2.8,0.397,0.062,0.031,0.0,0,-0.0,0.0
3525,2026-04-05,Schalke 04,Karlsruhe,D,4.5,0.2645,0.0543,0.0272,0.0,0,-0.0,0.0
3526,2026-04-05,Schalke 04,Karlsruhe,A,5.75,0.2263,0.0634,0.0317,0.0,0,-0.0,0.0
3527,2026-04-06,Bari,Modena,H,4.2,0.3331,0.1247,0.0624,0.0,1,0.0,0.0
3528,2026-04-06,Reggiana,Pescara,H,2.75,0.4321,0.1075,0.0538,0.0,0,-0.0,0.0
3529,2026-04-06,Le Mans,Pau FC,H,1.9,0.5407,0.0305,0.0152,0.0,1,0.0,0.0
3530,2026-04-06,Napoli,Milan,H,2.55,0.4434,0.0842,0.0421,0.0,1,0.0,0.0
3531,2026-04-06,Girona,Villarreal,A,2.2,0.5365,0.1503,0.0752,0.0,0,-0.0,0.0
3532,2026-04-06,Castellon,Granada,A,5.0,0.2579,0.0724,0.0362,0.0,0,-0.0,0.0
3533,2026-04-06,Swansea,Middlesbrough,H,3.8,0.3379,0.1014,0.0507,0.0,0,-0.0,0.0
3534,2026-04-06,Blackburn,West Brom,H,2.57,0.4197,0.0502,0.0251,0.0,0,-0.0,0.0
3535,2026-04-06,Bristol City,Sheffield United,H,2.85,0.3922,0.0637,0.0319,0.0,1,0.0,0.0
3536,2026-04-06,Sheffield Weds,Leicester,H,6.5,0.2435,0.1059,0.053,0.0,0,-0.0,0.0
3537,2026-04-06,Hull,Coventry,H,4.0,0.2912,0.055,0.0275,0.0,0,-0.0,0.0
3538,2026-04-06,Udinese,Como,H,5.0,0.2545,0.0681,0.0341,0.0,0,-0.0,0.0
3539,2026-04-06,Millwall,Norwich,H,2.15,0.5275,0.1166,0.0583,0.0,0,-0.0,0.0
3540,2026-04-10,West Brom,Millwall,A,3.2,0.3934,0.1177,0.0588,0.0,0,-0.0,0.0
3541,2026-04-10,Frosinone,Palermo,H,2.2,0.481,0.0484,0.0242,0.0,0,-0.0,0.0
3542,2026-04-10,Augsburg,Hoffenheim,H,3.5,0.3363,0.0709,0.0354,0.0,0,-0.0,0.0
3543,2026-04-10,Real Madrid,Girona,H,1.3,0.7845,0.0662,0.0331,0.0,0,-0.0,0.0
3544,2026-04-10,Clermont,Nancy,H,2.15,0.4803,0.0283,0.0142,0.0,0,-0.0,0.0
3545,2026-04-10,Karlsruhe,Bielefeld,H,3.25,0.4787,0.2471,0.1235,0.0,1,0.0,0.0
3546,2026-04-11,Wolfsburg,Ein Frankfurt,A,2.55,0.5011,0.1793,0.0896,0.0,1,0.0,0.0
3547,2026-04-11,St Pauli,Bayern Munich,A,1.36,0.7774,0.1591,0.0795,0.0,1,0.0,0.0
3548,2026-04-11,Nurnberg,Dresden,H,2.1,0.5212,0.0859,0.0429,0.0,0,-0.0,0.0
3549,2026-04-11,Darmstadt,Hannover,H,2.7,0.4154,0.0715,0.0357,0.0,0,-0.0,0.0
3550,2026-04-11,Sevilla,Ath Madrid,A,2.8,0.5769,0.3418,0.1709,0.0,0,-0.0,0.0
3551,2026-04-11,Torino,Verona,H,1.9,0.5909,0.1363,0.0682,0.0,1,0.0,0.0
3552,2026-04-11,Atalanta,Juventus,H,3.1,0.4209,0.1451,0.0725,0.0,0,-0.0,0.0
3553,2026-04-11,Celtic,St Mirren,H,1.27,0.7993,0.0558,0.0279,0.0,1,0.0,0.0
3554,2026-04-11,Arsenal,Bournemouth,H,1.44,0.7343,0.1303,0.0652,0.0,0,-0.0,0.0
3555,2026-04-11,Sudtirol,Modena,H,3.1,0.3958,0.1081,0.054,0.0,0,-0.0,0.0
3556,2026-04-11,Rennes,Angers,A,8.5,0.162,0.0503,0.0251,0.0,0,-0.0,0.0
3557,2026-04-11,Sheffield United,Hull,A,4.1,0.3037,0.0791,0.0395,0.0,0,-0.0,0.0
3558,2026-04-11,Stoke,Blackburn,H,2.57,0.4199,0.0504,0.0252,0.0,0,-0.0,0.0
3559,2026-04-11,Barcelona,Espanol,H,1.29,0.8624,0.3879,0.1939,0.0,1,0.0,0.0
3560,2026-04-11,Red Star,Bastia,H,2.15,0.5023,0.0695,0.0347,0.0,1,0.0,0.0
3561,2026-04-12,Ath Bilbao,Villarreal,A,3.1,0.4207,0.1448,0.0724,0.0,1,0.0,0.0
3562,2026-04-12,Bologna,Lecce,H,1.8,0.6215,0.1483,0.0741,0.0,1,0.0,0.0
3563,2026-04-12,Osasuna,Betis,A,3.3,0.3597,0.0814,0.0407,0.0,0,-0.0,0.0
3564,2026-04-12,Como,Inter,A,2.25,0.4818,0.0672,0.0336,0.0,1,0.0,0.0
3565,2026-04-12,Paderborn,Magdeburg,H,1.83,0.6048,0.1288,0.0644,0.0,1,0.0,0.0
3566,2026-04-12,Sunderland,Tottenham,H,2.7,0.4304,0.0954,0.0477,0.0,1,0.0,0.0
3567,2026-04-12,Mirandes,Castellon,H,3.75,0.3434,0.1046,0.0523,0.0,0,-0.0,0.0
3568,2026-04-12,Birmingham,Wrexham,A,3.5,0.3489,0.0885,0.0442,0.0,0,-0.0,0.0
3569,2026-04-12,Reggiana,Carrarese,H,3.3,0.3345,0.0451,0.0226,0.0,1,0.0,0.0
3570,2026-04-12,Cadiz,Andorra,H,3.25,0.3883,0.1164,0.0582,0.0,0,-0.0,0.0
3571,2026-04-12,Granada,Cultural Leonesa,H,1.81,0.5899,0.0835,0.0418,0.0,1,0.0,0.0
3572,2026-04-12,Nott'm Forest,Aston Villa,A,2.7,0.4382,0.1077,0.0539,0.0,0,-0.0,0.0
3573,2026-04-12,FC Koln,Werder Bremen,A,3.2,0.3477,0.0511,0.0256,0.0,0,-0.0,0.0
3574,2026-04-13,Valladolid,Eibar,A,3.2,0.4219,0.1591,0.0795,0.0,0,-0.0,0.0
3575,2026-04-13,Fiorentina,Lazio,A,3.4,0.3443,0.0711,0.0355,0.0,0,-0.0,0.0
3576,2026-04-13,Rodez,Troyes,H,3.2,0.3549,0.0616,0.0308,0.0,1,0.0,0.0
3577,2026-04-14,Catanzaro,Modena,H,2.55,0.4921,0.1644,0.0822,0.0,0,-0.0,0.0
3578,2026-04-17,Nancy,Annecy,A,2.7,0.4121,0.0662,0.0331,0.0,1,0.0,0.0
3579,2026-04-17,Rodez,Amiens,H,1.57,0.6472,0.0283,0.0141,0.0,1,0.0,0.0
3580,2026-04-17,Elversberg,Karlsruhe,A,6.0,0.2251,0.0701,0.0351,0.0,0,-0.0,0.0
3581,2026-04-17,Elversberg,Karlsruhe,D,5.0,0.2529,0.0662,0.0331,0.0,0,-0.0,0.0
3582,2026-04-17,Sassuolo,Como,D,4.33,0.291,0.0781,0.039,0.0,0,-0.0,0.0
3583,2026-04-17,Sassuolo,Como,H,5.75,0.2671,0.1128,0.0564,0.0,1,0.0,0.0
3584,2026-04-17,Inter,Cagliari,H,1.25,0.8728,0.3639,0.1819,0.0,1,0.0,0.0
3585,2026-04-17,Pau FC,Guingamp,H,2.88,0.3668,0.03,0.015,0.0,1,0.0,0.0
3586,2026-04-17,Las Palmas,Leganes,D,3.8,0.3057,0.0578,0.0289,0.0,0,-0.0,0.0
3587,2026-04-18,Cultural Leonesa,Cordoba,A,2.75,0.405,0.0649,0.0325,0.0,1,0.0,0.0
3588,2026-04-18,Tottenham,Brighton,A,2.4,0.475,0.1,0.05,0.0,0,-0.0,0.0
3589,2026-04-18,Castellon,Burgos,A,4.75,0.2817,0.0902,0.0451,0.0,0,-0.0,0.0
3590,2026-04-18,Zaragoza,Ceuta,A,4.5,0.3358,0.1461,0.073,0.0,0,-0.0,0.0
3591,2026-04-18,Zaragoza,Ceuta,D,3.8,0.3087,0.0618,0.0309,0.0,1,0.0,0.0
3592,2026-04-18,Reims,Red Star,H,1.83,0.5486,0.0047,0.0023,0.0,1,0.0,0.0
3593,2026-04-18,Bari,Venezia,H,7.0,0.2091,0.0773,0.0387,0.0,0,-0.0,0.0
3594,2026-04-18,Angers,Le Havre,H,2.88,0.3851,0.058,0.029,0.0,0,-0.0,0.0
3595,2026-04-18,Preston,West Brom,H,3.6,0.4353,0.2181,0.1091,0.0,0,-0.0,0.0
3596,2026-04-18,Hull,Birmingham,H,2.4,0.5011,0.1447,0.0723,0.0,0,-0.0,0.0
3597,2026-04-18,Sheffield Weds,Charlton,H,4.75,0.2907,0.1016,0.0508,0.0,0,-0.0,0.0
3598,2026-04-18,Ein Frankfurt,RB Leipzig,H,3.4,0.3764,0.1166,0.0583,0.0,0,-0.0,0.0
3599,2026-04-18,Leverkusen,Augsburg,H,1.4,0.7393,0.0874,0.0437,0.0,0,-0.0,0.0
3600,2026-04-18,Union Berlin,Wolfsburg,H,2.15,0.5043,0.0732,0.0366,0.0,0,-0.0,0.0
3601,2026-04-18,Hoffenheim,Dortmund,A,2.5,0.5381,0.2301,0.1151,0.0,0,-0.0,0.0
3602,2026-04-18,Bielefeld,Nurnberg,A,3.7,0.318,0.0654,0.0327,0.0,0,-0.0,0.0
3603,2026-04-18,Swansea,Southampton,D,4.33,0.2905,0.0774,0.0387,0.0,0,-0.0,0.0
3604,2026-04-19,Empoli,Virtus Entella,H,2.01,0.5375,0.0795,0.0398,0.0,0,-0.0,0.0
3605,2026-04-19,Nantes,Brest,A,3.1,0.4217,0.1463,0.0731,0.0,0,-0.0,0.0
3606,2026-04-19,Strasbourg,Rennes,H,2.63,0.4258,0.0736,0.0368,0.0,0,-0.0,0.0
3607,2026-04-19,Ipswich,Middlesbrough,H,2.2,0.5252,0.1296,0.0648,0.0,0,-0.0,0.0
3608,2026-04-19,Carrarese,Pescara,H,2.2,0.5252,0.1295,0.0647,0.0,0,-0.0,0.0
3609,2026-04-19,Freiburg,Heidenheim,H,1.67,0.6715,0.1813,0.0906,0.0,1,0.0,0.0
3610,2026-04-19,Andorra,Valladolid,H,2.05,0.5072,0.0379,0.0189,0.0,1,0.0,0.0
3611,2026-04-19,Nott'm Forest,Burnley,A,7.0,0.187,0.0515,0.0257,0.0,0,-0.0,0.0
3612,2026-04-19,Bayern Munich,Stuttgart,H,1.4,0.7433,0.1015,0.0508,0.0,1,0.0,0.0
3613,2026-04-19,Sp Gijon,Cadiz,A,6.0,0.2173,0.0607,0.0304,0.0,0,-0.0,0.0
3614,2026-04-19,Aston Villa,Sunderland,H,1.67,0.6416,0.1066,0.0533,0.0,1,0.0,0.0
3615,2026-04-19,Man City,Arsenal,A,4.2,0.3029,0.085,0.0425,0.0,0,-0.0,0.0
3616,2026-04-20,La Coruna,Mirandes,A,7.0,0.1851,0.0493,0.0246,0.0,0,-0.0,0.0
3617,2026-04-20,Crystal Palace,West Ham,H,2.38,0.5153,0.164,0.082,0.0,0,-0.0,0.0
3618,2026-04-21,Mallorca,Valencia,H,2.6,0.4224,0.0613,0.0307,0.0,0,-0.0,0.0
3619,2026-04-21,Stoke,Millwall,D,3.7,0.302,0.0434,0.0217,0.0,0,-0.0,0.0
3620,2026-04-21,Girona,Betis,A,3.0,0.3883,0.0825,0.0413,0.0,1,0.0,0.0
3621,2026-04-21,Ath Bilbao,Osasuna,A,4.5,0.2757,0.0688,0.0344,0.0,0,-0.0,0.0
3622,2026-04-21,Brighton,Chelsea,H,2.5,0.4358,0.0597,0.0298,0.0,1,0.0,0.0
3623,2026-04-21,Oxford,Wrexham,A,3.0,0.3763,0.0645,0.0322,0.0,1,0.0,0.0
3624,2026-04-21,Leicester,Hull,A,3.6,0.3656,0.1216,0.0608,0.0,0,-0.0,0.0
3625,2026-04-21,Coventry,Portsmouth,H,1.61,0.6436,0.0593,0.0297,0.0,1,0.0,0.0
3626,2026-04-21,Southampton,Bristol City,A,8.0,0.1713,0.053,0.0265,0.0,0,-0.0,0.0
3627,2026-04-21,West Brom,Watford,A,4.75,0.2821,0.0907,0.0453,0.0,0,-0.0,0.0
3628,2026-04-22,Paris SG,Nantes,H,1.18,0.8751,0.1811,0.0905,0.0,1,0.0,0.0
3629,2026-04-22,Charlton,Ipswich,H,4.75,0.2606,0.0634,0.0317,0.0,0,-0.0,0.0
3630,2026-04-22,Birmingham,Preston,A,4.75,0.2788,0.0865,0.0433,0.0,0,-0.0,0.0
3631,2026-04-22,Sociedad,Getafe,H,2.3,0.4889,0.0958,0.0479,0.0,0,-0.0,0.0
3632,2026-04-22,Burnley,Man City,H,19.0,0.1114,0.062,0.031,0.0,0,-0.0,0.0
3633,2026-04-22,Burnley,Man City,D,9.0,0.1854,0.0836,0.0418,0.0,0,-0.0,0.0
3634,2026-04-22,Elche,Ath Madrid,A,2.45,0.4998,0.1549,0.0774,0.0,0,-0.0,0.0
3635,2026-04-23,Oviedo,Villarreal,A,2.05,0.5444,0.1104,0.0552,0.0,0,-0.0,0.0
3636,2026-04-24,Leicester,Millwall,H,4.1,0.2798,0.0475,0.0238,0.0,0,-0.0,0.0
3637,2026-04-24,Kaiserslautern,Braunschweig,H,2.25,0.5676,0.2217,0.1108,0.0,0,-0.0,0.0
3638,2026-04-24,Napoli,Cremonese,H,1.33,0.7801,0.1137,0.0569,0.0,1,0.0,0.0
3639,2026-04-24,Brest,Lens,H,5.5,0.281,0.1213,0.0606,0.0,0,-0.0,0.0
3640,2026-04-24,RB Leipzig,Union Berlin,H,1.48,0.7243,0.1499,0.075,0.0,1,0.0,0.0
3641,2026-04-25,Reggiana,Palermo,H,5.75,0.2251,0.062,0.031,0.0,0,-0.0,0.0
3642,2026-04-25,Pescara,Juve Stabia,A,3.4,0.3726,0.1112,0.0556,0.0,0,-0.0,0.0
3643,2026-04-25,Valladolid,Sociedad B,D,3.9,0.2897,0.0447,0.0224,0.0,0,-0.0,0.0
3644,2026-04-25,Valladolid,Sociedad B,A,5.75,0.2638,0.1089,0.0544,0.0,0,-0.0,0.0
3645,2026-04-25,Norwich,Swansea,A,4.75,0.2478,0.0472,0.0236,0.0,0,-0.0,0.0
3646,2026-04-25,Grenoble,Le Mans,H,3.9,0.3107,0.073,0.0365,0.0,0,-0.0,0.0
3647,2026-04-25,Malaga,Castellon,H,2.75,0.4403,0.1204,0.0602,0.0,0,-0.0,0.0
3648,2026-04-25,Virtus Entella,Padova,A,3.9,0.2949,0.0517,0.0259,0.0,0,-0.0,0.0
3649,2026-04-25,Getafe,Barcelona,A,1.67,0.6303,0.0785,0.0392,0.0,1,0.0,0.0
3650,2026-04-25,Liverpool,Crystal Palace,D,5.0,0.2506,0.0632,0.0316,0.0,0,-0.0,0.0
3651,2026-04-25,Frosinone,Carrarese,H,1.57,0.6569,0.055,0.0275,0.0,1,0.0,0.0
3652,2026-04-25,Reims,Nancy,H,1.53,0.7191,0.1891,0.0945,0.0,0,-0.0,0.0
3653,2026-04-25,Wolves,Tottenham,H,4.5,0.3854,0.2098,0.1049,0.0,0,-0.0,0.0
3654,2026-04-25,Wolves,Tottenham,D,4.33,0.2828,0.0674,0.0337,0.0,0,-0.0,0.0
3655,2026-04-25,Ath Madrid,Ath Bilbao,H,2.2,0.578,0.2263,0.1131,0.0,1,0.0,0.0
3656,2026-04-25,Birmingham,Bristol City,A,4.75,0.2946,0.1065,0.0533,0.0,0,-0.0,0.0
3657,2026-04-25,West Ham,Everton,A,2.9,0.3809,0.0551,0.0275,0.0,0,-0.0,0.0
3658,2026-04-25,Parma,Pisa,H,2.1,0.5871,0.2117,0.1059,0.0,1,0.0,0.0
3659,2026-04-25,Catanzaro,Spezia,H,2.15,0.5921,0.2373,0.1187,0.0,1,0.0,0.0
3660,2026-04-25,Oxford,Sheffield Weds,D,4.75,0.2503,0.0504,0.0252,0.0,0,-0.0,0.0
3661,2026-04-25,Celtic,Falkirk,H,1.41,0.7484,0.1347,0.0674,0.0,1,0.0,0.0
3662,2026-04-25,Sheffield United,Preston,D,4.5,0.2565,0.044,0.022,0.0,0,-0.0,0.0
3663,2026-04-25,Karlsruhe,Hannover,H,3.9,0.3349,0.1056,0.0528,0.0,0,-0.0,0.0
3664,2026-04-25,Karlsruhe,Hannover,D,4.1,0.2883,0.0587,0.0294,0.0,0,-0.0,0.0
3665,2026-04-25,Stoke,Portsmouth,H,2.7,0.4028,0.0515,0.0258,0.0,0,-0.0,0.0
3666,2026-04-25,Middlesbrough,Watford,D,4.75,0.2522,0.0528,0.0264,0.0,0,-0.0,0.0
3667,2026-04-25,QPR,Derby,H,2.85,0.3746,0.0365,0.0183,0.0,0,-0.0,0.0
3668,2026-04-25,Lyon,Auxerre,H,1.65,0.6813,0.191,0.0955,0.0,1,0.0,0.0
3669,2026-04-25,Arsenal,Newcastle,H,1.45,0.7036,0.045,0.0225,0.0,1,0.0,0.0
3670,2026-04-25,Mainz,Bayern Munich,A,1.67,0.7157,0.2914,0.1457,0.0,1,0.0,0.0
3671,2026-04-25,West Brom,Ipswich,H,3.7,0.3069,0.0502,0.0251,0.0,0,-0.0,0.0
3672,2026-04-25,Hamburg,Hoffenheim,H,4.0,0.2923,0.0564,0.0282,0.0,0,-0.0,0.0
3673,2026-04-25,PreuÃen MÃ¼nster,Bielefeld,H,3.1,0.3664,0.0647,0.0323,0.0,0,-0.0,0.0
3674,2026-04-26,Vallecano,Sociedad,H,2.7,0.409,0.0614,0.0307,0.0,0,-0.0,0.0
3675,2026-04-26,Coventry,Wrexham,H,2.1,0.5463,0.1339,0.0669,0.0,1,0.0,0.0
3676,2026-04-26,Milan,Juventus,H,3.1,0.4068,0.1243,0.0621,0.0,0,-0.0,0.0
3677,2026-04-26,Huesca,Zaragoza,H,2.65,0.4176,0.0646,0.0323,0.0,1,0.0,0.0
3678,2026-04-26,Genoa,Como,H,4.5,0.3187,0.1241,0.062,0.0,0,-0.0,0.0
3679,2026-04-26,Rangers,Motherwell,H,1.46,0.6985,0.043,0.0215,0.0,0,-0.0,0.0
3680,2026-04-26,Leganes,Andorra,H,2.55,0.4286,0.0599,0.0299,0.0,0,-0.0,0.0
3681,2026-04-26,Mirandes,Cultural Leonesa,H,2.1,0.512,0.0684,0.0342,0.0,1,0.0,0.0
3682,2026-04-26,Granada,Almeria,H,3.1,0.3562,0.0496,0.0248,0.0,0,-0.0,0.0
3683,2026-04-26,Villarreal,Celta,H,2.05,0.5762,0.1725,0.0863,0.0,1,0.0,0.0
3684,2026-04-27,Lazio,Udinese,H,1.95,0.5581,0.093,0.0465,0.0,0,-0.0,0.0
3685,2026-05-01,Andorra,Albacete,A,5.0,0.2567,0.0709,0.0354,0.0,1,0.0,0.0
3686,2026-05-01,Andorra,Albacete,D,4.2,0.2737,0.0467,0.0233,0.0,0,-0.0,0.0
3687,2026-05-01,Bari,Virtus Entella,H,2.82,0.4297,0.1163,0.0582,0.0,1,0.0,0.0
3688,2026-05-01,Zaragoza,Granada,A,3.9,0.3587,0.1376,0.0688,0.0,1,0.0,0.0
3689,2026-05-01,Leeds,Burnley,A,9.5,0.1543,0.0548,0.0274,0.0,0,-0.0,0.0
3690,2026-05-01,Padova,Pescara,H,2.7,0.4486,0.1242,0.0621,0.0,1,0.0,0.0
3691,2026-05-01,Mantova,Monza,H,5.25,0.2495,0.0729,0.0364,0.0,1,0.0,0.0
3692,2026-05-01,Pisa,Lecce,H,3.5,0.3241,0.0537,0.0269,0.0,0,-0.0,0.0
3693,2026-05-02,Boulogne,Annecy,H,3.7,0.3054,0.0482,0.0241,0.0,0,-0.0,0.0
3694,2026-05-02,Dresden,Kaiserslautern,D,4.0,0.2836,0.0447,0.0224,0.0,0,-0.0,0.0
3695,2026-05-02,Dresden,Kaiserslautern,A,4.0,0.3621,0.1495,0.0747,0.0,0,-0.0,0.0
3696,2026-05-02,Rodez,St Etienne,H,3.1,0.3876,0.096,0.048,0.0,1,0.0,0.0
3697,2026-05-02,Amiens,Red Star,H,4.2,0.3006,0.082,0.041,0.0,0,-0.0,0.0
3698,2026-05-02,Bielefeld,Bochum,A,3.4,0.3588,0.0916,0.0458,0.0,0,-0.0,0.0
3699,2026-05-02,Valencia,Ath Madrid,A,4.0,0.477,0.3026,0.1513,0.0,1,0.0,0.0
3700,2026-05-02,Osasuna,Barcelona,A,1.7,0.6477,0.1444,0.0722,0.0,1,0.0,0.0
3701,2026-05-02,Pau FC,Nancy,H,2.3,0.5446,0.1944,0.0972,0.0,0,-0.0,0.0
3702,2026-05-02,Holstein Kiel,Braunschweig,H,2.15,0.5453,0.15,0.075,0.0,1,0.0,0.0
3703,2026-05-02,Kilmarnock,Dundee United,A,2.85,0.3752,0.0374,0.0187,0.0,0,-0.0,0.0
3704,2026-05-02,Como,Napoli,A,3.3,0.411,0.1549,0.0774,0.0,0,-0.0,0.0
3705,2026-05-02,Guingamp,Bastia,H,2.2,0.4845,0.055,0.0275,0.0,0,-0.0,0.0
3706,2026-05-02,Sheffield Weds,West Brom,H,5.75,0.2419,0.0823,0.0412,0.0,1,0.0,0.0
3707,2026-05-02,Hull,Norwich,D,3.9,0.293,0.0492,0.0246,0.0,0,-0.0,0.0
3708,2026-05-02,Sheffield Weds,West Brom,D,4.75,0.2822,0.0908,0.0454,0.0,0,-0.0,0.0
3709,2026-05-02,Wolves,Sunderland,H,3.1,0.3824,0.0884,0.0442,0.0,0,-0.0,0.0
3710,2026-05-02,Metz,Monaco,D,5.5,0.2247,0.0524,0.0262,0.0,0,-0.0,0.0
3711,2026-05-02,Nice,Lens,H,4.0,0.2921,0.0562,0.0281,0.0,0,-0.0,0.0
3712,2026-05-02,Cultural Leonesa,Cadiz,A,3.6,0.3231,0.0628,0.0314,0.0,0,-0.0,0.0
3713,2026-05-02,Millwall,Oxford,D,5.25,0.2415,0.063,0.0315,0.0,0,-0.0,0.0
3714,2026-05-02,Bayern Munich,Heidenheim,H,1.25,0.9316,0.658,0.329,0.0,0,-0.0,0.0
3715,2026-05-02,Arsenal,Fulham,H,1.44,0.7129,0.0603,0.0301,0.0,1,0.0,0.0
3716,2026-05-02,Paris SG,Lorient,H,1.3,0.7777,0.0368,0.0184,0.0,0,-0.0,0.0
3717,2026-05-02,Ipswich,QPR,A,10.0,0.143,0.0478,0.0239,0.0,0,-0.0,0.0
3718,2026-05-02,Villarreal,Levante,H,1.7,0.6768,0.2152,0.1076,0.0,1,0.0,0.0
3719,2026-05-02,Ein Frankfurt,Hamburg,H,1.73,0.6147,0.087,0.0435,0.0,0,-0.0,0.0
3720,2026-05-02,Hull,Norwich,A,3.8,0.3233,0.0816,0.0408,0.0,0,-0.0,0.0
3721,2026-05-03,Auxerre,Angers,D,3.7,0.3122,0.0574,0.0287,0.0,0,-0.0,0.0
3722,2026-05-03,Aston Villa,Tottenham,H,2.15,0.6585,0.3615,0.1807,0.0,0,-0.0,0.0
3723,2026-05-03,Magdeburg,Hertha,A,3.1,0.3782,0.0822,0.0411,0.0,0,-0.0,0.0
3724,2026-05-03,Bournemouth,Crystal Palace,A,5.25,0.266,0.0932,0.0466,0.0,0,-0.0,0.0
3725,2026-05-03,Bournemouth,Crystal Palace,D,4.33,0.2796,0.0632,0.0316,0.0,0,-0.0,0.0
3726,2026-05-03,St Pauli,Mainz,A,2.6,0.4265,0.068,0.034,0.0,1,0.0,0.0
3727,2026-05-03,M'gladbach,Dortmund,A,1.91,0.6041,0.1691,0.0846,0.0,0,-0.0,0.0
3728,2026-05-03,Freiburg,Wolfsburg,H,2.55,0.6049,0.3501,0.175,0.0,0,-0.0,0.0
3729,2026-05-03,Auxerre,Angers,A,5.5,0.2612,0.0971,0.0485,0.0,0,-0.0,0.0
3730,2026-05-03,Paris FC,Brest,A,3.75,0.3324,0.0897,0.0448,0.0,0,-0.0,0.0
3731,2026-05-03,Strasbourg,Toulouse,H,2.63,0.5277,0.2379,0.119,0.0,0,-0.0,0.0
3732,2026-05-03,Getafe,Vallecano,A,4.2,0.2874,0.0648,0.0324,0.0,1,0.0,0.0
3733,2026-05-03,Espanol,Real Madrid,A,1.73,0.6445,0.1575,0.0788,0.0,1,0.0,0.0
3734,2026-05-03,Juventus,Verona,H,1.22,0.8707,0.2829,0.1415,0.0,0,-0.0,0.0
3735,2026-05-03,Lyon,Rennes,H,2.1,0.4908,0.0278,0.0139,0.0,1,0.0,0.0
3736,2026-05-03,Las Palmas,Valladolid,H,1.79,0.6283,0.1579,0.0789,0.0,1,0.0,0.0
3737,2026-05-03,Sp Gijon,Ceuta,A,4.5,0.2657,0.0559,0.0279,0.0,1,0.0,0.0
3738,2026-05-03,Sp Gijon,Ceuta,D,4.1,0.2864,0.0562,0.0281,0.0,0,-0.0,0.0
3739,2026-05-03,Lille,Le Havre,H,1.42,0.7248,0.0694,0.0347,0.0,0,-0.0,0.0
3740,2026-05-04,Cremonese,Lazio,A,2.5,0.4945,0.1574,0.0787,0.0,1,0.0,0.0
3741,2026-05-04,Chelsea,Nott'm Forest,D,4.0,0.3026,0.0701,0.035,0.0,0,-0.0,0.0
3742,2026-05-04,Everton,Man City,H,6.5,0.2067,0.0625,0.0312,0.0,0,-0.0,0.0
3743,2026-05-04,Sevilla,Sociedad,A,2.9,0.3802,0.054,0.027,0.0,0,-0.0,0.0
3744,2026-05-04,Everton,Man City,D,4.75,0.2562,0.0579,0.0289,0.0,1,0.0,0.0
3745,2026-05-08,Venezia,Palermo,D,4.33,0.2641,0.0431,0.0216,0.0,0,-0.0,0.0
3746,2026-05-08,Sudtirol,Juve Stabia,D,4.0,0.3231,0.0975,0.0488,0.0,1,0.0,0.0
3747,2026-05-08,Dortmund,Ein Frankfurt,H,1.67,0.6467,0.1193,0.0596,0.0,1,0.0,0.0
3748,2026-05-08,Kaiserslautern,Bielefeld,H,3.2,0.4671,0.2248,0.1124,0.0,1,0.0,0.0
3749,2026-05-08,Sudtirol,Juve Stabia,A,5.75,0.3036,0.157,0.0785,0.0,0,-0.0,0.0
3750,2026-05-08,Virtus Entella,Carrarese,A,4.75,0.3415,0.1659,0.0829,0.0,0,-0.0,0.0
3751,2026-05-08,Virtus Entella,Carrarese,D,3.9,0.313,0.0762,0.0381,0.0,0,-0.0,0.0
3752,2026-05-08,Cesena,Padova,D,4.75,0.3018,0.1156,0.0578,0.0,0,-0.0,0.0
3753,2026-05-08,Catanzaro,Bari,H,2.7,0.6214,0.3987,0.1994,0.0,0,-0.0,0.0
3754,2026-05-08,Monza,Empoli,H,1.62,0.6533,0.0942,0.0471,0.0,0,-0.0,0.0
3755,2026-05-08,Frosinone,Mantova,H,1.57,0.6746,0.1037,0.0518,0.0,1,0.0,0.0
3756,2026-05-08,Paderborn,Karlsruhe,A,6.25,0.224,0.0762,0.0381,0.0,0,-0.0,0.0
3757,2026-05-08,Paderborn,Karlsruhe,D,5.5,0.2381,0.0688,0.0344,0.0,1,0.0,0.0
3758,2026-05-08,Avellino,Modena,A,5.0,0.3128,0.141,0.0705,0.0,0,-0.0,0.0
3759,2026-05-08,Avellino,Modena,D,3.8,0.2984,0.0478,0.0239,0.0,0,-0.0,0.0
3760,2026-05-08,Lens,Nantes,H,1.45,0.7518,0.2004,0.1002,0.0,1,0.0,0.0
3761,2026-05-08,Reggiana,Sampdoria,H,3.5,0.3397,0.0756,0.0378,0.0,1,0.0,0.0
3762,2026-05-09,Ath Madrid,Celta,H,2.05,0.6117,0.242,0.121,0.0,0,-0.0,0.0
3763,2026-05-09,Ceuta,Castellon,D,4.2,0.2842,0.0605,0.0303,0.0,1,0.0,0.0
3764,2026-05-09,Ceuta,Castellon,H,4.5,0.4095,0.2408,0.1204,0.0,0,-0.0,0.0
3765,2026-05-09,Holstein Kiel,Magdeburg,H,3.0,0.5051,0.2576,0.1288,0.0,0,-0.0,0.0
3766,2026-05-09,Nurnberg,Schalke 04,A,3.5,0.4071,0.1699,0.0849,0.0,0,-0.0,0.0
3767,2026-05-09,Sociedad,Betis,A,2.7,0.4076,0.0591,0.0296,0.0,0,-0.0,0.0
3768,2026-05-09,Nurnberg,Schalke 04,D,3.8,0.3,0.05,0.025,0.0,0,-0.0,0.0
3769,2026-05-09,Albacete,Cultural Leonesa,H,2.2,0.6185,0.3006,0.1503,0.0,1,0.0,0.0
3770,2026-05-09,Stuttgart,Leverkusen,A,2.8,0.3849,0.0432,0.0216,0.0,0,-0.0,0.0
3771,2026-05-09,Falkirk,Hibernian,A,2.85,0.3892,0.0591,0.0295,0.0,1,0.0,0.0
3772,2026-05-09,Wolfsburg,Bayern Munich,A,1.65,0.8245,0.5545,0.2773,0.0,1,0.0,0.0
3773,2026-05-09,Laval,Boulogne,A,5.25,0.2667,0.0942,0.0471,0.0,0,-0.0,0.0
3774,2026-05-09,Clermont,Guingamp,H,3.1,0.3868,0.0948,0.0474,0.0,1,0.0,0.0
3775,2026-05-09,Bochum,Hannover,D,4.0,0.2997,0.0662,0.0331,0.0,1,0.0,0.0
3776,2026-05-10,Toulouse,Lyon,H,4.33,0.2694,0.0499,0.025,0.0,1,0.0,0.0
3777,2026-05-10,Rennes,Paris FC,D,4.75,0.2642,0.0679,0.034,0.0,0,-0.0,0.0
3778,2026-05-10,Barcelona,Real Madrid,D,5.0,0.2501,0.0626,0.0313,0.0,0,-0.0,0.0
3779,2026-05-10,Verona,Como,H,8.0,0.1879,0.0719,0.036,0.0,0,-0.0,0.0
3780,2026-05-10,PreuÃen MÃ¼nster,Darmstadt,A,2.75,0.4167,0.0834,0.0417,0.0,0,-0.0,0.0
3781,2026-05-10,Cremonese,Pisa,D,3.75,0.3057,0.0532,0.0266,0.0,0,-0.0,0.0
3782,2026-05-10,Parma,Roma,H,6.25,0.2168,0.0676,0.0338,0.0,0,-0.0,0.0
3783,2026-05-10,Cordoba,Granada,A,4.2,0.2767,0.0507,0.0254,0.0,0,-0.0,0.0
3784,2026-05-10,Mallorca,Villarreal,A,3.0,0.5207,0.2811,0.1405,0.0,0,-0.0,0.0
3785,2026-05-11,Vallecano,Girona,H,2.3,0.4871,0.0925,0.0463,0.0,0,-0.0,0.0
3786,2026-05-11,Tottenham,Leeds,A,3.75,0.3703,0.1413,0.0706,0.0,0,-0.0,0.0
3787,2026-05-12,Osasuna,Ath Madrid,A,2.63,0.4448,0.1041,0.0521,0.0,1,0.0,0.0
3788,2026-05-12,Dundee United,Livingston,H,1.66,0.622,0.0493,0.0247,0.0,0,-0.0,0.0
3789,2026-05-12,Aberdeen,St Mirren,H,2.15,0.5061,0.0767,0.0383,0.0,0,-0.0,0.0
3790,2026-05-13,Villarreal,Sevilla,H,2.1,0.7091,0.4447,0.2223,0.0,0,-0.0,0.0
3791,2026-05-13,Alaves,Barcelona,A,2.15,0.7329,0.5006,0.2503,0.0,0,-0.0,0.0
3792,2026-05-14,Real Madrid,Oviedo,H,1.22,0.8377,0.0999,0.0499,0.0,1,0.0,0.0
3793,2026-05-14,Girona,Sociedad,A,3.3,0.3439,0.0587,0.0293,0.0,0,-0.0,0.0
3794,2026-05-15,Castellon,Cadiz,D,6.0,0.2053,0.0463,0.0232,0.0,1,0.0,0.0
3795,2026-05-15,Cordoba,Albacete,D,4.0,0.2845,0.046,0.023,0.0,0,-0.0,0.0
3796,2026-05-15,Cordoba,Albacete,A,5.25,0.2682,0.096,0.048,0.0,1,0.0,0.0
3797,2026-05-16,Cultural Leonesa,Eibar,A,2.35,0.458,0.0565,0.0282,0.0,0,-0.0,0.0
3798,2026-05-16,M'gladbach,Hoffenheim,D,4.5,0.2722,0.0643,0.0321,0.0,0,-0.0,0.0
3799,2026-05-16,M'gladbach,Hoffenheim,H,4.33,0.3183,0.1136,0.0568,0.0,1,0.0,0.0
3800,2026-05-16,Sociedad B,Mirandes,H,3.1,0.3986,0.1122,0.0561,0.0,0,-0.0,0.0
3801,2026-05-16,Ceuta,Malaga,H,3.75,0.3746,0.1471,0.0736,0.0,0,-0.0,0.0
3802,2026-05-16,Granada,Burgos,H,2.85,0.3845,0.0518,0.0259,0.0,0,-0.0,0.0
3803,2026-05-16,Heidenheim,Mainz,A,3.4,0.4377,0.2034,0.1017,0.0,1,0.0,0.0
3804,2026-05-16,Werder Bremen,Dortmund,A,1.95,0.6097,0.1988,0.0994,0.0,1,0.0,0.0
3805,2026-05-16,Falkirk,Rangers,A,1.79,0.5673,0.0195,0.0097,0.0,1,0.0,0.0
3806,2026-05-16,Hibernian,Motherwell,H,2.55,0.4913,0.1631,0.0815,0.0,0,-0.0,0.0
3807,2026-05-16,Bayern Munich,FC Koln,H,1.14,0.8989,0.1768,0.0884,0.0,1,0.0,0.0
3808,2026-05-16,Union Berlin,Augsburg,D,3.9,0.2957,0.0528,0.0264,0.0,0,-0.0,0.0
3809,2026-05-17,Sevilla,Real Madrid,A,2.15,0.6151,0.2804,0.1402,0.0,1,0.0,0.0
3810,2026-05-17,Magdeburg,Kaiserslautern,A,4.2,0.3148,0.1006,0.0503,0.0,1,0.0,0.0
3811,2026-05-17,Schalke 04,Braunschweig,H,1.9,0.6464,0.2535,0.1268,0.0,1,0.0,0.0
3812,2026-05-17,Vallecano,Villarreal,A,2.63,0.4511,0.1143,0.0572,0.0,0,-0.0,0.0
3813,2026-05-17,Lyon,Lens,A,4.1,0.2874,0.0576,0.0288,0.0,1,0.0,0.0
3814,2026-05-17,La Coruna,Andorra,D,4.33,0.2795,0.0632,0.0316,0.0,0,-0.0,0.0
3815,2026-05-17,Inter,Verona,H,1.2,0.9357,0.6145,0.3072,0.0,0,-0.0,0.0
3816,2026-05-17,Sassuolo,Lecce,H,2.7,0.5601,0.3014,0.1507,0.0,0,-0.0,0.0
3817,2026-05-17,Oviedo,Alaves,H,3.7,0.3245,0.0743,0.0372,0.0,0,-0.0,0.0
3818,2026-05-17,Oviedo,Alaves,D,3.6,0.3098,0.0444,0.0222,0.0,0,-0.0,0.0
3819,2026-05-17,Udinese,Cremonese,H,2.3,0.6151,0.319,0.1595,0.0,0,-0.0,0.0
3820,2026-05-17,Como,Parma,A,12.0,0.152,0.0749,0.0375,0.0,0,-0.0,0.0
3821,2026-05-17,St Mirren,Dundee United,A,3.1,0.3514,0.0425,0.0213,0.0,0,-0.0,0.0
3822,2026-05-17,Zaragoza,Sp Gijon,A,4.0,0.3424,0.1231,0.0616,0.0,1,0.0,0.0
3823,2026-05-17,Genoa,Milan,H,4.5,0.2574,0.0452,0.0226,0.0,0,-0.0,0.0
3824,2026-05-17,Newcastle,West Ham,H,2.1,0.5441,0.1296,0.0648,0.0,1,0.0,0.0
3825,2026-05-17,Lorient,Le Havre,H,2.55,0.5487,0.2576,0.1288,0.0,0,-0.0,0.0
3826,2026-05-17,Bielefeld,Hertha,D,3.9,0.2912,0.0468,0.0234,0.0,0,-0.0,0.0
3827,2026-05-17,Bielefeld,Hertha,A,4.33,0.3637,0.1727,0.0863,0.0,0,-0.0,0.0
3828,2026-05-17,Darmstadt,Paderborn,H,3.25,0.365,0.0827,0.0414,0.0,0,-0.0,0.0
3829,2026-05-17,Ath Madrid,Girona,H,1.73,0.701,0.2913,0.1457,0.0,1,0.0,0.0
3830,2026-05-17,Dresden,Holstein Kiel,D,4.1,0.2958,0.0686,0.0343,0.0,0,-0.0,0.0
3831,2026-05-17,Dresden,Holstein Kiel,A,4.2,0.3713,0.1748,0.0874,0.0,0,-0.0,0.0
3832,2026-05-17,Brentford,Crystal Palace,D,4.2,0.2809,0.0562,0.0281,0.0,1,0.0,0.0
3833,2026-05-17,Hannover,Nurnberg,D,4.75,0.2544,0.0555,0.0278,0.0,1,0.0,0.0
3834,2026-05-18,Leganes,Huesca,H,2.01,0.5165,0.0378,0.0189,0.0,0,-0.0,0.0
3835,2026-05-19,Chelsea,Tottenham,H,1.91,0.5881,0.1355,0.0677,0.0,1,0.0,0.0
3836,2026-05-23,Bologna,Inter,A,2.2,0.5726,0.2165,0.1082,0.0,0,-0.0,0.0
3837,2026-05-23,Valencia,Barcelona,A,1.85,0.6864,0.3174,0.1587,0.0,0,-0.0,0.0
3838,2026-05-23,Betis,Levante,H,2.25,0.5599,0.2079,0.1039,0.0,1,0.0,0.0
3839,2026-05-23,Real Madrid,Ath Bilbao,H,1.5,0.7706,0.3119,0.1559,0.0,1,0.0,0.0
3840,2026-05-23,Mallorca,Oviedo,D,4.5,0.2708,0.0625,0.0312,0.0,0,-0.0,0.0
3841,2026-05-23,Girona,Elche,A,4.2,0.2839,0.0602,0.0301,0.0,0,-0.0,0.0
3842,2026-05-23,Lazio,Pisa,H,1.55,0.7345,0.2518,0.1259,0.0,1,0.0,0.0
3843,2026-05-23,Mallorca,Oviedo,A,7.0,0.1992,0.0657,0.0329,0.0,0,-0.0,0.0
3844,2026-05-24,Malaga,Santander,A,4.2,0.3239,0.1126,0.0563,0.0,0,-0.0,0.0
3845,2026-05-24,Malaga,Santander,D,4.5,0.2702,0.0617,0.0309,0.0,1,0.0,0.0
3846,2026-05-24,Cultural Leonesa,Burgos,A,2.3,0.48,0.08,0.04,0.0,1,0.0,0.0
3847,2026-05-24,Valladolid,La Coruna,D,3.9,0.3038,0.0637,0.0318,0.0,0,-0.0,0.0
3848,2026-05-24,Valladolid,La Coruna,H,5.25,0.2838,0.1153,0.0576,0.0,0,-0.0,0.0
3849,2026-05-24,Sp Gijon,Almeria,D,4.0,0.2845,0.046,0.023,0.0,0,-0.0,0.0
3850,2026-05-24,Sp Gijon,Almeria,H,4.33,0.3261,0.1238,0.0619,0.0,1,0.0,0.0
3851,2026-05-24,Mirandes,Granada,A,5.25,0.3369,0.1808,0.0904,0.0,0,-0.0,0.0
3852,2026-05-24,Mirandes,Granada,D,4.0,0.2868,0.0491,0.0245,0.0,0,-0.0,0.0
3853,2026-05-24,Eibar,Cordoba,D,4.2,0.2796,0.0545,0.0272,0.0,0,-0.0,0.0
3854,2026-05-24,Andorra,Ceuta,A,5.25,0.2634,0.0901,0.0451,0.0,1,0.0,0.0
3855,2026-05-24,Andorra,Ceuta,D,4.75,0.26,0.0627,0.0314,0.0,0,-0.0,0.0
3856,2026-05-24,West Ham,Leeds,A,3.75,0.356,0.1218,0.0609,0.0,0,-0.0,0.0
3857,2026-05-24,Torino,Juventus,H,7.5,0.2317,0.1135,0.0567,0.0,0,-0.0,0.0
3858,2026-05-24,Brighton,Man United,A,3.6,0.3446,0.0925,0.0462,0.0,1,0.0,0.0
3859,2026-05-24,Brighton,Man United,D,4.2,0.2798,0.0548,0.0274,0.0,0,-0.0,0.0
3860,2026-05-24,Tottenham,Everton,A,3.8,0.3676,0.1417,0.0709,0.0,0,-0.0,0.0
3861,2026-05-24,Nott'm Forest,Bournemouth,H,3.3,0.3452,0.0605,0.0303,0.0,0,-0.0,0.0
3862,2026-05-24,Lecce,Genoa,A,5.0,0.332,0.1651,0.0825,0.0,0,-0.0,0.0
3863,2026-05-24,Huesca,Castellon,H,5.0,0.3078,0.1347,0.0674,0.0,0,-0.0,0.0
3864,2026-05-30,Sociedad B,Cultural Leonesa,H,2.25,0.5324,0.1584,0.0792,0.0,0,-0.0,0.0
3865,2026-05-31,Castellon,Eibar,D,4.33,0.2977,0.0868,0.0434,0.0,0,-0.0,0.0
3866,2026-05-31,Castellon,Eibar,A,5.25,0.2933,0.127,0.0635,0.0,0,-0.0,0.0
3867,2026-05-31,Zaragoza,Malaga,H,4.75,0.2557,0.0572,0.0286,0.0,0,-0.0,0.0
3868,2026-05-31,Burgos,Andorra,D,4.2,0.2895,0.0675,0.0337,0.0,0,-0.0,0.0
3869,2026-05-31,La Coruna,Las Palmas,H,3.25,0.4654,0.2278,0.1139,0.0,0,-0.0,0.0
